LOT,WAFER,WAFER_ID,DEFECT@WAFER@CLASS_NCDD@BEEP,DEFECT@WAFER@CLASS_NCDD@BLOCKED_TRENCH,DEFECT@WAFER@CLASS_NCDD@BLURRY_IMAGE,DEFECT@WAFER@CLASS_NCDD@BROKEN_PATTERN,DEFECT@WAFER@CLASS_NCDD@DOME,DEFECT@WAFER@CLASS_NCDD@FALLEN_LINES,DEFECT@WAFER@CLASS_NCDD@ILD_HOLE_TEAROUT,DEFECT@WAFER@CLASS_NCDD@LARGE_PARTICLE,DEFECT@WAFER@CLASS_NCDD@MINI,DEFECT@WAFER@CLASS_NCDD@NVD_FALSE,DEFECT@WAFER@CLASS_NCDD@OTHER_UNKNOWN,DEFECT@WAFER@CLASS_NCDD@PATTERN,DEFECT@WAFER@CLASS_NCDD@RESIDUE,DEFECT@WAFER@CLASS_NCDD@ROUNDMOUND_BEEP,DEFECT@WAFER@CLASS_NCDD@SCRATCH,DEFECT@WAFER@CLASS_NCDD@SIZE_SMALL,DEFECT@WAFER@CLASS_NCDD@SMALL_PARTICLE,DEFECT@WAFER@CLASS_NCDD@UNCLASSIFIED,ACTUAL_LOT@DEFECT,DEVICE@DEFECT,INSPECTION_TIME@DEFECT,INSPECTION_TOOL@DEFECT,LAYER,LAYER@DEFECT,LOAD_DATE@DEFECT,RECIPE@DEFECT,SITE@DEFECT,WAFER_ID_ORDER@DEFECT,WAFER_KEY@DEFECT,ENTITY@NTSC@AME@E_8M5_HM_ETCH,SLOT@NTSC@AME@E_8M5_HM_ETCH,OPERATION_NUMBER@NTSC@AME@E_8M5_HM_ETCH,SUBENTITY@NTSC@Process-1@AME@E_8M5_HM_ETCH,RECIPE@NTSC@Process-1@AME@E_8M5_HM_ETCH,END_TIME@CHAMBER@NTSC@Process-1@AME@E_8M5_HM_ETCH,PROCESS_ORDER@NTSC@Process-1@AME@E_8M5_HM_ETCH,ENTITY@NTSC@ETCHER@E_8M5_HM_ETCH,SLOT@NTSC@ETCHER@E_8M5_HM_ETCH,OPERATION_NUMBER@NTSC@ETCHER@E_8M5_HM_ETCH,SUBENTITY@NTSC@Process-1@ETCHER@E_8M5_HM_ETCH,RECIPE@NTSC@Process-1@ETCHER@E_8M5_HM_ETCH,END_TIME@CHAMBER@NTSC@Process-1@ETCHER@E_8M5_HM_ETCH,PROCESS_ORDER@NTSC@Process-1@ETCHER@E_8M5_HM_ETCH,ENTITY@NTSC@SORTER@E_8M5_HM_ETCH,SLOT@NTSC@SORTER@E_8M5_HM_ETCH,OPERATION_NUMBER@NTSC@SORTER@E_8M5_HM_ETCH,PRODUCT@STARTS,ROUTE@STARTS
D551246,46,KJ7HA046WFE4,0,0,0,0,0,0,0.007319,0,0,0.263466,0,0,0,0,0.003659,0.014637,0,0,D5512460,PXMG,02/28/2026 2:01:06 PM,BPD446,8M5CL,8M5CL,05/01/2026 5:48:41 PM,8M5CL,D1D,1,7815162,AME421,5,263067,AME421_PM6,P_78_GABON_B10_R3,02/28/2026 12:00:34 PM,4,AME421,5,263067,AME421_PM6,P_78_GABON_B10_R3,02/28/2026 12:00:34 PM,4,,,,8PXMCVBG,FL78.31YJC_SNIP_DLP2357650-1_1752
D551246,56,KJ7HA056WFB5,0,0,0,0,0,0.003659,0.007319,0,0,0.322746,0,0,0,0.021224,0,0.014637,0,0,D5512460,PXMG,02/28/2026 2:01:06 PM,BPD446,8M5CL,8M5CL,03/01/2026 8:54:42 AM,8M5CL,D1D,2,7815067,AME421,14,263067,AME421_PM6,P_78_GABON_B10_R3,02/28/2026 12:34:22 PM,13,AME421,14,263067,AME421_PM6,P_78_GABON_B10_R3,02/28/2026 12:34:22 PM,13,,,,8PXMCVBG,FL78.31YJC_SNIP_DLP2357650-1_1752
D551247,424,KJ7JA424WFE2,0,0,0,0,0.007319,0.003659,0.003659,0,0,0.113437,0,0,0,0,0,0,0,,D5512470,PXMG,03/07/2026 12:04:52 PM,BPD448,8M5CL,8M5CL,04/21/2026 2:05:42 PM,8M5CL,D1D,1,7815207,AME421,12,263067,AME421_PM6,P_78_GABON_B10_R3,03/07/2026 10:14:55 AM,12,AME421,12,263067,AME421_PM6,P_78_GABON_B10_R3,03/07/2026 10:14:55 AM,12,,,,8PXMCVBG,FL78.31YJC_SNIP_DLP2357653-1_1752
D551247,425,KJ7JA425WFB1,0,0,0,0.003692,0,0,0,0,0,0.12921,0,0,0,0.003692,0.003692,0.007383,0,,D5512470,PXMG,03/07/2026 12:04:52 PM,BPD448,8M5CL,8M5CL,04/18/2026 12:12:33 PM,8M5CL,D1D,2,7815132,AME421,7,263067,AME421_PM6,P_78_GABON_B10_R3,03/07/2026 9:57:08 AM,7,AME421,7,263067,AME421_PM6,P_78_GABON_B10_R3,03/07/2026 9:57:08 AM,7,,,,8PXMCVBG,FL78.31YJC_SNIP_DLP2357653-1_1752
D550188,312,5DWZH312MVB3,0,0,0,0,0,0,0,0,0,0.245536,0,0,0,0,0,0.006953,0,0,D5501880,PXMG,03/04/2026 1:41:52 AM,BPD444,8M5CL,8M5CL,04/08/2026 2:13:03 PM,8M5CL,D1D,1,7782515,AME411,13,263067,AME411_PM1,P_78_GABON_B10_R3,03/04/2026 12:01:18 AM,13,AME411,13,263067,AME411_PM1,P_78_GABON_B10_R3,03/04/2026 12:01:18 AM,13,,,,8PXMCVBG,FL78.31YJC_SNIP_DLP2295515-1_15669
D550188,320,5DWZH320MVE6,0,0,0,0,0,0,0,0,0,0.289081,0,0,0,0.003659,0,0.007319,0,0,D5501880,PXMG,03/04/2026 1:41:52 AM,BPD444,8M5CL,8M5CL,07/01/2026 8:22:04 AM,8M5CL,D1D,2,7782636,AME411,14,263067,AME411_PM1,P_78_GABON_B10_R3,03/04/2026 12:04:50 AM,14,AME411,14,263067,AME411_PM1,P_78_GABON_B10_R3,03/04/2026 12:04:50 AM,14,,,,8PXMCVBG,FL78.31YJC_SNIP_DLP2295515-1_15669
D550963,251,GT6QX251JKC3,0,0,0,0,0,0,0.011075,0,0,0.21412,0,0,0,0.014767,0,0.018459,0.003692,,D5509630,PXMG,03/13/2026 3:54:25 AM,BPD454,8M5CL,8M5CL,06/07/2026 3:25:22 AM,8M5CL,D1D,1,7796433,AME411,12,263067,AME411_PM1,P_78_GABON_B10_R3,03/13/2026 1:54:27 AM,12,AME411,12,263067,AME411_PM1,P_78_GABON_B10_R3,03/13/2026 1:54:27 AM,12,,,,8PQ9CVZA,FL78.6721E_SNIP_DLP2350806-1_548
D550963,252,GT6QX252JKG5,0,0,0,0,0.010978,0,0,0,0,0.28469,0,0,0,0.00805,0.003659,0.003659,0,0,D5509630,PXMG,03/13/2026 3:54:25 AM,BPD454,8M5CL,8M5CL,06/09/2026 1:19:34 AM,8M5CL,D1D,2,7796437,AME411,11,263067,AME411_PM1,P_78_GABON_B10_R3,03/13/2026 1:50:53 AM,11,AME411,11,263067,AME411_PM1,P_78_GABON_B10_R3,03/13/2026 1:50:53 AM,11,,,,8PQ9CVZA,FL78.6721E_SNIP_DLP2350806-1_548
D550959,275,KJ7KG275WFB1,0,0,0,0,0.011075,0,0.003692,0,0,0.140286,0,0,0,0,0,0.014767,0,,D5509590,PXMG,03/12/2026 2:29:41 PM,BPD454,8M5CL,8M5CL,07/01/2026 6:58:25 AM,8M5CL,D1D,1,7794029,AME421,16,263067,AME421_PM6,P_78_GABON_B10_R3,03/12/2026 10:52:42 AM,16,AME421,16,263067,AME421_PM6,P_78_GABON_B10_R3,03/12/2026 10:52:42 AM,16,,,,8PXMCVBG,FL78.3BNUE_SNIP_DLP2350844-1_453
D550959,352,KJ7JC352WFD4,0,0,0,0,0,0.007319,0,0,0,0.252488,0,0,0,0,0,0.018296,0,0,D5509590,PXMG,03/12/2026 2:29:41 PM,BPD454,8M5CL,8M5CL,07/01/2026 1:58:57 AM,8M5CL,D1D,2,7794039,AME421,15,263067,AME421_PM6,P_78_GABON_B10_R3,03/12/2026 10:48:57 AM,15,AME421,15,263067,AME421_PM6,P_78_GABON_B10_R3,03/12/2026 10:48:57 AM,15,,,,8PXMCVBG,FL78.3BNUE_SNIP_DLP2350844-1_453
D550176,350,KJ7KN350WFC1,0,0,0,0,0.003659,0.003659,0,0,0,0.153689,0,0,0,0.003659,0,0.007319,0.003659,,D5501760,PXMG,03/12/2026 9:00:36 PM,BPD448,8M5CL,8M5CL,07/01/2026 5:39:52 AM,8M5CL,D1D,1,7777291,AME423,5,263067,AME423_PM1,P_78_GABON_B10_R3,03/12/2026 7:25:44 PM,3,AME423,5,263067,AME423_PM1,P_78_GABON_B10_R3,03/12/2026 7:25:44 PM,3,,,,8PXMCVBG,FL78.31YJC_SNIP_DLP2295515-1_15669
D550176,353,KJ7KN353WFA1,0.003692,0.003692,0,0,0.003692,0,0,0,0,0.158744,0,0,0,0.007383,0,0.011075,0,,D5501760,PXMG,03/12/2026 9:00:36 PM,BPD448,8M5CL,8M5CL,04/08/2026 2:10:49 PM,8M5CL,D1D,2,7777428,AME423,22,263067,AME423_PM2,P_78_GABON_B10_R3,03/12/2026 7:56:37 PM,11,AME423,22,263067,AME423_PM2,P_78_GABON_B10_R3,03/12/2026 7:56:37 PM,11,,,,8PXMCVBG,FL78.31YJC_SNIP_DLP2295515-1_15669
D550187,326,GT4TS326JKF2,0,0,0,0,0,0.010978,0,0,0,0.208577,0,0,0,0.003659,0,0.003659,0.003659,0,D5501870,PXMG,03/10/2026 11:23:47 AM,BPD450,8M5CL,8M5CL,04/20/2026 11:54:45 PM,8M5CL,D1D,1,7782366,AME421,24,263067,AME421_PM6,P_78_GABON_B10_R3,03/10/2026 10:35:24 AM,24,AME421,24,263067,AME421_PM6,P_78_GABON_B10_R3,03/10/2026 10:35:24 AM,24,,,,8PXMCVBG,FL78.31YJC_SNIP_DLP2295515-1_15669
D550187,327,GT4TS327JKC1,0,0,0,0,0,0,0,0,0,0.205445,0,0,0,0.007383,0,0.019751,0.007383,0,D5501870,PXMG,03/10/2026 11:23:47 AM,BPD450,8M5CL,8M5CL,04/20/2026 7:51:43 AM,8M5CL,D1D,2,7782204,AME421,3,263067,AME421_PM6,P_78_GABON_B10_R3,03/10/2026 9:20:01 AM,3,AME421,3,263067,AME421_PM6,P_78_GABON_B10_R3,03/10/2026 9:20:01 AM,3,,,,8PXMCVBG,FL78.31YJC_SNIP_DLP2295515-1_15669
D550180,26,A22SS026SLB3,0,0,0,0,0.003659,0.005489,0,0,0,0.14454,0.003659,0,0,0.007319,0,0.007319,0.014637,0,D5501800,PXMG,03/19/2026 7:47:56 PM,BPD436,8M5CL,8M5CL,07/01/2026 6:54:16 AM,8M5CL,D1D,1,7779576,AME421,5,263067,AME421_PM6,P_78_GABON_B10_R3,03/19/2026 5:35:21 PM,5,AME421,5,263067,AME421_PM6,P_78_GABON_B10_R3,03/19/2026 5:35:21 PM,5,,,,8PXMCVBG,FL78.31YJC_SNIP_DLP2295515-1_15669
D550180,28,A22SS028SLC4,0.003659,0,0,0,0.010978,0.014637,0.003659,0,0,0.091481,0,0,0,0.010978,0,0.018296,0,,D5501800,PXMG,03/19/2026 7:47:56 PM,BPD436,8M5CL,8M5CL,07/01/2026 3:26:02 AM,8M5CL,D1D,2,7779650,AME421,2,263067,AME421_PM6,P_78_GABON_B10_R3,03/19/2026 5:24:46 PM,2,AME421,2,263067,AME421_PM6,P_78_GABON_B10_R3,03/19/2026 5:24:46 PM,2,,,,8PXMCVBG,FL78.31YJC_SNIP_DLP2295515-1_15669
D550180,31,A22SS031SLG6,0.007383,0,0,0,0,0,0.003692,0,0,0.10706,0,0,0,0,0,0.003692,0.007383,,D5501800,PXMG,03/19/2026 7:47:56 PM,BPD436,8M5CL,8M5CL,07/01/2026 7:03:30 AM,8M5CL,D1D,3,7779670,AME421,22,263067,AME421_PM6,P_78_GABON_B10_R3,03/19/2026 6:35:20 PM,22,AME421,22,263067,AME421_PM6,P_78_GABON_B10_R3,03/19/2026 6:35:20 PM,22,,,,8PXMCVBG,FL78.31YJC_SNIP_DLP2295515-1_15669
D550180,32,A22SS032SLD5,0.007319,0,0,0,0,0.003659,0,0,0,0.358607,0.003659,0,0,0.003659,0.065867,0.036593,0,,D5501800,PXMG,03/19/2026 7:47:56 PM,BPD436,8M5CL,8M5CL,07/01/2026 7:04:56 AM,8M5CL,D1D,4,7779635,AME421,8,263067,AME421_PM6,P_78_GABON_B10_R3,03/19/2026 5:45:56 PM,8,AME421,8,263067,AME421_PM6,P_78_GABON_B10_R3,03/19/2026 5:45:56 PM,8,,,,8PXMCVBG,FL78.31YJC_SNIP_DLP2295515-1_15669
D550175,113,KJ7JD113WFG5,0,0,0,0,0.007383,0,0.003692,0,0,0.162436,0,0,0,0.014767,0,0,0.003692,,D5501750,PXMG,03/19/2026 4:08:20 AM,BPD450,8M5CL,8M5CL,06/02/2026 5:16:33 AM,8M5CL,D1D,1,7777360,AME409,20,263067,AME409_PM4,P_78_GABON_B10_R3,03/19/2026 3:12:23 AM,10,AME409,20,263067,AME409_PM4,P_78_GABON_B10_R3,03/19/2026 3:12:23 AM,10,,,,8PXMCVBG,FL78.31YJC_SNIP_DLP2295515-1_15669
D550175,336,KJ7HW336WFF5,0,0,0,0,0,0.007319,0,0,0,0.113437,0,0,0,0,0,0,0,,D5501750,PXMG,03/19/2026 4:08:20 AM,BPD450,8M5CL,8M5CL,07/01/2026 5:55:27 AM,8M5CL,D1D,2,7777449,AME409,7,263067,AME409_PM3,P_78_GABON_B10_R3,03/19/2026 2:49:46 AM,4,AME409,7,263067,AME409_PM3,P_78_GABON_B10_R3,03/19/2026 2:49:46 AM,4,,,,8PXMCVBG,FL78.31YJC_SNIP_DLP2295515-1_15669
D551241,71,GT4JU071JKC0,0,0,0,0,0.003692,0.003692,0.003692,0,0,0.203045,0,0,0,0.007383,0,0.018459,0,,D5512410,PXMG,03/25/2026 8:01:15 PM,BPD436,8M5CL,8M5CL,04/08/2026 2:09:18 PM,8M5CL,D1D,1,7805154,AME421,8,263067,AME421_PM4,P_78_GABON_B10_R3,03/25/2026 6:17:34 PM,4,AME421,8,263067,AME421_PM4,P_78_GABON_B10_R3,03/25/2026 6:17:34 PM,4,,,,8PXMCVBG,FL78.31YJC_SNIP_DLP2295515-1_16891
D551241,94,GT4JU094JKB5,0,0,0,0,0,0,0.003659,0,0,0.278103,0,0.007319,0,0.003659,0,0.025615,0,0,D5512410,PXMG,03/25/2026 8:01:15 PM,BPD436,8M5CL,8M5CL,05/31/2026 2:03:39 AM,8M5CL,D1D,2,7805150,AME421,3,263067,AME421_PM3,P_78_GABON_B10_R3,03/25/2026 6:10:24 PM,2,AME421,3,263067,AME421_PM3,P_78_GABON_B10_R3,03/25/2026 6:10:24 PM,2,,,,8PXMCVBG,FL78.31YJC_SNIP_DLP2295515-1_16891
D551253,51,A24ZM051SLB3,0.004251,0,0,0,0,0.008502,0.004251,0,0,0.201702,0,0,0,0.012753,0,0.004251,0.004251,0,D5512530,PXMG,03/25/2026 5:29:03 PM,BPD450,8M5CL,8M5CL,06/01/2026 8:55:49 PM,8M5CL,D1D,1,7817700,AME421,4,263067,AME421_PM4,P_78_GABON_B10_R3,03/25/2026 3:24:54 PM,2,AME421,4,263067,AME421_PM4,P_78_GABON_B10_R3,03/25/2026 3:24:54 PM,2,,,,8PXMCVBG,FL78.31YJC_SNIP_DLP2295515-1_16891
D551253,53,A25FQ053SLE7,0,0,0,0,0,0.003692,0,0,0,0.103368,0,0,0,0.003692,0,0,0,,D5512530,PXMG,03/25/2026 5:29:03 PM,BPD450,8M5CL,8M5CL,06/04/2026 5:26:05 AM,8M5CL,D1D,2,7817945,AME421,19,263067,AME421_PM3,P_78_GABON_B10_R3,03/25/2026 3:52:11 PM,9,AME421,19,263067,AME421_PM3,P_78_GABON_B10_R3,03/25/2026 3:52:11 PM,9,,,,8PXMCVBG,FL78.31YJC_SNIP_DLP2295515-1_16891
D551254,2,A25G6002SLA4,0,0,0,0,0.003659,0.003659,0,0,0,0.336651,0,0,0,0.007319,0.003659,0.007319,0,0,D5512540,PXMG,03/28/2026 10:57:54 PM,BPD446,8M5CL,8M5CL,06/01/2026 11:16:39 AM,8M5CL,D1D,1,7818327,AME403,5,263067,AME403_PM4,P_78_GABON_B10_R3,03/28/2026 9:32:49 PM,2,AME403,5,263067,AME403_PM4,P_78_GABON_B10_R3,03/28/2026 9:32:49 PM,2,,,,8PXMCVBG,FL78.31YJC_SNIP_DLP2295515-1_16891
D551254,5,A25G6005SLF7,0,0,0,0,0.003983,0.003983,0,0,0,0.300584,0,0,0,0.015933,0.015933,0.01195,0.027882,0,D5512540,PXMG,03/28/2026 10:57:54 PM,BPD446,8M5CL,8M5CL,06/03/2026 1:03:08 PM,8M5CL,D1D,2,7818339,AME403,10,263067,AME403_PM3,P_78_GABON_B10_R3,03/28/2026 9:45:09 PM,5,AME403,10,263067,AME403_PM3,P_78_GABON_B10_R3,03/28/2026 9:45:09 PM,5,,,,8PXMCVBG,FL78.31YJC_SNIP_DLP2295515-1_16891
D551240,504,GT5JE504JKE2,0,0,0.003659,0,0.003659,0.003659,0.010978,0,0,0.161007,0,0,0.010978,0.014637,0,0.007319,0.003659,,D5512400,PXMG,04/04/2026 2:42:32 PM,BPD444,8M5CL,8M5CL,04/08/2026 2:06:22 PM,8M5CL,D1D,1,7805113,AME411,1,263067,AME411_PM1,P_78_GABON_B10_R3,04/04/2026 12:21:08 PM,1,AME411,1,263067,AME411_PM1,P_78_GABON_B10_R3,04/04/2026 12:21:08 PM,1,,,,8PXMCVBG,FL78.31YJC_SNIP_DLP2295515-1_16891
D551240,505,GT5JE505JKB1,0,0,0.003692,0,0.007383,0,0.08491,0,0,0.221504,0,0,0,0.029534,0.007383,0.003692,0,0,D5512400,PXMG,04/04/2026 2:42:32 PM,BPD444,8M5CL,8M5CL,07/14/2026 1:13:15 AM,8M5CL,D1D,2,7805020,AME411,6,263067,AME411_PM1,P_78_GABON_B10_R3,04/04/2026 12:38:54 PM,6,AME411,6,263067,AME411_PM1,P_78_GABON_B10_R3,04/04/2026 12:38:54 PM,6,,,,8PXMCVBG,FL78.31YJC_SNIP_DLP2295515-1_16891
D551240,507,GT5JE507JKC2,0.007383,0,0,0,0.011075,0.003692,0.007383,0,0,0.195661,0,0,0,0,0,0.011075,0,,D5512400,PXMG,04/04/2026 2:42:32 PM,BPD444,8M5CL,8M5CL,07/14/2026 2:55:54 AM,8M5CL,D1D,3,7805036,AME411,8,263067,AME411_PM1,P_78_GABON_B10_R3,04/04/2026 12:45:59 PM,8,AME411,8,263067,AME411_PM1,P_78_GABON_B10_R3,04/04/2026 12:45:59 PM,8,,,,8PXMCVBG,FL78.31YJC_SNIP_DLP2295515-1_16891
D551240,508,GT5JE508JKG4,0,0,0,0,0.003659,0.003659,0.003659,0,0,0.164666,0,0.003659,0,0.003659,0,0.003659,0.003659,,D5512400,PXMG,04/04/2026 2:42:32 PM,BPD444,8M5CL,8M5CL,07/13/2026 11:03:02 PM,8M5CL,D1D,4,7804964,AME411,5,263067,AME411_PM1,P_78_GABON_B10_R3,04/04/2026 12:35:21 PM,5,AME411,5,263067,AME411_PM1,P_78_GABON_B10_R3,04/04/2026 12:35:21 PM,5,,,,8PXMCVBG,FL78.31YJC_SNIP_DLP2295515-1_16891
D552352,13,KJ6TQ013WFD5,0,0,0.003692,0,0,0,0.003692,0,0,0.095985,0,0,0,0.011075,0,0.036917,0,,D5523520,PXMG,04/04/2026 3:58:44 PM,BPD450,8M5CL,8M5CL,04/08/2026 2:06:03 PM,8M5CL,D1D,1,7851790,AME409,25,263067,AME409_PM1,P_78_GABON_B10_R3,04/04/2026 1:18:00 PM,13,AME409,25,263067,AME409_PM1,P_78_GABON_B10_R3,04/04/2026 1:18:00 PM,13,,,,8PXMCVBG,FL78.31YJC_SNIP_DLP2295515-1_19413
D552352,61,KJ6TQ061WFC7,0,0,0,0,0.003692,0,0,0,0,0.114444,0,0,0,0,0,0.003692,0,,D5523520,PXMG,04/04/2026 3:58:44 PM,BPD450,8M5CL,8M5CL,07/18/2026 6:41:37 PM,8M5CL,D1D,2,7851768,AME409,6,263067,AME409_PM2,P_78_GABON_B10_R3,04/04/2026 12:41:44 PM,3,AME409,6,263067,AME409_PM2,P_78_GABON_B10_R3,04/04/2026 12:41:44 PM,3,,,,8PXMCVBG,FL78.31YJC_SNIP_DLP2295515-1_19413
D552322,56,A25YU056SLC3,0,0,0,0,0,0,0.003584,0,0,0.21143,0,0,0,0.007167,0,0.035836,0,,D5523220,PNCB,04/03/2026 11:19:19 PM,BPD450,8M5CL,8M5CL,06/01/2026 7:17:25 PM,8M5CL,D1D,1,7843660,AME423,17,263067,AME423_PM1,P_78_GABON_B10_R3,04/03/2026 9:20:38 PM,9,AME423,17,263067,AME423_PM1,P_78_GABON_B10_R3,04/03/2026 9:20:38 PM,9,,,,8PONCVBB,FL78.3FGTC_SNIP_DLP2295522-1_13215
D552322,61,A25YU061SLA3,0,0,0.007218,0,0.003609,0.007218,0.007218,0,0,0.21294,0,0,0,0.003609,0,0.021655,0.003609,,D5523220,PNCB,04/03/2026 11:19:19 PM,BPD450,8M5CL,8M5CL,06/05/2026 2:43:00 AM,8M5CL,D1D,2,7843630,AME423,22,263067,AME423_PM2,P_78_GABON_B10_R3,04/03/2026 9:28:48 PM,11,AME423,22,263067,AME423_PM2,P_78_GABON_B10_R3,04/03/2026 9:28:48 PM,11,,,,8PONCVBB,FL78.3FGTC_SNIP_DLP2295522-1_13215
D552322,62,A25YU062SLE5,0,0,0,0,0,0,0,0,0,0.186345,0,0,0,0,0,0.003584,0,,D5523220,PNCB,04/03/2026 11:19:19 PM,BPD450,8M5CL,8M5CL,06/05/2026 2:43:18 AM,8M5CL,D1D,3,7843738,AME423,10,263067,AME423_PM2,P_78_GABON_B10_R3,04/03/2026 9:03:48 PM,5,AME423,10,263067,AME423_PM2,P_78_GABON_B10_R3,04/03/2026 9:03:48 PM,5,,,,8PONCVBB,FL78.3FGTC_SNIP_DLP2295522-1_13215
D552322,63,A25YU063SLB4,0,0,0,0,0,0,0,0,0,0.267078,0,0,0,0,0,0.007218,0.003609,0,D5523220,PNCB,04/03/2026 11:19:19 PM,BPD450,8M5CL,8M5CL,06/01/2026 5:14:28 PM,8M5CL,D1D,4,7843694,AME423,12,263067,AME423_PM2,P_78_GABON_B10_R3,04/03/2026 9:08:09 PM,6,AME423,12,263067,AME423_PM2,P_78_GABON_B10_R3,04/03/2026 9:08:09 PM,6,,,,8PONCVBB,FL78.3FGTC_SNIP_DLP2295522-1_13215
D552335,66,KJ7HG066WFB0,0,0,0,0,0.003659,0,0.004757,0,0,0.196502,0,0,0,0.003659,0,0.014637,0,0,D5523350,PXMG,04/01/2026 11:27:01 PM,BPD442,8M5CL,8M5CL,04/08/2026 2:07:36 PM,8M5CL,D1D,1,7847063,AME417,16,263067,AME417_PM6,P_78_GABON_B10_R3,04/01/2026 9:55:58 PM,8,AME417,16,263067,AME417_PM6,P_78_GABON_B10_R3,04/01/2026 9:55:58 PM,8,,,,8PXMCVBG,FL78.31YJC_SNIP_DLP2295515-1_19413
D552335,70,KJ7HG070WFC1,0,0,0,0,0,0.003659,0,0,0,0.20382,0,0,0,0.019394,0,0.003659,0,0,D5523350,PXMG,04/01/2026 11:27:01 PM,BPD442,8M5CL,8M5CL,06/29/2026 5:58:15 PM,8M5CL,D1D,2,7847025,AME417,3,263067,AME417_PM5,P_78_GABON_B10_R3,04/01/2026 9:30:13 PM,2,AME417,3,263067,AME417_PM5,P_78_GABON_B10_R3,04/01/2026 9:30:13 PM,2,,,,8PXMCVBG,FL78.31YJC_SNIP_DLP2295515-1_19413
D551257,314,KJ7KG314WFF7,0,0,0,0,0.010978,0,0.003659,0,0,0.219555,0,0,0,0,0.003659,0.007319,0,,D5512570Q,PXMG,04/02/2026 1:55:00 PM,BPD458,8M5CL,8M5CL,07/14/2026 1:14:10 AM,8M5CL,D1D,1,8364211,AME411,22,263067,AME411_PM1,P_78_GABON_B10_R3,04/02/2026 12:57:09 PM,11,AME411,22,263067,AME411_PM1,P_78_GABON_B10_R3,04/02/2026 12:57:09 PM,11,,,,8PXMCVBG,FL78.31YJC_SNIP_DLP2295515-1_16891
D551257,368,KJ7KN368WFD6,0,0,0,0,0,0.003659,0.003659,0,0,0.34031,0,0,0,0.003659,0.003659,0.007319,0,0,D5512570Q,PXMG,04/02/2026 1:55:00 PM,BPD458,8M5CL,8M5CL,07/14/2026 12:26:27 AM,8M5CL,D1D,2,8364208,AME411,16,263067,AME411_PM1,P_78_GABON_B10_R3,04/02/2026 12:46:31 PM,8,AME411,16,263067,AME411_PM1,P_78_GABON_B10_R3,04/02/2026 12:46:31 PM,8,,,,8PXMCVBG,FL78.31YJC_SNIP_DLP2295515-1_16891
D551257,375,KJ7KN375WFC7,0,0,0,0,0,0.003692,0.003692,0,0,0.29903,0,0,0,0.003692,0,0,0.003692,,D5512570Q,PXMG,04/02/2026 1:55:00 PM,BPD458,8M5CL,8M5CL,07/14/2026 1:07:27 AM,8M5CL,D1D,3,8364165,AME411,6,263067,AME411_PM1,P_78_GABON_B10_R3,04/02/2026 12:28:38 PM,3,AME411,6,263067,AME411_PM1,P_78_GABON_B10_R3,04/02/2026 12:28:38 PM,3,,,,8PXMCVBG,FL78.31YJC_SNIP_DLP2295515-1_16891
D551257,376,KJ7KG376WFE4,0,0,0,0,0.007319,0.007319,0,0,0,0.283226,0.003659,0,0,0,0.007319,0.016833,0.003659,0,D5512570Q,PXMG,04/02/2026 1:55:00 PM,BPD458,8M5CL,8M5CL,07/14/2026 1:05:14 AM,8M5CL,D1D,4,8364206,AME411,12,263067,AME411_PM1,P_78_GABON_B10_R3,04/02/2026 12:35:43 PM,5,AME411,12,263067,AME411_PM1,P_78_GABON_B10_R3,04/02/2026 12:35:43 PM,5,,,,8PXMCVBG,FL78.31YJC_SNIP_DLP2295515-1_16891
D551257,283,KJ7KG283WFE4,0,0,0,0,0.003692,0,0,0,0,0.132902,0,0,0,0.007383,0.003692,0,0,,D5512570,PXMG,04/02/2026 1:31:33 PM,BPD432,8M5CL,8M5CL,07/13/2026 10:50:31 PM,8M5CL,D1D,1,7820829,AME417,8,263067,AME417_PM1,P_78_GABON_B10_R3,04/02/2026 12:18:32 PM,3,AME417,8,263067,AME417_PM1,P_78_GABON_B10_R3,04/02/2026 12:18:32 PM,3,,,,8PXMCVBG,FL78.31YJC_SNIP_DLP2295515-1_16891
D551257,311,KJ7KG311WFA4,0.003692,0,0,0,0.007383,0.003692,0,0,0,0.118135,0,0,0,0.007383,0,0.007383,0,,D5512570,PXMG,04/02/2026 1:31:33 PM,BPD432,8M5CL,8M5CL,07/14/2026 2:16:34 AM,8M5CL,D1D,2,7820815,AME417,23,263067,AME417_PM2,P_78_GABON_B10_R3,04/02/2026 12:29:26 PM,6,AME417,23,263067,AME417_PM2,P_78_GABON_B10_R3,04/02/2026 12:29:26 PM,6,,,,8PXMCVBG,FL78.31YJC_SNIP_DLP2295515-1_16891
D550174,45,KJ7HA045WFA2,0,0,0,0,0,0,0.003692,0,0,0.180895,0,0,0,0.011075,0,0.02215,0,,D5501740,PXMG,04/01/2026 10:13:38 PM,BPD432,8M5CL,8M5CL,07/05/2026 9:17:08 AM,8M5CL,D1D,1,7777173,AME423,25,263067,AME423_PM1,P_78_GABON_B10_R3,04/01/2026 4:49:53 PM,13,AME423,25,263067,AME423_PM1,P_78_GABON_B10_R3,04/01/2026 4:49:53 PM,13,,,,8PXMCVBG,FL78.31YJC_SNIP_DLP2295515-1_15669
D550174,53,KJ7HA053WFD5,0,0,0,0,0,0,0,0,0,0.088601,0,0,0,0.007383,0,0.011075,0,,D5501740,PXMG,04/01/2026 10:13:38 PM,BPD432,8M5CL,8M5CL,07/02/2026 2:30:50 AM,8M5CL,D1D,2,7777298,AME423,22,263067,AME423_PM2,P_78_GABON_B10_R3,04/01/2026 4:42:39 PM,11,AME423,22,263067,AME423_PM2,P_78_GABON_B10_R3,04/01/2026 4:42:39 PM,11,,,,8PXMCVBG,FL78.31YJC_SNIP_DLP2295515-1_15669
D552342,313,GT9FQ313JKG2,0,0,0,0,0.011075,0.003692,0.003692,0,0,0.23627,0,0,0,0.007383,0,0.014767,0.003692,,D5523420,PXMG,04/02/2026 8:24:42 PM,BPD444,8M5CL,8M5CL,07/01/2026 3:32:34 AM,8M5CL,D1D,1,7849061,AME419,17,263067,AME419_PM5,P_78_GABON_B10_R3,04/02/2026 6:59:58 PM,9,AME419,17,263067,AME419_PM5,P_78_GABON_B10_R3,04/02/2026 6:59:58 PM,9,,,,8PXMCVBG,FL78.31YJC_SNIP_DLP2295515-1_19413
D552342,314,GT9FQ314JKD1,0,0,0,0,0.003659,0.003659,0.007319,0,0,0.267125,0,0,0,0,0,0.018296,0,,D5523420,PXMG,04/02/2026 8:24:42 PM,BPD444,8M5CL,8M5CL,07/01/2026 4:05:37 AM,8M5CL,D1D,2,7849069,AME419,14,263067,AME419_PM6,P_78_GABON_B10_R3,04/02/2026 6:52:05 PM,7,AME419,14,263067,AME419_PM6,P_78_GABON_B10_R3,04/02/2026 6:52:05 PM,7,,,,8PXMCVBG,FL78.31YJC_SNIP_DLP2295515-1_19413
D551244,62,A26WA062SLA3,0,0,0,0,0.003659,0,0.010978,0,0,0.120755,0,0,0,0.007319,0.003659,0.025615,0,,D5512440,PXMG,04/01/2026 8:44:17 PM,BPD450,8M5CL,8M5CL,07/12/2026 3:13:02 AM,8M5CL,D1D,1,7805204,AME421,5,263067,AME421_PM2,P_78_GABON_B10_R3,04/01/2026 5:16:33 PM,5,AME421,5,263067,AME421_PM2,P_78_GABON_B10_R3,04/01/2026 5:16:33 PM,5,,,,8PXMCVBG,FL78.31YJC_SNIP_DLP2295515-1_16891
D551244,65,A26WA065SLF6,0.007383,0,0,0,0,0,0,0,0,0.092293,0,0,0,0.02215,0,0.055376,0,,D5512440,PXMG,04/01/2026 8:44:17 PM,BPD450,8M5CL,8M5CL,07/02/2026 10:32:13 AM,8M5CL,D1D,2,7805135,AME421,10,263067,AME421_PM2,P_78_GABON_B10_R3,04/01/2026 5:35:14 PM,10,AME421,10,263067,AME421_PM2,P_78_GABON_B10_R3,04/01/2026 5:35:14 PM,10,,,,8PXMCVBG,FL78.31YJC_SNIP_DLP2295515-1_16891
D550183,204,A22WG204SLE3,0,0,0,0,0.025615,0.010978,0.003659,0,0,0.14637,0,0,0,0.003659,0,0.025615,0,,D5501830,PXMG,04/01/2026 9:56:36 AM,BPD442,8M5CL,8M5CL,06/21/2026 9:09:15 PM,8M5CL,D1D,1,7779539,AME411,8,263067,AME411_PM1,P_78_GABON_B10_R3,03/31/2026 10:53:46 PM,8,AME411,8,263067,AME411_PM1,P_78_GABON_B10_R3,03/31/2026 10:53:46 PM,8,,,,8PXMCVBG,FL78.31YJC_SNIP_DLP2295515-1_15669
D550183,209,A22WG209SLD4,0.003692,0,0,0,0.014767,0,0,0,0,0.228887,0,0,0,0,0.003692,0.011075,0.003692,0,D5501830,PXMG,04/01/2026 9:56:36 AM,BPD442,8M5CL,8M5CL,06/22/2026 4:51:40 PM,8M5CL,D1D,2,7779511,AME411,7,263067,AME411_PM1,P_78_GABON_B10_R3,03/31/2026 10:49:45 PM,7,AME411,7,263067,AME411_PM1,P_78_GABON_B10_R3,03/31/2026 10:49:45 PM,7,,,,8PXMCVBG,FL78.31YJC_SNIP_DLP2295515-1_15669
D550183,214,A22WG214SLB4,0,0,0,0,0.007319,0,0,0,0,0.365925,0,0,0,0.010978,0.003659,0,0,0,D5501830,PXMG,04/01/2026 9:56:36 AM,BPD442,8M5CL,8M5CL,07/13/2026 12:23:07 PM,8M5CL,D1D,3,7779462,AME411,5,263067,AME411_PM1,P_78_GABON_B10_R3,03/31/2026 10:42:39 PM,5,AME411,5,263067,AME411_PM1,P_78_GABON_B10_R3,03/31/2026 10:42:39 PM,5,,,,8PXMCVBG,FL78.31YJC_SNIP_DLP2295515-1_15669
D550183,222,A22WG222SLE7,0,0,0,0,0.003659,0.007319,0,0,0,0.120755,0,0,0,0.003659,0,0.007319,0,,D5501830,PXMG,04/01/2026 9:56:36 AM,BPD442,8M5CL,8M5CL,06/21/2026 7:42:57 AM,8M5CL,D1D,4,7779519,AME411,19,263067,AME411_PM1,P_78_GABON_B10_R3,03/31/2026 11:30:15 PM,18,AME411,19,263067,AME411_PM1,P_78_GABON_B10_R3,03/31/2026 11:30:15 PM,18,,,,8PXMCVBG,FL78.31YJC_SNIP_DLP2295515-1_15669
D551291,10,KJ5RK010WFC7,0,0,0,0,0.032933,0.014637,0.007319,0,0,0.150029,0,0,0,0.010978,0,0.007319,0.003659,,D5512910,PXMG,03/29/2026 3:04:32 AM,BPD436,8M5CL,8M5CL,04/08/2026 2:07:54 PM,8M5CL,D1D,1,7818446,AME409,4,263067,AME409_PM2,P_78_GABON_B10_R3,03/29/2026 1:27:15 AM,2,AME409,4,263067,AME409_PM2,P_78_GABON_B10_R3,03/29/2026 1:27:15 AM,2,,,,8PXMCVBG,FL78.31YJC_SNIP_DLP2295515-1_18558
D551291,14,KJ5RK014WFF1,0,0,0,0,0.007319,0,0.003659,0,0,0.120755,0,0,0,0.018296,0,0.018296,0,,D5512910,PXMG,03/29/2026 3:04:32 AM,BPD436,8M5CL,8M5CL,06/17/2026 6:17:02 AM,8M5CL,D1D,2,7818378,AME409,19,263067,AME409_PM1,P_78_GABON_B10_R3,03/29/2026 1:56:21 AM,10,AME409,19,263067,AME409_PM1,P_78_GABON_B10_R3,03/29/2026 1:56:21 AM,10,,,,8PXMCVBG,FL78.31YJC_SNIP_DLP2295515-1_18558
D551294,416,KJ7KN416WFB3,0.003659,0,0,0,0.003659,0,0.007319,0,0,0.124415,0,0,0,0.003659,0,0.014637,0,,D5512940,PXMG,03/29/2026 1:31:10 PM,BPD442,8M5CL,8M5CL,06/30/2026 8:46:58 PM,8M5CL,D1D,1,7820605,AME401,1,263067,AME401_PM1,P_78_GABON_B10_R3,03/29/2026 11:52:43 AM,1,AME401,1,263067,AME401_PM1,P_78_GABON_B10_R3,03/29/2026 11:52:43 AM,1,,,,8PXMCVBG,FL78.31YJC_SNIP_DLP2295515-1_18558
D551294,436,KJ7JA436WFC4,0,0,0,0,0.007319,0,0,0,0,0.142711,0,0,0,0,0,0,0.003659,0,D5512940,PXMG,03/29/2026 1:31:10 PM,BPD442,8M5CL,8M5CL,06/30/2026 9:13:12 PM,8M5CL,D1D,2,7820705,AME401,18,263067,AME401_PM1,P_78_GABON_B10_R3,03/29/2026 12:21:32 PM,9,AME401,18,263067,AME401_PM1,P_78_GABON_B10_R3,03/29/2026 12:21:32 PM,9,,,,8PXMCVBG,FL78.31YJC_SNIP_DLP2295515-1_18558
D552332,12,KJ7HC012WFE2,0.015857,0,0,0,0,0.007928,0,0,0.011893,0.160397,0,0.003964,0,0,0.015552,0.003964,0,0,D5523320,PXMG,03/29/2026 8:38:06 PM,BPD436,8M5CL,8M5CL,07/03/2026 11:30:59 PM,8M5CL,D1D,1,7836912,AME409,25,263067,AME409_PM1,P_78_GABON_B10_R3,03/29/2026 6:36:28 PM,11,AME409,25,263067,AME409_PM1,P_78_GABON_B10_R3,03/29/2026 6:36:28 PM,11,,,,8PXMCVBG,FL78.31YJC_SNIP_DLP2295515-1_19413
D552332,13,KJ7HC013WFB1,0,0,0,0,0,0,0,0,0,0.118135,0,0,0,0.007383,0,0.003692,0,,D5523320,PXMG,03/29/2026 8:38:06 PM,BPD436,8M5CL,8M5CL,07/04/2026 6:11:38 AM,8M5CL,D1D,2,7836949,AME409,18,263067,AME409_PM2,P_78_GABON_B10_R3,03/29/2026 6:24:13 PM,8,AME409,18,263067,AME409_PM2,P_78_GABON_B10_R3,03/29/2026 6:24:13 PM,8,,,,8PXMCVBG,FL78.31YJC_SNIP_DLP2295515-1_19413
D552341,852,GT9LM852JKC5,0,0,0,0,0.029274,0.003659,0.003659,0,0,0.131733,0,0,0,0,0,0.007319,0,,D5523410,PXMG,04/11/2026 12:29:56 AM,BPD432,8M5CL,8M5CL,06/17/2026 12:02:27 AM,8M5CL,D1D,1,7849365,AME427,12,263067,AME427_PM4,P_78_GABON_B10_R3,04/10/2026 10:11:36 PM,6,AME427,12,263067,AME427_PM4,P_78_GABON_B10_R3,04/10/2026 10:11:36 PM,6,,,,8PXMCVBG,FL78.31YJC_SNIP_DLP2295515-1_19413
D552341,854,GT9LM854JKD6,0,0,0,0,0,0,0.007319,0,0,0.091481,0,0,0,0,0,0.007319,0,,D5523410,PXMG,04/11/2026 12:29:56 AM,BPD432,8M5CL,8M5CL,06/16/2026 5:33:27 PM,8M5CL,D1D,2,7849356,AME427,15,263067,AME427_PM3,P_78_GABON_B10_R3,04/10/2026 10:18:45 PM,8,AME427,15,263067,AME427_PM3,P_78_GABON_B10_R3,04/10/2026 10:18:45 PM,8,,,,8PXMCVBG,FL78.31YJC_SNIP_DLP2295515-1_19413
D551251,561,GT6ER561JKC7,0.003692,0,0,0,0,0,0.003692,0,0,0.125519,0,0,0,0.014767,0.003692,0.044301,0,,D5512510,PXMG,04/10/2026 12:29:28 PM,BPD442,8M5CL,8M5CL,06/11/2026 7:34:07 PM,8M5CL,D1D,1,7817662,AME403,24,263067,AME403_PM2,P_78_GABON_B10_R3,04/10/2026 11:33:08 AM,11,AME403,24,263067,AME403_PM2,P_78_GABON_B10_R3,04/10/2026 11:33:08 AM,11,,,,8PXMCVBG,FL78.31YJC_SNIP_DLP2295515-1_16891
D551251,563,GT6ER563JKE0,0,0,0,0,0,0,0.003692,0,0,0.223349,0,0,0,0,0,0.020304,0,0,D5512510,PXMG,04/10/2026 12:29:28 PM,BPD442,8M5CL,8M5CL,06/11/2026 1:42:16 PM,8M5CL,D1D,2,7817795,AME403,7,263067,AME403_PM1,P_78_GABON_B10_R3,04/10/2026 11:07:10 AM,4,AME403,7,263067,AME403_PM1,P_78_GABON_B10_R3,04/10/2026 11:07:10 AM,4,,,,8PXMCVBG,FL78.31YJC_SNIP_DLP2295515-1_16891
D551256,579,GT8RR579JKD0,0.003692,0,0,0,0.003692,0.003692,0.007383,0,0,0.147669,0,0,0,0,0,0.014767,0,,D5512560,PXMG,04/10/2026 12:52:02 AM,BPD436,8M5CL,8M5CL,07/14/2026 12:10:50 AM,8M5CL,D1D,1,7820717,AME417,17,263067,AME417_PM1,P_78_GABON_B10_R3,04/09/2026 10:56:15 PM,8,AME417,17,263067,AME417_PM1,P_78_GABON_B10_R3,04/09/2026 10:56:15 PM,8,,,,8PXMCVBG,FL78.31YJC_SNIP_DLP2295515-1_16891
D551256,580,GT8RR580JKG1,0.010978,0,0,0,0,0,0.003659,0,0,0.164021,0,0,0,0.004305,0,0.003659,0,0,D5512560,PXMG,04/10/2026 12:52:02 AM,BPD436,8M5CL,8M5CL,07/14/2026 12:13:41 AM,8M5CL,D1D,2,7820649,AME417,22,263067,AME417_PM2,P_78_GABON_B10_R3,04/09/2026 11:07:54 PM,10,AME417,22,263067,AME417_PM2,P_78_GABON_B10_R3,04/09/2026 11:07:54 PM,10,,,,8PXMCVBG,FL78.31YJC_SNIP_DLP2295515-1_16891
D551256,592,GT8RR592JKE3,0,0,0,0,0,0,0,0,0,0.204918,0,0,0,0.007319,0,0.003659,0,0,D5512560,PXMG,04/10/2026 12:52:02 AM,BPD436,8M5CL,8M5CL,07/13/2026 12:25:07 PM,8M5CL,D1D,3,7820784,AME417,14,263067,AME417_PM2,P_78_GABON_B10_R3,04/09/2026 10:47:02 PM,6,AME417,14,263067,AME417_PM2,P_78_GABON_B10_R3,04/09/2026 10:47:02 PM,6,,,,8PXMCVBG,FL78.31YJC_SNIP_DLP2295515-1_16891
D551256,598,GT8RR598JKA3,0,0,0,0,0,0,0,0,0,0.170765,0,0,0,0.012198,0,0.007319,0,0,D5512560,PXMG,04/10/2026 12:52:02 AM,BPD436,8M5CL,8M5CL,07/13/2026 8:22:01 PM,8M5CL,D1D,4,7820572,AME417,25,263067,AME417_PM1,P_78_GABON_B10_R3,04/09/2026 11:16:53 PM,12,AME417,25,263067,AME417_PM1,P_78_GABON_B10_R3,04/09/2026 11:16:53 PM,12,,,,8PXMCVBG,FL78.31YJC_SNIP_DLP2295515-1_16891
D552337,170,5DWYT170MVB0,0.003659,0,0,0,0.003659,0.007319,0,0,0,0.124415,0,0,0,0,0.007319,0.018296,0,,D5523370,PXMG,04/09/2026 8:59:16 PM,BPD442,8M5CL,8M5CL,07/18/2026 6:28:47 PM,8M5CL,D1D,1,7849243,AME421,24,263067,AME421_PM3,P_78_GABON_B10_R3,04/09/2026 8:11:46 PM,12,AME421,24,263067,AME421_PM3,P_78_GABON_B10_R3,04/09/2026 8:11:46 PM,12,,,,8PXMCVBG,FL78.31YJC_SNIP_DLP2295515-1_19413
D552337,171,5DWYT171MVF2,0,0,0,0,0,0,0.014767,0,0,0.121827,0,0,0,0,0,0.018459,0,,D5523370,PXMG,04/09/2026 8:59:16 PM,BPD442,8M5CL,8M5CL,07/18/2026 6:08:56 PM,8M5CL,D1D,2,7849021,AME421,19,263067,AME421_PM3,P_78_GABON_B10_R3,04/09/2026 8:04:35 PM,10,AME421,19,263067,AME421_PM3,P_78_GABON_B10_R3,04/09/2026 8:04:35 PM,10,,,,8PXMCVBG,FL78.31YJC_SNIP_DLP2295515-1_19413
D551250,609,GT6ER609JKB5,0.007383,0,0,0,0.007383,0,0.007383,0,0,0.232579,0,0,0,0,0,0.011075,0,0,D5512500,PXMG,04/10/2026 3:42:53 PM,BPD444,8M5CL,8M5CL,06/14/2026 2:35:38 PM,8M5CL,D1D,1,7817641,AME417,21,263067,AME417_PM4,P_78_GABON_B10_R3,04/10/2026 2:47:33 PM,9,AME417,21,263067,AME417_PM4,P_78_GABON_B10_R3,04/10/2026 2:47:33 PM,9,,,,8PXMCVBG,FL78.31YJC_SNIP_DLP2295515-1_16891
D551250,611,GT6ER611JKB5,0,0,0,0,0.164007,0.007855,0.129368,0,0,0.169427,0,0,0,0.011546,0,0.023564,0,0,D5512500,PXMG,04/10/2026 3:42:53 PM,BPD444,8M5CL,8M5CL,06/14/2026 12:31:27 PM,8M5CL,D1D,2,7817646,AME417,14,263067,AME417_PM3,P_78_GABON_B10_R3,04/10/2026 2:39:47 PM,7,AME417,14,263067,AME417_PM3,P_78_GABON_B10_R3,04/10/2026 2:39:47 PM,7,,,,8PXMCVBG,FL78.31YJC_SNIP_DLP2295515-1_16891
D551292,11,KJ7HA011WFG5,0,0,0,0,0.003692,0,0.007383,0,0,0.114444,0,0.003692,0,0.003692,0,0.003692,0,,D5512920,PXMG,04/08/2026 1:24:16 PM,BPD454,8M5CL,8M5CL,07/13/2026 11:34:06 PM,8M5CL,D1D,1,7818380,AME419,9,263067,AME419_PM5,P_78_GABON_B10_R3,04/08/2026 10:34:16 AM,4,AME419,9,263067,AME419_PM5,P_78_GABON_B10_R3,04/08/2026 10:34:16 AM,4,,,,8PXMCVBG,FL78.31YJC_SNIP_DLP2295515-1_18558
D551292,15,KJ7HA015WFB4,0,0,0,0,0,0.003692,0,0,0,0.10706,0,0,0,0.014767,0,0.003692,0.036917,,D5512920,PXMG,04/08/2026 1:24:16 PM,BPD454,8M5CL,8M5CL,07/13/2026 10:44:24 PM,8M5CL,D1D,2,7818461,AME419,2,263067,AME419_PM6,P_78_GABON_B10_R3,04/08/2026 10:23:28 AM,1,AME419,2,263067,AME419_PM6,P_78_GABON_B10_R3,04/08/2026 10:23:28 AM,1,,,,8PXMCVBG,FL78.31YJC_SNIP_DLP2295515-1_18558
D551230,242,MCKLH242WAG3,0,0,0,0,0,0,0,0,0,0.193512,0,0,0,0.007167,0,0.021501,0,,D5512300,PNCB,04/09/2026 12:22:02 AM,BPD442,8M5CL,8M5CL,06/07/2026 6:03:41 PM,8M5CL,D1D,1,7813951,AME419,5,263067,AME419_PM5,P_78_GABON_B10_R3,04/08/2026 10:51:12 PM,3,AME419,5,263067,AME419_PM5,P_78_GABON_B10_R3,04/08/2026 10:51:12 PM,3,,,,8PONCVBB,FL78.3FGTC_SNIP_DLP2295522-1_11367
D551230,246,MCKLH246WAB2,0,0,0,0,0.010751,0,0.003584,0,0,0.189929,0,0,0,0,0,0.003584,0,,D5512300,PNCB,04/09/2026 12:22:02 AM,BPD442,8M5CL,8M5CL,06/06/2026 5:23:24 AM,8M5CL,D1D,2,7814107,AME419,22,263067,AME419_PM6,P_78_GABON_B10_R3,04/08/2026 11:19:55 PM,11,AME419,22,263067,AME419_PM6,P_78_GABON_B10_R3,04/08/2026 11:19:55 PM,11,,,,8PONCVBB,FL78.3FGTC_SNIP_DLP2295522-1_11367
D552329,228,A26GV228SLC7,0.003659,0,0,0,0.021956,0.01793,0,0,0,0.441489,0,0,0,0.016284,0.018296,0.014637,0,0,D5523290,PXMG,04/09/2026 3:47:52 PM,BPD436,8M5CL,8M5CL,04/10/2026 8:30:05 AM,8M5CL,D1D,1,7836987,AME401,24,263067,AME401_PM3,P_78_GABON_B10_R3,04/09/2026 2:56:25 PM,22,AME401,24,263067,AME401_PM3,P_78_GABON_B10_R3,04/09/2026 2:56:25 PM,22,,,,8PXMCVBG,FL78.31YJC_SNIP_DLP2295515-1_19413
D552329,236,A26GV236SLG2,0,0,0,0,0,0,0,0,0,0.135392,0,0,0,0.010978,0.003659,0.018296,0,,D5523290,PXMG,04/09/2026 3:47:52 PM,BPD436,8M5CL,8M5CL,06/13/2026 4:48:36 PM,8M5CL,D1D,2,7837092,AME401,19,263067,AME401_PM3,P_78_GABON_B10_R3,04/09/2026 2:38:34 PM,17,AME401,19,263067,AME401_PM3,P_78_GABON_B10_R3,04/09/2026 2:38:34 PM,17,,,,8PXMCVBG,FL78.31YJC_SNIP_DLP2295515-1_19413
D551293,54,A25J0054SLB3,0,0,0,0,0.003659,0.007319,0,0,0,0.095141,0,0,0,0.003659,0,0,0,,D5512930,PXMG,04/06/2026 10:09:44 AM,BPD450,8M5CL,8M5CL,07/14/2026 1:59:44 AM,8M5CL,D1D,1,7820580,AME427,24,263067,AME427_PM3,P_78_GABON_B10_R3,04/06/2026 8:16:10 AM,24,AME427,24,263067,AME427_PM3,P_78_GABON_B10_R3,04/06/2026 8:16:10 AM,24,,,,8PXMCVBG,FL78.31YJC_SNIP_DLP2295515-1_18558
D551293,55,A25J0055SLF5,0,0,0,0,0.003692,0,0,0,0,0.265804,0,0,0,0.007383,0,0,0,0,D5512930,PXMG,04/06/2026 10:09:44 AM,BPD450,8M5CL,8M5CL,07/14/2026 2:09:45 AM,8M5CL,D1D,2,7820745,AME427,7,263067,AME427_PM3,P_78_GABON_B10_R3,04/06/2026 7:16:35 AM,7,AME427,7,263067,AME427_PM3,P_78_GABON_B10_R3,04/06/2026 7:16:35 AM,7,,,,8PXMCVBG,FL78.31YJC_SNIP_DLP2295515-1_18558
D551293,188,A25J0188SLB4,0,0,0,0,0,0.003659,0.003659,0,0,0.117096,0,0,0,0.003659,0,0.003659,0,,D5512930,PXMG,04/06/2026 10:09:44 AM,BPD450,8M5CL,8M5CL,07/13/2026 9:11:12 AM,8M5CL,D1D,3,7820769,AME427,18,263067,AME427_PM3,P_78_GABON_B10_R3,04/06/2026 7:55:05 AM,18,AME427,18,263067,AME427_PM3,P_78_GABON_B10_R3,04/06/2026 7:55:05 AM,18,,,,8PXMCVBG,FL78.31YJC_SNIP_DLP2295515-1_18558
D551293,189,A25J0189SLF6,0,0,0,0,0,0,0,0,0,0.132902,0,0,0,0.003692,0,0,0,,D5512930,PXMG,04/06/2026 10:09:44 AM,BPD450,8M5CL,8M5CL,07/13/2026 11:21:16 PM,8M5CL,D1D,4,7820688,AME427,23,263067,AME427_PM3,P_78_GABON_B10_R3,04/06/2026 8:12:39 AM,23,AME427,23,263067,AME427_PM3,P_78_GABON_B10_R3,04/06/2026 8:12:39 AM,23,,,,8PXMCVBG,FL78.31YJC_SNIP_DLP2295515-1_18558
D552338,222,GT7EJ222JKF3,0.003659,0,0,0,0,0.003659,0,0,0,0.252488,0,0,0,0.003659,0,0.010978,0,0,D5523380,PXMG,04/06/2026 9:44:43 PM,BPD446,8M5CL,8M5CL,06/12/2026 7:50:19 PM,8M5CL,D1D,1,7849247,AME409,21,263067,AME409_PM2,P_78_GABON_B10_R3,04/06/2026 8:54:07 PM,10,AME409,21,263067,AME409_PM2,P_78_GABON_B10_R3,04/06/2026 8:54:07 PM,10,,,,8PXMCVBG,FL78.31YJC_SNIP_DLP2295515-1_19413
D552338,243,GT7EJ243JKD7,0,0,0,0,0,0.003692,0,0,0,0.217812,0,0,0,0,0,0.003692,0.003692,0,D5523380,PXMG,04/06/2026 9:44:43 PM,BPD446,8M5CL,8M5CL,04/08/2026 2:05:08 PM,8M5CL,D1D,2,7849121,AME409,10,263067,AME409_PM2,P_78_GABON_B10_R3,04/06/2026 8:35:51 PM,5,AME409,10,263067,AME409_PM2,P_78_GABON_B10_R3,04/06/2026 8:35:51 PM,5,,,,8PXMCVBG,FL78.31YJC_SNIP_DLP2295515-1_19413
D552336,14,KJ7HC014WFF3,0.029274,0,0,0,0,0.003659,0.003659,0,0.003659,0.102459,0,0,0,0,0,0.014637,0.029274,,D5523360,PXMG,04/06/2026 5:17:24 PM,BPD454,8M5CL,8M5CL,06/13/2026 7:09:46 AM,8M5CL,D1D,1,7846850,AME419,5,263067,AME419_PM5,P_78_GABON_B10_R3,04/06/2026 3:46:07 PM,3,AME419,5,263067,AME419_PM5,P_78_GABON_B10_R3,04/06/2026 3:46:07 PM,3,,,,8PXMCVBG,FL78.31YJC_SNIP_DLP2295515-1_19413
D552336,18,KJ7HC018WFA2,0.003659,0,0,0,0.007319,0.007319,0,0,0,0.124415,0,0,0,0.003659,0,0,0.003659,,D5523360,PXMG,04/06/2026 5:17:24 PM,BPD454,8M5CL,8M5CL,06/21/2026 7:11:14 PM,8M5CL,D1D,2,7846935,AME419,6,263067,AME419_PM6,P_78_GABON_B10_R3,04/06/2026 3:46:07 PM,3,AME419,6,263067,AME419_PM6,P_78_GABON_B10_R3,04/06/2026 3:46:07 PM,3,,,,8PXMCVBG,FL78.31YJC_SNIP_DLP2295515-1_19413
D550179,251,GT2RM251JKB1,0,0,0,0,0.018459,0.003692,0.036917,0,0.003692,0.114444,0,0,0.003692,0.014767,0,0,0.007383,,D5501790,PXMG,04/13/2026 2:58:25 AM,BPD436,8M5CL,8M5CL,07/05/2026 8:53:07 AM,8M5CL,D1D,1,7779492,AME421,8,263067,AME421_PM6,P_78_GABON_B10_R3,04/13/2026 12:56:31 AM,8,AME421,8,263067,AME421_PM6,P_78_GABON_B10_R3,04/13/2026 12:56:31 AM,8,,,,8PXMCVBG,FL78.31YJC_SNIP_DLP2295515-1_15669
D550179,252,GT2RM252JKF3,0,0,0,0,0.010978,0.021956,0,0,0,0.124415,0,0,0,0.007319,0,0.003659,0,,D5501790,PXMG,04/13/2026 2:58:25 AM,BPD436,8M5CL,8M5CL,07/02/2026 10:11:49 AM,8M5CL,D1D,2,7779465,AME421,3,263067,AME421_PM6,P_78_GABON_B10_R3,04/13/2026 12:37:00 AM,3,AME421,3,263067,AME421_PM6,P_78_GABON_B10_R3,04/13/2026 12:37:00 AM,3,,,,8PXMCVBG,FL78.31YJC_SNIP_DLP2295515-1_15669
D552350,207,KJ7HH207WFG3,0,0,0,0,0.003692,0.003692,0,0,0,0.151361,0,0,0.003692,0.014767,0,0.003692,0,,D5523500,PXMG,04/12/2026 9:07:24 PM,BPD436,8M5CL,8M5CL,07/18/2026 7:03:49 PM,8M5CL,D1D,1,7851703,AME427,25,263067,AME427_PM4,P_78_GABON_B10_R3,04/12/2026 8:19:31 PM,25,AME427,25,263067,AME427_PM4,P_78_GABON_B10_R3,04/12/2026 8:19:31 PM,25,,,,8PXMCVBG,FL78.31YJC_SNIP_DLP2295515-1_19413
D552350,209,KJ7HH209WFA1,0,0,0,0,0,0.003692,0.003692,0,0,0.132902,0,0,0,0,0,0.018459,0,,D5523500,PXMG,04/12/2026 9:07:24 PM,BPD436,8M5CL,8M5CL,07/18/2026 7:26:36 PM,8M5CL,D1D,2,7851590,AME427,18,263067,AME427_PM4,P_78_GABON_B10_R3,04/12/2026 7:53:38 PM,18,AME427,18,263067,AME427_PM4,P_78_GABON_B10_R3,04/12/2026 7:53:38 PM,18,,,,8PXMCVBG,FL78.31YJC_SNIP_DLP2295515-1_19413
D552301,218,KJ7HH218WFA3,0,0,0,0,0,0.003584,0.003584,0,0,0.204263,0,0,0,0,0.003584,0.010751,0,,D5523010,PNCB,04/13/2026 12:56:32 AM,BPD442,8M5CL,8M5CL,07/03/2026 4:39:17 AM,8M5CL,D1D,1,7838988,AME423,4,263067,AME423_PM2,P_78_GABON_B10_R3,04/12/2026 11:01:10 PM,2,AME423,4,263067,AME423_PM2,P_78_GABON_B10_R3,04/12/2026 11:01:10 PM,2,,,,8PONCVBB,FL78.3FGTC_SNIP_DLP2295522-1_13215
D552301,256,KJ7HH256WFC4,0,0,0,0,0,0.003584,0,0,0,0.225764,0,0,0,0,0,0,0,,D5523010,PNCB,04/13/2026 12:56:32 AM,BPD442,8M5CL,8M5CL,07/03/2026 4:17:45 AM,8M5CL,D1D,2,7839007,AME423,19,263067,AME423_PM1,P_78_GABON_B10_R3,04/12/2026 11:30:28 PM,10,AME423,19,263067,AME423_PM1,P_78_GABON_B10_R3,04/12/2026 11:30:28 PM,10,,,,8PONCVBB,FL78.3FGTC_SNIP_DLP2295522-1_13215
D551249,95,GT4JU095JKF7,0.004061,0,0,0,0.007383,0.023258,0,0,0,0.152837,0,0,0,0,0,0.022889,0,0,D5512490,PXMG,04/16/2026 12:14:12 AM,BPD444,8M5CL,8M5CL,07/06/2026 5:20:13 AM,8M5CL,D1D,1,7818000,AME423,24,263067,AME423_PM6,P_78_GABON_B10_R3,04/15/2026 2:45:48 PM,12,AME423,24,263067,AME423_PM6,P_78_GABON_B10_R3,04/15/2026 2:45:48 PM,12,,,,8PXMCVBG,FL78.31YJC_SNIP_DLP2295515-1_16891
D551249,96,GT4JU096JKC6,0,0,0,0,0,0.043911,0,0,0,0.223763,0,0,0,0.003659,0,0.021407,0,0,D5512490,PXMG,04/16/2026 12:14:12 AM,BPD444,8M5CL,8M5CL,07/04/2026 11:44:57 PM,8M5CL,D1D,2,7817884,AME423,23,263067,AME423_PM5,P_78_GABON_B10_R3,04/15/2026 2:45:48 PM,12,AME423,23,263067,AME423_PM5,P_78_GABON_B10_R3,04/15/2026 2:45:48 PM,12,,,,8PXMCVBG,FL78.31YJC_SNIP_DLP2295515-1_16891
D551243,51,A25UP051SLE1,0.003692,0,0,0,0,0.007383,0.003692,0,0,0.302722,0,0,0,0,0,0.003692,0,0,D5512430S,PXMG,04/16/2026 12:55:58 PM,BPD446,8M5CL,8M5CL,06/29/2026 5:16:43 PM,8M5CL,D1D,1,8447780,AME421,4,263067,AME421_PM6,P_78_GABON_B10_R3,04/16/2026 10:47:15 AM,3,AME421,4,263067,AME421_PM6,P_78_GABON_B10_R3,04/16/2026 10:47:15 AM,3,,,,8PXMCVBG,FL78.31YJC_SNIP_DLP2295515-1_16891
D551243,53,A25UP053SLF2,0,0,0,0,0.003692,0,0.003692,0,0,0.121827,0,0,0,0.011075,0,0.003692,0,,D5512430S,PXMG,04/16/2026 12:55:58 PM,BPD446,8M5CL,8M5CL,06/29/2026 5:46:18 PM,8M5CL,D1D,2,8447803,AME421,3,263067,AME421_PM6,P_78_GABON_B10_R3,04/16/2026 10:43:09 AM,2,AME421,3,263067,AME421_PM6,P_78_GABON_B10_R3,04/16/2026 10:43:09 AM,2,,,,8PXMCVBG,FL78.31YJC_SNIP_DLP2295515-1_16891
D551243,57,A25UP057SLA1,0,0,0,0,0,0,0.003692,0,0,0.265804,0,0,0,0,0,0,0,0,D5512430S,PXMG,04/16/2026 12:55:58 PM,BPD446,8M5CL,8M5CL,06/29/2026 5:28:25 PM,8M5CL,D1D,3,8447761,AME421,1,263067,AME421_PM6,P_78_GABON_B10_R3,04/16/2026 10:39:27 AM,1,AME421,1,263067,AME421_PM6,P_78_GABON_B10_R3,04/16/2026 10:39:27 AM,1,,,,8PXMCVBG,FL78.31YJC_SNIP_DLP2295515-1_16891
D551243,93,A25UP093SLB1,0,0,0,0,0,0.003692,0,0,0,0.12921,0,0,0,0,0,0,0,,D5512430S,PXMG,04/16/2026 12:55:58 PM,BPD446,8M5CL,8M5CL,06/29/2026 5:31:29 PM,8M5CL,D1D,4,8447788,AME421,17,263067,AME421_PM6,P_78_GABON_B10_R3,04/16/2026 11:06:54 AM,8,AME421,17,263067,AME421_PM6,P_78_GABON_B10_R3,04/16/2026 11:06:54 AM,8,,,,8PXMCVBG,FL78.31YJC_SNIP_DLP2295515-1_16891
D551252,245,GT7EJ245JKF0,0.003692,0,0,0,0.003692,0.007383,0.029534,0,0,0.092293,0,0,0,0.033226,0.003692,0.040609,0,,D5512520,PXMG,04/16/2026 11:01:38 AM,BPD432,8M5CL,8M5CL,07/06/2026 1:12:45 AM,8M5CL,D1D,1,7817610,AME401,17,263067,AME401_PM2,P_78_GABON_B10_R3,04/16/2026 9:57:42 AM,8,AME401,17,263067,AME401_PM2,P_78_GABON_B10_R3,04/16/2026 9:57:42 AM,8,,,,8PXMCVBG,FL78.31YJC_SNIP_DLP2295515-1_16891
D551252,321,GT7EJ321JKA2,0,0,0,0,0.051446,0,0.068595,0,0,0.144335,0,0,0,0.008574,0.004287,0.077169,0,0,D5512520,PXMG,04/16/2026 11:01:38 AM,BPD432,8M5CL,8M5CL,07/06/2026 1:39:41 AM,8M5CL,D1D,2,7817571,AME401,10,263067,AME401_PM2,P_78_GABON_B10_R3,04/16/2026 9:46:54 AM,5,AME401,10,263067,AME401_PM2,P_78_GABON_B10_R3,04/16/2026 9:46:54 AM,5,,,,8PXMCVBG,FL78.31YJC_SNIP_DLP2295515-1_16891
D552340,659,GU6EW659JDB1,0,0,0,0,0.029534,0.011075,0.003692,0,0,0.217812,0,0,0,0.007383,0.007383,0,0,0,D5523400,PXMG,04/16/2026 1:20:34 AM,BPD454,8M5CL,8M5CL,07/23/2026 2:46:37 AM,8M5CL,D1D,1,7849071,AME401,9,263067,AME401_PM1,P_78_GABON_B10_R3,04/15/2026 9:27:10 PM,5,AME401,9,263067,AME401_PM1,P_78_GABON_B10_R3,04/15/2026 9:27:10 PM,5,,,,8PXMCVBG,FL78.31YJC_SNIP_DLP2295515-1_19413
D552340,665,GU6EW665JDD3,0,0,0,0,0,0,0,0,0,0.206737,0,0,0,0.003692,0.007383,0.007383,0,0,D5523400,PXMG,04/16/2026 1:20:34 AM,BPD454,8M5CL,8M5CL,07/23/2026 4:40:37 PM,8M5CL,D1D,2,7849312,AME401,22,263067,AME401_PM2,P_78_GABON_B10_R3,04/15/2026 9:48:45 PM,11,AME401,22,263067,AME401_PM2,P_78_GABON_B10_R3,04/15/2026 9:48:45 PM,11,,,,8PXMCVBG,FL78.31YJC_SNIP_DLP2295515-1_19413
D551243,47,A26LJ047SLF1,0,0,0,0,0,0,0,0,0,0.140286,0,0,0,0.003692,0.003692,0.003692,0,,D5512430,PXMG,04/16/2026 12:01:30 PM,BPD446,8M5CL,8M5CL,06/29/2026 5:32:21 PM,8M5CL,D1D,1,7805212,AME401,12,263067,AME401_PM1,P_78_GABON_B10_R3,04/16/2026 11:03:19 AM,4,AME401,12,263067,AME401_PM1,P_78_GABON_B10_R3,04/16/2026 11:03:19 AM,4,,,,8PXMCVBG,FL78.31YJC_SNIP_DLP2295515-1_16891
D551243,60,A25UP060SLE3,0,0,0,0,0.003659,0.003659,0,0,0,0.259807,0,0,0,0.003659,0,0.003659,0.003659,0,D5512430,PXMG,04/16/2026 12:01:30 PM,BPD446,8M5CL,8M5CL,07/02/2026 9:37:37 AM,8M5CL,D1D,2,7804912,AME401,23,263067,AME401_PM2,P_78_GABON_B10_R3,04/16/2026 11:10:32 AM,6,AME401,23,263067,AME401_PM2,P_78_GABON_B10_R3,04/16/2026 11:10:32 AM,6,,,,8PXMCVBG,FL78.31YJC_SNIP_DLP2295515-1_16891
D550E80,313,5DWZH313MVF5,0.005289,0,0,0,0,0.005289,0,0,0,0.428422,0,0,0,0,0,0.005289,0,,D550E800,X78E,04/20/2026 8:21:30 AM,BPD432,8M5CL,8M5CL,05/28/2026 7:30:55 PM,8M5CL,D1D,1,7796360,AME419,9,263067,AME419_PM4,P_78_GABON_B10_R3,04/20/2026 5:00:30 AM,9,AME419,9,263067,AME419_PM4,P_78_GABON_B10_R3,04/20/2026 5:00:30 AM,9,,,,1X78EVAA,FL78.67MCE_SNIP_DLP2350797-1_544
D550E80,319,5DWZH319MVB5,0,0,0,0,0,0.005289,0.010578,0,0,0.359663,0,0,0,0.005289,0.005289,0,0,,D550E800,X78E,04/20/2026 8:21:30 AM,BPD432,8M5CL,8M5CL,05/28/2026 6:52:33 AM,8M5CL,D1D,2,7796388,AME419,2,263067,AME419_PM4,P_78_GABON_B10_R3,04/20/2026 4:35:09 AM,2,AME419,2,263067,AME419_PM4,P_78_GABON_B10_R3,04/20/2026 4:35:09 AM,2,,,,1X78EVAA,FL78.67MCE_SNIP_DLP2350797-1_544
D550E80,339,5DWZH339MVD2,0,0.005289,0,0,0,0.005289,0,0,0,0.433711,0,0,0,0.005289,0,0,0,,D550E800,X78E,04/20/2026 8:21:30 AM,BPD432,8M5CL,8M5CL,05/28/2026 8:12:29 AM,8M5CL,D1D,3,7796260,AME419,21,263067,AME419_PM4,P_78_GABON_B10_R3,04/20/2026 5:42:50 AM,21,AME419,21,263067,AME419_PM4,P_78_GABON_B10_R3,04/20/2026 5:42:50 AM,21,,,,1X78EVAA,FL78.67MCE_SNIP_DLP2350797-1_544
D550E80,345,5DWZH345MVF4,0,0,0,0,0,0,0.005289,0,0,0.364952,0,0,0,0.005289,0,0.005289,0,,D550E800,X78E,04/20/2026 8:21:30 AM,BPD432,8M5CL,8M5CL,05/28/2026 5:28:18 AM,8M5CL,D1D,4,7796417,AME419,24,263067,AME419_PM4,P_78_GABON_B10_R3,04/20/2026 5:53:16 AM,24,AME419,24,263067,AME419_PM4,P_78_GABON_B10_R3,04/20/2026 5:53:16 AM,24,,,,1X78EVAA,FL78.67MCE_SNIP_DLP2350797-1_544
D552333,65,KJ7HC065WFC5,0,0,0,0,0.003692,0.003692,0.003692,0,0,0.110752,0,0,0,0,0.003692,0,0,,D5523330,PXMG,05/01/2026 12:48:56 PM,BPD454,8M5CL,8M5CL,07/07/2026 12:03:04 AM,8M5CL,D1D,1,7836922,AME427,4,263067,AME427_PM3,P_78_GABON_B10_R3,05/01/2026 10:49:56 AM,2,AME427,4,263067,AME427_PM3,P_78_GABON_B10_R3,05/01/2026 10:49:56 AM,2,,,,8PXMCVBG,FL78.31YJC_SNIP_DLP2295515-1_19413
D552333,111,KJ7HC111WFG4,0,0,0,0,0.003692,0,0,0,0,0.103368,0,0,0,0.003692,0,0.003692,0,,D5523330,PXMG,05/01/2026 12:48:56 PM,BPD454,8M5CL,8M5CL,07/07/2026 12:27:37 AM,8M5CL,D1D,2,7836942,AME427,19,263067,AME427_PM3,P_78_GABON_B10_R3,05/01/2026 11:14:59 AM,9,AME427,19,263067,AME427_PM3,P_78_GABON_B10_R3,05/01/2026 11:14:59 AM,9,,,,8PXMCVBG,FL78.31YJC_SNIP_DLP2295515-1_19413
D552347,205,GT9FQ205JKD6,0,0,0,0,0,0.003692,0,0,0,0.140286,0,0.003692,0,0.007383,0,0.011075,0,,D5523470,PXMG,05/07/2026 4:14:31 PM,BPD442,8M5CL,8M5CL,07/07/2026 12:53:56 AM,8M5CL,D1D,1,7851673,AME421,24,263067,AME421_PM1,P_78_GABON_B10_R3,05/07/2026 2:28:08 PM,6,AME421,24,263067,AME421_PM1,P_78_GABON_B10_R3,05/07/2026 2:28:08 PM,6,,,,8PXMCVBG,FL78.31YJC_SNIP_DLP2295515-1_19413
D552347,207,GT9FQ207JKE7,0,0,0,0,0,0.003692,0,0,0,0.147669,0,0,0,0,0.003692,0,0,,D5523470,PXMG,05/07/2026 4:14:31 PM,BPD442,8M5CL,8M5CL,07/07/2026 10:28:39 PM,8M5CL,D1D,2,7851685,AME421,20,263067,AME421_PM1,P_78_GABON_B10_R3,05/07/2026 2:24:36 PM,5,AME421,20,263067,AME421_PM1,P_78_GABON_B10_R3,05/07/2026 2:24:36 PM,5,,,,8PXMCVBG,FL78.31YJC_SNIP_DLP2295515-1_19413
D552347,206,GT9FQ206JKA5,0.003659,0,0,0,0.003659,0.032933,0,0,0,0.153689,0,0.007319,0,0.025615,0,0,0.003659,,D5523470AN,PXMG,05/07/2026 6:17:47 PM,BPD442,8M5CL,8M5CL,07/08/2026 1:10:14 PM,8M5CL,D1D,1,8572405,AME409,7,263067,AME409_PM6,P_78_GABON_B10_R4,05/07/2026 4:51:56 PM,4,AME409,7,263067,AME409_PM6,P_78_GABON_B10_R4,05/07/2026 4:51:56 PM,4,,,,8PXMCVBG,FL78.31YJC_SNIP_DLP2295515-1_19413
D552347,208,GT9FQ208JKB6,0,0,0,0,0.014637,0.025615,0.010978,0,0,0.263466,0,0,0,0.029274,0,0.014637,0,0,D5523470AN,PXMG,05/07/2026 6:17:47 PM,BPD442,8M5CL,8M5CL,07/07/2026 10:15:52 PM,8M5CL,D1D,2,8572373,AME409,12,263067,AME409_PM6,P_78_GABON_B10_R4,05/07/2026 5:02:31 PM,7,AME409,12,263067,AME409_PM6,P_78_GABON_B10_R4,05/07/2026 5:02:31 PM,7,,,,8PXMCVBG,FL78.31YJC_SNIP_DLP2295515-1_19413
D552347,210,GT9FQ210JKB6,0.00882,0,0,0,0.012479,0.00882,0,0,0,0.215708,0,0,0,0.012479,0.003659,0.00882,0,0,D5523470AN,PXMG,05/07/2026 6:17:47 PM,BPD442,8M5CL,8M5CL,05/08/2026 7:57:04 AM,8M5CL,D1D,3,8573851,AME409,1,263067,AME409_PM6,P_78_GABON_B10_R4,05/07/2026 4:41:07 PM,1,AME409,1,263067,AME409_PM6,P_78_GABON_B10_R4,05/07/2026 4:41:07 PM,1,,,,8PXMCVBG,FL78.31YJC_SNIP_DLP2295515-1_19413
D552347,215,GT9FQ215JKA7,0.007383,0,0,0,0,0.011075,0.011814,0,0,0.276141,0,0,0,0.007383,0,0.003692,0,0,D5523470AN,PXMG,05/07/2026 6:17:47 PM,BPD442,8M5CL,8M5CL,07/08/2026 1:07:22 PM,8M5CL,D1D,4,8573929,AME409,17,263067,AME409_PM6,P_78_GABON_B10_R4,05/07/2026 5:09:40 PM,9,AME409,17,263067,AME409_PM6,P_78_GABON_B10_R4,05/07/2026 5:09:40 PM,9,,,,8PXMCVBG,FL78.31YJC_SNIP_DLP2295515-1_19413
D535528,409,GR2MQ409JKE2,0,0,0,0,0,0.007218,0.010827,0,0,0.187676,0,0,0,0.014437,0.003609,0.018046,0,,D5355280,PNCB,01/30/2026 2:39:07 AM,BPD444,8M5CL,8M5CL,05/02/2026 3:47:26 PM,8M5CL,D1D,1,7255438,AME419,13,263067,AME419_PM6,P_78_GABON_B10_R3,01/30/2026 1:42:22 AM,7,AME419,13,263067,AME419_PM6,P_78_GABON_B10_R3,01/30/2026 1:42:22 AM,7,,,,8PONCVEB,FL78.3JHSC_SNIP_DLP2177706-1_3716
D535528,410,GR2MQ410JKA0,0,0,0,0,0.003584,0.003584,0,0,0,0.186345,0,0,0,0,0,0,0,,D5355280,PNCB,01/30/2026 2:39:07 AM,BPD444,8M5CL,8M5CL,05/07/2026 8:44:24 PM,8M5CL,D1D,2,7255495,AME419,2,263067,AME419_PM6,P_78_GABON_B10_R3,01/30/2026 1:20:46 AM,1,AME419,2,263067,AME419_PM6,P_78_GABON_B10_R3,01/30/2026 1:20:46 AM,1,,,,8PONCVEB,FL78.3JHSC_SNIP_DLP2177706-1_3716
D540191,1,GS2UG001JKB5,0,0,0,0,0.003692,0,0,0,0,0.21412,0,0,0,0,0,0.011075,0,0,D5401910,PXMG,01/31/2026 4:44:43 AM,BPD432,8M5CL,8M5CL,03/26/2026 12:40:11 AM,8M5CL,D1D,1,7407862,AME417,24,263067,AME417_PM6,P_78_GABON_B10_R3,01/31/2026 3:48:24 AM,20,AME417,24,263067,AME417_PM6,P_78_GABON_B10_R3,01/31/2026 3:48:24 AM,20,,,,8PXMCVAG,FL78.31YBC_SNIP_DLP2203458-1_13914
D540191,2,GS2UG002JKF7,0.003659,0,0,0,0.021407,0,0,0,0,0.212785,0,0,0,0.003659,0.003659,0.007319,0.003659,0,D5401910,PXMG,01/31/2026 4:44:43 AM,BPD432,8M5CL,8M5CL,03/25/2026 12:01:51 AM,8M5CL,D1D,2,7407844,AME417,3,263067,AME417_PM6,P_78_GABON_B10_R3,01/31/2026 2:46:36 AM,3,AME417,3,263067,AME417_PM6,P_78_GABON_B10_R3,01/31/2026 2:46:36 AM,3,,,,8PXMCVAG,FL78.31YBC_SNIP_DLP2203458-1_13914
D531145,529,GQ1KC529JKG3,0,0,0,0,0,0,0,0,0,0.360916,0,0,0,0.007218,0,0,0.003609,0,D5311450,PNCB,01/30/2026 2:08:58 AM,BPD444,8M5CL,8M5CL,03/28/2026 11:32:55 PM,8M5CL,D1D,1,7107679,AME419,24,263067,AME419_PM6,P_78_GABON_B10_R3,01/30/2026 1:00:40 AM,23,AME419,24,263067,AME419_PM6,P_78_GABON_B10_R3,01/30/2026 1:00:40 AM,23,,,,8PONCVEB,FL78.3JHSC_SNIP_DLP2177706-1_3118
D531145,531,GQ1KC531JKG3,0,0,0,0,0,0.014437,0,0,0,0.346479,0,0,0,0,0,0.014437,0,0,D5311450,PNCB,01/30/2026 2:08:58 AM,BPD444,8M5CL,8M5CL,03/28/2026 10:02:32 PM,8M5CL,D1D,2,7107635,AME419,3,263067,AME419_PM6,P_78_GABON_B10_R3,01/29/2026 11:50:52 PM,3,AME419,3,263067,AME419_PM6,P_78_GABON_B10_R3,01/29/2026 11:50:52 PM,3,,,,8PONCVEB,FL78.3JHSC_SNIP_DLP2177706-1_3118
D531145,532,GQ1KC532JKD2,0,0,0,0,0,0,0,0,0,0.390052,0,0,0,0.003645,0,0.025517,0.003645,0,D5311450,PNCB,01/30/2026 2:08:58 AM,BPD444,8M5CL,8M5CL,03/22/2026 6:31:29 PM,8M5CL,D1D,3,7107751,AME419,17,263067,AME419_PM6,P_78_GABON_B10_R3,01/30/2026 12:35:58 AM,16,AME419,17,263067,AME419_PM6,P_78_GABON_B10_R3,01/30/2026 12:35:58 AM,16,,,,8PONCVEB,FL78.3JHSC_SNIP_DLP2177706-1_3118
D531145,533,GQ1KC533JKA1,0,0,0,0,0.003609,0,0.010827,0,0,0.38618,0,0,0,0,0.003609,0.007218,0,0,D5311450,PNCB,01/30/2026 2:08:58 AM,BPD444,8M5CL,8M5CL,03/22/2026 2:29:28 PM,8M5CL,D1D,4,7107652,AME419,23,263067,AME419_PM6,P_78_GABON_B10_R3,01/30/2026 12:57:12 AM,22,AME419,23,263067,AME419_PM6,P_78_GABON_B10_R3,01/30/2026 12:57:12 AM,22,,,,8PONCVEB,FL78.3JHSC_SNIP_DLP2177706-1_3118
D539114,582,GS0XD582JKE6,0.003659,0,0,0,0.010978,0,0,0,0,0.140424,0,0,0,0.02653,0.015094,0.015552,0,0,D5391140,PXMG,01/30/2026 3:54:18 AM,BPD432,8M5CL,8M5CL,04/12/2026 1:52:47 PM,8M5CL,D1D,1,7389676,AME421,1,263067,AME421_PM5,P_78_GABON_B10_R3,01/30/2026 2:20:21 AM,1,AME421,1,263067,AME421_PM5,P_78_GABON_B10_R3,01/30/2026 2:20:21 AM,1,,,,8PXMCVAG,FL78.31YBC_SNIP_DLP2203458-1_13087
D539114,583,GS0XD583JKB5,0.003692,0,0,0,0.003692,0,0,0,0,0.143977,0,0,0,0.018459,0.003692,0.014767,0,,D5391140,PXMG,01/30/2026 3:54:18 AM,BPD432,8M5CL,8M5CL,04/17/2026 10:25:09 AM,8M5CL,D1D,2,7389589,AME421,10,263067,AME421_PM6,P_78_GABON_B10_R3,01/30/2026 2:35:00 AM,5,AME421,10,263067,AME421_PM6,P_78_GABON_B10_R3,01/30/2026 2:35:00 AM,5,,,,8PXMCVAG,FL78.31YBC_SNIP_DLP2203458-1_13087
D541348,4,MCFFR004WAE4,0,0,0,0,0,0,0,0,0,0.0988,0,0,0,0.003659,0,0.010978,0,,D5413480,PXMG,01/31/2026 4:04:07 AM,BPD454,8M5CL,8M5CL,04/03/2026 6:08:44 PM,8M5CL,D1D,1,7451930,AME411,1,263067,AME411_PM4,P_78_GABON_B10_R3,01/31/2026 2:44:37 AM,1,AME411,1,263067,AME411_PM4,P_78_GABON_B10_R3,01/31/2026 2:44:37 AM,1,,,,8PXMCVAG,FL78.31YJC_SNIP_DLP2158825-1_22365
D541348,5,MCFFR005WAB3,0,0,0,0,0.011075,0,0.003692,0,0,0.199353,0,0,0,0.007383,0,0.003692,0,,D5413480,PXMG,01/31/2026 4:04:07 AM,BPD454,8M5CL,8M5CL,04/03/2026 6:48:21 PM,8M5CL,D1D,2,7451869,AME411,14,263067,AME411_PM4,P_78_GABON_B10_R3,01/31/2026 3:06:42 AM,7,AME411,14,263067,AME411_PM4,P_78_GABON_B10_R3,01/31/2026 3:06:42 AM,7,,,,8PXMCVAG,FL78.31YJC_SNIP_DLP2158825-1_22365
D536634,377,GQ7JF377JKC0,0.003692,0,0,0,0.003692,0,0,0,0,0.151361,0,0,0,0.007383,0,0.007383,0.011075,,D5366340,PXMG,01/29/2026 10:23:41 PM,BPD454,8M5CL,8M5CL,04/12/2026 4:10:33 AM,8M5CL,D1D,1,7300713,AME401,1,263067,AME401_PM3,P_78_GABON_B10_R3,01/29/2026 7:51:24 PM,1,AME401,1,263067,AME401_PM3,P_78_GABON_B10_R3,01/29/2026 7:51:24 PM,1,,,,8PXMCVAG,FL78.31YBC_SNIP_DLP2203458-1_9242
D536634,378,GQ7JF378JKG2,0,0,0,0,0.003659,0.003659,0.003659,0,0,0.272431,0,0,0,0.007319,0,0.021956,0.038605,0,D5366340,PXMG,01/29/2026 10:23:41 PM,BPD454,8M5CL,8M5CL,04/13/2026 6:17:39 PM,8M5CL,D1D,2,7300660,AME401,2,263067,AME401_PM3,P_78_GABON_B10_R3,01/29/2026 7:54:59 PM,2,AME401,2,263067,AME401_PM3,P_78_GABON_B10_R3,01/29/2026 7:54:59 PM,2,,,,8PXMCVAG,FL78.31YBC_SNIP_DLP2203458-1_9242
D540192,46,A1YUA046SLB3,0,0,0,0,0.032933,0.003659,0,0,0,0.0988,0,0,0,0.003659,0.003659,0.025615,0,,D5401920,PXMG,01/29/2026 6:09:15 AM,BPD444,8M5CL,8M5CL,04/05/2026 1:00:49 PM,8M5CL,D1D,1,7407940,AME411,5,263067,AME411_PM1,P_78_GABON_B10_R3,01/29/2026 3:48:26 AM,3,AME411,5,263067,AME411_PM1,P_78_GABON_B10_R3,01/29/2026 3:48:26 AM,3,,,,8PXMCVAG,FL78.31YBC_SNIP_DLP2203458-1_13914
D540192,47,A1YUA047SLF5,0.003692,0,0,0,0.066451,0.011075,0.014767,0,0,0.103368,0,0,0,0,0,0.003692,0,,D5401920,PXMG,01/29/2026 6:09:15 AM,BPD444,8M5CL,8M5CL,06/07/2026 9:49:44 PM,8M5CL,D1D,2,7407863,AME411,14,263067,AME411_PM2,P_78_GABON_B10_R3,01/29/2026 4:03:10 AM,7,AME411,14,263067,AME411_PM2,P_78_GABON_B10_R3,01/29/2026 4:03:10 AM,7,,,,8PXMCVAG,FL78.31YBC_SNIP_DLP2203458-1_13914
D541308,599,MCEUW599WAD5,0.003692,0,0,0,0,0.003692,0.003692,0,0,0.092293,0,0,0,0.011075,0,0.003692,0,,D5413080,PXMG,01/29/2026 3:42:09 PM,BPD432,8M5CL,8M5CL,03/29/2026 12:59:16 PM,8M5CL,D1D,1,7441913,AME411,13,263067,AME411_PM1,P_78_GABON_B10_R3,01/29/2026 2:05:30 PM,7,AME411,13,263067,AME411_PM1,P_78_GABON_B10_R3,01/29/2026 2:05:30 PM,7,,,,8PXMCVAG,FL78.31YBC_SNIP_DLP2203458-1_15644
D541308,602,MCEUW602WAG2,0,0,0,0,0,0.007319,0,0,0,0.095141,0,0,0,0.003659,0,0.007319,0,,D5413080,PXMG,01/29/2026 3:42:09 PM,BPD432,8M5CL,8M5CL,02/13/2026 10:47:31 PM,8M5CL,D1D,2,7442032,AME411,22,263067,AME411_PM2,P_78_GABON_B10_R3,01/29/2026 2:20:54 PM,11,AME411,22,263067,AME411_PM2,P_78_GABON_B10_R3,01/29/2026 2:20:54 PM,11,,,,8PXMCVAG,FL78.31YBC_SNIP_DLP2203458-1_15644
D540193,77,A1ZC3077SLG0,0,0,0,0,0.02215,0.003692,0.003692,0,0,0.269496,0,0,0,0,0,0.011075,0,0,D5401930,PXMG,01/28/2026 2:44:34 PM,BPD442,8M5CL,8M5CL,04/12/2026 5:30:29 AM,8M5CL,D1D,1,7408114,AME421,8,263067,AME421_PM4,P_78_GABON_B10_R3,01/28/2026 11:48:53 AM,8,AME421,8,263067,AME421_PM4,P_78_GABON_B10_R3,01/28/2026 11:48:53 AM,8,,,,8PXMCVAG,FL78.31YBC_SNIP_DLP2203458-1_13914
D540193,90,A1YYF090SLE7,0,0,0,0,0.003659,0.007319,0.007319,0,0,0.120755,0,0,0,0,0,0.010978,0,,D5401930,PXMG,01/28/2026 2:44:34 PM,BPD442,8M5CL,8M5CL,04/11/2026 1:12:16 AM,8M5CL,D1D,2,7408128,AME421,11,263067,AME421_PM4,P_78_GABON_B10_R3,01/28/2026 11:59:30 AM,11,AME421,11,263067,AME421_PM4,P_78_GABON_B10_R3,01/28/2026 11:59:30 AM,11,,,,8PXMCVAG,FL78.31YBC_SNIP_DLP2203458-1_13914
D532269,7,A1YCG007SLC2,0,0,0,0,0.007218,0,0.003609,0,0,0.166021,0,0,0,0,0,0.010827,0.014437,,D5322690,PNCB,01/31/2026 6:22:24 PM,BPD458,8M5CL,8M5CL,03/21/2026 2:46:50 AM,8M5CL,D1D,1,7147889,AME409,8,263067,AME409_PM5,P_78_GABON_B10_R3,01/31/2026 1:47:45 PM,8,AME409,8,263067,AME409_PM5,P_78_GABON_B10_R3,01/31/2026 1:47:45 PM,8,,,,8PONCVEB,FL78.3JHSC_SNIP_DLP2177706-1_3208
D532269,12,A1YCG012SLA2,0,0,0,0,0.007167,0,0.003584,0,0,0.060921,0,0,0,0.003584,0,0.003584,0,,D5322690,PNCB,01/31/2026 6:22:24 PM,BPD458,8M5CL,8M5CL,03/22/2026 10:45:50 AM,8M5CL,D1D,2,7148010,AME409,23,263067,AME409_PM5,P_78_GABON_B10_R3,01/31/2026 2:48:25 PM,23,AME409,23,263067,AME409_PM5,P_78_GABON_B10_R3,01/31/2026 2:48:25 PM,23,,,,8PONCVEB,FL78.3JHSC_SNIP_DLP2177706-1_3208
D535528,427,GR2MQ427JKE6,0,0,0,0,0.003609,0,0,0,0,0.238204,0,0,0,0.010827,0,0.025264,0,,D5355280X,PNCB,01/31/2026 9:31:58 AM,BPD450,8M5CL,8M5CL,05/03/2026 10:35:57 PM,8M5CL,D1D,1,8039712,AME417,24,263067,AME417_PM3,P_78_GABON_B10_R3,01/31/2026 7:17:12 AM,12,AME417,24,263067,AME417_PM3,P_78_GABON_B10_R3,01/31/2026 7:17:12 AM,12,,,,8PONCVEB,FL78.3JHSC_SNIP_DLP2177706-1_3716
D535528,428,GR2MQ428JKB5,0,0,0,0,0.003584,0,0.007167,0,0,0.182762,0,0,0,0,0,0.007167,0,,D5355280X,PNCB,01/31/2026 9:31:58 AM,BPD450,8M5CL,8M5CL,05/03/2026 8:52:29 PM,8M5CL,D1D,2,8039723,AME417,7,263067,AME417_PM3,P_78_GABON_B10_R3,01/31/2026 6:48:32 AM,4,AME417,7,263067,AME417_PM3,P_78_GABON_B10_R3,01/31/2026 6:48:32 AM,4,,,,8PONCVEB,FL78.3JHSC_SNIP_DLP2177706-1_3716
D540202,569,GS2HT569JKC0,0,0,0,0,0.003692,0,0.003692,0,0,0.10706,0,0,0,0.007383,0,0.025842,0.003692,,D5402020,PXMG,02/05/2026 10:31:19 AM,BPD458,8M5CL,8M5CL,04/26/2026 4:39:03 PM,8M5CL,D1D,1,7410231,AME409,13,263067,AME409_PM1,P_78_GABON_B10_R3,02/05/2026 9:30:05 AM,7,AME409,13,263067,AME409_PM1,P_78_GABON_B10_R3,02/05/2026 9:30:05 AM,7,,,,8PXMCVAG,FL78.31YBC_SNIP_DLP2203458-1_13914
D540202,570,GS2HT570JKF1,0,0,0,0,0,0.003659,0,0,0,0.157348,0,0,0,0,0,0.010978,0,0,D5402020,PXMG,02/05/2026 10:31:19 AM,BPD458,8M5CL,8M5CL,05/16/2026 4:20:59 AM,8M5CL,D1D,2,7410194,AME409,14,263067,AME409_PM2,P_78_GABON_B10_R3,02/05/2026 9:30:05 AM,7,AME409,14,263067,AME409_PM2,P_78_GABON_B10_R3,02/05/2026 9:30:05 AM,7,,,,8PXMCVAG,FL78.31YBC_SNIP_DLP2203458-1_13914
D521930,548,GK0SJ548JKE7,0.003584,0,0,0,0.010751,0.003584,0.028668,0,0,0.247266,0,0,0,0.007167,0,0.157677,0,,D5219300,PNCB,02/06/2026 7:43:21 PM,BPD446,8M5CL,8M5CL,04/07/2026 12:25:13 PM,8M5CL,D1D,1,6763153,AME411,5,263067,AME411_PM3,P_78_GABON_B10_R3,02/06/2026 5:25:48 PM,1,AME411,5,263067,AME411_PM3,P_78_GABON_B10_R3,02/06/2026 5:25:48 PM,1,,,,8PXSCVB,FL78.3388C_SNIP_DLP2187941-1_88
D521930,553,GK0SJ553JKC7,0.003609,0,0,0,0,0,0.028873,0,0,0.198504,0,0,0,0.057747,0.003609,0.187676,0.003609,,D5219300,PNCB,02/06/2026 7:43:21 PM,BPD446,8M5CL,8M5CL,04/07/2026 10:56:39 AM,8M5CL,D1D,2,6763172,AME411,24,263067,AME411_PM3,P_78_GABON_B10_R3,02/06/2026 5:37:16 PM,4,AME411,24,263067,AME411_PM3,P_78_GABON_B10_R3,02/06/2026 5:37:16 PM,4,,,,8PXSCVB,FL78.3388C_SNIP_DLP2187941-1_88
D539103,524,MCEGH524WAG4,0,0,0,0,0.003659,0,0.007319,0,0,0.106118,0,0,0,0.007319,0,0.014637,0,,D5391030,PXMG,02/07/2026 12:22:47 AM,BPD448,8M5CL,8M5CL,04/21/2026 7:46:38 AM,8M5CL,D1D,1,7391856,AME409,12,263067,AME409_PM2,P_78_GABON_B10_R3,02/06/2026 11:13:26 PM,6,AME409,12,263067,AME409_PM2,P_78_GABON_B10_R3,02/06/2026 11:13:26 PM,6,,,,8PXMCVAG,FL78.31YBC_SNIP_DLP2203458-1_13087
D539103,525,MCEGH525WAD3,0.007383,0,0,0,0.014767,0,0.007383,0,0,0.269496,0,0,0,0.003692,0,0.011075,0,0,D5391030,PXMG,02/07/2026 12:22:47 AM,BPD448,8M5CL,8M5CL,04/22/2026 1:21:59 AM,8M5CL,D1D,2,7391752,AME409,19,263067,AME409_PM1,P_78_GABON_B10_R3,02/06/2026 11:28:05 PM,10,AME409,19,263067,AME409_PM1,P_78_GABON_B10_R3,02/06/2026 11:28:05 PM,10,,,,8PXMCVAG,FL78.31YBC_SNIP_DLP2203458-1_13087
D541327,505,MCE1M505WAE0,0,0,0,0,0.007383,0.003692,0,0,0,0.143977,0,0,0,0.003692,0,0.011075,0,,D5413270,PXMG,02/04/2026 1:02:01 PM,BPD446,8M5CL,8M5CL,04/13/2026 10:06:32 AM,8M5CL,D1D,1,7445299,AME421,20,263067,AME421_PM6,P_78_GABON_B10_R3,02/04/2026 7:55:16 AM,5,AME421,20,263067,AME421_PM6,P_78_GABON_B10_R3,02/04/2026 7:55:16 AM,5,,,,8PXMCVAG,FL78.31YBC_SNIP_DLP2203458-1_15644
D541327,574,MCE1M574WAB6,0,0,0,0,0,0,0,0,0,0.117096,0,0,0,0,0,0,0.003659,,D5413270,PXMG,02/04/2026 1:02:01 PM,BPD446,8M5CL,8M5CL,04/23/2026 2:36:03 PM,8M5CL,D1D,2,7445331,AME421,7,263067,AME421_PM5,P_78_GABON_B10_R3,02/04/2026 7:43:06 AM,2,AME421,7,263067,AME421_PM5,P_78_GABON_B10_R3,02/04/2026 7:43:06 AM,2,,,,8PXMCVAG,FL78.31YBC_SNIP_DLP2203458-1_15644
D541327,591,MCE1M591WAF3,0,0,0,0,0,0,0,0,0,0.173511,0,0,0,0,0.014767,0.003692,0,,D5413270X,PXMG,02/04/2026 1:20:06 PM,BPD446,8M5CL,8M5CL,04/23/2026 5:30:09 PM,8M5CL,D1D,1,8062055,AME421,5,263067,AME421_PM6,P_78_GABON_B10_R3,02/04/2026 9:08:46 AM,4,AME421,5,263067,AME421_PM6,P_78_GABON_B10_R3,02/04/2026 9:08:46 AM,4,,,,8PXMCVAG,FL78.31YBC_SNIP_DLP2203458-1_15644
D541327,614,MCEGH614WAB1,0.003659,0,0,0,0.003659,0,0,0,0,0.128074,0,0,0,0.007319,0.003659,0.007319,0.003659,,D5413270X,PXMG,02/04/2026 1:20:06 PM,BPD446,8M5CL,8M5CL,04/13/2026 2:33:38 PM,8M5CL,D1D,2,8061994,AME421,6,263067,AME421_PM6,P_78_GABON_B10_R3,02/04/2026 9:12:21 AM,5,AME421,6,263067,AME421_PM6,P_78_GABON_B10_R3,02/04/2026 9:12:21 AM,5,,,,8PXMCVAG,FL78.31YBC_SNIP_DLP2203458-1_15644
D541327,680,MCE1M680WAD1,0,0,0,0,0,0,0,0,0,0.164666,0,0,0,0,0.007319,0.007319,0,,D5413270X,PXMG,02/04/2026 1:20:06 PM,BPD446,8M5CL,8M5CL,04/23/2026 2:51:26 PM,8M5CL,D1D,3,8061979,AME421,25,263067,AME421_PM6,P_78_GABON_B10_R3,02/04/2026 9:41:04 AM,13,AME421,25,263067,AME421_PM6,P_78_GABON_B10_R3,02/04/2026 9:41:04 AM,13,,,,8PXMCVAG,FL78.31YBC_SNIP_DLP2203458-1_15644
D541327,700,MCE1M700WAD1,0,0,0,0,0,0.007319,0,0,0,0.1976,0,0,0,0,0.007319,0,0,0,D5413270X,PXMG,02/04/2026 1:20:06 PM,BPD446,8M5CL,8M5CL,04/22/2026 1:59:50 PM,8M5CL,D1D,4,8061999,AME421,13,263067,AME421_PM6,P_78_GABON_B10_R3,02/04/2026 9:19:32 AM,7,AME421,13,263067,AME421_PM6,P_78_GABON_B10_R3,02/04/2026 9:19:32 AM,7,,,,8PXMCVAG,FL78.31YBC_SNIP_DLP2203458-1_15644
D533437,226,GQ5EV226JKA2,0,0,0,0,0.004504,0,0,0,0,0.163822,0,0,0,0,0.003659,0.007319,0,0,D5334370,PXMG,02/04/2026 9:32:15 AM,BPD450,8M5CL,8M5CL,04/18/2026 11:40:37 AM,8M5CL,D1D,1,7178818,AME419,8,263067,AME419_PM6,P_78_GABON_B10_R3,02/04/2026 6:47:19 AM,8,AME419,8,263067,AME419_PM6,P_78_GABON_B10_R3,02/04/2026 6:47:19 AM,8,,,,8PXMCVAG,FL78.31YBC_SNIP_DLP2203458-1_5194
D533437,227,GQ5EV227JKE4,0,0,0,0,0.007383,0,0.007383,0,0,0.12921,0,0,0,0.003692,0,0.011075,0,,D5334370,PXMG,02/04/2026 9:32:15 AM,BPD450,8M5CL,8M5CL,04/17/2026 4:10:33 AM,8M5CL,D1D,2,7178820,AME419,11,263067,AME419_PM6,P_78_GABON_B10_R3,02/04/2026 6:57:53 AM,11,AME419,11,263067,AME419_PM6,P_78_GABON_B10_R3,02/04/2026 6:57:53 AM,11,,,,8PXMCVAG,FL78.31YBC_SNIP_DLP2203458-1_5194
D533437,281,GQ5EV281JKG0,0,0,0,0,0.007383,0.003692,0.011075,0,0,0.204891,0,0,0,0.005538,0,0.025842,0,0,D5334370,PXMG,02/04/2026 9:32:15 AM,BPD450,8M5CL,8M5CL,04/10/2026 5:07:45 PM,8M5CL,D1D,3,7178798,AME419,12,263067,AME419_PM6,P_78_GABON_B10_R3,02/04/2026 7:01:20 AM,12,AME419,12,263067,AME419_PM6,P_78_GABON_B10_R3,02/04/2026 7:01:20 AM,12,,,,8PXMCVAG,FL78.31YBC_SNIP_DLP2203458-1_5194
D533437,287,GQ5EV287JKC0,0,0,0,0,0,0,0,0,0,0.225564,0,0,0.003692,0,0.007383,0.021781,0,0,D5334370,PXMG,02/04/2026 9:32:15 AM,BPD450,8M5CL,8M5CL,04/18/2026 11:16:50 AM,8M5CL,D1D,4,7178693,AME419,24,263067,AME419_PM6,P_78_GABON_B10_R3,02/04/2026 7:43:32 AM,24,AME419,24,263067,AME419_PM6,P_78_GABON_B10_R3,02/04/2026 7:43:32 AM,24,,,,8PXMCVAG,FL78.31YBC_SNIP_DLP2203458-1_5194
D530617,683,GP0RU683JKD1,0,0,0,0,0.007218,0.010827,0.003609,0,0,0.295951,0,0,0,0.003609,0,0.018046,0.003609,,D5306170T,PNCB,02/02/2026 7:14:11 PM,BPD450,8M5CL,8M5CL,03/31/2026 8:28:51 AM,8M5CL,D1D,1,8054301,AME423,11,263067,AME423_PM2,P_78_GABON_B10_R3,02/02/2026 2:48:14 PM,1,AME423,11,263067,AME423_PM2,P_78_GABON_B10_R3,02/02/2026 2:48:14 PM,1,LSB443,11,263067,8PONCVEB,FL78.3388C_SNIP_DLP2177706-1_2758
D530617,684,GP0RU684JKA0,0,0,0,0,0.003584,0.003584,0.010751,0,0,0.222181,0,0,0,0.003584,0,0.025085,0.003584,,D5306170T,PNCB,02/02/2026 7:14:11 PM,BPD450,8M5CL,8M5CL,03/29/2026 6:53:15 PM,8M5CL,D1D,2,8054368,AME423,16,263067,AME423_PM2,P_78_GABON_B10_R3,02/02/2026 2:52:45 PM,2,AME423,16,263067,AME423_PM2,P_78_GABON_B10_R3,02/02/2026 2:52:45 PM,2,LSB443,16,263067,8PONCVEB,FL78.3388C_SNIP_DLP2177706-1_2758
D530617,685,GP0RU685JKE2,0,0,0,0,0.007218,0,0.003609,0,0,0.205722,0,0,0,0.010827,0,0.007218,0,,D5306170T,PNCB,02/02/2026 7:14:11 PM,BPD450,8M5CL,8M5CL,03/31/2026 6:57:58 PM,8M5CL,D1D,3,8054398,AME423,17,263067,AME423_PM1,P_78_GABON_B10_R3,02/02/2026 2:56:24 PM,3,AME423,17,263067,AME423_PM1,P_78_GABON_B10_R3,02/02/2026 2:56:24 PM,3,LSB443,17,263067,8PONCVEB,FL78.3388C_SNIP_DLP2177706-1_2758
D530617,686,GP0RU686JKB1,0,0,0,0,0,0.003584,0.017918,0,0,0.204263,0,0,0,0.007167,0,0.017918,0,,D5306170T,PNCB,02/02/2026 7:14:11 PM,BPD450,8M5CL,8M5CL,03/31/2026 2:13:46 PM,8M5CL,D1D,4,8054358,AME423,22,263067,AME423_PM2,P_78_GABON_B10_R3,02/02/2026 2:56:24 PM,3,AME423,22,263067,AME423_PM2,P_78_GABON_B10_R3,02/02/2026 2:56:24 PM,3,LSB443,22,263067,8PONCVEB,FL78.3388C_SNIP_DLP2177706-1_2758
D530617,687,GP0RU687JKF3,0,0,0.007218,0,0,0.003609,0,0,0,0.238204,0,0.003609,0,0,0,0.007218,0,,D5306170T,PNCB,02/02/2026 7:14:11 PM,BPD450,8M5CL,8M5CL,04/01/2026 3:31:08 AM,8M5CL,D1D,5,8054430,AME423,25,263067,AME423_PM1,P_78_GABON_B10_R3,02/02/2026 3:00:00 PM,4,AME423,25,263067,AME423_PM1,P_78_GABON_B10_R3,02/02/2026 3:00:00 PM,4,LSB443,25,263067,8PONCVEB,FL78.3388C_SNIP_DLP2177706-1_2758
D530617,688,GP0RU688JKC2,0,0,0,0,0,0.003584,0.010751,0,0,0.222181,0,0,0,0.003584,0,0.007167,0.003584,,D5306170T,PNCB,02/02/2026 7:14:11 PM,BPD450,8M5CL,8M5CL,03/30/2026 5:30:06 PM,8M5CL,D1D,6,8054292,AME423,8,263067,AME423_PM1,P_78_GABON_B10_R3,02/02/2026 2:48:14 PM,1,AME423,8,263067,AME423_PM1,P_78_GABON_B10_R3,02/02/2026 2:48:14 PM,1,LSB443,8,263067,8PONCVEB,FL78.3388C_SNIP_DLP2177706-1_2758
D530617,689,GP0RU689JKG4,0.003609,0,0,0,0.010827,0,0.003609,0,0,0.249032,0,0,0,0,0,0.028873,0,,D5306170T,PNCB,02/02/2026 7:14:11 PM,BPD450,8M5CL,8M5CL,03/29/2026 10:59:20 PM,8M5CL,D1D,7,8054329,AME423,12,263067,AME423_PM1,P_78_GABON_B10_R3,02/02/2026 2:52:45 PM,2,AME423,12,263067,AME423_PM1,P_78_GABON_B10_R3,02/02/2026 2:52:45 PM,2,LSB443,12,263067,8PONCVEB,FL78.3388C_SNIP_DLP2177706-1_2758
D531175,237,KHYXL237WFH2,0,0,0,0,0.003609,0,0,0,0,0.267078,0,0,0,0.003609,0,0.003609,0.003609,0,D5311750,PNCB,02/02/2026 2:04:54 PM,BPD450,8M5CL,8M5CL,03/30/2026 2:11:03 AM,8M5CL,D1D,1,7116720,AME421,8,263067,AME421_PM4,P_78_GABON_B10_R3,02/02/2026 12:34:15 PM,4,AME421,8,263067,AME421_PM4,P_78_GABON_B10_R3,02/02/2026 12:34:15 PM,4,,,,8PONCVEB,FL78.3JHSC_SNIP_DLP2177706-1_3118
D531175,245,KHYXL245WFD2,0,0,0,0,0.003609,0.007218,0.007218,0,0,0.281514,0,0,0,0.010827,0,0.021655,0.003609,,D5311750,PNCB,02/02/2026 2:04:54 PM,BPD450,8M5CL,8M5CL,03/30/2026 4:04:27 AM,8M5CL,D1D,2,7116686,AME421,11,263067,AME421_PM3,P_78_GABON_B10_R3,02/02/2026 12:41:26 PM,6,AME421,11,263067,AME421_PM3,P_78_GABON_B10_R3,02/02/2026 12:41:26 PM,6,,,,8PONCVEB,FL78.3JHSC_SNIP_DLP2177706-1_3118
D531175,246,KHYXL246WFA1,0,0,0,0,0.003584,0,0.003584,0,0,0.218597,0,0,0,0.010751,0,0,0.003584,,D5311750,PNCB,02/02/2026 2:04:54 PM,BPD450,8M5CL,8M5CL,03/30/2026 8:54:36 AM,8M5CL,D1D,3,7116778,AME421,4,263067,AME421_PM4,P_78_GABON_B10_R3,02/02/2026 12:27:04 PM,2,AME421,4,263067,AME421_PM4,P_78_GABON_B10_R3,02/02/2026 12:27:04 PM,2,,,,8PONCVEB,FL78.3JHSC_SNIP_DLP2177706-1_3118
D531175,259,KHYXL259WFC5,0.007218,0,0.003609,0,0.007218,0,0.003609,0,0,0.230986,0,0,0,0.014437,0,0.003609,0.014437,,D5311750,PNCB,02/02/2026 2:04:54 PM,BPD450,8M5CL,8M5CL,03/30/2026 3:52:14 AM,8M5CL,D1D,4,7116921,AME421,21,263067,AME421_PM3,P_78_GABON_B10_R3,02/02/2026 12:59:38 PM,11,AME421,21,263067,AME421_PM3,P_78_GABON_B10_R3,02/02/2026 12:59:38 PM,11,,,,8PONCVEB,FL78.3JHSC_SNIP_DLP2177706-1_3118
D530617,711,GP0RU711JKG4,0.003609,0,0,0,0.018046,0,0,0,0,0.281514,0,0,0,0.003609,0,0.018046,0,,D5306170U,PNCB,02/02/2026 7:32:26 PM,BPD446,8M5CL,8M5CL,03/30/2026 12:09:33 AM,8M5CL,D1D,1,8054417,AME411,5,263067,AME411_PM3,P_78_GABON_B10_R3,02/02/2026 2:53:16 PM,2,AME411,5,263067,AME411_PM3,P_78_GABON_B10_R3,02/02/2026 2:53:16 PM,2,LSB443,5,263067,8PONCVEB,FL78.3388C_SNIP_DLP2177706-1_2758
D530617,712,GP0RU712JKD3,0,0,0,0,0,0,0.007167,0,0,0.200679,0,0,0,0.007167,0,0.017918,0,,D5306170U,PNCB,02/02/2026 7:32:26 PM,BPD446,8M5CL,8M5CL,03/29/2026 6:52:23 PM,8M5CL,D1D,2,8054483,AME411,14,263067,AME411_PM3,P_78_GABON_B10_R3,02/02/2026 2:57:17 PM,3,AME411,14,263067,AME411_PM3,P_78_GABON_B10_R3,02/02/2026 2:57:17 PM,3,LSB443,14,263067,8PONCVEB,FL78.3388C_SNIP_DLP2177706-1_2758
D530617,713,GP0RU713JKA2,0.003609,0,0,0,0.003609,0,0,0,0,0.25625,0,0,0,0.007218,0,0.010827,0,,D5306170U,PNCB,02/02/2026 7:32:26 PM,BPD446,8M5CL,8M5CL,02/15/2026 1:35:32 AM,8M5CL,D1D,3,8054473,AME411,15,263067,AME411_PM4,P_78_GABON_B10_R3,02/02/2026 2:57:17 PM,3,AME411,15,263067,AME411_PM4,P_78_GABON_B10_R3,02/02/2026 2:57:17 PM,3,LSB443,15,263067,8PONCVEB,FL78.3388C_SNIP_DLP2177706-1_2758
D530617,714,GP0RU714JKE4,0.010751,0,0,0,0,0,0,0,0,0.229348,0,0,0,0.007167,0,0.017918,0,,D5306170U,PNCB,02/02/2026 7:32:26 PM,BPD446,8M5CL,8M5CL,03/30/2026 12:09:40 AM,8M5CL,D1D,4,8054384,AME411,2,263067,AME411_PM3,P_78_GABON_B10_R3,02/02/2026 2:49:15 PM,1,AME411,2,263067,AME411_PM3,P_78_GABON_B10_R3,02/02/2026 2:49:15 PM,1,LSB443,2,263067,8PONCVEB,FL78.3388C_SNIP_DLP2177706-1_2758
D530617,715,GP0RU715JKB3,0.003609,0,0,0,0.003609,0.003609,0.003609,0,0,0.259859,0,0,0,0.010827,0,0.028873,0,,D5306170U,PNCB,02/02/2026 7:32:26 PM,BPD446,8M5CL,8M5CL,03/31/2026 2:09:05 PM,8M5CL,D1D,5,8054394,AME411,3,263067,AME411_PM4,P_78_GABON_B10_R3,02/02/2026 2:49:15 PM,1,AME411,3,263067,AME411_PM4,P_78_GABON_B10_R3,02/02/2026 2:49:15 PM,1,LSB443,3,263067,8PONCVEB,FL78.3388C_SNIP_DLP2177706-1_2758
D530617,716,GP0RU716JKF5,0,0,0,0,0,0,0.007167,0,0,0.225764,0,0,0,0,0,0.007167,0,,D5306170U,PNCB,02/02/2026 7:32:26 PM,BPD446,8M5CL,8M5CL,03/31/2026 2:39:51 PM,8M5CL,D1D,6,8054537,AME411,21,263067,AME411_PM4,P_78_GABON_B10_R3,02/02/2026 3:01:18 PM,4,AME411,21,263067,AME411_PM4,P_78_GABON_B10_R3,02/02/2026 3:01:18 PM,4,LSB443,21,263067,8PONCVEB,FL78.3388C_SNIP_DLP2177706-1_2758
D530617,717,GP0RU717JKC4,0,0,0,0,0.007218,0.007218,0.014437,0,0,0.249032,0,0,0,0.007218,0.003609,0.010827,0,,D5306170U,PNCB,02/02/2026 7:32:26 PM,BPD446,8M5CL,8M5CL,03/31/2026 2:05:51 PM,8M5CL,D1D,7,8054526,AME411,18,263067,AME411_PM3,P_78_GABON_B10_R3,02/02/2026 3:01:18 PM,4,AME411,18,263067,AME411_PM3,P_78_GABON_B10_R3,02/02/2026 3:01:18 PM,4,LSB443,18,263067,8PONCVEB,FL78.3388C_SNIP_DLP2177706-1_2758
D530617,721,GP0RU721JKD5,0,0,0,0,0.010827,0,0.010827,0,0,0.202113,0,0,0,0.010827,0,0.025264,0,,D5306170U,PNCB,02/02/2026 7:32:26 PM,BPD446,8M5CL,8M5CL,03/30/2026 2:06:17 PM,8M5CL,D1D,8,8054443,AME411,6,263067,AME411_PM4,P_78_GABON_B10_R3,02/02/2026 2:53:16 PM,2,AME411,6,263067,AME411_PM4,P_78_GABON_B10_R3,02/02/2026 2:53:16 PM,2,LSB443,6,263067,8PONCVEB,FL78.3388C_SNIP_DLP2177706-1_2758
D530617,495,GP0RU495JKD1,0,0,0,0,0.010827,0,0.014437,0,0,0.320996,0,0,0,0.007218,0,0.018265,0.003609,0,D5306170,PNCB,02/02/2026 3:48:15 PM,BPD444,8M5CL,8M5CL,03/30/2026 5:32:04 PM,8M5CL,D1D,1,7082867,AME411,20,263067,AME411_PM4,P_78_GABON_B10_R3,02/02/2026 2:45:14 PM,4,AME411,20,263067,AME411_PM4,P_78_GABON_B10_R3,02/02/2026 2:45:14 PM,4,,,,8PONCVEB,FL78.3388C_SNIP_DLP2177706-1_2758
D530617,676,GP0RU676JKE0,0.003584,0,0,0,0,0.003584,0,0,0,0.218597,0,0,0,0.010751,0,0.007167,0,,D5306170,PNCB,02/02/2026 3:48:15 PM,BPD444,8M5CL,8M5CL,03/31/2026 8:14:49 AM,8M5CL,D1D,2,7082992,AME411,19,263067,AME411_PM3,P_78_GABON_B10_R3,02/02/2026 2:45:14 PM,4,AME411,19,263067,AME411_PM3,P_78_GABON_B10_R3,02/02/2026 2:45:14 PM,4,,,,8PONCVEB,FL78.3388C_SNIP_DLP2177706-1_2758
D530617,677,GP0RU677JKA7,0,0,0,0,0.003609,0,0.010827,0,0,0.238204,0,0,0,0.007218,0,0.014437,0,,D5306170,PNCB,02/02/2026 3:48:15 PM,BPD444,8M5CL,8M5CL,03/31/2026 10:30:48 PM,8M5CL,D1D,3,7083007,AME411,4,263067,AME411_PM4,P_78_GABON_B10_R3,02/02/2026 2:33:13 PM,1,AME411,4,263067,AME411_PM4,P_78_GABON_B10_R3,02/02/2026 2:33:13 PM,1,,,,8PONCVEB,FL78.3388C_SNIP_DLP2177706-1_2758
D530617,678,GP0RU678JKF1,0.003584,0,0,0,0.003584,0.007167,0.010751,0,0,0.2616,0,0,0,0.017918,0,0.017918,0.010751,,D5306170,PNCB,02/02/2026 3:48:15 PM,BPD444,8M5CL,8M5CL,03/29/2026 7:09:45 PM,8M5CL,D1D,4,7082885,AME411,10,263067,AME411_PM3,P_78_GABON_B10_R3,02/02/2026 2:41:13 PM,3,AME411,10,263067,AME411_PM3,P_78_GABON_B10_R3,02/02/2026 2:41:13 PM,3,,,,8PONCVEB,FL78.3388C_SNIP_DLP2177706-1_2758
D530617,679,GP0RU679JKC0,0,0,0,0,0.007218,0.003609,0.003609,0,0,0.259859,0,0,0,0.003609,0,0.014437,0,,D5306170,PNCB,02/02/2026 3:48:15 PM,BPD444,8M5CL,8M5CL,03/29/2026 6:57:24 PM,8M5CL,D1D,5,7082917,AME411,9,263067,AME411_PM4,P_78_GABON_B10_R3,02/02/2026 2:37:13 PM,2,AME411,9,263067,AME411_PM4,P_78_GABON_B10_R3,02/02/2026 2:37:13 PM,2,,,,8PONCVEB,FL78.3388C_SNIP_DLP2177706-1_2758
D530617,680,GP0RU680JKF1,0.003584,0,0,0,0.003584,0,0,0,0,0.236515,0,0,0,0.010751,0,0.010751,0,,D5306170,PNCB,02/02/2026 3:48:15 PM,BPD444,8M5CL,8M5CL,03/31/2026 8:29:50 AM,8M5CL,D1D,6,7082905,AME411,1,263067,AME411_PM3,P_78_GABON_B10_R3,02/02/2026 2:33:13 PM,1,AME411,1,263067,AME411_PM3,P_78_GABON_B10_R3,02/02/2026 2:33:13 PM,1,,,,8PONCVEB,FL78.3388C_SNIP_DLP2177706-1_2758
D530617,681,GP0RU681JKC0,0,0,0,0,0,0,0.003609,0,0,0.25625,0,0,0,0.010827,0.003609,0.014437,0,,D5306170,PNCB,02/02/2026 3:48:15 PM,BPD444,8M5CL,8M5CL,03/30/2026 2:15:17 PM,8M5CL,D1D,7,7082890,AME411,7,263067,AME411_PM3,P_78_GABON_B10_R3,02/02/2026 2:37:13 PM,2,AME411,7,263067,AME411_PM3,P_78_GABON_B10_R3,02/02/2026 2:37:13 PM,2,,,,8PONCVEB,FL78.3388C_SNIP_DLP2177706-1_2758
D530617,682,GP0RU682JKG2,0,0,0,0,0,0.010751,0.003584,0,0,0.215014,0,0,0,0.003584,0,0.021501,0,,D5306170,PNCB,02/02/2026 3:48:15 PM,BPD444,8M5CL,8M5CL,03/31/2026 5:17:57 PM,8M5CL,D1D,8,7082990,AME411,13,263067,AME411_PM4,P_78_GABON_B10_R3,02/02/2026 2:41:13 PM,3,AME411,13,263067,AME411_PM4,P_78_GABON_B10_R3,02/02/2026 2:41:13 PM,3,,,,8PONCVEB,FL78.3388C_SNIP_DLP2177706-1_2758
D540213,58,A21NN058SLE5,0,0,0,0,0,0.007319,0.003659,0,0,0.095141,0,0,0,0.003659,0,0.007319,0,,D5402130,PXMG,02/02/2026 10:01:38 PM,BPD454,8M5CL,8M5CL,04/16/2026 4:25:39 PM,8M5CL,D1D,1,7412107,AME419,12,263067,AME419_PM6,P_78_GABON_B10_R3,02/02/2026 8:33:38 PM,12,AME419,12,263067,AME419_PM6,P_78_GABON_B10_R3,02/02/2026 8:33:38 PM,12,,,,8PXMCVAG,FL78.31YBC_SNIP_DLP2203458-1_13914
D540213,59,A21NN059SLB4,0,0,0,0,0.003692,0,0.014767,0,0,0.173511,0,0,0,0,0,0.003692,0.014767,,D5402130,PXMG,02/02/2026 10:01:38 PM,BPD454,8M5CL,8M5CL,04/16/2026 3:45:05 PM,8M5CL,D1D,2,7412064,AME419,3,263067,AME419_PM6,P_78_GABON_B10_R3,02/02/2026 8:01:09 PM,3,AME419,3,263067,AME419_PM6,P_78_GABON_B10_R3,02/02/2026 8:01:09 PM,3,,,,8PXMCVAG,FL78.31YBC_SNIP_DLP2203458-1_13914
D541332,457,GT4QE457JDE7,0.007383,0,0,0,0.003692,0,0.003692,0,0,0.110752,0,0,0,0.003692,0,0.018459,0,,D5413320,PXMG,02/01/2026 2:17:42 PM,BPD444,8M5CL,8M5CL,03/27/2026 9:14:52 PM,8M5CL,D1D,1,7447043,AME411,13,263067,AME411_PM3,P_78_GABON_B10_R3,02/01/2026 1:06:51 PM,7,AME411,13,263067,AME411_PM3,P_78_GABON_B10_R3,02/01/2026 1:06:51 PM,7,,,,8PXMCVAG,FL78.31YBC_SNIP_DLP2203458-1_15644
D541332,458,GT4QE458JDB6,0,0,0,0,0,0.106464,0,0,0.106464,0.958176,0,0.053232,0,0,0,0,0,0,D5413320,PXMG,02/01/2026 2:17:42 PM,BPD444,8M5CL,8M5CL,03/27/2026 4:11:32 PM,8M5CL,D1D,2,7446976,AME411,14,263067,AME411_PM4,P_78_GABON_B10_R3,02/01/2026 1:06:51 PM,7,AME411,14,263067,AME411_PM4,P_78_GABON_B10_R3,02/01/2026 1:06:51 PM,7,,,,8PXMCVAG,FL78.31YBC_SNIP_DLP2203458-1_15644
D539095,40,A1YVC040SLB6,0.003584,0,0,0,0.003584,0,0,0,0,0.204263,0,0,0,0,0,0.003584,0,,D5390950,PNCB,02/12/2026 7:27:49 PM,BPD436,8M5CL,8M5CL,04/07/2026 12:49:53 AM,8M5CL,D1D,1,7396363,AME403,20,263067,AME403_PM5,P_78_GABON_B10_R3,02/12/2026 2:44:29 PM,10,AME403,20,263067,AME403_PM5,P_78_GABON_B10_R3,02/12/2026 2:44:29 PM,10,,,,8PONCVEB,FL78.3JHSC_SNIP_DLP2177706-1_5978
D539095,41,A1YVC041SLG0,0.003609,0,0,0,0,0.003609,0,0,0,0.234595,0,0,0,0,0,0.003609,0,,D5390950,PNCB,02/12/2026 7:27:49 PM,BPD436,8M5CL,8M5CL,04/06/2026 1:30:02 AM,8M5CL,D1D,2,7396440,AME403,11,263067,AME403_PM6,P_78_GABON_B10_R3,02/12/2026 2:26:23 PM,6,AME403,11,263067,AME403_PM6,P_78_GABON_B10_R3,02/12/2026 2:26:23 PM,6,,,,8PONCVEB,FL78.3JHSC_SNIP_DLP2177706-1_5978
D539095,43,A1YVC043SLH1,0.003609,0,0,0,0.010827,0,0,0,0,0.534155,0,0,0,0,0,0.010827,0,0,D5390950,PNCB,02/12/2026 7:27:49 PM,BPD436,8M5CL,8M5CL,04/07/2026 12:12:23 AM,8M5CL,D1D,3,7396320,AME403,1,263067,AME403_PM6,P_78_GABON_B10_R3,02/12/2026 2:08:12 PM,1,AME403,1,263067,AME403_PM6,P_78_GABON_B10_R3,02/12/2026 2:08:12 PM,1,,,,8PONCVEB,FL78.3JHSC_SNIP_DLP2177706-1_5978
D539095,45,A1YVC045SLA7,0,0,0,0,0.007218,0.003609,0,0,0,0.274296,0,0,0,0.003609,0,0.007218,0.003609,,D5390950,PNCB,02/12/2026 7:27:49 PM,BPD436,8M5CL,8M5CL,04/06/2026 1:30:03 AM,8M5CL,D1D,4,7396298,AME403,25,263067,AME403_PM6,P_78_GABON_B10_R3,02/12/2026 2:51:45 PM,13,AME403,25,263067,AME403_PM6,P_78_GABON_B10_R3,02/12/2026 2:51:45 PM,13,,,,8PONCVEB,FL78.3JHSC_SNIP_DLP2177706-1_5978
D535549,402,GR2MQ402JKE0,0.003659,0,0,0,0,0.003659,0,0,0,0.109778,0,0,0,0,0.003659,0.007319,0,,D5355490,PXMG,02/11/2026 4:40:17 AM,BPD454,8M5CL,8M5CL,06/30/2026 2:13:30 PM,8M5CL,D1D,1,7263402,AME421,8,263067,AME421_PM1,P_78_GABON_B10_R3,02/11/2026 2:52:56 AM,8,AME421,8,263067,AME421_PM1,P_78_GABON_B10_R3,02/11/2026 2:52:56 AM,8,,,,8PXMCVAG,FL78.31YBC_SNIP_DLP2203458-1_7201
D535549,403,GR2MQ403JKA7,0.003692,0,0,0,0.007383,0,0,0,0,0.118135,0,0,0,0,0,0.007383,0,,D5355490,PXMG,02/11/2026 4:40:17 AM,BPD454,8M5CL,8M5CL,02/14/2026 9:40:24 AM,8M5CL,D1D,2,7263332,AME421,3,263067,AME421_PM1,P_78_GABON_B10_R3,02/11/2026 2:34:57 AM,3,AME421,3,263067,AME421_PM1,P_78_GABON_B10_R3,02/11/2026 2:34:57 AM,3,,,,8PXMCVAG,FL78.31YBC_SNIP_DLP2203458-1_7201
D540232,434,GS2UF434JKB7,0,0,0,0,0.010978,0,0.010978,0,0,0.116486,0,0,0,0.003659,0,0.011588,0.003659,0,D5402320,PXMG,02/08/2026 9:17:22 AM,BPD436,8M5CL,8M5CL,04/25/2026 3:16:17 AM,8M5CL,D1D,1,7415648,AME409,17,263067,AME409_PM5,P_78_GABON_B10_R3,02/08/2026 6:54:44 AM,9,AME409,17,263067,AME409_PM5,P_78_GABON_B10_R3,02/08/2026 6:54:44 AM,9,,,,8PXMCVAG,FL78.31YJC_SNIP_DLP2158825-1_20186
D540232,435,GS2UF435JKG1,0,0,0,0,0.003692,0.003692,0,0,0,0.166128,0,0,0,0,0,0.018459,0.007383,,D5402320,PXMG,02/08/2026 9:17:22 AM,BPD436,8M5CL,8M5CL,04/23/2026 10:22:06 PM,8M5CL,D1D,2,7415740,AME409,22,263067,AME409_PM6,P_78_GABON_B10_R3,02/08/2026 7:02:01 AM,11,AME409,22,263067,AME409_PM6,P_78_GABON_B10_R3,02/08/2026 7:02:01 AM,11,,,,8PXMCVAG,FL78.31YJC_SNIP_DLP2158825-1_20186
D541313,427,GS2HU427JKG2,0.007383,0,0,0,0,0,0.007383,0,0,0.143977,0,0,0,0.003692,0,0.003692,0,,D5413130,PXMG,02/09/2026 1:10:46 AM,BPD458,8M5CL,8M5CL,04/23/2026 9:23:48 PM,8M5CL,D1D,1,7443067,AME401,20,263067,AME401_PM2,P_78_GABON_B10_R3,02/09/2026 12:18:54 AM,19,AME401,20,263067,AME401_PM2,P_78_GABON_B10_R3,02/09/2026 12:18:54 AM,19,,,,8PXMCVAG,FL78.31YBC_SNIP_DLP2203458-1_15644
D541313,428,GS2HU428JKD1,0,0,0,0,0.003659,0.003659,0.003659,0,0,0.113437,0,0,0,0,0,0,0,,D5413130,PXMG,02/09/2026 1:10:46 AM,BPD458,8M5CL,8M5CL,02/13/2026 10:33:27 PM,8M5CL,D1D,2,7443070,AME401,23,263067,AME401_PM2,P_78_GABON_B10_R3,02/09/2026 12:29:34 AM,22,AME401,23,263067,AME401_PM2,P_78_GABON_B10_R3,02/09/2026 12:29:34 AM,22,,,,8PXMCVAG,FL78.31YBC_SNIP_DLP2203458-1_15644
D533E8Q,277,GQ8TZ277JKF3,0.006591,0,0,0,0,0,0,0,0,0.303192,0,0,0,0.013182,0,0.006591,0,,D533E8Q0,X78D,02/20/2026 6:50:17 AM,BPD450,8M5CL,8M5CL,03/27/2026 9:43:10 AM,8M5CL,D1D,1,7193531,AME417,8,263067,AME417_PM6,P_78_GABON_B10_R3,02/20/2026 6:04:32 AM,2,AME417,8,263067,AME417_PM6,P_78_GABON_B10_R3,02/20/2026 6:04:32 AM,2,,,,1X278VDD,FL78.3HXXC_SNIP_DLP2254800-1_431
D533E8Q,278,GQ8TZ278JKC2,0,0,0,0,0,0.006592,0.006592,0,0,0.243909,0,0,0,0.013184,0,0.006592,0,,D533E8Q0,X78D,02/20/2026 6:50:17 AM,BPD450,8M5CL,8M5CL,02/23/2026 7:52:19 AM,8M5CL,D1D,2,7193529,AME417,23,263067,AME417_PM5,P_78_GABON_B10_R3,02/20/2026 6:19:11 AM,6,AME417,23,263067,AME417_PM5,P_78_GABON_B10_R3,02/20/2026 6:19:11 AM,6,,,,1X278VDD,FL78.3HXXC_SNIP_DLP2254800-1_431
D541337,251,GS0ZL251JKG0,0,0,0,0,0.003692,0.003692,0,0,0,0.234055,0,0,0,0,0,0.01329,0,0,D5413370,PXMG,02/18/2026 7:22:02 AM,BPD432,8M5CL,8M5CL,05/17/2026 5:26:34 AM,8M5CL,D1D,1,7447084,AME421,4,263067,AME421_PM1,P_78_GABON_B10_R3,02/18/2026 5:23:00 AM,4,AME421,4,263067,AME421_PM1,P_78_GABON_B10_R3,02/18/2026 5:23:00 AM,4,,,,8PXMCVAG,FL78.31YBC_SNIP_DLP2203458-1_15644
D541337,252,GS0ZL252JKC7,0,0,0,0,0,0.003659,0,0,0,0.106118,0,0,0,0.003659,0.003659,0,0.003659,,D5413370,PXMG,02/18/2026 7:22:02 AM,BPD432,8M5CL,8M5CL,05/15/2026 4:21:24 AM,8M5CL,D1D,2,7447077,AME421,11,263067,AME421_PM1,P_78_GABON_B10_R3,02/18/2026 5:47:51 AM,11,AME421,11,263067,AME421_PM1,P_78_GABON_B10_R3,02/18/2026 5:47:51 AM,11,,,,8PXMCVAG,FL78.31YBC_SNIP_DLP2203458-1_15644
D525EP3,351,KHTWH351WFF4,0,0,0,0,0.005289,0.010578,0,0,0,0.703458,0,0,0,0.005289,0,0.010578,0.010578,,D525EP30,X78E,02/18/2026 2:06:48 PM,BPD448,8M5CL,8M5CL,03/12/2026 3:28:24 PM,8M5CL,D1D,1,6915222,AME419,4,263067,AME419_PM3,P_78_GABON_B10_R3,02/18/2026 12:02:39 PM,2,AME419,4,263067,AME419_PM3,P_78_GABON_B10_R3,02/18/2026 12:02:39 PM,2,,,,1L78EVA,FL78.6BQXC_SNIP_DLP2210481-1_42
D525EP3,354,KHTWH354WFD4,0.005273,0,0,0,0.005273,0.010546,0,0.010546,0,0.569467,0,0,0,0.010546,0,0.010546,0.07382,,D525EP30,X78E,02/18/2026 2:06:48 PM,BPD448,8M5CL,8M5CL,03/12/2026 3:28:16 PM,8M5CL,D1D,2,6915357,AME419,11,263067,AME419_PM4,P_78_GABON_B10_R3,02/18/2026 12:09:48 PM,4,AME419,11,263067,AME419_PM4,P_78_GABON_B10_R3,02/18/2026 12:09:48 PM,4,,,,1L78EVA,FL78.6BQXC_SNIP_DLP2210481-1_42
D525EP3,516,KHTWH516WFH0,0.005273,0,0,0,0.010546,0.005273,0,0.005273,0,0.616923,0,0,0,0,0,0.021091,0.015819,,D525EP30,X78E,02/18/2026 2:06:48 PM,BPD448,8M5CL,8M5CL,03/12/2026 3:28:20 PM,8M5CL,D1D,3,6915375,AME419,22,263067,AME419_PM4,P_78_GABON_B10_R3,02/18/2026 12:16:56 PM,6,AME419,22,263067,AME419_PM4,P_78_GABON_B10_R3,02/18/2026 12:16:56 PM,6,,,,1L78EVA,FL78.6BQXC_SNIP_DLP2210481-1_42
D525EP3,517,KHTWH517WFD7,0.005289,0,0,0,0.015867,0,0,0,0,0.666434,0,0,0,0.005289,0.005289,0.015867,0.015867,,D525EP30,X78E,02/18/2026 2:06:48 PM,BPD448,8M5CL,8M5CL,03/12/2026 3:28:09 PM,8M5CL,D1D,4,6915338,AME419,6,263067,AME419_PM4,P_78_GABON_B10_R3,02/18/2026 12:02:39 PM,2,AME419,6,263067,AME419_PM4,P_78_GABON_B10_R3,02/18/2026 12:02:39 PM,2,,,,1L78EVA,FL78.6BQXC_SNIP_DLP2210481-1_42
D525EP3,519,KHTWH519WFF0,0.010578,0,0,0,0,0.015867,0,0,0,0.634699,0,0,0,0,0,0.010578,0.005289,,D525EP30,X78E,02/18/2026 2:06:48 PM,BPD448,8M5CL,8M5CL,03/12/2026 3:28:40 PM,8M5CL,D1D,5,6915262,AME419,10,263067,AME419_PM3,P_78_GABON_B10_R3,02/18/2026 12:09:47 PM,4,AME419,10,263067,AME419_PM3,P_78_GABON_B10_R3,02/18/2026 12:09:47 PM,4,,,,1L78EVA,FL78.6BQXC_SNIP_DLP2210481-1_42
D525EP3,525,KHTWH525WFH2,0,0,0,0,0,0.005289,0,0,0,0.671723,0,0,0,0.005289,0,0,0.015867,,D525EP30,X78E,02/18/2026 2:06:48 PM,BPD448,8M5CL,8M5CL,03/12/2026 3:28:31 PM,8M5CL,D1D,6,6915398,AME419,8,263067,AME419_PM4,P_78_GABON_B10_R3,02/18/2026 12:06:14 PM,3,AME419,8,263067,AME419_PM4,P_78_GABON_B10_R3,02/18/2026 12:06:14 PM,3,,,,1L78EVA,FL78.6BQXC_SNIP_DLP2210481-1_42
D533E5E,64,MC6XG064WAH1,0,0,0,0,0,0,0,0,0,0.224132,0,0,0,0,0,0,0,0,D533E5E0,X78D,02/17/2026 11:06:23 PM,BPD450,8M5CL,8M5CL,02/18/2026 4:43:29 PM,8M5CL,D1D,1,7193570,AME403,16,263067,AME403_PM2,P_78_GABON_B10_R3,02/17/2026 10:17:23 PM,4,AME403,16,263067,AME403_PM2,P_78_GABON_B10_R3,02/17/2026 10:17:23 PM,4,,,,1L278VD,FL78.367YC_SNIP_DLP2158236-1_7086
D533E5E,156,MC6XG156WAC7,0,0,0,0,0,0.019776,0,0,0.006592,0.191172,0,0,0,0,0,0.019776,0,,D533E5E0,X78D,02/17/2026 11:06:23 PM,BPD450,8M5CL,8M5CL,02/18/2026 4:43:06 PM,8M5CL,D1D,2,7193591,AME403,19,263067,AME403_PM1,P_78_GABON_B10_R3,02/17/2026 10:20:54 PM,5,AME403,19,263067,AME403_PM1,P_78_GABON_B10_R3,02/17/2026 10:20:54 PM,5,,,,1L278VD,FL78.367YC_SNIP_DLP2158236-1_7086
D533E5E,161,MC6XG161WAA7,0,0,0,0,0,0.006591,0,0,0,0.158187,0,0,0,0,0,0.032956,0,,D533E5E0,X78D,02/17/2026 11:06:23 PM,BPD450,8M5CL,8M5CL,02/18/2026 4:43:34 PM,8M5CL,D1D,3,7193573,AME403,4,263067,AME403_PM1,P_78_GABON_B10_R3,02/17/2026 10:10:05 PM,2,AME403,4,263067,AME403_PM1,P_78_GABON_B10_R3,02/17/2026 10:10:05 PM,2,,,,1L278VD,FL78.367YC_SNIP_DLP2158236-1_7086
D533E5E,240,MC6XG240WAB4,0,0,0,0,0,0.019776,0,0,0,0.138435,0,0,0,0.013184,0,0.039553,0,,D533E5E0,X78D,02/17/2026 11:06:23 PM,BPD450,8M5CL,8M5CL,02/18/2026 4:43:27 PM,8M5CL,D1D,4,7193588,AME403,1,263067,AME403_PM1,P_78_GABON_B10_R3,02/17/2026 10:06:26 PM,1,AME403,1,263067,AME403_PM1,P_78_GABON_B10_R3,02/17/2026 10:06:26 PM,1,,,,1L278VD,FL78.367YC_SNIP_DLP2158236-1_7086
D532E1A,326,GQ6PL326JKB0,0,0,0,0,0,0,0,0,0,0.243909,0,0,0,0.006592,0,0.006592,0,,D532E1A0,X78D,02/18/2026 11:38:11 AM,BPD454,8M5CL,8M5CL,03/27/2026 4:26:00 AM,8M5CL,D1D,1,7168616,AME403,12,263067,AME403_PM6,P_78_GABON_B10_R3,02/18/2026 10:21:26 AM,7,AME403,12,263067,AME403_PM6,P_78_GABON_B10_R3,02/18/2026 10:21:26 AM,7,,,,1X278VDD,FL78.3HXXC_SNIP_DLP2249067-1_170
D532E1A,327,GQ6PL327JKF2,0,0,0,0,0,0,0.006591,0,0,0.29001,0,0,0,0.006591,0,0.013182,0,,D532E1A0,X78D,02/18/2026 11:38:11 AM,BPD454,8M5CL,8M5CL,03/26/2026 8:03:16 PM,8M5CL,D1D,2,7168590,AME403,15,263067,AME403_PM6,P_78_GABON_B10_R3,02/18/2026 10:25:00 AM,8,AME403,15,263067,AME403_PM6,P_78_GABON_B10_R3,02/18/2026 10:25:00 AM,8,,,,1X278VDD,FL78.3HXXC_SNIP_DLP2249067-1_170
D521E49,704,GK0SJ704JKF0,0.105662,0,0,0,0.013843,0.013843,0,0,0,0.23548,0,0,0,0,0.006922,0,0,0,D521E490,X78D,02/16/2026 10:13:10 AM,BPD444,8M5CL,8M5CL,02/17/2026 8:27:41 AM,8M5CL,D1D,1,6762735,AME417,20,263067,AME417_PM4,P_78_GABON_B10_R3,02/16/2026 9:26:41 AM,20,AME417,20,263067,AME417_PM4,P_78_GABON_B10_R3,02/16/2026 9:26:41 AM,20,,,,1L278VD,FL78.367YC_SNIP_DLP2187683-1_37
D521E49,705,GK0SJ705JKB7,0.029331,0,0,0,0,0,0.006591,0,0,0.293635,0,0,0,0,0,0.006591,0.006591,0,D521E490,X78D,02/16/2026 10:13:10 AM,BPD444,8M5CL,8M5CL,02/17/2026 8:27:42 AM,8M5CL,D1D,2,6762750,AME417,23,263067,AME417_PM4,P_78_GABON_B10_R3,02/16/2026 9:33:58 AM,22,AME417,23,263067,AME417_PM4,P_78_GABON_B10_R3,02/16/2026 9:33:58 AM,22,,,,1L278VD,FL78.367YC_SNIP_DLP2187683-1_37
D521E49,706,GK0SJ706JKG1,0,0,0,0,0,0.006592,0,0,0,0.243909,0,0,0,0,0.006592,0,0,,D521E490,X78D,02/16/2026 10:13:10 AM,BPD444,8M5CL,8M5CL,02/17/2026 8:23:59 AM,8M5CL,D1D,3,6762820,AME417,10,263067,AME417_PM4,P_78_GABON_B10_R3,02/16/2026 8:51:20 AM,10,AME417,10,263067,AME417_PM4,P_78_GABON_B10_R3,02/16/2026 8:51:20 AM,10,,,,1L278VD,FL78.367YC_SNIP_DLP2187683-1_37
D521E49,707,GK0SJ707JKD0,0.013182,0,0,0,0.006591,0.006591,0,0,0,0.217507,0,0,0,0,0,0.006591,0,,D521E490,X78D,02/16/2026 10:13:10 AM,BPD444,8M5CL,8M5CL,02/17/2026 8:27:40 AM,8M5CL,D1D,4,6762899,AME417,18,263067,AME417_PM4,P_78_GABON_B10_R3,02/16/2026 9:19:38 AM,18,AME417,18,263067,AME417_PM4,P_78_GABON_B10_R3,02/16/2026 9:19:38 AM,18,,,,1L278VD,FL78.367YC_SNIP_DLP2187683-1_37
D525EP2,348,KHTWH348WFB2,0,0,0,0,0,0,0.015819,0,0,0.348008,0,0.005273,0,0,0,0,0,,D525EP20,X78E,02/25/2026 7:57:10 PM,BPD436,8M5CL,8M5CL,03/12/2026 3:28:50 PM,8M5CL,D1D,1,6915119,AME409,13,263067,AME409_PM1,P_78_GABON_B10_R3,02/24/2026 3:09:45 AM,4,AME409,13,263067,AME409_PM1,P_78_GABON_B10_R3,02/24/2026 3:09:45 AM,4,,,,1L78EVA,FL78.6BQXC_SNIP_DLP2210476-1_42
D525EP2,375,KHTWH375WFC0,0,0,0,0,0.010578,0,0,0,0,0.327928,0,0,0.005289,0,0,0.005289,0.005289,,D525EP20,X78E,02/25/2026 7:57:10 PM,BPD436,8M5CL,8M5CL,03/12/2026 3:27:59 PM,8M5CL,D1D,2,6915139,AME409,22,263067,AME409_PM2,P_78_GABON_B10_R3,02/24/2026 3:14:09 AM,5,AME409,22,263067,AME409_PM2,P_78_GABON_B10_R3,02/24/2026 3:14:09 AM,5,,,,1L78EVA,FL78.6BQXC_SNIP_DLP2210476-1_42
D532266,401,GP8YF401JKF4,0,0,0.003609,0,0.003609,0,0.003609,0,0,0.238204,0,0,0,0.010827,0,0.014437,0,,D5322660,PNCB,03/07/2026 7:30:36 AM,BPD444,8M5CL,8M5CL,05/12/2026 7:36:09 PM,8M5CL,D1D,1,7146535,AME423,17,263067,AME423_PM1,P_78_GABON_B10_R3,03/07/2026 6:21:24 AM,9,AME423,17,263067,AME423_PM1,P_78_GABON_B10_R3,03/07/2026 6:21:24 AM,9,,,,8PONCVEB,FL78.3JHSC_SNIP_DLP2177706-1_3208
D532266,531,GP8YF531JKD3,0,0,0,0,0,0.003609,0.003609,0,0,0.285123,0,0,0,0,0,0.003609,0,,D5322660,PNCB,03/07/2026 7:30:36 AM,BPD444,8M5CL,8M5CL,05/10/2026 4:57:50 PM,8M5CL,D1D,2,7146378,AME423,6,263067,AME423_PM2,P_78_GABON_B10_R3,03/07/2026 5:59:35 AM,3,AME423,6,263067,AME423_PM2,P_78_GABON_B10_R3,03/07/2026 5:59:35 AM,3,,,,8PONCVEB,FL78.3JHSC_SNIP_DLP2177706-1_3208
D532266,628,GP8YF628JKF5,0,0,0,0,0,0.003584,0.007167,0,0,0.204263,0,0,0,0.007167,0,0.014334,0,,D5322660,PNCB,03/07/2026 7:30:36 AM,BPD444,8M5CL,8M5CL,05/20/2026 4:51:27 AM,8M5CL,D1D,3,7146452,AME423,1,263067,AME423_PM2,P_78_GABON_B10_R3,03/07/2026 5:52:17 AM,1,AME423,1,263067,AME423_PM2,P_78_GABON_B10_R3,03/07/2026 5:52:17 AM,1,,,,8PONCVEB,FL78.3JHSC_SNIP_DLP2177706-1_3208
D532266,643,GP8YF643JKA6,0.010827,0,0,0,0,0.003609,0,0,0,0.259859,0,0,0,0.007218,0,0.021655,0,,D5322660,PNCB,03/07/2026 7:30:36 AM,BPD444,8M5CL,8M5CL,05/13/2026 12:42:28 AM,8M5CL,D1D,4,7146456,AME423,25,263067,AME423_PM1,P_78_GABON_B10_R3,03/07/2026 6:35:53 AM,13,AME423,25,263067,AME423_PM1,P_78_GABON_B10_R3,03/07/2026 6:35:53 AM,13,,,,8PONCVEB,FL78.3JHSC_SNIP_DLP2177706-1_3208
D539111,340,MCEUR340WAB6,0,0,0,0,0,0.007319,0.003659,0,0,0.095141,0,0,0,0,0,0.010978,0,,D5391110,PXMG,03/03/2026 4:18:17 AM,BPD432,8M5CL,8M5CL,06/07/2026 4:40:21 PM,8M5CL,D1D,1,7389429,AME403,4,263067,AME403_PM2,P_78_GABON_B10_R3,03/03/2026 3:00:54 AM,2,AME403,4,263067,AME403_PM2,P_78_GABON_B10_R3,03/03/2026 3:00:54 AM,2,,,,8PXMCVAG,FL78.31YBC_SNIP_DLP2203458-1_13087
D539111,373,MCEUR373WAF7,0,0,0,0,0,0,0,0,0,0.21209,0,0,0,0.007383,0.003692,0.031564,0,0,D5391110,PXMG,03/03/2026 4:18:17 AM,BPD432,8M5CL,8M5CL,05/20/2026 10:29:30 PM,8M5CL,D1D,2,7389405,AME403,7,263067,AME403_PM1,P_78_GABON_B10_R3,03/03/2026 3:08:09 AM,4,AME403,7,263067,AME403_PM1,P_78_GABON_B10_R3,03/03/2026 3:08:09 AM,4,,,,8PXMCVAG,FL78.31YBC_SNIP_DLP2203458-1_13087
D531EP4,349,KHYXL349WFE5,0.006591,0.006591,0,0,0,0,0,0,0,0.177961,0,0,0,0.006591,0,0,0,,D531EP40,X78D,03/04/2026 2:32:26 PM,BPD454,8M5CL,8M5CL,05/06/2026 12:34:34 AM,8M5CL,D1D,1,7137364,AME403,25,263067,AME403_PM5,P_78_GABON_B10_R3,03/04/2026 1:38:56 PM,5,AME403,25,263067,AME403_PM5,P_78_GABON_B10_R3,03/04/2026 1:38:56 PM,5,,,,1X278VDD,FL78.3HXZC_SNIP_DLP2235726-1_204
D531EP4,364,KHYXL364WFH1,0.006592,0,0,0,0,0.006592,0.006592,0,0,0.27687,0,0,0,0,0.019776,0,0,,D531EP40,X78D,03/04/2026 2:32:26 PM,BPD454,8M5CL,8M5CL,04/08/2026 2:13:19 PM,8M5CL,D1D,2,7137277,AME403,2,263067,AME403_PM6,P_78_GABON_B10_R3,03/04/2026 1:24:30 PM,1,AME403,2,263067,AME403_PM6,P_78_GABON_B10_R3,03/04/2026 1:24:30 PM,1,,,,1X278VDD,FL78.3HXZC_SNIP_DLP2235726-1_204
D531EP4,373,KHYXL373WFA0,0.006591,0,0,0,0,0.006591,0.013182,0,0,0.164778,0,0.013182,0,0.006591,0,0.026365,0.013182,,D531EP40,X78D,03/04/2026 2:32:26 PM,BPD454,8M5CL,8M5CL,05/06/2026 2:22:06 AM,8M5CL,D1D,3,7137360,AME403,20,263067,AME403_PM5,P_78_GABON_B10_R3,03/04/2026 1:35:24 PM,4,AME403,20,263067,AME403_PM5,P_78_GABON_B10_R3,03/04/2026 1:35:24 PM,4,,,,1X278VDD,FL78.3HXZC_SNIP_DLP2235726-1_204
D531147,17,A11E2017SLD5,0,0,0,0,0.018046,0,0.007218,0,0,0.230986,0,0,0,0,0,0.010827,0.003609,,D5311470,PNCB,03/02/2026 12:17:51 AM,BPD432,8M5CL,8M5CL,05/07/2026 3:12:13 AM,8M5CL,D1D,1,7111973,AME403,16,263067,AME403_PM5,P_78_GABON_B10_R3,03/01/2026 11:03:32 PM,16,AME403,16,263067,AME403_PM5,P_78_GABON_B10_R3,03/01/2026 11:03:32 PM,16,,,,8PONCVEB,FL78.3JHSC_SNIP_DLP2177706-1_3118
D531147,118,A10HY118SLG5,0,0,0,0,0.010751,0,0.010751,0,0,0.215014,0,0,0,0.003584,0,0.007167,0,,D5311470,PNCB,03/02/2026 12:17:51 AM,BPD432,8M5CL,8M5CL,05/07/2026 8:43:34 PM,8M5CL,D1D,2,7111971,AME403,11,263067,AME403_PM5,P_78_GABON_B10_R3,03/01/2026 10:45:09 PM,11,AME403,11,263067,AME403_PM5,P_78_GABON_B10_R3,03/01/2026 10:45:09 PM,11,,,,8PONCVEB,FL78.3JHSC_SNIP_DLP2177706-1_3118
D521916,153,GK2VC153JKB6,0.003609,0,0,0,0.010827,0,0.007218,0,0,0.209331,0,0,0,0.007218,0,0.028873,0,,D5219160,PNCB,03/14/2026 7:31:44 AM,BPD448,8M5CL,8M5CL,06/07/2026 6:20:57 AM,8M5CL,D1D,1,6762862,AME403,21,263067,AME403_PM1,P_78_GABON_B10_R3,03/14/2026 6:45:48 AM,5,AME403,21,263067,AME403_PM1,P_78_GABON_B10_R3,03/14/2026 6:45:48 AM,5,,,,8PXSCVB,FL78.3388C_SNIP_DLP2187680-1_88
D521916,326,GK2VC326JKG5,0,0,0,0,0.003584,0.003584,0,0,0,0.218597,0,0,0,0,0,0.003584,0.003584,,D5219160,PNCB,03/14/2026 7:31:44 AM,BPD448,8M5CL,8M5CL,06/08/2026 6:34:12 AM,8M5CL,D1D,2,6762806,AME403,14,263067,AME403_PM1,P_78_GABON_B10_R3,03/14/2026 6:38:02 AM,3,AME403,14,263067,AME403_PM1,P_78_GABON_B10_R3,03/14/2026 6:38:02 AM,3,,,,8PXSCVB,FL78.3388C_SNIP_DLP2187680-1_88
D541E7P,139,A21PM139SLE5,0,0,0,0,0,0,0,0,0,0.56594,0,0,0,0,0,0,0,,D541E7PA,X78E,03/11/2026 11:49:46 PM,BPD450,8M5CL,8M5CL,04/08/2026 2:11:30 PM,8M5CL,D1D,1,7705043,AME417,9,263067,AME417_PM5,P_78_GABON_B10_R3,03/11/2026 10:15:59 PM,4,AME417,9,263067,AME417_PM5,P_78_GABON_B10_R3,03/11/2026 10:15:59 PM,4,,,,1X278VCD,FL78.3GDCC_SNIP_DLP2286887-1_2803
D541E7P,144,A20V6144SLC6,0,0,0,0,0,0,0,0,0,0.564194,0,0,0,0,0,0,0,,D541E7PA,X78E,03/11/2026 11:49:46 PM,BPD450,8M5CL,8M5CL,05/22/2026 3:30:46 AM,8M5CL,D1D,2,7705065,AME417,10,263067,AME417_PM6,P_78_GABON_B10_R3,03/11/2026 10:15:59 PM,4,AME417,10,263067,AME417_PM6,P_78_GABON_B10_R3,03/11/2026 10:15:59 PM,4,,,,1X278VCD,FL78.3GDCC_SNIP_DLP2286887-1_2803
D541E7P,146,A20V6146SLD7,0,0,0,0,0,0,0,0,0,0.379645,0,0,0,0.005273,0,0.005273,0.005273,,D541E7PA,X78E,03/11/2026 11:49:46 PM,BPD450,8M5CL,8M5CL,04/08/2026 2:11:24 PM,8M5CL,D1D,3,7705028,AME417,8,263067,AME417_PM6,P_78_GABON_B10_R3,03/11/2026 10:12:20 PM,3,AME417,8,263067,AME417_PM6,P_78_GABON_B10_R3,03/11/2026 10:12:20 PM,3,,,,1X278VCD,FL78.3GDCC_SNIP_DLP2286887-1_2803
D532268,27,A1YP9027SLA6,0,0,0.004034,0,0.004034,0.244762,0,0,0.004034,0.315618,0,0,0,0.004034,0.003709,0,0.008068,0,D5322680,PNCB,03/11/2026 1:31:48 AM,BPD448,8M5CL,8M5CL,05/27/2026 9:15:40 AM,8M5CL,D1D,1,7147835,AME403,17,263067,AME403_PM1,P_78_GABON_B10_R3,03/10/2026 10:55:04 PM,9,AME403,17,263067,AME403_PM1,P_78_GABON_B10_R3,03/10/2026 10:55:04 PM,9,,,,8PONCVEB,FL78.3JHSC_SNIP_DLP2177706-1_3208
D532268,28,A1YP9028SLF0,0.003584,0,0,0,0,0.003584,0.003584,0,0,0.21143,0,0,0,0,0,0.003584,0,,D5322680,PNCB,03/11/2026 1:31:48 AM,BPD448,8M5CL,8M5CL,05/27/2026 1:10:49 AM,8M5CL,D1D,2,7147839,AME403,2,263067,AME403_PM2,P_78_GABON_B10_R3,03/10/2026 10:24:41 PM,1,AME403,2,263067,AME403_PM2,P_78_GABON_B10_R3,03/10/2026 10:24:41 PM,1,,,,8PONCVEB,FL78.3JHSC_SNIP_DLP2177706-1_3208
D532268,31,A1YP9031SLB7,0,0,0,0,0,0.018046,0.003609,0,0,0.364525,0,0,0,0.003609,0,0.003609,0,0,D5322680,PNCB,03/11/2026 1:31:48 AM,BPD448,8M5CL,8M5CL,05/26/2026 11:09:07 PM,8M5CL,D1D,3,7147924,AME403,5,263067,AME403_PM1,P_78_GABON_B10_R3,03/10/2026 10:31:57 PM,3,AME403,5,263067,AME403_PM1,P_78_GABON_B10_R3,03/10/2026 10:31:57 PM,3,,,,8PONCVEB,FL78.3JHSC_SNIP_DLP2177706-1_3208
D532268,32,A1YP9032SLG1,0,0,0,0,0,0.039419,0,0,0,0.193512,0,0,0,0.003584,0,0.003584,0.007167,,D5322680,PNCB,03/11/2026 1:31:48 AM,BPD448,8M5CL,8M5CL,05/26/2026 1:43:44 PM,8M5CL,D1D,4,7148039,AME403,18,263067,AME403_PM2,P_78_GABON_B10_R3,03/10/2026 10:55:04 PM,9,AME403,18,263067,AME403_PM2,P_78_GABON_B10_R3,03/10/2026 10:55:04 PM,9,,,,8PONCVEB,FL78.3JHSC_SNIP_DLP2177706-1_3208
D528E9N,560,KHWJK560WFB2,0,0,0,0,0,0.006592,0.007581,0,0,0.302249,0,0,0,0.006592,0.006592,0.032961,0,0,D528E9N0,X78D,03/17/2026 4:18:18 PM,BPD450,8M5CL,8M5CL,04/18/2026 9:45:27 PM,8M5CL,D1D,1,7026610,AME403,17,263067,AME403_PM6,P_78_GABON_B10_R3,03/17/2026 1:48:50 PM,4,AME403,17,263067,AME403_PM6,P_78_GABON_B10_R3,03/17/2026 1:48:50 PM,4,,,,1X278VD,FL78.31VDC_SNIP_DLP2227434-1_110
D528E9N,594,KHWJG594WFA6,0,0,0,0,0,0,0.006592,0,0,0.21754,0,0,0,0,0.006592,0.006592,0,,D528E9N0,X78D,03/17/2026 4:18:18 PM,BPD450,8M5CL,8M5CL,04/19/2026 4:44:23 AM,8M5CL,D1D,2,7026652,AME403,2,263067,AME403_PM5,P_78_GABON_B10_R3,03/17/2026 1:37:11 PM,1,AME403,2,263067,AME403_PM5,P_78_GABON_B10_R3,03/17/2026 1:37:11 PM,1,,,,1X278VD,FL78.31VDC_SNIP_DLP2227434-1_110
D528E9N,632,KHWJG632WFB2,0.006592,0,0,0,0,0.006592,0,0.006592,0,0.177988,0,0,0,0,0.013184,0.032961,0.006592,,D528E9N0,X78D,03/17/2026 4:18:18 PM,BPD450,8M5CL,8M5CL,04/18/2026 12:26:37 PM,8M5CL,D1D,3,7026700,AME403,19,263067,AME403_PM6,P_78_GABON_B10_R3,03/17/2026 1:52:28 PM,5,AME403,19,263067,AME403_PM6,P_78_GABON_B10_R3,03/17/2026 1:52:28 PM,5,,,,1X278VD,FL78.31VDC_SNIP_DLP2227434-1_110
D528E9N,680,KHWJG680WFA4,0,0,0,0,0,0,0,0,0,0.369159,0,0,0,0,0.006592,0.013184,0,0,D528E9N0,X78D,03/17/2026 4:18:18 PM,BPD450,8M5CL,8M5CL,04/19/2026 3:10:54 PM,8M5CL,D1D,4,7026688,AME403,4,263067,AME403_PM6,P_78_GABON_B10_R3,03/17/2026 1:37:11 PM,1,AME403,4,263067,AME403_PM6,P_78_GABON_B10_R3,03/17/2026 1:37:11 PM,1,,,,1X278VD,FL78.31VDC_SNIP_DLP2227434-1_110
D528E9N,747,KHWJK747WFF4,0,0,0,0,0.013182,0,0,0,0,0.177961,0,0,0,0,0.006591,0.006591,0,,D528E9N0,X78D,03/17/2026 4:18:18 PM,BPD450,8M5CL,8M5CL,04/19/2026 12:43:06 AM,8M5CL,D1D,5,7026676,AME403,7,263067,AME403_PM6,P_78_GABON_B10_R3,03/17/2026 1:41:33 PM,2,AME403,7,263067,AME403_PM6,P_78_GABON_B10_R3,03/17/2026 1:41:33 PM,2,,,,1X278VD,FL78.31VDC_SNIP_DLP2227434-1_110
D528E9N,864,KHWJG864WFG6,0.013184,0,0,0,0,0.006592,0,0,0,0.296646,0,0,0,0.006592,0.006592,0.026369,0,0,D528E9N0,X78D,03/17/2026 4:18:18 PM,BPD450,8M5CL,8M5CL,04/18/2026 10:24:28 AM,8M5CL,D1D,6,7026732,AME403,18,263067,AME403_PM5,P_78_GABON_B10_R3,03/17/2026 1:52:28 PM,5,AME403,18,263067,AME403_PM5,P_78_GABON_B10_R3,03/17/2026 1:52:28 PM,5,,,,1X278VD,FL78.31VDC_SNIP_DLP2227434-1_110
D528922,221,KHW9R221WFA6,0,0,0,0,0.003609,0.007218,0,0,0,0.202113,0,0,0,0.007218,0,0.003609,0,,D5289220,PNCB,03/23/2026 4:14:11 AM,BPD432,8M5CL,8M5CL,07/08/2026 4:37:43 PM,8M5CL,D1D,1,7019701,AME427,1,263067,AME427_PM2,P_78_GABON_B10_R3,03/23/2026 1:09:49 AM,1,AME427,1,263067,AME427_PM2,P_78_GABON_B10_R3,03/23/2026 1:09:49 AM,1,,,,8PXSCVZB,FL78.3FLVC
D528922,251,KHW9R251WFG7,0,0,0,0,0.003609,0,0.003609,0,0,0.227377,0,0,0,0,0,0.003609,0,,D5289220,PNCB,03/23/2026 4:14:11 AM,BPD432,8M5CL,8M5CL,07/08/2026 8:57:42 PM,8M5CL,D1D,2,7019646,AME427,22,263067,AME427_PM2,P_78_GABON_B10_R3,03/23/2026 1:47:07 AM,10,AME427,22,263067,AME427_PM2,P_78_GABON_B10_R3,03/23/2026 1:47:07 AM,10,,,,8PXSCVZB,FL78.3FLVC
D528922,268,KHW9R268WFE2,0,0,0,0,0.003584,0,0.003584,0,0,0.197096,0,0,0,0,0,0,0,,D5289220,PNCB,03/23/2026 4:14:11 AM,BPD432,8M5CL,8M5CL,07/08/2026 10:07:14 PM,8M5CL,D1D,3,7019655,AME427,6,263067,AME427_PM2,P_78_GABON_B10_R3,03/23/2026 1:13:19 AM,2,AME427,6,263067,AME427_PM2,P_78_GABON_B10_R3,03/23/2026 1:13:19 AM,2,,,,8PXSCVZB,FL78.3FLVC
D528922,270,KHW9R270WFE2,0,0,0,0,0.007167,0,0,0,0,0.236515,0,0,0,0.010751,0,0.010751,0,,D5289220,PNCB,03/23/2026 4:14:11 AM,BPD432,8M5CL,8M5CL,07/08/2026 5:09:41 PM,8M5CL,D1D,4,7019727,AME427,23,263067,AME427_PM2,P_78_GABON_B10_R3,03/23/2026 1:50:59 AM,11,AME427,23,263067,AME427_PM2,P_78_GABON_B10_R3,03/23/2026 1:50:59 AM,11,,,,8PXSCVZB,FL78.3FLVC
D505967,685,GM3PQ685JKB5,0,0,0,0,0,0,0.003692,0,0,0.136594,0,0,0,0,0.007383,0.003692,0.003692,,D5059670,PXMG,03/30/2026 9:43:36 AM,BPD450,8M5CL,8M5CL,04/08/2026 2:07:59 PM,8M5CL,D1D,1,6180631,AME419,16,263067,AME419_PM5,P_78_GABON_B10_R3,03/30/2026 9:00:12 AM,4,AME419,16,263067,AME419_PM5,P_78_GABON_B10_R3,03/30/2026 9:00:12 AM,4,,,,8PXMCVG,FL78.0KM2B_SNIP_DLP2099073-1_1
D505967,686,GM3PQ686JKF7,0,0,0,0,0,0.007319,0,0,0,0.153689,0,0,0,0.003659,0,0,0,,D5059670,PXMG,03/30/2026 9:43:36 AM,BPD450,8M5CL,8M5CL,04/08/2026 2:08:02 PM,8M5CL,D1D,2,6180708,AME419,7,263067,AME419_PM5,P_78_GABON_B10_R3,03/30/2026 8:49:30 AM,1,AME419,7,263067,AME419_PM5,P_78_GABON_B10_R3,03/30/2026 8:49:30 AM,1,,,,8PXMCVG,FL78.0KM2B_SNIP_DLP2099073-1_1
D529514,66,A11E2066SLH1,0,0,0,0,0,0,0.003584,0,0,0.21143,0,0,0,0,0,0.017918,0,,D5295140,PNCB,03/30/2026 4:38:47 PM,BPD448,8M5CL,8M5CL,06/17/2026 11:24:37 PM,8M5CL,D1D,1,7039191,AME417,9,263067,AME417_PM3,P_78_GABON_B10_R3,03/30/2026 3:12:31 PM,5,AME417,9,263067,AME417_PM3,P_78_GABON_B10_R3,03/30/2026 3:12:31 PM,5,,,,8PONCVEB,FL78.3388C_SNIP_DLP2177706-1_2471
D529514,71,A11FV071SLG7,0,0,0,0,0,0.003609,0,0,0,0.162412,0,0.010827,0,0,0.003609,0.025264,0,,D5295140,PNCB,03/30/2026 4:38:47 PM,BPD448,8M5CL,8M5CL,06/19/2026 6:40:56 PM,8M5CL,D1D,2,7039139,AME417,6,263067,AME417_PM4,P_78_GABON_B10_R3,03/30/2026 3:03:22 PM,3,AME417,6,263067,AME417_PM4,P_78_GABON_B10_R3,03/30/2026 3:03:22 PM,3,,,,8PONCVEB,FL78.3388C_SNIP_DLP2177706-1_2471
D535523,811,GP8YG811JKG7,0,0,0,0,0.003609,0.007218,0,0,0,0.21294,0,0,0,0.007218,0,0.007218,0,,D5355230,PNCB,03/29/2026 10:46:14 AM,BPD442,8M5CL,8M5CL,06/07/2026 9:11:20 PM,8M5CL,D1D,1,7250665,AME411,12,263067,AME411_PM3,P_78_GABON_B10_R3,03/29/2026 8:24:56 AM,3,AME411,12,263067,AME411_PM3,P_78_GABON_B10_R3,03/29/2026 8:24:56 AM,3,,,,8PONCVEB,FL78.3JHSC_SNIP_DLP2177706-1_3716
D535523,812,GP8YG812JKD6,0.003584,0,0,0,0,0.003584,0,0,0,0.193512,0,0,0,0,0,0.021501,0.003584,,D5355230,PNCB,03/29/2026 10:46:14 AM,BPD442,8M5CL,8M5CL,06/07/2026 8:55:20 PM,8M5CL,D1D,2,7250662,AME411,23,263067,AME411_PM3,P_78_GABON_B10_R3,03/29/2026 9:06:01 AM,14,AME411,23,263067,AME411_PM3,P_78_GABON_B10_R3,03/29/2026 9:06:01 AM,14,,,,8PONCVEB,FL78.3JHSC_SNIP_DLP2177706-1_3716
D522979,98,MC6XG098WAA6,0,0,0,0,0.003584,0,0,0,0,0.218597,0,0,0,0.003584,0,0,0,,D5229790,PNCB,04/11/2026 7:10:59 AM,BPD432,8M5CL,8M5CL,07/03/2026 4:08:07 AM,8M5CL,D1D,1,6799063,AME423,12,263067,AME423_PM3,P_78_GABON_B10_R3,04/11/2026 6:11:18 AM,2,AME423,12,263067,AME423_PM3,P_78_GABON_B10_R3,04/11/2026 6:11:18 AM,2,,,,8PONCVDB,FL78.338EC_SNIP_DLP2193395-1_52
D522979,116,MC6XG116WAH0,0,0,0,0,0.003584,0.004,0,0,0,0.328021,0,0,0,0.004,0.004,0.004,0,0,D5229790,PNCB,04/11/2026 7:10:59 AM,BPD432,8M5CL,8M5CL,07/12/2026 8:18:30 AM,8M5CL,D1D,2,6799018,AME423,3,263067,AME423_PM3,P_78_GABON_B10_R3,04/11/2026 6:07:40 AM,1,AME423,3,263067,AME423_PM3,P_78_GABON_B10_R3,04/11/2026 6:07:40 AM,1,,,,8PONCVDB,FL78.338EC_SNIP_DLP2193395-1_52
D541E7M,605,GR8SP605JKH0,0,0,0,0,0.00725,0.006591,0,0,0,0.328898,0,0,0,0.013182,0,0.006591,0,0,D541E7M0,X78D,04/17/2026 9:48:06 PM,BPD442,8M5CL,8M5CL,04/19/2026 7:34:07 AM,8M5CL,D1D,1,7477510,AME401,20,263067,AME401_PM2,P_78_GABON_B10_R3,04/17/2026 7:23:23 PM,3,AME401,20,263067,AME401_PM2,P_78_GABON_B10_R3,04/17/2026 7:23:23 PM,3,,,,1X278VCD,FL78.3GDCC_SNIP_DLP2286887-1_2803
D541E7M,607,GR8SP607JKA6,0,0,0,0,0.00758,0,0,0,0,0.289021,0,0,0,0,0,0,0,0,D541E7M0,X78D,04/17/2026 9:48:06 PM,BPD442,8M5CL,8M5CL,04/19/2026 7:34:19 AM,8M5CL,D1D,2,7477571,AME401,19,263067,AME401_PM1,P_78_GABON_B10_R3,04/17/2026 7:23:23 PM,3,AME401,19,263067,AME401_PM1,P_78_GABON_B10_R3,04/17/2026 7:23:23 PM,3,,,,1X278VCD,FL78.3GDCC_SNIP_DLP2286887-1_2803
D541E7M,933,GR8SP933JKC0,0,0,0,0,0,0,0.006591,0,0,0.184552,0,0.006591,0,0.006591,0,0.006591,0,,D541E7M0,X78D,04/17/2026 9:48:06 PM,BPD442,8M5CL,8M5CL,04/19/2026 7:33:52 AM,8M5CL,D1D,3,7477609,AME401,6,263067,AME401_PM1,P_78_GABON_B10_R3,04/17/2026 7:16:11 PM,1,AME401,6,263067,AME401_PM1,P_78_GABON_B10_R3,04/17/2026 7:16:11 PM,1,,,,1X278VCD,FL78.3GDCC_SNIP_DLP2286887-1_2803
D541E7M,934,GR8SP934JKG2,0,0,0,0,0,0,0,0,0,0.171395,0,0,0,0.006592,0,0.006592,0,,D541E7M0,X78D,04/17/2026 9:48:06 PM,BPD442,8M5CL,8M5CL,04/19/2026 7:33:36 AM,8M5CL,D1D,4,7477585,AME401,22,263067,AME401_PM1,P_78_GABON_B10_R3,04/17/2026 7:26:59 PM,4,AME401,22,263067,AME401_PM1,P_78_GABON_B10_R3,04/17/2026 7:26:59 PM,4,,,,1X278VCD,FL78.3GDCC_SNIP_DLP2286887-1_2803
D541E7M,937,GR8SP937JKE2,0,0,0,0,0.006591,0,0.006591,0,0,0.296601,0,0,0,0,0,0,0,,D541E7M0,X78D,04/17/2026 9:48:06 PM,BPD442,8M5CL,8M5CL,04/19/2026 7:33:45 AM,8M5CL,D1D,5,7477619,AME401,13,263067,AME401_PM1,P_78_GABON_B10_R3,04/17/2026 7:19:47 PM,2,AME401,13,263067,AME401_PM1,P_78_GABON_B10_R3,04/17/2026 7:19:47 PM,2,,,,1X278VCD,FL78.3GDCC_SNIP_DLP2286887-1_2803
D541E7M,938,GR8SP938JKB1,0,0,0,0,0,0.006592,0,0,0,0.283462,0,0,0,0,0,0,0,,D541E7M0,X78D,04/17/2026 9:48:06 PM,BPD442,8M5CL,8M5CL,04/19/2026 7:34:06 AM,8M5CL,D1D,6,7477462,AME401,24,263067,AME401_PM2,P_78_GABON_B10_R3,04/17/2026 7:26:59 PM,4,AME401,24,263067,AME401_PM2,P_78_GABON_B10_R3,04/17/2026 7:26:59 PM,4,,,,1X278VCD,FL78.3GDCC_SNIP_DLP2286887-1_2803
D541E7M,939,GR8SP939JKF3,0,0,0,0,0,0.006591,0,0,0,0.269907,0,0,0,0,0,0.006921,0,0,D541E7M0,X78D,04/17/2026 9:48:06 PM,BPD442,8M5CL,8M5CL,04/19/2026 7:33:54 AM,8M5CL,D1D,7,7477635,AME401,11,263067,AME401_PM2,P_78_GABON_B10_R3,04/17/2026 7:16:11 PM,1,AME401,11,263067,AME401_PM2,P_78_GABON_B10_R3,04/17/2026 7:16:11 PM,1,,,,1X278VCD,FL78.3GDCC_SNIP_DLP2286887-1_2803
D541E7M,954,GR8SP954JKA4,0,0,0,0,0.013531,0.013184,0,0,0,0.283115,0,0,0,0.006592,0,0,0,0,D541E7M0,X78D,04/17/2026 9:48:06 PM,BPD442,8M5CL,8M5CL,04/19/2026 7:34:16 AM,8M5CL,D1D,8,7477581,AME401,18,263067,AME401_PM2,P_78_GABON_B10_R3,04/17/2026 7:19:47 PM,2,AME401,18,263067,AME401_PM2,P_78_GABON_B10_R3,04/17/2026 7:19:47 PM,2,,,,1X278VCD,FL78.3GDCC_SNIP_DLP2286887-1_2803
D511303,561,GM9ZG561JKG5,0,0,0,0,0.007218,0.003609,0.010827,0,0,0.238204,0,0,0,0,0,0.028873,0,,D511303A,PNCB,05/08/2026 9:15:18 AM,BPD442,8M5CL,8M5CL,05/10/2026 7:40:11 AM,8M5CL,D1D,1,8422572,AME423,4,263067,AME423_PM4,P_78_GABON_B10_R4,05/08/2026 6:01:21 AM,1,AME423,4,263067,AME423_PM4,P_78_GABON_B10_R4,05/08/2026 6:01:21 AM,1,,,,8PXSCVB,FL78.0VVAB_SNIP_DLP2064627-1_4748
D511303,652,GM9ZG652JKF4,0,0,0,0,0,0,0,0,0,0.21143,0,0,0,0,0,0.003584,0.003584,,D511303A,PNCB,05/08/2026 9:15:18 AM,BPD442,8M5CL,8M5CL,05/10/2026 7:40:21 AM,8M5CL,D1D,2,8422482,AME423,15,263067,AME423_PM4,P_78_GABON_B10_R4,05/08/2026 6:12:11 AM,4,AME423,15,263067,AME423_PM4,P_78_GABON_B10_R4,05/08/2026 6:12:11 AM,4,,,,8PXSCVB,FL78.0VVAB_SNIP_DLP2064627-1_4748
D511303,654,GM9ZG654JKG5,0,0,0,0,0.017918,0,0.003584,0,0,0.218597,0,0,0,0,0,0.003584,0,,D511303A,PNCB,05/08/2026 9:15:18 AM,BPD442,8M5CL,8M5CL,05/10/2026 7:41:14 AM,8M5CL,D1D,3,8422532,AME423,5,263067,AME423_PM3,P_78_GABON_B10_R4,05/08/2026 6:04:57 AM,2,AME423,5,263067,AME423_PM3,P_78_GABON_B10_R4,05/08/2026 6:04:57 AM,2,,,,8PXSCVB,FL78.0VVAB_SNIP_DLP2064627-1_4748
D511303,656,GM9ZG656JKA3,0,0,0,0,0,0,0.003584,0,0,0.21143,0,0,0,0,0,0.007167,0,,D511303A,PNCB,05/08/2026 9:15:18 AM,BPD442,8M5CL,8M5CL,05/10/2026 7:41:27 AM,8M5CL,D1D,4,8422776,AME423,16,263067,AME423_PM3,P_78_GABON_B10_R4,05/08/2026 6:15:47 AM,5,AME423,16,263067,AME423_PM3,P_78_GABON_B10_R4,05/08/2026 6:15:47 AM,5,,,,8PXSCVB,FL78.0VVAB_SNIP_DLP2064627-1_4748
D511303,657,GM9ZG657JKE5,0,0,0,0,0.007218,0.003609,0.003609,0,0,0.234595,0,0,0,0,0,0.007218,0.003609,,D511303A,PNCB,05/08/2026 9:15:18 AM,BPD442,8M5CL,8M5CL,05/10/2026 7:39:59 AM,8M5CL,D1D,5,8422667,AME423,3,263067,AME423_PM3,P_78_GABON_B10_R4,05/08/2026 6:01:20 AM,1,AME423,3,263067,AME423_PM3,P_78_GABON_B10_R4,05/08/2026 6:01:20 AM,1,,,,8PXSCVB,FL78.0VVAB_SNIP_DLP2064627-1_4748
D511303,658,GM9ZG658JKB4,0,0,0,0,0.007167,0.003584,0.003584,0,0,0.200679,0,0,0,0,0,0.007167,0,,D511303A,PNCB,05/08/2026 9:15:18 AM,BPD442,8M5CL,8M5CL,05/10/2026 7:40:15 AM,8M5CL,D1D,6,8422758,AME423,7,263067,AME423_PM3,P_78_GABON_B10_R4,05/08/2026 6:08:34 AM,3,AME423,7,263067,AME423_PM3,P_78_GABON_B10_R4,05/08/2026 6:08:34 AM,3,,,,8PXSCVB,FL78.0VVAB_SNIP_DLP2064627-1_4748
D511303,659,GM9ZG659JKF6,0,0,0,0,0,0,0,0,0,0.227377,0,0,0,0.003609,0,0,0.003609,,D511303A,PNCB,05/08/2026 9:15:18 AM,BPD442,8M5CL,8M5CL,05/10/2026 7:40:03 AM,8M5CL,D1D,7,8422752,AME423,6,263067,AME423_PM4,P_78_GABON_B10_R4,05/08/2026 6:04:57 AM,2,AME423,6,263067,AME423_PM4,P_78_GABON_B10_R4,05/08/2026 6:04:57 AM,2,,,,8PXSCVB,FL78.0VVAB_SNIP_DLP2064627-1_4748
D511303,660,GM9ZG660JKB4,0,0,0,0,0.014334,0,0,0,0,0.207847,0,0,0,0.007167,0,0.003584,0,,D511303A,PNCB,05/08/2026 9:15:18 AM,BPD442,8M5CL,8M5CL,05/10/2026 7:41:28 AM,8M5CL,D1D,8,8422552,AME423,24,263067,AME423_PM3,P_78_GABON_B10_R4,05/08/2026 6:19:23 AM,6,AME423,24,263067,AME423_PM3,P_78_GABON_B10_R4,05/08/2026 6:19:23 AM,6,,,,8PXSCVB,FL78.0VVAB_SNIP_DLP2064627-1_4748
D511303,661,GM9ZG661JKF6,0,0,0,0,0,0,0,0,0,0.223768,0,0,0,0,0,0.010827,0,,D511303A,PNCB,05/08/2026 9:15:18 AM,BPD442,8M5CL,8M5CL,05/10/2026 7:41:19 AM,8M5CL,D1D,9,8422841,AME423,22,263067,AME423_PM4,P_78_GABON_B10_R4,05/08/2026 6:15:47 AM,5,AME423,22,263067,AME423_PM4,P_78_GABON_B10_R4,05/08/2026 6:15:47 AM,5,,,,8PXSCVB,FL78.0VVAB_SNIP_DLP2064627-1_4748
D511303,663,GM9ZG663JKG7,0,0,0,0,0.003609,0,0.003609,0,0,0.274296,0,0,0,0,0,0.014437,0,,D511303A,PNCB,05/08/2026 9:15:18 AM,BPD442,8M5CL,8M5CL,05/10/2026 7:41:35 AM,8M5CL,D1D,10,8422795,AME423,25,263067,AME423_PM4,P_78_GABON_B10_R4,05/08/2026 6:19:23 AM,6,AME423,25,263067,AME423_PM4,P_78_GABON_B10_R4,05/08/2026 6:19:23 AM,6,,,,8PXSCVB,FL78.0VVAB_SNIP_DLP2064627-1_4748
D511303,665,GM9ZG665JKA5,0.003609,0,0,0,0.036092,0.007218,0.007218,0,0,0.227377,0,0,0,0.007218,0,0.003609,0.003609,,D511303A,PNCB,05/08/2026 9:15:18 AM,BPD442,8M5CL,8M5CL,05/10/2026 7:40:33 AM,8M5CL,D1D,11,8422562,AME423,13,263067,AME423_PM3,P_78_GABON_B10_R4,05/08/2026 6:12:11 AM,4,AME423,13,263067,AME423_PM3,P_78_GABON_B10_R4,05/08/2026 6:12:11 AM,4,,,,8PXSCVB,FL78.0VVAB_SNIP_DLP2064627-1_4748
D511303,666,GM9ZG666JKE7,0,0,0,0,0,0,0,0,0,0.218597,0,0,0,0,0,0,0.003584,,D511303A,PNCB,05/08/2026 9:15:18 AM,BPD442,8M5CL,8M5CL,05/10/2026 7:41:40 AM,8M5CL,D1D,12,8422618,AME423,11,263067,AME423_PM4,P_78_GABON_B10_R4,05/08/2026 6:08:34 AM,3,AME423,11,263067,AME423_PM4,P_78_GABON_B10_R4,05/08/2026 6:08:34 AM,3,,,,8PXSCVB,FL78.0VVAB_SNIP_DLP2064627-1_4748
D541930,34,GS4MJ034JKB3,0,0.003659,0,0,0.006221,0,0.007319,0,0.003659,0.302254,0,0,0,0.013539,0,0.010978,0.007319,0,D5419300,PXMG,05/28/2026 8:23:43 PM,BPD436,8M5CL,8M5CL,07/25/2026 12:59:50 AM,8M5CL,D1D,1,7470405,AME411,25,263067,AME411_PM4,P_78_GABON_B10_R4,05/28/2026 5:48:29 PM,2,AME411,25,263067,AME411_PM4,P_78_GABON_B10_R4,05/28/2026 5:48:29 PM,2,,,,8PXMCVAG,FL78.31YBC_SNIP_DLP2271083-1_8610
D541930,36,GS4MJ036JKC4,0.021956,0,0,0,0.007319,0.003659,0,0,0.003659,0.24517,0,0,0,0.003659,0,0.003659,0.003659,0,D5419300,PXMG,05/28/2026 8:23:43 PM,BPD436,8M5CL,8M5CL,07/25/2026 2:43:11 PM,8M5CL,D1D,2,7470447,AME411,22,263067,AME411_PM4,P_78_GABON_B10_R4,05/28/2026 5:44:48 PM,1,AME411,22,263067,AME411_PM4,P_78_GABON_B10_R4,05/28/2026 5:44:48 PM,1,,,,8PXMCVAG,FL78.31YBC_SNIP_DLP2271083-1_8610
D531193,466,GQ1KC466JKF1,0.007319,0,0,0,0,0.003659,0.003659,0,0,0.267308,0,0.007319,0.010978,0,0,0.021773,0.007319,0,D5311930B,PXMG,07/14/2026 5:43:31 PM,BPD454,8M5CL,8M5CL,07/15/2026 8:15:42 AM,8M5CL,D1D,1,8420825,AME401,17,263067,AME401_PM2,P_78_GABON_B10_R4,07/14/2026 4:20:43 PM,1,AME401,17,263067,AME401_PM2,P_78_GABON_B10_R4,07/14/2026 4:20:43 PM,1,,,,8PXMCVAG,FL78.31YBC_SNIP_DLP2203458-1_3542
D531193,470,GQ1KC470JKG2,0,0,0,0,0,0,0,0,0.003659,0.314696,0,0,0,0,0,0.018296,0,0,D5311930B,PXMG,07/14/2026 5:43:31 PM,BPD454,8M5CL,8M5CL,07/15/2026 8:15:33 AM,8M5CL,D1D,2,8420809,AME401,10,263067,AME401_PM1,P_78_GABON_B10_R4,07/14/2026 4:20:43 PM,1,AME401,10,263067,AME401_PM1,P_78_GABON_B10_R4,07/14/2026 4:20:43 PM,1,,,,8PXMCVAG,FL78.31YBC_SNIP_DLP2203458-1_3542
D606456,401,GT7PS401JKE5,0,0,0,0,0.003692,0,0.003692,0,0,0.103368,0,0,0,0,0,0.003692,0,,D6064560,PXMG,04/28/2026 5:03:06 PM,BPD454,8M5CL,8M5CL,07/24/2026 3:09:28 AM,8M5CL,D1D,1,8050046,AME411,13,263067,AME411_PM2,P_78_GABON_B10_R3,04/28/2026 3:45:24 PM,6,AME411,13,263067,AME411_PM2,P_78_GABON_B10_R3,04/28/2026 3:45:24 PM,6,,,,8PXMCVBG,FL78.31YJC_SNIP_DLP2295515-1_27895
D606456,403,GT7PS403JKF6,0.003692,0,0,0,0.007383,0.003692,0,0,0,0.143977,0,0,0,0.003692,0,0.007383,0.007383,,D6064560,PXMG,04/28/2026 5:03:06 PM,BPD454,8M5CL,8M5CL,07/23/2026 3:54:43 PM,8M5CL,D1D,2,8049911,AME411,14,263067,AME411_PM1,P_78_GABON_B10_R3,04/28/2026 3:49:04 PM,7,AME411,14,263067,AME411_PM1,P_78_GABON_B10_R3,04/28/2026 3:49:04 PM,7,,,,8PXMCVBG,FL78.31YJC_SNIP_DLP2295515-1_27895
D605433,332,MCLPH332WAA1,0,0,0.003584,0,0,0,0.003584,0,0,0.232931,0,0,0,0.003584,0,0,0.003584,,D6054330,PNCB,05/02/2026 4:18:50 AM,BPD442,8M5CL,8M5CL,07/05/2026 5:00:33 AM,8M5CL,D1D,1,8041554,AME409,12,263067,AME409_PM4,P_78_GABON_B10_R3,05/02/2026 12:18:51 AM,6,AME409,12,263067,AME409_PM4,P_78_GABON_B10_R3,05/02/2026 12:18:51 AM,6,,,,8PONCVBB,FL78.3FGTC_SNIP_DLP2295522-1_19122
D605433,333,MCLPH333WAE3,0,0,0,0,0,0.003609,0,0,0,0.238204,0,0,0,0.007218,0,0.028873,0,,D6054330,PNCB,05/02/2026 4:18:50 AM,BPD442,8M5CL,8M5CL,07/05/2026 4:53:54 AM,8M5CL,D1D,2,8041600,AME409,23,263067,AME409_PM3,P_78_GABON_B10_R3,05/02/2026 12:44:08 AM,12,AME409,23,263067,AME409_PM3,P_78_GABON_B10_R3,05/02/2026 12:44:08 AM,12,,,,8PONCVBB,FL78.3FGTC_SNIP_DLP2295522-1_19122
D605433,363,MCLPH363WAD1,0,0,0,0,0,0,0,0,0,0.288733,0,0,0,0,0,0.003609,0,,D6054330,PNCB,05/02/2026 4:18:50 AM,BPD442,8M5CL,8M5CL,07/03/2026 1:42:47 AM,8M5CL,D1D,3,8041592,AME409,21,263067,AME409_PM3,P_78_GABON_B10_R3,05/02/2026 12:39:48 AM,11,AME409,21,263067,AME409_PM3,P_78_GABON_B10_R3,05/02/2026 12:39:48 AM,11,,,,8PONCVBB,FL78.3FGTC_SNIP_DLP2295522-1_19122
D605433,364,MCLPH364WAA0,0,0,0,0,0.003584,0,0,0,0,0.268767,0,0,0,0,0.003584,0.007167,0,,D6054330,PNCB,05/02/2026 4:18:50 AM,BPD442,8M5CL,8M5CL,07/02/2026 11:36:17 PM,8M5CL,D1D,4,8041580,AME409,10,263067,AME409_PM4,P_78_GABON_B10_R3,05/02/2026 12:15:15 AM,5,AME409,10,263067,AME409_PM4,P_78_GABON_B10_R3,05/02/2026 12:15:15 AM,5,,,,8PONCVBB,FL78.3FGTC_SNIP_DLP2295522-1_19122
D606461,253,GT7EJ253JKB0,0,0,0,0,0.014767,0.003692,0.003692,0,0,0.287955,0,0,0,0,0,0.007383,0,,D6064610,PXMG,05/02/2026 9:39:28 PM,BPD444,8M5CL,8M5CL,07/10/2026 9:51:13 PM,8M5CL,D1D,1,8051905,AME423,8,263067,AME423_PM6,P_78_GABON_B10_R3,05/02/2026 7:46:15 PM,4,AME423,8,263067,AME423_PM6,P_78_GABON_B10_R3,05/02/2026 7:46:15 PM,4,,,,8PXMCVBG,FL78.31YJC_SNIP_DLP2295515-1_27895
D606461,254,GT7EJ254JKF2,0,0,0,0,0.007319,0.008416,0.003659,0,0,0.280665,0,0,0,0,0,0.007319,0,0,D6064610,PXMG,05/02/2026 9:39:28 PM,BPD444,8M5CL,8M5CL,07/11/2026 5:58:50 PM,8M5CL,D1D,2,8051927,AME423,3,263067,AME423_PM5,P_78_GABON_B10_R3,05/02/2026 7:38:17 PM,2,AME423,3,263067,AME423_PM5,P_78_GABON_B10_R3,05/02/2026 7:38:17 PM,2,,,,8PXMCVBG,FL78.31YJC_SNIP_DLP2295515-1_27895
D606455,303,GT7EJ303JKH1,0.003692,0,0,0,0.003692,0.008306,0.004615,0,0,0.204891,0,0,0,0.003692,0.003692,0.007383,0,0,D6064550,PXMG,05/01/2026 12:59:15 AM,BPD442,8M5CL,8M5CL,07/12/2026 10:16:24 PM,8M5CL,D1D,1,8050009,AME401,20,263067,AME401_PM2,P_78_GABON_B10_R3,05/01/2026 12:04:03 AM,10,AME401,20,263067,AME401_PM2,P_78_GABON_B10_R3,05/01/2026 12:04:03 AM,10,,,,8PXMCVBG,FL78.31YJC_SNIP_DLP2295515-1_27895
D606455,304,GT7EJ304JKE0,0.003659,0,0,0,0.014637,0.007319,0,0,0,0.139052,0,0,0,0.003659,0,0.010978,0.003659,,D6064550,PXMG,05/01/2026 12:59:15 AM,BPD442,8M5CL,8M5CL,07/12/2026 9:26:40 PM,8M5CL,D1D,2,8050026,AME401,19,263067,AME401_PM1,P_78_GABON_B10_R3,05/01/2026 12:04:03 AM,10,AME401,19,263067,AME401_PM1,P_78_GABON_B10_R3,05/01/2026 12:04:03 AM,10,,,,8PXMCVBG,FL78.31YJC_SNIP_DLP2295515-1_27895
D606439,415,MCLPH415WAD0,0.367569,0,0,0,0,0.023208,0,0,0.017406,0.451436,0,0,0,0.005802,0,0.005802,0.005802,0,D6064390,PNCB,05/01/2026 4:40:48 AM,BPD448,8M5CL,8M5CL,05/06/2026 10:19:42 AM,8M5CL,D1D,1,8046853,AME427,4,263067,AME427_PM6,P_78_GABON_B10_R3,05/01/2026 3:23:10 AM,1,AME427,4,263067,AME427_PM6,P_78_GABON_B10_R3,05/01/2026 3:23:10 AM,1,,,,8PONCVBB,FL78.3FGTC_SNIP_DLP2295522-1_19122
D606439,444,MCLPH444WAE7,0,0,0,0,0,0,0,0,0,0.318937,0,0,0,0.003584,0,0.010751,0.007167,,D6064390,PNCB,05/01/2026 4:40:48 AM,BPD448,8M5CL,8M5CL,06/30/2026 4:53:47 PM,8M5CL,D1D,2,8046756,AME427,23,263067,AME427_PM6,P_78_GABON_B10_R3,05/01/2026 3:56:13 AM,10,AME427,23,263067,AME427_PM6,P_78_GABON_B10_R3,05/01/2026 3:56:13 AM,10,,,,8PONCVBB,FL78.3FGTC_SNIP_DLP2295522-1_19122
D606439,445,MCLPH445WAB6,0.003609,0,0,0,0.007218,0,0,0,0,0.274296,0,0,0,0.003609,0.003609,0,0,,D6064390,PNCB,05/01/2026 6:49:51 AM,BPD448,8M5CL,8M5CL,07/03/2026 5:21:46 PM,8M5CL,D1D,3,8046980,AME427,10,263067,AME427_PM6,P_78_GABON_B10_R3,05/01/2026 3:34:07 AM,4,AME427,10,263067,AME427_PM6,P_78_GABON_B10_R3,05/01/2026 3:34:07 AM,4,,,,8PONCVBB,FL78.3FGTC_SNIP_DLP2295522-1_19122
D606439,510,MCLPH510WAD0,0,0,0,0,0.003584,0.003584,0,0,0,0.336855,0,0,0,0.003584,0,0.010751,0,,D6064390,PNCB,05/01/2026 6:49:51 AM,BPD448,8M5CL,8M5CL,06/30/2026 4:34:14 PM,8M5CL,D1D,4,8046901,AME427,12,263067,AME427_PM6,P_78_GABON_B10_R3,05/01/2026 3:37:45 AM,5,AME427,12,263067,AME427_PM6,P_78_GABON_B10_R3,05/01/2026 3:37:45 AM,5,,,,8PONCVBB,FL78.3FGTC_SNIP_DLP2295522-1_19122
D607550,426,KJAAC426WFF2,0,0,0,0,0.014637,0.003659,0.010978,0,0,0.157348,0,0,0,0.007319,0,0.032933,0,,D6075500,PXMG,05/01/2026 3:18:23 PM,BPD446,8M5CL,8M5CL,07/04/2026 7:01:13 AM,8M5CL,D1D,1,8085642,AME419,25,263067,AME419_PM3,P_78_GABON_B10_R3,05/01/2026 2:26:50 PM,13,AME419,25,263067,AME419_PM3,P_78_GABON_B10_R3,05/01/2026 2:26:50 PM,13,,,,8PXMCVBG,FL78.31YJC_SNIP_DLP2295515-1_27895
D607550,444,KJAAC444WFF6,0,0,0,0,0.003659,0,0,0,0,0.219555,0,0,0,0.003659,0.003659,0,0.003659,0,D6075500,PXMG,05/01/2026 3:18:23 PM,BPD446,8M5CL,8M5CL,07/06/2026 2:57:46 AM,8M5CL,D1D,2,8085745,AME419,10,263067,AME419_PM4,P_78_GABON_B10_R3,05/01/2026 1:58:26 PM,5,AME419,10,263067,AME419_PM4,P_78_GABON_B10_R3,05/01/2026 1:58:26 PM,5,,,,8PXMCVBG,FL78.31YJC_SNIP_DLP2295515-1_27895
D606454,434,GT7PS434JKB3,0.003659,0,0,0,0.018296,0.012624,0.003659,0,0,0.30939,0,0,0,0.010978,0,0.003659,0,0,D6064540,PXMG,04/28/2026 4:58:43 PM,BPD448,8M5CL,8M5CL,04/29/2026 7:13:57 AM,8M5CL,D1D,1,8050081,AME409,1,263067,AME409_PM3,P_78_GABON_B10_R3,04/28/2026 3:29:59 PM,1,AME409,1,263067,AME409_PM3,P_78_GABON_B10_R3,04/28/2026 3:29:59 PM,1,,,,8PXMCVBG,FL78.31YJC_SNIP_DLP2295515-1_27895
D606454,435,GT7PS435JKF5,0,0,0,0,0,0,0.014951,0,0,0.184402,0,0,0,0.003692,0,0.007383,0,0,D6064540,PXMG,04/28/2026 4:58:43 PM,BPD448,8M5CL,8M5CL,04/29/2026 7:12:05 AM,8M5CL,D1D,2,8050133,AME409,18,263067,AME409_PM3,P_78_GABON_B10_R3,04/28/2026 3:58:57 PM,9,AME409,18,263067,AME409_PM3,P_78_GABON_B10_R3,04/28/2026 3:58:57 PM,9,,,,8PXMCVBG,FL78.31YJC_SNIP_DLP2295515-1_27895
D606460,11,KJA9W011WFD3,0,0,0,0,0.011075,0.011075,0.011075,0,0,0.12921,0,0,0,0,0.003692,0.025842,0,,D6064600,PXMG,05/05/2026 4:33:44 AM,BPD450,8M5CL,8M5CL,07/08/2026 6:19:55 PM,8M5CL,D1D,1,8050112,AME419,25,263067,AME419_PM4,P_78_GABON_B10_R3,05/05/2026 3:16:21 AM,13,AME419,25,263067,AME419_PM4,P_78_GABON_B10_R3,05/05/2026 3:16:21 AM,13,,,,8PXMCVBG,FL78.31YJC_SNIP_DLP2295515-1_27895
D606460,38,KJA9W038WFF2,0,0,0,0,0,0.007319,0,0,0,0.164666,0,0,0,0,0,0.021956,0,,D6064600,PXMG,05/05/2026 4:33:44 AM,BPD450,8M5CL,8M5CL,07/08/2026 4:27:36 PM,8M5CL,D1D,2,8050230,AME419,6,263067,AME419_PM3,P_78_GABON_B10_R3,05/05/2026 2:44:15 AM,3,AME419,6,263067,AME419_PM3,P_78_GABON_B10_R3,05/05/2026 2:44:15 AM,3,,,,8PXMCVBG,FL78.31YJC_SNIP_DLP2295515-1_27895
D606451,29,A27VC029SLE3,0,0,0,0,0,0.007383,0.014767,0,0,0.158744,0,0,0,0.007383,0,0.003692,0.003692,,D6064510,PXMG,05/05/2026 1:16:02 AM,BPD454,8M5CL,8M5CL,07/07/2026 9:14:47 PM,8M5CL,D1D,1,8044710,AME427,20,263067,AME427_PM4,P_78_GABON_B10_R3,05/05/2026 12:04:06 AM,20,AME427,20,263067,AME427_PM4,P_78_GABON_B10_R3,05/05/2026 12:04:06 AM,20,,,,8PXMCVBG,FL78.31YJC_SNIP_DLP2295515-1_27895
D606451,31,A27VC031SLE3,0,0,0,0,0.036917,0,0.02215,0,0,0.319334,0,0,0,0.020304,0,0.007383,0,0,D6064510,PXMG,05/05/2026 1:16:02 AM,BPD454,8M5CL,8M5CL,07/08/2026 1:10:37 AM,8M5CL,D1D,2,8044494,AME427,3,263067,AME427_PM4,P_78_GABON_B10_R3,05/04/2026 11:03:56 PM,3,AME427,3,263067,AME427_PM4,P_78_GABON_B10_R3,05/04/2026 11:03:56 PM,3,,,,8PXMCVBG,FL78.31YJC_SNIP_DLP2295515-1_27895
D606451,32,A27VC032SLB2,0,0,0,0,0,0.007319,0.003659,0,0,0.120755,0,0,0,0.007319,0,0.003659,0,,D6064510,PXMG,05/05/2026 1:16:02 AM,BPD454,8M5CL,8M5CL,07/08/2026 1:30:24 AM,8M5CL,D1D,3,8044454,AME427,1,263067,AME427_PM4,P_78_GABON_B10_R3,05/04/2026 10:56:56 PM,1,AME427,1,263067,AME427_PM4,P_78_GABON_B10_R3,05/04/2026 10:56:56 PM,1,,,,8PXMCVBG,FL78.31YJC_SNIP_DLP2295515-1_27895
D606451,37,A27VC037SLA3,0,0,0,0,0.003692,0.003692,0.003692,0,0,0.132902,0,0,0,0.003692,0,0.014767,0,,D6064510,PXMG,05/05/2026 1:16:02 AM,BPD454,8M5CL,8M5CL,07/08/2026 1:05:45 PM,8M5CL,D1D,4,8044532,AME427,2,263067,AME427_PM4,P_78_GABON_B10_R3,05/04/2026 11:00:26 PM,2,AME427,2,263067,AME427_PM4,P_78_GABON_B10_R3,05/04/2026 11:00:26 PM,2,,,,8PXMCVBG,FL78.31YJC_SNIP_DLP2295515-1_27895
D607552,421,KJAAC421WFG1,0.003692,0,0,0,0.003692,0.011075,0.003692,0,0,0.372864,0,0,0,0.011075,0,0.007383,0,0,D6075520,PXMG,05/05/2026 4:47:19 PM,BPD448,8M5CL,8M5CL,07/08/2026 10:38:32 PM,8M5CL,D1D,1,8085900,AME403,5,263067,AME403_PM5,P_78_GABON_B10_R3,05/05/2026 3:15:05 PM,3,AME403,5,263067,AME403_PM5,P_78_GABON_B10_R3,05/05/2026 3:15:05 PM,3,,,,8PXMCVBG,FL78.31YJC_SNIP_DLP2295515-1_27895
D607552,477,KJAAC477WFC4,0,0,0,0,0.014767,0.003692,0.007383,0,0,0.291646,0,0,0,0,0,0,0.003692,0,D6075520,PXMG,05/05/2026 4:47:19 PM,BPD448,8M5CL,8M5CL,07/08/2026 9:35:49 PM,8M5CL,D1D,2,8085947,AME403,22,263067,AME403_PM6,P_78_GABON_B10_R3,05/05/2026 3:44:43 PM,11,AME403,22,263067,AME403_PM6,P_78_GABON_B10_R3,05/05/2026 3:44:43 PM,11,,,,8PXMCVBG,FL78.31YJC_SNIP_DLP2295515-1_27895
D606458,526,KJAUF526WFG4,0,0,0,0,0,0.003659,0,0,0,0.256148,0,0,0,0.003659,0,0.018296,0,0,D6064580,PXMG,05/03/2026 12:36:53 AM,BPD448,8M5CL,8M5CL,07/24/2026 12:16:51 PM,8M5CL,D1D,1,8050102,AME409,5,263067,AME409_PM1,P_78_GABON_B10_R3,05/02/2026 11:07:05 PM,3,AME409,5,263067,AME409_PM1,P_78_GABON_B10_R3,05/02/2026 11:07:05 PM,3,,,,8PXMCVBG,FL78.31YJC_SNIP_DLP2295515-1_27895
D606458,533,KJAUF533WFF5,0,0,0,0,0.003692,0.008122,0,0,0,0.246607,0,0,0,0,0,0.003692,0,0,D6064580,PXMG,05/03/2026 12:36:53 AM,BPD448,8M5CL,8M5CL,07/27/2026 7:59:30 AM,8M5CL,D1D,2,8050093,AME409,2,263067,AME409_PM2,P_78_GABON_B10_R3,05/02/2026 10:59:05 PM,1,AME409,2,263067,AME409_PM2,P_78_GABON_B10_R3,05/02/2026 10:59:05 PM,1,,,,8PXMCVBG,FL78.31YJC_SNIP_DLP2295515-1_27895
D606459,270,KJA9T270WFB1,0,0,0,0,0.003659,0,0.007319,0,0,0.14637,0.003659,0,0,0.010978,0,0.014637,0,,D6064590,PXMG,05/03/2026 12:58:30 AM,BPD442,8M5CL,8M5CL,07/07/2026 11:49:42 AM,8M5CL,D1D,1,8050141,AME421,8,263067,AME421_PM2,P_78_GABON_B10_R3,05/02/2026 11:45:04 PM,4,AME421,8,263067,AME421_PM2,P_78_GABON_B10_R3,05/02/2026 11:45:04 PM,4,,,,8PXMCVBG,FL78.31YJC_SNIP_DLP2295515-1_27895
D606459,279,KJA9T279WFC4,0,0,0,0,0,0,0.003692,0,0,0.110752,0,0,0,0,0,0.007383,0,,D6064590,PXMG,05/03/2026 12:58:30 AM,BPD442,8M5CL,8M5CL,07/06/2026 3:40:45 PM,8M5CL,D1D,2,8050099,AME421,11,263067,AME421_PM1,P_78_GABON_B10_R3,05/02/2026 11:52:40 PM,6,AME421,11,263067,AME421_PM1,P_78_GABON_B10_R3,05/02/2026 11:52:40 PM,6,,,,8PXMCVBG,FL78.31YJC_SNIP_DLP2295515-1_27895
D607533,407,5DXCR407MVF4,0.011075,0,0,0,0.007383,0,0.014767,0,0.003692,0.10706,0,0,0,0.025842,0,0.040609,0.007383,,D6075330,PXMG,05/09/2026 10:02:54 AM,BPD454,8M5CL,8M5CL,07/16/2026 9:25:33 PM,8M5CL,D1D,1,8083120,AME411,24,263067,AME411_PM3,P_78_GABON_B10_R3,05/09/2026 8:56:48 AM,12,AME411,24,263067,AME411_PM3,P_78_GABON_B10_R3,05/09/2026 8:56:48 AM,12,,,,8PXMCVBG,FL78.31YJC_SNIP_DLP2295515-1_27895
D607533,411,5DXCR411MVG5,0,0,0,0,0.029534,0.007383,0.014767,0,0.003692,0.092293,0,0.003692,0,0,0,0.011075,0.003692,,D6075330,PXMG,05/09/2026 10:02:54 AM,BPD454,8M5CL,8M5CL,07/19/2026 7:18:33 AM,8M5CL,D1D,2,8083017,AME411,11,263067,AME411_PM3,P_78_GABON_B10_R3,05/09/2026 8:32:50 AM,6,AME411,11,263067,AME411_PM3,P_78_GABON_B10_R3,05/09/2026 8:32:50 AM,6,,,,8PXMCVBG,FL78.31YJC_SNIP_DLP2295515-1_27895
D607541,404,5DXCR404MVA1,0,0,0,0,0.003659,0.003659,0.007319,0,0,0.153689,0,0,0,0.003659,0,0.003659,0,,D6075410,PXMG,05/07/2026 12:12:31 PM,BPD442,8M5CL,8M5CL,07/19/2026 6:54:06 AM,8M5CL,D1D,1,8083869,AME423,4,263067,AME423_PM3,P_78_GABON_B10_R4,05/07/2026 9:52:01 AM,2,AME423,4,263067,AME423_PM3,P_78_GABON_B10_R4,05/07/2026 9:52:01 AM,2,,,,8PXMCVBG,FL78.31YJC_SNIP_DLP2295515-1_27895
D607541,434,5DXCR434MVG2,0,0,0,0,0,0,0.003659,0,0,0.223214,0,0,0,0.003659,0,0.014637,0,0,D6075410,PXMG,05/07/2026 12:12:31 PM,BPD442,8M5CL,8M5CL,07/19/2026 7:27:54 AM,8M5CL,D1D,2,8083902,AME423,11,263067,AME423_PM4,P_78_GABON_B10_R4,05/07/2026 10:02:52 AM,5,AME423,11,263067,AME423_PM4,P_78_GABON_B10_R4,05/07/2026 10:02:52 AM,5,,,,8PXMCVBG,FL78.31YJC_SNIP_DLP2295515-1_27895
D607541,457,5DXCR457MVF7,0,0,0,0,0,0,0.007383,0,0,0.162436,0,0,0,0.003692,0,0.011075,0,0,D6075410,PXMG,05/07/2026 12:12:31 PM,BPD442,8M5CL,8M5CL,07/19/2026 7:23:04 AM,8M5CL,D1D,3,8083951,AME423,13,263067,AME423_PM4,P_78_GABON_B10_R4,05/07/2026 10:06:29 AM,6,AME423,13,263067,AME423_PM4,P_78_GABON_B10_R4,05/07/2026 10:06:29 AM,6,,,,8PXMCVBG,FL78.31YJC_SNIP_DLP2295515-1_27895
D607541,570,5DXCR570MVG3,0,0,0,0,0.005306,0.005306,0,0,0,0.378001,0,0,0,0,0,0.015918,0.005306,0,D6075410,PXMG,05/07/2026 12:12:31 PM,BPD442,8M5CL,8M5CL,07/22/2026 6:59:46 AM,8M5CL,D1D,4,8083822,AME423,25,263067,AME423_PM4,P_78_GABON_B10_R4,05/07/2026 10:28:09 AM,12,AME423,25,263067,AME423_PM4,P_78_GABON_B10_R4,05/07/2026 10:28:09 AM,12,LSB443,25,263067,8PXMCVBG,FL78.31YJC_SNIP_DLP2295515-1_27895
D607576,7,KJA9Y007WFD0,0.003247,0,0,0,0,0.003247,0,0,0,0.211067,0,0,0,0.003247,0,0,0,,D6075760,PR8B,05/07/2026 8:32:41 AM,BPD458,8M5CL,8M5CL,07/25/2026 6:01:34 AM,8M5CL,D1D,1,8104174,AME427,21,263067,AME427_PM2,P_78_GABON_B10_R3,05/07/2026 7:23:52 AM,21,AME427,21,263067,AME427_PM2,P_78_GABON_B10_R3,05/07/2026 7:23:52 AM,21,,,,8PR8CVB,FL78.6H0QE_SNIP_DLP2344620-1_9013
D607576,9,KJA9Y009WFE1,0,0,0,0,0,0,0,0,0,0.201326,0,0,0,0.003247,0,0,0,,D6075760,PR8B,05/07/2026 8:32:41 AM,BPD458,8M5CL,8M5CL,07/25/2026 11:57:13 AM,8M5CL,D1D,2,8104242,AME427,18,263067,AME427_PM2,P_78_GABON_B10_R3,05/07/2026 7:12:09 AM,18,AME427,18,263067,AME427_PM2,P_78_GABON_B10_R3,05/07/2026 7:12:09 AM,18,,,,8PR8CVB,FL78.6H0QE_SNIP_DLP2344620-1_9013
D606457,348,KJA6M348WFB6,0,0,0,0,0.018296,0.003659,0,0,0,0.186622,0,0,0,0.003659,0,0.003659,0,0,D6064570,PXMG,05/08/2026 1:48:18 PM,BPD432,8M5CL,8M5CL,07/22/2026 7:11:37 AM,8M5CL,D1D,1,8049984,AME427,16,263067,AME427_PM4,P_78_GABON_B10_R3,05/08/2026 12:42:24 PM,8,AME427,16,263067,AME427_PM4,P_78_GABON_B10_R3,05/08/2026 12:42:24 PM,8,,,,8PXMCVBG,FL78.31YJC_SNIP_DLP2295515-1_27895
D606457,352,KJA6M352WFC7,0,0,0,0,0.003659,0,0,0,0,0.113437,0,0,0,0.003659,0,0.010978,0,,D6064570,PXMG,05/08/2026 1:48:18 PM,BPD432,8M5CL,8M5CL,07/21/2026 10:10:55 PM,8M5CL,D1D,2,8050016,AME427,15,263067,AME427_PM3,P_78_GABON_B10_R3,05/08/2026 12:42:24 PM,8,AME427,15,263067,AME427_PM3,P_78_GABON_B10_R3,05/08/2026 12:42:24 PM,8,,,,8PXMCVBG,FL78.31YJC_SNIP_DLP2295515-1_27895
D605E99,101,A28MA101SLB0,0,0,0,0,0,0,0.005289,0,0,0.476024,0,0,0,0.005289,0,0,0,,D605E990,X78E,05/07/2026 6:05:10 AM,BPD442,8M5CL,8M5CL,06/06/2026 7:12:58 AM,8M5CL,D1D,1,8040042,AME419,20,263067,AME419_PM3,P_78_GABON_B10_R3,05/07/2026 2:28:22 AM,14,AME419,20,263067,AME419_PM3,P_78_GABON_B10_R3,05/07/2026 2:28:22 AM,14,,,,1X78EVAA,FL78.6FCTE_SNIP_DLP2394845-1_251
D605E99,105,A28MA105SLD2,0,0,0,0,0.010578,0.005289,0,0.005289,0,0.497181,0,0,0,0.010578,0,0.005289,0,,D605E990,X78E,05/07/2026 6:05:10 AM,BPD442,8M5CL,8M5CL,06/06/2026 8:52:37 AM,8M5CL,D1D,2,8040196,AME419,3,263067,AME419_PM3,P_78_GABON_B10_R3,05/07/2026 1:45:19 AM,2,AME419,3,263067,AME419_PM3,P_78_GABON_B10_R3,05/07/2026 1:45:19 AM,2,,,,1X78EVAA,FL78.6FCTE_SNIP_DLP2394845-1_251
D607539,467,5DXCL467MVA6,0,0,0,0,0.011075,0.003692,0,0,0,0.118135,0,0,0,0,0,0.003692,0,,D6075390,PXMG,05/11/2026 2:11:19 PM,BPD458,8M5CL,8M5CL,07/09/2026 4:50:38 AM,8M5CL,D1D,1,8083793,AME425,24,263067,AME425_PM1,P_78_GABON_B10_R3,05/11/2026 9:18:58 AM,12,AME425,24,263067,AME425_PM1,P_78_GABON_B10_R3,05/11/2026 9:18:58 AM,12,,,,8PXMCVBG,FL78.31YJC_SNIP_DLP2295515-1_27895
D607539,470,5DXCL470MVF0,0,0,0,0,0.007319,0.015215,0,0,0,0.160429,0,0,0,0,0,0.007319,0,0,D6075390,PXMG,05/11/2026 2:11:19 PM,BPD458,8M5CL,8M5CL,07/08/2026 5:08:40 PM,8M5CL,D1D,2,8083797,AME425,3,263067,AME425_PM1,P_78_GABON_B10_R3,05/11/2026 8:42:52 AM,2,AME425,3,263067,AME425_PM1,P_78_GABON_B10_R3,05/11/2026 8:42:52 AM,2,,,,8PXMCVBG,FL78.31YJC_SNIP_DLP2295515-1_27895
D606448,214,MCLPM214WAC3,0.003659,0,0,0,0.003659,0.010978,0,0,0,0.142711,0,0,0,0.007319,0,0,0,,D6064480,PXMG,05/10/2026 4:43:23 AM,BPD436,8M5CL,8M5CL,07/07/2026 11:26:27 PM,8M5CL,D1D,1,8044608,AME423,13,263067,AME423_PM5,P_78_GABON_B10_R4,05/10/2026 2:26:35 AM,7,AME423,13,263067,AME423_PM5,P_78_GABON_B10_R4,05/10/2026 2:26:35 AM,7,,,,8PXMCVBG,FL78.31YJC_SNIP_DLP2295515-1_27895
D606448,334,MCLPH334WAB2,0,0,0,0,0.010978,0,0.010978,0,0,0.128074,0,0,0,0.003659,0.003659,0.018296,0,,D6064480,PXMG,05/10/2026 4:43:23 AM,BPD436,8M5CL,8M5CL,07/08/2026 3:17:16 AM,8M5CL,D1D,2,8044508,AME423,14,263067,AME423_PM6,P_78_GABON_B10_R4,05/10/2026 2:26:35 AM,7,AME423,14,263067,AME423_PM6,P_78_GABON_B10_R4,05/10/2026 2:26:35 AM,7,,,,8PXMCVBG,FL78.31YJC_SNIP_DLP2295515-1_27895
D608101,214,A27QE214SLG7,0,0,0,0,0,0.007319,0.007319,0,0,0.175644,0,0,0,0.014637,0,0.058548,0.003659,,D6081010,PXMG,05/11/2026 9:32:33 AM,BPD448,8M5CL,8M5CL,05/11/2026 2:51:01 PM,8M5CL,D1D,1,8118967,AME425,8,263067,AME425_PM2,P_78_GABON_B10_R3,05/11/2026 7:46:08 AM,4,AME425,8,263067,AME425_PM2,P_78_GABON_B10_R3,05/11/2026 7:46:08 AM,4,,,,8PXMCVBG,FL78.31YJC_SNIP_DLP2295515-1_28629
D608101,218,A27QE218SLB6,0.116808,0,0,0,0,0.017254,0.036872,0,0.063935,0.175458,0,0,0,0.051621,0,0.188118,0.00494,0,D6081010,PXMG,05/11/2026 9:32:33 AM,BPD448,8M5CL,8M5CL,07/12/2026 9:41:17 PM,8M5CL,D1D,2,8118807,AME425,19,263067,AME425_PM1,P_78_GABON_B10_R3,05/11/2026 8:07:48 AM,10,AME425,19,263067,AME425_PM1,P_78_GABON_B10_R3,05/11/2026 8:07:48 AM,10,,,,8PXMCVBG,FL78.31YJC_SNIP_DLP2295515-1_28629
D608101,251,A29UH251SLG7,0,0,0,0,0.007383,0.014767,0.007383,0,0,0.180895,0,0,0,0.003692,0.007383,0.003692,0,,D6081010,PXMG,05/11/2026 1:16:31 PM,BPD446,8M5CL,8M5CL,07/12/2026 10:29:28 PM,8M5CL,D1D,3,8118757,AME425,13,263067,AME425_PM1,P_78_GABON_B10_R3,05/11/2026 7:56:58 AM,7,AME425,13,263067,AME425_PM1,P_78_GABON_B10_R3,05/11/2026 7:56:58 AM,7,,,,8PXMCVBG,FL78.31YJC_SNIP_DLP2295515-1_28629
D608101,252,A29UH252SLD6,0,0,0,0,0.003659,0.007319,0.007319,0,0,0.267125,0,0,0,0.003659,0.007319,0.014637,0.007319,0,D6081010,PXMG,05/11/2026 1:16:31 PM,BPD446,8M5CL,8M5CL,07/12/2026 10:14:28 PM,8M5CL,D1D,4,8118863,AME425,9,263067,AME425_PM1,P_78_GABON_B10_R3,05/11/2026 7:49:45 AM,5,AME425,9,263067,AME425_PM1,P_78_GABON_B10_R3,05/11/2026 7:49:45 AM,5,,,,8PXMCVBG,FL78.31YJC_SNIP_DLP2295515-1_28629
D607560,176,GQ7JE176JKG4,0,0,0,0,0.003659,0.010795,0.018296,0,0,0.216262,0,0,0,0,0,0.025432,0,0,D6075600,PXMG,05/12/2026 12:27:15 PM,BPD454,8M5CL,8M5CL,07/16/2026 11:51:53 AM,8M5CL,D1D,1,8088631,AME423,9,263067,AME423_PM1,P_78_GABON_B10_R4,05/12/2026 8:33:26 AM,6,AME423,9,263067,AME423_PM1,P_78_GABON_B10_R4,05/12/2026 8:33:26 AM,6,,,,8PXMCVBG,FL78.31YJC_SNIP_DLP2295515-1_27895
D607560,177,GQ7JE177JKD3,0,0,0,0,0.003692,0.011075,0.014767,0,0,0.143977,0,0,0,0.051684,0,0.059068,0.003692,,D6075600,PXMG,05/12/2026 12:27:15 PM,BPD454,8M5CL,8M5CL,07/16/2026 11:45:02 AM,8M5CL,D1D,2,8088673,AME423,2,263067,AME423_PM1,P_78_GABON_B10_R4,05/12/2026 8:17:14 AM,2,AME423,2,263067,AME423_PM1,P_78_GABON_B10_R4,05/12/2026 8:17:14 AM,2,,,,8PXMCVBG,FL78.31YJC_SNIP_DLP2295515-1_27895
D607564,227,A28J5227SLG3,0,0,0,0,0,0,0.02215,0,0,0.121827,0,0,0,0.011075,0.003692,0.036917,0,,D6075640,PXMG,05/14/2026 12:12:53 AM,BPD448,8M5CL,8M5CL,07/22/2026 8:37:16 PM,8M5CL,D1D,1,8088678,AME411,9,263067,AME411_PM3,P_78_GABON_B10_R3,05/13/2026 7:59:20 PM,8,AME411,9,263067,AME411_PM3,P_78_GABON_B10_R3,05/13/2026 7:59:20 PM,8,,,,8PXMCVBG,FL78.31YJC_SNIP_DLP2295515-1_27895
D607564,228,A28J5228SLD2,0,0,0,0,0.003659,0,0.003659,0,0,0.109778,0,0,0,0.003659,0,0,0,,D6075640,PXMG,05/14/2026 12:12:53 AM,BPD448,8M5CL,8M5CL,07/19/2026 4:56:38 AM,8M5CL,D1D,2,8088683,AME411,10,263067,AME411_PM4,P_78_GABON_B10_R3,05/13/2026 7:59:20 PM,2,AME411,10,263067,AME411_PM4,P_78_GABON_B10_R3,05/13/2026 7:59:20 PM,2,,,,8PXMCVBG,FL78.31YJC_SNIP_DLP2295515-1_27895
D607534,634,5DXBX634MVD6,0.003659,0,0,0,0,0.003659,0,0,0,0.106118,0,0,0,0,0,0.003659,0,,D6075340,PXMG,05/13/2026 1:47:27 PM,BPD458,8M5CL,8M5CL,07/21/2026 11:37:41 AM,8M5CL,D1D,1,8082939,AME427,5,263067,AME427_PM5,P_78_GABON_B10_R3,05/13/2026 10:28:36 AM,3,AME427,5,263067,AME427_PM5,P_78_GABON_B10_R3,05/13/2026 10:28:36 AM,3,,,,8PXMCVBG,FL78.31YJC_SNIP_DLP2295515-1_27895
D607534,643,5DXBX643MVE0,0,0,0,0,0.003692,0.003692,0,0,0,0.110752,0,0,0,0,0.007383,0.003692,0,,D6075340,PXMG,05/13/2026 1:47:27 PM,BPD458,8M5CL,8M5CL,07/20/2026 11:56:58 AM,8M5CL,D1D,2,8083226,AME427,2,263067,AME427_PM6,P_78_GABON_B10_R3,05/13/2026 10:20:56 AM,1,AME427,2,263067,AME427_PM6,P_78_GABON_B10_R3,05/13/2026 10:20:56 AM,1,,,,8PXMCVBG,FL78.31YJC_SNIP_DLP2295515-1_27895
D607536,550,5DXEC550MVF1,0,0,0,0,0.021956,0.014271,0,0,0,0.199978,0,0,0,0.008965,0,0,0,0,D6075360,PXMG,05/12/2026 12:24:26 PM,BPD450,8M5CL,8M5CL,07/16/2026 11:28:43 AM,8M5CL,D1D,1,8083058,AME421,21,263067,AME421_PM1,P_78_GABON_B10_R3,05/12/2026 6:36:20 AM,11,AME421,21,263067,AME421_PM1,P_78_GABON_B10_R3,05/12/2026 6:36:20 AM,11,,,,8PXMCVBG,FL78.31YJC_SNIP_DLP2295515-1_27895
D607536,557,5DXEC557MVF3,0,0,0,0,0,0.011075,0,0,0,0.114444,0,0,0,0,0,0,0,,D6075360,PXMG,05/12/2026 12:24:26 PM,BPD450,8M5CL,8M5CL,07/16/2026 11:03:55 AM,8M5CL,D1D,2,8083113,AME421,2,263067,AME421_PM2,P_78_GABON_B10_R3,05/12/2026 6:00:04 AM,1,AME421,2,263067,AME421_PM2,P_78_GABON_B10_R3,05/12/2026 6:00:04 AM,1,,,,8PXMCVBG,FL78.31YJC_SNIP_DLP2295515-1_27895
D607532,705,5DXCT705MVC4,0,0,0,0,0.003692,0.003692,0,0,0,0.140286,0,0,0,0.003692,0.003692,0.018459,0.003692,,D6075320,PXMG,05/14/2026 6:26:09 AM,BPD432,8M5CL,8M5CL,07/11/2026 7:05:50 AM,8M5CL,D1D,1,8083107,AME423,25,263067,AME423_PM3,P_78_GABON_B10_R4,05/14/2026 5:11:19 AM,13,AME423,25,263067,AME423_PM3,P_78_GABON_B10_R4,05/14/2026 5:11:19 AM,13,,,,8PXMCVBG,FL78.31YJC_SNIP_DLP2295515-1_27895
D607532,710,5DXCT710MVA4,0,0,0,0,0.003659,0,0,0,0,0.201066,0,0,0,0.01483,0,0.014637,0,0,D6075320,PXMG,05/14/2026 6:26:09 AM,BPD432,8M5CL,8M5CL,07/11/2026 1:11:57 PM,8M5CL,D1D,2,8083028,AME423,14,263067,AME423_PM4,P_78_GABON_B10_R4,05/14/2026 4:45:54 AM,7,AME423,14,263067,AME423_PM4,P_78_GABON_B10_R4,05/14/2026 4:45:54 AM,7,,,,8PXMCVBG,FL78.31YJC_SNIP_DLP2295515-1_27895
D607544,3,MCLPM003WAC6,0,0,0,0,0.003692,0,0,0,0,0.118135,0,0,0,0,0,0.228887,0,,D6075440,PXMG,05/16/2026 12:20:45 PM,BPD446,8M5CL,8M5CL,05/17/2026 6:37:10 AM,8M5CL,D1D,1,8084001,AME425,9,263067,AME425_PM2,P_78_GABON_B10_R3,05/16/2026 9:59:33 AM,5,AME425,9,263067,AME425_PM2,P_78_GABON_B10_R3,05/16/2026 9:59:33 AM,5,,,,8PXMCVBG,FL78.31YJC_SNIP_DLP2295515-1_27895
D607544,60,MCLPM060WAC2,0,0,0,0,0.007319,0.003659,0.003659,0,0,0.150029,0,0,0,0.007319,0,0.003659,0,,D6075440,PXMG,05/16/2026 12:20:45 PM,BPD446,8M5CL,8M5CL,05/17/2026 6:37:16 AM,8M5CL,D1D,2,8083964,AME425,6,263067,AME425_PM1,P_78_GABON_B10_R3,05/16/2026 9:55:56 AM,3,AME425,6,263067,AME425_PM1,P_78_GABON_B10_R3,05/16/2026 9:55:56 AM,3,,,,8PXMCVBG,FL78.31YJC_SNIP_DLP2295515-1_27895
D607544,64,MCLPM064WAE4,0,0,0,0,0.045192,0,0.012258,0,0,0.279201,0,0,0,0.003659,0,0.003659,0,0,D6075440,PXMG,05/16/2026 12:20:45 PM,BPD446,8M5CL,8M5CL,05/17/2026 6:37:03 AM,8M5CL,D1D,3,8084027,AME425,1,263067,AME425_PM2,P_78_GABON_B10_R3,05/16/2026 9:45:05 AM,1,AME425,1,263067,AME425_PM2,P_78_GABON_B10_R3,05/16/2026 9:45:05 AM,1,,,,8PXMCVBG,FL78.31YJC_SNIP_DLP2295515-1_27895
D607544,77,MCLPM077WAH0,0,0,0,0,0.003692,0,0,0,0.003692,0.118135,0,0,0,0,0,0.003692,0,,D6075440,PXMG,05/16/2026 12:20:45 PM,BPD446,8M5CL,8M5CL,05/17/2026 6:36:49 AM,8M5CL,D1D,4,8084059,AME425,3,263067,AME425_PM1,P_78_GABON_B10_R3,05/16/2026 9:48:42 AM,1,AME425,3,263067,AME425_PM1,P_78_GABON_B10_R3,05/16/2026 9:48:42 AM,1,,,,8PXMCVBG,FL78.31YJC_SNIP_DLP2295515-1_27895
D608614,283,KJA9U283WFE0,0.003692,0,0,0,0,0,0,0,0,0.151361,0.003692,0,0,0.007383,0,0.011075,0,,D6086140,PXMG,05/15/2026 5:04:58 AM,BPD454,8M5CL,8M5CL,07/12/2026 2:01:31 AM,8M5CL,D1D,1,8123017,AME423,13,263067,AME423_PM5,P_78_GABON_B10_R4,05/15/2026 3:42:13 AM,7,AME423,13,263067,AME423_PM5,P_78_GABON_B10_R4,05/15/2026 3:42:13 AM,7,,,,8PXMCVBG,FL78.31YJC_SNIP_DLP2295515-1_28629
D608614,292,KJA9U292WFE2,0,0,0,0,0,0.007867,0,0,0,0.156799,0,0,0,0.003659,0,0.003659,0.007319,0,D6086140,PXMG,05/15/2026 5:04:58 AM,BPD454,8M5CL,8M5CL,07/12/2026 2:31:57 AM,8M5CL,D1D,2,8123027,AME423,14,263067,AME423_PM6,P_78_GABON_B10_R4,05/15/2026 3:42:13 AM,7,AME423,14,263067,AME423_PM6,P_78_GABON_B10_R4,05/15/2026 3:42:13 AM,7,,,,8PXMCVBG,FL78.31YJC_SNIP_DLP2295515-1_28629
D606464,211,GT9FQ211JKG0,0,0,0,0,0.003692,0,0.003692,0,0,0.162436,0,0.007383,0,0.018459,0,0,0,,D6064640,PXMG,05/18/2026 3:17:50 AM,BPD448,8M5CL,8M5CL,07/19/2026 6:57:32 AM,8M5CL,D1D,1,8052089,AME411,9,263067,AME411_PM3,P_78_GABON_B10_R3,05/18/2026 2:13:49 AM,5,AME411,9,263067,AME411_PM3,P_78_GABON_B10_R3,05/18/2026 2:13:49 AM,5,,,,8PXMCVBG,FL78.31YJC_SNIP_DLP2295515-1_27895
D606464,230,GT9FQ230JKD3,0,0,0,0,0,0,0,0,0,0.1976,0,0,0,0.007319,0.003659,0,0,0,D6064640,PXMG,05/18/2026 3:17:50 AM,BPD448,8M5CL,8M5CL,07/20/2026 3:49:19 PM,8M5CL,D1D,2,8051948,AME411,18,263067,AME411_PM4,P_78_GABON_B10_R3,05/18/2026 2:28:27 AM,9,AME411,18,263067,AME411_PM4,P_78_GABON_B10_R3,05/18/2026 2:28:27 AM,9,,,,8PXMCVBG,FL78.31YJC_SNIP_DLP2295515-1_27895
D608112,23,A2BDY023SLF3,0,0,0,0,0,0,0.011075,0,0,0.273188,0,0,0,0.007383,0,0.014767,0,,D6081120,PXMG,05/19/2026 8:13:15 PM,BPD436,8M5CL,8M5CL,05/20/2026 5:29:50 AM,8M5CL,D1D,1,8121323,AME417,9,263067,AME417_PM1,P_78_GABON_B10_R4,05/19/2026 6:42:22 PM,4,AME417,9,263067,AME417_PM1,P_78_GABON_B10_R4,05/19/2026 6:42:22 PM,4,,,,8PXMCVBG,FL78.31YJC_SNIP_DLP2295515-1_28629
D608112,94,A2BP5094SLE5,0.003659,0,0,0,0.007319,0.003659,0.003659,0,0,0.135392,0,0,0,0.003659,0,0.007319,0.003659,,D6081120,PXMG,05/19/2026 8:13:15 PM,BPD436,8M5CL,8M5CL,05/20/2026 5:30:33 AM,8M5CL,D1D,2,8121269,AME417,2,263067,AME417_PM1,P_78_GABON_B10_R4,05/19/2026 6:30:07 PM,1,AME417,2,263067,AME417_PM1,P_78_GABON_B10_R4,05/19/2026 6:30:07 PM,1,,,,8PXMCVBG,FL78.31YJC_SNIP_DLP2295515-1_28629
D608600,284,GT9ZP284JKG5,0,0,0,0,0.007167,0.003584,0.003584,0,0,0.189929,0,0,0,0.003584,0,0.017918,0,,D6086000,PNCB,05/19/2026 1:46:41 AM,BPD432,8M5CL,8M5CL,07/13/2026 5:22:35 AM,8M5CL,D1D,1,8135991,AME423,6,263067,AME423_PM6,P_78_GABON_B10_R4,05/19/2026 12:30:22 AM,3,AME423,6,263067,AME423_PM6,P_78_GABON_B10_R4,05/19/2026 12:30:22 AM,3,,,,8PONCVBB,FL78.3FGTC_SNIP_DLP2295522-1_19960
D608600,286,GT9ZP286JKA3,0,0,0,0,0,0,0.003584,0,0,0.157677,0,0,0,0.003584,0.003584,0.035836,0,,D6086000,PNCB,05/19/2026 1:46:41 AM,BPD432,8M5CL,8M5CL,07/19/2026 7:45:05 AM,8M5CL,D1D,2,8135945,AME423,23,263067,AME423_PM6,P_78_GABON_B10_R4,05/19/2026 12:51:36 AM,8,AME423,23,263067,AME423_PM6,P_78_GABON_B10_R4,05/19/2026 12:51:36 AM,8,,,,8PONCVBB,FL78.3FGTC_SNIP_DLP2295522-1_19960
D608610,651,GU2DU651JKD1,0,0,0,0,0.003692,0,0,0,0.003692,0.12921,0,0,0.003692,0,0,0,0.003692,,D6086100,PXMG,05/17/2026 6:13:24 PM,BPD436,8M5CL,8M5CL,07/06/2026 3:15:00 PM,8M5CL,D1D,1,8118909,AME409,1,263067,AME409_PM3,P_78_GABON_B10_R4,05/17/2026 3:55:10 PM,1,AME409,1,263067,AME409_PM3,P_78_GABON_B10_R4,05/17/2026 3:55:10 PM,1,,,,8PXMCVBG,FL78.31YJC_SNIP_DLP2295515-1_28629
D608610,652,GU2DU652JKA0,0,0,0,0,0,0.007319,0.003659,0,0,0.142711,0,0,0,0,0,0,0,,D6086100,PXMG,05/17/2026 6:13:24 PM,BPD436,8M5CL,8M5CL,07/19/2026 7:15:33 AM,8M5CL,D1D,2,8118853,AME409,14,263067,AME409_PM3,P_78_GABON_B10_R4,05/17/2026 4:05:51 PM,4,AME409,14,263067,AME409_PM3,P_78_GABON_B10_R4,05/17/2026 4:05:51 PM,4,,,,8PXMCVBG,FL78.31YJC_SNIP_DLP2295515-1_28629
D608120,233,5DXEG233MVF5,0,0,0,0,0.019483,0,0.003247,0,0,0.194831,0,0,0,0,0,0.003247,0.003247,,D6081200,PR8B,05/17/2026 11:22:06 PM,BPD444,8M5CL,8M5CL,07/19/2026 3:52:33 PM,8M5CL,D1D,1,8140736,AME411,9,263067,AME411_PM3,P_78_GABON_B10_R3,05/17/2026 10:10:20 PM,5,AME411,9,263067,AME411_PM3,P_78_GABON_B10_R3,05/17/2026 10:10:20 PM,5,,,,8PR8CVB,FL78.6H0QE_SNIP_DLP2415408-1_328
D608120,239,5DXEG239MVB5,0,0,0,0,0,0.003474,0,0,0,0.208443,0,0,0,0,0,0,0,,D6081200,PR8B,05/17/2026 11:22:06 PM,BPD444,8M5CL,8M5CL,05/18/2026 6:36:02 AM,8M5CL,D1D,2,8140612,AME411,10,263067,AME411_PM4,P_78_GABON_B10_R3,05/17/2026 10:10:20 PM,5,AME411,10,263067,AME411_PM4,P_78_GABON_B10_R3,05/17/2026 10:10:20 PM,5,,,,8PR8CVB,FL78.6H0QE_SNIP_DLP2415408-1_328
D607562,7,KJ9HA007WFB7,0.003692,0,0,0,0,0.011075,0,0,0,0.118135,0,0,0,0.003692,0,0.003692,0,,D6075620,PXMG,05/17/2026 6:19:25 AM,BPD458,8M5CL,8M5CL,05/17/2026 4:31:28 PM,8M5CL,D1D,1,8089206,AME427,13,263067,AME427_PM6,P_78_GABON_B10_R3,05/17/2026 5:11:09 AM,2,AME427,13,263067,AME427_PM6,P_78_GABON_B10_R3,05/17/2026 5:11:09 AM,2,,,,8PXMCVBG,FL78.31YJC_SNIP_DLP2295515-1_27895
D607562,23,KJ97L023WFG0,0,0,0,0,0.014767,0.003692,0,0,0,0.099677,0,0,0,0.018459,0,0.081218,0,,D6075620,PXMG,05/17/2026 6:19:25 AM,BPD458,8M5CL,8M5CL,07/16/2026 10:07:35 PM,8M5CL,D1D,2,8089250,AME427,6,263067,AME427_PM5,P_78_GABON_B10_R3,05/17/2026 5:07:31 AM,1,AME427,6,263067,AME427_PM5,P_78_GABON_B10_R3,05/17/2026 5:07:31 AM,1,,,,8PXMCVBG,FL78.31YJC_SNIP_DLP2295515-1_27895
D608632,626,GU1PU626JKA6,0.003795,0,0,0,0,0,0,0,0,0.215218,0,0,0,0.003795,0,0.011384,0,0,D6086320,PXMG,05/23/2026 7:19:57 AM,BPD446,8M5CL,8M5CL,07/21/2026 10:24:55 AM,8M5CL,D1D,1,8128021,AME409,17,263067,AME409_PM3,P_78_GABON_B10_R4,05/23/2026 5:42:02 AM,9,AME409,17,263067,AME409_PM3,P_78_GABON_B10_R4,05/23/2026 5:42:02 AM,9,,,,8PXMCVBG,FL78.31YJC_SNIP_DLP2295515-1_28629
D608632,627,GU1PU627JKF0,0,0,0,0,0,0,0,0,0,0.391716,0,0,0,0.012111,0,0.003989,0.075799,0,D6086320,PXMG,05/23/2026 7:19:57 AM,BPD446,8M5CL,8M5CL,07/21/2026 10:18:56 AM,8M5CL,D1D,2,8128197,AME409,2,263067,AME409_PM4,P_78_GABON_B10_R4,05/23/2026 5:13:03 AM,1,AME409,2,263067,AME409_PM4,P_78_GABON_B10_R4,05/23/2026 5:13:03 AM,1,,,,8PXMCVBG,FL78.31YJC_SNIP_DLP2295515-1_28629
D606463,14,KJAUC014WFE1,0,0,0,0,0.014637,0,0,0,0,0.128074,0,0,0,0,0,0.010978,0,,D6064630,PXMG,05/23/2026 9:28:22 PM,BPD458,8M5CL,8M5CL,07/27/2026 1:20:20 AM,8M5CL,D1D,1,8051954,AME417,16,263067,AME417_PM2,P_78_GABON_B10_R4,05/23/2026 8:12:53 PM,8,AME417,16,263067,AME417_PM2,P_78_GABON_B10_R4,05/23/2026 8:12:53 PM,8,,,,8PXMCVBG,FL78.31YJC_SNIP_DLP2295515-1_27895
D606463,20,KJAUC020WFG3,0.003659,0,0.003659,0,0.014637,0,0,0,0,0.300059,0,0,0,0,0,0.021956,0,0,D6064630,PXMG,05/23/2026 9:28:22 PM,BPD458,8M5CL,8M5CL,07/26/2026 5:00:53 PM,8M5CL,D1D,2,8051970,AME417,11,263067,AME417_PM1,P_78_GABON_B10_R4,05/23/2026 8:05:39 PM,6,AME417,11,263067,AME417_PM1,P_78_GABON_B10_R4,05/23/2026 8:05:39 PM,6,,,,8PXMCVBG,FL78.31YJC_SNIP_DLP2295515-1_27895
D608618,440,GU2DU440JKD4,0,0,0,0,0.007319,0.010978,0,0,0,0.266393,0,0,0,0.01171,0,0.010978,0,0,D6086180,PXMG,05/23/2026 1:26:30 AM,BPD454,8M5CL,8M5CL,05/25/2026 9:50:41 AM,8M5CL,D1D,1,8124853,AME417,9,263067,AME417_PM1,P_78_GABON_B10_R4,05/23/2026 12:03:36 AM,5,AME417,9,263067,AME417_PM1,P_78_GABON_B10_R4,05/23/2026 12:03:36 AM,5,,,,8PXMCVBG,FL78.31YJC_SNIP_DLP2295515-1_28629
D608618,441,GU2DU441JKA3,0,0,0,0,0,0,0.003692,0,0,0.273188,0,0,0,0,0,0,0,0,D6086180,PXMG,05/23/2026 1:26:30 AM,BPD454,8M5CL,8M5CL,07/24/2026 1:53:34 AM,8M5CL,D1D,2,8124974,AME417,2,263067,AME417_PM2,P_78_GABON_B10_R4,05/22/2026 11:49:05 PM,1,AME417,2,263067,AME417_PM2,P_78_GABON_B10_R4,05/22/2026 11:49:05 PM,1,,,,8PXMCVBG,FL78.31YJC_SNIP_DLP2295515-1_28629
D608613,14,MCLPG014WAB7,0,0,0,0,0.003659,0.010246,0,0,0,0.231265,0,0,0,0,0,0.021956,0,0,D6086130,PXMG,05/23/2026 1:08:30 AM,BPD454,8M5CL,8M5CL,05/25/2026 9:50:31 AM,8M5CL,D1D,1,8119029,AME417,16,263067,AME417_PM2,P_78_GABON_B10_R4,05/22/2026 9:59:23 PM,8,AME417,16,263067,AME417_PM2,P_78_GABON_B10_R4,05/22/2026 9:59:23 PM,8,,,,8PXMCVBG,FL78.31YJC_SNIP_DLP2295515-1_28629
D608613,23,MCLPG023WAC1,0,0,0,0,0,0,0,0,0,0.132902,0,0,0,0.003692,0,0,0,,D6086130,PXMG,05/23/2026 1:08:30 AM,BPD454,8M5CL,8M5CL,05/25/2026 9:50:17 AM,8M5CL,D1D,2,8119028,AME417,23,263067,AME417_PM1,P_78_GABON_B10_R4,05/22/2026 10:15:56 PM,12,AME417,23,263067,AME417_PM1,P_78_GABON_B10_R4,05/22/2026 10:15:56 PM,12,,,,8PXMCVBG,FL78.31YJC_SNIP_DLP2295515-1_28629
D608633,26,A2BJ8026SLB5,0,0,0,0,0.007319,0,0.003659,0,0,0.142711,0,0,0,0.007319,0,0.032933,0.003659,,D6086330,PXMG,05/28/2026 6:39:03 AM,BPD458,8M5CL,8M5CL,07/27/2026 6:04:55 AM,8M5CL,D1D,1,8128557,AME411,24,263067,AME411_PM4,P_78_GABON_B10_R4,05/28/2026 5:27:21 AM,12,AME411,24,263067,AME411_PM4,P_78_GABON_B10_R4,05/28/2026 5:27:21 AM,12,,,,8PXMCVBG,FL78.31YJC_SNIP_DLP2295515-1_28629
D608633,31,A2BJ8031SLH0,0,0,0,0,0,0,0,0,0,0.121827,0,0,0,0.011075,0,0.007383,0,,D6086330,PXMG,05/28/2026 6:39:03 AM,BPD458,8M5CL,8M5CL,07/27/2026 5:28:04 AM,8M5CL,D1D,2,8128587,AME411,3,263067,AME411_PM3,P_78_GABON_B10_R4,05/28/2026 4:47:36 AM,2,AME411,3,263067,AME411_PM3,P_78_GABON_B10_R4,05/28/2026 4:47:36 AM,2,,,,8PXMCVBG,FL78.31YJC_SNIP_DLP2295515-1_28629
D608630,376,GU2DU376JKG4,0.003659,0,0,0,0.010978,0,0,0,0,0.190281,0,0,0,0.010978,0,0.043911,0.04757,,D6086300,PXMG,05/28/2026 4:53:20 PM,BPD454,8M5CL,8M5CL,05/29/2026 7:53:48 AM,8M5CL,D1D,1,8128403,AME421,25,263067,AME421_PM3,P_78_GABON_B10_R4,05/28/2026 3:54:29 PM,13,AME421,25,263067,AME421_PM3,P_78_GABON_B10_R4,05/28/2026 3:54:29 PM,13,,,,8PXMCVBG,FL78.31YJC_SNIP_DLP2295515-1_28629
D608630,377,GU2DU377JKD3,0,0,0,0,0.014767,0.003692,0.003692,0,0,0.262113,0,0,0,0,0.003692,0.007383,0,,D6086300,PXMG,05/28/2026 4:53:20 PM,BPD454,8M5CL,8M5CL,07/27/2026 12:52:59 AM,8M5CL,D1D,2,8128256,AME421,18,263067,AME421_PM4,P_78_GABON_B10_R4,05/28/2026 3:40:17 PM,9,AME421,18,263067,AME421_PM4,P_78_GABON_B10_R4,05/28/2026 3:40:17 PM,9,,,,8PXMCVBG,FL78.31YJC_SNIP_DLP2295515-1_28629
D608630,378,GU2DU378JKA2,0.003659,0,0,0,0.010978,0.003659,0,0,0,0.175644,0,0,0,0,0,0.040252,0,,D6086300,PXMG,05/28/2026 5:42:24 PM,BPD454,8M5CL,8M5CL,07/27/2026 2:54:01 AM,8M5CL,D1D,3,8128402,AME421,9,263067,AME421_PM3,P_78_GABON_B10_R4,05/28/2026 3:26:02 PM,5,AME421,9,263067,AME421_PM3,P_78_GABON_B10_R4,05/28/2026 3:26:02 PM,5,,,,8PXMCVBG,FL78.31YJC_SNIP_DLP2295515-1_28629
D608630,379,GU2DU379JKE4,0,0,0,0,0.003692,0.00886,0,0,0,0.245869,0,0,0,0.003692,0,0.02215,0,0,D6086300,PXMG,05/28/2026 5:42:24 PM,BPD454,8M5CL,8M5CL,07/27/2026 1:33:50 AM,8M5CL,D1D,4,8128360,AME421,21,263067,AME421_PM3,P_78_GABON_B10_R4,05/28/2026 3:47:24 PM,11,AME421,21,263067,AME421_PM3,P_78_GABON_B10_R4,05/28/2026 3:47:24 PM,11,,,,8PXMCVBG,FL78.31YJC_SNIP_DLP2295515-1_28629
D608625,4,A2AMA004SLC0,0,0,0,0,0.003659,0.007319,0,0,0,0.175644,0,0,0,0.007319,0,0.007319,0,,D6086250,PXMG,05/28/2026 7:02:56 PM,BPD436,8M5CL,8M5CL,05/29/2026 7:53:19 AM,8M5CL,D1D,1,8126352,AME409,4,263067,AME409_PM2,P_78_GABON_B10_R4,05/28/2026 5:24:14 PM,2,AME409,4,263067,AME409_PM2,P_78_GABON_B10_R4,05/28/2026 5:24:14 PM,2,,,,8PXMCVBG,FL78.31YJC_SNIP_DLP2295515-1_28629
D608625,15,A2BJ8015SLA2,0,0,0,0,0.007383,0,0.014767,0,0,0.132902,0,0,0,0.003692,0.003692,0.003692,0.014767,,D6086250,PXMG,05/28/2026 7:02:56 PM,BPD436,8M5CL,8M5CL,05/29/2026 7:53:25 AM,8M5CL,D1D,2,8126486,AME409,3,263067,AME409_PM1,P_78_GABON_B10_R4,05/28/2026 5:24:13 PM,2,AME409,3,263067,AME409_PM1,P_78_GABON_B10_R4,05/28/2026 5:24:13 PM,2,,,,8PXMCVBG,FL78.31YJC_SNIP_DLP2295515-1_28629
D608116,246,KJ7HD246WFD7,0,0,0,0,0.003659,0.003659,0,0,0,0.150029,0,0,0,0.003659,0,0.010978,0,,D6081160,PXMG,05/25/2026 5:17:42 PM,BPD454,8M5CL,8M5CL,07/19/2026 10:31:30 PM,8M5CL,D1D,1,8123045,AME421,9,263067,AME421_PM2,P_78_GABON_B10_R4,05/25/2026 3:30:16 PM,4,AME421,9,263067,AME421_PM2,P_78_GABON_B10_R4,05/25/2026 3:30:16 PM,4,,,,8PXMCVBG,FL78.31YJC_SNIP_DLP2295515-1_28629
D608116,334,KJ7HD334WFE6,0,0,0,0,0.003659,0,0,0,0,0.182963,0,0,0,0,0,0.003659,0.003659,0,D6081160,PXMG,05/25/2026 5:17:42 PM,BPD454,8M5CL,8M5CL,07/21/2026 9:34:22 PM,8M5CL,D1D,2,8123156,AME421,2,263067,AME421_PM2,P_78_GABON_B10_R4,05/25/2026 3:19:22 PM,1,AME421,2,263067,AME421_PM2,P_78_GABON_B10_R4,05/25/2026 3:19:22 PM,1,,,,8PXMCVBG,FL78.31YJC_SNIP_DLP2295515-1_28629
D606465,505,KJAUF505WFA5,0,0,0,0,0.003692,0,0.003692,0,0,0.132902,0,0.003692,0,0.003692,0,0.011075,0,,D6064650,PXMG,05/25/2026 7:36:45 PM,BPD454,8M5CL,8M5CL,07/18/2026 6:55:23 AM,8M5CL,D1D,1,8052111,AME419,8,263067,AME419_PM4,P_78_GABON_B10_R4,05/25/2026 4:27:40 PM,1,AME419,8,263067,AME419_PM4,P_78_GABON_B10_R4,05/25/2026 4:27:40 PM,1,,,,8PXMCVBG,FL78.31YJC_SNIP_DLP2295515-1_27895
D606465,507,KJAUF507WFB6,0.407382,0,0,0,0.045962,0,0.045962,0,0.022981,0.42341,0,0,0,0.372557,0,0.022981,0.08008,0,D6064650,PXMG,05/25/2026 7:36:45 PM,BPD454,8M5CL,8M5CL,07/19/2026 4:00:17 AM,8M5CL,D1D,2,8052019,AME419,11,263067,AME419_PM3,P_78_GABON_B10_R4,05/25/2026 4:32:48 PM,2,AME419,11,263067,AME419_PM3,P_78_GABON_B10_R4,05/25/2026 4:32:48 PM,2,,,,8PXMCVBG,FL78.31YJC_SNIP_DLP2295515-1_27895
D608621,25,A29JN025SLD4,0,0,0,0,0.003692,0.005907,0,0,0,0.230364,0,0,0,0,0,0.018459,0,0,D6086210,PXMG,05/24/2026 12:42:20 PM,BPD454,8M5CL,8M5CL,07/20/2026 6:15:07 PM,8M5CL,D1D,1,8126311,AME417,8,263067,AME417_PM2,P_78_GABON_B10_R4,05/24/2026 10:57:23 AM,4,AME417,8,263067,AME417_PM2,P_78_GABON_B10_R4,05/24/2026 10:57:23 AM,4,,,,8PXMCVBG,FL78.31YJC_SNIP_DLP2295515-1_28629
D608621,53,A2AQR053SLB6,0,0,0,0,0.007383,0.003692,0.003692,0,0,0.291646,0,0,0,0,0,0,0,0,D6086210,PXMG,05/24/2026 12:42:20 PM,BPD454,8M5CL,8M5CL,07/21/2026 11:27:50 AM,8M5CL,D1D,2,8126305,AME417,3,263067,AME417_PM1,P_78_GABON_B10_R4,05/24/2026 10:50:09 AM,2,AME417,3,263067,AME417_PM1,P_78_GABON_B10_R4,05/24/2026 10:50:09 AM,2,,,,8PXMCVBG,FL78.31YJC_SNIP_DLP2295515-1_28629
D607518,664,MCLPL664WAG2,0,0,0,0,0.021501,0,0.003584,0,0,0.193512,0,0,0,0.028668,0,0.003584,0,,D6075180,PNCB,06/04/2026 10:19:17 PM,BPD436,8M5CL,8M5CL,06/05/2026 8:57:36 AM,8M5CL,D1D,1,8097524,AME403,1,263067,AME403_PM6,P_78_GABON_B10_R4,06/04/2026 5:58:32 PM,1,AME403,1,263067,AME403_PM6,P_78_GABON_B10_R4,06/04/2026 5:58:32 PM,1,,,,8PONCVBB,FL78.3FGTC_SNIP_DLP2295522-1_19422
D607518,672,MCLPL672WAC2,0,0,0,0,0.003584,0,0,0,0,0.193512,0,0,0,0,0,0,0,,D6075180,PNCB,06/04/2026 10:19:17 PM,BPD436,8M5CL,8M5CL,06/05/2026 8:57:38 AM,8M5CL,D1D,2,8097430,AME403,10,263067,AME403_PM6,P_78_GABON_B10_R4,06/04/2026 6:30:15 PM,10,AME403,10,263067,AME403_PM6,P_78_GABON_B10_R4,06/04/2026 6:30:15 PM,10,,,,8PONCVBB,FL78.3FGTC_SNIP_DLP2295522-1_19422
D607888,819,GU0MN819JKB1,0.003247,0,0,0,0.113651,0,0,0,0.003247,0.694898,0,0,0,0,0,0.006494,0,,D6078880,PR8B,05/31/2026 7:08:34 AM,BPD436,8M5CL,8M5CL,05/31/2026 9:52:24 AM,8M5CL,D1D,1,8109947,AME411,9,263067,AME411_PM3,P_78_GABON_B10_R4,05/31/2026 5:55:47 AM,5,AME411,9,263067,AME411_PM3,P_78_GABON_B10_R4,05/31/2026 5:55:47 AM,5,,,,8PR8CVB,FL78.6H0QE_SNIP_DLP2344620-1_9013
D607888,820,GU0MN820JKE2,0,0,0,0,0.038966,0.003247,0,0,0,0.688403,0,0,0,0,0,0.006494,0.009742,,D6078880,PR8B,05/31/2026 7:08:34 AM,BPD436,8M5CL,8M5CL,05/31/2026 9:52:18 AM,8M5CL,D1D,2,8109875,AME411,2,263067,AME411_PM4,P_78_GABON_B10_R4,05/31/2026 5:41:08 AM,1,AME411,2,263067,AME411_PM4,P_78_GABON_B10_R4,05/31/2026 5:41:08 AM,1,,,,8PR8CVB,FL78.6H0QE_SNIP_DLP2344620-1_9013
D608109,299,KJA6D299WFD7,0,0,0,0,0.051684,0.003692,0,0,0,0.21412,0,0,0,0.003692,0,0,0,0,D6081090,PXMG,05/31/2026 2:37:37 AM,BPD458,8M5CL,8M5CL,06/01/2026 9:06:40 AM,8M5CL,D1D,1,8120681,AME411,16,263067,AME411_PM3,P_78_GABON_B10_R4,05/31/2026 12:59:52 AM,8,AME411,16,263067,AME411_PM3,P_78_GABON_B10_R4,05/31/2026 12:59:52 AM,8,,,,8PXMCVBG,FL78.31YJC_SNIP_DLP2295515-1_28629
D608109,313,KJA6D313WFA4,0,0,0,0,0.003692,0.007383,0,0,0,0.140286,0,0,0,0,0,0.011075,0,,D6081090,PXMG,05/31/2026 2:37:37 AM,BPD458,8M5CL,8M5CL,06/01/2026 9:06:51 AM,8M5CL,D1D,2,8120674,AME411,11,263067,AME411_PM4,P_78_GABON_B10_R4,05/31/2026 12:48:44 AM,5,AME411,11,263067,AME411_PM4,P_78_GABON_B10_R4,05/31/2026 12:48:44 AM,5,,,,8PXMCVBG,FL78.31YJC_SNIP_DLP2295515-1_28629
D606ECR,251,GU2ZJ251JKC1,0,0,0,0,0,0.005289,0,0,0,0.280325,0,0,0,0,0.005289,0,0,,D606ECR0,X78E,07/17/2026 1:00:03 AM,BPD446,8M5CL,8M5CL,07/17/2026 8:19:47 AM,8M5CL,D1D,1,8073823,AME421,21,263067,AME421_PM1,P_78_GABON_B10_R4,07/16/2026 10:36:42 PM,11,AME421,21,263067,AME421_PM1,P_78_GABON_B10_R4,07/16/2026 10:36:42 PM,11,,,,1X78EVAA,FL78.6FCTE_SNIP_DLP2401669-1_277
D606ECR,252,GU2ZJ252JKG3,0,0,0,0,0,0.005273,0.005273,0,0,0.442919,0,0.005273,0,0.005273,0,0,0,,D606ECR0,X78E,07/17/2026 1:00:03 AM,BPD446,8M5CL,8M5CL,07/17/2026 8:19:37 AM,8M5CL,D1D,2,8073769,AME421,2,263067,AME421_PM2,P_78_GABON_B10_R4,07/16/2026 10:00:30 PM,1,AME421,2,263067,AME421_PM2,P_78_GABON_B10_R4,07/16/2026 10:00:30 PM,1,,,,1X78EVAA,FL78.6FCTE_SNIP_DLP2401669-1_277
D601542,326,GT6QX326JKB7,0,0,0,0,0.008649,0.003659,0.003659,0,0,0.166995,0,0,0,0.003659,0,0.010978,0,0,D6015420,PXMG,03/27/2026 12:33:37 PM,BPD432,8M5CL,8M5CL,06/10/2026 7:44:02 AM,8M5CL,D1D,1,7869392,AME403,9,263067,AME403_PM3,P_78_GABON_B10_R3,03/27/2026 11:11:31 AM,5,AME403,9,263067,AME403_PM3,P_78_GABON_B10_R3,03/27/2026 11:11:31 AM,5,,,,8PXMCVBG,FL78.31YJC_SNIP_DLP2295515-1_20271
D601542,327,GT6QX327JKG1,0,0,0,0,0.011075,0.007383,0.003692,0,0,0.166128,0,0,0,0.007383,0,0.011075,0.003692,,D6015420,PXMG,03/27/2026 12:33:37 PM,BPD432,8M5CL,8M5CL,06/10/2026 1:42:36 AM,8M5CL,D1D,2,7869411,AME403,14,263067,AME403_PM4,P_78_GABON_B10_R3,03/27/2026 11:15:08 AM,6,AME403,14,263067,AME403_PM4,P_78_GABON_B10_R3,03/27/2026 11:15:08 AM,6,,,,8PXMCVBG,FL78.31YJC_SNIP_DLP2295515-1_20271
D601567,184,5DXAN184MVB6,0,0,0,0,0.029274,0,0.003659,0,0,0.157348,0,0,0,0.007319,0,0,0.003659,0,D6015670,PXMG,04/04/2026 7:29:52 AM,BPD444,8M5CL,8M5CL,06/16/2026 5:58:55 AM,8M5CL,D1D,1,7890707,AME417,24,263067,AME417_PM6,P_78_GABON_B10_R3,04/04/2026 6:44:10 AM,12,AME417,24,263067,AME417_PM6,P_78_GABON_B10_R3,04/04/2026 6:44:10 AM,12,,,,8PXMCVBG,FL78.31YJC_SNIP_DLP2295515-1_20271
D601567,194,5DXAN194MVG2,0,0,0,0,0.007319,0,0,0,0,0.208577,0,0,0,0,0,0,0,0,D6015670,PXMG,04/04/2026 7:29:52 AM,BPD444,8M5CL,8M5CL,06/16/2026 6:26:42 AM,8M5CL,D1D,2,7890694,AME417,11,263067,AME417_PM6,P_78_GABON_B10_R3,04/04/2026 6:22:21 AM,6,AME417,11,263067,AME417_PM6,P_78_GABON_B10_R3,04/04/2026 6:22:21 AM,6,,,,8PXMCVBG,FL78.31YJC_SNIP_DLP2295515-1_20271
D602627,746,GT5JE746JKG7,0,0,0,0,0,0.003659,0.003659,0,0,0.19394,0,0,0,0,0,0.003659,0,0,D6026270,PXMG,04/03/2026 2:10:58 PM,BPD442,8M5CL,8M5CL,06/30/2026 4:47:42 PM,8M5CL,D1D,1,7903594,AME401,17,263067,AME401_PM2,P_78_GABON_B10_R3,04/03/2026 12:53:24 PM,2,AME401,17,263067,AME401_PM2,P_78_GABON_B10_R3,04/03/2026 12:53:24 PM,2,,,,8PXMCVBG,FL78.31YJC_SNIP_DLP2295515-1_21623
D602627,759,GT5JE759JKC0,0,0,0,0,0,0.003692,0.003692,0,0,0.143977,0,0,0,0,0,0,0,,D6026270,PXMG,04/03/2026 2:10:58 PM,BPD442,8M5CL,8M5CL,06/30/2026 4:59:47 PM,8M5CL,D1D,2,7903539,AME401,2,263067,AME401_PM1,P_78_GABON_B10_R3,04/03/2026 12:04:24 PM,2,AME401,2,263067,AME401_PM1,P_78_GABON_B10_R3,04/03/2026 12:04:24 PM,2,,,,8PXMCVBG,FL78.31YJC_SNIP_DLP2295515-1_21623
D602627,761,GT5JE761JKC0,0,0,0,0,0,0.003692,0.003692,0,0,0.125519,0,0,0,0,0.007383,0.011075,0.003692,,D6026270,PXMG,04/03/2026 2:10:58 PM,BPD442,8M5CL,8M5CL,06/30/2026 4:46:53 PM,8M5CL,D1D,3,7903615,AME401,1,263067,AME401_PM1,P_78_GABON_B10_R3,04/03/2026 12:00:54 PM,1,AME401,1,263067,AME401_PM1,P_78_GABON_B10_R3,04/03/2026 12:00:54 PM,1,,,,8PXMCVBG,FL78.31YJC_SNIP_DLP2295515-1_21623
D602627,765,GT5JE765JKE2,0,0,0,0,0,0,0.007383,0,0,0.173511,0,0,0,0.003692,0.018459,0.007383,0.003692,,D6026270,PXMG,04/03/2026 2:10:58 PM,BPD442,8M5CL,8M5CL,06/30/2026 4:47:01 PM,8M5CL,D1D,4,7903663,AME401,15,263067,AME401_PM2,P_78_GABON_B10_R3,04/03/2026 12:49:48 PM,1,AME401,15,263067,AME401_PM2,P_78_GABON_B10_R3,04/03/2026 12:49:48 PM,1,,,,8PXMCVBG,FL78.31YJC_SNIP_DLP2295515-1_21623
D601559,19,A23UP019SLB5,0.003692,0,0,0,0.011075,0.003692,0.011075,0,0,0.095985,0,0,0.003692,0.003692,0.003692,0.018459,0,,D6015590,PXMG,04/03/2026 12:00:45 AM,BPD448,8M5CL,8M5CL,06/19/2026 3:00:10 AM,8M5CL,D1D,1,7889923,AME411,24,263067,AME411_PM1,P_78_GABON_B10_R3,04/02/2026 10:30:59 PM,24,AME411,24,263067,AME411_PM1,P_78_GABON_B10_R3,04/02/2026 10:30:59 PM,24,,,,8PXMCVBG,FL78.31YJC_SNIP_DLP2295515-1_20271
D601559,21,A23UP021SLB5,0,0,0,0,0.007383,0.003692,0.003692,0,0,0.077526,0,0,0,0,0,0,0,,D6015590,PXMG,04/03/2026 12:00:45 AM,BPD448,8M5CL,8M5CL,06/20/2026 9:08:57 AM,8M5CL,D1D,2,7889766,AME411,11,263067,AME411_PM1,P_78_GABON_B10_R3,04/02/2026 9:44:57 PM,11,AME411,11,263067,AME411_PM1,P_78_GABON_B10_R3,04/02/2026 9:44:57 PM,11,,,,8PXMCVBG,FL78.31YJC_SNIP_DLP2295515-1_20271
D601561,32,GT9FQ032JKG2,0,0,0,0,0,0,0,0,0,0.175644,0,0,0,0,0,0,0,,D6015610,PXMG,04/02/2026 9:26:56 PM,BPD458,8M5CL,8M5CL,06/08/2026 1:01:52 AM,8M5CL,D1D,1,7889828,AME409,8,263067,AME409_PM1,P_78_GABON_B10_R3,04/02/2026 7:24:01 PM,4,AME409,8,263067,AME409_PM1,P_78_GABON_B10_R3,04/02/2026 7:24:01 PM,4,,,,8PXMCVBG,FL78.31YJC_SNIP_DLP2295515-1_20271
D601561,36,GT9FQ036JKB1,0,0,0,0,0.003659,0.003659,0,0,0,0.190281,0.007319,0,0,0.003659,0,0.007319,0.003659,,D6015610,PXMG,04/02/2026 9:26:56 PM,BPD458,8M5CL,8M5CL,06/04/2026 10:53:55 AM,8M5CL,D1D,2,7889925,AME409,3,263067,AME409_PM1,P_78_GABON_B10_R3,04/02/2026 7:16:29 PM,2,AME409,3,263067,AME409_PM1,P_78_GABON_B10_R3,04/02/2026 7:16:29 PM,2,,,,8PXMCVBG,FL78.31YJC_SNIP_DLP2295515-1_20271
D601506,163,5DXAI163MVB3,0,0,0.003609,0,0,0.007218,0,0,0,0.25625,0,0,0,0.003609,0.003609,0.003609,0.003609,,D6015060,PNCB,03/30/2026 3:13:31 PM,BPD432,8M5CL,8M5CL,06/04/2026 1:43:17 AM,8M5CL,D1D,1,7873165,AME401,21,263067,AME401_PM3,P_78_GABON_B10_R3,03/30/2026 2:07:37 PM,21,AME401,21,263067,AME401_PM3,P_78_GABON_B10_R3,03/30/2026 2:07:37 PM,21,,,,8PONCVBB,FL78.3FGTC_SNIP_DLP2295522-1_13841
D601506,167,5DXAI167MVD5,0,0,0,0,0,0,0,0,0,0.202113,0,0,0,0.010827,0,0.025264,0.003609,,D6015060,PNCB,03/30/2026 3:13:31 PM,BPD432,8M5CL,8M5CL,06/03/2026 3:26:43 AM,8M5CL,D1D,2,7873074,AME401,18,263067,AME401_PM3,P_78_GABON_B10_R3,03/30/2026 1:56:54 PM,18,AME401,18,263067,AME401_PM3,P_78_GABON_B10_R3,03/30/2026 1:56:54 PM,18,,,,8PONCVBB,FL78.3FGTC_SNIP_DLP2295522-1_13841
D601506,175,5DXAI175MVH0,0,0,0,0,0.003609,0,0.003609,0,0,0.223768,0,0,0,0.007218,0.003609,0.010827,0,,D6015060,PNCB,03/30/2026 3:13:31 PM,BPD432,8M5CL,8M5CL,06/03/2026 3:22:04 AM,8M5CL,D1D,3,7873113,AME401,25,263067,AME401_PM3,P_78_GABON_B10_R3,03/30/2026 2:21:53 PM,25,AME401,25,263067,AME401_PM3,P_78_GABON_B10_R3,03/30/2026 2:21:53 PM,25,,,,8PONCVBB,FL78.3FGTC_SNIP_DLP2295522-1_13841
D601506,179,5DXAI179MVB7,0,0,0,0,0,0.007218,0.007218,0,0,0.252641,0,0,0,0.003609,0,0.003609,0.003609,,D6015060,PNCB,03/30/2026 3:13:31 PM,BPD432,8M5CL,8M5CL,06/03/2026 1:38:18 PM,8M5CL,D1D,4,7873134,AME401,9,263067,AME401_PM3,P_78_GABON_B10_R3,03/30/2026 1:24:48 PM,9,AME401,9,263067,AME401_PM3,P_78_GABON_B10_R3,03/30/2026 1:24:48 PM,9,,,,8PONCVBB,FL78.3FGTC_SNIP_DLP2295522-1_13841
D601554,1,GT9FQ001JKD2,0,0,0,0,0.004799,0,0.003692,0,0,0.172404,0,0,0,0,0,0,0.003692,0,D6015540,PXMG,03/31/2026 8:34:12 PM,BPD448,8M5CL,8M5CL,06/30/2026 11:06:30 PM,8M5CL,D1D,1,7886956,AME409,21,263067,AME409_PM5,P_78_GABON_B10_R3,03/31/2026 7:29:57 PM,11,AME409,21,263067,AME409_PM5,P_78_GABON_B10_R3,03/31/2026 7:29:57 PM,11,,,,8PXMCVBG,FL78.31YJC_SNIP_DLP2295515-1_20271
D601554,2,GT9FQ002JKA1,0,0,0,0,0.003659,0.010978,0.007319,0,0,0.205467,0,0,0,0.010429,0,0.010978,0,0,D6015540,PXMG,03/31/2026 8:34:12 PM,BPD448,8M5CL,8M5CL,06/30/2026 11:41:46 PM,8M5CL,D1D,2,7886723,AME409,14,263067,AME409_PM6,P_78_GABON_B10_R3,03/31/2026 7:15:27 PM,7,AME409,14,263067,AME409_PM6,P_78_GABON_B10_R3,03/31/2026 7:15:27 PM,7,,,,8PXMCVBG,FL78.31YJC_SNIP_DLP2295515-1_20271
D602851,480,KJ7KQ480WFB1,0,0,0,0,0,0,0,0.004111,0,0.702917,0,0,0,0.008221,0,0,0,,D602851A,PR8B,03/29/2026 6:56:39 AM,BPD442,8M5CL,8M5CL,04/08/2026 2:08:22 PM,8M5CL,D1D,1,8199089,AME423,20,263067,AME423_PM2,P_78_GABON_B10_R3,03/29/2026 6:05:48 AM,4,AME423,20,263067,AME423_PM2,P_78_GABON_B10_R3,03/29/2026 6:05:48 AM,4,,,,8PR8CVB,FL78.6H0QE_SNIP_DLP2373833-1_218
D602851,481,KJ7KQ481WFF3,0,0,0,0,0,0.003247,0.009742,0,0,0.337707,0,0,0,0,0,0,0,,D602851A,PR8B,03/29/2026 6:56:39 AM,BPD442,8M5CL,8M5CL,04/08/2026 2:08:42 PM,8M5CL,D1D,2,8199087,AME423,3,263067,AME423_PM1,P_78_GABON_B10_R3,03/29/2026 5:58:03 AM,2,AME423,3,263067,AME423_PM1,P_78_GABON_B10_R3,03/29/2026 5:58:03 AM,2,,,,8PR8CVB,FL78.6H0QE_SNIP_DLP2373833-1_218
D602851,483,KJ7KQ483WFG4,0,0,0,0,0.006494,0.003247,0,0,0,0.350696,0,0,0,0,0,0.003247,0,,D602851A,PR8B,03/29/2026 6:56:39 AM,BPD442,8M5CL,8M5CL,04/08/2026 2:08:44 PM,8M5CL,D1D,3,8199015,AME423,22,263067,AME423_PM1,P_78_GABON_B10_R3,03/29/2026 6:09:41 AM,5,AME423,22,263067,AME423_PM1,P_78_GABON_B10_R3,03/29/2026 6:09:41 AM,5,,,,8PR8CVB,FL78.6H0QE_SNIP_DLP2373833-1_218
D602851,484,KJ7KQ484WFD3,0.012913,0,0,0,0,0.012913,0.006457,0,0,0.832919,0,0,0,0,0,0,0,,D602851A,PR8B,03/29/2026 6:56:39 AM,BPD442,8M5CL,8M5CL,04/08/2026 2:08:29 PM,8M5CL,D1D,4,8199064,AME423,11,263067,AME423_PM2,P_78_GABON_B10_R3,03/29/2026 5:58:03 AM,2,AME423,11,263067,AME423_PM2,P_78_GABON_B10_R3,03/29/2026 5:58:03 AM,2,,,,8PR8CVB,FL78.6H0QE_SNIP_DLP2373833-1_218
D602851,505,KJ7KQ505WFA2,0,0,0,0,0.005282,0.005282,0,0,0,0.728871,0,0,0,0,0,0.005282,0,,D602851A,PR8B,03/29/2026 6:56:39 AM,BPD442,8M5CL,8M5CL,04/08/2026 2:08:51 PM,8M5CL,D1D,5,8199031,AME423,25,263067,AME423_PM2,P_78_GABON_B10_R3,03/29/2026 6:13:34 AM,6,AME423,25,263067,AME423_PM2,P_78_GABON_B10_R3,03/29/2026 6:13:34 AM,6,,,,8PR8CVB,FL78.6H0QE_SNIP_DLP2373833-1_218
D602851,511,KJ7KQ511WFC4,0,0,0,0,0,0,0,0,0,0.33446,0,0,0,0,0,0.012989,0,,D602851A,PR8B,03/29/2026 6:56:39 AM,BPD442,8M5CL,8M5CL,04/08/2026 2:08:31 PM,8M5CL,D1D,6,8199020,AME423,2,263067,AME423_PM1,P_78_GABON_B10_R3,03/29/2026 5:54:10 AM,1,AME423,2,263067,AME423_PM1,P_78_GABON_B10_R3,03/29/2026 5:54:10 AM,1,,,,8PR8CVB,FL78.6H0QE_SNIP_DLP2373833-1_218
D601543,554,MCJ1P554WAD2,0,0,0,0,0,0.010246,0,0,0,0.220287,0,0,0,0.003659,0.003659,0.007319,0,0,D6015430,PXMG,04/05/2026 1:25:42 AM,BPD450,8M5CL,8M5CL,07/04/2026 11:06:56 PM,8M5CL,D1D,1,7869452,AME411,4,263067,AME411_PM1,P_78_GABON_B10_R3,04/04/2026 9:28:24 PM,3,AME411,4,263067,AME411_PM1,P_78_GABON_B10_R3,04/04/2026 9:28:24 PM,3,,,,8PXMCVBG,FL78.31YJC_SNIP_DLP2295515-1_20271
D601543,560,MCJ1P560WAF4,0,0,0,0,0.010978,0.077088,0.003659,0,0,0.211993,0,0,0,0.003659,0,0.018296,0,0,D6015430,PXMG,04/05/2026 1:25:42 AM,BPD450,8M5CL,8M5CL,07/05/2026 1:34:22 AM,8M5CL,D1D,2,7869380,AME411,15,263067,AME411_PM1,P_78_GABON_B10_R3,04/04/2026 10:08:07 PM,14,AME411,15,263067,AME411_PM1,P_78_GABON_B10_R3,04/04/2026 10:08:07 PM,14,,,,8PXMCVBG,FL78.31YJC_SNIP_DLP2295515-1_20271
D602109,26,KJ7KK026WFA7,0.007319,0,0,0,0.010978,0.003659,0.003659,0,0,0.168326,0,0,0,0,0,0.014637,0.003659,0,D6021090,PXMG,04/11/2026 12:17:56 AM,BPD448,8M5CL,8M5CL,07/21/2026 1:00:44 AM,8M5CL,D1D,1,7907792,AME423,16,263067,AME423_PM2,P_78_GABON_B10_R3,04/10/2026 10:20:57 PM,16,AME423,16,263067,AME423_PM2,P_78_GABON_B10_R3,04/10/2026 10:20:57 PM,16,,,,8PXMCVBG,FL78.31YJC_SNIP_DLP2295515-1_21623
D602109,27,KJ7KK027WFF1,0,0,0,0,0,0.004027,0,0,0,0.128875,0,0,0,0,0,0.003692,0,0,D6021090,PXMG,04/11/2026 12:17:56 AM,BPD448,8M5CL,8M5CL,07/19/2026 12:04:04 PM,8M5CL,D1D,2,7907743,AME423,11,263067,AME423_PM2,P_78_GABON_B10_R3,04/10/2026 10:02:44 PM,11,AME423,11,263067,AME423_PM2,P_78_GABON_B10_R3,04/10/2026 10:02:44 PM,11,,,,8PXMCVBG,FL78.31YJC_SNIP_DLP2295515-1_21623
D602104,4,KJ7KK004WFF4,0,0,0,0,0.003659,0,0.010978,0,0,0.106118,0,0,0,0,0,0.010978,0,,D6021040,PXMG,04/09/2026 8:25:11 PM,BPD450,8M5CL,8M5CL,06/22/2026 4:39:27 AM,8M5CL,D1D,1,7907507,AME403,17,263067,AME403_PM1,P_78_GABON_B10_R3,04/09/2026 6:50:34 PM,9,AME403,17,263067,AME403_PM1,P_78_GABON_B10_R3,04/09/2026 6:50:34 PM,9,,,,8PXMCVBG,FL78.31YJC_SNIP_DLP2295515-1_21623
D602104,21,KJ7KK021WFB6,0,0,0,0,0.02215,0,0.003692,0,0,0.10706,0,0,0,0,0,0.003692,0,,D6021040,PXMG,04/09/2026 8:25:11 PM,BPD450,8M5CL,8M5CL,06/22/2026 7:14:07 AM,8M5CL,D1D,2,7907584,AME403,22,263067,AME403_PM2,P_78_GABON_B10_R3,04/09/2026 6:58:26 PM,11,AME403,22,263067,AME403_PM2,P_78_GABON_B10_R3,04/09/2026 6:58:26 PM,11,,,,8PXMCVBG,FL78.31YJC_SNIP_DLP2295515-1_21623
D601571,148,5DXBG148MVB1,0.020492,0,0,0,0.003659,0,0.003659,0,0,0.16613,0,0,0,0,0,0.014637,0.003659,0,D6015710,PXMG,04/10/2026 8:36:32 AM,BPD458,8M5CL,8M5CL,07/19/2026 12:38:43 PM,8M5CL,D1D,1,7890633,AME403,4,263067,AME403_PM6,P_78_GABON_B10_R3,04/10/2026 6:14:30 AM,2,AME403,4,263067,AME403_PM6,P_78_GABON_B10_R3,04/10/2026 6:14:30 AM,2,,,,8PXMCVBG,FL78.31YJC_SNIP_DLP2295515-1_20271
D601571,156,5DXBG156MVE4,0,0,0,0,0.003659,0,0,0,0,0.234192,0,0,0,0.003659,0.003659,0.003659,0,0,D6015710,PXMG,04/10/2026 8:36:32 AM,BPD458,8M5CL,8M5CL,07/19/2026 12:04:05 PM,8M5CL,D1D,2,7890728,AME403,3,263067,AME403_PM5,P_78_GABON_B10_R3,04/10/2026 6:14:30 AM,2,AME403,3,263067,AME403_PM5,P_78_GABON_B10_R3,04/10/2026 6:14:30 AM,2,,,,8PXMCVBG,FL78.31YJC_SNIP_DLP2295515-1_20271
D603136,15,A26FX015SLH2,0.003692,0,0,0,0,0,0,0,0,0.099677,0,0,0,0.007383,0,0.007383,0,,D6031360,PXMG,04/09/2026 7:11:18 PM,BPD432,8M5CL,8M5CL,07/19/2026 1:39:26 PM,8M5CL,D1D,1,7937636,AME403,1,263067,AME403_PM5,P_78_GABON_B10_R3,04/09/2026 5:44:55 PM,1,AME403,1,263067,AME403_PM5,P_78_GABON_B10_R3,04/09/2026 5:44:55 PM,1,,,,8PXMCVBG,FL78.31YJC_SNIP_DLP2295515-1_22631
D603136,21,A26FX021SLC1,0,0,0,0,0.003692,0,0.007383,0,0,0.092293,0,0,0,0.003692,0,0.014767,0,,D6031360,PXMG,04/09/2026 7:11:18 PM,BPD432,8M5CL,8M5CL,07/19/2026 2:05:44 PM,8M5CL,D1D,2,7937739,AME403,14,263067,AME403_PM6,P_78_GABON_B10_R3,04/09/2026 6:08:42 PM,7,AME403,14,263067,AME403_PM6,P_78_GABON_B10_R3,04/09/2026 6:08:42 PM,7,,,,8PXMCVBG,FL78.31YJC_SNIP_DLP2295515-1_22631
D602101,36,A25YU036SLA6,0,0,0,0,0.010978,0.003659,0.007319,0,0,0.113437,0,0,0,0,0.003659,0,0,,D6021010,PXMG,04/10/2026 10:27:41 PM,BPD454,8M5CL,8M5CL,07/06/2026 1:26:37 AM,8M5CL,D1D,1,7905064,AME411,20,263067,AME411_PM3,P_78_GABON_B10_R3,04/10/2026 9:17:50 PM,20,AME411,20,263067,AME411_PM3,P_78_GABON_B10_R3,04/10/2026 9:17:50 PM,20,,,,8PXMCVBG,FL78.31YJC_SNIP_DLP2295515-1_21623
D602101,37,A25YU037SLF0,0.003692,0,0,0,0.003692,0.007383,0.011075,0,0,0.077526,0,0,0,0.018459,0,0.007383,0,,D6021010,PXMG,04/10/2026 10:27:41 PM,BPD454,8M5CL,8M5CL,07/02/2026 2:52:33 PM,8M5CL,D1D,2,7905063,AME411,3,263067,AME411_PM3,P_78_GABON_B10_R3,04/10/2026 8:16:15 PM,3,AME411,3,263067,AME411_PM3,P_78_GABON_B10_R3,04/10/2026 8:16:15 PM,3,,,,8PXMCVBG,FL78.31YJC_SNIP_DLP2295515-1_21623
D601555,155,A24ZQ155SLE2,0,0,0,0,0.014767,0,0.011075,0,0,0.184586,0,0,0,0.02215,0,0.007383,0,,D6015550,PXMG,04/10/2026 3:56:33 PM,BPD446,8M5CL,8M5CL,07/05/2026 5:48:56 AM,8M5CL,D1D,1,7886866,AME409,8,263067,AME409_PM1,P_78_GABON_B10_R3,04/10/2026 2:39:05 PM,4,AME409,8,263067,AME409_PM1,P_78_GABON_B10_R3,04/10/2026 2:39:05 PM,4,,,,8PXMCVBG,FL78.31YJC_SNIP_DLP2295515-1_20271
D601555,156,A24ZQ156SLB1,0.003659,0,0,0,0,0.003659,0,0,0,0.179303,0,0,0,0.003659,0.003659,0,0.003659,0,D6015550,PXMG,04/10/2026 3:56:33 PM,BPD446,8M5CL,8M5CL,07/05/2026 12:25:28 AM,8M5CL,D1D,2,7886792,AME409,3,263067,AME409_PM2,P_78_GABON_B10_R3,04/10/2026 2:28:10 PM,1,AME409,3,263067,AME409_PM2,P_78_GABON_B10_R3,04/10/2026 2:28:10 PM,1,,,,8PXMCVBG,FL78.31YJC_SNIP_DLP2295515-1_20271
D601558,13,A25GX013SLH2,0,0,0,0,0.017905,0.003692,0,0,0,0.229441,0,0,0,0,0,0.007383,0,0,D6015580,PXMG,04/09/2026 11:50:36 PM,BPD444,8M5CL,8M5CL,06/16/2026 3:17:02 PM,8M5CL,D1D,1,7889872,AME409,13,263067,AME409_PM1,P_78_GABON_B10_R3,04/09/2026 10:38:13 PM,7,AME409,13,263067,AME409_PM1,P_78_GABON_B10_R3,04/09/2026 10:38:13 PM,7,,,,8PXMCVBG,FL78.31YJC_SNIP_DLP2295515-1_20271
D601558,16,A25GX016SLF2,0.003659,0,0,0,0.003659,0.005672,0,0,0,0.213883,0,0,0,0,0,0.014637,0,0,D6015580,PXMG,04/09/2026 11:50:36 PM,BPD444,8M5CL,8M5CL,06/17/2026 12:14:52 AM,8M5CL,D1D,2,7889988,AME409,6,263067,AME409_PM2,P_78_GABON_B10_R3,04/09/2026 10:23:37 PM,3,AME409,6,263067,AME409_PM2,P_78_GABON_B10_R3,04/09/2026 10:23:37 PM,3,,,,8PXMCVBG,FL78.31YJC_SNIP_DLP2295515-1_20271
D602644,2,GT7EJ002JKF4,0,0,0,0,0.01137,0,0.034109,0,0,0.158263,0,0,0,0.01895,0.00379,0.00758,0.00379,0,D6026440,PXMG,04/08/2026 10:07:37 PM,BPD442,8M5CL,8M5CL,07/19/2026 12:56:43 PM,8M5CL,D1D,1,7912479,AME411,5,263067,AME411_PM4,P_78_GABON_B10_R3,04/08/2026 8:12:56 PM,3,AME411,5,263067,AME411_PM4,P_78_GABON_B10_R3,04/08/2026 8:12:56 PM,3,,,,8PXMCVBG,FL78.31YJC_SNIP_DLP2295515-1_21623
D602644,3,GT7EJ003JKC3,0,0,0,0,0.003692,0,0.007383,0,0,0.280571,0,0,0,0,0,0.003692,0.007383,0,D6026440,PXMG,04/08/2026 10:07:37 PM,BPD442,8M5CL,8M5CL,07/19/2026 12:37:19 PM,8M5CL,D1D,2,7912585,AME411,22,263067,AME411_PM3,P_78_GABON_B10_R3,04/08/2026 8:49:05 PM,11,AME411,22,263067,AME411_PM3,P_78_GABON_B10_R3,04/08/2026 8:49:05 PM,11,,,,8PXMCVBG,FL78.31YJC_SNIP_DLP2295515-1_21623
D602624,679,GT6ER679JKD5,0,0,0,0,0.003692,0,0,0,0,0.10706,0,0,0,0.007383,0.007383,0.003692,0,,D6026240,PXMG,04/09/2026 4:10:31 PM,BPD432,8M5CL,8M5CL,06/02/2026 3:39:02 AM,8M5CL,D1D,1,7903330,AME423,21,263067,AME423_PM6,P_78_GABON_B10_R3,04/09/2026 2:59:56 PM,20,AME423,21,263067,AME423_PM6,P_78_GABON_B10_R3,04/09/2026 2:59:56 PM,20,,,,8PXMCVBG,FL78.31YJC_SNIP_DLP2295515-1_21623
D602624,680,GT6ER680JKG6,0,0,0,0,0.010978,0.014637,0.021956,0,0,0.087822,0,0,0,0.029274,0,0.010978,0,,D6026240,PXMG,04/09/2026 4:10:31 PM,BPD432,8M5CL,8M5CL,06/02/2026 3:51:32 AM,8M5CL,D1D,2,7903450,AME423,14,263067,AME423_PM6,P_78_GABON_B10_R3,04/09/2026 2:38:00 PM,14,AME423,14,263067,AME423_PM6,P_78_GABON_B10_R3,04/09/2026 2:38:00 PM,14,,,,8PXMCVBG,FL78.31YJC_SNIP_DLP2295515-1_21623
D602586,566,KJ7YP566WFG6,0,0,0,0,0,0.003584,0.003584,0,0,0.186345,0,0,0,0,0,0.028668,0.003584,,D6025860,PNCB,04/08/2026 4:13:45 AM,BPD450,8M5CL,8M5CL,06/10/2026 3:16:13 PM,8M5CL,D1D,1,7909720,AME419,25,263067,AME419_PM5,P_78_GABON_B10_R3,04/08/2026 2:54:38 AM,13,AME419,25,263067,AME419_PM5,P_78_GABON_B10_R3,04/08/2026 2:54:38 AM,13,,,,8PONCVBB,FL78.3FGTC_SNIP_DLP2295522-1_14597
D602586,567,KJ7YP567WFD5,0,0,0,0,0,0,0,0,0,0.252641,0,0.003609,0,0,0.003609,0.021655,0.003609,,D6025860,PNCB,04/08/2026 4:13:45 AM,BPD450,8M5CL,8M5CL,06/09/2026 2:20:28 PM,8M5CL,D1D,2,7909757,AME419,22,263067,AME419_PM6,P_78_GABON_B10_R3,04/08/2026 2:45:33 AM,11,AME419,22,263067,AME419_PM6,P_78_GABON_B10_R3,04/08/2026 2:45:33 AM,11,,,,8PONCVBB,FL78.3FGTC_SNIP_DLP2295522-1_14597
D601541,305,GT5VX305JKB6,0,0,0,0,0,0,0,0,0,0.210428,0,0.003692,0,0,0.003692,0,0.011075,0,D6015410,PXMG,04/07/2026 9:15:06 AM,BPD432,8M5CL,8M5CL,06/30/2026 10:47:32 PM,8M5CL,D1D,1,7869572,AME411,4,263067,AME411_PM1,P_78_GABON_B10_R3,04/07/2026 8:02:20 AM,2,AME411,4,263067,AME411_PM1,P_78_GABON_B10_R3,04/07/2026 8:02:20 AM,2,,,,8PXMCVBG,FL78.31YJC_SNIP_DLP2295515-1_20271
D601541,306,GT5VX306JKG0,0,0,0,0,0,0,0,0,0,0.117096,0,0,0,0.003659,0,0.010978,0,,D6015410,PXMG,04/07/2026 9:15:06 AM,BPD432,8M5CL,8M5CL,06/30/2026 11:39:10 PM,8M5CL,D1D,2,7869434,AME411,19,263067,AME411_PM2,P_78_GABON_B10_R3,04/07/2026 8:24:14 AM,8,AME411,19,263067,AME411_PM2,P_78_GABON_B10_R3,04/07/2026 8:24:14 AM,8,,,,8PXMCVBG,FL78.31YJC_SNIP_DLP2295515-1_20271
D602850,758,KJ7KR758WFE5,0,0,0,0,0,0,0.003489,0,0,0.226804,0,0,0,0.006979,0,0.003489,0,,D6028500,PR8B,04/06/2026 4:04:37 PM,BPD458,8M5CL,8M5CL,05/21/2026 11:47:39 AM,8M5CL,D1D,1,7903172,AME411,1,263067,AME411_PM1,P_78_GABON_B10_R3,04/06/2026 2:28:35 PM,1,AME411,1,263067,AME411_PM1,P_78_GABON_B10_R3,04/06/2026 2:28:35 PM,1,,,,8PR8CVB,FL78.6H0QE_SNIP_DLP2373829-1_218
D602850,759,KJ7KR759WFB4,0,0,0,0,0.006494,0,0,0,0,0.214314,0,0,0,0,0,0,0.003247,,D6028500,PR8B,04/06/2026 4:04:37 PM,BPD458,8M5CL,8M5CL,05/24/2026 3:45:59 AM,8M5CL,D1D,2,7903175,AME411,14,263067,AME411_PM2,P_78_GABON_B10_R3,04/06/2026 2:51:14 PM,7,AME411,14,263067,AME411_PM2,P_78_GABON_B10_R3,04/06/2026 2:51:14 PM,7,,,,8PR8CVB,FL78.6H0QE_SNIP_DLP2373829-1_218
D602850,760,KJ7KR760WFE5,0,0,0,0,0,0,0,0,0,0.205868,0,0,0,0,0,0,0.003489,,D6028500,PR8B,04/06/2026 4:04:37 PM,BPD458,8M5CL,8M5CL,05/21/2026 12:55:08 PM,8M5CL,D1D,3,7903289,AME411,11,263067,AME411_PM1,P_78_GABON_B10_R3,04/06/2026 2:47:32 PM,6,AME411,11,263067,AME411_PM1,P_78_GABON_B10_R3,04/06/2026 2:47:32 PM,6,,,,8PR8CVB,FL78.6H0QE_SNIP_DLP2373829-1_218
D602850,761,KJ7KR761WFB4,0,0,0,0,0,0,0,0,0,0.293822,0,0,0,0,0,0,0,,D6028500,PR8B,04/06/2026 4:04:37 PM,BPD458,8M5CL,8M5CL,05/21/2026 12:50:40 AM,8M5CL,D1D,4,7903251,AME411,6,263067,AME411_PM2,P_78_GABON_B10_R3,04/06/2026 2:36:31 PM,3,AME411,6,263067,AME411_PM2,P_78_GABON_B10_R3,04/06/2026 2:36:31 PM,3,,,,8PR8CVB,FL78.6H0QE_SNIP_DLP2373829-1_218
D602105,10,KJ7YR010WFA6,0,0,0,0,0.003659,0,0.007319,0,0,0.153689,0,0,0,0.014637,0,0.014637,0.003659,,D6021050,PXMG,04/12/2026 8:20:29 PM,BPD446,8M5CL,8M5CL,07/27/2026 4:07:49 AM,8M5CL,D1D,1,7907833,AME401,11,263067,AME401_PM1,P_78_GABON_B10_R3,04/12/2026 6:01:43 PM,11,AME401,11,263067,AME401_PM1,P_78_GABON_B10_R3,04/12/2026 6:01:43 PM,11,,,,8PXMCVBG,FL78.31YJC_SNIP_DLP2295515-1_21623
D602105,29,KJ7YR029WFG5,0,0,0,0,0.003692,0,0,0,0.003692,0.118135,0,0,0,0.007383,0,0,0,,D6021050,PXMG,04/12/2026 8:20:29 PM,BPD446,8M5CL,8M5CL,07/26/2026 2:39:10 PM,8M5CL,D1D,2,7907804,AME401,6,263067,AME401_PM1,P_78_GABON_B10_R3,04/12/2026 5:44:13 PM,6,AME401,6,263067,AME401_PM1,P_78_GABON_B10_R3,04/12/2026 5:44:13 PM,6,,,,8PXMCVBG,FL78.31YJC_SNIP_DLP2295515-1_21623
D601545,146,5DXBG146MVA0,0.003659,0,0,0,0,0.010978,0,0,0,0.164666,0,0,0,0,0,0.003659,0,,D6015450,PXMG,04/13/2026 11:20:23 AM,BPD458,8M5CL,8M5CL,06/21/2026 11:21:37 AM,8M5CL,D1D,1,7883554,AME423,20,263067,AME423_PM5,P_78_GABON_B10_R3,04/13/2026 9:57:24 AM,20,AME423,20,263067,AME423_PM5,P_78_GABON_B10_R3,04/13/2026 9:57:24 AM,20,,,,8PXMCVBG,FL78.31YJC_SNIP_DLP2295515-1_20271
D601545,149,5DXBG149MVF3,0,0,0,0,0.014767,0.003692,0.003692,0,0,0.140286,0,0,0,0.007383,0,0.014767,0,,D6015450,PXMG,04/13/2026 11:20:23 AM,BPD458,8M5CL,8M5CL,06/21/2026 3:47:53 PM,8M5CL,D1D,2,7883410,AME423,7,263067,AME423_PM5,P_78_GABON_B10_R3,04/13/2026 9:03:06 AM,7,AME423,7,263067,AME423_PM5,P_78_GABON_B10_R3,04/13/2026 9:03:06 AM,7,,,,8PXMCVBG,FL78.31YJC_SNIP_DLP2295515-1_20271
D602642,38,GT7EJ038JKA2,0,0,0,0,0,0.053232,0,0,0,1.437263,0,0.053232,0,0,0,0,0,0,D6026420,PXMG,04/13/2026 3:14:28 PM,BPD448,8M5CL,8M5CL,07/07/2026 12:37:28 AM,8M5CL,D1D,1,7912780,AME427,25,263067,AME427_PM3,P_78_GABON_B10_R3,04/13/2026 1:22:42 PM,12,AME427,25,263067,AME427_PM3,P_78_GABON_B10_R3,04/13/2026 1:22:42 PM,12,,,,8PXMCVBG,FL78.31YJC_SNIP_DLP2295515-1_21623
D602642,39,GT7EJ039JKE4,0,0,0,0,0.003692,0.011075,0,0,0,0.273188,0,0,0,0,0,0,0,0,D6026420,PXMG,04/13/2026 3:14:28 PM,BPD448,8M5CL,8M5CL,07/06/2026 4:21:50 PM,8M5CL,D1D,2,7912478,AME427,22,263067,AME427_PM4,P_78_GABON_B10_R3,04/13/2026 1:15:01 PM,10,AME427,22,263067,AME427_PM4,P_78_GABON_B10_R3,04/13/2026 1:15:01 PM,10,,,,8PXMCVBG,FL78.31YJC_SNIP_DLP2295515-1_21623
D602642,40,GT7EJ040JKA2,0,0,0,0,0.007319,0.003659,0,0,0,0.29274,0,0,0,0.010978,0,0.014637,0,0,D6026420,PXMG,04/13/2026 4:38:33 PM,BPD444,8M5CL,8M5CL,07/02/2026 9:58:45 PM,8M5CL,D1D,3,7912858,AME427,18,263067,AME427_PM4,P_78_GABON_B10_R3,04/13/2026 1:07:20 PM,8,AME427,18,263067,AME427_PM4,P_78_GABON_B10_R3,04/13/2026 1:07:20 PM,8,,,,8PXMCVBG,FL78.31YJC_SNIP_DLP2295515-1_21623
D602642,42,GT7EJ042JKB3,0,0,0,0,0,0,0.003659,0,0,0.267125,0,0,0,0.003659,0,0.003659,0,0,D6026420,PXMG,04/13/2026 4:38:33 PM,BPD444,8M5CL,8M5CL,07/06/2026 9:50:20 AM,8M5CL,D1D,4,7912631,AME427,20,263067,AME427_PM4,P_78_GABON_B10_R3,04/13/2026 1:11:14 PM,9,AME427,20,263067,AME427_PM4,P_78_GABON_B10_R3,04/13/2026 1:11:14 PM,9,,,,8PXMCVBG,FL78.31YJC_SNIP_DLP2295515-1_21623
D602611,6,KJD2F006WFF6,0,0,0,0,0.003584,0,0,0,0,0.21143,0,0,0,0.003584,0,0,0,,D6026110,PNCB,04/13/2026 9:04:26 PM,BPD448,8M5CL,8M5CL,06/15/2026 9:38:05 PM,8M5CL,D1D,1,7924116,AME403,8,263067,AME403_PM6,P_78_GABON_B10_R3,04/13/2026 7:39:36 PM,4,AME403,8,263067,AME403_PM6,P_78_GABON_B10_R3,04/13/2026 7:39:36 PM,4,,,,8PONCVBB,FL78.3FGTC_SNIP_DLP2295522-1_14597
D602611,10,KJD2F010WFG7,0,0,0,0,0.007167,0,0.003584,0,0,0.218597,0,0,0,0.007167,0,0.003584,0,,D6026110,PNCB,04/13/2026 9:04:26 PM,BPD448,8M5CL,8M5CL,06/15/2026 5:54:03 PM,8M5CL,D1D,2,7924172,AME403,15,263067,AME403_PM5,P_78_GABON_B10_R3,04/13/2026 7:54:07 PM,8,AME403,15,263067,AME403_PM5,P_78_GABON_B10_R3,04/13/2026 7:54:07 PM,8,,,,8PONCVBB,FL78.3FGTC_SNIP_DLP2295522-1_14597
D602611,11,KJD2F011WFD6,0.014437,0,0,0,0.003609,0,0,0,0,0.184067,0,0,0,0.007218,0,0.003609,0,,D6026110,PNCB,04/13/2026 9:04:26 PM,BPD448,8M5CL,8M5CL,06/15/2026 9:48:52 PM,8M5CL,D1D,3,7924186,AME403,7,263067,AME403_PM5,P_78_GABON_B10_R3,04/13/2026 7:39:36 PM,4,AME403,7,263067,AME403_PM5,P_78_GABON_B10_R3,04/13/2026 7:39:36 PM,4,,,,8PONCVBB,FL78.3FGTC_SNIP_DLP2295522-1_14597
D602611,13,KJD2F013WFE7,0,0,0,0,0.003609,0.007218,0.003609,0,0,0.202113,0,0,0,0,0,0,0,,D6026110,PNCB,04/13/2026 9:04:26 PM,BPD448,8M5CL,8M5CL,06/15/2026 1:19:00 PM,8M5CL,D1D,4,7924212,AME403,22,263067,AME403_PM6,P_78_GABON_B10_R3,04/13/2026 8:07:41 PM,11,AME403,22,263067,AME403_PM6,P_78_GABON_B10_R3,04/13/2026 8:07:41 PM,11,,,,8PONCVBB,FL78.3FGTC_SNIP_DLP2295522-1_14597
D602629,1,KJ7YL001WFF5,0,0,0,0,0.007383,0.007937,0,0,0,0.265251,0,0,0,0.003692,0,0.018459,0,0,D6026290,PXMG,04/18/2026 7:49:20 PM,BPD450,8M5CL,8M5CL,06/21/2026 9:31:39 AM,8M5CL,D1D,1,7907550,AME409,24,263067,AME409_PM5,P_78_GABON_B10_R3,04/18/2026 6:53:26 PM,24,AME409,24,263067,AME409_PM5,P_78_GABON_B10_R3,04/18/2026 6:53:26 PM,24,,,,8PXMCVBG,FL78.31YJC_SNIP_DLP2295515-1_21623
D602629,50,KJ7YL050WFB6,0,0,0,0,0,0.003659,0.007319,0,0,0.300059,0,0,0,0.003659,0,0.007319,0,0,D6026290,PXMG,04/18/2026 7:49:20 PM,BPD450,8M5CL,8M5CL,06/21/2026 9:05:24 PM,8M5CL,D1D,2,7907575,AME409,3,263067,AME409_PM5,P_78_GABON_B10_R3,04/18/2026 5:38:36 PM,3,AME409,3,263067,AME409_PM5,P_78_GABON_B10_R3,04/18/2026 5:38:36 PM,3,,,,8PXMCVBG,FL78.31YJC_SNIP_DLP2295515-1_21623
D602645,27,A26FX027SLF4,0,0,0,0,0.003692,0.02215,0.007383,0,0,0.095985,0,0,0,0.02215,0,0.018459,0,,D6026450,PXMG,04/17/2026 7:20:59 AM,BPD432,8M5CL,8M5CL,07/07/2026 10:19:30 PM,8M5CL,D1D,1,7912785,AME421,8,263067,AME421_PM2,P_78_GABON_B10_R3,04/17/2026 5:44:00 AM,4,AME421,8,263067,AME421_PM2,P_78_GABON_B10_R3,04/17/2026 5:44:00 AM,4,,,,8PXMCVBG,FL78.31YJC_SNIP_DLP2295515-1_21623
D602645,28,A26FX028SLC3,0.003659,0,0,0,0,0.003659,0,0,0,0.102459,0,0,0,0,0,0,0,,D6026450,PXMG,04/17/2026 7:20:59 AM,BPD432,8M5CL,8M5CL,07/06/2026 2:41:10 PM,8M5CL,D1D,2,7912799,AME421,23,263067,AME421_PM1,P_78_GABON_B10_R3,04/17/2026 6:12:58 AM,12,AME421,23,263067,AME421_PM1,P_78_GABON_B10_R3,04/17/2026 6:12:58 AM,12,,,,8PXMCVBG,FL78.31YJC_SNIP_DLP2295515-1_21623
D602618,307,KJ7KE307WFG0,0,0,0,0,0,0.003609,0,0,0,0.209331,0,0,0,0,0,0.003609,0,,D6026180,PNCB,04/14/2026 12:13:16 PM,BPD450,8M5CL,8M5CL,06/15/2026 2:40:48 PM,8M5CL,D1D,1,7923999,AME401,1,263067,AME401_PM1,P_78_GABON_B10_R3,04/14/2026 9:57:56 AM,1,AME401,1,263067,AME401_PM1,P_78_GABON_B10_R3,04/14/2026 9:57:56 AM,1,,,,8PONCVBB,FL78.3FGTC_SNIP_DLP2295522-1_14597
D602618,333,KJ7KE333WFC4,0,0,0,0,0.007218,0,0,0,0,0.245423,0,0,0,0.003609,0,0.018046,0,,D6026180,PNCB,04/14/2026 12:13:16 PM,BPD450,8M5CL,8M5CL,06/17/2026 2:54:54 AM,8M5CL,D1D,2,7924072,AME401,18,263067,AME401_PM2,P_78_GABON_B10_R3,04/14/2026 10:26:39 AM,9,AME401,18,263067,AME401_PM2,P_78_GABON_B10_R3,04/14/2026 10:26:39 AM,9,,,,8PONCVBB,FL78.3FGTC_SNIP_DLP2295522-1_14597
D602618,357,KJ7KE357WFG3,0.003609,0,0,0,0.003609,0,0,0,0,0.220159,0,0,0,0.003609,0,0.003609,0,,D6026180,PNCB,04/14/2026 12:13:16 PM,BPD450,8M5CL,8M5CL,06/16/2026 3:03:31 AM,8M5CL,D1D,3,7924030,AME401,21,263067,AME401_PM1,P_78_GABON_B10_R3,04/14/2026 10:33:50 AM,11,AME401,21,263067,AME401_PM1,P_78_GABON_B10_R3,04/14/2026 10:33:50 AM,11,,,,8PONCVBB,FL78.3FGTC_SNIP_DLP2295522-1_14597
D602618,412,KJ7KE412WFD1,0,0,0,0,0,0,0,0,0,0.186345,0,0,0,0.007167,0,0.003584,0,,D6026180,PNCB,04/14/2026 12:13:16 PM,BPD450,8M5CL,8M5CL,06/15/2026 4:33:44 PM,8M5CL,D1D,4,7924057,AME401,5,263067,AME401_PM1,P_78_GABON_B10_R3,04/14/2026 10:05:07 AM,3,AME401,5,263067,AME401_PM1,P_78_GABON_B10_R3,04/14/2026 10:05:07 AM,3,,,,8PONCVBB,FL78.3FGTC_SNIP_DLP2295522-1_14597
D601563,85,GT9FQ085JKE5,0,0,0,0,0.003692,0.007383,0.007383,0,0,0.243654,0,0,0,0.007383,0,0.092293,0,0,D6015630,PXMG,04/15/2026 8:59:27 PM,BPD436,8M5CL,8M5CL,07/26/2026 12:51:02 PM,8M5CL,D1D,1,7889751,AME403,12,263067,AME403_PM6,P_78_GABON_B10_R3,04/15/2026 12:01:53 PM,6,AME403,12,263067,AME403_PM6,P_78_GABON_B10_R3,04/15/2026 12:01:53 PM,6,,,,8PXMCVBG,FL78.31YJC_SNIP_DLP2295515-1_20271
D601563,86,GT9FQ086JKB4,0.007319,0,0,0,0,0,0.021956,0,0,0.259807,0,0,0,0.021956,0.003659,0.062207,0,0,D6015630,PXMG,04/15/2026 8:59:27 PM,BPD436,8M5CL,8M5CL,04/16/2026 8:07:45 AM,8M5CL,D1D,2,7889804,AME403,23,263067,AME403_PM5,P_78_GABON_B10_R3,04/15/2026 12:23:35 PM,12,AME403,23,263067,AME403_PM5,P_78_GABON_B10_R3,04/15/2026 12:23:35 PM,12,,,,8PXMCVBG,FL78.31YJC_SNIP_DLP2295515-1_20271
D601495,352,GT6QX352JKF6,0,0,0,0,0.003584,0,0.021501,0,0,0.197096,0,0,0,0.003584,0,0.035836,0,,D6014950,PNCB,04/15/2026 1:03:41 AM,BPD448,8M5CL,8M5CL,07/03/2026 9:43:49 PM,8M5CL,D1D,1,7869600,AME401,4,263067,AME401_PM1,P_78_GABON_B10_R3,04/14/2026 11:00:13 PM,2,AME401,4,263067,AME401_PM1,P_78_GABON_B10_R3,04/14/2026 11:00:13 PM,2,,,,8PONCVBB,FL78.3FGTC_SNIP_DLP2295522-1_13841
D601495,355,GT6QX355JKD6,0.003609,0,0,0,0,0.003609,0,0,0,0.249032,0,0,0,0.003609,0,0.010827,0.007218,,D6014950,PNCB,04/15/2026 1:03:41 AM,BPD448,8M5CL,8M5CL,07/02/2026 11:59:44 AM,8M5CL,D1D,2,7869601,AME401,19,263067,AME401_PM1,P_78_GABON_B10_R3,04/14/2026 11:25:24 PM,9,AME401,19,263067,AME401_PM1,P_78_GABON_B10_R3,04/14/2026 11:25:24 PM,9,,,,8PONCVBB,FL78.3FGTC_SNIP_DLP2295522-1_13841
D601560,60,A25GX060SLC2,0,0,0,0,0,0,0,0,0,0.289081,0,0,0,0,0,0,0,0,D6015600,PXMG,04/15/2026 1:47:50 AM,BPD446,8M5CL,8M5CL,07/12/2026 2:07:53 AM,8M5CL,D1D,1,7889801,AME409,17,263067,AME409_PM3,P_78_GABON_B10_R3,04/15/2026 12:12:07 AM,9,AME409,17,263067,AME409_PM3,P_78_GABON_B10_R3,04/15/2026 12:12:07 AM,9,,,,8PXMCVBG,FL78.31YJC_SNIP_DLP2295515-1_20271
D601560,61,A25GX061SLG4,0,0,0,0,0.003692,0,0,0,0,0.217812,0,0,0,0,0,0.003692,0,0,D6015600,PXMG,04/15/2026 1:47:50 AM,BPD446,8M5CL,8M5CL,07/12/2026 3:26:15 AM,8M5CL,D1D,2,7889848,AME409,18,263067,AME409_PM4,P_78_GABON_B10_R3,04/15/2026 12:12:07 AM,9,AME409,18,263067,AME409_PM4,P_78_GABON_B10_R3,04/15/2026 12:12:07 AM,9,,,,8PXMCVBG,FL78.31YJC_SNIP_DLP2295515-1_20271
D603127,426,GT7PS426JKF3,0,0,0,0,0,0,0,0,0,0.197096,0,0,0,0.007167,0,0,0.007167,,D6031270,PNCB,04/12/2026 10:12:30 AM,BPD448,8M5CL,8M5CL,06/09/2026 10:20:44 PM,8M5CL,D1D,1,7950883,AME403,8,263067,AME403_PM6,P_78_GABON_B10_R3,04/12/2026 8:37:00 AM,4,AME403,8,263067,AME403_PM6,P_78_GABON_B10_R3,04/12/2026 8:37:00 AM,4,,,,8PONCVBB,FL78.3FGTC_SNIP_DLP2382154-1_863
D603127,427,GT7PS427JKC2,0,0,0,0,0,0,0.003609,0,0,0.216549,0,0,0,0.003609,0.003609,0.007218,0.003609,,D6031270,PNCB,04/12/2026 10:12:30 AM,BPD448,8M5CL,8M5CL,06/08/2026 4:05:01 AM,8M5CL,D1D,2,7951063,AME403,3,263067,AME403_PM5,P_78_GABON_B10_R3,04/12/2026 8:29:45 AM,2,AME403,3,263067,AME403_PM5,P_78_GABON_B10_R3,04/12/2026 8:29:45 AM,2,,,,8PONCVBB,FL78.3FGTC_SNIP_DLP2382154-1_863
D602108,239,KJ7KE239WFG6,0,0,0,0,0,0,0.007383,0,0,0.151176,0,0,0,0.003692,0,0.011075,0.003876,0,D6021080,PXMG,04/16/2026 9:48:25 AM,BPD458,8M5CL,8M5CL,07/01/2026 8:29:24 PM,8M5CL,D1D,1,7907494,AME425,21,263067,AME425_PM4,P_78_GABON_B10_R4,04/16/2026 8:44:28 AM,21,AME425,21,263067,AME425_PM4,P_78_GABON_B10_R4,04/16/2026 8:44:28 AM,21,,,,8PXMCVBG,FL78.31YJC_SNIP_DLP2295515-1_21623
D602108,249,KJ7KE249WFD7,0,0,0,0,0,0.003692,0,0,0,0.169819,0,0,0,0,0,0.003692,0,,D6021080,PXMG,04/16/2026 9:48:25 AM,BPD458,8M5CL,8M5CL,04/17/2026 7:33:13 AM,8M5CL,D1D,2,7907709,AME425,18,263067,AME425_PM4,P_78_GABON_B10_R4,04/16/2026 8:32:23 AM,18,AME425,18,263067,AME425_PM4,P_78_GABON_B10_R4,04/16/2026 8:32:23 AM,18,,,,8PXMCVBG,FL78.31YJC_SNIP_DLP2295515-1_21623
D603148,527,GT7PS527JKB3,0,0,0,0,0.040609,0.003692,0.011075,0,0,0.114444,0,0,0,0.003692,0,0.003692,0,,D6031480,PXMG,04/15/2026 9:09:15 PM,BPD458,8M5CL,8M5CL,07/20/2026 10:28:26 PM,8M5CL,D1D,1,7945692,AME403,21,263067,AME403_PM5,P_78_GABON_B10_R3,04/15/2026 10:22:03 AM,21,AME403,21,263067,AME403_PM5,P_78_GABON_B10_R3,04/15/2026 10:22:03 AM,21,,,,8PXMCVBG,FL78.31YJC_SNIP_DLP2295515-1_22631
D603148,528,GT7PS528JKF5,0.003659,0,0,0,0.003659,0.003659,0,0,0,0.159864,0,0,0,0.008462,0,0.003659,0,0,D6031480,PXMG,04/15/2026 9:09:15 PM,BPD458,8M5CL,8M5CL,07/20/2026 10:05:19 PM,8M5CL,D1D,2,7945674,AME403,14,263067,AME403_PM5,P_78_GABON_B10_R3,04/15/2026 9:55:11 AM,14,AME403,14,263067,AME403_PM5,P_78_GABON_B10_R3,04/15/2026 9:55:11 AM,14,,,,8PXMCVBG,FL78.31YJC_SNIP_DLP2295515-1_22631
D602596,240,5DXBU240MVB0,0,0,0,0,0.014334,0.007167,0.032252,0,0,0.204263,0,0.003584,0,0.010751,0,0.007167,0.021501,,D6025960,PNCB,04/16/2026 2:55:25 AM,BPD448,8M5CL,8M5CL,07/03/2026 5:34:38 PM,8M5CL,D1D,1,7917218,AME423,1,263067,AME423_PM1,P_78_GABON_B10_R3,04/16/2026 12:40:26 AM,1,AME423,1,263067,AME423_PM1,P_78_GABON_B10_R3,04/16/2026 12:40:26 AM,1,,,,8PONCVBB,FL78.3FGTC_SNIP_DLP2295522-1_14597
D602596,252,5DXBU252MVG5,0,0,0,0,0.003584,0,0.003584,0,0,0.218597,0,0,0,0.003584,0,0.017918,0,,D6025960,PNCB,04/16/2026 2:55:25 AM,BPD448,8M5CL,8M5CL,07/03/2026 10:50:08 AM,8M5CL,D1D,2,7917339,AME423,6,263067,AME423_PM2,P_78_GABON_B10_R3,04/16/2026 12:47:45 AM,3,AME423,6,263067,AME423_PM2,P_78_GABON_B10_R3,04/16/2026 12:47:45 AM,3,,,,8PONCVBB,FL78.3FGTC_SNIP_DLP2295522-1_14597
D603140,130,A26LJ130SLG7,0,0,0,0,0,0.003659,0.003659,0,0,0.161007,0,0,0,0.010978,0,0.010978,0,,D6031400,PXMG,04/15/2026 6:18:40 AM,BPD436,8M5CL,8M5CL,07/19/2026 10:52:03 AM,8M5CL,D1D,1,7937816,AME417,25,263067,AME417_PM3,P_78_GABON_B10_R3,04/15/2026 2:02:40 AM,13,AME417,25,263067,AME417_PM3,P_78_GABON_B10_R3,04/15/2026 2:02:40 AM,13,,,,8PXMCVBG,FL78.31YJC_SNIP_DLP2295515-1_22631
D603140,132,A26LJ132SLA5,0,0,0,0,0.010978,0,0,0,0,0.113437,0,0,0,0,0,0.010978,0,,D6031400,PXMG,04/15/2026 6:18:40 AM,BPD436,8M5CL,8M5CL,07/20/2026 11:55:40 PM,8M5CL,D1D,2,7937813,AME417,2,263067,AME417_PM3,P_78_GABON_B10_R3,04/15/2026 1:18:57 AM,1,AME417,2,263067,AME417_PM3,P_78_GABON_B10_R3,04/15/2026 1:18:57 AM,1,,,,8PXMCVBG,FL78.31YJC_SNIP_DLP2295515-1_22631
D602641,301,GT7PS301JKF4,0,0,0,0,0.003692,0.003692,0.011075,0,0,0.125519,0,0,0,0.007383,0,0.02215,0.003692,,D6026410,PXMG,04/21/2026 11:02:02 AM,BPD436,8M5CL,8M5CL,07/19/2026 2:06:22 PM,8M5CL,D1D,1,7912570,AME419,20,263067,AME419_PM5,P_78_GABON_B10_R3,04/21/2026 8:58:26 AM,10,AME419,20,263067,AME419_PM5,P_78_GABON_B10_R3,04/21/2026 8:58:26 AM,10,,,,8PXMCVBG,FL78.31YJC_SNIP_DLP2295515-1_21623
D602641,302,GT7PS302JKC3,0,0,0,0,0.003659,0.010978,0,0,0,0.234192,0,0,0,0,0,0.007319,0,0,D6026410,PXMG,04/21/2026 11:02:02 AM,BPD436,8M5CL,8M5CL,07/21/2026 1:03:19 AM,8M5CL,D1D,2,7912730,AME419,15,263067,AME419_PM6,P_78_GABON_B10_R3,04/21/2026 8:46:40 AM,7,AME419,15,263067,AME419_PM6,P_78_GABON_B10_R3,04/21/2026 8:46:40 AM,7,,,,8PXMCVBG,FL78.31YJC_SNIP_DLP2295515-1_21623
D602633,8,5DXAX008MVC1,0.003659,0,0,0,0,0.003659,0,0,0,0.259807,0,0,0,0.003659,0,0.014637,0,0,D6026330,PXMG,04/20/2026 11:36:16 AM,BPD448,8M5CL,8M5CL,07/19/2026 12:22:55 PM,8M5CL,D1D,1,7909773,AME417,24,263067,AME417_PM6,P_78_GABON_B10_R3,04/20/2026 10:37:51 AM,12,AME417,24,263067,AME417_PM6,P_78_GABON_B10_R3,04/20/2026 10:37:51 AM,12,,,,8PXMCVBG,FL78.31YJC_SNIP_DLP2295515-1_21623
D602633,9,5DXAX009MVG3,0,0,0,0,0,0.003692,0.003692,0,0,0.210428,0,0,0,0.007383,0,0.011075,0,0,D6026330,PXMG,04/20/2026 11:36:16 AM,BPD448,8M5CL,8M5CL,07/19/2026 1:25:15 PM,8M5CL,D1D,2,7909835,AME417,19,263067,AME417_PM5,P_78_GABON_B10_R3,04/20/2026 10:30:32 AM,10,AME417,19,263067,AME417_PM5,P_78_GABON_B10_R3,04/20/2026 10:30:32 AM,10,,,,8PXMCVBG,FL78.31YJC_SNIP_DLP2295515-1_21623
D602632,173,KJ7KK173WFC3,0,0,0,0,0.007383,0,0,0,0,0.140286,0,0,0,0,0.011075,0.003692,0,,D6026320,PXMG,04/19/2026 11:46:41 PM,BPD454,8M5CL,8M5CL,07/08/2026 3:39:10 PM,8M5CL,D1D,1,7909638,AME417,13,263067,AME417_PM3,P_78_GABON_B10_R3,04/19/2026 10:38:14 PM,7,AME417,13,263067,AME417_PM3,P_78_GABON_B10_R3,04/19/2026 10:38:14 PM,7,,,,8PXMCVBG,FL78.31YJC_SNIP_DLP2295515-1_21623
D602632,183,KJ7KK183WFG7,0,0,0,0,0,0,0,0,0,0.110752,0,0,0,0,0,0,0,,D6026320,PXMG,04/19/2026 11:46:41 PM,BPD454,8M5CL,8M5CL,04/20/2026 8:03:55 AM,8M5CL,D1D,2,7909912,AME417,6,263067,AME417_PM4,P_78_GABON_B10_R3,04/19/2026 10:21:15 PM,3,AME417,6,263067,AME417_PM4,P_78_GABON_B10_R3,04/19/2026 10:21:15 PM,3,,,,8PXMCVBG,FL78.31YJC_SNIP_DLP2295515-1_21623
D603149,4,A25YU004SLA7,0.003659,0,0,0,0.007319,0,0.010978,0,0,0.117096,0,0,0,0.021956,0,0,0,,D6031490,PXMG,04/24/2026 5:49:45 AM,BPD442,8M5CL,8M5CL,07/16/2026 11:25:41 AM,8M5CL,D1D,1,7945768,AME419,12,263067,AME419_PM3,P_78_GABON_B10_R3,04/24/2026 3:30:11 AM,6,AME419,12,263067,AME419_PM3,P_78_GABON_B10_R3,04/24/2026 3:30:11 AM,6,,,,8PXMCVBG,FL78.31YJC_SNIP_DLP2295515-1_22631
D603149,20,A25YU020SLA2,0,0,0,0,0.003659,0.003659,0.003659,0,0,0.150029,0,0,0,0.003659,0,0.007319,0,,D6031490,PXMG,04/24/2026 5:49:45 AM,BPD442,8M5CL,8M5CL,07/16/2026 11:01:31 AM,8M5CL,D1D,2,7945826,AME419,7,263067,AME419_PM4,P_78_GABON_B10_R3,04/24/2026 3:19:31 AM,4,AME419,7,263067,AME419_PM4,P_78_GABON_B10_R3,04/24/2026 3:19:31 AM,4,,,,8PXMCVBG,FL78.31YJC_SNIP_DLP2295515-1_22631
D602102,4,A26LJ004SLD7,0,0,0,0,0,0.003659,0.003659,0,0,0.135392,0,0,0,0,0,0.018296,0,,D6021020,PXMG,04/23/2026 2:28:10 PM,BPD450,8M5CL,8M5CL,07/26/2026 5:06:12 PM,8M5CL,D1D,1,7905140,AME409,25,263067,AME409_PM3,P_78_GABON_B10_R3,04/23/2026 1:48:03 PM,13,AME409,25,263067,AME409_PM3,P_78_GABON_B10_R3,04/23/2026 1:48:03 PM,13,,,,8PXMCVBG,FL78.31YJC_SNIP_DLP2295515-1_21623
D602102,5,A26LJ005SLA6,0,0,0,0,0,0,0.003692,0,0,0.095985,0,0,0,0.007383,0,0,0,,D6021020,PXMG,04/23/2026 2:28:10 PM,BPD450,8M5CL,8M5CL,07/26/2026 6:49:52 PM,8M5CL,D1D,2,7905085,AME409,10,263067,AME409_PM4,P_78_GABON_B10_R3,04/23/2026 1:19:22 PM,5,AME409,10,263067,AME409_PM4,P_78_GABON_B10_R3,04/23/2026 1:19:22 PM,5,,,,8PXMCVBG,FL78.31YJC_SNIP_DLP2295515-1_21623
D603144,511,GT8RS511JKB3,0.003692,0,0,0,0.003692,0,0,0,0,0.23627,0,0,0,0,0,0.011075,0,0,D6031440,PXMG,04/28/2026 8:08:27 AM,BPD444,8M5CL,8M5CL,07/26/2026 10:06:19 PM,8M5CL,D1D,1,7945802,AME403,9,263067,AME403_PM1,P_78_GABON_B10_R3,04/28/2026 6:56:04 AM,5,AME403,9,263067,AME403_PM1,P_78_GABON_B10_R3,04/28/2026 6:56:04 AM,5,,,,8PXMCVBG,FL78.31YJC_SNIP_DLP2295515-1_22631
D603144,512,GT8RS512JKF5,0,0,0,0,0,0.003659,0,0,0,0.281762,0,0,0,0.003659,0,0.003659,0,0,D6031440,PXMG,04/28/2026 8:08:27 AM,BPD444,8M5CL,8M5CL,07/26/2026 3:21:48 AM,8M5CL,D1D,2,7945761,AME403,18,263067,AME403_PM2,P_78_GABON_B10_R3,04/28/2026 7:13:53 AM,9,AME403,18,263067,AME403_PM2,P_78_GABON_B10_R3,04/28/2026 7:13:53 AM,9,,,,8PXMCVBG,FL78.31YJC_SNIP_DLP2295515-1_22631
D601564,6,GT9FQ006JKC3,0,0,0,0,0.009148,0,0.003659,0,0,0.256148,0,0,0,0.003659,0,0.016467,0.003659,0,D6015640,PXMG,04/29/2026 2:13:04 AM,BPD432,8M5CL,8M5CL,07/04/2026 5:54:01 AM,8M5CL,D1D,1,7891187,AME403,25,263067,AME403_PM5,P_78_GABON_B10_R3,04/29/2026 1:36:41 AM,13,AME403,25,263067,AME403_PM5,P_78_GABON_B10_R3,04/29/2026 1:36:41 AM,13,,,,8PXMCVBG,FL78.31YJC_SNIP_DLP2295515-1_20271
D601564,7,GT9FQ007JKG5,0,0,0,0,0,0.003692,0,0,0,0.121827,0,0,0,0.003692,0,0,0,,D6015640,PXMG,04/29/2026 2:13:04 AM,BPD432,8M5CL,8M5CL,07/06/2026 2:55:00 AM,8M5CL,D1D,2,7891133,AME403,2,263067,AME403_PM6,P_78_GABON_B10_R3,04/29/2026 12:51:11 AM,1,AME403,2,263067,AME403_PM6,P_78_GABON_B10_R3,04/29/2026 12:51:11 AM,1,,,,8PXMCVBG,FL78.31YJC_SNIP_DLP2295515-1_20271
D602EQQ,70,A26XG070SLB5,0,0,0,0,0.005273,0,0,0,0.005273,0.569467,0,0,0,0,0,0,0,,D602EQQA,X78E,04/30/2026 1:01:11 PM,BPD436,8M5CL,8M5CL,05/06/2026 12:32:14 PM,8M5CL,D1D,1,8224541,AME401,12,263067,AME401_PM2,P_78_GABON_B10_R3,04/30/2026 10:47:27 AM,4,AME401,12,263067,AME401_PM2,P_78_GABON_B10_R3,04/30/2026 10:47:27 AM,4,,,,1X78EVAA,FL78.6FCTE_SNIP_DLP2374677-1_109
D602EQQ,72,A26XG072SLC6,0,0,0,0,0,0.005273,0,0,0,0.606377,0,0,0,0,0,0.005273,0,,D602EQQA,X78E,04/30/2026 1:01:11 PM,BPD436,8M5CL,8M5CL,06/24/2026 1:43:02 PM,8M5CL,D1D,2,8224574,AME401,3,263067,AME401_PM1,P_78_GABON_B10_R3,04/30/2026 10:36:37 AM,1,AME401,3,263067,AME401_PM1,P_78_GABON_B10_R3,04/30/2026 10:36:37 AM,1,,,,1X78EVAA,FL78.6FCTE_SNIP_DLP2374677-1_109
D603147,9,KJ7YR009WFF0,0,0,0,0,0.008306,0,0,0,0,0.264881,0,0.003692,0,0,0,0.011075,0,0,D6031470,PXMG,04/29/2026 4:35:30 PM,BPD436,8M5CL,8M5CL,07/04/2026 6:14:24 AM,8M5CL,D1D,1,7946169,AME419,16,263067,AME419_PM4,P_78_GABON_B10_R3,04/29/2026 3:20:14 PM,3,AME419,16,263067,AME419_PM4,P_78_GABON_B10_R3,04/29/2026 3:20:14 PM,3,,,,8PXMCVBG,FL78.31YJC_SNIP_DLP2295515-1_22631
D603147,19,KJ7YR019WFC1,0,0,0,0,0,0,0,0,0,0.132902,0,0,0,0.007383,0,0,0,,D6031470,PXMG,04/29/2026 4:35:30 PM,BPD436,8M5CL,8M5CL,07/03/2026 5:52:44 PM,8M5CL,D1D,2,7946038,AME419,3,263067,AME419_PM4,P_78_GABON_B10_R3,04/29/2026 3:11:31 PM,1,AME419,3,263067,AME419_PM4,P_78_GABON_B10_R3,04/29/2026 3:11:31 PM,1,,,,8PXMCVBG,FL78.31YJC_SNIP_DLP2295515-1_22631
D603145,531,GT7PS531JKC4,0,0,0,0,0,0,0.007383,0,0,0.221504,0,0,0,0.003692,0.003692,0.014767,0,0,D6031450,PXMG,05/19/2026 10:36:52 AM,BPD458,8M5CL,8M5CL,07/21/2026 11:29:07 AM,8M5CL,D1D,1,7945614,AME427,16,263067,AME427_PM4,P_78_GABON_B10_R3,05/19/2026 9:28:49 AM,7,AME427,16,263067,AME427_PM4,P_78_GABON_B10_R3,05/19/2026 9:28:49 AM,7,,,,8PXMCVBG,FL78.31YJC_SNIP_DLP2295515-1_22631
D603145,551,GT7PS551JKE1,0,0,0,0,0,0,0,0,0,0.186986,0,0,0,0.003692,0,0.004984,0,0,D6031450,PXMG,05/19/2026 10:36:52 AM,BPD458,8M5CL,8M5CL,07/21/2026 12:15:40 PM,8M5CL,D1D,2,7945709,AME427,19,263067,AME427_PM3,P_78_GABON_B10_R3,05/19/2026 9:35:59 AM,9,AME427,19,263067,AME427_PM3,P_78_GABON_B10_R3,05/19/2026 9:35:59 AM,9,,,,8PXMCVBG,FL78.31YJC_SNIP_DLP2295515-1_22631
D552984,779,MCKCP779WAG4,0,0,0,0,0.025842,0.010337,0.018459,0,0,0.293861,0,0,0,0.025104,0,0.039871,0.003692,0,D5529840,PXMG,06/30/2026 2:46:38 AM,BPD436,8M5CL,8M5CL,06/30/2026 8:37:42 AM,8M5CL,D1D,1,7865581,AME427,25,263067,AME427_PM6,P_78_GABON_B10_R4,06/29/2026 8:42:03 PM,11,AME427,25,263067,AME427_PM6,P_78_GABON_B10_R4,06/29/2026 8:42:03 PM,11,,,,8PXMCVBG,FL78.31YJC_SNIP_DLP2295515-1_19413
D552984,781,MCKCP781WAG4,0,0,0,0,0.109178,0.009925,0.104216,0,0,0.31416,0,0,0,0.009925,0,0.024813,0,0,D5529840,PXMG,06/30/2026 2:46:38 AM,BPD436,8M5CL,8M5CL,06/30/2026 8:37:48 AM,8M5CL,D1D,2,7865609,AME427,10,263067,AME427_PM6,P_78_GABON_B10_R4,06/29/2026 8:18:38 PM,5,AME427,10,263067,AME427_PM6,P_78_GABON_B10_R4,06/29/2026 8:18:38 PM,5,,,,8PXMCVBG,FL78.31YJC_SNIP_DLP2295515-1_19413
D552984,795,MCKCP795WAF7,0,0,0,0,0,0,0,0,0,0.247346,0,0,0,0.003692,0,0,0.011075,0,D5529840,PXMG,06/30/2026 4:58:44 AM,BPD454,8M5CL,8M5CL,06/30/2026 8:31:39 AM,8M5CL,D1D,3,7865622,AME427,2,263067,AME427_PM6,P_78_GABON_B10_R4,06/29/2026 8:02:54 PM,1,AME427,2,263067,AME427_PM6,P_78_GABON_B10_R4,06/29/2026 8:02:54 PM,1,,,,8PXMCVBG,FL78.31YJC_SNIP_DLP2295515-1_19413
D552984,797,MCKCP797WAH0,0,0,0,0,0,0,0.003692,0,0,0.298661,0,0,0,0.016797,0.009414,0.014767,0,0,D5529840,PXMG,06/30/2026 4:58:44 AM,BPD454,8M5CL,8M5CL,06/30/2026 8:32:01 AM,8M5CL,D1D,4,7865623,AME427,9,263067,AME427_PM5,P_78_GABON_B10_R4,06/29/2026 8:18:38 PM,5,AME427,9,263067,AME427_PM5,P_78_GABON_B10_R4,06/29/2026 8:18:38 PM,5,,,,8PXMCVBG,FL78.31YJC_SNIP_DLP2295515-1_19413
D552984,853,MCKCP853WAA5,0.009968,0,0,0,0,0,0,0,0,0.20526,0,0,0,0.013659,0,0.011075,0.007383,0,D5529840,PXMG,06/30/2026 4:58:44 AM,BPD454,8M5CL,8M5CL,06/30/2026 8:37:36 AM,8M5CL,D1D,5,7865557,AME427,4,263067,AME427_PM6,P_78_GABON_B10_R4,06/29/2026 8:06:52 PM,2,AME427,4,263067,AME427_PM6,P_78_GABON_B10_R4,06/29/2026 8:06:52 PM,2,,,,8PXMCVBG,FL78.31YJC_SNIP_DLP2295515-1_19413
D602EQQ,73,A26XG073SLH0,0,0,0,0,0,0.00544,0,0,0,0.322488,0,0,0,0,0,0,0,0,D602EQQ0,X78E,06/30/2026 11:54:14 PM,BPD446,8M5CL,8M5CL,07/01/2026 6:03:07 AM,8M5CL,D1D,1,7931042,AME421,8,263067,AME421_PM2,P_78_GABON_B10_R4,06/30/2026 9:48:35 PM,2,AME421,8,263067,AME421_PM2,P_78_GABON_B10_R4,06/30/2026 9:48:35 PM,2,,,,1X78EVAA,FL78.6FCTE_SNIP_DLP2374677-1_109
D602EQQ,74,A26XG074SLD7,0,0,0,0,0.005659,0,0,0,0,0.442147,0,0,0,0.005659,0,0,0,0,D602EQQ0,X78E,06/30/2026 11:54:14 PM,BPD446,8M5CL,8M5CL,07/01/2026 6:03:01 AM,8M5CL,D1D,2,7931150,AME421,11,263067,AME421_PM2,P_78_GABON_B10_R4,06/30/2026 9:52:12 PM,3,AME421,11,263067,AME421_PM2,P_78_GABON_B10_R4,06/30/2026 9:52:12 PM,3,,,,1X78EVAA,FL78.6FCTE_SNIP_DLP2374677-1_109
D602EQQ,75,A26XG075SLA6,0,0,0,0,0,0,0,0,0,0.227434,0,0.005289,0,0,0,0,0,,D602EQQ0,X78E,06/30/2026 11:54:14 PM,BPD446,8M5CL,8M5CL,07/01/2026 6:02:55 AM,8M5CL,D1D,3,7930939,AME421,15,263067,AME421_PM1,P_78_GABON_B10_R4,06/30/2026 9:55:50 PM,4,AME421,15,263067,AME421_PM1,P_78_GABON_B10_R4,06/30/2026 9:55:50 PM,4,,,,1X78EVAA,FL78.6FCTE_SNIP_DLP2374677-1_109
D602EQQ,236,A25ZW236SLC6,0,0,0,0,0,0,0,0,0,0.337462,0,0,0,0.005273,0,0,0,,D602EQQ0,X78E,06/30/2026 11:54:14 PM,BPD446,8M5CL,8M5CL,07/01/2026 6:03:13 AM,8M5CL,D1D,4,7931103,AME421,25,263067,AME421_PM1,P_78_GABON_B10_R4,06/30/2026 10:06:39 PM,7,AME421,25,263067,AME421_PM1,P_78_GABON_B10_R4,06/30/2026 10:06:39 PM,7,,,,1X78EVAA,FL78.6FCTE_SNIP_DLP2374677-1_109
D542415,51,A20V6051SLC6,0.003692,0,0,0,0,0,0,0,0,0.147669,0,0,0,0.014767,0.003692,0.003692,0,,D5424150,PXMG,01/30/2026 9:23:24 AM,BPD446,8M5CL,8M5CL,04/09/2026 5:06:06 AM,8M5CL,D1D,1,7481602,AME421,4,263067,AME421_PM5,P_78_GABON_B10_R3,01/30/2026 7:40:34 AM,4,AME421,4,263067,AME421_PM5,P_78_GABON_B10_R3,01/30/2026 7:40:34 AM,4,,,,8PXMCVAG,FL78.31YJC_SNIP_DLP2158825-1_23959
D542415,55,A20V6055SLF0,0,0,0,0,0.011075,0,0.014984,0,0,0.173294,0,0,0,0.007383,0,0.007383,0,0,D5424150,PXMG,01/30/2026 9:23:24 AM,BPD446,8M5CL,8M5CL,04/04/2026 1:46:57 PM,8M5CL,D1D,2,7481649,AME421,7,263067,AME421_PM5,P_78_GABON_B10_R3,01/30/2026 7:51:53 AM,7,AME421,7,263067,AME421_PM5,P_78_GABON_B10_R3,01/30/2026 7:51:53 AM,7,,,,8PXMCVAG,FL78.31YJC_SNIP_DLP2158825-1_23959
D542486,37,A20V6037SLE4,0.003692,0,0,0,0,0.003692,0,0,0.004126,0.176769,0.003692,0,0,0.007383,0,0.003692,0,0,D5424860,PXMG,01/30/2026 2:55:19 AM,BPD446,8M5CL,8M5CL,03/29/2026 11:01:33 AM,8M5CL,D1D,1,7495968,AME421,21,263067,AME421_PM6,P_78_GABON_B10_R3,01/30/2026 1:41:51 AM,10,AME421,21,263067,AME421_PM6,P_78_GABON_B10_R3,01/30/2026 1:41:51 AM,10,,,,8PXMCVAG,FL78.31YBC_SNIP_DLP2203458-1_17123
D542486,41,A20HR041SLD5,0,0,0,0,0,0.003692,0.003692,0,0,0.125519,0,0,0,0.003692,0,0.029534,0.003692,,D5424860,PXMG,01/30/2026 2:55:19 AM,BPD446,8M5CL,8M5CL,04/01/2026 1:39:25 AM,8M5CL,D1D,2,7495920,AME421,22,263067,AME421_PM5,P_78_GABON_B10_R3,01/30/2026 1:45:29 AM,11,AME421,22,263067,AME421_PM5,P_78_GABON_B10_R3,01/30/2026 1:45:29 AM,11,,,,8PXMCVAG,FL78.31YBC_SNIP_DLP2203458-1_17123
D542458,526,GT1MH526JKC2,0,0,0,0,0.003659,0,0,0,0,0.215896,0,0,0,0.003659,0,0,0,0,D5424580,PXMG,01/30/2026 10:43:06 PM,BPD450,8M5CL,8M5CL,04/21/2026 11:28:42 AM,8M5CL,D1D,1,7489982,AME421,17,263067,AME421_PM5,P_78_GABON_B10_R3,01/30/2026 9:30:02 PM,17,AME421,17,263067,AME421_PM5,P_78_GABON_B10_R3,01/30/2026 9:30:02 PM,17,,,,8PXMCVAG,FL78.31YBC_SNIP_DLP2203458-1_17123
D542458,527,GT1MH527JKG4,0.003692,0,0,0,0,0,0,0,0,0.095985,0,0,0,0.007383,0,0.003692,0,,D5424580,PXMG,01/30/2026 10:43:06 PM,BPD450,8M5CL,8M5CL,04/20/2026 1:05:49 PM,8M5CL,D1D,2,7490021,AME421,18,263067,AME421_PM5,P_78_GABON_B10_R3,01/30/2026 9:33:49 PM,18,AME421,18,263067,AME421_PM5,P_78_GABON_B10_R3,01/30/2026 9:33:49 PM,18,,,,8PXMCVAG,FL78.31YBC_SNIP_DLP2203458-1_17123
D542461,12,KJ3LK012WFE3,0,0,0,0,0.003659,0.003659,0,0,0,0.109778,0,0,0,0.007319,0,0.010978,0.007319,,D5424610,PXMG,01/29/2026 7:54:44 PM,BPD444,8M5CL,8M5CL,05/03/2026 11:55:32 PM,8M5CL,D1D,1,7490166,AME411,24,263067,AME411_PM1,P_78_GABON_B10_R3,01/29/2026 5:52:52 PM,24,AME411,24,263067,AME411_PM1,P_78_GABON_B10_R3,01/29/2026 5:52:52 PM,24,,,,8PXMCVAG,FL78.31YBC_SNIP_DLP2203458-1_17123
D542461,13,KJ3LK013WFB2,0,0,0,0,0.003692,0.003692,0,0,0,0.181633,0,0,0,0,0,0.047254,0,0,D5424610,PXMG,01/29/2026 7:54:44 PM,BPD444,8M5CL,8M5CL,05/02/2026 3:27:13 PM,8M5CL,D1D,2,7490095,AME411,7,263067,AME411_PM1,P_78_GABON_B10_R3,01/29/2026 4:52:33 PM,7,AME411,7,263067,AME411_PM1,P_78_GABON_B10_R3,01/29/2026 4:52:33 PM,7,,,,8PXMCVAG,FL78.31YBC_SNIP_DLP2203458-1_17123
D543556,627,GS4VS627JKF2,0.007383,0,0,0,0.003692,0,0.003692,0.003692,0,0.18071,0,0,0,0.01126,0,0,0,0,D5435560,PXMG,02/07/2026 12:04:40 AM,BPD448,8M5CL,8M5CL,04/04/2026 2:25:31 AM,8M5CL,D1D,1,7526910,AME423,25,263067,AME423_PM1,P_78_GABON_B10_R3,02/06/2026 10:03:37 PM,13,AME423,25,263067,AME423_PM1,P_78_GABON_B10_R3,02/06/2026 10:03:37 PM,13,,,,8PXMCVBG,FL78.31YJC_SNIP_DLP2295515-1_4454
D543556,631,GS4VS631JKG3,0,0,0,0,0,0.007383,0.003692,0,0,0.103368,0,0,0,0,0,0,0,,D5435560,PXMG,02/07/2026 12:04:40 AM,BPD448,8M5CL,8M5CL,04/03/2026 9:15:37 PM,8M5CL,D1D,2,7526849,AME423,6,263067,AME423_PM2,P_78_GABON_B10_R3,02/06/2026 9:27:05 PM,3,AME423,6,263067,AME423_PM2,P_78_GABON_B10_R3,02/06/2026 9:27:05 PM,3,,,,8PXMCVBG,FL78.31YJC_SNIP_DLP2295515-1_4454
D542412,276,GT4BU276JDB7,0,0,0,0,0,0,0.007319,0,0,0.307743,0,0,0,0.007319,0,0.039886,0,0,D5424120,PXMG,02/06/2026 2:40:33 AM,BPD444,8M5CL,8M5CL,04/23/2026 4:59:07 AM,8M5CL,D1D,1,7481317,AME423,17,263067,AME423_PM1,P_78_GABON_B10_R3,02/06/2026 1:50:09 AM,9,AME423,17,263067,AME423_PM1,P_78_GABON_B10_R3,02/06/2026 1:50:09 AM,9,,,,8PXMCVAG,FL78.31YJC_SNIP_DLP2158825-1_23959
D542412,278,GT4BU278JDD0,0.007319,0,0,0,0.003659,0.003659,0.007319,0,0,0.113437,0,0,0,0.003659,0,0.003659,0,,D5424120,PXMG,02/06/2026 2:40:33 AM,BPD444,8M5CL,8M5CL,04/24/2026 5:35:34 PM,8M5CL,D1D,2,7481256,AME423,14,263067,AME423_PM2,P_78_GABON_B10_R3,02/06/2026 1:42:14 AM,7,AME423,14,263067,AME423_PM2,P_78_GABON_B10_R3,02/06/2026 1:42:14 AM,7,,,,8PXMCVAG,FL78.31YJC_SNIP_DLP2158825-1_23959
D542484,2,A20V6002SLG5,0,0,0,0,0.010978,0.003659,0.003659,0,0,0.124415,0,0,0,0.003659,0.003659,0.036593,0,,D5424840,PXMG,02/04/2026 7:29:06 PM,BPD448,8M5CL,8M5CL,03/30/2026 12:02:31 PM,8M5CL,D1D,1,7495743,AME417,9,263067,AME417_PM5,P_78_GABON_B10_R3,02/04/2026 5:18:16 PM,4,AME417,9,263067,AME417_PM5,P_78_GABON_B10_R3,02/04/2026 5:18:16 PM,4,,,,8PXMCVAG,FL78.31YBC_SNIP_DLP2203458-1_17123
D542484,3,A20V6003SLD4,0.003692,0,0,0,0,0.003692,0.003692,0,0,0.187751,0,0,0.003692,0,0.007911,0.007383,0,0,D5424840,PXMG,02/04/2026 7:29:06 PM,BPD448,8M5CL,8M5CL,03/30/2026 3:59:39 PM,8M5CL,D1D,2,7495686,AME417,2,263067,AME417_PM5,P_78_GABON_B10_R3,02/04/2026 5:07:21 PM,1,AME417,2,263067,AME417_PM5,P_78_GABON_B10_R3,02/04/2026 5:07:21 PM,1,,,,8PXMCVAG,FL78.31YBC_SNIP_DLP2203458-1_17123
D543534,7,KJ41L007WFB3,0,0,0,0,0.099224,0,0.06209,0,0,0.132079,0,0,0,0.031325,0,0.003846,0,0,D5435340,PXMG,02/03/2026 12:08:40 PM,BPD442,8M5CL,8M5CL,04/10/2026 12:43:06 PM,8M5CL,D1D,1,7524315,AME409,13,263067,AME409_PM5,P_78_GABON_B10_R3,02/03/2026 10:35:34 AM,11,AME409,13,263067,AME409_PM5,P_78_GABON_B10_R3,02/03/2026 10:35:34 AM,11,,,,8PXMCVBG,FL78.31YBC_SNIP_DLP2295512-1_3247
D543534,9,KJ41L009WFC4,0,0,0,0,0.003692,0.003692,0,0,0,0.092293,0,0,0,0,0,0.018459,0,,D5435340,PXMG,02/03/2026 12:08:40 PM,BPD442,8M5CL,8M5CL,04/10/2026 2:50:28 PM,8M5CL,D1D,2,7524298,AME409,2,263067,AME409_PM5,P_78_GABON_B10_R3,02/03/2026 10:03:21 AM,2,AME409,2,263067,AME409_PM5,P_78_GABON_B10_R3,02/03/2026 10:03:21 AM,2,,,,8PXMCVBG,FL78.31YBC_SNIP_DLP2295512-1_3247
D542423,11,A21PM011SLG6,0,0,0,0,0.011075,0,0.003692,0,0,0.118135,0,0,0,0.007383,0,0,0,,D5424230,PXMG,02/07/2026 6:34:02 AM,BPD458,8M5CL,8M5CL,04/29/2026 4:46:54 AM,8M5CL,D1D,1,7481721,AME409,24,263067,AME409_PM1,P_78_GABON_B10_R3,02/07/2026 5:48:58 AM,12,AME409,24,263067,AME409_PM1,P_78_GABON_B10_R3,02/07/2026 5:48:58 AM,12,,,,8PXMCVAG,FL78.31YJC_SNIP_DLP2158825-1_23959
D542423,13,A21PM013SLA4,0,0,0,0,0,0.007383,0.003692,0,0,0.136594,0,0,0,0,0,0.011075,0,,D5424230,PXMG,02/07/2026 6:34:02 AM,BPD458,8M5CL,8M5CL,02/13/2026 8:17:52 PM,8M5CL,D1D,2,7481804,AME409,3,263067,AME409_PM1,P_78_GABON_B10_R3,02/07/2026 5:12:26 AM,2,AME409,3,263067,AME409_PM1,P_78_GABON_B10_R3,02/07/2026 5:12:26 AM,2,,,,8PXMCVAG,FL78.31YJC_SNIP_DLP2158825-1_23959
D542423,14,A21PM014SLE6,0,0,0,0,0,0.007319,0.007319,0,0,0.278103,0,0,0,0.003659,0,0,0,0,D5424230,PXMG,02/07/2026 6:34:02 AM,BPD458,8M5CL,8M5CL,04/25/2026 12:47:42 PM,8M5CL,D1D,3,7481712,AME409,2,263067,AME409_PM2,P_78_GABON_B10_R3,02/07/2026 5:08:46 AM,1,AME409,2,263067,AME409_PM2,P_78_GABON_B10_R3,02/07/2026 5:08:46 AM,1,,,,8PXMCVAG,FL78.31YJC_SNIP_DLP2158825-1_23959
D542423,18,A21PM018SLH0,0,0,0,0,0,0,0,0,0,0.161007,0,0,0,0,0.003659,0.003659,0,0,D5424230,PXMG,02/07/2026 6:34:02 AM,BPD458,8M5CL,8M5CL,04/28/2026 3:41:08 PM,8M5CL,D1D,4,7481730,AME409,20,263067,AME409_PM1,P_78_GABON_B10_R3,02/07/2026 5:41:40 AM,10,AME409,20,263067,AME409_PM1,P_78_GABON_B10_R3,02/07/2026 5:41:40 AM,10,,,,8PXMCVAG,FL78.31YJC_SNIP_DLP2158825-1_23959
D542480,155,KJ2TF155WFC7,0,0,0,0,0.011075,0.003692,0,0,0,0.132902,0,0,0,0,0,0.007383,0,,D5424800,PXMG,02/12/2026 11:50:50 PM,BPD432,8M5CL,8M5CL,06/30/2026 1:35:09 PM,8M5CL,D1D,1,7494930,AME411,5,263067,AME411_PM1,P_78_GABON_B10_R3,02/12/2026 9:32:20 PM,5,AME411,5,263067,AME411_PM1,P_78_GABON_B10_R3,02/12/2026 9:32:20 PM,5,,,,8PXMCVAG,FL78.31YBC_SNIP_DLP2203458-1_17123
D542480,241,KJ30U241WFF3,0,0,0,0,0,0.003692,0.003692,0,0,0.095985,0,0,0,0.003692,0,0.02215,0,,D5424800,PXMG,02/12/2026 11:50:50 PM,BPD432,8M5CL,8M5CL,05/05/2026 3:43:12 AM,8M5CL,D1D,2,7494959,AME411,18,263067,AME411_PM1,P_78_GABON_B10_R3,02/12/2026 10:20:37 PM,18,AME411,18,263067,AME411_PM1,P_78_GABON_B10_R3,02/12/2026 10:20:37 PM,18,,,,8PXMCVAG,FL78.31YBC_SNIP_DLP2203458-1_17123
D543562,83,A1STT083SLG7,0,0,0,0,0.003692,0,0.011075,0,0,0.132902,0,0,0,0,0,0.007383,0,,D5435620,PXMG,02/12/2026 10:38:00 AM,BPD448,8M5CL,8M5CL,05/12/2026 3:53:10 AM,8M5CL,D1D,1,7526763,AME419,9,263067,AME419_PM6,P_78_GABON_B10_R3,02/12/2026 9:01:39 AM,9,AME419,9,263067,AME419_PM6,P_78_GABON_B10_R3,02/12/2026 9:01:39 AM,9,,,,8PXMCVBG,FL78.31YJC_SNIP_DLP2295515-1_4454
D543562,85,A1STT085SLA5,0,0,0,0,0.007383,0,0,0,0,0.10706,0,0,0,0,0,0.003692,0,,D5435620,PXMG,02/12/2026 10:38:00 AM,BPD448,8M5CL,8M5CL,05/13/2026 10:09:55 AM,8M5CL,D1D,2,7526687,AME419,18,263067,AME419_PM6,P_78_GABON_B10_R3,02/12/2026 9:32:51 AM,18,AME419,18,263067,AME419_PM6,P_78_GABON_B10_R3,02/12/2026 9:32:51 AM,18,,,,8PXMCVBG,FL78.31YJC_SNIP_DLP2295515-1_4454
D543538,57,KJ40U057WFC1,0,0,0,0,0.011075,0,0.011075,0,0,0.092293,0,0,0,0.007383,0,0.014767,0,,D5435380,PXMG,02/11/2026 8:47:41 AM,BPD432,8M5CL,8M5CL,04/10/2026 12:52:54 PM,8M5CL,D1D,1,7524920,AME403,21,263067,AME403_PM5,P_78_GABON_B10_R3,02/11/2026 6:59:54 AM,11,AME403,21,263067,AME403_PM5,P_78_GABON_B10_R3,02/11/2026 6:59:54 AM,11,,,,8PXMCVBG,FL78.31YBC_SNIP_DLP2295512-1_3247
D543538,77,KJ40U077WFD6,0,0,0,0,0.019197,0,0.019566,0,0,0.145823,0,0,0,0.011075,0,0,0,0,D5435380,PXMG,02/11/2026 8:47:41 AM,BPD432,8M5CL,8M5CL,04/10/2026 3:31:15 PM,8M5CL,D1D,2,7524987,AME403,2,263067,AME403_PM6,P_78_GABON_B10_R3,02/11/2026 6:23:39 AM,1,AME403,2,263067,AME403_PM6,P_78_GABON_B10_R3,02/11/2026 6:23:39 AM,1,,,,8PXMCVBG,FL78.31YBC_SNIP_DLP2295512-1_3247
D542491,206,KJ2TE206WFF4,0,0,0,0,0.036593,0,0.010978,0,0,0.311036,0,0,0,0.003659,0,0.073185,0,0,D5424910,PXMG,02/10/2026 1:16:36 AM,BPD450,8M5CL,8M5CL,04/30/2026 5:21:01 AM,8M5CL,D1D,1,7499430,AME403,20,263067,AME403_PM5,P_78_GABON_B10_R3,02/10/2026 12:07:26 AM,10,AME403,20,263067,AME403_PM5,P_78_GABON_B10_R3,02/10/2026 12:07:26 AM,10,,,,8PXMCVAG,FL78.31YBC_SNIP_DLP2203458-1_17123
D542491,251,KJ30R251WFB3,0,0,0,0,0.003692,0.003692,0,0,0,0.306413,0,0,0,0.003692,0,0.003692,0.003692,0,D5424910,PXMG,02/10/2026 1:16:36 AM,BPD450,8M5CL,8M5CL,04/29/2026 8:25:49 PM,8M5CL,D1D,2,7499414,AME403,19,263067,AME403_PM6,P_78_GABON_B10_R3,02/10/2026 12:03:49 AM,9,AME403,19,263067,AME403_PM6,P_78_GABON_B10_R3,02/10/2026 12:03:49 AM,9,,,,8PXMCVAG,FL78.31YBC_SNIP_DLP2203458-1_17123
D542477,46,KJ39E046WFF1,0.003659,0,0,0,0,0,0.007319,0,0,0.190281,0.003659,0,0,0,0,0,0,0,D5424770P,PXMG,02/10/2026 6:44:05 PM,BPD458,8M5CL,8M5CL,02/13/2026 7:11:42 PM,8M5CL,D1D,1,8094652,AME411,25,263067,AME411_PM1,P_78_GABON_B10_R3,02/10/2026 5:50:37 PM,13,AME411,25,263067,AME411_PM1,P_78_GABON_B10_R3,02/10/2026 5:50:37 PM,13,,,,8PXMCVAG,FL78.31YBC_SNIP_DLP2203458-1_17123
D542477,48,KJ39E048WFG2,0,0,0,0,0,0,0.007319,0,0,0.120755,0,0,0,0.025615,0,0.010978,0,,D5424770P,PXMG,02/10/2026 6:44:05 PM,BPD458,8M5CL,8M5CL,05/04/2026 10:42:48 PM,8M5CL,D1D,2,8094698,AME411,2,263067,AME411_PM1,P_78_GABON_B10_R3,02/10/2026 5:04:55 PM,1,AME411,2,263067,AME411_PM1,P_78_GABON_B10_R3,02/10/2026 5:04:55 PM,1,,,,8PXMCVAG,FL78.31YBC_SNIP_DLP2203458-1_17123
D542477,75,KJ39F075WFA0,0,0,0,0,0,0,0.014767,0,0,0.08491,0,0,0,0.007383,0.003692,0.011075,0,,D5424770P,PXMG,02/10/2026 6:44:05 PM,BPD458,8M5CL,8M5CL,05/06/2026 6:16:47 PM,8M5CL,D1D,3,8094639,AME411,5,263067,AME411_PM1,P_78_GABON_B10_R3,02/10/2026 5:08:29 PM,2,AME411,5,263067,AME411_PM1,P_78_GABON_B10_R3,02/10/2026 5:08:29 PM,2,,,,8PXMCVAG,FL78.31YBC_SNIP_DLP2203458-1_17123
D542477,114,KJ39E114WFE3,0,0,0,0,0.007319,0,0.007319,0,0,0.106118,0,0,0,0,0,0.003659,0,,D5424770P,PXMG,02/10/2026 6:44:05 PM,BPD458,8M5CL,8M5CL,02/13/2026 7:10:59 PM,8M5CL,D1D,4,8094638,AME411,19,263067,AME411_PM1,P_78_GABON_B10_R3,02/10/2026 5:35:51 PM,9,AME411,19,263067,AME411_PM1,P_78_GABON_B10_R3,02/10/2026 5:35:51 PM,9,,,,8PXMCVAG,FL78.31YBC_SNIP_DLP2203458-1_17123
D542477,6,KJ39E006WFB7,0,0,0,0,0.003659,0,0.007319,0,0,0.124415,0,0,0,0,0,0.025615,0,,D5424770,PXMG,02/11/2026 1:54:39 PM,BPD446,8M5CL,8M5CL,05/07/2026 1:59:09 AM,8M5CL,D1D,1,7495725,AME421,4,263067,AME421_PM1,P_78_GABON_B10_R3,02/11/2026 10:16:36 AM,2,AME421,4,263067,AME421_PM1,P_78_GABON_B10_R3,02/11/2026 10:16:36 AM,2,,,,8PXMCVAG,FL78.31YBC_SNIP_DLP2203458-1_17123
D542477,21,KJ39E021WFE3,0,0,0,0,0.033226,0.003692,0.003692,0,0,0.095985,0,0,0,0.014767,0,0.007383,0.003692,,D5424770,PXMG,02/11/2026 1:54:39 PM,BPD446,8M5CL,8M5CL,05/06/2026 6:43:34 PM,8M5CL,D1D,2,7495642,AME421,7,263067,AME421_PM1,P_78_GABON_B10_R3,02/11/2026 10:24:47 AM,4,AME421,7,263067,AME421_PM1,P_78_GABON_B10_R3,02/11/2026 10:24:47 AM,4,,,,8PXMCVAG,FL78.31YBC_SNIP_DLP2203458-1_17123
D542488,451,MCEWL451WAG0,0.003692,0,0,0,0.003692,0,0,0,0,0.10706,0,0,0,0.003692,0,0,0,,D5424880,PXMG,02/10/2026 3:42:09 AM,BPD432,8M5CL,8M5CL,04/23/2026 3:24:17 AM,8M5CL,D1D,1,7498097,AME401,25,263067,AME401_PM3,P_78_GABON_B10_R3,02/10/2026 2:34:09 AM,25,AME401,25,263067,AME401_PM3,P_78_GABON_B10_R3,02/10/2026 2:34:09 AM,25,,,,8PXMCVAG,FL78.31YBC_SNIP_DLP2203458-1_17123
D542488,463,MCEWL463WAE2,0.003692,0,0,0,0.018459,0,0.003692,0,0,0.114444,0,0,0,0.007383,0.003692,0.018459,0.003692,,D5424880,PXMG,02/10/2026 3:42:09 AM,BPD432,8M5CL,8M5CL,04/23/2026 8:58:02 PM,8M5CL,D1D,2,7498206,AME401,6,263067,AME401_PM3,P_78_GABON_B10_R3,02/10/2026 1:26:23 AM,6,AME401,6,263067,AME401_PM3,P_78_GABON_B10_R3,02/10/2026 1:26:23 AM,6,,,,8PXMCVAG,FL78.31YBC_SNIP_DLP2203458-1_17123
D543526,585,GS3WB585JKE5,0,0,0,0,0,0.007383,0,0,0,0.110752,0,0,0,0.003692,0,0.014767,0.003692,,D5435260,PXMG,02/08/2026 4:44:24 AM,BPD444,8M5CL,8M5CL,04/19/2026 4:21:52 AM,8M5CL,D1D,1,7518850,AME409,25,263067,AME409_PM5,P_78_GABON_B10_R3,02/08/2026 4:06:03 AM,13,AME409,25,263067,AME409_PM5,P_78_GABON_B10_R3,02/08/2026 4:06:03 AM,13,,,,8PXMCVBG,FL78.31YBC_SNIP_DLP2295512-1_3247
D543526,586,GS3WB586JKB4,0.003659,0,0,0,0.024517,0,0,0,0,0.227971,0,0,0,0,0,0.010978,0,0,D5435260,PXMG,02/08/2026 4:44:24 AM,BPD444,8M5CL,8M5CL,04/18/2026 11:23:57 AM,8M5CL,D1D,2,7518930,AME409,18,263067,AME409_PM6,P_78_GABON_B10_R3,02/08/2026 3:50:01 AM,9,AME409,18,263067,AME409_PM6,P_78_GABON_B10_R3,02/08/2026 3:50:01 AM,9,,,,8PXMCVBG,FL78.31YBC_SNIP_DLP2295512-1_3247
D542459,326,GT1WK326JKF5,0,0,0,0,0,0,0.007319,0,0,0.135392,0,0,0,0.003659,0,0.05123,0.010978,,D5424590,PXMG,02/08/2026 3:09:01 PM,BPD450,8M5CL,8M5CL,04/17/2026 8:47:12 PM,8M5CL,D1D,1,7490216,AME421,12,263067,AME421_PM4,P_78_GABON_B10_R3,02/08/2026 2:01:46 PM,6,AME421,12,263067,AME421_PM4,P_78_GABON_B10_R3,02/08/2026 2:01:46 PM,6,,,,8PXMCVAG,FL78.31YBC_SNIP_DLP2203458-1_17123
D542459,327,GT1WK327JKC4,0,0,0,0,0,0,0.003692,0,0,0.291646,0,0,0,0.003692,0.003692,0.011075,0.011075,0,D5424590,PXMG,02/08/2026 3:09:01 PM,BPD450,8M5CL,8M5CL,04/21/2026 11:20:21 PM,8M5CL,D1D,2,7490172,AME421,19,263067,AME421_PM3,P_78_GABON_B10_R3,02/08/2026 2:16:08 PM,10,AME421,19,263067,AME421_PM3,P_78_GABON_B10_R3,02/08/2026 2:16:08 PM,10,,,,8PXMCVAG,FL78.31YBC_SNIP_DLP2203458-1_17123
D542420,304,GT4BU304JDF2,0,0,0,0,0,0.003659,0.010978,0,0,0.256148,0,0,0,0,0.003659,0.007319,0.003659,0,D5424200,PXMG,02/09/2026 12:05:58 AM,BPD450,8M5CL,8M5CL,04/12/2026 10:26:04 AM,8M5CL,D1D,1,7481474,AME403,5,263067,AME403_PM1,P_78_GABON_B10_R3,02/08/2026 10:37:55 PM,3,AME403,5,263067,AME403_PM1,P_78_GABON_B10_R3,02/08/2026 10:37:55 PM,3,,,,8PXMCVAG,FL78.31YJC_SNIP_DLP2158825-1_23959
D542420,305,GT4BU305JDC1,0,0,0,0,0,0,0.007383,0,0,0.280571,0,0,0,0.007383,0,0.003692,0,0,D5424200,PXMG,02/09/2026 12:05:58 AM,BPD450,8M5CL,8M5CL,04/23/2026 3:22:09 PM,8M5CL,D1D,2,7481469,AME403,14,263067,AME403_PM2,P_78_GABON_B10_R3,02/08/2026 10:52:29 PM,7,AME403,14,263067,AME403_PM2,P_78_GABON_B10_R3,02/08/2026 10:52:29 PM,7,,,,8PXMCVAG,FL78.31YJC_SNIP_DLP2158825-1_23959
D543548,6,A21L5006SLC4,0,0,0,0,0.025755,0.011048,0.011048,0,0.011048,0.548184,0,0,0,0.011048,0,0.044192,0,0,D5435480,PXMG,02/09/2026 6:20:44 AM,BPD450,8M5CL,8M5CL,04/14/2026 7:45:04 AM,8M5CL,D1D,1,7525896,AME421,21,263067,AME421_PM1,P_78_GABON_B10_R3,02/09/2026 4:25:21 AM,21,AME421,21,263067,AME421_PM1,P_78_GABON_B10_R3,02/09/2026 4:25:21 AM,21,,,,8PXMCVBG,FL78.31YBC_SNIP_DLP2295512-1_3247
D543548,7,A21L5007SLG6,0,0,0,0,0,0,0.011075,0,0,0.095985,0,0,0,0,0,0.08491,0,,D5435480,PXMG,02/09/2026 6:20:44 AM,BPD450,8M5CL,8M5CL,04/14/2026 4:36:03 AM,8M5CL,D1D,2,7525925,AME421,6,263067,AME421_PM1,P_78_GABON_B10_R3,02/09/2026 3:31:57 AM,6,AME421,6,263067,AME421_PM1,P_78_GABON_B10_R3,02/09/2026 3:31:57 AM,6,,,,8PXMCVBG,FL78.31YBC_SNIP_DLP2295512-1_3247
D543508,2,A22VF002SLB5,0,0,0,0,0,0.003584,0,0,0,0.236515,0,0,0,0,0,0.025085,0,,D5435080,PNCB,02/09/2026 2:31:52 PM,BPD444,8M5CL,8M5CL,04/08/2026 3:29:20 AM,8M5CL,D1D,1,7517955,AME401,17,263067,AME401_PM3,P_78_GABON_B10_R3,02/09/2026 11:50:19 AM,17,AME401,17,263067,AME401_PM3,P_78_GABON_B10_R3,02/09/2026 11:50:19 AM,17,,,,8PONCVBB,FL78.3JHSC_SNIP_DLP2295517-1_1966
D543508,3,A22VF003SLF7,0,0,0,0,0,0.007218,0,0,0,0.234595,0,0,0,0,0,0.025264,0.003609,,D5435080,PNCB,02/09/2026 2:31:52 PM,BPD444,8M5CL,8M5CL,04/15/2026 9:02:26 PM,8M5CL,D1D,2,7517885,AME401,22,263067,AME401_PM3,P_78_GABON_B10_R3,02/09/2026 12:04:37 PM,21,AME401,22,263067,AME401_PM3,P_78_GABON_B10_R3,02/09/2026 12:04:37 PM,21,,,,8PONCVBB,FL78.3JHSC_SNIP_DLP2295517-1_1966
D542413,281,GT4BU281JDH2,0.003692,0,0,0,0,0.007383,0.003692,0,0.003692,0.230917,0,0,0,0.007383,0.003692,0.016428,0,0,D5424130,PXMG,02/10/2026 1:38:30 PM,BPD444,8M5CL,8M5CL,06/07/2026 6:21:39 PM,8M5CL,D1D,1,7481454,AME421,12,263067,AME421_PM6,P_78_GABON_B10_R3,02/10/2026 11:57:20 AM,12,AME421,12,263067,AME421_PM6,P_78_GABON_B10_R3,02/10/2026 11:57:20 AM,12,,,,8PXMCVAG,FL78.31YJC_SNIP_DLP2158825-1_23959
D542413,283,GT4BU283JDB0,0,0,0,0,0.003692,0,0.003692,0,0,0.10706,0.003692,0,0,0.003692,0,0.007383,0,,D5424130,PXMG,02/10/2026 1:38:30 PM,BPD444,8M5CL,8M5CL,04/04/2026 3:36:47 PM,8M5CL,D1D,2,7481399,AME421,15,263067,AME421_PM6,P_78_GABON_B10_R3,02/10/2026 12:08:37 PM,15,AME421,15,263067,AME421_PM6,P_78_GABON_B10_R3,02/10/2026 12:08:37 PM,15,,,,8PXMCVAG,FL78.31YJC_SNIP_DLP2158825-1_23959
D542470,63,KJ3FM063WFG4,0.007383,0,0,0,0,0,0.003692,0,0,0.118135,0,0,0,0.003692,0.003692,0.011075,0.007383,,D5424700,PXMG,02/14/2026 6:23:32 PM,BPD436,8M5CL,8M5CL,05/01/2026 7:16:33 AM,8M5CL,D1D,1,7491988,AME421,13,263067,AME421_PM5,P_78_GABON_B10_R3,02/14/2026 5:24:25 PM,7,AME421,13,263067,AME421_PM5,P_78_GABON_B10_R3,02/14/2026 5:24:25 PM,7,,,,8PXMCVAG,FL78.31YBC_SNIP_DLP2203458-1_17123
D542470,276,KJ3LD276WFH1,0,0,0,0,0.003659,0.003659,0,0,0,0.168326,0,0,0,0.010978,0,0.018296,0,,D5424700,PXMG,02/14/2026 6:23:32 PM,BPD436,8M5CL,8M5CL,04/30/2026 12:50:08 AM,8M5CL,D1D,2,7491967,AME421,10,263067,AME421_PM6,P_78_GABON_B10_R3,02/14/2026 5:16:38 PM,5,AME421,10,263067,AME421_PM6,P_78_GABON_B10_R3,02/14/2026 5:16:38 PM,5,,,,8PXMCVAG,FL78.31YBC_SNIP_DLP2203458-1_17123
D543537,302,KJ2TF302WFC6,0,0,0,0,0,0.007319,0.014637,0,0,0.217725,0,0,0,0.021956,0,0.034763,0,0,D5435370,PXMG,02/20/2026 12:13:05 PM,BPD448,8M5CL,8M5CL,05/13/2026 2:03:12 AM,8M5CL,D1D,1,7524540,AME427,8,263067,AME427_PM4,P_78_GABON_B10_R3,02/20/2026 10:27:37 AM,8,AME427,8,263067,AME427_PM4,P_78_GABON_B10_R3,02/20/2026 10:27:37 AM,8,,,,8PXMCVBG,FL78.31YBC_SNIP_DLP2295512-1_3247
D543537,484,KJ41J484WFF5,0.003659,0,0,0,0.003659,0,0,0,0,0.142711,0,0,0,0,0.003659,0.007319,0,,D5435370,PXMG,02/20/2026 12:13:05 PM,BPD448,8M5CL,8M5CL,05/09/2026 3:07:52 PM,8M5CL,D1D,2,7524582,AME427,23,263067,AME427_PM4,P_78_GABON_B10_R3,02/20/2026 11:20:50 AM,23,AME427,23,263067,AME427_PM4,P_78_GABON_B10_R3,02/20/2026 11:20:50 AM,23,,,,8PXMCVBG,FL78.31YBC_SNIP_DLP2295512-1_3247
D543533,49,KJ41L049WFF6,0.003692,0,0,0,0,0.003692,0.003692,0,0,0.151361,0,0,0,0,0,0.007383,0,,D5435330,PXMG,02/18/2026 11:01:25 PM,BPD454,8M5CL,8M5CL,04/30/2026 4:20:15 AM,8M5CL,D1D,1,7524302,AME423,24,263067,AME423_PM6,P_78_GABON_B10_R3,02/18/2026 2:56:52 PM,19,AME423,24,263067,AME423_PM6,P_78_GABON_B10_R3,02/18/2026 2:56:52 PM,19,,,,8PXMCVBG,FL78.31YBC_SNIP_DLP2295512-1_3247
D543533,51,KJ41L051WFF6,0.003692,0,0,0,0,0,0.003692,0,0,0.103368,0,0,0,0,0,0,0,,D5435330,PXMG,02/18/2026 11:01:25 PM,BPD454,8M5CL,8M5CL,04/30/2026 3:42:29 PM,8M5CL,D1D,2,7524326,AME423,7,263067,AME423_PM5,P_78_GABON_B10_R3,02/18/2026 2:02:04 PM,4,AME423,7,263067,AME423_PM5,P_78_GABON_B10_R3,02/18/2026 2:02:04 PM,4,,,,8PXMCVBG,FL78.31YBC_SNIP_DLP2295512-1_3247
D543518,63,A22S0063SLA7,0,0,0,0,0,0.003692,0.003692,0,0,0.269496,0,0,0,0.003692,0,0.011075,0,0,D5435180,PXMG,02/18/2026 10:37:26 AM,BPD446,8M5CL,8M5CL,05/06/2026 3:17:23 PM,8M5CL,D1D,1,7517521,AME419,17,263067,AME419_PM4,P_78_GABON_B10_R3,02/18/2026 9:04:13 AM,8,AME419,17,263067,AME419_PM4,P_78_GABON_B10_R3,02/18/2026 9:04:13 AM,8,,,,8PXMCVBG,FL78.31YBC_SNIP_DLP2295512-1_3247
D543518,66,A22S0066SLG2,0,0,0,0,0,0.007319,0.007319,0,0,0.409836,0,0,0,0.007319,0,0.014637,0,0,D5435180,PXMG,02/18/2026 10:37:26 AM,BPD446,8M5CL,8M5CL,05/06/2026 1:38:50 PM,8M5CL,D1D,2,7517400,AME419,22,263067,AME419_PM3,P_78_GABON_B10_R3,02/18/2026 9:14:55 AM,11,AME419,22,263067,AME419_PM3,P_78_GABON_B10_R3,02/18/2026 9:14:55 AM,11,,,,8PXMCVBG,FL78.31YBC_SNIP_DLP2295512-1_3247
D542464,62,KJ39F062WFE7,0,0,0,0,0.003659,0.003659,0,0,0,0.102459,0,0,0,0.007319,0,0,0,,D5424640,PXMG,02/19/2026 12:46:15 AM,BPD454,8M5CL,8M5CL,06/07/2026 8:24:42 PM,8M5CL,D1D,1,7489659,AME411,9,263067,AME411_PM1,P_78_GABON_B10_R3,02/18/2026 11:01:25 PM,5,AME411,9,263067,AME411_PM1,P_78_GABON_B10_R3,02/18/2026 11:01:25 PM,5,,,,8PXMCVAG,FL78.31YBC_SNIP_DLP2203458-1_17123
D542464,182,KJ39F182WFF5,0.007319,0,0,0,0,0.018296,0,0,0.010978,0.223214,0,0,0,0.003659,0.010978,0.003659,0,,D5424640,PXMG,02/19/2026 12:46:15 AM,BPD454,8M5CL,8M5CL,05/07/2026 1:52:20 PM,8M5CL,D1D,2,7489905,AME411,18,263067,AME411_PM2,P_78_GABON_B10_R3,02/18/2026 11:16:09 PM,9,AME411,18,263067,AME411_PM2,P_78_GABON_B10_R3,02/18/2026 11:16:09 PM,9,,,,8PXMCVAG,FL78.31YBC_SNIP_DLP2203458-1_17123
D542410,2,KJ2TJ002WFG7,0.003659,0,0,0,0,0,0,0.003659,0,0.117096,0,0,0,0,0,0.007319,0,,D5424100,PXMG,02/18/2026 11:51:11 PM,BPD454,8M5CL,8M5CL,05/03/2026 9:55:11 AM,8M5CL,D1D,1,7479801,AME409,9,263067,AME409_PM2,P_78_GABON_B10_R3,02/18/2026 10:38:58 PM,4,AME409,9,263067,AME409_PM2,P_78_GABON_B10_R3,02/18/2026 10:38:58 PM,4,,,,8PXMCVAG,FL78.31YJC_SNIP_DLP2158825-1_23959
D542410,4,KJ2TJ004WFA5,0,0,0,0,0.007319,0.007319,0.003659,0,0,0.117096,0,0,0,0,0,0.036593,0.003659,,D5424100,PXMG,02/18/2026 11:51:11 PM,BPD454,8M5CL,8M5CL,05/03/2026 9:38:23 AM,8M5CL,D1D,2,7479831,AME409,6,263067,AME409_PM2,P_78_GABON_B10_R3,02/18/2026 10:35:19 PM,3,AME409,6,263067,AME409_PM2,P_78_GABON_B10_R3,02/18/2026 10:35:19 PM,3,,,,8PXMCVAG,FL78.31YJC_SNIP_DLP2158825-1_23959
D542475,113,A21JF113SLB1,0.13744,0,0,0.004076,0.008153,0.004076,0.003692,0.004076,0,0.116366,0.004076,0.007383,0,0.016305,0,0,0.008153,0,D5424750,PXMG,02/17/2026 3:58:17 AM,BPD450,8M5CL,8M5CL,05/12/2026 4:32:42 PM,8M5CL,D1D,1,7491857,AME419,4,263067,AME419_PM6,P_78_GABON_B10_R3,02/17/2026 2:08:42 AM,4,AME419,4,263067,AME419_PM6,P_78_GABON_B10_R3,02/17/2026 2:08:42 AM,4,,,,8PXMCVAG,FL78.31YBC_SNIP_DLP2203458-1_17123
D542475,115,A21JF115SLC2,0,0,0,0,0.014767,0.007383,0.003692,0,0,0.118135,0,0,0,0,0,0,0,,D5424750,PXMG,02/17/2026 3:58:17 AM,BPD450,8M5CL,8M5CL,04/25/2026 8:50:55 AM,8M5CL,D1D,2,7491885,AME419,3,263067,AME419_PM6,P_78_GABON_B10_R3,02/17/2026 2:05:14 AM,3,AME419,3,263067,AME419_PM6,P_78_GABON_B10_R3,02/17/2026 2:05:14 AM,3,,,,8PXMCVAG,FL78.31YBC_SNIP_DLP2203458-1_17123
D542446,457,GT1MH457JKG1,0,0,0,0,0,0.003609,0,0,0,0.321215,0,0,0,0.003609,0,0.007218,0,0,D5424460,PNCB,02/26/2026 8:56:48 PM,BPD432,8M5CL,8M5CL,02/27/2026 8:49:33 AM,8M5CL,D1D,1,7488283,AME411,24,263067,AME411_PM2,P_78_GABON_B10_R3,02/26/2026 7:05:31 PM,12,AME411,24,263067,AME411_PM2,P_78_GABON_B10_R3,02/26/2026 7:05:31 PM,12,,,,8PONCVEB,FL78.3FGTC_SNIP_DLP2304574-1_344
D542446,463,GT1MH463JKB0,0,0,0,0,0,0.007218,0.003609,0,0,0.259859,0,0,0,0,0.003609,0.003609,0,,D5424460,PNCB,02/26/2026 8:56:48 PM,BPD432,8M5CL,8M5CL,02/27/2026 8:49:49 AM,8M5CL,D1D,2,7488254,AME411,21,263067,AME411_PM1,P_78_GABON_B10_R3,02/26/2026 7:01:49 PM,11,AME411,21,263067,AME411_PM1,P_78_GABON_B10_R3,02/26/2026 7:01:49 PM,11,,,,8PONCVEB,FL78.3FGTC_SNIP_DLP2304574-1_344
D542446,465,GT1MH465JKC1,0.003609,0,0,0,0.003609,0.007218,0,0,0,0.238204,0,0.003609,0,0.003609,0,0.007218,0.003609,,D5424460,PNCB,02/26/2026 8:56:48 PM,BPD432,8M5CL,8M5CL,05/09/2026 3:08:04 AM,8M5CL,D1D,3,7488221,AME411,23,263067,AME411_PM1,P_78_GABON_B10_R3,02/26/2026 7:05:31 PM,12,AME411,23,263067,AME411_PM1,P_78_GABON_B10_R3,02/26/2026 7:05:31 PM,12,,,,8PONCVEB,FL78.3FGTC_SNIP_DLP2304574-1_344
D542446,500,GT1MH500JKE5,0.007167,0,0,0,0.003584,0.003584,0,0.003584,0,0.229348,0,0,0.003584,0.007167,0,0,0.007167,,D5424460,PNCB,02/26/2026 8:56:48 PM,BPD432,8M5CL,8M5CL,05/10/2026 6:19:57 AM,8M5CL,D1D,4,7488276,AME411,22,263067,AME411_PM2,P_78_GABON_B10_R3,02/26/2026 7:01:50 PM,11,AME411,22,263067,AME411_PM2,P_78_GABON_B10_R3,02/26/2026 7:01:50 PM,11,,,,8PONCVEB,FL78.3FGTC_SNIP_DLP2304574-1_344
D542433,5,KJ3LK005WFF2,0,0,0,0,0.007383,0,0.003692,0,0,0.217812,0,0,0,0,0,0.011075,0,0,D5424330,PXMG,02/26/2026 12:54:47 PM,BPD442,8M5CL,8M5CL,05/12/2026 4:29:06 PM,8M5CL,D1D,1,7484701,AME421,8,263067,AME421_PM6,P_78_GABON_B10_R3,02/26/2026 11:14:55 AM,7,AME421,8,263067,AME421_PM6,P_78_GABON_B10_R3,02/26/2026 11:14:55 AM,7,,,,8PXMCVAG,FL78.31YJC_SNIP_DLP2158825-1_23959
D542433,6,KJ3LK006WFC1,0,0,0,0,0,0,0,0,0,0.307377,0,0,0,0,0,0.029274,0,0,D5424330,PXMG,02/26/2026 12:54:47 PM,BPD442,8M5CL,8M5CL,05/12/2026 6:43:15 PM,8M5CL,D1D,2,7484684,AME421,3,263067,AME421_PM6,P_78_GABON_B10_R3,02/26/2026 11:00:46 AM,3,AME421,3,263067,AME421_PM6,P_78_GABON_B10_R3,02/26/2026 11:00:46 AM,3,,,,8PXMCVAG,FL78.31YJC_SNIP_DLP2158825-1_23959
D542495,810,MCG6T810WAG0,0,0,0,0,0,0.014454,0.003659,0,0,0.593165,0,0,0,0,0,0.014454,0,0,D5424950,PXMG,02/26/2026 8:16:05 AM,BPD432,8M5CL,8M5CL,02/27/2026 8:50:09 AM,8M5CL,D1D,1,7499285,AME411,8,263067,AME411_PM1,P_78_GABON_B10_R3,02/26/2026 6:39:30 AM,7,AME411,8,263067,AME411_PM1,P_78_GABON_B10_R3,02/26/2026 6:39:30 AM,7,,,,8PXMCVAG,FL78.31YBC_SNIP_DLP2203458-1_17123
D542495,813,MCG6T813WAE0,0,0,0,0,0.003692,0.003692,0,0,0,0.114444,0,0,0,0.007383,0,0,0,,D5424950,PXMG,02/26/2026 8:16:05 AM,BPD432,8M5CL,8M5CL,05/02/2026 4:53:17 AM,8M5CL,D1D,2,7499263,AME411,15,263067,AME411_PM1,P_78_GABON_B10_R3,02/26/2026 7:00:51 AM,13,AME411,15,263067,AME411_PM1,P_78_GABON_B10_R3,02/26/2026 7:00:51 AM,13,,,,8PXMCVAG,FL78.31YBC_SNIP_DLP2203458-1_17123
D543550,9,A22TX009SLC5,0.025842,0,0,0,0.003692,0.011075,0.003692,0,0,0.151361,0,0.02215,0,0.003692,0,0.003692,0,,D5435500Z,PXMG,02/24/2026 9:27:17 PM,BPD454,8M5CL,8M5CL,05/04/2026 11:43:21 PM,8M5CL,D1D,1,8166792,AME411,12,263067,AME411_PM1,P_78_GABON_B10_R3,02/24/2026 8:15:46 PM,7,AME411,12,263067,AME411_PM1,P_78_GABON_B10_R3,02/24/2026 8:15:46 PM,7,,,,8PXMCVBG,FL78.31YBC_SNIP_DLP2295512-1_3247
D543550,19,A22TX019SLH1,0,0,0,0,0,0,0.007383,0,0,0.228887,0.003692,0,0,0.003692,0,0.011075,0,,D5435500Z,PXMG,02/24/2026 9:27:17 PM,BPD454,8M5CL,8M5CL,05/19/2026 6:29:40 AM,8M5CL,D1D,2,8166804,AME411,6,263067,AME411_PM1,P_78_GABON_B10_R3,02/24/2026 7:59:47 PM,3,AME411,6,263067,AME411_PM1,P_78_GABON_B10_R3,02/24/2026 7:59:47 PM,3,,,,8PXMCVBG,FL78.31YBC_SNIP_DLP2295512-1_3247
D543550,102,A22TX102SLB4,0,0,0,0,0,0.007319,0.003659,0,0.003659,0.157348,0,0,0,0,0,0.010978,0,,D5435500Z,PXMG,02/24/2026 9:27:17 PM,BPD454,8M5CL,8M5CL,05/19/2026 1:15:16 AM,8M5CL,D1D,3,8166739,AME411,4,263067,AME411_PM1,P_78_GABON_B10_R3,02/24/2026 7:51:47 PM,1,AME411,4,263067,AME411_PM1,P_78_GABON_B10_R3,02/24/2026 7:51:47 PM,1,,,,8PXMCVBG,FL78.31YBC_SNIP_DLP2295512-1_3247
D543550,114,A22TX114SLH1,0,0,0,0,0.003659,0,0.010978,0,0,0.208577,0,0,0,0.010978,0.003659,0.010978,0.003659,,D5435500Z,PXMG,02/24/2026 9:27:17 PM,BPD454,8M5CL,8M5CL,05/19/2026 3:24:08 AM,8M5CL,D1D,4,8166762,AME411,7,263067,AME411_PM1,P_78_GABON_B10_R3,02/24/2026 8:03:48 PM,4,AME411,7,263067,AME411_PM1,P_78_GABON_B10_R3,02/24/2026 8:03:48 PM,4,,,,8PXMCVBG,FL78.31YBC_SNIP_DLP2295512-1_3247
D543550,2,A22TX002SLC3,0,0,0,0,0,0,0,0,0,0.080504,0,0,0,0.003659,0,0.003659,0,,D5435500,PXMG,02/24/2026 11:25:29 AM,BPD442,8M5CL,8M5CL,05/19/2026 5:47:24 PM,8M5CL,D1D,1,7525963,AME409,17,263067,AME409_PM1,P_78_GABON_B10_R3,02/24/2026 10:06:59 AM,4,AME409,17,263067,AME409_PM1,P_78_GABON_B10_R3,02/24/2026 10:06:59 AM,4,,,,8PXMCVBG,FL78.31YBC_SNIP_DLP2295512-1_3247
D543550,10,A22TX010SLF6,0,0,0,0,0,0,0,0,0,0.095141,0,0,0,0.007319,0,0,0,,D5435500,PXMG,02/24/2026 11:25:29 AM,BPD442,8M5CL,8M5CL,05/19/2026 3:29:41 AM,8M5CL,D1D,2,7525790,AME409,22,263067,AME409_PM1,P_78_GABON_B10_R3,02/24/2026 10:11:16 AM,5,AME409,22,263067,AME409_PM1,P_78_GABON_B10_R3,02/24/2026 10:11:16 AM,5,,,,8PXMCVBG,FL78.31YBC_SNIP_DLP2295512-1_3247
D542443,19,MCFFQ019WAA3,0.003609,0,0,0,0.003609,0,0,0,0,0.335652,0,0.003609,0,0,0,0.003609,0,0,D5424430,PNCB,02/22/2026 7:48:33 PM,BPD458,8M5CL,8M5CL,04/30/2026 5:04:21 AM,8M5CL,D1D,1,7487816,AME427,4,263067,AME427_PM4,P_78_GABON_B10_R3,02/22/2026 5:54:32 PM,4,AME427,4,263067,AME427_PM4,P_78_GABON_B10_R3,02/22/2026 5:54:32 PM,4,,,,8PONCVEB,FL78.3JHSC_SNIP_DLP2177706-1_8266
D542443,22,MCFFQ022WAE5,0,0,0,0,0.007167,0,0,0,0,0.200679,0,0,0,0,0,0,0,,D5424430,PNCB,02/22/2026 7:48:33 PM,BPD458,8M5CL,8M5CL,02/23/2026 7:36:10 AM,8M5CL,D1D,2,7487722,AME427,23,263067,AME427_PM4,P_78_GABON_B10_R3,02/22/2026 7:00:54 PM,23,AME427,23,263067,AME427_PM4,P_78_GABON_B10_R3,02/22/2026 7:00:54 PM,23,,,,8PONCVEB,FL78.3JHSC_SNIP_DLP2177706-1_8266
D543525,486,GS4MH486JKG0,0,0,0,0,0,0.010978,0,0.003659,0,0.178533,0,0,0,0.008089,0,0.007319,0.003659,0,D5435250,PXMG,02/27/2026 5:05:56 AM,BPD450,8M5CL,8M5CL,05/12/2026 11:46:37 PM,8M5CL,D1D,1,7519143,AME409,4,263067,AME409_PM2,P_78_GABON_B10_R3,02/27/2026 3:48:47 AM,1,AME409,4,263067,AME409_PM2,P_78_GABON_B10_R3,02/27/2026 3:48:47 AM,1,,,,8PXMCVBG,FL78.31YBC_SNIP_DLP2295512-1_3247
D543525,590,GS4MH590JKG2,0,0,0.003659,0,0,0.007319,0.003659,0,0,0.204918,0,0,0,0.003659,0,0,0.003659,0,D5435250,PXMG,02/27/2026 5:05:56 AM,BPD450,8M5CL,8M5CL,05/13/2026 12:12:04 AM,8M5CL,D1D,2,7519097,AME409,11,263067,AME409_PM2,P_78_GABON_B10_R3,02/27/2026 3:56:05 AM,3,AME409,11,263067,AME409_PM2,P_78_GABON_B10_R3,02/27/2026 3:56:05 AM,3,,,,8PXMCVBG,FL78.31YBC_SNIP_DLP2295512-1_3247
D543525,591,GS4MH591JKD1,0.011075,0,0,0,0,0.003692,0,0,0.003692,0.147669,0,0,0,0.003692,0.003692,0.011075,0,,D5435250V,PXMG,02/27/2026 11:59:08 PM,BPD458,8M5CL,8M5CL,05/12/2026 6:49:10 PM,8M5CL,D1D,1,8185219,AME411,10,263067,AME411_PM1,P_78_GABON_B10_R3,02/27/2026 10:43:40 PM,5,AME411,10,263067,AME411_PM1,P_78_GABON_B10_R3,02/27/2026 10:43:40 PM,5,,,,8PXMCVBG,FL78.31YBC_SNIP_DLP2295512-1_3247
D543525,593,GS4MH593JKE2,0.003692,0,0,0,0.003692,0.003692,0.004061,0,0,0.176465,0,0,0,0.011075,0,0.018828,0,0,D5435250V,PXMG,02/27/2026 11:59:08 PM,BPD458,8M5CL,8M5CL,05/10/2026 2:03:32 AM,8M5CL,D1D,2,8185243,AME411,17,263067,AME411_PM1,P_78_GABON_B10_R3,02/27/2026 10:54:20 PM,8,AME411,17,263067,AME411_PM1,P_78_GABON_B10_R3,02/27/2026 10:54:20 PM,8,,,,8PXMCVBG,FL78.31YBC_SNIP_DLP2295512-1_3247
D543525,596,GS4MH596JKC2,0.003659,0,0,0,0,0.00988,0,0,0,0.216994,0,0,0,0.007319,0.003659,0.010978,0,0,D5435250V,PXMG,02/27/2026 11:59:08 PM,BPD458,8M5CL,8M5CL,05/10/2026 6:44:28 PM,8M5CL,D1D,3,8185201,AME411,6,263067,AME411_PM1,P_78_GABON_B10_R3,02/27/2026 10:40:07 PM,4,AME411,6,263067,AME411_PM1,P_78_GABON_B10_R3,02/27/2026 10:40:07 PM,4,,,,8PXMCVBG,FL78.31YBC_SNIP_DLP2295512-1_3247
D543525,598,GS4MH598JKD3,0.003659,0,0,0,0.010978,0,0,0,0,0.142711,0,0,0,0.010978,0.003659,0.014637,0,,D5435250V,PXMG,02/27/2026 11:59:08 PM,BPD458,8M5CL,8M5CL,05/13/2026 12:03:40 AM,8M5CL,D1D,4,8185263,AME411,22,263067,AME411_PM1,P_78_GABON_B10_R3,02/27/2026 11:05:00 PM,11,AME411,22,263067,AME411_PM1,P_78_GABON_B10_R3,02/27/2026 11:05:00 PM,11,,,,8PXMCVBG,FL78.31YBC_SNIP_DLP2295512-1_3247
D543555,95,GS4VR095JKD5,0.01206,0,0,0,0,0,0,0.01206,0,0.205691,0,0,0,0.005353,0.00603,0.00603,0.114567,0,D5435550,PXMG,03/07/2026 10:34:17 AM,BPD442,8M5CL,8M5CL,04/08/2026 2:12:26 PM,8M5CL,D1D,1,7526758,AME419,16,263067,AME419_PM3,P_78_GABON_B10_R3,03/07/2026 9:34:18 AM,7,AME419,16,263067,AME419_PM3,P_78_GABON_B10_R3,03/07/2026 9:34:18 AM,7,,,,8PXMCVBG,FL78.31YJC_SNIP_DLP2295515-1_4454
D543555,103,GS4VR103JKF3,0.007383,0,0,0,0,0.003692,0.003692,0,0,0.253806,0,0,0,0,0,0.011998,0,0,D5435550,PXMG,03/07/2026 10:34:17 AM,BPD442,8M5CL,8M5CL,05/19/2026 8:54:36 AM,8M5CL,D1D,2,7526741,AME419,19,263067,AME419_PM3,P_78_GABON_B10_R3,03/07/2026 9:41:33 AM,9,AME419,19,263067,AME419_PM3,P_78_GABON_B10_R3,03/07/2026 9:41:33 AM,9,,,,8PXMCVBG,FL78.31YJC_SNIP_DLP2295515-1_4454
D543555,104,GS4VR104JKC2,0,0,0,0,0,0,0,0,0,0.185402,0,0,0,0,0,0.026835,0,0,D5435550T,PXMG,03/07/2026 11:28:32 AM,BPD442,8M5CL,8M5CL,05/19/2026 6:23:46 AM,8M5CL,D1D,1,8223876,AME411,8,263067,AME411_PM1,P_78_GABON_B10_R3,03/07/2026 10:05:24 AM,4,AME411,8,263067,AME411_PM1,P_78_GABON_B10_R3,03/07/2026 10:05:24 AM,4,,,,8PXMCVBG,FL78.31YJC_SNIP_DLP2295515-1_4454
D543555,105,GS4VR105JKG4,0,0,0,0,0.007383,0,0.003692,0,0,0.121827,0,0,0,0.003692,0,0.02215,0.003692,,D5435550T,PXMG,03/07/2026 11:28:32 AM,BPD442,8M5CL,8M5CL,06/08/2026 2:25:29 AM,8M5CL,D1D,2,8223894,AME411,3,263067,AME411_PM1,P_78_GABON_B10_R3,03/07/2026 9:57:33 AM,2,AME411,3,263067,AME411_PM1,P_78_GABON_B10_R3,03/07/2026 9:57:33 AM,2,,,,8PXMCVBG,FL78.31YJC_SNIP_DLP2295515-1_4454
D543555,109,GS4VR109JKB3,0,0,0,0,0,0.011075,0.003692,0,0,0.10706,0,0,0,0.003692,0.003692,0.018459,0.007383,,D5435550T,PXMG,03/07/2026 11:28:32 AM,BPD442,8M5CL,8M5CL,05/19/2026 8:41:53 AM,8M5CL,D1D,3,8223895,AME411,20,263067,AME411_PM1,P_78_GABON_B10_R3,03/07/2026 10:32:55 AM,11,AME411,20,263067,AME411_PM1,P_78_GABON_B10_R3,03/07/2026 10:32:55 AM,11,,,,8PXMCVBG,FL78.31YJC_SNIP_DLP2295515-1_4454
D543555,111,GS4VR111JKB3,0,0,0,0,0,0.003692,0,0,0,0.158744,0,0,0,0.007383,0,0.003692,0.003692,,D5435550T,PXMG,03/07/2026 11:28:32 AM,BPD442,8M5CL,8M5CL,05/19/2026 4:11:03 AM,8M5CL,D1D,4,8223877,AME411,13,263067,AME411_PM1,P_78_GABON_B10_R3,03/07/2026 10:21:08 AM,8,AME411,13,263067,AME411_PM1,P_78_GABON_B10_R3,03/07/2026 10:21:08 AM,8,,,,8PXMCVBG,FL78.31YJC_SNIP_DLP2295515-1_4454
D543535,233,KJ4AD233WFE2,0,0,0,0,0.011075,0,0.007383,0,0,0.132902,0,0,0,0,0,0.014767,0.003692,,D5435350,PXMG,03/04/2026 3:53:03 PM,BPD454,8M5CL,8M5CL,05/06/2026 8:17:44 PM,8M5CL,D1D,1,7524438,AME417,24,263067,AME417_PM6,P_78_GABON_B10_R3,03/04/2026 11:27:37 AM,12,AME417,24,263067,AME417_PM6,P_78_GABON_B10_R3,03/04/2026 11:27:37 AM,12,,,,8PXMCVBG,FL78.31YBC_SNIP_DLP2295512-1_3247
D543535,234,KJ4AD234WFB1,0,0,0,0,0.004208,0,0,0,0,0.226325,0,0,0,0,0.003659,0.003659,0,0,D5435350,PXMG,03/04/2026 3:53:03 PM,BPD454,8M5CL,8M5CL,05/06/2026 7:06:55 PM,8M5CL,D1D,2,7524506,AME417,3,263067,AME417_PM5,P_78_GABON_B10_R3,03/04/2026 10:51:03 AM,2,AME417,3,263067,AME417_PM5,P_78_GABON_B10_R3,03/04/2026 10:51:03 AM,2,,,,8PXMCVBG,FL78.31YBC_SNIP_DLP2295512-1_3247
D543540,241,KJ40T241WFG7,0,0,0,0,0.014767,0.003692,0.007383,0,0,0.088601,0,0,0,0.003692,0.003692,0.003692,0,,D5435400,PXMG,03/04/2026 9:29:09 PM,BPD458,8M5CL,8M5CL,05/23/2026 7:15:29 PM,8M5CL,D1D,1,7524917,AME423,13,263067,AME423_PM5,P_78_GABON_B10_R3,03/04/2026 6:53:30 PM,7,AME423,13,263067,AME423_PM5,P_78_GABON_B10_R3,03/04/2026 6:53:30 PM,7,,,,8PXMCVBG,FL78.31YBC_SNIP_DLP2295512-1_3247
D543540,256,KJ40T256WFD1,0,0,0,0,0.040252,0.006587,0.007319,0,0,0.228337,0,0,0,0,0.006587,0.029274,0,0,D5435400,PXMG,03/04/2026 9:29:09 PM,BPD458,8M5CL,8M5CL,05/24/2026 1:00:54 AM,8M5CL,D1D,2,7524996,AME423,6,263067,AME423_PM6,P_78_GABON_B10_R3,03/04/2026 6:37:24 PM,3,AME423,6,263067,AME423_PM6,P_78_GABON_B10_R3,03/04/2026 6:37:24 PM,3,,,,8PXMCVBG,FL78.31YBC_SNIP_DLP2295512-1_3247
D543569,203,A1SUA203SLB7,0,0,0,0,0.003692,0.007383,0,0,0,0.19197,0,0,0,0,0,0.003692,0,0,D5435690S,PXMG,03/01/2026 12:51:40 PM,BPD450,8M5CL,8M5CL,05/17/2026 10:47:51 AM,8M5CL,D1D,1,8192621,AME411,9,263067,AME411_PM1,P_78_GABON_B10_R3,03/01/2026 11:38:10 AM,6,AME411,9,263067,AME411_PM1,P_78_GABON_B10_R3,03/01/2026 11:38:10 AM,6,,,,8PXMCVBG,FL78.31YJC_SNIP_DLP2295515-1_4454
D543569,205,A1SUA205SLD0,0.003692,0,0,0,0,0.007383,0.011998,0,0,0.224272,0,0.003692,0,0.003692,0.007383,0.007383,0.003692,0,D5435690S,PXMG,03/01/2026 12:51:40 PM,BPD450,8M5CL,8M5CL,06/30/2026 1:19:51 PM,8M5CL,D1D,2,8192660,AME411,14,263067,AME411_PM1,P_78_GABON_B10_R3,03/01/2026 11:52:35 AM,10,AME411,14,263067,AME411_PM1,P_78_GABON_B10_R3,03/01/2026 11:52:35 AM,10,,,,8PXMCVBG,FL78.31YJC_SNIP_DLP2295515-1_4454
D543569,208,A1SUA208SLB0,0,0,0,0,0,0.034667,0.003852,0,0,0.180478,0,0,0,0.004025,0,0.003852,0,0,D5435690S,PXMG,03/01/2026 12:51:40 PM,BPD450,8M5CL,8M5CL,05/17/2026 12:38:02 PM,8M5CL,D1D,3,8192671,AME411,7,263067,AME411_PM1,P_78_GABON_B10_R3,03/01/2026 11:30:27 AM,4,AME411,7,263067,AME411_PM1,P_78_GABON_B10_R3,03/01/2026 11:30:27 AM,4,,,,8PXMCVBG,FL78.31YJC_SNIP_DLP2295515-1_4454
D543569,211,A1SUA211SLF2,0.022335,0,0,0.003692,0.003692,0.011075,0,0,0,0.232394,0,0,0,0,0.003692,0,0.003692,0,D5435690S,PXMG,03/01/2026 12:51:40 PM,BPD450,8M5CL,8M5CL,05/17/2026 11:55:48 AM,8M5CL,D1D,4,8192619,AME411,5,263067,AME411_PM1,P_78_GABON_B10_R3,03/01/2026 11:26:15 AM,3,AME411,5,263067,AME411_PM1,P_78_GABON_B10_R3,03/01/2026 11:26:15 AM,3,,,,8PXMCVBG,FL78.31YJC_SNIP_DLP2295515-1_4454
D542435,99,KJ39G099WFE2,0,0,0,0,0,0.003692,0,0,0,0.169819,0,0,0,0,0,0,0,,D5424350,PXMG,03/01/2026 2:30:42 AM,BPD448,8M5CL,8M5CL,05/17/2026 10:24:35 AM,8M5CL,D1D,1,7484852,AME409,4,263067,AME409_PM1,P_78_GABON_B10_R3,03/01/2026 1:36:56 AM,2,AME409,4,263067,AME409_PM1,P_78_GABON_B10_R3,03/01/2026 1:36:56 AM,2,,,,8PXMCVAG,FL78.31YJC_SNIP_DLP2158825-1_23959
D542435,145,KJ39G145WFA6,0,0,0,0,0.003692,0.003692,0.003692,0,0,0.136594,0,0,0,0.007383,0.003692,0.007383,0,,D5424350,PXMG,03/01/2026 2:30:42 AM,BPD448,8M5CL,8M5CL,05/17/2026 8:37:50 AM,8M5CL,D1D,2,7484679,AME409,19,263067,AME409_PM1,P_78_GABON_B10_R3,03/01/2026 1:51:34 AM,6,AME409,19,263067,AME409_PM1,P_78_GABON_B10_R3,03/01/2026 1:51:34 AM,6,,,,8PXMCVAG,FL78.31YJC_SNIP_DLP2158825-1_23959
D543569,201,A1SUA201SLA6,0.003692,0,0,0,0,0.003692,0,0,0,0.118135,0,0,0,0.003692,0,0.003692,0,,D5435690,PXMG,03/01/2026 8:17:06 AM,BPD448,8M5CL,8M5CL,06/30/2026 1:18:08 PM,8M5CL,D1D,1,7528771,AME411,4,263067,AME411_PM4,P_78_GABON_B10_R3,03/01/2026 7:04:37 AM,2,AME411,4,263067,AME411_PM4,P_78_GABON_B10_R3,03/01/2026 7:04:37 AM,2,,,,8PXMCVBG,FL78.31YJC_SNIP_DLP2295515-1_4454
D543569,202,A1SUA202SLF0,0,0,0,0,0,0.003659,0,0,0,0.142711,0,0,0,0,0,0.010978,0,,D5435690,PXMG,03/01/2026 8:17:06 AM,BPD448,8M5CL,8M5CL,04/08/2026 2:13:33 PM,8M5CL,D1D,2,7528903,AME411,23,263067,AME411_PM4,P_78_GABON_B10_R3,03/01/2026 7:19:27 AM,6,AME411,23,263067,AME411_PM4,P_78_GABON_B10_R3,03/01/2026 7:19:27 AM,6,,,,8PXMCVBG,FL78.31YJC_SNIP_DLP2295515-1_4454
D542435,150,KJ39G150WFG1,0,0,0.003659,0,0,0.007319,0.010978,0,0,0.230533,0,0,0,0,0.003659,0.007319,0.003659,0,D5424350V,PXMG,03/01/2026 2:35:53 AM,BPD450,8M5CL,8M5CL,05/17/2026 3:14:03 AM,8M5CL,D1D,1,8190573,AME411,20,263067,AME411_PM1,P_78_GABON_B10_R3,03/01/2026 1:16:08 AM,9,AME411,20,263067,AME411_PM1,P_78_GABON_B10_R3,03/01/2026 1:16:08 AM,9,,,,8PXMCVAG,FL78.31YJC_SNIP_DLP2158825-1_23959
D542435,200,KJ39G200WFE7,0,0,0,0,0.003659,0,0.003659,0,0,0.135392,0,0,0,0,0.003659,0.010978,0,,D5424350V,PXMG,03/01/2026 2:35:53 AM,BPD450,8M5CL,8M5CL,05/17/2026 2:04:52 AM,8M5CL,D1D,2,8190560,AME411,16,263067,AME411_PM1,P_78_GABON_B10_R3,03/01/2026 1:04:40 AM,6,AME411,16,263067,AME411_PM1,P_78_GABON_B10_R3,03/01/2026 1:04:40 AM,6,,,,8PXMCVAG,FL78.31YJC_SNIP_DLP2158825-1_23959
D542435,292,KJ3LD292WFG4,0,0,0,0,0.003659,0,0.003659,0,0,0.120755,0,0,0,0,0.003659,0.010978,0,,D5424350V,PXMG,03/01/2026 2:35:53 AM,BPD450,8M5CL,8M5CL,05/17/2026 5:50:37 AM,8M5CL,D1D,3,8190536,AME411,7,263067,AME411_PM1,P_78_GABON_B10_R3,03/01/2026 12:50:23 AM,2,AME411,7,263067,AME411_PM1,P_78_GABON_B10_R3,03/01/2026 12:50:23 AM,2,,,,8PXMCVAG,FL78.31YJC_SNIP_DLP2158825-1_23959
D542435,315,KJ3LD315WFE4,0,0,0,0,0.007383,0.003692,0,0,0,0.118135,0,0,0,0.003692,0,0.011075,0,,D5424350V,PXMG,03/01/2026 2:35:53 AM,BPD450,8M5CL,8M5CL,05/17/2026 8:34:41 AM,8M5CL,D1D,4,8190500,AME411,13,263067,AME411_PM1,P_78_GABON_B10_R3,03/01/2026 12:57:30 AM,4,AME411,13,263067,AME411_PM1,P_78_GABON_B10_R3,03/01/2026 12:57:30 AM,4,,,,8PXMCVAG,FL78.31YJC_SNIP_DLP2158825-1_23959
D542474,43,A20HR043SLE6,0,0.003692,0,0,0.006461,0,0.011075,0,0,0.248269,0,0,0,0,0,0.014767,0.003692,0,D5424740,PXMG,03/07/2026 10:51:37 PM,BPD454,8M5CL,8M5CL,05/02/2026 5:37:06 PM,8M5CL,D1D,1,7491832,AME409,13,263067,AME409_PM3,P_78_GABON_B10_R3,03/07/2026 9:49:01 PM,7,AME409,13,263067,AME409_PM3,P_78_GABON_B10_R3,03/07/2026 9:49:01 PM,7,,,,8PXMCVAG,FL78.31YBC_SNIP_DLP2203458-1_17123
D542474,111,A20X4111SLD7,0,0,0,0,0.010521,0,0.003692,0,0,0.215228,0,0,0,0.003692,0.00683,0.014767,0,0,D5424740,PXMG,03/07/2026 10:51:37 PM,BPD454,8M5CL,8M5CL,05/03/2026 12:47:43 PM,8M5CL,D1D,2,7491881,AME409,14,263067,AME409_PM4,P_78_GABON_B10_R3,03/07/2026 9:49:01 PM,7,AME409,14,263067,AME409_PM4,P_78_GABON_B10_R3,03/07/2026 9:49:01 PM,7,,,,8PXMCVAG,FL78.31YBC_SNIP_DLP2203458-1_17123
D542487,204,GT1WK204JKD6,0.006038,0,0,0,0,0.003659,0,0,0,0.370865,0,0,0,0,0,0.003659,0,0,D5424870,PXMG,03/13/2026 7:27:56 AM,BPD454,8M5CL,8M5CL,05/23/2026 8:40:23 PM,8M5CL,D1D,1,7495885,AME403,16,263067,AME403_PM1,P_78_GABON_B10_R3,03/13/2026 6:17:48 AM,8,AME403,16,263067,AME403_PM1,P_78_GABON_B10_R3,03/13/2026 6:17:48 AM,8,,,,8PXMCVAG,FL78.31YBC_SNIP_DLP2203458-1_17123
D542487,205,GT1WK205JKA5,0,0,0,0,0,0,0,0,0,0.217812,0,0,0,0.003692,0,0,0,0,D5424870,PXMG,03/13/2026 7:27:56 AM,BPD454,8M5CL,8M5CL,05/24/2026 12:52:52 AM,8M5CL,D1D,2,7495837,AME403,15,263067,AME403_PM2,P_78_GABON_B10_R3,03/13/2026 6:13:41 AM,7,AME403,15,263067,AME403_PM2,P_78_GABON_B10_R3,03/13/2026 6:13:41 AM,7,,,,8PXMCVAG,FL78.31YBC_SNIP_DLP2203458-1_17123
D542EAR,86,KJ40Y086WFF4,0,0,0,0,0,0.005273,0,0,0,0.379645,0,0,0,0,0,0.005273,0,,D542EAR0,X78E,03/11/2026 8:59:16 PM,BPD442,8M5CL,8M5CL,04/08/2026 2:11:28 PM,8M5CL,D1D,1,7514323,AME403,1,263067,AME403_PM3,P_78_GABON_B10_R3,03/11/2026 1:46:02 PM,1,AME403,1,263067,AME403_PM3,P_78_GABON_B10_R3,03/11/2026 1:46:02 PM,1,,,,1X78EVA,FL78.3HXXC_SNIP_DLP2238916-1_15724
D542EAR,106,KJ40Y106WFF4,0,0,0,0,0,0.005273,0,0,0,0.348008,0,0,0,0.005273,0,0,0,,D542EAR0,X78E,03/11/2026 8:59:16 PM,BPD442,8M5CL,8M5CL,05/29/2026 6:42:12 AM,8M5CL,D1D,2,7514340,AME403,10,263067,AME403_PM3,P_78_GABON_B10_R3,03/11/2026 1:53:36 PM,3,AME403,10,263067,AME403_PM3,P_78_GABON_B10_R3,03/11/2026 1:53:36 PM,3,,,,1X78EVA,FL78.3HXXC_SNIP_DLP2238916-1_15724
D542EAR,109,KJ40Y109WFD4,0,0,0,0,0,0,0,0,0,0.439,0,0,0,0,0,0,0,,D542EAR0,X78E,03/11/2026 8:59:16 PM,BPD442,8M5CL,8M5CL,04/08/2026 2:11:21 PM,8M5CL,D1D,3,7514290,AME403,15,263067,AME403_PM4,P_78_GABON_B10_R3,03/11/2026 1:53:36 PM,3,AME403,15,263067,AME403_PM4,P_78_GABON_B10_R3,03/11/2026 1:53:36 PM,3,,,,1X78EVA,FL78.3HXXC_SNIP_DLP2238916-1_15724
D542473,254,GT1WK254JKE1,0.003659,0,0,0,0.007319,0.007319,0,0,0,0.091481,0,0,0,0.003659,0,0.018296,0,,D5424730,PXMG,03/14/2026 9:01:50 AM,BPD436,8M5CL,8M5CL,05/20/2026 12:42:16 PM,8M5CL,D1D,1,7491744,AME421,8,263067,AME421_PM6,P_78_GABON_B10_R3,03/14/2026 6:59:40 AM,8,AME421,8,263067,AME421_PM6,P_78_GABON_B10_R3,03/14/2026 6:59:40 AM,8,,,,8PXMCVAG,FL78.31YBC_SNIP_DLP2203458-1_17123
D542473,255,GT1WK255JKB0,0.003692,0,0,0,0.033226,0.009414,0.011075,0,0,0.189939,0,0,0,0.014767,0,0.007383,0,0,D5424730,PXMG,03/14/2026 9:01:50 AM,BPD436,8M5CL,8M5CL,04/08/2026 2:10:53 PM,8M5CL,D1D,2,7491709,AME421,7,263067,AME421_PM6,P_78_GABON_B10_R3,03/14/2026 6:56:01 AM,7,AME421,7,263067,AME421_PM6,P_78_GABON_B10_R3,03/14/2026 6:56:01 AM,7,,,,8PXMCVAG,FL78.31YBC_SNIP_DLP2203458-1_17123
D543547,84,A21SR084SLC7,0,0,0,0,0,0.037638,0,0.007319,0,0.240465,0,0,0,0,0,0.007319,0.003659,0,D5435470,PXMG,03/25/2026 9:50:12 PM,BPD444,8M5CL,8M5CL,06/08/2026 12:55:30 PM,8M5CL,D1D,1,7525803,AME411,4,263067,AME411_PM1,P_78_GABON_B10_R3,03/25/2026 7:58:32 PM,4,AME411,4,263067,AME411_PM1,P_78_GABON_B10_R3,03/25/2026 7:58:32 PM,4,,,,8PXMCVBG,FL78.31YBC_SNIP_DLP2295512-1_3247
D543547,85,A21SR085SLH1,0,0,0,0,0,0,0.003692,0,0,0.228887,0,0,0,0.011075,0,0.02215,0,,D5435470,PXMG,03/25/2026 9:50:12 PM,BPD444,8M5CL,8M5CL,06/07/2026 6:08:33 AM,8M5CL,D1D,2,7525680,AME411,3,263067,AME411_PM1,P_78_GABON_B10_R3,03/25/2026 7:54:59 PM,3,AME411,3,263067,AME411_PM1,P_78_GABON_B10_R3,03/25/2026 7:54:59 PM,3,,,,8PXMCVBG,FL78.31YBC_SNIP_DLP2295512-1_3247
D542457,314,GT0MD314JKC3,0,0,0,0,0.003659,0,0.007319,0,0,0.230533,0,0,0,0.007319,0.003659,0.014637,0,0,D5424570,PXMG,04/03/2026 3:58:47 AM,BPD454,8M5CL,8M5CL,07/14/2026 9:28:32 AM,8M5CL,D1D,1,7490097,AME411,12,263067,AME411_PM1,P_78_GABON_B10_R3,04/03/2026 1:30:54 AM,11,AME411,12,263067,AME411_PM1,P_78_GABON_B10_R3,04/03/2026 1:30:54 AM,11,,,,8PXMCVAG,FL78.31YBC_SNIP_DLP2203458-1_17123
D542457,315,GT0MD315JKG5,0,0,0,0,0,0.007383,0,0,0,0.251037,0,0,0,0.003692,0.003692,0.007383,0,0,D5424570,PXMG,04/03/2026 3:58:47 AM,BPD454,8M5CL,8M5CL,07/26/2026 11:17:02 AM,8M5CL,D1D,2,7490096,AME411,7,263067,AME411_PM1,P_78_GABON_B10_R3,04/03/2026 1:13:11 AM,6,AME411,7,263067,AME411_PM1,P_78_GABON_B10_R3,04/03/2026 1:13:11 AM,6,,,,8PXMCVAG,FL78.31YBC_SNIP_DLP2203458-1_17123
D543561,730,GS4VS730JKB2,0,0.003659,0,0,0.003659,0.066232,0,0,0,0.189915,0,0,0,0.014637,0,0.007319,0,0,D5435610,PXMG,04/03/2026 1:23:37 AM,BPD450,8M5CL,8M5CL,06/22/2026 8:43:33 AM,8M5CL,D1D,1,7526959,AME411,12,263067,AME411_PM1,P_78_GABON_B10_R3,04/02/2026 11:16:57 PM,12,AME411,12,263067,AME411_PM1,P_78_GABON_B10_R3,04/02/2026 11:16:57 PM,12,,,,8PXMCVBG,FL78.31YJC_SNIP_DLP2295515-1_4454
D543561,751,GS4VS751JKH1,0,0,0,0,0,0.011075,0.003692,0,0,0.162436,0,0,0,0.003692,0,0.02215,0,,D5435610,PXMG,04/03/2026 1:23:37 AM,BPD450,8M5CL,8M5CL,07/26/2026 12:15:23 PM,8M5CL,D1D,2,7527030,AME411,23,263067,AME411_PM1,P_78_GABON_B10_R3,04/02/2026 11:52:21 PM,22,AME411,23,263067,AME411_PM1,P_78_GABON_B10_R3,04/02/2026 11:52:21 PM,22,,,,8PXMCVBG,FL78.31YJC_SNIP_DLP2295515-1_4454
D543539,16,KJ39G016WFH1,0,0,0,0,0.003659,0.007319,0.007319,0,0,0.117096,0,0,0,0.007319,0,0.040252,0,,D5435390,PXMG,04/05/2026 10:28:20 PM,BPD454,8M5CL,8M5CL,06/18/2026 10:01:03 AM,8M5CL,D1D,1,7524746,AME417,20,263067,AME417_PM6,P_78_GABON_B10_R3,04/05/2026 9:34:59 PM,9,AME417,20,263067,AME417_PM6,P_78_GABON_B10_R3,04/05/2026 9:34:59 PM,9,,,,8PXMCVBG,FL78.31YBC_SNIP_DLP2295512-1_3247
D543539,21,KJ39G021WFF1,0,0,0,0,0.003692,0,0.003692,0,0,0.103368,0,0,0,0.011075,0.003692,0.033226,0,,D5435390,PXMG,04/05/2026 10:28:20 PM,BPD454,8M5CL,8M5CL,06/18/2026 7:02:40 AM,8M5CL,D1D,2,7524703,AME417,11,263067,AME417_PM6,P_78_GABON_B10_R3,04/05/2026 9:20:22 PM,5,AME417,11,263067,AME417_PM6,P_78_GABON_B10_R3,04/05/2026 9:20:22 PM,5,,,,8PXMCVBG,FL78.31YBC_SNIP_DLP2295512-1_3247
D547939,26,GT3FY026JKD1,0.003659,0,0,0,0,0.003659,0.003659,0,0,0.1976,0,0,0,0.007319,0,0.014637,0.014637,,D5479390,PXMG,02/18/2026 1:06:02 PM,BPD448,8M5CL,8M5CL,07/02/2026 3:01:52 PM,8M5CL,D1D,1,7698966,AME427,20,263067,AME427_PM4,P_78_GABON_B10_R3,02/18/2026 1:21:17 AM,6,AME427,20,263067,AME427_PM4,P_78_GABON_B10_R3,02/18/2026 1:21:17 AM,6,,,,8PXMCVBG,FL78.31YBC_SNIP_DLP2333829-1_898
D547939,27,GT3FY027JKA0,0.011075,0,0,0,0.007383,0,0,0,0,0.199353,0,0,0,0.003692,0.003692,0.007383,0.007383,,D5479390,PXMG,02/18/2026 1:06:02 PM,BPD448,8M5CL,8M5CL,07/02/2026 2:58:03 PM,8M5CL,D1D,2,7698943,AME427,15,263067,AME427_PM4,P_78_GABON_B10_R3,02/18/2026 1:14:18 AM,4,AME427,15,263067,AME427_PM4,P_78_GABON_B10_R3,02/18/2026 1:14:18 AM,4,,,,8PXMCVBG,FL78.31YBC_SNIP_DLP2333829-1_898
D547940,12,KJ6GQ012WFE5,0.003659,0,0,0,0,0,0.003659,0,0,0.113437,0,0,0,0,0,0.010978,0,,D5479400,PXMG,02/18/2026 4:07:48 AM,BPD446,8M5CL,8M5CL,05/04/2026 11:50:00 PM,8M5CL,D1D,1,7698882,AME427,13,263067,AME427_PM4,P_78_GABON_B10_R3,02/17/2026 7:58:55 PM,4,AME427,13,263067,AME427_PM4,P_78_GABON_B10_R3,02/17/2026 7:58:55 PM,4,,,,8PXMCVBG,FL78.31YBC_SNIP_DLP2333831-1_899
D547940,14,KJ6GQ014WFF6,0.003659,0,0,0,0,0.003659,0.003659,0,0,0.17874,0,0,0,0,0,0.007881,0,0,D5479400,PXMG,02/18/2026 4:07:48 AM,BPD446,8M5CL,8M5CL,05/05/2026 1:43:45 AM,8M5CL,D1D,2,7698917,AME427,22,263067,AME427_PM4,P_78_GABON_B10_R3,02/17/2026 8:02:26 PM,5,AME427,22,263067,AME427_PM4,P_78_GABON_B10_R3,02/17/2026 8:02:26 PM,5,,,,8PXMCVBG,FL78.31YBC_SNIP_DLP2333831-1_899
D547939,39,GT3FY039JKF5,0.007383,0,0,0,0,0,0,0,0,0.254729,0,0,0.011075,0.003692,0,0.003692,0.007383,0,D547939A,PXMG,02/16/2026 8:07:11 PM,BPD444,8M5CL,8M5CL,04/11/2026 12:20:33 PM,8M5CL,D1D,1,7968589,AME421,24,263067,AME421_PM4,P_78_GABON_B10_R3,02/16/2026 5:44:24 PM,7,AME421,24,263067,AME421_PM4,P_78_GABON_B10_R3,02/16/2026 5:44:24 PM,7,,,,8PXMCVBG,FL78.31YBC_SNIP_DLP2333829-1_898
D547939,40,GT3FY040JKB3,0.003659,0,0,0,0,0.003659,0,0,0,0.347629,0,0,0,0,0.003659,0.003659,0,0,D547939A,PXMG,02/16/2026 8:07:11 PM,BPD444,8M5CL,8M5CL,04/11/2026 3:36:13 PM,8M5CL,D1D,2,7968584,AME421,16,263067,AME421_PM4,P_78_GABON_B10_R3,02/16/2026 8:19:11 AM,1,AME421,16,263067,AME421_PM4,P_78_GABON_B10_R3,02/16/2026 8:19:11 AM,1,,,,8PXMCVBG,FL78.31YBC_SNIP_DLP2333829-1_898
D549598,503,KJ6GT503WFB1,0,0,0,0,0.014767,0.003692,0,0,0,0.247346,0,0,0,0.003692,0,0.003692,0,0,D5495980,PXMG,02/26/2026 3:37:04 AM,BPD448,8M5CL,8M5CL,04/09/2026 3:04:39 PM,8M5CL,D1D,1,7738679,AME411,5,263067,AME411_PM1,P_78_GABON_B10_R3,02/26/2026 1:37:48 AM,5,AME411,5,263067,AME411_PM1,P_78_GABON_B10_R3,02/26/2026 1:37:48 AM,5,,,,8PXMCVBG,FL78.31YJC_SNIP_DLP2295515-1_12491
D549598,510,KJ6GT510WFA2,0,0,0,0,0,0.003659,0,0,0,0.168326,0,0,0,0.003659,0,0,0,,D5495980,PXMG,02/26/2026 3:37:04 AM,BPD448,8M5CL,8M5CL,06/07/2026 5:44:31 PM,8M5CL,D1D,2,7738743,AME411,2,263067,AME411_PM1,P_78_GABON_B10_R3,02/26/2026 1:27:09 AM,2,AME411,2,263067,AME411_PM1,P_78_GABON_B10_R3,02/26/2026 1:27:09 AM,2,,,,8PXMCVBG,FL78.31YJC_SNIP_DLP2295515-1_12491
D548507,685,GT5JD685JKG3,0,0,0,0,0.007383,0,0,0,0,0.221504,0,0,0,0,0,0.011075,0,0,D5485070,PXMG,02/26/2026 4:03:04 PM,BPD448,8M5CL,8M5CL,05/03/2026 1:07:55 PM,8M5CL,D1D,1,7703672,AME403,24,263067,AME403_PM6,P_78_GABON_B10_R3,02/26/2026 2:18:41 PM,12,AME403,24,263067,AME403_PM6,P_78_GABON_B10_R3,02/26/2026 2:18:41 PM,12,,,,8PXMCVBG,FL78.31YJC_SNIP_DLP2295515-1_12101
D548507,704,GT5JD704JKC1,0,0,0,0,0.007319,0.003659,0.007319,0,0,0.201259,0,0,0,0,0,0.007319,0.003659,,D5485070,PXMG,02/26/2026 4:03:04 PM,BPD448,8M5CL,8M5CL,05/01/2026 11:01:24 PM,8M5CL,D1D,2,7703685,AME403,23,263067,AME403_PM5,P_78_GABON_B10_R3,02/26/2026 2:18:40 PM,12,AME403,23,263067,AME403_PM5,P_78_GABON_B10_R3,02/26/2026 2:18:40 PM,12,,,,8PXMCVBG,FL78.31YJC_SNIP_DLP2295515-1_12101
D548507,706,GT5JD706JKD2,0,0,0,0,0,0,0,0,0,0.318355,0,0,0,0,0,0.007319,0,0,D5485070,PXMG,02/26/2026 4:03:04 PM,BPD448,8M5CL,8M5CL,05/03/2026 1:09:49 PM,8M5CL,D1D,3,7703611,AME403,22,263067,AME403_PM6,P_78_GABON_B10_R3,02/26/2026 2:15:04 PM,11,AME403,22,263067,AME403_PM6,P_78_GABON_B10_R3,02/26/2026 2:15:04 PM,11,,,,8PXMCVBG,FL78.31YJC_SNIP_DLP2295515-1_12101
D548507,723,GT5JD723JKG7,0,0,0,0,0,0,0.007383,0,0,0.19197,0,0,0,0,0,0.007383,0,0,D5485070,PXMG,02/26/2026 4:03:04 PM,BPD448,8M5CL,8M5CL,07/01/2026 11:57:38 AM,8M5CL,D1D,4,7703607,AME403,21,263067,AME403_PM5,P_78_GABON_B10_R3,02/26/2026 2:15:04 PM,11,AME403,21,263067,AME403_PM5,P_78_GABON_B10_R3,02/26/2026 2:15:04 PM,11,,,,8PXMCVBG,FL78.31YJC_SNIP_DLP2295515-1_12101
D549601,495,KJ6GR495WFG0,0.003692,0,0,0,0,0.003692,0.003692,0,0,0.310105,0,0,0,0.003692,0,0.007383,0,0,D5496010,PXMG,02/24/2026 12:51:47 PM,BPD446,8M5CL,8M5CL,05/04/2026 8:54:08 AM,8M5CL,D1D,1,7738796,AME411,4,263067,AME411_PM1,P_78_GABON_B10_R3,02/24/2026 7:54:02 AM,4,AME411,4,263067,AME411_PM1,P_78_GABON_B10_R3,02/24/2026 7:54:02 AM,4,,,,8PXMCVBG,FL78.31YJC_SNIP_DLP2295515-1_12491
D549601,506,KJ6GR506WFF6,0,0,0,0,0.003659,0,0,0,0,0.369584,0,0,0.003659,0.003659,0,0.007319,0,0,D5496010,PXMG,02/24/2026 12:51:47 PM,BPD446,8M5CL,8M5CL,05/04/2026 12:45:35 AM,8M5CL,D1D,2,7738735,AME411,19,263067,AME411_PM1,P_78_GABON_B10_R3,02/24/2026 8:48:49 AM,18,AME411,19,263067,AME411_PM1,P_78_GABON_B10_R3,02/24/2026 8:48:49 AM,18,,,,8PXMCVBG,FL78.31YJC_SNIP_DLP2295515-1_12491
D548949,582,KJ69H582WFB1,0.003659,0,0,0,0,0,0.003659,0,0,0.49034,0,0,0,0,0,0.025615,0,0,D5489490AB,PXMG,02/23/2026 1:41:01 AM,BPD450,8M5CL,8M5CL,02/23/2026 7:36:04 AM,8M5CL,D1D,1,8159353,AME419,8,263067,AME419_PM3,P_78_GABON_B10_R3,02/23/2026 12:13:54 AM,2,AME419,8,263067,AME419_PM3,P_78_GABON_B10_R3,02/23/2026 12:13:54 AM,2,,,,8PXMCVBG,FL78.31YBC_SNIP_DLP2339617-1_1
D548949,598,KJ69H598WFB5,0,0,0,0,0,0.016179,0,0,0,0.565525,0,0,0,0,0,0.007396,0.003698,0,D5489490AB,PXMG,02/23/2026 1:41:01 AM,BPD450,8M5CL,8M5CL,02/23/2026 7:50:19 AM,8M5CL,D1D,2,8159341,AME419,7,263067,AME419_PM4,P_78_GABON_B10_R3,02/23/2026 12:10:21 AM,1,AME419,7,263067,AME419_PM4,P_78_GABON_B10_R3,02/23/2026 12:10:21 AM,1,,,,8PXMCVBG,FL78.31YBC_SNIP_DLP2339617-1_1
D548949,614,KJ69H614WFG6,0,0,0,0,0,0.003659,0,0,0,0.372329,0,0.004574,0,0.008233,0,0.032018,0.007319,0,D5489490AB,PXMG,02/23/2026 1:41:01 AM,BPD450,8M5CL,8M5CL,02/23/2026 7:49:08 AM,8M5CL,D1D,3,8159391,AME419,24,263067,AME419_PM4,P_78_GABON_B10_R3,02/23/2026 12:13:54 AM,2,AME419,24,263067,AME419_PM4,P_78_GABON_B10_R3,02/23/2026 12:13:54 AM,2,,,,8PXMCVBG,FL78.31YBC_SNIP_DLP2339617-1_1
D548949,624,KJ69H624WFD7,0,0,0,0,0,0.007319,0.003659,0,0,0.676961,0,0,0,0.010978,0,0.010978,0,0,D5489490AB,PXMG,02/23/2026 1:41:01 AM,BPD450,8M5CL,8M5CL,02/23/2026 7:49:17 AM,8M5CL,D1D,4,8159374,AME419,3,263067,AME419_PM3,P_78_GABON_B10_R3,02/23/2026 12:10:21 AM,1,AME419,3,263067,AME419_PM3,P_78_GABON_B10_R3,02/23/2026 12:10:21 AM,1,,,,8PXMCVBG,FL78.31YBC_SNIP_DLP2339617-1_1
D548949,359,KJ6GP359WFF1,0,0,0,0,0,0,0,0,0,0.498383,0,0,0,0.007383,0.003692,0.003692,0,0,D5489490,PXMG,02/23/2026 2:15:58 AM,BPD444,8M5CL,8M5CL,05/06/2026 6:35:41 PM,8M5CL,D1D,1,7736252,AME419,12,263067,AME419_PM3,P_78_GABON_B10_R3,02/23/2026 12:40:04 AM,2,AME419,12,263067,AME419_PM3,P_78_GABON_B10_R3,02/23/2026 12:40:04 AM,2,,,,8PXMCVBG,FL78.31YBC_SNIP_DLP2339617-1_1
D548949,501,KJ69H501WFF1,0.003692,0,0,0,0.003692,0,0,0,0,0.81218,0,0,0,0.003692,0.003692,0.007383,0.011075,0,D5489490,PXMG,02/23/2026 2:15:58 AM,BPD444,8M5CL,8M5CL,05/06/2026 5:35:37 PM,8M5CL,D1D,2,7736370,AME419,19,263067,AME419_PM4,P_78_GABON_B10_R3,02/23/2026 12:43:37 AM,3,AME419,19,263067,AME419_PM4,P_78_GABON_B10_R3,02/23/2026 12:43:37 AM,3,,,,8PXMCVBG,FL78.31YBC_SNIP_DLP2339617-1_1
D548949,502,KJ69H502WFC0,0,0,0,0,0.003659,0.003659,0.003659,0,0,0.420814,0,0,0,0.007319,0,0.003659,0,0,D5489490,PXMG,02/23/2026 2:15:58 AM,BPD444,8M5CL,8M5CL,05/06/2026 8:08:50 PM,8M5CL,D1D,3,7736269,AME419,4,263067,AME419_PM3,P_78_GABON_B10_R3,02/23/2026 12:36:30 AM,1,AME419,4,263067,AME419_PM3,P_78_GABON_B10_R3,02/23/2026 12:36:30 AM,1,,,,8PXMCVBG,FL78.31YBC_SNIP_DLP2339617-1_1
D548949,522,KJ69H522WFD5,0,0,0,0,0.007404,0.003702,0,0,0,0.544888,0,0,0,0,0,0,0.018509,0,D5489490,PXMG,02/23/2026 2:15:58 AM,BPD444,8M5CL,8M5CL,05/06/2026 5:09:22 PM,8M5CL,D1D,4,7736342,AME419,21,263067,AME419_PM4,P_78_GABON_B10_R3,02/23/2026 12:47:11 AM,4,AME419,21,263067,AME419_PM4,P_78_GABON_B10_R3,02/23/2026 12:47:11 AM,4,,,,8PXMCVBG,FL78.31YBC_SNIP_DLP2339617-1_1
D548522,18,A22WG018SLF4,0,0,0,0,0.003659,0,0,0,0,0.431792,0,0,0,0.003659,0.003659,0,0,0,D5485220,PXMG,02/28/2026 4:22:40 AM,BPD454,8M5CL,8M5CL,04/06/2026 9:21:24 PM,8M5CL,D1D,1,7708800,AME421,5,263067,AME421_PM6,P_78_GABON_B10_R3,02/28/2026 2:29:06 AM,5,AME421,5,263067,AME421_PM6,P_78_GABON_B10_R3,02/28/2026 2:29:06 AM,5,,,,8PXMCVBG,FL78.31YJC_SNIP_DLP2295515-1_12101
D548522,19,A22WG019SLC3,0.007383,0,0,0,0,0,0,0,0,0.302722,0,0,0,0,0,0.007383,0,0,D5485220,PXMG,02/28/2026 4:22:40 AM,BPD454,8M5CL,8M5CL,04/06/2026 11:45:00 AM,8M5CL,D1D,2,7708909,AME421,14,263067,AME421_PM6,P_78_GABON_B10_R3,02/28/2026 3:00:50 AM,14,AME421,14,263067,AME421_PM6,P_78_GABON_B10_R3,02/28/2026 3:00:50 AM,14,,,,8PXMCVBG,FL78.31YJC_SNIP_DLP2295515-1_12101
D548521,201,GT4TS201JKF3,0,0,0,0,0,0,0,0,0,0.184586,0,0,0,0.003692,0,0.007383,0,0,D5485210,PXMG,03/05/2026 10:28:50 PM,BPD432,8M5CL,8M5CL,04/30/2026 4:29:04 PM,8M5CL,D1D,1,7708762,AME423,24,263067,AME423_PM6,P_78_GABON_B10_R3,03/05/2026 9:05:27 PM,12,AME423,24,263067,AME423_PM6,P_78_GABON_B10_R3,03/05/2026 9:05:27 PM,12,,,,8PXMCVBG,FL78.31YJC_SNIP_DLP2295515-1_12101
D548521,209,GT4TS209JKC4,0,0,0,0,0,0,0,0,0,0.166128,0,0,0,0.003692,0,0.003692,0,0,D5485210,PXMG,03/05/2026 10:28:50 PM,BPD432,8M5CL,8M5CL,04/30/2026 11:48:44 AM,8M5CL,D1D,2,7708758,AME423,17,263067,AME423_PM5,P_78_GABON_B10_R3,03/05/2026 8:54:31 PM,9,AME423,17,263067,AME423_PM5,P_78_GABON_B10_R3,03/05/2026 8:54:31 PM,9,,,,8PXMCVBG,FL78.31YJC_SNIP_DLP2295515-1_12101
D548948,16,KJ6GQ016WFG7,0.003659,0,0,0,0,0,0.003659,0,0,0.256148,0,0,0,0.003659,0,0.007319,0.007319,0,D5489480,PXMG,03/07/2026 4:50:38 AM,BPD448,8M5CL,8M5CL,05/04/2026 11:57:37 PM,8M5CL,D1D,1,7736281,AME403,17,263067,AME403_PM6,P_78_GABON_B10_R3,03/07/2026 3:58:01 AM,3,AME403,17,263067,AME403_PM6,P_78_GABON_B10_R3,03/07/2026 3:58:01 AM,3,,,,8PXMCVBG,FL78.31YBC_SNIP_DLP2339613-1_10
D548948,234,KJ6GQ234WFF5,0.007319,0,0,0,0,0,0.003659,0,0,0.340493,0,0,0,0.007319,0,0.025432,0,0,D5489480,PXMG,03/07/2026 4:50:38 AM,BPD448,8M5CL,8M5CL,05/05/2026 6:34:26 AM,8M5CL,D1D,2,7736204,AME403,6,263067,AME403_PM6,P_78_GABON_B10_R3,03/07/2026 3:50:45 AM,1,AME403,6,263067,AME403_PM6,P_78_GABON_B10_R3,03/07/2026 3:50:45 AM,1,,,,8PXMCVBG,FL78.31YBC_SNIP_DLP2339613-1_10
D548948,507,KJ6GR507WFC5,0.007383,0,0,0,0,0,0,0,0,0.339639,0,0,0,0.007383,0,0.014767,0,0,D5489480,PXMG,03/07/2026 4:50:38 AM,BPD448,8M5CL,8M5CL,05/05/2026 3:10:31 AM,8M5CL,D1D,3,7736246,AME403,19,263067,AME403_PM5,P_78_GABON_B10_R3,03/07/2026 4:01:39 AM,4,AME403,19,263067,AME403_PM5,P_78_GABON_B10_R3,03/07/2026 4:01:39 AM,4,,,,8PXMCVBG,FL78.31YBC_SNIP_DLP2339613-1_10
D548948,519,KJ6GR519WFA7,0.011075,0,0,0,0,0.003692,0.007383,0,0,0.339639,0,0,0.003692,0.011075,0,0.02215,0.003692,0,D5489480,PXMG,03/07/2026 4:50:38 AM,BPD448,8M5CL,8M5CL,05/05/2026 4:37:22 AM,8M5CL,D1D,4,7736352,AME403,22,263067,AME403_PM6,P_78_GABON_B10_R3,03/07/2026 4:01:39 AM,4,AME403,22,263067,AME403_PM6,P_78_GABON_B10_R3,03/07/2026 4:01:39 AM,4,,,,8PXMCVBG,FL78.31YBC_SNIP_DLP2339613-1_10
D547944,211,KJ67E211WFF1,0,0,0,0,0,0.003692,0,0,0,0.343331,0,0,0,0,0.007383,0.007383,0,0,D5479440,PXMG,03/03/2026 11:53:08 PM,BPD448,8M5CL,8M5CL,06/14/2026 1:18:22 AM,8M5CL,D1D,1,7699322,AME411,9,263067,AME411_PM1,P_78_GABON_B10_R3,03/03/2026 10:17:55 PM,9,AME411,9,263067,AME411_PM1,P_78_GABON_B10_R3,03/03/2026 10:17:55 PM,9,,,,8PXMCVBG,FL78.390SE
D547944,230,KJ67E230WFC4,0,0,0,0,0.003659,0,0,0,0,0.380562,0,0,0,0,0,0.007319,0,0,D5479440,PXMG,03/03/2026 11:53:08 PM,BPD448,8M5CL,8M5CL,04/08/2026 2:13:09 PM,8M5CL,D1D,2,7699202,AME411,2,263067,AME411_PM1,P_78_GABON_B10_R3,03/03/2026 9:52:20 PM,2,AME411,2,263067,AME411_PM1,P_78_GABON_B10_R3,03/03/2026 9:52:20 PM,2,,,,8PXMCVBG,FL78.390SE
D548495,176,GT4JT176JKH2,0,0,0,0,0.003584,0.043003,0,0,0.003584,0.200679,0,0,0,0,0,0.007167,0.007167,,D5484950,PNCB,03/01/2026 4:30:05 AM,BPD448,8M5CL,8M5CL,04/30/2026 3:59:06 AM,8M5CL,D1D,1,7702215,AME417,12,263067,AME417_PM3,P_78_GABON_B10_R3,03/01/2026 2:24:48 AM,12,AME417,12,263067,AME417_PM3,P_78_GABON_B10_R3,03/01/2026 2:24:48 AM,12,,,,8PONCVBB,FL78.3FGTC_SNIP_DLP2295522-1_7932
D548495,179,GT4JT179JKF2,0,0,0,0,0,0,0.003609,0,0,0.230986,0,0,0,0.003609,0,0,0,,D5484950,PNCB,03/01/2026 4:30:05 AM,BPD448,8M5CL,8M5CL,04/30/2026 4:42:59 PM,8M5CL,D1D,2,7702205,AME417,3,263067,AME417_PM3,P_78_GABON_B10_R3,03/01/2026 1:52:40 AM,3,AME417,3,263067,AME417_PM3,P_78_GABON_B10_R3,03/01/2026 1:52:40 AM,3,,,,8PONCVBB,FL78.3FGTC_SNIP_DLP2295522-1_7932
D548495,180,GT4JT180JKB0,0,0,0,0,0,0,0,0,0,0.21143,0.003584,0,0,0,0,0.007167,0,,D5484950,PNCB,03/01/2026 4:30:05 AM,BPD448,8M5CL,8M5CL,04/30/2026 4:55:34 PM,8M5CL,D1D,3,7702232,AME417,18,263067,AME417_PM3,P_78_GABON_B10_R3,03/01/2026 2:46:13 AM,18,AME417,18,263067,AME417_PM3,P_78_GABON_B10_R3,03/01/2026 2:46:13 AM,18,,,,8PONCVBB,FL78.3FGTC_SNIP_DLP2295522-1_7932
D548495,181,GT4JT181JKF2,0,0,0,0,0,0.036092,0,0,0,0.209331,0,0,0,0.003609,0,0.003609,0,,D5484950,PNCB,03/01/2026 4:30:05 AM,BPD448,8M5CL,8M5CL,04/30/2026 4:49:23 PM,8M5CL,D1D,4,7702125,AME417,21,263067,AME417_PM3,P_78_GABON_B10_R3,03/01/2026 2:53:23 AM,20,AME417,21,263067,AME417_PM3,P_78_GABON_B10_R3,03/01/2026 2:53:23 AM,20,,,,8PONCVBB,FL78.3FGTC_SNIP_DLP2295522-1_7932
D548535,350,KJ6GY350WFH1,0.003659,0,0,0,0.010978,0.014637,0,0,0,0.171985,0,0,0,0.003659,0,0.003659,0,,D5485350,PXMG,03/12/2026 5:33:32 AM,BPD448,8M5CL,8M5CL,06/07/2026 8:11:12 PM,8M5CL,D1D,1,7712218,AME401,20,263067,AME401_PM2,P_78_GABON_B10_R3,03/12/2026 4:41:22 AM,9,AME401,20,263067,AME401_PM2,P_78_GABON_B10_R3,03/12/2026 4:41:22 AM,9,,,,8PXMCVBG,FL78.31YJC_SNIP_DLP2295515-1_12101
D548535,392,KJ6GY392WFE1,0,0,0,0,0,0.007319,0.007319,0,0,0.131733,0,0,0,0.007319,0.003659,0.010978,0,,D5485350,PXMG,03/12/2026 5:33:32 AM,BPD448,8M5CL,8M5CL,05/21/2026 10:56:14 AM,8M5CL,D1D,2,7712308,AME401,11,263067,AME401_PM1,P_78_GABON_B10_R3,03/12/2026 4:30:35 AM,6,AME401,11,263067,AME401_PM1,P_78_GABON_B10_R3,03/12/2026 4:30:35 AM,6,,,,8PXMCVBG,FL78.31YJC_SNIP_DLP2295515-1_12101
D548525,49,GT4TS049JKA1,0,0,0,0,0,0,0.009414,0,0,0.25639,0,0,0,0,0,0.011075,0.003692,0,D5485250,PXMG,03/12/2026 8:42:15 PM,BPD448,8M5CL,8M5CL,07/01/2026 1:16:26 PM,8M5CL,D1D,1,7708997,AME403,20,263067,AME403_PM4,P_78_GABON_B10_R3,03/12/2026 6:25:28 PM,10,AME403,20,263067,AME403_PM4,P_78_GABON_B10_R3,03/12/2026 6:25:28 PM,10,,,,8PXMCVBG,FL78.31YJC_SNIP_DLP2295515-1_12101
D548525,51,GT4TS051JKA1,0,0,0,0,0.003692,0.007383,0,0,0,0.180895,0,0,0,0,0,0.007383,0.003692,,D5485250,PXMG,03/12/2026 8:42:15 PM,BPD448,8M5CL,8M5CL,07/01/2026 1:41:54 PM,8M5CL,D1D,2,7709062,AME403,15,263067,AME403_PM3,P_78_GABON_B10_R3,03/12/2026 6:18:16 PM,8,AME403,15,263067,AME403_PM3,P_78_GABON_B10_R3,03/12/2026 6:18:16 PM,8,,,,8PXMCVBG,FL78.31YJC_SNIP_DLP2295515-1_12101
D550170,73,A23M2073SLE6,0,0,0,0,0,0.007383,0.003692,0,0,0.125519,0,0,0,0.003692,0,0.014767,0,,D5501700,PXMG,03/12/2026 9:55:07 PM,BPD454,8M5CL,8M5CL,07/01/2026 5:24:29 AM,8M5CL,D1D,1,7777562,AME401,13,263067,AME401_PM1,P_78_GABON_B10_R3,03/12/2026 8:41:32 PM,7,AME401,13,263067,AME401_PM1,P_78_GABON_B10_R3,03/12/2026 8:41:32 PM,7,,,,8PXMCVBG,FL78.31YJC_SNIP_DLP2295515-1_15669
D550170,74,A23M2074SLB5,0,0,0,0,0.007319,0.003659,0.007319,0,0,0.131733,0,0,0,0.018296,0,0.003659,0,,D5501700,PXMG,03/12/2026 9:55:07 PM,BPD454,8M5CL,8M5CL,06/30/2026 6:31:30 PM,8M5CL,D1D,2,7777367,AME401,2,263067,AME401_PM2,P_78_GABON_B10_R3,03/12/2026 8:19:57 PM,1,AME401,2,263067,AME401_PM2,P_78_GABON_B10_R3,03/12/2026 8:19:57 PM,1,,,,8PXMCVBG,FL78.31YJC_SNIP_DLP2295515-1_15669
D548531,260,KJ6GP260WFB6,0.003659,0,0,0,0.007136,0.010978,0.007319,0,0.003659,0.227056,0,0,0,0.007319,0,0.010978,0,0,D5485310,PXMG,03/09/2026 4:22:05 PM,BPD454,8M5CL,8M5CL,07/01/2026 2:01:56 PM,8M5CL,D1D,1,7712324,AME423,24,263067,AME423_PM4,P_78_GABON_B10_R3,03/09/2026 2:35:31 PM,22,AME423,24,263067,AME423_PM4,P_78_GABON_B10_R3,03/09/2026 2:35:31 PM,22,,,,8PXMCVBG,FL78.31YJC_SNIP_DLP2295515-1_12101
D548531,336,KJ6GP336WFF4,0,0,0,0,0,0,0.003659,0,0,0.153689,0,0,0,0.007319,0,0.014637,0,,D5485310,PXMG,03/09/2026 4:22:05 PM,BPD454,8M5CL,8M5CL,07/01/2026 3:01:46 PM,8M5CL,D1D,2,7712426,AME423,7,263067,AME423_PM4,P_78_GABON_B10_R3,03/09/2026 1:35:39 PM,5,AME423,7,263067,AME423_PM4,P_78_GABON_B10_R3,03/09/2026 1:35:39 PM,5,,,,8PXMCVBG,FL78.31YJC_SNIP_DLP2295515-1_12101
D548531,339,KJ6GP339WFD4,0,0,0,0,0,0.003692,0,0,0,0.21412,0,0,0,0,0,0.007383,0,0,D5485310,PXMG,03/09/2026 4:22:05 PM,BPD454,8M5CL,8M5CL,07/01/2026 6:47:54 AM,8M5CL,D1D,3,7712455,AME423,2,263067,AME423_PM4,P_78_GABON_B10_R3,03/09/2026 1:25:05 PM,2,AME423,2,263067,AME423_PM4,P_78_GABON_B10_R3,03/09/2026 1:25:05 PM,2,,,,8PXMCVBG,FL78.31YJC_SNIP_DLP2295515-1_12101
D548531,346,KJ6GP346WFC5,0,0.003659,0,0,0.007319,0,0,0,0,0.212237,0,0,0,0.003659,0.003659,0,0.007319,0,D5485310,PXMG,03/09/2026 4:22:05 PM,BPD454,8M5CL,8M5CL,07/01/2026 4:38:54 AM,8M5CL,D1D,4,7712358,AME423,12,263067,AME423_PM4,P_78_GABON_B10_R3,03/09/2026 1:53:13 PM,10,AME423,12,263067,AME423_PM4,P_78_GABON_B10_R3,03/09/2026 1:53:13 PM,10,,,,8PXMCVBG,FL78.31YJC_SNIP_DLP2295515-1_12101
D549126,104,GT5VX104JKG5,0.003659,0,0,0,0,0,0.007319,0,0,0.354581,0,0,0,0.003659,0,0.021956,0.007684,0,D5491260,PXMG,03/08/2026 6:19:58 AM,BPD444,8M5CL,8M5CL,04/08/2026 2:12:27 PM,8M5CL,D1D,1,7744938,AME417,1,263067,AME417_PM5,P_78_GABON_B10_R3,03/08/2026 4:36:52 AM,1,AME417,1,263067,AME417_PM5,P_78_GABON_B10_R3,03/08/2026 4:36:52 AM,1,,,,8PXMCVBG,FL78.31YJC_SNIP_DLP2295515-1_12887
D549126,105,GT5VX105JKD4,0,0,0,0,0.011075,0,0,0,0,0.284263,0,0,0,0,0,0.003692,0,0,D5491260,PXMG,03/08/2026 6:19:58 AM,BPD444,8M5CL,8M5CL,04/08/2026 2:12:20 PM,8M5CL,D1D,2,7745095,AME417,14,263067,AME417_PM6,P_78_GABON_B10_R3,03/08/2026 5:00:16 AM,7,AME417,14,263067,AME417_PM6,P_78_GABON_B10_R3,03/08/2026 5:00:16 AM,7,,,,8PXMCVBG,FL78.31YJC_SNIP_DLP2295515-1_12887
D548537,176,GT4TS176JKA0,0,0,0,0,0,0.007319,0,0,0,0.128074,0,0,0,0.007319,0,0.003659,0,,D5485370,PXMG,03/08/2026 7:40:56 PM,BPD432,8M5CL,8M5CL,05/07/2026 9:12:43 PM,8M5CL,D1D,1,7712547,AME423,24,263067,AME423_PM3,P_78_GABON_B10_R3,03/08/2026 6:30:38 PM,24,AME423,24,263067,AME423_PM3,P_78_GABON_B10_R3,03/08/2026 6:30:38 PM,24,,,,8PXMCVBG,FL78.31YJC_SNIP_DLP2295515-1_12101
D548537,177,GT4TS177JKE2,0,0,0,0,0,0.003692,0.018274,0,0,0.240147,0,0,0,0.007383,0.003692,0.018459,0,0,D5485370,PXMG,03/08/2026 7:40:56 PM,BPD432,8M5CL,8M5CL,07/01/2026 5:06:54 AM,8M5CL,D1D,2,7712554,AME423,19,263067,AME423_PM3,P_78_GABON_B10_R3,03/08/2026 6:12:35 PM,19,AME423,19,263067,AME423_PM3,P_78_GABON_B10_R3,03/08/2026 6:12:35 PM,19,,,,8PXMCVBG,FL78.31YJC_SNIP_DLP2295515-1_12101
D547452,459,GT3TA459JKH2,0,0,0,0,0,0,0.003692,0,0,0.147669,0,0,0,0.003692,0,0.011075,0.003692,,D5474520,PXMG,03/09/2026 3:09:53 AM,BPD450,8M5CL,8M5CL,07/02/2026 4:38:57 PM,8M5CL,D1D,1,7677854,AME417,5,263067,AME417_PM3,P_78_GABON_B10_R3,03/09/2026 12:58:07 AM,3,AME417,5,263067,AME417_PM3,P_78_GABON_B10_R3,03/09/2026 12:58:07 AM,3,,,,8PXMCVBG,FL78.31YJC_SNIP_DLP2295515-1_10939
D547452,552,GT3TA552JKG1,0,0,0,0,0.003659,0.007319,0,0,0,0.207297,0,0,0,0.016284,0.016284,0.016284,0,0,D5474520,PXMG,03/09/2026 3:09:53 AM,BPD450,8M5CL,8M5CL,07/02/2026 4:06:41 PM,8M5CL,D1D,2,7678053,AME417,2,263067,AME417_PM4,P_78_GABON_B10_R3,03/09/2026 12:50:01 AM,1,AME417,2,263067,AME417_PM4,P_78_GABON_B10_R3,03/09/2026 12:50:01 AM,1,,,,8PXMCVBG,FL78.31YJC_SNIP_DLP2295515-1_10939
D547452,601,GT3TA601JKA5,0,0,0,0,0.014767,0,0.003692,0,0,0.188278,0,0,0,0.003692,0,0.003692,0,0,D5474520,PXMG,03/09/2026 3:09:53 AM,BPD450,8M5CL,8M5CL,07/02/2026 3:25:52 PM,8M5CL,D1D,3,7677969,AME417,12,263067,AME417_PM4,P_78_GABON_B10_R3,03/09/2026 1:10:01 AM,6,AME417,12,263067,AME417_PM4,P_78_GABON_B10_R3,03/09/2026 1:10:01 AM,6,,,,8PXMCVBG,FL78.31YJC_SNIP_DLP2295515-1_10939
D547452,757,GT3TA757JKD4,0,0,0,0,0.014767,0,0,0,0,0.243654,0,0,0,0,0,0.011075,0,0,D5474520,PXMG,03/09/2026 3:09:53 AM,BPD450,8M5CL,8M5CL,07/02/2026 3:09:11 PM,8M5CL,D1D,4,7677800,AME417,25,263067,AME417_PM4,P_78_GABON_B10_R3,03/09/2026 1:32:36 AM,12,AME417,25,263067,AME417_PM4,P_78_GABON_B10_R3,03/09/2026 1:32:36 AM,12,,,,8PXMCVBG,FL78.31YJC_SNIP_DLP2295515-1_10939
D549586,70,A22JR070SLA4,0,0,0,0,0.007167,0,0.003584,0,0,0.186345,0,0,0,0,0,0.007167,0,,D5495860,PNCB,03/14/2026 10:33:41 PM,BPD458,8M5CL,8M5CL,05/07/2026 10:52:14 PM,8M5CL,D1D,1,7750150,AME403,17,263067,AME403_PM4,P_78_GABON_B10_R3,03/14/2026 7:48:36 PM,8,AME403,17,263067,AME403_PM4,P_78_GABON_B10_R3,03/14/2026 7:48:36 PM,8,,,,8PONCVBB,FL78.3FGTC_SNIP_DLP2295522-1_8221
D549586,74,A22JR074SLC6,0,0,0,0,0.003584,0,0,0,0,0.182762,0,0,0,0.003584,0,0.003584,0,,D5495860,PNCB,03/14/2026 10:33:41 PM,BPD458,8M5CL,8M5CL,05/08/2026 11:40:38 AM,8M5CL,D1D,2,7750048,AME403,18,263067,AME403_PM3,P_78_GABON_B10_R3,03/14/2026 7:52:12 PM,10,AME403,18,263067,AME403_PM3,P_78_GABON_B10_R3,03/14/2026 7:52:12 PM,10,,,,8PONCVBB,FL78.3FGTC_SNIP_DLP2295522-1_8221
D550157,66,A22SS066SLE5,0,0,0,0,0.010716,0.003659,0,0,0,0.278626,0,0,0,0.007057,0,0,0,0,D5501570AS,PXMG,03/19/2026 12:33:17 AM,BPD444,8M5CL,8M5CL,06/30/2026 6:11:21 PM,8M5CL,D1D,1,8283829,AME427,20,263067,AME427_PM3,P_78_GABON_B10_R3,03/18/2026 11:15:30 PM,9,AME427,20,263067,AME427_PM3,P_78_GABON_B10_R3,03/18/2026 11:15:30 PM,9,,,,8PXMCVBG,FL78.31YJC_SNIP_DLP2295515-1_15669
D550157,68,A22SS068SLF6,0,0,0,0,0,0,0,0,0,0.234192,0,0,0,0,0,0.010978,0,0,D5501570AS,PXMG,03/19/2026 12:33:17 AM,BPD444,8M5CL,8M5CL,07/16/2026 9:52:32 AM,8M5CL,D1D,2,8283846,AME427,24,263067,AME427_PM3,P_78_GABON_B10_R3,03/18/2026 11:22:31 PM,11,AME427,24,263067,AME427_PM3,P_78_GABON_B10_R3,03/18/2026 11:22:31 PM,11,,,,8PXMCVBG,FL78.31YJC_SNIP_DLP2295515-1_15669
D550157,115,A22SS115SLG4,0,0,0,0,0.007383,0.003692,0.003692,0,0,0.239962,0,0,0,0.003692,0,0.007383,0,0,D5501570AS,PXMG,03/19/2026 12:33:17 AM,BPD444,8M5CL,8M5CL,07/14/2026 12:10:37 PM,8M5CL,D1D,3,8283827,AME427,10,263067,AME427_PM3,P_78_GABON_B10_R3,03/18/2026 11:01:24 PM,5,AME427,10,263067,AME427_PM3,P_78_GABON_B10_R3,03/18/2026 11:01:24 PM,5,,,,8PXMCVBG,FL78.31YJC_SNIP_DLP2295515-1_15669
D550157,117,A22SS117SLA2,0,0,0,0,0.011075,0,0,0,0,0.649744,0,0,0,0.003692,0.014767,0.003692,0,0,D5501570AS,PXMG,03/19/2026 12:33:17 AM,BPD444,8M5CL,8M5CL,06/30/2026 5:41:29 PM,8M5CL,D1D,4,8283833,AME427,21,263067,AME427_PM3,P_78_GABON_B10_R3,03/18/2026 11:19:00 PM,10,AME427,21,263067,AME427_PM3,P_78_GABON_B10_R3,03/18/2026 11:19:00 PM,10,,,,8PXMCVBG,FL78.31YJC_SNIP_DLP2295515-1_15669
D550167,503,GT4TT503JKE2,0,0,0,0,0,0.007383,0,0,0,0.202122,0,0,0,0,0,0.078449,0,0,D5501670AT,PXMG,03/19/2026 1:50:54 AM,BPD450,8M5CL,8M5CL,06/30/2026 5:58:12 PM,8M5CL,D1D,1,8282335,AME427,5,263067,AME427_PM3,P_78_GABON_B10_R3,03/18/2026 11:46:37 PM,3,AME427,5,263067,AME427_PM3,P_78_GABON_B10_R3,03/18/2026 11:46:37 PM,3,,,,8PXMCVBG,FL78.31YJC_SNIP_DLP2295515-1_15669
D550167,504,GT4TT504JKB1,0,0,0,0,0,0.010978,0,0,0,0.204003,0,0,0,0.007319,0.003659,0.008233,0.003659,0,D5501670AT,PXMG,03/19/2026 1:50:54 AM,BPD450,8M5CL,8M5CL,05/13/2026 1:55:47 AM,8M5CL,D1D,2,8282387,AME427,13,263067,AME427_PM3,P_78_GABON_B10_R3,03/19/2026 12:04:08 AM,8,AME427,13,263067,AME427_PM3,P_78_GABON_B10_R3,03/19/2026 12:04:08 AM,8,,,,8PXMCVBG,FL78.31YJC_SNIP_DLP2295515-1_15669
D550167,505,GT4TT505JKF3,0,0,0,0,0,0,0,0,0,0.147669,0,0,0,0,0,0.007383,0,,D5501670AT,PXMG,03/19/2026 1:50:54 AM,BPD450,8M5CL,8M5CL,06/30/2026 6:10:16 PM,8M5CL,D1D,3,8282384,AME427,10,263067,AME427_PM3,P_78_GABON_B10_R3,03/18/2026 11:57:08 PM,6,AME427,10,263067,AME427_PM3,P_78_GABON_B10_R3,03/18/2026 11:57:08 PM,6,,,,8PXMCVBG,FL78.31YJC_SNIP_DLP2295515-1_15669
D550167,507,GT4TT507JKG4,0.011075,0,0.003692,0,0,0,0.003692,0,0.005538,0.21412,0,0,0,0.018459,0.003692,0.038763,0.003692,0,D5501670AT,PXMG,03/19/2026 1:50:54 AM,BPD450,8M5CL,8M5CL,06/30/2026 5:43:20 PM,8M5CL,D1D,4,8282407,AME427,21,263067,AME427_PM3,P_78_GABON_B10_R3,03/19/2026 12:14:39 AM,11,AME427,21,263067,AME427_PM3,P_78_GABON_B10_R3,03/19/2026 12:14:39 AM,11,,,,8PXMCVBG,FL78.31YJC_SNIP_DLP2295515-1_15669
D550157,52,A22SS052SLF2,0,0,0,0,0,0.040252,0.003659,0,0,0.120755,0,0,0,0.010978,0,0,0,,D5501570,PXMG,03/18/2026 2:10:50 PM,BPD432,8M5CL,8M5CL,06/30/2026 6:06:24 PM,8M5CL,D1D,1,7768997,AME403,16,263067,AME403_PM2,P_78_GABON_B10_R3,03/18/2026 12:15:45 PM,4,AME403,16,263067,AME403_PM2,P_78_GABON_B10_R3,03/18/2026 12:15:45 PM,4,,,,8PXMCVBG,FL78.31YJC_SNIP_DLP2295515-1_15669
D550157,60,A22SS060SLB2,0,0,0,0,0.003659,0.01482,0.007319,0,0,0.274261,0,0,0,0.010978,0,0.025615,0,0,D5501570,PXMG,03/18/2026 2:10:50 PM,BPD432,8M5CL,8M5CL,06/30/2026 6:24:31 PM,8M5CL,D1D,2,7769111,AME403,19,263067,AME403_PM1,P_78_GABON_B10_R3,03/18/2026 12:23:01 PM,6,AME403,19,263067,AME403_PM1,P_78_GABON_B10_R3,03/18/2026 12:23:01 PM,6,,,,8PXMCVBG,FL78.31YJC_SNIP_DLP2295515-1_15669
D549123,18,MCK3P018WAH1,0,0,0,0,0.007319,0.010978,0.007319,0,0,0.223214,0,0,0,0,0,0.003659,0,0,D5491230,PXMG,03/19/2026 11:34:21 AM,BPD442,8M5CL,8M5CL,05/24/2026 4:46:40 PM,8M5CL,D1D,1,7744781,AME417,8,263067,AME417_PM3,P_78_GABON_B10_R3,03/19/2026 9:48:48 AM,4,AME417,8,263067,AME417_PM3,P_78_GABON_B10_R3,03/19/2026 9:48:48 AM,4,,,,8PXMCVBG,FL78.31YJC_SNIP_DLP2295515-1_12887
D549123,39,MCK3P039WAF5,0,0,0,0,0.011075,0.007383,0,0,0,0.132902,0,0,0,0,0,0,0,,D5491230,PXMG,03/19/2026 11:34:21 AM,BPD442,8M5CL,8M5CL,05/24/2026 8:57:14 PM,8M5CL,D1D,2,7744849,AME417,3,263067,AME417_PM4,P_78_GABON_B10_R3,03/19/2026 9:37:38 AM,1,AME417,3,263067,AME417_PM4,P_78_GABON_B10_R3,03/19/2026 9:37:38 AM,1,,,,8PXMCVBG,FL78.31YJC_SNIP_DLP2295515-1_12887
D550167,501,GT4TT501JKD1,0,0,0,0,0,0.003692,0,0,0,0.19197,0,0,0,0.011075,0,0.02215,0.003692,,D5501670,PXMG,03/18/2026 2:14:10 PM,BPD450,8M5CL,8M5CL,06/30/2026 5:55:41 PM,8M5CL,D1D,1,7774273,AME403,4,263067,AME403_PM6,P_78_GABON_B10_R3,03/18/2026 11:57:26 AM,1,AME403,4,263067,AME403_PM6,P_78_GABON_B10_R3,03/18/2026 11:57:26 AM,1,,,,8PXMCVBG,FL78.31YJC_SNIP_DLP2295515-1_15669
D550167,502,GT4TT502JKA0,0,0,0,0,0,0,0.003659,0,0,0.281762,0,0,0,0,0,0.010978,0.003659,0,D5501670,PXMG,03/18/2026 2:14:10 PM,BPD450,8M5CL,8M5CL,06/30/2026 5:39:29 PM,8M5CL,D1D,2,7774266,AME403,7,263067,AME403_PM5,P_78_GABON_B10_R3,03/18/2026 12:02:29 PM,2,AME403,7,263067,AME403_PM5,P_78_GABON_B10_R3,03/18/2026 12:02:29 PM,2,,,,8PXMCVBG,FL78.31YJC_SNIP_DLP2295515-1_15669
D550171,102,A23Z5102SLA7,0.003659,0,0,0,0.003659,0,0,0,0,0.087822,0,0,0,0,0.003659,0.018296,0,,D5501710,PXMG,03/15/2026 6:00:31 AM,BPD436,8M5CL,8M5CL,06/30/2026 7:49:58 PM,8M5CL,D1D,1,7777511,AME403,12,263067,AME403_PM3,P_78_GABON_B10_R3,03/15/2026 4:37:08 AM,4,AME403,12,263067,AME403_PM3,P_78_GABON_B10_R3,03/15/2026 4:37:08 AM,4,,,,8PXMCVBG,FL78.31YJC_SNIP_DLP2295515-1_15669
D550171,103,A23Z5103SLF1,0,0,0,0,0,0.007383,0,0,0,0.099677,0,0,0,0.007383,0,0.011075,0,,D5501710,PXMG,03/15/2026 6:00:31 AM,BPD436,8M5CL,8M5CL,06/30/2026 7:11:15 PM,8M5CL,D1D,2,7777435,AME403,23,263067,AME403_PM3,P_78_GABON_B10_R3,03/15/2026 4:44:22 AM,6,AME403,23,263067,AME403_PM3,P_78_GABON_B10_R3,03/15/2026 4:44:22 AM,6,,,,8PXMCVBG,FL78.31YJC_SNIP_DLP2295515-1_15669
D550173,85,A22G8085SLA1,0.007383,0,0,0,0.003692,0.003692,0,0,0,0.177203,0,0,0,0,0,0,0,,D5501730,PXMG,03/20/2026 2:56:47 PM,BPD450,8M5CL,8M5CL,07/01/2026 5:46:04 AM,8M5CL,D1D,1,7777551,AME403,20,263067,AME403_PM4,P_78_GABON_B10_R3,03/20/2026 1:28:21 PM,10,AME403,20,263067,AME403_PM4,P_78_GABON_B10_R3,03/20/2026 1:28:21 PM,10,,,,8PXMCVBG,FL78.31YJC_SNIP_DLP2295515-1_15669
D550173,86,A22G8086SLE3,0,0,0.003659,0,0.007319,0.004025,0.010978,0,0,0.189549,0,0,0,0.007319,0,0.015003,0,0,D5501730,PXMG,03/20/2026 2:56:47 PM,BPD450,8M5CL,8M5CL,04/08/2026 2:09:39 PM,8M5CL,D1D,2,7777524,AME403,11,263067,AME403_PM3,P_78_GABON_B10_R3,03/20/2026 1:12:33 PM,6,AME403,11,263067,AME403_PM3,P_78_GABON_B10_R3,03/20/2026 1:12:33 PM,6,,,,8PXMCVBG,FL78.31YJC_SNIP_DLP2295515-1_15669
D548506,253,KJ69G253WFB4,0,0,0,0,0.011075,0.003692,0,0,0,0.095985,0,0,0,0,0,0.007383,0.003692,,D5485060,PXMG,03/27/2026 9:39:37 PM,BPD432,8M5CL,8M5CL,07/01/2026 11:15:17 AM,8M5CL,D1D,1,7703699,AME423,17,263067,AME423_PM5,P_78_GABON_B10_R3,03/27/2026 8:36:30 PM,9,AME423,17,263067,AME423_PM5,P_78_GABON_B10_R3,03/27/2026 8:36:30 PM,9,,,,8PXMCVBG,FL78.31YJC_SNIP_DLP2295515-1_12101
D548506,255,KJ69G255WFC5,0,0,0,0,0.003692,0,0,0,0,0.140286,0,0,0,0.007383,0.003692,0.007383,0,,D5485060,PXMG,03/27/2026 9:39:37 PM,BPD432,8M5CL,8M5CL,07/01/2026 12:22:40 PM,8M5CL,D1D,2,7703805,AME423,2,263067,AME423_PM5,P_78_GABON_B10_R3,03/27/2026 8:07:29 PM,1,AME423,2,263067,AME423_PM5,P_78_GABON_B10_R3,03/27/2026 8:07:29 PM,1,,,,8PXMCVBG,FL78.31YJC_SNIP_DLP2295515-1_12101
D549648,63,GT8DH063JKF3,0,0,0,0,0.003692,0,0,0,0,0.135979,0,0,0,0.003692,0,0.003999,0.02615,0,D5496480,PXMG,03/27/2026 2:43:08 AM,BPD436,8M5CL,8M5CL,06/30/2026 7:00:28 PM,8M5CL,D1D,1,7755298,AME409,17,263067,AME409_PM6,P_78_GABON_B10_R3,03/27/2026 1:23:35 AM,7,AME409,17,263067,AME409_PM6,P_78_GABON_B10_R3,03/27/2026 1:23:35 AM,7,,,,8PXMCVBG,FL78.31YJC_SNIP_DLP2295515-1_12887
D549648,66,GT8DH066JKD3,0,0,0,0,0.003659,0,0,0,0,0.24517,0,0,0,0,0,0.003659,0.003659,0,D5496480,PXMG,03/27/2026 2:43:08 AM,BPD436,8M5CL,8M5CL,06/30/2026 6:36:08 PM,8M5CL,D1D,2,7755486,AME409,18,263067,AME409_PM5,P_78_GABON_B10_R3,03/27/2026 1:27:32 AM,8,AME409,18,263067,AME409_PM5,P_78_GABON_B10_R3,03/27/2026 1:27:32 AM,8,,,,8PXMCVBG,FL78.31YJC_SNIP_DLP2295515-1_12887
D549116,13,MCK3P013WAA5,0,0,0,0,0.011075,0,0.011075,0,0,0.328564,0,0,0,0.007383,0.003692,0,0,0,D5491160,PXMG,03/26/2026 3:50:14 AM,BPD454,8M5CL,8M5CL,06/15/2026 9:31:01 PM,8M5CL,D1D,1,7742239,AME421,13,263067,AME421_PM3,P_78_GABON_B10_R3,03/26/2026 2:42:52 AM,7,AME421,13,263067,AME421_PM3,P_78_GABON_B10_R3,03/26/2026 2:42:52 AM,7,,,,8PXMCVBG,FL78.31YJC_SNIP_DLP2295515-1_12887
D549116,17,MCK3P017WAC7,0,0,0,0,0.003692,0,0,0,0,0.265804,0,0,0,0,0.003692,0.003692,0.003692,0,D5491160,PXMG,03/26/2026 3:50:14 AM,BPD454,8M5CL,8M5CL,07/04/2026 2:49:51 PM,8M5CL,D1D,2,7742220,AME421,18,263067,AME421_PM4,P_78_GABON_B10_R3,03/26/2026 2:51:48 AM,9,AME421,18,263067,AME421_PM4,P_78_GABON_B10_R3,03/26/2026 2:51:48 AM,9,,,,8PXMCVBG,FL78.31YJC_SNIP_DLP2295515-1_12887
D548528,244,KJ69G244WFB2,0.003659,0,0,0,0.014637,0,0.010978,0,0,0.106118,0,0,0,0,0.003659,0.014637,0,,D5485280,PXMG,03/23/2026 9:51:57 AM,BPD432,8M5CL,8M5CL,07/01/2026 2:03:46 PM,8M5CL,D1D,1,7709197,AME401,9,263067,AME401_PM1,P_78_GABON_B10_R3,03/23/2026 8:10:52 AM,5,AME401,9,263067,AME401_PM1,P_78_GABON_B10_R3,03/23/2026 8:10:52 AM,5,,,,8PXMCVBG,FL78.31YJC_SNIP_DLP2295515-1_12101
D548528,258,KJ69G258WFA5,0,0,0,0,0,0.007319,0,0,0,0.120755,0,0,0,0,0,0.010978,0,,D5485280,PXMG,03/23/2026 9:51:57 AM,BPD432,8M5CL,8M5CL,07/01/2026 1:03:51 PM,8M5CL,D1D,2,7709224,AME401,18,263067,AME401_PM2,P_78_GABON_B10_R3,03/23/2026 8:25:14 AM,9,AME401,18,263067,AME401_PM2,P_78_GABON_B10_R3,03/23/2026 8:25:14 AM,9,,,,8PXMCVBG,FL78.31YJC_SNIP_DLP2295515-1_12101
D549600,21,KJ67E021WFE0,0,0,0,0,0.003692,0.003876,0.003876,0,0,0.162067,0,0,0,0,0.003692,0,0,0,D5496000,PXMG,03/24/2026 10:32:33 AM,BPD432,8M5CL,8M5CL,06/07/2026 5:27:29 PM,8M5CL,D1D,1,7738620,AME419,17,263067,AME419_PM6,P_78_GABON_B10_R3,03/24/2026 9:16:58 AM,17,AME419,17,263067,AME419_PM6,P_78_GABON_B10_R3,03/24/2026 9:16:58 AM,17,,,,8PXMCVBG,FL78.31YJC_SNIP_DLP2295515-1_12491
D549600,175,KJ67E175WFF6,0,0,0,0,0.011075,0.003692,0,0,0,0.088601,0,0,0,0,0,0,0.003692,,D5496000,PXMG,03/24/2026 10:32:33 AM,BPD432,8M5CL,8M5CL,06/07/2026 11:51:25 PM,8M5CL,D1D,2,7738629,AME419,22,263067,AME419_PM6,P_78_GABON_B10_R3,03/24/2026 9:36:02 AM,22,AME419,22,263067,AME419_PM6,P_78_GABON_B10_R3,03/24/2026 9:36:02 AM,22,,,,8PXMCVBG,FL78.31YJC_SNIP_DLP2295515-1_12491
D548533,563,KJ6GR563WFF2,0,0,0,0,0,0.003692,0,0,0,0.162436,0,0,0,0,0,0.033226,0.003692,,D5485330,PXMG,03/22/2026 1:39:02 AM,BPD448,8M5CL,8M5CL,05/22/2026 7:55:01 AM,8M5CL,D1D,1,7712702,AME409,8,263067,AME409_PM2,P_78_GABON_B10_R3,03/22/2026 12:28:23 AM,4,AME409,8,263067,AME409_PM2,P_78_GABON_B10_R3,03/22/2026 12:28:23 AM,4,,,,8PXMCVBG,FL78.31YJC_SNIP_DLP2295515-1_12101
D548533,609,KJ6GR609WFC7,0,0,0,0,0.003692,0,0.003692,0,0,0.158744,0,0,0,0,0,0.011075,0,,D5485330,PXMG,03/22/2026 1:39:02 AM,BPD448,8M5CL,8M5CL,05/23/2026 6:38:41 AM,8M5CL,D1D,2,7712640,AME409,3,263067,AME409_PM1,P_78_GABON_B10_R3,03/22/2026 12:21:07 AM,2,AME409,3,263067,AME409_PM1,P_78_GABON_B10_R3,03/22/2026 12:21:07 AM,2,,,,8PXMCVBG,FL78.31YJC_SNIP_DLP2295515-1_12101
D548493,405,GT3FZ405JKB4,0,0,0,0,0,0,0,0,0,0.216549,0,0,0,0,0,0.007218,0.003609,,D5484930,PNCB,03/22/2026 3:24:14 AM,BPD446,8M5CL,8M5CL,05/27/2026 3:18:18 PM,8M5CL,D1D,1,7702178,AME409,12,263067,AME409_PM5,P_78_GABON_B10_R3,03/22/2026 1:31:42 AM,12,AME409,12,263067,AME409_PM5,P_78_GABON_B10_R3,03/22/2026 1:31:42 AM,12,,,,8PONCVBB,FL78.3FGTC_SNIP_DLP2295522-1_7932
D548493,406,GT3FZ406JKF6,0.003584,0,0,0,0.003584,0.010751,0,0,0,0.225764,0.003584,0,0,0,0,0.007167,0,,D5484930,PNCB,03/22/2026 3:24:14 AM,BPD446,8M5CL,8M5CL,06/07/2026 5:45:26 PM,8M5CL,D1D,2,7702225,AME409,3,263067,AME409_PM5,P_78_GABON_B10_R3,03/22/2026 12:59:24 AM,3,AME409,3,263067,AME409_PM5,P_78_GABON_B10_R3,03/22/2026 12:59:24 AM,3,,,,8PONCVBB,FL78.3FGTC_SNIP_DLP2295522-1_7932
D549124,666,GU6EW666JDA2,0,0,0,0,0.018296,0.010978,0.018296,0,0,0.14637,0,0,0,0.025615,0.003659,0.040252,0.003659,,D5491240,PXMG,03/22/2026 12:53:33 AM,BPD454,8M5CL,8M5CL,04/08/2026 2:09:48 PM,8M5CL,D1D,1,7744986,AME409,1,263067,AME409_PM3,P_78_GABON_B10_R3,03/21/2026 11:09:58 PM,1,AME409,1,263067,AME409_PM3,P_78_GABON_B10_R3,03/21/2026 11:09:58 PM,1,,,,8PXMCVBG,FL78.31YJC_SNIP_DLP2295515-1_12887
D549124,669,GU6EW669JDF5,0,0,0,0,0,0.003692,0,0,0.003692,0.118135,0,0,0,0.007383,0,0.02215,0.003692,,D5491240,PXMG,03/22/2026 12:53:33 AM,BPD454,8M5CL,8M5CL,05/24/2026 1:58:38 AM,8M5CL,D1D,2,7744959,AME409,2,263067,AME409_PM4,P_78_GABON_B10_R3,03/21/2026 11:09:58 PM,1,AME409,2,263067,AME409_PM4,P_78_GABON_B10_R3,03/21/2026 11:09:58 PM,1,,,,8PXMCVBG,FL78.31YJC_SNIP_DLP2295515-1_12887
D549121,332,KJ6GY332WFG5,0,0,0,0,0.010978,0,0.003659,0,0,0.303718,0,0,0,0,0,0.032933,0.003659,0,D5491210,PXMG,03/22/2026 11:40:02 AM,BPD450,8M5CL,8M5CL,05/28/2026 6:11:46 AM,8M5CL,D1D,1,7742379,AME409,20,263067,AME409_PM4,P_78_GABON_B10_R3,03/22/2026 10:27:12 AM,10,AME409,20,263067,AME409_PM4,P_78_GABON_B10_R3,03/22/2026 10:27:12 AM,10,,,,8PXMCVBG,FL78.31YJC_SNIP_DLP2295515-1_12887
D549121,334,KJ6GY334WFA3,0,0,0,0,0.014637,0.003659,0.007319,0,0,0.139052,0,0,0,0.003659,0,0.010978,0.007319,,D5491210,PXMG,03/22/2026 11:40:02 AM,BPD450,8M5CL,8M5CL,05/28/2026 8:03:59 AM,8M5CL,D1D,2,7742345,AME409,19,263067,AME409_PM3,P_78_GABON_B10_R3,03/22/2026 10:27:12 AM,10,AME409,19,263067,AME409_PM3,P_78_GABON_B10_R3,03/22/2026 10:27:12 AM,10,,,,8PXMCVBG,FL78.31YJC_SNIP_DLP2295515-1_12887
D548534,21,KJ6GQ021WFE7,0,0,0,0,0.007383,0.003692,0.007383,0,0,0.10706,0,0,0,0,0,0.007383,0,,D5485340,PXMG,03/23/2026 7:25:49 AM,BPD432,8M5CL,8M5CL,05/26/2026 1:07:25 AM,8M5CL,D1D,1,7712369,AME427,21,263067,AME427_PM2,P_78_GABON_B10_R3,03/23/2026 6:12:44 AM,21,AME427,21,263067,AME427_PM2,P_78_GABON_B10_R3,03/23/2026 6:12:44 AM,21,,,,8PXMCVBG,FL78.31YJC_SNIP_DLP2295515-1_12101
D548534,42,KJ6GQ042WFD3,0,0,0,0,0.003659,0,0.003659,0,0,0.131733,0,0,0,0.007319,0.003659,0,0,,D5485340,PXMG,03/23/2026 7:25:49 AM,BPD432,8M5CL,8M5CL,04/08/2026 2:09:08 PM,8M5CL,D1D,2,7712450,AME427,22,263067,AME427_PM2,P_78_GABON_B10_R3,03/23/2026 6:16:16 AM,22,AME427,22,263067,AME427_PM2,P_78_GABON_B10_R3,03/23/2026 6:16:16 AM,22,,,,8PXMCVBG,FL78.31YJC_SNIP_DLP2295515-1_12101
D549122,286,5DWYB286MVB2,0,0,0,0,0.003757,0.003757,0,0,0,0.431011,0,0,0,0.003757,0,0.018784,0,0,D5491220,PXMG,03/28/2026 4:14:14 PM,BPD454,8M5CL,8M5CL,06/15/2026 9:22:50 PM,8M5CL,D1D,1,7742443,AME409,1,263067,AME409_PM1,P_78_GABON_B10_R3,03/28/2026 2:51:52 PM,1,AME409,1,263067,AME409_PM1,P_78_GABON_B10_R3,03/28/2026 2:51:52 PM,1,,,,8PXMCVBG,FL78.31YJC_SNIP_DLP2295515-1_12887
D549122,299,5DWYB299MVD6,0,0,0,0,0,0,0.014767,0,0,0.258421,0,0,0,0,0,0.011075,0,0,D5491220,PXMG,03/28/2026 4:14:14 PM,BPD454,8M5CL,8M5CL,06/15/2026 3:26:44 PM,8M5CL,D1D,2,7742528,AME409,2,263067,AME409_PM2,P_78_GABON_B10_R3,03/28/2026 2:51:52 PM,1,AME409,2,263067,AME409_PM2,P_78_GABON_B10_R3,03/28/2026 2:51:52 PM,1,,,,8PXMCVBG,FL78.31YJC_SNIP_DLP2295515-1_12887
D550165,76,KJ7KY076WFG4,0,0,0,0,0.003659,0,0.003659,0,0,0.242608,0,0,0,0,0.00677,0.025066,0,0,D5501650,PXMG,03/28/2026 11:56:16 PM,BPD454,8M5CL,8M5CL,07/14/2026 12:57:08 AM,8M5CL,D1D,1,7774378,AME403,12,263067,AME403_PM4,P_78_GABON_B10_R3,03/28/2026 11:05:36 PM,3,AME403,12,263067,AME403_PM4,P_78_GABON_B10_R3,03/28/2026 11:05:36 PM,3,,,,8PXMCVBG,FL78.31YJC_SNIP_DLP2295515-1_15669
D550165,88,KJ7KY088WFE6,0,0,0,0,0,0.007319,0,0,0,0.318355,0,0,0,0,0,0.003659,0,0,D5501650,PXMG,03/28/2026 11:56:16 PM,BPD454,8M5CL,8M5CL,07/14/2026 3:23:41 AM,8M5CL,D1D,2,7774359,AME403,3,263067,AME403_PM4,P_78_GABON_B10_R3,03/28/2026 10:57:28 PM,1,AME403,3,263067,AME403_PM4,P_78_GABON_B10_R3,03/28/2026 10:57:28 PM,1,,,,8PXMCVBG,FL78.31YJC_SNIP_DLP2295515-1_15669
D550172,22,MCK3P022WAA7,0,0,0,0,0.003659,0.036593,0,0,0,0.135392,0,0,0,0.010978,0,0.010978,0.007319,,D5501720,PXMG,04/04/2026 11:16:00 PM,BPD432,8M5CL,8M5CL,07/13/2026 11:16:45 PM,8M5CL,D1D,1,7777450,AME411,5,263067,AME411_PM3,P_78_GABON_B10_R3,04/04/2026 7:49:14 PM,2,AME411,5,263067,AME411_PM3,P_78_GABON_B10_R3,04/04/2026 7:49:14 PM,2,,,,8PXMCVBG,FL78.31YJC_SNIP_DLP2295515-1_15669
D550172,46,MCK3P046WAE6,0,0,0,0,0.007319,0.003659,0,0,0,0.131733,0,0,0,0.003659,0,0.007319,0,,D5501720,PXMG,04/04/2026 11:16:00 PM,BPD432,8M5CL,8M5CL,07/14/2026 1:27:37 AM,8M5CL,D1D,2,7777403,AME411,22,263067,AME411_PM4,P_78_GABON_B10_R3,04/04/2026 8:00:18 PM,5,AME411,22,263067,AME411_PM4,P_78_GABON_B10_R3,04/04/2026 8:00:18 PM,5,,,,8PXMCVBG,FL78.31YJC_SNIP_DLP2295515-1_15669
D550172,178,MCK3P178WAD6,0,0,0,0,0.007319,0.003659,0,0,0,0.19394,0,0,0,0.007319,0,0,0,0,D5501720AK,PXMG,04/04/2026 11:04:42 PM,BPD458,8M5CL,8M5CL,07/14/2026 1:28:12 AM,8M5CL,D1D,1,8379204,AME427,17,263067,AME427_PM3,P_78_GABON_B10_R3,04/04/2026 6:59:19 PM,9,AME427,17,263067,AME427_PM3,P_78_GABON_B10_R3,04/04/2026 6:59:19 PM,9,,,,8PXMCVBG,FL78.31YJC_SNIP_DLP2295515-1_15669
D550172,212,MCK3P212WAC0,0,0,0,0,0.003659,0,0,0.003659,0,0.263466,0,0,0,0,0.003659,0.003659,0,0,D5501720AK,PXMG,04/04/2026 11:04:42 PM,BPD458,8M5CL,8M5CL,07/13/2026 10:59:36 PM,8M5CL,D1D,2,8379189,AME427,12,263067,AME427_PM3,P_78_GABON_B10_R3,04/04/2026 6:47:44 PM,6,AME427,12,263067,AME427_PM3,P_78_GABON_B10_R3,04/04/2026 6:47:44 PM,6,,,,8PXMCVBG,FL78.31YJC_SNIP_DLP2295515-1_15669
D550172,229,MCK3P229WAG6,0,0,0,0,0,0.003692,0,0,0,0.206737,0,0,0,0.003692,0,0.014767,0,,D5501720AK,PXMG,04/04/2026 11:04:42 PM,BPD458,8M5CL,8M5CL,07/13/2026 11:06:38 PM,8M5CL,D1D,3,8379168,AME427,19,263067,AME427_PM3,P_78_GABON_B10_R3,04/04/2026 7:06:58 PM,11,AME427,19,263067,AME427_PM3,P_78_GABON_B10_R3,04/04/2026 7:06:58 PM,11,,,,8PXMCVBG,FL78.31YJC_SNIP_DLP2295515-1_15669
D550172,239,MCK3P239WAD7,0,0,0,0,0,0.003692,0,0,0,0.158744,0.003692,0,0,0.003692,0,0.011075,0,,D5501720AK,PXMG,04/04/2026 11:04:42 PM,BPD458,8M5CL,8M5CL,07/13/2026 11:10:03 PM,8M5CL,D1D,4,8379188,AME427,7,263067,AME427_PM3,P_78_GABON_B10_R3,04/04/2026 6:37:13 PM,3,AME427,7,263067,AME427_PM3,P_78_GABON_B10_R3,04/04/2026 6:37:13 PM,3,,,,8PXMCVBG,FL78.31YJC_SNIP_DLP2295515-1_15669
D548536,126,GT4TS126JKH0,0,0,0,0,0,0,0,0,0,0.124415,0,0,0,0,0,0.003659,0.007319,,D5485360,PXMG,04/04/2026 7:31:39 AM,BPD450,8M5CL,8M5CL,07/26/2026 12:26:00 PM,8M5CL,D1D,1,7712748,AME419,1,263067,AME419_PM4,P_78_GABON_B10_R3,04/04/2026 6:11:39 AM,1,AME419,1,263067,AME419_PM4,P_78_GABON_B10_R3,04/04/2026 6:11:39 AM,1,,,,8PXMCVBG,FL78.31YJC_SNIP_DLP2295515-1_12101
D548536,128,GT4TS128JKA6,0,0,0,0,0.003659,0,0,0,0,0.109778,0,0,0,0.003659,0,0.010978,0,,D5485360,PXMG,04/04/2026 7:31:39 AM,BPD450,8M5CL,8M5CL,06/19/2026 10:06:40 PM,8M5CL,D1D,2,7712788,AME419,22,263067,AME419_PM3,P_78_GABON_B10_R3,04/04/2026 6:47:32 AM,11,AME419,22,263067,AME419_PM3,P_78_GABON_B10_R3,04/04/2026 6:47:32 AM,11,,,,8PXMCVBG,FL78.31YJC_SNIP_DLP2295515-1_12101
D550166,112,KJ7KY112WFF7,0,0.003659,0,0,0,0,0,0,0,0.109778,0,0,0,0.007319,0.003659,0.018296,0,,D5501660,PXMG,04/03/2026 4:50:25 AM,BPD436,8M5CL,8M5CL,04/08/2026 2:06:56 PM,8M5CL,D1D,1,7774558,AME421,17,263067,AME421_PM6,P_78_GABON_B10_R3,04/03/2026 3:19:16 AM,17,AME421,17,263067,AME421_PM6,P_78_GABON_B10_R3,04/03/2026 3:19:16 AM,17,,,,8PXMCVBG,FL78.31YJC_SNIP_DLP2295515-1_15669
D550166,123,KJ7KY123WFH2,0,0,0,0,0.003692,0.003692,0,0,0,0.140286,0,0,0,0,0,0.007383,0,,D5501660,PXMG,04/03/2026 4:50:25 AM,BPD436,8M5CL,8M5CL,07/14/2026 1:12:08 AM,8M5CL,D1D,2,7774689,AME421,18,263067,AME421_PM6,P_78_GABON_B10_R3,04/03/2026 3:23:22 AM,18,AME421,18,263067,AME421_PM6,P_78_GABON_B10_R3,04/03/2026 3:23:22 AM,18,,,,8PXMCVBG,FL78.31YJC_SNIP_DLP2295515-1_15669
D550166,286,KJ7KY286WFB7,0,0,0,0,0,0.003659,0,0,0,0.113437,0,0,0,0,0,0,0,,D5501660,PXMG,04/03/2026 4:50:25 AM,BPD436,8M5CL,8M5CL,07/14/2026 12:21:21 AM,8M5CL,D1D,3,7774643,AME421,11,263067,AME421_PM6,P_78_GABON_B10_R3,04/03/2026 2:58:03 AM,11,AME421,11,263067,AME421_PM6,P_78_GABON_B10_R3,04/03/2026 2:58:03 AM,11,,,,8PXMCVBG,FL78.31YJC_SNIP_DLP2295515-1_15669
D550166,313,KJ7KY313WFB0,0,0,0,0,0.003692,0.003692,0.003692,0,0,0.162436,0,0,0,0,0,0.011075,0.003692,,D5501660,PXMG,04/03/2026 4:50:25 AM,BPD436,8M5CL,8M5CL,07/13/2026 11:12:54 PM,8M5CL,D1D,4,7774624,AME421,8,263067,AME421_PM6,P_78_GABON_B10_R3,04/03/2026 2:47:26 AM,8,AME421,8,263067,AME421_PM6,P_78_GABON_B10_R3,04/03/2026 2:47:26 AM,8,,,,8PXMCVBG,FL78.31YJC_SNIP_DLP2295515-1_15669
D549649,90,GT8DH090JKG1,0,0,0,0,0.003659,0.003659,0,0,0,0.128074,0,0,0,0.003659,0,0.018296,0,,D5496490,PXMG,04/02/2026 10:56:25 AM,BPD432,8M5CL,8M5CL,07/14/2026 12:02:37 AM,8M5CL,D1D,1,7755387,AME411,8,263067,AME411_PM1,P_78_GABON_B10_R3,04/02/2026 8:55:31 AM,8,AME411,8,263067,AME411_PM1,P_78_GABON_B10_R3,04/02/2026 8:55:31 AM,8,,,,8PXMCVBG,FL78.31YJC_SNIP_DLP2295515-1_12887
D549649,91,GT8DH091JKD0,0,0,0,0,0.007383,0.003692,0.003692,0,0,0.169819,0,0,0,0.003692,0,0.003692,0,,D5496490,PXMG,04/02/2026 10:56:25 AM,BPD432,8M5CL,8M5CL,07/14/2026 12:21:26 AM,8M5CL,D1D,2,7755340,AME411,11,263067,AME411_PM1,P_78_GABON_B10_R3,04/02/2026 9:06:09 AM,11,AME411,11,263067,AME411_PM1,P_78_GABON_B10_R3,04/02/2026 9:06:09 AM,11,,,,8PXMCVBG,FL78.31YJC_SNIP_DLP2295515-1_12887
D549649,92,GT8DH092JKH2,0,0,0,0,0.003659,0.003659,0.007319,0,0,0.139052,0,0,0,0.003659,0,0.007319,0,,D5496490,PXMG,04/02/2026 10:56:25 AM,BPD432,8M5CL,8M5CL,07/26/2026 11:03:35 AM,8M5CL,D1D,3,7755363,AME411,4,263067,AME411_PM1,P_78_GABON_B10_R3,04/02/2026 8:41:20 AM,4,AME411,4,263067,AME411_PM1,P_78_GABON_B10_R3,04/02/2026 8:41:20 AM,4,,,,8PXMCVBG,FL78.31YJC_SNIP_DLP2295515-1_12887
D549649,93,GT8DH093JKE1,0.003692,0,0,0,0.011075,0.007383,0,0,0,0.184586,0,0,0,0.003692,0,0,0.007383,,D5496490,PXMG,04/02/2026 10:56:25 AM,BPD432,8M5CL,8M5CL,07/14/2026 12:53:35 AM,8M5CL,D1D,4,7755378,AME411,17,263067,AME411_PM1,P_78_GABON_B10_R3,04/02/2026 9:27:24 AM,17,AME411,17,263067,AME411_PM1,P_78_GABON_B10_R3,04/02/2026 9:27:24 AM,17,,,,8PXMCVBG,FL78.31YJC_SNIP_DLP2295515-1_12887
D550158,61,A24EB061SLF1,0.008543,0,0,0,0.004271,0,0.051257,0,0,0.572401,0,0,0,0.072614,0,0.102514,0.004271,0,D5501580AQ,PXMG,04/02/2026 1:32:26 PM,BPD444,8M5CL,8M5CL,07/03/2026 12:25:53 AM,8M5CL,D1D,1,8363213,AME411,3,263067,AME411_PM1,P_78_GABON_B10_R3,04/02/2026 10:44:56 AM,2,AME411,3,263067,AME411_PM1,P_78_GABON_B10_R3,04/02/2026 10:44:56 AM,2,,,,8PXMCVBG,FL78.31YJC_SNIP_DLP2295515-1_15669
D550158,64,A24EB064SLD1,0,0,0,0,0,0.003659,0,0,0,0.333724,0,0,0,0.013905,0,0.003659,0,0,D5501580AQ,PXMG,04/02/2026 1:32:26 PM,BPD444,8M5CL,8M5CL,04/08/2026 2:07:17 PM,8M5CL,D1D,2,8363286,AME411,25,263067,AME411_PM1,P_78_GABON_B10_R3,04/02/2026 11:21:02 AM,12,AME411,25,263067,AME411_PM1,P_78_GABON_B10_R3,04/02/2026 11:21:02 AM,12,,,,8PXMCVBG,FL78.31YJC_SNIP_DLP2295515-1_15669
D550158,72,A24EB072SLG4,0,0,0,0,0.003659,0,0,0,0,0.252488,0,0,0,0.007319,0.003659,0,0,0,D5501580AQ,PXMG,04/02/2026 1:32:26 PM,BPD444,8M5CL,8M5CL,07/04/2026 6:16:21 AM,8M5CL,D1D,3,8363253,AME411,8,263067,AME411_PM1,P_78_GABON_B10_R3,04/02/2026 10:55:37 AM,5,AME411,8,263067,AME411_PM1,P_78_GABON_B10_R3,04/02/2026 10:55:37 AM,5,,,,8PXMCVBG,FL78.31YJC_SNIP_DLP2295515-1_15669
D550158,81,A22MG081SLG6,0.003692,0,0,0,0,0,0.003692,0,0,0.217812,0,0,0,0.007383,0.003692,0.007383,0,0,D5501580AQ,PXMG,04/02/2026 1:32:26 PM,BPD444,8M5CL,8M5CL,07/03/2026 11:01:52 PM,8M5CL,D1D,4,8363259,AME411,21,263067,AME411_PM1,P_78_GABON_B10_R3,04/02/2026 11:13:55 AM,10,AME411,21,263067,AME411_PM1,P_78_GABON_B10_R3,04/02/2026 11:13:55 AM,10,,,,8PXMCVBG,FL78.31YJC_SNIP_DLP2295515-1_15669
D550158,50,A23SY050SLA7,0,0,0,0,0,0.003659,0,0,0,0.156941,0,0,0,0.011384,0,0.003659,0,0,D5501580,PXMG,04/02/2026 9:26:31 AM,BPD454,8M5CL,8M5CL,07/03/2026 11:11:03 AM,8M5CL,D1D,1,7768867,AME423,9,263067,AME423_PM1,P_78_GABON_B10_R3,04/02/2026 8:18:27 AM,2,AME423,9,263067,AME423_PM1,P_78_GABON_B10_R3,04/02/2026 8:18:27 AM,2,,,,8PXMCVBG,FL78.31YJC_SNIP_DLP2295515-1_15669
D550158,56,A24EB056SLH1,0,0,0,0,0,0.003659,0,0,0,0.186622,0,0,0,0.003659,0,0.018296,0.003659,0,D5501580,PXMG,04/02/2026 9:26:31 AM,BPD454,8M5CL,8M5CL,07/06/2026 5:14:09 AM,8M5CL,D1D,2,7768917,AME423,2,263067,AME423_PM2,P_78_GABON_B10_R3,04/02/2026 8:14:47 AM,1,AME423,2,263067,AME423_PM2,P_78_GABON_B10_R3,04/02/2026 8:14:47 AM,1,,,,8PXMCVBG,FL78.31YJC_SNIP_DLP2295515-1_15669
D550160,11,A23SY011SLB7,0,0.007383,0,0,0,0,0,0,0,0.247346,0,0,0,0,0,0.011075,0,0,D5501600,PXMG,03/31/2026 4:08:34 PM,BPD454,8M5CL,8M5CL,04/08/2026 2:07:36 PM,8M5CL,D1D,1,7772415,AME417,5,263067,AME417_PM3,P_78_GABON_B10_R3,03/31/2026 2:52:36 PM,3,AME417,5,263067,AME417_PM3,P_78_GABON_B10_R3,03/31/2026 2:52:36 PM,3,,,,8PXMCVBG,FL78.31YJC_SNIP_DLP2351529-1_413
D550160,13,A23SY013SLD0,0,0,0,0,0,0,0.007383,0,0,0.180895,0,0,0,0.007383,0,0,0,,D5501600,PXMG,03/31/2026 4:08:34 PM,BPD454,8M5CL,8M5CL,06/05/2026 2:36:02 AM,8M5CL,D1D,2,7772346,AME417,22,263067,AME417_PM3,P_78_GABON_B10_R3,03/31/2026 3:26:02 PM,11,AME417,22,263067,AME417_PM3,P_78_GABON_B10_R3,03/31/2026 3:26:02 PM,11,,,,8PXMCVBG,FL78.31YJC_SNIP_DLP2351529-1_413
D550164,563,5DWZC563MVC3,0,0,0,0,0,0,0.007383,0,0,0.140286,0,0,0,0.018459,0.007383,0.018459,0,,D5501640,PXMG,04/01/2026 1:02:03 AM,BPD436,8M5CL,8M5CL,06/18/2026 12:58:12 AM,8M5CL,D1D,1,7774726,AME427,21,263067,AME427_PM3,P_78_GABON_B10_R3,03/31/2026 11:28:06 PM,21,AME427,21,263067,AME427_PM3,P_78_GABON_B10_R3,03/31/2026 11:28:06 PM,21,,,,8PXMCVBG,FL78.31YJC_SNIP_DLP2295515-1_15669
D550164,564,5DWZC564MVG5,0,0,0,0,0,0.007319,0.014637,0,0,0.289081,0,0,0,0,0.007319,0.010978,0,0,D5501640,PXMG,04/01/2026 1:02:03 AM,BPD436,8M5CL,8M5CL,06/19/2026 5:45:36 AM,8M5CL,D1D,2,7774562,AME427,18,263067,AME427_PM3,P_78_GABON_B10_R3,03/31/2026 11:17:35 PM,18,AME427,18,263067,AME427_PM3,P_78_GABON_B10_R3,03/31/2026 11:17:35 PM,18,,,,8PXMCVBG,FL78.31YJC_SNIP_DLP2295515-1_15669
D550164,570,5DWZC570MVB4,0.003659,0,0,0,0.003659,0,0.007319,0,0,0.208577,0,0,0,0,0,0.003659,0,0,D5501640,PXMG,04/01/2026 1:02:03 AM,BPD436,8M5CL,8M5CL,06/19/2026 8:17:28 AM,8M5CL,D1D,3,7774662,AME427,14,263067,AME427_PM3,P_78_GABON_B10_R3,03/31/2026 11:03:34 PM,14,AME427,14,263067,AME427_PM3,P_78_GABON_B10_R3,03/31/2026 11:03:34 PM,14,,,,8PXMCVBG,FL78.31YJC_SNIP_DLP2295515-1_15669
D550164,572,5DWZC572MVC5,0,0,0,0,0.009148,0,0.005489,0,0.003659,0.1976,0,0,0,0.003659,0,0.007319,0.003659,0,D5501640,PXMG,04/01/2026 1:02:03 AM,BPD436,8M5CL,8M5CL,06/18/2026 4:53:58 AM,8M5CL,D1D,4,7774808,AME427,17,263067,AME427_PM3,P_78_GABON_B10_R3,03/31/2026 11:14:05 PM,17,AME427,17,263067,AME427_PM3,P_78_GABON_B10_R3,03/31/2026 11:14:05 PM,17,,,,8PXMCVBG,FL78.31YJC_SNIP_DLP2295515-1_15669
D550165,226,KJ7KY226WFE3,0,0,0,0,0.003659,0,0,0,0,0.289081,0,0,0,0.003659,0,0,0,0,D5501650AM,PXMG,03/29/2026 12:20:16 AM,BPD444,8M5CL,8M5CL,07/14/2026 12:20:27 AM,8M5CL,D1D,1,8338815,AME427,7,263067,AME427_PM3,P_78_GABON_B10_R3,03/28/2026 11:15:04 PM,5,AME427,7,263067,AME427_PM3,P_78_GABON_B10_R3,03/28/2026 11:15:04 PM,5,,,,8PXMCVBG,FL78.31YJC_SNIP_DLP2295515-1_15669
D550165,244,KJ7KG244WFF4,0,0,0,0,0.003659,0.007319,0,0,0,0.256148,0,0.003659,0,0.003659,0,0.018296,0,0,D5501650AM,PXMG,03/29/2026 12:20:16 AM,BPD444,8M5CL,8M5CL,07/14/2026 1:00:22 AM,8M5CL,D1D,2,8338841,AME427,24,263067,AME427_PM3,P_78_GABON_B10_R3,03/28/2026 11:42:26 PM,12,AME427,24,263067,AME427_PM3,P_78_GABON_B10_R3,03/28/2026 11:42:26 PM,12,,,,8PXMCVBG,FL78.31YJC_SNIP_DLP2295515-1_15669
D550165,252,KJ7KY252WFA7,0,0,0,0,0,0,0,0,0,0.201259,0,0,0,0.007319,0.003659,0,0,0,D5501650AM,PXMG,03/29/2026 12:20:16 AM,BPD444,8M5CL,8M5CL,07/14/2026 1:16:19 AM,8M5CL,D1D,3,8338836,AME427,15,263067,AME427_PM3,P_78_GABON_B10_R3,03/28/2026 11:29:24 PM,9,AME427,15,263067,AME427_PM3,P_78_GABON_B10_R3,03/28/2026 11:29:24 PM,9,,,,8PXMCVBG,FL78.31YJC_SNIP_DLP2295515-1_15669
D550165,271,KJ7KY271WFF5,0.007383,0,0,0,0.007383,0,0,0,0,0.158744,0,0,0,0.003692,0,0.003692,0,,D5501650AM,PXMG,03/29/2026 12:20:16 AM,BPD444,8M5CL,8M5CL,07/14/2026 12:53:28 AM,8M5CL,D1D,4,8338852,AME427,14,263067,AME427_PM3,P_78_GABON_B10_R3,03/28/2026 11:25:42 PM,8,AME427,14,263067,AME427_PM3,P_78_GABON_B10_R3,03/28/2026 11:25:42 PM,8,,,,8PXMCVBG,FL78.31YJC_SNIP_DLP2295515-1_15669
D548518,56,A22JR056SLC2,0,0,0,0,0,0.003659,0.003659,0,0,0.131733,0,0,0,0.010978,0.003659,0.007319,0.003659,,D5485180,PXMG,04/09/2026 5:47:45 PM,BPD436,8M5CL,8M5CL,06/17/2026 12:07:30 PM,8M5CL,D1D,1,7706565,AME421,25,263067,AME421_PM4,P_78_GABON_B10_R3,04/09/2026 4:14:22 PM,12,AME421,25,263067,AME421_PM4,P_78_GABON_B10_R3,04/09/2026 4:14:22 PM,12,,,,8PXMCVBG,FL78.31YJC_SNIP_DLP2295515-1_12101
D548518,58,A22JR058SLD3,0,0,0,0,0.003659,0,0.003659,0,0,0.180828,0,0,0,0.003659,0.007319,0.013112,0.032933,0,D5485180,PXMG,04/09/2026 5:47:45 PM,BPD436,8M5CL,8M5CL,06/17/2026 10:43:10 AM,8M5CL,D1D,2,7706480,AME421,6,263067,AME421_PM4,P_78_GABON_B10_R3,04/09/2026 3:37:02 PM,3,AME421,6,263067,AME421_PM4,P_78_GABON_B10_R3,04/09/2026 3:37:02 PM,3,,,,8PXMCVBG,FL78.31YJC_SNIP_DLP2295515-1_12101
D550141,527,KJ7HE527WFE2,0,0,0,0,0.010827,0.010827,0.003609,0,0,0.259859,0,0,0,0,0,0.010827,0.007218,,D5501410,PNCB,04/07/2026 5:12:54 AM,BPD432,8M5CL,8M5CL,06/06/2026 5:38:00 PM,8M5CL,D1D,1,7768986,AME417,12,263067,AME417_PM6,P_78_GABON_B10_R3,04/07/2026 3:28:19 AM,6,AME417,12,263067,AME417_PM6,P_78_GABON_B10_R3,04/07/2026 3:28:19 AM,6,,,,8PONCVBB,FL78.3FGTC_SNIP_DLP2295522-1_10484
D550141,568,KJ7HE568WFE3,0,0,0,0,0,0.003584,0,0,0,0.268767,0,0,0,0,0,0,0.007167,,D5501410,PNCB,04/07/2026 5:12:54 AM,BPD432,8M5CL,8M5CL,06/06/2026 7:27:31 PM,8M5CL,D1D,2,7768956,AME417,3,263067,AME417_PM5,P_78_GABON_B10_R3,04/07/2026 3:12:41 AM,2,AME417,3,263067,AME417_PM5,P_78_GABON_B10_R3,04/07/2026 3:12:41 AM,2,,,,8PONCVBB,FL78.3FGTC_SNIP_DLP2295522-1_10484
D550168,102,A24QC102SLD1,0,0,0,0,0,0,0.003659,0,0,0.259807,0,0,0.009148,0.020126,0,0.003659,0.010978,0,D5501680,PXMG,04/18/2026 1:37:08 PM,BPD436,8M5CL,8M5CL,07/19/2026 10:40:38 PM,8M5CL,D1D,1,7774057,AME425,5,263067,AME425_PM4,P_78_GABON_B10_R4,04/18/2026 7:57:01 AM,5,AME425,5,263067,AME425_PM4,P_78_GABON_B10_R4,04/18/2026 7:57:01 AM,5,,,,8PXMCVBG,FL78.31YJC_SNIP_DLP2295515-1_15669
D550168,103,A24QC103SLA0,0,0,0,0,0,0.003692,0,0,0,0.251037,0,0,0,0,0,0.014767,0.003692,0,D5501680,PXMG,04/18/2026 1:37:08 PM,BPD436,8M5CL,8M5CL,07/19/2026 10:48:54 PM,8M5CL,D1D,2,7774280,AME425,22,263067,AME425_PM4,P_78_GABON_B10_R4,04/18/2026 9:04:56 AM,22,AME425,22,263067,AME425_PM4,P_78_GABON_B10_R4,04/18/2026 9:04:56 AM,22,,,,8PXMCVBG,FL78.31YJC_SNIP_DLP2295515-1_15669
D550168,107,A24QC107SLC2,0.018459,0,0,0,0.004799,0,0.003692,0,0,0.197138,0,0,0,0.007383,0.003692,0.030641,0.007383,0,D5501680,PXMG,04/18/2026 1:37:08 PM,BPD436,8M5CL,8M5CL,04/19/2026 7:30:07 AM,8M5CL,D1D,3,7774134,AME425,20,263067,AME425_PM4,P_78_GABON_B10_R4,04/18/2026 8:56:21 AM,20,AME425,20,263067,AME425_PM4,P_78_GABON_B10_R4,04/18/2026 8:56:21 AM,20,,,,8PXMCVBG,FL78.31YJC_SNIP_DLP2295515-1_15669
D550168,109,A24QC109SLD3,0,0,0,0,0.003692,0,0.003692,0,0,0.206737,0,0,0,0.011075,0,0.003692,0.018459,0,D5501680,PXMG,04/18/2026 1:37:08 PM,BPD436,8M5CL,8M5CL,04/19/2026 7:25:25 AM,8M5CL,D1D,4,7774253,AME425,18,263067,AME425_PM4,P_78_GABON_B10_R4,04/18/2026 8:47:46 AM,18,AME425,18,263067,AME425_PM4,P_78_GABON_B10_R4,04/18/2026 8:47:46 AM,18,,,,8PXMCVBG,FL78.31YJC_SNIP_DLP2295515-1_15669
D549E7K,447,KJ7JA447WFD7,0,0,0,0,0,0.032616,0.00551,0,0,0.797341,0,0,0,0,0,0.00551,0,0,D549E7K0,X78E,04/20/2026 6:28:14 AM,BPD436,8M5CL,8M5CL,04/20/2026 8:17:41 AM,8M5CL,D1D,1,7764956,AME423,20,263067,AME423_PM2,P_78_GABON_B10_R3,04/20/2026 5:36:13 AM,10,AME423,20,263067,AME423_PM2,P_78_GABON_B10_R3,04/20/2026 5:36:13 AM,10,,,,1X78EVAA,FL78.67MCE_SNIP_DLP2344842-1_48
D549E7K,464,KJ7JA464WFA1,0,0,0,0,0,0,0.005273,0,0,0.669651,0,0,0,0,0,0.105457,0,,D549E7K0,X78E,04/20/2026 6:28:14 AM,BPD436,8M5CL,8M5CL,06/03/2026 9:37:54 AM,8M5CL,D1D,2,7764951,AME423,3,263067,AME423_PM1,P_78_GABON_B10_R3,04/20/2026 5:03:41 AM,2,AME423,3,263067,AME423_PM1,P_78_GABON_B10_R3,04/20/2026 5:03:41 AM,2,,,,1X78EVAA,FL78.67MCE_SNIP_DLP2344842-1_48
D609195,248,KJ7HD248WFF0,0,0,0,0,0.003659,0.007319,0.010978,0,0,0.139052,0,0,0,0.007319,0,0.018296,0.007319,,D6091950,PXMG,05/11/2026 1:55:57 PM,BPD444,8M5CL,8M5CL,07/20/2026 1:40:02 PM,8M5CL,D1D,1,8161528,AME401,12,263067,AME401_PM1,P_78_GABON_B10_R3,05/11/2026 12:07:26 PM,6,AME401,12,263067,AME401_PM1,P_78_GABON_B10_R3,05/11/2026 12:07:26 PM,6,,,,8PXMCVBG,FL78.31YJC_SNIP_DLP2295515-1_29714
D609195,264,KJ7HW264WFE1,0,0,0,0,0.007319,0,0.003659,0,0,0.259807,0,0.003659,0,0.018296,0,0.010978,0,0,D6091950,PXMG,05/11/2026 1:55:57 PM,BPD444,8M5CL,8M5CL,07/20/2026 2:12:50 PM,8M5CL,D1D,2,8161434,AME401,11,263067,AME401_PM2,P_78_GABON_B10_R3,05/11/2026 12:03:49 PM,5,AME401,11,263067,AME401_PM2,P_78_GABON_B10_R3,05/11/2026 12:03:49 PM,5,,,,8PXMCVBG,FL78.31YJC_SNIP_DLP2295515-1_29714
D609162,158,5DXEF158MVG7,0,0,0,0,0.010978,0,0.003659,0,0,0.3372,0,0,0,0.003659,0,0.028725,0.007319,0,D6091620,PXMG,05/18/2026 7:29:08 PM,BPD436,8M5CL,8M5CL,07/15/2026 10:17:31 PM,8M5CL,D1D,1,8155138,AME409,25,263067,AME409_PM4,P_78_GABON_B10_R4,05/18/2026 6:05:28 PM,3,AME409,25,263067,AME409_PM4,P_78_GABON_B10_R4,05/18/2026 6:05:28 PM,3,,,,8PXMCVBG,FL78.31YJC_SNIP_DLP2295515-1_29714
D609162,162,5DXEF162MVA5,0.003659,0,0,0,0.014637,0.007319,0.007319,0,0,0.332992,0,0,0,0.007319,0,0.007319,0.018296,0,D6091620,PXMG,05/18/2026 7:29:08 PM,BPD436,8M5CL,8M5CL,07/24/2026 2:45:49 AM,8M5CL,D1D,2,8155059,AME409,6,263067,AME409_PM3,P_78_GABON_B10_R4,05/18/2026 5:16:08 PM,6,AME409,6,263067,AME409_PM3,P_78_GABON_B10_R4,05/18/2026 5:16:08 PM,6,,,,8PXMCVBG,FL78.31YJC_SNIP_DLP2295515-1_29714
D609200,525,GU2MA525JKE7,0,0,0,0,0,0.003247,0,0,0,0.250033,0,0,0,0.003247,0,0,0,,D6092000,PR8B,05/18/2026 6:31:28 PM,BPD436,8M5CL,8M5CL,07/20/2026 5:19:58 PM,8M5CL,D1D,1,8164162,AME425,9,263067,AME425_PM1,P_78_GABON_B10_R3,05/18/2026 4:27:31 PM,5,AME425,9,263067,AME425_PM1,P_78_GABON_B10_R3,05/18/2026 4:27:31 PM,5,,,,8PR8CVB,FL78.6H0QE_SNIP_DLP2344620-1_11340
D609200,531,GU2MA531JKH1,0,0,0,0,0.003247,0.006494,0.003247,0,0,0.246786,0,0,0,0.003247,0,0,0,,D6092000,PR8B,05/18/2026 6:31:28 PM,BPD436,8M5CL,8M5CL,07/21/2026 4:04:54 AM,8M5CL,D1D,2,8164026,AME425,18,263067,AME425_PM2,P_78_GABON_B10_R3,05/18/2026 4:42:39 PM,9,AME425,18,263067,AME425_PM2,P_78_GABON_B10_R3,05/18/2026 4:42:39 PM,9,,,,8PR8CVB,FL78.6H0QE_SNIP_DLP2344620-1_11340
D609176,356,MCLXN356WAA6,0,0,0,0,0.007319,0.003659,0,0,0,0.113437,0,0,0,0.007319,0,0.003659,0,,D6091760,PXMG,05/23/2026 12:50:13 AM,BPD454,8M5CL,8M5CL,07/27/2026 9:37:42 AM,8M5CL,D1D,1,8156266,AME421,21,263067,AME421_PM4,P_78_GABON_B10_R4,05/22/2026 11:48:03 PM,9,AME421,21,263067,AME421_PM4,P_78_GABON_B10_R4,05/22/2026 11:48:03 PM,9,,,,8PXMCVBG,FL78.31YJC_SNIP_DLP2295515-1_29714
D609176,359,MCLXN359WAG1,0,0,0,0,0.018459,0,0.003692,0,0,0.184586,0,0,0,0,0,0.014767,0,,D6091760,PXMG,05/23/2026 12:50:13 AM,BPD454,8M5CL,8M5CL,07/26/2026 7:29:59 AM,8M5CL,D1D,2,8156273,AME421,18,263067,AME421_PM4,P_78_GABON_B10_R4,05/22/2026 11:43:48 PM,8,AME421,18,263067,AME421_PM4,P_78_GABON_B10_R4,05/22/2026 11:43:48 PM,8,,,,8PXMCVBG,FL78.31YJC_SNIP_DLP2295515-1_29714
D610242,635,KJAAB635WFD3,0,0,0,0,0,0.003692,0,0,0,0.287955,0,0,0,0,0,0.003692,0,0,D6102420,PXMG,05/23/2026 12:33:04 AM,BPD436,8M5CL,8M5CL,07/26/2026 2:58:27 AM,8M5CL,D1D,1,8198905,AME409,13,263067,AME409_PM2,P_78_GABON_B10_R4,05/22/2026 10:07:07 PM,6,AME409,13,263067,AME409_PM2,P_78_GABON_B10_R4,05/22/2026 10:07:07 PM,6,,,,8PXMCVBG,FL78.31YJC_SNIP_DLP2428877-1_186
D610242,668,KJAAB668WFA1,0,0,0,0,0,0,0.007319,0,0,0.34031,0,0,0,0,0,0.003659,0,0,D6102420,PXMG,05/23/2026 12:33:04 AM,BPD436,8M5CL,8M5CL,07/26/2026 2:50:29 PM,8M5CL,D1D,2,8198862,AME409,10,263067,AME409_PM1,P_78_GABON_B10_R4,05/22/2026 10:03:28 PM,5,AME409,10,263067,AME409_PM1,P_78_GABON_B10_R4,05/22/2026 10:03:28 PM,5,,,,8PXMCVBG,FL78.31YJC_SNIP_DLP2428877-1_186
D609172,277,KJ7HD277WFG7,0.011075,0,0,0,0.007383,0.011075,0,0.003692,0,0.217812,0,0,0,0.007383,0.003692,0.029534,0,,D6091720,PXMG,05/22/2026 9:11:47 PM,BPD446,8M5CL,8M5CL,07/25/2026 2:49:27 PM,8M5CL,D1D,1,8156287,AME411,25,263067,AME411_PM3,P_78_GABON_B10_R4,05/22/2026 8:19:39 PM,4,AME411,25,263067,AME411_PM3,P_78_GABON_B10_R4,05/22/2026 8:19:39 PM,4,,,,8PXMCVBG,FL78.31YJC_SNIP_DLP2295515-1_29714
D609172,278,KJ7HD278WFD6,0,0,0,0,0.014637,0,0.003659,0,0,0.358607,0,0,0,0.003659,0,0.003659,0,0,D6091720,PXMG,05/22/2026 9:11:47 PM,BPD446,8M5CL,8M5CL,07/26/2026 3:51:37 AM,8M5CL,D1D,2,8156220,AME411,10,263067,AME411_PM3,P_78_GABON_B10_R4,05/22/2026 8:08:41 PM,1,AME411,10,263067,AME411_PM3,P_78_GABON_B10_R4,05/22/2026 8:08:41 PM,1,,,,8PXMCVBG,FL78.31YJC_SNIP_DLP2295515-1_29714
D608641,218,KJA9U218WFB1,0,0,0,0,0.003659,0.003659,0.003659,0,0,0.117096,0,0,0,0.003659,0,0.010978,0,,D6086410,PXMG,05/21/2026 4:48:01 AM,BPD444,8M5CL,8M5CL,07/18/2026 5:48:08 AM,8M5CL,D1D,1,8129968,AME417,4,263067,AME417_PM2,P_78_GABON_B10_R4,05/21/2026 2:34:26 AM,2,AME417,4,263067,AME417_PM2,P_78_GABON_B10_R4,05/21/2026 2:34:26 AM,2,,,,8PXMCVBG,FL78.31YJC_SNIP_DLP2295515-1_28629
D608641,219,KJA9U219WFF3,0,0,0,0,0.011075,0,0.003692,0,0,0.158744,0,0,0,0.007383,0,0.003692,0,,D6086410,PXMG,05/21/2026 4:48:01 AM,BPD444,8M5CL,8M5CL,07/19/2026 3:35:18 AM,8M5CL,D1D,2,8130048,AME417,3,263067,AME417_PM1,P_78_GABON_B10_R4,05/21/2026 2:34:25 AM,2,AME417,3,263067,AME417_PM1,P_78_GABON_B10_R4,05/21/2026 2:34:25 AM,2,,,,8PXMCVBG,FL78.31YJC_SNIP_DLP2295515-1_28629
D609178,1,GU1AG001JKG5,0.003692,0,0,0,0.062759,0,0.007383,0,0,0.177203,0,0,0,0.007383,0,0.044301,0,,D6091780,PXMG,05/27/2026 8:44:48 AM,BPD436,8M5CL,8M5CL,05/27/2026 7:15:49 PM,8M5CL,D1D,1,8158956,AME419,1,263067,AME419_PM3,P_78_GABON_B10_R4,05/27/2026 7:18:48 AM,1,AME419,1,263067,AME419_PM3,P_78_GABON_B10_R4,05/27/2026 7:18:48 AM,1,,,,8PXMCVBG,FL78.31YJC_SNIP_DLP2295515-1_29714
D609178,2,GU1AG002JKD4,0,0,0,0,0,0,0.003659,0,0,0.179303,0,0,0,0.003659,0,0.007319,0.003659,,D6091780,PXMG,05/27/2026 8:44:48 AM,BPD436,8M5CL,8M5CL,05/27/2026 7:15:43 PM,8M5CL,D1D,2,8158921,AME419,6,263067,AME419_PM4,P_78_GABON_B10_R4,05/27/2026 7:25:55 AM,3,AME419,6,263067,AME419_PM4,P_78_GABON_B10_R4,05/27/2026 7:25:55 AM,3,,,,8PXMCVBG,FL78.31YJC_SNIP_DLP2295515-1_29714
D609184,248,KJ9HE248WFB6,0,0,0,0,0.012154,0.008103,0,0,0,0.164797,0,0,0,0,0,0.016205,0,0,D6091840,PXMG,05/27/2026 12:21:50 PM,BPD454,8M5CL,8M5CL,05/27/2026 7:15:44 PM,8M5CL,D1D,1,8158864,AME411,13,263067,AME411_PM1,P_78_GABON_B10_R4,05/27/2026 11:22:02 AM,7,AME411,13,263067,AME411_PM1,P_78_GABON_B10_R4,05/27/2026 11:22:02 AM,7,,,,8PXMCVBG,FL78.31YJC_SNIP_DLP2295515-1_29714
D609184,253,KJ9HE253WFH1,0.003692,0,0,0,0,0,0,0,0,0.10706,0,0,0,0,0.003692,0.003692,0.033226,,D6091840,PXMG,05/27/2026 12:21:50 PM,BPD454,8M5CL,8M5CL,05/27/2026 7:16:01 PM,8M5CL,D1D,2,8158840,AME411,6,263067,AME411_PM2,P_78_GABON_B10_R4,05/27/2026 11:07:25 AM,3,AME411,6,263067,AME411_PM2,P_78_GABON_B10_R4,05/27/2026 11:07:25 AM,3,,,,8PXMCVBG,FL78.31YJC_SNIP_DLP2295515-1_29714
D609160,426,GU2MA426JKC5,0.003659,0,0,0,0.003659,0,0,0,0,0.306462,0,0,0,0.007319,0,0.007319,0.008233,0,D6091600,PXMG,05/27/2026 1:50:08 PM,BPD446,8M5CL,8M5CL,07/27/2026 6:36:37 AM,8M5CL,D1D,1,8154937,AME425,13,263067,AME425_PM5,P_78_GABON_B10_R4,05/27/2026 12:33:09 PM,7,AME425,13,263067,AME425_PM5,P_78_GABON_B10_R4,05/27/2026 12:33:09 PM,7,,,,8PXMCVBG,FL78.31YJC_SNIP_DLP2295515-1_29714
D609160,427,GU2MA427JKG7,0,0,0,0,0.007383,0.003692,0.007383,0,0,0.184586,0,0,0,0.018459,0,0.003692,0,,D6091600,PXMG,05/27/2026 1:50:08 PM,BPD446,8M5CL,8M5CL,07/26/2026 7:58:32 PM,8M5CL,D1D,2,8155039,AME425,18,263067,AME425_PM6,P_78_GABON_B10_R4,05/27/2026 12:40:28 PM,9,AME425,18,263067,AME425_PM6,P_78_GABON_B10_R4,05/27/2026 12:40:28 PM,9,,,,8PXMCVBG,FL78.31YJC_SNIP_DLP2295515-1_29714
D609168,729,GU1PU729JKF2,0,0,0,0,0.007383,0.006645,0,0,0,0.267281,0,0,0,0.010337,0,0.011075,0,0,D6091680,PXMG,05/26/2026 3:00:08 AM,BPD436,8M5CL,8M5CL,05/26/2026 8:21:01 AM,8M5CL,D1D,1,8155448,AME409,5,263067,AME409_PM3,P_78_GABON_B10_R4,05/26/2026 12:59:16 AM,3,AME409,5,263067,AME409_PM3,P_78_GABON_B10_R4,05/26/2026 12:59:16 AM,3,,,,8PXMCVBG,FL78.31YJC_SNIP_DLP2295515-1_29714
D609168,730,GU1PU730JKB0,0.003659,0,0,0,0.007319,0.003659,0.025615,0,0,0.289081,0,0,0,0.018296,0,0,0,0,D6091680,PXMG,05/26/2026 3:00:08 AM,BPD436,8M5CL,8M5CL,05/26/2026 8:20:51 AM,8M5CL,D1D,2,8155258,AME409,2,263067,AME409_PM4,P_78_GABON_B10_R4,05/26/2026 12:52:03 AM,1,AME409,2,263067,AME409_PM4,P_78_GABON_B10_R4,05/26/2026 12:52:03 AM,1,,,,8PXMCVBG,FL78.31YJC_SNIP_DLP2295515-1_29714
D609170,130,A29G5130SLE3,0,0,0,0,0.040252,0,0.014637,0,0,0.14637,0,0,0,0.007319,0,0.003659,0,,D6091700,PXMG,05/28/2026 6:25:21 AM,BPD454,8M5CL,8M5CL,05/28/2026 8:44:33 AM,8M5CL,D1D,1,8156251,AME427,21,263067,AME427_PM3,P_78_GABON_B10_R4,05/28/2026 5:15:54 AM,11,AME427,21,263067,AME427_PM3,P_78_GABON_B10_R4,05/28/2026 5:15:54 AM,11,,,,8PXMCVBG,FL78.31YJC_SNIP_DLP2295515-1_29714
D609170,135,A29G5135SLD4,0.003692,0,0,0,0,0.003692,0.003692,0,0,0.21412,0,0,0,0,0,0.003692,0,0,D6091700,PXMG,05/28/2026 6:25:21 AM,BPD454,8M5CL,8M5CL,05/28/2026 8:44:40 AM,8M5CL,D1D,2,8156134,AME427,18,263067,AME427_PM4,P_78_GABON_B10_R4,05/28/2026 5:08:44 AM,9,AME427,18,263067,AME427_PM4,P_78_GABON_B10_R4,05/28/2026 5:08:44 AM,9,,,,8PXMCVBG,FL78.31YJC_SNIP_DLP2295515-1_29714
D609180,55,A2AQR055SLC7,0,0,0,0,0,0,0,0,0,0.269496,0,0,0,0.007383,0,0.007383,0,0,D6091800,PXMG,05/25/2026 2:17:12 PM,BPD436,8M5CL,8M5CL,07/26/2026 6:57:40 PM,8M5CL,D1D,1,8158651,AME409,21,263067,AME409_PM1,P_78_GABON_B10_R4,05/25/2026 11:00:57 AM,9,AME409,21,263067,AME409_PM1,P_78_GABON_B10_R4,05/25/2026 11:00:57 AM,9,,,,8PXMCVBG,FL78.31YJC_SNIP_DLP2295515-1_29714
D609180,58,A2AQR058SLA7,0,0,0,0,0,0.003659,0.003659,0,0,0.285422,0,0,0,0,0,0.003659,0,0,D6091800,PXMG,05/25/2026 2:17:12 PM,BPD436,8M5CL,8M5CL,05/26/2026 8:20:59 AM,8M5CL,D1D,2,8158703,AME409,6,263067,AME409_PM1,P_78_GABON_B10_R4,05/25/2026 10:36:17 AM,3,AME409,6,263067,AME409_PM1,P_78_GABON_B10_R4,05/25/2026 10:36:17 AM,3,,,,8PXMCVBG,FL78.31YJC_SNIP_DLP2295515-1_29714
D609189,229,A2BJ8229SLF2,0,0.003692,0,0,0.011075,0.007383,0,0,0,0.21412,0,0,0,0.003692,0.003692,0.02215,0.003692,,D6091890,PXMG,05/25/2026 1:41:06 PM,BPD436,8M5CL,8M5CL,07/21/2026 11:11:58 AM,8M5CL,D1D,1,8161294,AME409,4,263067,AME409_PM2,P_78_GABON_B10_R4,05/25/2026 12:51:29 AM,2,AME409,4,263067,AME409_PM2,P_78_GABON_B10_R4,05/25/2026 12:51:29 AM,2,,,,8PXMCVBG,FL78.31YJC_SNIP_DLP2295515-1_29714
D609189,277,A2ASU277SLD5,0,0,0,0,0,0,0.003692,0,0,0.195661,0,0.003692,0,0,0,0.014767,0,,D6091890,PXMG,05/25/2026 1:41:06 PM,BPD436,8M5CL,8M5CL,07/20/2026 1:42:02 PM,8M5CL,D1D,2,8161349,AME409,11,263067,AME409_PM1,P_78_GABON_B10_R4,05/25/2026 1:06:38 AM,6,AME409,11,263067,AME409_PM1,P_78_GABON_B10_R4,05/25/2026 1:06:38 AM,6,,,,8PXMCVBG,FL78.31YJC_SNIP_DLP2295515-1_29714
D610243,886,GU4ZC886JKD2,0,0,0,0,0.007319,0.003659,0,0,0,0.223214,0,0,0,0,0,0.003659,0,0,D6102430,PXMG,05/26/2026 1:25:40 AM,BPD436,8M5CL,8M5CL,05/26/2026 8:20:51 AM,8M5CL,D1D,1,8201623,AME421,20,263067,AME421_PM3,P_78_GABON_B10_R4,05/26/2026 12:37:22 AM,10,AME421,20,263067,AME421_PM3,P_78_GABON_B10_R4,05/26/2026 12:37:22 AM,10,,,,8PXMCVBG,FL78.31YJC_SNIP_DLP2428879-1_186
D610243,892,GU4ZC892JKF4,0,0,0,0,0.012807,0,0.003659,0,0,0.1482,0,0,0,0,0,0.014637,0,0,D6102430,PXMG,05/26/2026 1:25:40 AM,BPD436,8M5CL,8M5CL,05/26/2026 8:15:48 AM,8M5CL,D1D,2,8201685,AME421,15,263067,AME421_PM3,P_78_GABON_B10_R4,05/26/2026 12:29:25 AM,8,AME421,15,263067,AME421_PM3,P_78_GABON_B10_R4,05/26/2026 12:29:25 AM,8,,,,8PXMCVBG,FL78.31YJC_SNIP_DLP2428879-1_186
D609187,554,MCLKD554WAG6,0.007319,0,0,0,0,0.003659,0.003659,0,0,0.175644,0,0,0,0.007319,0,0.010978,0.007319,,D6091870,PXMG,05/30/2026 10:20:23 PM,BPD458,8M5CL,8M5CL,07/24/2026 1:58:04 AM,8M5CL,D1D,1,8161287,AME419,12,263067,AME419_PM4,P_78_GABON_B10_R4,05/30/2026 8:31:31 PM,6,AME419,12,263067,AME419_PM4,P_78_GABON_B10_R4,05/30/2026 8:31:31 PM,6,,,,8PXMCVBG,FL78.31YJC_SNIP_DLP2295515-1_29714
D609187,573,MCLKD573WAE1,0.003692,0,0,0,0,0,0.003692,0,0,0.177203,0,0,0,0.003692,0,0.003692,0,,D6091870,PXMG,05/30/2026 10:20:23 PM,BPD458,8M5CL,8M5CL,07/24/2026 5:40:37 AM,8M5CL,D1D,2,8161405,AME419,11,263067,AME419_PM3,P_78_GABON_B10_R4,05/30/2026 8:31:31 PM,6,AME419,11,263067,AME419_PM3,P_78_GABON_B10_R4,05/30/2026 8:31:31 PM,6,,,,8PXMCVBG,FL78.31YJC_SNIP_DLP2295515-1_29714
D608645,114,KJA9W114WFA4,0,0,0,0,0,0.003659,0.018296,0,0,0.190281,0,0.003659,0,0.003659,0,0,0.003659,,D6086450,PXMG,05/28/2026 10:40:47 PM,BPD436,8M5CL,8M5CL,05/29/2026 7:53:36 AM,8M5CL,D1D,1,8134221,AME411,18,263067,AME411_PM4,P_78_GABON_B10_R4,05/28/2026 8:31:29 PM,9,AME411,18,263067,AME411_PM4,P_78_GABON_B10_R4,05/28/2026 8:31:29 PM,9,,,,8PXMCVBG,FL78.31YJC_SNIP_DLP2295515-1_28629
D608645,147,KJA9W147WFE5,0.003692,0,0,0,0.007383,0,0.010521,0,0,0.369726,0,0,0,0.003692,0,0,0,0,D6086450,PXMG,05/28/2026 10:40:47 PM,BPD436,8M5CL,8M5CL,05/29/2026 7:53:52 AM,8M5CL,D1D,2,8134332,AME411,17,263067,AME411_PM3,P_78_GABON_B10_R4,05/28/2026 8:31:29 PM,9,AME411,17,263067,AME411_PM3,P_78_GABON_B10_R4,05/28/2026 8:31:29 PM,9,,,,8PXMCVBG,FL78.31YJC_SNIP_DLP2295515-1_28629
D608645,152,KJA9W152WFC5,0,0.007319,0,0,0,0,0,0,0,0.250293,0,0,0,0.013173,0,0.014637,0.018296,0,D6086450,PXMG,05/28/2026 10:40:47 PM,BPD436,8M5CL,8M5CL,05/29/2026 7:54:03 AM,8M5CL,D1D,3,8134309,AME411,20,263067,AME411_PM4,P_78_GABON_B10_R4,05/28/2026 8:35:09 PM,10,AME411,20,263067,AME411_PM4,P_78_GABON_B10_R4,05/28/2026 8:35:09 PM,10,,,,8PXMCVBG,FL78.31YJC_SNIP_DLP2295515-1_28629
D608645,169,KJA9W169WFA0,0,0,0,0,0.033226,0,0.029534,0,0,0.155052,0,0,0,0,0,0.007383,0,,D6086450,PXMG,05/28/2026 10:40:47 PM,BPD436,8M5CL,8M5CL,05/29/2026 7:45:06 AM,8M5CL,D1D,4,8134187,AME411,13,263067,AME411_PM3,P_78_GABON_B10_R4,05/28/2026 8:24:09 PM,7,AME411,13,263067,AME411_PM3,P_78_GABON_B10_R4,05/28/2026 8:24:09 PM,7,,,,8PXMCVBG,FL78.31YJC_SNIP_DLP2295515-1_28629
D608645,178,KJA9W178WFA2,0,0,0,0,0,0.003659,0,0,0,0.337017,0,0,0,0,0.007136,0.03275,0,0,D6086450,PXMG,05/28/2026 10:40:47 PM,BPD436,8M5CL,8M5CL,05/29/2026 7:53:49 AM,8M5CL,D1D,5,8134145,AME411,14,263067,AME411_PM4,P_78_GABON_B10_R4,05/28/2026 8:24:10 PM,7,AME411,14,263067,AME411_PM4,P_78_GABON_B10_R4,05/28/2026 8:24:10 PM,7,,,,8PXMCVBG,FL78.31YJC_SNIP_DLP2295515-1_28629
D608645,653,KJA9P653WFH2,0,0,0,0,0.007383,0,0.003692,0,0,0.228887,0,0,0,0.007383,0,0.003692,0,,D6086450,PXMG,05/28/2026 10:40:47 PM,BPD436,8M5CL,8M5CL,05/29/2026 7:53:40 AM,8M5CL,D1D,6,8134067,AME411,19,263067,AME411_PM3,P_78_GABON_B10_R4,05/28/2026 8:35:08 PM,10,AME411,19,263067,AME411_PM3,P_78_GABON_B10_R4,05/28/2026 8:35:08 PM,10,,,,8PXMCVBG,FL78.31YJC_SNIP_DLP2295515-1_28629
D610247,17,A2BS5017SLF1,0.003692,0,0,0,0.003692,0.007383,0.003692,0,0,0.162436,0,0.003692,0,0.007383,0,0,0.003692,,D6102470,PXMG,05/30/2026 5:41:21 AM,BPD436,8M5CL,8M5CL,07/19/2026 4:22:49 AM,8M5CL,D1D,1,8201479,AME409,4,263067,AME409_PM4,P_78_GABON_B10_R4,05/30/2026 3:56:41 AM,2,AME409,4,263067,AME409_PM4,P_78_GABON_B10_R4,05/30/2026 3:56:41 AM,2,,,,8PXMCVBG,FL78.31YJC_SNIP_DLP2428887-1_186
D610247,18,A2BS5018SLC0,0,0,0,0,0.003659,0,0.010978,0,0.003659,0.19394,0,0,0,0,0,0.003659,0.003659,,D6102470,PXMG,05/30/2026 5:41:21 AM,BPD436,8M5CL,8M5CL,07/19/2026 5:44:08 AM,8M5CL,D1D,2,8201472,AME409,3,263067,AME409_PM3,P_78_GABON_B10_R4,05/30/2026 3:56:41 AM,2,AME409,3,263067,AME409_PM3,P_78_GABON_B10_R4,05/30/2026 3:56:41 AM,2,,,,8PXMCVBG,FL78.31YJC_SNIP_DLP2428887-1_186
D610225,695,GU4ZC695JKF2,0,0,0,0,0.007383,0,0,0,0,0.12921,0,0,0,0.003692,0,0.007383,0.003692,,D6102250,PXMG,05/29/2026 10:55:13 PM,BPD458,8M5CL,8M5CL,07/27/2026 7:42:35 AM,8M5CL,D1D,1,8191019,AME409,20,263067,AME409_PM4,P_78_GABON_B10_R4,05/29/2026 8:51:59 PM,20,AME409,20,263067,AME409_PM4,P_78_GABON_B10_R4,05/29/2026 8:51:59 PM,20,,,,8PXMCVBG,FL78.31YJC_SNIP_DLP2295515-1_30803
D610225,696,GU4ZC696JKC1,0,0,0,0,0.003659,0.007319,0.003659,0,0,0.190281,0,0,0,0.007319,0.003659,0.010978,0,,D6102250,PXMG,05/29/2026 10:55:13 PM,BPD458,8M5CL,8M5CL,06/01/2026 8:56:00 AM,8M5CL,D1D,2,8191182,AME409,19,263067,AME409_PM4,P_78_GABON_B10_R4,05/29/2026 8:48:28 PM,19,AME409,19,263067,AME409_PM4,P_78_GABON_B10_R4,05/29/2026 8:48:28 PM,19,,,,8PXMCVBG,FL78.31YJC_SNIP_DLP2295515-1_30803
D610225,697,GU4ZC697JKG3,0,0,0,0,0.007383,0,0,0,0,0.273188,0,0,0,0.003692,0,0.007383,0,0,D6102250,PXMG,05/29/2026 10:55:13 PM,BPD458,8M5CL,8M5CL,06/01/2026 8:47:27 AM,8M5CL,D1D,3,8190921,AME409,5,263067,AME409_PM4,P_78_GABON_B10_R4,05/29/2026 7:51:45 PM,5,AME409,5,263067,AME409_PM4,P_78_GABON_B10_R4,05/29/2026 7:51:45 PM,5,,,,8PXMCVBG,FL78.31YJC_SNIP_DLP2295515-1_30803
D610225,698,GU4ZC698JKD2,0,0,0,0,0.003659,0,0,0,0.003659,0.351288,0,0,0,0,0,0.003659,0,0,D6102250,PXMG,05/29/2026 10:55:13 PM,BPD458,8M5CL,8M5CL,07/27/2026 6:03:56 AM,8M5CL,D1D,4,8191113,AME409,12,263067,AME409_PM4,P_78_GABON_B10_R4,05/29/2026 8:21:50 PM,12,AME409,12,263067,AME409_PM4,P_78_GABON_B10_R4,05/29/2026 8:21:50 PM,12,,,,8PXMCVBG,FL78.31YJC_SNIP_DLP2295515-1_30803
D608639,293,KJ7HD293WFG2,0.007383,0,0,0,0.014767,0,0.003692,0,0,0.12921,0,0,0,0,0,0.003692,0,,D6086390,PXMG,05/30/2026 3:47:42 AM,BPD446,8M5CL,8M5CL,07/27/2026 9:55:10 AM,8M5CL,D1D,1,8130237,AME409,16,263067,AME409_PM4,P_78_GABON_B10_R4,05/30/2026 1:51:21 AM,7,AME409,16,263067,AME409_PM4,P_78_GABON_B10_R4,05/30/2026 1:51:21 AM,7,,,,8PXMCVBG,FL78.31YJC_SNIP_DLP2295515-1_28629
D608639,333,KJ7HD333WFA4,0,0,0,0,0.007383,0.003692,0,0,0,0.184586,0,0,0,0.003692,0,0.007383,0,,D6086390,PXMG,05/30/2026 3:47:42 AM,BPD446,8M5CL,8M5CL,07/27/2026 6:33:55 AM,8M5CL,D1D,2,8130325,AME409,11,263067,AME409_PM4,P_78_GABON_B10_R4,05/30/2026 1:42:41 AM,5,AME409,11,263067,AME409_PM4,P_78_GABON_B10_R4,05/30/2026 1:42:41 AM,5,,,,8PXMCVBG,FL78.31YJC_SNIP_DLP2295515-1_28629
D610226,865,GU4ZC865JKE6,0,0,0,0,0,0,0.007383,0,0,0.217812,0,0,0,0.003692,0,0.007383,0,0,D6102260,PXMG,05/30/2026 6:21:36 AM,BPD436,8M5CL,8M5CL,06/01/2026 9:06:48 AM,8M5CL,D1D,1,8191140,AME409,17,263067,AME409_PM3,P_78_GABON_B10_R4,05/30/2026 5:29:29 AM,9,AME409,17,263067,AME409_PM3,P_78_GABON_B10_R4,05/30/2026 5:29:29 AM,9,,,,8PXMCVBG,FL78.31YJC_SNIP_DLP2295515-1_30803
D610226,866,GU4ZC866JKB5,0,0,0,0,0,0,0,0,0,0.204918,0,0,0,0.007319,0,0.003659,0,,D6102260,PXMG,05/30/2026 6:21:36 AM,BPD436,8M5CL,8M5CL,06/01/2026 9:06:52 AM,8M5CL,D1D,2,8191154,AME409,10,263067,AME409_PM4,P_78_GABON_B10_R4,05/30/2026 5:15:06 AM,5,AME409,10,263067,AME409_PM4,P_78_GABON_B10_R4,05/30/2026 5:15:06 AM,5,,,,8PXMCVBG,FL78.31YJC_SNIP_DLP2295515-1_30803
D610238,5,MCLXT005WAB0,0,0,0,0,0.003692,0.003692,0,0,0,0.291646,0,0,0,0.007383,0,0.007383,0,0,D6102380,PXMG,05/29/2026 7:53:06 AM,BPD446,8M5CL,8M5CL,06/01/2026 8:51:46 AM,8M5CL,D1D,1,8198579,AME427,9,263067,AME427_PM3,P_78_GABON_B10_R4,05/29/2026 5:27:20 AM,5,AME427,9,263067,AME427_PM3,P_78_GABON_B10_R4,05/29/2026 5:27:20 AM,5,,,,8PXMCVBG,FL78.31YJC_SNIP_DLP2428870-1_186
D610238,15,MCLXT015WAF4,0,0,0,0,0.003692,0.003692,0,0,0,0.199353,0,0,0,0,0,0.007383,0,,D6102380,PXMG,05/29/2026 7:53:06 AM,BPD446,8M5CL,8M5CL,06/01/2026 8:55:54 AM,8M5CL,D1D,2,8198497,AME427,14,263067,AME427_PM4,P_78_GABON_B10_R4,05/29/2026 5:34:28 AM,7,AME427,14,263067,AME427_PM4,P_78_GABON_B10_R4,05/29/2026 5:34:28 AM,7,,,,8PXMCVBG,FL78.31YJC_SNIP_DLP2428870-1_186
D610233,11,MCLXT011WAD2,0,0,0,0,0.003692,0,0,0,0,0.199353,0,0.003692,0,0,0,0.003692,0,,D6102330,PXMG,05/29/2026 7:14:24 AM,BPD446,8M5CL,8M5CL,06/01/2026 8:56:00 AM,8M5CL,D1D,1,8198751,AME409,8,263067,AME409_PM3,P_78_GABON_B10_R4,05/29/2026 5:06:08 AM,8,AME409,8,263067,AME409_PM3,P_78_GABON_B10_R4,05/29/2026 5:06:08 AM,8,,,,8PXMCVBG,FL78.31YJC_SNIP_DLP2428865-1_186
D610233,20,MCLXT020WAD4,0,0,0,0,0,0,0,0,0,0.186622,0,0,0,0,0,0.003659,0,,D6102330,PXMG,05/29/2026 7:14:24 AM,BPD446,8M5CL,8M5CL,06/01/2026 8:47:14 AM,8M5CL,D1D,2,8198556,AME409,23,263067,AME409_PM3,P_78_GABON_B10_R4,05/29/2026 5:57:12 AM,22,AME409,23,263067,AME409_PM3,P_78_GABON_B10_R4,05/29/2026 5:57:12 AM,22,,,,8PXMCVBG,FL78.31YJC_SNIP_DLP2428865-1_186
D610233,31,MCLXT031WAE7,0.007383,0,0,0,0,0.003692,0,0,0,0.177203,0,0,0,0.011075,0,0.003692,0.040609,,D6102330,PXMG,05/29/2026 7:14:24 AM,BPD446,8M5CL,8M5CL,06/01/2026 8:55:54 AM,8M5CL,D1D,3,8198649,AME409,1,263067,AME409_PM3,P_78_GABON_B10_R4,05/29/2026 4:39:58 AM,1,AME409,1,263067,AME409_PM3,P_78_GABON_B10_R4,05/29/2026 4:39:58 AM,1,,,,8PXMCVBG,FL78.31YJC_SNIP_DLP2428865-1_186
D610233,55,MCLXT055WAB3,0.003692,0,0,0,0,0.003692,0.007383,0,0,0.217812,0,0,0,0,0,0.003692,0,,D6102330,PXMG,05/29/2026 7:14:24 AM,BPD446,8M5CL,8M5CL,06/01/2026 8:47:30 AM,8M5CL,D1D,4,8198533,AME409,21,263067,AME409_PM3,P_78_GABON_B10_R4,05/29/2026 5:49:54 AM,20,AME409,21,263067,AME409_PM3,P_78_GABON_B10_R4,05/29/2026 5:49:54 AM,20,,,,8PXMCVBG,FL78.31YJC_SNIP_DLP2428865-1_186
D610266,306,KJAYT306WFB6,0,0,0,0,0,0,0,0,0,0.351288,0,0,0,0,0,0.014637,0.003659,0,D6102660,PXMG,06/02/2026 6:30:09 AM,BPD446,8M5CL,8M5CL,06/03/2026 8:00:08 AM,8M5CL,D1D,1,8206995,AME427,5,263067,AME427_PM5,P_78_GABON_B10_R4,06/02/2026 5:01:09 AM,3,AME427,5,263067,AME427_PM5,P_78_GABON_B10_R4,06/02/2026 5:01:09 AM,3,,,,8PXMCVBG,FL78.31YJC_SNIP_DLP2428914-1_186
D610266,579,KJAYU579WFA3,0,0,0,0,0.007383,0.009968,0.011075,0,0,0.55339,0,0,0,0.023442,0,0.065344,0.012367,0,D6102660,PXMG,06/02/2026 6:30:09 AM,BPD446,8M5CL,8M5CL,06/03/2026 7:59:57 AM,8M5CL,D1D,2,8206925,AME427,18,263067,AME427_PM6,P_78_GABON_B10_R4,06/02/2026 5:22:57 AM,9,AME427,18,263067,AME427_PM6,P_78_GABON_B10_R4,06/02/2026 5:22:57 AM,9,,,,8PXMCVBG,FL78.31YJC_SNIP_DLP2428914-1_186
D610266,580,KJAYU580WFD4,0,0,0,0,0.003659,0.007319,0,0,0,0.186622,0,0,0,0,0,0.007319,0.003659,,D6102660,PXMG,06/02/2026 4:41:59 PM,BPD436,8M5CL,8M5CL,06/03/2026 7:59:54 AM,8M5CL,D1D,3,8206928,AME427,16,263067,AME427_PM6,P_78_GABON_B10_R4,06/02/2026 5:19:19 AM,8,AME427,16,263067,AME427_PM6,P_78_GABON_B10_R4,06/02/2026 5:19:19 AM,8,,,,8PXMCVBG,FL78.31YJC_SNIP_DLP2428914-1_186
D610266,582,KJAYU582WFE5,0,0,0,0,0.003659,0,0.003659,0,0,0.307377,0,0,0,0.003659,0,0.007319,0,,D6102660,PXMG,06/02/2026 4:41:59 PM,BPD436,8M5CL,8M5CL,06/03/2026 7:59:49 AM,8M5CL,D1D,4,8206998,AME427,14,263067,AME427_PM6,P_78_GABON_B10_R4,06/02/2026 5:15:42 AM,7,AME427,14,263067,AME427_PM6,P_78_GABON_B10_R4,06/02/2026 5:15:42 AM,7,,,,8PXMCVBG,FL78.31YJC_SNIP_DLP2428914-1_186
D610215,109,KJ9HA109WFC1,0,0,0,0,0.010827,0.003609,0.003609,0,0.003609,0.252641,0,0,0,0.003609,0,0.010827,0.003609,,D6102150,PNCB,05/31/2026 6:24:59 AM,BPD446,8M5CL,8M5CL,07/26/2026 11:16:02 PM,8M5CL,D1D,1,8193331,AME409,12,263067,AME409_PM3,P_78_GABON_B10_R4,05/31/2026 5:15:53 AM,6,AME409,12,263067,AME409_PM3,P_78_GABON_B10_R4,05/31/2026 5:15:53 AM,6,,,,8PONCVBB,FL78.3FGTC_SNIP_DLP2428843-1_145
D610215,176,KJ9HA176WFG1,0,0,0,0,0.003584,0,0.003584,0,0,0.207847,0,0,0,0.014334,0,0.007167,0.003584,,D6102150,PNCB,05/31/2026 6:24:59 AM,BPD446,8M5CL,8M5CL,07/26/2026 11:08:03 PM,8M5CL,D1D,2,8193145,AME409,11,263067,AME409_PM4,P_78_GABON_B10_R4,05/31/2026 5:12:08 AM,5,AME409,11,263067,AME409_PM4,P_78_GABON_B10_R4,05/31/2026 5:12:08 AM,5,,,,8PONCVBB,FL78.3FGTC_SNIP_DLP2428843-1_145
D610234,73,GT9ZP073JKH0,0.007383,0,0,0,0.12921,0,0.010521,0,0,0.598613,0,0,0,0.003692,0.003692,0.011075,0,0,D6102340,PXMG,06/01/2026 1:13:48 AM,BPD436,8M5CL,8M5CL,06/01/2026 9:22:39 AM,8M5CL,D1D,1,8198760,AME421,5,263067,AME421_PM3,P_78_GABON_B10_R4,05/31/2026 11:52:00 PM,3,AME421,5,263067,AME421_PM3,P_78_GABON_B10_R4,05/31/2026 11:52:00 PM,3,,,,8PXMCVBG,FL78.31YJC_SNIP_DLP2428866-1_186
D610234,74,GT9ZP074JKD7,0,0,0,0,0.021956,0,0,0,0,0.450088,0,0,0,0,0,0.003659,0,,D6102340,PXMG,06/01/2026 1:13:48 AM,BPD436,8M5CL,8M5CL,06/01/2026 9:22:34 AM,8M5CL,D1D,2,8198658,AME421,22,263067,AME421_PM4,P_78_GABON_B10_R4,06/01/2026 12:26:49 AM,11,AME421,22,263067,AME421_PM4,P_78_GABON_B10_R4,06/01/2026 12:26:49 AM,11,,,,8PXMCVBG,FL78.31YJC_SNIP_DLP2428866-1_186
D610245,671,GU4ZC671JKB3,0,0,0,0,0,0,0,0,0,0.247346,0,0,0,0.003692,0,0.014767,0,0,D6102450,PXMG,06/05/2026 1:17:32 AM,BPD436,8M5CL,8M5CL,06/05/2026 8:57:56 AM,8M5CL,D1D,1,8201210,AME427,8,263067,AME427_PM3,P_78_GABON_B10_R4,06/04/2026 8:54:49 PM,6,AME427,8,263067,AME427_PM3,P_78_GABON_B10_R4,06/04/2026 8:54:49 PM,6,,,,8PXMCVBG,FL78.31YJC_SNIP_DLP2428883-1_186
D610245,672,GU4ZC672JKF5,0,0,0,0,0.010978,0.003659,0.003659,0,0,0.252488,0,0,0,0.007319,0,0.007319,0,0,D6102450,PXMG,06/05/2026 1:17:32 AM,BPD436,8M5CL,8M5CL,06/05/2026 8:57:44 AM,8M5CL,D1D,2,8201177,AME427,7,263067,AME427_PM3,P_78_GABON_B10_R4,06/04/2026 8:51:03 PM,5,AME427,7,263067,AME427_PM3,P_78_GABON_B10_R4,06/04/2026 8:51:03 PM,5,,,,8PXMCVBG,FL78.31YJC_SNIP_DLP2428883-1_186
D610245,674,GU4ZC674JKG6,0,0,0,0,0,0.003659,0.003659,0,0,0.201259,0,0,0,0.007319,0.003659,0.021956,0,,D6102450,PXMG,06/05/2026 1:17:32 AM,BPD436,8M5CL,8M5CL,06/05/2026 8:58:01 AM,8M5CL,D1D,3,8201333,AME427,24,263067,AME427_PM3,P_78_GABON_B10_R4,06/04/2026 9:49:47 PM,21,AME427,24,263067,AME427_PM3,P_78_GABON_B10_R4,06/04/2026 9:49:47 PM,21,,,,8PXMCVBG,FL78.31YJC_SNIP_DLP2428883-1_186
D610245,675,GU4ZC675JKD5,0,0,0,0,0,0,0.003692,0,0,0.29903,0,0,0,0,0,0.007383,0,0,D6102450,PXMG,06/05/2026 1:17:32 AM,BPD436,8M5CL,8M5CL,06/05/2026 8:58:07 AM,8M5CL,D1D,4,8201411,AME427,19,263067,AME427_PM3,P_78_GABON_B10_R4,06/04/2026 9:31:38 PM,16,AME427,19,263067,AME427_PM3,P_78_GABON_B10_R4,06/04/2026 9:31:38 PM,16,,,,8PXMCVBG,FL78.31YJC_SNIP_DLP2428883-1_186
D611325,77,A2BR6077SLA0,0,0,0,0,0.011075,0.003692,0.007383,0,0,0.10706,0,0,0,0,0,0,0.003692,,D6113250,PXMG,06/04/2026 8:42:07 AM,BPD458,8M5CL,8M5CL,06/05/2026 8:50:03 AM,8M5CL,D1D,1,8229498,AME419,4,263067,AME419_PM4,P_78_GABON_B10_R4,06/04/2026 6:47:43 AM,2,AME419,4,263067,AME419_PM4,P_78_GABON_B10_R4,06/04/2026 6:47:43 AM,2,,,,8PXMCVBG,FL78.31YJC_SNIP_DLP2295515-1_33395
D611325,78,A2BR6078SLE2,0,0,0,0,0.007319,0,0,0,0,0.223214,0,0,0,0.007319,0,0.018296,0.007319,0,D6113250,PXMG,06/04/2026 8:42:07 AM,BPD458,8M5CL,8M5CL,06/05/2026 8:48:27 AM,8M5CL,D1D,2,8229593,AME419,7,263067,AME419_PM3,P_78_GABON_B10_R4,06/04/2026 6:54:50 AM,4,AME419,7,263067,AME419_PM3,P_78_GABON_B10_R4,06/04/2026 6:54:50 AM,4,,,,8PXMCVBG,FL78.31YJC_SNIP_DLP2295515-1_33395
D609174,44,MCLPG044WAA5,0.003659,0,0,0,0.010978,0.007319,0.003659,0,0,0.274444,0.003659,0,0,0.003659,0,0.014637,0,0,D6091740,PXMG,06/03/2026 5:51:35 PM,BPD458,8M5CL,8M5CL,06/04/2026 8:25:36 AM,8M5CL,D1D,1,8156125,AME421,17,263067,AME421_PM1,P_78_GABON_B10_R4,06/03/2026 1:58:28 PM,9,AME421,17,263067,AME421_PM1,P_78_GABON_B10_R4,06/03/2026 1:58:28 PM,9,,,,8PXMCVBG,FL78.31YJC_SNIP_DLP2295515-1_29714
D609174,51,MCLPG051WAH1,0,0,0,0,0.003692,0,0,0,0,0.217812,0,0,0,0,0.003692,0.003692,0,0,D6091740,PXMG,06/03/2026 5:51:35 PM,BPD458,8M5CL,8M5CL,06/04/2026 8:25:56 AM,8M5CL,D1D,2,8156338,AME421,6,263067,AME421_PM2,P_78_GABON_B10_R4,06/03/2026 1:36:44 PM,3,AME421,6,263067,AME421_PM2,P_78_GABON_B10_R4,06/03/2026 1:36:44 PM,3,,,,8PXMCVBG,FL78.31YJC_SNIP_DLP2295515-1_29714
D609174,80,MCLPG080WAB5,0.003659,0,0,0,0.007319,0.009148,0,0,0,0.276273,0,0,0,0,0,0.003659,0.003659,0,D6091740,PXMG,06/03/2026 5:51:35 PM,BPD458,8M5CL,8M5CL,06/04/2026 8:25:55 AM,8M5CL,D1D,3,8156168,AME421,13,263067,AME421_PM1,P_78_GABON_B10_R4,06/03/2026 1:51:13 PM,7,AME421,13,263067,AME421_PM1,P_78_GABON_B10_R4,06/03/2026 1:51:13 PM,7,,,,8PXMCVBG,FL78.31YJC_SNIP_DLP2295515-1_29714
D609174,538,MCLKB538WAG5,0,0,0,0,0.003659,0,0,0,0,0.263466,0,0,0,0,0,0.003659,0,0,D6091740,PXMG,06/03/2026 5:51:35 PM,BPD458,8M5CL,8M5CL,06/04/2026 8:25:44 AM,8M5CL,D1D,4,8156211,AME421,25,263067,AME421_PM1,P_78_GABON_B10_R4,06/03/2026 2:14:33 PM,13,AME421,25,263067,AME421_PM1,P_78_GABON_B10_R4,06/03/2026 2:14:33 PM,13,,,,8PXMCVBG,FL78.31YJC_SNIP_DLP2295515-1_29714
D611305,419,GU1PT419JKD0,0,0,0,0,0.007218,0.003609,0.007218,0,0,0.327815,0,0,0,0.011446,0,0,0,0,D6113050,PNCB,06/03/2026 1:01:28 PM,BPD458,8M5CL,8M5CL,06/04/2026 8:25:38 AM,8M5CL,D1D,1,8243130,AME427,12,263067,AME427_PM2,P_78_GABON_B10_R4,06/03/2026 11:00:49 AM,12,AME427,12,263067,AME427_PM2,P_78_GABON_B10_R4,06/03/2026 11:00:49 AM,12,,,,8PONCVBB,FL78.3FGTC_SNIP_DLP2436346-1_417
D611305,420,GU1PT420JKG1,0,0,0,0,0,0.003584,0,0,0,0.326104,0,0,0,0.003584,0,0.003584,0.003584,,D6113050,PNCB,06/03/2026 1:01:28 PM,BPD458,8M5CL,8M5CL,06/04/2026 8:25:32 AM,8M5CL,D1D,2,8243147,AME427,11,263067,AME427_PM2,P_78_GABON_B10_R4,06/03/2026 10:57:17 AM,11,AME427,11,263067,AME427_PM2,P_78_GABON_B10_R4,06/03/2026 10:57:17 AM,11,,,,8PONCVBB,FL78.3FGTC_SNIP_DLP2436346-1_417
D610888,227,A2AL6227SLA1,0,0,0,0,0.006375,0.003188,0.006375,0,0,97.792653,0,0,0,0.006375,0.003188,0.006375,0.006375,0,D610888A,PD5B,06/01/2026 11:50:25 PM,BPD436,8M5CL,8M5CL,06/10/2026 12:13:51 PM,8M5CL,D1D,1,8389456,AME409,13,263067,AME409_PM3,P_78_GABON_B10_R4,05/29/2026 6:03:08 PM,1,AME409,13,263067,AME409_PM3,P_78_GABON_B10_R4,05/29/2026 6:03:08 PM,1,,,,8PD5CVB,FL78.6U1KE_SNIP_B0204_E266385
D610888,228,A2AL6228SLE3,0,0,0,0,0.006294,0.003147,0,0,0,82.496452,0,0,0,0.006294,0.006294,0.003147,0,0,D610888A,PD5B,06/01/2026 11:50:25 PM,BPD436,8M5CL,8M5CL,06/10/2026 12:14:20 PM,8M5CL,D1D,2,8389529,AME409,14,263067,AME409_PM4,P_78_GABON_B10_R4,05/29/2026 6:03:08 PM,1,AME409,14,263067,AME409_PM4,P_78_GABON_B10_R4,05/29/2026 6:03:08 PM,1,,,,8PD5CVB,FL78.6U1KE_SNIP_B0204_E266385
D610229,61,A29ZA061SLD3,0,0,0,0,0.014582,0.003692,0,0,0,0.358282,0,0,0,0,0,0,0,0,D6102290,PXMG,05/31/2026 1:56:22 AM,BPD446,8M5CL,8M5CL,06/01/2026 9:06:49 AM,8M5CL,D1D,1,8191021,AME421,24,263067,AME421_PM2,P_78_GABON_B10_R4,05/31/2026 12:39:55 AM,12,AME421,24,263067,AME421_PM2,P_78_GABON_B10_R4,05/31/2026 12:39:55 AM,12,,,,8PXMCVBG,FL78.31YJC_SNIP_DLP2295515-1_30803
D610229,69,A2BMH069SLD1,0,0,0,0,0.003692,0,0,0,0,0.305675,0,0,0,0,0.008122,0.003692,0.003692,0,D6102290,PXMG,05/31/2026 1:56:22 AM,BPD446,8M5CL,8M5CL,06/01/2026 9:06:40 AM,8M5CL,D1D,2,8190922,AME421,23,263067,AME421_PM1,P_78_GABON_B10_R4,05/31/2026 12:39:55 AM,12,AME421,23,263067,AME421_PM1,P_78_GABON_B10_R4,05/31/2026 12:39:55 AM,12,,,,8PXMCVBG,FL78.31YJC_SNIP_DLP2295515-1_30803
D609137,61,GT9ZQ061JKB6,0.003609,0,0,0,0.007218,0,0.003609,0,0,0.202113,0,0,0,0,0,0,0,,D6091370,PNCB,05/31/2026 9:22:59 AM,BPD436,8M5CL,8M5CL,06/01/2026 9:22:23 AM,8M5CL,D1D,1,8169643,AME409,24,263067,AME409_PM4,P_78_GABON_B10_R4,05/31/2026 7:19:12 AM,12,AME409,24,263067,AME409_PM4,P_78_GABON_B10_R4,05/31/2026 7:19:12 AM,12,,,,8PONCVBB,FL78.3FGTC_SNIP_DLP2295522-1_20815
D609137,62,GT9ZQ062JKG0,0,0,0,0,0.096756,0,0.003584,0,0,0.193512,0,0,0,0.007167,0,0.007167,0,,D6091370,PNCB,05/31/2026 9:22:59 AM,BPD436,8M5CL,8M5CL,06/01/2026 9:22:35 AM,8M5CL,D1D,2,8169542,AME409,3,263067,AME409_PM3,P_78_GABON_B10_R4,05/31/2026 6:42:53 AM,2,AME409,3,263067,AME409_PM3,P_78_GABON_B10_R4,05/31/2026 6:42:53 AM,2,,,,8PONCVBB,FL78.3FGTC_SNIP_DLP2295522-1_20815
D611320,173,MCLPG173WAB5,0,0,0,0,0.003692,0.011075,0.007383,0,0,0.278172,0,0,0,0.003692,0,0.031933,0,0,D6113200,PXMG,05/31/2026 1:29:37 AM,BPD454,8M5CL,8M5CL,06/01/2026 9:06:31 AM,8M5CL,D1D,1,8229447,AME427,5,263067,AME427_PM3,P_78_GABON_B10_R4,05/30/2026 11:55:29 PM,3,AME427,5,263067,AME427_PM3,P_78_GABON_B10_R4,05/30/2026 11:55:29 PM,3,,,,8PXMCVBG,FL78.31YJC_SNIP_DLP2295515-1_33395
D611320,196,MCLPG196WAB2,0,0,0,0,0.003659,0.003659,0,0,0,0.241511,0,0,0,0.003659,0,0.003659,0,0,D6113200,PXMG,05/31/2026 1:29:37 AM,BPD454,8M5CL,8M5CL,06/01/2026 9:06:40 AM,8M5CL,D1D,2,8229409,AME427,6,263067,AME427_PM4,P_78_GABON_B10_R4,05/30/2026 11:55:29 PM,3,AME427,6,263067,AME427_PM4,P_78_GABON_B10_R4,05/30/2026 11:55:29 PM,3,,,,8PXMCVBG,FL78.31YJC_SNIP_DLP2295515-1_33395
D609164,532,5DXDW532MVB6,0,0,0,0,0.003659,0.003659,0,0,0,0.256148,0,0,0,0.003659,0,0.010978,0,0,D6091640,PXMG,05/31/2026 3:11:40 PM,BPD446,8M5CL,8M5CL,06/01/2026 9:22:42 AM,8M5CL,D1D,1,8155306,AME409,25,263067,AME409_PM3,P_78_GABON_B10_R4,05/31/2026 12:25:54 PM,13,AME409,25,263067,AME409_PM3,P_78_GABON_B10_R4,05/31/2026 12:25:54 PM,13,,,,8PXMCVBG,FL78.31YJC_SNIP_DLP2295515-1_29714
D609164,537,5DXDW537MVA7,0,0,0,0,0,0,0,0,0,0.232579,0,0,0,0,0,0,0,0,D6091640,PXMG,05/31/2026 3:11:40 PM,BPD446,8M5CL,8M5CL,06/01/2026 9:22:36 AM,8M5CL,D1D,2,8155276,AME409,6,263067,AME409_PM4,P_78_GABON_B10_R4,05/31/2026 11:50:05 AM,3,AME409,6,263067,AME409_PM4,P_78_GABON_B10_R4,05/31/2026 11:50:05 AM,3,,,,8PXMCVBG,FL78.31YJC_SNIP_DLP2295515-1_29714
D610254,370,KJAAC370WFD1,0.007319,0,0,0,0,0.003659,0,0,0,0.285239,0,0,0,0,0,0.007501,0,0,D6102540,PXMG,06/06/2026 6:45:22 PM,BPD436,8M5CL,8M5CL,06/07/2026 1:08:38 PM,8M5CL,D1D,1,8203438,AME403,5,263067,AME403_PM3,P_78_GABON_B10_R4,06/06/2026 3:56:05 PM,5,AME403,5,263067,AME403_PM3,P_78_GABON_B10_R4,06/06/2026 3:56:05 PM,5,,,,8PXMCVBG,FL78.31YJC_SNIP_DLP2428897-1_186
D610254,422,KJAAC422WFD0,0.003659,0,0,0,0.007319,0.007319,0.003659,0,0,0.307377,0,0,0,0,0,0.021956,0,,D6102540,PXMG,06/06/2026 6:45:22 PM,BPD436,8M5CL,8M5CL,06/07/2026 1:08:26 PM,8M5CL,D1D,2,8203492,AME403,22,263067,AME403_PM3,P_78_GABON_B10_R4,06/06/2026 4:50:10 PM,20,AME403,22,263067,AME403_PM3,P_78_GABON_B10_R4,06/06/2026 4:50:10 PM,20,,,,8PXMCVBG,FL78.31YJC_SNIP_DLP2428897-1_186
D610254,425,KJAAC425WFB0,0,0,0,0,0.007383,0.003692,0.003692,0,0,0.328564,0,0,0,0,0,0,0,0,D6102540,PXMG,06/06/2026 6:45:22 PM,BPD436,8M5CL,8M5CL,06/07/2026 1:08:32 PM,8M5CL,D1D,3,8203463,AME403,13,263067,AME403_PM3,P_78_GABON_B10_R4,06/06/2026 4:25:11 PM,13,AME403,13,263067,AME403_PM3,P_78_GABON_B10_R4,06/06/2026 4:25:11 PM,13,,,,8PXMCVBG,FL78.31YJC_SNIP_DLP2428897-1_186
D610254,435,KJAAC435WFF4,0,0,0,0,0.007383,0.003692,0,0,0,0.310105,0,0,0,0.007383,0,0.014767,0,0,D6102540,PXMG,06/06/2026 6:45:22 PM,BPD436,8M5CL,8M5CL,06/07/2026 1:01:45 PM,8M5CL,D1D,4,8203553,AME403,16,263067,AME403_PM3,P_78_GABON_B10_R4,06/06/2026 4:35:42 PM,16,AME403,16,263067,AME403_PM3,P_78_GABON_B10_R4,06/06/2026 4:35:42 PM,16,,,,8PXMCVBG,FL78.31YJC_SNIP_DLP2428897-1_186
D610257,439,MCLKB439WAE3,0,0,0,0,0,0,0,0,0,0.147669,0,0,0,0.003692,0,0.011075,0,,D6102570,PXMG,06/06/2026 1:43:18 PM,BPD454,8M5CL,8M5CL,06/07/2026 12:58:57 PM,8M5CL,D1D,1,8203336,AME409,8,263067,AME409_PM3,P_78_GABON_B10_R4,06/06/2026 9:31:30 AM,4,AME409,8,263067,AME409_PM3,P_78_GABON_B10_R4,06/06/2026 9:31:30 AM,4,,,,8PXMCVBG,FL78.31YJC_SNIP_DLP2428900-1_186
D610257,446,MCLKB446WAD4,0,0,0,0,0,0,0,0,0,0.139052,0,0,0,0.003659,0,0.021956,0,,D6102570,PXMG,06/06/2026 1:43:18 PM,BPD454,8M5CL,8M5CL,06/07/2026 12:59:07 PM,8M5CL,D1D,2,8203288,AME409,15,263067,AME409_PM4,P_78_GABON_B10_R4,06/06/2026 9:42:38 AM,7,AME409,15,263067,AME409_PM4,P_78_GABON_B10_R4,06/06/2026 9:42:38 AM,7,,,,8PXMCVBG,FL78.31YJC_SNIP_DLP2428900-1_186
D610259,336,KJ9HD336WFC2,0,0,0,0,0,0,0,0,0,0.267125,0,0,0,0,0,0.007319,0.007319,0,D6102590,PXMG,06/06/2026 9:04:33 AM,BPD446,8M5CL,8M5CL,06/07/2026 12:58:57 PM,8M5CL,D1D,1,8203379,AME419,12,263067,AME419_PM6,P_78_GABON_B10_R4,06/06/2026 7:40:24 AM,3,AME419,12,263067,AME419_PM6,P_78_GABON_B10_R4,06/06/2026 7:40:24 AM,3,,,,8PXMCVBG,FL78.31YJC_SNIP_DLP2428903-1_186
D610259,337,KJ9HD337WFG4,0,0,0,0,0.007383,0,0,0,0,0.324872,0,0,0,0,0,0.007383,0,0,D6102590,PXMG,06/06/2026 9:04:33 AM,BPD446,8M5CL,8M5CL,06/07/2026 12:59:03 PM,8M5CL,D1D,2,8203493,AME419,19,263067,AME419_PM5,P_78_GABON_B10_R4,06/06/2026 7:47:39 AM,5,AME419,19,263067,AME419_PM5,P_78_GABON_B10_R4,06/06/2026 7:47:39 AM,5,,,,8PXMCVBG,FL78.31YJC_SNIP_DLP2428903-1_186
D610259,340,KJ9HD340WFD3,0.003659,0,0,0,0.003659,0,0,0,0,0.392455,0,0,0,0.013722,0,0.003659,0.010978,0,D6102590H,PXMG,06/06/2026 8:29:07 AM,BPD446,8M5CL,8M5CL,06/07/2026 1:08:53 PM,8M5CL,D1D,1,8740428,AME409,6,263067,AME409_PM3,P_78_GABON_B10_R4,06/06/2026 6:50:34 AM,4,AME409,6,263067,AME409_PM3,P_78_GABON_B10_R4,06/06/2026 6:50:34 AM,4,,,,8PXMCVBG,FL78.31YJC_SNIP_DLP2428903-1_186
D610259,344,KJ9HD344WFF5,0,0,0,0,0.003659,0.003659,0,0,0,0.256148,0,0,0,0.003659,0,0.003659,0.003659,0,D6102590H,PXMG,06/06/2026 8:29:07 AM,BPD446,8M5CL,8M5CL,06/07/2026 1:08:38 PM,8M5CL,D1D,2,8740443,AME409,17,263067,AME409_PM3,P_78_GABON_B10_R4,06/06/2026 7:10:31 AM,9,AME409,17,263067,AME409_PM3,P_78_GABON_B10_R4,06/06/2026 7:10:31 AM,9,,,,8PXMCVBG,FL78.31YJC_SNIP_DLP2428903-1_186
D610259,346,KJ9HD346WFG6,0,0,0.003659,0,0,0.003659,0,0,0,0.329333,0,0,0,0.003659,0,0.007319,0,0,D6102590H,PXMG,06/06/2026 8:29:07 AM,BPD446,8M5CL,8M5CL,06/07/2026 1:08:46 PM,8M5CL,D1D,3,8740396,AME409,20,263067,AME409_PM3,P_78_GABON_B10_R4,06/06/2026 7:17:53 AM,11,AME409,20,263067,AME409_PM3,P_78_GABON_B10_R4,06/06/2026 7:17:53 AM,11,,,,8PXMCVBG,FL78.31YJC_SNIP_DLP2428903-1_186
D610259,361,KJ9HD361WFB7,0,0,0,0,0.007753,0,0,0,0,0.342961,0,0,0,0.007383,0,0.003692,0.044301,0,D6102590H,PXMG,06/06/2026 8:29:07 AM,BPD446,8M5CL,8M5CL,06/07/2026 1:08:47 PM,8M5CL,D1D,4,8740362,AME409,16,263067,AME409_PM3,P_78_GABON_B10_R4,06/06/2026 7:06:42 AM,8,AME409,16,263067,AME409_PM3,P_78_GABON_B10_R4,06/06/2026 7:06:42 AM,8,,,,8PXMCVBG,FL78.31YJC_SNIP_DLP2428903-1_186
D610882,623,5DXKH623MVB2,0,0,0,0,0,0.069296,0,0,0,37.6102,0,0.003188,0,0,0,0.003188,0,0,D6108820,PD5B,06/12/2026 3:39:03 PM,BPD446,8M5CL,8M5CL,06/17/2026 10:14:32 AM,8M5CL,D1D,1,8191316,AME427,17,263067,AME427_PM3,P_78_GABON_B10_R4,06/12/2026 2:25:02 PM,9,AME427,17,263067,AME427_PM3,P_78_GABON_B10_R4,06/12/2026 2:25:02 PM,9,,,,8PD5CVB,FL78.6U1KE_SNIP_B0204_E266385
D610882,628,5DXKH628MVA3,0,0,0,0,0.003147,0,0.003147,0,0,48.362376,0,0,0,0.003147,0,0.006294,0,0,D6108820,PD5B,06/12/2026 3:39:03 PM,BPD446,8M5CL,8M5CL,06/17/2026 10:15:16 AM,8M5CL,D1D,2,8191469,AME427,10,263067,AME427_PM4,P_78_GABON_B10_R4,06/12/2026 2:10:45 PM,5,AME427,10,263067,AME427_PM4,P_78_GABON_B10_R4,06/12/2026 2:10:45 PM,5,,,,8PD5CVB,FL78.6U1KE_SNIP_B0204_E266385
D610871,40,MCLXT040WAF1,0,0,0,0,0.022983,0.012661,0.008629,0,0,1.040124,0,0,0,0.009193,0,0.022983,0,0,D6108710,PR8B,06/11/2026 1:52:54 PM,BPD458,8M5CL,8M5CL,06/12/2026 8:16:24 AM,8M5CL,D1D,1,8213309,AME419,8,263067,AME419_PM6,P_78_GABON_B10_R4,06/11/2026 11:55:56 AM,4,AME419,8,263067,AME419_PM6,P_78_GABON_B10_R4,06/11/2026 11:55:56 AM,4,,,,8PR8CVB,FL78.6H0QE_SNIP_DLP2428772-1_1
D610871,45,MCLXT045WAE2,0,0,0,0,0,0,0.006494,0,0,0.18509,0,0,0,0,0,0.012989,0.003247,,D6108710,PR8B,06/11/2026 1:52:54 PM,BPD458,8M5CL,8M5CL,06/12/2026 8:16:15 AM,8M5CL,D1D,2,8213245,AME419,11,263067,AME419_PM5,P_78_GABON_B10_R4,06/11/2026 12:03:07 PM,6,AME419,11,263067,AME419_PM5,P_78_GABON_B10_R4,06/11/2026 12:03:07 PM,6,,,,8PR8CVB,FL78.6H0QE_SNIP_DLP2428772-1_1
D610871,46,MCLXT046WAB1,0.013957,0,0,0,0.003489,0.006979,0,0,0,0.209358,0,0,0,0.006979,0,0,0.003489,,D6108710,PR8B,06/11/2026 1:52:54 PM,BPD458,8M5CL,8M5CL,06/12/2026 8:16:26 AM,8M5CL,D1D,3,8213297,AME419,10,263067,AME419_PM6,P_78_GABON_B10_R4,06/11/2026 11:59:32 AM,5,AME419,10,263067,AME419_PM6,P_78_GABON_B10_R4,06/11/2026 11:59:32 AM,5,,,,8PR8CVB,FL78.6H0QE_SNIP_DLP2428772-1_1
D610255,102,KJA9Y102WFD0,0.053485,0,0,0,0.008522,0.008522,0.009725,0,0,0.251987,0,0,0,0.043761,0.019449,0.036492,0.043761,0,D6102550,PXMG,06/08/2026 7:56:59 AM,BPD436,8M5CL,8M5CL,06/09/2026 6:19:01 AM,8M5CL,D1D,1,8203435,AME427,8,263067,AME427_PM3,P_78_GABON_B10_R4,06/08/2026 6:37:26 AM,3,AME427,8,263067,AME427_PM3,P_78_GABON_B10_R4,06/08/2026 6:37:26 AM,3,,,,8PXMCVBG,FL78.31YJC_SNIP_DLP2428898-1_186
D610255,166,KJA9Y166WFC6,0,0,0,0,0.003659,0,0.003659,0,0,0.267125,0,0,0,0.018296,0.003659,0.025615,0,,D6102550,PXMG,06/08/2026 7:56:59 AM,BPD436,8M5CL,8M5CL,06/09/2026 6:18:56 AM,8M5CL,D1D,2,8203391,AME427,7,263067,AME427_PM4,P_78_GABON_B10_R4,06/08/2026 6:33:51 AM,2,AME427,7,263067,AME427_PM4,P_78_GABON_B10_R4,06/08/2026 6:33:51 AM,2,,,,8PXMCVBG,FL78.31YJC_SNIP_DLP2428898-1_186
D610255,206,KJA9Y206WFE3,0,0,0,0,0,0.003659,0,0,0,0.153689,0,0,0,0.003659,0,0.007319,0,,D6102550,PXMG,06/08/2026 10:24:59 PM,BPD454,8M5CL,8M5CL,06/09/2026 9:18:09 AM,8M5CL,D1D,3,8203416,AME427,3,263067,AME427_PM4,P_78_GABON_B10_R4,06/08/2026 6:30:17 AM,1,AME427,3,263067,AME427_PM4,P_78_GABON_B10_R4,06/08/2026 6:30:17 AM,1,,,,8PXMCVBG,FL78.31YJC_SNIP_DLP2428898-1_186
D610255,218,KJA9Y218WFC5,0,0,0,0,0,0,0.022108,0,0,0.126854,0,0,0,0.008843,0.013265,0.008843,0.017686,0,D6102550,PXMG,06/08/2026 10:24:59 PM,BPD454,8M5CL,8M5CL,06/09/2026 9:18:04 AM,8M5CL,D1D,4,8203446,AME427,16,263067,AME427_PM3,P_78_GABON_B10_R4,06/08/2026 6:48:45 AM,6,AME427,16,263067,AME427_PM3,P_78_GABON_B10_R4,06/08/2026 6:48:45 AM,6,,,,8PXMCVBG,FL78.31YJC_SNIP_DLP2428898-1_186
D610255,220,KJA9Y220WFC5,0.003659,0,0,0,0,0,0.014637,0,0,0.142711,0,0,0,0.018296,0,0.029274,0,,D6102550,PXMG,06/08/2026 10:24:59 PM,BPD454,8M5CL,8M5CL,06/09/2026 9:17:55 AM,8M5CL,D1D,5,8203504,AME427,12,263067,AME427_PM4,P_78_GABON_B10_R4,06/08/2026 6:41:00 AM,4,AME427,12,263067,AME427_PM4,P_78_GABON_B10_R4,06/08/2026 6:41:00 AM,4,,,,8PXMCVBG,FL78.31YJC_SNIP_DLP2428898-1_186
D610255,170,KJA9Y170WFD7,0,0,0,0,0.003659,0.003659,0,0,0,0.186622,0,0,0,0,0,0.014637,0.003659,,D6102550S,PXMG,06/08/2026 10:38:38 AM,BPD454,8M5CL,8M5CL,06/09/2026 6:17:56 AM,8M5CL,D1D,1,8751570,AME411,22,263067,AME411_PM1,P_78_GABON_B10_R4,06/08/2026 9:20:03 AM,10,AME411,22,263067,AME411_PM1,P_78_GABON_B10_R4,06/08/2026 9:20:03 AM,10,,,,8PXMCVBG,FL78.31YJC_SNIP_DLP2428898-1_186
D610255,172,KJA9Y172WFF0,0,0,0,0,0.007319,0.003659,0.010978,0,0,0.186622,0,0,0,0,0,0.003659,0,,D6102550S,PXMG,06/08/2026 10:38:38 AM,BPD454,8M5CL,8M5CL,06/09/2026 6:18:14 AM,8M5CL,D1D,2,8751565,AME411,6,263067,AME411_PM1,P_78_GABON_B10_R4,06/08/2026 8:55:12 AM,3,AME411,6,263067,AME411_PM1,P_78_GABON_B10_R4,06/08/2026 8:55:12 AM,3,,,,8PXMCVBG,FL78.31YJC_SNIP_DLP2428898-1_186
D610255,174,KJA9Y174WFG1,0,0,0,0,0.003659,0,0.014637,0,0,0.219555,0,0,0,0,0.003659,0.010978,0,,D6102550S,PXMG,06/08/2026 10:38:38 AM,BPD454,8M5CL,8M5CL,06/09/2026 6:19:02 AM,8M5CL,D1D,3,8751530,AME411,2,263067,AME411_PM1,P_78_GABON_B10_R4,06/08/2026 8:48:04 AM,1,AME411,2,263067,AME411_PM1,P_78_GABON_B10_R4,06/08/2026 8:48:04 AM,1,,,,8PXMCVBG,FL78.31YJC_SNIP_DLP2428898-1_186
D610255,177,KJA9Y177WFE1,0.003692,0,0,0,0.003692,0.007383,0.007383,0,0,0.210428,0,0,0,0.033226,0,0.02215,0,,D6102550S,PXMG,06/08/2026 10:38:38 AM,BPD454,8M5CL,8M5CL,06/09/2026 6:18:55 AM,8M5CL,D1D,4,8751563,AME411,4,263067,AME411_PM1,P_78_GABON_B10_R4,06/08/2026 8:51:38 AM,2,AME411,4,263067,AME411_PM1,P_78_GABON_B10_R4,06/08/2026 8:51:38 AM,2,,,,8PXMCVBG,FL78.31YJC_SNIP_DLP2428898-1_186
D611324,265,GU1PT265JKC7,0.007383,0,0,0,0,0.013475,0,0,0,0.497276,0,0.006091,0,0.018459,0,0.02215,0.011075,0,D6113240,PXMG,06/07/2026 11:42:41 PM,BPD436,8M5CL,8M5CL,06/08/2026 8:39:58 AM,8M5CL,D1D,1,8229455,AME417,1,263067,AME417_PM4,P_78_GABON_B10_R4,06/07/2026 8:19:25 PM,1,AME417,1,263067,AME417_PM4,P_78_GABON_B10_R4,06/07/2026 8:19:25 PM,1,,,,8PXMCVBG,FL78.31YJC_SNIP_DLP2295515-1_33395
D611324,266,GU1PT266JKH1,0,0,0,0,0.003659,0.021956,0.007319,0,0,0.453747,0,0,0,0.029274,0,0.010978,0,0,D6113240,PXMG,06/07/2026 11:42:41 PM,BPD436,8M5CL,8M5CL,06/08/2026 8:40:08 AM,8M5CL,D1D,2,8229544,AME417,6,263067,AME417_PM4,P_78_GABON_B10_R4,06/07/2026 8:26:55 PM,3,AME417,6,263067,AME417_PM4,P_78_GABON_B10_R4,06/07/2026 8:26:55 PM,3,,,,8PXMCVBG,FL78.31YJC_SNIP_DLP2295515-1_33395
D611326,43,A2CJQ043SLB6,0,0,0,0,0.011075,0.003692,0,0,0,0.10706,0,0,0,0.007383,0,0.011075,0,,D6113260,PXMG,06/07/2026 8:54:17 AM,BPD454,8M5CL,8M5CL,06/08/2026 7:46:11 AM,8M5CL,D1D,1,8229609,AME419,9,263067,AME419_PM6,P_78_GABON_B10_R4,06/07/2026 7:21:30 AM,5,AME419,9,263067,AME419_PM6,P_78_GABON_B10_R4,06/07/2026 7:21:30 AM,5,,,,8PXMCVBG,FL78.31YJC_SNIP_DLP2295515-1_33395
D611326,45,A2AFY045SLE7,0,0,0,0,0,0.003692,0.003692,0,0,0.188047,0,0,0,0,0,0.011306,0,0,D6113260,PXMG,06/07/2026 8:54:17 AM,BPD454,8M5CL,8M5CL,06/08/2026 7:44:55 AM,8M5CL,D1D,2,8229469,AME419,18,263067,AME419_PM6,P_78_GABON_B10_R4,06/07/2026 7:33:55 AM,8,AME419,18,263067,AME419_PM6,P_78_GABON_B10_R4,06/07/2026 7:33:55 AM,8,,,,8PXMCVBG,FL78.31YJC_SNIP_DLP2295515-1_33395
D611326,48,A2AFY048SLC7,0,0,0,0,0.003659,0.003659,0.003659,0,0,0.120755,0,0,0,0.007319,0,0.007319,0.007319,,D6113260N,PXMG,06/07/2026 10:48:32 AM,BPD454,8M5CL,8M5CL,06/08/2026 7:45:10 AM,8M5CL,D1D,1,8745696,AME411,1,263067,AME411_PM1,P_78_GABON_B10_R4,06/07/2026 7:31:15 AM,1,AME411,1,263067,AME411_PM1,P_78_GABON_B10_R4,06/07/2026 7:31:15 AM,1,,,,8PXMCVBG,FL78.31YJC_SNIP_DLP2295515-1_33395
D611326,66,A29ZA066SLC4,0,0,0,0,0.025615,0.003659,0.018296,0,0,0.164666,0,0,0,0.003659,0,0,0.007319,,D6113260N,PXMG,06/07/2026 10:48:32 AM,BPD454,8M5CL,8M5CL,06/08/2026 7:46:29 AM,8M5CL,D1D,2,8745711,AME411,20,263067,AME411_PM1,P_78_GABON_B10_R4,06/07/2026 8:02:12 AM,9,AME411,20,263067,AME411_PM1,P_78_GABON_B10_R4,06/07/2026 8:02:12 AM,9,,,,8PXMCVBG,FL78.31YJC_SNIP_DLP2295515-1_33395
D611326,82,A2BDY082SLG0,0,0,0,0,0,0,0,0,0,0.218457,0,0.003659,0,0.004208,0.007867,0.007319,0.003659,0,D6113260N,PXMG,06/07/2026 10:48:32 AM,BPD454,8M5CL,8M5CL,06/08/2026 7:46:23 AM,8M5CL,D1D,3,8745620,AME411,23,263067,AME411_PM1,P_78_GABON_B10_R4,06/07/2026 8:09:17 AM,11,AME411,23,263067,AME411_PM1,P_78_GABON_B10_R4,06/07/2026 8:09:17 AM,11,,,,8PXMCVBG,FL78.31YJC_SNIP_DLP2295515-1_33395
D611326,203,A2AQR203SLH0,0,0,0,0,0.003692,0.005907,0,0,0,0.215597,0,0,0,0.003692,0,0.007383,0,0,D6113260N,PXMG,06/07/2026 10:48:32 AM,BPD454,8M5CL,8M5CL,06/08/2026 7:46:40 AM,8M5CL,D1D,4,8745712,AME411,22,263067,AME411_PM1,P_78_GABON_B10_R4,06/07/2026 8:05:46 AM,10,AME411,22,263067,AME411_PM1,P_78_GABON_B10_R4,06/07/2026 8:05:46 AM,10,,,,8PXMCVBG,FL78.31YJC_SNIP_DLP2295515-1_33395
D611324,267,GU1PT267JKE0,0.003692,0,0,0,0.003692,0.015505,0.005907,0,0,0.223719,0,0,0,0.007383,0,0.01329,0,0,D6113240J,PXMG,06/07/2026 9:40:14 PM,BPD454,8M5CL,8M5CL,06/08/2026 7:45:11 AM,8M5CL,D1D,1,8748465,AME403,5,263067,AME403_PM3,P_78_GABON_B10_R4,06/07/2026 7:39:12 PM,3,AME403,5,263067,AME403_PM3,P_78_GABON_B10_R4,06/07/2026 7:39:12 PM,3,,,,8PXMCVBG,FL78.31YJC_SNIP_DLP2295515-1_33395
D611324,269,GU1PT269JKF1,0,0,0,0,0.003692,0.003692,0.003692,0,0,0.121827,0,0,0,0.003692,0,0.003692,0,,D6113240J,PXMG,06/07/2026 9:40:14 PM,BPD454,8M5CL,8M5CL,06/08/2026 7:46:18 AM,8M5CL,D1D,2,8748450,AME403,10,263067,AME403_PM3,P_78_GABON_B10_R4,06/07/2026 7:50:44 PM,6,AME403,10,263067,AME403_PM3,P_78_GABON_B10_R4,06/07/2026 7:50:44 PM,6,,,,8PXMCVBG,FL78.31YJC_SNIP_DLP2295515-1_33395
D611324,270,GU1PT270JKA7,0,0,0,0,0,0.006587,0,0,0,0.249561,0,0,0,0.010978,0.003659,0,0,0,D6113240J,PXMG,06/07/2026 9:40:14 PM,BPD454,8M5CL,8M5CL,06/08/2026 7:46:24 AM,8M5CL,D1D,3,8748449,AME403,2,263067,AME403_PM3,P_78_GABON_B10_R4,06/07/2026 7:31:29 PM,1,AME403,2,263067,AME403_PM3,P_78_GABON_B10_R4,06/07/2026 7:31:29 PM,1,,,,8PXMCVBG,FL78.31YJC_SNIP_DLP2295515-1_33395
D611324,275,GU1PT275JKA0,0,0,0,0,0.003692,0.003692,0.003692,0,0,0.132902,0.003692,0,0,0,0,0.007383,0,,D6113240J,PXMG,06/07/2026 9:40:14 PM,BPD454,8M5CL,8M5CL,06/08/2026 7:45:20 AM,8M5CL,D1D,4,8748467,AME403,15,263067,AME403_PM3,P_78_GABON_B10_R4,06/07/2026 7:58:31 PM,8,AME403,15,263067,AME403_PM3,P_78_GABON_B10_R4,06/07/2026 7:58:31 PM,8,,,,8PXMCVBG,FL78.31YJC_SNIP_DLP2295515-1_33395
D610232,178,5DXKW178MVD3,0,0,0,0,0.014637,0,0.003659,0,0,0.171985,0,0,0,0.003659,0,0.014637,0,0,D6102320,PXMG,06/14/2026 6:16:37 PM,BPD458,8M5CL,8M5CL,06/15/2026 6:56:03 AM,8M5CL,D1D,1,8196086,AME427,9,263067,AME427_PM3,P_78_GABON_B10_R4,06/14/2026 5:05:55 PM,5,AME427,9,263067,AME427_PM3,P_78_GABON_B10_R4,06/14/2026 5:05:55 PM,5,,,,8PXMCVBG,FL78.31YJC_SNIP_DLP2428859-1_186
D610232,182,5DXKW182MVE4,0,0,0,0,0,0,0,0,0,0.084163,0,0,0,0,0,0.003659,0,,D6102320,PXMG,06/14/2026 6:16:37 PM,BPD458,8M5CL,8M5CL,06/15/2026 6:53:21 AM,8M5CL,D1D,2,8196018,AME427,10,263067,AME427_PM4,P_78_GABON_B10_R4,06/14/2026 5:05:55 PM,5,AME427,10,263067,AME427_PM4,P_78_GABON_B10_R4,06/14/2026 5:05:55 PM,5,,,,8PXMCVBG,FL78.31YJC_SNIP_DLP2428859-1_186
D610EPL,530,KJAYT530WFC6,0,0,0,0,0,0,0,0,0,0.253096,0,0,0,0.005273,0,0,0,,D610EPL0,X78E,07/12/2026 3:34:12 PM,BPD436,8M5CL,8M5CL,07/13/2026 7:38:01 AM,8M5CL,D1D,1,8221745,AME423,21,263067,AME423_PM1,P_78_GABON_B10_R4,07/12/2026 11:43:30 AM,5,AME423,21,263067,AME423_PM1,P_78_GABON_B10_R4,07/12/2026 11:43:30 AM,5,,,,1L78EVAA,FL78.6K93E_SNIP_DLP2427588-1_1
D610EPL,557,KJAYU557WFF0,0,0,0,0,0,0.005289,0.010578,0,0,0.296193,0,0.005289,0,0.005289,0,0,0,,D610EPL0,X78E,07/12/2026 3:34:12 PM,BPD436,8M5CL,8M5CL,07/13/2026 7:37:51 AM,8M5CL,D1D,2,8221535,AME423,2,263067,AME423_PM1,P_78_GABON_B10_R4,07/12/2026 11:29:00 AM,1,AME423,2,263067,AME423_PM1,P_78_GABON_B10_R4,07/12/2026 11:29:00 AM,1,,,,1L78EVAA,FL78.6K93E_SNIP_DLP2427588-1_1
D609924,31,A27VD031SLE6,0,0,0,0,0.003981,0.003981,0.023887,0,0,0.346367,0,0,0,0.015925,0,0,0.007962,,D6099240,PR8B,07/25/2026 11:28:41 PM,BPD436,8M5CL,8M5CL,07/26/2026 8:16:13 AM,8M5CL,D1D,1,8184642,AME421,21,263067,AME421_PM4,P_78_GABON_B10_R4,07/25/2026 9:55:10 PM,8,AME421,21,263067,AME421_PM4,P_78_GABON_B10_R4,07/25/2026 9:55:10 PM,8,,,,8PR8CVB,FL78.6H0QE_SNIP_DLP2344620-1_11340
D609924,36,A27VD036SLD7,0,0,0,0,0.006218,0.012435,0,0,0,0.397936,0,0,0,0,0,0,0.006218,,D6099240,PR8B,07/25/2026 11:28:41 PM,BPD436,8M5CL,8M5CL,07/26/2026 8:16:25 AM,8M5CL,D1D,2,8184745,AME421,2,263067,AME421_PM4,P_78_GABON_B10_R4,07/25/2026 9:27:14 PM,1,AME421,2,263067,AME421_PM4,P_78_GABON_B10_R4,07/25/2026 9:27:14 PM,1,,,,8PR8CVB,FL78.6H0QE_SNIP_DLP2344620-1_11340
D609924,37,A27VD037SLA6,0,0,0,0,0.010907,0,0,0,0,0.419923,0,0,0,0.016361,0,0.005454,0,,D6099240,PR8B,07/25/2026 11:28:41 PM,BPD436,8M5CL,8M5CL,07/26/2026 8:16:07 AM,8M5CL,D1D,3,8184821,AME423,14,263067,AME423_PM3,S_78_RR_WF80_W1,07/25/2026 10:03:21 PM,4,AME423,14,263067,AME423_PM3,S_78_RR_WF80_W1,07/25/2026 10:03:21 PM,4,LSA81,14,263067,8PR8CVB,FL78.6H0QE_SNIP_DLP2344620-1_11340
D609924,45,A27VD045SLE1,0,0,0,0,0,0,0,0,0,0.296886,0,0,0,0,0.007917,0.003958,0,,D6099240,PR8B,07/25/2026 11:28:41 PM,BPD436,8M5CL,8M5CL,07/26/2026 8:16:23 AM,8M5CL,D1D,4,8184741,AME423,9,263067,AME423_PM3,S_78_RR_WF80_W1,07/25/2026 10:00:23 PM,3,AME423,9,263067,AME423_PM3,S_78_RR_WF80_W1,07/25/2026 10:00:23 PM,3,LSA81,9,263067,8PR8CVB,FL78.6H0QE_SNIP_DLP2344620-1_11340
D611429,4,KJA9Y004WFF0,0.003584,0,0,0,0.010751,0,0,0,0,0.21143,0,0.003584,0,0.003584,0,0.007167,0,,D6114290,PNCB,05/26/2026 7:06:41 AM,BPD436,8M5CL,8M5CL,07/24/2026 7:49:06 AM,8M5CL,D1D,1,8255822,AME409,12,263067,AME409_PM4,P_78_GABON_B10_R4,05/26/2026 2:28:01 AM,6,AME409,12,263067,AME409_PM4,P_78_GABON_B10_R4,05/26/2026 2:28:01 AM,6,,,,8PONCVBB,FL78.3FGTC_SNIP_DLP2295522-1_24841
D611429,45,KJA9Y045WFF1,0,0,0,0,0.010827,0,0.003609,0,0,0.227377,0,0,0,0,0.003609,0.007218,0,,D6114290,PNCB,05/26/2026 7:06:41 AM,BPD436,8M5CL,8M5CL,07/22/2026 9:11:47 AM,8M5CL,D1D,2,8255913,AME409,19,263067,AME409_PM4,P_78_GABON_B10_R4,05/26/2026 2:39:07 AM,9,AME409,19,263067,AME409_PM4,P_78_GABON_B10_R4,05/26/2026 2:39:07 AM,9,,,,8PONCVBB,FL78.3FGTC_SNIP_DLP2295522-1_24841
D611429,50,KJA9Y050WFD1,0,0,0,0,0.021501,0.003584,0,0,0.003584,0.218597,0,0,0,0.007167,0,0.014334,0.010751,,D6114290,PNCB,05/26/2026 7:06:41 AM,BPD436,8M5CL,8M5CL,07/23/2026 1:35:04 AM,8M5CL,D1D,3,8256009,AME409,17,263067,AME409_PM4,P_78_GABON_B10_R4,05/26/2026 2:35:12 AM,8,AME409,17,263067,AME409_PM4,P_78_GABON_B10_R4,05/26/2026 2:35:12 AM,8,,,,8PONCVBB,FL78.3FGTC_SNIP_DLP2295522-1_24841
D611429,101,KJA9Y101WFG1,0,0,0,0,0.010827,0,0,0,0,0.209331,0,0,0,0,0,0.003609,0,,D6114290,PNCB,05/26/2026 7:06:41 AM,BPD436,8M5CL,8M5CL,07/23/2026 5:16:19 AM,8M5CL,D1D,4,8256023,AME409,20,263067,AME409_PM3,P_78_GABON_B10_R4,05/26/2026 2:42:57 AM,10,AME409,20,263067,AME409_PM3,P_78_GABON_B10_R4,05/26/2026 2:42:57 AM,10,,,,8PONCVBB,FL78.3FGTC_SNIP_DLP2295522-1_24841
D611429,153,KJA9Y153WFA2,0,0,0,0,0.003609,0,0,0,0,0.184067,0,0,0,0.003609,0,0,0,,D6114290,PNCB,05/26/2026 7:06:41 AM,BPD436,8M5CL,8M5CL,07/23/2026 12:42:49 AM,8M5CL,D1D,5,8255871,AME409,22,263067,AME409_PM3,P_78_GABON_B10_R4,05/26/2026 2:46:47 AM,11,AME409,22,263067,AME409_PM3,P_78_GABON_B10_R4,05/26/2026 2:46:47 AM,11,,,,8PONCVBB,FL78.3FGTC_SNIP_DLP2295522-1_24841
D611429,154,KJA9Y154WFE4,0,0,0,0,0,0,0,0,0,0.200679,0,0,0,0.010751,0,0.014334,0.003584,,D6114290,PNCB,05/26/2026 7:06:41 AM,BPD436,8M5CL,8M5CL,07/25/2026 1:19:48 PM,8M5CL,D1D,6,8255854,AME409,4,263067,AME409_PM4,P_78_GABON_B10_R4,05/26/2026 2:12:21 AM,2,AME409,4,263067,AME409_PM4,P_78_GABON_B10_R4,05/26/2026 2:12:21 AM,2,,,,8PONCVBB,FL78.3FGTC_SNIP_DLP2295522-1_24841
D611429,159,KJA9Y159WFD5,0,0,0,0,0.014437,0,0,0,0,0.194894,0,0,0,0,0,0.007218,0,,D6114290,PNCB,05/26/2026 7:06:41 AM,BPD436,8M5CL,8M5CL,07/25/2026 1:21:55 PM,8M5CL,D1D,7,8256047,AME409,8,263067,AME409_PM4,P_78_GABON_B10_R4,05/26/2026 2:19:33 AM,4,AME409,8,263067,AME409_PM4,P_78_GABON_B10_R4,05/26/2026 2:19:33 AM,4,,,,8PONCVBB,FL78.3FGTC_SNIP_DLP2295522-1_24841
D611429,160,KJA9Y160WFG6,0,0,0,0,0.010751,0.003584,0.003584,0,0,0.193512,0.003584,0,0,0,0,0.025085,0,,D6114290,PNCB,05/26/2026 7:06:41 AM,BPD436,8M5CL,8M5CL,07/23/2026 3:13:11 AM,8M5CL,D1D,8,8255919,AME409,13,263067,AME409_PM3,P_78_GABON_B10_R4,05/26/2026 2:31:36 AM,7,AME409,13,263067,AME409_PM3,P_78_GABON_B10_R4,05/26/2026 2:31:36 AM,7,,,,8PONCVBB,FL78.3FGTC_SNIP_DLP2295522-1_24841
D611429,169,KJA9Y169WFA6,0,0,0,0,0.018046,0,0,0,0,0.187676,0,0,0,0.003609,0,0.010827,0,,D6114290,PNCB,05/26/2026 7:06:41 AM,BPD436,8M5CL,8M5CL,07/23/2026 5:15:36 AM,8M5CL,D1D,9,8255860,AME409,15,263067,AME409_PM4,P_78_GABON_B10_R4,05/26/2026 2:31:36 AM,7,AME409,15,263067,AME409_PM4,P_78_GABON_B10_R4,05/26/2026 2:31:36 AM,7,,,,8PONCVBB,FL78.3FGTC_SNIP_DLP2295522-1_24841
D611429,186,KJA9Y186WFE3,0,0,0,0,0.017918,0,0.007167,0,0,0.179178,0,0,0,0.010751,0,0.007167,0,,D6114290,PNCB,05/26/2026 7:06:41 AM,BPD436,8M5CL,8M5CL,07/25/2026 12:46:54 PM,8M5CL,D1D,10,8256007,AME409,24,263067,AME409_PM3,P_78_GABON_B10_R4,05/26/2026 2:50:38 AM,12,AME409,24,263067,AME409_PM3,P_78_GABON_B10_R4,05/26/2026 2:50:38 AM,12,,,,8PONCVBB,FL78.3FGTC_SNIP_DLP2295522-1_24841
D611429,187,KJA9Y187WFB2,0,0,0,0,0.010827,0,0.003609,0,0,0.198504,0,0,0,0.003609,0,0.014437,0,,D6114290,PNCB,05/26/2026 7:06:41 AM,BPD436,8M5CL,8M5CL,07/22/2026 9:10:30 AM,8M5CL,D1D,11,8255910,AME409,7,263067,AME409_PM3,P_78_GABON_B10_R4,05/26/2026 2:19:32 AM,4,AME409,7,263067,AME409_PM3,P_78_GABON_B10_R4,05/26/2026 2:19:32 AM,4,,,,8PONCVBB,FL78.3FGTC_SNIP_DLP2295522-1_24841
D611429,210,KJA9Y210WFF4,0,0,0,0,0.025085,0,0.003584,0,0,0.179178,0,0,0,0.010751,0,0.010751,0,,D6114290,PNCB,05/26/2026 7:06:41 AM,BPD436,8M5CL,8M5CL,07/23/2026 1:28:31 AM,8M5CL,D1D,12,8256018,AME409,11,263067,AME409_PM3,P_78_GABON_B10_R4,05/26/2026 2:28:01 AM,6,AME409,11,263067,AME409_PM3,P_78_GABON_B10_R4,05/26/2026 2:28:01 AM,6,,,,8PONCVBB,FL78.3FGTC_SNIP_DLP2295522-1_24841
D611340,425,5DXKS425MVA7,0,0,0,0,0,0.004061,0.007383,0,0,0.368434,0,0,0,0.003692,0,0.007753,0,0,D6113400,PXMG,05/30/2026 3:30:59 AM,BPD458,8M5CL,8M5CL,06/01/2026 8:56:23 AM,8M5CL,D1D,1,8234725,AME403,5,263067,AME403_PM3,P_78_GABON_B10_R4,05/29/2026 8:52:33 PM,5,AME403,5,263067,AME403_PM3,P_78_GABON_B10_R4,05/29/2026 8:52:33 PM,5,,,,8PXMCVBG,FL78.31YJC_SNIP_DLP2295515-1_33395
D611340,428,5DXKS428MVG2,0,0,0,0,0.007319,0.003659,0,0.003659,0,0.322014,0,0,0,0,0,0,0,,D6113400,PXMG,05/30/2026 3:30:59 AM,BPD458,8M5CL,8M5CL,06/01/2026 8:56:09 AM,8M5CL,D1D,2,8234786,AME403,22,263067,AME403_PM3,P_78_GABON_B10_R4,05/29/2026 9:53:21 PM,21,AME403,22,263067,AME403_PM3,P_78_GABON_B10_R4,05/29/2026 9:53:21 PM,21,,,,8PXMCVBG,FL78.31YJC_SNIP_DLP2295515-1_33395
D611340,444,5DXKS444MVF5,0,0,0,0,0.003659,0.003659,0.007319,0,0.003659,0.376903,0,0,0,0,0,0.007319,0,0,D6113400,PXMG,05/30/2026 3:30:59 AM,BPD458,8M5CL,8M5CL,06/01/2026 8:56:16 AM,8M5CL,D1D,3,8234689,AME403,15,263067,AME403_PM3,P_78_GABON_B10_R4,05/29/2026 9:30:02 PM,15,AME403,15,263067,AME403_PM3,P_78_GABON_B10_R4,05/29/2026 9:30:02 PM,15,,,,8PXMCVBG,FL78.31YJC_SNIP_DLP2295515-1_33395
D611340,446,5DXKS446MVG6,0,0,0,0,0,0.003659,0,0,0,0.417155,0,0,0,0.007319,0,0.007319,0,0,D6113400,PXMG,05/30/2026 3:30:59 AM,BPD458,8M5CL,8M5CL,06/01/2026 8:56:31 AM,8M5CL,D1D,4,8234769,AME403,23,263067,AME403_PM3,P_78_GABON_B10_R4,05/29/2026 9:57:12 PM,22,AME403,23,263067,AME403_PM3,P_78_GABON_B10_R4,05/29/2026 9:57:12 PM,22,,,,8PXMCVBG,FL78.31YJC_SNIP_DLP2295515-1_33395
D611334,282,KJAYT282WFG7,0,0,0,0,0.019028,0.003659,0.007319,0,0,0.342506,0,0,0,0.014637,0,0.044643,0,0,D6113340,PXMG,06/04/2026 4:33:43 PM,BPD436,8M5CL,8M5CL,07/24/2026 1:50:28 AM,8M5CL,D1D,1,8233423,AME427,1,263067,AME427_PM3,P_78_GABON_B10_R4,06/04/2026 2:10:04 PM,1,AME427,1,263067,AME427_PM3,P_78_GABON_B10_R4,06/04/2026 2:10:04 PM,1,,,,8PXMCVBG,FL78.31YJC_SNIP_DLP2295515-1_33395
D611334,315,KJAYT315WFC0,0,0,0,0,0.007383,0,0.003692,0,0,0.217812,0,0.003692,0,0.003692,0,0,0,,D6113340,PXMG,06/04/2026 4:33:43 PM,BPD436,8M5CL,8M5CL,07/23/2026 2:55:21 PM,8M5CL,D1D,2,8233333,AME427,10,263067,AME427_PM3,P_78_GABON_B10_R4,06/04/2026 2:41:34 PM,10,AME427,10,263067,AME427_PM3,P_78_GABON_B10_R4,06/04/2026 2:41:34 PM,10,,,,8PXMCVBG,FL78.31YJC_SNIP_DLP2295515-1_33395
D611334,318,KJAYT318WFA0,0,0,0,0,0.003659,0.003659,0,0,0,0.329333,0,0,0,0,0,0.007319,0.003659,0,D6113340,PXMG,06/04/2026 4:33:43 PM,BPD436,8M5CL,8M5CL,06/05/2026 8:48:46 AM,8M5CL,D1D,3,8233340,AME427,3,263067,AME427_PM3,P_78_GABON_B10_R4,06/04/2026 2:17:04 PM,3,AME427,3,263067,AME427_PM3,P_78_GABON_B10_R4,06/04/2026 2:17:04 PM,3,,,,8PXMCVBG,FL78.31YJC_SNIP_DLP2295515-1_33395
D611334,329,KJAYT329WFB3,0,0,0,0,0,0.003692,0,0,0,0.188278,0,0,0,0,0,0.003692,0,,D6113340,PXMG,06/04/2026 4:33:43 PM,BPD436,8M5CL,8M5CL,07/23/2026 3:03:08 PM,8M5CL,D1D,4,8233443,AME427,6,263067,AME427_PM3,P_78_GABON_B10_R4,06/04/2026 2:27:35 PM,6,AME427,6,263067,AME427_PM3,P_78_GABON_B10_R4,06/04/2026 2:27:35 PM,6,,,,8PXMCVBG,FL78.31YJC_SNIP_DLP2295515-1_33395
D611331,2,KJAAE002WFF5,0,0,0,0,0,0,0,0,0,0.354947,0,0,0,0.003659,0.003659,0.003659,0,0,D6113310,PXMG,06/04/2026 7:50:50 AM,BPD436,8M5CL,8M5CL,06/05/2026 8:49:36 AM,8M5CL,D1D,1,8233347,AME409,24,263067,AME409_PM3,P_78_GABON_B10_R4,06/04/2026 4:02:07 AM,24,AME409,24,263067,AME409_PM3,P_78_GABON_B10_R4,06/04/2026 4:02:07 AM,24,,,,8PXMCVBG,FL78.31YJC_SNIP_DLP2295515-1_33395
D611331,17,KJAAE017WFB7,0,0,0,0,0.025842,0.007383,0.081956,0,0,0.298291,0,0,0,0.007383,0,0.003692,0,0,D6113310,PXMG,06/04/2026 7:50:50 AM,BPD436,8M5CL,8M5CL,06/05/2026 8:48:39 AM,8M5CL,D1D,2,8233407,AME409,7,263067,AME409_PM3,P_78_GABON_B10_R4,06/04/2026 2:54:41 AM,7,AME409,7,263067,AME409_PM3,P_78_GABON_B10_R4,06/04/2026 2:54:41 AM,7,,,,8PXMCVBG,FL78.31YJC_SNIP_DLP2295515-1_33395
D611331,20,KJAAE020WFG1,0.007319,0,0,0,0.007319,0,0,0,0,0.314696,0,0,0,0.003659,0,0,0,0,D6113310,PXMG,06/04/2026 7:50:50 AM,BPD436,8M5CL,8M5CL,06/05/2026 8:48:52 AM,8M5CL,D1D,3,8233239,AME409,6,263067,AME409_PM3,P_78_GABON_B10_R4,06/04/2026 2:50:54 AM,6,AME409,6,263067,AME409_PM3,P_78_GABON_B10_R4,06/04/2026 2:50:54 AM,6,,,,8PXMCVBG,FL78.31YJC_SNIP_DLP2295515-1_33395
D611331,21,KJAAE021WFD0,0,0,0,0,0.018459,0,0.011075,0,0,0.284263,0,0,0,0.003692,0,0.025842,0.003692,,D6113310,PXMG,06/04/2026 7:50:50 AM,BPD436,8M5CL,8M5CL,06/05/2026 8:48:42 AM,8M5CL,D1D,4,8233371,AME409,2,263067,AME409_PM3,P_78_GABON_B10_R4,06/04/2026 2:34:10 AM,2,AME409,2,263067,AME409_PM3,P_78_GABON_B10_R4,06/04/2026 2:34:10 AM,2,,,,8PXMCVBG,FL78.31YJC_SNIP_DLP2295515-1_33395
D611342,73,A2BN9073SLB5,0,0,0,0,0,0,0,0,0,0.147669,0,0,0,0.007383,0,0.007383,0,,D6113420,PXMG,06/04/2026 2:44:43 PM,BPD446,8M5CL,8M5CL,06/05/2026 8:49:44 AM,8M5CL,D1D,1,8234395,AME403,9,263067,AME403_PM3,P_78_GABON_B10_R4,06/04/2026 12:08:42 PM,9,AME403,9,263067,AME403_PM3,P_78_GABON_B10_R4,06/04/2026 12:08:42 PM,9,,,,8PXMCVBG,FL78.31YJC_SNIP_DLP2295515-1_33395
D611342,127,A2CD1127SLB0,0,0,0,0,0.003692,0,0,0,0,0.232579,0,0,0,0,0.003692,0.003692,0,0,D6113420,PXMG,06/04/2026 2:44:43 PM,BPD446,8M5CL,8M5CL,06/05/2026 8:49:38 AM,8M5CL,D1D,2,8234496,AME403,10,263067,AME403_PM3,P_78_GABON_B10_R4,06/04/2026 12:12:26 PM,10,AME403,10,263067,AME403_PM3,P_78_GABON_B10_R4,06/04/2026 12:12:26 PM,10,,,,8PXMCVBG,FL78.31YJC_SNIP_DLP2295515-1_33395
D611342,128,A2CD1128SLF2,0,0,0,0,0,0,0,0,0,0.175644,0,0,0,0,0.003659,0.010978,0,,D6113420,PXMG,06/04/2026 2:44:43 PM,BPD446,8M5CL,8M5CL,06/05/2026 8:48:36 AM,8M5CL,D1D,3,8234527,AME403,15,263067,AME403_PM3,P_78_GABON_B10_R4,06/04/2026 12:30:28 PM,15,AME403,15,263067,AME403_PM3,P_78_GABON_B10_R4,06/04/2026 12:30:28 PM,15,,,,8PXMCVBG,FL78.31YJC_SNIP_DLP2295515-1_33395
D611342,129,A2CD1129SLC1,0,0,0,0,0.003692,0.003692,0,0,0,0.273188,0,0,0,0.003692,0,0.02215,0,0,D6113420,PXMG,06/04/2026 2:44:43 PM,BPD446,8M5CL,8M5CL,06/05/2026 8:48:34 AM,8M5CL,D1D,4,8234342,AME403,8,263067,AME403_PM3,P_78_GABON_B10_R4,06/04/2026 12:04:34 PM,8,AME403,8,263067,AME403_PM3,P_78_GABON_B10_R4,06/04/2026 12:04:34 PM,8,,,,8PXMCVBG,FL78.31YJC_SNIP_DLP2295515-1_33395
D612526,9,A29PB009SLC7,0,0,0,0,0.013021,0.00434,0.00434,0,0,0.295147,0,0,0,0.00434,0,0.008681,0,,D6125260,PR8B,06/05/2026 1:51:40 AM,BPD436,8M5CL,8M5CL,06/17/2026 9:54:33 AM,8M5CL,D1D,1,8283255,AME409,1,263067,AME409_PM3,P_78_GABON_B10_R4,06/04/2026 9:59:41 PM,1,AME409,1,263067,AME409_PM3,P_78_GABON_B10_R4,06/04/2026 9:59:41 PM,1,,,,8PR8CVB,FL78.6H0QE_SNIP_DLP2344620-1_17477
D612526,11,A29TR011SLG1,0,0,0,0,0,0.003282,0,0,0,0.193622,0,0,0,0,0,0,0,,D6125260,PR8B,06/05/2026 1:51:40 AM,BPD436,8M5CL,8M5CL,06/17/2026 9:54:25 AM,8M5CL,D1D,2,8283263,AME409,6,263067,AME409_PM3,P_78_GABON_B10_R4,06/04/2026 10:18:34 PM,6,AME409,6,263067,AME409_PM3,P_78_GABON_B10_R4,06/04/2026 10:18:34 PM,6,,,,8PR8CVB,FL78.6H0QE_SNIP_DLP2344620-1_17477
D612814,176,HE6DJ176JKC2,0,0,0,0,0,0.05325,0,0,0,30.836105,0,0,0,0.003147,0,0.003147,0,0,D6128140,PD5B,06/05/2026 12:18:27 AM,BPD436,8M5CL,8M5CL,06/10/2026 12:13:20 PM,8M5CL,D1D,1,8267446,AME421,5,263067,AME421_PM1,P_78_GABON_B10_R4,06/04/2026 10:30:07 PM,3,AME421,5,263067,AME421_PM1,P_78_GABON_B10_R4,06/04/2026 10:30:07 PM,3,,,,8PD5CVB,FL78.6U1KE_SNIP_DLP2411829-1_5244
D612814,177,HE6DJ177JKG4,0,0.003188,0,0,0.003188,0,0.006375,0,0,27.874731,0,0,0,0.003188,0,0.003188,0,0,D6128140,PD5B,06/05/2026 12:18:27 AM,BPD436,8M5CL,8M5CL,06/10/2026 12:14:24 PM,8M5CL,D1D,2,8267463,AME421,6,263067,AME421_PM2,P_78_GABON_B10_R4,06/04/2026 10:30:07 PM,3,AME421,6,263067,AME421_PM2,P_78_GABON_B10_R4,06/04/2026 10:30:07 PM,3,,,,8PD5CVB,FL78.6U1KE_SNIP_DLP2411829-1_5244
D612814,179,HE6DJ179JKA2,0,0,0,0,0.006375,0,0.003188,0,0,29.529046,0,0,0,0,0,0.006375,0,0,D6128140,PD5B,06/05/2026 12:18:27 AM,BPD436,8M5CL,8M5CL,06/10/2026 12:14:39 PM,8M5CL,D1D,3,8267577,AME421,9,263067,AME421_PM2,P_78_GABON_B10_R4,06/04/2026 10:33:44 PM,4,AME421,9,263067,AME421_PM2,P_78_GABON_B10_R4,06/04/2026 10:33:44 PM,4,,,,8PD5CVB,FL78.6U1KE_SNIP_DLP2411829-1_5244
D612814,180,HE6DJ180JKD3,0.003147,0,0,0,0,0.033479,0.003147,0,0,19.56721,0,0,0,0.059607,0,0.012589,0,0,D6128140,PD5B,06/05/2026 12:18:27 AM,BPD436,8M5CL,8M5CL,06/10/2026 12:14:14 PM,8M5CL,D1D,4,8267415,AME421,25,263067,AME421_PM2,P_78_GABON_B10_R4,06/04/2026 11:02:48 PM,12,AME421,25,263067,AME421_PM2,P_78_GABON_B10_R4,06/04/2026 11:02:48 PM,12,,,,8PD5CVB,FL78.6U1KE_SNIP_DLP2411829-1_5244
D612814,181,HE6DJ181JKA2,0,0.01275,0,0,0,0.054202,0,0,0,30.615957,0,0,0,0.006375,0,0.003188,0.054202,0,D6128140,PD5B,06/05/2026 12:18:27 AM,BPD436,8M5CL,8M5CL,06/10/2026 12:14:36 PM,8M5CL,D1D,5,8267476,AME421,11,263067,AME421_PM2,P_78_GABON_B10_R4,06/04/2026 10:37:21 PM,5,AME421,11,263067,AME421_PM2,P_78_GABON_B10_R4,06/04/2026 10:37:21 PM,5,,,,8PD5CVB,FL78.6U1KE_SNIP_DLP2411829-1_5244
D612814,182,HE6DJ182JKE4,0,0,0,0,0,0.009441,0,0,0,34.096309,0,0,0.003147,0,0,0,0,0,D6128140,PD5B,06/05/2026 12:18:27 AM,BPD436,8M5CL,8M5CL,06/10/2026 12:14:51 PM,8M5CL,D1D,6,8267486,AME421,18,263067,AME421_PM1,P_78_GABON_B10_R4,06/04/2026 10:51:53 PM,9,AME421,18,263067,AME421_PM1,P_78_GABON_B10_R4,06/04/2026 10:51:53 PM,9,,,,8PD5CVB,FL78.6U1KE_SNIP_DLP2411829-1_5244
D611335,12,KJAAA012WFB2,0,0,0,0,0.010978,0,0,0,0,0.131733,0,0,0,0.007319,0,0.007319,0,,D6113350,PXMG,06/05/2026 9:38:04 PM,BPD458,8M5CL,8M5CL,06/07/2026 1:08:32 PM,8M5CL,D1D,1,8233302,AME419,16,263067,AME419_PM6,P_78_GABON_B10_R4,06/05/2026 4:40:26 PM,2,AME419,16,263067,AME419_PM6,P_78_GABON_B10_R4,06/05/2026 4:40:26 PM,2,,,,8PXMCVBG,FL78.31YJC_SNIP_DLP2295515-1_33395
D611335,13,KJAAA013WFF4,0,0,0,0,0.007383,0,0.003692,0,0,0.125519,0,0,0,0.003692,0,0.003692,0,,D6113350,PXMG,06/05/2026 9:38:04 PM,BPD458,8M5CL,8M5CL,06/07/2026 1:08:22 PM,8M5CL,D1D,2,8233445,AME419,15,263067,AME419_PM5,P_78_GABON_B10_R4,06/05/2026 4:40:26 PM,7,AME419,15,263067,AME419_PM5,P_78_GABON_B10_R4,06/05/2026 4:40:26 PM,7,,,,8PXMCVBG,FL78.31YJC_SNIP_DLP2295515-1_33395
D612479,188,KJA9Y188WFF4,0,0,0,0,0,0.007319,0,0,0,0.365925,0,0,0,0.003659,0,0.003659,0.003659,,D6124790,PXMG,06/13/2026 1:15:13 AM,BPD446,8M5CL,8M5CL,06/13/2026 6:00:34 PM,8M5CL,D1D,1,8272262,AME425,24,263067,AME425_PM4,P_78_GABON_B10_R4,06/12/2026 11:55:21 PM,11,AME425,24,263067,AME425_PM4,P_78_GABON_B10_R4,06/12/2026 11:55:21 PM,11,,,,8PXMCVBG,FL78.31YJC_SNIP_DLP2295515-1_36326
D612479,245,KJA9T245WFB4,0,0,0.003764,0,0,0,0.003764,0,0,0.287158,0,0.018821,0,0,0,0.015056,0,0,D6124790,PXMG,06/13/2026 1:15:13 AM,BPD446,8M5CL,8M5CL,06/13/2026 6:00:41 PM,8M5CL,D1D,2,8272233,AME425,15,263067,AME425_PM3,P_78_GABON_B10_R4,06/12/2026 11:40:50 PM,7,AME425,15,263067,AME425_PM3,P_78_GABON_B10_R4,06/12/2026 11:40:50 PM,7,,,,8PXMCVBG,FL78.31YJC_SNIP_DLP2295515-1_36326
D611463,565,HE6ZP565JKG5,0,0,0,0,0,0,0,0,0,0.166128,0,0,0,0.003692,0,0.014767,0,,D6114630,PXMG,06/10/2026 10:24:12 PM,BPD458,8M5CL,8M5CL,06/11/2026 9:28:19 AM,8M5CL,D1D,1,8255903,AME427,4,263067,AME427_PM3,P_78_GABON_B10_R4,06/10/2026 4:41:30 PM,4,AME427,4,263067,AME427_PM3,P_78_GABON_B10_R4,06/10/2026 4:41:30 PM,4,,,,8PXMCVBG,FL78.31YJC_SNIP_DLP2295515-1_35213
D611463,566,HE6ZP566JKD4,0,0,0,0,0,0,0,0,0,0.128074,0,0,0,0,0,0.007319,0,,D6114630,PXMG,06/10/2026 10:24:12 PM,BPD458,8M5CL,8M5CL,06/11/2026 8:28:13 AM,8M5CL,D1D,2,8255990,AME427,23,263067,AME427_PM3,P_78_GABON_B10_R4,06/10/2026 5:44:50 PM,22,AME427,23,263067,AME427_PM3,P_78_GABON_B10_R4,06/10/2026 5:44:50 PM,22,,,,8PXMCVBG,FL78.31YJC_SNIP_DLP2295515-1_35213
D611463,567,HE6ZP567JKA3,0,0,0,0,0.007383,0.003692,0,0,0,0.077526,0,0,0,0.003692,0,0,0,,D6114630,PXMG,06/10/2026 10:24:12 PM,BPD458,8M5CL,8M5CL,06/11/2026 8:28:07 AM,8M5CL,D1D,3,8255896,AME427,2,263067,AME427_PM3,P_78_GABON_B10_R4,06/10/2026 4:34:03 PM,2,AME427,2,263067,AME427_PM3,P_78_GABON_B10_R4,06/10/2026 4:34:03 PM,2,,,,8PXMCVBG,FL78.31YJC_SNIP_DLP2295515-1_35213
D611463,568,HE6ZP568JKE5,0.003659,0,0,0,0,0,0,0,0,0.109778,0,0,0,0.007319,0,0.014637,0,,D6114630,PXMG,06/10/2026 10:24:12 PM,BPD458,8M5CL,8M5CL,06/11/2026 9:28:26 AM,8M5CL,D1D,4,8255984,AME427,21,263067,AME427_PM3,P_78_GABON_B10_R4,06/10/2026 5:37:49 PM,20,AME427,21,263067,AME427_PM3,P_78_GABON_B10_R4,06/10/2026 5:37:49 PM,20,,,,8PXMCVBG,FL78.31YJC_SNIP_DLP2295515-1_35213
D611451,66,A2AZS066SLC1,0,0,0,0,0.003659,0.003659,0,0,0,0.139052,0,0,0,0.003659,0,0.003659,0,,D6114510,PXMG,06/11/2026 4:23:21 AM,BPD454,8M5CL,8M5CL,06/12/2026 8:14:47 AM,8M5CL,D1D,1,8250390,AME419,12,263067,AME419_PM3,P_78_GABON_B10_R4,06/11/2026 3:00:40 AM,6,AME419,12,263067,AME419_PM3,P_78_GABON_B10_R4,06/11/2026 3:00:40 AM,6,,,,8PXMCVBG,FL78.31YJC_SNIP_DLP2295515-1_35213
D611451,71,A2AZS071SLA1,0,0,0,0,0,0.007383,0.003692,0,0,0.151361,0,0,0,0,0,0.014767,0,,D6114510,PXMG,06/11/2026 4:23:21 AM,BPD454,8M5CL,8M5CL,06/12/2026 8:14:36 AM,8M5CL,D1D,2,8250462,AME419,7,263067,AME419_PM4,P_78_GABON_B10_R4,06/11/2026 2:49:59 AM,3,AME419,7,263067,AME419_PM4,P_78_GABON_B10_R4,06/11/2026 2:49:59 AM,3,,,,8PXMCVBG,FL78.31YJC_SNIP_DLP2295515-1_35213
D611459,30,KJAYY030WFB5,0,0,0,0,0.004574,0.004574,0.003659,0,0,0.137222,0,0,0,0,0,0,0,0,D6114590,PXMG,06/11/2026 6:22:56 PM,BPD454,8M5CL,8M5CL,06/12/2026 8:14:42 AM,8M5CL,D1D,1,8252913,AME419,20,263067,AME419_PM3,P_78_GABON_B10_R4,06/11/2026 1:56:53 PM,10,AME419,20,263067,AME419_PM3,P_78_GABON_B10_R4,06/11/2026 1:56:53 PM,10,,,,8PXMCVBG,FL78.31YJC_SNIP_DLP2295515-1_35213
D611459,42,KJAYY042WFH2,0,0,0,0,0,0,0,0,0,0.226508,0,0,0,0,0,0.018662,0,0,D6114590,PXMG,06/11/2026 6:22:56 PM,BPD454,8M5CL,8M5CL,06/12/2026 8:14:49 AM,8M5CL,D1D,2,8252714,AME419,23,263067,AME419_PM4,P_78_GABON_B10_R4,06/11/2026 2:01:11 PM,11,AME419,23,263067,AME419_PM4,P_78_GABON_B10_R4,06/11/2026 2:01:11 PM,11,,,,8PXMCVBG,FL78.31YJC_SNIP_DLP2295515-1_35213
D611459,54,KJAYY054WFF4,0,0,0,0,0.003659,0,0.010978,0,0,0.142711,0,0,0,0.010978,0.003659,0.018296,0,,D6114590,PXMG,06/11/2026 6:22:56 PM,BPD454,8M5CL,8M5CL,06/12/2026 8:14:36 AM,8M5CL,D1D,3,8252797,AME419,14,263067,AME419_PM3,P_78_GABON_B10_R4,06/11/2026 1:44:07 PM,7,AME419,14,263067,AME419_PM3,P_78_GABON_B10_R4,06/11/2026 1:44:07 PM,7,,,,8PXMCVBG,FL78.31YJC_SNIP_DLP2295515-1_35213
D611337,528,GU1PT528JKC3,0,0,0,0,0.003659,0,0,0,0,0.353214,0,0,0,0.003659,0.096874,0.003659,0,0,D6113370M,PXMG,06/09/2026 6:00:47 PM,BPD454,8M5CL,8M5CL,06/10/2026 8:52:17 AM,8M5CL,D1D,1,8759433,AME427,9,263067,AME427_PM3,P_78_GABON_B10_R4,06/09/2026 4:25:34 PM,5,AME427,9,263067,AME427_PM3,P_78_GABON_B10_R4,06/09/2026 4:25:34 PM,5,,,,8PXMCVBG,FL78.31YJC_SNIP_DLP2436406-1_542
D611337,529,GU1PT529JKG5,0,0,0,0,0.007383,0.003692,0,0,0,0.114444,0,0,0,0.003692,0,0.007383,0,,D6113370M,PXMG,06/09/2026 6:00:47 PM,BPD454,8M5CL,8M5CL,06/10/2026 8:52:32 AM,8M5CL,D1D,2,8759394,AME427,5,263067,AME427_PM3,P_78_GABON_B10_R4,06/09/2026 4:18:33 PM,3,AME427,5,263067,AME427_PM3,P_78_GABON_B10_R4,06/09/2026 4:18:33 PM,3,,,,8PXMCVBG,FL78.31YJC_SNIP_DLP2436406-1_542
D611337,530,GU1PT530JKC3,0,0,0,0,0.003659,0,0.007319,0,0,0.153689,0,0,0,0.021956,0.007319,0.010978,0.003659,,D6113370M,PXMG,06/09/2026 6:00:47 PM,BPD454,8M5CL,8M5CL,06/10/2026 8:52:07 AM,8M5CL,D1D,3,8759465,AME427,11,263067,AME427_PM3,P_78_GABON_B10_R4,06/09/2026 4:29:04 PM,6,AME427,11,263067,AME427_PM3,P_78_GABON_B10_R4,06/09/2026 4:29:04 PM,6,,,,8PXMCVBG,FL78.31YJC_SNIP_DLP2436406-1_542
D611337,531,GU1PT531JKG5,0,0,0,0,0,0,0,0,0,0.180895,0,0,0,0,0,0,0.003692,,D6113370M,PXMG,06/09/2026 6:00:47 PM,BPD454,8M5CL,8M5CL,06/10/2026 8:52:38 AM,8M5CL,D1D,4,8759415,AME427,6,263067,AME427_PM3,P_78_GABON_B10_R4,06/09/2026 4:22:03 PM,4,AME427,6,263067,AME427_PM3,P_78_GABON_B10_R4,06/09/2026 4:22:03 PM,4,,,,8PXMCVBG,FL78.31YJC_SNIP_DLP2436406-1_542
D613102,6,KJCJL006WFE3,0,0,0,0,0,0,0,0,0,0.121841,0,0,0,0,0,0.003584,0.003584,,D6131020,PNCB,06/10/2026 9:41:06 AM,BPD458,8M5CL,8M5CL,06/12/2026 8:15:01 AM,8M5CL,D1D,1,8312437,AME421,21,263067,AME421_PM1,P_78_GABON_B10_R4,06/10/2026 8:35:55 AM,10,AME421,21,263067,AME421_PM1,P_78_GABON_B10_R4,06/10/2026 8:35:55 AM,10,,,,8PONCVBB,FL78.3FGTC_SNIP_DLP2295522-1_28542
D613102,18,KJCJL018WFC5,0,0,0,0,0,0,0,0,0,0.093173,0,0,0.003584,0,0,0,0.010751,,D6131020,PNCB,06/10/2026 9:41:06 AM,BPD458,8M5CL,8M5CL,06/12/2026 8:16:14 AM,8M5CL,D1D,2,8312503,AME421,18,263067,AME421_PM1,P_78_GABON_B10_R4,06/10/2026 8:32:17 AM,9,AME421,18,263067,AME421_PM1,P_78_GABON_B10_R4,06/10/2026 8:32:17 AM,9,,,,8PONCVBB,FL78.3FGTC_SNIP_DLP2295522-1_28542
D613102,22,KJCJL022WFD6,0,0,0,0,0,0,0.010751,0,0,0.139759,0,0,0,0.010751,0,0.028668,0.010751,,D6131020,PNCB,06/10/2026 9:41:06 AM,BPD458,8M5CL,8M5CL,06/12/2026 8:16:24 AM,8M5CL,D1D,3,8312445,AME421,5,263067,AME421_PM1,P_78_GABON_B10_R4,06/10/2026 8:10:30 AM,3,AME421,5,263067,AME421_PM1,P_78_GABON_B10_R4,06/10/2026 8:10:30 AM,3,,,,8PONCVBB,FL78.3FGTC_SNIP_DLP2295522-1_28542
D613102,24,KJCJL024WFE7,0.003584,0,0,0,0.007167,0,0.010751,0,0,0.107507,0,0.003584,0.003584,0.007167,0,0,0,,D6131020,PNCB,06/10/2026 9:41:06 AM,BPD458,8M5CL,8M5CL,06/12/2026 8:16:26 AM,8M5CL,D1D,4,8312469,AME421,8,263067,AME421_PM2,P_78_GABON_B10_R4,06/10/2026 8:14:07 AM,4,AME421,8,263067,AME421_PM2,P_78_GABON_B10_R4,06/10/2026 8:14:07 AM,4,,,,8PONCVBB,FL78.3FGTC_SNIP_DLP2295522-1_28542
D611443,814,KJAYE814WFC4,0,0,0,0,0.003659,0,0,0,0,0.254961,0,0,0,0,0,0.004253,0.007912,0,D6114430,PXMG,06/10/2026 7:25:03 AM,BPD446,8M5CL,8M5CL,06/11/2026 9:36:40 AM,8M5CL,D1D,1,8248074,AME421,16,263067,AME421_PM2,P_78_GABON_B10_R4,06/10/2026 3:48:57 AM,6,AME421,16,263067,AME421_PM2,P_78_GABON_B10_R4,06/10/2026 3:48:57 AM,6,,,,8PXMCVBG,FL78.31YJC_SNIP_DLP2295515-1_35213
D611443,820,KJAYE820WFE6,0,0,0,0,0.003659,0,0,0,0,0.179303,0,0,0,0.003659,0.003659,0.007319,0,,D6114430,PXMG,06/10/2026 7:25:03 AM,BPD446,8M5CL,8M5CL,06/11/2026 9:36:49 AM,8M5CL,D1D,2,8248042,AME421,19,263067,AME421_PM1,P_78_GABON_B10_R4,06/10/2026 3:56:12 AM,12,AME421,19,263067,AME421_PM1,P_78_GABON_B10_R4,06/10/2026 3:56:12 AM,12,,,,8PXMCVBG,FL78.31YJC_SNIP_DLP2295515-1_35213
D611443,824,KJAYE824WFH0,0,0,0,0,0,0.007319,0,0,0,0.274444,0,0,0,0,0,0.010978,0.007319,0,D6114430,PXMG,06/10/2026 7:25:03 AM,BPD446,8M5CL,8M5CL,06/11/2026 9:23:54 AM,8M5CL,D1D,3,8248090,AME421,15,263067,AME421_PM1,P_78_GABON_B10_R4,06/10/2026 3:48:57 AM,10,AME421,15,263067,AME421_PM1,P_78_GABON_B10_R4,06/10/2026 3:48:57 AM,10,,,,8PXMCVBG,FL78.31YJC_SNIP_DLP2295515-1_35213
D611443,840,KJAYE840WFG3,0.00379,0,0,0,0.007449,0.00379,0,0,0,0.174729,0,0,0,0,0,0.00758,0.00758,0,D6114430,PXMG,06/10/2026 7:25:03 AM,BPD446,8M5CL,8M5CL,06/11/2026 9:36:45 AM,8M5CL,D1D,4,8248018,AME421,13,263067,AME421_PM1,P_78_GABON_B10_R4,06/10/2026 3:45:20 AM,9,AME421,13,263067,AME421_PM1,P_78_GABON_B10_R4,06/10/2026 3:45:20 AM,9,,,,8PXMCVBG,FL78.31YJC_SNIP_DLP2295515-1_35213
D611330,338,KJAYR338WFA7,0,0,0,0,0.003713,0,0.003713,0,0,0.633802,0,0,0,0.013397,0,0.025994,0,0,D6113300,PXMG,06/10/2026 10:25:09 AM,BPD436,8M5CL,8M5CL,06/11/2026 9:38:26 AM,8M5CL,D1D,1,8233276,AME417,5,263067,AME417_PM1,P_78_GABON_B10_R4,06/10/2026 8:52:43 AM,3,AME417,5,263067,AME417_PM1,P_78_GABON_B10_R4,06/10/2026 8:52:43 AM,3,,,,8PXMCVBG,FL78.31YJC_SNIP_DLP2295515-1_33395
D611330,415,KJAYR415WFA3,0,0,0,0,0,0.026211,0.003692,0,0,0.575356,0,0,0,0,0,0.007568,0,0,D6113300,PXMG,06/10/2026 10:25:09 AM,BPD436,8M5CL,8M5CL,06/11/2026 9:38:38 AM,8M5CL,D1D,2,8233391,AME417,6,263067,AME417_PM2,P_78_GABON_B10_R4,06/10/2026 8:52:43 AM,3,AME417,6,263067,AME417_PM2,P_78_GABON_B10_R4,06/10/2026 8:52:43 AM,3,,,,8PXMCVBG,FL78.31YJC_SNIP_DLP2295515-1_33395
D611330,421,KJAYR421WFC5,0,0,0,0,0,0.007383,0,0,0,0.313797,0,0,0,0.003692,0,0.007383,0,,D6113300,PXMG,06/10/2026 10:25:09 AM,BPD436,8M5CL,8M5CL,06/11/2026 9:24:48 AM,8M5CL,D1D,3,8233291,AME417,23,263067,AME417_PM2,P_78_GABON_B10_R4,06/10/2026 9:18:21 AM,10,AME417,23,263067,AME417_PM2,P_78_GABON_B10_R4,06/10/2026 9:18:21 AM,10,,,,8PXMCVBG,FL78.31YJC_SNIP_DLP2295515-1_33395
D611330,444,KJAYR444WFC2,0,0,0,0,0.014637,0.00494,0,0,0,0.484119,0.003659,0,0,0.003659,0,0.008599,0,0,D6113300,PXMG,06/10/2026 10:25:09 AM,BPD436,8M5CL,8M5CL,06/11/2026 9:38:03 AM,8M5CL,D1D,4,8233377,AME417,1,263067,AME417_PM1,P_78_GABON_B10_R4,06/10/2026 8:45:28 AM,1,AME417,1,263067,AME417_PM1,P_78_GABON_B10_R4,06/10/2026 8:45:28 AM,1,,,,8PXMCVBG,FL78.31YJC_SNIP_DLP2295515-1_33395
D611330,447,KJAYR447WFA2,0,0,0,0,0.011075,0.027503,0.003692,0,0,0.556159,0,0,0,0.009045,0,0.012736,0,0,D6113300,PXMG,06/10/2026 10:25:09 AM,BPD436,8M5CL,8M5CL,06/11/2026 9:37:37 AM,8M5CL,D1D,5,8233373,AME417,15,263067,AME417_PM2,P_78_GABON_B10_R4,06/10/2026 9:03:49 AM,6,AME417,15,263067,AME417_PM2,P_78_GABON_B10_R4,06/10/2026 9:03:49 AM,6,,,,8PXMCVBG,FL78.31YJC_SNIP_DLP2295515-1_33395
D611330,449,KJAYR449WFB3,0,0,0,0,0,0.008122,0.003692,0,0,0.456297,0,0,0,0,0.003692,0.022889,0,0,D6113300,PXMG,06/10/2026 10:25:09 AM,BPD436,8M5CL,8M5CL,06/11/2026 9:38:19 AM,8M5CL,D1D,6,8233417,AME417,16,263067,AME417_PM1,P_78_GABON_B10_R4,06/10/2026 9:07:25 AM,7,AME417,16,263067,AME417_PM1,P_78_GABON_B10_R4,06/10/2026 9:07:25 AM,7,,,,8PXMCVBG,FL78.31YJC_SNIP_DLP2295515-1_33395
D611330,457,KJAYR457WFE6,0,0,0,0,0,0.013602,0.003755,0,0,0.592815,0,0,0,0.003755,0,0.017357,0,0,D6113300,PXMG,06/10/2026 10:25:09 AM,BPD436,8M5CL,8M5CL,06/11/2026 9:38:09 AM,8M5CL,D1D,7,8233280,AME417,21,263067,AME417_PM2,P_78_GABON_B10_R4,06/10/2026 9:14:40 AM,9,AME417,21,263067,AME417_PM2,P_78_GABON_B10_R4,06/10/2026 9:14:40 AM,9,,,,8PXMCVBG,FL78.31YJC_SNIP_DLP2295515-1_33395
D611330,477,KJAYR477WFG3,0,0,0,0,0,0.00886,0.003692,0,0,0.62464,0,0,0,0,0,0.034702,0,0,D6113300,PXMG,06/10/2026 10:25:09 AM,BPD436,8M5CL,8M5CL,06/11/2026 9:38:17 AM,8M5CL,D1D,8,8233396,AME417,25,263067,AME417_PM1,P_78_GABON_B10_R4,06/10/2026 9:21:53 AM,11,AME417,25,263067,AME417_PM1,P_78_GABON_B10_R4,06/10/2026 9:21:53 AM,11,,,,8PXMCVBG,FL78.31YJC_SNIP_DLP2295515-1_33395
D611330,478,KJAYR478WFD2,0.010978,0,0,0,0,0.003659,0,0,0,0.431792,0,0.003659,0,0,0,0.003659,0,0,D6113300,PXMG,06/10/2026 10:25:09 AM,BPD436,8M5CL,8M5CL,06/11/2026 9:37:45 AM,8M5CL,D1D,9,8233351,AME417,17,263067,AME417_PM2,P_78_GABON_B10_R4,06/10/2026 9:07:26 AM,7,AME417,17,263067,AME417_PM2,P_78_GABON_B10_R4,06/10/2026 9:07:26 AM,7,,,,8PXMCVBG,FL78.31YJC_SNIP_DLP2295515-1_33395
D611330,482,KJAYR482WFE3,0,0,0,0,0,0,0.003751,0,0,0.819396,0,0,0,0.003751,0.003751,0,0,0,D6113300,PXMG,06/10/2026 10:25:09 AM,BPD436,8M5CL,8M5CL,06/11/2026 9:37:57 AM,8M5CL,D1D,10,8233345,AME417,2,263067,AME417_PM2,P_78_GABON_B10_R4,06/10/2026 8:45:28 AM,1,AME417,2,263067,AME417_PM2,P_78_GABON_B10_R4,06/10/2026 8:45:28 AM,1,,,,8PXMCVBG,FL78.31YJC_SNIP_DLP2295515-1_33395
D611330,500,KJAYR500WFD2,0,0,0,0,0,0,0.003659,0,0,0.380562,0,0.003659,0,0,0,0.010978,0,,D6113300,PXMG,06/10/2026 10:25:09 AM,BPD436,8M5CL,8M5CL,06/11/2026 9:37:52 AM,8M5CL,D1D,11,8233336,AME417,18,263067,AME417_PM1,P_78_GABON_B10_R4,06/10/2026 9:11:03 AM,8,AME417,18,263067,AME417_PM1,P_78_GABON_B10_R4,06/10/2026 9:11:03 AM,8,,,,8PXMCVBG,FL78.31YJC_SNIP_DLP2295515-1_33395
D611330,507,KJAYR507WFD4,0.003692,0,0,0,0.007383,0.003692,0.003692,0,0,0.520533,0,0,0,0.014767,0.003692,0.003692,0,0,D6113300,PXMG,06/10/2026 10:25:09 AM,BPD436,8M5CL,8M5CL,06/11/2026 9:37:28 AM,8M5CL,D1D,12,8233419,AME417,3,263067,AME417_PM1,P_78_GABON_B10_R4,06/10/2026 8:49:05 AM,2,AME417,3,263067,AME417_PM1,P_78_GABON_B10_R4,06/10/2026 8:49:05 AM,2,,,,8PXMCVBG,FL78.31YJC_SNIP_DLP2295515-1_33395
D611465,306,KJA9T306WFB5,0,0,0,0,0.014637,0,0.003659,0,0,0.1976,0,0,0,0,0,0.014637,0.003659,,D6114650,PXMG,06/10/2026 3:59:03 PM,BPD436,8M5CL,8M5CL,06/11/2026 9:27:51 AM,8M5CL,D1D,1,8255981,AME419,24,263067,AME419_PM4,P_78_GABON_B10_R4,06/10/2026 2:30:13 PM,12,AME419,24,263067,AME419_PM4,P_78_GABON_B10_R4,06/10/2026 2:30:13 PM,12,,,,8PXMCVBG,FL78.31YJC_SNIP_DLP2295515-1_35213
D611465,315,KJA9T315WFB7,0.011658,0,0,0,0.003886,0.003886,0.003886,0,0,0.141646,0,0,0,0.003886,0,0.015544,0.003886,0,D6114650,PXMG,06/10/2026 3:59:03 PM,BPD436,8M5CL,8M5CL,06/11/2026 9:23:01 AM,8M5CL,D1D,2,8256001,AME419,19,263067,AME419_PM3,P_78_GABON_B10_R4,06/10/2026 2:22:43 PM,10,AME419,19,263067,AME419_PM3,P_78_GABON_B10_R4,06/10/2026 2:22:43 PM,10,,,,8PXMCVBG,FL78.31YJC_SNIP_DLP2295515-1_35213
D611455,20,MCMUB020WAE3,0,0,0,0,0.007319,0,0.003659,0,0,0.278103,0,0,0,0,0,0.003659,0,,D6114550,PXMG,06/09/2026 10:49:40 PM,BPD436,8M5CL,8M5CL,06/10/2026 9:26:45 AM,8M5CL,D1D,1,8252786,AME411,12,263067,AME411_PM3,P_78_GABON_B10_R4,06/09/2026 8:34:03 PM,12,AME411,12,263067,AME411_PM3,P_78_GABON_B10_R4,06/09/2026 8:34:03 PM,12,,,,8PXMCVBG,FL78.31YJC_SNIP_DLP2295515-1_35213
D611455,35,MCMUB035WAA5,0,0,0,0,0.003692,0,0.003692,0,0,0.228887,0,0,0,0,0,0.011075,0,,D6114550,PXMG,06/09/2026 10:49:40 PM,BPD436,8M5CL,8M5CL,06/10/2026 9:26:35 AM,8M5CL,D1D,2,8252806,AME411,7,263067,AME411_PM3,P_78_GABON_B10_R4,06/09/2026 8:15:50 PM,7,AME411,7,263067,AME411_PM3,P_78_GABON_B10_R4,06/09/2026 8:15:50 PM,7,,,,8PXMCVBG,FL78.31YJC_SNIP_DLP2295515-1_35213
D611327,93,A29TR093SLG3,0,0,0,0,0.003692,0,0,0,0,0.247346,0,0,0,0,0,0.011075,0,0,D6113270,PXMG,06/08/2026 4:11:19 AM,BPD446,8M5CL,8M5CL,06/09/2026 6:18:44 AM,8M5CL,D1D,1,8229624,AME417,4,263067,AME417_PM1,P_78_GABON_B10_R4,06/07/2026 11:06:32 PM,2,AME417,4,263067,AME417_PM1,P_78_GABON_B10_R4,06/07/2026 11:06:32 PM,2,,,,8PXMCVBG,FL78.31YJC_SNIP_DLP2295515-1_33395
D611327,98,A29TR098SLF4,0,0,0,0,0,0.007319,0,0,0,0.204918,0,0.003659,0,0.003659,0,0.007319,0,,D6113270,PXMG,06/08/2026 4:11:19 AM,BPD446,8M5CL,8M5CL,06/09/2026 6:17:50 AM,8M5CL,D1D,2,8229378,AME417,19,263067,AME417_PM2,P_78_GABON_B10_R4,06/07/2026 11:17:24 PM,5,AME417,19,263067,AME417_PM2,P_78_GABON_B10_R4,06/07/2026 11:17:24 PM,5,,,,8PXMCVBG,FL78.31YJC_SNIP_DLP2295515-1_33395
D611337,526,GU1PT526JKB2,0,0,0,0,0,0,0.003659,0,0,0.199063,0,0,0,0.003659,0,0.023053,0.004757,0,D6113370,PXMG,06/09/2026 6:00:30 AM,BPD454,8M5CL,8M5CL,06/10/2026 8:52:13 AM,8M5CL,D1D,1,8236523,AME409,8,263067,AME409_PM2,P_78_GABON_B10_R4,06/09/2026 4:23:56 AM,2,AME409,8,263067,AME409_PM2,P_78_GABON_B10_R4,06/09/2026 4:23:56 AM,2,,,,8PXMCVBG,FL78.31YJC_SNIP_DLP2436406-1_542
D611337,527,GU1PT527JKF4,0.003692,0,0,0,0.011075,0.003692,0.003692,0,0,0.210428,0,0,0,0.007383,0,0.011075,0,,D6113370,PXMG,06/09/2026 6:00:30 AM,BPD454,8M5CL,8M5CL,06/10/2026 8:52:07 AM,8M5CL,D1D,2,8236479,AME409,23,263067,AME409_PM2,P_78_GABON_B10_R4,06/09/2026 4:39:54 AM,6,AME409,23,263067,AME409_PM2,P_78_GABON_B10_R4,06/09/2026 4:39:54 AM,6,,,,8PXMCVBG,FL78.31YJC_SNIP_DLP2436406-1_542
D611336,40,KJAAE040WFA3,0,0,0,0,0.003659,0,0.003659,0,0,0.142711,0,0,0,0.010978,0.003659,0.003659,0,,D6113360M,PXMG,06/08/2026 5:07:08 PM,BPD454,8M5CL,8M5CL,06/09/2026 9:18:24 AM,8M5CL,D1D,1,8751856,AME403,10,263067,AME403_PM3,P_78_GABON_B10_R4,06/08/2026 3:18:32 PM,5,AME403,10,263067,AME403_PM3,P_78_GABON_B10_R4,06/08/2026 3:18:32 PM,5,,,,8PXMCVBG,FL78.31YJC_SNIP_DLP2295515-1_33395
D611336,62,KJAAE062WFD1,0,0,0,0,0,0.003659,0.007319,0,0,0.256148,0,0,0,0.003659,0,0.003659,0,0,D6113360M,PXMG,06/08/2026 5:07:08 PM,BPD454,8M5CL,8M5CL,06/09/2026 9:18:18 AM,8M5CL,D1D,2,8751875,AME403,18,263067,AME403_PM3,P_78_GABON_B10_R4,06/08/2026 3:30:14 PM,8,AME403,18,263067,AME403_PM3,P_78_GABON_B10_R4,06/08/2026 3:30:14 PM,8,,,,8PXMCVBG,FL78.31YJC_SNIP_DLP2295515-1_33395
D611336,64,KJAAE064WFE2,0,0,0,0,0.003659,0.003659,0,0,0,0.113437,0,0,0,0,0.003659,0.007319,0,,D6113360M,PXMG,06/08/2026 5:07:08 PM,BPD454,8M5CL,8M5CL,06/09/2026 9:18:07 AM,8M5CL,D1D,3,8751877,AME403,22,263067,AME403_PM3,P_78_GABON_B10_R4,06/08/2026 3:38:01 PM,10,AME403,22,263067,AME403_PM3,P_78_GABON_B10_R4,06/08/2026 3:38:01 PM,10,,,,8PXMCVBG,FL78.31YJC_SNIP_DLP2295515-1_33395
D611336,87,KJAAE087WFD7,0,0,0,0,0,0,0.003692,0,0,0.12921,0,0,0,0,0,0.011075,0.007383,,D6113360M,PXMG,06/08/2026 5:07:08 PM,BPD454,8M5CL,8M5CL,06/09/2026 9:17:51 AM,8M5CL,D1D,4,8751860,AME403,23,263067,AME403_PM3,P_78_GABON_B10_R4,06/08/2026 3:41:51 PM,11,AME403,23,263067,AME403_PM3,P_78_GABON_B10_R4,06/08/2026 3:41:51 PM,11,,,,8PXMCVBG,FL78.31YJC_SNIP_DLP2295515-1_33395
D612492,621,HE4FS621JKE0,0,0,0,0,0.007218,0.003609,0,0,0,0.241814,0,0,0,0,0,0.007218,0,,D6124920,PNCB,06/08/2026 6:26:13 PM,BPD446,8M5CL,8M5CL,06/09/2026 6:19:08 AM,8M5CL,D1D,1,8275563,AME421,5,263067,AME421_PM1,P_78_GABON_B10_R4,06/08/2026 5:17:25 PM,3,AME421,5,263067,AME421_PM1,P_78_GABON_B10_R4,06/08/2026 5:17:25 PM,3,,,,8PONCVBB,FL78.3FGTC_SNIP_DLP2295522-1_25734
D612492,636,HE4FS636JKA2,0,0,0,0,0.007167,0.007167,0,0,0,0.218597,0,0,0,0.025085,0,0.014334,0,,D6124920,PNCB,06/08/2026 6:26:13 PM,BPD446,8M5CL,8M5CL,06/09/2026 6:18:56 AM,8M5CL,D1D,2,8275554,AME421,1,263067,AME421_PM2,P_78_GABON_B10_R4,06/08/2026 5:10:09 PM,1,AME421,1,263067,AME421_PM2,P_78_GABON_B10_R4,06/08/2026 5:10:09 PM,1,,,,8PONCVBB,FL78.3FGTC_SNIP_DLP2295522-1_25734
D611332,35,KJAZA035WFC1,0,0,0,0,0,0,0.003692,0,0,0.092293,0,0,0,0,0,0.007383,0,,D6113320,PXMG,06/07/2026 1:53:17 AM,BPD458,8M5CL,8M5CL,06/07/2026 1:01:57 PM,8M5CL,D1D,1,8233151,AME427,9,263067,AME427_PM3,P_78_GABON_B10_R4,06/06/2026 10:07:10 PM,5,AME427,9,263067,AME427_PM3,P_78_GABON_B10_R4,06/06/2026 10:07:10 PM,5,,,,8PXMCVBG,FL78.31YJC_SNIP_DLP2295515-1_33395
D611332,48,KJAZA048WFE5,0,0,0,0,0,0.003659,0,0.003659,0,0.095141,0,0,0,0.003659,0,0,0,,D6113320,PXMG,06/07/2026 1:53:17 AM,BPD458,8M5CL,8M5CL,06/07/2026 1:08:32 PM,8M5CL,D1D,2,8233110,AME427,10,263067,AME427_PM4,P_78_GABON_B10_R4,06/06/2026 10:07:10 PM,5,AME427,10,263067,AME427_PM4,P_78_GABON_B10_R4,06/06/2026 10:07:10 PM,5,,,,8PXMCVBG,FL78.31YJC_SNIP_DLP2295515-1_33395
D611332,73,KJAZA073WFE2,0,0,0,0,0,0.011075,0,0,0,0.099677,0,0,0,0.011075,0,0.003692,0,,D6113320,PXMG,06/07/2026 1:53:17 AM,BPD458,8M5CL,8M5CL,06/07/2026 1:08:22 PM,8M5CL,D1D,3,8233138,AME427,13,263067,AME427_PM3,P_78_GABON_B10_R4,06/06/2026 10:14:19 PM,7,AME427,13,263067,AME427_PM3,P_78_GABON_B10_R4,06/06/2026 10:14:19 PM,7,,,,8PXMCVBG,FL78.31YJC_SNIP_DLP2295515-1_33395
D611332,105,KJAZA105WFC4,0.007383,0,0,0,0.007568,0,0,0,0,0.228702,0,0,0,0.003692,0,0.003692,0,0,D6113320,PXMG,06/07/2026 1:53:17 AM,BPD458,8M5CL,8M5CL,06/07/2026 1:08:39 PM,8M5CL,D1D,4,8233010,AME427,8,263067,AME427_PM4,P_78_GABON_B10_R4,06/06/2026 10:03:36 PM,4,AME427,8,263067,AME427_PM4,P_78_GABON_B10_R4,06/06/2026 10:03:36 PM,4,,,,8PXMCVBG,FL78.31YJC_SNIP_DLP2295515-1_33395
D611327,100,A2BS5100SLG7,0,0,0,0,0,0,0.003659,0,0,0.314696,0,0,0,0,0,0.003659,0,0,D6113270M,PXMG,06/07/2026 11:06:04 PM,BPD458,8M5CL,8M5CL,06/08/2026 7:45:14 AM,8M5CL,D1D,1,8748686,AME403,16,263067,AME403_PM3,P_78_GABON_B10_R4,06/07/2026 8:41:12 PM,8,AME403,16,263067,AME403_PM3,P_78_GABON_B10_R4,06/07/2026 8:41:12 PM,8,,,,8PXMCVBG,FL78.31YJC_SNIP_DLP2295515-1_33395
D611327,128,A29XK128SLE5,0,0,0,0,0.003659,0,0,0,0,0.212602,0,0,0,0,0.006953,0.010978,0,0,D6113270M,PXMG,06/07/2026 11:06:04 PM,BPD458,8M5CL,8M5CL,06/08/2026 7:45:02 AM,8M5CL,D1D,2,8748723,AME403,18,263067,AME403_PM3,P_78_GABON_B10_R4,06/07/2026 8:45:02 PM,9,AME403,18,263067,AME403_PM3,P_78_GABON_B10_R4,06/07/2026 8:45:02 PM,9,,,,8PXMCVBG,FL78.31YJC_SNIP_DLP2295515-1_33395
D611327,129,A29XK129SLB4,0,0,0,0,0,0.003692,0,0,0,0.166128,0,0,0,0.003692,0,0,0,,D6113270M,PXMG,06/07/2026 11:06:04 PM,BPD458,8M5CL,8M5CL,06/08/2026 7:45:04 AM,8M5CL,D1D,3,8748615,AME403,14,263067,AME403_PM3,P_78_GABON_B10_R4,06/07/2026 8:37:18 PM,7,AME403,14,263067,AME403_PM3,P_78_GABON_B10_R4,06/07/2026 8:37:18 PM,7,,,,8PXMCVBG,FL78.31YJC_SNIP_DLP2295515-1_33395
D611327,130,A29XK130SLE5,0,0,0,0,0,0,0,0,0,0.186256,0,0,0,0,0.004025,0.003659,0,0,D6113270M,PXMG,06/07/2026 11:06:04 PM,BPD458,8M5CL,8M5CL,06/08/2026 7:46:11 AM,8M5CL,D1D,4,8748683,AME403,5,263067,AME403_PM3,P_78_GABON_B10_R4,06/07/2026 8:18:47 PM,2,AME403,5,263067,AME403_PM3,P_78_GABON_B10_R4,06/07/2026 8:18:47 PM,2,,,,8PXMCVBG,FL78.31YJC_SNIP_DLP2295515-1_33395
D611336,3,KJAAE003WFC4,0,0,0,0,0.011075,0,0,0,0,0.609135,0,0,0,0,0,0.011075,0.003692,0,D6113360,PXMG,06/08/2026 6:46:40 AM,BPD446,8M5CL,8M5CL,06/09/2026 6:17:55 AM,8M5CL,D1D,1,8233292,AME419,1,263067,AME419_PM3,P_78_GABON_B10_R4,06/08/2026 5:31:59 AM,1,AME419,1,263067,AME419_PM3,P_78_GABON_B10_R4,06/08/2026 5:31:59 AM,1,,,,8PXMCVBG,FL78.31YJC_SNIP_DLP2295515-1_33395
D611336,91,KJAAE091WFF0,0,0,0,0,0.011998,0,0,0,0,0.507612,0,0,0,0,0,0.019382,0,0,D6113360,PXMG,06/08/2026 6:46:40 AM,BPD446,8M5CL,8M5CL,06/09/2026 6:17:56 AM,8M5CL,D1D,2,8233262,AME419,16,263067,AME419_PM3,P_78_GABON_B10_R4,06/08/2026 5:47:01 AM,5,AME419,16,263067,AME419_PM3,P_78_GABON_B10_R4,06/08/2026 5:47:01 AM,5,,,,8PXMCVBG,FL78.31YJC_SNIP_DLP2295515-1_33395
D612470,2,MCMUB002WAD7,0,0,0,0,0,0,0.003659,0,0,0.131733,0,0,0,0.018296,0,0.054889,0,,D6124700,PXMG,06/19/2026 2:02:45 PM,BPD454,8M5CL,8M5CL,06/21/2026 3:26:27 PM,8M5CL,D1D,1,8270470,AME409,1,263067,AME409_PM1,P_78_GABON_B10_R4,06/19/2026 7:55:33 AM,1,AME409,1,263067,AME409_PM1,P_78_GABON_B10_R4,06/19/2026 7:55:33 AM,1,,,,8PXMCVBG,FL78.31YJC_SNIP_DLP2295515-1_36326
D612470,78,MCMUB078WAB7,0,0,0,0,0,0.003659,0,0,0,0.128074,0,0,0,0.007319,0.003659,0.010978,0,,D6124700,PXMG,06/19/2026 2:02:45 PM,BPD454,8M5CL,8M5CL,06/21/2026 3:26:41 PM,8M5CL,D1D,2,8270425,AME409,14,263067,AME409_PM2,P_78_GABON_B10_R4,06/19/2026 8:19:06 AM,6,AME409,14,263067,AME409_PM2,P_78_GABON_B10_R4,06/19/2026 8:19:06 AM,6,,,,8PXMCVBG,FL78.31YJC_SNIP_DLP2295515-1_36326
D612490,21,MCLXP021WAG2,0,0,0,0,0.007383,0.003692,0.003692,0,0,0.173511,0,0,0,0,0.003692,0.02215,0,,D6124900,PXMG,06/19/2026 8:13:45 PM,BPD454,8M5CL,8M5CL,06/21/2026 3:26:37 PM,8M5CL,D1D,1,8275482,AME417,13,263067,AME417_PM2,P_78_GABON_B10_R4,06/19/2026 1:13:38 PM,6,AME417,13,263067,AME417_PM2,P_78_GABON_B10_R4,06/19/2026 1:13:38 PM,6,,,,8PXMCVBG,FL78.31YJC_SNIP_DLP2295515-1_36326
D612490,22,MCLXP022WAD1,0,0,0,0,0.025615,0,0,0,0,0.128074,0,0,0,0,0,0.010978,0,,D6124900,PXMG,06/19/2026 8:13:45 PM,BPD454,8M5CL,8M5CL,06/21/2026 3:26:35 PM,8M5CL,D1D,2,8275570,AME417,22,263067,AME417_PM1,P_78_GABON_B10_R4,06/19/2026 1:31:44 PM,11,AME417,22,263067,AME417_PM1,P_78_GABON_B10_R4,06/19/2026 1:31:44 PM,11,,,,8PXMCVBG,FL78.31YJC_SNIP_DLP2295515-1_36326
D611445,599,5DXKO599MVC6,0,0,0,0,0.014767,0.003692,0.003692,0,0,0.177203,0,0,0,0.029534,0.003692,0.029534,0,,D6114450,PXMG,06/16/2026 4:40:17 AM,BPD454,8M5CL,8M5CL,06/16/2026 8:16:33 AM,8M5CL,D1D,1,8247613,AME417,8,263067,AME417_PM4,P_78_GABON_B10_R4,06/16/2026 2:05:10 AM,4,AME417,8,263067,AME417_PM4,P_78_GABON_B10_R4,06/16/2026 2:05:10 AM,4,,,,8PXMCVBG,FL78.31YJC_SNIP_DLP2295515-1_35213
D611445,602,5DXKO602MVF3,0,0,0,0,0.010978,0,0,0,0,0.14637,0,0,0,0,0,0.010978,0,,D6114450,PXMG,06/16/2026 4:40:17 AM,BPD454,8M5CL,8M5CL,06/16/2026 8:16:41 AM,8M5CL,D1D,2,8247517,AME417,7,263067,AME417_PM3,P_78_GABON_B10_R4,06/16/2026 2:05:10 AM,4,AME417,7,263067,AME417_PM3,P_78_GABON_B10_R4,06/16/2026 2:05:10 AM,4,,,,8PXMCVBG,FL78.31YJC_SNIP_DLP2295515-1_35213
D612484,40,A2AT4040SLE3,0,0,0,0,0,0,0,0,0,0.646773,0,0,0,0.004574,0,0,0.003659,0,D6124840,PXMG,06/14/2026 11:59:04 PM,BPD446,8M5CL,8M5CL,06/15/2026 6:56:16 AM,8M5CL,D1D,1,8272173,AME427,21,263067,AME427_PM3,P_78_GABON_B10_R4,06/14/2026 10:44:41 PM,11,AME427,21,263067,AME427_PM3,P_78_GABON_B10_R4,06/14/2026 10:44:41 PM,11,,,,8PXMCVBG,FL78.31YJC_SNIP_DLP2295515-1_36326
D612484,47,A2AT4047SLE5,0.003692,0,0,0,0.006645,0,0,0,0,0.683708,0,0,0,0,0,0.003692,0,0,D6124840,PXMG,06/14/2026 11:59:04 PM,BPD446,8M5CL,8M5CL,06/15/2026 6:56:09 AM,8M5CL,D1D,2,8272214,AME427,18,263067,AME427_PM4,P_78_GABON_B10_R4,06/14/2026 10:37:33 PM,9,AME427,18,263067,AME427_PM4,P_78_GABON_B10_R4,06/14/2026 10:37:33 PM,9,,,,8PXMCVBG,FL78.31YJC_SNIP_DLP2295515-1_36326
D612474,351,KJCJA351WFG2,0,0,0,0,0,0.003692,0,0,0,0.465157,0,0,0,0.003692,0,0.003692,0,,D6124740,PXMG,06/14/2026 10:54:05 PM,BPD446,8M5CL,8M5CL,06/15/2026 6:56:09 AM,8M5CL,D1D,1,8270515,AME419,5,263067,AME419_PM3,P_78_GABON_B10_R4,06/14/2026 9:41:52 PM,3,AME419,5,263067,AME419_PM3,P_78_GABON_B10_R4,06/14/2026 9:41:52 PM,3,,,,8PXMCVBG,FL78.31YJC_SNIP_DLP2295515-1_36326
D612474,570,KJCJA570WFB7,0,0,0,0,0.003659,0,0,0,0,0.394284,0,0,0,0.007319,0,0.008233,0,0,D6124740,PXMG,06/14/2026 10:54:05 PM,BPD446,8M5CL,8M5CL,06/15/2026 6:56:16 AM,8M5CL,D1D,2,8270422,AME419,6,263067,AME419_PM4,P_78_GABON_B10_R4,06/14/2026 9:41:52 PM,3,AME419,6,263067,AME419_PM4,P_78_GABON_B10_R4,06/14/2026 9:41:52 PM,3,,,,8PXMCVBG,FL78.31YJC_SNIP_DLP2295515-1_36326
D611448,47,KJAAE047WFA5,0,0,0,0,0.007383,0,0.011075,0,0,0.254729,0,0,0,0.007383,0,0.014767,0,,D6114480,PXMG,06/15/2026 1:26:15 AM,BPD446,8M5CL,8M5CL,06/15/2026 7:05:37 AM,8M5CL,D1D,1,8250469,AME421,9,263067,AME421_PM3,P_78_GABON_B10_R4,06/14/2026 11:53:20 PM,5,AME421,9,263067,AME421_PM3,P_78_GABON_B10_R4,06/14/2026 11:53:20 PM,5,,,,8PXMCVBG,FL78.31YJC_SNIP_DLP2295515-1_35213
D611448,70,KJAAE070WFG4,0,0,0,0,0.007525,0,0.007422,0,0,0.361441,0,0,0,0,0.007525,0.014843,0.003762,0,D6114480,PXMG,06/15/2026 1:26:15 AM,BPD446,8M5CL,8M5CL,06/15/2026 7:05:27 AM,8M5CL,D1D,2,8250409,AME421,2,263067,AME421_PM4,P_78_GABON_B10_R4,06/14/2026 11:39:02 PM,1,AME421,2,263067,AME421_PM4,P_78_GABON_B10_R4,06/14/2026 11:39:02 PM,1,,,,8PXMCVBG,FL78.31YJC_SNIP_DLP2295515-1_35213
D611448,176,KJAAE176WFB5,0,0,0,0,0.007319,0.010978,0,0,0,0.424473,0,0,0,0.007319,0,0.036593,0.003659,,D6114480,PXMG,06/15/2026 1:26:15 AM,BPD446,8M5CL,8M5CL,06/15/2026 7:05:23 AM,8M5CL,D1D,3,8250302,AME421,25,263067,AME421_PM3,P_78_GABON_B10_R4,06/15/2026 12:21:59 AM,13,AME421,25,263067,AME421_PM3,P_78_GABON_B10_R4,06/15/2026 12:21:59 AM,13,,,,8PXMCVBG,FL78.31YJC_SNIP_DLP2295515-1_35213
D611448,196,KJAAE196WFD2,0,0,0,0,0,0,0.003659,0,0,0.332585,0,0,0,0,0,0.011384,0.003659,0,D6114480,PXMG,06/15/2026 1:26:15 AM,BPD446,8M5CL,8M5CL,06/15/2026 7:05:39 AM,8M5CL,D1D,4,8250396,AME421,13,263067,AME421_PM3,P_78_GABON_B10_R4,06/15/2026 12:00:30 AM,7,AME421,13,263067,AME421_PM3,P_78_GABON_B10_R4,06/15/2026 12:00:30 AM,7,LSA80,13,263067,8PXMCVBG,FL78.31YJC_SNIP_DLP2295515-1_35213
D611442,267,KJAYF267WFG4,0,0,0,0,0.011075,0,0.011075,0,0,0.147669,0,0,0,0.003692,0,0,0,,D6114420,PXMG,06/15/2026 2:00:03 AM,BPD436,8M5CL,8M5CL,06/15/2026 7:05:12 AM,8M5CL,D1D,1,8247832,AME417,5,263067,AME417_PM4,P_78_GABON_B10_R4,06/14/2026 11:08:14 PM,2,AME417,5,263067,AME417_PM4,P_78_GABON_B10_R4,06/14/2026 11:08:14 PM,2,,,,8PXMCVBG,FL78.31YJC_SNIP_DLP2295515-1_35213
D611442,325,KJAYR325WFF6,0.003692,0,0,0,0.020304,0,0.003692,0,0,0.252883,0,0,0,0.007383,0,0.007383,0,0,D6114420,PXMG,06/15/2026 2:00:03 AM,BPD436,8M5CL,8M5CL,06/15/2026 7:05:14 AM,8M5CL,D1D,2,8247846,AME417,14,263067,AME417_PM4,P_78_GABON_B10_R4,06/14/2026 11:22:52 PM,6,AME417,14,263067,AME417_PM4,P_78_GABON_B10_R4,06/14/2026 11:22:52 PM,6,,,,8PXMCVBG,FL78.31YJC_SNIP_DLP2295515-1_35213
D611328,346,MCMTH346WAG0,0,0,0,0,0.010978,0,0.007319,0,0,0.139052,0,0,0,0,0,0.003659,0,,D6113280,PXMG,06/15/2026 4:47:55 AM,BPD436,8M5CL,8M5CL,06/15/2026 7:08:06 AM,8M5CL,D1D,1,8233054,AME419,21,263067,AME419_PM4,P_78_GABON_B10_R4,06/15/2026 3:53:56 AM,9,AME419,21,263067,AME419_PM4,P_78_GABON_B10_R4,06/15/2026 3:53:56 AM,9,,,,8PXMCVBG,FL78.31YJC_SNIP_DLP2295515-1_33395
D611328,359,MCMTH359WAB1,0,0,0,0,0.014767,0.007383,0,0,0,0.110752,0,0,0,0,0,0.011075,0,,D6113280,PXMG,06/15/2026 4:47:55 AM,BPD436,8M5CL,8M5CL,06/15/2026 7:08:00 AM,8M5CL,D1D,2,8233038,AME419,6,263067,AME419_PM4,P_78_GABON_B10_R4,06/15/2026 3:32:33 AM,3,AME419,6,263067,AME419_PM4,P_78_GABON_B10_R4,06/15/2026 3:32:33 AM,3,,,,8PXMCVBG,FL78.31YJC_SNIP_DLP2295515-1_33395
D612536,37,A2DWL037SLB5,0,0,0,0,0,0,0,0,0,0.214314,0,0,0,0,0,0.012989,0.003247,,D6125360,PR8B,06/27/2026 9:41:27 AM,BPD436,8M5CL,8M5CL,06/28/2026 9:08:39 AM,8M5CL,D1D,1,8287716,AME427,25,263067,AME427_PM6,P_78_GABON_B10_R4,06/26/2026 9:01:38 AM,20,AME427,25,263067,AME427_PM6,P_78_GABON_B10_R4,06/26/2026 9:01:38 AM,20,,,,8PR8CVB,FL78.6H0QE_SNIP_DLP2344620-1_17477
D612536,40,A2DWL040SLF7,0,0,0,0,0,0,0.006295,0,0,0.402881,0,0,0,0,0,0,0.006295,,D6125360,PR8B,06/27/2026 9:41:27 AM,BPD436,8M5CL,8M5CL,06/28/2026 9:08:43 AM,8M5CL,D1D,2,8287762,AME427,22,263067,AME427_PM6,P_78_GABON_B10_R4,06/26/2026 8:50:56 AM,17,AME427,22,263067,AME427_PM6,P_78_GABON_B10_R4,06/26/2026 8:50:56 AM,17,,,,8PR8CVB,FL78.6H0QE_SNIP_DLP2344620-1_17477
D612536,45,A2DWL045SLF0,0,0,0,0,0,0,0,0,0,0.197607,0,0,0,0.003293,0,0.006587,0,,D6125360,PR8B,06/27/2026 9:41:27 AM,BPD436,8M5CL,8M5CL,06/28/2026 9:08:32 AM,8M5CL,D1D,3,8287799,AME427,1,263067,AME427_PM5,P_78_GABON_B10_R4,06/26/2026 7:51:56 AM,1,AME427,1,263067,AME427_PM5,P_78_GABON_B10_R4,06/26/2026 7:51:56 AM,1,,,,8PR8CVB,FL78.6H0QE_SNIP_DLP2344620-1_17477
D612536,229,A2DD8229SLF6,0,0,0,0,0.010936,0.007291,0.025518,0,0,0.226014,0,0,0,0.003645,0,0.010936,0,,D6125360,PR8B,06/27/2026 9:41:27 AM,BPD436,8M5CL,8M5CL,06/28/2026 9:08:50 AM,8M5CL,D1D,4,8287737,AME427,3,263067,AME427_PM5,P_78_GABON_B10_R4,06/26/2026 7:55:36 AM,2,AME427,3,263067,AME427_PM5,P_78_GABON_B10_R4,06/26/2026 7:55:36 AM,2,,,,8PR8CVB,FL78.6H0QE_SNIP_DLP2344620-1_17477
D612486,24,A29XK024SLD2,0,0,0,0,0,0.003659,0,0,0,0.179303,0,0,0,0.003659,0.014637,0.010978,0.003659,,D6124860,PXMG,06/23/2026 10:27:07 AM,BPD454,8M5CL,8M5CL,06/24/2026 8:33:44 AM,8M5CL,D1D,1,8275420,AME411,25,263067,AME411_PM4,P_78_GABON_B10_R4,06/23/2026 4:08:49 AM,13,AME411,25,263067,AME411_PM4,P_78_GABON_B10_R4,06/23/2026 4:08:49 AM,13,,,,8PXMCVBG,FL78.31YJC_SNIP_DLP2295515-1_36326
D612486,25,A29XK025SLA1,0,0,0,0,0,0,0.003692,0,0,0.225195,0,0,0,0.018459,0.011075,0,0,,D6124860,PXMG,06/23/2026 10:27:07 AM,BPD454,8M5CL,8M5CL,06/24/2026 8:33:50 AM,8M5CL,D1D,2,8275309,AME411,22,263067,AME411_PM3,P_78_GABON_B10_R4,06/23/2026 4:04:10 AM,11,AME411,22,263067,AME411_PM3,P_78_GABON_B10_R4,06/23/2026 4:04:10 AM,11,,,,8PXMCVBG,FL78.31YJC_SNIP_DLP2295515-1_36326
D612471,1,MCMUB001WAH0,0,0,0,0,0,0.007383,0.007383,0,0,0.118135,0,0,0,0,0,0.003692,0,,D6124710,PXMG,06/23/2026 11:53:21 AM,BPD454,8M5CL,8M5CL,06/24/2026 8:33:40 AM,8M5CL,D1D,1,8270145,AME417,24,263067,AME417_PM2,P_78_GABON_B10_R4,06/23/2026 9:54:12 AM,12,AME417,24,263067,AME417_PM2,P_78_GABON_B10_R4,06/23/2026 9:54:12 AM,12,,,,8PXMCVBG,FL78.31YJC_SNIP_DLP2295515-1_36326
D612471,3,MCMUB003WAA6,0,0,0,0,0,0,0,0,0,0.155052,0,0,0,0,0,0,0,,D6124710,PXMG,06/23/2026 11:53:21 AM,BPD454,8M5CL,8M5CL,06/24/2026 8:33:35 AM,8M5CL,D1D,2,8270163,AME417,7,263067,AME417_PM1,P_78_GABON_B10_R4,06/23/2026 9:25:15 AM,4,AME417,7,263067,AME417_PM1,P_78_GABON_B10_R4,06/23/2026 9:25:15 AM,4,,,,8PXMCVBG,FL78.31YJC_SNIP_DLP2295515-1_36326
D612468,663,MCLYY663WAE3,0.003692,0,0,0,0,0,0.007383,0,0,0.114444,0,0,0,0,0,0.003692,0.003692,,D6124680,PXMG,06/25/2026 10:39:30 AM,BPD454,8M5CL,8M5CL,06/25/2026 7:54:39 PM,8M5CL,D1D,1,8270323,AME411,1,263067,AME411_PM3,P_78_GABON_B10_R4,06/25/2026 7:34:58 AM,1,AME411,1,263067,AME411_PM3,P_78_GABON_B10_R4,06/25/2026 7:34:58 AM,1,,,,8PXMCVBG,FL78.31YJC_SNIP_DLP2295515-1_36326
D612468,678,MCLYY678WAA5,0,0,0,0,0,0.003659,0,0,0,0.215896,0,0,0,0.003659,0,0.003659,0,0,D6124680,PXMG,06/25/2026 10:39:30 AM,BPD454,8M5CL,8M5CL,06/25/2026 7:54:55 PM,8M5CL,D1D,2,8270301,AME411,2,263067,AME411_PM4,P_78_GABON_B10_R4,06/25/2026 7:34:58 AM,1,AME411,2,263067,AME411_PM4,P_78_GABON_B10_R4,06/25/2026 7:34:58 AM,1,,,,8PXMCVBG,FL78.31YJC_SNIP_DLP2295515-1_36326
D611462,26,A2BCX026SLA0,0,0,0,0,0,0.003659,0.010978,0,0,0.301888,0,0,0,0.020126,0.003659,0.018296,0,0,D6114620,PXMG,06/25/2026 8:22:41 AM,BPD454,8M5CL,8M5CL,06/25/2026 7:54:57 PM,8M5CL,D1D,1,8255998,AME409,9,263067,AME409_PM1,P_78_GABON_B10_R4,06/25/2026 5:06:02 AM,5,AME409,9,263067,AME409_PM1,P_78_GABON_B10_R4,06/25/2026 5:06:02 AM,5,,,,8PXMCVBG,FL78.31YJC_SNIP_DLP2295515-1_35213
D611462,33,A2BCX033SLG4,0,0,0,0,0.003692,0.007383,0.003692,0,0,0.203045,0,0,0,0.007383,0,0,0,,D6114620,PXMG,06/25/2026 8:22:41 AM,BPD454,8M5CL,8M5CL,06/25/2026 7:55:03 PM,8M5CL,D1D,2,8256073,AME409,2,263067,AME409_PM2,P_78_GABON_B10_R4,06/25/2026 4:51:30 AM,1,AME409,2,263067,AME409_PM2,P_78_GABON_B10_R4,06/25/2026 4:51:30 AM,1,,,,8PXMCVBG,FL78.31YJC_SNIP_DLP2295515-1_35213
D612475,19,KJCHY019WFF6,0,0,0,0,0.003692,0.003692,0,0,0,0.114444,0,0,0,0,0,0.007383,0,,D6124750,PXMG,06/22/2026 3:23:59 PM,BPD454,8M5CL,8M5CL,06/23/2026 8:28:55 AM,8M5CL,D1D,1,8270509,AME417,20,263067,AME417_PM1,P_78_GABON_B10_R4,06/22/2026 2:07:00 PM,10,AME417,20,263067,AME417_PM1,P_78_GABON_B10_R4,06/22/2026 2:07:00 PM,10,,,,8PXMCVBG,FL78.31YJC_SNIP_DLP2295515-1_36326
D612475,21,KJCHY021WFF6,0,0,0,0,0.003692,0,0,0,0,0.195661,0,0,0,0.003692,0,0.003692,0,,D6124750,PXMG,06/22/2026 3:23:59 PM,BPD454,8M5CL,8M5CL,06/23/2026 8:28:53 AM,8M5CL,D1D,2,8270382,AME417,23,263067,AME417_PM2,P_78_GABON_B10_R4,06/22/2026 2:10:37 PM,11,AME417,23,263067,AME417_PM2,P_78_GABON_B10_R4,06/22/2026 2:10:37 PM,11,,,,8PXMCVBG,FL78.31YJC_SNIP_DLP2295515-1_36326
D612478,6,A2BP5006SLC1,0,0,0,0,0,0.007319,0,0,0,0.14637,0,0,0,0.007319,0,0.007319,0,,D6124780,PXMG,06/24/2026 5:04:18 AM,BPD458,8M5CL,8M5CL,06/24/2026 8:33:32 AM,8M5CL,D1D,1,8272209,AME411,21,263067,AME411_PM3,P_78_GABON_B10_R4,06/23/2026 7:43:36 PM,11,AME411,21,263067,AME411_PM3,P_78_GABON_B10_R4,06/23/2026 7:43:36 PM,11,,,,8PXMCVBG,FL78.31YJC_SNIP_DLP2295515-1_36326
D612478,23,A2BP5023SLF6,0.003692,0,0,0,0,0.003692,0.003692,0,0,0.187355,0,0,0,0.004615,0.003692,0.025842,0.003692,0,D6124780,PXMG,06/24/2026 5:04:18 AM,BPD458,8M5CL,8M5CL,06/24/2026 8:33:43 AM,8M5CL,D1D,2,8272099,AME411,14,263067,AME411_PM4,P_78_GABON_B10_R4,06/23/2026 7:28:56 PM,7,AME411,14,263067,AME411_PM4,P_78_GABON_B10_R4,06/23/2026 7:28:56 PM,7,,,,8PXMCVBG,FL78.31YJC_SNIP_DLP2295515-1_36326
D613142,39,MCMMJ039WAE0,0.003247,0.003247,0,0,0,0.003247,0,0,0,0.188337,0,0,0,0.003247,0,0.009742,0.003247,,D6131420,PR8B,06/24/2026 4:32:09 PM,BPD446,8M5CL,8M5CL,06/25/2026 8:16:42 AM,8M5CL,D1D,1,8322064,AME427,1,263067,AME427_PM4,P_78_GABON_B10_R4,06/24/2026 2:26:50 PM,1,AME427,1,263067,AME427_PM4,P_78_GABON_B10_R4,06/24/2026 2:26:50 PM,1,,,,8PR8CVB,FL78.6H0QE_SNIP_DLP2344620-1_19420
D613142,46,MCMMJ046WAD1,0,0,0,0,0.027914,0,0.003489,0,0,0.19889,0,0,0,0,0,0,0,,D6131420,PR8B,06/24/2026 4:32:09 PM,BPD446,8M5CL,8M5CL,06/25/2026 8:16:37 AM,8M5CL,D1D,2,8322058,AME427,10,263067,AME427_PM4,P_78_GABON_B10_R4,06/24/2026 2:41:11 PM,5,AME427,10,263067,AME427_PM4,P_78_GABON_B10_R4,06/24/2026 2:41:11 PM,5,,,,8PR8CVB,FL78.6H0QE_SNIP_DLP2344620-1_19420
D612472,133,HE4UD133JKB6,0,0,0,0,0.025842,0.018089,0.010706,0,0,0.251776,0,0,0,0.011075,0,0,0.003692,0,D6124720,PXMG,06/25/2026 12:03:52 AM,BPD454,8M5CL,8M5CL,06/25/2026 8:09:26 AM,8M5CL,D1D,1,8270384,AME411,17,263067,AME411_PM3,P_78_GABON_B10_R4,06/24/2026 8:36:49 PM,9,AME411,17,263067,AME411_PM3,P_78_GABON_B10_R4,06/24/2026 8:36:49 PM,9,,,,8PXMCVBG,FL78.31YJC_SNIP_DLP2295515-1_36326
D612472,134,HE4UD134JKG0,0,0,0,0,0.021956,0,0.007319,0,0,0.34397,0,0,0,0,0,0.021956,0,0,D6124720,PXMG,06/25/2026 12:03:52 AM,BPD454,8M5CL,8M5CL,06/25/2026 8:09:29 AM,8M5CL,D1D,2,8270140,AME411,18,263067,AME411_PM4,P_78_GABON_B10_R4,06/24/2026 8:36:49 PM,9,AME411,18,263067,AME411_PM4,P_78_GABON_B10_R4,06/24/2026 8:36:49 PM,9,,,,8PXMCVBG,FL78.31YJC_SNIP_DLP2295515-1_36326
D612557,299,KJ9JG299WFF6,0,0,0,0,0.012035,0.003692,0.037213,0,0,0.201051,0,0,0,0.02695,0,0.069774,0,0,D6125570,PXMG,06/21/2026 2:28:52 AM,BPD454,8M5CL,8M5CL,06/21/2026 3:26:50 PM,8M5CL,D1D,1,8280446,AME411,16,263067,AME411_PM2,P_78_GABON_B10_R4,06/21/2026 12:08:06 AM,7,AME411,16,263067,AME411_PM2,P_78_GABON_B10_R4,06/21/2026 12:08:06 AM,7,,,,8PXMCVBG,FL78.31YJC_SNIP_DLP2295515-1_38226
D612557,390,KJ9JG390WFD4,0,0,0,0,0.018296,0.007319,0.003659,0,0,0.124415,0,0,0,0,0.003659,0.018296,0,,D6125570,PXMG,06/21/2026 2:28:52 AM,BPD454,8M5CL,8M5CL,06/21/2026 3:26:57 PM,8M5CL,D1D,2,8280401,AME411,23,263067,AME411_PM2,P_78_GABON_B10_R4,06/21/2026 12:19:02 AM,10,AME411,23,263067,AME411_PM2,P_78_GABON_B10_R4,06/21/2026 12:19:02 AM,10,,,,8PXMCVBG,FL78.31YJC_SNIP_DLP2295515-1_38226
D612557,455,KJ9HB455WFF3,0,0,0,0,0.011075,0.007383,0.003692,0,0,0.162436,0,0,0,0.011075,0,0.051684,0,,D6125570,PXMG,06/21/2026 4:52:52 AM,BPD454,8M5CL,8M5CL,06/21/2026 3:26:44 PM,8M5CL,D1D,3,8280436,AME411,6,263067,AME411_PM2,P_78_GABON_B10_R4,06/20/2026 11:53:28 PM,3,AME411,6,263067,AME411_PM2,P_78_GABON_B10_R4,06/20/2026 11:53:28 PM,3,,,,8PXMCVBG,FL78.31YJC_SNIP_DLP2295515-1_38226
D612557,482,KJ9HB482WFG1,0,0,0,0,0.003659,0.007319,0.007319,0,0,0.208577,0,0,0,0.003659,0,0.029274,0,,D6125570,PXMG,06/21/2026 4:52:52 AM,BPD454,8M5CL,8M5CL,06/21/2026 3:26:36 PM,8M5CL,D1D,4,8280344,AME411,4,263067,AME411_PM2,P_78_GABON_B10_R4,06/20/2026 11:49:48 PM,2,AME411,4,263067,AME411_PM2,P_78_GABON_B10_R4,06/20/2026 11:49:48 PM,2,,,,8PXMCVBG,FL78.31YJC_SNIP_DLP2295515-1_38226
D612481,8,KJCHY008WFE3,0,0,0,0,0.003659,0.003659,0.003659,0,0,0.186622,0,0,0,0.003659,0,0.007319,0,,D6124810,PXMG,07/03/2026 4:17:12 AM,BPD446,8M5CL,8M5CL,07/03/2026 7:55:26 AM,8M5CL,D1D,1,8272234,AME421,8,263067,AME421_PM2,P_78_GABON_B10_R4,07/03/2026 1:32:03 AM,4,AME421,8,263067,AME421_PM2,P_78_GABON_B10_R4,07/03/2026 1:32:03 AM,4,,,,8PXMCVBG,FL78.31YJC_SNIP_DLP2295515-1_36326
D612481,22,KJCHY022WFC5,0,0,0,0,0.003659,0,0,0,0,0.310853,0,0,0,0,0,0.01482,0,0,D6124810,PXMG,07/03/2026 4:17:12 AM,BPD446,8M5CL,8M5CL,07/03/2026 7:55:38 AM,8M5CL,D1D,2,8272282,AME421,3,263067,AME421_PM1,P_78_GABON_B10_R4,07/03/2026 1:24:04 AM,2,AME421,3,263067,AME421_PM1,P_78_GABON_B10_R4,07/03/2026 1:24:04 AM,2,,,,8PXMCVBG,FL78.31YJC_SNIP_DLP2295515-1_36326
D611338,55,KJAAA055WFC4,0.003692,0,0,0,0,0.011075,0,0,0.003692,0.08491,0,0,0,0.007383,0,0,0.003692,,D6113380,PXMG,06/30/2026 5:35:15 PM,BPD458,8M5CL,8M5CL,07/01/2026 6:29:19 AM,8M5CL,D1D,1,8234594,AME427,5,263067,AME427_PM5,P_78_GABON_B10_R4,06/30/2026 4:00:19 PM,2,AME427,5,263067,AME427_PM5,P_78_GABON_B10_R4,06/30/2026 4:00:19 PM,2,,,,8PXMCVBG,FL78.31YJC_SNIP_DLP2295515-1_33395
D611338,64,KJAAA064WFC6,0,0,0,0,0,0.342872,0.020126,0,0.013173,0.120389,0,0,0,0.026347,0,0.047936,0,0,D6113380,PXMG,06/30/2026 5:35:15 PM,BPD458,8M5CL,8M5CL,07/01/2026 6:29:18 AM,8M5CL,D1D,2,8234665,AME427,2,263067,AME427_PM5,P_78_GABON_B10_R4,06/30/2026 3:56:41 PM,1,AME427,2,263067,AME427_PM5,P_78_GABON_B10_R4,06/30/2026 3:56:41 PM,1,,,,8PXMCVBG,FL78.31YJC_SNIP_DLP2295515-1_33395
D611338,72,KJAAA072WFG1,0,0,0,0,0,0.003659,0,0,0,0.135392,0,0,0,0,0.003659,0.010978,0.003659,,D6113380,PXMG,07/01/2026 10:27:26 AM,BPD454,8M5CL,8M5CL,07/02/2026 7:54:59 AM,8M5CL,D1D,3,8234627,AME427,21,263067,AME427_PM5,P_78_GABON_B10_R4,06/30/2026 4:25:57 PM,9,AME427,21,263067,AME427_PM5,P_78_GABON_B10_R4,06/30/2026 4:25:57 PM,9,,,,8PXMCVBG,FL78.31YJC_SNIP_DLP2295515-1_33395
D611338,74,KJAAA074WFH2,0,0,0,0,0.007319,0.003659,0,0,0,0.168326,0,0,0,0.007319,0,0,0,,D6113380,PXMG,07/01/2026 10:27:26 AM,BPD454,8M5CL,8M5CL,07/02/2026 7:55:08 AM,8M5CL,D1D,4,8234654,AME427,14,263067,AME427_PM5,P_78_GABON_B10_R4,06/30/2026 4:15:02 PM,6,AME427,14,263067,AME427_PM5,P_78_GABON_B10_R4,06/30/2026 4:15:02 PM,6,,,,8PXMCVBG,FL78.31YJC_SNIP_DLP2295515-1_33395
D611338,81,KJAAA081WFG3,0.003692,0,0,0,0,0.007383,0,0,0,0.136594,0,0,0,0,0,0.011075,0,,D6113380,PXMG,07/01/2026 10:27:26 AM,BPD454,8M5CL,8M5CL,07/02/2026 7:54:49 AM,8M5CL,D1D,5,8234683,AME427,18,263067,AME427_PM6,P_78_GABON_B10_R4,06/30/2026 4:18:40 PM,7,AME427,18,263067,AME427_PM6,P_78_GABON_B10_R4,06/30/2026 4:18:40 PM,7,,,,8PXMCVBG,FL78.31YJC_SNIP_DLP2295515-1_33395
D611343,237,KJAYT237WFF5,0,0,0,0,0,0.003692,0,0,0,0.114444,0,0,0,0.011075,0,0.003692,0,,D6113430,PXMG,06/28/2026 4:35:20 AM,BPD454,8M5CL,8M5CL,06/28/2026 9:02:53 AM,8M5CL,D1D,1,8234449,AME409,8,263067,AME409_PM2,P_78_GABON_B10_R4,06/27/2026 7:18:30 PM,3,AME409,8,263067,AME409_PM2,P_78_GABON_B10_R4,06/27/2026 7:18:30 PM,3,,,,8PXMCVBG,FL78.31YJC_SNIP_DLP2295515-1_33395
D611343,246,KJAYT246WFF7,0,0,0,0,0,0.003659,0.020189,0,0,0.156465,0,0,0,0.004038,0,0.024227,0,0,D6113430,PXMG,06/28/2026 4:35:20 AM,BPD454,8M5CL,8M5CL,06/28/2026 9:02:56 AM,8M5CL,D1D,2,8234435,AME409,19,263067,AME409_PM1,P_78_GABON_B10_R4,06/27/2026 7:41:44 PM,8,AME409,19,263067,AME409_PM1,P_78_GABON_B10_R4,06/27/2026 7:41:44 PM,8,,,,8PXMCVBG,FL78.31YJC_SNIP_DLP2295515-1_33395
D613144,11,KJCHY011WFB2,0,0,0,0,0.006494,0,0.003247,0,0,0.214314,0,0,0,0.009742,0,0.006494,0,,D6131440,PR8B,07/11/2026 3:52:27 PM,BPD436,8M5CL,8M5CL,07/12/2026 8:26:11 AM,8M5CL,D1D,1,8322716,AME425,21,263067,AME425_PM4,P_78_GABON_B10_R4,07/11/2026 2:26:40 PM,21,AME425,21,263067,AME425_PM4,P_78_GABON_B10_R4,07/11/2026 2:26:40 PM,21,,,,8PR8CVB,FL78.6H0QE_SNIP_DLP2344620-1_19420
D613144,14,KJCHY014WFG5,0,0,0,0,0,0.003489,0,0,0,0.216336,0,0,0,0,0.003489,0,0,,D6131440,PR8B,07/11/2026 3:52:27 PM,BPD436,8M5CL,8M5CL,07/12/2026 8:26:21 AM,8M5CL,D1D,2,8322597,AME425,10,263067,AME425_PM4,P_78_GABON_B10_R4,07/11/2026 1:41:40 PM,10,AME425,10,263067,AME425_PM4,P_78_GABON_B10_R4,07/11/2026 1:41:40 PM,10,,,,8PR8CVB,FL78.6H0QE_SNIP_DLP2344620-1_19420
D613144,17,KJCHY017WFE5,0,0,0,0,0.006494,0.006494,0.003247,0,0,0.246786,0,0,0,0.003247,0,0.006494,0,,D6131440,PR8B,07/11/2026 3:52:27 PM,BPD436,8M5CL,8M5CL,07/12/2026 8:26:28 AM,8M5CL,D1D,3,8322753,AME425,3,263067,AME425_PM4,P_78_GABON_B10_R4,07/11/2026 1:16:03 PM,3,AME425,3,263067,AME425_PM4,P_78_GABON_B10_R4,07/11/2026 1:16:03 PM,3,,,,8PR8CVB,FL78.6H0QE_SNIP_DLP2344620-1_19420
D613144,20,KJCHY020WFB4,0,0,0,0,0.003489,0,0,0,0,0.223315,0,0,0,0.010468,0.003489,0,0,,D6131440,PR8B,07/11/2026 3:52:27 PM,BPD436,8M5CL,8M5CL,07/12/2026 8:26:30 AM,8M5CL,D1D,4,8322624,AME425,1,263067,AME425_PM4,P_78_GABON_B10_R4,07/11/2026 1:08:34 PM,1,AME425,1,263067,AME425_PM4,P_78_GABON_B10_R4,07/11/2026 1:08:34 PM,1,,,,8PR8CVB,FL78.6H0QE_SNIP_DLP2344620-1_19420
D613145,4,KJAAE004WFG6,0,0,0,0,0,0.003489,0,0,0,0.223315,0,0,0,0,0.003489,0.003489,0.003489,,D6131450,PR8B,07/11/2026 10:34:19 PM,BPD436,8M5CL,8M5CL,07/12/2026 8:32:27 AM,8M5CL,D1D,1,8322743,AME409,4,263067,AME409_PM3,P_78_GABON_B10_R4,07/11/2026 2:12:59 PM,4,AME409,4,263067,AME409_PM3,P_78_GABON_B10_R4,07/11/2026 2:12:59 PM,4,,,,8PR8CVB,FL78.6H0QE_SNIP_DLP2344620-1_19420
D613145,46,KJAAE046WFD6,0,0,0,0,0,0.006979,0.003489,0,0,0.181443,0,0,0,0.006979,0,0,0,,D6131450,PR8B,07/11/2026 10:34:19 PM,BPD436,8M5CL,8M5CL,07/12/2026 8:32:13 AM,8M5CL,D1D,2,8322720,AME409,11,263067,AME409_PM3,P_78_GABON_B10_R4,07/11/2026 2:38:27 PM,11,AME409,11,263067,AME409_PM3,P_78_GABON_B10_R4,07/11/2026 2:38:27 PM,11,,,,8PR8CVB,FL78.6H0QE_SNIP_DLP2344620-1_19420
D613145,51,KJAAE051WFB6,0,0,0,0,0.003247,0.006494,0.006494,0,0,0.194831,0,0,0,0.006494,0,0.009742,0,,D6131450,PR8B,07/11/2026 10:34:19 PM,BPD436,8M5CL,8M5CL,07/12/2026 8:32:34 AM,8M5CL,D1D,3,8322826,AME409,20,263067,AME409_PM3,P_78_GABON_B10_R4,07/11/2026 3:13:30 PM,20,AME409,20,263067,AME409_PM3,P_78_GABON_B10_R4,07/11/2026 3:13:30 PM,20,,,,8PR8CVB,FL78.6H0QE_SNIP_DLP2344620-1_19420
D613145,65,KJAAE065WFB1,0,0,0,0,0.003247,0,0,0,0,0.198078,0,0,0,0,0,0,0,,D6131450,PR8B,07/11/2026 10:34:19 PM,BPD436,8M5CL,8M5CL,07/12/2026 8:32:22 AM,8M5CL,D1D,4,8322806,AME409,2,263067,AME409_PM3,P_78_GABON_B10_R4,07/11/2026 2:05:55 PM,2,AME409,2,263067,AME409_PM3,P_78_GABON_B10_R4,07/11/2026 2:05:55 PM,2,,,,8PR8CVB,FL78.6H0QE_SNIP_DLP2344620-1_19420
D613140,110,A2EW7110SLA2,0,0,0,0,0,0.003489,0,0,0,0.212847,0,0,0,0,0,0.003489,0.003489,,D6131400,PR8B,07/12/2026 12:01:24 AM,BPD436,8M5CL,8M5CL,07/12/2026 8:32:00 AM,8M5CL,D1D,1,8322181,AME425,21,263067,AME425_PM4,P_78_GABON_B10_R4,07/11/2026 4:59:34 PM,21,AME425,21,263067,AME425_PM4,P_78_GABON_B10_R4,07/11/2026 4:59:34 PM,21,,,,8PR8CVB,FL78.6H0QE_SNIP_DLP2344620-1_19420
D613140,151,A2EGD151SLB4,0,0,0,0,0.003247,0,0.003247,0,0,0.211067,0,0,0,0.003247,0,0.003247,0,,D6131400,PR8B,07/12/2026 12:01:24 AM,BPD436,8M5CL,8M5CL,07/12/2026 8:31:55 AM,8M5CL,D1D,2,8322313,AME425,6,263067,AME425_PM4,P_78_GABON_B10_R4,07/11/2026 4:06:17 PM,6,AME425,6,263067,AME425_PM4,P_78_GABON_B10_R4,07/11/2026 4:06:17 PM,6,,,,8PR8CVB,FL78.6H0QE_SNIP_DLP2344620-1_19420
D613140,154,A2EGD154SLG7,0,0,0,0,0,0,0.003489,0,0,0.216336,0,0,0,0.010468,0,0,0,,D6131400,PR8B,07/12/2026 12:01:24 AM,BPD436,8M5CL,8M5CL,07/12/2026 8:32:10 AM,8M5CL,D1D,3,8322166,AME425,18,263067,AME425_PM4,P_78_GABON_B10_R4,07/11/2026 4:48:55 PM,18,AME425,18,263067,AME425_PM4,P_78_GABON_B10_R4,07/11/2026 4:48:55 PM,18,,,,8PR8CVB,FL78.6H0QE_SNIP_DLP2344620-1_19420
D613140,156,A2EGD156SLA5,0,0,0,0,0.003489,0,0,0,0,0.205868,0,0,0,0.003489,0.003489,0.006979,0,,D6131400,PR8B,07/12/2026 12:01:24 AM,BPD436,8M5CL,8M5CL,07/12/2026 8:32:20 AM,8M5CL,D1D,4,8322107,AME425,8,263067,AME425_PM4,P_78_GABON_B10_R4,07/11/2026 4:13:21 PM,8,AME425,8,263067,AME425_PM4,P_78_GABON_B10_R4,07/11/2026 4:13:21 PM,8,,,,8PR8CVB,FL78.6H0QE_SNIP_DLP2344620-1_19420
D613153,153,HJ8VW153JKA1,0,0,0,0,0.018196,0,0.009098,0,0,0.263838,0,0,0,0,0,0.013647,0.004549,,D6131530,PR8B,07/19/2026 9:40:33 AM,BPD446,8M5CL,8M5CL,07/20/2026 8:08:46 AM,8M5CL,D1D,1,8326400,AME423,12,263067,AME423_PM5,P_78_GABON_B10_R4,07/19/2026 8:15:43 AM,3,AME423,12,263067,AME423_PM5,P_78_GABON_B10_R4,07/19/2026 8:15:43 AM,3,,,,8PR8CVB,FL78.6H0QE_SNIP_DLP2344620-1_19420
D613153,154,HJ8VW154JKE3,0,0,0,0,0,0.006375,0,0,0,0.363361,0,0,0,0,0,0,0,,D6131530,PR8B,07/19/2026 9:40:33 AM,BPD446,8M5CL,8M5CL,07/20/2026 8:08:52 AM,8M5CL,D1D,2,8326620,AME423,3,263067,AME423_PM5,P_78_GABON_B10_R4,07/19/2026 8:08:25 AM,1,AME423,3,263067,AME423_PM5,P_78_GABON_B10_R4,07/19/2026 8:08:25 AM,1,,,,8PR8CVB,FL78.6H0QE_SNIP_DLP2344620-1_19420
D603174,5,MCJ1W005WAG6,0.007383,0,0,0,0.011075,0.003692,0.003692,0,0,0.147669,0,0,0.007383,0.025842,0,0.02215,0.007383,,D6031740,PXMG,03/21/2026 8:28:17 AM,BPD442,8M5CL,8M5CL,06/30/2026 10:50:36 PM,8M5CL,D1D,1,7940868,AME409,1,263067,AME409_PM1,P_78_GABON_B10_R3,03/21/2026 6:41:06 AM,1,AME409,1,263067,AME409_PM1,P_78_GABON_B10_R3,03/21/2026 6:41:06 AM,1,,,,8PXMCVBG,FL78.31YJC_SNIP_DLP2295515-1_22631
D603174,7,MCJ1W007WAA4,0.003692,0,0,0,0.011075,0.003692,0,0,0,0.166128,0,0,0,0.003692,0,0,0,,D6031740,PXMG,03/21/2026 8:28:17 AM,BPD442,8M5CL,8M5CL,06/30/2026 5:33:00 PM,8M5CL,D1D,2,7940621,AME409,18,263067,AME409_PM2,P_78_GABON_B10_R3,03/21/2026 7:12:36 AM,9,AME409,18,263067,AME409_PM2,P_78_GABON_B10_R3,03/21/2026 7:12:36 AM,9,,,,8PXMCVBG,FL78.31YJC_SNIP_DLP2295515-1_22631
D604234,70,KJ7YT070WFG3,0,0,0.003659,0,0.007319,0.010978,0.003659,0,0,0.102459,0,0,0,0.007319,0,0.018296,0,,D6042340,PXMG,04/08/2026 10:25:49 PM,BPD442,8M5CL,8M5CL,07/02/2026 2:15:53 PM,8M5CL,D1D,1,7975379,AME427,9,263067,AME427_PM3,P_78_GABON_B10_R3,04/08/2026 8:40:07 PM,9,AME427,9,263067,AME427_PM3,P_78_GABON_B10_R3,04/08/2026 8:40:07 PM,9,,,,8PXMCVBG,FL78.31YJC_SNIP_DLP2295515-1_24697
D604234,93,KJ7YT093WFG0,0,0,0,0,0.003692,0.007383,0,0,0,0.099677,0,0,0,0.011075,0,0.011075,0,,D6042340,PXMG,04/08/2026 10:25:49 PM,BPD442,8M5CL,8M5CL,04/09/2026 8:16:02 AM,8M5CL,D1D,2,7975402,AME427,6,263067,AME427_PM3,P_78_GABON_B10_R3,04/08/2026 8:29:37 PM,6,AME427,6,263067,AME427_PM3,P_78_GABON_B10_R3,04/08/2026 8:29:37 PM,6,,,,8PXMCVBG,FL78.31YJC_SNIP_DLP2295515-1_24697
D604216,458,KJ94L458WFG1,0,0,0,0,0.010978,0.014637,0,0,0,0.329333,0,0,0,0.003659,0.003659,0.003659,0,0,D6042160,PXMG,04/18/2026 11:07:06 AM,BPD446,8M5CL,8M5CL,07/05/2026 9:21:27 AM,8M5CL,D1D,1,7968490,AME417,13,263067,AME417_PM6,P_78_GABON_B10_R3,04/18/2026 9:30:38 AM,6,AME417,13,263067,AME417_PM6,P_78_GABON_B10_R3,04/18/2026 9:30:38 AM,6,,,,8PXMCVBG,FL78.31YJC_SNIP_DLP2389299-1_13
D604216,523,KJ94L523WFA0,0.007383,0,0,0,0.003692,0,0.007383,0,0,0.114444,0,0,0,0.007383,0,0.02215,0,,D6042160,PXMG,04/18/2026 11:07:06 AM,BPD446,8M5CL,8M5CL,07/03/2026 12:50:32 AM,8M5CL,D1D,2,7968444,AME417,10,263067,AME417_PM6,P_78_GABON_B10_R3,04/18/2026 9:26:58 AM,5,AME417,10,263067,AME417_PM6,P_78_GABON_B10_R3,04/18/2026 9:26:58 AM,5,,,,8PXMCVBG,FL78.31YJC_SNIP_DLP2389299-1_13
D604217,144,KJ97L144WFD5,0,0,0,0,0.003659,0.007319,0.021956,0,0,0.117096,0,0,0,0.021956,0,0.0988,0,,D6042170,PXMG,04/17/2026 9:59:45 PM,BPD436,8M5CL,8M5CL,07/06/2026 2:31:56 AM,8M5CL,D1D,1,7968553,AME401,12,263067,AME401_PM2,P_78_GABON_B10_R3,04/17/2026 8:16:34 PM,4,AME401,12,263067,AME401_PM2,P_78_GABON_B10_R3,04/17/2026 8:16:34 PM,4,,,,8PXMCVBG,FL78.31YJC_SNIP_DLP2295515-1_24697
D604217,149,KJ7YT149WFA6,0,0,0,0,0.003692,0,0.003692,0,0,0.095985,0,0,0,0.003692,0,0.011075,0,,D6042170,PXMG,04/17/2026 9:59:45 PM,BPD436,8M5CL,8M5CL,07/06/2026 8:25:59 PM,8M5CL,D1D,2,7968478,AME401,23,263067,AME401_PM1,P_78_GABON_B10_R3,04/17/2026 8:38:14 PM,10,AME401,23,263067,AME401_PM1,P_78_GABON_B10_R3,04/17/2026 8:38:14 PM,10,,,,8PXMCVBG,FL78.31YJC_SNIP_DLP2295515-1_24697
D604217,153,KJ97L153WFD7,0,0,0,0,0.029534,0.003692,0.014767,0,0,0.10706,0,0,0,0.018459,0,0.014767,0,,D6042170,PXMG,04/17/2026 11:13:05 PM,BPD444,8M5CL,8M5CL,07/04/2026 10:49:43 PM,8M5CL,D1D,3,7968665,AME401,24,263067,AME401_PM2,P_78_GABON_B10_R3,04/17/2026 8:38:14 PM,10,AME401,24,263067,AME401_PM2,P_78_GABON_B10_R3,04/17/2026 8:38:14 PM,10,,,,8PXMCVBG,FL78.31YJC_SNIP_DLP2295515-1_24697
D604217,154,KJ97L154WFA6,0,0,0,0,0.025615,0.010978,0.003659,0,0,0.113437,0,0,0,0,0,0.018296,0.003659,,D6042170,PXMG,04/17/2026 11:13:05 PM,BPD444,8M5CL,8M5CL,07/07/2026 2:08:14 AM,8M5CL,D1D,4,7968632,AME401,20,263067,AME401_PM2,P_78_GABON_B10_R3,04/17/2026 8:31:03 PM,8,AME401,20,263067,AME401_PM2,P_78_GABON_B10_R3,04/17/2026 8:31:03 PM,8,,,,8PXMCVBG,FL78.31YJC_SNIP_DLP2295515-1_24697
D604217,171,KJ97L171WFE3,0,0,0,0,0.018459,0.003692,0.007383,0,0,0.12921,0,0,0,0.003692,0,0.036917,0,,D6042170,PXMG,04/17/2026 11:13:05 PM,BPD444,8M5CL,8M5CL,07/04/2026 11:43:28 PM,8M5CL,D1D,5,7968585,AME401,14,263067,AME401_PM2,P_78_GABON_B10_R3,04/17/2026 8:20:14 PM,5,AME401,14,263067,AME401_PM2,P_78_GABON_B10_R3,04/17/2026 8:20:14 PM,5,,,,8PXMCVBG,FL78.31YJC_SNIP_DLP2295515-1_24697
D603185,30,KJ7YR030WFC3,0,0,0,0,0,0,0,0,0,0.205833,0,0,0,0,0,0.013722,0.003659,0,D6031850,PXMG,04/12/2026 7:33:50 PM,BPD454,8M5CL,8M5CL,04/13/2026 7:23:25 AM,8M5CL,D1D,1,7938479,AME427,24,263067,AME427_PM6,P_78_GABON_B10_R3,04/12/2026 6:33:10 PM,12,AME427,24,263067,AME427_PM6,P_78_GABON_B10_R3,04/12/2026 6:33:10 PM,12,,,,8PXMCVBG,FL78.31YJC_SNIP_DLP2295515-1_22631
D603185,55,KJ7YR055WFD1,0,0,0,0,0,0,0.003692,0,0,0.158744,0,0,0,0,0,0,0,,D6031850,PXMG,04/12/2026 7:33:50 PM,BPD454,8M5CL,8M5CL,04/13/2026 7:24:16 AM,8M5CL,D1D,2,7938525,AME427,11,263067,AME427_PM5,P_78_GABON_B10_R3,04/12/2026 6:11:26 PM,6,AME427,11,263067,AME427_PM5,P_78_GABON_B10_R3,04/12/2026 6:11:26 PM,6,,,,8PXMCVBG,FL78.31YJC_SNIP_DLP2295515-1_22631
D603184,255,KJ7YN255WFH2,0,0,0,0,0,0,0.014767,0,0,0.092293,0,0,0,0.018459,0,0.018459,0,,D6031840,PXMG,04/16/2026 12:32:14 AM,BPD444,8M5CL,8M5CL,07/03/2026 11:24:47 PM,8M5CL,D1D,1,7938410,AME423,9,263067,AME423_PM3,P_78_GABON_B10_R3,04/15/2026 7:45:50 PM,5,AME423,9,263067,AME423_PM3,P_78_GABON_B10_R3,04/15/2026 7:45:50 PM,5,,,,8PXMCVBG,FL78.31YJC_SNIP_DLP2295515-1_22631
D603184,259,KJ7YN259WFC1,0,0,0,0,0.007383,0,0.007383,0,0,0.099677,0,0.003692,0,0.018459,0,0.003692,0,,D6031840,PXMG,04/16/2026 12:32:14 AM,BPD444,8M5CL,8M5CL,07/03/2026 11:49:12 PM,8M5CL,D1D,2,7938464,AME423,2,263067,AME423_PM3,P_78_GABON_B10_R3,04/15/2026 7:29:46 PM,1,AME423,2,263067,AME423_PM3,P_78_GABON_B10_R3,04/15/2026 7:29:46 PM,1,,,,8PXMCVBG,FL78.31YJC_SNIP_DLP2295515-1_22631
D603167,58,KJ7YR058WFB1,0,0,0,0,0.014637,0.007319,0.003659,0,0,0.157348,0,0,0,0,0.003659,0,0,,D6031670,PXMG,04/15/2026 1:23:12 PM,BPD442,8M5CL,8M5CL,07/20/2026 10:30:56 PM,8M5CL,D1D,1,7942572,AME409,8,263067,AME409_PM3,P_78_GABON_B10_R3,04/15/2026 10:06:12 AM,4,AME409,8,263067,AME409_PM3,P_78_GABON_B10_R3,04/15/2026 10:06:12 AM,4,,,,8PXMCVBG,FL78.31YJC_SNIP_DLP2295515-1_22631
D603167,249,KJ7YN249WFF0,0,0,0,0,0.003692,0.007383,0,0,0,0.180895,0,0,0,0.011075,0,0.007383,0,,D6031670,PXMG,04/15/2026 1:23:12 PM,BPD442,8M5CL,8M5CL,07/08/2026 2:51:02 AM,8M5CL,D1D,2,7942550,AME409,19,263067,AME409_PM4,P_78_GABON_B10_R3,04/15/2026 10:24:10 AM,9,AME409,19,263067,AME409_PM4,P_78_GABON_B10_R3,04/15/2026 10:24:10 AM,9,,,,8PXMCVBG,FL78.31YJC_SNIP_DLP2295515-1_22631
D604219,594,KJ9HF594WFF0,0,0,0,0,0.003659,0.003659,0,0,0,0.159635,0,0,0,0.007319,0.005031,0.007319,0,0,D6042190,PXMG,04/15/2026 10:24:27 AM,BPD444,8M5CL,8M5CL,06/17/2026 4:24:48 AM,8M5CL,D1D,1,7968634,AME423,20,263067,AME423_PM2,P_78_GABON_B10_R3,04/15/2026 9:02:44 AM,9,AME423,20,263067,AME423_PM2,P_78_GABON_B10_R3,04/15/2026 9:02:44 AM,9,,,,8PXMCVBG,FL78.31YJC_SNIP_DLP2389304-1_2
D604219,595,KJ9HF595WFB7,0,0,0,0,0,0,0,0,0.003692,0.147669,0,0,0,0.003692,0,0.003692,0.003692,,D6042190,PXMG,04/15/2026 10:24:27 AM,BPD444,8M5CL,8M5CL,06/17/2026 8:32:09 PM,8M5CL,D1D,2,7968767,AME423,19,263067,AME423_PM1,P_78_GABON_B10_R3,04/15/2026 9:02:44 AM,9,AME423,19,263067,AME423_PM1,P_78_GABON_B10_R3,04/15/2026 9:02:44 AM,9,,,,8PXMCVBG,FL78.31YJC_SNIP_DLP2389304-1_2
D603183,375,KJ7KQ375WFE0,0,0,0,0,0.00482,0,0,0,0,0.1972,0,0,0,0.00964,0.00482,0.053017,0,0,D6031830,PXMG,04/19/2026 7:52:15 AM,BPD454,8M5CL,8M5CL,07/03/2026 4:47:11 PM,8M5CL,D1D,1,7938262,AME417,20,263067,AME417_PM3,P_78_GABON_B10_R3,04/19/2026 7:08:48 AM,10,AME417,20,263067,AME417_PM3,P_78_GABON_B10_R3,04/19/2026 7:08:48 AM,10,,,,8PXMCVBG,FL78.31YJC_SNIP_DLP2295515-1_22631
D603183,380,KJ7KQ380WFC0,0,0,0,0,0,0,0,0,0,0.281762,0,0,0,0.003659,0,0.021956,0,0,D6031830,PXMG,04/19/2026 7:52:15 AM,BPD454,8M5CL,8M5CL,07/04/2026 6:22:37 AM,8M5CL,D1D,2,7938312,AME417,3,263067,AME417_PM3,P_78_GABON_B10_R3,04/19/2026 6:39:37 AM,2,AME417,3,263067,AME417_PM3,P_78_GABON_B10_R3,04/19/2026 6:39:37 AM,2,,,,8PXMCVBG,FL78.31YJC_SNIP_DLP2295515-1_22631
D603180,38,A25YU038SLB7,0,0,0,0,0.003659,0.007319,0,0,0.003659,0.117096,0,0,0,0,0,0.014637,0.003659,,D6031800,PXMG,04/19/2026 10:28:45 PM,BPD436,8M5CL,8M5CL,04/20/2026 8:03:51 AM,8M5CL,D1D,1,7938417,AME409,25,263067,AME409_PM6,P_78_GABON_B10_R4,04/19/2026 8:51:27 PM,22,AME409,25,263067,AME409_PM6,P_78_GABON_B10_R4,04/19/2026 8:51:27 PM,22,,,,8PXMCVBG,FL78.31YJC_SNIP_DLP2295515-1_22631
D603180,50,A25YU050SLG3,0,0,0,0,0.072708,0.012091,0.006046,0,0,0.12521,0,0,0,0.006046,0,0.012091,0,0,D6031800,PXMG,04/19/2026 10:28:45 PM,BPD436,8M5CL,8M5CL,07/05/2026 6:06:55 AM,8M5CL,D1D,2,7938411,AME409,2,263067,AME409_PM6,P_78_GABON_B10_R4,04/19/2026 7:39:25 PM,2,AME409,2,263067,AME409_PM6,P_78_GABON_B10_R4,04/19/2026 7:39:25 PM,2,,,,8PXMCVBG,FL78.31YJC_SNIP_DLP2295515-1_22631
D603157,459,GT8RS459JKC5,0,0,0,0,0,0,0.003692,0,0,0.110752,0,0,0,0,0,0.007383,0,,D6031570,PXMG,04/25/2026 7:50:24 AM,BPD454,8M5CL,8M5CL,06/09/2026 10:09:17 PM,8M5CL,D1D,1,7944915,AME423,12,263067,AME423_PM6,P_78_GABON_B10_R3,04/25/2026 5:39:43 AM,12,AME423,12,263067,AME423_PM6,P_78_GABON_B10_R3,04/25/2026 5:39:43 AM,12,,,,8PXMCVBG,FL78.31YJC_SNIP_DLP2295515-1_22631
D603157,460,GT8RS460JKF6,0,0,0,0,0,0.010978,0.007319,0,0,0.142711,0,0,0,0,0,0.010978,0,,D6031570,PXMG,04/25/2026 7:50:24 AM,BPD454,8M5CL,8M5CL,06/09/2026 10:46:05 PM,8M5CL,D1D,2,7944819,AME423,15,263067,AME423_PM6,P_78_GABON_B10_R3,04/25/2026 5:51:54 AM,15,AME423,15,263067,AME423_PM6,P_78_GABON_B10_R3,04/25/2026 5:51:54 AM,15,,,,8PXMCVBG,FL78.31YJC_SNIP_DLP2295515-1_22631
D603157,461,GT8RS461JKC5,0,0,0,0,0.003692,0,0,0,0,0.177203,0,0,0,0.003692,0.007383,0.003692,0,,D6031570,PXMG,04/25/2026 7:50:24 AM,BPD454,8M5CL,8M5CL,06/09/2026 9:17:26 PM,8M5CL,D1D,3,7944863,AME423,13,263067,AME423_PM6,P_78_GABON_B10_R3,04/25/2026 5:43:20 AM,13,AME423,13,263067,AME423_PM6,P_78_GABON_B10_R3,04/25/2026 5:43:20 AM,13,,,,8PXMCVBG,FL78.31YJC_SNIP_DLP2295515-1_22631
D603157,471,GT8RS471JKH1,0,0,0,0,0.003692,0,0.007383,0,0,0.10706,0,0,0,0,0,0.02215,0,,D6031570,PXMG,04/25/2026 7:50:24 AM,BPD454,8M5CL,8M5CL,06/10/2026 6:22:49 AM,8M5CL,D1D,4,7944847,AME423,25,263067,AME423_PM6,P_78_GABON_B10_R3,04/25/2026 6:30:08 AM,25,AME423,25,263067,AME423_PM6,P_78_GABON_B10_R3,04/25/2026 6:30:08 AM,25,,,,8PXMCVBG,FL78.31YJC_SNIP_DLP2295515-1_22631
D604218,5,KJA6K005WFC3,0,0,0,0,0.011075,0,0.007383,0,0,0.110752,0,0,0,0.018459,0.003692,0.007383,0,,D6042180,PXMG,04/25/2026 11:43:57 PM,BPD432,8M5CL,8M5CL,07/20/2026 12:44:21 PM,8M5CL,D1D,1,7968398,AME419,1,263067,AME419_PM3,P_78_GABON_B10_R3,04/25/2026 9:54:46 PM,1,AME419,1,263067,AME419_PM3,P_78_GABON_B10_R3,04/25/2026 9:54:46 PM,1,,,,8PXMCVBG,FL78.31YJC_SNIP_DLP2295515-1_24697
D604218,24,KJA6K024WFH1,0,0,0,0,0.003659,0.007319,0.010978,0,0,0.0988,0,0,0,0.007319,0,0.003659,0.003659,,D6042180,PXMG,04/25/2026 11:43:57 PM,BPD432,8M5CL,8M5CL,07/22/2026 4:38:49 PM,8M5CL,D1D,2,7968382,AME419,14,263067,AME419_PM4,P_78_GABON_B10_R3,04/25/2026 10:16:08 PM,7,AME419,14,263067,AME419_PM4,P_78_GABON_B10_R3,04/25/2026 10:16:08 PM,7,,,,8PXMCVBG,FL78.31YJC_SNIP_DLP2295515-1_24697
D603152,49,ICDKA049MMC0,0,0,0,0,0,0.003692,0.011075,0,0,0.10706,0,0,0,0,0.003692,0.003692,0.007383,,D6031520,PXMG,04/25/2026 3:18:06 PM,BPD436,8M5CL,8M5CL,07/20/2026 12:43:45 PM,8M5CL,D1D,1,7945010,AME419,21,263067,AME419_PM4,P_78_GABON_B10_R3,04/25/2026 1:58:00 PM,21,AME419,21,263067,AME419_PM4,P_78_GABON_B10_R3,04/25/2026 1:58:00 PM,21,,,,8PXMCVBG,FL78.31YJC_SNIP_DLP2295515-1_22631
D603152,50,ICDKA050MMF1,0.003659,0,0,0,0.007319,0.007319,0.003659,0,0,0.095141,0,0.003659,0,0,0,0.003659,0.003659,,D6031520,PXMG,04/25/2026 3:18:06 PM,BPD436,8M5CL,8M5CL,07/19/2026 7:27:39 PM,8M5CL,D1D,2,7945050,AME419,6,263067,AME419_PM4,P_78_GABON_B10_R3,04/25/2026 1:06:04 PM,6,AME419,6,263067,AME419_PM4,P_78_GABON_B10_R3,04/25/2026 1:06:04 PM,6,,,,8PXMCVBG,FL78.31YJC_SNIP_DLP2295515-1_22631
D604223,134,ICDKA134MME7,0,0,0,0,0,0,0,0,0,0.120755,0,0,0,0,0,0.003659,0,,D6042230,PXMG,04/25/2026 11:02:32 PM,BPD432,8M5CL,8M5CL,06/09/2026 10:33:54 AM,8M5CL,D1D,1,7972947,AME427,12,263067,AME427_PM6,P_78_GABON_B10_R3,04/25/2026 9:42:01 PM,6,AME427,12,263067,AME427_PM6,P_78_GABON_B10_R3,04/25/2026 9:42:01 PM,6,,,,8PXMCVBG,FL78.31YJC_SNIP_DLP2295515-1_24697
D604223,139,ICDKA139MME0,0,0,0,0,0,0.003692,0,0,0,0.155052,0,0,0,0.007383,0,0.011075,0,,D6042230,PXMG,04/25/2026 11:02:32 PM,BPD432,8M5CL,8M5CL,06/09/2026 3:24:41 AM,8M5CL,D1D,2,7972901,AME427,11,263067,AME427_PM5,P_78_GABON_B10_R3,04/25/2026 9:42:01 PM,6,AME427,11,263067,AME427_PM5,P_78_GABON_B10_R3,04/25/2026 9:42:01 PM,6,,,,8PXMCVBG,FL78.31YJC_SNIP_DLP2295515-1_24697
D604240,209,KJA6F209WFB0,0,0,0,0,0,0.003692,0.003692,0,0,0.132902,0,0,0,0.007383,0,0.003692,0.003692,,D6042400,PXMG,04/24/2026 5:32:53 AM,BPD450,8M5CL,8M5CL,06/10/2026 5:54:45 AM,8M5CL,D1D,1,7977305,AME401,21,263067,AME401_PM2,P_78_GABON_B10_R3,04/24/2026 3:35:56 AM,10,AME401,21,263067,AME401_PM2,P_78_GABON_B10_R3,04/24/2026 3:35:56 AM,10,,,,8PXMCVBG,FL78.31YJC_SNIP_DLP2389357-1_1
D604240,297,KJA6F297WFD4,0,0,0,0,0.01329,0.003692,0.007383,0,0,0.273926,0,0,0,0.003692,0.003692,0.02658,0,0,D6042400,PXMG,04/24/2026 5:32:53 AM,BPD450,8M5CL,8M5CL,06/10/2026 7:40:28 AM,8M5CL,D1D,2,7977347,AME401,6,263067,AME401_PM2,P_78_GABON_B10_R3,04/24/2026 3:10:43 AM,3,AME401,6,263067,AME401_PM2,P_78_GABON_B10_R3,04/24/2026 3:10:43 AM,3,,,,8PXMCVBG,FL78.31YJC_SNIP_DLP2389357-1_1
D605329,6,KJ9PL006WFD5,0,0,0,0,0.003659,0.004269,0.026225,0,0,0.200039,0,0,0,0.014637,0,0,0.003659,0,D6053290,PXMG,04/24/2026 9:23:41 AM,BPD448,8M5CL,8M5CL,07/07/2026 9:56:05 PM,8M5CL,D1D,1,8010060,AME427,20,263067,AME427_PM4,P_78_GABON_B10_R3,04/24/2026 8:29:40 AM,10,AME427,20,263067,AME427_PM4,P_78_GABON_B10_R3,04/24/2026 8:29:40 AM,10,,,,8PXMCVBG,FL78.31YJC_SNIP_DLP2295515-1_27189
D605329,21,KJ9PL021WFG1,0.003692,0,0,0,0.025842,0,0,0,0,0.110752,0,0,0,0,0,0.003692,0,,D6053290,PXMG,04/24/2026 9:23:41 AM,BPD448,8M5CL,8M5CL,07/07/2026 9:26:41 PM,8M5CL,D1D,2,8010035,AME427,23,263067,AME427_PM3,P_78_GABON_B10_R3,04/24/2026 8:36:50 AM,12,AME427,23,263067,AME427_PM3,P_78_GABON_B10_R3,04/24/2026 8:36:50 AM,12,,,,8PXMCVBG,FL78.31YJC_SNIP_DLP2295515-1_27189
D603162,11,GS4VR011JKC2,0,0,0,0,0.003692,0,0.003692,0,0,0.208583,0,0,0,0,0,0.009229,0,0,D6031620,PXMG,04/24/2026 4:55:49 PM,BPD436,8M5CL,8M5CL,06/21/2026 7:43:30 AM,8M5CL,D1D,1,7942074,AME411,9,263067,AME411_PM3,P_78_GABON_B10_R3,04/24/2026 3:38:10 PM,4,AME411,9,263067,AME411_PM3,P_78_GABON_B10_R3,04/24/2026 3:38:10 PM,4,,,,8PXMCVBG,FL78.31YJC_SNIP_DLP2295515-1_22631
D603162,29,GS4VR029JKD7,0.003692,0,0,0,0,0,0,0,0,0.103368,0,0,0,0,0,0,0,,D6031620,PXMG,04/24/2026 4:55:49 PM,BPD436,8M5CL,8M5CL,06/21/2026 9:54:16 PM,8M5CL,D1D,2,7942166,AME411,10,263067,AME411_PM4,P_78_GABON_B10_R3,04/24/2026 3:38:10 PM,6,AME411,10,263067,AME411_PM4,P_78_GABON_B10_R3,04/24/2026 3:38:10 PM,6,,,,8PXMCVBG,FL78.31YJC_SNIP_DLP2295515-1_22631
D604221,107,IEFQD107MMF3,0,0,0,0,0,0.007383,0,0,0,0.184586,0,0,0,0.007383,0,0,0.003692,0,D6042210,PXMG,04/23/2026 3:21:55 PM,BPD442,8M5CL,8M5CL,07/13/2026 3:18:50 PM,8M5CL,D1D,1,7972878,AME409,4,263067,AME409_PM3,P_78_GABON_B10_R3,04/23/2026 1:58:41 PM,3,AME409,4,263067,AME409_PM3,P_78_GABON_B10_R3,04/23/2026 1:58:41 PM,3,,,,8PXMCVBG,FL78.31YJC_SNIP_DLP2295515-1_24697
D604221,110,IEFQD110MMC2,0,0,0,0,0.003659,0,0,0,0,0.204918,0,0,0,0.007319,0,0.014637,0,0,D6042210,PXMG,04/23/2026 3:21:55 PM,BPD442,8M5CL,8M5CL,07/12/2026 5:06:33 AM,8M5CL,D1D,2,7972873,AME409,23,263067,AME409_PM4,P_78_GABON_B10_R3,04/23/2026 2:33:19 PM,10,AME409,23,263067,AME409_PM4,P_78_GABON_B10_R3,04/23/2026 2:33:19 PM,10,,,,8PXMCVBG,FL78.31YJC_SNIP_DLP2295515-1_24697
D605322,1,MCAED001WAD5,0,0,0,0,0.007383,0,0,0,0,0.12921,0,0,0,0.003692,0.003692,0.033226,0,,D6053220,PXMG,04/23/2026 3:21:21 PM,BPD446,8M5CL,8M5CL,07/20/2026 10:13:58 PM,8M5CL,D1D,1,8010040,AME427,17,263067,AME427_PM4,P_78_GABON_B10_R3,04/23/2026 2:03:08 PM,9,AME427,17,263067,AME427_PM4,P_78_GABON_B10_R3,04/23/2026 2:03:08 PM,9,,,,8PXMCVBG,FL78.31YJC_SNIP_DLP2295515-1_27189
D605322,5,MCAED005WAF7,0,0,0,0,0,0,0.003692,0,0,0.118135,0,0,0,0.007383,0,0.018459,0,,D6053220,PXMG,04/23/2026 3:21:21 PM,BPD446,8M5CL,8M5CL,07/21/2026 4:28:13 PM,8M5CL,D1D,2,8010218,AME427,10,263067,AME427_PM3,P_78_GABON_B10_R3,04/23/2026 1:52:23 PM,5,AME427,10,263067,AME427_PM3,P_78_GABON_B10_R3,04/23/2026 1:52:23 PM,5,,,,8PXMCVBG,FL78.31YJC_SNIP_DLP2295515-1_27189
D604231,51,A29M4051SLG5,0,0,0,0,0.017167,0,0.009783,0,0,0.198246,0,0,0,0,0.003692,0.007383,0,0,D6042310,PXMG,04/22/2026 1:42:18 PM,BPD454,8M5CL,8M5CL,07/05/2026 6:51:32 PM,8M5CL,D1D,1,7975061,AME401,12,263067,AME401_PM2,P_78_GABON_B10_R3,04/22/2026 12:35:40 PM,6,AME401,12,263067,AME401_PM2,P_78_GABON_B10_R3,04/22/2026 12:35:40 PM,6,,,,8PXMCVBG,FL78.31YJC_SNIP_DLP2295515-1_24697
D604231,52,A29M4052SLD4,0,0,0,0,0,0.003659,0,0,0,0.102459,0,0,0,0.003659,0.003659,0,0,,D6042310,PXMG,04/22/2026 1:42:18 PM,BPD454,8M5CL,8M5CL,07/05/2026 12:46:53 AM,8M5CL,D1D,2,7975158,AME401,3,263067,AME401_PM1,P_78_GABON_B10_R3,04/22/2026 12:21:15 PM,2,AME401,3,263067,AME401_PM1,P_78_GABON_B10_R3,04/22/2026 12:21:15 PM,2,,,,8PXMCVBG,FL78.31YJC_SNIP_DLP2295515-1_24697
D604225,452,KJ9HB452WFA0,0,0,0,0,0,0,0,0,0,0.102459,0,0,0,0.014637,0,0.010978,0.010978,,D6042250,PXMG,04/22/2026 4:16:03 AM,BPD458,8M5CL,8M5CL,06/29/2026 5:09:33 PM,8M5CL,D1D,1,7972549,AME417,4,263067,AME417_PM5,P_78_GABON_B10_R3,04/22/2026 1:18:52 AM,4,AME417,4,263067,AME417_PM5,P_78_GABON_B10_R3,04/22/2026 1:18:52 AM,4,,,,8PXMCVBG,FL78.31YJC_SNIP_DLP2389328-1_1
D604225,454,KJ9HB454WFB1,0,0,0,0,0.010978,0,0.014942,0,0,0.11984,0,0,0,0.003659,0,0.026225,0,0,D6042250,PXMG,04/22/2026 4:16:03 AM,BPD458,8M5CL,8M5CL,07/02/2026 9:04:17 AM,8M5CL,D1D,2,7972608,AME417,23,263067,AME417_PM5,P_78_GABON_B10_R3,04/22/2026 2:30:01 AM,23,AME417,23,263067,AME417_PM5,P_78_GABON_B10_R3,04/22/2026 2:30:01 AM,23,,,,8PXMCVBG,FL78.31YJC_SNIP_DLP2389328-1_1
D605332,151,GT9ZQ151JKD6,0,0,0,0,0,0,0,0,0,0.08491,0,0.003692,0,0,0,0.003692,0.003692,,D6053320,PXMG,04/22/2026 12:51:00 PM,BPD442,8M5CL,8M5CL,07/08/2026 2:33:10 AM,8M5CL,D1D,1,8012855,AME417,1,263067,AME417_PM3,P_78_GABON_B10_R3,04/22/2026 11:03:30 AM,1,AME417,1,263067,AME417_PM3,P_78_GABON_B10_R3,04/22/2026 11:03:30 AM,1,,,,8PXMCVBG,FL78.31YJC_SNIP_DLP2295515-1_27189
D605332,152,GT9ZQ152JKA5,0,0,0,0,0,0.011344,0.003659,0,0,0.182597,0,0.003659,0,0,0,0.003659,0,0,D6053320,PXMG,04/22/2026 12:51:00 PM,BPD442,8M5CL,8M5CL,07/08/2026 1:19:00 AM,8M5CL,D1D,2,8012895,AME417,6,263067,AME417_PM4,P_78_GABON_B10_R3,04/22/2026 11:10:49 AM,3,AME417,6,263067,AME417_PM4,P_78_GABON_B10_R3,04/22/2026 11:10:49 AM,3,,,,8PXMCVBG,FL78.31YJC_SNIP_DLP2295515-1_27189
D605321,567,KJ9HF567WFE2,0,0,0,0,0,0.008122,0,0,0,0.161328,0,0,0,0,0,0.004061,0,0,D6053210,PXMG,04/22/2026 12:32:38 PM,BPD442,8M5CL,8M5CL,07/21/2026 1:35:00 AM,8M5CL,D1D,1,8008190,AME409,16,263067,AME409_PM4,P_78_GABON_B10_R3,04/22/2026 9:12:30 AM,8,AME409,16,263067,AME409_PM4,P_78_GABON_B10_R3,04/22/2026 9:12:30 AM,8,,,,8PXMCVBG,FL78.31YJC_SNIP_DLP2295515-1_27189
D605321,568,KJ9HF568WFB1,0,0,0,0,0.007319,0,0.010978,0,0,0.191588,0,0,0,0.01333,0,0.003659,0,0,D6053210,PXMG,04/22/2026 12:32:38 PM,BPD442,8M5CL,8M5CL,07/21/2026 11:58:23 AM,8M5CL,D1D,2,8008235,AME409,23,263067,AME409_PM3,P_78_GABON_B10_R3,04/22/2026 9:26:54 AM,12,AME409,23,263067,AME409_PM3,P_78_GABON_B10_R3,04/22/2026 9:26:54 AM,12,,,,8PXMCVBG,FL78.31YJC_SNIP_DLP2295515-1_27189
D605317,332,KJA6E332WFF5,0,0,0,0,0.018296,0.007319,0.003659,0,0,0.24517,0,0,0,0.007319,0,0.007319,0,0,D6053170,PXMG,04/27/2026 8:31:51 PM,BPD442,8M5CL,8M5CL,07/22/2026 4:53:06 PM,8M5CL,D1D,1,8008150,AME421,16,263067,AME421_PM4,P_78_GABON_B10_R3,04/27/2026 6:47:20 PM,8,AME421,16,263067,AME421_PM4,P_78_GABON_B10_R3,04/27/2026 6:47:20 PM,8,,,,8PXMCVBG,FL78.31YJC_SNIP_DLP2295515-1_27189
D605317,436,KJA6E436WFH0,0,0,0,0,0,0.006953,0,0,0,0.238217,0,0,0,0.003659,0,0.010978,0,0,D6053170,PXMG,04/27/2026 8:31:51 PM,BPD442,8M5CL,8M5CL,07/23/2026 3:06:08 PM,8M5CL,D1D,2,8008042,AME421,19,263067,AME421_PM3,P_78_GABON_B10_R3,04/27/2026 6:55:12 PM,10,AME421,19,263067,AME421_PM3,P_78_GABON_B10_R3,04/27/2026 6:55:12 PM,10,,,,8PXMCVBG,FL78.31YJC_SNIP_DLP2295515-1_27189
D603187,597,GS7FG597JKF4,0,0,0,0,0,0.014767,0.007383,0,0,0.10706,0,0,0,0.003692,0.003692,0.059068,0,,D6031870,PXMG,04/26/2026 12:01:45 AM,BPD432,8M5CL,8M5CL,04/26/2026 7:56:00 AM,8M5CL,D1D,1,7937599,AME417,20,263067,AME417_PM5,P_78_GABON_B10_R3,04/25/2026 10:39:19 PM,18,AME417,20,263067,AME417_PM5,P_78_GABON_B10_R3,04/25/2026 10:39:19 PM,18,,,,8PXMCVBG,FL78.31YJC_SNIP_DLP2295515-1_22631
D603187,599,GS7FG599JKG5,0,0,0,0,0.011075,0.003692,0,0,0,0.12921,0,0,0,0.007383,0,0,0,,D6031870,PXMG,04/26/2026 12:01:45 AM,BPD432,8M5CL,8M5CL,07/03/2026 12:31:21 AM,8M5CL,D1D,2,7937515,AME417,7,263067,AME417_PM5,P_78_GABON_B10_R3,04/25/2026 9:55:59 PM,6,AME417,7,263067,AME417_PM5,P_78_GABON_B10_R3,04/25/2026 9:55:59 PM,6,,,,8PXMCVBG,FL78.31YJC_SNIP_DLP2295515-1_22631
D605323,877,GS7PC877JKA2,0,0,0,0,0,0,0.003692,0,0,0.225195,0,0,0,0.007383,0,0.014767,0,0,D6053230,PXMG,04/26/2026 7:40:04 AM,BPD448,8M5CL,8M5CL,04/27/2026 7:59:27 AM,8M5CL,D1D,1,8010050,AME411,16,263067,AME411_PM3,P_78_GABON_B10_R3,04/26/2026 6:03:38 AM,8,AME411,16,263067,AME411_PM3,P_78_GABON_B10_R3,04/26/2026 6:03:38 AM,8,,,,8PXMCVBG,FL78.31YJC_SNIP_DLP2295515-1_27189
D605323,879,GS7PC879JKB3,0.003692,0,0,0,0,0.003692,0.014767,0,0,0.339639,0.003692,0,0,0,0.011075,0.014767,0.003692,0,D6053230,PXMG,04/26/2026 7:40:04 AM,BPD448,8M5CL,8M5CL,07/03/2026 5:09:14 PM,8M5CL,D1D,2,8010057,AME411,15,263067,AME411_PM4,P_78_GABON_B10_R3,04/26/2026 5:59:58 AM,7,AME411,15,263067,AME411_PM4,P_78_GABON_B10_R3,04/26/2026 5:59:58 AM,7,,,,8PXMCVBG,FL78.31YJC_SNIP_DLP2295515-1_27189
D605318,426,GS8QK426JKH0,0,0,0,0,0.003659,0,0.003659,0,0,0.142711,0,0,0,0.010978,0,0.003659,0.007319,,D6053180,PXMG,04/26/2026 3:26:10 PM,BPD446,8M5CL,8M5CL,07/20/2026 12:47:45 PM,8M5CL,D1D,1,8008084,AME411,21,263067,AME411_PM4,P_78_GABON_B10_R3,04/26/2026 7:28:15 AM,10,AME411,21,263067,AME411_PM4,P_78_GABON_B10_R3,04/26/2026 7:28:15 AM,10,,,,8PXMCVBG,FL78.31YJC_SNIP_DLP2295515-1_27189
D605318,428,GS8QK428JKA6,0,0,0,0,0.007319,0,0.003659,0,0,0.142711,0,0,0,0,0,0.018296,0,,D6053180,PXMG,04/26/2026 3:26:10 PM,BPD446,8M5CL,8M5CL,07/20/2026 12:28:18 PM,8M5CL,D1D,2,8007985,AME411,14,263067,AME411_PM3,P_78_GABON_B10_R3,04/26/2026 7:16:14 AM,8,AME411,14,263067,AME411_PM3,P_78_GABON_B10_R3,04/26/2026 7:16:14 AM,8,,,,8PXMCVBG,FL78.31YJC_SNIP_DLP2295515-1_27189
D604208,5,5DXBQ005MVE4,0,0,0,0,0.003609,0,0.003609,0,0,0.227377,0,0,0,0,0,0,0,,D6042080,PNCB,04/26/2026 8:06:02 PM,BPD432,8M5CL,8M5CL,07/07/2026 12:37:38 PM,8M5CL,D1D,1,7970300,AME425,21,263067,AME425_PM6,P_78_GABON_B10_R3,04/26/2026 4:56:17 PM,21,AME425,21,263067,AME425_PM6,P_78_GABON_B10_R3,04/26/2026 4:56:17 PM,21,,,,8PONCVBB,FL78.3FGTC_SNIP_DLP2295522-1_16952
D604208,11,5DXBQ011MVG6,0,0,0,0,0.007218,0.003609,0.007218,0,0,0.274296,0,0,0,0.014437,0,0.014437,0,,D6042080,PNCB,04/26/2026 8:06:02 PM,BPD432,8M5CL,8M5CL,07/07/2026 1:24:23 PM,8M5CL,D1D,2,7970365,AME425,22,263067,AME425_PM6,P_78_GABON_B10_R3,04/26/2026 4:59:54 PM,22,AME425,22,263067,AME425_PM6,P_78_GABON_B10_R3,04/26/2026 4:59:54 PM,22,,,,8PONCVBB,FL78.3FGTC_SNIP_DLP2295522-1_16952
D605314,554,GT9LN554JKG6,0,0,0,0,0,0,0,0,0,0.124415,0,0,0,0,0,0,0,,D6053140,PXMG,05/02/2026 11:21:10 PM,BPD432,8M5CL,8M5CL,07/03/2026 9:55:28 AM,8M5CL,D1D,1,8004809,AME401,21,263067,AME401_PM1,P_78_GABON_B10_R3,05/02/2026 9:46:28 PM,11,AME401,21,263067,AME401_PM1,P_78_GABON_B10_R3,05/02/2026 9:46:28 PM,11,,,,8PXMCVBG,FL78.31YJC_SNIP_DLP2295515-1_27189
D605314,556,GT9LN556JKA4,0,0,0.003659,0.003659,0,0,0,0,0,0.095141,0,0,0,0.003659,0.003659,0.003659,0,,D6053140,PXMG,05/02/2026 11:21:10 PM,BPD432,8M5CL,8M5CL,07/04/2026 3:08:58 AM,8M5CL,D1D,2,8004861,AME401,2,263067,AME401_PM2,P_78_GABON_B10_R3,05/02/2026 9:10:31 PM,1,AME401,2,263067,AME401_PM2,P_78_GABON_B10_R3,05/02/2026 9:10:31 PM,1,,,,8PXMCVBG,FL78.31YJC_SNIP_DLP2295515-1_27189
D605314,557,GT9LN557JKE6,0,0,0.003692,0,0,0.003692,0,0,0,0.118135,0,0,0,0,0,0.003692,0,,D6053140,PXMG,05/02/2026 11:21:10 PM,BPD432,8M5CL,8M5CL,07/04/2026 6:12:40 AM,8M5CL,D1D,3,8004964,AME401,23,263067,AME401_PM1,P_78_GABON_B10_R3,05/02/2026 9:50:03 PM,12,AME401,23,263067,AME401_PM1,P_78_GABON_B10_R3,05/02/2026 9:50:03 PM,12,,,,8PXMCVBG,FL78.31YJC_SNIP_DLP2295515-1_27189
D605314,558,GT9LN558JKB5,0,0,0,0,0.003659,0.010978,0.007319,0,0,0.0988,0,0,0,0.003659,0,0.014637,0,,D6053140,PXMG,05/02/2026 11:21:10 PM,BPD432,8M5CL,8M5CL,07/03/2026 9:54:09 AM,8M5CL,D1D,4,8004883,AME401,4,263067,AME401_PM2,P_78_GABON_B10_R3,05/02/2026 9:14:07 PM,2,AME401,4,263067,AME401_PM2,P_78_GABON_B10_R3,05/02/2026 9:14:07 PM,2,,,,8PXMCVBG,FL78.31YJC_SNIP_DLP2295515-1_27189
D605306,694,5DXBP694MVF5,0,0,0,0,0.007167,0.007167,0.010751,0,0,0.182762,0,0,0,0.007167,0.003584,0.010751,0,,D6053060,PNCB,05/02/2026 12:25:46 PM,BPD444,8M5CL,8M5CL,07/04/2026 11:22:18 PM,8M5CL,D1D,1,8024537,AME411,25,263067,AME411_PM1,P_78_GABON_B10_R3,05/02/2026 11:11:50 AM,13,AME411,25,263067,AME411_PM1,P_78_GABON_B10_R3,05/02/2026 11:11:50 AM,13,,,,8PONCVBB,FL78.3FGTC_SNIP_DLP2295522-1_18844
D605306,700,5DXBP700MVG2,0,0,0,0,0.003584,0,0,0,0,0.186345,0,0,0,0,0,0,0,,D6053060,PNCB,05/02/2026 12:25:46 PM,BPD444,8M5CL,8M5CL,07/05/2026 5:11:04 AM,8M5CL,D1D,2,8024609,AME411,2,263067,AME411_PM2,P_78_GABON_B10_R3,05/02/2026 10:28:13 AM,1,AME411,2,263067,AME411_PM2,P_78_GABON_B10_R3,05/02/2026 10:28:13 AM,1,,,,8PONCVBB,FL78.3FGTC_SNIP_DLP2295522-1_18844
D605331,201,GT9ZQ201JKC4,0,0,0,0,0,0.003692,0.014767,0,0,0.166128,0,0,0,0.003692,0,0,0,0,D6053310,PXMG,04/30/2026 12:07:18 PM,BPD458,8M5CL,8M5CL,07/04/2026 5:58:42 AM,8M5CL,D1D,1,8013072,AME423,20,263067,AME423_PM2,P_78_GABON_B10_R3,04/30/2026 9:35:20 AM,10,AME423,20,263067,AME423_PM2,P_78_GABON_B10_R3,04/30/2026 9:35:20 AM,10,,,,8PXMCVBG,FL78.31YJC_SNIP_DLP2295515-1_27189
D605331,202,GT9ZQ202JKG6,0,0,0,0,0,0.003659,0.010978,0,0,0.124415,0,0,0,0.018296,0,0.010978,0,,D6053310,PXMG,04/30/2026 12:07:18 PM,BPD458,8M5CL,8M5CL,07/07/2026 8:55:54 AM,8M5CL,D1D,2,8013100,AME423,11,263067,AME423_PM1,P_78_GABON_B10_R3,04/30/2026 9:20:45 AM,6,AME423,11,263067,AME423_PM1,P_78_GABON_B10_R3,04/30/2026 9:20:45 AM,6,,,,8PXMCVBG,FL78.31YJC_SNIP_DLP2295515-1_27189
D604224,21,KJA6K021WFB6,0,0,0,0,0,0,0.01569,0,0,0.264881,0.003692,0,0,0,0,0.007383,0,0,D6042240,PXMG,04/30/2026 4:29:30 AM,BPD446,8M5CL,8M5CL,07/14/2026 10:51:36 AM,8M5CL,D1D,1,7972582,AME425,5,263067,AME425_PM5,P_78_GABON_B10_R3,04/30/2026 1:56:43 AM,3,AME425,5,263067,AME425_PM5,P_78_GABON_B10_R3,04/30/2026 1:56:43 AM,3,,,,8PXMCVBG,FL78.31YJC_SNIP_DLP2389327-1_3
D604224,37,KJA6K037WFC2,0,0,0,0,0,0.003692,0,0,0,0.10706,0,0,0,0,0,0,0,,D6042240,PXMG,04/30/2026 4:29:30 AM,BPD446,8M5CL,8M5CL,07/14/2026 11:21:07 AM,8M5CL,D1D,2,7972641,AME425,2,263067,AME425_PM6,P_78_GABON_B10_R3,04/30/2026 1:49:26 AM,1,AME425,2,263067,AME425_PM6,P_78_GABON_B10_R3,04/30/2026 1:49:26 AM,1,,,,8PXMCVBG,FL78.31YJC_SNIP_DLP2389327-1_3
D605320,540,GS8QK540JKE3,0.007319,0.003659,0,0,0,0.004966,0.010978,0,0,0.145063,0,0,0,0.014637,0.003659,0.018296,0.010978,0,D6053200,PXMG,04/30/2026 5:00:39 AM,BPD454,8M5CL,8M5CL,07/15/2026 10:50:59 PM,8M5CL,D1D,1,8007920,AME427,21,263067,AME427_PM3,P_78_GABON_B10_R3,04/30/2026 2:58:26 AM,11,AME427,21,263067,AME427_PM3,P_78_GABON_B10_R3,04/30/2026 2:58:26 AM,11,,,,8PXMCVBG,FL78.31YJC_SNIP_DLP2295515-1_27189
D605320,541,GS8QK541JKB2,0,0,0,0,0.008491,0,0,0,0,0.256206,0,0,0,0.007383,0,0.012183,0,0,D6053200,PXMG,04/30/2026 5:00:39 AM,BPD454,8M5CL,8M5CL,07/14/2026 12:23:06 PM,8M5CL,D1D,2,8008019,AME427,18,263067,AME427_PM4,P_78_GABON_B10_R3,04/30/2026 2:50:42 AM,9,AME427,18,263067,AME427_PM4,P_78_GABON_B10_R3,04/30/2026 2:50:42 AM,9,,,,8PXMCVBG,FL78.31YJC_SNIP_DLP2295515-1_27189
D605333,176,GT9ZQ176JKE4,0,0,0,0,0,0.003659,0.003659,0,0,0.241511,0,0,0,0,0.003659,0.021956,0,0,D6053330,PXMG,04/30/2026 7:53:36 AM,BPD436,8M5CL,8M5CL,07/09/2026 12:15:00 PM,8M5CL,D1D,1,8013113,AME409,16,263067,AME409_PM4,P_78_GABON_B10_R3,04/30/2026 6:51:24 AM,8,AME409,16,263067,AME409_PM4,P_78_GABON_B10_R3,04/30/2026 6:51:24 AM,8,,,,8PXMCVBG,FL78.31YJC_SNIP_DLP2295515-1_27189
D605333,177,GT9ZQ177JKB3,0,0,0,0,0.014767,0,0,0,0,0.29903,0,0,0,0,0,0.003692,0.003692,,D6053330,PXMG,04/30/2026 7:53:36 AM,BPD436,8M5CL,8M5CL,07/11/2026 2:03:49 PM,8M5CL,D1D,2,8012958,AME409,19,263067,AME409_PM3,P_78_GABON_B10_R3,04/30/2026 6:58:36 AM,10,AME409,19,263067,AME409_PM3,P_78_GABON_B10_R3,04/30/2026 6:58:36 AM,10,,,,8PXMCVBG,FL78.31YJC_SNIP_DLP2295515-1_27189
D604226,35,ICDKA035MMC5,0.003692,0,0,0,0.003692,0,0.003692,0,0,0.118135,0,0,0,0.011075,0,0,0,,D6042260,PXMG,04/29/2026 9:24:29 PM,BPD436,8M5CL,8M5CL,07/06/2026 2:17:52 AM,8M5CL,D1D,1,7974720,AME421,9,263067,AME421_PM2,P_78_GABON_B10_R3,04/29/2026 7:29:39 PM,9,AME421,9,263067,AME421_PM2,P_78_GABON_B10_R3,04/29/2026 7:29:39 PM,9,,,,8PXMCVBG,FL78.31YJC_SNIP_DLP2295515-1_24697
D604226,39,ICDKA039MME7,0,0,0,0,0,0.003692,0.003692,0,0,0.103368,0,0,0,0,0,0.003692,0,,D6042260,PXMG,04/29/2026 9:24:29 PM,BPD436,8M5CL,8M5CL,07/04/2026 12:19:50 PM,8M5CL,D1D,2,7974784,AME421,22,263067,AME421_PM2,P_78_GABON_B10_R3,04/29/2026 8:24:47 PM,22,AME421,22,263067,AME421_PM2,P_78_GABON_B10_R3,04/29/2026 8:24:47 PM,22,,,,8PXMCVBG,FL78.31YJC_SNIP_DLP2295515-1_24697
D605316,504,GT9LN504JKG3,0.003659,0,0,0,0.003659,0,0.014637,0,0,0.231996,0,0,0,0.015369,0,0.007319,0.016101,0,D6053160,PXMG,04/29/2026 9:36:13 AM,BPD450,8M5CL,8M5CL,07/09/2026 2:29:22 AM,8M5CL,D1D,1,8004945,AME427,13,263067,AME427_PM4,P_78_GABON_B10_R3,04/29/2026 8:16:01 AM,6,AME427,13,263067,AME427_PM4,P_78_GABON_B10_R3,04/29/2026 8:16:01 AM,6,,,,8PXMCVBG,FL78.31YJC_SNIP_DLP2295515-1_27189
D605316,505,GT9LN505JKD2,0,0,0,0,0.015587,0,0.027073,0,0,0.1489,0,0.003692,0,0.018869,0,0.007383,0,0,D6053160,PXMG,04/29/2026 9:36:13 AM,BPD450,8M5CL,8M5CL,07/09/2026 4:55:52 AM,8M5CL,D1D,2,8005015,AME427,6,263067,AME427_PM4,P_78_GABON_B10_R3,04/29/2026 8:05:04 AM,3,AME427,6,263067,AME427_PM4,P_78_GABON_B10_R3,04/29/2026 8:05:04 AM,3,,,,8PXMCVBG,FL78.31YJC_SNIP_DLP2295515-1_27189
D604235,40,HCHFA040MMF7,0,0,0,0,0.062207,0,0.025615,0,0,0.200039,0,0,0,0,0,0.012198,0.007319,0,D6042350,PXMG,04/29/2026 2:58:48 AM,BPD446,8M5CL,8M5CL,07/19/2026 3:24:56 AM,8M5CL,D1D,1,7977097,AME419,12,263067,AME419_PM4,P_78_GABON_B10_R3,04/29/2026 1:58:25 AM,6,AME419,12,263067,AME419_PM4,P_78_GABON_B10_R3,04/29/2026 1:58:25 AM,6,,,,8PXMCVBG,FL78.31YJC_SNIP_DLP2295515-1_24697
D604235,41,HCHFA041MMC6,0,0,0,0,0.003692,0.003692,0,0,0,0.132902,0,0,0,0,0,0,0.003692,,D6042350,PXMG,04/29/2026 2:58:48 AM,BPD446,8M5CL,8M5CL,07/19/2026 3:52:32 AM,8M5CL,D1D,2,7977316,AME419,15,263067,AME419_PM3,P_78_GABON_B10_R3,04/29/2026 2:05:32 AM,8,AME419,15,263067,AME419_PM3,P_78_GABON_B10_R3,04/29/2026 2:05:32 AM,8,,,,8PXMCVBG,FL78.31YJC_SNIP_DLP2295515-1_24697
D604232,27,A29ZA027SLD4,0.003692,0,0,0,0.011075,0,0,0,0,0.197138,0,0,0,0.008122,0,0.064236,0,0,D6042320,PXMG,05/06/2026 1:08:33 AM,BPD442,8M5CL,8M5CL,07/11/2026 3:17:48 PM,8M5CL,D1D,1,7975390,AME417,25,263067,AME417_PM5,P_78_GABON_B10_R3,05/05/2026 11:55:32 PM,25,AME417,25,263067,AME417_PM5,P_78_GABON_B10_R3,05/05/2026 11:55:32 PM,25,,,,8PXMCVBG,FL78.31YJC_SNIP_DLP2295515-1_24697
D604232,28,A29ZA028SLA3,0,0,0,0,0.003659,0.006221,0,0,0,0.170521,0,0,0,0.007319,0,0.013539,0.003659,0,D6042320,PXMG,05/06/2026 1:08:33 AM,BPD442,8M5CL,8M5CL,07/11/2026 5:44:11 PM,8M5CL,D1D,2,7975257,AME417,22,263067,AME417_PM5,P_78_GABON_B10_R3,05/05/2026 11:44:56 PM,22,AME417,22,263067,AME417_PM5,P_78_GABON_B10_R3,05/05/2026 11:44:56 PM,22,,,,8PXMCVBG,FL78.31YJC_SNIP_DLP2295515-1_24697
D605324,15,A28JU015SLH1,0,0,0,0,0,0.007383,0.007383,0,0,0.262113,0,0,0,0.003692,0,0.011075,0,0,D6053240,PXMG,05/05/2026 4:15:53 AM,BPD450,8M5CL,8M5CL,05/06/2026 8:44:15 AM,8M5CL,D1D,1,8010198,AME421,21,263067,AME421_PM1,P_78_GABON_B10_R3,05/05/2026 1:42:40 AM,11,AME421,21,263067,AME421_PM1,P_78_GABON_B10_R3,05/05/2026 1:42:40 AM,11,,,,8PXMCVBG,FL78.31YJC_SNIP_DLP2295515-1_27189
D605324,19,A28JU019SLC0,0,0,0,0,0,0.011075,0,0,0,0.265804,0,0,0,0,0,0.003692,0,0,D6053240,PXMG,05/05/2026 4:15:53 AM,BPD450,8M5CL,8M5CL,05/06/2026 8:48:43 AM,8M5CL,D1D,2,8010199,AME421,10,263067,AME421_PM2,P_78_GABON_B10_R3,05/05/2026 1:18:55 AM,5,AME421,10,263067,AME421_PM2,P_78_GABON_B10_R3,05/05/2026 1:18:55 AM,5,,,,8PXMCVBG,FL78.31YJC_SNIP_DLP2295515-1_27189
D604228,6,IEFPA006MMF2,0,0,0,0,0.037507,0.007319,0,0,0,0.26987,0,0,0,0.007319,0.003659,0.003659,0,0,D6042280,PXMG,05/06/2026 5:00:19 AM,BPD450,8M5CL,8M5CL,07/11/2026 2:27:23 PM,8M5CL,D1D,1,7975333,AME427,25,263067,AME427_PM5,P_78_GABON_B10_R3,05/06/2026 2:19:48 AM,13,AME427,25,263067,AME427_PM5,P_78_GABON_B10_R3,05/06/2026 2:19:48 AM,13,,,,8PXMCVBG,FL78.31YJC_SNIP_DLP2295515-1_24697
D604228,9,IEFPA009MMD2,0,0,0,0,0.003909,0,0,0,0,0.279485,0,0,0,0.007818,0,0.007818,0,0,D6042280,PXMG,05/06/2026 5:00:19 AM,BPD450,8M5CL,8M5CL,07/11/2026 2:57:19 PM,8M5CL,D1D,2,7975214,AME427,10,263067,AME427_PM6,P_78_GABON_B10_R3,05/06/2026 1:50:08 AM,5,AME427,10,263067,AME427_PM6,P_78_GABON_B10_R3,05/06/2026 1:50:08 AM,5,,,,8PXMCVBG,FL78.31YJC_SNIP_DLP2295515-1_24697
D605312,712,GT9LM712JKA2,0,0,0,0,0.007319,0,0,0,0,0.351288,0,0,0,0,0,0.003659,0,0,D6053120,PXMG,05/04/2026 11:53:19 AM,BPD444,8M5CL,8M5CL,07/06/2026 6:45:02 PM,8M5CL,D1D,1,8004998,AME401,13,263067,AME401_PM1,P_78_GABON_B10_R3,05/04/2026 10:40:42 AM,7,AME401,13,263067,AME401_PM1,P_78_GABON_B10_R3,05/04/2026 10:40:42 AM,7,,,,8PXMCVBG,FL78.31YJC_SNIP_DLP2295515-1_27189
D605312,713,GT9LM713JKE4,0.003692,0,0,0,0.007383,0.007383,0.003692,0,0,0.247346,0,0,0,0.003692,0,0.018459,0,0,D6053120,PXMG,05/04/2026 11:53:19 AM,BPD444,8M5CL,8M5CL,07/06/2026 7:10:16 PM,8M5CL,D1D,2,8005064,AME401,14,263067,AME401_PM2,P_78_GABON_B10_R3,05/04/2026 10:40:42 AM,7,AME401,14,263067,AME401_PM2,P_78_GABON_B10_R3,05/04/2026 10:40:42 AM,7,,,,8PXMCVBG,FL78.31YJC_SNIP_DLP2295515-1_27189
D604E6B,34,A28E5034SLH0,0,0,0,0,0.005273,0.005273,0,0,0,0.342735,0,0,0,0.026364,0,0,0,,D604E6B0,X78E,05/03/2026 3:42:46 AM,BPD432,8M5CL,8M5CL,06/07/2026 9:06:47 AM,8M5CL,D1D,1,7995609,AME403,17,263067,AME403_PM5,P_78_GABON_B10_R3,05/03/2026 2:52:29 AM,8,AME403,17,263067,AME403_PM5,P_78_GABON_B10_R3,05/03/2026 2:52:29 AM,8,,,,1X78EVAA,FL78.6FCTE_SNIP_DLP2388190-1_89
D604E6B,38,A28E5038SLB7,0,0,0,0,0.005273,0.005273,0,0,0,0.305825,0,0,0,0,0,0.005273,0,,D604E6B0,X78E,05/03/2026 3:42:46 AM,BPD432,8M5CL,8M5CL,06/07/2026 10:34:23 AM,8M5CL,D1D,2,7995494,AME403,18,263067,AME403_PM6,P_78_GABON_B10_R3,05/03/2026 2:52:29 AM,8,AME403,18,263067,AME403_PM6,P_78_GABON_B10_R3,05/03/2026 2:52:29 AM,8,,,,1X78EVAA,FL78.6FCTE_SNIP_DLP2388190-1_89
D604238,29,A29WC029SLD6,0,0,0,0,0.003692,0.007383,0.003692,0,0,0.223165,0,0,0,0.009414,0,0,0,0,D6042380AP,PXMG,05/07/2026 12:36:40 PM,BPD450,8M5CL,8M5CL,07/19/2026 5:56:45 AM,8M5CL,D1D,1,8571163,AME409,22,263067,AME409_PM6,P_78_GABON_B10_R4,05/07/2026 11:04:12 AM,12,AME409,22,263067,AME409_PM6,P_78_GABON_B10_R4,05/07/2026 11:04:12 AM,12,,,,8PXMCVBG,FL78.31YJC_SNIP_DLP2389353-1_1
D604238,115,A29JN115SLF4,0,0,0,0,0.007383,0,0.007383,0,0,0.103368,0,0,0,0,0,0,0,,D6042380AP,PXMG,05/07/2026 12:36:40 PM,BPD450,8M5CL,8M5CL,07/18/2026 3:44:19 AM,8M5CL,D1D,2,8571152,AME409,11,263067,AME409_PM6,P_78_GABON_B10_R4,05/07/2026 10:36:00 AM,4,AME409,11,263067,AME409_PM6,P_78_GABON_B10_R4,05/07/2026 10:36:00 AM,4,,,,8PXMCVBG,FL78.31YJC_SNIP_DLP2389353-1_1
D604238,157,A29WC157SLA4,0.003692,0,0,0,0.003692,0.007383,0,0,0,0.099677,0,0,0,0.011075,0,0.003692,0.014767,,D6042380AP,PXMG,05/07/2026 12:36:40 PM,BPD450,8M5CL,8M5CL,07/19/2026 7:13:59 PM,8M5CL,D1D,3,8572571,AME409,9,263067,AME409_PM6,P_78_GABON_B10_R4,05/07/2026 10:28:58 AM,2,AME409,9,263067,AME409_PM6,P_78_GABON_B10_R4,05/07/2026 10:28:58 AM,2,,,,8PXMCVBG,FL78.31YJC_SNIP_DLP2389353-1_1
D604238,164,A29WC164SLH0,0,0,0,0,0,0,0.003659,0,0,0.212237,0,0,0,0.007319,0,0,0,0,D6042380AP,PXMG,05/07/2026 12:36:40 PM,BPD450,8M5CL,8M5CL,07/19/2026 5:43:13 AM,8M5CL,D1D,4,8572639,AME409,20,263067,AME409_PM6,P_78_GABON_B10_R4,05/07/2026 10:57:08 AM,10,AME409,20,263067,AME409_PM6,P_78_GABON_B10_R4,05/07/2026 10:57:08 AM,10,,,,8PXMCVBG,FL78.31YJC_SNIP_DLP2389353-1_1
D604238,27,A29WC027SLC5,0.003692,0,0,0,0.003692,0,0.003692,0,0,0.092293,0,0,0,0.007383,0,0.114444,0,,D6042380,PXMG,05/08/2026 2:39:06 AM,BPD454,8M5CL,8M5CL,07/18/2026 3:50:02 AM,8M5CL,D1D,1,7977580,AME423,1,263067,AME423_PM6,P_78_GABON_B10_R4,05/08/2026 12:56:19 AM,1,AME423,1,263067,AME423_PM6,P_78_GABON_B10_R4,05/08/2026 12:56:19 AM,1,,,,8PXMCVBG,FL78.31YJC_SNIP_DLP2389353-1_1
D604238,31,A29WC031SLD6,0,0,0,0,0,0.003692,0.003692,0,0,0.12921,0,0,0,0,0,0.003692,0,,D6042380,PXMG,05/08/2026 2:39:06 AM,BPD454,8M5CL,8M5CL,07/19/2026 6:26:33 AM,8M5CL,D1D,2,7977507,AME423,5,263067,AME423_PM5,P_78_GABON_B10_R4,05/08/2026 1:05:24 AM,2,AME423,5,263067,AME423_PM5,P_78_GABON_B10_R4,05/08/2026 1:05:24 AM,2,,,,8PXMCVBG,FL78.31YJC_SNIP_DLP2389353-1_1
D605338,13,KJ9PL013WFC6,0.003692,0,0,0,0,0,0,0,0,0.169819,0,0,0,0.003692,0.014767,0.011075,0,,D6053380,PXMG,05/22/2026 9:43:45 AM,BPD454,8M5CL,8M5CL,07/27/2026 9:19:10 AM,8M5CL,D1D,1,8013066,AME417,25,263067,AME417_PM1,P_78_GABON_B10_R4,05/22/2026 8:57:49 AM,5,AME417,25,263067,AME417_PM1,P_78_GABON_B10_R4,05/22/2026 8:57:49 AM,5,,,,8PXMCVBG,FL78.31YJC_SNIP_DLP2295515-1_27189
D605338,32,KJ9PL032WFA1,0.003659,0,0,0,0.003659,0.011941,0,0,0.003659,0.246903,0,0.003659,0,0,0.007319,0.019259,0,0,D6053380,PXMG,05/22/2026 9:43:45 AM,BPD454,8M5CL,8M5CL,05/25/2026 9:52:45 AM,8M5CL,D1D,2,8013032,AME417,10,263067,AME417_PM2,P_78_GABON_B10_R4,05/22/2026 8:17:05 AM,10,AME417,10,263067,AME417_PM2,P_78_GABON_B10_R4,05/22/2026 8:17:05 AM,10,,,,8PXMCVBG,FL78.31YJC_SNIP_DLP2295515-1_27189
D605338,310,KJ9PL310WFC1,0,0,0,0,0.003659,0.003659,0,0,0,0.157348,0,0,0,0.003659,0.007319,0.007319,0.003659,,D6053380,PXMG,05/22/2026 9:43:45 AM,BPD454,8M5CL,8M5CL,07/26/2026 4:42:24 PM,8M5CL,D1D,3,8013011,AME417,13,263067,AME417_PM2,P_78_GABON_B10_R4,05/22/2026 8:27:48 AM,13,AME417,13,263067,AME417_PM2,P_78_GABON_B10_R4,05/22/2026 8:27:48 AM,13,,,,8PXMCVBG,FL78.31YJC_SNIP_DLP2295515-1_27189
D604239,50,A29UH050SLE3,0,0,0,0,0.007319,0.007319,0.003659,0,0,0.139052,0,0,0,0.003659,0,0.007319,0.007319,,D6042390,PXMG,05/26/2026 1:01:56 AM,BPD436,8M5CL,8M5CL,05/26/2026 8:21:09 AM,8M5CL,D1D,1,7977451,AME411,8,263067,AME411_PM3,P_78_GABON_B10_R4,05/25/2026 11:08:48 PM,3,AME411,8,263067,AME411_PM3,P_78_GABON_B10_R4,05/25/2026 11:08:48 PM,3,,,,8PXMCVBG,FL78.31YJC_SNIP_DLP2389355-1_16
D604239,90,A28WK090SLF4,0.003659,0,0,0,0.003659,0.007319,0,0,0,0.124415,0,0,0,0.003659,0.007319,0.003659,0.003659,,D6042390,PXMG,05/26/2026 1:01:56 AM,BPD436,8M5CL,8M5CL,05/26/2026 8:20:59 AM,8M5CL,D1D,2,7977322,AME411,3,263067,AME411_PM4,P_78_GABON_B10_R4,05/25/2026 11:01:28 PM,1,AME411,3,263067,AME411_PM4,P_78_GABON_B10_R4,05/25/2026 11:01:28 PM,1,,,,8PXMCVBG,FL78.31YJC_SNIP_DLP2389355-1_16
D603E3K,38,A29PB038SLE6,0,0,0,0,0,0.005649,0,0,0,0.631988,0,0,0,0,0,0.005649,0,0,D603E3K0,X78E,06/23/2026 8:01:54 PM,BPD436,8M5CL,8M5CL,07/27/2026 4:13:11 AM,8M5CL,D1D,1,7961509,AME427,12,263067,AME427_PM4,P_78_GABON_B10_R4,06/23/2026 6:17:12 PM,6,AME427,12,263067,AME427_PM4,P_78_GABON_B10_R4,06/23/2026 6:17:12 PM,6,,,,1X78EVAA,FL78.6FCTE_SNIP_DLP2381242-1_189
D603E3K,40,A29PB040SLE6,0,0,0,0,0.010994,0,0,0,0,0.50552,0,0,0,0,0,0.005497,0,0,D603E3K0,X78E,06/23/2026 8:01:54 PM,BPD436,8M5CL,8M5CL,06/24/2026 8:48:45 AM,8M5CL,D1D,2,7961455,AME427,3,263067,AME427_PM3,P_78_GABON_B10_R4,06/23/2026 6:02:50 PM,2,AME427,3,263067,AME427_PM3,P_78_GABON_B10_R4,06/23/2026 6:02:50 PM,2,,,,1X78EVAA,FL78.6FCTE_SNIP_DLP2381242-1_189
D603E3J,228,GT4TS228JKH2,0,0,0,0,0,0,0,0,0,0.274188,0,0,0,0,0.005273,0,0,,D603E3J0,X78E,06/30/2026 3:04:17 AM,BPD436,8M5CL,8M5CL,07/26/2026 3:10:23 PM,8M5CL,D1D,1,7961628,AME417,17,263067,AME417_PM2,P_78_GABON_B10_R4,06/29/2026 11:54:29 AM,4,AME417,17,263067,AME417_PM2,P_78_GABON_B10_R4,06/29/2026 11:54:29 AM,4,,,,1X78EVAA,FL78.6FCTE_SNIP_DLP2381240-1_199
D603E3J,229,GT4TS229JKE1,0,0,0,0,0,0,0,0,0,0.206277,0,0,0,0,0,0,0,,D603E3J0,X78E,06/30/2026 3:04:17 AM,BPD436,8M5CL,8M5CL,07/27/2026 7:29:53 AM,8M5CL,D1D,2,7961431,AME417,6,263067,AME417_PM1,P_78_GABON_B10_R4,06/29/2026 11:47:14 AM,2,AME417,6,263067,AME417_PM1,P_78_GABON_B10_R4,06/29/2026 11:47:14 AM,2,,,,1X78EVAA,FL78.6FCTE_SNIP_DLP2381240-1_199
D544625,257,MCG7B257WAD5,0,0,0.003692,0,0.007383,0,0,0,0,0.099677,0,0,0,0.007383,0,0.02215,0,,D5446250,PXMG,01/30/2026 6:15:57 AM,BPD432,8M5CL,8M5CL,03/29/2026 11:29:41 AM,8M5CL,D1D,1,7572265,AME421,16,263067,AME421_PM6,P_78_GABON_B10_R3,01/30/2026 4:54:30 AM,16,AME421,16,263067,AME421_PM6,P_78_GABON_B10_R3,01/30/2026 4:54:30 AM,16,,,,8PXMCVBG,FL78.31YJC_SNIP_DLP2295515-1_5757
D544625,270,MCG7B270WAF0,0,0,0,0,0,0.003659,0,0,0,0.256148,0,0,0,0,0,0.029274,0.003659,0,D5446250,PXMG,01/30/2026 6:15:57 AM,BPD432,8M5CL,8M5CL,03/30/2026 1:53:02 AM,8M5CL,D1D,2,7572176,AME421,11,263067,AME421_PM6,P_78_GABON_B10_R3,01/30/2026 4:36:51 AM,11,AME421,11,263067,AME421_PM6,P_78_GABON_B10_R3,01/30/2026 4:36:51 AM,11,,,,8PXMCVBG,FL78.31YJC_SNIP_DLP2295515-1_5757
D546299,338,GS6CV338JKB3,0,0,0,0,0.011893,0,0,0,0,0.247914,0,0,0,0.003659,0.003659,0,0,0,D5462990,PXMG,01/29/2026 1:09:33 PM,BPD450,8M5CL,8M5CL,03/14/2026 2:27:26 AM,8M5CL,D1D,1,7624896,AME421,8,263067,AME421_PM6,P_78_GABON_B10_R3,01/29/2026 10:00:18 AM,8,AME421,8,263067,AME421_PM6,P_78_GABON_B10_R3,01/29/2026 10:00:18 AM,8,,,,8PXMCVBG,FL78.31YJC_SNIP_DLP2295515-1_9503
D546299,339,GS6CV339JKF5,0,0,0,0,0,0,0,0,0,0.184586,0,0,0,0,0.005538,0.012921,0,0,D5462990,PXMG,01/29/2026 1:09:33 PM,BPD450,8M5CL,8M5CL,03/14/2026 2:55:36 AM,8M5CL,D1D,2,7624746,AME421,23,263067,AME421_PM6,P_78_GABON_B10_R3,01/29/2026 10:53:18 AM,23,AME421,23,263067,AME421_PM6,P_78_GABON_B10_R3,01/29/2026 10:53:18 AM,23,,,,8PXMCVBG,FL78.31YJC_SNIP_DLP2295515-1_9503
D546303,11,A20D2011SLD0,0,0,0,0,0.007383,0,0,0,0,0.114444,0,0,0,0,0,0.007383,0,,D5463030,PXMG,01/29/2026 2:10:11 PM,BPD448,8M5CL,8M5CL,04/12/2026 12:36:22 PM,8M5CL,D1D,1,7625199,AME411,20,263067,AME411_PM1,P_78_GABON_B10_R3,01/29/2026 12:05:25 PM,20,AME411,20,263067,AME411_PM1,P_78_GABON_B10_R3,01/29/2026 12:05:25 PM,20,,,,8PXMCVBG,FL78.31YJC_SNIP_DLP2295515-1_9503
D546303,71,A20D2071SLA4,0,0,0,0,0.02215,0.003692,0.003692,0,0,0.103368,0,0.003692,0,0.014767,0,0.007383,0.014767,,D5463030,PXMG,01/29/2026 2:10:11 PM,BPD448,8M5CL,8M5CL,07/02/2026 1:18:10 AM,8M5CL,D1D,2,7625115,AME411,23,263067,AME411_PM1,P_78_GABON_B10_R3,01/29/2026 12:16:04 PM,23,AME411,23,263067,AME411_PM1,P_78_GABON_B10_R3,01/29/2026 12:16:04 PM,23,,,,8PXMCVBG,FL78.31YJC_SNIP_DLP2295515-1_9503
D544618,201,A22K0201SLG0,0,0,0,0,0,0,0.003692,0,0,0.158744,0,0,0,0.003692,0.007383,0.033226,0,,D5446180,PXMG,02/03/2026 7:23:20 PM,BPD446,8M5CL,8M5CL,04/24/2026 7:05:11 AM,8M5CL,D1D,1,7552883,AME401,13,263067,AME401_PM2,P_78_GABON_B10_R3,02/03/2026 5:28:46 PM,13,AME401,13,263067,AME401_PM2,P_78_GABON_B10_R3,02/03/2026 5:28:46 PM,13,,,,8PXMCVBG,FL78.31YJC_SNIP_DLP2295515-1_5757
D544618,202,A22K0202SLC7,0,0,0,0,0.007319,0,0.003659,0,0,0.135392,0,0,0,0,0,0,0,,D5446180,PXMG,02/03/2026 7:23:20 PM,BPD446,8M5CL,8M5CL,04/24/2026 7:32:20 AM,8M5CL,D1D,2,7552806,AME401,2,263067,AME401_PM2,P_78_GABON_B10_R3,02/03/2026 4:49:39 PM,2,AME401,2,263067,AME401_PM2,P_78_GABON_B10_R3,02/03/2026 4:49:39 PM,2,,,,8PXMCVBG,FL78.31YJC_SNIP_DLP2295515-1_5757
D545200,5,A22TX005SLA3,0,0,0,0,0,0,0,0,0,0.125519,0,0,0,0.003692,0,0.070143,0,,D5452000,PXMG,02/03/2026 7:05:11 PM,BPD446,8M5CL,8M5CL,02/13/2026 12:15:42 PM,8M5CL,D1D,1,7595913,AME411,9,263067,AME411_PM1,P_78_GABON_B10_R3,02/03/2026 4:23:33 PM,9,AME411,9,263067,AME411_PM1,P_78_GABON_B10_R3,02/03/2026 4:23:33 PM,9,,,,8PXMCVBG,FL78.31YJC_SNIP_DLP2295515-1_6767
D545200,6,A22TX006SLE5,0,0,0,0,0.003659,0.013722,0,0,0,0.279018,0,0,0,0,0,0,0,0,D5452000,PXMG,02/03/2026 7:05:11 PM,BPD446,8M5CL,8M5CL,03/27/2026 4:05:51 PM,8M5CL,D1D,2,7595784,AME411,22,263067,AME411_PM1,P_78_GABON_B10_R3,02/03/2026 5:11:53 PM,22,AME411,22,263067,AME411_PM1,P_78_GABON_B10_R3,02/03/2026 5:11:53 PM,22,,,,8PXMCVBG,FL78.31YJC_SNIP_DLP2295515-1_6767
D545185,6,A21NZ006SLA2,0,0,0,0,0,0.007319,0,0,0,0.1976,0,0,0,0.003659,0.003659,0.007319,0,,D5451850,PXMG,02/02/2026 4:00:21 PM,BPD454,8M5CL,8M5CL,04/23/2026 6:50:38 PM,8M5CL,D1D,1,7591042,AME411,4,263067,AME411_PM1,P_78_GABON_B10_R3,02/02/2026 1:49:51 PM,3,AME411,4,263067,AME411_PM1,P_78_GABON_B10_R3,02/02/2026 1:49:51 PM,3,,,,8PXMCVBG,FL78.31YJC_SNIP_DLP2295515-1_6767
D545185,10,A21NZ010SLB3,0,0,0,0,0.003659,0.003659,0,0,0,0.128074,0,0,0,0.003659,0.003659,0.003659,0,,D5451850,PXMG,02/02/2026 4:00:21 PM,BPD454,8M5CL,8M5CL,07/02/2026 3:48:16 AM,8M5CL,D1D,2,7591110,AME411,11,263067,AME411_PM1,P_78_GABON_B10_R3,02/02/2026 2:15:44 PM,10,AME411,11,263067,AME411_PM1,P_78_GABON_B10_R3,02/02/2026 2:15:44 PM,10,,,,8PXMCVBG,FL78.31YJC_SNIP_DLP2295515-1_6767
D544628,427,GT2JB427JKF3,0.003692,0,0,0,0.014767,0,0.011075,0,0,0.114444,0,0,0,0,0,0.003692,0,,D5446280,PXMG,02/01/2026 2:02:23 AM,BPD432,8M5CL,8M5CL,03/23/2026 11:13:17 PM,8M5CL,D1D,1,7573143,AME411,5,263067,AME411_PM4,P_78_GABON_B10_R3,02/01/2026 12:38:15 AM,4,AME411,5,263067,AME411_PM4,P_78_GABON_B10_R3,02/01/2026 12:38:15 AM,4,,,,8PXMCVBG,FL78.31YJC_SNIP_DLP2295515-1_5757
D544628,428,GT2JB428JKC2,0.007319,0,0,0,0.003659,0.007319,0.007319,0,0,0.084163,0,0.003659,0.003659,0.007319,0.003659,0.003659,0.003659,,D5446280,PXMG,02/01/2026 2:02:23 AM,BPD432,8M5CL,8M5CL,03/23/2026 10:18:09 PM,8M5CL,D1D,2,7573108,AME411,18,263067,AME411_PM4,P_78_GABON_B10_R3,02/01/2026 1:07:18 AM,12,AME411,18,263067,AME411_PM4,P_78_GABON_B10_R3,02/01/2026 1:07:18 AM,12,,,,8PXMCVBG,FL78.31YJC_SNIP_DLP2295515-1_5757
D544634,8,MCGCW008WAB4,0.02321,0,0,0,0.007737,0.011605,0,0.003868,0,0.259493,0,0.011605,0,0.003868,0,0.007737,0.003868,0,D5446340,PXMG,02/12/2026 4:12:58 AM,BPD444,8M5CL,8M5CL,04/29/2026 2:29:39 PM,8M5CL,D1D,1,7576449,AME417,17,263067,AME417_PM2,P_78_GABON_B10_R3,02/12/2026 2:27:58 AM,17,AME417,17,263067,AME417_PM2,P_78_GABON_B10_R3,02/12/2026 2:27:58 AM,17,,,,8PXMCVBG,FL78.31YJC_SNIP_DLP2295515-1_5757
D544634,9,MCGCW009WAF6,0,0,0,0,0.003692,0,0,0,0,0.221504,0,0,0,0,0,0.003692,0.003692,,D5446340,PXMG,02/12/2026 4:12:58 AM,BPD444,8M5CL,8M5CL,05/01/2026 6:10:51 PM,8M5CL,D1D,2,7576403,AME417,2,263067,AME417_PM2,P_78_GABON_B10_R3,02/12/2026 1:29:42 AM,2,AME417,2,263067,AME417_PM2,P_78_GABON_B10_R3,02/12/2026 1:29:42 AM,2,,,,8PXMCVBG,FL78.31YJC_SNIP_DLP2295515-1_5757
D543968,576,GS2HU576JKB4,0,0,0,0,0.018296,0,0.003659,0,0,0.232179,0,0,0,0,0.009331,0.007319,0,0,D5439680,PXMG,02/11/2026 5:24:49 PM,BPD446,8M5CL,8M5CL,02/13/2026 3:42:19 PM,8M5CL,D1D,1,7546999,AME411,5,263067,AME411_PM1,P_78_GABON_B10_R3,02/11/2026 3:02:13 PM,5,AME411,5,263067,AME411_PM1,P_78_GABON_B10_R3,02/11/2026 3:02:13 PM,5,,,,8PXMCVBG,FL78.31YBC_SNIP_DLP2271083-1_11826
D543968,577,GS2HU577JKF6,0,0,0,0,0,0,0,0,0,0.310105,0,0,0,0,0.003692,0.007383,0,0,D5439680,PXMG,02/11/2026 5:24:49 PM,BPD446,8M5CL,8M5CL,04/04/2026 8:42:48 AM,8M5CL,D1D,2,7546935,AME411,6,263067,AME411_PM1,P_78_GABON_B10_R3,02/11/2026 3:06:15 PM,6,AME411,6,263067,AME411_PM1,P_78_GABON_B10_R3,02/11/2026 3:06:15 PM,6,,,,8PXMCVBG,FL78.31YBC_SNIP_DLP2271083-1_11826
D546305,288,GS4VR288JKC6,0,0,0,0,0.007319,0.003659,0.021956,0,0,0.106118,0,0,0,0.003659,0,0.025615,0.003659,,D5463050,PXMG,02/14/2026 4:45:02 PM,BPD432,8M5CL,8M5CL,04/27/2026 11:59:39 AM,8M5CL,D1D,1,7627644,AME427,24,263067,AME427_PM5,P_78_GABON_B10_R3,02/14/2026 4:03:30 PM,24,AME427,24,263067,AME427_PM5,P_78_GABON_B10_R3,02/14/2026 4:03:30 PM,24,,,,8PXMCVBG,FL78.31YJC_SNIP_DLP2295515-1_9503
D546305,289,GS4VR289JKH0,0,0,0,0,0,0.009968,0.011075,0,0,0.201568,0,0,0,0.018459,0,0.028426,0,0,D5463050,PXMG,02/14/2026 4:45:02 PM,BPD432,8M5CL,8M5CL,04/30/2026 5:36:08 AM,8M5CL,D1D,2,7627669,AME427,7,263067,AME427_PM5,P_78_GABON_B10_R3,02/14/2026 3:04:27 PM,7,AME427,7,263067,AME427_PM5,P_78_GABON_B10_R3,02/14/2026 3:04:27 PM,7,,,,8PXMCVBG,FL78.31YJC_SNIP_DLP2295515-1_9503
D544117,237,KJ41M237WFG1,0.007383,0,0,0,0,0.003692,0,0,0,0.10706,0,0,0,0.011075,0,0.025842,0.014767,,D5441170,PXMG,02/20/2026 11:40:31 PM,BPD432,8M5CL,8M5CL,02/23/2026 7:26:16 AM,8M5CL,D1D,1,7558067,AME417,24,263067,AME417_PM3,P_78_GABON_B10_R3,02/20/2026 10:05:27 PM,12,AME417,24,263067,AME417_PM3,P_78_GABON_B10_R3,02/20/2026 10:05:27 PM,12,,,,8PXMCVBG,FL78.31YJC_SNIP_DLP2295515-1_5757
D544117,243,KJ41M243WFB0,0,0,0,0,0.007383,0.003692,0.003692,0,0,0.12921,0,0,0,0.007383,0,0.018459,0,,D5441170,PXMG,02/20/2026 11:40:31 PM,BPD432,8M5CL,8M5CL,02/23/2026 7:21:51 AM,8M5CL,D1D,2,7558018,AME417,23,263067,AME417_PM4,P_78_GABON_B10_R3,02/20/2026 10:01:14 PM,11,AME417,23,263067,AME417_PM4,P_78_GABON_B10_R3,02/20/2026 10:01:14 PM,11,,,,8PXMCVBG,FL78.31YJC_SNIP_DLP2295515-1_5757
D544117,248,KJ41M248WFA1,0.003659,0,0,0,0.003659,0.010978,0,0,0,0.102459,0,0,0,0.003659,0,0.007319,0,0,D5441170,PXMG,02/20/2026 11:40:31 PM,BPD432,8M5CL,8M5CL,05/05/2026 6:11:04 PM,8M5CL,D1D,3,7558049,AME417,18,263067,AME417_PM3,P_78_GABON_B10_R3,02/20/2026 9:53:41 PM,9,AME417,18,263067,AME417_PM3,P_78_GABON_B10_R3,02/20/2026 9:53:41 PM,9,,,,8PXMCVBG,FL78.31YJC_SNIP_DLP2295515-1_5757
D544117,250,KJ41M250WFA1,0,0,0,0,0.003659,0.003659,0.003659,0,0,0.195404,0,0,0,0,0,0.016833,0,0,D5441170,PXMG,02/20/2026 11:40:31 PM,BPD432,8M5CL,8M5CL,05/06/2026 3:00:59 PM,8M5CL,D1D,4,7558052,AME417,6,263067,AME417_PM4,P_78_GABON_B10_R3,02/20/2026 9:30:42 PM,3,AME417,6,263067,AME417_PM4,P_78_GABON_B10_R3,02/20/2026 9:30:42 PM,3,,,,8PXMCVBG,FL78.31YJC_SNIP_DLP2295515-1_5757
D545270,480,KJ57P480WFD3,0,0,0,0,0.007319,0,0,0,0,0.095141,0,0,0,0.003659,0,0,0,,D5452700,PXMG,02/18/2026 7:04:06 AM,BPD454,8M5CL,8M5CL,05/03/2026 2:16:56 PM,8M5CL,D1D,1,7600988,AME409,13,263067,AME409_PM2,P_78_GABON_B10_R3,02/18/2026 5:39:47 AM,13,AME409,13,263067,AME409_PM2,P_78_GABON_B10_R3,02/18/2026 5:39:47 AM,13,,,,8PXMCVBG,FL78.31YJC_SNIP_DLP2295515-1_7101
D545270,487,KJ57P487WFD5,0.003692,0,0,0,0.003692,0,0,0,0.003692,0.143977,0,0,0.003692,0,0,0,0,,D5452700,PXMG,02/18/2026 7:04:06 AM,BPD454,8M5CL,8M5CL,05/03/2026 5:02:53 AM,8M5CL,D1D,2,7601025,AME409,18,263067,AME409_PM2,P_78_GABON_B10_R3,02/18/2026 5:58:12 AM,18,AME409,18,263067,AME409_PM2,P_78_GABON_B10_R3,02/18/2026 5:58:12 AM,18,,,,8PXMCVBG,FL78.31YJC_SNIP_DLP2295515-1_7101
D545270,493,KJ57P493WFF7,0.003692,0,0,0,0,0.003692,0,0,0,0.110752,0,0,0,0.011075,0.003692,0.003692,0,,D5452700,PXMG,02/18/2026 7:04:06 AM,BPD454,8M5CL,8M5CL,05/03/2026 9:56:36 AM,8M5CL,D1D,3,7601119,AME409,20,263067,AME409_PM2,P_78_GABON_B10_R3,02/18/2026 6:06:12 AM,20,AME409,20,263067,AME409_PM2,P_78_GABON_B10_R3,02/18/2026 6:06:12 AM,20,,,,8PXMCVBG,FL78.31YJC_SNIP_DLP2295515-1_7101
D545270,515,KJ57P515WFH0,0,0,0,0,0,0.003692,0,0,0,0.10706,0,0,0.003692,0.003692,0,0.003692,0,,D5452700,PXMG,02/18/2026 7:04:06 AM,BPD454,8M5CL,8M5CL,05/01/2026 2:29:18 AM,8M5CL,D1D,4,7600937,AME409,16,263067,AME409_PM2,P_78_GABON_B10_R3,02/18/2026 5:51:00 AM,16,AME409,16,263067,AME409_PM2,P_78_GABON_B10_R3,02/18/2026 5:51:00 AM,16,,,,8PXMCVBG,FL78.31YJC_SNIP_DLP2295515-1_7101
D546335,725,KJ51K725WFE5,0,0,0,0,0.011075,0,0,0,0,0.295338,0,0,0,0,0,0,0,0,D5463350,PXMG,02/18/2026 12:43:08 PM,BPD448,8M5CL,8M5CL,04/29/2026 1:49:06 PM,8M5CL,D1D,1,7636602,AME423,16,263067,AME423_PM2,P_78_GABON_B10_R3,02/18/2026 11:22:44 AM,8,AME423,16,263067,AME423_PM2,P_78_GABON_B10_R3,02/18/2026 11:22:44 AM,8,,,,8PXMCVBG,FL78.31YJC_SNIP_DLP2295515-1_9503
D546335,741,KJ51K741WFE0,0.044301,0,0,0,0.003692,0,0,0,0,0.143977,0,0,0,0.02215,0,0.003692,0.025842,,D5463350,PXMG,02/18/2026 12:43:08 PM,BPD448,8M5CL,8M5CL,04/30/2026 1:58:15 AM,8M5CL,D1D,2,7636487,AME423,19,263067,AME423_PM1,P_78_GABON_B10_R3,02/18/2026 11:30:02 AM,10,AME423,19,263067,AME423_PM1,P_78_GABON_B10_R3,02/18/2026 11:30:02 AM,10,,,,8PXMCVBG,FL78.31YJC_SNIP_DLP2295515-1_9503
D545162,60,GS8FM060JKA2,0,0,0,0,0,0,0,0,0,0.240099,0,0,0.007167,0.010751,0.003584,0.014334,0,,D5451620,PNCB,02/18/2026 5:19:07 AM,BPD450,8M5CL,8M5CL,04/20/2026 7:58:17 AM,8M5CL,D1D,1,7590048,AME421,9,263067,AME421_PM6,P_78_GABON_B10_R3,02/18/2026 3:39:08 AM,9,AME421,9,263067,AME421_PM6,P_78_GABON_B10_R3,02/18/2026 3:39:08 AM,9,,,,8PONCVBB,FL78.3FGTC_SNIP_DLP2295522-1_4340
D545162,61,GS8FM061JKE4,0,0,0,0,0.018046,0.004001,0,0,0,0.381786,0,0,0,0.010827,0.004001,0,0.021655,0,D5451620,PNCB,02/18/2026 5:19:07 AM,BPD450,8M5CL,8M5CL,04/21/2026 6:33:24 AM,8M5CL,D1D,2,7590165,AME421,10,263067,AME421_PM6,P_78_GABON_B10_R3,02/18/2026 3:42:54 AM,10,AME421,10,263067,AME421_PM6,P_78_GABON_B10_R3,02/18/2026 3:42:54 AM,10,,,,8PONCVBB,FL78.3FGTC_SNIP_DLP2295522-1_4340
D545196,78,A21XN078SLG6,0,0,0,0,0,0.014637,0.003659,0,0,0.263466,0,0,0,0.007319,0,0.007319,0,0,D5451960,PXMG,02/19/2026 3:44:45 PM,BPD446,8M5CL,8M5CL,04/18/2026 3:32:37 PM,8M5CL,D1D,1,7594198,AME409,21,263067,AME409_PM1,P_78_GABON_B10_R3,02/19/2026 2:49:54 PM,21,AME409,21,263067,AME409_PM1,P_78_GABON_B10_R3,02/19/2026 2:49:54 PM,21,,,,8PXMCVBG,FL78.31YJC_SNIP_DLP2295515-1_6767
D545196,104,A21NZ104SLF5,0,0,0,0,0.010978,0,0.007319,0,0,0.117096,0,0,0,0,0,0,0,,D5451960,PXMG,02/19/2026 3:44:45 PM,BPD446,8M5CL,8M5CL,04/18/2026 5:46:56 PM,8M5CL,D1D,2,7594275,AME409,14,263067,AME409_PM1,P_78_GABON_B10_R3,02/19/2026 2:25:15 PM,14,AME409,14,263067,AME409_PM1,P_78_GABON_B10_R3,02/19/2026 2:25:15 PM,14,,,,8PXMCVBG,FL78.31YJC_SNIP_DLP2295515-1_6767
D545196,227,A22K0227SLD5,0,0,0,0,0.003692,0,0,0,0,0.23627,0,0,0,0,0,0,0,0,D5451960,PXMG,02/19/2026 3:44:45 PM,BPD446,8M5CL,8M5CL,04/24/2026 6:06:31 AM,8M5CL,D1D,3,7594267,AME409,5,263067,AME409_PM1,P_78_GABON_B10_R3,02/19/2026 1:53:32 PM,5,AME409,5,263067,AME409_PM1,P_78_GABON_B10_R3,02/19/2026 1:53:32 PM,5,,,,8PXMCVBG,FL78.31YJC_SNIP_DLP2295515-1_6767
D545196,228,A22K0228SLA4,0,0,0,0,0,0.007319,0,0,0,0.157348,0,0,0,0.010978,0,0,0,,D5451960,PXMG,02/19/2026 3:44:45 PM,BPD446,8M5CL,8M5CL,04/18/2026 10:23:42 PM,8M5CL,D1D,4,7594252,AME409,16,263067,AME409_PM1,P_78_GABON_B10_R3,02/19/2026 2:32:18 PM,16,AME409,16,263067,AME409_PM1,P_78_GABON_B10_R3,02/19/2026 2:32:18 PM,16,,,,8PXMCVBG,FL78.31YJC_SNIP_DLP2295515-1_6767
D545178,1,KJ57R001WFF3,0,0,0,0,0,0.003692,0.003897,0,0,0.386401,0,0,0,0.01169,0,0.007794,0,0,D5451780,PXMG,02/18/2026 11:20:07 AM,BPD454,8M5CL,8M5CL,07/02/2026 5:45:46 AM,8M5CL,D1D,1,7591292,AME423,9,263067,AME423_PM5,P_78_GABON_B10_R3,02/18/2026 9:37:26 AM,9,AME423,9,263067,AME423_PM5,P_78_GABON_B10_R3,02/18/2026 9:37:26 AM,9,,,,8PXMCVBG,FL78.31YJC_SNIP_DLP2295515-1_6767
D545178,7,KJ57R007WFB3,0,0,0,0,0.011075,0,0.007383,0,0,0.291646,0,0,0,0.003692,0,0.007383,0,0,D5451780,PXMG,02/18/2026 11:20:07 AM,BPD454,8M5CL,8M5CL,07/02/2026 6:13:54 AM,8M5CL,D1D,2,7591253,AME423,14,263067,AME423_PM5,P_78_GABON_B10_R3,02/18/2026 9:55:27 AM,14,AME423,14,263067,AME423_PM5,P_78_GABON_B10_R3,02/18/2026 9:55:27 AM,14,,,,8PXMCVBG,FL78.31YJC_SNIP_DLP2295515-1_6767
D544627,512,GT2JB512JKA7,0,0,0,0,0.003659,0,0.010978,0,0,0.34397,0,0,0,0.007319,0,0.025615,0,0,D5446270,PXMG,02/16/2026 7:50:29 PM,BPD454,8M5CL,8M5CL,05/04/2026 4:24:05 AM,8M5CL,D1D,1,7573045,AME403,20,263067,AME403_PM5,P_78_GABON_B10_R3,02/16/2026 6:52:57 PM,10,AME403,20,263067,AME403_PM5,P_78_GABON_B10_R3,02/16/2026 6:52:57 PM,10,,,,8PXMCVBG,FL78.31YJC_SNIP_DLP2295515-1_5757
D544627,513,GT2JB513JKF1,0,0,0,0,0,0.007383,0,0,0,0.317488,0,0,0,0.003692,0,0.003692,0,0,D5446270,PXMG,02/16/2026 7:50:29 PM,BPD454,8M5CL,8M5CL,06/08/2026 12:55:43 AM,8M5CL,D1D,2,7572953,AME403,15,263067,AME403_PM5,P_78_GABON_B10_R3,02/16/2026 6:45:42 PM,8,AME403,15,263067,AME403_PM5,P_78_GABON_B10_R3,02/16/2026 6:45:42 PM,8,,,,8PXMCVBG,FL78.31YJC_SNIP_DLP2295515-1_5757
D543EDN,252,GT0YE252JKE7,0,0,0,0,0,0,0,0,0,0.711834,0.052728,0,0,0,0,0,0,,D543EDN0,X78E,02/17/2026 9:26:50 AM,BPD448,8M5CL,8M5CL,05/22/2026 6:32:04 PM,8M5CL,D1D,1,7551174,AME427,13,263067,AME427_PM2,P_78_GABON_B10_R3,02/13/2026 2:39:43 AM,7,AME427,13,263067,AME427_PM2,P_78_GABON_B10_R3,02/13/2026 2:39:43 AM,7,,,,1X78EVA,FL78.3HXXC_SNIP_DLP2238916-1_17041
D543EDN,253,GT0YE253JKB6,0,0,0,0,0.005289,0,0,0,0,0.840976,0.068759,0,0,0,0,0,0,,D543EDN0,X78E,02/17/2026 9:26:50 AM,BPD448,8M5CL,8M5CL,05/22/2026 5:55:34 AM,8M5CL,D1D,2,7551091,AME427,18,263067,AME427_PM2,P_78_GABON_B10_R3,02/13/2026 2:46:47 AM,9,AME427,18,263067,AME427_PM2,P_78_GABON_B10_R3,02/13/2026 2:46:47 AM,9,,,,1X78EVA,FL78.3HXXC_SNIP_DLP2238916-1_17041
D545182,389,MCGRM389WAG5,0.007383,0,0,0,0,0,0,0,0,0.173511,0,0,0,0,0,0.02215,0,,D5451820,PXMG,02/15/2026 5:36:26 PM,BPD442,8M5CL,8M5CL,04/25/2026 7:03:57 PM,8M5CL,D1D,1,7591479,AME411,9,263067,AME411_PM3,P_78_GABON_B10_R3,02/15/2026 4:03:42 PM,5,AME411,9,263067,AME411_PM3,P_78_GABON_B10_R3,02/15/2026 4:03:42 PM,5,,,,8PXMCVBG,FL78.31YJC_SNIP_DLP2295515-1_6767
D545182,405,MCGRM405WAE3,0.011075,0,0,0,0.018459,0.003692,0.018459,0,0,0.132902,0,0,0,0.003692,0,0.033226,0.007383,,D5451820,PXMG,02/15/2026 5:36:26 PM,BPD442,8M5CL,8M5CL,04/25/2026 3:35:50 PM,8M5CL,D1D,2,7591475,AME411,18,263067,AME411_PM4,P_78_GABON_B10_R3,02/15/2026 4:18:28 PM,9,AME411,18,263067,AME411_PM4,P_78_GABON_B10_R3,02/15/2026 4:18:28 PM,9,,,,8PXMCVBG,FL78.31YJC_SNIP_DLP2295515-1_6767
D544974,322,GS9CS322JKF3,0,0,0,0,0.007097,0,0.007097,0,0,0.600782,0,0,0,0,0,0,0.007097,0,D544974A,PXMG,02/16/2026 3:24:01 AM,BPD436,8M5CL,8M5CL,04/12/2026 2:01:53 PM,8M5CL,D1D,1,7705238,AME403,13,263067,AME403_PM6,P_78_GABON_B10_R3,02/12/2026 2:00:58 PM,2,AME403,13,263067,AME403_PM6,P_78_GABON_B10_R3,02/12/2026 2:00:58 PM,2,,,,8PXMCVBG,FL78.31YBC_SNIP_DLP2271083-1_12804
D544974,323,GS9CS323JKC2,0,0,0,0,0,0.003692,0.007383,0,0,0.155052,0,0,0,0.003692,0,0.003692,0,,D544974A,PXMG,02/16/2026 3:24:01 AM,BPD436,8M5CL,8M5CL,04/12/2026 12:30:13 PM,8M5CL,D1D,2,7705443,AME403,18,263067,AME403_PM6,P_78_GABON_B10_R3,02/12/2026 2:04:35 PM,3,AME403,18,263067,AME403_PM6,P_78_GABON_B10_R3,02/12/2026 2:04:35 PM,3,,,,8PXMCVBG,FL78.31YBC_SNIP_DLP2271083-1_12804
D546931,2,GT3FY002JKG5,0,0,0,0,0,0.007319,0.007319,0,0.003659,0.135392,0,0,0,0,0.007319,0.010978,0.003659,,D5469310,PXMG,02/16/2026 3:08:02 AM,BPD454,8M5CL,8M5CL,04/25/2026 10:54:26 PM,8M5CL,D1D,1,7656608,AME411,16,263067,AME411_PM3,P_78_GABON_B10_R3,02/14/2026 11:07:27 AM,1,AME411,16,263067,AME411_PM3,P_78_GABON_B10_R3,02/14/2026 11:07:27 AM,1,,,,8PXMCVBG,FL78.31YBC_SNIP_DLP2271083-1_16886
D546931,60,GT3FY060JKD0,0,0,0,0,0.003659,0.007319,0.003659,0,0,0.219555,0,0,0,0.003659,0.003659,0,0,,D5469310,PXMG,02/16/2026 3:08:02 AM,BPD454,8M5CL,8M5CL,04/25/2026 4:38:37 AM,8M5CL,D1D,2,7656689,AME411,23,263067,AME411_PM3,P_78_GABON_B10_R3,02/14/2026 11:15:15 AM,3,AME411,23,263067,AME411_PM3,P_78_GABON_B10_R3,02/14/2026 11:15:15 AM,3,,,,8PXMCVBG,FL78.31YBC_SNIP_DLP2271083-1_16886
D544623,44,MCGCW044WAC4,0,0,0,0,0.007319,0.003659,0,0,0,0.296399,0,0,0,0.007319,0,0,0,0,D5446230,PXMG,02/24/2026 8:04:40 AM,BPD450,8M5CL,8M5CL,07/02/2026 6:13:43 AM,8M5CL,D1D,1,7571997,AME401,16,263067,AME401_PM1,P_78_GABON_B10_R3,02/24/2026 6:50:13 AM,7,AME401,16,263067,AME401_PM1,P_78_GABON_B10_R3,02/24/2026 6:50:13 AM,7,,,,8PXMCVBG,FL78.31YJC_SNIP_DLP2315934-1_340
D544623,45,MCGCW045WAG6,0,0,0,0,0.011075,0,0.003692,0,0,0.118135,0,0,0,0.003692,0,0.003692,0,,D5446230,PXMG,02/24/2026 8:04:40 AM,BPD450,8M5CL,8M5CL,07/02/2026 6:45:05 AM,8M5CL,D1D,2,7571982,AME401,19,263067,AME401_PM2,P_78_GABON_B10_R3,02/24/2026 6:53:49 AM,11,AME401,19,263067,AME401_PM2,P_78_GABON_B10_R3,02/24/2026 6:53:49 AM,11,,,,8PXMCVBG,FL78.31YJC_SNIP_DLP2315934-1_340
D546338,3,GS9YT003JKD2,0.003692,0,0,0,0.003692,0,0,0,0,0.173511,0,0,0,0.003692,0.003692,0.011075,0.003692,,D5463380,PXMG,02/24/2026 8:43:03 AM,BPD432,8M5CL,8M5CL,06/08/2026 3:02:24 AM,8M5CL,D1D,1,7636179,AME417,21,263067,AME417_PM3,P_78_GABON_B10_R3,02/24/2026 6:44:47 AM,10,AME417,21,263067,AME417_PM3,P_78_GABON_B10_R3,02/24/2026 6:44:47 AM,10,,,,8PXMCVBG,FL78.31YJC_SNIP_DLP2295515-1_9503
D546338,22,GS9YT022JKA5,0.00494,0,0,0,0.003659,0,0,0,0,0.202357,0,0,0,0,0.003659,0.008599,0.010978,0,D5463380,PXMG,02/24/2026 8:43:03 AM,BPD432,8M5CL,8M5CL,06/08/2026 2:25:28 AM,8M5CL,D1D,2,7636300,AME417,14,263067,AME417_PM3,P_78_GABON_B10_R3,02/24/2026 6:33:32 AM,7,AME417,14,263067,AME417_PM3,P_78_GABON_B10_R3,02/24/2026 6:33:32 AM,7,,,,8PXMCVBG,FL78.31YJC_SNIP_DLP2295515-1_9503
D546338,40,GS9YT040JKB1,0.003659,0,0,0,0.003659,0.010978,0,0,0,0.109778,0,0,0,0,0,0.029274,0,,D5463380,PXMG,02/24/2026 8:43:03 AM,BPD432,8M5CL,8M5CL,05/02/2026 5:12:03 AM,8M5CL,D1D,3,7636198,AME417,25,263067,AME417_PM3,P_78_GABON_B10_R3,02/24/2026 6:52:24 AM,12,AME417,25,263067,AME417_PM3,P_78_GABON_B10_R3,02/24/2026 6:52:24 AM,12,,,,8PXMCVBG,FL78.31YJC_SNIP_DLP2295515-1_9503
D546338,45,GS9YT045JKA2,0,0,0,0,0.007383,0,0.007383,0,0,0.10706,0,0.003692,0,0,0.003692,0.007383,0,,D5463380,PXMG,02/24/2026 8:43:03 AM,BPD432,8M5CL,8M5CL,05/02/2026 5:33:53 AM,8M5CL,D1D,4,7636195,AME417,13,263067,AME417_PM4,P_78_GABON_B10_R3,02/24/2026 6:29:51 AM,6,AME417,13,263067,AME417_PM4,P_78_GABON_B10_R3,02/24/2026 6:29:51 AM,6,,,,8PXMCVBG,FL78.31YJC_SNIP_DLP2295515-1_9503
D547406,76,A24ZR076SLE0,0,0,0,0,0,0,0.003659,0,0,0.142711,0,0,0,0.007319,0,0.025615,0,0,D5474060,PXMG,02/25/2026 4:04:54 PM,BPD436,8M5CL,8M5CL,04/30/2026 3:08:20 PM,8M5CL,D1D,1,7665414,AME427,9,263067,AME427_PM4,P_78_GABON_B10_R3,02/25/2026 2:18:22 PM,8,AME427,9,263067,AME427_PM4,P_78_GABON_B10_R3,02/25/2026 2:18:22 PM,8,,,,8PXMCVBG,FL78.31YJC_SNIP_DLP2295515-1_10939
D547406,79,A24ZR079SLC0,0.020304,0,0,0,0,0,0.007383,0,0,0.218735,0,0,0,0.003692,0,0.008306,0.003692,0,D5474060,PXMG,02/25/2026 4:04:54 PM,BPD436,8M5CL,8M5CL,04/30/2026 11:18:40 AM,8M5CL,D1D,2,7665416,AME427,6,263067,AME427_PM4,P_78_GABON_B10_R3,02/25/2026 2:11:06 PM,6,AME427,6,263067,AME427_PM4,P_78_GABON_B10_R3,02/25/2026 2:11:06 PM,6,,,,8PXMCVBG,FL78.31YJC_SNIP_DLP2295515-1_10939
D545181,30,MCGCW030WAD1,0.003659,0,0,0,0,0,0,0,0,0.29274,0,0,0,0.003659,0,0,0.003659,0,D5451810,PXMG,02/22/2026 10:03:03 AM,BPD444,8M5CL,8M5CL,05/01/2026 7:39:12 AM,8M5CL,D1D,1,7591336,AME409,4,263067,AME409_PM2,P_78_GABON_B10_R3,02/22/2026 8:47:19 AM,2,AME409,4,263067,AME409_PM2,P_78_GABON_B10_R3,02/22/2026 8:47:19 AM,2,,,,8PXMCVBG,FL78.31YJC_SNIP_DLP2295515-1_6767
D545181,37,MCGCW037WAD3,0,0,0,0,0,0.007383,0.003692,0,0,0.12921,0,0,0,0.007383,0,0.025842,0,,D5451810,PXMG,02/22/2026 10:03:03 AM,BPD444,8M5CL,8M5CL,07/02/2026 3:33:58 AM,8M5CL,D1D,2,7591334,AME409,15,263067,AME409_PM2,P_78_GABON_B10_R3,02/22/2026 9:06:17 AM,7,AME409,15,263067,AME409_PM2,P_78_GABON_B10_R3,02/22/2026 9:06:17 AM,7,,,,8PXMCVBG,FL78.31YJC_SNIP_DLP2295515-1_6767
D544624,23,MCGCW023WAE0,0,0,0,0,0.003692,0,0.003692,0,0,0.10706,0,0,0,0.011075,0,0.007383,0,,D5446240,PXMG,02/23/2026 2:29:58 AM,BPD432,8M5CL,8M5CL,05/05/2026 9:48:04 AM,8M5CL,D1D,1,7572091,AME403,9,263067,AME403_PM2,P_78_GABON_B10_R3,02/23/2026 12:56:01 AM,4,AME403,9,263067,AME403_PM2,P_78_GABON_B10_R3,02/23/2026 12:56:01 AM,4,,,,8PXMCVBG,FL78.31YJC_SNIP_DLP2315935-1_650
D544624,102,MCGCW102WAE5,0,0,0,0,0.003659,0.007319,0.003659,0,0.003659,0.109778,0,0,0,0.003659,0,0,0.007319,,D5446240,PXMG,02/23/2026 2:29:58 AM,BPD432,8M5CL,8M5CL,05/05/2026 8:53:58 AM,8M5CL,D1D,2,7572043,AME403,6,263067,AME403_PM1,P_78_GABON_B10_R3,02/23/2026 12:51:58 AM,3,AME403,6,263067,AME403_PM1,P_78_GABON_B10_R3,02/23/2026 12:51:58 AM,3,,,,8PXMCVBG,FL78.31YJC_SNIP_DLP2315935-1_650
D546331,797,GR0ZC797JDB5,0,0,0,0,0,0,0.007383,0,0,0.177203,0,0,0,0.007383,0,0.011075,0,,D5463310,PXMG,02/22/2026 10:29:03 PM,BPD450,8M5CL,8M5CL,04/16/2026 6:19:38 PM,8M5CL,D1D,1,7636263,AME419,8,263067,AME419_PM3,P_78_GABON_B10_R3,02/22/2026 9:36:46 PM,2,AME419,8,263067,AME419_PM3,P_78_GABON_B10_R3,02/22/2026 9:36:46 PM,2,,,,8PXMCVBG,FL78.31YJC_SNIP_DLP2295515-1_9503
D546331,798,GR0ZC798JDF7,0,0,0,0,0,0,0,0,0,0.255782,0,0,0,0,0,0.003659,0.018662,0,D5463310,PXMG,02/22/2026 10:29:03 PM,BPD450,8M5CL,8M5CL,04/16/2026 3:53:53 PM,8M5CL,D1D,2,7636215,AME419,7,263067,AME419_PM4,P_78_GABON_B10_R3,02/22/2026 9:33:12 PM,1,AME419,7,263067,AME419_PM4,P_78_GABON_B10_R3,02/22/2026 9:33:12 PM,1,,,,8PXMCVBG,FL78.31YJC_SNIP_DLP2295515-1_9503
D546275,9,A20D2009SLD0,0,0,0,0,0,0,0.007218,0,0,0.209331,0,0,0,0,0,0.007218,0,,D5462750,PNCB,02/28/2026 11:08:27 PM,BPD458,8M5CL,8M5CL,05/05/2026 4:22:09 PM,8M5CL,D1D,1,7625324,AME411,4,263067,AME411_PM1,P_78_GABON_B10_R3,02/28/2026 9:20:38 PM,4,AME411,4,263067,AME411_PM1,P_78_GABON_B10_R3,02/28/2026 9:20:38 PM,4,,,,8PONCVBB,FL78.3FGTC_SNIP_DLP2295522-1_6126
D546275,13,A20D2013SLE1,0,0,0,0,0.054137,0,0.014437,0,0,0.220159,0,0,0,0.003609,0,0.003609,0,,D5462750,PNCB,02/28/2026 11:08:27 PM,BPD458,8M5CL,8M5CL,05/05/2026 2:41:29 AM,8M5CL,D1D,2,7625079,AME411,15,263067,AME411_PM1,P_78_GABON_B10_R3,02/28/2026 9:57:29 PM,14,AME411,15,263067,AME411_PM1,P_78_GABON_B10_R3,02/28/2026 9:57:29 PM,14,,,,8PONCVBB,FL78.3FGTC_SNIP_DLP2295522-1_6126
D547450,68,A23H0068SLF6,0,0,0,0,0.007867,0.007319,0.007319,0,0,0.15314,0,0,0,0,0,0.014637,0,0,D5474500,PXMG,02/28/2026 12:27:47 PM,BPD442,8M5CL,8M5CL,07/02/2026 3:56:54 PM,8M5CL,D1D,1,7677678,AME423,21,263067,AME423_PM5,P_78_GABON_B10_R3,02/28/2026 11:02:44 AM,11,AME423,21,263067,AME423_PM5,P_78_GABON_B10_R3,02/28/2026 11:02:44 AM,11,,,,8PXMCVBG,FL78.31YJC_SNIP_DLP2295515-1_10939
D547450,69,A23H0069SLC5,0.003692,0,0,0,0.003692,0.003692,0.011075,0,0,0.103368,0,0,0,0.007383,0,0.014767,0,,D5474500,PXMG,02/28/2026 12:27:47 PM,BPD442,8M5CL,8M5CL,05/13/2026 12:02:51 AM,8M5CL,D1D,2,7677828,AME423,10,263067,AME423_PM6,P_78_GABON_B10_R3,02/28/2026 10:40:35 AM,5,AME423,10,263067,AME423_PM6,P_78_GABON_B10_R3,02/28/2026 10:40:35 AM,5,,,,8PXMCVBG,FL78.31YJC_SNIP_DLP2295515-1_10939
D546283,322,KJ5DT322WFE1,0,0,0,0,0.010751,0.003584,0,0,0,0.254433,0,0,0,0,0,0.003584,0.007167,,D5462830,PNCB,02/28/2026 4:50:18 AM,BPD432,8M5CL,8M5CL,05/06/2026 4:45:43 AM,8M5CL,D1D,1,7627571,AME417,4,263067,AME417_PM3,P_78_GABON_B10_R3,02/28/2026 2:45:50 AM,4,AME417,4,263067,AME417_PM3,P_78_GABON_B10_R3,02/28/2026 2:45:50 AM,4,,,,8PONCVBB,FL78.3FGTC_SNIP_DLP2295522-1_6126
D546283,326,KJ5DT326WFG3,0.003584,0,0,0,0.003584,0,0,0,0,0.31177,0,0,0,0.003584,0,0,0,,D5462830,PNCB,02/28/2026 4:50:18 AM,BPD432,8M5CL,8M5CL,03/01/2026 9:06:30 AM,8M5CL,D1D,2,7627649,AME417,3,263067,AME417_PM3,P_78_GABON_B10_R3,02/28/2026 2:42:15 AM,3,AME417,3,263067,AME417_PM3,P_78_GABON_B10_R3,02/28/2026 2:42:15 AM,3,,,,8PONCVBB,FL78.3FGTC_SNIP_DLP2295522-1_6126
D546283,331,KJ5DT331WFE3,0,0,0,0,0,0,0.00859,0,0,0.442555,0,0,0,0,0.003609,0.003609,0,0,D5462830,PNCB,02/28/2026 4:50:18 AM,BPD432,8M5CL,8M5CL,05/05/2026 12:14:33 PM,8M5CL,D1D,3,7627576,AME417,20,263067,AME417_PM3,P_78_GABON_B10_R3,02/28/2026 3:43:11 AM,20,AME417,20,263067,AME417_PM3,P_78_GABON_B10_R3,02/28/2026 3:43:11 AM,20,,,,8PONCVBB,FL78.3FGTC_SNIP_DLP2295522-1_6126
D546283,333,KJ5DT333WFF4,0,0,0,0,0.008421,0.004211,0,0,0,0.475206,0,0,0,0,0,0.016843,0.004211,0,D5462830,PNCB,02/28/2026 4:50:18 AM,BPD432,8M5CL,8M5CL,03/01/2026 9:06:37 AM,8M5CL,D1D,4,7627617,AME417,5,263067,AME417_PM3,P_78_GABON_B10_R3,02/28/2026 2:49:24 AM,5,AME417,5,263067,AME417_PM3,P_78_GABON_B10_R3,02/28/2026 2:49:24 AM,5,,,,8PONCVBB,FL78.3FGTC_SNIP_DLP2295522-1_6126
D544610,36,MCEMQ036WAB0,0,0,0,0,0,0.003584,0,0,0,0.193512,0,0,0,0,0,0.010751,0,,D5446100,PNCB,02/28/2026 9:09:42 AM,BPD446,8M5CL,8M5CL,05/10/2026 6:38:38 PM,8M5CL,D1D,1,7568360,AME417,25,263067,AME417_PM2,P_78_GABON_B10_R3,02/28/2026 8:11:13 AM,25,AME417,25,263067,AME417_PM2,P_78_GABON_B10_R3,02/28/2026 8:11:13 AM,25,,,,8PONCVBB,FL78.3FGTC_SNIP_DLP2295522-1_3704
D544610,126,MCEMQ126WAD0,0,0,0,0,0.007167,0,0,0,0,0.204263,0,0,0,0,0,0.007167,0,,D5446100,PNCB,02/28/2026 9:09:42 AM,BPD446,8M5CL,8M5CL,06/07/2026 8:57:45 PM,8M5CL,D1D,2,7568340,AME417,22,263067,AME417_PM2,P_78_GABON_B10_R3,02/28/2026 8:00:38 AM,22,AME417,22,263067,AME417_PM2,P_78_GABON_B10_R3,02/28/2026 8:00:38 AM,22,,,,8PONCVBB,FL78.3FGTC_SNIP_DLP2295522-1_3704
D546330,41,MCJ1U041WAH0,0,0,0,0,0.081218,0.003692,0.014767,0,0,0.099677,0,0,0,0.003692,0,0.011075,0,,D5463300,PXMG,03/06/2026 6:54:09 PM,BPD444,8M5CL,8M5CL,04/08/2026 2:13:03 PM,8M5CL,D1D,1,7636317,AME417,13,263067,AME417_PM5,P_78_GABON_B10_R3,03/06/2026 5:26:38 PM,13,AME417,13,263067,AME417_PM5,P_78_GABON_B10_R3,03/06/2026 5:26:38 PM,13,,,,8PXMCVBG,FL78.31YJC_SNIP_DLP2295515-1_9503
D546330,44,MCJ1U044WAF0,0.003659,0,0,0,0.025615,0.007319,0.007319,0,0,0.157348,0,0,0,0.007319,0,0.007319,0,,D5463300,PXMG,03/06/2026 6:54:09 PM,BPD444,8M5CL,8M5CL,07/02/2026 6:51:23 PM,8M5CL,D1D,2,7636440,AME417,22,263067,AME417_PM5,P_78_GABON_B10_R3,03/06/2026 5:56:21 PM,21,AME417,22,263067,AME417_PM5,P_78_GABON_B10_R3,03/06/2026 5:56:21 PM,21,,,,8PXMCVBG,FL78.31YJC_SNIP_DLP2295515-1_9503
D546336,57,MCJ1W057WAA7,0,0,0,0,0.003692,0.003692,0,0,0,0.118135,0,0,0,0.003692,0,0.011075,0,,D5463360,PXMG,03/01/2026 9:34:26 PM,BPD448,8M5CL,8M5CL,05/03/2026 1:18:08 PM,8M5CL,D1D,1,7636221,AME411,9,263067,AME411_PM3,P_78_GABON_B10_R3,03/01/2026 8:05:02 PM,5,AME411,9,263067,AME411_PM3,P_78_GABON_B10_R3,03/01/2026 8:05:02 PM,5,,,,8PXMCVBG,FL78.31YJC_SNIP_DLP2295515-1_9503
D546336,159,MCJ1W159WAB1,0,0,0,0,0.033226,0.007383,0.007383,0,0,0.140286,0,0,0,0.007383,0,0.02215,0,,D5463360,PXMG,03/01/2026 9:34:26 PM,BPD448,8M5CL,8M5CL,05/03/2026 10:06:09 AM,8M5CL,D1D,2,7636438,AME411,14,263067,AME411_PM4,P_78_GABON_B10_R3,03/01/2026 8:12:56 PM,7,AME411,14,263067,AME411_PM4,P_78_GABON_B10_R3,03/01/2026 8:12:56 PM,7,,,,8PXMCVBG,FL78.31YJC_SNIP_DLP2295515-1_9503
D547440,107,KJ5DU107WFD6,0,0,0,0,0.003692,0,0,0,0,0.099677,0,0,0,0.007383,0,0.007383,0,,D5474400,PXMG,03/04/2026 1:05:19 PM,BPD442,8M5CL,8M5CL,07/01/2026 5:40:14 PM,8M5CL,D1D,1,7675072,AME417,5,263067,AME417_PM6,P_78_GABON_B10_R3,03/04/2026 2:46:52 AM,1,AME417,5,263067,AME417_PM6,P_78_GABON_B10_R3,03/04/2026 2:46:52 AM,1,,,,8PXMCVBG,FL78.31YJC_SNIP_DLP2295515-1_10939
D547440,109,KJ5DU109WFE7,0,0,0,0,0.007383,0,0,0,0,0.118135,0,0,0,0.014767,0,0.003692,0,,D5474400,PXMG,03/04/2026 1:05:19 PM,BPD442,8M5CL,8M5CL,05/04/2026 5:49:04 AM,8M5CL,D1D,2,7675025,AME417,2,263067,AME417_PM5,P_78_GABON_B10_R3,03/04/2026 2:38:42 AM,2,AME417,2,263067,AME417_PM5,P_78_GABON_B10_R3,03/04/2026 2:38:42 AM,2,,,,8PXMCVBG,FL78.31YJC_SNIP_DLP2295515-1_10939
D546334,41,A24QC041SLD0,0.02215,0,0,0,0,0,0,0,0,0.103368,0,0,0,0.011075,0,0.007383,0.003692,,D5463340,PXMG,03/01/2026 4:04:34 AM,BPD442,8M5CL,8M5CL,07/02/2026 8:37:12 PM,8M5CL,D1D,1,7636459,AME423,17,263067,AME423_PM1,P_78_GABON_B10_R3,03/01/2026 2:30:33 AM,17,AME423,17,263067,AME423_PM1,P_78_GABON_B10_R3,03/01/2026 2:30:33 AM,17,,,,8PXMCVBG,FL78.31YJC_SNIP_DLP2295515-1_9503
D546334,42,A24QC042SLH2,0,0,0,0,0,0,0.003659,0,0,0.0988,0,0,0,0,0,0.007319,0,,D5463340,PXMG,03/01/2026 4:04:34 AM,BPD442,8M5CL,8M5CL,05/04/2026 3:04:16 AM,8M5CL,D1D,2,7636550,AME423,18,263067,AME423_PM1,P_78_GABON_B10_R3,03/01/2026 2:34:23 AM,18,AME423,18,263067,AME423_PM1,P_78_GABON_B10_R3,03/01/2026 2:34:23 AM,18,,,,8PXMCVBG,FL78.31YJC_SNIP_DLP2295515-1_9503
D547447,30,KJ57R030WFH2,0.003659,0,0,0,0.003659,0,0.010978,0,0,0.234192,0,0,0,0.014637,0,0.010978,0,0,D5474470,PXMG,03/12/2026 10:58:38 AM,BPD458,8M5CL,8M5CL,07/01/2026 10:11:35 PM,8M5CL,D1D,1,7675323,AME423,20,263067,AME423_PM3,P_78_GABON_B10_R3,03/12/2026 6:42:27 AM,10,AME423,20,263067,AME423_PM3,P_78_GABON_B10_R3,03/12/2026 6:42:27 AM,10,,,,8PXMCVBG,FL78.31YJC_SNIP_DLP2295515-1_10939
D547447,42,KJ57R042WFF4,0,0,0,0,0.010978,0,0.014637,0,0,0.175644,0,0,0,0.010978,0,0.007319,0.007319,0,D5474470,PXMG,03/12/2026 10:58:38 AM,BPD458,8M5CL,8M5CL,07/01/2026 9:44:10 PM,8M5CL,D1D,2,7675358,AME423,7,263067,AME423_PM3,P_78_GABON_B10_R3,03/12/2026 6:20:36 AM,4,AME423,7,263067,AME423_PM3,P_78_GABON_B10_R3,03/12/2026 6:20:36 AM,4,,,,8PXMCVBG,FL78.31YJC_SNIP_DLP2295515-1_10939
D545179,243,KJ4YW243WFG6,0,0,0,0,0.011075,0,0,0,0,0.162436,0,0,0,0.003692,0,0,0,,D5451790,PXMG,03/12/2026 5:44:33 PM,BPD454,8M5CL,8M5CL,07/02/2026 3:52:12 AM,8M5CL,D1D,1,7591372,AME427,16,263067,AME427_PM6,P_78_GABON_B10_R3,03/12/2026 4:18:42 PM,8,AME427,16,263067,AME427_PM6,P_78_GABON_B10_R3,03/12/2026 4:18:42 PM,8,,,,8PXMCVBG,FL78.31YJC_SNIP_DLP2295515-1_6767
D545179,244,KJ4YW244WFD5,0,0,0,0,0.003659,0,0,0,0,0.153689,0,0,0,0,0,0.007319,0,,D5451790,PXMG,03/12/2026 5:44:33 PM,BPD454,8M5CL,8M5CL,04/08/2026 2:11:18 PM,8M5CL,D1D,2,7591354,AME427,23,263067,AME427_PM5,P_78_GABON_B10_R3,03/12/2026 4:35:44 PM,12,AME427,23,263067,AME427_PM5,P_78_GABON_B10_R3,03/12/2026 4:35:44 PM,12,,,,8PXMCVBG,FL78.31YJC_SNIP_DLP2295515-1_6767
D547439,153,A23Z5153SLF4,0,0,0,0,0,0.007383,0,0,0,0.180895,0,0.003692,0,0,0,0.003692,0,,D5474390,PXMG,03/12/2026 6:12:16 AM,BPD432,8M5CL,8M5CL,07/02/2026 4:44:57 PM,8M5CL,D1D,1,7675035,AME423,16,263067,AME423_PM3,P_78_GABON_B10_R3,03/12/2026 5:12:36 AM,8,AME423,16,263067,AME423_PM3,P_78_GABON_B10_R3,03/12/2026 5:12:36 AM,8,,,,8PXMCVBG,FL78.31YJC_SNIP_DLP2295515-1_10939
D547439,166,A23Z5166SLA5,0.05123,0,0,0,0.003659,0.003659,0,0,0.025615,0.120755,0,0,0,0.007319,0,0,0.080504,,D5474390,PXMG,03/12/2026 6:12:16 AM,BPD432,8M5CL,8M5CL,07/01/2026 6:04:58 PM,8M5CL,D1D,2,7675091,AME423,3,263067,AME423_PM3,P_78_GABON_B10_R3,03/12/2026 4:50:53 AM,2,AME423,3,263067,AME423_PM3,P_78_GABON_B10_R3,03/12/2026 4:50:53 AM,2,,,,8PXMCVBG,FL78.31YJC_SNIP_DLP2295515-1_10939
D544622,349,KJ3ND349WFE1,0,0,0,0,0.011075,0,0.003692,0,0,0.158744,0,0,0,0,0.003692,0.011075,0,0,D5446220,PXMG,03/11/2026 7:31:48 AM,BPD432,8M5CL,8M5CL,07/02/2026 7:20:53 AM,8M5CL,D1D,1,7569725,AME403,13,263067,AME403_PM3,P_78_GABON_B10_R3,03/11/2026 6:16:10 AM,6,AME403,13,263067,AME403_PM3,P_78_GABON_B10_R3,03/11/2026 6:16:10 AM,6,,,,8PXMCVBG,FL78.31YJC_SNIP_DLP2315933-1_347
D544622,386,KJ3ND386WFC0,0,0,0,0,0,0,0,0,0,1.160935,0,0.048372,0,0,0,0,0,,D5446220,PXMG,03/11/2026 7:31:48 AM,BPD432,8M5CL,8M5CL,07/02/2026 7:20:07 AM,8M5CL,D1D,2,7569645,AME403,18,263067,AME403_PM3,P_78_GABON_B10_R3,03/11/2026 6:24:27 AM,8,AME403,18,263067,AME403_PM3,P_78_GABON_B10_R3,03/11/2026 6:24:27 AM,8,,,,8PXMCVBG,FL78.31YJC_SNIP_DLP2315933-1_347
D547404,401,GT2RM401JKG3,0,0,0,0,0.003609,0,0,0,0,0.140757,0,0,0,0,0.003609,0.007218,0,,D5474040,PNCB,03/09/2026 2:37:24 AM,BPD458,8M5CL,8M5CL,05/07/2026 5:46:01 AM,8M5CL,D1D,1,7668781,AME403,5,263067,AME403_PM3,P_78_GABON_B10_R3,03/08/2026 8:34:59 PM,3,AME403,5,263067,AME403_PM3,P_78_GABON_B10_R3,03/08/2026 8:34:59 PM,3,,,,8PONCVBB,FL78.3FGTC_SNIP_DLP2295522-1_7115
D547404,402,GT2RM402JKD2,0,0,0,0,0,0.003584,0,0,0,0.164844,0,0,0,0.003584,0,0.003584,0,,D5474040,PNCB,03/09/2026 2:37:24 AM,BPD458,8M5CL,8M5CL,05/07/2026 6:02:45 AM,8M5CL,D1D,2,7668727,AME403,2,263067,AME403_PM4,P_78_GABON_B10_R3,03/08/2026 8:26:46 PM,1,AME403,2,263067,AME403_PM4,P_78_GABON_B10_R3,03/08/2026 8:26:46 PM,1,,,,8PONCVBB,FL78.3FGTC_SNIP_DLP2295522-1_7115
D547435,14,KJ40U014WFA7,0,0,0,0,0.014637,0.003659,0.003659,0,0,0.216994,0.007319,0,0,0.007319,0,0.024517,0.003659,0,D5474350,PXMG,03/26/2026 10:57:56 PM,BPD436,8M5CL,8M5CL,07/02/2026 5:09:03 PM,8M5CL,D1D,1,7673615,AME417,4,263067,AME417_PM6,P_78_GABON_B10_R3,03/26/2026 8:05:40 PM,2,AME417,4,263067,AME417_PM6,P_78_GABON_B10_R3,03/26/2026 8:05:40 PM,2,,,,8PXMCVBG,FL78.31YJC_SNIP_DLP2295515-1_10939
D547435,15,KJ40U015WFF1,0,0,0,0,0.003692,0.003692,0.007383,0,0,0.099677,0,0,0,0.003692,0,0.007383,0,,D5474350,PXMG,03/26/2026 10:57:56 PM,BPD436,8M5CL,8M5CL,07/02/2026 5:11:04 PM,8M5CL,D1D,2,7673613,AME417,3,263067,AME417_PM5,P_78_GABON_B10_R3,03/26/2026 8:05:40 PM,2,AME417,3,263067,AME417_PM5,P_78_GABON_B10_R3,03/26/2026 8:05:40 PM,2,,,,8PXMCVBG,FL78.31YJC_SNIP_DLP2295515-1_10939
D547435,18,KJ40U018WFD1,0,0,0,0,0.003852,0.01117,0,0,0,0.149644,0.003659,0,0,0.010978,0,0.021956,0,0,D5474350,PXMG,03/26/2026 10:57:56 PM,BPD436,8M5CL,8M5CL,07/02/2026 5:05:08 PM,8M5CL,D1D,3,7673481,AME417,25,263067,AME417_PM5,P_78_GABON_B10_R3,03/26/2026 8:46:58 PM,13,AME417,25,263067,AME417_PM5,P_78_GABON_B10_R3,03/26/2026 8:46:58 PM,13,,,,8PXMCVBG,FL78.31YJC_SNIP_DLP2295515-1_10939
D547435,20,KJ40U020WFD1,0,0,0,0,0,0.003659,0.010978,0,0,0.219555,0,0,0,0.003659,0,0.014637,0,0,D5474350,PXMG,03/26/2026 10:57:56 PM,BPD436,8M5CL,8M5CL,07/02/2026 5:06:24 PM,8M5CL,D1D,4,7673616,AME417,8,263067,AME417_PM6,P_78_GABON_B10_R3,03/26/2026 8:14:07 PM,4,AME417,8,263067,AME417_PM6,P_78_GABON_B10_R3,03/26/2026 8:14:07 PM,4,,,,8PXMCVBG,FL78.31YJC_SNIP_DLP2295515-1_10939
D547451,1,KJ57U001WFG4,0,0,0,0,0,0,0,0,0,0.155052,0.007383,0,0,0,0,0.003692,0,,D5474510,PXMG,03/26/2026 11:07:59 PM,BPD446,8M5CL,8M5CL,07/02/2026 3:45:03 PM,8M5CL,D1D,1,7677692,AME427,12,263067,AME427_PM2,P_78_GABON_B10_R3,03/26/2026 8:00:47 PM,12,AME427,12,263067,AME427_PM2,P_78_GABON_B10_R3,03/26/2026 8:00:47 PM,12,,,,8PXMCVBG,FL78.31YJC_SNIP_DLP2295515-1_10939
D547451,46,KJ5DR046WFC4,0,0,0,0,0.003659,0.003659,0,0,0,0.157348,0,0,0,0.007319,0,0.007319,0,,D5474510,PXMG,03/26/2026 11:07:59 PM,BPD446,8M5CL,8M5CL,07/02/2026 4:40:12 PM,8M5CL,D1D,2,7677657,AME427,15,263067,AME427_PM2,P_78_GABON_B10_R3,03/26/2026 8:08:03 PM,14,AME427,15,263067,AME427_PM2,P_78_GABON_B10_R3,03/26/2026 8:08:03 PM,14,,,,8PXMCVBG,FL78.31YJC_SNIP_DLP2295515-1_10939
D545177,97,KJ57R097WFF0,0,0,0,0,0.02215,0.007383,0.011075,0,0,0.210428,0.003692,0,0,0.007383,0,0.007383,0,,D5451770,PXMG,03/25/2026 9:01:38 AM,BPD444,8M5CL,8M5CL,07/14/2026 9:10:55 AM,8M5CL,D1D,1,7591148,AME427,12,263067,AME427_PM5,P_78_GABON_B10_R3,03/25/2026 7:45:44 AM,6,AME427,12,263067,AME427_PM5,P_78_GABON_B10_R3,03/25/2026 7:45:44 AM,6,,,,8PXMCVBG,FL78.31YJC_SNIP_DLP2295515-1_6767
D545177,165,KJ57R165WFE2,0.004615,0,0,0,0.004615,0.003692,0,0,0,0.281494,0,0,0,0.007383,0.003692,0,0.004615,0,D5451770,PXMG,03/25/2026 9:01:38 AM,BPD444,8M5CL,8M5CL,07/26/2026 12:17:20 PM,8M5CL,D1D,2,7591211,AME427,15,263067,AME427_PM6,P_78_GABON_B10_R3,03/25/2026 7:49:32 AM,7,AME427,15,263067,AME427_PM6,P_78_GABON_B10_R3,03/25/2026 7:49:32 AM,7,,,,8PXMCVBG,FL78.31YJC_SNIP_DLP2295515-1_6767
D545180,20,KJ51H020WFD1,0,0,0,0,0,0,0,0,0,0.120755,0,0,0,0,0,0.003659,0.003659,,D5451800,PXMG,03/22/2026 8:49:24 AM,BPD442,8M5CL,8M5CL,06/07/2026 2:49:40 PM,8M5CL,D1D,1,7591359,AME409,9,263067,AME409_PM1,P_78_GABON_B10_R3,03/22/2026 7:43:27 AM,5,AME409,9,263067,AME409_PM1,P_78_GABON_B10_R3,03/22/2026 7:43:27 AM,5,,,,8PXMCVBG,FL78.31YJC_SNIP_DLP2295515-1_6767
D545180,36,KJ51H036WFD5,0,0,0,0,0.003659,0,0.003659,0,0,0.201259,0,0,0,0,0,0.018296,0,,D5451800,PXMG,03/22/2026 8:49:24 AM,BPD442,8M5CL,8M5CL,06/10/2026 2:06:10 PM,8M5CL,D1D,2,7591422,AME409,2,263067,AME409_PM2,P_78_GABON_B10_R3,03/22/2026 7:28:54 AM,1,AME409,2,263067,AME409_PM2,P_78_GABON_B10_R3,03/22/2026 7:28:54 AM,1,,,,8PXMCVBG,FL78.31YJC_SNIP_DLP2295515-1_6767
D545176,250,KJ4YU250WFF1,0,0.003659,0,0,0.019394,0,0.004757,0,0,0.177108,0,0,0,0,0,0.003659,0,0,D5451760,PXMG,04/01/2026 5:23:26 AM,BPD450,8M5CL,8M5CL,06/08/2026 4:04:41 AM,8M5CL,D1D,1,7591150,AME401,13,263067,AME401_PM1,P_78_GABON_B10_R3,03/31/2026 11:27:30 PM,7,AME401,13,263067,AME401_PM1,P_78_GABON_B10_R3,03/31/2026 11:27:30 PM,7,,,,8PXMCVBG,FL78.31YJC_SNIP_DLP2295515-1_6767
D545176,265,KJ4YU265WFB3,0,0,0,0,0.014767,0,0,0,0,0.140286,0,0,0,0,0,0,0,,D5451760,PXMG,04/01/2026 5:23:26 AM,BPD450,8M5CL,8M5CL,06/09/2026 12:53:32 PM,8M5CL,D1D,2,7591215,AME401,2,263067,AME401_PM2,P_78_GABON_B10_R3,03/31/2026 11:05:58 PM,1,AME401,2,263067,AME401_PM2,P_78_GABON_B10_R3,03/31/2026 11:05:58 PM,1,,,,8PXMCVBG,FL78.31YJC_SNIP_DLP2295515-1_6767
D545EK5,135,KJ57R135WFF4,0,0,0,0,0,0.037024,0,0,0,0.682301,0,0,0,0,0,0.021157,0,,D545EK5A,X78E,04/20/2026 6:13:29 AM,BPD436,8M5CL,8M5CL,06/03/2026 1:00:02 AM,8M5CL,D1D,1,8137427,AME423,24,263067,AME423_PM2,P_78_GABON_B10_R3,04/20/2026 4:55:43 AM,6,AME423,24,263067,AME423_PM2,P_78_GABON_B10_R3,04/20/2026 4:55:43 AM,6,,,,1X78EVA,FL78.65XTE
D545EK5,145,KJ57R145WFC5,0,0,0,0,0.005289,0.005289,0,0,0,0.893868,0,0,0,0.005289,0.052892,0.010578,0,,D545EK5A,X78E,04/20/2026 6:13:29 AM,BPD436,8M5CL,8M5CL,04/20/2026 8:17:41 AM,8M5CL,D1D,2,8137424,AME423,23,263067,AME423_PM1,P_78_GABON_B10_R3,04/20/2026 4:55:43 AM,6,AME423,23,263067,AME423_PM1,P_78_GABON_B10_R3,04/20/2026 4:55:43 AM,6,,,,1X78EVA,FL78.65XTE
D545903,269,5DWKO269MVE6,0.012736,0,0,0,0,0.003692,0,0,0,0.163913,0,0,0,0.004245,0,0,0,0,D545903A,PXMG,07/05/2026 8:02:25 PM,BPD446,8M5CL,8M5CL,07/06/2026 8:07:45 AM,8M5CL,D1D,1,8830458,AME425,8,263067,AME425_PM6,P_78_GABON_B10_R4,07/05/2026 6:02:26 PM,1,AME425,8,263067,AME425_PM6,P_78_GABON_B10_R4,07/05/2026 6:02:26 PM,1,,,,8PXMCVBG,FL78.31YJC_SNIP_DLP2295515-1_6767
D545903,284,5DWKO284MVH2,0.003659,0,0,0,0,0,0,0,0,0.164666,0,0,0,0,0.003659,0.003659,0,,D545903A,PXMG,07/05/2026 8:02:25 PM,BPD446,8M5CL,8M5CL,07/06/2026 8:07:58 AM,8M5CL,D1D,2,8830281,AME425,3,263067,AME425_PM5,P_78_GABON_B10_R4,07/05/2026 6:02:25 PM,1,AME425,3,263067,AME425_PM5,P_78_GABON_B10_R4,07/05/2026 6:02:25 PM,1,,,,8PXMCVBG,FL78.31YJC_SNIP_DLP2295515-1_6767
D545903,287,5DWKO287MVF2,0,0,0,0,0,0,0,0,0,0.195415,0,0,0,0,0,0.003938,0,0,D545903A,PXMG,07/05/2026 8:02:25 PM,BPD446,8M5CL,8M5CL,07/06/2026 8:07:47 AM,8M5CL,D1D,3,8830544,AME425,22,263067,AME425_PM6,P_78_GABON_B10_R4,07/05/2026 6:13:23 PM,4,AME425,22,263067,AME425_PM6,P_78_GABON_B10_R4,07/05/2026 6:13:23 PM,4,,,,8PXMCVBG,FL78.31YJC_SNIP_DLP2295515-1_6767
D545903,296,5DWKO296MVF4,0.003659,0,0,0,0,0,0,0,0,0.223214,0,0,0,0.003659,0,0.003659,0,,D545903A,PXMG,07/05/2026 8:02:25 PM,BPD446,8M5CL,8M5CL,07/06/2026 8:03:29 AM,8M5CL,D1D,4,8830220,AME425,14,263067,AME425_PM6,P_78_GABON_B10_R4,07/05/2026 6:09:43 PM,3,AME425,14,263067,AME425_PM6,P_78_GABON_B10_R4,07/05/2026 6:09:43 PM,3,,,,8PXMCVBG,FL78.31YJC_SNIP_DLP2295515-1_6767
D613605,319,KJ7KC319WFD4,0,0,0,0,0,0,0,0,0,0.180895,0,0,0,0.003692,0,0.011075,0,,D6136050,PXMG,05/30/2026 6:27:57 PM,BPD446,8M5CL,8M5CL,06/01/2026 9:06:42 AM,8M5CL,D1D,1,8303551,AME427,24,263067,AME427_PM3,P_78_GABON_B10_R4,05/30/2026 5:42:07 PM,24,AME427,24,263067,AME427_PM3,P_78_GABON_B10_R4,05/30/2026 5:42:07 PM,24,,,,8PXMCVBG,FL78.31YJC_SNIP_DLP2295515-1_39752
D613605,323,KJ7HW323WFD1,0,0,0,0,0.007383,0,0,0,0,0.121827,0,0,0,0,0,0.003692,0,,D6136050,PXMG,05/30/2026 6:27:57 PM,BPD446,8M5CL,8M5CL,06/01/2026 9:06:52 AM,8M5CL,D1D,2,8303409,AME427,23,263067,AME427_PM3,P_78_GABON_B10_R4,05/30/2026 5:38:37 PM,23,AME427,23,263067,AME427_PM3,P_78_GABON_B10_R4,05/30/2026 5:38:37 PM,23,,,,8PXMCVBG,FL78.31YJC_SNIP_DLP2295515-1_39752
D613830,272,KJCJL272WFC3,0.003147,0,0,0,0,0.134111,0,0,0,37.439808,0,0,0,0.006294,0.003147,0.003147,0,0,D6138300,PD5B,06/12/2026 10:20:36 PM,BPD446,8M5CL,8M5CL,06/17/2026 10:14:53 AM,8M5CL,D1D,1,8328478,AME417,5,263067,AME417_PM1,P_78_GABON_B10_R4,06/12/2026 8:51:32 PM,3,AME417,5,263067,AME417_PM1,P_78_GABON_B10_R4,06/12/2026 8:51:32 PM,3,,,,8PD5CVB,FL78.6U1KE_SNIP_DLP2411829-1_5828
D613830,315,KJCJH315WFA4,0.003188,0,0,0,0,0.065046,0,0,0,35.866072,0,0,0,0.003188,0,0.084501,0,0,D6138300,PD5B,06/12/2026 10:20:36 PM,BPD446,8M5CL,8M5CL,06/17/2026 10:14:42 AM,8M5CL,D1D,2,8328555,AME417,2,263067,AME417_PM2,P_78_GABON_B10_R4,06/12/2026 8:44:19 PM,1,AME417,2,263067,AME417_PM2,P_78_GABON_B10_R4,06/12/2026 8:44:19 PM,1,,,,8PD5CVB,FL78.6U1KE_SNIP_DLP2411829-1_5828
D613639,657,MCLPK657WAG6,0,0,0,0,0,0,0.003692,0,0,0.258421,0,0,0,0.007383,0,0.02215,0,,D6136390,PXMG,06/07/2026 5:19:00 PM,BPD436,8M5CL,8M5CL,06/08/2026 7:46:28 AM,8M5CL,D1D,1,8309296,AME417,16,263067,AME417_PM2,P_78_GABON_B10_R4,06/07/2026 3:44:33 PM,8,AME417,16,263067,AME417_PM2,P_78_GABON_B10_R4,06/07/2026 3:44:33 PM,8,,,,8PXMCVBG,FL78.31YJC_SNIP_DLP2295515-1_39752
D613639,710,MCLPK710WAC3,0,0,0,0,0.014637,0.003659,0,0,0.003659,0.190281,0,0,0,0,0,0.010978,0.010978,,D6136390,PXMG,06/07/2026 5:19:00 PM,BPD436,8M5CL,8M5CL,06/08/2026 7:46:17 AM,8M5CL,D1D,2,8309306,AME417,7,263067,AME417_PM1,P_78_GABON_B10_R4,06/07/2026 3:30:04 PM,4,AME417,7,263067,AME417_PM1,P_78_GABON_B10_R4,06/07/2026 3:30:04 PM,4,,,,8PXMCVBG,FL78.31YJC_SNIP_DLP2295515-1_39752
D613602,10,A2DY9010SLG0,0,0,0,0,0.003659,0.003659,0.003659,0,0,0.080504,0,0,0,0,0,0.003659,0,,D6136020,PXMG,06/13/2026 10:46:46 AM,BPD458,8M5CL,8M5CL,06/13/2026 6:00:42 PM,8M5CL,D1D,1,8303481,AME421,5,263067,AME421_PM1,P_78_GABON_B10_R4,06/13/2026 8:17:35 AM,3,AME421,5,263067,AME421_PM1,P_78_GABON_B10_R4,06/13/2026 8:17:35 AM,3,,,,8PXMCVBG,FL78.31YJC_SNIP_DLP2295515-1_39752
D613602,115,A2EWZ115SLF1,0,0,0,0,0,0.003692,0,0,0,0.095985,0,0,0.003692,0.018459,0.003692,0.007383,0,,D6136020,PXMG,06/13/2026 10:46:46 AM,BPD458,8M5CL,8M5CL,06/13/2026 6:00:34 PM,8M5CL,D1D,2,8303443,AME421,22,263067,AME421_PM1,P_78_GABON_B10_R4,06/13/2026 8:49:21 AM,11,AME421,22,263067,AME421_PM1,P_78_GABON_B10_R4,06/13/2026 8:49:21 AM,11,,,,8PXMCVBG,FL78.31YJC_SNIP_DLP2295515-1_39752
D613611,633,5DXME633MVD2,0.003692,0,0,0,0.014767,0,0,0,0,0.12921,0,0,0,0,0,0.003692,0.003692,,D6136110,PXMG,06/14/2026 5:11:00 AM,BPD446,8M5CL,8M5CL,06/15/2026 6:56:17 AM,8M5CL,D1D,1,8303497,AME419,12,263067,AME419_PM4,P_78_GABON_B10_R4,06/14/2026 2:00:11 AM,6,AME419,12,263067,AME419_PM4,P_78_GABON_B10_R4,06/14/2026 2:00:11 AM,6,,,,8PXMCVBG,FL78.31YJC_SNIP_DLP2295515-1_39752
D613611,688,5DXME688MVC6,0,0,0,0,0.003659,0.003659,0.003659,0,0,0.135392,0,0,0,0,0,0.007319,0,,D6136110,PXMG,06/14/2026 5:11:00 AM,BPD446,8M5CL,8M5CL,06/15/2026 6:56:10 AM,8M5CL,D1D,2,8303468,AME419,7,263067,AME419_PM3,P_78_GABON_B10_R4,06/14/2026 1:51:27 AM,4,AME419,7,263067,AME419_PM3,P_78_GABON_B10_R4,06/14/2026 1:51:27 AM,4,,,,8PXMCVBG,FL78.31YJC_SNIP_DLP2295515-1_39752
D615273,13,KJD2E013WFE4,0,0,0,0,0,0.006494,0.003247,0,0,0.194831,0,0,0,0.006494,0.003247,0.003247,0.003247,,D6152730,PR8B,06/20/2026 2:11:00 AM,BPD458,8M5CL,8M5CL,06/21/2026 3:28:51 PM,8M5CL,D1D,1,8382726,AME427,4,263067,AME427_PM3,P_78_GABON_B10_R4,06/20/2026 12:25:43 AM,4,AME427,4,263067,AME427_PM3,P_78_GABON_B10_R4,06/20/2026 12:25:43 AM,4,,,,8PR8CVB,FL78.6H0QE_SNIP_DLP2344620-1_25501
D615273,28,KJD2E028WFA6,0,0,0,0,0,0,0.003489,0,0,0.202379,0,0,0,0.010468,0,0.006979,0,,D6152730,PR8B,06/20/2026 2:11:00 AM,BPD458,8M5CL,8M5CL,06/21/2026 3:28:58 PM,8M5CL,D1D,2,8382763,AME427,11,263067,AME427_PM4,P_78_GABON_B10_R4,06/20/2026 12:36:29 AM,4,AME427,11,263067,AME427_PM4,P_78_GABON_B10_R4,06/20/2026 12:36:29 AM,4,,,,8PR8CVB,FL78.6H0QE_SNIP_DLP2344620-1_25501
D613624,26,A2DY9026SLG4,0,0,0,0,0,0.003659,0,0,0,0.223214,0,0,0,0.003659,0,0.018296,0.003659,0,D6136240,PXMG,06/25/2026 12:07:56 PM,BPD454,8M5CL,8M5CL,06/25/2026 7:54:45 PM,8M5CL,D1D,1,8304692,AME421,17,263067,AME421_PM3,P_78_GABON_B10_R4,06/25/2026 5:22:05 AM,9,AME421,17,263067,AME421_PM3,P_78_GABON_B10_R4,06/25/2026 5:22:05 AM,9,,,,8PXMCVBG,FL78.31YJC_SNIP_DLP2295515-1_39752
D613624,28,A2DY9028SLA2,0,0,0,0,0.003659,0.040252,0.003659,0,0,0.406177,0,0,0,0.007319,0,0.007319,0,0,D6136240,PXMG,06/25/2026 12:07:56 PM,BPD454,8M5CL,8M5CL,06/25/2026 7:54:51 PM,8M5CL,D1D,2,8304631,AME421,10,263067,AME421_PM4,P_78_GABON_B10_R4,06/25/2026 5:05:21 AM,5,AME421,10,263067,AME421_PM4,P_78_GABON_B10_R4,06/25/2026 5:05:21 AM,5,,,,8PXMCVBG,FL78.31YJC_SNIP_DLP2295515-1_39752
D614268,320,KJCJH320WFF7,0,0,0,0,0.003659,0.010978,0.003659,0,0,0.150029,0,0,0,0.003659,0,0.010978,0,,D6142680,PXMG,06/25/2026 5:36:54 AM,BPD446,8M5CL,8M5CL,06/25/2026 8:17:10 AM,8M5CL,D1D,1,8342871,AME421,25,263067,AME421_PM3,P_78_GABON_B10_R4,06/24/2026 8:32:04 PM,13,AME421,25,263067,AME421_PM3,P_78_GABON_B10_R4,06/24/2026 8:32:04 PM,13,,,,8PXMCVBG,FL78.31YJC_SNIP_DLP2295515-1_41287
D614268,335,KJCJH335WFC1,0,0,0,0,0.003692,0.003692,0,0,0,0.32118,0,0.003692,0,0,0,0,0.003692,0,D6142680,PXMG,06/25/2026 5:36:54 AM,BPD446,8M5CL,8M5CL,06/25/2026 8:16:54 AM,8M5CL,D1D,2,8342816,AME421,18,263067,AME421_PM4,P_78_GABON_B10_R4,06/24/2026 8:17:44 PM,9,AME421,18,263067,AME421_PM4,P_78_GABON_B10_R4,06/24/2026 8:17:44 PM,9,,,,8PXMCVBG,FL78.31YJC_SNIP_DLP2295515-1_41287
D614268,338,KJCJH338WFA1,0.003659,0,0,0,0.003659,0.003659,0,0,0,0.179303,0,0,0,0.007319,0.003659,0.007319,0.003659,,D6142680,PXMG,06/25/2026 5:36:54 AM,BPD446,8M5CL,8M5CL,06/25/2026 8:16:51 AM,8M5CL,D1D,3,8342857,AME421,21,263067,AME421_PM3,P_78_GABON_B10_R4,06/24/2026 8:24:55 PM,11,AME421,21,263067,AME421_PM3,P_78_GABON_B10_R4,06/24/2026 8:24:55 PM,11,,,,8PXMCVBG,FL78.31YJC_SNIP_DLP2295515-1_41287
D614268,341,KJCJH341WFE3,0.003692,0,0,0,0.003692,0.011075,0.003692,0,0,0.177203,0,0,0,0.003692,0,0.007383,0,,D6142680,PXMG,06/25/2026 5:36:54 AM,BPD446,8M5CL,8M5CL,06/25/2026 8:17:04 AM,8M5CL,D1D,4,8342901,AME421,8,263067,AME421_PM4,P_78_GABON_B10_R4,06/24/2026 7:59:48 PM,4,AME421,8,263067,AME421_PM4,P_78_GABON_B10_R4,06/24/2026 7:59:48 PM,4,,,,8PXMCVBG,FL78.31YJC_SNIP_DLP2295515-1_41287
D614254,51,A2CJE051SLA5,0,0,0,0,0.007383,0.003692,0,0,0,0.140286,0,0,0,0.003692,0,0.02215,0,,D6142540,PXMG,06/23/2026 11:37:45 PM,BPD454,8M5CL,8M5CL,06/24/2026 8:33:42 AM,8M5CL,D1D,1,8356251,AME421,9,263067,AME421_PM3,P_78_GABON_B10_R4,06/23/2026 11:14:54 AM,5,AME421,9,263067,AME421_PM3,P_78_GABON_B10_R4,06/23/2026 11:14:54 AM,5,,,,8PXMCVBG,FL78.31YJC_SNIP_DLP2295515-1_41287
D614254,52,A2CJE052SLE7,0,0,0,0,0.003659,0,0,0,0,0.296399,0,0,0,0,0,0.007319,0,0,D6142540,PXMG,06/23/2026 11:37:45 PM,BPD454,8M5CL,8M5CL,06/24/2026 8:33:37 AM,8M5CL,D1D,2,8356158,AME421,6,263067,AME421_PM4,P_78_GABON_B10_R4,06/23/2026 11:07:46 AM,3,AME421,6,263067,AME421_PM4,P_78_GABON_B10_R4,06/23/2026 11:07:46 AM,3,,,,8PXMCVBG,FL78.31YJC_SNIP_DLP2295515-1_41287
D613621,75,A2CM6075SLA4,0.003692,0,0,0,0,0,0,0,0,0.263589,0,0,0,0.007383,0,0.005907,0.007383,0,D6136210,PXMG,06/25/2026 11:53:24 PM,BPD446,8M5CL,8M5CL,06/26/2026 8:00:49 AM,8M5CL,D1D,1,8304725,AME411,8,263067,AME411_PM4,P_78_GABON_B10_R4,06/25/2026 10:26:32 PM,4,AME411,8,263067,AME411_PM4,P_78_GABON_B10_R4,06/25/2026 10:26:32 PM,4,,,,8PXMCVBG,FL78.31YJC_SNIP_DLP2295515-1_39752
D613621,76,A2CJE076SLB3,0.003659,0,0,0,0,0.003659,0,0,0,0.214548,0,0,0,0.008667,0.003659,0.003659,0.003659,0,D6136210,PXMG,06/25/2026 11:53:24 PM,BPD446,8M5CL,8M5CL,06/26/2026 8:00:46 AM,8M5CL,D1D,2,8304668,AME411,11,263067,AME411_PM3,P_78_GABON_B10_R4,06/25/2026 10:35:52 PM,6,AME411,11,263067,AME411_PM3,P_78_GABON_B10_R4,06/25/2026 10:35:52 PM,6,,,,8PXMCVBG,FL78.31YJC_SNIP_DLP2295515-1_39752
D613616,5,KJCHY005WFG3,0,0,0,0,0.003692,0,0.003692,0,0,0.232579,0,0,0,0.014767,0,0,0,0,D6136160,PXMG,06/27/2026 11:09:33 PM,BPD454,8M5CL,8M5CL,06/28/2026 8:55:40 AM,8M5CL,D1D,1,8304413,AME423,25,263067,AME423_PM3,P_78_GABON_B10_R4,06/27/2026 10:11:50 PM,11,AME423,25,263067,AME423_PM3,P_78_GABON_B10_R4,06/27/2026 10:11:50 PM,11,,,,8PXMCVBG,FL78.31YJC_SNIP_DLP2295515-1_39752
D613616,27,KJCHY027WFB6,0,0,0,0,0.007383,0.003692,0,0,0,0.203045,0,0,0,0,0,0,0,0,D6136160,PXMG,06/27/2026 11:09:33 PM,BPD454,8M5CL,8M5CL,06/28/2026 8:55:34 AM,8M5CL,D1D,2,8304546,AME423,10,263067,AME423_PM4,P_78_GABON_B10_R4,06/27/2026 9:48:04 PM,5,AME423,10,263067,AME423_PM4,P_78_GABON_B10_R4,06/27/2026 9:48:04 PM,5,,,,8PXMCVBG,FL78.31YJC_SNIP_DLP2295515-1_39752
D613629,328,MCNFJ328WAD0,0,0,0,0,0.007319,0,0,0,0,0.135392,0,0,0,0.007319,0,0,0,,D6136290,PXMG,06/27/2026 10:18:21 PM,BPD454,8M5CL,8M5CL,06/28/2026 8:55:34 AM,8M5CL,D1D,1,8307009,AME411,20,263067,AME411_PM4,P_78_GABON_B10_R4,06/27/2026 7:37:44 AM,10,AME411,20,263067,AME411_PM4,P_78_GABON_B10_R4,06/27/2026 7:37:44 AM,10,,,,8PXMCVBG,FL78.31YJC_SNIP_DLP2295515-1_39752
D613629,354,MCNFJ354WAG7,0,0,0,0,0.003659,0.003659,0,0,0,0.095141,0,0,0,0.007319,0.003659,0.003659,0,,D6136290,PXMG,06/27/2026 10:18:21 PM,BPD454,8M5CL,8M5CL,06/28/2026 8:55:46 AM,8M5CL,D1D,2,8307014,AME411,19,263067,AME411_PM3,P_78_GABON_B10_R4,06/27/2026 7:37:44 AM,10,AME411,19,263067,AME411_PM3,P_78_GABON_B10_R4,06/27/2026 7:37:44 AM,10,,,,8PXMCVBG,FL78.31YJC_SNIP_DLP2295515-1_39752
D614211,903,HJ7SN903JKA5,0,0,0,0,0.010827,0.003609,0,0,0,0.227377,0,0,0,0.003609,0,0.003609,0.003609,,D6142110,PNCB,07/03/2026 11:26:29 AM,BPD446,8M5CL,8M5CL,07/05/2026 7:42:29 AM,8M5CL,D1D,1,8360508,AME409,8,263067,AME409_PM3,P_78_GABON_B10_R4,07/03/2026 10:15:10 AM,4,AME409,8,263067,AME409_PM3,P_78_GABON_B10_R4,07/03/2026 10:15:10 AM,4,,,,8PONCVBB,FL78.3FGTC_SNIP_DLP2295522-1_28862
D614211,904,HJ7SN904JKE7,0,0,0,0,0,0,0.003584,0,0,0.200679,0,0,0,0.003584,0,0.003584,0,,D6142110,PNCB,07/03/2026 11:26:29 AM,BPD446,8M5CL,8M5CL,07/05/2026 7:42:22 AM,8M5CL,D1D,2,8360421,AME409,11,263067,AME409_PM4,P_78_GABON_B10_R4,07/03/2026 10:19:21 AM,6,AME409,11,263067,AME409_PM4,P_78_GABON_B10_R4,07/03/2026 10:19:21 AM,6,,,,8PONCVBB,FL78.3FGTC_SNIP_DLP2295522-1_28862
D615274,30,KJ5DR030WFC0,0,0,0,0,0.006979,0.006979,0.013957,0,0,0.212847,0,0,0,0,0,0.006979,0.013957,,D6152740,PR8B,07/03/2026 5:49:50 PM,BPD458,8M5CL,8M5CL,07/05/2026 7:42:28 AM,8M5CL,D1D,1,8382635,AME423,13,263067,AME423_PM1,P_78_GABON_B10_R4,07/03/2026 4:48:27 PM,7,AME423,13,263067,AME423_PM1,P_78_GABON_B10_R4,07/03/2026 4:48:27 PM,7,,,,8PR8CVB,FL78.6H0QE_SNIP_DLP2344620-1_25501
D615274,115,KJ5DR115WFG0,0,0,0,0,0.016236,0.009742,0,0,0,0.175348,0,0,0,0,0,0,0,,D6152740,PR8B,07/03/2026 5:49:50 PM,BPD458,8M5CL,8M5CL,07/05/2026 7:42:21 AM,8M5CL,D1D,2,8382718,AME423,10,263067,AME423_PM2,P_78_GABON_B10_R4,07/03/2026 4:40:46 PM,5,AME423,10,263067,AME423_PM2,P_78_GABON_B10_R4,07/03/2026 4:40:46 PM,5,,,,8PR8CVB,FL78.6H0QE_SNIP_DLP2344620-1_25501
D614223,84,A2EGD084SLG4,0,0,0,0,0.003659,0.003659,0,0,0,0.208577,0,0,0,0.003659,0,0.014637,0,0,D6142230,PXMG,07/02/2026 8:13:19 PM,BPD436,8M5CL,8M5CL,07/03/2026 7:55:36 AM,8M5CL,D1D,1,8346899,AME421,4,263067,AME421_PM2,P_78_GABON_B10_R4,07/02/2026 5:32:41 PM,2,AME421,4,263067,AME421_PM2,P_78_GABON_B10_R4,07/02/2026 5:32:41 PM,2,,,,8PXMCVBG,FL78.31YJC_SNIP_DLP2295515-1_41287
D614223,85,A2EGD085SLD3,0,0,0,0,0.003692,0.003692,0,0,0,0.155052,0,0,0,0.003692,0,0.018459,0,,D6142230,PXMG,07/02/2026 8:13:19 PM,BPD436,8M5CL,8M5CL,07/03/2026 7:55:26 AM,8M5CL,D1D,2,8346929,AME421,23,263067,AME421_PM1,P_78_GABON_B10_R4,07/02/2026 6:06:22 PM,11,AME421,23,263067,AME421_PM1,P_78_GABON_B10_R4,07/02/2026 6:06:22 PM,11,,,,8PXMCVBG,FL78.31YJC_SNIP_DLP2295515-1_41287
D614257,585,KJ5MD585WFE1,0.007383,0,0,0,0.013475,0.003692,0.007383,0,0,0.248638,0,0,0.003692,0.011075,0.007383,0,0.003692,0,D6142570,PXMG,06/30/2026 4:16:19 AM,BPD446,8M5CL,8M5CL,06/30/2026 8:37:54 AM,8M5CL,D1D,1,8356429,AME427,20,263067,AME427_PM5,P_78_GABON_B10_R4,06/30/2026 2:34:13 AM,10,AME427,20,263067,AME427_PM5,P_78_GABON_B10_R4,06/30/2026 2:34:13 AM,10,,,,8PXMCVBG,FL78.31YJC_SNIP_DLP2295515-1_41287
D614257,588,KJ5MD588WFC1,0,0,0,0,0,0.003659,0,0,0,0.171703,0.003941,0,0,0,0,0.010978,0.003659,0,D6142570,PXMG,06/30/2026 4:16:19 AM,BPD446,8M5CL,8M5CL,06/30/2026 8:37:44 AM,8M5CL,D1D,2,8356428,AME427,15,263067,AME427_PM6,P_78_GABON_B10_R4,06/30/2026 2:22:55 AM,7,AME427,15,263067,AME427_PM6,P_78_GABON_B10_R4,06/30/2026 2:22:55 AM,7,,,,8PXMCVBG,FL78.31YJC_SNIP_DLP2295515-1_41287
D614257,613,KJ5MD613WFA1,0,0,0,0,0,0.003692,0,0,0,0.317488,0,0,0,0.007383,0,0.029534,0,0,D6142570,PXMG,06/30/2026 4:16:19 AM,BPD446,8M5CL,8M5CL,06/30/2026 8:37:57 AM,8M5CL,D1D,3,8356385,AME427,3,263067,AME427_PM5,P_78_GABON_B10_R4,06/30/2026 2:04:38 AM,2,AME427,3,263067,AME427_PM5,P_78_GABON_B10_R4,06/30/2026 2:04:38 AM,2,,,,8PXMCVBG,FL78.31YJC_SNIP_DLP2295515-1_41287
D614257,619,KJ5MD619WFD4,0,0,0,0,0,0.014767,0,0,0.003692,0.372864,0,0,0,0,0,0.003692,0,0,D6142570,PXMG,06/30/2026 4:16:19 AM,BPD446,8M5CL,8M5CL,06/30/2026 8:37:48 AM,8M5CL,D1D,4,8356412,AME427,12,263067,AME427_PM6,P_78_GABON_B10_R4,06/30/2026 2:19:16 AM,6,AME427,12,263067,AME427_PM6,P_78_GABON_B10_R4,06/30/2026 2:19:16 AM,6,,,,8PXMCVBG,FL78.31YJC_SNIP_DLP2295515-1_41287
D614166,245,MCLXU245WAC7,0,0,0,0,0,0.0037,0,0,0,0.270073,0,0,0,0.0037,0,0.011099,0,,D6141660,PR8B,07/01/2026 1:42:13 PM,BPD446,8M5CL,8M5CL,07/02/2026 7:54:45 AM,8M5CL,D1D,1,8339807,AME403,13,263067,AME403_PM5,P_78_GABON_B10_R4,07/01/2026 11:31:40 AM,7,AME403,13,263067,AME403_PM5,P_78_GABON_B10_R4,07/01/2026 11:31:40 AM,7,,,,8PR8CVB,FL78.6H0QE_SNIP_DLP2344620-1_20623
D614166,299,MCLXU299WAF4,0,0,0,0,0,0.003442,0,0,0,0.278833,0,0,0,0,0,0.006885,0,,D6141660,PR8B,07/01/2026 1:42:13 PM,BPD446,8M5CL,8M5CL,07/02/2026 7:54:56 AM,8M5CL,D1D,2,8339834,AME403,14,263067,AME403_PM6,P_78_GABON_B10_R4,07/01/2026 11:31:40 AM,7,AME403,14,263067,AME403_PM6,P_78_GABON_B10_R4,07/01/2026 11:31:40 AM,7,,,,8PR8CVB,FL78.6H0QE_SNIP_DLP2344620-1_20623
D613607,82,A2DMV082SLG1,0,0,0,0,0.007319,0.003659,0,0,0,0.153689,0,0,0,0,0,0.014637,0,,D6136070,PXMG,06/30/2026 3:19:13 AM,BPD436,8M5CL,8M5CL,06/30/2026 8:37:26 AM,8M5CL,D1D,1,8303659,AME403,20,263067,AME403_PM2,P_78_GABON_B10_R4,06/30/2026 12:16:41 AM,10,AME403,20,263067,AME403_PM2,P_78_GABON_B10_R4,06/30/2026 12:16:41 AM,10,,,,8PXMCVBG,FL78.31YJC_SNIP_DLP2295515-1_39752
D613607,83,A2DMV083SLD0,0,0,0,0,0.018459,0.011075,0,0,0,0.114444,0,0,0,0,0,0.007383,0,,D6136070,PXMG,06/30/2026 3:19:13 AM,BPD436,8M5CL,8M5CL,06/30/2026 8:37:32 AM,8M5CL,D1D,2,8303599,AME403,23,263067,AME403_PM1,P_78_GABON_B10_R4,06/30/2026 12:23:54 AM,12,AME403,23,263067,AME403_PM1,P_78_GABON_B10_R4,06/30/2026 12:23:54 AM,12,,,,8PXMCVBG,FL78.31YJC_SNIP_DLP2295515-1_39752
D613635,176,HJ6TM176JKB0,0,0,0,0,0,0.003659,0.003659,0,0,0.131733,0,0,0,0,0,0.003659,0.003659,,D6136350,PXMG,06/30/2026 12:37:46 PM,BPD436,8M5CL,8M5CL,07/01/2026 6:00:02 AM,8M5CL,D1D,1,8306753,AME421,8,263067,AME421_PM1,P_78_GABON_B10_R4,06/30/2026 9:22:38 AM,4,AME421,8,263067,AME421_PM1,P_78_GABON_B10_R4,06/30/2026 9:22:38 AM,4,,,,8PXMCVBG,FL78.31YJC_SNIP_DLP2295515-1_39752
D613635,177,HJ6TM177JKF2,0.007383,0,0,0,0,0,0,0,0,0.10706,0,0,0,0,0,0.011075,0,,D6136350,PXMG,06/30/2026 12:37:46 PM,BPD436,8M5CL,8M5CL,07/01/2026 6:00:08 AM,8M5CL,D1D,2,8306860,AME421,15,263067,AME421_PM2,P_78_GABON_B10_R4,06/30/2026 9:33:58 AM,8,AME421,15,263067,AME421_PM2,P_78_GABON_B10_R4,06/30/2026 9:33:58 AM,8,,,,8PXMCVBG,FL78.31YJC_SNIP_DLP2295515-1_39752
D613627,644,MCLPK644WAE2,0,0,0,0,0.003659,0,0,0,0,0.263466,0,0,0,0.003659,0,0.007319,0,,D6136270,PXMG,07/02/2026 6:06:25 PM,BPD446,8M5CL,8M5CL,07/03/2026 7:55:36 AM,8M5CL,D1D,1,8306722,AME421,8,263067,AME421_PM1,P_78_GABON_B10_R4,07/02/2026 4:53:07 PM,4,AME421,8,263067,AME421_PM1,P_78_GABON_B10_R4,07/02/2026 4:53:07 PM,4,,,,8PXMCVBG,FL78.31YJC_SNIP_DLP2295515-1_39752
D613627,654,MCLPK654WAB3,0,0,0,0,0,0.018296,0,0,0,0.267125,0,0,0,0.007319,0,0.029274,0,,D6136270,PXMG,07/02/2026 6:06:25 PM,BPD446,8M5CL,8M5CL,07/03/2026 7:55:32 AM,8M5CL,D1D,2,8306896,AME421,23,263067,AME421_PM2,P_78_GABON_B10_R4,07/02/2026 5:20:43 PM,11,AME421,23,263067,AME421_PM2,P_78_GABON_B10_R4,07/02/2026 5:20:43 PM,11,,,,8PXMCVBG,FL78.31YJC_SNIP_DLP2295515-1_39752
D615309,313,KJD2H313WFD0,0.021655,0,0,0,0,0,0.003609,0,0,0.230986,0,0,0,0.04331,0.003609,0.014437,0,,D6153090,PNCB,06/28/2026 4:56:55 AM,BPD446,8M5CL,8M5CL,06/28/2026 8:57:31 AM,8M5CL,D1D,1,8393107,AME421,13,263067,AME421_PM4,P_78_GABON_B10_R4,06/27/2026 9:30:41 AM,6,AME421,13,263067,AME421_PM4,P_78_GABON_B10_R4,06/27/2026 9:30:41 AM,6,,,,8PONCVBB,FL78.3FGTC_SNIP_DLP2295522-1_30824
D615309,322,KJD2H322WFD2,0,0,0,0,0.003584,0.003584,0.003584,0,0,0.200679,0,0,0,0.007167,0.003584,0.010751,0.003584,,D6153090,PNCB,06/28/2026 4:56:55 AM,BPD446,8M5CL,8M5CL,06/28/2026 8:57:23 AM,8M5CL,D1D,2,8393014,AME421,10,263067,AME421_PM3,P_78_GABON_B10_R4,06/27/2026 9:27:05 AM,5,AME421,10,263067,AME421_PM3,P_78_GABON_B10_R4,06/27/2026 9:27:05 AM,5,,,,8PONCVBB,FL78.3FGTC_SNIP_DLP2295522-1_30824
D615309,371,KJD2H371WFG6,0.007218,0,0,0,0.003609,0,0.003609,0,0,0.202113,0,0,0,0.007218,0,0.003609,0,,D6153090,PNCB,06/28/2026 4:56:55 AM,BPD446,8M5CL,8M5CL,06/28/2026 8:57:13 AM,8M5CL,D1D,3,8393041,AME421,11,263067,AME421_PM4,P_78_GABON_B10_R4,06/27/2026 9:27:05 AM,5,AME421,11,263067,AME421_PM4,P_78_GABON_B10_R4,06/27/2026 9:27:05 AM,5,,,,8PONCVBB,FL78.3FGTC_SNIP_DLP2295522-1_30824
D615309,389,KJD2H389WFB0,0,0,0,0,0.003609,0,0.003609,0,0,0.25625,0,0,0,0.010827,0,0,0,,D6153090,PNCB,06/28/2026 4:56:55 AM,BPD446,8M5CL,8M5CL,06/28/2026 8:55:53 AM,8M5CL,D1D,4,8393023,AME421,19,263067,AME421_PM4,P_78_GABON_B10_R4,06/27/2026 9:41:25 AM,9,AME421,19,263067,AME421_PM4,P_78_GABON_B10_R4,06/27/2026 9:41:25 AM,9,,,,8PONCVBB,FL78.3FGTC_SNIP_DLP2295522-1_30824
D614210,829,HJ7SN829JKG4,0.003609,0,0,0,0.003609,0,0,0,0,0.220159,0,0,0,0,0,0,0,,D6142100,PNCB,06/29/2026 4:18:37 AM,BPD446,8M5CL,8M5CL,06/29/2026 8:48:21 AM,8M5CL,D1D,1,8360537,AME421,17,263067,AME421_PM4,P_78_GABON_B10_R4,06/28/2026 9:38:02 PM,8,AME421,17,263067,AME421_PM4,P_78_GABON_B10_R4,06/28/2026 9:38:02 PM,8,,,,8PONCVBB,FL78.3FGTC_SNIP_DLP2295522-1_28862
D614210,832,HJ7SN832JKD3,0,0,0,0,0.003584,0,0,0,0,0.193512,0,0,0,0,0,0.017918,0,,D6142100,PNCB,06/29/2026 4:18:37 AM,BPD446,8M5CL,8M5CL,06/29/2026 8:48:16 AM,8M5CL,D1D,2,8360764,AME421,14,263067,AME421_PM3,P_78_GABON_B10_R4,06/28/2026 9:34:26 PM,7,AME421,14,263067,AME421_PM3,P_78_GABON_B10_R4,06/28/2026 9:34:26 PM,7,,,,8PONCVBB,FL78.3FGTC_SNIP_DLP2295522-1_28862
D613649,30,A2EWZ030SLB1,0,0,0,0,0.003584,0,0,0,0,0.247266,0,0,0,0,0,0.010751,0,,D6136490,PNCB,06/30/2026 11:38:32 PM,BPD446,8M5CL,8M5CL,07/01/2026 6:00:12 AM,8M5CL,D1D,1,8317504,AME427,24,263067,AME427_PM6,P_78_GABON_B10_R4,06/30/2026 8:49:04 PM,12,AME427,24,263067,AME427_PM6,P_78_GABON_B10_R4,06/30/2026 8:49:04 PM,12,,,,8PONCVBB,FL78.3FGTC_SNIP_DLP2295522-1_28542
D613649,62,A2EWZ062SLB0,0,0,0,0,0.003584,0.007167,0,0,0,0.272351,0,0,0,0.007167,0,0.010751,0,,D6136490,PNCB,06/30/2026 11:38:32 PM,BPD446,8M5CL,8M5CL,07/01/2026 6:00:14 AM,8M5CL,D1D,2,8317323,AME427,15,263067,AME427_PM5,P_78_GABON_B10_R4,06/30/2026 8:34:24 PM,8,AME427,15,263067,AME427_PM5,P_78_GABON_B10_R4,06/30/2026 8:34:24 PM,8,,,,8PONCVBB,FL78.3FGTC_SNIP_DLP2295522-1_28542
D615292,33,A27SQ033SLB6,0,0,0,0,0,0,0.007218,0,0,0.209331,0,0,0,0.003609,0,0,0.007218,,D6152920,PNCB,07/02/2026 8:14:01 AM,BPD446,8M5CL,8M5CL,07/03/2026 7:55:38 AM,8M5CL,D1D,1,8385463,AME421,13,263067,AME421_PM1,P_78_GABON_B10_R4,07/02/2026 4:50:05 AM,7,AME421,13,263067,AME421_PM1,P_78_GABON_B10_R4,07/02/2026 4:50:05 AM,7,,,,8PONCVBB,FL78.3FGTC_SNIP_DLP2295522-1_30824
D615292,49,A27SQ049SLC2,0,0,0,0,0.018046,0,0,0,0,0.245423,0,0,0,0,0,0.003609,0,,D6152920,PNCB,07/02/2026 8:14:01 AM,BPD446,8M5CL,8M5CL,07/03/2026 7:55:32 AM,8M5CL,D1D,2,8385512,AME421,2,263067,AME421_PM2,P_78_GABON_B10_R4,07/02/2026 4:28:18 AM,1,AME421,2,263067,AME421_PM2,P_78_GABON_B10_R4,07/02/2026 4:28:18 AM,1,,,,8PONCVBB,FL78.3FGTC_SNIP_DLP2295522-1_30824
D614248,15,A2CJE015SLH0,0.540653,0,0,0,0,0.028426,0,0,0.042639,0.287585,0,0,0,0.014213,0,0,0.042639,0,D6142480,PXMG,07/04/2026 5:21:30 PM,BPD436,8M5CL,8M5CL,07/05/2026 7:42:21 AM,8M5CL,D1D,1,8353068,AME427,5,263067,AME427_PM4,P_78_GABON_B10_R4,07/04/2026 3:33:08 PM,3,AME427,5,263067,AME427_PM4,P_78_GABON_B10_R4,07/04/2026 3:33:08 PM,3,,,,8PXMCVBG,FL78.31YJC_SNIP_DLP2295515-1_41287
D614248,16,A2CJE016SLD7,0.003659,0,0,0,0.007319,0.003659,0,0,0,0.168326,0,0,0,0.003659,0,0.007319,0.007319,,D6142480,PXMG,07/04/2026 5:21:30 PM,BPD436,8M5CL,8M5CL,07/05/2026 7:42:11 AM,8M5CL,D1D,2,8353079,AME427,10,263067,AME427_PM3,P_78_GABON_B10_R4,07/04/2026 3:44:16 PM,5,AME427,10,263067,AME427_PM3,P_78_GABON_B10_R4,07/04/2026 3:44:16 PM,5,,,,8PXMCVBG,FL78.31YJC_SNIP_DLP2295515-1_41287
D615336,2,A2BS5002SLB4,0,0,0,0,0.016101,0.016101,0,0,0,0.267857,0,0,0,0.003659,0,0.025615,0.003659,0,D6153360,PXMG,07/10/2026 7:57:10 PM,BPD454,8M5CL,8M5CL,07/12/2026 8:14:11 AM,8M5CL,D1D,1,8405642,AME427,25,263067,AME427_PM5,P_78_GABON_B10_R4,07/10/2026 8:14:52 AM,11,AME427,25,263067,AME427_PM5,P_78_GABON_B10_R4,07/10/2026 8:14:52 AM,11,,,,8PXMCVBG,FL78.31YJC_SNIP_DLP2295515-1_43121
D615336,56,A2BS5056SLE1,0,0,0,0,0,0.003659,0,0,0,0.131733,0,0,0,0.003659,0,0.014637,0,,D6153360,PXMG,07/10/2026 7:57:10 PM,BPD454,8M5CL,8M5CL,07/12/2026 8:14:04 AM,8M5CL,D1D,2,8405853,AME427,2,263067,AME427_PM6,P_78_GABON_B10_R4,07/10/2026 7:33:30 AM,1,AME427,2,263067,AME427_PM6,P_78_GABON_B10_R4,07/10/2026 7:33:30 AM,1,,,,8PXMCVBG,FL78.31YJC_SNIP_DLP2295515-1_43121
D615277,79,HJ7DC079JKB5,0,0,0,0,0.006494,0.003247,0.006494,0,0,0.237045,0,0,0,0.009742,0,0.012989,0,,D6152770,PR8B,07/10/2026 8:48:18 PM,BPD458,8M5CL,8M5CL,07/12/2026 8:14:10 AM,8M5CL,D1D,1,8382698,AME411,12,263067,AME411_PM1,P_78_GABON_B10_R4,07/10/2026 1:58:33 PM,3,AME411,12,263067,AME411_PM1,P_78_GABON_B10_R4,07/10/2026 1:58:33 PM,3,,,,8PR8CVB,FL78.6H0QE_SNIP_DLP2344620-1_25501
D615277,272,HJ7DC272JKH0,0,0,0,0,0.034893,0.003489,0.010468,0,0,0.237272,0,0,0,0.013957,0,0,0,,D6152770,PR8B,07/10/2026 8:48:18 PM,BPD458,8M5CL,8M5CL,07/12/2026 8:14:04 AM,8M5CL,D1D,2,8382761,AME411,23,263067,AME411_PM1,P_78_GABON_B10_R4,07/10/2026 2:09:29 PM,6,AME411,23,263067,AME411_PM1,P_78_GABON_B10_R4,07/10/2026 2:09:29 PM,6,,,,8PR8CVB,FL78.6H0QE_SNIP_DLP2344620-1_25501
D614242,7,MCMMJ007WAE1,0,0,0,0,0.025842,0,0.02215,0,0,0.232579,0,0,0,0.011075,0,0.018459,0,0,D6142420,PXMG,07/11/2026 1:51:35 AM,BPD446,8M5CL,8M5CL,07/12/2026 8:25:59 AM,8M5CL,D1D,1,8353001,AME427,9,263067,AME427_PM5,P_78_GABON_B10_R4,07/10/2026 11:23:51 PM,5,AME427,9,263067,AME427_PM5,P_78_GABON_B10_R4,07/10/2026 11:23:51 PM,5,,,,8PXMCVBG,FL78.31YJC_SNIP_DLP2295515-1_41287
D614242,10,MCMMJ010WAB0,0,0,0,0,0.003659,0.010978,0,0,0,0.168326,0,0,0,0.007319,0,0.003659,0,,D6142420,PXMG,07/11/2026 1:51:35 AM,BPD446,8M5CL,8M5CL,07/12/2026 8:26:09 AM,8M5CL,D1D,2,8353035,AME427,18,263067,AME427_PM6,P_78_GABON_B10_R4,07/10/2026 11:38:28 PM,9,AME427,18,263067,AME427_PM6,P_78_GABON_B10_R4,07/10/2026 11:38:28 PM,9,,,,8PXMCVBG,FL78.31YJC_SNIP_DLP2295515-1_41287
D614212,69,A2ET6069SLA7,0,0,0,0,0.003692,0.003692,0.003692,0,0,0.306413,0,0.003692,0,0.007383,0,0.02215,0,,D6142120,PXMG,07/11/2026 11:45:09 AM,BPD436,8M5CL,8M5CL,07/12/2026 8:26:06 AM,8M5CL,D1D,1,8344691,AME409,13,263067,AME409_PM6,P_78_GABON_B10_R4,07/11/2026 10:23:42 AM,6,AME409,13,263067,AME409_PM6,P_78_GABON_B10_R4,07/11/2026 10:23:42 AM,6,,,,8PXMCVBG,FL78.31YJC_SNIP_DLP2295515-1_41287
D614212,72,A2ET6072SLF1,0.003659,0,0,0,0,0.017564,0,0,0,0.275176,0,0,0,0,0,0.021956,0,0,D6142120,PXMG,07/11/2026 11:45:09 AM,BPD436,8M5CL,8M5CL,07/12/2026 8:26:03 AM,8M5CL,D1D,2,8344638,AME409,22,263067,AME409_PM5,P_78_GABON_B10_R4,07/11/2026 10:41:57 AM,11,AME409,22,263067,AME409_PM5,P_78_GABON_B10_R4,07/11/2026 10:41:57 AM,11,,,,8PXMCVBG,FL78.31YJC_SNIP_DLP2295515-1_41287
D615295,125,A2BCX125SLC2,0.007218,0,0,0,0.003609,0.00782,0,0,0,0.392797,0,0,0,0.003609,0,0,0,0,D6152950,PNCB,07/09/2026 7:11:20 PM,BPD436,8M5CL,8M5CL,07/12/2026 7:58:22 AM,8M5CL,D1D,1,8385775,AME425,12,263067,AME425_PM6,P_78_GABON_B10_R4,07/09/2026 2:01:43 PM,5,AME425,12,263067,AME425_PM6,P_78_GABON_B10_R4,07/09/2026 2:01:43 PM,5,,,,8PONCVBB,FL78.3FGTC_SNIP_DLP2295522-1_30824
D615295,153,A2BDS153SLB0,0.004042,0,0,0,0,0.019345,0,0,0.004042,0.545127,0,0,0,0.004042,0.004042,0.004042,0,0,D6152950,PNCB,07/09/2026 7:11:20 PM,BPD436,8M5CL,8M5CL,07/12/2026 7:56:24 AM,8M5CL,D1D,2,8385707,AME425,7,263067,AME425_PM6,P_78_GABON_B10_R4,07/09/2026 1:52:20 PM,3,AME425,7,263067,AME425_PM6,P_78_GABON_B10_R4,07/09/2026 1:52:20 PM,3,,,,8PONCVBB,FL78.3FGTC_SNIP_DLP2295522-1_30824
D615295,155,A2BDS155SLC1,0,0,0,0,0.003609,0,0,0,0,0.505282,0,0,0,0.003609,0,0.007218,0,0,D6152950,PNCB,07/09/2026 11:08:27 PM,BPD458,8M5CL,8M5CL,07/12/2026 8:15:55 AM,8M5CL,D1D,3,8385635,AME425,15,263067,AME425_PM5,P_78_GABON_B10_R4,07/09/2026 2:09:52 PM,7,AME425,15,263067,AME425_PM5,P_78_GABON_B10_R4,07/09/2026 2:09:52 PM,7,,,,8PONCVBB,FL78.3FGTC_SNIP_DLP2295522-1_30824
D615295,159,A2BDS159SLE3,0,0,0,0,0,0,0.007218,0,0,0.498064,0,0,0,0,0,0.007218,0,0,D6152950,PNCB,07/09/2026 11:08:27 PM,BPD458,8M5CL,8M5CL,07/12/2026 8:14:16 AM,8M5CL,D1D,4,8385733,AME425,13,263067,AME425_PM5,P_78_GABON_B10_R4,07/09/2026 2:05:24 PM,6,AME425,13,263067,AME425_PM5,P_78_GABON_B10_R4,07/09/2026 2:05:24 PM,6,,,,8PONCVBB,FL78.3FGTC_SNIP_DLP2295522-1_30824
D615295,162,A2BDS162SLB2,0.012309,0,0,0,0,0.004103,0,0,0,0.480665,0,0,0,0,0,0.008206,0,0,D6152950,PNCB,07/09/2026 11:08:27 PM,BPD458,8M5CL,8M5CL,07/12/2026 8:15:48 AM,8M5CL,D1D,5,8385652,AME425,6,263067,AME425_PM5,P_78_GABON_B10_R4,07/09/2026 1:52:20 PM,3,AME425,6,263067,AME425_PM5,P_78_GABON_B10_R4,07/09/2026 1:52:20 PM,3,,,,8PONCVBB,FL78.3FGTC_SNIP_DLP2295522-1_30824
D615327,107,KJNQT107WFA6,0,0,0,0,0.003692,0,0.011075,0,0,0.110752,0,0,0,0.011075,0,0.029534,0,,D6153270N,PXMG,07/09/2026 10:33:13 PM,BPD454,8M5CL,8M5CL,07/12/2026 7:58:25 AM,8M5CL,D1D,1,8922082,AME425,2,263067,AME425_PM4,P_78_GABON_B10_R4,07/09/2026 3:27:06 PM,2,AME425,2,263067,AME425_PM4,P_78_GABON_B10_R4,07/09/2026 3:27:06 PM,2,,,,8PXMCVBG,FL78.31YJC_SNIP_DLP2295515-1_43121
D615327,196,KJNQT196WFA1,0,0,0,0,0.007319,0,0.003659,0,0,0.325673,0,0,0,0,0.003659,0.003659,0,0,D6153270N,PXMG,07/09/2026 10:33:13 PM,BPD454,8M5CL,8M5CL,07/12/2026 7:58:27 AM,8M5CL,D1D,2,8922143,AME425,22,263067,AME425_PM4,P_78_GABON_B10_R4,07/09/2026 3:56:32 PM,10,AME425,22,263067,AME425_PM4,P_78_GABON_B10_R4,07/09/2026 3:56:32 PM,10,,,,8PXMCVBG,FL78.31YJC_SNIP_DLP2295515-1_43121
D615327,197,KJNQT197WFE3,0,0,0,0,0.003692,0,0.007383,0,0,0.162436,0,0,0,0.007383,0,0.018459,0,0,D6153270N,PXMG,07/09/2026 10:33:13 PM,BPD454,8M5CL,8M5CL,07/12/2026 7:51:19 AM,8M5CL,D1D,3,8922079,AME425,1,263067,AME425_PM4,P_78_GABON_B10_R4,07/09/2026 3:23:32 PM,1,AME425,1,263067,AME425_PM4,P_78_GABON_B10_R4,07/09/2026 3:23:32 PM,1,,,,8PXMCVBG,FL78.31YJC_SNIP_DLP2295515-1_43121
D615327,200,KJNQT200WFH0,0,0,0,0,0,0.003659,0,0,0,0.237851,0,0.003659,0,0,0,0.003659,0.003659,0,D6153270N,PXMG,07/09/2026 10:33:13 PM,BPD454,8M5CL,8M5CL,07/12/2026 7:51:17 AM,8M5CL,D1D,4,8922129,AME425,7,263067,AME425_PM4,P_78_GABON_B10_R4,07/09/2026 3:37:56 PM,5,AME425,7,263067,AME425_PM4,P_78_GABON_B10_R4,07/09/2026 3:37:56 PM,5,,,,8PXMCVBG,FL78.31YJC_SNIP_DLP2295515-1_43121
D615327,29,KJNQT029WFE3,0,0,0,0,0,0,0,0,0,0.140286,0,0,0,0,0,0.003692,0,,D6153270,PXMG,07/09/2026 7:29:12 PM,BPD454,8M5CL,8M5CL,07/12/2026 7:51:00 AM,8M5CL,D1D,1,8399761,AME421,8,263067,AME421_PM3,P_78_GABON_B10_R4,07/09/2026 2:02:51 PM,2,AME421,8,263067,AME421_PM3,P_78_GABON_B10_R4,07/09/2026 2:02:51 PM,2,,,,8PXMCVBG,FL78.31YJC_SNIP_DLP2295515-1_43121
D615327,55,KJNQT055WFA7,0,0,0,0,0,0.238116,0.005291,0,0,0.309613,0,0,0,0.005291,0.026334,0.005291,0.063498,0,D6153270,PXMG,07/09/2026 7:29:12 PM,BPD454,8M5CL,8M5CL,07/12/2026 7:58:21 AM,8M5CL,D1D,2,8399594,AME421,15,263067,AME421_PM4,P_78_GABON_B10_R4,07/09/2026 2:10:16 PM,4,AME421,15,263067,AME421_PM4,P_78_GABON_B10_R4,07/09/2026 2:10:16 PM,4,,,,8PXMCVBG,FL78.31YJC_SNIP_DLP2295515-1_43121
D614207,646,MCLPK646WAF3,0,0,0,0,0,0.003584,0,0.003584,0,0.193512,0,0,0,0.007167,0,0.017918,0,,D6142070,PNCB,07/10/2026 12:51:19 AM,BPD436,8M5CL,8M5CL,07/12/2026 8:14:39 AM,8M5CL,D1D,1,8360416,AME421,16,263067,AME421_PM2,P_78_GABON_B10_R4,07/09/2026 9:18:33 PM,7,AME421,16,263067,AME421_PM2,P_78_GABON_B10_R4,07/09/2026 9:18:33 PM,7,,,,8PONCVBB,FL78.3FGTC_SNIP_DLP2295522-1_28862
D614207,665,MCLPK665WAC6,0,0,0,0,0,0.003609,0.032482,0,0,0.191285,0.003609,0,0,0.072183,0,0.209331,0.003609,,D6142070,PNCB,07/10/2026 12:51:19 AM,BPD436,8M5CL,8M5CL,07/12/2026 8:14:31 AM,8M5CL,D1D,2,8360487,AME421,3,263067,AME421_PM1,P_78_GABON_B10_R4,07/09/2026 8:55:34 PM,2,AME421,3,263067,AME421_PM1,P_78_GABON_B10_R4,07/09/2026 8:55:34 PM,2,,,,8PONCVBB,FL78.3FGTC_SNIP_DLP2295522-1_28862
D614207,666,MCLPK666WAH0,0,0,0,0,0,0,0,0,0,0.107507,0,0,0,0,0.007167,0.003584,0,,D6142070,PNCB,07/10/2026 3:39:18 AM,BPD458,8M5CL,8M5CL,07/12/2026 8:15:45 AM,8M5CL,D1D,3,8360420,AME421,20,263067,AME421_PM2,P_78_GABON_B10_R4,07/09/2026 9:28:18 PM,9,AME421,20,263067,AME421_PM2,P_78_GABON_B10_R4,07/09/2026 9:28:18 PM,9,,,,8PONCVBB,FL78.3FGTC_SNIP_DLP2295522-1_28862
D614207,671,MCLPK671WAF0,0,0,0,0,0.010827,0.003609,0.007218,0,0,0.187676,0,0,0,0.003609,0,0,0.003609,,D6142070,PNCB,07/10/2026 3:39:18 AM,BPD458,8M5CL,8M5CL,07/12/2026 8:14:40 AM,8M5CL,D1D,4,8360342,AME421,21,263067,AME421_PM1,P_78_GABON_B10_R4,07/09/2026 9:31:57 PM,10,AME421,21,263067,AME421_PM1,P_78_GABON_B10_R4,07/09/2026 9:31:57 PM,10,,,,8PONCVBB,FL78.3FGTC_SNIP_DLP2295522-1_28862
D614207,672,MCLPK672WAB7,0.007167,0,0,0,0,0.007167,0.003584,0,0,0.215014,0,0,0,0.007167,0,0.014334,0,,D6142070,PNCB,07/10/2026 3:39:18 AM,BPD458,8M5CL,8M5CL,07/12/2026 8:14:22 AM,8M5CL,D1D,5,8360404,AME421,2,263067,AME421_PM2,P_78_GABON_B10_R4,07/09/2026 8:51:22 PM,1,AME421,2,263067,AME421_PM2,P_78_GABON_B10_R4,07/09/2026 8:51:22 PM,1,,,,8PONCVBB,FL78.3FGTC_SNIP_DLP2295522-1_28862
D614260,8,A2EC7008SLA1,0,0,0,0,0,0,0.003659,0,0,0.289081,0,0.003659,0,0.003659,0,0.014637,0,0,D6142600,PXMG,07/06/2026 8:00:50 PM,BPD436,8M5CL,8M5CL,07/07/2026 8:04:56 AM,8M5CL,D1D,1,8356779,AME427,17,263067,AME427_PM4,P_78_GABON_B10_R4,07/06/2026 5:52:45 PM,11,AME427,17,263067,AME427_PM4,P_78_GABON_B10_R4,07/06/2026 5:52:45 PM,11,,,,8PXMCVBG,FL78.31YJC_SNIP_DLP2295515-1_41287
D614260,9,A2EC7009SLE3,0.003692,0.007383,0,0,0,0.003692,0.003692,0,0,0.291646,0,0,0,0,0,0.003692,0.003692,0,D6142600,PXMG,07/06/2026 8:00:50 PM,BPD436,8M5CL,8M5CL,07/07/2026 8:04:47 AM,8M5CL,D1D,2,8356800,AME427,6,263067,AME427_PM3,P_78_GABON_B10_R4,07/06/2026 5:34:00 PM,1,AME427,6,263067,AME427_PM3,P_78_GABON_B10_R4,07/06/2026 5:34:00 PM,1,,,,8PXMCVBG,FL78.31YJC_SNIP_DLP2295515-1_41287
D613614,27,A2CJE027SLF2,0,0,0,0,0.007383,0.003692,0.011075,0,0,0.19197,0,0,0,0.003692,0,0.011075,0.007383,,D6136140,PXMG,07/07/2026 10:36:09 PM,BPD454,8M5CL,8M5CL,07/08/2026 6:02:02 AM,8M5CL,D1D,1,8304506,AME427,25,263067,AME427_PM3,P_78_GABON_B10_R4,07/07/2026 9:58:14 PM,12,AME427,25,263067,AME427_PM3,P_78_GABON_B10_R4,07/07/2026 9:58:14 PM,12,,,,8PXMCVBG,FL78.31YJC_SNIP_DLP2295515-1_39752
D613614,130,A2CJE130SLB2,0,0,0,0,0.003659,0,0,0,0.003659,0.296399,0,0,0,0.007319,0,0,0,0,D6136140,PXMG,07/07/2026 10:36:09 PM,BPD454,8M5CL,8M5CL,07/08/2026 6:02:08 AM,8M5CL,D1D,2,8304455,AME427,18,263067,AME427_PM4,P_78_GABON_B10_R4,07/07/2026 9:47:34 PM,9,AME427,18,263067,AME427_PM4,P_78_GABON_B10_R4,07/07/2026 9:47:34 PM,9,,,,8PXMCVBG,FL78.31YJC_SNIP_DLP2295515-1_39752
D614244,182,A2EJP182SLD2,0,0,0,0,0.003659,0.009514,0.004757,0,0,0.17601,0,0,0,0,0,0.003659,0,0,D6142440,PXMG,07/05/2026 10:26:06 PM,BPD454,8M5CL,8M5CL,07/06/2026 8:03:55 AM,8M5CL,D1D,1,8353017,AME421,1,263067,AME421_PM3,P_78_GABON_B10_R4,07/05/2026 9:07:11 PM,1,AME421,1,263067,AME421_PM3,P_78_GABON_B10_R4,07/05/2026 9:07:11 PM,1,,,,8PXMCVBG,FL78.31YJC_SNIP_DLP2295515-1_41287
D614244,227,A2DY9227SLB5,0,0,0,0,0,0,0.007383,0,0,0.261559,0,0,0,0.015321,0,0.011075,0,0,D6142440,PXMG,07/05/2026 10:26:06 PM,BPD454,8M5CL,8M5CL,07/06/2026 8:04:01 AM,8M5CL,D1D,2,8352984,AME421,18,263067,AME421_PM3,P_78_GABON_B10_R4,07/05/2026 9:34:40 PM,8,AME421,18,263067,AME421_PM3,P_78_GABON_B10_R4,07/05/2026 9:34:40 PM,8,,,,8PXMCVBG,FL78.31YJC_SNIP_DLP2295515-1_41287
D614244,228,A2DY9228SLF7,0.003659,0,0,0,0.003659,0,0.003659,0,0,0.109778,0,0,0,0,0,0.007319,0,,D6142440,PXMG,07/05/2026 10:26:06 PM,BPD454,8M5CL,8M5CL,07/06/2026 8:03:49 AM,8M5CL,D1D,3,8353116,AME421,6,263067,AME421_PM4,P_78_GABON_B10_R4,07/05/2026 9:15:02 PM,3,AME421,6,263067,AME421_PM4,P_78_GABON_B10_R4,07/05/2026 9:15:02 PM,3,,,,8PXMCVBG,FL78.31YJC_SNIP_DLP2295515-1_41287
D614244,232,A2DY9232SLH0,0,0,0,0,0.009514,0.003659,0,0,0,0.202722,0,0,0,0,0,0.003659,0,0,D6142440,PXMG,07/05/2026 10:26:06 PM,BPD454,8M5CL,8M5CL,07/06/2026 8:03:45 AM,8M5CL,D1D,4,8353030,AME421,16,263067,AME421_PM3,P_78_GABON_B10_R4,07/05/2026 9:31:04 PM,7,AME421,16,263067,AME421_PM3,P_78_GABON_B10_R4,07/05/2026 9:31:04 PM,7,,,,8PXMCVBG,FL78.31YJC_SNIP_DLP2295515-1_41287
D614244,237,A2ECU237SLE1,0,0,0,0,0,0,0,0,0,0.118135,0,0,0,0.011075,0,0,0,,D6142440,PXMG,07/05/2026 10:26:06 PM,BPD454,8M5CL,8M5CL,07/06/2026 8:04:13 AM,8M5CL,D1D,5,8353108,AME421,12,263067,AME421_PM3,P_78_GABON_B10_R4,07/05/2026 9:27:28 PM,6,AME421,12,263067,AME421_PM3,P_78_GABON_B10_R4,07/05/2026 9:27:28 PM,6,,,,8PXMCVBG,FL78.31YJC_SNIP_DLP2295515-1_41287
D614244,239,A2DY9239SLH2,0,0,0,0,0,0,0.003692,0,0,0.12921,0,0,0,0.003692,0,0.003692,0,,D6142440,PXMG,07/05/2026 10:26:06 PM,BPD454,8M5CL,8M5CL,07/06/2026 8:07:35 AM,8M5CL,D1D,6,8353148,AME421,8,263067,AME421_PM4,P_78_GABON_B10_R4,07/05/2026 9:19:09 PM,4,AME421,8,263067,AME421_PM4,P_78_GABON_B10_R4,07/05/2026 9:19:09 PM,4,,,,8PXMCVBG,FL78.31YJC_SNIP_DLP2295515-1_41287
D614208,337,KJCJH337WFD2,0.003609,0,0,0,0.003609,0,0.003609,0,0,0.158803,0,0,0,0.007218,0.003609,0.04331,0.036092,,D6142080,PNCB,07/05/2026 5:25:14 AM,BPD458,8M5CL,8M5CL,07/05/2026 7:42:11 AM,8M5CL,D1D,1,8358514,AME423,25,263067,AME423_PM1,P_78_GABON_B10_R4,07/05/2026 3:40:10 AM,13,AME423,25,263067,AME423_PM1,P_78_GABON_B10_R4,07/05/2026 3:40:10 AM,13,,,,8PONCVBB,FL78.3FGTC_SNIP_DLP2295522-1_28862
D614208,424,KJCJF424WFG4,0,0,0,0,0,0.003584,0,0,0,0.107507,0,0,0,0,0.003584,0.003584,0,,D6142080,PNCB,07/05/2026 5:25:14 AM,BPD458,8M5CL,8M5CL,07/05/2026 7:42:22 AM,8M5CL,D1D,2,8358476,AME423,14,263067,AME423_PM2,P_78_GABON_B10_R4,07/05/2026 3:18:31 AM,7,AME423,14,263067,AME423_PM2,P_78_GABON_B10_R4,07/05/2026 3:18:31 AM,7,,,,8PONCVBB,FL78.3FGTC_SNIP_DLP2295522-1_28862
D615294,76,A2AZS076SLG5,0,0,0,0,0.003584,0.003584,0,0,0,0.225764,0,0,0,0.003584,0,0.003584,0.007167,,D6152940,PNCB,07/05/2026 11:26:08 PM,BPD446,8M5CL,8M5CL,07/06/2026 8:07:45 AM,8M5CL,D1D,1,8385575,AME409,25,263067,AME409_PM5,P_78_GABON_B10_R4,07/05/2026 9:43:17 PM,13,AME409,25,263067,AME409_PM5,P_78_GABON_B10_R4,07/05/2026 9:43:17 PM,13,,,,8PONCVBB,FL78.3FGTC_SNIP_DLP2295522-1_30824
D615294,77,A2BDY077SLA5,0,0,0,0,0.028873,0,0.007218,0,0,0.21294,0,0,0,0,0,0.014437,0.003609,,D6152940,PNCB,07/05/2026 11:26:08 PM,BPD446,8M5CL,8M5CL,07/06/2026 8:07:35 AM,8M5CL,D1D,2,8385612,AME409,2,263067,AME409_PM6,P_78_GABON_B10_R4,07/05/2026 8:58:41 PM,1,AME409,2,263067,AME409_PM6,P_78_GABON_B10_R4,07/05/2026 8:58:41 PM,1,,,,8PONCVBB,FL78.3FGTC_SNIP_DLP2295522-1_30824
D614270,32,MCLKC032WAA5,0,0,0,0,0.018296,0,0.007319,0,0,0.113437,0,0,0,0.007319,0,0.003659,0,,D6142700,PXMG,07/07/2026 3:50:08 PM,BPD458,8M5CL,8M5CL,07/08/2026 6:03:04 AM,8M5CL,D1D,1,8344656,AME411,1,263067,AME411_PM4,P_78_GABON_B10_R4,07/07/2026 2:19:17 PM,1,AME411,1,263067,AME411_PM4,P_78_GABON_B10_R4,07/07/2026 2:19:17 PM,1,,,,8PXMCVBG,FL78.31YJC_SNIP_DLP2295515-1_41287
D614270,40,MCLKC040WAE0,0,0,0,0,0,0.003659,0,0,0,0.29274,0,0,0,0,0,0.003659,0,0,D6142700,PXMG,07/07/2026 3:50:08 PM,BPD458,8M5CL,8M5CL,07/08/2026 6:02:08 AM,8M5CL,D1D,2,8344831,AME411,14,263067,AME411_PM3,P_78_GABON_B10_R4,07/07/2026 2:47:29 PM,7,AME411,14,263067,AME411_PM3,P_78_GABON_B10_R4,07/07/2026 2:47:29 PM,7,,,,8PXMCVBG,FL78.31YJC_SNIP_DLP2295515-1_41287
D614209,204,MCMUC204WAD5,0.014334,0,0,0,0,0,0,0,0,0.218597,0,0,0,0,0,0.003584,0,,D6142090,PNCB,07/11/2026 10:18:29 PM,BPD436,8M5CL,8M5CL,07/12/2026 8:31:54 AM,8M5CL,D1D,1,8360412,AME427,12,263067,AME427_PM5,P_78_GABON_B10_R4,07/11/2026 6:29:33 PM,6,AME427,12,263067,AME427_PM5,P_78_GABON_B10_R4,07/11/2026 6:29:33 PM,6,,,,8PONCVBB,FL78.3FGTC_SNIP_DLP2295522-1_28862
D614209,205,MCMUC205WAA4,0,0,0,0,0,0.003609,0,0,0,0.418662,0,0,0,0,0,0.014437,0,0,D6142090,PNCB,07/11/2026 10:18:29 PM,BPD436,8M5CL,8M5CL,07/12/2026 8:31:53 AM,8M5CL,D1D,2,8360423,AME427,3,263067,AME427_PM5,P_78_GABON_B10_R4,07/11/2026 6:14:57 PM,2,AME427,3,263067,AME427_PM5,P_78_GABON_B10_R4,07/11/2026 6:14:57 PM,2,,,,8PONCVBB,FL78.3FGTC_SNIP_DLP2295522-1_28862
D615272,322,KJ67K322WFA4,0.006979,0,0,0,0,0.003489,0,0,0,0.212847,0,0,0,0,0,0.003489,0.003489,,D6152720,PR8B,07/11/2026 9:39:51 PM,BPD436,8M5CL,8M5CL,07/12/2026 8:26:21 AM,8M5CL,D1D,1,8382741,AME411,17,263067,AME411_PM1,P_78_GABON_B10_R4,07/11/2026 5:32:49 PM,17,AME411,17,263067,AME411_PM1,P_78_GABON_B10_R4,07/11/2026 5:32:49 PM,17,,,,8PR8CVB,FL78.6H0QE_SNIP_DLP2344620-1_25501
D615272,332,KJ67K332WFF0,0.003489,0,0,0,0.003489,0,0,0,0,0.191911,0,0,0,0.010468,0,0.003489,0,,D6152720,PR8B,07/11/2026 9:39:51 PM,BPD436,8M5CL,8M5CL,07/12/2026 8:26:11 AM,8M5CL,D1D,2,8382617,AME411,14,263067,AME411_PM1,P_78_GABON_B10_R4,07/11/2026 5:22:11 PM,14,AME411,14,263067,AME411_PM1,P_78_GABON_B10_R4,07/11/2026 5:22:11 PM,14,,,,8PR8CVB,FL78.6H0QE_SNIP_DLP2344620-1_25501
D615272,336,KJ67K336WFH2,0,0,0,0,0,0,0,0,0,0.219825,0,0,0,0.010468,0.003489,0,0,,D6152720,PR8B,07/11/2026 9:39:51 PM,BPD436,8M5CL,8M5CL,07/12/2026 8:26:35 AM,8M5CL,D1D,3,8382600,AME411,11,263067,AME411_PM1,P_78_GABON_B10_R4,07/11/2026 5:11:32 PM,11,AME411,11,263067,AME411_PM1,P_78_GABON_B10_R4,07/11/2026 5:11:32 PM,11,,,,8PR8CVB,FL78.6H0QE_SNIP_DLP2344620-1_25501
D615272,340,KJ67K340WFB0,0,0,0,0,0,0.003489,0.006979,0,0,0.202379,0,0,0,0,0,0.006979,0,,D6152720,PR8B,07/11/2026 9:39:51 PM,BPD436,8M5CL,8M5CL,07/12/2026 8:26:28 AM,8M5CL,D1D,4,8382610,AME411,7,263067,AME411_PM1,P_78_GABON_B10_R4,07/11/2026 4:57:21 PM,7,AME411,7,263067,AME411_PM1,P_78_GABON_B10_R4,07/11/2026 4:57:21 PM,7,,,,8PR8CVB,FL78.6H0QE_SNIP_DLP2344620-1_25501
D614229,550,KJD9Y550WFE3,0,0,0,0,0.010978,0.003659,0,0,0,0.175644,0,0,0,0.003659,0,0.007319,0,,D6142290,PXMG,07/11/2026 5:20:14 PM,BPD454,8M5CL,8M5CL,07/12/2026 8:26:10 AM,8M5CL,D1D,1,8346733,AME427,24,263067,AME427_PM3,P_78_GABON_B10_R4,07/11/2026 3:24:32 PM,12,AME427,24,263067,AME427_PM3,P_78_GABON_B10_R4,07/11/2026 3:24:32 PM,12,,,,8PXMCVBG,FL78.31YJC_SNIP_DLP2295515-1_41287
D614229,551,KJD9Y551WFB2,0.003692,0,0,0,0.011075,0.003692,0,0,0,0.247346,0,0,0,0.007383,0,0.040609,0,,D6142290,PXMG,07/11/2026 5:20:14 PM,BPD454,8M5CL,8M5CL,07/12/2026 8:26:03 AM,8M5CL,D1D,2,8346678,AME427,7,263067,AME427_PM3,P_78_GABON_B10_R4,07/11/2026 2:53:55 PM,4,AME427,7,263067,AME427_PM3,P_78_GABON_B10_R4,07/11/2026 2:53:55 PM,4,,,,8PXMCVBG,FL78.31YJC_SNIP_DLP2295515-1_41287
D613642,60,A2EPZ060SLB0,0,0,0,0,0.010978,0.007319,0,0,0,0.131733,0,0,0,0.018296,0,0.021956,0,,D6136420,PXMG,07/14/2026 1:42:42 PM,BPD436,8M5CL,8M5CL,07/14/2026 8:16:14 PM,8M5CL,D1D,1,8309509,AME421,13,263067,AME421_PM5,P_78_GABON_B10_R4,07/14/2026 9:56:36 AM,7,AME421,13,263067,AME421_PM5,P_78_GABON_B10_R4,07/14/2026 9:56:36 AM,7,,,,8PXMCVBG,FL78.31YJC_SNIP_DLP2295515-1_39752
D613642,65,A2EPZ065SLA1,0,0,0,0,0.003692,0,0.011075,0,0,0.151361,0,0,0,0.02215,0,0.02215,0,,D6136420,PXMG,07/14/2026 1:42:42 PM,BPD436,8M5CL,8M5CL,07/14/2026 8:15:19 PM,8M5CL,D1D,2,8309478,AME421,14,263067,AME421_PM6,P_78_GABON_B10_R4,07/14/2026 9:56:37 AM,6,AME421,14,263067,AME421_PM6,P_78_GABON_B10_R4,07/14/2026 9:56:37 AM,6,,,,8PXMCVBG,FL78.31YJC_SNIP_DLP2295515-1_39752
D613642,72,A2EPZ072SLG5,0,0,0,0,0.007319,0,0,0,0,0.142711,0,0,0,0.003659,0,0.021956,0,,D6136420,PXMG,07/14/2026 1:42:42 PM,BPD436,8M5CL,8M5CL,07/14/2026 8:16:10 PM,8M5CL,D1D,3,8309494,AME421,8,263067,AME421_PM6,P_78_GABON_B10_R4,07/14/2026 9:45:42 AM,3,AME421,8,263067,AME421_PM6,P_78_GABON_B10_R4,07/14/2026 9:45:42 AM,3,,,,8PXMCVBG,FL78.31YJC_SNIP_DLP2295515-1_39752
D613642,75,A2EPZ075SLE5,0,0,0,0,0,0.003692,0.003692,0,0,0.125519,0,0,0,0,0,0,0,,D6136420,PXMG,07/14/2026 1:42:42 PM,BPD436,8M5CL,8M5CL,07/14/2026 8:15:56 PM,8M5CL,D1D,4,8309431,AME421,18,263067,AME421_PM5,P_78_GABON_B10_R4,07/14/2026 10:04:11 AM,9,AME421,18,263067,AME421_PM5,P_78_GABON_B10_R4,07/14/2026 10:04:11 AM,9,,,,8PXMCVBG,FL78.31YJC_SNIP_DLP2295515-1_39752
D613642,80,A2DD8080SLD5,0,0,0,0,0,0.003659,0,0,0,0.182963,0,0,0,0,0,0.018296,0,,D6136420,PXMG,07/14/2026 1:42:42 PM,BPD436,8M5CL,8M5CL,07/14/2026 8:16:03 PM,8M5CL,D1D,5,8309466,AME421,19,263067,AME421_PM6,P_78_GABON_B10_R4,07/14/2026 10:04:11 AM,8,AME421,19,263067,AME421_PM6,P_78_GABON_B10_R4,07/14/2026 10:04:11 AM,8,,,,8PXMCVBG,FL78.31YJC_SNIP_DLP2295515-1_39752
D613642,81,A2DD8081SLA4,0,0,0,0,0,0.003692,0.003692,0,0,0.110752,0,0,0,0.02215,0.003692,0.007383,0,,D6136420,PXMG,07/14/2026 1:42:42 PM,BPD436,8M5CL,8M5CL,07/14/2026 8:15:51 PM,8M5CL,D1D,6,8309353,AME421,20,263067,AME421_PM5,P_78_GABON_B10_R4,07/14/2026 10:07:50 AM,10,AME421,20,263067,AME421_PM5,P_78_GABON_B10_R4,07/14/2026 10:07:50 AM,10,,,,8PXMCVBG,FL78.31YJC_SNIP_DLP2295515-1_39752
D613642,127,A2CM6127SLA3,0,0,0,0,0.018643,0,0.011075,0,0,0.172773,0,0,0,0.01126,0.007568,0.014951,0.003692,0,D6136420,PXMG,07/14/2026 1:42:42 PM,BPD436,8M5CL,8M5CL,07/14/2026 8:15:13 PM,8M5CL,D1D,7,8309485,AME421,25,263067,AME421_PM6,P_78_GABON_B10_R4,07/14/2026 10:16:27 AM,11,AME421,25,263067,AME421_PM6,P_78_GABON_B10_R4,07/14/2026 10:16:27 AM,11,,,,8PXMCVBG,FL78.31YJC_SNIP_DLP2295515-1_39752
D613632,26,HJ6TM026JKB4,0,0,0,0,0,0.00677,0.003659,0,0,0.260356,0,0,0,0.003659,0.010978,0.010978,0,0,D6136320,PXMG,07/16/2026 6:10:02 PM,BPD454,8M5CL,8M5CL,07/17/2026 8:12:05 AM,8M5CL,D1D,1,8306819,AME425,21,263067,AME425_PM5,P_78_GABON_B10_R4,07/16/2026 5:19:07 PM,11,AME425,21,263067,AME425_PM5,P_78_GABON_B10_R4,07/16/2026 5:19:07 PM,11,,,,8PXMCVBG,FL78.31YJC_SNIP_DLP2295515-1_39752
D613632,27,HJ6TM027JKF6,0.007383,0,0,0,0.003692,0,0,0,0,0.188278,0,0,0,0.014767,0,0.011075,0.003692,,D6136320,PXMG,07/16/2026 6:10:02 PM,BPD454,8M5CL,8M5CL,07/17/2026 8:12:08 AM,8M5CL,D1D,2,8306728,AME425,18,263067,AME425_PM6,P_78_GABON_B10_R4,07/16/2026 5:11:52 PM,9,AME425,18,263067,AME425_PM6,P_78_GABON_B10_R4,07/16/2026 5:11:52 PM,9,,,,8PXMCVBG,FL78.31YJC_SNIP_DLP2295515-1_39752
D614185,617,KJD9Y617WFA4,0,0,0,0,0,0,0,0,0,0.477185,0,0,0,0,0,0.00723,0,,D6141850,PR8B,07/15/2026 4:03:54 AM,BPD458,8M5CL,8M5CL,07/15/2026 8:15:45 AM,8M5CL,D1D,1,8342911,AME419,24,263067,AME419_PM3,P_78_GABON_B10_R4,07/15/2026 3:14:21 AM,12,AME419,24,263067,AME419_PM3,P_78_GABON_B10_R4,07/15/2026 3:14:21 AM,12,,,,8PR8CVB,FL78.6H0QE_SNIP_DLP2344620-1_20623
D614185,631,KJD9Y631WFG1,0,0,0,0,0,0.00594,0,0,0,0.356375,0,0,0,0,0,0,0,,D6141850,PR8B,07/15/2026 4:03:54 AM,BPD458,8M5CL,8M5CL,07/15/2026 8:15:33 AM,8M5CL,D1D,2,8342918,AME419,3,263067,AME419_PM4,P_78_GABON_B10_R4,07/15/2026 2:35:11 AM,2,AME419,3,263067,AME419_PM4,P_78_GABON_B10_R4,07/15/2026 2:35:11 AM,2,,,,8PR8CVB,FL78.6H0QE_SNIP_DLP2344620-1_20623
D614177,18,MCLXR018WAC6,0,0,0,0,0,0,0.008524,0,0,0.477372,0,0,0,0.017049,0,0.008524,0,,D6141770,PR8B,07/19/2026 11:24:57 AM,BPD446,8M5CL,8M5CL,07/20/2026 8:08:46 AM,8M5CL,D1D,1,8341810,AME417,12,263067,AME417_PM4,P_78_GABON_B10_R4,07/19/2026 10:28:09 AM,2,AME417,12,263067,AME417_PM4,P_78_GABON_B10_R4,07/19/2026 10:28:09 AM,2,,,,8PR8CVB,FL78.6H0QE_SNIP_DLP2344620-1_20623
D614177,32,MCLXR032WAB0,0,0,0,0,0.011487,0.011487,0.005743,0,0,0.298651,0,0.005743,0,0,0,0,0,,D6141770,PR8B,07/19/2026 11:24:57 AM,BPD446,8M5CL,8M5CL,07/20/2026 8:08:33 AM,8M5CL,D1D,2,8341808,AME417,3,263067,AME417_PM4,P_78_GABON_B10_R4,07/19/2026 10:24:29 AM,1,AME417,3,263067,AME417_PM4,P_78_GABON_B10_R4,07/19/2026 10:24:29 AM,1,,,,8PR8CVB,FL78.6H0QE_SNIP_DLP2344620-1_20623
D614177,33,MCLXR033WAF2,0,0,0,0,0,0.003247,0.003247,0,0,0.220809,0,0,0,0,0,0.009742,0,,D6141770AF,PR8B,07/19/2026 1:06:31 PM,BPD446,8M5CL,8M5CL,07/20/2026 8:08:35 AM,8M5CL,D1D,1,8979080,AME403,23,263067,AME403_PM3,P_78_GABON_B10_R4,07/19/2026 11:07:48 AM,10,AME403,23,263067,AME403_PM3,P_78_GABON_B10_R4,07/19/2026 11:07:48 AM,10,,,,8PR8CVB,FL78.6H0QE_SNIP_DLP2344620-1_20623
D614177,38,MCLXR038WAE3,0,0,0,0,0,0.003854,0,0,0,0.231256,0,0,0,0.003854,0,0,0,,D6141770AF,PR8B,07/19/2026 1:06:31 PM,BPD446,8M5CL,8M5CL,07/20/2026 8:09:00 AM,8M5CL,D1D,2,8979132,AME403,11,263067,AME403_PM3,P_78_GABON_B10_R4,07/19/2026 10:53:11 AM,6,AME403,11,263067,AME403_PM3,P_78_GABON_B10_R4,07/19/2026 10:53:11 AM,6,,,,8PR8CVB,FL78.6H0QE_SNIP_DLP2344620-1_20623
D614177,60,MCLXR060WAG0,0,0,0,0,0,0.006067,0,0,0,0.364027,0,0,0,0.006067,0.006067,0.006067,0,,D6141770AF,PR8B,07/19/2026 1:06:31 PM,BPD446,8M5CL,8M5CL,07/20/2026 8:08:45 AM,8M5CL,D1D,3,8979113,AME403,20,263067,AME403_PM3,P_78_GABON_B10_R4,07/19/2026 11:00:32 AM,8,AME403,20,263067,AME403_PM3,P_78_GABON_B10_R4,07/19/2026 11:00:32 AM,8,,,,8PR8CVB,FL78.6H0QE_SNIP_DLP2344620-1_20623
D614177,62,MCLXR062WAH1,0,0,0,0,0,0.00593,0,0,0,0.337982,0,0,0,0,0,0,0,,D6141770AF,PR8B,07/19/2026 1:06:31 PM,BPD446,8M5CL,8M5CL,07/20/2026 8:09:06 AM,8M5CL,D1D,4,8979112,AME403,18,263067,AME403_PM3,P_78_GABON_B10_R4,07/19/2026 10:56:42 AM,7,AME403,18,263067,AME403_PM3,P_78_GABON_B10_R4,07/19/2026 10:56:42 AM,7,,,,8PR8CVB,FL78.6H0QE_SNIP_DLP2344620-1_20623
D615291,8,MCLKC008WAF2,0,0,0,0,0,0,0.003584,0,0,0.186345,0,0,0,0,0,0.014334,0,,D6152910,PNCB,07/19/2026 8:00:29 PM,BPD436,8M5CL,8M5CL,07/20/2026 8:18:53 AM,8M5CL,D1D,1,8385607,AME419,24,263067,AME419_PM4,P_78_GABON_B10_R4,07/19/2026 7:00:21 PM,12,AME419,24,263067,AME419_PM4,P_78_GABON_B10_R4,07/19/2026 7:00:21 PM,12,,,,8PONCVBB,FL78.3FGTC_SNIP_DLP2295522-1_30824
D615291,9,MCLKC009WAC1,0,0,0,0,0.003609,0,0,0,0,0.230986,0,0,0,0.003609,0,0.014437,0,,D6152910,PNCB,07/19/2026 8:00:29 PM,BPD436,8M5CL,8M5CL,07/20/2026 8:18:26 AM,8M5CL,D1D,2,8385591,AME419,23,263067,AME419_PM3,P_78_GABON_B10_R4,07/19/2026 7:00:21 PM,12,AME419,23,263067,AME419_PM3,P_78_GABON_B10_R4,07/19/2026 7:00:21 PM,12,,,,8PONCVBB,FL78.3FGTC_SNIP_DLP2295522-1_30824
D615291,35,MCLKC035WAG0,0,0,0,0,0.036092,0.003609,0.003609,0,0,0.220159,0,0,0,0,0,0,0,,D6152910,PNCB,07/19/2026 8:00:29 PM,BPD436,8M5CL,8M5CL,07/20/2026 8:19:15 AM,8M5CL,D1D,3,8385664,AME419,2,263067,AME419_PM4,P_78_GABON_B10_R4,07/19/2026 6:21:08 PM,1,AME419,2,263067,AME419_PM4,P_78_GABON_B10_R4,07/19/2026 6:21:08 PM,1,,,,8PONCVBB,FL78.3FGTC_SNIP_DLP2295522-1_30824
D615291,75,MCLKC075WAB7,0,0,0,0,0.007218,0,0,0,0,0.21294,0,0,0,0.014437,0,0.010827,0,,D6152910,PNCB,07/19/2026 8:00:29 PM,BPD436,8M5CL,8M5CL,07/20/2026 8:18:14 AM,8M5CL,D1D,4,8385717,AME419,10,263067,AME419_PM4,P_78_GABON_B10_R4,07/19/2026 6:35:24 PM,5,AME419,10,263067,AME419_PM4,P_78_GABON_B10_R4,07/19/2026 6:35:24 PM,5,,,,8PONCVBB,FL78.3FGTC_SNIP_DLP2295522-1_30824
D615291,118,MCLKC118WAB4,0,0,0,0,0.010751,0.003584,0.010751,0,0,0.193512,0,0,0,0,0,0.010751,0,,D6152910,PNCB,07/19/2026 8:00:29 PM,BPD436,8M5CL,8M5CL,07/20/2026 8:19:00 AM,8M5CL,D1D,5,8385728,AME419,4,263067,AME419_PM4,P_78_GABON_B10_R4,07/19/2026 6:24:42 PM,2,AME419,4,263067,AME419_PM4,P_78_GABON_B10_R4,07/19/2026 6:24:42 PM,2,,,,8PONCVBB,FL78.3FGTC_SNIP_DLP2295522-1_30824
D615291,128,MCLKC128WAG0,0,0,0,0,0,0,0.007167,0,0,0.182762,0,0,0,0.007167,0.003584,0.017918,0.007167,,D6152910,PNCB,07/19/2026 8:00:29 PM,BPD436,8M5CL,8M5CL,07/20/2026 8:18:04 AM,8M5CL,D1D,6,8385586,AME419,1,263067,AME419_PM3,P_78_GABON_B10_R4,07/19/2026 6:21:08 PM,1,AME419,1,263067,AME419_PM3,P_78_GABON_B10_R4,07/19/2026 6:21:08 PM,1,,,,8PONCVBB,FL78.3FGTC_SNIP_DLP2295522-1_30824
D616528,53,A2EW7053SLC3,0,0,0,0,0.003692,0,0,0,0,0.347022,0,0,0,0.011075,0.003692,0.007383,0,0,D6165280,PXMG,07/11/2026 12:33:04 AM,BPD446,8M5CL,8M5CL,07/12/2026 8:26:05 AM,8M5CL,D1D,1,8441184,AME411,5,263067,AME411_PM1,P_78_GABON_B10_R4,07/10/2026 10:40:42 PM,3,AME411,5,263067,AME411_PM1,P_78_GABON_B10_R4,07/10/2026 10:40:42 PM,3,,,,8PXMCVBG,FL78.31YJC_SNIP_DLP2295515-1_44265
D616528,75,A2EW7075SLF1,0,0,0,0,0,0.007383,0.003692,0,0,0.243654,0.003692,0,0,0.025842,0,0.02215,0.003692,,D6165280,PXMG,07/11/2026 12:33:04 AM,BPD446,8M5CL,8M5CL,07/12/2026 8:25:59 AM,8M5CL,D1D,2,8441166,AME411,14,263067,AME411_PM1,P_78_GABON_B10_R4,07/10/2026 10:55:18 PM,7,AME411,14,263067,AME411_PM1,P_78_GABON_B10_R4,07/10/2026 10:55:18 PM,7,,,,8PXMCVBG,FL78.31YJC_SNIP_DLP2295515-1_44265
D615339,6,MCPPA006WAD6,0,0,0,0,0.010978,0.003659,0.010978,0,0,0.124415,0,0,0,0.007319,0,0.007319,0,,D6153390,PXMG,07/10/2026 9:23:31 PM,BPD436,8M5CL,8M5CL,07/12/2026 8:14:10 AM,8M5CL,D1D,1,8405788,AME427,20,263067,AME427_PM4,P_78_GABON_B10_R4,07/10/2026 3:40:38 PM,10,AME427,20,263067,AME427_PM4,P_78_GABON_B10_R4,07/10/2026 3:40:38 PM,10,,,,8PXMCVBG,FL78.31YJC_SNIP_DLP2295515-1_43121
D615339,9,MCPPA009WAB6,0,0,0,0,0,0.003692,0.011075,0,0.003692,0.110752,0,0,0,0.003692,0,0.014767,0,,D6153390,PXMG,07/10/2026 9:23:31 PM,BPD436,8M5CL,8M5CL,07/12/2026 8:14:08 AM,8M5CL,D1D,2,8405836,AME427,3,263067,AME427_PM3,P_78_GABON_B10_R4,07/10/2026 3:10:22 PM,2,AME427,3,263067,AME427_PM3,P_78_GABON_B10_R4,07/10/2026 3:10:22 PM,2,,,,8PXMCVBG,FL78.31YJC_SNIP_DLP2295515-1_43121
D615340,802,HJ4EP802JKC0,0.085432,0,0,0,0,0.01165,0.003883,0.003883,0,0.222692,0,0,0,0.015533,0,0.01165,0.003883,0,D6153400,PXMG,07/09/2026 5:48:10 PM,BPD454,8M5CL,8M5CL,07/12/2026 7:44:39 AM,8M5CL,D1D,1,8405731,AME427,25,263067,AME427_PM6,P_78_GABON_B10_R4,07/09/2026 3:58:48 PM,12,AME427,25,263067,AME427_PM6,P_78_GABON_B10_R4,07/09/2026 3:58:48 PM,12,,,,8PXMCVBG,FL78.31YJC_SNIP_DLP2295515-1_43121
D615340,803,HJ4EP803JKG2,0.014767,0,0,0,0.003692,0,0.007383,0,0,0.174434,0,0,0,0.032303,0,0.011075,0,0,D6153400,PXMG,07/09/2026 5:48:10 PM,BPD454,8M5CL,8M5CL,07/12/2026 7:43:15 AM,8M5CL,D1D,2,8405829,AME427,6,263067,AME427_PM6,P_78_GABON_B10_R4,07/09/2026 3:23:31 PM,3,AME427,6,263067,AME427_PM6,P_78_GABON_B10_R4,07/09/2026 3:23:31 PM,3,,,,8PXMCVBG,FL78.31YJC_SNIP_DLP2295515-1_43121
D615340,804,HJ4EP804JKD1,0.003659,0,0,0,0.007319,0,0.007319,0,0,0.231265,0,0,0,0.007319,0,0.03952,0,0,D6153400,PXMG,07/09/2026 8:21:16 PM,BPD454,8M5CL,8M5CL,07/12/2026 7:56:13 AM,8M5CL,D1D,3,8405742,AME427,4,263067,AME427_PM6,P_78_GABON_B10_R4,07/09/2026 3:19:53 PM,2,AME427,4,263067,AME427_PM6,P_78_GABON_B10_R4,07/09/2026 3:19:53 PM,2,,,,8PXMCVBG,FL78.31YJC_SNIP_DLP2295515-1_43121
D615340,805,HJ4EP805JKA0,0.003692,0,0,0,0.007383,0.049469,0,0,0,0.189755,0,0,0,0.01329,0.003692,0.035441,0,0,D6153400,PXMG,07/09/2026 8:21:16 PM,BPD454,8M5CL,8M5CL,07/12/2026 7:58:25 AM,8M5CL,D1D,4,8405675,AME427,16,263067,AME427_PM6,P_78_GABON_B10_R4,07/09/2026 3:41:57 PM,8,AME427,16,263067,AME427_PM6,P_78_GABON_B10_R4,07/09/2026 3:41:57 PM,8,,,,8PXMCVBG,FL78.31YJC_SNIP_DLP2295515-1_43121
D615356,331,KJNQR331WFB0,0,0,0,0,0.011075,0,0.003692,0,0,0.180895,0,0,0,0.007383,0.011075,0.029534,0,,D6153560Q,PXMG,07/10/2026 12:16:12 AM,BPD454,8M5CL,8M5CL,07/12/2026 8:14:13 AM,8M5CL,D1D,1,8922726,AME403,1,263067,AME403_PM3,P_78_GABON_B10_R4,07/09/2026 8:33:34 PM,1,AME403,1,263067,AME403_PM3,P_78_GABON_B10_R4,07/09/2026 8:33:34 PM,1,,,,8PXMCVBG,FL78.31YJC_SNIP_DLP2295515-1_43489
D615356,351,KJNQR351WFC5,0,0,0,0,0.011075,0.007383,0,0,0,0.162436,0,0,0,0,0.003692,0.007383,0,,D6153560Q,PXMG,07/10/2026 12:16:12 AM,BPD454,8M5CL,8M5CL,07/12/2026 8:14:31 AM,8M5CL,D1D,2,8922769,AME403,23,263067,AME403_PM3,P_78_GABON_B10_R4,07/09/2026 9:15:39 PM,12,AME403,23,263067,AME403_PM3,P_78_GABON_B10_R4,07/09/2026 9:15:39 PM,12,,,,8PXMCVBG,FL78.31YJC_SNIP_DLP2295515-1_43489
D615356,390,KJNQR390WFB5,0,0,0,0,0.007319,0,0,0,0,0.128074,0,0,0,0.003659,0,0.007319,0,,D6153560Q,PXMG,07/10/2026 12:16:12 AM,BPD454,8M5CL,8M5CL,07/12/2026 8:14:17 AM,8M5CL,D1D,3,8922765,AME403,15,263067,AME403_PM3,P_78_GABON_B10_R4,07/09/2026 9:04:34 PM,9,AME403,15,263067,AME403_PM3,P_78_GABON_B10_R4,07/09/2026 9:04:34 PM,9,,,,8PXMCVBG,FL78.31YJC_SNIP_DLP2295515-1_43489
D615356,391,KJNQR391WFF7,0,0,0,0,0.003692,0.003692,0,0,0,0.12921,0,0,0,0,0,0.025842,0,,D6153560Q,PXMG,07/10/2026 12:16:12 AM,BPD454,8M5CL,8M5CL,07/12/2026 8:14:22 AM,8M5CL,D1D,4,8922757,AME403,3,263067,AME403_PM3,P_78_GABON_B10_R4,07/09/2026 8:40:41 PM,3,AME403,3,263067,AME403_PM3,P_78_GABON_B10_R4,07/09/2026 8:40:41 PM,3,,,,8PXMCVBG,FL78.31YJC_SNIP_DLP2295515-1_43489
D616490,1,MCNFM001WAE7,0,0,0,0,0,0,0,0,0,0.162436,0.003692,0,0,0.003692,0,0.018459,0.011075,,D6164900,PXMG,07/06/2026 6:31:08 AM,BPD436,8M5CL,8M5CL,07/06/2026 8:07:57 AM,8M5CL,D1D,1,8422559,AME403,25,263067,AME403_PM3,P_78_GABON_B10_R4,07/06/2026 5:11:26 AM,25,AME403,25,263067,AME403_PM3,P_78_GABON_B10_R4,07/06/2026 5:11:26 AM,25,,,,8PXMCVBG,FL78.31YJC_SNIP_DLP2295515-1_44265
D616490,3,MCNFM003WAG0,0,0,0,0,0,0.003692,0,0,0,0.103368,0,0,0,0.003692,0,0.011075,0,,D6164900,PXMG,07/06/2026 6:31:08 AM,BPD436,8M5CL,8M5CL,07/06/2026 8:03:53 AM,8M5CL,D1D,2,8422772,AME403,18,263067,AME403_PM3,P_78_GABON_B10_R4,07/06/2026 4:46:33 AM,18,AME403,18,263067,AME403_PM3,P_78_GABON_B10_R4,07/06/2026 4:46:33 AM,18,,,,8PXMCVBG,FL78.31YJC_SNIP_DLP2295515-1_44265
D616490,36,MCPMT036WAA5,0,0,0,0,0,0,0,0,0,0.135392,0,0,0,0,0,0.003659,0.014637,,D6164900,PXMG,07/06/2026 6:31:08 AM,BPD436,8M5CL,8M5CL,07/06/2026 8:07:41 AM,8M5CL,D1D,3,8422737,AME403,4,263067,AME403_PM3,P_78_GABON_B10_R4,07/06/2026 3:57:21 AM,4,AME403,4,263067,AME403_PM3,P_78_GABON_B10_R4,07/06/2026 3:57:21 AM,4,,,,8PXMCVBG,FL78.31YJC_SNIP_DLP2295515-1_44265
D616490,114,MCPMT114WAE3,0.005166,0,0,0,0,0,0,0,0,0.199752,0,0,0,0.007319,0.003659,0,0,0,D6164900,PXMG,07/06/2026 6:31:08 AM,BPD436,8M5CL,8M5CL,07/06/2026 8:07:47 AM,8M5CL,D1D,4,8422594,AME403,21,263067,AME403_PM3,P_78_GABON_B10_R4,07/06/2026 4:57:06 AM,21,AME403,21,263067,AME403_PM3,P_78_GABON_B10_R4,07/06/2026 4:57:06 AM,21,,,,8PXMCVBG,FL78.31YJC_SNIP_DLP2295515-1_44265
D615356,325,KJNQR325WFG1,0,0,0,0,0,0,0.003692,0,0,0.173511,0,0,0,0.003692,0,0.011075,0.02215,,D6153560,PXMG,07/09/2026 8:55:07 PM,BPD454,8M5CL,8M5CL,07/12/2026 7:58:25 AM,8M5CL,D1D,1,8399796,AME421,17,263067,AME421_PM6,P_78_GABON_B10_R4,07/09/2026 2:15:56 PM,4,AME421,17,263067,AME421_PM6,P_78_GABON_B10_R4,07/09/2026 2:15:56 PM,4,,,,8PXMCVBG,FL78.31YJC_SNIP_DLP2295515-1_43489
D615356,327,KJNPW327WFG1,0,0,0,0,0.02215,0,0.003692,0,0,0.158744,0,0,0,0,0.003692,0,0,,D6153560,PXMG,07/09/2026 8:55:07 PM,BPD454,8M5CL,8M5CL,07/12/2026 7:51:01 AM,8M5CL,D1D,2,8399869,AME421,22,263067,AME421_PM5,P_78_GABON_B10_R4,07/09/2026 2:23:52 PM,6,AME421,22,263067,AME421_PM5,P_78_GABON_B10_R4,07/09/2026 2:23:52 PM,6,,,,8PXMCVBG,FL78.31YJC_SNIP_DLP2295515-1_43489
D616498,29,A2CM6029SLC3,0,0,0,0,0,0.011075,0.003692,0,0.003692,0.32118,0,0,0,0,0.003692,0.003692,0.003692,0,D6164980,PXMG,07/07/2026 5:10:54 PM,BPD446,8M5CL,8M5CL,07/08/2026 6:03:13 AM,8M5CL,D1D,1,8429391,AME411,21,263067,AME411_PM3,P_78_GABON_B10_R4,07/07/2026 4:25:04 PM,10,AME411,21,263067,AME411_PM3,P_78_GABON_B10_R4,07/07/2026 4:25:04 PM,10,,,,8PXMCVBG,FL78.31YJC_SNIP_DLP2295515-1_44265
D616498,112,A2DY9112SLG2,0,0,0,0,0.003941,0,0,0,0,0.329896,0,0,0,0,0.003941,0.027585,0.007881,0,D6164980,PXMG,07/07/2026 5:10:54 PM,BPD446,8M5CL,8M5CL,07/08/2026 6:03:20 AM,8M5CL,D1D,2,8429475,AME411,14,263067,AME411_PM3,P_78_GABON_B10_R4,07/07/2026 4:13:01 PM,7,AME411,14,263067,AME411_PM3,P_78_GABON_B10_R4,07/07/2026 4:13:01 PM,7,,,,8PXMCVBG,FL78.31YJC_SNIP_DLP2295515-1_44265
D615338,620,5DXPF620MVC6,0,0,0,0,0.014637,0.003659,0,0,0,0.329333,0,0,0,0,0.003659,0.007319,0.003659,0,D6153380,PXMG,07/09/2026 12:39:31 PM,BPD446,8M5CL,8M5CL,07/12/2026 7:44:45 AM,8M5CL,D1D,1,8405752,AME427,9,263067,AME427_PM2,P_78_GABON_B10_R4,07/09/2026 8:19:53 AM,7,AME427,9,263067,AME427_PM2,P_78_GABON_B10_R4,07/09/2026 8:19:53 AM,7,,,,8PXMCVBG,FL78.31YJC_SNIP_DLP2295515-1_43121
D615338,621,5DXPF621MVH0,0.003692,0,0,0,0.018459,0.003692,0.025842,0,0,0.166128,0,0,0,0.003692,0.003692,0,0,,D6153380,PXMG,07/09/2026 12:39:31 PM,BPD446,8M5CL,8M5CL,07/12/2026 7:44:40 AM,8M5CL,D1D,2,8405933,AME427,2,263067,AME427_PM2,P_78_GABON_B10_R4,07/09/2026 8:02:16 AM,2,AME427,2,263067,AME427_PM2,P_78_GABON_B10_R4,07/09/2026 8:02:16 AM,2,,,,8PXMCVBG,FL78.31YJC_SNIP_DLP2295515-1_43121
D615450,171,5DXPQ171MVB1,0,0,0,0,0,0.009598,0,0,0,0.22298,0,0,0,0,0.007383,0.007383,0,0,D6154500,PXMG,07/07/2026 5:16:02 PM,BPD436,8M5CL,8M5CL,07/08/2026 6:03:20 AM,8M5CL,D1D,1,8415892,AME425,9,263067,AME425_PM5,P_78_GABON_B10_R4,07/07/2026 3:53:07 PM,2,AME425,9,263067,AME425_PM5,P_78_GABON_B10_R4,07/07/2026 3:53:07 PM,2,,,,8PXMCVBG,FL78.31YJC_SNIP_DLP2295515-1_44265
D615450,184,5DXPQ184MVD5,0,0,0,0,0.003659,0.003659,0,0,0,0.150029,0,0,0,0,0,0.029274,0,,D6154500,PXMG,07/07/2026 5:16:02 PM,BPD436,8M5CL,8M5CL,07/08/2026 6:02:36 AM,8M5CL,D1D,2,8415877,AME425,2,263067,AME425_PM6,P_78_GABON_B10_R4,07/07/2026 3:29:35 PM,2,AME425,2,263067,AME425_PM6,P_78_GABON_B10_R4,07/07/2026 3:29:35 PM,2,,,,8PXMCVBG,FL78.31YJC_SNIP_DLP2295515-1_44265
D615450,185,5DXPQ185MVA4,0,0,0,0,0,0.007383,0,0,0,0.206737,0,0,0,0.003692,0,0.018459,0,0,D6154500,PXMG,07/07/2026 5:16:02 PM,BPD436,8M5CL,8M5CL,07/08/2026 6:03:27 AM,8M5CL,D1D,3,8415896,AME425,21,263067,AME425_PM5,P_78_GABON_B10_R4,07/07/2026 4:16:30 PM,8,AME425,21,263067,AME425_PM5,P_78_GABON_B10_R4,07/07/2026 4:16:30 PM,8,,,,8PXMCVBG,FL78.31YJC_SNIP_DLP2295515-1_44265
D615450,194,5DXPQ194MVA6,0,0,0,0,0.010978,0.003659,0.007319,0,0,0.215896,0,0,0,0,0.003659,0.018296,0,0,D6154500,PXMG,07/07/2026 5:16:02 PM,BPD436,8M5CL,8M5CL,07/08/2026 6:03:33 AM,8M5CL,D1D,4,8415950,AME425,1,263067,AME425_PM6,P_78_GABON_B10_R4,07/07/2026 3:26:00 PM,1,AME425,1,263067,AME425_PM6,P_78_GABON_B10_R4,07/07/2026 3:26:00 PM,1,,,,8PXMCVBG,FL78.31YJC_SNIP_DLP2295515-1_44265
D615349,28,KJD2F028WFB1,0,0,0,0,0.003659,0.007319,0,0,0,0.106118,0,0,0,0.018296,0.007319,0,0,,D6153490,PXMG,07/06/2026 7:16:46 PM,BPD458,8M5CL,8M5CL,07/07/2026 8:04:48 AM,8M5CL,D1D,1,8408600,AME427,16,263067,AME427_PM3,P_78_GABON_B10_R4,07/06/2026 4:56:45 PM,13,AME427,16,263067,AME427_PM3,P_78_GABON_B10_R4,07/06/2026 4:56:45 PM,13,,,,8PXMCVBG,FL78.31YJC_SNIP_DLP2295515-1_43121
D615349,74,KJD2F074WFG5,0,0,0,0,0,0,0.003659,0,0,0.175095,0,0,0,0.003659,0,0.033482,0,0,D6153490,PXMG,07/06/2026 7:16:46 PM,BPD458,8M5CL,8M5CL,07/07/2026 8:04:53 AM,8M5CL,D1D,2,8408666,AME427,15,263067,AME427_PM3,P_78_GABON_B10_R4,07/06/2026 4:53:11 PM,12,AME427,15,263067,AME427_PM3,P_78_GABON_B10_R4,07/06/2026 4:53:11 PM,12,,,,8PXMCVBG,FL78.31YJC_SNIP_DLP2295515-1_43121
D616501,84,A2CM6084SLA6,0.01665,0,0,0,0,0.003659,0,0,0,0.285056,0,0,0,0,0,0.01665,0.003659,0,D6165010,PXMG,07/08/2026 10:03:57 AM,BPD436,8M5CL,8M5CL,07/12/2026 7:44:39 AM,8M5CL,D1D,1,8431270,AME421,8,263067,AME421_PM6,P_78_GABON_B10_R4,07/08/2026 7:43:23 AM,7,AME421,8,263067,AME421_PM6,P_78_GABON_B10_R4,07/08/2026 7:43:23 AM,7,,,,8PXMCVBG,FL78.31YJC_SNIP_DLP2295515-1_44265
D616501,88,A2CM6088SLD0,0.011822,0,0,0,0,0.007881,0.003941,0,0,0.153407,0,0,0,0.023644,0,0.007881,0,0,D6165010,PXMG,07/08/2026 10:03:57 AM,BPD436,8M5CL,8M5CL,07/12/2026 7:43:21 AM,8M5CL,D1D,2,8431311,AME421,7,263067,AME421_PM6,P_78_GABON_B10_R4,07/08/2026 7:39:23 AM,6,AME421,7,263067,AME421_PM6,P_78_GABON_B10_R4,07/08/2026 7:39:23 AM,6,,,,8PXMCVBG,FL78.31YJC_SNIP_DLP2295515-1_44265
D617585,358,KJEYL358WFA3,0,0,0,0,0.003584,0,0,0,0,0.265184,0,0,0,0,0.003584,0.003584,0,,D6175850,PNCB,07/17/2026 2:49:07 PM,BPD446,8M5CL,8M5CL,07/19/2026 7:35:35 AM,8M5CL,D1D,1,8470619,AME409,12,263067,AME409_PM2,P_78_GABON_B10_R4,07/17/2026 1:04:56 PM,6,AME409,12,263067,AME409_PM2,P_78_GABON_B10_R4,07/17/2026 1:04:56 PM,6,,,,8PONCVBB,FL78.3FGTC_SNIP_DLP2295522-1_32875
D617585,395,KJEYL395WFF5,0,0,0,0,0,0,0.007218,0,0,0.205722,0,0,0,0.003609,0,0.039701,0,,D6175850,PNCB,07/17/2026 2:49:07 PM,BPD446,8M5CL,8M5CL,07/19/2026 7:35:27 AM,8M5CL,D1D,2,8470632,AME409,15,263067,AME409_PM1,P_78_GABON_B10_R4,07/17/2026 1:12:14 PM,8,AME409,15,263067,AME409_PM1,P_78_GABON_B10_R4,07/17/2026 1:12:14 PM,8,,,,8PONCVBB,FL78.3FGTC_SNIP_DLP2295522-1_32875
D618169,855,HM8CM855JKB4,0,0,0,0,0,0,0,0,0,0.277905,0,0,0,0.007218,0,0,0,,D6181690,PNCB,07/17/2026 5:19:23 AM,BPD446,8M5CL,8M5CL,07/17/2026 8:17:37 AM,8M5CL,D1D,1,8512581,AME427,8,263067,AME427_PM1,P_78_GABON_B10_R4,07/16/2026 4:47:49 PM,8,AME427,8,263067,AME427_PM1,P_78_GABON_B10_R4,07/16/2026 4:47:49 PM,8,,,,8PONCVBB,FL78.3FGTC_SNIP_DLP2295522-1_26042407494677
D618169,856,HM8CM856JKF6,0,0,0,0,0.003584,0,0,0,0,0.207847,0,0,0,0,0,0.021501,0,,D6181690,PNCB,07/17/2026 5:19:23 AM,BPD446,8M5CL,8M5CL,07/17/2026 8:18:18 AM,8M5CL,D1D,2,8512579,AME427,23,263067,AME427_PM1,P_78_GABON_B10_R4,07/16/2026 5:45:44 PM,23,AME427,23,263067,AME427_PM1,P_78_GABON_B10_R4,07/16/2026 5:45:44 PM,23,,,,8PONCVBB,FL78.3FGTC_SNIP_DLP2295522-1_26042407494677
D618169,859,HM8CM859JKD6,0,0,0,0,0,0,0,0,0,0.238204,0,0,0,0.007218,0,0.003609,0,,D6181690,PNCB,07/17/2026 5:19:23 AM,BPD446,8M5CL,8M5CL,07/17/2026 8:14:53 AM,8M5CL,D1D,3,8512640,AME427,21,263067,AME427_PM1,P_78_GABON_B10_R4,07/16/2026 5:38:35 PM,21,AME427,21,263067,AME427_PM1,P_78_GABON_B10_R4,07/16/2026 5:38:35 PM,21,,,,8PONCVBB,FL78.3FGTC_SNIP_DLP2295522-1_26042407494677
D618169,860,HM8CM860JKG7,0,0,0,0,0,0.003584,0,0,0,0.222181,0,0,0,0,0,0,0,,D6181690,PNCB,07/17/2026 5:19:23 AM,BPD446,8M5CL,8M5CL,07/17/2026 8:18:08 AM,8M5CL,D1D,4,8512663,AME427,12,263067,AME427_PM1,P_78_GABON_B10_R4,07/16/2026 5:02:10 PM,12,AME427,12,263067,AME427_PM1,P_78_GABON_B10_R4,07/16/2026 5:02:10 PM,12,,,,8PONCVBB,FL78.3FGTC_SNIP_DLP2295522-1_26042407494677
D616531,8,KJE6F008WFG0,0,0,0,0,0.010978,0,0.003659,0,0,0.325673,0,0,0,0.018296,0,0.007319,0,0,D6165310,PXMG,07/17/2026 7:13:34 PM,BPD446,8M5CL,8M5CL,07/19/2026 7:31:24 AM,8M5CL,D1D,1,8441933,AME427,24,263067,AME427_PM6,P_78_GABON_B10_R4,07/17/2026 5:58:56 PM,12,AME427,24,263067,AME427_PM6,P_78_GABON_B10_R4,07/17/2026 5:58:56 PM,12,,,,8PXMCVBG,FL78.31YJC_SNIP_DLP2295515-1_44265
D616531,15,KJE6E015WFE6,0,0,0,0,0,0,0.003692,0,0,0.291646,0,0,0,0.018459,0,0.036917,0,0,D6165310,PXMG,07/17/2026 7:13:34 PM,BPD446,8M5CL,8M5CL,07/19/2026 7:31:21 AM,8M5CL,D1D,2,8441955,AME427,19,263067,AME427_PM5,P_78_GABON_B10_R4,07/17/2026 5:51:39 PM,10,AME427,19,263067,AME427_PM5,P_78_GABON_B10_R4,07/17/2026 5:51:39 PM,10,,,,8PXMCVBG,FL78.31YJC_SNIP_DLP2295515-1_44265
D616527,8,A2FG2008SLE6,0,0,0,0,0.007319,0,0.014637,0,0,0.325673,0,0,0,0,0.003659,0.003659,0,0,D6165270,PXMG,07/17/2026 1:35:09 PM,BPD446,8M5CL,8M5CL,07/19/2026 7:31:30 AM,8M5CL,D1D,1,8441188,AME409,20,263067,AME409_PM2,P_78_GABON_B10_R4,07/17/2026 12:16:13 PM,10,AME409,20,263067,AME409_PM2,P_78_GABON_B10_R4,07/17/2026 12:16:13 PM,10,,,,8PXMCVBG,FL78.31YJC_SNIP_DLP2295515-1_44265
D616527,9,A2FG2009SLB5,0,0,0,0,0,0.007383,0,0,0,0.180895,0,0,0,0.003692,0,0.044301,0,,D6165270,PXMG,07/17/2026 1:35:09 PM,BPD446,8M5CL,8M5CL,07/19/2026 7:31:27 AM,8M5CL,D1D,2,8441143,AME409,15,263067,AME409_PM1,P_78_GABON_B10_R4,07/17/2026 12:07:36 PM,8,AME409,15,263067,AME409_PM1,P_78_GABON_B10_R4,07/17/2026 12:07:36 PM,8,,,,8PXMCVBG,FL78.31YJC_SNIP_DLP2295515-1_44265
D617588,11,KJEYH011WFF3,0,0,0,0,0,0,0,0,0,0.245423,0,0,0,0,0,0.010827,0,,D6175880,PNCB,07/14/2026 10:33:46 PM,BPD446,8M5CL,8M5CL,07/15/2026 8:54:22 AM,8M5CL,D1D,1,8471013,AME427,25,263067,AME427_PM5,P_78_GABON_B10_R4,07/14/2026 9:07:19 PM,13,AME427,25,263067,AME427_PM5,P_78_GABON_B10_R4,07/14/2026 9:07:19 PM,13,,,,8PONCVBB,FL78.3FGTC_SNIP_DLP2295522-1_32875
D617588,19,KJEYH019WFC4,0,0,0,0,0.003609,0,0,0,0,0.216549,0,0.003609,0,0,0,0.003609,0,,D6175880,PNCB,07/14/2026 10:33:46 PM,BPD446,8M5CL,8M5CL,07/15/2026 8:54:13 AM,8M5CL,D1D,2,8471015,AME427,14,263067,AME427_PM6,P_78_GABON_B10_R4,07/14/2026 8:45:14 PM,7,AME427,14,263067,AME427_PM6,P_78_GABON_B10_R4,07/14/2026 8:45:14 PM,7,,,,8PONCVBB,FL78.3FGTC_SNIP_DLP2295522-1_32875
D616532,647,MCPPB647WAG3,0,0,0,0,0,0,0.003692,0,0,0.121827,0,0,0,0.003692,0,0.018459,0,,D6165320,PXMG,07/16/2026 6:09:53 AM,BPD454,8M5CL,8M5CL,07/16/2026 8:14:54 AM,8M5CL,D1D,1,8441473,AME427,5,263067,AME427_PM5,P_78_GABON_B10_R4,07/15/2026 10:56:14 PM,3,AME427,5,263067,AME427_PM5,P_78_GABON_B10_R4,07/15/2026 10:56:14 PM,3,,,,8PXMCVBG,FL78.31YJC_SNIP_DLP2295515-1_44265
D616532,648,MCPPB648WAD2,0,0,0,0,0.003659,0,0,0,0,0.117096,0,0,0,0.003659,0,0.003659,0,,D6165320,PXMG,07/16/2026 6:09:53 AM,BPD454,8M5CL,8M5CL,07/16/2026 8:14:58 AM,8M5CL,D1D,2,8441480,AME427,10,263067,AME427_PM6,P_78_GABON_B10_R4,07/15/2026 11:03:34 PM,5,AME427,10,263067,AME427_PM6,P_78_GABON_B10_R4,07/15/2026 11:03:34 PM,5,,,,8PXMCVBG,FL78.31YJC_SNIP_DLP2295515-1_44265
D616529,58,A2EPZ058SLB0,0,0,0,0,0.003659,0.003659,0.003659,0,0,0.135392,0.003659,0.003659,0,0.003659,0,0.014637,0,,D6165290,PXMG,07/15/2026 5:18:06 PM,BPD436,8M5CL,8M5CL,07/16/2026 8:14:52 AM,8M5CL,D1D,1,8441601,AME409,24,263067,AME409_PM1,P_78_GABON_B10_R4,07/15/2026 4:00:31 PM,12,AME409,24,263067,AME409_PM1,P_78_GABON_B10_R4,07/15/2026 4:00:31 PM,12,,,,8PXMCVBG,FL78.31YJC_SNIP_DLP2295515-1_44265
D616529,61,A2EPZ061SLF2,0,0,0,0,0,0.003692,0.003692,0,0,0.151361,0,0,0,0.011075,0.003692,0.014767,0,,D6165290,PXMG,07/15/2026 5:18:06 PM,BPD436,8M5CL,8M5CL,07/16/2026 8:14:46 AM,8M5CL,D1D,2,8441707,AME409,3,263067,AME409_PM1,P_78_GABON_B10_R4,07/15/2026 3:20:38 PM,2,AME409,3,263067,AME409_PM1,P_78_GABON_B10_R4,07/15/2026 3:20:38 PM,2,,,,8PXMCVBG,FL78.31YJC_SNIP_DLP2295515-1_44265
D616458,94,A2DD8094SLD0,0,0,0,0,0,0,0.003491,0,0,0.282796,0,0,0,0.003491,0,0,0,,D6164580,PR8B,07/13/2026 3:20:33 AM,BPD436,8M5CL,8M5CL,07/13/2026 7:34:56 AM,8M5CL,D1D,1,8422689,AME409,25,263067,AME409_PM1,P_78_GABON_B10_R4,07/12/2026 10:48:17 PM,7,AME409,25,263067,AME409_PM1,P_78_GABON_B10_R4,07/12/2026 10:48:17 PM,7,,,,8PR8CVB,FL78.6H0QE_SNIP_DLP2344620-1_26179
D616458,104,A2CR1104SLG4,0,0,0.003489,0,0,0,0.006979,0,0,0.233783,0,0,0,0.003489,0,0,0,,D6164580,PR8B,07/13/2026 3:20:33 AM,BPD436,8M5CL,8M5CL,07/13/2026 7:34:41 AM,8M5CL,D1D,2,8422722,AME409,22,263067,AME409_PM2,P_78_GABON_B10_R4,07/12/2026 10:44:33 PM,6,AME409,22,263067,AME409_PM2,P_78_GABON_B10_R4,07/12/2026 10:44:33 PM,6,,,,8PR8CVB,FL78.6H0QE_SNIP_DLP2344620-1_26179
D616458,109,A2CR1109SLF5,0,0,0,0,0.003742,0.003742,0,0,0,0.28811,0,0,0,0,0.007483,0,0,,D6164580N,PR8B,07/13/2026 4:30:49 AM,BPD436,8M5CL,8M5CL,07/13/2026 7:35:00 AM,8M5CL,D1D,1,8939656,AME409,10,263067,AME409_PM3,P_78_GABON_B10_R4,07/13/2026 3:02:11 AM,5,AME409,10,263067,AME409_PM3,P_78_GABON_B10_R4,07/13/2026 3:02:11 AM,5,,,,8PR8CVB,FL78.6H0QE_SNIP_DLP2344620-1_26179
D616458,112,A2CR1112SLC4,0,0,0,0,0.003489,0.003489,0,0,0,0.212847,0,0,0,0,0.003489,0,0,,D6164580N,PR8B,07/13/2026 4:30:49 AM,BPD436,8M5CL,8M5CL,07/13/2026 7:34:53 AM,8M5CL,D1D,2,8939649,AME409,8,263067,AME409_PM3,P_78_GABON_B10_R4,07/13/2026 2:55:09 AM,3,AME409,8,263067,AME409_PM3,P_78_GABON_B10_R4,07/13/2026 2:55:09 AM,3,,,,8PR8CVB,FL78.6H0QE_SNIP_DLP2344620-1_26179
D616458,117,A2CR1117SLB5,0.006494,0,0,0,0,0.003247,0.006494,0,0,0.191584,0,0,0,0.006494,0,0.003247,0.006494,,D6164580N,PR8B,07/13/2026 4:30:49 AM,BPD436,8M5CL,8M5CL,07/13/2026 7:35:06 AM,8M5CL,D1D,3,8939600,AME409,9,263067,AME409_PM3,P_78_GABON_B10_R4,07/13/2026 2:58:40 AM,4,AME409,9,263067,AME409_PM3,P_78_GABON_B10_R4,07/13/2026 2:58:40 AM,4,,,,8PR8CVB,FL78.6H0QE_SNIP_DLP2344620-1_26179
D616458,125,A2CR1125SLF0,0,0,0,0,0,0.003249,0,0,0,0.243669,0,0,0,0.003249,0.003249,0.006498,0,,D6164580N,PR8B,07/13/2026 4:30:49 AM,BPD436,8M5CL,8M5CL,07/13/2026 7:35:18 AM,8M5CL,D1D,4,8939659,AME409,17,263067,AME409_PM3,P_78_GABON_B10_R4,07/13/2026 3:09:12 AM,7,AME409,17,263067,AME409_PM3,P_78_GABON_B10_R4,07/13/2026 3:09:12 AM,7,,,,8PR8CVB,FL78.6H0QE_SNIP_DLP2344620-1_26179
D615341,733,HJ4EP733JKF7,0,0,0,0,0.007383,0.003692,0,0,0,0.143977,0,0,0,0.003692,0,0.003692,0,,D6153410,PXMG,07/12/2026 5:01:51 AM,BPD436,8M5CL,8M5CL,07/12/2026 8:31:58 AM,8M5CL,D1D,1,8405809,AME427,20,263067,AME427_PM6,P_78_GABON_B10_R4,07/12/2026 3:46:29 AM,10,AME427,20,263067,AME427_PM6,P_78_GABON_B10_R4,07/12/2026 3:46:29 AM,10,,,,8PXMCVBG,FL78.31YJC_SNIP_DLP2295515-1_43121
D615341,734,HJ4EP734JKC6,0,0,0,0,0.003659,0.014637,0.003659,0,0,0.354947,0,0,0,0.025615,0.018296,0.010978,0,0,D6153410,PXMG,07/12/2026 5:01:51 AM,BPD436,8M5CL,8M5CL,07/12/2026 8:31:42 AM,8M5CL,D1D,2,8405780,AME427,15,263067,AME427_PM5,P_78_GABON_B10_R4,07/12/2026 3:39:12 AM,8,AME427,15,263067,AME427_PM5,P_78_GABON_B10_R4,07/12/2026 3:39:12 AM,8,,,,8PXMCVBG,FL78.31YJC_SNIP_DLP2295515-1_43121
D615452,42,A2CM6042SLD6,0.011527,0,0,0,0.007867,0.007319,0.003659,0,0,0.258709,0,0,0,0.007319,0.003659,0.007319,0.003659,0,D6154520,PXMG,07/12/2026 3:20:05 PM,BPD454,8M5CL,8M5CL,07/13/2026 7:35:04 AM,8M5CL,D1D,1,8418078,AME403,9,263067,AME403_PM6,P_78_GABON_B10_R4,07/12/2026 1:56:06 PM,2,AME403,9,263067,AME403_PM6,P_78_GABON_B10_R4,07/12/2026 1:56:06 PM,2,,,,8PXMCVBG,FL78.31YJC_SNIP_DLP2295515-1_44265
D615452,50,A2CM6050SLH1,0,0,0,0,0.024334,0.003659,0.009697,0,0,0.285605,0,0,0,0,0.009697,0.003659,0,0,D6154520,PXMG,07/12/2026 3:20:05 PM,BPD454,8M5CL,8M5CL,07/13/2026 7:34:54 AM,8M5CL,D1D,2,8418108,AME403,6,263067,AME403_PM6,P_78_GABON_B10_R4,07/12/2026 1:52:07 PM,1,AME403,6,263067,AME403_PM6,P_78_GABON_B10_R4,07/12/2026 1:52:07 PM,1,,,,8PXMCVBG,FL78.31YJC_SNIP_DLP2295515-1_44265
D615452,53,A2DMV053SLE2,0.003692,0,0.005538,0,0,0,0.003692,0,0,0.241808,0,0,0,0.003692,0,0.003692,0,0,D6154520V,PXMG,07/12/2026 5:59:36 PM,BPD458,8M5CL,8M5CL,07/13/2026 7:35:04 AM,8M5CL,D1D,1,8937586,AME425,5,263067,AME425_PM4,P_78_GABON_B10_R4,07/12/2026 3:24:19 PM,4,AME425,5,263067,AME425_PM4,P_78_GABON_B10_R4,07/12/2026 3:24:19 PM,4,,,,8PXMCVBG,FL78.31YJC_SNIP_DLP2295515-1_44265
D615452,78,A2DD8078SLD5,0,0,0,0,0.003659,0.003659,0,0,0,0.186622,0,0,0,0,0,0.003659,0,,D6154520V,PXMG,07/12/2026 5:59:36 PM,BPD458,8M5CL,8M5CL,07/13/2026 7:34:53 AM,8M5CL,D1D,2,8937539,AME425,1,263067,AME425_PM4,P_78_GABON_B10_R4,07/12/2026 3:13:37 PM,1,AME425,1,263067,AME425_PM4,P_78_GABON_B10_R4,07/12/2026 3:13:37 PM,1,,,,8PXMCVBG,FL78.31YJC_SNIP_DLP2295515-1_44265
D615452,79,A2DD8079SLA4,0,0,0,0,0.007383,0.003692,0.003692,0,0,0.262113,0,0,0,0,0,0,0,0,D6154520V,PXMG,07/12/2026 5:59:36 PM,BPD458,8M5CL,8M5CL,07/13/2026 7:35:24 AM,8M5CL,D1D,3,8937623,AME425,23,263067,AME425_PM4,P_78_GABON_B10_R4,07/12/2026 3:54:10 PM,12,AME425,23,263067,AME425_PM4,P_78_GABON_B10_R4,07/12/2026 3:54:10 PM,12,,,,8PXMCVBG,FL78.31YJC_SNIP_DLP2295515-1_44265
D615452,82,A2DD8082SLE6,0,0,0,0,0.003659,0,0,0,0,0.201259,0,0,0,0,0,0.003659,0,,D6154520V,PXMG,07/12/2026 5:59:36 PM,BPD458,8M5CL,8M5CL,07/13/2026 7:35:16 AM,8M5CL,D1D,4,8937540,AME425,19,263067,AME425_PM4,P_78_GABON_B10_R4,07/12/2026 3:42:59 PM,9,AME425,19,263067,AME425_PM4,P_78_GABON_B10_R4,07/12/2026 3:42:59 PM,9,,,,8PXMCVBG,FL78.31YJC_SNIP_DLP2295515-1_44265
D616559,578,KJDLR578WFF7,0,0,0,0,0,0,0.003584,0,0,0.204263,0,0,0,0,0,0.003584,0.003584,,D6165590,PNCB,07/18/2026 1:49:47 AM,BPD446,8M5CL,8M5CL,07/19/2026 7:35:30 AM,8M5CL,D1D,1,8447956,AME409,24,263067,AME409_PM1,P_78_GABON_B10_R4,07/18/2026 12:52:34 AM,12,AME409,24,263067,AME409_PM1,P_78_GABON_B10_R4,07/18/2026 12:52:34 AM,12,,,,8PONCVBB,FL78.3FGTC_SNIP_DLP2295522-1_31830
D616559,582,KJDLR582WFH0,0,0,0,0,0.028668,0.010751,0.007167,0,0,0.243682,0,0,0,0.028668,0,0.003584,0,,D6165590,PNCB,07/18/2026 1:49:47 AM,BPD446,8M5CL,8M5CL,07/19/2026 7:35:23 AM,8M5CL,D1D,2,8448046,AME409,11,263067,AME409_PM2,P_78_GABON_B10_R4,07/18/2026 12:26:34 AM,6,AME409,11,263067,AME409_PM2,P_78_GABON_B10_R4,07/18/2026 12:26:34 AM,6,,,,8PONCVBB,FL78.3FGTC_SNIP_DLP2295522-1_31830
D618210,340,MCQJT340WAG6,0,0.003659,0,0,0.003659,0.003659,0.003659,0,0,0.142711,0,0,0,0.014637,0,0.010978,0,,D6182100,PXMG,07/17/2026 11:33:18 PM,BPD446,8M5CL,8M5CL,07/19/2026 7:31:34 AM,8M5CL,D1D,1,8524654,AME427,1,263067,AME427_PM1,P_78_GABON_B10_R4,07/17/2026 7:54:45 PM,1,AME427,1,263067,AME427_PM1,P_78_GABON_B10_R4,07/17/2026 7:54:45 PM,1,,,,8PXMCVBG,FL78.31YJC_SNIP_DLP2295515-1_26042407494084
D618210,343,MCQJT343WAE6,0,0,0,0,0.011075,0.003692,0.003692,0,0,0.147669,0,0,0,0,0,0.033226,0,,D6182100,PXMG,07/17/2026 11:33:18 PM,BPD446,8M5CL,8M5CL,07/19/2026 7:31:42 AM,8M5CL,D1D,2,8524698,AME427,10,263067,AME427_PM1,P_78_GABON_B10_R4,07/17/2026 8:28:07 PM,10,AME427,10,263067,AME427_PM1,P_78_GABON_B10_R4,07/17/2026 8:28:07 PM,10,,,,8PXMCVBG,FL78.31YJC_SNIP_DLP2295515-1_26042407494084
D618210,344,MCQJT344WAB5,0.003659,0.003659,0,0,0.007319,0,0,0,0,0.326039,0,0,0,0.003659,0,0.028908,0,0,D6182100,PXMG,07/17/2026 11:33:18 PM,BPD446,8M5CL,8M5CL,07/19/2026 7:31:52 AM,8M5CL,D1D,3,8524771,AME427,14,263067,AME427_PM1,P_78_GABON_B10_R4,07/17/2026 8:42:37 PM,14,AME427,14,263067,AME427_PM1,P_78_GABON_B10_R4,07/17/2026 8:42:37 PM,14,,,,8PXMCVBG,FL78.31YJC_SNIP_DLP2295515-1_26042407494084
D618210,355,MCQJT355WAD0,0,0,0,0,0.007383,0.013106,0,0,0,0.300691,0,0,0,0.007383,0.003692,0.007383,0,0,D6182100,PXMG,07/17/2026 11:33:18 PM,BPD446,8M5CL,8M5CL,07/19/2026 7:31:36 AM,8M5CL,D1D,4,8524756,AME427,12,263067,AME427_PM1,P_78_GABON_B10_R4,07/17/2026 8:35:25 PM,12,AME427,12,263067,AME427_PM1,P_78_GABON_B10_R4,07/17/2026 8:35:25 PM,12,,,,8PXMCVBG,FL78.31YJC_SNIP_DLP2295515-1_26042407494084
D615337,17,KJD9W017WFF0,0,0,0,0,0.007383,0.003692,0,0,0,0.162436,0,0,0,0.003692,0.003692,0.011075,0,,D6153370,PXMG,07/18/2026 11:05:37 AM,BPD454,8M5CL,8M5CL,07/19/2026 7:23:46 AM,8M5CL,D1D,1,8405841,AME401,16,263067,AME401_PM2,P_78_GABON_B10_R4,07/18/2026 8:54:11 AM,8,AME401,16,263067,AME401_PM2,P_78_GABON_B10_R4,07/18/2026 8:54:11 AM,8,,,,8PXMCVBG,FL78.31YJC_SNIP_DLP2295515-1_43121
D615337,19,KJD9W019WFG1,0,0,0,0,0.007383,0.007383,0.003692,0,0,0.284263,0,0,0,0.003692,0,0.029534,0,0,D6153370,PXMG,07/18/2026 11:05:37 AM,BPD454,8M5CL,8M5CL,07/19/2026 7:31:12 AM,8M5CL,D1D,2,8405739,AME401,7,263067,AME401_PM1,P_78_GABON_B10_R4,07/18/2026 8:39:49 AM,4,AME401,7,263067,AME401_PM1,P_78_GABON_B10_R4,07/18/2026 8:39:49 AM,4,,,,8PXMCVBG,FL78.31YJC_SNIP_DLP2295515-1_43121
D617108,205,A2FU3205SLD1,0,0,0,0,0,0,0,0,0,0.173511,0,0.003692,0,0.014767,0,0.014767,0,0,D6171080,PXMG,07/23/2026 7:47:38 PM,BPD436,8M5CL,8M5CL,07/24/2026 8:36:25 AM,8M5CL,D1D,1,8466276,AME403,9,263067,AME403_PM6,P_78_GABON_B10_R4,07/23/2026 11:28:52 AM,9,AME403,9,263067,AME403_PM6,P_78_GABON_B10_R4,07/23/2026 11:28:52 AM,9,,,,8PXMCVBG,FL78.31YJC_SNIP_DLP2295515-1_45456
D617108,206,A2FU3206SLA0,0,0,0,0,0,0,0,0,0,0.219555,0,0,0,0,0,0.025615,0,,D6171080,PXMG,07/23/2026 7:47:38 PM,BPD436,8M5CL,8M5CL,07/24/2026 8:36:29 AM,8M5CL,D1D,2,8466218,AME403,14,263067,AME403_PM6,P_78_GABON_B10_R4,07/23/2026 11:51:15 AM,14,AME403,14,263067,AME403_PM6,P_78_GABON_B10_R4,07/23/2026 11:51:15 AM,14,,,,8PXMCVBG,FL78.31YJC_SNIP_DLP2295515-1_45456
D617108,207,A2FU3207SLE2,0,0,0,0,0,0,0,0,0,0.188278,0,0,0,0,0,0.003692,0,,D6171080,PXMG,07/23/2026 7:47:38 PM,BPD436,8M5CL,8M5CL,07/24/2026 8:36:41 AM,8M5CL,D1D,3,8466181,AME403,18,263067,AME403_PM6,P_78_GABON_B10_R4,07/23/2026 12:09:23 PM,18,AME403,18,263067,AME403_PM6,P_78_GABON_B10_R4,07/23/2026 12:09:23 PM,18,,,,8PXMCVBG,FL78.31YJC_SNIP_DLP2295515-1_45456
D617108,210,A2FU3210SLB1,0,0,0,0,0.003659,0.004391,0,0,0,0.211505,0,0,0,0.007319,0,0.010978,0,0,D6171080,PXMG,07/23/2026 7:47:38 PM,BPD436,8M5CL,8M5CL,07/24/2026 8:36:19 AM,8M5CL,D1D,4,8466293,AME403,15,263067,AME403_PM6,P_78_GABON_B10_R4,07/23/2026 11:55:49 AM,15,AME403,15,263067,AME403_PM6,P_78_GABON_B10_R4,07/23/2026 11:55:49 AM,15,,,,8PXMCVBG,FL78.31YJC_SNIP_DLP2295515-1_45456
D617623,129,5DXUY129MVB1,0,0,0,0,0,0.007383,0.007383,0,0,0.143977,0,0,0,0.007383,0.003692,0.003692,0,,D6176230,PXMG,07/23/2026 1:46:45 AM,BPD446,8M5CL,8M5CL,07/23/2026 9:26:06 AM,8M5CL,D1D,1,8480368,AME421,4,263067,AME421_PM4,P_78_GABON_B10_R4,07/22/2026 6:40:01 PM,2,AME421,4,263067,AME421_PM4,P_78_GABON_B10_R4,07/22/2026 6:40:01 PM,2,,,,8PXMCVBG,FL78.31YJC_SNIP_DLP2295515-1_45456
D617623,137,5DXUY137MVE4,0,0,0,0,0.018459,0.003692,0.003692,0,0,0.177203,0,0,0,0,0,0,0,,D6176230,PXMG,07/23/2026 1:46:45 AM,BPD446,8M5CL,8M5CL,07/23/2026 9:26:01 AM,8M5CL,D1D,2,8480316,AME421,11,263067,AME421_PM3,P_78_GABON_B10_R4,07/22/2026 6:54:24 PM,6,AME421,11,263067,AME421_PM3,P_78_GABON_B10_R4,07/22/2026 6:54:24 PM,6,,,,8PXMCVBG,FL78.31YJC_SNIP_DLP2295515-1_45456
D617623,139,5DXUY139MVF5,0.003692,0,0,0,0.007383,0.003692,0.007383,0,0,0.151361,0,0,0,0.003692,0,0,0.003692,,D6176230,PXMG,07/23/2026 1:46:45 AM,BPD446,8M5CL,8M5CL,07/23/2026 9:25:50 AM,8M5CL,D1D,3,8480278,AME421,10,263067,AME421_PM4,P_78_GABON_B10_R4,07/22/2026 6:50:49 PM,5,AME421,10,263067,AME421_PM4,P_78_GABON_B10_R4,07/22/2026 6:50:49 PM,5,,,,8PXMCVBG,FL78.31YJC_SNIP_DLP2295515-1_45456
D617623,143,5DXUY143MVG6,0,0,0,0,0,0,0,0,0,0.151361,0,0,0,0.003692,0,0,0,,D6176230,PXMG,07/23/2026 1:46:45 AM,BPD446,8M5CL,8M5CL,07/23/2026 9:26:14 AM,8M5CL,D1D,4,8480523,AME421,22,263067,AME421_PM4,P_78_GABON_B10_R4,07/22/2026 7:13:23 PM,11,AME421,22,263067,AME421_PM4,P_78_GABON_B10_R4,07/22/2026 7:13:23 PM,11,,,,8PXMCVBG,FL78.31YJC_SNIP_DLP2295515-1_45456
D615447,40,MCNFM040WAD7,0.007319,0,0,0,0,0,0.014637,0,0,0.14637,0,0,0,0.014637,0,0.065867,0,,D6154470,PXMG,07/22/2026 11:37:43 PM,BPD436,8M5CL,8M5CL,07/23/2026 9:25:54 AM,8M5CL,D1D,1,8415779,AME409,8,263067,AME409_PM3,P_78_GABON_B10_R4,07/22/2026 5:18:25 PM,8,AME409,8,263067,AME409_PM3,P_78_GABON_B10_R4,07/22/2026 5:18:25 PM,8,,,,8PXMCVBG,FL78.31YJC_SNIP_DLP2295515-1_44265
D615447,46,MCNFM046WAH2,0,0,0,0,0,0,0,0,0,0.153689,0,0,0,0.010978,0.007319,0.010978,0,,D6154470,PXMG,07/22/2026 11:37:43 PM,BPD436,8M5CL,8M5CL,07/23/2026 9:26:05 AM,8M5CL,D1D,2,8415774,AME409,3,263067,AME409_PM3,P_78_GABON_B10_R4,07/22/2026 5:00:56 PM,3,AME409,3,263067,AME409_PM3,P_78_GABON_B10_R4,07/22/2026 5:00:56 PM,3,,,,8PXMCVBG,FL78.31YJC_SNIP_DLP2295515-1_44265
D615447,68,MCNFM068WAC5,0,0,0,0,0.010978,0,0.003659,0,0,0.270785,0,0,0,0.007319,0,0.010978,0,0,D6154470,PXMG,07/22/2026 11:37:43 PM,BPD436,8M5CL,8M5CL,07/23/2026 9:26:10 AM,8M5CL,D1D,3,8415661,AME409,5,263067,AME409_PM3,P_78_GABON_B10_R4,07/22/2026 5:07:56 PM,5,AME409,5,263067,AME409_PM3,P_78_GABON_B10_R4,07/22/2026 5:07:56 PM,5,,,,8PXMCVBG,FL78.31YJC_SNIP_DLP2295515-1_44265
D615447,80,MCNFM080WAH1,0.003659,0,0,0,0.007319,0.003659,0,0,0,0.139052,0,0,0,0,0.003659,0.003659,0,,D6154470,PXMG,07/22/2026 11:37:43 PM,BPD436,8M5CL,8M5CL,07/23/2026 9:26:01 AM,8M5CL,D1D,4,8415731,AME409,4,263067,AME409_PM3,P_78_GABON_B10_R4,07/22/2026 5:04:27 PM,4,AME409,4,263067,AME409_PM3,P_78_GABON_B10_R4,07/22/2026 5:04:27 PM,4,,,,8PXMCVBG,FL78.31YJC_SNIP_DLP2295515-1_44265
D616557,177,HJ5FE177JKC5,0,0,0,0,0,0,0.003609,0,0,0.205722,0,0,0,0,0,0,0,,D6165570,PNCB,07/21/2026 11:51:04 PM,BPD458,8M5CL,8M5CL,07/22/2026 10:13:19 AM,8M5CL,D1D,1,8448698,AME425,4,263067,AME425_PM2,P_78_GABON_B10_R4,07/21/2026 8:40:35 PM,4,AME425,4,263067,AME425_PM2,P_78_GABON_B10_R4,07/21/2026 8:40:35 PM,4,,,,8PONCVBB,FL78.3FGTC_SNIP_DLP2295522-1_31830
D616557,178,HJ5FE178JKG7,0.007167,0,0,0,0,0,0,0,0,0.193512,0,0,0,0.003584,0,0.003584,0,,D6165570,PNCB,07/21/2026 11:51:04 PM,BPD458,8M5CL,8M5CL,07/22/2026 10:13:24 AM,8M5CL,D1D,2,8448688,AME425,3,263067,AME425_PM2,P_78_GABON_B10_R4,07/21/2026 8:37:02 PM,3,AME425,3,263067,AME425_PM2,P_78_GABON_B10_R4,07/21/2026 8:37:02 PM,3,,,,8PONCVBB,FL78.3FGTC_SNIP_DLP2295522-1_31830
D615442,636,HJ4EP636JKE6,0,0,0,0,0,0,0.003659,0,0,0.267125,0,0,0,0,0,0.003659,0,0,D6154420,PXMG,07/19/2026 12:26:29 AM,BPD458,8M5CL,8M5CL,07/19/2026 7:31:12 AM,8M5CL,D1D,1,8412270,AME427,21,263067,AME427_PM5,P_78_GABON_B10_R4,07/18/2026 11:21:58 PM,11,AME427,21,263067,AME427_PM5,P_78_GABON_B10_R4,07/18/2026 11:21:58 PM,11,,,,8PXMCVBG,FL78.31YJC_SNIP_DLP2295515-1_44265
D615442,637,HJ4EP637JKB5,0,0,0,0,0,0.003692,0,0,0,0.177203,0,0,0,0.003692,0,0.011075,0,,D6154420,PXMG,07/19/2026 12:26:29 AM,BPD458,8M5CL,8M5CL,07/19/2026 7:23:46 AM,8M5CL,D1D,2,8412224,AME427,14,263067,AME427_PM6,P_78_GABON_B10_R4,07/18/2026 11:07:23 PM,7,AME427,14,263067,AME427_PM6,P_78_GABON_B10_R4,07/18/2026 11:07:23 PM,7,,,,8PXMCVBG,FL78.31YJC_SNIP_DLP2295515-1_44265
D617625,636,MCPPB636WAF0,0.010978,0,0,0,0.003659,0.003659,0,0,0,0.135392,0.003659,0,0,0.003659,0,0.010978,0.007319,,D6176250,PXMG,07/19/2026 4:41:58 PM,BPD458,8M5CL,8M5CL,07/20/2026 8:12:56 AM,8M5CL,D1D,1,8483107,AME427,12,263067,AME427_PM6,P_78_GABON_B10_R4,07/19/2026 3:00:16 PM,6,AME427,12,263067,AME427_PM6,P_78_GABON_B10_R4,07/19/2026 3:00:16 PM,6,,,,8PXMCVBG,FL78.31YJC_SNIP_DLP2295515-1_45456
D617625,643,MCPPB643WAE1,0,0,0,0,0,0,0,0,0,0.143977,0,0,0,0.003692,0,0.025842,0,,D6176250,PXMG,07/19/2026 4:41:58 PM,BPD458,8M5CL,8M5CL,07/20/2026 8:13:22 AM,8M5CL,D1D,2,8483224,AME427,23,263067,AME427_PM5,P_78_GABON_B10_R4,07/19/2026 3:22:07 PM,12,AME427,23,263067,AME427_PM5,P_78_GABON_B10_R4,07/19/2026 3:22:07 PM,12,,,,8PXMCVBG,FL78.31YJC_SNIP_DLP2295515-1_45456
D617584,126,A25S7126SLD0,0,0,0,0,0,0.003584,0.007167,0,0,0.218597,0,0.003584,0,0.003584,0,0.003584,0,,D6175840,PNCB,07/19/2026 8:24:53 PM,BPD458,8M5CL,8M5CL,07/20/2026 8:18:16 AM,8M5CL,D1D,1,8470871,AME423,5,263067,AME423_PM3,P_78_GABON_B10_R4,07/19/2026 6:48:26 PM,3,AME423,5,263067,AME423_PM3,P_78_GABON_B10_R4,07/19/2026 6:48:26 PM,3,,,,8PONCVBB,FL78.3FGTC_SNIP_DLP2295522-1_32875
D617584,127,A25S7127SLH2,0,0,0,0,0,0,0.003609,0,0,0.216549,0,0,0,0.021655,0,0.007218,0.007218,,D6175840,PNCB,07/19/2026 8:24:53 PM,BPD458,8M5CL,8M5CL,07/20/2026 8:17:50 AM,8M5CL,D1D,2,8471010,AME423,2,263067,AME423_PM4,P_78_GABON_B10_R4,07/19/2026 6:41:13 PM,1,AME423,2,263067,AME423_PM4,P_78_GABON_B10_R4,07/19/2026 6:41:13 PM,1,,,,8PONCVBB,FL78.3FGTC_SNIP_DLP2295522-1_32875
D616492,50,A2DST050SLB3,0,0,0,0,0.010978,0.007319,0.003659,0,0,0.135392,0,0,0,0.003659,0,0.007319,0,,D6164920,PXMG,07/19/2026 7:07:17 PM,BPD454,8M5CL,8M5CL,07/20/2026 8:12:58 AM,8M5CL,D1D,1,8425227,AME403,5,263067,AME403_PM3,P_78_GABON_B10_R4,07/19/2026 5:45:25 PM,3,AME403,5,263067,AME403_PM3,P_78_GABON_B10_R4,07/19/2026 5:45:25 PM,3,,,,8PXMCVBG,FL78.31YJC_SNIP_DLP2295515-1_44265
D616492,60,A2DY9060SLG3,0,0,0,0,0,0.003659,0,0,0,0.142711,0,0,0,0.003659,0.003659,0.029274,0,,D6164920,PXMG,07/19/2026 7:07:17 PM,BPD454,8M5CL,8M5CL,07/20/2026 8:13:32 AM,8M5CL,D1D,2,8425184,AME403,6,263067,AME403_PM4,P_78_GABON_B10_R4,07/19/2026 5:45:26 PM,3,AME403,6,263067,AME403_PM4,P_78_GABON_B10_R4,07/19/2026 5:45:26 PM,3,,,,8PXMCVBG,FL78.31YJC_SNIP_DLP2295515-1_44265
D616507,160,A2FU3160SLC3,0,0,0,0,0.003659,0,0.003659,0,0,0.120755,0,0,0,0.007319,0,0.003659,0.003659,,D6165070,PXMG,07/25/2026 3:11:32 PM,BPD436,8M5CL,8M5CL,07/26/2026 8:21:50 AM,8M5CL,D1D,1,8434594,AME421,24,263067,AME421_PM6,P_78_GABON_B10_R4,07/25/2026 2:23:30 PM,5,AME421,24,263067,AME421_PM6,P_78_GABON_B10_R4,07/25/2026 2:23:30 PM,5,,,,8PXMCVBG,FL78.31YJC_SNIP_DLP2295515-1_44265
D616507,303,A2DMV303SLB2,0,0,0,0,0,0,0,0,0,0.173511,0,0,0,0.007383,0,0.003692,0,,D6165070,PXMG,07/25/2026 3:11:32 PM,BPD436,8M5CL,8M5CL,07/26/2026 8:21:55 AM,8M5CL,D1D,2,8434659,AME421,7,263067,AME421_PM5,P_78_GABON_B10_R4,07/25/2026 2:12:35 PM,2,AME421,7,263067,AME421_PM5,P_78_GABON_B10_R4,07/25/2026 2:12:35 PM,2,,,,8PXMCVBG,FL78.31YJC_SNIP_DLP2295515-1_44265
D616507,305,A2DMV305SLC3,0,0,0,0,0.007383,0,0.003692,0,0,0.121827,0.003692,0,0,0.007383,0,0.003692,0,,D6165070W,PXMG,07/25/2026 4:16:19 PM,BPD454,8M5CL,8M5CL,07/26/2026 8:21:59 AM,8M5CL,D1D,1,9019170,AME427,10,263067,AME427_PM3,P_78_GABON_B10_R4,07/25/2026 3:11:00 PM,5,AME427,10,263067,AME427_PM3,P_78_GABON_B10_R4,07/25/2026 3:11:00 PM,5,,,,8PXMCVBG,FL78.31YJC_SNIP_DLP2295515-1_44265
D616507,307,A2DMV307SLD4,0,0,0,0,0,0,0,0,0,0.10706,0,0,0,0.011075,0,0.02215,0,,D6165070W,PXMG,07/25/2026 4:16:19 PM,BPD454,8M5CL,8M5CL,07/26/2026 8:22:13 AM,8M5CL,D1D,2,9019173,AME427,16,263067,AME427_PM3,P_78_GABON_B10_R4,07/25/2026 3:25:56 PM,9,AME427,16,263067,AME427_PM3,P_78_GABON_B10_R4,07/25/2026 3:25:56 PM,9,,,,8PXMCVBG,FL78.31YJC_SNIP_DLP2295515-1_44265
D616507,308,A2DMV308SLA3,0,0,0,0,0,0,0.003659,0,0,0.109778,0,0,0,0,0,0.014637,0,,D6165070W,PXMG,07/25/2026 4:16:19 PM,BPD454,8M5CL,8M5CL,07/26/2026 8:22:01 AM,8M5CL,D1D,3,9019192,AME427,15,263067,AME427_PM3,P_78_GABON_B10_R4,07/25/2026 3:22:12 PM,8,AME427,15,263067,AME427_PM3,P_78_GABON_B10_R4,07/25/2026 3:22:12 PM,8,,,,8PXMCVBG,FL78.31YJC_SNIP_DLP2295515-1_44265
D616507,312,A2DMV312SLB4,0,0,0,0,0,0,0.003659,0,0,0.256148,0,0,0,0.003659,0,0.018296,0,0,D6165070W,PXMG,07/25/2026 4:16:19 PM,BPD454,8M5CL,8M5CL,07/26/2026 8:22:12 AM,8M5CL,D1D,4,9019190,AME427,12,263067,AME427_PM3,P_78_GABON_B10_R4,07/25/2026 3:14:45 PM,6,AME427,12,263067,AME427_PM3,P_78_GABON_B10_R4,07/25/2026 3:14:45 PM,6,,,,8PXMCVBG,FL78.31YJC_SNIP_DLP2295515-1_44265
D618205,5,MCQAF005WAC4,0.003692,0,0,0,0,0,0.003692,0,0,0.136594,0,0,0,0.011075,0,0.02215,0,,D6182050,PXMG,07/25/2026 8:12:24 PM,BPD436,8M5CL,8M5CL,07/26/2026 8:22:07 AM,8M5CL,D1D,1,8524357,AME427,4,263067,AME427_PM6,P_78_GABON_B10_R4,07/25/2026 6:02:21 PM,2,AME427,4,263067,AME427_PM6,P_78_GABON_B10_R4,07/25/2026 6:02:21 PM,2,,,,8PXMCVBG,FL78.31YJC_SNIP_DLP2295515-1_26042407494084
D618205,12,MCQAF012WAB5,0,0,0,0,0.007319,0.003659,0.007319,0,0,0.139052,0.003659,0,0,0.029274,0,0.036593,0,,D6182050,PXMG,07/25/2026 8:12:24 PM,BPD436,8M5CL,8M5CL,07/26/2026 8:21:55 AM,8M5CL,D1D,2,8524406,AME427,7,263067,AME427_PM5,P_78_GABON_B10_R4,07/25/2026 6:09:38 PM,4,AME427,7,263067,AME427_PM5,P_78_GABON_B10_R4,07/25/2026 6:09:38 PM,4,,,,8PXMCVBG,FL78.31YJC_SNIP_DLP2295515-1_26042407494084
D618205,25,MCQAF025WAE1,0,0,0,0,0.007383,0,0.018459,0,0,0.162436,0,0.003692,0,0.018459,0,0.055376,0.003692,,D6182050,PXMG,07/25/2026 8:12:24 PM,BPD436,8M5CL,8M5CL,07/26/2026 8:22:18 AM,8M5CL,D1D,3,8524321,AME427,10,263067,AME427_PM6,P_78_GABON_B10_R4,07/25/2026 6:13:17 PM,5,AME427,10,263067,AME427_PM6,P_78_GABON_B10_R4,07/25/2026 6:13:17 PM,5,,,,8PXMCVBG,FL78.31YJC_SNIP_DLP2295515-1_26042407494084
D618205,46,MCQAF046WAC5,0,0,0,0,0,0,0.003659,0,0,0.171985,0,0,0,0.018296,0,0.025615,0.003659,,D6182050,PXMG,07/25/2026 8:12:24 PM,BPD436,8M5CL,8M5CL,07/26/2026 8:22:05 AM,8M5CL,D1D,4,8524333,AME427,9,263067,AME427_PM5,P_78_GABON_B10_R4,07/25/2026 6:13:17 PM,5,AME427,9,263067,AME427_PM5,P_78_GABON_B10_R4,07/25/2026 6:13:17 PM,5,,,,8PXMCVBG,FL78.31YJC_SNIP_DLP2295515-1_26042407494084
D618155,630,MCQ7L630WAG0,0,0,0,0,0.003489,0.003489,0.003489,0,0,0.205868,0,0,0,0.006979,0.003489,0.006979,0,,D6181550,PR8B,07/25/2026 2:21:20 AM,BPD458,8M5CL,8M5CL,07/26/2026 8:16:11 AM,8M5CL,D1D,1,8509955,AME401,8,263067,AME401_PM2,P_78_GABON_B10_R4,07/25/2026 12:38:27 AM,4,AME401,8,263067,AME401_PM2,P_78_GABON_B10_R4,07/25/2026 12:38:27 AM,4,,,,8PR8CVAB,FL78.6H0QE_SNIP_DLP2469494-1_1421
D618155,631,MCQ7L631WAC7,0,0,0,0,0.009742,0,0.003247,0,0,0.181842,0,0,0,0.003247,0,0.009742,0.003247,,D6181550,PR8B,07/25/2026 2:21:20 AM,BPD458,8M5CL,8M5CL,07/26/2026 8:16:06 AM,8M5CL,D1D,2,8509986,AME401,15,263067,AME401_PM1,P_78_GABON_B10_R4,07/25/2026 12:52:49 AM,8,AME401,15,263067,AME401_PM1,P_78_GABON_B10_R4,07/25/2026 12:52:49 AM,8,,,,8PR8CVAB,FL78.6H0QE_SNIP_DLP2469494-1_1421
D616470,9,MCPMT009WAH2,0.003247,0,0,0,0.003247,0,0.003247,0,0,0.214314,0,0,0,0,0.003247,0.006494,0,,D6164700,PR8B,07/26/2026 5:08:38 AM,BPD436,8M5CL,8M5CL,07/26/2026 8:16:00 AM,8M5CL,D1D,1,8425354,AME417,5,263067,AME417_PM3,P_78_GABON_B10_R4,07/26/2026 2:58:34 AM,3,AME417,5,263067,AME417_PM3,P_78_GABON_B10_R4,07/26/2026 2:58:34 AM,3,,,,8PR8CVB,FL78.6H0QE_SNIP_DLP2344620-1_26179
D616470,19,MCPMT019WAE3,0,0,0,0,0.00988,0.00988,0,0,0,0.210781,0,0,0,0,0,0.013174,0,,D6164700,PR8B,07/26/2026 5:08:38 AM,BPD436,8M5CL,8M5CL,07/26/2026 8:16:04 AM,8M5CL,D1D,2,8425175,AME417,14,263067,AME417_PM3,P_78_GABON_B10_R4,07/26/2026 3:13:14 AM,7,AME417,14,263067,AME417_PM3,P_78_GABON_B10_R4,07/26/2026 3:13:14 AM,7,,,,8PR8CVB,FL78.6H0QE_SNIP_DLP2344620-1_26179
