LOT,WAFER,WAFER_ID,DEFECT@WAFER@CLASS_NCDD@BEEP,DEFECT@WAFER@CLASS_NCDD@BLOCKED_TRENCH,DEFECT@WAFER@CLASS_NCDD@DOME,DEFECT@WAFER@CLASS_NCDD@FALLEN_LINES,DEFECT@WAFER@CLASS_NCDD@ILD_HOLE_TEAROUT,DEFECT@WAFER@CLASS_NCDD@LARGE_PARTICLE,DEFECT@WAFER@CLASS_NCDD@MINI,DEFECT@WAFER@CLASS_NCDD@NVD_FALSE,DEFECT@WAFER@CLASS_NCDD@OTHER_UNKNOWN,DEFECT@WAFER@CLASS_NCDD@PATTERN,DEFECT@WAFER@CLASS_NCDD@RESIDUE,DEFECT@WAFER@CLASS_NCDD@ROUNDMOUND_BEEP,DEFECT@WAFER@CLASS_NCDD@SCRATCH,DEFECT@WAFER@CLASS_NCDD@SIZE_SMALL,DEFECT@WAFER@CLASS_NCDD@SMALL_PARTICLE,DEFECT@WAFER@CLASS_NCDD@UNCLASSIFIED,ACTUAL_LOT@DEFECT,DEVICE@DEFECT,INSPECTION_TIME@DEFECT,INSPECTION_TOOL@DEFECT,LAYER,LAYER@DEFECT,LOAD_DATE@DEFECT,RECIPE@DEFECT,SITE@DEFECT,WAFER_ID_ORDER@DEFECT,WAFER_KEY@DEFECT,DEFECT@WAFER@CLASS_EDI@BEEP,DEFECT@WAFER@CLASS_EDI@BLOCKED_TRENCH,DEFECT@WAFER@CLASS_EDI@DOME,DEFECT@WAFER@CLASS_EDI@FALLEN_LINES,DEFECT@WAFER@CLASS_EDI@ILD_HOLE_TEAROUT,DEFECT@WAFER@CLASS_EDI@LARGE_PARTICLE,DEFECT@WAFER@CLASS_EDI@MINI,DEFECT@WAFER@CLASS_EDI@NVD_FALSE,DEFECT@WAFER@CLASS_EDI@OTHER_UNKNOWN,DEFECT@WAFER@CLASS_EDI@PATTERN,DEFECT@WAFER@CLASS_EDI@RESIDUE,DEFECT@WAFER@CLASS_EDI@ROUNDMOUND_BEEP,DEFECT@WAFER@CLASS_EDI@SCRATCH,DEFECT@WAFER@CLASS_EDI@SIZE_SMALL,DEFECT@WAFER@CLASS_EDI@SMALL_PARTICLE,DEFECT@WAFER@CLASS_EDI@WAFER_TOTAL,ENTITY@NTSC@AME@E_8M5_HM_ETCH,SLOT@NTSC@AME@E_8M5_HM_ETCH,OPERATION_NUMBER@NTSC@AME@E_8M5_HM_ETCH,SUBENTITY@NTSC@Process-1@AME@E_8M5_HM_ETCH,RECIPE@NTSC@Process-1@AME@E_8M5_HM_ETCH,END_TIME@CHAMBER@NTSC@Process-1@AME@E_8M5_HM_ETCH,PROCESS_ORDER@NTSC@Process-1@AME@E_8M5_HM_ETCH,PROCESS_TIME@BATCH_SUBENTITY_UTILIZATION@12HOURS@Process-1@AME@E_8M5_HM_ETCH,N_WAFERS@BATCH_SUBENTITY_UTILIZATION@12HOURS@Process-1@AME@E_8M5_HM_ETCH,PERCENT_UTILIZATION@BATCH_SUBENTITY_UTILIZATION@12HOURS@Process-1@AME@E_8M5_HM_ETCH,TIME@UTILIZATION@Process-1@AME@E_8M5_HM_ETCH,ENTITY@NTSC@ETCHER@E_8M5_HM_ETCH,SLOT@NTSC@ETCHER@E_8M5_HM_ETCH,OPERATION_NUMBER@NTSC@ETCHER@E_8M5_HM_ETCH,SUBENTITY@NTSC@Process-1@ETCHER@E_8M5_HM_ETCH,RECIPE@NTSC@Process-1@ETCHER@E_8M5_HM_ETCH,END_TIME@CHAMBER@NTSC@Process-1@ETCHER@E_8M5_HM_ETCH,PROCESS_ORDER@NTSC@Process-1@ETCHER@E_8M5_HM_ETCH,AbatementWaferCounter@ENTITY_ATTRIBUTES@ETCHER@E_8M5_HM_ETCH,CalcPartialMfgAvailability@ENTITY_ATTRIBUTES@ETCHER@E_8M5_HM_ETCH,DCS2slot01Counter@ENTITY_ATTRIBUTES@ETCHER@E_8M5_HM_ETCH,DCS2slot02Counter@ENTITY_ATTRIBUTES@ETCHER@E_8M5_HM_ETCH,DCS2slot03Counter@ENTITY_ATTRIBUTES@ETCHER@E_8M5_HM_ETCH,DCS2slot04Counter@ENTITY_ATTRIBUTES@ETCHER@E_8M5_HM_ETCH,DCS2slot05Counter@ENTITY_ATTRIBUTES@ETCHER@E_8M5_HM_ETCH,DCS2slot06Counter@ENTITY_ATTRIBUTES@ETCHER@E_8M5_HM_ETCH,DCS2slot07Counter@ENTITY_ATTRIBUTES@ETCHER@E_8M5_HM_ETCH,DCS2slot08Counter@ENTITY_ATTRIBUTES@ETCHER@E_8M5_HM_ETCH,DCS2slot09Counter@ENTITY_ATTRIBUTES@ETCHER@E_8M5_HM_ETCH,DCS2slot10Counter@ENTITY_ATTRIBUTES@ETCHER@E_8M5_HM_ETCH,DCS2slot11Counter@ENTITY_ATTRIBUTES@ETCHER@E_8M5_HM_ETCH,DCS2slot12Counter@ENTITY_ATTRIBUTES@ETCHER@E_8M5_HM_ETCH,DCS2slot13Counter@ENTITY_ATTRIBUTES@ETCHER@E_8M5_HM_ETCH,DCS2slot14Counter@ENTITY_ATTRIBUTES@ETCHER@E_8M5_HM_ETCH,DCS2slot15Counter@ENTITY_ATTRIBUTES@ETCHER@E_8M5_HM_ETCH,DCS2slot16Counter@ENTITY_ATTRIBUTES@ETCHER@E_8M5_HM_ETCH,DCS2slot17Counter@ENTITY_ATTRIBUTES@ETCHER@E_8M5_HM_ETCH,DCS2slot18Counter@ENTITY_ATTRIBUTES@ETCHER@E_8M5_HM_ETCH,DCS2slot19Counter@ENTITY_ATTRIBUTES@ETCHER@E_8M5_HM_ETCH,DCS2slot20Counter@ENTITY_ATTRIBUTES@ETCHER@E_8M5_HM_ETCH,DCS2slot21Counter@ENTITY_ATTRIBUTES@ETCHER@E_8M5_HM_ETCH,DCS2slot22Counter@ENTITY_ATTRIBUTES@ETCHER@E_8M5_HM_ETCH,DCS2slot23Counter@ENTITY_ATTRIBUTES@ETCHER@E_8M5_HM_ETCH,DCS2slot24Counter@ENTITY_ATTRIBUTES@ETCHER@E_8M5_HM_ETCH,DCS2slot25Counter@ENTITY_ATTRIBUTES@ETCHER@E_8M5_HM_ETCH,FDCAbortSinceLastLoggedDown@ENTITY_ATTRIBUTES@ETCHER@E_8M5_HM_ETCH,FDCWarningSinceLastLoggedDown@ENTITY_ATTRIBUTES@ETCHER@E_8M5_HM_ETCH,FIBladeWaferCounter@ENTITY_ATTRIBUTES@ETCHER@E_8M5_HM_ETCH,FIWaferCounter@ENTITY_ATTRIBUTES@ETCHER@E_8M5_HM_ETCH,LLWaferCounter@ENTITY_ATTRIBUTES@ETCHER@E_8M5_HM_ETCH,MFBladeWaferCounter@ENTITY_ATTRIBUTES@ETCHER@E_8M5_HM_ETCH,MFWaferCounter@ENTITY_ATTRIBUTES@ETCHER@E_8M5_HM_ETCH,OOCCountSinceLastDown@ENTITY_ATTRIBUTES@ETCHER@E_8M5_HM_ETCH,TU1WaferCounter@ENTITY_ATTRIBUTES@ETCHER@E_8M5_HM_ETCH,TU2WaferCounter@ENTITY_ATTRIBUTES@ETCHER@E_8M5_HM_ETCH,TU3WaferCounter@ENTITY_ATTRIBUTES@ETCHER@E_8M5_HM_ETCH,AMEBEBIAS1CHMDESCUMENGERPM@SUBENTITY_ATTRIBUTES@Process-1@ETCHER@E_8M5_HM_ETCH,AMEBEBIAS1CHMENGERPM@SUBENTITY_ATTRIBUTES@Process-1@ETCHER@E_8M5_HM_ETCH,AMEBEBIAS1TINENGERPM@SUBENTITY_ATTRIBUTES@Process-1@ETCHER@E_8M5_HM_ETCH,AMEBEBIAS2TINENGERPM@SUBENTITY_ATTRIBUTES@Process-1@ETCHER@E_8M5_HM_ETCH,AMEBEUBEMIMICENGERPM@SUBENTITY_ATTRIBUTES@Process-1@ETCHER@E_8M5_HM_ETCH,AMEBEmidlifeSSPM@SUBENTITY_ATTRIBUTES@Process-1@ETCHER@E_8M5_HM_ETCH,AMEBEmidlifeSiOSSPM@SUBENTITY_ATTRIBUTES@Process-1@ETCHER@E_8M5_HM_ETCH,AdhocMon10@SUBENTITY_ATTRIBUTES@Process-1@ETCHER@E_8M5_HM_ETCH,AutoDCS2Counter@SUBENTITY_ATTRIBUTES@Process-1@ETCHER@E_8M5_HM_ETCH,AutomonAdhocER0@SUBENTITY_ATTRIBUTES@Process-1@ETCHER@E_8M5_HM_ETCH,AutomonAdhocER1@SUBENTITY_ATTRIBUTES@Process-1@ETCHER@E_8M5_HM_ETCH,AutomonAdhocER5@SUBENTITY_ATTRIBUTES@Process-1@ETCHER@E_8M5_HM_ETCH,AutomonAdhocSS0@SUBENTITY_ATTRIBUTES@Process-1@ETCHER@E_8M5_HM_ETCH,AutomonAdhocSS1@SUBENTITY_ATTRIBUTES@Process-1@ETCHER@E_8M5_HM_ETCH,Bias1ERCounter@SUBENTITY_ATTRIBUTES@Process-1@ETCHER@E_8M5_HM_ETCH,Bias2ERCounter@SUBENTITY_ATTRIBUTES@Process-1@ETCHER@E_8M5_HM_ETCH,BiasMatchRFHourCounter@SUBENTITY_ATTRIBUTES@Process-1@ETCHER@E_8M5_HM_ETCH,BiasMatchWaferCounter@SUBENTITY_ATTRIBUTES@Process-1@ETCHER@E_8M5_HM_ETCH,CCMWaferCounter@SUBENTITY_ATTRIBUTES@Process-1@ETCHER@E_8M5_HM_ETCH,CathodeESCORingWaferCounter@SUBENTITY_ATTRIBUTES@Process-1@ETCHER@E_8M5_HM_ETCH,ChillerWaferCounter@SUBENTITY_ATTRIBUTES@Process-1@ETCHER@E_8M5_HM_ETCH,Clean1WaferCounter@SUBENTITY_ATTRIBUTES@Process-1@ETCHER@E_8M5_HM_ETCH,Clean2RFhourCounter@SUBENTITY_ATTRIBUTES@Process-1@ETCHER@E_8M5_HM_ETCH,Clean2WaferCounter@SUBENTITY_ATTRIBUTES@Process-1@ETCHER@E_8M5_HM_ETCH,Clean3RFhourCounter@SUBENTITY_ATTRIBUTES@Process-1@ETCHER@E_8M5_HM_ETCH,Clean3WaferCounter@SUBENTITY_ATTRIBUTES@Process-1@ETCHER@E_8M5_HM_ETCH,Clean4RFhourCounter@SUBENTITY_ATTRIBUTES@Process-1@ETCHER@E_8M5_HM_ETCH,Clean4WaferCounter@SUBENTITY_ATTRIBUTES@Process-1@ETCHER@E_8M5_HM_ETCH,DPWaferCounter@SUBENTITY_ATTRIBUTES@Process-1@ETCHER@E_8M5_HM_ETCH,ESCLifetimeRFHours@SUBENTITY_ATTRIBUTES@Process-1@ETCHER@E_8M5_HM_ETCH,ESCRebuildWaferCounter@SUBENTITY_ATTRIBUTES@Process-1@ETCHER@E_8M5_HM_ETCH,FDCAbortSinceLastLoggedDown@SUBENTITY_ATTRIBUTES@Process-1@ETCHER@E_8M5_HM_ETCH,FDCWarningSinceLastLoggedDown@SUBENTITY_ATTRIBUTES@Process-1@ETCHER@E_8M5_HM_ETCH,ForelineWaferCounter@SUBENTITY_ATTRIBUTES@Process-1@ETCHER@E_8M5_HM_ETCH,FullPMCounter@SUBENTITY_ATTRIBUTES@Process-1@ETCHER@E_8M5_HM_ETCH,FullPMRFCounter@SUBENTITY_ATTRIBUTES@Process-1@ETCHER@E_8M5_HM_ETCH,GasLineRFHourCounter@SUBENTITY_ATTRIBUTES@Process-1@ETCHER@E_8M5_HM_ETCH,GasLineWaferCounter@SUBENTITY_ATTRIBUTES@Process-1@ETCHER@E_8M5_HM_ETCH,Gen1Counter@SUBENTITY_ATTRIBUTES@Process-1@ETCHER@E_8M5_HM_ETCH,Gen1RFCounter@SUBENTITY_ATTRIBUTES@Process-1@ETCHER@E_8M5_HM_ETCH,Gen2Counter@SUBENTITY_ATTRIBUTES@Process-1@ETCHER@E_8M5_HM_ETCH,Gen2RFCounter@SUBENTITY_ATTRIBUTES@Process-1@ETCHER@E_8M5_HM_ETCH,LidHPOringRFHourCounter@SUBENTITY_ATTRIBUTES@Process-1@ETCHER@E_8M5_HM_ETCH,LidHPOringWaferCounter@SUBENTITY_ATTRIBUTES@Process-1@ETCHER@E_8M5_HM_ETCH,MiniPMCounter@SUBENTITY_ATTRIBUTES@Process-1@ETCHER@E_8M5_HM_ETCH,MiniPMRFCounter@SUBENTITY_ATTRIBUTES@Process-1@ETCHER@E_8M5_HM_ETCH,OOCCountSinceLastDown@SUBENTITY_ATTRIBUTES@Process-1@ETCHER@E_8M5_HM_ETCH,SFVCleanRFHours@SUBENTITY_ATTRIBUTES@Process-1@ETCHER@E_8M5_HM_ETCH,SFVPoppetOringRFHouCounter@SUBENTITY_ATTRIBUTES@Process-1@ETCHER@E_8M5_HM_ETCH,SFVPoppetOringWaferCounter@SUBENTITY_ATTRIBUTES@Process-1@ETCHER@E_8M5_HM_ETCH,SFVWaferCounter@SUBENTITY_ATTRIBUTES@Process-1@ETCHER@E_8M5_HM_ETCH,SLDBellowsWaferCounter@SUBENTITY_ATTRIBUTES@Process-1@ETCHER@E_8M5_HM_ETCH,SSCounter@SUBENTITY_ATTRIBUTES@Process-1@ETCHER@E_8M5_HM_ETCH,SingleRingRFCounter@SUBENTITY_ATTRIBUTES@Process-1@ETCHER@E_8M5_HM_ETCH,SingleRingWaferCounter@SUBENTITY_ATTRIBUTES@Process-1@ETCHER@E_8M5_HM_ETCH,SlitValveRFHours@SUBENTITY_ATTRIBUTES@Process-1@ETCHER@E_8M5_HM_ETCH,SourceGenRFHourCounter@SUBENTITY_ATTRIBUTES@Process-1@ETCHER@E_8M5_HM_ETCH,SourceGenWaferCounter@SUBENTITY_ATTRIBUTES@Process-1@ETCHER@E_8M5_HM_ETCH,SourceMatchRFHourCounter@SUBENTITY_ATTRIBUTES@Process-1@ETCHER@E_8M5_HM_ETCH,SourceMatchWaferCounter@SUBENTITY_ATTRIBUTES@Process-1@ETCHER@E_8M5_HM_ETCH,StartupCounter@SUBENTITY_ATTRIBUTES@Process-1@ETCHER@E_8M5_HM_ETCH,StartupRFCounter@SUBENTITY_ATTRIBUTES@Process-1@ETCHER@E_8M5_HM_ETCH,StickyWaferCounter@SUBENTITY_ATTRIBUTES@Process-1@ETCHER@E_8M5_HM_ETCH,TMPRFHourCounter@SUBENTITY_ATTRIBUTES@Process-1@ETCHER@E_8M5_HM_ETCH,TMPWaferCounter@SUBENTITY_ATTRIBUTES@Process-1@ETCHER@E_8M5_HM_ETCH,LAST_TXN_TIME@ENTITY@NTSC@ETCHER@E_8M5_HM_ETCH,PROCESS_TIME@BATCH_SUBENTITY_UTILIZATION@12HOURS@Process-1@ETCHER@E_8M5_HM_ETCH,N_WAFERS@BATCH_SUBENTITY_UTILIZATION@12HOURS@Process-1@ETCHER@E_8M5_HM_ETCH,PERCENT_UTILIZATION@BATCH_SUBENTITY_UTILIZATION@12HOURS@Process-1@ETCHER@E_8M5_HM_ETCH,TIME@UTILIZATION@Process-1@ETCHER@E_8M5_HM_ETCH,PRIOR_OPERATION@N_BATCHES_BACK=1@Process-1@ETCHER@E_8M5_HM_ETCH,PRIOR_LOT_RECIPE@N_BATCHES_BACK=1@Process-1@ETCHER@E_8M5_HM_ETCH,PRIOR_TIME_BETWEEN@N_BATCHES_BACK=1@Process-1@ETCHER@E_8M5_HM_ETCH,TIME@PRIOR_LOT@Process-1@ETCHER@E_8M5_HM_ETCH,ENTITY@NTSC@SORTER@E_8M5_HM_ETCH,SLOT@NTSC@SORTER@E_8M5_HM_ETCH,OPERATION_NUMBER@NTSC@SORTER@E_8M5_HM_ETCH,WaferSorterDailyAutomonPM@ENTITY_ATTRIBUTES@SORTER@E_8M5_HM_ETCH,LAST_TXN_TIME@ENTITY@NTSC@SORTER@E_8M5_HM_ETCH,PRODUCT@STARTS,ROUTE@STARTS,ENTITY@NTSC@STEPPER@L_8M5_SED,RETICLE@NTSC@STEPPER@L_8M5_SED,OUT_DATE@SIFDATA@L_8M5_SED,INSTRUCTION_FLAG@SIFDATA@L_8M5_SED,SIF_FLAG@SIFDATA@L_8M5_SED,SIF_DATA_FLAG@SIFDATA@L_8M5_SED,COMMENT_FLAG@SIFDATA@L_8M5_SED,EXEC_FLAG@SIFDATA@L_8M5_SED,SPLIT_FLAG@SIFDATA@L_8M5_SED,MERGE_FLAG@SIFDATA@L_8M5_SED,SIFNAME@SIFDATA@L_8M5_SED,SIF_DESCRIPTION@SIFDATA@L_8M5_SED,SIF_REQUESTOR@SIFDATA@L_8M5_SED,SIF_REQUESTORDATE@SIFDATA@L_8M5_SED,SIF_REQUESTORINSTRUCTIONS@SIFDATA@L_8M5_SED,SIF_RNUUSER@SIFDATA@L_8M5_SED,SIF_RNUTIMESTAMP@SIFDATA@L_8M5_SED,SIF_SIGNOUTUSER@SIFDATA@L_8M5_SED,SIF_SIGNOUTTIMESTAMP@SIFDATA@L_8M5_SED,SIF_RECIPEFIELDVALUES@SIFDATA@L_8M5_SED,SIF_APPROVER@SIFDATA@L_8M5_SED,SIF_APPROVERDATE@SIFDATA@L_8M5_SED,SIF_APPROVERCOMMENT@SIFDATA@L_8M5_SED,SIF_MODULEINSTRUCTIONS@SIFDATA@L_8M5_SED,OUT_DATE@SIFDATA@E_8M5_HM_ETCH,INSTRUCTION_FLAG@SIFDATA@E_8M5_HM_ETCH,SIF_FLAG@SIFDATA@E_8M5_HM_ETCH,SIF_DATA_FLAG@SIFDATA@E_8M5_HM_ETCH,COMMENT_FLAG@SIFDATA@E_8M5_HM_ETCH,EXEC_FLAG@SIFDATA@E_8M5_HM_ETCH,SPLIT_FLAG@SIFDATA@E_8M5_HM_ETCH,MERGE_FLAG@SIFDATA@E_8M5_HM_ETCH,SIFNAME@SIFDATA@E_8M5_HM_ETCH,SIF_DESCRIPTION@SIFDATA@E_8M5_HM_ETCH,SIF_REQUESTOR@SIFDATA@E_8M5_HM_ETCH,SIF_REQUESTORDATE@SIFDATA@E_8M5_HM_ETCH,SIF_APPROVER@SIFDATA@E_8M5_HM_ETCH,SIF_APPROVERDATE@SIFDATA@E_8M5_HM_ETCH,SIF_APPROVERCOMMENT@SIFDATA@E_8M5_HM_ETCH,SIF_RNUUSER@SIFDATA@E_8M5_HM_ETCH,SIF_RNUTIMESTAMP@SIFDATA@E_8M5_HM_ETCH,SIF_SIGNOUTUSER@SIFDATA@E_8M5_HM_ETCH,SIF_SIGNOUTTIMESTAMP@SIFDATA@E_8M5_HM_ETCH,SIF_RECIPEFIELDVALUES@SIFDATA@E_8M5_HM_ETCH,SIF_REQUESTORINSTRUCTIONS@SIFDATA@E_8M5_HM_ETCH,OUT_DATE@SIFDATA@173457,INSTRUCTION_FLAG@SIFDATA@173457,SIF_FLAG@SIFDATA@173457,SIF_DATA_FLAG@SIFDATA@173457,COMMENT_FLAG@SIFDATA@173457,EXEC_FLAG@SIFDATA@173457,SPLIT_FLAG@SIFDATA@173457,MERGE_FLAG@SIFDATA@173457,SIFNAME@SIFDATA@173457,SIF_DESCRIPTION@SIFDATA@173457,SIF_REQUESTOR@SIFDATA@173457,SIF_REQUESTORDATE@SIFDATA@173457,SIF_REQUESTORINSTRUCTIONS@SIFDATA@173457,SIF_APPROVER@SIFDATA@173457,SIF_APPROVERDATE@SIFDATA@173457,SIF_APPROVERCOMMENT@SIFDATA@173457,SIF_RNUUSER@SIFDATA@173457,SIF_RNUTIMESTAMP@SIFDATA@173457,SIF_SIGNOUTUSER@SIFDATA@173457,SIF_SIGNOUTTIMESTAMP@SIFDATA@173457,SIF_RECIPEFIELDVALUES@SIFDATA@173457
D614EAN,739,5DXOY739MVE4,0,0,0.005289,0,0,0,0,0.227434,0,0,0,0,0,0,0,,D614EAN0,X78E,09/12/2026 6:15:00 PM,BPD454,8M5CL,8M5CL,09/13/2026 8:25:07 AM,8M5CL,D1D,1,8376370,,,,,,,,,,,,,,,,,AME401,17,263067,AME401_PM1,P_78_GABON_B10_R4,09/12/2026 4:37:31 PM,9,5.504588,109,45.87157,09/12/2026 4:37:31 PM,AME401,17,263067,AME401_PM1,P_78_GABON_B10_R4,09/12/2026 4:37:31 PM,9,85804,0.666666,,3,3,3,3,3,3,3,2,2,2,2,,,,,,,,,,,,,,,,101481,101481,101481,101481,101481,,101481,101481,101481,,0,0,0,0,1,,,57,,,,,,6175,6173,12450,33282,8639,33282,28626,33282,12450,194484,12450,194484,12450,194484,28626,3228,33282,,,33282,28372,1350,10649,33282,194483,12450,179614,11140,1350,33282,8720,382,,1350,3974,33282,33282,33282,122,393,8834,3974,12450,194484,12450,33282,194483,12450,8486,12450,33282,09/12/2026 4:53:46 PM,5.504588,109,45.87157,09/12/2026 4:37:31 PM,256529,P_78_ROADRUNNER_R2,0.727376,09/12/2026 4:37:31 PM,,,,,,1L78EVAA,FL78.6K93E_SNIP_DLP2380294-1_6264,SNY512,1X78EAMT50NB1,,,,,,,,,,,,,,,,,,,,,,,,,,,,,,,,,,,,,,,,,,,,,,,,,,,,,,,,,,,,,,,,
D614EAN,745,5DXOY745MVG6,0,0,0,0,0,0,0,0.327928,0,0,0,0.005289,0,0,0,0,D614EAN0,X78E,09/12/2026 6:15:00 PM,BPD454,8M5CL,8M5CL,09/13/2026 8:25:19 AM,8M5CL,D1D,2,8376345,,,,,,,,,,,,,,,,,AME401,10,263067,AME401_PM2,P_78_GABON_B10_R4,09/12/2026 4:23:05 PM,5,5.626534,112,46.88778,09/12/2026 4:23:05 PM,AME401,10,263067,AME401_PM2,P_78_GABON_B10_R4,09/12/2026 4:23:05 PM,5,85804,0.666666,,3,3,3,3,3,3,3,2,2,2,2,,,,,,,,,,,,,,,,101481,101481,101481,101481,101481,,101481,101481,101481,,0,0,,,,,,105,,,,,,5406,5406,11441,26609,5406,26609,24998,26609,11441,158060,11441,158060,11441,158060,24998,11441,26609,,,26609,25231,1216,1216,26609,158060,11441,158060,11441,1216,26609,5457,241,,1216,5262,26609,26609,26609,631,241,5457,1216,11441,158060,11441,26609,158060,11441,8412,11441,26609,09/12/2026 4:53:46 PM,5.626534,112,46.88778,09/12/2026 4:23:05 PM,256529,P_78_ROADRUNNER_R2,0.678177,09/12/2026 4:23:05 PM,,,,,,1L78EVAA,FL78.6K93E_SNIP_DLP2380294-1_6264,SNY512,1X78EAMT50NB1,,,,,,,,,,,,,,,,,,,,,,,,,,,,,,,,,,,,,,,,,,,,,,,,,,,,,,,,,,,,,,,,
D614EAN,751,5DXOY751MVB5,0,0,0,0,0,0,0,0.238012,0,0,0,0,0,0,0,,D614EAN0,X78E,09/12/2026 6:15:00 PM,BPD454,8M5CL,8M5CL,09/13/2026 8:25:13 AM,8M5CL,D1D,3,8376493,,,,,,,,,,,,,,,,,AME401,24,263067,AME401_PM2,P_78_GABON_B10_R4,09/12/2026 4:48:22 PM,12,5.626534,112,46.88778,09/12/2026 4:48:22 PM,AME401,24,263067,AME401_PM2,P_78_GABON_B10_R4,09/12/2026 4:48:22 PM,12,85804,0.666666,,3,3,3,3,3,3,3,2,2,2,2,,,,,,,,,,,,,,,,101481,101481,101481,101481,101481,,101481,101481,101481,,0,0,,,,,,105,,,,,,5406,5406,11441,26609,5406,26609,24998,26609,11441,158060,11441,158060,11441,158060,24998,11441,26609,,,26609,25231,1216,1216,26609,158060,11441,158060,11441,1216,26609,5457,241,,1216,5262,26609,26609,26609,631,241,5457,1216,11441,158060,11441,26609,158060,11441,8412,11441,26609,09/12/2026 4:53:46 PM,5.626534,112,46.88778,09/12/2026 4:48:22 PM,256529,P_78_ROADRUNNER_R2,0.678177,09/12/2026 4:48:22 PM,,,,,,1L78EVAA,FL78.6K93E_SNIP_DLP2380294-1_6264,SNY512,1X78EAMT50NB1,,,,,,,,,,,,,,,,,,,,,,,,,,,,,,,,,,,,,,,,,,,,,,,,,,,,,,,,,,,,,,,,
D614EAN,754,5DXOY754MVH0,0,0,0,0,0,0,0,0.332189,0,0,0,0,0,0,0,0,D614EAN0,X78E,09/12/2026 6:15:00 PM,BPD454,8M5CL,8M5CL,09/13/2026 8:25:27 AM,8M5CL,D1D,4,8376484,,,,,,,,,,,,,,,,,AME401,25,263067,AME401_PM2,P_78_GABON_B10_R4,09/12/2026 4:51:54 PM,13,5.626534,112,46.88778,09/12/2026 4:51:54 PM,AME401,25,263067,AME401_PM2,P_78_GABON_B10_R4,09/12/2026 4:51:54 PM,13,85804,0.666666,,3,3,3,3,3,3,3,2,2,2,2,,,,,,,,,,,,,,,,101481,101481,101481,101481,101481,,101481,101481,101481,,0,0,,,,,,105,,,,,,5406,5406,11441,26609,5406,26609,24998,26609,11441,158060,11441,158060,11441,158060,24998,11441,26609,,,26609,25231,1216,1216,26609,158060,11441,158060,11441,1216,26609,5457,241,,1216,5262,26609,26609,26609,631,241,5457,1216,11441,158060,11441,26609,158060,11441,8412,11441,26609,09/12/2026 4:53:46 PM,5.626534,112,46.88778,09/12/2026 4:51:54 PM,256529,P_78_ROADRUNNER_R2,0.678177,09/12/2026 4:51:54 PM,,,,,,1L78EVAA,FL78.6K93E_SNIP_DLP2380294-1_6264,SNY512,1X78EAMT50NB1,,,,,,,,,,,,,,,,,,,,,,,,,,,,,,,,,,,,,,,,,,,,,,,,,,,,,,,,,,,,,,,,
D621522,60,A2GYQ060SLG2,0,0,0.007167,0.003584,0,0,0,0.236515,0,0,0,0,0,0,0.003584,,D6215220,PNCB,09/12/2026 11:25:10 PM,BPD436,8M5CL,8M5CL,09/13/2026 8:39:28 AM,8M5CL,D1D,1,8633516,,,,,,,,,,,,,,,,,AME419,5,263067,AME419_PM5,P_78_GABON_B10_R4,09/12/2026 8:15:44 PM,3,6.378151,100,53.15125,09/12/2026 8:15:44 PM,AME419,5,263067,AME419_PM5,P_78_GABON_B10_R4,09/12/2026 8:15:44 PM,3,169470,1,,,,,,,,,,2,2,2,2,2,2,2,2,1,1,1,,,,,,0,0,223288,223288,223313,223288,223288,0,223288,223288,223288,,,,,,1,,0,52,,,,,,3778,4551,4635,39390,10221,39390,34684,39390,4635,76863,4635,76863,4635,76863,34684,4635,39390,0,0,39390,21683,1030,4635,39390,76863,4635,76863,4635,1030,39390,4719,212,0,1030,4635,39390,39390,39390,816,212,4719,4635,4635,76863,4635,39390,76863,4635,6291,4635,39390,09/12/2026 8:53:05 PM,6.378151,100,53.15125,09/12/2026 8:15:44 PM,256528,P_78_ROADRUNNER_R2,0.807527,09/12/2026 8:15:44 PM,,,,,,8PONCVBB,FL78.3FGTC_SNIP_B0204_E180046,SNY512,8PXSCBMT51NA1,,,,,,,,,,,,,,,,,,,,,,,,,,,,,,,,,,,,,,,,,,,,,,,,,,,,,,,,,,,,,,,,
D621522,68,A2GYQ068SLD3,0.007167,0,0.007167,0,0.003584,0,0,0.175595,0,0,0,0.007167,0,0,0,,D6215220,PNCB,09/12/2026 11:25:10 PM,BPD436,8M5CL,8M5CL,09/13/2026 8:39:22 AM,8M5CL,D1D,2,8633546,,,,,,,,,,,,,,,,,AME419,22,263067,AME419_PM6,P_78_GABON_B10_R4,09/12/2026 8:44:26 PM,11,7.173978,112,59.78315,09/12/2026 8:44:26 PM,AME419,22,263067,AME419_PM6,P_78_GABON_B10_R4,09/12/2026 8:44:26 PM,11,169470,1,,,,,,,,,,2,2,2,2,2,2,2,2,1,1,1,,,,,,0,0,223288,223288,223313,223288,223288,0,223288,223288,223288,0,,,,0,,,0,48,,,,,,3583,3583,5099,57624,10345,57624,46035,57624,462,10445,5099,97528,5099,97528,46035,5099,57624,0,0,57624,10445,462,5099,57624,97528,5099,97528,5099,462,57624,10445,462,0,462,462,57624,57624,57624,712,462,10445,5099,5099,97528,5099,57624,97528,5099,6532,5099,57624,09/12/2026 8:53:05 PM,7.173978,112,59.78315,09/12/2026 8:44:26 PM,256528,P_78_ROADRUNNER_R2,0.865726,09/12/2026 8:44:26 PM,,,,,,8PONCVBB,FL78.3FGTC_SNIP_B0204_E180046,SNY512,8PXSCBMT51NA1,,,,,,,,,,,,,,,,,,,,,,,,,,,,,,,,,,,,,,,,,,,,,,,,,,,,,,,,,,,,,,,,
D625401,155,A2MHP155SLE1,0,0,0.006494,0.003247,0.019483,0,0.003247,0.18509,0,0,0,0.016236,0.003247,0.032472,0,,D6254010,PR8B,09/12/2026 11:56:42 PM,BPD458,8M5CL,8M5CL,09/13/2026 8:21:45 AM,8M5CL,D1D,1,8785397,,,,,,,,,,,,,,,,,AME427,24,263067,AME427_PM2,P_78_GABON_B10_R4,09/12/2026 10:37:44 PM,12,2.735069,37,22.79224,09/12/2026 10:37:44 PM,AME427,24,263067,AME427_PM2,P_78_GABON_B10_R4,09/12/2026 10:37:44 PM,12,210222,0.833333,1,1,1,1,1,,,,,,,,,,,1,1,1,1,1,0,0,0,0,0,0,0,267278,267278,267303,267278,267303,0,267278,267278,267278,,,,,,1,0,,16,0,0,,0,,48,63,2866,43481,3452,43481,31150,43481,2866,45314,2866,45314,2866,45314,31150,2866,43482,,,43482,19111,991,2866,43482,45314,2866,45314,2866,991,43482,3486,163,3,991,2866,43482,43482,43482,635,163,3486,2866,2866,45314,2866,43482,45314,2866,3697,2866,43482,09/12/2026 10:42:35 PM,2.735069,37,22.79224,09/12/2026 10:37:44 PM,256528,P_78_ROADRUNNER_R2,0.123899,09/12/2026 10:37:44 PM,,,,,,8PR8CVAB,FL78.6H0QE_SNIP_B0204_E180046,SNY510,8PR8CBMT51NA2,,,,,,,,,,,,,,,,,,,,,,,,,,,,,,,,,,,,,,,,,,,,,,,,,,,,,,,,,,,,,,,,
D625401,157,A2MHP157SLF2,0,0,0,0,0.006494,0,0,0.18509,0,0,0,0.019483,0,0.012989,0,,D6254010,PR8B,09/12/2026 11:56:42 PM,BPD458,8M5CL,8M5CL,09/13/2026 8:20:56 AM,8M5CL,D1D,2,8785365,,,,,,,,,,,,,,,,,AME427,23,263067,AME427_PM1,P_78_GABON_B10_R4,09/12/2026 10:37:44 PM,12,5.547423,83,46.22852,09/12/2026 10:37:44 PM,AME427,23,263067,AME427_PM1,P_78_GABON_B10_R4,09/12/2026 10:37:44 PM,12,210222,0.833333,1,1,1,1,1,,,,,,,,,,,1,1,1,1,1,0,0,0,0,0,0,0,267278,267278,267303,267278,267303,0,267278,267278,267278,,,,,,1,,,35855,0,0,,0,0,94,94,2377,25972,13640,25972,13640,25972,2377,34657,2377,34657,2377,34657,13640,2377,25972,,,25972,34657,2368,2368,25972,34657,2377,34657,2377,2368,25972,9477,573,,2368,2377,25972,25972,25972,91,573,9477,2377,2377,34657,2377,25972,34657,2377,4667,2377,25972,09/12/2026 10:42:35 PM,5.547423,83,46.22852,09/12/2026 10:37:44 PM,256528,P_78_ROADRUNNER_R2,0.123888,09/12/2026 10:37:44 PM,,,,,,8PR8CVAB,FL78.6H0QE_SNIP_B0204_E180046,SNY510,8PR8CBMT51NA2,,,,,,,,,,,,,,,,,,,,,,,,,,,,,,,,,,,,,,,,,,,,,,,,,,,,,,,,,,,,,,,,
D623242,250,KJFWP250WFB4,0.003584,0,0,0,0,0,0,0.218597,0,0,0,0.003584,0,0.039419,0,,D6232420,PNCB,09/11/2026 2:50:50 PM,BPD446,8M5CL,8M5CL,09/13/2026 8:21:00 AM,8M5CL,D1D,1,8724518,,,,,,,,,,,,,,,,,AME401,25,263067,AME401_PM2,P_78_GABON_B10_R4,09/11/2026 1:06:27 PM,12,7.261588,141.5611,60.51324,09/11/2026 1:06:27 PM,AME401,25,263067,AME401_PM2,P_78_GABON_B10_R4,09/11/2026 1:06:27 PM,12,85285,0.666666,3,3,3,3,2,2,2,2,2,2,,,,,,,,,,,,,2,2,2,,,100962,100962,100962,100962,100962,,100962,100962,100962,,,,,,1,1,,60,,,,,,5150,5150,11430,26353,5150,26353,24742,26353,11430,157802,11430,157802,11430,157802,24742,11430,26353,0,0,26353,24973,1205,1205,26353,157802,11430,157802,11430,1205,26353,5199,230,1,1205,5252,26353,26353,26353,375,230,5199,1205,11430,157802,11430,26353,157802,11430,8156,11430,26353,09/11/2026 1:08:19 PM,7.261588,141.5611,60.51324,09/11/2026 1:06:27 PM,256528,P_78_ROADRUNNER_R2,0.594405,09/11/2026 1:06:27 PM,,,,,,8PONCVBB,FL78.3FGTC_SNIP_B0204_E180046,SNY512,8PXSCBMT51NA1,,,,,,,,,,,,,,,,,,,,,,,,,,,,,,,,,,,,,,,,,,,,,,,,,,,,,,,,,,,,,,,,
D623242,254,KJFWP254WFD6,0.010751,0,0.003584,0,0,0,0.003584,0.197096,0,0,0,0.003584,0,0,0,,D6232420,PNCB,09/11/2026 2:50:50 PM,BPD446,8M5CL,8M5CL,09/13/2026 8:21:46 AM,8M5CL,D1D,2,8724589,,,,,,,,,,,,,,,,,AME401,6,263067,AME401_PM2,P_78_GABON_B10_R4,09/11/2026 12:34:05 PM,3,7.261588,141.5611,60.51324,09/11/2026 12:34:05 PM,AME401,6,263067,AME401_PM2,P_78_GABON_B10_R4,09/11/2026 12:34:05 PM,3,85285,0.666666,3,3,3,3,2,2,2,2,2,2,,,,,,,,,,,,,2,2,2,,,100962,100962,100962,100962,100962,,100962,100962,100962,,,,,,1,1,,60,,,,,,5150,5150,11430,26353,5150,26353,24742,26353,11430,157802,11430,157802,11430,157802,24742,11430,26353,0,0,26353,24973,1205,1205,26353,157802,11430,157802,11430,1205,26353,5199,230,1,1205,5252,26353,26353,26353,375,230,5199,1205,11430,157802,11430,26353,157802,11430,8156,11430,26353,09/11/2026 1:08:19 PM,7.261588,141.5611,60.51324,09/11/2026 12:34:05 PM,256528,P_78_ROADRUNNER_R2,0.594405,09/11/2026 12:34:05 PM,,,,,,8PONCVBB,FL78.3FGTC_SNIP_B0204_E180046,SNY512,8PXSCBMT51NA1,,,,,,,,,,,,,,,,,,,,,,,,,,,,,,,,,,,,,,,,,,,,,,,,,,,,,,,,,,,,,,,,
D616EL0,26,A29XK026SLE3,0,0,0.023149,0,0,0,0,0.334375,0,0,0,0,0.005787,0.005787,0,0,D616EL00,X78E,09/11/2026 1:26:51 PM,BPD436,8M5CL,8M5CL,09/13/2026 8:25:07 AM,8M5CL,D1D,1,8460366,,,,,,,,,,,,,,,,,AME403,9,263067,AME403_PM4,P_78_GABON_B10_R4,09/11/2026 12:16:01 PM,3,6.314816,97.99126,52.62346,09/11/2026 12:16:01 PM,AME403,9,263067,AME403_PM4,P_78_GABON_B10_R4,09/11/2026 12:16:01 PM,3,282995,0.833333,3,3,3,3,3,3,2,2,2,2,2,2,2,2,2,2,2,2,2,2,2,2,2,2,2,,,310041,310041,310041,310041,310041,,310041,310041,310041,,,,,,,1,,62,,,,,,1489,1489,11508,40440,9085,40440,34904,40440,11508,185702,11508,185702,11508,185702,34904,3046,40440,,,40440,9171,442,11508,40440,185702,11508,185702,11508,442,40440,9171,442,,442,3592,40440,40440,40440,369,442,9171,5395,11508,185702,11508,40440,185702,11508,9938,11508,40440,09/11/2026 12:41:53 PM,6.314816,97.99126,52.62346,09/11/2026 12:16:01 PM,252845,P_78_PIL16E_1A_R3,0.93505,09/11/2026 12:16:01 PM,,,,,,1X78EVAA,FL78.6UPJE_SNIP_DLP2470806-1_515,SNY510,1X78EAMT50NB1,,,,,,,,,,,,,,,,,,,,,,,,,,,,,,,,,,,,,,,,,,,,,,,,,,,,,,,,,,,,,,,,
D616EL0,28,A29XK028SLF4,0.010546,0,0,0,0,0,0,0.232005,0,0,0,0.010546,0.005273,0.005273,0.005273,,D616EL00,X78E,09/11/2026 1:26:51 PM,BPD436,8M5CL,8M5CL,09/13/2026 8:24:58 AM,8M5CL,D1D,2,8460382,,,,,,,,,,,,,,,,,AME403,2,263067,AME403_PM4,P_78_GABON_B10_R4,09/11/2026 12:08:48 PM,1,6.314816,97.99126,52.62346,09/11/2026 12:08:48 PM,AME403,2,263067,AME403_PM4,P_78_GABON_B10_R4,09/11/2026 12:08:48 PM,1,282995,0.833333,3,3,3,3,3,3,2,2,2,2,2,2,2,2,2,2,2,2,2,2,2,2,2,2,2,,,310041,310041,310041,310041,310041,,310041,310041,310041,,,,,,,1,,62,,,,,,1489,1489,11508,40440,9085,40440,34904,40440,11508,185702,11508,185702,11508,185702,34904,3046,40440,,,40440,9171,442,11508,40440,185702,11508,185702,11508,442,40440,9171,442,,442,3592,40440,40440,40440,369,442,9171,5395,11508,185702,11508,40440,185702,11508,9938,11508,40440,09/11/2026 12:41:53 PM,6.314816,97.99126,52.62346,09/11/2026 12:08:48 PM,252845,P_78_PIL16E_1A_R3,0.93505,09/11/2026 12:08:48 PM,,,,,,1X78EVAA,FL78.6UPJE_SNIP_DLP2470806-1_515,SNY510,1X78EAMT50NB1,,,,,,,,,,,,,,,,,,,,,,,,,,,,,,,,,,,,,,,,,,,,,,,,,,,,,,,,,,,,,,,,
D621485,330,KJCJF330WFC2,0.006979,0,0,0.010468,0,0,0,0.307058,0,0,0,0.003489,0,0,0,,D6214850,PR8B,09/13/2026 2:36:20 PM,BPD436,8M5CL,8M5CL,09/14/2026 9:13:35 AM,8M5CL,D1D,1,8625025,,,,,,,,,,,,,,,,,AME427,8,263067,AME427_PM2,P_78_GABON_B10_R4,09/13/2026 10:10:21 AM,4,9.022311,149.507,75.18593,09/13/2026 10:10:21 AM,AME427,8,263067,AME427_PM2,P_78_GABON_B10_R4,09/13/2026 10:10:21 AM,4,210809,1,1,1,1,1,1,1,1,1,1,1,1,1,1,1,,1,1,1,1,1,1,1,1,1,1,0,0,267865,267865,267890,267865,267890,0,267865,267865,267865,,,,,,1,0,,59,0,0,,0,,199,214,2873,43632,3603,43632,31301,43632,2873,45466,2873,45466,2873,45466,31301,2873,43633,,,43633,19263,998,2873,43633,45466,2873,45466,2873,998,43633,3638,169,3,998,2873,43633,43633,43633,786,169,3638,2873,2873,45466,2873,43633,45466,2873,3848,2873,43633,09/13/2026 10:46:37 AM,9.022311,149.507,75.18593,09/13/2026 10:10:21 AM,256529,P_78_ROADRUNNER_R2,0.139689,09/13/2026 10:10:21 AM,,,,,,8PR8CVAB,FL78.6H0QE_SNIP_B0204_E180046,SNY512,8PR8CBMT51NA2,,,,,,,,,,,,,,,,,,,,,,,,,,,,,,,,,,,,,,,,,,,,,,,,,,,,,,,,,,,,,,,,
D621485,379,KJCJF379WFG7,0,0,0,0,0,0,0,0.18509,0,0,0,0.003247,0,0.012989,0,,D6214850,PR8B,09/13/2026 2:36:20 PM,BPD436,8M5CL,8M5CL,09/14/2026 9:14:01 AM,8M5CL,D1D,2,8625008,,,,,,,,,,,,,,,,,AME427,19,263067,AME427_PM2,P_78_GABON_B10_R4,09/13/2026 10:31:36 AM,9,9.022311,149.507,75.18593,09/13/2026 10:31:36 AM,AME427,19,263067,AME427_PM2,P_78_GABON_B10_R4,09/13/2026 10:31:36 AM,9,210809,1,1,1,1,1,1,1,1,1,1,1,1,1,1,1,,1,1,1,1,1,1,1,1,1,1,0,0,267865,267865,267890,267865,267890,0,267865,267865,267865,,,,,,1,0,,59,0,0,,0,,199,214,2873,43632,3603,43632,31301,43632,2873,45466,2873,45466,2873,45466,31301,2873,43633,,,43633,19263,998,2873,43633,45466,2873,45466,2873,998,43633,3638,169,3,998,2873,43633,43633,43633,786,169,3638,2873,2873,45466,2873,43633,45466,2873,3848,2873,43633,09/13/2026 10:46:37 AM,9.022311,149.507,75.18593,09/13/2026 10:31:36 AM,256529,P_78_ROADRUNNER_R2,0.139689,09/13/2026 10:31:36 AM,,,,,,8PR8CVAB,FL78.6H0QE_SNIP_B0204_E180046,SNY512,8PR8CBMT51NA2,,,,,,,,,,,,,,,,,,,,,,,,,,,,,,,,,,,,,,,,,,,,,,,,,,,,,,,,,,,,,,,,
D624292,444,5DXXQ444MVH0,0.003489,0,0.006979,0,0.017446,0,0,0.1954,0,0,0,0.006979,0.006979,0.003489,0,,D6242920,PR8B,09/13/2026 12:54:04 AM,BPD458,8M5CL,8M5CL,09/13/2026 8:21:46 AM,8M5CL,D1D,1,8746568,,,,,,,,,,,,,,,,,AME425,5,263067,AME425_PM1,P_78_GABON_B10_R4,09/12/2026 10:48:41 PM,3,6.036179,106.2949,50.30149,09/12/2026 10:48:41 PM,AME425,5,263067,AME425_PM1,P_78_GABON_B10_R4,09/12/2026 10:48:41 PM,3,230055,1,,,1,1,1,1,1,1,1,1,1,0,0,0,0,,,,,,,,,,,0,0,231609,231609,231597,231609,231597,0,231622,231609,231609,,,,,,1,1,,106,,,,,,1136,1136,3199,51010,7792,51010,50799,51010,3199,52453,3199,52453,3199,52453,50799,3199,51010,0,0,51010,27765,1396,3199,51010,52453,3199,52453,3199,1396,51010,9675,459,0,1396,3199,51010,51010,51010,183,459,9675,3199,3199,52453,3199,51010,52453,3199,8140,3199,51010,09/12/2026 11:26:38 PM,6.036179,106.2949,50.30149,09/12/2026 10:48:41 PM,263067,P_78_GABON_B10_R4,2.04687,09/12/2026 10:48:41 PM,,,,,,8PR8CVAB,FL78.6H0QE_SNIP_B0204_E180046,SNY510,8PR8CBMT51NA2,,,,,,,,,,,,,,,,,,,,,,,,,,,,,,,,,,,,,,,,,,,,,,,,,,,,,,,,,,,,,,,,
D624292,447,5DXXQ447MVF0,0,0,0.055202,0,0.019483,0,0,0.272764,0,0,0,0.003247,0.003247,0,0,,D6242920,PR8B,09/13/2026 12:54:04 AM,BPD458,8M5CL,8M5CL,09/13/2026 8:20:38 AM,8M5CL,D1D,2,8746690,,,,,,,,,,,,,,,,,AME425,22,263067,AME425_PM2,P_78_GABON_B10_R4,09/12/2026 11:17:39 PM,11,5.143269,91,42.86057,09/12/2026 11:17:39 PM,AME425,22,263067,AME425_PM2,P_78_GABON_B10_R4,09/12/2026 11:17:39 PM,11,230055,1,,,1,1,1,1,1,1,1,1,1,0,0,0,0,,,,,,,,,,,0,0,231609,231609,231597,231609,231597,0,231622,231609,231609,,,,,,1,1,,31,,,,,,1109,1108,2967,46601,5210,46601,46306,46601,2967,48112,2967,48112,2967,48112,46306,2967,46601,,,46601,23234,1164,2967,46601,48112,2967,48112,2967,1164,46601,5284,244,,1164,1164,46601,46601,46601,150,244,5284,2967,2967,48112,2967,46601,48112,2967,8120,2967,46601,09/12/2026 11:26:38 PM,5.143269,91,42.86057,09/12/2026 11:17:39 PM,263067,P_78_GABON_B10_R4,2.100268,09/12/2026 11:17:39 PM,,,,,,8PR8CVAB,FL78.6H0QE_SNIP_B0204_E180046,SNY510,8PR8CBMT51NA2,,,,,,,,,,,,,,,,,,,,,,,,,,,,,,,,,,,,,,,,,,,,,,,,,,,,,,,,,,,,,,,,
D621521,24,A2GTK024SLC6,0,0,0.014334,0,0.003584,0,0,0.189929,0,0,0,0.007167,0,0.003584,0.003584,,D6215210,PNCB,09/13/2026 2:21:04 PM,BPD436,8M5CL,8M5CL,09/14/2026 9:14:32 AM,8M5CL,D1D,1,8633310,,,,,,,,,,,,,,,,,AME427,20,263067,AME427_PM1,P_78_GABON_B10_R4,09/13/2026 12:15:05 PM,10,9.446911,156.2108,78.72426,09/13/2026 12:15:05 PM,AME427,20,263067,AME427_PM1,P_78_GABON_B10_R4,09/13/2026 12:15:05 PM,10,210907,1,1,1,1,1,1,1,1,1,1,1,1,1,1,1,,1,1,1,1,1,1,1,1,1,1,0,0,267963,267963,267988,267963,267988,0,267963,267963,267963,,,,,,1,,,36038,0,0,,0,0,277,277,2385,26155,13823,26155,13823,26155,2385,34840,2385,34840,2385,34840,13823,2385,26155,,,26155,34840,2376,2376,26155,34840,2385,34840,2385,2376,26155,9660,581,,2376,2385,26155,26155,26155,274,581,9660,2385,2385,34840,2385,26155,34840,2385,4850,2385,26155,09/13/2026 12:25:52 PM,9.446911,156.2108,78.72426,09/13/2026 12:15:05 PM,263067,P_78_GABON_B10_R4,0.016324,09/13/2026 12:15:05 PM,,,,,,8PONCVBB,FL78.3FGTC_SNIP_B0204_E180046,SNY512,8PXSCBMT51NA1,,,,,,,,,,,,,,,,,,,,,,,,,,,,,,,,,,,,,,,,,,,,,,,,,,,,,,,,,,,,,,,,
D621521,58,A2HK2058SLG1,0,0,0,0,0,0,0,0.186345,0,0,0,0,0,0.003584,0,,D6215210,PNCB,09/13/2026 2:21:04 PM,BPD436,8M5CL,8M5CL,09/14/2026 9:14:41 AM,8M5CL,D1D,2,8633428,,,,,,,,,,,,,,,,,AME427,3,263067,AME427_PM2,P_78_GABON_B10_R4,09/13/2026 11:42:21 AM,2,9.083974,149.4387,75.69978,09/13/2026 11:42:21 AM,AME427,3,263067,AME427_PM2,P_78_GABON_B10_R4,09/13/2026 11:42:21 AM,2,210907,1,1,1,1,1,1,1,1,1,1,1,1,1,1,1,,1,1,1,1,1,1,1,1,1,1,0,0,267963,267963,267988,267963,267988,0,267963,267963,267963,,,,,,1,0,,84,0,0,,0,,224,239,2874,43657,3628,43657,31326,43657,2874,45491,2874,45491,2874,45491,31326,2874,43658,,,43658,19288,999,2874,43658,45491,2874,45491,2874,999,43658,3663,170,3,999,2874,43658,43658,43658,811,170,3663,2874,2874,45491,2874,43658,45491,2874,3873,2874,43658,09/13/2026 12:25:52 PM,9.083974,149.4387,75.69978,09/13/2026 11:42:21 AM,263067,P_78_GABON_B10_R4,0.016312,09/13/2026 11:42:21 AM,,,,,,8PONCVBB,FL78.3FGTC_SNIP_B0204_E180046,SNY512,8PXSCBMT51NA1,,,,,,,,,,,,,,,,,,,,,,,,,,,,,,,,,,,,,,,,,,,,,,,,,,,,,,,,,,,,,,,,
D621486,244,KJD2K244WFA5,0,0,0,0,0.003489,0,0,0.272165,0,0,0,0.006979,0,0.027914,0.003489,,D6214860,PR8B,09/13/2026 1:28:52 PM,BPD436,8M5CL,8M5CL,09/14/2026 9:14:49 AM,8M5CL,D1D,1,8625035,,,,,,,,,,,,,,,,,AME419,25,263067,AME419_PM5,P_78_GABON_B10_R4,09/13/2026 7:42:30 AM,13,3.220663,58.44388,26.83885,09/13/2026 7:42:30 AM,AME419,25,263067,AME419_PM5,P_78_GABON_B10_R4,09/13/2026 7:42:30 AM,13,169640,1,,,,,,,,,,,,,2,2,2,2,2,2,1,1,1,,,,,,,223458,223458,223483,223458,223458,,223458,223458,223458,,,,,,1,,,103,,,,,,3829,4602,4637,39441,10272,39441,34735,39441,4637,76914,4637,76914,4637,76914,34735,4637,39441,,,39441,21734,1032,4637,39441,76914,4637,76914,4637,1032,39441,4770,215,,1032,4637,39441,39441,39441,867,215,4770,4637,4637,76914,4637,39441,76914,4637,6342,4637,39441,09/13/2026 7:43:59 AM,3.220663,58.44388,26.83885,09/13/2026 7:42:30 AM,252845,P_78_PIL16E_1A_R3,3.77453,09/13/2026 7:42:30 AM,,,,,,8PR8CVAB,FL78.6H0QE_SNIP_B0204_E180046,SNY512,8PR8CBMT51NA2,,,,,,,,,,,,,,,,,,,,,,,,,,,,,,,,,,,,,,,,,,,,,,,,,,,,,,,,,,,,,,,,
D621486,253,KJD2K253WFA7,0,0,0.016236,0,0.038966,0,0,0.263022,0,0,0,0.064944,0,0,0.003247,,D6214860,PR8B,09/13/2026 1:28:52 PM,BPD436,8M5CL,8M5CL,09/14/2026 9:14:07 AM,8M5CL,D1D,2,8625151,,,,,,,,,,,,,,,,,AME419,22,263067,AME419_PM6,P_78_GABON_B10_R4,09/13/2026 7:34:40 AM,11,2.930163,53.39428,24.41803,09/13/2026 7:34:40 AM,AME419,22,263067,AME419_PM6,P_78_GABON_B10_R4,09/13/2026 7:34:40 AM,11,169640,1,,,,,,,,,,,,,2,2,2,2,2,2,1,1,1,,,,,,,223458,223458,223483,223458,223458,,223458,223458,223458,,0,0,,,,,,95,,,,,,3630,3630,5101,57671,10392,57671,46082,57671,464,10492,5101,97575,5101,97575,46082,5101,57671,,,57671,10492,464,5101,57671,97575,5101,97575,5101,464,57671,10492,464,,464,464,57671,57671,57671,759,464,10492,5101,5101,97575,5101,57671,97575,5101,6579,5101,57671,09/13/2026 7:43:59 AM,2.930163,53.39428,24.41803,09/13/2026 7:34:40 AM,252845,P_78_PIL16E_1A_R3,3.835031,09/13/2026 7:34:40 AM,,,,,,8PR8CVAB,FL78.6H0QE_SNIP_B0204_E180046,SNY512,8PR8CBMT51NA2,,,,,,,,,,,,,,,,,,,,,,,,,,,,,,,,,,,,,,,,,,,,,,,,,,,,,,,,,,,,,,,,
D621486,267,KJD2K267WFA2,0,0,0,0.003247,0,0,0,0.263022,0,0,0,0.003247,0,0,0.003247,,D6214860,PR8B,09/14/2026 10:14:44 AM,BPD436,8M5CL,8M5CL,09/15/2026 8:23:04 AM,8M5CL,D1D,3,8625106,,,,,,,,,,,,,,,,,AME419,1,263067,AME419_PM5,P_78_GABON_B10_R4,09/13/2026 6:56:37 AM,1,3.220663,58.44388,26.83885,09/13/2026 6:56:37 AM,AME419,1,263067,AME419_PM5,P_78_GABON_B10_R4,09/13/2026 6:56:37 AM,1,169640,1,,,,,,,,,,,,,2,2,2,2,2,2,1,1,1,,,,,,,223458,223458,223483,223458,223458,,223458,223458,223458,,,,,,1,,,103,,,,,,3829,4602,4637,39441,10272,39441,34735,39441,4637,76914,4637,76914,4637,76914,34735,4637,39441,,,39441,21734,1032,4637,39441,76914,4637,76914,4637,1032,39441,4770,215,,1032,4637,39441,39441,39441,867,215,4770,4637,4637,76914,4637,39441,76914,4637,6342,4637,39441,09/13/2026 7:43:59 AM,3.220663,58.44388,26.83885,09/13/2026 6:56:37 AM,252845,P_78_PIL16E_1A_R3,3.77453,09/13/2026 6:56:37 AM,,,,,,8PR8CVAB,FL78.6H0QE_SNIP_B0204_E180046,SNY512,8PR8CBMT51NA2,,,,,,,,,,,,,,,,,,,,,,,,,,,,,,,,,,,,,,,,,,,,,,,,,,,,,,,,,,,,,,,,
D621486,278,KJD2K278WFB5,0,0,0,0.010468,0,0,0,0.24774,0,0,0,0.003489,0,0.003489,0,,D6214860,PR8B,09/14/2026 10:14:44 AM,BPD436,8M5CL,8M5CL,09/15/2026 8:21:11 AM,8M5CL,D1D,4,8625088,,,,,,,,,,,,,,,,,AME419,17,263067,AME419_PM5,P_78_GABON_B10_R4,09/13/2026 7:26:48 AM,9,3.220663,58.44388,26.83885,09/13/2026 7:26:48 AM,AME419,17,263067,AME419_PM5,P_78_GABON_B10_R4,09/13/2026 7:26:48 AM,9,169640,1,,,,,,,,,,,,,2,2,2,2,2,2,1,1,1,,,,,,,223458,223458,223483,223458,223458,,223458,223458,223458,,,,,,1,,,103,,,,,,3829,4602,4637,39441,10272,39441,34735,39441,4637,76914,4637,76914,4637,76914,34735,4637,39441,,,39441,21734,1032,4637,39441,76914,4637,76914,4637,1032,39441,4770,215,,1032,4637,39441,39441,39441,867,215,4770,4637,4637,76914,4637,39441,76914,4637,6342,4637,39441,09/13/2026 7:43:59 AM,3.220663,58.44388,26.83885,09/13/2026 7:26:48 AM,252845,P_78_PIL16E_1A_R3,3.77453,09/13/2026 7:26:48 AM,,,,,,8PR8CVAB,FL78.6H0QE_SNIP_B0204_E180046,SNY512,8PR8CBMT51NA2,,,,,,,,,,,,,,,,,,,,,,,,,,,,,,,,,,,,,,,,,,,,,,,,,,,,,,,,,,,,,,,,
D619273,2,A2GFE002SLA0,0,0,0,0,0,0,0,0.1954,0,0,0,0.010468,0,0.010468,0.003489,,D6192730,PR8B,09/14/2026 9:17:16 AM,BPD436,8M5CL,8M5CL,09/15/2026 8:24:07 AM,8M5CL,D1D,1,8550459,,,,,,,,,,,,,,,,,AME427,8,263067,AME427_PM1,P_78_GABON_B10_R4,09/14/2026 7:26:29 AM,5,11.06199,198.0509,92.18328,09/14/2026 7:26:29 AM,AME427,8,263067,AME427_PM1,P_78_GABON_B10_R4,09/14/2026 7:26:29 AM,5,211989,1,2,2,2,2,2,2,2,2,1,1,1,1,1,1,1,1,1,1,1,1,1,1,1,1,1,,,269045,269045,269070,269045,269070,,269045,269045,269045,,,,,,1,,,36317,,,,,,556,556,2396,26434,14102,26434,14102,26434,2396,35119,2396,35119,2396,35119,14102,2396,26434,,,26434,35119,2387,2387,26434,35119,2396,35119,2396,2387,26434,9939,591,,2387,2396,26434,26434,26434,553,591,9939,2396,2396,35119,2396,26434,35119,2396,5129,2396,26434,09/14/2026 8:04:39 AM,11.06199,198.0509,92.18328,09/14/2026 7:26:29 AM,256530,P_78_ROADRUNNER_R2,0.253931,09/14/2026 7:26:29 AM,,,,,,8PR8CVAB,FL78.6H0QE_SNIP_B0204_E180046,SNY512,8PR8CBMT51NA2,,,,,,,,,,,,,,,,,,,,,,,,,,,,,,,,,,,,,,,,,,,,,,,,,,,,,,,,,,,,,,,,
D619273,92,A2FSN092SLH2,0,0,0.010468,0,0,0,0,0.19889,0,0,0,0.003489,0,0,0,,D6192730,PR8B,09/14/2026 9:17:16 AM,BPD436,8M5CL,8M5CL,09/15/2026 8:23:58 AM,8M5CL,D1D,2,8550638,,,,,,,,,,,,,,,,,AME427,23,263067,AME427_PM1,P_78_GABON_B10_R4,09/14/2026 7:19:11 AM,3,11.06199,198.0509,92.18328,09/14/2026 7:19:11 AM,AME427,23,263067,AME427_PM1,P_78_GABON_B10_R4,09/14/2026 7:19:11 AM,3,211989,1,2,2,2,2,2,2,2,2,1,1,1,1,1,1,1,1,1,1,1,1,1,1,1,1,1,,,269045,269045,269070,269045,269070,,269045,269045,269045,,,,,,1,,,36317,,,,,,556,556,2396,26434,14102,26434,14102,26434,2396,35119,2396,35119,2396,35119,14102,2396,26434,,,26434,35119,2387,2387,26434,35119,2396,35119,2396,2387,26434,9939,591,,2387,2396,26434,26434,26434,553,591,9939,2396,2396,35119,2396,26434,35119,2396,5129,2396,26434,09/14/2026 8:04:39 AM,11.06199,198.0509,92.18328,09/14/2026 7:19:11 AM,256530,P_78_ROADRUNNER_R2,0.253931,09/14/2026 7:19:11 AM,,,,,,8PR8CVAB,FL78.6H0QE_SNIP_B0204_E180046,SNY512,8PR8CBMT51NA2,,,,,,,,,,,,,,,,,,,,,,,,,,,,,,,,,,,,,,,,,,,,,,,,,,,,,,,,,,,,,,,,
D619273,243,A2FG2243SLH1,0,0,0,0,0.003247,0,0,0.175348,0,0.003247,0,0,0,0.006494,0,,D6192730,PR8B,09/14/2026 9:17:16 AM,BPD436,8M5CL,8M5CL,09/15/2026 8:23:29 AM,8M5CL,D1D,3,8550678,,,,,,,,,,,,,,,,,AME427,13,263067,AME427_PM2,P_78_GABON_B10_R4,09/14/2026 7:33:48 AM,7,9.877026,176.0441,82.30855,09/14/2026 7:33:48 AM,AME427,13,263067,AME427_PM2,P_78_GABON_B10_R4,09/14/2026 7:33:48 AM,7,211989,1,2,2,2,2,2,2,2,2,1,1,1,1,1,1,1,1,1,1,1,1,1,1,1,1,1,,,269045,269045,269070,269045,269070,,269045,269045,269045,,,,,,1,0,,23,,,,,,479,494,2885,43912,3883,43912,31581,43912,2885,45749,2885,45749,2885,45749,31581,2885,43913,,,43913,19546,1009,2885,43913,45749,2885,45749,2885,1009,43913,3921,181,,1009,2885,43913,43913,43913,113,181,3921,2885,2885,45749,2885,43913,45749,2885,4128,2885,43913,09/14/2026 8:04:39 AM,9.877026,176.0441,82.30855,09/14/2026 7:33:48 AM,256530,P_78_ROADRUNNER_R2,0.253937,09/14/2026 7:33:48 AM,,,,,,8PR8CVAB,FL78.6H0QE_SNIP_B0204_E180046,SNY512,8PR8CBMT51NA2,,,,,,,,,,,,,,,,,,,,,,,,,,,,,,,,,,,,,,,,,,,,,,,,,,,,,,,,,,,,,,,,
D619273,246,A2FG2246SLF1,0,0,0,0.003489,0.003489,0.003489,0,0.19889,0,0,0,0,0,0,0,,D6192730,PR8B,09/14/2026 9:17:16 AM,BPD436,8M5CL,8M5CL,09/15/2026 8:24:01 AM,8M5CL,D1D,4,8550540,,,,,,,,,,,,,,,,,AME427,25,263067,AME427_PM2,P_78_GABON_B10_R4,09/14/2026 7:22:50 AM,4,9.877026,176.0441,82.30855,09/14/2026 7:22:50 AM,AME427,25,263067,AME427_PM2,P_78_GABON_B10_R4,09/14/2026 7:22:50 AM,4,211989,1,2,2,2,2,2,2,2,2,1,1,1,1,1,1,1,1,1,1,1,1,1,1,1,1,1,,,269045,269045,269070,269045,269070,,269045,269045,269045,,,,,,1,0,,23,,,,,,479,494,2885,43912,3883,43912,31581,43912,2885,45749,2885,45749,2885,45749,31581,2885,43913,,,43913,19546,1009,2885,43913,45749,2885,45749,2885,1009,43913,3921,181,,1009,2885,43913,43913,43913,113,181,3921,2885,2885,45749,2885,43913,45749,2885,4128,2885,43913,09/14/2026 8:04:39 AM,9.877026,176.0441,82.30855,09/14/2026 7:22:50 AM,256530,P_78_ROADRUNNER_R2,0.253937,09/14/2026 7:22:50 AM,,,,,,8PR8CVAB,FL78.6H0QE_SNIP_B0204_E180046,SNY512,8PR8CBMT51NA2,,,,,,,,,,,,,,,,,,,,,,,,,,,,,,,,,,,,,,,,,,,,,,,,,,,,,,,,,,,,,,,,
D622945,189,HQ3SF189JKB3,0,0,0,0,0,0,0,0.181842,0,0,0,0,0,0,0,,D6229450,PR8B,09/17/2026 12:07:36 PM,BPD458,8M5CL,8M5CL,09/18/2026 7:46:11 AM,8M5CL,D1D,1,8699600,,,,,,,,,,,,,,,,,AME427,16,263067,AME427_PM2,P_78_GABON_B10_R4,09/17/2026 9:55:28 AM,4,9.233527,151.2462,76.94606,09/17/2026 9:55:28 AM,AME427,16,263067,AME427_PM2,P_78_GABON_B10_R4,09/17/2026 9:55:28 AM,4,216036,1,3,3,3,3,3,3,3,3,3,3,3,2,2,2,2,2,2,2,2,2,2,2,2,2,2,,,273092,273092,273117,273092,273117,,273092,273092,273092,,,,,,1,,,30,,,,,,1419,1434,2926,44852,4823,44852,32521,44852,2926,46698,2926,46698,2926,46698,32521,2926,44853,,,44853,20495,1050,2926,44853,46698,2926,46698,2926,1050,44853,4870,222,,1050,2926,44853,44853,44853,76,222,4870,2926,2926,46698,2926,44853,46698,2926,5068,2926,44853,09/17/2026 10:08:36 AM,9.233527,151.2462,76.94606,09/17/2026 9:55:28 AM,263067,P_78_GABON_B10_R4,0.028131,09/17/2026 9:55:28 AM,,,,,,8PR8CVAB,FL78.6H0QE_SNIP_B0204_E180046,SNY510,8PR8CBMT51NA1,,,,,,,,,,,,,,,,,,,,,,,,,,,,,,,,,,,,,,,,,,,,,,,,,,,,,,,,,,,,,,,,
D622945,190,HQ3SF190JKE4,0,0,0.006979,0,0,0,0,0.191911,0,0,0,0,0,0,0,,D6229450,PR8B,09/17/2026 12:07:36 PM,BPD458,8M5CL,8M5CL,09/18/2026 7:47:48 AM,8M5CL,D1D,2,8699690,,,,,,,,,,,,,,,,,AME427,3,263067,AME427_PM2,P_78_GABON_B10_R4,09/17/2026 9:43:14 AM,1,9.233527,151.2462,76.94606,09/17/2026 9:43:14 AM,AME427,3,263067,AME427_PM2,P_78_GABON_B10_R4,09/17/2026 9:43:14 AM,1,216036,1,3,3,3,3,3,3,3,3,3,3,3,2,2,2,2,2,2,2,2,2,2,2,2,2,2,,,273092,273092,273117,273092,273117,,273092,273092,273092,,,,,,1,,,30,,,,,,1419,1434,2926,44852,4823,44852,32521,44852,2926,46698,2926,46698,2926,46698,32521,2926,44853,,,44853,20495,1050,2926,44853,46698,2926,46698,2926,1050,44853,4870,222,,1050,2926,44853,44853,44853,76,222,4870,2926,2926,46698,2926,44853,46698,2926,5068,2926,44853,09/17/2026 10:08:36 AM,9.233527,151.2462,76.94606,09/17/2026 9:43:14 AM,263067,P_78_GABON_B10_R4,0.028131,09/17/2026 9:43:14 AM,,,,,,8PR8CVAB,FL78.6H0QE_SNIP_B0204_E180046,SNY510,8PR8CBMT51NA1,,,,,,,,,,,,,,,,,,,,,,,,,,,,,,,,,,,,,,,,,,,,,,,,,,,,,,,,,,,,,,,,
D620427,154,A2HE8154SLC0,0,0,0.007167,0.003584,0,0,0,0.197096,0,0,0,0.003584,0.003584,0.021501,0.007167,,D6204270,PNCB,09/17/2026 3:39:21 AM,BPD446,8M5CL,8M5CL,09/17/2026 7:51:51 AM,8M5CL,D1D,1,8598972,,,,,,,,,,,,,,,,,AME421,8,263067,AME421_PM6,P_78_GABON_B10_R4,09/17/2026 1:56:32 AM,4,3.954714,73,32.95595,09/17/2026 1:56:32 AM,AME421,8,263067,AME421_PM6,P_78_GABON_B10_R4,09/17/2026 1:56:32 AM,4,234146,1,,,,,,,,,,,,,2,2,2,2,2,2,1,1,1,1,1,1,,0,0,264206,264206,264206,264206,264206,0,264206,264206,264206,,,,,,1,1,0,73,,,0,,,6708,6708,5096,38232,10466,38232,34015,38232,5096,87519,5096,87519,5096,87519,34015,5096,38232,,,38232,31049,1510,5096,38232,87519,5096,87519,5096,1510,38232,12475,558,,1510,5096,38232,38232,38232,928,558,12475,5096,5096,87519,5096,38232,84100,5086,9397,5096,38232,09/17/2026 2:34:37 AM,3.954714,73,32.95595,09/17/2026 1:56:32 AM,256531,P_78_ROADRUNNER_R2,1.521804,09/17/2026 1:56:32 AM,,,,,,8PONCVBB,FL78.3FGTC_SNIP_B0204_E180046,SNY512,8PXSCBMT51NA1,,,,,,,,,,,,,,,,,,,,,,,,,,,,,,,,,,,,,,,,,,,,,,,,,,,,,,,,,,,,,,,,
D620427,156,A2HE8156SLD1,0,0,0,0,0,0.003584,0,0.279518,0,0,0,0.003584,0,0,0.021501,,D6204270,PNCB,09/17/2026 3:39:21 AM,BPD446,8M5CL,8M5CL,09/17/2026 7:52:01 AM,8M5CL,D1D,2,8598950,,,,,,,,,,,,,,,,,AME421,3,263067,AME421_PM5,P_78_GABON_B10_R4,09/17/2026 1:48:30 AM,2,4.100877,76,34.17397,09/17/2026 1:48:30 AM,AME421,3,263067,AME421_PM5,P_78_GABON_B10_R4,09/17/2026 1:48:30 AM,2,234146,1,,,,,,,,,,,,,2,2,2,2,2,2,1,1,1,1,1,1,,0,0,264206,264206,264206,264206,264206,0,264206,264206,264206,,,,,,,1,,64,,,,,,1314,1314,5767,42516,1314,42516,38639,42516,5767,93768,5767,93768,5767,93768,38639,5767,42516,,,42516,10004,453,3964,42516,93768,5767,93768,5767,453,42516,1326,58,,453,453,42516,42516,42516,361,58,1326,5767,5767,93768,5767,42516,90523,5756,8387,5767,42516,09/17/2026 2:34:37 AM,4.100877,76,34.17397,09/17/2026 1:48:30 AM,256531,P_78_ROADRUNNER_R2,1.584502,09/17/2026 1:48:30 AM,,,,,,8PONCVBB,FL78.3FGTC_SNIP_B0204_E180046,SNY512,8PXSCBMT51NA1,,,,,,,,,,,,,,,,,,,,,,,,,,,,,,,,,,,,,,,,,,,,,,,,,,,,,,,,,,,,,,,,
D624329,7,A2MGG007SLG6,0,0,0.003609,0,0.003609,0,0,0.288733,0,0,0,0.003609,0,0.010827,0,,D6243290,PNCB,09/17/2026 9:11:47 AM,BPD446,8M5CL,8M5CL,09/18/2026 7:46:15 AM,8M5CL,D1D,1,8755715,,,,,,,,,,,,,,,,,AME427,21,263067,AME427_PM1,P_78_GABON_B10_R4,09/17/2026 7:42:42 AM,11,10.51727,175.7749,87.64388,09/17/2026 7:42:42 AM,AME427,21,263067,AME427_PM1,P_78_GABON_B10_R4,09/17/2026 7:42:42 AM,11,215872,1,3,3,3,3,3,3,3,3,3,3,2,2,2,2,2,2,2,2,2,2,2,2,2,2,2,,,272928,272928,272953,272928,272953,,272928,272928,272928,,,,,,1,1,,37315,,,,,,1554,1554,2438,27432,15100,27432,15100,27432,2438,36117,2438,36117,2438,36117,15100,2438,27432,,,27432,36117,2429,2429,27432,36117,2438,36117,2438,2429,27432,10937,633,,2429,2438,27432,27432,27432,593,633,10937,2438,2438,36117,2438,27432,36117,2438,6127,2438,27432,09/17/2026 7:53:04 AM,10.51727,175.7749,87.64388,09/17/2026 7:42:42 AM,263067,P_78_GABON_B10_R4,0.636967,09/17/2026 7:42:42 AM,,,,,,8PONCVBB,FL78.3FGTC_SNIP_B0204_E180046,SNY510,8PXSCBMT51NA4,,,,,,,,,,,,,,,,,,,,,,,,,,,,,,,,,,,,,,,,,,,,,,,,,,,,,,,,,,,,,,,,
D624329,58,A2NHX058SLA4,0,0,0.003584,0,0.003584,0,0,0.229348,0,0,0,0.010751,0,0.007167,0,,D6243290,PNCB,09/17/2026 9:11:47 AM,BPD446,8M5CL,8M5CL,09/18/2026 7:47:53 AM,8M5CL,D1D,2,8755661,,,,,,,,,,,,,,,,,AME427,7,263067,AME427_PM1,P_78_GABON_B10_R4,09/17/2026 7:14:00 AM,4,10.51727,175.7749,87.64388,09/17/2026 7:14:00 AM,AME427,7,263067,AME427_PM1,P_78_GABON_B10_R4,09/17/2026 7:14:00 AM,4,215872,1,3,3,3,3,3,3,3,3,3,3,2,2,2,2,2,2,2,2,2,2,2,2,2,2,2,,,272928,272928,272953,272928,272953,,272928,272928,272928,,,,,,1,1,,37315,,,,,,1554,1554,2438,27432,15100,27432,15100,27432,2438,36117,2438,36117,2438,36117,15100,2438,27432,,,27432,36117,2429,2429,27432,36117,2438,36117,2438,2429,27432,10937,633,,2429,2438,27432,27432,27432,593,633,10937,2438,2438,36117,2438,27432,36117,2438,6127,2438,27432,09/17/2026 7:53:04 AM,10.51727,175.7749,87.64388,09/17/2026 7:14:00 AM,263067,P_78_GABON_B10_R4,0.636967,09/17/2026 7:14:00 AM,,,,,,8PONCVBB,FL78.3FGTC_SNIP_B0204_E180046,SNY510,8PXSCBMT51NA4,,,,,,,,,,,,,,,,,,,,,,,,,,,,,,,,,,,,,,,,,,,,,,,,,,,,,,,,,,,,,,,,
D623208,164,HQ3SF164JKA5,0.003584,0,0,0.003584,0.003584,0,0,0.265184,0,0,0,0.003584,0,0.003584,0,,D6232080,PNCB,09/15/2026 12:25:40 PM,BPD436,8M5CL,8M5CL,09/16/2026 8:06:07 AM,8M5CL,D1D,1,8715761,,,,,,,,,,,,,,,,,AME409,5,263067,AME409_PM1,P_78_GABON_B10_R4,09/15/2026 10:33:05 AM,3,3.180526,50,26.50439,09/15/2026 10:33:05 AM,AME409,5,263067,AME409_PM1,P_78_GABON_B10_R4,09/15/2026 10:33:05 AM,3,225950,0.833333,0,0,0,0,0,0,0,0,0,0,0,0,0,0,0,0,0,0,0,0,0,0,0,0,0,0,0,265883,265861,265831,265883,265854,0,265861,265861,265861,,,,,,,,,50,,,,,,880,880,7967,52486,1435,52486,45640,52486,2506,46518,2506,46518,2506,46518,45640,7967,52486,,,52486,15288,703,4234,52486,133479,7967,133479,7967,703,52486,1448,74,,703,703,52485,52486,52486,179,74,1448,4234,7967,133479,7967,52486,133479,7967,11213,7967,52486,09/15/2026 11:13:53 AM,3.180526,50,26.50439,09/15/2026 10:33:05 AM,252845,P_78_PIL16E_1A_R3,1.666973,09/15/2026 10:33:05 AM,,,,,,8PONCVBB,FL78.3FGTC_SNIP_B0204_E180046,SNY512,8PXSCBMT51NA4,,,,,,,,,,,,,,,,,,,,,,,,,,,,,,,,,,,,,,,,,,,,,,,,,,,,,,,,,,,,,,,,
D623208,165,HQ3SF165JKE7,0,0,0,0.003609,0,0,0,0.25625,0,0,0,0,0,0.003609,0,,D6232080,PNCB,09/15/2026 12:25:40 PM,BPD436,8M5CL,8M5CL,09/16/2026 8:06:25 AM,8M5CL,D1D,2,8715757,,,,,,,,,,,,,,,,,AME409,10,263067,AME409_PM2,P_78_GABON_B10_R4,09/15/2026 10:41:04 AM,5,3.131017,51,26.09181,09/15/2026 10:41:04 AM,AME409,10,263067,AME409_PM2,P_78_GABON_B10_R4,09/15/2026 10:41:04 AM,5,225950,0.833333,0,0,0,0,0,0,0,0,0,0,0,0,0,0,0,0,0,0,0,0,0,0,0,0,0,0,0,265883,265861,265831,265883,265854,0,265861,265861,265861,,0,0,0,0,1,1,,47,0,0,,0,,63,90,7441,46253,885,46253,42744,46253,,61162,3606,61162,3606,61162,42744,7441,46253,,,46253,2992,171,5628,46253,118245,7441,118245,7441,171,46253,2992,171,5,171,171,46253,46253,46253,84,171,2992,7441,7441,118245,7441,46253,61162,3606,10845,7441,46253,09/15/2026 11:13:53 AM,3.131017,51,26.09181,09/15/2026 10:41:04 AM,252845,P_78_PIL16E_1A_R3,1.666985,09/15/2026 10:41:04 AM,,,,,,8PONCVBB,FL78.3FGTC_SNIP_B0204_E180046,SNY512,8PXSCBMT51NA4,,,,,,,,,,,,,,,,,,,,,,,,,,,,,,,,,,,,,,,,,,,,,,,,,,,,,,,,,,,,,,,,
D619300,694,5DXWZ694MVG0,0,0,0.003584,0,0,0,0,0.204263,0,0,0,0,0,0.003584,0,,D6193000,PNCB,09/15/2026 9:35:15 PM,BPD458,8M5CL,8M5CL,09/16/2026 8:06:42 AM,8M5CL,D1D,1,8555668,,,,,,,,,,,,,,,,,AME417,17,263067,AME417_PM2,P_78_GABON_B10_R4,09/15/2026 6:55:51 PM,7,3.504774,58,29.20645,09/15/2026 6:55:51 PM,AME417,17,263067,AME417_PM2,P_78_GABON_B10_R4,09/15/2026 6:55:51 PM,7,253953,0.833333,3,3,3,3,3,3,3,3,3,3,2,2,2,2,2,,,,,,,,,,,,,297361,60381,60381,60381,60381,,297385,297385,297361,,,,,,,1,,92,0,0,,,,2292,2292,7672,51161,2292,51161,43314,51161,4413,74800,4413,74800,4413,74800,43314,7672,51161,,,51161,12759,590,5136,51161,122092,7672,122092,7672,590,51161,2313,107,,590,2610,51161,51161,51161,397,107,2313,5136,7672,122092,7672,51161,74800,4413,8314,7672,51161,09/15/2026 7:12:03 PM,3.504774,58,29.20645,09/15/2026 6:55:51 PM,216736,P_78_GOBI_R6,1.47117,09/15/2026 6:55:51 PM,,,,,,8PONCVBB,FL78.3FGTC_SNIP_B0204_E180046,SNY510,8PXSCBMT51NA1,,,,,,,,,,,,,,,,,,,,,,,,,,,,,,,,,,,,,,,,,,,,,,,,,,,,,,,,,,,,,,,,
D619300,698,5DXWZ698MVA7,0.003584,0,0.007167,0,0,0,0,0.189929,0,0,0,0,0,0.014334,0.003584,,D6193000,PNCB,09/15/2026 9:35:15 PM,BPD458,8M5CL,8M5CL,09/16/2026 8:06:11 AM,8M5CL,D1D,2,8555642,,,,,,,,,,,,,,,,,AME417,10,263067,AME417_PM1,P_78_GABON_B10_R4,09/15/2026 6:45:00 PM,4,3.820657,64,31.83881,09/15/2026 6:45:00 PM,AME417,10,263067,AME417_PM1,P_78_GABON_B10_R4,09/15/2026 6:45:00 PM,4,253953,0.833333,3,3,3,3,3,3,3,3,3,3,2,2,2,2,2,,,,,,,,,,,,,297361,60381,60381,60381,60381,,297385,297385,297361,,,,,,1,1,,36,,,,,,3858,3858,7996,51029,3858,51029,40360,51029,4417,75119,4417,75119,4417,75119,40360,7996,51029,,,51029,20239,976,2615,51029,130067,7996,130067,7996,976,51029,1135,180,,976,976,51029,51029,51029,49,180,3894,2615,7996,130067,7996,51029,75119,4417,8969,7996,51029,09/15/2026 7:12:03 PM,3.820657,64,31.83881,09/15/2026 6:45:00 PM,216736,P_78_GOBI_R6,1.410869,09/15/2026 6:45:00 PM,,,,,,8PONCVBB,FL78.3FGTC_SNIP_B0204_E180046,SNY510,8PXSCBMT51NA1,,,,,,,,,,,,,,,,,,,,,,,,,,,,,,,,,,,,,,,,,,,,,,,,,,,,,,,,,,,,,,,,
D616981,167,A28J4167SLC6,0.006494,0,0,0.012989,0,0.003247,0,0.314977,0.003247,0,0,0,0.003247,0,0,,D6169810,PR8B,09/15/2026 11:51:13 AM,BPD454,8M5CL,8M5CL,09/16/2026 8:06:20 AM,8M5CL,D1D,1,8460567,,,,,,,,,,,,,,,,,AME427,9,263067,AME427_PM2,P_78_GABON_B10_R4,09/15/2026 10:32:35 AM,5,9.685441,163.1989,80.71201,09/15/2026 10:32:35 AM,AME427,9,263067,AME427_PM2,P_78_GABON_B10_R4,09/15/2026 10:32:35 AM,5,213435,0.833333,2,2,2,2,2,2,2,2,2,2,2,2,2,2,2,2,2,1,1,1,1,1,1,1,1,,,270491,270491,270516,270491,270516,,270491,270491,270491,,,,,,1,0,,71,,,,,,840,855,2901,44273,4244,44273,31942,44273,2901,46114,2901,46114,2901,46114,31942,2901,44274,,,44274,19911,1025,2901,44274,46114,2901,46114,2901,1025,44274,4286,197,,1025,2901,44274,44274,44274,474,197,4286,2901,2901,46114,2901,44274,46114,2901,4489,2901,44274,09/15/2026 11:05:13 AM,9.685441,163.1989,80.71201,09/15/2026 10:32:35 AM,263067,P_78_GABON_B10_R4,0.034849,09/15/2026 10:32:35 AM,,,,,,8PR8CVB,FL78.6H0QE_SNIP_DLP2471132-1_893,SNV442,8PR8CBMT51NA1,,,,,,,,,,,,,,,,,,,,,,,,,,,,,,,,,,,,,,,,,,,,09/15/2026 12:11:47 PM,.,D,Y,Y,M,.,.,RA3!DLP2471132_1_SWIC_20260914_20195229_0!1,Recipe:AM;LAYERID:8M5CL;LOWEST_N_WAFERS:,sotieno,09/14/2026 8:09:41 PM,,sotieno,09/14/2026 8:13:03 PM,SO,autosif,09/15/2026 11:50:52 AM,autosif,09/15/2026 12:11:46 PM,"Recipe=AM;LAYERID=8M5CL;LOWEST_N_WAFERS=(optional);WAFER_LIST=167,170(optional);KLARITY_STEPID=(optional);"
D616981,170,A28J4170SLH0,0,0,0.003489,0.010468,0.006979,0,0,0.575733,0,0,0,0.003489,0.027914,0,0,,D6169810,PR8B,09/15/2026 11:51:13 AM,BPD454,8M5CL,8M5CL,09/16/2026 8:06:13 AM,8M5CL,D1D,2,8460584,,,,,,,,,,,,,,,,,AME427,19,263067,AME427_PM2,P_78_GABON_B10_R4,09/15/2026 10:51:08 AM,10,9.685441,163.1989,80.71201,09/15/2026 10:51:08 AM,AME427,19,263067,AME427_PM2,P_78_GABON_B10_R4,09/15/2026 10:51:08 AM,10,213435,0.833333,2,2,2,2,2,2,2,2,2,2,2,2,2,2,2,2,2,1,1,1,1,1,1,1,1,,,270491,270491,270516,270491,270516,,270491,270491,270491,,,,,,1,0,,71,,,,,,840,855,2901,44273,4244,44273,31942,44273,2901,46114,2901,46114,2901,46114,31942,2901,44274,,,44274,19911,1025,2901,44274,46114,2901,46114,2901,1025,44274,4286,197,,1025,2901,44274,44274,44274,474,197,4286,2901,2901,46114,2901,44274,46114,2901,4489,2901,44274,09/15/2026 11:05:13 AM,9.685441,163.1989,80.71201,09/15/2026 10:51:08 AM,263067,P_78_GABON_B10_R4,0.034849,09/15/2026 10:51:08 AM,,,,,,8PR8CVB,FL78.6H0QE_SNIP_DLP2471132-1_893,SNV442,8PR8CBMT51NA1,,,,,,,,,,,,,,,,,,,,,,,,,,,,,,,,,,,,,,,,,,,,09/15/2026 12:11:47 PM,.,D,Y,Y,M,.,.,RA3!DLP2471132_1_SWIC_20260914_20195229_0!1,Recipe:AM;LAYERID:8M5CL;LOWEST_N_WAFERS:,sotieno,09/14/2026 8:09:41 PM,,sotieno,09/14/2026 8:13:03 PM,SO,autosif,09/15/2026 11:50:52 AM,autosif,09/15/2026 12:11:46 PM,"Recipe=AM;LAYERID=8M5CL;LOWEST_N_WAFERS=(optional);WAFER_LIST=167,170(optional);KLARITY_STEPID=(optional);"
D626512,34,A2GUA034SLG4,0,0,0,0.003489,0,0,0,0.244251,0,0,0,0.003489,0,0.020936,0,,D6265120,PR8B,09/15/2026 11:01:56 PM,BPD436,8M5CL,8M5CL,09/16/2026 8:06:25 AM,8M5CL,D1D,1,8824212,,,,,,,,,,,,,,,,,AME409,5,263067,AME409_PM3,P_78_GABON_B10_R4,09/15/2026 8:18:13 PM,5,2.038746,39,16.98955,09/15/2026 8:18:13 PM,AME409,5,263067,AME409_PM3,P_78_GABON_B10_R4,09/15/2026 8:18:13 PM,5,226199,1,1,1,0,0,0,0,0,0,0,0,0,0,0,0,0,0,0,0,0,0,0,0,0,0,0,0,0,266132,266110,266080,266132,266103,0,266110,266110,266110,,,,,,2,,,64,,,,,,959,959,7848,49980,15640,49980,41852,49980,7848,124770,7848,124770,7848,124770,41852,7848,49980,,,49980,33705,1663,3284,49980,124770,7848,124770,7848,1663,49980,15787,732,,1663,1663,49979,49979,49979,961,732,15787,3284,7848,124770,7848,49979,124770,7848,10417,7848,49980,09/15/2026 9:31:30 PM,2.038746,39,16.98955,09/15/2026 8:18:13 PM,256532,P_78_ROADRUNNER_R2,0.248301,09/15/2026 8:18:13 PM,,,,,,8PR8CVAB,FL78.6H0QE_SNIP_B0204_E180046,SNY510,8PR8CBMT51NA2,09/15/2026 6:55:53 PM,.,D,Y,Y,M,.,.,RA3!DLP2535745SWIC_20260827_11485026_0!1,Recipe:AM;SIF_TYPE:FLOW;SIF_VERSION:2;SI,oogunlal,08/27/2026 11:48:50 AM,XPR5 on N58N Filter for Minis Improvement. Run on SNY510,autosif,09/15/2026 6:25:10 PM,autosif,09/15/2026 6:55:53 PM,Recipe=AM;SIF_TYPE=FLOW;SIF_VERSION=2;SIF_GATE_CTRL=FALSE;SIF_RETICLE=(optional);LCA_Flag=(optional);,theiders,08/27/2026 4:55:12 PM,TSH,theiders,09/15/2026 9:31:09 PM,.,D,Y,Y,M,.,.,RA3!DLP2535745SWIC_20260827_11084223_0!1,Recipe:AM;PILOT_NAME:SRCIP;,kruthisr,08/27/2026 11:08:42 AM,matthewh,08/27/2026 11:08:42 AM,for SRCIP Defect Project,autosif,09/15/2026 7:56:53 PM,autosif,09/15/2026 9:31:09 PM,Recipe=AM;PILOT_NAME=SRCIP;,,,,,,,,,,,,,,,,,,,,,,
D626512,37,A2GUA037SLE4,0,0,0.009742,0.003247,0,0,0,0.243539,0,0,0,0,0,0,0,,D6265120,PR8B,09/15/2026 11:01:56 PM,BPD436,8M5CL,8M5CL,09/16/2026 8:06:38 AM,8M5CL,D1D,2,8824157,,,,,,,,,,,,,,,,,AME409,10,263067,AME409_PM3,P_78_GABON_B10_R4,09/15/2026 8:36:32 PM,10,2.038746,39,16.98955,09/15/2026 8:36:32 PM,AME409,10,263067,AME409_PM3,P_78_GABON_B10_R4,09/15/2026 8:36:32 PM,10,226199,1,1,1,0,0,0,0,0,0,0,0,0,0,0,0,0,0,0,0,0,0,0,0,0,0,0,0,0,266132,266110,266080,266132,266103,0,266110,266110,266110,,,,,,2,,,64,,,,,,959,959,7848,49980,15640,49980,41852,49980,7848,124770,7848,124770,7848,124770,41852,7848,49980,,,49980,33705,1663,3284,49980,124770,7848,124770,7848,1663,49980,15787,732,,1663,1663,49979,49979,49979,961,732,15787,3284,7848,124770,7848,49979,124770,7848,10417,7848,49980,09/15/2026 9:31:30 PM,2.038746,39,16.98955,09/15/2026 8:36:32 PM,256532,P_78_ROADRUNNER_R2,0.248301,09/15/2026 8:36:32 PM,,,,,,8PR8CVAB,FL78.6H0QE_SNIP_B0204_E180046,SNY510,8PR8CBMT51NA2,09/15/2026 6:55:53 PM,.,D,Y,Y,M,.,.,RA3!DLP2535745SWIC_20260827_11485026_0!1,Recipe:AM;SIF_TYPE:FLOW;SIF_VERSION:2;SI,oogunlal,08/27/2026 11:48:50 AM,XPR5 on N58N Filter for Minis Improvement. Run on SNY510,autosif,09/15/2026 6:25:10 PM,autosif,09/15/2026 6:55:53 PM,Recipe=AM;SIF_TYPE=FLOW;SIF_VERSION=2;SIF_GATE_CTRL=FALSE;SIF_RETICLE=(optional);LCA_Flag=(optional);,theiders,08/27/2026 4:55:12 PM,TSH,theiders,09/15/2026 9:31:09 PM,.,D,Y,Y,M,.,.,RA3!DLP2535745SWIC_20260827_11084223_0!1,Recipe:AM;PILOT_NAME:SRCIP;,kruthisr,08/27/2026 11:08:42 AM,matthewh,08/27/2026 11:08:42 AM,for SRCIP Defect Project,autosif,09/15/2026 7:56:53 PM,autosif,09/15/2026 9:31:09 PM,Recipe=AM;PILOT_NAME=SRCIP;,,,,,,,,,,,,,,,,,,,,,,
D614EAF,386,5DXNQ386MVE3,0,0,0,0,0.005273,0,0,0.279461,0,0,0,0,0,0,0.005273,,D614EAF0,X78E,09/19/2026 4:56:42 PM,BPD436,8M5CL,8M5CL,09/20/2026 8:16:00 AM,8M5CL,D1D,1,8372944,,,,,,,,,,,,,,,,,AME417,1,263067,AME417_PM1,P_78_GABON_B10_R4,09/19/2026 3:30:24 PM,1,4.24597,63,35.38308,09/19/2026 3:30:24 PM,AME417,1,263067,AME417_PM1,P_78_GABON_B10_R4,09/19/2026 3:30:24 PM,1,256320,0.833333,1,1,1,1,1,1,1,1,1,0,0,0,0,0,0,0,0,0,0,0,0,0,0,0,0,,,299728,62748,62748,62748,62748,,299752,299752,299728,,,,,,,,,25,,,,,,4254,4254,8016,51425,4254,51425,40756,51425,4437,75519,4437,75519,4437,75519,40756,8016,51425,,,51425,20639,996,2635,51425,130467,8016,130467,8016,996,51425,1535,200,,996,996,51425,51425,51425,445,200,4294,2635,8016,130467,8016,51425,75519,4437,9365,8016,51425,09/19/2026 4:16:57 PM,4.24597,63,35.38308,09/19/2026 3:30:24 PM,216737,P_78_GOBI_R6,3.197107,09/19/2026 3:30:24 PM,,,,,,1L78EVAA,FL78.6K93E_SNIP_DLP2380294-1_6264,SNY512,1X78EAMT50NB1,,,,,,,,,,,,,,,,,,,,,,,,,,,,,,,,,,,,,,,,,,,,,,,,,,,,,,,,,,,,,,,,
D614EAF,389,5DXNQ389MVC3,0,0,0.010578,0.005289,0.005289,0,0,0.153386,0,0,0,0.005289,0,0.010578,0,,D614EAF0,X78E,09/19/2026 4:56:42 PM,BPD436,8M5CL,8M5CL,09/20/2026 8:15:52 AM,8M5CL,D1D,2,8373097,,,,,,,,,,,,,,,,,AME417,22,263067,AME417_PM2,P_78_GABON_B10_R4,09/19/2026 4:08:14 PM,11,3.980626,59,33.17188,09/19/2026 4:08:14 PM,AME417,22,263067,AME417_PM2,P_78_GABON_B10_R4,09/19/2026 4:08:14 PM,11,256320,0.833333,1,1,1,1,1,1,1,1,1,0,0,0,0,0,0,0,0,0,0,0,0,0,0,0,0,,,299728,62748,62748,62748,62748,,299752,299752,299728,,,,,,,,,95,,,,,,275,274,7688,51474,2605,51474,43627,51474,4429,75116,4429,75116,4429,75116,43627,7688,51474,,,51474,13075,606,5152,51474,122408,7688,122408,7688,606,51474,2629,123,,606,2626,51474,51474,51474,710,123,2629,5152,7688,122408,7688,51474,75116,4429,8627,7688,51474,09/19/2026 4:16:57 PM,3.980626,59,33.17188,09/19/2026 4:08:14 PM,216737,P_78_GOBI_R6,3.275306,09/19/2026 4:08:14 PM,,,,,,1L78EVAA,FL78.6K93E_SNIP_DLP2380294-1_6264,SNY512,1X78EAMT50NB1,,,,,,,,,,,,,,,,,,,,,,,,,,,,,,,,,,,,,,,,,,,,,,,,,,,,,,,,,,,,,,,,
D624342,247,KJFWP247WFE5,0,0,0,0,0,0,0,0.263468,0,0,0,0,0,0.014437,0.018046,,D6243420,PNCB,09/19/2026 4:18:17 PM,BPD454,8M5CL,8M5CL,09/20/2026 8:28:25 AM,8M5CL,D1D,1,8759239,,,,,,,,,,,,,,,,,AME423,21,263067,AME423_PM1,P_78_GABON_B10_R4,09/19/2026 3:37:50 PM,6,4.462516,75,37.18764,09/19/2026 3:37:50 PM,AME423,21,263067,AME423_PM1,P_78_GABON_B10_R4,09/19/2026 3:37:50 PM,6,255779,1,3,2,2,2,2,2,2,2,,,,,,,,,,,2,2,2,2,2,2,2,0,0,291550,291550,291539,291550,291539,0,291545,291545,291545,,,,,,,1,,106,,,,,,2133,2132,6302,56878,3634,56878,52696,56878,6302,111429,6302,111429,6302,111429,52696,6302,56878,0,0,56878,20123,926,6302,56878,111429,6302,111429,6302,926,56878,3668,164,0,926,926,56878,56878,56878,225,164,3668,6302,6302,111429,6302,56878,111429,6302,7422,6302,56878,09/19/2026 3:42:41 PM,4.462516,75,37.18764,09/19/2026 3:37:50 PM,263067,P_78_GABON_B10_R4,0.355823,09/19/2026 3:37:50 PM,,,,,,8PONCVBB,FL78.3FGTC_SNIP_B0204_E180046,SNY510,8PXSCBMT51NA4,,,,,,,,,,,,,,,,,,,,,,,,,,,,,,,,,,,,,,,,,,,,,,,,,,,,,,,,,,,,,,,,
D624342,255,KJFWP255WFA5,0.003609,0,0.003609,0.003609,0,0,0,0.25625,0,0,0.003609,0.003609,0,0.007218,0,,D6243420,PNCB,09/19/2026 4:18:17 PM,BPD454,8M5CL,8M5CL,09/20/2026 8:28:17 AM,8M5CL,D1D,2,8759228,,,,,,,,,,,,,,,,,AME423,2,263067,AME423_PM2,P_78_GABON_B10_R4,09/19/2026 3:19:05 PM,1,6.206236,111,51.71863,09/19/2026 3:19:05 PM,AME423,2,263067,AME423_PM2,P_78_GABON_B10_R4,09/19/2026 3:19:05 PM,1,255779,1,3,2,2,2,2,2,2,2,,,,,,,,,,,2,2,2,2,2,2,2,0,0,291550,291550,291539,291550,291539,0,291545,291545,291545,,,,,1,,1,,17,,,,,,2087,2087,5860,42744,4613,42744,34584,42744,5860,96664,5860,96664,5860,96664,34584,5860,42744,0,0,42744,4657,212,4058,42744,96664,5860,96664,5860,212,42744,4657,212,0,212,212,42744,42744,42744,360,212,4657,5860,5860,96664,5860,42744,96664,5860,7305,5860,42744,09/19/2026 3:42:41 PM,6.206236,111,51.71863,09/19/2026 3:19:05 PM,263067,P_78_GABON_B10_R4,0.355826,09/19/2026 3:19:05 PM,,,,,,8PONCVBB,FL78.3FGTC_SNIP_B0204_E180046,SNY510,8PXSCBMT51NA4,,,,,,,,,,,,,,,,,,,,,,,,,,,,,,,,,,,,,,,,,,,,,,,,,,,,,,,,,,,,,,,,
D623206,52,HQ3SF052JKD2,0,0,0.003584,0,0,0,0,0.207847,0,0,0,0.007167,0,0.003584,0.014334,,D6232060,PNCB,09/19/2026 11:07:22 AM,BPD454,8M5CL,8M5CL,09/20/2026 8:28:25 AM,8M5CL,D1D,1,8716297,,,,,,,,,,,,,,,,,AME411,21,263067,AME411_PM1,P_78_GABON_B10_R4,09/19/2026 9:33:25 AM,10,4.238222,80,35.31852,09/19/2026 9:33:25 AM,AME411,21,263067,AME411_PM1,P_78_GABON_B10_R4,09/19/2026 9:33:25 AM,10,192906,1,2,2,2,2,2,2,2,2,,,,,,,2,2,2,2,2,2,2,2,2,2,1,0,0,240871,22777,22777,22777,22777,0,240896,240896,240871,,,,,,1,1,,11,,,,,,783,826,6945,52824,826,52824,45219,52824,720,15350,720,15350,6945,115586,45219,6945,52824,,,52824,15350,720,6945,52824,115586,6945,115586,6945,720,52824,15350,720,,720,3088,52824,52824,52824,768,720,15350,6945,6945,115586,6945,52824,115586,6945,9036,6945,52824,09/19/2026 9:39:45 AM,4.238222,80,35.31852,09/19/2026 9:33:25 AM,256531,P_78_ROADRUNNER_R2,2.022977,09/19/2026 9:33:25 AM,,,,,,8PONCVBB,FL78.3FGTC_SNIP_B0204_E180046,SNY512,8PXSCBMT51NA4,,,,,,,,,,,,,,,,,,,,,,,,,,,,,,,,,,,,,,,,,,,,,,,,,,,,,,,,,,,,,,,,
D623206,128,HQ3FV128JKD4,0,0,0.003584,0.003584,0,0,0,0.218597,0,0,0,0,0,0,0.010751,,D6232060,PNCB,09/19/2026 11:07:22 AM,BPD454,8M5CL,8M5CL,09/20/2026 8:28:20 AM,8M5CL,D1D,2,8716361,,,,,,,,,,,,,,,,,AME411,18,263067,AME411_PM1,P_78_GABON_B10_R4,09/19/2026 9:29:17 AM,9,4.238222,80,35.31852,09/19/2026 9:29:17 AM,AME411,18,263067,AME411_PM1,P_78_GABON_B10_R4,09/19/2026 9:29:17 AM,9,192906,1,2,2,2,2,2,2,2,2,,,,,,,2,2,2,2,2,2,2,2,2,2,1,0,0,240871,22777,22777,22777,22777,0,240896,240896,240871,,,,,,1,1,,11,,,,,,783,826,6945,52824,826,52824,45219,52824,720,15350,720,15350,6945,115586,45219,6945,52824,,,52824,15350,720,6945,52824,115586,6945,115586,6945,720,52824,15350,720,,720,3088,52824,52824,52824,768,720,15350,6945,6945,115586,6945,52824,115586,6945,9036,6945,52824,09/19/2026 9:39:45 AM,4.238222,80,35.31852,09/19/2026 9:29:17 AM,256531,P_78_ROADRUNNER_R2,2.022977,09/19/2026 9:29:17 AM,,,,,,8PONCVBB,FL78.3FGTC_SNIP_B0204_E180046,SNY512,8PXSCBMT51NA4,,,,,,,,,,,,,,,,,,,,,,,,,,,,,,,,,,,,,,,,,,,,,,,,,,,,,,,,,,,,,,,,
D623202,79,IEGMA079MMF4,0,0,0.014437,0,0.003609,0,0,0.288733,0,0,0,0.007218,0.007218,0.007218,0,,D6232020,PNCB,09/19/2026 6:21:25 AM,BPD458,8M5CL,8M5CL,09/20/2026 8:28:17 AM,8M5CL,D1D,1,8715598,,,,,,,,,,,,,,,,,AME423,1,263067,AME423_PM4,P_78_GABON_B10_R4,09/19/2026 5:01:43 AM,4,3.846444,64.9007,32.0537,09/19/2026 5:01:43 AM,AME423,1,263067,AME423_PM4,P_78_GABON_B10_R4,09/19/2026 5:01:43 AM,4,255449,1,2,2,2,2,2,2,2,2,,,,,,,,,,,2,2,2,2,2,2,2,,,291220,291220,291209,291220,291209,,291215,291215,291215,,0,0,,,1,1,,18,,,,,,1939,1938,5140,54447,10116,54447,52349,54447,889,18709,5140,93581,5140,93581,52349,5140,54447,,,54447,18709,889,5140,54447,93581,5140,93581,5140,461,54447,10213,461,,461,889,54447,54447,54447,26,461,10213,5140,5140,93581,5140,54447,93581,5140,9301,5140,54447,09/19/2026 5:33:30 AM,3.846444,64.9007,32.0537,09/19/2026 5:01:43 AM,290585,P_78_M5_RR_R1,0.037566,09/19/2026 5:01:43 AM,,,,,,8PONCVBB,FL78.3FGTC_SNIP_B0204_E180046,SNY512,8PXSCBMT51NA1,,,,,,,,,,,,,,,,,,,,,,,,,,,,,,,,,,,,,,,,,,,,,,,,,,,,,,,,,,,,,,,,
D623202,110,IEGMA110MMF6,0.003584,0,0,0,0,0,0,0.204263,0,0,0,0,0.003584,0,0,,D6232020,PNCB,09/19/2026 6:21:25 AM,BPD458,8M5CL,8M5CL,09/20/2026 8:28:24 AM,8M5CL,D1D,2,8715704,,,,,,,,,,,,,,,,,AME423,22,263067,AME423_PM4,P_78_GABON_B10_R4,09/19/2026 4:54:42 AM,2,3.846444,64.9007,32.0537,09/19/2026 4:54:42 AM,AME423,22,263067,AME423_PM4,P_78_GABON_B10_R4,09/19/2026 4:54:42 AM,2,255449,1,2,2,2,2,2,2,2,2,,,,,,,,,,,2,2,2,2,2,2,2,,,291220,291220,291209,291220,291209,,291215,291215,291215,,0,0,,,1,1,,18,,,,,,1939,1938,5140,54447,10116,54447,52349,54447,889,18709,5140,93581,5140,93581,52349,5140,54447,,,54447,18709,889,5140,54447,93581,5140,93581,5140,461,54447,10213,461,,461,889,54447,54447,54447,26,461,10213,5140,5140,93581,5140,54447,93581,5140,9301,5140,54447,09/19/2026 5:33:30 AM,3.846444,64.9007,32.0537,09/19/2026 4:54:42 AM,290585,P_78_M5_RR_R1,0.037566,09/19/2026 4:54:42 AM,,,,,,8PONCVBB,FL78.3FGTC_SNIP_B0204_E180046,SNY512,8PXSCBMT51NA1,,,,,,,,,,,,,,,,,,,,,,,,,,,,,,,,,,,,,,,,,,,,,,,,,,,,,,,,,,,,,,,,
D512945,252,GG8DH252JKG3,0,0,0,0.010751,0,0,0,0.243682,0,0,0,0,0,0.007167,0.003584,,D5129450U,PNCB,09/18/2026 9:53:37 PM,BPD436,8M5CL,8M5CL,09/20/2026 8:28:47 AM,8M5CL,D1D,1,9343492,,,,,,,,,,,,,,,,,AME423,18,263067,AME423_PM3,P_78_GABON_B10_R4,09/18/2026 7:17:46 PM,1,3.368931,58,28.07442,09/18/2026 7:17:46 PM,AME423,18,263067,AME423_PM3,P_78_GABON_B10_R4,09/18/2026 7:17:46 PM,1,255177,1,2,2,2,2,,,,,,,,,2,2,2,2,2,2,2,2,2,1,1,1,1,,,290948,290948,290937,290948,290937,,290943,290943,290943,0,,,,0,,,,21,,,,,,622,622,6832,71380,11371,71380,60948,71380,3225,68254,3225,68254,3225,68254,60948,3225,71380,,,71380,30993,1425,5029,71380,132306,6832,132306,6832,1425,71380,11479,513,,1425,1425,71380,71380,71380,621,513,11479,6832,6832,132306,6832,71380,68254,3225,10426,6832,71380,09/18/2026 7:19:18 PM,3.368931,58,28.07442,09/18/2026 7:17:46 PM,263067,P_78_GABON_B10_R4,0.780008,09/18/2026 7:17:46 PM,LSA433,18,263067,1,09/18/2026 7:04:01 PM,8PONCVB,FL78.0VSYB_SNIP_DLP2140997-1_186,SNY510,8PXSCBMT51NA4,09/18/2026 12:29:10 PM,.,D,Y,Y,M,.,.,RA3!DLP2140997_35_SWIC_20260918_09593097_0!1,Recipe:AM;SIF_TYPE:ENG;SIF_GATE_PASS:GRI,absteel,09/18/2026 9:57:36 AM,GRID COL,autosif,09/18/2026 11:55:16 AM,autosif,09/18/2026 12:29:10 PM,Recipe=AM;SIF_TYPE=ENG;SIF_GATE_PASS=GRID(optional);SIF_DOSE=(optional);SIF_DOSE_DELTA=(optional);SIF_FOCUS=(optional);SIF_FOCUS_DELTA=(optional);SIF_RET_X_TILT=(optional);SIF_RET_Y_TILT=(optional);SIF_RETICLE=(optional);SIF_SPR_WIP_ASSOCIATION=(optional);SIF_SCNR_ALIGN=(optional);SIF_SRC=(optional);SIF_REG_DELTA=(optional);SIF_EFCC=(optional);SIF_INPUT=(optional);PILOT_NAME=(optional);LCA_Flag=(optional);LookAheadDLP=(optional);,absteel,09/18/2026 9:57:36 AM,absteel,,,,,,,,,,,,,,,,,,,,,,,09/18/2026 10:24:12 PM,.,D,Y,Y,M,.,D,RA3!DLP2140997_35_SWIC_20260911_16512917_1!1,Recipe:AM;LAYERID:8M5CL;LOWEST_N_WAFERS:,satadess,08/14/2026 8:24:21 AM,,sys_rf3pmes1,09/15/2026 1:55:01 PM,SIF is approved by AutoSIFDispo.,autosif,09/18/2026 9:53:15 PM,autosif,09/18/2026 10:24:12 PM,Recipe=AM;LAYERID=8M5CL;LOWEST_N_WAFERS=4(optional);WAFER_LIST=(optional);KLARITY_STEPID=(optional);
D512945,253,GG8DH253JKD2,0,0,0,0,0.007218,0,0,0.270687,0,0,0,0,0,0,0,,D5129450U,PNCB,09/18/2026 9:53:37 PM,BPD436,8M5CL,8M5CL,09/20/2026 8:28:54 AM,8M5CL,D1D,2,9343536,,,,,,,,,,,,,,,,,AME411,20,263067,AME411_PM2,S_78_RR_WF80_W1,09/18/2026 7:44:09 PM,8,3.878712,67,32.3226,09/18/2026 7:44:09 PM,AME411,20,263067,AME411_PM2,S_78_RR_WF80_W1,09/18/2026 7:44:09 PM,8,192421,1,2,2,,,,,,,2,2,2,2,2,2,2,2,2,2,2,1,1,1,1,1,1,0,0,240386,22292,22292,22292,22292,0,240411,240411,240386,0,0,0,0,0,1,,,90,,,,,,1056,1056,7400,66382,1056,66382,56143,66382,7400,136190,7400,136190,7400,136190,56143,7400,66382,,,66382,1065,56,56,66382,136190,7400,136190,7400,56,66382,1065,56,,56,2616,66382,66382,66382,214,56,1065,2616,7400,136190,7400,66382,136190,7400,8138,7400,66382,09/18/2026 7:52:08 PM,3.878712,67,32.3226,09/18/2026 7:44:09 PM,259046,P_78_GOBI_R6,2.059383,09/18/2026 7:44:09 PM,,,,,,8PONCVB,FL78.0VSYB_SNIP_DLP2140997-1_186,SNY510,8PXSCBMT51NA4,09/18/2026 12:29:10 PM,.,D,Y,Y,M,.,.,RA3!DLP2140997_35_SWIC_20260918_09593097_0!1,Recipe:AM;SIF_TYPE:ENG;SIF_GATE_PASS:GRI,absteel,09/18/2026 9:57:36 AM,GRID COL,autosif,09/18/2026 11:55:16 AM,autosif,09/18/2026 12:29:10 PM,Recipe=AM;SIF_TYPE=ENG;SIF_GATE_PASS=GRID(optional);SIF_DOSE=(optional);SIF_DOSE_DELTA=(optional);SIF_FOCUS=(optional);SIF_FOCUS_DELTA=(optional);SIF_RET_X_TILT=(optional);SIF_RET_Y_TILT=(optional);SIF_RETICLE=(optional);SIF_SPR_WIP_ASSOCIATION=(optional);SIF_SCNR_ALIGN=(optional);SIF_SRC=(optional);SIF_REG_DELTA=(optional);SIF_EFCC=(optional);SIF_INPUT=(optional);PILOT_NAME=(optional);LCA_Flag=(optional);LookAheadDLP=(optional);,absteel,09/18/2026 9:57:36 AM,absteel,,09/18/2026 7:51:14 PM,.,D,Y,Y,M,D,.,RA3!DLP2140997_35_SWIC_20260911_16543144_1!1,Recipe:AM;CHAMBER_RECIPE_ENTITYLIST_1:PM,yucongmi,09/11/2026 4:53:29 PM,waiyiplo,09/16/2026 9:20:59 AM,approved,autosif,09/18/2026 7:17:57 PM,autosif,09/18/2026 7:51:14 PM,Recipe=AM;CHAMBER_RECIPE_ENTITYLIST_1=PM2;S_78_RR_WF80_W1;AME411(optional);CHAMBER_RECIPE_ENTITYLIST_2=PM3;S_78_RR_WF80_W1;AME423(optional);CHAMBER_RECIPE_ENTITYLIST_3=(optional);CHAMBER_RECIPE_ENTITYLIST_4=(optional);CHAMBER_RECIPE_ENTITYLIST_5=(optional);CHAMBER_RECIPE_ENTITYLIST_6=(optional);SIF_STEPTIME=(optional);SIF_OE_PCT=(optional);SIF_CYCLES=(optional);SIF_APC=OFF(optional);,M5 Arpeggio pilot RR80_W1,09/18/2026 10:24:12 PM,.,D,Y,Y,M,.,D,RA3!DLP2140997_35_SWIC_20260911_16512917_1!1,Recipe:AM;LAYERID:8M5CL;LOWEST_N_WAFERS:,satadess,08/14/2026 8:24:21 AM,,sys_rf3pmes1,09/15/2026 1:55:01 PM,SIF is approved by AutoSIFDispo.,autosif,09/18/2026 9:53:15 PM,autosif,09/18/2026 10:24:12 PM,Recipe=AM;LAYERID=8M5CL;LOWEST_N_WAFERS=4(optional);WAFER_LIST=(optional);KLARITY_STEPID=(optional);
D512945,254,GG8DH254JKA1,0,0,0,0,0.003584,0,0,0.200679,0,0,0,0,0,0,0,,D5129450U,PNCB,09/18/2026 9:53:37 PM,BPD436,8M5CL,8M5CL,09/20/2026 8:28:42 AM,8M5CL,D1D,3,9343496,,,,,,,,,,,,,,,,,AME423,19,263067,AME423_PM4,P_78_GABON_B10_R4,09/18/2026 7:17:46 PM,1,2.934712,50,24.45593,09/18/2026 7:17:46 PM,AME423,19,263067,AME423_PM4,P_78_GABON_B10_R4,09/18/2026 7:17:46 PM,1,255177,1,2,2,2,2,,,,,,,,,2,2,2,2,2,2,2,2,2,1,1,1,1,,,290948,290948,290937,290948,290937,,290943,290943,290943,0,,0,,,1,1,,59,,,,,,1878,1877,5137,54386,10055,54386,52288,54386,886,18647,5137,93519,5137,93519,52288,5137,54386,,,54386,18647,886,5137,54386,93519,5137,93519,5137,458,54386,10151,458,,458,886,54386,54386,54386,908,458,10151,5137,5137,93519,5137,54386,93519,5137,9240,5137,54386,09/18/2026 7:19:18 PM,2.934712,50,24.45593,09/18/2026 7:17:46 PM,263067,P_78_GABON_B10_R4,0.838795,09/18/2026 7:17:46 PM,LSA433,19,263067,1,09/18/2026 7:04:01 PM,8PONCVB,FL78.0VSYB_SNIP_DLP2140997-1_186,SNY510,8PXSCBMT51NA4,09/18/2026 12:29:10 PM,.,D,Y,Y,M,.,.,RA3!DLP2140997_35_SWIC_20260918_09593097_0!1,Recipe:AM;SIF_TYPE:ENG;SIF_GATE_PASS:GRI,absteel,09/18/2026 9:57:36 AM,GRID COL,autosif,09/18/2026 11:55:16 AM,autosif,09/18/2026 12:29:10 PM,Recipe=AM;SIF_TYPE=ENG;SIF_GATE_PASS=GRID(optional);SIF_DOSE=(optional);SIF_DOSE_DELTA=(optional);SIF_FOCUS=(optional);SIF_FOCUS_DELTA=(optional);SIF_RET_X_TILT=(optional);SIF_RET_Y_TILT=(optional);SIF_RETICLE=(optional);SIF_SPR_WIP_ASSOCIATION=(optional);SIF_SCNR_ALIGN=(optional);SIF_SRC=(optional);SIF_REG_DELTA=(optional);SIF_EFCC=(optional);SIF_INPUT=(optional);PILOT_NAME=(optional);LCA_Flag=(optional);LookAheadDLP=(optional);,absteel,09/18/2026 9:57:36 AM,absteel,,,,,,,,,,,,,,,,,,,,,,,09/18/2026 10:24:12 PM,.,D,Y,Y,M,.,D,RA3!DLP2140997_35_SWIC_20260911_16512917_1!1,Recipe:AM;LAYERID:8M5CL;LOWEST_N_WAFERS:,satadess,08/14/2026 8:24:21 AM,,sys_rf3pmes1,09/15/2026 1:55:01 PM,SIF is approved by AutoSIFDispo.,autosif,09/18/2026 9:53:15 PM,autosif,09/18/2026 10:24:12 PM,Recipe=AM;LAYERID=8M5CL;LOWEST_N_WAFERS=4(optional);WAFER_LIST=(optional);KLARITY_STEPID=(optional);
D512945,255,GG8DH255JKE3,0,0,0,0.003609,0.007218,0,0,0.328433,0,0.003609,0,0,0,0.003609,0,0,D5129450U,PNCB,09/18/2026 9:53:37 PM,BPD436,8M5CL,8M5CL,09/20/2026 8:29:01 AM,8M5CL,D1D,4,9343489,,,,,,,,,,,,,,,,,AME411,12,263067,AME411_PM2,S_78_RR_WF80_W1,09/18/2026 7:34:46 PM,5,3.878712,67,32.3226,09/18/2026 7:34:46 PM,AME411,12,263067,AME411_PM2,S_78_RR_WF80_W1,09/18/2026 7:34:46 PM,5,192421,1,2,2,,,,,,,2,2,2,2,2,2,2,2,2,2,2,1,1,1,1,1,1,0,0,240386,22292,22292,22292,22292,0,240411,240411,240386,0,0,0,0,0,1,,,90,,,,,,1056,1056,7400,66382,1056,66382,56143,66382,7400,136190,7400,136190,7400,136190,56143,7400,66382,,,66382,1065,56,56,66382,136190,7400,136190,7400,56,66382,1065,56,,56,2616,66382,66382,66382,214,56,1065,2616,7400,136190,7400,66382,136190,7400,8138,7400,66382,09/18/2026 7:52:08 PM,3.878712,67,32.3226,09/18/2026 7:34:46 PM,259046,P_78_GOBI_R6,2.059383,09/18/2026 7:34:46 PM,,,,,,8PONCVB,FL78.0VSYB_SNIP_DLP2140997-1_186,SNY510,8PXSCBMT51NA4,09/18/2026 12:29:10 PM,.,D,Y,Y,M,.,.,RA3!DLP2140997_35_SWIC_20260918_09593097_0!1,Recipe:AM;SIF_TYPE:ENG;SIF_GATE_PASS:GRI,absteel,09/18/2026 9:57:36 AM,GRID COL,autosif,09/18/2026 11:55:16 AM,autosif,09/18/2026 12:29:10 PM,Recipe=AM;SIF_TYPE=ENG;SIF_GATE_PASS=GRID(optional);SIF_DOSE=(optional);SIF_DOSE_DELTA=(optional);SIF_FOCUS=(optional);SIF_FOCUS_DELTA=(optional);SIF_RET_X_TILT=(optional);SIF_RET_Y_TILT=(optional);SIF_RETICLE=(optional);SIF_SPR_WIP_ASSOCIATION=(optional);SIF_SCNR_ALIGN=(optional);SIF_SRC=(optional);SIF_REG_DELTA=(optional);SIF_EFCC=(optional);SIF_INPUT=(optional);PILOT_NAME=(optional);LCA_Flag=(optional);LookAheadDLP=(optional);,absteel,09/18/2026 9:57:36 AM,absteel,,09/18/2026 7:51:14 PM,.,D,Y,Y,M,D,.,RA3!DLP2140997_35_SWIC_20260911_16543144_1!1,Recipe:AM;CHAMBER_RECIPE_ENTITYLIST_1:PM,yucongmi,09/11/2026 4:53:29 PM,waiyiplo,09/16/2026 9:20:59 AM,approved,autosif,09/18/2026 7:17:57 PM,autosif,09/18/2026 7:51:14 PM,Recipe=AM;CHAMBER_RECIPE_ENTITYLIST_1=PM2;S_78_RR_WF80_W1;AME411(optional);CHAMBER_RECIPE_ENTITYLIST_2=PM3;S_78_RR_WF80_W1;AME423(optional);CHAMBER_RECIPE_ENTITYLIST_3=(optional);CHAMBER_RECIPE_ENTITYLIST_4=(optional);CHAMBER_RECIPE_ENTITYLIST_5=(optional);CHAMBER_RECIPE_ENTITYLIST_6=(optional);SIF_STEPTIME=(optional);SIF_OE_PCT=(optional);SIF_CYCLES=(optional);SIF_APC=OFF(optional);,M5 Arpeggio pilot RR80_W1,09/18/2026 10:24:12 PM,.,D,Y,Y,M,.,D,RA3!DLP2140997_35_SWIC_20260911_16512917_1!1,Recipe:AM;LAYERID:8M5CL;LOWEST_N_WAFERS:,satadess,08/14/2026 8:24:21 AM,,sys_rf3pmes1,09/15/2026 1:55:01 PM,SIF is approved by AutoSIFDispo.,autosif,09/18/2026 9:53:15 PM,autosif,09/18/2026 10:24:12 PM,Recipe=AM;LAYERID=8M5CL;LOWEST_N_WAFERS=4(optional);WAFER_LIST=(optional);KLARITY_STEPID=(optional);
D619275,28,A2FEP028SLE2,0,0,0,0.020936,0,0,0,0.1954,0,0,0,0,0,0.020936,0,,D6192750,PR8B,09/18/2026 10:22:38 PM,BPD436,8M5CL,8M5CL,09/20/2026 8:28:17 AM,8M5CL,D1D,1,8550868,,,,,,,,,,,,,,,,,AME401,24,263067,AME401_PM2,P_78_GABON_B10_R4,09/18/2026 9:22:21 PM,12,3.374761,64,28.12301,09/18/2026 9:22:21 PM,AME401,24,263067,AME401_PM2,P_78_GABON_B10_R4,09/18/2026 9:22:21 PM,12,87651,0.666666,1,0,0,0,0,0,0,0,0,0,0,0,0,0,0,0,0,0,0,0,0,0,0,0,0,0,0,103328,103328,103328,103328,103328,0,103328,103328,103328,,,,,,,1,,51,,,,,,6179,6179,11476,27382,6179,27382,25771,27382,11476,158841,11476,158841,11476,158841,25771,11476,27382,,,27382,26012,1251,1251,27382,158841,11476,158841,11476,1251,27382,6238,276,,1251,5297,27382,27382,27382,461,276,6238,1251,11476,158841,11476,27382,158841,11476,9185,11476,27382,09/18/2026 9:27:23 PM,3.374761,64,28.12301,09/18/2026 9:22:21 PM,263067,P_78_GABON_B10_R4,1.496485,09/18/2026 9:22:21 PM,,,,,,8PR8CVAB,FL78.6H0QE_SNIP_B0204_E180046,SNY512,8PR8CBMT51NA2,,,,,,,,,,,,,,,,,,,,,,,,,,,,,,,,,,,,,,,,,,,,,,,,,,,,,,,,,,,,,,,,
D619275,31,A2FEP031SLB1,0,0,0,0.006494,0.006494,0,0,0.175348,0,0,0,0,0,0.009742,0,,D6192750,PR8B,09/18/2026 10:22:38 PM,BPD436,8M5CL,8M5CL,09/20/2026 8:28:26 AM,8M5CL,D1D,2,8550789,,,,,,,,,,,,,,,,,AME401,15,263067,AME401_PM1,P_78_GABON_B10_R4,09/18/2026 9:07:57 PM,8,3.161121,60,26.34267,09/18/2026 9:07:57 PM,AME401,15,263067,AME401_PM1,P_78_GABON_B10_R4,09/18/2026 9:07:57 PM,8,87651,0.666666,1,0,0,0,0,0,0,0,0,0,0,0,0,0,0,0,0,0,0,0,0,0,0,0,0,0,0,103328,103328,103328,103328,103328,0,103328,103328,103328,,,,,,1,,,12,,,,,,6987,6985,12486,34094,9451,34094,29438,34094,12486,195303,12486,195303,12486,195303,29438,3264,34094,,,34094,29192,1386,10685,34094,195303,12486,180434,11176,1386,34094,9540,418,,1386,4010,34094,34094,34094,934,429,9654,4010,12486,195303,12486,34094,195303,12486,9298,12486,34094,09/18/2026 9:27:23 PM,3.161121,60,26.34267,09/18/2026 9:07:57 PM,263067,P_78_GABON_B10_R4,1.540535,09/18/2026 9:07:57 PM,,,,,,8PR8CVAB,FL78.6H0QE_SNIP_B0204_E180046,SNY512,8PR8CBMT51NA2,,,,,,,,,,,,,,,,,,,,,,,,,,,,,,,,,,,,,,,,,,,,,,,,,,,,,,,,,,,,,,,,
D624293,432,5DXYR432MVE6,0,0,0,0.013957,0,0,0,0.230293,0,0,0,0.003489,0.003489,0.006979,0,,D6242930,PR8B,09/14/2026 9:56:43 AM,BPD436,8M5CL,8M5CL,09/15/2026 8:23:22 AM,8M5CL,D1D,1,8746893,,,,,,,,,,,,,,,,,AME423,16,263067,AME423_PM2,P_78_GABON_B10_R4,09/14/2026 7:51:02 AM,8,2.156417,37,17.97014,09/14/2026 7:51:02 AM,AME423,16,263067,AME423_PM2,P_78_GABON_B10_R4,09/14/2026 7:51:02 AM,8,252260,0.833333,1,1,1,1,,,,,,,,,1,1,1,1,1,1,1,0,0,0,0,0,0,,,288031,288031,288020,288031,288020,,288026,288026,288026,,,,,0,1,1,,61,,,,,0,1607,1607,5838,42264,4133,42264,34104,42264,5838,96179,5838,96179,5838,96179,34104,5838,42264,,,42264,4172,190,4036,42264,96179,5838,96179,5838,190,42264,4172,190,,190,190,42264,42264,42264,656,190,4172,5838,5838,96179,5838,42264,96179,5838,6825,5838,42264,09/14/2026 8:10:34 AM,2.156417,37,17.97014,09/14/2026 7:51:02 AM,263067,P_78_GABON_B10_R4,5.997194,09/14/2026 7:51:02 AM,,,,,,8PR8CVAB,FL78.6H0QE_SNIP_B0204_E180046,SNY512,8PR8CBMT51NA2,,,,,,,,,,,,,,,,,,,,,,,,,,,,,,,,,,,,,,,,,,,,,,,,,,,,,,,,,,,,,,,,
D624293,452,5DXYR452MVG3,0,0,0.003489,0.006979,0,0.003489,0,0.202379,0,0,0,0.006979,0,0.003489,0,,D6242930,PR8B,09/14/2026 9:56:43 AM,BPD436,8M5CL,8M5CL,09/15/2026 8:23:16 AM,8M5CL,D1D,2,8746947,,,,,,,,,,,,,,,,,AME423,7,263067,AME423_PM1,P_78_GABON_B10_R4,09/14/2026 7:34:48 AM,4,2.270164,39,18.91804,09/14/2026 7:34:48 AM,AME423,7,263067,AME423_PM1,P_78_GABON_B10_R4,09/14/2026 7:34:48 AM,4,252260,0.833333,1,1,1,1,,,,,,,,,1,1,1,1,1,1,1,0,0,0,0,0,0,,,288031,288031,288020,288031,288020,,288026,288026,288026,,,0,,,,,,13,,,,,,1613,1612,6278,56358,3114,56358,52176,56358,6278,110905,6278,110905,6278,110905,52176,6278,56358,,,56358,19599,902,6278,56358,110905,6278,110905,6278,902,56358,3144,140,,902,902,56358,56358,56358,663,140,3144,6278,6278,110905,6278,56358,110905,6278,6902,6278,56358,09/14/2026 8:10:34 AM,2.270164,39,18.91804,09/14/2026 7:34:48 AM,263067,P_78_GABON_B10_R4,5.923061,09/14/2026 7:34:48 AM,,,,,,8PR8CVAB,FL78.6H0QE_SNIP_B0204_E180046,SNY512,8PR8CBMT51NA2,,,,,,,,,,,,,,,,,,,,,,,,,,,,,,,,,,,,,,,,,,,,,,,,,,,,,,,,,,,,,,,,
D622607,406,HL2XW406JKF1,0.003489,0,0.006979,0.003489,0,0,0,0.286122,0,0,0,0.006979,0,0,0,,D6226070,PR8B,09/14/2026 12:35:54 PM,BPD436,8M5CL,8M5CL,09/15/2026 8:21:04 AM,8M5CL,D1D,1,8668916,,,,,,,,,,,,,,,,,AME427,23,263067,AME427_PM1,P_78_GABON_B10_R4,09/14/2026 9:50:32 AM,5,11.07227,195.9049,92.26895,09/14/2026 9:50:32 AM,AME427,23,263067,AME427_PM1,P_78_GABON_B10_R4,09/14/2026 9:50:32 AM,5,212106,1,2,2,2,2,2,2,2,2,2,1,1,1,1,1,1,1,1,1,1,1,1,1,1,1,1,,,269162,269162,269187,269162,269187,,269162,269162,269162,,,,,,1,,,36346,,,,,,584,584,2397,26462,14130,26462,14130,26462,2397,35148,2397,35148,2397,35148,14130,2397,26462,,,26462,35148,2388,2388,26462,35148,2397,35148,2397,2388,26462,9968,593,,2388,2397,26462,26462,26462,581,593,9968,2397,2397,35148,2397,26462,35148,2397,5157,2397,26462,09/14/2026 9:58:16 AM,11.07227,195.9049,92.26895,09/14/2026 9:50:32 AM,263067,P_78_GABON_B10_R4,0.021095,09/14/2026 9:50:32 AM,,,,,,8PR8CVAB,FL78.6H0QE_SNIP_B0204_E180046,SNY512,8PR8CBMT51NA2,,,,,,,,,,,,,,,,,,,,,,,,,,,,,,,,,,,,,,,,,,,,,,,,,,,,,,,,,,,,,,,,
D622607,407,HL2XW407JKC0,0.019483,0,0,0.006494,0,0,0,0.295494,0,0,0,0,0,0.009742,0.003247,,D6226070,PR8B,09/14/2026 12:35:54 PM,BPD436,8M5CL,8M5CL,09/15/2026 8:23:13 AM,8M5CL,D1D,2,8668929,,,,,,,,,,,,,,,,,AME427,5,263067,AME427_PM2,P_78_GABON_B10_R4,09/14/2026 9:36:53 AM,2,9.851044,173.8393,82.09203,09/14/2026 9:36:53 AM,AME427,5,263067,AME427_PM2,P_78_GABON_B10_R4,09/14/2026 9:36:53 AM,2,212106,1,2,2,2,2,2,2,2,2,2,1,1,1,1,1,1,1,1,1,1,1,1,1,1,1,1,,,269162,269162,269187,269162,269187,,269162,269162,269162,,,,,,1,0,,52,,,,,,507,522,2886,43940,3911,43940,31609,43940,2886,45778,2886,45778,2886,45778,31609,2886,43941,,,43941,19575,1010,2886,43941,45778,2886,45778,2886,1010,43941,3950,182,,1010,2886,43941,43941,43941,141,182,3950,2886,2886,45778,2886,43941,45778,2886,4156,2886,43941,09/14/2026 9:58:16 AM,9.851044,173.8393,82.09203,09/14/2026 9:36:53 AM,263067,P_78_GABON_B10_R4,0.021087,09/14/2026 9:36:53 AM,,,,,,8PR8CVAB,FL78.6H0QE_SNIP_B0204_E180046,SNY512,8PR8CBMT51NA2,,,,,,,,,,,,,,,,,,,,,,,,,,,,,,,,,,,,,,,,,,,,,,,,,,,,,,,,,,,,,,,,
D623165,471,5DXXQ471MVA3,0,0.003247,0.02273,0.003247,0.055202,0,0,0.175348,0,0,0,0.016236,0,0.064944,0.003247,,D6231650,PR8B,09/14/2026 7:07:00 PM,BPD458,8M5CL,8M5CL,09/15/2026 8:23:12 AM,8M5CL,D1D,1,8705373,,,,,,,,,,,,,,,,,AME421,24,263067,AME421_PM6,P_78_GABON_B10_R4,09/14/2026 3:31:24 PM,12,3.506602,60,29.22169,09/14/2026 3:31:24 PM,AME421,24,263067,AME421_PM6,P_78_GABON_B10_R4,09/14/2026 3:31:24 PM,12,233019,,2,2,2,2,2,2,2,1,1,1,1,1,,,,,,,,,,,,,,,,263079,263079,263079,263079,263079,,263079,263079,263079,,,,,,,,,96,,,,,,6401,6401,5084,37925,10159,37925,33708,37925,5084,87209,5084,87209,5084,87209,33708,5084,37925,,,37925,30739,1497,5084,37925,87209,5084,87209,5084,1497,37925,12165,546,,1497,5084,37925,37925,37925,621,546,12165,5084,5084,87209,5084,37925,83790,5073,9090,5084,37925,09/14/2026 3:37:28 PM,3.506602,60,29.22169,09/14/2026 3:31:24 PM,292548,P_78_THAR_R5,2.077175,09/14/2026 3:31:24 PM,,,,,,8PR8CVAB,FL78.6H0QE_SNIP_B0204_E180046,SNY512,8PR8CBMT51NA2,,,,,,,,,,,,,,,,,,,,,,,,,,,,,,,,,,,,,,,,,,,,,,,,,,,,,,,,,,,,,,,,
D623165,480,5DXXQ480MVA5,0.003489,0,0.003489,0.013957,0,0,0,0.191911,0,0,0,0.027914,0,0.006979,0,,D6231650,PR8B,09/14/2026 7:07:00 PM,BPD458,8M5CL,8M5CL,09/15/2026 8:23:04 AM,8M5CL,D1D,2,8705394,,,,,,,,,,,,,,,,,AME421,3,263067,AME421_PM5,P_78_GABON_B10_R4,09/14/2026 2:55:00 PM,2,1.817559,31,15.14633,09/14/2026 2:55:00 PM,AME421,3,263067,AME421_PM5,P_78_GABON_B10_R4,09/14/2026 2:55:00 PM,2,233019,,2,2,2,2,2,2,2,1,1,1,1,1,,,,,,,,,,,,,,,,263079,263079,263079,263079,263079,,263079,263079,263079,,,,,,1,,,23,,,,,,1066,1066,5756,42268,1066,42268,38391,42268,5756,93518,5756,93518,5756,93518,38391,5756,42268,,,42268,9754,443,3954,42268,93518,5756,93518,5756,443,42268,1076,47,,443,443,42268,42268,42268,113,47,1076,5756,5756,93518,5756,42268,90273,5746,8139,5756,42268,09/14/2026 3:37:28 PM,1.817559,31,15.14633,09/14/2026 2:55:00 PM,292548,P_78_THAR_R5,2.077163,09/14/2026 2:55:00 PM,,,,,,8PR8CVAB,FL78.6H0QE_SNIP_B0204_E180046,SNY512,8PR8CBMT51NA2,,,,,,,,,,,,,,,,,,,,,,,,,,,,,,,,,,,,,,,,,,,,,,,,,,,,,,,,,,,,,,,,
D623165,483,5DXXQ483MVG0,0,0,0.012989,0.006494,0.003247,0,0,0.256528,0,0,0,0.006494,0,0.006494,0,,D6231650,PR8B,09/15/2026 2:42:13 AM,BPD454,8M5CL,8M5CL,09/15/2026 8:21:35 AM,8M5CL,D1D,3,8705319,,,,,,,,,,,,,,,,,AME421,11,263067,AME421_PM5,P_78_GABON_B10_R4,09/14/2026 3:09:33 PM,6,1.817559,31,15.14633,09/14/2026 3:09:33 PM,AME421,11,263067,AME421_PM5,P_78_GABON_B10_R4,09/14/2026 3:09:33 PM,6,233019,,2,2,2,2,2,2,2,1,1,1,1,1,,,,,,,,,,,,,,,,263079,263079,263079,263079,263079,,263079,263079,263079,,,,,,1,,,23,,,,,,1066,1066,5756,42268,1066,42268,38391,42268,5756,93518,5756,93518,5756,93518,38391,5756,42268,,,42268,9754,443,3954,42268,93518,5756,93518,5756,443,42268,1076,47,,443,443,42268,42268,42268,113,47,1076,5756,5756,93518,5756,42268,90273,5746,8139,5756,42268,09/14/2026 3:37:28 PM,1.817559,31,15.14633,09/14/2026 3:09:33 PM,292548,P_78_THAR_R5,2.077163,09/14/2026 3:09:33 PM,,,,,,8PR8CVAB,FL78.6H0QE_SNIP_B0204_E180046,SNY512,8PR8CBMT51NA2,,,,,,,,,,,,,,,,,,,,,,,,,,,,,,,,,,,,,,,,,,,,,,,,,,,,,,,,,,,,,,,,
D623165,491,5DXXQ491MVC0,0,0,0,0.003247,0,0,0,0.263022,0,0,0,0.006494,0,0.009742,0,,D6231650,PR8B,09/15/2026 2:42:13 AM,BPD454,8M5CL,8M5CL,09/15/2026 8:21:47 AM,8M5CL,D1D,4,8705309,,,,,,,,,,,,,,,,,AME421,23,263067,AME421_PM5,P_78_GABON_B10_R4,09/14/2026 3:31:24 PM,12,1.817559,31,15.14633,09/14/2026 3:31:24 PM,AME421,23,263067,AME421_PM5,P_78_GABON_B10_R4,09/14/2026 3:31:24 PM,12,233019,,2,2,2,2,2,2,2,1,1,1,1,1,,,,,,,,,,,,,,,,263079,263079,263079,263079,263079,,263079,263079,263079,,,,,,1,,,23,,,,,,1066,1066,5756,42268,1066,42268,38391,42268,5756,93518,5756,93518,5756,93518,38391,5756,42268,,,42268,9754,443,3954,42268,93518,5756,93518,5756,443,42268,1076,47,,443,443,42268,42268,42268,113,47,1076,5756,5756,93518,5756,42268,90273,5746,8139,5756,42268,09/14/2026 3:37:28 PM,1.817559,31,15.14633,09/14/2026 3:31:24 PM,292548,P_78_THAR_R5,2.077163,09/14/2026 3:31:24 PM,,,,,,8PR8CVAB,FL78.6H0QE_SNIP_B0204_E180046,SNY512,8PR8CBMT51NA2,,,,,,,,,,,,,,,,,,,,,,,,,,,,,,,,,,,,,,,,,,,,,,,,,,,,,,,,,,,,,,,,
D623165,493,5DXXQ493MVD1,0.003247,0,0.012989,0.009742,0.003247,0,0,0.20782,0,0,0,0,0,0.006494,0,,D6231650,PR8B,09/15/2026 2:42:13 AM,BPD454,8M5CL,8M5CL,09/15/2026 8:21:28 AM,8M5CL,D1D,5,8705423,,,,,,,,,,,,,,,,,AME421,15,263067,AME421_PM5,P_78_GABON_B10_R4,09/14/2026 3:16:49 PM,8,1.817559,31,15.14633,09/14/2026 3:16:49 PM,AME421,15,263067,AME421_PM5,P_78_GABON_B10_R4,09/14/2026 3:16:49 PM,8,233019,,2,2,2,2,2,2,2,1,1,1,1,1,,,,,,,,,,,,,,,,263079,263079,263079,263079,263079,,263079,263079,263079,,,,,,1,,,23,,,,,,1066,1066,5756,42268,1066,42268,38391,42268,5756,93518,5756,93518,5756,93518,38391,5756,42268,,,42268,9754,443,3954,42268,93518,5756,93518,5756,443,42268,1076,47,,443,443,42268,42268,42268,113,47,1076,5756,5756,93518,5756,42268,90273,5746,8139,5756,42268,09/14/2026 3:37:28 PM,1.817559,31,15.14633,09/14/2026 3:16:49 PM,292548,P_78_THAR_R5,2.077163,09/14/2026 3:16:49 PM,,,,,,8PR8CVAB,FL78.6H0QE_SNIP_B0204_E180046,SNY512,8PR8CBMT51NA2,,,,,,,,,,,,,,,,,,,,,,,,,,,,,,,,,,,,,,,,,,,,,,,,,,,,,,,,,,,,,,,,
D623214,260,KJFWP260WFG0,0,0,0.021501,0.035836,0,0,0.003584,0.215014,0,0,0,0,0,0,0.003584,,D6232140,PNCB,09/17/2026 9:33:50 PM,BPD446,8M5CL,8M5CL,09/18/2026 7:47:56 AM,8M5CL,D1D,1,8718447,,,,,,,,,,,,,,,,,AME423,1,263067,AME423_PM3,P_78_GABON_B10_R4,09/17/2026 8:07:06 PM,1,4.989042,87.75512,41.57535,09/17/2026 8:07:06 PM,AME423,1,263067,AME423_PM3,P_78_GABON_B10_R4,09/17/2026 8:07:06 PM,1,254899,0.833333,,,,,2,2,2,2,2,2,2,2,2,2,2,2,2,1,1,1,1,,,,,,,290670,290670,290659,290670,290659,,290665,290665,290665,0,,,,2,,,,103,,,,,,494,494,6826,71252,11243,71252,60820,71252,3219,68124,3219,68124,3219,68124,60820,3219,71252,,,71252,30863,1419,5023,71252,132176,6826,132176,6826,1419,71252,11349,506,,1419,1419,71252,71252,71252,493,506,11349,6826,6826,132176,6826,71252,68124,3219,10298,6826,71252,09/17/2026 8:51:37 PM,4.989042,87.75512,41.57535,09/17/2026 8:07:06 PM,256532,P_78_ROADRUNNER_R2,1.635288,09/17/2026 8:07:06 PM,,,,,,8PONCVBB,FL78.3FGTC_SNIP_B0204_E180046,SNY512,8PXSCBMT51NA1,,,,,,,,,,,,,,,,,,,,,,,,,,,,,,,,,,,,,,,,,,,,,,,,,,,,,,,,,,,,,,,,
D623214,262,KJFWP262WFH1,0,0,0.003584,0,0,0,0,0.293852,0,0,0,0,0,0.014334,0,,D6232140,PNCB,09/17/2026 9:33:50 PM,BPD446,8M5CL,8M5CL,09/18/2026 7:47:50 AM,8M5CL,D1D,2,8718503,,,,,,,,,,,,,,,,,AME423,18,263067,AME423_PM4,P_78_GABON_B10_R4,09/17/2026 8:35:59 PM,9,4.711131,82.63288,39.25942,09/17/2026 8:35:59 PM,AME423,18,263067,AME423_PM4,P_78_GABON_B10_R4,09/17/2026 8:35:59 PM,9,254899,0.833333,,,,,2,2,2,2,2,2,2,2,2,2,2,2,2,1,1,1,1,,,,,,,290670,290670,290659,290670,290659,,290665,290665,290665,2,,,0,0,,,,46,,,,,,1762,1761,5131,54270,9939,54270,52172,54270,881,18530,5131,93402,5131,93402,52172,5131,54270,,,54270,18530,881,5131,54270,93402,5131,93402,5131,452,54270,10034,452,,452,881,54270,54270,54270,792,452,10034,5131,5131,93402,5131,54270,93402,5131,9124,5131,54270,09/17/2026 8:51:37 PM,4.711131,82.63288,39.25942,09/17/2026 8:35:59 PM,256532,P_78_ROADRUNNER_R2,1.635304,09/17/2026 8:35:59 PM,,,,,,8PONCVBB,FL78.3FGTC_SNIP_B0204_E180046,SNY512,8PXSCBMT51NA1,,,,,,,,,,,,,,,,,,,,,,,,,,,,,,,,,,,,,,,,,,,,,,,,,,,,,,,,,,,,,,,,
D623214,362,KJFWP362WFG2,0,0,0,0,0.003584,0,0,0.186345,0,0,0,0,0,0.003584,0,,D6232140,PNCB,09/17/2026 9:33:50 PM,BPD446,8M5CL,8M5CL,09/18/2026 7:46:41 AM,8M5CL,D1D,3,8718469,,,,,,,,,,,,,,,,,AME423,13,263067,AME423_PM3,P_78_GABON_B10_R4,09/17/2026 8:28:46 PM,7,4.989042,87.75512,41.57535,09/17/2026 8:28:46 PM,AME423,13,263067,AME423_PM3,P_78_GABON_B10_R4,09/17/2026 8:28:46 PM,7,254899,0.833333,,,,,2,2,2,2,2,2,2,2,2,2,2,2,2,1,1,1,1,,,,,,,290670,290670,290659,290670,290659,,290665,290665,290665,0,,,,2,,,,103,,,,,,494,494,6826,71252,11243,71252,60820,71252,3219,68124,3219,68124,3219,68124,60820,3219,71252,,,71252,30863,1419,5023,71252,132176,6826,132176,6826,1419,71252,11349,506,,1419,1419,71252,71252,71252,493,506,11349,6826,6826,132176,6826,71252,68124,3219,10298,6826,71252,09/17/2026 8:51:37 PM,4.989042,87.75512,41.57535,09/17/2026 8:28:46 PM,256532,P_78_ROADRUNNER_R2,1.635288,09/17/2026 8:28:46 PM,,,,,,8PONCVBB,FL78.3FGTC_SNIP_B0204_E180046,SNY512,8PXSCBMT51NA1,,,,,,,,,,,,,,,,,,,,,,,,,,,,,,,,,,,,,,,,,,,,,,,,,,,,,,,,,,,,,,,,
D623214,444,KJFWP444WFE7,0,0,0,0,0,0,0,0.207847,0,0,0,0.003584,0,0.010751,0,,D6232140,PNCB,09/17/2026 9:33:50 PM,BPD446,8M5CL,8M5CL,09/18/2026 7:46:23 AM,8M5CL,D1D,4,8718526,,,,,,,,,,,,,,,,,AME423,25,263067,AME423_PM3,P_78_GABON_B10_R4,09/17/2026 8:50:20 PM,13,4.989042,87.75512,41.57535,09/17/2026 8:50:20 PM,AME423,25,263067,AME423_PM3,P_78_GABON_B10_R4,09/17/2026 8:50:20 PM,13,254899,0.833333,,,,,2,2,2,2,2,2,2,2,2,2,2,2,2,1,1,1,1,,,,,,,290670,290670,290659,290670,290659,,290665,290665,290665,0,,,,2,,,,103,,,,,,494,494,6826,71252,11243,71252,60820,71252,3219,68124,3219,68124,3219,68124,60820,3219,71252,,,71252,30863,1419,5023,71252,132176,6826,132176,6826,1419,71252,11349,506,,1419,1419,71252,71252,71252,493,506,11349,6826,6826,132176,6826,71252,68124,3219,10298,6826,71252,09/17/2026 8:51:37 PM,4.989042,87.75512,41.57535,09/17/2026 8:50:20 PM,256532,P_78_ROADRUNNER_R2,1.635288,09/17/2026 8:50:20 PM,,,,,,8PONCVBB,FL78.3FGTC_SNIP_B0204_E180046,SNY512,8PXSCBMT51NA1,,,,,,,,,,,,,,,,,,,,,,,,,,,,,,,,,,,,,,,,,,,,,,,,,,,,,,,,,,,,,,,,
D623203,45,MCRNQ045WAG4,0,0,0.010827,0,0,0,0,0.382571,0,0,0,0.003609,0,0.003609,0.003609,0,D6232030,PNCB,09/18/2026 12:14:39 AM,BPD454,8M5CL,8M5CL,09/20/2026 8:28:24 AM,8M5CL,D1D,1,8715769,,,,,,,,,,,,,,,,,AME401,16,263067,AME401_PM2,P_78_GABON_B10_R4,09/17/2026 11:20:43 PM,8,4.178874,74.55397,34.82395,09/17/2026 11:20:43 PM,AME401,16,263067,AME401_PM2,P_78_GABON_B10_R4,09/17/2026 11:20:43 PM,8,87369,0.666666,3,3,3,3,3,3,3,3,3,3,3,3,3,3,3,3,3,3,3,3,3,3,3,3,2,,,103046,103046,103046,103046,103046,,103046,103046,103046,,,,,,1,1,,35,,,,,,6053,6053,11470,27256,6053,27256,25645,27256,11470,158714,11470,158714,11470,158714,25645,11470,27256,,,27256,25885,1245,1245,27256,158714,11470,158714,11470,1245,27256,6111,270,,1245,5291,27256,27256,27256,335,270,6111,1245,11470,158714,11470,27256,158714,11470,9059,11470,27256,09/17/2026 11:40:12 PM,4.178874,74.55397,34.82395,09/17/2026 11:20:43 PM,263067,P_78_GABON_B10_R4,0.828664,09/17/2026 11:20:43 PM,,,,,,8PONCVBB,FL78.3FGTC_SNIP_B0204_E180046,SNY512,8PXSCBMT51NA1,,,,,,,,,,,,,,,,,,,,,,,,,,,,,,,,,,,,,,,,,,,,,,,,,,,,,,,,,,,,,,,,
D623203,59,MCRNQ059WAF7,0,0,0,0,0,0,0,0.360496,0,0,0,0.003609,0.003609,0.014856,0,0,D6232030,PNCB,09/18/2026 12:14:39 AM,BPD454,8M5CL,8M5CL,09/20/2026 8:28:29 AM,8M5CL,D1D,2,8715803,,,,,,,,,,,,,,,,,AME401,11,263067,AME401_PM1,P_78_GABON_B10_R4,09/17/2026 11:13:31 PM,6,4.30037,76.55401,35.83642,09/17/2026 11:13:31 PM,AME401,11,263067,AME401_PM1,P_78_GABON_B10_R4,09/17/2026 11:13:31 PM,6,87369,0.666666,3,3,3,3,3,3,3,3,3,3,3,3,3,3,3,3,3,3,3,3,3,3,3,3,2,,,103046,103046,103046,103046,103046,,103046,103046,103046,,,,,,,1,,1,,,,,,6867,6865,12480,33974,9331,33974,29318,33974,12480,195182,12480,195182,12480,195182,29318,3258,33974,,,33974,29071,1380,10680,33974,195182,12480,180313,11170,1380,33974,9419,412,,1380,4005,33974,33974,33974,814,423,9533,4005,12480,195182,12480,33974,195182,12480,9178,12480,33974,09/17/2026 11:40:12 PM,4.30037,76.55401,35.83642,09/17/2026 11:13:31 PM,263067,P_78_GABON_B10_R4,0.887159,09/17/2026 11:13:31 PM,,,,,,8PONCVBB,FL78.3FGTC_SNIP_B0204_E180046,SNY512,8PXSCBMT51NA1,,,,,,,,,,,,,,,,,,,,,,,,,,,,,,,,,,,,,,,,,,,,,,,,,,,,,,,,,,,,,,,,
D624296,862,5DXZN862MVB4,0.003489,0,0.003489,0.013957,0.020936,0,0,0.275654,0,0,0,0.006979,0,0.017446,0.006979,,D6242960U,PR8B,09/20/2026 11:56:55 AM,BPD454,8M5CL,8M5CL,09/20/2026 3:53:16 PM,8M5CL,D1D,1,9353161,,,,,,,,,,,,,,,,,AME417,15,290585,AME417_PM6,P_78_M5_RR_R1,09/20/2026 9:37:55 AM,8,1.635081,25,13.62568,09/20/2026 9:37:55 AM,AME417,15,290585,AME417_PM6,P_78_M5_RR_R1,09/20/2026 9:37:55 AM,8,256765,0.833333,,,,,1,1,1,1,1,1,1,1,1,0,0,0,0,0,,,,,,,,,,300173,63193,63193,63193,63193,,300197,300197,300173,,,,,,1,,,92,,,,,,1859,1859,6476,54061,1859,54061,44627,54061,6476,107863,6476,107863,6476,107863,44627,6476,54061,,,54061,1876,92,4753,54061,107863,6476,107863,6476,92,54061,1876,92,,92,1497,54061,54061,54061,916,545,11139,6476,6476,107863,6476,54061,107863,6476,8614,6476,54061,09/20/2026 9:50:56 AM,1.635081,25,13.62568,09/20/2026 9:37:55 AM,252845,P_78_PIL16E_1A_R3,10.35991,09/20/2026 9:37:55 AM,,,,,,8PR8CVAB,FL78.6H0QE_SNIP_B0204_E180046,SNV442,8PR8CBMT51NA2,,,,,,,,,,,,,,,,,,,,,,,,,,,,,,,,,,,,,,,,,,,,09/20/2026 12:35:53 PM,.,D,Y,Y,M,.,.,RA3!DLP2523014_17_SWIC_20260920_10224152_0!1,Recipe:AM;LAYERID:8M5CL;LOWEST_N_WAFERS:,satadess,09/20/2026 10:22:27 AM,D* Defect PKG 2LW,sys_rf3pmes1,09/20/2026 11:15:40 AM,SIF is approved by AutoSIFDispo. Approved over budget as a part of IDLE_OB,autosif,09/20/2026 11:56:16 AM,autosif,09/20/2026 12:35:53 PM,Recipe=AM;LAYERID=8M5CL;LOWEST_N_WAFERS=4(optional);WAFER_LIST=(optional);KLARITY_STEPID=(optional);
D624296,865,5DXZN865MVG7,0,0,0,0,0.006494,0,0,0.240292,0,0,0,0.003247,0,0,0,,D6242960U,PR8B,09/20/2026 11:56:55 AM,BPD454,8M5CL,8M5CL,09/20/2026 3:51:29 PM,8M5CL,D1D,2,9353159,,,,,,,,,,,,,,,,,AME417,5,290585,AME417_PM6,P_78_M5_RR_R1,09/20/2026 9:19:18 AM,2,1.635081,25,13.62568,09/20/2026 9:19:18 AM,AME417,5,290585,AME417_PM6,P_78_M5_RR_R1,09/20/2026 9:19:18 AM,2,256765,0.833333,,,,,1,1,1,1,1,1,1,1,1,0,0,0,0,0,,,,,,,,,,300173,63193,63193,63193,63193,,300197,300197,300173,,,,,,1,,,92,,,,,,1859,1859,6476,54061,1859,54061,44627,54061,6476,107863,6476,107863,6476,107863,44627,6476,54061,,,54061,1876,92,4753,54061,107863,6476,107863,6476,92,54061,1876,92,,92,1497,54061,54061,54061,916,545,11139,6476,6476,107863,6476,54061,107863,6476,8614,6476,54061,09/20/2026 9:50:56 AM,1.635081,25,13.62568,09/20/2026 9:19:18 AM,252845,P_78_PIL16E_1A_R3,10.35991,09/20/2026 9:19:18 AM,,,,,,8PR8CVAB,FL78.6H0QE_SNIP_B0204_E180046,SNV442,8PR8CBMT51NA2,,,,,,,,,,,,,,,,,,,,,,,,,,,,,,,,,,,,,,,,,,,,09/20/2026 12:35:53 PM,.,D,Y,Y,M,.,.,RA3!DLP2523014_17_SWIC_20260920_10224152_0!1,Recipe:AM;LAYERID:8M5CL;LOWEST_N_WAFERS:,satadess,09/20/2026 10:22:27 AM,D* Defect PKG 2LW,sys_rf3pmes1,09/20/2026 11:15:40 AM,SIF is approved by AutoSIFDispo. Approved over budget as a part of IDLE_OB,autosif,09/20/2026 11:56:16 AM,autosif,09/20/2026 12:35:53 PM,Recipe=AM;LAYERID=8M5CL;LOWEST_N_WAFERS=4(optional);WAFER_LIST=(optional);KLARITY_STEPID=(optional);
D624296,869,5DXZN869MVB6,0,0,0.003247,0,0.003247,0,0,0.276011,0,0,0,0.006494,0,0.003247,0,,D6242960U,PR8B,09/20/2026 11:56:55 AM,BPD454,8M5CL,8M5CL,09/20/2026 3:50:19 PM,8M5CL,D1D,3,9353227,,,,,,,,,,,,,,,,,AME417,4,290585,AME417_PM6,P_78_M5_RR_R1,09/20/2026 9:15:58 AM,1,1.635081,25,13.62568,09/20/2026 9:15:58 AM,AME417,4,290585,AME417_PM6,P_78_M5_RR_R1,09/20/2026 9:15:58 AM,1,256765,0.833333,,,,,1,1,1,1,1,1,1,1,1,0,0,0,0,0,,,,,,,,,,300173,63193,63193,63193,63193,,300197,300197,300173,,,,,,1,,,92,,,,,,1859,1859,6476,54061,1859,54061,44627,54061,6476,107863,6476,107863,6476,107863,44627,6476,54061,,,54061,1876,92,4753,54061,107863,6476,107863,6476,92,54061,1876,92,,92,1497,54061,54061,54061,916,545,11139,6476,6476,107863,6476,54061,107863,6476,8614,6476,54061,09/20/2026 9:50:56 AM,1.635081,25,13.62568,09/20/2026 9:15:58 AM,252845,P_78_PIL16E_1A_R3,10.35991,09/20/2026 9:15:58 AM,,,,,,8PR8CVAB,FL78.6H0QE_SNIP_B0204_E180046,SNV442,8PR8CBMT51NA2,,,,,,,,,,,,,,,,,,,,,,,,,,,,,,,,,,,,,,,,,,,,09/20/2026 12:35:53 PM,.,D,Y,Y,M,.,.,RA3!DLP2523014_17_SWIC_20260920_10224152_0!1,Recipe:AM;LAYERID:8M5CL;LOWEST_N_WAFERS:,satadess,09/20/2026 10:22:27 AM,D* Defect PKG 2LW,sys_rf3pmes1,09/20/2026 11:15:40 AM,SIF is approved by AutoSIFDispo. Approved over budget as a part of IDLE_OB,autosif,09/20/2026 11:56:16 AM,autosif,09/20/2026 12:35:53 PM,Recipe=AM;LAYERID=8M5CL;LOWEST_N_WAFERS=4(optional);WAFER_LIST=(optional);KLARITY_STEPID=(optional);
D624296,878,5DXZN878MVC0,0,0,0,0.10119,0,0,0,0.310547,0,0,0,0.006979,0,0.003489,0,,D6242960U,PR8B,09/20/2026 11:56:55 AM,BPD454,8M5CL,8M5CL,09/20/2026 3:54:52 PM,8M5CL,D1D,4,9353267,,,,,,,,,,,,,,,,,AME417,18,290585,AME417_PM6,P_78_M5_RR_R1,09/20/2026 9:40:51 AM,9,1.635081,25,13.62568,09/20/2026 9:40:51 AM,AME417,18,290585,AME417_PM6,P_78_M5_RR_R1,09/20/2026 9:40:51 AM,9,256765,0.833333,,,,,1,1,1,1,1,1,1,1,1,0,0,0,0,0,,,,,,,,,,300173,63193,63193,63193,63193,,300197,300197,300173,,,,,,1,,,92,,,,,,1859,1859,6476,54061,1859,54061,44627,54061,6476,107863,6476,107863,6476,107863,44627,6476,54061,,,54061,1876,92,4753,54061,107863,6476,107863,6476,92,54061,1876,92,,92,1497,54061,54061,54061,916,545,11139,6476,6476,107863,6476,54061,107863,6476,8614,6476,54061,09/20/2026 9:50:56 AM,1.635081,25,13.62568,09/20/2026 9:40:51 AM,252845,P_78_PIL16E_1A_R3,10.35991,09/20/2026 9:40:51 AM,,,,,,8PR8CVAB,FL78.6H0QE_SNIP_B0204_E180046,SNV442,8PR8CBMT51NA2,,,,,,,,,,,,,,,,,,,,,,,,,,,,,,,,,,,,,,,,,,,,09/20/2026 12:35:53 PM,.,D,Y,Y,M,.,.,RA3!DLP2523014_17_SWIC_20260920_10224152_0!1,Recipe:AM;LAYERID:8M5CL;LOWEST_N_WAFERS:,satadess,09/20/2026 10:22:27 AM,D* Defect PKG 2LW,sys_rf3pmes1,09/20/2026 11:15:40 AM,SIF is approved by AutoSIFDispo. Approved over budget as a part of IDLE_OB,autosif,09/20/2026 11:56:16 AM,autosif,09/20/2026 12:35:53 PM,Recipe=AM;LAYERID=8M5CL;LOWEST_N_WAFERS=4(optional);WAFER_LIST=(optional);KLARITY_STEPID=(optional);
D624296,800,5DXZN800MVC7,0,0,0,0.006979,0.003489,0,0,0.223315,0,0,0,0.003489,0,0.010468,0,,D6242960,PR8B,09/20/2026 1:25:52 PM,BPD436,8M5CL,8M5CL,09/20/2026 4:30:31 PM,8M5CL,D1D,1,8746732,,,,,,,,,,,,,,,,,AME423,1,263067,AME423_PM2,P_78_GABON_B10_R4,09/20/2026 10:21:43 AM,1,1.777548,30,14.8129,09/20/2026 10:21:43 AM,AME423,1,263067,AME423_PM2,P_78_GABON_B10_R4,09/20/2026 10:21:43 AM,1,256271,1,3,3,3,3,3,3,3,3,2,,,,,,,,,,,,,2,2,2,2,0,0,292042,292042,292031,292042,292031,0,292037,292037,292037,,,,,0,,1,,12,,,,,,2192,2192,5865,42849,4718,42849,34689,42849,5865,96770,5865,96770,5865,96770,34689,5865,42849,,,42849,4763,217,4062,42849,96770,5865,96770,5865,217,42849,4763,217,,217,217,42849,42849,42849,465,217,4763,5865,5865,96770,5865,42849,96770,5865,7410,5865,42849,09/20/2026 10:44:38 AM,1.777548,30,14.8129,09/20/2026 10:21:43 AM,175972,M_UBE_MIMIC_R1,1.003597,09/20/2026 10:21:43 AM,,,,,,8PR8CVAB,FL78.6H0QE_SNIP_B0204_E180046,SNV442,8PR8CBMT51NA2,,,,,,,,,,,,,,,,,,,,,,,,,,,,,,,,,,,,,,,,,,,,09/20/2026 2:05:01 PM,.,D,Y,Y,M,.,.,RA3!DLP2523014_1_SWIC_20260920_10263951_0!1,Recipe:AM;LAYERID:8M5CL;LOWEST_N_WAFERS:,satadess,09/20/2026 10:26:17 AM,D* Defect PKG 2LW,sys_rf3pmes1,09/20/2026 11:31:24 AM,SIF is approved by AutoSIFDispo. Approved over budget as a part of IDLE_OB,autosif,09/20/2026 1:25:29 PM,autosif,09/20/2026 2:05:01 PM,Recipe=AM;LAYERID=8M5CL;LOWEST_N_WAFERS=4(optional);WAFER_LIST=(optional);KLARITY_STEPID=(optional);
D624296,805,5DXZN805MVC0,0.003247,0,0,0,0,0,0,0.263022,0,0,0,0.003247,0,0.012989,0,,D6242960,PR8B,09/20/2026 1:25:52 PM,BPD436,8M5CL,8M5CL,09/20/2026 4:30:37 PM,8M5CL,D1D,2,8746832,,,,,,,,,,,,,,,,,AME423,22,263067,AME423_PM2,P_78_GABON_B10_R4,09/20/2026 10:39:55 AM,6,1.777548,30,14.8129,09/20/2026 10:39:55 AM,AME423,22,263067,AME423_PM2,P_78_GABON_B10_R4,09/20/2026 10:39:55 AM,6,256271,1,3,3,3,3,3,3,3,3,2,,,,,,,,,,,,,2,2,2,2,0,0,292042,292042,292031,292042,292031,0,292037,292037,292037,,,,,0,,1,,12,,,,,,2192,2192,5865,42849,4718,42849,34689,42849,5865,96770,5865,96770,5865,96770,34689,5865,42849,,,42849,4763,217,4062,42849,96770,5865,96770,5865,217,42849,4763,217,,217,217,42849,42849,42849,465,217,4763,5865,5865,96770,5865,42849,96770,5865,7410,5865,42849,09/20/2026 10:44:38 AM,1.777548,30,14.8129,09/20/2026 10:39:55 AM,175972,M_UBE_MIMIC_R1,1.003597,09/20/2026 10:39:55 AM,,,,,,8PR8CVAB,FL78.6H0QE_SNIP_B0204_E180046,SNV442,8PR8CBMT51NA2,,,,,,,,,,,,,,,,,,,,,,,,,,,,,,,,,,,,,,,,,,,,09/20/2026 2:05:01 PM,.,D,Y,Y,M,.,.,RA3!DLP2523014_1_SWIC_20260920_10263951_0!1,Recipe:AM;LAYERID:8M5CL;LOWEST_N_WAFERS:,satadess,09/20/2026 10:26:17 AM,D* Defect PKG 2LW,sys_rf3pmes1,09/20/2026 11:31:24 AM,SIF is approved by AutoSIFDispo. Approved over budget as a part of IDLE_OB,autosif,09/20/2026 1:25:29 PM,autosif,09/20/2026 2:05:01 PM,Recipe=AM;LAYERID=8M5CL;LOWEST_N_WAFERS=4(optional);WAFER_LIST=(optional);KLARITY_STEPID=(optional);
D624296,808,5DXZN808MVA0,0,0,0.010468,0.003489,0.003489,0,0,0.279143,0,0,0,0.003489,0,0.04885,0,,D6242960,PR8B,09/20/2026 1:25:52 PM,BPD436,8M5CL,8M5CL,09/20/2026 3:49:14 PM,8M5CL,D1D,3,8746870,,,,,,,,,,,,,,,,,AME423,3,263067,AME423_PM1,P_78_GABON_B10_R4,09/20/2026 10:25:23 AM,2,1.864101,32,15.53417,09/20/2026 10:25:23 AM,AME423,3,263067,AME423_PM1,P_78_GABON_B10_R4,09/20/2026 10:25:23 AM,2,256271,1,3,3,3,3,3,3,3,3,2,,,,,,,,,,,,,2,2,2,2,0,0,292042,292042,292031,292042,292031,0,292037,292037,292037,,,,,,,,,7,,,,,,2243,2242,6307,56988,3744,56988,52806,56988,6307,111541,6307,111541,6307,111541,52806,6307,56988,,,56988,20235,931,6307,56988,111541,6307,111541,6307,931,56988,3780,169,,931,931,56988,56988,56988,335,169,3780,6307,6307,111541,6307,56988,111541,6307,7532,6307,56988,09/20/2026 10:44:38 AM,1.864101,32,15.53417,09/20/2026 10:25:23 AM,283762,P_78_ROADRUNNER_R2,2.977663,09/20/2026 10:25:23 AM,,,,,,8PR8CVAB,FL78.6H0QE_SNIP_B0204_E180046,SNV442,8PR8CBMT51NA2,,,,,,,,,,,,,,,,,,,,,,,,,,,,,,,,,,,,,,,,,,,,09/20/2026 2:05:01 PM,.,D,Y,Y,M,.,.,RA3!DLP2523014_1_SWIC_20260920_10263951_0!1,Recipe:AM;LAYERID:8M5CL;LOWEST_N_WAFERS:,satadess,09/20/2026 10:26:17 AM,D* Defect PKG 2LW,sys_rf3pmes1,09/20/2026 11:31:24 AM,SIF is approved by AutoSIFDispo. Approved over budget as a part of IDLE_OB,autosif,09/20/2026 1:25:29 PM,autosif,09/20/2026 2:05:01 PM,Recipe=AM;LAYERID=8M5CL;LOWEST_N_WAFERS=4(optional);WAFER_LIST=(optional);KLARITY_STEPID=(optional);
D624296,817,5DXZN817MVA2,0,0,0,0.016236,0.019483,0,0,0.243539,0,0,0,0,0,0.009742,0,,D6242960,PR8B,09/20/2026 1:25:52 PM,BPD436,8M5CL,8M5CL,09/20/2026 3:50:59 PM,8M5CL,D1D,4,8746792,,,,,,,,,,,,,,,,,AME423,6,263067,AME423_PM2,P_78_GABON_B10_R4,09/20/2026 10:25:23 AM,2,1.777548,30,14.8129,09/20/2026 10:25:23 AM,AME423,6,263067,AME423_PM2,P_78_GABON_B10_R4,09/20/2026 10:25:23 AM,2,256271,1,3,3,3,3,3,3,3,3,2,,,,,,,,,,,,,2,2,2,2,0,0,292042,292042,292031,292042,292031,0,292037,292037,292037,,,,,0,,1,,12,,,,,,2192,2192,5865,42849,4718,42849,34689,42849,5865,96770,5865,96770,5865,96770,34689,5865,42849,,,42849,4763,217,4062,42849,96770,5865,96770,5865,217,42849,4763,217,,217,217,42849,42849,42849,465,217,4763,5865,5865,96770,5865,42849,96770,5865,7410,5865,42849,09/20/2026 10:44:38 AM,1.777548,30,14.8129,09/20/2026 10:25:23 AM,175972,M_UBE_MIMIC_R1,1.003597,09/20/2026 10:25:23 AM,,,,,,8PR8CVAB,FL78.6H0QE_SNIP_B0204_E180046,SNV442,8PR8CBMT51NA2,,,,,,,,,,,,,,,,,,,,,,,,,,,,,,,,,,,,,,,,,,,,09/20/2026 2:05:01 PM,.,D,Y,Y,M,.,.,RA3!DLP2523014_1_SWIC_20260920_10263951_0!1,Recipe:AM;LAYERID:8M5CL;LOWEST_N_WAFERS:,satadess,09/20/2026 10:26:17 AM,D* Defect PKG 2LW,sys_rf3pmes1,09/20/2026 11:31:24 AM,SIF is approved by AutoSIFDispo. Approved over budget as a part of IDLE_OB,autosif,09/20/2026 1:25:29 PM,autosif,09/20/2026 2:05:01 PM,Recipe=AM;LAYERID=8M5CL;LOWEST_N_WAFERS=4(optional);WAFER_LIST=(optional);KLARITY_STEPID=(optional);
D624294,801,5DXZN801MVH1,0.035719,0,0.02273,0,0,0,0.009742,0.289,0,0,0,0.003247,0,0,0,,D6242940,PR8B,09/20/2026 4:23:18 PM,BPD454,8M5CL,8M5CL,09/20/2026 6:00:31 PM,8M5CL,D1D,1,8746899,,,,,,,,,,,,,,,,,AME427,9,263067,AME427_PM5,P_78_GABON_B10_R4,09/20/2026 2:05:13 PM,5,5.772261,92.44434,48.10217,09/20/2026 2:05:13 PM,AME427,9,263067,AME427_PM5,P_78_GABON_B10_R4,09/20/2026 2:05:13 PM,5,219787,,1,1,1,1,1,1,1,1,1,1,1,0,0,0,0,0,0,0,0,0,0,0,0,0,0,,,276843,276843,276868,276843,276868,,276843,276843,276843,,,,,,1,,,38,,,,,,920,1279,3707,56664,1891,56664,46349,56664,3707,59388,3707,59388,3707,59388,46349,3707,56664,,,56664,9491,432,3707,56664,59388,3707,59388,3707,432,56664,1909,85,,432,3685,56664,56664,56664,323,85,1909,3707,3707,59388,3707,56664,59388,3707,9460,3707,56664,09/20/2026 2:34:36 PM,5.772261,92.44434,48.10217,09/20/2026 2:05:13 PM,216734,P_78_THAR_R5,0.5223,09/20/2026 2:05:13 PM,,,,,,8PR8CVAB,FL78.6H0QE_SNIP_B0204_E180046,SNV442,8PR8CBMT51NA2,,,,,,,,,,,,,,,,,,,,,,,,,,,,,,,,,,,,,,,,,,,,,,,,,,,,,,,,,,,,,,,,
D624294,806,5DXZN806MVG2,0,0,0.010468,0,0.006979,0,0,0.29659,0,0,0,0.003489,0,0.010468,0,,D6242940,PR8B,09/20/2026 4:23:18 PM,BPD454,8M5CL,8M5CL,09/20/2026 6:00:24 PM,8M5CL,D1D,2,8746908,,,,,,,,,,,,,,,,,AME427,14,263067,AME427_PM5,P_78_GABON_B10_R4,09/20/2026 2:13:05 PM,7,5.772261,92.44434,48.10217,09/20/2026 2:13:05 PM,AME427,14,263067,AME427_PM5,P_78_GABON_B10_R4,09/20/2026 2:13:05 PM,7,219787,,1,1,1,1,1,1,1,1,1,1,1,0,0,0,0,0,0,0,0,0,0,0,0,0,0,,,276843,276843,276868,276843,276868,,276843,276843,276843,,,,,,1,,,38,,,,,,920,1279,3707,56664,1891,56664,46349,56664,3707,59388,3707,59388,3707,59388,46349,3707,56664,,,56664,9491,432,3707,56664,59388,3707,59388,3707,432,56664,1909,85,,432,3685,56664,56664,56664,323,85,1909,3707,3707,59388,3707,56664,59388,3707,9460,3707,56664,09/20/2026 2:34:36 PM,5.772261,92.44434,48.10217,09/20/2026 2:13:05 PM,216734,P_78_THAR_R5,0.5223,09/20/2026 2:13:05 PM,,,,,,8PR8CVAB,FL78.6H0QE_SNIP_B0204_E180046,SNV442,8PR8CBMT51NA2,,,,,,,,,,,,,,,,,,,,,,,,,,,,,,,,,,,,,,,,,,,,,,,,,,,,,,,,,,,,,,,,
D624328,55,A2ML0055SLF0,0,0,0,0,0,0,0,0.249032,0,0,0,0.007218,0,0.003609,0,,D6243280,PNCB,09/21/2026 1:24:46 AM,BPD454,8M5CL,8M5CL,09/21/2026 5:11:26 AM,8M5CL,D1D,1,8756659,,,,,,,,,,,,,,,,,AME423,5,263067,AME423_PM3,P_78_GABON_B10_R4,09/20/2026 11:55:24 PM,3,2.914481,45,24.28734,09/20/2026 11:55:24 PM,AME423,5,263067,AME423_PM3,P_78_GABON_B10_R4,09/20/2026 11:55:24 PM,3,256479,1,,,,,3,3,3,3,2,,,,,,,,,,,,,,,,,,,292250,292250,292239,292250,292239,,292245,292245,292245,,,,0,,1,,,69,,,,,,982,982,6849,71740,11731,71740,61308,71740,3243,68617,3243,68617,3243,68617,61308,3243,71740,0,0,71740,31356,1442,5046,71740,132669,6849,132669,6849,1442,71740,11842,530,0,1442,1442,71740,71740,71740,31,530,11842,6849,6849,132669,6849,71740,68617,3243,10786,6849,71740,09/21/2026 12:32:50 AM,2.914481,45,24.28734,09/20/2026 11:55:24 PM,290586,P_78_ROADRUNNER_R4,0.535634,09/20/2026 11:55:24 PM,,,,,,8PONCVBB,FL78.3FGTC_SNIP_B0204_E180046,SNY510,8PXSCBMT51NA4,,,,,,,,,,,,,,,,,,,,,,,,,,,,,,,,,,,,,,,,,,,,,,,,,,,,,,,,,,,,,,,,
D624328,56,A2ML0056SLB7,0.007167,0,0.007167,0.003584,0.025085,0,0,0.222181,0,0,0,0.010751,0,0.014334,0.007167,,D6243280,PNCB,09/21/2026 1:24:46 AM,BPD454,8M5CL,8M5CL,09/21/2026 5:11:16 AM,8M5CL,D1D,2,8756653,,,,,,,,,,,,,,,,,AME423,2,263067,AME423_PM4,P_78_GABON_B10_R4,09/20/2026 11:48:09 PM,1,1.715536,29,14.29614,09/20/2026 11:48:09 PM,AME423,2,263067,AME423_PM4,P_78_GABON_B10_R4,09/20/2026 11:48:09 PM,1,256479,1,,,,,3,3,3,3,2,,,,,,,,,,,,,,,,,,,292250,292250,292239,292250,292239,,292245,292245,292245,,1,0,,,,,,51,,,,,,2176,2175,5151,54684,10353,54684,52586,54684,900,18948,5151,93820,5151,93820,52586,5151,54684,,,54684,18948,900,5151,54684,93820,5151,93820,5151,472,54684,10452,472,,472,900,54684,54684,54684,263,472,10452,5151,5151,93820,5151,54684,93820,5151,9538,5151,54684,09/21/2026 12:32:50 AM,1.715536,29,14.29614,09/20/2026 11:48:09 PM,290586,P_78_ROADRUNNER_R4,0.591018,09/20/2026 11:48:09 PM,,,,,,8PONCVBB,FL78.3FGTC_SNIP_B0204_E180046,SNY510,8PXSCBMT51NA4,,,,,,,,,,,,,,,,,,,,,,,,,,,,,,,,,,,,,,,,,,,,,,,,,,,,,,,,,,,,,,,,
D624328,59,A2ML0059SLH2,0,0,0,0,0.007218,0,0,0.270687,0,0,0,0.003609,0,0.003609,0,,D6243280,PNCB,09/21/2026 5:29:01 AM,BPD454,8M5CL,8M5CL,09/21/2026 6:51:10 AM,8M5CL,D1D,3,8756580,,,,,,,,,,,,,,,,,AME423,1,263067,AME423_PM3,P_78_GABON_B10_R4,09/20/2026 11:48:09 PM,1,2.914481,45,24.28734,09/20/2026 11:48:09 PM,AME423,1,263067,AME423_PM3,P_78_GABON_B10_R4,09/20/2026 11:48:09 PM,1,256479,1,,,,,3,3,3,3,2,,,,,,,,,,,,,,,,,,,292250,292250,292239,292250,292239,,292245,292245,292245,,,,0,,1,,,69,,,,,,982,982,6849,71740,11731,71740,61308,71740,3243,68617,3243,68617,3243,68617,61308,3243,71740,0,0,71740,31356,1442,5046,71740,132669,6849,132669,6849,1442,71740,11842,530,0,1442,1442,71740,71740,71740,31,530,11842,6849,6849,132669,6849,71740,68617,3243,10786,6849,71740,09/21/2026 12:32:50 AM,2.914481,45,24.28734,09/20/2026 11:48:09 PM,290586,P_78_ROADRUNNER_R4,0.535634,09/20/2026 11:48:09 PM,,,,,,8PONCVBB,FL78.3FGTC_SNIP_B0204_E180046,SNY510,8PXSCBMT51NA4,,,,,,,,,,,,,,,,,,,,,,,,,,,,,,,,,,,,,,,,,,,,,,,,,,,,,,,,,,,,,,,,
D614EAN,739,5DXOY739MVE4,,,,,,,,,,,,,,,,,D614EAN0,X78E,09/12/2026 6:15:00 PM,BPD454,8M5CL,8M5CL,09/13/2026 8:25:07 AM,8M5CL,D1D,1,8376370,0,0,0.317832,0,0,0,0,0,0,0,0,0,0,0,0,0.317832,AME401,17,263067,AME401_PM1,P_78_GABON_B10_R4,09/12/2026 4:37:31 PM,9,5.504588,109,45.87157,09/12/2026 4:37:31 PM,AME401,17,263067,AME401_PM1,P_78_GABON_B10_R4,09/12/2026 4:37:31 PM,9,85804,0.666666,,3,3,3,3,3,3,3,2,2,2,2,,,,,,,,,,,,,,,,101481,101481,101481,101481,101481,,101481,101481,101481,,0,0,0,0,1,,,57,,,,,,6175,6173,12450,33282,8639,33282,28626,33282,12450,194484,12450,194484,12450,194484,28626,3228,33282,,,33282,28372,1350,10649,33282,194483,12450,179614,11140,1350,33282,8720,382,,1350,3974,33282,33282,33282,122,393,8834,3974,12450,194484,12450,33282,194483,12450,8486,12450,33282,09/12/2026 4:53:46 PM,5.504588,109,45.87157,09/12/2026 4:37:31 PM,256529,P_78_ROADRUNNER_R2,0.727376,09/12/2026 4:37:31 PM,,,,,,1L78EVAA,FL78.6K93E_SNIP_DLP2380294-1_6264,SNY512,1X78EAMT50NB1,,,,,,,,,,,,,,,,,,,,,,,,,,,,,,,,,,,,,,,,,,,,,,,,,,,,,,,,,,,,,,,,
D614EAN,745,5DXOY745MVG6,,,,,,,,,,,,,,,,,D614EAN0,X78E,09/12/2026 6:15:00 PM,BPD454,8M5CL,8M5CL,09/13/2026 8:25:19 AM,8M5CL,D1D,2,8376345,0,0,0,0,0,0,0,0,0,0,0,1.069626,0,0,0,1.069626,AME401,10,263067,AME401_PM2,P_78_GABON_B10_R4,09/12/2026 4:23:05 PM,5,5.626534,112,46.88778,09/12/2026 4:23:05 PM,AME401,10,263067,AME401_PM2,P_78_GABON_B10_R4,09/12/2026 4:23:05 PM,5,85804,0.666666,,3,3,3,3,3,3,3,2,2,2,2,,,,,,,,,,,,,,,,101481,101481,101481,101481,101481,,101481,101481,101481,,0,0,,,,,,105,,,,,,5406,5406,11441,26609,5406,26609,24998,26609,11441,158060,11441,158060,11441,158060,24998,11441,26609,,,26609,25231,1216,1216,26609,158060,11441,158060,11441,1216,26609,5457,241,,1216,5262,26609,26609,26609,631,241,5457,1216,11441,158060,11441,26609,158060,11441,8412,11441,26609,09/12/2026 4:53:46 PM,5.626534,112,46.88778,09/12/2026 4:23:05 PM,256529,P_78_ROADRUNNER_R2,0.678177,09/12/2026 4:23:05 PM,,,,,,1L78EVAA,FL78.6K93E_SNIP_DLP2380294-1_6264,SNY512,1X78EAMT50NB1,,,,,,,,,,,,,,,,,,,,,,,,,,,,,,,,,,,,,,,,,,,,,,,,,,,,,,,,,,,,,,,,
D614EAN,751,5DXOY751MVB5,,,,,,,,,,,,,,,,,D614EAN0,X78E,09/12/2026 6:15:00 PM,BPD454,8M5CL,8M5CL,09/13/2026 8:25:13 AM,8M5CL,D1D,3,8376493,0,0,0,0,0,0,0,0,0,0,0,0,0,0,0,0,AME401,24,263067,AME401_PM2,P_78_GABON_B10_R4,09/12/2026 4:48:22 PM,12,5.626534,112,46.88778,09/12/2026 4:48:22 PM,AME401,24,263067,AME401_PM2,P_78_GABON_B10_R4,09/12/2026 4:48:22 PM,12,85804,0.666666,,3,3,3,3,3,3,3,2,2,2,2,,,,,,,,,,,,,,,,101481,101481,101481,101481,101481,,101481,101481,101481,,0,0,,,,,,105,,,,,,5406,5406,11441,26609,5406,26609,24998,26609,11441,158060,11441,158060,11441,158060,24998,11441,26609,,,26609,25231,1216,1216,26609,158060,11441,158060,11441,1216,26609,5457,241,,1216,5262,26609,26609,26609,631,241,5457,1216,11441,158060,11441,26609,158060,11441,8412,11441,26609,09/12/2026 4:53:46 PM,5.626534,112,46.88778,09/12/2026 4:48:22 PM,256529,P_78_ROADRUNNER_R2,0.678177,09/12/2026 4:48:22 PM,,,,,,1L78EVAA,FL78.6K93E_SNIP_DLP2380294-1_6264,SNY512,1X78EAMT50NB1,,,,,,,,,,,,,,,,,,,,,,,,,,,,,,,,,,,,,,,,,,,,,,,,,,,,,,,,,,,,,,,,
D614EAN,754,5DXOY754MVH0,,,,,,,,,,,,,,,,,D614EAN0,X78E,09/12/2026 6:15:00 PM,BPD454,8M5CL,8M5CL,09/13/2026 8:25:27 AM,8M5CL,D1D,4,8376484,0,0,0,0,0,0,0,0,0,0,0,0,0,0,0,0,AME401,25,263067,AME401_PM2,P_78_GABON_B10_R4,09/12/2026 4:51:54 PM,13,5.626534,112,46.88778,09/12/2026 4:51:54 PM,AME401,25,263067,AME401_PM2,P_78_GABON_B10_R4,09/12/2026 4:51:54 PM,13,85804,0.666666,,3,3,3,3,3,3,3,2,2,2,2,,,,,,,,,,,,,,,,101481,101481,101481,101481,101481,,101481,101481,101481,,0,0,,,,,,105,,,,,,5406,5406,11441,26609,5406,26609,24998,26609,11441,158060,11441,158060,11441,158060,24998,11441,26609,,,26609,25231,1216,1216,26609,158060,11441,158060,11441,1216,26609,5457,241,,1216,5262,26609,26609,26609,631,241,5457,1216,11441,158060,11441,26609,158060,11441,8412,11441,26609,09/12/2026 4:53:46 PM,5.626534,112,46.88778,09/12/2026 4:51:54 PM,256529,P_78_ROADRUNNER_R2,0.678177,09/12/2026 4:51:54 PM,,,,,,1L78EVAA,FL78.6K93E_SNIP_DLP2380294-1_6264,SNY512,1X78EAMT50NB1,,,,,,,,,,,,,,,,,,,,,,,,,,,,,,,,,,,,,,,,,,,,,,,,,,,,,,,,,,,,,,,,
D621522,60,A2GYQ060SLG2,,,,,,,,,,,,,,,,,D6215220,PNCB,09/12/2026 11:25:10 PM,BPD436,8M5CL,8M5CL,09/13/2026 8:39:28 AM,8M5CL,D1D,1,8633516,0,0,0.243106,1.0179,0,0,0,0,0,0,0,0,0,0,0.705305,1.966311,AME419,5,263067,AME419_PM5,P_78_GABON_B10_R4,09/12/2026 8:15:44 PM,3,6.378151,100,53.15125,09/12/2026 8:15:44 PM,AME419,5,263067,AME419_PM5,P_78_GABON_B10_R4,09/12/2026 8:15:44 PM,3,169470,1,,,,,,,,,,2,2,2,2,2,2,2,2,1,1,1,,,,,,0,0,223288,223288,223313,223288,223288,0,223288,223288,223288,,,,,,1,,0,52,,,,,,3778,4551,4635,39390,10221,39390,34684,39390,4635,76863,4635,76863,4635,76863,34684,4635,39390,0,0,39390,21683,1030,4635,39390,76863,4635,76863,4635,1030,39390,4719,212,0,1030,4635,39390,39390,39390,816,212,4719,4635,4635,76863,4635,39390,76863,4635,6291,4635,39390,09/12/2026 8:53:05 PM,6.378151,100,53.15125,09/12/2026 8:15:44 PM,256528,P_78_ROADRUNNER_R2,0.807527,09/12/2026 8:15:44 PM,,,,,,8PONCVBB,FL78.3FGTC_SNIP_B0204_E180046,SNY512,8PXSCBMT51NA1,,,,,,,,,,,,,,,,,,,,,,,,,,,,,,,,,,,,,,,,,,,,,,,,,,,,,,,,,,,,,,,,
D621522,68,A2GYQ068SLD3,,,,,,,,,,,,,,,,,D6215220,PNCB,09/12/2026 11:25:10 PM,BPD436,8M5CL,8M5CL,09/13/2026 8:39:22 AM,8M5CL,D1D,2,8633546,2.238742,0,0.172486,0,1.351291,0,0,0,0,0,0,2.947717,0,0,0,6.710236,AME419,22,263067,AME419_PM6,P_78_GABON_B10_R4,09/12/2026 8:44:26 PM,11,7.173978,112,59.78315,09/12/2026 8:44:26 PM,AME419,22,263067,AME419_PM6,P_78_GABON_B10_R4,09/12/2026 8:44:26 PM,11,169470,1,,,,,,,,,,2,2,2,2,2,2,2,2,1,1,1,,,,,,0,0,223288,223288,223313,223288,223288,0,223288,223288,223288,0,,,,0,,,0,48,,,,,,3583,3583,5099,57624,10345,57624,46035,57624,462,10445,5099,97528,5099,97528,46035,5099,57624,0,0,57624,10445,462,5099,57624,97528,5099,97528,5099,462,57624,10445,462,0,462,462,57624,57624,57624,712,462,10445,5099,5099,97528,5099,57624,97528,5099,6532,5099,57624,09/12/2026 8:53:05 PM,7.173978,112,59.78315,09/12/2026 8:44:26 PM,256528,P_78_ROADRUNNER_R2,0.865726,09/12/2026 8:44:26 PM,,,,,,8PONCVBB,FL78.3FGTC_SNIP_B0204_E180046,SNY512,8PXSCBMT51NA1,,,,,,,,,,,,,,,,,,,,,,,,,,,,,,,,,,,,,,,,,,,,,,,,,,,,,,,,,,,,,,,,
D625401,155,A2MHP155SLE1,,,,,,,,,,,,,,,,,D6254010,PR8B,09/12/2026 11:56:42 PM,BPD458,8M5CL,8M5CL,09/13/2026 8:21:45 AM,8M5CL,D1D,1,8785397,0,0,0.396615,0.595811,4.588167,0,2.220692,0,0,0,0,5.041611,0.58715,4.13121,0,16.43956,AME427,24,263067,AME427_PM2,P_78_GABON_B10_R4,09/12/2026 10:37:44 PM,12,2.735069,37,22.79224,09/12/2026 10:37:44 PM,AME427,24,263067,AME427_PM2,P_78_GABON_B10_R4,09/12/2026 10:37:44 PM,12,210222,0.833333,1,1,1,1,1,,,,,,,,,,,1,1,1,1,1,0,0,0,0,0,0,0,267278,267278,267303,267278,267303,0,267278,267278,267278,,,,,,1,0,,16,0,0,,0,,48,63,2866,43481,3452,43481,31150,43481,2866,45314,2866,45314,2866,45314,31150,2866,43482,,,43482,19111,991,2866,43482,45314,2866,45314,2866,991,43482,3486,163,3,991,2866,43482,43482,43482,635,163,3486,2866,2866,45314,2866,43482,45314,2866,3697,2866,43482,09/12/2026 10:42:35 PM,2.735069,37,22.79224,09/12/2026 10:37:44 PM,256528,P_78_ROADRUNNER_R2,0.123899,09/12/2026 10:37:44 PM,,,,,,8PR8CVAB,FL78.6H0QE_SNIP_B0204_E180046,SNY510,8PR8CBMT51NA2,,,,,,,,,,,,,,,,,,,,,,,,,,,,,,,,,,,,,,,,,,,,,,,,,,,,,,,,,,,,,,,,
D625401,157,A2MHP157SLF2,,,,,,,,,,,,,,,,,D6254010,PR8B,09/12/2026 11:56:42 PM,BPD458,8M5CL,8M5CL,09/13/2026 8:20:56 AM,8M5CL,D1D,2,8785365,0,0,0,0,2.415522,0,0,0,0,0,0,8.057073,0,1.73103,0,12.20362,AME427,23,263067,AME427_PM1,P_78_GABON_B10_R4,09/12/2026 10:37:44 PM,12,5.547423,83,46.22852,09/12/2026 10:37:44 PM,AME427,23,263067,AME427_PM1,P_78_GABON_B10_R4,09/12/2026 10:37:44 PM,12,210222,0.833333,1,1,1,1,1,,,,,,,,,,,1,1,1,1,1,0,0,0,0,0,0,0,267278,267278,267303,267278,267303,0,267278,267278,267278,,,,,,1,,,35855,0,0,,0,0,94,94,2377,25972,13640,25972,13640,25972,2377,34657,2377,34657,2377,34657,13640,2377,25972,,,25972,34657,2368,2368,25972,34657,2377,34657,2377,2368,25972,9477,573,,2368,2377,25972,25972,25972,91,573,9477,2377,2377,34657,2377,25972,34657,2377,4667,2377,25972,09/12/2026 10:42:35 PM,5.547423,83,46.22852,09/12/2026 10:37:44 PM,256528,P_78_ROADRUNNER_R2,0.123888,09/12/2026 10:37:44 PM,,,,,,8PR8CVAB,FL78.6H0QE_SNIP_B0204_E180046,SNY510,8PR8CBMT51NA2,,,,,,,,,,,,,,,,,,,,,,,,,,,,,,,,,,,,,,,,,,,,,,,,,,,,,,,,,,,,,,,,
D623242,250,KJFWP250WFB4,,,,,,,,,,,,,,,,,D6232420,PNCB,09/11/2026 2:50:50 PM,BPD446,8M5CL,8M5CL,09/13/2026 8:21:00 AM,8M5CL,D1D,1,8724518,0.72953,0,0,0,0,0,0,0,0,0,0,0.700205,0,5.564236,0,6.993971,AME401,25,263067,AME401_PM2,P_78_GABON_B10_R4,09/11/2026 1:06:27 PM,12,7.261588,141.5611,60.51324,09/11/2026 1:06:27 PM,AME401,25,263067,AME401_PM2,P_78_GABON_B10_R4,09/11/2026 1:06:27 PM,12,85285,0.666666,3,3,3,3,2,2,2,2,2,2,,,,,,,,,,,,,2,2,2,,,100962,100962,100962,100962,100962,,100962,100962,100962,,,,,,1,1,,60,,,,,,5150,5150,11430,26353,5150,26353,24742,26353,11430,157802,11430,157802,11430,157802,24742,11430,26353,0,0,26353,24973,1205,1205,26353,157802,11430,157802,11430,1205,26353,5199,230,1,1205,5252,26353,26353,26353,375,230,5199,1205,11430,157802,11430,26353,157802,11430,8156,11430,26353,09/11/2026 1:08:19 PM,7.261588,141.5611,60.51324,09/11/2026 1:06:27 PM,256528,P_78_ROADRUNNER_R2,0.594405,09/11/2026 1:06:27 PM,,,,,,8PONCVBB,FL78.3FGTC_SNIP_B0204_E180046,SNY512,8PXSCBMT51NA1,,,,,,,,,,,,,,,,,,,,,,,,,,,,,,,,,,,,,,,,,,,,,,,,,,,,,,,,,,,,,,,,
D623242,254,KJFWP254WFD6,,,,,,,,,,,,,,,,,D6232420,PNCB,09/11/2026 2:50:50 PM,BPD446,8M5CL,8M5CL,09/13/2026 8:21:46 AM,8M5CL,D1D,2,8724589,3.476171,0,0.251355,0,0,0,1.775415,0,0,0,0,3.865895,0,0,0,9.368836,AME401,6,263067,AME401_PM2,P_78_GABON_B10_R4,09/11/2026 12:34:05 PM,3,7.261588,141.5611,60.51324,09/11/2026 12:34:05 PM,AME401,6,263067,AME401_PM2,P_78_GABON_B10_R4,09/11/2026 12:34:05 PM,3,85285,0.666666,3,3,3,3,2,2,2,2,2,2,,,,,,,,,,,,,2,2,2,,,100962,100962,100962,100962,100962,,100962,100962,100962,,,,,,1,1,,60,,,,,,5150,5150,11430,26353,5150,26353,24742,26353,11430,157802,11430,157802,11430,157802,24742,11430,26353,0,0,26353,24973,1205,1205,26353,157802,11430,157802,11430,1205,26353,5199,230,1,1205,5252,26353,26353,26353,375,230,5199,1205,11430,157802,11430,26353,157802,11430,8156,11430,26353,09/11/2026 1:08:19 PM,7.261588,141.5611,60.51324,09/11/2026 12:34:05 PM,256528,P_78_ROADRUNNER_R2,0.594405,09/11/2026 12:34:05 PM,,,,,,8PONCVBB,FL78.3FGTC_SNIP_B0204_E180046,SNY512,8PXSCBMT51NA1,,,,,,,,,,,,,,,,,,,,,,,,,,,,,,,,,,,,,,,,,,,,,,,,,,,,,,,,,,,,,,,,
D616EL0,26,A29XK026SLE3,,,,,,,,,,,,,,,,,D616EL00,X78E,09/11/2026 1:26:51 PM,BPD436,8M5CL,8M5CL,09/13/2026 8:25:07 AM,8M5CL,D1D,1,8460366,0,0,0.936372,0,0,0,0,0,0,0,0,0,1.559353,0.570495,0,3.066218,AME403,9,263067,AME403_PM4,P_78_GABON_B10_R4,09/11/2026 12:16:01 PM,3,6.314816,97.99126,52.62346,09/11/2026 12:16:01 PM,AME403,9,263067,AME403_PM4,P_78_GABON_B10_R4,09/11/2026 12:16:01 PM,3,282995,0.833333,3,3,3,3,3,3,2,2,2,2,2,2,2,2,2,2,2,2,2,2,2,2,2,2,2,,,310041,310041,310041,310041,310041,,310041,310041,310041,,,,,,,1,,62,,,,,,1489,1489,11508,40440,9085,40440,34904,40440,11508,185702,11508,185702,11508,185702,34904,3046,40440,,,40440,9171,442,11508,40440,185702,11508,185702,11508,442,40440,9171,442,,442,3592,40440,40440,40440,369,442,9171,5395,11508,185702,11508,40440,185702,11508,9938,11508,40440,09/11/2026 12:41:53 PM,6.314816,97.99126,52.62346,09/11/2026 12:16:01 PM,252845,P_78_PIL16E_1A_R3,0.93505,09/11/2026 12:16:01 PM,,,,,,1X78EVAA,FL78.6UPJE_SNIP_DLP2470806-1_515,SNY510,1X78EAMT50NB1,,,,,,,,,,,,,,,,,,,,,,,,,,,,,,,,,,,,,,,,,,,,,,,,,,,,,,,,,,,,,,,,
D616EL0,28,A29XK028SLF4,,,,,,,,,,,,,,,,,D616EL00,X78E,09/11/2026 1:26:51 PM,BPD436,8M5CL,8M5CL,09/13/2026 8:24:58 AM,8M5CL,D1D,2,8460382,0.983629,0,0,0,0,0,0,0,0,0,0,2.246177,0.552632,0.534804,0.530347,4.227902,AME403,2,263067,AME403_PM4,P_78_GABON_B10_R4,09/11/2026 12:08:48 PM,1,6.314816,97.99126,52.62346,09/11/2026 12:08:48 PM,AME403,2,263067,AME403_PM4,P_78_GABON_B10_R4,09/11/2026 12:08:48 PM,1,282995,0.833333,3,3,3,3,3,3,2,2,2,2,2,2,2,2,2,2,2,2,2,2,2,2,2,2,2,,,310041,310041,310041,310041,310041,,310041,310041,310041,,,,,,,1,,62,,,,,,1489,1489,11508,40440,9085,40440,34904,40440,11508,185702,11508,185702,11508,185702,34904,3046,40440,,,40440,9171,442,11508,40440,185702,11508,185702,11508,442,40440,9171,442,,442,3592,40440,40440,40440,369,442,9171,5395,11508,185702,11508,40440,185702,11508,9938,11508,40440,09/11/2026 12:41:53 PM,6.314816,97.99126,52.62346,09/11/2026 12:08:48 PM,252845,P_78_PIL16E_1A_R3,0.93505,09/11/2026 12:08:48 PM,,,,,,1X78EVAA,FL78.6UPJE_SNIP_DLP2470806-1_515,SNY510,1X78EAMT50NB1,,,,,,,,,,,,,,,,,,,,,,,,,,,,,,,,,,,,,,,,,,,,,,,,,,,,,,,,,,,,,,,,
D621485,330,KJCJF330WFC2,,,,,,,,,,,,,,,,,D6214850,PR8B,09/13/2026 2:36:20 PM,BPD436,8M5CL,8M5CL,09/14/2026 9:13:35 AM,8M5CL,D1D,1,8625025,2.192689,0,0,3.81584,0,0,0,0,0,0,0,2.492024,0,0,0,8.500553,AME427,8,263067,AME427_PM2,P_78_GABON_B10_R4,09/13/2026 10:10:21 AM,4,9.022311,149.507,75.18593,09/13/2026 10:10:21 AM,AME427,8,263067,AME427_PM2,P_78_GABON_B10_R4,09/13/2026 10:10:21 AM,4,210809,1,1,1,1,1,1,1,1,1,1,1,1,1,1,1,,1,1,1,1,1,1,1,1,1,1,0,0,267865,267865,267890,267865,267890,0,267865,267865,267865,,,,,,1,0,,59,0,0,,0,,199,214,2873,43632,3603,43632,31301,43632,2873,45466,2873,45466,2873,45466,31301,2873,43633,,,43633,19263,998,2873,43633,45466,2873,45466,2873,998,43633,3638,169,3,998,2873,43633,43633,43633,786,169,3638,2873,2873,45466,2873,43633,45466,2873,3848,2873,43633,09/13/2026 10:46:37 AM,9.022311,149.507,75.18593,09/13/2026 10:10:21 AM,256529,P_78_ROADRUNNER_R2,0.139689,09/13/2026 10:10:21 AM,,,,,,8PR8CVAB,FL78.6H0QE_SNIP_B0204_E180046,SNY512,8PR8CBMT51NA2,,,,,,,,,,,,,,,,,,,,,,,,,,,,,,,,,,,,,,,,,,,,,,,,,,,,,,,,,,,,,,,,
D621485,379,KJCJF379WFG7,,,,,,,,,,,,,,,,,D6214850,PR8B,09/13/2026 2:36:20 PM,BPD436,8M5CL,8M5CL,09/14/2026 9:14:01 AM,8M5CL,D1D,2,8625008,0,0,0,0,0,0,0,0,0,0,0,1.512601,0,1.489998,0,3.0026,AME427,19,263067,AME427_PM2,P_78_GABON_B10_R4,09/13/2026 10:31:36 AM,9,9.022311,149.507,75.18593,09/13/2026 10:31:36 AM,AME427,19,263067,AME427_PM2,P_78_GABON_B10_R4,09/13/2026 10:31:36 AM,9,210809,1,1,1,1,1,1,1,1,1,1,1,1,1,1,1,,1,1,1,1,1,1,1,1,1,1,0,0,267865,267865,267890,267865,267890,0,267865,267865,267865,,,,,,1,0,,59,0,0,,0,,199,214,2873,43632,3603,43632,31301,43632,2873,45466,2873,45466,2873,45466,31301,2873,43633,,,43633,19263,998,2873,43633,45466,2873,45466,2873,998,43633,3638,169,3,998,2873,43633,43633,43633,786,169,3638,2873,2873,45466,2873,43633,45466,2873,3848,2873,43633,09/13/2026 10:46:37 AM,9.022311,149.507,75.18593,09/13/2026 10:31:36 AM,256529,P_78_ROADRUNNER_R2,0.139689,09/13/2026 10:31:36 AM,,,,,,8PR8CVAB,FL78.6H0QE_SNIP_B0204_E180046,SNY512,8PR8CBMT51NA2,,,,,,,,,,,,,,,,,,,,,,,,,,,,,,,,,,,,,,,,,,,,,,,,,,,,,,,,,,,,,,,,
D624292,444,5DXXQ444MVH0,,,,,,,,,,,,,,,,,D6242920,PR8B,09/13/2026 12:54:04 AM,BPD458,8M5CL,8M5CL,09/13/2026 8:21:46 AM,8M5CL,D1D,1,8746568,1.113177,0,0.383884,0,4.704606,0,0,0,0,0,0,3.338885,1.505228,0.508334,0,11.50794,AME425,5,263067,AME425_PM1,P_78_GABON_B10_R4,09/12/2026 10:48:41 PM,3,6.036179,106.2949,50.30149,09/12/2026 10:48:41 PM,AME425,5,263067,AME425_PM1,P_78_GABON_B10_R4,09/12/2026 10:48:41 PM,3,230055,1,,,1,1,1,1,1,1,1,1,1,0,0,0,0,,,,,,,,,,,0,0,231609,231609,231597,231609,231597,0,231622,231609,231609,,,,,,1,1,,106,,,,,,1136,1136,3199,51010,7792,51010,50799,51010,3199,52453,3199,52453,3199,52453,50799,3199,51010,0,0,51010,27765,1396,3199,51010,52453,3199,52453,3199,1396,51010,9675,459,0,1396,3199,51010,51010,51010,183,459,9675,3199,3199,52453,3199,51010,52453,3199,8140,3199,51010,09/12/2026 11:26:38 PM,6.036179,106.2949,50.30149,09/12/2026 10:48:41 PM,263067,P_78_GABON_B10_R4,2.04687,09/12/2026 10:48:41 PM,,,,,,8PR8CVAB,FL78.6H0QE_SNIP_B0204_E180046,SNY510,8PR8CBMT51NA2,,,,,,,,,,,,,,,,,,,,,,,,,,,,,,,,,,,,,,,,,,,,,,,,,,,,,,,,,,,,,,,,
D624292,447,5DXXQ447MVF0,,,,,,,,,,,,,,,,,D6242920,PR8B,09/13/2026 12:54:04 AM,BPD458,8M5CL,8M5CL,09/13/2026 8:20:38 AM,8M5CL,D1D,2,8746690,0,0,4.617425,0,6.758904,0,0,0,0,0,0,5.948394,4.951251,0.473063,0,22.0572,AME425,22,263067,AME425_PM2,P_78_GABON_B10_R4,09/12/2026 11:17:39 PM,11,5.143269,91,42.86057,09/12/2026 11:17:39 PM,AME425,22,263067,AME425_PM2,P_78_GABON_B10_R4,09/12/2026 11:17:39 PM,11,230055,1,,,1,1,1,1,1,1,1,1,1,0,0,0,0,,,,,,,,,,,0,0,231609,231609,231597,231609,231597,0,231622,231609,231609,,,,,,1,1,,31,,,,,,1109,1108,2967,46601,5210,46601,46306,46601,2967,48112,2967,48112,2967,48112,46306,2967,46601,,,46601,23234,1164,2967,46601,48112,2967,48112,2967,1164,46601,5284,244,,1164,1164,46601,46601,46601,150,244,5284,2967,2967,48112,2967,46601,48112,2967,8120,2967,46601,09/12/2026 11:26:38 PM,5.143269,91,42.86057,09/12/2026 11:17:39 PM,263067,P_78_GABON_B10_R4,2.100268,09/12/2026 11:17:39 PM,,,,,,8PR8CVAB,FL78.6H0QE_SNIP_B0204_E180046,SNY510,8PR8CBMT51NA2,,,,,,,,,,,,,,,,,,,,,,,,,,,,,,,,,,,,,,,,,,,,,,,,,,,,,,,,,,,,,,,,
D621521,24,A2GTK024SLC6,,,,,,,,,,,,,,,,,D6215210,PNCB,09/13/2026 2:21:04 PM,BPD436,8M5CL,8M5CL,09/14/2026 9:14:32 AM,8M5CL,D1D,1,8633310,0,0,0.699818,0,0.661125,0,0,0,0,0,0,1.809358,0,0.564869,0.664946,4.400113,AME427,20,263067,AME427_PM1,P_78_GABON_B10_R4,09/13/2026 12:15:05 PM,10,9.446911,156.2108,78.72426,09/13/2026 12:15:05 PM,AME427,20,263067,AME427_PM1,P_78_GABON_B10_R4,09/13/2026 12:15:05 PM,10,210907,1,1,1,1,1,1,1,1,1,1,1,1,1,1,1,,1,1,1,1,1,1,1,1,1,1,0,0,267963,267963,267988,267963,267988,0,267963,267963,267963,,,,,,1,,,36038,0,0,,0,0,277,277,2385,26155,13823,26155,13823,26155,2385,34840,2385,34840,2385,34840,13823,2385,26155,,,26155,34840,2376,2376,26155,34840,2385,34840,2385,2376,26155,9660,581,,2376,2385,26155,26155,26155,274,581,9660,2385,2385,34840,2385,26155,34840,2385,4850,2385,26155,09/13/2026 12:25:52 PM,9.446911,156.2108,78.72426,09/13/2026 12:15:05 PM,263067,P_78_GABON_B10_R4,0.016324,09/13/2026 12:15:05 PM,,,,,,8PONCVBB,FL78.3FGTC_SNIP_B0204_E180046,SNY512,8PXSCBMT51NA1,,,,,,,,,,,,,,,,,,,,,,,,,,,,,,,,,,,,,,,,,,,,,,,,,,,,,,,,,,,,,,,,
D621521,58,A2HK2058SLG1,,,,,,,,,,,,,,,,,D6215210,PNCB,09/13/2026 2:21:04 PM,BPD436,8M5CL,8M5CL,09/14/2026 9:14:41 AM,8M5CL,D1D,2,8633428,0,0,0,0,0,0,0,0,0,0,0,0,0,0.502575,0,0.502575,AME427,3,263067,AME427_PM2,P_78_GABON_B10_R4,09/13/2026 11:42:21 AM,2,9.083974,149.4387,75.69978,09/13/2026 11:42:21 AM,AME427,3,263067,AME427_PM2,P_78_GABON_B10_R4,09/13/2026 11:42:21 AM,2,210907,1,1,1,1,1,1,1,1,1,1,1,1,1,1,1,,1,1,1,1,1,1,1,1,1,1,0,0,267963,267963,267988,267963,267988,0,267963,267963,267963,,,,,,1,0,,84,0,0,,0,,224,239,2874,43657,3628,43657,31326,43657,2874,45491,2874,45491,2874,45491,31326,2874,43658,,,43658,19288,999,2874,43658,45491,2874,45491,2874,999,43658,3663,170,3,999,2874,43658,43658,43658,811,170,3663,2874,2874,45491,2874,43658,45491,2874,3873,2874,43658,09/13/2026 12:25:52 PM,9.083974,149.4387,75.69978,09/13/2026 11:42:21 AM,263067,P_78_GABON_B10_R4,0.016312,09/13/2026 11:42:21 AM,,,,,,8PONCVBB,FL78.3FGTC_SNIP_B0204_E180046,SNY512,8PXSCBMT51NA1,,,,,,,,,,,,,,,,,,,,,,,,,,,,,,,,,,,,,,,,,,,,,,,,,,,,,,,,,,,,,,,,
D621486,244,KJD2K244WFA5,,,,,,,,,,,,,,,,,D6214860,PR8B,09/13/2026 1:28:52 PM,BPD436,8M5CL,8M5CL,09/14/2026 9:14:49 AM,8M5CL,D1D,1,8625035,0,0,0,0,3.416175,0,0,0,0,0,0,2.932583,0,3.550623,0.773831,10.67321,AME419,25,263067,AME419_PM5,P_78_GABON_B10_R4,09/13/2026 7:42:30 AM,13,3.220663,58.44388,26.83885,09/13/2026 7:42:30 AM,AME419,25,263067,AME419_PM5,P_78_GABON_B10_R4,09/13/2026 7:42:30 AM,13,169640,1,,,,,,,,,,,,,2,2,2,2,2,2,1,1,1,,,,,,,223458,223458,223483,223458,223458,,223458,223458,223458,,,,,,1,,,103,,,,,,3829,4602,4637,39441,10272,39441,34735,39441,4637,76914,4637,76914,4637,76914,34735,4637,39441,,,39441,21734,1032,4637,39441,76914,4637,76914,4637,1032,39441,4770,215,,1032,4637,39441,39441,39441,867,215,4770,4637,4637,76914,4637,39441,76914,4637,6342,4637,39441,09/13/2026 7:43:59 AM,3.220663,58.44388,26.83885,09/13/2026 7:42:30 AM,252845,P_78_PIL16E_1A_R3,3.77453,09/13/2026 7:42:30 AM,,,,,,8PR8CVAB,FL78.6H0QE_SNIP_B0204_E180046,SNY512,8PR8CBMT51NA2,,,,,,,,,,,,,,,,,,,,,,,,,,,,,,,,,,,,,,,,,,,,,,,,,,,,,,,,,,,,,,,,
D621486,253,KJD2K253WFA7,,,,,,,,,,,,,,,,,D6214860,PR8B,09/13/2026 1:28:52 PM,BPD436,8M5CL,8M5CL,09/14/2026 9:14:07 AM,8M5CL,D1D,2,8625151,0,0,1.750169,0,13.51989,0,0,0,0,0,0,41.68187,0,0,0.414255,51.2104,AME419,22,263067,AME419_PM6,P_78_GABON_B10_R4,09/13/2026 7:34:40 AM,11,2.930163,53.39428,24.41803,09/13/2026 7:34:40 AM,AME419,22,263067,AME419_PM6,P_78_GABON_B10_R4,09/13/2026 7:34:40 AM,11,169640,1,,,,,,,,,,,,,2,2,2,2,2,2,1,1,1,,,,,,,223458,223458,223483,223458,223458,,223458,223458,223458,,0,0,,,,,,95,,,,,,3630,3630,5101,57671,10392,57671,46082,57671,464,10492,5101,97575,5101,97575,46082,5101,57671,,,57671,10492,464,5101,57671,97575,5101,97575,5101,464,57671,10492,464,,464,464,57671,57671,57671,759,464,10492,5101,5101,97575,5101,57671,97575,5101,6579,5101,57671,09/13/2026 7:43:59 AM,2.930163,53.39428,24.41803,09/13/2026 7:34:40 AM,252845,P_78_PIL16E_1A_R3,3.835031,09/13/2026 7:34:40 AM,,,,,,8PR8CVAB,FL78.6H0QE_SNIP_B0204_E180046,SNY512,8PR8CBMT51NA2,,,,,,,,,,,,,,,,,,,,,,,,,,,,,,,,,,,,,,,,,,,,,,,,,,,,,,,,,,,,,,,,
D621486,267,KJD2K267WFA2,,,,,,,,,,,,,,,,,D6214860,PR8B,09/14/2026 10:14:44 AM,BPD436,8M5CL,8M5CL,09/15/2026 8:23:04 AM,8M5CL,D1D,3,8625106,0,0,0,0.688292,0,0,0,0,0,0,0,1.553607,0,0,3.056983,5.298881,AME419,1,263067,AME419_PM5,P_78_GABON_B10_R4,09/13/2026 6:56:37 AM,1,3.220663,58.44388,26.83885,09/13/2026 6:56:37 AM,AME419,1,263067,AME419_PM5,P_78_GABON_B10_R4,09/13/2026 6:56:37 AM,1,169640,1,,,,,,,,,,,,,2,2,2,2,2,2,1,1,1,,,,,,,223458,223458,223483,223458,223458,,223458,223458,223458,,,,,,1,,,103,,,,,,3829,4602,4637,39441,10272,39441,34735,39441,4637,76914,4637,76914,4637,76914,34735,4637,39441,,,39441,21734,1032,4637,39441,76914,4637,76914,4637,1032,39441,4770,215,,1032,4637,39441,39441,39441,867,215,4770,4637,4637,76914,4637,39441,76914,4637,6342,4637,39441,09/13/2026 7:43:59 AM,3.220663,58.44388,26.83885,09/13/2026 6:56:37 AM,252845,P_78_PIL16E_1A_R3,3.77453,09/13/2026 6:56:37 AM,,,,,,8PR8CVAB,FL78.6H0QE_SNIP_B0204_E180046,SNY512,8PR8CBMT51NA2,,,,,,,,,,,,,,,,,,,,,,,,,,,,,,,,,,,,,,,,,,,,,,,,,,,,,,,,,,,,,,,,
D621486,278,KJD2K278WFB5,,,,,,,,,,,,,,,,,D6214860,PR8B,09/14/2026 10:14:44 AM,BPD436,8M5CL,8M5CL,09/15/2026 8:21:11 AM,8M5CL,D1D,4,8625088,0,0,0,4.608674,0,0,0,0,0,0,0,1.502737,0,0.403925,0,6.515335,AME419,17,263067,AME419_PM5,P_78_GABON_B10_R4,09/13/2026 7:26:48 AM,9,3.220663,58.44388,26.83885,09/13/2026 7:26:48 AM,AME419,17,263067,AME419_PM5,P_78_GABON_B10_R4,09/13/2026 7:26:48 AM,9,169640,1,,,,,,,,,,,,,2,2,2,2,2,2,1,1,1,,,,,,,223458,223458,223483,223458,223458,,223458,223458,223458,,,,,,1,,,103,,,,,,3829,4602,4637,39441,10272,39441,34735,39441,4637,76914,4637,76914,4637,76914,34735,4637,39441,,,39441,21734,1032,4637,39441,76914,4637,76914,4637,1032,39441,4770,215,,1032,4637,39441,39441,39441,867,215,4770,4637,4637,76914,4637,39441,76914,4637,6342,4637,39441,09/13/2026 7:43:59 AM,3.220663,58.44388,26.83885,09/13/2026 7:26:48 AM,252845,P_78_PIL16E_1A_R3,3.77453,09/13/2026 7:26:48 AM,,,,,,8PR8CVAB,FL78.6H0QE_SNIP_B0204_E180046,SNY512,8PR8CBMT51NA2,,,,,,,,,,,,,,,,,,,,,,,,,,,,,,,,,,,,,,,,,,,,,,,,,,,,,,,,,,,,,,,,
D619273,2,A2GFE002SLA0,,,,,,,,,,,,,,,,,D6192730,PR8B,09/14/2026 9:17:16 AM,BPD436,8M5CL,8M5CL,09/15/2026 8:24:07 AM,8M5CL,D1D,1,8550459,0,0,0,0,0,0,0,0,0,0,0,4.643915,0,1.482545,0.559976,6.686436,AME427,8,263067,AME427_PM1,P_78_GABON_B10_R4,09/14/2026 7:26:29 AM,5,11.06199,198.0509,92.18328,09/14/2026 7:26:29 AM,AME427,8,263067,AME427_PM1,P_78_GABON_B10_R4,09/14/2026 7:26:29 AM,5,211989,1,2,2,2,2,2,2,2,2,1,1,1,1,1,1,1,1,1,1,1,1,1,1,1,1,1,,,269045,269045,269070,269045,269070,,269045,269045,269045,,,,,,1,,,36317,,,,,,556,556,2396,26434,14102,26434,14102,26434,2396,35119,2396,35119,2396,35119,14102,2396,26434,,,26434,35119,2387,2387,26434,35119,2396,35119,2396,2387,26434,9939,591,,2387,2396,26434,26434,26434,553,591,9939,2396,2396,35119,2396,26434,35119,2396,5129,2396,26434,09/14/2026 8:04:39 AM,11.06199,198.0509,92.18328,09/14/2026 7:26:29 AM,256530,P_78_ROADRUNNER_R2,0.253931,09/14/2026 7:26:29 AM,,,,,,8PR8CVAB,FL78.6H0QE_SNIP_B0204_E180046,SNY512,8PR8CBMT51NA2,,,,,,,,,,,,,,,,,,,,,,,,,,,,,,,,,,,,,,,,,,,,,,,,,,,,,,,,,,,,,,,,
D619273,92,A2FSN092SLH2,,,,,,,,,,,,,,,,,D6192730,PR8B,09/14/2026 9:17:16 AM,BPD436,8M5CL,8M5CL,09/15/2026 8:23:58 AM,8M5CL,D1D,2,8550638,0,0,0.740287,0,0,0,0,0,0,0,0,1.781063,0,0,0,2.52135,AME427,23,263067,AME427_PM1,P_78_GABON_B10_R4,09/14/2026 7:19:11 AM,3,11.06199,198.0509,92.18328,09/14/2026 7:19:11 AM,AME427,23,263067,AME427_PM1,P_78_GABON_B10_R4,09/14/2026 7:19:11 AM,3,211989,1,2,2,2,2,2,2,2,2,1,1,1,1,1,1,1,1,1,1,1,1,1,1,1,1,1,,,269045,269045,269070,269045,269070,,269045,269045,269045,,,,,,1,,,36317,,,,,,556,556,2396,26434,14102,26434,14102,26434,2396,35119,2396,35119,2396,35119,14102,2396,26434,,,26434,35119,2387,2387,26434,35119,2396,35119,2396,2387,26434,9939,591,,2387,2396,26434,26434,26434,553,591,9939,2396,2396,35119,2396,26434,35119,2396,5129,2396,26434,09/14/2026 8:04:39 AM,11.06199,198.0509,92.18328,09/14/2026 7:19:11 AM,256530,P_78_ROADRUNNER_R2,0.253931,09/14/2026 7:19:11 AM,,,,,,8PR8CVAB,FL78.6H0QE_SNIP_B0204_E180046,SNY512,8PR8CBMT51NA2,,,,,,,,,,,,,,,,,,,,,,,,,,,,,,,,,,,,,,,,,,,,,,,,,,,,,,,,,,,,,,,,
D619273,243,A2FG2243SLH1,,,,,,,,,,,,,,,,,D6192730,PR8B,09/14/2026 9:17:16 AM,BPD436,8M5CL,8M5CL,09/15/2026 8:23:29 AM,8M5CL,D1D,3,8550678,0,0,0,0,0.553674,0,0,0,0,1.458114,0,0,0,1.315319,0,3.327109,AME427,13,263067,AME427_PM2,P_78_GABON_B10_R4,09/14/2026 7:33:48 AM,7,9.877026,176.0441,82.30855,09/14/2026 7:33:48 AM,AME427,13,263067,AME427_PM2,P_78_GABON_B10_R4,09/14/2026 7:33:48 AM,7,211989,1,2,2,2,2,2,2,2,2,1,1,1,1,1,1,1,1,1,1,1,1,1,1,1,1,1,,,269045,269045,269070,269045,269070,,269045,269045,269045,,,,,,1,0,,23,,,,,,479,494,2885,43912,3883,43912,31581,43912,2885,45749,2885,45749,2885,45749,31581,2885,43913,,,43913,19546,1009,2885,43913,45749,2885,45749,2885,1009,43913,3921,181,,1009,2885,43913,43913,43913,113,181,3921,2885,2885,45749,2885,43913,45749,2885,4128,2885,43913,09/14/2026 8:04:39 AM,9.877026,176.0441,82.30855,09/14/2026 7:33:48 AM,256530,P_78_ROADRUNNER_R2,0.253937,09/14/2026 7:33:48 AM,,,,,,8PR8CVAB,FL78.6H0QE_SNIP_B0204_E180046,SNY512,8PR8CBMT51NA2,,,,,,,,,,,,,,,,,,,,,,,,,,,,,,,,,,,,,,,,,,,,,,,,,,,,,,,,,,,,,,,,
D619273,246,A2FG2246SLF1,,,,,,,,,,,,,,,,,D6192730,PR8B,09/14/2026 9:17:16 AM,BPD436,8M5CL,8M5CL,09/15/2026 8:24:01 AM,8M5CL,D1D,4,8550540,0,0,0,1.029565,0.594955,0.451375,0,0,0,0,0,0,0,0,0,2.075895,AME427,25,263067,AME427_PM2,P_78_GABON_B10_R4,09/14/2026 7:22:50 AM,4,9.877026,176.0441,82.30855,09/14/2026 7:22:50 AM,AME427,25,263067,AME427_PM2,P_78_GABON_B10_R4,09/14/2026 7:22:50 AM,4,211989,1,2,2,2,2,2,2,2,2,1,1,1,1,1,1,1,1,1,1,1,1,1,1,1,1,1,,,269045,269045,269070,269045,269070,,269045,269045,269045,,,,,,1,0,,23,,,,,,479,494,2885,43912,3883,43912,31581,43912,2885,45749,2885,45749,2885,45749,31581,2885,43913,,,43913,19546,1009,2885,43913,45749,2885,45749,2885,1009,43913,3921,181,,1009,2885,43913,43913,43913,113,181,3921,2885,2885,45749,2885,43913,45749,2885,4128,2885,43913,09/14/2026 8:04:39 AM,9.877026,176.0441,82.30855,09/14/2026 7:22:50 AM,256530,P_78_ROADRUNNER_R2,0.253937,09/14/2026 7:22:50 AM,,,,,,8PR8CVAB,FL78.6H0QE_SNIP_B0204_E180046,SNY512,8PR8CBMT51NA2,,,,,,,,,,,,,,,,,,,,,,,,,,,,,,,,,,,,,,,,,,,,,,,,,,,,,,,,,,,,,,,,
D622945,189,HQ3SF189JKB3,,,,,,,,,,,,,,,,,D6229450,PR8B,09/17/2026 12:07:36 PM,BPD458,8M5CL,8M5CL,09/18/2026 7:46:11 AM,8M5CL,D1D,1,8699600,0,0,0,0,0,0,0,0,0,0,0,0,0,0,0,0,AME427,16,263067,AME427_PM2,P_78_GABON_B10_R4,09/17/2026 9:55:28 AM,4,9.233527,151.2462,76.94606,09/17/2026 9:55:28 AM,AME427,16,263067,AME427_PM2,P_78_GABON_B10_R4,09/17/2026 9:55:28 AM,4,216036,1,3,3,3,3,3,3,3,3,3,3,3,2,2,2,2,2,2,2,2,2,2,2,2,2,2,,,273092,273092,273117,273092,273117,,273092,273092,273092,,,,,,1,,,30,,,,,,1419,1434,2926,44852,4823,44852,32521,44852,2926,46698,2926,46698,2926,46698,32521,2926,44853,,,44853,20495,1050,2926,44853,46698,2926,46698,2926,1050,44853,4870,222,,1050,2926,44853,44853,44853,76,222,4870,2926,2926,46698,2926,44853,46698,2926,5068,2926,44853,09/17/2026 10:08:36 AM,9.233527,151.2462,76.94606,09/17/2026 9:55:28 AM,263067,P_78_GABON_B10_R4,0.028131,09/17/2026 9:55:28 AM,,,,,,8PR8CVAB,FL78.6H0QE_SNIP_B0204_E180046,SNY510,8PR8CBMT51NA1,,,,,,,,,,,,,,,,,,,,,,,,,,,,,,,,,,,,,,,,,,,,,,,,,,,,,,,,,,,,,,,,
D622945,190,HQ3SF190JKE4,,,,,,,,,,,,,,,,,D6229450,PR8B,09/17/2026 12:07:36 PM,BPD458,8M5CL,8M5CL,09/18/2026 7:47:48 AM,8M5CL,D1D,2,8699690,0,0,0.666954,0,0,0,0,0,0,0,0,0,0,0,0,0.666954,AME427,3,263067,AME427_PM2,P_78_GABON_B10_R4,09/17/2026 9:43:14 AM,1,9.233527,151.2462,76.94606,09/17/2026 9:43:14 AM,AME427,3,263067,AME427_PM2,P_78_GABON_B10_R4,09/17/2026 9:43:14 AM,1,216036,1,3,3,3,3,3,3,3,3,3,3,3,2,2,2,2,2,2,2,2,2,2,2,2,2,2,,,273092,273092,273117,273092,273117,,273092,273092,273092,,,,,,1,,,30,,,,,,1419,1434,2926,44852,4823,44852,32521,44852,2926,46698,2926,46698,2926,46698,32521,2926,44853,,,44853,20495,1050,2926,44853,46698,2926,46698,2926,1050,44853,4870,222,,1050,2926,44853,44853,44853,76,222,4870,2926,2926,46698,2926,44853,46698,2926,5068,2926,44853,09/17/2026 10:08:36 AM,9.233527,151.2462,76.94606,09/17/2026 9:43:14 AM,263067,P_78_GABON_B10_R4,0.028131,09/17/2026 9:43:14 AM,,,,,,8PR8CVAB,FL78.6H0QE_SNIP_B0204_E180046,SNY510,8PR8CBMT51NA1,,,,,,,,,,,,,,,,,,,,,,,,,,,,,,,,,,,,,,,,,,,,,,,,,,,,,,,,,,,,,,,,
D620427,154,A2HE8154SLC0,,,,,,,,,,,,,,,,,D6204270,PNCB,09/17/2026 3:39:21 AM,BPD446,8M5CL,8M5CL,09/17/2026 7:51:51 AM,8M5CL,D1D,1,8598972,0,0,0.457736,0.687631,0,0,0,0,0,0,0,1.233019,1.117176,4.299807,1.701263,9.496632,AME421,8,263067,AME421_PM6,P_78_GABON_B10_R4,09/17/2026 1:56:32 AM,4,3.954714,73,32.95595,09/17/2026 1:56:32 AM,AME421,8,263067,AME421_PM6,P_78_GABON_B10_R4,09/17/2026 1:56:32 AM,4,234146,1,,,,,,,,,,,,,2,2,2,2,2,2,1,1,1,1,1,1,,0,0,264206,264206,264206,264206,264206,0,264206,264206,264206,,,,,,1,1,0,73,,,0,,,6708,6708,5096,38232,10466,38232,34015,38232,5096,87519,5096,87519,5096,87519,34015,5096,38232,,,38232,31049,1510,5096,38232,87519,5096,87519,5096,1510,38232,12475,558,,1510,5096,38232,38232,38232,928,558,12475,5096,5096,87519,5096,38232,84100,5086,9397,5096,38232,09/17/2026 2:34:37 AM,3.954714,73,32.95595,09/17/2026 1:56:32 AM,256531,P_78_ROADRUNNER_R2,1.521804,09/17/2026 1:56:32 AM,,,,,,8PONCVBB,FL78.3FGTC_SNIP_B0204_E180046,SNY512,8PXSCBMT51NA1,,,,,,,,,,,,,,,,,,,,,,,,,,,,,,,,,,,,,,,,,,,,,,,,,,,,,,,,,,,,,,,,
D620427,156,A2HE8156SLD1,,,,,,,,,,,,,,,,,D6204270,PNCB,09/17/2026 3:39:21 AM,BPD446,8M5CL,8M5CL,09/17/2026 7:52:01 AM,8M5CL,D1D,2,8598950,0,0,0,0,0,0.446261,0,0,0,0,0,1.650528,0,0,3.162583,4.983878,AME421,3,263067,AME421_PM5,P_78_GABON_B10_R4,09/17/2026 1:48:30 AM,2,4.100877,76,34.17397,09/17/2026 1:48:30 AM,AME421,3,263067,AME421_PM5,P_78_GABON_B10_R4,09/17/2026 1:48:30 AM,2,234146,1,,,,,,,,,,,,,2,2,2,2,2,2,1,1,1,1,1,1,,0,0,264206,264206,264206,264206,264206,0,264206,264206,264206,,,,,,,1,,64,,,,,,1314,1314,5767,42516,1314,42516,38639,42516,5767,93768,5767,93768,5767,93768,38639,5767,42516,,,42516,10004,453,3964,42516,93768,5767,93768,5767,453,42516,1326,58,,453,453,42516,42516,42516,361,58,1326,5767,5767,93768,5767,42516,90523,5756,8387,5767,42516,09/17/2026 2:34:37 AM,4.100877,76,34.17397,09/17/2026 1:48:30 AM,256531,P_78_ROADRUNNER_R2,1.584502,09/17/2026 1:48:30 AM,,,,,,8PONCVBB,FL78.3FGTC_SNIP_B0204_E180046,SNY512,8PXSCBMT51NA1,,,,,,,,,,,,,,,,,,,,,,,,,,,,,,,,,,,,,,,,,,,,,,,,,,,,,,,,,,,,,,,,
D624329,7,A2MGG007SLG6,,,,,,,,,,,,,,,,,D6243290,PNCB,09/17/2026 9:11:47 AM,BPD446,8M5CL,8M5CL,09/18/2026 7:46:15 AM,8M5CL,D1D,1,8755715,0,0,0.07876,0,0.543404,0,0,0,0,0,0,1.618442,0,1.173488,0,3.414095,AME427,21,263067,AME427_PM1,P_78_GABON_B10_R4,09/17/2026 7:42:42 AM,11,10.51727,175.7749,87.64388,09/17/2026 7:42:42 AM,AME427,21,263067,AME427_PM1,P_78_GABON_B10_R4,09/17/2026 7:42:42 AM,11,215872,1,3,3,3,3,3,3,3,3,3,3,2,2,2,2,2,2,2,2,2,2,2,2,2,2,2,,,272928,272928,272953,272928,272953,,272928,272928,272928,,,,,,1,1,,37315,,,,,,1554,1554,2438,27432,15100,27432,15100,27432,2438,36117,2438,36117,2438,36117,15100,2438,27432,,,27432,36117,2429,2429,27432,36117,2438,36117,2438,2429,27432,10937,633,,2429,2438,27432,27432,27432,593,633,10937,2438,2438,36117,2438,27432,36117,2438,6127,2438,27432,09/17/2026 7:53:04 AM,10.51727,175.7749,87.64388,09/17/2026 7:42:42 AM,263067,P_78_GABON_B10_R4,0.636967,09/17/2026 7:42:42 AM,,,,,,8PONCVBB,FL78.3FGTC_SNIP_B0204_E180046,SNY510,8PXSCBMT51NA4,,,,,,,,,,,,,,,,,,,,,,,,,,,,,,,,,,,,,,,,,,,,,,,,,,,,,,,,,,,,,,,,
D624329,58,A2NHX058SLA4,,,,,,,,,,,,,,,,,D6243290,PNCB,09/17/2026 9:11:47 AM,BPD446,8M5CL,8M5CL,09/18/2026 7:47:53 AM,8M5CL,D1D,2,8755661,0,0,0.235857,1.0179,1.835197,0,0,0,0,0,0,6.78187,0,1.437642,0,10.29057,AME427,7,263067,AME427_PM1,P_78_GABON_B10_R4,09/17/2026 7:14:00 AM,4,10.51727,175.7749,87.64388,09/17/2026 7:14:00 AM,AME427,7,263067,AME427_PM1,P_78_GABON_B10_R4,09/17/2026 7:14:00 AM,4,215872,1,3,3,3,3,3,3,3,3,3,3,2,2,2,2,2,2,2,2,2,2,2,2,2,2,2,,,272928,272928,272953,272928,272953,,272928,272928,272928,,,,,,1,1,,37315,,,,,,1554,1554,2438,27432,15100,27432,15100,27432,2438,36117,2438,36117,2438,36117,15100,2438,27432,,,27432,36117,2429,2429,27432,36117,2438,36117,2438,2429,27432,10937,633,,2429,2438,27432,27432,27432,593,633,10937,2438,2438,36117,2438,27432,36117,2438,6127,2438,27432,09/17/2026 7:53:04 AM,10.51727,175.7749,87.64388,09/17/2026 7:14:00 AM,263067,P_78_GABON_B10_R4,0.636967,09/17/2026 7:14:00 AM,,,,,,8PONCVBB,FL78.3FGTC_SNIP_B0204_E180046,SNY510,8PXSCBMT51NA4,,,,,,,,,,,,,,,,,,,,,,,,,,,,,,,,,,,,,,,,,,,,,,,,,,,,,,,,,,,,,,,,
D623208,164,HQ3SF164JKA5,,,,,,,,,,,,,,,,,D6232080,PNCB,09/15/2026 12:25:40 PM,BPD436,8M5CL,8M5CL,09/16/2026 8:06:07 AM,8M5CL,D1D,1,8715761,0.72953,0,0,1.015562,1.225305,0,0,0,0,0,0,1.650528,0,0.502575,0,5.1235,AME409,5,263067,AME409_PM1,P_78_GABON_B10_R4,09/15/2026 10:33:05 AM,3,3.180526,50,26.50439,09/15/2026 10:33:05 AM,AME409,5,263067,AME409_PM1,P_78_GABON_B10_R4,09/15/2026 10:33:05 AM,3,225950,0.833333,0,0,0,0,0,0,0,0,0,0,0,0,0,0,0,0,0,0,0,0,0,0,0,0,0,0,0,265883,265861,265831,265883,265854,0,265861,265861,265861,,,,,,,,,50,,,,,,880,880,7967,52486,1435,52486,45640,52486,2506,46518,2506,46518,2506,46518,45640,7967,52486,,,52486,15288,703,4234,52486,133479,7967,133479,7967,703,52486,1448,74,,703,703,52485,52486,52486,179,74,1448,4234,7967,133479,7967,52486,133479,7967,11213,7967,52486,09/15/2026 11:13:53 AM,3.180526,50,26.50439,09/15/2026 10:33:05 AM,252845,P_78_PIL16E_1A_R3,1.666973,09/15/2026 10:33:05 AM,,,,,,8PONCVBB,FL78.3FGTC_SNIP_B0204_E180046,SNY512,8PXSCBMT51NA4,,,,,,,,,,,,,,,,,,,,,,,,,,,,,,,,,,,,,,,,,,,,,,,,,,,,,,,,,,,,,,,,
D623208,165,HQ3SF165JKE7,,,,,,,,,,,,,,,,,D6232080,PNCB,09/15/2026 12:25:40 PM,BPD436,8M5CL,8M5CL,09/16/2026 8:06:25 AM,8M5CL,D1D,2,8715757,0,0,0,1.022816,0,0,0,0,0,0,0,0,0,1.145237,0,2.168053,AME409,10,263067,AME409_PM2,P_78_GABON_B10_R4,09/15/2026 10:41:04 AM,5,3.131017,51,26.09181,09/15/2026 10:41:04 AM,AME409,10,263067,AME409_PM2,P_78_GABON_B10_R4,09/15/2026 10:41:04 AM,5,225950,0.833333,0,0,0,0,0,0,0,0,0,0,0,0,0,0,0,0,0,0,0,0,0,0,0,0,0,0,0,265883,265861,265831,265883,265854,0,265861,265861,265861,,0,0,0,0,1,1,,47,0,0,,0,,63,90,7441,46253,885,46253,42744,46253,,61162,3606,61162,3606,61162,42744,7441,46253,,,46253,2992,171,5628,46253,118245,7441,118245,7441,171,46253,2992,171,5,171,171,46253,46253,46253,84,171,2992,7441,7441,118245,7441,46253,61162,3606,10845,7441,46253,09/15/2026 11:13:53 AM,3.131017,51,26.09181,09/15/2026 10:41:04 AM,252845,P_78_PIL16E_1A_R3,1.666985,09/15/2026 10:41:04 AM,,,,,,8PONCVBB,FL78.3FGTC_SNIP_B0204_E180046,SNY512,8PXSCBMT51NA4,,,,,,,,,,,,,,,,,,,,,,,,,,,,,,,,,,,,,,,,,,,,,,,,,,,,,,,,,,,,,,,,
D619300,694,5DXWZ694MVG0,,,,,,,,,,,,,,,,,D6193000,PNCB,09/15/2026 9:35:15 PM,BPD458,8M5CL,8M5CL,09/16/2026 8:06:42 AM,8M5CL,D1D,1,8555668,0,0,1.415023,0,0,0,0,0,0,0,0,0,0,6.100011,0,7.515034,AME417,17,263067,AME417_PM2,P_78_GABON_B10_R4,09/15/2026 6:55:51 PM,7,3.504774,58,29.20645,09/15/2026 6:55:51 PM,AME417,17,263067,AME417_PM2,P_78_GABON_B10_R4,09/15/2026 6:55:51 PM,7,253953,0.833333,3,3,3,3,3,3,3,3,3,3,2,2,2,2,2,,,,,,,,,,,,,297361,60381,60381,60381,60381,,297385,297385,297361,,,,,,,1,,92,0,0,,,,2292,2292,7672,51161,2292,51161,43314,51161,4413,74800,4413,74800,4413,74800,43314,7672,51161,,,51161,12759,590,5136,51161,122092,7672,122092,7672,590,51161,2313,107,,590,2610,51161,51161,51161,397,107,2313,5136,7672,122092,7672,51161,74800,4413,8314,7672,51161,09/15/2026 7:12:03 PM,3.504774,58,29.20645,09/15/2026 6:55:51 PM,216736,P_78_GOBI_R6,1.47117,09/15/2026 6:55:51 PM,,,,,,8PONCVBB,FL78.3FGTC_SNIP_B0204_E180046,SNY510,8PXSCBMT51NA1,,,,,,,,,,,,,,,,,,,,,,,,,,,,,,,,,,,,,,,,,,,,,,,,,,,,,,,,,,,,,,,,
D619300,698,5DXWZ698MVA7,,,,,,,,,,,,,,,,,D6193000,PNCB,09/15/2026 9:35:15 PM,BPD458,8M5CL,8M5CL,09/16/2026 8:06:11 AM,8M5CL,D1D,2,8555642,0.743972,0,0.518834,0,0,0,0,0,0,0,0,0,0,2.037572,0.964172,4.26455,AME417,10,263067,AME417_PM1,P_78_GABON_B10_R4,09/15/2026 6:45:00 PM,4,3.820657,64,31.83881,09/15/2026 6:45:00 PM,AME417,10,263067,AME417_PM1,P_78_GABON_B10_R4,09/15/2026 6:45:00 PM,4,253953,0.833333,3,3,3,3,3,3,3,3,3,3,2,2,2,2,2,,,,,,,,,,,,,297361,60381,60381,60381,60381,,297385,297385,297361,,,,,,1,1,,36,,,,,,3858,3858,7996,51029,3858,51029,40360,51029,4417,75119,4417,75119,4417,75119,40360,7996,51029,,,51029,20239,976,2615,51029,130067,7996,130067,7996,976,51029,1135,180,,976,976,51029,51029,51029,49,180,3894,2615,7996,130067,7996,51029,75119,4417,8969,7996,51029,09/15/2026 7:12:03 PM,3.820657,64,31.83881,09/15/2026 6:45:00 PM,216736,P_78_GOBI_R6,1.410869,09/15/2026 6:45:00 PM,,,,,,8PONCVBB,FL78.3FGTC_SNIP_B0204_E180046,SNY510,8PXSCBMT51NA1,,,,,,,,,,,,,,,,,,,,,,,,,,,,,,,,,,,,,,,,,,,,,,,,,,,,,,,,,,,,,,,,
D616981,167,A28J4167SLC6,,,,,,,,,,,,,,,,,D6169810,PR8B,09/15/2026 11:51:13 AM,BPD454,8M5CL,8M5CL,09/16/2026 8:06:20 AM,8M5CL,D1D,1,8460567,2.04257,0,0,8.604395,0,1.743062,0,0,1.304474,0,0,0,0.627095,0,0,14.3216,AME427,9,263067,AME427_PM2,P_78_GABON_B10_R4,09/15/2026 10:32:35 AM,5,9.685441,163.1989,80.71201,09/15/2026 10:32:35 AM,AME427,9,263067,AME427_PM2,P_78_GABON_B10_R4,09/15/2026 10:32:35 AM,5,213435,0.833333,2,2,2,2,2,2,2,2,2,2,2,2,2,2,2,2,2,1,1,1,1,1,1,1,1,,,270491,270491,270516,270491,270516,,270491,270491,270491,,,,,,1,0,,71,,,,,,840,855,2901,44273,4244,44273,31942,44273,2901,46114,2901,46114,2901,46114,31942,2901,44274,,,44274,19911,1025,2901,44274,46114,2901,46114,2901,1025,44274,4286,197,,1025,2901,44274,44274,44274,474,197,4286,2901,2901,46114,2901,44274,46114,2901,4489,2901,44274,09/15/2026 11:05:13 AM,9.685441,163.1989,80.71201,09/15/2026 10:32:35 AM,263067,P_78_GABON_B10_R4,0.034849,09/15/2026 10:32:35 AM,,,,,,8PR8CVB,FL78.6H0QE_SNIP_DLP2471132-1_893,SNV442,8PR8CBMT51NA1,,,,,,,,,,,,,,,,,,,,,,,,,,,,,,,,,,,,,,,,,,,,09/15/2026 12:11:47 PM,.,D,Y,Y,M,.,.,RA3!DLP2471132_1_SWIC_20260914_20195229_0!1,Recipe:AM;LAYERID:8M5CL;LOWEST_N_WAFERS:,sotieno,09/14/2026 8:09:41 PM,,sotieno,09/14/2026 8:13:03 PM,SO,autosif,09/15/2026 11:50:52 AM,autosif,09/15/2026 12:11:46 PM,"Recipe=AM;LAYERID=8M5CL;LOWEST_N_WAFERS=(optional);WAFER_LIST=167,170(optional);KLARITY_STEPID=(optional);"
D616981,170,A28J4170SLH0,,,,,,,,,,,,,,,,,D6169810,PR8B,09/15/2026 11:51:13 AM,BPD454,8M5CL,8M5CL,09/16/2026 8:06:13 AM,8M5CL,D1D,2,8460584,0,0,0.237453,2.469333,2.016475,0,0,0,0,0,0,1.131079,9.508764,0,0,15.3631,AME427,19,263067,AME427_PM2,P_78_GABON_B10_R4,09/15/2026 10:51:08 AM,10,9.685441,163.1989,80.71201,09/15/2026 10:51:08 AM,AME427,19,263067,AME427_PM2,P_78_GABON_B10_R4,09/15/2026 10:51:08 AM,10,213435,0.833333,2,2,2,2,2,2,2,2,2,2,2,2,2,2,2,2,2,1,1,1,1,1,1,1,1,,,270491,270491,270516,270491,270516,,270491,270491,270491,,,,,,1,0,,71,,,,,,840,855,2901,44273,4244,44273,31942,44273,2901,46114,2901,46114,2901,46114,31942,2901,44274,,,44274,19911,1025,2901,44274,46114,2901,46114,2901,1025,44274,4286,197,,1025,2901,44274,44274,44274,474,197,4286,2901,2901,46114,2901,44274,46114,2901,4489,2901,44274,09/15/2026 11:05:13 AM,9.685441,163.1989,80.71201,09/15/2026 10:51:08 AM,263067,P_78_GABON_B10_R4,0.034849,09/15/2026 10:51:08 AM,,,,,,8PR8CVB,FL78.6H0QE_SNIP_DLP2471132-1_893,SNV442,8PR8CBMT51NA1,,,,,,,,,,,,,,,,,,,,,,,,,,,,,,,,,,,,,,,,,,,,09/15/2026 12:11:47 PM,.,D,Y,Y,M,.,.,RA3!DLP2471132_1_SWIC_20260914_20195229_0!1,Recipe:AM;LAYERID:8M5CL;LOWEST_N_WAFERS:,sotieno,09/14/2026 8:09:41 PM,,sotieno,09/14/2026 8:13:03 PM,SO,autosif,09/15/2026 11:50:52 AM,autosif,09/15/2026 12:11:46 PM,"Recipe=AM;LAYERID=8M5CL;LOWEST_N_WAFERS=(optional);WAFER_LIST=167,170(optional);KLARITY_STEPID=(optional);"
D626512,34,A2GUA034SLG4,,,,,,,,,,,,,,,,,D6265120,PR8B,09/15/2026 11:01:56 PM,BPD436,8M5CL,8M5CL,09/16/2026 8:06:25 AM,8M5CL,D1D,1,8824212,0,0,0,1.397523,0,0,0,0,0,0,0,1.034079,0,2.438499,0,4.870101,AME409,5,263067,AME409_PM3,P_78_GABON_B10_R4,09/15/2026 8:18:13 PM,5,2.038746,39,16.98955,09/15/2026 8:18:13 PM,AME409,5,263067,AME409_PM3,P_78_GABON_B10_R4,09/15/2026 8:18:13 PM,5,226199,1,1,1,0,0,0,0,0,0,0,0,0,0,0,0,0,0,0,0,0,0,0,0,0,0,0,0,0,266132,266110,266080,266132,266103,0,266110,266110,266110,,,,,,2,,,64,,,,,,959,959,7848,49980,15640,49980,41852,49980,7848,124770,7848,124770,7848,124770,41852,7848,49980,,,49980,33705,1663,3284,49980,124770,7848,124770,7848,1663,49980,15787,732,,1663,1663,49979,49979,49979,961,732,15787,3284,7848,124770,7848,49979,124770,7848,10417,7848,49980,09/15/2026 9:31:30 PM,2.038746,39,16.98955,09/15/2026 8:18:13 PM,256532,P_78_ROADRUNNER_R2,0.248301,09/15/2026 8:18:13 PM,,,,,,8PR8CVAB,FL78.6H0QE_SNIP_B0204_E180046,SNY510,8PR8CBMT51NA2,09/15/2026 6:55:53 PM,.,D,Y,Y,M,.,.,RA3!DLP2535745SWIC_20260827_11485026_0!1,Recipe:AM;SIF_TYPE:FLOW;SIF_VERSION:2;SI,oogunlal,08/27/2026 11:48:50 AM,XPR5 on N58N Filter for Minis Improvement. Run on SNY510,autosif,09/15/2026 6:25:10 PM,autosif,09/15/2026 6:55:53 PM,Recipe=AM;SIF_TYPE=FLOW;SIF_VERSION=2;SIF_GATE_CTRL=FALSE;SIF_RETICLE=(optional);LCA_Flag=(optional);,theiders,08/27/2026 4:55:12 PM,TSH,theiders,09/15/2026 9:31:09 PM,.,D,Y,Y,M,.,.,RA3!DLP2535745SWIC_20260827_11084223_0!1,Recipe:AM;PILOT_NAME:SRCIP;,kruthisr,08/27/2026 11:08:42 AM,matthewh,08/27/2026 11:08:42 AM,for SRCIP Defect Project,autosif,09/15/2026 7:56:53 PM,autosif,09/15/2026 9:31:09 PM,Recipe=AM;PILOT_NAME=SRCIP;,,,,,,,,,,,,,,,,,,,,,,
D626512,37,A2GUA037SLE4,,,,,,,,,,,,,,,,,D6265120,PR8B,09/15/2026 11:01:56 PM,BPD436,8M5CL,8M5CL,09/16/2026 8:06:38 AM,8M5CL,D1D,2,8824157,0,0,2.776018,6.103673,0,0,0,0,0,0,0,0,0,0,0,8.87969,AME409,10,263067,AME409_PM3,P_78_GABON_B10_R4,09/15/2026 8:36:32 PM,10,2.038746,39,16.98955,09/15/2026 8:36:32 PM,AME409,10,263067,AME409_PM3,P_78_GABON_B10_R4,09/15/2026 8:36:32 PM,10,226199,1,1,1,0,0,0,0,0,0,0,0,0,0,0,0,0,0,0,0,0,0,0,0,0,0,0,0,0,266132,266110,266080,266132,266103,0,266110,266110,266110,,,,,,2,,,64,,,,,,959,959,7848,49980,15640,49980,41852,49980,7848,124770,7848,124770,7848,124770,41852,7848,49980,,,49980,33705,1663,3284,49980,124770,7848,124770,7848,1663,49980,15787,732,,1663,1663,49979,49979,49979,961,732,15787,3284,7848,124770,7848,49979,124770,7848,10417,7848,49980,09/15/2026 9:31:30 PM,2.038746,39,16.98955,09/15/2026 8:36:32 PM,256532,P_78_ROADRUNNER_R2,0.248301,09/15/2026 8:36:32 PM,,,,,,8PR8CVAB,FL78.6H0QE_SNIP_B0204_E180046,SNY510,8PR8CBMT51NA2,09/15/2026 6:55:53 PM,.,D,Y,Y,M,.,.,RA3!DLP2535745SWIC_20260827_11485026_0!1,Recipe:AM;SIF_TYPE:FLOW;SIF_VERSION:2;SI,oogunlal,08/27/2026 11:48:50 AM,XPR5 on N58N Filter for Minis Improvement. Run on SNY510,autosif,09/15/2026 6:25:10 PM,autosif,09/15/2026 6:55:53 PM,Recipe=AM;SIF_TYPE=FLOW;SIF_VERSION=2;SIF_GATE_CTRL=FALSE;SIF_RETICLE=(optional);LCA_Flag=(optional);,theiders,08/27/2026 4:55:12 PM,TSH,theiders,09/15/2026 9:31:09 PM,.,D,Y,Y,M,.,.,RA3!DLP2535745SWIC_20260827_11084223_0!1,Recipe:AM;PILOT_NAME:SRCIP;,kruthisr,08/27/2026 11:08:42 AM,matthewh,08/27/2026 11:08:42 AM,for SRCIP Defect Project,autosif,09/15/2026 7:56:53 PM,autosif,09/15/2026 9:31:09 PM,Recipe=AM;PILOT_NAME=SRCIP;,,,,,,,,,,,,,,,,,,,,,,
D614EAF,386,5DXNQ386MVE3,,,,,,,,,,,,,,,,,D614EAF0,X78E,09/19/2026 4:56:42 PM,BPD436,8M5CL,8M5CL,09/20/2026 8:16:00 AM,8M5CL,D1D,1,8372944,0,0,0,0,0.507203,0,0,0,0,0,0,0,0,0,0.445975,0.953176,AME417,1,263067,AME417_PM1,P_78_GABON_B10_R4,09/19/2026 3:30:24 PM,1,4.24597,63,35.38308,09/19/2026 3:30:24 PM,AME417,1,263067,AME417_PM1,P_78_GABON_B10_R4,09/19/2026 3:30:24 PM,1,256320,0.833333,1,1,1,1,1,1,1,1,1,0,0,0,0,0,0,0,0,0,0,0,0,0,0,0,0,,,299728,62748,62748,62748,62748,,299752,299752,299728,,,,,,,,,25,,,,,,4254,4254,8016,51425,4254,51425,40756,51425,4437,75519,4437,75519,4437,75519,40756,8016,51425,,,51425,20639,996,2635,51425,130467,8016,130467,8016,996,51425,1535,200,,996,996,51425,51425,51425,445,200,4294,2635,8016,130467,8016,51425,75519,4437,9365,8016,51425,09/19/2026 4:16:57 PM,4.24597,63,35.38308,09/19/2026 3:30:24 PM,216737,P_78_GOBI_R6,3.197107,09/19/2026 3:30:24 PM,,,,,,1L78EVAA,FL78.6K93E_SNIP_DLP2380294-1_6264,SNY512,1X78EAMT50NB1,,,,,,,,,,,,,,,,,,,,,,,,,,,,,,,,,,,,,,,,,,,,,,,,,,,,,,,,,,,,,,,,
D614EAF,389,5DXNQ389MVC3,,,,,,,,,,,,,,,,,D614EAF0,X78E,09/19/2026 4:56:42 PM,BPD436,8M5CL,8M5CL,09/20/2026 8:15:52 AM,8M5CL,D1D,2,8373097,0,0,0.464437,0.594047,0.770338,0,0,0,0,0,0,1.153312,0,1.098393,0,4.080525,AME417,22,263067,AME417_PM2,P_78_GABON_B10_R4,09/19/2026 4:08:14 PM,11,3.980626,59,33.17188,09/19/2026 4:08:14 PM,AME417,22,263067,AME417_PM2,P_78_GABON_B10_R4,09/19/2026 4:08:14 PM,11,256320,0.833333,1,1,1,1,1,1,1,1,1,0,0,0,0,0,0,0,0,0,0,0,0,0,0,0,0,,,299728,62748,62748,62748,62748,,299752,299752,299728,,,,,,,,,95,,,,,,275,274,7688,51474,2605,51474,43627,51474,4429,75116,4429,75116,4429,75116,43627,7688,51474,,,51474,13075,606,5152,51474,122408,7688,122408,7688,606,51474,2629,123,,606,2626,51474,51474,51474,710,123,2629,5152,7688,122408,7688,51474,75116,4429,8627,7688,51474,09/19/2026 4:16:57 PM,3.980626,59,33.17188,09/19/2026 4:08:14 PM,216737,P_78_GOBI_R6,3.275306,09/19/2026 4:08:14 PM,,,,,,1L78EVAA,FL78.6K93E_SNIP_DLP2380294-1_6264,SNY512,1X78EAMT50NB1,,,,,,,,,,,,,,,,,,,,,,,,,,,,,,,,,,,,,,,,,,,,,,,,,,,,,,,,,,,,,,,,
D624342,247,KJFWP247WFE5,,,,,,,,,,,,,,,,,D6243420,PNCB,09/19/2026 4:18:17 PM,BPD454,8M5CL,8M5CL,09/20/2026 8:28:25 AM,8M5CL,D1D,1,8759239,0,0,0,0.830264,0,0,0,0,0,0,0,0,0,0.999164,3.033588,4.863016,AME423,21,263067,AME423_PM1,P_78_GABON_B10_R4,09/19/2026 3:37:50 PM,6,4.462516,75,37.18764,09/19/2026 3:37:50 PM,AME423,21,263067,AME423_PM1,P_78_GABON_B10_R4,09/19/2026 3:37:50 PM,6,255779,1,3,2,2,2,2,2,2,2,,,,,,,,,,,2,2,2,2,2,2,2,0,0,291550,291550,291539,291550,291539,0,291545,291545,291545,,,,,,,1,,106,,,,,,2133,2132,6302,56878,3634,56878,52696,56878,6302,111429,6302,111429,6302,111429,52696,6302,56878,0,0,56878,20123,926,6302,56878,111429,6302,111429,6302,926,56878,3668,164,0,926,926,56878,56878,56878,225,164,3668,6302,6302,111429,6302,56878,111429,6302,7422,6302,56878,09/19/2026 3:42:41 PM,4.462516,75,37.18764,09/19/2026 3:37:50 PM,263067,P_78_GABON_B10_R4,0.355823,09/19/2026 3:37:50 PM,,,,,,8PONCVBB,FL78.3FGTC_SNIP_B0204_E180046,SNY510,8PXSCBMT51NA4,,,,,,,,,,,,,,,,,,,,,,,,,,,,,,,,,,,,,,,,,,,,,,,,,,,,,,,,,,,,,,,,
D624342,255,KJFWP255WFA5,,,,,,,,,,,,,,,,,D6243420,PNCB,09/19/2026 4:18:17 PM,BPD454,8M5CL,8M5CL,09/20/2026 8:28:17 AM,8M5CL,D1D,2,8759228,1.642244,0,0.283581,0.822655,0,0,0,0,0,0,1.407987,1.010304,0,1.203167,0,6.369939,AME423,2,263067,AME423_PM2,P_78_GABON_B10_R4,09/19/2026 3:19:05 PM,1,6.206236,111,51.71863,09/19/2026 3:19:05 PM,AME423,2,263067,AME423_PM2,P_78_GABON_B10_R4,09/19/2026 3:19:05 PM,1,255779,1,3,2,2,2,2,2,2,2,,,,,,,,,,,2,2,2,2,2,2,2,0,0,291550,291550,291539,291550,291539,0,291545,291545,291545,,,,,1,,1,,17,,,,,,2087,2087,5860,42744,4613,42744,34584,42744,5860,96664,5860,96664,5860,96664,34584,5860,42744,0,0,42744,4657,212,4058,42744,96664,5860,96664,5860,212,42744,4657,212,0,212,212,42744,42744,42744,360,212,4657,5860,5860,96664,5860,42744,96664,5860,7305,5860,42744,09/19/2026 3:42:41 PM,6.206236,111,51.71863,09/19/2026 3:19:05 PM,263067,P_78_GABON_B10_R4,0.355826,09/19/2026 3:19:05 PM,,,,,,8PONCVBB,FL78.3FGTC_SNIP_B0204_E180046,SNY510,8PXSCBMT51NA4,,,,,,,,,,,,,,,,,,,,,,,,,,,,,,,,,,,,,,,,,,,,,,,,,,,,,,,,,,,,,,,,
D623206,52,HQ3SF052JKD2,,,,,,,,,,,,,,,,,D6232060,PNCB,09/19/2026 11:07:22 AM,BPD454,8M5CL,8M5CL,09/20/2026 8:28:25 AM,8M5CL,D1D,1,8716297,0,0,0.21463,0,0,0,0,0,0,0,0,3.301056,0,0.154066,2.707529,6.377281,AME411,21,263067,AME411_PM1,P_78_GABON_B10_R4,09/19/2026 9:33:25 AM,10,4.238222,80,35.31852,09/19/2026 9:33:25 AM,AME411,21,263067,AME411_PM1,P_78_GABON_B10_R4,09/19/2026 9:33:25 AM,10,192906,1,2,2,2,2,2,2,2,2,,,,,,,2,2,2,2,2,2,2,2,2,2,1,0,0,240871,22777,22777,22777,22777,0,240896,240896,240871,,,,,,1,1,,11,,,,,,783,826,6945,52824,826,52824,45219,52824,720,15350,720,15350,6945,115586,45219,6945,52824,,,52824,15350,720,6945,52824,115586,6945,115586,6945,720,52824,15350,720,,720,3088,52824,52824,52824,768,720,15350,6945,6945,115586,6945,52824,115586,6945,9036,6945,52824,09/19/2026 9:39:45 AM,4.238222,80,35.31852,09/19/2026 9:33:25 AM,256531,P_78_ROADRUNNER_R2,2.022977,09/19/2026 9:33:25 AM,,,,,,8PONCVBB,FL78.3FGTC_SNIP_B0204_E180046,SNY512,8PXSCBMT51NA4,,,,,,,,,,,,,,,,,,,,,,,,,,,,,,,,,,,,,,,,,,,,,,,,,,,,,,,,,,,,,,,,
D623206,128,HQ3FV128JKD4,,,,,,,,,,,,,,,,,D6232060,PNCB,09/19/2026 11:07:22 AM,BPD454,8M5CL,8M5CL,09/20/2026 8:28:20 AM,8M5CL,D1D,2,8716361,0,0,0.157192,2.046062,0,0,0,0,0,0,0,0,0,0,2.314182,4.517435,AME411,18,263067,AME411_PM1,P_78_GABON_B10_R4,09/19/2026 9:29:17 AM,9,4.238222,80,35.31852,09/19/2026 9:29:17 AM,AME411,18,263067,AME411_PM1,P_78_GABON_B10_R4,09/19/2026 9:29:17 AM,9,192906,1,2,2,2,2,2,2,2,2,,,,,,,2,2,2,2,2,2,2,2,2,2,1,0,0,240871,22777,22777,22777,22777,0,240896,240896,240871,,,,,,1,1,,11,,,,,,783,826,6945,52824,826,52824,45219,52824,720,15350,720,15350,6945,115586,45219,6945,52824,,,52824,15350,720,6945,52824,115586,6945,115586,6945,720,52824,15350,720,,720,3088,52824,52824,52824,768,720,15350,6945,6945,115586,6945,52824,115586,6945,9036,6945,52824,09/19/2026 9:39:45 AM,4.238222,80,35.31852,09/19/2026 9:29:17 AM,256531,P_78_ROADRUNNER_R2,2.022977,09/19/2026 9:29:17 AM,,,,,,8PONCVBB,FL78.3FGTC_SNIP_B0204_E180046,SNY512,8PXSCBMT51NA4,,,,,,,,,,,,,,,,,,,,,,,,,,,,,,,,,,,,,,,,,,,,,,,,,,,,,,,,,,,,,,,,
D623202,79,IEGMA079MMF4,,,,,,,,,,,,,,,,,D6232020,PNCB,09/19/2026 6:21:25 AM,BPD458,8M5CL,8M5CL,09/20/2026 8:28:17 AM,8M5CL,D1D,1,8715598,0,0,0.921271,0,0.668435,0,0,0,0,0,0,3.037415,2.494134,0.947591,0,8.068843,AME423,1,263067,AME423_PM4,P_78_GABON_B10_R4,09/19/2026 5:01:43 AM,4,3.846444,64.9007,32.0537,09/19/2026 5:01:43 AM,AME423,1,263067,AME423_PM4,P_78_GABON_B10_R4,09/19/2026 5:01:43 AM,4,255449,1,2,2,2,2,2,2,2,2,,,,,,,,,,,2,2,2,2,2,2,2,,,291220,291220,291209,291220,291209,,291215,291215,291215,,0,0,,,1,1,,18,,,,,,1939,1938,5140,54447,10116,54447,52349,54447,889,18709,5140,93581,5140,93581,52349,5140,54447,,,54447,18709,889,5140,54447,93581,5140,93581,5140,461,54447,10213,461,,461,889,54447,54447,54447,26,461,10213,5140,5140,93581,5140,54447,93581,5140,9301,5140,54447,09/19/2026 5:33:30 AM,3.846444,64.9007,32.0537,09/19/2026 5:01:43 AM,290585,P_78_M5_RR_R1,0.037566,09/19/2026 5:01:43 AM,,,,,,8PONCVBB,FL78.3FGTC_SNIP_B0204_E180046,SNY512,8PXSCBMT51NA1,,,,,,,,,,,,,,,,,,,,,,,,,,,,,,,,,,,,,,,,,,,,,,,,,,,,,,,,,,,,,,,,
D623202,110,IEGMA110MMF6,,,,,,,,,,,,,,,,,D6232020,PNCB,09/19/2026 6:21:25 AM,BPD458,8M5CL,8M5CL,09/20/2026 8:28:24 AM,8M5CL,D1D,2,8715704,0.544226,0,0,0,0,0,0,0,0,0,0,0,0.92631,0,0,1.470536,AME423,22,263067,AME423_PM4,P_78_GABON_B10_R4,09/19/2026 4:54:42 AM,2,3.846444,64.9007,32.0537,09/19/2026 4:54:42 AM,AME423,22,263067,AME423_PM4,P_78_GABON_B10_R4,09/19/2026 4:54:42 AM,2,255449,1,2,2,2,2,2,2,2,2,,,,,,,,,,,2,2,2,2,2,2,2,,,291220,291220,291209,291220,291209,,291215,291215,291215,,0,0,,,1,1,,18,,,,,,1939,1938,5140,54447,10116,54447,52349,54447,889,18709,5140,93581,5140,93581,52349,5140,54447,,,54447,18709,889,5140,54447,93581,5140,93581,5140,461,54447,10213,461,,461,889,54447,54447,54447,26,461,10213,5140,5140,93581,5140,54447,93581,5140,9301,5140,54447,09/19/2026 5:33:30 AM,3.846444,64.9007,32.0537,09/19/2026 4:54:42 AM,290585,P_78_M5_RR_R1,0.037566,09/19/2026 4:54:42 AM,,,,,,8PONCVBB,FL78.3FGTC_SNIP_B0204_E180046,SNY512,8PXSCBMT51NA1,,,,,,,,,,,,,,,,,,,,,,,,,,,,,,,,,,,,,,,,,,,,,,,,,,,,,,,,,,,,,,,,
D512945,252,GG8DH252JKG3,,,,,,,,,,,,,,,,,D5129450U,PNCB,09/18/2026 9:53:37 PM,BPD436,8M5CL,8M5CL,09/20/2026 8:28:47 AM,8M5CL,D1D,1,9343492,0,0,0,2.83028,0,0,0,0,0,0,0,0,0,0.699049,0.468521,3.99785,AME423,18,263067,AME423_PM3,P_78_GABON_B10_R4,09/18/2026 7:17:46 PM,1,3.368931,58,28.07442,09/18/2026 7:17:46 PM,AME423,18,263067,AME423_PM3,P_78_GABON_B10_R4,09/18/2026 7:17:46 PM,1,255177,1,2,2,2,2,,,,,,,,,2,2,2,2,2,2,2,2,2,1,1,1,1,,,290948,290948,290937,290948,290937,,290943,290943,290943,0,,,,0,,,,21,,,,,,622,622,6832,71380,11371,71380,60948,71380,3225,68254,3225,68254,3225,68254,60948,3225,71380,,,71380,30993,1425,5029,71380,132306,6832,132306,6832,1425,71380,11479,513,,1425,1425,71380,71380,71380,621,513,11479,6832,6832,132306,6832,71380,68254,3225,10426,6832,71380,09/18/2026 7:19:18 PM,3.368931,58,28.07442,09/18/2026 7:17:46 PM,263067,P_78_GABON_B10_R4,0.780008,09/18/2026 7:17:46 PM,LSA433,18,263067,1,09/18/2026 7:04:01 PM,8PONCVB,FL78.0VSYB_SNIP_DLP2140997-1_186,SNY510,8PXSCBMT51NA4,09/18/2026 12:29:10 PM,.,D,Y,Y,M,.,.,RA3!DLP2140997_35_SWIC_20260918_09593097_0!1,Recipe:AM;SIF_TYPE:ENG;SIF_GATE_PASS:GRI,absteel,09/18/2026 9:57:36 AM,GRID COL,autosif,09/18/2026 11:55:16 AM,autosif,09/18/2026 12:29:10 PM,Recipe=AM;SIF_TYPE=ENG;SIF_GATE_PASS=GRID(optional);SIF_DOSE=(optional);SIF_DOSE_DELTA=(optional);SIF_FOCUS=(optional);SIF_FOCUS_DELTA=(optional);SIF_RET_X_TILT=(optional);SIF_RET_Y_TILT=(optional);SIF_RETICLE=(optional);SIF_SPR_WIP_ASSOCIATION=(optional);SIF_SCNR_ALIGN=(optional);SIF_SRC=(optional);SIF_REG_DELTA=(optional);SIF_EFCC=(optional);SIF_INPUT=(optional);PILOT_NAME=(optional);LCA_Flag=(optional);LookAheadDLP=(optional);,absteel,09/18/2026 9:57:36 AM,absteel,,,,,,,,,,,,,,,,,,,,,,,09/18/2026 10:24:12 PM,.,D,Y,Y,M,.,D,RA3!DLP2140997_35_SWIC_20260911_16512917_1!1,Recipe:AM;LAYERID:8M5CL;LOWEST_N_WAFERS:,satadess,08/14/2026 8:24:21 AM,,sys_rf3pmes1,09/15/2026 1:55:01 PM,SIF is approved by AutoSIFDispo.,autosif,09/18/2026 9:53:15 PM,autosif,09/18/2026 10:24:12 PM,Recipe=AM;LAYERID=8M5CL;LOWEST_N_WAFERS=4(optional);WAFER_LIST=(optional);KLARITY_STEPID=(optional);
D512945,253,GG8DH253JKD2,,,,,,,,,,,,,,,,,D5129450U,PNCB,09/18/2026 9:53:37 PM,BPD436,8M5CL,8M5CL,09/20/2026 8:28:54 AM,8M5CL,D1D,2,9343536,0,0,0,0,2.146681,0,0,0,0,0,0,0,0,0,0,2.146681,AME411,20,263067,AME411_PM2,S_78_RR_WF80_W1,09/18/2026 7:44:09 PM,8,3.878712,67,32.3226,09/18/2026 7:44:09 PM,AME411,20,263067,AME411_PM2,S_78_RR_WF80_W1,09/18/2026 7:44:09 PM,8,192421,1,2,2,,,,,,,2,2,2,2,2,2,2,2,2,2,2,1,1,1,1,1,1,0,0,240386,22292,22292,22292,22292,0,240411,240411,240386,0,0,0,0,0,1,,,90,,,,,,1056,1056,7400,66382,1056,66382,56143,66382,7400,136190,7400,136190,7400,136190,56143,7400,66382,,,66382,1065,56,56,66382,136190,7400,136190,7400,56,66382,1065,56,,56,2616,66382,66382,66382,214,56,1065,2616,7400,136190,7400,66382,136190,7400,8138,7400,66382,09/18/2026 7:52:08 PM,3.878712,67,32.3226,09/18/2026 7:44:09 PM,259046,P_78_GOBI_R6,2.059383,09/18/2026 7:44:09 PM,,,,,,8PONCVB,FL78.0VSYB_SNIP_DLP2140997-1_186,SNY510,8PXSCBMT51NA4,09/18/2026 12:29:10 PM,.,D,Y,Y,M,.,.,RA3!DLP2140997_35_SWIC_20260918_09593097_0!1,Recipe:AM;SIF_TYPE:ENG;SIF_GATE_PASS:GRI,absteel,09/18/2026 9:57:36 AM,GRID COL,autosif,09/18/2026 11:55:16 AM,autosif,09/18/2026 12:29:10 PM,Recipe=AM;SIF_TYPE=ENG;SIF_GATE_PASS=GRID(optional);SIF_DOSE=(optional);SIF_DOSE_DELTA=(optional);SIF_FOCUS=(optional);SIF_FOCUS_DELTA=(optional);SIF_RET_X_TILT=(optional);SIF_RET_Y_TILT=(optional);SIF_RETICLE=(optional);SIF_SPR_WIP_ASSOCIATION=(optional);SIF_SCNR_ALIGN=(optional);SIF_SRC=(optional);SIF_REG_DELTA=(optional);SIF_EFCC=(optional);SIF_INPUT=(optional);PILOT_NAME=(optional);LCA_Flag=(optional);LookAheadDLP=(optional);,absteel,09/18/2026 9:57:36 AM,absteel,,09/18/2026 7:51:14 PM,.,D,Y,Y,M,D,.,RA3!DLP2140997_35_SWIC_20260911_16543144_1!1,Recipe:AM;CHAMBER_RECIPE_ENTITYLIST_1:PM,yucongmi,09/11/2026 4:53:29 PM,waiyiplo,09/16/2026 9:20:59 AM,approved,autosif,09/18/2026 7:17:57 PM,autosif,09/18/2026 7:51:14 PM,Recipe=AM;CHAMBER_RECIPE_ENTITYLIST_1=PM2;S_78_RR_WF80_W1;AME411(optional);CHAMBER_RECIPE_ENTITYLIST_2=PM3;S_78_RR_WF80_W1;AME423(optional);CHAMBER_RECIPE_ENTITYLIST_3=(optional);CHAMBER_RECIPE_ENTITYLIST_4=(optional);CHAMBER_RECIPE_ENTITYLIST_5=(optional);CHAMBER_RECIPE_ENTITYLIST_6=(optional);SIF_STEPTIME=(optional);SIF_OE_PCT=(optional);SIF_CYCLES=(optional);SIF_APC=OFF(optional);,M5 Arpeggio pilot RR80_W1,09/18/2026 10:24:12 PM,.,D,Y,Y,M,.,D,RA3!DLP2140997_35_SWIC_20260911_16512917_1!1,Recipe:AM;LAYERID:8M5CL;LOWEST_N_WAFERS:,satadess,08/14/2026 8:24:21 AM,,sys_rf3pmes1,09/15/2026 1:55:01 PM,SIF is approved by AutoSIFDispo.,autosif,09/18/2026 9:53:15 PM,autosif,09/18/2026 10:24:12 PM,Recipe=AM;LAYERID=8M5CL;LOWEST_N_WAFERS=4(optional);WAFER_LIST=(optional);KLARITY_STEPID=(optional);
D512945,254,GG8DH254JKA1,,,,,,,,,,,,,,,,,D5129450U,PNCB,09/18/2026 9:53:37 PM,BPD436,8M5CL,8M5CL,09/20/2026 8:28:42 AM,8M5CL,D1D,3,9343496,0,0,0,0,0.714593,0,0,0,0,0,0,0,0,0,0,0.714593,AME423,19,263067,AME423_PM4,P_78_GABON_B10_R4,09/18/2026 7:17:46 PM,1,2.934712,50,24.45593,09/18/2026 7:17:46 PM,AME423,19,263067,AME423_PM4,P_78_GABON_B10_R4,09/18/2026 7:17:46 PM,1,255177,1,2,2,2,2,,,,,,,,,2,2,2,2,2,2,2,2,2,1,1,1,1,,,290948,290948,290937,290948,290937,,290943,290943,290943,0,,0,,,1,1,,59,,,,,,1878,1877,5137,54386,10055,54386,52288,54386,886,18647,5137,93519,5137,93519,52288,5137,54386,,,54386,18647,886,5137,54386,93519,5137,93519,5137,458,54386,10151,458,,458,886,54386,54386,54386,908,458,10151,5137,5137,93519,5137,54386,93519,5137,9240,5137,54386,09/18/2026 7:19:18 PM,2.934712,50,24.45593,09/18/2026 7:17:46 PM,263067,P_78_GABON_B10_R4,0.838795,09/18/2026 7:17:46 PM,LSA433,19,263067,1,09/18/2026 7:04:01 PM,8PONCVB,FL78.0VSYB_SNIP_DLP2140997-1_186,SNY510,8PXSCBMT51NA4,09/18/2026 12:29:10 PM,.,D,Y,Y,M,.,.,RA3!DLP2140997_35_SWIC_20260918_09593097_0!1,Recipe:AM;SIF_TYPE:ENG;SIF_GATE_PASS:GRI,absteel,09/18/2026 9:57:36 AM,GRID COL,autosif,09/18/2026 11:55:16 AM,autosif,09/18/2026 12:29:10 PM,Recipe=AM;SIF_TYPE=ENG;SIF_GATE_PASS=GRID(optional);SIF_DOSE=(optional);SIF_DOSE_DELTA=(optional);SIF_FOCUS=(optional);SIF_FOCUS_DELTA=(optional);SIF_RET_X_TILT=(optional);SIF_RET_Y_TILT=(optional);SIF_RETICLE=(optional);SIF_SPR_WIP_ASSOCIATION=(optional);SIF_SCNR_ALIGN=(optional);SIF_SRC=(optional);SIF_REG_DELTA=(optional);SIF_EFCC=(optional);SIF_INPUT=(optional);PILOT_NAME=(optional);LCA_Flag=(optional);LookAheadDLP=(optional);,absteel,09/18/2026 9:57:36 AM,absteel,,,,,,,,,,,,,,,,,,,,,,,09/18/2026 10:24:12 PM,.,D,Y,Y,M,.,D,RA3!DLP2140997_35_SWIC_20260911_16512917_1!1,Recipe:AM;LAYERID:8M5CL;LOWEST_N_WAFERS:,satadess,08/14/2026 8:24:21 AM,,sys_rf3pmes1,09/15/2026 1:55:01 PM,SIF is approved by AutoSIFDispo.,autosif,09/18/2026 9:53:15 PM,autosif,09/18/2026 10:24:12 PM,Recipe=AM;LAYERID=8M5CL;LOWEST_N_WAFERS=4(optional);WAFER_LIST=(optional);KLARITY_STEPID=(optional);
D512945,255,GG8DH255JKE3,,,,,,,,,,,,,,,,,D5129450U,PNCB,09/18/2026 9:53:37 PM,BPD436,8M5CL,8M5CL,09/20/2026 8:29:01 AM,8M5CL,D1D,4,9343489,0,0,0,0.920967,4.145209,0,0,0,0,1.493181,0,0,0,0.811811,0,7.371167,AME411,12,263067,AME411_PM2,S_78_RR_WF80_W1,09/18/2026 7:34:46 PM,5,3.878712,67,32.3226,09/18/2026 7:34:46 PM,AME411,12,263067,AME411_PM2,S_78_RR_WF80_W1,09/18/2026 7:34:46 PM,5,192421,1,2,2,,,,,,,2,2,2,2,2,2,2,2,2,2,2,1,1,1,1,1,1,0,0,240386,22292,22292,22292,22292,0,240411,240411,240386,0,0,0,0,0,1,,,90,,,,,,1056,1056,7400,66382,1056,66382,56143,66382,7400,136190,7400,136190,7400,136190,56143,7400,66382,,,66382,1065,56,56,66382,136190,7400,136190,7400,56,66382,1065,56,,56,2616,66382,66382,66382,214,56,1065,2616,7400,136190,7400,66382,136190,7400,8138,7400,66382,09/18/2026 7:52:08 PM,3.878712,67,32.3226,09/18/2026 7:34:46 PM,259046,P_78_GOBI_R6,2.059383,09/18/2026 7:34:46 PM,,,,,,8PONCVB,FL78.0VSYB_SNIP_DLP2140997-1_186,SNY510,8PXSCBMT51NA4,09/18/2026 12:29:10 PM,.,D,Y,Y,M,.,.,RA3!DLP2140997_35_SWIC_20260918_09593097_0!1,Recipe:AM;SIF_TYPE:ENG;SIF_GATE_PASS:GRI,absteel,09/18/2026 9:57:36 AM,GRID COL,autosif,09/18/2026 11:55:16 AM,autosif,09/18/2026 12:29:10 PM,Recipe=AM;SIF_TYPE=ENG;SIF_GATE_PASS=GRID(optional);SIF_DOSE=(optional);SIF_DOSE_DELTA=(optional);SIF_FOCUS=(optional);SIF_FOCUS_DELTA=(optional);SIF_RET_X_TILT=(optional);SIF_RET_Y_TILT=(optional);SIF_RETICLE=(optional);SIF_SPR_WIP_ASSOCIATION=(optional);SIF_SCNR_ALIGN=(optional);SIF_SRC=(optional);SIF_REG_DELTA=(optional);SIF_EFCC=(optional);SIF_INPUT=(optional);PILOT_NAME=(optional);LCA_Flag=(optional);LookAheadDLP=(optional);,absteel,09/18/2026 9:57:36 AM,absteel,,09/18/2026 7:51:14 PM,.,D,Y,Y,M,D,.,RA3!DLP2140997_35_SWIC_20260911_16543144_1!1,Recipe:AM;CHAMBER_RECIPE_ENTITYLIST_1:PM,yucongmi,09/11/2026 4:53:29 PM,waiyiplo,09/16/2026 9:20:59 AM,approved,autosif,09/18/2026 7:17:57 PM,autosif,09/18/2026 7:51:14 PM,Recipe=AM;CHAMBER_RECIPE_ENTITYLIST_1=PM2;S_78_RR_WF80_W1;AME411(optional);CHAMBER_RECIPE_ENTITYLIST_2=PM3;S_78_RR_WF80_W1;AME423(optional);CHAMBER_RECIPE_ENTITYLIST_3=(optional);CHAMBER_RECIPE_ENTITYLIST_4=(optional);CHAMBER_RECIPE_ENTITYLIST_5=(optional);CHAMBER_RECIPE_ENTITYLIST_6=(optional);SIF_STEPTIME=(optional);SIF_OE_PCT=(optional);SIF_CYCLES=(optional);SIF_APC=OFF(optional);,M5 Arpeggio pilot RR80_W1,09/18/2026 10:24:12 PM,.,D,Y,Y,M,.,D,RA3!DLP2140997_35_SWIC_20260911_16512917_1!1,Recipe:AM;LAYERID:8M5CL;LOWEST_N_WAFERS:,satadess,08/14/2026 8:24:21 AM,,sys_rf3pmes1,09/15/2026 1:55:01 PM,SIF is approved by AutoSIFDispo.,autosif,09/18/2026 9:53:15 PM,autosif,09/18/2026 10:24:12 PM,Recipe=AM;LAYERID=8M5CL;LOWEST_N_WAFERS=4(optional);WAFER_LIST=(optional);KLARITY_STEPID=(optional);
D619275,28,A2FEP028SLE2,,,,,,,,,,,,,,,,,D6192750,PR8B,09/18/2026 10:22:38 PM,BPD436,8M5CL,8M5CL,09/20/2026 8:28:17 AM,8M5CL,D1D,1,8550868,0,0,0,8.718271,0,0,0,0,0,0,0,0,0,4.802382,0,13.52065,AME401,24,263067,AME401_PM2,P_78_GABON_B10_R4,09/18/2026 9:22:21 PM,12,3.374761,64,28.12301,09/18/2026 9:22:21 PM,AME401,24,263067,AME401_PM2,P_78_GABON_B10_R4,09/18/2026 9:22:21 PM,12,87651,0.666666,1,0,0,0,0,0,0,0,0,0,0,0,0,0,0,0,0,0,0,0,0,0,0,0,0,0,0,103328,103328,103328,103328,103328,0,103328,103328,103328,,,,,,,1,,51,,,,,,6179,6179,11476,27382,6179,27382,25771,27382,11476,158841,11476,158841,11476,158841,25771,11476,27382,,,27382,26012,1251,1251,27382,158841,11476,158841,11476,1251,27382,6238,276,,1251,5297,27382,27382,27382,461,276,6238,1251,11476,158841,11476,27382,158841,11476,9185,11476,27382,09/18/2026 9:27:23 PM,3.374761,64,28.12301,09/18/2026 9:22:21 PM,263067,P_78_GABON_B10_R4,1.496485,09/18/2026 9:22:21 PM,,,,,,8PR8CVAB,FL78.6H0QE_SNIP_B0204_E180046,SNY512,8PR8CBMT51NA2,,,,,,,,,,,,,,,,,,,,,,,,,,,,,,,,,,,,,,,,,,,,,,,,,,,,,,,,,,,,,,,,
D619275,31,A2FEP031SLB1,,,,,,,,,,,,,,,,,D6192750,PR8B,09/18/2026 10:22:38 PM,BPD436,8M5CL,8M5CL,09/20/2026 8:28:26 AM,8M5CL,D1D,2,8550789,0,0,0,3.931175,2.415522,0,0,0,0,0,0,0,0,1.914443,0,8.26114,AME401,15,263067,AME401_PM1,P_78_GABON_B10_R4,09/18/2026 9:07:57 PM,8,3.161121,60,26.34267,09/18/2026 9:07:57 PM,AME401,15,263067,AME401_PM1,P_78_GABON_B10_R4,09/18/2026 9:07:57 PM,8,87651,0.666666,1,0,0,0,0,0,0,0,0,0,0,0,0,0,0,0,0,0,0,0,0,0,0,0,0,0,0,103328,103328,103328,103328,103328,0,103328,103328,103328,,,,,,1,,,12,,,,,,6987,6985,12486,34094,9451,34094,29438,34094,12486,195303,12486,195303,12486,195303,29438,3264,34094,,,34094,29192,1386,10685,34094,195303,12486,180434,11176,1386,34094,9540,418,,1386,4010,34094,34094,34094,934,429,9654,4010,12486,195303,12486,34094,195303,12486,9298,12486,34094,09/18/2026 9:27:23 PM,3.161121,60,26.34267,09/18/2026 9:07:57 PM,263067,P_78_GABON_B10_R4,1.540535,09/18/2026 9:07:57 PM,,,,,,8PR8CVAB,FL78.6H0QE_SNIP_B0204_E180046,SNY512,8PR8CBMT51NA2,,,,,,,,,,,,,,,,,,,,,,,,,,,,,,,,,,,,,,,,,,,,,,,,,,,,,,,,,,,,,,,,
D624293,432,5DXYR432MVE6,,,,,,,,,,,,,,,,,D6242930,PR8B,09/14/2026 9:56:43 AM,BPD436,8M5CL,8M5CL,09/15/2026 8:23:22 AM,8M5CL,D1D,1,8746893,0,0,0,4.996306,0,0,0,0,0,0,0,1.087203,0.872402,1.560689,0,8.516601,AME423,16,263067,AME423_PM2,P_78_GABON_B10_R4,09/14/2026 7:51:02 AM,8,2.156417,37,17.97014,09/14/2026 7:51:02 AM,AME423,16,263067,AME423_PM2,P_78_GABON_B10_R4,09/14/2026 7:51:02 AM,8,252260,0.833333,1,1,1,1,,,,,,,,,1,1,1,1,1,1,1,0,0,0,0,0,0,,,288031,288031,288020,288031,288020,,288026,288026,288026,,,,,0,1,1,,61,,,,,0,1607,1607,5838,42264,4133,42264,34104,42264,5838,96179,5838,96179,5838,96179,34104,5838,42264,,,42264,4172,190,4036,42264,96179,5838,96179,5838,190,42264,4172,190,,190,190,42264,42264,42264,656,190,4172,5838,5838,96179,5838,42264,96179,5838,6825,5838,42264,09/14/2026 8:10:34 AM,2.156417,37,17.97014,09/14/2026 7:51:02 AM,263067,P_78_GABON_B10_R4,5.997194,09/14/2026 7:51:02 AM,,,,,,8PR8CVAB,FL78.6H0QE_SNIP_B0204_E180046,SNY512,8PR8CBMT51NA2,,,,,,,,,,,,,,,,,,,,,,,,,,,,,,,,,,,,,,,,,,,,,,,,,,,,,,,,,,,,,,,,
D624293,452,5DXYR452MVG3,,,,,,,,,,,,,,,,,D6242930,PR8B,09/14/2026 9:56:43 AM,BPD436,8M5CL,8M5CL,09/15/2026 8:23:16 AM,8M5CL,D1D,2,8746947,0,0,0.186175,2.69611,0,0.757637,0,0,0,0,0,3.808171,0,0.5674,0,8.015493,AME423,7,263067,AME423_PM1,P_78_GABON_B10_R4,09/14/2026 7:34:48 AM,4,2.270164,39,18.91804,09/14/2026 7:34:48 AM,AME423,7,263067,AME423_PM1,P_78_GABON_B10_R4,09/14/2026 7:34:48 AM,4,252260,0.833333,1,1,1,1,,,,,,,,,1,1,1,1,1,1,1,0,0,0,0,0,0,,,288031,288031,288020,288031,288020,,288026,288026,288026,,,0,,,,,,13,,,,,,1613,1612,6278,56358,3114,56358,52176,56358,6278,110905,6278,110905,6278,110905,52176,6278,56358,,,56358,19599,902,6278,56358,110905,6278,110905,6278,902,56358,3144,140,,902,902,56358,56358,56358,663,140,3144,6278,6278,110905,6278,56358,110905,6278,6902,6278,56358,09/14/2026 8:10:34 AM,2.270164,39,18.91804,09/14/2026 7:34:48 AM,263067,P_78_GABON_B10_R4,5.923061,09/14/2026 7:34:48 AM,,,,,,8PR8CVAB,FL78.6H0QE_SNIP_B0204_E180046,SNY512,8PR8CBMT51NA2,,,,,,,,,,,,,,,,,,,,,,,,,,,,,,,,,,,,,,,,,,,,,,,,,,,,,,,,,,,,,,,,
D622607,406,HL2XW406JKF1,,,,,,,,,,,,,,,,,D6226070,PR8B,09/14/2026 12:35:54 PM,BPD436,8M5CL,8M5CL,09/15/2026 8:21:04 AM,8M5CL,D1D,1,8668916,3.537337,0,1.612135,4.752821,0,0,0,0,0,0,0,6.220605,0,0,0,16.1229,AME427,23,263067,AME427_PM1,P_78_GABON_B10_R4,09/14/2026 9:50:32 AM,5,11.07227,195.9049,92.26895,09/14/2026 9:50:32 AM,AME427,23,263067,AME427_PM1,P_78_GABON_B10_R4,09/14/2026 9:50:32 AM,5,212106,1,2,2,2,2,2,2,2,2,2,1,1,1,1,1,1,1,1,1,1,1,1,1,1,1,1,,,269162,269162,269187,269162,269187,,269162,269162,269162,,,,,,1,,,36346,,,,,,584,584,2397,26462,14130,26462,14130,26462,2397,35148,2397,35148,2397,35148,14130,2397,26462,,,26462,35148,2388,2388,26462,35148,2397,35148,2397,2388,26462,9968,593,,2388,2397,26462,26462,26462,581,593,9968,2397,2397,35148,2397,26462,35148,2397,5157,2397,26462,09/14/2026 9:58:16 AM,11.07227,195.9049,92.26895,09/14/2026 9:50:32 AM,263067,P_78_GABON_B10_R4,0.021095,09/14/2026 9:50:32 AM,,,,,,8PR8CVAB,FL78.6H0QE_SNIP_B0204_E180046,SNY512,8PR8CBMT51NA2,,,,,,,,,,,,,,,,,,,,,,,,,,,,,,,,,,,,,,,,,,,,,,,,,,,,,,,,,,,,,,,,
D622607,407,HL2XW407JKC0,,,,,,,,,,,,,,,,,D6226070,PR8B,09/14/2026 12:35:54 PM,BPD436,8M5CL,8M5CL,09/15/2026 8:23:13 AM,8M5CL,D1D,2,8668929,6.41219,0,0,14.33326,0,0,0,0,0,0,0,0,0,1.220871,0.414255,22.01691,AME427,5,263067,AME427_PM2,P_78_GABON_B10_R4,09/14/2026 9:36:53 AM,2,9.851044,173.8393,82.09203,09/14/2026 9:36:53 AM,AME427,5,263067,AME427_PM2,P_78_GABON_B10_R4,09/14/2026 9:36:53 AM,2,212106,1,2,2,2,2,2,2,2,2,2,1,1,1,1,1,1,1,1,1,1,1,1,1,1,1,1,,,269162,269162,269187,269162,269187,,269162,269162,269162,,,,,,1,0,,52,,,,,,507,522,2886,43940,3911,43940,31609,43940,2886,45778,2886,45778,2886,45778,31609,2886,43941,,,43941,19575,1010,2886,43941,45778,2886,45778,2886,1010,43941,3950,182,,1010,2886,43941,43941,43941,141,182,3950,2886,2886,45778,2886,43941,45778,2886,4156,2886,43941,09/14/2026 9:58:16 AM,9.851044,173.8393,82.09203,09/14/2026 9:36:53 AM,263067,P_78_GABON_B10_R4,0.021087,09/14/2026 9:36:53 AM,,,,,,8PR8CVAB,FL78.6H0QE_SNIP_B0204_E180046,SNY512,8PR8CBMT51NA2,,,,,,,,,,,,,,,,,,,,,,,,,,,,,,,,,,,,,,,,,,,,,,,,,,,,,,,,,,,,,,,,
D623165,471,5DXXQ471MVA3,,,,,,,,,,,,,,,,,D6231650,PR8B,09/14/2026 7:07:00 PM,BPD458,8M5CL,8M5CL,09/15/2026 8:23:12 AM,8M5CL,D1D,1,8705373,0.522276,0.876917,1.093156,0.955927,13.76618,0,0,0,0,0,0,5.453514,0,8.411182,0.285438,29.31605,AME421,24,263067,AME421_PM6,P_78_GABON_B10_R4,09/14/2026 3:31:24 PM,12,3.506602,60,29.22169,09/14/2026 3:31:24 PM,AME421,24,263067,AME421_PM6,P_78_GABON_B10_R4,09/14/2026 3:31:24 PM,12,233019,,2,2,2,2,2,2,2,1,1,1,1,1,,,,,,,,,,,,,,,,263079,263079,263079,263079,263079,,263079,263079,263079,,,,,,,,,96,,,,,,6401,6401,5084,37925,10159,37925,33708,37925,5084,87209,5084,87209,5084,87209,33708,5084,37925,,,37925,30739,1497,5084,37925,87209,5084,87209,5084,1497,37925,12165,546,,1497,5084,37925,37925,37925,621,546,12165,5084,5084,87209,5084,37925,83790,5073,9090,5084,37925,09/14/2026 3:37:28 PM,3.506602,60,29.22169,09/14/2026 3:31:24 PM,292548,P_78_THAR_R5,2.077175,09/14/2026 3:31:24 PM,,,,,,8PR8CVAB,FL78.6H0QE_SNIP_B0204_E180046,SNY512,8PR8CBMT51NA2,,,,,,,,,,,,,,,,,,,,,,,,,,,,,,,,,,,,,,,,,,,,,,,,,,,,,,,,,,,,,,,,
D623165,480,5DXXQ480MVA5,,,,,,,,,,,,,,,,,D6231650,PR8B,09/14/2026 7:07:00 PM,BPD458,8M5CL,8M5CL,09/15/2026 8:23:04 AM,8M5CL,D1D,2,8705394,1.341403,0,0.428174,5.442914,0,0,0,0,0,0,0,13.34718,0,1.016348,0,21.57602,AME421,3,263067,AME421_PM5,P_78_GABON_B10_R4,09/14/2026 2:55:00 PM,2,1.817559,31,15.14633,09/14/2026 2:55:00 PM,AME421,3,263067,AME421_PM5,P_78_GABON_B10_R4,09/14/2026 2:55:00 PM,2,233019,,2,2,2,2,2,2,2,1,1,1,1,1,,,,,,,,,,,,,,,,263079,263079,263079,263079,263079,,263079,263079,263079,,,,,,1,,,23,,,,,,1066,1066,5756,42268,1066,42268,38391,42268,5756,93518,5756,93518,5756,93518,38391,5756,42268,,,42268,9754,443,3954,42268,93518,5756,93518,5756,443,42268,1076,47,,443,443,42268,42268,42268,113,47,1076,5756,5756,93518,5756,42268,90273,5746,8139,5756,42268,09/14/2026 3:37:28 PM,1.817559,31,15.14633,09/14/2026 2:55:00 PM,292548,P_78_THAR_R5,2.077163,09/14/2026 2:55:00 PM,,,,,,8PR8CVAB,FL78.6H0QE_SNIP_B0204_E180046,SNY512,8PR8CBMT51NA2,,,,,,,,,,,,,,,,,,,,,,,,,,,,,,,,,,,,,,,,,,,,,,,,,,,,,,,,,,,,,,,,
D623165,483,5DXXQ483MVG0,,,,,,,,,,,,,,,,,D6231650,PR8B,09/15/2026 2:42:13 AM,BPD454,8M5CL,8M5CL,09/15/2026 8:21:35 AM,8M5CL,D1D,3,8705319,0,0,0.883402,5.999831,0.680923,0,0,0,0,0,0,16.67819,0,1.05236,0,25.29471,AME421,11,263067,AME421_PM5,P_78_GABON_B10_R4,09/14/2026 3:09:33 PM,6,1.817559,31,15.14633,09/14/2026 3:09:33 PM,AME421,11,263067,AME421_PM5,P_78_GABON_B10_R4,09/14/2026 3:09:33 PM,6,233019,,2,2,2,2,2,2,2,1,1,1,1,1,,,,,,,,,,,,,,,,263079,263079,263079,263079,263079,,263079,263079,263079,,,,,,1,,,23,,,,,,1066,1066,5756,42268,1066,42268,38391,42268,5756,93518,5756,93518,5756,93518,38391,5756,42268,,,42268,9754,443,3954,42268,93518,5756,93518,5756,443,42268,1076,47,,443,443,42268,42268,42268,113,47,1076,5756,5756,93518,5756,42268,90273,5746,8139,5756,42268,09/14/2026 3:37:28 PM,1.817559,31,15.14633,09/14/2026 3:09:33 PM,292548,P_78_THAR_R5,2.077163,09/14/2026 3:09:33 PM,,,,,,8PR8CVAB,FL78.6H0QE_SNIP_B0204_E180046,SNY512,8PR8CBMT51NA2,,,,,,,,,,,,,,,,,,,,,,,,,,,,,,,,,,,,,,,,,,,,,,,,,,,,,,,,,,,,,,,,
D623165,491,5DXXQ491MVC0,,,,,,,,,,,,,,,,,D6231650,PR8B,09/15/2026 2:42:13 AM,BPD454,8M5CL,8M5CL,09/15/2026 8:21:47 AM,8M5CL,D1D,4,8705309,0,0,0,3.038258,0,0,0,0,0,0,0,10.55631,0,2.479528,0,16.07409,AME421,23,263067,AME421_PM5,P_78_GABON_B10_R4,09/14/2026 3:31:24 PM,12,1.817559,31,15.14633,09/14/2026 3:31:24 PM,AME421,23,263067,AME421_PM5,P_78_GABON_B10_R4,09/14/2026 3:31:24 PM,12,233019,,2,2,2,2,2,2,2,1,1,1,1,1,,,,,,,,,,,,,,,,263079,263079,263079,263079,263079,,263079,263079,263079,,,,,,1,,,23,,,,,,1066,1066,5756,42268,1066,42268,38391,42268,5756,93518,5756,93518,5756,93518,38391,5756,42268,,,42268,9754,443,3954,42268,93518,5756,93518,5756,443,42268,1076,47,,443,443,42268,42268,42268,113,47,1076,5756,5756,93518,5756,42268,90273,5746,8139,5756,42268,09/14/2026 3:37:28 PM,1.817559,31,15.14633,09/14/2026 3:31:24 PM,292548,P_78_THAR_R5,2.077163,09/14/2026 3:31:24 PM,,,,,,8PR8CVAB,FL78.6H0QE_SNIP_B0204_E180046,SNY512,8PR8CBMT51NA2,,,,,,,,,,,,,,,,,,,,,,,,,,,,,,,,,,,,,,,,,,,,,,,,,,,,,,,,,,,,,,,,
D623165,493,5DXXQ493MVD1,,,,,,,,,,,,,,,,,D6231650,PR8B,09/15/2026 2:42:13 AM,BPD454,8M5CL,8M5CL,09/15/2026 8:21:28 AM,8M5CL,D1D,5,8705423,1.035938,0,0.809108,4.55308,1.153354,0,0,0,0,0,0,0,0,0.456861,0,8.00834,AME421,15,263067,AME421_PM5,P_78_GABON_B10_R4,09/14/2026 3:16:49 PM,8,1.817559,31,15.14633,09/14/2026 3:16:49 PM,AME421,15,263067,AME421_PM5,P_78_GABON_B10_R4,09/14/2026 3:16:49 PM,8,233019,,2,2,2,2,2,2,2,1,1,1,1,1,,,,,,,,,,,,,,,,263079,263079,263079,263079,263079,,263079,263079,263079,,,,,,1,,,23,,,,,,1066,1066,5756,42268,1066,42268,38391,42268,5756,93518,5756,93518,5756,93518,38391,5756,42268,,,42268,9754,443,3954,42268,93518,5756,93518,5756,443,42268,1076,47,,443,443,42268,42268,42268,113,47,1076,5756,5756,93518,5756,42268,90273,5746,8139,5756,42268,09/14/2026 3:37:28 PM,1.817559,31,15.14633,09/14/2026 3:16:49 PM,292548,P_78_THAR_R5,2.077163,09/14/2026 3:16:49 PM,,,,,,8PR8CVAB,FL78.6H0QE_SNIP_B0204_E180046,SNY512,8PR8CBMT51NA2,,,,,,,,,,,,,,,,,,,,,,,,,,,,,,,,,,,,,,,,,,,,,,,,,,,,,,,,,,,,,,,,
D623214,260,KJFWP260WFG0,,,,,,,,,,,,,,,,,D6232140,PNCB,09/17/2026 9:33:50 PM,BPD446,8M5CL,8M5CL,09/18/2026 7:47:56 AM,8M5CL,D1D,1,8718447,0,0,0.993893,6.78565,0,0,3.274656,0,0,0,0,0,0,0,0.761746,8.950432,AME423,1,263067,AME423_PM3,P_78_GABON_B10_R4,09/17/2026 8:07:06 PM,1,4.989042,87.75512,41.57535,09/17/2026 8:07:06 PM,AME423,1,263067,AME423_PM3,P_78_GABON_B10_R4,09/17/2026 8:07:06 PM,1,254899,0.833333,,,,,2,2,2,2,2,2,2,2,2,2,2,2,2,1,1,1,1,,,,,,,290670,290670,290659,290670,290659,,290665,290665,290665,0,,,,2,,,,103,,,,,,494,494,6826,71252,11243,71252,60820,71252,3219,68124,3219,68124,3219,68124,60820,3219,71252,,,71252,30863,1419,5023,71252,132176,6826,132176,6826,1419,71252,11349,506,,1419,1419,71252,71252,71252,493,506,11349,6826,6826,132176,6826,71252,68124,3219,10298,6826,71252,09/17/2026 8:51:37 PM,4.989042,87.75512,41.57535,09/17/2026 8:07:06 PM,256532,P_78_ROADRUNNER_R2,1.635288,09/17/2026 8:07:06 PM,,,,,,8PONCVBB,FL78.3FGTC_SNIP_B0204_E180046,SNY512,8PXSCBMT51NA1,,,,,,,,,,,,,,,,,,,,,,,,,,,,,,,,,,,,,,,,,,,,,,,,,,,,,,,,,,,,,,,,
D623214,262,KJFWP262WFH1,,,,,,,,,,,,,,,,,D6232140,PNCB,09/17/2026 9:33:50 PM,BPD446,8M5CL,8M5CL,09/18/2026 7:47:50 AM,8M5CL,D1D,2,8718503,0,0,0.129433,0,0,0,0,0,0,0,0,0,0,2.326622,0,2.456054,AME423,18,263067,AME423_PM4,P_78_GABON_B10_R4,09/17/2026 8:35:59 PM,9,4.711131,82.63288,39.25942,09/17/2026 8:35:59 PM,AME423,18,263067,AME423_PM4,P_78_GABON_B10_R4,09/17/2026 8:35:59 PM,9,254899,0.833333,,,,,2,2,2,2,2,2,2,2,2,2,2,2,2,1,1,1,1,,,,,,,290670,290670,290659,290670,290659,,290665,290665,290665,2,,,0,0,,,,46,,,,,,1762,1761,5131,54270,9939,54270,52172,54270,881,18530,5131,93402,5131,93402,52172,5131,54270,,,54270,18530,881,5131,54270,93402,5131,93402,5131,452,54270,10034,452,,452,881,54270,54270,54270,792,452,10034,5131,5131,93402,5131,54270,93402,5131,9124,5131,54270,09/17/2026 8:51:37 PM,4.711131,82.63288,39.25942,09/17/2026 8:35:59 PM,256532,P_78_ROADRUNNER_R2,1.635304,09/17/2026 8:35:59 PM,,,,,,8PONCVBB,FL78.3FGTC_SNIP_B0204_E180046,SNY512,8PXSCBMT51NA1,,,,,,,,,,,,,,,,,,,,,,,,,,,,,,,,,,,,,,,,,,,,,,,,,,,,,,,,,,,,,,,,
D623214,362,KJFWP362WFG2,,,,,,,,,,,,,,,,,D6232140,PNCB,09/17/2026 9:33:50 PM,BPD446,8M5CL,8M5CL,09/18/2026 7:46:41 AM,8M5CL,D1D,3,8718469,0,0,0,0,0.539551,0,0,0,0,0,0,0,0,0.502575,0,1.042125,AME423,13,263067,AME423_PM3,P_78_GABON_B10_R4,09/17/2026 8:28:46 PM,7,4.989042,87.75512,41.57535,09/17/2026 8:28:46 PM,AME423,13,263067,AME423_PM3,P_78_GABON_B10_R4,09/17/2026 8:28:46 PM,7,254899,0.833333,,,,,2,2,2,2,2,2,2,2,2,2,2,2,2,1,1,1,1,,,,,,,290670,290670,290659,290670,290659,,290665,290665,290665,0,,,,2,,,,103,,,,,,494,494,6826,71252,11243,71252,60820,71252,3219,68124,3219,68124,3219,68124,60820,3219,71252,,,71252,30863,1419,5023,71252,132176,6826,132176,6826,1419,71252,11349,506,,1419,1419,71252,71252,71252,493,506,11349,6826,6826,132176,6826,71252,68124,3219,10298,6826,71252,09/17/2026 8:51:37 PM,4.989042,87.75512,41.57535,09/17/2026 8:28:46 PM,256532,P_78_ROADRUNNER_R2,1.635288,09/17/2026 8:28:46 PM,,,,,,8PONCVBB,FL78.3FGTC_SNIP_B0204_E180046,SNY512,8PXSCBMT51NA1,,,,,,,,,,,,,,,,,,,,,,,,,,,,,,,,,,,,,,,,,,,,,,,,,,,,,,,,,,,,,,,,
D623214,444,KJFWP444WFE7,,,,,,,,,,,,,,,,,D6232140,PNCB,09/17/2026 9:33:50 PM,BPD446,8M5CL,8M5CL,09/18/2026 7:46:23 AM,8M5CL,D1D,4,8718526,0,0,0,0,0,0,0,0,0,0,0,1.022362,0,1.086815,0,2.109178,AME423,25,263067,AME423_PM3,P_78_GABON_B10_R4,09/17/2026 8:50:20 PM,13,4.989042,87.75512,41.57535,09/17/2026 8:50:20 PM,AME423,25,263067,AME423_PM3,P_78_GABON_B10_R4,09/17/2026 8:50:20 PM,13,254899,0.833333,,,,,2,2,2,2,2,2,2,2,2,2,2,2,2,1,1,1,1,,,,,,,290670,290670,290659,290670,290659,,290665,290665,290665,0,,,,2,,,,103,,,,,,494,494,6826,71252,11243,71252,60820,71252,3219,68124,3219,68124,3219,68124,60820,3219,71252,,,71252,30863,1419,5023,71252,132176,6826,132176,6826,1419,71252,11349,506,,1419,1419,71252,71252,71252,493,506,11349,6826,6826,132176,6826,71252,68124,3219,10298,6826,71252,09/17/2026 8:51:37 PM,4.989042,87.75512,41.57535,09/17/2026 8:50:20 PM,256532,P_78_ROADRUNNER_R2,1.635288,09/17/2026 8:50:20 PM,,,,,,8PONCVBB,FL78.3FGTC_SNIP_B0204_E180046,SNY512,8PXSCBMT51NA1,,,,,,,,,,,,,,,,,,,,,,,,,,,,,,,,,,,,,,,,,,,,,,,,,,,,,,,,,,,,,,,,
D623203,45,MCRNQ045WAG4,,,,,,,,,,,,,,,,,D6232030,PNCB,09/18/2026 12:14:39 AM,BPD454,8M5CL,8M5CL,09/20/2026 8:28:24 AM,8M5CL,D1D,1,8715769,0,0,0.410924,0,0,0,0,0,0,0,0,1.662317,0,0.506164,0.710342,3.289748,AME401,16,263067,AME401_PM2,P_78_GABON_B10_R4,09/17/2026 11:20:43 PM,8,4.178874,74.55397,34.82395,09/17/2026 11:20:43 PM,AME401,16,263067,AME401_PM2,P_78_GABON_B10_R4,09/17/2026 11:20:43 PM,8,87369,0.666666,3,3,3,3,3,3,3,3,3,3,3,3,3,3,3,3,3,3,3,3,3,3,3,3,2,,,103046,103046,103046,103046,103046,,103046,103046,103046,,,,,,1,1,,35,,,,,,6053,6053,11470,27256,6053,27256,25645,27256,11470,158714,11470,158714,11470,158714,25645,11470,27256,,,27256,25885,1245,1245,27256,158714,11470,158714,11470,1245,27256,6111,270,,1245,5291,27256,27256,27256,335,270,6111,1245,11470,158714,11470,27256,158714,11470,9059,11470,27256,09/17/2026 11:40:12 PM,4.178874,74.55397,34.82395,09/17/2026 11:20:43 PM,263067,P_78_GABON_B10_R4,0.828664,09/17/2026 11:20:43 PM,,,,,,8PONCVBB,FL78.3FGTC_SNIP_B0204_E180046,SNY512,8PXSCBMT51NA1,,,,,,,,,,,,,,,,,,,,,,,,,,,,,,,,,,,,,,,,,,,,,,,,,,,,,,,,,,,,,,,,
D623203,59,MCRNQ059WAF7,,,,,,,,,,,,,,,,,D6232030,PNCB,09/18/2026 12:14:39 AM,BPD454,8M5CL,8M5CL,09/20/2026 8:28:29 AM,8M5CL,D1D,2,8715803,0,0,0,0,0,0,0,0,0,0,0,1.394277,1.263282,2.449016,0,5.106572,AME401,11,263067,AME401_PM1,P_78_GABON_B10_R4,09/17/2026 11:13:31 PM,6,4.30037,76.55401,35.83642,09/17/2026 11:13:31 PM,AME401,11,263067,AME401_PM1,P_78_GABON_B10_R4,09/17/2026 11:13:31 PM,6,87369,0.666666,3,3,3,3,3,3,3,3,3,3,3,3,3,3,3,3,3,3,3,3,3,3,3,3,2,,,103046,103046,103046,103046,103046,,103046,103046,103046,,,,,,,1,,1,,,,,,6867,6865,12480,33974,9331,33974,29318,33974,12480,195182,12480,195182,12480,195182,29318,3258,33974,,,33974,29071,1380,10680,33974,195182,12480,180313,11170,1380,33974,9419,412,,1380,4005,33974,33974,33974,814,423,9533,4005,12480,195182,12480,33974,195182,12480,9178,12480,33974,09/17/2026 11:40:12 PM,4.30037,76.55401,35.83642,09/17/2026 11:13:31 PM,263067,P_78_GABON_B10_R4,0.887159,09/17/2026 11:13:31 PM,,,,,,8PONCVBB,FL78.3FGTC_SNIP_B0204_E180046,SNY512,8PXSCBMT51NA1,,,,,,,,,,,,,,,,,,,,,,,,,,,,,,,,,,,,,,,,,,,,,,,,,,,,,,,,,,,,,,,,
D624296,862,5DXZN862MVB4,,,,,,,,,,,,,,,,,D6242960U,PR8B,09/20/2026 11:56:55 AM,BPD454,8M5CL,8M5CL,09/20/2026 3:53:16 PM,8M5CL,D1D,1,9353161,1.17765,0,0.229664,15.53759,7.370596,0,0,0,0,0,0,3.532265,0,2.774604,0.957536,28.70181,AME417,15,290585,AME417_PM6,P_78_M5_RR_R1,09/20/2026 9:37:55 AM,8,1.635081,25,13.62568,09/20/2026 9:37:55 AM,AME417,15,290585,AME417_PM6,P_78_M5_RR_R1,09/20/2026 9:37:55 AM,8,256765,0.833333,,,,,1,1,1,1,1,1,1,1,1,0,0,0,0,0,,,,,,,,,,300173,63193,63193,63193,63193,,300197,300197,300173,,,,,,1,,,92,,,,,,1859,1859,6476,54061,1859,54061,44627,54061,6476,107863,6476,107863,6476,107863,44627,6476,54061,,,54061,1876,92,4753,54061,107863,6476,107863,6476,92,54061,1876,92,,92,1497,54061,54061,54061,916,545,11139,6476,6476,107863,6476,54061,107863,6476,8614,6476,54061,09/20/2026 9:50:56 AM,1.635081,25,13.62568,09/20/2026 9:37:55 AM,252845,P_78_PIL16E_1A_R3,10.35991,09/20/2026 9:37:55 AM,,,,,,8PR8CVAB,FL78.6H0QE_SNIP_B0204_E180046,SNV442,8PR8CBMT51NA2,,,,,,,,,,,,,,,,,,,,,,,,,,,,,,,,,,,,,,,,,,,,09/20/2026 12:35:53 PM,.,D,Y,Y,M,.,.,RA3!DLP2523014_17_SWIC_20260920_10224152_0!1,Recipe:AM;LAYERID:8M5CL;LOWEST_N_WAFERS:,satadess,09/20/2026 10:22:27 AM,D* Defect PKG 2LW,sys_rf3pmes1,09/20/2026 11:15:40 AM,SIF is approved by AutoSIFDispo. Approved over budget as a part of IDLE_OB,autosif,09/20/2026 11:56:16 AM,autosif,09/20/2026 12:35:53 PM,Recipe=AM;LAYERID=8M5CL;LOWEST_N_WAFERS=4(optional);WAFER_LIST=(optional);KLARITY_STEPID=(optional);
D624296,865,5DXZN865MVG7,,,,,,,,,,,,,,,,,D6242960U,PR8B,09/20/2026 11:56:55 AM,BPD454,8M5CL,8M5CL,09/20/2026 3:51:29 PM,8M5CL,D1D,2,9353159,0,0,0,0,2.332372,0,0,0,0,0,0,1.308272,0,0,0,3.640645,AME417,5,290585,AME417_PM6,P_78_M5_RR_R1,09/20/2026 9:19:18 AM,2,1.635081,25,13.62568,09/20/2026 9:19:18 AM,AME417,5,290585,AME417_PM6,P_78_M5_RR_R1,09/20/2026 9:19:18 AM,2,256765,0.833333,,,,,1,1,1,1,1,1,1,1,1,0,0,0,0,0,,,,,,,,,,300173,63193,63193,63193,63193,,300197,300197,300173,,,,,,1,,,92,,,,,,1859,1859,6476,54061,1859,54061,44627,54061,6476,107863,6476,107863,6476,107863,44627,6476,54061,,,54061,1876,92,4753,54061,107863,6476,107863,6476,92,54061,1876,92,,92,1497,54061,54061,54061,916,545,11139,6476,6476,107863,6476,54061,107863,6476,8614,6476,54061,09/20/2026 9:50:56 AM,1.635081,25,13.62568,09/20/2026 9:19:18 AM,252845,P_78_PIL16E_1A_R3,10.35991,09/20/2026 9:19:18 AM,,,,,,8PR8CVAB,FL78.6H0QE_SNIP_B0204_E180046,SNV442,8PR8CBMT51NA2,,,,,,,,,,,,,,,,,,,,,,,,,,,,,,,,,,,,,,,,,,,,09/20/2026 12:35:53 PM,.,D,Y,Y,M,.,.,RA3!DLP2523014_17_SWIC_20260920_10224152_0!1,Recipe:AM;LAYERID:8M5CL;LOWEST_N_WAFERS:,satadess,09/20/2026 10:22:27 AM,D* Defect PKG 2LW,sys_rf3pmes1,09/20/2026 11:15:40 AM,SIF is approved by AutoSIFDispo. Approved over budget as a part of IDLE_OB,autosif,09/20/2026 11:56:16 AM,autosif,09/20/2026 12:35:53 PM,Recipe=AM;LAYERID=8M5CL;LOWEST_N_WAFERS=4(optional);WAFER_LIST=(optional);KLARITY_STEPID=(optional);
D624296,869,5DXZN869MVB6,,,,,,,,,,,,,,,,,D6242960U,PR8B,09/20/2026 11:56:55 AM,BPD454,8M5CL,8M5CL,09/20/2026 3:50:19 PM,8M5CL,D1D,3,9353227,0,0,0.234019,0,0.641349,0,0,0,0,0,0,2.229431,0,0.547973,0,3.652772,AME417,4,290585,AME417_PM6,P_78_M5_RR_R1,09/20/2026 9:15:58 AM,1,1.635081,25,13.62568,09/20/2026 9:15:58 AM,AME417,4,290585,AME417_PM6,P_78_M5_RR_R1,09/20/2026 9:15:58 AM,1,256765,0.833333,,,,,1,1,1,1,1,1,1,1,1,0,0,0,0,0,,,,,,,,,,300173,63193,63193,63193,63193,,300197,300197,300173,,,,,,1,,,92,,,,,,1859,1859,6476,54061,1859,54061,44627,54061,6476,107863,6476,107863,6476,107863,44627,6476,54061,,,54061,1876,92,4753,54061,107863,6476,107863,6476,92,54061,1876,92,,92,1497,54061,54061,54061,916,545,11139,6476,6476,107863,6476,54061,107863,6476,8614,6476,54061,09/20/2026 9:50:56 AM,1.635081,25,13.62568,09/20/2026 9:15:58 AM,252845,P_78_PIL16E_1A_R3,10.35991,09/20/2026 9:15:58 AM,,,,,,8PR8CVAB,FL78.6H0QE_SNIP_B0204_E180046,SNV442,8PR8CBMT51NA2,,,,,,,,,,,,,,,,,,,,,,,,,,,,,,,,,,,,,,,,,,,,09/20/2026 12:35:53 PM,.,D,Y,Y,M,.,.,RA3!DLP2523014_17_SWIC_20260920_10224152_0!1,Recipe:AM;LAYERID:8M5CL;LOWEST_N_WAFERS:,satadess,09/20/2026 10:22:27 AM,D* Defect PKG 2LW,sys_rf3pmes1,09/20/2026 11:15:40 AM,SIF is approved by AutoSIFDispo. Approved over budget as a part of IDLE_OB,autosif,09/20/2026 11:56:16 AM,autosif,09/20/2026 12:35:53 PM,Recipe=AM;LAYERID=8M5CL;LOWEST_N_WAFERS=4(optional);WAFER_LIST=(optional);KLARITY_STEPID=(optional);
D624296,878,5DXZN878MVC0,,,,,,,,,,,,,,,,,D6242960U,PR8B,09/20/2026 11:56:55 AM,BPD454,8M5CL,8M5CL,09/20/2026 3:54:52 PM,8M5CL,D1D,4,9353267,0,0,0,45.71233,0,0,0,0,0,0,0,2.633382,0,0.602087,0,48.9478,AME417,18,290585,AME417_PM6,P_78_M5_RR_R1,09/20/2026 9:40:51 AM,9,1.635081,25,13.62568,09/20/2026 9:40:51 AM,AME417,18,290585,AME417_PM6,P_78_M5_RR_R1,09/20/2026 9:40:51 AM,9,256765,0.833333,,,,,1,1,1,1,1,1,1,1,1,0,0,0,0,0,,,,,,,,,,300173,63193,63193,63193,63193,,300197,300197,300173,,,,,,1,,,92,,,,,,1859,1859,6476,54061,1859,54061,44627,54061,6476,107863,6476,107863,6476,107863,44627,6476,54061,,,54061,1876,92,4753,54061,107863,6476,107863,6476,92,54061,1876,92,,92,1497,54061,54061,54061,916,545,11139,6476,6476,107863,6476,54061,107863,6476,8614,6476,54061,09/20/2026 9:50:56 AM,1.635081,25,13.62568,09/20/2026 9:40:51 AM,252845,P_78_PIL16E_1A_R3,10.35991,09/20/2026 9:40:51 AM,,,,,,8PR8CVAB,FL78.6H0QE_SNIP_B0204_E180046,SNV442,8PR8CBMT51NA2,,,,,,,,,,,,,,,,,,,,,,,,,,,,,,,,,,,,,,,,,,,,09/20/2026 12:35:53 PM,.,D,Y,Y,M,.,.,RA3!DLP2523014_17_SWIC_20260920_10224152_0!1,Recipe:AM;LAYERID:8M5CL;LOWEST_N_WAFERS:,satadess,09/20/2026 10:22:27 AM,D* Defect PKG 2LW,sys_rf3pmes1,09/20/2026 11:15:40 AM,SIF is approved by AutoSIFDispo. Approved over budget as a part of IDLE_OB,autosif,09/20/2026 11:56:16 AM,autosif,09/20/2026 12:35:53 PM,Recipe=AM;LAYERID=8M5CL;LOWEST_N_WAFERS=4(optional);WAFER_LIST=(optional);KLARITY_STEPID=(optional);
D624296,800,5DXZN800MVC7,,,,,,,,,,,,,,,,,D6242960,PR8B,09/20/2026 1:25:52 PM,BPD436,8M5CL,8M5CL,09/20/2026 4:30:31 PM,8M5CL,D1D,1,8746732,0,0,0,3.554111,1.747075,0,0,0,0,0,0,2.247353,0,1.345173,0,8.893709,AME423,1,263067,AME423_PM2,P_78_GABON_B10_R4,09/20/2026 10:21:43 AM,1,1.777548,30,14.8129,09/20/2026 10:21:43 AM,AME423,1,263067,AME423_PM2,P_78_GABON_B10_R4,09/20/2026 10:21:43 AM,1,256271,1,3,3,3,3,3,3,3,3,2,,,,,,,,,,,,,2,2,2,2,0,0,292042,292042,292031,292042,292031,0,292037,292037,292037,,,,,0,,1,,12,,,,,,2192,2192,5865,42849,4718,42849,34689,42849,5865,96770,5865,96770,5865,96770,34689,5865,42849,,,42849,4763,217,4062,42849,96770,5865,96770,5865,217,42849,4763,217,,217,217,42849,42849,42849,465,217,4763,5865,5865,96770,5865,42849,96770,5865,7410,5865,42849,09/20/2026 10:44:38 AM,1.777548,30,14.8129,09/20/2026 10:21:43 AM,175972,M_UBE_MIMIC_R1,1.003597,09/20/2026 10:21:43 AM,,,,,,8PR8CVAB,FL78.6H0QE_SNIP_B0204_E180046,SNV442,8PR8CBMT51NA2,,,,,,,,,,,,,,,,,,,,,,,,,,,,,,,,,,,,,,,,,,,,09/20/2026 2:05:01 PM,.,D,Y,Y,M,.,.,RA3!DLP2523014_1_SWIC_20260920_10263951_0!1,Recipe:AM;LAYERID:8M5CL;LOWEST_N_WAFERS:,satadess,09/20/2026 10:26:17 AM,D* Defect PKG 2LW,sys_rf3pmes1,09/20/2026 11:31:24 AM,SIF is approved by AutoSIFDispo. Approved over budget as a part of IDLE_OB,autosif,09/20/2026 1:25:29 PM,autosif,09/20/2026 2:05:01 PM,Recipe=AM;LAYERID=8M5CL;LOWEST_N_WAFERS=4(optional);WAFER_LIST=(optional);KLARITY_STEPID=(optional);
D624296,805,5DXZN805MVC0,,,,,,,,,,,,,,,,,D6242960,PR8B,09/20/2026 1:25:52 PM,BPD436,8M5CL,8M5CL,09/20/2026 4:30:37 PM,8M5CL,D1D,2,8746832,0.575047,0,0,0,0,0,0,0,0,0,0,1.744,0,1.762187,0,4.081233,AME423,22,263067,AME423_PM2,P_78_GABON_B10_R4,09/20/2026 10:39:55 AM,6,1.777548,30,14.8129,09/20/2026 10:39:55 AM,AME423,22,263067,AME423_PM2,P_78_GABON_B10_R4,09/20/2026 10:39:55 AM,6,256271,1,3,3,3,3,3,3,3,3,2,,,,,,,,,,,,,2,2,2,2,0,0,292042,292042,292031,292042,292031,0,292037,292037,292037,,,,,0,,1,,12,,,,,,2192,2192,5865,42849,4718,42849,34689,42849,5865,96770,5865,96770,5865,96770,34689,5865,42849,,,42849,4763,217,4062,42849,96770,5865,96770,5865,217,42849,4763,217,,217,217,42849,42849,42849,465,217,4763,5865,5865,96770,5865,42849,96770,5865,7410,5865,42849,09/20/2026 10:44:38 AM,1.777548,30,14.8129,09/20/2026 10:39:55 AM,175972,M_UBE_MIMIC_R1,1.003597,09/20/2026 10:39:55 AM,,,,,,8PR8CVAB,FL78.6H0QE_SNIP_B0204_E180046,SNV442,8PR8CBMT51NA2,,,,,,,,,,,,,,,,,,,,,,,,,,,,,,,,,,,,,,,,,,,,09/20/2026 2:05:01 PM,.,D,Y,Y,M,.,.,RA3!DLP2523014_1_SWIC_20260920_10263951_0!1,Recipe:AM;LAYERID:8M5CL;LOWEST_N_WAFERS:,satadess,09/20/2026 10:26:17 AM,D* Defect PKG 2LW,sys_rf3pmes1,09/20/2026 11:31:24 AM,SIF is approved by AutoSIFDispo. Approved over budget as a part of IDLE_OB,autosif,09/20/2026 1:25:29 PM,autosif,09/20/2026 2:05:01 PM,Recipe=AM;LAYERID=8M5CL;LOWEST_N_WAFERS=4(optional);WAFER_LIST=(optional);KLARITY_STEPID=(optional);
D624296,808,5DXZN808MVA0,,,,,,,,,,,,,,,,,D6242960,PR8B,09/20/2026 1:25:52 PM,BPD436,8M5CL,8M5CL,09/20/2026 3:49:14 PM,8M5CL,D1D,3,8746870,0,0,0.677198,7.708027,1.34948,0,0,0,0,0,0,1.075248,0,7.034814,0,17.84476,AME423,3,263067,AME423_PM1,P_78_GABON_B10_R4,09/20/2026 10:25:23 AM,2,1.864101,32,15.53417,09/20/2026 10:25:23 AM,AME423,3,263067,AME423_PM1,P_78_GABON_B10_R4,09/20/2026 10:25:23 AM,2,256271,1,3,3,3,3,3,3,3,3,2,,,,,,,,,,,,,2,2,2,2,0,0,292042,292042,292031,292042,292031,0,292037,292037,292037,,,,,,,,,7,,,,,,2243,2242,6307,56988,3744,56988,52806,56988,6307,111541,6307,111541,6307,111541,52806,6307,56988,,,56988,20235,931,6307,56988,111541,6307,111541,6307,931,56988,3780,169,,931,931,56988,56988,56988,335,169,3780,6307,6307,111541,6307,56988,111541,6307,7532,6307,56988,09/20/2026 10:44:38 AM,1.864101,32,15.53417,09/20/2026 10:25:23 AM,283762,P_78_ROADRUNNER_R2,2.977663,09/20/2026 10:25:23 AM,,,,,,8PR8CVAB,FL78.6H0QE_SNIP_B0204_E180046,SNV442,8PR8CBMT51NA2,,,,,,,,,,,,,,,,,,,,,,,,,,,,,,,,,,,,,,,,,,,,09/20/2026 2:05:01 PM,.,D,Y,Y,M,.,.,RA3!DLP2523014_1_SWIC_20260920_10263951_0!1,Recipe:AM;LAYERID:8M5CL;LOWEST_N_WAFERS:,satadess,09/20/2026 10:26:17 AM,D* Defect PKG 2LW,sys_rf3pmes1,09/20/2026 11:31:24 AM,SIF is approved by AutoSIFDispo. Approved over budget as a part of IDLE_OB,autosif,09/20/2026 1:25:29 PM,autosif,09/20/2026 2:05:01 PM,Recipe=AM;LAYERID=8M5CL;LOWEST_N_WAFERS=4(optional);WAFER_LIST=(optional);KLARITY_STEPID=(optional);
D624296,817,5DXZN817MVA2,,,,,,,,,,,,,,,,,D6242960,PR8B,09/20/2026 1:25:52 PM,BPD436,8M5CL,8M5CL,09/20/2026 3:50:59 PM,8M5CL,D1D,4,8746792,0,0,0,16.11373,3.141866,0,0,0,0,0,0,0,0,1.178157,0,20.43375,AME423,6,263067,AME423_PM2,P_78_GABON_B10_R4,09/20/2026 10:25:23 AM,2,1.777548,30,14.8129,09/20/2026 10:25:23 AM,AME423,6,263067,AME423_PM2,P_78_GABON_B10_R4,09/20/2026 10:25:23 AM,2,256271,1,3,3,3,3,3,3,3,3,2,,,,,,,,,,,,,2,2,2,2,0,0,292042,292042,292031,292042,292031,0,292037,292037,292037,,,,,0,,1,,12,,,,,,2192,2192,5865,42849,4718,42849,34689,42849,5865,96770,5865,96770,5865,96770,34689,5865,42849,,,42849,4763,217,4062,42849,96770,5865,96770,5865,217,42849,4763,217,,217,217,42849,42849,42849,465,217,4763,5865,5865,96770,5865,42849,96770,5865,7410,5865,42849,09/20/2026 10:44:38 AM,1.777548,30,14.8129,09/20/2026 10:25:23 AM,175972,M_UBE_MIMIC_R1,1.003597,09/20/2026 10:25:23 AM,,,,,,8PR8CVAB,FL78.6H0QE_SNIP_B0204_E180046,SNV442,8PR8CBMT51NA2,,,,,,,,,,,,,,,,,,,,,,,,,,,,,,,,,,,,,,,,,,,,09/20/2026 2:05:01 PM,.,D,Y,Y,M,.,.,RA3!DLP2523014_1_SWIC_20260920_10263951_0!1,Recipe:AM;LAYERID:8M5CL;LOWEST_N_WAFERS:,satadess,09/20/2026 10:26:17 AM,D* Defect PKG 2LW,sys_rf3pmes1,09/20/2026 11:31:24 AM,SIF is approved by AutoSIFDispo. Approved over budget as a part of IDLE_OB,autosif,09/20/2026 1:25:29 PM,autosif,09/20/2026 2:05:01 PM,Recipe=AM;LAYERID=8M5CL;LOWEST_N_WAFERS=4(optional);WAFER_LIST=(optional);KLARITY_STEPID=(optional);
D624294,801,5DXZN801MVH1,,,,,,,,,,,,,,,,,D6242940,PR8B,09/20/2026 4:23:18 PM,BPD454,8M5CL,8M5CL,09/20/2026 6:00:31 PM,8M5CL,D1D,1,8746899,30.88822,0,2.65742,0,0,0,5.438248,0,0,0,0,1.973595,0,0,0,40.13817,AME427,9,263067,AME427_PM5,P_78_GABON_B10_R4,09/20/2026 2:05:13 PM,5,5.772261,92.44434,48.10217,09/20/2026 2:05:13 PM,AME427,9,263067,AME427_PM5,P_78_GABON_B10_R4,09/20/2026 2:05:13 PM,5,219787,,1,1,1,1,1,1,1,1,1,1,1,0,0,0,0,0,0,0,0,0,0,0,0,0,0,,,276843,276843,276868,276843,276868,,276843,276843,276843,,,,,,1,,,38,,,,,,920,1279,3707,56664,1891,56664,46349,56664,3707,59388,3707,59388,3707,59388,46349,3707,56664,,,56664,9491,432,3707,56664,59388,3707,59388,3707,432,56664,1909,85,,432,3685,56664,56664,56664,323,85,1909,3707,3707,59388,3707,56664,59388,3707,9460,3707,56664,09/20/2026 2:34:36 PM,5.772261,92.44434,48.10217,09/20/2026 2:05:13 PM,216734,P_78_THAR_R5,0.5223,09/20/2026 2:05:13 PM,,,,,,8PR8CVAB,FL78.6H0QE_SNIP_B0204_E180046,SNV442,8PR8CBMT51NA2,,,,,,,,,,,,,,,,,,,,,,,,,,,,,,,,,,,,,,,,,,,,,,,,,,,,,,,,,,,,,,,,
D624294,806,5DXZN806MVG2,,,,,,,,,,,,,,,,,D6242940,PR8B,09/20/2026 4:23:18 PM,BPD454,8M5CL,8M5CL,09/20/2026 6:00:24 PM,8M5CL,D1D,2,8746908,0,0,0.628916,0,23.14986,0,0,0,0,0,0,1.669443,0,1.1725,0,26.31379,AME427,14,263067,AME427_PM5,P_78_GABON_B10_R4,09/20/2026 2:13:05 PM,7,5.772261,92.44434,48.10217,09/20/2026 2:13:05 PM,AME427,14,263067,AME427_PM5,P_78_GABON_B10_R4,09/20/2026 2:13:05 PM,7,219787,,1,1,1,1,1,1,1,1,1,1,1,0,0,0,0,0,0,0,0,0,0,0,0,0,0,,,276843,276843,276868,276843,276868,,276843,276843,276843,,,,,,1,,,38,,,,,,920,1279,3707,56664,1891,56664,46349,56664,3707,59388,3707,59388,3707,59388,46349,3707,56664,,,56664,9491,432,3707,56664,59388,3707,59388,3707,432,56664,1909,85,,432,3685,56664,56664,56664,323,85,1909,3707,3707,59388,3707,56664,59388,3707,9460,3707,56664,09/20/2026 2:34:36 PM,5.772261,92.44434,48.10217,09/20/2026 2:13:05 PM,216734,P_78_THAR_R5,0.5223,09/20/2026 2:13:05 PM,,,,,,8PR8CVAB,FL78.6H0QE_SNIP_B0204_E180046,SNV442,8PR8CBMT51NA2,,,,,,,,,,,,,,,,,,,,,,,,,,,,,,,,,,,,,,,,,,,,,,,,,,,,,,,,,,,,,,,,
D624328,55,A2ML0055SLF0,,,,,,,,,,,,,,,,,D6243280,PNCB,09/21/2026 1:24:46 AM,BPD454,8M5CL,8M5CL,09/21/2026 5:11:26 AM,8M5CL,D1D,1,8756659,0,0,0,0,0,0,0,0,0,0,0,3.324634,0,0.506164,0,3.830798,AME423,5,263067,AME423_PM3,P_78_GABON_B10_R4,09/20/2026 11:55:24 PM,3,2.914481,45,24.28734,09/20/2026 11:55:24 PM,AME423,5,263067,AME423_PM3,P_78_GABON_B10_R4,09/20/2026 11:55:24 PM,3,256479,1,,,,,3,3,3,3,2,,,,,,,,,,,,,,,,,,,292250,292250,292239,292250,292239,,292245,292245,292245,,,,0,,1,,,69,,,,,,982,982,6849,71740,11731,71740,61308,71740,3243,68617,3243,68617,3243,68617,61308,3243,71740,0,0,71740,31356,1442,5046,71740,132669,6849,132669,6849,1442,71740,11842,530,0,1442,1442,71740,71740,71740,31,530,11842,6849,6849,132669,6849,71740,68617,3243,10786,6849,71740,09/21/2026 12:32:50 AM,2.914481,45,24.28734,09/20/2026 11:55:24 PM,290586,P_78_ROADRUNNER_R4,0.535634,09/20/2026 11:55:24 PM,,,,,,8PONCVBB,FL78.3FGTC_SNIP_B0204_E180046,SNY510,8PXSCBMT51NA4,,,,,,,,,,,,,,,,,,,,,,,,,,,,,,,,,,,,,,,,,,,,,,,,,,,,,,,,,,,,,,,,
D624328,56,A2ML0056SLB7,,,,,,,,,,,,,,,,,D6243280,PNCB,09/21/2026 1:24:46 AM,BPD454,8M5CL,8M5CL,09/21/2026 5:11:16 AM,8M5CL,D1D,2,8756653,1.562198,0,0.459604,1.089852,12.78488,0,0,0,0,0,0,3.956462,0,1.688475,1.510323,22.16974,AME423,2,263067,AME423_PM4,P_78_GABON_B10_R4,09/20/2026 11:48:09 PM,1,1.715536,29,14.29614,09/20/2026 11:48:09 PM,AME423,2,263067,AME423_PM4,P_78_GABON_B10_R4,09/20/2026 11:48:09 PM,1,256479,1,,,,,3,3,3,3,2,,,,,,,,,,,,,,,,,,,292250,292250,292239,292250,292239,,292245,292245,292245,,1,0,,,,,,51,,,,,,2176,2175,5151,54684,10353,54684,52586,54684,900,18948,5151,93820,5151,93820,52586,5151,54684,,,54684,18948,900,5151,54684,93820,5151,93820,5151,472,54684,10452,472,,472,900,54684,54684,54684,263,472,10452,5151,5151,93820,5151,54684,93820,5151,9538,5151,54684,09/21/2026 12:32:50 AM,1.715536,29,14.29614,09/20/2026 11:48:09 PM,290586,P_78_ROADRUNNER_R4,0.591018,09/20/2026 11:48:09 PM,,,,,,8PONCVBB,FL78.3FGTC_SNIP_B0204_E180046,SNY510,8PXSCBMT51NA4,,,,,,,,,,,,,,,,,,,,,,,,,,,,,,,,,,,,,,,,,,,,,,,,,,,,,,,,,,,,,,,,
D624328,59,A2ML0059SLH2,,,,,,,,,,,,,,,,,D6243280,PNCB,09/21/2026 5:29:01 AM,BPD454,8M5CL,8M5CL,09/21/2026 6:51:10 AM,8M5CL,D1D,3,8756580,0,0,0,0,8.265715,0,0,0,0,0,0,1.662317,0,0.506164,0,10.4342,AME423,1,263067,AME423_PM3,P_78_GABON_B10_R4,09/20/2026 11:48:09 PM,1,2.914481,45,24.28734,09/20/2026 11:48:09 PM,AME423,1,263067,AME423_PM3,P_78_GABON_B10_R4,09/20/2026 11:48:09 PM,1,256479,1,,,,,3,3,3,3,2,,,,,,,,,,,,,,,,,,,292250,292250,292239,292250,292239,,292245,292245,292245,,,,0,,1,,,69,,,,,,982,982,6849,71740,11731,71740,61308,71740,3243,68617,3243,68617,3243,68617,61308,3243,71740,0,0,71740,31356,1442,5046,71740,132669,6849,132669,6849,1442,71740,11842,530,0,1442,1442,71740,71740,71740,31,530,11842,6849,6849,132669,6849,71740,68617,3243,10786,6849,71740,09/21/2026 12:32:50 AM,2.914481,45,24.28734,09/20/2026 11:48:09 PM,290586,P_78_ROADRUNNER_R4,0.535634,09/20/2026 11:48:09 PM,,,,,,8PONCVBB,FL78.3FGTC_SNIP_B0204_E180046,SNY510,8PXSCBMT51NA4,,,,,,,,,,,,,,,,,,,,,,,,,,,,,,,,,,,,,,,,,,,,,,,,,,,,,,,,,,,,,,,,
