LOT,WAFER,WAFER_ID,DEFECT@WAFER@CLASS_NCDD@BEEP,DEFECT@WAFER@CLASS_NCDD@BLOCKED_TRENCH,DEFECT@WAFER@CLASS_NCDD@BLURRY_IMAGE,DEFECT@WAFER@CLASS_NCDD@BROKEN_PATTERN,DEFECT@WAFER@CLASS_NCDD@DOME,DEFECT@WAFER@CLASS_NCDD@FALLEN_LINES,DEFECT@WAFER@CLASS_NCDD@ILD_HOLE_TEAROUT,DEFECT@WAFER@CLASS_NCDD@LARGE_PARTICLE,DEFECT@WAFER@CLASS_NCDD@MINI,DEFECT@WAFER@CLASS_NCDD@NVD_FALSE,DEFECT@WAFER@CLASS_NCDD@OTHER_UNKNOWN,DEFECT@WAFER@CLASS_NCDD@PATTERN,DEFECT@WAFER@CLASS_NCDD@RESIDUE,DEFECT@WAFER@CLASS_NCDD@ROUNDMOUND_BEEP,DEFECT@WAFER@CLASS_NCDD@SCRATCH,DEFECT@WAFER@CLASS_NCDD@SIZE_SMALL,DEFECT@WAFER@CLASS_NCDD@SMALL_PARTICLE,DEFECT@WAFER@CLASS_NCDD@UNCLASSIFIED,ACTUAL_LOT@DEFECT,DEVICE@DEFECT,INSPECTION_TIME@DEFECT,INSPECTION_TOOL@DEFECT,LAYER,LAYER@DEFECT,LOAD_DATE@DEFECT,RECIPE@DEFECT,SITE@DEFECT,WAFER_ID_ORDER@DEFECT,WAFER_KEY@DEFECT,DEFECT@WAFER@CLASS_EDI@BEEP,DEFECT@WAFER@CLASS_EDI@BLOCKED_TRENCH,DEFECT@WAFER@CLASS_EDI@BLURRY_IMAGE,DEFECT@WAFER@CLASS_EDI@BROKEN_PATTERN,DEFECT@WAFER@CLASS_EDI@DOME,DEFECT@WAFER@CLASS_EDI@FALLEN_LINES,DEFECT@WAFER@CLASS_EDI@ILD_HOLE_TEAROUT,DEFECT@WAFER@CLASS_EDI@LARGE_PARTICLE,DEFECT@WAFER@CLASS_EDI@MINI,DEFECT@WAFER@CLASS_EDI@NVD_FALSE,DEFECT@WAFER@CLASS_EDI@OTHER_UNKNOWN,DEFECT@WAFER@CLASS_EDI@PATTERN,DEFECT@WAFER@CLASS_EDI@RESIDUE,DEFECT@WAFER@CLASS_EDI@ROUNDMOUND_BEEP,DEFECT@WAFER@CLASS_EDI@SCRATCH,DEFECT@WAFER@CLASS_EDI@SIZE_SMALL,DEFECT@WAFER@CLASS_EDI@SMALL_PARTICLE,DEFECT@WAFER@CLASS_EDI@WAFER_TOTAL
D613830,272,KJCJL272WFC3,0.003147,0,0,0,0,0.134111,0,0,0,37.43981,0,0,0,0.006294,0.003147,0.003147,0,0,D6138300,PD5B,06/12/2026 10:20:36 PM,BPD446,8M5CL,8M5CL,06/17/2026 10:14:53 AM,8M5CL,D1D,1,8328478,,,,,,,,,,,,,,,,,,
D613830,315,KJCJH315WFA4,0.003188,0,0,0,0,0.065046,0,0,0,35.86607,0,0,0,0.003188,0,0.084501,0,0,D6138300,PD5B,06/12/2026 10:20:36 PM,BPD446,8M5CL,8M5CL,06/17/2026 10:14:42 AM,8M5CL,D1D,2,8328555,,,,,,,,,,,,,,,,,,
D613639,657,MCLPK657WAG6,0,0,0,0,0,0,0.003692,0,0,0.258421,0,0,0,0.007383,0,0.02215,0,,D6136390,PXMG,06/07/2026 5:19:00 PM,BPD436,8M5CL,8M5CL,08/23/2026 8:58:56 PM,8M5CL,D1D,1,8309296,,,,,,,,,,,,,,,,,,
D613639,710,MCLPK710WAC3,0,0,0,0,0.014637,0.003659,0,0,0.003659,0.190281,0,0,0,0,0,0.010978,0.010978,,D6136390,PXMG,06/07/2026 5:19:00 PM,BPD436,8M5CL,8M5CL,08/24/2026 12:31:39 AM,8M5CL,D1D,2,8309306,,,,,,,,,,,,,,,,,,
D615273,13,KJD2E013WFE4,0,0,0,0,0,0.006494,0.003247,0,0,0.194831,0,0,0,0.006494,0.003247,0.003247,0.003247,,D6152730,PR8B,06/20/2026 2:11:00 AM,BPD458,8M5CL,8M5CL,06/21/2026 3:28:51 PM,8M5CL,D1D,1,8382726,,,,,,,,,,,,,,,,,,
D615273,28,KJD2E028WFA6,0,0,0,0,0,0,0.003489,0,0,0.202379,0,0,0,0.010468,0,0.006979,0,,D6152730,PR8B,06/20/2026 2:11:00 AM,BPD458,8M5CL,8M5CL,06/21/2026 3:28:58 PM,8M5CL,D1D,2,8382763,,,,,,,,,,,,,,,,,,
D613624,26,A2DY9026SLG4,0,0,0,0,0,0.003659,0,0,0,0.223214,0,0,0,0.003659,0,0.018296,0.003659,0,D6136240,PXMG,06/25/2026 12:07:56 PM,BPD454,8M5CL,8M5CL,08/24/2026 8:24:46 AM,8M5CL,D1D,1,8304692,,,,,,,,,,,,,,,,,,
D613624,28,A2DY9028SLA2,0,0,0,0,0.003659,0.040252,0.003659,0,0,0.406177,0,0,0,0.007319,0,0.007319,0,0,D6136240,PXMG,06/25/2026 12:07:56 PM,BPD454,8M5CL,8M5CL,08/24/2026 10:13:01 AM,8M5CL,D1D,2,8304631,,,,,,,,,,,,,,,,,,
D614268,320,KJCJH320WFF7,0,0,0,0,0.003659,0.010978,0.003659,0,0,0.150029,0,0,0,0.003659,0,0.010978,0,,D6142680,PXMG,06/25/2026 5:36:54 AM,BPD446,8M5CL,8M5CL,08/24/2026 5:07:07 AM,8M5CL,D1D,1,8342871,,,,,,,,,,,,,,,,,,
D614268,335,KJCJH335WFC1,0,0,0,0,0.003692,0.003692,0,0,0,0.32118,0,0.003692,0,0,0,0,0.003692,0,D6142680,PXMG,06/25/2026 5:36:54 AM,BPD446,8M5CL,8M5CL,08/24/2026 4:54:31 AM,8M5CL,D1D,2,8342816,,,,,,,,,,,,,,,,,,
D614268,338,KJCJH338WFA1,0.003659,0,0,0,0.003659,0.003659,0,0,0,0.179303,0,0,0,0.007319,0.003659,0.007319,0.003659,,D6142680,PXMG,06/25/2026 5:36:54 AM,BPD446,8M5CL,8M5CL,08/24/2026 3:54:01 AM,8M5CL,D1D,3,8342857,,,,,,,,,,,,,,,,,,
D614268,341,KJCJH341WFE3,0.003692,0,0,0,0.003692,0.011075,0.003692,0,0,0.177203,0,0,0,0.003692,0,0.007383,0,,D6142680,PXMG,06/25/2026 5:36:54 AM,BPD446,8M5CL,8M5CL,08/24/2026 4:57:35 AM,8M5CL,D1D,4,8342901,,,,,,,,,,,,,,,,,,
D614254,51,A2CJE051SLA5,0,0,0,0,0.007383,0.003692,0,0,0,0.140286,0,0,0,0.003692,0,0.02215,0,,D6142540,PXMG,06/23/2026 11:37:45 PM,BPD454,8M5CL,8M5CL,08/24/2026 1:56:59 AM,8M5CL,D1D,1,8356251,,,,,,,,,,,,,,,,,,
D614254,52,A2CJE052SLE7,0,0,0,0,0.003659,0,0,0,0,0.296399,0,0,0,0,0,0.007319,0,0,D6142540,PXMG,06/23/2026 11:37:45 PM,BPD454,8M5CL,8M5CL,08/24/2026 12:07:14 AM,8M5CL,D1D,2,8356158,,,,,,,,,,,,,,,,,,
D613621,75,A2CM6075SLA4,0.003692,0,0,0,0,0,0,0,0,0.263589,0,0,0,0.007383,0,0.005907,0.007383,0,D6136210,PXMG,06/25/2026 11:53:24 PM,BPD446,8M5CL,8M5CL,08/07/2026 11:01:29 AM,8M5CL,D1D,1,8304725,,,,,,,,,,,,,,,,,,
D613621,76,A2CJE076SLB3,0.003659,0,0,0,0,0.003659,0,0,0,0.214548,0,0,0,0.008667,0.003659,0.003659,0.003659,0,D6136210,PXMG,06/25/2026 11:53:24 PM,BPD446,8M5CL,8M5CL,08/07/2026 11:01:19 AM,8M5CL,D1D,2,8304668,,,,,,,,,,,,,,,,,,
D613629,328,MCNFJ328WAD0,0,0,0,0,0.007319,0,0,0,0,0.135392,0,0,0,0.007319,0,0,0,,D6136290,PXMG,06/27/2026 10:18:21 PM,BPD454,8M5CL,8M5CL,08/07/2026 11:01:09 AM,8M5CL,D1D,1,8307009,,,,,,,,,,,,,,,,,,
D613629,354,MCNFJ354WAG7,0,0,0,0,0.003659,0.003659,0,0,0,0.095141,0,0,0,0.007319,0.003659,0.003659,0,,D6136290,PXMG,06/27/2026 10:18:21 PM,BPD454,8M5CL,8M5CL,08/07/2026 11:01:21 AM,8M5CL,D1D,2,8307014,,,,,,,,,,,,,,,,,,
D614211,903,HJ7SN903JKA5,0,0,0,0,0.010827,0.003609,0,0,0,0.227377,0,0,0,0.003609,0,0.003609,0.003609,,D6142110,PNCB,07/03/2026 11:26:29 AM,BPD446,8M5CL,8M5CL,07/05/2026 7:42:29 AM,8M5CL,D1D,1,8360508,,,,,,,,,,,,,,,,,,
D614211,904,HJ7SN904JKE7,0,0,0,0,0,0,0.003584,0,0,0.200679,0,0,0,0.003584,0,0.003584,0,,D6142110,PNCB,07/03/2026 11:26:29 AM,BPD446,8M5CL,8M5CL,07/05/2026 7:42:22 AM,8M5CL,D1D,2,8360421,,,,,,,,,,,,,,,,,,
D615274,30,KJ5DR030WFC0,0,0,0,0,0.006979,0.006979,0.013957,0,0,0.212847,0,0,0,0,0,0.006979,0.013957,,D6152740,PR8B,07/03/2026 5:49:50 PM,BPD458,8M5CL,8M5CL,07/05/2026 7:42:28 AM,8M5CL,D1D,1,8382635,,,,,,,,,,,,,,,,,,
D615274,115,KJ5DR115WFG0,0,0,0,0,0.016236,0.009742,0,0,0,0.175348,0,0,0,0,0,0,0,,D6152740,PR8B,07/03/2026 5:49:50 PM,BPD458,8M5CL,8M5CL,07/05/2026 7:42:21 AM,8M5CL,D1D,2,8382718,,,,,,,,,,,,,,,,,,
D614223,84,A2EGD084SLG4,0,0,0,0,0.003659,0.003659,0,0,0,0.208577,0,0,0,0.003659,0,0.014637,0,0,D6142230,PXMG,07/02/2026 8:13:19 PM,BPD436,8M5CL,8M5CL,08/07/2026 11:00:57 AM,8M5CL,D1D,1,8346899,,,,,,,,,,,,,,,,,,
D614223,85,A2EGD085SLD3,0,0,0,0,0.003692,0.003692,0,0,0,0.155052,0,0,0,0.003692,0,0.018459,0,,D6142230,PXMG,07/02/2026 8:13:19 PM,BPD436,8M5CL,8M5CL,08/07/2026 11:00:47 AM,8M5CL,D1D,2,8346929,,,,,,,,,,,,,,,,,,
D614257,585,KJ5MD585WFE1,0.007383,0,0,0,0.013475,0.003692,0.007383,0,0,0.248638,0,0,0.003692,0.011075,0.007383,0,0.003692,0,D6142570,PXMG,06/30/2026 4:16:19 AM,BPD446,8M5CL,8M5CL,08/07/2026 11:01:28 AM,8M5CL,D1D,1,8356429,,,,,,,,,,,,,,,,,,
D614257,588,KJ5MD588WFC1,0,0,0,0,0,0.003659,0,0,0,0.171703,0.003941,0,0,0,0,0.010978,0.003659,0,D6142570,PXMG,06/30/2026 4:16:19 AM,BPD446,8M5CL,8M5CL,08/07/2026 11:01:13 AM,8M5CL,D1D,2,8356428,,,,,,,,,,,,,,,,,,
D614257,613,KJ5MD613WFA1,0,0,0,0,0,0.003692,0,0,0,0.317488,0,0,0,0.007383,0,0.029534,0,0,D6142570,PXMG,06/30/2026 4:16:19 AM,BPD446,8M5CL,8M5CL,08/07/2026 11:01:22 AM,8M5CL,D1D,3,8356385,,,,,,,,,,,,,,,,,,
D614257,619,KJ5MD619WFD4,0,0,0,0,0,0.014767,0,0,0.003692,0.372864,0,0,0,0,0,0.003692,0,0,D6142570,PXMG,06/30/2026 4:16:19 AM,BPD446,8M5CL,8M5CL,08/07/2026 11:01:37 AM,8M5CL,D1D,4,8356412,,,,,,,,,,,,,,,,,,
D614166,245,MCLXU245WAC7,0,0,0,0,0,0.0037,0,0,0,0.270073,0,0,0,0.0037,0,0.011099,0,,D6141660,PR8B,07/01/2026 1:42:13 PM,BPD446,8M5CL,8M5CL,07/02/2026 7:54:45 AM,8M5CL,D1D,1,8339807,,,,,,,,,,,,,,,,,,
D614166,299,MCLXU299WAF4,0,0,0,0,0,0.003442,0,0,0,0.278833,0,0,0,0,0,0.006885,0,,D6141660,PR8B,07/01/2026 1:42:13 PM,BPD446,8M5CL,8M5CL,07/02/2026 7:54:56 AM,8M5CL,D1D,2,8339834,,,,,,,,,,,,,,,,,,
D613635,176,HJ6TM176JKB0,0,0,0,0,0,0.003659,0.003659,0,0,0.131733,0,0,0,0,0,0.003659,0.003659,,D6136350,PXMG,06/30/2026 12:37:46 PM,BPD436,8M5CL,8M5CL,08/07/2026 11:01:11 AM,8M5CL,D1D,1,8306753,,,,,,,,,,,,,,,,,,
D613635,177,HJ6TM177JKF2,0.007383,0,0,0,0,0,0,0,0,0.10706,0,0,0,0,0,0.011075,0,,D6136350,PXMG,06/30/2026 12:37:46 PM,BPD436,8M5CL,8M5CL,08/07/2026 11:01:00 AM,8M5CL,D1D,2,8306860,,,,,,,,,,,,,,,,,,
D613627,644,MCLPK644WAE2,0,0,0,0,0.003659,0,0,0,0,0.263466,0,0,0,0.003659,0,0.007319,0,,D6136270,PXMG,07/02/2026 6:06:25 PM,BPD446,8M5CL,8M5CL,08/07/2026 11:00:48 AM,8M5CL,D1D,1,8306722,,,,,,,,,,,,,,,,,,
D613627,654,MCLPK654WAB3,0,0,0,0,0,0.018296,0,0,0,0.267125,0,0,0,0.007319,0,0.029274,0,,D6136270,PXMG,07/02/2026 6:06:25 PM,BPD446,8M5CL,8M5CL,08/07/2026 11:00:58 AM,8M5CL,D1D,2,8306896,,,,,,,,,,,,,,,,,,
D615309,313,KJD2H313WFD0,0.021655,0,0,0,0,0,0.003609,0,0,0.230986,0,0,0,0.04331,0.003609,0.014437,0,,D6153090,PNCB,06/28/2026 4:56:55 AM,BPD446,8M5CL,8M5CL,08/12/2026 12:04:06 AM,8M5CL,D1D,1,8393107,,,,,,,,,,,,,,,,,,
D615309,322,KJD2H322WFD2,0,0,0,0,0.003584,0.003584,0.003584,0,0,0.200679,0,0,0,0.007167,0.003584,0.010751,0.003584,,D6153090,PNCB,06/28/2026 4:56:55 AM,BPD446,8M5CL,8M5CL,08/10/2026 11:43:02 AM,8M5CL,D1D,2,8393014,,,,,,,,,,,,,,,,,,
D615309,371,KJD2H371WFG6,0.007218,0,0,0,0.003609,0,0.003609,0,0,0.202113,0,0,0,0.007218,0,0.003609,0,,D6153090,PNCB,06/28/2026 4:56:55 AM,BPD446,8M5CL,8M5CL,08/12/2026 12:42:37 AM,8M5CL,D1D,3,8393041,,,,,,,,,,,,,,,,,,
D615309,389,KJD2H389WFB0,0,0,0,0,0.003609,0,0.003609,0,0,0.25625,0,0,0,0.010827,0,0,0,,D6153090,PNCB,06/28/2026 4:56:55 AM,BPD446,8M5CL,8M5CL,08/16/2026 10:55:33 PM,8M5CL,D1D,4,8393023,,,,,,,,,,,,,,,,,,
D614210,829,HJ7SN829JKG4,0.003609,0,0,0,0.003609,0,0,0,0,0.220159,0,0,0,0,0,0,0,,D6142100,PNCB,06/29/2026 4:18:37 AM,BPD446,8M5CL,8M5CL,08/20/2026 7:04:58 PM,8M5CL,D1D,1,8360537,,,,,,,,,,,,,,,,,,
D614210,832,HJ7SN832JKD3,0,0,0,0,0.003584,0,0,0,0,0.193512,0,0,0,0,0,0.017918,0,,D6142100,PNCB,06/29/2026 4:18:37 AM,BPD446,8M5CL,8M5CL,08/22/2026 7:11:06 AM,8M5CL,D1D,2,8360764,,,,,,,,,,,,,,,,,,
D613649,30,A2EWZ030SLB1,0,0,0,0,0.003584,0,0,0,0,0.247266,0,0,0,0,0,0.010751,0,,D6136490,PNCB,06/30/2026 11:38:32 PM,BPD446,8M5CL,8M5CL,08/24/2026 11:00:09 AM,8M5CL,D1D,1,8317504,,,,,,,,,,,,,,,,,,
D613649,62,A2EWZ062SLB0,0,0,0,0,0.003584,0.007167,0,0,0,0.272351,0,0,0,0.007167,0,0.010751,0,,D6136490,PNCB,06/30/2026 11:38:32 PM,BPD446,8M5CL,8M5CL,08/24/2026 6:50:41 AM,8M5CL,D1D,2,8317323,,,,,,,,,,,,,,,,,,
D615292,33,A27SQ033SLB6,0,0,0,0,0,0,0.007218,0,0,0.209331,0,0,0,0.003609,0,0,0.007218,,D6152920,PNCB,07/02/2026 8:14:01 AM,BPD446,8M5CL,8M5CL,07/03/2026 7:55:38 AM,8M5CL,D1D,1,8385463,,,,,,,,,,,,,,,,,,
D615292,49,A27SQ049SLC2,0,0,0,0,0.018046,0,0,0,0,0.245423,0,0,0,0,0,0.003609,0,,D6152920,PNCB,07/02/2026 8:14:01 AM,BPD446,8M5CL,8M5CL,07/03/2026 7:55:32 AM,8M5CL,D1D,2,8385512,,,,,,,,,,,,,,,,,,
D614248,15,A2CJE015SLH0,0.540653,0,0,0,0,0.028426,0,0,0.042639,0.287585,0,0,0,0.014213,0,0,0.042639,0,D6142480,PXMG,07/04/2026 5:21:30 PM,BPD436,8M5CL,8M5CL,08/24/2026 10:01:03 AM,8M5CL,D1D,1,8353068,,,,,,,,,,,,,,,,,,
D614248,16,A2CJE016SLD7,0.003659,0,0,0,0.007319,0.003659,0,0,0,0.168326,0,0,0,0.003659,0,0.007319,0.007319,,D6142480,PXMG,07/04/2026 5:21:30 PM,BPD436,8M5CL,8M5CL,08/24/2026 2:01:43 AM,8M5CL,D1D,2,8353079,,,,,,,,,,,,,,,,,,
D615336,2,A2BS5002SLB4,0,0,0,0,0.016101,0.016101,0,0,0,0.267857,0,0,0,0.003659,0,0.025615,0.003659,0,D6153360,PXMG,07/10/2026 7:57:10 PM,BPD454,8M5CL,8M5CL,08/24/2026 8:14:37 AM,8M5CL,D1D,1,8405642,,,,,,,,,,,,,,,,,,
D615336,56,A2BS5056SLE1,0,0,0,0,0,0.003659,0,0,0,0.131733,0,0,0,0.003659,0,0.014637,0,,D6153360,PXMG,07/10/2026 7:57:10 PM,BPD454,8M5CL,8M5CL,08/07/2026 10:59:56 AM,8M5CL,D1D,2,8405853,,,,,,,,,,,,,,,,,,
D615277,79,HJ7DC079JKB5,0,0,0,0,0.006494,0.003247,0.006494,0,0,0.237045,0,0,0,0.009742,0,0.012989,0,,D6152770,PR8B,07/10/2026 8:48:18 PM,BPD458,8M5CL,8M5CL,07/12/2026 8:14:10 AM,8M5CL,D1D,1,8382698,,,,,,,,,,,,,,,,,,
D615277,272,HJ7DC272JKH0,0,0,0,0,0.034893,0.003489,0.010468,0,0,0.237272,0,0,0,0.013957,0,0,0,,D6152770,PR8B,07/10/2026 8:48:18 PM,BPD458,8M5CL,8M5CL,07/12/2026 8:14:04 AM,8M5CL,D1D,2,8382761,,,,,,,,,,,,,,,,,,
D614242,7,MCMMJ007WAE1,0,0,0,0,0.025842,0,0.02215,0,0,0.232579,0,0,0,0.011075,0,0.018459,0,0,D6142420,PXMG,07/11/2026 1:51:35 AM,BPD446,8M5CL,8M5CL,08/07/2026 11:00:09 AM,8M5CL,D1D,1,8353001,,,,,,,,,,,,,,,,,,
D614242,10,MCMMJ010WAB0,0,0,0,0,0.003659,0.010978,0,0,0,0.168326,0,0,0,0.007319,0,0.003659,0,,D6142420,PXMG,07/11/2026 1:51:35 AM,BPD446,8M5CL,8M5CL,08/07/2026 10:59:57 AM,8M5CL,D1D,2,8353035,,,,,,,,,,,,,,,,,,
D615339,6,MCPPA006WAD6,0,0,0,0,0.010978,0.003659,0.010978,0,0,0.124415,0,0,0,0.007319,0,0.007319,0,,D6153390,PXMG,07/10/2026 9:23:31 PM,BPD436,8M5CL,8M5CL,08/07/2026 10:59:58 AM,8M5CL,D1D,1,8405788,,,,,,,,,,,,,,,,,,
D615339,9,MCPPA009WAB6,0,0,0,0,0,0.003692,0.011075,0,0.003692,0.110752,0,0,0,0.003692,0,0.014767,0,,D6153390,PXMG,07/10/2026 9:23:31 PM,BPD436,8M5CL,8M5CL,08/07/2026 11:00:03 AM,8M5CL,D1D,2,8405836,,,,,,,,,,,,,,,,,,
D614212,69,A2ET6069SLA7,0,0,0,0,0.003692,0.003692,0.003692,0,0,0.306413,0,0.003692,0,0.007383,0,0.02215,0,,D6142120,PXMG,07/11/2026 11:45:09 AM,BPD436,8M5CL,8M5CL,08/07/2026 11:00:02 AM,8M5CL,D1D,1,8344691,,,,,,,,,,,,,,,,,,
D614212,72,A2ET6072SLF1,0.003659,0,0,0,0,0.017564,0,0,0,0.275176,0,0,0,0,0,0.021956,0,0,D6142120,PXMG,07/11/2026 11:45:09 AM,BPD436,8M5CL,8M5CL,08/07/2026 10:59:51 AM,8M5CL,D1D,2,8344638,,,,,,,,,,,,,,,,,,
D615295,125,A2BCX125SLC2,0.007218,0,0,0,0.003609,0.00782,0,0,0,0.392797,0,0,0,0.003609,0,0,0,0,D6152950,PNCB,07/09/2026 7:11:20 PM,BPD436,8M5CL,8M5CL,07/12/2026 7:58:22 AM,8M5CL,D1D,1,8385775,,,,,,,,,,,,,,,,,,
D615295,153,A2BDS153SLB0,0.004042,0,0,0,0,0.019345,0,0,0.004042,0.545127,0,0,0,0.004042,0.004042,0.004042,0,0,D6152950,PNCB,07/09/2026 7:11:20 PM,BPD436,8M5CL,8M5CL,07/12/2026 7:56:24 AM,8M5CL,D1D,2,8385707,,,,,,,,,,,,,,,,,,
D615295,155,A2BDS155SLC1,0,0,0,0,0.003609,0,0,0,0,0.505282,0,0,0,0.003609,0,0.007218,0,0,D6152950,PNCB,07/09/2026 11:08:27 PM,BPD458,8M5CL,8M5CL,07/12/2026 8:15:55 AM,8M5CL,D1D,3,8385635,,,,,,,,,,,,,,,,,,
D615295,159,A2BDS159SLE3,0,0,0,0,0,0,0.007218,0,0,0.498064,0,0,0,0,0,0.007218,0,0,D6152950,PNCB,07/09/2026 11:08:27 PM,BPD458,8M5CL,8M5CL,07/12/2026 8:14:16 AM,8M5CL,D1D,4,8385733,,,,,,,,,,,,,,,,,,
D615295,162,A2BDS162SLB2,0.012309,0,0,0,0,0.004103,0,0,0,0.480665,0,0,0,0,0,0.008206,0,0,D6152950,PNCB,07/09/2026 11:08:27 PM,BPD458,8M5CL,8M5CL,08/11/2026 5:24:52 AM,8M5CL,D1D,5,8385652,,,,,,,,,,,,,,,,,,
D615340,802,HJ4EP802JKC0,0.085432,0,0,0,0,0.01165,0.003883,0.003883,0,0.222692,0,0,0,0.015533,0,0.01165,0.003883,0,D6153400,PXMG,07/09/2026 5:48:10 PM,BPD454,8M5CL,8M5CL,08/07/2026 11:00:41 AM,8M5CL,D1D,1,8405731,,,,,,,,,,,,,,,,,,
D615340,803,HJ4EP803JKG2,0.014767,0,0,0,0.003692,0,0.007383,0,0,0.174434,0,0,0,0.032303,0,0.011075,0,0,D6153400,PXMG,07/09/2026 5:48:10 PM,BPD454,8M5CL,8M5CL,08/07/2026 11:00:29 AM,8M5CL,D1D,2,8405829,,,,,,,,,,,,,,,,,,
D615340,804,HJ4EP804JKD1,0.003659,0,0,0,0.007319,0,0.007319,0,0,0.231265,0,0,0,0.007319,0,0.03952,0,0,D6153400,PXMG,07/09/2026 8:21:16 PM,BPD454,8M5CL,8M5CL,08/07/2026 11:00:24 AM,8M5CL,D1D,3,8405742,,,,,,,,,,,,,,,,,,
D615340,805,HJ4EP805JKA0,0.003692,0,0,0,0.007383,0.049469,0,0,0,0.189755,0,0,0,0.01329,0.003692,0.035441,0,0,D6153400,PXMG,07/09/2026 8:21:16 PM,BPD454,8M5CL,8M5CL,08/07/2026 11:00:35 AM,8M5CL,D1D,4,8405675,,,,,,,,,,,,,,,,,,
D615327,107,KJNQT107WFA6,0,0,0,0,0.003692,0,0.011075,0,0,0.110752,0,0,0,0.011075,0,0.029534,0,,D6153270N,PXMG,07/09/2026 10:33:13 PM,BPD454,8M5CL,8M5CL,08/07/2026 11:00:45 AM,8M5CL,D1D,1,8922082,,,,,,,,,,,,,,,,,,
D615327,196,KJNQT196WFA1,0,0,0,0,0.007319,0,0.003659,0,0,0.325673,0,0,0,0,0.003659,0.003659,0,0,D6153270N,PXMG,07/09/2026 10:33:13 PM,BPD454,8M5CL,8M5CL,08/07/2026 11:00:35 AM,8M5CL,D1D,2,8922143,,,,,,,,,,,,,,,,,,
D615327,197,KJNQT197WFE3,0,0,0,0,0.003692,0,0.007383,0,0,0.162436,0,0,0,0.007383,0,0.018459,0,0,D6153270N,PXMG,07/09/2026 10:33:13 PM,BPD454,8M5CL,8M5CL,08/07/2026 11:00:22 AM,8M5CL,D1D,3,8922079,,,,,,,,,,,,,,,,,,
D615327,200,KJNQT200WFH0,0,0,0,0,0,0.003659,0,0,0,0.237851,0,0.003659,0,0,0,0.003659,0.003659,0,D6153270N,PXMG,07/09/2026 10:33:13 PM,BPD454,8M5CL,8M5CL,08/07/2026 11:00:30 AM,8M5CL,D1D,4,8922129,,,,,,,,,,,,,,,,,,
D615327,29,KJNQT029WFE3,0,0,0,0,0,0,0,0,0,0.140286,0,0,0,0,0,0.003692,0,,D6153270,PXMG,07/09/2026 7:29:12 PM,BPD454,8M5CL,8M5CL,08/07/2026 11:00:19 AM,8M5CL,D1D,1,8399761,,,,,,,,,,,,,,,,,,
D615327,55,KJNQT055WFA7,0,0,0,0,0,0.238116,0.005291,0,0,0.309613,0,0,0,0.005291,0.026334,0.005291,0.063498,0,D6153270,PXMG,07/09/2026 7:29:12 PM,BPD454,8M5CL,8M5CL,08/07/2026 11:00:22 AM,8M5CL,D1D,2,8399594,,,,,,,,,,,,,,,,,,
D614207,646,MCLPK646WAF3,0,0,0,0,0,0.003584,0,0.003584,0,0.193512,0,0,0,0.007167,0,0.017918,0,,D6142070,PNCB,07/10/2026 12:51:19 AM,BPD436,8M5CL,8M5CL,08/23/2026 3:48:05 PM,8M5CL,D1D,1,8360416,,,,,,,,,,,,,,,,,,
D614207,665,MCLPK665WAC6,0,0,0,0,0,0.003609,0.032482,0,0,0.191285,0.003609,0,0,0.072183,0,0.209331,0.003609,,D6142070,PNCB,07/10/2026 12:51:19 AM,BPD436,8M5CL,8M5CL,08/24/2026 4:50:47 AM,8M5CL,D1D,2,8360487,,,,,,,,,,,,,,,,,,
D614207,666,MCLPK666WAH0,0,0,0,0,0,0,0,0,0,0.107507,0,0,0,0,0.007167,0.003584,0,,D6142070,PNCB,07/10/2026 3:39:18 AM,BPD458,8M5CL,8M5CL,08/24/2026 12:31:31 AM,8M5CL,D1D,3,8360420,,,,,,,,,,,,,,,,,,
D614207,671,MCLPK671WAF0,0,0,0,0,0.010827,0.003609,0.007218,0,0,0.187676,0,0,0,0.003609,0,0,0.003609,,D6142070,PNCB,07/10/2026 3:39:18 AM,BPD458,8M5CL,8M5CL,08/23/2026 4:23:02 PM,8M5CL,D1D,4,8360342,,,,,,,,,,,,,,,,,,
D614207,672,MCLPK672WAB7,0.007167,0,0,0,0,0.007167,0.003584,0,0,0.215014,0,0,0,0.007167,0,0.014334,0,,D6142070,PNCB,07/10/2026 3:39:18 AM,BPD458,8M5CL,8M5CL,08/24/2026 12:34:53 AM,8M5CL,D1D,5,8360404,,,,,,,,,,,,,,,,,,
D614260,8,A2EC7008SLA1,0,0,0,0,0,0,0.003659,0,0,0.289081,0,0.003659,0,0.003659,0,0.014637,0,0,D6142600,PXMG,07/06/2026 8:00:50 PM,BPD436,8M5CL,8M5CL,08/07/2026 11:00:42 AM,8M5CL,D1D,1,8356779,,,,,,,,,,,,,,,,,,
D614260,9,A2EC7009SLE3,0.003692,0.007383,0,0,0,0.003692,0.003692,0,0,0.291646,0,0,0,0,0,0.003692,0.003692,0,D6142600,PXMG,07/06/2026 8:00:50 PM,BPD436,8M5CL,8M5CL,08/07/2026 11:00:35 AM,8M5CL,D1D,2,8356800,,,,,,,,,,,,,,,,,,
D615338,620,5DXPF620MVC6,0,0,0,0,0.014637,0.003659,0,0,0,0.329333,0,0,0,0,0.003659,0.007319,0.003659,0,D6153380,PXMG,07/09/2026 12:39:31 PM,BPD446,8M5CL,8M5CL,08/07/2026 11:00:25 AM,8M5CL,D1D,1,8405752,,,,,,,,,,,,,,,,,,
D615338,621,5DXPF621MVH0,0.003692,0,0,0,0.018459,0.003692,0.025842,0,0,0.166128,0,0,0,0.003692,0.003692,0,0,,D6153380,PXMG,07/09/2026 12:39:31 PM,BPD446,8M5CL,8M5CL,08/07/2026 11:00:19 AM,8M5CL,D1D,2,8405933,,,,,,,,,,,,,,,,,,
D614244,182,A2EJP182SLD2,0,0,0,0,0.003659,0.009514,0.004757,0,0,0.17601,0,0,0,0,0,0.003659,0,0,D6142440,PXMG,07/05/2026 10:26:06 PM,BPD454,8M5CL,8M5CL,08/07/2026 11:01:34 AM,8M5CL,D1D,1,8353017,,,,,,,,,,,,,,,,,,
D614244,227,A2DY9227SLB5,0,0,0,0,0,0,0.007383,0,0,0.261559,0,0,0,0.015321,0,0.011075,0,0,D6142440,PXMG,07/05/2026 10:26:06 PM,BPD454,8M5CL,8M5CL,08/07/2026 11:01:19 AM,8M5CL,D1D,2,8352984,,,,,,,,,,,,,,,,,,
D614244,228,A2DY9228SLF7,0.003659,0,0,0,0.003659,0,0.003659,0,0,0.109778,0,0,0,0,0,0.007319,0,,D6142440,PXMG,07/05/2026 10:26:06 PM,BPD454,8M5CL,8M5CL,08/07/2026 11:01:10 AM,8M5CL,D1D,3,8353116,,,,,,,,,,,,,,,,,,
D614244,232,A2DY9232SLH0,0,0,0,0,0.009514,0.003659,0,0,0,0.202722,0,0,0,0,0,0.003659,0,0,D6142440,PXMG,07/05/2026 10:26:06 PM,BPD454,8M5CL,8M5CL,08/07/2026 11:01:28 AM,8M5CL,D1D,4,8353030,,,,,,,,,,,,,,,,,,
D614244,237,A2ECU237SLE1,0,0,0,0,0,0,0,0,0,0.118135,0,0,0,0.011075,0,0,0,,D6142440,PXMG,07/05/2026 10:26:06 PM,BPD454,8M5CL,8M5CL,08/07/2026 11:00:33 AM,8M5CL,D1D,5,8353108,,,,,,,,,,,,,,,,,,
D614244,239,A2DY9239SLH2,0,0,0,0,0,0,0.003692,0,0,0.12921,0,0,0,0.003692,0,0.003692,0,,D6142440,PXMG,07/05/2026 10:26:06 PM,BPD454,8M5CL,8M5CL,08/07/2026 11:01:15 AM,8M5CL,D1D,6,8353148,,,,,,,,,,,,,,,,,,
D614208,337,KJCJH337WFD2,0.003609,0,0,0,0.003609,0,0.003609,0,0,0.158803,0,0,0,0.007218,0.003609,0.04331,0.036092,,D6142080,PNCB,07/05/2026 5:25:14 AM,BPD458,8M5CL,8M5CL,07/05/2026 7:42:11 AM,8M5CL,D1D,1,8358514,,,,,,,,,,,,,,,,,,
D614208,424,KJCJF424WFG4,0,0,0,0,0,0.003584,0,0,0,0.107507,0,0,0,0,0.003584,0.003584,0,,D6142080,PNCB,07/05/2026 5:25:14 AM,BPD458,8M5CL,8M5CL,07/05/2026 7:42:22 AM,8M5CL,D1D,2,8358476,,,,,,,,,,,,,,,,,,
D615294,76,A2AZS076SLG5,0,0,0,0,0.003584,0.003584,0,0,0,0.225764,0,0,0,0.003584,0,0.003584,0.007167,,D6152940,PNCB,07/05/2026 11:26:08 PM,BPD446,8M5CL,8M5CL,07/06/2026 8:07:45 AM,8M5CL,D1D,1,8385575,,,,,,,,,,,,,,,,,,
D615294,77,A2BDY077SLA5,0,0,0,0,0.028873,0,0.007218,0,0,0.21294,0,0,0,0,0,0.014437,0.003609,,D6152940,PNCB,07/05/2026 11:26:08 PM,BPD446,8M5CL,8M5CL,07/06/2026 8:07:35 AM,8M5CL,D1D,2,8385612,,,,,,,,,,,,,,,,,,
D614270,32,MCLKC032WAA5,0,0,0,0,0.018296,0,0.007319,0,0,0.113437,0,0,0,0.007319,0,0.003659,0,,D6142700,PXMG,07/07/2026 3:50:08 PM,BPD458,8M5CL,8M5CL,08/07/2026 11:00:35 AM,8M5CL,D1D,1,8344656,,,,,,,,,,,,,,,,,,
D614270,40,MCLKC040WAE0,0,0,0,0,0,0.003659,0,0,0,0.29274,0,0,0,0,0,0.003659,0,0,D6142700,PXMG,07/07/2026 3:50:08 PM,BPD458,8M5CL,8M5CL,08/07/2026 11:00:46 AM,8M5CL,D1D,2,8344831,,,,,,,,,,,,,,,,,,
D614209,204,MCMUC204WAD5,0.014334,0,0,0,0,0,0,0,0,0.218597,0,0,0,0,0,0.003584,0,,D6142090,PNCB,07/11/2026 10:18:29 PM,BPD436,8M5CL,8M5CL,07/12/2026 8:31:54 AM,8M5CL,D1D,1,8360412,,,,,,,,,,,,,,,,,,
D614209,205,MCMUC205WAA4,0,0,0,0,0,0.003609,0,0,0,0.418662,0,0,0,0,0,0.014437,0,0,D6142090,PNCB,07/11/2026 10:18:29 PM,BPD436,8M5CL,8M5CL,07/12/2026 8:31:53 AM,8M5CL,D1D,2,8360423,,,,,,,,,,,,,,,,,,
D615272,322,KJ67K322WFA4,0.006979,0,0,0,0,0.003489,0,0,0,0.212847,0,0,0,0,0,0.003489,0.003489,,D6152720,PR8B,07/11/2026 9:39:51 PM,BPD436,8M5CL,8M5CL,07/12/2026 8:26:21 AM,8M5CL,D1D,1,8382741,,,,,,,,,,,,,,,,,,
D615272,332,KJ67K332WFF0,0.003489,0,0,0,0.003489,0,0,0,0,0.191911,0,0,0,0.010468,0,0.003489,0,,D6152720,PR8B,07/11/2026 9:39:51 PM,BPD436,8M5CL,8M5CL,07/12/2026 8:26:11 AM,8M5CL,D1D,2,8382617,,,,,,,,,,,,,,,,,,
D615272,336,KJ67K336WFH2,0,0,0,0,0,0,0,0,0,0.219825,0,0,0,0.010468,0.003489,0,0,,D6152720,PR8B,07/11/2026 9:39:51 PM,BPD436,8M5CL,8M5CL,07/12/2026 8:26:35 AM,8M5CL,D1D,3,8382600,,,,,,,,,,,,,,,,,,
D615272,340,KJ67K340WFB0,0,0,0,0,0,0.003489,0.006979,0,0,0.202379,0,0,0,0,0,0.006979,0,,D6152720,PR8B,07/11/2026 9:39:51 PM,BPD436,8M5CL,8M5CL,07/12/2026 8:26:28 AM,8M5CL,D1D,4,8382610,,,,,,,,,,,,,,,,,,
D614229,550,KJD9Y550WFE3,0,0,0,0,0.010978,0.003659,0,0,0,0.175644,0,0,0,0.003659,0,0.007319,0,,D6142290,PXMG,07/11/2026 5:20:14 PM,BPD454,8M5CL,8M5CL,08/07/2026 10:59:58 AM,8M5CL,D1D,1,8346733,,,,,,,,,,,,,,,,,,
D614229,551,KJD9Y551WFB2,0.003692,0,0,0,0.011075,0.003692,0,0,0,0.247346,0,0,0,0.007383,0,0.040609,0,,D6142290,PXMG,07/11/2026 5:20:14 PM,BPD454,8M5CL,8M5CL,08/07/2026 10:59:51 AM,8M5CL,D1D,2,8346678,,,,,,,,,,,,,,,,,,
D613642,60,A2EPZ060SLB0,0,0,0,0,0.010978,0.007319,0,0,0,0.131733,0,0,0,0.018296,0,0.021956,0,,D6136420,PXMG,07/14/2026 1:42:42 PM,BPD436,8M5CL,8M5CL,08/07/2026 11:00:22 AM,8M5CL,D1D,1,8309509,,,,,,,,,,,,,,,,,,
D613642,65,A2EPZ065SLA1,0,0,0,0,0.003692,0,0.011075,0,0,0.151361,0,0,0,0.02215,0,0.02215,0,,D6136420,PXMG,07/14/2026 1:42:42 PM,BPD436,8M5CL,8M5CL,08/07/2026 11:00:55 AM,8M5CL,D1D,2,8309478,,,,,,,,,,,,,,,,,,
D613642,72,A2EPZ072SLG5,0,0,0,0,0.007319,0,0,0,0,0.142711,0,0,0,0.003659,0,0.021956,0,,D6136420,PXMG,07/14/2026 1:42:42 PM,BPD436,8M5CL,8M5CL,08/07/2026 11:00:45 AM,8M5CL,D1D,3,8309494,,,,,,,,,,,,,,,,,,
D613642,75,A2EPZ075SLE5,0,0,0,0,0,0.003692,0.003692,0,0,0.125519,0,0,0,0,0,0,0,,D6136420,PXMG,07/14/2026 1:42:42 PM,BPD436,8M5CL,8M5CL,08/07/2026 11:00:32 AM,8M5CL,D1D,4,8309431,,,,,,,,,,,,,,,,,,
D613642,80,A2DD8080SLD5,0,0,0,0,0,0.003659,0,0,0,0.182963,0,0,0,0,0,0.018296,0,,D6136420,PXMG,07/14/2026 1:42:42 PM,BPD436,8M5CL,8M5CL,08/07/2026 11:00:37 AM,8M5CL,D1D,5,8309466,,,,,,,,,,,,,,,,,,
D613642,81,A2DD8081SLA4,0,0,0,0,0,0.003692,0.003692,0,0,0.110752,0,0,0,0.02215,0.003692,0.007383,0,,D6136420,PXMG,07/14/2026 1:42:42 PM,BPD436,8M5CL,8M5CL,08/07/2026 11:00:47 AM,8M5CL,D1D,6,8309353,,,,,,,,,,,,,,,,,,
D613642,127,A2CM6127SLA3,0,0,0,0,0.018643,0,0.011075,0,0,0.172773,0,0,0,0.01126,0.007568,0.014951,0.003692,0,D6136420,PXMG,07/14/2026 1:42:42 PM,BPD436,8M5CL,8M5CL,08/07/2026 11:00:14 AM,8M5CL,D1D,7,8309485,,,,,,,,,,,,,,,,,,
D613632,26,HJ6TM026JKB4,0,0,0,0,0,0.00677,0.003659,0,0,0.260356,0,0,0,0.003659,0.010978,0.010978,0,0,D6136320,PXMG,07/16/2026 6:10:02 PM,BPD454,8M5CL,8M5CL,08/07/2026 10:59:36 AM,8M5CL,D1D,1,8306819,,,,,,,,,,,,,,,,,,
D613632,27,HJ6TM027JKF6,0.007383,0,0,0,0.003692,0,0,0,0,0.188278,0,0,0,0.014767,0,0.011075,0.003692,,D6136320,PXMG,07/16/2026 6:10:02 PM,BPD454,8M5CL,8M5CL,08/07/2026 10:59:44 AM,8M5CL,D1D,2,8306728,,,,,,,,,,,,,,,,,,
D614185,617,KJD9Y617WFA4,0,0,0,0,0,0,0,0,0,0.477185,0,0,0,0,0,0.00723,0,,D6141850,PR8B,07/15/2026 4:03:54 AM,BPD458,8M5CL,8M5CL,07/15/2026 8:15:45 AM,8M5CL,D1D,1,8342911,,,,,,,,,,,,,,,,,,
D614185,631,KJD9Y631WFG1,0,0,0,0,0,0.00594,0,0,0,0.356375,0,0,0,0,0,0,0,,D6141850,PR8B,07/15/2026 4:03:54 AM,BPD458,8M5CL,8M5CL,07/15/2026 8:15:33 AM,8M5CL,D1D,2,8342918,,,,,,,,,,,,,,,,,,
D615341,733,HJ4EP733JKF7,0,0,0,0,0.007383,0.003692,0,0,0,0.143977,0,0,0,0.003692,0,0.003692,0,,D6153410,PXMG,07/12/2026 5:01:51 AM,BPD436,8M5CL,8M5CL,08/07/2026 10:59:53 AM,8M5CL,D1D,1,8405809,,,,,,,,,,,,,,,,,,
D615341,734,HJ4EP734JKC6,0,0,0,0,0.003659,0.014637,0.003659,0,0,0.354947,0,0,0,0.025615,0.018296,0.010978,0,0,D6153410,PXMG,07/12/2026 5:01:51 AM,BPD436,8M5CL,8M5CL,08/07/2026 10:59:58 AM,8M5CL,D1D,2,8405780,,,,,,,,,,,,,,,,,,
D615337,17,KJD9W017WFF0,0,0,0,0,0.007383,0.003692,0,0,0,0.162436,0,0,0,0.003692,0.003692,0.011075,0,,D6153370,PXMG,07/18/2026 11:05:37 AM,BPD454,8M5CL,8M5CL,08/07/2026 10:59:37 AM,8M5CL,D1D,1,8405841,,,,,,,,,,,,,,,,,,
D615337,19,KJD9W019WFG1,0,0,0,0,0.007383,0.007383,0.003692,0,0,0.284263,0,0,0,0.003692,0,0.029534,0,0,D6153370,PXMG,07/18/2026 11:05:37 AM,BPD454,8M5CL,8M5CL,08/07/2026 10:59:31 AM,8M5CL,D1D,2,8405739,,,,,,,,,,,,,,,,,,
D614177,18,MCLXR018WAC6,0,0,0,0,0,0,0.008524,0,0,0.477372,0,0,0,0.017049,0,0.008524,0,,D6141770,PR8B,07/19/2026 11:24:57 AM,BPD446,8M5CL,8M5CL,07/20/2026 8:08:46 AM,8M5CL,D1D,1,8341810,,,,,,,,,,,,,,,,,,
D614177,32,MCLXR032WAB0,0,0,0,0,0.011487,0.011487,0.005743,0,0,0.298651,0,0.005743,0,0,0,0,0,,D6141770,PR8B,07/19/2026 11:24:57 AM,BPD446,8M5CL,8M5CL,07/20/2026 8:08:33 AM,8M5CL,D1D,2,8341808,,,,,,,,,,,,,,,,,,
D614177,33,MCLXR033WAF2,0,0,0,0,0,0.003247,0.003247,0,0,0.220809,0,0,0,0,0,0.009742,0,,D6141770AF,PR8B,07/19/2026 1:06:31 PM,BPD446,8M5CL,8M5CL,07/20/2026 8:08:35 AM,8M5CL,D1D,1,8979080,,,,,,,,,,,,,,,,,,
D614177,38,MCLXR038WAE3,0,0,0,0,0,0.003854,0,0,0,0.231256,0,0,0,0.003854,0,0,0,,D6141770AF,PR8B,07/19/2026 1:06:31 PM,BPD446,8M5CL,8M5CL,07/20/2026 8:09:00 AM,8M5CL,D1D,2,8979132,,,,,,,,,,,,,,,,,,
D614177,60,MCLXR060WAG0,0,0,0,0,0,0.006067,0,0,0,0.364027,0,0,0,0.006067,0.006067,0.006067,0,,D6141770AF,PR8B,07/19/2026 1:06:31 PM,BPD446,8M5CL,8M5CL,07/20/2026 8:08:45 AM,8M5CL,D1D,3,8979113,,,,,,,,,,,,,,,,,,
D614177,62,MCLXR062WAH1,0,0,0,0,0,0.00593,0,0,0,0.337982,0,0,0,0,0,0,0,,D6141770AF,PR8B,07/19/2026 1:06:31 PM,BPD446,8M5CL,8M5CL,07/20/2026 8:09:06 AM,8M5CL,D1D,4,8979112,,,,,,,,,,,,,,,,,,
D615291,8,MCLKC008WAF2,0,0,0,0,0,0,0.003584,0,0,0.186345,0,0,0,0,0,0.014334,0,,D6152910,PNCB,07/19/2026 8:00:29 PM,BPD436,8M5CL,8M5CL,07/20/2026 8:18:53 AM,8M5CL,D1D,1,8385607,,,,,,,,,,,,,,,,,,
D615291,9,MCLKC009WAC1,0,0,0,0,0.003609,0,0,0,0,0.230986,0,0,0,0.003609,0,0.014437,0,,D6152910,PNCB,07/19/2026 8:00:29 PM,BPD436,8M5CL,8M5CL,07/20/2026 8:18:26 AM,8M5CL,D1D,2,8385591,,,,,,,,,,,,,,,,,,
D615291,35,MCLKC035WAG0,0,0,0,0,0.036092,0.003609,0.003609,0,0,0.220159,0,0,0,0,0,0,0,,D6152910,PNCB,07/19/2026 8:00:29 PM,BPD436,8M5CL,8M5CL,07/20/2026 8:19:15 AM,8M5CL,D1D,3,8385664,,,,,,,,,,,,,,,,,,
D615291,75,MCLKC075WAB7,0,0,0,0,0.007218,0,0,0,0,0.21294,0,0,0,0.014437,0,0.010827,0,,D6152910,PNCB,07/19/2026 8:00:29 PM,BPD436,8M5CL,8M5CL,07/20/2026 8:18:14 AM,8M5CL,D1D,4,8385717,,,,,,,,,,,,,,,,,,
D615291,118,MCLKC118WAB4,0,0,0,0,0.010751,0.003584,0.010751,0,0,0.193512,0,0,0,0,0,0.010751,0,,D6152910,PNCB,07/19/2026 8:00:29 PM,BPD436,8M5CL,8M5CL,07/20/2026 8:19:00 AM,8M5CL,D1D,5,8385728,,,,,,,,,,,,,,,,,,
D615291,128,MCLKC128WAG0,0,0,0,0,0,0,0.007167,0,0,0.182762,0,0,0,0.007167,0.003584,0.017918,0.007167,,D6152910,PNCB,07/19/2026 8:00:29 PM,BPD436,8M5CL,8M5CL,07/20/2026 8:18:04 AM,8M5CL,D1D,6,8385586,,,,,,,,,,,,,,,,,,
D614176,28,A2DST028SLH1,0,0,0,0,0,0.010468,0,0,0,0.209358,0,0,0,0.010468,0,0.013957,0,,D6141760,PR8B,07/29/2026 9:31:10 PM,BPD458,8M5CL,8M5CL,07/30/2026 8:15:49 AM,8M5CL,D1D,1,8340151,,,,,,,,,,,,,,,,,,
D614176,29,A2DST029SLE0,0,0,0,0,0,0.003247,0.003247,0,0,0.181842,0,0,0,0.003247,0,0,0.006494,,D6141760,PR8B,07/29/2026 9:31:10 PM,BPD458,8M5CL,8M5CL,07/30/2026 8:15:55 AM,8M5CL,D1D,2,8340083,,,,,,,,,,,,,,,,,,
D615293,10,A2BDS010SLA5,0,0,0,0,0,0.003817,0,0,0,0.383207,0,0,0,0,0.007167,0,0,0,D6152930,PNCB,08/03/2026 3:45:07 PM,BPD446,8M5CL,8M5CL,08/04/2026 7:29:57 AM,8M5CL,D1D,1,8385537,,,,,,,,,,,,,,,,,,
D615293,15,A2BDS015SLH1,0,0,0,0,0.003609,0,0.010827,0,0,0.238204,0.003609,0,0,0.007218,0,0.018046,0.003609,,D6152930,PNCB,08/03/2026 3:45:07 PM,BPD446,8M5CL,8M5CL,08/04/2026 7:29:51 AM,8M5CL,D1D,2,8385545,,,,,,,,,,,,,,,,,,
D614EAG,278,5DXAZ278MVD1,0,0,0,0,0,0,0,0,0,0.311098,0,0,0,0,0,0,0,,D614EAG0,X78E,08/22/2026 7:46:28 AM,BPD458,8M5CL,8M5CL,08/22/2026 7:09:49 PM,8M5CL,D1D,1,8373126,,,,,,,,,,,,,,,,,,
D614EAG,312,5DXAZ312MVB3,0,0,0,0,0,0,0.005273,0,0,0.363826,0,0,0,0,0,0,0,0,D614EAG0,X78E,08/22/2026 7:46:28 AM,BPD458,8M5CL,8M5CL,08/22/2026 7:09:34 PM,8M5CL,D1D,2,8372977,,,,,,,,,,,,,,,,,,
D614EAG,331,5DXAZ331MVG1,0,0,0,0,0,0.005289,0,0,0,0.364952,0,0,0,0,0,0,0,0,D614EAG0,X78E,08/22/2026 7:46:28 AM,BPD458,8M5CL,8M5CL,08/22/2026 7:09:36 PM,8M5CL,D1D,3,8373135,,,,,,,,,,,,,,,,,,
D614EAG,338,5DXAZ338MVG3,0,0,0,0,0,0.00539,0.01078,0,0,0.421359,0,0,0,0.00539,0,0,0,0,D614EAG0,X78E,08/22/2026 7:46:28 AM,BPD458,8M5CL,8M5CL,08/22/2026 7:09:42 PM,8M5CL,D1D,4,8373031,,,,,,,,,,,,,,,,,,
D609195,248,KJ7HD248WFF0,0,0,0,0,0.003659,0.007319,0.010978,0,0,0.139052,0,0,0,0.007319,0,0.018296,0.007319,,D6091950,PXMG,05/11/2026 1:55:57 PM,BPD444,8M5CL,8M5CL,07/20/2026 1:40:02 PM,8M5CL,D1D,1,8161528,,,,,,,,,,,,,,,,,,
D609195,264,KJ7HW264WFE1,0,0,0,0,0.007319,0,0.003659,0,0,0.259807,0,0.003659,0,0.018296,0,0.010978,0,0,D6091950,PXMG,05/11/2026 1:55:57 PM,BPD444,8M5CL,8M5CL,07/20/2026 2:12:50 PM,8M5CL,D1D,2,8161434,,,,,,,,,,,,,,,,,,
D609162,158,5DXEF158MVG7,0,0,0,0,0.010978,0,0.003659,0,0,0.3372,0,0,0,0.003659,0,0.028725,0.007319,0,D6091620,PXMG,05/18/2026 7:29:08 PM,BPD436,8M5CL,8M5CL,07/15/2026 10:17:31 PM,8M5CL,D1D,1,8155138,,,,,,,,,,,,,,,,,,
D609162,162,5DXEF162MVA5,0.003659,0,0,0,0.014637,0.007319,0.007319,0,0,0.332992,0,0,0,0.007319,0,0.007319,0.018296,0,D6091620,PXMG,05/18/2026 7:29:08 PM,BPD436,8M5CL,8M5CL,07/24/2026 2:45:49 AM,8M5CL,D1D,2,8155059,,,,,,,,,,,,,,,,,,
D609200,525,GU2MA525JKE7,0,0,0,0,0,0.003247,0,0,0,0.250033,0,0,0,0.003247,0,0,0,,D6092000,PR8B,05/18/2026 6:31:28 PM,BPD436,8M5CL,8M5CL,08/08/2026 8:12:23 PM,8M5CL,D1D,1,8164162,,,,,,,,,,,,,,,,,,
D609200,531,GU2MA531JKH1,0,0,0,0,0.003247,0.006494,0.003247,0,0,0.246786,0,0,0,0.003247,0,0,0,,D6092000,PR8B,05/18/2026 6:31:28 PM,BPD436,8M5CL,8M5CL,08/08/2026 7:25:17 PM,8M5CL,D1D,2,8164026,,,,,,,,,,,,,,,,,,
D609176,356,MCLXN356WAA6,0,0,0,0,0.007319,0.003659,0,0,0,0.113437,0,0,0,0.007319,0,0.003659,0,,D6091760,PXMG,05/23/2026 12:50:13 AM,BPD454,8M5CL,8M5CL,08/01/2026 1:37:27 PM,8M5CL,D1D,1,8156266,,,,,,,,,,,,,,,,,,
D609176,359,MCLXN359WAG1,0,0,0,0,0.018459,0,0.003692,0,0,0.184586,0,0,0,0,0,0.014767,0,,D6091760,PXMG,05/23/2026 12:50:13 AM,BPD454,8M5CL,8M5CL,08/01/2026 12:27:37 PM,8M5CL,D1D,2,8156273,,,,,,,,,,,,,,,,,,
D610242,635,KJAAB635WFD3,0,0,0,0,0,0.003692,0,0,0,0.287955,0,0,0,0,0,0.003692,0,0,D6102420,PXMG,05/23/2026 12:33:04 AM,BPD436,8M5CL,8M5CL,07/26/2026 2:58:27 AM,8M5CL,D1D,1,8198905,,,,,,,,,,,,,,,,,,
D610242,668,KJAAB668WFA1,0,0,0,0,0,0,0.007319,0,0,0.34031,0,0,0,0,0,0.003659,0,0,D6102420,PXMG,05/23/2026 12:33:04 AM,BPD436,8M5CL,8M5CL,07/26/2026 2:50:29 PM,8M5CL,D1D,2,8198862,,,,,,,,,,,,,,,,,,
D609172,277,KJ7HD277WFG7,0.011075,0,0,0,0.007383,0.011075,0,0.003692,0,0.217812,0,0,0,0.007383,0.003692,0.029534,0,,D6091720,PXMG,05/22/2026 9:11:47 PM,BPD446,8M5CL,8M5CL,07/25/2026 2:49:27 PM,8M5CL,D1D,1,8156287,,,,,,,,,,,,,,,,,,
D609172,278,KJ7HD278WFD6,0,0,0,0,0.014637,0,0.003659,0,0,0.358607,0,0,0,0.003659,0,0.003659,0,0,D6091720,PXMG,05/22/2026 9:11:47 PM,BPD446,8M5CL,8M5CL,07/26/2026 3:51:37 AM,8M5CL,D1D,2,8156220,,,,,,,,,,,,,,,,,,
D609178,1,GU1AG001JKG5,0.003692,0,0,0,0.062759,0,0.007383,0,0,0.177203,0,0,0,0.007383,0,0.044301,0,,D6091780,PXMG,05/27/2026 8:44:48 AM,BPD436,8M5CL,8M5CL,08/13/2026 3:42:22 PM,8M5CL,D1D,1,8158956,,,,,,,,,,,,,,,,,,
D609178,2,GU1AG002JKD4,0,0,0,0,0,0,0.003659,0,0,0.179303,0,0,0,0.003659,0,0.007319,0.003659,,D6091780,PXMG,05/27/2026 8:44:48 AM,BPD436,8M5CL,8M5CL,08/13/2026 3:17:06 PM,8M5CL,D1D,2,8158921,,,,,,,,,,,,,,,,,,
D609184,248,KJ9HE248WFB6,0,0,0,0,0.012154,0.008103,0,0,0,0.164797,0,0,0,0,0,0.016205,0,0,D6091840,PXMG,05/27/2026 12:21:50 PM,BPD454,8M5CL,8M5CL,08/15/2026 7:45:54 AM,8M5CL,D1D,1,8158864,,,,,,,,,,,,,,,,,,
D609184,253,KJ9HE253WFH1,0.003692,0,0,0,0,0,0,0,0,0.10706,0,0,0,0,0.003692,0.003692,0.033226,,D6091840,PXMG,05/27/2026 12:21:50 PM,BPD454,8M5CL,8M5CL,08/14/2026 12:44:05 AM,8M5CL,D1D,2,8158840,,,,,,,,,,,,,,,,,,
D609168,729,GU1PU729JKF2,0,0,0,0,0.007383,0.006645,0,0,0,0.267281,0,0,0,0.010337,0,0.011075,0,0,D6091680,PXMG,05/26/2026 3:00:08 AM,BPD436,8M5CL,8M5CL,08/02/2026 2:52:37 PM,8M5CL,D1D,1,8155448,,,,,,,,,,,,,,,,,,
D609168,730,GU1PU730JKB0,0.003659,0,0,0,0.007319,0.003659,0.025615,0,0,0.289081,0,0,0,0.018296,0,0,0,0,D6091680,PXMG,05/26/2026 3:00:08 AM,BPD436,8M5CL,8M5CL,05/26/2026 8:20:51 AM,8M5CL,D1D,2,8155258,,,,,,,,,,,,,,,,,,
D609170,130,A29G5130SLE3,0,0,0,0,0.040252,0,0.014637,0,0,0.14637,0,0,0,0.007319,0,0.003659,0,,D6091700,PXMG,05/28/2026 6:25:21 AM,BPD454,8M5CL,8M5CL,08/10/2026 4:15:49 AM,8M5CL,D1D,1,8156251,,,,,,,,,,,,,,,,,,
D609170,135,A29G5135SLD4,0.003692,0,0,0,0,0.003692,0.003692,0,0,0.21412,0,0,0,0,0,0.003692,0,0,D6091700,PXMG,05/28/2026 6:25:21 AM,BPD454,8M5CL,8M5CL,08/12/2026 12:55:16 PM,8M5CL,D1D,2,8156134,,,,,,,,,,,,,,,,,,
D609180,55,A2AQR055SLC7,0,0,0,0,0,0,0,0,0,0.269496,0,0,0,0.007383,0,0.007383,0,0,D6091800,PXMG,05/25/2026 2:17:12 PM,BPD436,8M5CL,8M5CL,07/31/2026 11:51:13 PM,8M5CL,D1D,1,8158651,,,,,,,,,,,,,,,,,,
D609180,58,A2AQR058SLA7,0,0,0,0,0,0.003659,0.003659,0,0,0.285422,0,0,0,0,0,0.003659,0,0,D6091800,PXMG,05/25/2026 2:17:12 PM,BPD436,8M5CL,8M5CL,08/02/2026 10:25:27 PM,8M5CL,D1D,2,8158703,,,,,,,,,,,,,,,,,,
D609189,229,A2BJ8229SLF2,0,0.003692,0,0,0.011075,0.007383,0,0,0,0.21412,0,0,0,0.003692,0.003692,0.02215,0.003692,,D6091890,PXMG,05/25/2026 1:41:06 PM,BPD436,8M5CL,8M5CL,07/21/2026 11:11:58 AM,8M5CL,D1D,1,8161294,,,,,,,,,,,,,,,,,,
D609189,277,A2ASU277SLD5,0,0,0,0,0,0,0.003692,0,0,0.195661,0,0.003692,0,0,0,0.014767,0,,D6091890,PXMG,05/25/2026 1:41:06 PM,BPD436,8M5CL,8M5CL,07/20/2026 1:42:02 PM,8M5CL,D1D,2,8161349,,,,,,,,,,,,,,,,,,
D610243,886,GU4ZC886JKD2,0,0,0,0,0.007319,0.003659,0,0,0,0.223214,0,0,0,0,0,0.003659,0,0,D6102430,PXMG,05/26/2026 1:25:40 AM,BPD436,8M5CL,8M5CL,08/15/2026 2:53:12 PM,8M5CL,D1D,1,8201623,,,,,,,,,,,,,,,,,,
D610243,892,GU4ZC892JKF4,0,0,0,0,0.012807,0,0.003659,0,0,0.1482,0,0,0,0,0,0.014637,0,0,D6102430,PXMG,05/26/2026 1:25:40 AM,BPD436,8M5CL,8M5CL,08/15/2026 2:41:30 PM,8M5CL,D1D,2,8201685,,,,,,,,,,,,,,,,,,
D609187,554,MCLKD554WAG6,0.007319,0,0,0,0,0.003659,0.003659,0,0,0.175644,0,0,0,0.007319,0,0.010978,0.007319,,D6091870,PXMG,05/30/2026 10:20:23 PM,BPD458,8M5CL,8M5CL,07/24/2026 1:58:04 AM,8M5CL,D1D,1,8161287,,,,,,,,,,,,,,,,,,
D609187,573,MCLKD573WAE1,0.003692,0,0,0,0,0,0.003692,0,0,0.177203,0,0,0,0.003692,0,0.003692,0,,D6091870,PXMG,05/30/2026 10:20:23 PM,BPD458,8M5CL,8M5CL,07/24/2026 5:40:37 AM,8M5CL,D1D,2,8161405,,,,,,,,,,,,,,,,,,
D610247,17,A2BS5017SLF1,0.003692,0,0,0,0.003692,0.007383,0.003692,0,0,0.162436,0,0.003692,0,0.007383,0,0,0.003692,,D6102470,PXMG,05/30/2026 5:41:21 AM,BPD436,8M5CL,8M5CL,07/19/2026 4:22:49 AM,8M5CL,D1D,1,8201479,,,,,,,,,,,,,,,,,,
D610247,18,A2BS5018SLC0,0,0,0,0,0.003659,0,0.010978,0,0.003659,0.19394,0,0,0,0,0,0.003659,0.003659,,D6102470,PXMG,05/30/2026 5:41:21 AM,BPD436,8M5CL,8M5CL,07/19/2026 5:44:08 AM,8M5CL,D1D,2,8201472,,,,,,,,,,,,,,,,,,
D610225,695,GU4ZC695JKF2,0,0,0,0,0.007383,0,0,0,0,0.12921,0,0,0,0.003692,0,0.007383,0.003692,,D6102250,PXMG,05/29/2026 10:55:13 PM,BPD458,8M5CL,8M5CL,07/31/2026 4:30:06 PM,8M5CL,D1D,1,8191019,,,,,,,,,,,,,,,,,,
D610225,696,GU4ZC696JKC1,0,0,0,0,0.003659,0.007319,0.003659,0,0,0.190281,0,0,0,0.007319,0.003659,0.010978,0,,D6102250,PXMG,05/29/2026 10:55:13 PM,BPD458,8M5CL,8M5CL,08/01/2026 9:39:50 PM,8M5CL,D1D,2,8191182,,,,,,,,,,,,,,,,,,
D610225,697,GU4ZC697JKG3,0,0,0,0,0.007383,0,0,0,0,0.273188,0,0,0,0.003692,0,0.007383,0,0,D6102250,PXMG,05/29/2026 10:55:13 PM,BPD458,8M5CL,8M5CL,08/01/2026 9:29:11 PM,8M5CL,D1D,3,8190921,,,,,,,,,,,,,,,,,,
D610225,698,GU4ZC698JKD2,0,0,0,0,0.003659,0,0,0,0.003659,0.351288,0,0,0,0,0,0.003659,0,0,D6102250,PXMG,05/29/2026 10:55:13 PM,BPD458,8M5CL,8M5CL,08/01/2026 8:59:42 AM,8M5CL,D1D,4,8191113,,,,,,,,,,,,,,,,,,
D610226,865,GU4ZC865JKE6,0,0,0,0,0,0,0.007383,0,0,0.217812,0,0,0,0.003692,0,0.007383,0,0,D6102260,PXMG,05/30/2026 6:21:36 AM,BPD436,8M5CL,8M5CL,08/14/2026 11:57:20 AM,8M5CL,D1D,1,8191140,,,,,,,,,,,,,,,,,,
D610226,866,GU4ZC866JKB5,0,0,0,0,0,0,0,0,0,0.204918,0,0,0,0.007319,0,0.003659,0,,D6102260,PXMG,05/30/2026 6:21:36 AM,BPD436,8M5CL,8M5CL,08/14/2026 11:15:07 AM,8M5CL,D1D,2,8191154,,,,,,,,,,,,,,,,,,
D610238,5,MCLXT005WAB0,0,0,0,0,0.003692,0.003692,0,0,0,0.291646,0,0,0,0.007383,0,0.007383,0,0,D6102380,PXMG,05/29/2026 7:53:06 AM,BPD446,8M5CL,8M5CL,08/12/2026 10:39:41 AM,8M5CL,D1D,1,8198579,,,,,,,,,,,,,,,,,,
D610238,15,MCLXT015WAF4,0,0,0,0,0.003692,0.003692,0,0,0,0.199353,0,0,0,0,0,0.007383,0,,D6102380,PXMG,05/29/2026 7:53:06 AM,BPD446,8M5CL,8M5CL,08/12/2026 7:39:45 PM,8M5CL,D1D,2,8198497,,,,,,,,,,,,,,,,,,
D610233,11,MCLXT011WAD2,0,0,0,0,0.003692,0,0,0,0,0.199353,0,0.003692,0,0,0,0.003692,0,,D6102330,PXMG,05/29/2026 7:14:24 AM,BPD446,8M5CL,8M5CL,06/01/2026 8:56:00 AM,8M5CL,D1D,1,8198751,,,,,,,,,,,,,,,,,,
D610233,20,MCLXT020WAD4,0,0,0,0,0,0,0,0,0,0.186622,0,0,0,0,0,0.003659,0,,D6102330,PXMG,05/29/2026 7:14:24 AM,BPD446,8M5CL,8M5CL,06/01/2026 8:47:14 AM,8M5CL,D1D,2,8198556,,,,,,,,,,,,,,,,,,
D610233,31,MCLXT031WAE7,0.007383,0,0,0,0,0.003692,0,0,0,0.177203,0,0,0,0.011075,0,0.003692,0.040609,,D6102330,PXMG,05/29/2026 7:14:24 AM,BPD446,8M5CL,8M5CL,06/01/2026 8:55:54 AM,8M5CL,D1D,3,8198649,,,,,,,,,,,,,,,,,,
D610233,55,MCLXT055WAB3,0.003692,0,0,0,0,0.003692,0.007383,0,0,0.217812,0,0,0,0,0,0.003692,0,,D6102330,PXMG,05/29/2026 7:14:24 AM,BPD446,8M5CL,8M5CL,06/01/2026 8:47:30 AM,8M5CL,D1D,4,8198533,,,,,,,,,,,,,,,,,,
D610266,306,KJAYT306WFB6,0,0,0,0,0,0,0,0,0,0.351288,0,0,0,0,0,0.014637,0.003659,0,D6102660,PXMG,06/02/2026 6:30:09 AM,BPD446,8M5CL,8M5CL,08/07/2026 11:03:55 AM,8M5CL,D1D,1,8206995,,,,,,,,,,,,,,,,,,
D610266,579,KJAYU579WFA3,0,0,0,0,0.007383,0.009968,0.011075,0,0,0.55339,0,0,0,0.023442,0,0.065344,0.012367,0,D6102660,PXMG,06/02/2026 6:30:09 AM,BPD446,8M5CL,8M5CL,08/07/2026 11:04:04 AM,8M5CL,D1D,2,8206925,,,,,,,,,,,,,,,,,,
D610266,580,KJAYU580WFD4,0,0,0,0,0.003659,0.007319,0,0,0,0.186622,0,0,0,0,0,0.007319,0.003659,,D6102660,PXMG,06/02/2026 4:41:59 PM,BPD436,8M5CL,8M5CL,08/07/2026 11:03:50 AM,8M5CL,D1D,3,8206928,,,,,,,,,,,,,,,,,,
D610266,582,KJAYU582WFE5,0,0,0,0,0.003659,0,0.003659,0,0,0.307377,0,0,0,0.003659,0,0.007319,0,,D6102660,PXMG,06/02/2026 4:41:59 PM,BPD436,8M5CL,8M5CL,08/07/2026 11:04:08 AM,8M5CL,D1D,4,8206998,,,,,,,,,,,,,,,,,,
D611334,282,KJAYT282WFG7,0,0,0,0,0.019028,0.003659,0.007319,0,0,0.342506,0,0,0,0.014637,0,0.044643,0,0,D6113340,PXMG,06/04/2026 4:33:43 PM,BPD436,8M5CL,8M5CL,08/07/2026 11:03:51 AM,8M5CL,D1D,1,8233423,,,,,,,,,,,,,,,,,,
D611334,315,KJAYT315WFC0,0,0,0,0,0.007383,0,0.003692,0,0,0.217812,0,0.003692,0,0.003692,0,0,0,,D6113340,PXMG,06/04/2026 4:33:43 PM,BPD436,8M5CL,8M5CL,08/07/2026 11:03:37 AM,8M5CL,D1D,2,8233333,,,,,,,,,,,,,,,,,,
D611334,318,KJAYT318WFA0,0,0,0,0,0.003659,0.003659,0,0,0,0.329333,0,0,0,0,0,0.007319,0.003659,0,D6113340,PXMG,06/04/2026 4:33:43 PM,BPD436,8M5CL,8M5CL,08/07/2026 11:03:33 AM,8M5CL,D1D,3,8233340,,,,,,,,,,,,,,,,,,
D611334,329,KJAYT329WFB3,0,0,0,0,0,0.003692,0,0,0,0.188278,0,0,0,0,0,0.003692,0,,D6113340,PXMG,06/04/2026 4:33:43 PM,BPD436,8M5CL,8M5CL,08/07/2026 11:03:45 AM,8M5CL,D1D,4,8233443,,,,,,,,,,,,,,,,,,
D610215,109,KJ9HA109WFC1,0,0,0,0,0.010827,0.003609,0.003609,0,0.003609,0.252641,0,0,0,0.003609,0,0.010827,0.003609,,D6102150,PNCB,05/31/2026 6:24:59 AM,BPD446,8M5CL,8M5CL,07/28/2026 12:24:36 AM,8M5CL,D1D,1,8193331,,,,,,,,,,,,,,,,,,
D610215,176,KJ9HA176WFG1,0,0,0,0,0.003584,0,0.003584,0,0,0.207847,0,0,0,0.014334,0,0.007167,0.003584,,D6102150,PNCB,05/31/2026 6:24:59 AM,BPD446,8M5CL,8M5CL,07/27/2026 11:51:04 PM,8M5CL,D1D,2,8193145,,,,,,,,,,,,,,,,,,
D611331,2,KJAAE002WFF5,0,0,0,0,0,0,0,0,0,0.354947,0,0,0,0.003659,0.003659,0.003659,0,0,D6113310,PXMG,06/04/2026 7:50:50 AM,BPD436,8M5CL,8M5CL,08/12/2026 1:33:52 PM,8M5CL,D1D,1,8233347,,,,,,,,,,,,,,,,,,
D611331,17,KJAAE017WFB7,0,0,0,0,0.025842,0.007383,0.081956,0,0,0.298291,0,0,0,0.007383,0,0.003692,0,0,D6113310,PXMG,06/04/2026 7:50:50 AM,BPD436,8M5CL,8M5CL,08/12/2026 1:06:59 PM,8M5CL,D1D,2,8233407,,,,,,,,,,,,,,,,,,
D611331,20,KJAAE020WFG1,0.007319,0,0,0,0.007319,0,0,0,0,0.314696,0,0,0,0.003659,0,0,0,0,D6113310,PXMG,06/04/2026 7:50:50 AM,BPD436,8M5CL,8M5CL,08/12/2026 12:44:45 AM,8M5CL,D1D,3,8233239,,,,,,,,,,,,,,,,,,
D611331,21,KJAAE021WFD0,0,0,0,0,0.018459,0,0.011075,0,0,0.284263,0,0,0,0.003692,0,0.025842,0.003692,,D6113310,PXMG,06/04/2026 7:50:50 AM,BPD436,8M5CL,8M5CL,08/13/2026 3:17:00 PM,8M5CL,D1D,4,8233371,,,,,,,,,,,,,,,,,,
D610234,73,GT9ZP073JKH0,0.007383,0,0,0,0.12921,0,0.010521,0,0,0.598613,0,0,0,0.003692,0.003692,0.011075,0,0,D6102340,PXMG,06/01/2026 1:13:48 AM,BPD436,8M5CL,8M5CL,08/15/2026 8:32:48 AM,8M5CL,D1D,1,8198760,,,,,,,,,,,,,,,,,,
D610234,74,GT9ZP074JKD7,0,0,0,0,0.021956,0,0,0,0,0.450088,0,0,0,0,0,0.003659,0,,D6102340,PXMG,06/01/2026 1:13:48 AM,BPD436,8M5CL,8M5CL,08/14/2026 6:52:30 PM,8M5CL,D1D,2,8198658,,,,,,,,,,,,,,,,,,
D610245,671,GU4ZC671JKB3,0,0,0,0,0,0,0,0,0,0.247346,0,0,0,0.003692,0,0.014767,0,0,D6102450,PXMG,06/05/2026 1:17:32 AM,BPD436,8M5CL,8M5CL,08/15/2026 2:04:00 PM,8M5CL,D1D,1,8201210,,,,,,,,,,,,,,,,,,
D610245,672,GU4ZC672JKF5,0,0,0,0,0.010978,0.003659,0.003659,0,0,0.252488,0,0,0,0.007319,0,0.007319,0,0,D6102450,PXMG,06/05/2026 1:17:32 AM,BPD436,8M5CL,8M5CL,08/15/2026 2:17:03 PM,8M5CL,D1D,2,8201177,,,,,,,,,,,,,,,,,,
D610245,674,GU4ZC674JKG6,0,0,0,0,0,0.003659,0.003659,0,0,0.201259,0,0,0,0.007319,0.003659,0.021956,0,,D6102450,PXMG,06/05/2026 1:17:32 AM,BPD436,8M5CL,8M5CL,08/15/2026 11:32:52 PM,8M5CL,D1D,3,8201333,,,,,,,,,,,,,,,,,,
D610245,675,GU4ZC675JKD5,0,0,0,0,0,0,0.003692,0,0,0.29903,0,0,0,0,0,0.007383,0,0,D6102450,PXMG,06/05/2026 1:17:32 AM,BPD436,8M5CL,8M5CL,08/15/2026 11:40:33 PM,8M5CL,D1D,4,8201411,,,,,,,,,,,,,,,,,,
D611325,77,A2BR6077SLA0,0,0,0,0,0.011075,0.003692,0.007383,0,0,0.10706,0,0,0,0,0,0,0.003692,,D6113250,PXMG,06/04/2026 8:42:07 AM,BPD458,8M5CL,8M5CL,08/07/2026 11:03:36 AM,8M5CL,D1D,1,8229498,,,,,,,,,,,,,,,,,,
D611325,78,A2BR6078SLE2,0,0,0,0,0.007319,0,0,0,0,0.223214,0,0,0,0.007319,0,0.018296,0.007319,0,D6113250,PXMG,06/04/2026 8:42:07 AM,BPD458,8M5CL,8M5CL,08/07/2026 11:03:24 AM,8M5CL,D1D,2,8229593,,,,,,,,,,,,,,,,,,
D609174,44,MCLPG044WAA5,0.003659,0,0,0,0.010978,0.007319,0.003659,0,0,0.274444,0.003659,0,0,0.003659,0,0.014637,0,0,D6091740,PXMG,06/03/2026 5:51:35 PM,BPD458,8M5CL,8M5CL,08/10/2026 3:35:10 AM,8M5CL,D1D,1,8156125,,,,,,,,,,,,,,,,,,
D609174,51,MCLPG051WAH1,0,0,0,0,0.003692,0,0,0,0,0.217812,0,0,0,0,0.003692,0.003692,0,0,D6091740,PXMG,06/03/2026 5:51:35 PM,BPD458,8M5CL,8M5CL,08/07/2026 11:03:49 AM,8M5CL,D1D,2,8156338,,,,,,,,,,,,,,,,,,
D609174,80,MCLPG080WAB5,0.003659,0,0,0,0.007319,0.009148,0,0,0,0.276273,0,0,0,0,0,0.003659,0.003659,0,D6091740,PXMG,06/03/2026 5:51:35 PM,BPD458,8M5CL,8M5CL,08/10/2026 2:21:04 AM,8M5CL,D1D,3,8156168,,,,,,,,,,,,,,,,,,
D609174,538,MCLKB538WAG5,0,0,0,0,0.003659,0,0,0,0,0.263466,0,0,0,0,0,0.003659,0,0,D6091740,PXMG,06/03/2026 5:51:35 PM,BPD458,8M5CL,8M5CL,08/12/2026 12:32:10 AM,8M5CL,D1D,4,8156211,,,,,,,,,,,,,,,,,,
D611305,419,GU1PT419JKD0,0,0,0,0,0.007218,0.003609,0.007218,0,0,0.327815,0,0,0,0.011446,0,0,0,0,D6113050,PNCB,06/03/2026 1:01:28 PM,BPD458,8M5CL,8M5CL,08/23/2026 9:52:33 PM,8M5CL,D1D,1,8243130,,,,,,,,,,,,,,,,,,
D611305,420,GU1PT420JKG1,0,0,0,0,0,0.003584,0,0,0,0.326104,0,0,0,0.003584,0,0.003584,0.003584,,D6113050,PNCB,06/03/2026 1:01:28 PM,BPD458,8M5CL,8M5CL,08/23/2026 7:59:06 PM,8M5CL,D1D,2,8243147,,,,,,,,,,,,,,,,,,
D610888,227,A2AL6227SLA1,0,0,0,0,0.006375,0.003188,0.006375,0,0,97.79265,0,0,0,0.006375,0.003188,0.006375,0.006375,0,D610888A,PD5B,06/01/2026 11:50:25 PM,BPD436,8M5CL,8M5CL,06/10/2026 12:13:51 PM,8M5CL,D1D,1,8389456,,,,,,,,,,,,,,,,,,
D610888,228,A2AL6228SLE3,0,0,0,0,0.006294,0.003147,0,0,0,82.49645,0,0,0,0.006294,0.006294,0.003147,0,0,D610888A,PD5B,06/01/2026 11:50:25 PM,BPD436,8M5CL,8M5CL,06/10/2026 12:14:20 PM,8M5CL,D1D,2,8389529,,,,,,,,,,,,,,,,,,
D610229,61,A29ZA061SLD3,0,0,0,0,0.014582,0.003692,0,0,0,0.358282,0,0,0,0,0,0,0,0,D6102290,PXMG,05/31/2026 1:56:22 AM,BPD446,8M5CL,8M5CL,08/03/2026 11:11:29 AM,8M5CL,D1D,1,8191021,,,,,,,,,,,,,,,,,,
D610229,69,A2BMH069SLD1,0,0,0,0,0.003692,0,0,0,0,0.305675,0,0,0,0,0.008122,0.003692,0.003692,0,D6102290,PXMG,05/31/2026 1:56:22 AM,BPD446,8M5CL,8M5CL,08/03/2026 10:43:56 AM,8M5CL,D1D,2,8190922,,,,,,,,,,,,,,,,,,
D611320,173,MCLPG173WAB5,0,0,0,0,0.003692,0.011075,0.007383,0,0,0.278172,0,0,0,0.003692,0,0.031933,0,0,D6113200,PXMG,05/31/2026 1:29:37 AM,BPD454,8M5CL,8M5CL,06/01/2026 9:06:31 AM,8M5CL,D1D,1,8229447,,,,,,,,,,,,,,,,,,
D611320,196,MCLPG196WAB2,0,0,0,0,0.003659,0.003659,0,0,0,0.241511,0,0,0,0.003659,0,0.003659,0,0,D6113200,PXMG,05/31/2026 1:29:37 AM,BPD454,8M5CL,8M5CL,06/01/2026 9:06:40 AM,8M5CL,D1D,2,8229409,,,,,,,,,,,,,,,,,,
D609164,532,5DXDW532MVB6,0,0,0,0,0.003659,0.003659,0,0,0,0.256148,0,0,0,0.003659,0,0.010978,0,0,D6091640,PXMG,05/31/2026 3:11:40 PM,BPD446,8M5CL,8M5CL,06/01/2026 9:22:42 AM,8M5CL,D1D,1,8155306,,,,,,,,,,,,,,,,,,
D609164,537,5DXDW537MVA7,0,0,0,0,0,0,0,0,0,0.232579,0,0,0,0,0,0,0,0,D6091640,PXMG,05/31/2026 3:11:40 PM,BPD446,8M5CL,8M5CL,06/01/2026 9:22:36 AM,8M5CL,D1D,2,8155276,,,,,,,,,,,,,,,,,,
D610254,370,KJAAC370WFD1,0.007319,0,0,0,0,0.003659,0,0,0,0.285239,0,0,0,0,0,0.007501,0,0,D6102540,PXMG,06/06/2026 6:45:22 PM,BPD436,8M5CL,8M5CL,08/07/2026 11:03:22 AM,8M5CL,D1D,1,8203438,,,,,,,,,,,,,,,,,,
D610254,422,KJAAC422WFD0,0.003659,0,0,0,0.007319,0.007319,0.003659,0,0,0.307377,0,0,0,0,0,0.021956,0,,D6102540,PXMG,06/06/2026 6:45:22 PM,BPD436,8M5CL,8M5CL,08/07/2026 11:03:27 AM,8M5CL,D1D,2,8203492,,,,,,,,,,,,,,,,,,
D610254,425,KJAAC425WFB0,0,0,0,0,0.007383,0.003692,0.003692,0,0,0.328564,0,0,0,0,0,0,0,0,D6102540,PXMG,06/06/2026 6:45:22 PM,BPD436,8M5CL,8M5CL,08/15/2026 8:22:50 AM,8M5CL,D1D,3,8203463,,,,,,,,,,,,,,,,,,
D610254,435,KJAAC435WFF4,0,0,0,0,0.007383,0.003692,0,0,0,0.310105,0,0,0,0.007383,0,0.014767,0,0,D6102540,PXMG,06/06/2026 6:45:22 PM,BPD436,8M5CL,8M5CL,08/07/2026 11:03:37 AM,8M5CL,D1D,4,8203553,,,,,,,,,,,,,,,,,,
D610257,439,MCLKB439WAE3,0,0,0,0,0,0,0,0,0,0.147669,0,0,0,0.003692,0,0.011075,0,,D6102570,PXMG,06/06/2026 1:43:18 PM,BPD454,8M5CL,8M5CL,08/07/2026 11:03:10 AM,8M5CL,D1D,1,8203336,,,,,,,,,,,,,,,,,,
D610257,446,MCLKB446WAD4,0,0,0,0,0,0,0,0,0,0.139052,0,0,0,0.003659,0,0.021956,0,,D6102570,PXMG,06/06/2026 1:43:18 PM,BPD454,8M5CL,8M5CL,08/13/2026 2:52:06 PM,8M5CL,D1D,2,8203288,,,,,,,,,,,,,,,,,,
D610259,336,KJ9HD336WFC2,0,0,0,0,0,0,0,0,0,0.267125,0,0,0,0,0,0.007319,0.007319,0,D6102590,PXMG,06/06/2026 9:04:33 AM,BPD446,8M5CL,8M5CL,08/15/2026 7:39:32 AM,8M5CL,D1D,1,8203379,,,,,,,,,,,,,,,,,,
D610259,337,KJ9HD337WFG4,0,0,0,0,0.007383,0,0,0,0,0.324872,0,0,0,0,0,0.007383,0,0,D6102590,PXMG,06/06/2026 9:04:33 AM,BPD446,8M5CL,8M5CL,08/15/2026 7:04:30 AM,8M5CL,D1D,2,8203493,,,,,,,,,,,,,,,,,,
D610259,340,KJ9HD340WFD3,0.003659,0,0,0,0.003659,0,0,0,0,0.392455,0,0,0,0.013722,0,0.003659,0.010978,0,D6102590H,PXMG,06/06/2026 8:29:07 AM,BPD446,8M5CL,8M5CL,08/13/2026 11:59:46 PM,8M5CL,D1D,1,8740428,,,,,,,,,,,,,,,,,,
D610259,344,KJ9HD344WFF5,0,0,0,0,0.003659,0.003659,0,0,0,0.256148,0,0,0,0.003659,0,0.003659,0.003659,0,D6102590H,PXMG,06/06/2026 8:29:07 AM,BPD446,8M5CL,8M5CL,08/15/2026 7:01:33 AM,8M5CL,D1D,2,8740443,,,,,,,,,,,,,,,,,,
D610259,346,KJ9HD346WFG6,0,0,0.003659,0,0,0.003659,0,0,0,0.329333,0,0,0,0.003659,0,0.007319,0,0,D6102590H,PXMG,06/06/2026 8:29:07 AM,BPD446,8M5CL,8M5CL,08/14/2026 12:12:54 AM,8M5CL,D1D,3,8740396,,,,,,,,,,,,,,,,,,
D610259,361,KJ9HD361WFB7,0,0,0,0,0.007753,0,0,0,0,0.342961,0,0,0,0.007383,0,0.003692,0.044301,0,D6102590H,PXMG,06/06/2026 8:29:07 AM,BPD446,8M5CL,8M5CL,08/14/2026 12:05:28 AM,8M5CL,D1D,4,8740362,,,,,,,,,,,,,,,,,,
D610882,623,5DXKH623MVB2,0,0,0,0,0,0.069296,0,0,0,37.6102,0,0.003188,0,0,0,0.003188,0,0,D6108820,PD5B,06/12/2026 3:39:03 PM,BPD446,8M5CL,8M5CL,06/17/2026 10:14:32 AM,8M5CL,D1D,1,8191316,,,,,,,,,,,,,,,,,,
D610882,628,5DXKH628MVA3,0,0,0,0,0.003147,0,0.003147,0,0,48.36238,0,0,0,0.003147,0,0.006294,0,0,D6108820,PD5B,06/12/2026 3:39:03 PM,BPD446,8M5CL,8M5CL,06/17/2026 10:15:16 AM,8M5CL,D1D,2,8191469,,,,,,,,,,,,,,,,,,
D610871,40,MCLXT040WAF1,0,0,0,0,0.022983,0.012661,0.008629,0,0,1.040124,0,0,0,0.009193,0,0.022983,0,0,D6108710,PR8B,06/11/2026 1:52:54 PM,BPD458,8M5CL,8M5CL,08/23/2026 6:34:52 PM,8M5CL,D1D,1,8213309,,,,,,,,,,,,,,,,,,
D610871,45,MCLXT045WAE2,0,0,0,0,0,0,0.006494,0,0,0.18509,0,0,0,0,0,0.012989,0.003247,,D6108710,PR8B,06/11/2026 1:52:54 PM,BPD458,8M5CL,8M5CL,08/23/2026 7:20:39 PM,8M5CL,D1D,2,8213245,,,,,,,,,,,,,,,,,,
D610871,46,MCLXT046WAB1,0.013957,0,0,0,0.003489,0.006979,0,0,0,0.209358,0,0,0,0.006979,0,0,0.003489,,D6108710,PR8B,06/11/2026 1:52:54 PM,BPD458,8M5CL,8M5CL,08/22/2026 9:03:08 AM,8M5CL,D1D,3,8213297,,,,,,,,,,,,,,,,,,
D611330,338,KJAYR338WFA7,0,0,0,0,0.003713,0,0.003713,0,0,0.633802,0,0,0,0.013397,0,0.025994,0,0,D6113300,PXMG,06/10/2026 10:25:09 AM,BPD436,8M5CL,8M5CL,08/12/2026 6:29:08 PM,8M5CL,D1D,1,8233276,,,,,,,,,,,,,,,,,,
D611330,415,KJAYR415WFA3,0,0,0,0,0,0.026211,0.003692,0,0,0.575356,0,0,0,0,0,0.007568,0,0,D6113300,PXMG,06/10/2026 10:25:09 AM,BPD436,8M5CL,8M5CL,08/12/2026 9:32:47 AM,8M5CL,D1D,2,8233391,,,,,,,,,,,,,,,,,,
D611330,421,KJAYR421WFC5,0,0,0,0,0,0.007383,0,0,0,0.313797,0,0,0,0.003692,0,0.007383,0,,D6113300,PXMG,06/10/2026 10:25:09 AM,BPD436,8M5CL,8M5CL,08/12/2026 9:08:09 AM,8M5CL,D1D,3,8233291,,,,,,,,,,,,,,,,,,
D611330,444,KJAYR444WFC2,0,0,0,0,0.014637,0.00494,0,0,0,0.484119,0.003659,0,0,0.003659,0,0.008599,0,0,D6113300,PXMG,06/10/2026 10:25:09 AM,BPD436,8M5CL,8M5CL,08/12/2026 8:55:25 AM,8M5CL,D1D,4,8233377,,,,,,,,,,,,,,,,,,
D611330,447,KJAYR447WFA2,0,0,0,0,0.011075,0.027503,0.003692,0,0,0.556159,0,0,0,0.009045,0,0.012736,0,0,D6113300,PXMG,06/10/2026 10:25:09 AM,BPD436,8M5CL,8M5CL,08/12/2026 10:13:23 AM,8M5CL,D1D,5,8233373,,,,,,,,,,,,,,,,,,
D611330,449,KJAYR449WFB3,0,0,0,0,0,0.008122,0.003692,0,0,0.456297,0,0,0,0,0.003692,0.022889,0,0,D6113300,PXMG,06/10/2026 10:25:09 AM,BPD436,8M5CL,8M5CL,08/14/2026 11:21:32 AM,8M5CL,D1D,6,8233417,,,,,,,,,,,,,,,,,,
D611330,457,KJAYR457WFE6,0,0,0,0,0,0.013602,0.003755,0,0,0.592815,0,0,0,0.003755,0,0.017357,0,0,D6113300,PXMG,06/10/2026 10:25:09 AM,BPD436,8M5CL,8M5CL,08/14/2026 11:04:19 AM,8M5CL,D1D,7,8233280,,,,,,,,,,,,,,,,,,
D611330,477,KJAYR477WFG3,0,0,0,0,0,0.00886,0.003692,0,0,0.62464,0,0,0,0,0,0.034702,0,0,D6113300,PXMG,06/10/2026 10:25:09 AM,BPD436,8M5CL,8M5CL,08/12/2026 10:45:04 AM,8M5CL,D1D,8,8233396,,,,,,,,,,,,,,,,,,
D611330,478,KJAYR478WFD2,0.010978,0,0,0,0,0.003659,0,0,0,0.431792,0,0.003659,0,0,0,0.003659,0,0,D6113300,PXMG,06/10/2026 10:25:09 AM,BPD436,8M5CL,8M5CL,08/12/2026 10:57:25 AM,8M5CL,D1D,9,8233351,,,,,,,,,,,,,,,,,,
D611330,482,KJAYR482WFE3,0,0,0,0,0,0,0.003751,0,0,0.819396,0,0,0,0.003751,0.003751,0,0,0,D6113300,PXMG,06/10/2026 10:25:09 AM,BPD436,8M5CL,8M5CL,08/12/2026 9:13:56 AM,8M5CL,D1D,10,8233345,,,,,,,,,,,,,,,,,,
D611330,500,KJAYR500WFD2,0,0,0,0,0,0,0.003659,0,0,0.380562,0,0.003659,0,0,0,0.010978,0,,D6113300,PXMG,06/10/2026 10:25:09 AM,BPD436,8M5CL,8M5CL,08/14/2026 11:48:32 AM,8M5CL,D1D,11,8233336,,,,,,,,,,,,,,,,,,
D611330,507,KJAYR507WFD4,0.003692,0,0,0,0.007383,0.003692,0.003692,0,0,0.520533,0,0,0,0.014767,0.003692,0.003692,0,0,D6113300,PXMG,06/10/2026 10:25:09 AM,BPD436,8M5CL,8M5CL,08/14/2026 11:24:47 AM,8M5CL,D1D,12,8233419,,,,,,,,,,,,,,,,,,
D610255,102,KJA9Y102WFD0,0.053485,0,0,0,0.008522,0.008522,0.009725,0,0,0.251987,0,0,0,0.043761,0.019449,0.036492,0.043761,0,D6102550,PXMG,06/08/2026 7:56:59 AM,BPD436,8M5CL,8M5CL,08/13/2026 2:43:16 PM,8M5CL,D1D,1,8203435,,,,,,,,,,,,,,,,,,
D610255,166,KJA9Y166WFC6,0,0,0,0,0.003659,0,0.003659,0,0,0.267125,0,0,0,0.018296,0.003659,0.025615,0,,D6102550,PXMG,06/08/2026 7:56:59 AM,BPD436,8M5CL,8M5CL,08/13/2026 2:48:50 PM,8M5CL,D1D,2,8203391,,,,,,,,,,,,,,,,,,
D610255,206,KJA9Y206WFE3,0,0,0,0,0,0.003659,0,0,0,0.153689,0,0,0,0.003659,0,0.007319,0,,D6102550,PXMG,06/08/2026 10:24:59 PM,BPD454,8M5CL,8M5CL,08/13/2026 2:44:40 PM,8M5CL,D1D,3,8203416,,,,,,,,,,,,,,,,,,
D610255,218,KJA9Y218WFC5,0,0,0,0,0,0,0.022108,0,0,0.126854,0,0,0,0.008843,0.013265,0.008843,0.017686,0,D6102550,PXMG,06/08/2026 10:24:59 PM,BPD454,8M5CL,8M5CL,08/12/2026 2:49:18 PM,8M5CL,D1D,4,8203446,,,,,,,,,,,,,,,,,,
D610255,220,KJA9Y220WFC5,0.003659,0,0,0,0,0,0.014637,0,0,0.142711,0,0,0,0.018296,0,0.029274,0,,D6102550,PXMG,06/08/2026 10:24:59 PM,BPD454,8M5CL,8M5CL,08/13/2026 2:59:34 PM,8M5CL,D1D,5,8203504,,,,,,,,,,,,,,,,,,
D610255,170,KJA9Y170WFD7,0,0,0,0,0.003659,0.003659,0,0,0,0.186622,0,0,0,0,0,0.014637,0.003659,,D6102550S,PXMG,06/08/2026 10:38:38 AM,BPD454,8M5CL,8M5CL,08/07/2026 11:02:47 AM,8M5CL,D1D,1,8751570,,,,,,,,,,,,,,,,,,
D610255,172,KJA9Y172WFF0,0,0,0,0,0.007319,0.003659,0.010978,0,0,0.186622,0,0,0,0,0,0.003659,0,,D6102550S,PXMG,06/08/2026 10:38:38 AM,BPD454,8M5CL,8M5CL,08/13/2026 2:35:28 PM,8M5CL,D1D,2,8751565,,,,,,,,,,,,,,,,,,
D610255,174,KJA9Y174WFG1,0,0,0,0,0.003659,0,0.014637,0,0,0.219555,0,0,0,0,0.003659,0.010978,0,,D6102550S,PXMG,06/08/2026 10:38:38 AM,BPD454,8M5CL,8M5CL,08/13/2026 2:50:03 PM,8M5CL,D1D,3,8751530,,,,,,,,,,,,,,,,,,
D610255,177,KJA9Y177WFE1,0.003692,0,0,0,0.003692,0.007383,0.007383,0,0,0.210428,0,0,0,0.033226,0,0.02215,0,,D6102550S,PXMG,06/08/2026 10:38:38 AM,BPD454,8M5CL,8M5CL,08/12/2026 3:44:45 PM,8M5CL,D1D,4,8751563,,,,,,,,,,,,,,,,,,
D611324,265,GU1PT265JKC7,0.007383,0,0,0,0,0.013475,0,0,0,0.497276,0,0.006091,0,0.018459,0,0.02215,0.011075,0,D6113240,PXMG,06/07/2026 11:42:41 PM,BPD436,8M5CL,8M5CL,08/07/2026 11:02:41 AM,8M5CL,D1D,1,8229455,,,,,,,,,,,,,,,,,,
D611324,266,GU1PT266JKH1,0,0,0,0,0.003659,0.021956,0.007319,0,0,0.453747,0,0,0,0.029274,0,0.010978,0,0,D6113240,PXMG,06/07/2026 11:42:41 PM,BPD436,8M5CL,8M5CL,08/07/2026 11:02:47 AM,8M5CL,D1D,2,8229544,,,,,,,,,,,,,,,,,,
D611327,93,A29TR093SLG3,0,0,0,0,0.003692,0,0,0,0,0.247346,0,0,0,0,0,0.011075,0,0,D6113270,PXMG,06/08/2026 4:11:19 AM,BPD446,8M5CL,8M5CL,08/10/2026 3:44:22 AM,8M5CL,D1D,1,8229624,,,,,,,,,,,,,,,,,,
D611327,98,A29TR098SLF4,0,0,0,0,0,0.007319,0,0,0,0.204918,0,0.003659,0,0.003659,0,0.007319,0,,D6113270,PXMG,06/08/2026 4:11:19 AM,BPD446,8M5CL,8M5CL,08/07/2026 10:36:50 PM,8M5CL,D1D,2,8229378,,,,,,,,,,,,,,,,,,
D611332,35,KJAZA035WFC1,0,0,0,0,0,0,0.003692,0,0,0.092293,0,0,0,0,0,0.007383,0,,D6113320,PXMG,06/07/2026 1:53:17 AM,BPD458,8M5CL,8M5CL,08/24/2026 9:23:31 AM,8M5CL,D1D,1,8233151,,,,,,,,,,,,,,,,,,
D611332,48,KJAZA048WFE5,0,0,0,0,0,0.003659,0,0.003659,0,0.095141,0,0,0,0.003659,0,0,0,,D6113320,PXMG,06/07/2026 1:53:17 AM,BPD458,8M5CL,8M5CL,08/24/2026 5:35:48 AM,8M5CL,D1D,2,8233110,,,,,,,,,,,,,,,,,,
D611332,73,KJAZA073WFE2,0,0,0,0,0,0.011075,0,0,0,0.099677,0,0,0,0.011075,0,0.003692,0,,D6113320,PXMG,06/07/2026 1:53:17 AM,BPD458,8M5CL,8M5CL,08/22/2026 4:31:15 AM,8M5CL,D1D,3,8233138,,,,,,,,,,,,,,,,,,
D611332,105,KJAZA105WFC4,0.007383,0,0,0,0.007568,0,0,0,0,0.228702,0,0,0,0.003692,0,0.003692,0,0,D6113320,PXMG,06/07/2026 1:53:17 AM,BPD458,8M5CL,8M5CL,08/24/2026 6:22:40 AM,8M5CL,D1D,4,8233010,,,,,,,,,,,,,,,,,,
D611326,43,A2CJQ043SLB6,0,0,0,0,0.011075,0.003692,0,0,0,0.10706,0,0,0,0.007383,0,0.011075,0,,D6113260,PXMG,06/07/2026 8:54:17 AM,BPD454,8M5CL,8M5CL,08/15/2026 2:03:37 PM,8M5CL,D1D,1,8229609,,,,,,,,,,,,,,,,,,
D611326,45,A2AFY045SLE7,0,0,0,0,0,0.003692,0.003692,0,0,0.188047,0,0,0,0,0,0.011306,0,0,D6113260,PXMG,06/07/2026 8:54:17 AM,BPD454,8M5CL,8M5CL,08/16/2026 5:53:15 PM,8M5CL,D1D,2,8229469,,,,,,,,,,,,,,,,,,
D611326,48,A2AFY048SLC7,0,0,0,0,0.003659,0.003659,0.003659,0,0,0.120755,0,0,0,0.007319,0,0.007319,0.007319,,D6113260N,PXMG,06/07/2026 10:48:32 AM,BPD454,8M5CL,8M5CL,08/14/2026 5:21:10 PM,8M5CL,D1D,1,8745696,,,,,,,,,,,,,,,,,,
D611326,66,A29ZA066SLC4,0,0,0,0,0.025615,0.003659,0.018296,0,0,0.164666,0,0,0,0.003659,0,0,0.007319,,D6113260N,PXMG,06/07/2026 10:48:32 AM,BPD454,8M5CL,8M5CL,08/14/2026 5:36:17 PM,8M5CL,D1D,2,8745711,,,,,,,,,,,,,,,,,,
D611326,82,A2BDY082SLG0,0,0,0,0,0,0,0,0,0,0.218457,0,0.003659,0,0.004208,0.007867,0.007319,0.003659,0,D6113260N,PXMG,06/07/2026 10:48:32 AM,BPD454,8M5CL,8M5CL,08/16/2026 5:22:29 PM,8M5CL,D1D,3,8745620,,,,,,,,,,,,,,,,,,
D611326,203,A2AQR203SLH0,0,0,0,0,0.003692,0.005907,0,0,0,0.215597,0,0,0,0.003692,0,0.007383,0,0,D6113260N,PXMG,06/07/2026 10:48:32 AM,BPD454,8M5CL,8M5CL,08/16/2026 5:34:18 PM,8M5CL,D1D,4,8745712,,,,,,,,,,,,,,,,,,
D611324,267,GU1PT267JKE0,0.003692,0,0,0,0.003692,0.015505,0.005907,0,0,0.223719,0,0,0,0.007383,0,0.01329,0,0,D6113240J,PXMG,06/07/2026 9:40:14 PM,BPD454,8M5CL,8M5CL,08/24/2026 11:51:40 AM,8M5CL,D1D,1,8748465,,,,,,,,,,,,,,,,,,
D611324,269,GU1PT269JKF1,0,0,0,0,0.003692,0.003692,0.003692,0,0,0.121827,0,0,0,0.003692,0,0.003692,0,,D6113240J,PXMG,06/07/2026 9:40:14 PM,BPD454,8M5CL,8M5CL,08/24/2026 6:20:10 AM,8M5CL,D1D,2,8748450,,,,,,,,,,,,,,,,,,
D611324,270,GU1PT270JKA7,0,0,0,0,0,0.006587,0,0,0,0.249561,0,0,0,0.010978,0.003659,0,0,0,D6113240J,PXMG,06/07/2026 9:40:14 PM,BPD454,8M5CL,8M5CL,08/24/2026 11:27:06 AM,8M5CL,D1D,3,8748449,,,,,,,,,,,,,,,,,,
D611324,275,GU1PT275JKA0,0,0,0,0,0.003692,0.003692,0.003692,0,0,0.132902,0.003692,0,0,0,0,0.007383,0,,D6113240J,PXMG,06/07/2026 9:40:14 PM,BPD454,8M5CL,8M5CL,08/24/2026 10:55:19 AM,8M5CL,D1D,4,8748467,,,,,,,,,,,,,,,,,,
D611327,100,A2BS5100SLG7,0,0,0,0,0,0,0.003659,0,0,0.314696,0,0,0,0,0,0.003659,0,0,D6113270M,PXMG,06/07/2026 11:06:04 PM,BPD458,8M5CL,8M5CL,08/12/2026 12:50:59 AM,8M5CL,D1D,1,8748686,,,,,,,,,,,,,,,,,,
D611327,128,A29XK128SLE5,0,0,0,0,0.003659,0,0,0,0,0.212602,0,0,0,0,0.006953,0.010978,0,0,D6113270M,PXMG,06/07/2026 11:06:04 PM,BPD458,8M5CL,8M5CL,08/12/2026 1:59:35 PM,8M5CL,D1D,2,8748723,,,,,,,,,,,,,,,,,,
D611327,129,A29XK129SLB4,0,0,0,0,0,0.003692,0,0,0,0.166128,0,0,0,0.003692,0,0,0,,D6113270M,PXMG,06/07/2026 11:06:04 PM,BPD458,8M5CL,8M5CL,08/10/2026 2:33:32 AM,8M5CL,D1D,3,8748615,,,,,,,,,,,,,,,,,,
D611327,130,A29XK130SLE5,0,0,0,0,0,0,0,0,0,0.186256,0,0,0,0,0.004025,0.003659,0,0,D6113270M,PXMG,06/07/2026 11:06:04 PM,BPD458,8M5CL,8M5CL,08/12/2026 1:15:29 PM,8M5CL,D1D,4,8748683,,,,,,,,,,,,,,,,,,
D610232,178,5DXKW178MVD3,0,0,0,0,0.014637,0,0.003659,0,0,0.171985,0,0,0,0.003659,0,0.014637,0,0,D6102320,PXMG,06/14/2026 6:16:37 PM,BPD458,8M5CL,8M5CL,08/10/2026 3:56:18 AM,8M5CL,D1D,1,8196086,,,,,,,,,,,,,,,,,,
D610232,182,5DXKW182MVE4,0,0,0,0,0,0,0,0,0,0.084163,0,0,0,0,0,0.003659,0,,D6102320,PXMG,06/14/2026 6:16:37 PM,BPD458,8M5CL,8M5CL,08/12/2026 1:03:39 AM,8M5CL,D1D,2,8196018,,,,,,,,,,,,,,,,,,
D611328,346,MCMTH346WAG0,0,0,0,0,0.010978,0,0.007319,0,0,0.139052,0,0,0,0,0,0.003659,0,,D6113280,PXMG,06/15/2026 4:47:55 AM,BPD436,8M5CL,8M5CL,08/24/2026 5:09:48 AM,8M5CL,D1D,1,8233054,,,,,,,,,,,,,,,,,,
D611328,359,MCMTH359WAB1,0,0,0,0,0.014767,0.007383,0,0,0,0.110752,0,0,0,0,0,0.011075,0,,D6113280,PXMG,06/15/2026 4:47:55 AM,BPD436,8M5CL,8M5CL,08/24/2026 10:57:35 AM,8M5CL,D1D,2,8233038,,,,,,,,,,,,,,,,,,
D610EPL,530,KJAYT530WFC6,0,0,0,0,0,0,0,0,0,0.253096,0,0,0,0.005273,0,0,0,,D610EPL0,X78E,07/12/2026 3:34:12 PM,BPD436,8M5CL,8M5CL,08/15/2026 5:28:20 PM,8M5CL,D1D,1,8221745,,,,,,,,,,,,,,,,,,
D610EPL,557,KJAYU557WFF0,0,0,0,0,0,0.005289,0.010578,0,0,0.296193,0,0.005289,0,0.005289,0,0,0,,D610EPL0,X78E,07/12/2026 3:34:12 PM,BPD436,8M5CL,8M5CL,08/15/2026 8:38:34 PM,8M5CL,D1D,2,8221535,,,,,,,,,,,,,,,,,,
D609924,31,A27VD031SLE6,0,0,0,0,0.003981,0.003981,0.023887,0,0,0.346367,0,0,0,0.015925,0,0,0.007962,,D6099240,PR8B,07/25/2026 11:28:41 PM,BPD436,8M5CL,8M5CL,07/26/2026 8:16:13 AM,8M5CL,D1D,1,8184642,,,,,,,,,,,,,,,,,,
D609924,36,A27VD036SLD7,0,0,0,0,0.006218,0.012435,0,0,0,0.397936,0,0,0,0,0,0,0.006218,,D6099240,PR8B,07/25/2026 11:28:41 PM,BPD436,8M5CL,8M5CL,07/26/2026 8:16:25 AM,8M5CL,D1D,2,8184745,,,,,,,,,,,,,,,,,,
D609924,37,A27VD037SLA6,0,0,0,0,0.010907,0,0,0,0,0.419923,0,0,0,0.016361,0,0.005454,0,,D6099240,PR8B,07/25/2026 11:28:41 PM,BPD436,8M5CL,8M5CL,07/26/2026 8:16:07 AM,8M5CL,D1D,3,8184821,,,,,,,,,,,,,,,,,,
D609924,45,A27VD045SLE1,0,0,0,0,0,0,0,0,0,0.296886,0,0,0,0,0.007917,0.003958,0,,D6099240,PR8B,07/25/2026 11:28:41 PM,BPD436,8M5CL,8M5CL,07/26/2026 8:16:23 AM,8M5CL,D1D,4,8184741,,,,,,,,,,,,,,,,,,
D610EPK,22,KJAUG022WFB5,0,0,0,0,0.00534,0.00534,0,0,0,0.599833,0,0,0,0.00534,0,0.117074,0,0,D610EPK0,X78E,08/09/2026 11:54:14 AM,BPD446,8M5CL,8M5CL,08/10/2026 6:46:23 AM,8M5CL,D1D,1,8218623,,,,,,,,,,,,,,,,,,
D610EPK,26,KJAUG026WFD7,0,0,0,0,0,0.005273,0,0,0,0.258369,0,0,0,0.010546,0,0,0,,D610EPK0,X78E,08/09/2026 11:54:14 AM,BPD446,8M5CL,8M5CL,08/10/2026 6:46:00 AM,8M5CL,D1D,2,8218647,,,,,,,,,,,,,,,,,,
D610EPK,30,KJAUG030WFF0,0,0,0,0,0,0,0.008521,0,0,0.443115,0,0,0,0,0,0.008521,0,,D610EPK0,X78E,08/09/2026 11:54:14 AM,BPD446,8M5CL,8M5CL,08/10/2026 6:46:42 AM,8M5CL,D1D,3,8218649,,,,,,,,,,,,,,,,,,
D610EPK,39,KJAUG039WFG3,0,0,0,0,0,0,0,0,0,0.349084,0,0,0,0,0,0.021157,0,,D610EPK0,X78E,08/09/2026 11:54:14 AM,BPD446,8M5CL,8M5CL,08/10/2026 6:46:29 AM,8M5CL,D1D,4,8218586,,,,,,,,,,,,,,,,,,
D549598,503,KJ6GT503WFB1,0,0,0,0,0.014767,0.003692,0,0,0,0.247346,0,0,0,0.003692,0,0.003692,0,0,D5495980,PXMG,02/26/2026 3:37:04 AM,BPD448,8M5CL,8M5CL,04/09/2026 3:04:39 PM,8M5CL,D1D,1,7738679,,,,,,,,,,,,,,,,,,
D549598,510,KJ6GT510WFA2,0,0,0,0,0,0.003659,0,0,0,0.168326,0,0,0,0.003659,0,0,0,,D5495980,PXMG,02/26/2026 3:37:04 AM,BPD448,8M5CL,8M5CL,06/07/2026 5:44:31 PM,8M5CL,D1D,2,7738743,,,,,,,,,,,,,,,,,,
D548507,685,GT5JD685JKG3,0,0,0,0,0.007383,0,0,0,0,0.221504,0,0,0,0,0,0.011075,0,0,D5485070,PXMG,02/26/2026 4:03:04 PM,BPD448,8M5CL,8M5CL,05/03/2026 1:07:55 PM,8M5CL,D1D,1,7703672,,,,,,,,,,,,,,,,,,
D548507,704,GT5JD704JKC1,0,0,0,0,0.007319,0.003659,0.007319,0,0,0.201259,0,0,0,0,0,0.007319,0.003659,,D5485070,PXMG,02/26/2026 4:03:04 PM,BPD448,8M5CL,8M5CL,05/01/2026 11:01:24 PM,8M5CL,D1D,2,7703685,,,,,,,,,,,,,,,,,,
D548507,706,GT5JD706JKD2,0,0,0,0,0,0,0,0,0,0.318355,0,0,0,0,0,0.007319,0,0,D5485070,PXMG,02/26/2026 4:03:04 PM,BPD448,8M5CL,8M5CL,05/03/2026 1:09:49 PM,8M5CL,D1D,3,7703611,,,,,,,,,,,,,,,,,,
D548507,723,GT5JD723JKG7,0,0,0,0,0,0,0.007383,0,0,0.19197,0,0,0,0,0,0.007383,0,0,D5485070,PXMG,02/26/2026 4:03:04 PM,BPD448,8M5CL,8M5CL,07/01/2026 11:57:38 AM,8M5CL,D1D,4,7703607,,,,,,,,,,,,,,,,,,
D547406,76,A24ZR076SLE0,0,0,0,0,0,0,0.003659,0,0,0.142711,0,0,0,0.007319,0,0.025615,0,0,D5474060,PXMG,02/25/2026 4:04:54 PM,BPD436,8M5CL,8M5CL,04/30/2026 3:08:20 PM,8M5CL,D1D,1,7665414,,,,,,,,,,,,,,,,,,
D547406,79,A24ZR079SLC0,0.020304,0,0,0,0,0,0.007383,0,0,0.218735,0,0,0,0.003692,0,0.008306,0.003692,0,D5474060,PXMG,02/25/2026 4:04:54 PM,BPD436,8M5CL,8M5CL,04/30/2026 11:18:40 AM,8M5CL,D1D,2,7665416,,,,,,,,,,,,,,,,,,
D547450,68,A23H0068SLF6,0,0,0,0,0.007867,0.007319,0.007319,0,0,0.15314,0,0,0,0,0,0.014637,0,0,D5474500,PXMG,02/28/2026 12:27:47 PM,BPD442,8M5CL,8M5CL,07/02/2026 3:56:54 PM,8M5CL,D1D,1,7677678,,,,,,,,,,,,,,,,,,
D547450,69,A23H0069SLC5,0.003692,0,0,0,0.003692,0.003692,0.011075,0,0,0.103368,0,0,0,0.007383,0,0.014767,0,,D5474500,PXMG,02/28/2026 12:27:47 PM,BPD442,8M5CL,8M5CL,05/13/2026 12:02:51 AM,8M5CL,D1D,2,7677828,,,,,,,,,,,,,,,,,,
D548522,18,A22WG018SLF4,0,0,0,0,0.003659,0,0,0,0,0.431792,0,0,0,0.003659,0.003659,0,0,0,D5485220,PXMG,02/28/2026 4:22:40 AM,BPD454,8M5CL,8M5CL,04/06/2026 9:21:24 PM,8M5CL,D1D,1,7708800,,,,,,,,,,,,,,,,,,
D548522,19,A22WG019SLC3,0.007383,0,0,0,0,0,0,0,0,0.302722,0,0,0,0,0,0.007383,0,0,D5485220,PXMG,02/28/2026 4:22:40 AM,BPD454,8M5CL,8M5CL,04/06/2026 11:45:00 AM,8M5CL,D1D,2,7708909,,,,,,,,,,,,,,,,,,
D548521,201,GT4TS201JKF3,0,0,0,0,0,0,0,0,0,0.184586,0,0,0,0.003692,0,0.007383,0,0,D5485210,PXMG,03/05/2026 10:28:50 PM,BPD432,8M5CL,8M5CL,04/30/2026 4:29:04 PM,8M5CL,D1D,1,7708762,,,,,,,,,,,,,,,,,,
D548521,209,GT4TS209JKC4,0,0,0,0,0,0,0,0,0,0.166128,0,0,0,0.003692,0,0.003692,0,0,D5485210,PXMG,03/05/2026 10:28:50 PM,BPD432,8M5CL,8M5CL,04/30/2026 11:48:44 AM,8M5CL,D1D,2,7708758,,,,,,,,,,,,,,,,,,
D548948,16,KJ6GQ016WFG7,0.003659,0,0,0,0,0,0.003659,0,0,0.256148,0,0,0,0.003659,0,0.007319,0.007319,0,D5489480,PXMG,03/07/2026 4:50:38 AM,BPD448,8M5CL,8M5CL,05/04/2026 11:57:37 PM,8M5CL,D1D,1,7736281,,,,,,,,,,,,,,,,,,
D548948,234,KJ6GQ234WFF5,0.007319,0,0,0,0,0,0.003659,0,0,0.340493,0,0,0,0.007319,0,0.025432,0,0,D5489480,PXMG,03/07/2026 4:50:38 AM,BPD448,8M5CL,8M5CL,05/05/2026 6:34:26 AM,8M5CL,D1D,2,7736204,,,,,,,,,,,,,,,,,,
D548948,507,KJ6GR507WFC5,0.007383,0,0,0,0,0,0,0,0,0.339639,0,0,0,0.007383,0,0.014767,0,0,D5489480,PXMG,03/07/2026 4:50:38 AM,BPD448,8M5CL,8M5CL,05/05/2026 3:10:31 AM,8M5CL,D1D,3,7736246,,,,,,,,,,,,,,,,,,
D548948,519,KJ6GR519WFA7,0.011075,0,0,0,0,0.003692,0.007383,0,0,0.339639,0,0,0.003692,0.011075,0,0.02215,0.003692,0,D5489480,PXMG,03/07/2026 4:50:38 AM,BPD448,8M5CL,8M5CL,05/05/2026 4:37:22 AM,8M5CL,D1D,4,7736352,,,,,,,,,,,,,,,,,,
D547944,211,KJ67E211WFF1,0,0,0,0,0,0.003692,0,0,0,0.343331,0,0,0,0,0.007383,0.007383,0,0,D5479440,PXMG,03/03/2026 11:53:08 PM,BPD448,8M5CL,8M5CL,06/14/2026 1:18:22 AM,8M5CL,D1D,1,7699322,,,,,,,,,,,,,,,,,,
D547944,230,KJ67E230WFC4,0,0,0,0,0.003659,0,0,0,0,0.380562,0,0,0,0,0,0.007319,0,0,D5479440,PXMG,03/03/2026 11:53:08 PM,BPD448,8M5CL,8M5CL,04/08/2026 2:13:09 PM,8M5CL,D1D,2,7699202,,,,,,,,,,,,,,,,,,
D547440,107,KJ5DU107WFD6,0,0,0,0,0.003692,0,0,0,0,0.099677,0,0,0,0.007383,0,0.007383,0,,D5474400,PXMG,03/04/2026 1:05:19 PM,BPD442,8M5CL,8M5CL,07/01/2026 5:40:14 PM,8M5CL,D1D,1,7675072,,,,,,,,,,,,,,,,,,
D547440,109,KJ5DU109WFE7,0,0,0,0,0.007383,0,0,0,0,0.118135,0,0,0,0.014767,0,0.003692,0,,D5474400,PXMG,03/04/2026 1:05:19 PM,BPD442,8M5CL,8M5CL,05/04/2026 5:49:04 AM,8M5CL,D1D,2,7675025,,,,,,,,,,,,,,,,,,
D548495,176,GT4JT176JKH2,0,0,0,0,0.003584,0.043003,0,0,0.003584,0.200679,0,0,0,0,0,0.007167,0.007167,,D5484950,PNCB,03/01/2026 4:30:05 AM,BPD448,8M5CL,8M5CL,04/30/2026 3:59:06 AM,8M5CL,D1D,1,7702215,,,,,,,,,,,,,,,,,,
D548495,179,GT4JT179JKF2,0,0,0,0,0,0,0.003609,0,0,0.230986,0,0,0,0.003609,0,0,0,,D5484950,PNCB,03/01/2026 4:30:05 AM,BPD448,8M5CL,8M5CL,04/30/2026 4:42:59 PM,8M5CL,D1D,2,7702205,,,,,,,,,,,,,,,,,,
D548495,180,GT4JT180JKB0,0,0,0,0,0,0,0,0,0,0.21143,0.003584,0,0,0,0,0.007167,0,,D5484950,PNCB,03/01/2026 4:30:05 AM,BPD448,8M5CL,8M5CL,04/30/2026 4:55:34 PM,8M5CL,D1D,3,7702232,,,,,,,,,,,,,,,,,,
D548495,181,GT4JT181JKF2,0,0,0,0,0,0.036092,0,0,0,0.209331,0,0,0,0.003609,0,0.003609,0,,D5484950,PNCB,03/01/2026 4:30:05 AM,BPD448,8M5CL,8M5CL,04/30/2026 4:49:23 PM,8M5CL,D1D,4,7702125,,,,,,,,,,,,,,,,,,
D547447,30,KJ57R030WFH2,0.003659,0,0,0,0.003659,0,0.010978,0,0,0.234192,0,0,0,0.014637,0,0.010978,0,0,D5474470,PXMG,03/12/2026 10:58:38 AM,BPD458,8M5CL,8M5CL,07/01/2026 10:11:35 PM,8M5CL,D1D,1,7675323,,,,,,,,,,,,,,,,,,
D547447,42,KJ57R042WFF4,0,0,0,0,0.010978,0,0.014637,0,0,0.175644,0,0,0,0.010978,0,0.007319,0.007319,0,D5474470,PXMG,03/12/2026 10:58:38 AM,BPD458,8M5CL,8M5CL,07/01/2026 9:44:10 PM,8M5CL,D1D,2,7675358,,,,,,,,,,,,,,,,,,
D548535,350,KJ6GY350WFH1,0.003659,0,0,0,0.010978,0.014637,0,0,0,0.171985,0,0,0,0.003659,0,0.003659,0,,D5485350,PXMG,03/12/2026 5:33:32 AM,BPD448,8M5CL,8M5CL,06/07/2026 8:11:12 PM,8M5CL,D1D,1,7712218,,,,,,,,,,,,,,,,,,
D548535,392,KJ6GY392WFE1,0,0,0,0,0,0.007319,0.007319,0,0,0.131733,0,0,0,0.007319,0.003659,0.010978,0,,D5485350,PXMG,03/12/2026 5:33:32 AM,BPD448,8M5CL,8M5CL,05/21/2026 10:56:14 AM,8M5CL,D1D,2,7712308,,,,,,,,,,,,,,,,,,
D547439,153,A23Z5153SLF4,0,0,0,0,0,0.007383,0,0,0,0.180895,0,0.003692,0,0,0,0.003692,0,,D5474390,PXMG,03/12/2026 6:12:16 AM,BPD432,8M5CL,8M5CL,07/02/2026 4:44:57 PM,8M5CL,D1D,1,7675035,,,,,,,,,,,,,,,,,,
D547439,166,A23Z5166SLA5,0.05123,0,0,0,0.003659,0.003659,0,0,0.025615,0.120755,0,0,0,0.007319,0,0,0.080504,,D5474390,PXMG,03/12/2026 6:12:16 AM,BPD432,8M5CL,8M5CL,07/01/2026 6:04:58 PM,8M5CL,D1D,2,7675091,,,,,,,,,,,,,,,,,,
D548525,49,GT4TS049JKA1,0,0,0,0,0,0,0.009414,0,0,0.25639,0,0,0,0,0,0.011075,0.003692,0,D5485250,PXMG,03/12/2026 8:42:15 PM,BPD448,8M5CL,8M5CL,07/01/2026 1:16:26 PM,8M5CL,D1D,1,7708997,,,,,,,,,,,,,,,,,,
D548525,51,GT4TS051JKA1,0,0,0,0,0.003692,0.007383,0,0,0,0.180895,0,0,0,0,0,0.007383,0.003692,,D5485250,PXMG,03/12/2026 8:42:15 PM,BPD448,8M5CL,8M5CL,07/01/2026 1:41:54 PM,8M5CL,D1D,2,7709062,,,,,,,,,,,,,,,,,,
D550170,73,A23M2073SLE6,0,0,0,0,0,0.007383,0.003692,0,0,0.125519,0,0,0,0.003692,0,0.014767,0,,D5501700,PXMG,03/12/2026 9:55:07 PM,BPD454,8M5CL,8M5CL,07/01/2026 5:24:29 AM,8M5CL,D1D,1,7777562,,,,,,,,,,,,,,,,,,
D550170,74,A23M2074SLB5,0,0,0,0,0.007319,0.003659,0.007319,0,0,0.131733,0,0,0,0.018296,0,0.003659,0,,D5501700,PXMG,03/12/2026 9:55:07 PM,BPD454,8M5CL,8M5CL,06/30/2026 6:31:30 PM,8M5CL,D1D,2,7777367,,,,,,,,,,,,,,,,,,
D548531,260,KJ6GP260WFB6,0.003659,0,0,0,0.007136,0.010978,0.007319,0,0.003659,0.227056,0,0,0,0.007319,0,0.010978,0,0,D5485310,PXMG,03/09/2026 4:22:05 PM,BPD454,8M5CL,8M5CL,07/01/2026 2:01:56 PM,8M5CL,D1D,1,7712324,,,,,,,,,,,,,,,,,,
D548531,336,KJ6GP336WFF4,0,0,0,0,0,0,0.003659,0,0,0.153689,0,0,0,0.007319,0,0.014637,0,,D5485310,PXMG,03/09/2026 4:22:05 PM,BPD454,8M5CL,8M5CL,07/01/2026 3:01:46 PM,8M5CL,D1D,2,7712426,,,,,,,,,,,,,,,,,,
D548531,339,KJ6GP339WFD4,0,0,0,0,0,0.003692,0,0,0,0.21412,0,0,0,0,0,0.007383,0,0,D5485310,PXMG,03/09/2026 4:22:05 PM,BPD454,8M5CL,8M5CL,07/01/2026 6:47:54 AM,8M5CL,D1D,3,7712455,,,,,,,,,,,,,,,,,,
D548531,346,KJ6GP346WFC5,0,0.003659,0,0,0.007319,0,0,0,0,0.212237,0,0,0,0.003659,0.003659,0,0.007319,0,D5485310,PXMG,03/09/2026 4:22:05 PM,BPD454,8M5CL,8M5CL,07/01/2026 4:38:54 AM,8M5CL,D1D,4,7712358,,,,,,,,,,,,,,,,,,
D549126,104,GT5VX104JKG5,0.003659,0,0,0,0,0,0.007319,0,0,0.354581,0,0,0,0.003659,0,0.021956,0.007684,0,D5491260,PXMG,03/08/2026 6:19:58 AM,BPD444,8M5CL,8M5CL,04/08/2026 2:12:27 PM,8M5CL,D1D,1,7744938,,,,,,,,,,,,,,,,,,
D549126,105,GT5VX105JKD4,0,0,0,0,0.011075,0,0,0,0,0.284263,0,0,0,0,0,0.003692,0,0,D5491260,PXMG,03/08/2026 6:19:58 AM,BPD444,8M5CL,8M5CL,04/08/2026 2:12:20 PM,8M5CL,D1D,2,7745095,,,,,,,,,,,,,,,,,,
D548537,176,GT4TS176JKA0,0,0,0,0,0,0.007319,0,0,0,0.128074,0,0,0,0.007319,0,0.003659,0,,D5485370,PXMG,03/08/2026 7:40:56 PM,BPD432,8M5CL,8M5CL,05/07/2026 9:12:43 PM,8M5CL,D1D,1,7712547,,,,,,,,,,,,,,,,,,
D548537,177,GT4TS177JKE2,0,0,0,0,0,0.003692,0.018274,0,0,0.240147,0,0,0,0.007383,0.003692,0.018459,0,0,D5485370,PXMG,03/08/2026 7:40:56 PM,BPD432,8M5CL,8M5CL,07/01/2026 5:06:54 AM,8M5CL,D1D,2,7712554,,,,,,,,,,,,,,,,,,
D547452,459,GT3TA459JKH2,0,0,0,0,0,0,0.003692,0,0,0.147669,0,0,0,0.003692,0,0.011075,0.003692,,D5474520,PXMG,03/09/2026 3:09:53 AM,BPD450,8M5CL,8M5CL,07/02/2026 4:38:57 PM,8M5CL,D1D,1,7677854,,,,,,,,,,,,,,,,,,
D547452,552,GT3TA552JKG1,0,0,0,0,0.003659,0.007319,0,0,0,0.207297,0,0,0,0.016284,0.016284,0.016284,0,0,D5474520,PXMG,03/09/2026 3:09:53 AM,BPD450,8M5CL,8M5CL,07/02/2026 4:06:41 PM,8M5CL,D1D,2,7678053,,,,,,,,,,,,,,,,,,
D547452,601,GT3TA601JKA5,0,0,0,0,0.014767,0,0.003692,0,0,0.188278,0,0,0,0.003692,0,0.003692,0,0,D5474520,PXMG,03/09/2026 3:09:53 AM,BPD450,8M5CL,8M5CL,07/02/2026 3:25:52 PM,8M5CL,D1D,3,7677969,,,,,,,,,,,,,,,,,,
D547452,757,GT3TA757JKD4,0,0,0,0,0.014767,0,0,0,0,0.243654,0,0,0,0,0,0.011075,0,0,D5474520,PXMG,03/09/2026 3:09:53 AM,BPD450,8M5CL,8M5CL,07/02/2026 3:09:11 PM,8M5CL,D1D,4,7677800,,,,,,,,,,,,,,,,,,
D549586,70,A22JR070SLA4,0,0,0,0,0.007167,0,0.003584,0,0,0.186345,0,0,0,0,0,0.007167,0,,D5495860,PNCB,03/14/2026 10:33:41 PM,BPD458,8M5CL,8M5CL,05/07/2026 10:52:14 PM,8M5CL,D1D,1,7750150,,,,,,,,,,,,,,,,,,
D549586,74,A22JR074SLC6,0,0,0,0,0.003584,0,0,0,0,0.182762,0,0,0,0.003584,0,0.003584,0,,D5495860,PNCB,03/14/2026 10:33:41 PM,BPD458,8M5CL,8M5CL,05/08/2026 11:40:38 AM,8M5CL,D1D,2,7750048,,,,,,,,,,,,,,,,,,
D550157,66,A22SS066SLE5,0,0,0,0,0.010716,0.003659,0,0,0,0.278626,0,0,0,0.007057,0,0,0,0,D5501570AS,PXMG,03/19/2026 12:33:17 AM,BPD444,8M5CL,8M5CL,06/30/2026 6:11:21 PM,8M5CL,D1D,1,8283829,,,,,,,,,,,,,,,,,,
D550157,68,A22SS068SLF6,0,0,0,0,0,0,0,0,0,0.234192,0,0,0,0,0,0.010978,0,0,D5501570AS,PXMG,03/19/2026 12:33:17 AM,BPD444,8M5CL,8M5CL,07/16/2026 9:52:32 AM,8M5CL,D1D,2,8283846,,,,,,,,,,,,,,,,,,
D550157,115,A22SS115SLG4,0,0,0,0,0.007383,0.003692,0.003692,0,0,0.239962,0,0,0,0.003692,0,0.007383,0,0,D5501570AS,PXMG,03/19/2026 12:33:17 AM,BPD444,8M5CL,8M5CL,07/14/2026 12:10:37 PM,8M5CL,D1D,3,8283827,,,,,,,,,,,,,,,,,,
D550157,117,A22SS117SLA2,0,0,0,0,0.011075,0,0,0,0,0.649744,0,0,0,0.003692,0.014767,0.003692,0,0,D5501570AS,PXMG,03/19/2026 12:33:17 AM,BPD444,8M5CL,8M5CL,06/30/2026 5:41:29 PM,8M5CL,D1D,4,8283833,,,,,,,,,,,,,,,,,,
D550167,503,GT4TT503JKE2,0,0,0,0,0,0.007383,0,0,0,0.202122,0,0,0,0,0,0.078449,0,0,D5501670AT,PXMG,03/19/2026 1:50:54 AM,BPD450,8M5CL,8M5CL,06/30/2026 5:58:12 PM,8M5CL,D1D,1,8282335,,,,,,,,,,,,,,,,,,
D550167,504,GT4TT504JKB1,0,0,0,0,0,0.010978,0,0,0,0.204003,0,0,0,0.007319,0.003659,0.008233,0.003659,0,D5501670AT,PXMG,03/19/2026 1:50:54 AM,BPD450,8M5CL,8M5CL,05/13/2026 1:55:47 AM,8M5CL,D1D,2,8282387,,,,,,,,,,,,,,,,,,
D550167,505,GT4TT505JKF3,0,0,0,0,0,0,0,0,0,0.147669,0,0,0,0,0,0.007383,0,,D5501670AT,PXMG,03/19/2026 1:50:54 AM,BPD450,8M5CL,8M5CL,06/30/2026 6:10:16 PM,8M5CL,D1D,3,8282384,,,,,,,,,,,,,,,,,,
D550167,507,GT4TT507JKG4,0.011075,0,0.003692,0,0,0,0.003692,0,0.005538,0.21412,0,0,0,0.018459,0.003692,0.038763,0.003692,0,D5501670AT,PXMG,03/19/2026 1:50:54 AM,BPD450,8M5CL,8M5CL,06/30/2026 5:43:20 PM,8M5CL,D1D,4,8282407,,,,,,,,,,,,,,,,,,
D550157,52,A22SS052SLF2,0,0,0,0,0,0.040252,0.003659,0,0,0.120755,0,0,0,0.010978,0,0,0,,D5501570,PXMG,03/18/2026 2:10:50 PM,BPD432,8M5CL,8M5CL,06/30/2026 6:06:24 PM,8M5CL,D1D,1,7768997,,,,,,,,,,,,,,,,,,
D550157,60,A22SS060SLB2,0,0,0,0,0.003659,0.01482,0.007319,0,0,0.274261,0,0,0,0.010978,0,0.025615,0,0,D5501570,PXMG,03/18/2026 2:10:50 PM,BPD432,8M5CL,8M5CL,06/30/2026 6:24:31 PM,8M5CL,D1D,2,7769111,,,,,,,,,,,,,,,,,,
D549123,18,MCK3P018WAH1,0,0,0,0,0.007319,0.010978,0.007319,0,0,0.223214,0,0,0,0,0,0.003659,0,0,D5491230,PXMG,03/19/2026 11:34:21 AM,BPD442,8M5CL,8M5CL,05/24/2026 4:46:40 PM,8M5CL,D1D,1,7744781,,,,,,,,,,,,,,,,,,
D549123,39,MCK3P039WAF5,0,0,0,0,0.011075,0.007383,0,0,0,0.132902,0,0,0,0,0,0,0,,D5491230,PXMG,03/19/2026 11:34:21 AM,BPD442,8M5CL,8M5CL,05/24/2026 8:57:14 PM,8M5CL,D1D,2,7744849,,,,,,,,,,,,,,,,,,
D550167,501,GT4TT501JKD1,0,0,0,0,0,0.003692,0,0,0,0.19197,0,0,0,0.011075,0,0.02215,0.003692,,D5501670,PXMG,03/18/2026 2:14:10 PM,BPD450,8M5CL,8M5CL,06/30/2026 5:55:41 PM,8M5CL,D1D,1,7774273,,,,,,,,,,,,,,,,,,
D550167,502,GT4TT502JKA0,0,0,0,0,0,0,0.003659,0,0,0.281762,0,0,0,0,0,0.010978,0.003659,0,D5501670,PXMG,03/18/2026 2:14:10 PM,BPD450,8M5CL,8M5CL,06/30/2026 5:39:29 PM,8M5CL,D1D,2,7774266,,,,,,,,,,,,,,,,,,
D550171,102,A23Z5102SLA7,0.003659,0,0,0,0.003659,0,0,0,0,0.087822,0,0,0,0,0.003659,0.018296,0,,D5501710,PXMG,03/15/2026 6:00:31 AM,BPD436,8M5CL,8M5CL,06/30/2026 7:49:58 PM,8M5CL,D1D,1,7777511,,,,,,,,,,,,,,,,,,
D550171,103,A23Z5103SLF1,0,0,0,0,0,0.007383,0,0,0,0.099677,0,0,0,0.007383,0,0.011075,0,,D5501710,PXMG,03/15/2026 6:00:31 AM,BPD436,8M5CL,8M5CL,06/30/2026 7:11:15 PM,8M5CL,D1D,2,7777435,,,,,,,,,,,,,,,,,,
D548506,253,KJ69G253WFB4,0,0,0,0,0.011075,0.003692,0,0,0,0.095985,0,0,0,0,0,0.007383,0.003692,,D5485060,PXMG,03/27/2026 9:39:37 PM,BPD432,8M5CL,8M5CL,07/01/2026 11:15:17 AM,8M5CL,D1D,1,7703699,,,,,,,,,,,,,,,,,,
D548506,255,KJ69G255WFC5,0,0,0,0,0.003692,0,0,0,0,0.140286,0,0,0,0.007383,0.003692,0.007383,0,,D5485060,PXMG,03/27/2026 9:39:37 PM,BPD432,8M5CL,8M5CL,07/01/2026 12:22:40 PM,8M5CL,D1D,2,7703805,,,,,,,,,,,,,,,,,,
D547435,14,KJ40U014WFA7,0,0,0,0,0.014637,0.003659,0.003659,0,0,0.216994,0.007319,0,0,0.007319,0,0.024517,0.003659,0,D5474350,PXMG,03/26/2026 10:57:56 PM,BPD436,8M5CL,8M5CL,08/01/2026 11:47:21 PM,8M5CL,D1D,1,7673615,,,,,,,,,,,,,,,,,,
D547435,15,KJ40U015WFF1,0,0,0,0,0.003692,0.003692,0.007383,0,0,0.099677,0,0,0,0.003692,0,0.007383,0,,D5474350,PXMG,03/26/2026 10:57:56 PM,BPD436,8M5CL,8M5CL,07/02/2026 5:11:04 PM,8M5CL,D1D,2,7673613,,,,,,,,,,,,,,,,,,
D547435,18,KJ40U018WFD1,0,0,0,0,0.003852,0.01117,0,0,0,0.149644,0.003659,0,0,0.010978,0,0.021956,0,0,D5474350,PXMG,03/26/2026 10:57:56 PM,BPD436,8M5CL,8M5CL,07/02/2026 5:05:08 PM,8M5CL,D1D,3,7673481,,,,,,,,,,,,,,,,,,
D547435,20,KJ40U020WFD1,0,0,0,0,0,0.003659,0.010978,0,0,0.219555,0,0,0,0.003659,0,0.014637,0,0,D5474350,PXMG,03/26/2026 10:57:56 PM,BPD436,8M5CL,8M5CL,07/02/2026 5:06:24 PM,8M5CL,D1D,4,7673616,,,,,,,,,,,,,,,,,,
D547451,1,KJ57U001WFG4,0,0,0,0,0,0,0,0,0,0.155052,0.007383,0,0,0,0,0.003692,0,,D5474510,PXMG,03/26/2026 11:07:59 PM,BPD446,8M5CL,8M5CL,07/02/2026 3:45:03 PM,8M5CL,D1D,1,7677692,,,,,,,,,,,,,,,,,,
D547451,46,KJ5DR046WFC4,0,0,0,0,0.003659,0.003659,0,0,0,0.157348,0,0,0,0.007319,0,0.007319,0,,D5474510,PXMG,03/26/2026 11:07:59 PM,BPD446,8M5CL,8M5CL,07/02/2026 4:40:12 PM,8M5CL,D1D,2,7677657,,,,,,,,,,,,,,,,,,
D549648,63,GT8DH063JKF3,0,0,0,0,0.003692,0,0,0,0,0.135979,0,0,0,0.003692,0,0.003999,0.02615,0,D5496480,PXMG,03/27/2026 2:43:08 AM,BPD436,8M5CL,8M5CL,06/30/2026 7:00:28 PM,8M5CL,D1D,1,7755298,,,,,,,,,,,,,,,,,,
D549648,66,GT8DH066JKD3,0,0,0,0,0.003659,0,0,0,0,0.24517,0,0,0,0,0,0.003659,0.003659,0,D5496480,PXMG,03/27/2026 2:43:08 AM,BPD436,8M5CL,8M5CL,06/30/2026 6:36:08 PM,8M5CL,D1D,2,7755486,,,,,,,,,,,,,,,,,,
D549116,13,MCK3P013WAA5,0,0,0,0,0.011075,0,0.011075,0,0,0.328564,0,0,0,0.007383,0.003692,0,0,0,D5491160,PXMG,03/26/2026 3:50:14 AM,BPD454,8M5CL,8M5CL,06/15/2026 9:31:01 PM,8M5CL,D1D,1,7742239,,,,,,,,,,,,,,,,,,
D549116,17,MCK3P017WAC7,0,0,0,0,0.003692,0,0,0,0,0.265804,0,0,0,0,0.003692,0.003692,0.003692,0,D5491160,PXMG,03/26/2026 3:50:14 AM,BPD454,8M5CL,8M5CL,07/04/2026 2:49:51 PM,8M5CL,D1D,2,7742220,,,,,,,,,,,,,,,,,,
D548528,244,KJ69G244WFB2,0.003659,0,0,0,0.014637,0,0.010978,0,0,0.106118,0,0,0,0,0.003659,0.014637,0,,D5485280,PXMG,03/23/2026 9:51:57 AM,BPD432,8M5CL,8M5CL,07/01/2026 2:03:46 PM,8M5CL,D1D,1,7709197,,,,,,,,,,,,,,,,,,
D548528,258,KJ69G258WFA5,0,0,0,0,0,0.007319,0,0,0,0.120755,0,0,0,0,0,0.010978,0,,D5485280,PXMG,03/23/2026 9:51:57 AM,BPD432,8M5CL,8M5CL,07/01/2026 1:03:51 PM,8M5CL,D1D,2,7709224,,,,,,,,,,,,,,,,,,
D549600,21,KJ67E021WFE0,0,0,0,0,0.003692,0.003876,0.003876,0,0,0.162067,0,0,0,0,0.003692,0,0,0,D5496000,PXMG,03/24/2026 10:32:33 AM,BPD432,8M5CL,8M5CL,06/07/2026 5:27:29 PM,8M5CL,D1D,1,7738620,,,,,,,,,,,,,,,,,,
D549600,175,KJ67E175WFF6,0,0,0,0,0.011075,0.003692,0,0,0,0.088601,0,0,0,0,0,0,0.003692,,D5496000,PXMG,03/24/2026 10:32:33 AM,BPD432,8M5CL,8M5CL,06/07/2026 11:51:25 PM,8M5CL,D1D,2,7738629,,,,,,,,,,,,,,,,,,
D548533,563,KJ6GR563WFF2,0,0,0,0,0,0.003692,0,0,0,0.162436,0,0,0,0,0,0.033226,0.003692,,D5485330,PXMG,03/22/2026 1:39:02 AM,BPD448,8M5CL,8M5CL,05/22/2026 7:55:01 AM,8M5CL,D1D,1,7712702,,,,,,,,,,,,,,,,,,
D548533,609,KJ6GR609WFC7,0,0,0,0,0.003692,0,0.003692,0,0,0.158744,0,0,0,0,0,0.011075,0,,D5485330,PXMG,03/22/2026 1:39:02 AM,BPD448,8M5CL,8M5CL,05/23/2026 6:38:41 AM,8M5CL,D1D,2,7712640,,,,,,,,,,,,,,,,,,
D548493,405,GT3FZ405JKB4,0,0,0,0,0,0,0,0,0,0.216549,0,0,0,0,0,0.007218,0.003609,,D5484930,PNCB,03/22/2026 3:24:14 AM,BPD446,8M5CL,8M5CL,05/27/2026 3:18:18 PM,8M5CL,D1D,1,7702178,,,,,,,,,,,,,,,,,,
D548493,406,GT3FZ406JKF6,0.003584,0,0,0,0.003584,0.010751,0,0,0,0.225764,0.003584,0,0,0,0,0.007167,0,,D5484930,PNCB,03/22/2026 3:24:14 AM,BPD446,8M5CL,8M5CL,06/07/2026 5:45:26 PM,8M5CL,D1D,2,7702225,,,,,,,,,,,,,,,,,,
D549124,666,GU6EW666JDA2,0,0,0,0,0.018296,0.010978,0.018296,0,0,0.14637,0,0,0,0.025615,0.003659,0.040252,0.003659,,D5491240,PXMG,03/22/2026 12:53:33 AM,BPD454,8M5CL,8M5CL,04/08/2026 2:09:48 PM,8M5CL,D1D,1,7744986,,,,,,,,,,,,,,,,,,
D549124,669,GU6EW669JDF5,0,0,0,0,0,0.003692,0,0,0.003692,0.118135,0,0,0,0.007383,0,0.02215,0.003692,,D5491240,PXMG,03/22/2026 12:53:33 AM,BPD454,8M5CL,8M5CL,05/24/2026 1:58:38 AM,8M5CL,D1D,2,7744959,,,,,,,,,,,,,,,,,,
D549121,332,KJ6GY332WFG5,0,0,0,0,0.010978,0,0.003659,0,0,0.303718,0,0,0,0,0,0.032933,0.003659,0,D5491210,PXMG,03/22/2026 11:40:02 AM,BPD450,8M5CL,8M5CL,05/28/2026 6:11:46 AM,8M5CL,D1D,1,7742379,,,,,,,,,,,,,,,,,,
D549121,334,KJ6GY334WFA3,0,0,0,0,0.014637,0.003659,0.007319,0,0,0.139052,0,0,0,0.003659,0,0.010978,0.007319,,D5491210,PXMG,03/22/2026 11:40:02 AM,BPD450,8M5CL,8M5CL,05/28/2026 8:03:59 AM,8M5CL,D1D,2,7742345,,,,,,,,,,,,,,,,,,
D548534,21,KJ6GQ021WFE7,0,0,0,0,0.007383,0.003692,0.007383,0,0,0.10706,0,0,0,0,0,0.007383,0,,D5485340,PXMG,03/23/2026 7:25:49 AM,BPD432,8M5CL,8M5CL,05/26/2026 1:07:25 AM,8M5CL,D1D,1,7712369,,,,,,,,,,,,,,,,,,
D548534,42,KJ6GQ042WFD3,0,0,0,0,0.003659,0,0.003659,0,0,0.131733,0,0,0,0.007319,0.003659,0,0,,D5485340,PXMG,03/23/2026 7:25:49 AM,BPD432,8M5CL,8M5CL,04/08/2026 2:09:08 PM,8M5CL,D1D,2,7712450,,,,,,,,,,,,,,,,,,
D549122,286,5DWYB286MVB2,0,0,0,0,0.003757,0.003757,0,0,0,0.431011,0,0,0,0.003757,0,0.018784,0,0,D5491220,PXMG,03/28/2026 4:14:14 PM,BPD454,8M5CL,8M5CL,06/15/2026 9:22:50 PM,8M5CL,D1D,1,7742443,,,,,,,,,,,,,,,,,,
D549122,299,5DWYB299MVD6,0,0,0,0,0,0,0.014767,0,0,0.258421,0,0,0,0,0,0.011075,0,0,D5491220,PXMG,03/28/2026 4:14:14 PM,BPD454,8M5CL,8M5CL,06/15/2026 3:26:44 PM,8M5CL,D1D,2,7742528,,,,,,,,,,,,,,,,,,
D550165,76,KJ7KY076WFG4,0,0,0,0,0.003659,0,0.003659,0,0,0.242608,0,0,0,0,0.00677,0.025066,0,0,D5501650,PXMG,03/28/2026 11:56:16 PM,BPD454,8M5CL,8M5CL,07/14/2026 12:57:08 AM,8M5CL,D1D,1,7774378,,,,,,,,,,,,,,,,,,
D550165,88,KJ7KY088WFE6,0,0,0,0,0,0.007319,0,0,0,0.318355,0,0,0,0,0,0.003659,0,0,D5501650,PXMG,03/28/2026 11:56:16 PM,BPD454,8M5CL,8M5CL,07/14/2026 3:23:41 AM,8M5CL,D1D,2,7774359,,,,,,,,,,,,,,,,,,
D550172,22,MCK3P022WAA7,0,0,0,0,0.003659,0.036593,0,0,0,0.135392,0,0,0,0.010978,0,0.010978,0.007319,,D5501720,PXMG,04/04/2026 11:16:00 PM,BPD432,8M5CL,8M5CL,07/13/2026 11:16:45 PM,8M5CL,D1D,1,7777450,,,,,,,,,,,,,,,,,,
D550172,46,MCK3P046WAE6,0,0,0,0,0.007319,0.003659,0,0,0,0.131733,0,0,0,0.003659,0,0.007319,0,,D5501720,PXMG,04/04/2026 11:16:00 PM,BPD432,8M5CL,8M5CL,07/14/2026 1:27:37 AM,8M5CL,D1D,2,7777403,,,,,,,,,,,,,,,,,,
D550172,178,MCK3P178WAD6,0,0,0,0,0.007319,0.003659,0,0,0,0.19394,0,0,0,0.007319,0,0,0,0,D5501720AK,PXMG,04/04/2026 11:04:42 PM,BPD458,8M5CL,8M5CL,07/14/2026 1:28:12 AM,8M5CL,D1D,1,8379204,,,,,,,,,,,,,,,,,,
D550172,212,MCK3P212WAC0,0,0,0,0,0.003659,0,0,0.003659,0,0.263466,0,0,0,0,0.003659,0.003659,0,0,D5501720AK,PXMG,04/04/2026 11:04:42 PM,BPD458,8M5CL,8M5CL,07/13/2026 10:59:36 PM,8M5CL,D1D,2,8379189,,,,,,,,,,,,,,,,,,
D550172,229,MCK3P229WAG6,0,0,0,0,0,0.003692,0,0,0,0.206737,0,0,0,0.003692,0,0.014767,0,,D5501720AK,PXMG,04/04/2026 11:04:42 PM,BPD458,8M5CL,8M5CL,07/13/2026 11:06:38 PM,8M5CL,D1D,3,8379168,,,,,,,,,,,,,,,,,,
D550172,239,MCK3P239WAD7,0,0,0,0,0,0.003692,0,0,0,0.158744,0.003692,0,0,0.003692,0,0.011075,0,,D5501720AK,PXMG,04/04/2026 11:04:42 PM,BPD458,8M5CL,8M5CL,07/13/2026 11:10:03 PM,8M5CL,D1D,4,8379188,,,,,,,,,,,,,,,,,,
D548536,126,GT4TS126JKH0,0,0,0,0,0,0,0,0,0,0.124415,0,0,0,0,0,0.003659,0.007319,,D5485360,PXMG,04/04/2026 7:31:39 AM,BPD450,8M5CL,8M5CL,07/26/2026 12:26:00 PM,8M5CL,D1D,1,7712748,,,,,,,,,,,,,,,,,,
D548536,128,GT4TS128JKA6,0,0,0,0,0.003659,0,0,0,0,0.109778,0,0,0,0.003659,0,0.010978,0,,D5485360,PXMG,04/04/2026 7:31:39 AM,BPD450,8M5CL,8M5CL,06/19/2026 10:06:40 PM,8M5CL,D1D,2,7712788,,,,,,,,,,,,,,,,,,
D550166,112,KJ7KY112WFF7,0,0.003659,0,0,0,0,0,0,0,0.109778,0,0,0,0.007319,0.003659,0.018296,0,,D5501660,PXMG,04/03/2026 4:50:25 AM,BPD436,8M5CL,8M5CL,04/08/2026 2:06:56 PM,8M5CL,D1D,1,7774558,,,,,,,,,,,,,,,,,,
D550166,123,KJ7KY123WFH2,0,0,0,0,0.003692,0.003692,0,0,0,0.140286,0,0,0,0,0,0.007383,0,,D5501660,PXMG,04/03/2026 4:50:25 AM,BPD436,8M5CL,8M5CL,07/14/2026 1:12:08 AM,8M5CL,D1D,2,7774689,,,,,,,,,,,,,,,,,,
D550166,286,KJ7KY286WFB7,0,0,0,0,0,0.003659,0,0,0,0.113437,0,0,0,0,0,0,0,,D5501660,PXMG,04/03/2026 4:50:25 AM,BPD436,8M5CL,8M5CL,07/14/2026 12:21:21 AM,8M5CL,D1D,3,7774643,,,,,,,,,,,,,,,,,,
D550166,313,KJ7KY313WFB0,0,0,0,0,0.003692,0.003692,0.003692,0,0,0.162436,0,0,0,0,0,0.011075,0.003692,,D5501660,PXMG,04/03/2026 4:50:25 AM,BPD436,8M5CL,8M5CL,07/13/2026 11:12:54 PM,8M5CL,D1D,4,7774624,,,,,,,,,,,,,,,,,,
D549649,90,GT8DH090JKG1,0,0,0,0,0.003659,0.003659,0,0,0,0.128074,0,0,0,0.003659,0,0.018296,0,,D5496490,PXMG,04/02/2026 10:56:25 AM,BPD432,8M5CL,8M5CL,07/14/2026 12:02:37 AM,8M5CL,D1D,1,7755387,,,,,,,,,,,,,,,,,,
D549649,91,GT8DH091JKD0,0,0,0,0,0.007383,0.003692,0.003692,0,0,0.169819,0,0,0,0.003692,0,0.003692,0,,D5496490,PXMG,04/02/2026 10:56:25 AM,BPD432,8M5CL,8M5CL,07/14/2026 12:21:26 AM,8M5CL,D1D,2,7755340,,,,,,,,,,,,,,,,,,
D549649,92,GT8DH092JKH2,0,0,0,0,0.003659,0.003659,0.007319,0,0,0.139052,0,0,0,0.003659,0,0.007319,0,,D5496490,PXMG,04/02/2026 10:56:25 AM,BPD432,8M5CL,8M5CL,07/27/2026 10:50:39 AM,8M5CL,D1D,3,7755363,,,,,,,,,,,,,,,,,,
D549649,93,GT8DH093JKE1,0.003692,0,0,0,0.011075,0.007383,0,0,0,0.184586,0,0,0,0.003692,0,0,0.007383,,D5496490,PXMG,04/02/2026 10:56:25 AM,BPD432,8M5CL,8M5CL,07/14/2026 12:53:35 AM,8M5CL,D1D,4,7755378,,,,,,,,,,,,,,,,,,
D550158,61,A24EB061SLF1,0.008543,0,0,0,0.004271,0,0.051257,0,0,0.572401,0,0,0,0.072614,0,0.102514,0.004271,0,D5501580AQ,PXMG,04/02/2026 1:32:26 PM,BPD444,8M5CL,8M5CL,07/03/2026 12:25:53 AM,8M5CL,D1D,1,8363213,,,,,,,,,,,,,,,,,,
D550158,64,A24EB064SLD1,0,0,0,0,0,0.003659,0,0,0,0.333724,0,0,0,0.013905,0,0.003659,0,0,D5501580AQ,PXMG,04/02/2026 1:32:26 PM,BPD444,8M5CL,8M5CL,04/08/2026 2:07:17 PM,8M5CL,D1D,2,8363286,,,,,,,,,,,,,,,,,,
D550158,72,A24EB072SLG4,0,0,0,0,0.003659,0,0,0,0,0.252488,0,0,0,0.007319,0.003659,0,0,0,D5501580AQ,PXMG,04/02/2026 1:32:26 PM,BPD444,8M5CL,8M5CL,07/04/2026 6:16:21 AM,8M5CL,D1D,3,8363253,,,,,,,,,,,,,,,,,,
D550158,81,A22MG081SLG6,0.003692,0,0,0,0,0,0.003692,0,0,0.217812,0,0,0,0.007383,0.003692,0.007383,0,0,D5501580AQ,PXMG,04/02/2026 1:32:26 PM,BPD444,8M5CL,8M5CL,07/03/2026 11:01:52 PM,8M5CL,D1D,4,8363259,,,,,,,,,,,,,,,,,,
D550158,50,A23SY050SLA7,0,0,0,0,0,0.003659,0,0,0,0.156941,0,0,0,0.011384,0,0.003659,0,0,D5501580,PXMG,04/02/2026 9:26:31 AM,BPD454,8M5CL,8M5CL,07/03/2026 11:11:03 AM,8M5CL,D1D,1,7768867,,,,,,,,,,,,,,,,,,
D550158,56,A24EB056SLH1,0,0,0,0,0,0.003659,0,0,0,0.186622,0,0,0,0.003659,0,0.018296,0.003659,0,D5501580,PXMG,04/02/2026 9:26:31 AM,BPD454,8M5CL,8M5CL,07/06/2026 5:14:09 AM,8M5CL,D1D,2,7768917,,,,,,,,,,,,,,,,,,
D550160,11,A23SY011SLB7,0,0.007383,0,0,0,0,0,0,0,0.247346,0,0,0,0,0,0.011075,0,0,D5501600,PXMG,03/31/2026 4:08:34 PM,BPD454,8M5CL,8M5CL,04/08/2026 2:07:36 PM,8M5CL,D1D,1,7772415,,,,,,,,,,,,,,,,,,
D550160,13,A23SY013SLD0,0,0,0,0,0,0,0.007383,0,0,0.180895,0,0,0,0.007383,0,0,0,,D5501600,PXMG,03/31/2026 4:08:34 PM,BPD454,8M5CL,8M5CL,06/05/2026 2:36:02 AM,8M5CL,D1D,2,7772346,,,,,,,,,,,,,,,,,,
D550164,563,5DWZC563MVC3,0,0,0,0,0,0,0.007383,0,0,0.140286,0,0,0,0.018459,0.007383,0.018459,0,,D5501640,PXMG,04/01/2026 1:02:03 AM,BPD436,8M5CL,8M5CL,06/18/2026 12:58:12 AM,8M5CL,D1D,1,7774726,,,,,,,,,,,,,,,,,,
D550164,564,5DWZC564MVG5,0,0,0,0,0,0.007319,0.014637,0,0,0.289081,0,0,0,0,0.007319,0.010978,0,0,D5501640,PXMG,04/01/2026 1:02:03 AM,BPD436,8M5CL,8M5CL,06/19/2026 5:45:36 AM,8M5CL,D1D,2,7774562,,,,,,,,,,,,,,,,,,
D550164,570,5DWZC570MVB4,0.003659,0,0,0,0.003659,0,0.007319,0,0,0.208577,0,0,0,0,0,0.003659,0,0,D5501640,PXMG,04/01/2026 1:02:03 AM,BPD436,8M5CL,8M5CL,06/19/2026 8:17:28 AM,8M5CL,D1D,3,7774662,,,,,,,,,,,,,,,,,,
D550164,572,5DWZC572MVC5,0,0,0,0,0.009148,0,0.005489,0,0.003659,0.1976,0,0,0,0.003659,0,0.007319,0.003659,0,D5501640,PXMG,04/01/2026 1:02:03 AM,BPD436,8M5CL,8M5CL,06/18/2026 4:53:58 AM,8M5CL,D1D,4,7774808,,,,,,,,,,,,,,,,,,
D550165,226,KJ7KY226WFE3,0,0,0,0,0.003659,0,0,0,0,0.289081,0,0,0,0.003659,0,0,0,0,D5501650AM,PXMG,03/29/2026 12:20:16 AM,BPD444,8M5CL,8M5CL,07/14/2026 12:20:27 AM,8M5CL,D1D,1,8338815,,,,,,,,,,,,,,,,,,
D550165,244,KJ7KG244WFF4,0,0,0,0,0.003659,0.007319,0,0,0,0.256148,0,0.003659,0,0.003659,0,0.018296,0,0,D5501650AM,PXMG,03/29/2026 12:20:16 AM,BPD444,8M5CL,8M5CL,07/14/2026 1:00:22 AM,8M5CL,D1D,2,8338841,,,,,,,,,,,,,,,,,,
D550165,252,KJ7KY252WFA7,0,0,0,0,0,0,0,0,0,0.201259,0,0,0,0.007319,0.003659,0,0,0,D5501650AM,PXMG,03/29/2026 12:20:16 AM,BPD444,8M5CL,8M5CL,07/14/2026 1:16:19 AM,8M5CL,D1D,3,8338836,,,,,,,,,,,,,,,,,,
D550165,271,KJ7KY271WFF5,0.007383,0,0,0,0.007383,0,0,0,0,0.158744,0,0,0,0.003692,0,0.003692,0,,D5501650AM,PXMG,03/29/2026 12:20:16 AM,BPD444,8M5CL,8M5CL,07/14/2026 12:53:28 AM,8M5CL,D1D,4,8338852,,,,,,,,,,,,,,,,,,
D548518,56,A22JR056SLC2,0,0,0,0,0,0.003659,0.003659,0,0,0.131733,0,0,0,0.010978,0.003659,0.007319,0.003659,,D5485180,PXMG,04/09/2026 5:47:45 PM,BPD436,8M5CL,8M5CL,06/17/2026 12:07:30 PM,8M5CL,D1D,1,7706565,,,,,,,,,,,,,,,,,,
D548518,58,A22JR058SLD3,0,0,0,0,0.003659,0,0.003659,0,0,0.180828,0,0,0,0.003659,0.007319,0.013112,0.032933,0,D5485180,PXMG,04/09/2026 5:47:45 PM,BPD436,8M5CL,8M5CL,06/17/2026 10:43:10 AM,8M5CL,D1D,2,7706480,,,,,,,,,,,,,,,,,,
D550141,527,KJ7HE527WFE2,0,0,0,0,0.010827,0.010827,0.003609,0,0,0.259859,0,0,0,0,0,0.010827,0.007218,,D5501410,PNCB,04/07/2026 5:12:54 AM,BPD432,8M5CL,8M5CL,06/06/2026 5:38:00 PM,8M5CL,D1D,1,7768986,,,,,,,,,,,,,,,,,,
D550141,568,KJ7HE568WFE3,0,0,0,0,0,0.003584,0,0,0,0.268767,0,0,0,0,0,0,0.007167,,D5501410,PNCB,04/07/2026 5:12:54 AM,BPD432,8M5CL,8M5CL,06/06/2026 7:27:31 PM,8M5CL,D1D,2,7768956,,,,,,,,,,,,,,,,,,
D550168,102,A24QC102SLD1,0,0,0,0,0,0,0.003659,0,0,0.259807,0,0,0.009148,0.020126,0,0.003659,0.010978,0,D5501680,PXMG,04/18/2026 1:37:08 PM,BPD436,8M5CL,8M5CL,07/19/2026 10:40:38 PM,8M5CL,D1D,1,7774057,,,,,,,,,,,,,,,,,,
D550168,103,A24QC103SLA0,0,0,0,0,0,0.003692,0,0,0,0.251037,0,0,0,0,0,0.014767,0.003692,0,D5501680,PXMG,04/18/2026 1:37:08 PM,BPD436,8M5CL,8M5CL,07/19/2026 10:48:54 PM,8M5CL,D1D,2,7774280,,,,,,,,,,,,,,,,,,
D550168,107,A24QC107SLC2,0.018459,0,0,0,0.004799,0,0.003692,0,0,0.197138,0,0,0,0.007383,0.003692,0.030641,0.007383,0,D5501680,PXMG,04/18/2026 1:37:08 PM,BPD436,8M5CL,8M5CL,08/07/2026 2:41:28 PM,8M5CL,D1D,3,7774134,,,,,,,,,,,,,,,,,,
D550168,109,A24QC109SLD3,0,0,0,0,0.003692,0,0.003692,0,0,0.206737,0,0,0,0.011075,0,0.003692,0.018459,0,D5501680,PXMG,04/18/2026 1:37:08 PM,BPD436,8M5CL,8M5CL,08/07/2026 11:19:34 AM,8M5CL,D1D,4,7774253,,,,,,,,,,,,,,,,,,
D549E7K,447,KJ7JA447WFD7,0,0,0,0,0,0.032616,0.00551,0,0,0.797341,0,0,0,0,0,0.00551,0,0,D549E7K0,X78E,04/20/2026 6:28:14 AM,BPD436,8M5CL,8M5CL,04/20/2026 8:17:41 AM,8M5CL,D1D,1,7764956,,,,,,,,,,,,,,,,,,
D549E7K,464,KJ7JA464WFA1,0,0,0,0,0,0,0.005273,0,0,0.669651,0,0,0,0,0,0.105457,0,,D549E7K0,X78E,04/20/2026 6:28:14 AM,BPD436,8M5CL,8M5CL,06/03/2026 9:37:54 AM,8M5CL,D1D,2,7764951,,,,,,,,,,,,,,,,,,
D603174,5,MCJ1W005WAG6,0.007383,0,0,0,0.011075,0.003692,0.003692,0,0,0.147669,0,0,0.007383,0.025842,0,0.02215,0.007383,,D6031740,PXMG,03/21/2026 8:28:17 AM,BPD442,8M5CL,8M5CL,06/30/2026 10:50:36 PM,8M5CL,D1D,1,7940868,,,,,,,,,,,,,,,,,,
D603174,7,MCJ1W007WAA4,0.003692,0,0,0,0.011075,0.003692,0,0,0,0.166128,0,0,0,0.003692,0,0,0,,D6031740,PXMG,03/21/2026 8:28:17 AM,BPD442,8M5CL,8M5CL,06/30/2026 5:33:00 PM,8M5CL,D1D,2,7940621,,,,,,,,,,,,,,,,,,
D604234,70,KJ7YT070WFG3,0,0,0.003659,0,0.007319,0.010978,0.003659,0,0,0.102459,0,0,0,0.007319,0,0.018296,0,,D6042340,PXMG,04/08/2026 10:25:49 PM,BPD442,8M5CL,8M5CL,07/02/2026 2:15:53 PM,8M5CL,D1D,1,7975379,,,,,,,,,,,,,,,,,,
D604234,93,KJ7YT093WFG0,0,0,0,0,0.003692,0.007383,0,0,0,0.099677,0,0,0,0.011075,0,0.011075,0,,D6042340,PXMG,04/08/2026 10:25:49 PM,BPD442,8M5CL,8M5CL,04/09/2026 8:16:02 AM,8M5CL,D1D,2,7975402,,,,,,,,,,,,,,,,,,
D604216,458,KJ94L458WFG1,0,0,0,0,0.010978,0.014637,0,0,0,0.329333,0,0,0,0.003659,0.003659,0.003659,0,0,D6042160,PXMG,04/18/2026 11:07:06 AM,BPD446,8M5CL,8M5CL,07/05/2026 9:21:27 AM,8M5CL,D1D,1,7968490,,,,,,,,,,,,,,,,,,
D604216,523,KJ94L523WFA0,0.007383,0,0,0,0.003692,0,0.007383,0,0,0.114444,0,0,0,0.007383,0,0.02215,0,,D6042160,PXMG,04/18/2026 11:07:06 AM,BPD446,8M5CL,8M5CL,07/03/2026 12:50:32 AM,8M5CL,D1D,2,7968444,,,,,,,,,,,,,,,,,,
D604217,144,KJ97L144WFD5,0,0,0,0,0.003659,0.007319,0.021956,0,0,0.117096,0,0,0,0.021956,0,0.0988,0,,D6042170,PXMG,04/17/2026 9:59:45 PM,BPD436,8M5CL,8M5CL,07/06/2026 2:31:56 AM,8M5CL,D1D,1,7968553,,,,,,,,,,,,,,,,,,
D604217,149,KJ7YT149WFA6,0,0,0,0,0.003692,0,0.003692,0,0,0.095985,0,0,0,0.003692,0,0.011075,0,,D6042170,PXMG,04/17/2026 9:59:45 PM,BPD436,8M5CL,8M5CL,07/06/2026 8:25:59 PM,8M5CL,D1D,2,7968478,,,,,,,,,,,,,,,,,,
D604217,153,KJ97L153WFD7,0,0,0,0,0.029534,0.003692,0.014767,0,0,0.10706,0,0,0,0.018459,0,0.014767,0,,D6042170,PXMG,04/17/2026 11:13:05 PM,BPD444,8M5CL,8M5CL,07/04/2026 10:49:43 PM,8M5CL,D1D,3,7968665,,,,,,,,,,,,,,,,,,
D604217,154,KJ97L154WFA6,0,0,0,0,0.025615,0.010978,0.003659,0,0,0.113437,0,0,0,0,0,0.018296,0.003659,,D6042170,PXMG,04/17/2026 11:13:05 PM,BPD444,8M5CL,8M5CL,07/07/2026 2:08:14 AM,8M5CL,D1D,4,7968632,,,,,,,,,,,,,,,,,,
D604217,171,KJ97L171WFE3,0,0,0,0,0.018459,0.003692,0.007383,0,0,0.12921,0,0,0,0.003692,0,0.036917,0,,D6042170,PXMG,04/17/2026 11:13:05 PM,BPD444,8M5CL,8M5CL,07/04/2026 11:43:28 PM,8M5CL,D1D,5,7968585,,,,,,,,,,,,,,,,,,
D603185,30,KJ7YR030WFC3,0,0,0,0,0,0,0,0,0,0.205833,0,0,0,0,0,0.013722,0.003659,0,D6031850,PXMG,04/12/2026 7:33:50 PM,BPD454,8M5CL,8M5CL,04/13/2026 7:23:25 AM,8M5CL,D1D,1,7938479,,,,,,,,,,,,,,,,,,
D603185,55,KJ7YR055WFD1,0,0,0,0,0,0,0.003692,0,0,0.158744,0,0,0,0,0,0,0,,D6031850,PXMG,04/12/2026 7:33:50 PM,BPD454,8M5CL,8M5CL,04/13/2026 7:24:16 AM,8M5CL,D1D,2,7938525,,,,,,,,,,,,,,,,,,
D603184,255,KJ7YN255WFH2,0,0,0,0,0,0,0.014767,0,0,0.092293,0,0,0,0.018459,0,0.018459,0,,D6031840,PXMG,04/16/2026 12:32:14 AM,BPD444,8M5CL,8M5CL,07/03/2026 11:24:47 PM,8M5CL,D1D,1,7938410,,,,,,,,,,,,,,,,,,
D603184,259,KJ7YN259WFC1,0,0,0,0,0.007383,0,0.007383,0,0,0.099677,0,0.003692,0,0.018459,0,0.003692,0,,D6031840,PXMG,04/16/2026 12:32:14 AM,BPD444,8M5CL,8M5CL,07/03/2026 11:49:12 PM,8M5CL,D1D,2,7938464,,,,,,,,,,,,,,,,,,
D603167,58,KJ7YR058WFB1,0,0,0,0,0.014637,0.007319,0.003659,0,0,0.157348,0,0,0,0,0.003659,0,0,,D6031670,PXMG,04/15/2026 1:23:12 PM,BPD442,8M5CL,8M5CL,07/20/2026 10:30:56 PM,8M5CL,D1D,1,7942572,,,,,,,,,,,,,,,,,,
D603167,249,KJ7YN249WFF0,0,0,0,0,0.003692,0.007383,0,0,0,0.180895,0,0,0,0.011075,0,0.007383,0,,D6031670,PXMG,04/15/2026 1:23:12 PM,BPD442,8M5CL,8M5CL,08/09/2026 8:36:54 PM,8M5CL,D1D,2,7942550,,,,,,,,,,,,,,,,,,
D604219,594,KJ9HF594WFF0,0,0,0,0,0.003659,0.003659,0,0,0,0.159635,0,0,0,0.007319,0.005031,0.007319,0,0,D6042190,PXMG,04/15/2026 10:24:27 AM,BPD444,8M5CL,8M5CL,06/17/2026 4:24:48 AM,8M5CL,D1D,1,7968634,,,,,,,,,,,,,,,,,,
D604219,595,KJ9HF595WFB7,0,0,0,0,0,0,0,0,0.003692,0.147669,0,0,0,0.003692,0,0.003692,0.003692,,D6042190,PXMG,04/15/2026 10:24:27 AM,BPD444,8M5CL,8M5CL,06/17/2026 8:32:09 PM,8M5CL,D1D,2,7968767,,,,,,,,,,,,,,,,,,
D603183,375,KJ7KQ375WFE0,0,0,0,0,0.00482,0,0,0,0,0.1972,0,0,0,0.00964,0.00482,0.053017,0,0,D6031830,PXMG,04/19/2026 7:52:15 AM,BPD454,8M5CL,8M5CL,07/03/2026 4:47:11 PM,8M5CL,D1D,1,7938262,,,,,,,,,,,,,,,,,,
D603183,380,KJ7KQ380WFC0,0,0,0,0,0,0,0,0,0,0.281762,0,0,0,0.003659,0,0.021956,0,0,D6031830,PXMG,04/19/2026 7:52:15 AM,BPD454,8M5CL,8M5CL,07/04/2026 6:22:37 AM,8M5CL,D1D,2,7938312,,,,,,,,,,,,,,,,,,
D603180,38,A25YU038SLB7,0,0,0,0,0.003659,0.007319,0,0,0.003659,0.117096,0,0,0,0,0,0.014637,0.003659,,D6031800,PXMG,04/19/2026 10:28:45 PM,BPD436,8M5CL,8M5CL,04/20/2026 8:03:51 AM,8M5CL,D1D,1,7938417,,,,,,,,,,,,,,,,,,
D603180,50,A25YU050SLG3,0,0,0,0,0.072708,0.012091,0.006046,0,0,0.12521,0,0,0,0.006046,0,0.012091,0,0,D6031800,PXMG,04/19/2026 10:28:45 PM,BPD436,8M5CL,8M5CL,07/05/2026 6:06:55 AM,8M5CL,D1D,2,7938411,,,,,,,,,,,,,,,,,,
D604218,5,KJA6K005WFC3,0,0,0,0,0.011075,0,0.007383,0,0,0.110752,0,0,0,0.018459,0.003692,0.007383,0,,D6042180,PXMG,04/25/2026 11:43:57 PM,BPD432,8M5CL,8M5CL,07/20/2026 12:44:21 PM,8M5CL,D1D,1,7968398,,,,,,,,,,,,,,,,,,
D604218,24,KJA6K024WFH1,0,0,0,0,0.003659,0.007319,0.010978,0,0,0.0988,0,0,0,0.007319,0,0.003659,0.003659,,D6042180,PXMG,04/25/2026 11:43:57 PM,BPD432,8M5CL,8M5CL,07/22/2026 4:38:49 PM,8M5CL,D1D,2,7968382,,,,,,,,,,,,,,,,,,
D604223,134,ICDKA134MME7,0,0,0,0,0,0,0,0,0,0.120755,0,0,0,0,0,0.003659,0,,D6042230,PXMG,04/25/2026 11:02:32 PM,BPD432,8M5CL,8M5CL,06/09/2026 10:33:54 AM,8M5CL,D1D,1,7972947,,,,,,,,,,,,,,,,,,
D604223,139,ICDKA139MME0,0,0,0,0,0,0.003692,0,0,0,0.155052,0,0,0,0.007383,0,0.011075,0,,D6042230,PXMG,04/25/2026 11:02:32 PM,BPD432,8M5CL,8M5CL,06/09/2026 3:24:41 AM,8M5CL,D1D,2,7972901,,,,,,,,,,,,,,,,,,
D604240,209,KJA6F209WFB0,0,0,0,0,0,0.003692,0.003692,0,0,0.132902,0,0,0,0.007383,0,0.003692,0.003692,,D6042400,PXMG,04/24/2026 5:32:53 AM,BPD450,8M5CL,8M5CL,06/10/2026 5:54:45 AM,8M5CL,D1D,1,7977305,,,,,,,,,,,,,,,,,,
D604240,297,KJA6F297WFD4,0,0,0,0,0.01329,0.003692,0.007383,0,0,0.273926,0,0,0,0.003692,0.003692,0.02658,0,0,D6042400,PXMG,04/24/2026 5:32:53 AM,BPD450,8M5CL,8M5CL,06/10/2026 7:40:28 AM,8M5CL,D1D,2,7977347,,,,,,,,,,,,,,,,,,
D605329,6,KJ9PL006WFD5,0,0,0,0,0.003659,0.004269,0.026225,0,0,0.200039,0,0,0,0.014637,0,0,0.003659,0,D6053290,PXMG,04/24/2026 9:23:41 AM,BPD448,8M5CL,8M5CL,08/09/2026 4:10:44 AM,8M5CL,D1D,1,8010060,,,,,,,,,,,,,,,,,,
D605329,21,KJ9PL021WFG1,0.003692,0,0,0,0.025842,0,0,0,0,0.110752,0,0,0,0,0,0.003692,0,,D6053290,PXMG,04/24/2026 9:23:41 AM,BPD448,8M5CL,8M5CL,08/09/2026 4:48:48 PM,8M5CL,D1D,2,8010035,,,,,,,,,,,,,,,,,,
D603162,11,GS4VR011JKC2,0,0,0,0,0.003692,0,0.003692,0,0,0.208583,0,0,0,0,0,0.009229,0,0,D6031620,PXMG,04/24/2026 4:55:49 PM,BPD436,8M5CL,8M5CL,06/21/2026 7:43:30 AM,8M5CL,D1D,1,7942074,,,,,,,,,,,,,,,,,,
D603162,29,GS4VR029JKD7,0.003692,0,0,0,0,0,0,0,0,0.103368,0,0,0,0,0,0,0,,D6031620,PXMG,04/24/2026 4:55:49 PM,BPD436,8M5CL,8M5CL,06/21/2026 9:54:16 PM,8M5CL,D1D,2,7942166,,,,,,,,,,,,,,,,,,
D604221,107,IEFQD107MMF3,0,0,0,0,0,0.007383,0,0,0,0.184586,0,0,0,0.007383,0,0,0.003692,0,D6042210,PXMG,04/23/2026 3:21:55 PM,BPD442,8M5CL,8M5CL,07/13/2026 3:18:50 PM,8M5CL,D1D,1,7972878,,,,,,,,,,,,,,,,,,
D604221,110,IEFQD110MMC2,0,0,0,0,0.003659,0,0,0,0,0.204918,0,0,0,0.007319,0,0.014637,0,0,D6042210,PXMG,04/23/2026 3:21:55 PM,BPD442,8M5CL,8M5CL,07/12/2026 5:06:33 AM,8M5CL,D1D,2,7972873,,,,,,,,,,,,,,,,,,
D605322,1,MCAED001WAD5,0,0,0,0,0.007383,0,0,0,0,0.12921,0,0,0,0.003692,0.003692,0.033226,0,,D6053220,PXMG,04/23/2026 3:21:21 PM,BPD446,8M5CL,8M5CL,07/20/2026 10:13:58 PM,8M5CL,D1D,1,8010040,,,,,,,,,,,,,,,,,,
D605322,5,MCAED005WAF7,0,0,0,0,0,0,0.003692,0,0,0.118135,0,0,0,0.007383,0,0.018459,0,,D6053220,PXMG,04/23/2026 3:21:21 PM,BPD446,8M5CL,8M5CL,07/21/2026 4:28:13 PM,8M5CL,D1D,2,8010218,,,,,,,,,,,,,,,,,,
D604231,51,A29M4051SLG5,0,0,0,0,0.017167,0,0.009783,0,0,0.198246,0,0,0,0,0.003692,0.007383,0,0,D6042310,PXMG,04/22/2026 1:42:18 PM,BPD454,8M5CL,8M5CL,07/05/2026 6:51:32 PM,8M5CL,D1D,1,7975061,,,,,,,,,,,,,,,,,,
D604231,52,A29M4052SLD4,0,0,0,0,0,0.003659,0,0,0,0.102459,0,0,0,0.003659,0.003659,0,0,,D6042310,PXMG,04/22/2026 1:42:18 PM,BPD454,8M5CL,8M5CL,07/05/2026 12:46:53 AM,8M5CL,D1D,2,7975158,,,,,,,,,,,,,,,,,,
D604225,452,KJ9HB452WFA0,0,0,0,0,0,0,0,0,0,0.102459,0,0,0,0.014637,0,0.010978,0.010978,,D6042250,PXMG,04/22/2026 4:16:03 AM,BPD458,8M5CL,8M5CL,06/29/2026 5:09:33 PM,8M5CL,D1D,1,7972549,,,,,,,,,,,,,,,,,,
D604225,454,KJ9HB454WFB1,0,0,0,0,0.010978,0,0.014942,0,0,0.11984,0,0,0,0.003659,0,0.026225,0,0,D6042250,PXMG,04/22/2026 4:16:03 AM,BPD458,8M5CL,8M5CL,07/02/2026 9:04:17 AM,8M5CL,D1D,2,7972608,,,,,,,,,,,,,,,,,,
D605332,151,GT9ZQ151JKD6,0,0,0,0,0,0,0,0,0,0.08491,0,0.003692,0,0,0,0.003692,0.003692,,D6053320,PXMG,04/22/2026 12:51:00 PM,BPD442,8M5CL,8M5CL,08/10/2026 6:10:16 AM,8M5CL,D1D,1,8012855,,,,,,,,,,,,,,,,,,
D605332,152,GT9ZQ152JKA5,0,0,0,0,0,0.011344,0.003659,0,0,0.182597,0,0.003659,0,0,0,0.003659,0,0,D6053320,PXMG,04/22/2026 12:51:00 PM,BPD442,8M5CL,8M5CL,08/09/2026 9:07:13 PM,8M5CL,D1D,2,8012895,,,,,,,,,,,,,,,,,,
D605321,567,KJ9HF567WFE2,0,0,0,0,0,0.008122,0,0,0,0.161328,0,0,0,0,0,0.004061,0,0,D6053210,PXMG,04/22/2026 12:32:38 PM,BPD442,8M5CL,8M5CL,07/21/2026 1:35:00 AM,8M5CL,D1D,1,8008190,,,,,,,,,,,,,,,,,,
D605321,568,KJ9HF568WFB1,0,0,0,0,0.007319,0,0.010978,0,0,0.191588,0,0,0,0.01333,0,0.003659,0,0,D6053210,PXMG,04/22/2026 12:32:38 PM,BPD442,8M5CL,8M5CL,07/21/2026 11:58:23 AM,8M5CL,D1D,2,8008235,,,,,,,,,,,,,,,,,,
D605317,332,KJA6E332WFF5,0,0,0,0,0.018296,0.007319,0.003659,0,0,0.24517,0,0,0,0.007319,0,0.007319,0,0,D6053170,PXMG,04/27/2026 8:31:51 PM,BPD442,8M5CL,8M5CL,07/22/2026 4:53:06 PM,8M5CL,D1D,1,8008150,,,,,,,,,,,,,,,,,,
D605317,436,KJA6E436WFH0,0,0,0,0,0,0.006953,0,0,0,0.238217,0,0,0,0.003659,0,0.010978,0,0,D6053170,PXMG,04/27/2026 8:31:51 PM,BPD442,8M5CL,8M5CL,07/23/2026 3:06:08 PM,8M5CL,D1D,2,8008042,,,,,,,,,,,,,,,,,,
D603187,597,GS7FG597JKF4,0,0,0,0,0,0.014767,0.007383,0,0,0.10706,0,0,0,0.003692,0.003692,0.059068,0,,D6031870,PXMG,04/26/2026 12:01:45 AM,BPD432,8M5CL,8M5CL,04/26/2026 7:56:00 AM,8M5CL,D1D,1,7937599,,,,,,,,,,,,,,,,,,
D603187,599,GS7FG599JKG5,0,0,0,0,0.011075,0.003692,0,0,0,0.12921,0,0,0,0.007383,0,0,0,,D6031870,PXMG,04/26/2026 12:01:45 AM,BPD432,8M5CL,8M5CL,07/03/2026 12:31:21 AM,8M5CL,D1D,2,7937515,,,,,,,,,,,,,,,,,,
D605323,877,GS7PC877JKA2,0,0,0,0,0,0,0.003692,0,0,0.225195,0,0,0,0.007383,0,0.014767,0,0,D6053230,PXMG,04/26/2026 7:40:04 AM,BPD448,8M5CL,8M5CL,04/27/2026 7:59:27 AM,8M5CL,D1D,1,8010050,,,,,,,,,,,,,,,,,,
D605323,879,GS7PC879JKB3,0.003692,0,0,0,0,0.003692,0.014767,0,0,0.339639,0.003692,0,0,0,0.011075,0.014767,0.003692,0,D6053230,PXMG,04/26/2026 7:40:04 AM,BPD448,8M5CL,8M5CL,07/03/2026 5:09:14 PM,8M5CL,D1D,2,8010057,,,,,,,,,,,,,,,,,,
D605318,426,GS8QK426JKH0,0,0,0,0,0.003659,0,0.003659,0,0,0.142711,0,0,0,0.010978,0,0.003659,0.007319,,D6053180,PXMG,04/26/2026 3:26:10 PM,BPD446,8M5CL,8M5CL,07/20/2026 12:47:45 PM,8M5CL,D1D,1,8008084,,,,,,,,,,,,,,,,,,
D605318,428,GS8QK428JKA6,0,0,0,0,0.007319,0,0.003659,0,0,0.142711,0,0,0,0,0,0.018296,0,,D6053180,PXMG,04/26/2026 3:26:10 PM,BPD446,8M5CL,8M5CL,07/20/2026 12:28:18 PM,8M5CL,D1D,2,8007985,,,,,,,,,,,,,,,,,,
D604208,5,5DXBQ005MVE4,0,0,0,0,0.003609,0,0.003609,0,0,0.227377,0,0,0,0,0,0,0,,D6042080,PNCB,04/26/2026 8:06:02 PM,BPD432,8M5CL,8M5CL,07/07/2026 12:37:38 PM,8M5CL,D1D,1,7970300,,,,,,,,,,,,,,,,,,
D604208,11,5DXBQ011MVG6,0,0,0,0,0.007218,0.003609,0.007218,0,0,0.274296,0,0,0,0.014437,0,0.014437,0,,D6042080,PNCB,04/26/2026 8:06:02 PM,BPD432,8M5CL,8M5CL,07/07/2026 1:24:23 PM,8M5CL,D1D,2,7970365,,,,,,,,,,,,,,,,,,
D605314,554,GT9LN554JKG6,0,0,0,0,0,0,0,0,0,0.124415,0,0,0,0,0,0,0,,D6053140,PXMG,05/02/2026 11:21:10 PM,BPD432,8M5CL,8M5CL,07/03/2026 9:55:28 AM,8M5CL,D1D,1,8004809,,,,,,,,,,,,,,,,,,
D605314,556,GT9LN556JKA4,0,0,0.003659,0.003659,0,0,0,0,0,0.095141,0,0,0,0.003659,0.003659,0.003659,0,,D6053140,PXMG,05/02/2026 11:21:10 PM,BPD432,8M5CL,8M5CL,07/04/2026 3:08:58 AM,8M5CL,D1D,2,8004861,,,,,,,,,,,,,,,,,,
D605314,557,GT9LN557JKE6,0,0,0.003692,0,0,0.003692,0,0,0,0.118135,0,0,0,0,0,0.003692,0,,D6053140,PXMG,05/02/2026 11:21:10 PM,BPD432,8M5CL,8M5CL,07/04/2026 6:12:40 AM,8M5CL,D1D,3,8004964,,,,,,,,,,,,,,,,,,
D605314,558,GT9LN558JKB5,0,0,0,0,0.003659,0.010978,0.007319,0,0,0.0988,0,0,0,0.003659,0,0.014637,0,,D6053140,PXMG,05/02/2026 11:21:10 PM,BPD432,8M5CL,8M5CL,07/03/2026 9:54:09 AM,8M5CL,D1D,4,8004883,,,,,,,,,,,,,,,,,,
D605433,332,MCLPH332WAA1,0,0,0.003584,0,0,0,0.003584,0,0,0.232931,0,0,0,0.003584,0,0,0.003584,,D6054330,PNCB,05/02/2026 4:18:50 AM,BPD442,8M5CL,8M5CL,07/05/2026 5:00:33 AM,8M5CL,D1D,1,8041554,,,,,,,,,,,,,,,,,,
D605433,333,MCLPH333WAE3,0,0,0,0,0,0.003609,0,0,0,0.238204,0,0,0,0.007218,0,0.028873,0,,D6054330,PNCB,05/02/2026 4:18:50 AM,BPD442,8M5CL,8M5CL,07/05/2026 4:53:54 AM,8M5CL,D1D,2,8041600,,,,,,,,,,,,,,,,,,
D605433,363,MCLPH363WAD1,0,0,0,0,0,0,0,0,0,0.288733,0,0,0,0,0,0.003609,0,,D6054330,PNCB,05/02/2026 4:18:50 AM,BPD442,8M5CL,8M5CL,07/03/2026 1:42:47 AM,8M5CL,D1D,3,8041592,,,,,,,,,,,,,,,,,,
D605433,364,MCLPH364WAA0,0,0,0,0,0.003584,0,0,0,0,0.268767,0,0,0,0,0.003584,0.007167,0,,D6054330,PNCB,05/02/2026 4:18:50 AM,BPD442,8M5CL,8M5CL,07/02/2026 11:36:17 PM,8M5CL,D1D,4,8041580,,,,,,,,,,,,,,,,,,
D605306,694,5DXBP694MVF5,0,0,0,0,0.007167,0.007167,0.010751,0,0,0.182762,0,0,0,0.007167,0.003584,0.010751,0,,D6053060,PNCB,05/02/2026 12:25:46 PM,BPD444,8M5CL,8M5CL,07/04/2026 11:22:18 PM,8M5CL,D1D,1,8024537,,,,,,,,,,,,,,,,,,
D605306,700,5DXBP700MVG2,0,0,0,0,0.003584,0,0,0,0,0.186345,0,0,0,0,0,0,0,,D6053060,PNCB,05/02/2026 12:25:46 PM,BPD444,8M5CL,8M5CL,07/05/2026 5:11:04 AM,8M5CL,D1D,2,8024609,,,,,,,,,,,,,,,,,,
D606439,415,MCLPH415WAD0,0.367569,0,0,0,0,0.023208,0,0,0.017406,0.451436,0,0,0,0.005802,0,0.005802,0.005802,0,D6064390,PNCB,05/01/2026 4:40:48 AM,BPD448,8M5CL,8M5CL,05/06/2026 10:19:42 AM,8M5CL,D1D,1,8046853,,,,,,,,,,,,,,,,,,
D606439,444,MCLPH444WAE7,0,0,0,0,0,0,0,0,0,0.318937,0,0,0,0.003584,0,0.010751,0.007167,,D6064390,PNCB,05/01/2026 4:40:48 AM,BPD448,8M5CL,8M5CL,06/30/2026 4:53:47 PM,8M5CL,D1D,2,8046756,,,,,,,,,,,,,,,,,,
D606439,445,MCLPH445WAB6,0.003609,0,0,0,0.007218,0,0,0,0,0.274296,0,0,0,0.003609,0.003609,0,0,,D6064390,PNCB,05/01/2026 6:49:51 AM,BPD448,8M5CL,8M5CL,07/03/2026 5:21:46 PM,8M5CL,D1D,3,8046980,,,,,,,,,,,,,,,,,,
D606439,510,MCLPH510WAD0,0,0,0,0,0.003584,0.003584,0,0,0,0.336855,0,0,0,0.003584,0,0.010751,0,,D6064390,PNCB,05/01/2026 6:49:51 AM,BPD448,8M5CL,8M5CL,06/30/2026 4:34:14 PM,8M5CL,D1D,4,8046901,,,,,,,,,,,,,,,,,,
D605331,201,GT9ZQ201JKC4,0,0,0,0,0,0.003692,0.014767,0,0,0.166128,0,0,0,0.003692,0,0,0,0,D6053310,PXMG,04/30/2026 12:07:18 PM,BPD458,8M5CL,8M5CL,07/04/2026 5:58:42 AM,8M5CL,D1D,1,8013072,,,,,,,,,,,,,,,,,,
D605331,202,GT9ZQ202JKG6,0,0,0,0,0,0.003659,0.010978,0,0,0.124415,0,0,0,0.018296,0,0.010978,0,,D6053310,PXMG,04/30/2026 12:07:18 PM,BPD458,8M5CL,8M5CL,07/07/2026 8:55:54 AM,8M5CL,D1D,2,8013100,,,,,,,,,,,,,,,,,,
D604224,21,KJA6K021WFB6,0,0,0,0,0,0,0.01569,0,0,0.264881,0.003692,0,0,0,0,0.007383,0,0,D6042240,PXMG,04/30/2026 4:29:30 AM,BPD446,8M5CL,8M5CL,07/14/2026 10:51:36 AM,8M5CL,D1D,1,7972582,,,,,,,,,,,,,,,,,,
D604224,37,KJA6K037WFC2,0,0,0,0,0,0.003692,0,0,0,0.10706,0,0,0,0,0,0,0,,D6042240,PXMG,04/30/2026 4:29:30 AM,BPD446,8M5CL,8M5CL,07/14/2026 11:21:07 AM,8M5CL,D1D,2,7972641,,,,,,,,,,,,,,,,,,
D605320,540,GS8QK540JKE3,0.007319,0.003659,0,0,0,0.004966,0.010978,0,0,0.145063,0,0,0,0.014637,0.003659,0.018296,0.010978,0,D6053200,PXMG,04/30/2026 5:00:39 AM,BPD454,8M5CL,8M5CL,07/15/2026 10:50:59 PM,8M5CL,D1D,1,8007920,,,,,,,,,,,,,,,,,,
D605320,541,GS8QK541JKB2,0,0,0,0,0.008491,0,0,0,0,0.256206,0,0,0,0.007383,0,0.012183,0,0,D6053200,PXMG,04/30/2026 5:00:39 AM,BPD454,8M5CL,8M5CL,07/14/2026 12:23:06 PM,8M5CL,D1D,2,8008019,,,,,,,,,,,,,,,,,,
D605333,176,GT9ZQ176JKE4,0,0,0,0,0,0.003659,0.003659,0,0,0.241511,0,0,0,0,0.003659,0.021956,0,0,D6053330,PXMG,04/30/2026 7:53:36 AM,BPD436,8M5CL,8M5CL,08/09/2026 9:05:04 PM,8M5CL,D1D,1,8013113,,,,,,,,,,,,,,,,,,
D605333,177,GT9ZQ177JKB3,0,0,0,0,0.014767,0,0,0,0,0.29903,0,0,0,0,0,0.003692,0.003692,,D6053330,PXMG,04/30/2026 7:53:36 AM,BPD436,8M5CL,8M5CL,07/11/2026 2:03:49 PM,8M5CL,D1D,2,8012958,,,,,,,,,,,,,,,,,,
D604226,35,ICDKA035MMC5,0.003692,0,0,0,0.003692,0,0.003692,0,0,0.118135,0,0,0,0.011075,0,0,0,,D6042260,PXMG,04/29/2026 9:24:29 PM,BPD436,8M5CL,8M5CL,07/06/2026 2:17:52 AM,8M5CL,D1D,1,7974720,,,,,,,,,,,,,,,,,,
D604226,39,ICDKA039MME7,0,0,0,0,0,0.003692,0.003692,0,0,0.103368,0,0,0,0,0,0.003692,0,,D6042260,PXMG,04/29/2026 9:24:29 PM,BPD436,8M5CL,8M5CL,07/04/2026 12:19:50 PM,8M5CL,D1D,2,7974784,,,,,,,,,,,,,,,,,,
D605316,504,GT9LN504JKG3,0.003659,0,0,0,0.003659,0,0.014637,0,0,0.231996,0,0,0,0.015369,0,0.007319,0.016101,0,D6053160,PXMG,04/29/2026 9:36:13 AM,BPD450,8M5CL,8M5CL,08/10/2026 5:50:29 AM,8M5CL,D1D,1,8004945,,,,,,,,,,,,,,,,,,
D605316,505,GT9LN505JKD2,0,0,0,0,0.015587,0,0.027073,0,0,0.1489,0,0.003692,0,0.018869,0,0.007383,0,0,D6053160,PXMG,04/29/2026 9:36:13 AM,BPD450,8M5CL,8M5CL,08/09/2026 9:17:56 PM,8M5CL,D1D,2,8005015,,,,,,,,,,,,,,,,,,
D604235,40,HCHFA040MMF7,0,0,0,0,0.062207,0,0.025615,0,0,0.200039,0,0,0,0,0,0.012198,0.007319,0,D6042350,PXMG,04/29/2026 2:58:48 AM,BPD446,8M5CL,8M5CL,07/19/2026 3:24:56 AM,8M5CL,D1D,1,7977097,,,,,,,,,,,,,,,,,,
D604235,41,HCHFA041MMC6,0,0,0,0,0.003692,0.003692,0,0,0,0.132902,0,0,0,0,0,0,0.003692,,D6042350,PXMG,04/29/2026 2:58:48 AM,BPD446,8M5CL,8M5CL,07/19/2026 3:52:32 AM,8M5CL,D1D,2,7977316,,,,,,,,,,,,,,,,,,
D604232,27,A29ZA027SLD4,0.003692,0,0,0,0.011075,0,0,0,0,0.197138,0,0,0,0.008122,0,0.064236,0,0,D6042320,PXMG,05/06/2026 1:08:33 AM,BPD442,8M5CL,8M5CL,07/11/2026 3:17:48 PM,8M5CL,D1D,1,7975390,,,,,,,,,,,,,,,,,,
D604232,28,A29ZA028SLA3,0,0,0,0,0.003659,0.006221,0,0,0,0.170521,0,0,0,0.007319,0,0.013539,0.003659,0,D6042320,PXMG,05/06/2026 1:08:33 AM,BPD442,8M5CL,8M5CL,07/11/2026 5:44:11 PM,8M5CL,D1D,2,7975257,,,,,,,,,,,,,,,,,,
D605324,15,A28JU015SLH1,0,0,0,0,0,0.007383,0.007383,0,0,0.262113,0,0,0,0.003692,0,0.011075,0,0,D6053240,PXMG,05/05/2026 4:15:53 AM,BPD450,8M5CL,8M5CL,05/06/2026 8:44:15 AM,8M5CL,D1D,1,8010198,,,,,,,,,,,,,,,,,,
D605324,19,A28JU019SLC0,0,0,0,0,0,0.011075,0,0,0,0.265804,0,0,0,0,0,0.003692,0,0,D6053240,PXMG,05/05/2026 4:15:53 AM,BPD450,8M5CL,8M5CL,05/06/2026 8:48:43 AM,8M5CL,D1D,2,8010199,,,,,,,,,,,,,,,,,,
D604228,6,IEFPA006MMF2,0,0,0,0,0.037507,0.007319,0,0,0,0.26987,0,0,0,0.007319,0.003659,0.003659,0,0,D6042280,PXMG,05/06/2026 5:00:19 AM,BPD450,8M5CL,8M5CL,07/11/2026 2:27:23 PM,8M5CL,D1D,1,7975333,,,,,,,,,,,,,,,,,,
D604228,9,IEFPA009MMD2,0,0,0,0,0.003909,0,0,0,0,0.279485,0,0,0,0.007818,0,0.007818,0,0,D6042280,PXMG,05/06/2026 5:00:19 AM,BPD450,8M5CL,8M5CL,07/11/2026 2:57:19 PM,8M5CL,D1D,2,7975214,,,,,,,,,,,,,,,,,,
D605312,712,GT9LM712JKA2,0,0,0,0,0.007319,0,0,0,0,0.351288,0,0,0,0,0,0.003659,0,0,D6053120,PXMG,05/04/2026 11:53:19 AM,BPD444,8M5CL,8M5CL,07/06/2026 6:45:02 PM,8M5CL,D1D,1,8004998,,,,,,,,,,,,,,,,,,
D605312,713,GT9LM713JKE4,0.003692,0,0,0,0.007383,0.007383,0.003692,0,0,0.247346,0,0,0,0.003692,0,0.018459,0,0,D6053120,PXMG,05/04/2026 11:53:19 AM,BPD444,8M5CL,8M5CL,07/06/2026 7:10:16 PM,8M5CL,D1D,2,8005064,,,,,,,,,,,,,,,,,,
D604E6B,34,A28E5034SLH0,0,0,0,0,0.005273,0.005273,0,0,0,0.342735,0,0,0,0.026364,0,0,0,,D604E6B0,X78E,05/03/2026 3:42:46 AM,BPD432,8M5CL,8M5CL,06/07/2026 9:06:47 AM,8M5CL,D1D,1,7995609,,,,,,,,,,,,,,,,,,
D604E6B,38,A28E5038SLB7,0,0,0,0,0.005273,0.005273,0,0,0,0.305825,0,0,0,0,0,0.005273,0,,D604E6B0,X78E,05/03/2026 3:42:46 AM,BPD432,8M5CL,8M5CL,06/07/2026 10:34:23 AM,8M5CL,D1D,2,7995494,,,,,,,,,,,,,,,,,,
D604238,29,A29WC029SLD6,0,0,0,0,0.003692,0.007383,0.003692,0,0,0.223165,0,0,0,0.009414,0,0,0,0,D6042380AP,PXMG,05/07/2026 12:36:40 PM,BPD450,8M5CL,8M5CL,07/19/2026 5:56:45 AM,8M5CL,D1D,1,8571163,,,,,,,,,,,,,,,,,,
D604238,115,A29JN115SLF4,0,0,0,0,0.007383,0,0.007383,0,0,0.103368,0,0,0,0,0,0,0,,D6042380AP,PXMG,05/07/2026 12:36:40 PM,BPD450,8M5CL,8M5CL,07/18/2026 3:44:19 AM,8M5CL,D1D,2,8571152,,,,,,,,,,,,,,,,,,
D604238,157,A29WC157SLA4,0.003692,0,0,0,0.003692,0.007383,0,0,0,0.099677,0,0,0,0.011075,0,0.003692,0.014767,,D6042380AP,PXMG,05/07/2026 12:36:40 PM,BPD450,8M5CL,8M5CL,07/19/2026 7:13:59 PM,8M5CL,D1D,3,8572571,,,,,,,,,,,,,,,,,,
D604238,164,A29WC164SLH0,0,0,0,0,0,0,0.003659,0,0,0.212237,0,0,0,0.007319,0,0,0,0,D6042380AP,PXMG,05/07/2026 12:36:40 PM,BPD450,8M5CL,8M5CL,07/19/2026 5:43:13 AM,8M5CL,D1D,4,8572639,,,,,,,,,,,,,,,,,,
D604238,27,A29WC027SLC5,0.003692,0,0,0,0.003692,0,0.003692,0,0,0.092293,0,0,0,0.007383,0,0.114444,0,,D6042380,PXMG,05/08/2026 2:39:06 AM,BPD454,8M5CL,8M5CL,07/18/2026 3:50:02 AM,8M5CL,D1D,1,7977580,,,,,,,,,,,,,,,,,,
D604238,31,A29WC031SLD6,0,0,0,0,0,0.003692,0.003692,0,0,0.12921,0,0,0,0,0,0.003692,0,,D6042380,PXMG,05/08/2026 2:39:06 AM,BPD454,8M5CL,8M5CL,07/19/2026 6:26:33 AM,8M5CL,D1D,2,7977507,,,,,,,,,,,,,,,,,,
D605E99,101,A28MA101SLB0,0,0,0,0,0,0,0.005289,0,0,0.476024,0,0,0,0.005289,0,0,0,,D605E990,X78E,05/07/2026 6:05:10 AM,BPD442,8M5CL,8M5CL,06/06/2026 7:12:58 AM,8M5CL,D1D,1,8040042,,,,,,,,,,,,,,,,,,
D605E99,105,A28MA105SLD2,0,0,0,0,0.010578,0.005289,0,0.005289,0,0.497181,0,0,0,0.010578,0,0.005289,0,,D605E990,X78E,05/07/2026 6:05:10 AM,BPD442,8M5CL,8M5CL,06/06/2026 8:52:37 AM,8M5CL,D1D,2,8040196,,,,,,,,,,,,,,,,,,
D606448,214,MCLPM214WAC3,0.003659,0,0,0,0.003659,0.010978,0,0,0,0.142711,0,0,0,0.007319,0,0,0,,D6064480,PXMG,05/10/2026 4:43:23 AM,BPD436,8M5CL,8M5CL,08/09/2026 1:13:23 PM,8M5CL,D1D,1,8044608,,,,,,,,,,,,,,,,,,
D606448,334,MCLPH334WAB2,0,0,0,0,0.010978,0,0.010978,0,0,0.128074,0,0,0,0.003659,0.003659,0.018296,0,,D6064480,PXMG,05/10/2026 4:43:23 AM,BPD436,8M5CL,8M5CL,08/09/2026 7:12:25 PM,8M5CL,D1D,2,8044508,,,,,,,,,,,,,,,,,,
D605338,13,KJ9PL013WFC6,0.003692,0,0,0,0,0,0,0,0,0.169819,0,0,0,0.003692,0.014767,0.011075,0,,D6053380,PXMG,05/22/2026 9:43:45 AM,BPD454,8M5CL,8M5CL,08/01/2026 12:20:16 PM,8M5CL,D1D,1,8013066,,,,,,,,,,,,,,,,,,
D605338,32,KJ9PL032WFA1,0.003659,0,0,0,0.003659,0.011941,0,0,0.003659,0.246903,0,0.003659,0,0,0.007319,0.019259,0,0,D6053380,PXMG,05/22/2026 9:43:45 AM,BPD454,8M5CL,8M5CL,05/25/2026 9:52:45 AM,8M5CL,D1D,2,8013032,,,,,,,,,,,,,,,,,,
D605338,310,KJ9PL310WFC1,0,0,0,0,0.003659,0.003659,0,0,0,0.157348,0,0,0,0.003659,0.007319,0.007319,0.003659,,D6053380,PXMG,05/22/2026 9:43:45 AM,BPD454,8M5CL,8M5CL,08/01/2026 1:25:29 PM,8M5CL,D1D,3,8013011,,,,,,,,,,,,,,,,,,
D604239,50,A29UH050SLE3,0,0,0,0,0.007319,0.007319,0.003659,0,0,0.139052,0,0,0,0.003659,0,0.007319,0.007319,,D6042390,PXMG,05/26/2026 1:01:56 AM,BPD436,8M5CL,8M5CL,08/12/2026 1:22:01 AM,8M5CL,D1D,1,7977451,,,,,,,,,,,,,,,,,,
D604239,90,A28WK090SLF4,0.003659,0,0,0,0.003659,0.007319,0,0,0,0.124415,0,0,0,0.003659,0.007319,0.003659,0.003659,,D6042390,PXMG,05/26/2026 1:01:56 AM,BPD436,8M5CL,8M5CL,08/10/2026 1:58:43 AM,8M5CL,D1D,2,7977322,,,,,,,,,,,,,,,,,,
D603E3K,38,A29PB038SLE6,0,0,0,0,0,0.005649,0,0,0,0.631988,0,0,0,0,0,0.005649,0,0,D603E3K0,X78E,06/23/2026 8:01:54 PM,BPD436,8M5CL,8M5CL,08/16/2026 12:32:17 PM,8M5CL,D1D,1,7961509,,,,,,,,,,,,,,,,,,
D603E3K,40,A29PB040SLE6,0,0,0,0,0.010994,0,0,0,0,0.50552,0,0,0,0,0,0.005497,0,0,D603E3K0,X78E,06/23/2026 8:01:54 PM,BPD436,8M5CL,8M5CL,06/24/2026 8:48:45 AM,8M5CL,D1D,2,7961455,,,,,,,,,,,,,,,,,,
D603E3J,228,GT4TS228JKH2,0,0,0,0,0,0,0,0,0,0.274188,0,0,0,0,0.005273,0,0,,D603E3J0,X78E,06/30/2026 3:04:17 AM,BPD436,8M5CL,8M5CL,08/10/2026 6:46:35 AM,8M5CL,D1D,1,7961628,,,,,,,,,,,,,,,,,,
D603E3J,229,GT4TS229JKE1,0,0,0,0,0,0,0,0,0,0.206277,0,0,0,0,0,0,0,,D603E3J0,X78E,06/30/2026 3:04:17 AM,BPD436,8M5CL,8M5CL,08/12/2026 1:38:07 AM,8M5CL,D1D,2,7961431,,,,,,,,,,,,,,,,,,
D601542,326,GT6QX326JKB7,0,0,0,0,0.008649,0.003659,0.003659,0,0,0.166995,0,0,0,0.003659,0,0.010978,0,0,D6015420,PXMG,03/27/2026 12:33:37 PM,BPD432,8M5CL,8M5CL,06/10/2026 7:44:02 AM,8M5CL,D1D,1,7869392,,,,,,,,,,,,,,,,,,
D601542,327,GT6QX327JKG1,0,0,0,0,0.011075,0.007383,0.003692,0,0,0.166128,0,0,0,0.007383,0,0.011075,0.003692,,D6015420,PXMG,03/27/2026 12:33:37 PM,BPD432,8M5CL,8M5CL,06/10/2026 1:42:36 AM,8M5CL,D1D,2,7869411,,,,,,,,,,,,,,,,,,
D601567,184,5DXAN184MVB6,0,0,0,0,0.029274,0,0.003659,0,0,0.157348,0,0,0,0.007319,0,0,0.003659,0,D6015670,PXMG,04/04/2026 7:29:52 AM,BPD444,8M5CL,8M5CL,06/16/2026 5:58:55 AM,8M5CL,D1D,1,7890707,,,,,,,,,,,,,,,,,,
D601567,194,5DXAN194MVG2,0,0,0,0,0.007319,0,0,0,0,0.208577,0,0,0,0,0,0,0,0,D6015670,PXMG,04/04/2026 7:29:52 AM,BPD444,8M5CL,8M5CL,06/16/2026 6:26:42 AM,8M5CL,D1D,2,7890694,,,,,,,,,,,,,,,,,,
D602627,746,GT5JE746JKG7,0,0,0,0,0,0.003659,0.003659,0,0,0.19394,0,0,0,0,0,0.003659,0,0,D6026270,PXMG,04/03/2026 2:10:58 PM,BPD442,8M5CL,8M5CL,06/30/2026 4:47:42 PM,8M5CL,D1D,1,7903594,,,,,,,,,,,,,,,,,,
D602627,759,GT5JE759JKC0,0,0,0,0,0,0.003692,0.003692,0,0,0.143977,0,0,0,0,0,0,0,,D6026270,PXMG,04/03/2026 2:10:58 PM,BPD442,8M5CL,8M5CL,06/30/2026 4:59:47 PM,8M5CL,D1D,2,7903539,,,,,,,,,,,,,,,,,,
D602627,761,GT5JE761JKC0,0,0,0,0,0,0.003692,0.003692,0,0,0.125519,0,0,0,0,0.007383,0.011075,0.003692,,D6026270,PXMG,04/03/2026 2:10:58 PM,BPD442,8M5CL,8M5CL,06/30/2026 4:46:53 PM,8M5CL,D1D,3,7903615,,,,,,,,,,,,,,,,,,
D602627,765,GT5JE765JKE2,0,0,0,0,0,0,0.007383,0,0,0.173511,0,0,0,0.003692,0.018459,0.007383,0.003692,,D6026270,PXMG,04/03/2026 2:10:58 PM,BPD442,8M5CL,8M5CL,06/30/2026 4:47:01 PM,8M5CL,D1D,4,7903663,,,,,,,,,,,,,,,,,,
D601559,19,A23UP019SLB5,0.003692,0,0,0,0.011075,0.003692,0.011075,0,0,0.095985,0,0,0.003692,0.003692,0.003692,0.018459,0,,D6015590,PXMG,04/03/2026 12:00:45 AM,BPD448,8M5CL,8M5CL,06/19/2026 3:00:10 AM,8M5CL,D1D,1,7889923,,,,,,,,,,,,,,,,,,
D601559,21,A23UP021SLB5,0,0,0,0,0.007383,0.003692,0.003692,0,0,0.077526,0,0,0,0,0,0,0,,D6015590,PXMG,04/03/2026 12:00:45 AM,BPD448,8M5CL,8M5CL,06/20/2026 9:08:57 AM,8M5CL,D1D,2,7889766,,,,,,,,,,,,,,,,,,
D601561,32,GT9FQ032JKG2,0,0,0,0,0,0,0,0,0,0.175644,0,0,0,0,0,0,0,,D6015610,PXMG,04/02/2026 9:26:56 PM,BPD458,8M5CL,8M5CL,06/08/2026 1:01:52 AM,8M5CL,D1D,1,7889828,,,,,,,,,,,,,,,,,,
D601561,36,GT9FQ036JKB1,0,0,0,0,0.003659,0.003659,0,0,0,0.190281,0.007319,0,0,0.003659,0,0.007319,0.003659,,D6015610,PXMG,04/02/2026 9:26:56 PM,BPD458,8M5CL,8M5CL,06/04/2026 10:53:55 AM,8M5CL,D1D,2,7889925,,,,,,,,,,,,,,,,,,
D601506,163,5DXAI163MVB3,0,0,0.003609,0,0,0.007218,0,0,0,0.25625,0,0,0,0.003609,0.003609,0.003609,0.003609,,D6015060,PNCB,03/30/2026 3:13:31 PM,BPD432,8M5CL,8M5CL,06/04/2026 1:43:17 AM,8M5CL,D1D,1,7873165,,,,,,,,,,,,,,,,,,
D601506,167,5DXAI167MVD5,0,0,0,0,0,0,0,0,0,0.202113,0,0,0,0.010827,0,0.025264,0.003609,,D6015060,PNCB,03/30/2026 3:13:31 PM,BPD432,8M5CL,8M5CL,06/03/2026 3:26:43 AM,8M5CL,D1D,2,7873074,,,,,,,,,,,,,,,,,,
D601506,175,5DXAI175MVH0,0,0,0,0,0.003609,0,0.003609,0,0,0.223768,0,0,0,0.007218,0.003609,0.010827,0,,D6015060,PNCB,03/30/2026 3:13:31 PM,BPD432,8M5CL,8M5CL,06/03/2026 3:22:04 AM,8M5CL,D1D,3,7873113,,,,,,,,,,,,,,,,,,
D601506,179,5DXAI179MVB7,0,0,0,0,0,0.007218,0.007218,0,0,0.252641,0,0,0,0.003609,0,0.003609,0.003609,,D6015060,PNCB,03/30/2026 3:13:31 PM,BPD432,8M5CL,8M5CL,06/03/2026 1:38:18 PM,8M5CL,D1D,4,7873134,,,,,,,,,,,,,,,,,,
D601554,1,GT9FQ001JKD2,0,0,0,0,0.004799,0,0.003692,0,0,0.172404,0,0,0,0,0,0,0.003692,0,D6015540,PXMG,03/31/2026 8:34:12 PM,BPD448,8M5CL,8M5CL,06/30/2026 11:06:30 PM,8M5CL,D1D,1,7886956,,,,,,,,,,,,,,,,,,
D601554,2,GT9FQ002JKA1,0,0,0,0,0.003659,0.010978,0.007319,0,0,0.205467,0,0,0,0.010429,0,0.010978,0,0,D6015540,PXMG,03/31/2026 8:34:12 PM,BPD448,8M5CL,8M5CL,06/30/2026 11:41:46 PM,8M5CL,D1D,2,7886723,,,,,,,,,,,,,,,,,,
D602851,480,KJ7KQ480WFB1,0,0,0,0,0,0,0,0.004111,0,0.702917,0,0,0,0.008221,0,0,0,,D602851A,PR8B,03/29/2026 6:56:39 AM,BPD442,8M5CL,8M5CL,04/08/2026 2:08:22 PM,8M5CL,D1D,1,8199089,,,,,,,,,,,,,,,,,,
D602851,481,KJ7KQ481WFF3,0,0,0,0,0,0.003247,0.009742,0,0,0.337707,0,0,0,0,0,0,0,,D602851A,PR8B,03/29/2026 6:56:39 AM,BPD442,8M5CL,8M5CL,04/08/2026 2:08:42 PM,8M5CL,D1D,2,8199087,,,,,,,,,,,,,,,,,,
D602851,483,KJ7KQ483WFG4,0,0,0,0,0.006494,0.003247,0,0,0,0.350696,0,0,0,0,0,0.003247,0,,D602851A,PR8B,03/29/2026 6:56:39 AM,BPD442,8M5CL,8M5CL,04/08/2026 2:08:44 PM,8M5CL,D1D,3,8199015,,,,,,,,,,,,,,,,,,
D602851,484,KJ7KQ484WFD3,0.012913,0,0,0,0,0.012913,0.006457,0,0,0.832919,0,0,0,0,0,0,0,,D602851A,PR8B,03/29/2026 6:56:39 AM,BPD442,8M5CL,8M5CL,04/08/2026 2:08:29 PM,8M5CL,D1D,4,8199064,,,,,,,,,,,,,,,,,,
D602851,505,KJ7KQ505WFA2,0,0,0,0,0.005282,0.005282,0,0,0,0.728871,0,0,0,0,0,0.005282,0,,D602851A,PR8B,03/29/2026 6:56:39 AM,BPD442,8M5CL,8M5CL,04/08/2026 2:08:51 PM,8M5CL,D1D,5,8199031,,,,,,,,,,,,,,,,,,
D602851,511,KJ7KQ511WFC4,0,0,0,0,0,0,0,0,0,0.33446,0,0,0,0,0,0.012989,0,,D602851A,PR8B,03/29/2026 6:56:39 AM,BPD442,8M5CL,8M5CL,04/08/2026 2:08:31 PM,8M5CL,D1D,6,8199020,,,,,,,,,,,,,,,,,,
D601543,554,MCJ1P554WAD2,0,0,0,0,0,0.010246,0,0,0,0.220287,0,0,0,0.003659,0.003659,0.007319,0,0,D6015430,PXMG,04/05/2026 1:25:42 AM,BPD450,8M5CL,8M5CL,07/04/2026 11:06:56 PM,8M5CL,D1D,1,7869452,,,,,,,,,,,,,,,,,,
D601543,560,MCJ1P560WAF4,0,0,0,0,0.010978,0.077088,0.003659,0,0,0.211993,0,0,0,0.003659,0,0.018296,0,0,D6015430,PXMG,04/05/2026 1:25:42 AM,BPD450,8M5CL,8M5CL,07/05/2026 1:34:22 AM,8M5CL,D1D,2,7869380,,,,,,,,,,,,,,,,,,
D602109,26,KJ7KK026WFA7,0.007319,0,0,0,0.010978,0.003659,0.003659,0,0,0.168326,0,0,0,0,0,0.014637,0.003659,0,D6021090,PXMG,04/11/2026 12:17:56 AM,BPD448,8M5CL,8M5CL,07/21/2026 1:00:44 AM,8M5CL,D1D,1,7907792,,,,,,,,,,,,,,,,,,
D602109,27,KJ7KK027WFF1,0,0,0,0,0,0.004027,0,0,0,0.128875,0,0,0,0,0,0.003692,0,0,D6021090,PXMG,04/11/2026 12:17:56 AM,BPD448,8M5CL,8M5CL,07/19/2026 12:04:04 PM,8M5CL,D1D,2,7907743,,,,,,,,,,,,,,,,,,
D602104,4,KJ7KK004WFF4,0,0,0,0,0.003659,0,0.010978,0,0,0.106118,0,0,0,0,0,0.010978,0,,D6021040,PXMG,04/09/2026 8:25:11 PM,BPD450,8M5CL,8M5CL,06/22/2026 4:39:27 AM,8M5CL,D1D,1,7907507,,,,,,,,,,,,,,,,,,
D602104,21,KJ7KK021WFB6,0,0,0,0,0.02215,0,0.003692,0,0,0.10706,0,0,0,0,0,0.003692,0,,D6021040,PXMG,04/09/2026 8:25:11 PM,BPD450,8M5CL,8M5CL,06/22/2026 7:14:07 AM,8M5CL,D1D,2,7907584,,,,,,,,,,,,,,,,,,
D601571,148,5DXBG148MVB1,0.020492,0,0,0,0.003659,0,0.003659,0,0,0.16613,0,0,0,0,0,0.014637,0.003659,0,D6015710,PXMG,04/10/2026 8:36:32 AM,BPD458,8M5CL,8M5CL,07/19/2026 12:38:43 PM,8M5CL,D1D,1,7890633,,,,,,,,,,,,,,,,,,
D601571,156,5DXBG156MVE4,0,0,0,0,0.003659,0,0,0,0,0.234192,0,0,0,0.003659,0.003659,0.003659,0,0,D6015710,PXMG,04/10/2026 8:36:32 AM,BPD458,8M5CL,8M5CL,07/19/2026 12:04:05 PM,8M5CL,D1D,2,7890728,,,,,,,,,,,,,,,,,,
D603136,15,A26FX015SLH2,0.003692,0,0,0,0,0,0,0,0,0.099677,0,0,0,0.007383,0,0.007383,0,,D6031360,PXMG,04/09/2026 7:11:18 PM,BPD432,8M5CL,8M5CL,07/19/2026 1:39:26 PM,8M5CL,D1D,1,7937636,,,,,,,,,,,,,,,,,,
D603136,21,A26FX021SLC1,0,0,0,0,0.003692,0,0.007383,0,0,0.092293,0,0,0,0.003692,0,0.014767,0,,D6031360,PXMG,04/09/2026 7:11:18 PM,BPD432,8M5CL,8M5CL,07/19/2026 2:05:44 PM,8M5CL,D1D,2,7937739,,,,,,,,,,,,,,,,,,
D602101,36,A25YU036SLA6,0,0,0,0,0.010978,0.003659,0.007319,0,0,0.113437,0,0,0,0,0.003659,0,0,,D6021010,PXMG,04/10/2026 10:27:41 PM,BPD454,8M5CL,8M5CL,07/06/2026 1:26:37 AM,8M5CL,D1D,1,7905064,,,,,,,,,,,,,,,,,,
D602101,37,A25YU037SLF0,0.003692,0,0,0,0.003692,0.007383,0.011075,0,0,0.077526,0,0,0,0.018459,0,0.007383,0,,D6021010,PXMG,04/10/2026 10:27:41 PM,BPD454,8M5CL,8M5CL,07/02/2026 2:52:33 PM,8M5CL,D1D,2,7905063,,,,,,,,,,,,,,,,,,
D601555,155,A24ZQ155SLE2,0,0,0,0,0.014767,0,0.011075,0,0,0.184586,0,0,0,0.02215,0,0.007383,0,,D6015550,PXMG,04/10/2026 3:56:33 PM,BPD446,8M5CL,8M5CL,07/05/2026 5:48:56 AM,8M5CL,D1D,1,7886866,,,,,,,,,,,,,,,,,,
D601555,156,A24ZQ156SLB1,0.003659,0,0,0,0,0.003659,0,0,0,0.179303,0,0,0,0.003659,0.003659,0,0.003659,0,D6015550,PXMG,04/10/2026 3:56:33 PM,BPD446,8M5CL,8M5CL,07/05/2026 12:25:28 AM,8M5CL,D1D,2,7886792,,,,,,,,,,,,,,,,,,
D601558,13,A25GX013SLH2,0,0,0,0,0.017905,0.003692,0,0,0,0.229441,0,0,0,0,0,0.007383,0,0,D6015580,PXMG,04/09/2026 11:50:36 PM,BPD444,8M5CL,8M5CL,06/16/2026 3:17:02 PM,8M5CL,D1D,1,7889872,,,,,,,,,,,,,,,,,,
D601558,16,A25GX016SLF2,0.003659,0,0,0,0.003659,0.005672,0,0,0,0.213883,0,0,0,0,0,0.014637,0,0,D6015580,PXMG,04/09/2026 11:50:36 PM,BPD444,8M5CL,8M5CL,06/17/2026 12:14:52 AM,8M5CL,D1D,2,7889988,,,,,,,,,,,,,,,,,,
D602644,2,GT7EJ002JKF4,0,0,0,0,0.01137,0,0.034109,0,0,0.158263,0,0,0,0.01895,0.00379,0.00758,0.00379,0,D6026440,PXMG,04/08/2026 10:07:37 PM,BPD442,8M5CL,8M5CL,07/19/2026 12:56:43 PM,8M5CL,D1D,1,7912479,,,,,,,,,,,,,,,,,,
D602644,3,GT7EJ003JKC3,0,0,0,0,0.003692,0,0.007383,0,0,0.280571,0,0,0,0,0,0.003692,0.007383,0,D6026440,PXMG,04/08/2026 10:07:37 PM,BPD442,8M5CL,8M5CL,07/19/2026 12:37:19 PM,8M5CL,D1D,2,7912585,,,,,,,,,,,,,,,,,,
D602624,679,GT6ER679JKD5,0,0,0,0,0.003692,0,0,0,0,0.10706,0,0,0,0.007383,0.007383,0.003692,0,,D6026240,PXMG,04/09/2026 4:10:31 PM,BPD432,8M5CL,8M5CL,06/02/2026 3:39:02 AM,8M5CL,D1D,1,7903330,,,,,,,,,,,,,,,,,,
D602624,680,GT6ER680JKG6,0,0,0,0,0.010978,0.014637,0.021956,0,0,0.087822,0,0,0,0.029274,0,0.010978,0,,D6026240,PXMG,04/09/2026 4:10:31 PM,BPD432,8M5CL,8M5CL,06/02/2026 3:51:32 AM,8M5CL,D1D,2,7903450,,,,,,,,,,,,,,,,,,
D602586,566,KJ7YP566WFG6,0,0,0,0,0,0.003584,0.003584,0,0,0.186345,0,0,0,0,0,0.028668,0.003584,,D6025860,PNCB,04/08/2026 4:13:45 AM,BPD450,8M5CL,8M5CL,06/10/2026 3:16:13 PM,8M5CL,D1D,1,7909720,,,,,,,,,,,,,,,,,,
D602586,567,KJ7YP567WFD5,0,0,0,0,0,0,0,0,0,0.252641,0,0.003609,0,0,0.003609,0.021655,0.003609,,D6025860,PNCB,04/08/2026 4:13:45 AM,BPD450,8M5CL,8M5CL,06/09/2026 2:20:28 PM,8M5CL,D1D,2,7909757,,,,,,,,,,,,,,,,,,
D601541,305,GT5VX305JKB6,0,0,0,0,0,0,0,0,0,0.210428,0,0.003692,0,0,0.003692,0,0.011075,0,D6015410,PXMG,04/07/2026 9:15:06 AM,BPD432,8M5CL,8M5CL,06/30/2026 10:47:32 PM,8M5CL,D1D,1,7869572,,,,,,,,,,,,,,,,,,
D601541,306,GT5VX306JKG0,0,0,0,0,0,0,0,0,0,0.117096,0,0,0,0.003659,0,0.010978,0,,D6015410,PXMG,04/07/2026 9:15:06 AM,BPD432,8M5CL,8M5CL,06/30/2026 11:39:10 PM,8M5CL,D1D,2,7869434,,,,,,,,,,,,,,,,,,
D602850,758,KJ7KR758WFE5,0,0,0,0,0,0,0.003489,0,0,0.226804,0,0,0,0.006979,0,0.003489,0,,D6028500,PR8B,04/06/2026 4:04:37 PM,BPD458,8M5CL,8M5CL,08/08/2026 1:36:00 PM,8M5CL,D1D,1,7903172,,,,,,,,,,,,,,,,,,
D602850,759,KJ7KR759WFB4,0,0,0,0,0.006494,0,0,0,0,0.214314,0,0,0,0,0,0,0.003247,,D6028500,PR8B,04/06/2026 4:04:37 PM,BPD458,8M5CL,8M5CL,08/08/2026 1:03:50 PM,8M5CL,D1D,2,7903175,,,,,,,,,,,,,,,,,,
D602850,760,KJ7KR760WFE5,0,0,0,0,0,0,0,0,0,0.205868,0,0,0,0,0,0,0.003489,,D6028500,PR8B,04/06/2026 4:04:37 PM,BPD458,8M5CL,8M5CL,08/08/2026 12:57:03 PM,8M5CL,D1D,3,7903289,,,,,,,,,,,,,,,,,,
D602850,761,KJ7KR761WFB4,0,0,0,0,0,0,0,0,0,0.293822,0,0,0,0,0,0,0,,D6028500,PR8B,04/06/2026 4:04:37 PM,BPD458,8M5CL,8M5CL,08/08/2026 1:22:09 PM,8M5CL,D1D,4,7903251,,,,,,,,,,,,,,,,,,
D602105,10,KJ7YR010WFA6,0,0,0,0,0.003659,0,0.007319,0,0,0.153689,0,0,0,0.014637,0,0.014637,0.003659,,D6021050,PXMG,04/12/2026 8:20:29 PM,BPD446,8M5CL,8M5CL,07/27/2026 4:07:49 AM,8M5CL,D1D,1,7907833,,,,,,,,,,,,,,,,,,
D602105,29,KJ7YR029WFG5,0,0,0,0,0.003692,0,0,0,0.003692,0.118135,0,0,0,0.007383,0,0,0,,D6021050,PXMG,04/12/2026 8:20:29 PM,BPD446,8M5CL,8M5CL,07/26/2026 2:39:10 PM,8M5CL,D1D,2,7907804,,,,,,,,,,,,,,,,,,
D601545,146,5DXBG146MVA0,0.003659,0,0,0,0,0.010978,0,0,0,0.164666,0,0,0,0,0,0.003659,0,,D6015450,PXMG,04/13/2026 11:20:23 AM,BPD458,8M5CL,8M5CL,06/21/2026 11:21:37 AM,8M5CL,D1D,1,7883554,,,,,,,,,,,,,,,,,,
D601545,149,5DXBG149MVF3,0,0,0,0,0.014767,0.003692,0.003692,0,0,0.140286,0,0,0,0.007383,0,0.014767,0,,D6015450,PXMG,04/13/2026 11:20:23 AM,BPD458,8M5CL,8M5CL,06/21/2026 3:47:53 PM,8M5CL,D1D,2,7883410,,,,,,,,,,,,,,,,,,
D602642,38,GT7EJ038JKA2,0,0,0,0,0,0.053232,0,0,0,1.437263,0,0.053232,0,0,0,0,0,0,D6026420,PXMG,04/13/2026 3:14:28 PM,BPD448,8M5CL,8M5CL,08/10/2026 8:10:05 AM,8M5CL,D1D,1,7912780,,,,,,,,,,,,,,,,,,
D602642,39,GT7EJ039JKE4,0,0,0,0,0.003692,0.011075,0,0,0,0.273188,0,0,0,0,0,0,0,0,D6026420,PXMG,04/13/2026 3:14:28 PM,BPD448,8M5CL,8M5CL,07/06/2026 4:21:50 PM,8M5CL,D1D,2,7912478,,,,,,,,,,,,,,,,,,
D602642,40,GT7EJ040JKA2,0,0,0,0,0.007319,0.003659,0,0,0,0.29274,0,0,0,0.010978,0,0.014637,0,0,D6026420,PXMG,04/13/2026 4:38:33 PM,BPD444,8M5CL,8M5CL,07/02/2026 9:58:45 PM,8M5CL,D1D,3,7912858,,,,,,,,,,,,,,,,,,
D602642,42,GT7EJ042JKB3,0,0,0,0,0,0,0.003659,0,0,0.267125,0,0,0,0.003659,0,0.003659,0,0,D6026420,PXMG,04/13/2026 4:38:33 PM,BPD444,8M5CL,8M5CL,08/09/2026 8:24:08 PM,8M5CL,D1D,4,7912631,,,,,,,,,,,,,,,,,,
D602611,6,KJD2F006WFF6,0,0,0,0,0.003584,0,0,0,0,0.21143,0,0,0,0.003584,0,0,0,,D6026110,PNCB,04/13/2026 9:04:26 PM,BPD448,8M5CL,8M5CL,06/15/2026 9:38:05 PM,8M5CL,D1D,1,7924116,,,,,,,,,,,,,,,,,,
D602611,10,KJD2F010WFG7,0,0,0,0,0.007167,0,0.003584,0,0,0.218597,0,0,0,0.007167,0,0.003584,0,,D6026110,PNCB,04/13/2026 9:04:26 PM,BPD448,8M5CL,8M5CL,06/15/2026 5:54:03 PM,8M5CL,D1D,2,7924172,,,,,,,,,,,,,,,,,,
D602611,11,KJD2F011WFD6,0.014437,0,0,0,0.003609,0,0,0,0,0.184067,0,0,0,0.007218,0,0.003609,0,,D6026110,PNCB,04/13/2026 9:04:26 PM,BPD448,8M5CL,8M5CL,06/15/2026 9:48:52 PM,8M5CL,D1D,3,7924186,,,,,,,,,,,,,,,,,,
D602611,13,KJD2F013WFE7,0,0,0,0,0.003609,0.007218,0.003609,0,0,0.202113,0,0,0,0,0,0,0,,D6026110,PNCB,04/13/2026 9:04:26 PM,BPD448,8M5CL,8M5CL,06/15/2026 1:19:00 PM,8M5CL,D1D,4,7924212,,,,,,,,,,,,,,,,,,
D602629,1,KJ7YL001WFF5,0,0,0,0,0.007383,0.007937,0,0,0,0.265251,0,0,0,0.003692,0,0.018459,0,0,D6026290,PXMG,04/18/2026 7:49:20 PM,BPD450,8M5CL,8M5CL,06/21/2026 9:31:39 AM,8M5CL,D1D,1,7907550,,,,,,,,,,,,,,,,,,
D602629,50,KJ7YL050WFB6,0,0,0,0,0,0.003659,0.007319,0,0,0.300059,0,0,0,0.003659,0,0.007319,0,0,D6026290,PXMG,04/18/2026 7:49:20 PM,BPD450,8M5CL,8M5CL,06/21/2026 9:05:24 PM,8M5CL,D1D,2,7907575,,,,,,,,,,,,,,,,,,
D602645,27,A26FX027SLF4,0,0,0,0,0.003692,0.02215,0.007383,0,0,0.095985,0,0,0,0.02215,0,0.018459,0,,D6026450,PXMG,04/17/2026 7:20:59 AM,BPD432,8M5CL,8M5CL,08/09/2026 4:08:06 AM,8M5CL,D1D,1,7912785,,,,,,,,,,,,,,,,,,
D602645,28,A26FX028SLC3,0.003659,0,0,0,0,0.003659,0,0,0,0.102459,0,0,0,0,0,0,0,,D6026450,PXMG,04/17/2026 7:20:59 AM,BPD432,8M5CL,8M5CL,07/06/2026 2:41:10 PM,8M5CL,D1D,2,7912799,,,,,,,,,,,,,,,,,,
D602618,307,KJ7KE307WFG0,0,0,0,0,0,0.003609,0,0,0,0.209331,0,0,0,0,0,0.003609,0,,D6026180,PNCB,04/14/2026 12:13:16 PM,BPD450,8M5CL,8M5CL,06/15/2026 2:40:48 PM,8M5CL,D1D,1,7923999,,,,,,,,,,,,,,,,,,
D602618,333,KJ7KE333WFC4,0,0,0,0,0.007218,0,0,0,0,0.245423,0,0,0,0.003609,0,0.018046,0,,D6026180,PNCB,04/14/2026 12:13:16 PM,BPD450,8M5CL,8M5CL,06/17/2026 2:54:54 AM,8M5CL,D1D,2,7924072,,,,,,,,,,,,,,,,,,
D602618,357,KJ7KE357WFG3,0.003609,0,0,0,0.003609,0,0,0,0,0.220159,0,0,0,0.003609,0,0.003609,0,,D6026180,PNCB,04/14/2026 12:13:16 PM,BPD450,8M5CL,8M5CL,06/16/2026 3:03:31 AM,8M5CL,D1D,3,7924030,,,,,,,,,,,,,,,,,,
D602618,412,KJ7KE412WFD1,0,0,0,0,0,0,0,0,0,0.186345,0,0,0,0.007167,0,0.003584,0,,D6026180,PNCB,04/14/2026 12:13:16 PM,BPD450,8M5CL,8M5CL,06/15/2026 4:33:44 PM,8M5CL,D1D,4,7924057,,,,,,,,,,,,,,,,,,
D601563,85,GT9FQ085JKE5,0,0,0,0,0.003692,0.007383,0.007383,0,0,0.243654,0,0,0,0.007383,0,0.092293,0,0,D6015630,PXMG,04/15/2026 8:59:27 PM,BPD436,8M5CL,8M5CL,08/01/2026 7:52:07 AM,8M5CL,D1D,1,7889751,,,,,,,,,,,,,,,,,,
D601563,86,GT9FQ086JKB4,0.007319,0,0,0,0,0,0.021956,0,0,0.259807,0,0,0,0.021956,0.003659,0.062207,0,0,D6015630,PXMG,04/15/2026 8:59:27 PM,BPD436,8M5CL,8M5CL,04/16/2026 8:07:45 AM,8M5CL,D1D,2,7889804,,,,,,,,,,,,,,,,,,
D601495,352,GT6QX352JKF6,0,0,0,0,0.003584,0,0.021501,0,0,0.197096,0,0,0,0.003584,0,0.035836,0,,D6014950,PNCB,04/15/2026 1:03:41 AM,BPD448,8M5CL,8M5CL,07/03/2026 9:43:49 PM,8M5CL,D1D,1,7869600,,,,,,,,,,,,,,,,,,
D601495,355,GT6QX355JKD6,0.003609,0,0,0,0,0.003609,0,0,0,0.249032,0,0,0,0.003609,0,0.010827,0.007218,,D6014950,PNCB,04/15/2026 1:03:41 AM,BPD448,8M5CL,8M5CL,07/02/2026 11:59:44 AM,8M5CL,D1D,2,7869601,,,,,,,,,,,,,,,,,,
D601560,60,A25GX060SLC2,0,0,0,0,0,0,0,0,0,0.289081,0,0,0,0,0,0,0,0,D6015600,PXMG,04/15/2026 1:47:50 AM,BPD446,8M5CL,8M5CL,07/12/2026 2:07:53 AM,8M5CL,D1D,1,7889801,,,,,,,,,,,,,,,,,,
D601560,61,A25GX061SLG4,0,0,0,0,0.003692,0,0,0,0,0.217812,0,0,0,0,0,0.003692,0,0,D6015600,PXMG,04/15/2026 1:47:50 AM,BPD446,8M5CL,8M5CL,07/12/2026 3:26:15 AM,8M5CL,D1D,2,7889848,,,,,,,,,,,,,,,,,,
D603127,426,GT7PS426JKF3,0,0,0,0,0,0,0,0,0,0.197096,0,0,0,0.007167,0,0,0.007167,,D6031270,PNCB,04/12/2026 10:12:30 AM,BPD448,8M5CL,8M5CL,06/09/2026 10:20:44 PM,8M5CL,D1D,1,7950883,,,,,,,,,,,,,,,,,,
D603127,427,GT7PS427JKC2,0,0,0,0,0,0,0.003609,0,0,0.216549,0,0,0,0.003609,0.003609,0.007218,0.003609,,D6031270,PNCB,04/12/2026 10:12:30 AM,BPD448,8M5CL,8M5CL,06/08/2026 4:05:01 AM,8M5CL,D1D,2,7951063,,,,,,,,,,,,,,,,,,
D602108,239,KJ7KE239WFG6,0,0,0,0,0,0,0.007383,0,0,0.151176,0,0,0,0.003692,0,0.011075,0.003876,0,D6021080,PXMG,04/16/2026 9:48:25 AM,BPD458,8M5CL,8M5CL,07/01/2026 8:29:24 PM,8M5CL,D1D,1,7907494,,,,,,,,,,,,,,,,,,
D602108,249,KJ7KE249WFD7,0,0,0,0,0,0.003692,0,0,0,0.169819,0,0,0,0,0,0.003692,0,,D6021080,PXMG,04/16/2026 9:48:25 AM,BPD458,8M5CL,8M5CL,04/17/2026 7:33:13 AM,8M5CL,D1D,2,7907709,,,,,,,,,,,,,,,,,,
D603148,527,GT7PS527JKB3,0,0,0,0,0.040609,0.003692,0.011075,0,0,0.114444,0,0,0,0.003692,0,0.003692,0,,D6031480,PXMG,04/15/2026 9:09:15 PM,BPD458,8M5CL,8M5CL,07/20/2026 10:28:26 PM,8M5CL,D1D,1,7945692,,,,,,,,,,,,,,,,,,
D603148,528,GT7PS528JKF5,0.003659,0,0,0,0.003659,0.003659,0,0,0,0.159864,0,0,0,0.008462,0,0.003659,0,0,D6031480,PXMG,04/15/2026 9:09:15 PM,BPD458,8M5CL,8M5CL,07/20/2026 10:05:19 PM,8M5CL,D1D,2,7945674,,,,,,,,,,,,,,,,,,
D602596,240,5DXBU240MVB0,0,0,0,0,0.014334,0.007167,0.032252,0,0,0.204263,0,0.003584,0,0.010751,0,0.007167,0.021501,,D6025960,PNCB,04/16/2026 2:55:25 AM,BPD448,8M5CL,8M5CL,07/03/2026 5:34:38 PM,8M5CL,D1D,1,7917218,,,,,,,,,,,,,,,,,,
D602596,252,5DXBU252MVG5,0,0,0,0,0.003584,0,0.003584,0,0,0.218597,0,0,0,0.003584,0,0.017918,0,,D6025960,PNCB,04/16/2026 2:55:25 AM,BPD448,8M5CL,8M5CL,07/03/2026 10:50:08 AM,8M5CL,D1D,2,7917339,,,,,,,,,,,,,,,,,,
D603140,130,A26LJ130SLG7,0,0,0,0,0,0.003659,0.003659,0,0,0.161007,0,0,0,0.010978,0,0.010978,0,,D6031400,PXMG,04/15/2026 6:18:40 AM,BPD436,8M5CL,8M5CL,07/19/2026 10:52:03 AM,8M5CL,D1D,1,7937816,,,,,,,,,,,,,,,,,,
D603140,132,A26LJ132SLA5,0,0,0,0,0.010978,0,0,0,0,0.113437,0,0,0,0,0,0.010978,0,,D6031400,PXMG,04/15/2026 6:18:40 AM,BPD436,8M5CL,8M5CL,07/20/2026 11:55:40 PM,8M5CL,D1D,2,7937813,,,,,,,,,,,,,,,,,,
D602641,301,GT7PS301JKF4,0,0,0,0,0.003692,0.003692,0.011075,0,0,0.125519,0,0,0,0.007383,0,0.02215,0.003692,,D6026410,PXMG,04/21/2026 11:02:02 AM,BPD436,8M5CL,8M5CL,07/19/2026 2:06:22 PM,8M5CL,D1D,1,7912570,,,,,,,,,,,,,,,,,,
D602641,302,GT7PS302JKC3,0,0,0,0,0.003659,0.010978,0,0,0,0.234192,0,0,0,0,0,0.007319,0,0,D6026410,PXMG,04/21/2026 11:02:02 AM,BPD436,8M5CL,8M5CL,07/21/2026 1:03:19 AM,8M5CL,D1D,2,7912730,,,,,,,,,,,,,,,,,,
D602633,8,5DXAX008MVC1,0.003659,0,0,0,0,0.003659,0,0,0,0.259807,0,0,0,0.003659,0,0.014637,0,0,D6026330,PXMG,04/20/2026 11:36:16 AM,BPD448,8M5CL,8M5CL,07/19/2026 12:22:55 PM,8M5CL,D1D,1,7909773,,,,,,,,,,,,,,,,,,
D602633,9,5DXAX009MVG3,0,0,0,0,0,0.003692,0.003692,0,0,0.210428,0,0,0,0.007383,0,0.011075,0,0,D6026330,PXMG,04/20/2026 11:36:16 AM,BPD448,8M5CL,8M5CL,07/19/2026 1:25:15 PM,8M5CL,D1D,2,7909835,,,,,,,,,,,,,,,,,,
D602632,173,KJ7KK173WFC3,0,0,0,0,0.007383,0,0,0,0,0.140286,0,0,0,0,0.011075,0.003692,0,,D6026320,PXMG,04/19/2026 11:46:41 PM,BPD454,8M5CL,8M5CL,08/09/2026 7:59:47 PM,8M5CL,D1D,1,7909638,,,,,,,,,,,,,,,,,,
D602632,183,KJ7KK183WFG7,0,0,0,0,0,0,0,0,0,0.110752,0,0,0,0,0,0,0,,D6026320,PXMG,04/19/2026 11:46:41 PM,BPD454,8M5CL,8M5CL,04/20/2026 8:03:55 AM,8M5CL,D1D,2,7909912,,,,,,,,,,,,,,,,,,
D603157,459,GT8RS459JKC5,0,0,0,0,0,0,0.003692,0,0,0.110752,0,0,0,0,0,0.007383,0,,D6031570,PXMG,04/25/2026 7:50:24 AM,BPD454,8M5CL,8M5CL,06/09/2026 10:09:17 PM,8M5CL,D1D,1,7944915,,,,,,,,,,,,,,,,,,
D603157,460,GT8RS460JKF6,0,0,0,0,0,0.010978,0.007319,0,0,0.142711,0,0,0,0,0,0.010978,0,,D6031570,PXMG,04/25/2026 7:50:24 AM,BPD454,8M5CL,8M5CL,06/09/2026 10:46:05 PM,8M5CL,D1D,2,7944819,,,,,,,,,,,,,,,,,,
D603157,461,GT8RS461JKC5,0,0,0,0,0.003692,0,0,0,0,0.177203,0,0,0,0.003692,0.007383,0.003692,0,,D6031570,PXMG,04/25/2026 7:50:24 AM,BPD454,8M5CL,8M5CL,06/09/2026 9:17:26 PM,8M5CL,D1D,3,7944863,,,,,,,,,,,,,,,,,,
D603157,471,GT8RS471JKH1,0,0,0,0,0.003692,0,0.007383,0,0,0.10706,0,0,0,0,0,0.02215,0,,D6031570,PXMG,04/25/2026 7:50:24 AM,BPD454,8M5CL,8M5CL,06/10/2026 6:22:49 AM,8M5CL,D1D,4,7944847,,,,,,,,,,,,,,,,,,
D603152,49,ICDKA049MMC0,0,0,0,0,0,0.003692,0.011075,0,0,0.10706,0,0,0,0,0.003692,0.003692,0.007383,,D6031520,PXMG,04/25/2026 3:18:06 PM,BPD436,8M5CL,8M5CL,07/20/2026 12:43:45 PM,8M5CL,D1D,1,7945010,,,,,,,,,,,,,,,,,,
D603152,50,ICDKA050MMF1,0.003659,0,0,0,0.007319,0.007319,0.003659,0,0,0.095141,0,0.003659,0,0,0,0.003659,0.003659,,D6031520,PXMG,04/25/2026 3:18:06 PM,BPD436,8M5CL,8M5CL,07/19/2026 7:27:39 PM,8M5CL,D1D,2,7945050,,,,,,,,,,,,,,,,,,
D603149,4,A25YU004SLA7,0.003659,0,0,0,0.007319,0,0.010978,0,0,0.117096,0,0,0,0.021956,0,0,0,,D6031490,PXMG,04/24/2026 5:49:45 AM,BPD442,8M5CL,8M5CL,07/16/2026 11:25:41 AM,8M5CL,D1D,1,7945768,,,,,,,,,,,,,,,,,,
D603149,20,A25YU020SLA2,0,0,0,0,0.003659,0.003659,0.003659,0,0,0.150029,0,0,0,0.003659,0,0.007319,0,,D6031490,PXMG,04/24/2026 5:49:45 AM,BPD442,8M5CL,8M5CL,07/16/2026 11:01:31 AM,8M5CL,D1D,2,7945826,,,,,,,,,,,,,,,,,,
D602102,4,A26LJ004SLD7,0,0,0,0,0,0.003659,0.003659,0,0,0.135392,0,0,0,0,0,0.018296,0,,D6021020,PXMG,04/23/2026 2:28:10 PM,BPD450,8M5CL,8M5CL,08/01/2026 1:33:51 AM,8M5CL,D1D,1,7905140,,,,,,,,,,,,,,,,,,
D602102,5,A26LJ005SLA6,0,0,0,0,0,0,0.003692,0,0,0.095985,0,0,0,0.007383,0,0,0,,D6021020,PXMG,04/23/2026 2:28:10 PM,BPD450,8M5CL,8M5CL,08/01/2026 7:53:32 AM,8M5CL,D1D,2,7905085,,,,,,,,,,,,,,,,,,
D603144,511,GT8RS511JKB3,0.003692,0,0,0,0.003692,0,0,0,0,0.23627,0,0,0,0,0,0.011075,0,0,D6031440,PXMG,04/28/2026 8:08:27 AM,BPD444,8M5CL,8M5CL,07/31/2026 12:51:19 AM,8M5CL,D1D,1,7945802,,,,,,,,,,,,,,,,,,
D603144,512,GT8RS512JKF5,0,0,0,0,0,0.003659,0,0,0,0.281762,0,0,0,0.003659,0,0.003659,0,0,D6031440,PXMG,04/28/2026 8:08:27 AM,BPD444,8M5CL,8M5CL,07/26/2026 3:21:48 AM,8M5CL,D1D,2,7945761,,,,,,,,,,,,,,,,,,
D601564,6,GT9FQ006JKC3,0,0,0,0,0.009148,0,0.003659,0,0,0.256148,0,0,0,0.003659,0,0.016467,0.003659,0,D6015640,PXMG,04/29/2026 2:13:04 AM,BPD432,8M5CL,8M5CL,07/04/2026 5:54:01 AM,8M5CL,D1D,1,7891187,,,,,,,,,,,,,,,,,,
D601564,7,GT9FQ007JKG5,0,0,0,0,0,0.003692,0,0,0,0.121827,0,0,0,0.003692,0,0,0,,D6015640,PXMG,04/29/2026 2:13:04 AM,BPD432,8M5CL,8M5CL,07/06/2026 2:55:00 AM,8M5CL,D1D,2,7891133,,,,,,,,,,,,,,,,,,
D602EQQ,70,A26XG070SLB5,0,0,0,0,0.005273,0,0,0,0.005273,0.569467,0,0,0,0,0,0,0,,D602EQQA,X78E,04/30/2026 1:01:11 PM,BPD436,8M5CL,8M5CL,05/06/2026 12:32:14 PM,8M5CL,D1D,1,8224541,,,,,,,,,,,,,,,,,,
D602EQQ,72,A26XG072SLC6,0,0,0,0,0,0.005273,0,0,0,0.606377,0,0,0,0,0,0.005273,0,,D602EQQA,X78E,04/30/2026 1:01:11 PM,BPD436,8M5CL,8M5CL,06/24/2026 1:43:02 PM,8M5CL,D1D,2,8224574,,,,,,,,,,,,,,,,,,
D603147,9,KJ7YR009WFF0,0,0,0,0,0.008306,0,0,0,0,0.264881,0,0.003692,0,0,0,0.011075,0,0,D6031470,PXMG,04/29/2026 4:35:30 PM,BPD436,8M5CL,8M5CL,07/04/2026 6:14:24 AM,8M5CL,D1D,1,7946169,,,,,,,,,,,,,,,,,,
D603147,19,KJ7YR019WFC1,0,0,0,0,0,0,0,0,0,0.132902,0,0,0,0.007383,0,0,0,,D6031470,PXMG,04/29/2026 4:35:30 PM,BPD436,8M5CL,8M5CL,07/03/2026 5:52:44 PM,8M5CL,D1D,2,7946038,,,,,,,,,,,,,,,,,,
D603145,531,GT7PS531JKC4,0,0,0,0,0,0,0.007383,0,0,0.221504,0,0,0,0.003692,0.003692,0.014767,0,0,D6031450,PXMG,05/19/2026 10:36:52 AM,BPD458,8M5CL,8M5CL,07/21/2026 11:29:07 AM,8M5CL,D1D,1,7945614,,,,,,,,,,,,,,,,,,
D603145,551,GT7PS551JKE1,0,0,0,0,0,0,0,0,0,0.186986,0,0,0,0.003692,0,0.004984,0,0,D6031450,PXMG,05/19/2026 10:36:52 AM,BPD458,8M5CL,8M5CL,07/21/2026 12:15:40 PM,8M5CL,D1D,2,7945709,,,,,,,,,,,,,,,,,,
D602EQQ,73,A26XG073SLH0,0,0,0,0,0,0.00544,0,0,0,0.322488,0,0,0,0,0,0,0,0,D602EQQ0,X78E,06/30/2026 11:54:14 PM,BPD446,8M5CL,8M5CL,08/04/2026 3:09:56 AM,8M5CL,D1D,1,7931042,,,,,,,,,,,,,,,,,,
D602EQQ,74,A26XG074SLD7,0,0,0,0,0.005659,0,0,0,0,0.442147,0,0,0,0.005659,0,0,0,0,D602EQQ0,X78E,06/30/2026 11:54:14 PM,BPD446,8M5CL,8M5CL,08/04/2026 3:54:50 AM,8M5CL,D1D,2,7931150,,,,,,,,,,,,,,,,,,
D602EQQ,75,A26XG075SLA6,0,0,0,0,0,0,0,0,0,0.227434,0,0.005289,0,0,0,0,0,,D602EQQ0,X78E,06/30/2026 11:54:14 PM,BPD446,8M5CL,8M5CL,08/04/2026 2:48:50 AM,8M5CL,D1D,3,7930939,,,,,,,,,,,,,,,,,,
D602EQQ,236,A25ZW236SLC6,0,0,0,0,0,0,0,0,0,0.337462,0,0,0,0.005273,0,0,0,,D602EQQ0,X78E,06/30/2026 11:54:14 PM,BPD446,8M5CL,8M5CL,08/04/2026 3:30:37 AM,8M5CL,D1D,4,7931103,,,,,,,,,,,,,,,,,,
D602107,397,KJ7KQ397WFG6,0,0,0,0,0,0,0.007383,0,0,0.177203,0,0,0,0,0.003692,0.018459,0,0,D602107A,PXMG,07/28/2026 6:13:24 AM,BPD436,8M5CL,8M5CL,08/07/2026 10:59:34 AM,8M5CL,D1D,1,9035569,,,,,,,,,,,,,,,,,,
D602107,435,KJ7KQ435WFH2,0,0,0,0,0,0.003692,0,0,0,0.136594,0,0,0,0,0,0,0,,D602107A,PXMG,07/28/2026 6:13:24 AM,BPD436,8M5CL,8M5CL,08/07/2026 10:59:24 AM,8M5CL,D1D,2,9035540,,,,,,,,,,,,,,,,,,
D602107,446,KJ7KQ446WFB2,0,0,0,0,0,0.010978,0.007319,0,0,0.168326,0,0,0,0.032933,0,0.0988,0,,D602107A,PXMG,07/28/2026 6:13:24 AM,BPD436,8M5CL,8M5CL,08/07/2026 10:59:49 AM,8M5CL,D1D,3,9035513,,,,,,,,,,,,,,,,,,
D602107,561,KJ7KQ561WFC7,0,0,0,0,0,0,0,0,0,0.309367,0,0,0,0,0.008122,0,0,0,D602107A,PXMG,07/28/2026 6:13:24 AM,BPD436,8M5CL,8M5CL,08/07/2026 10:59:26 AM,8M5CL,D1D,4,9035548,,,,,,,,,,,,,,,,,,
D602107,562,KJ7KQ562WFH1,0.003659,0,0,0,0,0,0,0,0,0.296582,0,0,0,0.007136,0.003659,0.043911,0,0,D602107A,PXMG,07/28/2026 6:13:24 AM,BPD436,8M5CL,8M5CL,08/07/2026 10:59:42 AM,8M5CL,D1D,5,9035602,,,,,,,,,,,,,,,,,,
D606456,401,GT7PS401JKE5,0,0,0,0,0.003692,0,0.003692,0,0,0.103368,0,0,0,0,0,0.003692,0,,D6064560,PXMG,04/28/2026 5:03:06 PM,BPD454,8M5CL,8M5CL,07/24/2026 3:09:28 AM,8M5CL,D1D,1,8050046,,,,,,,,,,,,,,,,,,
D606456,403,GT7PS403JKF6,0.003692,0,0,0,0.007383,0.003692,0,0,0,0.143977,0,0,0,0.003692,0,0.007383,0.007383,,D6064560,PXMG,04/28/2026 5:03:06 PM,BPD454,8M5CL,8M5CL,07/23/2026 3:54:43 PM,8M5CL,D1D,2,8049911,,,,,,,,,,,,,,,,,,
D606461,253,GT7EJ253JKB0,0,0,0,0,0.014767,0.003692,0.003692,0,0,0.287955,0,0,0,0,0,0.007383,0,,D6064610,PXMG,05/02/2026 9:39:28 PM,BPD444,8M5CL,8M5CL,07/10/2026 9:51:13 PM,8M5CL,D1D,1,8051905,,,,,,,,,,,,,,,,,,
D606461,254,GT7EJ254JKF2,0,0,0,0,0.007319,0.008416,0.003659,0,0,0.280665,0,0,0,0,0,0.007319,0,0,D6064610,PXMG,05/02/2026 9:39:28 PM,BPD444,8M5CL,8M5CL,07/11/2026 5:58:50 PM,8M5CL,D1D,2,8051927,,,,,,,,,,,,,,,,,,
D606455,303,GT7EJ303JKH1,0.003692,0,0,0,0.003692,0.008306,0.004615,0,0,0.204891,0,0,0,0.003692,0.003692,0.007383,0,0,D6064550,PXMG,05/01/2026 12:59:15 AM,BPD442,8M5CL,8M5CL,07/12/2026 10:16:24 PM,8M5CL,D1D,1,8050009,,,,,,,,,,,,,,,,,,
D606455,304,GT7EJ304JKE0,0.003659,0,0,0,0.014637,0.007319,0,0,0,0.139052,0,0,0,0.003659,0,0.010978,0.003659,,D6064550,PXMG,05/01/2026 12:59:15 AM,BPD442,8M5CL,8M5CL,07/12/2026 9:26:40 PM,8M5CL,D1D,2,8050026,,,,,,,,,,,,,,,,,,
D607550,426,KJAAC426WFF2,0,0,0,0,0.014637,0.003659,0.010978,0,0,0.157348,0,0,0,0.007319,0,0.032933,0,,D6075500,PXMG,05/01/2026 3:18:23 PM,BPD446,8M5CL,8M5CL,07/04/2026 7:01:13 AM,8M5CL,D1D,1,8085642,,,,,,,,,,,,,,,,,,
D607550,444,KJAAC444WFF6,0,0,0,0,0.003659,0,0,0,0,0.219555,0,0,0,0.003659,0.003659,0,0.003659,0,D6075500,PXMG,05/01/2026 3:18:23 PM,BPD446,8M5CL,8M5CL,07/06/2026 2:57:46 AM,8M5CL,D1D,2,8085745,,,,,,,,,,,,,,,,,,
D606454,434,GT7PS434JKB3,0.003659,0,0,0,0.018296,0.012624,0.003659,0,0,0.30939,0,0,0,0.010978,0,0.003659,0,0,D6064540,PXMG,04/28/2026 4:58:43 PM,BPD448,8M5CL,8M5CL,08/12/2026 1:10:58 AM,8M5CL,D1D,1,8050081,,,,,,,,,,,,,,,,,,
D606454,435,GT7PS435JKF5,0,0,0,0,0,0,0.014951,0,0,0.184402,0,0,0,0.003692,0,0.007383,0,0,D6064540,PXMG,04/28/2026 4:58:43 PM,BPD448,8M5CL,8M5CL,08/08/2026 12:44:21 AM,8M5CL,D1D,2,8050133,,,,,,,,,,,,,,,,,,
D606460,11,KJA9W011WFD3,0,0,0,0,0.011075,0.011075,0.011075,0,0,0.12921,0,0,0,0,0.003692,0.025842,0,,D6064600,PXMG,05/05/2026 4:33:44 AM,BPD450,8M5CL,8M5CL,08/09/2026 7:37:17 PM,8M5CL,D1D,1,8050112,,,,,,,,,,,,,,,,,,
D606460,38,KJA9W038WFF2,0,0,0,0,0,0.007319,0,0,0,0.164666,0,0,0,0,0,0.021956,0,,D6064600,PXMG,05/05/2026 4:33:44 AM,BPD450,8M5CL,8M5CL,08/09/2026 4:24:53 PM,8M5CL,D1D,2,8050230,,,,,,,,,,,,,,,,,,
D606451,29,A27VC029SLE3,0,0,0,0,0,0.007383,0.014767,0,0,0.158744,0,0,0,0.007383,0,0.003692,0.003692,,D6064510,PXMG,05/05/2026 1:16:02 AM,BPD454,8M5CL,8M5CL,08/10/2026 5:59:10 AM,8M5CL,D1D,1,8044710,,,,,,,,,,,,,,,,,,
D606451,31,A27VC031SLE3,0,0,0,0,0.036917,0,0.02215,0,0,0.319334,0,0,0,0.020304,0,0.007383,0,0,D6064510,PXMG,05/05/2026 1:16:02 AM,BPD454,8M5CL,8M5CL,08/10/2026 5:39:34 AM,8M5CL,D1D,2,8044494,,,,,,,,,,,,,,,,,,
D606451,32,A27VC032SLB2,0,0,0,0,0,0.007319,0.003659,0,0,0.120755,0,0,0,0.007319,0,0.003659,0,,D6064510,PXMG,05/05/2026 1:16:02 AM,BPD454,8M5CL,8M5CL,08/10/2026 6:18:45 AM,8M5CL,D1D,3,8044454,,,,,,,,,,,,,,,,,,
D606451,37,A27VC037SLA3,0,0,0,0,0.003692,0.003692,0.003692,0,0,0.132902,0,0,0,0.003692,0,0.014767,0,,D6064510,PXMG,05/05/2026 1:16:02 AM,BPD454,8M5CL,8M5CL,08/09/2026 3:37:56 AM,8M5CL,D1D,4,8044532,,,,,,,,,,,,,,,,,,
D607552,421,KJAAC421WFG1,0.003692,0,0,0,0.003692,0.011075,0.003692,0,0,0.372864,0,0,0,0.011075,0,0.007383,0,0,D6075520,PXMG,05/05/2026 4:47:19 PM,BPD448,8M5CL,8M5CL,08/09/2026 3:23:04 AM,8M5CL,D1D,1,8085900,,,,,,,,,,,,,,,,,,
D607552,477,KJAAC477WFC4,0,0,0,0,0.014767,0.003692,0.007383,0,0,0.291646,0,0,0,0,0,0,0.003692,0,D6075520,PXMG,05/05/2026 4:47:19 PM,BPD448,8M5CL,8M5CL,08/09/2026 8:01:16 PM,8M5CL,D1D,2,8085947,,,,,,,,,,,,,,,,,,
D606458,526,KJAUF526WFG4,0,0,0,0,0,0.003659,0,0,0,0.256148,0,0,0,0.003659,0,0.018296,0,0,D6064580,PXMG,05/03/2026 12:36:53 AM,BPD448,8M5CL,8M5CL,07/31/2026 6:55:31 PM,8M5CL,D1D,1,8050102,,,,,,,,,,,,,,,,,,
D606458,533,KJAUF533WFF5,0,0,0,0,0.003692,0.008122,0,0,0,0.246607,0,0,0,0,0,0.003692,0,0,D6064580,PXMG,05/03/2026 12:36:53 AM,BPD448,8M5CL,8M5CL,07/31/2026 4:41:59 PM,8M5CL,D1D,2,8050093,,,,,,,,,,,,,,,,,,
D606459,270,KJA9T270WFB1,0,0,0,0,0.003659,0,0.007319,0,0,0.14637,0.003659,0,0,0.010978,0,0.014637,0,,D6064590,PXMG,05/03/2026 12:58:30 AM,BPD442,8M5CL,8M5CL,08/09/2026 8:35:23 PM,8M5CL,D1D,1,8050141,,,,,,,,,,,,,,,,,,
D606459,279,KJA9T279WFC4,0,0,0,0,0,0,0.003692,0,0,0.110752,0,0,0,0,0,0.007383,0,,D6064590,PXMG,05/03/2026 12:58:30 AM,BPD442,8M5CL,8M5CL,07/06/2026 3:40:45 PM,8M5CL,D1D,2,8050099,,,,,,,,,,,,,,,,,,
D607533,407,5DXCR407MVF4,0.011075,0,0,0,0.007383,0,0.014767,0,0.003692,0.10706,0,0,0,0.025842,0,0.040609,0.007383,,D6075330,PXMG,05/09/2026 10:02:54 AM,BPD454,8M5CL,8M5CL,07/16/2026 9:25:33 PM,8M5CL,D1D,1,8083120,,,,,,,,,,,,,,,,,,
D607533,411,5DXCR411MVG5,0,0,0,0,0.029534,0.007383,0.014767,0,0.003692,0.092293,0,0.003692,0,0,0,0.011075,0.003692,,D6075330,PXMG,05/09/2026 10:02:54 AM,BPD454,8M5CL,8M5CL,07/19/2026 7:18:33 AM,8M5CL,D1D,2,8083017,,,,,,,,,,,,,,,,,,
D607541,404,5DXCR404MVA1,0,0,0,0,0.003659,0.003659,0.007319,0,0,0.153689,0,0,0,0.003659,0,0.003659,0,,D6075410,PXMG,05/07/2026 12:12:31 PM,BPD442,8M5CL,8M5CL,07/19/2026 6:54:06 AM,8M5CL,D1D,1,8083869,,,,,,,,,,,,,,,,,,
D607541,434,5DXCR434MVG2,0,0,0,0,0,0,0.003659,0,0,0.223214,0,0,0,0.003659,0,0.014637,0,0,D6075410,PXMG,05/07/2026 12:12:31 PM,BPD442,8M5CL,8M5CL,07/19/2026 7:27:54 AM,8M5CL,D1D,2,8083902,,,,,,,,,,,,,,,,,,
D607541,457,5DXCR457MVF7,0,0,0,0,0,0,0.007383,0,0,0.162436,0,0,0,0.003692,0,0.011075,0,0,D6075410,PXMG,05/07/2026 12:12:31 PM,BPD442,8M5CL,8M5CL,07/19/2026 7:23:04 AM,8M5CL,D1D,3,8083951,,,,,,,,,,,,,,,,,,
D607541,570,5DXCR570MVG3,0,0,0,0,0.005306,0.005306,0,0,0,0.378001,0,0,0,0,0,0.015918,0.005306,0,D6075410,PXMG,05/07/2026 12:12:31 PM,BPD442,8M5CL,8M5CL,07/22/2026 6:59:46 AM,8M5CL,D1D,4,8083822,,,,,,,,,,,,,,,,,,
D607576,7,KJA9Y007WFD0,0.003247,0,0,0,0,0.003247,0,0,0,0.211067,0,0,0,0.003247,0,0,0,,D6075760,PR8B,05/07/2026 8:32:41 AM,BPD458,8M5CL,8M5CL,08/08/2026 6:27:23 PM,8M5CL,D1D,1,8104174,,,,,,,,,,,,,,,,,,
D607576,9,KJA9Y009WFE1,0,0,0,0,0,0,0,0,0,0.201326,0,0,0,0.003247,0,0,0,,D6075760,PR8B,05/07/2026 8:32:41 AM,BPD458,8M5CL,8M5CL,08/08/2026 6:14:23 PM,8M5CL,D1D,2,8104242,,,,,,,,,,,,,,,,,,
D606457,348,KJA6M348WFB6,0,0,0,0,0.018296,0.003659,0,0,0,0.186622,0,0,0,0.003659,0,0.003659,0,0,D6064570,PXMG,05/08/2026 1:48:18 PM,BPD432,8M5CL,8M5CL,07/22/2026 7:11:37 AM,8M5CL,D1D,1,8049984,,,,,,,,,,,,,,,,,,
D606457,352,KJA6M352WFC7,0,0,0,0,0.003659,0,0,0,0,0.113437,0,0,0,0.003659,0,0.010978,0,,D6064570,PXMG,05/08/2026 1:48:18 PM,BPD432,8M5CL,8M5CL,07/21/2026 10:10:55 PM,8M5CL,D1D,2,8050016,,,,,,,,,,,,,,,,,,
D607539,467,5DXCL467MVA6,0,0,0,0,0.011075,0.003692,0,0,0,0.118135,0,0,0,0,0,0.003692,0,,D6075390,PXMG,05/11/2026 2:11:19 PM,BPD458,8M5CL,8M5CL,08/09/2026 8:58:56 PM,8M5CL,D1D,1,8083793,,,,,,,,,,,,,,,,,,
D607539,470,5DXCL470MVF0,0,0,0,0,0.007319,0.015215,0,0,0,0.160429,0,0,0,0,0,0.007319,0,0,D6075390,PXMG,05/11/2026 2:11:19 PM,BPD458,8M5CL,8M5CL,08/10/2026 5:26:56 AM,8M5CL,D1D,2,8083797,,,,,,,,,,,,,,,,,,
D608101,214,A27QE214SLG7,0,0,0,0,0,0.007319,0.007319,0,0,0.175644,0,0,0,0.014637,0,0.058548,0.003659,,D6081010,PXMG,05/11/2026 9:32:33 AM,BPD448,8M5CL,8M5CL,05/11/2026 2:51:01 PM,8M5CL,D1D,1,8118967,,,,,,,,,,,,,,,,,,
D608101,218,A27QE218SLB6,0.116808,0,0,0,0,0.017254,0.036872,0,0.063935,0.175458,0,0,0,0.051621,0,0.188118,0.00494,0,D6081010,PXMG,05/11/2026 9:32:33 AM,BPD448,8M5CL,8M5CL,07/12/2026 9:41:17 PM,8M5CL,D1D,2,8118807,,,,,,,,,,,,,,,,,,
D608101,251,A29UH251SLG7,0,0,0,0,0.007383,0.014767,0.007383,0,0,0.180895,0,0,0,0.003692,0.007383,0.003692,0,,D6081010,PXMG,05/11/2026 1:16:31 PM,BPD446,8M5CL,8M5CL,07/12/2026 10:29:28 PM,8M5CL,D1D,3,8118757,,,,,,,,,,,,,,,,,,
D608101,252,A29UH252SLD6,0,0,0,0,0.003659,0.007319,0.007319,0,0,0.267125,0,0,0,0.003659,0.007319,0.014637,0.007319,0,D6081010,PXMG,05/11/2026 1:16:31 PM,BPD446,8M5CL,8M5CL,07/12/2026 10:14:28 PM,8M5CL,D1D,4,8118863,,,,,,,,,,,,,,,,,,
D607560,176,GQ7JE176JKG4,0,0,0,0,0.003659,0.010795,0.018296,0,0,0.216262,0,0,0,0,0,0.025432,0,0,D6075600,PXMG,05/12/2026 12:27:15 PM,BPD454,8M5CL,8M5CL,07/16/2026 11:51:53 AM,8M5CL,D1D,1,8088631,,,,,,,,,,,,,,,,,,
D607560,177,GQ7JE177JKD3,0,0,0,0,0.003692,0.011075,0.014767,0,0,0.143977,0,0,0,0.051684,0,0.059068,0.003692,,D6075600,PXMG,05/12/2026 12:27:15 PM,BPD454,8M5CL,8M5CL,07/16/2026 11:45:02 AM,8M5CL,D1D,2,8088673,,,,,,,,,,,,,,,,,,
D607564,227,A28J5227SLG3,0,0,0,0,0,0,0.02215,0,0,0.121827,0,0,0,0.011075,0.003692,0.036917,0,,D6075640,PXMG,05/14/2026 12:12:53 AM,BPD448,8M5CL,8M5CL,07/22/2026 8:37:16 PM,8M5CL,D1D,1,8088678,,,,,,,,,,,,,,,,,,
D607564,228,A28J5228SLD2,0,0,0,0,0.003659,0,0.003659,0,0,0.109778,0,0,0,0.003659,0,0,0,,D6075640,PXMG,05/14/2026 12:12:53 AM,BPD448,8M5CL,8M5CL,07/19/2026 4:56:38 AM,8M5CL,D1D,2,8088683,,,,,,,,,,,,,,,,,,
D607534,634,5DXBX634MVD6,0.003659,0,0,0,0,0.003659,0,0,0,0.106118,0,0,0,0,0,0.003659,0,,D6075340,PXMG,05/13/2026 1:47:27 PM,BPD458,8M5CL,8M5CL,07/21/2026 11:37:41 AM,8M5CL,D1D,1,8082939,,,,,,,,,,,,,,,,,,
D607534,643,5DXBX643MVE0,0,0,0,0,0.003692,0.003692,0,0,0,0.110752,0,0,0,0,0.007383,0.003692,0,,D6075340,PXMG,05/13/2026 1:47:27 PM,BPD458,8M5CL,8M5CL,07/20/2026 11:56:58 AM,8M5CL,D1D,2,8083226,,,,,,,,,,,,,,,,,,
D607536,550,5DXEC550MVF1,0,0,0,0,0.021956,0.014271,0,0,0,0.199978,0,0,0,0.008965,0,0,0,0,D6075360,PXMG,05/12/2026 12:24:26 PM,BPD450,8M5CL,8M5CL,07/16/2026 11:28:43 AM,8M5CL,D1D,1,8083058,,,,,,,,,,,,,,,,,,
D607536,557,5DXEC557MVF3,0,0,0,0,0,0.011075,0,0,0,0.114444,0,0,0,0,0,0,0,,D6075360,PXMG,05/12/2026 12:24:26 PM,BPD450,8M5CL,8M5CL,07/16/2026 11:03:55 AM,8M5CL,D1D,2,8083113,,,,,,,,,,,,,,,,,,
D607532,705,5DXCT705MVC4,0,0,0,0,0.003692,0.003692,0,0,0,0.140286,0,0,0,0.003692,0.003692,0.018459,0.003692,,D6075320,PXMG,05/14/2026 6:26:09 AM,BPD432,8M5CL,8M5CL,07/11/2026 7:05:50 AM,8M5CL,D1D,1,8083107,,,,,,,,,,,,,,,,,,
D607532,710,5DXCT710MVA4,0,0,0,0,0.003659,0,0,0,0,0.201066,0,0,0,0.01483,0,0.014637,0,0,D6075320,PXMG,05/14/2026 6:26:09 AM,BPD432,8M5CL,8M5CL,07/11/2026 1:11:57 PM,8M5CL,D1D,2,8083028,,,,,,,,,,,,,,,,,,
D607544,3,MCLPM003WAC6,0,0,0,0,0.003692,0,0,0,0,0.118135,0,0,0,0,0,0.228887,0,,D6075440,PXMG,05/16/2026 12:20:45 PM,BPD446,8M5CL,8M5CL,08/10/2026 9:16:31 AM,8M5CL,D1D,1,8084001,,,,,,,,,,,,,,,,,,
D607544,60,MCLPM060WAC2,0,0,0,0,0.007319,0.003659,0.003659,0,0,0.150029,0,0,0,0.007319,0,0.003659,0,,D6075440,PXMG,05/16/2026 12:20:45 PM,BPD446,8M5CL,8M5CL,08/05/2026 10:21:02 AM,8M5CL,D1D,2,8083964,,,,,,,,,,,,,,,,,,
D607544,64,MCLPM064WAE4,0,0,0,0,0.045192,0,0.012258,0,0,0.279201,0,0,0,0.003659,0,0.003659,0,0,D6075440,PXMG,05/16/2026 12:20:45 PM,BPD446,8M5CL,8M5CL,08/08/2026 6:14:13 AM,8M5CL,D1D,3,8084027,,,,,,,,,,,,,,,,,,
D607544,77,MCLPM077WAH0,0,0,0,0,0.003692,0,0,0,0.003692,0.118135,0,0,0,0,0,0.003692,0,,D6075440,PXMG,05/16/2026 12:20:45 PM,BPD446,8M5CL,8M5CL,08/04/2026 2:34:39 PM,8M5CL,D1D,4,8084059,,,,,,,,,,,,,,,,,,
D608614,283,KJA9U283WFE0,0.003692,0,0,0,0,0,0,0,0,0.151361,0.003692,0,0,0.007383,0,0.011075,0,,D6086140,PXMG,05/15/2026 5:04:58 AM,BPD454,8M5CL,8M5CL,07/12/2026 2:01:31 AM,8M5CL,D1D,1,8123017,,,,,,,,,,,,,,,,,,
D608614,292,KJA9U292WFE2,0,0,0,0,0,0.007867,0,0,0,0.156799,0,0,0,0.003659,0,0.003659,0.007319,0,D6086140,PXMG,05/15/2026 5:04:58 AM,BPD454,8M5CL,8M5CL,07/12/2026 2:31:57 AM,8M5CL,D1D,2,8123027,,,,,,,,,,,,,,,,,,
D606464,211,GT9FQ211JKG0,0,0,0,0,0.003692,0,0.003692,0,0,0.162436,0,0.007383,0,0.018459,0,0,0,,D6064640,PXMG,05/18/2026 3:17:50 AM,BPD448,8M5CL,8M5CL,07/19/2026 6:57:32 AM,8M5CL,D1D,1,8052089,,,,,,,,,,,,,,,,,,
D606464,230,GT9FQ230JKD3,0,0,0,0,0,0,0,0,0,0.1976,0,0,0,0.007319,0.003659,0,0,0,D6064640,PXMG,05/18/2026 3:17:50 AM,BPD448,8M5CL,8M5CL,07/20/2026 3:49:19 PM,8M5CL,D1D,2,8051948,,,,,,,,,,,,,,,,,,
D608112,23,A2BDY023SLF3,0,0,0,0,0,0,0.011075,0,0,0.273188,0,0,0,0.007383,0,0.014767,0,,D6081120,PXMG,05/19/2026 8:13:15 PM,BPD436,8M5CL,8M5CL,08/02/2026 5:18:03 AM,8M5CL,D1D,1,8121323,,,,,,,,,,,,,,,,,,
D608112,94,A2BP5094SLE5,0.003659,0,0,0,0.007319,0.003659,0.003659,0,0,0.135392,0,0,0,0.003659,0,0.007319,0.003659,,D6081120,PXMG,05/19/2026 8:13:15 PM,BPD436,8M5CL,8M5CL,08/02/2026 3:02:42 PM,8M5CL,D1D,2,8121269,,,,,,,,,,,,,,,,,,
D608600,284,GT9ZP284JKG5,0,0,0,0,0.007167,0.003584,0.003584,0,0,0.189929,0,0,0,0.003584,0,0.017918,0,,D6086000,PNCB,05/19/2026 1:46:41 AM,BPD432,8M5CL,8M5CL,07/13/2026 5:22:35 AM,8M5CL,D1D,1,8135991,,,,,,,,,,,,,,,,,,
D608600,286,GT9ZP286JKA3,0,0,0,0,0,0,0.003584,0,0,0.157677,0,0,0,0.003584,0.003584,0.035836,0,,D6086000,PNCB,05/19/2026 1:46:41 AM,BPD432,8M5CL,8M5CL,07/19/2026 7:45:05 AM,8M5CL,D1D,2,8135945,,,,,,,,,,,,,,,,,,
D608610,651,GU2DU651JKD1,0,0,0,0,0.003692,0,0,0,0.003692,0.12921,0,0,0.003692,0,0,0,0.003692,,D6086100,PXMG,05/17/2026 6:13:24 PM,BPD436,8M5CL,8M5CL,07/06/2026 3:15:00 PM,8M5CL,D1D,1,8118909,,,,,,,,,,,,,,,,,,
D608610,652,GU2DU652JKA0,0,0,0,0,0,0.007319,0.003659,0,0,0.142711,0,0,0,0,0,0,0,,D6086100,PXMG,05/17/2026 6:13:24 PM,BPD436,8M5CL,8M5CL,07/19/2026 7:15:33 AM,8M5CL,D1D,2,8118853,,,,,,,,,,,,,,,,,,
D608120,233,5DXEG233MVF5,0,0,0,0,0.019483,0,0.003247,0,0,0.194831,0,0,0,0,0,0.003247,0.003247,,D6081200,PR8B,05/17/2026 11:22:06 PM,BPD444,8M5CL,8M5CL,08/08/2026 7:57:25 PM,8M5CL,D1D,1,8140736,,,,,,,,,,,,,,,,,,
D608120,239,5DXEG239MVB5,0,0,0,0,0,0.003474,0,0,0,0.208443,0,0,0,0,0,0,0,,D6081200,PR8B,05/17/2026 11:22:06 PM,BPD444,8M5CL,8M5CL,05/18/2026 6:36:02 AM,8M5CL,D1D,2,8140612,,,,,,,,,,,,,,,,,,
D607562,7,KJ9HA007WFB7,0.003692,0,0,0,0,0.011075,0,0,0,0.118135,0,0,0,0.003692,0,0.003692,0,,D6075620,PXMG,05/17/2026 6:19:25 AM,BPD458,8M5CL,8M5CL,05/17/2026 4:31:28 PM,8M5CL,D1D,1,8089206,,,,,,,,,,,,,,,,,,
D607562,23,KJ97L023WFG0,0,0,0,0,0.014767,0.003692,0,0,0,0.099677,0,0,0,0.018459,0,0.081218,0,,D6075620,PXMG,05/17/2026 6:19:25 AM,BPD458,8M5CL,8M5CL,07/16/2026 10:07:35 PM,8M5CL,D1D,2,8089250,,,,,,,,,,,,,,,,,,
D608632,626,GU1PU626JKA6,0.003795,0,0,0,0,0,0,0,0,0.215218,0,0,0,0.003795,0,0.011384,0,0,D6086320,PXMG,05/23/2026 7:19:57 AM,BPD446,8M5CL,8M5CL,07/21/2026 10:24:55 AM,8M5CL,D1D,1,8128021,,,,,,,,,,,,,,,,,,
D608632,627,GU1PU627JKF0,0,0,0,0,0,0,0,0,0,0.391716,0,0,0,0.012111,0,0.003989,0.075799,0,D6086320,PXMG,05/23/2026 7:19:57 AM,BPD446,8M5CL,8M5CL,07/21/2026 10:18:56 AM,8M5CL,D1D,2,8128197,,,,,,,,,,,,,,,,,,
D606463,14,KJAUC014WFE1,0,0,0,0,0.014637,0,0,0,0,0.128074,0,0,0,0,0,0.010978,0,,D6064630,PXMG,05/23/2026 9:28:22 PM,BPD458,8M5CL,8M5CL,08/01/2026 11:48:05 AM,8M5CL,D1D,1,8051954,,,,,,,,,,,,,,,,,,
D606463,20,KJAUC020WFG3,0.003659,0,0.003659,0,0.014637,0,0,0,0,0.300059,0,0,0,0,0,0.021956,0,0,D6064630,PXMG,05/23/2026 9:28:22 PM,BPD458,8M5CL,8M5CL,08/01/2026 10:56:55 AM,8M5CL,D1D,2,8051970,,,,,,,,,,,,,,,,,,
D608618,440,GU2DU440JKD4,0,0,0,0,0.007319,0.010978,0,0,0,0.266393,0,0,0,0.01171,0,0.010978,0,0,D6086180,PXMG,05/23/2026 1:26:30 AM,BPD454,8M5CL,8M5CL,05/25/2026 9:50:41 AM,8M5CL,D1D,1,8124853,,,,,,,,,,,,,,,,,,
D608618,441,GU2DU441JKA3,0,0,0,0,0,0,0.003692,0,0,0.273188,0,0,0,0,0,0,0,0,D6086180,PXMG,05/23/2026 1:26:30 AM,BPD454,8M5CL,8M5CL,07/24/2026 1:53:34 AM,8M5CL,D1D,2,8124974,,,,,,,,,,,,,,,,,,
D608613,14,MCLPG014WAB7,0,0,0,0,0.003659,0.010246,0,0,0,0.231265,0,0,0,0,0,0.021956,0,0,D6086130,PXMG,05/23/2026 1:08:30 AM,BPD454,8M5CL,8M5CL,08/06/2026 7:50:48 AM,8M5CL,D1D,1,8119029,,,,,,,,,,,,,,,,,,
D608613,23,MCLPG023WAC1,0,0,0,0,0,0,0,0,0,0.132902,0,0,0,0.003692,0,0,0,,D6086130,PXMG,05/23/2026 1:08:30 AM,BPD454,8M5CL,8M5CL,08/04/2026 7:43:54 AM,8M5CL,D1D,2,8119028,,,,,,,,,,,,,,,,,,
D608641,218,KJA9U218WFB1,0,0,0,0,0.003659,0.003659,0.003659,0,0,0.117096,0,0,0,0.003659,0,0.010978,0,,D6086410,PXMG,05/21/2026 4:48:01 AM,BPD444,8M5CL,8M5CL,07/18/2026 5:48:08 AM,8M5CL,D1D,1,8129968,,,,,,,,,,,,,,,,,,
D608641,219,KJA9U219WFF3,0,0,0,0,0.011075,0,0.003692,0,0,0.158744,0,0,0,0.007383,0,0.003692,0,,D6086410,PXMG,05/21/2026 4:48:01 AM,BPD444,8M5CL,8M5CL,07/19/2026 3:35:18 AM,8M5CL,D1D,2,8130048,,,,,,,,,,,,,,,,,,
D608633,26,A2BJ8026SLB5,0,0,0,0,0.007319,0,0.003659,0,0,0.142711,0,0,0,0.007319,0,0.032933,0.003659,,D6086330,PXMG,05/28/2026 6:39:03 AM,BPD458,8M5CL,8M5CL,08/01/2026 1:06:11 PM,8M5CL,D1D,1,8128557,,,,,,,,,,,,,,,,,,
D608633,31,A2BJ8031SLH0,0,0,0,0,0,0,0,0,0,0.121827,0,0,0,0.011075,0,0.007383,0,,D6086330,PXMG,05/28/2026 6:39:03 AM,BPD458,8M5CL,8M5CL,08/01/2026 12:29:12 AM,8M5CL,D1D,2,8128587,,,,,,,,,,,,,,,,,,
D608630,376,GU2DU376JKG4,0.003659,0,0,0,0.010978,0,0,0,0,0.190281,0,0,0,0.010978,0,0.043911,0.04757,,D6086300,PXMG,05/28/2026 4:53:20 PM,BPD454,8M5CL,8M5CL,05/29/2026 7:53:48 AM,8M5CL,D1D,1,8128403,,,,,,,,,,,,,,,,,,
D608630,377,GU2DU377JKD3,0,0,0,0,0.014767,0.003692,0.003692,0,0,0.262113,0,0,0,0,0.003692,0.007383,0,,D6086300,PXMG,05/28/2026 4:53:20 PM,BPD454,8M5CL,8M5CL,08/01/2026 12:35:09 AM,8M5CL,D1D,2,8128256,,,,,,,,,,,,,,,,,,
D608630,378,GU2DU378JKA2,0.003659,0,0,0,0.010978,0.003659,0,0,0,0.175644,0,0,0,0,0,0.040252,0,,D6086300,PXMG,05/28/2026 5:42:24 PM,BPD454,8M5CL,8M5CL,08/01/2026 9:46:50 AM,8M5CL,D1D,3,8128402,,,,,,,,,,,,,,,,,,
D608630,379,GU2DU379JKE4,0,0,0,0,0.003692,0.00886,0,0,0,0.245869,0,0,0,0.003692,0,0.02215,0,0,D6086300,PXMG,05/28/2026 5:42:24 PM,BPD454,8M5CL,8M5CL,08/01/2026 12:05:20 PM,8M5CL,D1D,4,8128360,,,,,,,,,,,,,,,,,,
D608625,4,A2AMA004SLC0,0,0,0,0,0.003659,0.007319,0,0,0,0.175644,0,0,0,0.007319,0,0.007319,0,,D6086250,PXMG,05/28/2026 7:02:56 PM,BPD436,8M5CL,8M5CL,08/04/2026 9:19:06 PM,8M5CL,D1D,1,8126352,,,,,,,,,,,,,,,,,,
D608625,15,A2BJ8015SLA2,0,0,0,0,0.007383,0,0.014767,0,0,0.132902,0,0,0,0.003692,0.003692,0.003692,0.014767,,D6086250,PXMG,05/28/2026 7:02:56 PM,BPD436,8M5CL,8M5CL,08/03/2026 9:23:32 PM,8M5CL,D1D,2,8126486,,,,,,,,,,,,,,,,,,
D609160,426,GU2MA426JKC5,0.003659,0,0,0,0.003659,0,0,0,0,0.306462,0,0,0,0.007319,0,0.007319,0.008233,0,D6091600,PXMG,05/27/2026 1:50:08 PM,BPD446,8M5CL,8M5CL,08/01/2026 10:15:49 AM,8M5CL,D1D,1,8154937,,,,,,,,,,,,,,,,,,
D609160,427,GU2MA427JKG7,0,0,0,0,0.007383,0.003692,0.007383,0,0,0.184586,0,0,0,0.018459,0,0.003692,0,,D6091600,PXMG,05/27/2026 1:50:08 PM,BPD446,8M5CL,8M5CL,08/01/2026 1:11:17 PM,8M5CL,D1D,2,8155039,,,,,,,,,,,,,,,,,,
D608116,246,KJ7HD246WFD7,0,0,0,0,0.003659,0.003659,0,0,0,0.150029,0,0,0,0.003659,0,0.010978,0,,D6081160,PXMG,05/25/2026 5:17:42 PM,BPD454,8M5CL,8M5CL,07/19/2026 10:31:30 PM,8M5CL,D1D,1,8123045,,,,,,,,,,,,,,,,,,
D608116,334,KJ7HD334WFE6,0,0,0,0,0.003659,0,0,0,0,0.182963,0,0,0,0,0,0.003659,0.003659,0,D6081160,PXMG,05/25/2026 5:17:42 PM,BPD454,8M5CL,8M5CL,07/21/2026 9:34:22 PM,8M5CL,D1D,2,8123156,,,,,,,,,,,,,,,,,,
D606465,505,KJAUF505WFA5,0,0,0,0,0.003692,0,0.003692,0,0,0.132902,0,0.003692,0,0.003692,0,0.011075,0,,D6064650,PXMG,05/25/2026 7:36:45 PM,BPD454,8M5CL,8M5CL,07/18/2026 6:55:23 AM,8M5CL,D1D,1,8052111,,,,,,,,,,,,,,,,,,
D606465,507,KJAUF507WFB6,0.407382,0,0,0,0.045962,0,0.045962,0,0.022981,0.42341,0,0,0,0.372557,0,0.022981,0.08008,0,D6064650,PXMG,05/25/2026 7:36:45 PM,BPD454,8M5CL,8M5CL,07/19/2026 4:00:17 AM,8M5CL,D1D,2,8052019,,,,,,,,,,,,,,,,,,
D608621,25,A29JN025SLD4,0,0,0,0,0.003692,0.005907,0,0,0,0.230364,0,0,0,0,0,0.018459,0,0,D6086210,PXMG,05/24/2026 12:42:20 PM,BPD454,8M5CL,8M5CL,07/20/2026 6:15:07 PM,8M5CL,D1D,1,8126311,,,,,,,,,,,,,,,,,,
D608621,53,A2AQR053SLB6,0,0,0,0,0.007383,0.003692,0.003692,0,0,0.291646,0,0,0,0,0,0,0,0,D6086210,PXMG,05/24/2026 12:42:20 PM,BPD454,8M5CL,8M5CL,07/21/2026 11:27:50 AM,8M5CL,D1D,2,8126305,,,,,,,,,,,,,,,,,,
D608645,114,KJA9W114WFA4,0,0,0,0,0,0.003659,0.018296,0,0,0.190281,0,0.003659,0,0.003659,0,0,0.003659,,D6086450,PXMG,05/28/2026 10:40:47 PM,BPD436,8M5CL,8M5CL,08/14/2026 10:47:10 AM,8M5CL,D1D,1,8134221,,,,,,,,,,,,,,,,,,
D608645,147,KJA9W147WFE5,0.003692,0,0,0,0.007383,0,0.010521,0,0,0.369726,0,0,0,0.003692,0,0,0,0,D6086450,PXMG,05/28/2026 10:40:47 PM,BPD436,8M5CL,8M5CL,08/13/2026 2:43:28 AM,8M5CL,D1D,2,8134332,,,,,,,,,,,,,,,,,,
D608645,152,KJA9W152WFC5,0,0.007319,0,0,0,0,0,0,0,0.250293,0,0,0,0.013173,0,0.014637,0.018296,0,D6086450,PXMG,05/28/2026 10:40:47 PM,BPD436,8M5CL,8M5CL,08/13/2026 1:28:41 AM,8M5CL,D1D,3,8134309,,,,,,,,,,,,,,,,,,
D608645,169,KJA9W169WFA0,0,0,0,0,0.033226,0,0.029534,0,0,0.155052,0,0,0,0,0,0.007383,0,,D6086450,PXMG,05/28/2026 10:40:47 PM,BPD436,8M5CL,8M5CL,08/13/2026 1:33:12 AM,8M5CL,D1D,4,8134187,,,,,,,,,,,,,,,,,,
D608645,178,KJA9W178WFA2,0,0,0,0,0,0.003659,0,0,0,0.337017,0,0,0,0,0.007136,0.03275,0,0,D6086450,PXMG,05/28/2026 10:40:47 PM,BPD436,8M5CL,8M5CL,08/13/2026 2:42:33 AM,8M5CL,D1D,5,8134145,,,,,,,,,,,,,,,,,,
D608645,653,KJA9P653WFH2,0,0,0,0,0.007383,0,0.003692,0,0,0.228887,0,0,0,0.007383,0,0.003692,0,,D6086450,PXMG,05/28/2026 10:40:47 PM,BPD436,8M5CL,8M5CL,08/13/2026 1:32:04 AM,8M5CL,D1D,6,8134067,,,,,,,,,,,,,,,,,,
D608639,293,KJ7HD293WFG2,0.007383,0,0,0,0.014767,0,0.003692,0,0,0.12921,0,0,0,0,0,0.003692,0,,D6086390,PXMG,05/30/2026 3:47:42 AM,BPD446,8M5CL,8M5CL,08/01/2026 7:59:27 AM,8M5CL,D1D,1,8130237,,,,,,,,,,,,,,,,,,
D608639,333,KJ7HD333WFA4,0,0,0,0,0.007383,0.003692,0,0,0,0.184586,0,0,0,0.003692,0,0.007383,0,,D6086390,PXMG,05/30/2026 3:47:42 AM,BPD446,8M5CL,8M5CL,08/01/2026 10:44:10 AM,8M5CL,D1D,2,8130325,,,,,,,,,,,,,,,,,,
D607518,664,MCLPL664WAG2,0,0,0,0,0.021501,0,0.003584,0,0,0.193512,0,0,0,0.028668,0,0.003584,0,,D6075180,PNCB,06/04/2026 10:19:17 PM,BPD436,8M5CL,8M5CL,08/03/2026 1:40:57 AM,8M5CL,D1D,1,8097524,,,,,,,,,,,,,,,,,,
D607518,672,MCLPL672WAC2,0,0,0,0,0.003584,0,0,0,0,0.193512,0,0,0,0,0,0,0,,D6075180,PNCB,06/04/2026 10:19:17 PM,BPD436,8M5CL,8M5CL,08/07/2026 1:34:14 PM,8M5CL,D1D,2,8097430,,,,,,,,,,,,,,,,,,
D607888,819,GU0MN819JKB1,0.003247,0,0,0,0.113651,0,0,0,0.003247,0.694898,0,0,0,0,0,0.006494,0,,D6078880,PR8B,05/31/2026 7:08:34 AM,BPD436,8M5CL,8M5CL,05/31/2026 9:52:24 AM,8M5CL,D1D,1,8109947,,,,,,,,,,,,,,,,,,
D607888,820,GU0MN820JKE2,0,0,0,0,0.038966,0.003247,0,0,0,0.688403,0,0,0,0,0,0.006494,0.009742,,D6078880,PR8B,05/31/2026 7:08:34 AM,BPD436,8M5CL,8M5CL,05/31/2026 9:52:18 AM,8M5CL,D1D,2,8109875,,,,,,,,,,,,,,,,,,
D608109,299,KJA6D299WFD7,0,0,0,0,0.051684,0.003692,0,0,0,0.21412,0,0,0,0.003692,0,0,0,0,D6081090,PXMG,05/31/2026 2:37:37 AM,BPD458,8M5CL,8M5CL,08/04/2026 6:21:30 PM,8M5CL,D1D,1,8120681,,,,,,,,,,,,,,,,,,
D608109,313,KJA6D313WFA4,0,0,0,0,0.003692,0.007383,0,0,0,0.140286,0,0,0,0,0,0.011075,0,,D6081090,PXMG,05/31/2026 2:37:37 AM,BPD458,8M5CL,8M5CL,08/06/2026 4:50:10 AM,8M5CL,D1D,2,8120674,,,,,,,,,,,,,,,,,,
D609137,61,GT9ZQ061JKB6,0.003609,0,0,0,0.007218,0,0.003609,0,0,0.202113,0,0,0,0,0,0,0,,D6091370,PNCB,05/31/2026 9:22:59 AM,BPD436,8M5CL,8M5CL,08/03/2026 11:55:51 PM,8M5CL,D1D,1,8169643,,,,,,,,,,,,,,,,,,
D609137,62,GT9ZQ062JKG0,0,0,0,0,0.096756,0,0.003584,0,0,0.193512,0,0,0,0.007167,0,0.007167,0,,D6091370,PNCB,05/31/2026 9:22:59 AM,BPD436,8M5CL,8M5CL,08/12/2026 10:01:36 PM,8M5CL,D1D,2,8169542,,,,,,,,,,,,,,,,,,
D606ECR,251,GU2ZJ251JKC1,0,0,0,0,0,0.005289,0,0,0,0.280325,0,0,0,0,0.005289,0,0,,D606ECR0,X78E,07/17/2026 1:00:03 AM,BPD446,8M5CL,8M5CL,07/17/2026 8:19:47 AM,8M5CL,D1D,1,8073823,,,,,,,,,,,,,,,,,,
D606ECR,252,GU2ZJ252JKG3,0,0,0,0,0,0.005273,0.005273,0,0,0.442919,0,0.005273,0,0.005273,0,0,0,,D606ECR0,X78E,07/17/2026 1:00:03 AM,BPD446,8M5CL,8M5CL,08/24/2026 7:33:59 AM,8M5CL,D1D,2,8073769,,,,,,,,,,,,,,,,,,
D606ECQ,560,5DXCL560MVH0,0,0,0,0,0,0,0,0,0,0.442919,0,0,0,0.010546,0,0,0,,D606ECQA,X78E,08/12/2026 1:51:03 AM,BPD458,8M5CL,8M5CL,08/12/2026 8:26:33 AM,8M5CL,D1D,1,8501847,,,,,,,,,,,,,,,,,,
D606ECQ,561,5DXCL561MVD7,0,0,0,0,0,0.005289,0,0,0,0.560651,0,0,0,0.010578,0,0,0,0,D606ECQA,X78E,08/12/2026 1:51:03 AM,BPD458,8M5CL,8M5CL,08/12/2026 8:26:30 AM,8M5CL,D1D,2,8501865,,,,,,,,,,,,,,,,,,
D616528,53,A2EW7053SLC3,0,0,0,0,0.003692,0,0,0,0,0.347022,0,0,0,0.011075,0.003692,0.007383,0,0,D6165280,PXMG,07/11/2026 12:33:04 AM,BPD446,8M5CL,8M5CL,08/07/2026 11:00:02 AM,8M5CL,D1D,1,8441184,,,,,,,,,,,,,,,,,,
D616528,75,A2EW7075SLF1,0,0,0,0,0,0.007383,0.003692,0,0,0.243654,0.003692,0,0,0.025842,0,0.02215,0.003692,,D6165280,PXMG,07/11/2026 12:33:04 AM,BPD446,8M5CL,8M5CL,08/07/2026 11:00:08 AM,8M5CL,D1D,2,8441166,,,,,,,,,,,,,,,,,,
D615356,331,KJNQR331WFB0,0,0,0,0,0.011075,0,0.003692,0,0,0.180895,0,0,0,0.007383,0.011075,0.029534,0,,D6153560Q,PXMG,07/10/2026 12:16:12 AM,BPD454,8M5CL,8M5CL,08/07/2026 11:00:41 AM,8M5CL,D1D,1,8922726,,,,,,,,,,,,,,,,,,
D615356,351,KJNQR351WFC5,0,0,0,0,0.011075,0.007383,0,0,0,0.162436,0,0,0,0,0.003692,0.007383,0,,D6153560Q,PXMG,07/10/2026 12:16:12 AM,BPD454,8M5CL,8M5CL,08/07/2026 11:00:37 AM,8M5CL,D1D,2,8922769,,,,,,,,,,,,,,,,,,
D615356,390,KJNQR390WFB5,0,0,0,0,0.007319,0,0,0,0,0.128074,0,0,0,0.003659,0,0.007319,0,,D6153560Q,PXMG,07/10/2026 12:16:12 AM,BPD454,8M5CL,8M5CL,08/07/2026 11:00:25 AM,8M5CL,D1D,3,8922765,,,,,,,,,,,,,,,,,,
D615356,391,KJNQR391WFF7,0,0,0,0,0.003692,0.003692,0,0,0,0.12921,0,0,0,0,0,0.025842,0,,D6153560Q,PXMG,07/10/2026 12:16:12 AM,BPD454,8M5CL,8M5CL,08/07/2026 11:00:30 AM,8M5CL,D1D,4,8922757,,,,,,,,,,,,,,,,,,
D616490,1,MCNFM001WAE7,0,0,0,0,0,0,0,0,0,0.162436,0.003692,0,0,0.003692,0,0.018459,0.011075,,D6164900,PXMG,07/06/2026 6:31:08 AM,BPD436,8M5CL,8M5CL,08/07/2026 11:01:09 AM,8M5CL,D1D,1,8422559,,,,,,,,,,,,,,,,,,
D616490,3,MCNFM003WAG0,0,0,0,0,0,0.003692,0,0,0,0.103368,0,0,0,0.003692,0,0.011075,0,,D6164900,PXMG,07/06/2026 6:31:08 AM,BPD436,8M5CL,8M5CL,08/07/2026 11:00:41 AM,8M5CL,D1D,2,8422772,,,,,,,,,,,,,,,,,,
D616490,36,MCPMT036WAA5,0,0,0,0,0,0,0,0,0,0.135392,0,0,0,0,0,0.003659,0.014637,,D6164900,PXMG,07/06/2026 6:31:08 AM,BPD436,8M5CL,8M5CL,08/07/2026 11:00:47 AM,8M5CL,D1D,3,8422737,,,,,,,,,,,,,,,,,,
D616490,114,MCPMT114WAE3,0.005166,0,0,0,0,0,0,0,0,0.199752,0,0,0,0.007319,0.003659,0,0,0,D6164900,PXMG,07/06/2026 6:31:08 AM,BPD436,8M5CL,8M5CL,08/07/2026 11:00:54 AM,8M5CL,D1D,4,8422594,,,,,,,,,,,,,,,,,,
D615356,325,KJNQR325WFG1,0,0,0,0,0,0,0.003692,0,0,0.173511,0,0,0,0.003692,0,0.011075,0.02215,,D6153560,PXMG,07/09/2026 8:55:07 PM,BPD454,8M5CL,8M5CL,08/07/2026 11:00:19 AM,8M5CL,D1D,1,8399796,,,,,,,,,,,,,,,,,,
D615356,327,KJNPW327WFG1,0,0,0,0,0.02215,0,0.003692,0,0,0.158744,0,0,0,0,0.003692,0,0,,D6153560,PXMG,07/09/2026 8:55:07 PM,BPD454,8M5CL,8M5CL,08/07/2026 11:00:10 AM,8M5CL,D1D,2,8399869,,,,,,,,,,,,,,,,,,
D616498,29,A2CM6029SLC3,0,0,0,0,0,0.011075,0.003692,0,0.003692,0.32118,0,0,0,0,0.003692,0.003692,0.003692,0,D6164980,PXMG,07/07/2026 5:10:54 PM,BPD446,8M5CL,8M5CL,08/07/2026 11:00:39 AM,8M5CL,D1D,1,8429391,,,,,,,,,,,,,,,,,,
D616498,112,A2DY9112SLG2,0,0,0,0,0.003941,0,0,0,0,0.329896,0,0,0,0,0.003941,0.027585,0.007881,0,D6164980,PXMG,07/07/2026 5:10:54 PM,BPD446,8M5CL,8M5CL,08/07/2026 11:00:43 AM,8M5CL,D1D,2,8429475,,,,,,,,,,,,,,,,,,
D615450,171,5DXPQ171MVB1,0,0,0,0,0,0.009598,0,0,0,0.22298,0,0,0,0,0.007383,0.007383,0,0,D6154500,PXMG,07/07/2026 5:16:02 PM,BPD436,8M5CL,8M5CL,08/07/2026 11:00:52 AM,8M5CL,D1D,1,8415892,,,,,,,,,,,,,,,,,,
D615450,184,5DXPQ184MVD5,0,0,0,0,0.003659,0.003659,0,0,0,0.150029,0,0,0,0,0,0.029274,0,,D6154500,PXMG,07/07/2026 5:16:02 PM,BPD436,8M5CL,8M5CL,08/07/2026 11:01:02 AM,8M5CL,D1D,2,8415877,,,,,,,,,,,,,,,,,,
D615450,185,5DXPQ185MVA4,0,0,0,0,0,0.007383,0,0,0,0.206737,0,0,0,0.003692,0,0.018459,0,0,D6154500,PXMG,07/07/2026 5:16:02 PM,BPD436,8M5CL,8M5CL,08/07/2026 11:00:58 AM,8M5CL,D1D,3,8415896,,,,,,,,,,,,,,,,,,
D615450,194,5DXPQ194MVA6,0,0,0,0,0.010978,0.003659,0.007319,0,0,0.215896,0,0,0,0,0.003659,0.018296,0,0,D6154500,PXMG,07/07/2026 5:16:02 PM,BPD436,8M5CL,8M5CL,08/07/2026 11:01:07 AM,8M5CL,D1D,4,8415950,,,,,,,,,,,,,,,,,,
D615349,28,KJD2F028WFB1,0,0,0,0,0.003659,0.007319,0,0,0,0.106118,0,0,0,0.018296,0.007319,0,0,,D6153490,PXMG,07/06/2026 7:16:46 PM,BPD458,8M5CL,8M5CL,08/07/2026 11:00:39 AM,8M5CL,D1D,1,8408600,,,,,,,,,,,,,,,,,,
D615349,74,KJD2F074WFG5,0,0,0,0,0,0,0.003659,0,0,0.175095,0,0,0,0.003659,0,0.033482,0,0,D6153490,PXMG,07/06/2026 7:16:46 PM,BPD458,8M5CL,8M5CL,08/07/2026 11:00:46 AM,8M5CL,D1D,2,8408666,,,,,,,,,,,,,,,,,,
D616501,84,A2CM6084SLA6,0.01665,0,0,0,0,0.003659,0,0,0,0.285056,0,0,0,0,0,0.01665,0.003659,0,D6165010,PXMG,07/08/2026 10:03:57 AM,BPD436,8M5CL,8M5CL,08/07/2026 11:00:29 AM,8M5CL,D1D,1,8431270,,,,,,,,,,,,,,,,,,
D616501,88,A2CM6088SLD0,0.011822,0,0,0,0,0.007881,0.003941,0,0,0.153407,0,0,0,0.023644,0,0.007881,0,0,D6165010,PXMG,07/08/2026 10:03:57 AM,BPD436,8M5CL,8M5CL,08/07/2026 11:00:10 AM,8M5CL,D1D,2,8431311,,,,,,,,,,,,,,,,,,
D617585,358,KJEYL358WFA3,0,0,0,0,0.003584,0,0,0,0,0.265184,0,0,0,0,0.003584,0.003584,0,,D6175850,PNCB,07/17/2026 2:49:07 PM,BPD446,8M5CL,8M5CL,08/23/2026 6:08:40 PM,8M5CL,D1D,1,8470619,,,,,,,,,,,,,,,,,,
D617585,395,KJEYL395WFF5,0,0,0,0,0,0,0.007218,0,0,0.205722,0,0,0,0.003609,0,0.039701,0,,D6175850,PNCB,07/17/2026 2:49:07 PM,BPD446,8M5CL,8M5CL,08/24/2026 12:56:06 AM,8M5CL,D1D,2,8470632,,,,,,,,,,,,,,,,,,
D616531,8,KJE6F008WFG0,0,0,0,0,0.010978,0,0.003659,0,0,0.325673,0,0,0,0.018296,0,0.007319,0,0,D6165310,PXMG,07/17/2026 7:13:34 PM,BPD446,8M5CL,8M5CL,08/07/2026 10:59:43 AM,8M5CL,D1D,1,8441933,,,,,,,,,,,,,,,,,,
D616531,15,KJE6E015WFE6,0,0,0,0,0,0,0.003692,0,0,0.291646,0,0,0,0.018459,0,0.036917,0,0,D6165310,PXMG,07/17/2026 7:13:34 PM,BPD446,8M5CL,8M5CL,08/07/2026 10:59:33 AM,8M5CL,D1D,2,8441955,,,,,,,,,,,,,,,,,,
D616527,8,A2FG2008SLE6,0,0,0,0,0.007319,0,0.014637,0,0,0.325673,0,0,0,0,0.003659,0.003659,0,0,D6165270,PXMG,07/17/2026 1:35:09 PM,BPD446,8M5CL,8M5CL,08/07/2026 10:59:32 AM,8M5CL,D1D,1,8441188,,,,,,,,,,,,,,,,,,
D616527,9,A2FG2009SLB5,0,0,0,0,0,0.007383,0,0,0,0.180895,0,0,0,0.003692,0,0.044301,0,,D6165270,PXMG,07/17/2026 1:35:09 PM,BPD446,8M5CL,8M5CL,08/07/2026 10:59:40 AM,8M5CL,D1D,2,8441143,,,,,,,,,,,,,,,,,,
D617588,11,KJEYH011WFF3,0,0,0,0,0,0,0,0,0,0.245423,0,0,0,0,0,0.010827,0,,D6175880,PNCB,07/14/2026 10:33:46 PM,BPD446,8M5CL,8M5CL,07/15/2026 8:54:22 AM,8M5CL,D1D,1,8471013,,,,,,,,,,,,,,,,,,
D617588,19,KJEYH019WFC4,0,0,0,0,0.003609,0,0,0,0,0.216549,0,0.003609,0,0,0,0.003609,0,,D6175880,PNCB,07/14/2026 10:33:46 PM,BPD446,8M5CL,8M5CL,07/15/2026 8:54:13 AM,8M5CL,D1D,2,8471015,,,,,,,,,,,,,,,,,,
D616532,647,MCPPB647WAG3,0,0,0,0,0,0,0.003692,0,0,0.121827,0,0,0,0.003692,0,0.018459,0,,D6165320,PXMG,07/16/2026 6:09:53 AM,BPD454,8M5CL,8M5CL,08/07/2026 10:59:33 AM,8M5CL,D1D,1,8441473,,,,,,,,,,,,,,,,,,
D616532,648,MCPPB648WAD2,0,0,0,0,0.003659,0,0,0,0,0.117096,0,0,0,0.003659,0,0.003659,0,,D6165320,PXMG,07/16/2026 6:09:53 AM,BPD454,8M5CL,8M5CL,08/07/2026 10:59:39 AM,8M5CL,D1D,2,8441480,,,,,,,,,,,,,,,,,,
D616529,58,A2EPZ058SLB0,0,0,0,0,0.003659,0.003659,0.003659,0,0,0.135392,0.003659,0.003659,0,0.003659,0,0.014637,0,,D6165290,PXMG,07/15/2026 5:18:06 PM,BPD436,8M5CL,8M5CL,08/07/2026 10:59:45 AM,8M5CL,D1D,1,8441601,,,,,,,,,,,,,,,,,,
D616529,61,A2EPZ061SLF2,0,0,0,0,0,0.003692,0.003692,0,0,0.151361,0,0,0,0.011075,0.003692,0.014767,0,,D6165290,PXMG,07/15/2026 5:18:06 PM,BPD436,8M5CL,8M5CL,08/07/2026 10:59:38 AM,8M5CL,D1D,2,8441707,,,,,,,,,,,,,,,,,,
D616458,94,A2DD8094SLD0,0,0,0,0,0,0,0.003491,0,0,0.282796,0,0,0,0.003491,0,0,0,,D6164580,PR8B,07/13/2026 3:20:33 AM,BPD436,8M5CL,8M5CL,07/13/2026 7:34:56 AM,8M5CL,D1D,1,8422689,,,,,,,,,,,,,,,,,,
D616458,104,A2CR1104SLG4,0,0,0.003489,0,0,0,0.006979,0,0,0.233783,0,0,0,0.003489,0,0,0,,D6164580,PR8B,07/13/2026 3:20:33 AM,BPD436,8M5CL,8M5CL,07/13/2026 7:34:41 AM,8M5CL,D1D,2,8422722,,,,,,,,,,,,,,,,,,
D616458,109,A2CR1109SLF5,0,0,0,0,0.003742,0.003742,0,0,0,0.28811,0,0,0,0,0.007483,0,0,,D6164580N,PR8B,07/13/2026 4:30:49 AM,BPD436,8M5CL,8M5CL,07/13/2026 7:35:00 AM,8M5CL,D1D,1,8939656,,,,,,,,,,,,,,,,,,
D616458,112,A2CR1112SLC4,0,0,0,0,0.003489,0.003489,0,0,0,0.212847,0,0,0,0,0.003489,0,0,,D6164580N,PR8B,07/13/2026 4:30:49 AM,BPD436,8M5CL,8M5CL,07/13/2026 7:34:53 AM,8M5CL,D1D,2,8939649,,,,,,,,,,,,,,,,,,
D616458,117,A2CR1117SLB5,0.006494,0,0,0,0,0.003247,0.006494,0,0,0.191584,0,0,0,0.006494,0,0.003247,0.006494,,D6164580N,PR8B,07/13/2026 4:30:49 AM,BPD436,8M5CL,8M5CL,07/13/2026 7:35:06 AM,8M5CL,D1D,3,8939600,,,,,,,,,,,,,,,,,,
D616458,125,A2CR1125SLF0,0,0,0,0,0,0.003249,0,0,0,0.243669,0,0,0,0.003249,0.003249,0.006498,0,,D6164580N,PR8B,07/13/2026 4:30:49 AM,BPD436,8M5CL,8M5CL,07/13/2026 7:35:18 AM,8M5CL,D1D,4,8939659,,,,,,,,,,,,,,,,,,
D615452,42,A2CM6042SLD6,0.011527,0,0,0,0.007867,0.007319,0.003659,0,0,0.258709,0,0,0,0.007319,0.003659,0.007319,0.003659,0,D6154520,PXMG,07/12/2026 3:20:05 PM,BPD454,8M5CL,8M5CL,08/07/2026 11:00:02 AM,8M5CL,D1D,1,8418078,,,,,,,,,,,,,,,,,,
D615452,50,A2CM6050SLH1,0,0,0,0,0.024334,0.003659,0.009697,0,0,0.285605,0,0,0,0,0.009697,0.003659,0,0,D6154520,PXMG,07/12/2026 3:20:05 PM,BPD454,8M5CL,8M5CL,08/07/2026 10:59:55 AM,8M5CL,D1D,2,8418108,,,,,,,,,,,,,,,,,,
D615452,53,A2DMV053SLE2,0.003692,0,0.005538,0,0,0,0.003692,0,0,0.241808,0,0,0,0.003692,0,0.003692,0,0,D6154520V,PXMG,07/12/2026 5:59:36 PM,BPD458,8M5CL,8M5CL,08/07/2026 11:00:19 AM,8M5CL,D1D,1,8937586,,,,,,,,,,,,,,,,,,
D615452,78,A2DD8078SLD5,0,0,0,0,0.003659,0.003659,0,0,0,0.186622,0,0,0,0,0,0.003659,0,,D6154520V,PXMG,07/12/2026 5:59:36 PM,BPD458,8M5CL,8M5CL,08/07/2026 11:00:12 AM,8M5CL,D1D,2,8937539,,,,,,,,,,,,,,,,,,
D615452,79,A2DD8079SLA4,0,0,0,0,0.007383,0.003692,0.003692,0,0,0.262113,0,0,0,0,0,0,0,0,D6154520V,PXMG,07/12/2026 5:59:36 PM,BPD458,8M5CL,8M5CL,08/07/2026 11:00:27 AM,8M5CL,D1D,3,8937623,,,,,,,,,,,,,,,,,,
D615452,82,A2DD8082SLE6,0,0,0,0,0.003659,0,0,0,0,0.201259,0,0,0,0,0,0.003659,0,,D6154520V,PXMG,07/12/2026 5:59:36 PM,BPD458,8M5CL,8M5CL,08/07/2026 11:00:03 AM,8M5CL,D1D,4,8937540,,,,,,,,,,,,,,,,,,
D616559,578,KJDLR578WFF7,0,0,0,0,0,0,0.003584,0,0,0.204263,0,0,0,0,0,0.003584,0.003584,,D6165590,PNCB,07/18/2026 1:49:47 AM,BPD446,8M5CL,8M5CL,08/24/2026 3:15:25 AM,8M5CL,D1D,1,8447956,,,,,,,,,,,,,,,,,,
D616559,582,KJDLR582WFH0,0,0,0,0,0.028668,0.010751,0.007167,0,0,0.243682,0,0,0,0.028668,0,0.003584,0,,D6165590,PNCB,07/18/2026 1:49:47 AM,BPD446,8M5CL,8M5CL,08/24/2026 4:04:36 AM,8M5CL,D1D,2,8448046,,,,,,,,,,,,,,,,,,
D617108,205,A2FU3205SLD1,0,0,0,0,0,0,0,0,0,0.173511,0,0.003692,0,0.014767,0,0.014767,0,0,D6171080,PXMG,07/23/2026 7:47:38 PM,BPD436,8M5CL,8M5CL,08/07/2026 10:59:43 AM,8M5CL,D1D,1,8466276,,,,,,,,,,,,,,,,,,
D617108,206,A2FU3206SLA0,0,0,0,0,0,0,0,0,0,0.219555,0,0,0,0,0,0.025615,0,,D6171080,PXMG,07/23/2026 7:47:38 PM,BPD436,8M5CL,8M5CL,08/07/2026 10:59:51 AM,8M5CL,D1D,2,8466218,,,,,,,,,,,,,,,,,,
D617108,207,A2FU3207SLE2,0,0,0,0,0,0,0,0,0,0.188278,0,0,0,0,0,0.003692,0,,D6171080,PXMG,07/23/2026 7:47:38 PM,BPD436,8M5CL,8M5CL,08/07/2026 10:59:45 AM,8M5CL,D1D,3,8466181,,,,,,,,,,,,,,,,,,
D617108,210,A2FU3210SLB1,0,0,0,0,0.003659,0.004391,0,0,0,0.211505,0,0,0,0.007319,0,0.010978,0,0,D6171080,PXMG,07/23/2026 7:47:38 PM,BPD436,8M5CL,8M5CL,08/07/2026 10:59:36 AM,8M5CL,D1D,4,8466293,,,,,,,,,,,,,,,,,,
D617623,129,5DXUY129MVB1,0,0,0,0,0,0.007383,0.007383,0,0,0.143977,0,0,0,0.007383,0.003692,0.003692,0,,D6176230,PXMG,07/23/2026 1:46:45 AM,BPD446,8M5CL,8M5CL,08/07/2026 10:59:52 AM,8M5CL,D1D,1,8480368,,,,,,,,,,,,,,,,,,
D617623,137,5DXUY137MVE4,0,0,0,0,0.018459,0.003692,0.003692,0,0,0.177203,0,0,0,0,0,0,0,,D6176230,PXMG,07/23/2026 1:46:45 AM,BPD446,8M5CL,8M5CL,08/07/2026 10:59:45 AM,8M5CL,D1D,2,8480316,,,,,,,,,,,,,,,,,,
D617623,139,5DXUY139MVF5,0.003692,0,0,0,0.007383,0.003692,0.007383,0,0,0.151361,0,0,0,0.003692,0,0,0.003692,,D6176230,PXMG,07/23/2026 1:46:45 AM,BPD446,8M5CL,8M5CL,08/07/2026 10:59:43 AM,8M5CL,D1D,3,8480278,,,,,,,,,,,,,,,,,,
D617623,143,5DXUY143MVG6,0,0,0,0,0,0,0,0,0,0.151361,0,0,0,0.003692,0,0,0,,D6176230,PXMG,07/23/2026 1:46:45 AM,BPD446,8M5CL,8M5CL,08/07/2026 10:59:32 AM,8M5CL,D1D,4,8480523,,,,,,,,,,,,,,,,,,
D615447,40,MCNFM040WAD7,0.007319,0,0,0,0,0,0.014637,0,0,0.14637,0,0,0,0.014637,0,0.065867,0,,D6154470,PXMG,07/22/2026 11:37:43 PM,BPD436,8M5CL,8M5CL,08/07/2026 10:59:56 AM,8M5CL,D1D,1,8415779,,,,,,,,,,,,,,,,,,
D615447,46,MCNFM046WAH2,0,0,0,0,0,0,0,0,0,0.153689,0,0,0,0.010978,0.007319,0.010978,0,,D6154470,PXMG,07/22/2026 11:37:43 PM,BPD436,8M5CL,8M5CL,08/07/2026 10:59:32 AM,8M5CL,D1D,2,8415774,,,,,,,,,,,,,,,,,,
D615447,68,MCNFM068WAC5,0,0,0,0,0.010978,0,0.003659,0,0,0.270785,0,0,0,0.007319,0,0.010978,0,0,D6154470,PXMG,07/22/2026 11:37:43 PM,BPD436,8M5CL,8M5CL,08/07/2026 10:59:45 AM,8M5CL,D1D,3,8415661,,,,,,,,,,,,,,,,,,
D615447,80,MCNFM080WAH1,0.003659,0,0,0,0.007319,0.003659,0,0,0,0.139052,0,0,0,0,0.003659,0.003659,0,,D6154470,PXMG,07/22/2026 11:37:43 PM,BPD436,8M5CL,8M5CL,08/07/2026 10:59:43 AM,8M5CL,D1D,4,8415731,,,,,,,,,,,,,,,,,,
D616557,177,HJ5FE177JKC5,0,0,0,0,0,0,0.003609,0,0,0.205722,0,0,0,0,0,0,0,,D6165570,PNCB,07/21/2026 11:51:04 PM,BPD458,8M5CL,8M5CL,07/22/2026 10:13:19 AM,8M5CL,D1D,1,8448698,,,,,,,,,,,,,,,,,,
D616557,178,HJ5FE178JKG7,0.007167,0,0,0,0,0,0,0,0,0.193512,0,0,0,0.003584,0,0.003584,0,,D6165570,PNCB,07/21/2026 11:51:04 PM,BPD458,8M5CL,8M5CL,07/22/2026 10:13:24 AM,8M5CL,D1D,2,8448688,,,,,,,,,,,,,,,,,,
D615442,636,HJ4EP636JKE6,0,0,0,0,0,0,0.003659,0,0,0.267125,0,0,0,0,0,0.003659,0,0,D6154420,PXMG,07/19/2026 12:26:29 AM,BPD458,8M5CL,8M5CL,08/07/2026 10:59:32 AM,8M5CL,D1D,1,8412270,,,,,,,,,,,,,,,,,,
D615442,637,HJ4EP637JKB5,0,0,0,0,0,0.003692,0,0,0,0.177203,0,0,0,0.003692,0,0.011075,0,,D6154420,PXMG,07/19/2026 12:26:29 AM,BPD458,8M5CL,8M5CL,08/07/2026 10:59:37 AM,8M5CL,D1D,2,8412224,,,,,,,,,,,,,,,,,,
D617625,636,MCPPB636WAF0,0.010978,0,0,0,0.003659,0.003659,0,0,0,0.135392,0.003659,0,0,0.003659,0,0.010978,0.007319,,D6176250,PXMG,07/19/2026 4:41:58 PM,BPD458,8M5CL,8M5CL,08/07/2026 10:59:31 AM,8M5CL,D1D,1,8483107,,,,,,,,,,,,,,,,,,
D617625,643,MCPPB643WAE1,0,0,0,0,0,0,0,0,0,0.143977,0,0,0,0.003692,0,0.025842,0,,D6176250,PXMG,07/19/2026 4:41:58 PM,BPD458,8M5CL,8M5CL,08/07/2026 10:59:22 AM,8M5CL,D1D,2,8483224,,,,,,,,,,,,,,,,,,
D617584,126,A25S7126SLD0,0,0,0,0,0,0.003584,0.007167,0,0,0.218597,0,0.003584,0,0.003584,0,0.003584,0,,D6175840,PNCB,07/19/2026 8:24:53 PM,BPD458,8M5CL,8M5CL,07/20/2026 8:18:16 AM,8M5CL,D1D,1,8470871,,,,,,,,,,,,,,,,,,
D617584,127,A25S7127SLH2,0,0,0,0,0,0,0.003609,0,0,0.216549,0,0,0,0.021655,0,0.007218,0.007218,,D6175840,PNCB,07/19/2026 8:24:53 PM,BPD458,8M5CL,8M5CL,07/20/2026 8:17:50 AM,8M5CL,D1D,2,8471010,,,,,,,,,,,,,,,,,,
D616492,50,A2DST050SLB3,0,0,0,0,0.010978,0.007319,0.003659,0,0,0.135392,0,0,0,0.003659,0,0.007319,0,,D6164920,PXMG,07/19/2026 7:07:17 PM,BPD454,8M5CL,8M5CL,08/07/2026 10:59:31 AM,8M5CL,D1D,1,8425227,,,,,,,,,,,,,,,,,,
D616492,60,A2DY9060SLG3,0,0,0,0,0,0.003659,0,0,0,0.142711,0,0,0,0.003659,0.003659,0.029274,0,,D6164920,PXMG,07/19/2026 7:07:17 PM,BPD454,8M5CL,8M5CL,08/07/2026 10:59:24 AM,8M5CL,D1D,2,8425184,,,,,,,,,,,,,,,,,,
D616507,160,A2FU3160SLC3,0,0,0,0,0.003659,0,0.003659,0,0,0.120755,0,0,0,0.007319,0,0.003659,0.003659,,D6165070,PXMG,07/25/2026 3:11:32 PM,BPD436,8M5CL,8M5CL,08/07/2026 10:59:30 AM,8M5CL,D1D,1,8434594,,,,,,,,,,,,,,,,,,
D616507,303,A2DMV303SLB2,0,0,0,0,0,0,0,0,0,0.173511,0,0,0,0.007383,0,0.003692,0,,D6165070,PXMG,07/25/2026 3:11:32 PM,BPD436,8M5CL,8M5CL,08/07/2026 10:59:22 AM,8M5CL,D1D,2,8434659,,,,,,,,,,,,,,,,,,
D616507,305,A2DMV305SLC3,0,0,0,0,0.007383,0,0.003692,0,0,0.121827,0.003692,0,0,0.007383,0,0.003692,0,,D6165070W,PXMG,07/25/2026 4:16:19 PM,BPD454,8M5CL,8M5CL,08/07/2026 10:59:26 AM,8M5CL,D1D,1,9019170,,,,,,,,,,,,,,,,,,
D616507,307,A2DMV307SLD4,0,0,0,0,0,0,0,0,0,0.10706,0,0,0,0.011075,0,0.02215,0,,D6165070W,PXMG,07/25/2026 4:16:19 PM,BPD454,8M5CL,8M5CL,08/07/2026 10:59:43 AM,8M5CL,D1D,2,9019173,,,,,,,,,,,,,,,,,,
D616507,308,A2DMV308SLA3,0,0,0,0,0,0,0.003659,0,0,0.109778,0,0,0,0,0,0.014637,0,,D6165070W,PXMG,07/25/2026 4:16:19 PM,BPD454,8M5CL,8M5CL,08/07/2026 10:59:35 AM,8M5CL,D1D,3,9019192,,,,,,,,,,,,,,,,,,
D616507,312,A2DMV312SLB4,0,0,0,0,0,0,0.003659,0,0,0.256148,0,0,0,0.003659,0,0.018296,0,0,D6165070W,PXMG,07/25/2026 4:16:19 PM,BPD454,8M5CL,8M5CL,08/07/2026 10:59:45 AM,8M5CL,D1D,4,9019190,,,,,,,,,,,,,,,,,,
D617642,538,HJ5QY538JKD6,0,0,0,0,0.021956,0,0,0,0,0.117096,0,0,0,0.003659,0,0.021956,0.036593,,D6176420,PXMG,07/29/2026 12:11:15 AM,BPD458,8M5CL,8M5CL,08/07/2026 10:58:53 AM,8M5CL,D1D,1,8487295,,,,,,,,,,,,,,,,,,
D617642,539,HJ5QY539JKA5,0.004799,0,0,0,0,0.008491,0,0,0,0.17868,0,0,0,0.011075,0,0.011075,0,0,D6176420,PXMG,07/29/2026 12:11:15 AM,BPD458,8M5CL,8M5CL,08/07/2026 10:58:55 AM,8M5CL,D1D,2,8487115,,,,,,,,,,,,,,,,,,
D617626,364,MCPMU364WAD3,0,0,0,0,0.003659,0,0,0,0,0.1976,0,0,0,0.003659,0,0,0,0,D6176260,PXMG,07/29/2026 5:32:59 AM,BPD454,8M5CL,8M5CL,08/07/2026 10:59:11 AM,8M5CL,D1D,1,8483526,,,,,,,,,,,,,,,,,,
D617626,366,MCPMU366WAE4,0,0,0,0,0.007319,0.007319,0.003659,0,0,0.113437,0,0,0,0.003659,0,0.007319,0,,D6176260,PXMG,07/29/2026 5:32:59 AM,BPD454,8M5CL,8M5CL,08/07/2026 10:59:02 AM,8M5CL,D1D,2,8483488,,,,,,,,,,,,,,,,,,
D617626,375,MCPMU375WAE6,0.003692,0,0,0,0.007383,0.003692,0.011075,0,0,0.121827,0,0,0,0.003692,0,0.014767,0,,D6176260,PXMG,07/29/2026 5:32:59 AM,BPD454,8M5CL,8M5CL,08/07/2026 10:59:15 AM,8M5CL,D1D,3,8483435,,,,,,,,,,,,,,,,,,
D617626,376,MCPMU376WAB5,0,0,0,0,0,0,0.010978,0,0,0.208577,0,0,0,0.003659,0.003659,0.021956,0,0,D6176260,PXMG,07/29/2026 5:32:59 AM,BPD454,8M5CL,8M5CL,08/07/2026 10:59:20 AM,8M5CL,D1D,4,8483586,,,,,,,,,,,,,,,,,,
D616530,35,A2FQW035SLF1,0.003692,0,0,0,0,0,0.003692,0,0,0.254729,0,0,0,0,0,0.018459,0,0,D6165300,PXMG,07/28/2026 10:29:35 AM,BPD454,8M5CL,8M5CL,08/07/2026 10:58:55 AM,8M5CL,D1D,1,8441235,,,,,,,,,,,,,,,,,,
D616530,36,A2FQW036SLC0,0.003659,0,0,0,0,0,0,0,0,0.215896,0,0,0,0,0,0.014637,0,0,D6165300,PXMG,07/28/2026 10:29:35 AM,BPD454,8M5CL,8M5CL,08/07/2026 10:58:48 AM,8M5CL,D1D,2,8441247,,,,,,,,,,,,,,,,,,
D615977,176,5DXPQ176MVA2,0,0,0,0,0,0,0.006824,0,0,0.382135,0,0,0,0.006824,0,0,0,,D6159770,PR8B,07/28/2026 6:37:40 PM,BPD446,8M5CL,8M5CL,07/29/2026 8:27:14 AM,8M5CL,D1D,1,8421233,,,,,,,,,,,,,,,,,,
D615977,177,5DXPQ177MVE4,0,0,0,0,0,0.005846,0.005846,0,0,0.33907,0,0,0,0,0,0,0,,D6159770,PR8B,07/28/2026 6:37:40 PM,BPD446,8M5CL,8M5CL,07/29/2026 8:26:55 AM,8M5CL,D1D,2,8421180,,,,,,,,,,,,,,,,,,
D615977,285,5DXPQ285MVH0,0,0,0,0,0,0,0,0,0,0.372034,0,0,0,0.011274,0.005637,0.011274,0,,D6159770,PR8B,07/28/2026 6:37:40 PM,BPD446,8M5CL,8M5CL,07/29/2026 8:27:02 AM,8M5CL,D1D,3,8421210,,,,,,,,,,,,,,,,,,
D615977,287,5DXPQ287MVA6,0,0,0,0,0,0,0,0,0,0.397655,0,0,0,0.00723,0,0.01446,0,,D6159770,PR8B,07/28/2026 6:37:40 PM,BPD446,8M5CL,8M5CL,07/29/2026 8:27:08 AM,8M5CL,D1D,4,8421271,,,,,,,,,,,,,,,,,,
D616470,9,MCPMT009WAH2,0.003247,0,0,0,0.003247,0,0.003247,0,0,0.214314,0,0,0,0,0.003247,0.006494,0,,D6164700,PR8B,07/26/2026 5:08:38 AM,BPD436,8M5CL,8M5CL,07/26/2026 8:16:00 AM,8M5CL,D1D,1,8425354,,,,,,,,,,,,,,,,,,
D616470,19,MCPMT019WAE3,0,0,0,0,0.00988,0.00988,0,0,0,0.210781,0,0,0,0,0,0.013174,0,,D6164700,PR8B,07/26/2026 5:08:38 AM,BPD436,8M5CL,8M5CL,07/26/2026 8:16:04 AM,8M5CL,D1D,2,8425175,,,,,,,,,,,,,,,,,,
D616533,203,HK0SX203JKF0,0,0,0,0,0.014767,0,0.011075,0,0,0.284263,0,0,0,0.029534,0,0.033226,0,,D6165330,PXMG,08/01/2026 10:47:10 AM,BPD446,8M5CL,8M5CL,08/07/2026 10:58:50 AM,8M5CL,D1D,1,8441598,,,,,,,,,,,,,,,,,,
D616533,204,HK0SX204JKB7,0,0,0,0,0,0.007319,0.003659,0,0,0.435451,0,0,0,0,0,0.018296,0,0,D6165330,PXMG,08/01/2026 10:47:10 AM,BPD446,8M5CL,8M5CL,08/07/2026 10:58:56 AM,8M5CL,D1D,2,8441579,,,,,,,,,,,,,,,,,,
D616469,178,5DXPQ178MVB3,0,0,0,0,0.028086,0.004681,0.018724,0,0,0.332352,0,0,0,0,0,0,0.004681,,D6164690,PR8B,08/01/2026 1:06:47 PM,BPD446,8M5CL,8M5CL,08/02/2026 10:01:50 AM,8M5CL,D1D,1,8425706,,,,,,,,,,,,,,,,,,
D616469,190,5DXPQ190MVF7,0,0,0,0,0.009945,0.009945,0.004972,0,0,0.273474,0,0,0,0.004972,0,0.014917,0,,D6164690,PR8B,08/01/2026 1:06:47 PM,BPD446,8M5CL,8M5CL,08/02/2026 10:01:55 AM,8M5CL,D1D,2,8425565,,,,,,,,,,,,,,,,,,
D617638,57,KJFMF057WFG5,0,0,0,0,0.014767,0.007383,0,0,0,0.166128,0,0,0,0.014767,0.003692,0.036917,0,,D6176380,PXMG,08/05/2026 3:19:41 AM,BPD454,8M5CL,8M5CL,08/07/2026 10:58:42 AM,8M5CL,D1D,1,8486782,,,,,,,,,,,,,,,,,,
D617638,312,KJFTC312WFG6,0,0,0,0,0.007319,0.007319,0,0,0,0.32238,0,0.007319,0,0.010612,0,0.018296,0,0,D6176380,PXMG,08/05/2026 3:19:41 AM,BPD454,8M5CL,8M5CL,08/07/2026 10:58:49 AM,8M5CL,D1D,2,8486869,,,,,,,,,,,,,,,,,,
D616521,127,A2ET6127SLD0,0,0,0,0,0.003692,0.003692,0.007383,0,0,0.125519,0,0,0,0.007383,0,0,0.003692,,D6165210,PXMG,08/03/2026 1:56:28 PM,BPD436,8M5CL,8M5CL,08/07/2026 10:59:03 AM,8M5CL,D1D,1,8438003,,,,,,,,,,,,,,,,,,
D616521,129,A2ET6129SLE1,0,0,0,0,0,0.003692,0,0,0.003692,0.232579,0,0,0,0.007383,0,0.018459,0,0,D6165210,PXMG,08/03/2026 1:56:28 PM,BPD436,8M5CL,8M5CL,08/07/2026 10:59:11 AM,8M5CL,D1D,2,8438042,,,,,,,,,,,,,,,,,,
D616521,130,A2ET6130SLH2,0.003659,0,0,0,0,0,0.003659,0,0,0.373244,0,0,0,0.003659,0,0.003659,0.003659,0,D6165210,PXMG,08/03/2026 1:56:28 PM,BPD436,8M5CL,8M5CL,08/07/2026 10:59:14 AM,8M5CL,D1D,3,8438048,,,,,,,,,,,,,,,,,,
D616521,131,A2ET6131SLE1,0,0,0,0,0.014767,0,0.055376,0,0,0.110752,0,0,0,0.066451,0,0.538992,0,,D6165210,PXMG,08/02/2026 8:40:46 PM,BPD458,8M5CL,8M5CL,08/07/2026 10:59:20 AM,8M5CL,D1D,4,8438060,,,,,,,,,,,,,,,,,,
D617123,16,MCPPD016WAC0,0,0,0,0,0.006979,0,0,0,0,0.202379,0,0,0,0,0,0.020936,0,,D6171230,PR8B,08/03/2026 8:18:09 AM,BPD436,8M5CL,8M5CL,08/03/2026 10:05:43 AM,8M5CL,D1D,1,8499775,,,,,,,,,,,,,,,,,,
D617123,20,MCPPD020WAD1,0,0,0,0,0.003489,0.010468,0,0,0,0.19889,0,0,0,0.003489,0,0,0.003489,,D6171230,PR8B,08/03/2026 8:18:09 AM,BPD436,8M5CL,8M5CL,08/03/2026 10:05:45 AM,8M5CL,D1D,2,8499884,,,,,,,,,,,,,,,,,,
D617124,584,MCPNW584WAH0,0,0,0,0,0,0,0,0,0,0.331483,0,0,0,0,0,0,0,,D6171240,PR8B,08/02/2026 6:36:08 PM,BPD436,8M5CL,8M5CL,08/03/2026 9:36:20 AM,8M5CL,D1D,1,8499932,,,,,,,,,,,,,,,,,,
D617124,589,MCPNW589WAG1,0.004059,0,0,0,0,0.004059,0,0,0,0.30849,0,0,0,0.004059,0,0,0,,D6171240,PR8B,08/02/2026 6:36:08 PM,BPD436,8M5CL,8M5CL,08/03/2026 9:36:18 AM,8M5CL,D1D,2,8499991,,,,,,,,,,,,,,,,,,
D617122,540,HK1ES540JKC4,0.006979,0,0,0,0,0,0,0,0,0.202379,0,0,0,0,0,0,0,,D6171220,PR8B,08/02/2026 6:09:56 PM,BPD436,8M5CL,8M5CL,08/03/2026 9:36:31 AM,8M5CL,D1D,1,8499053,,,,,,,,,,,,,,,,,,
D617122,541,HK1ES541JKG6,0.003247,0,0,0,0,0.003247,0,0,0,0.20782,0,0,0,0.009742,0.003247,0.035719,0,,D6171220,PR8B,08/02/2026 6:09:56 PM,BPD436,8M5CL,8M5CL,08/03/2026 9:36:08 AM,8M5CL,D1D,2,8499100,,,,,,,,,,,,,,,,,,
D617639,583,HJ5QY583JKF0,0.007383,0,0,0,0.033226,0,0.003692,0,0,0.251037,0,0,0,0.036917,0,0.033226,0.011075,0,D6176390,PXMG,08/07/2026 6:40:33 AM,BPD454,8M5CL,8M5CL,08/07/2026 10:10:09 AM,8M5CL,D1D,1,8486498,,,,,,,,,,,,,,,,,,
D617639,584,HJ5QY584JKB7,0,0,0,0,0,0,0,0,0,0.384221,0,0,0,0.003659,0.003659,0.010978,0,0,D6176390,PXMG,08/07/2026 6:40:33 AM,BPD454,8M5CL,8M5CL,08/07/2026 10:10:03 AM,8M5CL,D1D,2,8486604,,,,,,,,,,,,,,,,,,
D616468,350,5DXPR350MVB2,0,0,0,0,0.026303,0,0,0,0,0.482215,0,0,0,0,0,0,0,,D6164680,PR8B,08/05/2026 6:07:03 PM,BPD446,8M5CL,8M5CL,08/06/2026 10:45:55 AM,8M5CL,D1D,1,8425448,,,,,,,,,,,,,,,,,,
D616468,374,5DXPR374MVF1,0,0,0,0,0,0.00593,0,0,0,0.355771,0,0,0,0.00593,0,0,0.011859,,D6164680,PR8B,08/05/2026 6:07:03 PM,BPD446,8M5CL,8M5CL,08/06/2026 10:46:05 AM,8M5CL,D1D,2,8425610,,,,,,,,,,,,,,,,,,
D617586,45,KJDLP045WFF3,0,0,0,0,0,0,0,0.003609,0,0.223768,0,0,0,0,0.003609,0.007218,0,,D6175860,PNCB,08/12/2026 3:34:09 PM,BPD458,8M5CL,8M5CL,08/14/2026 8:05:59 AM,8M5CL,D1D,1,8470737,,,,,,,,,,,,,,,,,,
D617586,71,KJEYC071WFB0,0,0,0,0,0.007218,0,0.007218,0,0,0.223768,0,0,0,0.003609,0,0.014437,0,,D6175860,PNCB,08/12/2026 3:34:09 PM,BPD458,8M5CL,8M5CL,08/14/2026 8:05:54 AM,8M5CL,D1D,2,8470791,,,,,,,,,,,,,,,,,,
D616558,119,A2EWZ119SLA0,0,0,0,0,0.007218,0,0,0,0,0.245423,0,0,0,0,0,0.007218,0,,D6165580,PNCB,08/11/2026 12:07:10 AM,BPD446,8M5CL,8M5CL,08/11/2026 11:44:08 AM,8M5CL,D1D,1,8447980,,,,,,,,,,,,,,,,,,
D616558,187,A2EWZ187SLA7,0,0.007218,0.003609,0,0.003609,0.003609,0.003609,0,0,0.241814,0,0,0,0.025264,0,0.003609,0.003609,,D6165580,PNCB,08/11/2026 12:07:10 AM,BPD446,8M5CL,8M5CL,08/11/2026 11:44:20 AM,8M5CL,D1D,2,8447997,,,,,,,,,,,,,,,,,,
D617587,322,KJF3L322WFE1,0,0,0,0,0,0,0.003584,0,0,0.186345,0,0,0,0.014334,0,0.003584,0,,D6175870,PNCB,08/13/2026 9:04:17 PM,BPD458,8M5CL,8M5CL,08/14/2026 8:05:54 AM,8M5CL,D1D,1,8470834,,,,,,,,,,,,,,,,,,
D617587,453,KJF3L453WFG2,0,0,0.003609,0,0.003609,0.003609,0.003609,0,0,0.194894,0,0,0,0.032482,0.003609,0,0,,D6175870,PNCB,08/13/2026 9:04:17 PM,BPD458,8M5CL,8M5CL,08/14/2026 8:06:01 AM,8M5CL,D1D,2,8470824,,,,,,,,,,,,,,,,,,
D617114,27,MCPPA027WAC2,0.004036,0,0,0,0,0.004036,0.004036,0,0,0.278496,0,0,0,0,0,0,0.004036,,D6171140,PR8B,08/18/2026 9:33:17 AM,BPD458,8M5CL,8M5CL,08/19/2026 8:26:38 AM,8M5CL,D1D,1,8500977,,,,,,,,,,,,,,,,,,
D617114,38,MCPPA038WAD5,0.014612,0,0,0,0,0,0,0,0,0.394518,0,0,0,0,0,0.007306,0,,D6171140,PR8B,08/18/2026 9:33:17 AM,BPD458,8M5CL,8M5CL,08/19/2026 8:26:45 AM,8M5CL,D1D,2,8500913,,,,,,,,,,,,,,,,,,
D616463,555,HJ4EP555JKD0,0,0,0,0,0.00437,0.00437,0,0,0,0.279696,0,0,0,0.00437,0,0.030592,0,,D6164630V,PR8B,08/17/2026 6:13:02 PM,BPD458,8M5CL,8M5CL,08/18/2026 7:11:16 AM,8M5CL,D1D,1,9149646,,,,,,,,,,,,,,,,,,
D616463,556,HJ4EP556JKH2,0,0,0,0,0,0.003489,0,0,0,0.226804,0,0,0,0.003489,0.003489,0.006979,0,,D6164630V,PR8B,08/17/2026 6:13:02 PM,BPD458,8M5CL,8M5CL,08/18/2026 7:11:05 AM,8M5CL,D1D,2,9149668,,,,,,,,,,,,,,,,,,
D616463,557,HJ4EP557JKE1,0,0,0,0,0.003782,0.003782,0,0,0,0.253367,0,0,0,0,0,0,0,,D6164630V,PR8B,08/17/2026 6:13:02 PM,BPD458,8M5CL,8M5CL,08/18/2026 7:11:17 AM,8M5CL,D1D,3,9149622,,,,,,,,,,,,,,,,,,
D616463,598,HJ4EP598JKE2,0.003489,0,0,0,0.006979,0,0,0,0,0.205868,0,0,0,0,0,0,0,,D6164630V,PR8B,08/17/2026 6:13:02 PM,BPD458,8M5CL,8M5CL,08/18/2026 7:10:59 AM,8M5CL,D1D,4,9149671,,,,,,,,,,,,,,,,,,
D616463,553,HJ4EP553JKB7,0.020042,0,0,0,0,0,0,0,0,0.25721,0,0,0,0.00334,0,0,0.013362,,D6164630,PR8B,08/18/2026 1:34:56 AM,BPD436,8M5CL,8M5CL,08/18/2026 7:12:06 AM,8M5CL,D1D,1,8431069,,,,,,,,,,,,,,,,,,
D616463,554,HJ4EP554JKG1,0,0,0,0,0,0.016468,0.005489,0,0,0.345821,0,0,0,0,0,0.005489,0,,D6164630,PR8B,08/18/2026 1:34:56 AM,BPD436,8M5CL,8M5CL,08/18/2026 7:12:17 AM,8M5CL,D1D,2,8430974,,,,,,,,,,,,,,,,,,
D615342,24,A2BDY024SLC2,0,0,0,0,0.003659,0,0.018296,0,0,0.191013,0,0.003659,0,0.016101,0.003659,0.045375,0,0,D6153420,PXMG,08/17/2026 7:31:50 AM,BPD454,8M5CL,8M5CL,08/18/2026 7:14:38 AM,8M5CL,D1D,1,8406025,,,,,,,,,,,,,,,,,,
D615342,83,A2BP5083SLD2,0,0,0,0,0.003692,0,0,0,0,0.354406,0,0,0,0.007383,0,0.003692,0,0,D6153420,PXMG,08/17/2026 7:31:50 AM,BPD454,8M5CL,8M5CL,08/18/2026 7:14:51 AM,8M5CL,D1D,2,8405820,,,,,,,,,,,,,,,,,,
D617637,51,A2BDY051SLD0,0,0,0,0,0.007383,0,0,0,0,0.143977,0,0,0,0.007383,0,0.014767,0,,D6176370,PXMG,08/17/2026 10:24:07 PM,BPD454,8M5CL,8M5CL,08/18/2026 7:58:17 AM,8M5CL,D1D,1,8487303,,,,,,,,,,,,,,,,,,
D617637,55,A2BDY055SLF2,0.003692,0,0,0,0,0,0,0,0.003692,0.286847,0,0,0,0.012183,0,0.014767,0,0,D6176370,PXMG,08/17/2026 10:24:07 PM,BPD454,8M5CL,8M5CL,08/18/2026 7:58:27 AM,8M5CL,D1D,2,8487129,,,,,,,,,,,,,,,,,,
D616560,19,KJDLP019WFB4,0,0,0,0,0.003609,0,0,0,0,0.194894,0,0,0,0.003609,0,0.007218,0,,D6165600,PNCB,08/17/2026 6:38:11 AM,BPD446,8M5CL,8M5CL,08/17/2026 7:49:34 AM,8M5CL,D1D,1,8448004,,,,,,,,,,,,,,,,,,
D616560,31,KJDLP031WFG0,0,0,0,0,0,0,0,0,0,0.249032,0,0,0,0.007218,0.003609,0.007218,0,0,D6165600,PNCB,08/17/2026 6:38:11 AM,BPD446,8M5CL,8M5CL,08/17/2026 7:49:25 AM,8M5CL,D1D,2,8447923,,,,,,,,,,,,,,,,,,
D617114,42,MCPPA042WAE6,0,0,0,0,0.008775,0,0,0,0,0.302754,0,0,0,0.004388,0,0.004388,0,,D6171140Z,PR8B,08/18/2026 7:14:42 AM,BPD458,8M5CL,8M5CL,08/19/2026 8:27:09 AM,8M5CL,D1D,1,9154734,,,,,,,,,,,,,,,,,,
D617114,61,MCPPA061WAC1,0,0,0,0,0.004137,0,0.01241,0,0,0.268875,0,0.004137,0,0.008273,0.004137,0,0,,D6171140Z,PR8B,08/18/2026 7:14:42 AM,BPD458,8M5CL,8M5CL,08/19/2026 8:26:56 AM,8M5CL,D1D,2,9154730,,,,,,,,,,,,,,,,,,
D617114,76,MCPPA076WAF6,0,0,0,0,0,0.003961,0,0,0,0.269367,0,0,0,0,0,0.003961,0.007923,,D6171140Z,PR8B,08/18/2026 7:14:42 AM,BPD458,8M5CL,8M5CL,08/19/2026 8:26:50 AM,8M5CL,D1D,3,9154667,,,,,,,,,,,,,,,,,,
D617114,77,MCPPA077WAC5,0,0,0,0,0,0,0,0,0,0.219337,0,0,0,0,0,0,0,,D6171140Z,PR8B,08/18/2026 7:14:42 AM,BPD458,8M5CL,8M5CL,08/19/2026 8:27:02 AM,8M5CL,D1D,4,9154726,,,,,,,,,,,,,,,,,,
D615876,6,A2AFY006SLF7,0.003147,0,0,0,0.028499,0,0,0,0,16.19825,0,0,0,0.009441,0,0.018883,0,0,D6158760,PD5B,08/20/2026 12:55:53 AM,BPD446,8M5CL,8M5CL,08/20/2026 9:40:30 AM,8M5CL,D1D,1,8418098,,,,,,,,,,,,,,,,,,
D615876,26,A2AT4026SLG1,0.006294,0,0,0,0.003147,0,0.003147,0,0,21.10484,0,0,0,0.003147,0,0.003147,0.018883,0,D6158760,PD5B,08/20/2026 12:55:53 AM,BPD446,8M5CL,8M5CL,08/20/2026 9:40:40 AM,8M5CL,D1D,2,8418066,,,,,,,,,,,,,,,,,,
D615876,52,A2AT4052SLC5,0,0,0,0,0,0,0,0,0,15.26372,0,0,0,0.003147,0,0,0,0,D6158760,PD5B,08/20/2026 12:55:53 AM,BPD446,8M5CL,8M5CL,08/20/2026 9:40:19 AM,8M5CL,D1D,3,8417997,,,,,,,,,,,,,,,,,,
D615876,54,A2AT4054SLD6,0,0,0,0,0.025836,0,0.003147,0,0,16.52507,0,0,0,0,0,0.003147,0,0,D6158760,PD5B,08/20/2026 12:55:53 AM,BPD446,8M5CL,8M5CL,08/20/2026 9:40:11 AM,8M5CL,D1D,4,8418019,,,,,,,,,,,,,,,,,,
D617641,5,MCPPA005WAG7,0,0,0,0,0,0,0.007383,0,0,0.118135,0,0,0,0,0.003692,0.02215,0,,D6176410,PXMG,08/23/2026 10:25:53 PM,BPD436,8M5CL,8M5CL,08/24/2026 5:53:11 AM,8M5CL,D1D,1,8486652,,,,,,,,,,,,,,,,,,
D617641,20,MCPPA020WAC0,0,0,0,0,0,0,0,0,0,0.124415,0,0,0,0,0,0.007319,0,,D6176410,PXMG,08/23/2026 10:25:53 PM,BPD436,8M5CL,8M5CL,08/24/2026 5:53:17 AM,8M5CL,D1D,2,8486614,,,,,,,,,,,,,,,,,,
D551246,46,KJ7HA046WFE4,0,0,0,0,0,0,0.007319,0,0,0.263466,0,0,0,0,0.003659,0.014637,0,0,D5512460,PXMG,02/28/2026 2:01:06 PM,BPD446,8M5CL,8M5CL,05/01/2026 5:48:41 PM,8M5CL,D1D,1,7815162,,,,,,,,,,,,,,,,,,
D551246,56,KJ7HA056WFB5,0,0,0,0,0,0.003659,0.007319,0,0,0.322746,0,0,0,0.021224,0,0.014637,0,0,D5512460,PXMG,02/28/2026 2:01:06 PM,BPD446,8M5CL,8M5CL,03/01/2026 8:54:42 AM,8M5CL,D1D,2,7815067,,,,,,,,,,,,,,,,,,
D551247,424,KJ7JA424WFE2,0,0,0,0,0.007319,0.003659,0.003659,0,0,0.113437,0,0,0,0,0,0,0,,D5512470,PXMG,03/07/2026 12:04:52 PM,BPD448,8M5CL,8M5CL,04/21/2026 2:05:42 PM,8M5CL,D1D,1,7815207,,,,,,,,,,,,,,,,,,
D551247,425,KJ7JA425WFB1,0,0,0,0.003692,0,0,0,0,0,0.12921,0,0,0,0.003692,0.003692,0.007383,0,,D5512470,PXMG,03/07/2026 12:04:52 PM,BPD448,8M5CL,8M5CL,04/18/2026 12:12:33 PM,8M5CL,D1D,2,7815132,,,,,,,,,,,,,,,,,,
D550188,312,5DWZH312MVB3,0,0,0,0,0,0,0,0,0,0.245536,0,0,0,0,0,0.006953,0,0,D5501880,PXMG,03/04/2026 1:41:52 AM,BPD444,8M5CL,8M5CL,04/08/2026 2:13:03 PM,8M5CL,D1D,1,7782515,,,,,,,,,,,,,,,,,,
D550188,320,5DWZH320MVE6,0,0,0,0,0,0,0,0,0,0.289081,0,0,0,0.003659,0,0.007319,0,0,D5501880,PXMG,03/04/2026 1:41:52 AM,BPD444,8M5CL,8M5CL,07/01/2026 8:22:04 AM,8M5CL,D1D,2,7782636,,,,,,,,,,,,,,,,,,
D550963,251,GT6QX251JKC3,0,0,0,0,0,0,0.011075,0,0,0.21412,0,0,0,0.014767,0,0.018459,0.003692,,D5509630,PXMG,03/13/2026 3:54:25 AM,BPD454,8M5CL,8M5CL,06/07/2026 3:25:22 AM,8M5CL,D1D,1,7796433,,,,,,,,,,,,,,,,,,
D550963,252,GT6QX252JKG5,0,0,0,0,0.010978,0,0,0,0,0.28469,0,0,0,0.00805,0.003659,0.003659,0,0,D5509630,PXMG,03/13/2026 3:54:25 AM,BPD454,8M5CL,8M5CL,06/09/2026 1:19:34 AM,8M5CL,D1D,2,7796437,,,,,,,,,,,,,,,,,,
D550959,275,KJ7KG275WFB1,0,0,0,0,0.011075,0,0.003692,0,0,0.140286,0,0,0,0,0,0.014767,0,,D5509590,PXMG,03/12/2026 2:29:41 PM,BPD454,8M5CL,8M5CL,07/01/2026 6:58:25 AM,8M5CL,D1D,1,7794029,,,,,,,,,,,,,,,,,,
D550959,352,KJ7JC352WFD4,0,0,0,0,0,0.007319,0,0,0,0.252488,0,0,0,0,0,0.018296,0,0,D5509590,PXMG,03/12/2026 2:29:41 PM,BPD454,8M5CL,8M5CL,07/01/2026 1:58:57 AM,8M5CL,D1D,2,7794039,,,,,,,,,,,,,,,,,,
D550176,350,KJ7KN350WFC1,0,0,0,0,0.003659,0.003659,0,0,0,0.153689,0,0,0,0.003659,0,0.007319,0.003659,,D5501760,PXMG,03/12/2026 9:00:36 PM,BPD448,8M5CL,8M5CL,07/01/2026 5:39:52 AM,8M5CL,D1D,1,7777291,,,,,,,,,,,,,,,,,,
D550176,353,KJ7KN353WFA1,0.003692,0.003692,0,0,0.003692,0,0,0,0,0.158744,0,0,0,0.007383,0,0.011075,0,,D5501760,PXMG,03/12/2026 9:00:36 PM,BPD448,8M5CL,8M5CL,04/08/2026 2:10:49 PM,8M5CL,D1D,2,7777428,,,,,,,,,,,,,,,,,,
D550187,326,GT4TS326JKF2,0,0,0,0,0,0.010978,0,0,0,0.208577,0,0,0,0.003659,0,0.003659,0.003659,0,D5501870,PXMG,03/10/2026 11:23:47 AM,BPD450,8M5CL,8M5CL,04/20/2026 11:54:45 PM,8M5CL,D1D,1,7782366,,,,,,,,,,,,,,,,,,
D550187,327,GT4TS327JKC1,0,0,0,0,0,0,0,0,0,0.205445,0,0,0,0.007383,0,0.019751,0.007383,0,D5501870,PXMG,03/10/2026 11:23:47 AM,BPD450,8M5CL,8M5CL,04/20/2026 7:51:43 AM,8M5CL,D1D,2,7782204,,,,,,,,,,,,,,,,,,
D550180,26,A22SS026SLB3,0,0,0,0,0.003659,0.005489,0,0,0,0.14454,0.003659,0,0,0.007319,0,0.007319,0.014637,0,D5501800,PXMG,03/19/2026 7:47:56 PM,BPD436,8M5CL,8M5CL,07/01/2026 6:54:16 AM,8M5CL,D1D,1,7779576,,,,,,,,,,,,,,,,,,
D550180,28,A22SS028SLC4,0.003659,0,0,0,0.010978,0.014637,0.003659,0,0,0.091481,0,0,0,0.010978,0,0.018296,0,,D5501800,PXMG,03/19/2026 7:47:56 PM,BPD436,8M5CL,8M5CL,07/01/2026 3:26:02 AM,8M5CL,D1D,2,7779650,,,,,,,,,,,,,,,,,,
D550180,31,A22SS031SLG6,0.007383,0,0,0,0,0,0.003692,0,0,0.10706,0,0,0,0,0,0.003692,0.007383,,D5501800,PXMG,03/19/2026 7:47:56 PM,BPD436,8M5CL,8M5CL,07/01/2026 7:03:30 AM,8M5CL,D1D,3,7779670,,,,,,,,,,,,,,,,,,
D550180,32,A22SS032SLD5,0.007319,0,0,0,0,0.003659,0,0,0,0.358607,0.003659,0,0,0.003659,0.065867,0.036593,0,,D5501800,PXMG,03/19/2026 7:47:56 PM,BPD436,8M5CL,8M5CL,07/01/2026 7:04:56 AM,8M5CL,D1D,4,7779635,,,,,,,,,,,,,,,,,,
D550175,113,KJ7JD113WFG5,0,0,0,0,0.007383,0,0.003692,0,0,0.162436,0,0,0,0.014767,0,0,0.003692,,D5501750,PXMG,03/19/2026 4:08:20 AM,BPD450,8M5CL,8M5CL,06/02/2026 5:16:33 AM,8M5CL,D1D,1,7777360,,,,,,,,,,,,,,,,,,
D550175,336,KJ7HW336WFF5,0,0,0,0,0,0.007319,0,0,0,0.113437,0,0,0,0,0,0,0,,D5501750,PXMG,03/19/2026 4:08:20 AM,BPD450,8M5CL,8M5CL,07/01/2026 5:55:27 AM,8M5CL,D1D,2,7777449,,,,,,,,,,,,,,,,,,
D550173,85,A22G8085SLA1,0.007383,0,0,0,0.003692,0.003692,0,0,0,0.177203,0,0,0,0,0,0,0,,D5501730,PXMG,03/20/2026 2:56:47 PM,BPD450,8M5CL,8M5CL,07/01/2026 5:46:04 AM,8M5CL,D1D,1,7777551,,,,,,,,,,,,,,,,,,
D550173,86,A22G8086SLE3,0,0,0.003659,0,0.007319,0.004025,0.010978,0,0,0.189549,0,0,0,0.007319,0,0.015003,0,0,D5501730,PXMG,03/20/2026 2:56:47 PM,BPD450,8M5CL,8M5CL,04/08/2026 2:09:39 PM,8M5CL,D1D,2,7777524,,,,,,,,,,,,,,,,,,
D551241,71,GT4JU071JKC0,0,0,0,0,0.003692,0.003692,0.003692,0,0,0.203045,0,0,0,0.007383,0,0.018459,0,,D5512410,PXMG,03/25/2026 8:01:15 PM,BPD436,8M5CL,8M5CL,04/08/2026 2:09:18 PM,8M5CL,D1D,1,7805154,,,,,,,,,,,,,,,,,,
D551241,94,GT4JU094JKB5,0,0,0,0,0,0,0.003659,0,0,0.278103,0,0.007319,0,0.003659,0,0.025615,0,0,D5512410,PXMG,03/25/2026 8:01:15 PM,BPD436,8M5CL,8M5CL,05/31/2026 2:03:39 AM,8M5CL,D1D,2,7805150,,,,,,,,,,,,,,,,,,
D551253,51,A24ZM051SLB3,0.004251,0,0,0,0,0.008502,0.004251,0,0,0.201702,0,0,0,0.012753,0,0.004251,0.004251,0,D5512530,PXMG,03/25/2026 5:29:03 PM,BPD450,8M5CL,8M5CL,06/01/2026 8:55:49 PM,8M5CL,D1D,1,7817700,,,,,,,,,,,,,,,,,,
D551253,53,A25FQ053SLE7,0,0,0,0,0,0.003692,0,0,0,0.103368,0,0,0,0.003692,0,0,0,,D5512530,PXMG,03/25/2026 5:29:03 PM,BPD450,8M5CL,8M5CL,06/04/2026 5:26:05 AM,8M5CL,D1D,2,7817945,,,,,,,,,,,,,,,,,,
D551254,2,A25G6002SLA4,0,0,0,0,0.003659,0.003659,0,0,0,0.336651,0,0,0,0.007319,0.003659,0.007319,0,0,D5512540,PXMG,03/28/2026 10:57:54 PM,BPD446,8M5CL,8M5CL,06/01/2026 11:16:39 AM,8M5CL,D1D,1,7818327,,,,,,,,,,,,,,,,,,
D551254,5,A25G6005SLF7,0,0,0,0,0.003983,0.003983,0,0,0,0.300584,0,0,0,0.015933,0.015933,0.01195,0.027882,0,D5512540,PXMG,03/28/2026 10:57:54 PM,BPD446,8M5CL,8M5CL,06/03/2026 1:03:08 PM,8M5CL,D1D,2,7818339,,,,,,,,,,,,,,,,,,
D551240,504,GT5JE504JKE2,0,0,0.003659,0,0.003659,0.003659,0.010978,0,0,0.161007,0,0,0.010978,0.014637,0,0.007319,0.003659,,D5512400,PXMG,04/04/2026 2:42:32 PM,BPD444,8M5CL,8M5CL,04/08/2026 2:06:22 PM,8M5CL,D1D,1,7805113,,,,,,,,,,,,,,,,,,
D551240,505,GT5JE505JKB1,0,0,0.003692,0,0.007383,0,0.08491,0,0,0.221504,0,0,0,0.029534,0.007383,0.003692,0,0,D5512400,PXMG,04/04/2026 2:42:32 PM,BPD444,8M5CL,8M5CL,07/14/2026 1:13:15 AM,8M5CL,D1D,2,7805020,,,,,,,,,,,,,,,,,,
D551240,507,GT5JE507JKC2,0.007383,0,0,0,0.011075,0.003692,0.007383,0,0,0.195661,0,0,0,0,0,0.011075,0,,D5512400,PXMG,04/04/2026 2:42:32 PM,BPD444,8M5CL,8M5CL,07/14/2026 2:55:54 AM,8M5CL,D1D,3,7805036,,,,,,,,,,,,,,,,,,
D551240,508,GT5JE508JKG4,0,0,0,0,0.003659,0.003659,0.003659,0,0,0.164666,0,0.003659,0,0.003659,0,0.003659,0.003659,,D5512400,PXMG,04/04/2026 2:42:32 PM,BPD444,8M5CL,8M5CL,07/13/2026 11:03:02 PM,8M5CL,D1D,4,7804964,,,,,,,,,,,,,,,,,,
D552352,13,KJ6TQ013WFD5,0,0,0.003692,0,0,0,0.003692,0,0,0.095985,0,0,0,0.011075,0,0.036917,0,,D5523520,PXMG,04/04/2026 3:58:44 PM,BPD450,8M5CL,8M5CL,04/08/2026 2:06:03 PM,8M5CL,D1D,1,7851790,,,,,,,,,,,,,,,,,,
D552352,61,KJ6TQ061WFC7,0,0,0,0,0.003692,0,0,0,0,0.114444,0,0,0,0,0,0.003692,0,,D5523520,PXMG,04/04/2026 3:58:44 PM,BPD450,8M5CL,8M5CL,07/18/2026 6:41:37 PM,8M5CL,D1D,2,7851768,,,,,,,,,,,,,,,,,,
D552322,56,A25YU056SLC3,0,0,0,0,0,0,0.003584,0,0,0.21143,0,0,0,0.007167,0,0.035836,0,,D5523220,PNCB,04/03/2026 11:19:19 PM,BPD450,8M5CL,8M5CL,06/01/2026 7:17:25 PM,8M5CL,D1D,1,7843660,,,,,,,,,,,,,,,,,,
D552322,61,A25YU061SLA3,0,0,0.007218,0,0.003609,0.007218,0.007218,0,0,0.21294,0,0,0,0.003609,0,0.021655,0.003609,,D5523220,PNCB,04/03/2026 11:19:19 PM,BPD450,8M5CL,8M5CL,06/05/2026 2:43:00 AM,8M5CL,D1D,2,7843630,,,,,,,,,,,,,,,,,,
D552322,62,A25YU062SLE5,0,0,0,0,0,0,0,0,0,0.186345,0,0,0,0,0,0.003584,0,,D5523220,PNCB,04/03/2026 11:19:19 PM,BPD450,8M5CL,8M5CL,06/05/2026 2:43:18 AM,8M5CL,D1D,3,7843738,,,,,,,,,,,,,,,,,,
D552322,63,A25YU063SLB4,0,0,0,0,0,0,0,0,0,0.267078,0,0,0,0,0,0.007218,0.003609,0,D5523220,PNCB,04/03/2026 11:19:19 PM,BPD450,8M5CL,8M5CL,06/01/2026 5:14:28 PM,8M5CL,D1D,4,7843694,,,,,,,,,,,,,,,,,,
D552335,66,KJ7HG066WFB0,0,0,0,0,0.003659,0,0.004757,0,0,0.196502,0,0,0,0.003659,0,0.014637,0,0,D5523350,PXMG,04/01/2026 11:27:01 PM,BPD442,8M5CL,8M5CL,04/08/2026 2:07:36 PM,8M5CL,D1D,1,7847063,,,,,,,,,,,,,,,,,,
D552335,70,KJ7HG070WFC1,0,0,0,0,0,0.003659,0,0,0,0.20382,0,0,0,0.019394,0,0.003659,0,0,D5523350,PXMG,04/01/2026 11:27:01 PM,BPD442,8M5CL,8M5CL,06/29/2026 5:58:15 PM,8M5CL,D1D,2,7847025,,,,,,,,,,,,,,,,,,
D551257,314,KJ7KG314WFF7,0,0,0,0,0.010978,0,0.003659,0,0,0.219555,0,0,0,0,0.003659,0.007319,0,,D5512570Q,PXMG,04/02/2026 1:55:00 PM,BPD458,8M5CL,8M5CL,07/14/2026 1:14:10 AM,8M5CL,D1D,1,8364211,,,,,,,,,,,,,,,,,,
D551257,368,KJ7KN368WFD6,0,0,0,0,0,0.003659,0.003659,0,0,0.34031,0,0,0,0.003659,0.003659,0.007319,0,0,D5512570Q,PXMG,04/02/2026 1:55:00 PM,BPD458,8M5CL,8M5CL,07/14/2026 12:26:27 AM,8M5CL,D1D,2,8364208,,,,,,,,,,,,,,,,,,
D551257,375,KJ7KN375WFC7,0,0,0,0,0,0.003692,0.003692,0,0,0.29903,0,0,0,0.003692,0,0,0.003692,,D5512570Q,PXMG,04/02/2026 1:55:00 PM,BPD458,8M5CL,8M5CL,07/14/2026 1:07:27 AM,8M5CL,D1D,3,8364165,,,,,,,,,,,,,,,,,,
D551257,376,KJ7KG376WFE4,0,0,0,0,0.007319,0.007319,0,0,0,0.283226,0.003659,0,0,0,0.007319,0.016833,0.003659,0,D5512570Q,PXMG,04/02/2026 1:55:00 PM,BPD458,8M5CL,8M5CL,07/14/2026 1:05:14 AM,8M5CL,D1D,4,8364206,,,,,,,,,,,,,,,,,,
D551257,283,KJ7KG283WFE4,0,0,0,0,0.003692,0,0,0,0,0.132902,0,0,0,0.007383,0.003692,0,0,,D5512570,PXMG,04/02/2026 1:31:33 PM,BPD432,8M5CL,8M5CL,07/13/2026 10:50:31 PM,8M5CL,D1D,1,7820829,,,,,,,,,,,,,,,,,,
D551257,311,KJ7KG311WFA4,0.003692,0,0,0,0.007383,0.003692,0,0,0,0.118135,0,0,0,0.007383,0,0.007383,0,,D5512570,PXMG,04/02/2026 1:31:33 PM,BPD432,8M5CL,8M5CL,07/14/2026 2:16:34 AM,8M5CL,D1D,2,7820815,,,,,,,,,,,,,,,,,,
D550174,45,KJ7HA045WFA2,0,0,0,0,0,0,0.003692,0,0,0.180895,0,0,0,0.011075,0,0.02215,0,,D5501740,PXMG,04/01/2026 10:13:38 PM,BPD432,8M5CL,8M5CL,07/05/2026 9:17:08 AM,8M5CL,D1D,1,7777173,,,,,,,,,,,,,,,,,,
D550174,53,KJ7HA053WFD5,0,0,0,0,0,0,0,0,0,0.088601,0,0,0,0.007383,0,0.011075,0,,D5501740,PXMG,04/01/2026 10:13:38 PM,BPD432,8M5CL,8M5CL,07/02/2026 2:30:50 AM,8M5CL,D1D,2,7777298,,,,,,,,,,,,,,,,,,
D552342,313,GT9FQ313JKG2,0,0,0,0,0.011075,0.003692,0.003692,0,0,0.23627,0,0,0,0.007383,0,0.014767,0.003692,,D5523420,PXMG,04/02/2026 8:24:42 PM,BPD444,8M5CL,8M5CL,07/01/2026 3:32:34 AM,8M5CL,D1D,1,7849061,,,,,,,,,,,,,,,,,,
D552342,314,GT9FQ314JKD1,0,0,0,0,0.003659,0.003659,0.007319,0,0,0.267125,0,0,0,0,0,0.018296,0,,D5523420,PXMG,04/02/2026 8:24:42 PM,BPD444,8M5CL,8M5CL,07/01/2026 4:05:37 AM,8M5CL,D1D,2,7849069,,,,,,,,,,,,,,,,,,
D551244,62,A26WA062SLA3,0,0,0,0,0.003659,0,0.010978,0,0,0.120755,0,0,0,0.007319,0.003659,0.025615,0,,D5512440,PXMG,04/01/2026 8:44:17 PM,BPD450,8M5CL,8M5CL,07/12/2026 3:13:02 AM,8M5CL,D1D,1,7805204,,,,,,,,,,,,,,,,,,
D551244,65,A26WA065SLF6,0.007383,0,0,0,0,0,0,0,0,0.092293,0,0,0,0.02215,0,0.055376,0,,D5512440,PXMG,04/01/2026 8:44:17 PM,BPD450,8M5CL,8M5CL,07/02/2026 10:32:13 AM,8M5CL,D1D,2,7805135,,,,,,,,,,,,,,,,,,
D550183,204,A22WG204SLE3,0,0,0,0,0.025615,0.010978,0.003659,0,0,0.14637,0,0,0,0.003659,0,0.025615,0,,D5501830,PXMG,04/01/2026 9:56:36 AM,BPD442,8M5CL,8M5CL,06/21/2026 9:09:15 PM,8M5CL,D1D,1,7779539,,,,,,,,,,,,,,,,,,
D550183,209,A22WG209SLD4,0.003692,0,0,0,0.014767,0,0,0,0,0.228887,0,0,0,0,0.003692,0.011075,0.003692,0,D5501830,PXMG,04/01/2026 9:56:36 AM,BPD442,8M5CL,8M5CL,06/22/2026 4:51:40 PM,8M5CL,D1D,2,7779511,,,,,,,,,,,,,,,,,,
D550183,214,A22WG214SLB4,0,0,0,0,0.007319,0,0,0,0,0.365925,0,0,0,0.010978,0.003659,0,0,0,D5501830,PXMG,04/01/2026 9:56:36 AM,BPD442,8M5CL,8M5CL,07/13/2026 12:23:07 PM,8M5CL,D1D,3,7779462,,,,,,,,,,,,,,,,,,
D550183,222,A22WG222SLE7,0,0,0,0,0.003659,0.007319,0,0,0,0.120755,0,0,0,0.003659,0,0.007319,0,,D5501830,PXMG,04/01/2026 9:56:36 AM,BPD442,8M5CL,8M5CL,06/21/2026 7:42:57 AM,8M5CL,D1D,4,7779519,,,,,,,,,,,,,,,,,,
D551291,10,KJ5RK010WFC7,0,0,0,0,0.032933,0.014637,0.007319,0,0,0.150029,0,0,0,0.010978,0,0.007319,0.003659,,D5512910,PXMG,03/29/2026 3:04:32 AM,BPD436,8M5CL,8M5CL,04/08/2026 2:07:54 PM,8M5CL,D1D,1,7818446,,,,,,,,,,,,,,,,,,
D551291,14,KJ5RK014WFF1,0,0,0,0,0.007319,0,0.003659,0,0,0.120755,0,0,0,0.018296,0,0.018296,0,,D5512910,PXMG,03/29/2026 3:04:32 AM,BPD436,8M5CL,8M5CL,06/17/2026 6:17:02 AM,8M5CL,D1D,2,7818378,,,,,,,,,,,,,,,,,,
D551294,416,KJ7KN416WFB3,0.003659,0,0,0,0.003659,0,0.007319,0,0,0.124415,0,0,0,0.003659,0,0.014637,0,,D5512940,PXMG,03/29/2026 1:31:10 PM,BPD442,8M5CL,8M5CL,06/30/2026 8:46:58 PM,8M5CL,D1D,1,7820605,,,,,,,,,,,,,,,,,,
D551294,436,KJ7JA436WFC4,0,0,0,0,0.007319,0,0,0,0,0.142711,0,0,0,0,0,0,0.003659,0,D5512940,PXMG,03/29/2026 1:31:10 PM,BPD442,8M5CL,8M5CL,06/30/2026 9:13:12 PM,8M5CL,D1D,2,7820705,,,,,,,,,,,,,,,,,,
D552332,12,KJ7HC012WFE2,0.015857,0,0,0,0,0.007928,0,0,0.011893,0.160397,0,0.003964,0,0,0.015552,0.003964,0,0,D5523320,PXMG,03/29/2026 8:38:06 PM,BPD436,8M5CL,8M5CL,07/03/2026 11:30:59 PM,8M5CL,D1D,1,7836912,,,,,,,,,,,,,,,,,,
D552332,13,KJ7HC013WFB1,0,0,0,0,0,0,0,0,0,0.118135,0,0,0,0.007383,0,0.003692,0,,D5523320,PXMG,03/29/2026 8:38:06 PM,BPD436,8M5CL,8M5CL,07/04/2026 6:11:38 AM,8M5CL,D1D,2,7836949,,,,,,,,,,,,,,,,,,
D552341,852,GT9LM852JKC5,0,0,0,0,0.029274,0.003659,0.003659,0,0,0.131733,0,0,0,0,0,0.007319,0,,D5523410,PXMG,04/11/2026 12:29:56 AM,BPD432,8M5CL,8M5CL,06/17/2026 12:02:27 AM,8M5CL,D1D,1,7849365,,,,,,,,,,,,,,,,,,
D552341,854,GT9LM854JKD6,0,0,0,0,0,0,0.007319,0,0,0.091481,0,0,0,0,0,0.007319,0,,D5523410,PXMG,04/11/2026 12:29:56 AM,BPD432,8M5CL,8M5CL,06/16/2026 5:33:27 PM,8M5CL,D1D,2,7849356,,,,,,,,,,,,,,,,,,
D551251,561,GT6ER561JKC7,0.003692,0,0,0,0,0,0.003692,0,0,0.125519,0,0,0,0.014767,0.003692,0.044301,0,,D5512510,PXMG,04/10/2026 12:29:28 PM,BPD442,8M5CL,8M5CL,06/11/2026 7:34:07 PM,8M5CL,D1D,1,7817662,,,,,,,,,,,,,,,,,,
D551251,563,GT6ER563JKE0,0,0,0,0,0,0,0.003692,0,0,0.223349,0,0,0,0,0,0.020304,0,0,D5512510,PXMG,04/10/2026 12:29:28 PM,BPD442,8M5CL,8M5CL,06/11/2026 1:42:16 PM,8M5CL,D1D,2,7817795,,,,,,,,,,,,,,,,,,
D551256,579,GT8RR579JKD0,0.003692,0,0,0,0.003692,0.003692,0.007383,0,0,0.147669,0,0,0,0,0,0.014767,0,,D5512560,PXMG,04/10/2026 12:52:02 AM,BPD436,8M5CL,8M5CL,07/14/2026 12:10:50 AM,8M5CL,D1D,1,7820717,,,,,,,,,,,,,,,,,,
D551256,580,GT8RR580JKG1,0.010978,0,0,0,0,0,0.003659,0,0,0.164021,0,0,0,0.004305,0,0.003659,0,0,D5512560,PXMG,04/10/2026 12:52:02 AM,BPD436,8M5CL,8M5CL,07/14/2026 12:13:41 AM,8M5CL,D1D,2,7820649,,,,,,,,,,,,,,,,,,
D551256,592,GT8RR592JKE3,0,0,0,0,0,0,0,0,0,0.204918,0,0,0,0.007319,0,0.003659,0,0,D5512560,PXMG,04/10/2026 12:52:02 AM,BPD436,8M5CL,8M5CL,07/13/2026 12:25:07 PM,8M5CL,D1D,3,7820784,,,,,,,,,,,,,,,,,,
D551256,598,GT8RR598JKA3,0,0,0,0,0,0,0,0,0,0.170765,0,0,0,0.012198,0,0.007319,0,0,D5512560,PXMG,04/10/2026 12:52:02 AM,BPD436,8M5CL,8M5CL,07/13/2026 8:22:01 PM,8M5CL,D1D,4,7820572,,,,,,,,,,,,,,,,,,
D552337,170,5DWYT170MVB0,0.003659,0,0,0,0.003659,0.007319,0,0,0,0.124415,0,0,0,0,0.007319,0.018296,0,,D5523370,PXMG,04/09/2026 8:59:16 PM,BPD442,8M5CL,8M5CL,07/18/2026 6:28:47 PM,8M5CL,D1D,1,7849243,,,,,,,,,,,,,,,,,,
D552337,171,5DWYT171MVF2,0,0,0,0,0,0,0.014767,0,0,0.121827,0,0,0,0,0,0.018459,0,,D5523370,PXMG,04/09/2026 8:59:16 PM,BPD442,8M5CL,8M5CL,07/18/2026 6:08:56 PM,8M5CL,D1D,2,7849021,,,,,,,,,,,,,,,,,,
D551250,609,GT6ER609JKB5,0.007383,0,0,0,0.007383,0,0.007383,0,0,0.232579,0,0,0,0,0,0.011075,0,0,D5512500,PXMG,04/10/2026 3:42:53 PM,BPD444,8M5CL,8M5CL,06/14/2026 2:35:38 PM,8M5CL,D1D,1,7817641,,,,,,,,,,,,,,,,,,
D551250,611,GT6ER611JKB5,0,0,0,0,0.164007,0.007855,0.129368,0,0,0.169427,0,0,0,0.011546,0,0.023564,0,0,D5512500,PXMG,04/10/2026 3:42:53 PM,BPD444,8M5CL,8M5CL,06/14/2026 12:31:27 PM,8M5CL,D1D,2,7817646,,,,,,,,,,,,,,,,,,
D551292,11,KJ7HA011WFG5,0,0,0,0,0.003692,0,0.007383,0,0,0.114444,0,0.003692,0,0.003692,0,0.003692,0,,D5512920,PXMG,04/08/2026 1:24:16 PM,BPD454,8M5CL,8M5CL,07/13/2026 11:34:06 PM,8M5CL,D1D,1,7818380,,,,,,,,,,,,,,,,,,
D551292,15,KJ7HA015WFB4,0,0,0,0,0,0.003692,0,0,0,0.10706,0,0,0,0.014767,0,0.003692,0.036917,,D5512920,PXMG,04/08/2026 1:24:16 PM,BPD454,8M5CL,8M5CL,07/13/2026 10:44:24 PM,8M5CL,D1D,2,7818461,,,,,,,,,,,,,,,,,,
D551230,242,MCKLH242WAG3,0,0,0,0,0,0,0,0,0,0.193512,0,0,0,0.007167,0,0.021501,0,,D5512300,PNCB,04/09/2026 12:22:02 AM,BPD442,8M5CL,8M5CL,06/07/2026 6:03:41 PM,8M5CL,D1D,1,7813951,,,,,,,,,,,,,,,,,,
D551230,246,MCKLH246WAB2,0,0,0,0,0.010751,0,0.003584,0,0,0.189929,0,0,0,0,0,0.003584,0,,D5512300,PNCB,04/09/2026 12:22:02 AM,BPD442,8M5CL,8M5CL,06/06/2026 5:23:24 AM,8M5CL,D1D,2,7814107,,,,,,,,,,,,,,,,,,
D552329,228,A26GV228SLC7,0.003659,0,0,0,0.021956,0.01793,0,0,0,0.441489,0,0,0,0.016284,0.018296,0.014637,0,0,D5523290,PXMG,04/09/2026 3:47:52 PM,BPD436,8M5CL,8M5CL,04/10/2026 8:30:05 AM,8M5CL,D1D,1,7836987,,,,,,,,,,,,,,,,,,
D552329,236,A26GV236SLG2,0,0,0,0,0,0,0,0,0,0.135392,0,0,0,0.010978,0.003659,0.018296,0,,D5523290,PXMG,04/09/2026 3:47:52 PM,BPD436,8M5CL,8M5CL,06/13/2026 4:48:36 PM,8M5CL,D1D,2,7837092,,,,,,,,,,,,,,,,,,
D551293,54,A25J0054SLB3,0,0,0,0,0.003659,0.007319,0,0,0,0.095141,0,0,0,0.003659,0,0,0,,D5512930,PXMG,04/06/2026 10:09:44 AM,BPD450,8M5CL,8M5CL,07/14/2026 1:59:44 AM,8M5CL,D1D,1,7820580,,,,,,,,,,,,,,,,,,
D551293,55,A25J0055SLF5,0,0,0,0,0.003692,0,0,0,0,0.265804,0,0,0,0.007383,0,0,0,0,D5512930,PXMG,04/06/2026 10:09:44 AM,BPD450,8M5CL,8M5CL,07/14/2026 2:09:45 AM,8M5CL,D1D,2,7820745,,,,,,,,,,,,,,,,,,
D551293,188,A25J0188SLB4,0,0,0,0,0,0.003659,0.003659,0,0,0.117096,0,0,0,0.003659,0,0.003659,0,,D5512930,PXMG,04/06/2026 10:09:44 AM,BPD450,8M5CL,8M5CL,07/13/2026 9:11:12 AM,8M5CL,D1D,3,7820769,,,,,,,,,,,,,,,,,,
D551293,189,A25J0189SLF6,0,0,0,0,0,0,0,0,0,0.132902,0,0,0,0.003692,0,0,0,,D5512930,PXMG,04/06/2026 10:09:44 AM,BPD450,8M5CL,8M5CL,07/13/2026 11:21:16 PM,8M5CL,D1D,4,7820688,,,,,,,,,,,,,,,,,,
D552338,222,GT7EJ222JKF3,0.003659,0,0,0,0,0.003659,0,0,0,0.252488,0,0,0,0.003659,0,0.010978,0,0,D5523380,PXMG,04/06/2026 9:44:43 PM,BPD446,8M5CL,8M5CL,06/12/2026 7:50:19 PM,8M5CL,D1D,1,7849247,,,,,,,,,,,,,,,,,,
D552338,243,GT7EJ243JKD7,0,0,0,0,0,0.003692,0,0,0,0.217812,0,0,0,0,0,0.003692,0.003692,0,D5523380,PXMG,04/06/2026 9:44:43 PM,BPD446,8M5CL,8M5CL,04/08/2026 2:05:08 PM,8M5CL,D1D,2,7849121,,,,,,,,,,,,,,,,,,
D552336,14,KJ7HC014WFF3,0.029274,0,0,0,0,0.003659,0.003659,0,0.003659,0.102459,0,0,0,0,0,0.014637,0.029274,,D5523360,PXMG,04/06/2026 5:17:24 PM,BPD454,8M5CL,8M5CL,06/13/2026 7:09:46 AM,8M5CL,D1D,1,7846850,,,,,,,,,,,,,,,,,,
D552336,18,KJ7HC018WFA2,0.003659,0,0,0,0.007319,0.007319,0,0,0,0.124415,0,0,0,0.003659,0,0,0.003659,,D5523360,PXMG,04/06/2026 5:17:24 PM,BPD454,8M5CL,8M5CL,06/21/2026 7:11:14 PM,8M5CL,D1D,2,7846935,,,,,,,,,,,,,,,,,,
D550179,251,GT2RM251JKB1,0,0,0,0,0.018459,0.003692,0.036917,0,0.003692,0.114444,0,0,0.003692,0.014767,0,0,0.007383,,D5501790,PXMG,04/13/2026 2:58:25 AM,BPD436,8M5CL,8M5CL,07/05/2026 8:53:07 AM,8M5CL,D1D,1,7779492,,,,,,,,,,,,,,,,,,
D550179,252,GT2RM252JKF3,0,0,0,0,0.010978,0.021956,0,0,0,0.124415,0,0,0,0.007319,0,0.003659,0,,D5501790,PXMG,04/13/2026 2:58:25 AM,BPD436,8M5CL,8M5CL,07/02/2026 10:11:49 AM,8M5CL,D1D,2,7779465,,,,,,,,,,,,,,,,,,
D552350,207,KJ7HH207WFG3,0,0,0,0,0.003692,0.003692,0,0,0,0.151361,0,0,0.003692,0.014767,0,0.003692,0,,D5523500,PXMG,04/12/2026 9:07:24 PM,BPD436,8M5CL,8M5CL,07/18/2026 7:03:49 PM,8M5CL,D1D,1,7851703,,,,,,,,,,,,,,,,,,
D552350,209,KJ7HH209WFA1,0,0,0,0,0,0.003692,0.003692,0,0,0.132902,0,0,0,0,0,0.018459,0,,D5523500,PXMG,04/12/2026 9:07:24 PM,BPD436,8M5CL,8M5CL,07/18/2026 7:26:36 PM,8M5CL,D1D,2,7851590,,,,,,,,,,,,,,,,,,
D552301,218,KJ7HH218WFA3,0,0,0,0,0,0.003584,0.003584,0,0,0.204263,0,0,0,0,0.003584,0.010751,0,,D5523010,PNCB,04/13/2026 12:56:32 AM,BPD442,8M5CL,8M5CL,07/03/2026 4:39:17 AM,8M5CL,D1D,1,7838988,,,,,,,,,,,,,,,,,,
D552301,256,KJ7HH256WFC4,0,0,0,0,0,0.003584,0,0,0,0.225764,0,0,0,0,0,0,0,,D5523010,PNCB,04/13/2026 12:56:32 AM,BPD442,8M5CL,8M5CL,07/03/2026 4:17:45 AM,8M5CL,D1D,2,7839007,,,,,,,,,,,,,,,,,,
D551249,95,GT4JU095JKF7,0.004061,0,0,0,0.007383,0.023258,0,0,0,0.152837,0,0,0,0,0,0.022889,0,0,D5512490,PXMG,04/16/2026 12:14:12 AM,BPD444,8M5CL,8M5CL,07/06/2026 5:20:13 AM,8M5CL,D1D,1,7818000,,,,,,,,,,,,,,,,,,
D551249,96,GT4JU096JKC6,0,0,0,0,0,0.043911,0,0,0,0.223763,0,0,0,0.003659,0,0.021407,0,0,D5512490,PXMG,04/16/2026 12:14:12 AM,BPD444,8M5CL,8M5CL,07/04/2026 11:44:57 PM,8M5CL,D1D,2,7817884,,,,,,,,,,,,,,,,,,
D551243,51,A25UP051SLE1,0.003692,0,0,0,0,0.007383,0.003692,0,0,0.302722,0,0,0,0,0,0.003692,0,0,D5512430S,PXMG,04/16/2026 12:55:58 PM,BPD446,8M5CL,8M5CL,06/29/2026 5:16:43 PM,8M5CL,D1D,1,8447780,,,,,,,,,,,,,,,,,,
D551243,53,A25UP053SLF2,0,0,0,0,0.003692,0,0.003692,0,0,0.121827,0,0,0,0.011075,0,0.003692,0,,D5512430S,PXMG,04/16/2026 12:55:58 PM,BPD446,8M5CL,8M5CL,06/29/2026 5:46:18 PM,8M5CL,D1D,2,8447803,,,,,,,,,,,,,,,,,,
D551243,57,A25UP057SLA1,0,0,0,0,0,0,0.003692,0,0,0.265804,0,0,0,0,0,0,0,0,D5512430S,PXMG,04/16/2026 12:55:58 PM,BPD446,8M5CL,8M5CL,06/29/2026 5:28:25 PM,8M5CL,D1D,3,8447761,,,,,,,,,,,,,,,,,,
D551243,93,A25UP093SLB1,0,0,0,0,0,0.003692,0,0,0,0.12921,0,0,0,0,0,0,0,,D5512430S,PXMG,04/16/2026 12:55:58 PM,BPD446,8M5CL,8M5CL,06/29/2026 5:31:29 PM,8M5CL,D1D,4,8447788,,,,,,,,,,,,,,,,,,
D551252,245,GT7EJ245JKF0,0.003692,0,0,0,0.003692,0.007383,0.029534,0,0,0.092293,0,0,0,0.033226,0.003692,0.040609,0,,D5512520,PXMG,04/16/2026 11:01:38 AM,BPD432,8M5CL,8M5CL,07/06/2026 1:12:45 AM,8M5CL,D1D,1,7817610,,,,,,,,,,,,,,,,,,
D551252,321,GT7EJ321JKA2,0,0,0,0,0.051446,0,0.068595,0,0,0.144335,0,0,0,0.008574,0.004287,0.077169,0,0,D5512520,PXMG,04/16/2026 11:01:38 AM,BPD432,8M5CL,8M5CL,07/06/2026 1:39:41 AM,8M5CL,D1D,2,7817571,,,,,,,,,,,,,,,,,,
D552340,659,GU6EW659JDB1,0,0,0,0,0.029534,0.011075,0.003692,0,0,0.217812,0,0,0,0.007383,0.007383,0,0,0,D5523400,PXMG,04/16/2026 1:20:34 AM,BPD454,8M5CL,8M5CL,07/23/2026 2:46:37 AM,8M5CL,D1D,1,7849071,,,,,,,,,,,,,,,,,,
D552340,665,GU6EW665JDD3,0,0,0,0,0,0,0,0,0,0.206737,0,0,0,0.003692,0.007383,0.007383,0,0,D5523400,PXMG,04/16/2026 1:20:34 AM,BPD454,8M5CL,8M5CL,07/23/2026 4:40:37 PM,8M5CL,D1D,2,7849312,,,,,,,,,,,,,,,,,,
D551243,47,A26LJ047SLF1,0,0,0,0,0,0,0,0,0,0.140286,0,0,0,0.003692,0.003692,0.003692,0,,D5512430,PXMG,04/16/2026 12:01:30 PM,BPD446,8M5CL,8M5CL,06/29/2026 5:32:21 PM,8M5CL,D1D,1,7805212,,,,,,,,,,,,,,,,,,
D551243,60,A25UP060SLE3,0,0,0,0,0.003659,0.003659,0,0,0,0.259807,0,0,0,0.003659,0,0.003659,0.003659,0,D5512430,PXMG,04/16/2026 12:01:30 PM,BPD446,8M5CL,8M5CL,07/02/2026 9:37:37 AM,8M5CL,D1D,2,7804912,,,,,,,,,,,,,,,,,,
D550E80,313,5DWZH313MVF5,0.005289,0,0,0,0,0.005289,0,0,0,0.428422,0,0,0,0,0,0.005289,0,,D550E800,X78E,04/20/2026 8:21:30 AM,BPD432,8M5CL,8M5CL,05/28/2026 7:30:55 PM,8M5CL,D1D,1,7796360,,,,,,,,,,,,,,,,,,
D550E80,319,5DWZH319MVB5,0,0,0,0,0,0.005289,0.010578,0,0,0.359663,0,0,0,0.005289,0.005289,0,0,,D550E800,X78E,04/20/2026 8:21:30 AM,BPD432,8M5CL,8M5CL,05/28/2026 6:52:33 AM,8M5CL,D1D,2,7796388,,,,,,,,,,,,,,,,,,
D550E80,339,5DWZH339MVD2,0,0.005289,0,0,0,0.005289,0,0,0,0.433711,0,0,0,0.005289,0,0,0,,D550E800,X78E,04/20/2026 8:21:30 AM,BPD432,8M5CL,8M5CL,05/28/2026 8:12:29 AM,8M5CL,D1D,3,7796260,,,,,,,,,,,,,,,,,,
D550E80,345,5DWZH345MVF4,0,0,0,0,0,0,0.005289,0,0,0.364952,0,0,0,0.005289,0,0.005289,0,,D550E800,X78E,04/20/2026 8:21:30 AM,BPD432,8M5CL,8M5CL,05/28/2026 5:28:18 AM,8M5CL,D1D,4,7796417,,,,,,,,,,,,,,,,,,
D552333,65,KJ7HC065WFC5,0,0,0,0,0.003692,0.003692,0.003692,0,0,0.110752,0,0,0,0,0.003692,0,0,,D5523330,PXMG,05/01/2026 12:48:56 PM,BPD454,8M5CL,8M5CL,08/09/2026 4:35:31 PM,8M5CL,D1D,1,7836922,,,,,,,,,,,,,,,,,,
D552333,111,KJ7HC111WFG4,0,0,0,0,0.003692,0,0,0,0,0.103368,0,0,0,0.003692,0,0.003692,0,,D5523330,PXMG,05/01/2026 12:48:56 PM,BPD454,8M5CL,8M5CL,08/09/2026 8:27:39 PM,8M5CL,D1D,2,7836942,,,,,,,,,,,,,,,,,,
D552347,205,GT9FQ205JKD6,0,0,0,0,0,0.003692,0,0,0,0.140286,0,0.003692,0,0.007383,0,0.011075,0,,D5523470,PXMG,05/07/2026 4:14:31 PM,BPD442,8M5CL,8M5CL,08/09/2026 2:12:35 PM,8M5CL,D1D,1,7851673,,,,,,,,,,,,,,,,,,
D552347,207,GT9FQ207JKE7,0,0,0,0,0,0.003692,0,0,0,0.147669,0,0,0,0,0.003692,0,0,,D5523470,PXMG,05/07/2026 4:14:31 PM,BPD442,8M5CL,8M5CL,08/10/2026 7:24:34 AM,8M5CL,D1D,2,7851685,,,,,,,,,,,,,,,,,,
D552347,206,GT9FQ206JKA5,0.003659,0,0,0,0.003659,0.032933,0,0,0,0.153689,0,0.007319,0,0.025615,0,0,0.003659,,D5523470AN,PXMG,05/07/2026 6:17:47 PM,BPD442,8M5CL,8M5CL,08/09/2026 2:10:18 PM,8M5CL,D1D,1,8572405,,,,,,,,,,,,,,,,,,
D552347,208,GT9FQ208JKB6,0,0,0,0,0.014637,0.025615,0.010978,0,0,0.263466,0,0,0,0.029274,0,0.014637,0,0,D5523470AN,PXMG,05/07/2026 6:17:47 PM,BPD442,8M5CL,8M5CL,08/09/2026 4:33:29 PM,8M5CL,D1D,2,8572373,,,,,,,,,,,,,,,,,,
D552347,210,GT9FQ210JKB6,0.00882,0,0,0,0.012479,0.00882,0,0,0,0.215708,0,0,0,0.012479,0.003659,0.00882,0,0,D5523470AN,PXMG,05/07/2026 6:17:47 PM,BPD442,8M5CL,8M5CL,05/08/2026 7:57:04 AM,8M5CL,D1D,3,8573851,,,,,,,,,,,,,,,,,,
D552347,215,GT9FQ215JKA7,0.007383,0,0,0,0,0.011075,0.011814,0,0,0.276141,0,0,0,0.007383,0,0.003692,0,0,D5523470AN,PXMG,05/07/2026 6:17:47 PM,BPD442,8M5CL,8M5CL,08/09/2026 4:29:49 AM,8M5CL,D1D,4,8573929,,,,,,,,,,,,,,,,,,
D552984,779,MCKCP779WAG4,0,0,0,0,0.025842,0.010337,0.018459,0,0,0.293861,0,0,0,0.025104,0,0.039871,0.003692,0,D5529840,PXMG,06/30/2026 2:46:38 AM,BPD436,8M5CL,8M5CL,08/07/2026 11:01:38 AM,8M5CL,D1D,1,7865581,,,,,,,,,,,,,,,,,,
D552984,781,MCKCP781WAG4,0,0,0,0,0.109178,0.009925,0.104216,0,0,0.31416,0,0,0,0.009925,0,0.024813,0,0,D5529840,PXMG,06/30/2026 2:46:38 AM,BPD436,8M5CL,8M5CL,08/07/2026 11:01:31 AM,8M5CL,D1D,2,7865609,,,,,,,,,,,,,,,,,,
D552984,795,MCKCP795WAF7,0,0,0,0,0,0,0,0,0,0.247346,0,0,0,0.003692,0,0,0.011075,0,D5529840,PXMG,06/30/2026 4:58:44 AM,BPD454,8M5CL,8M5CL,08/07/2026 11:01:25 AM,8M5CL,D1D,3,7865622,,,,,,,,,,,,,,,,,,
D552984,797,MCKCP797WAH0,0,0,0,0,0,0,0.003692,0,0,0.298661,0,0,0,0.016797,0.009414,0.014767,0,0,D5529840,PXMG,06/30/2026 4:58:44 AM,BPD454,8M5CL,8M5CL,08/07/2026 11:01:46 AM,8M5CL,D1D,4,7865623,,,,,,,,,,,,,,,,,,
D552984,853,MCKCP853WAA5,0.009968,0,0,0,0,0,0,0,0,0.20526,0,0,0,0.013659,0,0.011075,0.007383,0,D5529840,PXMG,06/30/2026 4:58:44 AM,BPD454,8M5CL,8M5CL,08/07/2026 11:01:20 AM,8M5CL,D1D,5,7865557,,,,,,,,,,,,,,,,,,
D611429,4,KJA9Y004WFF0,0.003584,0,0,0,0.010751,0,0,0,0,0.21143,0,0.003584,0,0.003584,0,0.007167,0,,D6114290,PNCB,05/26/2026 7:06:41 AM,BPD436,8M5CL,8M5CL,07/24/2026 7:49:06 AM,8M5CL,D1D,1,8255822,,,,,,,,,,,,,,,,,,
D611429,45,KJA9Y045WFF1,0,0,0,0,0.010827,0,0.003609,0,0,0.227377,0,0,0,0,0.003609,0.007218,0,,D6114290,PNCB,05/26/2026 7:06:41 AM,BPD436,8M5CL,8M5CL,07/22/2026 9:11:47 AM,8M5CL,D1D,2,8255913,,,,,,,,,,,,,,,,,,
D611429,50,KJA9Y050WFD1,0,0,0,0,0.021501,0.003584,0,0,0.003584,0.218597,0,0,0,0.007167,0,0.014334,0.010751,,D6114290,PNCB,05/26/2026 7:06:41 AM,BPD436,8M5CL,8M5CL,07/23/2026 1:35:04 AM,8M5CL,D1D,3,8256009,,,,,,,,,,,,,,,,,,
D611429,101,KJA9Y101WFG1,0,0,0,0,0.010827,0,0,0,0,0.209331,0,0,0,0,0,0.003609,0,,D6114290,PNCB,05/26/2026 7:06:41 AM,BPD436,8M5CL,8M5CL,07/23/2026 5:16:19 AM,8M5CL,D1D,4,8256023,,,,,,,,,,,,,,,,,,
D611429,153,KJA9Y153WFA2,0,0,0,0,0.003609,0,0,0,0,0.184067,0,0,0,0.003609,0,0,0,,D6114290,PNCB,05/26/2026 7:06:41 AM,BPD436,8M5CL,8M5CL,07/23/2026 12:42:49 AM,8M5CL,D1D,5,8255871,,,,,,,,,,,,,,,,,,
D611429,154,KJA9Y154WFE4,0,0,0,0,0,0,0,0,0,0.200679,0,0,0,0.010751,0,0.014334,0.003584,,D6114290,PNCB,05/26/2026 7:06:41 AM,BPD436,8M5CL,8M5CL,07/25/2026 1:19:48 PM,8M5CL,D1D,6,8255854,,,,,,,,,,,,,,,,,,
D611429,159,KJA9Y159WFD5,0,0,0,0,0.014437,0,0,0,0,0.194894,0,0,0,0,0,0.007218,0,,D6114290,PNCB,05/26/2026 7:06:41 AM,BPD436,8M5CL,8M5CL,07/25/2026 1:21:55 PM,8M5CL,D1D,7,8256047,,,,,,,,,,,,,,,,,,
D611429,160,KJA9Y160WFG6,0,0,0,0,0.010751,0.003584,0.003584,0,0,0.193512,0.003584,0,0,0,0,0.025085,0,,D6114290,PNCB,05/26/2026 7:06:41 AM,BPD436,8M5CL,8M5CL,07/23/2026 3:13:11 AM,8M5CL,D1D,8,8255919,,,,,,,,,,,,,,,,,,
D611429,169,KJA9Y169WFA6,0,0,0,0,0.018046,0,0,0,0,0.187676,0,0,0,0.003609,0,0.010827,0,,D6114290,PNCB,05/26/2026 7:06:41 AM,BPD436,8M5CL,8M5CL,07/23/2026 5:15:36 AM,8M5CL,D1D,9,8255860,,,,,,,,,,,,,,,,,,
D611429,186,KJA9Y186WFE3,0,0,0,0,0.017918,0,0.007167,0,0,0.179178,0,0,0,0.010751,0,0.007167,0,,D6114290,PNCB,05/26/2026 7:06:41 AM,BPD436,8M5CL,8M5CL,07/25/2026 12:46:54 PM,8M5CL,D1D,10,8256007,,,,,,,,,,,,,,,,,,
D611429,187,KJA9Y187WFB2,0,0,0,0,0.010827,0,0.003609,0,0,0.198504,0,0,0,0.003609,0,0.014437,0,,D6114290,PNCB,05/26/2026 7:06:41 AM,BPD436,8M5CL,8M5CL,07/22/2026 9:10:30 AM,8M5CL,D1D,11,8255910,,,,,,,,,,,,,,,,,,
D611429,210,KJA9Y210WFF4,0,0,0,0,0.025085,0,0.003584,0,0,0.179178,0,0,0,0.010751,0,0.010751,0,,D6114290,PNCB,05/26/2026 7:06:41 AM,BPD436,8M5CL,8M5CL,07/23/2026 1:28:31 AM,8M5CL,D1D,12,8256018,,,,,,,,,,,,,,,,,,
D611340,425,5DXKS425MVA7,0,0,0,0,0,0.004061,0.007383,0,0,0.368434,0,0,0,0.003692,0,0.007753,0,0,D6113400,PXMG,05/30/2026 3:30:59 AM,BPD458,8M5CL,8M5CL,06/01/2026 8:56:23 AM,8M5CL,D1D,1,8234725,,,,,,,,,,,,,,,,,,
D611340,428,5DXKS428MVG2,0,0,0,0,0.007319,0.003659,0,0.003659,0,0.322014,0,0,0,0,0,0,0,,D6113400,PXMG,05/30/2026 3:30:59 AM,BPD458,8M5CL,8M5CL,06/01/2026 8:56:09 AM,8M5CL,D1D,2,8234786,,,,,,,,,,,,,,,,,,
D611340,444,5DXKS444MVF5,0,0,0,0,0.003659,0.003659,0.007319,0,0.003659,0.376903,0,0,0,0,0,0.007319,0,0,D6113400,PXMG,05/30/2026 3:30:59 AM,BPD458,8M5CL,8M5CL,06/01/2026 8:56:16 AM,8M5CL,D1D,3,8234689,,,,,,,,,,,,,,,,,,
D611340,446,5DXKS446MVG6,0,0,0,0,0,0.003659,0,0,0,0.417155,0,0,0,0.007319,0,0.007319,0,0,D6113400,PXMG,05/30/2026 3:30:59 AM,BPD458,8M5CL,8M5CL,06/01/2026 8:56:31 AM,8M5CL,D1D,4,8234769,,,,,,,,,,,,,,,,,,
D613605,319,KJ7KC319WFD4,0,0,0,0,0,0,0,0,0,0.180895,0,0,0,0.003692,0,0.011075,0,,D6136050,PXMG,05/30/2026 6:27:57 PM,BPD446,8M5CL,8M5CL,08/02/2026 1:44:50 PM,8M5CL,D1D,1,8303551,,,,,,,,,,,,,,,,,,
D613605,323,KJ7HW323WFD1,0,0,0,0,0.007383,0,0,0,0,0.121827,0,0,0,0,0,0.003692,0,,D6136050,PXMG,05/30/2026 6:27:57 PM,BPD446,8M5CL,8M5CL,08/02/2026 2:08:07 PM,8M5CL,D1D,2,8303409,,,,,,,,,,,,,,,,,,
D611342,73,A2BN9073SLB5,0,0,0,0,0,0,0,0,0,0.147669,0,0,0,0.007383,0,0.007383,0,,D6113420,PXMG,06/04/2026 2:44:43 PM,BPD446,8M5CL,8M5CL,08/16/2026 5:44:59 PM,8M5CL,D1D,1,8234395,,,,,,,,,,,,,,,,,,
D611342,127,A2CD1127SLB0,0,0,0,0,0.003692,0,0,0,0,0.232579,0,0,0,0,0.003692,0.003692,0,0,D6113420,PXMG,06/04/2026 2:44:43 PM,BPD446,8M5CL,8M5CL,08/07/2026 11:03:37 AM,8M5CL,D1D,2,8234496,,,,,,,,,,,,,,,,,,
D611342,128,A2CD1128SLF2,0,0,0,0,0,0,0,0,0,0.175644,0,0,0,0,0.003659,0.010978,0,,D6113420,PXMG,06/04/2026 2:44:43 PM,BPD446,8M5CL,8M5CL,08/15/2026 11:54:21 PM,8M5CL,D1D,3,8234527,,,,,,,,,,,,,,,,,,
D611342,129,A2CD1129SLC1,0,0,0,0,0.003692,0.003692,0,0,0,0.273188,0,0,0,0.003692,0,0.02215,0,0,D6113420,PXMG,06/04/2026 2:44:43 PM,BPD446,8M5CL,8M5CL,08/13/2026 1:39:20 AM,8M5CL,D1D,4,8234342,,,,,,,,,,,,,,,,,,
D612526,9,A29PB009SLC7,0,0,0,0,0.013021,0.00434,0.00434,0,0,0.295147,0,0,0,0.00434,0,0.008681,0,,D6125260,PR8B,06/05/2026 1:51:40 AM,BPD436,8M5CL,8M5CL,08/08/2026 4:07:20 PM,8M5CL,D1D,1,8283255,,,,,,,,,,,,,,,,,,
D612526,11,A29TR011SLG1,0,0,0,0,0,0.003282,0,0,0,0.193622,0,0,0,0,0,0,0,,D6125260,PR8B,06/05/2026 1:51:40 AM,BPD436,8M5CL,8M5CL,08/08/2026 3:52:37 PM,8M5CL,D1D,2,8283263,,,,,,,,,,,,,,,,,,
D612814,176,HE6DJ176JKC2,0,0,0,0,0,0.05325,0,0,0,30.83611,0,0,0,0.003147,0,0.003147,0,0,D6128140,PD5B,06/05/2026 12:18:27 AM,BPD436,8M5CL,8M5CL,06/10/2026 12:13:20 PM,8M5CL,D1D,1,8267446,,,,,,,,,,,,,,,,,,
D612814,177,HE6DJ177JKG4,0,0.003188,0,0,0.003188,0,0.006375,0,0,27.87473,0,0,0,0.003188,0,0.003188,0,0,D6128140,PD5B,06/05/2026 12:18:27 AM,BPD436,8M5CL,8M5CL,06/10/2026 12:14:24 PM,8M5CL,D1D,2,8267463,,,,,,,,,,,,,,,,,,
D612814,179,HE6DJ179JKA2,0,0,0,0,0.006375,0,0.003188,0,0,29.52905,0,0,0,0,0,0.006375,0,0,D6128140,PD5B,06/05/2026 12:18:27 AM,BPD436,8M5CL,8M5CL,06/10/2026 12:14:39 PM,8M5CL,D1D,3,8267577,,,,,,,,,,,,,,,,,,
D612814,180,HE6DJ180JKD3,0.003147,0,0,0,0,0.033479,0.003147,0,0,19.56721,0,0,0,0.059607,0,0.012589,0,0,D6128140,PD5B,06/05/2026 12:18:27 AM,BPD436,8M5CL,8M5CL,06/10/2026 12:14:14 PM,8M5CL,D1D,4,8267415,,,,,,,,,,,,,,,,,,
D612814,181,HE6DJ181JKA2,0,0.01275,0,0,0,0.054202,0,0,0,30.61596,0,0,0,0.006375,0,0.003188,0.054202,0,D6128140,PD5B,06/05/2026 12:18:27 AM,BPD436,8M5CL,8M5CL,06/10/2026 12:14:36 PM,8M5CL,D1D,5,8267476,,,,,,,,,,,,,,,,,,
D612814,182,HE6DJ182JKE4,0,0,0,0,0,0.009441,0,0,0,34.09631,0,0,0.003147,0,0,0,0,0,D6128140,PD5B,06/05/2026 12:18:27 AM,BPD436,8M5CL,8M5CL,06/10/2026 12:14:51 PM,8M5CL,D1D,6,8267486,,,,,,,,,,,,,,,,,,
D611335,12,KJAAA012WFB2,0,0,0,0,0.010978,0,0,0,0,0.131733,0,0,0,0.007319,0,0.007319,0,,D6113350,PXMG,06/05/2026 9:38:04 PM,BPD458,8M5CL,8M5CL,08/07/2026 11:03:22 AM,8M5CL,D1D,1,8233302,,,,,,,,,,,,,,,,,,
D611335,13,KJAAA013WFF4,0,0,0,0,0.007383,0,0.003692,0,0,0.125519,0,0,0,0.003692,0,0.003692,0,,D6113350,PXMG,06/05/2026 9:38:04 PM,BPD458,8M5CL,8M5CL,08/07/2026 11:03:24 AM,8M5CL,D1D,2,8233445,,,,,,,,,,,,,,,,,,
D612479,188,KJA9Y188WFF4,0,0,0,0,0,0.007319,0,0,0,0.365925,0,0,0,0.003659,0,0.003659,0.003659,,D6124790,PXMG,06/13/2026 1:15:13 AM,BPD446,8M5CL,8M5CL,08/24/2026 11:52:36 AM,8M5CL,D1D,1,8272262,,,,,,,,,,,,,,,,,,
D612479,245,KJA9T245WFB4,0,0,0.003764,0,0,0,0.003764,0,0,0.287158,0,0.018821,0,0,0,0.015056,0,0,D6124790,PXMG,06/13/2026 1:15:13 AM,BPD446,8M5CL,8M5CL,08/22/2026 6:29:22 AM,8M5CL,D1D,2,8272233,,,,,,,,,,,,,,,,,,
D611463,565,HE6ZP565JKG5,0,0,0,0,0,0,0,0,0,0.166128,0,0,0,0.003692,0,0.014767,0,,D6114630,PXMG,06/10/2026 10:24:12 PM,BPD458,8M5CL,8M5CL,08/24/2026 12:55:25 PM,8M5CL,D1D,1,8255903,,,,,,,,,,,,,,,,,,
D611463,566,HE6ZP566JKD4,0,0,0,0,0,0,0,0,0,0.128074,0,0,0,0,0,0.007319,0,,D6114630,PXMG,06/10/2026 10:24:12 PM,BPD458,8M5CL,8M5CL,08/24/2026 10:12:15 AM,8M5CL,D1D,2,8255990,,,,,,,,,,,,,,,,,,
D611463,567,HE6ZP567JKA3,0,0,0,0,0.007383,0.003692,0,0,0,0.077526,0,0,0,0.003692,0,0,0,,D6114630,PXMG,06/10/2026 10:24:12 PM,BPD458,8M5CL,8M5CL,08/23/2026 2:51:09 PM,8M5CL,D1D,3,8255896,,,,,,,,,,,,,,,,,,
D611463,568,HE6ZP568JKE5,0.003659,0,0,0,0,0,0,0,0,0.109778,0,0,0,0.007319,0,0.014637,0,,D6114630,PXMG,06/10/2026 10:24:12 PM,BPD458,8M5CL,8M5CL,08/24/2026 11:51:34 AM,8M5CL,D1D,4,8255984,,,,,,,,,,,,,,,,,,
D611451,66,A2AZS066SLC1,0,0,0,0,0.003659,0.003659,0,0,0,0.139052,0,0,0,0.003659,0,0.003659,0,,D6114510,PXMG,06/11/2026 4:23:21 AM,BPD454,8M5CL,8M5CL,08/12/2026 1:27:59 PM,8M5CL,D1D,1,8250390,,,,,,,,,,,,,,,,,,
D611451,71,A2AZS071SLA1,0,0,0,0,0,0.007383,0.003692,0,0,0.151361,0,0,0,0,0,0.014767,0,,D6114510,PXMG,06/11/2026 4:23:21 AM,BPD454,8M5CL,8M5CL,08/12/2026 6:39:22 PM,8M5CL,D1D,2,8250462,,,,,,,,,,,,,,,,,,
D611459,30,KJAYY030WFB5,0,0,0,0,0.004574,0.004574,0.003659,0,0,0.137222,0,0,0,0,0,0,0,0,D6114590,PXMG,06/11/2026 6:22:56 PM,BPD454,8M5CL,8M5CL,08/07/2026 11:02:08 AM,8M5CL,D1D,1,8252913,,,,,,,,,,,,,,,,,,
D611459,42,KJAYY042WFH2,0,0,0,0,0,0,0,0,0,0.226508,0,0,0,0,0,0.018662,0,0,D6114590,PXMG,06/11/2026 6:22:56 PM,BPD454,8M5CL,8M5CL,08/07/2026 11:02:12 AM,8M5CL,D1D,2,8252714,,,,,,,,,,,,,,,,,,
D611459,54,KJAYY054WFF4,0,0,0,0,0.003659,0,0.010978,0,0,0.142711,0,0,0,0.010978,0.003659,0.018296,0,,D6114590,PXMG,06/11/2026 6:22:56 PM,BPD454,8M5CL,8M5CL,08/07/2026 11:02:00 AM,8M5CL,D1D,3,8252797,,,,,,,,,,,,,,,,,,
D611337,528,GU1PT528JKC3,0,0,0,0,0.003659,0,0,0,0,0.353214,0,0,0,0.003659,0.096874,0.003659,0,0,D6113370M,PXMG,06/09/2026 6:00:47 PM,BPD454,8M5CL,8M5CL,08/12/2026 6:36:50 PM,8M5CL,D1D,1,8759433,,,,,,,,,,,,,,,,,,
D611337,529,GU1PT529JKG5,0,0,0,0,0.007383,0.003692,0,0,0,0.114444,0,0,0,0.003692,0,0.007383,0,,D6113370M,PXMG,06/09/2026 6:00:47 PM,BPD454,8M5CL,8M5CL,08/12/2026 6:02:40 PM,8M5CL,D1D,2,8759394,,,,,,,,,,,,,,,,,,
D611337,530,GU1PT530JKC3,0,0,0,0,0.003659,0,0.007319,0,0,0.153689,0,0,0,0.021956,0.007319,0.010978,0.003659,,D6113370M,PXMG,06/09/2026 6:00:47 PM,BPD454,8M5CL,8M5CL,08/12/2026 3:13:03 PM,8M5CL,D1D,3,8759465,,,,,,,,,,,,,,,,,,
D611337,531,GU1PT531JKG5,0,0,0,0,0,0,0,0,0,0.180895,0,0,0,0,0,0,0.003692,,D6113370M,PXMG,06/09/2026 6:00:47 PM,BPD454,8M5CL,8M5CL,08/12/2026 6:24:36 PM,8M5CL,D1D,4,8759415,,,,,,,,,,,,,,,,,,
D613102,6,KJCJL006WFE3,0,0,0,0,0,0,0,0,0,0.121841,0,0,0,0,0,0.003584,0.003584,,D6131020,PNCB,06/10/2026 9:41:06 AM,BPD458,8M5CL,8M5CL,08/03/2026 8:56:55 PM,8M5CL,D1D,1,8312437,,,,,,,,,,,,,,,,,,
D613102,18,KJCJL018WFC5,0,0,0,0,0,0,0,0,0,0.093173,0,0,0.003584,0,0,0,0.010751,,D6131020,PNCB,06/10/2026 9:41:06 AM,BPD458,8M5CL,8M5CL,08/02/2026 3:56:56 AM,8M5CL,D1D,2,8312503,,,,,,,,,,,,,,,,,,
D613102,22,KJCJL022WFD6,0,0,0,0,0,0,0.010751,0,0,0.139759,0,0,0,0.010751,0,0.028668,0.010751,,D6131020,PNCB,06/10/2026 9:41:06 AM,BPD458,8M5CL,8M5CL,08/02/2026 6:27:57 AM,8M5CL,D1D,3,8312445,,,,,,,,,,,,,,,,,,
D613102,24,KJCJL024WFE7,0.003584,0,0,0,0.007167,0,0.010751,0,0,0.107507,0,0.003584,0.003584,0.007167,0,0,0,,D6131020,PNCB,06/10/2026 9:41:06 AM,BPD458,8M5CL,8M5CL,08/03/2026 8:55:20 PM,8M5CL,D1D,4,8312469,,,,,,,,,,,,,,,,,,
D611443,814,KJAYE814WFC4,0,0,0,0,0.003659,0,0,0,0,0.254961,0,0,0,0,0,0.004253,0.007912,0,D6114430,PXMG,06/10/2026 7:25:03 AM,BPD446,8M5CL,8M5CL,08/07/2026 11:02:36 AM,8M5CL,D1D,1,8248074,,,,,,,,,,,,,,,,,,
D611443,820,KJAYE820WFE6,0,0,0,0,0.003659,0,0,0,0,0.179303,0,0,0,0.003659,0.003659,0.007319,0,,D6114430,PXMG,06/10/2026 7:25:03 AM,BPD446,8M5CL,8M5CL,08/07/2026 11:02:09 AM,8M5CL,D1D,2,8248042,,,,,,,,,,,,,,,,,,
D611443,824,KJAYE824WFH0,0,0,0,0,0,0.007319,0,0,0,0.274444,0,0,0,0,0,0.010978,0.007319,0,D6114430,PXMG,06/10/2026 7:25:03 AM,BPD446,8M5CL,8M5CL,08/07/2026 11:02:47 AM,8M5CL,D1D,3,8248090,,,,,,,,,,,,,,,,,,
D611443,840,KJAYE840WFG3,0.00379,0,0,0,0.007449,0.00379,0,0,0,0.174729,0,0,0,0,0,0.00758,0.00758,0,D6114430,PXMG,06/10/2026 7:25:03 AM,BPD446,8M5CL,8M5CL,08/07/2026 11:02:41 AM,8M5CL,D1D,4,8248018,,,,,,,,,,,,,,,,,,
D611465,306,KJA9T306WFB5,0,0,0,0,0.014637,0,0.003659,0,0,0.1976,0,0,0,0,0,0.014637,0.003659,,D6114650,PXMG,06/10/2026 3:59:03 PM,BPD436,8M5CL,8M5CL,08/14/2026 11:17:29 AM,8M5CL,D1D,1,8255981,,,,,,,,,,,,,,,,,,
D611465,315,KJA9T315WFB7,0.011658,0,0,0,0.003886,0.003886,0.003886,0,0,0.141646,0,0,0,0.003886,0,0.015544,0.003886,0,D6114650,PXMG,06/10/2026 3:59:03 PM,BPD436,8M5CL,8M5CL,08/14/2026 11:54:24 AM,8M5CL,D1D,2,8256001,,,,,,,,,,,,,,,,,,
D611455,20,MCMUB020WAE3,0,0,0,0,0.007319,0,0.003659,0,0,0.278103,0,0,0,0,0,0.003659,0,,D6114550,PXMG,06/09/2026 10:49:40 PM,BPD436,8M5CL,8M5CL,08/12/2026 3:33:45 PM,8M5CL,D1D,1,8252786,,,,,,,,,,,,,,,,,,
D611455,35,MCMUB035WAA5,0,0,0,0,0.003692,0,0.003692,0,0,0.228887,0,0,0,0,0,0.011075,0,,D6114550,PXMG,06/09/2026 10:49:40 PM,BPD436,8M5CL,8M5CL,08/12/2026 3:30:20 PM,8M5CL,D1D,2,8252806,,,,,,,,,,,,,,,,,,
D611337,526,GU1PT526JKB2,0,0,0,0,0,0,0.003659,0,0,0.199063,0,0,0,0.003659,0,0.023053,0.004757,0,D6113370,PXMG,06/09/2026 6:00:30 AM,BPD454,8M5CL,8M5CL,08/12/2026 6:22:36 PM,8M5CL,D1D,1,8236523,,,,,,,,,,,,,,,,,,
D611337,527,GU1PT527JKF4,0.003692,0,0,0,0.011075,0.003692,0.003692,0,0,0.210428,0,0,0,0.007383,0,0.011075,0,,D6113370,PXMG,06/09/2026 6:00:30 AM,BPD454,8M5CL,8M5CL,08/12/2026 9:05:24 AM,8M5CL,D1D,2,8236479,,,,,,,,,,,,,,,,,,
D611336,40,KJAAE040WFA3,0,0,0,0,0.003659,0,0.003659,0,0,0.142711,0,0,0,0.010978,0.003659,0.003659,0,,D6113360M,PXMG,06/08/2026 5:07:08 PM,BPD454,8M5CL,8M5CL,08/14/2026 11:50:08 AM,8M5CL,D1D,1,8751856,,,,,,,,,,,,,,,,,,
D611336,62,KJAAE062WFD1,0,0,0,0,0,0.003659,0.007319,0,0,0.256148,0,0,0,0.003659,0,0.003659,0,0,D6113360M,PXMG,06/08/2026 5:07:08 PM,BPD454,8M5CL,8M5CL,08/14/2026 11:46:33 AM,8M5CL,D1D,2,8751875,,,,,,,,,,,,,,,,,,
D611336,64,KJAAE064WFE2,0,0,0,0,0.003659,0.003659,0,0,0,0.113437,0,0,0,0,0.003659,0.007319,0,,D6113360M,PXMG,06/08/2026 5:07:08 PM,BPD454,8M5CL,8M5CL,08/13/2026 11:53:36 PM,8M5CL,D1D,3,8751877,,,,,,,,,,,,,,,,,,
D611336,87,KJAAE087WFD7,0,0,0,0,0,0,0.003692,0,0,0.12921,0,0,0,0,0,0.011075,0.007383,,D6113360M,PXMG,06/08/2026 5:07:08 PM,BPD454,8M5CL,8M5CL,08/13/2026 11:41:30 PM,8M5CL,D1D,4,8751860,,,,,,,,,,,,,,,,,,
D612492,621,HE4FS621JKE0,0,0,0,0,0.007218,0.003609,0,0,0,0.241814,0,0,0,0,0,0.007218,0,,D6124920,PNCB,06/08/2026 6:26:13 PM,BPD446,8M5CL,8M5CL,08/12/2026 5:17:26 PM,8M5CL,D1D,1,8275563,,,,,,,,,,,,,,,,,,
D612492,636,HE4FS636JKA2,0,0,0,0,0.007167,0.007167,0,0,0,0.218597,0,0,0,0.025085,0,0.014334,0,,D6124920,PNCB,06/08/2026 6:26:13 PM,BPD446,8M5CL,8M5CL,08/04/2026 9:00:39 AM,8M5CL,D1D,2,8275554,,,,,,,,,,,,,,,,,,
D611336,3,KJAAE003WFC4,0,0,0,0,0.011075,0,0,0,0,0.609135,0,0,0,0,0,0.011075,0.003692,0,D6113360,PXMG,06/08/2026 6:46:40 AM,BPD446,8M5CL,8M5CL,08/13/2026 11:27:09 PM,8M5CL,D1D,1,8233292,,,,,,,,,,,,,,,,,,
D611336,91,KJAAE091WFF0,0,0,0,0,0.011998,0,0,0,0,0.507612,0,0,0,0,0,0.019382,0,0,D6113360,PXMG,06/08/2026 6:46:40 AM,BPD446,8M5CL,8M5CL,08/13/2026 11:35:23 PM,8M5CL,D1D,2,8233262,,,,,,,,,,,,,,,,,,
D613602,10,A2DY9010SLG0,0,0,0,0,0.003659,0.003659,0.003659,0,0,0.080504,0,0,0,0,0,0.003659,0,,D6136020,PXMG,06/13/2026 10:46:46 AM,BPD458,8M5CL,8M5CL,08/14/2026 6:21:33 PM,8M5CL,D1D,1,8303481,,,,,,,,,,,,,,,,,,
D613602,115,A2EWZ115SLF1,0,0,0,0,0,0.003692,0,0,0,0.095985,0,0,0.003692,0.018459,0.003692,0.007383,0,,D6136020,PXMG,06/13/2026 10:46:46 AM,BPD458,8M5CL,8M5CL,08/22/2026 6:08:41 AM,8M5CL,D1D,2,8303443,,,,,,,,,,,,,,,,,,
D612470,2,MCMUB002WAD7,0,0,0,0,0,0,0.003659,0,0,0.131733,0,0,0,0.018296,0,0.054889,0,,D6124700,PXMG,06/19/2026 2:02:45 PM,BPD454,8M5CL,8M5CL,08/22/2026 4:21:39 AM,8M5CL,D1D,1,8270470,,,,,,,,,,,,,,,,,,
D612470,78,MCMUB078WAB7,0,0,0,0,0,0.003659,0,0,0,0.128074,0,0,0,0.007319,0.003659,0.010978,0,,D6124700,PXMG,06/19/2026 2:02:45 PM,BPD454,8M5CL,8M5CL,08/22/2026 7:54:15 AM,8M5CL,D1D,2,8270425,,,,,,,,,,,,,,,,,,
D612490,21,MCLXP021WAG2,0,0,0,0,0.007383,0.003692,0.003692,0,0,0.173511,0,0,0,0,0.003692,0.02215,0,,D6124900,PXMG,06/19/2026 8:13:45 PM,BPD454,8M5CL,8M5CL,08/13/2026 2:07:06 AM,8M5CL,D1D,1,8275482,,,,,,,,,,,,,,,,,,
D612490,22,MCLXP022WAD1,0,0,0,0,0.025615,0,0,0,0,0.128074,0,0,0,0,0,0.010978,0,,D6124900,PXMG,06/19/2026 8:13:45 PM,BPD454,8M5CL,8M5CL,08/13/2026 1:31:34 AM,8M5CL,D1D,2,8275570,,,,,,,,,,,,,,,,,,
D611445,599,5DXKO599MVC6,0,0,0,0,0.014767,0.003692,0.003692,0,0,0.177203,0,0,0,0.029534,0.003692,0.029534,0,,D6114450,PXMG,06/16/2026 4:40:17 AM,BPD454,8M5CL,8M5CL,08/22/2026 8:48:59 AM,8M5CL,D1D,1,8247613,,,,,,,,,,,,,,,,,,
D611445,602,5DXKO602MVF3,0,0,0,0,0.010978,0,0,0,0,0.14637,0,0,0,0,0,0.010978,0,,D6114450,PXMG,06/16/2026 4:40:17 AM,BPD454,8M5CL,8M5CL,08/16/2026 6:23:46 PM,8M5CL,D1D,2,8247517,,,,,,,,,,,,,,,,,,
D613611,633,5DXME633MVD2,0.003692,0,0,0,0.014767,0,0,0,0,0.12921,0,0,0,0,0,0.003692,0.003692,,D6136110,PXMG,06/14/2026 5:11:00 AM,BPD446,8M5CL,8M5CL,08/07/2026 11:02:00 AM,8M5CL,D1D,1,8303497,,,,,,,,,,,,,,,,,,
D613611,688,5DXME688MVC6,0,0,0,0,0.003659,0.003659,0.003659,0,0,0.135392,0,0,0,0,0,0.007319,0,,D6136110,PXMG,06/14/2026 5:11:00 AM,BPD446,8M5CL,8M5CL,08/07/2026 11:01:54 AM,8M5CL,D1D,2,8303468,,,,,,,,,,,,,,,,,,
D612484,40,A2AT4040SLE3,0,0,0,0,0,0,0,0,0,0.646773,0,0,0,0.004574,0,0,0.003659,0,D6124840,PXMG,06/14/2026 11:59:04 PM,BPD446,8M5CL,8M5CL,08/23/2026 2:49:30 AM,8M5CL,D1D,1,8272173,,,,,,,,,,,,,,,,,,
D612484,47,A2AT4047SLE5,0.003692,0,0,0,0.006645,0,0,0,0,0.683708,0,0,0,0,0,0.003692,0,0,D6124840,PXMG,06/14/2026 11:59:04 PM,BPD446,8M5CL,8M5CL,08/24/2026 12:17:11 AM,8M5CL,D1D,2,8272214,,,,,,,,,,,,,,,,,,
D612474,351,KJCJA351WFG2,0,0,0,0,0,0.003692,0,0,0,0.465157,0,0,0,0.003692,0,0.003692,0,,D6124740,PXMG,06/14/2026 10:54:05 PM,BPD446,8M5CL,8M5CL,08/10/2026 3:26:37 AM,8M5CL,D1D,1,8270515,,,,,,,,,,,,,,,,,,
D612474,570,KJCJA570WFB7,0,0,0,0,0.003659,0,0,0,0,0.394284,0,0,0,0.007319,0,0.008233,0,0,D6124740,PXMG,06/14/2026 10:54:05 PM,BPD446,8M5CL,8M5CL,08/10/2026 2:24:59 AM,8M5CL,D1D,2,8270422,,,,,,,,,,,,,,,,,,
D611448,47,KJAAE047WFA5,0,0,0,0,0.007383,0,0.011075,0,0,0.254729,0,0,0,0.007383,0,0.014767,0,,D6114480,PXMG,06/15/2026 1:26:15 AM,BPD446,8M5CL,8M5CL,08/24/2026 11:32:23 AM,8M5CL,D1D,1,8250469,,,,,,,,,,,,,,,,,,
D611448,70,KJAAE070WFG4,0,0,0,0,0.007525,0,0.007422,0,0,0.361441,0,0,0,0,0.007525,0.014843,0.003762,0,D6114480,PXMG,06/15/2026 1:26:15 AM,BPD446,8M5CL,8M5CL,08/23/2026 5:43:13 PM,8M5CL,D1D,2,8250409,,,,,,,,,,,,,,,,,,
D611448,176,KJAAE176WFB5,0,0,0,0,0.007319,0.010978,0,0,0,0.424473,0,0,0,0.007319,0,0.036593,0.003659,,D6114480,PXMG,06/15/2026 1:26:15 AM,BPD446,8M5CL,8M5CL,08/22/2026 5:57:06 AM,8M5CL,D1D,3,8250302,,,,,,,,,,,,,,,,,,
D611448,196,KJAAE196WFD2,0,0,0,0,0,0,0.003659,0,0,0.332585,0,0,0,0,0,0.011384,0.003659,0,D6114480,PXMG,06/15/2026 1:26:15 AM,BPD446,8M5CL,8M5CL,08/24/2026 12:22:49 PM,8M5CL,D1D,4,8250396,,,,,,,,,,,,,,,,,,
D611442,267,KJAYF267WFG4,0,0,0,0,0.011075,0,0.011075,0,0,0.147669,0,0,0,0.003692,0,0,0,,D6114420,PXMG,06/15/2026 2:00:03 AM,BPD436,8M5CL,8M5CL,08/07/2026 11:01:47 AM,8M5CL,D1D,1,8247832,,,,,,,,,,,,,,,,,,
D611442,325,KJAYR325WFF6,0.003692,0,0,0,0.020304,0,0.003692,0,0,0.252883,0,0,0,0.007383,0,0.007383,0,0,D6114420,PXMG,06/15/2026 2:00:03 AM,BPD436,8M5CL,8M5CL,08/07/2026 11:01:53 AM,8M5CL,D1D,2,8247846,,,,,,,,,,,,,,,,,,
D612536,37,A2DWL037SLB5,0,0,0,0,0,0,0,0,0,0.214314,0,0,0,0,0,0.012989,0.003247,,D6125360,PR8B,06/27/2026 9:41:27 AM,BPD436,8M5CL,8M5CL,06/28/2026 9:08:39 AM,8M5CL,D1D,1,8287716,,,,,,,,,,,,,,,,,,
D612536,40,A2DWL040SLF7,0,0,0,0,0,0,0.006295,0,0,0.402881,0,0,0,0,0,0,0.006295,,D6125360,PR8B,06/27/2026 9:41:27 AM,BPD436,8M5CL,8M5CL,06/28/2026 9:08:43 AM,8M5CL,D1D,2,8287762,,,,,,,,,,,,,,,,,,
D612536,45,A2DWL045SLF0,0,0,0,0,0,0,0,0,0,0.197607,0,0,0,0.003293,0,0.006587,0,,D6125360,PR8B,06/27/2026 9:41:27 AM,BPD436,8M5CL,8M5CL,06/28/2026 9:08:32 AM,8M5CL,D1D,3,8287799,,,,,,,,,,,,,,,,,,
D612536,229,A2DD8229SLF6,0,0,0,0,0.010936,0.007291,0.025518,0,0,0.226014,0,0,0,0.003645,0,0.010936,0,,D6125360,PR8B,06/27/2026 9:41:27 AM,BPD436,8M5CL,8M5CL,06/28/2026 9:08:50 AM,8M5CL,D1D,4,8287737,,,,,,,,,,,,,,,,,,
D612486,24,A29XK024SLD2,0,0,0,0,0,0.003659,0,0,0,0.179303,0,0,0,0.003659,0.014637,0.010978,0.003659,,D6124860,PXMG,06/23/2026 10:27:07 AM,BPD454,8M5CL,8M5CL,08/24/2026 12:00:20 PM,8M5CL,D1D,1,8275420,,,,,,,,,,,,,,,,,,
D612486,25,A29XK025SLA1,0,0,0,0,0,0,0.003692,0,0,0.225195,0,0,0,0.018459,0.011075,0,0,,D6124860,PXMG,06/23/2026 10:27:07 AM,BPD454,8M5CL,8M5CL,08/23/2026 3:07:01 PM,8M5CL,D1D,2,8275309,,,,,,,,,,,,,,,,,,
D612471,1,MCMUB001WAH0,0,0,0,0,0,0.007383,0.007383,0,0,0.118135,0,0,0,0,0,0.003692,0,,D6124710,PXMG,06/23/2026 11:53:21 AM,BPD454,8M5CL,8M5CL,08/07/2026 11:01:28 AM,8M5CL,D1D,1,8270145,,,,,,,,,,,,,,,,,,
D612471,3,MCMUB003WAA6,0,0,0,0,0,0,0,0,0,0.155052,0,0,0,0,0,0,0,,D6124710,PXMG,06/23/2026 11:53:21 AM,BPD454,8M5CL,8M5CL,08/07/2026 11:01:41 AM,8M5CL,D1D,2,8270163,,,,,,,,,,,,,,,,,,
D612468,663,MCLYY663WAE3,0.003692,0,0,0,0,0,0.007383,0,0,0.114444,0,0,0,0,0,0.003692,0.003692,,D6124680,PXMG,06/25/2026 10:39:30 AM,BPD454,8M5CL,8M5CL,08/24/2026 8:25:05 AM,8M5CL,D1D,1,8270323,,,,,,,,,,,,,,,,,,
D612468,678,MCLYY678WAA5,0,0,0,0,0,0.003659,0,0,0,0.215896,0,0,0,0.003659,0,0.003659,0,0,D6124680,PXMG,06/25/2026 10:39:30 AM,BPD454,8M5CL,8M5CL,08/07/2026 11:01:25 AM,8M5CL,D1D,2,8270301,,,,,,,,,,,,,,,,,,
D611462,26,A2BCX026SLA0,0,0,0,0,0,0.003659,0.010978,0,0,0.301888,0,0,0,0.020126,0.003659,0.018296,0,0,D6114620,PXMG,06/25/2026 8:22:41 AM,BPD454,8M5CL,8M5CL,08/07/2026 11:01:26 AM,8M5CL,D1D,1,8255998,,,,,,,,,,,,,,,,,,
D611462,33,A2BCX033SLG4,0,0,0,0,0.003692,0.007383,0.003692,0,0,0.203045,0,0,0,0.007383,0,0,0,,D6114620,PXMG,06/25/2026 8:22:41 AM,BPD454,8M5CL,8M5CL,08/07/2026 11:01:20 AM,8M5CL,D1D,2,8256073,,,,,,,,,,,,,,,,,,
D612475,19,KJCHY019WFF6,0,0,0,0,0.003692,0.003692,0,0,0,0.114444,0,0,0,0,0,0.007383,0,,D6124750,PXMG,06/22/2026 3:23:59 PM,BPD454,8M5CL,8M5CL,08/24/2026 5:13:18 AM,8M5CL,D1D,1,8270509,,,,,,,,,,,,,,,,,,
D612475,21,KJCHY021WFF6,0,0,0,0,0.003692,0,0,0,0,0.195661,0,0,0,0.003692,0,0.003692,0,,D6124750,PXMG,06/22/2026 3:23:59 PM,BPD454,8M5CL,8M5CL,08/24/2026 4:35:48 AM,8M5CL,D1D,2,8270382,,,,,,,,,,,,,,,,,,
D612478,6,A2BP5006SLC1,0,0,0,0,0,0.007319,0,0,0,0.14637,0,0,0,0.007319,0,0.007319,0,,D6124780,PXMG,06/24/2026 5:04:18 AM,BPD458,8M5CL,8M5CL,08/07/2026 11:01:19 AM,8M5CL,D1D,1,8272209,,,,,,,,,,,,,,,,,,
D612478,23,A2BP5023SLF6,0.003692,0,0,0,0,0.003692,0.003692,0,0,0.187355,0,0,0,0.004615,0.003692,0.025842,0.003692,0,D6124780,PXMG,06/24/2026 5:04:18 AM,BPD458,8M5CL,8M5CL,08/07/2026 11:01:25 AM,8M5CL,D1D,2,8272099,,,,,,,,,,,,,,,,,,
D613142,39,MCMMJ039WAE0,0.003247,0.003247,0,0,0,0.003247,0,0,0,0.188337,0,0,0,0.003247,0,0.009742,0.003247,,D6131420,PR8B,06/24/2026 4:32:09 PM,BPD446,8M5CL,8M5CL,06/25/2026 8:16:42 AM,8M5CL,D1D,1,8322064,,,,,,,,,,,,,,,,,,
D613142,46,MCMMJ046WAD1,0,0,0,0,0.027914,0,0.003489,0,0,0.19889,0,0,0,0,0,0,0,,D6131420,PR8B,06/24/2026 4:32:09 PM,BPD446,8M5CL,8M5CL,06/25/2026 8:16:37 AM,8M5CL,D1D,2,8322058,,,,,,,,,,,,,,,,,,
D612472,133,HE4UD133JKB6,0,0,0,0,0.025842,0.018089,0.010706,0,0,0.251776,0,0,0,0.011075,0,0,0.003692,0,D6124720,PXMG,06/25/2026 12:03:52 AM,BPD454,8M5CL,8M5CL,08/07/2026 11:01:23 AM,8M5CL,D1D,1,8270384,,,,,,,,,,,,,,,,,,
D612472,134,HE4UD134JKG0,0,0,0,0,0.021956,0,0.007319,0,0,0.34397,0,0,0,0,0,0.021956,0,0,D6124720,PXMG,06/25/2026 12:03:52 AM,BPD454,8M5CL,8M5CL,08/07/2026 11:01:25 AM,8M5CL,D1D,2,8270140,,,,,,,,,,,,,,,,,,
D612557,299,KJ9JG299WFF6,0,0,0,0,0.012035,0.003692,0.037213,0,0,0.201051,0,0,0,0.02695,0,0.069774,0,0,D6125570,PXMG,06/21/2026 2:28:52 AM,BPD454,8M5CL,8M5CL,08/22/2026 5:48:07 AM,8M5CL,D1D,1,8280446,,,,,,,,,,,,,,,,,,
D612557,390,KJ9JG390WFD4,0,0,0,0,0.018296,0.007319,0.003659,0,0,0.124415,0,0,0,0,0.003659,0.018296,0,,D6125570,PXMG,06/21/2026 2:28:52 AM,BPD454,8M5CL,8M5CL,08/23/2026 3:10:50 PM,8M5CL,D1D,2,8280401,,,,,,,,,,,,,,,,,,
D612557,455,KJ9HB455WFF3,0,0,0,0,0.011075,0.007383,0.003692,0,0,0.162436,0,0,0,0.011075,0,0.051684,0,,D6125570,PXMG,06/21/2026 4:52:52 AM,BPD454,8M5CL,8M5CL,08/23/2026 11:44:24 PM,8M5CL,D1D,3,8280436,,,,,,,,,,,,,,,,,,
D612557,482,KJ9HB482WFG1,0,0,0,0,0.003659,0.007319,0.007319,0,0,0.208577,0,0,0,0.003659,0,0.029274,0,,D6125570,PXMG,06/21/2026 4:52:52 AM,BPD454,8M5CL,8M5CL,08/23/2026 10:55:16 PM,8M5CL,D1D,4,8280344,,,,,,,,,,,,,,,,,,
D613616,5,KJCHY005WFG3,0,0,0,0,0.003692,0,0.003692,0,0,0.232579,0,0,0,0.014767,0,0,0,0,D6136160,PXMG,06/27/2026 11:09:33 PM,BPD454,8M5CL,8M5CL,08/23/2026 11:28:34 PM,8M5CL,D1D,1,8304413,,,,,,,,,,,,,,,,,,
D613616,27,KJCHY027WFB6,0,0,0,0,0.007383,0.003692,0,0,0,0.203045,0,0,0,0,0,0,0,0,D6136160,PXMG,06/27/2026 11:09:33 PM,BPD454,8M5CL,8M5CL,08/23/2026 9:08:22 PM,8M5CL,D1D,2,8304546,,,,,,,,,,,,,,,,,,
D612481,8,KJCHY008WFE3,0,0,0,0,0.003659,0.003659,0.003659,0,0,0.186622,0,0,0,0.003659,0,0.007319,0,,D6124810,PXMG,07/03/2026 4:17:12 AM,BPD446,8M5CL,8M5CL,08/07/2026 11:00:47 AM,8M5CL,D1D,1,8272234,,,,,,,,,,,,,,,,,,
D612481,22,KJCHY022WFC5,0,0,0,0,0.003659,0,0,0,0,0.310853,0,0,0,0,0,0.01482,0,0,D6124810,PXMG,07/03/2026 4:17:12 AM,BPD446,8M5CL,8M5CL,08/07/2026 11:00:54 AM,8M5CL,D1D,2,8272282,,,,,,,,,,,,,,,,,,
D611338,55,KJAAA055WFC4,0.003692,0,0,0,0,0.011075,0,0,0.003692,0.08491,0,0,0,0.007383,0,0,0.003692,,D6113380,PXMG,06/30/2026 5:35:15 PM,BPD458,8M5CL,8M5CL,08/07/2026 11:01:31 AM,8M5CL,D1D,1,8234594,,,,,,,,,,,,,,,,,,
D611338,64,KJAAA064WFC6,0,0,0,0,0,0.342872,0.020126,0,0.013173,0.120389,0,0,0,0.026347,0,0.047936,0,0,D6113380,PXMG,06/30/2026 5:35:15 PM,BPD458,8M5CL,8M5CL,08/07/2026 11:01:37 AM,8M5CL,D1D,2,8234665,,,,,,,,,,,,,,,,,,
D611338,72,KJAAA072WFG1,0,0,0,0,0,0.003659,0,0,0,0.135392,0,0,0,0,0.003659,0.010978,0.003659,,D6113380,PXMG,07/01/2026 10:27:26 AM,BPD454,8M5CL,8M5CL,08/07/2026 11:01:12 AM,8M5CL,D1D,3,8234627,,,,,,,,,,,,,,,,,,
D611338,74,KJAAA074WFH2,0,0,0,0,0.007319,0.003659,0,0,0,0.168326,0,0,0,0.007319,0,0,0,,D6113380,PXMG,07/01/2026 10:27:26 AM,BPD454,8M5CL,8M5CL,08/07/2026 11:01:10 AM,8M5CL,D1D,4,8234654,,,,,,,,,,,,,,,,,,
D611338,81,KJAAA081WFG3,0.003692,0,0,0,0,0.007383,0,0,0,0.136594,0,0,0,0,0,0.011075,0,,D6113380,PXMG,07/01/2026 10:27:26 AM,BPD454,8M5CL,8M5CL,08/07/2026 11:01:00 AM,8M5CL,D1D,5,8234683,,,,,,,,,,,,,,,,,,
D613607,82,A2DMV082SLG1,0,0,0,0,0.007319,0.003659,0,0,0,0.153689,0,0,0,0,0,0.014637,0,,D6136070,PXMG,06/30/2026 3:19:13 AM,BPD436,8M5CL,8M5CL,08/07/2026 11:01:11 AM,8M5CL,D1D,1,8303659,,,,,,,,,,,,,,,,,,
D613607,83,A2DMV083SLD0,0,0,0,0,0.018459,0.011075,0,0,0,0.114444,0,0,0,0,0,0.007383,0,,D6136070,PXMG,06/30/2026 3:19:13 AM,BPD436,8M5CL,8M5CL,08/22/2026 6:17:08 AM,8M5CL,D1D,2,8303599,,,,,,,,,,,,,,,,,,
D611343,237,KJAYT237WFF5,0,0,0,0,0,0.003692,0,0,0,0.114444,0,0,0,0.011075,0,0.003692,0,,D6113430,PXMG,06/28/2026 4:35:20 AM,BPD454,8M5CL,8M5CL,08/07/2026 11:01:00 AM,8M5CL,D1D,1,8234449,,,,,,,,,,,,,,,,,,
D611343,246,KJAYT246WFF7,0,0,0,0,0,0.003659,0.020189,0,0,0.156465,0,0,0,0.004038,0,0.024227,0,0,D6113430,PXMG,06/28/2026 4:35:20 AM,BPD454,8M5CL,8M5CL,08/07/2026 11:01:07 AM,8M5CL,D1D,2,8234435,,,,,,,,,,,,,,,,,,
D613614,27,A2CJE027SLF2,0,0,0,0,0.007383,0.003692,0.011075,0,0,0.19197,0,0,0,0.003692,0,0.011075,0.007383,,D6136140,PXMG,07/07/2026 10:36:09 PM,BPD454,8M5CL,8M5CL,08/07/2026 11:00:35 AM,8M5CL,D1D,1,8304506,,,,,,,,,,,,,,,,,,
D613614,130,A2CJE130SLB2,0,0,0,0,0.003659,0,0,0,0.003659,0.296399,0,0,0,0.007319,0,0,0,0,D6136140,PXMG,07/07/2026 10:36:09 PM,BPD454,8M5CL,8M5CL,08/07/2026 11:00:42 AM,8M5CL,D1D,2,8304455,,,,,,,,,,,,,,,,,,
D613144,11,KJCHY011WFB2,0,0,0,0,0.006494,0,0.003247,0,0,0.214314,0,0,0,0.009742,0,0.006494,0,,D6131440,PR8B,07/11/2026 3:52:27 PM,BPD436,8M5CL,8M5CL,07/12/2026 8:26:11 AM,8M5CL,D1D,1,8322716,,,,,,,,,,,,,,,,,,
D613144,14,KJCHY014WFG5,0,0,0,0,0,0.003489,0,0,0,0.216336,0,0,0,0,0.003489,0,0,,D6131440,PR8B,07/11/2026 3:52:27 PM,BPD436,8M5CL,8M5CL,07/12/2026 8:26:21 AM,8M5CL,D1D,2,8322597,,,,,,,,,,,,,,,,,,
D613144,17,KJCHY017WFE5,0,0,0,0,0.006494,0.006494,0.003247,0,0,0.246786,0,0,0,0.003247,0,0.006494,0,,D6131440,PR8B,07/11/2026 3:52:27 PM,BPD436,8M5CL,8M5CL,07/12/2026 8:26:28 AM,8M5CL,D1D,3,8322753,,,,,,,,,,,,,,,,,,
D613144,20,KJCHY020WFB4,0,0,0,0,0.003489,0,0,0,0,0.223315,0,0,0,0.010468,0.003489,0,0,,D6131440,PR8B,07/11/2026 3:52:27 PM,BPD436,8M5CL,8M5CL,07/12/2026 8:26:30 AM,8M5CL,D1D,4,8322624,,,,,,,,,,,,,,,,,,
D613145,4,KJAAE004WFG6,0,0,0,0,0,0.003489,0,0,0,0.223315,0,0,0,0,0.003489,0.003489,0.003489,,D6131450,PR8B,07/11/2026 10:34:19 PM,BPD436,8M5CL,8M5CL,07/12/2026 8:32:27 AM,8M5CL,D1D,1,8322743,,,,,,,,,,,,,,,,,,
D613145,46,KJAAE046WFD6,0,0,0,0,0,0.006979,0.003489,0,0,0.181443,0,0,0,0.006979,0,0,0,,D6131450,PR8B,07/11/2026 10:34:19 PM,BPD436,8M5CL,8M5CL,07/12/2026 8:32:13 AM,8M5CL,D1D,2,8322720,,,,,,,,,,,,,,,,,,
D613145,51,KJAAE051WFB6,0,0,0,0,0.003247,0.006494,0.006494,0,0,0.194831,0,0,0,0.006494,0,0.009742,0,,D6131450,PR8B,07/11/2026 10:34:19 PM,BPD436,8M5CL,8M5CL,07/12/2026 8:32:34 AM,8M5CL,D1D,3,8322826,,,,,,,,,,,,,,,,,,
D613145,65,KJAAE065WFB1,0,0,0,0,0.003247,0,0,0,0,0.198078,0,0,0,0,0,0,0,,D6131450,PR8B,07/11/2026 10:34:19 PM,BPD436,8M5CL,8M5CL,07/12/2026 8:32:22 AM,8M5CL,D1D,4,8322806,,,,,,,,,,,,,,,,,,
D613140,110,A2EW7110SLA2,0,0,0,0,0,0.003489,0,0,0,0.212847,0,0,0,0,0,0.003489,0.003489,,D6131400,PR8B,07/12/2026 12:01:24 AM,BPD436,8M5CL,8M5CL,07/12/2026 8:32:00 AM,8M5CL,D1D,1,8322181,,,,,,,,,,,,,,,,,,
D613140,151,A2EGD151SLB4,0,0,0,0,0.003247,0,0.003247,0,0,0.211067,0,0,0,0.003247,0,0.003247,0,,D6131400,PR8B,07/12/2026 12:01:24 AM,BPD436,8M5CL,8M5CL,07/12/2026 8:31:55 AM,8M5CL,D1D,2,8322313,,,,,,,,,,,,,,,,,,
D613140,154,A2EGD154SLG7,0,0,0,0,0,0,0.003489,0,0,0.216336,0,0,0,0.010468,0,0,0,,D6131400,PR8B,07/12/2026 12:01:24 AM,BPD436,8M5CL,8M5CL,07/12/2026 8:32:10 AM,8M5CL,D1D,3,8322166,,,,,,,,,,,,,,,,,,
D613140,156,A2EGD156SLA5,0,0,0,0,0.003489,0,0,0,0,0.205868,0,0,0,0.003489,0.003489,0.006979,0,,D6131400,PR8B,07/12/2026 12:01:24 AM,BPD436,8M5CL,8M5CL,07/12/2026 8:32:20 AM,8M5CL,D1D,4,8322107,,,,,,,,,,,,,,,,,,
D613153,153,HJ8VW153JKA1,0,0,0,0,0.018196,0,0.009098,0,0,0.263838,0,0,0,0,0,0.013647,0.004549,,D6131530,PR8B,07/19/2026 9:40:33 AM,BPD446,8M5CL,8M5CL,07/20/2026 8:08:46 AM,8M5CL,D1D,1,8326400,,,,,,,,,,,,,,,,,,
D613153,154,HJ8VW154JKE3,0,0,0,0,0,0.006375,0,0,0,0.363361,0,0,0,0,0,0,0,,D6131530,PR8B,07/19/2026 9:40:33 AM,BPD446,8M5CL,8M5CL,07/20/2026 8:08:52 AM,8M5CL,D1D,2,8326620,,,,,,,,,,,,,,,,,,
D612E4J,653,MCLPK653WAE4,0,0,0,0,0,0.005289,0,0,0,0.259169,0,0,0,0,0,0,0,,D612E4J0,X78E,08/01/2026 12:44:18 PM,BPD458,8M5CL,8M5CL,08/02/2026 10:17:48 AM,8M5CL,D1D,1,8294790,,,,,,,,,,,,,,,,,,
D612E4J,674,MCLPK674WAD0,0,0,0,0,0,0.005881,0,0,0,0.331581,0,0,0,0.005273,0,0,0,0,D612E4J0,X78E,08/01/2026 12:44:18 PM,BPD458,8M5CL,8M5CL,08/02/2026 10:07:55 AM,8M5CL,D1D,2,8294783,,,,,,,,,,,,,,,,,,
D612E4J,682,MCLPK682WAG3,0,0,0,0,0,0,0,0,0,0.226732,0,0,0,0,0,0,0,,D612E4J0,X78E,08/01/2026 12:44:18 PM,BPD458,8M5CL,8M5CL,08/02/2026 10:17:41 AM,8M5CL,D1D,3,8294846,,,,,,,,,,,,,,,,,,
D612E4J,693,MCLPK693WAA3,0,0,0,0,0,0.005289,0,0,0,0.359663,0,0,0,0,0,0,0,0,D612E4J0,X78E,08/01/2026 12:44:18 PM,BPD458,8M5CL,8M5CL,08/02/2026 10:17:54 AM,8M5CL,D1D,4,8294890,,,,,,,,,,,,,,,,,,
D612949,211,5DXOH211MVD6,0,0,0,0,0.200648,0.013176,0.154627,0,0,0.244473,0,0,0,0.049362,0.003294,0.003294,0.003294,0,D6129490,PR8B,08/05/2026 12:48:30 AM,BPD436,8M5CL,8M5CL,08/05/2026 7:02:54 AM,8M5CL,D1D,1,8298047,,,,,,,,,,,,,,,,,,
D612949,226,5DXOH226MVA0,0,0,0,0,0.003489,0,0,0,0,0.230293,0,0,0,0.013957,0,0.003489,0.003489,,D6129490,PR8B,08/05/2026 12:48:30 AM,BPD436,8M5CL,8M5CL,08/05/2026 7:02:46 AM,8M5CL,D1D,2,8298057,,,,,,,,,,,,,,,,,,
D612949,227,5DXOH227MVE2,0,0,0,0,0,0,0.003247,0,0,0.217561,0,0,0,0.006494,0,0.009742,0.003247,,D6129490,PR8B,08/05/2026 12:48:30 AM,BPD436,8M5CL,8M5CL,08/05/2026 7:03:06 AM,8M5CL,D1D,3,8297984,,,,,,,,,,,,,,,,,,
D612949,229,5DXOH229MVF3,0,0,0,0,0.048708,0,0.048708,0,0,0.194831,0,0,0,0.019483,0,0.003247,0,,D6129490,PR8B,08/05/2026 12:48:30 AM,BPD436,8M5CL,8M5CL,08/05/2026 7:02:58 AM,8M5CL,D1D,4,8297981,,,,,,,,,,,,,,,,,,
D542446,457,GT1MH457JKG1,0,0,0,0,0,0.003609,0,0,0,0.321215,0,0,0,0.003609,0,0.007218,0,0,D5424460,PNCB,02/26/2026 8:56:48 PM,BPD432,8M5CL,8M5CL,02/27/2026 8:49:33 AM,8M5CL,D1D,1,7488283,,,,,,,,,,,,,,,,,,
D542446,463,GT1MH463JKB0,0,0,0,0,0,0.007218,0.003609,0,0,0.259859,0,0,0,0,0.003609,0.003609,0,,D5424460,PNCB,02/26/2026 8:56:48 PM,BPD432,8M5CL,8M5CL,02/27/2026 8:49:49 AM,8M5CL,D1D,2,7488254,,,,,,,,,,,,,,,,,,
D542446,465,GT1MH465JKC1,0.003609,0,0,0,0.003609,0.007218,0,0,0,0.238204,0,0.003609,0,0.003609,0,0.007218,0.003609,,D5424460,PNCB,02/26/2026 8:56:48 PM,BPD432,8M5CL,8M5CL,05/09/2026 3:08:04 AM,8M5CL,D1D,3,7488221,,,,,,,,,,,,,,,,,,
D542446,500,GT1MH500JKE5,0.007167,0,0,0,0.003584,0.003584,0,0.003584,0,0.229348,0,0,0.003584,0.007167,0,0,0.007167,,D5424460,PNCB,02/26/2026 8:56:48 PM,BPD432,8M5CL,8M5CL,05/10/2026 6:19:57 AM,8M5CL,D1D,4,7488276,,,,,,,,,,,,,,,,,,
D542433,5,KJ3LK005WFF2,0,0,0,0,0.007383,0,0.003692,0,0,0.217812,0,0,0,0,0,0.011075,0,0,D5424330,PXMG,02/26/2026 12:54:47 PM,BPD442,8M5CL,8M5CL,05/12/2026 4:29:06 PM,8M5CL,D1D,1,7484701,,,,,,,,,,,,,,,,,,
D542433,6,KJ3LK006WFC1,0,0,0,0,0,0,0,0,0,0.307377,0,0,0,0,0,0.029274,0,0,D5424330,PXMG,02/26/2026 12:54:47 PM,BPD442,8M5CL,8M5CL,05/12/2026 6:43:15 PM,8M5CL,D1D,2,7484684,,,,,,,,,,,,,,,,,,
D542495,810,MCG6T810WAG0,0,0,0,0,0,0.014454,0.003659,0,0,0.593165,0,0,0,0,0,0.014454,0,0,D5424950,PXMG,02/26/2026 8:16:05 AM,BPD432,8M5CL,8M5CL,02/27/2026 8:50:09 AM,8M5CL,D1D,1,7499285,,,,,,,,,,,,,,,,,,
D542495,813,MCG6T813WAE0,0,0,0,0,0.003692,0.003692,0,0,0,0.114444,0,0,0,0.007383,0,0,0,,D5424950,PXMG,02/26/2026 8:16:05 AM,BPD432,8M5CL,8M5CL,05/02/2026 4:53:17 AM,8M5CL,D1D,2,7499263,,,,,,,,,,,,,,,,,,
D525EP2,348,KHTWH348WFB2,0,0,0,0,0,0,0.015819,0,0,0.348008,0,0.005273,0,0,0,0,0,,D525EP20,X78E,02/25/2026 7:57:10 PM,BPD436,8M5CL,8M5CL,03/12/2026 3:28:50 PM,8M5CL,D1D,1,6915119,,,,,,,,,,,,,,,,,,
D525EP2,375,KHTWH375WFC0,0,0,0,0,0.010578,0,0,0,0,0.327928,0,0,0.005289,0,0,0.005289,0.005289,,D525EP20,X78E,02/25/2026 7:57:10 PM,BPD436,8M5CL,8M5CL,03/12/2026 3:27:59 PM,8M5CL,D1D,2,6915139,,,,,,,,,,,,,,,,,,
D546275,9,A20D2009SLD0,0,0,0,0,0,0,0.007218,0,0,0.209331,0,0,0,0,0,0.007218,0,,D5462750,PNCB,02/28/2026 11:08:27 PM,BPD458,8M5CL,8M5CL,05/05/2026 4:22:09 PM,8M5CL,D1D,1,7625324,,,,,,,,,,,,,,,,,,
D546275,13,A20D2013SLE1,0,0,0,0,0.054137,0,0.014437,0,0,0.220159,0,0,0,0.003609,0,0.003609,0,,D5462750,PNCB,02/28/2026 11:08:27 PM,BPD458,8M5CL,8M5CL,05/05/2026 2:41:29 AM,8M5CL,D1D,2,7625079,,,,,,,,,,,,,,,,,,
D543525,486,GS4MH486JKG0,0,0,0,0,0,0.010978,0,0.003659,0,0.178533,0,0,0,0.008089,0,0.007319,0.003659,0,D5435250,PXMG,02/27/2026 5:05:56 AM,BPD450,8M5CL,8M5CL,05/12/2026 11:46:37 PM,8M5CL,D1D,1,7519143,,,,,,,,,,,,,,,,,,
D543525,590,GS4MH590JKG2,0,0,0.003659,0,0,0.007319,0.003659,0,0,0.204918,0,0,0,0.003659,0,0,0.003659,0,D5435250,PXMG,02/27/2026 5:05:56 AM,BPD450,8M5CL,8M5CL,05/13/2026 12:12:04 AM,8M5CL,D1D,2,7519097,,,,,,,,,,,,,,,,,,
D546283,322,KJ5DT322WFE1,0,0,0,0,0.010751,0.003584,0,0,0,0.254433,0,0,0,0,0,0.003584,0.007167,,D5462830,PNCB,02/28/2026 4:50:18 AM,BPD432,8M5CL,8M5CL,05/06/2026 4:45:43 AM,8M5CL,D1D,1,7627571,,,,,,,,,,,,,,,,,,
D546283,326,KJ5DT326WFG3,0.003584,0,0,0,0.003584,0,0,0,0,0.31177,0,0,0,0.003584,0,0,0,,D5462830,PNCB,02/28/2026 4:50:18 AM,BPD432,8M5CL,8M5CL,03/01/2026 9:06:30 AM,8M5CL,D1D,2,7627649,,,,,,,,,,,,,,,,,,
D546283,331,KJ5DT331WFE3,0,0,0,0,0,0,0.00859,0,0,0.442555,0,0,0,0,0.003609,0.003609,0,0,D5462830,PNCB,02/28/2026 4:50:18 AM,BPD432,8M5CL,8M5CL,05/05/2026 12:14:33 PM,8M5CL,D1D,3,7627576,,,,,,,,,,,,,,,,,,
D546283,333,KJ5DT333WFF4,0,0,0,0,0.008421,0.004211,0,0,0,0.475206,0,0,0,0,0,0.016843,0.004211,0,D5462830,PNCB,02/28/2026 4:50:18 AM,BPD432,8M5CL,8M5CL,03/01/2026 9:06:37 AM,8M5CL,D1D,4,7627617,,,,,,,,,,,,,,,,,,
D543525,591,GS4MH591JKD1,0.011075,0,0,0,0,0.003692,0,0,0.003692,0.147669,0,0,0,0.003692,0.003692,0.011075,0,,D5435250V,PXMG,02/27/2026 11:59:08 PM,BPD458,8M5CL,8M5CL,05/12/2026 6:49:10 PM,8M5CL,D1D,1,8185219,,,,,,,,,,,,,,,,,,
D543525,593,GS4MH593JKE2,0.003692,0,0,0,0.003692,0.003692,0.004061,0,0,0.176465,0,0,0,0.011075,0,0.018828,0,0,D5435250V,PXMG,02/27/2026 11:59:08 PM,BPD458,8M5CL,8M5CL,05/10/2026 2:03:32 AM,8M5CL,D1D,2,8185243,,,,,,,,,,,,,,,,,,
D543525,596,GS4MH596JKC2,0.003659,0,0,0,0,0.00988,0,0,0,0.216994,0,0,0,0.007319,0.003659,0.010978,0,0,D5435250V,PXMG,02/27/2026 11:59:08 PM,BPD458,8M5CL,8M5CL,05/10/2026 6:44:28 PM,8M5CL,D1D,3,8185201,,,,,,,,,,,,,,,,,,
D543525,598,GS4MH598JKD3,0.003659,0,0,0,0.010978,0,0,0,0,0.142711,0,0,0,0.010978,0.003659,0.014637,0,,D5435250V,PXMG,02/27/2026 11:59:08 PM,BPD458,8M5CL,8M5CL,05/13/2026 12:03:40 AM,8M5CL,D1D,4,8185263,,,,,,,,,,,,,,,,,,
D544610,36,MCEMQ036WAB0,0,0,0,0,0,0.003584,0,0,0,0.193512,0,0,0,0,0,0.010751,0,,D5446100,PNCB,02/28/2026 9:09:42 AM,BPD446,8M5CL,8M5CL,05/10/2026 6:38:38 PM,8M5CL,D1D,1,7568360,,,,,,,,,,,,,,,,,,
D544610,126,MCEMQ126WAD0,0,0,0,0,0.007167,0,0,0,0,0.204263,0,0,0,0,0,0.007167,0,,D5446100,PNCB,02/28/2026 9:09:42 AM,BPD446,8M5CL,8M5CL,06/07/2026 8:57:45 PM,8M5CL,D1D,2,7568340,,,,,,,,,,,,,,,,,,
D532266,401,GP8YF401JKF4,0,0,0.003609,0,0.003609,0,0.003609,0,0,0.238204,0,0,0,0.010827,0,0.014437,0,,D5322660,PNCB,03/07/2026 7:30:36 AM,BPD444,8M5CL,8M5CL,05/12/2026 7:36:09 PM,8M5CL,D1D,1,7146535,,,,,,,,,,,,,,,,,,
D532266,531,GP8YF531JKD3,0,0,0,0,0,0.003609,0.003609,0,0,0.285123,0,0,0,0,0,0.003609,0,,D5322660,PNCB,03/07/2026 7:30:36 AM,BPD444,8M5CL,8M5CL,05/10/2026 4:57:50 PM,8M5CL,D1D,2,7146378,,,,,,,,,,,,,,,,,,
D532266,628,GP8YF628JKF5,0,0,0,0,0,0.003584,0.007167,0,0,0.204263,0,0,0,0.007167,0,0.014334,0,,D5322660,PNCB,03/07/2026 7:30:36 AM,BPD444,8M5CL,8M5CL,05/20/2026 4:51:27 AM,8M5CL,D1D,3,7146452,,,,,,,,,,,,,,,,,,
D532266,643,GP8YF643JKA6,0.010827,0,0,0,0,0.003609,0,0,0,0.259859,0,0,0,0.007218,0,0.021655,0,,D5322660,PNCB,03/07/2026 7:30:36 AM,BPD444,8M5CL,8M5CL,05/13/2026 12:42:28 AM,8M5CL,D1D,4,7146456,,,,,,,,,,,,,,,,,,
D543555,95,GS4VR095JKD5,0.01206,0,0,0,0,0,0,0.01206,0,0.205691,0,0,0,0.005353,0.00603,0.00603,0.114567,0,D5435550,PXMG,03/07/2026 10:34:17 AM,BPD442,8M5CL,8M5CL,04/08/2026 2:12:26 PM,8M5CL,D1D,1,7526758,,,,,,,,,,,,,,,,,,
D543555,103,GS4VR103JKF3,0.007383,0,0,0,0,0.003692,0.003692,0,0,0.253806,0,0,0,0,0,0.011998,0,0,D5435550,PXMG,03/07/2026 10:34:17 AM,BPD442,8M5CL,8M5CL,05/19/2026 8:54:36 AM,8M5CL,D1D,2,7526741,,,,,,,,,,,,,,,,,,
D543555,104,GS4VR104JKC2,0,0,0,0,0,0,0,0,0,0.185402,0,0,0,0,0,0.026835,0,0,D5435550T,PXMG,03/07/2026 11:28:32 AM,BPD442,8M5CL,8M5CL,05/19/2026 6:23:46 AM,8M5CL,D1D,1,8223876,,,,,,,,,,,,,,,,,,
D543555,105,GS4VR105JKG4,0,0,0,0,0.007383,0,0.003692,0,0,0.121827,0,0,0,0.003692,0,0.02215,0.003692,,D5435550T,PXMG,03/07/2026 11:28:32 AM,BPD442,8M5CL,8M5CL,06/08/2026 2:25:29 AM,8M5CL,D1D,2,8223894,,,,,,,,,,,,,,,,,,
D543555,109,GS4VR109JKB3,0,0,0,0,0,0.011075,0.003692,0,0,0.10706,0,0,0,0.003692,0.003692,0.018459,0.007383,,D5435550T,PXMG,03/07/2026 11:28:32 AM,BPD442,8M5CL,8M5CL,05/19/2026 8:41:53 AM,8M5CL,D1D,3,8223895,,,,,,,,,,,,,,,,,,
D543555,111,GS4VR111JKB3,0,0,0,0,0,0.003692,0,0,0,0.158744,0,0,0,0.007383,0,0.003692,0.003692,,D5435550T,PXMG,03/07/2026 11:28:32 AM,BPD442,8M5CL,8M5CL,05/19/2026 4:11:03 AM,8M5CL,D1D,4,8223877,,,,,,,,,,,,,,,,,,
D546330,41,MCJ1U041WAH0,0,0,0,0,0.081218,0.003692,0.014767,0,0,0.099677,0,0,0,0.003692,0,0.011075,0,,D5463300,PXMG,03/06/2026 6:54:09 PM,BPD444,8M5CL,8M5CL,04/08/2026 2:13:03 PM,8M5CL,D1D,1,7636317,,,,,,,,,,,,,,,,,,
D546330,44,MCJ1U044WAF0,0.003659,0,0,0,0.025615,0.007319,0.007319,0,0,0.157348,0,0,0,0.007319,0,0.007319,0,,D5463300,PXMG,03/06/2026 6:54:09 PM,BPD444,8M5CL,8M5CL,07/02/2026 6:51:23 PM,8M5CL,D1D,2,7636440,,,,,,,,,,,,,,,,,,
D546336,57,MCJ1W057WAA7,0,0,0,0,0.003692,0.003692,0,0,0,0.118135,0,0,0,0.003692,0,0.011075,0,,D5463360,PXMG,03/01/2026 9:34:26 PM,BPD448,8M5CL,8M5CL,05/03/2026 1:18:08 PM,8M5CL,D1D,1,7636221,,,,,,,,,,,,,,,,,,
D546336,159,MCJ1W159WAB1,0,0,0,0,0.033226,0.007383,0.007383,0,0,0.140286,0,0,0,0.007383,0,0.02215,0,,D5463360,PXMG,03/01/2026 9:34:26 PM,BPD448,8M5CL,8M5CL,05/03/2026 10:06:09 AM,8M5CL,D1D,2,7636438,,,,,,,,,,,,,,,,,,
D539111,340,MCEUR340WAB6,0,0,0,0,0,0.007319,0.003659,0,0,0.095141,0,0,0,0,0,0.010978,0,,D5391110,PXMG,03/03/2026 4:18:17 AM,BPD432,8M5CL,8M5CL,06/07/2026 4:40:21 PM,8M5CL,D1D,1,7389429,,,,,,,,,,,,,,,,,,
D539111,373,MCEUR373WAF7,0,0,0,0,0,0,0,0,0,0.21209,0,0,0,0.007383,0.003692,0.031564,0,0,D5391110,PXMG,03/03/2026 4:18:17 AM,BPD432,8M5CL,8M5CL,05/20/2026 10:29:30 PM,8M5CL,D1D,2,7389405,,,,,,,,,,,,,,,,,,
D531EP4,349,KHYXL349WFE5,0.006591,0.006591,0,0,0,0,0,0,0,0.177961,0,0,0,0.006591,0,0,0,,D531EP40,X78D,03/04/2026 2:32:26 PM,BPD454,8M5CL,8M5CL,05/06/2026 12:34:34 AM,8M5CL,D1D,1,7137364,,,,,,,,,,,,,,,,,,
D531EP4,364,KHYXL364WFH1,0.006592,0,0,0,0,0.006592,0.006592,0,0,0.27687,0,0,0,0,0.019776,0,0,,D531EP40,X78D,03/04/2026 2:32:26 PM,BPD454,8M5CL,8M5CL,04/08/2026 2:13:19 PM,8M5CL,D1D,2,7137277,,,,,,,,,,,,,,,,,,
D531EP4,373,KHYXL373WFA0,0.006591,0,0,0,0,0.006591,0.013182,0,0,0.164778,0,0.013182,0,0.006591,0,0.026365,0.013182,,D531EP40,X78D,03/04/2026 2:32:26 PM,BPD454,8M5CL,8M5CL,05/06/2026 2:22:06 AM,8M5CL,D1D,3,7137360,,,,,,,,,,,,,,,,,,
D543535,233,KJ4AD233WFE2,0,0,0,0,0.011075,0,0.007383,0,0,0.132902,0,0,0,0,0,0.014767,0.003692,,D5435350,PXMG,03/04/2026 3:53:03 PM,BPD454,8M5CL,8M5CL,05/06/2026 8:17:44 PM,8M5CL,D1D,1,7524438,,,,,,,,,,,,,,,,,,
D543535,234,KJ4AD234WFB1,0,0,0,0,0.004208,0,0,0,0,0.226325,0,0,0,0,0.003659,0.003659,0,0,D5435350,PXMG,03/04/2026 3:53:03 PM,BPD454,8M5CL,8M5CL,05/06/2026 7:06:55 PM,8M5CL,D1D,2,7524506,,,,,,,,,,,,,,,,,,
D543540,241,KJ40T241WFG7,0,0,0,0,0.014767,0.003692,0.007383,0,0,0.088601,0,0,0,0.003692,0.003692,0.003692,0,,D5435400,PXMG,03/04/2026 9:29:09 PM,BPD458,8M5CL,8M5CL,05/23/2026 7:15:29 PM,8M5CL,D1D,1,7524917,,,,,,,,,,,,,,,,,,
D543540,256,KJ40T256WFD1,0,0,0,0,0.040252,0.006587,0.007319,0,0,0.228337,0,0,0,0,0.006587,0.029274,0,0,D5435400,PXMG,03/04/2026 9:29:09 PM,BPD458,8M5CL,8M5CL,05/24/2026 1:00:54 AM,8M5CL,D1D,2,7524996,,,,,,,,,,,,,,,,,,
D543569,203,A1SUA203SLB7,0,0,0,0,0.003692,0.007383,0,0,0,0.19197,0,0,0,0,0,0.003692,0,0,D5435690S,PXMG,03/01/2026 12:51:40 PM,BPD450,8M5CL,8M5CL,05/17/2026 10:47:51 AM,8M5CL,D1D,1,8192621,,,,,,,,,,,,,,,,,,
D543569,205,A1SUA205SLD0,0.003692,0,0,0,0,0.007383,0.011998,0,0,0.224272,0,0.003692,0,0.003692,0.007383,0.007383,0.003692,0,D5435690S,PXMG,03/01/2026 12:51:40 PM,BPD450,8M5CL,8M5CL,06/30/2026 1:19:51 PM,8M5CL,D1D,2,8192660,,,,,,,,,,,,,,,,,,
D543569,208,A1SUA208SLB0,0,0,0,0,0,0.034667,0.003852,0,0,0.180478,0,0,0,0.004025,0,0.003852,0,0,D5435690S,PXMG,03/01/2026 12:51:40 PM,BPD450,8M5CL,8M5CL,05/17/2026 12:38:02 PM,8M5CL,D1D,3,8192671,,,,,,,,,,,,,,,,,,
D543569,211,A1SUA211SLF2,0.022335,0,0,0.003692,0.003692,0.011075,0,0,0,0.232394,0,0,0,0,0.003692,0,0.003692,0,D5435690S,PXMG,03/01/2026 12:51:40 PM,BPD450,8M5CL,8M5CL,05/17/2026 11:55:48 AM,8M5CL,D1D,4,8192619,,,,,,,,,,,,,,,,,,
D542435,99,KJ39G099WFE2,0,0,0,0,0,0.003692,0,0,0,0.169819,0,0,0,0,0,0,0,,D5424350,PXMG,03/01/2026 2:30:42 AM,BPD448,8M5CL,8M5CL,05/17/2026 10:24:35 AM,8M5CL,D1D,1,7484852,,,,,,,,,,,,,,,,,,
D542435,145,KJ39G145WFA6,0,0,0,0,0.003692,0.003692,0.003692,0,0,0.136594,0,0,0,0.007383,0.003692,0.007383,0,,D5424350,PXMG,03/01/2026 2:30:42 AM,BPD448,8M5CL,8M5CL,05/17/2026 8:37:50 AM,8M5CL,D1D,2,7484679,,,,,,,,,,,,,,,,,,
D546334,41,A24QC041SLD0,0.02215,0,0,0,0,0,0,0,0,0.103368,0,0,0,0.011075,0,0.007383,0.003692,,D5463340,PXMG,03/01/2026 4:04:34 AM,BPD442,8M5CL,8M5CL,07/02/2026 8:37:12 PM,8M5CL,D1D,1,7636459,,,,,,,,,,,,,,,,,,
D546334,42,A24QC042SLH2,0,0,0,0,0,0,0.003659,0,0,0.0988,0,0,0,0,0,0.007319,0,,D5463340,PXMG,03/01/2026 4:04:34 AM,BPD442,8M5CL,8M5CL,05/04/2026 3:04:16 AM,8M5CL,D1D,2,7636550,,,,,,,,,,,,,,,,,,
D543569,201,A1SUA201SLA6,0.003692,0,0,0,0,0.003692,0,0,0,0.118135,0,0,0,0.003692,0,0.003692,0,,D5435690,PXMG,03/01/2026 8:17:06 AM,BPD448,8M5CL,8M5CL,06/30/2026 1:18:08 PM,8M5CL,D1D,1,7528771,,,,,,,,,,,,,,,,,,
D543569,202,A1SUA202SLF0,0,0,0,0,0,0.003659,0,0,0,0.142711,0,0,0,0,0,0.010978,0,,D5435690,PXMG,03/01/2026 8:17:06 AM,BPD448,8M5CL,8M5CL,04/08/2026 2:13:33 PM,8M5CL,D1D,2,7528903,,,,,,,,,,,,,,,,,,
D542435,150,KJ39G150WFG1,0,0,0.003659,0,0,0.007319,0.010978,0,0,0.230533,0,0,0,0,0.003659,0.007319,0.003659,0,D5424350V,PXMG,03/01/2026 2:35:53 AM,BPD450,8M5CL,8M5CL,05/17/2026 3:14:03 AM,8M5CL,D1D,1,8190573,,,,,,,,,,,,,,,,,,
D542435,200,KJ39G200WFE7,0,0,0,0,0.003659,0,0.003659,0,0,0.135392,0,0,0,0,0.003659,0.010978,0,,D5424350V,PXMG,03/01/2026 2:35:53 AM,BPD450,8M5CL,8M5CL,05/17/2026 2:04:52 AM,8M5CL,D1D,2,8190560,,,,,,,,,,,,,,,,,,
D542435,292,KJ3LD292WFG4,0,0,0,0,0.003659,0,0.003659,0,0,0.120755,0,0,0,0,0.003659,0.010978,0,,D5424350V,PXMG,03/01/2026 2:35:53 AM,BPD450,8M5CL,8M5CL,05/17/2026 5:50:37 AM,8M5CL,D1D,3,8190536,,,,,,,,,,,,,,,,,,
D542435,315,KJ3LD315WFE4,0,0,0,0,0.007383,0.003692,0,0,0,0.118135,0,0,0,0.003692,0,0.011075,0,,D5424350V,PXMG,03/01/2026 2:35:53 AM,BPD450,8M5CL,8M5CL,05/17/2026 8:34:41 AM,8M5CL,D1D,4,8190500,,,,,,,,,,,,,,,,,,
D531147,17,A11E2017SLD5,0,0,0,0,0.018046,0,0.007218,0,0,0.230986,0,0,0,0,0,0.010827,0.003609,,D5311470,PNCB,03/02/2026 12:17:51 AM,BPD432,8M5CL,8M5CL,05/07/2026 3:12:13 AM,8M5CL,D1D,1,7111973,,,,,,,,,,,,,,,,,,
D531147,118,A10HY118SLG5,0,0,0,0,0.010751,0,0.010751,0,0,0.215014,0,0,0,0.003584,0,0.007167,0,,D5311470,PNCB,03/02/2026 12:17:51 AM,BPD432,8M5CL,8M5CL,05/07/2026 8:43:34 PM,8M5CL,D1D,2,7111971,,,,,,,,,,,,,,,,,,
D542474,43,A20HR043SLE6,0,0.003692,0,0,0.006461,0,0.011075,0,0,0.248269,0,0,0,0,0,0.014767,0.003692,0,D5424740,PXMG,03/07/2026 10:51:37 PM,BPD454,8M5CL,8M5CL,05/02/2026 5:37:06 PM,8M5CL,D1D,1,7491832,,,,,,,,,,,,,,,,,,
D542474,111,A20X4111SLD7,0,0,0,0,0.010521,0,0.003692,0,0,0.215228,0,0,0,0.003692,0.00683,0.014767,0,0,D5424740,PXMG,03/07/2026 10:51:37 PM,BPD454,8M5CL,8M5CL,05/03/2026 12:47:43 PM,8M5CL,D1D,2,7491881,,,,,,,,,,,,,,,,,,
D542487,204,GT1WK204JKD6,0.006038,0,0,0,0,0.003659,0,0,0,0.370865,0,0,0,0,0,0.003659,0,0,D5424870,PXMG,03/13/2026 7:27:56 AM,BPD454,8M5CL,8M5CL,05/23/2026 8:40:23 PM,8M5CL,D1D,1,7495885,,,,,,,,,,,,,,,,,,
D542487,205,GT1WK205JKA5,0,0,0,0,0,0,0,0,0,0.217812,0,0,0,0.003692,0,0,0,0,D5424870,PXMG,03/13/2026 7:27:56 AM,BPD454,8M5CL,8M5CL,05/24/2026 12:52:52 AM,8M5CL,D1D,2,7495837,,,,,,,,,,,,,,,,,,
D521916,153,GK2VC153JKB6,0.003609,0,0,0,0.010827,0,0.007218,0,0,0.209331,0,0,0,0.007218,0,0.028873,0,,D5219160,PNCB,03/14/2026 7:31:44 AM,BPD448,8M5CL,8M5CL,06/07/2026 6:20:57 AM,8M5CL,D1D,1,6762862,,,,,,,,,,,,,,,,,,
D521916,326,GK2VC326JKG5,0,0,0,0,0.003584,0.003584,0,0,0,0.218597,0,0,0,0,0,0.003584,0.003584,,D5219160,PNCB,03/14/2026 7:31:44 AM,BPD448,8M5CL,8M5CL,06/08/2026 6:34:12 AM,8M5CL,D1D,2,6762806,,,,,,,,,,,,,,,,,,
D545179,243,KJ4YW243WFG6,0,0,0,0,0.011075,0,0,0,0,0.162436,0,0,0,0.003692,0,0,0,,D5451790,PXMG,03/12/2026 5:44:33 PM,BPD454,8M5CL,8M5CL,07/02/2026 3:52:12 AM,8M5CL,D1D,1,7591372,,,,,,,,,,,,,,,,,,
D545179,244,KJ4YW244WFD5,0,0,0,0,0.003659,0,0,0,0,0.153689,0,0,0,0,0,0.007319,0,,D5451790,PXMG,03/12/2026 5:44:33 PM,BPD454,8M5CL,8M5CL,04/08/2026 2:11:18 PM,8M5CL,D1D,2,7591354,,,,,,,,,,,,,,,,,,
D541E7P,139,A21PM139SLE5,0,0,0,0,0,0,0,0,0,0.56594,0,0,0,0,0,0,0,,D541E7PA,X78E,03/11/2026 11:49:46 PM,BPD450,8M5CL,8M5CL,04/08/2026 2:11:30 PM,8M5CL,D1D,1,7705043,,,,,,,,,,,,,,,,,,
D541E7P,144,A20V6144SLC6,0,0,0,0,0,0,0,0,0,0.564194,0,0,0,0,0,0,0,,D541E7PA,X78E,03/11/2026 11:49:46 PM,BPD450,8M5CL,8M5CL,05/22/2026 3:30:46 AM,8M5CL,D1D,2,7705065,,,,,,,,,,,,,,,,,,
D541E7P,146,A20V6146SLD7,0,0,0,0,0,0,0,0,0,0.379645,0,0,0,0.005273,0,0.005273,0.005273,,D541E7PA,X78E,03/11/2026 11:49:46 PM,BPD450,8M5CL,8M5CL,04/08/2026 2:11:24 PM,8M5CL,D1D,3,7705028,,,,,,,,,,,,,,,,,,
D542EAR,86,KJ40Y086WFF4,0,0,0,0,0,0.005273,0,0,0,0.379645,0,0,0,0,0,0.005273,0,,D542EAR0,X78E,03/11/2026 8:59:16 PM,BPD442,8M5CL,8M5CL,04/08/2026 2:11:28 PM,8M5CL,D1D,1,7514323,,,,,,,,,,,,,,,,,,
D542EAR,106,KJ40Y106WFF4,0,0,0,0,0,0.005273,0,0,0,0.348008,0,0,0,0.005273,0,0,0,,D542EAR0,X78E,03/11/2026 8:59:16 PM,BPD442,8M5CL,8M5CL,05/29/2026 6:42:12 AM,8M5CL,D1D,2,7514340,,,,,,,,,,,,,,,,,,
D542EAR,109,KJ40Y109WFD4,0,0,0,0,0,0,0,0,0,0.439,0,0,0,0,0,0,0,,D542EAR0,X78E,03/11/2026 8:59:16 PM,BPD442,8M5CL,8M5CL,04/08/2026 2:11:21 PM,8M5CL,D1D,3,7514290,,,,,,,,,,,,,,,,,,
D532268,27,A1YP9027SLA6,0,0,0.004034,0,0.004034,0.244762,0,0,0.004034,0.315618,0,0,0,0.004034,0.003709,0,0.008068,0,D5322680,PNCB,03/11/2026 1:31:48 AM,BPD448,8M5CL,8M5CL,05/27/2026 9:15:40 AM,8M5CL,D1D,1,7147835,,,,,,,,,,,,,,,,,,
D532268,28,A1YP9028SLF0,0.003584,0,0,0,0,0.003584,0.003584,0,0,0.21143,0,0,0,0,0,0.003584,0,,D5322680,PNCB,03/11/2026 1:31:48 AM,BPD448,8M5CL,8M5CL,05/27/2026 1:10:49 AM,8M5CL,D1D,2,7147839,,,,,,,,,,,,,,,,,,
D532268,31,A1YP9031SLB7,0,0,0,0,0,0.018046,0.003609,0,0,0.364525,0,0,0,0.003609,0,0.003609,0,0,D5322680,PNCB,03/11/2026 1:31:48 AM,BPD448,8M5CL,8M5CL,05/26/2026 11:09:07 PM,8M5CL,D1D,3,7147924,,,,,,,,,,,,,,,,,,
D532268,32,A1YP9032SLG1,0,0,0,0,0,0.039419,0,0,0,0.193512,0,0,0,0.003584,0,0.003584,0.007167,,D5322680,PNCB,03/11/2026 1:31:48 AM,BPD448,8M5CL,8M5CL,05/26/2026 1:43:44 PM,8M5CL,D1D,4,7148039,,,,,,,,,,,,,,,,,,
D544622,349,KJ3ND349WFE1,0,0,0,0,0.011075,0,0.003692,0,0,0.158744,0,0,0,0,0.003692,0.011075,0,0,D5446220,PXMG,03/11/2026 7:31:48 AM,BPD432,8M5CL,8M5CL,07/02/2026 7:20:53 AM,8M5CL,D1D,1,7569725,,,,,,,,,,,,,,,,,,
D544622,386,KJ3ND386WFC0,0,0,0,0,0,0,0,0,0,1.160935,0,0.048372,0,0,0,0,0,,D5446220,PXMG,03/11/2026 7:31:48 AM,BPD432,8M5CL,8M5CL,07/02/2026 7:20:07 AM,8M5CL,D1D,2,7569645,,,,,,,,,,,,,,,,,,
D547404,401,GT2RM401JKG3,0,0,0,0,0.003609,0,0,0,0,0.140757,0,0,0,0,0.003609,0.007218,0,,D5474040,PNCB,03/09/2026 2:37:24 AM,BPD458,8M5CL,8M5CL,05/07/2026 5:46:01 AM,8M5CL,D1D,1,7668781,,,,,,,,,,,,,,,,,,
D547404,402,GT2RM402JKD2,0,0,0,0,0,0.003584,0,0,0,0.164844,0,0,0,0.003584,0,0.003584,0,,D5474040,PNCB,03/09/2026 2:37:24 AM,BPD458,8M5CL,8M5CL,05/07/2026 6:02:45 AM,8M5CL,D1D,2,7668727,,,,,,,,,,,,,,,,,,
D542473,254,GT1WK254JKE1,0.003659,0,0,0,0.007319,0.007319,0,0,0,0.091481,0,0,0,0.003659,0,0.018296,0,,D5424730,PXMG,03/14/2026 9:01:50 AM,BPD436,8M5CL,8M5CL,05/20/2026 12:42:16 PM,8M5CL,D1D,1,7491744,,,,,,,,,,,,,,,,,,
D542473,255,GT1WK255JKB0,0.003692,0,0,0,0.033226,0.009414,0.011075,0,0,0.189939,0,0,0,0.014767,0,0.007383,0,0,D5424730,PXMG,03/14/2026 9:01:50 AM,BPD436,8M5CL,8M5CL,04/08/2026 2:10:53 PM,8M5CL,D1D,2,7491709,,,,,,,,,,,,,,,,,,
D528E9N,560,KHWJK560WFB2,0,0,0,0,0,0.006592,0.007581,0,0,0.302249,0,0,0,0.006592,0.006592,0.032961,0,0,D528E9N0,X78D,03/17/2026 4:18:18 PM,BPD450,8M5CL,8M5CL,04/18/2026 9:45:27 PM,8M5CL,D1D,1,7026610,,,,,,,,,,,,,,,,,,
D528E9N,594,KHWJG594WFA6,0,0,0,0,0,0,0.006592,0,0,0.21754,0,0,0,0,0.006592,0.006592,0,,D528E9N0,X78D,03/17/2026 4:18:18 PM,BPD450,8M5CL,8M5CL,04/19/2026 4:44:23 AM,8M5CL,D1D,2,7026652,,,,,,,,,,,,,,,,,,
D528E9N,632,KHWJG632WFB2,0.006592,0,0,0,0,0.006592,0,0.006592,0,0.177988,0,0,0,0,0.013184,0.032961,0.006592,,D528E9N0,X78D,03/17/2026 4:18:18 PM,BPD450,8M5CL,8M5CL,04/18/2026 12:26:37 PM,8M5CL,D1D,3,7026700,,,,,,,,,,,,,,,,,,
D528E9N,680,KHWJG680WFA4,0,0,0,0,0,0,0,0,0,0.369159,0,0,0,0,0.006592,0.013184,0,0,D528E9N0,X78D,03/17/2026 4:18:18 PM,BPD450,8M5CL,8M5CL,04/19/2026 3:10:54 PM,8M5CL,D1D,4,7026688,,,,,,,,,,,,,,,,,,
D528E9N,747,KHWJK747WFF4,0,0,0,0,0.013182,0,0,0,0,0.177961,0,0,0,0,0.006591,0.006591,0,,D528E9N0,X78D,03/17/2026 4:18:18 PM,BPD450,8M5CL,8M5CL,04/19/2026 12:43:06 AM,8M5CL,D1D,5,7026676,,,,,,,,,,,,,,,,,,
D528E9N,864,KHWJG864WFG6,0.013184,0,0,0,0,0.006592,0,0,0,0.296646,0,0,0,0.006592,0.006592,0.026369,0,0,D528E9N0,X78D,03/17/2026 4:18:18 PM,BPD450,8M5CL,8M5CL,04/18/2026 10:24:28 AM,8M5CL,D1D,6,7026732,,,,,,,,,,,,,,,,,,
D543547,84,A21SR084SLC7,0,0,0,0,0,0.037638,0,0.007319,0,0.240465,0,0,0,0,0,0.007319,0.003659,0,D5435470,PXMG,03/25/2026 9:50:12 PM,BPD444,8M5CL,8M5CL,06/08/2026 12:55:30 PM,8M5CL,D1D,1,7525803,,,,,,,,,,,,,,,,,,
D543547,85,A21SR085SLH1,0,0,0,0,0,0,0.003692,0,0,0.228887,0,0,0,0.011075,0,0.02215,0,,D5435470,PXMG,03/25/2026 9:50:12 PM,BPD444,8M5CL,8M5CL,06/07/2026 6:08:33 AM,8M5CL,D1D,2,7525680,,,,,,,,,,,,,,,,,,
D545177,97,KJ57R097WFF0,0,0,0,0,0.02215,0.007383,0.011075,0,0,0.210428,0.003692,0,0,0.007383,0,0.007383,0,,D5451770,PXMG,03/25/2026 9:01:38 AM,BPD444,8M5CL,8M5CL,07/14/2026 9:10:55 AM,8M5CL,D1D,1,7591148,,,,,,,,,,,,,,,,,,
D545177,165,KJ57R165WFE2,0.004615,0,0,0,0.004615,0.003692,0,0,0,0.281494,0,0,0,0.007383,0.003692,0,0.004615,0,D5451770,PXMG,03/25/2026 9:01:38 AM,BPD444,8M5CL,8M5CL,07/27/2026 12:55:11 PM,8M5CL,D1D,2,7591211,,,,,,,,,,,,,,,,,,
D545180,20,KJ51H020WFD1,0,0,0,0,0,0,0,0,0,0.120755,0,0,0,0,0,0.003659,0.003659,,D5451800,PXMG,03/22/2026 8:49:24 AM,BPD442,8M5CL,8M5CL,06/07/2026 2:49:40 PM,8M5CL,D1D,1,7591359,,,,,,,,,,,,,,,,,,
D545180,36,KJ51H036WFD5,0,0,0,0,0.003659,0,0.003659,0,0,0.201259,0,0,0,0,0,0.018296,0,,D5451800,PXMG,03/22/2026 8:49:24 AM,BPD442,8M5CL,8M5CL,06/10/2026 2:06:10 PM,8M5CL,D1D,2,7591422,,,,,,,,,,,,,,,,,,
D528922,221,KHW9R221WFA6,0,0,0,0,0.003609,0.007218,0,0,0,0.202113,0,0,0,0.007218,0,0.003609,0,,D5289220,PNCB,03/23/2026 4:14:11 AM,BPD432,8M5CL,8M5CL,07/08/2026 4:37:43 PM,8M5CL,D1D,1,7019701,,,,,,,,,,,,,,,,,,
D528922,251,KHW9R251WFG7,0,0,0,0,0.003609,0,0.003609,0,0,0.227377,0,0,0,0,0,0.003609,0,,D5289220,PNCB,03/23/2026 4:14:11 AM,BPD432,8M5CL,8M5CL,07/08/2026 8:57:42 PM,8M5CL,D1D,2,7019646,,,,,,,,,,,,,,,,,,
D528922,268,KHW9R268WFE2,0,0,0,0,0.003584,0,0.003584,0,0,0.197096,0,0,0,0,0,0,0,,D5289220,PNCB,03/23/2026 4:14:11 AM,BPD432,8M5CL,8M5CL,07/08/2026 10:07:14 PM,8M5CL,D1D,3,7019655,,,,,,,,,,,,,,,,,,
D528922,270,KHW9R270WFE2,0,0,0,0,0.007167,0,0,0,0,0.236515,0,0,0,0.010751,0,0.010751,0,,D5289220,PNCB,03/23/2026 4:14:11 AM,BPD432,8M5CL,8M5CL,07/08/2026 5:09:41 PM,8M5CL,D1D,4,7019727,,,,,,,,,,,,,,,,,,
D542457,314,GT0MD314JKC3,0,0,0,0,0.003659,0,0.007319,0,0,0.230533,0,0,0,0.007319,0.003659,0.014637,0,0,D5424570,PXMG,04/03/2026 3:58:47 AM,BPD454,8M5CL,8M5CL,07/14/2026 9:28:32 AM,8M5CL,D1D,1,7490097,,,,,,,,,,,,,,,,,,
D542457,315,GT0MD315JKG5,0,0,0,0,0,0.007383,0,0,0,0.251037,0,0,0,0.003692,0.003692,0.007383,0,0,D5424570,PXMG,04/03/2026 3:58:47 AM,BPD454,8M5CL,8M5CL,07/27/2026 11:09:57 AM,8M5CL,D1D,2,7490096,,,,,,,,,,,,,,,,,,
D543561,730,GS4VS730JKB2,0,0.003659,0,0,0.003659,0.066232,0,0,0,0.189915,0,0,0,0.014637,0,0.007319,0,0,D5435610,PXMG,04/03/2026 1:23:37 AM,BPD450,8M5CL,8M5CL,06/22/2026 8:43:33 AM,8M5CL,D1D,1,7526959,,,,,,,,,,,,,,,,,,
D543561,751,GS4VS751JKH1,0,0,0,0,0,0.011075,0.003692,0,0,0.162436,0,0,0,0.003692,0,0.02215,0,,D5435610,PXMG,04/03/2026 1:23:37 AM,BPD450,8M5CL,8M5CL,07/27/2026 12:49:33 PM,8M5CL,D1D,2,7527030,,,,,,,,,,,,,,,,,,
D545176,250,KJ4YU250WFF1,0,0.003659,0,0,0.019394,0,0.004757,0,0,0.177108,0,0,0,0,0,0.003659,0,0,D5451760,PXMG,04/01/2026 5:23:26 AM,BPD450,8M5CL,8M5CL,06/08/2026 4:04:41 AM,8M5CL,D1D,1,7591150,,,,,,,,,,,,,,,,,,
D545176,265,KJ4YU265WFB3,0,0,0,0,0.014767,0,0,0,0,0.140286,0,0,0,0,0,0,0,,D5451760,PXMG,04/01/2026 5:23:26 AM,BPD450,8M5CL,8M5CL,06/09/2026 12:53:32 PM,8M5CL,D1D,2,7591215,,,,,,,,,,,,,,,,,,
D505967,685,GM3PQ685JKB5,0,0,0,0,0,0,0.003692,0,0,0.136594,0,0,0,0,0.007383,0.003692,0.003692,,D5059670,PXMG,03/30/2026 9:43:36 AM,BPD450,8M5CL,8M5CL,04/08/2026 2:07:59 PM,8M5CL,D1D,1,6180631,,,,,,,,,,,,,,,,,,
D505967,686,GM3PQ686JKF7,0,0,0,0,0,0.007319,0,0,0,0.153689,0,0,0,0.003659,0,0,0,,D5059670,PXMG,03/30/2026 9:43:36 AM,BPD450,8M5CL,8M5CL,04/08/2026 2:08:02 PM,8M5CL,D1D,2,6180708,,,,,,,,,,,,,,,,,,
D529514,66,A11E2066SLH1,0,0,0,0,0,0,0.003584,0,0,0.21143,0,0,0,0,0,0.017918,0,,D5295140,PNCB,03/30/2026 4:38:47 PM,BPD448,8M5CL,8M5CL,06/17/2026 11:24:37 PM,8M5CL,D1D,1,7039191,,,,,,,,,,,,,,,,,,
D529514,71,A11FV071SLG7,0,0,0,0,0,0.003609,0,0,0,0.162412,0,0.010827,0,0,0.003609,0.025264,0,,D5295140,PNCB,03/30/2026 4:38:47 PM,BPD448,8M5CL,8M5CL,06/19/2026 6:40:56 PM,8M5CL,D1D,2,7039139,,,,,,,,,,,,,,,,,,
D535523,811,GP8YG811JKG7,0,0,0,0,0.003609,0.007218,0,0,0,0.21294,0,0,0,0.007218,0,0.007218,0,,D5355230,PNCB,03/29/2026 10:46:14 AM,BPD442,8M5CL,8M5CL,06/07/2026 9:11:20 PM,8M5CL,D1D,1,7250665,,,,,,,,,,,,,,,,,,
D535523,812,GP8YG812JKD6,0.003584,0,0,0,0,0.003584,0,0,0,0.193512,0,0,0,0,0,0.021501,0.003584,,D5355230,PNCB,03/29/2026 10:46:14 AM,BPD442,8M5CL,8M5CL,06/07/2026 8:55:20 PM,8M5CL,D1D,2,7250662,,,,,,,,,,,,,,,,,,
D543539,16,KJ39G016WFH1,0,0,0,0,0.003659,0.007319,0.007319,0,0,0.117096,0,0,0,0.007319,0,0.040252,0,,D5435390,PXMG,04/05/2026 10:28:20 PM,BPD454,8M5CL,8M5CL,06/18/2026 10:01:03 AM,8M5CL,D1D,1,7524746,,,,,,,,,,,,,,,,,,
D543539,21,KJ39G021WFF1,0,0,0,0,0.003692,0,0.003692,0,0,0.103368,0,0,0,0.011075,0.003692,0.033226,0,,D5435390,PXMG,04/05/2026 10:28:20 PM,BPD454,8M5CL,8M5CL,06/18/2026 7:02:40 AM,8M5CL,D1D,2,7524703,,,,,,,,,,,,,,,,,,
D522979,98,MC6XG098WAA6,0,0,0,0,0.003584,0,0,0,0,0.218597,0,0,0,0.003584,0,0,0,,D5229790,PNCB,04/11/2026 7:10:59 AM,BPD432,8M5CL,8M5CL,07/03/2026 4:08:07 AM,8M5CL,D1D,1,6799063,,,,,,,,,,,,,,,,,,
D522979,116,MC6XG116WAH0,0,0,0,0,0.003584,0.004,0,0,0,0.328021,0,0,0,0.004,0.004,0.004,0,0,D5229790,PNCB,04/11/2026 7:10:59 AM,BPD432,8M5CL,8M5CL,07/12/2026 8:18:30 AM,8M5CL,D1D,2,6799018,,,,,,,,,,,,,,,,,,
D541E7M,605,GR8SP605JKH0,0,0,0,0,0.00725,0.006591,0,0,0,0.328898,0,0,0,0.013182,0,0.006591,0,0,D541E7M0,X78D,04/17/2026 9:48:06 PM,BPD442,8M5CL,8M5CL,04/19/2026 7:34:07 AM,8M5CL,D1D,1,7477510,,,,,,,,,,,,,,,,,,
D541E7M,607,GR8SP607JKA6,0,0,0,0,0.00758,0,0,0,0,0.289021,0,0,0,0,0,0,0,0,D541E7M0,X78D,04/17/2026 9:48:06 PM,BPD442,8M5CL,8M5CL,04/19/2026 7:34:19 AM,8M5CL,D1D,2,7477571,,,,,,,,,,,,,,,,,,
D541E7M,933,GR8SP933JKC0,0,0,0,0,0,0,0.006591,0,0,0.184552,0,0.006591,0,0.006591,0,0.006591,0,,D541E7M0,X78D,04/17/2026 9:48:06 PM,BPD442,8M5CL,8M5CL,04/19/2026 7:33:52 AM,8M5CL,D1D,3,7477609,,,,,,,,,,,,,,,,,,
D541E7M,934,GR8SP934JKG2,0,0,0,0,0,0,0,0,0,0.171395,0,0,0,0.006592,0,0.006592,0,,D541E7M0,X78D,04/17/2026 9:48:06 PM,BPD442,8M5CL,8M5CL,04/19/2026 7:33:36 AM,8M5CL,D1D,4,7477585,,,,,,,,,,,,,,,,,,
D541E7M,937,GR8SP937JKE2,0,0,0,0,0.006591,0,0.006591,0,0,0.296601,0,0,0,0,0,0,0,,D541E7M0,X78D,04/17/2026 9:48:06 PM,BPD442,8M5CL,8M5CL,04/19/2026 7:33:45 AM,8M5CL,D1D,5,7477619,,,,,,,,,,,,,,,,,,
D541E7M,938,GR8SP938JKB1,0,0,0,0,0,0.006592,0,0,0,0.283462,0,0,0,0,0,0,0,,D541E7M0,X78D,04/17/2026 9:48:06 PM,BPD442,8M5CL,8M5CL,04/19/2026 7:34:06 AM,8M5CL,D1D,6,7477462,,,,,,,,,,,,,,,,,,
D541E7M,939,GR8SP939JKF3,0,0,0,0,0,0.006591,0,0,0,0.269907,0,0,0,0,0,0.006921,0,0,D541E7M0,X78D,04/17/2026 9:48:06 PM,BPD442,8M5CL,8M5CL,04/19/2026 7:33:54 AM,8M5CL,D1D,7,7477635,,,,,,,,,,,,,,,,,,
D541E7M,954,GR8SP954JKA4,0,0,0,0,0.013531,0.013184,0,0,0,0.283115,0,0,0,0.006592,0,0,0,0,D541E7M0,X78D,04/17/2026 9:48:06 PM,BPD442,8M5CL,8M5CL,04/19/2026 7:34:16 AM,8M5CL,D1D,8,7477581,,,,,,,,,,,,,,,,,,
D545EK5,135,KJ57R135WFF4,0,0,0,0,0,0.037024,0,0,0,0.682301,0,0,0,0,0,0.021157,0,,D545EK5A,X78E,04/20/2026 6:13:29 AM,BPD436,8M5CL,8M5CL,06/03/2026 1:00:02 AM,8M5CL,D1D,1,8137427,,,,,,,,,,,,,,,,,,
D545EK5,145,KJ57R145WFC5,0,0,0,0,0.005289,0.005289,0,0,0,0.893868,0,0,0,0.005289,0.052892,0.010578,0,,D545EK5A,X78E,04/20/2026 6:13:29 AM,BPD436,8M5CL,8M5CL,04/20/2026 8:17:41 AM,8M5CL,D1D,2,8137424,,,,,,,,,,,,,,,,,,
D511303,561,GM9ZG561JKG5,0,0,0,0,0.007218,0.003609,0.010827,0,0,0.238204,0,0,0,0,0,0.028873,0,,D511303A,PNCB,05/08/2026 9:15:18 AM,BPD442,8M5CL,8M5CL,05/10/2026 7:40:11 AM,8M5CL,D1D,1,8422572,,,,,,,,,,,,,,,,,,
D511303,652,GM9ZG652JKF4,0,0,0,0,0,0,0,0,0,0.21143,0,0,0,0,0,0.003584,0.003584,,D511303A,PNCB,05/08/2026 9:15:18 AM,BPD442,8M5CL,8M5CL,05/10/2026 7:40:21 AM,8M5CL,D1D,2,8422482,,,,,,,,,,,,,,,,,,
D511303,654,GM9ZG654JKG5,0,0,0,0,0.017918,0,0.003584,0,0,0.218597,0,0,0,0,0,0.003584,0,,D511303A,PNCB,05/08/2026 9:15:18 AM,BPD442,8M5CL,8M5CL,05/10/2026 7:41:14 AM,8M5CL,D1D,3,8422532,,,,,,,,,,,,,,,,,,
D511303,656,GM9ZG656JKA3,0,0,0,0,0,0,0.003584,0,0,0.21143,0,0,0,0,0,0.007167,0,,D511303A,PNCB,05/08/2026 9:15:18 AM,BPD442,8M5CL,8M5CL,05/10/2026 7:41:27 AM,8M5CL,D1D,4,8422776,,,,,,,,,,,,,,,,,,
D511303,657,GM9ZG657JKE5,0,0,0,0,0.007218,0.003609,0.003609,0,0,0.234595,0,0,0,0,0,0.007218,0.003609,,D511303A,PNCB,05/08/2026 9:15:18 AM,BPD442,8M5CL,8M5CL,05/10/2026 7:39:59 AM,8M5CL,D1D,5,8422667,,,,,,,,,,,,,,,,,,
D511303,658,GM9ZG658JKB4,0,0,0,0,0.007167,0.003584,0.003584,0,0,0.200679,0,0,0,0,0,0.007167,0,,D511303A,PNCB,05/08/2026 9:15:18 AM,BPD442,8M5CL,8M5CL,05/10/2026 7:40:15 AM,8M5CL,D1D,6,8422758,,,,,,,,,,,,,,,,,,
D511303,659,GM9ZG659JKF6,0,0,0,0,0,0,0,0,0,0.227377,0,0,0,0.003609,0,0,0.003609,,D511303A,PNCB,05/08/2026 9:15:18 AM,BPD442,8M5CL,8M5CL,05/10/2026 7:40:03 AM,8M5CL,D1D,7,8422752,,,,,,,,,,,,,,,,,,
D511303,660,GM9ZG660JKB4,0,0,0,0,0.014334,0,0,0,0,0.207847,0,0,0,0.007167,0,0.003584,0,,D511303A,PNCB,05/08/2026 9:15:18 AM,BPD442,8M5CL,8M5CL,05/10/2026 7:41:28 AM,8M5CL,D1D,8,8422552,,,,,,,,,,,,,,,,,,
D511303,661,GM9ZG661JKF6,0,0,0,0,0,0,0,0,0,0.223768,0,0,0,0,0,0.010827,0,,D511303A,PNCB,05/08/2026 9:15:18 AM,BPD442,8M5CL,8M5CL,05/10/2026 7:41:19 AM,8M5CL,D1D,9,8422841,,,,,,,,,,,,,,,,,,
D511303,663,GM9ZG663JKG7,0,0,0,0,0.003609,0,0.003609,0,0,0.274296,0,0,0,0,0,0.014437,0,,D511303A,PNCB,05/08/2026 9:15:18 AM,BPD442,8M5CL,8M5CL,05/10/2026 7:41:35 AM,8M5CL,D1D,10,8422795,,,,,,,,,,,,,,,,,,
D511303,665,GM9ZG665JKA5,0.003609,0,0,0,0.036092,0.007218,0.007218,0,0,0.227377,0,0,0,0.007218,0,0.003609,0.003609,,D511303A,PNCB,05/08/2026 9:15:18 AM,BPD442,8M5CL,8M5CL,05/10/2026 7:40:33 AM,8M5CL,D1D,11,8422562,,,,,,,,,,,,,,,,,,
D511303,666,GM9ZG666JKE7,0,0,0,0,0,0,0,0,0,0.218597,0,0,0,0,0,0,0.003584,,D511303A,PNCB,05/08/2026 9:15:18 AM,BPD442,8M5CL,8M5CL,05/10/2026 7:41:40 AM,8M5CL,D1D,12,8422618,,,,,,,,,,,,,,,,,,
D541930,34,GS4MJ034JKB3,0,0.003659,0,0,0.006221,0,0.007319,0,0.003659,0.302254,0,0,0,0.013539,0,0.010978,0.007319,0,D5419300,PXMG,05/28/2026 8:23:43 PM,BPD436,8M5CL,8M5CL,07/25/2026 12:59:50 AM,8M5CL,D1D,1,7470405,,,,,,,,,,,,,,,,,,
D541930,36,GS4MJ036JKC4,0.021956,0,0,0,0.007319,0.003659,0,0,0.003659,0.24517,0,0,0,0.003659,0,0.003659,0.003659,0,D5419300,PXMG,05/28/2026 8:23:43 PM,BPD436,8M5CL,8M5CL,07/25/2026 2:43:11 PM,8M5CL,D1D,2,7470447,,,,,,,,,,,,,,,,,,
D545903,269,5DWKO269MVE6,0.012736,0,0,0,0,0.003692,0,0,0,0.163913,0,0,0,0.004245,0,0,0,0,D545903A,PXMG,07/05/2026 8:02:25 PM,BPD446,8M5CL,8M5CL,08/12/2026 10:18:11 AM,8M5CL,D1D,1,8830458,,,,,,,,,,,,,,,,,,
D545903,284,5DWKO284MVH2,0.003659,0,0,0,0,0,0,0,0,0.164666,0,0,0,0,0.003659,0.003659,0,,D545903A,PXMG,07/05/2026 8:02:25 PM,BPD446,8M5CL,8M5CL,08/12/2026 10:56:43 AM,8M5CL,D1D,2,8830281,,,,,,,,,,,,,,,,,,
D545903,287,5DWKO287MVF2,0,0,0,0,0,0,0,0,0,0.195415,0,0,0,0,0,0.003938,0,0,D545903A,PXMG,07/05/2026 8:02:25 PM,BPD446,8M5CL,8M5CL,08/12/2026 10:40:59 AM,8M5CL,D1D,3,8830544,,,,,,,,,,,,,,,,,,
D545903,296,5DWKO296MVF4,0.003659,0,0,0,0,0,0,0,0,0.223214,0,0,0,0.003659,0,0.003659,0,,D545903A,PXMG,07/05/2026 8:02:25 PM,BPD446,8M5CL,8M5CL,08/12/2026 10:02:28 AM,8M5CL,D1D,4,8830220,,,,,,,,,,,,,,,,,,
D531193,466,GQ1KC466JKF1,0.007319,0,0,0,0,0.003659,0.003659,0,0,0.267308,0,0.007319,0.010978,0,0,0.021773,0.007319,0,D5311930B,PXMG,07/14/2026 5:43:31 PM,BPD454,8M5CL,8M5CL,08/07/2026 10:59:52 AM,8M5CL,D1D,1,8420825,,,,,,,,,,,,,,,,,,
D531193,470,GQ1KC470JKG2,0,0,0,0,0,0,0,0,0.003659,0.314696,0,0,0,0,0,0.018296,0,0,D5311930B,PXMG,07/14/2026 5:43:31 PM,BPD454,8M5CL,8M5CL,08/07/2026 10:59:45 AM,8M5CL,D1D,2,8420809,,,,,,,,,,,,,,,,,,
D618169,855,HM8CM855JKB4,0,0,0,0,0,0,0,0,0,0.277905,0,0,0,0.007218,0,0,0,,D6181690,PNCB,07/17/2026 5:19:23 AM,BPD446,8M5CL,8M5CL,07/17/2026 8:17:37 AM,8M5CL,D1D,1,8512581,,,,,,,,,,,,,,,,,,
D618169,856,HM8CM856JKF6,0,0,0,0,0.003584,0,0,0,0,0.207847,0,0,0,0,0,0.021501,0,,D6181690,PNCB,07/17/2026 5:19:23 AM,BPD446,8M5CL,8M5CL,07/17/2026 8:18:18 AM,8M5CL,D1D,2,8512579,,,,,,,,,,,,,,,,,,
D618169,859,HM8CM859JKD6,0,0,0,0,0,0,0,0,0,0.238204,0,0,0,0.007218,0,0.003609,0,,D6181690,PNCB,07/17/2026 5:19:23 AM,BPD446,8M5CL,8M5CL,07/17/2026 8:14:53 AM,8M5CL,D1D,3,8512640,,,,,,,,,,,,,,,,,,
D618169,860,HM8CM860JKG7,0,0,0,0,0,0.003584,0,0,0,0.222181,0,0,0,0,0,0,0,,D6181690,PNCB,07/17/2026 5:19:23 AM,BPD446,8M5CL,8M5CL,07/17/2026 8:18:08 AM,8M5CL,D1D,4,8512663,,,,,,,,,,,,,,,,,,
D618210,340,MCQJT340WAG6,0,0.003659,0,0,0.003659,0.003659,0.003659,0,0,0.142711,0,0,0,0.014637,0,0.010978,0,,D6182100,PXMG,07/17/2026 11:33:18 PM,BPD446,8M5CL,8M5CL,08/07/2026 10:59:57 AM,8M5CL,D1D,1,8524654,,,,,,,,,,,,,,,,,,
D618210,343,MCQJT343WAE6,0,0,0,0,0.011075,0.003692,0.003692,0,0,0.147669,0,0,0,0,0,0.033226,0,,D6182100,PXMG,07/17/2026 11:33:18 PM,BPD446,8M5CL,8M5CL,08/07/2026 10:59:39 AM,8M5CL,D1D,2,8524698,,,,,,,,,,,,,,,,,,
D618210,344,MCQJT344WAB5,0.003659,0.003659,0,0,0.007319,0,0,0,0,0.326039,0,0,0,0.003659,0,0.028908,0,0,D6182100,PXMG,07/17/2026 11:33:18 PM,BPD446,8M5CL,8M5CL,08/07/2026 10:59:55 AM,8M5CL,D1D,3,8524771,,,,,,,,,,,,,,,,,,
D618210,355,MCQJT355WAD0,0,0,0,0,0.007383,0.013106,0,0,0,0.300691,0,0,0,0.007383,0.003692,0.007383,0,0,D6182100,PXMG,07/17/2026 11:33:18 PM,BPD446,8M5CL,8M5CL,08/07/2026 10:59:45 AM,8M5CL,D1D,4,8524756,,,,,,,,,,,,,,,,,,
D618205,5,MCQAF005WAC4,0.003692,0,0,0,0,0,0.003692,0,0,0.136594,0,0,0,0.011075,0,0.02215,0,,D6182050,PXMG,07/25/2026 8:12:24 PM,BPD436,8M5CL,8M5CL,08/07/2026 10:59:34 AM,8M5CL,D1D,1,8524357,,,,,,,,,,,,,,,,,,
D618205,12,MCQAF012WAB5,0,0,0,0,0.007319,0.003659,0.007319,0,0,0.139052,0.003659,0,0,0.029274,0,0.036593,0,,D6182050,PXMG,07/25/2026 8:12:24 PM,BPD436,8M5CL,8M5CL,08/07/2026 10:59:14 AM,8M5CL,D1D,2,8524406,,,,,,,,,,,,,,,,,,
D618205,25,MCQAF025WAE1,0,0,0,0,0.007383,0,0.018459,0,0,0.162436,0,0.003692,0,0.018459,0,0.055376,0.003692,,D6182050,PXMG,07/25/2026 8:12:24 PM,BPD436,8M5CL,8M5CL,08/07/2026 10:59:20 AM,8M5CL,D1D,3,8524321,,,,,,,,,,,,,,,,,,
D618205,46,MCQAF046WAC5,0,0,0,0,0,0,0.003659,0,0,0.171985,0,0,0,0.018296,0,0.025615,0.003659,,D6182050,PXMG,07/25/2026 8:12:24 PM,BPD436,8M5CL,8M5CL,08/07/2026 10:59:26 AM,8M5CL,D1D,4,8524333,,,,,,,,,,,,,,,,,,
D618155,630,MCQ7L630WAG0,0,0,0,0,0.003489,0.003489,0.003489,0,0,0.205868,0,0,0,0.006979,0.003489,0.006979,0,,D6181550,PR8B,07/25/2026 2:21:20 AM,BPD458,8M5CL,8M5CL,07/26/2026 8:16:11 AM,8M5CL,D1D,1,8509955,,,,,,,,,,,,,,,,,,
D618155,631,MCQ7L631WAC7,0,0,0,0,0.009742,0,0.003247,0,0,0.181842,0,0,0,0.003247,0,0.009742,0.003247,,D6181550,PR8B,07/25/2026 2:21:20 AM,BPD458,8M5CL,8M5CL,07/26/2026 8:16:06 AM,8M5CL,D1D,2,8509986,,,,,,,,,,,,,,,,,,
D618239,601,HP4KF601JKA4,0,0,0,0,0.011075,0.003692,0,0,0,0.306413,0,0,0,0,0,0.003692,0,0,D6182390,PXMG,07/28/2026 8:53:35 AM,BPD446,8M5CL,8M5CL,08/07/2026 10:59:09 AM,8M5CL,D1D,1,8533432,,,,,,,,,,,,,,,,,,
D618239,604,HP4KF604JKF7,0,0,0.003659,0,0,0.007319,0.018296,0,0,0.457406,0,0,0,0.029274,0,0.175644,0.010978,0,D6182390,PXMG,07/28/2026 8:53:35 AM,BPD446,8M5CL,8M5CL,08/07/2026 10:59:14 AM,8M5CL,D1D,2,8533506,,,,,,,,,,,,,,,,,,
D617643,52,A29Y6052SLD3,0,0,0,0,0,0.007319,0.003659,0.003659,0,0.259075,0,0,0,0,0.020492,0.053425,0.007319,0,D6176430,PXMG,07/30/2026 4:49:26 AM,BPD454,8M5CL,8M5CL,08/07/2026 10:58:55 AM,8M5CL,D1D,1,8487510,,,,,,,,,,,,,,,,,,
D617643,53,A29Y6053SLA2,0,0,0,0,0.003692,0.003692,0.003692,0,0,0.136594,0,0,0,0.007383,0,0.02215,0,,D6176430,PXMG,07/30/2026 4:49:26 AM,BPD454,8M5CL,8M5CL,08/07/2026 10:58:48 AM,8M5CL,D1D,2,8487519,,,,,,,,,,,,,,,,,,
D618178,633,HL4NM633JKD5,0,0,0,0,0.014437,0,0.021655,0,0,0.249032,0,0,0,0.007218,0,0.003609,0,,D6181780,PNCB,08/05/2026 2:46:50 PM,BPD446,8M5CL,8M5CL,08/06/2026 10:46:05 AM,8M5CL,D1D,1,8516323,,,,,,,,,,,,,,,,,,
D618178,637,HL4NM637JKF7,0,0,0,0,0.003609,0,0.003609,0,0,0.245423,0,0,0,0.003609,0,0.007218,0.003609,,D6181780,PNCB,08/05/2026 2:46:50 PM,BPD446,8M5CL,8M5CL,08/06/2026 10:45:59 AM,8M5CL,D1D,2,8516402,,,,,,,,,,,,,,,,,,
D619271,9,A2GFE009SLA2,0,0,0,0,0.003247,0.003247,0,0,0,0.214314,0,0,0,0,0,0.006494,0,,D6192710,PR8B,08/04/2026 5:45:53 PM,BPD436,8M5CL,8M5CL,08/05/2026 7:02:50 AM,8M5CL,D1D,1,8550365,,,,,,,,,,,,,,,,,,
D619271,18,A2GFE018SLA4,0,0,0,0,0.02292,0.00764,0.01146,0,0,0.263579,0,0,0,0,0,0.00764,0.01528,,D6192710,PR8B,08/04/2026 5:45:53 PM,BPD436,8M5CL,8M5CL,08/05/2026 7:02:34 AM,8M5CL,D1D,2,8550363,,,,,,,,,,,,,,,,,,
D618231,2,KJEYG002WFE6,0.003659,0,0,0,0.003659,0.003659,0.003659,0,0,0.450088,0,0.003659,0,0.007319,0,0,0.003659,0,D6182310,PXMG,08/04/2026 7:45:14 AM,BPD454,8M5CL,8M5CL,08/07/2026 10:58:49 AM,8M5CL,D1D,1,8530433,,,,,,,,,,,,,,,,,,
D618231,3,KJE6W003WFF7,0,0,0,0,0,0,0,0,0,0.254729,0,0,0,0.007383,0,0.003692,0,0,D6182310,PXMG,08/04/2026 7:45:14 AM,BPD454,8M5CL,8M5CL,08/07/2026 10:59:04 AM,8M5CL,D1D,2,8530424,,,,,,,,,,,,,,,,,,
D619289,825,KJFMM825WFC3,0,0,0,0,0,0.003609,0,0,0,0.303169,0,0,0,0,0.007218,0,0.007218,,D6192890,PNCB,08/02/2026 2:25:34 PM,BPD436,8M5CL,8M5CL,08/03/2026 9:36:49 AM,8M5CL,D1D,1,8553271,,,,,,,,,,,,,,,,,,
D619289,829,KJFMM829WFE5,0,0,0,0,0.004403,0,0,0,0,0.421477,0,0,0,0.003609,0,0.010827,0.007218,0,D6192890,PNCB,08/02/2026 2:25:34 PM,BPD436,8M5CL,8M5CL,08/03/2026 9:36:38 AM,8M5CL,D1D,2,8553214,,,,,,,,,,,,,,,,,,
D619289,844,KJFMM844WFH1,0,0,0,0,0,0.003584,0,0,0,0.303909,0,0,0,0.00393,0,0,0.00393,0,D6192890,PNCB,08/02/2026 2:25:34 PM,BPD436,8M5CL,8M5CL,08/03/2026 9:36:38 AM,8M5CL,D1D,3,8553200,,,,,,,,,,,,,,,,,,
D619289,925,KJFMM925WFB4,0,0,0,0,0.007218,0,0.003609,0,0,0.425881,0,0,0,0,0,0.007218,0.007218,0,D6192890,PNCB,08/02/2026 2:25:34 PM,BPD436,8M5CL,8M5CL,08/03/2026 9:36:51 AM,8M5CL,D1D,4,8553195,,,,,,,,,,,,,,,,,,
D618140,1,MCQAF001WAA2,0,0,0,0,0.016236,0.006494,0.003247,0,0,0.211067,0,0,0,0,0,0.006494,0,,D6181400,PR8B,08/08/2026 12:25:07 AM,BPD458,8M5CL,8M5CL,08/09/2026 7:42:40 AM,8M5CL,D1D,1,8504588,,,,,,,,,,,,,,,,,,
D618140,11,MCQAF011WAE6,0,0,0,0,0.006494,0.003247,0,0,0,0.198078,0,0,0,0.009742,0,0,0,,D6181400,PR8B,08/08/2026 12:25:07 AM,BPD458,8M5CL,8M5CL,08/09/2026 7:42:52 AM,8M5CL,D1D,2,8504529,,,,,,,,,,,,,,,,,,
D621930,136,HM8TF136JKH0,0,0,0,0,0,0.003489,0,0,0,0.188422,0,0.003489,0,0,0,0,0.003489,,D6219300,PR8B,08/07/2026 5:01:06 AM,BPD458,8M5CL,8M5CL,08/07/2026 10:07:46 AM,8M5CL,D1D,1,8654401,,,,,,,,,,,,,,,,,,
D621930,137,HM8TF137JKD7,0,0,0,0,0,0.003247,0,0,0,0.243539,0,0,0,0.006494,0.003247,0,0,,D6219300,PR8B,08/07/2026 5:01:06 AM,BPD458,8M5CL,8M5CL,08/07/2026 10:07:40 AM,8M5CL,D1D,2,8654434,,,,,,,,,,,,,,,,,,
D621930,153,HM8TF153JKD2,0,0,0,0,0,0.006494,0,0.003247,0,0.191584,0,0,0,0,0,0.019483,0,,D6219300,PR8B,08/07/2026 5:01:06 AM,BPD458,8M5CL,8M5CL,08/07/2026 10:07:31 AM,8M5CL,D1D,3,8654281,,,,,,,,,,,,,,,,,,
D621930,154,HM8TF154JKA1,0.010468,0,0,0,0,0,0.006979,0.017446,0,0.202379,0,0,0,0.006979,0,0.010468,0.052339,,D6219300,PR8B,08/07/2026 5:01:06 AM,BPD458,8M5CL,8M5CL,08/07/2026 10:07:33 AM,8M5CL,D1D,4,8654377,,,,,,,,,,,,,,,,,,
D619311,439,MCQLN439WAG4,0.010827,0,0,0,0,0,0,0,0,0.194894,0,0,0,0,0,0.003609,0.003609,,D6193110,PNCB,08/11/2026 8:12:18 PM,BPD458,8M5CL,8M5CL,08/12/2026 8:17:05 AM,8M5CL,D1D,1,8559375,,,,,,,,,,,,,,,,,,
D619311,641,MCQJW641WAC1,0,0,0,0,0,0,0.003697,0,0,0.220423,0,0,0,0.022183,0,0.132659,0,0,D6193110,PNCB,08/11/2026 8:12:18 PM,BPD458,8M5CL,8M5CL,08/12/2026 8:17:11 AM,8M5CL,D1D,2,8559443,,,,,,,,,,,,,,,,,,
D619311,642,MCQJW642WAG3,0.003584,0,0,0,0.003584,0,0.010751,0,0,0.204263,0,0,0,0.010751,0.003584,0.025085,0,,D6193110,PNCB,08/12/2026 3:49:54 PM,BPD458,8M5CL,8M5CL,08/13/2026 8:07:29 AM,8M5CL,D1D,3,8559440,,,,,,,,,,,,,,,,,,
D619311,826,MCQJW826WAF2,0,0,0,0,0.003584,0,0,0,0,0.204263,0,0,0,0.007167,0,0.007167,0,,D6193110,PNCB,08/12/2026 3:49:54 PM,BPD458,8M5CL,8M5CL,08/13/2026 8:07:44 AM,8M5CL,D1D,4,8559416,,,,,,,,,,,,,,,,,,
D619311,834,MCQJW834WAB2,0,0,0,0,0,0,0.003584,0,0,0.207847,0,0,0,0,0,0.010751,0,,D6193110,PNCB,08/12/2026 3:49:54 PM,BPD458,8M5CL,8M5CL,08/13/2026 8:07:25 AM,8M5CL,D1D,5,8559508,,,,,,,,,,,,,,,,,,
D617984,8,MCQAF008WAA4,0,0,0,0,0.003961,0,0,0,0,0.308979,0,0,0,0,0.003961,0,0,,D6179840BA,PR8B,08/11/2026 9:37:31 PM,BPD436,8M5CL,8M5CL,08/12/2026 8:23:25 AM,8M5CL,D1D,1,9117351,,,,,,,,,,,,,,,,,,
D617984,23,MCQAF023WAD0,0,0,0,0,0,0.005454,0,0,0,0.414469,0,0,0,0.010907,0,0.005454,0,,D6179840BA,PR8B,08/11/2026 9:37:31 PM,BPD436,8M5CL,8M5CL,08/12/2026 8:23:34 AM,8M5CL,D1D,2,9117471,,,,,,,,,,,,,,,,,,
D617984,29,MCQAF029WAG3,0,0,0,0,0.023129,0.004626,0.004626,0,0,0.309925,0,0,0,0.009252,0,0,0,,D6179840BA,PR8B,08/11/2026 9:37:31 PM,BPD436,8M5CL,8M5CL,08/12/2026 8:23:32 AM,8M5CL,D1D,3,9117388,,,,,,,,,,,,,,,,,,
D619272,77,A2FYN077SLA5,0,0,0,0,0,0,0,0,0,0.191584,0,0,0,0,0,0.012989,0,,D6192720,PR8B,08/11/2026 6:02:06 PM,BPD458,8M5CL,8M5CL,08/12/2026 8:23:12 AM,8M5CL,D1D,1,8550380,,,,,,,,,,,,,,,,,,
D619272,78,A2FYN078SLE7,0,0,0,0,0,0,0,0,0,0.191911,0,0,0,0.003489,0,0.006979,0,,D6192720,PR8B,08/11/2026 6:02:06 PM,BPD458,8M5CL,8M5CL,08/12/2026 8:23:23 AM,8M5CL,D1D,2,8550405,,,,,,,,,,,,,,,,,,
D618197,87,A2GD3087SLA2,0.003609,0,0,0,0.032482,0.003609,0,0,0,0.259859,0,0,0,0.003609,0,0.021655,0,,D6181970,PNCB,08/10/2026 8:03:08 PM,BPD458,8M5CL,8M5CL,08/11/2026 11:44:17 AM,8M5CL,D1D,1,8522536,,,,,,,,,,,,,,,,,,
D618197,88,A2GD3088SLE4,0,0,0,0,0.007167,0,0.003584,0,0,0.236515,0,0,0,0,0.003584,0.007167,0,,D6181970,PNCB,08/10/2026 8:03:08 PM,BPD458,8M5CL,8M5CL,08/11/2026 11:44:08 AM,8M5CL,D1D,2,8522643,,,,,,,,,,,,,,,,,,
D618197,89,A2GD3089SLB3,0,0,0.003609,0,0.007218,0.003609,0.007218,0,0,0.230986,0,0,0,0.003609,0,0.028873,0,,D6181970,PNCB,08/11/2026 8:27:35 PM,BPD458,8M5CL,8M5CL,08/12/2026 8:18:58 AM,8M5CL,D1D,3,8522588,,,,,,,,,,,,,,,,,,
D618197,90,A2GD3090SLE4,0,0,0,0,0.003584,0.003584,0,0,0,0.21143,0,0,0,0.014334,0,0.007167,0,,D6181970,PNCB,08/11/2026 8:27:35 PM,BPD458,8M5CL,8M5CL,08/12/2026 8:18:56 AM,8M5CL,D1D,4,8522546,,,,,,,,,,,,,,,,,,
D618197,91,A2GD3091SLB3,0,0,0,0,0.014437,0.003609,0.003609,0,0,0.25625,0,0,0,0,0,0,0,,D6181970,PNCB,08/11/2026 8:27:35 PM,BPD458,8M5CL,8M5CL,08/12/2026 8:19:05 AM,8M5CL,D1D,5,8522542,,,,,,,,,,,,,,,,,,
D620920,7,A2GD3007SLB1,0,0,0,0,0,0.00434,0,0,0,0.286466,0,0,0,0.00434,0,0.00434,0,,D6209200BA,PR8B,08/11/2026 9:40:37 PM,BPD458,8M5CL,8M5CL,08/12/2026 8:23:34 AM,8M5CL,D1D,1,9117477,,,,,,,,,,,,,,,,,,
D620920,20,A2GD3020SLC4,0,0,0,0,0.003716,0.003716,0,0,0,0.219227,0,0.003716,0,0.011147,0.003716,0.018579,0,,D6209200BA,PR8B,08/11/2026 9:40:37 PM,BPD458,8M5CL,8M5CL,08/12/2026 8:23:21 AM,8M5CL,D1D,2,9117445,,,,,,,,,,,,,,,,,,
D620920,31,A2FHT031SLE2,0,0,0,0,0,0.012331,0,0,0,0.287728,0,0.00411,0,0.00411,0,0,0,,D6209200BA,PR8B,08/11/2026 9:40:37 PM,BPD458,8M5CL,8M5CL,08/12/2026 8:23:28 AM,8M5CL,D1D,3,9117376,,,,,,,,,,,,,,,,,,
D619288,197,KJ67H197WFC2,0,0,0,0,0,0.007218,0,0,0,0.198504,0,0,0,0,0,0.007218,0,,D6192880,PNCB,08/15/2026 7:30:18 PM,BPD446,8M5CL,8M5CL,08/16/2026 8:12:31 AM,8M5CL,D1D,1,8553156,,,,,,,,,,,,,,,,,,
D619288,319,KJ5MC319WFF6,0,0,0,0,0.003609,0.007218,0,0,0,0.227377,0,0,0,0.003609,0,0.028873,0,,D6192880,PNCB,08/15/2026 7:30:18 PM,BPD446,8M5CL,8M5CL,08/16/2026 8:12:47 AM,8M5CL,D1D,2,8553116,,,,,,,,,,,,,,,,,,
D619288,347,KJ5RJ347WFG2,0,0,0,0,0,0,0,0,0,0.209331,0,0.003609,0,0.007218,0,0.021655,0.003609,,D6192880,PNCB,08/15/2026 7:30:18 PM,BPD446,8M5CL,8M5CL,08/16/2026 8:12:36 AM,8M5CL,D1D,3,8553122,,,,,,,,,,,,,,,,,,
D619288,367,KJ5MC367WFF0,0,0,0,0,0,0.003609,0,0,0,0.205722,0,0,0,0.007218,0,0.007218,0,,D6192880,PNCB,08/15/2026 7:30:18 PM,BPD446,8M5CL,8M5CL,08/16/2026 8:13:08 AM,8M5CL,D1D,4,8553187,,,,,,,,,,,,,,,,,,
D619348,425,5DXXD425MVE6,0,0,0,0,0,0,0,0,0,0.252641,0,0.007218,0,0.007218,0.003609,0.003609,0,,D6193480,PNCB,08/14/2026 5:25:50 PM,BPD436,8M5CL,8M5CL,08/16/2026 8:12:25 AM,8M5CL,D1D,1,8568426,,,,,,,,,,,,,,,,,,
D619348,436,5DXXD436MVG1,0,0,0,0,0,0,0,0,0,0.232931,0,0,0,0,0,0.010751,0,,D6193480,PNCB,08/14/2026 5:25:50 PM,BPD436,8M5CL,8M5CL,08/16/2026 8:12:55 AM,8M5CL,D1D,2,8568486,,,,,,,,,,,,,,,,,,
D619348,439,5DXXD439MVE1,0,0,0,0,0.003609,0,0,0,0,0.216549,0,0,0,0,0,0.057747,0.003609,,D6193480,PNCB,08/14/2026 5:25:50 PM,BPD436,8M5CL,8M5CL,08/16/2026 8:13:01 AM,8M5CL,D1D,3,8568507,,,,,,,,,,,,,,,,,,
D619348,448,5DXXD448MVE3,0,0,0,0,0,0.007167,0,0,0,0.21143,0,0.003584,0,0.003584,0,0.010751,0,,D6193480,PNCB,08/14/2026 5:25:50 PM,BPD436,8M5CL,8M5CL,08/16/2026 8:12:49 AM,8M5CL,D1D,4,8568373,,,,,,,,,,,,,,,,,,
D620384,332,MCQXL332WAF4,0,0,0,0,0.026518,0,0,0,0,0.2576,0,0,0,0.007576,0.003788,0,0,,D6203840,PR8B,08/14/2026 5:03:48 AM,BPD436,8M5CL,8M5CL,08/14/2026 8:05:49 AM,8M5CL,D1D,1,8588737,,,,,,,,,,,,,,,,,,
D620384,342,MCQXL342WAC5,0.00426,0,0,0,0,0,0.00426,0,0,0.281184,0,0,0,0,0,0,0,,D6203840,PR8B,08/14/2026 5:03:48 AM,BPD436,8M5CL,8M5CL,08/14/2026 8:05:59 AM,8M5CL,D1D,2,8588806,,,,,,,,,,,,,,,,,,
D618137,703,HJ9UH703JKC4,0,0,0,0,0,0,0,0,0,0.346865,0,0,0,0,0,0,0,,D6181370AD,PR8B,08/14/2026 5:56:12 PM,BPD436,8M5CL,8M5CL,08/16/2026 8:22:22 AM,8M5CL,D1D,1,9135315,,,,,,,,,,,,,,,,,,
D618137,705,HJ9UH705JKD5,0,0,0,0,0,0,0,0,0,0.231914,0,0,0,0,0,0,0,,D6181370AD,PR8B,08/14/2026 5:56:12 PM,BPD436,8M5CL,8M5CL,08/16/2026 8:22:40 AM,8M5CL,D1D,2,9135252,,,,,,,,,,,,,,,,,,
D618137,707,HJ9UH707JKE6,0,0,0,0,0.012577,0.008385,0.004192,0,0,0.318625,0,0,0,0.008385,0,0,0,,D6181370AD,PR8B,08/14/2026 5:56:12 PM,BPD436,8M5CL,8M5CL,08/16/2026 8:22:34 AM,8M5CL,D1D,3,9135343,,,,,,,,,,,,,,,,,,
D619294,529,KJFMJ529WFG1,0.003609,0,0,0,0.003609,0,0,0,0,0.263468,0,0,0,0.003609,0,0,0,,D6192940,PNCB,08/14/2026 9:21:43 PM,BPD446,8M5CL,8M5CL,08/16/2026 8:12:24 AM,8M5CL,D1D,1,8555729,,,,,,,,,,,,,,,,,,
D619294,531,KJFMJ531WFG1,0,0,0,0,0.003609,0,0,0,0,0.194894,0,0,0,0,0,0,0,,D6192940,PNCB,08/14/2026 9:21:43 PM,BPD446,8M5CL,8M5CL,08/16/2026 8:12:31 AM,8M5CL,D1D,2,8555716,,,,,,,,,,,,,,,,,,
D618168,727,HM8CM727JKE6,0,0,0,0,0.014437,0,0.010827,0,0,0.230986,0,0,0,0.010827,0,0.003609,0,,D6181680,PNCB,08/14/2026 5:22:13 AM,BPD458,8M5CL,8M5CL,08/14/2026 8:05:54 AM,8M5CL,D1D,1,8512691,,,,,,,,,,,,,,,,,,
D618168,728,HM8CM728JKB5,0,0,0.003584,0,0.032252,0.007167,0.003584,0,0,0.293852,0,0.003584,0,0,0,0,0.007167,,D6181680,PNCB,08/14/2026 5:22:13 AM,BPD458,8M5CL,8M5CL,08/14/2026 8:05:56 AM,8M5CL,D1D,2,8512790,,,,,,,,,,,,,,,,,,
D619287,22,A2GD3022SLD5,0.003584,0,0,0,0.007167,0.007167,0,0,0,0.182762,0,0,0,0.003584,0,0,0.010751,,D6192870,PNCB,08/13/2026 5:48:09 AM,BPD436,8M5CL,8M5CL,08/13/2026 8:07:35 AM,8M5CL,D1D,1,8553049,,,,,,,,,,,,,,,,,,
D619287,24,A2GD3024SLE6,0,0,0,0,0.032252,0.003584,0,0,0,0.189929,0,0,0,0.007167,0,0,0,,D6192870,PNCB,08/13/2026 5:48:09 AM,BPD436,8M5CL,8M5CL,08/13/2026 8:07:53 AM,8M5CL,D1D,2,8552991,,,,,,,,,,,,,,,,,,
D619287,179,A2GD3179SLD3,0,0,0,0,0.014437,0.003609,0.003609,0,0,0.194894,0,0,0,0.007218,0.003609,0.014437,0,,D6192870,PNCB,08/13/2026 5:48:09 AM,BPD436,8M5CL,8M5CL,08/13/2026 8:07:40 AM,8M5CL,D1D,3,8552877,,,,,,,,,,,,,,,,,,
D619287,180,A2GD3180SLG4,0,0,0,0,0.046586,0,0.003584,0,0,0.200679,0,0,0,0.007167,0,0,0,,D6192870,PNCB,08/13/2026 5:48:09 AM,BPD436,8M5CL,8M5CL,08/13/2026 8:07:32 AM,8M5CL,D1D,4,8553070,,,,,,,,,,,,,,,,,,
D619297,59,KJFMF059WFA3,0,0,0,0,0,0,0.007218,0,0,0.202113,0,0,0,0,0,0.025264,0,,D6192970,PNCB,08/18/2026 10:00:18 PM,BPD458,8M5CL,8M5CL,08/19/2026 8:16:25 AM,8M5CL,D1D,1,8556006,,,,,,,,,,,,,,,,,,
D619297,547,KJFMJ547WFG5,0,0,0,0,0.003609,0,0,0,0,0.223768,0,0,0,0.007218,0,0.007218,0,,D6192970,PNCB,08/18/2026 10:00:18 PM,BPD458,8M5CL,8M5CL,08/19/2026 8:15:59 AM,8M5CL,D1D,2,8555898,,,,,,,,,,,,,,,,,,
D619257,458,HP2FJ458JKA3,0.003889,0,0,0,0,0.003889,0,0,0,0.264483,0,0,0,0,0.003889,0.015558,0,,D6192570,PR8B,08/19/2026 9:14:12 AM,BPD436,8M5CL,8M5CL,08/19/2026 12:14:13 PM,8M5CL,D1D,1,8545366,,,,,,,,,,,,,,,,,,
D619257,464,HP2FJ464JKC5,0,0,0,0,0,0,0,0,0,0.222547,0,0,0,0,0,0,0,,D6192570,PR8B,08/19/2026 9:14:12 AM,BPD436,8M5CL,8M5CL,08/19/2026 12:14:07 PM,8M5CL,D1D,2,8545393,,,,,,,,,,,,,,,,,,
D619257,467,HP2FJ467JKA5,0.240586,0,0,0,0,0.004432,0.004456,0,0,0.297312,0,0,0,0.525661,0,0,0.022281,0,D6192570,PR8B,08/19/2026 9:14:12 AM,BPD436,8M5CL,8M5CL,08/19/2026 12:14:21 PM,8M5CL,D1D,3,8545364,,,,,,,,,,,,,,,,,,
D619257,518,HP2FJ518JKD5,0,0,0,0,0,0,0.00426,0,0,0.264142,0,0,0,0,0,0.00426,0,,D6192570,PR8B,08/19/2026 9:14:12 AM,BPD436,8M5CL,8M5CL,08/19/2026 12:14:01 PM,8M5CL,D1D,4,8545386,,,,,,,,,,,,,,,,,,
D618141,339,MCPNA339WAG5,0,0,0,0,0.003981,0,0.007962,0,0,0.218967,0,0,0,0.007962,0,0.007962,0,,D6181410X,PR8B,08/19/2026 10:40:11 AM,BPD436,8M5CL,8M5CL,08/20/2026 9:29:59 AM,8M5CL,D1D,1,9163903,,,,,,,,,,,,,,,,,,
D618141,341,MCPNA341WAG5,0.004192,0,0,0,0.01677,0.004192,0.008385,0,0,0.276701,0,0,0,0.004192,0,0,0,,D6181410X,PR8B,08/19/2026 10:40:11 AM,BPD436,8M5CL,8M5CL,08/20/2026 9:29:49 AM,8M5CL,D1D,2,9163755,,,,,,,,,,,,,,,,,,
D618141,349,MCPNA349WAD6,0,0,0,0,0,0,0,0,0,0.274821,0,0,0,0,0,0,0,,D6181410X,PR8B,08/19/2026 10:40:11 AM,BPD436,8M5CL,8M5CL,08/20/2026 9:29:43 AM,8M5CL,D1D,3,9163930,,,,,,,,,,,,,,,,,,
D618141,356,MCPNA356WAC7,0,0,0,0,0,0.009441,0,0,0,0.264358,0,0,0,0,0,0,0,,D6181410X,PR8B,08/19/2026 10:40:11 AM,BPD436,8M5CL,8M5CL,08/20/2026 9:30:05 AM,8M5CL,D1D,4,9163977,,,,,,,,,,,,,,,,,,
D618171,629,HM8CM629JKG6,0,0,0,0,0,0,0.003609,0,0,0.249032,0,0,0,0.003609,0.003609,0,0.003609,,D6181710,PNCB,08/18/2026 8:54:27 AM,BPD436,8M5CL,8M5CL,08/19/2026 8:16:03 AM,8M5CL,D1D,1,8512414,,,,,,,,,,,,,,,,,,
D618171,677,HM8CM677JKG0,0,0,0,0,0,0,0.010827,0,0,0.306778,0,0.003609,0,0.003609,0,0.007218,0.003609,,D6181710,PNCB,08/18/2026 8:54:27 AM,BPD436,8M5CL,8M5CL,08/19/2026 8:15:59 AM,8M5CL,D1D,2,8512402,,,,,,,,,,,,,,,,,,
D618146,580,MCPNW580WAE6,0,0,0,0,0,0,0,0.004169,0,0.279318,0,0,0,0.004169,0,0.025014,0,,D6181460,PR8B,08/17/2026 9:23:14 AM,BPD436,8M5CL,8M5CL,08/18/2026 7:10:47 AM,8M5CL,D1D,1,8507275,,,,,,,,,,,,,,,,,,
D618146,588,MCPNW588WAB7,0,0,0,0,0.015701,0.003925,0,0,0,0.333655,0,0,0,0,0.011776,0.011776,0,,D6181460,PR8B,08/17/2026 9:23:14 AM,BPD436,8M5CL,8M5CL,08/18/2026 7:10:53 AM,8M5CL,D1D,2,8507387,,,,,,,,,,,,,,,,,,
D618171,693,HM8CM693JKF3,0,0,0,0,0,0,0,0,0,0.227377,0,0,0,0.003609,0,0.014437,0.010827,,D6181710S,PNCB,08/18/2026 6:21:27 AM,BPD436,8M5CL,8M5CL,08/19/2026 8:16:15 AM,8M5CL,D1D,1,9154762,,,,,,,,,,,,,,,,,,
D618171,706,HM8CM706JKG2,0.028668,0,0,0,0,0,0.003584,0,0.003584,0.207847,0,0,0,0,0,0,0.014334,,D6181710S,PNCB,08/18/2026 6:21:27 AM,BPD436,8M5CL,8M5CL,08/19/2026 8:17:27 AM,8M5CL,D1D,2,9154904,,,,,,,,,,,,,,,,,,
D618171,756,HM8CM756JKG5,0,0,0,0,0,0.007167,0,0,0,0.204263,0,0,0,0.003584,0.003584,0,0.007167,,D6181710S,PNCB,08/18/2026 6:21:27 AM,BPD436,8M5CL,8M5CL,08/19/2026 8:16:24 AM,8M5CL,D1D,3,9154905,,,,,,,,,,,,,,,,,,
D618171,782,HM8CM782JKD1,0,0,0,0,0,0.007167,0.007167,0,0,0.197096,0,0,0,0,0,0,0.007167,,D6181710S,PNCB,08/18/2026 6:21:27 AM,BPD436,8M5CL,8M5CL,08/19/2026 8:16:27 AM,8M5CL,D1D,4,9154885,,,,,,,,,,,,,,,,,,
D619248,342,MCQJT342WAA4,0,0,0,0,0,0.003609,0,0,0,0.238162,0,0,0,0.007217,0,0.007217,0.003609,,D6192480,PR8B,08/18/2026 2:29:27 AM,BPD436,8M5CL,8M5CL,08/18/2026 7:10:59 AM,8M5CL,D1D,1,8544722,,,,,,,,,,,,,,,,,,
D619248,349,MCQJT349WAA6,0,0,0,0,0,0,0.005035,0,0,0.302074,0,0,0,0,0,0,0,,D6192480,PR8B,08/18/2026 2:29:27 AM,BPD436,8M5CL,8M5CL,08/18/2026 7:11:05 AM,8M5CL,D1D,2,8544702,,,,,,,,,,,,,,,,,,
D619248,353,MCQJT353WAB7,0,0,0,0,0,0,0,0,0,0.359677,0,0,0,0,0,0,0,,D6192480,PR8B,08/18/2026 2:29:27 AM,BPD436,8M5CL,8M5CL,08/18/2026 7:11:19 AM,8M5CL,D1D,3,8544849,,,,,,,,,,,,,,,,,,
D619248,354,MCQJT354WAG1,0,0,0,0,0.004642,0.004642,0.004642,0,0,0.278491,0,0,0,0,0,0.004642,0.004642,,D6192480,PR8B,08/18/2026 2:29:27 AM,BPD436,8M5CL,8M5CL,08/18/2026 7:11:15 AM,8M5CL,D1D,4,8544776,,,,,,,,,,,,,,,,,,
D620391,15,A2ET6015SLF5,0,0,0,0,0.004513,0.004513,0.004513,0,0,0.320423,0,0,0,0.004513,0,0,0,,D6203910,PR8B,08/21/2026 1:17:18 AM,BPD436,8M5CL,8M5CL,08/21/2026 9:32:08 AM,8M5CL,D1D,1,8591138,,,,,,,,,,,,,,,,,,
D620391,18,A2EW7018SLF5,0,0,0,0,0,0.004566,0,0,0,0.2922,0,0.004566,0,0,0,0.004566,0.004566,,D6203910,PR8B,08/21/2026 1:17:18 AM,BPD436,8M5CL,8M5CL,08/21/2026 9:30:17 AM,8M5CL,D1D,2,8591203,,,,,,,,,,,,,,,,,,
D620391,21,A2ET6021SLA4,0,0,0,0,0.005575,0.005575,0,0,0,0.401365,0,0,0,0.005575,0,0.016724,0,,D6203910,PR8B,08/21/2026 1:17:18 AM,BPD436,8M5CL,8M5CL,08/21/2026 9:32:18 AM,8M5CL,D1D,3,8591204,,,,,,,,,,,,,,,,,,
D620391,23,A2ET6023SLB5,0,0,0,0,0,0,0,0,0,0.353872,0,0,0,0,0,0,0,,D6203910,PR8B,08/21/2026 1:17:18 AM,BPD436,8M5CL,8M5CL,08/21/2026 9:32:01 AM,8M5CL,D1D,4,8591141,,,,,,,,,,,,,,,,,,
D618189,3,KJEYG003WFB5,0,0,0,0,0,0,0.003609,0,0,0.252641,0,0,0,0,0,0.003609,0,,D6181890,PNCB,08/21/2026 12:03:36 AM,BPD458,8M5CL,8M5CL,08/21/2026 9:31:49 AM,8M5CL,D1D,1,8519265,,,,,,,,,,,,,,,,,,
D618189,10,KJEYG010WFA6,0,0,0,0,0.003584,0,0.003584,0,0,0.193512,0,0,0,0,0,0.003584,0,,D6181890,PNCB,08/21/2026 12:03:36 AM,BPD458,8M5CL,8M5CL,08/21/2026 9:30:20 AM,8M5CL,D1D,2,8519183,,,,,,,,,,,,,,,,,,
D618190,3,A29Y6003SLH2,0,0,0,0,0,0,0,0,0,0.205722,0,0,0,0.010827,0,0.003609,0,,D6181900,PNCB,08/16/2026 3:14:43 PM,BPD458,8M5CL,8M5CL,08/17/2026 7:46:57 AM,8M5CL,D1D,1,8519076,,,,,,,,,,,,,,,,,,
D618190,4,A29Y6004SLE1,0,0,0,0,0,0,0,0,0,0.21143,0,0,0,0.007167,0,0.021501,0,,D6181900,PNCB,08/16/2026 3:14:43 PM,BPD458,8M5CL,8M5CL,08/17/2026 7:47:03 AM,8M5CL,D1D,2,8519078,,,,,,,,,,,,,,,,,,
D619358,457,HP3JY457JKA7,0,0,0,0,0,0,0,0,0,0.342592,0,0,0,0.007218,0,0.018323,0,0,D6193580,PNCB,08/16/2026 3:53:04 AM,BPD446,8M5CL,8M5CL,08/16/2026 8:12:31 AM,8M5CL,D1D,1,8572133,,,,,,,,,,,,,,,,,,
D619358,458,HP3JY458JKF1,0.003584,0,0,0,0,0,0,0,0,0.254433,0,0,0,0,0,0,0,,D6193580,PNCB,08/16/2026 3:53:04 AM,BPD446,8M5CL,8M5CL,08/16/2026 8:12:21 AM,8M5CL,D1D,2,8572123,,,,,,,,,,,,,,,,,,
D619331,439,KJEYK439WFB6,0,0,0,0,0,0.007218,0.003609,0,0,0.277905,0,0,0,0.003609,0,0.010827,0.007218,0,D6193310,PNCB,08/16/2026 12:03:00 PM,BPD446,8M5CL,8M5CL,08/17/2026 7:41:49 AM,8M5CL,D1D,1,8565201,,,,,,,,,,,,,,,,,,
D619331,440,KJEYK440WFE7,0,0,0,0,0,0.003584,0.003584,0,0,0.232931,0,0,0,0,0,0.010751,0,,D6193310,PNCB,08/16/2026 12:03:00 PM,BPD446,8M5CL,8M5CL,08/17/2026 7:42:02 AM,8M5CL,D1D,2,8565283,,,,,,,,,,,,,,,,,,
D619331,443,KJEYK443WFC7,0,0,0,0,0,0.003609,0,0,0,0.263468,0,0,0,0.003609,0.003609,0,0,,D6193310,PNCB,08/16/2026 12:03:00 PM,BPD446,8M5CL,8M5CL,08/17/2026 7:41:56 AM,8M5CL,D1D,3,8565207,,,,,,,,,,,,,,,,,,
D619331,447,KJEYK447WFF1,0,0,0,0,0,0.010827,0.007218,0,0,0.25625,0,0,0,0.003609,0,0.021655,0.003609,,D6193310,PNCB,08/16/2026 12:03:00 PM,BPD446,8M5CL,8M5CL,08/17/2026 7:41:50 AM,8M5CL,D1D,4,8565173,,,,,,,,,,,,,,,,,,
D619358,459,HP3JY459JKC0,0,0,0,0,0,0,0.007218,0,0,0.335652,0,0,0,0.025264,0,0.050528,0,,D6193580P,PNCB,08/16/2026 4:16:16 AM,BPD446,8M5CL,8M5CL,08/16/2026 8:22:34 AM,8M5CL,D1D,1,9141470,,,,,,,,,,,,,,,,,,
D619358,460,HP3JY460JKF1,0.007167,0,0,0,0,0,0,0.003584,0,0.21143,0,0,0,0,0,0.017918,0.014334,,D6193580P,PNCB,08/16/2026 4:16:16 AM,BPD446,8M5CL,8M5CL,08/16/2026 8:22:32 AM,8M5CL,D1D,2,9141515,,,,,,,,,,,,,,,,,,
D619358,461,HP3JY461JKC0,0,0,0,0,0,0.003609,0,0,0,0.281514,0,0,0,0,0,0,0,,D6193580P,PNCB,08/16/2026 4:16:16 AM,BPD446,8M5CL,8M5CL,08/16/2026 8:22:46 AM,8M5CL,D1D,3,9141526,,,,,,,,,,,,,,,,,,
D619358,462,HP3JY462JKG2,0,0,0,0,0,0.007167,0.003584,0,0,0.258016,0,0,0,0.003584,0,0.003584,0,,D6193580P,PNCB,08/16/2026 4:16:16 AM,BPD446,8M5CL,8M5CL,08/16/2026 8:22:41 AM,8M5CL,D1D,4,9141519,,,,,,,,,,,,,,,,,,
D620446,176,HP1SJ176JKD6,0,0,0,0,0,0.003584,0,0,0,0.204263,0,0,0,0.010751,0,0.003584,0.014334,,D6204460,PNCB,08/16/2026 12:42:45 PM,BPD446,8M5CL,8M5CL,08/17/2026 7:42:00 AM,8M5CL,D1D,1,8601783,,,,,,,,,,,,,,,,,,
D620446,178,HP1SJ178JKE7,0,0,0,0,0.007167,0.003584,0,0,0,0.197096,0,0,0,0.003584,0,0.007167,0,,D6204460,PNCB,08/16/2026 12:42:45 PM,BPD446,8M5CL,8M5CL,08/17/2026 7:42:06 AM,8M5CL,D1D,2,8601753,,,,,,,,,,,,,,,,,,
D620446,183,HP1SJ183JKC7,0.014437,0,0,0,0,0,0,0,0,0.194894,0,0,0,0.003609,0,0,0,,D6204460,PNCB,08/16/2026 12:42:45 PM,BPD446,8M5CL,8M5CL,08/17/2026 7:41:50 AM,8M5CL,D1D,3,8601716,,,,,,,,,,,,,,,,,,
D620446,185,HP1SJ185JKE0,0,0,0,0,0.003609,0,0,0,0,0.209331,0,0,0,0.003609,0,0.010827,0,,D6204460,PNCB,08/16/2026 12:42:45 PM,BPD446,8M5CL,8M5CL,08/17/2026 7:41:44 AM,8M5CL,D1D,4,8601715,,,,,,,,,,,,,,,,,,
D619269,14,A2FN6014SLA0,0,0,0,0,0,0.003489,0.003489,0,0,0.226804,0,0,0,0.003489,0,0.006979,0.003489,,D6192690,PR8B,08/20/2026 8:42:48 AM,BPD458,8M5CL,8M5CL,08/21/2026 9:32:06 AM,8M5CL,D1D,1,8550875,,,,,,,,,,,,,,,,,,
D619269,23,A2FN6023SLA2,0,0,0,0,0,0,0,0,0,0.829341,0,0,0,0,0,0.013822,0,,D6192690,PR8B,08/20/2026 8:42:48 AM,BPD458,8M5CL,8M5CL,08/21/2026 9:32:08 AM,8M5CL,D1D,2,8550859,,,,,,,,,,,,,,,,,,
D620383,118,MCQQK118WAC3,0,0,0,0,0,0.006983,0.003491,0,0,0.293269,0,0,0,0.003491,0,0.017457,0,,D6203830,PR8B,08/22/2026 1:07:59 PM,BPD436,8M5CL,8M5CL,08/22/2026 7:03:10 PM,8M5CL,D1D,1,8588646,,,,,,,,,,,,,,,,,,
D620383,172,MCQQK172WAD7,0,0,0,0,0,0,0.009585,0,0,0.575104,0,0,0,0.009585,0,0.01917,0,,D6203830,PR8B,08/22/2026 1:07:59 PM,BPD436,8M5CL,8M5CL,08/22/2026 7:04:20 PM,8M5CL,D1D,2,8588644,,,,,,,,,,,,,,,,,,
D620383,193,MCQQK193WAC3,0,0,0,0,0.004432,0,0,0,0,0.332407,0,0,0,0.004432,0,0,0,,D6203830,PR8B,08/22/2026 1:07:59 PM,BPD436,8M5CL,8M5CL,08/22/2026 7:03:18 PM,8M5CL,D1D,3,8588626,,,,,,,,,,,,,,,,,,
D620383,199,MCQQK199WAF6,0,0,0,0,0,0,0,0,0,0.305917,0,0,0,0,0,0,0,,D6203830,PR8B,08/22/2026 1:07:59 PM,BPD436,8M5CL,8M5CL,08/22/2026 7:04:14 PM,8M5CL,D1D,4,8588670,,,,,,,,,,,,,,,,,,
D620430,644,MCQJW644WAA1,0,0,0,0,0,0,0.003584,0,0,0.197096,0,0.003584,0,0,0,0.017918,0,,D6204300,PNCB,08/22/2026 2:09:13 AM,BPD436,8M5CL,8M5CL,08/22/2026 6:59:45 PM,8M5CL,D1D,1,8599214,,,,,,,,,,,,,,,,,,
D620430,722,MCQJW722WAD7,0,0,0,0,0,0.003584,0,0,0,0.197096,0,0,0,0.003584,0,0,0.014334,,D6204300,PNCB,08/22/2026 2:09:13 AM,BPD436,8M5CL,8M5CL,08/22/2026 7:00:03 PM,8M5CL,D1D,2,8599217,,,,,,,,,,,,,,,,,,
D620430,742,MCQJW742WAF4,0,0,0,0,0,0,0,0,0,0.189929,0,0.003584,0,0,0,0.003584,0,,D6204300,PNCB,08/22/2026 2:09:13 AM,BPD436,8M5CL,8M5CL,08/22/2026 6:59:51 PM,8M5CL,D1D,3,8599157,,,,,,,,,,,,,,,,,,
D620430,750,MCQJW750WAB4,0,0,0,0,0,0,0,0,0,0.186345,0,0,0,0,0,0.014334,0,,D6204300,PNCB,08/22/2026 2:09:13 AM,BPD436,8M5CL,8M5CL,08/22/2026 7:00:02 PM,8M5CL,D1D,4,8599231,,,,,,,,,,,,,,,,,,
D620441,44,MCLXR044WAG5,0,0,0,0,0.007167,0,0.003584,0,0,0.21143,0,0,0,0,0,0.003584,0,,D6204410,PNCB,08/22/2026 9:15:59 AM,BPD458,8M5CL,8M5CL,08/22/2026 6:59:30 PM,8M5CL,D1D,1,8601830,,,,,,,,,,,,,,,,,,
D621483,144,A2GUA144SLC6,0,0,0,0,0.006979,0.010468,0.003489,0,0,0.272165,0,0,0,0,0,0.003489,0,,D6214830,PR8B,08/22/2026 8:15:43 AM,BPD458,8M5CL,8M5CL,08/22/2026 7:03:00 PM,8M5CL,D1D,1,8624928,,,,,,,,,,,,,,,,,,
D621483,152,A2GUA152SLG1,0.003758,0,0,0,0.003758,0.003758,0,0.003758,0,0.311887,0,0,0,0.007515,0.003758,0,0.003758,,D6214830,PR8B,08/22/2026 8:15:43 AM,BPD458,8M5CL,8M5CL,08/22/2026 7:02:54 PM,8M5CL,D1D,2,8624966,,,,,,,,,,,,,,,,,,
D619268,98,A2GHH098SLG6,0,0,0,0,0.005489,0.005489,0,0,0,0.373267,0,0,0,0,0,0.005489,0,,D6192680,PR8B,08/22/2026 1:50:30 PM,BPD436,8M5CL,8M5CL,08/22/2026 7:02:54 PM,8M5CL,D1D,1,8550551,,,,,,,,,,,,,,,,,,
D619268,108,A2GKL108SLF3,0,0,0,0,0.020948,0.003491,0.010474,0,0,0.219952,0,0.003491,0,0.003491,0,0,0,,D6192680,PR8B,08/22/2026 1:50:30 PM,BPD436,8M5CL,8M5CL,08/22/2026 7:03:04 PM,8M5CL,D1D,2,8550627,,,,,,,,,,,,,,,,,,
D618215,26,KJEYH026WFB5,0,0,0,0,0,0,0,0,0,0.171985,0,0,0,0,0,0.007319,0,,D6182150,PXMG,08/22/2026 1:05:13 AM,BPD446,8M5CL,8M5CL,08/22/2026 7:05:41 PM,8M5CL,D1D,1,8527270,,,,,,,,,,,,,,,,,,
D618215,222,KJEYH222WFF0,0,0,0,0,0.003659,0,0,0,0,0.139052,0,0,0,0.003659,0,0.010978,0,,D6182150,PXMG,08/22/2026 1:05:13 AM,BPD446,8M5CL,8M5CL,08/22/2026 7:05:44 PM,8M5CL,D1D,2,8527287,,,,,,,,,,,,,,,,,,
D618215,256,KJEYH256WFG0,0,0,0,0,0.003659,0,0,0,0,0.128074,0,0,0,0,0,0.003659,0,,D6182150,PXMG,08/22/2026 1:05:13 AM,BPD446,8M5CL,8M5CL,08/22/2026 7:06:03 PM,8M5CL,D1D,3,8527200,,,,,,,,,,,,,,,,,,
D618215,373,KJE6B373WFE6,0,0,0,0,0.003692,0.011075,0.007383,0,0,0.265804,0,0,0,0.036917,0,0.003692,0,0,D6182150,PXMG,08/22/2026 1:05:13 AM,BPD446,8M5CL,8M5CL,08/22/2026 7:05:51 PM,8M5CL,D1D,4,8527245,,,,,,,,,,,,,,,,,,
D618198,51,A2GFE051SLD4,0,0,0,0,0,0.003609,0.003609,0,0,0.202113,0,0,0,0.003609,0.003609,0.007218,0.003609,,D6181980,PNCB,08/23/2026 11:04:28 AM,BPD458,8M5CL,8M5CL,08/24/2026 5:15:19 AM,8M5CL,D1D,1,8522670,,,,,,,,,,,,,,,,,,
D618198,52,A2GFE052SLA3,0.007167,0,0,0,0,0.003584,0,0,0,0.189929,0,0,0,0.010751,0,0.003584,0.007167,,D6181980,PNCB,08/23/2026 11:04:28 AM,BPD458,8M5CL,8M5CL,08/24/2026 5:14:59 AM,8M5CL,D1D,2,8522684,,,,,,,,,,,,,,,,,,
D618198,59,A2GFE059SLA5,0,0,0,0,0.003609,0,0.007218,0,0,0.245423,0,0,0,0.007218,0,0.007218,0.003609,,D6181980,PNCB,08/23/2026 11:04:28 AM,BPD458,8M5CL,8M5CL,08/24/2026 5:14:53 AM,8M5CL,D1D,3,8522672,,,,,,,,,,,,,,,,,,
D618198,91,A2GKL091SLC2,0.007218,0,0,0,0.003609,0,0.003609,0,0,0.263468,0,0,0,0,0,0.007218,0,,D6181980,PNCB,08/23/2026 11:04:28 AM,BPD458,8M5CL,8M5CL,08/24/2026 5:15:28 AM,8M5CL,D1D,4,8522676,,,,,,,,,,,,,,,,,,
D618246,13,KJEYC013WFE5,0,0,0,0,0.014767,0,0,0,0,0.132902,0,0,0,0,0,0.018459,0,,D6182460,PXMG,08/23/2026 9:21:58 AM,BPD454,8M5CL,8M5CL,08/24/2026 5:11:50 AM,8M5CL,D1D,1,8535331,,,,,,,,,,,,,,,,,,
D618246,14,KJEYC014WFB4,0.007319,0,0,0,0,0.004391,0,0,0,0.200527,0,0,0,0.007319,0,0.003659,0,0,D6182460,PXMG,08/23/2026 9:21:58 AM,BPD454,8M5CL,8M5CL,08/24/2026 5:11:15 AM,8M5CL,D1D,2,8535362,,,,,,,,,,,,,,,,,,
D618246,36,KJEYC036WFE2,0.003659,0,0,0,0,0,0,0,0,0.199429,0,0,0,0.007319,0,0.003659,0.005489,0,D6182460,PXMG,08/23/2026 9:21:58 AM,BPD454,8M5CL,8M5CL,08/24/2026 5:11:09 AM,8M5CL,D1D,3,8535377,,,,,,,,,,,,,,,,,,
D618246,37,KJEYC037WFB1,0,0,0,0,0.003692,0.003692,0,0,0,0.276879,0,0,0,0.003692,0,0,0,0,D6182460,PXMG,08/23/2026 9:21:58 AM,BPD454,8M5CL,8M5CL,08/24/2026 5:12:04 AM,8M5CL,D1D,4,8535441,,,,,,,,,,,,,,,,,,
D618246,38,KJEYC038WFF3,0,0,0,0,0.003659,0.009697,0,0,0,0.286702,0,0,0,0.003659,0,0.010978,0,0,D6182460,PXMG,08/23/2026 9:21:58 AM,BPD454,8M5CL,8M5CL,08/24/2026 5:11:56 AM,8M5CL,D1D,5,8535438,,,,,,,,,,,,,,,,,,
D618246,39,KJEYC039WFC2,0.003692,0,0,0,0,0,0,0,0,0.206737,0,0,0,0,0,0,0,0,D6182460,PXMG,08/23/2026 9:21:58 AM,BPD454,8M5CL,8M5CL,08/24/2026 5:11:44 AM,8M5CL,D1D,6,8535425,,,,,,,,,,,,,,,,,,
D622624,4,KJCJD004WFA2,0,0,0,0,0,0,0,0,0,1.794875,0,0.057899,0,0,0,0,0,,D6226240,PNCB,08/23/2026 2:32:05 PM,BPD458,8M5CL,8M5CL,08/24/2026 5:11:19 AM,8M5CL,D1D,1,8682649,,,,,,,,,,,,,,,,,,
D622624,9,KJCJD009WFG6,0,0,0,0,0,0,0.003609,0,0,0.198504,0,0,0,0,0,0,0,,D6226240,PNCB,08/23/2026 2:32:05 PM,BPD458,8M5CL,8M5CL,08/24/2026 5:11:07 AM,8M5CL,D1D,2,8682651,,,,,,,,,,,,,,,,,,
D619249,533,MCQJT533WAF7,0,0,0,0,0,0.003742,0.003742,0,0,0.235726,0,0,0,0,0,0,0,,D6192490,PR8B,08/24/2026 5:18:19 AM,BPD458,8M5CL,8M5CL,08/24/2026 6:20:57 AM,8M5CL,D1D,1,8544946,,,,,,,,,,,,,,,,,,
D619249,539,MCQJT539WAB7,0,0,0,0,0.004085,0.00817,0.004085,0,0,0.228772,0,0,0,0.00817,0,0.020426,0,,D6192490,PR8B,08/24/2026 5:18:19 AM,BPD458,8M5CL,8M5CL,08/24/2026 6:13:13 AM,8M5CL,D1D,2,8544895,,,,,,,,,,,,,,,,,,
D619249,667,MCQJU667WAG3,0,0,0,0,0.00434,0.00434,0,0,0,0.286466,0,0,0,0.00434,0,0.00434,0,,D6192490,PR8B,08/24/2026 5:18:19 AM,BPD458,8M5CL,8M5CL,08/24/2026 6:17:02 AM,8M5CL,D1D,3,8544875,,,,,,,,,,,,,,,,,,
D619249,669,MCQJU669WAA1,0,0,0.005575,0,0,0,0,0,0,0.401365,0,0,0,0,0.011149,0.011149,0,,D6192490,PR8B,08/24/2026 5:18:19 AM,BPD458,8M5CL,8M5CL,08/24/2026 6:15:15 AM,8M5CL,D1D,4,8544881,,,,,,,,,,,,,,,,,,
D606456,401,GT7PS401JKE5,,,,,,,,,,,,,,,,,,,D6064560,PXMG,04/28/2026 5:03:06 PM,BPD454,8M5CL,8M5CL,07/24/2026 3:09:28 AM,8M5CL,D1D,1,8050046,0,0,0,0,0.298789,0,0.925746,0,0,0,0,0,0,0,0,1.150492,0,2.375028
D606456,403,GT7PS403JKF6,,,,,,,,,,,,,,,,,,,D6064560,PXMG,04/28/2026 5:03:06 PM,BPD454,8M5CL,8M5CL,07/23/2026 3:54:43 PM,8M5CL,D1D,2,8049911,1.58097,0,0,0,0.616635,1.050419,0,0,0,0,0,0,0,1.468631,0,2.191501,1.645382,7.631326
D606461,253,GT7EJ253JKB0,,,,,,,,,,,,,,,,,,,D6064610,PXMG,05/02/2026 9:39:28 PM,BPD444,8M5CL,8M5CL,07/10/2026 9:51:13 PM,8M5CL,D1D,1,8051905,0,0,0,0,0.780992,0.763464,0.614144,0,0,0,0,0,0,0,0,2.576278,0,4.734877
D606461,254,GT7EJ254JKF2,,,,,,,,,,,,,,,,,,,D6064610,PXMG,05/02/2026 9:39:28 PM,BPD444,8M5CL,8M5CL,07/11/2026 5:58:50 PM,8M5CL,D1D,2,8051927,0,0,0,0,0.427905,4.846748,1.874954,0,0,0,0,0,0,0,0,2.136418,0,9.286024
D606455,303,GT7EJ303JKH1,,,,,,,,,,,,,,,,,,,D6064550,PXMG,05/01/2026 12:59:15 AM,BPD442,8M5CL,8M5CL,07/12/2026 10:16:24 PM,8M5CL,D1D,1,8050009,1.198781,0,0,0,0.233785,3.247902,1.23616,0,0,0,0,0,0,1.797821,1.898048,1.661718,0,11.27422
D606455,304,GT7EJ304JKE0,,,,,,,,,,,,,,,,,,,D6064550,PXMG,05/01/2026 12:59:15 AM,BPD442,8M5CL,8M5CL,07/12/2026 9:26:40 PM,8M5CL,D1D,2,8050026,0.754989,0,0,0,0.69583,4.434484,0,0,0,0,0,0,0,0.72464,0,4.196279,0.729918,10.70711
D607550,426,KJAAC426WFF2,,,,,,,,,,,,,,,,,,,D6075500,PXMG,05/01/2026 3:18:23 PM,BPD446,8M5CL,8M5CL,07/04/2026 7:01:13 AM,8M5CL,D1D,1,8085642,0,0,0,0,0.90362,2.246495,4.304627,0,0,0,0,0,0,3.034615,0,11.99081,0,22.48017
D607550,444,KJAAC444WFF6,,,,,,,,,,,,,,,,,,,D6075500,PXMG,05/01/2026 3:18:23 PM,BPD446,8M5CL,8M5CL,07/06/2026 2:57:46 AM,8M5CL,D1D,2,8085745,0,0,0,0,0.237748,0,0,0,0,0,0,0,0,1.927541,2.034999,0,0.823679,5.023967
D606454,434,GT7PS434JKB3,,,,,,,,,,,,,,,,,,,D6064540,PXMG,04/28/2026 4:58:43 PM,BPD448,8M5CL,8M5CL,08/12/2026 1:10:58 AM,8M5CL,D1D,1,8050081,1.001195,0,0,0,1.270376,12.78092,1.681586,0,0,0,0,0,0,5.011513,0,1.003235,0,22.74883
D606454,435,GT7PS435JKF5,,,,,,,,,,,,,,,,,,,D6064540,PXMG,04/28/2026 4:58:43 PM,BPD448,8M5CL,8M5CL,08/08/2026 12:44:21 AM,8M5CL,D1D,2,8050133,0,0,0,0,0,0,6.698172,0,0,0,0,0,0,1.677802,0,1.526484,0,9.902458
D606460,11,KJA9W011WFD3,,,,,,,,,,,,,,,,,,,D6064600,PXMG,05/05/2026 4:33:44 AM,BPD450,8M5CL,8M5CL,08/09/2026 7:37:17 PM,8M5CL,D1D,1,8050112,0,0,0,0,0.700887,4.217654,4.289563,0,0,0,0,0,0,0,0.776024,10.72409,0,20.70822
D606460,38,KJA9W038WFF2,,,,,,,,,,,,,,,,,,,D6064600,PXMG,05/05/2026 4:33:44 AM,BPD450,8M5CL,8M5CL,08/09/2026 4:24:53 PM,8M5CL,D1D,2,8050230,0,0,0,0,0,2.306872,0,0,0,0,0,0,0,0,0,6.939478,0,9.246352
D606451,29,A27VC029SLE3,,,,,,,,,,,,,,,,,,,D6064510,PXMG,05/05/2026 1:16:02 AM,BPD454,8M5CL,8M5CL,08/10/2026 5:59:10 AM,8M5CL,D1D,1,8044710,0,0,0,0,0,1.358749,3.070941,0,0,0,0,0,0,3.401087,0,1.789836,0.736396,10.35701
D606451,31,A27VC031SLE3,,,,,,,,,,,,,,,,,,,D6064510,PXMG,05/05/2026 1:16:02 AM,BPD454,8M5CL,8M5CL,08/10/2026 5:39:34 AM,8M5CL,D1D,2,8044494,0,0,0,0,1.709751,0,6.4758,0,0,0,0,0,0,12.31761,0,2.421075,0,22.75019
D606451,32,A27VC032SLB2,,,,,,,,,,,,,,,,,,,D6064510,PXMG,05/05/2026 1:16:02 AM,BPD454,8M5CL,8M5CL,08/10/2026 6:18:45 AM,8M5CL,D1D,3,8044454,0,0,0,0,0,3.062182,1.327883,0,0,0,0,0,0,2.387682,0,0.756528,0,7.534274
D606451,37,A27VC037SLA3,,,,,,,,,,,,,,,,,,,D6064510,PXMG,05/05/2026 1:16:02 AM,BPD454,8M5CL,8M5CL,08/09/2026 3:37:56 AM,8M5CL,D1D,4,8044532,0,0,0,0,0.338658,0.899623,0.563335,0,0,0,0,0,0,1.723286,0,4.390187,0,7.477546
D607552,421,KJAAC421WFG1,,,,,,,,,,,,,,,,,,,D6075520,PXMG,05/05/2026 4:47:19 PM,BPD448,8M5CL,8M5CL,08/09/2026 3:23:04 AM,8M5CL,D1D,1,8085900,0.761689,0,0,0,0.224091,3.185871,1.339668,0,0,0,0,0,0,3.521786,0,1.592824,0,10.62593
D607552,477,KJAAC477WFC4,,,,,,,,,,,,,,,,,,,D6075520,PXMG,05/05/2026 4:47:19 PM,BPD448,8M5CL,8M5CL,08/09/2026 8:01:16 PM,8M5CL,D1D,2,8085947,0,0,0,0,0.809835,0.763464,1.177479,0,0,0,0,0,0,0,0,0,0.736396,3.487174
D606458,526,KJAUF526WFG4,,,,,,,,,,,,,,,,,,,D6064580,PXMG,05/03/2026 12:36:53 AM,BPD448,8M5CL,8M5CL,07/31/2026 6:55:31 PM,8M5CL,D1D,1,8050102,0,0,0,0,0,1.336372,0,0,0,0,0,0,0,1.34223,0,8.061198,0,10.7398
D606458,533,KJAUF533WFF5,,,,,,,,,,,,,,,,,,,D6064580,PXMG,05/03/2026 12:36:53 AM,BPD448,8M5CL,8M5CL,07/31/2026 4:41:59 PM,8M5CL,D1D,2,8050093,0,0,0,0,0.212554,4.511474,0,0,0,0,0,0,0,0,0,1.657833,0,6.381861
D606459,270,KJA9T270WFB1,,,,,,,,,,,,,,,,,,,D6064590,PXMG,05/03/2026 12:58:30 AM,BPD442,8M5CL,8M5CL,08/09/2026 8:35:23 PM,8M5CL,D1D,1,8050141,0,0,0,0,0.100121,0,1.886262,0,0,0,1.795637,0,0,4.474292,0,4.669254,0,12.84205
D606459,279,KJA9T279WFC4,,,,,,,,,,,,,,,,,,,D6064590,PXMG,05/03/2026 12:58:30 AM,BPD442,8M5CL,8M5CL,07/06/2026 3:40:45 PM,8M5CL,D1D,2,8050099,0,0,0,0,0,0,0.620139,0,0,0,0,0,0,0,0,2.665204,0,3.285343
D607533,407,5DXCR407MVF4,,,,,,,,,,,,,,,,,,,D6075330,PXMG,05/09/2026 10:02:54 AM,BPD454,8M5CL,8M5CL,07/16/2026 9:25:33 PM,8M5CL,D1D,1,8083120,3.749936,0,0,0,0.474544,0,4.14009,0,1.677005,0,0,0,0,9.162286,0,13.22492,1.115652,31.89967
D607533,411,5DXCR411MVG5,,,,,,,,,,,,,,,,,,,D6075330,PXMG,05/09/2026 10:02:54 AM,BPD454,8M5CL,8M5CL,07/19/2026 7:18:33 AM,8M5CL,D1D,2,8083017,0,0,0,0,1.596607,2.82361,4.949579,0,1.690943,0,0,1.582871,0,0,0,2.876312,0.78669,16.24035
D607541,404,5DXCR404MVA1,,,,,,,,,,,,,,,,,,,D6075410,PXMG,05/07/2026 12:12:31 PM,BPD442,8M5CL,8M5CL,07/19/2026 6:54:06 AM,8M5CL,D1D,1,8083869,0,0,0,0,0.267807,1.270092,1.467898,0,0,0,0,0,0,2.059456,0,1.393388,0,6.458639
D607541,434,5DXCR434MVG2,,,,,,,,,,,,,,,,,,,D6075410,PXMG,05/07/2026 12:12:31 PM,BPD442,8M5CL,8M5CL,07/19/2026 7:27:54 AM,8M5CL,D1D,2,8083902,0,0,0,0,0,0,0.558379,0,0,0,0,0,0,1.708126,0,5.686276,0,7.952782
D607541,457,5DXCR457MVF7,,,,,,,,,,,,,,,,,,,D6075410,PXMG,05/07/2026 12:12:31 PM,BPD442,8M5CL,8M5CL,07/19/2026 7:23:04 AM,8M5CL,D1D,3,8083951,0,0,0,0,0,0,2.679335,0,0,0,0,0,0,1.723286,0,4.078908,0,8.481529
D607541,570,5DXCR570MVG3,,,,,,,,,,,,,,,,,,,D6075410,PXMG,05/07/2026 12:12:31 PM,BPD442,8M5CL,8M5CL,07/22/2026 6:59:46 AM,8M5CL,D1D,4,8083822,0,0,0,0,0.319075,1.51323,0,0,0,0,0,0,0,0,0,6.381158,0.654258,8.867721
D607576,7,KJA9Y007WFD0,,,,,,,,,,,,,,,,,,,D6075760,PR8B,05/07/2026 8:32:41 AM,BPD458,8M5CL,8M5CL,08/08/2026 6:27:23 PM,8M5CL,D1D,1,8104174,1.541735,0,0,0,0,1.901289,0,0,0,0,0,0,0,1.384856,0,0,0,4.827881
D607576,9,KJA9Y009WFE1,,,,,,,,,,,,,,,,,,,D6075760,PR8B,05/07/2026 8:32:41 AM,BPD458,8M5CL,8M5CL,08/08/2026 6:14:23 PM,8M5CL,D1D,2,8104242,0,0,0,0,0,0,0,0,0,0,0,0,0,1.999504,0,0,0,1.999504
D606457,348,KJA6M348WFB6,,,,,,,,,,,,,,,,,,,D6064570,PXMG,05/08/2026 1:48:18 PM,BPD432,8M5CL,8M5CL,07/22/2026 7:11:37 AM,8M5CL,D1D,1,8049984,0,0,0,0,0.906514,1.053421,0,0,0,0,0,0,0,1.663042,0,1.643249,0,5.266227
D606457,352,KJA6M352WFC7,,,,,,,,,,,,,,,,,,,D6064570,PXMG,05/08/2026 1:48:18 PM,BPD432,8M5CL,8M5CL,07/21/2026 10:10:55 PM,8M5CL,D1D,2,8050016,0,0,0,0,0.210684,0,0,0,0,0,0,0,0,1.708126,0,4.043027,0,5.961837
D607539,467,5DXCL467MVA6,,,,,,,,,,,,,,,,,,,D6075390,PXMG,05/11/2026 2:11:19 PM,BPD458,8M5CL,8M5CL,08/09/2026 8:58:56 PM,8M5CL,D1D,1,8083793,0,0,0,0,0.872055,1.493969,0,0,0,0,0,0,0,0,0,1.639001,0,4.005025
D607539,470,5DXCL470MVF0,,,,,,,,,,,,,,,,,,,D6075390,PXMG,05/11/2026 2:11:19 PM,BPD458,8M5CL,8M5CL,08/10/2026 5:26:56 AM,8M5CL,D1D,2,8083797,0,0,0,0,0.445201,6.633241,0,0,0,0,0,0,0,0,0,2.905761,0,9.984203
D608101,214,A27QE214SLG7,,,,,,,,,,,,,,,,,,,D6081010,PXMG,05/11/2026 9:32:33 AM,BPD448,8M5CL,8M5CL,05/11/2026 2:51:01 PM,8M5CL,D1D,1,8118967,0,0,0,0,0,2.106843,1.936624,0,0,0,0,0,0,6.182418,0,15.63962,0.729918,26.23304
D608101,218,A27QE218SLB6,,,,,,,,,,,,,,,,,,,D6081010,PXMG,05/11/2026 9:32:33 AM,BPD448,8M5CL,8M5CL,07/12/2026 9:41:17 PM,8M5CL,D1D,2,8118807,26.77803,0,0,0,0,4.710456,8.560905,0,21.98199,0,0,0,0,20.70913,0,51.60872,1.043549,114.2641
D608101,251,A29UH251SLG7,,,,,,,,,,,,,,,,,,,D6081010,PXMG,05/11/2026 1:16:31 PM,BPD446,8M5CL,8M5CL,07/12/2026 10:29:28 PM,8M5CL,D1D,3,8118757,0,0,0,0,0.436646,6.603876,1.953811,0,0,0,0,0,0,1.723286,1.553775,1.657833,0,13.92923
D608101,252,A29UH252SLD6,,,,,,,,,,,,,,,,,,,D6081010,PXMG,05/11/2026 1:16:31 PM,BPD446,8M5CL,8M5CL,07/12/2026 10:14:28 PM,8M5CL,D1D,4,8118863,0,0,0,0,0.080931,2.106843,1.886262,0,0,0,0,0,0,1.708126,2.843578,4.044346,1.459835,14.12992
D607560,176,GQ7JE176JKG4,,,,,,,,,,,,,,,,,,,D6075600,PXMG,05/12/2026 12:27:15 PM,BPD454,8M5CL,8M5CL,07/16/2026 11:51:53 AM,8M5CL,D1D,1,8088631,0,0,0,0,0.210684,5.107715,4.330903,0,0,0,0,0,0,0,0,10.89223,0,20.54153
D607560,177,GQ7JE177JKD3,,,,,,,,,,,,,,,,,,,D6075600,PXMG,05/12/2026 12:27:15 PM,BPD454,8M5CL,8M5CL,07/16/2026 11:45:02 AM,8M5CL,D1D,2,8088673,0,0,0,0,0.086162,3.471086,4.198979,0,0,0,0,0,0,20.86486,0,16.41334,0.777094,44.63204
D607564,227,A28J5227SLG3,,,,,,,,,,,,,,,,,,,D6075640,PXMG,05/14/2026 12:12:53 AM,BPD448,8M5CL,8M5CL,07/22/2026 8:37:16 PM,8M5CL,D1D,1,8088678,0,0,0,0,0,0,7.363779,0,0,0,0,0,0,3.695486,0.615566,9.931925,0,21.60675
D607564,228,A28J5228SLD2,,,,,,,,,,,,,,,,,,,D6075640,PXMG,05/14/2026 12:12:53 AM,BPD448,8M5CL,8M5CL,07/19/2026 4:56:38 AM,8M5CL,D1D,2,8088683,0,0,0,0,0.22212,0,0.558379,0,0,0,0,0,0,1.708126,0,0,0,2.488626
D607534,634,5DXBX634MVD6,,,,,,,,,,,,,,,,,,,D6075340,PXMG,05/13/2026 1:47:27 PM,BPD458,8M5CL,8M5CL,07/21/2026 11:37:41 AM,8M5CL,D1D,1,8082939,1.138971,0,0,0,0,1.053421,0,0,0,0,0,0,0,0,0,1.155685,0,3.348077
D607534,643,5DXBX643MVE0,,,,,,,,,,,,,,,,,,,D6075340,PXMG,05/13/2026 1:47:27 PM,BPD458,8M5CL,8M5CL,07/20/2026 11:56:58 AM,8M5CL,D1D,2,8083226,0,0,0,0,0.172173,1.690136,0,0,0,0,0,0,0,0,4.562309,1.213793,0,7.638411
D607536,550,5DXEC550MVF1,,,,,,,,,,,,,,,,,,,D6075360,PXMG,05/12/2026 12:24:26 PM,BPD450,8M5CL,8M5CL,07/16/2026 11:28:43 AM,8M5CL,D1D,1,8083058,0,0,0,0,1.117636,5.113334,0,0,0,0,0,0,0,4.891368,0,0,0,11.12234
D607536,557,5DXEC557MVF3,,,,,,,,,,,,,,,,,,,D6075360,PXMG,05/12/2026 12:24:26 PM,BPD450,8M5CL,8M5CL,07/16/2026 11:03:55 AM,8M5CL,D1D,2,8083113,0,0,0,0,0,5.424502,0,0,0,0,0,0,0,0,0,0,0,5.424502
D607532,705,5DXCT705MVC4,,,,,,,,,,,,,,,,,,,D6075320,PXMG,05/14/2026 6:26:09 AM,BPD432,8M5CL,8M5CL,07/11/2026 7:05:50 AM,8M5CL,D1D,1,8083107,0,0,0,0,0.251608,0.857214,0,0,0,0,0,0,0,3.208544,1.085905,6.3682,0.826822,12.59829
D607532,710,5DXCT710MVA4,,,,,,,,,,,,,,,,,,,D6075320,PXMG,05/14/2026 6:26:09 AM,BPD432,8M5CL,8M5CL,07/11/2026 1:11:57 PM,8M5CL,D1D,2,8083028,0,0,0,0,0.182598,0,0,0,0,0,0,0,0,17.72141,0,4.613651,0,22.51765
D607544,3,MCLPM003WAC6,,,,,,,,,,,,,,,,,,,D6075440,PXMG,05/16/2026 12:20:45 PM,BPD446,8M5CL,8M5CL,08/10/2026 9:16:31 AM,8M5CL,D1D,1,8084001,0,0,0,0,0.081649,0,0,0,0,0,0,0,0,0,0,52.77888,0,52.86053
D607544,60,MCLPM060WAC2,,,,,,,,,,,,,,,,,,,D6075440,PXMG,05/16/2026 12:20:45 PM,BPD446,8M5CL,8M5CL,08/05/2026 10:21:02 AM,8M5CL,D1D,2,8083964,0,0,0,0,0.618778,1.467302,1.849597,0,0,0,0,0,0,3.38858,0,1.053762,0,8.378019
D607544,64,MCLPM064WAE4,,,,,,,,,,,,,,,,,,,D6075440,PXMG,05/16/2026 12:20:45 PM,BPD446,8M5CL,8M5CL,08/08/2026 6:14:13 AM,8M5CL,D1D,3,8084027,0,0,0,0,5.373956,0,12.25487,0,0,0,0,0,0,1.05804,0,0.756528,0,18.58093
D607544,77,MCLPM077WAH0,,,,,,,,,,,,,,,,,,,D6075440,PXMG,05/16/2026 12:20:45 PM,BPD446,8M5CL,8M5CL,08/04/2026 2:34:39 PM,8M5CL,D1D,4,8084059,0,0,0,0,0.172173,0,0,0,1.58284,0,0,0,0,0,0,0.763242,0,2.518256
D608614,283,KJA9U283WFE0,,,,,,,,,,,,,,,,,,,D6086140,PXMG,05/15/2026 5:04:58 AM,BPD454,8M5CL,8M5CL,07/12/2026 2:01:31 AM,8M5CL,D1D,1,8123017,2.343225,0,0,0,0,0,0,0,0,0,1.979353,0,0,4.526599,0,5.964279,0,14.81346
D608614,292,KJA9U292WFE2,,,,,,,,,,,,,,,,,,,D6086140,PXMG,05/15/2026 5:04:58 AM,BPD454,8M5CL,8M5CL,07/12/2026 2:31:57 AM,8M5CL,D1D,2,8123027,0,0,0,0,0,5.409728,0,0,0,0,0,0,0,1.708126,0,0.756528,1.185374,9.059756
D606464,211,GT9FQ211JKG0,,,,,,,,,,,,,,,,,,,D6064640,PXMG,05/18/2026 3:17:50 AM,BPD448,8M5CL,8M5CL,07/19/2026 6:57:32 AM,8M5CL,D1D,1,8052089,0,0,0,0,0.17417,0,0.563335,0,0,0,0,1.510454,0,11.53137,0,0,0,13.19663
D606464,230,GT9FQ230JKD3,,,,,,,,,,,,,,,,,,,D6064640,PXMG,05/18/2026 3:17:50 AM,BPD448,8M5CL,8M5CL,07/20/2026 3:49:19 PM,8M5CL,D1D,2,8051948,0,0,0,0,0,0,0,0,0,0,0,0,0,2.766166,1.803352,0,0,4.569518
D608112,23,A2BDY023SLF3,,,,,,,,,,,,,,,,,,,D6081120,PXMG,05/19/2026 8:13:15 PM,BPD436,8M5CL,8M5CL,08/02/2026 5:18:03 AM,8M5CL,D1D,1,8121323,0,0,0,0,0,0,2.405988,0,0,0,0,0,0,2.454356,0,4.0139,0,8.874244
D608112,94,A2BP5094SLE5,,,,,,,,,,,,,,,,,,,D6081120,PXMG,05/19/2026 8:13:15 PM,BPD436,8M5CL,8M5CL,08/02/2026 3:02:42 PM,8M5CL,D1D,2,8121269,1.177897,0,0,0,0.341317,0.756748,0.608741,0,0,0,0,0,0,1.708126,0,1.912213,0.61226,7.117302
D608600,284,GT9ZP284JKG5,,,,,,,,,,,,,,,,,,,D6086000,PNCB,05/19/2026 1:46:41 AM,BPD432,8M5CL,8M5CL,07/13/2026 5:22:35 AM,8M5CL,D1D,1,8135991,0,0,0,0,0.379534,1.0179,1.283106,0,0,0,0,0,0,1.650528,0,4.26044,0,8.591509
D608600,286,GT9ZP286JKA3,,,,,,,,,,,,,,,,,,,D6086000,PNCB,05/19/2026 1:46:41 AM,BPD432,8M5CL,8M5CL,07/19/2026 7:45:05 AM,8M5CL,D1D,2,8135945,0,0,0,0,0,0,1.283106,0,0,0,0,0,0,1.606964,0.561864,10.92808,0,14.38001
D608610,651,GU2DU651JKD1,,,,,,,,,,,,,,,,,,,D6086100,PXMG,05/17/2026 6:13:24 PM,BPD436,8M5CL,8M5CL,07/06/2026 3:15:00 PM,8M5CL,D1D,1,8118909,0,0,0,0,0.081649,0,0,0,2.315923,0,0,0,0.321715,0,0,0,0.736396,3.348905
D608610,652,GU2DU652JKA0,,,,,,,,,,,,,,,,,,,D6086100,PXMG,05/17/2026 6:13:24 PM,BPD436,8M5CL,8M5CL,07/19/2026 7:15:33 AM,8M5CL,D1D,2,8118853,0,0,0,0,0,4.209307,0.705643,0,0,0,0,0,0,0,0,0,0,4.91495
D608120,233,5DXEG233MVF5,,,,,,,,,,,,,,,,,,,D6081200,PR8B,05/17/2026 11:22:06 PM,BPD444,8M5CL,8M5CL,08/08/2026 7:57:25 PM,8M5CL,D1D,1,8140736,0,0,0,0,2.40474,0,4.046959,0,0,0,0,0,0,2.032829,0,0.90034,0.86867,10.25354
D608120,239,5DXEG239MVB5,,,,,,,,,,,,,,,,,,,D6081200,PR8B,05/17/2026 11:22:06 PM,BPD444,8M5CL,8M5CL,05/18/2026 6:36:02 AM,8M5CL,D1D,2,8140612,0,0,0,0,0.100386,1.306655,0,0,0,0,0,0,0,0,0,0,0,1.407041
D607562,7,KJ9HA007WFB7,,,,,,,,,,,,,,,,,,,D6075620,PXMG,05/17/2026 6:19:25 AM,BPD458,8M5CL,8M5CL,05/17/2026 4:31:28 PM,8M5CL,D1D,1,8089206,1.149079,0,0,0,0,2.796772,0,0,0,0,0,0,0,2.570307,0,0.763242,0,7.279401
D607562,23,KJ97L023WFG0,,,,,,,,,,,,,,,,,,,D6075620,PXMG,05/17/2026 6:19:25 AM,BPD458,8M5CL,8M5CL,07/16/2026 10:07:35 PM,8M5CL,D1D,2,8089250,0,0,0,0,0.817264,0.645297,0,0,0,0,0,0,0,5.610074,0,24.79391,0,31.86655
D608632,626,GU1PU626JKA6,,,,,,,,,,,,,,,,,,,D6086320,PXMG,05/23/2026 7:19:57 AM,BPD446,8M5CL,8M5CL,07/21/2026 10:24:55 AM,8M5CL,D1D,1,8128021,1.372978,0,0,0,0,0,0,0,0,0,0,0,0,1.275421,0,3.823873,0,6.472272
D608632,627,GU1PU627JKF0,,,,,,,,,,,,,,,,,,,D6086320,PXMG,05/23/2026 7:19:57 AM,BPD446,8M5CL,8M5CL,07/21/2026 10:18:56 AM,8M5CL,D1D,2,8128197,0,0,0,0,0,0,0,0,0,0,0,0,0,21.63369,0,1.017755,9.772134,32.42358
D606463,14,KJAUC014WFE1,,,,,,,,,,,,,,,,,,,D6064630,PXMG,05/23/2026 9:28:22 PM,BPD458,8M5CL,8M5CL,08/01/2026 11:48:05 AM,8M5CL,D1D,1,8051954,0,0,0,0,0.837019,0,0,0,0,0,0,0,0,0,0,2.269584,0,3.106603
D606463,20,KJAUC020WFG3,,,,,,,,,,,,,,,,,,,D6064630,PXMG,05/23/2026 9:28:22 PM,BPD458,8M5CL,8M5CL,08/01/2026 10:56:55 AM,8M5CL,D1D,2,8051970,1.264277,0,0.456741,0,0.772382,0,0,0,0,0,0,0,0,0,0,5.854828,0,8.348228
D608618,440,GU2DU440JKD4,,,,,,,,,,,,,,,,,,,D6086180,PXMG,05/23/2026 1:26:30 AM,BPD454,8M5CL,8M5CL,05/25/2026 9:50:41 AM,8M5CL,D1D,1,8124853,0,0,0,0,0.424892,2.870188,0,0,0,0,0,0,0,7.981481,0,2.597412,0,13.87397
D608618,441,GU2DU441JKA3,,,,,,,,,,,,,,,,,,,D6086180,PXMG,05/23/2026 1:26:30 AM,BPD454,8M5CL,8M5CL,07/24/2026 1:53:34 AM,8M5CL,D1D,2,8124974,0,0,0,0,0,0,0.760238,0,0,0,0,0,0,0,0,0,0,0.760238
D608613,14,MCLPG014WAB7,,,,,,,,,,,,,,,,,,,D6086130,PXMG,05/23/2026 1:08:30 AM,BPD454,8M5CL,8M5CL,08/06/2026 7:50:48 AM,8M5CL,D1D,1,8119029,0,0,0,0,0.080931,5.624032,0,0,0,0,0,0,0,0,0,5.004082,0,10.70904
D608613,23,MCLPG023WAC1,,,,,,,,,,,,,,,,,,,D6086130,PXMG,05/23/2026 1:08:30 AM,BPD454,8M5CL,8M5CL,08/04/2026 7:43:54 AM,8M5CL,D1D,2,8119028,0,0,0,0,0,0,0,0,0,0,0,0,0,2.53181,0,0,0,2.53181
D608641,218,KJA9U218WFB1,,,,,,,,,,,,,,,,,,,D6086410,PXMG,05/21/2026 4:48:01 AM,BPD444,8M5CL,8M5CL,07/18/2026 5:48:08 AM,8M5CL,D1D,1,8129968,0,0,0,0,0.080931,1.051002,0.608741,0,0,0,0,0,0,1.05804,0,2.335341,0,5.134055
D608641,219,KJA9U219WFF3,,,,,,,,,,,,,,,,,,,D6086410,PXMG,05/21/2026 4:48:01 AM,BPD444,8M5CL,8M5CL,07/19/2026 3:35:18 AM,8M5CL,D1D,2,8130048,0,0,0,0,0.620356,0,1.339668,0,0,0,0,0,0,3.69865,0,1.657833,0,7.316506
D608633,26,A2BJ8026SLB5,,,,,,,,,,,,,,,,,,,D6086330,PXMG,05/28/2026 6:39:03 AM,BPD458,8M5CL,8M5CL,08/01/2026 1:06:11 PM,8M5CL,D1D,1,8128557,0,0,0,0,0.468174,0,0.641538,0,0,0,0,0,0,3.552797,0,9.960119,0.769244,15.39187
D608633,31,A2BJ8031SLH0,,,,,,,,,,,,,,,,,,,D6086330,PXMG,05/28/2026 6:39:03 AM,BPD458,8M5CL,8M5CL,08/01/2026 12:29:12 AM,8M5CL,D1D,2,8128587,0,0,0,0,0,0,0,0,0,0,0,0,0,4.365637,0,2.603954,0,6.969591
D608630,376,GU2DU376JKG4,,,,,,,,,,,,,,,,,,,D6086300,PXMG,05/28/2026 4:53:20 PM,BPD454,8M5CL,8M5CL,05/29/2026 7:53:48 AM,8M5CL,D1D,1,8128403,0.686712,0,0,0,0.650977,0,0,0,0,0,0,0,0,5.455357,0,15.40878,6.724657,28.78427
D608630,377,GU2DU377JKD3,,,,,,,,,,,,,,,,,,,D6086300,PXMG,05/28/2026 4:53:20 PM,BPD454,8M5CL,8M5CL,08/01/2026 12:35:09 AM,8M5CL,D1D,2,8128256,0,0,0,0,0.787948,1.138846,1.435565,0,0,0,0,0,0,0,1.036374,2.594385,0,6.99312
D608630,378,GU2DU378JKA2,,,,,,,,,,,,,,,,,,,D6086300,PXMG,05/28/2026 5:42:24 PM,BPD454,8M5CL,8M5CL,08/01/2026 9:46:50 AM,8M5CL,D1D,3,8128402,1.138971,0,0,0,0.462274,1.053421,0,0,0,0,0,0,0,0,0,13.47932,0,16.07018
D608630,379,GU2DU379JKE4,,,,,,,,,,,,,,,,,,,D6086300,PXMG,05/28/2026 5:42:24 PM,BPD454,8M5CL,8M5CL,08/01/2026 12:05:20 PM,8M5CL,D1D,4,8128360,0,0,0,0,0.219911,2.898978,0,0,0,0,0,0,0,2.201089,0,7.506146,0,12.82612
D608625,4,A2AMA004SLC0,,,,,,,,,,,,,,,,,,,D6086250,PXMG,05/28/2026 7:02:56 PM,BPD436,8M5CL,8M5CL,08/04/2026 9:19:06 PM,8M5CL,D1D,1,8126352,0,0,0,0,0.183975,2.271243,0,0,0,0,0,0,0,2.622599,0,1.631123,0,6.70894
D608625,15,A2BJ8015SLA2,,,,,,,,,,,,,,,,,,,D6086250,PXMG,05/28/2026 7:02:56 PM,BPD436,8M5CL,8M5CL,08/03/2026 9:23:32 PM,8M5CL,D1D,2,8126486,0,0,0,0,0.320444,0,4.309749,0,0,0,0,0,0,1.259669,0.692281,0.763242,2.607162,9.87546
D609160,426,GU2MA426JKC5,,,,,,,,,,,,,,,,,,,D6091600,PXMG,05/27/2026 1:50:08 PM,BPD446,8M5CL,8M5CL,08/01/2026 10:15:49 AM,8M5CL,D1D,1,8154937,1.215798,0,0,0,0.182169,0,0,0,0,0,0,0,0,2.952753,0,1.685309,4.300491,10.33652
D609160,427,GU2MA427JKG7,,,,,,,,,,,,,,,,,,,D6091600,PXMG,05/27/2026 1:50:08 PM,BPD446,8M5CL,8M5CL,08/01/2026 1:11:17 PM,8M5CL,D1D,2,8155039,0,0,0,0,0.330985,1.06033,2.679335,0,0,0,0,0,0,5.320286,0,2.421075,0,11.81201
D608116,246,KJ7HD246WFD7,,,,,,,,,,,,,,,,,,,D6081160,PXMG,05/25/2026 5:17:42 PM,BPD454,8M5CL,8M5CL,07/19/2026 10:31:30 PM,8M5CL,D1D,1,8123045,0,0,0,0,0.080931,1.053421,0,0,0,0,0,0,0,1.708126,0,3.222062,0,6.06454
D608116,334,KJ7HD334WFE6,,,,,,,,,,,,,,,,,,,D6081160,PXMG,05/25/2026 5:17:42 PM,BPD454,8M5CL,8M5CL,07/21/2026 9:34:22 PM,8M5CL,D1D,2,8123156,0,0,0,0,0.280852,0,0,0,0,0,0,0,0,0,0,0.956568,0.575887,1.813308
D606465,505,KJAUF505WFA5,,,,,,,,,,,,,,,,,,,D6064650,PXMG,05/25/2026 7:36:45 PM,BPD454,8M5CL,8M5CL,07/18/2026 6:55:23 AM,8M5CL,D1D,1,8052111,0,0,0,0,0.206972,0,0.677191,0,0,0,0,1.19782,0,2.071581,0,4.735536,0,8.889101
D606465,507,KJAUF507WFB6,,,,,,,,,,,,,,,,,,,D6064650,PXMG,05/25/2026 7:36:45 PM,BPD454,8M5CL,8M5CL,07/19/2026 4:00:17 AM,8M5CL,D1D,2,8052019,9.618134,0,0,0,0.314014,0,1.625824,0,1.625668,0,0,0,0,11.96253,0,0.783894,1.536007,20.47457
D608621,25,A29JN025SLD4,,,,,,,,,,,,,,,,,,,D6086210,PXMG,05/24/2026 12:42:20 PM,BPD454,8M5CL,8M5CL,07/20/2026 6:15:07 PM,8M5CL,D1D,1,8126311,0,0,0,0,0.186559,8.778965,0,0,0,0,0,0,0,0,0,5.248196,0,14.21372
D608621,53,A2AQR053SLB6,,,,,,,,,,,,,,,,,,,D6086210,PXMG,05/24/2026 12:42:20 PM,BPD454,8M5CL,8M5CL,07/21/2026 11:27:50 AM,8M5CL,D1D,2,8126305,0,0,0,0,0.491055,1.316999,1.660134,0,0,0,0,0,0,0,0,0,0,3.468188
D608645,114,KJA9W114WFA4,,,,,,,,,,,,,,,,,,,D6086450,PXMG,05/28/2026 10:40:47 PM,BPD436,8M5CL,8M5CL,08/14/2026 10:47:10 AM,8M5CL,D1D,1,8134221,0,0,0,0,0,0.65682,4.61176,0,0,0,0,1.064917,0,0.806644,0,0,0.812518,7.952659
D608645,147,KJA9W147WFE5,,,,,,,,,,,,,,,,,,,D6086450,PXMG,05/28/2026 10:40:47 PM,BPD436,8M5CL,8M5CL,08/13/2026 2:43:28 AM,8M5CL,D1D,2,8134332,0.651507,0,0,0,0.500651,0,2.623022,0,0,0,0,0,0,1.975892,0,0,0,5.75107
D608645,152,KJA9W152WFC5,,,,,,,,,,,,,,,,,,,D6086450,PXMG,05/28/2026 10:40:47 PM,BPD436,8M5CL,8M5CL,08/13/2026 1:28:41 AM,8M5CL,D1D,3,8134309,0,3.114527,0,0,0,0,0,0,0,0,0,0,0,5.32033,0,7.251847,3.34957,18.01212
D608645,169,KJA9W169WFA0,,,,,,,,,,,,,,,,,,,D6086450,PXMG,05/28/2026 10:40:47 PM,BPD436,8M5CL,8M5CL,08/13/2026 1:33:12 AM,8M5CL,D1D,4,8134187,0,0,0,0,1.027297,0,7.143142,0,0,0,0,0,0,0,0,1.592824,0,9.643091
D608645,178,KJA9W178WFA2,,,,,,,,,,,,,,,,,,,D6086450,PXMG,05/28/2026 10:40:47 PM,BPD436,8M5CL,8M5CL,08/13/2026 2:42:33 AM,8M5CL,D1D,5,8134145,0,0,0,0,0,0.865609,0,0,0,0,0,0,0,0,2.313863,12.64261,0,15.82208
D608645,653,KJA9P653WFH2,,,,,,,,,,,,,,,,,,,D6086450,PXMG,05/28/2026 10:40:47 PM,BPD436,8M5CL,8M5CL,08/13/2026 1:32:04 AM,8M5CL,D1D,6,8134067,0,0,0,0,0.30135,0,1.372212,0,0,0,0,0,0,3.44295,0,0.849735,0,5.966247
D608639,293,KJ7HD293WFG2,,,,,,,,,,,,,,,,,,,D6086390,PXMG,05/30/2026 3:47:42 AM,BPD446,8M5CL,8M5CL,08/01/2026 7:59:27 AM,8M5CL,D1D,1,8130237,1.977658,0,0,0,0.702005,0,0.736396,0,0,0,0,0,0,0,0,1.803422,0,5.219481
D608639,333,KJ7HD333WFA4,,,,,,,,,,,,,,,,,,,D6086390,PXMG,05/30/2026 3:47:42 AM,BPD446,8M5CL,8M5CL,08/01/2026 10:44:10 AM,8M5CL,D1D,2,8130325,0,0,0,0,0.480563,0.925877,0,0,0,0,0,0,0,2.089881,0,3.424479,0,6.920801
D607518,664,MCLPL664WAG2,,,,,,,,,,,,,,,,,,,D6075180,PNCB,06/04/2026 10:19:17 PM,BPD436,8M5CL,8M5CL,08/03/2026 1:40:57 AM,8M5CL,D1D,1,8097524,0,0,0,0,0.965199,0,0.539551,0,0,0,0,0,0,10.3694,0,1.587839,0,13.46199
D607518,672,MCLPL672WAC2,,,,,,,,,,,,,,,,,,,D6075180,PNCB,06/04/2026 10:19:17 PM,BPD436,8M5CL,8M5CL,08/07/2026 1:34:14 PM,8M5CL,D1D,2,8097430,0,0,0,0,0.20358,0,0,0,0,0,0,0,0,0,0,0,0,0.20358
D607888,819,GU0MN819JKB1,,,,,,,,,,,,,,,,,,,D6078880,PR8B,05/31/2026 7:08:34 AM,BPD436,8M5CL,8M5CL,05/31/2026 9:52:24 AM,8M5CL,D1D,1,8109947,1.133029,0,0,0,8.558541,0,0,0,1.560732,0,0,0,0,0,0,2.387258,0,13.55164
D607888,820,GU0MN820JKE2,,,,,,,,,,,,,,,,,,,D6078880,PR8B,05/31/2026 7:08:34 AM,BPD436,8M5CL,8M5CL,05/31/2026 9:52:18 AM,8M5CL,D1D,2,8109875,0,0,0,0,2.333765,3.012675,0,0,0,0,0,0,0,0,0,3.58711,3.188596,12.12215
D608109,299,KJA6D299WFD7,,,,,,,,,,,,,,,,,,,D6081090,PXMG,05/31/2026 2:37:37 AM,BPD458,8M5CL,8M5CL,08/04/2026 6:21:30 PM,8M5CL,D1D,1,8120681,0,0,0,0,3.369284,1.362893,0,0,0,0,0,0,0,2.209935,0,0,0,6.942112
D608109,313,KJA6D313WFA4,,,,,,,,,,,,,,,,,,,D6081090,PXMG,05/31/2026 2:37:37 AM,BPD458,8M5CL,8M5CL,08/06/2026 4:50:10 AM,8M5CL,D1D,2,8120674,0,0,0,0,0.081649,1.826235,0,0,0,0,0,0,0,0,0,3.184318,0,5.092201
D609137,61,GT9ZQ061JKB6,,,,,,,,,,,,,,,,,,,D6091370,PNCB,05/31/2026 9:22:59 AM,BPD436,8M5CL,8M5CL,08/03/2026 11:55:51 PM,8M5CL,D1D,1,8169643,0.97724,0,0,0,0.575016,0,3.799713,0,0,0,0,0,0,0,0,0,0,5.351969
D609137,62,GT9ZQ062JKG0,,,,,,,,,,,,,,,,,,,D6091370,PNCB,05/31/2026 9:22:59 AM,BPD436,8M5CL,8M5CL,08/12/2026 10:01:36 PM,8M5CL,D1D,2,8169542,0,0,0,0,4.985006,0,1.326844,0,0,0,0,0,0,2.430864,0,1.511875,0,10.25459
D606ECR,251,GU2ZJ251JKC1,,,,,,,,,,,,,,,,,,,D606ECR0,X78E,07/17/2026 1:00:03 AM,BPD446,8M5CL,8M5CL,07/17/2026 8:19:47 AM,8M5CL,D1D,1,8073823,0,0,0,0,0,0.642795,0,0,0,0,0,0,0,0,1.392212,0,0,2.035007
D606ECR,252,GU2ZJ252JKG3,,,,,,,,,,,,,,,,,,,D606ECR0,X78E,07/17/2026 1:00:03 AM,BPD446,8M5CL,8M5CL,08/24/2026 7:33:59 AM,8M5CL,D1D,2,8073769,0,0,0,0,0,1.172769,1.04202,0,0,0,0,1.077183,0,1.560059,0,0,0,4.85203
D606ECQ,560,5DXCL560MVH0,,,,,,,,,,,,,,,,,,,D606ECQA,X78E,08/12/2026 1:51:03 AM,BPD458,8M5CL,8M5CL,08/12/2026 8:26:33 AM,8M5CL,D1D,1,8501847,0,0,0,0,0,0,0,0,0,0,0,0,0,2.840027,0,0,0,2.840027
D606ECQ,561,5DXCL561MVD7,,,,,,,,,,,,,,,,,,,D606ECQA,X78E,08/12/2026 1:51:03 AM,BPD458,8M5CL,8M5CL,08/12/2026 8:26:30 AM,8M5CL,D1D,2,8501865,0,0,0,0,0,0.550943,0,0,0,0,0,0,0,2.655891,0,0,0,3.206834
D551246,46,KJ7HA046WFE4,,,,,,,,,,,,,,,,,,,D5512460,PXMG,02/28/2026 2:01:06 PM,BPD446,8M5CL,8M5CL,05/01/2026 5:48:41 PM,8M5CL,D1D,1,7815162,0,0,0,0,0,0,2.001428,0,0,0,0,0,0,0,1.017165,4.221502,0,7.240095
D551246,56,KJ7HA056WFB5,,,,,,,,,,,,,,,,,,,D5512460,PXMG,02/28/2026 2:01:06 PM,BPD446,8M5CL,8M5CL,03/01/2026 8:54:42 AM,8M5CL,D1D,2,7815067,0,0,0,0,0,1.121445,2.82726,0,0,0,0,0,0,14.67613,0,5.179484,0,23.80431
D551247,424,KJ7JA424WFE2,,,,,,,,,,,,,,,,,,,D5512470,PXMG,03/07/2026 12:04:52 PM,BPD448,8M5CL,8M5CL,04/21/2026 2:05:42 PM,8M5CL,D1D,1,7815207,0,0,0,0,0.331702,2.096183,1.327883,0,0,0,0,0,0,0,0,0,0,3.755766
D551247,425,KJ7JA425WFB1,,,,,,,,,,,,,,,,,,,D5512470,PXMG,03/07/2026 12:04:52 PM,BPD448,8M5CL,8M5CL,04/18/2026 12:12:33 PM,8M5CL,D1D,2,7815132,0,0,0,1.193522,0,0,0,0,0,0,0,0,0,1.148407,1.957375,3.567197,0,7.866498
D550188,312,5DWZH312MVB3,,,,,,,,,,,,,,,,,,,D5501880,PXMG,03/04/2026 1:41:52 AM,BPD444,8M5CL,8M5CL,04/08/2026 2:13:03 PM,8M5CL,D1D,1,7782515,0,0,0,0,0,0,0,0,0,0,0,0,0,0,0,9.821213,0,9.821213
D550188,320,5DWZH320MVE6,,,,,,,,,,,,,,,,,,,D5501880,PXMG,03/04/2026 1:41:52 AM,BPD444,8M5CL,8M5CL,07/01/2026 8:22:04 AM,8M5CL,D1D,2,7782636,0,0,0,0,0,0,0,0,0,0,0,0,0,1.888087,0,2.113676,0,4.001763
D550963,251,GT6QX251JKC3,,,,,,,,,,,,,,,,,,,D5509630,PXMG,03/13/2026 3:54:25 AM,BPD454,8M5CL,8M5CL,06/07/2026 3:25:22 AM,8M5CL,D1D,1,7796433,0,0,0,0,0,0,3.517062,0,0,0,0,0,0,7.361092,0,5.752017,0.786386,15.19848
D550963,252,GT6QX252JKG5,,,,,,,,,,,,,,,,,,,D5509630,PXMG,03/13/2026 3:54:25 AM,BPD454,8M5CL,8M5CL,06/09/2026 1:19:34 AM,8M5CL,D1D,2,7796437,0,0,0,0,0.646913,0,0,0,0,0,0,0,0,5.993904,0.611743,1.728801,0,8.981361
D550959,275,KJ7KG275WFB1,,,,,,,,,,,,,,,,,,,D5509590,PXMG,03/12/2026 2:29:41 PM,BPD454,8M5CL,8M5CL,07/01/2026 6:58:25 AM,8M5CL,D1D,1,7794029,0,0,0,0,0.38739,0,0.614144,0,0,0,0,0,0,0,0,4.0139,0,5.015433
D550959,352,KJ7JC352WFD4,,,,,,,,,,,,,,,,,,,D5509590,PXMG,03/12/2026 2:29:41 PM,BPD454,8M5CL,8M5CL,07/01/2026 1:58:57 AM,8M5CL,D1D,2,7794039,0,0,0,0,0,2.305071,0,0,0,0,0,0,0,0,0,7.29338,0,9.59845
D550176,350,KJ7KN350WFC1,,,,,,,,,,,,,,,,,,,D5501760,PXMG,03/12/2026 9:00:36 PM,BPD448,8M5CL,8M5CL,07/01/2026 5:39:52 AM,8M5CL,D1D,1,7777291,0,0,0,0,0.380949,1.297872,0,0,0,0,0,0,0,1.814605,0,2.707766,0.781137,6.98233
D550176,353,KJ7KN353WFA1,,,,,,,,,,,,,,,,,,,D5501760,PXMG,03/12/2026 9:00:36 PM,BPD448,8M5CL,8M5CL,04/08/2026 2:10:49 PM,8M5CL,D1D,2,7777428,0.761689,1.267337,0,0,0.172173,0,0,0,0,0,0,0,0,1.7985,0,2.616729,0,6.616429
D550187,326,GT4TS326JKF2,,,,,,,,,,,,,,,,,,,D5501870,PXMG,03/10/2026 11:23:47 AM,BPD450,8M5CL,8M5CL,04/20/2026 11:54:45 PM,8M5CL,D1D,1,7782366,0,0,0,0,0,4.12328,0,0,0,0,0,0,0,2.228637,0,2.143992,0.952344,9.448253
D550187,327,GT4TS327JKC1,,,,,,,,,,,,,,,,,,,D5501870,PXMG,03/10/2026 11:23:47 AM,BPD450,8M5CL,8M5CL,04/20/2026 7:51:43 AM,8M5CL,D1D,2,7782204,0,0,0,0,0,0,0,0,0,0,0,0,0,2.206083,0,8.268906,1.127262,11.15184
D550180,26,A22SS026SLB3,,,,,,,,,,,,,,,,,,,D5501800,PXMG,03/19/2026 7:47:56 PM,BPD436,8M5CL,8M5CL,07/01/2026 6:54:16 AM,8M5CL,D1D,1,7779576,0,0,0,0,0.239839,3.994699,0,0,0,0,2.039877,0,0,4.737768,0,2.218831,2.673166,15.90418
D550180,28,A22SS028SLC4,,,,,,,,,,,,,,,,,,,D5501800,PXMG,03/19/2026 7:47:56 PM,BPD436,8M5CL,8M5CL,07/01/2026 3:26:02 AM,8M5CL,D1D,2,7779650,0.751384,0,0,0,0.873731,4.651324,0.973777,0,0,0,0,0,0,5.353364,0,8.616422,0,21.22
D550180,31,A22SS031SLG6,,,,,,,,,,,,,,,,,,,D5501800,PXMG,03/19/2026 7:47:56 PM,BPD436,8M5CL,8M5CL,07/01/2026 7:03:30 AM,8M5CL,D1D,3,7779670,2.191146,0,0,0,0,0,0.645996,0,0,0,0,0,0,0,0,0.951313,1.071403,4.859858
D550180,32,A22SS032SLD5,,,,,,,,,,,,,,,,,,,D5501800,PXMG,03/19/2026 7:47:56 PM,BPD436,8M5CL,8M5CL,07/01/2026 7:04:56 AM,8M5CL,D1D,4,7779635,2.149178,0,0,0,0,1.192629,0,0,0,0,1.37256,0,0,2.001248,20.49655,10.88947,0,37.41321
D550175,113,KJ7JD113WFG5,,,,,,,,,,,,,,,,,,,D5501750,PXMG,03/19/2026 4:08:20 AM,BPD450,8M5CL,8M5CL,06/02/2026 5:16:33 AM,8M5CL,D1D,1,7777360,0,0,0,0,0.473306,0,0.844141,0,0,0,0,0,0,7.465461,0,0,0.631581,9.414491
D550175,336,KJ7HW336WFF5,,,,,,,,,,,,,,,,,,,D5501750,PXMG,03/19/2026 4:08:20 AM,BPD450,8M5CL,8M5CL,07/01/2026 5:55:27 AM,8M5CL,D1D,2,7777449,0,0,0,0,0,4.791622,0,0,0,0,0,0,0,0,0,0,0,4.791622
D550173,85,A22G8085SLA1,,,,,,,,,,,,,,,,,,,D5501730,PXMG,03/20/2026 2:56:47 PM,BPD450,8M5CL,8M5CL,07/01/2026 5:46:04 AM,8M5CL,D1D,1,7777551,2.691332,0,0,0,0.243614,1.127082,0,0,0,0,0,0,0,0,0,0,0,4.062031
D550173,86,A22G8086SLE3,,,,,,,,,,,,,,,,,,,D5501730,PXMG,03/20/2026 2:56:47 PM,BPD450,8M5CL,8M5CL,04/08/2026 2:09:39 PM,8M5CL,D1D,2,7777524,0,0,0.490813,0,0.347845,1.905226,3.893978,0,0,0,0,0,0,4.074984,0,5.252102,0,15.96495
D551241,71,GT4JU071JKC0,,,,,,,,,,,,,,,,,,,D5512410,PXMG,03/25/2026 8:01:15 PM,BPD436,8M5CL,8M5CL,04/08/2026 2:09:18 PM,8M5CL,D1D,1,7805154,0,0,0,0,0.373077,1.769346,2.230336,0,0,0,0,0,0,4.878098,0,8.18045,0,17.43131
D551241,94,GT4JU094JKB5,,,,,,,,,,,,,,,,,,,D5512410,PXMG,03/25/2026 8:01:15 PM,BPD436,8M5CL,8M5CL,05/31/2026 2:03:39 AM,8M5CL,D1D,2,7805150,0,0,0,0,0,0,1.853692,0,0,0,0,4.702205,0,2.384502,0,9.960139,0,18.90054
D551253,51,A24ZM051SLB3,,,,,,,,,,,,,,,,,,,D5512530,PXMG,03/25/2026 5:29:03 PM,BPD450,8M5CL,8M5CL,06/01/2026 8:55:49 PM,8M5CL,D1D,1,7817700,1.402291,0,0,0,0,1.452925,0.749477,0,0,0,0,0,0,5.50871,0,2.023155,0.898669,12.03522
D551253,53,A25FQ053SLE7,,,,,,,,,,,,,,,,,,,D5512530,PXMG,03/25/2026 5:29:03 PM,BPD450,8M5CL,8M5CL,06/04/2026 5:26:05 AM,8M5CL,D1D,2,7817945,0,0,0,0,0,0.763464,0,0,0,0,0,0,0,1.723286,0,0,0,2.48675
D551254,2,A25G6002SLA4,,,,,,,,,,,,,,,,,,,D5512540,PXMG,03/28/2026 10:57:54 PM,BPD446,8M5CL,8M5CL,06/01/2026 11:16:39 AM,8M5CL,D1D,1,7818327,0,0,0,0,0.170659,1.051002,0,0,0,0,0,0,0,2.766166,0.958635,1.977969,0,6.924431
D551254,5,A25G6005SLF7,,,,,,,,,,,,,,,,,,,D5512540,PXMG,03/28/2026 10:57:54 PM,BPD446,8M5CL,8M5CL,06/03/2026 1:03:08 PM,8M5CL,D1D,2,7818339,0,0,0,0,0.222008,1.367242,0,0,0,0,0,0,0,6.329537,5.100191,3.471747,3.509561,20.00029
D551240,504,GT5JE504JKE2,,,,,,,,,,,,,,,,,,,D5512400,PXMG,04/04/2026 2:42:32 PM,BPD444,8M5CL,8M5CL,04/08/2026 2:06:22 PM,8M5CL,D1D,1,7805113,0,0,1.238892,0,0.276498,0.734496,2.147915,0,0,0,0,0,1.272982,6.580292,0,2.987263,0.566956,15.80529
D551240,505,GT5JE505JKB1,,,,,,,,,,,,,,,,,,,D5512400,PXMG,04/04/2026 2:42:32 PM,BPD444,8M5CL,8M5CL,07/14/2026 1:13:15 AM,8M5CL,D1D,2,7805020,0,0,0.134668,0,0.456423,0,22.28727,0,0,0,0,0,0,12.61132,3.313594,1.187381,0,39.50488
D551240,507,GT5JE507JKC2,,,,,,,,,,,,,,,,,,,D5512400,PXMG,04/04/2026 2:42:32 PM,BPD444,8M5CL,8M5CL,07/14/2026 2:55:54 AM,8M5CL,D1D,3,7805036,2.518109,0,0,0,0.756346,1.126004,2.232719,0,0,0,0,0,0,0,0,4.321595,0,10.95477
D551240,508,GT5JE508JKG4,,,,,,,,,,,,,,,,,,,D5512400,PXMG,04/04/2026 2:42:32 PM,BPD444,8M5CL,8M5CL,07/13/2026 11:03:02 PM,8M5CL,D1D,4,7804964,0,0,0,0,0.170659,1.053421,0.558379,0,0,0,0,0.956656,0,1.708126,0,0.822284,0.541885,5.811411
D552352,13,KJ6TQ013WFD5,,,,,,,,,,,,,,,,,,,D5523520,PXMG,04/04/2026 3:58:44 PM,BPD450,8M5CL,8M5CL,04/08/2026 2:06:03 PM,8M5CL,D1D,1,7851790,0,0,0.138883,0,0,0,1.339668,0,0,0,0,0,0,3.99844,0,10.0106,0,14.84307
D552352,61,KJ6TQ061WFC7,,,,,,,,,,,,,,,,,,,D5523520,PXMG,04/04/2026 3:58:44 PM,BPD450,8M5CL,8M5CL,07/18/2026 6:41:37 PM,8M5CL,D1D,2,7851768,0,0,0,0,0.172173,0,0,0,0,0,0,0,0,0,0,1.165941,0,1.338114
D552322,56,A25YU056SLC3,,,,,,,,,,,,,,,,,,,D5523220,PNCB,04/03/2026 11:19:19 PM,BPD450,8M5CL,8M5CL,06/01/2026 7:17:25 PM,8M5CL,D1D,1,7843660,0,0,0,0,0,0,0.539551,0,0,0,0,0,0,2.044725,0,11.59686,0,14.18114
D552322,61,A25YU061SLA3,,,,,,,,,,,,,,,,,,,D5523220,PNCB,04/03/2026 11:19:19 PM,BPD450,8M5CL,8M5CL,06/05/2026 2:43:00 AM,8M5CL,D1D,2,7843630,0,0,0.850489,0,0.242946,2.177363,2.904778,0,0,0,0,0,0,1.157244,0,6.006558,0.343252,13.42615
D552322,62,A25YU062SLE5,,,,,,,,,,,,,,,,,,,D5523220,PNCB,04/03/2026 11:19:19 PM,BPD450,8M5CL,8M5CL,06/05/2026 2:43:18 AM,8M5CL,D1D,3,7843738,0,0,0,0,0,0,0,0,0,0,0,0,0,0,0,0.794557,0,0.794557
D552322,63,A25YU063SLB4,,,,,,,,,,,,,,,,,,,D5523220,PNCB,04/03/2026 11:19:19 PM,BPD450,8M5CL,8M5CL,06/01/2026 5:14:28 PM,8M5CL,D1D,4,7843694,0,0,0,0,0,0,0,0,0,0,0,0,0,0,0,2.335419,0.39209,2.727509
D552335,66,KJ7HG066WFB0,,,,,,,,,,,,,,,,,,,D5523350,PXMG,04/01/2026 11:27:01 PM,BPD442,8M5CL,8M5CL,04/08/2026 2:07:36 PM,8M5CL,D1D,1,7847063,0,0,0,0,0.22212,0,4.476476,0,0,0,0,0,0,1.05804,0,3.97859,0,9.735226
D552335,70,KJ7HG070WFC1,,,,,,,,,,,,,,,,,,,D5523350,PXMG,04/01/2026 11:27:01 PM,BPD442,8M5CL,8M5CL,06/29/2026 5:58:15 PM,8M5CL,D1D,2,7847025,0,0,0,0,0,0.806496,0,0,0,0,0,0,0,8.685292,0,1.034049,0,10.52584
D551257,314,KJ7KG314WFF7,,,,,,,,,,,,,,,,,,,D5512570Q,PXMG,04/02/2026 1:55:00 PM,BPD458,8M5CL,8M5CL,07/14/2026 1:14:10 AM,8M5CL,D1D,1,8364211,0,0,0,0,0.47371,0,1.327883,0,0,0,0,0,0,0,0.958635,1.513056,0,4.273284
D551257,368,KJ7KN368WFD6,,,,,,,,,,,,,,,,,,,D5512570Q,PXMG,04/02/2026 1:55:00 PM,BPD458,8M5CL,8M5CL,07/14/2026 12:26:27 AM,8M5CL,D1D,2,8364208,0,0,0,0,0,1.549086,1.952689,0,0,0,0,0,0,1.555877,1.4097,2.908659,0,9.376013
D551257,375,KJ7KN375WFC7,,,,,,,,,,,,,,,,,,,D5512570Q,PXMG,04/02/2026 1:55:00 PM,BPD458,8M5CL,8M5CL,07/14/2026 1:07:27 AM,8M5CL,D1D,3,8364165,0,0,0,0,0,0.841457,1.476523,0,0,0,0,0,0,0.731071,0,0,0.348957,3.39801
D551257,376,KJ7KG376WFE4,,,,,,,,,,,,,,,,,,,D5512570Q,PXMG,04/02/2026 1:55:00 PM,BPD458,8M5CL,8M5CL,07/14/2026 1:05:14 AM,8M5CL,D1D,4,8364206,0,0,0,0,0.373857,2.442165,0,0,0,0,1.797392,0,0,0,3.537268,6.452813,1.084644,15.68814
D551257,283,KJ7KG283WFE4,,,,,,,,,,,,,,,,,,,D5512570,PXMG,04/02/2026 1:31:33 PM,BPD432,8M5CL,8M5CL,07/13/2026 10:50:31 PM,8M5CL,D1D,1,7820829,0,0,0,0,0.172173,0,0,0,0,0,0,0,0,1.7985,1.612857,0,0,3.583531
D551257,311,KJ7KG311WFA4,,,,,,,,,,,,,,,,,,,D5512570,PXMG,04/02/2026 1:31:33 PM,BPD432,8M5CL,8M5CL,07/14/2026 2:16:34 AM,8M5CL,D1D,2,7820815,1.711362,0,0,0,0.462467,1.427332,0,0,0,0,0,0,0,3.235186,0,2.13921,0,8.975558
D550174,45,KJ7HA045WFA2,,,,,,,,,,,,,,,,,,,D5501740,PXMG,04/01/2026 10:13:38 PM,BPD432,8M5CL,8M5CL,07/05/2026 9:17:08 AM,8M5CL,D1D,1,7777173,0,0,0,0,0,0,0.563335,0,0,0,0,0,0,5.169857,0,5.540384,0,11.27358
D550174,53,KJ7HA053WFD5,,,,,,,,,,,,,,,,,,,D5501740,PXMG,04/01/2026 10:13:38 PM,BPD432,8M5CL,8M5CL,07/02/2026 2:30:50 AM,8M5CL,D1D,2,7777298,0,0,0,0,0,0,0,0,0,0,0,0,0,2.758883,0,4.659574,0,7.418455
D552342,313,GT9FQ313JKG2,,,,,,,,,,,,,,,,,,,D5523420,PXMG,04/02/2026 8:24:42 PM,BPD444,8M5CL,8M5CL,07/01/2026 3:32:34 AM,8M5CL,D1D,1,7849061,0,0,0,0,0.620008,1.243648,1.567673,0,0,0,0,0,0,3.26568,0,6.34481,0.861727,13.90355
D552342,314,GT9FQ314JKD1,,,,,,,,,,,,,,,,,,,D5523420,PXMG,04/02/2026 8:24:42 PM,BPD444,8M5CL,8M5CL,07/01/2026 4:05:37 AM,8M5CL,D1D,2,7849069,0,0,0,0,0.244873,0.650493,2.927823,0,0,0,0,0,0,0,0,6.710283,0,10.53347
D551244,62,A26WA062SLA3,,,,,,,,,,,,,,,,,,,D5512440,PXMG,04/01/2026 8:44:17 PM,BPD450,8M5CL,8M5CL,07/12/2026 3:13:02 AM,8M5CL,D1D,1,7805204,0,0,0,0,0.239146,0,1.857765,0,0,0,0,0,0,2.929659,0.626042,9.557543,0,14.31175
D551244,65,A26WA065SLF6,,,,,,,,,,,,,,,,,,,D5512440,PXMG,04/01/2026 8:44:17 PM,BPD450,8M5CL,8M5CL,07/02/2026 10:32:13 AM,8M5CL,D1D,2,7805135,1.943239,0,0,0,0,0,0,0,0,0,0,0,0,8.810063,0,15.29038,0,26.04368
D550183,204,A22WG204SLE3,,,,,,,,,,,,,,,,,,,D5501830,PXMG,04/01/2026 9:56:36 AM,BPD442,8M5CL,8M5CL,06/21/2026 9:09:15 PM,8M5CL,D1D,1,7779539,0,0,0,0,1.231832,2.926946,1.661754,0,0,0,0,0,0,1.386525,0,7.368373,0,14.57543
D550183,209,A22WG209SLD4,,,,,,,,,,,,,,,,,,,D5501830,PXMG,04/01/2026 9:56:36 AM,BPD442,8M5CL,8M5CL,06/22/2026 4:51:40 PM,8M5CL,D1D,2,7779511,0.761689,0,0,0,0.896366,0,0,0,0,0,0,0,0,0,1.819356,3.184318,0.459498,7.121227
D550183,214,A22WG214SLB4,,,,,,,,,,,,,,,,,,,D5501830,PXMG,04/01/2026 9:56:36 AM,BPD442,8M5CL,8M5CL,07/13/2026 12:23:07 PM,8M5CL,D1D,3,7779462,0,0,0,0,0.324786,0,0,0,0,0,0,0,0,5.443587,0.623175,0,0,6.391547
D550183,222,A22WG222SLE7,,,,,,,,,,,,,,,,,,,D5501830,PXMG,04/01/2026 9:56:36 AM,BPD442,8M5CL,8M5CL,06/21/2026 7:42:57 AM,8M5CL,D1D,4,7779519,0,0,0,0,0.232641,2.470559,0,0,0,0,0,0,0,1.425781,0,3.322476,0,7.451457
D551291,10,KJ5RK010WFC7,,,,,,,,,,,,,,,,,,,D5512910,PXMG,03/29/2026 3:04:32 AM,BPD436,8M5CL,8M5CL,04/08/2026 2:07:54 PM,8M5CL,D1D,1,7818446,0,0,0,0,1.999994,3.695712,2.196907,0,0,0,0,0,0,6.323471,0,2.722307,0.828018,17.76641
D551291,14,KJ5RK014WFF1,,,,,,,,,,,,,,,,,,,D5512910,PXMG,03/29/2026 3:04:32 AM,BPD436,8M5CL,8M5CL,06/17/2026 6:17:02 AM,8M5CL,D1D,2,7818378,0,0,0,0,0.319963,0,1.33883,0,0,0,0,0,0,6.606153,0,7.293217,0,13.75604
D551294,416,KJ7KN416WFB3,,,,,,,,,,,,,,,,,,,D5512940,PXMG,03/29/2026 1:31:10 PM,BPD442,8M5CL,8M5CL,06/30/2026 8:46:58 PM,8M5CL,D1D,1,7820605,1.376114,0,0,0,0.483454,0,1.304685,0,0,0,0,0,0,1.236086,0,6.30494,0,10.70528
D551294,436,KJ7JA436WFC4,,,,,,,,,,,,,,,,,,,D5512940,PXMG,03/29/2026 1:31:10 PM,BPD442,8M5CL,8M5CL,06/30/2026 9:13:12 PM,8M5CL,D1D,2,7820705,0,0,0,0,0.769895,0,0,0,0,0,0,0,0,0,0,0,1.854341,2.624235
D552332,12,KJ7HC012WFE2,,,,,,,,,,,,,,,,,,,D5523320,PXMG,03/29/2026 8:38:06 PM,BPD436,8M5CL,8M5CL,07/03/2026 11:30:59 PM,8M5CL,D1D,1,7836912,2.503437,0,0,0,0,2.173411,0,0,5.224352,0,0,0.986882,0,0,8.408093,0.780431,0,16.96194
D552332,13,KJ7HC013WFB1,,,,,,,,,,,,,,,,,,,D5523320,PXMG,03/29/2026 8:38:06 PM,BPD436,8M5CL,8M5CL,07/04/2026 6:11:38 AM,8M5CL,D1D,2,7836949,0,0,0,0,0,0,0,0,0,0,0,0,0,2.790715,0,1.657833,0,4.448548
D552341,852,GT9LM852JKC5,,,,,,,,,,,,,,,,,,,D5523410,PXMG,04/11/2026 12:29:56 AM,BPD432,8M5CL,8M5CL,06/17/2026 12:02:27 AM,8M5CL,D1D,1,7849365,0,0,0,0,1.572461,1.053421,1.327883,0,0,0,0,0,0,0,0,1.729652,0,5.634551
D552341,854,GT9LM854JKD6,,,,,,,,,,,,,,,,,,,D5523410,PXMG,04/11/2026 12:29:56 AM,BPD432,8M5CL,8M5CL,06/16/2026 5:33:27 PM,8M5CL,D1D,2,7849356,0,0,0,0,0,0,1.217482,0,0,0,0,0,0,0,0,2.785006,0,4.002489
D551251,561,GT6ER561JKC7,,,,,,,,,,,,,,,,,,,D5512510,PXMG,04/10/2026 12:29:28 PM,BPD442,8M5CL,8M5CL,06/11/2026 7:34:07 PM,8M5CL,D1D,1,7817662,1.323025,0,0,0,0,0,1.491491,0,0,0,0,0,0,7.899133,0.653113,12.62373,0,23.99049
D551251,563,GT6ER563JKE0,,,,,,,,,,,,,,,,,,,D5512510,PXMG,04/10/2026 12:29:28 PM,BPD442,8M5CL,8M5CL,06/11/2026 1:42:16 PM,8M5CL,D1D,2,7817795,0,0,0,0,0,0,1.339668,0,0,0,0,0,0,0,0,13.64451,0,14.98418
D551256,579,GT8RR579JKD0,,,,,,,,,,,,,,,,,,,D5512560,PXMG,04/10/2026 12:52:02 AM,BPD436,8M5CL,8M5CL,07/14/2026 12:10:50 AM,8M5CL,D1D,1,7820717,0.761689,0,0,0,0.172173,0.763464,2.679335,0,0,0,0,0,0,0,0,4.402108,0,8.77877
D551256,580,GT8RR580JKG1,,,,,,,,,,,,,,,,,,,D5512560,PXMG,04/10/2026 12:52:02 AM,BPD436,8M5CL,8M5CL,07/14/2026 12:13:41 AM,8M5CL,D1D,2,7820649,2.82704,0,0,0,0,0,1.327883,0,0,0,0,0,0,3.13575,0,1.643249,0,8.933922
D551256,592,GT8RR592JKE3,,,,,,,,,,,,,,,,,,,D5512560,PXMG,04/10/2026 12:52:02 AM,BPD436,8M5CL,8M5CL,07/13/2026 12:25:07 PM,8M5CL,D1D,3,7820784,0,0,0,0,0,0,0,0,0,0,0,0,0,2.766166,0,0.756528,0,3.522694
D551256,598,GT8RR598JKA3,,,,,,,,,,,,,,,,,,,D5512560,PXMG,04/10/2026 12:52:02 AM,BPD436,8M5CL,8M5CL,07/13/2026 8:22:01 PM,8M5CL,D1D,4,7820572,0,0,0,0,0,0,0,0,0,0,0,0,0,4.791427,0,2.771534,0,7.562961
D552337,170,5DWYT170MVB0,,,,,,,,,,,,,,,,,,,D5523370,PXMG,04/09/2026 8:59:16 PM,BPD442,8M5CL,8M5CL,07/18/2026 6:28:47 PM,8M5CL,D1D,1,7849243,0.595141,0,0,0,0.180331,2.996795,0,0,0,0,0,0,0,0,2.918538,5.425285,0,12.11609
D552337,171,5DWYT171MVF2,,,,,,,,,,,,,,,,,,,D5523370,PXMG,04/09/2026 8:59:16 PM,BPD442,8M5CL,8M5CL,07/18/2026 6:08:56 PM,8M5CL,D1D,2,7849021,0,0,0,0,0,0,4.582338,0,0,0,0,0,0,0,0,4.843482,0,9.42582
D551250,609,GT6ER609JKB5,,,,,,,,,,,,,,,,,,,D5512500,PXMG,04/10/2026 3:42:53 PM,BPD444,8M5CL,8M5CL,06/14/2026 2:35:38 PM,8M5CL,D1D,1,7817641,2.821944,0,0,0,0.355187,0,1.421552,0,0,0,0,0,0,0,0,2.764352,0,7.363038
D551250,611,GT6ER611JKB5,,,,,,,,,,,,,,,,,,,D5512500,PXMG,04/10/2026 3:42:53 PM,BPD444,8M5CL,8M5CL,06/14/2026 12:31:27 PM,8M5CL,D1D,2,7817646,0,0,0,0,4.762951,0.693414,15.06255,0,0,0,0,0,0,2.574869,0,3.786511,0,23.92927
D551292,11,KJ7HA011WFG5,,,,,,,,,,,,,,,,,,,D5512920,PXMG,04/08/2026 1:24:16 PM,BPD454,8M5CL,8M5CL,07/13/2026 11:34:06 PM,8M5CL,D1D,1,7818380,0,0,0,0,0.172173,0,1.690885,0,0,0,0,1.994421,0,1.723286,0,1.165941,0,6.746706
D551292,15,KJ7HA015WFB4,,,,,,,,,,,,,,,,,,,D5512920,PXMG,04/08/2026 1:24:16 PM,BPD454,8M5CL,8M5CL,07/13/2026 10:44:24 PM,8M5CL,D1D,2,7818461,0,0,0,0,0,1.120473,0,0,0,0,0,0,0,7.393343,0,0.823274,7.183977,15.6508
D551230,242,MCKLH242WAG3,,,,,,,,,,,,,,,,,,,D5512300,PNCB,04/09/2026 12:22:02 AM,BPD442,8M5CL,8M5CL,06/07/2026 6:03:41 PM,8M5CL,D1D,1,7813951,0,0,0,0,0,0,0,0,0,0,0,0,0,3.301056,0,5.475834,0,8.77689
D551230,246,MCKLH246WAB2,,,,,,,,,,,,,,,,,,,D5512300,PNCB,04/09/2026 12:22:02 AM,BPD442,8M5CL,8M5CL,06/06/2026 5:23:24 AM,8M5CL,D1D,2,7814107,0,0,0,0,0.446686,0,1.283106,0,0,0,0,0,0,0,0,0.731018,0,2.46081
D552329,228,A26GV228SLC7,,,,,,,,,,,,,,,,,,,D5523290,PXMG,04/09/2026 3:47:52 PM,BPD436,8M5CL,8M5CL,04/10/2026 8:30:05 AM,8M5CL,D1D,1,7836987,0.792518,0,0,0,1.127702,8.206724,0,0,0,0,0,0,0,6.563724,5.441368,3.725175,0,25.85721
D552329,236,A26GV236SLG2,,,,,,,,,,,,,,,,,,,D5523290,PXMG,04/09/2026 3:47:52 PM,BPD436,8M5CL,8M5CL,06/13/2026 4:48:36 PM,8M5CL,D1D,2,7837092,0,0,0,0,0,0,0,0,0,0,0,0,0,3.293607,1.012305,5.681357,0,9.987266
D551293,54,A25J0054SLB3,,,,,,,,,,,,,,,,,,,D5512930,PXMG,04/06/2026 10:09:44 AM,BPD450,8M5CL,8M5CL,07/14/2026 1:59:44 AM,8M5CL,D1D,1,7820580,0,0,0,0,0.210684,1.812758,0,0,0,0,0,0,0,1.93254,0,0,0,3.955982
D551293,55,A25J0055SLF5,,,,,,,,,,,,,,,,,,,D5512930,PXMG,04/06/2026 10:09:44 AM,BPD450,8M5CL,8M5CL,07/14/2026 2:09:45 AM,8M5CL,D1D,2,7820745,0,0,0,0,0.096421,0,0,0,0,0,0,0,0,2.898417,0,0,0,2.994838
D551293,188,A25J0188SLB4,,,,,,,,,,,,,,,,,,,D5512930,PXMG,04/06/2026 10:09:44 AM,BPD450,8M5CL,8M5CL,07/13/2026 9:11:12 AM,8M5CL,D1D,3,7820769,0,0,0,0,0,1.604974,0.717813,0,0,0,0,0,0,1.615722,0,0.892081,0,4.83059
D551293,189,A25J0189SLF6,,,,,,,,,,,,,,,,,,,D5512930,PXMG,04/06/2026 10:09:44 AM,BPD450,8M5CL,8M5CL,07/13/2026 11:21:16 PM,8M5CL,D1D,4,7820688,0,0,0,0,0,0,0,0,0,0,0,0,0,1.06743,0,0,0,1.06743
D552338,222,GT7EJ222JKF3,,,,,,,,,,,,,,,,,,,D5523380,PXMG,04/06/2026 9:44:43 PM,BPD446,8M5CL,8M5CL,06/12/2026 7:50:19 PM,8M5CL,D1D,1,7849247,1.793627,0,0,0,0,0.929195,0,0,0,0,0,0,0,2.689921,0,6.366877,0,11.77962
D552338,243,GT7EJ243JKD7,,,,,,,,,,,,,,,,,,,D5523380,PXMG,04/06/2026 9:44:43 PM,BPD446,8M5CL,8M5CL,04/08/2026 2:05:08 PM,8M5CL,D1D,2,7849121,0,0,0,0,0,0.932371,0,0,0,0,0,0,0,0,0,0.932101,0.899315,2.763789
D552336,14,KJ7HC014WFF3,,,,,,,,,,,,,,,,,,,D5523360,PXMG,04/06/2026 5:17:24 PM,BPD454,8M5CL,8M5CL,06/13/2026 7:09:46 AM,8M5CL,D1D,1,7846850,7.649031,0,0,0,0,0.823976,1.445848,0,1.708293,0,0,0,0,0,0,3.801156,4.705416,17.67968
D552336,18,KJ7HC018WFA2,,,,,,,,,,,,,,,,,,,D5523360,PXMG,04/06/2026 5:17:24 PM,BPD454,8M5CL,8M5CL,06/21/2026 7:11:14 PM,8M5CL,D1D,2,7846935,2.106537,0,0,0,0.675408,3.347925,0,0,0,0,0,0,0,2.034759,0,0,0.84237,9.006997
D550179,251,GT2RM251JKB1,,,,,,,,,,,,,,,,,,,D5501790,PXMG,04/13/2026 2:58:25 AM,BPD436,8M5CL,8M5CL,07/05/2026 8:53:07 AM,8M5CL,D1D,1,7779492,0,0,0,0,0.920699,1.248627,12.88828,0,2.149252,0,0,0,0.377976,4.996587,0,0,1.108376,23.49238
D550179,252,GT2RM252JKF3,,,,,,,,,,,,,,,,,,,D5501790,PXMG,04/13/2026 2:58:25 AM,BPD436,8M5CL,8M5CL,07/02/2026 10:11:49 AM,8M5CL,D1D,2,7779465,0,0,0,0,0.785089,7.397479,0,0,0,0,0,0,0,3.177875,0,1.538154,0,12.8986
D552350,207,KJ7HH207WFG3,,,,,,,,,,,,,,,,,,,D5523500,PXMG,04/12/2026 9:07:24 PM,BPD436,8M5CL,8M5CL,07/18/2026 7:03:49 PM,8M5CL,D1D,1,7851703,0,0,0,0,0.109399,1.02294,0,0,0,0,0,0,1.365108,8.044686,0,1.022643,0,11.56477
D552350,209,KJ7HH209WFA1,,,,,,,,,,,,,,,,,,,D5523500,PXMG,04/12/2026 9:07:24 PM,BPD436,8M5CL,8M5CL,07/18/2026 7:26:36 PM,8M5CL,D1D,2,7851590,0,0,0,0,0,1.06277,1.339668,0,0,0,0,0,0,0,0,5.113501,0,7.515939
D552301,218,KJ7HH218WFA3,,,,,,,,,,,,,,,,,,,D5523010,PNCB,04/13/2026 12:56:32 AM,BPD442,8M5CL,8M5CL,07/03/2026 4:39:17 AM,8M5CL,D1D,1,7838988,0,0,0,0,0,0.73123,1.283106,0,0,0,0,0,0,1.650528,0.92631,3.499111,0,8.090285
D552301,256,KJ7HH256WFC4,,,,,,,,,,,,,,,,,,,D5523010,PNCB,04/13/2026 12:56:32 AM,BPD442,8M5CL,8M5CL,07/03/2026 4:17:45 AM,8M5CL,D1D,2,7839007,0,0,0,0,0,1.993728,0,0,0,0,0,0,0,0,0,0,0,1.993728
D551249,95,GT4JU095JKF7,,,,,,,,,,,,,,,,,,,D5512490,PXMG,04/16/2026 12:14:12 AM,BPD444,8M5CL,8M5CL,07/06/2026 5:20:13 AM,8M5CL,D1D,1,7818000,2.058251,0,0,0,0.381357,6.583248,0,0,0,0,0,0,0,0,0,10.31581,0,19.33867
D551249,96,GT4JU096JKC6,,,,,,,,,,,,,,,,,,,D5512490,PXMG,04/16/2026 12:14:12 AM,BPD444,8M5CL,8M5CL,07/04/2026 11:44:57 PM,8M5CL,D1D,2,7817884,0,0,0,0,0,6.873599,0,0,0,0,0,0,0,1.891498,0,15.05657,0,22.40834
D551243,51,A25UP051SLE1,,,,,,,,,,,,,,,,,,,D5512430S,PXMG,04/16/2026 12:55:58 PM,BPD446,8M5CL,8M5CL,06/29/2026 5:16:43 PM,8M5CL,D1D,1,8447780,1.304374,0,0,0,0,1.676009,1.404224,0,0,0,0,0,0,0,0,1.819694,0,6.204301
D551243,53,A25UP053SLF2,,,,,,,,,,,,,,,,,,,D5512430S,PXMG,04/16/2026 12:55:58 PM,BPD446,8M5CL,8M5CL,06/29/2026 5:46:18 PM,8M5CL,D1D,2,8447803,0,0,0,0,0.257332,0,0.705245,0,0,0,0,0,0,4.797343,0,0.876459,0,6.63638
D551243,57,A25UP057SLA1,,,,,,,,,,,,,,,,,,,D5512430S,PXMG,04/16/2026 12:55:58 PM,BPD446,8M5CL,8M5CL,06/29/2026 5:28:25 PM,8M5CL,D1D,3,8447761,0,0,0,0,0,0,1.339668,0,0,0,0,0,0,0,0,0,0,1.339668
D551243,93,A25UP093SLB1,,,,,,,,,,,,,,,,,,,D5512430S,PXMG,04/16/2026 12:55:58 PM,BPD446,8M5CL,8M5CL,06/29/2026 5:31:29 PM,8M5CL,D1D,4,8447788,0,0,0,0,0,1.06033,0,0,0,0,0,0,0,0,0,0,0,1.06033
D551252,245,GT7EJ245JKF0,,,,,,,,,,,,,,,,,,,D5512520,PXMG,04/16/2026 11:01:38 AM,BPD432,8M5CL,8M5CL,07/06/2026 1:12:45 AM,8M5CL,D1D,1,7817610,1.174133,0,0,0,0.228977,2.124822,7.905397,0,0,0,0,0,0,14.58333,0.98823,9.628392,0,35.58884
D551252,321,GT7EJ321JKA2,,,,,,,,,,,,,,,,,,,D5512520,PXMG,04/16/2026 11:01:38 AM,BPD432,8M5CL,8M5CL,07/06/2026 1:39:41 AM,8M5CL,D1D,2,7817571,0,0,0,0,2.220968,0,14.21993,0,0,0,0,0,0,2.550633,1.909541,19.65197,0,38.77905
D552340,659,GU6EW659JDB1,,,,,,,,,,,,,,,,,,,D5523400,PXMG,04/16/2026 1:20:34 AM,BPD454,8M5CL,8M5CL,07/23/2026 2:46:37 AM,8M5CL,D1D,1,7849071,0,0,0,0,1.65417,2.563915,1.426768,0,0,0,0,0,0,2.737237,2.157226,0,0,10.53932
D552340,665,GU6EW665JDD3,,,,,,,,,,,,,,,,,,,D5523400,PXMG,04/16/2026 1:20:34 AM,BPD454,8M5CL,8M5CL,07/23/2026 4:40:37 PM,8M5CL,D1D,2,7849312,0,0,0,0,0,0,0,0,0,0,0,0,0,1.991798,4.233252,4.1589,0,10.38395
D551243,47,A26LJ047SLF1,,,,,,,,,,,,,,,,,,,D5512430,PXMG,04/16/2026 12:01:30 PM,BPD446,8M5CL,8M5CL,06/29/2026 5:32:21 PM,8M5CL,D1D,1,7805212,0,0,0,0,0,0,0,0,0,0,0,0,0,1.84189,0.586632,0.763242,0,3.191764
D551243,60,A25UP060SLE3,,,,,,,,,,,,,,,,,,,D5512430,PXMG,04/16/2026 12:01:30 PM,BPD446,8M5CL,8M5CL,07/02/2026 9:37:37 AM,8M5CL,D1D,2,7804912,0,0,0,0,0.233899,1.1695,0,0,0,0,0,0,0,1.896348,0,0.839891,0.810349,4.94999
D550E80,313,5DWZH313MVF5,,,,,,,,,,,,,,,,,,,D550E800,X78E,04/20/2026 8:21:30 AM,BPD432,8M5CL,8M5CL,05/28/2026 7:30:55 PM,8M5CL,D1D,1,7796360,0.530569,0,0,0,0,0.804087,0,0,0,0,0,0,0,0,0,0.509346,0,1.844002
D550E80,319,5DWZH319MVB5,,,,,,,,,,,,,,,,,,,D550E800,X78E,04/20/2026 8:21:30 AM,BPD432,8M5CL,8M5CL,05/28/2026 6:52:33 AM,8M5CL,D1D,2,7796388,0,0,0,0,0,1.160317,1.895694,0,0,0,0,0,0,1.187778,1.585767,0,0,5.829558
D550E80,339,5DWZH339MVD2,,,,,,,,,,,,,,,,,,,D550E800,X78E,04/20/2026 8:21:30 AM,BPD432,8M5CL,8M5CL,05/28/2026 8:12:29 AM,8M5CL,D1D,3,7796260,0,0.982561,0,0,0,0.88942,0,0,0,0,0,0,0,1.442901,0,0,0,3.314881
D550E80,345,5DWZH345MVF4,,,,,,,,,,,,,,,,,,,D550E800,X78E,04/20/2026 8:21:30 AM,BPD432,8M5CL,8M5CL,05/28/2026 5:28:18 AM,8M5CL,D1D,4,7796417,0,0,0,0,0,0,0.465542,0,0,0,0,0,0,1.357704,0,0.780211,0,2.603457
D552333,65,KJ7HC065WFC5,,,,,,,,,,,,,,,,,,,D5523330,PXMG,05/01/2026 12:48:56 PM,BPD454,8M5CL,8M5CL,08/09/2026 4:35:31 PM,8M5CL,D1D,1,7836922,0,0,0,0,0.224091,1.06277,1.339668,0,0,0,0,0,0,0,0.967143,0,0,3.593673
D552333,111,KJ7HC111WFG4,,,,,,,,,,,,,,,,,,,D5523330,PXMG,05/01/2026 12:48:56 PM,BPD454,8M5CL,8M5CL,08/09/2026 8:27:39 PM,8M5CL,D1D,2,7836942,0,0,0,0,0.224091,0,0,0,0,0,0,0,0,1.48688,0,0.763242,0,2.474214
D552347,205,GT9FQ205JKD6,,,,,,,,,,,,,,,,,,,D5523470,PXMG,05/07/2026 4:14:31 PM,BPD442,8M5CL,8M5CL,08/09/2026 2:12:35 PM,8M5CL,D1D,1,7851673,0,0,0,0,0,0.71256,0,0,0,0,0,1.155287,0,2.721475,0,4.293681,0,8.883001
D552347,207,GT9FQ207JKE7,,,,,,,,,,,,,,,,,,,D5523470,PXMG,05/07/2026 4:14:31 PM,BPD442,8M5CL,8M5CL,08/10/2026 7:24:34 AM,8M5CL,D1D,2,7851685,0,0,0,0,0,3.52814,0,0,0,0,0,0,0,0,1.868444,0,0,5.396584
D552347,206,GT9FQ206JKA5,,,,,,,,,,,,,,,,,,,D5523470AN,PXMG,05/07/2026 6:17:47 PM,BPD442,8M5CL,8M5CL,08/09/2026 2:10:18 PM,8M5CL,D1D,1,8572405,1.91527,0,0,0,0.354282,11.03513,0,0,0,0,0,3.321673,0,15.32703,0,0,0.765886,28.91884
D552347,208,GT9FQ208JKB6,,,,,,,,,,,,,,,,,,,D5523470AN,PXMG,05/07/2026 6:17:47 PM,BPD442,8M5CL,8M5CL,08/09/2026 4:33:29 PM,8M5CL,D1D,2,8572373,0,0,0,0,0.957527,7.83581,3.533415,0,0,0,0,0,0,16.70175,0,7.893553,0,36.92206
D552347,210,GT9FQ210JKB6,,,,,,,,,,,,,,,,,,,D5523470AN,PXMG,05/07/2026 6:17:47 PM,BPD442,8M5CL,8M5CL,05/08/2026 7:57:04 AM,8M5CL,D1D,3,8573851,3.689603,0,0,0,0.979249,4.017045,0,0,0,0,0,0,0,5.335555,2.040416,2.888209,0,18.95008
D552347,215,GT9FQ215JKA7,,,,,,,,,,,,,,,,,,,D5523470AN,PXMG,05/07/2026 6:17:47 PM,BPD442,8M5CL,8M5CL,08/09/2026 4:29:49 AM,8M5CL,D1D,4,8573929,2.180432,0,0,0,0,2.499001,12.38276,0,0,0,0,0,0,4.318327,0,1.480384,0,22.28935
D552984,779,MCKCP779WAG4,,,,,,,,,,,,,,,,,,,D5529840,PXMG,06/30/2026 2:46:38 AM,BPD436,8M5CL,8M5CL,08/07/2026 11:01:38 AM,8M5CL,D1D,1,7865581,0,0,0,0,1.607148,3.851451,5.635241,0,0,0,0,0,0,11.46603,0,13.39136,0.807956,35.39343
D552984,781,MCKCP781WAG4,,,,,,,,,,,,,,,,,,,D5529840,PXMG,06/30/2026 2:46:38 AM,BPD436,8M5CL,8M5CL,08/07/2026 11:01:31 AM,8M5CL,D1D,2,7865609,0,0,0,0,4.957811,2.347345,22.69457,0,0,0,0,0,0,3.081932,0,4.805686,0,35.17065
D552984,795,MCKCP795WAF7,,,,,,,,,,,,,,,,,,,D5529840,PXMG,06/30/2026 4:58:44 AM,BPD454,8M5CL,8M5CL,08/07/2026 11:01:25 AM,8M5CL,D1D,3,7865622,0,0,0,0,0,0,0,0,0,0,0,0,0,1.723286,0,0,1.93229,3.655575
D552984,797,MCKCP797WAH0,,,,,,,,,,,,,,,,,,,D5529840,PXMG,06/30/2026 4:58:44 AM,BPD454,8M5CL,8M5CL,08/07/2026 11:01:46 AM,8M5CL,D1D,4,7865623,0,0,0,0,0,0,1.339668,0,0,0,0,0,0,7.919887,6.011223,4.819298,0,20.09008
D552984,853,MCKCP853WAA5,,,,,,,,,,,,,,,,,,,D5529840,PXMG,06/30/2026 4:58:44 AM,BPD454,8M5CL,8M5CL,08/07/2026 11:01:20 AM,8M5CL,D1D,5,7865557,3.120767,0,0,0,0,0,0,0,0,0,0,0,0,6.490031,0,4.283642,1.25592,15.15036
D601542,326,GT6QX326JKB7,,,,,,,,,,,,,,,,,,,D6015420,PXMG,03/27/2026 12:33:37 PM,BPD432,8M5CL,8M5CL,06/10/2026 7:44:02 AM,8M5CL,D1D,1,7869392,0,0,0,0,0.453477,1.324454,1.594324,0,0,0,0,0,0,2.147607,0,3.968388,0,9.48825
D601542,327,GT6QX327JKG1,,,,,,,,,,,,,,,,,,,D6015420,PXMG,03/27/2026 12:33:37 PM,BPD432,8M5CL,8M5CL,06/10/2026 1:42:36 AM,8M5CL,D1D,2,7869411,0,0,0,0,0.605311,1.944699,0.653983,0,0,0,0,0,0,1.915168,0,2.438257,0.489305,8.046725
D601567,184,5DXAN184MVB6,,,,,,,,,,,,,,,,,,,D6015670,PXMG,04/04/2026 7:29:52 AM,BPD444,8M5CL,8M5CL,06/16/2026 5:58:55 AM,8M5CL,D1D,1,7890707,0,0,0,0,1.39166,0,0.558379,0,0,0,0,0,0,1.449279,0,0,0.455456,3.854775
D601567,194,5DXAN194MVG2,,,,,,,,,,,,,,,,,,,D6015670,PXMG,04/04/2026 7:29:52 AM,BPD444,8M5CL,8M5CL,06/16/2026 6:26:42 AM,8M5CL,D1D,2,7890694,0,0,0,0,0.392779,0,0,0,0,0,0,0,0,0,0,0,0,0.392779
D602627,746,GT5JE746JKG7,,,,,,,,,,,,,,,,,,,D6026270,PXMG,04/03/2026 2:10:58 PM,BPD442,8M5CL,8M5CL,06/30/2026 4:47:42 PM,8M5CL,D1D,1,7903594,0,0,0,0,0,0.997438,2.244702,0,0,0,0,0,0,0,0,2.777811,0,6.019951
D602627,759,GT5JE759JKC0,,,,,,,,,,,,,,,,,,,D6026270,PXMG,04/03/2026 2:10:58 PM,BPD442,8M5CL,8M5CL,06/30/2026 4:59:47 PM,8M5CL,D1D,2,7903539,0,0,0,0,0,1.818267,0.963795,0,0,0,0,0,0,0,0,0,0,2.782062
D602627,761,GT5JE761JKC0,,,,,,,,,,,,,,,,,,,D6026270,PXMG,04/03/2026 2:10:58 PM,BPD442,8M5CL,8M5CL,06/30/2026 4:46:53 PM,8M5CL,D1D,3,7903615,0,0,0,0,0,1.06277,0.563335,0,0,0,0,0,0,0,2.858364,2.289727,0.459498,7.233695
D602627,765,GT5JE765JKE2,,,,,,,,,,,,,,,,,,,D6026270,PXMG,04/03/2026 2:10:58 PM,BPD442,8M5CL,8M5CL,06/30/2026 4:47:01 PM,8M5CL,D1D,4,7903663,0,0,0,0,0,0,2.146142,0,0,0,0,0,0,0.762022,5.130869,3.25628,0.478952,11.77426
D601559,19,A23UP019SLB5,,,,,,,,,,,,,,,,,,,D6015590,PXMG,04/03/2026 12:00:45 AM,BPD448,8M5CL,8M5CL,06/19/2026 3:00:10 AM,8M5CL,D1D,1,7889923,1.24623,0,0,0,0.549603,0.763464,4.358801,0,0,0,0,0,0.348915,1.868985,1.434407,6.517873,0,17.08828
D601559,21,A23UP021SLB5,,,,,,,,,,,,,,,,,,,D6015590,PXMG,04/03/2026 12:00:45 AM,BPD448,8M5CL,8M5CL,06/20/2026 9:08:57 AM,8M5CL,D1D,2,7889766,0,0,0,0,0.399247,1.506232,1.813137,0,0,0,0,0,0,0,0,0,0,3.718616
D601561,32,GT9FQ032JKG2,,,,,,,,,,,,,,,,,,,D6015610,PXMG,04/02/2026 9:26:56 PM,BPD458,8M5CL,8M5CL,06/08/2026 1:01:52 AM,8M5CL,D1D,1,7889828,0,0,0,0,0,0,0,0,0,0,0,0,0,0,0,0,0,0
D601561,36,GT9FQ036JKB1,,,,,,,,,,,,,,,,,,,D6015610,PXMG,04/02/2026 9:26:56 PM,BPD458,8M5CL,8M5CL,06/04/2026 10:53:55 AM,8M5CL,D1D,2,7889925,0,0,0,0,0.568106,1.42324,0,0,0,0,2.369591,0,0,2.246877,0,2.583521,0.986165,10.1775
D601506,163,5DXAI163MVB3,,,,,,,,,,,,,,,,,,,D6015060,PNCB,03/30/2026 3:13:31 PM,BPD432,8M5CL,8M5CL,06/04/2026 1:43:17 AM,8M5CL,D1D,1,7873165,0,0,0.755867,0,0,2.334529,0,0,0,0,0,0,0,2.13168,0.932926,0.94412,0.910912,8.010034
D601506,167,5DXAI167MVD5,,,,,,,,,,,,,,,,,,,D6015060,PNCB,03/30/2026 3:13:31 PM,BPD432,8M5CL,8M5CL,06/03/2026 3:26:43 AM,8M5CL,D1D,2,7873074,0,0,0,0,0,0.659527,0,0,0,0,0,0,0,5.001144,0,8.966171,0.350782,14.97762
D601506,175,5DXAI175MVH0,,,,,,,,,,,,,,,,,,,D6015060,PNCB,03/30/2026 3:13:31 PM,BPD432,8M5CL,8M5CL,06/03/2026 3:22:04 AM,8M5CL,D1D,3,7873113,0,0,0,0,0.091874,0.669836,1.507443,0,0,0,0,0,0,5.079323,1.614048,4.607714,0,13.57024
D601506,179,5DXAI179MVB7,,,,,,,,,,,,,,,,,,,D6015060,PNCB,03/30/2026 3:13:31 PM,BPD432,8M5CL,8M5CL,06/03/2026 1:38:18 PM,8M5CL,D1D,4,7873134,0,0,0,0,0,1.599394,1.884687,0,0,0,0,0,0,1.662317,0,0.800232,0.59584,6.54247
D601554,1,GT9FQ001JKD2,,,,,,,,,,,,,,,,,,,D6015540,PXMG,03/31/2026 8:34:12 PM,BPD448,8M5CL,8M5CL,06/30/2026 11:06:30 PM,8M5CL,D1D,1,7886956,0,0,0,0,0.349141,0,0.563335,0,0,0,0,0,0,0,0,0,0.617694,1.53017
D601554,2,GT9FQ002JKA1,,,,,,,,,,,,,,,,,,,D6015540,PXMG,03/31/2026 8:34:12 PM,BPD448,8M5CL,8M5CL,06/30/2026 11:41:46 PM,8M5CL,D1D,2,7886723,0,0,0,0,0.295341,2.575312,3.53122,0,0,0,0,0,0,7.839562,0,3.635905,0,17.87734
D602851,480,KJ7KQ480WFB1,,,,,,,,,,,,,,,,,,,D602851A,PR8B,03/29/2026 6:56:39 AM,BPD442,8M5CL,8M5CL,04/08/2026 2:08:22 PM,8M5CL,D1D,1,8199089,0,0,0,0,0,0,0,0.601567,0,0,0,0,0,2.756316,0,0,0,3.357883
D602851,481,KJ7KQ481WFF3,,,,,,,,,,,,,,,,,,,D602851A,PR8B,03/29/2026 6:56:39 AM,BPD442,8M5CL,8M5CL,04/08/2026 2:08:42 PM,8M5CL,D1D,2,8199087,0,0,0,0,0,18.91857,3.93313,0,0,0,0,0,0,0,0,0,0,22.8517
D602851,483,KJ7KQ483WFG4,,,,,,,,,,,,,,,,,,,D602851A,PR8B,03/29/2026 6:56:39 AM,BPD442,8M5CL,8M5CL,04/08/2026 2:08:44 PM,8M5CL,D1D,3,8199015,0,0,0,0,9.965911,1.537901,0,0,0,0,0,0,0,0,0,1.537455,0,13.04127
D602851,484,KJ7KQ484WFD3,,,,,,,,,,,,,,,,,,,D602851A,PR8B,03/29/2026 6:56:39 AM,BPD442,8M5CL,8M5CL,04/08/2026 2:08:29 PM,8M5CL,D1D,4,8199064,10.55608,0,0,0,0,9.740995,10.29257,0,0,0,0,0,0,0,0,0,0,30.58965
D602851,505,KJ7KQ505WFA2,,,,,,,,,,,,,,,,,,,D602851A,PR8B,03/29/2026 6:56:39 AM,BPD442,8M5CL,8M5CL,04/08/2026 2:08:51 PM,8M5CL,D1D,5,8199031,0,0,0,0,0.36546,26.31407,0,0,0,0,0,0,0,0,0,2.703673,0,29.38321
D602851,511,KJ7KQ511WFC4,,,,,,,,,,,,,,,,,,,D602851A,PR8B,03/29/2026 6:56:39 AM,BPD442,8M5CL,8M5CL,04/08/2026 2:08:31 PM,8M5CL,D1D,6,8199020,0,0,0,0,0,7.760451,0,0,0,0,0,0,0,9.513678,0,7.877233,0,25.15136
D601543,554,MCJ1P554WAD2,,,,,,,,,,,,,,,,,,,D6015430,PXMG,04/05/2026 1:25:42 AM,BPD450,8M5CL,8M5CL,07/04/2026 11:06:56 PM,8M5CL,D1D,1,7869452,0,0,0,0,0,7.827049,0,0,0,0,0,0,0,2.195299,1.827295,1.944592,0,13.79423
D601543,560,MCJ1P560WAF4,,,,,,,,,,,,,,,,,,,D6015430,PXMG,04/05/2026 1:25:42 AM,BPD450,8M5CL,8M5CL,07/05/2026 1:34:22 AM,8M5CL,D1D,2,7869380,0,0,0,0,0.505999,19.19644,1.388005,0,0,0,0,0,0,1.869691,0,5.25497,0,27.13704
D602109,26,KJ7KK026WFA7,,,,,,,,,,,,,,,,,,,D6021090,PXMG,04/11/2026 12:17:56 AM,BPD448,8M5CL,8M5CL,07/21/2026 1:00:44 AM,8M5CL,D1D,1,7907792,1.92503,0,0,0,0.654947,0.964758,0.711862,0,0,0,0,0,0,0,0,7.249283,0.930554,12.11698
D602109,27,KJ7KK027WFF1,,,,,,,,,,,,,,,,,,,D6021090,PXMG,04/11/2026 12:17:56 AM,BPD448,8M5CL,8M5CL,07/19/2026 12:04:04 PM,8M5CL,D1D,2,7907743,0,0,0,0,0,2.407537,0,0,0,0,0,0,0,0,0,1.657833,0,4.06537
D602104,4,KJ7KK004WFF4,,,,,,,,,,,,,,,,,,,D6021040,PXMG,04/09/2026 8:25:11 PM,BPD450,8M5CL,8M5CL,06/22/2026 4:39:27 AM,8M5CL,D1D,1,7907507,0,0,0,0,0.210684,0,3.14487,0,0,0,0,0,0,0,0,4.043027,0,7.398581
D602104,21,KJ7KK021WFB6,,,,,,,,,,,,,,,,,,,D6021040,PXMG,04/09/2026 8:25:11 PM,BPD450,8M5CL,8M5CL,06/22/2026 7:14:07 AM,8M5CL,D1D,2,7907584,0,0,0,0,1.150188,0,0.563335,0,0,0,0,0,0,0,0,0.763242,0,2.476765
D601571,148,5DXBG148MVB1,,,,,,,,,,,,,,,,,,,D6015710,PXMG,04/10/2026 8:36:32 AM,BPD458,8M5CL,8M5CL,07/19/2026 12:38:43 PM,8M5CL,D1D,1,7890633,4.407869,0,0,0,0.420489,0,0.558379,0,0,0,0,0,0,0,0,3.091869,0.729918,9.208524
D601571,156,5DXBG156MVE4,,,,,,,,,,,,,,,,,,,D6015710,PXMG,04/10/2026 8:36:32 AM,BPD458,8M5CL,8M5CL,07/19/2026 12:04:05 PM,8M5CL,D1D,2,7890728,0,0,0,0,0.284336,0,0,0,0,0,0,0,0,1.354401,0.744342,2.103529,0,4.48661
D603136,15,A26FX015SLH2,,,,,,,,,,,,,,,,,,,D6031360,PXMG,04/09/2026 7:11:18 PM,BPD432,8M5CL,8M5CL,07/19/2026 1:39:26 PM,8M5CL,D1D,1,7937636,1.18835,0,0,0,0,0,0,0,0,0,0,0,0,3.446571,0,3.315666,0,7.950588
D603136,21,A26FX021SLC1,,,,,,,,,,,,,,,,,,,D6031360,PXMG,04/09/2026 7:11:18 PM,BPD432,8M5CL,8M5CL,07/19/2026 2:05:44 PM,8M5CL,D1D,2,7937739,0,0,0,0,0.224091,0,1.903002,0,0,0,0,0,0,1.06743,0,3.119309,0,6.120044
D602101,36,A25YU036SLA6,,,,,,,,,,,,,,,,,,,D6021010,PXMG,04/10/2026 10:27:41 PM,BPD454,8M5CL,8M5CL,07/06/2026 1:26:37 AM,8M5CL,D1D,1,7905064,0,0,0,0,1.069053,1.526394,3.84817,0,0,0,0,0,0,0,0.842544,0,0,7.286162
D602101,37,A25YU037SLF0,,,,,,,,,,,,,,,,,,,D6021010,PXMG,04/10/2026 10:27:41 PM,BPD454,8M5CL,8M5CL,07/02/2026 2:52:33 PM,8M5CL,D1D,2,7905063,0.761689,0,0,0,0.081649,1.826235,3.23313,0,0,0,0,0,0,7.304716,0,2.487415,0,15.69483
D601555,155,A24ZQ155SLE2,,,,,,,,,,,,,,,,,,,D6015550,PXMG,04/10/2026 3:56:33 PM,BPD446,8M5CL,8M5CL,07/05/2026 5:48:56 AM,8M5CL,D1D,1,7886866,0,0,0,0,0.928469,0,3.368803,0,0,0,0,0,0,10.03508,0,2.515249,0,16.8476
D601555,156,A24ZQ156SLB1,,,,,,,,,,,,,,,,,,,D6015550,PXMG,04/10/2026 3:56:33 PM,BPD446,8M5CL,8M5CL,07/05/2026 12:25:28 AM,8M5CL,D1D,2,7886792,0.950078,0,0,0,0,0.952293,0,0,0,0,0,0,0,1.699791,2.269338,0,0.918528,6.790029
D601558,13,A25GX013SLH2,,,,,,,,,,,,,,,,,,,D6015580,PXMG,04/09/2026 11:50:36 PM,BPD444,8M5CL,8M5CL,06/16/2026 3:17:02 PM,8M5CL,D1D,1,7889872,0,0,0,0,3.480959,1.06277,0,0,0,0,0,0,0,0,0,2.421075,0,6.964805
D601558,16,A25GX016SLF2,,,,,,,,,,,,,,,,,,,D6015580,PXMG,04/09/2026 11:50:36 PM,BPD444,8M5CL,8M5CL,06/17/2026 12:14:52 AM,8M5CL,D1D,2,7889988,0.942106,0,0,0,0.212956,2.480361,0,0,0,0,0,0,0,0,0,3.858164,0,7.493587
D602644,2,GT7EJ002JKF4,,,,,,,,,,,,,,,,,,,D6026440,PXMG,04/08/2026 10:07:37 PM,BPD442,8M5CL,8M5CL,07/19/2026 12:56:43 PM,8M5CL,D1D,1,7912479,0,0,0,0,0.512966,0,6.720222,0,0,0,0,0,0,5.107719,0.582595,1.515981,0.73133,11.62197
D602644,3,GT7EJ003JKC3,,,,,,,,,,,,,,,,,,,D6026440,PXMG,04/08/2026 10:07:37 PM,BPD442,8M5CL,8M5CL,07/19/2026 12:37:19 PM,8M5CL,D1D,2,7912585,0,0,0,0,0.081649,0,1.903002,0,0,0,0,0,0,0,0,0.763242,1.472791,4.220685
D602624,679,GT6ER679JKD5,,,,,,,,,,,,,,,,,,,D6026240,PXMG,04/09/2026 4:10:31 PM,BPD432,8M5CL,8M5CL,06/02/2026 3:39:02 AM,8M5CL,D1D,1,7903330,0,0,0,0,0.18269,0,0,0,0,0,0,0,0,2.961185,2.548248,1.7591,0,6.684433
D602624,680,GT6ER680JKG6,,,,,,,,,,,,,,,,,,,D6026240,PXMG,04/09/2026 4:10:31 PM,BPD432,8M5CL,8M5CL,06/02/2026 3:51:32 AM,8M5CL,D1D,2,7903450,0,0,0,0,0.693142,5.336543,8.843103,0,0,0,0,0,0,13.5563,0,2.792046,0,28.45103
D602586,566,KJ7YP566WFG6,,,,,,,,,,,,,,,,,,,D6025860,PNCB,04/08/2026 4:13:45 AM,BPD450,8M5CL,8M5CL,06/10/2026 3:16:13 PM,8M5CL,D1D,1,7909720,0,0,0,0,0,0.839243,1.406298,0,0,0,0,0,0,0,0,9.096306,0.505106,11.84695
D602586,567,KJ7YP567WFD5,,,,,,,,,,,,,,,,,,,D6025860,PNCB,04/08/2026 4:13:45 AM,BPD450,8M5CL,8M5CL,06/09/2026 2:20:28 PM,8M5CL,D1D,2,7909757,0,0,0,0,0,0,0,0,0,0,0,0.931,0,0,0.932926,6.143317,0.443242,8.450485
D601541,305,GT5VX305JKB6,,,,,,,,,,,,,,,,,,,D6015410,PXMG,04/07/2026 9:15:06 AM,BPD432,8M5CL,8M5CL,06/30/2026 10:47:32 PM,8M5CL,D1D,1,7869572,0,0,0,0,0,0,0,0,0,0,0,0.965146,0,0,0.586632,0,1.789404,3.341182
D601541,306,GT5VX306JKG0,,,,,,,,,,,,,,,,,,,D6015410,PXMG,04/07/2026 9:15:06 AM,BPD432,8M5CL,8M5CL,06/30/2026 11:39:10 PM,8M5CL,D1D,2,7869434,0,0,0,0,0,0,0,0,0,0,0,0,0,1.05804,0,3.954619,0,5.012658
D602850,758,KJ7KR758WFE5,,,,,,,,,,,,,,,,,,,D6028500,PR8B,04/06/2026 4:04:37 PM,BPD458,8M5CL,8M5CL,08/08/2026 1:36:00 PM,8M5CL,D1D,1,7903172,0,0,0,0,0,0,1.051349,0,0,0,0,0,0,3.633929,0,3.494607,0,8.179888
D602850,759,KJ7KR759WFB4,,,,,,,,,,,,,,,,,,,D6028500,PR8B,04/06/2026 4:04:37 PM,BPD458,8M5CL,8M5CL,08/08/2026 1:03:50 PM,8M5CL,D1D,2,7903175,0,0,0,0,0.37225,1.726078,0,0,0,0,0,0,0,0,0,0,1.66488,3.763209
D602850,760,KJ7KR760WFE5,,,,,,,,,,,,,,,,,,,D6028500,PR8B,04/06/2026 4:04:37 PM,BPD458,8M5CL,8M5CL,08/08/2026 12:57:03 PM,8M5CL,D1D,3,7903289,0,0,0,0,0,3.942208,0,0,0,0,0,0,0,0,0,0,0.613612,4.55582
D602850,761,KJ7KR761WFB4,,,,,,,,,,,,,,,,,,,D6028500,PR8B,04/06/2026 4:04:37 PM,BPD458,8M5CL,8M5CL,08/08/2026 1:22:09 PM,8M5CL,D1D,4,7903251,0,0,0,0,0,0,0,0,0,0,0,0,0,0,0,0,0,0
D602105,10,KJ7YR010WFA6,,,,,,,,,,,,,,,,,,,D6021050,PXMG,04/12/2026 8:20:29 PM,BPD446,8M5CL,8M5CL,07/27/2026 4:07:49 AM,8M5CL,D1D,1,7907833,0,0,0,0,0.088501,0,2.117771,0,0,0,0,0,0,5.757933,0,3.381076,0.498059,11.84334
D602105,29,KJ7YR029WFG5,,,,,,,,,,,,,,,,,,,D6021050,PXMG,04/12/2026 8:20:29 PM,BPD446,8M5CL,8M5CL,07/26/2026 2:39:10 PM,8M5CL,D1D,2,7907804,0,0,0,0,0.089563,0,0,0,1.736254,0,0,0,0,3.780625,0,0,0,5.60644
D601545,146,5DXBG146MVA0,,,,,,,,,,,,,,,,,,,D6015450,PXMG,04/13/2026 11:20:23 AM,BPD458,8M5CL,8M5CL,06/21/2026 11:21:37 AM,8M5CL,D1D,1,7883554,1.462637,0,0,0,0,1.936844,0,0,0,0,0,0,0,0,0,0.756528,0,4.156009
D601545,149,5DXBG149MVF3,,,,,,,,,,,,,,,,,,,D6015450,PXMG,04/13/2026 11:20:23 AM,BPD458,8M5CL,8M5CL,06/21/2026 3:47:53 PM,8M5CL,D1D,2,7883410,0,0,0,0,0.792529,1.06277,0.614144,0,0,0,0,0,0,2.790715,0,4.0139,0,9.274059
D602642,38,GT7EJ038JKA2,,,,,,,,,,,,,,,,,,,D6026420,PXMG,04/13/2026 3:14:28 PM,BPD448,8M5CL,8M5CL,08/10/2026 8:10:05 AM,8M5CL,D1D,1,7912780,0,0,0,0,0,33.53253,0,0,0,0,0,30.4523,0,0,0,0,0,63.98484
D602642,39,GT7EJ039JKE4,,,,,,,,,,,,,,,,,,,D6026420,PXMG,04/13/2026 3:14:28 PM,BPD448,8M5CL,8M5CL,07/06/2026 4:21:50 PM,8M5CL,D1D,2,7912478,0,0,0,0,0.172173,2.543771,0,0,0,0,0,0,0,0,0,0,0,2.715944
D602642,40,GT7EJ040JKA2,,,,,,,,,,,,,,,,,,,D6026420,PXMG,04/13/2026 4:38:33 PM,BPD444,8M5CL,8M5CL,07/02/2026 9:58:45 PM,8M5CL,D1D,3,7912858,0,0,0,0,0.50067,1.18723,0,0,0,0,0,0,0,5.360879,0,4.558073,0,11.60685
D602642,42,GT7EJ042JKB3,,,,,,,,,,,,,,,,,,,D6026420,PXMG,04/13/2026 4:38:33 PM,BPD444,8M5CL,8M5CL,08/09/2026 8:24:08 PM,8M5CL,D1D,4,7912631,1.285044,0,0,0,0,0,1.498185,0,0,0,0,0,0,1.193735,0,0.853553,0,4.83052
D602611,6,KJD2F006WFF6,,,,,,,,,,,,,,,,,,,D6026110,PNCB,04/13/2026 9:04:26 PM,BPD448,8M5CL,8M5CL,06/15/2026 9:38:05 PM,8M5CL,D1D,1,7924116,0,0,0,0,0.078202,0,0,0,0,0,0,0,0,0.700205,0,0,0,0.778407
D602611,10,KJD2F010WFG7,,,,,,,,,,,,,,,,,,,D6026110,PNCB,04/13/2026 9:04:26 PM,BPD448,8M5CL,8M5CL,06/15/2026 5:54:03 PM,8M5CL,D1D,2,7924172,0,0,0,0,0.42926,0,0.588214,0,0,0,0,0,0,2.689098,0,0.731018,0,4.235246
D602611,11,KJD2F011WFD6,,,,,,,,,,,,,,,,,,,D6026110,PNCB,04/13/2026 9:04:26 PM,BPD448,8M5CL,8M5CL,06/15/2026 9:48:52 PM,8M5CL,D1D,3,7924186,4.221972,0,0,0,0.205034,0,0,0,0,0,0,0,0,3.616762,0,0.736239,0,8.780008
D602611,13,KJD2F013WFE7,,,,,,,,,,,,,,,,,,,D6026110,PNCB,04/13/2026 9:04:26 PM,BPD448,8M5CL,8M5CL,06/15/2026 1:19:00 PM,8M5CL,D1D,4,7924212,0,0,0,0,0.418905,1.805353,1.45868,0,0,0,0,0,0,0,0,0,0,3.68294
D602629,1,KJ7YL001WFF5,,,,,,,,,,,,,,,,,,,D6026290,PXMG,04/18/2026 7:49:20 PM,BPD450,8M5CL,8M5CL,06/21/2026 9:31:39 AM,8M5CL,D1D,1,7907550,0,0,0,0,0.321179,8.192132,0,0,0,0,0,0,0,1.121329,0,4.078598,0,13.71324
D602629,50,KJ7YL050WFB6,,,,,,,,,,,,,,,,,,,D6026290,PXMG,04/18/2026 7:49:20 PM,BPD450,8M5CL,8M5CL,06/21/2026 9:05:24 PM,8M5CL,D1D,2,7907575,0,0,0,0,0,1.118639,2.003042,0,0,0,0,0,0,1.813877,0,1.606732,0,6.54229
D602645,27,A26FX027SLF4,,,,,,,,,,,,,,,,,,,D6026450,PXMG,04/17/2026 7:20:59 AM,BPD432,8M5CL,8M5CL,08/09/2026 4:08:06 AM,8M5CL,D1D,1,7912785,0,0,0,0,0.295117,7.38875,3.10394,0,0,0,0,0,0,12.69324,0,6.452039,0,29.22909
D602645,28,A26FX028SLC3,,,,,,,,,,,,,,,,,,,D6026450,PXMG,04/17/2026 7:20:59 AM,BPD432,8M5CL,8M5CL,07/06/2026 2:41:10 PM,8M5CL,D1D,2,7912799,0.563218,0,0,0,0,2.493479,0,0,0,0,0,0,0,0,0,0,0,3.056697
D602618,307,KJ7KE307WFG0,,,,,,,,,,,,,,,,,,,D6026180,PNCB,04/14/2026 12:13:16 PM,BPD450,8M5CL,8M5CL,06/15/2026 2:40:48 PM,8M5CL,D1D,1,7923999,0,0,0,0,0,2.761402,0,0,0,0,0,0,0,0,0,1.707277,0,4.468679
D602618,333,KJ7KE333WFC4,,,,,,,,,,,,,,,,,,,D6026180,PNCB,04/14/2026 12:13:16 PM,BPD450,8M5CL,8M5CL,06/17/2026 2:54:54 AM,8M5CL,D1D,2,7924072,0,0,0,0,0.36547,0,0,0,0,0,0,0,0,0.705206,0,5.407078,0,6.477753
D602618,357,KJ7KE357WFG3,,,,,,,,,,,,,,,,,,,D6026180,PNCB,04/14/2026 12:13:16 PM,BPD450,8M5CL,8M5CL,06/16/2026 3:03:31 AM,8M5CL,D1D,3,7924030,1.208766,0,0,0,0.223594,0,0,0,0,0,0,0,0,1.812799,0,1.226504,0,4.471662
D602618,412,KJ7KE412WFD1,,,,,,,,,,,,,,,,,,,D6026180,PNCB,04/14/2026 12:13:16 PM,BPD450,8M5CL,8M5CL,06/15/2026 4:33:44 PM,8M5CL,D1D,4,7924057,0,0,0,0,0,0,0,0,0,0,0,0,0,3.301056,0,0.731018,0,4.032074
D601563,85,GT9FQ085JKE5,,,,,,,,,,,,,,,,,,,D6015630,PXMG,04/15/2026 8:59:27 PM,BPD436,8M5CL,8M5CL,08/01/2026 7:52:07 AM,8M5CL,D1D,1,7889751,0,0,0,0,0.243803,1.295297,1.281055,0,0,0,0,0,0,3.395627,0,25.97009,0,31.66273
D601563,86,GT9FQ086JKB4,,,,,,,,,,,,,,,,,,,D6015630,PXMG,04/15/2026 8:59:27 PM,BPD436,8M5CL,8M5CL,04/16/2026 8:07:45 AM,8M5CL,D1D,2,7889804,1.723193,0,0,0,0,0,4.907373,0,0,0,0,0,0,8.328405,0.588647,15.51578,0,27.94163
D601495,352,GT6QX352JKF6,,,,,,,,,,,,,,,,,,,D6014950,PNCB,04/15/2026 1:03:41 AM,BPD448,8M5CL,8M5CL,07/03/2026 9:43:49 PM,8M5CL,D1D,1,7869600,0,0,0,0,0.21463,0,4.70614,0,0,0,0,0,0,1.650528,0,9.795215,0,16.36651
D601495,355,GT6QX355JKD6,,,,,,,,,,,,,,,,,,,D6014950,PNCB,04/15/2026 1:03:41 AM,BPD448,8M5CL,8M5CL,07/02/2026 11:59:44 AM,8M5CL,D1D,2,7869601,1.460788,0,0,0,0,4.259422,0,0,0,0,0,0,0,6.922562,0,4.048126,1.326425,17.56103
D601560,60,A25GX060SLC2,,,,,,,,,,,,,,,,,,,D6015600,PXMG,04/15/2026 1:47:50 AM,BPD446,8M5CL,8M5CL,07/12/2026 2:07:53 AM,8M5CL,D1D,1,7889801,0,0,0,0,0,0,0,0,0,0,0,0,0,0,0,0,0,0
D601560,61,A25GX061SLG4,,,,,,,,,,,,,,,,,,,D6015600,PXMG,04/15/2026 1:47:50 AM,BPD446,8M5CL,8M5CL,07/12/2026 3:26:15 AM,8M5CL,D1D,2,7889848,0,0,0,0,0.284223,0,0,0,0,0,0,0,0,0,0,1.020597,0,1.30482
D603127,426,GT7PS426JKF3,,,,,,,,,,,,,,,,,,,D6031270,PNCB,04/12/2026 10:12:30 AM,BPD448,8M5CL,8M5CL,06/09/2026 10:20:44 PM,8M5CL,D1D,1,7950883,0,0,0,0,0,0,0,0,0,0,0,0,0,3.513973,0,0,1.171548,3.77558
D603127,427,GT7PS427JKC2,,,,,,,,,,,,,,,,,,,D6031270,PNCB,04/12/2026 10:12:30 AM,BPD448,8M5CL,8M5CL,06/08/2026 4:05:01 AM,8M5CL,D1D,2,7951063,0,0,0,0,0,0,6.332487,0,0,0,0,0,0,8.145815,1.383659,1.924923,0.443242,17.50301
D602108,239,KJ7KE239WFG6,,,,,,,,,,,,,,,,,,,D6021080,PXMG,04/16/2026 9:48:25 AM,BPD458,8M5CL,8M5CL,07/01/2026 8:29:24 PM,8M5CL,D1D,1,7907494,0,0,0,0,0,0,1.321303,0,0,0,0,0,0,1.197813,0,2.569408,1.42535,6.513875
D602108,249,KJ7KE249WFD7,,,,,,,,,,,,,,,,,,,D6021080,PXMG,04/16/2026 9:48:25 AM,BPD458,8M5CL,8M5CL,04/17/2026 7:33:13 AM,8M5CL,D1D,2,7907709,0,0,0,0,0,1.06033,0,0,0,0,0,0,0,0,0,0.763242,0,1.823572
D603148,527,GT7PS527JKB3,,,,,,,,,,,,,,,,,,,D6031480,PXMG,04/15/2026 9:09:15 PM,BPD458,8M5CL,8M5CL,07/20/2026 10:28:26 PM,8M5CL,D1D,1,7945692,0,0,0,0,2.382538,1.294962,3.128996,0,0,0,0,0,0,0.890792,0,0.929993,0,8.551703
D603148,528,GT7PS528JKF5,,,,,,,,,,,,,,,,,,,D6031480,PXMG,04/15/2026 9:09:15 PM,BPD458,8M5CL,8M5CL,07/20/2026 10:05:19 PM,8M5CL,D1D,2,7945674,1.064189,0,0,0,0.313088,1.066667,0,0,0,0,0,0,0,5.824202,0,2.316227,0,10.58437
D602596,240,5DXBU240MVB0,,,,,,,,,,,,,,,,,,,D6025960,PNCB,04/16/2026 2:55:25 AM,BPD448,8M5CL,8M5CL,07/03/2026 5:34:38 PM,8M5CL,D1D,1,7917218,0,0,0,0,0.796295,2.48748,11.7519,0,0,0,0,1.126324,0,3.717387,0,2.82539,3.973265,25.80677
D602596,252,5DXBU252MVG5,,,,,,,,,,,,,,,,,,,D6025960,PNCB,04/16/2026 2:55:25 AM,BPD448,8M5CL,8M5CL,07/03/2026 10:50:08 AM,8M5CL,D1D,2,7917339,0,0,0,0,0.225011,0,1.680183,0,0,0,0,0,0,1.730364,0,6.032772,0,9.668332
D603140,130,A26LJ130SLG7,,,,,,,,,,,,,,,,,,,D6031400,PXMG,04/15/2026 6:18:40 AM,BPD436,8M5CL,8M5CL,07/19/2026 10:52:03 AM,8M5CL,D1D,1,7937816,0,0,0,0,0,1.105857,0.586173,0,0,0,0,0,0,4.347008,0,3.801468,0,9.840509
D603140,132,A26LJ132SLA5,,,,,,,,,,,,,,,,,,,D6031400,PXMG,04/15/2026 6:18:40 AM,BPD436,8M5CL,8M5CL,07/20/2026 11:55:40 PM,8M5CL,D1D,2,7937813,0,0,0,0,0.614899,0,0,0,0,0,0,0,0,0,0,5.301327,0,5.916226
D602641,301,GT7PS301JKF4,,,,,,,,,,,,,,,,,,,D6026410,PXMG,04/21/2026 11:02:02 AM,BPD436,8M5CL,8M5CL,07/19/2026 2:06:22 PM,8M5CL,D1D,1,7912570,0,0,0,0,0.265513,0.7436,4.606533,0,0,0,0,0,0,3.486025,0,6.862468,0.919869,15.61007
D602641,302,GT7PS302JKC3,,,,,,,,,,,,,,,,,,,D6026410,PXMG,04/21/2026 11:02:02 AM,BPD436,8M5CL,8M5CL,07/21/2026 1:03:19 AM,8M5CL,D1D,2,7912730,0,0,0,0,0.266153,3.783863,0,0,0,0,0,0,0,0,0,2.875515,0,6.925531
D602633,8,5DXAX008MVC1,,,,,,,,,,,,,,,,,,,D6026330,PXMG,04/20/2026 11:36:16 AM,BPD448,8M5CL,8M5CL,07/19/2026 12:22:55 PM,8M5CL,D1D,1,7909773,2.189421,0,0,0,0,1.134238,0,0,0,0,0,0,0,2.033849,0,8.288854,0,13.64636
D602633,9,5DXAX009MVG3,,,,,,,,,,,,,,,,,,,D6026330,PXMG,04/20/2026 11:36:16 AM,BPD448,8M5CL,8M5CL,07/19/2026 1:25:15 PM,8M5CL,D1D,2,7909835,0,0,0,0,0,0.745679,1.678123,0,0,0,0,0,0,2.674214,0,2.951307,0,8.049321
D602632,173,KJ7KK173WFC3,,,,,,,,,,,,,,,,,,,D6026320,PXMG,04/19/2026 11:46:41 PM,BPD454,8M5CL,8M5CL,08/09/2026 7:59:47 PM,8M5CL,D1D,1,7909638,0,0,0,0,0.353164,0,0,0,0,0,0,0,0,0,3.066856,1.914975,0,5.334994
D602632,183,KJ7KK183WFG7,,,,,,,,,,,,,,,,,,,D6026320,PXMG,04/19/2026 11:46:41 PM,BPD454,8M5CL,8M5CL,04/20/2026 8:03:55 AM,8M5CL,D1D,2,7909912,0,0,0,0,0,0,0,0,0,0,0,0,0,0,0,0,0,0
D603157,459,GT8RS459JKC5,,,,,,,,,,,,,,,,,,,D6031570,PXMG,04/25/2026 7:50:24 AM,BPD454,8M5CL,8M5CL,06/09/2026 10:09:17 PM,8M5CL,D1D,1,7944915,0,0,0,0,0,0,1.339668,0,0,0,0,0,0,0,0,2.421075,0,3.760743
D603157,460,GT8RS460JKF6,,,,,,,,,,,,,,,,,,,D6031570,PXMG,04/25/2026 7:50:24 AM,BPD454,8M5CL,8M5CL,06/09/2026 10:46:05 PM,8M5CL,D1D,2,7944819,0,0,0,0,0,2.731572,2.233724,0,0,0,0,0,0,0,0,3.860134,0,8.825428
D603157,461,GT8RS461JKC5,,,,,,,,,,,,,,,,,,,D6031570,PXMG,04/25/2026 7:50:24 AM,BPD454,8M5CL,8M5CL,06/09/2026 9:17:26 PM,8M5CL,D1D,3,7944863,0,0,0,0,0.086326,0,0,0,0,0,0,0,0,1.128578,2.539125,0.806964,0,4.560996
D603157,471,GT8RS471JKH1,,,,,,,,,,,,,,,,,,,D6031570,PXMG,04/25/2026 7:50:24 AM,BPD454,8M5CL,8M5CL,06/10/2026 6:22:49 AM,8M5CL,D1D,4,7944847,0,0,0,0,0.224091,0,1.12667,0,0,0,0,0,0,0,0,4.579453,0,5.930215
D603152,49,ICDKA049MMC0,,,,,,,,,,,,,,,,,,,D6031520,PXMG,04/25/2026 3:18:06 PM,BPD436,8M5CL,8M5CL,07/20/2026 12:43:45 PM,8M5CL,D1D,1,7945010,0,0,0,0,0,1.06277,3.293479,0,0,0,0,0,0,0,0.967143,1.657833,1.053008,8.034234
D603152,50,ICDKA050MMF1,,,,,,,,,,,,,,,,,,,D6031520,PXMG,04/25/2026 3:18:06 PM,BPD436,8M5CL,8M5CL,07/19/2026 7:27:39 PM,8M5CL,D1D,2,7945050,0.633889,0,0,0,0.474242,2.711815,1.494506,0,0,0,0,1.386014,0,0,0,0.851457,0.821508,8.163044
D603149,4,A25YU004SLA7,,,,,,,,,,,,,,,,,,,D6031490,PXMG,04/24/2026 5:49:45 AM,BPD442,8M5CL,8M5CL,07/16/2026 11:25:41 AM,8M5CL,D1D,1,7945768,0.653671,0,0,0,0.351722,0,3.730339,0,0,0,0,0,0,10.3107,0,0,0,15.04643
D603149,20,A25YU020SLA2,,,,,,,,,,,,,,,,,,,D6031490,PXMG,04/24/2026 5:49:45 AM,BPD442,8M5CL,8M5CL,07/16/2026 11:01:31 AM,8M5CL,D1D,2,7945826,0,0,0,0,0.106101,0.773557,1.740864,0,0,0,0,0,0,2.239367,0,4.308625,0,9.168514
D602102,4,A26LJ004SLD7,,,,,,,,,,,,,,,,,,,D6021020,PXMG,04/23/2026 2:28:10 PM,BPD450,8M5CL,8M5CL,08/01/2026 1:33:51 AM,8M5CL,D1D,1,7905140,0,0,0,0,0,0.713644,0.608741,0,0,0,0,0,0,0,0,7.311204,0,8.633589
D602102,5,A26LJ005SLA6,,,,,,,,,,,,,,,,,,,D6021020,PXMG,04/23/2026 2:28:10 PM,BPD450,8M5CL,8M5CL,08/01/2026 7:53:32 AM,8M5CL,D1D,2,7905085,0,0,0,0,0,0,1.447276,0,0,0,0,0,0,2.776582,0,0,0,4.223858
D603144,511,GT8RS511JKB3,,,,,,,,,,,,,,,,,,,D6031440,PXMG,04/28/2026 8:08:27 AM,BPD444,8M5CL,8M5CL,07/31/2026 12:51:19 AM,8M5CL,D1D,1,7945802,1.18835,0,0,0,0.172173,0,0,0,0,0,0,0,0,0,0,2.289727,0,3.65025
D603144,512,GT8RS512JKF5,,,,,,,,,,,,,,,,,,,D6031440,PXMG,04/28/2026 8:08:27 AM,BPD444,8M5CL,8M5CL,07/26/2026 3:21:48 AM,8M5CL,D1D,2,7945761,0,0,0,0,0,1.053421,0,0,0,0,0,0,0,1.708126,0,1.643249,0,4.404797
D601564,6,GT9FQ006JKC3,,,,,,,,,,,,,,,,,,,D6015640,PXMG,04/29/2026 2:13:04 AM,BPD432,8M5CL,8M5CL,07/04/2026 5:54:01 AM,8M5CL,D1D,1,7891187,0,0,0,0,3.822123,0,1.327883,0,0,0,0,0,0,1.708126,0,14.53098,0.729918,22.11903
D601564,7,GT9FQ007JKG5,,,,,,,,,,,,,,,,,,,D6015640,PXMG,04/29/2026 2:13:04 AM,BPD432,8M5CL,8M5CL,07/06/2026 2:55:00 AM,8M5CL,D1D,2,7891133,0,0,0,0,0,0.595285,0,0,0,0,0,0,0,1.723286,0,0,0,2.31857
D602EQQ,70,A26XG070SLB5,,,,,,,,,,,,,,,,,,,D602EQQA,X78E,04/30/2026 1:01:11 PM,BPD436,8M5CL,8M5CL,05/06/2026 12:32:14 PM,8M5CL,D1D,1,8224541,0,0,0,0,0.345798,0,0,0,1.438426,0,0,0,0,0,0,0,0,1.784226
D602EQQ,72,A26XG072SLC6,,,,,,,,,,,,,,,,,,,D602EQQA,X78E,04/30/2026 1:01:11 PM,BPD436,8M5CL,8M5CL,06/24/2026 1:43:02 PM,8M5CL,D1D,2,8224574,0,0,0,0,0,0.549243,0,0,0,0,0,0,0,0,0,0.507775,0,1.057018
D603147,9,KJ7YR009WFF0,,,,,,,,,,,,,,,,,,,D6031470,PXMG,04/29/2026 4:35:30 PM,BPD436,8M5CL,8M5CL,07/04/2026 6:14:24 AM,8M5CL,D1D,1,7946169,0,0,0,0,5.253383,0,0,0,0,0,0,0.965146,0,0,0,3.217412,0,9.435939
D603147,19,KJ7YR019WFC1,,,,,,,,,,,,,,,,,,,D6031470,PXMG,04/29/2026 4:35:30 PM,BPD436,8M5CL,8M5CL,07/03/2026 5:52:44 PM,8M5CL,D1D,2,7946038,0,0,0,0,0,0,0,0,0,0,0,0,0,5.589241,0,0,0,5.589241
D603145,531,GT7PS531JKC4,,,,,,,,,,,,,,,,,,,D6031450,PXMG,05/19/2026 10:36:52 AM,BPD458,8M5CL,8M5CL,07/21/2026 11:29:07 AM,8M5CL,D1D,1,7945614,0,0,0,0,0,0,2.008272,0,0,0,0,0,0,1.818613,1.020643,4.590902,0,9.438429
D603145,551,GT7PS551JKE1,,,,,,,,,,,,,,,,,,,D6031450,PXMG,05/19/2026 10:36:52 AM,BPD458,8M5CL,8M5CL,07/21/2026 12:15:40 PM,8M5CL,D1D,2,7945709,0,0,0,0,0,0,0,0,0,0,0,0,0,1.62132,0,2.422185,0,4.043502
D602EQQ,73,A26XG073SLH0,,,,,,,,,,,,,,,,,,,D602EQQ0,X78E,06/30/2026 11:54:14 PM,BPD446,8M5CL,8M5CL,08/04/2026 3:09:56 AM,8M5CL,D1D,1,7931042,0,0,0,0,0,0.847721,0,0,0,0,0,0,0,0,0,0,0,0.847721
D602EQQ,74,A26XG074SLD7,,,,,,,,,,,,,,,,,,,D602EQQ0,X78E,06/30/2026 11:54:14 PM,BPD446,8M5CL,8M5CL,08/04/2026 3:54:50 AM,8M5CL,D1D,2,7931150,0,0,0,0,0.591693,0,0,0,0,0,0,0,0,1.83324,0,0,0,2.424933
D602EQQ,75,A26XG075SLA6,,,,,,,,,,,,,,,,,,,D602EQQ0,X78E,06/30/2026 11:54:14 PM,BPD446,8M5CL,8M5CL,08/04/2026 2:48:50 AM,8M5CL,D1D,3,7930939,0,0,0,0,0,0,0,0,0,0,0,0.730061,0,0,0,0,0,0.730061
D602EQQ,236,A25ZW236SLC6,,,,,,,,,,,,,,,,,,,D602EQQ0,X78E,06/30/2026 11:54:14 PM,BPD446,8M5CL,8M5CL,08/04/2026 3:30:37 AM,8M5CL,D1D,4,7931103,0,0,0,0,0,0,0,0,0,0,0,0,0,1.66086,0,0,0,1.66086
D602107,397,KJ7KQ397WFG6,,,,,,,,,,,,,,,,,,,D602107A,PXMG,07/28/2026 6:13:24 AM,BPD436,8M5CL,8M5CL,08/07/2026 10:59:34 AM,8M5CL,D1D,1,9035569,0,0,0,0,0,0,2.679335,0,0,0,0,0,0,0,0.687805,4.777142,0,8.144283
D602107,435,KJ7KQ435WFH2,,,,,,,,,,,,,,,,,,,D602107A,PXMG,07/28/2026 6:13:24 AM,BPD436,8M5CL,8M5CL,08/07/2026 10:59:24 AM,8M5CL,D1D,2,9035540,0,0,0,0,0,2.202943,0,0,0,0,0,0,0,0,0,0,0,2.202943
D602107,446,KJ7KQ446WFB2,,,,,,,,,,,,,,,,,,,D602107A,PXMG,07/28/2026 6:13:24 AM,BPD436,8M5CL,8M5CL,08/07/2026 10:59:49 AM,8M5CL,D1D,3,9035513,0,0,0,0,0,2.735016,2.149371,0,0,0,0,0,0,11.42474,0,27.90811,0,43.32033
D602107,561,KJ7KQ561WFC7,,,,,,,,,,,,,,,,,,,D602107A,PXMG,07/28/2026 6:13:24 AM,BPD436,8M5CL,8M5CL,08/07/2026 10:59:26 AM,8M5CL,D1D,4,9035548,0,0,0,0,0,0,0,0,0,0,0,0,0,0,3.987322,0,0,3.987322
D602107,562,KJ7KQ562WFH1,,,,,,,,,,,,,,,,,,,D602107A,PXMG,07/28/2026 6:13:24 AM,BPD436,8M5CL,8M5CL,08/07/2026 10:59:42 AM,8M5CL,D1D,5,9035602,1.247911,0,0,0,0,0,0,0,0,0,0,0,0,5.594921,1.5063,6.203915,0,14.55305
D542446,457,GT1MH457JKG1,,,,,,,,,,,,,,,,,,,D5424460,PNCB,02/26/2026 8:56:48 PM,BPD432,8M5CL,8M5CL,02/27/2026 8:49:33 AM,8M5CL,D1D,1,7488283,0,0,0,0,0,0.736453,0,0,0,0,0,0,0,1.174177,0,2.122111,0,4.032742
D542446,463,GT1MH463JKB0,,,,,,,,,,,,,,,,,,,D5424460,PNCB,02/26/2026 8:56:48 PM,BPD432,8M5CL,8M5CL,02/27/2026 8:49:49 AM,8M5CL,D1D,2,7488254,0,0,0,0,0,3.644414,1.79442,0,0,0,0,0,0,0,1.921319,2.220587,0,9.58074
D542446,465,GT1MH465JKC1,,,,,,,,,,,,,,,,,,,D5424460,PNCB,02/26/2026 8:56:48 PM,BPD432,8M5CL,8M5CL,05/09/2026 3:08:04 AM,8M5CL,D1D,3,7488221,1.352775,0,0,0,0.250234,1.275034,0,0,0,0,0,1.136238,0,2.028773,0,1.797085,0.866937,8.707075
D542446,500,GT1MH500JKE5,,,,,,,,,,,,,,,,,,,D5424460,PNCB,02/26/2026 8:56:48 PM,BPD432,8M5CL,8M5CL,05/10/2026 6:19:57 AM,8M5CL,D1D,4,7488276,2.764935,0,0,0,0.269607,0.570151,0,2.642676,0,0,0,0,1.225775,3.357535,0,0,1.43879,12.26947
D542433,5,KJ3LK005WFF2,,,,,,,,,,,,,,,,,,,D5424330,PXMG,02/26/2026 12:54:47 PM,BPD442,8M5CL,8M5CL,05/12/2026 4:29:06 PM,8M5CL,D1D,1,7484701,0,0,0,0,0.448183,0,1.339668,0,0,0,0,0,0,0,0,2.356067,0,4.143917
D542433,6,KJ3LK006WFC1,,,,,,,,,,,,,,,,,,,D5424330,PXMG,02/26/2026 12:54:47 PM,BPD442,8M5CL,8M5CL,05/12/2026 6:43:15 PM,8M5CL,D1D,2,7484684,0,0,0,0,0,0,0,0,0,0,0,0,0,0,0,9.431836,0,9.431836
D542495,810,MCG6T810WAG0,,,,,,,,,,,,,,,,,,,D5424950,PXMG,02/26/2026 8:16:05 AM,BPD432,8M5CL,8M5CL,02/27/2026 8:50:09 AM,8M5CL,D1D,1,7499285,0,0,0,0,0,10.04088,2.00205,0,0,0,0,0,0,0,0,7.532218,0,19.57515
D542495,813,MCG6T813WAE0,,,,,,,,,,,,,,,,,,,D5424950,PXMG,02/26/2026 8:16:05 AM,BPD432,8M5CL,8M5CL,05/02/2026 4:53:17 AM,8M5CL,D1D,2,7499263,0,0,0,0,0.088425,1.627951,0,0,0,0,0,0,0,2.791097,0,0,0,4.507471
D525EP2,348,KHTWH348WFB2,,,,,,,,,,,,,,,,,,,D525EP20,X78E,02/25/2026 7:57:10 PM,BPD436,8M5CL,8M5CL,03/12/2026 3:28:50 PM,8M5CL,D1D,1,6915119,0,0,0,0,0,0,2.136716,0,0,0,0,0.720194,0,0,0,0,0,2.85691
D525EP2,375,KHTWH375WFC0,,,,,,,,,,,,,,,,,,,D525EP20,X78E,02/25/2026 7:57:10 PM,BPD436,8M5CL,8M5CL,03/12/2026 3:27:59 PM,8M5CL,D1D,2,6915139,0,0,0,0,0.821982,0,0,0,0,0,0,0,0.318343,0,0,0.731748,0.529328,2.4014
D546275,9,A20D2009SLD0,,,,,,,,,,,,,,,,,,,D5462750,PNCB,02/28/2026 11:08:27 PM,BPD458,8M5CL,8M5CL,05/05/2026 4:22:09 PM,8M5CL,D1D,1,7625324,0,0,0,0,0,0,2.526328,0,0,0,0,0,0,0,0,1.536471,0,4.062799
D546275,13,A20D2013SLE1,,,,,,,,,,,,,,,,,,,D5462750,PNCB,02/28/2026 11:08:27 PM,BPD458,8M5CL,8M5CL,05/05/2026 2:41:29 AM,8M5CL,D1D,2,7625079,0,0,0,0,2.499327,0,2.913281,0,0,0,0,0,0,1.618442,0,0.736239,0,7.767289
D543525,486,GS4MH486JKG0,,,,,,,,,,,,,,,,,,,D5435250,PXMG,02/27/2026 5:05:56 AM,BPD450,8M5CL,8M5CL,05/12/2026 11:46:37 PM,8M5CL,D1D,1,7519143,0,0,0,0,0,3.961751,0,3.861887,0,0,0,0,0,4.648489,0,4.256658,0.807875,17.53666
D543525,590,GS4MH590JKG2,,,,,,,,,,,,,,,,,,,D5435250,PXMG,02/27/2026 5:05:56 AM,BPD450,8M5CL,8M5CL,05/13/2026 12:12:04 AM,8M5CL,D1D,2,7519097,0,0,0.762703,0,0,3.04633,2.46136,0,0,0,0,0,0,3.166178,0,0,0.581709,10.01828
D546283,322,KJ5DT322WFE1,,,,,,,,,,,,,,,,,,,D5462830,PNCB,02/28/2026 4:50:18 AM,BPD432,8M5CL,8M5CL,05/06/2026 4:45:43 AM,8M5CL,D1D,1,7627571,0,0,0,0,0.765786,1.431741,0,0,0,0,0,0,0,2.32157,0,1.028223,1.891266,7.195838
D546283,326,KJ5DT326WFG3,,,,,,,,,,,,,,,,,,,D5462830,PNCB,02/28/2026 4:50:18 AM,BPD432,8M5CL,8M5CL,03/01/2026 9:06:30 AM,8M5CL,D1D,2,7627649,0.884223,0,0,0,0.26014,0,0,0,0,0,0,0,0,1.594074,0,0,0,2.738438
D546283,331,KJ5DT331WFE3,,,,,,,,,,,,,,,,,,,D5462830,PNCB,02/28/2026 4:50:18 AM,BPD432,8M5CL,8M5CL,05/05/2026 12:14:33 PM,8M5CL,D1D,3,7627576,0,0,0,0,0,1.523947,3.72057,0,0,0,0,0,0,0,0.565877,2.377231,0,8.187624
D546283,333,KJ5DT333WFF4,,,,,,,,,,,,,,,,,,,D5462830,PNCB,02/28/2026 4:50:18 AM,BPD432,8M5CL,8M5CL,03/01/2026 9:06:37 AM,8M5CL,D1D,4,7627617,0,0,0,0,0.512061,1.414515,0,0,0,0,0,0,0,0,0,5.790057,0.980118,8.696748
D543525,591,GS4MH591JKD1,,,,,,,,,,,,,,,,,,,D5435250V,PXMG,02/27/2026 11:59:08 PM,BPD458,8M5CL,8M5CL,05/12/2026 6:49:10 PM,8M5CL,D1D,1,8185219,3.614373,0,0,0,0,1.239465,0,0,1.846001,0,0,0,0,1.601471,0.684165,3.217434,0,12.20291
D543525,593,GS4MH593JKE2,,,,,,,,,,,,,,,,,,,D5435250V,PXMG,02/27/2026 11:59:08 PM,BPD458,8M5CL,8M5CL,05/10/2026 2:03:32 AM,8M5CL,D1D,2,8185243,1.223453,0,0,0,0.183318,0.633815,1.072298,0,0,0,0,0,0,3.749731,0,4.293195,0,11.15581
D543525,596,GS4MH596JKC2,,,,,,,,,,,,,,,,,,,D5435250V,PXMG,02/27/2026 11:59:08 PM,BPD458,8M5CL,8M5CL,05/10/2026 6:44:28 PM,8M5CL,D1D,3,8185201,1.279269,0,0,0,0,4.057064,0,0,0,0,0,0,0,3.837064,1.07672,3.07133,0,13.32145
D543525,598,GS4MH598JKD3,,,,,,,,,,,,,,,,,,,D5435250V,PXMG,02/27/2026 11:59:08 PM,BPD458,8M5CL,8M5CL,05/13/2026 12:03:40 AM,8M5CL,D1D,4,8185263,1.475538,0,0,0,0.729933,0,0,0,0,0,0,0,0,4.789445,1.841928,6.230016,0,14.90166
D544610,36,MCEMQ036WAB0,,,,,,,,,,,,,,,,,,,D5446100,PNCB,02/28/2026 9:09:42 AM,BPD446,8M5CL,8M5CL,05/10/2026 6:38:38 PM,8M5CL,D1D,1,7568360,0,0,0,0,0,1.181219,0,0,0,0,0,0,0,0,0,3.539217,0,4.720437
D544610,126,MCEMQ126WAD0,,,,,,,,,,,,,,,,,,,D5446100,PNCB,02/28/2026 9:09:42 AM,BPD446,8M5CL,8M5CL,06/07/2026 8:57:45 PM,8M5CL,D1D,2,7568340,0,0,0,0,0.156404,0,0,0,0,0,0,0,0,0,0,3.175678,0,3.332081
D532266,401,GP8YF401JKF4,,,,,,,,,,,,,,,,,,,D5322660,PNCB,03/07/2026 7:30:36 AM,BPD444,8M5CL,8M5CL,05/12/2026 7:36:09 PM,8M5CL,D1D,1,7146535,0,0,0.400437,0,0.166082,0,1.292271,0,0,0,0,0,0,3.072728,0,4.648794,0,9.580312
D532266,531,GP8YF531JKD3,,,,,,,,,,,,,,,,,,,D5322660,PNCB,03/07/2026 7:30:36 AM,BPD444,8M5CL,8M5CL,05/10/2026 4:57:50 PM,8M5CL,D1D,2,7146378,0,0,0,0,0,6.579926,0.543404,0,0,0,0,0,0,0,0,1.59918,0,8.72251
D532266,628,GP8YF628JKF5,,,,,,,,,,,,,,,,,,,D5322660,PNCB,03/07/2026 7:30:36 AM,BPD444,8M5CL,8M5CL,05/20/2026 4:51:27 AM,8M5CL,D1D,3,7146452,0,0,0,0,0,0.570151,2.127942,0,0,0,0,0,0,3.301056,0,3.927096,0,9.926245
D532266,643,GP8YF643JKA6,,,,,,,,,,,,,,,,,,,D5322660,PNCB,03/07/2026 7:30:36 AM,BPD444,8M5CL,8M5CL,05/13/2026 12:42:28 AM,8M5CL,D1D,4,7146456,2.599106,0,0,0,0,0.910548,0,0,0,0,0,0,0,3.717599,0,5.628846,0,12.8561
D543555,95,GS4VR095JKD5,,,,,,,,,,,,,,,,,,,D5435550,PXMG,03/07/2026 10:34:17 AM,BPD442,8M5CL,8M5CL,04/08/2026 2:12:26 PM,8M5CL,D1D,1,7526758,2.41203,0,0,0,0,0,0,0.978039,0,0,0,0,0,3.301735,1.505482,1.223712,9.800476,18.97171
D543555,103,GS4VR103JKF3,,,,,,,,,,,,,,,,,,,D5435550,PXMG,03/07/2026 10:34:17 AM,BPD442,8M5CL,8M5CL,05/19/2026 8:54:36 AM,8M5CL,D1D,2,7526741,2.199487,0,0,0,0,0.768809,1.730179,0,0,0,0,0,0,0,0,7.336666,0,12.03514
D543555,104,GS4VR104JKC2,,,,,,,,,,,,,,,,,,,D5435550T,PXMG,03/07/2026 11:28:32 AM,BPD442,8M5CL,8M5CL,05/19/2026 6:23:46 AM,8M5CL,D1D,1,8223876,0,0,0,0,0,0,0,0,0,0,0,0,0,0,0,7.550463,0,7.550463
D543555,105,GS4VR105JKG4,,,,,,,,,,,,,,,,,,,D5435550T,PXMG,03/07/2026 11:28:32 AM,BPD442,8M5CL,8M5CL,06/08/2026 2:25:29 AM,8M5CL,D1D,2,8223894,0,0,0,0,0.337437,0,1.411947,0,0,0,0,0,0,0.806862,0,7.076873,0.812738,10.17806
D543555,109,GS4VR109JKB3,,,,,,,,,,,,,,,,,,,D5435550T,PXMG,03/07/2026 11:28:32 AM,BPD442,8M5CL,8M5CL,05/19/2026 8:41:53 AM,8M5CL,D1D,3,8223895,0,0,0,0,0,2.527783,1.398455,0,0,0,0,0,0,1.798909,0.967143,4.338677,1.099217,11.64911
D543555,111,GS4VR111JKB3,,,,,,,,,,,,,,,,,,,D5435550T,PXMG,03/07/2026 11:28:32 AM,BPD442,8M5CL,8M5CL,05/19/2026 4:11:03 AM,8M5CL,D1D,4,8223877,0,0,0,0,0,0.788003,0,0,0,0,0,0,0,3.63398,0,2.194545,0.954359,7.57089
D546330,41,MCJ1U041WAH0,,,,,,,,,,,,,,,,,,,D5463300,PXMG,03/06/2026 6:54:09 PM,BPD444,8M5CL,8M5CL,04/08/2026 2:13:03 PM,8M5CL,D1D,1,7636317,0,0,0,0,4.109618,1.06277,3.907623,0,0,0,0,0,0,1.723286,0,2.356067,0,12.94027
D546330,44,MCJ1U044WAF0,,,,,,,,,,,,,,,,,,,D5463300,PXMG,03/06/2026 6:54:09 PM,BPD444,8M5CL,8M5CL,07/02/2026 6:51:23 PM,8M5CL,D1D,2,7636440,1.548004,0,0,0,1.887357,2.23368,1.566345,0,0,0,0,0,0,2.838276,0,2.598936,0,12.6726
D546336,57,MCJ1W057WAA7,,,,,,,,,,,,,,,,,,,D5463360,PXMG,03/01/2026 9:34:26 PM,BPD448,8M5CL,8M5CL,05/03/2026 1:18:08 PM,8M5CL,D1D,1,7636221,0,0,0,0,0.088214,1.148231,0,0,0,0,0,0,0,1.861861,0,4.40691,0,7.505218
D546336,159,MCJ1W159WAB1,,,,,,,,,,,,,,,,,,,D5463360,PXMG,03/01/2026 9:34:26 PM,BPD448,8M5CL,8M5CL,05/03/2026 10:06:09 AM,8M5CL,D1D,2,7636438,0,0,0,0,1.968908,1.567143,2.25347,0,0,0,0,0,0,3.975178,0,6.390123,0,16.06592
D539111,340,MCEUR340WAB6,,,,,,,,,,,,,,,,,,,D5391110,PXMG,03/03/2026 4:18:17 AM,BPD432,8M5CL,8M5CL,06/07/2026 4:40:21 PM,8M5CL,D1D,1,7389429,0,0,0,0,0,2.481401,1.280006,0,0,0,0,0,0,0,0,4.77228,0,8.533688
D539111,373,MCEUR373WAF7,,,,,,,,,,,,,,,,,,,D5391110,PXMG,03/03/2026 4:18:17 AM,BPD432,8M5CL,8M5CL,05/20/2026 10:29:30 PM,8M5CL,D1D,2,7389405,0,0,0,0,0,0,0,0,0,0,0,0,0,2.454356,0.586632,9.640233,0,12.68122
D531EP4,349,KHYXL349WFE5,,,,,,,,,,,,,,,,,,,D531EP40,X78D,03/04/2026 2:32:26 PM,BPD454,8M5CL,8M5CL,05/06/2026 12:34:34 AM,8M5CL,D1D,1,7137364,0.591422,0.95723,0,0,0,0,0,0,0,0,0,0,0,1.245724,0,0,0,2.794376
D531EP4,364,KHYXL364WFH1,,,,,,,,,,,,,,,,,,,D531EP40,X78D,03/04/2026 2:32:26 PM,BPD454,8M5CL,8M5CL,04/08/2026 2:13:19 PM,8M5CL,D1D,2,7137277,0.727093,0,0,0,0,1.319989,0.603235,0,0,0,0,0,0,0,2.045983,0,0,4.6963
D531EP4,373,KHYXL373WFA0,,,,,,,,,,,,,,,,,,,D531EP40,X78D,03/04/2026 2:32:26 PM,BPD454,8M5CL,8M5CL,05/06/2026 2:22:06 AM,8M5CL,D1D,3,7137360,0.936061,0,0,0,0,1.341356,1.968416,0,0,0,0,2.333777,0,1.78432,0,4.919625,1.395735,14.67929
D543535,233,KJ4AD233WFE2,,,,,,,,,,,,,,,,,,,D5435350,PXMG,03/04/2026 3:53:03 PM,BPD454,8M5CL,8M5CL,05/06/2026 8:17:44 PM,8M5CL,D1D,1,7524438,0,0,0,0,0.592172,0,2.858382,0,0,0,0,0,0,0,0,5.236503,0.33777,9.024827
D543535,234,KJ4AD234WFB1,,,,,,,,,,,,,,,,,,,D5435350,PXMG,03/04/2026 3:53:03 PM,BPD454,8M5CL,8M5CL,05/06/2026 7:06:55 PM,8M5CL,D1D,2,7524506,0,0,0,0,1.014647,0,0,0,0,0,0,0,0,0,2.187239,1.726107,0,4.927993
D543540,241,KJ40T241WFG7,,,,,,,,,,,,,,,,,,,D5435400,PXMG,03/04/2026 9:29:09 PM,BPD458,8M5CL,8M5CL,05/23/2026 7:15:29 PM,8M5CL,D1D,1,7524917,0,0,0,0,1.105361,1.489299,2.491467,0,0,0,0,0,0,1.723286,0.967143,0.829582,0,8.12833
D543540,256,KJ40T256WFD1,,,,,,,,,,,,,,,,,,,D5435400,PXMG,03/04/2026 9:29:09 PM,BPD458,8M5CL,8M5CL,05/24/2026 1:00:54 AM,8M5CL,D1D,2,7524996,0,0,0,0,1.659524,2.310729,1.936624,0,0,0,0,0,0,0,3.754183,8.224824,0,17.88588
D543569,203,A1SUA203SLB7,,,,,,,,,,,,,,,,,,,D5435690S,PXMG,03/01/2026 12:51:40 PM,BPD450,8M5CL,8M5CL,05/17/2026 10:47:51 AM,8M5CL,D1D,1,8192621,0,0,0,0,0.250035,2.652103,0,0,0,0,0,0,0,0,0,2.407548,0,5.309685
D543569,205,A1SUA205SLD0,,,,,,,,,,,,,,,,,,,D5435690S,PXMG,03/01/2026 12:51:40 PM,BPD450,8M5CL,8M5CL,06/30/2026 1:19:51 PM,8M5CL,D1D,2,8192660,0.695107,0,0,0,0,2.234057,4.464583,0,0,0,0,1.218947,0,2.108119,3.509461,1.948524,0.387317,16.56611
D543569,208,A1SUA208SLB0,,,,,,,,,,,,,,,,,,,D5435690S,PXMG,03/01/2026 12:51:40 PM,BPD450,8M5CL,8M5CL,05/17/2026 12:38:02 PM,8M5CL,D1D,3,8192671,0,0,0,0,0,7.305548,1.726734,0,0,0,0,0,0,3.581602,0,0.983764,0,13.59765
D543569,211,A1SUA211SLF2,,,,,,,,,,,,,,,,,,,D5435690S,PXMG,03/01/2026 12:51:40 PM,BPD450,8M5CL,8M5CL,05/17/2026 11:55:48 AM,8M5CL,D1D,4,8192619,4.971611,0,0,1.166132,0.180984,3.036841,0,0,0,0,0,0,0,0,0.616651,0,0.774078,10.7463
D542435,99,KJ39G099WFE2,,,,,,,,,,,,,,,,,,,D5424350,PXMG,03/01/2026 2:30:42 AM,BPD448,8M5CL,8M5CL,05/17/2026 10:24:35 AM,8M5CL,D1D,1,7484852,0,0,0,0,0,0.763464,0,0,0,0,0,0,0,0,0,0,0,0.763464
D542435,145,KJ39G145WFA6,,,,,,,,,,,,,,,,,,,D5424350,PXMG,03/01/2026 2:30:42 AM,BPD448,8M5CL,8M5CL,05/17/2026 8:37:50 AM,8M5CL,D1D,2,7484679,0,0,0,0,0.245882,0.8377,1.469934,0,0,0,0,0,0,3.062077,1.996267,3.638074,0,10.54275
D546334,41,A24QC041SLD0,,,,,,,,,,,,,,,,,,,D5463340,PXMG,03/01/2026 4:04:34 AM,BPD442,8M5CL,8M5CL,07/02/2026 8:37:12 PM,8M5CL,D1D,1,7636459,4.692236,0,0,0,0,0,0,0,0,0,0,0,0,4.508425,0,2.848992,0.852522,11.41611
D546334,42,A24QC042SLH2,,,,,,,,,,,,,,,,,,,D5463340,PXMG,03/01/2026 4:04:34 AM,BPD442,8M5CL,8M5CL,05/04/2026 3:04:16 AM,8M5CL,D1D,2,7636550,0,0,0,0,0,0,1.327883,0,0,0,0,0,0,0,0,1.578813,0,2.906695
D543569,201,A1SUA201SLA6,,,,,,,,,,,,,,,,,,,D5435690,PXMG,03/01/2026 8:17:06 AM,BPD448,8M5CL,8M5CL,06/30/2026 1:18:08 PM,8M5CL,D1D,1,7528771,0.568216,0,0,0,0,0.763464,0,0,0,0,0,0,0,1.06743,0,0.763242,0,3.162352
D543569,202,A1SUA202SLF0,,,,,,,,,,,,,,,,,,,D5435690,PXMG,03/01/2026 8:17:06 AM,BPD448,8M5CL,8M5CL,04/08/2026 2:13:33 PM,8M5CL,D1D,2,7528903,0,0,0,0,0,0.862528,0,0,0,0,0,0,0,0,0,3.597502,0,4.460032
D542435,150,KJ39G150WFG1,,,,,,,,,,,,,,,,,,,D5424350V,PXMG,03/01/2026 2:35:53 AM,BPD450,8M5CL,8M5CL,05/17/2026 3:14:03 AM,8M5CL,D1D,1,8190573,0,0,0,0,0,2.275485,2.687588,0,0,0,0,0,0,0,1.537362,2.594847,0.78925,9.884532
D542435,200,KJ39G200WFE7,,,,,,,,,,,,,,,,,,,D5424350V,PXMG,03/01/2026 2:35:53 AM,BPD450,8M5CL,8M5CL,05/17/2026 2:04:52 AM,8M5CL,D1D,2,8190560,0,0,0,0,0.296486,0,1.784496,0,0,0,0,0,0,0,1.36733,5.036095,0,8.484408
D542435,292,KJ3LD292WFG4,,,,,,,,,,,,,,,,,,,D5424350V,PXMG,03/01/2026 2:35:53 AM,BPD450,8M5CL,8M5CL,05/17/2026 5:50:37 AM,8M5CL,D1D,3,8190536,0,0,0,0,0.22212,0,0.608741,0,0,0,0,0,0,0,0.958635,3.555462,0,5.344959
D542435,315,KJ3LD315WFE4,,,,,,,,,,,,,,,,,,,D5424350V,PXMG,03/01/2026 2:35:53 AM,BPD450,8M5CL,8M5CL,05/17/2026 8:34:41 AM,8M5CL,D1D,4,8190500,0,0,0,0,0.468136,1.249232,0,0,0,0,0,0,0,1.254708,0,4.794546,0,7.766622
D531147,17,A11E2017SLD5,,,,,,,,,,,,,,,,,,,D5311470,PNCB,03/02/2026 12:17:51 AM,BPD432,8M5CL,8M5CL,05/07/2026 3:12:13 AM,8M5CL,D1D,1,7111973,0,0,0,0,0.826463,0,2.584542,0,0,0,0,0,0,0,0,2.27271,0.710342,6.394058
D531147,118,A10HY118SLG5,,,,,,,,,,,,,,,,,,,D5311470,PNCB,03/02/2026 12:17:51 AM,BPD432,8M5CL,8M5CL,05/07/2026 8:43:34 PM,8M5CL,D1D,2,7111971,0,0,0,0,0.359984,0,2.459535,0,0,0,0,0,0,0.700205,0,2.318857,0,5.771501
D542474,43,A20HR043SLE6,,,,,,,,,,,,,,,,,,,D5424740,PXMG,03/07/2026 10:51:37 PM,BPD454,8M5CL,8M5CL,05/02/2026 5:37:06 PM,8M5CL,D1D,1,7491832,0,1.212756,0,0,0.83378,0,3.898304,0,0,0,0,0,0,0,0,3.185649,0.459498,9.589988
D542474,111,A20X4111SLD7,,,,,,,,,,,,,,,,,,,D5424740,PXMG,03/07/2026 10:51:37 PM,BPD454,8M5CL,8M5CL,05/03/2026 12:47:43 PM,8M5CL,D1D,2,7491881,0,0,0,0,1.461689,0,1.339668,0,0,0,0,0,0,1.723286,5.341271,4.0139,0,13.87981
D542487,204,GT1WK204JKD6,,,,,,,,,,,,,,,,,,,D5424870,PXMG,03/13/2026 7:27:56 AM,BPD454,8M5CL,8M5CL,05/23/2026 8:40:23 PM,8M5CL,D1D,1,7495885,3.290638,0,0,0,0,0.590048,0,0,0,0,0,0,0,0,0,0.756528,0,4.637214
D542487,205,GT1WK205JKA5,,,,,,,,,,,,,,,,,,,D5424870,PXMG,03/13/2026 7:27:56 AM,BPD454,8M5CL,8M5CL,05/24/2026 12:52:52 AM,8M5CL,D1D,2,7495837,0,0,0,0,0,0,0,0,0,0,0,0,0,0.731071,0,0,0,0.731071
D521916,153,GK2VC153JKB6,,,,,,,,,,,,,,,,,,,D5219160,PNCB,03/14/2026 7:31:44 AM,BPD448,8M5CL,8M5CL,06/07/2026 6:20:57 AM,8M5CL,D1D,1,6762862,0.783953,0,0,0,0.624012,0,2.608986,0,0,0,0,0,0,3.278539,0,8.727097,0,15.89207
D521916,326,GK2VC326JKG5,,,,,,,,,,,,,,,,,,,D5219160,PNCB,03/14/2026 7:31:44 AM,BPD448,8M5CL,8M5CL,06/08/2026 6:34:12 AM,8M5CL,D1D,2,6762806,0,0,0,0,0.451093,2.255462,0,0,0,0,0,0,0,0,0,1.619789,1.562814,5.889157
D545179,243,KJ4YW243WFG6,,,,,,,,,,,,,,,,,,,D5451790,PXMG,03/12/2026 5:44:33 PM,BPD454,8M5CL,8M5CL,07/02/2026 3:52:12 AM,8M5CL,D1D,1,7591372,0,0,0,0,0.748468,0,0,0,0,0,0,0,0,2.626183,0,0,0,3.374651
D545179,244,KJ4YW244WFD5,,,,,,,,,,,,,,,,,,,D5451790,PXMG,03/12/2026 5:44:33 PM,BPD454,8M5CL,8M5CL,04/08/2026 2:11:18 PM,8M5CL,D1D,2,7591354,0,0,0,0,0.22212,0,0,0,0,0,0,0,0,0,0,1.912213,0,2.134333
D541E7P,139,A21PM139SLE5,,,,,,,,,,,,,,,,,,,D541E7PA,X78E,03/11/2026 11:49:46 PM,BPD450,8M5CL,8M5CL,04/08/2026 2:11:30 PM,8M5CL,D1D,1,7705043,0,0,0,0,0,0,0,0,0,0,0,0,0,0,0,0,0,0
D541E7P,144,A20V6144SLC6,,,,,,,,,,,,,,,,,,,D541E7PA,X78E,03/11/2026 11:49:46 PM,BPD450,8M5CL,8M5CL,05/22/2026 3:30:46 AM,8M5CL,D1D,2,7705065,0,0,0,0,0,0,0,0,0,0,0,0,0,0,0,0,0,0
D541E7P,146,A20V6146SLD7,,,,,,,,,,,,,,,,,,,D541E7PA,X78E,03/11/2026 11:49:46 PM,BPD450,8M5CL,8M5CL,04/08/2026 2:11:24 PM,8M5CL,D1D,3,7705028,0,0,0,0,0,0,0,0,0,0,0,0,0,1.485646,0,0.768438,0.617568,2.871651
D542EAR,86,KJ40Y086WFF4,,,,,,,,,,,,,,,,,,,D542EAR0,X78E,03/11/2026 8:59:16 PM,BPD442,8M5CL,8M5CL,04/08/2026 2:11:28 PM,8M5CL,D1D,1,7514323,0,0,0,0,0,1.01555,0,0,0,0,0,0,0,0,0,0.564138,0,1.579687
D542EAR,106,KJ40Y106WFF4,,,,,,,,,,,,,,,,,,,D542EAR0,X78E,03/11/2026 8:59:16 PM,BPD442,8M5CL,8M5CL,05/29/2026 6:42:12 AM,8M5CL,D1D,2,7514340,0,0,0,0,0,1.727726,0,0,0,0,0,0,0,1.768615,0,0,0,3.496341
D542EAR,109,KJ40Y109WFD4,,,,,,,,,,,,,,,,,,,D542EAR0,X78E,03/11/2026 8:59:16 PM,BPD442,8M5CL,8M5CL,04/08/2026 2:11:21 PM,8M5CL,D1D,3,7514290,0,0,0,0,0,0,0,0,0,0,0,0,0,0,0,0,0,0
D532268,27,A1YP9027SLA6,,,,,,,,,,,,,,,,,,,D5322680,PNCB,03/11/2026 1:31:48 AM,BPD448,8M5CL,8M5CL,05/27/2026 9:15:40 AM,8M5CL,D1D,1,7147835,0,0,0.447015,0,0.1854,24.43768,0,0,1.704441,0,0,0,0,1.855676,1.888389,0,0.835736,30.45605
D532268,28,A1YP9028SLF0,,,,,,,,,,,,,,,,,,,D5322680,PNCB,03/11/2026 1:31:48 AM,BPD448,8M5CL,8M5CL,05/27/2026 1:10:49 AM,8M5CL,D1D,2,7147839,1.308847,0,0,0,0,1.210538,0.699533,0,0,0,0,0,0,0,0,0.869363,0,4.088281
D532268,31,A1YP9031SLB7,,,,,,,,,,,,,,,,,,,D5322680,PNCB,03/11/2026 1:31:48 AM,BPD448,8M5CL,8M5CL,05/26/2026 11:09:07 PM,8M5CL,D1D,3,7147924,0,0,0,0,0,5.349127,0.877531,0,0,0,0,0,0,1.044604,0,1.665977,0,8.937237
D532268,32,A1YP9032SLG1,,,,,,,,,,,,,,,,,,,D5322680,PNCB,03/11/2026 1:31:48 AM,BPD448,8M5CL,8M5CL,05/26/2026 1:43:44 PM,8M5CL,D1D,4,7148039,0,0,0,0,0,7.39618,0,0,0,0,0,0,0,1.022362,0,0.731018,0.60649,9.75605
D544622,349,KJ3ND349WFE1,,,,,,,,,,,,,,,,,,,D5446220,PXMG,03/11/2026 7:31:48 AM,BPD432,8M5CL,8M5CL,07/02/2026 7:20:53 AM,8M5CL,D1D,1,7569725,0,0,0,0,0.6492,0,0.614144,0,0,0,0,0,0,0,1.434407,2.692426,0,5.390176
D544622,386,KJ3ND386WFC0,,,,,,,,,,,,,,,,,,,D5446220,PXMG,03/11/2026 7:31:48 AM,BPD432,8M5CL,8M5CL,07/02/2026 7:20:07 AM,8M5CL,D1D,2,7569645,0,0,0,0,0,30.47125,0,0,0,0,0,27.67222,0,0,0,0,0,58.14347
D547404,401,GT2RM401JKG3,,,,,,,,,,,,,,,,,,,D5474040,PNCB,03/09/2026 2:37:24 AM,BPD458,8M5CL,8M5CL,05/07/2026 5:46:01 AM,8M5CL,D1D,1,7668781,0,0,0,0,0.07876,0,0,0,0,0,0,0,0,0,0.932926,1.472478,0,2.484165
D547404,402,GT2RM402JKD2,,,,,,,,,,,,,,,,,,,D5474040,PNCB,03/09/2026 2:37:24 AM,BPD458,8M5CL,8M5CL,05/07/2026 6:02:45 AM,8M5CL,D1D,2,7668727,0,0,0,0,0,0.844222,0,0,0,0,0,0,0,1.905572,0,0.917334,0,3.66713
D542473,254,GT1WK254JKE1,,,,,,,,,,,,,,,,,,,D5424730,PXMG,03/14/2026 9:01:50 AM,BPD436,8M5CL,8M5CL,05/20/2026 12:42:16 PM,8M5CL,D1D,1,7491744,0.811568,0,0,0,0.436682,3.218383,0,0,0,0,0,0,0,2.396358,0,7.398225,0,14.26121
D542473,255,GT1WK255JKB0,,,,,,,,,,,,,,,,,,,D5424730,PXMG,03/14/2026 9:01:50 AM,BPD436,8M5CL,8M5CL,04/08/2026 2:10:53 PM,8M5CL,D1D,2,7491709,0.792418,0,0,0,1.600211,4.341643,4.181139,0,0,0,0,0,0,3.742112,0,2.518748,0,15.04658
D528E9N,560,KHWJK560WFB2,,,,,,,,,,,,,,,,,,,D528E9N0,X78D,03/17/2026 4:18:18 PM,BPD450,8M5CL,8M5CL,04/18/2026 9:45:27 PM,8M5CL,D1D,1,7026610,0,0,0,0,0,0.954887,4.244455,0,0,0,0,0,0,1.853867,2.412969,6.288138,0,15.75432
D528E9N,594,KHWJG594WFA6,,,,,,,,,,,,,,,,,,,D528E9N0,X78D,03/17/2026 4:18:18 PM,BPD450,8M5CL,8M5CL,04/19/2026 4:44:23 AM,8M5CL,D1D,2,7026652,0,0,0,0,0,0,0.656379,0,0,0,0,0,0,0,0.613068,0.593292,0,1.659261
D528E9N,632,KHWJG632WFB2,,,,,,,,,,,,,,,,,,,D528E9N0,X78D,03/17/2026 4:18:18 PM,BPD450,8M5CL,8M5CL,04/18/2026 12:26:37 PM,8M5CL,D1D,3,7026700,0.591512,0,0,0,0,0.775957,0,0.50216,0,0,0,0,0,0,1.482565,5.08288,0.648743,9.083814
D528E9N,680,KHWJG680WFA4,,,,,,,,,,,,,,,,,,,D528E9N0,X78D,03/17/2026 4:18:18 PM,BPD450,8M5CL,8M5CL,04/19/2026 3:10:54 PM,8M5CL,D1D,4,7026688,0,0,0,0,0,0,0,0,0,0,0,0,0,0,2.025672,1.646723,0,3.672395
D528E9N,747,KHWJK747WFF4,,,,,,,,,,,,,,,,,,,D528E9N0,X78D,03/17/2026 4:18:18 PM,BPD450,8M5CL,8M5CL,04/19/2026 12:43:06 AM,8M5CL,D1D,5,7026676,0,0,0,0,0.501651,0,0,0,0,0,0,0,0,0,1.621419,0.659047,0,2.782117
D528E9N,864,KHWJG864WFG6,,,,,,,,,,,,,,,,,,,D528E9N0,X78D,03/17/2026 4:18:18 PM,BPD450,8M5CL,8M5CL,04/18/2026 10:24:28 AM,8M5CL,D1D,6,7026732,1.299444,0,0,0,0,1.02878,0,0,0,0,0,0,0,1.368523,0.6734,2.679045,0,7.049191
D543547,84,A21SR084SLC7,,,,,,,,,,,,,,,,,,,D5435470,PXMG,03/25/2026 9:50:12 PM,BPD444,8M5CL,8M5CL,06/08/2026 12:55:30 PM,8M5CL,D1D,1,7525803,0,0,0,0,0,12.57105,0,1.339039,0,0,0,0,0,0,0,2.77213,1.058161,17.74038
D543547,85,A21SR085SLH1,,,,,,,,,,,,,,,,,,,D5435470,PXMG,03/25/2026 9:50:12 PM,BPD444,8M5CL,8M5CL,06/07/2026 6:08:33 AM,8M5CL,D1D,2,7525680,0,0,0,0,0,0,1.339668,0,0,0,0,0,0,5.124373,0,7.773702,0,14.23774
D545177,97,KJ57R097WFF0,,,,,,,,,,,,,,,,,,,D5451770,PXMG,03/25/2026 9:01:38 AM,BPD444,8M5CL,8M5CL,07/14/2026 9:10:55 AM,8M5CL,D1D,1,7591148,0,0,0,0,1.062498,2.15834,3.344299,0,0,0,1.23913,0,0,3.712519,0,1.617403,0,13.13419
D545177,165,KJ57R165WFE2,,,,,,,,,,,,,,,,,,,D5451770,PXMG,03/25/2026 9:01:38 AM,BPD444,8M5CL,8M5CL,07/27/2026 12:55:11 PM,8M5CL,D1D,2,7591211,2.508052,0,0,0,0.172324,1.182815,0,0,0,0,0,0,0,3.844702,1.600102,0,1.554187,10.86218
D545180,20,KJ51H020WFD1,,,,,,,,,,,,,,,,,,,D5451800,PXMG,03/22/2026 8:49:24 AM,BPD442,8M5CL,8M5CL,06/07/2026 2:49:40 PM,8M5CL,D1D,1,7591359,0,0,0,0,0,0,0,0,0,0,0,0,0,0,0,2.078554,0.576109,2.654664
D545180,36,KJ51H036WFD5,,,,,,,,,,,,,,,,,,,D5451800,PXMG,03/22/2026 8:49:24 AM,BPD442,8M5CL,8M5CL,06/10/2026 2:06:10 PM,8M5CL,D1D,2,7591422,0,0,0,0,0.241407,0,0.606867,0,0,0,0,0,0,0,0,6.110016,0,6.95829
D528922,221,KHW9R221WFA6,,,,,,,,,,,,,,,,,,,D5289220,PNCB,03/23/2026 4:14:11 AM,BPD432,8M5CL,8M5CL,07/08/2026 4:37:43 PM,8M5CL,D1D,1,7019701,0,0,0,0,0.122853,3.484275,0,0,0,0,0,0,0,3.370982,0,2.494438,0,8.742509
D528922,251,KHW9R251WFG7,,,,,,,,,,,,,,,,,,,D5289220,PNCB,03/23/2026 4:14:11 AM,BPD432,8M5CL,8M5CL,07/08/2026 8:57:42 PM,8M5CL,D1D,2,7019646,0,0,0,0,0.091146,0,1.495503,0,0,0,0,0,0,0,0,0.852026,0,2.438675
D528922,268,KHW9R268WFE2,,,,,,,,,,,,,,,,,,,D5289220,PNCB,03/23/2026 4:14:11 AM,BPD432,8M5CL,8M5CL,07/08/2026 10:07:14 PM,8M5CL,D1D,3,7019655,0,0,0,0,0.40631,0,3.117243,0,0,0,0,0,0,0,0,0,0,3.523553
D528922,270,KHW9R270WFE2,,,,,,,,,,,,,,,,,,,D5289220,PNCB,03/23/2026 4:14:11 AM,BPD432,8M5CL,8M5CL,07/08/2026 5:09:41 PM,8M5CL,D1D,4,7019727,0,0,0,0,0.498482,0,0,0,0,0,0,0,0,5.699474,0,2.620484,0,8.818441
D542457,314,GT0MD314JKC3,,,,,,,,,,,,,,,,,,,D5424570,PXMG,04/03/2026 3:58:47 AM,BPD454,8M5CL,8M5CL,07/14/2026 9:28:32 AM,8M5CL,D1D,1,7490097,0,0,0,0,0.233981,0,2.040026,0,0,0,0,0,0,2.562658,0.612517,4.207697,0,9.656877
D542457,315,GT0MD315JKG5,,,,,,,,,,,,,,,,,,,D5424570,PXMG,04/03/2026 3:58:47 AM,BPD454,8M5CL,8M5CL,07/27/2026 11:09:57 AM,8M5CL,D1D,2,7490096,0,0,0,0,0,1.874805,0,0,0,0,0,0,0,2.377795,1.334467,2.106247,0,7.693315
D543561,730,GS4VS730JKB2,,,,,,,,,,,,,,,,,,,D5435610,PXMG,04/03/2026 1:23:37 AM,BPD450,8M5CL,8M5CL,06/22/2026 8:43:33 AM,8M5CL,D1D,1,7526959,0,1.46508,0,0,0.274024,16.98997,0,0,0,0,0,0,0,7.215789,0,2.960545,0,27.51824
D543561,751,GS4VS751JKH1,,,,,,,,,,,,,,,,,,,D5435610,PXMG,04/03/2026 1:23:37 AM,BPD450,8M5CL,8M5CL,07/27/2026 12:49:33 PM,8M5CL,D1D,2,7527030,0,0,0,0,0,5.637311,1.279318,0,0,0,0,0,0,1.723286,0,6.38461,0,15.02453
D545176,250,KJ4YU250WFF1,,,,,,,,,,,,,,,,,,,D5451760,PXMG,04/01/2026 5:23:26 AM,BPD450,8M5CL,8M5CL,06/08/2026 4:04:41 AM,8M5CL,D1D,1,7591150,0,1.187573,0,0,0.914449,0,2.019514,0,0,0,0,0,0,0,0,0.756528,0,4.803747
D545176,265,KJ4YU265WFB3,,,,,,,,,,,,,,,,,,,D5451760,PXMG,04/01/2026 5:23:26 AM,BPD450,8M5CL,8M5CL,06/09/2026 12:53:32 PM,8M5CL,D1D,2,7591215,0,0,0,0,0.83291,0,0,0,0,0,0,0,0,0,0,0,0,0.83291
D505967,685,GM3PQ685JKB5,,,,,,,,,,,,,,,,,,,D5059670,PXMG,03/30/2026 9:43:36 AM,BPD450,8M5CL,8M5CL,04/08/2026 2:07:59 PM,8M5CL,D1D,1,6180631,0,0,0,0,0,0,0.900036,0,0,0,0,0,0,0,6.17638,2.429573,0.464,9.969987
D505967,686,GM3PQ686JKF7,,,,,,,,,,,,,,,,,,,D5059670,PXMG,03/30/2026 9:43:36 AM,BPD450,8M5CL,8M5CL,04/08/2026 2:08:02 PM,8M5CL,D1D,2,6180708,0,0,0,0,0,4.236381,0,0,0,0,0,0,0,3.681752,0,0,0,7.918133
D529514,66,A11E2066SLH1,,,,,,,,,,,,,,,,,,,D5295140,PNCB,03/30/2026 4:38:47 PM,BPD448,8M5CL,8M5CL,06/17/2026 11:24:37 PM,8M5CL,D1D,1,7039191,0,0,0,0,0,0,1.283106,0,0,0,0,0,0,0,0,3.718628,0,5.001735
D529514,71,A11FV071SLG7,,,,,,,,,,,,,,,,,,,D5295140,PNCB,03/30/2026 4:38:47 PM,BPD448,8M5CL,8M5CL,06/19/2026 6:40:56 PM,8M5CL,D1D,2,7039139,0,0,0,0,0,1.022816,0,0,0,0,0,3.15089,0,0,1.825856,7.482196,0,13.06364
D535523,811,GP8YG811JKG7,,,,,,,,,,,,,,,,,,,D5355230,PNCB,03/29/2026 10:46:14 AM,BPD442,8M5CL,8M5CL,06/07/2026 9:11:20 PM,8M5CL,D1D,1,7250665,0,0,0,0,0.07876,7.770219,0,0,0,0,0,0,0,2.367523,0,1.536471,0,11.47761
D535523,812,GP8YG812JKD6,,,,,,,,,,,,,,,,,,,D5355230,PNCB,03/29/2026 10:46:14 AM,BPD442,8M5CL,8M5CL,06/07/2026 8:55:20 PM,8M5CL,D1D,2,7250662,0.819919,0,0,0,0,1.144017,0,0,0,0,0,0,0,0,0,6.998327,0.340816,9.30308
D543539,16,KJ39G016WFH1,,,,,,,,,,,,,,,,,,,D5435390,PXMG,04/05/2026 10:28:20 PM,BPD454,8M5CL,8M5CL,06/18/2026 10:01:03 AM,8M5CL,D1D,1,7524746,0,0,0,0,0.09993,2.029268,1.441098,0,0,0,0,0,0,3.263871,0,13.56086,0,20.39503
D543539,21,KJ39G021WFF1,,,,,,,,,,,,,,,,,,,D5435390,PXMG,04/05/2026 10:28:20 PM,BPD454,8M5CL,8M5CL,06/18/2026 7:02:40 AM,8M5CL,D1D,2,7524703,0,0,0,0,0.172173,0,1.339668,0,0,0,0,0,0,3.521786,0.967143,7.300574,0,12.10742
D522979,98,MC6XG098WAA6,,,,,,,,,,,,,,,,,,,D5229790,PNCB,04/11/2026 7:10:59 AM,BPD432,8M5CL,8M5CL,07/03/2026 4:08:07 AM,8M5CL,D1D,1,6799063,0,0,0,0,0.342348,0,0,0,0,0,0,0,0,2.632682,0,0,0,2.97503
D522979,116,MC6XG116WAH0,,,,,,,,,,,,,,,,,,,D5229790,PNCB,04/11/2026 7:10:59 AM,BPD432,8M5CL,8M5CL,07/12/2026 8:18:30 AM,8M5CL,D1D,2,6799018,0,0,0,0,0.202588,3.186921,0,0,0,0,0,0,0,2.051691,1.127555,1.467017,0,8.035771
D541E7M,605,GR8SP605JKH0,,,,,,,,,,,,,,,,,,,D541E7M0,X78D,04/17/2026 9:48:06 PM,BPD442,8M5CL,8M5CL,04/19/2026 7:34:07 AM,8M5CL,D1D,1,7477510,0,0,0,0,1.6995,1.938888,0,0,0,0,0,0,0,5.158361,0,1.228181,0,10.02493
D541E7M,607,GR8SP607JKA6,,,,,,,,,,,,,,,,,,,D541E7M0,X78D,04/17/2026 9:48:06 PM,BPD442,8M5CL,8M5CL,04/19/2026 7:34:19 AM,8M5CL,D1D,2,7477571,0,0,0,0,2.248894,0,0,0,0,0,0,0,0,0,0,0,0,2.248894
D541E7M,933,GR8SP933JKC0,,,,,,,,,,,,,,,,,,,D541E7M0,X78D,04/17/2026 9:48:06 PM,BPD442,8M5CL,8M5CL,04/19/2026 7:33:52 AM,8M5CL,D1D,3,7477609,0,0,0,0,0,0,1.477259,0,0,0,0,1.527109,0,1.836606,0,1.055415,0,5.896391
D541E7M,934,GR8SP934JKG2,,,,,,,,,,,,,,,,,,,D541E7M0,X78D,04/17/2026 9:48:06 PM,BPD442,8M5CL,8M5CL,04/19/2026 7:33:36 AM,8M5CL,D1D,4,7477585,0,0,0,0,0,0,0,0,0,0,0,0,0,1.649003,0,0.872402,0,2.521405
D541E7M,937,GR8SP937JKE2,,,,,,,,,,,,,,,,,,,D541E7M0,X78D,04/17/2026 9:48:06 PM,BPD442,8M5CL,8M5CL,04/19/2026 7:33:45 AM,8M5CL,D1D,5,7477619,0,0,0,0,0.200303,0,0.767676,0,0,0,0,0,0,0,0,0,0,0.967979
D541E7M,938,GR8SP938JKB1,,,,,,,,,,,,,,,,,,,D541E7M0,X78D,04/17/2026 9:48:06 PM,BPD442,8M5CL,8M5CL,04/19/2026 7:34:06 AM,8M5CL,D1D,6,7477462,0,0,0,0,0,0.93661,0,0,0,0,0,0,0,0,0,0,0,0.93661
D541E7M,939,GR8SP939JKF3,,,,,,,,,,,,,,,,,,,D541E7M0,X78D,04/17/2026 9:48:06 PM,BPD442,8M5CL,8M5CL,04/19/2026 7:33:54 AM,8M5CL,D1D,7,7477635,0,0,0,0,0,0.641647,0,0,0,0,0,0,0,0,0,6.090321,0,6.731968
D541E7M,954,GR8SP954JKA4,,,,,,,,,,,,,,,,,,,D541E7M0,X78D,04/17/2026 9:48:06 PM,BPD442,8M5CL,8M5CL,04/19/2026 7:34:16 AM,8M5CL,D1D,8,7477581,0,0,0,0,3.337985,1.899527,0,0,0,0,0,0,0,1.67315,0,0,0,6.910661
D545EK5,135,KJ57R135WFF4,,,,,,,,,,,,,,,,,,,D545EK5A,X78E,04/20/2026 6:13:29 AM,BPD436,8M5CL,8M5CL,06/03/2026 1:00:02 AM,8M5CL,D1D,1,8137427,0,0,0,0,0,8.066114,0,0,0,0,0,0,0,0,0,3.956888,0,12.023
D545EK5,145,KJ57R145WFC5,,,,,,,,,,,,,,,,,,,D545EK5A,X78E,04/20/2026 6:13:29 AM,BPD436,8M5CL,8M5CL,04/20/2026 8:17:41 AM,8M5CL,D1D,2,8137424,0,0,0,0,0.269685,0.675107,0,0,0,0,0,0,0,1.009809,5.527828,1.129281,0,8.61171
D511303,561,GM9ZG561JKG5,,,,,,,,,,,,,,,,,,,D511303A,PNCB,05/08/2026 9:15:18 AM,BPD442,8M5CL,8M5CL,05/10/2026 7:40:11 AM,8M5CL,D1D,1,8422572,0,0,0,0,0.294924,1.02517,3.127946,0,0,0,0,0,0,0,0,7.356423,0,11.32128
D511303,652,GM9ZG652JKF4,,,,,,,,,,,,,,,,,,,D511303A,PNCB,05/08/2026 9:15:18 AM,BPD442,8M5CL,8M5CL,05/10/2026 7:40:21 AM,8M5CL,D1D,2,8422482,0,0,0,0,0,0,0,0,0,0,0,0,0,0,0,0.731018,0.440098,1.171116
D511303,654,GM9ZG654JKG5,,,,,,,,,,,,,,,,,,,D511303A,PNCB,05/08/2026 9:15:18 AM,BPD442,8M5CL,8M5CL,05/10/2026 7:41:14 AM,8M5CL,D1D,3,8422532,0,0,0,0,0.863196,0,1.283106,0,0,0,0,0,0,0,0,1.587839,0,3.734141
D511303,656,GM9ZG656JKA3,,,,,,,,,,,,,,,,,,,D511303A,PNCB,05/08/2026 9:15:18 AM,BPD442,8M5CL,8M5CL,05/10/2026 7:41:27 AM,8M5CL,D1D,4,8422776,0,0,0,0,0,0,0.539551,0,0,0,0,0,0,0,0,2.318857,0,2.858407
D511303,657,GM9ZG657JKE5,,,,,,,,,,,,,,,,,,,D511303A,PNCB,05/08/2026 9:15:18 AM,BPD442,8M5CL,8M5CL,05/10/2026 7:39:59 AM,8M5CL,D1D,5,8422667,0,0,0,0,0.557316,1.321554,1.156454,0,0,0,0,0,0,0,0,3.093099,1.386659,7.515082
D511303,658,GM9ZG658JKB4,,,,,,,,,,,,,,,,,,,D511303A,PNCB,05/08/2026 9:15:18 AM,BPD442,8M5CL,8M5CL,05/10/2026 7:40:15 AM,8M5CL,D1D,6,8422758,0,0,0,0,0.292832,1.0179,1.283106,0,0,0,0,0,0,0,0,1.911272,0,4.50511
D511303,659,GM9ZG659JKF6,,,,,,,,,,,,,,,,,,,D511303A,PNCB,05/08/2026 9:15:18 AM,BPD442,8M5CL,8M5CL,05/10/2026 7:40:03 AM,8M5CL,D1D,7,8422752,0,0,0,0,0,0,0,0,0,0,0,0,0,0.705206,0,0,1.076754,1.78196
D511303,660,GM9ZG660JKB4,,,,,,,,,,,,,,,,,,,D511303A,PNCB,05/08/2026 9:15:18 AM,BPD442,8M5CL,8M5CL,05/10/2026 7:41:28 AM,8M5CL,D1D,8,8422552,0,0,0,0,0.672366,0,0,0,0,0,0,0,0,2.67289,0,0.794557,0,4.139814
D511303,661,GM9ZG661JKF6,,,,,,,,,,,,,,,,,,,D511303A,PNCB,05/08/2026 9:15:18 AM,BPD442,8M5CL,8M5CL,05/10/2026 7:41:19 AM,8M5CL,D1D,9,8422841,0,0,0,0,0,0,0,0,0,0,0,0,0,0,0,6.790503,0,6.790503
D511303,663,GM9ZG663JKG7,,,,,,,,,,,,,,,,,,,D511303A,PNCB,05/08/2026 9:15:18 AM,BPD442,8M5CL,8M5CL,05/10/2026 7:41:35 AM,8M5CL,D1D,10,8422795,0,0,0,0,0.200308,0,1.488376,0,0,0,0,0,0,0,0,9.179394,0,10.86808
D511303,665,GM9ZG665JKA5,,,,,,,,,,,,,,,,,,,D511303A,PNCB,05/08/2026 9:15:18 AM,BPD442,8M5CL,8M5CL,05/10/2026 7:40:33 AM,8M5CL,D1D,11,8422562,0.602233,0,0,0,1.975813,2.250204,3.317935,0,0,0,0,0,0,3.306497,0,0.808934,0.487007,12.51626
D511303,666,GM9ZG666JKE7,,,,,,,,,,,,,,,,,,,D511303A,PNCB,05/08/2026 9:15:18 AM,BPD442,8M5CL,8M5CL,05/10/2026 7:41:40 AM,8M5CL,D1D,12,8422618,0,0,0,0,0,0,0,0,0,0,0,0,0,0,0,0,0.440098,0.440098
D541930,34,GS4MJ034JKB3,,,,,,,,,,,,,,,,,,,D5419300,PXMG,05/28/2026 8:23:43 PM,BPD436,8M5CL,8M5CL,07/25/2026 12:59:50 AM,8M5CL,D1D,1,7470405,0,1.194659,0,0,1.208688,0,3.216643,0,1.944046,0,0,0,0,7.370759,0,5.504318,1.293307,21.02994
D541930,36,GS4MJ036JKC4,,,,,,,,,,,,,,,,,,,D5419300,PXMG,05/28/2026 8:23:43 PM,BPD436,8M5CL,8M5CL,07/25/2026 2:43:11 PM,8M5CL,D1D,2,7470447,5.608116,0,0,0,0.552101,1.309189,0,0,1.949846,0,0,0,0,0.900581,0,0.940213,0.566041,11.82609
D545903,269,5DWKO269MVE6,,,,,,,,,,,,,,,,,,,D545903A,PXMG,07/05/2026 8:02:25 PM,BPD446,8M5CL,8M5CL,08/12/2026 10:18:11 AM,8M5CL,D1D,1,8830458,2.392729,0,0,0,0,1.06277,0,0,0,0,0,0,0,1.569998,0,0,0,5.025497
D545903,284,5DWKO284MVH2,,,,,,,,,,,,,,,,,,,D545903A,PXMG,07/05/2026 8:02:25 PM,BPD446,8M5CL,8M5CL,08/12/2026 10:56:43 AM,8M5CL,D1D,2,8830281,1.80088,0,0,0,0,0,0,0,0,0,0,0,0,0,1.465652,1.257187,0,4.523721
D545903,287,5DWKO287MVF2,,,,,,,,,,,,,,,,,,,D545903A,PXMG,07/05/2026 8:02:25 PM,BPD446,8M5CL,8M5CL,08/12/2026 10:40:59 AM,8M5CL,D1D,3,8830544,0,0,0,0,0,0,0,0,0,0,0,0,0,0,0,2.415606,0,2.415606
D545903,296,5DWKO296MVF4,,,,,,,,,,,,,,,,,,,D545903A,PXMG,07/05/2026 8:02:25 PM,BPD446,8M5CL,8M5CL,08/12/2026 10:02:28 AM,8M5CL,D1D,4,8830220,1.319253,0,0,0,0,0,0,0,0,0,0,0,0,1.225514,0,0.935689,0,3.480456
D531193,466,GQ1KC466JKF1,,,,,,,,,,,,,,,,,,,D5311930B,PXMG,07/14/2026 5:43:31 PM,BPD454,8M5CL,8M5CL,08/07/2026 10:59:52 AM,8M5CL,D1D,1,8420825,2.80565,0,0,0,0,0.726738,0.687735,0,0,0,0,2.394744,1.074565,0,0,16.68276,0.773057,24.58874
D531193,470,GQ1KC470JKG2,,,,,,,,,,,,,,,,,,,D5311930B,PXMG,07/14/2026 5:43:31 PM,BPD454,8M5CL,8M5CL,08/07/2026 10:59:45 AM,8M5CL,D1D,2,8420809,0,0,0,0,0,0,0,0,1.568916,0,0,0,0,0,0,4.735118,0,6.304034
D616528,53,A2EW7053SLC3,,,,,,,,,,,,,,,,,,,D6165280,PXMG,07/11/2026 12:33:04 AM,BPD446,8M5CL,8M5CL,08/07/2026 11:00:02 AM,8M5CL,D1D,1,8441184,0,0,0,0,0.234189,0,0,0,0,0,0,0,0,3.680463,0.613063,1.73392,0,5.588267
D616528,75,A2EW7075SLF1,,,,,,,,,,,,,,,,,,,D6165280,PXMG,07/11/2026 12:33:04 AM,BPD446,8M5CL,8M5CL,08/07/2026 11:00:08 AM,8M5CL,D1D,2,8441166,0,0,0,0,0,2.336291,1.472498,0,0,0,1.609554,0,0,13.61405,0,6.089723,0.348005,25.47012
D615356,331,KJNQR331WFB0,,,,,,,,,,,,,,,,,,,D6153560Q,PXMG,07/10/2026 12:16:12 AM,BPD454,8M5CL,8M5CL,08/07/2026 11:00:41 AM,8M5CL,D1D,1,8922726,0,0,0,0,0.551287,0,0.655654,0,0,0,0,0,0,2.979345,2.691312,9.813744,0,16.66721
D615356,351,KJNQR351WFC5,,,,,,,,,,,,,,,,,,,D6153560Q,PXMG,07/10/2026 12:16:12 AM,BPD454,8M5CL,8M5CL,08/07/2026 11:00:37 AM,8M5CL,D1D,2,8922769,0,0,0,0,0.38739,1.658055,0,0,0,0,0,0,0,0,1.881339,2.487415,0,6.414199
D615356,390,KJNQR390WFB5,,,,,,,,,,,,,,,,,,,D6153560Q,PXMG,07/10/2026 12:16:12 AM,BPD454,8M5CL,8M5CL,08/07/2026 11:00:25 AM,8M5CL,D1D,3,8922765,0,0,0,0,1.057818,0,0,0,0,0,0,0,0,2.012651,0,2.314202,0,5.38467
D615356,391,KJNQR391WFF7,,,,,,,,,,,,,,,,,,,D6153560Q,PXMG,07/10/2026 12:16:12 AM,BPD454,8M5CL,8M5CL,08/07/2026 11:00:30 AM,8M5CL,D1D,4,8922757,0,0,0,0,0.081649,1.06277,0,0,0,0,0,0,0,0,0,7.338361,0,8.482781
D616490,1,MCNFM001WAE7,,,,,,,,,,,,,,,,,,,D6164900,PXMG,07/06/2026 6:31:08 AM,BPD436,8M5CL,8M5CL,08/07/2026 11:01:09 AM,8M5CL,D1D,1,8422559,0,0,0,0,0,0,0,0,0,0,1.429506,0,0,1.96544,0,4.629401,1.551498,9.101393
D616490,3,MCNFM003WAG0,,,,,,,,,,,,,,,,,,,D6164900,PXMG,07/06/2026 6:31:08 AM,BPD436,8M5CL,8M5CL,08/07/2026 11:00:41 AM,8M5CL,D1D,2,8422772,0,0,0,0,0,1.06277,0,0,0,0,0,0,0,1.927342,0,2.53682,0,5.526932
D616490,36,MCPMT036WAA5,,,,,,,,,,,,,,,,,,,D6164900,PXMG,07/06/2026 6:31:08 AM,BPD436,8M5CL,8M5CL,08/07/2026 11:00:47 AM,8M5CL,D1D,3,8422737,0,0,0,0,0,0,0,0,0,0,0,0,0,0,0,3.182122,2.857893,6.040015
D616490,114,MCPMT114WAE3,,,,,,,,,,,,,,,,,,,D6164900,PXMG,07/06/2026 6:31:08 AM,BPD436,8M5CL,8M5CL,08/07/2026 11:00:54 AM,8M5CL,D1D,4,8422594,3.5075,0,0,0,0,0,0,0,0,0,0,0,0,2.739419,1.601007,0,0,7.847923
D615356,325,KJNQR325WFG1,,,,,,,,,,,,,,,,,,,D6153560,PXMG,07/09/2026 8:55:07 PM,BPD454,8M5CL,8M5CL,08/07/2026 11:00:19 AM,8M5CL,D1D,1,8399796,0,0,0,0,0,0,1.745886,0,0,0,0,0,0,2.245825,0,5.315727,3.805319,13.11276
D615356,327,KJNPW327WFG1,,,,,,,,,,,,,,,,,,,D6153560,PXMG,07/09/2026 8:55:07 PM,BPD454,8M5CL,8M5CL,08/07/2026 11:00:10 AM,8M5CL,D1D,2,8399869,0,0,0,0,1.585057,0,1.074825,0,0,0,0,0,0,0,2.510384,0,0,5.061707
D616498,29,A2CM6029SLC3,,,,,,,,,,,,,,,,,,,D6164980,PXMG,07/07/2026 5:10:54 PM,BPD446,8M5CL,8M5CL,08/07/2026 11:00:39 AM,8M5CL,D1D,1,8429391,0,0,0,0,0,3.582322,0.69004,0,2.492916,0,0,0,0,0,2.044191,0.857563,0.827399,10.49443
D616498,112,A2DY9112SLG2,,,,,,,,,,,,,,,,,,,D6164980,PXMG,07/07/2026 5:10:54 PM,BPD446,8M5CL,8M5CL,08/07/2026 11:00:43 AM,8M5CL,D1D,2,8429475,0,0,0,0,0.351495,0,0,0,0,0,0,0,0,0,1.516995,8.692363,1.217355,11.77821
D615450,171,5DXPQ171MVB1,,,,,,,,,,,,,,,,,,,D6154500,PXMG,07/07/2026 5:16:02 PM,BPD436,8M5CL,8M5CL,08/07/2026 11:00:52 AM,8M5CL,D1D,1,8415892,0,0,0,0,0,3.685552,0,0,0,0,0,0,0,0,1.553775,1.929183,0,7.168511
D615450,184,5DXPQ184MVD5,,,,,,,,,,,,,,,,,,,D6154500,PXMG,07/07/2026 5:16:02 PM,BPD436,8M5CL,8M5CL,08/07/2026 11:01:02 AM,8M5CL,D1D,2,8415877,0,0,0,0,0.086011,0.804244,0,0,0,0,0,0,0,0,0,7.514233,0,8.404488
D615450,185,5DXPQ185MVA4,,,,,,,,,,,,,,,,,,,D6154500,PXMG,07/07/2026 5:16:02 PM,BPD436,8M5CL,8M5CL,08/07/2026 11:00:58 AM,8M5CL,D1D,3,8415896,0,0,0,0,0,1.826235,0,0,0,0,0,0,0,1.06743,0,5.738073,0,8.631737
D615450,194,5DXPQ194MVA6,,,,,,,,,,,,,,,,,,,D6154500,PXMG,07/07/2026 5:16:02 PM,BPD436,8M5CL,8M5CL,08/07/2026 11:01:07 AM,8M5CL,D1D,4,8415950,0,0,0,0,3.558064,1.053421,2.655766,0,0,0,0,0,0,0,1.421789,4.669362,0,13.3584
D615349,28,KJD2F028WFB1,,,,,,,,,,,,,,,,,,,D6153490,PXMG,07/06/2026 7:16:46 PM,BPD458,8M5CL,8M5CL,08/07/2026 11:00:39 AM,8M5CL,D1D,1,8408600,0,0,0,0,0.313328,1.89982,0,0,0,0,0,0,0,10.27891,3.357881,0,0,15.84994
D615349,74,KJD2F074WFG5,,,,,,,,,,,,,,,,,,,D6153490,PXMG,07/06/2026 7:16:46 PM,BPD458,8M5CL,8M5CL,08/07/2026 11:00:46 AM,8M5CL,D1D,2,8408666,0,0,0,0,0,0,0.558379,0,0,0,0,0,0,1.663042,0,11.72996,0,13.95138
D616501,84,A2CM6084SLA6,,,,,,,,,,,,,,,,,,,D6165010,PXMG,07/08/2026 10:03:57 AM,BPD436,8M5CL,8M5CL,08/07/2026 11:00:29 AM,8M5CL,D1D,1,8431270,7.626421,0,0,0,0,1.053421,0,0,0,0,0,0,0,0,0,7.257207,0.455456,16.39251
D616501,88,A2CM6088SLD0,,,,,,,,,,,,,,,,,,,D6165010,PXMG,07/08/2026 10:03:57 AM,BPD436,8M5CL,8M5CL,08/07/2026 11:00:10 AM,8M5CL,D1D,2,8431311,2.780766,0,0,0,0,2.018753,0.747747,0,0,0,0,0,0,8.310356,0,1.858561,0,14.29863
D617585,358,KJEYL358WFA3,,,,,,,,,,,,,,,,,,,D6175850,PNCB,07/17/2026 2:49:07 PM,BPD446,8M5CL,8M5CL,08/23/2026 6:08:40 PM,8M5CL,D1D,1,8470619,0,0,0,0,0.319159,0,0,0,0,0,0,0,0,0,2.042931,1.087036,0,3.449127
D617585,395,KJEYL395WFF5,,,,,,,,,,,,,,,,,,,D6175850,PNCB,07/17/2026 2:49:07 PM,BPD446,8M5CL,8M5CL,08/24/2026 12:56:06 AM,8M5CL,D1D,2,8470632,0,0,0,0,0,0,2.800825,0,0,0,0,0,0,1.801425,0,9.834054,0,14.4363
D616531,8,KJE6F008WFG0,,,,,,,,,,,,,,,,,,,D6165310,PXMG,07/17/2026 7:13:34 PM,BPD446,8M5CL,8M5CL,08/07/2026 10:59:43 AM,8M5CL,D1D,1,8441933,0,0,0,0,0.716399,0,1.427595,0,0,0,0,0,0,8.124615,0,1.768061,0,12.03667
D616531,15,KJE6E015WFE6,,,,,,,,,,,,,,,,,,,D6165310,PXMG,07/17/2026 7:13:34 PM,BPD446,8M5CL,8M5CL,08/07/2026 10:59:33 AM,8M5CL,D1D,2,8441955,0,0,0,0,0,0,1.59187,0,0,0,0,0,0,5.878035,0,5.409515,0,8.751832
D616527,8,A2FG2008SLE6,,,,,,,,,,,,,,,,,,,D6165270,PXMG,07/17/2026 1:35:09 PM,BPD446,8M5CL,8M5CL,08/07/2026 10:59:32 AM,8M5CL,D1D,1,8441188,0,0,0,0,0.44424,0,3.043926,0,0,0,0,0,0,0,0.958635,0.756528,0,5.20333
D616527,9,A2FG2009SLB5,,,,,,,,,,,,,,,,,,,D6165270,PXMG,07/17/2026 1:35:09 PM,BPD446,8M5CL,8M5CL,08/07/2026 10:59:40 AM,8M5CL,D1D,2,8441143,0,0,0,0,0,1.850319,0,0,0,0,0,0,0,1.62132,0,10.74288,0,14.21451
D617588,11,KJEYH011WFF3,,,,,,,,,,,,,,,,,,,D6175880,PNCB,07/14/2026 10:33:46 PM,BPD446,8M5CL,8M5CL,07/15/2026 8:54:22 AM,8M5CL,D1D,1,8471013,0,0,0,0,0,0,0,0,0,0,0,0,0,0,0,3.071658,0,3.071658
D617588,19,KJEYH019WFC4,,,,,,,,,,,,,,,,,,,D6175880,PNCB,07/14/2026 10:33:46 PM,BPD446,8M5CL,8M5CL,07/15/2026 8:54:13 AM,8M5CL,D1D,2,8471015,0,0,0,0,0.216163,0,0,0,0,0,0,1.598255,0,0,0,2.659133,0,3.279336
D616532,647,MCPPB647WAG3,,,,,,,,,,,,,,,,,,,D6165320,PXMG,07/16/2026 6:09:53 AM,BPD454,8M5CL,8M5CL,08/07/2026 10:59:33 AM,8M5CL,D1D,1,8441473,0,0,0,0,0,0,1.789326,0,0,0,0,0,0,1.42571,0,7.664048,0,10.87908
D616532,648,MCPPB648WAD2,,,,,,,,,,,,,,,,,,,D6165320,PXMG,07/16/2026 6:09:53 AM,BPD454,8M5CL,8M5CL,08/07/2026 10:59:39 AM,8M5CL,D1D,2,8441480,0,0,0,0,0.131374,0,0,0,0,0,0,0,0,1.176296,0,2.667459,0,3.975129
D616529,58,A2EPZ058SLB0,,,,,,,,,,,,,,,,,,,D6165290,PXMG,07/15/2026 5:18:06 PM,BPD436,8M5CL,8M5CL,08/07/2026 10:59:45 AM,8M5CL,D1D,1,8441601,0,0,0,0,0.291463,1.382291,1.742438,0,0,0,1.587183,1.255318,0,3.403688,0,4.057128,0,12.76117
D616529,61,A2EPZ061SLF2,,,,,,,,,,,,,,,,,,,D6165290,PXMG,07/15/2026 5:18:06 PM,BPD436,8M5CL,8M5CL,08/07/2026 10:59:38 AM,8M5CL,D1D,2,8441707,0,0,0,0,0,1.06277,0.563335,0,0,0,0,0,0,3.202289,0.967143,5.24485,0,11.04039
D616458,94,A2DD8094SLD0,,,,,,,,,,,,,,,,,,,D6164580,PR8B,07/13/2026 3:20:33 AM,BPD436,8M5CL,8M5CL,07/13/2026 7:34:56 AM,8M5CL,D1D,1,8422689,0,0,0,0,0,0,1.318892,0,0,0,0,0,0,2.558411,0,0,0,3.877303
D616458,104,A2CR1104SLG4,,,,,,,,,,,,,,,,,,,D6164580,PR8B,07/13/2026 3:20:33 AM,BPD436,8M5CL,8M5CL,07/13/2026 7:34:41 AM,8M5CL,D1D,2,8422722,0,0,0,0,0,0,4.268442,0,0,0,0,0,0,2.166492,0,0,0,6.434932
D616458,109,A2CR1109SLF5,,,,,,,,,,,,,,,,,,,D6164580N,PR8B,07/13/2026 4:30:49 AM,BPD436,8M5CL,8M5CL,07/13/2026 7:35:00 AM,8M5CL,D1D,1,8939656,0,0,0,0,0.296686,5.052657,0,0,0,0,0,0,0,0,2.699918,0,0,8.049262
D616458,112,A2CR1112SLC4,,,,,,,,,,,,,,,,,,,D6164580N,PR8B,07/13/2026 4:30:49 AM,BPD436,8M5CL,8M5CL,07/13/2026 7:34:53 AM,8M5CL,D1D,2,8939649,0,0,0,0,0.439747,2.085526,0,0,0,0,0,0,0,4.493502,1.897873,0,0,8.916648
D616458,117,A2CR1117SLB5,,,,,,,,,,,,,,,,,,,D6164580N,PR8B,07/13/2026 4:30:49 AM,BPD436,8M5CL,8M5CL,07/13/2026 7:35:06 AM,8M5CL,D1D,3,8939600,2.450668,0,0,0,0,1.181769,2.440707,0,0,0,0,0,0,3.832488,0,0.9789,1.14429,12.02883
D616458,125,A2CR1125SLF0,,,,,,,,,,,,,,,,,,,D6164580N,PR8B,07/13/2026 4:30:49 AM,BPD436,8M5CL,8M5CL,07/13/2026 7:35:18 AM,8M5CL,D1D,4,8939659,0,0,0,0,0,2.271306,0,0,0,0,0,0,0,0.659439,0.529152,2.183854,0,5.64375
D615452,42,A2CM6042SLD6,,,,,,,,,,,,,,,,,,,D6154520,PXMG,07/12/2026 3:20:05 PM,BPD454,8M5CL,8M5CL,08/07/2026 11:00:02 AM,8M5CL,D1D,1,8418078,11.75783,0,0,0,2.525733,1.411209,0.579047,0,0,0,0,0,0,1.848664,0.99412,2.556794,0.756935,22.06892
D615452,50,A2CM6050SLH1,,,,,,,,,,,,,,,,,,,D6154520,PXMG,07/12/2026 3:20:05 PM,BPD454,8M5CL,8M5CL,08/07/2026 10:59:55 AM,8M5CL,D1D,2,8418108,0,0,0,0,1.468692,1.053421,6.20035,0,0,0,0,0,0,0,9.764207,0.756528,0,19.1368
D615452,53,A2DMV053SLE2,,,,,,,,,,,,,,,,,,,D6154520V,PXMG,07/12/2026 5:59:36 PM,BPD458,8M5CL,8M5CL,08/07/2026 11:00:19 AM,8M5CL,D1D,1,8937586,0.58483,0,1.229135,0,0,0,0.579807,0,0,0,0,0,0,1.72686,0,1.706308,0,5.826939
D615452,78,A2DD8078SLD5,,,,,,,,,,,,,,,,,,,D6154520V,PXMG,07/12/2026 5:59:36 PM,BPD458,8M5CL,8M5CL,08/07/2026 11:00:12 AM,8M5CL,D1D,2,8937539,0,0,0,0,0.170659,1.053421,0,0,0,0,0,0,0,0,0,0.756528,0,1.980608
D615452,79,A2DD8079SLA4,,,,,,,,,,,,,,,,,,,D6154520V,PXMG,07/12/2026 5:59:36 PM,BPD458,8M5CL,8M5CL,08/07/2026 11:00:27 AM,8M5CL,D1D,3,8937623,0,0,0,0,0.417786,1.45225,1.830623,0,0,0,0,0,0,0,0,0,0,3.70066
D615452,82,A2DD8082SLE6,,,,,,,,,,,,,,,,,,,D6154520V,PXMG,07/12/2026 5:59:36 PM,BPD458,8M5CL,8M5CL,08/07/2026 11:00:03 AM,8M5CL,D1D,4,8937540,0,0,0,0,0.595128,0,0,0,0,0,0,0,0,0,0,1.155685,0,1.750813
D616559,578,KJDLR578WFF7,,,,,,,,,,,,,,,,,,,D6165590,PNCB,07/18/2026 1:49:47 AM,BPD446,8M5CL,8M5CL,08/24/2026 3:15:25 AM,8M5CL,D1D,1,8447956,0,0,0,0,0,0,0.539551,0,0,0,0,0,0,0,0,0.794557,0.440098,1.774206
D616559,582,KJDLR582WFH0,,,,,,,,,,,,,,,,,,,D6165590,PNCB,07/18/2026 1:49:47 AM,BPD446,8M5CL,8M5CL,08/24/2026 4:04:36 AM,8M5CL,D1D,2,8448046,0,0,0,0,1.304308,2.85355,1.967473,0,0,0,0,0,0,13.77215,0,0.7891,0,20.62101
D617108,205,A2FU3205SLD1,,,,,,,,,,,,,,,,,,,D6171080,PXMG,07/23/2026 7:47:38 PM,BPD436,8M5CL,8M5CL,08/07/2026 10:59:43 AM,8M5CL,D1D,1,8466276,0,0,0,0,0,0,0,0,0,0,0,1.132092,0,7.316178,0,5.757535,0,14.20581
D617108,206,A2FU3206SLA0,,,,,,,,,,,,,,,,,,,D6171080,PXMG,07/23/2026 7:47:38 PM,BPD436,8M5CL,8M5CL,08/07/2026 10:59:51 AM,8M5CL,D1D,2,8466218,0,0,0,0,0,0,0,0,0,0,0,0,0,0,0,6.516698,0,6.516698
D617108,207,A2FU3207SLE2,,,,,,,,,,,,,,,,,,,D6171080,PXMG,07/23/2026 7:47:38 PM,BPD436,8M5CL,8M5CL,08/07/2026 10:59:45 AM,8M5CL,D1D,3,8466181,0,0,0,0,0,0,0,0,0,0,0,0,0,0,0,1.768326,0,1.768326
D617108,210,A2FU3210SLB1,,,,,,,,,,,,,,,,,,,D6171080,PXMG,07/23/2026 7:47:38 PM,BPD436,8M5CL,8M5CL,08/07/2026 10:59:36 AM,8M5CL,D1D,4,8466293,0,0,0,0,0.260569,3.074365,0,0,0,0,0,0,0,3.24498,0,4.742862,0,11.32278
D617623,129,5DXUY129MVB1,,,,,,,,,,,,,,,,,,,D6176230,PXMG,07/23/2026 1:46:45 AM,BPD446,8M5CL,8M5CL,08/07/2026 10:59:52 AM,8M5CL,D1D,1,8480368,0,0,0,0,0,2.861994,2.130296,0,0,0,0,0,0,2.747503,1.605733,0.854403,0,9.642767
D617623,137,5DXUY137MVE4,,,,,,,,,,,,,,,,,,,D6176230,PXMG,07/23/2026 1:46:45 AM,BPD446,8M5CL,8M5CL,08/07/2026 10:59:45 AM,8M5CL,D1D,2,8480316,0,0,0,0,0.89326,0.763464,0.614144,0,0,0,0,0,0,0,0,0,0,2.270867
D617623,139,5DXUY139MVF5,,,,,,,,,,,,,,,,,,,D6176230,PXMG,07/23/2026 1:46:45 AM,BPD446,8M5CL,8M5CL,08/07/2026 10:59:43 AM,8M5CL,D1D,3,8480278,1.149079,0,0,0,0.419652,0.897883,3.269297,0,0,0,0,0,0,1.723286,0,0,1.110724,8.569921
D617623,143,5DXUY143MVG6,,,,,,,,,,,,,,,,,,,D6176230,PXMG,07/23/2026 1:46:45 AM,BPD446,8M5CL,8M5CL,08/07/2026 10:59:32 AM,8M5CL,D1D,4,8480523,0,0,0,0,0,0,0,0,0,0,0,0,0,1.06743,0,0,0,1.06743
D615447,40,MCNFM040WAD7,,,,,,,,,,,,,,,,,,,D6154470,PXMG,07/22/2026 11:37:43 PM,BPD436,8M5CL,8M5CL,08/07/2026 10:59:56 AM,8M5CL,D1D,1,8415779,1.702188,0,0,0,0,0,4.542028,0,0,0,0,0,0,5.532332,0,12.55569,0,22.95568
D615447,46,MCNFM046WAH2,,,,,,,,,,,,,,,,,,,D6154470,PXMG,07/22/2026 11:37:43 PM,BPD436,8M5CL,8M5CL,08/07/2026 10:59:32 AM,8M5CL,D1D,2,8415774,0,0,0,0,0,0,0,0,0,0,0,0,0,5.863836,1.762348,3.611766,0,11.23795
D615447,68,MCNFM068WAC5,,,,,,,,,,,,,,,,,,,D6154470,PXMG,07/22/2026 11:37:43 PM,BPD436,8M5CL,8M5CL,08/07/2026 10:59:45 AM,8M5CL,D1D,3,8415661,0,0,0,0,0.603463,0,1.327883,0,0,0,0,0,0,3.416252,0,3.222062,0,7.538295
D615447,80,MCNFM080WAH1,,,,,,,,,,,,,,,,,,,D6154470,PXMG,07/22/2026 11:37:43 PM,BPD436,8M5CL,8M5CL,08/07/2026 10:59:43 AM,8M5CL,D1D,4,8415731,0.754989,0,0,0,0.421369,1.053421,0,0,0,0,0,0,0,0,0.958635,0.756528,0,3.944942
D616557,177,HJ5FE177JKC5,,,,,,,,,,,,,,,,,,,D6165570,PNCB,07/21/2026 11:51:04 PM,BPD458,8M5CL,8M5CL,07/22/2026 10:13:19 AM,8M5CL,D1D,1,8448698,0,0,0,0,0,0,6.749317,0,0,0,0,0,0,0,0,0,0,6.749317
D616557,178,HJ5FE178JKG7,,,,,,,,,,,,,,,,,,,D6165570,PNCB,07/21/2026 11:51:04 PM,BPD458,8M5CL,8M5CL,07/22/2026 10:13:24 AM,8M5CL,D1D,2,8448688,2.095269,0,0,0,0,0,0,0,0,0,0,0,0,2.257064,0,1.613864,0,4.958165
D615442,636,HJ4EP636JKE6,,,,,,,,,,,,,,,,,,,D6154420,PXMG,07/19/2026 12:26:29 AM,BPD458,8M5CL,8M5CL,08/07/2026 10:59:32 AM,8M5CL,D1D,1,8412270,0,0,0,0,0,0,0.608741,0,0,0,0,0,0,0,0,0.822284,0,1.431026
D615442,637,HJ4EP637JKB5,,,,,,,,,,,,,,,,,,,D6154420,PXMG,07/19/2026 12:26:29 AM,BPD458,8M5CL,8M5CL,08/07/2026 10:59:37 AM,8M5CL,D1D,2,8412224,0,0,0,0,0,1.581651,0,0,0,0,0,0,0,1.588584,0,6.500479,0,9.670714
D617625,636,MCPPB636WAF0,,,,,,,,,,,,,,,,,,,D6176250,PXMG,07/19/2026 4:41:58 PM,BPD458,8M5CL,8M5CL,08/07/2026 10:59:31 AM,8M5CL,D1D,1,8483107,5.945671,0,0,0,0.301114,2.642979,0,0,0,0,1.639728,0,0,2.254476,0,4.909047,1.414936,18.78624
D617625,643,MCPPB643WAE1,,,,,,,,,,,,,,,,,,,D6176250,PXMG,07/19/2026 4:41:58 PM,BPD458,8M5CL,8M5CL,08/07/2026 10:59:22 AM,8M5CL,D1D,2,8483224,0,0,0,0,0,0,0,0,0,0,0,0,0,0.870948,0,10.62794,0,11.49889
D617584,126,A25S7126SLD0,,,,,,,,,,,,,,,,,,,D6175840,PNCB,07/19/2026 8:24:53 PM,BPD458,8M5CL,8M5CL,07/20/2026 8:18:16 AM,8M5CL,D1D,1,8470871,0,0,0,0,0,1.443839,1.599677,0,0,0,0,1.31121,0,2.341189,0,1.127038,0,7.822954
D617584,127,A25S7127SLH2,,,,,,,,,,,,,,,,,,,D6175840,PNCB,07/19/2026 8:24:53 PM,BPD458,8M5CL,8M5CL,07/20/2026 8:17:50 AM,8M5CL,D1D,2,8471010,0,0,0,0,0,0,1.453751,0,0,0,0,0,0,7.706271,0,2.512515,0.821675,11.82838
D616492,50,A2DST050SLB3,,,,,,,,,,,,,,,,,,,D6164920,PXMG,07/19/2026 7:07:17 PM,BPD454,8M5CL,8M5CL,08/07/2026 10:59:31 AM,8M5CL,D1D,1,8425227,0,0,0,0,1.045942,2.00734,0.949801,0,0,0,0,0,0,1.232609,0,2.573702,0,7.809393
D616492,60,A2DY9060SLG3,,,,,,,,,,,,,,,,,,,D6164920,PXMG,07/19/2026 7:07:17 PM,BPD454,8M5CL,8M5CL,08/07/2026 10:59:24 AM,8M5CL,D1D,2,8425184,0,0,0,0,0,1.228325,0,0,0,0,0,0,0,0.844954,1.117801,11.59289,0,14.78397
D616507,160,A2FU3160SLC3,,,,,,,,,,,,,,,,,,,D6165070,PXMG,07/25/2026 3:11:32 PM,BPD436,8M5CL,8M5CL,08/07/2026 10:59:30 AM,8M5CL,D1D,1,8434594,0,0,0,0,0.214986,0,1.672789,0,0,0,0,0,0,4.303596,0,0.95303,0.573756,7.718157
D616507,303,A2DMV303SLB2,,,,,,,,,,,,,,,,,,,D6165070,PXMG,07/25/2026 3:11:32 PM,BPD436,8M5CL,8M5CL,08/07/2026 10:59:22 AM,8M5CL,D1D,2,8434659,0,0,0,0,0,0,0,0,0,0,0,0,0,1.7985,0,0.829582,0,2.628083
D616507,305,A2DMV305SLC3,,,,,,,,,,,,,,,,,,,D6165070W,PXMG,07/25/2026 4:16:19 PM,BPD454,8M5CL,8M5CL,08/07/2026 10:59:26 AM,8M5CL,D1D,1,9019170,0,0,0,0,0.346343,0,1.339668,0,0,0,1.2203,0,0,3.446571,0,0.829582,0,7.182464
D616507,307,A2DMV307SLD4,,,,,,,,,,,,,,,,,,,D6165070W,PXMG,07/25/2026 4:16:19 PM,BPD454,8M5CL,8M5CL,08/07/2026 10:59:43 AM,8M5CL,D1D,2,9019173,0,0,0,0,0,0,0,0,0,0,0,0,0,5.048679,0,6.780548,0,11.82923
D616507,308,A2DMV308SLA3,,,,,,,,,,,,,,,,,,,D6165070W,PXMG,07/25/2026 4:16:19 PM,BPD454,8M5CL,8M5CL,08/07/2026 10:59:35 AM,8M5CL,D1D,3,9019192,0,0,0,0,0,0,1.327883,0,0,0,0,0,0,0,0,6.624162,0,7.952045
D616507,312,A2DMV312SLB4,,,,,,,,,,,,,,,,,,,D6165070W,PXMG,07/25/2026 4:16:19 PM,BPD454,8M5CL,8M5CL,08/07/2026 10:59:45 AM,8M5CL,D1D,4,9019190,0,0,0,0,0,0,1.42657,0,0,0,0,0,0,1.835073,0,2.252043,0,5.513685
D617642,538,HJ5QY538JKD6,,,,,,,,,,,,,,,,,,,D6176420,PXMG,07/29/2026 12:11:15 AM,BPD458,8M5CL,8M5CL,08/07/2026 10:58:53 AM,8M5CL,D1D,1,8487295,0,0,0,0,1.242373,0,0,0,0,0,0,0,0,1.170681,0,9.531229,4.343015,16.2873
D617642,539,HJ5QY539JKA5,,,,,,,,,,,,,,,,,,,D6176420,PXMG,07/29/2026 12:11:15 AM,BPD458,8M5CL,8M5CL,08/07/2026 10:58:55 AM,8M5CL,D1D,2,8487115,1.475991,0,0,0,0,3.216114,0,0,0,0,0,0,0,5.626739,0,2.253686,0,12.57253
D617626,364,MCPMU364WAD3,,,,,,,,,,,,,,,,,,,D6176260,PXMG,07/29/2026 5:32:59 AM,BPD454,8M5CL,8M5CL,08/07/2026 10:59:11 AM,8M5CL,D1D,1,8483526,0,0,0,0,0.270105,0,0,0,0,0,0,0,0,2.672482,0,0,0,2.942586
D617626,366,MCPMU366WAE4,,,,,,,,,,,,,,,,,,,D6176260,PXMG,07/29/2026 5:32:59 AM,BPD454,8M5CL,8M5CL,08/07/2026 10:59:02 AM,8M5CL,D1D,2,8483488,0,0,0,0,0.512275,2.142547,1.500901,0,0,0,0,0,0,1.252314,0,2.840416,0,8.248452
D617626,375,MCPMU375WAE6,,,,,,,,,,,,,,,,,,,D6176260,PXMG,07/29/2026 5:32:59 AM,BPD454,8M5CL,8M5CL,08/07/2026 10:59:15 AM,8M5CL,D1D,3,8483435,0.868891,0,0,0,0.694506,2.206682,3.561364,0,0,0,0,0,0,1.217662,0,4.044396,0,12.52608
D617626,376,MCPMU376WAB5,,,,,,,,,,,,,,,,,,,D6176260,PXMG,07/29/2026 5:32:59 AM,BPD454,8M5CL,8M5CL,08/07/2026 10:59:20 AM,8M5CL,D1D,4,8483586,0,0,0,0,0,0,2.876995,0,0,0,0,0,0,1.663042,0.581471,5.42589,0,10.5474
D616530,35,A2FQW035SLF1,,,,,,,,,,,,,,,,,,,D6165300,PXMG,07/28/2026 10:29:35 AM,BPD454,8M5CL,8M5CL,08/07/2026 10:58:55 AM,8M5CL,D1D,1,8441235,1.18835,0,0,0,0,0,1.339668,0,0,0,0,0,0,0,0,4.015231,0,6.543249
D616530,36,A2FQW036SLC0,,,,,,,,,,,,,,,,,,,D6165300,PXMG,07/28/2026 10:29:35 AM,BPD454,8M5CL,8M5CL,08/07/2026 10:58:48 AM,8M5CL,D1D,2,8441247,1.138971,0,0,0,0,0,0,0,0,0,0,0,0,0,0,3.890182,0,5.029153
D615977,176,5DXPQ176MVA2,,,,,,,,,,,,,,,,,,,D6159770,PR8B,07/28/2026 6:37:40 PM,BPD446,8M5CL,8M5CL,07/29/2026 8:27:14 AM,8M5CL,D1D,1,8421233,0,0,0,0,0,0,5.408568,0,0,0,0,0,0,5.608351,0,0,0,11.01692
D615977,177,5DXPQ177MVE4,,,,,,,,,,,,,,,,,,,D6159770,PR8B,07/28/2026 6:37:40 PM,BPD446,8M5CL,8M5CL,07/29/2026 8:26:55 AM,8M5CL,D1D,2,8421180,0,0,0,0,0,3.150295,2.17438,0,0,0,0,0,0,0,0,0,0,5.324675
D615977,285,5DXPQ285MVH0,,,,,,,,,,,,,,,,,,,D6159770,PR8B,07/28/2026 6:37:40 PM,BPD446,8M5CL,8M5CL,07/29/2026 8:27:02 AM,8M5CL,D1D,3,8421210,0,0,0,0,0,0,0,0,0,0,0,0,0,7.992038,3.220063,7.148392,0,18.36049
D615977,287,5DXPQ287MVA6,,,,,,,,,,,,,,,,,,,D6159770,PR8B,07/28/2026 6:37:40 PM,BPD446,8M5CL,8M5CL,07/29/2026 8:27:08 AM,8M5CL,D1D,4,8421271,0,0,0,0,0,0,0,0,0,0,0,0,0,2.751034,0,6.239717,0,8.990751
D616470,9,MCPMT009WAH2,,,,,,,,,,,,,,,,,,,D6164700,PR8B,07/26/2026 5:08:38 AM,BPD436,8M5CL,8M5CL,07/26/2026 8:16:00 AM,8M5CL,D1D,1,8425354,1.823303,0,0,0,0.129557,0,2.228601,0,0,0,0,0,0,0,1.534616,5.052721,0,10.7688
D616470,19,MCPMT019WAE3,,,,,,,,,,,,,,,,,,,D6164700,PR8B,07/26/2026 5:08:38 AM,BPD436,8M5CL,8M5CL,07/26/2026 8:16:04 AM,8M5CL,D1D,2,8425175,0,0,0,0,0.634632,3.04854,0,0,0,0,0,0,0,0,0,4.952047,0,8.635219
D616533,203,HK0SX203JKF0,,,,,,,,,,,,,,,,,,,D6165330,PXMG,08/01/2026 10:47:10 AM,BPD446,8M5CL,8M5CL,08/07/2026 10:58:50 AM,8M5CL,D1D,1,8441598,0,0,0,0,0.711297,0,3.398782,0,0,0,0,0,0,11.95381,0,8.177353,0,23.38491
D616533,204,HK0SX204JKB7,,,,,,,,,,,,,,,,,,,D6165330,PXMG,08/01/2026 10:47:10 AM,BPD446,8M5CL,8M5CL,08/07/2026 10:58:56 AM,8M5CL,D1D,2,8441579,0,0,0,0,0,2.827244,1.783979,0,0,0,0,0,0,0,0,7.464467,0,12.07569
D616469,178,5DXPQ178MVB3,,,,,,,,,,,,,,,,,,,D6164690,PR8B,08/01/2026 1:06:47 PM,BPD446,8M5CL,8M5CL,08/02/2026 10:01:50 AM,8M5CL,D1D,1,8425706,0,0,0,0,2.247325,3.553362,8.813902,0,0,0,0,0,0,0,0,0,2.742832,17.35742
D616469,190,5DXPQ190MVF7,,,,,,,,,,,,,,,,,,,D6164690,PR8B,08/01/2026 1:06:47 PM,BPD446,8M5CL,8M5CL,08/02/2026 10:01:55 AM,8M5CL,D1D,2,8425565,0,0,0,0,0.768934,3.290498,1.849384,0,0,0,0,0,0,2.956595,0,4.907555,0,12.67672
D617638,57,KJFMF057WFG5,,,,,,,,,,,,,,,,,,,D6176380,PXMG,08/05/2026 3:19:41 AM,BPD454,8M5CL,8M5CL,08/07/2026 10:58:42 AM,8M5CL,D1D,1,8486782,0,0,0,0,0.691611,2.283044,0,0,0,0,0,0,0,6.079701,1.209062,15.72907,0,25.99249
D617638,312,KJFTC312WFG6,,,,,,,,,,,,,,,,,,,D6176380,PXMG,08/05/2026 3:19:41 AM,BPD454,8M5CL,8M5CL,08/07/2026 10:58:49 AM,8M5CL,D1D,2,8486869,0,0,0,0,0.475971,2.25733,0,0,0,0,0,2.083199,0,15.30347,0,6.380609,0,26.50059
D616521,127,A2ET6127SLD0,,,,,,,,,,,,,,,,,,,D6165210,PXMG,08/03/2026 1:56:28 PM,BPD436,8M5CL,8M5CL,08/07/2026 10:59:03 AM,8M5CL,D1D,1,8438003,0,0,0,0,0.278845,2.206682,2.356107,0,0,0,0,0,0,2.656487,0,0,0.57177,8.069891
D616521,129,A2ET6129SLE1,,,,,,,,,,,,,,,,,,,D6165210,PXMG,08/03/2026 1:56:28 PM,BPD436,8M5CL,8M5CL,08/07/2026 10:59:11 AM,8M5CL,D1D,2,8438042,0,0,0,0,0,1.442792,0,0,2.148829,0,0,0,0,4.678985,0,7.699814,0,15.97042
D616521,130,A2ET6130SLH2,,,,,,,,,,,,,,,,,,,D6165210,PXMG,08/03/2026 1:56:28 PM,BPD436,8M5CL,8M5CL,08/07/2026 10:59:14 AM,8M5CL,D1D,3,8438048,1.177897,0,0,0,0,0,0.608741,0,0,0,0,0,0,1.708126,0,1.643249,0.729918,5.867931
D616521,131,A2ET6131SLE1,,,,,,,,,,,,,,,,,,,D6165210,PXMG,08/02/2026 8:40:46 PM,BPD458,8M5CL,8M5CL,08/07/2026 10:59:20 AM,8M5CL,D1D,4,8438060,0,0,0,0,0.805092,0,14.99755,0,0,0,0,0,0,22.43633,0,117.5498,0,140.3191
D617123,16,MCPPD016WAC0,,,,,,,,,,,,,,,,,,,D6171230,PR8B,08/03/2026 8:18:09 AM,BPD436,8M5CL,8M5CL,08/03/2026 10:05:43 AM,8M5CL,D1D,1,8499775,0,0,0,0,0.448344,0,0,0,0,0,0,0,0,0,0,6.069317,0,6.517661
D617123,20,MCPPD020WAD1,,,,,,,,,,,,,,,,,,,D6171230,PR8B,08/03/2026 8:18:09 AM,BPD436,8M5CL,8M5CL,08/03/2026 10:05:45 AM,8M5CL,D1D,2,8499884,0,0,0,0,0.16657,4.303243,0,0,0,0,0,0,0,2.01474,0,0,0.537211,7.021767
D617124,584,MCPNW584WAH0,,,,,,,,,,,,,,,,,,,D6171240,PR8B,08/02/2026 6:36:08 PM,BPD436,8M5CL,8M5CL,08/03/2026 9:36:20 AM,8M5CL,D1D,1,8499932,0,0,0,0,0,0,0,0,0,0,0,0,0,0,0,1.862264,0,1.862264
D617124,589,MCPNW589WAG1,,,,,,,,,,,,,,,,,,,D6171240,PR8B,08/02/2026 6:36:08 PM,BPD436,8M5CL,8M5CL,08/03/2026 9:36:18 AM,8M5CL,D1D,2,8499991,9.186909,0,0,0,0,9.624553,0,0,0,0,0,0,0,2.49418,0,0,0,21.30564
D617122,540,HK1ES540JKC4,,,,,,,,,,,,,,,,,,,D6171220,PR8B,08/02/2026 6:09:56 PM,BPD436,8M5CL,8M5CL,08/03/2026 9:36:31 AM,8M5CL,D1D,1,8499053,2.199907,0,0,0,0.205913,0,0,0,0,0,0,0,0,1.984053,0,0.878737,0,5.26861
D617122,541,HK1ES541JKG6,,,,,,,,,,,,,,,,,,,D6171220,PR8B,08/02/2026 6:09:56 PM,BPD436,8M5CL,8M5CL,08/03/2026 9:36:08 AM,8M5CL,D1D,2,8499100,1.117153,0,0,0,0.218961,2.910313,0,0,0,0,0,0,0,5.312895,1.824201,15.35387,0,26.73739
D617639,583,HJ5QY583JKF0,,,,,,,,,,,,,,,,,,,D6176390,PXMG,08/07/2026 6:40:33 AM,BPD454,8M5CL,8M5CL,08/07/2026 10:10:09 AM,8M5CL,D1D,1,8486498,2.820193,0,0,0,1.721506,0,0.691298,0,0,0,0,0,0,14.66729,0,9.01776,1.55178,27.12369
D617639,584,HJ5QY584JKB7,,,,,,,,,,,,,,,,,,,D6176390,PXMG,08/07/2026 6:40:33 AM,BPD454,8M5CL,8M5CL,08/07/2026 10:10:03 AM,8M5CL,D1D,2,8486604,0,0,0,0,0,0,0,0,0,0,0,0,0,0.814644,1.077705,3.548341,0,5.440688
D616468,350,5DXPR350MVB2,,,,,,,,,,,,,,,,,,,D6164680,PR8B,08/05/2026 6:07:03 PM,BPD446,8M5CL,8M5CL,08/06/2026 10:45:55 AM,8M5CL,D1D,1,8425448,0,0,0,0,1.106334,0,0,0,0,0,0,0,0,0,0,0,0,1.106334
D616468,374,5DXPR374MVF1,,,,,,,,,,,,,,,,,,,D6164680,PR8B,08/05/2026 6:07:03 PM,BPD446,8M5CL,8M5CL,08/06/2026 10:46:05 AM,8M5CL,D1D,2,8425610,0,0,0,0,0,2.278073,0,0,0,0,0,0,0,2.288063,0,0,2.902521,7.468657
D617586,45,KJDLP045WFF3,,,,,,,,,,,,,,,,,,,D6175860,PNCB,08/12/2026 3:34:09 PM,BPD458,8M5CL,8M5CL,08/14/2026 8:05:59 AM,8M5CL,D1D,1,8470737,0,0,0,0,0,0,0,0.449448,0,0,0,0,0,0,0.932926,2.335419,0,3.717794
D617586,71,KJEYC071WFB0,,,,,,,,,,,,,,,,,,,D6175860,PNCB,08/12/2026 3:34:09 PM,BPD458,8M5CL,8M5CL,08/14/2026 8:05:54 AM,8M5CL,D1D,2,8470791,0,0,0,0,0.157521,0,1.184831,0,0,0,0,0,0,1.029665,0,5.533779,0,7.905796
D616558,119,A2EWZ119SLA0,,,,,,,,,,,,,,,,,,,D6165580,PNCB,08/11/2026 12:07:10 AM,BPD446,8M5CL,8M5CL,08/11/2026 11:44:08 AM,8M5CL,D1D,1,8447980,0,0,0,0,0.382245,0,0,0,0,0,0,0,0,0,0,1.472478,0,1.854723
D616558,187,A2EWZ187SLA7,,,,,,,,,,,,,,,,,,,D6165580,PNCB,08/11/2026 12:07:10 AM,BPD446,8M5CL,8M5CL,08/11/2026 11:44:20 AM,8M5CL,D1D,2,8447997,0,2.818191,1.080669,0,0.092779,0.954523,1.522297,0,0,0,0,0,0,13.33657,0,0.942675,0.461883,21.20959
D617587,322,KJF3L322WFE1,,,,,,,,,,,,,,,,,,,D6175870,PNCB,08/13/2026 9:04:17 PM,BPD458,8M5CL,8M5CL,08/14/2026 8:05:54 AM,8M5CL,D1D,1,8470834,0,0,0,0,0,0,1.333028,0,0,0,0,0,0,6.858977,0,1.649616,0,9.841619
D617587,453,KJF3L453WFG2,,,,,,,,,,,,,,,,,,,D6175870,PNCB,08/13/2026 9:04:17 PM,BPD458,8M5CL,8M5CL,08/14/2026 8:06:01 AM,8M5CL,D1D,2,8470824,0,0,0,0,0.236553,0.628387,1.414164,0,0,0,0,0,0,7.751113,1.020924,0,0,11.05114
D617114,27,MCPPA027WAC2,,,,,,,,,,,,,,,,,,,D6171140,PR8B,08/18/2026 9:33:17 AM,BPD458,8M5CL,8M5CL,08/19/2026 8:26:38 AM,8M5CL,D1D,1,8500977,0.965962,0,0,0,0,2.663273,1.553189,0,0,0,0,0,0,0,0,0,0.894041,6.076466
D617114,38,MCPPA038WAD5,,,,,,,,,,,,,,,,,,,D6171140,PR8B,08/18/2026 9:33:17 AM,BPD458,8M5CL,8M5CL,08/19/2026 8:26:45 AM,8M5CL,D1D,2,8500913,6.096882,0,0,0,0,0,0,0,0,0,0,0,0,0,0,3.569574,0,9.666456
D616463,555,HJ4EP555JKD0,,,,,,,,,,,,,,,,,,,D6164630V,PR8B,08/17/2026 6:13:02 PM,BPD458,8M5CL,8M5CL,08/18/2026 7:11:16 AM,8M5CL,D1D,1,9149646,0,0,0,0,0.106601,1.693419,0,0,0,0,0,0,0,2.745884,0,10.53386,0,15.07976
D616463,556,HJ4EP556JKH2,,,,,,,,,,,,,,,,,,,D6164630V,PR8B,08/17/2026 6:13:02 PM,BPD458,8M5CL,8M5CL,08/18/2026 7:11:05 AM,8M5CL,D1D,2,9149668,0,0,0,0,0,8.870367,0,0,0,0,0,0,0,1.387168,2.364326,1.983728,0,14.60559
D616463,557,HJ4EP557JKE1,,,,,,,,,,,,,,,,,,,D6164630V,PR8B,08/17/2026 6:13:02 PM,BPD458,8M5CL,8M5CL,08/18/2026 7:11:17 AM,8M5CL,D1D,3,9149622,0,0,0,0,0.454051,1.697149,0,0,0,0,0,0,0,0,0,0,0,2.1512
D616463,598,HJ4EP598JKE2,,,,,,,,,,,,,,,,,,,D6164630V,PR8B,08/17/2026 6:13:02 PM,BPD458,8M5CL,8M5CL,08/18/2026 7:10:59 AM,8M5CL,D1D,4,9149671,2.122653,0,0,0,0.827912,1.701847,0,0,0,0,0,0,0,0,0,0,0,4.652412
D616463,553,HJ4EP553JKB7,,,,,,,,,,,,,,,,,,,D6164630,PR8B,08/18/2026 1:34:56 AM,BPD436,8M5CL,8M5CL,08/18/2026 7:12:06 AM,8M5CL,D1D,1,8431069,10.69299,0,0,0,0,0,1.827773,0,0,0,0,0,0,2.351161,0,0,3.263232,17.81048
D616463,554,HJ4EP554JKG1,,,,,,,,,,,,,,,,,,,D6164630,PR8B,08/18/2026 1:34:56 AM,BPD436,8M5CL,8M5CL,08/18/2026 7:12:17 AM,8M5CL,D1D,2,8430974,0,0,0,0,0,6.155256,0.858528,0,0,0,0,0,0,0,0,1.628644,0,8.642428
D615342,24,A2BDY024SLC2,,,,,,,,,,,,,,,,,,,D6153420,PXMG,08/17/2026 7:31:50 AM,BPD454,8M5CL,8M5CL,08/18/2026 7:14:38 AM,8M5CL,D1D,1,8406025,0,0,0,0,0.238731,0,6.651301,0,0,0,0,1.084004,0,3.534985,1.611055,15.70108,0,24.72071
D615342,83,A2BP5083SLD2,,,,,,,,,,,,,,,,,,,D6153420,PXMG,08/17/2026 7:31:50 AM,BPD454,8M5CL,8M5CL,08/18/2026 7:14:51 AM,8M5CL,D1D,2,8405820,0,0,0,0,0.329059,0,0,0,0,0,0,0,0,5.061008,0,1.120759,0,6.510827
D617637,51,A2BDY051SLD0,,,,,,,,,,,,,,,,,,,D6176370,PXMG,08/17/2026 10:24:07 PM,BPD454,8M5CL,8M5CL,08/18/2026 7:58:17 AM,8M5CL,D1D,1,8487303,0,0,0,0,0.552281,0,0,0,0,0,0,0,0,3.024425,0,3.5848,0,7.161506
D617637,55,A2BDY055SLF2,,,,,,,,,,,,,,,,,,,D6176370,PXMG,08/17/2026 10:24:07 PM,BPD454,8M5CL,8M5CL,08/18/2026 7:58:27 AM,8M5CL,D1D,2,8487129,0.761689,0,0,0,0,0,0,0,1.58284,0,0,0,0,10.33229,0,4.350259,0,17.02708
D616560,19,KJDLP019WFB4,,,,,,,,,,,,,,,,,,,D6165600,PNCB,08/17/2026 6:38:11 AM,BPD446,8M5CL,8M5CL,08/17/2026 7:49:34 AM,8M5CL,D1D,1,8448004,0,0,0,0,0.216163,0,0,0,0,0,0,0,0,0.705206,0,1.86093,0,2.782299
D616560,31,KJDLP031WFG0,,,,,,,,,,,,,,,,,,,D6165600,PNCB,08/17/2026 6:38:11 AM,BPD446,8M5CL,8M5CL,08/17/2026 7:49:25 AM,8M5CL,D1D,2,8447923,0,0,0,0,0,0,0,0,0,0,0,0,0,4.424917,1.866208,1.986003,0,8.277126
D617114,42,MCPPA042WAE6,,,,,,,,,,,,,,,,,,,D6171140Z,PR8B,08/18/2026 7:14:42 AM,BPD458,8M5CL,8M5CL,08/19/2026 8:27:09 AM,8M5CL,D1D,1,9154734,0,0,0,0,1.657174,0,0,0,0,0,0,0,0,1.300339,0,0.929779,0,3.887291
D617114,61,MCPPA061WAC1,,,,,,,,,,,,,,,,,,,D6171140Z,PR8B,08/18/2026 7:14:42 AM,BPD458,8M5CL,8M5CL,08/19/2026 8:26:56 AM,8M5CL,D1D,2,9154730,0,0,0,0,0.274717,0,3.023506,0,0,0,0,1.221532,0,3.008819,2.774013,0.935665,0,11.23825
D617114,76,MCPPA076WAF6,,,,,,,,,,,,,,,,,,,D6171140Z,PR8B,08/18/2026 7:14:42 AM,BPD458,8M5CL,8M5CL,08/19/2026 8:26:50 AM,8M5CL,D1D,3,9154667,0,0,0,0,0,2.227709,0,0,0,0,0,0,0,0,0,1.251826,2.220901,5.700438
D617114,77,MCPPA077WAC5,,,,,,,,,,,,,,,,,,,D6171140Z,PR8B,08/18/2026 7:14:42 AM,BPD458,8M5CL,8M5CL,08/19/2026 8:27:02 AM,8M5CL,D1D,4,9154726,0,0,0,0,0,10.75836,0,0,0,0,0,0,0,0,0,0,0,10.75836
D615876,6,A2AFY006SLF7,,,,,,,,,,,,,,,,,,,D6158760,PD5B,08/20/2026 12:55:53 AM,BPD446,8M5CL,8M5CL,08/20/2026 9:40:30 AM,8M5CL,D1D,1,8418098,1.054724,0,0,0,1.679039,0,0,0,0,0,0,0,0,4.101595,0,4.203422,0,9.754516
D615876,26,A2AT4026SLG1,,,,,,,,,,,,,,,,,,,D6158760,PD5B,08/20/2026 12:55:53 AM,BPD446,8M5CL,8M5CL,08/20/2026 9:40:40 AM,8M5CL,D1D,2,8418066,1.539136,0,0,0,0.200844,0,1.200685,0,0,0,0,0,0,1.544506,0,0.684061,3.045459,8.21469
D615876,52,A2AT4052SLC5,,,,,,,,,,,,,,,,,,,D6158760,PD5B,08/20/2026 12:55:53 AM,BPD446,8M5CL,8M5CL,08/20/2026 9:40:19 AM,8M5CL,D1D,3,8417997,0,0,0,0,0,0,0,0,0,0,0,0,0,1.476416,0,0,0,1.476416
D615876,54,A2AT4054SLD6,,,,,,,,,,,,,,,,,,,D6158760,PD5B,08/20/2026 12:55:53 AM,BPD446,8M5CL,8M5CL,08/20/2026 9:40:11 AM,8M5CL,D1D,4,8418019,0,0,0,0,1.530705,0,1.147753,0,0,0,0,0,0,0,0,0.653904,0,3.32924
D617641,5,MCPPA005WAG7,,,,,,,,,,,,,,,,,,,D6176410,PXMG,08/23/2026 10:25:53 PM,BPD436,8M5CL,8M5CL,08/24/2026 5:53:11 AM,8M5CL,D1D,1,8486652,0,0,0,0,0,0,2.679335,0,0,0,0,0,0,0,1.434407,6.368635,0,10.48238
D617641,20,MCPPA020WAC0,,,,,,,,,,,,,,,,,,,D6176410,PXMG,08/23/2026 10:25:53 PM,BPD436,8M5CL,8M5CL,08/24/2026 5:53:17 AM,8M5CL,D1D,2,8486614,0,0,0,0,0,0,0,0,0,0,0,0,0,0,0,1.96619,0,1.96619
D611429,4,KJA9Y004WFF0,,,,,,,,,,,,,,,,,,,D6114290,PNCB,05/26/2026 7:06:41 AM,BPD436,8M5CL,8M5CL,07/24/2026 7:49:06 AM,8M5CL,D1D,1,8255822,1.369787,0,0,0,0.787648,0,0,0,0,0,0,1.150527,0,4.054348,0,2.886101,0,10.24841
D611429,45,KJA9Y045WFF1,,,,,,,,,,,,,,,,,,,D6114290,PNCB,05/26/2026 7:06:41 AM,BPD436,8M5CL,8M5CL,07/22/2026 9:11:47 AM,8M5CL,D1D,2,8255913,0,0,0,0,0.75902,0,0.682333,0,0,0,0,0,0,0,1.171442,2.932501,0,5.545296
D611429,50,KJA9Y050WFD1,,,,,,,,,,,,,,,,,,,D6114290,PNCB,05/26/2026 7:06:41 AM,BPD436,8M5CL,8M5CL,07/23/2026 1:35:04 AM,8M5CL,D1D,3,8256009,0,0,0,0,1.228099,2.304357,0,0,1.716001,0,0,0,0,1.949803,0,5.32143,1.96616,14.10344
D611429,101,KJA9Y101WFG1,,,,,,,,,,,,,,,,,,,D6114290,PNCB,05/26/2026 7:06:41 AM,BPD436,8M5CL,8M5CL,07/23/2026 5:16:19 AM,8M5CL,D1D,4,8256023,0,0,0,0,0.461006,0,0,0,0,0,0,0,0,0,0,0.736239,0,1.197245
D611429,153,KJA9Y153WFA2,,,,,,,,,,,,,,,,,,,D6114290,PNCB,05/26/2026 7:06:41 AM,BPD436,8M5CL,8M5CL,07/23/2026 12:42:49 AM,8M5CL,D1D,5,8255871,0,0,0,0,0.07876,0,0,0,0,0,0,0,0,1.662317,0,0,0,1.741077
D611429,154,KJA9Y154WFE4,,,,,,,,,,,,,,,,,,,D6114290,PNCB,05/26/2026 7:06:41 AM,BPD436,8M5CL,8M5CL,07/25/2026 1:19:48 PM,8M5CL,D1D,6,8255854,0,0,0,0,0,0,0,0,0,0,0,0,0,3.018075,0,4.642909,0.474301,8.135285
D611429,159,KJA9Y159WFD5,,,,,,,,,,,,,,,,,,,D6114290,PNCB,05/26/2026 7:06:41 AM,BPD436,8M5CL,8M5CL,07/25/2026 1:21:55 PM,8M5CL,D1D,7,8256047,0,0,0,0,0.714409,0,0,0,0,0,0,0,0,0,0,1.472478,0,2.112527
D611429,160,KJA9Y160WFG6,,,,,,,,,,,,,,,,,,,D6114290,PNCB,05/26/2026 7:06:41 AM,BPD436,8M5CL,8M5CL,07/23/2026 3:13:11 AM,8M5CL,D1D,8,8255919,0,0,0,0,0.466536,1.037469,0.549923,0,0,0,1.191249,0,0,0,0,7.026852,0,10.22935
D611429,169,KJA9Y169WFA6,,,,,,,,,,,,,,,,,,,D6114290,PNCB,05/26/2026 7:06:41 AM,BPD436,8M5CL,8M5CL,07/23/2026 5:15:36 AM,8M5CL,D1D,9,8255860,0,0,0,0,0.863529,0,0,0,0,0,0,0,0,1.618442,0,2.336703,0,4.65521
D611429,186,KJA9Y186WFE3,,,,,,,,,,,,,,,,,,,D6114290,PNCB,05/26/2026 7:06:41 AM,BPD436,8M5CL,8M5CL,07/25/2026 12:46:54 PM,8M5CL,D1D,10,8256007,0,0,0,0,1.099646,0.73123,2.145867,0,0,0,0,0,0,3.818017,0,1.822258,0,8.984883
D611429,187,KJA9Y187WFB2,,,,,,,,,,,,,,,,,,,D6114290,PNCB,05/26/2026 7:06:41 AM,BPD436,8M5CL,8M5CL,07/22/2026 9:10:30 AM,8M5CL,D1D,11,8255910,0,0,0,0,0.489254,0,1.234057,0,0,0,0,0,0,1.662317,0,3.87189,0,7.257518
D611429,210,KJA9Y210WFF4,,,,,,,,,,,,,,,,,,,D6114290,PNCB,05/26/2026 7:06:41 AM,BPD436,8M5CL,8M5CL,07/23/2026 1:28:31 AM,8M5CL,D1D,12,8256018,0,0,0,0,1.428383,0,0.539551,0,0,0,0,0,0,6.336928,0,2.578751,0,9.511484
D611340,425,5DXKS425MVA7,,,,,,,,,,,,,,,,,,,D6113400,PXMG,05/30/2026 3:30:59 AM,BPD458,8M5CL,8M5CL,06/01/2026 8:56:23 AM,8M5CL,D1D,1,8234725,0,0,0,0,0,1.550771,2.779302,0,0,0,0,0,0,1.107256,0,2.325712,0,7.763043
D611340,428,5DXKS428MVG2,,,,,,,,,,,,,,,,,,,D6113400,PXMG,05/30/2026 3:30:59 AM,BPD458,8M5CL,8M5CL,06/01/2026 8:56:09 AM,8M5CL,D1D,2,8234786,0,0,0,0,0.394758,1.053421,0,2.177218,0,0,0,0,0,0,0,0,0,3.625397
D611340,444,5DXKS444MVF5,,,,,,,,,,,,,,,,,,,D6113400,PXMG,05/30/2026 3:30:59 AM,BPD458,8M5CL,8M5CL,06/01/2026 8:56:16 AM,8M5CL,D1D,3,8234689,0,0,0,0,0.170659,1.053421,2.655766,0,2.19921,0,0,0,0,0,0,1.912213,0,7.991268
D611340,446,5DXKS446MVG6,,,,,,,,,,,,,,,,,,,D6113400,PXMG,05/30/2026 3:30:59 AM,BPD458,8M5CL,8M5CL,06/01/2026 8:56:31 AM,8M5CL,D1D,4,8234769,0,0,0,0,0,1.140497,0,0,0,0,0,0,0,3.707153,0,1.71325,0,6.5609
D613605,319,KJ7KC319WFD4,,,,,,,,,,,,,,,,,,,D6136050,PXMG,05/30/2026 6:27:57 PM,BPD446,8M5CL,8M5CL,08/02/2026 1:44:50 PM,8M5CL,D1D,1,8303551,0,0,0,0,0,0,0,0,0,0,0,0,0,1.723286,0,2.701458,0,4.424744
D613605,323,KJ7HW323WFD1,,,,,,,,,,,,,,,,,,,D6136050,PXMG,05/30/2026 6:27:57 PM,BPD446,8M5CL,8M5CL,08/02/2026 2:08:07 PM,8M5CL,D1D,2,8303409,0,0,0,0,0.448183,0,0,0,0,0,0,0,0,0,0,0.763242,0,1.211425
D611342,73,A2BN9073SLB5,,,,,,,,,,,,,,,,,,,D6113420,PXMG,06/04/2026 2:44:43 PM,BPD446,8M5CL,8M5CL,08/16/2026 5:44:59 PM,8M5CL,D1D,1,8234395,0,0,0,0,0,0,0,0,0,0,0,0,0,2.790715,0,2.823774,0,5.61449
D611342,127,A2CD1127SLB0,,,,,,,,,,,,,,,,,,,D6113420,PXMG,06/04/2026 2:44:43 PM,BPD446,8M5CL,8M5CL,08/07/2026 11:03:37 AM,8M5CL,D1D,2,8234496,0,0,0,0,0.081649,0,0,0,0,0,0,0,0,0,0.967143,1.657833,0,2.706626
D611342,128,A2CD1128SLF2,,,,,,,,,,,,,,,,,,,D6113420,PXMG,06/04/2026 2:44:43 PM,BPD446,8M5CL,8M5CL,08/15/2026 11:54:21 PM,8M5CL,D1D,3,8234527,0,0,0,0,0,0,0,0,0,0,0,0,0,0,1.812417,3.238261,0,5.050678
D611342,129,A2CD1129SLC1,,,,,,,,,,,,,,,,,,,D6113420,PXMG,06/04/2026 2:44:43 PM,BPD446,8M5CL,8M5CL,08/13/2026 1:39:20 AM,8M5CL,D1D,4,8234342,0,0,0,0,0.240153,1.138939,0,0,0,0,0,0,0,1.846793,0,5.410316,0,8.037686
D612526,9,A29PB009SLC7,,,,,,,,,,,,,,,,,,,D6125260,PR8B,06/05/2026 1:51:40 AM,BPD436,8M5CL,8M5CL,08/08/2026 4:07:20 PM,8M5CL,D1D,1,8283255,0,0,0,0,0.809727,2.149466,0.802457,0,0,0,0,0,0,1.52053,0,5.126609,0,10.40879
D612526,11,A29TR011SLG1,,,,,,,,,,,,,,,,,,,D6125260,PR8B,06/05/2026 1:51:40 AM,BPD436,8M5CL,8M5CL,08/08/2026 3:52:37 PM,8M5CL,D1D,2,8283263,0,0,0,0,0,1.901159,0,0,0,0,0,0,0,0,0,0,0,1.901159
D612814,176,HE6DJ176JKC2,,,,,,,,,,,,,,,,,,,D6128140,PD5B,06/05/2026 12:18:27 AM,BPD436,8M5CL,8M5CL,06/10/2026 12:13:20 PM,8M5CL,D1D,1,8267446,0,0,0,0,0,17.07261,0,0,0,0,0,0,0,1.476416,0,0.653904,0,19.13282
D612814,177,HE6DJ177JKG4,,,,,,,,,,,,,,,,,,,D6128140,PD5B,06/05/2026 12:18:27 AM,BPD436,8M5CL,8M5CL,06/10/2026 12:14:24 PM,8M5CL,D1D,2,8267463,0,1.181472,0,0,0.208909,0,2.385283,0,0,0,0,0,0,0.68154,0,0.711531,0,5.168733
D612814,179,HE6DJ179JKA2,,,,,,,,,,,,,,,,,,,D6128140,PD5B,06/05/2026 12:18:27 AM,BPD436,8M5CL,8M5CL,06/10/2026 12:14:39 PM,8M5CL,D1D,3,8267577,0,0,0,0,0.426759,0,1.218165,0,0,0,0,0,0,0,0,1.516685,0,3.161608
D612814,180,HE6DJ180JKD3,,,,,,,,,,,,,,,,,,,D6128140,PD5B,06/05/2026 12:18:27 AM,BPD436,8M5CL,8M5CL,06/10/2026 12:14:14 PM,8M5CL,D1D,4,8267415,1.156646,0,0,0,0,10.02406,1.348489,0,0,0,0,0,0,28.87622,0,3.073073,0,44.4207
D612814,181,HE6DJ181JKA2,,,,,,,,,,,,,,,,,,,D6128140,PD5B,06/05/2026 12:18:27 AM,BPD436,8M5CL,8M5CL,06/10/2026 12:14:36 PM,8M5CL,D1D,5,8267476,0,4.001061,0,0,0,16.41077,0,0,0,0,0,0,0,2.95122,0,0.662287,11.39723,35.01786
D612814,182,HE6DJ182JKE4,,,,,,,,,,,,,,,,,,,D6128140,PD5B,06/05/2026 12:18:27 AM,BPD436,8M5CL,8M5CL,06/10/2026 12:14:51 PM,8M5CL,D1D,6,8267486,0,0,0,0,0,3.934471,0,0,0,0,0,0,0.523249,0,0,0,0,4.45772
D611335,12,KJAAA012WFB2,,,,,,,,,,,,,,,,,,,D6113350,PXMG,06/05/2026 9:38:04 PM,BPD458,8M5CL,8M5CL,08/07/2026 11:03:22 AM,8M5CL,D1D,1,8233302,0,0,0,0,0.614899,0,0,0,0,0,0,0,0,2.432766,0,1.513056,0,4.560721
D611335,13,KJAAA013WFF4,,,,,,,,,,,,,,,,,,,D6113350,PXMG,06/05/2026 9:38:04 PM,BPD458,8M5CL,8M5CL,08/07/2026 11:03:24 AM,8M5CL,D1D,2,8233445,0,0,0,0,0.328542,0,1.428643,0,0,0,0,0,0,1.924431,0,0.829582,0,4.511199
D612479,188,KJA9Y188WFF4,,,,,,,,,,,,,,,,,,,D6124790,PXMG,06/13/2026 1:15:13 AM,BPD446,8M5CL,8M5CL,08/24/2026 11:52:36 AM,8M5CL,D1D,1,8272262,0,0,0,0,0,2.892407,0,0,0,0,0,0,0,2.345024,0,1.176221,1.002076,7.415728
D612479,245,KJA9T245WFB4,,,,,,,,,,,,,,,,,,,D6124790,PXMG,06/13/2026 1:15:13 AM,BPD446,8M5CL,8M5CL,08/22/2026 6:29:22 AM,8M5CL,D1D,2,8272233,0,0,0.15232,0,0,0,1.543127,0,0,0,0,3.455854,0,0,0,5.577546,0,10.59129
D611463,565,HE6ZP565JKG5,,,,,,,,,,,,,,,,,,,D6114630,PXMG,06/10/2026 10:24:12 PM,BPD458,8M5CL,8M5CL,08/24/2026 12:55:25 PM,8M5CL,D1D,1,8255903,0,0,0,0,0,0,0,0,0,0,0,0,0,1.137408,0,5.159595,0,5.905735
D611463,566,HE6ZP566JKD4,,,,,,,,,,,,,,,,,,,D6114630,PXMG,06/10/2026 10:24:12 PM,BPD458,8M5CL,8M5CL,08/24/2026 10:12:15 AM,8M5CL,D1D,2,8255990,0,0,0,0,0,0,0,0,0,0,0,0,0,0,0,1.578813,0,1.578813
D611463,567,HE6ZP567JKA3,,,,,,,,,,,,,,,,,,,D6114630,PXMG,06/10/2026 10:24:12 PM,BPD458,8M5CL,8M5CL,08/23/2026 2:51:09 PM,8M5CL,D1D,3,8255896,0,0,0,0,0.448183,1.06277,0,0,0,0,0,0,0,2.086851,0,0,0,3.597804
D611463,568,HE6ZP568JKE5,,,,,,,,,,,,,,,,,,,D6114630,PXMG,06/10/2026 10:24:12 PM,BPD458,8M5CL,8M5CL,08/24/2026 11:51:34 AM,8M5CL,D1D,4,8255984,1.345309,0,0,0,0,0,0,0,0,0,0,0,0,3.214039,0,5.669054,0,10.2284
D611451,66,A2AZS066SLC1,,,,,,,,,,,,,,,,,,,D6114510,PXMG,06/11/2026 4:23:21 AM,BPD454,8M5CL,8M5CL,08/12/2026 1:27:59 PM,8M5CL,D1D,1,8250390,0,0,0,0,0.080931,1.352074,0,0,0,0,0,0,0,2.19921,0,0.822284,0,4.454499
D611451,71,A2AZS071SLA1,,,,,,,,,,,,,,,,,,,D6114510,PXMG,06/11/2026 4:23:21 AM,BPD454,8M5CL,8M5CL,08/12/2026 6:39:22 PM,8M5CL,D1D,2,8250462,0,0,0,0,0,1.591662,1.713024,0,0,0,0,0,0,0,0,6.476669,0,9.781353
D611459,30,KJAYY030WFB5,,,,,,,,,,,,,,,,,,,D6114590,PXMG,06/11/2026 6:22:56 PM,BPD454,8M5CL,8M5CL,08/07/2026 11:02:08 AM,8M5CL,D1D,1,8252913,0,0,0,0,0.410839,2.535981,1.327883,0,0,0,0,0,0,0,0,0,0,4.274705
D611459,42,KJAYY042WFH2,,,,,,,,,,,,,,,,,,,D6114590,PXMG,06/11/2026 6:22:56 PM,BPD454,8M5CL,8M5CL,08/07/2026 11:02:12 AM,8M5CL,D1D,2,8252714,0,0,0,0,0,0,0,0,0,0,0,0,0,0,0,4.10963,0,4.10963
D611459,54,KJAYY054WFF4,,,,,,,,,,,,,,,,,,,D6114590,PXMG,06/11/2026 6:22:56 PM,BPD454,8M5CL,8M5CL,08/07/2026 11:02:00 AM,8M5CL,D1D,3,8252797,0,0,0,0,0.244752,0,2.693724,0,0,0,0,0,0,4.655065,1.566653,4.607879,0,13.76807
D611337,528,GU1PT528JKC3,,,,,,,,,,,,,,,,,,,D6113370M,PXMG,06/09/2026 6:00:47 PM,BPD454,8M5CL,8M5CL,08/12/2026 6:36:50 PM,8M5CL,D1D,1,8759433,0,0,0,0,0.170659,0,0,0,0,0,0,0,0,1.708126,34.91706,0.756528,0,37.55238
D611337,529,GU1PT529JKG5,,,,,,,,,,,,,,,,,,,D6113370M,PXMG,06/09/2026 6:00:47 PM,BPD454,8M5CL,8M5CL,08/12/2026 6:02:40 PM,8M5CL,D1D,2,8759394,0,0,0,0,0.669665,0.958805,0,0,0,0,0,0,0,1.340542,0,3.040533,0,6.009545
D611337,530,GU1PT530JKC3,,,,,,,,,,,,,,,,,,,D6113370M,PXMG,06/09/2026 6:00:47 PM,BPD454,8M5CL,8M5CL,08/12/2026 3:13:03 PM,8M5CL,D1D,3,8759465,0,0,0,0,0.596949,0,2.200221,0,0,0,0,0,0,12.33535,3.137927,4.039405,0.51745,20.96371
D611337,531,GU1PT531JKG5,,,,,,,,,,,,,,,,,,,D6113370M,PXMG,06/09/2026 6:00:47 PM,BPD454,8M5CL,8M5CL,08/12/2026 6:24:36 PM,8M5CL,D1D,4,8759415,0,0,0,0,0,0,0,0,0,0,0,0,0,0,0,0,0.694233,0.694233
D613102,6,KJCJL006WFE3,,,,,,,,,,,,,,,,,,,D6131020,PNCB,06/10/2026 9:41:06 AM,BPD458,8M5CL,8M5CL,08/03/2026 8:56:55 PM,8M5CL,D1D,1,8312437,0,0,0,0,0,0,0,0,0,0,0,0,0,0,0,0.731018,0.440098,1.171116
D613102,18,KJCJL018WFC5,,,,,,,,,,,,,,,,,,,D6131020,PNCB,06/10/2026 9:41:06 AM,BPD458,8M5CL,8M5CL,08/02/2026 3:56:56 AM,8M5CL,D1D,2,8312503,1.619092,0,0,0,0,0,0,0,0,0,0,0,0.308133,0,0,0,1.539685,3.160643
D613102,22,KJCJL022WFD6,,,,,,,,,,,,,,,,,,,D6131020,PNCB,06/10/2026 9:41:06 AM,BPD458,8M5CL,8M5CL,08/02/2026 6:27:57 AM,8M5CL,D1D,3,8312445,0,0,0,0,0,0,2.433386,0,0,0,0,0,0,3.864171,0,8.377388,1.885221,16.56017
D613102,24,KJCJL024WFE7,,,,,,,,,,,,,,,,,,,D6131020,PNCB,06/10/2026 9:41:06 AM,BPD458,8M5CL,8M5CL,08/03/2026 8:55:20 PM,8M5CL,D1D,4,8312469,1.493852,0,0,0,0.20528,1.33292,2.672799,0,0,0,0,1.213267,0.308133,5.983143,0,0,0,11.55886
D611443,814,KJAYE814WFC4,,,,,,,,,,,,,,,,,,,D6114430,PXMG,06/10/2026 7:25:03 AM,BPD446,8M5CL,8M5CL,08/07/2026 11:02:36 AM,8M5CL,D1D,1,8248074,0,0,0,0,0.268825,0,0,0,0,0,0,0,0,0,0,0.967958,2.083694,3.231255
D611443,820,KJAYE820WFE6,,,,,,,,,,,,,,,,,,,D6114430,PXMG,06/10/2026 7:25:03 AM,BPD446,8M5CL,8M5CL,08/07/2026 11:02:09 AM,8M5CL,D1D,2,8248042,0,0,0,0,0.170659,0,0,0,0,0,0,0,0,1.708126,0.958635,2.465534,0,5.302954
D611443,824,KJAYE824WFH0,,,,,,,,,,,,,,,,,,,D6114430,PXMG,06/10/2026 7:25:03 AM,BPD446,8M5CL,8M5CL,08/07/2026 11:02:47 AM,8M5CL,D1D,3,8248090,0,0,0,0,0,2.267583,0,0,0,0,0,0,0,0,0,4.351488,1.123376,7.742447
D611443,840,KJAYE840WFG3,,,,,,,,,,,,,,,,,,,D6114430,PXMG,06/10/2026 7:25:03 AM,BPD446,8M5CL,8M5CL,08/07/2026 11:02:41 AM,8M5CL,D1D,4,8248018,1.464221,0,0,0,0.366481,0.758545,0,0,0,0,0,0,0,0,0,3.085067,1.523874,7.198187
D611465,306,KJA9T306WFB5,,,,,,,,,,,,,,,,,,,D6114650,PXMG,06/10/2026 3:59:03 PM,BPD436,8M5CL,8M5CL,08/14/2026 11:17:29 AM,8M5CL,D1D,1,8255981,0,0,0,0,0.632933,0,1.327883,0,0,0,0,0,0,0,0,4.799555,0.729918,7.490288
D611465,315,KJA9T315WFB7,,,,,,,,,,,,,,,,,,,D6114650,PXMG,06/10/2026 3:59:03 PM,BPD436,8M5CL,8M5CL,08/14/2026 11:54:24 AM,8M5CL,D1D,2,8256001,2.683901,0,0,0,0.082217,1.070159,0.618415,0,0,0,0,0,0,1.735267,0,5.230601,0.462693,9.257207
D611455,20,MCMUB020WAE3,,,,,,,,,,,,,,,,,,,D6114550,PXMG,06/09/2026 10:49:40 PM,BPD436,8M5CL,8M5CL,08/12/2026 3:33:45 PM,8M5CL,D1D,1,8252786,0,0,0,0,0.577308,0,1.771232,0,0,0,0,0,0,0,0,1.009116,0,3.357654
D611455,35,MCMUB035WAA5,,,,,,,,,,,,,,,,,,,D6114550,PXMG,06/09/2026 10:49:40 PM,BPD436,8M5CL,8M5CL,08/12/2026 3:30:20 PM,8M5CL,D1D,2,8252806,0,0,0,0,0.081649,0,1.339668,0,0,0,0,0,0,0,0,3.184318,0,4.605634
D611337,526,GU1PT526JKB2,,,,,,,,,,,,,,,,,,,D6113370,PXMG,06/09/2026 6:00:30 AM,BPD454,8M5CL,8M5CL,08/12/2026 6:22:36 PM,8M5CL,D1D,1,8236523,0,0,0,0,0,0,1.323869,0,0,0,0,0,0,1.736228,0,8.642841,1.023512,12.72645
D611337,527,GU1PT527JKF4,,,,,,,,,,,,,,,,,,,D6113370,PXMG,06/09/2026 6:00:30 AM,BPD454,8M5CL,8M5CL,08/12/2026 9:05:24 AM,8M5CL,D1D,2,8236479,0.789556,0,0,0,0.4954,0.791396,0.636613,0,0,0,0,0,0,2.54415,0,5.093302,0,9.735918
D611336,40,KJAAE040WFA3,,,,,,,,,,,,,,,,,,,D6113360M,PXMG,06/08/2026 5:07:08 PM,BPD454,8M5CL,8M5CL,08/14/2026 11:50:08 AM,8M5CL,D1D,1,8751856,0,0,0,0,0.22212,0,0.779321,0,0,0,0,0,0,4.872061,1.337953,1.055874,0,8.267328
D611336,62,KJAAE062WFD1,,,,,,,,,,,,,,,,,,,D6113360M,PXMG,06/08/2026 5:07:08 PM,BPD454,8M5CL,8M5CL,08/14/2026 11:46:33 AM,8M5CL,D1D,2,8751875,0,0,0,0,0,1.39566,1.546297,0,0,0,0,0,0,2.263068,0,1.002312,0,6.207337
D611336,64,KJAAE064WFE2,,,,,,,,,,,,,,,,,,,D6113360M,PXMG,06/08/2026 5:07:08 PM,BPD454,8M5CL,8M5CL,08/13/2026 11:53:36 PM,8M5CL,D1D,3,8751877,0,0,0,0,0.237235,1.122518,0,0,0,0,0,0,0,0,1.518534,2.468648,0,5.346936
D611336,87,KJAAE087WFD7,,,,,,,,,,,,,,,,,,,D6113360M,PXMG,06/08/2026 5:07:08 PM,BPD454,8M5CL,8M5CL,08/13/2026 11:41:30 PM,8M5CL,D1D,4,8751860,0,0,0,0,0,0,0.614144,0,0,0,0,0,0,0,0,2.356067,1.077192,4.047403
D612492,621,HE4FS621JKE0,,,,,,,,,,,,,,,,,,,D6124920,PNCB,06/08/2026 6:26:13 PM,BPD446,8M5CL,8M5CL,08/12/2026 5:17:26 PM,8M5CL,D1D,1,8275563,0,0,0,0,0.559152,1.239718,0,0,0,0,0,0,0,0,0,2.135644,0,3.934511
D612492,636,HE4FS636JKA2,,,,,,,,,,,,,,,,,,,D6124920,PNCB,06/08/2026 6:26:13 PM,BPD446,8M5CL,8M5CL,08/04/2026 9:00:39 AM,8M5CL,D1D,2,8275554,0,0,0,0,0.463096,1.884475,0,0,0,0,0,0,0,10.00319,0,3.096927,0,15.44769
D611336,3,KJAAE003WFC4,,,,,,,,,,,,,,,,,,,D6113360,PXMG,06/08/2026 6:46:40 AM,BPD446,8M5CL,8M5CL,08/13/2026 11:27:09 PM,8M5CL,D1D,1,8233292,0,0,0,0,0.798141,0,0,0,0,0,0,0,0,0,0,4.096898,0.947437,5.842475
D611336,91,KJAAE091WFF0,,,,,,,,,,,,,,,,,,,D6113360,PXMG,06/08/2026 6:46:40 AM,BPD446,8M5CL,8M5CL,08/13/2026 11:35:23 PM,8M5CL,D1D,2,8233262,0,0,0,0,0.953483,0,0,0,0,0,0,0,0,0,0,6.64636,0,7.599842
D613602,10,A2DY9010SLG0,,,,,,,,,,,,,,,,,,,D6136020,PXMG,06/13/2026 10:46:46 AM,BPD458,8M5CL,8M5CL,08/14/2026 6:21:33 PM,8M5CL,D1D,1,8303481,0,0,0,0,0.170659,0.756748,1.327883,0,0,0,0,0,0,0,0,0.756528,0,3.011818
D613602,115,A2EWZ115SLF1,,,,,,,,,,,,,,,,,,,D6136020,PXMG,06/13/2026 10:46:46 AM,BPD458,8M5CL,8M5CL,08/22/2026 6:08:41 AM,8M5CL,D1D,2,8303443,0,0,0,0,0,1.290279,0,0,0,0,0,0,0.390585,8.19978,1.990866,1.761823,0,13.18948
D612470,2,MCMUB002WAD7,,,,,,,,,,,,,,,,,,,D6124700,PXMG,06/19/2026 2:02:45 PM,BPD454,8M5CL,8M5CL,08/22/2026 4:21:39 AM,8M5CL,D1D,1,8270470,0,0,0,0,0,0,0.697673,0,0,0,0,0,0,6.166911,0,13.64316,0,19.63167
D612470,78,MCMUB078WAB7,,,,,,,,,,,,,,,,,,,D6124700,PXMG,06/19/2026 2:02:45 PM,BPD454,8M5CL,8M5CL,08/22/2026 7:54:15 AM,8M5CL,D1D,2,8270425,0,0,0,0,0,1.147767,0,0,0,0,0,0,0,1.942338,1.044493,2.544497,0,6.679094
D612490,21,MCLXP021WAG2,,,,,,,,,,,,,,,,,,,D6124900,PXMG,06/19/2026 8:13:45 PM,BPD454,8M5CL,8M5CL,08/13/2026 2:07:06 AM,8M5CL,D1D,1,8275482,0,0,0,0,0.870975,1.791576,1.382573,0,0,0,0,0,0,0,1.877627,6.572609,0,12.49536
D612490,22,MCLXP022WAD1,,,,,,,,,,,,,,,,,,,D6124900,PXMG,06/19/2026 8:13:45 PM,BPD454,8M5CL,8M5CL,08/13/2026 1:31:34 AM,8M5CL,D1D,2,8275570,0,0,0,0,1.209565,0,0,0,0,0,0,0,0,0,0,2.335341,0,3.544906
D611445,599,5DXKO599MVC6,,,,,,,,,,,,,,,,,,,D6114450,PXMG,06/16/2026 4:40:17 AM,BPD454,8M5CL,8M5CL,08/22/2026 8:48:59 AM,8M5CL,D1D,1,8247613,0,0,0,0,0.762701,0.770273,1.365463,0,0,0,0,0,0,12.6188,1.462026,7.82306,0,23.50873
D611445,602,5DXKO602MVF3,,,,,,,,,,,,,,,,,,,D6114450,PXMG,06/16/2026 4:40:17 AM,BPD454,8M5CL,8M5CL,08/16/2026 6:23:46 PM,8M5CL,D1D,2,8247517,0,0,0,0,0.654925,0,0,0,0,0,0,0,0,0,0,2.269584,0,2.924509
D613611,633,5DXME633MVD2,,,,,,,,,,,,,,,,,,,D6136110,PXMG,06/14/2026 5:11:00 AM,BPD446,8M5CL,8M5CL,08/07/2026 11:02:00 AM,8M5CL,D1D,1,8303497,0.568216,0,0,0,0.775139,0,0,0,0,0,0,0,0,0,0,0.763242,0.736396,2.842993
D613611,688,5DXME688MVC6,,,,,,,,,,,,,,,,,,,D6136110,PXMG,06/14/2026 5:11:00 AM,BPD446,8M5CL,8M5CL,08/07/2026 11:01:54 AM,8M5CL,D1D,2,8303468,0,0,0,0,0.170659,1.352074,1.327883,0,0,0,0,0,0,0,0,1.513056,0,4.260628
D612484,40,A2AT4040SLE3,,,,,,,,,,,,,,,,,,,D6124840,PXMG,06/14/2026 11:59:04 PM,BPD446,8M5CL,8M5CL,08/23/2026 2:49:30 AM,8M5CL,D1D,1,8272173,0,0,0,0,0,0,0,0,0,0,0,0,0,2.978636,0,0,0.475133,3.453771
D612484,47,A2AT4047SLE5,,,,,,,,,,,,,,,,,,,D6124840,PXMG,06/14/2026 11:59:04 PM,BPD446,8M5CL,8M5CL,08/24/2026 12:17:11 AM,8M5CL,D1D,2,8272214,0.846402,0,0,0,0.392466,0,0,0,0,0,0,0,0,0,0,0.848126,0,2.086995
D612474,351,KJCJA351WFG2,,,,,,,,,,,,,,,,,,,D6124740,PXMG,06/14/2026 10:54:05 PM,BPD446,8M5CL,8M5CL,08/10/2026 3:26:37 AM,8M5CL,D1D,1,8270515,0,0,0,0,0,1.549621,0,0,0,0,0,0,0,1.957696,0,0.942427,0,4.449744
D612474,570,KJCJA570WFB7,,,,,,,,,,,,,,,,,,,D6124740,PXMG,06/14/2026 10:54:05 PM,BPD446,8M5CL,8M5CL,08/10/2026 2:24:59 AM,8M5CL,D1D,2,8270422,0,0,0,0,0.264706,0,0,0,0,0,0,0,0,4.071236,0,3.89319,0,8.229134
D611448,47,KJAAE047WFA5,,,,,,,,,,,,,,,,,,,D6114480,PXMG,06/15/2026 1:26:15 AM,BPD446,8M5CL,8M5CL,08/24/2026 11:32:23 AM,8M5CL,D1D,1,8250469,0,0,0,0,0.259276,0,2.558139,0,0,0,0,0,0,1.918636,0,4.28202,0,9.018073
D611448,70,KJAAE070WFG4,,,,,,,,,,,,,,,,,,,D6114480,PXMG,06/15/2026 1:26:15 AM,BPD446,8M5CL,8M5CL,08/23/2026 5:43:13 PM,8M5CL,D1D,2,8250409,0,0,0,0,0.307971,0,1.895325,0,0,0,0,0,0,0,2.41906,4.408784,0.318921,9.350058
D611448,176,KJAAE176WFB5,,,,,,,,,,,,,,,,,,,D6114480,PXMG,06/15/2026 1:26:15 AM,BPD446,8M5CL,8M5CL,08/22/2026 5:57:06 AM,8M5CL,D1D,3,8250302,0,0,0,0,0.291615,3.325438,0,0,0,0,0,0,0,2.766166,0,8.360157,0.729918,15.47329
D611448,196,KJAAE196WFD2,,,,,,,,,,,,,,,,,,,D6114480,PXMG,06/15/2026 1:26:15 AM,BPD446,8M5CL,8M5CL,08/24/2026 12:22:49 PM,8M5CL,D1D,4,8250396,0,0,0,0,0,0,1.327883,0,0,0,0,0,0,0,0,5.021112,0.313827,6.662822
D611442,267,KJAYF267WFG4,,,,,,,,,,,,,,,,,,,D6114420,PXMG,06/15/2026 2:00:03 AM,BPD436,8M5CL,8M5CL,08/07/2026 11:01:47 AM,8M5CL,D1D,1,8247832,0,0,0,0,0.529832,0,2.639398,0,0,0,0,0,0,1.06743,0,0,0,4.23666
D611442,325,KJAYR325WFF6,,,,,,,,,,,,,,,,,,,D6114420,PXMG,06/15/2026 2:00:03 AM,BPD436,8M5CL,8M5CL,08/07/2026 11:01:53 AM,8M5CL,D1D,2,8247846,1.274135,0,0,0,0.994289,0,0.658476,0,0,0,0,0,0,1.567691,0,3.027615,0,7.522207
D612536,37,A2DWL037SLB5,,,,,,,,,,,,,,,,,,,D6125360,PR8B,06/27/2026 9:41:27 AM,BPD436,8M5CL,8M5CL,06/28/2026 9:08:39 AM,8M5CL,D1D,1,8287716,0,0,0,0,0,3.022738,0,0,0,0,0,0,0,0,0,4.335699,0.654349,8.012787
D612536,40,A2DWL040SLF7,,,,,,,,,,,,,,,,,,,D6125360,PR8B,06/27/2026 9:41:27 AM,BPD436,8M5CL,8M5CL,06/28/2026 9:08:43 AM,8M5CL,D1D,2,8287762,0,0,0,0,0,0,1.073354,0,0,0,0,0,0,0,0,0,1.348793,2.422148
D612536,45,A2DWL045SLF0,,,,,,,,,,,,,,,,,,,D6125360,PR8B,06/27/2026 9:41:27 AM,BPD436,8M5CL,8M5CL,06/28/2026 9:08:32 AM,8M5CL,D1D,3,8287799,0,0,0,0,0.681955,2.100417,0,0,0,0,0,0,0,5.425567,0,5.452314,0,13.66025
D612536,229,A2DD8229SLF6,,,,,,,,,,,,,,,,,,,D6125360,PR8B,06/27/2026 9:41:27 AM,BPD436,8M5CL,8M5CL,06/28/2026 9:08:50 AM,8M5CL,D1D,4,8287737,0,0,0,0,0.600717,3.415963,9.294367,0,0,0,0,0,0,2.166093,0,4.169317,0,19.64645
D612486,24,A29XK024SLD2,,,,,,,,,,,,,,,,,,,D6124860,PXMG,06/23/2026 10:27:07 AM,BPD454,8M5CL,8M5CL,08/24/2026 12:00:20 PM,8M5CL,D1D,1,8275420,0,0,0,0,0,1.051002,0,0,0,0,0,0,0,1.708126,3.920531,4.929748,0.313827,11.92323
D612486,25,A29XK025SLA1,,,,,,,,,,,,,,,,,,,D6124860,PXMG,06/23/2026 10:27:07 AM,BPD454,8M5CL,8M5CL,08/23/2026 3:07:01 PM,8M5CL,D1D,2,8275309,0,0,0,0,0,0,1.743012,0,0,0,0,0,0,9.860513,2.421395,0,0,14.02492
D612471,1,MCMUB001WAH0,,,,,,,,,,,,,,,,,,,D6124710,PXMG,06/23/2026 11:53:21 AM,BPD454,8M5CL,8M5CL,08/07/2026 11:01:28 AM,8M5CL,D1D,1,8270145,0,0,0,0,0,3.258379,1.953811,0,0,0,0,0,0,0,0,0.763242,0,5.975432
D612471,3,MCMUB003WAA6,,,,,,,,,,,,,,,,,,,D6124710,PXMG,06/23/2026 11:53:21 AM,BPD454,8M5CL,8M5CL,08/07/2026 11:01:41 AM,8M5CL,D1D,2,8270163,0,0,0,0,0,0,0,0,0,0,0,0,0,0,0,0,0,0
D612468,663,MCLYY663WAE3,,,,,,,,,,,,,,,,,,,D6124680,PXMG,06/25/2026 10:39:30 AM,BPD454,8M5CL,8M5CL,08/24/2026 8:25:05 AM,8M5CL,D1D,1,8270323,1.149079,0,0,0,0,0,1.334731,0,0,0,0,0,0,0,0,1.321652,0.459498,4.026986
D612468,678,MCLYY678WAA5,,,,,,,,,,,,,,,,,,,D6124680,PXMG,06/25/2026 10:39:30 AM,BPD454,8M5CL,8M5CL,08/07/2026 11:01:25 AM,8M5CL,D1D,2,8270301,0,0,0,0,0,1.23538,0,0,0,0,0,0,0,2.003174,0,1.92709,0,5.165644
D611462,26,A2BCX026SLA0,,,,,,,,,,,,,,,,,,,D6114620,PXMG,06/25/2026 8:22:41 AM,BPD454,8M5CL,8M5CL,08/07/2026 11:01:26 AM,8M5CL,D1D,1,8255998,0,0,0,0,0,1.196948,2.659328,0,0,0,0,0,0,14.69803,1.615506,5.30556,0,25.19214
D611462,33,A2BCX033SLG4,,,,,,,,,,,,,,,,,,,D6114620,PXMG,06/25/2026 8:22:41 AM,BPD454,8M5CL,8M5CL,08/07/2026 11:01:20 AM,8M5CL,D1D,2,8256073,0,0,0,0,0.224091,1.658055,1.339668,0,0,0,0,0,0,2.454356,0,0,0,5.67617
D612475,19,KJCHY019WFF6,,,,,,,,,,,,,,,,,,,D6124750,PXMG,06/22/2026 3:23:59 PM,BPD454,8M5CL,8M5CL,08/24/2026 5:13:18 AM,8M5CL,D1D,1,8270509,0,0,0,0,0.172173,2.085344,0,0,0,0,0,0,0,0,0,2.421075,0,4.678593
D612475,21,KJCHY021WFF6,,,,,,,,,,,,,,,,,,,D6124750,PXMG,06/22/2026 3:23:59 PM,BPD454,8M5CL,8M5CL,08/24/2026 4:35:48 AM,8M5CL,D1D,2,8270382,0,0,0,0,0.172173,0,0,0,0,0,0,0,0,1.723286,0,1.657833,0,3.553292
D612478,6,A2BP5006SLC1,,,,,,,,,,,,,,,,,,,D6124780,PXMG,06/24/2026 5:04:18 AM,BPD458,8M5CL,8M5CL,08/07/2026 11:01:19 AM,8M5CL,D1D,1,8272209,0,0,0,0,0,2.91132,0,0,0,0,0,0,0,2.565453,0,2.318292,0,7.795063
D612478,23,A2BP5023SLF6,,,,,,,,,,,,,,,,,,,D6124780,PXMG,06/24/2026 5:04:18 AM,BPD458,8M5CL,8M5CL,08/07/2026 11:01:25 AM,8M5CL,D1D,2,8272099,0.761689,0,0,0,0,1.06277,1.279318,0,0,0,0,0,0,4.730879,0.967143,7.198217,0.736396,16.73641
D613142,39,MCMMJ039WAE0,,,,,,,,,,,,,,,,,,,D6131420,PR8B,06/24/2026 4:32:09 PM,BPD446,8M5CL,8M5CL,06/25/2026 8:16:42 AM,8M5CL,D1D,1,8322064,1.242061,1.369888,0,0,0,2.298786,0,0,0,0,0,0,0,1.862732,0,4.408971,0.49668,11.67912
D613142,46,MCMMJ046WAD1,,,,,,,,,,,,,,,,,,,D6131420,PR8B,06/24/2026 4:32:09 PM,BPD446,8M5CL,8M5CL,06/25/2026 8:16:37 AM,8M5CL,D1D,2,8322058,0,0,0,0,2.243755,2.009652,0.671768,0,0,0,0,0,0,0,0,0,0,4.857328
D612472,133,HE4UD133JKB6,,,,,,,,,,,,,,,,,,,D6124720,PXMG,06/25/2026 12:03:52 AM,BPD454,8M5CL,8M5CL,08/07/2026 11:01:23 AM,8M5CL,D1D,1,8270384,0,0,0,0,1.845029,7.111782,8.588663,0,0,0,0,0,0,2.989493,0,0,0.768146,21.30311
D612472,134,HE4UD134JKG0,,,,,,,,,,,,,,,,,,,D6124720,PXMG,06/25/2026 12:03:52 AM,BPD454,8M5CL,8M5CL,08/07/2026 11:01:25 AM,8M5CL,D1D,2,8270140,0,0,0,0,1.128634,0,1.876805,0,0,0,0,0,0,0,0,6.711768,0,9.507801
D612557,299,KJ9JG299WFF6,,,,,,,,,,,,,,,,,,,D6125570,PXMG,06/21/2026 2:28:52 AM,BPD454,8M5CL,8M5CL,08/22/2026 5:48:07 AM,8M5CL,D1D,1,8280446,0,0,0,0,0.738605,1.224724,7.020976,0,0,0,0,0,0,8.838536,0,16.92982,0,29.55049
D612557,390,KJ9JG390WFD4,,,,,,,,,,,,,,,,,,,D6125570,PXMG,06/21/2026 2:28:52 AM,BPD454,8M5CL,8M5CL,08/23/2026 3:10:50 PM,8M5CL,D1D,2,8280401,0,0,0,0,1.089937,2.128784,1.561608,0,0,0,0,0,0,0,1.672044,4.448436,0,10.90081
D612557,455,KJ9HB455WFF3,,,,,,,,,,,,,,,,,,,D6125570,PXMG,06/21/2026 4:52:52 AM,BPD454,8M5CL,8M5CL,08/23/2026 11:44:24 PM,8M5CL,D1D,3,8280436,0,0,0,0,0.462747,1.959079,1.49773,0,0,0,0,0,0,6.156425,0,11.54674,0,20.41688
D612557,482,KJ9HB482WFG1,,,,,,,,,,,,,,,,,,,D6125570,PXMG,06/21/2026 4:52:52 AM,BPD454,8M5CL,8M5CL,08/23/2026 10:55:16 PM,8M5CL,D1D,4,8280344,0,0,0,0,0.200313,1.918254,3.117234,0,0,0,0,0,0,2.004931,0,9.499978,0,15.57611
D613616,5,KJCHY005WFG3,,,,,,,,,,,,,,,,,,,D6136160,PXMG,06/27/2026 11:09:33 PM,BPD454,8M5CL,8M5CL,08/23/2026 11:28:34 PM,8M5CL,D1D,1,8304413,0,0,0,0,0.317662,0,0.79856,0,0,0,0,0,0,7.435188,0,0,0,8.55141
D613616,27,KJCHY027WFB6,,,,,,,,,,,,,,,,,,,D6136160,PXMG,06/27/2026 11:09:33 PM,BPD454,8M5CL,8M5CL,08/23/2026 9:08:22 PM,8M5CL,D1D,2,8304546,0,0,0,0,1.045061,1.569932,0,0,0,0,0,0,0,0,0,0,0,2.614992
D612481,8,KJCHY008WFE3,,,,,,,,,,,,,,,,,,,D6124810,PXMG,07/03/2026 4:17:12 AM,BPD446,8M5CL,8M5CL,08/07/2026 11:00:47 AM,8M5CL,D1D,1,8272234,0,0,0,0,0.239569,0.636398,1.432196,0,0,0,0,0,0,1.842309,0,2.588294,0,6.738765
D612481,22,KJCHY022WFC5,,,,,,,,,,,,,,,,,,,D6124810,PXMG,07/03/2026 4:17:12 AM,BPD446,8M5CL,8M5CL,08/07/2026 11:00:54 AM,8M5CL,D1D,2,8272282,0,0,0,0,0.22212,0,0,0,0,0,0,0,0,0,0,7.080465,0,7.302585
D611338,55,KJAAA055WFC4,,,,,,,,,,,,,,,,,,,D6113380,PXMG,06/30/2026 5:35:15 PM,BPD458,8M5CL,8M5CL,08/07/2026 11:01:31 AM,8M5CL,D1D,1,8234594,1.260468,0,0,0,0,2.251003,0,0,1.678898,0,0,0,0,2.960075,0,0,0.487383,8.637827
D611338,64,KJAAA064WFC6,,,,,,,,,,,,,,,,,,,D6113380,PXMG,06/30/2026 5:35:15 PM,BPD458,8M5CL,8M5CL,08/07/2026 11:01:37 AM,8M5CL,D1D,2,8234665,0,0,0,0,0,31.41567,2.878759,0,3.545654,0,0,0,0,3.276081,0,4.2161,0,42.1416
D611338,72,KJAAA072WFG1,,,,,,,,,,,,,,,,,,,D6113380,PXMG,07/01/2026 10:27:26 AM,BPD454,8M5CL,8M5CL,08/07/2026 11:01:12 AM,8M5CL,D1D,3,8234627,0,0,0,0,0,1.647054,0,0,0,0,0,0,0,0,1.498854,5.101852,0.50727,8.755029
D611338,74,KJAAA074WFH2,,,,,,,,,,,,,,,,,,,D6113380,PXMG,07/01/2026 10:27:26 AM,BPD454,8M5CL,8M5CL,08/07/2026 11:01:10 AM,8M5CL,D1D,4,8234654,0,0,0,0,0.555091,1.309794,0,0,0,0,0,0,0,4.191617,0,0,0,6.056502
D611338,81,KJAAA081WFG3,,,,,,,,,,,,,,,,,,,D6113380,PXMG,07/01/2026 10:27:26 AM,BPD454,8M5CL,8M5CL,08/07/2026 11:01:00 AM,8M5CL,D1D,5,8234683,0.568216,0,0,0,0,1.616474,0,0,0,0,0,0,0,0,0,2.289727,0,4.474417
D613607,82,A2DMV082SLG1,,,,,,,,,,,,,,,,,,,D6136070,PXMG,06/30/2026 3:19:13 AM,BPD436,8M5CL,8M5CL,08/07/2026 11:01:11 AM,8M5CL,D1D,1,8303659,0,0,0,0,0.303051,1.053421,0,0,0,0,0,0,0,0,0,3.912834,0,5.269306
D613607,83,A2DMV083SLD0,,,,,,,,,,,,,,,,,,,D6136070,PXMG,06/30/2026 3:19:13 AM,BPD436,8M5CL,8M5CL,08/22/2026 6:17:08 AM,8M5CL,D1D,2,8303599,0,0,0,0,0.783655,2.290392,0,0,0,0,0,0,0,0,0,1.526484,0,4.600531
D611343,237,KJAYT237WFF5,,,,,,,,,,,,,,,,,,,D6113430,PXMG,06/28/2026 4:35:20 AM,BPD454,8M5CL,8M5CL,08/07/2026 11:01:00 AM,8M5CL,D1D,1,8234449,0,0,0,0,0,1.06277,0,0,0,0,0,0,0,4.177642,0,1.768326,0,7.008738
D611343,246,KJAYT246WFF7,,,,,,,,,,,,,,,,,,,D6113430,PXMG,06/28/2026 4:35:20 AM,BPD454,8M5CL,8M5CL,08/07/2026 11:01:07 AM,8M5CL,D1D,2,8234435,0,0,0,0,0,2.155225,6.506887,0,0,0,0,0,0,2.161819,0,9.111537,0,19.93547
D613614,27,A2CJE027SLF2,,,,,,,,,,,,,,,,,,,D6136140,PXMG,07/07/2026 10:36:09 PM,BPD454,8M5CL,8M5CL,08/07/2026 11:00:35 AM,8M5CL,D1D,1,8304506,0,0,0,0,0.396265,0.595285,3.24267,0,0,0,0,0,0,1.397798,0,3.133952,1.567822,10.33379
D613614,130,A2CJE130SLB2,,,,,,,,,,,,,,,,,,,D6136140,PXMG,07/07/2026 10:36:09 PM,BPD454,8M5CL,8M5CL,08/07/2026 11:00:42 AM,8M5CL,D1D,2,8304455,0,0,0,0,0.279126,0,0,0,2.420932,0,0,0,0,2.240192,0,0,0,4.940249
D613144,11,KJCHY011WFB2,,,,,,,,,,,,,,,,,,,D6131440,PR8B,07/11/2026 3:52:27 PM,BPD436,8M5CL,8M5CL,07/12/2026 8:26:11 AM,8M5CL,D1D,1,8322716,0,0,0,0,0.512336,0,1.560048,0,0,0,0,0,0,4.025892,0,2.767626,0,8.865902
D613144,14,KJCHY014WFG5,,,,,,,,,,,,,,,,,,,D6131440,PR8B,07/11/2026 3:52:27 PM,BPD436,8M5CL,8M5CL,07/12/2026 8:26:21 AM,8M5CL,D1D,2,8322597,0,0,0,0,0,3.914515,0,0,0,0,0,0,0,6.055552,2.001169,0,0,11.97124
D613144,17,KJCHY017WFE5,,,,,,,,,,,,,,,,,,,D6131440,PR8B,07/11/2026 3:52:27 PM,BPD436,8M5CL,8M5CL,07/12/2026 8:26:28 AM,8M5CL,D1D,3,8322753,0,0,0,0,0.831795,6.452831,1.260202,0,0,0,0,0,0,2.048973,0,5.173709,0,15.76751
D613144,20,KJCHY020WFB4,,,,,,,,,,,,,,,,,,,D6131440,PR8B,07/11/2026 3:52:27 PM,BPD436,8M5CL,8M5CL,07/12/2026 8:26:30 AM,8M5CL,D1D,4,8322624,0,0,0,0,0.253705,10.44151,0,0,0,0,0,0,0,5.853039,1.623961,0,0,18.17222
D613145,4,KJAAE004WFG6,,,,,,,,,,,,,,,,,,,D6131450,PR8B,07/11/2026 10:34:19 PM,BPD436,8M5CL,8M5CL,07/12/2026 8:32:27 AM,8M5CL,D1D,1,8322743,0,0,0,0,0,1.145955,0,0,0,0,0,0,0,0,1.861801,1.469281,1.417601,5.894637
D613145,46,KJAAE046WFD6,,,,,,,,,,,,,,,,,,,D6131450,PR8B,07/11/2026 10:34:19 PM,BPD436,8M5CL,8M5CL,07/12/2026 8:32:13 AM,8M5CL,D1D,2,8322720,0,0,0,0,0,2.201332,1.29781,0,0,0,0,0,0,3.525406,0,0,0,7.024549
D613145,51,KJAAE051WFB6,,,,,,,,,,,,,,,,,,,D6131450,PR8B,07/11/2026 10:34:19 PM,BPD436,8M5CL,8M5CL,07/12/2026 8:32:34 AM,8M5CL,D1D,3,8322826,0,0,0,0,0.162024,1.96975,4.109185,0,0,0,0,0,0,2.369171,0,3.255769,0,11.8659
D613145,65,KJAAE065WFB1,,,,,,,,,,,,,,,,,,,D6131450,PR8B,07/11/2026 10:34:19 PM,BPD436,8M5CL,8M5CL,07/12/2026 8:32:22 AM,8M5CL,D1D,4,8322806,0,0,0,0,0.202027,0,0,0,0,0,0,0,0,0,0,0,0,0.202027
D613140,110,A2EW7110SLA2,,,,,,,,,,,,,,,,,,,D6131400,PR8B,07/12/2026 12:01:24 AM,BPD436,8M5CL,8M5CL,07/12/2026 8:32:00 AM,8M5CL,D1D,1,8322181,0,0,0,0,0,6.639094,0,0,0,0,0,0,0,0,0,1.929845,1.161835,9.730771
D613140,151,A2EGD151SLB4,,,,,,,,,,,,,,,,,,,D6131400,PR8B,07/12/2026 12:01:24 AM,BPD436,8M5CL,8M5CL,07/12/2026 8:31:55 AM,8M5CL,D1D,2,8322313,0,0,0,0,0.177086,0,1.957307,0,0,0,0,0,0,6.124533,0,0.785022,0,9.043948
D613140,154,A2EGD154SLG7,,,,,,,,,,,,,,,,,,,D6131400,PR8B,07/12/2026 12:01:24 AM,BPD436,8M5CL,8M5CL,07/12/2026 8:32:10 AM,8M5CL,D1D,3,8322166,0,0,0,0,0,0,0.654926,0,0,0,0,0,0,6.435214,0,0,0,7.09014
D613140,156,A2EGD156SLA5,,,,,,,,,,,,,,,,,,,D6131400,PR8B,07/12/2026 12:01:24 AM,BPD436,8M5CL,8M5CL,07/12/2026 8:32:20 AM,8M5CL,D1D,4,8322107,0,0,0,0,0.378385,0,0,0,0,0,0,0,0,2.390916,1.289243,2.749144,0,6.807689
D613153,153,HJ8VW153JKA1,,,,,,,,,,,,,,,,,,,D6131530,PR8B,07/19/2026 9:40:33 AM,BPD446,8M5CL,8M5CL,07/20/2026 8:08:46 AM,8M5CL,D1D,1,8326400,0,0,0,0,1.051923,0,2.403395,0,0,0,0,0,0,0,0,3.400397,0.780116,7.635831
D613153,154,HJ8VW154JKE3,,,,,,,,,,,,,,,,,,,D6131530,PR8B,07/19/2026 9:40:33 AM,BPD446,8M5CL,8M5CL,07/20/2026 8:08:52 AM,8M5CL,D1D,2,8326620,0,0,0,0,0,1.880958,0,0,0,0,0,0,0,0,0,0,0,1.880958
D612E4J,653,MCLPK653WAE4,,,,,,,,,,,,,,,,,,,D612E4J0,X78E,08/01/2026 12:44:18 PM,BPD458,8M5CL,8M5CL,08/02/2026 10:17:48 AM,8M5CL,D1D,1,8294790,0,0,0,0,0,2.455609,0,0,0,0,0,0,0,0,0,0,0,2.455609
D612E4J,674,MCLPK674WAD0,,,,,,,,,,,,,,,,,,,D612E4J0,X78E,08/01/2026 12:44:18 PM,BPD458,8M5CL,8M5CL,08/02/2026 10:07:55 AM,8M5CL,D1D,2,8294783,0,0,0,0,0,2.749392,0,0,0,0,0,0,0,1.680846,1.420519,0,0,5.850757
D612E4J,682,MCLPK682WAG3,,,,,,,,,,,,,,,,,,,D612E4J0,X78E,08/01/2026 12:44:18 PM,BPD458,8M5CL,8M5CL,08/02/2026 10:17:41 AM,8M5CL,D1D,3,8294846,0,0,0,0,0,0,0,0,0,0,0,0,0,0,0,0,0,0
D612E4J,693,MCLPK693WAA3,,,,,,,,,,,,,,,,,,,D612E4J0,X78E,08/01/2026 12:44:18 PM,BPD458,8M5CL,8M5CL,08/02/2026 10:17:54 AM,8M5CL,D1D,4,8294890,0,0,0,0,0,1.69782,0,0,0,0,0,0,0,0,0,0,0,1.69782
D612949,211,5DXOH211MVD6,,,,,,,,,,,,,,,,,,,D6129490,PR8B,08/05/2026 12:48:30 AM,BPD436,8M5CL,8M5CL,08/05/2026 7:02:54 AM,8M5CL,D1D,1,8298047,0,0,0,0,13.39455,5.707864,54.47679,0,0,0,0,0,0,24.77921,1.139638,0.89937,0.541452,92.55894
D612949,226,5DXOH226MVA0,,,,,,,,,,,,,,,,,,,D6129490,PR8B,08/05/2026 12:48:30 AM,BPD436,8M5CL,8M5CL,08/05/2026 7:02:46 AM,8M5CL,D1D,2,8298057,0,0,0,0,0.913488,0,0,0,0,0,0,0,0,11.34639,0,0.945893,0.569461,13.77524
D612949,227,5DXOH227MVE2,,,,,,,,,,,,,,,,,,,D6129490,PR8B,08/05/2026 12:48:30 AM,BPD436,8M5CL,8M5CL,08/05/2026 7:03:06 AM,8M5CL,D1D,3,8297984,0,0,0,0,0.287104,0,2.298702,0,0,0,0,0,0,6.574169,0,6.393775,1.263562,15.95783
D612949,229,5DXOH229MVF3,,,,,,,,,,,,,,,,,,,D6129490,PR8B,08/05/2026 12:48:30 AM,BPD436,8M5CL,8M5CL,08/05/2026 7:02:58 AM,8M5CL,D1D,4,8297981,0,0,0,0,4.106123,0,20.80431,0,0,0,0,0,0,14.29363,0,2.04282,0,37.62285
D549598,503,KJ6GT503WFB1,,,,,,,,,,,,,,,,,,,D5495980,PXMG,02/26/2026 3:37:04 AM,BPD448,8M5CL,8M5CL,04/09/2026 3:04:39 PM,8M5CL,D1D,1,7738679,0,0,0,0,0.932713,1.190116,0,0,0,0,0,0,0,1.195335,0,1.856482,0,5.174647
D549598,510,KJ6GT510WFA2,,,,,,,,,,,,,,,,,,,D5495980,PXMG,02/26/2026 3:37:04 AM,BPD448,8M5CL,8M5CL,06/07/2026 5:44:31 PM,8M5CL,D1D,2,7738743,0,0,0,0,0,2.185328,0,0,0,0,0,0,0,1.708126,0,0,0,3.893454
D548507,685,GT5JD685JKG3,,,,,,,,,,,,,,,,,,,D5485070,PXMG,02/26/2026 4:03:04 PM,BPD448,8M5CL,8M5CL,05/03/2026 1:07:55 PM,8M5CL,D1D,1,7703672,0,0,0,0,0.396265,0,0,0,0,0,0,0,0,0,0,2.289727,0,2.685991
D548507,704,GT5JD704JKC1,,,,,,,,,,,,,,,,,,,D5485070,PXMG,02/26/2026 4:03:04 PM,BPD448,8M5CL,8M5CL,05/01/2026 11:01:24 PM,8M5CL,D1D,2,7703685,0,0,0,0,0.398572,1.282194,3.232519,0,0,0,0,0,0,0,0,1.921685,0.381981,6.61263
D548507,706,GT5JD706JKD2,,,,,,,,,,,,,,,,,,,D5485070,PXMG,02/26/2026 4:03:04 PM,BPD448,8M5CL,8M5CL,05/03/2026 1:09:49 PM,8M5CL,D1D,3,7703611,0,0,0,0,0,0,0,0,0,0,0,0,0,0,0,1.513056,0,1.513056
D548507,723,GT5JD723JKG7,,,,,,,,,,,,,,,,,,,D5485070,PXMG,02/26/2026 4:03:04 PM,BPD448,8M5CL,8M5CL,07/01/2026 11:57:38 AM,8M5CL,D1D,4,7703607,0,0,0,0,0,0,1.903002,0,0,0,0,0,0,0,0,1.592824,0,3.495827
D547406,76,A24ZR076SLE0,,,,,,,,,,,,,,,,,,,D5474060,PXMG,02/25/2026 4:04:54 PM,BPD436,8M5CL,8M5CL,04/30/2026 3:08:20 PM,8M5CL,D1D,1,7665414,0,0,0,0,0,0,1.327883,0,0,0,0,0,0,3.416252,0,7.971695,0,12.71583
D547406,79,A24ZR079SLC0,,,,,,,,,,,,,,,,,,,D5474060,PXMG,02/25/2026 4:04:54 PM,BPD436,8M5CL,8M5CL,04/30/2026 11:18:40 AM,8M5CL,D1D,2,7665416,6.660449,0,0,0,0,0,2.407652,0,0,0,0,0,0,0.924941,0,2.8624,0.581351,13.43679
D547450,68,A23H0068SLF6,,,,,,,,,,,,,,,,,,,D5474500,PXMG,02/28/2026 12:27:47 PM,BPD442,8M5CL,8M5CL,07/02/2026 3:56:54 PM,8M5CL,D1D,1,7677678,0,0,0,0,0.362845,2.02611,2.111281,0,0,0,0,0,0,0,0,6.364609,0,10.86484
D547450,69,A23H0069SLC5,,,,,,,,,,,,,,,,,,,D5474500,PXMG,02/28/2026 12:27:47 PM,BPD442,8M5CL,8M5CL,05/13/2026 12:02:51 AM,8M5CL,D1D,2,7677828,0.846247,0,0,0,0.248968,1.180751,3.592049,0,0,0,0,0,0,3.100521,0,5.379691,0,14.34822
D548522,18,A22WG018SLF4,,,,,,,,,,,,,,,,,,,D5485220,PXMG,02/28/2026 4:22:40 AM,BPD454,8M5CL,8M5CL,04/06/2026 9:21:24 PM,8M5CL,D1D,1,7708800,0,0,0,0,0.206295,0,0,0,0,0,0,0,0,2.064801,1.15881,0,0,3.429905
D548522,19,A22WG019SLC3,,,,,,,,,,,,,,,,,,,D5485220,PXMG,02/28/2026 4:22:40 AM,BPD454,8M5CL,8M5CL,04/06/2026 11:45:00 AM,8M5CL,D1D,2,7708909,2.162119,0,0,0,0,0,0,0,0,0,0,0,0,0,0,1.921884,0,4.084003
D548521,201,GT4TS201JKF3,,,,,,,,,,,,,,,,,,,D5485210,PXMG,03/05/2026 10:28:50 PM,BPD432,8M5CL,8M5CL,04/30/2026 4:29:04 PM,8M5CL,D1D,1,7708762,0,0,0,0,0,0,0,0,0,0,0,0,0,1.951298,0,1.852469,0,3.803764
D548521,209,GT4TS209JKC4,,,,,,,,,,,,,,,,,,,D5485210,PXMG,03/05/2026 10:28:50 PM,BPD432,8M5CL,8M5CL,04/30/2026 11:48:44 AM,8M5CL,D1D,2,7708758,0,0,0,0,0,0,0,0,0,0,0,0,0,1.723286,0,1.657833,0,3.381119
D548948,16,KJ6GQ016WFG7,,,,,,,,,,,,,,,,,,,D5489480,PXMG,03/07/2026 4:50:38 AM,BPD448,8M5CL,8M5CL,05/04/2026 11:57:37 PM,8M5CL,D1D,1,7736281,1.235048,0,0,0,0,0,1.439895,0,0,0,0,0,0,1.852214,0,2.602208,1.455395,8.58476
D548948,234,KJ6GQ234WFF5,,,,,,,,,,,,,,,,,,,D5489480,PXMG,03/07/2026 4:50:38 AM,BPD448,8M5CL,8M5CL,05/05/2026 6:34:26 AM,8M5CL,D1D,2,7736204,2.765843,0,0,0,0,0,0.888976,0,0,0,0,0,0,4.988922,0,19.76167,0,27.83324
D548948,507,KJ6GR507WFC5,,,,,,,,,,,,,,,,,,,D5489480,PXMG,03/07/2026 4:50:38 AM,BPD448,8M5CL,8M5CL,05/05/2026 3:10:31 AM,8M5CL,D1D,3,7736246,1.910768,0,0,0,0,0,0,0,0,0,0,0,0,2.454356,0,3.119309,0,7.484433
D548948,519,KJ6GR519WFA7,,,,,,,,,,,,,,,,,,,D5489480,PXMG,03/07/2026 4:50:38 AM,BPD448,8M5CL,8M5CL,05/05/2026 4:37:22 AM,8M5CL,D1D,4,7736352,2.685528,0,0,0,0,1.24878,1.323864,0,0,0,0,0,1.486022,3.367533,0,7.252736,0.865281,17.51654
D547944,211,KJ67E211WFF1,,,,,,,,,,,,,,,,,,,D5479440,PXMG,03/03/2026 11:53:08 PM,BPD448,8M5CL,8M5CL,06/14/2026 1:18:22 AM,8M5CL,D1D,1,7699322,0,0,0,0,0,0.888248,0,0,0,0,0,0,0,0,2.250431,3.857586,0,6.996264
D547944,230,KJ67E230WFC4,,,,,,,,,,,,,,,,,,,D5479440,PXMG,03/03/2026 11:53:08 PM,BPD448,8M5CL,8M5CL,04/08/2026 2:13:09 PM,8M5CL,D1D,2,7699202,0,0,0,0,0.22212,0,0,0,0,0,0,0,0,0,0,2.399778,0,2.621898
D547440,107,KJ5DU107WFD6,,,,,,,,,,,,,,,,,,,D5474400,PXMG,03/04/2026 1:05:19 PM,BPD442,8M5CL,8M5CL,07/01/2026 5:40:14 PM,8M5CL,D1D,1,7675072,0,0,0,0,0.249363,0,0,0,0,0,0,0,0,3.105442,0,1.698636,0,4.644833
D547440,109,KJ5DU109WFE7,,,,,,,,,,,,,,,,,,,D5474400,PXMG,03/04/2026 1:05:19 PM,BPD442,8M5CL,8M5CL,05/04/2026 5:49:04 AM,8M5CL,D1D,2,7675025,0,0,0,0,0.344346,0,0,0,0,0,0,0,0,4.589216,0,1.657833,0,6.591395
D548495,176,GT4JT176JKH2,,,,,,,,,,,,,,,,,,,D5484950,PNCB,03/01/2026 4:30:05 AM,BPD448,8M5CL,8M5CL,04/30/2026 3:59:06 AM,8M5CL,D1D,1,7702215,0,0,0,0,0.227769,8.89803,0,0,1.975506,0,0,0,0,0,0,2.870121,1.496963,13.25562
D548495,179,GT4JT179JKF2,,,,,,,,,,,,,,,,,,,D5484950,PNCB,03/01/2026 4:30:05 AM,BPD448,8M5CL,8M5CL,04/30/2026 4:42:59 PM,8M5CL,D1D,2,7702205,0,0,0,0,0,0,3.455363,0,0,0,0,0,0,1.043285,0,0,0,4.498648
D548495,180,GT4JT180JKB0,,,,,,,,,,,,,,,,,,,D5484950,PNCB,03/01/2026 4:30:05 AM,BPD448,8M5CL,8M5CL,04/30/2026 4:55:34 PM,8M5CL,D1D,3,7702232,0,0,0,0,0,0,0,0,0,0,1.391673,0,0,0,0,1.89217,0,3.283843
D548495,181,GT4JT181JKF2,,,,,,,,,,,,,,,,,,,D5484950,PNCB,03/01/2026 4:30:05 AM,BPD448,8M5CL,8M5CL,04/30/2026 4:49:23 PM,8M5CL,D1D,4,7702125,0,0,0,0,0,11.28479,0,0,0,0,0,0,0,1.045417,0,1.186287,0,13.5165
D547447,30,KJ57R030WFH2,,,,,,,,,,,,,,,,,,,D5474470,PXMG,03/12/2026 10:58:38 AM,BPD458,8M5CL,8M5CL,07/01/2026 10:11:35 PM,8M5CL,D1D,1,7675323,0.710428,0,0,0,0.280177,0,4.054243,0,0,0,0,0,0,7.798349,0,3.372169,0,16.21537
D547447,42,KJ57R042WFF4,,,,,,,,,,,,,,,,,,,D5474470,PXMG,03/12/2026 10:58:38 AM,BPD458,8M5CL,8M5CL,07/01/2026 9:44:10 PM,8M5CL,D1D,2,7675358,0,0,0,0,0.511976,0,3.103745,0,0,0,0,0,0,3.490805,0,1.513056,1.185374,9.55568
D548535,350,KJ6GY350WFH1,,,,,,,,,,,,,,,,,,,D5485350,PXMG,03/12/2026 5:33:32 AM,BPD448,8M5CL,8M5CL,06/07/2026 8:11:12 PM,8M5CL,D1D,1,7712218,1.438076,0,0,0,0.648648,4.4799,0,0,0,0,0,0,0,2.250832,0,0.9552,0,8.590612
D548535,392,KJ6GY392WFE1,,,,,,,,,,,,,,,,,,,D5485350,PXMG,03/12/2026 5:33:32 AM,BPD448,8M5CL,8M5CL,05/21/2026 10:56:14 AM,8M5CL,D1D,2,7712308,0,0,0,0,0,3.129739,1.60853,0,0,0,0,0,0,3.654642,1.266542,2.998561,0,12.65801
D547439,153,A23Z5153SLF4,,,,,,,,,,,,,,,,,,,D5474390,PXMG,03/12/2026 6:12:16 AM,BPD432,8M5CL,8M5CL,07/02/2026 4:44:57 PM,8M5CL,D1D,1,7675035,0,0,0,0,0,3.261756,0,0,0,0,0,1.173467,0,0,0,1.417603,0,5.852828
D547439,166,A23Z5166SLA5,,,,,,,,,,,,,,,,,,,D5474390,PXMG,03/12/2026 6:12:16 AM,BPD432,8M5CL,8M5CL,07/01/2026 6:04:58 PM,8M5CL,D1D,2,7675091,13.87996,0,0,0,0.397248,1.981675,0,0,14.24248,0,0,0,0,3.105682,0,0,14.74395,42.67608
D548525,49,GT4TS049JKA1,,,,,,,,,,,,,,,,,,,D5485250,PXMG,03/12/2026 8:42:15 PM,BPD448,8M5CL,8M5CL,07/01/2026 1:16:26 PM,8M5CL,D1D,1,7708997,0,0,0,0,0,0,10.00464,0,0,0,0,0,0,0,0,2.5886,0.491024,13.08426
D548525,51,GT4TS051JKA1,,,,,,,,,,,,,,,,,,,D5485250,PXMG,03/12/2026 8:42:15 PM,BPD448,8M5CL,8M5CL,07/01/2026 1:41:54 PM,8M5CL,D1D,2,7709062,0,0,0,0,0.265353,2.814589,0,0,0,0,0,0,0,0,0,2.352614,0.487962,5.357068
D550170,73,A23M2073SLE6,,,,,,,,,,,,,,,,,,,D5501700,PXMG,03/12/2026 9:55:07 PM,BPD454,8M5CL,8M5CL,07/01/2026 5:24:29 AM,8M5CL,D1D,1,7777562,0,0,0,0,0,2.3233,1.391626,0,0,0,0,0,0,1.790123,0,5.725444,0,11.23049
D550170,74,A23M2074SLB5,,,,,,,,,,,,,,,,,,,D5501700,PXMG,03/12/2026 9:55:07 PM,BPD454,8M5CL,8M5CL,06/30/2026 6:31:30 PM,8M5CL,D1D,2,7777367,0,0,0,0,0.517973,2.019745,2.968667,0,0,0,0,0,0,9.446096,0,0.919166,0,15.87165
D548531,260,KJ6GP260WFB6,,,,,,,,,,,,,,,,,,,D5485310,PXMG,03/09/2026 4:22:05 PM,BPD454,8M5CL,8M5CL,07/01/2026 2:01:56 PM,8M5CL,D1D,1,7712324,1.290347,0,0,0,0.71051,3.055325,3.008734,0,1.777434,0,0,0,0,2.019609,0,3.023434,0,14.40851
D548531,336,KJ6GP336WFF4,,,,,,,,,,,,,,,,,,,D5485310,PXMG,03/09/2026 4:22:05 PM,BPD454,8M5CL,8M5CL,07/01/2026 3:01:46 PM,8M5CL,D1D,2,7712426,0,0,0,0,0,0,0.608741,0,0,0,0,0,0,2.721082,0,4.931068,0,8.260891
D548531,339,KJ6GP339WFD4,,,,,,,,,,,,,,,,,,,D5485310,PXMG,03/09/2026 4:22:05 PM,BPD454,8M5CL,8M5CL,07/01/2026 6:47:54 AM,8M5CL,D1D,3,7712455,0,0,0,0,0,1.534319,0,0,0,0,0,0,0,0,0,2.208854,0,3.743171
D548531,346,KJ6GP346WFC5,,,,,,,,,,,,,,,,,,,D5485310,PXMG,03/09/2026 4:22:05 PM,BPD454,8M5CL,8M5CL,07/01/2026 4:38:54 AM,8M5CL,D1D,4,7712358,0,1.256189,0,0,0.432804,0,0,0,0,0,0,0,0,0.72464,0.958635,0,1.043745,4.416013
D549126,104,GT5VX104JKG5,,,,,,,,,,,,,,,,,,,D5491260,PXMG,03/08/2026 6:19:58 AM,BPD444,8M5CL,8M5CL,04/08/2026 2:12:27 PM,8M5CL,D1D,1,7744938,1.138971,0,0,0,0,0,2.655766,0,0,0,0,0,0,1.708126,0,6.711768,6.712335,18.92697
D549126,105,GT5VX105JKD4,,,,,,,,,,,,,,,,,,,D5491260,PXMG,03/08/2026 6:19:58 AM,BPD444,8M5CL,8M5CL,04/08/2026 2:12:20 PM,8M5CL,D1D,2,7745095,0,0,0,0,0.425996,0,0,0,0,0,0,0,0,0,0,0.763242,0,1.189238
D548537,176,GT4TS176JKA0,,,,,,,,,,,,,,,,,,,D5485370,PXMG,03/08/2026 7:40:56 PM,BPD432,8M5CL,8M5CL,05/07/2026 9:12:43 PM,8M5CL,D1D,1,7712547,0,0,0,0,0,1.870753,0,0,0,0,0,0,0,4.696351,0,3.345644,0,9.912748
D548537,177,GT4TS177JKE2,,,,,,,,,,,,,,,,,,,D5485370,PXMG,03/08/2026 7:40:56 PM,BPD432,8M5CL,8M5CL,07/01/2026 5:06:54 AM,8M5CL,D1D,2,7712554,0,0,0,0,0,0.771704,14.76129,0,0,0,0,0,0,2.820839,0.592964,4.662922,0,21.90351
D547452,459,GT3TA459JKH2,,,,,,,,,,,,,,,,,,,D5474520,PXMG,03/09/2026 3:09:53 AM,BPD450,8M5CL,8M5CL,07/02/2026 4:38:57 PM,8M5CL,D1D,1,7677854,0,0,0,0,0,0,0.82189,0,0,0,0,0,0,2.514226,0,2.792683,0.670395,6.799197
D547452,552,GT3TA552JKG1,,,,,,,,,,,,,,,,,,,D5474520,PXMG,03/09/2026 3:09:53 AM,BPD450,8M5CL,8M5CL,07/02/2026 4:06:41 PM,8M5CL,D1D,2,7678053,0,0,0,0,0.254622,1.659517,0,0,0,0,0,0,0,8.242369,9.137951,7.273912,0,24.20689
D547452,601,GT3TA601JKA5,,,,,,,,,,,,,,,,,,,D5474520,PXMG,03/09/2026 3:09:53 AM,BPD450,8M5CL,8M5CL,07/02/2026 3:25:52 PM,8M5CL,D1D,3,7677969,0,0,0,0,0.958854,0,1.452643,0,0,0,0,0,0,0.830117,0,0.866648,0,4.108262
D547452,757,GT3TA757JKD4,,,,,,,,,,,,,,,,,,,D5474520,PXMG,03/09/2026 3:09:53 AM,BPD450,8M5CL,8M5CL,07/02/2026 3:09:11 PM,8M5CL,D1D,4,7677800,0,0,0,0,0.780992,0,0,0,0,0,0,0,0,0,0,2.356067,0,3.137059
D549586,70,A22JR070SLA4,,,,,,,,,,,,,,,,,,,D5495860,PNCB,03/14/2026 10:33:41 PM,BPD458,8M5CL,8M5CL,05/07/2026 10:52:14 PM,8M5CL,D1D,1,7750150,0,0,0,0,0.156404,0,1.283106,0,0,0,0,0,0,0,0,2.318857,0,3.758367
D549586,74,A22JR074SLC6,,,,,,,,,,,,,,,,,,,D5495860,PNCB,03/14/2026 10:33:41 PM,BPD458,8M5CL,8M5CL,05/08/2026 11:40:38 AM,8M5CL,D1D,2,7750048,0,0,0,0,0.21463,0,0,0,0,0,0,0,0,0.700205,0,0.731018,0,1.645853
D550157,66,A22SS066SLE5,,,,,,,,,,,,,,,,,,,D5501570AS,PXMG,03/19/2026 12:33:17 AM,BPD444,8M5CL,8M5CL,06/30/2026 6:11:21 PM,8M5CL,D1D,1,8283829,0,0,0,0,0.711396,0.756748,0,0,0,0,0,0,0,3.762584,0,0,0,5.230728
D550157,68,A22SS068SLF6,,,,,,,,,,,,,,,,,,,D5501570AS,PXMG,03/19/2026 12:33:17 AM,BPD444,8M5CL,8M5CL,07/16/2026 9:52:32 AM,8M5CL,D1D,2,8283846,0,0,0,0,0,0,0,0,0,0,0,0,0,0,0,3.156306,0,3.156306
D550157,115,A22SS115SLG4,,,,,,,,,,,,,,,,,,,D5501570AS,PXMG,03/19/2026 12:33:17 AM,BPD444,8M5CL,8M5CL,07/14/2026 12:10:37 PM,8M5CL,D1D,3,8283827,0,0,0,0,0.39171,1.358478,1.716361,0,0,0,0,0,0,2.207847,0,1.955708,0,7.630106
D550157,117,A22SS117SLA2,,,,,,,,,,,,,,,,,,,D5501570AS,PXMG,03/19/2026 12:33:17 AM,BPD444,8M5CL,8M5CL,06/30/2026 5:41:29 PM,8M5CL,D1D,4,8283833,0,0,0,0,0.616487,0,0,0,0,0,0,0,0,1.868952,6.640107,0.827758,0,9.953304
D550167,503,GT4TT503JKE2,,,,,,,,,,,,,,,,,,,D5501670AT,PXMG,03/19/2026 1:50:54 AM,BPD450,8M5CL,8M5CL,06/30/2026 5:58:12 PM,8M5CL,D1D,1,8282335,0,0,0,0,0,2.230025,0,0,0,0,0,0,0,0,0,36.62548,0,38.8555
D550167,504,GT4TT504JKB1,,,,,,,,,,,,,,,,,,,D5501670AT,PXMG,03/19/2026 1:50:54 AM,BPD450,8M5CL,8M5CL,05/13/2026 1:55:47 AM,8M5CL,D1D,2,8282387,0,0,0,0,0,2.99469,0,0,0,0,0,0,0,3.071614,0.645679,5.502381,0.34848,12.29218
D550167,505,GT4TT505JKF3,,,,,,,,,,,,,,,,,,,D5501670AT,PXMG,03/19/2026 1:50:54 AM,BPD450,8M5CL,8M5CL,06/30/2026 6:10:16 PM,8M5CL,D1D,3,8282384,0,0,0,0,0,0,0,0,0,0,0,0,0,0,0,1.592824,0,1.592824
D550167,507,GT4TT507JKG4,,,,,,,,,,,,,,,,,,,D5501670AT,PXMG,03/19/2026 1:50:54 AM,BPD450,8M5CL,8M5CL,06/30/2026 5:43:20 PM,8M5CL,D1D,4,8282407,6.168282,0,0.467082,0,0,0,1.507341,0,6.331327,0,0,0,0,6.72412,1.088193,11.19653,0.828564,29.75708
D550157,52,A22SS052SLF2,,,,,,,,,,,,,,,,,,,D5501570,PXMG,03/18/2026 2:10:50 PM,BPD432,8M5CL,8M5CL,06/30/2026 6:06:24 PM,8M5CL,D1D,1,7768997,0,0,0,0,0,8.69141,1.546968,0,0,0,0,0,0,6.561768,0,0,0,15.66628
D550157,60,A22SS060SLB2,,,,,,,,,,,,,,,,,,,D5501570,PXMG,03/18/2026 2:10:50 PM,BPD432,8M5CL,8M5CL,06/30/2026 6:24:31 PM,8M5CL,D1D,2,7769111,0,0,0,0,0.239811,6.642165,2.86729,0,0,0,0,0,0,4.470701,0,10.04881,0,23.89403
D549123,18,MCK3P018WAH1,,,,,,,,,,,,,,,,,,,D5491230,PXMG,03/19/2026 11:34:21 AM,BPD442,8M5CL,8M5CL,05/24/2026 4:46:40 PM,8M5CL,D1D,1,7744781,0,0,0,0,0.390786,2.71254,1.505014,0,0,0,0,0,0,0,0,0.97555,0,5.58389
D549123,39,MCK3P039WAF5,,,,,,,,,,,,,,,,,,,D5491230,PXMG,03/19/2026 11:34:21 AM,BPD442,8M5CL,8M5CL,05/24/2026 8:57:14 PM,8M5CL,D1D,2,7744849,0,0,0,0,0.896306,2.865631,0,0,0,0,0,0,0,0,0,0,0,3.761937
D550167,501,GT4TT501JKD1,,,,,,,,,,,,,,,,,,,D5501670,PXMG,03/18/2026 2:14:10 PM,BPD450,8M5CL,8M5CL,06/30/2026 5:55:41 PM,8M5CL,D1D,1,7774273,0,0,0,0,0,0.763464,0,0,0,0,0,0,0,3.858145,0,5.876743,0.736396,11.23475
D550167,502,GT4TT502JKA0,,,,,,,,,,,,,,,,,,,D5501670,PXMG,03/18/2026 2:14:10 PM,BPD450,8M5CL,8M5CL,06/30/2026 5:39:29 PM,8M5CL,D1D,2,7774266,0,0,0,0,0,0,1.121146,0,0,0,0,0,0,0,0,4.3011,1.344322,6.766568
D550171,102,A23Z5102SLA7,,,,,,,,,,,,,,,,,,,D5501710,PXMG,03/15/2026 6:00:31 AM,BPD436,8M5CL,8M5CL,06/30/2026 7:49:58 PM,8M5CL,D1D,1,7777511,1.268579,0,0,0,0.247396,0,0,0,0,0,0,0,0,0,1.067723,5.347182,0,7.93088
D550171,103,A23Z5103SLF1,,,,,,,,,,,,,,,,,,,D5501710,PXMG,03/15/2026 6:00:31 AM,BPD436,8M5CL,8M5CL,06/30/2026 7:11:15 PM,8M5CL,D1D,2,7777435,0,0,0,0,0,1.93063,0,0,0,0,0,0,0,2.950244,0,4.258829,0,9.139704
D548506,253,KJ69G253WFB4,,,,,,,,,,,,,,,,,,,D5485060,PXMG,03/27/2026 9:39:37 PM,BPD432,8M5CL,8M5CL,07/01/2026 11:15:17 AM,8M5CL,D1D,1,7703699,0,0,0,0,0.529832,1.06277,0,0,0,0,0,0,0,0,0,2.421075,0.736396,4.750073
D548506,255,KJ69G255WFC5,,,,,,,,,,,,,,,,,,,D5485060,PXMG,03/27/2026 9:39:37 PM,BPD432,8M5CL,8M5CL,07/01/2026 12:22:40 PM,8M5CL,D1D,2,7703805,0,0,0,0,0.081649,0,0,0,0,0,0,0,0,2.454356,0.586632,2.421075,0,5.543712
D547435,14,KJ40U014WFA7,,,,,,,,,,,,,,,,,,,D5474350,PXMG,03/26/2026 10:57:56 PM,BPD436,8M5CL,8M5CL,08/01/2026 11:47:21 PM,8M5CL,D1D,1,7673615,0,0,0,0,0.837019,1.053421,1.327883,0,0,0,2.661044,0,0,2.387682,0,11.72637,0.455456,19.87679
D547435,15,KJ40U015WFF1,,,,,,,,,,,,,,,,,,,D5474350,PXMG,03/26/2026 10:57:56 PM,BPD436,8M5CL,8M5CL,07/02/2026 5:11:04 PM,8M5CL,D1D,2,7673613,0,0,0,0,0.260126,1.233668,1.307844,0,0,0,0,0,0,2.097938,0,3.27785,0,8.177428
D547435,18,KJ40U018WFD1,,,,,,,,,,,,,,,,,,,D5474350,PXMG,03/26/2026 10:57:56 PM,BPD436,8M5CL,8M5CL,07/02/2026 5:05:08 PM,8M5CL,D1D,3,7673481,0,0,0,0,0.258282,2.795631,0,0,0,0,1.691513,0,0,5.214218,0,8.466537,0,18.42618
D547435,20,KJ40U020WFD1,,,,,,,,,,,,,,,,,,,D5474350,PXMG,03/26/2026 10:57:56 PM,BPD436,8M5CL,8M5CL,07/02/2026 5:06:24 PM,8M5CL,D1D,4,7673616,0,0,0,0,0,1.053421,3.264507,0,0,0,0,0,0,1.708126,0,3.491025,0,9.51708
D547451,1,KJ57U001WFG4,,,,,,,,,,,,,,,,,,,D5474510,PXMG,03/26/2026 11:07:59 PM,BPD446,8M5CL,8M5CL,07/02/2026 3:45:03 PM,8M5CL,D1D,1,7677692,0,0,0,0,0,0,0,0,0,0,2.799113,0,0,0,0,1.257069,0,4.056182
D547451,46,KJ5DR046WFC4,,,,,,,,,,,,,,,,,,,D5474510,PXMG,03/26/2026 11:07:59 PM,BPD446,8M5CL,8M5CL,07/02/2026 4:40:12 PM,8M5CL,D1D,2,7677657,0,0,0,0,0.080931,1.053421,0,0,0,0,0,0,0,3.416252,0,1.630206,0,6.18081
D549648,63,GT8DH063JKF3,,,,,,,,,,,,,,,,,,,D5496480,PXMG,03/27/2026 2:43:08 AM,BPD436,8M5CL,8M5CL,06/30/2026 7:00:28 PM,8M5CL,D1D,1,7755298,0,0,0,0,0.088567,0,0,0,0,0,0,0,0,1.869291,0,1.403365,4.105759,7.466983
D549648,66,GT8DH066JKD3,,,,,,,,,,,,,,,,,,,D5496480,PXMG,03/27/2026 2:43:08 AM,BPD436,8M5CL,8M5CL,06/30/2026 6:36:08 PM,8M5CL,D1D,2,7755486,0,0,0,0,0.22212,0,0,0,0,0,0,0,0,0,0,1.155685,0.455456,1.833261
D549116,13,MCK3P013WAA5,,,,,,,,,,,,,,,,,,,D5491160,PXMG,03/26/2026 3:50:14 AM,BPD454,8M5CL,8M5CL,06/15/2026 9:31:01 PM,8M5CL,D1D,1,7742239,0,0,0,0,0.679889,0,2.810981,0,0,0,0,0,0,2.740861,1.60185,0,0,7.833579
D549116,17,MCK3P017WAC7,,,,,,,,,,,,,,,,,,,D5491160,PXMG,03/26/2026 3:50:14 AM,BPD454,8M5CL,8M5CL,07/04/2026 2:49:51 PM,8M5CL,D1D,2,7742220,0,0,0,0,0.081649,0,0,0,0,0,0,0,0,0,0.967143,0.763242,0.459498,2.271533
D548528,244,KJ69G244WFB2,,,,,,,,,,,,,,,,,,,D5485280,PXMG,03/23/2026 9:51:57 AM,BPD432,8M5CL,8M5CL,07/01/2026 2:03:46 PM,8M5CL,D1D,1,7709197,0.858593,0,0,0,2.622769,0,2.837385,0,0,0,0,0,0,0,1.090186,4.449782,0,11.62057
D548528,258,KJ69G258WFA5,,,,,,,,,,,,,,,,,,,D5485280,PXMG,03/23/2026 9:51:57 AM,BPD432,8M5CL,8M5CL,07/01/2026 1:03:51 PM,8M5CL,D1D,2,7709224,0,0,0,0,0,2.783623,0,0,0,0,0,0,0,0,0,3.08552,0,5.869143
D549600,21,KJ67E021WFE0,,,,,,,,,,,,,,,,,,,D5496000,PXMG,03/24/2026 10:32:33 AM,BPD432,8M5CL,8M5CL,06/07/2026 5:27:29 PM,8M5CL,D1D,1,7738620,0,0,0,0,0.424221,2.642134,1.400496,0,0,0,0,0,0,0,0.967143,0,0,4.763155
D549600,175,KJ67E175WFF6,,,,,,,,,,,,,,,,,,,D5496000,PXMG,03/24/2026 10:32:33 AM,BPD432,8M5CL,8M5CL,06/07/2026 11:51:25 PM,8M5CL,D1D,2,7738629,0,0,0,0,0.477914,0.763464,0,0,0,0,0,0,0,0,0,0,0.736396,1.977774
D548533,563,KJ6GR563WFF2,,,,,,,,,,,,,,,,,,,D5485330,PXMG,03/22/2026 1:39:02 AM,BPD448,8M5CL,8M5CL,05/22/2026 7:55:01 AM,8M5CL,D1D,1,7712702,0,0,0,0,0,1.179247,0,0,0,0,0,0,0,0,0,10.60141,0.509859,12.29052
D548533,609,KJ6GR609WFC7,,,,,,,,,,,,,,,,,,,D5485330,PXMG,03/22/2026 1:39:02 AM,BPD448,8M5CL,8M5CL,05/23/2026 6:38:41 AM,8M5CL,D1D,2,7712640,0,0,0,0,0.19127,0,0.682265,0,0,0,0,0,0,0,0,3.537521,0,4.411056
D548493,405,GT3FZ405JKB4,,,,,,,,,,,,,,,,,,,D5484930,PNCB,03/22/2026 3:24:14 AM,BPD446,8M5CL,8M5CL,05/27/2026 3:18:18 PM,8M5CL,D1D,1,7702178,0,0,0,0,0,0,0,0,0,0,0,0,0,0,0,2.723871,0.305411,3.029282
D548493,406,GT3FZ406JKF6,,,,,,,,,,,,,,,,,,,D5484930,PNCB,03/22/2026 3:24:14 AM,BPD446,8M5CL,8M5CL,06/07/2026 5:45:26 PM,8M5CL,D1D,2,7702225,0.72953,0,0,0,0.078202,2.228744,0,0,0,0,1.168779,0,0,0,0,1.847733,0,5.518082
D549124,666,GU6EW666JDA2,,,,,,,,,,,,,,,,,,,D5491240,PXMG,03/22/2026 12:53:33 AM,BPD454,8M5CL,8M5CL,04/08/2026 2:09:48 PM,8M5CL,D1D,1,7744986,0,0,0,0,0.704809,2.595067,4.250991,0,0,0,0,0,0,12.47612,0.995279,11.55813,0.635664,31.67534
D549124,669,GU6EW669JDF5,,,,,,,,,,,,,,,,,,,D5491240,PXMG,03/22/2026 12:53:33 AM,BPD454,8M5CL,8M5CL,05/24/2026 1:58:38 AM,8M5CL,D1D,2,7744959,0,0,0,0,0,0.864454,0,0,1.792217,0,0,0,0,6.213684,0,6.348374,0.833804,15.40492
D549121,332,KJ6GY332WFG5,,,,,,,,,,,,,,,,,,,D5491210,PXMG,03/22/2026 11:40:02 AM,BPD450,8M5CL,8M5CL,05/28/2026 6:11:46 AM,8M5CL,D1D,1,7742379,0,0,0,0,0.513735,0,1.327883,0,0,0,0,0,0,0,0,7.695474,0.313827,9.85092
D549121,334,KJ6GY334WFA3,,,,,,,,,,,,,,,,,,,D5491210,PXMG,03/22/2026 11:40:02 AM,BPD450,8M5CL,8M5CL,05/28/2026 8:03:59 AM,8M5CL,D1D,2,7742345,0,0,0,0,0.650067,2.043411,3.3575,0,0,0,0,0,0,2.135538,0,4.05306,1.522157,13.76173
D548534,21,KJ6GQ021WFE7,,,,,,,,,,,,,,,,,,,D5485340,PXMG,03/23/2026 7:25:49 AM,BPD432,8M5CL,8M5CL,05/26/2026 1:07:25 AM,8M5CL,D1D,1,7712369,0,0,0,0,0.396265,1.06277,1.228287,0,0,0,0,0,0,0,0,2.823774,0,5.511097
D548534,42,KJ6GQ042WFD3,,,,,,,,,,,,,,,,,,,D5485340,PXMG,03/23/2026 7:25:49 AM,BPD432,8M5CL,8M5CL,04/08/2026 2:09:08 PM,8M5CL,D1D,2,7712450,0,0,0,0,0.1933,0,0.945328,0,0,0,0,0,0,3.133159,0.658617,0,0,4.930404
D549122,286,5DWYB286MVB2,,,,,,,,,,,,,,,,,,,D5491220,PXMG,03/28/2026 4:14:14 PM,BPD454,8M5CL,8M5CL,06/15/2026 9:22:50 PM,8M5CL,D1D,1,7742443,0,0,0,0,0.181732,1.119193,0,0,0,0,0,0,0,1.126688,0,4.098091,0,6.525706
D549122,299,5DWYB299MVD6,,,,,,,,,,,,,,,,,,,D5491220,PXMG,03/28/2026 4:14:14 PM,BPD454,8M5CL,8M5CL,06/15/2026 3:26:44 PM,8M5CL,D1D,2,7742528,0,0,0,0,0,0,3.358257,0,0,0,0,0,0,0,0,2.540039,0,5.898296
D550165,76,KJ7KY076WFG4,,,,,,,,,,,,,,,,,,,D5501650,PXMG,03/28/2026 11:56:16 PM,BPD454,8M5CL,8M5CL,07/14/2026 12:57:08 AM,8M5CL,D1D,1,7774378,0,0,0,0,0.210684,0,1.327883,0,0,0,0,0,0,0,3.950447,14.16696,0,19.65597
D550165,88,KJ7KY088WFE6,,,,,,,,,,,,,,,,,,,D5501650,PXMG,03/28/2026 11:56:16 PM,BPD454,8M5CL,8M5CL,07/14/2026 3:23:41 AM,8M5CL,D1D,2,7774359,0,0,0,0,0,2.294849,0,0,0,0,0,0,0,0,0,0.959091,0,3.25394
D550172,22,MCK3P022WAA7,,,,,,,,,,,,,,,,,,,D5501720,PXMG,04/04/2026 11:16:00 PM,BPD432,8M5CL,8M5CL,07/13/2026 11:16:45 PM,8M5CL,D1D,1,7777450,0,0,0,0,0.185389,5.97916,0,0,0,0,0,0,0,4.105306,0,3.450351,1.458023,15.17823
D550172,46,MCK3P046WAE6,,,,,,,,,,,,,,,,,,,D5501720,PXMG,04/04/2026 11:16:00 PM,BPD432,8M5CL,8M5CL,07/14/2026 1:27:37 AM,8M5CL,D1D,2,7777403,0,0,0,0,0.161862,5.329391,0,0,0,0,0,0,0,0.72464,0,1.578813,0,7.794705
D550172,178,MCK3P178WAD6,,,,,,,,,,,,,,,,,,,D5501720AK,PXMG,04/04/2026 11:04:42 PM,BPD458,8M5CL,8M5CL,07/14/2026 1:28:12 AM,8M5CL,D1D,1,8379204,0,0,0,0,0.390186,0.974333,0,0,0,0,0,0,0,3.132253,0,0,0,4.175729
D550172,212,MCK3P212WAC0,,,,,,,,,,,,,,,,,,,D5501720AK,PXMG,04/04/2026 11:04:42 PM,BPD458,8M5CL,8M5CL,07/13/2026 10:59:36 PM,8M5CL,D1D,2,8379189,0,0,0,0,0.180549,0,0,0.488598,0,0,0,0,0,0,1.014192,1.685666,0,3.369004
D550172,229,MCK3P229WAG6,,,,,,,,,,,,,,,,,,,D5501720AK,PXMG,04/04/2026 11:04:42 PM,BPD458,8M5CL,8M5CL,07/13/2026 11:06:38 PM,8M5CL,D1D,3,8379168,0,0,0,0,0,1.110251,0,0,0,0,0,0,0,1.800273,0,4.613912,0,7.524437
D550172,239,MCK3P239WAD7,,,,,,,,,,,,,,,,,,,D5501720AK,PXMG,04/04/2026 11:04:42 PM,BPD458,8M5CL,8M5CL,07/13/2026 11:10:03 PM,8M5CL,D1D,4,8379188,0,0,0,0,0,0.810348,0,0,0,0,1.641066,0,0,1.13298,0,3.548522,0,5.906712
D548536,126,GT4TS126JKH0,,,,,,,,,,,,,,,,,,,D5485360,PXMG,04/04/2026 7:31:39 AM,BPD450,8M5CL,8M5CL,07/26/2026 12:26:00 PM,8M5CL,D1D,1,7712748,0,0,0,0,0,0,0,0,0,0,0,0,0,0,0,1.980918,1.335364,3.316281
D548536,128,GT4TS128JKA6,,,,,,,,,,,,,,,,,,,D5485360,PXMG,04/04/2026 7:31:39 AM,BPD450,8M5CL,8M5CL,06/19/2026 10:06:40 PM,8M5CL,D1D,2,7712788,0,0,0,0,0.179979,0,0,0,0,0,0,0,0,1.801414,0,2.532234,0,4.513627
D550166,112,KJ7KY112WFF7,,,,,,,,,,,,,,,,,,,D5501660,PXMG,04/03/2026 4:50:25 AM,BPD436,8M5CL,8M5CL,04/08/2026 2:06:56 PM,8M5CL,D1D,1,7774558,0,1.280316,0,0,0,0,0,0,0,0,0,0,0,5.521527,0.619313,5.893534,0,13.31469
D550166,123,KJ7KY123WFH2,,,,,,,,,,,,,,,,,,,D5501660,PXMG,04/03/2026 4:50:25 AM,BPD436,8M5CL,8M5CL,07/14/2026 1:12:08 AM,8M5CL,D1D,2,7774689,0,0,0,0,0.244439,0.832786,0,0,0,0,0,0,0,0,0,1.809814,0,2.887039
D550166,286,KJ7KY286WFB7,,,,,,,,,,,,,,,,,,,D5501660,PXMG,04/03/2026 4:50:25 AM,BPD436,8M5CL,8M5CL,07/14/2026 12:21:21 AM,8M5CL,D1D,3,7774643,0,0,0,0,0,2.19921,0,0,0,0,0,0,0,0,0,0,0,2.19921
D550166,313,KJ7KY313WFB0,,,,,,,,,,,,,,,,,,,D5501660,PXMG,04/03/2026 4:50:25 AM,BPD436,8M5CL,8M5CL,07/13/2026 11:12:54 PM,8M5CL,D1D,4,7774624,0,0,0,0,0.224091,1.06277,0.614144,0,0,0,0,0,0,0,0,2.422407,0.617694,4.941106
D549649,90,GT8DH090JKG1,,,,,,,,,,,,,,,,,,,D5496490,PXMG,04/02/2026 10:56:25 AM,BPD432,8M5CL,8M5CL,07/14/2026 12:02:37 AM,8M5CL,D1D,1,7755387,0,0,0,0,0.265181,1.25764,0,0,0,0,0,0,0,3.762458,0,5.533262,0,10.81854
D549649,91,GT8DH091JKD0,,,,,,,,,,,,,,,,,,,D5496490,PXMG,04/02/2026 10:56:25 AM,BPD432,8M5CL,8M5CL,07/14/2026 12:21:26 AM,8M5CL,D1D,2,7755340,0,0,0,0,0.467488,3.920356,1.397372,0,0,0,0,0,0,1.797513,0,1.216162,0,8.798892
D549649,92,GT8DH092JKH2,,,,,,,,,,,,,,,,,,,D5496490,PXMG,04/02/2026 10:56:25 AM,BPD432,8M5CL,8M5CL,07/27/2026 10:50:39 AM,8M5CL,D1D,3,7755363,0,0,0,0,0.279104,0.741424,2.433461,0,0,0,0,0,0,0.910545,0,3.516994,0,7.881527
D549649,93,GT8DH093JKE1,,,,,,,,,,,,,,,,,,,D5496490,PXMG,04/02/2026 10:56:25 AM,BPD432,8M5CL,8M5CL,07/14/2026 12:53:35 AM,8M5CL,D1D,4,7755378,1.674449,0,0,0,0.831244,3.097359,0,0,0,0,0,0,0,1.55547,0,0,1.86973,8.301362
D550158,61,A24EB061SLF1,,,,,,,,,,,,,,,,,,,D5501580AQ,PXMG,04/02/2026 1:32:26 PM,BPD444,8M5CL,8M5CL,07/03/2026 12:25:53 AM,8M5CL,D1D,1,8363213,1.992484,0,0,0,0.199763,0,13.30665,0,0,0,0,0,0,27.04989,0,26.22191,0.854399,67.24221
D550158,64,A24EB064SLD1,,,,,,,,,,,,,,,,,,,D5501580AQ,PXMG,04/02/2026 1:32:26 PM,BPD444,8M5CL,8M5CL,04/08/2026 2:07:17 PM,8M5CL,D1D,2,8363286,0,0,0,0,0,1.245047,0,0,0,0,0,0,0,10.84104,0,1.352872,0,13.43896
D550158,72,A24EB072SLG4,,,,,,,,,,,,,,,,,,,D5501580AQ,PXMG,04/02/2026 1:32:26 PM,BPD444,8M5CL,8M5CL,07/04/2026 6:16:21 AM,8M5CL,D1D,3,8363253,0,0,0,0,0.345142,0,0,0,0,0,0,0,0,4.279578,1.938753,0,0,6.563475
D550158,81,A22MG081SLG6,,,,,,,,,,,,,,,,,,,D5501580AQ,PXMG,04/02/2026 1:32:26 PM,BPD444,8M5CL,8M5CL,07/03/2026 11:01:52 PM,8M5CL,D1D,4,8363259,1.413212,0,0,0,0,0,1.573388,0,0,0,0,0,0,3.018528,1.189455,2.977596,0,10.17218
D550158,50,A23SY050SLA7,,,,,,,,,,,,,,,,,,,D5501580,PXMG,04/02/2026 9:26:31 AM,BPD454,8M5CL,8M5CL,07/03/2026 11:11:03 AM,8M5CL,D1D,1,7768867,0,0,0,0,0,1.492197,0,0,0,0,0,0,0,4.886507,0,2.327701,0,8.706403
D550158,56,A24EB056SLH1,,,,,,,,,,,,,,,,,,,D5501580,PXMG,04/02/2026 9:26:31 AM,BPD454,8M5CL,8M5CL,07/06/2026 5:14:09 AM,8M5CL,D1D,2,7768917,0,0,0,0,0,1.203693,0,0,0,0,0,0,0,1.951792,0,5.188355,0.834041,9.177882
D550160,11,A23SY011SLB7,,,,,,,,,,,,,,,,,,,D5501600,PXMG,03/31/2026 4:08:34 PM,BPD454,8M5CL,8M5CL,04/08/2026 2:07:36 PM,8M5CL,D1D,1,7772415,0,2.185446,0,0,0,0,0,0,0,0,0,0,0,0,0,2.356067,0,4.541513
D550160,13,A23SY013SLD0,,,,,,,,,,,,,,,,,,,D5501600,PXMG,03/31/2026 4:08:34 PM,BPD454,8M5CL,8M5CL,06/05/2026 2:36:02 AM,8M5CL,D1D,2,7772346,0,0,0,0,0,0,1.177479,0,0,0,0,0,0,2.454356,0,0,0,3.631835
D550164,563,5DWZC563MVC3,,,,,,,,,,,,,,,,,,,D5501640,PXMG,04/01/2026 1:02:03 AM,BPD436,8M5CL,8M5CL,06/18/2026 12:58:12 AM,8M5CL,D1D,1,7774726,0,0,0,0,0,0,2.815949,0,0,0,0,0,0,5.212632,2.928578,6.384155,0,17.34131
D550164,564,5DWZC564MVG5,,,,,,,,,,,,,,,,,,,D5501640,PXMG,04/01/2026 1:02:03 AM,BPD436,8M5CL,8M5CL,06/19/2026 5:45:36 AM,8M5CL,D1D,2,7774562,0,0,0,0,0,1.78004,4.974012,0,0,0,0,0,0,0,2.578235,3.489811,0,12.8221
D550164,570,5DWZC570MVB4,,,,,,,,,,,,,,,,,,,D5501640,PXMG,04/01/2026 1:02:03 AM,BPD436,8M5CL,8M5CL,06/19/2026 8:17:28 AM,8M5CL,D1D,3,7774662,1.177897,0,0,0,0.170659,0,1.116759,0,0,0,0,0,0,0,0,0.756528,0,3.221842
D550164,572,5DWZC572MVC5,,,,,,,,,,,,,,,,,,,D5501640,PXMG,04/01/2026 1:02:03 AM,BPD436,8M5CL,8M5CL,06/18/2026 4:53:58 AM,8M5CL,D1D,4,7774808,0,0,0,0,0.641683,0,2.692228,0,1.759073,0,0,0,0,1.915155,0,2.690636,0.818385,10.24524
D550165,226,KJ7KY226WFE3,,,,,,,,,,,,,,,,,,,D5501650AM,PXMG,03/29/2026 12:20:16 AM,BPD444,8M5CL,8M5CL,07/14/2026 12:20:27 AM,8M5CL,D1D,1,8338815,0,0,0,0,0.210684,0,0,0,0,0,0,0,0,1.708126,0,0,0,1.91881
D550165,244,KJ7KG244WFF4,,,,,,,,,,,,,,,,,,,D5501650AM,PXMG,03/29/2026 12:20:16 AM,BPD444,8M5CL,8M5CL,07/14/2026 1:00:22 AM,8M5CL,D1D,2,8338841,0,0,0,0,0.231577,2.855623,0,0,0,0,0,1.298145,0,2.317861,0,7.47165,0,14.17486
D550165,252,KJ7KY252WFA7,,,,,,,,,,,,,,,,,,,D5501650AM,PXMG,03/29/2026 12:20:16 AM,BPD444,8M5CL,8M5CL,07/14/2026 1:16:19 AM,8M5CL,D1D,3,8338836,0,0,0,0,0,0,0,0,0,0,0,0,0,2.740611,0.65505,0,0,3.395661
D550165,271,KJ7KY271WFF5,,,,,,,,,,,,,,,,,,,D5501650AM,PXMG,03/29/2026 12:20:16 AM,BPD444,8M5CL,8M5CL,07/14/2026 12:53:28 AM,8M5CL,D1D,4,8338852,1.717295,0,0,0,0.305741,0,0,0,0,0,0,0,0,1.06743,0,1.657833,0,4.748298
D548518,56,A22JR056SLC2,,,,,,,,,,,,,,,,,,,D5485180,PXMG,04/09/2026 5:47:45 PM,BPD436,8M5CL,8M5CL,06/17/2026 12:07:30 PM,8M5CL,D1D,1,7706565,0,0,0,0,0,1.183241,1.491526,0,0,0,0,0,0,4.928607,1.597004,2.147865,0.81987,12.16811
D548518,58,A22JR058SLD3,,,,,,,,,,,,,,,,,,,D5485180,PXMG,04/09/2026 5:47:45 PM,BPD436,8M5CL,8M5CL,06/17/2026 10:43:10 AM,8M5CL,D1D,2,7706480,0,0,0,0,0.192917,0,1.501068,0,0,0,0,0,0,1.930904,2.377893,3.094083,4.219351,13.31622
D550141,527,KJ7HE527WFE2,,,,,,,,,,,,,,,,,,,D5501410,PNCB,04/07/2026 5:12:54 AM,BPD432,8M5CL,8M5CL,06/06/2026 5:38:00 PM,8M5CL,D1D,1,7768986,0,0,0,0,0.448121,4.940529,1.525304,0,0,0,0,0,0,2.926275,0,3.875687,1.221089,13.75153
D550141,568,KJ7HE568WFE3,,,,,,,,,,,,,,,,,,,D5501410,PNCB,04/07/2026 5:12:54 AM,BPD432,8M5CL,8M5CL,06/06/2026 7:27:31 PM,8M5CL,D1D,2,7768956,0,0,0,0,0,0.779182,0,0,0,0,0,0,0,0,0,0,1.503111,2.282293
D550168,102,A24QC102SLD1,,,,,,,,,,,,,,,,,,,D5501680,PXMG,04/18/2026 1:37:08 PM,BPD436,8M5CL,8M5CL,07/19/2026 10:40:38 PM,8M5CL,D1D,1,7774057,0,0,0,0,0,0,1.356437,0,0,0,0,0,1.35605,9.542843,0,1.180538,2.236842,14.53801
D550168,103,A24QC103SLA0,,,,,,,,,,,,,,,,,,,D5501680,PXMG,04/18/2026 1:37:08 PM,BPD436,8M5CL,8M5CL,07/19/2026 10:48:54 PM,8M5CL,D1D,2,7774280,0,0,0,0,0,0.820687,0,0,0,0,0,0,0,0,0,4.300431,1.015232,6.13635
D550168,107,A24QC107SLC2,,,,,,,,,,,,,,,,,,,D5501680,PXMG,04/18/2026 1:37:08 PM,BPD436,8M5CL,8M5CL,08/07/2026 2:41:28 PM,8M5CL,D1D,3,7774134,6.256643,0,0,0,1.448445,0,1.791343,0,0,0,0,0,0,3.670798,2.432759,14.76893,1.969349,31.99954
D550168,109,A24QC109SLD3,,,,,,,,,,,,,,,,,,,D5501680,PXMG,04/18/2026 1:37:08 PM,BPD436,8M5CL,8M5CL,08/07/2026 11:19:34 AM,8M5CL,D1D,4,7774253,0,0,0,0,0.201665,0,0.65983,0,0,0,0,0,0,3.707569,0,1.941806,3.357618,9.551042
D549E7K,447,KJ7JA447WFD7,,,,,,,,,,,,,,,,,,,D549E7K0,X78E,04/20/2026 6:28:14 AM,BPD436,8M5CL,8M5CL,04/20/2026 8:17:41 AM,8M5CL,D1D,1,7764956,0,0,0,0,0,7.794915,0.87319,0,0,0,0,0,0,0,0,0.71986,0,9.387964
D549E7K,464,KJ7JA464WFA1,,,,,,,,,,,,,,,,,,,D549E7K0,X78E,04/20/2026 6:28:14 AM,BPD436,8M5CL,8M5CL,06/03/2026 9:37:54 AM,8M5CL,D1D,2,7764951,0,0,0,0,0,0,0.655613,0,0,0,0,0,0,0,0,10.33669,0,10.64266
D603174,5,MCJ1W005WAG6,,,,,,,,,,,,,,,,,,,D6031740,PXMG,03/21/2026 8:28:17 AM,BPD442,8M5CL,8M5CL,06/30/2026 10:50:36 PM,8M5CL,D1D,1,7940868,2.168194,0,0,0,0.598326,1.297871,1.56592,0,0,0,0,0,1.640875,8.701467,0,7.088741,1.463805,22.8869
D603174,7,MCJ1W007WAA4,,,,,,,,,,,,,,,,,,,D6031740,PXMG,03/21/2026 8:28:17 AM,BPD442,8M5CL,8M5CL,06/30/2026 5:33:00 PM,8M5CL,D1D,2,7940621,0.663426,0,0,0,0.995436,1.071854,0,0,0,0,0,0,0,3.102906,0,0,0,5.833624
D604234,70,KJ7YT070WFG3,,,,,,,,,,,,,,,,,,,D6042340,PXMG,04/08/2026 10:25:49 PM,BPD442,8M5CL,8M5CL,07/02/2026 2:15:53 PM,8M5CL,D1D,1,7975379,0,0,0.173859,0,0.579078,3.528975,1.681995,0,0,0,0,0,0,3.160335,0,8.373218,0,17.49746
D604234,93,KJ7YT093WFG0,,,,,,,,,,,,,,,,,,,D6042340,PXMG,04/08/2026 10:25:49 PM,BPD442,8M5CL,8M5CL,04/09/2026 8:16:02 AM,8M5CL,D1D,2,7975402,0,0,0,0,0.269569,2.55689,0,0,0,0,0,0,0,5.406584,0,3.820136,0,12.05318
D604216,458,KJ94L458WFG1,,,,,,,,,,,,,,,,,,,D6042160,PXMG,04/18/2026 11:07:06 AM,BPD446,8M5CL,8M5CL,07/05/2026 9:21:27 AM,8M5CL,D1D,1,7968490,0,0,0,0,0.928097,5.076911,0,0,0,0,0,0,0,1.231298,0.988028,1.963725,0,9.184889
D604216,523,KJ94L523WFA0,,,,,,,,,,,,,,,,,,,D6042160,PXMG,04/18/2026 11:07:06 AM,BPD446,8M5CL,8M5CL,07/03/2026 12:50:32 AM,8M5CL,D1D,2,7968444,2.266215,0,0,0,0.265777,0,2.15221,0,0,0,0,0,0,4.08771,0,8.242657,0,17.01457
D604217,144,KJ97L144WFD5,,,,,,,,,,,,,,,,,,,D6042170,PXMG,04/17/2026 9:59:45 PM,BPD436,8M5CL,8M5CL,07/06/2026 2:31:56 AM,8M5CL,D1D,1,7968553,0,0,0,0,0.21304,1.827968,5.916496,0,0,0,0,0,0,9.895049,0,27.88212,0,44.73716
D604217,149,KJ7YT149WFA6,,,,,,,,,,,,,,,,,,,D6042170,PXMG,04/17/2026 9:59:45 PM,BPD436,8M5CL,8M5CL,07/06/2026 8:25:59 PM,8M5CL,D1D,2,7968478,0,0,0,0,0.279251,0,0.765317,0,0,0,0,0,0,2.147477,0,3.01869,0,6.210735
D604217,153,KJ97L153WFD7,,,,,,,,,,,,,,,,,,,D6042170,PXMG,04/17/2026 11:13:05 PM,BPD444,8M5CL,8M5CL,07/04/2026 10:49:43 PM,8M5CL,D1D,3,7968665,0,0,0,0,1.3626,1.213167,3.18676,0,0,0,0,0,0,8.30788,0,3.779695,0,17.51425
D604217,154,KJ97L154WFA6,,,,,,,,,,,,,,,,,,,D6042170,PXMG,04/17/2026 11:13:05 PM,BPD444,8M5CL,8M5CL,07/07/2026 2:08:14 AM,8M5CL,D1D,4,7968632,0,0,0,0,1.800482,2.856248,1.698111,0,0,0,0,0,0,0,0,5.34773,0.933428,12.636
D604217,171,KJ97L171WFE3,,,,,,,,,,,,,,,,,,,D6042170,PXMG,04/17/2026 11:13:05 PM,BPD444,8M5CL,8M5CL,07/04/2026 11:43:28 PM,8M5CL,D1D,5,7968585,0,0,0,0,0.772117,1.06277,1.903002,0,0,0,0,0,0,1.677802,0,11.74616,0,17.16186
D603185,30,KJ7YR030WFC3,,,,,,,,,,,,,,,,,,,D6031850,PXMG,04/12/2026 7:33:50 PM,BPD454,8M5CL,8M5CL,04/13/2026 7:23:25 AM,8M5CL,D1D,1,7938479,0,0,0,0,0,0,0,0,0,0,0,0,0,0,0,5.501637,0.729918,6.231555
D603185,55,KJ7YR055WFD1,,,,,,,,,,,,,,,,,,,D6031850,PXMG,04/12/2026 7:33:50 PM,BPD454,8M5CL,8M5CL,04/13/2026 7:24:16 AM,8M5CL,D1D,2,7938525,0,0,0,0,0,0,1.339668,0,0,0,0,0,0,0,0,0,0,1.339668
D603184,255,KJ7YN255WFH2,,,,,,,,,,,,,,,,,,,D6031840,PXMG,04/16/2026 12:32:14 AM,BPD444,8M5CL,8M5CL,07/03/2026 11:24:47 PM,8M5CL,D1D,1,7938410,0,0,0,0,0,0,3.64751,0,0,0,0,0,0,7.665594,0,6.221687,0,17.53479
D603184,259,KJ7YN259WFC1,,,,,,,,,,,,,,,,,,,D6031840,PXMG,04/16/2026 12:32:14 AM,BPD444,8M5CL,8M5CL,07/03/2026 11:49:12 PM,8M5CL,D1D,2,7938464,0,0,0,0,0.477155,0,2.957597,0,0,0,0,1.08993,0,5.647345,0,0.861922,0,11.03395
D603167,58,KJ7YR058WFB1,,,,,,,,,,,,,,,,,,,D6031670,PXMG,04/15/2026 1:23:12 PM,BPD442,8M5CL,8M5CL,07/20/2026 10:30:56 PM,8M5CL,D1D,1,7942572,0,0,0,0,2.634614,2.28546,0.947547,0,0,0,0,0,0,0,1.626766,0,0,7.49439
D603167,249,KJ7YN249WFF0,,,,,,,,,,,,,,,,,,,D6031670,PXMG,04/15/2026 1:23:12 PM,BPD442,8M5CL,8M5CL,08/09/2026 8:36:54 PM,8M5CL,D1D,2,7942550,0,0,0,0,0.23978,2.557742,0,0,0,0,0,0,0,5.483145,0,1.633358,0,9.914026
D604219,594,KJ9HF594WFF0,,,,,,,,,,,,,,,,,,,D6042190,PXMG,04/15/2026 10:24:27 AM,BPD444,8M5CL,8M5CL,06/17/2026 4:24:48 AM,8M5CL,D1D,1,7968634,0,0,0,0,0.227174,1.077388,0,0,0,0,0,0,0,3.493977,1.501697,1.54748,0,7.010909
D604219,595,KJ9HF595WFB7,,,,,,,,,,,,,,,,,,,D6042190,PXMG,04/15/2026 10:24:27 AM,BPD444,8M5CL,8M5CL,06/17/2026 8:32:09 PM,8M5CL,D1D,2,7968767,0,0,0,0,0,0,0,0,1.737883,0,0,0,0,1.892086,0,0.838004,0.808529,5.276502
D603183,375,KJ7KQ375WFE0,,,,,,,,,,,,,,,,,,,D6031830,PXMG,04/19/2026 7:52:15 AM,BPD454,8M5CL,8M5CL,07/03/2026 4:47:11 PM,8M5CL,D1D,1,7938262,0,0,0,0,0.109581,0,0,0,0,0,0,0,0,3.745414,0.787318,13.93617,0,18.57848
D603183,380,KJ7KQ380WFC0,,,,,,,,,,,,,,,,,,,D6031830,PXMG,04/19/2026 7:52:15 AM,BPD454,8M5CL,8M5CL,07/04/2026 6:22:37 AM,8M5CL,D1D,2,7938312,0,0,0,0,0,0,0,0,0,0,0,0,0,2.159202,0,7.916519,0,10.07572
D603180,38,A25YU038SLB7,,,,,,,,,,,,,,,,,,,D6031800,PXMG,04/19/2026 10:28:45 PM,BPD436,8M5CL,8M5CL,04/20/2026 8:03:51 AM,8M5CL,D1D,1,7938417,0,0,0,0,0.367886,2.479398,0,0,1.95347,0,0,0,0,0,0,4.575867,0.908826,10.28545
D603180,50,A25YU050SLG3,,,,,,,,,,,,,,,,,,,D6031800,PXMG,04/19/2026 10:28:45 PM,BPD436,8M5CL,8M5CL,07/05/2026 6:06:55 AM,8M5CL,D1D,2,7938411,0,0,0,0,3.24087,2.506562,2.025241,0,0,0,0,0,0,2.605175,0,3.660059,0,13.36997
D604218,5,KJA6K005WFC3,,,,,,,,,,,,,,,,,,,D6042180,PXMG,04/25/2026 11:43:57 PM,BPD432,8M5CL,8M5CL,07/20/2026 12:44:21 PM,8M5CL,D1D,1,7968398,0,0,0,0,0.591229,0,1.979305,0,0,0,0,0,0,8.9146,0.610152,2.006535,0,14.10182
D604218,24,KJA6K024WFH1,,,,,,,,,,,,,,,,,,,D6042180,PXMG,04/25/2026 11:43:57 PM,BPD432,8M5CL,8M5CL,07/22/2026 4:38:49 PM,8M5CL,D1D,2,7968382,0,0,0,0,0.333998,2.471256,7.280285,0,0,0,0,0,0,3.120733,0,1.137579,0.684862,15.02871
D604223,134,ICDKA134MME7,,,,,,,,,,,,,,,,,,,D6042230,PXMG,04/25/2026 11:02:32 PM,BPD432,8M5CL,8M5CL,06/09/2026 10:33:54 AM,8M5CL,D1D,1,7972947,0,0,0,0,0,0,0,0,0,0,0,0,0,0,0,0.90099,0,0.90099
D604223,139,ICDKA139MME0,,,,,,,,,,,,,,,,,,,D6042230,PXMG,04/25/2026 11:02:32 PM,BPD432,8M5CL,8M5CL,06/09/2026 3:24:41 AM,8M5CL,D1D,2,7972901,0,0,0,0,0,1.29824,0,0,0,0,0,0,0,2.196977,0,2.878078,0,6.373294
D604240,209,KJA6F209WFB0,,,,,,,,,,,,,,,,,,,D6042400,PXMG,04/24/2026 5:32:53 AM,BPD450,8M5CL,8M5CL,06/10/2026 5:54:45 AM,8M5CL,D1D,1,7977305,0,0,0,0,0,0.637707,1.435137,0,0,0,0,0,0,4.298846,0,0.817634,0.788873,7.758828
D604240,297,KJA6F297WFD4,,,,,,,,,,,,,,,,,,,D6042400,PXMG,04/24/2026 5:32:53 AM,BPD450,8M5CL,8M5CL,06/10/2026 7:40:28 AM,8M5CL,D1D,2,7977347,0,0,0,0,3.008004,0.859466,1.268342,0,0,0,0,0,0,0.822999,1.088756,18.7324,0,25.77997
D605329,6,KJ9PL006WFD5,,,,,,,,,,,,,,,,,,,D6053290,PXMG,04/24/2026 9:23:41 AM,BPD448,8M5CL,8M5CL,08/09/2026 4:10:44 AM,8M5CL,D1D,1,8010060,0,0,0,0,0.420489,1.742909,6.645679,0,0,0,0,0,0,6.182418,0,0,0.455456,14.00696
D605329,21,KJ9PL021WFG1,,,,,,,,,,,,,,,,,,,D6053290,PXMG,04/24/2026 9:23:41 AM,BPD448,8M5CL,8M5CL,08/09/2026 4:48:48 PM,8M5CL,D1D,2,8010035,0.761689,0,0,0,1.179919,0,0,0,0,0,0,0,0,0,0,1.657833,0,3.599441
D603162,11,GS4VR011JKC2,,,,,,,,,,,,,,,,,,,D6031620,PXMG,04/24/2026 4:55:49 PM,BPD436,8M5CL,8M5CL,06/21/2026 7:43:30 AM,8M5CL,D1D,1,7942074,0,0,0,0,0.224091,0,1.339668,0,0,0,0,0,0,0,0,2.866254,0,4.430013
D603162,29,GS4VR029JKD7,,,,,,,,,,,,,,,,,,,D6031620,PXMG,04/24/2026 4:55:49 PM,BPD436,8M5CL,8M5CL,06/21/2026 9:54:16 PM,8M5CL,D1D,2,7942166,1.149079,0,0,0,0,0,0,0,0,0,0,0,0,0,0,0,0,1.149079
D604221,107,IEFQD107MMF3,,,,,,,,,,,,,,,,,,,D6042210,PXMG,04/23/2026 3:21:55 PM,BPD442,8M5CL,8M5CL,07/13/2026 3:18:50 PM,8M5CL,D1D,1,7972878,0,0,0,0,0,2.892821,0,0,0,0,0,0,0,3.887787,0,0,1.166476,7.392383
D604221,110,IEFQD110MMC2,,,,,,,,,,,,,,,,,,,D6042210,PXMG,04/23/2026 3:21:55 PM,BPD442,8M5CL,8M5CL,07/12/2026 5:06:33 AM,8M5CL,D1D,2,7972873,0,0,0,0,0.080931,0,0,0,0,0,0,0,0,2.766166,0,4.377747,0,7.224843
D605322,1,MCAED001WAD5,,,,,,,,,,,,,,,,,,,D6053220,PXMG,04/23/2026 3:21:21 PM,BPD446,8M5CL,8M5CL,07/20/2026 10:13:58 PM,8M5CL,D1D,1,8010040,0,0,0,0,0.495054,0,0,0,0,0,0,0,0,1.903502,0.647979,12.56355,0,15.61009
D605322,5,MCAED005WAF7,,,,,,,,,,,,,,,,,,,D6053220,PXMG,04/23/2026 3:21:21 PM,BPD446,8M5CL,8M5CL,07/21/2026 4:28:13 PM,8M5CL,D1D,2,8010218,0,0,0,0,0,0,0.615575,0,0,0,0,0,0,3.716477,0,6.197687,0,10.52974
D604231,51,A29M4051SLG5,,,,,,,,,,,,,,,,,,,D6042310,PXMG,04/22/2026 1:42:18 PM,BPD454,8M5CL,8M5CL,07/05/2026 6:51:32 PM,8M5CL,D1D,1,7975061,0,0,0,0,2.071896,0,5.884897,0,0,0,0,0,0,0,1.434407,1.929183,0,10.87917
D604231,52,A29M4052SLD4,,,,,,,,,,,,,,,,,,,D6042310,PXMG,04/22/2026 1:42:18 PM,BPD454,8M5CL,8M5CL,07/05/2026 12:46:53 AM,8M5CL,D1D,2,7975158,0,0,0,0,0,2.181016,0,0,0,0,0,0,0,1.708126,1.421789,0,0,5.310931
D604225,452,KJ9HB452WFA0,,,,,,,,,,,,,,,,,,,D6042250,PXMG,04/22/2026 4:16:03 AM,BPD458,8M5CL,8M5CL,06/29/2026 5:09:33 PM,8M5CL,D1D,1,7972549,0,0,0,0,0,0,0,0,0,0,0,0,0,7.623411,0,2.907287,1.387442,11.91814
D604225,454,KJ9HB454WFB1,,,,,,,,,,,,,,,,,,,D6042250,PXMG,04/22/2026 4:16:03 AM,BPD458,8M5CL,8M5CL,07/02/2026 9:04:17 AM,8M5CL,D1D,2,7972608,0,0,0,0,0.501816,0,4.047395,0,0,0,0,0,0,1.801942,0,6.705346,0,11.96848
D605332,151,GT9ZQ151JKD6,,,,,,,,,,,,,,,,,,,D6053320,PXMG,04/22/2026 12:51:00 PM,BPD442,8M5CL,8M5CL,08/10/2026 6:10:16 AM,8M5CL,D1D,1,8012855,0,0,0,0,0,0,0,0,0,0,0,3.003917,0,0,0,0.763242,0.736396,4.503555
D605332,152,GT9ZQ152JKA5,,,,,,,,,,,,,,,,,,,D6053320,PXMG,04/22/2026 12:51:00 PM,BPD442,8M5CL,8M5CL,08/09/2026 9:07:13 PM,8M5CL,D1D,2,8012895,0,0,0,0,0,6.984015,1.675419,0,0,0,0,1.263974,0,0,0,2.17113,0,12.09454
D605321,567,KJ9HF567WFE2,,,,,,,,,,,,,,,,,,,D6053210,PXMG,04/22/2026 12:32:38 PM,BPD442,8M5CL,8M5CL,07/21/2026 1:35:00 AM,8M5CL,D1D,1,8008190,0,0,0,0,0,3.82886,0,0,0,0,0,0,0,0,0,2.989784,0,6.818646
D605321,568,KJ9HF568WFB1,,,,,,,,,,,,,,,,,,,D6053210,PXMG,04/22/2026 12:32:38 PM,BPD442,8M5CL,8M5CL,07/21/2026 11:58:23 AM,8M5CL,D1D,2,8008235,0,0,0,0,0.405057,0,3.414018,0,0,0,0,0,0,8.655957,0,1.745436,0,13.75981
D605317,332,KJA6E332WFF5,,,,,,,,,,,,,,,,,,,D6053170,PXMG,04/27/2026 8:31:51 PM,BPD442,8M5CL,8M5CL,07/22/2026 4:53:06 PM,8M5CL,D1D,1,8008150,0,0,0,0,1.119026,2.250266,1.354388,0,0,0,0,0,0,1.54794,0,1.616058,0,7.887681
D605317,436,KJA6E436WFH0,,,,,,,,,,,,,,,,,,,D6053170,PXMG,04/27/2026 8:31:51 PM,BPD442,8M5CL,8M5CL,07/23/2026 3:06:08 PM,8M5CL,D1D,2,8008042,0,0,0,0,0,11.09404,0,0,0,0,0,0,0,1.225967,0,2.782187,0,15.10219
D603187,597,GS7FG597JKF4,,,,,,,,,,,,,,,,,,,D6031870,PXMG,04/26/2026 12:01:45 AM,BPD432,8M5CL,8M5CL,04/26/2026 7:56:00 AM,8M5CL,D1D,1,7937599,0,0,0,0,0,3.770916,2.975154,0,0,0,0,0,0,1.913548,1.592776,17.91779,0,27.80459
D603187,599,GS7FG599JKG5,,,,,,,,,,,,,,,,,,,D6031870,PXMG,04/26/2026 12:01:45 AM,BPD432,8M5CL,8M5CL,07/03/2026 12:31:21 AM,8M5CL,D1D,2,7937515,0,0,0,0,1.182364,1.47274,0,0,0,0,0,0,0,4.027403,0,0,0,6.682507
D605323,877,GS7PC877JKA2,,,,,,,,,,,,,,,,,,,D6053230,PXMG,04/26/2026 7:40:04 AM,BPD448,8M5CL,8M5CL,04/27/2026 7:59:27 AM,8M5CL,D1D,1,8010050,0,0,0,0,0,0,0.722023,0,0,0,0,0,0,3.145732,0,6.206151,0,10.07391
D605323,879,GS7PC879JKB3,,,,,,,,,,,,,,,,,,,D6053230,PXMG,04/26/2026 7:40:04 AM,BPD448,8M5CL,8M5CL,07/03/2026 5:09:14 PM,8M5CL,D1D,2,8010057,1.268855,0,0,0,0,0.843045,2.79153,0,0,0,1.617,0,0,0,4.235804,4.803713,0.682079,16.24202
D605318,426,GS8QK426JKH0,,,,,,,,,,,,,,,,,,,D6053180,PXMG,04/26/2026 3:26:10 PM,BPD446,8M5CL,8M5CL,07/20/2026 12:47:45 PM,8M5CL,D1D,1,8008084,0,0,0,0,0.080931,0,0.699912,0,0,0,0,0,0,3.490805,0,0.756528,0.926087,5.954263
D605318,428,GS8QK428JKA6,,,,,,,,,,,,,,,,,,,D6053180,PXMG,04/26/2026 3:26:10 PM,BPD446,8M5CL,8M5CL,07/20/2026 12:28:18 PM,8M5CL,D1D,2,8007985,0,0,0,0,0.447585,0,1.492538,0,0,0,0,0,0,0,0,6.275825,0,7.702516
D604208,5,5DXBQ005MVE4,,,,,,,,,,,,,,,,,,,D6042080,PNCB,04/26/2026 8:06:02 PM,BPD432,8M5CL,8M5CL,07/07/2026 12:37:38 PM,8M5CL,D1D,1,7970300,0,0,0,0,0.216163,0,1.292271,0,0,0,0,0,0,0,0,0,0,1.508434
D604208,11,5DXBQ011MVG6,,,,,,,,,,,,,,,,,,,D6042080,PNCB,04/26/2026 8:06:02 PM,BPD432,8M5CL,8M5CL,07/07/2026 1:24:23 PM,8M5CL,D1D,2,7970365,0,0,0,0,0.296863,1.02517,2.19319,0,0,0,0,0,0,8.109493,0,5.663229,0,17.28794
D605314,554,GT9LN554JKG6,,,,,,,,,,,,,,,,,,,D6053140,PXMG,05/02/2026 11:21:10 PM,BPD432,8M5CL,8M5CL,07/03/2026 9:55:28 AM,8M5CL,D1D,1,8004809,0,0,0,0,0,0,0,0,0,0,0,0,0,0,0,0,0,0
D605314,556,GT9LN556JKA4,,,,,,,,,,,,,,,,,,,D6053140,PXMG,05/02/2026 11:21:10 PM,BPD432,8M5CL,8M5CL,07/04/2026 3:08:58 AM,8M5CL,D1D,2,8004861,0,0,0,2.358083,0,0,0,0,0,0,0,0,0,1.206887,1.093498,0.862959,0,5.521428
D605314,557,GT9LN557JKE6,,,,,,,,,,,,,,,,,,,D6053140,PXMG,05/02/2026 11:21:10 PM,BPD432,8M5CL,8M5CL,07/04/2026 6:12:40 AM,8M5CL,D1D,3,8004964,0,0,0.629908,0,0,0.903284,0,0,0,0,0,0,0,0,0,2.515593,0,4.048787
D605314,558,GT9LN558JKB5,,,,,,,,,,,,,,,,,,,D6053140,PXMG,05/02/2026 11:21:10 PM,BPD432,8M5CL,8M5CL,07/03/2026 9:54:09 AM,8M5CL,D1D,4,8004883,0,0,0,0,0.22212,3.229715,2.655766,0,0,0,0,0,0,1.05804,0,3.091869,0,9.800718
D605433,332,MCLPH332WAA1,,,,,,,,,,,,,,,,,,,D6054330,PNCB,05/02/2026 4:18:50 AM,BPD442,8M5CL,8M5CL,07/05/2026 5:00:33 AM,8M5CL,D1D,1,8041554,0,0,0.445281,0,0,0,1.43699,0,0,0,0,0,0,1.144974,1.951524,0,0.492878,5.471648
D605433,333,MCLPH333WAE3,,,,,,,,,,,,,,,,,,,D6054330,PNCB,05/02/2026 4:18:50 AM,BPD442,8M5CL,8M5CL,07/05/2026 4:53:54 AM,8M5CL,D1D,2,8041600,0,0,0,0,0,2.68772,0,0,0,0,0,0,0,2.699504,0,12.42289,0,17.81012
D605433,363,MCLPH363WAD1,,,,,,,,,,,,,,,,,,,D6054330,PNCB,05/02/2026 4:18:50 AM,BPD442,8M5CL,8M5CL,07/03/2026 1:42:47 AM,8M5CL,D1D,3,8041592,0,0,0,0,0,0,0,0,0,0,0,0,0,0,0,2.421112,0,2.421112
D605433,364,MCLPH364WAA0,,,,,,,,,,,,,,,,,,,D6054330,PNCB,05/02/2026 4:18:50 AM,BPD442,8M5CL,8M5CL,07/02/2026 11:36:17 PM,8M5CL,D1D,4,8041580,0,0,0,0,0.081007,0,0,0,0,0,0,0,0,0,1.423107,1.913985,0,3.418099
D605306,694,5DXBP694MVF5,,,,,,,,,,,,,,,,,,,D6053060,PNCB,05/02/2026 12:25:46 PM,BPD444,8M5CL,8M5CL,07/04/2026 11:22:18 PM,8M5CL,D1D,1,8024537,0,0,0,0,0.352839,2.238154,3.147174,0,0,0,0,0,0,3.42018,1.185288,3.150113,0,13.49375
D605306,700,5DXBP700MVG2,,,,,,,,,,,,,,,,,,,D6053060,PNCB,05/02/2026 12:25:46 PM,BPD444,8M5CL,8M5CL,07/05/2026 5:11:04 AM,8M5CL,D1D,2,8024609,0,0,0,0,0.21463,0,0,0,0,0,0,0,0,0,0,0,0,0.21463
D606439,415,MCLPH415WAD0,,,,,,,,,,,,,,,,,,,D6064390,PNCB,05/01/2026 4:40:48 AM,BPD448,8M5CL,8M5CL,05/06/2026 10:19:42 AM,8M5CL,D1D,1,8046853,29.6247,0,0,0,0,4.267435,0,0,3.633244,0,0,0,0,1.071536,0,1.170426,0.739229,33.74324
D606439,444,MCLPH444WAE7,,,,,,,,,,,,,,,,,,,D6064390,PNCB,05/01/2026 4:40:48 AM,BPD448,8M5CL,8M5CL,06/30/2026 4:53:47 PM,8M5CL,D1D,2,8046756,0,0,0,0,0,0,0,0,0,0,0,0,0,1.866461,0,4.489646,1.595155,7.95126
D606439,445,MCLPH445WAB6,,,,,,,,,,,,,,,,,,,D6064390,PNCB,05/01/2026 6:49:51 AM,BPD448,8M5CL,8M5CL,07/03/2026 5:21:46 PM,8M5CL,D1D,3,8046980,0.836533,0,0,0,0.492221,0,0,0,0,0,0,0,0,2.027188,1.575353,0,0,4.931296
D606439,510,MCLPH510WAD0,,,,,,,,,,,,,,,,,,,D6064390,PNCB,05/01/2026 6:49:51 AM,BPD448,8M5CL,8M5CL,06/30/2026 4:34:14 PM,8M5CL,D1D,4,8046901,0,0,0,0,0.090661,1.177357,0,0,0,0,0,0,0,1.913482,0,3.535768,0,6.717268
D605331,201,GT9ZQ201JKC4,,,,,,,,,,,,,,,,,,,D6053310,PXMG,04/30/2026 12:07:18 PM,BPD458,8M5CL,8M5CL,07/04/2026 5:58:42 AM,8M5CL,D1D,1,8013072,0,0,0,0,0,1.330577,4.892301,0,0,0,0,0,0,2.157535,0,0,0,8.380413
D605331,202,GT9ZQ202JKG6,,,,,,,,,,,,,,,,,,,D6053310,PXMG,04/30/2026 12:07:18 PM,BPD458,8M5CL,8M5CL,07/07/2026 8:55:54 AM,8M5CL,D1D,2,8013100,0,0,0,0,0,1.097412,2.651662,0,0,0,0,0,0,7.559059,0,3.70394,0,15.01208
D604224,21,KJA6K021WFB6,,,,,,,,,,,,,,,,,,,D6042240,PXMG,04/30/2026 4:29:30 AM,BPD446,8M5CL,8M5CL,07/14/2026 10:51:36 AM,8M5CL,D1D,1,7972582,0,0,0,0,0,0,11.43069,0,0,0,2.266441,0,0,0,0,3.747182,0,17.44431
D604224,37,KJA6K037WFC2,,,,,,,,,,,,,,,,,,,D6042240,PXMG,04/30/2026 4:29:30 AM,BPD446,8M5CL,8M5CL,07/14/2026 11:21:07 AM,8M5CL,D1D,2,7972641,0,0,0,0,0,2.218727,0,0,0,0,0,0,0,0,0,0,0,2.218727
D605320,540,GS8QK540JKE3,,,,,,,,,,,,,,,,,,,D6053200,PXMG,04/30/2026 5:00:39 AM,BPD454,8M5CL,8M5CL,07/15/2026 10:50:59 PM,8M5CL,D1D,1,8007920,1.404728,1.26552,0,0,0,2.619564,2.658765,0,0,0,0,0,0,6.588207,1.51511,6.486261,1.782842,23.19498
D605320,541,GS8QK541JKB2,,,,,,,,,,,,,,,,,,,D6053200,PXMG,04/30/2026 5:00:39 AM,BPD454,8M5CL,8M5CL,07/14/2026 12:23:06 PM,8M5CL,D1D,2,8008019,0,0,0,0,1.343544,0,0,0,0,0,0,0,0,4.918218,0,5.921131,0,12.18289
D605333,176,GT9ZQ176JKE4,,,,,,,,,,,,,,,,,,,D6053330,PXMG,04/30/2026 7:53:36 AM,BPD436,8M5CL,8M5CL,08/09/2026 9:05:04 PM,8M5CL,D1D,1,8013113,0,0,0,0,0,1.181605,1.492892,0,0,0,0,0,0,0,1.07776,6.622819,0,10.37507
D605333,177,GT9ZQ177JKB3,,,,,,,,,,,,,,,,,,,D6053330,PXMG,04/30/2026 7:53:36 AM,BPD436,8M5CL,8M5CL,07/11/2026 2:03:49 PM,8M5CL,D1D,2,8012958,0,0,0,0,0.816829,0,0,0,0,0,0,0,0,0,0,1.79616,0.497838,3.110827
D604226,35,ICDKA035MMC5,,,,,,,,,,,,,,,,,,,D6042260,PXMG,04/29/2026 9:24:29 PM,BPD436,8M5CL,8M5CL,07/06/2026 2:17:52 AM,8M5CL,D1D,1,7974720,0.669259,0,0,0,0.202789,0,0.66351,0,0,0,0,0,0,3.171547,0,0,0,4.707108
D604226,39,ICDKA039MME7,,,,,,,,,,,,,,,,,,,D6042260,PXMG,04/29/2026 9:24:29 PM,BPD436,8M5CL,8M5CL,07/04/2026 12:19:50 PM,8M5CL,D1D,2,7974784,0,0,0,0,0,0.763464,1.279318,0,0,0,0,0,0,0,0,0.763242,0,2.806025
D605316,504,GT9LN504JKG3,,,,,,,,,,,,,,,,,,,D6053160,PXMG,04/29/2026 9:36:13 AM,BPD450,8M5CL,8M5CL,08/10/2026 5:50:29 AM,8M5CL,D1D,1,8004945,1.48281,0,0,0,0.289174,0,4.83352,0,0,0,0,0,0,8.517886,0,3.124237,3.734841,20.9685
D605316,505,GT9LN505JKD2,,,,,,,,,,,,,,,,,,,D6053160,PXMG,04/29/2026 9:36:13 AM,BPD450,8M5CL,8M5CL,08/09/2026 9:17:56 PM,8M5CL,D1D,2,8005015,0,0,0,0,0.801646,0,8.12715,0,0,0,0,1.06721,0,6.671804,0,3.122384,0,17.52297
D604235,40,HCHFA040MMF7,,,,,,,,,,,,,,,,,,,D6042350,PXMG,04/29/2026 2:58:48 AM,BPD446,8M5CL,8M5CL,07/19/2026 3:24:56 AM,8M5CL,D1D,1,7977097,0,0,0,0,2.856415,0,5.940874,0,0,0,0,0,0,0,0,3.620609,1.459835,13.80809
D604235,41,HCHFA041MMC6,,,,,,,,,,,,,,,,,,,D6042350,PXMG,04/29/2026 2:58:48 AM,BPD446,8M5CL,8M5CL,07/19/2026 3:52:32 AM,8M5CL,D1D,2,7977316,0,0,0,0,0.172173,0.595285,0,0,0,0,0,0,0,0,0,0,0.736396,1.503853
D604232,27,A29ZA027SLD4,,,,,,,,,,,,,,,,,,,D6042320,PXMG,05/06/2026 1:08:33 AM,BPD442,8M5CL,8M5CL,07/11/2026 3:17:48 PM,8M5CL,D1D,1,7975390,1.149079,0,0,0,0.529832,0,0,0,0,0,0,0,0,3.708414,0,19.63371,0,22.93391
D604232,28,A29ZA028SLA3,,,,,,,,,,,,,,,,,,,D6042320,PXMG,05/06/2026 1:08:33 AM,BPD442,8M5CL,8M5CL,07/11/2026 5:44:11 PM,8M5CL,D1D,2,7975257,0,0,0,0,0.100249,2.731473,0,0,0,0,0,0,0,3.426461,0,4.934257,0.904152,12.09659
D605324,15,A28JU015SLH1,,,,,,,,,,,,,,,,,,,D6053240,PXMG,05/05/2026 4:15:53 AM,BPD450,8M5CL,8M5CL,05/06/2026 8:44:15 AM,8M5CL,D1D,1,8010198,0,0,0,0,0,7.131547,1.953811,0,0,0,0,0,0,1.723286,0,3.697509,0,14.50615
D605324,19,A28JU019SLC0,,,,,,,,,,,,,,,,,,,D6053240,PXMG,05/05/2026 4:15:53 AM,BPD450,8M5CL,8M5CL,05/06/2026 8:48:43 AM,8M5CL,D1D,2,8010199,0,0,0,0,0,2.886564,0,0,0,0,0,0,0,0,0,0.829582,0,3.716147
D604228,6,IEFPA006MMF2,,,,,,,,,,,,,,,,,,,D6042280,PXMG,05/06/2026 5:00:19 AM,BPD450,8M5CL,8M5CL,07/11/2026 2:27:23 PM,8M5CL,D1D,1,7975333,0,0,0,0,4.727663,1.909077,0,0,0,0,0,0,0,2.56569,1.499476,1.733037,0,12.43494
D604228,9,IEFPA009MMD2,,,,,,,,,,,,,,,,,,,D6042280,PXMG,05/06/2026 5:00:19 AM,BPD450,8M5CL,8M5CL,07/11/2026 2:57:19 PM,8M5CL,D1D,2,7975214,0,0,0,0,0.423886,0,0,0,0,0,0,0,0,3.402001,0,2.887463,0,6.713352
D605312,712,GT9LM712JKA2,,,,,,,,,,,,,,,,,,,D6053120,PXMG,05/04/2026 11:53:19 AM,BPD444,8M5CL,8M5CL,07/06/2026 6:45:02 PM,8M5CL,D1D,1,8004998,0,0,0,0,0.432804,0,0,0,0,0,0,0,0,0,0,0.756528,0,1.189333
D605312,713,GT9LM713JKE4,,,,,,,,,,,,,,,,,,,D6053120,PXMG,05/04/2026 11:53:19 AM,BPD444,8M5CL,8M5CL,07/06/2026 7:10:16 PM,8M5CL,D1D,2,8005064,0.598959,0,0,0,0.472431,3.360817,1.412151,0,0,0,0,0,0,0.770626,0,5.10554,0,11.23475
D604E6B,34,A28E5034SLH0,,,,,,,,,,,,,,,,,,,D604E6B0,X78E,05/03/2026 3:42:46 AM,BPD432,8M5CL,8M5CL,06/07/2026 9:06:47 AM,8M5CL,D1D,1,7995609,0,0,0,0,0.211976,0.812233,0,0,0,0,0,0,0,5.361078,0,0,0,6.251744
D604E6B,38,A28E5038SLB7,,,,,,,,,,,,,,,,,,,D604E6B0,X78E,05/03/2026 3:42:46 AM,BPD432,8M5CL,8M5CL,06/07/2026 10:34:23 AM,8M5CL,D1D,2,7995494,0,0,0,0,0.316851,0.640812,0,0,0,0,0,0,0,0.95851,0,0.507775,0,2.423948
D604238,29,A29WC029SLD6,,,,,,,,,,,,,,,,,,,D6042380AP,PXMG,05/07/2026 12:36:40 PM,BPD450,8M5CL,8M5CL,07/19/2026 5:56:45 AM,8M5CL,D1D,1,8571163,0,0,0,0,0.108318,2.819807,0.747336,0,0,0,0,0,0,7.399731,0,0,0,11.07519
D604238,115,A29JN115SLF4,,,,,,,,,,,,,,,,,,,D6042380AP,PXMG,05/07/2026 12:36:40 PM,BPD450,8M5CL,8M5CL,07/18/2026 3:44:19 AM,8M5CL,D1D,2,8571152,0,0,0,0,0.565132,0,2.399569,0,0,0,0,0,0,0,0,0,0,2.964701
D604238,157,A29WC157SLA4,,,,,,,,,,,,,,,,,,,D6042380AP,PXMG,05/07/2026 12:36:40 PM,BPD450,8M5CL,8M5CL,07/19/2026 7:13:59 PM,8M5CL,D1D,3,8572571,1.505311,0,0,0,0.225549,1.779983,0,0,0,0,0,0,0,4.93853,0,0.763242,2.87216,11.37688
D604238,164,A29WC164SLH0,,,,,,,,,,,,,,,,,,,D6042380AP,PXMG,05/07/2026 12:36:40 PM,BPD450,8M5CL,8M5CL,07/19/2026 5:43:13 AM,8M5CL,D1D,4,8572639,0,0,0,0,0,0,1.550942,0,0,0,0,0,0,3.937463,0,0,0,5.488407
D604238,27,A29WC027SLC5,,,,,,,,,,,,,,,,,,,D6042380,PXMG,05/08/2026 2:39:06 AM,BPD454,8M5CL,8M5CL,07/18/2026 3:50:02 AM,8M5CL,D1D,1,7977580,1.149079,0,0,0,0.224091,0,1.339668,0,0,0,0,0,0,2.790715,0,33.3226,0,38.02857
D604238,31,A29WC031SLD6,,,,,,,,,,,,,,,,,,,D6042380,PXMG,05/08/2026 2:39:06 AM,BPD454,8M5CL,8M5CL,07/19/2026 6:26:33 AM,8M5CL,D1D,2,7977507,0,0,0,0,0,1.35836,1.712272,0,0,0,0,0,0,0,0,1.490226,0,4.56086
D605E99,101,A28MA101SLB0,,,,,,,,,,,,,,,,,,,D605E990,X78E,05/07/2026 6:05:10 AM,BPD442,8M5CL,8M5CL,06/06/2026 7:12:58 AM,8M5CL,D1D,1,8040042,0,0,0,0,0,0,0.666348,0,0,0,0,0,0,1.010145,0,0,0,1.676493
D605E99,105,A28MA105SLD2,,,,,,,,,,,,,,,,,,,D605E990,X78E,05/07/2026 6:05:10 AM,BPD442,8M5CL,8M5CL,06/06/2026 8:52:37 AM,8M5CL,D1D,2,8040196,0,0,0,0,0.396657,0.804087,0,1.812137,0,0,0,0,0,2.222804,0,1.115977,0,5.648597
D606448,214,MCLPM214WAC3,,,,,,,,,,,,,,,,,,,D6064480,PXMG,05/10/2026 4:43:23 AM,BPD436,8M5CL,8M5CL,08/09/2026 1:13:23 PM,8M5CL,D1D,1,8044608,1.317096,0,0,0,0.313522,4.188542,0,0,0,0,0,0,0,2.447017,0,0,0,7.680115
D606448,334,MCLPH334WAB2,,,,,,,,,,,,,,,,,,,D6064480,PXMG,05/10/2026 4:43:23 AM,BPD436,8M5CL,8M5CL,08/09/2026 7:12:25 PM,8M5CL,D1D,2,8044508,0,0,0,0,0.555023,0,1.930035,0,0,0,0,0,0,2.076032,1.50261,5.356637,0,11.42034
D605338,13,KJ9PL013WFC6,,,,,,,,,,,,,,,,,,,D6053380,PXMG,05/22/2026 9:43:45 AM,BPD454,8M5CL,8M5CL,08/01/2026 12:20:16 PM,8M5CL,D1D,1,8013066,1.220706,0,0,0,0,0,0,0,0,0,0,0,0,0.776641,5.799551,2.502931,0,10.29983
D605338,32,KJ9PL032WFA1,,,,,,,,,,,,,,,,,,,D6053380,PXMG,05/22/2026 9:43:45 AM,BPD454,8M5CL,8M5CL,05/25/2026 9:52:45 AM,8M5CL,D1D,2,8013032,0.692362,0,0,0,0.258994,6.168165,0,0,2.229022,0,0,1.176014,0,0,2.926249,8.819097,0,21.82443
D605338,310,KJ9PL310WFC1,,,,,,,,,,,,,,,,,,,D6053380,PXMG,05/22/2026 9:43:45 AM,BPD454,8M5CL,8M5CL,08/01/2026 1:25:29 PM,8M5CL,D1D,3,8013011,0,0,0,0,0.238078,1.129096,0,0,0,0,0,0,0,1.830835,6.317876,3.639982,0.488176,13.64404
D604239,50,A29UH050SLE3,,,,,,,,,,,,,,,,,,,D6042390,PXMG,05/26/2026 1:01:56 AM,BPD436,8M5CL,8M5CL,08/12/2026 1:22:01 AM,8M5CL,D1D,1,7977451,0,0,0,0,0.680046,1.806497,1.327883,0,0,0,0,0,0,2.61481,0,2.316194,1.863872,10.6093
D604239,90,A28WK090SLF4,,,,,,,,,,,,,,,,,,,D6042390,PXMG,05/26/2026 1:01:56 AM,BPD436,8M5CL,8M5CL,08/10/2026 1:58:43 AM,8M5CL,D1D,2,7977322,1.116066,0,0,0,0.311445,3.283792,0,0,0,0,0,0,0,1.071202,2.276668,1.11834,1.196341,10.37385
D603E3K,38,A29PB038SLE6,,,,,,,,,,,,,,,,,,,D603E3K0,X78E,06/23/2026 8:01:54 PM,BPD436,8M5CL,8M5CL,08/16/2026 12:32:17 PM,8M5CL,D1D,1,7961509,0,0,0,0,0,0.931283,0,0,0,0,0,0,0,0,0,1.886385,0,2.817666
D603E3K,40,A29PB040SLE6,,,,,,,,,,,,,,,,,,,D603E3K0,X78E,06/23/2026 8:01:54 PM,BPD436,8M5CL,8M5CL,06/24/2026 8:48:45 AM,8M5CL,D1D,2,7961455,0,0,0,0,0.578557,0,0,0,0,0,0,0,0,0,0,0.572262,0,1.150819
D603E3J,228,GT4TS228JKH2,,,,,,,,,,,,,,,,,,,D603E3J0,X78E,06/30/2026 3:04:17 AM,BPD436,8M5CL,8M5CL,08/10/2026 6:46:35 AM,8M5CL,D1D,1,7961628,0,0,0,0,0,0,0,0,0,0,0,0,0,0,1.387918,0,0,1.387918
D603E3J,229,GT4TS229JKE1,,,,,,,,,,,,,,,,,,,D603E3J0,X78E,06/30/2026 3:04:17 AM,BPD436,8M5CL,8M5CL,08/12/2026 1:38:07 AM,8M5CL,D1D,2,7961431,0,0,0,0,0,0,0,0,0,0,0,0,0,0,0,0,0,0
D609195,248,KJ7HD248WFF0,,,,,,,,,,,,,,,,,,,D6091950,PXMG,05/11/2026 1:55:57 PM,BPD444,8M5CL,8M5CL,07/20/2026 1:40:02 PM,8M5CL,D1D,1,8161528,0,0,0,0,0.197828,2.442255,5.488816,0,0,0,0,0,0,2.820066,0,5.41273,1.555855,17.91755
D609195,264,KJ7HW264WFE1,,,,,,,,,,,,,,,,,,,D6091950,PXMG,05/11/2026 1:55:57 PM,BPD444,8M5CL,8M5CL,07/20/2026 2:12:50 PM,8M5CL,D1D,2,8161434,0,0,0,0,0.353477,0,0.651289,0,0,0,0,1.115835,0,9.203466,0,3.681488,0,15.00556
D609162,158,5DXEF158MVG7,,,,,,,,,,,,,,,,,,,D6091620,PXMG,05/18/2026 7:29:08 PM,BPD436,8M5CL,8M5CL,07/15/2026 10:17:31 PM,8M5CL,D1D,1,8155138,0,0,0,0,0.563438,0,1.327883,0,0,0,0,0,0,1.663042,0,12.34156,1.459835,17.35576
D609162,162,5DXEF162MVA5,,,,,,,,,,,,,,,,,,,D6091620,PXMG,05/18/2026 7:29:08 PM,BPD436,8M5CL,8M5CL,07/24/2026 2:45:49 AM,8M5CL,D1D,2,8155059,1.263193,0,0,0,0.928308,2.333942,2.091987,0,0,0,0,0,0,3.067858,0,3.644941,3.151274,16.48151
D609200,525,GU2MA525JKE7,,,,,,,,,,,,,,,,,,,D6092000,PR8B,05/18/2026 6:31:28 PM,BPD436,8M5CL,8M5CL,08/08/2026 8:12:23 PM,8M5CL,D1D,1,8164162,0,0,0,0,0,8.707357,0,0,0,0,0,0,0,8.012759,0,0,0,16.72012
D609200,531,GU2MA531JKH1,,,,,,,,,,,,,,,,,,,D6092000,PR8B,05/18/2026 6:31:28 PM,BPD436,8M5CL,8M5CL,08/08/2026 7:25:17 PM,8M5CL,D1D,2,8164026,0,0,0,0,0.113813,2.545631,1.867395,0,0,0,0,0,0,1.487916,0,0,0,6.014753
D609176,356,MCLXN356WAA6,,,,,,,,,,,,,,,,,,,D6091760,PXMG,05/23/2026 12:50:13 AM,BPD454,8M5CL,8M5CL,08/01/2026 1:37:27 PM,8M5CL,D1D,1,8156266,0,0,0,0,0.161862,2.19921,0,0,0,0,0,0,0,1.782679,0,0.756528,0,4.861344
D609176,359,MCLXN359WAG1,,,,,,,,,,,,,,,,,,,D6091760,PXMG,05/23/2026 12:50:13 AM,BPD454,8M5CL,8M5CL,08/01/2026 12:27:37 PM,8M5CL,D1D,2,8156273,0,0,0,0,0.874179,0,0.614144,0,0,0,0,0,0,0,0,4.908491,0,6.396813
D610242,635,KJAAB635WFD3,,,,,,,,,,,,,,,,,,,D6102420,PXMG,05/23/2026 12:33:04 AM,BPD436,8M5CL,8M5CL,07/26/2026 2:58:27 AM,8M5CL,D1D,1,8198905,0,0,0,0,0,1.06277,0,0,0,0,0,0,0,0,0,0.829582,0,1.892353
D610242,668,KJAAB668WFA1,,,,,,,,,,,,,,,,,,,D6102420,PXMG,05/23/2026 12:33:04 AM,BPD436,8M5CL,8M5CL,07/26/2026 2:50:29 PM,8M5CL,D1D,2,8198862,0,0,0,0,0,0,1.116759,0,0,0,0,0,0,0,0,1.643249,0,2.760008
D609172,277,KJ7HD277WFG7,,,,,,,,,,,,,,,,,,,D6091720,PXMG,05/22/2026 9:11:47 PM,BPD446,8M5CL,8M5CL,07/25/2026 2:49:27 PM,8M5CL,D1D,1,8156287,4.221952,0,0,0,0.479853,3.337365,0,0.564216,0,0,0,0,0,3.379388,1.171153,7.379598,0,20.53353
D609172,278,KJ7HD278WFD6,,,,,,,,,,,,,,,,,,,D6091720,PXMG,05/22/2026 9:11:47 PM,BPD446,8M5CL,8M5CL,07/26/2026 3:51:37 AM,8M5CL,D1D,2,8156220,0,0,0,0,0.822667,0,0.77476,0,0,0,0,0,0,1.468045,0,1.603529,0,4.669001
D609178,1,GU1AG001JKG5,,,,,,,,,,,,,,,,,,,D6091780,PXMG,05/27/2026 8:44:48 AM,BPD436,8M5CL,8M5CL,08/13/2026 3:42:22 PM,8M5CL,D1D,1,8158956,1.180192,0,0,0,3.580913,0,2.751883,0,0,0,0,0,0,1.873569,0,14.12755,0,23.42118
D609178,2,GU1AG002JKD4,,,,,,,,,,,,,,,,,,,D6091780,PXMG,05/27/2026 8:44:48 AM,BPD436,8M5CL,8M5CL,08/13/2026 3:17:06 PM,8M5CL,D1D,2,8158921,0,0,0,0,0,0,0.822777,0,0,0,0,0,0,1.430051,0,2.13393,0.729918,5.116677
D609184,248,KJ9HE248WFB6,,,,,,,,,,,,,,,,,,,D6091840,PXMG,05/27/2026 12:21:50 PM,BPD454,8M5CL,8M5CL,08/15/2026 7:45:54 AM,8M5CL,D1D,1,8158864,0,0,0,0,1.205519,3.274795,0,0,0,0,0,0,0,0,0,7.800863,0,12.28118
D609184,253,KJ9HE253WFH1,,,,,,,,,,,,,,,,,,,D6091840,PXMG,05/27/2026 12:21:50 PM,BPD454,8M5CL,8M5CL,08/14/2026 12:44:05 AM,8M5CL,D1D,2,8158840,1.756928,0,0,0,0,0,0,0,0,0,0,0,0,0,1.478751,1.166988,7.786413,12.18908
D609168,729,GU1PU729JKF2,,,,,,,,,,,,,,,,,,,D6091680,PXMG,05/26/2026 3:00:08 AM,BPD436,8M5CL,8M5CL,08/02/2026 2:52:37 PM,8M5CL,D1D,1,8155448,0,0,0,0,0.54355,7.129912,0,0,0,0,0,0,0,9.26208,0,4.592586,0,21.52813
D609168,730,GU1PU730JKB0,,,,,,,,,,,,,,,,,,,D6091680,PXMG,05/26/2026 3:00:08 AM,BPD436,8M5CL,8M5CL,05/26/2026 8:20:51 AM,8M5CL,D1D,2,8155258,1.138971,0,0,0,0.161862,1.051002,6.2258,0,0,0,0,0,0,5.923571,0,0,0,13.54102
D609170,130,A29G5130SLE3,,,,,,,,,,,,,,,,,,,D6091700,PXMG,05/28/2026 6:25:21 AM,BPD454,8M5CL,8M5CL,08/10/2026 4:15:49 AM,8M5CL,D1D,1,8156251,0,0,0,0,1.833965,0,3.908323,0,0,0,0,0,0,2.988471,0,1.683132,0,9.552102
D609170,135,A29G5135SLD4,,,,,,,,,,,,,,,,,,,D6091700,PXMG,05/28/2026 6:25:21 AM,BPD454,8M5CL,8M5CL,08/12/2026 12:55:16 PM,8M5CL,D1D,2,8156134,1.149079,0,0,0,0,1.06277,1.339668,0,0,0,0,0,0,0,0,1.657833,0,5.20935
D609180,55,A2AQR055SLC7,,,,,,,,,,,,,,,,,,,D6091800,PXMG,05/25/2026 2:17:12 PM,BPD436,8M5CL,8M5CL,07/31/2026 11:51:13 PM,8M5CL,D1D,1,8158651,0,0,0,0,0,0,0,0,0,0,0,0,0,4.129757,0,2.421075,0,6.550833
D609180,58,A2AQR058SLA7,,,,,,,,,,,,,,,,,,,D6091800,PXMG,05/25/2026 2:17:12 PM,BPD436,8M5CL,8M5CL,08/02/2026 10:25:27 PM,8M5CL,D1D,2,8158703,0,0,0,0,0,1.479169,0.784051,0,0,0,0,0,0,0,0,1.154616,0,3.417836
D609189,229,A2BJ8229SLF2,,,,,,,,,,,,,,,,,,,D6091890,PXMG,05/25/2026 1:41:06 PM,BPD436,8M5CL,8M5CL,07/21/2026 11:11:58 AM,8M5CL,D1D,1,8161294,0,1.514612,0,0,0.741397,1.824854,0,0,0,0,0,0,0,2.059525,2.17434,8.759671,0.378388,17.45279
D609189,277,A2ASU277SLD5,,,,,,,,,,,,,,,,,,,D6091890,PXMG,05/25/2026 1:41:06 PM,BPD436,8M5CL,8M5CL,07/20/2026 1:42:02 PM,8M5CL,D1D,2,8161349,0,0,0,0,0,0,1.339668,0,0,0,0,1.186138,0,0,0,5.17849,0,7.704293
D610243,886,GU4ZC886JKD2,,,,,,,,,,,,,,,,,,,D6102430,PXMG,05/26/2026 1:25:40 AM,BPD436,8M5CL,8M5CL,08/15/2026 2:53:12 PM,8M5CL,D1D,1,8201623,0,0,0,0,0.670044,1.588867,0,0,0,0,0,0,0,0,0,1.141066,0,3.399978
D610243,892,GU4ZC892JKF4,,,,,,,,,,,,,,,,,,,D6102430,PXMG,05/26/2026 1:25:40 AM,BPD436,8M5CL,8M5CL,08/15/2026 2:41:30 PM,8M5CL,D1D,2,8201685,0,0,0,0,1.914463,0,1.327883,0,0,0,0,0,0,0,0,4.31199,0,7.554336
D609187,554,MCLKD554WAG6,,,,,,,,,,,,,,,,,,,D6091870,PXMG,05/30/2026 10:20:23 PM,BPD458,8M5CL,8M5CL,07/24/2026 1:58:04 AM,8M5CL,D1D,1,8161287,1.857362,0,0,0,0,1.159067,1.461054,0,0,0,0,0,0,2.676744,0,2.497198,1.304254,10.57102
D609187,573,MCLKD573WAE1,,,,,,,,,,,,,,,,,,,D6091870,PXMG,05/30/2026 10:20:23 PM,BPD458,8M5CL,8M5CL,07/24/2026 5:40:37 AM,8M5CL,D1D,2,8161405,0.659628,0,0,0,0,0,1.561653,0,0,0,0,0,0,1.588551,0,0.889712,0,4.699544
D610247,17,A2BS5017SLF1,,,,,,,,,,,,,,,,,,,D6102470,PXMG,05/30/2026 5:41:21 AM,BPD436,8M5CL,8M5CL,07/19/2026 4:22:49 AM,8M5CL,D1D,1,8201479,1.149079,0,0,0,0.224091,2.439438,0.563335,0,0,0,0,1.571356,0,3.446571,0,0,0.459498,9.853368
D610247,18,A2BS5018SLC0,,,,,,,,,,,,,,,,,,,D6102470,PXMG,05/30/2026 5:41:21 AM,BPD436,8M5CL,8M5CL,07/19/2026 5:44:08 AM,8M5CL,D1D,2,8201472,0,0,0,0,0.080931,0,2.495003,0,1.926508,0,0,0,0,0,0,0.756528,0.313827,5.572797
D610225,695,GU4ZC695JKF2,,,,,,,,,,,,,,,,,,,D6102250,PXMG,05/29/2026 10:55:13 PM,BPD458,8M5CL,8M5CL,07/31/2026 4:30:06 PM,8M5CL,D1D,1,8191019,0,0,0,0,0.322377,0,0,0,0,0,0,0,0,2.130959,0,3.074983,0.784526,6.312847
D610225,696,GU4ZC696JKC1,,,,,,,,,,,,,,,,,,,D6102250,PXMG,05/29/2026 10:55:13 PM,BPD458,8M5CL,8M5CL,08/01/2026 9:39:50 PM,8M5CL,D1D,2,8191182,0,0,0,0,0.170659,1.643469,1.268064,0,0,0,0,0,0,1.782679,0.958635,2.734497,0,8.558004
D610225,697,GU4ZC697JKG3,,,,,,,,,,,,,,,,,,,D6102250,PXMG,05/29/2026 10:55:13 PM,BPD458,8M5CL,8M5CL,08/01/2026 9:29:11 PM,8M5CL,D1D,3,8190921,0,0,0,0,0.437844,0,0,0,0,0,0,0,0,1.904105,0,1.686654,0,4.028603
D610225,698,GU4ZC698JKD2,,,,,,,,,,,,,,,,,,,D6102250,PXMG,05/29/2026 10:55:13 PM,BPD458,8M5CL,8M5CL,08/01/2026 8:59:42 AM,8M5CL,D1D,4,8191113,0,0,0,0,0.22212,0,0,0,1.568916,0,0,0,0,0,0,0.756528,0,2.547564
D610226,865,GU4ZC865JKE6,,,,,,,,,,,,,,,,,,,D6102260,PXMG,05/30/2026 6:21:36 AM,BPD436,8M5CL,8M5CL,08/14/2026 11:57:20 AM,8M5CL,D1D,1,8191140,0,0,0,0,0,0,2.973736,0,0,0,0,0,0,1.912638,0,3.624087,0,8.510461
D610226,866,GU4ZC866JKB5,,,,,,,,,,,,,,,,,,,D6102260,PXMG,05/30/2026 6:21:36 AM,BPD436,8M5CL,8M5CL,08/14/2026 11:15:07 AM,8M5CL,D1D,2,8191154,0,0,0,0,0,0,0,0,0,0,0,0,0,3.416252,0,0.756528,0,4.17278
D610238,5,MCLXT005WAB0,,,,,,,,,,,,,,,,,,,D6102380,PXMG,05/29/2026 7:53:06 AM,BPD446,8M5CL,8M5CL,08/12/2026 10:39:41 AM,8M5CL,D1D,1,8198579,0,0,0,0,0.282559,1.34006,0,0,0,0,0,0,0,1.843632,0,2.008412,0,5.474665
D610238,15,MCLXT015WAF4,,,,,,,,,,,,,,,,,,,D6102380,PXMG,05/29/2026 7:53:06 AM,BPD446,8M5CL,8M5CL,08/12/2026 7:39:45 PM,8M5CL,D1D,2,8198497,0,0,0,0,0.172173,2.206682,0,0,0,0,0,0,0,0,0,1.995523,0,4.374379
D610233,11,MCLXT011WAD2,,,,,,,,,,,,,,,,,,,D6102330,PXMG,05/29/2026 7:14:24 AM,BPD446,8M5CL,8M5CL,06/01/2026 8:56:00 AM,8M5CL,D1D,1,8198751,0,0,0,0,0.224091,0,0,0,0,0,0,0.99643,0,0,0,0.763242,0,1.983764
D610233,20,MCLXT020WAD4,,,,,,,,,,,,,,,,,,,D6102330,PXMG,05/29/2026 7:14:24 AM,BPD446,8M5CL,8M5CL,06/01/2026 8:47:14 AM,8M5CL,D1D,2,8198556,0,0,0,0,0,0,0,0,0,0,0,0,0,0,0,1.839025,0,1.839025
D610233,31,MCLXT031WAE7,,,,,,,,,,,,,,,,,,,D6102330,PXMG,05/29/2026 7:14:24 AM,BPD446,8M5CL,8M5CL,06/01/2026 8:55:54 AM,8M5CL,D1D,3,8198649,2.172223,0,0,0,0,1.208192,0,0,0,0,0,0,0,2.493315,0,0.867678,6.062147,10.7169
D610233,55,MCLXT055WAB3,,,,,,,,,,,,,,,,,,,D6102330,PXMG,05/29/2026 7:14:24 AM,BPD446,8M5CL,8M5CL,06/01/2026 8:47:30 AM,8M5CL,D1D,4,8198533,1.149079,0,0,0,0,1.06033,2.618986,0,0,0,0,0,0,0,0,0.763242,0,5.591637
D610266,306,KJAYT306WFB6,,,,,,,,,,,,,,,,,,,D6102660,PXMG,06/02/2026 6:30:09 AM,BPD446,8M5CL,8M5CL,08/07/2026 11:03:55 AM,8M5CL,D1D,1,8206995,0,0,0,0,0,0,0,0,0,0,0,0,0,0,0,4.714428,0.611009,5.325437
D610266,579,KJAYU579WFA3,,,,,,,,,,,,,,,,,,,D6102660,PXMG,06/02/2026 6:30:09 AM,BPD446,8M5CL,8M5CL,08/07/2026 11:04:04 AM,8M5CL,D1D,2,8206925,0,0,0,0,0.33075,3.186567,2.657769,0,0,0,0,0,0,9.889108,0,18.76118,2.126242,33.97734
D610266,580,KJAYU580WFD4,,,,,,,,,,,,,,,,,,,D6102660,PXMG,06/02/2026 4:41:59 PM,BPD436,8M5CL,8M5CL,08/07/2026 11:03:50 AM,8M5CL,D1D,3,8206928,0,0,0,0,0.229217,1.695984,0,0,0,0,0,0,0,0,0,1.561404,0.470008,3.956613
D610266,582,KJAYU582WFE5,,,,,,,,,,,,,,,,,,,D6102660,PXMG,06/02/2026 4:41:59 PM,BPD436,8M5CL,8M5CL,08/07/2026 11:04:08 AM,8M5CL,D1D,4,8206998,0,0,0,0,0.260604,0,0.929577,0,0,0,0,0,0,1.106559,0,2.92004,0,5.216778
D611334,282,KJAYT282WFG7,,,,,,,,,,,,,,,,,,,D6113340,PXMG,06/04/2026 4:33:43 PM,BPD436,8M5CL,8M5CL,08/07/2026 11:03:51 AM,8M5CL,D1D,1,8233423,0,0,0,0,3.242761,1.189486,2.129902,0,0,0,0,0,0,5.493986,0,20.69555,0,32.75169
D611334,315,KJAYT315WFC0,,,,,,,,,,,,,,,,,,,D6113340,PXMG,06/04/2026 4:33:43 PM,BPD436,8M5CL,8M5CL,08/07/2026 11:03:37 AM,8M5CL,D1D,2,8233333,0,0,0,0,0.549139,0,1.388617,0,0,0,0,2.065447,0,0.757782,0,0,0,4.760985
D611334,318,KJAYT318WFA0,,,,,,,,,,,,,,,,,,,D6113340,PXMG,06/04/2026 4:33:43 PM,BPD436,8M5CL,8M5CL,08/07/2026 11:03:33 AM,8M5CL,D1D,3,8233340,0,0,0,0,0.324251,1.617532,0,0,0,0,0,0,0,0,0,2.328651,0.942291,5.212723
D611334,329,KJAYT329WFB3,,,,,,,,,,,,,,,,,,,D6113340,PXMG,06/04/2026 4:33:43 PM,BPD436,8M5CL,8M5CL,08/07/2026 11:03:45 AM,8M5CL,D1D,4,8233443,0,0,0,0,0,1.06277,0,0,0,0,0,0,0,0,0,0.943762,0,2.006533
D610215,109,KJ9HA109WFC1,,,,,,,,,,,,,,,,,,,D6102150,PNCB,05/31/2026 6:24:59 AM,BPD446,8M5CL,8M5CL,07/28/2026 12:24:36 AM,8M5CL,D1D,1,8193331,0,0,0,0,0.709889,0.628592,1.414624,0,1.931695,0,0,0,0,1.819705,0,3.787715,0.485207,10.77743
D610215,176,KJ9HA176WFG1,,,,,,,,,,,,,,,,,,,D6102150,PNCB,05/31/2026 6:24:59 AM,BPD446,8M5CL,8M5CL,07/27/2026 11:51:04 PM,8M5CL,D1D,2,8193145,0,0,0,0,0.164904,0,0.539551,0,0,0,0,0,0,3.767292,0,2.382396,0.705305,7.559447
D611331,2,KJAAE002WFF5,,,,,,,,,,,,,,,,,,,D6113310,PXMG,06/04/2026 7:50:50 AM,BPD436,8M5CL,8M5CL,08/12/2026 1:33:52 PM,8M5CL,D1D,1,8233347,0,0,0,0,0,0,0,0,0,0,0,0,0,0.72464,0.958635,0.756528,0,2.439803
D611331,17,KJAAE017WFB7,,,,,,,,,,,,,,,,,,,D6113310,PXMG,06/04/2026 7:50:50 AM,BPD436,8M5CL,8M5CL,08/12/2026 1:06:59 PM,8M5CL,D1D,2,8233407,0,0,0,0,1.362742,1.823794,26.00797,0,0,0,0,0,0,2.454356,0,1.657833,0,33.17835
D611331,20,KJAAE020WFG1,,,,,,,,,,,,,,,,,,,D6113310,PXMG,06/04/2026 7:50:50 AM,BPD436,8M5CL,8M5CL,08/12/2026 12:44:45 AM,8M5CL,D1D,3,8233239,2.951935,0,0,0,0.432804,0,0,0,0,0,0,0,0,1.05804,0,0,0,4.442779
D611331,21,KJAAE021WFD0,,,,,,,,,,,,,,,,,,,D6113310,PXMG,06/04/2026 7:50:50 AM,BPD436,8M5CL,8M5CL,08/13/2026 3:17:00 PM,8M5CL,D1D,4,8233371,0,0,0,0,1.247433,0,1.891849,0,0,0,0,0,0,1.824635,0,5.720758,0.482675,10.94366
D610234,73,GT9ZP073JKH0,,,,,,,,,,,,,,,,,,,D6102340,PXMG,06/01/2026 1:13:48 AM,BPD436,8M5CL,8M5CL,08/15/2026 8:32:48 AM,8M5CL,D1D,1,8198760,2.116331,0,0,0,7.539415,0,9.487201,0,0,0,0,0,0,0.80972,0.649743,3.600369,0,24.20278
D610234,74,GT9ZP074JKD7,,,,,,,,,,,,,,,,,,,D6102340,PXMG,06/01/2026 1:13:48 AM,BPD436,8M5CL,8M5CL,08/14/2026 6:52:30 PM,8M5CL,D1D,2,8198658,0,0,0,0,1.077173,0,0.608741,0,0,0,0,0,0,0,0,0.756528,0,2.442442
D610245,671,GU4ZC671JKB3,,,,,,,,,,,,,,,,,,,D6102450,PXMG,06/05/2026 1:17:32 AM,BPD436,8M5CL,8M5CL,08/15/2026 2:04:00 PM,8M5CL,D1D,1,8201210,0,0,0,0,0,0,0,0,0,0,0,0,0,1.723286,0,4.842151,0,6.565436
D610245,672,GU4ZC672JKF5,,,,,,,,,,,,,,,,,,,D6102450,PXMG,06/05/2026 1:17:32 AM,BPD436,8M5CL,8M5CL,08/15/2026 2:17:03 PM,8M5CL,D1D,2,8201177,0,0,0,0,0.617619,1.266435,1.524481,0,0,0,0,0,0,3.325515,0,2.88504,0,9.562988
D610245,674,GU4ZC674JKG6,,,,,,,,,,,,,,,,,,,D6102450,PXMG,06/05/2026 1:17:32 AM,BPD436,8M5CL,8M5CL,08/15/2026 11:32:52 PM,8M5CL,D1D,3,8201333,0,0,0,0,0,4.109439,0.558379,0,0,0,0,0,0,3.416252,0.958635,5.953065,0,14.99577
D610245,675,GU4ZC675JKD5,,,,,,,,,,,,,,,,,,,D6102450,PXMG,06/05/2026 1:17:32 AM,BPD436,8M5CL,8M5CL,08/15/2026 11:40:33 PM,8M5CL,D1D,4,8201411,0,0,0,0,0,0,1.339668,0,0,0,0,0,0,0,0,2.421075,0,3.760743
D611325,77,A2BR6077SLA0,,,,,,,,,,,,,,,,,,,D6113250,PXMG,06/04/2026 8:42:07 AM,BPD458,8M5CL,8M5CL,08/07/2026 11:03:36 AM,8M5CL,D1D,1,8229498,0,0,0,0,0.568438,1.953399,1.953811,0,0,0,0,0,0,0,0,0,0.581941,5.057589
D611325,78,A2BR6078SLE2,,,,,,,,,,,,,,,,,,,D6113250,PXMG,06/04/2026 8:42:07 AM,BPD458,8M5CL,8M5CL,08/07/2026 11:03:24 AM,8M5CL,D1D,2,8229593,0,0,0,0,0.44424,0,0,0,0,0,0,0,0,3.416252,0,4.735118,1.185374,9.780985
D609174,44,MCLPG044WAA5,,,,,,,,,,,,,,,,,,,D6091740,PXMG,06/03/2026 5:51:35 PM,BPD458,8M5CL,8M5CL,08/10/2026 3:35:10 AM,8M5CL,D1D,1,8156125,1.407114,0,0,0,0.648811,2.027396,1.6405,0,0,0,1.494328,0,0,2.110263,0,4.26032,0,12.58024
D609174,51,MCLPG051WAH1,,,,,,,,,,,,,,,,,,,D6091740,PXMG,06/03/2026 5:51:35 PM,BPD458,8M5CL,8M5CL,08/07/2026 11:03:49 AM,8M5CL,D1D,2,8156338,0,0,0,0,0.224091,0,0,0,0,0,0,0,0,0,1.819356,0.763242,0,2.80669
D609174,80,MCLPG080WAB5,,,,,,,,,,,,,,,,,,,D6091740,PXMG,06/03/2026 5:51:35 PM,BPD458,8M5CL,8M5CL,08/10/2026 2:21:04 AM,8M5CL,D1D,3,8156168,0.754989,0,0,0,0.392779,6.551907,0,0,0,0,0,0,0,0,0,0.756528,0.455456,8.911659
D609174,538,MCLKB538WAG5,,,,,,,,,,,,,,,,,,,D6091740,PXMG,06/03/2026 5:51:35 PM,BPD458,8M5CL,8M5CL,08/12/2026 12:32:10 AM,8M5CL,D1D,4,8156211,0,0,0,0,0.210684,0,0,0,0,0,0,0,0,0,0,0.756528,0,0.967212
D611305,419,GU1PT419JKD0,,,,,,,,,,,,,,,,,,,D6113050,PNCB,06/03/2026 1:01:28 PM,BPD458,8M5CL,8M5CL,08/23/2026 9:52:33 PM,8M5CL,D1D,1,8243130,0,0,0,0,0.513017,1.375896,2.521998,0,0,0,0,0,0,5.756224,0,0,0,10.16713
D611305,420,GU1PT420JKG1,,,,,,,,,,,,,,,,,,,D6113050,PNCB,06/03/2026 1:01:28 PM,BPD458,8M5CL,8M5CL,08/23/2026 7:59:06 PM,8M5CL,D1D,2,8243147,0,0,0,0,0,0.880265,0,0,0,0,0,0,0,1.934486,0,0.88001,0.849056,4.543814
D610888,227,A2AL6227SLA1,,,,,,,,,,,,,,,,,,,D610888A,PD5B,06/01/2026 11:50:25 PM,BPD436,8M5CL,8M5CL,06/10/2026 12:13:51 PM,8M5CL,D1D,1,8389456,0,0,0,0,0.31335,1.089222,2.684168,0,0,0,0,0,0,3.532352,0.991215,1.564476,1.387792,11.56258
D610888,228,A2AL6228SLE3,,,,,,,,,,,,,,,,,,,D610888A,PD5B,06/01/2026 11:50:25 PM,BPD436,8M5CL,8M5CL,06/10/2026 12:14:20 PM,8M5CL,D1D,2,8389529,0,0,0,0,0.31292,0.781392,0,0,0,0,0,0,0,3.527505,1.979707,0.781164,0,6.775959
D610229,61,A29ZA061SLD3,,,,,,,,,,,,,,,,,,,D6102290,PXMG,05/31/2026 1:56:22 AM,BPD446,8M5CL,8M5CL,08/03/2026 11:11:29 AM,8M5CL,D1D,1,8191021,0,0,0,0,1.652047,0.78582,0,0,0,0,0,0,0,0,0,0,0,2.437864
D610229,69,A2BMH069SLD1,,,,,,,,,,,,,,,,,,,D6102290,PXMG,05/31/2026 1:56:22 AM,BPD446,8M5CL,8M5CL,08/03/2026 10:43:56 AM,8M5CL,D1D,2,8190922,0,0,0,0,0.225718,0,0,0,0,0,0,0,0,0,3.430408,0.880959,0.782002,5.319084
D611320,173,MCLPG173WAB5,,,,,,,,,,,,,,,,,,,D6113200,PXMG,05/31/2026 1:29:37 AM,BPD454,8M5CL,8M5CL,06/01/2026 9:06:31 AM,8M5CL,D1D,1,8229447,0,0,0,0,0.271306,3.135328,2.303949,0,0,0,0,0,0,2.0313,0,13.04225,0,20.78414
D611320,196,MCLPG196WAB2,,,,,,,,,,,,,,,,,,,D6113200,PXMG,05/31/2026 1:29:37 AM,BPD454,8M5CL,8M5CL,06/01/2026 9:06:40 AM,8M5CL,D1D,2,8229409,0,0,0,0,0.250714,1.186298,0,0,0,0,0,0,0,1.928014,0,0.928137,0,4.293163
D609164,532,5DXDW532MVB6,,,,,,,,,,,,,,,,,,,D6091640,PXMG,05/31/2026 3:11:40 PM,BPD446,8M5CL,8M5CL,06/01/2026 9:22:42 AM,8M5CL,D1D,1,8155306,0,0,0,0,0.084214,1.096165,0,0,0,0,0,0,0,0.754043,0,4.622426,0,6.556847
D609164,537,5DXDW537MVA7,,,,,,,,,,,,,,,,,,,D6091640,PXMG,05/31/2026 3:11:40 PM,BPD446,8M5CL,8M5CL,06/01/2026 9:22:36 AM,8M5CL,D1D,2,8155276,0,0,0,0,0,0,0,0,0,0,0,0,0,0,0,0,0,0
D610254,370,KJAAC370WFD1,,,,,,,,,,,,,,,,,,,D6102540,PXMG,06/06/2026 6:45:22 PM,BPD436,8M5CL,8M5CL,08/07/2026 11:03:22 AM,8M5CL,D1D,1,8203438,2.277941,0,0,0,0,0.756748,0,0,0,0,0,0,0,0,0,1.629172,0,4.663862
D610254,422,KJAAC422WFD0,,,,,,,,,,,,,,,,,,,D6102540,PXMG,06/06/2026 6:45:22 PM,BPD436,8M5CL,8M5CL,08/07/2026 11:03:27 AM,8M5CL,D1D,2,8203492,1.27113,0,0,0,0.325452,2.50303,0.679375,0,0,0,0,0,0,0,0,6.574333,0,11.35332
D610254,425,KJAAC425WFB0,,,,,,,,,,,,,,,,,,,D6102540,PXMG,06/06/2026 6:45:22 PM,BPD436,8M5CL,8M5CL,08/15/2026 8:22:50 AM,8M5CL,D1D,3,8203463,0,0,0,0,0.321227,0.833594,1.396833,0,0,0,0,0,0,0,0,0,0,2.551654
D610254,435,KJAAC435WFF4,,,,,,,,,,,,,,,,,,,D6102540,PXMG,06/06/2026 6:45:22 PM,BPD436,8M5CL,8M5CL,08/07/2026 11:03:37 AM,8M5CL,D1D,4,8203553,0,0,0,0,0.572134,0.974612,0,0,0,0,0,0,0,3.504467,0,5.553388,0,10.6046
D610257,439,MCLKB439WAE3,,,,,,,,,,,,,,,,,,,D6102570,PXMG,06/06/2026 1:43:18 PM,BPD454,8M5CL,8M5CL,08/07/2026 11:03:10 AM,8M5CL,D1D,1,8203336,0,0,0,0,0,0,0,0,0,0,0,0,0,1.376297,0,3.557028,0,4.933325
D610257,446,MCLKB446WAD4,,,,,,,,,,,,,,,,,,,D6102570,PXMG,06/06/2026 1:43:18 PM,BPD454,8M5CL,8M5CL,08/13/2026 2:52:06 PM,8M5CL,D1D,2,8203288,0,0,0,0,0,0,0,0,0,0,0,0,0,1.361091,0,4.938325,0,6.299416
D610259,336,KJ9HD336WFC2,,,,,,,,,,,,,,,,,,,D6102590,PXMG,06/06/2026 9:04:33 AM,BPD446,8M5CL,8M5CL,08/15/2026 7:39:32 AM,8M5CL,D1D,1,8203379,0,0,0,0,0,0,0,0,0,0,0,0,0,0,0,2.399778,1.876418,4.276196
D610259,337,KJ9HD337WFG4,,,,,,,,,,,,,,,,,,,D6102590,PXMG,06/06/2026 9:04:33 AM,BPD446,8M5CL,8M5CL,08/15/2026 7:04:30 AM,8M5CL,D1D,2,8203493,0,0,0,0,0.1708,0,0,0,0,0,0,0,0,0,0,2.439014,0,2.609816
D610259,340,KJ9HD340WFD3,,,,,,,,,,,,,,,,,,,D6102590H,PXMG,06/06/2026 8:29:07 AM,BPD446,8M5CL,8M5CL,08/13/2026 11:59:46 PM,8M5CL,D1D,1,8740428,1.186595,0,0,0,0.231407,0,0,0,0,0,0,0,0,13.89062,0,1.711957,1.995376,19.01595
D610259,344,KJ9HD344WFF5,,,,,,,,,,,,,,,,,,,D6102590H,PXMG,06/06/2026 8:29:07 AM,BPD446,8M5CL,8M5CL,08/15/2026 7:01:33 AM,8M5CL,D1D,2,8740443,0,0,0,0,0.22212,1.053421,0,0,0,0,0,0,0,1.708126,0,0.756528,0.455456,4.195652
D610259,346,KJ9HD346WFG6,,,,,,,,,,,,,,,,,,,D6102590H,PXMG,06/06/2026 8:29:07 AM,BPD446,8M5CL,8M5CL,08/14/2026 12:12:54 AM,8M5CL,D1D,3,8740396,0,0,0,0,0,0.937642,0,0,0,0,0,0,0,2.116438,0,3.467993,0,6.522073
D610259,361,KJ9HD361WFB7,,,,,,,,,,,,,,,,,,,D6102590H,PXMG,06/06/2026 8:29:07 AM,BPD446,8M5CL,8M5CL,08/14/2026 12:05:28 AM,8M5CL,D1D,4,8740362,0,0,0,0,1.893808,0,0,0,0,0,0,0,0,4.228464,0,1.430449,6.956185,13.80719
D610882,623,5DXKH623MVB2,,,,,,,,,,,,,,,,,,,D6108820,PD5B,06/12/2026 3:39:03 PM,BPD446,8M5CL,8M5CL,06/17/2026 10:14:32 AM,8M5CL,D1D,1,8191316,0,0,0,0,0,22.10132,0,0,0,0,0,1.304249,0,0,0,0.999023,0,24.32834
D610882,628,5DXKH628MVA3,,,,,,,,,,,,,,,,,,,D6108820,PD5B,06/12/2026 3:39:03 PM,BPD446,8M5CL,8M5CL,06/17/2026 10:15:16 AM,8M5CL,D1D,2,8191469,0,0,0,0,0.191989,0,0.482634,0,0,0,0,0,0,1.476416,0,1.307808,0,3.458847
D610871,40,MCLXT040WAF1,,,,,,,,,,,,,,,,,,,D6108710,PR8B,06/11/2026 1:52:54 PM,BPD458,8M5CL,8M5CL,08/23/2026 6:34:52 PM,8M5CL,D1D,1,8213309,0,0,0,0,1.340429,4.657237,3.382937,0,0,0,0,0,0,5.355512,0,8.048783,0,22.7849
D610871,45,MCLXT045WAE2,,,,,,,,,,,,,,,,,,,D6108710,PR8B,06/11/2026 1:52:54 PM,BPD458,8M5CL,8M5CL,08/23/2026 7:20:39 PM,8M5CL,D1D,2,8213245,0,0,0,0,0,0,1.887099,0,0,0,0,0,0,0,0,5.141156,0.711251,7.739506
D610871,46,MCLXT046WAB1,,,,,,,,,,,,,,,,,,,D6108710,PR8B,06/11/2026 1:52:54 PM,BPD458,8M5CL,8M5CL,08/22/2026 9:03:08 AM,8M5CL,D1D,3,8213297,3.809213,0,0,0,0.095973,3.376298,0,0,0,0,0,0,0,2.884946,0,0,0.540113,10.01115
D611330,338,KJAYR338WFA7,,,,,,,,,,,,,,,,,,,D6113300,PXMG,06/10/2026 10:25:09 AM,BPD436,8M5CL,8M5CL,08/12/2026 6:29:08 PM,8M5CL,D1D,1,8233276,0,0,0,0,0.227216,0,0.565588,0,0,0,0,0,0,5.302796,0,8.125195,0,14.2208
D611330,415,KJAYR415WFA3,,,,,,,,,,,,,,,,,,,D6113300,PXMG,06/10/2026 10:25:09 AM,BPD436,8M5CL,8M5CL,08/12/2026 9:32:47 AM,8M5CL,D1D,2,8233391,0,0,0,0,0,8.365403,1.597162,0,0,0,0,0,0,0,0,1.63999,0,11.60256
D611330,421,KJAYR421WFC5,,,,,,,,,,,,,,,,,,,D6113300,PXMG,06/10/2026 10:25:09 AM,BPD436,8M5CL,8M5CL,08/12/2026 9:08:09 AM,8M5CL,D1D,3,8233291,0,0,0,0,0,1.597779,0,0,0,0,0,0,0,1.723286,0,1.592824,0,4.913889
D611330,444,KJAYR444WFC2,,,,,,,,,,,,,,,,,,,D6113300,PXMG,06/10/2026 10:25:09 AM,BPD436,8M5CL,8M5CL,08/12/2026 8:55:25 AM,8M5CL,D1D,4,8233377,0,0,0,0,0.924343,1.849696,0,0,0,0,1.523036,0,0,2.150803,0,4.098372,0,10.54625
D611330,447,KJAYR447WFA2,,,,,,,,,,,,,,,,,,,D6113300,PXMG,06/10/2026 10:25:09 AM,BPD436,8M5CL,8M5CL,08/12/2026 10:13:23 AM,8M5CL,D1D,5,8233373,0,0,0,0,0.568438,6.663011,1.339668,0,0,0,0,0,0,4.780483,0,3.064546,0,16.41614
D611330,449,KJAYR449WFB3,,,,,,,,,,,,,,,,,,,D6113300,PXMG,06/10/2026 10:25:09 AM,BPD436,8M5CL,8M5CL,08/14/2026 11:21:32 AM,8M5CL,D1D,6,8233417,0,0,0,0,0,1.71635,0.569734,0,0,0,0,0,0,0,1.840024,4.870593,0,8.9967
D611330,457,KJAYR457WFE6,,,,,,,,,,,,,,,,,,,D6113300,PXMG,06/10/2026 10:25:09 AM,BPD436,8M5CL,8M5CL,08/14/2026 11:04:19 AM,8M5CL,D1D,7,8233280,0,0,0,0,0,4.18953,1.476803,0,0,0,0,0,0,1.989304,0,5.418776,0,13.07441
D611330,477,KJAYR477WFG3,,,,,,,,,,,,,,,,,,,D6113300,PXMG,06/10/2026 10:25:09 AM,BPD436,8M5CL,8M5CL,08/12/2026 10:45:04 AM,8M5CL,D1D,8,8233396,0,0,0,0,0,2.261172,0.603767,0,0,0,0,0,0,0,0,10.01517,0,12.88011
D611330,478,KJAYR478WFD2,,,,,,,,,,,,,,,,,,,D6113300,PXMG,06/10/2026 10:25:09 AM,BPD436,8M5CL,8M5CL,08/12/2026 10:57:25 AM,8M5CL,D1D,9,8233351,3.628947,0,0,0,0,1.117623,0,0,0,0,0,1.458659,0,0,0,2.426876,0,8.632102
D611330,482,KJAYR482WFE3,,,,,,,,,,,,,,,,,,,D6113300,PXMG,06/10/2026 10:25:09 AM,BPD436,8M5CL,8M5CL,08/12/2026 9:13:56 AM,8M5CL,D1D,10,8233345,0,0,0,0,0,0,1.365045,0,0,0,0,0,0,0.744921,0.985464,0,0,3.095429
D611330,500,KJAYR500WFD2,,,,,,,,,,,,,,,,,,,D6113300,PXMG,06/10/2026 10:25:09 AM,BPD436,8M5CL,8M5CL,08/14/2026 11:48:32 AM,8M5CL,D1D,11,8233336,0,0,0,0,0,0,1.070723,0,0,0,0,1.737215,0,0,0,3.555462,0,6.363398
D611330,507,KJAYR507WFD4,,,,,,,,,,,,,,,,,,,D6113300,PXMG,06/10/2026 10:25:09 AM,BPD436,8M5CL,8M5CL,08/14/2026 11:24:47 AM,8M5CL,D1D,12,8233419,1.216646,0,0,0,0.462321,0.808356,1.354544,0,0,0,0,0,0,7.298466,1.024011,0.878363,0,13.04271
D610255,102,KJA9Y102WFD0,,,,,,,,,,,,,,,,,,,D6102550,PXMG,06/08/2026 7:56:59 AM,BPD436,8M5CL,8M5CL,08/13/2026 2:43:16 PM,8M5CL,D1D,1,8203435,9.493436,0,0,0,0.459644,2.554639,2.822784,0,0,0,0,0,0,11.77254,4.138017,8.15229,6.141456,32.98415
D610255,166,KJA9Y166WFC6,,,,,,,,,,,,,,,,,,,D6102550,PXMG,06/08/2026 7:56:59 AM,BPD436,8M5CL,8M5CL,08/13/2026 2:48:50 PM,8M5CL,D1D,2,8203391,0,0,0,0,0.278587,0,1.665457,0,0,0,0,0,0,7.429458,0.581471,8.067235,0,17.5446
D610255,206,KJA9Y206WFE3,,,,,,,,,,,,,,,,,,,D6102550,PXMG,06/08/2026 10:24:59 PM,BPD454,8M5CL,8M5CL,08/13/2026 2:44:40 PM,8M5CL,D1D,3,8203416,0,0,0,0,0,1.317131,0,0,0,0,0,0,0,1.322906,0,3.082746,0,5.722783
D610255,218,KJA9Y218WFC5,,,,,,,,,,,,,,,,,,,D6102550,PXMG,06/08/2026 10:24:59 PM,BPD454,8M5CL,8M5CL,08/12/2026 2:49:18 PM,8M5CL,D1D,4,8203446,0,0,0,0,0,0,5.568724,0,0,0,0,0,0,3.233925,2.184013,2.406782,2.340493,11.48121
D610255,220,KJA9Y220WFC5,,,,,,,,,,,,,,,,,,,D6102550,PXMG,06/08/2026 10:24:59 PM,BPD454,8M5CL,8M5CL,08/13/2026 2:59:34 PM,8M5CL,D1D,5,8203504,0.585513,0,0,0,0,0,3.404937,0,0,0,0,0,0,6.805195,0,10.76042,0,21.55607
D610255,170,KJA9Y170WFD7,,,,,,,,,,,,,,,,,,,D6102550S,PXMG,06/08/2026 10:38:38 AM,BPD454,8M5CL,8M5CL,08/07/2026 11:02:47 AM,8M5CL,D1D,1,8751570,0,0,0,0,0.216985,2.021054,0,0,0,0,0,0,0,0,0,3.116621,0.630573,5.985233
D610255,172,KJA9Y172WFF0,,,,,,,,,,,,,,,,,,,D6102550S,PXMG,06/08/2026 10:38:38 AM,BPD454,8M5CL,8M5CL,08/13/2026 2:35:28 PM,8M5CL,D1D,2,8751565,0,0,0,0,0.303051,1.053421,3.264507,0,0,0,0,0,0,0,0,0.756528,0,5.377507
D610255,174,KJA9Y174WFG1,,,,,,,,,,,,,,,,,,,D6102550S,PXMG,06/08/2026 10:38:38 AM,BPD454,8M5CL,8M5CL,08/13/2026 2:50:03 PM,8M5CL,D1D,3,8751530,0,0,0,0,0.093715,0,5.152893,0,0,0,0,0,0,0,0.673325,4.117118,0,10.03705
D610255,177,KJA9Y177WFE1,,,,,,,,,,,,,,,,,,,D6102550S,PXMG,06/08/2026 10:38:38 AM,BPD454,8M5CL,8M5CL,08/12/2026 3:44:45 PM,8M5CL,D1D,4,8751563,1.236064,0,0,0,0.087831,2.286445,2.04706,0,0,0,0,0,0,16.34253,0,5.068842,0,26.37566
D611324,265,GU1PT265JKC7,,,,,,,,,,,,,,,,,,,D6113240,PXMG,06/07/2026 11:42:41 PM,BPD436,8M5CL,8M5CL,08/07/2026 11:02:41 AM,8M5CL,D1D,1,8229455,2.928268,0,0,0,0,5.690048,0,0,0,0,0,2.70783,0,8.251134,0,6.432688,2.503479,26.46362
D611324,266,GU1PT266JKH1,,,,,,,,,,,,,,,,,,,D6113240,PXMG,06/07/2026 11:42:41 PM,BPD436,8M5CL,8M5CL,08/07/2026 11:02:47 AM,8M5CL,D1D,2,8229544,0,0,0,0,0.309849,7.342802,2.618069,0,0,0,0,0,0,15.43476,0,4.402921,0,28.48397
D611327,93,A29TR093SLG3,,,,,,,,,,,,,,,,,,,D6113270,PXMG,06/08/2026 4:11:19 AM,BPD446,8M5CL,8M5CL,08/10/2026 3:44:22 AM,8M5CL,D1D,1,8229624,0,0,0,0,0.224091,0,0,0,0,0,0,0,0,0,0,3.184318,0,3.408409
D611327,98,A29TR098SLF4,,,,,,,,,,,,,,,,,,,D6113270,PXMG,06/08/2026 4:11:19 AM,BPD446,8M5CL,8M5CL,08/07/2026 10:36:50 PM,8M5CL,D1D,2,8229378,0,0,0,0,0,2.185363,0,0,0,0,0,1.463295,0,2.126059,0,2.144324,0,7.526441
D611332,35,KJAZA035WFC1,,,,,,,,,,,,,,,,,,,D6113320,PXMG,06/07/2026 1:53:17 AM,BPD458,8M5CL,8M5CL,08/24/2026 9:23:31 AM,8M5CL,D1D,1,8233151,0,0,0,0,0,0,1.339668,0,0,0,0,0,0,0,0,1.592824,0,2.932492
D611332,48,KJAZA048WFE5,,,,,,,,,,,,,,,,,,,D6113320,PXMG,06/07/2026 1:53:17 AM,BPD458,8M5CL,8M5CL,08/24/2026 5:35:48 AM,8M5CL,D1D,2,8233110,0,0,0,0,0,1.800737,0,0.789468,0,0,0,0,0,2.919902,0,0,0,5.510106
D611332,73,KJAZA073WFE2,,,,,,,,,,,,,,,,,,,D6113320,PXMG,06/07/2026 1:53:17 AM,BPD458,8M5CL,8M5CL,08/22/2026 4:31:15 AM,8M5CL,D1D,3,8233138,0,0,0,0,0,3.395569,0,0,0,0,0,0,0,6.08149,0,0.89783,0,10.37489
D611332,105,KJAZA105WFC4,,,,,,,,,,,,,,,,,,,D6113320,PXMG,06/07/2026 1:53:17 AM,BPD458,8M5CL,8M5CL,08/24/2026 6:22:40 AM,8M5CL,D1D,4,8233010,1.717295,0,0,0,0.642663,0,0,0,0,0,0,0,0,1.06743,0,0.763242,0,4.19063
D611326,43,A2CJQ043SLB6,,,,,,,,,,,,,,,,,,,D6113260,PXMG,06/07/2026 8:54:17 AM,BPD454,8M5CL,8M5CL,08/15/2026 2:03:37 PM,8M5CL,D1D,1,8229609,0,0,0,0,0.620356,1.608249,0,0,0,0,0,0,0,2.454356,0,5.190533,0,9.873494
D611326,45,A2AFY045SLE7,,,,,,,,,,,,,,,,,,,D6113260,PXMG,06/07/2026 8:54:17 AM,BPD454,8M5CL,8M5CL,08/16/2026 5:53:15 PM,8M5CL,D1D,2,8229469,0,0,0,0,0,1.06277,1.339668,0,0,0,0,0,0,0,0,3.287932,0,5.69037
D611326,48,A2AFY048SLC7,,,,,,,,,,,,,,,,,,,D6113260N,PXMG,06/07/2026 10:48:32 AM,BPD454,8M5CL,8M5CL,08/14/2026 5:21:10 PM,8M5CL,D1D,1,8745696,0,0,0,0,0.080931,1.053421,1.327883,0,0,0,0,0,0,3.371168,0,1.513056,1.185374,8.531834
D611326,66,A29ZA066SLC4,,,,,,,,,,,,,,,,,,,D6113260N,PXMG,06/07/2026 10:48:32 AM,BPD454,8M5CL,8M5CL,08/14/2026 5:36:17 PM,8M5CL,D1D,2,8745711,0,0,0,0,1.602544,2.198205,5.604277,0,0,0,0,0,0,1.708126,0,0,1.585483,12.69863
D611326,82,A2BDY082SLG0,,,,,,,,,,,,,,,,,,,D6113260N,PXMG,06/07/2026 10:48:32 AM,BPD454,8M5CL,8M5CL,08/16/2026 5:22:29 PM,8M5CL,D1D,3,8745620,0,0,0,0,0,0,0,0,0,0,0,1.312264,0,2.315099,2.699587,2.185062,0.605143,9.117155
D611326,203,A2AQR203SLH0,,,,,,,,,,,,,,,,,,,D6113260N,PXMG,06/07/2026 10:48:32 AM,BPD454,8M5CL,8M5CL,08/16/2026 5:34:18 PM,8M5CL,D1D,4,8745712,0,0,0,0,0.172173,5.202703,0,0,0,0,0,0,0,1.723286,0,2.421075,0,9.519237
D611324,267,GU1PT267JKE0,,,,,,,,,,,,,,,,,,,D6113240J,PXMG,06/07/2026 9:40:14 PM,BPD454,8M5CL,8M5CL,08/24/2026 11:51:40 AM,8M5CL,D1D,1,8748465,1.510208,0,0,0,0.294518,7.235953,5.114677,0,0,0,0,0,0,4.529752,0,6.116162,0,24.80127
D611324,269,GU1PT269JKF1,,,,,,,,,,,,,,,,,,,D6113240J,PXMG,06/07/2026 9:40:14 PM,BPD454,8M5CL,8M5CL,08/24/2026 6:20:10 AM,8M5CL,D1D,2,8748450,0,0,0,0,0.286897,1.357504,0.721217,0,0,0,0,0,0,2.206263,0,2.263925,0,6.835804
D611324,270,GU1PT270JKA7,,,,,,,,,,,,,,,,,,,D6113240J,PXMG,06/07/2026 9:40:14 PM,BPD454,8M5CL,8M5CL,08/24/2026 11:27:06 AM,8M5CL,D1D,3,8748449,0,0,0,0,0,8.808415,0,0,0,0,0,0,0,3.824206,1.421789,0,0,14.05441
D611324,275,GU1PT275JKA0,,,,,,,,,,,,,,,,,,,D6113240J,PXMG,06/07/2026 9:40:14 PM,BPD454,8M5CL,8M5CL,08/24/2026 10:55:19 AM,8M5CL,D1D,4,8748467,0,0,0,0,0.25394,0.865155,0.695946,0,0,0,1.627985,0,0,0,0,4.090339,0,7.533363
D611327,100,A2BS5100SLG7,,,,,,,,,,,,,,,,,,,D6113270M,PXMG,06/07/2026 11:06:04 PM,BPD458,8M5CL,8M5CL,08/12/2026 12:50:59 AM,8M5CL,D1D,1,8748686,0,0,0,0,0,0,1.742346,0,0,0,0,0,0,0,0,2.156145,0,3.89849
D611327,128,A29XK128SLE5,,,,,,,,,,,,,,,,,,,D6113270M,PXMG,06/07/2026 11:06:04 PM,BPD458,8M5CL,8M5CL,08/12/2026 1:59:35 PM,8M5CL,D1D,2,8748723,0,0,0,0,0.080931,0,0,0,0,0,0,0,0,0,7.025665,3.222062,0,10.32866
D611327,129,A29XK129SLB4,,,,,,,,,,,,,,,,,,,D6113270M,PXMG,06/07/2026 11:06:04 PM,BPD458,8M5CL,8M5CL,08/10/2026 2:33:32 AM,8M5CL,D1D,3,8748615,0,0,0,0,0,2.206682,0,0,0,0,0,0,0,1.06743,0,0,0,3.274112
D611327,130,A29XK130SLE5,,,,,,,,,,,,,,,,,,,D6113270M,PXMG,06/07/2026 11:06:04 PM,BPD458,8M5CL,8M5CL,08/12/2026 1:15:29 PM,8M5CL,D1D,4,8748683,0,0,0,0,0,0,0,0,0,0,0,0,0,0,1.904788,0.756528,0,2.661316
D610232,178,5DXKW178MVD3,,,,,,,,,,,,,,,,,,,D6102320,PXMG,06/14/2026 6:16:37 PM,BPD458,8M5CL,8M5CL,08/10/2026 3:56:18 AM,8M5CL,D1D,1,8196086,0,0,0,0,0.782721,0,1.493701,0,0,0,0,0,0,1.921425,0,4.924413,0,9.12226
D610232,182,5DXKW182MVE4,,,,,,,,,,,,,,,,,,,D6102320,PXMG,06/14/2026 6:16:37 PM,BPD458,8M5CL,8M5CL,08/12/2026 1:03:39 AM,8M5CL,D1D,2,8196018,0,0,0,0,0,0,0,0,0,0,0,0,0,0,0,0.756528,0,0.756528
D611328,346,MCMTH346WAG0,,,,,,,,,,,,,,,,,,,D6113280,PXMG,06/15/2026 4:47:55 AM,BPD436,8M5CL,8M5CL,08/24/2026 5:09:48 AM,8M5CL,D1D,1,8233054,0,0,0,0,0.666361,0,1.116759,0,0,0,0,0,0,0,0,1.155685,0,2.938804
D611328,359,MCMTH359WAB1,,,,,,,,,,,,,,,,,,,D6113280,PXMG,06/15/2026 4:47:55 AM,BPD436,8M5CL,8M5CL,08/24/2026 10:57:35 AM,8M5CL,D1D,2,8233038,0,0,0,0,1.129508,2.407541,0,0,0,0,0,0,0,0,0,2.9881,0,6.525149
D610EPL,530,KJAYT530WFC6,,,,,,,,,,,,,,,,,,,D610EPL0,X78E,07/12/2026 3:34:12 PM,BPD436,8M5CL,8M5CL,08/15/2026 5:28:20 PM,8M5CL,D1D,1,8221745,0,0,0,0,0,0,0,0,0,0,0,0,0,1.140582,0,0,0,1.140582
D610EPL,557,KJAYU557WFF0,,,,,,,,,,,,,,,,,,,D610EPL0,X78E,07/12/2026 3:34:12 PM,BPD436,8M5CL,8M5CL,08/15/2026 8:38:34 PM,8M5CL,D1D,2,8221535,0,0,0,0,0,1.402474,2.028039,0,0,0,0,1.288168,0,1.386791,0,0,0,5.563411
D609924,31,A27VD031SLE6,,,,,,,,,,,,,,,,,,,D6099240,PR8B,07/25/2026 11:28:41 PM,BPD436,8M5CL,8M5CL,07/26/2026 8:16:13 AM,8M5CL,D1D,1,8184642,0,0,0,0,0.359735,6.184078,7.905716,0,0,0,0,0,0,10.75068,0,0,1.732885,26.93309
D609924,36,A27VD036SLD7,,,,,,,,,,,,,,,,,,,D6099240,PR8B,07/25/2026 11:28:41 PM,BPD436,8M5CL,8M5CL,07/26/2026 8:16:25 AM,8M5CL,D1D,2,8184745,0,0,0,0,0.297218,3.152581,2.208454,0,0,0,0,0,0,0,0,0,1.066309,6.724561
D609924,37,A27VD037SLA6,,,,,,,,,,,,,,,,,,,D6099240,PR8B,07/25/2026 11:28:41 PM,BPD436,8M5CL,8M5CL,07/26/2026 8:16:07 AM,8M5CL,D1D,3,8184821,0,0,0,0,0.599986,0,0,0,0,0,0,0,0,21.79605,0,1.155628,0,23.55166
D609924,45,A27VD045SLE1,,,,,,,,,,,,,,,,,,,D6099240,PR8B,07/25/2026 11:28:41 PM,BPD436,8M5CL,8M5CL,07/26/2026 8:16:23 AM,8M5CL,D1D,4,8184741,0,0,0,0,0,0,0,0,0,0,0,0,0,0,2.12582,0.838818,0,2.964638
D610EPK,22,KJAUG022WFB5,,,,,,,,,,,,,,,,,,,D610EPK0,X78E,08/09/2026 11:54:14 AM,BPD446,8M5CL,8M5CL,08/10/2026 6:46:23 AM,8M5CL,D1D,1,8218623,0,0,0,0,0.154208,0.577832,0,0,0,0,0,0,0,1.093696,0,12.96532,0,14.79105
D610EPK,26,KJAUG026WFD7,,,,,,,,,,,,,,,,,,,D610EPK0,X78E,08/09/2026 11:54:14 AM,BPD446,8M5CL,8M5CL,08/10/2026 6:46:00 AM,8M5CL,D1D,2,8218647,0,0,0,0,0,1.465328,0,0,0,0,0,0,0,3.898468,0,0,0,5.363796
D610EPK,30,KJAUG030WFF0,,,,,,,,,,,,,,,,,,,D610EPK0,X78E,08/09/2026 11:54:14 AM,BPD446,8M5CL,8M5CL,08/10/2026 6:46:42 AM,8M5CL,D1D,3,8218649,0,0,0,0,0,0,8.877925,0,0,0,0,0,0,0,0,6.382427,0,15.26035
D610EPK,39,KJAUG039WFG3,,,,,,,,,,,,,,,,,,,D610EPK0,X78E,08/09/2026 11:54:14 AM,BPD446,8M5CL,8M5CL,08/10/2026 6:46:29 AM,8M5CL,D1D,4,8218586,0,0,0,0,0,0,0,0,0,0,0,0,0,0,0,2.86902,0,2.86902
D613830,272,KJCJL272WFC3,,,,,,,,,,,,,,,,,,,D6138300,PD5B,06/12/2026 10:20:36 PM,BPD446,8M5CL,8M5CL,06/17/2026 10:14:53 AM,8M5CL,D1D,1,8328478,1.09623,0,0,0,0,40.74875,0,0,0,0,0,0,0,3.288057,1.368436,0.728139,0,46.82597
D613830,315,KJCJH315WFA4,,,,,,,,,,,,,,,,,,,D6138300,PD5B,06/12/2026 10:20:36 PM,BPD446,8M5CL,8M5CL,06/17/2026 10:14:42 AM,8M5CL,D1D,2,8328555,1.17133,0,0,0,0,20.5326,0,0,0,0,0,0,0,1.756655,0,31.14988,0,54.50215
D613639,657,MCLPK657WAG6,,,,,,,,,,,,,,,,,,,D6136390,PXMG,06/07/2026 5:19:00 PM,BPD436,8M5CL,8M5CL,08/23/2026 8:58:56 PM,8M5CL,D1D,1,8309296,0,0,0,0,0,0,1.339668,0,0,0,0,0,0,2.745231,0,6.452629,0,10.53753
D613639,710,MCLPK710WAC3,,,,,,,,,,,,,,,,,,,D6136390,PXMG,06/07/2026 5:19:00 PM,BPD436,8M5CL,8M5CL,08/24/2026 12:31:39 AM,8M5CL,D1D,2,8309306,0,0,0,0,0.644368,2.176294,0,0,1.926508,0,0,0,0,0,0,2.269584,2.072095,9.088849
D615273,13,KJD2E013WFE4,,,,,,,,,,,,,,,,,,,D6152730,PR8B,06/20/2026 2:11:00 AM,BPD458,8M5CL,8M5CL,06/21/2026 3:28:51 PM,8M5CL,D1D,1,8382726,0,0,0,0,0,2.434322,1.228091,0,0,0,0,0,0,3.909954,0.563141,1.591448,0.706908,10.43386
D615273,28,KJD2E028WFA6,,,,,,,,,,,,,,,,,,,D6152730,PR8B,06/20/2026 2:11:00 AM,BPD458,8M5CL,8M5CL,06/21/2026 3:28:58 PM,8M5CL,D1D,2,8382763,0,0,0,0,0,0,1.29781,0,0,0,0,0,0,5.208914,0,2.538399,0,9.045124
D613624,26,A2DY9026SLG4,,,,,,,,,,,,,,,,,,,D6136240,PXMG,06/25/2026 12:07:56 PM,BPD454,8M5CL,8M5CL,08/24/2026 8:24:46 AM,8M5CL,D1D,1,8304692,0,0,0,0,0,1.365294,0,0,0,0,0,0,0,0.939172,0,5.937171,0.406737,8.648374
D613624,28,A2DY9028SLA2,,,,,,,,,,,,,,,,,,,D6136240,PXMG,06/25/2026 12:07:56 PM,BPD454,8M5CL,8M5CL,08/24/2026 10:13:01 AM,8M5CL,D1D,2,8304631,0,0,0,0,0.207977,11.37699,1.618251,0,0,0,0,0,0,3.371045,0,2.924538,0,18.53536
D614268,320,KJCJH320WFF7,,,,,,,,,,,,,,,,,,,D6142680,PXMG,06/25/2026 5:36:54 AM,BPD446,8M5CL,8M5CL,08/24/2026 5:07:07 AM,8M5CL,D1D,1,8342871,0,0,0,0,0.091329,2.724447,0.630122,0,0,0,0,0,0,1.193979,0,2.914426,0,7.5543
D614268,335,KJCJH335WFC1,,,,,,,,,,,,,,,,,,,D6142680,PXMG,06/25/2026 5:36:54 AM,BPD446,8M5CL,8M5CL,08/24/2026 4:54:31 AM,8M5CL,D1D,2,8342816,0,0,0,0,0.224091,1.06277,0,0,0,0,0,0.99643,0,0,0,0,0.736396,3.019688
D614268,338,KJCJH338WFA1,,,,,,,,,,,,,,,,,,,D6142680,PXMG,06/25/2026 5:36:54 AM,BPD446,8M5CL,8M5CL,08/24/2026 3:54:01 AM,8M5CL,D1D,3,8342857,1.51458,0,0,0,0.295371,0.784634,0,0,0,0,0,0,0,3.235044,1.274774,2.542823,0.417322,10.06455
D614268,341,KJCJH341WFE3,,,,,,,,,,,,,,,,,,,D6142680,PXMG,06/25/2026 5:36:54 AM,BPD446,8M5CL,8M5CL,08/24/2026 4:57:35 AM,8M5CL,D1D,4,8342901,1.18835,0,0,0,0.224091,2.589699,1.339668,0,0,0,0,0,0,0.731071,0,1.952582,0,7.616549
D614254,51,A2CJE051SLA5,,,,,,,,,,,,,,,,,,,D6142540,PXMG,06/23/2026 11:37:45 PM,BPD454,8M5CL,8M5CL,08/24/2026 1:56:59 AM,8M5CL,D1D,1,8356251,0,0,0,0,0.472738,3.175698,0,0,0,0,0,0,0,1.850121,0,6.525453,0,10.93157
D614254,52,A2CJE052SLE7,,,,,,,,,,,,,,,,,,,D6142540,PXMG,06/23/2026 11:37:45 PM,BPD454,8M5CL,8M5CL,08/24/2026 12:07:14 AM,8M5CL,D1D,2,8356158,0,0,0,0,0.210684,0,0,0,0,0,0,0,0,0,0,2.798934,0,3.009618
D613621,75,A2CM6075SLA4,,,,,,,,,,,,,,,,,,,D6136210,PXMG,06/25/2026 11:53:24 PM,BPD446,8M5CL,8M5CL,08/07/2026 11:01:29 AM,8M5CL,D1D,1,8304725,0.83934,0,0,0,0,0,0,0,0,0,0,0,0,3.075221,0,2.021363,1.492134,7.428057
D613621,76,A2CJE076SLB3,,,,,,,,,,,,,,,,,,,D6136210,PXMG,06/25/2026 11:53:24 PM,BPD446,8M5CL,8M5CL,08/07/2026 11:01:19 AM,8M5CL,D1D,2,8304668,0.730481,0,0,0,0,0.765279,0,0,0,0,0,0,0,6.014781,1.24333,0.981202,0.407028,10.03786
D613629,328,MCNFJ328WAD0,,,,,,,,,,,,,,,,,,,D6136290,PXMG,06/27/2026 10:18:21 PM,BPD454,8M5CL,8M5CL,08/07/2026 11:01:09 AM,8M5CL,D1D,1,8307009,0,0,0,0,0.303051,0,0,0,0,0,0,0,0,3.895761,0,0,0,4.198812
D613629,354,MCNFJ354WAG7,,,,,,,,,,,,,,,,,,,D6136290,PXMG,06/27/2026 10:18:21 PM,BPD454,8M5CL,8M5CL,08/07/2026 11:01:21 AM,8M5CL,D1D,2,8307014,0,0,0,0,0.23978,1.137176,0,0,0,0,0,0,0,2.986098,0.627703,0.816679,0,5.807437
D614211,903,HJ7SN903JKA5,,,,,,,,,,,,,,,,,,,D6142110,PNCB,07/03/2026 11:26:29 AM,BPD446,8M5CL,8M5CL,07/05/2026 7:42:29 AM,8M5CL,D1D,1,8360508,0,0,0,0,3.278946,0.736453,0,0,0,0,0,0,0,1.662317,0,0.736239,0.710342,7.049916
D614211,904,HJ7SN904JKE7,,,,,,,,,,,,,,,,,,,D6142110,PNCB,07/03/2026 11:26:29 AM,BPD446,8M5CL,8M5CL,07/05/2026 7:42:22 AM,8M5CL,D1D,2,8360421,0,0,0,0,0,0,1.283106,0,0,0,0,0,0,0.700205,0,1.587839,0,3.57115
D615274,30,KJ5DR030WFC0,,,,,,,,,,,,,,,,,,,D6152740,PR8B,07/03/2026 5:49:50 PM,BPD458,8M5CL,8M5CL,07/05/2026 7:42:28 AM,8M5CL,D1D,1,8382635,0,0,0,0,0.458754,2.1174,5.191242,0,0,0,0,0,0,0,0,1.47879,2.893926,12.14011
D615274,115,KJ5DR115WFG0,,,,,,,,,,,,,,,,,,,D6152740,PR8B,07/03/2026 5:49:50 PM,BPD458,8M5CL,8M5CL,07/05/2026 7:42:21 AM,8M5CL,D1D,2,8382718,0,0,0,0,1.665498,4.378853,0,0,0,0,0,0,0,0,0,0,0,6.044351
D614223,84,A2EGD084SLG4,,,,,,,,,,,,,,,,,,,D6142230,PXMG,07/02/2026 8:13:19 PM,BPD436,8M5CL,8M5CL,08/07/2026 11:00:57 AM,8M5CL,D1D,1,8346899,0,0,0,0,0.22212,1.053421,0,0,0,0,0,0,0,1.05804,0,3.091869,0,5.42545
D614223,85,A2EGD085SLD3,,,,,,,,,,,,,,,,,,,D6142230,PXMG,07/02/2026 8:13:19 PM,BPD436,8M5CL,8M5CL,08/07/2026 11:00:47 AM,8M5CL,D1D,2,8346929,0,0,0,0,0.182113,1.124127,0,0,0,0,0,0,0,1.822776,0,7.015583,0,10.1446
D614257,585,KJ5MD585WFE1,,,,,,,,,,,,,,,,,,,D6142570,PXMG,06/30/2026 4:16:19 AM,BPD446,8M5CL,8M5CL,08/07/2026 11:01:28 AM,8M5CL,D1D,1,8356429,1.734932,0,0,0,1.216169,1.082666,2.729494,0,0,0,0,0,0.327737,5.220302,1.195226,0,0.322539,13.50928
D614257,588,KJ5MD588WFC1,,,,,,,,,,,,,,,,,,,D6142570,PXMG,06/30/2026 4:16:19 AM,BPD446,8M5CL,8M5CL,08/07/2026 11:01:13 AM,8M5CL,D1D,2,8356428,0,0,0,0,0,1.053421,0,0,0,0,2.029837,0,0,0,0,4.152548,0.455456,7.691263
D614257,613,KJ5MD613WFA1,,,,,,,,,,,,,,,,,,,D6142570,PXMG,06/30/2026 4:16:19 AM,BPD446,8M5CL,8M5CL,08/07/2026 11:01:22 AM,8M5CL,D1D,3,8356385,0,0,0,0,0,0.763464,0,0,0,0,0,0,0,3.446571,0,8.67855,0,12.88859
D614257,619,KJ5MD619WFD4,,,,,,,,,,,,,,,,,,,D6142570,PXMG,06/30/2026 4:16:19 AM,BPD446,8M5CL,8M5CL,08/07/2026 11:01:37 AM,8M5CL,D1D,4,8356412,0,0,0,0,0,3.805927,0,0,2.454551,0,0,0,0,0,0,1.289866,0,5.762062
D614166,245,MCLXU245WAC7,,,,,,,,,,,,,,,,,,,D6141660,PR8B,07/01/2026 1:42:13 PM,BPD446,8M5CL,8M5CL,07/02/2026 7:54:45 AM,8M5CL,D1D,1,8339807,0,0,0,0,0,0.611449,0,0,0,0,0,0,0,5.770443,0,3.17917,0,9.561062
D614166,299,MCLXU299WAF4,,,,,,,,,,,,,,,,,,,D6141660,PR8B,07/01/2026 1:42:13 PM,BPD446,8M5CL,8M5CL,07/02/2026 7:54:56 AM,8M5CL,D1D,2,8339834,0,0,0,0,0,1.327915,0,0,0,0,0,0,0,0,0,3.025096,0,4.353013
D613635,176,HJ6TM176JKB0,,,,,,,,,,,,,,,,,,,D6136350,PXMG,06/30/2026 12:37:46 PM,BPD436,8M5CL,8M5CL,08/07/2026 11:01:11 AM,8M5CL,D1D,1,8306753,0,0,0,0,0,1.087747,1.908694,0,0,0,0,0,0,0,0,1.08743,0.654672,4.73854
D613635,177,HJ6TM177JKF2,,,,,,,,,,,,,,,,,,,D6136350,PXMG,06/30/2026 12:37:46 PM,BPD436,8M5CL,8M5CL,08/07/2026 11:01:00 AM,8M5CL,D1D,2,8306860,1.910768,0,0,0,0,0,0,0,0,0,0,0,0,0,0,4.481607,0,6.392375
D613627,644,MCLPK644WAE2,,,,,,,,,,,,,,,,,,,D6136270,PXMG,07/02/2026 6:06:25 PM,BPD446,8M5CL,8M5CL,08/07/2026 11:00:48 AM,8M5CL,D1D,1,8306722,0,0,0,0,1.142105,0,0,0,0,0,0,0,0,1.754292,0,1.553951,0,4.450347
D613627,654,MCLPK654WAB3,,,,,,,,,,,,,,,,,,,D6136270,PXMG,07/02/2026 6:06:25 PM,BPD446,8M5CL,8M5CL,08/07/2026 11:00:58 AM,8M5CL,D1D,2,8306896,0,0,0,0,0,5.253663,0,0,0,0,0,0,0,2.837282,0,10.23776,0,18.3287
D615309,313,KJD2H313WFD0,,,,,,,,,,,,,,,,,,,D6153090,PNCB,06/28/2026 4:56:55 AM,BPD446,8M5CL,8M5CL,08/12/2026 12:04:06 AM,8M5CL,D1D,1,8393107,5.334136,0,0,0,0,0,1.342271,0,0,0,0,0,0,15.14523,0.969023,5.747894,0,26.3704
D615309,322,KJD2H322WFD2,,,,,,,,,,,,,,,,,,,D6153090,PNCB,06/28/2026 4:56:55 AM,BPD446,8M5CL,8M5CL,08/10/2026 11:43:02 AM,8M5CL,D1D,2,8393014,0,0,0,0,0.09251,2.222044,1.517876,0,0,0,0,0,0,5.857572,1.095796,4.621501,0.834355,15.22432
D615309,371,KJD2H371WFG6,,,,,,,,,,,,,,,,,,,D6153090,PNCB,06/28/2026 4:56:55 AM,BPD446,8M5CL,8M5CL,08/12/2026 12:42:37 AM,8M5CL,D1D,3,8393041,1.469482,0,0,0,0.216163,0,1.292271,0,0,0,0,0,0,3.280759,0,0.736239,0,6.742164
D615309,389,KJD2H389WFB0,,,,,,,,,,,,,,,,,,,D6153090,PNCB,06/28/2026 4:56:55 AM,BPD446,8M5CL,8M5CL,08/16/2026 10:55:33 PM,8M5CL,D1D,4,8393023,0,0,0,0,0.236774,0,0.595215,0,0,0,0,0,0,8.087316,0,0,0,8.275498
D614210,829,HJ7SN829JKG4,,,,,,,,,,,,,,,,,,,D6142100,PNCB,06/29/2026 4:18:37 AM,BPD446,8M5CL,8M5CL,08/20/2026 7:04:58 PM,8M5CL,D1D,1,8360537,0.890852,0,0,0,0.26209,0,0,0,0,0,0,0,0,0,0,0,0,1.152942
D614210,832,HJ7SN832JKD3,,,,,,,,,,,,,,,,,,,D6142100,PNCB,06/29/2026 4:18:37 AM,BPD446,8M5CL,8M5CL,08/22/2026 7:11:06 AM,8M5CL,D1D,2,8360764,0,0,0,0,0.164904,0,0,0,0,0,0,0,0,0,0,4.51191,0,4.676814
D613649,30,A2EWZ030SLB1,,,,,,,,,,,,,,,,,,,D6136490,PNCB,06/30/2026 11:38:32 PM,BPD446,8M5CL,8M5CL,08/24/2026 11:00:09 AM,8M5CL,D1D,1,8317504,0,0,0,0,0.164904,0,0,0,0,0,0,0,0,0,0,3.155702,0,3.320606
D613649,62,A2EWZ062SLB0,,,,,,,,,,,,,,,,,,,D6136490,PNCB,06/30/2026 11:38:32 PM,BPD446,8M5CL,8M5CL,08/24/2026 6:50:41 AM,8M5CL,D1D,2,8317323,0,0,0,0,0.256483,1.894924,0,0,0,0,0,0,0,13.36031,0,3.644594,0,19.15631
D615292,33,A27SQ033SLB6,,,,,,,,,,,,,,,,,,,D6152920,PNCB,07/02/2026 8:14:01 AM,BPD446,8M5CL,8M5CL,07/03/2026 7:55:38 AM,8M5CL,D1D,1,8385463,0,0,0,0,0,0,3.017551,0,0,0,0,0,0,1.202172,0,0,1.035002,5.254725
D615292,49,A27SQ049SLC2,,,,,,,,,,,,,,,,,,,D6152920,PNCB,07/02/2026 8:14:01 AM,BPD446,8M5CL,8M5CL,07/03/2026 7:55:32 AM,8M5CL,D1D,2,8385512,0,0,0,0,0.893332,0,0,0,0,0,0,0,0,0,0,0.736239,0,1.629571
D614248,15,A2CJE015SLH0,,,,,,,,,,,,,,,,,,,D6142480,PXMG,07/04/2026 5:21:30 PM,BPD436,8M5CL,8M5CL,08/24/2026 10:01:03 AM,8M5CL,D1D,1,8353068,21.27869,0,0,0,0,1.71785,0,0,6.611186,0,0,0,0,1.785434,0,0,1.715092,26.2141
D614248,16,A2CJE016SLD7,,,,,,,,,,,,,,,,,,,D6142480,PXMG,07/04/2026 5:21:30 PM,BPD436,8M5CL,8M5CL,08/24/2026 2:01:43 AM,8M5CL,D1D,2,8353079,1.138971,0,0,0,0.392779,0.756748,0,0,0,0,0,0,0,1.708126,0,3.286499,1.459835,8.742958
D615336,2,A2BS5002SLB4,,,,,,,,,,,,,,,,,,,D6153360,PXMG,07/10/2026 7:57:10 PM,BPD454,8M5CL,8M5CL,08/24/2026 8:14:37 AM,8M5CL,D1D,1,8405642,0,0,0,0,2.652273,12.143,0,0,0,0,0,0,0,1.818581,0,8.586926,0.777117,25.9779
D615336,56,A2BS5056SLE1,,,,,,,,,,,,,,,,,,,D6153360,PXMG,07/10/2026 7:57:10 PM,BPD454,8M5CL,8M5CL,08/07/2026 10:59:56 AM,8M5CL,D1D,2,8405853,0,0,0,0,0,1.053421,0,0,0,0,0,0,0,0.72464,0,5.60142,0,7.379481
D615277,79,HJ7DC079JKB5,,,,,,,,,,,,,,,,,,,D6152770,PR8B,07/10/2026 8:48:18 PM,BPD458,8M5CL,8M5CL,07/12/2026 8:14:10 AM,8M5CL,D1D,1,8382698,0,0,0,0,2.372606,1.071319,8.970792,0,0,0,0,0,0,4.165396,0,4.046187,0,19.97821
D615277,272,HJ7DC272JKH0,,,,,,,,,,,,,,,,,,,D6152770,PR8B,07/10/2026 8:48:18 PM,BPD458,8M5CL,8M5CL,07/12/2026 8:14:04 AM,8M5CL,D1D,2,8382761,0,0,0,0,3.147066,5.754865,3.000941,0,0,0,0,0,0,6.73592,0,0,0,18.3251
D614242,7,MCMMJ007WAE1,,,,,,,,,,,,,,,,,,,D6142420,PXMG,07/11/2026 1:51:35 AM,BPD446,8M5CL,8M5CL,08/07/2026 11:00:09 AM,8M5CL,D1D,1,8353001,0,0,0,0,1.625961,0,6.946299,0,0,0,0,0,0,5.169857,0,4.710802,0,16.6934
D614242,10,MCMMJ010WAB0,,,,,,,,,,,,,,,,,,,D6142420,PXMG,07/11/2026 1:51:35 AM,BPD446,8M5CL,8M5CL,08/07/2026 10:59:57 AM,8M5CL,D1D,2,8353035,0,0,0,0,0.170659,4.938728,0,0,0,0,0,0,0,4.566716,0,0.756528,0,9.110573
D615339,6,MCPPA006WAD6,,,,,,,,,,,,,,,,,,,D6153390,PXMG,07/10/2026 9:23:31 PM,BPD436,8M5CL,8M5CL,08/07/2026 10:59:58 AM,8M5CL,D1D,1,8405788,0,0,0,0,0.673178,0.756748,4.165824,0,0,0,0,0,0,2.261234,0,2.990932,0,10.84792
D615339,9,MCPPA009WAB6,,,,,,,,,,,,,,,,,,,D6153390,PXMG,07/10/2026 9:23:31 PM,BPD436,8M5CL,8M5CL,08/07/2026 11:00:03 AM,8M5CL,D1D,2,8405836,0,0,0,0,0,0.711763,4.482914,0,2.187284,0,0,0,0,0.874119,0,5.094819,0,13.3509
D614212,69,A2ET6069SLA7,,,,,,,,,,,,,,,,,,,D6142120,PXMG,07/11/2026 11:45:09 AM,BPD436,8M5CL,8M5CL,08/07/2026 11:00:02 AM,8M5CL,D1D,1,8344691,0,0,0,0,0.307325,1.047033,0.772572,0,0,0,0,1.36653,0,4.726715,0,7.384921,0,15.6051
D614212,72,A2ET6072SLF1,,,,,,,,,,,,,,,,,,,D6142120,PXMG,07/11/2026 11:45:09 AM,BPD436,8M5CL,8M5CL,08/07/2026 10:59:51 AM,8M5CL,D1D,2,8344638,1.291273,0,0,0,0,14.33087,0,0,0,0,0,0,0,0,0,5.673224,0,21.29537
D615295,125,A2BCX125SLC2,,,,,,,,,,,,,,,,,,,D6152950,PNCB,07/09/2026 7:11:20 PM,BPD436,8M5CL,8M5CL,07/12/2026 7:58:22 AM,8M5CL,D1D,1,8385775,1.096226,0,0,0,0.07876,9.205353,0,0,0,0,0,0,0,1.618442,0,0,0,11.99878
D615295,153,A2BDS153SLB0,,,,,,,,,,,,,,,,,,,D6152950,PNCB,07/09/2026 7:11:20 PM,BPD436,8M5CL,8M5CL,07/12/2026 7:56:24 AM,8M5CL,D1D,2,8385707,0.794175,0,0,0,0,12.34666,0,0,3.101035,0,0,0,0,1.491907,2.00482,2.317095,0,22.05569
D615295,155,A2BDS155SLC1,,,,,,,,,,,,,,,,,,,D6152950,PNCB,07/09/2026 11:08:27 PM,BPD458,8M5CL,8M5CL,07/12/2026 8:15:55 AM,8M5CL,D1D,3,8385635,0,0,0,0,0.267268,0,0,0,0,0,0,0,0,1.342192,0,3.550631,0,5.160091
D615295,159,A2BDS159SLE3,,,,,,,,,,,,,,,,,,,D6152950,PNCB,07/09/2026 11:08:27 PM,BPD458,8M5CL,8M5CL,07/12/2026 8:14:16 AM,8M5CL,D1D,4,8385733,0,0,0,0,0,0,2.292882,0,0,0,0,0,0,0,0,3.095184,0,5.388066
D615295,162,A2BDS162SLB2,,,,,,,,,,,,,,,,,,,D6152950,PNCB,07/09/2026 11:08:27 PM,BPD458,8M5CL,8M5CL,08/11/2026 5:24:52 AM,8M5CL,D1D,5,8385652,5.102175,0,0,0,0,2.78769,0,0,0,0,0,0,0,0,0,4.708533,0,12.05019
D615340,802,HJ4EP802JKC0,,,,,,,,,,,,,,,,,,,D6153400,PXMG,07/09/2026 5:48:10 PM,BPD454,8M5CL,8M5CL,08/07/2026 11:00:41 AM,8M5CL,D1D,1,8405731,12.3569,0,0,0,0,2.96808,1.462723,0.50873,0,0,0,0,0,6.393291,0,4.453573,0.345694,24.87848
D615340,803,HJ4EP803JKG2,,,,,,,,,,,,,,,,,,,D6153400,PXMG,07/09/2026 5:48:10 PM,BPD454,8M5CL,8M5CL,08/07/2026 11:00:29 AM,8M5CL,D1D,2,8405829,4.668855,0,0,0,0.174891,0,2.72162,0,0,0,0,0,0,13.82049,0,3.250799,0,22.74417
D615340,804,HJ4EP804JKD1,,,,,,,,,,,,,,,,,,,D6153400,PXMG,07/09/2026 8:21:16 PM,BPD454,8M5CL,8M5CL,08/07/2026 11:00:24 AM,8M5CL,D1D,3,8405742,1.149553,0,0,0,0.384886,0,2.620066,0,0,0,0,0,0,3.402487,0,18.19896,0,25.66544
D615340,805,HJ4EP805JKA0,,,,,,,,,,,,,,,,,,,D6153400,PXMG,07/09/2026 8:21:16 PM,BPD454,8M5CL,8M5CL,08/07/2026 11:00:35 AM,8M5CL,D1D,4,8405675,1.1976,0,0,0,0.412998,5.916296,0,0,0,0,0,0,0,6.009454,1.494976,9.485171,0,24.5165
D615327,107,KJNQT107WFA6,,,,,,,,,,,,,,,,,,,D6153270N,PXMG,07/09/2026 10:33:13 PM,BPD454,8M5CL,8M5CL,08/07/2026 11:00:45 AM,8M5CL,D1D,1,8922082,0,0,0,0,0.084518,0,3.294127,0,0,0,0,0,0,5.778549,0,7.650842,0,16.80804
D615327,196,KJNQT196WFA1,,,,,,,,,,,,,,,,,,,D6153270N,PXMG,07/09/2026 10:33:13 PM,BPD454,8M5CL,8M5CL,08/07/2026 11:00:35 AM,8M5CL,D1D,2,8922143,0,0,0,0,0.575287,0,1.642132,0,0,0,0,0,0,0,0.882866,0.979697,0,4.079982
D615327,197,KJNQT197WFE3,,,,,,,,,,,,,,,,,,,D6153270N,PXMG,07/09/2026 10:33:13 PM,BPD454,8M5CL,8M5CL,08/07/2026 11:00:22 AM,8M5CL,D1D,3,8922079,0,0,0,0,0.224091,0,1.177479,0,0,0,0,0,0,3.446571,0,5.179841,0,10.02798
D615327,200,KJNQT200WFH0,,,,,,,,,,,,,,,,,,,D6153270N,PXMG,07/09/2026 10:33:13 PM,BPD454,8M5CL,8M5CL,08/07/2026 11:00:30 AM,8M5CL,D1D,4,8922129,0,0,0,0,0,1.184173,0,0,0,0,0,1.112809,0,0,0,1.851462,0.689837,4.838281
D615327,29,KJNQT029WFE3,,,,,,,,,,,,,,,,,,,D6153270,PXMG,07/09/2026 7:29:12 PM,BPD454,8M5CL,8M5CL,08/07/2026 11:00:19 AM,8M5CL,D1D,1,8399761,0,0,0,0,0,0,0,0,0,0,0,0,0,0,0,0.829582,0,0.829582
D615327,55,KJNQT055WFA7,,,,,,,,,,,,,,,,,,,D6153270,PXMG,07/09/2026 7:29:12 PM,BPD454,8M5CL,8M5CL,08/07/2026 11:00:22 AM,8M5CL,D1D,2,8399594,0,0,0,0,0,9.716606,1.380057,0,0,0,0,0,0,1.775242,5.80499,1.707817,6.494572,25.95989
D614207,646,MCLPK646WAF3,,,,,,,,,,,,,,,,,,,D6142070,PNCB,07/10/2026 12:51:19 AM,BPD436,8M5CL,8M5CL,08/23/2026 3:48:05 PM,8M5CL,D1D,1,8360416,0,0,0,0,0,0.796384,0,0.51538,0,0,0,0,0,3.342422,0,5.729559,0,10.38375
D614207,665,MCLPK665WAC6,,,,,,,,,,,,,,,,,,,D6142070,PNCB,07/10/2026 12:51:19 AM,BPD436,8M5CL,8M5CL,08/24/2026 4:50:47 AM,8M5CL,D1D,2,8360487,0,0,0,0,0,1.02517,8.898889,0,0,0,1.209012,0,0,25.41915,0,42.74082,0.61198,74.92894
D614207,666,MCLPK666WAH0,,,,,,,,,,,,,,,,,,,D6142070,PNCB,07/10/2026 3:39:18 AM,BPD458,8M5CL,8M5CL,08/24/2026 12:31:31 AM,8M5CL,D1D,3,8360420,0,0,0,0,0,0,0,0,0,0,0,0,0,0,4.883614,0.823294,0,4.50474
D614207,671,MCLPK671WAF0,,,,,,,,,,,,,,,,,,,D6142070,PNCB,07/10/2026 3:39:18 AM,BPD458,8M5CL,8M5CL,08/23/2026 4:23:02 PM,8M5CL,D1D,4,8360342,0,0,0,0,0.637361,1.02517,2.584542,0,0,0,0,0,0,2.511102,0,0,0.710342,7.468517
D614207,672,MCLPK672WAB7,,,,,,,,,,,,,,,,,,,D6142070,PNCB,07/10/2026 3:39:18 AM,BPD458,8M5CL,8M5CL,08/24/2026 12:34:53 AM,8M5CL,D1D,5,8360404,5.081471,0,0,0,0,2.285808,1.67904,0,0,0,0,0,0,3.497676,0,5.030725,0,15.52557
D614260,8,A2EC7008SLA1,,,,,,,,,,,,,,,,,,,D6142600,PXMG,07/06/2026 8:00:50 PM,BPD436,8M5CL,8M5CL,08/07/2026 11:00:42 AM,8M5CL,D1D,1,8356779,0,0,0,0,0,0,0.695265,0,0,0,0,1.128047,0,1.95091,0,4.544088,0,8.31831
D614260,9,A2EC7009SLE3,,,,,,,,,,,,,,,,,,,D6142600,PXMG,07/06/2026 8:00:50 PM,BPD436,8M5CL,8M5CL,08/07/2026 11:00:35 AM,8M5CL,D1D,2,8356800,1.149079,2.425513,0,0,0,1.06277,1.339668,0,0,0,0,0,0,0,0,1.165941,0.316612,6.582527
D615338,620,5DXPF620MVC6,,,,,,,,,,,,,,,,,,,D6153380,PXMG,07/09/2026 12:39:31 PM,BPD446,8M5CL,8M5CL,08/07/2026 11:00:25 AM,8M5CL,D1D,1,8405752,0,0,0,0,0.888481,0.756748,0,0,0,0,0,0,0,0,1.421789,2.399778,0.729918,6.196713
D615338,621,5DXPF621MVH0,,,,,,,,,,,,,,,,,,,D6153380,PXMG,07/09/2026 12:39:31 PM,BPD446,8M5CL,8M5CL,08/07/2026 11:00:19 AM,8M5CL,D1D,2,8405933,0.608064,0,0,0,1.129727,1.084201,8.076503,0,0,0,0,0,0,1.0382,1.034968,0,0,12.72201
D614244,182,A2EJP182SLD2,,,,,,,,,,,,,,,,,,,D6142440,PXMG,07/05/2026 10:26:06 PM,BPD454,8M5CL,8M5CL,08/07/2026 11:01:34 AM,8M5CL,D1D,1,8353017,0,0,0,0,0.22212,3.121002,1.087656,0,0,0,0,0,0,0,0,1.643249,0,6.074028
D614244,227,A2DY9227SLB5,,,,,,,,,,,,,,,,,,,D6142440,PXMG,07/05/2026 10:26:06 PM,BPD454,8M5CL,8M5CL,08/07/2026 11:01:19 AM,8M5CL,D1D,2,8352984,0,0,0,0,0,0,1.12667,0,0,0,0,0,0,7.380024,0,3.095125,0,11.21764
D614244,228,A2DY9228SLF7,,,,,,,,,,,,,,,,,,,D6142440,PXMG,07/05/2026 10:26:06 PM,BPD454,8M5CL,8M5CL,08/07/2026 11:01:10 AM,8M5CL,D1D,3,8353116,1.138971,0,0,0,0.22212,0,0.558379,0,0,0,0,0,0,0,0,1.513056,0,3.432526
D614244,232,A2DY9232SLH0,,,,,,,,,,,,,,,,,,,D6142440,PXMG,07/05/2026 10:26:06 PM,BPD454,8M5CL,8M5CL,08/07/2026 11:01:28 AM,8M5CL,D1D,4,8353030,0,0,0,0,0.686248,1.19028,0,0,0,0,0,0,0,0,0,1.856738,0,3.733266
D614244,237,A2ECU237SLE1,,,,,,,,,,,,,,,,,,,D6142440,PXMG,07/05/2026 10:26:06 PM,BPD454,8M5CL,8M5CL,08/07/2026 11:00:33 AM,8M5CL,D1D,5,8353108,0,0,0,0,0,0,0,0,0,0,0,0,0,4.516967,0,0,0,4.516967
D614244,239,A2DY9239SLH2,,,,,,,,,,,,,,,,,,,D6142440,PXMG,07/05/2026 10:26:06 PM,BPD454,8M5CL,8M5CL,08/07/2026 11:01:15 AM,8M5CL,D1D,6,8353148,0,0,0,0,0,0,1.339668,0,0,0,0,0,0,0.731071,0,0.763242,0,2.83398
D614208,337,KJCJH337WFD2,,,,,,,,,,,,,,,,,,,D6142080,PNCB,07/05/2026 5:25:14 AM,BPD458,8M5CL,8M5CL,07/05/2026 7:42:11 AM,8M5CL,D1D,1,8358514,0.77236,0,0,0,0.22723,0,0.571227,0,0,0,0,0,0,2.691982,0.932926,13.79982,5.957699,24.68755
D614208,424,KJCJF424WFG4,,,,,,,,,,,,,,,,,,,D6142080,PNCB,07/05/2026 5:25:14 AM,BPD458,8M5CL,8M5CL,07/05/2026 7:42:22 AM,8M5CL,D1D,2,8358476,0,0,0,0,0,1.0179,0,0,0,0,0,0,0,0,0.561864,0.731018,0,2.310782
D615294,76,A2AZS076SLG5,,,,,,,,,,,,,,,,,,,D6152940,PNCB,07/05/2026 11:26:08 PM,BPD446,8M5CL,8M5CL,07/06/2026 8:07:45 AM,8M5CL,D1D,1,8385575,0,0,0,0,0.265143,1.254569,0,0,0,0,0,0,0,1.985156,0,0.90306,1.414968,5.822895
D615294,77,A2BDY077SLA5,,,,,,,,,,,,,,,,,,,D6152940,PNCB,07/05/2026 11:26:08 PM,BPD446,8M5CL,8M5CL,07/06/2026 8:07:35 AM,8M5CL,D1D,2,8385612,0,0,0,0,1.279515,0,2.71925,0,0,0,0,0,0,0,0,3.87189,0.305411,8.146617
D614270,32,MCLKC032WAA5,,,,,,,,,,,,,,,,,,,D6142700,PXMG,07/07/2026 3:50:08 PM,BPD458,8M5CL,8M5CL,08/07/2026 11:00:35 AM,8M5CL,D1D,1,8344656,0,0,0,0,0.981316,0,3.007709,0,0,0,0,0,0,3.132741,0,0.856783,0,7.978552
D614270,40,MCLKC040WAE0,,,,,,,,,,,,,,,,,,,D6142700,PXMG,07/07/2026 3:50:08 PM,BPD458,8M5CL,8M5CL,08/07/2026 11:00:46 AM,8M5CL,D1D,2,8344831,0,0,0,0,0,1.449778,0,0,0,0,0,0,0,0,0,1.449356,0,2.899134
D614209,204,MCMUC204WAD5,,,,,,,,,,,,,,,,,,,D6142090,PNCB,07/11/2026 10:18:29 PM,BPD436,8M5CL,8M5CL,07/12/2026 8:31:54 AM,8M5CL,D1D,1,8360412,4.031224,0,0,0,0,0,0,0,0,0,0,0,0,0,0,0.794557,0,4.82578
D614209,205,MCMUC205WAA4,,,,,,,,,,,,,,,,,,,D6142090,PNCB,07/11/2026 10:18:29 PM,BPD436,8M5CL,8M5CL,07/12/2026 8:31:53 AM,8M5CL,D1D,2,8360423,0,0,0,0,0,0.868647,0,0,0,0,0,0,0,0,0,5.328591,0,6.197238
D615272,322,KJ67K322WFA4,,,,,,,,,,,,,,,,,,,D6152720,PR8B,07/11/2026 9:39:51 PM,BPD436,8M5CL,8M5CL,07/12/2026 8:26:21 AM,8M5CL,D1D,1,8382741,3.553011,0,0,0,0,1.484299,0,0,0,0,0,0,0,0,0,1.156936,1.116242,7.31049
D615272,332,KJ67K332WFF0,,,,,,,,,,,,,,,,,,,D6152720,PR8B,07/11/2026 9:39:51 PM,BPD436,8M5CL,8M5CL,07/12/2026 8:26:11 AM,8M5CL,D1D,2,8382617,0.845954,0,0,0,0.248882,0,0,0,0,0,0,0,0,5.741793,0,2.807516,0,9.644144
D615272,336,KJ67K336WFH2,,,,,,,,,,,,,,,,,,,D6152720,PR8B,07/11/2026 9:39:51 PM,BPD436,8M5CL,8M5CL,07/12/2026 8:26:35 AM,8M5CL,D1D,3,8382600,0,0,0,0,0,0,0,0,0,0,0,0,0,5.008328,1.110623,0,0,6.118951
D615272,340,KJ67K340WFB0,,,,,,,,,,,,,,,,,,,D6152720,PR8B,07/11/2026 9:39:51 PM,BPD436,8M5CL,8M5CL,07/12/2026 8:26:28 AM,8M5CL,D1D,4,8382610,0,0,0,0,0,2.302941,2.418701,0,0,0,0,0,0,0,0,3.588994,0,8.310636
D614229,550,KJD9Y550WFE3,,,,,,,,,,,,,,,,,,,D6142290,PXMG,07/11/2026 5:20:14 PM,BPD454,8M5CL,8M5CL,08/07/2026 10:59:58 AM,8M5CL,D1D,1,8346733,0,0,0,0,2.831856,0.774181,0,0,0,0,0,0,0,2.241173,0,3.234943,0,9.082153
D614229,551,KJD9Y551WFB2,,,,,,,,,,,,,,,,,,,D6142290,PXMG,07/11/2026 5:20:14 PM,BPD454,8M5CL,8M5CL,08/07/2026 10:59:51 AM,8M5CL,D1D,2,8346678,0.66219,0,0,0,0.770012,0.88973,0,0,0,0,0,0,0,1.919408,0,14.69344,0,18.93478
D613642,60,A2EPZ060SLB0,,,,,,,,,,,,,,,,,,,D6136420,PXMG,07/14/2026 1:42:42 PM,BPD436,8M5CL,8M5CL,08/07/2026 11:00:22 AM,8M5CL,D1D,1,8309509,0,0,0,0,0.746238,2.19681,0,0,0,0,0,0,0,8.395441,0,10.58455,0,21.92304
D613642,65,A2EPZ065SLA1,,,,,,,,,,,,,,,,,,,D6136420,PXMG,07/14/2026 1:42:42 PM,BPD436,8M5CL,8M5CL,08/07/2026 11:00:55 AM,8M5CL,D1D,2,8309478,0,0,0,0,0.257954,0,2.897518,0,0,0,0,0,0,7.333571,0,6.274936,0,16.76398
D613642,72,A2EPZ072SLG5,,,,,,,,,,,,,,,,,,,D6136420,PXMG,07/14/2026 1:42:42 PM,BPD436,8M5CL,8M5CL,08/07/2026 11:00:45 AM,8M5CL,D1D,3,8309494,0,0,0,0,0.330994,0,0,0,0,0,0,0,0,1.155601,0,8.216962,0,9.620102
D613642,75,A2EPZ075SLE5,,,,,,,,,,,,,,,,,,,D6136420,PXMG,07/14/2026 1:42:42 PM,BPD436,8M5CL,8M5CL,08/07/2026 11:00:32 AM,8M5CL,D1D,4,8309431,0,0,0,0,0,0.763464,1.339668,0,0,0,0,0,0,0,0,0,0,2.103132
D613642,80,A2DD8080SLD5,,,,,,,,,,,,,,,,,,,D6136420,PXMG,07/14/2026 1:42:42 PM,BPD436,8M5CL,8M5CL,08/07/2026 11:00:37 AM,8M5CL,D1D,5,8309466,0,0,0,0,0,1.352074,0,0,0,0,0,0,0,0,0,5.556083,0,6.908157
D613642,81,A2DD8081SLA4,,,,,,,,,,,,,,,,,,,D6136420,PXMG,07/14/2026 1:42:42 PM,BPD436,8M5CL,8M5CL,08/07/2026 11:00:47 AM,8M5CL,D1D,6,8309353,0,0,0,0,0,1.356763,0.784034,0,0,0,0,0,0,9.421429,1.234682,3.090814,0,15.19035
D613642,127,A2CM6127SLA3,,,,,,,,,,,,,,,,,,,D6136420,PXMG,07/14/2026 1:42:42 PM,BPD436,8M5CL,8M5CL,08/07/2026 11:00:14 AM,8M5CL,D1D,7,8309485,0,0,0,0,0.942125,0,2.217769,0,0,0,0,0,0,4.414065,2.284672,4.534642,0.504614,14.77441
D613632,26,HJ6TM026JKB4,,,,,,,,,,,,,,,,,,,D6136320,PXMG,07/16/2026 6:10:02 PM,BPD454,8M5CL,8M5CL,08/07/2026 10:59:36 AM,8M5CL,D1D,1,8306819,0,0,0,0,0,5.207196,0.755044,0,0,0,0,0,0,1.312323,3.205931,3.914875,0,14.39537
D613632,27,HJ6TM027JKF6,,,,,,,,,,,,,,,,,,,D6136320,PXMG,07/16/2026 6:10:02 PM,BPD454,8M5CL,8M5CL,08/07/2026 10:59:44 AM,8M5CL,D1D,2,8306728,2.20411,0,0,0,0.258495,0,0,0,0,0,0,0,0,7.19484,0,3.673176,0.530041,13.86066
D614185,617,KJD9Y617WFA4,,,,,,,,,,,,,,,,,,,D6141850,PR8B,07/15/2026 4:03:54 AM,BPD458,8M5CL,8M5CL,07/15/2026 8:15:45 AM,8M5CL,D1D,1,8342911,0,0,0,0,0,0,0,0,0,0,0,0,0,0,0,5.92079,0,5.92079
D614185,631,KJD9Y631WFG1,,,,,,,,,,,,,,,,,,,D6141850,PR8B,07/15/2026 4:03:54 AM,BPD458,8M5CL,8M5CL,07/15/2026 8:15:33 AM,8M5CL,D1D,2,8342918,0,0,0,0,0,6.0719,0,0,0,0,0,0,0,0,0,0,0,6.0719
D615341,733,HJ4EP733JKF7,,,,,,,,,,,,,,,,,,,D6153410,PXMG,07/12/2026 5:01:51 AM,BPD436,8M5CL,8M5CL,08/07/2026 10:59:53 AM,8M5CL,D1D,1,8405809,0,0,0,0,0.850909,2.966847,0,0,0,0,0,0,0,2.136601,0,1.660518,0,7.614874
D615341,734,HJ4EP734JKC6,,,,,,,,,,,,,,,,,,,D6153410,PXMG,07/12/2026 5:01:51 AM,BPD436,8M5CL,8M5CL,08/07/2026 10:59:58 AM,8M5CL,D1D,2,8405780,0,0,0,0,0.08432,3.942217,1.383505,0,0,0,0,0,0,11.3833,10.49802,2.364654,0,29.65602
D615337,17,KJD9W017WFF0,,,,,,,,,,,,,,,,,,,D6153370,PXMG,07/18/2026 11:05:37 AM,BPD454,8M5CL,8M5CL,08/07/2026 10:59:37 AM,8M5CL,D1D,1,8405841,0,0,0,0,0.599604,1.60812,0,0,0,0,0,0,0,2.607573,1.819356,6.171958,0,12.80661
D615337,19,KJD9W019WFG1,,,,,,,,,,,,,,,,,,,D6153370,PXMG,07/18/2026 11:05:37 AM,BPD454,8M5CL,8M5CL,08/07/2026 10:59:31 AM,8M5CL,D1D,2,8405739,0,0,0,0,0.551429,2.615192,1.648281,0,0,0,0,0,0,2.120271,0,10.83421,0,17.76939
D614177,18,MCLXR018WAC6,,,,,,,,,,,,,,,,,,,D6141770,PR8B,07/19/2026 11:24:57 AM,BPD446,8M5CL,8M5CL,07/20/2026 8:08:46 AM,8M5CL,D1D,1,8341810,0,0,0,0,0,0,1.453501,0,0,0,0,0,0,5.808755,0,1.806375,0,9.068631
D614177,32,MCLXR032WAB0,,,,,,,,,,,,,,,,,,,D6141770,PR8B,07/19/2026 11:24:57 AM,BPD446,8M5CL,8M5CL,07/20/2026 8:08:33 AM,8M5CL,D1D,2,8341808,0,0,0,0,0.783154,4.200868,1.499569,0,0,0,0,2.56917,0,0,0,0,0,9.052758
D614177,33,MCLXR033WAF2,,,,,,,,,,,,,,,,,,,D6141770AF,PR8B,07/19/2026 1:06:31 PM,BPD446,8M5CL,8M5CL,07/20/2026 8:08:35 AM,8M5CL,D1D,1,8979080,0,0,0,0,0,0.958128,1.207761,0,0,0,1.465243,0,0,0,0,5.217917,0,8.849048
D614177,38,MCLXR038WAE3,,,,,,,,,,,,,,,,,,,D6141770AF,PR8B,07/19/2026 1:06:31 PM,BPD446,8M5CL,8M5CL,07/20/2026 8:09:00 AM,8M5CL,D1D,2,8979132,0,0,0,0,0,1.729764,0,0,0,0,0,0,0,1.306845,0,0,0,3.036609
D614177,60,MCLXR060WAG0,,,,,,,,,,,,,,,,,,,D6141770AF,PR8B,07/19/2026 1:06:31 PM,BPD446,8M5CL,8M5CL,07/20/2026 8:08:45 AM,8M5CL,D1D,3,8979113,0,0,0,0,0,2.017197,0,0,0,0,0,0,0,1.798035,4.807041,1.285646,0,9.907919
D614177,62,MCLXR062WAH1,,,,,,,,,,,,,,,,,,,D6141770AF,PR8B,07/19/2026 1:06:31 PM,BPD446,8M5CL,8M5CL,07/20/2026 8:09:06 AM,8M5CL,D1D,4,8979112,0,0,0,0,0,1.749585,0,0,0,0,0,0,0,0,0,0,0,1.749585
D615291,8,MCLKC008WAF2,,,,,,,,,,,,,,,,,,,D6152910,PNCB,07/19/2026 8:00:29 PM,BPD436,8M5CL,8M5CL,07/20/2026 8:18:53 AM,8M5CL,D1D,1,8385607,0,0,0,0,0,0,1.283106,0,0,0,0,0,0,0,0,2.924071,0,4.207178
D615291,9,MCLKC009WAC1,,,,,,,,,,,,,,,,,,,D6152910,PNCB,07/19/2026 8:00:29 PM,BPD436,8M5CL,8M5CL,07/20/2026 8:18:26 AM,8M5CL,D1D,2,8385591,0,0,0,0,0.125888,0,0,0,0,0,0,0,0,1.127171,0,8.086558,0,9.339618
D615291,35,MCLKC035WAG0,,,,,,,,,,,,,,,,,,,D6152910,PNCB,07/19/2026 8:00:29 PM,BPD436,8M5CL,8M5CL,07/20/2026 8:19:15 AM,8M5CL,D1D,3,8385664,0,0,0,0,4.256691,1.823605,4.562384,0,0,0,0,0,0,0,0,0,0,10.06852
D615291,75,MCLKC075WAB7,,,,,,,,,,,,,,,,,,,D6152910,PNCB,07/19/2026 8:00:29 PM,BPD436,8M5CL,8M5CL,07/20/2026 8:18:14 AM,8M5CL,D1D,4,8385717,0,0,0,0,0.432326,0,0,0,0,0,0,0,0,10.45653,0,3.46011,0,13.47542
D615291,118,MCLKC118WAB4,,,,,,,,,,,,,,,,,,,D6152910,PNCB,07/19/2026 8:00:29 PM,BPD436,8M5CL,8M5CL,07/20/2026 8:19:00 AM,8M5CL,D1D,5,8385728,0,0,0,0,0.413726,0.833103,2.802193,0,0,0,0,0,0,0,0,3.474777,0,7.470006
D615291,128,MCLKC128WAG0,,,,,,,,,,,,,,,,,,,D6152910,PNCB,07/19/2026 8:00:29 PM,BPD436,8M5CL,8M5CL,07/20/2026 8:18:04 AM,8M5CL,D1D,6,8385586,0,0,0,0,0,0,2.610788,0,0,0,0,0,0,3.415732,1.421573,6.840921,1.459613,15.74863
D614176,28,A2DST028SLH1,,,,,,,,,,,,,,,,,,,D6141760,PR8B,07/29/2026 9:31:10 PM,BPD458,8M5CL,8M5CL,07/30/2026 8:15:49 AM,8M5CL,D1D,1,8340151,0,0,0,0,0,4.001989,0,0,0,0,0,0,0,4.370861,0,5.572772,0,13.94562
D614176,29,A2DST029SLE0,,,,,,,,,,,,,,,,,,,D6141760,PR8B,07/29/2026 9:31:10 PM,BPD458,8M5CL,8M5CL,07/30/2026 8:15:55 AM,8M5CL,D1D,2,8340083,0,0,0,0,0,1.512915,0.507868,0,0,0,0,0,0,1.553607,0,0,2.683327,6.257717
D615293,10,A2BDS010SLA5,,,,,,,,,,,,,,,,,,,D6152930,PNCB,08/03/2026 3:45:07 PM,BPD446,8M5CL,8M5CL,08/04/2026 7:29:57 AM,8M5CL,D1D,1,8385537,0,0,0,0,0,1.963786,0,0,0,0,0,0,0,0,3.887693,0,0,5.851479
D615293,15,A2BDS015SLH1,,,,,,,,,,,,,,,,,,,D6152930,PNCB,08/03/2026 3:45:07 PM,BPD446,8M5CL,8M5CL,08/04/2026 7:29:51 AM,8M5CL,D1D,2,8385545,0,0,0,0,0.236821,0,6.761681,0,0,0,1.547536,0,0,3.64234,0,8.685163,0.334597,21.20814
D614EAG,278,5DXAZ278MVD1,,,,,,,,,,,,,,,,,,,D614EAG0,X78E,08/22/2026 7:46:28 AM,BPD458,8M5CL,8M5CL,08/22/2026 7:09:49 PM,8M5CL,D1D,1,8373126,0,0,0,0,0,0,0,0,0,0,0,0,0,0,0,0,0,0
D614EAG,312,5DXAZ312MVB3,,,,,,,,,,,,,,,,,,,D614EAG0,X78E,08/22/2026 7:46:28 AM,BPD458,8M5CL,8M5CL,08/22/2026 7:09:34 PM,8M5CL,D1D,2,8372977,0,0,0,0,0,0,0.647582,0,0,0,0,0,0,0,0,0,0,0.647582
D614EAG,331,5DXAZ331MVG1,,,,,,,,,,,,,,,,,,,D614EAG0,X78E,08/22/2026 7:46:28 AM,BPD458,8M5CL,8M5CL,08/22/2026 7:09:36 PM,8M5CL,D1D,3,8373135,0,0,0,0,0,1.772084,0,0,0,0,0,0,0,0,0,0,0,1.772084
D614EAG,338,5DXAZ338MVG3,,,,,,,,,,,,,,,,,,,D614EAG0,X78E,08/22/2026 7:46:28 AM,BPD458,8M5CL,8M5CL,08/22/2026 7:09:42 PM,8M5CL,D1D,4,8373031,0,0,0,0,0,0.930528,1.503462,0,0,0,0,0,0,1.206778,0,0,0,3.640769
D618169,855,HM8CM855JKB4,,,,,,,,,,,,,,,,,,,D6181690,PNCB,07/17/2026 5:19:23 AM,BPD446,8M5CL,8M5CL,07/17/2026 8:17:37 AM,8M5CL,D1D,1,8512581,0,0,0,0,0,0,0,0,0,0,0,0,0,4.458866,0,0,0,4.458866
D618169,856,HM8CM856JKF6,,,,,,,,,,,,,,,,,,,D6181690,PNCB,07/17/2026 5:19:23 AM,BPD446,8M5CL,8M5CL,07/17/2026 8:18:18 AM,8M5CL,D1D,2,8512579,0,0,0,0,0.280726,0,0,0,0,0,0,0,0,0,0,8.061272,0,8.341998
D618169,859,HM8CM859JKD6,,,,,,,,,,,,,,,,,,,D6181690,PNCB,07/17/2026 5:19:23 AM,BPD446,8M5CL,8M5CL,07/17/2026 8:14:53 AM,8M5CL,D1D,3,8512640,0,0,0,0,0,0,0,0,0,0,0,0,0,2.691982,0,1.59918,0,4.291162
D618169,860,HM8CM860JKG7,,,,,,,,,,,,,,,,,,,D6181690,PNCB,07/17/2026 5:19:23 AM,BPD446,8M5CL,8M5CL,07/17/2026 8:18:08 AM,8M5CL,D1D,4,8512663,0,0,0,0,0,1.015562,0,0,0,0,0,0,0,0,0,0,0,1.015562
D618210,340,MCQJT340WAG6,,,,,,,,,,,,,,,,,,,D6182100,PXMG,07/17/2026 11:33:18 PM,BPD446,8M5CL,8M5CL,08/07/2026 10:59:57 AM,8M5CL,D1D,1,8524654,0,1.410762,0,0,0.325017,1.107306,0.626601,0,0,0,0,0,0,6.44214,0,4.618446,0,14.53027
D618210,343,MCQJT343WAE6,,,,,,,,,,,,,,,,,,,D6182100,PXMG,07/17/2026 11:33:18 PM,BPD446,8M5CL,8M5CL,08/07/2026 10:59:39 AM,8M5CL,D1D,2,8524698,0,0,0,0,0.960276,2.031349,1.567913,0,0,0,0,0,0,0,0,11.72949,0,16.11823
D618210,344,MCQJT344WAB5,,,,,,,,,,,,,,,,,,,D6182100,PXMG,07/17/2026 11:33:18 PM,BPD446,8M5CL,8M5CL,08/07/2026 10:59:55 AM,8M5CL,D1D,3,8524771,1.301384,1.373501,0,0,0.346266,0,0,0,0,0,0,0,0,1.900185,0,17.62597,0,22.54731
D618210,355,MCQJT355WAD0,,,,,,,,,,,,,,,,,,,D6182100,PXMG,07/17/2026 11:33:18 PM,BPD446,8M5CL,8M5CL,08/07/2026 10:59:45 AM,8M5CL,D1D,4,8524756,0,0,0,0,0.443841,7.594473,0,0,0,0,0,0,0,2.831476,2.098905,2.225608,0,15.12598
D618205,5,MCQAF005WAC4,,,,,,,,,,,,,,,,,,,D6182050,PXMG,07/25/2026 8:12:24 PM,BPD436,8M5CL,8M5CL,08/07/2026 10:59:34 AM,8M5CL,D1D,1,8524357,0.761689,0,0,0,0,0,1.339668,0,0,0,0,0,0,4.177642,0,7.263226,0,13.54222
D618205,12,MCQAF012WAB5,,,,,,,,,,,,,,,,,,,D6182050,PXMG,07/25/2026 8:12:24 PM,BPD436,8M5CL,8M5CL,08/07/2026 10:59:14 AM,8M5CL,D1D,2,8524406,0,0,0,0,0.319844,1.111797,1.990791,0,0,0,1.531912,0,0,10.22274,0,9.037516,0,23.53969
D618205,25,MCQAF025WAE1,,,,,,,,,,,,,,,,,,,D6182050,PXMG,07/25/2026 8:12:24 PM,BPD436,8M5CL,8M5CL,08/07/2026 10:59:20 AM,8M5CL,D1D,3,8524321,0,0,0,0,0.488198,0,6.463024,0,0,0,0,1.079098,0,8.065449,0,18.50615,0.513751,33.23254
D618205,46,MCQAF046WAC5,,,,,,,,,,,,,,,,,,,D6182050,PXMG,07/25/2026 8:12:24 PM,BPD436,8M5CL,8M5CL,08/07/2026 10:59:26 AM,8M5CL,D1D,4,8524333,0,0,0,0,0,0,0.670781,0,0,0,0,0,0,8.588685,0,6.519711,0.735508,16.26167
D618155,630,MCQ7L630WAG0,,,,,,,,,,,,,,,,,,,D6181550,PR8B,07/25/2026 2:21:20 AM,BPD458,8M5CL,8M5CL,07/26/2026 8:16:11 AM,8M5CL,D1D,1,8509955,0,0,0,0,0.21709,1.029565,1.239347,0,0,0,0,0,0,2.377671,0.936925,1.47879,0,7.279388
D618155,631,MCQ7L631WAC7,,,,,,,,,,,,,,,,,,,D6181550,PR8B,07/25/2026 2:21:20 AM,BPD458,8M5CL,8M5CL,07/26/2026 8:16:06 AM,8M5CL,D1D,2,8509986,0,0,0,0,0.566167,0,1.153354,0,0,0,0,0,0,1.622598,0,2.620333,0.432652,6.269189
D618239,601,HP4KF601JKA4,,,,,,,,,,,,,,,,,,,D6182390,PXMG,07/28/2026 8:53:35 AM,BPD446,8M5CL,8M5CL,08/07/2026 10:59:09 AM,8M5CL,D1D,1,8533432,0,0,0,0,0.766462,1.57164,0,0,0,0,0,0,0,0,0,1.226799,0,3.5649
D618239,604,HP4KF604JKF7,,,,,,,,,,,,,,,,,,,D6182390,PXMG,07/28/2026 8:53:35 AM,BPD446,8M5CL,8M5CL,08/07/2026 10:59:14 AM,8M5CL,D1D,2,8533506,0,0,0.435408,0,0,1.739078,5.39712,0,0,0,0,0,0,12.34854,0,43.09523,1.876845,61.3978
D617643,52,A29Y6052SLD3,,,,,,,,,,,,,,,,,,,D6176430,PXMG,07/30/2026 4:49:26 AM,BPD454,8M5CL,8M5CL,08/07/2026 10:58:55 AM,8M5CL,D1D,1,8487510,0,0,0,0,0,1.643469,1.327883,0.461834,0,0,0,0,0,0,8.318563,9.961346,1.342178,23.05527
D617643,53,A29Y6053SLA2,,,,,,,,,,,,,,,,,,,D6176430,PXMG,07/30/2026 4:49:26 AM,BPD454,8M5CL,8M5CL,08/07/2026 10:58:48 AM,8M5CL,D1D,2,8487519,0,0,0,0,0.172173,0.782887,0.740869,0,0,0,0,0,0,1.692536,0,7.93763,0,10.71912
D618178,633,HL4NM633JKD5,,,,,,,,,,,,,,,,,,,D6181780,PNCB,08/05/2026 2:46:50 PM,BPD446,8M5CL,8M5CL,08/06/2026 10:46:05 AM,8M5CL,D1D,1,8516323,0,0,0,0,3.041464,0,6.887832,0,0,0,0,0,0,4.963068,0,2.387281,0,15.38871
D618178,637,HL4NM637JKF7,,,,,,,,,,,,,,,,,,,D6181780,PNCB,08/05/2026 2:46:50 PM,BPD446,8M5CL,8M5CL,08/06/2026 10:45:59 AM,8M5CL,D1D,2,8516402,0,0,0,0,0.166082,0,1.234057,0,0,0,0,0,0,1.662317,0,2.335419,0.710342,6.108217
D619271,9,A2GFE009SLA2,,,,,,,,,,,,,,,,,,,D6192710,PR8B,08/04/2026 5:45:53 PM,BPD436,8M5CL,8M5CL,08/05/2026 7:02:50 AM,8M5CL,D1D,1,8550365,0,0,0,0,0.07361,3.015015,0,0,0,0,0,0,0,0,0,2.242499,0,5.331124
D619271,18,A2GFE018SLA4,,,,,,,,,,,,,,,,,,,D6192710,PR8B,08/04/2026 5:45:53 PM,BPD436,8M5CL,8M5CL,08/05/2026 7:02:34 AM,8M5CL,D1D,2,8550363,0,0,0,0,1.639888,2.108127,6.5345,0,0,0,0,0,0,0,0,3.935283,2.708434,16.92623
D618231,2,KJEYG002WFE6,,,,,,,,,,,,,,,,,,,D6182310,PXMG,08/04/2026 7:45:14 AM,BPD454,8M5CL,8M5CL,08/07/2026 10:58:49 AM,8M5CL,D1D,1,8530433,1.204021,0,0,0,0.227046,0.773532,0.570763,0,0,0,0,1.009571,0,1.987511,0,0,0.746106,5.45404
D618231,3,KJE6W003WFF7,,,,,,,,,,,,,,,,,,,D6182310,PXMG,08/04/2026 7:45:14 AM,BPD454,8M5CL,8M5CL,08/07/2026 10:59:04 AM,8M5CL,D1D,2,8530424,0,0,0,0,0,0,0,0,0,0,0,0,0,3.761615,0,0.833008,0,4.594623
D619289,825,KJFMM825WFC3,,,,,,,,,,,,,,,,,,,D6192890,PNCB,08/02/2026 2:25:34 PM,BPD436,8M5CL,8M5CL,08/03/2026 9:36:49 AM,8M5CL,D1D,1,8553271,0,0,0,0,0,1.201138,0,0,0,0,0,0,0,0,2.025987,0,1.351594,4.578721
D619289,829,KJFMM829WFE5,,,,,,,,,,,,,,,,,,,D6192890,PNCB,08/02/2026 2:25:34 PM,BPD436,8M5CL,8M5CL,08/03/2026 9:36:38 AM,8M5CL,D1D,2,8553214,0,0,0,0,0.508217,0,0,0,0,0,0,0,0,3.280759,0,2.27271,1.306182,7.367869
D619289,844,KJFMM844WFH1,,,,,,,,,,,,,,,,,,,D6192890,PNCB,08/02/2026 2:25:34 PM,BPD436,8M5CL,8M5CL,08/03/2026 9:36:38 AM,8M5CL,D1D,3,8553200,0,0,0,0,0,3.74625,0,0,0,0,0,0,0,1.043855,0,0,1.051459,5.841564
D619289,925,KJFMM925WFB4,,,,,,,,,,,,,,,,,,,D6192890,PNCB,08/02/2026 2:25:34 PM,BPD436,8M5CL,8M5CL,08/03/2026 9:36:51 AM,8M5CL,D1D,4,8553195,0,0,0,0,0.515153,0,0.647514,0,0,0,0,0,0,0,0,1.754584,1.556429,4.473683
D618140,1,MCQAF001WAA2,,,,,,,,,,,,,,,,,,,D6181400,PR8B,08/08/2026 12:25:07 AM,BPD458,8M5CL,8M5CL,08/09/2026 7:42:40 AM,8M5CL,D1D,1,8504588,0,0,0,0,0.963328,3.686987,0.727897,0,0,0,0,0,0,0,0,4.505504,0,9.883716
D618140,11,MCQAF011WAE6,,,,,,,,,,,,,,,,,,,D6181400,PR8B,08/08/2026 12:25:07 AM,BPD458,8M5CL,8M5CL,08/09/2026 7:42:52 AM,8M5CL,D1D,2,8504529,0,0,0,0,0.275637,2.012326,0,0,0,0,0,0,0,4.537084,0,0,0,6.825047
D621930,136,HM8TF136JKH0,,,,,,,,,,,,,,,,,,,D6219300,PR8B,08/07/2026 5:01:06 AM,BPD458,8M5CL,8M5CL,08/07/2026 10:07:46 AM,8M5CL,D1D,1,8654401,0,0,0,0,0,1.604386,0,0,0,0,0,1.504237,0,0,0,0,0.862986,3.97161
D621930,137,HM8TF137JKD7,,,,,,,,,,,,,,,,,,,D6219300,PR8B,08/07/2026 5:01:06 AM,BPD458,8M5CL,8M5CL,08/07/2026 10:07:40 AM,8M5CL,D1D,2,8654434,0,0,0,0,0,2.270224,0,0,0,0,0,0,0,3.490353,1.253127,0,0,7.013704
D621930,153,HM8TF153JKD2,,,,,,,,,,,,,,,,,,,D6219300,PR8B,08/07/2026 5:01:06 AM,BPD458,8M5CL,8M5CL,08/07/2026 10:07:31 AM,8M5CL,D1D,3,8654281,0,0,0,0,0,1.981736,0,0.478514,0,0,0,0,0,0,0,8.173224,0,10.63347
D621930,154,HM8TF154JKA1,,,,,,,,,,,,,,,,,,,D6219300,PR8B,08/07/2026 5:01:06 AM,BPD458,8M5CL,8M5CL,08/07/2026 10:07:33 AM,8M5CL,D1D,4,8654377,2.903639,0,0,0,0,0,2.666287,3.084686,0,0,0,0,0,2.841117,0,3.6518,8.708773,21.68995
D619311,439,MCQLN439WAG4,,,,,,,,,,,,,,,,,,,D6193110,PNCB,08/11/2026 8:12:18 PM,BPD458,8M5CL,8M5CL,08/12/2026 8:17:05 AM,8M5CL,D1D,1,8559375,3.325276,0,0,0,0,0,0,0,0,0,0,0,0,0,0,1.59918,0.305411,5.229866
D619311,641,MCQJW641WAC1,,,,,,,,,,,,,,,,,,,D6193110,PNCB,08/11/2026 8:12:18 PM,BPD458,8M5CL,8M5CL,08/12/2026 8:17:11 AM,8M5CL,D1D,2,8559443,0,0,0,0,0,0,1.292305,0,0,0,0,0,0,7.584599,0,24.91063,0,30.68163
D619311,642,MCQJW642WAG3,,,,,,,,,,,,,,,,,,,D6193110,PNCB,08/12/2026 3:49:54 PM,BPD458,8M5CL,8M5CL,08/13/2026 8:07:29 AM,8M5CL,D1D,3,8559440,1.394774,0,0,0,0.272007,0,3.997686,0,0,0,0,0,0,3.624138,2.208369,6.370168,0,17.7029
D619311,826,MCQJW826WAF2,,,,,,,,,,,,,,,,,,,D6193110,PNCB,08/12/2026 3:49:54 PM,BPD458,8M5CL,8M5CL,08/13/2026 8:07:44 AM,8M5CL,D1D,4,8559416,0,0,0,0,0.21463,0,0,0,0,0,0,0,0,2.350732,0,1.462036,0,4.027398
D619311,834,MCQJW834WAB2,,,,,,,,,,,,,,,,,,,D6193110,PNCB,08/12/2026 3:49:54 PM,BPD458,8M5CL,8M5CL,08/13/2026 8:07:25 AM,8M5CL,D1D,5,8559508,0,0,0,0,0,0,1.283106,0,0,0,0,0,0,0,0,3.113414,0,4.39652
D617984,8,MCQAF008WAA4,,,,,,,,,,,,,,,,,,,D6179840BA,PR8B,08/11/2026 9:37:31 PM,BPD436,8M5CL,8M5CL,08/12/2026 8:23:25 AM,8M5CL,D1D,1,9117351,0,0,0,0,0.45284,0,0,0,0,0,0,0,0,0,1.249798,0,0,1.702638
D617984,23,MCQAF023WAD0,,,,,,,,,,,,,,,,,,,D6179840BA,PR8B,08/11/2026 9:37:31 PM,BPD436,8M5CL,8M5CL,08/12/2026 8:23:34 AM,8M5CL,D1D,2,9117471,0,0,0,0,0,13.92449,0,0,0,0,0,0,0,5.218466,0,2.510131,0,21.65309
D617984,29,MCQAF029WAG3,,,,,,,,,,,,,,,,,,,D6179840BA,PR8B,08/11/2026 9:37:31 PM,BPD436,8M5CL,8M5CL,08/12/2026 8:23:32 AM,8M5CL,D1D,3,9117388,0,0,0,0,1.529655,2.902615,4.642076,0,0,0,0,0,0,4.764711,0,0,0,13.83906
D619272,77,A2FYN077SLA5,,,,,,,,,,,,,,,,,,,D6192720,PR8B,08/11/2026 6:02:06 PM,BPD458,8M5CL,8M5CL,08/12/2026 8:23:12 AM,8M5CL,D1D,1,8550380,1.298077,0,0,0,0.132414,0,0,0,0,0,0,0,0,2.916688,0,7.91717,0,12.26435
D619272,78,A2FYN078SLE7,,,,,,,,,,,,,,,,,,,D6192720,PR8B,08/11/2026 6:02:06 PM,BPD458,8M5CL,8M5CL,08/12/2026 8:23:23 AM,8M5CL,D1D,2,8550405,0,0,0,0,0,0,1.055035,0,0,0,0,0,0,2.599554,0,3.652163,0,7.306752
D618197,87,A2GD3087SLA2,,,,,,,,,,,,,,,,,,,D6181970,PNCB,08/10/2026 8:03:08 PM,BPD458,8M5CL,8M5CL,08/11/2026 11:44:17 AM,8M5CL,D1D,1,8522536,0.593297,0,0,0,1.726584,2.219361,0,0,0,0,0,0,0,1.751858,0,15.54394,0,21.83504
D618197,88,A2GD3088SLE4,,,,,,,,,,,,,,,,,,,D6181970,PNCB,08/10/2026 8:03:08 PM,BPD458,8M5CL,8M5CL,08/11/2026 11:44:08 AM,8M5CL,D1D,2,8522643,0,0,0,0,0.329808,0,0.588214,0,0,0,0,0,0,0,0.658766,1.911272,0,3.48806
D618197,89,A2GD3089SLB3,,,,,,,,,,,,,,,,,,,D6181970,PNCB,08/11/2026 8:27:35 PM,BPD458,8M5CL,8M5CL,08/12/2026 8:18:58 AM,8M5CL,D1D,3,8522588,0,0,1.190715,0,0.300764,1.02517,1.922017,0,0,0,0,0,0,3.061749,0,10.40411,0,17.8769
D618197,90,A2GD3090SLE4,,,,,,,,,,,,,,,,,,,D6181970,PNCB,08/11/2026 8:27:35 PM,BPD458,8M5CL,8M5CL,08/12/2026 8:18:56 AM,8M5CL,D1D,4,8522546,0,0,0,0,0.21463,1.0179,0,0,0,0,0,0,0,5.023623,0,1.525575,0,7.781728
D618197,91,A2GD3091SLB3,,,,,,,,,,,,,,,,,,,D6181970,PNCB,08/11/2026 8:27:35 PM,BPD458,8M5CL,8M5CL,08/12/2026 8:19:05 AM,8M5CL,D1D,5,8522542,0,0,0,0,1.1189,0.574224,2.626065,0,0,0,0,0,0,0,0,0,0,4.31919
D620920,7,A2GD3007SLB1,,,,,,,,,,,,,,,,,,,D6209200BA,PR8B,08/11/2026 9:40:37 PM,BPD458,8M5CL,8M5CL,08/12/2026 8:23:34 AM,8M5CL,D1D,1,9117477,0,0,0,0,0,3.610378,0,0,0,0,0,0,0,1.286308,0,0.919746,0,5.816432
D620920,20,A2GD3020SLC4,,,,,,,,,,,,,,,,,,,D6209200BA,PR8B,08/11/2026 9:40:37 PM,BPD458,8M5CL,8M5CL,08/12/2026 8:23:21 AM,8M5CL,D1D,2,9117445,0,0,0,0,0.186072,1.061698,0,0,0,0,0,1.020278,0,3.806084,1.045216,5.16278,0,12.28213
D620920,31,A2FHT031SLE2,,,,,,,,,,,,,,,,,,,D6209200BA,PR8B,08/11/2026 9:40:37 PM,BPD458,8M5CL,8M5CL,08/12/2026 8:23:28 AM,8M5CL,D1D,3,9117376,0,0,0,0,0,6.338674,0,0,0,0,0,1.374661,0,1.520343,0,0,0,9.233678
D619288,197,KJ67H197WFC2,,,,,,,,,,,,,,,,,,,D6192880,PNCB,08/15/2026 7:30:18 PM,BPD446,8M5CL,8M5CL,08/16/2026 8:12:31 AM,8M5CL,D1D,1,8553156,0,0,0,0,0,3.038378,0,0,0,0,0,0,0,0,0,2.44297,0,5.481348
D619288,319,KJ5MC319WFF6,,,,,,,,,,,,,,,,,,,D6192880,PNCB,08/15/2026 7:30:18 PM,BPD446,8M5CL,8M5CL,08/16/2026 8:12:47 AM,8M5CL,D1D,2,8553116,0,0,0,0,0.087786,1.879099,0,0,0,0,0,0,0,1.852804,0,13.06949,0,16.19642
D619288,347,KJ5RJ347WFG2,,,,,,,,,,,,,,,,,,,D6192880,PNCB,08/15/2026 7:30:18 PM,BPD446,8M5CL,8M5CL,08/16/2026 8:12:36 AM,8M5CL,D1D,3,8553122,0,0,0,0,0,0,0,0,0,0,0,1.029879,0,3.048212,0,5.38709,1.317108,10.78229
D619288,367,KJ5MC367WFF0,,,,,,,,,,,,,,,,,,,D6192880,PNCB,08/15/2026 7:30:18 PM,BPD446,8M5CL,8M5CL,08/16/2026 8:13:08 AM,8M5CL,D1D,4,8553187,0,0,0,0,0,2.14023,0,0,0,0,0,0,0,3.630359,0,1.561976,0,7.332566
D619348,425,5DXXD425MVE6,,,,,,,,,,,,,,,,,,,D6193480,PNCB,08/14/2026 5:25:50 PM,BPD436,8M5CL,8M5CL,08/16/2026 8:12:25 AM,8M5CL,D1D,1,8568426,0,0,0,0,0,0,0,0,0,0,0,2.938587,0,3.573735,1.487332,1.719001,0,9.71865
D619348,436,5DXXD436MVG1,,,,,,,,,,,,,,,,,,,D6193480,PNCB,08/14/2026 5:25:50 PM,BPD436,8M5CL,8M5CL,08/16/2026 8:12:55 AM,8M5CL,D1D,2,8568486,0,0,0,0,0,0,0,0,0,0,0,0,0,0,0,4.314916,0,4.314916
D619348,439,5DXXD439MVE1,,,,,,,,,,,,,,,,,,,D6193480,PNCB,08/14/2026 5:25:50 PM,BPD436,8M5CL,8M5CL,08/16/2026 8:13:01 AM,8M5CL,D1D,3,8568507,0,0,0,0,0.166082,0,0,0,0,0,0,0,0,0,0,17.64449,0.59584,18.40641
D619348,448,5DXXD448MVE3,,,,,,,,,,,,,,,,,,,D6193480,PNCB,08/14/2026 5:25:50 PM,BPD436,8M5CL,8M5CL,08/16/2026 8:12:49 AM,8M5CL,D1D,4,8568373,0,0,0,0,0,1.852166,0,0,0,0,0,1.079726,0,1.927871,0,2.635772,0,7.495534
D620384,332,MCQXL332WAF4,,,,,,,,,,,,,,,,,,,D6203840,PR8B,08/14/2026 5:03:48 AM,BPD436,8M5CL,8M5CL,08/14/2026 8:05:49 AM,8M5CL,D1D,1,8588737,0,0,0,0,1.292957,0,0,0,0,0,0,0,0,3.083456,1.913515,0,0,6.28993
D620384,342,MCQXL342WAC5,,,,,,,,,,,,,,,,,,,D6203840,PR8B,08/14/2026 5:03:48 AM,BPD436,8M5CL,8M5CL,08/14/2026 8:05:59 AM,8M5CL,D1D,2,8588806,0.90095,0,0,0,0,0,1.513218,0,0,0,0,0,0,0,0,1.960938,0,4.375106
D618137,703,HJ9UH703JKC4,,,,,,,,,,,,,,,,,,,D6181370AD,PR8B,08/14/2026 5:56:12 PM,BPD436,8M5CL,8M5CL,08/16/2026 8:22:22 AM,8M5CL,D1D,1,9135315,0,0,0,0,0,0,0,0,0,0,0,0,0,0,0,0,0,0
D618137,705,HJ9UH705JKD5,,,,,,,,,,,,,,,,,,,D6181370AD,PR8B,08/14/2026 5:56:12 PM,BPD436,8M5CL,8M5CL,08/16/2026 8:22:40 AM,8M5CL,D1D,2,9135252,0,0,0,0,0,0,0,0,0,0,0,0,0,0,0,0,0,0
D618137,707,HJ9UH707JKE6,,,,,,,,,,,,,,,,,,,D6181370AD,PR8B,08/14/2026 5:56:12 PM,BPD436,8M5CL,8M5CL,08/16/2026 8:22:34 AM,8M5CL,D1D,3,9135343,0,0,0,0,0.750922,7.620813,1.947624,0,0,0,0,0,0,8.607715,0,0,0,18.92707
D619294,529,KJFMJ529WFG1,,,,,,,,,,,,,,,,,,,D6192940,PNCB,08/14/2026 9:21:43 PM,BPD446,8M5CL,8M5CL,08/16/2026 8:12:24 AM,8M5CL,D1D,1,8555729,2.036014,0,0,0,0.166082,0,0,0,0,0,0,0,0,0.705206,0,0,0,2.907302
D619294,531,KJFMJ531WFG1,,,,,,,,,,,,,,,,,,,D6192940,PNCB,08/14/2026 9:21:43 PM,BPD446,8M5CL,8M5CL,08/16/2026 8:12:31 AM,8M5CL,D1D,2,8555716,0,0,0,0,0.216163,0,0,0,0,0,0,0,0,0,0,0,0,0.216163
D618168,727,HM8CM727JKE6,,,,,,,,,,,,,,,,,,,D6181680,PNCB,08/14/2026 5:22:13 AM,BPD458,8M5CL,8M5CL,08/14/2026 8:05:54 AM,8M5CL,D1D,1,8512691,0,0,0,0,0.716121,0,4.564574,0,0,0,0,0,0,3.671993,0,0.736239,0,9.688927
D618168,728,HM8CM728JKB5,,,,,,,,,,,,,,,,,,,D6181680,PNCB,08/14/2026 5:22:13 AM,BPD458,8M5CL,8M5CL,08/14/2026 8:05:56 AM,8M5CL,D1D,2,8512790,0,0,0.213512,0,2.703015,2.677134,0.991611,0,0,0,0,1.60886,0,0,0,0,2.186345,10.38048
D619287,22,A2GD3022SLD5,,,,,,,,,,,,,,,,,,,D6192870,PNCB,08/13/2026 5:48:09 AM,BPD436,8M5CL,8M5CL,08/13/2026 8:07:35 AM,8M5CL,D1D,1,8553049,0.622032,0,0,0,0.652878,2.326851,0,0,0,0,0,0,0,1.168526,0,0,1.958879,6.429908
D619287,24,A2GD3024SLE6,,,,,,,,,,,,,,,,,,,D6192870,PNCB,08/13/2026 5:48:09 AM,BPD436,8M5CL,8M5CL,08/13/2026 8:07:53 AM,8M5CL,D1D,2,8552991,0,0,0,0,1.82117,0.570151,0,0,0,0,0,0,0,2.629327,0,0,0,5.020648
D619287,179,A2GD3179SLD3,,,,,,,,,,,,,,,,,,,D6192870,PNCB,08/13/2026 5:48:09 AM,BPD436,8M5CL,8M5CL,08/13/2026 8:07:40 AM,8M5CL,D1D,3,8552877,0,0,0,0,0.792313,0.83487,0.592416,0,0,0,0,0,0,2.86439,1.383659,3.87189,0,9.70821
D619287,180,A2GD3180SLG4,,,,,,,,,,,,,,,,,,,D6192870,PNCB,08/13/2026 5:48:09 AM,BPD436,8M5CL,8M5CL,08/13/2026 8:07:32 AM,8M5CL,D1D,4,8553070,0,0,0,0,2.666492,0,0.638672,0,0,0,0,0,0,2.929694,0,0,0,6.052139
D619297,59,KJFMF059WFA3,,,,,,,,,,,,,,,,,,,D6192970,PNCB,08/18/2026 10:00:18 PM,BPD458,8M5CL,8M5CL,08/19/2026 8:16:25 AM,8M5CL,D1D,1,8556006,0,0,0,0,0,0,2.708947,0,0,0,0,0,0,0,0,6.612718,0,9.321666
D619297,547,KJFMJ547WFG5,,,,,,,,,,,,,,,,,,,D6192970,PNCB,08/18/2026 10:00:18 PM,BPD458,8M5CL,8M5CL,08/19/2026 8:15:59 AM,8M5CL,D1D,2,8555898,0,0,0,0,0.388056,0,0,0,0,0,0,0,0,3.696903,0,3.340737,0,7.425693
D619257,458,HP2FJ458JKA3,,,,,,,,,,,,,,,,,,,D6192570,PR8B,08/19/2026 9:14:12 AM,BPD436,8M5CL,8M5CL,08/19/2026 12:14:13 PM,8M5CL,D1D,1,8545366,1.498713,0,0,0,0,0.642822,0,0,0,0,0,0,0,0,2.372939,4.977413,0,9.491884
D619257,464,HP2FJ464JKC5,,,,,,,,,,,,,,,,,,,D6192570,PR8B,08/19/2026 9:14:12 AM,BPD436,8M5CL,8M5CL,08/19/2026 12:14:07 PM,8M5CL,D1D,2,8545393,0,0,0,0,0,7.354426,0.589946,0,0,0,0,0,0,0,0,0,0,7.944372
D619257,467,HP2FJ467JKA5,,,,,,,,,,,,,,,,,,,D6192570,PR8B,08/19/2026 9:14:12 AM,BPD436,8M5CL,8M5CL,08/19/2026 12:14:21 PM,8M5CL,D1D,3,8545364,63.01501,0,0,0,0,2.189577,1.887617,0,0,0,0,0,0,136.6214,0,0,4.017516,159.1267
D619257,518,HP2FJ518JKD5,,,,,,,,,,,,,,,,,,,D6192570,PR8B,08/19/2026 9:14:12 AM,BPD436,8M5CL,8M5CL,08/19/2026 12:14:01 PM,8M5CL,D1D,4,8545386,0,0,0,0,0,0,1.584601,0,0,0,0,0,0,0,0,1.960938,0,3.545539
D618141,339,MCPNA339WAG5,,,,,,,,,,,,,,,,,,,D6181410X,PR8B,08/19/2026 10:40:11 AM,BPD436,8M5CL,8M5CL,08/20/2026 9:29:59 AM,8M5CL,D1D,1,9163903,0,0,0,0,0.293804,0,2.561619,0,0,0,0,0,0,4.051478,0,2.001356,0,8.908257
D618141,341,MCPNA341WAG5,,,,,,,,,,,,,,,,,,,D6181410X,PR8B,08/19/2026 10:40:11 AM,BPD436,8M5CL,8M5CL,08/20/2026 9:29:49 AM,8M5CL,D1D,2,9163755,0.943938,0,0,0,1.046499,1.237036,3.245634,0,0,0,0,0,0,2.13562,0,0,0,8.608729
D618141,349,MCPNA349WAD6,,,,,,,,,,,,,,,,,,,D6181410X,PR8B,08/19/2026 10:40:11 AM,BPD436,8M5CL,8M5CL,08/20/2026 9:29:43 AM,8M5CL,D1D,3,9163930,0,0,0,0,0,0,0,0,0,0,0,0,0,0,0,0,0,0
D618141,356,MCPNA356WAC7,,,,,,,,,,,,,,,,,,,D6181410X,PR8B,08/19/2026 10:40:11 AM,BPD436,8M5CL,8M5CL,08/20/2026 9:30:05 AM,8M5CL,D1D,4,9163977,0,0,0,0,0,2.785804,0,0,0,0,0,0,0,0,0,0,0,2.785804
D618171,629,HM8CM629JKG6,,,,,,,,,,,,,,,,,,,D6181710,PNCB,08/18/2026 8:54:27 AM,BPD436,8M5CL,8M5CL,08/19/2026 8:16:03 AM,8M5CL,D1D,1,8512414,0,0,0,0,0,0,1.336107,0,0,0,0,0,0,1.799782,1.010075,0,0.645112,4.290017
D618171,677,HM8CM677JKG0,,,,,,,,,,,,,,,,,,,D6181710,PNCB,08/18/2026 8:54:27 AM,BPD436,8M5CL,8M5CL,08/19/2026 8:15:59 AM,8M5CL,D1D,2,8512402,0,0,0,0,0,0,3.042275,0,0,0,0,2.047552,0,3.541156,0,2.335419,0.944218,11.91062
D618146,580,MCPNW580WAE6,,,,,,,,,,,,,,,,,,,D6181460,PR8B,08/17/2026 9:23:14 AM,BPD436,8M5CL,8M5CL,08/18/2026 7:10:47 AM,8M5CL,D1D,1,8507275,0,0,0,0,0,0,0,0.685006,0,0,0,0,0,2.533548,0,10.8154,0,14.03395
D618146,588,MCPNW588WAB7,,,,,,,,,,,,,,,,,,,D6181460,PR8B,08/17/2026 9:23:14 AM,BPD436,8M5CL,8M5CL,08/18/2026 7:10:53 AM,8M5CL,D1D,2,8507387,0,0,0,0,0.951732,7.005871,0,0,0,0,0,0,0,0,19.00816,5.540649,0,32.50641
D618171,693,HM8CM693JKF3,,,,,,,,,,,,,,,,,,,D6181710S,PNCB,08/18/2026 6:21:27 AM,BPD436,8M5CL,8M5CL,08/19/2026 8:16:15 AM,8M5CL,D1D,1,9154762,0,0,0,0,0,0,0,0,0,0,0,0,0,1.662317,0,5.485196,2.016525,9.164038
D618171,706,HM8CM706JKG2,,,,,,,,,,,,,,,,,,,D6181710S,PNCB,08/18/2026 6:21:27 AM,BPD436,8M5CL,8M5CL,08/19/2026 8:17:27 AM,8M5CL,D1D,2,9154904,7.181428,0,0,0,0,0,2.10089,0,1.516012,0,0,0,0,0,0,0,2.870501,13.30355
D618171,756,HM8CM756JKG5,,,,,,,,,,,,,,,,,,,D6181710S,PNCB,08/18/2026 6:21:27 AM,BPD436,8M5CL,8M5CL,08/19/2026 8:16:24 AM,8M5CL,D1D,3,9154905,0,0,0,0,0,2.319518,0,0,0,0,0,0,0,0.895372,1.756776,0,1.125532,6.097199
D618171,782,HM8CM782JKD1,,,,,,,,,,,,,,,,,,,D6181710S,PNCB,08/18/2026 6:21:27 AM,BPD436,8M5CL,8M5CL,08/19/2026 8:16:27 AM,8M5CL,D1D,4,9154885,0,0,0,0,0,2.033462,1.813519,0,0,0,0,0,0,0,0,0,1.410609,5.257591
D619248,342,MCQJT342WAA4,,,,,,,,,,,,,,,,,,,D6192480,PR8B,08/18/2026 2:29:27 AM,BPD436,8M5CL,8M5CL,08/18/2026 7:10:59 AM,8M5CL,D1D,1,8544722,0,0,0,0,0,2.752083,0,0,0,0,0,0,0,2.256208,0,3.037226,0.576438,8.621957
D619248,349,MCQJT349WAA6,,,,,,,,,,,,,,,,,,,D6192480,PR8B,08/18/2026 2:29:27 AM,BPD436,8M5CL,8M5CL,08/18/2026 7:11:05 AM,8M5CL,D1D,2,8544702,0,0,0,0,0,0,0.85345,0,0,0,0,0,0,0,0,0,0,0.85345
D619248,353,MCQJT353WAB7,,,,,,,,,,,,,,,,,,,D6192480,PR8B,08/18/2026 2:29:27 AM,BPD436,8M5CL,8M5CL,08/18/2026 7:11:19 AM,8M5CL,D1D,3,8544849,0,0,0,0,0,0,0,0,0,0,0,0,0,0,0,0,0,0
D619248,354,MCQJT354WAG1,,,,,,,,,,,,,,,,,,,D6192480,PR8B,08/18/2026 2:29:27 AM,BPD436,8M5CL,8M5CL,08/18/2026 7:11:15 AM,8M5CL,D1D,4,8544776,0,0,0,0,0.288776,1.806871,1.726368,0,0,0,0,0,0,0,0,1.96711,0.948959,6.738085
D620391,15,A2ET6015SLF5,,,,,,,,,,,,,,,,,,,D6203910,PR8B,08/21/2026 1:17:18 AM,BPD436,8M5CL,8M5CL,08/21/2026 9:32:08 AM,8M5CL,D1D,1,8591138,0,0,0,0,0.636205,1.638532,2.065438,0,0,0,0,0,0,1.515241,0,0,0,5.855417
D620391,18,A2EW7018SLF5,,,,,,,,,,,,,,,,,,,D6203910,PR8B,08/21/2026 1:17:18 AM,BPD436,8M5CL,8M5CL,08/21/2026 9:30:17 AM,8M5CL,D1D,2,8591203,0,0,0,0,0,2.049915,0,0,0,0,0,1.921956,0,2.184411,0,1.472173,0.582453,8.210905
D620391,21,A2ET6021SLA4,,,,,,,,,,,,,,,,,,,D6203910,PR8B,08/21/2026 1:17:18 AM,BPD436,8M5CL,8M5CL,08/21/2026 9:32:18 AM,8M5CL,D1D,3,8591204,0,0,0,0,0.496995,3.830805,0,0,0,0,0,0,0,3.821938,0,6.283737,0,14.43347
D620391,23,A2ET6023SLB5,,,,,,,,,,,,,,,,,,,D6203910,PR8B,08/21/2026 1:17:18 AM,BPD436,8M5CL,8M5CL,08/21/2026 9:32:01 AM,8M5CL,D1D,4,8591141,0,0,0,0,0,0,0,0,0,0,0,0,0,0,0,0,0,0
D618189,3,KJEYG003WFB5,,,,,,,,,,,,,,,,,,,D6181890,PNCB,08/21/2026 12:03:36 AM,BPD458,8M5CL,8M5CL,08/21/2026 9:31:49 AM,8M5CL,D1D,1,8519265,0,0,0,0,0,0,1.292271,0,0,0,0,0,0,0,0,0.800232,0,2.092503
D618189,10,KJEYG010WFA6,,,,,,,,,,,,,,,,,,,D6181890,PNCB,08/21/2026 12:03:36 AM,BPD458,8M5CL,8M5CL,08/21/2026 9:30:20 AM,8M5CL,D1D,2,8519183,0,0,0,0,0.21463,0,1.051029,0,0,0,0,0,0,0,0,1.424002,0,2.689661
D618190,3,A29Y6003SLH2,,,,,,,,,,,,,,,,,,,D6181900,PNCB,08/16/2026 3:14:43 PM,BPD458,8M5CL,8M5CL,08/17/2026 7:46:57 AM,8M5CL,D1D,1,8519076,0,0,0,0,0,0,0,0,0,0,0,0,0,4.943076,0,1.472478,0,6.415554
D618190,4,A29Y6004SLE1,,,,,,,,,,,,,,,,,,,D6181900,PNCB,08/16/2026 3:14:43 PM,BPD458,8M5CL,8M5CL,08/17/2026 7:47:03 AM,8M5CL,D1D,2,8519078,0,0,0,0,0,0,0,0,0,0,0,0,0,3.451894,0,6.193081,0,9.644975
D619358,457,HP3JY457JKA7,,,,,,,,,,,,,,,,,,,D6193580,PNCB,08/16/2026 3:53:04 AM,BPD446,8M5CL,8M5CL,08/16/2026 8:12:31 AM,8M5CL,D1D,1,8572133,0,0,0,0,0,0,0,0,0,0,0,0,0,2.986905,0,7.123867,0,10.11077
D619358,458,HP3JY458JKF1,,,,,,,,,,,,,,,,,,,D6193580,PNCB,08/16/2026 3:53:04 AM,BPD446,8M5CL,8M5CL,08/16/2026 8:12:21 AM,8M5CL,D1D,2,8572123,3.788334,0,0,0,0,0,0,0,0,0,0,0,0,0,0,0,0,3.788334
D619331,439,KJEYK439WFB6,,,,,,,,,,,,,,,,,,,D6193310,PNCB,08/16/2026 12:03:00 PM,BPD446,8M5CL,8M5CL,08/17/2026 7:41:49 AM,8M5CL,D1D,1,8565201,0,0,0,0,0,1.599394,1.292271,0,0,0,0,0,0,1.662317,0,3.46011,0.748653,8.762744
D619331,440,KJEYK440WFE7,,,,,,,,,,,,,,,,,,,D6193310,PNCB,08/16/2026 12:03:00 PM,BPD446,8M5CL,8M5CL,08/17/2026 7:42:02 AM,8M5CL,D1D,2,8565283,0,0,0,0,0,0.73123,0.588214,0,0,0,0,0,0,0,0,3.113414,0,4.432858
D619331,443,KJEYK443WFC7,,,,,,,,,,,,,,,,,,,D6193310,PNCB,08/16/2026 12:03:00 PM,BPD446,8M5CL,8M5CL,08/17/2026 7:41:56 AM,8M5CL,D1D,3,8565207,0,0,0,0,0,0.736453,0,0,0,0,0,0,0,2.539738,2.681325,0,0,5.957517
D619331,447,KJEYK447WFF1,,,,,,,,,,,,,,,,,,,D6193310,PNCB,08/16/2026 12:03:00 PM,BPD446,8M5CL,8M5CL,08/17/2026 7:41:50 AM,8M5CL,D1D,4,8565173,0,0,0,0,0,5.295997,1.086809,0,0,0,0,0,0,1.029665,0,11.61181,0.710342,19.73462
D619358,459,HP3JY459JKC0,,,,,,,,,,,,,,,,,,,D6193580P,PNCB,08/16/2026 4:16:16 AM,BPD446,8M5CL,8M5CL,08/16/2026 8:22:34 AM,8M5CL,D1D,1,9141470,0,0,0,0,0,0,2.915242,0,0,0,0,0,0,11.24609,0,15.45326,0,28.55067
D619358,460,HP3JY460JKF1,,,,,,,,,,,,,,,,,,,D6193580P,PNCB,08/16/2026 4:16:16 AM,BPD446,8M5CL,8M5CL,08/16/2026 8:22:32 AM,8M5CL,D1D,2,9141515,1.830095,0,0,0,0,0,0,0.446261,0,0,0,0,0,0,0,4.744816,1.974811,8.995982
D619358,461,HP3JY461JKC0,,,,,,,,,,,,,,,,,,,D6193580P,PNCB,08/16/2026 4:16:16 AM,BPD446,8M5CL,8M5CL,08/16/2026 8:22:46 AM,8M5CL,D1D,3,9141526,0,0,0,0,0,1.02517,0,0,0,0,0,0,0,0,0,0,0,1.02517
D619358,462,HP3JY462JKG2,,,,,,,,,,,,,,,,,,,D6193580P,PNCB,08/16/2026 4:16:16 AM,BPD446,8M5CL,8M5CL,08/16/2026 8:22:41 AM,8M5CL,D1D,4,9141519,0,0,0,0,0,1.95594,0.88407,0,0,0,0,0,0,1.536583,0,1.098701,0,5.475294
D620446,176,HP1SJ176JKD6,,,,,,,,,,,,,,,,,,,D6204460,PNCB,08/16/2026 12:42:45 PM,BPD446,8M5CL,8M5CL,08/17/2026 7:42:00 AM,8M5CL,D1D,1,8601783,0,0,0,0,0,0.570151,0,0,0,0,0,0,0,3.957697,0,0.731018,2.707529,7.966395
D620446,178,HP1SJ178JKE7,,,,,,,,,,,,,,,,,,,D6204460,PNCB,08/16/2026 12:42:45 PM,BPD446,8M5CL,8M5CL,08/17/2026 7:42:06 AM,8M5CL,D1D,2,8601753,0,0,0,0,0.273892,1.015562,0,0,0,0,0,0,0,1.845023,0,1.548177,0,4.682654
D620446,183,HP1SJ183JKC7,,,,,,,,,,,,,,,,,,,D6204460,PNCB,08/16/2026 12:42:45 PM,BPD446,8M5CL,8M5CL,08/17/2026 7:41:50 AM,8M5CL,D1D,3,8601716,4.060017,0,0,0,0,0,0,0,0,0,0,0,0,1.029665,0,0,0,5.089681
D620446,185,HP1SJ185JKE0,,,,,,,,,,,,,,,,,,,D6204460,PNCB,08/16/2026 12:42:45 PM,BPD446,8M5CL,8M5CL,08/17/2026 7:41:44 AM,8M5CL,D1D,4,8601715,0,0,0,0,0.166082,0,0,0,0,0,0,0,0,1.662317,0,2.27271,0,4.101109
D619269,14,A2FN6014SLA0,,,,,,,,,,,,,,,,,,,D6192690,PR8B,08/20/2026 8:42:48 AM,BPD458,8M5CL,8M5CL,08/21/2026 9:32:06 AM,8M5CL,D1D,1,8550875,0,0,0,0,0,1.675553,1.712946,0,0,0,0,0,0,1.6829,0,2.406641,0.72444,8.20248
D619269,23,A2FN6023SLA2,,,,,,,,,,,,,,,,,,,D6192690,PR8B,08/20/2026 8:42:48 AM,BPD458,8M5CL,8M5CL,08/21/2026 9:32:08 AM,8M5CL,D1D,2,8550859,0,0,0,0,0,0,0,0,0,0,0,0,0,0,0,20.82381,0,20.82381
D620383,118,MCQQK118WAC3,,,,,,,,,,,,,,,,,,,D6203830,PR8B,08/22/2026 1:07:59 PM,BPD436,8M5CL,8M5CL,08/22/2026 7:03:10 PM,8M5CL,D1D,1,8588646,0,0,0,0,0,2.262663,1.426093,0,0,0,0,0,0,1.19379,0,7.821092,0,12.70364
D620383,172,MCQQK172WAD7,,,,,,,,,,,,,,,,,,,D6203830,PR8B,08/22/2026 1:07:59 PM,BPD436,8M5CL,8M5CL,08/22/2026 7:04:20 PM,8M5CL,D1D,2,8588644,0,0,0,0,0,0,5.732829,0,0,0,0,0,0,7.849898,0,14.24923,0,27.83195
D620383,193,MCQQK193WAC3,,,,,,,,,,,,,,,,,,,D6203830,PR8B,08/22/2026 1:07:59 PM,BPD436,8M5CL,8M5CL,08/22/2026 7:03:18 PM,8M5CL,D1D,3,8588626,0,0,0,0,0.257373,0,0,0,0,0,0,0,0,4.918928,0,0,0,5.176301
D620383,199,MCQQK199WAF6,,,,,,,,,,,,,,,,,,,D6203830,PR8B,08/22/2026 1:07:59 PM,BPD436,8M5CL,8M5CL,08/22/2026 7:04:14 PM,8M5CL,D1D,4,8588670,0,0,0,0,0,0,0,0,0,0,0,0,0,0,0,0,0,0
D620430,644,MCQJW644WAA1,,,,,,,,,,,,,,,,,,,D6204300,PNCB,08/22/2026 2:09:13 AM,BPD436,8M5CL,8M5CL,08/22/2026 6:59:45 PM,8M5CL,D1D,1,8599214,0,0,0,0,0,0,0.582689,0,0,0,0,0.954361,0,0,0,5.881506,0,7.418556
D620430,722,MCQJW722WAD7,,,,,,,,,,,,,,,,,,,D6204300,PNCB,08/22/2026 2:09:13 AM,BPD436,8M5CL,8M5CL,08/22/2026 7:00:03 PM,8M5CL,D1D,2,8599217,0,0,0,0,0,1.576789,0,0,0,0,0,0,0,2.495015,0,0,2.888094,6.959898
D620430,742,MCQJW742WAF4,,,,,,,,,,,,,,,,,,,D6204300,PNCB,08/22/2026 2:09:13 AM,BPD436,8M5CL,8M5CL,08/22/2026 6:59:51 PM,8M5CL,D1D,3,8599157,0,0,0,0,0,0,0,0,0,0,0,0.954361,0,0,0,2.48823,0,3.442591
D620430,750,MCQJW750WAB4,,,,,,,,,,,,,,,,,,,D6204300,PNCB,08/22/2026 2:09:13 AM,BPD436,8M5CL,8M5CL,08/22/2026 7:00:02 PM,8M5CL,D1D,4,8599231,0,0,0,0,0,0,0,0,0,0,0,0,0,0,0,2.924071,0,2.924071
D620441,44,MCLXR044WAG5,,,,,,,,,,,,,,,,,,,D6204410,PNCB,08/22/2026 9:15:59 AM,BPD458,8M5CL,8M5CL,08/22/2026 6:59:30 PM,8M5CL,D1D,1,8601830,0,0,0,0,0.381447,0,1.283106,0,0,0,0,0,0,0,0,1.587839,0,3.151669
D621483,144,A2GUA144SLC6,,,,,,,,,,,,,,,,,,,D6214830,PR8B,08/22/2026 8:15:43 AM,BPD458,8M5CL,8M5CL,08/22/2026 7:03:00 PM,8M5CL,D1D,1,8624928,0,0,0,0,0.333588,5.184955,0.545734,0,0,0,0,0,0,0,0,0.739395,0,6.803671
D621483,152,A2GUA152SLG1,,,,,,,,,,,,,,,,,,,D6214830,PR8B,08/22/2026 8:15:43 AM,BPD458,8M5CL,8M5CL,08/22/2026 7:02:54 PM,8M5CL,D1D,2,8624966,2.560774,0,0,0,0.383696,1.326619,0,0.555831,0,0,0,0,0,4.111561,1.153746,0,0.548155,10.21463
D619268,98,A2GHH098SLG6,,,,,,,,,,,,,,,,,,,D6192680,PR8B,08/22/2026 1:50:30 PM,BPD436,8M5CL,8M5CL,08/22/2026 7:02:54 PM,8M5CL,D1D,1,8550551,0,0,0,0,0.341518,1.352475,0,0,0,0,0,0,0,0,0,2.526555,0,4.220548
D619268,108,A2GKL108SLF3,,,,,,,,,,,,,,,,,,,D6192680,PR8B,08/22/2026 1:50:30 PM,BPD436,8M5CL,8M5CL,08/22/2026 7:03:04 PM,8M5CL,D1D,2,8550627,0,0,0,0,1.495148,1.25322,4.313179,0,0,0,0,1.296792,0,2.315444,0,0,0,10.67378
D618215,26,KJEYH026WFB5,,,,,,,,,,,,,,,,,,,D6182150,PXMG,08/22/2026 1:05:13 AM,BPD446,8M5CL,8M5CL,08/22/2026 7:05:41 PM,8M5CL,D1D,1,8527270,0,0,0,0,0,0,0,0,1.568916,0,0,0,0,0,0,2.399778,0,3.968694
D618215,222,KJEYH222WFF0,,,,,,,,,,,,,,,,,,,D6182150,PXMG,08/22/2026 1:05:13 AM,BPD446,8M5CL,8M5CL,08/22/2026 7:05:44 PM,8M5CL,D1D,2,8527287,0,0,0,0,0.28047,0,0,0,0,0,0,0,0,1.226031,0,4.240083,0,5.746585
D618215,256,KJEYH256WFG0,,,,,,,,,,,,,,,,,,,D6182150,PXMG,08/22/2026 1:05:13 AM,BPD446,8M5CL,8M5CL,08/22/2026 7:06:03 PM,8M5CL,D1D,3,8527200,0,0,0,0,0.22212,0,0,0,0,0,0,0,0,0,0,0.756528,0,0.978648
D618215,373,KJE6B373WFE6,,,,,,,,,,,,,,,,,,,D6182150,PXMG,08/22/2026 1:05:13 AM,BPD446,8M5CL,8M5CL,08/22/2026 7:05:51 PM,8M5CL,D1D,4,8527245,0,0,0,0,0.190813,2.794696,1.754361,0,0,0,0,0,0,7.461187,0,0.845868,0,11.29285
D618198,51,A2GFE051SLD4,,,,,,,,,,,,,,,,,,,D6181980,PNCB,08/23/2026 11:04:28 AM,BPD458,8M5CL,8M5CL,08/24/2026 5:15:19 AM,8M5CL,D1D,1,8522670,0,0,0,0,0,1.022816,1.292271,0,0,0,0,0,0,1.029665,1.383659,1.86093,0.710342,7.299683
D618198,52,A2GFE052SLA3,,,,,,,,,,,,,,,,,,,D6181980,PNCB,08/23/2026 11:04:28 AM,BPD458,8M5CL,8M5CL,08/24/2026 5:14:59 AM,8M5CL,D1D,2,8522684,1.673387,0,0,0,0,0.570151,0,0,0,0,0,0,0,3.888856,0,0.929657,1.319468,8.197749
D618198,59,A2GFE059SLA5,,,,,,,,,,,,,,,,,,,D6181980,PNCB,08/23/2026 11:04:28 AM,BPD458,8M5CL,8M5CL,08/24/2026 5:14:53 AM,8M5CL,D1D,3,8522672,0,0,0,0,0.582643,0,1.835675,0,0,0,0,0,0,6.02465,0,2.720691,0.710342,11.874
D618198,91,A2GKL091SLC2,,,,,,,,,,,,,,,,,,,D6181980,PNCB,08/23/2026 11:04:28 AM,BPD458,8M5CL,8M5CL,08/24/2026 5:15:28 AM,8M5CL,D1D,4,8522676,1.400851,0,0,0,0.216163,0,1.234057,0,0,0,0,0,0,0,0,1.472478,0,4.32355
D618246,13,KJEYC013WFE5,,,,,,,,,,,,,,,,,,,D6182460,PXMG,08/23/2026 9:21:58 AM,BPD454,8M5CL,8M5CL,08/24/2026 5:11:50 AM,8M5CL,D1D,1,8535331,0,0,0,0,0.780992,0,0,0,0,0,0,0,0,0,0,6.008092,0,6.677387
D618246,14,KJEYC014WFB4,,,,,,,,,,,,,,,,,,,D6182460,PXMG,08/23/2026 9:21:58 AM,BPD454,8M5CL,8M5CL,08/24/2026 5:11:15 AM,8M5CL,D1D,2,8535362,2.260308,0,0,0,0,2.415948,0,0,0,0,0,0,0,2.747085,0,2.13326,0,9.010272
D618246,36,KJEYC036WFE2,,,,,,,,,,,,,,,,,,,D6182460,PXMG,08/23/2026 9:21:58 AM,BPD454,8M5CL,8M5CL,08/24/2026 5:11:09 AM,8M5CL,D1D,3,8535377,1.240372,0,0,0,0,0,0,0,0,0,0,0,0,3.720396,0,0.823881,1.100693,6.885343
D618246,37,KJEYC037WFB1,,,,,,,,,,,,,,,,,,,D6182460,PXMG,08/23/2026 9:21:58 AM,BPD454,8M5CL,8M5CL,08/24/2026 5:12:04 AM,8M5CL,D1D,4,8535441,0,0,0,0,0.172173,0.763464,0,0,0,0,0,0,0,1.677802,0,0,0,2.613439
D618246,38,KJEYC038WFF3,,,,,,,,,,,,,,,,,,,D6182460,PXMG,08/23/2026 9:21:58 AM,BPD454,8M5CL,8M5CL,08/24/2026 5:11:56 AM,8M5CL,D1D,5,8535438,0,0,0,0,0.233325,9.700846,0,0,0,0,0,0,0,0.761197,0,4.24699,0,14.94236
D618246,39,KJEYC039WFC2,,,,,,,,,,,,,,,,,,,D6182460,PXMG,08/23/2026 9:21:58 AM,BPD454,8M5CL,8M5CL,08/24/2026 5:11:44 AM,8M5CL,D1D,6,8535425,0.761689,0,0,0,0,0,0,0,0,0,0,0,0,0,0,0,0,0.761689
D622624,4,KJCJD004WFA2,,,,,,,,,,,,,,,,,,,D6226240,PNCB,08/23/2026 2:32:05 PM,BPD458,8M5CL,8M5CL,08/24/2026 5:11:19 AM,8M5CL,D1D,1,8682649,0,0,0,0,0,0,0,0,0,0,0,68.66843,0,0,0,0,0,68.66843
D622624,9,KJCJD009WFG6,,,,,,,,,,,,,,,,,,,D6226240,PNCB,08/23/2026 2:32:05 PM,BPD458,8M5CL,8M5CL,08/24/2026 5:11:07 AM,8M5CL,D1D,2,8682651,0,0,0,0,0,0,1.292271,0,0,0,0,0,0,0,0,0,0,1.292271
D619249,533,MCQJT533WAF7,,,,,,,,,,,,,,,,,,,D6192490,PR8B,08/24/2026 5:18:19 AM,BPD458,8M5CL,8M5CL,08/24/2026 6:20:57 AM,8M5CL,D1D,1,8544946,0,0,0,0,0,7.541073,1.250036,0,0,0,0,0,0,0,2.146083,0,0,10.93719
D619249,539,MCQJT539WAB7,,,,,,,,,,,,,,,,,,,D6192490,PR8B,08/24/2026 5:18:19 AM,BPD458,8M5CL,8M5CL,08/24/2026 6:13:13 AM,8M5CL,D1D,2,8544895,0,0,0,0,0.360297,2.896746,0.905737,0,0,0,0,0,0,5.452291,0,5.594033,0,15.2091
D619249,667,MCQJU667WAG3,,,,,,,,,,,,,,,,,,,D6192490,PR8B,08/24/2026 5:18:19 AM,BPD458,8M5CL,8M5CL,08/24/2026 6:17:02 AM,8M5CL,D1D,3,8544875,0,0,0,0,0.134363,2.127271,0,0,0,0,0,0,0,2.835874,0,1.256007,0,6.353516
D619249,669,MCQJU669WAA1,,,,,,,,,,,,,,,,,,,D6192490,PR8B,08/24/2026 5:18:19 AM,BPD458,8M5CL,8M5CL,08/24/2026 6:15:15 AM,8M5CL,D1D,4,8544881,0,0,1.846547,0,0,0,0,0,0,0,0,0,0,0,5.875282,4.167035,0,11.88886
