LOT,WAFER,WAFER_ID,DEFECT@WAFER@CLASS_EDI@BEEP,DEFECT@WAFER@CLASS_EDI@BLOCKED_HM_ETCH,DEFECT@WAFER@CLASS_EDI@BLOCKED_TRENCH,DEFECT@WAFER@CLASS_EDI@BLURRY_IMAGE,DEFECT@WAFER@CLASS_EDI@BROKEN_PATTERN,DEFECT@WAFER@CLASS_EDI@DENT,DEFECT@WAFER@CLASS_EDI@DOME,DEFECT@WAFER@CLASS_EDI@FALLEN_LINES,DEFECT@WAFER@CLASS_EDI@ILD_HOLE_TEAROUT,DEFECT@WAFER@CLASS_EDI@LARGE_PARTICLE,DEFECT@WAFER@CLASS_EDI@MINI,DEFECT@WAFER@CLASS_EDI@NVD_FALSE,DEFECT@WAFER@CLASS_EDI@OTHER_UNKNOWN,DEFECT@WAFER@CLASS_EDI@PATTERN,DEFECT@WAFER@CLASS_EDI@RESIDUE,DEFECT@WAFER@CLASS_EDI@ROUNDMOUND_BEEP,DEFECT@WAFER@CLASS_EDI@SCRATCH,DEFECT@WAFER@CLASS_EDI@SIZE_SMALL,DEFECT@WAFER@CLASS_EDI@SMALL_PARTICLE,DEFECT@WAFER@CLASS_EDI@WAFER_TOTAL,ACTUAL_LOT@DEFECT,DEVICE@DEFECT,INSPECTION_TIME@DEFECT,INSPECTION_TOOL@DEFECT,LAYER,LAYER@DEFECT,LOAD_DATE@DEFECT,RECIPE@DEFECT,SITE@DEFECT,WAFER_ID_ORDER@DEFECT,WAFER_KEY@DEFECT
D521920,34,KHQMU034WFD2,0,0,0,0,0,0,0.0906823424,0,0,0,0,0,0,0,0,0,2.4895897503,4.7756377736,0,7.3559098663,D5219200,PNCB,08/24/2025 6:03:58 PM,BPD432,8M5CL,8M5CL,02/16/2026 1:03:39 AM,8M5CL,D1D,1,6752124
D521920,87,KHQMU087WFB5,0,0,0,0,0,0,0.2952147918,0.7842167263,5.2934291938,0,0,0,0,0,0,4.4805333829,0,12.84982222,0,22.489386902,D5219200,PNCB,08/24/2025 6:03:58 PM,BPD432,8M5CL,8M5CL,02/16/2026 1:02:43 AM,8M5CL,D1D,2,6752021
D521920,154,KHQMU154WFE0,0,0,0,0,0,0,0,1.1761376338,1.4825722518,0,0,0,0,0,0,6.1005481702,0,1.6893164321,0,10.448572363,D5219200,PNCB,08/24/2025 6:03:58 PM,BPD432,8M5CL,8M5CL,02/16/2026 1:01:52 AM,8M5CL,D1D,3,6752035
D521920,563,KHQ9E563WFB1,0,0,0,0,0,0,0.3181280962,1.7226991046,2.7879002321,0,0,0,0,0,0,5.3320089832,44.791666319,6.16011541,0,59.702579439,D5219200,PNCB,08/24/2025 6:03:58 PM,BPD432,8M5CL,8M5CL,02/16/2026 1:02:01 AM,8M5CL,D1D,4,6752017
D521920,565,KHQ9E565WFC2,0,0,0,0,0,0,0.1802309247,0,1.9920513547,0,0,0,0,0,0,0,10.510704717,1.2205005107,0,13.903487507,D5219200,PNCB,08/24/2025 6:03:58 PM,BPD432,8M5CL,8M5CL,02/16/2026 1:01:24 AM,8M5CL,D1D,5,6752032
D521920,576,KHQ9E576WFD5,0,0,0,0,0,0,1.4242119497,1.1741039591,0.8663326835,0,0,0,0,0,0,2.650179927,0.9021589345,4.8970483673,1.092714469,13.006752415,D5219200,PNCB,08/24/2025 6:03:58 PM,BPD432,8M5CL,8M5CL,02/16/2026 1:01:27 AM,8M5CL,D1D,6,6752094
D521920,612,KHQ9E612WFD0,1.2585683994,0,0,0,0,0,0.2328079426,0,1.4673165037,0,0,0,0,0,0,1.9698700421,0,4.4675668657,0,9.3961297536,D5219200,PNCB,08/24/2025 6:03:58 PM,BPD432,8M5CL,8M5CL,02/16/2026 1:01:22 AM,8M5CL,D1D,7,6752089
D521920,636,KHQ9E636WFG7,0,0,0,0,0,0,0,1.1658948834,0,0,0,0,0,0,0,5.0690373228,0,21.577992249,0,26.069174817,D5219200,PNCB,08/24/2025 6:03:58 PM,BPD432,8M5CL,8M5CL,02/16/2026 1:01:03 AM,8M5CL,D1D,8,6752070
D521920,672,KHQ9E672WFA4,0,0,0,0,0,0,0.4292604963,1.0178998896,1.2831063744,0,0,0,0,0,0,1.6505278586,0,4.2936674885,0,8.6744621074,D5219200,PNCB,08/24/2025 6:03:58 PM,BPD432,8M5CL,8M5CL,02/16/2026 1:00:45 AM,8M5CL,D1D,9,6752028
D521920,677,KHQ9E677WFH0,0,0,0,0,0,0,0.6074101699,2.3340879624,0.6458187409,0,0,0,0,0,0,5.1749503308,0,4.3926170071,2.2039405644,15.117353304,D5219200,PNCB,08/24/2025 6:03:58 PM,BPD432,8M5CL,8M5CL,02/16/2026 1:00:46 AM,8M5CL,D1D,10,6752100
D521920,780,KHQ9E780WFD0,0,0,0,0,0,0,0.3386440305,0,0,0,0,0,0,0,0,7.7116690653,0,0,0,8.0503130958,D5219200,PNCB,08/24/2025 6:03:58 PM,BPD432,8M5CL,8M5CL,02/16/2026 1:00:47 AM,8M5CL,D1D,11,6752048
D522961,332,MC7BP332WAC7,0,0,0,0,0,0,1.2229482785,0,0,0,0,0,0,0,0,0.914159103,0,1.9087747982,0,4.0458821797,D5229610,PNCB,08/28/2025 9:55:37 PM,BPD458,8M5CL,8M5CL,02/15/2026 10:59:05 PM,8M5CL,D1D,1,6788274
D522961,333,MC7BP333WAH1,0,0,4.6526785179,0,0,0,0.1909920021,0,0,0,0,0,0,0,0,1.9116386259,0,7.3807507552,0,12.535537977,D5229610,PNCB,08/28/2025 9:55:37 PM,BPD458,8M5CL,8M5CL,02/15/2026 10:58:01 PM,8M5CL,D1D,2,6788219
D522961,334,MC7BP334WAE0,0,0,0,0,0,0,0.1649040322,0,1.2831063744,0,0,0,0,0,0,0,0,8.2073756863,0,9.6553860929,D5229610,PNCB,08/28/2025 9:55:37 PM,BPD458,8M5CL,8M5CL,02/15/2026 10:57:07 PM,8M5CL,D1D,3,6788259
D522961,348,MC7BP348WAD3,0,0,0,0,0,0,0.6596543798,0,0,0,0,0,0,0,0,0,0.9655577348,13.080098584,0,14.705308573,D5229610,PNCB,08/28/2025 9:55:37 PM,BPD458,8M5CL,8M5CL,02/15/2026 10:56:44 PM,8M5CL,D1D,4,6788250
D522961,360,MC7BP360WAA4,0,0,0,0,0,0,0,3.4494948468,0,0,0,0,0,0,0,4.2173398721,1.1834286871,2.9641372289,0,11.81439851,D5229610,PNCB,08/28/2025 9:55:37 PM,BPD458,8M5CL,8M5CL,02/15/2026 10:56:39 PM,8M5CL,D1D,5,6788221
D522961,364,MC7BP364WAC6,0,0,0,0,0,0,0.5473241331,1.2978627353,0,0,0,0,0,0,0,1.3035536244,0,2.9566336704,0,6.1053741632,D5229610,PNCB,08/28/2025 9:55:37 PM,BPD458,8M5CL,8M5CL,02/15/2026 10:56:17 PM,8M5CL,D1D,6,6788253
D522961,399,MC7BP399WAA5,1.0400975101,0,0,0,0,0,0,1.0896461429,3.4879761726,0,0,0,0,0,0,3.1544067025,0,13.710529356,1.1306634445,22.413454522,D5229610,PNCB,08/28/2025 9:55:37 PM,BPD458,8M5CL,8M5CL,02/15/2026 10:56:16 PM,8M5CL,D1D,7,6788256
D522961,400,MC7BP400WAC1,0,0,0,0,0,0,0.267913801,0.9127671939,2.2030031177,0,0,0,0,0,0,5.3967585862,0,3.3364378324,0,12.116882656,D5229610,PNCB,08/28/2025 9:55:37 PM,BPD458,8M5CL,8M5CL,02/15/2026 10:56:20 PM,8M5CL,D1D,8,6788271
D522961,431,MC7BP431WAF1,0,0,0,0,0,0,0,64.853556403,0,0,0,0,0,0,0,0,0,0,0,64.853556403,D5229610,PNCB,08/28/2025 9:55:37 PM,BPD458,8M5CL,8M5CL,02/15/2026 10:56:37 PM,8M5CL,D1D,9,6788251
D522961,463,MC7BP463WAF0,0,0,1.169849823,0,0,0,0.2949237205,0,1.8264724459,0,0,0,0,0,0,1.6623167902,0,5.4490260689,0,10.402588848,D5229610,PNCB,08/28/2025 9:55:37 PM,BPD458,8M5CL,8M5CL,02/15/2026 10:56:15 PM,8M5CL,D1D,10,6788216
D522881,57,A17UP057SLD5,0,0,0,0,0,0,0,0,0.6307154159,0,0,0,0,0,0,5.3304947688,6.2941479791,2.471340595,0,14.726698759,D5228810,PXMG,09/05/2025 5:11:55 PM,BPD448,8M5CL,8M5CL,02/15/2026 11:13:53 PM,8M5CL,D1D,1,6787491
D522881,64,A17UP064SLC6,0,0,0,0,0,0,0.5521951405,0,1.9366239754,0,0,0,0,0,0,1.7081260978,0,1.6432494145,0,5.8401946282,D5228810,PXMG,09/05/2025 5:11:55 PM,BPD448,8M5CL,8M5CL,02/15/2026 11:09:04 PM,8M5CL,D1D,2,6787593
D521542,276,GJ8RJ276JKC1,0,0,0,0,0,0,0,0,1.5851396992,0,0,0,0,0,0,2.6451983131,0,1.4446607875,0,5.675000999,D5215420,PXMG,09/25/2025 10:25:35 AM,BPD450,8M5CL,8M5CL,02/16/2026 1:56:31 AM,8M5CL,D1D,1,6740373
D521542,277,GJ8RJ277JKG3,0,0,0,0,0,0,0.5099633965,1.0119859677,1.5607682187,0,0,0,0,0,0,6.6104519743,0,3.2091783879,0,12.902347945,D5215420,PXMG,09/25/2025 10:25:35 AM,BPD450,8M5CL,8M5CL,02/16/2026 1:56:07 AM,8M5CL,D1D,2,6740199
D522604,266,KHQMW266WFC1,0,0,0,0,0,0,0,4.3996353667,0,0,3.0904876756,0,0,0,0,3.275900838,1.8033518735,2.9804546216,0,14.720651383,D5226040,PXMG,09/26/2025 6:26:06 AM,BPD434,8M5CL,8M5CL,02/15/2026 11:36:00 PM,8M5CL,D1D,1,6777749
D522604,287,KHQMW287WFA5,0,0,0,0,0,0,4.5131244739,2.3451415998,13.559570497,0,0,0,0,0,0,0,2.0288154174,12.352593892,0,34.799243661,D5226040,PXMG,09/26/2025 6:26:06 AM,BPD434,8M5CL,8M5CL,02/15/2026 11:35:18 PM,8M5CL,D1D,2,6777715
D522596,233,KHQMW233WFF3,0,0,0,0,0,0,0.679474169,2.0415908497,0,0,0,0,0,0,0,0,0,0.8505957375,0,3.5716607562,D5225960,PXMG,09/23/2025 11:13:24 PM,BPD454,8M5CL,8M5CL,02/15/2026 11:51:15 PM,8M5CL,D1D,1,6777056
D522596,234,KHQMW234WFC2,0.8255942806,0,0,0,0,0,0.7530599495,1.9742062683,4.9477487742,0,0,0,0,0,0,0,0,2.408763488,0,10.909370561,D5225960,PXMG,09/23/2025 11:13:24 PM,BPD454,8M5CL,8M5CL,02/15/2026 11:49:44 PM,8M5CL,D1D,2,6776989
D522600,576,GJ8EJ576JKE6,0,0,0,0,0,0,0,0,9.2837807999,0,0,0,0,0,0.454915303,0,1.3675674949,2.3442210846,0,13.450482483,D5226000,PXMG,09/24/2025 3:03:56 AM,BPD444,8M5CL,8M5CL,02/15/2026 11:43:25 PM,8M5CL,D1D,1,6778027
D522600,577,GJ8EJ577JKB5,2.6481088247,0,0,0,0,0,0.0925009635,0,2.1559418405,0,0,0,0,0,0,0,0,3.1990964906,0,8.0956503382,D5226000,PXMG,09/24/2025 3:03:56 AM,BPD444,8M5CL,8M5CL,02/15/2026 11:42:21 PM,8M5CL,D1D,2,6777990
D521844,568,KHQ9E568WFA2,0,0,0,0,0,0,0.9926374451,1.7996088188,0,0,2.4081477093,0,0,1.6772975776,0,0.7934836212,0,9.3900905921,0,14.230467356,D5218440,PXMG,09/27/2025 11:14:33 AM,BPD454,8M5CL,8M5CL,02/16/2026 1:25:51 AM,8M5CL,D1D,1,6752167
D521844,573,KHQ9E573WFF5,0,0,0,0,0,0,0.2240914662,0,0,0,0,0,0,0,0,1.7232855624,0,0.7632422215,0,2.7106192501,D5218440,PXMG,09/27/2025 11:14:33 AM,BPD454,8M5CL,8M5CL,02/16/2026 1:23:31 AM,8M5CL,D1D,2,6752155
D520492,71,A1KHD071SLD2,0,0,0,0,0,0,1.0070581742,0,0.861489689,0,0,0,0,0,0,3.7802743802,0,2.4944841403,1.1532523406,9.2965587243,D5204920,PXMG,09/22/2025 7:44:00 AM,BPD432,8M5CL,8M5CL,02/16/2026 4:16:53 AM,8M5CL,D1D,1,6702205
D520492,112,A1KV2112SLA1,1.1841072307,0,0,0,0,0,0.1774212346,0,0,0,0,0,0,0,0,3.9025810085,0,0.7865099275,1.0851076112,7.1357270126,D5204920,PXMG,09/22/2025 7:44:00 AM,BPD432,8M5CL,8M5CL,02/16/2026 4:15:01 AM,8M5CL,D1D,2,6702224
D521840,505,MC5BW505WAG5,0,0,0,0,0,0,0.3088867895,0.8205364189,1.8465891183,0,0,0,0,0,0,2.3753673231,1.3331046014,2.1040968377,1.0150433741,9.8036266816,D5218400,PXMG,09/27/2025 7:20:50 AM,BPD450,8M5CL,8M5CL,02/16/2026 1:31:30 AM,8M5CL,D1D,1,6745855
D521840,507,MC5BW507WAA3,1.0717451712,0,0,0,0,0,0,6.8569193063,0,0,0,0,0,0,0,0,0,9.1458849474,0,17.074547206,D5218400,PXMG,09/27/2025 7:20:50 AM,BPD450,8M5CL,8M5CL,02/16/2026 1:29:49 AM,8M5CL,D1D,2,6745893
D522564,45,MC64G045WAF0,0,0,0,0,0,0,0,0,0.5924157172,0,0,0,0,0,0,0,0.9329263407,6.2700183706,0,7.7953604285,D5225640,PNCB,09/26/2025 9:10:22 AM,BPD458,8M5CL,8M5CL,02/16/2026 12:18:37 AM,8M5CL,D1D,1,6771856
D522564,49,MC64G049WAH2,0,0,0,0,0,0,0,0.5742237605,3.1279464257,0,0,0,0,0,0,1.0296647454,0,1.4724783721,0,6.2043133037,D5225640,PNCB,09/26/2025 9:10:22 AM,BPD458,8M5CL,8M5CL,02/16/2026 12:17:26 AM,8M5CL,D1D,2,6771921
D520871,351,GJ8XN351JKF2,0,0,0,0,0,0,0,0,0,0,0,0,0,0,0,0,0,1.5351818544,0.4621165404,1.9972983948,D5208710,PXMG,09/26/2025 2:36:43 PM,BPD454,8M5CL,8M5CL,02/16/2026 3:55:54 AM,8M5CL,D1D,1,6708136
D520871,397,GJ8XN397JKE4,0,0,0,0,0,0,0.1721732453,0,0.5633348839,0,0,0,0,0,0,1.7232855624,0,4.7771419395,0,7.2359356311,D5208710,PXMG,09/26/2025 2:36:43 PM,BPD454,8M5CL,8M5CL,02/16/2026 3:54:03 AM,8M5CL,D1D,2,6708282
D522598,231,KHQMW231WFE2,0,0,0,0,0,0,0,0,1.8360257572,0.6686889352,0,0,0,0,0,3.9398452539,0,3.4746291513,6.2304105975,14.554161642,D5225980,PXMG,09/30/2025 3:51:39 PM,BPD450,8M5CL,8M5CL,02/15/2026 11:49:22 PM,8M5CL,D1D,1,6777371
D522598,242,KHQMW242WFF5,0,0,0,0,0,0,1.7622816342,2.0832166898,5.8783619109,0,0,0,0,0,0,1.636570415,0,0,0,10.563335927,D5225980,PXMG,09/30/2025 3:51:39 PM,BPD450,8M5CL,8M5CL,02/15/2026 11:47:37 PM,8M5CL,D1D,2,6777426
D521511,188,A1JXB188SLA7,0,0,0,0,0,0,0,0,1.5318182059,0,0,0,0,0,0,1.2205320944,0,3.7163971231,0,6.4687474234,D5215110,PNCB,09/30/2025 4:40:03 AM,BPD432,8M5CL,8M5CL,02/16/2026 2:29:21 AM,8M5CL,D1D,1,6731120
D521511,189,A1JXB189SLF1,0,0,0,0,0,0,0,1.4552216961,0,0,0,0,0,0,0,9.9140363623,0,4.6147557792,0,15.984013838,D5215110,PNCB,09/30/2025 4:40:03 AM,BPD432,8M5CL,8M5CL,02/16/2026 2:27:51 AM,8M5CL,D1D,2,6731127
D521511,198,A1JXB198SLF3,0,0,0,0,0,0,0.6012707022,5.3992066461,2.4581241059,0,0,0,0,0,0,2.3653145865,0,0.7310178748,0,10.4613418,D5215110,PNCB,09/30/2025 4:40:03 AM,BPD432,8M5CL,8M5CL,02/16/2026 2:27:10 AM,8M5CL,D1D,3,6730895
D521511,227,A1KE8227SLF6,0,0,0,0,0,0,0,0,1.3015274855,0,0,0,0,2.2134025221,0,0,0,0,0,3.5149321478,D5215110,PNCB,09/30/2025 4:40:03 AM,BPD432,8M5CL,8M5CL,02/16/2026 2:25:36 AM,8M5CL,D1D,4,6731035
D521838,1,MC5LJ001WAE3,0,0,0,0,0,0,1.4900706892,4.1816998516,3.3951166179,0,0,0,0,0,0,5.6297589377,0,8.1404331318,0,22.735437108,D5218380,PXMG,10/04/2025 11:33:30 AM,BPD458,8M5CL,8M5CL,02/16/2026 1:36:58 AM,8M5CL,D1D,1,6745527
D521838,8,MC5LJ008WAE5,0,0,0,0,0,0,0.1706586651,0,0,0,0,0,0,0,0,0,0,4.8668310561,0.4554563085,5.4929460297,D5218380,PXMG,10/04/2025 11:33:30 AM,BPD458,8M5CL,8M5CL,02/16/2026 1:35:04 AM,8M5CL,D1D,2,6745495
D521539,317,KHQYW317WFE2,0,0,0,0,0,0,0.4189223556,0,2.011808872,0,0,0,0,0,0,5.2692334869,0,3.2976590174,0,10.997623732,D5215390,PXMG,10/04/2025 3:14:18 PM,BPD446,8M5CL,8M5CL,02/16/2026 2:06:40 AM,8M5CL,D1D,1,6740486
D521539,372,KHQYW372WFC5,0,0,0,0,0,0,3.2983283775,2.7085069599,4.3768141686,0,0,0,0,0,0,2.3884735802,0.9582879903,5.2017266942,0,18.932137771,D5215390,PXMG,10/04/2025 3:14:18 PM,BPD446,8M5CL,8M5CL,02/16/2026 2:04:55 AM,8M5CL,D1D,2,6740322
D522880,127,A10GU127SLC3,1.4609121738,0,0,0,0,0,4.8235843412,1.3511805734,5.2330837616,0,0,0,0,0,0,2.6801827478,1.8236718831,2.1077311131,0,19.013408759,D5228800,PXMG,10/04/2025 4:16:37 AM,BPD436,8M5CL,8M5CL,02/17/2026 1:10:34 PM,8M5CL,D1D,1,6787573
D522880,230,A14U9230SLA4,1.5133684939,0,0,0,0,0,0.4442403396,1.3996979472,0,0.4618340164,0,0,0,0,0,0,0,1.1556846458,2.9590365193,7.2089584931,D5228800,PXMG,10/04/2025 4:16:37 AM,BPD436,8M5CL,8M5CL,02/15/2026 11:09:29 PM,8M5CL,D1D,2,6787496
D521841,22,MC5LJ022WAC7,2.4231947014,0,0,0,0,0,0,0.7397239425,0,0,2.2732086066,0,0,1.1993279603,0,0.9084561,0,4.168850311,0,10.277900512,D5218410,PXMG,10/09/2025 8:12:36 PM,BPD446,8M5CL,8M5CL,02/16/2026 1:30:24 AM,8M5CL,D1D,1,6746022
D521841,24,MC5LJ024WAE0,0,0,0,0,0,0,0.2384427035,1.1308357765,0,0,0,0,0,0,0,5.1871217433,0,3.8873360875,0.4889260795,10.932664589,D5218410,PXMG,10/09/2025 8:12:36 PM,BPD446,8M5CL,8M5CL,02/16/2026 1:28:41 AM,8M5CL,D1D,2,6745921
D521545,138,GJ7HF138JKE3,0,0,0,0,0,0,0.4698325417,0,0,0,0,0,0,0,0,0.7866352825,0,0.8926349861,0.7923664227,2.941469233,D5215450,PXMG,10/09/2025 12:57:52 PM,BPD458,8M5CL,8M5CL,02/16/2026 1:54:30 AM,8M5CL,D1D,1,6742227
D521545,139,GJ7HF139JKB2,0,0,0,0,0,0,0,0,2.0462878956,0,0,0,0,0,0,5.472906005,0,4.3860268942,0,11.905220795,D5215450,PXMG,10/09/2025 12:57:52 PM,BPD458,8M5CL,8M5CL,02/16/2026 1:52:26 AM,8M5CL,D1D,2,6742222
D521530,37,A1LDK037SLD2,0,0,0,0,0,0,0,3.7578504149,1.29227099,0,0,0,0,0,0,0,0,0.8002320688,0,5.8503534736,D5215300,PNCB,10/06/2025 11:30:41 PM,BPD444,8M5CL,8M5CL,02/16/2026 2:10:58 AM,8M5CL,D1D,1,6736105
D521530,39,A1LDK039SLE3,5.7012735994,0,0,0,0,0,0.4559803229,24.703014148,2.9199288924,0,7.6254432731,0,0,0,0,1.1900856994,0,5.4859279179,0,35.200389511,D5215300,PNCB,10/06/2025 11:30:41 PM,BPD444,8M5CL,8M5CL,02/16/2026 2:10:50 AM,8M5CL,D1D,2,6736220
D521530,41,A1LDK041SLE3,0,0,0,0,0,0,0.2479392471,5.7953474175,0.9237105095,0,0,0,0,0,0,0,0,4.8348313694,0,11.801828543,D5215300,PNCB,10/06/2025 11:30:41 PM,BPD444,8M5CL,8M5CL,02/16/2026 2:10:37 AM,8M5CL,D1D,3,6736190
D521530,43,A1LDK043SLF4,0,0,0,0,0,0,0,2.6979677594,0,0,0,0,0,0,0,0,0,1.7057634631,0,4.4037312225,D5215300,PNCB,10/06/2025 11:30:41 PM,BPD444,8M5CL,8M5CL,02/16/2026 2:10:35 AM,8M5CL,D1D,4,6736041
D521530,44,A1LDK044SLC3,0,0,0,0.5953205567,0,0,0,0.7946355554,1.8346444856,0,0,0,0,0,0,3.07542195,4.8970887433,5.7737683048,0,16.588580623,D5215300,PNCB,10/07/2025 2:22:51 AM,BPD432,8M5CL,8M5CL,02/16/2026 2:10:33 AM,8M5CL,D1D,5,6736067
D521530,131,A1JS9131SLE0,0,0,0,0,0,0,0.1165162719,5.661364727,1.9117370765,0,0,0,0,0,0,2.3942626745,0,0,0,9.3928261036,D5215300,PNCB,10/07/2025 2:22:51 AM,BPD432,8M5CL,8M5CL,02/16/2026 2:10:32 AM,8M5CL,D1D,6,6736093
D522578,306,GJ7SX306JKF5,0.5442258074,0,0,0,0,0,0.1649040322,1.7491302696,0.5395506931,0,0,0,0,0,0,0,0,0,0,2.9188226209,D5225780,PNCB,10/08/2025 5:11:07 PM,BPD432,8M5CL,8M5CL,02/16/2026 12:06:29 AM,8M5CL,D1D,1,6776525
D522578,307,GJ7SX307JKC4,0,0,0,0,0,0,0.6045208591,4.6696740859,0.9369071689,0,0,0,0,0,0,0,2.1882590978,1.164364413,0,9.3999723322,D5225780,PNCB,10/08/2025 5:11:07 PM,BPD432,8M5CL,8M5CL,02/16/2026 12:06:37 AM,8M5CL,D1D,2,6776539
D522578,308,GJ7SX308JKG6,0,0,0,0,0,0,0,2.7455756346,0,2.3923771233,0,0,0,0,0,1.8769287695,0,3.0755324527,0,9.1115852959,D5225780,PNCB,10/08/2025 5:11:07 PM,BPD432,8M5CL,8M5CL,02/16/2026 12:06:24 AM,8M5CL,D1D,3,6776565
D522578,309,GJ7SX309JKD5,0,0,0,0,0,0,0,8.4056149643,0,0,0,0,0,0,0,0,0,5.0940688916,0,12.744591382,D5225780,PNCB,10/08/2025 5:11:07 PM,BPD432,8M5CL,8M5CL,02/16/2026 12:06:06 AM,8M5CL,D1D,4,6776503
D520867,1,KHQQT001WFD3,1.8205723209,0,0,0,0,0,0.7571939707,0,6.1245018643,0,0,0,0,0,0,0,0,0,0,8.7022681559,D5208670,PXMG,10/07/2025 5:34:27 AM,BPD446,8M5CL,8M5CL,02/16/2026 4:06:23 AM,8M5CL,D1D,1,6705091
D520867,3,KHQQT003WFE4,0,0,0,0,0,0,0.9959379126,1.2295210945,3.0997307846,0,0,0,0,0,0,0,0,6.5801241897,0.5315959886,12.436912189,D5208670,PXMG,10/07/2025 5:34:27 AM,BPD446,8M5CL,8M5CL,02/16/2026 4:05:17 AM,8M5CL,D1D,2,6705103
D522593,327,MC6GT327WAE6,0,0,0,0,0,0,0.5842486082,0,4.1969003529,0,0,0,0,0,0.7095135191,2.7064302928,0,2.1273202572,5.4727151944,15.797130443,D5225930,PXMG,10/08/2025 6:32:21 AM,BPD436,8M5CL,8M5CL,02/15/2026 11:53:23 PM,8M5CL,D1D,1,6771433
D522593,343,MC6GT343WAE1,0,0,0,0,0,0,0.3781443649,1.2883151516,4.4968367962,0,0,0,0,0,0,0,1.6320137738,1.2879401867,0,9.0832502732,D5225930,PXMG,10/08/2025 6:32:21 AM,BPD436,8M5CL,8M5CL,02/15/2026 11:52:26 PM,8M5CL,D1D,2,6771351
D520874,579,GJ4XA579JKE5,0,0,0,0,0,0,0,5.5080750528,0.6591528448,0,0,0,0,0,0,1.1456598554,0,4.2995187134,0.6629646185,12.275373304,D5208740,PXMG,10/05/2025 5:02:59 AM,BPD446,8M5CL,8M5CL,02/16/2026 3:50:21 AM,8M5CL,D1D,1,6708364
D520874,651,GJ4XA651JKF0,0,0,0,0,0,0,0.2511111283,0,9.8639427856,0,0,0,0,0,0,0,0,9.5585704603,0,19.673624374,D5208740,PXMG,10/05/2025 5:02:59 AM,BPD446,8M5CL,8M5CL,02/16/2026 3:48:27 AM,8M5CL,D1D,2,6708341
D520868,316,KHQYW316WFA0,0,0,0,0,0,0,1.1752598105,0,6.0241849019,0,0,0,0,0,0,5.5490786556,0,2.6713029311,0,15.419826299,D5208680,PXMG,10/10/2025 10:11:25 PM,BPD458,8M5CL,8M5CL,02/17/2026 1:08:52 PM,8M5CL,D1D,1,6708115
D520868,318,KHQYW318WFB1,0,0,0,0,0,0,0,2.1992096019,0,0,0,0,0,0,0,0,0,0,0,2.1992096019,D5208680,PXMG,10/10/2025 10:11:25 PM,BPD458,8M5CL,8M5CL,02/17/2026 1:08:54 PM,8M5CL,D1D,2,6708242
D522590,281,GJ7SX281JKG4,0,0,0,0.1661589112,0,0,0,0.5742237605,0,0,0,0,0,0,0,2.165360775,0,3.3831132301,0,6.2888566768,D5225900,PNCB,10/16/2025 7:37:30 AM,BPD446,8M5CL,8M5CL,02/15/2026 11:57:08 PM,8M5CL,D1D,1,6776790
D522590,326,GJ7SX326JKH2,0,0,0,0,0,0,0.2146302481,0,0,0,0,0,0,0,0,1.6505278586,0,1.1167148058,0,2.9818729126,D5225900,PNCB,10/16/2025 7:37:30 AM,BPD446,8M5CL,8M5CL,02/15/2026 11:56:43 PM,8M5CL,D1D,2,6776892
D522590,327,GJ7SX327JKE1,0,0,0,0,0,0,0,3.7381260534,2.0604702335,0,0,0,0,0,0,2.5805376092,1.6033748507,0.8531492603,0,10.067642823,D5225900,PNCB,10/16/2025 7:37:30 AM,BPD446,8M5CL,8M5CL,02/15/2026 11:56:04 PM,8M5CL,D1D,3,6776794
D522590,328,GJ7SX328JKB0,0,0,0,0,0,0,0,1.5529943487,0,0,0,0,0,0,0,2.1713015925,0,0,0,3.7242959413,D5225900,PNCB,10/16/2025 7:37:30 AM,BPD446,8M5CL,8M5CL,02/15/2026 11:55:15 PM,8M5CL,D1D,4,6776787
D521513,247,MC5LK247WAC2,0,0,0,0,0,0,0,4.854074179,0,0,0,0,0,0,0,1.9829510959,0,10.663746157,0.7107683065,18.211539739,D5215130,PNCB,10/15/2025 4:51:57 PM,BPD450,8M5CL,8M5CL,02/16/2026 2:25:44 AM,8M5CL,D1D,1,6733751
D521513,249,MC5LK249WAD3,0,0,0,0,0,0,0,0,0.735838963,0,0,0,0,0,0,4.1295185096,0,8.6491431969,0,13.514500669,D5215130,PNCB,10/15/2025 4:51:57 PM,BPD450,8M5CL,8M5CL,02/16/2026 2:24:43 AM,8M5CL,D1D,2,6733865
D521513,251,MC5LK251WAD3,0,0,0,0,0,0,0.6262313542,0,0,0,0,0,0,0,0,0,0,0,0.7103424007,1.3365737549,D5215130,PNCB,10/15/2025 4:51:57 PM,BPD450,8M5CL,8M5CL,02/16/2026 2:23:45 AM,8M5CL,D1D,3,6733892
D521513,252,MC5LK252WAA2,0,0,0,0,0,0,0,0,0,0,0,0,0,0,0,0,0,0,0,0,D5215130,PNCB,10/15/2025 4:51:57 PM,BPD450,8M5CL,8M5CL,02/16/2026 2:23:30 AM,8M5CL,D1D,4,6733786
D520E0B,10,MC4XF010WAA3,0,0,0,0,0,0,0.4096976848,2.2902192543,0,0,0,0,0,0,0,0,0,4.5388309514,0,7.2387478905,D520E0B0,X78D,10/16/2025 7:40:23 AM,BPD442,8M5CL,8M5CL,01/15/2026 5:02:43 PM,8M5CL,D1D,1,6724745
D520E0B,37,MC4RD037WAF5,0,0,0,0,0,0,0.2443991853,0,0,0,0,0,0,0,0,1.2457240029,0,2.2482352243,0,2.6956874221,D520E0B0,X78D,10/16/2025 7:40:23 AM,BPD442,8M5CL,8M5CL,01/15/2026 5:02:46 PM,8M5CL,D1D,2,6724743
D520E0B,648,MC4UK648WAG0,0,0,0,0,0,0,0,3.1610609377,1.6334807773,0,0,0,0,0,0,0,0,1.9529664592,0,6.1057641599,D520E0B0,X78D,10/16/2025 7:40:23 AM,BPD442,8M5CL,8M5CL,01/15/2026 5:02:39 PM,8M5CL,D1D,3,6724752
D520E0B,937,MC4UK937WAC0,0,0,0,0,0,0,0.2443991853,0,0,0,0,0,0,0,0,0,0,0,0,0.2443991853,D520E0B0,X78D,10/16/2025 7:40:23 AM,BPD442,8M5CL,8M5CL,01/15/2026 5:02:41 PM,8M5CL,D1D,4,6724825
D522576,649,GJ3DR649JKB1,0,0,0,0,0,0,0,0.9124336366,0,0,2.4261285618,0,0,0.9310001335,0,0,0,2.5410760449,0,5.8796403836,D5225760,PNCB,10/16/2025 7:09:56 AM,BPD442,8M5CL,8M5CL,02/16/2026 12:09:20 AM,8M5CL,D1D,1,6775070
D522576,650,GJ3DR650JKE2,0,0,0,0,0,0,0,0,0,0,0,0,0,0,0,2.35073248,0,3.0498745753,0,5.4006070553,D5225760,PNCB,10/16/2025 7:09:56 AM,BPD442,8M5CL,8M5CL,02/16/2026 12:08:56 AM,8M5CL,D1D,2,6775117
D522576,651,GJ3DR651JKB1,0,0,0,0,0,0,0,0,0,0,0,0,0,0,0,0,0,3.4601101515,0,3.4601101515,D5225760,PNCB,10/16/2025 7:09:56 AM,BPD442,8M5CL,8M5CL,02/16/2026 12:08:39 AM,8M5CL,D1D,3,6775078
D522576,652,GJ3DR652JKF3,0,0,0,0,0,0,0,2.7334203374,0,0,0,0,0,0,0,0,0,0.9826495277,0,3.7160698651,D5225760,PNCB,10/16/2025 7:09:56 AM,BPD442,8M5CL,8M5CL,02/16/2026 12:07:48 AM,8M5CL,D1D,4,6775032
D521522,255,MC5LK255WAF5,0,0,0,0,0,0,0.2161632494,0,2.5845419799,0,0,0,0,0,0,3.3246335803,0,8.0503174903,0,14.1756563,D5215220,PNCB,10/15/2025 5:02:54 AM,BPD444,8M5CL,8M5CL,02/16/2026 2:17:09 AM,8M5CL,D1D,1,6735963
D521522,291,MC5LK291WAG5,0,0,0,0,0,0,0.5597879079,0.5742237605,0,0,0,0,0,0,0,1.0678571532,0,12.876829785,0.7366907746,15.815387241,D5215220,PNCB,10/15/2025 5:02:54 AM,BPD444,8M5CL,8M5CL,02/16/2026 2:16:43 AM,8M5CL,D1D,2,6735854
D521522,364,MC5LK364WAF0,1.1005644109,0,0,0,0,0,0.0782019122,2.0357997793,0,0,0,0,0,0,0,1.6505278586,0,6.2890912805,0,11.154185241,D5215220,PNCB,10/15/2025 5:02:54 AM,BPD444,8M5CL,8M5CL,02/16/2026 2:16:54 AM,8M5CL,D1D,3,6735702
D521522,377,MC5LK377WAA1,0,0,0,0,0,0,0.668607912,0,0,0,0,0,0,0,0,0,0,8.9431487586,0,9.6117566706,D5215220,PNCB,10/15/2025 5:02:54 AM,BPD444,8M5CL,8M5CL,02/16/2026 2:16:47 AM,8M5CL,D1D,4,6735890
D521E48,1,GK2LD001JKB0,0,0,0,0,0,0,0,0,0,0,0,0,0,0,0,0,0,1.7618630495,0,1.7618630495,D521E480,X78D,10/15/2025 6:59:27 AM,BPD436,8M5CL,8M5CL,01/15/2026 5:14:30 PM,8M5CL,D1D,1,6762939
D521E48,2,GK2LD002JKF2,0.6536098513,0,0,0,0,0,0.2444362409,0,0,0,0,0,0,0,0,1.1470309039,0,1.2524390887,0,3.2975160848,D521E480,X78D,10/15/2025 6:59:27 AM,BPD436,8M5CL,8M5CL,01/15/2026 5:14:31 PM,8M5CL,D1D,2,6762904
D520ERG,119,KHQQT119WFE1,0,0,0,0,0,0,0,0,2.1517568663,0,0,0,0,0,0,1.7957111502,0,7.1869772408,0,11.13444328,D520ERG0,X78D,10/12/2025 3:44:47 AM,BPD446,8M5CL,8M5CL,01/15/2026 5:15:20 PM,8M5CL,D1D,1,6719639
D520ERG,120,KHQQT120WFH2,0,0,0,0,0,0,1.088690539,0,1.4636509862,0,0,0,0,0,0,0,0,0.5932918469,0,3.145633372,D520ERG0,X78D,10/12/2025 3:44:47 AM,BPD446,8M5CL,8M5CL,01/15/2026 5:15:14 PM,8M5CL,D1D,2,6719666
D520ERK,55,GJ6KG055JKB5,0,0,0,0,0,0,0,2.8218179661,0,0,0,0,0,0,0,0,1.2441520179,0,0.9889011923,5.0548711763,D520ERK0,X78D,10/18/2025 2:05:28 AM,BPD446,8M5CL,8M5CL,01/15/2026 5:02:11 PM,8M5CL,D1D,1,6743127
D520ERK,58,GJ6KG058JKH0,0,0,0,0,0,0,0,0.8539407763,0,0,0,0,0,0,0,1.6578808934,0,2.5191903544,0,5.0310140017,D520ERK0,X78D,10/18/2025 2:05:28 AM,BPD446,8M5CL,8M5CL,01/15/2026 5:01:56 PM,8M5CL,D1D,2,6743096
D520ERK,60,GJ6KG060JKH0,0,0,1.1296276764,0,0,0,0,0,0,0,0,0,0,0,0,0,0,0,0,1.1296276764,D520ERK0,X78D,10/18/2025 2:05:28 AM,BPD446,8M5CL,8M5CL,01/15/2026 5:02:09 PM,8M5CL,D1D,3,6743135
D520ERK,61,GJ6KG061JKD7,0,0,0,0,0,0,0.2295691377,0,0,0,0,0,0,0,0,0,0,0.6590473177,0,0.8886164554,D520ERK0,X78D,10/18/2025 2:05:28 AM,BPD446,8M5CL,8M5CL,01/15/2026 5:02:02 PM,8M5CL,D1D,4,6743099
D522588,1,GJ7SX001JKB6,0,0,0,0,0,0,3.6603051434,1.1743978121,2.4706046854,0,0,0,0,0,4.4143489044,0,0,4.037086248,0.5077610521,16.264503846,D5225880,PNCB,10/18/2025 5:57:52 AM,BPD446,8M5CL,8M5CL,02/15/2026 11:58:50 PM,8M5CL,D1D,1,6776472
D522588,2,GJ7SX002JKG0,0,0,1.1475280593,0,0,0,0,0,1.2831063744,0,0,0,0,0,0,0,0,11.577720848,0,14.008355281,D5225880,PNCB,10/18/2025 5:57:52 AM,BPD446,8M5CL,8M5CL,02/15/2026 11:58:23 PM,8M5CL,D1D,2,6776629
D522588,3,GJ7SX003JKC7,0,0,0,0,0,0,0,0,0,0,0,0,0,0,0,0,0,0.8002320688,0,0.8002320688,D5225880,PNCB,10/18/2025 5:57:52 AM,BPD446,8M5CL,8M5CL,02/15/2026 11:57:57 PM,8M5CL,D1D,3,6776562
D522588,4,GJ7SX004JKH1,0,0,0,0,0,0,0.0782019122,0.73123038,0,0,0,0,0,0,0,2.6728903574,0,3.2982145227,0,6.7805371723,D5225880,PNCB,10/18/2025 5:57:52 AM,BPD446,8M5CL,8M5CL,02/15/2026 11:57:14 PM,8M5CL,D1D,4,6776647
D521503,226,GJ1BY226JKF2,0,0,0,0,0,0,0.234093599,0,2.7358747724,0,0,0,0,0,0,6.7789093825,1.4984272645,3.5238546651,0,14.771157558,D5215030,PNCB,10/23/2025 11:21:17 AM,BPD446,8M5CL,8M5CL,02/16/2026 2:44:12 AM,8M5CL,D1D,1,6729878
D521503,228,GJ1BY228JKG3,0,0,0,0,0,0,0.1649040322,0,0,0,0,0,0,0,0,0,0,11.932511023,0,12.097415055,D5215030,PNCB,10/23/2025 11:21:17 AM,BPD446,8M5CL,8M5CL,02/16/2026 2:43:54 AM,8M5CL,D1D,2,6729945
D521503,229,GJ1BY229JKD2,0,0,0,0,0,0,0,4.2626386873,0,0,0,0,0,0,0,0,0,14.188069635,0,17.876484562,D5215030,PNCB,10/23/2025 11:21:17 AM,BPD446,8M5CL,8M5CL,02/16/2026 2:43:23 AM,8M5CL,D1D,3,6729980
D521503,230,GJ1BY230JKG3,0,0,0,0,0,0,0.189841517,0,0,0,0,0,0,0,0,0,0,9.078952998,0.811961104,10.080755619,D5215030,PNCB,10/23/2025 11:21:17 AM,BPD446,8M5CL,8M5CL,02/16/2026 2:43:00 AM,8M5CL,D1D,4,6729993
D522559,226,GK1RC226JKB0,0,0,0,0,0,0,0,1.0178998896,0,0,0,0,0,0,0,0.7002046214,0,3.0498745753,0.5916144661,5.1187231627,D5225590,PNCB,10/23/2025 4:13:47 AM,BPD444,8M5CL,8M5CL,02/16/2026 12:24:05 AM,8M5CL,D1D,1,6766875
D522559,227,GK1RC227JKF2,0,0,0,0,0,0,0,0,0,0,0,0,0,0,0,0,0,2.616591927,0,2.616591927,D5225590,PNCB,10/23/2025 4:13:47 AM,BPD444,8M5CL,8M5CL,02/16/2026 12:23:36 AM,8M5CL,D1D,2,6767046
D522559,228,GK1RC228JKC1,0,0,0,0,0,0,0,3.0513621117,1.8226570675,0,0,0,0,0,0,3.236513639,0,4.3289348509,0,11.951893622,D5225590,PNCB,10/23/2025 4:13:47 AM,BPD444,8M5CL,8M5CL,02/16/2026 12:23:13 AM,8M5CL,D1D,3,6766907
D522559,229,GK1RC229JKG3,6.7683324467,0,0,0,0,0,0.2941318353,0,0,0,0,0,0,0,0,0,4.7055058198,4.0646866566,0,11.519371664,D5225590,PNCB,10/23/2025 4:13:47 AM,BPD444,8M5CL,8M5CL,02/16/2026 12:23:20 AM,8M5CL,D1D,4,6766943
D521529,4,A1JS9004SLE1,0,0,0,0,0,0,0,12.32787694,2.3451797192,0,0,0,0,0,0,0,0,18.003306341,0,31.968025805,D5215290,PNCB,10/24/2025 10:23:38 AM,BPD432,8M5CL,8M5CL,02/16/2026 2:12:41 AM,8M5CL,D1D,1,6735886
D521529,128,A1JEN128SLC4,0,0,0,0,0,0,0,1.0178998896,1.2831063744,0,0,0,0,0,0,0,0,13.651146797,0.3893095194,16.34146258,D5215290,PNCB,10/24/2025 10:23:38 AM,BPD432,8M5CL,8M5CL,02/16/2026 2:12:11 AM,8M5CL,D1D,2,6735852
D521529,131,A1JEN131SLG6,0.6156350745,0,0,0,0,0,0.2427919934,1.6587682885,2.2669896056,0,0,0,0,0,0,4.2369452238,0,15.528089161,0,24.549219347,D5215290,PNCB,10/24/2025 10:23:38 AM,BPD432,8M5CL,8M5CL,02/16/2026 2:11:52 AM,8M5CL,D1D,3,6736015
D521529,143,A1JEN143SLF0,0,0,0,0,0,0,0.1660818629,0,1.2340567287,0,0,0,0,0,0,0,0,19.13369002,0,20.533828612,D5215290,PNCB,10/24/2025 10:23:38 AM,BPD432,8M5CL,8M5CL,02/16/2026 2:10:59 AM,8M5CL,D1D,4,6735972
D521E4P,151,GK2LD151JKA4,0,0,0,0,0,0,2.6339232397,0,0,0,0,0,0,0,0,0,0,0.7437901647,0,3.3777134044,D521E4P0,X78D,10/23/2025 5:34:51 PM,BPD436,8M5CL,8M5CL,01/15/2026 5:00:10 PM,8M5CL,D1D,1,6765484
D521E4P,152,GK2LD152JKE6,0,0,0,0,0,0,0.6280211739,0,0,0,0,0,0,0,0,1.600541214,0,5.475241272,0.7558103048,8.4596159424,D521E4P0,X78D,10/23/2025 5:34:51 PM,BPD436,8M5CL,8M5CL,01/15/2026 5:00:04 PM,8M5CL,D1D,2,6765441
D521E4P,200,GK2LD200JKC3,0,0,0,0,0,0,0.2572908976,0,0,0,0,0,0,0,0,1.2459128784,0,0,0,1.503203776,D521E4P0,X78D,10/23/2025 5:34:51 PM,BPD436,8M5CL,8M5CL,01/15/2026 5:00:02 PM,8M5CL,D1D,3,6765461
D521E4P,201,GK2LD201JKG5,0,0,0,0,0,0,0,5.7633084848,0,0,0,0,0,0,0,0,0,0,0,5.7633084848,D521E4P0,X78D,10/23/2025 5:34:51 PM,BPD436,8M5CL,8M5CL,01/15/2026 5:00:19 PM,8M5CL,D1D,4,6765486
D520481,349,MC5BY349WAH2,1.1084252165,0,0,0,0,0,0.2161632494,0,0,0,0,0,0,0,0,1.6623167902,0,3.1356512544,0,6.1225565104,D5204810AC,PNCB,10/23/2025 3:42:13 AM,BPD444,8M5CL,8M5CL,02/16/2026 4:43:47 AM,8M5CL,D1D,1,7535827
D520481,355,MC5BY355WAC1,0,0,0,0,0,0,0.3140145738,2.4495062962,0,0,0,0,0,0,0,4.2761199973,0,0,0,7.0396408672,D5204810AC,PNCB,10/23/2025 3:42:13 AM,BPD444,8M5CL,8M5CL,02/16/2026 4:43:18 AM,8M5CL,D1D,2,7535738
D520481,387,MC5BY387WAC0,0,0,0,0,0,0,0.2590855659,3.931279688,0.9241599578,0,0,0,0,0,0,1.1001104222,0,4.7917399747,0,10.753034421,D5204810AC,PNCB,10/23/2025 3:42:13 AM,BPD444,8M5CL,8M5CL,02/16/2026 4:42:54 AM,8M5CL,D1D,3,7535811
D520481,395,MC5BY395WAF3,0,0,0,0,0,0,0.4239111137,3.2663208685,0,0,0,0,0,1.8257533285,0,3.2599130193,0,0,0,8.7758961898,D5204810AC,PNCB,10/23/2025 3:42:13 AM,BPD444,8M5CL,8M5CL,02/16/2026 4:41:44 AM,8M5CL,D1D,4,7535823
D521549,14,KHQ5T014WFD0,0,0,0,0,0,0,4.4477342799,0,1.9716881733,0,0,0,0,0,0,0,0,13.707108252,0,20.126532904,D5215490,PXMG,10/21/2025 3:27:43 PM,BPD454,8M5CL,8M5CL,02/16/2026 1:53:40 AM,8M5CL,D1D,1,6741883
D521549,25,KHQMU025WFD0,1.1490789143,0,0,0,0,0,0.3962647115,0,0,0,0,0,0,0,0,0,0,2.7734092352,0.4594984421,4.7782513032,D5215490,PXMG,10/21/2025 3:27:43 PM,BPD454,8M5CL,8M5CL,02/16/2026 1:55:08 AM,8M5CL,D1D,2,6741770
D521549,160,KHQMU160WFG2,0,0,0,0,0,0,0,0,0,0,0,0,0,0,0,0,0,27.246018754,0,27.246018754,D5215490,PXMG,10/21/2025 3:27:43 PM,BPD454,8M5CL,8M5CL,02/16/2026 1:44:49 AM,8M5CL,D1D,3,6741870
D521549,182,KHQMU182WFB5,0,0,0,0,0,0,0,0,0,0,0,0,0,0,0,0,0,34.634852799,0.6122599532,35.247112752,D5215490,PXMG,10/21/2025 3:27:43 PM,BPD454,8M5CL,8M5CL,02/16/2026 1:44:08 AM,8M5CL,D1D,4,6741954
D521528,168,MC6GR168WAF7,0,0,0,0,0,0,0.1146508034,0,0,0,0,0,0,0,0,0,2.0141837507,3.3996560032,0,5.5284905573,D5215280,PNCB,10/25/2025 5:13:46 PM,BPD436,8M5CL,8M5CL,02/16/2026 2:13:34 AM,8M5CL,D1D,1,6735802
D521528,196,MC6GR196WAD4,0,0,0,0.397597222,0,0,0.1030798955,1.3417068073,1.691277855,0,2.4537252483,0,0,1.2579542594,0,0,0,1.927126747,0,9.1724659096,D5215280,PNCB,10/25/2025 5:13:46 PM,BPD436,8M5CL,8M5CL,02/16/2026 2:13:28 AM,8M5CL,D1D,2,6735830
D521528,262,MC6GR262WAB5,0,0,0,0,0,0,0.1649040322,0,0.588214383,0,0,0,0,0.9243976033,0,0,0,6.1632882043,0.7053047461,8.5461089689,D5215280,PNCB,10/25/2025 5:13:46 PM,BPD436,8M5CL,8M5CL,02/16/2026 2:12:48 AM,8M5CL,D1D,3,6735779
D521528,277,MC6GR277WAF2,0,0,0,0,0,0,0,0.5742237605,0,0,0,0,0,0,0.5939160185,0,0,4.7242285535,0,5.5688254539,D5215280,PNCB,10/25/2025 5:13:46 PM,BPD436,8M5CL,8M5CL,02/16/2026 2:12:39 AM,8M5CL,D1D,4,6735891
D520E09,19,MC5LJ019WAG0,0,0,0,0,0,0,0.3213592233,1.2313546754,1.5758527277,0,0,0,0,0,0,0,0,2.9561880846,0,6.084754711,D520E090,X78D,11/09/2025 3:09:32 PM,BPD446,8M5CL,8M5CL,01/16/2026 10:21:59 AM,8M5CL,D1D,1,6724820
D520E09,33,MC5LJ033WAE2,0,0,0,0,0,0,0,0.9364680759,0,0,0,0,0,0,0,0,0,2.2885729539,0,3.2250410298,D520E090,X78D,11/09/2025 3:09:32 PM,BPD446,8M5CL,8M5CL,01/16/2026 10:22:06 AM,8M5CL,D1D,2,6724801
D520E09,160,MC5LJ160WAE1,0,0,0,0,0,0,0,0,0,0,0,0,0,0,0,1.2459128784,0,1.8105091762,0,3.0564220546,D520E090,X78D,11/09/2025 3:09:32 PM,BPD446,8M5CL,8M5CL,01/16/2026 10:22:13 AM,8M5CL,D1D,3,6724794
D520E09,220,MC5LJ220WAA0,0.7779104261,0,0,0,0,0,0.3076791741,1.98672081,0,0,0,0,0,0,0,0,0,3.7810647611,0,6.8533751714,D520E090,X78D,11/09/2025 3:09:32 PM,BPD446,8M5CL,8M5CL,01/16/2026 10:22:19 AM,8M5CL,D1D,4,6724853
D522601,279,GJ7SX279JKG4,0,0,0,0,0,0,0.386990431,0,0.7102456991,0,0,0,0,0,0,0,2.7773519138,12.702451701,0,16.577041964,D5226010,PXMG,10/31/2025 2:31:23 AM,BPD436,8M5CL,8M5CL,02/17/2026 1:04:33 PM,8M5CL,D1D,1,6777986
D522601,280,GJ7SX280JKC2,0,0,0,0,0,0,0,0,0,0,0,0,0,0,0,1.7081260978,0,4.0430269321,0,5.7511530299,D5226010,PXMG,10/31/2025 2:31:23 AM,BPD436,8M5CL,8M5CL,02/17/2026 1:04:34 PM,8M5CL,D1D,2,6777994
D522587,21,GJ7SX021JKD3,0,0,0,0,0,0,0,5.4165330942,0,0,0,0,0,0,0,1.5538092597,0,2.2220340704,0,9.1923785645,D5225870,PNCB,10/30/2025 4:34:34 PM,BPD442,8M5CL,8M5CL,02/15/2026 11:59:49 PM,8M5CL,D1D,1,6776981
D522587,23,GJ7SX023JKE4,1.4371174889,0,0,0,0,0,2.0538890256,2.6583499583,13.344179011,0,0,0,0,0,0,10.917305649,0,4.1550022305,0,23.912222634,D5225870,PNCB,10/30/2025 4:34:34 PM,BPD442,8M5CL,8M5CL,02/15/2026 11:59:27 PM,8M5CL,D1D,2,6777035
D522587,24,GJ7SX024JKB3,0,0,0,0,0,0,25.10354483,0,35.954980294,0,0,0,0,0,0,7.0823349268,0,13.977701407,0.7591174369,69.247944122,D5225870,PNCB,10/30/2025 4:34:34 PM,BPD442,8M5CL,8M5CL,02/15/2026 11:59:57 PM,8M5CL,D1D,3,6776942
D522587,26,GJ7SX026JKC4,0,0,0,0,0,0,2.5926547704,0,9.1857644848,0,0,0,0,0,0,5.1363143428,0,0.7310178748,0,13.060082719,D5225870,PNCB,10/30/2025 4:34:34 PM,BPD442,8M5CL,8M5CL,02/15/2026 11:58:41 PM,8M5CL,D1D,4,6777009
D522587,27,GJ7SX027JKG6,0,0,0,0,0,0,7.8856438989,0,23.801615538,0,0,0,0,0,0,9.3790794051,0,0.7427091019,0,30.390836401,D5225870,PNCB,10/30/2025 4:34:34 PM,BPD442,8M5CL,8M5CL,02/15/2026 11:58:48 PM,8M5CL,D1D,5,6776954
D522587,29,GJ7SX029JKA4,0,0,0,0,0,0,18.069544026,1.2919264129,18.244822458,0,0,0,0,0,0,6.5788771299,0,5.5795116233,0,41.438432843,D5225870,PNCB,10/30/2025 4:34:34 PM,BPD442,8M5CL,8M5CL,02/15/2026 11:58:21 PM,8M5CL,D1D,6,6777061
D522587,37,GJ7SX037JKD7,0,0,0,0,0,0,8.746247581,0,23.735394676,0,0,0,0,0,0,12.903364359,0,0.8153185514,0,36.896404226,D5225870,PNCB,10/30/2025 4:34:34 PM,BPD442,8M5CL,8M5CL,02/15/2026 11:58:22 PM,8M5CL,D1D,7,6777069
D522587,42,GJ7SX042JKB7,0,0,0,0,0,0,5.6110998273,0,22.844782474,0,0,0,0,0,0,18.67968913,0,6.9069458882,0.3038675552,43.192033879,D5225870,PNCB,10/30/2025 4:34:34 PM,BPD442,8M5CL,8M5CL,02/15/2026 11:57:57 PM,8M5CL,D1D,8,6777047
D522587,44,GJ7SX044JKD0,0,0,0,0,0,0,8.6796918603,0,11.328380001,0,0,0,0,0,0,1.2661399596,0,2.2883133287,0,22.158139934,D5225870,PNCB,10/30/2025 4:34:34 PM,BPD442,8M5CL,8M5CL,02/15/2026 11:57:59 PM,8M5CL,D1D,9,6776962
D521E4A,12,MC6GR012WAD0,0,0,0,0,0,0,0,0,0,0,0,0,0,0,0,0,0,3.0092968832,0,3.0092968832,D521E4A0,X78D,11/16/2025 5:35:15 PM,BPD436,8M5CL,8M5CL,01/16/2026 10:26:05 AM,8M5CL,D1D,1,6762963
D521E4A,40,MC6GR040WAA5,0,0,0,0,0,0,0,0,0,0,0,0,0,0,0,0,0,0,0,0,D521E4A0,X78D,11/16/2025 5:35:15 PM,BPD436,8M5CL,8M5CL,01/16/2026 10:26:11 AM,8M5CL,D1D,2,6762994
D520994,690,GJ8EJ690JKC1,0,0,0,0,0,0,0.1649040322,0,0,0,0,0,0,0,0,0.7002046214,0,0,0,0.8651086536,D5209940,PNCB,01/10/2026 6:22:39 PM,BPD436,8M5CL,8M5CL,03/28/2026 11:26:18 PM,8M5CL,D1D,1,6722202
D520994,691,GJ8EJ691JKG3,0,0,0,0,0,0,0,1.2604222245,0,0,0,0,0,0,0,0,0,1.6160471536,0,2.8764693781,D5209940,PNCB,01/10/2026 6:22:39 PM,BPD436,8M5CL,8M5CL,03/28/2026 11:42:51 PM,8M5CL,D1D,2,6722231
D521930,548,GK0SJ548JKE7,0.7704694645,0,0,0,0,0,0.6679803334,0.6021462236,9.3217104339,0,0,0,0,0,0,2.1020971504,0,40.016339227,0,51.42188624,D5219300,PNCB,02/06/2026 7:43:21 PM,BPD446,8M5CL,8M5CL,04/07/2026 12:25:13 PM,8M5CL,D1D,1,6763153
D521930,553,GK0SJ553JKC7,0.748613997,0,0,0,0,0,0,0,6.8182040906,0,0,0,0,0,0,21.278410415,0.9505404352,46.65193514,0.7237552234,71.761578043,D5219300,PNCB,02/06/2026 7:43:21 PM,BPD446,8M5CL,8M5CL,04/07/2026 10:56:39 AM,8M5CL,D1D,2,6763172
D521E49,704,GK0SJ704JKF0,9.0684480804,0,0,0,0,0,0.4056909872,1.8957592817,0,0,0,0,0,0,0,0,0.620444837,0,0,11.467330714,D521E490,X78D,02/16/2026 10:13:10 AM,BPD444,8M5CL,8M5CL,02/17/2026 8:27:41 AM,8M5CL,D1D,1,6762735
D521E49,705,GK0SJ705JKB7,7.3705791628,0,0,0,0,0,0,0,0.5421865422,0,0,0,0,0,0,0,0,0.6590473177,0.3622486307,8.9340616535,D521E490,X78D,02/16/2026 10:13:10 AM,BPD444,8M5CL,8M5CL,02/17/2026 8:27:42 AM,8M5CL,D1D,2,6762750
D521E49,706,GK0SJ706JKG1,0,0,0,0,0,0,0,1.2700895211,0,0,0,0,0,0,0,0,0.8313502004,0,0,2.1014397215,D521E490,X78D,02/16/2026 10:13:10 AM,BPD444,8M5CL,8M5CL,02/17/2026 8:23:59 AM,8M5CL,D1D,3,6762820
D521E49,707,GK0SJ707JKD0,1.7097720127,0,0,0,0,0,0.3109129377,1.1913313428,0,0,0,0,0,0,0,0,0,1.653425741,0,4.8654420343,D521E490,X78D,02/16/2026 10:13:10 AM,BPD444,8M5CL,8M5CL,02/17/2026 8:27:40 AM,8M5CL,D1D,4,6762899
D521916,153,GK2VC153JKB6,0.783953478,0,0,0,0,0,0.6240119355,0,2.6089855489,0,0,0,0,0,0,3.2785394427,0,8.7270968012,0,15.892065268,D5219160,PNCB,03/14/2026 7:31:44 AM,BPD448,8M5CL,8M5CL,06/07/2026 6:20:57 AM,8M5CL,D1D,1,6762862
D521916,326,GK2VC326JKG5,0,0,0,0,0,0,0.4510932801,2.2554621504,0,0,0,0,0,0,0,0,0,1.619788982,1.5628142138,5.8891565013,D5219160,PNCB,03/14/2026 7:31:44 AM,BPD448,8M5CL,8M5CL,06/08/2026 6:34:12 AM,8M5CL,D1D,2,6762806
D522979,98,MC6XG098WAA6,0,0,0,0,0,0,0.3423479961,0,0,0,0,0,0,0,0,2.6326822492,0,0,0,2.9750302453,D5229790,PNCB,04/11/2026 7:10:59 AM,BPD432,8M5CL,8M5CL,07/03/2026 4:08:07 AM,8M5CL,D1D,1,6799063
D522979,116,MC6XG116WAH0,0,0,0,0,0,0,0.2025875787,3.1869213014,0,0,0,0,0,0,0,2.0516909178,1.1275546959,1.4670168714,0,8.0357713652,D5229790,PNCB,04/11/2026 7:10:59 AM,BPD432,8M5CL,8M5CL,07/07/2026 1:37:57 AM,8M5CL,D1D,2,6799018
D510854,701,GM3BE701JKE4,0,0,0,0,0,0,0.1780136462,2.1951270965,1.9675628408,0,0,0,0,0,0,0,0,12.329549382,0,16.670252966,D5108540,PNCB,06/07/2025 7:41:06 AM,BPD446,8M5CL,8M5CL,02/23/2026 4:14:33 PM,8M5CL,D1D,1,6349309
D510854,702,GM3BE702JKB3,0,0,0,0,0,0,0.3795342803,0,2.5662127489,0,0,0,0,0,0,0,0,6.0374851282,0.4400982613,9.4233304187,D5108540,PNCB,06/07/2025 7:41:06 AM,BPD446,8M5CL,8M5CL,06/07/2026 5:54:01 PM,8M5CL,D1D,2,6349337
D510854,703,GM3BE703JKF5,0,0,0,0,0,0,1.3295837631,5.9376748655,0,0,0,0,0,0,0,0,0,22.138048854,0,29.216626929,D5108540,PNCB,06/07/2025 7:41:06 AM,BPD446,8M5CL,8M5CL,02/23/2026 4:15:07 PM,8M5CL,D1D,3,6349354
D510854,704,GM3BE704JKC4,0,0,0,0,0,0,0.600278303,0,0,0,0,0,0,0,0,6.1011580601,0,6.5440911407,0,13.245527504,D5108540,PNCB,06/07/2025 7:41:06 AM,BPD446,8M5CL,8M5CL,02/23/2026 4:14:26 PM,8M5CL,D1D,4,6349425
D510854,705,GM3BE705JKG6,0,0,0,0,0,0,0.3841713195,0,2.3698768916,0,0,0,0,0,0,1.7348705937,0,7.0088258329,0,11.497744638,D5108540,PNCB,06/07/2025 7:41:06 AM,BPD446,8M5CL,8M5CL,02/23/2026 4:14:47 PM,8M5CL,D1D,5,6349377
D510854,706,GM3BE706JKD5,0,0,0,0,0,0,1.1403028826,0,3.1544271319,0,0,0,0,0,0,0,0,12.079596495,0,16.374326509,D5108540,PNCB,06/07/2025 7:41:06 AM,BPD446,8M5CL,8M5CL,06/07/2026 7:31:46 PM,8M5CL,D1D,6,6349280
D512323,60,GN0ZK060JKG3,0,0,0,0,0,0,0,0,0,0,0,0,0,0,0,136.2632322,0,0,0,131.61261043,D5123230,PNCB,06/18/2025 5:26:30 PM,BPD444,8M5CL,8M5CL,02/19/2026 12:43:35 PM,8M5CL,D1D,1,6416972
D512323,62,GN0ZK062JKA1,0,0,0,0,0,0,0,0,0,0,0,0,0,0,0,114.30363964,0,0,0,112.51619221,D5123230,PNCB,06/18/2025 5:26:30 PM,BPD444,8M5CL,8M5CL,02/19/2026 12:43:56 PM,8M5CL,D1D,2,6416914
D512323,63,GN0ZK063JKE3,0,0,0,0,0,0,0,0,0,0,0,0,0,0,0,270.31330877,0,0,0,262.17502418,D5123230,PNCB,06/18/2025 5:26:30 PM,BPD444,8M5CL,8M5CL,02/19/2026 12:43:37 PM,8M5CL,D1D,3,6416947
D512323,64,GN0ZK064JKB2,0,0,0,0,0,0,0,0,0,0,0,0,0,0,0,164.18706693,0,0,0,158.17654438,D5123230,PNCB,06/18/2025 5:26:30 PM,BPD444,8M5CL,8M5CL,02/19/2026 12:43:53 PM,8M5CL,D1D,4,6417049
D512323,67,GN0ZK067JKG5,0,0,0,0,0,0,0.3389821025,2.5081262918,0,0,0,0,0,0,0,132.64185168,0,0,0,131.63925834,D5123230,PNCB,06/18/2025 5:26:30 PM,BPD444,8M5CL,8M5CL,02/19/2026 12:43:54 PM,8M5CL,D1D,5,6417035
D512323,68,GN0ZK068JKD4,0,0,0,0,0,0,0,0,1.0217533828,0,0,0,0,0,0,149.86550693,0,0,0,146.80025367,D5123230,PNCB,06/18/2025 5:26:30 PM,BPD444,8M5CL,8M5CL,02/19/2026 12:43:33 PM,8M5CL,D1D,6,6417064
D512323,69,GN0ZK069JKA3,0,0,0,0,0,0,0,1.886628409,0,0,0,0,0,0,0,172.75332496,0,0,0,172.32660428,D5123230,PNCB,06/18/2025 5:26:30 PM,BPD444,8M5CL,8M5CL,02/19/2026 12:43:32 PM,8M5CL,D1D,7,6416922
D512323,70,GN0ZK070JKD4,0,0,0,0,0,0,0,0,0,0,0,0,0,0,0,122.3113029,0,0,0,117.3282535,D5123230,PNCB,06/18/2025 5:26:30 PM,BPD444,8M5CL,8M5CL,02/19/2026 12:43:52 PM,8M5CL,D1D,8,6416761
D512323,71,GN0ZK071JKA3,0,0,0,0,0,0,0,0,0,0,0,0,0,0,0,161.96313832,0,0,0,159.72768467,D5123230,PNCB,06/18/2025 5:26:30 PM,BPD444,8M5CL,8M5CL,02/19/2026 12:43:38 PM,8M5CL,D1D,9,6417018
D512323,73,GN0ZK073JKB4,0,0,0,0.2523801993,0,0,0.3286024332,0,0,0,0,0,0,0,0,169.83975615,0,0,0,169.11248674,D5123230,PNCB,06/18/2025 5:26:30 PM,BPD444,8M5CL,8M5CL,02/19/2026 12:43:57 PM,8M5CL,D1D,10,6416996
D511841,119,MC4EP119WAG5,0,0,1.331032699,0,0,0,1.0498835,0,2.1443608363,0,0,0,0,0,0,1.6623167902,0,0,0.8082129872,6.9958068126,D5118410,PNCB,06/21/2025 7:24:42 AM,BPD442,8M5CL,8M5CL,02/20/2026 11:54:26 AM,8M5CL,D1D,1,6390023
D511841,208,MC4EP208WAE3,0,0,0,0,0,0,0.4577361925,1.7491302696,0,0,0,0,0,0,0,0,0,0,0.7053047461,2.9121712082,D5118410,PNCB,06/21/2025 7:24:42 AM,BPD442,8M5CL,8M5CL,02/20/2026 11:54:37 AM,8M5CL,D1D,2,6390003
D511841,324,MC4CA324WAG0,0,0,0,0,0,0,0.2035799779,0,0.5395506931,0,0,0,0,0,0,1.6505278586,0,0,0.7053047461,3.0989632757,D5118410,PNCB,06/21/2025 7:24:42 AM,BPD442,8M5CL,8M5CL,02/20/2026 11:53:50 AM,8M5CL,D1D,3,6390069
D511841,339,MC4CA339WAC2,0,0,0,0.2033047464,0,0,0.8117529279,0,5.0635427884,0,0,0,0,0,0,0,0,0,0,6.0786026029,D5118410,PNCB,06/21/2025 7:24:42 AM,BPD442,8M5CL,8M5CL,02/20/2026 11:54:19 AM,8M5CL,D1D,4,6389996
D511841,340,MC4CA340WAF3,0,0,0,0,0,0,0.8985080953,0,0,0,0,0,0,0,0,1.7475598562,0,0,2.2781598304,4.9242277819,D5118410,PNCB,06/21/2025 7:24:42 AM,BPD442,8M5CL,8M5CL,02/20/2026 11:54:17 AM,8M5CL,D1D,5,6390025
D511841,344,MC4CA344WAA2,0,0,0,0,0,0,0,7.2229350981,0,0,0,0,0,0,0,0,0,0,0,7.2229350981,D5118410,PNCB,06/21/2025 7:24:42 AM,BPD442,8M5CL,8M5CL,02/20/2026 11:54:41 AM,8M5CL,D1D,6,6389964
D511847,25,A14U9025SLE2,0,0,0,0,0,0,0,0.9994489755,0,0,0,0,0,0,0,8.1652221689,0,0.9991600445,0,10.163831189,D5118470,PNCB,06/28/2025 2:14:12 AM,BPD436,8M5CL,8M5CL,02/20/2026 11:18:04 AM,8M5CL,D1D,1,6390499
D511847,32,A19HR032SLF2,0,0,0,0,0,0,0.2157777762,0,10.966861911,0,0,0,0,0,0,3.3911324198,0,269.80919436,0,276.8521967,D5118470,PNCB,06/28/2025 2:14:12 AM,BPD436,8M5CL,8M5CL,02/20/2026 11:18:26 AM,8M5CL,D1D,2,6390538
D511847,105,A19HR105SLD5,0,0,0,0,0,0,0.2161632494,0,2.7416241749,0,0,0,0,0,0,4.7513110263,0,1.5991799995,0,9.3082784501,D5118470,PNCB,06/28/2025 2:14:12 AM,BPD436,8M5CL,8M5CL,02/20/2026 11:18:11 AM,8M5CL,D1D,3,6390528
D511847,121,A19HR121SLD0,0,0,0,0,0,0,1.0899785724,0,0,0,0,0,0,0,0,8.2551225381,0,0,0,9.3451011105,D5118470,PNCB,06/28/2025 2:14:12 AM,BPD436,8M5CL,8M5CL,02/20/2026 11:18:33 AM,8M5CL,D1D,4,6390571
D511847,152,A1CE9152SLG3,0,0,0,0,0,0,2.3317642662,1.0178998896,5.4556607765,0,0,0,0,0,0,0,0,4.1204120021,0,11.093857141,D5118470,PNCB,06/28/2025 2:14:12 AM,BPD436,8M5CL,8M5CL,02/20/2026 11:18:09 AM,8M5CL,D1D,5,6390479
D511847,157,A1CE9157SLF4,0,0,0,0,0,0,0,3.7591987599,1.29227099,0,0,0,0,0,0,2.6919815356,1.3836588192,0,0,9.1271101046,D5118470,PNCB,06/28/2025 2:14:12 AM,BPD436,8M5CL,8M5CL,02/20/2026 11:18:20 AM,8M5CL,D1D,6,6390544
D511847,165,A1CE9165SLB4,0,0,0,0,0,0,0.4245788655,2.623378597,0.6216876455,0,0,0,0,0,0,7.4220036922,0,2.6718633717,0,12.95925005,D5118470,PNCB,06/28/2025 7:12:15 AM,BPD432,8M5CL,8M5CL,02/20/2026 9:55:54 AM,8M5CL,D1D,7,6390605
D511847,179,A15G4179SLA7,0,0,0,0,0,0,1.0110447427,1.025170262,0.5924157172,0,0,0,0,0,0,1.6623167902,0,1.5364712549,0,5.7465951139,D5118470,PNCB,06/28/2025 7:12:15 AM,BPD432,8M5CL,8M5CL,02/20/2026 9:55:33 AM,8M5CL,D1D,8,6390560
D511847,185,A14YS185SLA4,0,0,0,0,0,0,0.2161632494,0,4.2637665886,0,0,0,0,0,0,1.0296647454,0,0.7362391861,0,6.1909497064,D5118470,PNCB,06/28/2025 7:12:15 AM,BPD432,8M5CL,8M5CL,02/20/2026 9:55:41 AM,8M5CL,D1D,9,6390575
D511847,187,A14YS187SLB5,0,0,0,0,0,0,0.4718073251,1.2653725769,1.5950557759,0,0,0,0,0,0,4.1057983383,0,0,0,7.4380340163,D5118470,PNCB,06/28/2025 7:12:15 AM,BPD432,8M5CL,8M5CL,02/20/2026 9:55:47 AM,8M5CL,D1D,10,6390579
D510954,684,GM3BE684JKC4,0,0,0,0,0,0,0.3795342803,0,0.5395506931,0,0,0,0,0.954360836,0,3.3010557172,0,0,0,4.7554327796,D5109540,PNCB,06/28/2025 6:14:04 AM,BPD432,8M5CL,8M5CL,02/20/2026 9:55:57 AM,8M5CL,D1D,1,6358830
D510954,685,GM3BE685JKG6,0,0,0,0,0,0,0.4027463773,12.335869482,0,0,0,0,0,0,0,1.3139108574,0,0,0,14.052528857,D5109540,PNCB,06/28/2025 6:14:04 AM,BPD432,8M5CL,8M5CL,02/20/2026 9:55:56 AM,8M5CL,D1D,2,6358793
D510954,686,GM3BE686JKD5,1.5662227972,0,0,0,0,0,0.4167311899,4.341209151,0,0,0,0,0,0,0,0,0,2.629524422,0,8.95368756,D5109540,PNCB,06/28/2025 6:14:04 AM,BPD432,8M5CL,8M5CL,02/20/2026 9:55:33 AM,8M5CL,D1D,3,6358826
D510954,687,GM3BE687JKA4,0,0,0,0,0,0,0,2.4720536212,2.0135670888,0,0,0,0,0,0,4.1607765715,0,0,0,8.6463951414,D5109540,PNCB,06/28/2025 6:14:04 AM,BPD432,8M5CL,8M5CL,02/20/2026 9:56:11 AM,8M5CL,D1D,4,6358863
D510954,688,GM3BE688JKE6,0,0,0,0,0,0,0.6918829179,2.6001562039,0,0,0,0,0,0,0,0,0,1.8931450411,0,5.1851841628,D5109540,PNCB,06/28/2025 6:14:04 AM,BPD432,8M5CL,8M5CL,02/20/2026 9:55:30 AM,8M5CL,D1D,5,6358813
D510954,689,GM3BE689JKB5,0,0,0,0,0,0,0,2.1226246585,0,0,0,0,0,0,0,0,0,2.9580677944,0,5.0806924529,D5109540,PNCB,06/28/2025 6:14:04 AM,BPD432,8M5CL,8M5CL,02/20/2026 9:55:50 AM,8M5CL,D1D,6,6358800
D511848,229,A19W2229SLC6,15.250763735,0,0,0,0,0,0,23.83792211,0,0,0,0,0,0,0,0,0,0,0,34.996916376,D5118480,PNCB,07/10/2025 2:00:13 AM,BPD450,8M5CL,8M5CL,02/23/2026 11:30:30 AM,8M5CL,D1D,1,6390512
D511848,234,A19W2234SLA6,0,0,0,0,0,0,0,1.4195942118,1.7894595058,0,0,0,0,0,0,0,0,38.010379427,0,41.219433145,D5118480,PNCB,07/10/2025 2:00:13 AM,BPD450,8M5CL,8M5CL,02/23/2026 11:30:22 AM,8M5CL,D1D,2,6390624
D511848,235,A19FD235SLF0,0,0,0,0,0,0,0.4878504907,1.9878693449,4.3090196158,0,0,0,0,0,0,5.4462951352,0,18.94922144,0,31.180253886,D5118480,PNCB,07/10/2025 2:00:13 AM,BPD450,8M5CL,8M5CL,02/23/2026 11:29:34 AM,8M5CL,D1D,3,6390498
D511848,239,A19W2239SLH2,0,0,0,0,0,0,0.3577929824,0,0.6592422647,0,0,0,0,0,0,0,0,22.069255434,0,23.086288541,D5118480,PNCB,07/10/2025 2:00:13 AM,BPD450,8M5CL,8M5CL,02/23/2026 11:30:14 AM,8M5CL,D1D,4,6390574
D510863,119,A1HK4119SLG6,0,0,0,0,0,0,0.2393563106,2.4303163256,1.9636358629,0,0,0,0,0,0,2.5259301636,0,4.4072823026,0,11.566523184,D5108630,PXMG,07/09/2025 11:43:39 PM,BPD458,8M5CL,8M5CL,02/20/2026 4:27:44 PM,8M5CL,D1D,1,6349403
D510863,177,A1HK3177SLC6,0,0,0,0,0,0,1.4051333673,1.6877104875,4.2548601685,0,0,0,1.9378720005,0,0,0,0,1.2120508351,1.6569278637,9.6229512729,D5108630,PXMG,07/09/2025 11:43:39 PM,BPD458,8M5CL,8M5CL,02/20/2026 4:27:30 PM,8M5CL,D1D,2,6349359
D511988,774,GN1MG774JKF2,1.6668337383,0,0,0,0,0,6.9332061988,0,0.6598552474,0,0,0,0,0,0,0,0,5.7510650615,0,14.920667297,D5119880,PXMG,07/10/2025 4:44:01 PM,BPD442,8M5CL,8M5CL,02/20/2026 11:56:22 AM,8M5CL,D1D,1,6397353
D511988,775,GN1MG775JKC1,0,0,0,0,0,0,0.2944517491,0,2.1537120195,0,0,0,0,0,0,0,0,0.9972425243,0,3.4454040742,D5119880,PXMG,07/10/2025 4:44:01 PM,BPD442,8M5CL,8M5CL,02/20/2026 11:56:38 AM,8M5CL,D1D,2,6397318
D511987,627,GM9HP627JKG7,0,0,0,0,0,0,0,1.2259378498,1.5453480633,0,0,0,0,0,0,2.4626254338,0,19.942108138,0,25.176019485,D5119870,PXMG,07/08/2025 6:30:37 PM,BPD448,8M5CL,8M5CL,02/19/2026 11:32:11 AM,8M5CL,D1D,1,6397323
D511987,628,GM9HP628JKD6,0,0,0,0,0,0,0,0,1.3646909287,0.4746356155,0,0,0,0,0,2.9480734595,0,21.326195144,0,26.113595148,D5119870,PXMG,07/08/2025 6:30:37 PM,BPD448,8M5CL,8M5CL,02/19/2026 11:31:58 AM,8M5CL,D1D,2,6397308
D511987,632,GM9HP632JKE7,0,0,0,0,0,0,0.2271893479,0.5900479362,0,0,0,0,0,0,0,1.0821826625,0,9.1876357545,0.7465722812,11.576804285,D5119870,PXMG,07/08/2025 6:30:37 PM,BPD448,8M5CL,8M5CL,02/19/2026 11:32:12 AM,8M5CL,D1D,3,6397273
D511987,633,GM9HP633JKB6,0,0,0,0,0,0,0,1.3927129314,0,0,0,0,0,0,0,2.2582895162,0,26.560986839,0,30.211989287,D5119870,PXMG,07/08/2025 6:30:37 PM,BPD448,8M5CL,8M5CL,02/19/2026 11:31:34 AM,8M5CL,D1D,4,6397231
D511987,634,GM9HP634JKG0,0,0,0,0,0,0,0.3194637844,1.5973145236,0,0,0,0,0,0,0,0,0,15.46030715,0,17.377083259,D5119870,PXMG,07/08/2025 6:30:37 PM,BPD448,8M5CL,8M5CL,02/19/2026 11:31:49 AM,8M5CL,D1D,5,6397209
D511987,635,GM9HP635JKC7,1.0068141142,0,0,0,0,0,0,0,0,0,0,0,0,0,0,2.2778697854,0,6.3145114591,0,9.5991953588,D5119870,PXMG,07/08/2025 6:30:37 PM,BPD448,8M5CL,8M5CL,02/19/2026 11:32:06 AM,8M5CL,D1D,6,6397359
D511987,636,GM9HP636JKH1,0,0,0,0,0,0,0,0,0,0,0,0,0,0,0,0,0,8.3174349056,0,8.3174349056,D5119870,PXMG,07/08/2025 6:30:37 PM,BPD448,8M5CL,8M5CL,02/19/2026 11:31:41 AM,8M5CL,D1D,7,6397248
D511987,637,GM9HP637JKE0,0,0,0,0,0,0,0,0,0,0,0,0,0,0,0,8.9728974291,0,10.627222726,1.7494576707,21.349577825,D5119870,PXMG,07/08/2025 6:30:37 PM,BPD448,8M5CL,8M5CL,02/19/2026 11:32:00 AM,8M5CL,D1D,8,6397344
D511987,638,GM9HP638JKA7,0,0,0,0,0,0,0,0,2.8749321465,0,0,0,0,0,0,2.9215246011,0,3.2655205686,0,9.0619751171,D5119870,PXMG,07/08/2025 6:30:37 PM,BPD448,8M5CL,8M5CL,02/19/2026 11:31:51 AM,8M5CL,D1D,9,6397283
D511987,642,GM9HP642JKC0,0,0,0,0,0,0,0.2250627122,0,3.812919233,0,0,0,0,0,0,0,0,3.9646712932,0,8.0026532384,D5119870,PXMG,07/08/2025 6:30:37 PM,BPD448,8M5CL,8M5CL,02/19/2026 11:31:53 AM,8M5CL,D1D,10,6397234
D511987,643,GM9HP643JKG2,0,0,0,0,0,0,0.3911594198,0,0,0,0,0,0,1.7393003367,0,5.4126032133,0,8.6813943686,0,16.224457338,D5119870,PXMG,07/08/2025 6:30:37 PM,BPD448,8M5CL,8M5CL,02/19/2026 11:31:37 AM,8M5CL,D1D,11,6397169
D511987,644,GM9HP644JKD1,0,0,0,0,0,0,0.2339871048,0,1.3988248609,0,0,0,0,0,0,0,0,13.314813243,0,14.947625209,D5119870,PXMG,07/08/2025 6:30:37 PM,BPD448,8M5CL,8M5CL,02/19/2026 11:31:32 AM,8M5CL,D1D,12,6397220
D512952,731,MC4EM731WAE6,0,0,0,0,0,0,0.3822451123,0,2.4771024243,0,0,0,0,0,0,2.6919815356,0,8.3520343014,0,13.903363374,D5129520,PNCB,07/06/2025 1:54:58 PM,BPD450,8M5CL,8M5CL,02/23/2026 11:33:49 AM,8M5CL,D1D,1,6431870
D512952,733,MC4EM733WAF7,0,0,0,0,0,0,0.2161632494,0,0.691508375,0,0,0,0,0,0,4.6190533614,0,7.5484292298,0.3054108484,13.071856121,D5129520,PNCB,07/06/2025 1:54:58 PM,BPD450,8M5CL,8M5CL,02/23/2026 11:32:50 AM,8M5CL,D1D,2,6431800
D512952,734,MC4EM734WAC6,0,0,0,0,0,0,0,0,0,0,0,0,0,0,0,0,0,10.408717013,0,10.408717013,D5129520,PNCB,07/06/2025 1:54:58 PM,BPD450,8M5CL,8M5CL,02/23/2026 11:32:41 AM,8M5CL,D1D,3,6431824
D512952,735,MC4EM735WAH0,0,0,0,0,0,0,0.1929973978,0.902312488,1.4516710542,0,0,0,0,0,0,0.8640280504,0,5.456715916,0,8.8677227662,D5129520,PNCB,07/06/2025 1:54:58 PM,BPD450,8M5CL,8M5CL,02/23/2026 11:29:50 AM,8M5CL,D1D,4,6431777
D512952,736,MC4EM736WAD7,0,0,0,0,0,0,0,0,0,2.103801442,0,0,0,0,0,5.0236228373,0,3.113413629,0,10.240837908,D5129520,PNCB,07/06/2025 1:54:58 PM,BPD450,8M5CL,8M5CL,02/23/2026 11:32:05 AM,8M5CL,D1D,5,6431866
D512952,750,MC4EM750WAC1,0,0,0,0,0,0,0.4255310301,0,1.097990973,0,0,0,0,0,0,5.1115596125,0,15.764770229,0,22.154763227,D5129520,PNCB,07/06/2025 1:54:58 PM,BPD450,8M5CL,8M5CL,02/23/2026 11:32:10 AM,8M5CL,D1D,6,6431794
D512952,766,MC4EM766WAC5,0,0,0,0,0,0,0,0,1.2900552944,0,0,0,0,0,0,8.1087541498,0,6.6743717013,0,16.073183271,D5129520,PNCB,07/06/2025 1:54:58 PM,BPD450,8M5CL,8M5CL,02/23/2026 11:33:05 AM,8M5CL,D1D,7,6431812
D512952,770,MC4EM770WAD6,0,0,0,0,0,0,0.6477759961,3.0650797596,0,0,0,0,0,0,0,9.831471987,0,4.6043517067,1.7855591001,19.934243101,D5129520,PNCB,07/06/2025 1:54:58 PM,BPD450,8M5CL,8M5CL,02/23/2026 11:33:09 AM,8M5CL,D1D,8,6431789
D512952,772,MC4EM772WAE7,1.2273768867,0,0,0,0,0,0,2.7661588879,3.5178938943,0,0,0,0,0,0,2.9808720131,0,7.6901210384,0,18.18242272,D5129520,PNCB,07/06/2025 1:54:58 PM,BPD450,8M5CL,8M5CL,02/23/2026 11:33:22 AM,8M5CL,D1D,9,6431782
D512952,777,MC4EM777WAE0,0,0,0,0,0,0,0.0842608627,0,4.6664616004,0,0,0,0,0,0,5.4129118247,0,11.752016826,1.0867040202,21.67351189,D5129520,PNCB,07/06/2025 1:54:58 PM,BPD450,8M5CL,8M5CL,02/23/2026 11:32:12 AM,8M5CL,D1D,10,6431840
D512952,786,MC4EM786WAE2,0,0,0,0,0,0,0.2146302481,0,0.588214383,0,0,0,0,0,0,0,0,0,0,0.8028446311,D5129520,PNCB,07/06/2025 1:54:58 PM,BPD450,8M5CL,8M5CL,02/23/2026 11:33:29 AM,8M5CL,D1D,11,6431702
D512952,794,MC4EM794WAA2,0,0,0,0,0,0,0.0782019122,1.0178998896,1.176428766,0,0,0,0,0,0,3.3730949787,0,7.0201091553,0,12.665734702,D5129520,PNCB,07/06/2025 1:54:58 PM,BPD450,8M5CL,8M5CL,02/23/2026 11:32:37 AM,8M5CL,D1D,12,6431808
D512952,800,MC4EM800WAA7,0,0,0,0,0,0,0,0.740924867,0,2.7339346,0,0,0,0,0,1.8198604991,0,1.4511937345,0,6.7459137007,D5129520,PNCB,07/06/2025 1:54:58 PM,BPD450,8M5CL,8M5CL,02/23/2026 11:32:11 AM,8M5CL,D1D,13,6431832
D512952,801,MC4EM801WAF1,0,0,0,0,0,0,0.2341326221,1.025170262,7.4114694792,0,0,0,0,0,0,2.2914931011,0,15.185217863,0,25.077297604,D5129520,PNCB,07/06/2025 1:54:58 PM,BPD450,8M5CL,8M5CL,02/23/2026 11:32:24 AM,8M5CL,D1D,14,6431696
D512952,811,MC4EM811WAC2,0,0,0,0,0,0,0.0874754884,0.8179488943,0.6579709679,0,0,0,0,0,0,0.7832429215,0,5.9893678453,0.4922893281,8.8282975858,D5129520,PNCB,07/06/2025 1:54:58 PM,BPD450,8M5CL,8M5CL,02/23/2026 11:32:18 AM,8M5CL,D1D,15,6431817
D512952,815,MC4EM815WAE4,0,0,0,0,0,0,0,0,1.8846867071,0,0,0,0,0,0,5.059504174,0,11.676479541,0.7634843164,18.638162524,D5129520,PNCB,07/06/2025 1:54:58 PM,BPD450,8M5CL,8M5CL,02/23/2026 11:32:19 AM,8M5CL,D1D,16,6431891
D512952,818,MC4EM818WAC4,0.8326633602,0,0,0,0,0,0.5792020376,2.3235998165,1.3427395826,0,0,0,0,0,0,2.6830544809,0,1.5653791516,0,9.3266405544,D5129520,PNCB,07/06/2025 1:54:58 PM,BPD450,8M5CL,8M5CL,02/23/2026 11:31:59 AM,8M5CL,D1D,17,6431862
D512952,819,MC4EM819WAG6,0,0,0,0,0,0,0,1.1820919397,0.5924157172,0,1.7646048117,0,0,0,0,4.7412305421,0,1.775736149,0.7103424007,10.76642156,D5129520,PNCB,07/06/2025 1:54:58 PM,BPD450,8M5CL,8M5CL,02/23/2026 11:29:56 AM,8M5CL,D1D,18,6431905
D512952,839,MC4EM839WAB0,0,0,0,0,0,0,0.3144918451,1.9068830344,5.2566921425,0,0,0,0,0,0,5.8629465881,0,1.0711424065,0,14.412158157,D5129520,PNCB,07/06/2025 1:54:58 PM,BPD450,8M5CL,8M5CL,02/23/2026 11:32:25 AM,8M5CL,D1D,19,6431850
D512952,842,MC4EM842WAF2,0,0,0,0,0,0,0.2146302481,0,2.5084113355,0,0,0,0,0,0,5.0520985336,0,7.0559439065,0.4400982613,14.747990242,D5129520,PNCB,07/06/2025 1:54:58 PM,BPD450,8M5CL,8M5CL,02/23/2026 11:33:12 AM,8M5CL,D1D,20,6431787
D512952,845,MC4EM845WAD2,0,0,0,0,0,0,0,0,0.5924157172,0,0,0,0,0,0,3.3971873838,0,11.267883915,0,15.257487016,D5129520,PNCB,07/06/2025 1:54:58 PM,BPD450,8M5CL,8M5CL,02/23/2026 11:32:56 AM,8M5CL,D1D,21,6431852
D512952,846,MC4EM846WAA1,0.7559341091,0,0,0,0,0,0.0810324814,1.0547419155,1.2190084321,0,0,0,0,0,0,17.774973758,0,9.7639592477,0,30.176249993,D5129520,PNCB,07/06/2025 1:54:58 PM,BPD450,8M5CL,8M5CL,02/23/2026 11:33:39 AM,8M5CL,D1D,22,6431904
D512952,851,MC4EM851WAF4,0,0,0,0,0,0,0,0.8233208721,0,0,0,0,0,0,0,3.0095125075,0,7.0095920353,0,10.842425415,D5129520,PNCB,07/06/2025 1:54:58 PM,BPD450,8M5CL,8M5CL,02/23/2026 11:33:40 AM,8M5CL,D1D,23,6431844
D512952,854,MC4EM854WAD4,0,0,0,0,0,0,0.4041296318,1.0838657526,0,0,0,0,0,0,0,7.3427472944,0,11.011033241,0,19.84177592,D5129520,PNCB,07/06/2025 1:54:58 PM,BPD450,8M5CL,8M5CL,02/23/2026 11:31:52 AM,8M5CL,D1D,24,6431886
D512952,890,MC4EM890WAE4,0,0,0,0,0,0,1.2910115677,0,0,0,0,0,0,0,0,7.2816010493,0,7.7249315146,0.3724769828,16.012479036,D5129520,PNCB,07/06/2025 1:54:58 PM,BPD450,8M5CL,8M5CL,02/23/2026 11:29:43 AM,8M5CL,D1D,25,6431896
D512917,442,GG8QR442JKG0,0,0,0,0,0,0,2.6418667238,3.5178662687,34.398165102,0,0,0,0,2.0497911214,0,74.37895221,0,4.1933565357,3.1701078903,115.73486682,D5129170,PNCB,07/17/2025 3:36:17 AM,BPD442,8M5CL,8M5CL,02/20/2026 11:22:05 AM,8M5CL,D1D,1,6435935
D512917,443,GG8QR443JKC7,0,0,0,0,0,0,4.5083028696,3.2661817535,32.994445691,0,0,0,0,1.0009064723,0,91.095306818,0,2.8226768325,0.4615620432,126.94723162,D5129170,PNCB,07/17/2025 3:36:17 AM,BPD442,8M5CL,8M5CL,02/20/2026 11:21:39 AM,8M5CL,D1D,2,6435973
D512917,502,GG7AA502JKE5,0,0,0,0,0,0,3.838224227,7.7131821023,36.127504763,0,0,0,0,3.1724433224,0,93.299016592,0,1.6200099874,3.9506309756,140.45004353,D5129170,PNCB,07/17/2025 3:36:17 AM,BPD442,8M5CL,8M5CL,02/20/2026 11:21:55 AM,8M5CL,D1D,3,6436027
D512917,503,GG7AA503JKB4,0,0,0,0,0,0,3.6371820964,6.8997168977,41.183360208,0,0,0,0,1.99191438,0,102.8950786,0,4.7176452054,0,152.80298232,D5129170,PNCB,07/17/2025 3:36:17 AM,BPD442,8M5CL,8M5CL,02/20/2026 11:21:51 AM,8M5CL,D1D,4,6435981
D512917,504,GG7AA504JKF6,0,0,0,0,0,0,2.4461961892,4.5274338295,17.185849852,0,0,0,0,0,0,68.753472156,0,4.4625666184,1.7138331565,98.167857019,D5129170,PNCB,07/17/2025 3:36:17 AM,BPD442,8M5CL,8M5CL,02/20/2026 11:21:34 AM,8M5CL,D1D,5,6435976
D512917,505,GG7AA505JKC5,0,0,0,0,0,0,8.2625148478,3.5224175221,40.730588453,0,0,0,0,0,0,114.95243672,0,0,0,153.05453481,D5129170,PNCB,07/17/2025 3:36:17 AM,BPD442,8M5CL,8M5CL,02/20/2026 11:21:46 AM,8M5CL,D1D,6,6435933
D513370,305,GH1LX305JKF4,0,0,0,0,0,0,0.253480303,3.6657884132,2.7897943358,0,0,0,0,0,0,5.4400499435,0,12.918446561,0,24.500965717,D5133700,PNCB,07/18/2025 12:13:09 AM,BPD446,8M5CL,8M5CL,02/23/2026 3:51:15 PM,8M5CL,D1D,1,6451902
D513370,306,GH1LX306JKC3,0,0,0,0,0,0,0.6447811411,0,0.549729692,0,0,0,0,0,0,0.7134160694,0,23.445766294,0,25.353693197,D5133700,PNCB,07/18/2025 12:13:09 AM,BPD446,8M5CL,8M5CL,02/23/2026 3:51:05 PM,8M5CL,D1D,2,6452038
D512345,561,KHNCR561WFH1,0,0,0,0,0,0,0,2.0974255882,0,0,0,0,0,0,0,0,0,0,0,2.0974255882,D5123450,PNCB,07/17/2025 11:35:57 PM,BPD444,8M5CL,8M5CL,02/19/2026 1:40:57 PM,8M5CL,D1D,1,6421195
D512345,563,KHNCR563WFA7,0,0,0,0,0,0,0,1.6689215405,0,0,0,0,0,0,0,2.049606425,0,0,2.0645366708,5.7830646364,D5123450,PNCB,07/17/2025 11:35:57 PM,BPD444,8M5CL,8M5CL,02/19/2026 1:40:58 PM,8M5CL,D1D,2,6421313
D512341,213,GG6HR213JKE5,0,0,0,0,0,0,0,5.4770454132,4.5415504251,0,0,0,0,0,0,6.7631330003,0,0,0,16.781728839,D512341A,PNCB,07/17/2025 11:00:04 PM,BPD450,8M5CL,8M5CL,02/23/2026 11:30:17 AM,8M5CL,D1D,1,6891415
D512341,214,GG6HR214JKB4,0,0,0,0,0,0,0.3995097688,0,0.5395506931,0,0,0,0,0,0,6.0459853361,0,1.5255748033,0,8.5106206012,D512341A,PNCB,07/17/2025 11:00:04 PM,BPD450,8M5CL,8M5CL,02/23/2026 11:30:11 AM,8M5CL,D1D,2,6891382
D512347,5,KHNCP005WFA6,0,0,0,0,0,0,0.6290136534,0,0.5434044458,0,0,0,0,0,0,2.6919815356,0,0,0,3.8643996348,D5123470,PNCB,07/24/2025 10:58:38 AM,BPD458,8M5CL,8M5CL,02/20/2026 4:27:43 PM,8M5CL,D1D,1,6421381
D512347,118,KHNCP118WFC3,0,0,0,0,0,0,0.4076465927,2.2106958058,0,0,0,0,0,0,0,0,0,2.5721926451,0,5.1905350436,D5123470,PNCB,07/24/2025 10:58:38 AM,BPD458,8M5CL,8M5CL,02/20/2026 4:27:49 PM,8M5CL,D1D,2,6421330
D512347,122,KHNCP122WFD4,0,0,0,0,0,0,0,0,1.2831063744,0,0,0,0,0,0,0,0,0.7945569285,0.7053047461,2.782968049,D5123470,PNCB,07/24/2025 10:58:38 AM,BPD458,8M5CL,8M5CL,02/20/2026 4:27:37 PM,8M5CL,D1D,3,6421320
D512347,123,KHNCP123WFA3,0,0,0,0,0,0,0.4820847105,0,0,0,0,0,0,0,0,0,0,0.928541009,0,1.4106257196,D5123470,PNCB,07/24/2025 10:58:38 AM,BPD458,8M5CL,8M5CL,02/20/2026 4:27:36 PM,8M5CL,D1D,4,6421421
D511842,67,MC4EP067WAG6,0,0,0,0,0,0,1.8640955524,0,0,0,3.0366484861,0,0,0,0,0,0,6.3490014256,0,11.249745464,D5118420,PNCB,07/31/2025 4:38:32 AM,BPD446,8M5CL,8M5CL,02/23/2026 3:52:07 PM,8M5CL,D1D,1,6389895
D511842,221,MC4EP221WAF6,0,0,0,0,0,0,0,0,0.7408107178,0,0,0,0,0,0,0,0,3.7133935533,0,4.4542042711,D5118420,PNCB,07/31/2025 4:38:32 AM,BPD446,8M5CL,8M5CL,02/23/2026 3:52:13 PM,8M5CL,D1D,2,6389832
D511842,223,MC2ZC223WAC2,0,0,0,0,0,0,0,0,1.2321026986,0,0,0,0,1.9896221934,0,5.7593444652,1.5009498544,8.2615303873,0,18.743551739,D5118420,PNCB,07/31/2025 4:38:32 AM,BPD446,8M5CL,8M5CL,02/23/2026 3:52:21 PM,8M5CL,D1D,3,6389864
D511842,229,MC4EL229WAB3,0,0,0,0,0,0,0,12.856474551,14.466536326,0,0,0,0,0,0,0,0,0,0,27.323010878,D5118420,PNCB,07/31/2025 12:52:14 PM,BPD444,8M5CL,8M5CL,02/19/2026 1:43:32 PM,8M5CL,D1D,4,6389883
D511842,303,MC4EP303WAE3,0,0,0,0,0,0,0,0,0,0,0,0,0,1.3411474269,0,0,0,3.6238762853,0,4.9650237122,D5118420,PNCB,07/31/2025 4:38:32 AM,BPD446,8M5CL,8M5CL,02/23/2026 3:51:55 PM,8M5CL,D1D,5,6389816
D511842,305,MC4EP305WAF4,0,0,0,0,0,0,25.753862892,1.5562469818,71.448468786,0,0,0,0,0,0,11.656900716,0,14.945328022,0,117.13324674,D5118420,PNCB,07/31/2025 4:38:32 AM,BPD446,8M5CL,8M5CL,02/23/2026 3:52:01 PM,8M5CL,D1D,6,6389794
D511842,306,MC4EP306WAC3,0,0,0,0,0,0,0.1501030453,0,2.0712562712,0,0,0,0,0,0,0,5.9816770136,4.4508745825,1.3537813526,14.00769014,D5118420,PNCB,07/31/2025 12:52:14 PM,BPD444,8M5CL,8M5CL,02/19/2026 1:41:19 PM,8M5CL,D1D,7,6389781
D511842,317,MC4EP317WAD6,0,0,0,0,0,0,0,1.9651272589,0,0,0,0,0,0,0,0,2.4453414082,6.804819091,2.2112794137,13.426567172,D5118420,PNCB,07/31/2025 12:52:14 PM,BPD444,8M5CL,8M5CL,02/19/2026 1:43:23 PM,8M5CL,D1D,8,6389735
D511842,334,MC4EN334WAG5,0,0,0,0,0,0,0,2.4761997979,0.7154624944,0,0,0,0,1.1608160092,0,4.0151666786,0,5.5370736422,0,13.904718622,D5118420,PNCB,07/31/2025 12:52:14 PM,BPD444,8M5CL,8M5CL,02/19/2026 1:41:43 PM,8M5CL,D1D,9,6389819
D511842,353,MC4BY353WAG4,0,0,0,0,0,0,0.5971456259,3.2235119842,2.5370459915,0,0,0,0,0,0,1.3860687184,1.2558464123,3.059379871,0,12.058998603,D5118420,PNCB,07/31/2025 12:52:14 PM,BPD444,8M5CL,8M5CL,02/19/2026 1:42:41 PM,8M5CL,D1D,10,6389870
D511842,361,MC4CA361WAD7,0,0,0,0,0,0,0.4259464726,0,0,0,0,0,0,0,0,6.1243521635,0,2.0490713675,0,8.5993700036,D5118420,PNCB,07/31/2025 12:52:14 PM,BPD444,8M5CL,8M5CL,02/19/2026 1:41:47 PM,8M5CL,D1D,11,6389797
D511842,369,MC4CA369WAB0,0,0,0,0,0,0,0.3538271358,0.939920613,0,0,0,0,0,0,0,2.8397323269,2.2648493754,6.3377245527,0.9753050387,13.711361183,D5118420,PNCB,07/31/2025 12:52:14 PM,BPD444,8M5CL,8M5CL,02/19/2026 1:43:01 PM,8M5CL,D1D,12,6389936
D511842,403,MC4CA403WAG5,0,0,0,0,0,0,0,2.4026988209,0,0,0,0,0,0,0,7.8849848691,0,10.515079897,0,20.802766053,D5118420,PNCB,07/31/2025 12:52:14 PM,BPD444,8M5CL,8M5CL,02/19/2026 1:42:20 PM,8M5CL,D1D,13,6389933
D511842,410,MC4CA410WAF6,0,0,0,0,0,0,0.155568679,2.0249301385,3.0848168048,0,0,0,0,0,0,0,1.1135081024,3.0998876733,0.8478383563,10.326549754,D5118420,PNCB,07/31/2025 12:52:14 PM,BPD444,8M5CL,8M5CL,02/19/2026 1:41:44 PM,8M5CL,D1D,14,6389828
D511842,418,MC4EN418WAG3,0,0,0,0,0,0,0.6674873214,0,9.6632445351,0,0,0,0,0,0,7.0689874755,0,95.335966024,0,111.66851614,D5118420,PNCB,07/31/2025 12:52:14 PM,BPD444,8M5CL,8M5CL,02/19/2026 1:42:34 PM,8M5CL,D1D,15,6389836
D511842,420,MC4CA420WAC7,0,0,0,0,0,0,0,0,0.7434919298,0,0,0,0,0,0,2.2743963634,0,0,0,3.0178882932,D5118420,PNCB,07/31/2025 12:52:14 PM,BPD444,8M5CL,8M5CL,02/19/2026 1:41:40 PM,8M5CL,D1D,16,6389893
D511842,443,MC4EN443WAG0,0,0,0,0,0,0,0.7479740682,3.9931730049,0.5924157172,0,0,0,0,0,0,1.6623167902,0.9329263407,5.3817201099,0,12.72932512,D5118420,PNCB,07/31/2025 12:52:14 PM,BPD444,8M5CL,8M5CL,02/19/2026 1:43:05 PM,8M5CL,D1D,17,6389876
D511842,461,MC4CA461WAD0,0,0,0,0,0,0,0.2869684848,0,0.5924157172,0,0,0,0,0,0,1.6623167902,1.7549887575,3.0729425097,0,7.3696322594,D5118420,PNCB,07/31/2025 12:52:14 PM,BPD444,8M5CL,8M5CL,02/19/2026 1:42:04 PM,8M5CL,D1D,18,6389742
D511842,509,MC4CA509WAB6,0,0,0,0,0,0,0.3423233985,4.1563420146,0,0,0,0,0,0,0,1.1167870958,1.4774116027,4.8643751069,1.1249199705,13.082157049,D5118420,PNCB,07/31/2025 12:52:14 PM,BPD444,8M5CL,8M5CL,02/19/2026 1:42:27 PM,8M5CL,D1D,19,6389925
D511842,510,MC4CA510WAE7,0,0,0,0,0,0,0.4629383197,0.891340295,0,0,0,0,0,0,0,0,0,15.006262682,0,16.360539172,D5118420,PNCB,07/31/2025 12:52:14 PM,BPD444,8M5CL,8M5CL,02/19/2026 1:43:10 PM,8M5CL,D1D,20,6389801
D511842,518,MC4CA518WAC0,0,0,0,0,0,0,0.5672294949,0,1.9615887146,0,0,0,0,0,0,2.5232951995,0,0,0,5.052113409,D5118420,PNCB,07/31/2025 12:52:14 PM,BPD444,8M5CL,8M5CL,02/19/2026 1:41:59 PM,8M5CL,D1D,21,6389779
D511842,617,MC4CA617WAE2,0,0,0,0,0,0,0.8005209999,1.5495116774,8.438516723,0,0,0,0,0,0,0,0,16.199530737,0.5033029527,27.350806351,D5118420,PNCB,07/31/2025 12:52:14 PM,BPD444,8M5CL,8M5CL,02/19/2026 1:42:45 PM,8M5CL,D1D,22,6389841
D511842,621,MC4CA621WAF3,0,0,0,0,0,0,0.2949237205,1.030488734,2.3190828085,0,0,0,0,0,0,0,0,3.3787171973,0,7.0232124603,D5118420,PNCB,07/31/2025 12:52:14 PM,BPD444,8M5CL,8M5CL,02/19/2026 1:43:16 PM,8M5CL,D1D,23,6389872
D511842,622,MC4CA622WAC2,0,0,0,0.2060301628,0,0,1.5303242944,0,2.0872727879,0,0,0,0,0,0,2.6849691527,0,3.5675138576,0,10.07610813,D5118420,PNCB,07/31/2025 12:52:14 PM,BPD444,8M5CL,8M5CL,02/19/2026 1:42:37 PM,8M5CL,D1D,24,6389737
D511842,643,MC4CA643WAA6,0,0,0,0,0,0,0,0,0,0,0,0,0,0,0,2.3675226384,0,3.0729425097,0,5.4404651482,D5118420,PNCB,07/31/2025 12:52:14 PM,BPD444,8M5CL,8M5CL,02/19/2026 1:42:06 PM,8M5CL,D1D,25,6389741
D510895,30,MC1RH030WAB2,0,0,0,0,0,0,0.3663759586,3.7263827423,1.9161827294,0,0,0,0,0,0,0,0,2.8356948382,0,8.8446341435,D5108950,PNCB,08/03/2025 9:48:49 AM,BPD432,8M5CL,8M5CL,02/20/2026 9:55:42 AM,8M5CL,D1D,1,6350315
D510895,33,MC1RH033WAG5,0,0,0,0,0,0,0.2329747576,0,1.9784459114,0,0,0,0,0,0,1.7916038156,0.5658768628,0.7935010449,0,5.3624023921,D5108950,PNCB,08/03/2025 9:48:49 AM,BPD432,8M5CL,8M5CL,02/20/2026 9:55:54 AM,8M5CL,D1D,2,6350340
D510895,78,MC1RH078WAB5,0,0,0,0,0,0,0,0.8787536122,0,0,0,0,0,0,0,2.8249867014,2.3262327559,1.9081797837,0.3644230358,8.3025780141,D5108950,PNCB,08/03/2025 9:48:49 AM,BPD432,8M5CL,8M5CL,02/20/2026 9:56:28 AM,8M5CL,D1D,3,6350279
D510895,79,MC1RH079WAF7,0,0,0,0,0,0,0.4306721009,0.8385293479,1.5113256903,0,0,0,0,0,0,1.0297995799,0,12.411374663,0,15.452235122,D5108950,PNCB,08/03/2025 9:48:49 AM,BPD432,8M5CL,8M5CL,02/20/2026 9:56:16 AM,8M5CL,D1D,4,6350290
D510895,80,MC1RH080WAB5,0,0,0,0,0,0,1.1439664722,1.1768899022,0,0,0,0,0,0,0,4.9483428716,0,0.9186620881,0,8.1878613341,D5108950,PNCB,08/03/2025 9:48:49 AM,BPD432,8M5CL,8M5CL,02/20/2026 9:55:45 AM,8M5CL,D1D,5,6350268
D510895,86,MC1RH086WAF0,0,0,0,0,0,0,0,2.7698437281,2.1371498825,0,0,0,0,0,0,5.7576285352,1.6156493808,1.2750248018,0,13.555298453,D5108950,PNCB,08/03/2025 9:48:49 AM,BPD432,8M5CL,8M5CL,02/20/2026 9:56:23 AM,8M5CL,D1D,6,6350220
D512346,662,KHNNU662WFA3,0,0,0,0,0,0,0,0,0,0,0,0,0,0,0,1.3881774436,0,10.66827936,0,12.056458929,D5123460,PNCB,08/03/2025 11:04:47 AM,BPD434,8M5CL,8M5CL,02/19/2026 4:31:10 PM,8M5CL,D1D,1,6421323
D512346,664,KHNNU664WFB4,0,0,0,0,0,0,0.5136888107,0,0.6601155161,0,0,0,0,0,0,0,0,3.5097273196,0,4.6168602662,D5123460,PNCB,08/03/2025 11:04:47 AM,BPD434,8M5CL,8M5CL,02/19/2026 4:31:21 PM,8M5CL,D1D,2,6421194
D512346,667,KHNNU667WFG7,0,0,0,0,0,0,1.1387479978,1.3039930307,1.6437395921,0,0,0,0,0,0,0,1.3836588192,5.7816713465,0,11.251810786,D5123460,PNCB,08/03/2025 11:04:47 AM,BPD434,8M5CL,8M5CL,02/19/2026 4:31:35 PM,8M5CL,D1D,3,6421272
D512346,702,KHNNU702WFC0,0,0,0,0,0,0,0.3190786771,1.1091347455,3.6380719579,0,0,0,0,0,0,0,0,8.3933007325,0,13.459586113,D5123460,PNCB,08/03/2025 11:04:47 AM,BPD434,8M5CL,8M5CL,02/19/2026 4:31:27 PM,8M5CL,D1D,4,6421325
D512346,703,KHNNU703WFG2,0,0,0,0,0,0,1.005338889,1.7034926788,1.1959756129,0,0,0,0,0,0,1.8311124649,1.3836588192,1.6112316357,0,8.7308079604,D5123460,PNCB,08/03/2025 11:04:47 AM,BPD434,8M5CL,8M5CL,02/19/2026 4:31:33 PM,8M5CL,D1D,5,6421331
D512346,714,KHNNU714WFA2,0,0,0,0,0,0,0.8087947766,0,1.8713207574,0,0,0,0,0,0,0,0,2.9240714992,0.7053047461,6.3094917793,D5123460,PNCB,08/03/2025 11:04:47 AM,BPD434,8M5CL,8M5CL,02/19/2026 4:31:08 PM,8M5CL,D1D,6,6421260
D514117,377,MC4XG377WAD2,0,0,0,0,0,0,0.4222246123,1.4598274715,0,0,0,0,0,0,0,4.2260471717,0,4.4796665897,0,10.587765845,D5141170,PNCB,08/03/2025 5:35:36 PM,BPD442,8M5CL,8M5CL,02/20/2026 11:21:24 AM,8M5CL,D1D,1,6491975
D514117,380,MC4XG380WAA1,0,0,0,0,0,0,0,0,0,0,0,0,0,0,0,0,0,2.5503726116,0,2.5503726116,D5141170,PNCB,08/03/2025 5:35:36 PM,BPD442,8M5CL,8M5CL,02/20/2026 11:21:22 AM,8M5CL,D1D,2,6492056
D514105,3,MC4UJ003WAB1,0,0,0,0,0,0,0,0,0,0,0,0,0,0,0,520,0,0,0,520,D5141050,PNCB,08/15/2025 10:57:36 PM,BPD434,8M5CL,8M5CL,02/19/2026 4:41:12 PM,8M5CL,D1D,1,6491259
D514105,6,MC4UJ006WAG4,0,0,0,0,0,0,0,1.2456156972,0,0,0,0,0,0,0,520,0,0,0,520,D5141050,PNCB,08/15/2025 10:57:36 PM,BPD434,8M5CL,8M5CL,02/19/2026 4:36:51 PM,8M5CL,D1D,2,6491372
D514105,11,MC4UJ011WAE4,0,0,0,0,0,0,0,1.1972526598,0,0,0,0,0,0,0,520,0,0,0,520,D5141050,PNCB,08/15/2025 10:57:36 PM,BPD434,8M5CL,8M5CL,02/19/2026 4:34:48 PM,8M5CL,D1D,3,6491242
D514105,13,MC4UJ013WAF5,0,0,0,0,0,0,0,0,0,0,0,0,0,0,0,520,0,0,0,520,D5141050,PNCB,08/15/2025 10:57:36 PM,BPD434,8M5CL,8M5CL,02/19/2026 4:38:52 PM,8M5CL,D1D,4,6491294
D512954,432,GM9ZG432JKF5,0,0,0,0,0,0,0.6314128696,3.4241979398,0,4.53627006,0,0,0,0,0,0,0,3.1524789959,1.5207952247,13.26515509,D5129540,PXMG,08/18/2025 8:11:09 PM,BPD434,8M5CL,8M5CL,02/16/2026 2:53:51 PM,8M5CL,D1D,1,6432244
D512954,433,GM9ZG433JKC4,0,0,0,0,0,0,0.3374861856,0,3.7301843906,0,0,0,0,0,0,0,0,5.9842982619,0,10.051968838,D5129540,PXMG,08/18/2025 8:11:09 PM,BPD434,8M5CL,8M5CL,02/16/2026 2:53:45 PM,8M5CL,D1D,2,6432330
D510894,345,MC1RE345WAB1,0,0,0,0,0,0,0,49.400611468,0,0,0,0,0,0,0,11.883317089,0,0,0,61.283928557,D5108940,PNCB,08/17/2025 10:20:25 AM,BPD446,8M5CL,8M5CL,02/23/2026 3:56:34 PM,8M5CL,D1D,1,6350339
D510894,355,MC1RE355WAF5,0,0,0,0,0,0,0.845284294,1.6457882851,0,0,0,0,0,0,0,2.9511310549,0,2.1101417752,0,7.5523428601,D5108940,PNCB,08/17/2025 10:20:25 AM,BPD446,8M5CL,8M5CL,02/23/2026 3:53:36 PM,8M5CL,D1D,2,6350322
D510894,398,MC1RE398WAG7,0,0,0,0,0,0,0.7275582902,0,0,0,0,0,0,0,0,0,0,5.1726718569,0,5.9002301471,D5108940,PNCB,08/17/2025 10:20:25 AM,BPD446,8M5CL,8M5CL,02/23/2026 3:57:00 PM,8M5CL,D1D,3,6350406
D510894,416,MC1RE416WAF6,0,0,0,0,0,0,0.3562437108,0,1.6221690402,0,0,0,0,0,0,1.0223624987,0,11.567420721,0,14.568195971,D5108940,PNCB,08/17/2025 10:20:25 AM,BPD446,8M5CL,8M5CL,02/23/2026 3:56:04 PM,8M5CL,D1D,4,6350333
D510894,424,MC1RE424WAB6,1.8352968766,0,0,0,0,0,0,0,0,0,0,0,0,0,0,0,0,0,0,1.8352968766,D5108940,PNCB,08/17/2025 10:20:25 AM,BPD446,8M5CL,8M5CL,02/23/2026 3:56:00 PM,8M5CL,D1D,5,6350303
D510894,429,MC1RE429WAA7,0.6882145608,0,0,0,0,0,0.9131399126,3.5464791409,1.5494902751,0,0,0,0,0,0,3.3800698228,1.8819065481,5.1098766318,0,17.069176892,D5108940,PNCB,08/17/2025 10:20:25 AM,BPD446,8M5CL,8M5CL,02/23/2026 3:52:58 PM,8M5CL,D1D,6,6350239
D510894,431,MC1RE431WAA7,0,0,0,0,0,0,0.1006593064,0,0,0,0,0,0,0,0,0,0,10.966117879,0,11.066779325,D5108940,PNCB,08/17/2025 10:20:25 AM,BPD446,8M5CL,8M5CL,02/23/2026 3:54:19 PM,8M5CL,D1D,7,6350346
D510894,433,MC1RE433WAC0,0,0,0,0,0,0,0.6705662226,0,2.0523009748,0,0,0,0,0,0,0,0,8.1403291515,0,10.863196349,D5108940,PNCB,08/17/2025 10:20:25 AM,BPD446,8M5CL,8M5CL,02/23/2026 3:53:04 PM,8M5CL,D1D,8,6350285
D510894,466,MC1RE466WAG1,0,0,0,0,0,0,0.5842745366,1.5670090664,0.9055292669,0,0,0,0,0,0,3.6188423627,0,14.067068342,0.9107632699,21.653486845,D5108940,PNCB,08/17/2025 10:20:25 AM,BPD446,8M5CL,8M5CL,02/23/2026 3:54:06 PM,8M5CL,D1D,9,6350269
D510894,486,MC1RE486WAA3,1.6810096039,0,0,0,0,0,1.350321768,0,0,0,0,0,0,0,0,0,0,5.2475161869,1.0772865917,9.3561362757,D5108940,PNCB,08/17/2025 10:20:25 AM,BPD446,8M5CL,8M5CL,02/23/2026 3:57:11 PM,8M5CL,D1D,10,6350320
D510894,488,MC1RE488WAB4,1.7580406125,0,0,0,0,0,0.3428495083,1.6259920087,2.0496338675,0,0,0,0,0,0,0,0,3.8056386802,0,9.5821546773,D5108940,PNCB,08/17/2025 10:20:25 AM,BPD446,8M5CL,8M5CL,02/23/2026 3:53:19 PM,8M5CL,D1D,11,6350277
D510894,489,MC1RE489WAF6,0,0,0,0,0,0,0,0,1.1181654041,0,0,0,0,0,0,0,4.372477441,2.7792537021,0,8.2698944069,D5108940,PNCB,08/17/2025 10:20:25 AM,BPD446,8M5CL,8M5CL,02/23/2026 3:55:37 PM,8M5CL,D1D,12,6350302
D510894,492,MC1RE492WAC5,0,0,0,0,0,0,0,2.5042696092,2.1971485995,0,0,0,0,0,0,0,2.9838725865,2.6123455019,0,10.297638422,D5108940,PNCB,08/17/2025 10:20:25 AM,BPD446,8M5CL,8M5CL,02/23/2026 3:56:17 PM,8M5CL,D1D,13,6350355
D510894,495,MC1RE495WAA5,0,0,0,0,0,0,0.3279774355,0,0,0,0,0,0,0,0,0,0,4.6605117604,0,4.988489196,D5108940,PNCB,08/17/2025 10:20:25 AM,BPD446,8M5CL,8M5CL,02/23/2026 3:54:00 PM,8M5CL,D1D,14,6350273
D510894,512,MC1RE512WAC5,0,0,0,0,0,0,0,2.4906671516,0,0,0,0,0,0,0,0,0,3.8295986411,0,6.3202657928,D5108940,PNCB,08/17/2025 10:20:25 AM,BPD446,8M5CL,8M5CL,02/23/2026 3:56:49 PM,8M5CL,D1D,15,6350408
D510894,540,MC1RE540WAA2,0,0,0,0,0,0,0.5045213365,2.4293126514,1.992888605,0,0,0,0,0,0,1.5639532417,0,3.8545297507,0,10.34520771,D5108940,PNCB,08/17/2025 10:20:25 AM,BPD446,8M5CL,8M5CL,02/23/2026 3:53:43 PM,8M5CL,D1D,16,6350314
D510894,555,MC1RE555WAD7,0,0,0,0,0,0,1.1740399393,4.0592177445,0,0,0,0,0,6.5812936522,0,11.751003359,0,16.961569205,0,39.009381147,D5108940,PNCB,08/17/2025 10:20:25 AM,BPD446,8M5CL,8M5CL,02/23/2026 3:53:56 PM,8M5CL,D1D,17,6350317
D510894,568,MC1RE568WAG3,0,0,0,0,0,0,0,1.097417209,0,0,0,0,0,0,0,6.853687836,0,3.2881290261,0,11.239236196,D5108940,PNCB,08/17/2025 10:20:25 AM,BPD446,8M5CL,8M5CL,02/23/2026 3:55:46 PM,8M5CL,D1D,18,6350328
D510894,583,MC1RE583WAB4,0,0,0,0,0,0,0.2185474658,0,0,0,0,0,0,0,0,0,0,5.6061660501,0,5.8247135159,D5108940,PNCB,08/17/2025 10:20:25 AM,BPD446,8M5CL,8M5CL,02/23/2026 3:54:17 PM,8M5CL,D1D,19,6350267
D510894,587,MC1RE587WAD6,0,0,0,0,0,0,0.4241922677,1.126836495,2.2288932153,0,0,0,0,0,0,0,2.7152433602,7.4724849402,0,13.967650278,D5108940,PNCB,08/17/2025 10:20:25 AM,BPD446,8M5CL,8M5CL,02/23/2026 3:56:38 PM,8M5CL,D1D,20,6350241
D510894,593,MC1RE593WAG0,0,0,0,0,0,0,0.4629168089,1.2297099212,0,0,0,0,0,0,0,3.5598791221,1.9978770613,5.0013391381,0.949209212,13.200931264,D5108940,PNCB,08/17/2025 10:20:25 AM,BPD446,8M5CL,8M5CL,02/23/2026 3:56:25 PM,8M5CL,D1D,21,6350327
D510894,599,MC1RE599WAC0,0,0,0,3.4776142455,0,0,1.4423439168,0,0,0,0,0,0,8.0853079662,0,0,0,13.888146025,0,26.893420241,D5108940,PNCB,08/17/2025 10:20:25 AM,BPD446,8M5CL,8M5CL,02/23/2026 3:56:46 PM,8M5CL,D1D,22,6350358
D510894,607,MC1RE607WAD6,0,0,0,0,0,0,0.0957538988,0,1.5710980391,0,0,0,0,0,0,0,1.1342192707,1.7901869832,0,4.5912560517,D5108940,PNCB,08/17/2025 10:20:25 AM,BPD446,8M5CL,8M5CL,02/23/2026 3:53:10 PM,8M5CL,D1D,23,6350251
D510894,622,MC1RE622WAG2,0,0,0,0,0,0,0,0,1.4244967067,0,0,0,0,0,0,0,0,1.770329788,0,3.1948264947,D5108940,PNCB,08/17/2025 10:20:25 AM,BPD446,8M5CL,8M5CL,02/23/2026 3:55:54 PM,8M5CL,D1D,24,6350219
D510894,636,MC1RE636WAF5,0,0,0,0,0,0,0,0,0,0,0,0,0,0,0,6.5085772723,0,3.8435262317,0,10.352103504,D5108940,PNCB,08/17/2025 10:20:25 AM,BPD446,8M5CL,8M5CL,02/23/2026 3:56:13 PM,8M5CL,D1D,25,6350218
D512958,366,GG7JP366JKB7,1.5299351398,0,0,0,1.4770573441,0,0,2.2076083833,0,0,0,0,0,0,0,0,0,10.775126409,0,15.224758607,D5129580,PXMG,09/11/2025 9:53:09 PM,BPD442,8M5CL,8M5CL,02/16/2026 2:56:09 PM,8M5CL,D1D,1,6432397
D512958,368,GG7JP368JKD0,0,0,0,0,0,0,0.3126330394,0.8304919204,1.3722913971,0,0,0,0,0,0,6.4024951369,0,8.0034295594,1.0273585663,15.810601654,D5129580,PXMG,09/11/2025 9:53:09 PM,BPD442,8M5CL,8M5CL,02/16/2026 2:56:27 PM,8M5CL,D1D,2,6432369
D512958,369,GG7JP369JKH2,0,0,0,0,0,0,0,0,0.7456366197,0,0,0,0,0,0,0,0,1.0102376106,0,1.7558742303,D5129580,PXMG,09/11/2025 9:53:09 PM,BPD442,8M5CL,8M5CL,02/16/2026 2:56:13 PM,8M5CL,D1D,3,6432259
D512958,370,GG7JP370JKD0,8.332547874,0,0,0,0,0,0,0,2.3429543399,0,0,0,0,0,0,0.9000859082,0,15.578464084,7.1532591115,34.307313517,D5129580,PXMG,09/11/2025 9:53:09 PM,BPD442,8M5CL,8M5CL,02/16/2026 2:56:20 PM,8M5CL,D1D,4,6432391
D512953,455,GM9ZG455JKF2,0,0,0,0,0,0,0.0816491679,0,0,0,0,0,0,0,0,0.7310706744,0,1.5786289741,0,2.3913488164,D5129530,PXMG,09/11/2025 1:12:10 PM,BPD454,8M5CL,8M5CL,02/16/2026 3:04:19 PM,8M5CL,D1D,1,6432150
D512953,457,GM9ZG457JKG3,0,0,0,0,0,0,0,0,0,0,0,0,0,0,0,1.7232855624,0,3.9635346062,0,5.6868201686,D5129530,PXMG,09/11/2025 1:12:10 PM,BPD454,8M5CL,8M5CL,02/16/2026 3:04:18 PM,8M5CL,D1D,2,6432056
D511316,430,GM7KQ430JKD6,0,0,0,0,0,0,0,1.1942983279,0,0,0,0,0,0,0,0,0,20.529472485,0,21.723768688,D5113160D,PNCB,08/30/2025 5:39:25 PM,BPD458,8M5CL,8M5CL,02/16/2026 2:31:45 PM,8M5CL,D1D,1,7274974
D511316,431,GM7KQ431JKA5,0,0,0,2.7804458103,0,0,0.8646529976,0,5.1690839598,0,0,0,0,0,0,6.6053924417,0.9329263407,21.999257066,1.0390817582,39.390840374,D5113160D,PNCB,08/30/2025 5:39:25 PM,BPD458,8M5CL,8M5CL,02/16/2026 2:31:46 PM,8M5CL,D1D,2,7274900
D511316,432,GM7KQ432JKE7,0,0,0,0,0,0,0,0.9781592929,0,0,0,0,0,0,0,6.7099089453,0,10.252706324,0,17.940774562,D5113160D,PNCB,08/30/2025 5:39:25 PM,BPD458,8M5CL,8M5CL,02/16/2026 2:31:48 PM,8M5CL,D1D,3,7274863
D511316,433,GM7KQ433JKB6,1.7359235869,0,0,0,0,0,0,2.6425250963,16.232837,0,0,0,0,0,0,6.8193405529,0,7.1186624464,4.0814917441,38.630782566,D5113160D,PNCB,08/30/2025 5:39:25 PM,BPD458,8M5CL,8M5CL,02/16/2026 2:32:04 PM,8M5CL,D1D,4,7274923
D511316,436,GM7KQ436JKH1,0,0,0,0,0,0,0.4939683285,3.0032339349,0,0,0,0,0,0,0,1.2390497972,0,22.418250545,0,27.154502605,D5113160D,PNCB,08/30/2025 5:39:25 PM,BPD458,8M5CL,8M5CL,02/16/2026 2:34:57 PM,8M5CL,D1D,5,7274820
D511316,437,GM7KQ437JKE0,0,0,0,0,0,0,0,2.3691131276,0,0,0,0,0,0,0,2.4623178642,3.2028839869,14.134157841,0,21.797709344,D5113160D,PNCB,08/30/2025 5:39:25 PM,BPD458,8M5CL,8M5CL,02/16/2026 2:35:22 PM,8M5CL,D1D,6,7274883
D512916,506,GG7AA506JKG7,0,0,0,0,0,0,0.5581916489,2.6472622307,0,0.5802985644,0,0,0,0,0,2.1462727305,0,5.4180452317,0,11.350068281,D5129160,PNCB,08/29/2025 4:27:18 PM,BPD442,8M5CL,8M5CL,02/16/2026 2:56:11 PM,8M5CL,D1D,1,6436348
D512916,507,GG7AA507JKD6,0,0,0,0,0,0,0.3254134398,0,0,0,0,0,0,0,0,2.0174837101,0,10.5944134,0,12.93731269,D5129160,PNCB,08/29/2025 4:27:18 PM,BPD442,8M5CL,8M5CL,02/16/2026 2:56:34 PM,8M5CL,D1D,2,6436314
D512916,508,GG7AA508JKA5,0,0,0,1.0186394077,0,0,0.2607842517,1.3039255085,2.2607705302,0,0,0,0,0,0,0,0,5.0044569937,0,9.8485788169,D5129160,PNCB,08/29/2025 4:27:18 PM,BPD442,8M5CL,8M5CL,02/16/2026 2:55:57 PM,8M5CL,D1D,3,6436362
D512916,510,GG7AA510JKA5,1.4518631259,0,0,0,0,0,0.2175415693,2.3074494216,0,0,0,0,0,0,0,0,0,7.4382343793,0.5805769462,11.995663317,D5129160,PNCB,08/29/2025 4:27:18 PM,BPD442,8M5CL,8M5CL,02/16/2026 2:56:26 PM,8M5CL,D1D,4,6436373
D512916,511,GG7AA511JKE7,0,0,0,0,0,0,0,0,0,0,0,0,0,0,0,0,0,4.5071749683,0,4.5071749683,D5129160,PNCB,08/29/2025 4:27:18 PM,BPD442,8M5CL,8M5CL,02/16/2026 2:56:21 PM,8M5CL,D1D,5,6436308
D512916,512,GG7AA512JKB6,0,0,0,0,0,0,0,1.5049958001,3.7087596864,0,0,0,0,0,0,0,1.3695768638,5.0795945809,0,11.662926931,D5129160,PNCB,08/29/2025 4:27:18 PM,BPD442,8M5CL,8M5CL,02/16/2026 2:56:38 PM,8M5CL,D1D,6,6436352
D512916,513,GG7AA513JKG0,0,0,0,0,0,0,0.2161632494,1.025170262,0,0,0,0,0,0,0,0,0,3.8078975577,0.4432416728,5.4924727418,D5129160,PNCB,08/29/2025 4:27:18 PM,BPD442,8M5CL,8M5CL,02/16/2026 2:56:12 PM,8M5CL,D1D,7,6436310
D512916,514,GG7AA514JKC7,0,0,0,0,0,0,0,1.3181059802,0,0,0,0,0,0,0,0,0,5.9385150832,0,7.2566210635,D5129160,PNCB,08/29/2025 4:27:18 PM,BPD442,8M5CL,8M5CL,02/16/2026 2:55:28 PM,8M5CL,D1D,8,6436399
D512916,516,GG7AA516JKE0,0,0,0,0,0,0,0.3433935216,0,0,0,0,0,0,0,0,0,0,1.1695754734,0,1.512968995,D5129160,PNCB,08/29/2025 4:27:18 PM,BPD442,8M5CL,8M5CL,02/16/2026 2:56:13 PM,8M5CL,D1D,9,6436354
D512916,517,GG7AA517JKA7,0,0,0,0,0,0,0.2371375053,3.8263955672,1.4176627964,0,0,0,0,0,0,0,0.6207844684,0.8076779296,0,6.9096604072,D5129160,PNCB,08/29/2025 4:27:18 PM,BPD442,8M5CL,8M5CL,02/16/2026 2:55:19 PM,8M5CL,D1D,10,6436282
D512916,539,GG7AA539JKD5,0,0,0,0,0,0,0,1.7354805593,0,0,0,0,0,0,0,0,0,10.470855771,0,12.20633633,D5129160,PNCB,08/29/2025 4:27:18 PM,BPD442,8M5CL,8M5CL,02/16/2026 2:56:15 PM,8M5CL,D1D,11,6436385
D512916,540,GG7AA540JKG6,0,0,0,2.0809571334,0,0,0,1.3408504114,0,0,0,0,0,0,0,0,0,9.7694312565,0,13.191236676,D5129160,PNCB,08/29/2025 4:27:18 PM,BPD442,8M5CL,8M5CL,02/16/2026 2:55:35 PM,8M5CL,D1D,12,6436378
D511312,306,GB6NW306JKB1,0,0,0,0,0,0,1.9752889246,0,0,0,0,0,0,0,0,3.3010557172,0,7.6656999412,0,12.942044583,D5113120E,PNCB,08/30/2025 3:50:25 AM,BPD450,8M5CL,8M5CL,02/16/2026 2:31:26 PM,8M5CL,D1D,1,7271900
D511312,307,GB6NW307JKF3,0,0,0,0,0,0,0,49.400611468,0,0,0,0,0,0,0,0,0,0,0,49.400611468,D5113120E,PNCB,08/30/2025 3:50:25 AM,BPD450,8M5CL,8M5CL,02/16/2026 2:31:41 PM,8M5CL,D1D,2,7271862
D511312,308,GB6NW308JKC2,0,0,0,0,0,0,0.2639569543,0,1.5779870848,0,0,0,0,0,0,4.0596992675,0.6909903961,1.9527527486,0,8.5453864513,D5113120E,PNCB,08/30/2025 3:50:25 AM,BPD450,8M5CL,8M5CL,02/16/2026 2:31:53 PM,8M5CL,D1D,3,7271822
D511312,309,GB6NW309JKG4,0,0,0,0,0,0,3.2671277353,1.1468979944,2.0124884128,0,0,0,0,0,0,0,0,2.8980771421,0,9.3245912846,D5113120E,PNCB,08/30/2025 3:50:25 AM,BPD450,8M5CL,8M5CL,02/16/2026 2:31:19 PM,8M5CL,D1D,4,7271798
D511312,342,GB6NW342JKC1,0,0,0,0,0,0,0,0,0.7437193104,0,0,0,0,0,0,0,1.7370493492,6.8683974456,0,9.3491661052,D5113120E,PNCB,08/30/2025 3:50:25 AM,BPD450,8M5CL,8M5CL,02/16/2026 2:31:55 PM,8M5CL,D1D,5,7271801
D511312,345,GB6NW345JKA1,0,0,0,0,0,0,0,4.4780978009,0,0,0,0,0,0,0,3.9492897251,0,3.7992895519,0,12.226677078,D5113120E,PNCB,08/30/2025 3:50:25 AM,BPD450,8M5CL,8M5CL,02/16/2026 2:32:08 PM,8M5CL,D1D,6,7271858
D511312,301,GB6NW301JKC0,0,0,0,0,0,0,0,2.8437274092,0,0,0,0,0,0,0,2.2340237165,0,7.50727234,0,12.585023466,D5113120,PNCB,08/30/2025 4:32:53 AM,BPD450,8M5CL,8M5CL,02/16/2026 2:06:15 PM,8M5CL,D1D,1,6382532
D511312,302,GB6NW302JKG2,0,0,0,0,0,0,0.322223754,1.1200681378,0,0,0,0,0,0,0,0,0,3.0598623196,0,4.5021542114,D5113120,PNCB,08/30/2025 4:32:53 AM,BPD450,8M5CL,8M5CL,02/16/2026 2:06:08 PM,8M5CL,D1D,2,6382533
D511310,17,GB8QG017JKE4,0,0,0,0,0,0,0,0,1.3625475885,0,0,0,0,0,0,3.5054359465,0,2.3288336973,0,7.1968172323,D5113100,PNCB,08/26/2025 11:04:05 PM,BPD458,8M5CL,8M5CL,02/16/2026 2:02:59 PM,8M5CL,D1D,1,6382168
D511310,33,GB8QG033JKD7,0.6202429901,0,0,0,0,0,1.0276165451,1.2995798761,5.0833142349,0,0,0,0,0,0,25.857456454,0,1.6662505333,10.807779369,39.49446604,D5113100,PNCB,08/26/2025 11:04:05 PM,BPD458,8M5CL,8M5CL,02/16/2026 2:04:43 PM,8M5CL,D1D,2,6382172
D511310,86,GB8QG086JKC2,0,0,0,0,0,0,0.8085291451,0,0.7342118279,0,2.0629643185,0,0,0,0,0.9528265485,0,5.4026279797,0,9.9611576946,D5113100D,PNCB,08/27/2025 4:18:46 AM,BPD448,8M5CL,8M5CL,02/16/2026 1:49:01 PM,8M5CL,D1D,1,7257007
D511310,107,GB8QG107JKG4,0,0,0,0,0,0,0.5169661822,1.1469707622,2.8982697628,0,0,0,0,0,0,4.1734017894,0,4.8492479599,0,13.584856457,D5113100D,PNCB,08/27/2025 4:18:46 AM,BPD448,8M5CL,8M5CL,02/16/2026 1:49:18 PM,8M5CL,D1D,2,7257023
D511310,116,GB8QG116JKG6,0,0,0,0,0,0,0.1314684647,0,0,0,0,0,0,0,0,1.7187271512,0,3.8983058211,0,5.650268785,D5113100D,PNCB,08/27/2025 4:18:46 AM,BPD448,8M5CL,8M5CL,02/16/2026 1:49:08 PM,8M5CL,D1D,3,7256949
D511310,276,GB8QG276JKD3,0,0,0,0,0,0,0.5563492288,0.7389528188,4.9889653649,0,0,0,0,0,0,4.7536604862,0,8.4879059208,0,19.525831694,D5113100D,PNCB,08/27/2025 4:18:46 AM,BPD448,8M5CL,8M5CL,02/16/2026 1:48:58 PM,8M5CL,D1D,4,7257075
D511310,307,GB8QG307JKE6,0,0,0,0,0,0,0,2.4689310254,10.512838526,0,0,0,0,0,0,3.7728363067,0,3.0955369199,0,19.850144918,D5113100D,PNCB,08/27/2025 4:18:46 AM,BPD448,8M5CL,8M5CL,02/16/2026 1:48:52 PM,8M5CL,D1D,5,7257102
D511310,308,GB8QG308JKB5,0.9274364276,0,0,0,0,0,0,0,0,0,0,0,0,0,0,5.7482251803,0,6.5514480706,0,13.227109678,D5113100D,PNCB,08/27/2025 4:18:46 AM,BPD448,8M5CL,8M5CL,02/16/2026 1:49:13 PM,8M5CL,D1D,6,7257037
D510E6D,433,GG7JP433JKE2,0,0,0,0,0,0,0,0,0.6313645621,0,0,0,0,0,0,0,0,4.0865679315,0,4.7179324936,D510E6D0,X78D,09/01/2025 6:36:15 AM,BPD442,8M5CL,8M5CL,01/15/2026 4:54:05 PM,8M5CL,D1D,1,6356006
D510E6D,434,GG7JP434JKB1,0,0,0,0,0,0,0,0,1.4879680413,0,0,0,0,0,0,0,2.013090655,6.9383800496,0,10.439438746,D510E6D0,X78D,09/01/2025 6:36:15 AM,BPD442,8M5CL,8M5CL,01/15/2026 4:54:56 PM,8M5CL,D1D,2,6355966
D510E6D,435,GG7JP435JKF3,0,0,0,0,0,0,0,0,0,0,0,0,0,0,0,1.3868823285,0,4.7499891246,0,6.1368714531,D510E6D0,X78D,09/01/2025 6:36:15 AM,BPD442,8M5CL,8M5CL,01/15/2026 4:54:37 PM,8M5CL,D1D,3,6355968
D510E6D,531,GG7JP531JKC2,0,0,0,0,0,0,0,0.9316077749,0,0,0,0,0,0,0,0,0,4.0188598659,0,4.9504676408,D510E6D0,X78D,09/01/2025 6:36:15 AM,BPD442,8M5CL,8M5CL,01/15/2026 4:54:46 PM,8M5CL,D1D,4,6355970
D510E6D,532,GG7JP532JKG4,1.3997732307,0,0,0,0,0,0.6205832718,0,0.6563785466,0,0,0,0,0,0,0,0,8.3132053581,0,10.989940407,D510E6D0,X78D,09/01/2025 6:36:15 AM,BPD442,8M5CL,8M5CL,01/15/2026 4:54:25 PM,8M5CL,D1D,5,6355933
D510E6D,533,GG7JP533JKD3,0,0,0,0,0,0,0,1.4432898978,0,0,0,0,0,1.0918790659,0,0,0,6.6883297412,0,9.2234987048,D510E6D0,X78D,09/01/2025 6:36:15 AM,BPD442,8M5CL,8M5CL,01/15/2026 4:54:19 PM,8M5CL,D1D,6,6356004
D510E6D,534,GG7JP534JKA2,0,0,0,0,0,0,0.2444362409,0,0,0,0,0,0,0,0,0,0,4.284753718,0,4.5291899589,D510E6D0,X78D,09/01/2025 6:36:15 AM,BPD442,8M5CL,8M5CL,01/15/2026 4:54:49 PM,8M5CL,D1D,7,6355941
D510E6D,535,GG7JP535JKE4,0,0,0,0,0,0,0,2.0842801495,0,0,0,0,0,0,0,0,0,0,2.9570857968,5.0413659463,D510E6D0,X78D,09/01/2025 6:36:15 AM,BPD442,8M5CL,8M5CL,01/15/2026 4:54:13 PM,8M5CL,D1D,8,6355989
D510E6D,536,GG7JP536JKB3,0,0,0,0,0,0,0,0,0,0,0,0,0,0,0,4.1598875382,0,7.2245108638,0,11.384396424,D510E6D0,X78D,09/01/2025 6:36:15 AM,BPD442,8M5CL,8M5CL,01/15/2026 4:50:52 PM,8M5CL,D1D,9,6355898
D510E6D,537,GG7JP537JKF5,0,0,0,0,0,0,0,1.9531884602,0,0,0,0,0,0,0,0,0,6.9446384434,0,8.8978269037,D510E6D0,X78D,09/01/2025 6:36:15 AM,BPD442,8M5CL,8M5CL,01/15/2026 4:54:32 PM,8M5CL,D1D,10,6355962
D510E6D,538,GG7JP538JKC4,0,0,0,0,0,0,0,4.1532189379,0,0,0,0,0,0,0,0,0,3.7535815051,0,7.2650564286,D510E6D0,X78D,09/01/2025 6:36:15 AM,BPD442,8M5CL,8M5CL,01/15/2026 4:54:06 PM,8M5CL,D1D,11,6355938
D511316,426,GM7KQ426JKC5,0,0,0,0,0,0,0,1.8204597638,0,0,0,0,0,0,0,2.9586758454,0,18.745238482,0.5435861667,24.067958133,D5113160,PNCB,08/31/2025 3:46:55 PM,BPD436,8M5CL,8M5CL,02/16/2026 2:32:17 PM,8M5CL,D1D,1,6384358
D511316,427,GM7KQ427JKG7,0,0,0,0,0,0,0,0,0,0,0,0,0,39.12508668,0,0,0,23.255535451,0,62.380622131,D5113160,PNCB,08/31/2025 3:46:55 PM,BPD436,8M5CL,8M5CL,02/16/2026 2:32:24 PM,8M5CL,D1D,2,6384314
D510E66,59,A1HZE059SLD2,0,0,0,0,0,0,0.6099816107,4.3617859332,2.3107527732,0,0,0,0,0,0,1.9340695628,0,0.9209855061,0,10.137575386,D510E660,X78D,08/31/2025 10:18:32 PM,BPD454,8M5CL,8M5CL,01/15/2026 4:55:51 PM,8M5CL,D1D,1,6369084
D510E66,62,A1HZE062SLA1,0,0,0,0,0,0,0,1.0468140228,0,0,0,0,0,0,0,1.3925113385,0,7.4492676142,0,9.8885929754,D510E660,X78D,08/31/2025 10:18:32 PM,BPD454,8M5CL,8M5CL,01/15/2026 4:54:43 PM,8M5CL,D1D,2,6369086
D510E66,165,A1HSK165SLA5,0,0,0,0,0,0,0,0,0.993468847,0,0,0,0,0,0,1.3693255294,27.678413383,3.6985980662,0,33.739807803,D510E660,X78D,08/31/2025 10:18:32 PM,BPD454,8M5CL,8M5CL,01/15/2026 4:55:07 PM,8M5CL,D1D,3,6369031
D511307,55,A1HK3055SLA7,0,0,0,0,0,0,0.7741597846,0.8963498067,1.3824260466,0,0,0,0,0,0,2.0232345086,0.9329263407,0.8960886986,0.8645695286,7.0845985426,D5113070,PNCB,09/06/2025 8:41:14 AM,BPD450,8M5CL,8M5CL,02/16/2026 2:06:43 PM,8M5CL,D1D,1,6382310
D511307,57,A1HK3057SLC0,0,0,0,0,0,0,0,0,0.5434044458,0,0,0,0,0,0,1.0296647454,0,2.3994120683,0.5958400855,4.5683213449,D5113070,PNCB,09/06/2025 8:41:14 AM,BPD450,8M5CL,8M5CL,02/16/2026 2:07:02 PM,8M5CL,D1D,2,6382282
D511307,61,A1HK3061SLD1,0,0,0,0,0,0,0,1.945687548,5.3664431468,0,0,0,0,0,0,5.2297873088,1.5282313686,3.7454135372,0,16.628586964,D5113070,PNCB,09/06/2025 8:41:14 AM,BPD450,8M5CL,8M5CL,02/16/2026 2:06:48 PM,8M5CL,D1D,3,6382376
D511307,65,A1HK3065SLF3,0,0,0,0,0,0,0.7409498327,1.9682840984,0,0,0,0,0,0,0,0,0,4.357369556,0,7.0666034872,D5113070,PNCB,09/06/2025 8:41:14 AM,BPD450,8M5CL,8M5CL,02/16/2026 2:07:18 PM,8M5CL,D1D,4,6382199
D511307,68,A1HK3068SLD3,0,0,0,0,0,0,0.4577361925,1.7491302696,0,0,0,0,0,0,0,0.7002046214,0,0.7310178748,0,3.6380889583,D5113070,PNCB,09/06/2025 8:41:14 AM,BPD450,8M5CL,8M5CL,02/16/2026 2:06:57 PM,8M5CL,D1D,5,6382274
D511307,71,A1HK3071SLA2,0,0,0,0,0,0,0.2810314863,0.7465422542,1.6800678594,0,0,0,0,0,0,4.7921723012,0,0,0,7.2340807802,D5113070,PNCB,09/06/2025 8:41:14 AM,BPD450,8M5CL,8M5CL,02/16/2026 2:07:11 PM,8M5CL,D1D,6,6382299
D511307,154,A1HK4154SLD4,0.6913707804,0,0,0,0,0,0,0,1.5565984369,0,0,0,0,0,0,0,0,1.9380537642,0,4.1860251064,D5113070,PNCB,09/06/2025 8:41:14 AM,BPD450,8M5CL,8M5CL,02/16/2026 2:06:50 PM,8M5CL,D1D,7,6382377
D511307,167,A1HK4167SLG0,0,0,0,0,0,0,0.714314668,1.1336884936,1.29227099,0,0,0,0,0,0,1.5850544802,0,2.2667177964,0,6.9920464282,D5113070,PNCB,09/06/2025 8:41:14 AM,BPD450,8M5CL,8M5CL,02/16/2026 2:06:46 PM,8M5CL,D1D,8,6382313
D511307,347,A1HK3347SLC2,0,0,0,0,0,0,0.098024683,3.2635963555,0,0,0,0,0,0,0,2.0143097487,0,6.7720971116,0,12.148027899,D5113070,PNCB,09/06/2025 8:41:14 AM,BPD450,8M5CL,8M5CL,02/16/2026 2:07:06 PM,8M5CL,D1D,9,6382221
D511307,349,A1HK3349SLD3,0,0,0,0,0,0,0,1.4290188578,3.4529146976,0,0,0,0,0,0,2.3171566013,0,3.7885027917,0,10.987590808,D5113070,PNCB,09/06/2025 8:41:14 AM,BPD450,8M5CL,8M5CL,02/16/2026 2:06:54 PM,8M5CL,D1D,10,6382260
D511307,350,A1HK3350SLG4,0,0,0,0.397597222,0,0,0.2146302481,0.73123038,0,0,0,0,0,0,0,2.5752293444,0,4.6377134011,0,8.5564005956,D5113070,PNCB,09/06/2025 8:41:14 AM,BPD450,8M5CL,8M5CL,02/16/2026 2:07:15 PM,8M5CL,D1D,11,6382337
D513855,659,MC4UH659WAG2,0,0,0,0,0,0,0.5706522468,28.139975247,0,0,0,0,0,6.0571679255,0,0,0,0,0,29.171971917,D5138550,PXMG,09/06/2025 12:29:09 AM,BPD454,8M5CL,8M5CL,02/16/2026 3:04:25 PM,8M5CL,D1D,1,6463447
D513855,660,MC4UH660WAC0,0,0,0,0,0,0,1.4021940501,2.623971542,0,0,0,0,0,1.1914701844,0,0,0,1.9663352971,0,7.1839688744,D5138550,PXMG,09/06/2025 12:29:09 AM,BPD454,8M5CL,8M5CL,02/16/2026 3:04:30 PM,8M5CL,D1D,2,6463452
D511307,51,A1HK3051SLG0,0,0,0,0,0,0,0,2.5481088414,2.0385350142,0,0,0,0,0,0,0,2.1826987797,2.5226786262,0,8.5555701927,D511307A,PNCB,09/04/2025 8:22:57 AM,BPD442,8M5CL,8M5CL,02/16/2026 12:17:27 PM,8M5CL,D1D,1,7276692
D511307,59,A1HK3059SLD1,0,0,0,0,0,0,0,0,4.2624995723,0,0,0,0,0,0,0,0,3.9750495357,0,8.237549108,D511307A,PNCB,09/04/2025 8:22:57 AM,BPD442,8M5CL,8M5CL,02/16/2026 12:17:48 PM,8M5CL,D1D,2,7276153
D511307,62,A1HK3062SLA0,0,0,0,0,0,0,0,1.8674935388,0,0,0,0,0,0,0,1.0223624987,0.9263101501,3.113413629,0,6.9295798167,D511307A,PNCB,09/04/2025 8:22:57 AM,BPD442,8M5CL,8M5CL,02/16/2026 12:17:37 PM,8M5CL,D1D,3,7276617
D511307,63,A1HK3063SLE2,0,0,0,0,0,0,0,0,1.968326903,0,0,0,0,1.4640201824,0,2.5051437202,2.0852005933,0,0,8.0226892588,D511307A,PNCB,09/04/2025 8:22:57 AM,BPD442,8M5CL,8M5CL,02/16/2026 12:17:34 PM,8M5CL,D1D,4,7276338
D511307,64,A1HK3064SLB1,0,0,0,0,0,0,0.2011106675,1.2413916044,0,0,0,0,0,0,0,3.7116858829,0,4.7071834748,0,9.8613737547,D511307A,PNCB,09/04/2025 8:22:57 AM,BPD442,8M5CL,8M5CL,02/16/2026 12:30:16 PM,8M5CL,D1D,5,7276239
D511307,66,A1HK3066SLC2,0,0,0,0,0,0,0.205382022,1.2677613742,3.9287386903,0,0,0,0,0,0,0,0,0,0,5.4018820865,D511307A,PNCB,09/04/2025 8:22:57 AM,BPD442,8M5CL,8M5CL,02/16/2026 12:29:44 PM,8M5CL,D1D,6,7276241
D511307,67,A1HK3067SLG4,0,0,0,0,0,0,0,2.4349591516,0,2.5191857705,0,0,0,0,0,0,0,4.7541361302,0,9.7082810523,D511307A,PNCB,09/04/2025 8:22:57 AM,BPD442,8M5CL,8M5CL,02/16/2026 12:29:42 PM,8M5CL,D1D,7,7292804
D511307,69,A1HK3069SLA2,0,0,0,0,0,0,0,0,0,0,0,0,0,0,0,0,0,1.8511792632,0,1.8511792632,D511307A,PNCB,09/04/2025 8:22:57 AM,BPD442,8M5CL,8M5CL,02/16/2026 12:30:09 PM,8M5CL,D1D,8,7292802
D511307,153,A1HK4153SLG5,0,0,0,0,0,0,0.0787604711,0,1.8846867071,0,0,0,0,0,0,3.3246335803,0,2.3354191856,0,7.6234999441,D511307A,PNCB,09/04/2025 8:22:57 AM,BPD442,8M5CL,8M5CL,02/16/2026 12:29:53 PM,8M5CL,D1D,9,7292782
D511307,157,A1HK4157SLB4,0,0,0,0,0,0,0.2903735911,1.7882629163,2.4846745587,0,0,0,0,0,0,1.8002375042,0,2.7695777214,0,9.1331262916,D511307A,PNCB,09/04/2025 8:22:57 AM,BPD442,8M5CL,8M5CL,02/16/2026 12:29:56 PM,8M5CL,D1D,10,7292812
D511307,159,A1HK4159SLC5,0,0,0,0,0,0,0,0,0,0,0,0,0,0,0,0,0,4.2440058432,0,4.2440058432,D511307A,PNCB,09/04/2025 8:22:57 AM,BPD442,8M5CL,8M5CL,02/16/2026 12:30:05 PM,8M5CL,D1D,11,7292718
D511307,162,A1HK4162SLG7,0,0,0,0,0,0,0.0782019122,0,0,0,0,0,0,0,0,1.6505278586,1.4881738887,1.4620357496,0,4.6789394091,D511307A,PNCB,09/04/2025 8:22:57 AM,BPD442,8M5CL,8M5CL,02/16/2026 12:29:43 PM,8M5CL,D1D,12,7292786
D512959,178,MC4EP178WAH2,0.8039034763,0,0,0,0,0,4.2865696026,12.410137584,5.384678941,0,0,0,0,0,0,14.144216554,1.3682998317,7.9530280738,1.0418425607,46.242841876,D5129590,PXMG,09/05/2025 7:26:56 PM,BPD444,8M5CL,8M5CL,02/17/2026 11:54:46 AM,8M5CL,D1D,1,6435979
D512959,190,MC4EP190WAE3,0,0,0,0,0,0,1.3643104655,0.993349989,4.2851357179,0,0,0,0,0,0,7.5324952137,0,1.3843210736,0,15.55961246,D5129590,PXMG,09/05/2025 7:26:56 PM,BPD444,8M5CL,8M5CL,02/17/2026 11:54:51 AM,8M5CL,D1D,2,6436126
D511991,262,KHNCP262WFF7,0,0,0,0,0,0,0.4874196209,1.10442107,0,0,0,0,0,0,0,0,0,0,0,1.5918406909,D5119910,PXMG,09/04/2025 9:10:38 PM,BPD434,8M5CL,8M5CL,02/16/2026 2:38:38 PM,8M5CL,D1D,1,6400562
D511991,275,KHNCP275WFB0,0,0,0,0,0,0,0,0,0.6369855395,0,0,0,0,0,0,2.6726523871,0,1.5832572395,0,4.8928951661,D5119910,PXMG,09/04/2025 9:10:38 PM,BPD434,8M5CL,8M5CL,02/16/2026 2:38:37 PM,8M5CL,D1D,2,6400422
D514101,297,KHP1Y297WFB1,1.1084252165,0,0,0,0,0,0,1.025170262,1.1358201629,0,0,0,0,0,0,1.0296647454,0,15.802389623,0,20.10147001,D5141010,PNCB,09/03/2025 3:25:49 AM,BPD436,8M5CL,8M5CL,02/16/2026 2:55:02 PM,8M5CL,D1D,1,6487835
D514101,473,KHNPA473WFC0,0,0,0,0,0,0,0.2363006753,0,1.2416352838,0,0,0,0,0,0,0.7709044945,1.5125627434,5.253610211,0,9.0150112678,D5141010,PNCB,09/03/2025 3:25:49 AM,BPD436,8M5CL,8M5CL,02/16/2026 2:55:04 PM,8M5CL,D1D,2,6487736
D514101,506,KHNPA506WFE4,0,0,0,0,0,0,0.2592712147,0,1.5499831501,0,0,0,0,0,0,2.757410049,0,13.436688678,0,18.003355217,D5141010,PNCB,09/03/2025 3:25:49 AM,BPD436,8M5CL,8M5CL,02/16/2026 2:55:10 PM,8M5CL,D1D,3,6487829
D514101,520,KHNPA520WFC6,0,0,0,0,0,0,0.2146302481,0,3.7337162966,0,0,0,0,0,0,0,0,0,0,3.9483465447,D5141010,PNCB,09/03/2025 3:25:49 AM,BPD436,8M5CL,8M5CL,02/16/2026 2:55:05 PM,8M5CL,D1D,4,6487728
D510958,25,MC24Y025WAC5,0,0,0,0,0,0,0.5364829413,3.3063581547,0,0,0,0,0,1.5524159698,0,0,0.5658768628,3.5673421048,1.2091637114,10.737639745,D5109580,PNCB,09/03/2025 9:22:13 PM,BPD442,8M5CL,8M5CL,02/16/2026 1:59:43 PM,8M5CL,D1D,1,6357227
D510958,39,MC1RH039WAC5,0,0,0,0,0,0,0,0,1.8846867071,0,0,0,0,0,0,3.1548598203,0,3.0496140006,0,8.0891605281,D5109580,PNCB,09/03/2025 9:22:13 PM,BPD442,8M5CL,8M5CL,02/16/2026 1:59:33 PM,8M5CL,D1D,2,6357188
D510958,44,MC1RH044WAA5,0,0,0,0,0,0,0,0,1.7142071657,0,0,0,0,0,0,2.040574771,0,2.3155416195,0,6.0703256812,D5109580,PNCB,09/03/2025 9:22:13 PM,BPD442,8M5CL,8M5CL,02/16/2026 1:59:38 PM,8M5CL,D1D,3,6357209
D511299,75,MC1CG075WAC4,0,0,0,0,0,0,1.4165905411,3.3591490726,6.0472439502,0,0,0,0,0,0,2.982153945,0,5.5762905769,0,19.381425946,D5112990D,PNCB,09/16/2025 2:07:03 AM,BPD444,8M5CL,8M5CL,02/16/2026 1:53:20 PM,8M5CL,D1D,1,7345129
D511299,77,MC3LH077WAF2,0,0,0,0,0,0,0,1.1412905913,1.080035063,0,0,0,0,0,0,0,0,2.63809696,0,4.8594226143,D5112990D,PNCB,09/16/2025 2:07:03 AM,BPD444,8M5CL,8M5CL,02/16/2026 1:53:21 PM,8M5CL,D1D,2,7345059
D511299,114,MC1CG114WAH2,0,0,0,0,0,0,0,0,0,0,0,0,0,0,0,1.4658013417,0,5.5119172771,0,6.9777186188,D5112990D,PNCB,09/16/2025 2:07:03 AM,BPD444,8M5CL,8M5CL,02/16/2026 1:53:32 PM,8M5CL,D1D,3,7344939
D511299,155,MC3LH155WAB5,0,0,0,0,0,0,0.7017707788,0,0,0,0,0,0,0,0,0,0.9329263407,2.95030946,0,4.5850065795,D5112990D,PNCB,09/16/2025 2:07:03 AM,BPD444,8M5CL,8M5CL,02/16/2026 1:52:39 PM,8M5CL,D1D,4,7345057
D511299,184,MC3LH184WAD4,1.2606488253,0,0,0.4554305112,0,0,1.348521849,1.1659586349,2.0877743001,0,0,0,0,0,0,3.4241238515,0,5.8013599795,0,15.292345678,D5112990D,PNCB,09/16/2025 2:07:03 AM,BPD444,8M5CL,8M5CL,02/16/2026 1:52:46 PM,8M5CL,D1D,5,7344987
D511299,193,MC1CG193WAC1,0,0,0,0,0,0,0.1073582269,2.1801219426,1.7614843561,0,0,0,0,0,6.643905884,6.4225054913,0.5658768628,0,0.9682615412,18.389078254,D5112990D,PNCB,09/16/2025 2:07:03 AM,BPD444,8M5CL,8M5CL,02/16/2026 1:53:08 PM,8M5CL,D1D,6,7345025
D511299,323,MC1CG323WAF6,0,0,0,0,0,0,0.2050340524,0,2.0955571672,0,0,0,0,0,0,3.3246335803,0,0,0,5.6252248,D5112990D,PNCB,09/16/2025 2:07:03 AM,BPD444,8M5CL,8M5CL,02/16/2026 1:53:13 PM,8M5CL,D1D,7,7345149
D511299,324,MC1CG324WAC5,0,0,0,0,0,0,0.2146302481,0,0,0,0,0,0,0,0,0,0,1.5255748033,0,1.7402050514,D5112990D,PNCB,09/16/2025 2:07:03 AM,BPD444,8M5CL,8M5CL,02/16/2026 1:52:48 PM,8M5CL,D1D,8,7344975
D511299,667,MC23B667WAE7,0.5481129522,0,0,0,0,0,0,0,1.1358201629,0,0,0,0,0,0,4.9430756515,0,0.7362391861,0,7.3632479527,D5112990D,PNCB,09/16/2025 2:07:03 AM,BPD444,8M5CL,8M5CL,02/16/2026 1:53:15 PM,8M5CL,D1D,9,7345167
D511299,668,MC23B668WAB6,0,0,0,0,0,0,0.4063099351,1.0178998896,0,0,0,0,0,0,0,0.7002046214,0,3.9702345799,0,6.094649026,D5112990D,PNCB,09/16/2025 2:07:03 AM,BPD444,8M5CL,8M5CL,02/16/2026 1:52:44 PM,8M5CL,D1D,10,7345051
D511299,726,MC23B726WAD7,0,0,0,0,0,0,0.1330898793,6.3681899646,0,0,0,0,0,0,0,3.9265095108,0,7.0910051388,0,16.948643052,D5112990D,PNCB,09/16/2025 2:07:03 AM,BPD444,8M5CL,8M5CL,02/16/2026 1:53:28 PM,8M5CL,D1D,11,7345082
D511299,750,MC23B750WAG5,0,0,0,0,0,0,0,0,0,0,0,0,0,0,0,0,0,0,0,0,D5112990D,PNCB,09/16/2025 2:07:03 AM,BPD444,8M5CL,8M5CL,02/16/2026 1:52:33 PM,8M5CL,D1D,12,7344977
D511299,10,MC1CG010WAF7,0,0,0,0,0,0,0,1.8592525873,0,0,0,0,0,0,0,1.2947537842,0,6.9600743123,0,9.5439313676,D5112990,PNCB,09/14/2025 7:56:02 PM,BPD432,8M5CL,8M5CL,02/16/2026 1:57:15 PM,8M5CL,D1D,1,6379530
D511299,30,MC1CG030WAA1,0,0,0,0,0,0,0.5250089625,3.8820831745,0,0,0,0,0,0,0,5.4385349827,0,1.942014861,0,11.116484695,D5112990,PNCB,09/14/2025 7:56:02 PM,BPD432,8M5CL,8M5CL,02/16/2026 1:56:44 PM,8M5CL,D1D,2,6379456
D511299,49,MC1CG049WAG0,0,0,0,0.6208593764,0,0,0,0,2.7082087609,0,0,0,0,0,0,2.5093235898,0,1.7437846524,1.1013560361,8.6835345559,D5112990,PNCB,09/14/2025 7:56:02 PM,BPD432,8M5CL,8M5CL,02/16/2026 1:57:24 PM,8M5CL,D1D,3,6379401
D511299,67,MC3LH067WAA6,0,0,0,0,0,0,0.297838714,0,0,0,0,0,0,0,0,5.5524976378,1.9064678298,3.2178467949,0,10.974653117,D5112990,PNCB,09/14/2025 7:56:02 PM,BPD432,8M5CL,8M5CL,02/16/2026 1:56:42 PM,8M5CL,D1D,4,6379418
D511299,157,MC1CG157WAB1,0,0,0,0.8186294875,0,0,0.4323264988,0.5742237605,0.5924157172,0,0,0,0,0,0,0,1.3836588192,0,0,3.8012542832,D5112990,PNCB,09/14/2025 7:56:02 PM,BPD432,8M5CL,8M5CL,02/16/2026 1:56:53 PM,8M5CL,D1D,5,6379529
D511299,167,MC1CG167WAF5,0,0,0,0,0,0,0.3066607428,1.8929180324,0,0,0,0,0,0,0,0,0,0,0,2.1995787753,D5112990,PNCB,09/14/2025 7:56:02 PM,BPD432,8M5CL,8M5CL,02/16/2026 1:57:25 PM,8M5CL,D1D,6,6379480
D511299,237,MC1CG237WAG0,0,0,0,0,0,0,0.2679482591,1.653957051,0.955773298,0,0,0,0,0,0,1.6612081509,0,0,0,4.5388846189,D5112990,PNCB,09/14/2025 7:56:02 PM,BPD432,8M5CL,8M5CL,02/16/2026 1:57:21 PM,8M5CL,D1D,7,6379427
D511299,250,MC1CG250WAA0,0,0,0,0,0,0,0.3915344488,0,0.6310150545,0,0,0,0,0,0,1.7706294203,0,0,0,2.7931789236,D5112990,PNCB,09/14/2025 7:56:02 PM,BPD432,8M5CL,8M5CL,02/16/2026 1:57:22 PM,8M5CL,D1D,8,6379532
D511299,373,MC22P373WAE5,0,0,0,0,0,0,0,0,1.7673528673,0,0,0,0,0,0,2.6481068166,0,1.8306630166,0,6.2461227005,D5112990,PNCB,09/14/2025 7:56:02 PM,BPD432,8M5CL,8M5CL,02/16/2026 1:56:25 PM,8M5CL,D1D,9,6379445
D511299,605,MC22P605WAB1,0,0,0,0,0,0,0.8551803388,1.7616234711,0,0,0,0,0,0,0,0,1.9495185601,1.5385044736,0,6.1048268435,D5112990,PNCB,09/14/2025 7:56:02 PM,BPD432,8M5CL,8M5CL,02/16/2026 1:56:50 PM,8M5CL,D1D,10,6379504
D511299,695,MC23B695WAC4,0,0,0,0,0,0,0,0,4.119500092,0,0,0,0,0,0,0,1.8648510537,1.6326531997,0,7.6170043454,D5112990,PNCB,09/14/2025 7:56:02 PM,BPD432,8M5CL,8M5CL,02/16/2026 1:57:23 PM,8M5CL,D1D,11,6379360
D511299,713,MC23B713WAB3,0,0,0,0,0,0,0,3.5270929358,0,0,0,0,0,0,0,0,0,3.0532267092,0,6.5803217852,D5112990,PNCB,09/14/2025 7:56:02 PM,BPD432,8M5CL,8M5CL,02/16/2026 1:56:57 PM,8M5CL,D1D,12,6379476
D511944,178,GG8QQ178JKD0,1.1005644109,0,0,0.397597222,0,0,1.5226698572,0,0,0,0,0,0,0,0,0.7002046214,0,0.7310178748,0.4400982613,4.5295163805,D5119440,PNCB,09/27/2025 4:46:58 PM,BPD444,8M5CL,8M5CL,02/16/2026 2:37:44 PM,8M5CL,D1D,1,6407119
D511944,179,GG8QQ179JKH2,0,0,0,0,0,0,0,27.753867071,0,0,0,0,0,21.64603024,0,0,0,0,0,41.018135839,D5119440,PNCB,09/27/2025 4:46:58 PM,BPD444,8M5CL,8M5CL,02/16/2026 2:37:51 PM,8M5CL,D1D,2,6407104
D511944,180,GG8QQ180JKD0,0,0,0,0,0,0,0,2.9241607514,0,0,0,0,0,0,0,1.8825282815,0,2.9261157992,0,7.7328048321,D5119440,PNCB,09/27/2025 4:46:58 PM,BPD444,8M5CL,8M5CL,02/16/2026 2:37:52 PM,8M5CL,D1D,3,6407159
D511984,361,MC4RF361WAG4,0,0,0,0,0,0,0.2240914662,2.4604887993,0.5633348839,0,0,0,0,0,0,0,0,0.8295821704,0,4.0774973198,D5119840,PXMG,09/27/2025 10:37:39 PM,BPD432,8M5CL,8M5CL,02/16/2026 2:38:22 PM,8M5CL,D1D,1,6387761
D511984,392,MC4CA392WAG7,0,0,0,0,0,0,1.3149997878,4.535997358,0,0,0,0,0,0,0,0,0,6.935548357,0,12.786545503,D5119840,PXMG,09/27/2025 10:37:39 PM,BPD432,8M5CL,8M5CL,02/16/2026 2:38:29 PM,8M5CL,D1D,2,6387843
D511984,453,MC4CA453WAH0,0,0,0,0,0,0,0.9384884043,0,0,0,0,0,0,0,0,0,0,8.4050518724,0,9.3435402767,D5119840,PXMG,09/27/2025 10:37:39 PM,BPD432,8M5CL,8M5CL,02/16/2026 2:38:35 PM,8M5CL,D1D,3,6387779
D511944,185,GG8QQ185JKC1,0,0,0,0,0,0,0.6033993785,6.1089082624,0,0,0,0,0,0,0,1.4371046475,0.7897963064,6.3579005028,0.9914252526,16.28853221,D511944A,PNCB,09/22/2025 3:54:42 AM,BPD446,8M5CL,8M5CL,02/16/2026 12:30:35 PM,8M5CL,D1D,1,6707668
D511944,186,GG8QQ186JKG3,0,0,0,0,0,0,0,1.2158867308,1.5326767269,0,0,0,0,0,0,2.0576155627,0,1.333922742,0,6.1401017624,D511944A,PNCB,09/22/2025 3:54:42 AM,BPD446,8M5CL,8M5CL,02/16/2026 12:30:22 PM,8M5CL,D1D,2,6707494
D511944,222,GG8QQ222JKF6,0,0,0,0,0,0,0,0,0,0,0,0,0,0,0,0.7002046214,0,0,0,0.7002046214,D511944A,PNCB,09/22/2025 3:54:42 AM,BPD446,8M5CL,8M5CL,02/16/2026 12:30:27 PM,8M5CL,D1D,3,6707742
D511944,223,GG8QQ223JKC5,0,0,0,0,0,0,0,41.018135839,0,0,0,0,0,0,0,0,0,0,0,41.018135839,D511944A,PNCB,09/22/2025 3:54:42 AM,BPD446,8M5CL,8M5CL,02/16/2026 12:30:49 PM,8M5CL,D1D,4,6707562
D510964,53,A1JDL053SLG5,4.7799473063,0,0,0,0,0,0.1800597063,0.6225522985,1.4010353481,0,0,0,0,0,0,0,0,3.2487988039,0.8116630383,11.044056501,D5109640,PNCB,09/27/2025 6:44:58 AM,BPD450,8M5CL,8M5CL,02/16/2026 2:07:04 PM,8M5CL,D1D,1,6356012
D510964,63,A1JDL063SLD6,0,0,0,0,0,0,0,2.0104937183,3.2536464253,0,0,0,0,0,0,4.2766764571,0.7123756194,0,0,9.8230594573,D5109640,PNCB,09/27/2025 6:44:58 AM,BPD450,8M5CL,8M5CL,02/16/2026 2:06:56 PM,8M5CL,D1D,2,6356046
D510964,64,A1JDL064SLA5,6.8698616064,0,0,0,0,0,0.278343556,0,0,0,0,0,0,0,0,0.9573507841,1.8783823051,0,0.9643230796,10.617205861,D5109640,PNCB,09/27/2025 6:44:58 AM,BPD450,8M5CL,8M5CL,02/16/2026 2:06:49 PM,8M5CL,D1D,3,6355995
D512EGN,332,GG5YN332JKE4,0,0,0,0,0,0,0,0,0,0,0,0,0,0,0,0,0,3.4209998945,0,3.4209998945,D512EGN0,X78D,10/09/2025 7:48:19 PM,BPD444,8M5CL,8M5CL,01/15/2026 5:15:09 PM,8M5CL,D1D,1,6438034
D512EGN,333,GG5YN333JKB3,0.8702687205,0,0,0,0,0,0,5.8797698377,0,0,0,0,0,0,0,1.8330630969,0,4.4844066992,0,13.067510332,D512EGN0,X78D,10/09/2025 7:48:19 PM,BPD444,8M5CL,8M5CL,01/15/2026 5:15:04 PM,8M5CL,D1D,2,6438082
D512EGN,334,GG5YN334JKF5,0,0,0,0,0,0,0,2.1970131052,0,0,0,0,0,0,0,0,1.4380781299,6.2894967567,0,9.9245860141,D512EGN0,X78D,10/09/2025 7:48:19 PM,BPD444,8M5CL,8M5CL,01/15/2026 5:15:14 PM,8M5CL,D1D,3,6438071
D512EGN,335,GG5YN335JKC4,0,0,0,0,0,0,0,0,0,0,0,0,0,0,0,0,0,0.6590473177,0,0.6590473177,D512EGN0,X78D,10/09/2025 7:48:19 PM,BPD444,8M5CL,8M5CL,01/15/2026 5:15:04 PM,8M5CL,D1D,4,6438081
D513858,86,GH0QF086JKD1,0,0,0,0,0,0,0.2292170192,1.1460872951,5.362330573,0,0,0,0,0,0,2.6467685487,0,4.3285767052,0,13.712980141,D5138580,PXMG,10/09/2025 8:11:54 PM,BPD444,8M5CL,8M5CL,02/17/2026 1:09:22 PM,8M5CL,D1D,1,6463823
D513858,110,GH0QF110JKE2,0,0,0,0,0,0,0.4593071246,0.8030875695,0,0,0,0,0,0,0,1.8127227056,0,0,0,3.0751152005,D5138580,PXMG,10/09/2025 8:11:54 PM,BPD444,8M5CL,8M5CL,02/17/2026 1:09:23 PM,8M5CL,D1D,2,6463730
D513986,551,GH2YF551JKG4,2.2168504329,0,0,0,0,0,0,3.3554165112,0,0,0,0,0,0,0,0,0,4.6708383711,0.7103424007,10.953447716,D5139860,PNCB,11/14/2025 11:46:35 PM,BPD446,8M5CL,8M5CL,02/16/2026 3:03:07 PM,8M5CL,D1D,1,6470180
D513986,553,GH2YF553JKA2,0,0,0,0,0,0,0,49.400611468,0,0,0,0,0,0,0,0,0,0,0,49.400611468,D5139860,PNCB,11/14/2025 11:46:35 PM,BPD446,8M5CL,8M5CL,02/16/2026 3:03:14 PM,8M5CL,D1D,2,6470266
D513ENQ,727,MC4UH727WAF4,0,0,0,0,0,0,0.1828426235,0,0,0,0,0,0,0,0,3.7503845926,0.6545172325,4.3292646274,0,8.9170110533,D513ENQ0,X78D,10/28/2025 9:48:23 PM,BPD442,8M5CL,8M5CL,01/17/2026 12:40:35 AM,8M5CL,D1D,1,6481724
D513ENQ,750,MC4UH750WAE0,0,0,0,0,0,0,0,0,0.7196630102,0,0,0,0,0,0,2.4918257568,1.6216643814,0,0,4.8331531484,D513ENQ0,X78D,10/28/2025 9:48:23 PM,BPD442,8M5CL,8M5CL,01/16/2026 4:24:35 PM,8M5CL,D1D,2,6481730
D513ENQ,851,MC4UH851WAA0,0,0,0,0,0,0,0,0,0,0,0,0,0,0,0,1.2457240029,0,2.31184031,0,3.1423645028,D513ENQ0,X78D,10/28/2025 9:48:23 PM,BPD442,8M5CL,8M5CL,01/17/2026 5:19:47 AM,8M5CL,D1D,3,6481702
D513ENQ,869,MC4UH869WAB5,0,0,0,0,0,0,0,0.9364680759,0,0,0,0,0,0,0,0,0,0,0,0.9364680759,D513ENQ0,X78D,10/28/2025 9:48:23 PM,BPD442,8M5CL,8M5CL,01/17/2026 1:26:21 AM,8M5CL,D1D,4,6481673
D510E76,14,A1JC9014SLE7,0,0,0,0,0,0,0,0,0.8321906972,0,0,0,0,0,0,0,0,6.5219544352,0,7.3541451324,D510E760,X78D,10/26/2025 2:14:27 AM,BPD448,8M5CL,8M5CL,01/15/2026 4:59:40 PM,8M5CL,D1D,1,6363890
D510E76,15,A1JC9015SLB6,0,0,0,0,0,0,0,0,0,0,0,0,0,0,0,1.2457240029,0,1.5820694837,0,2.8277934866,D510E760,X78D,10/26/2025 2:14:27 AM,BPD448,8M5CL,8M5CL,01/15/2026 4:59:38 PM,8M5CL,D1D,2,6363859
D510E76,276,A1HZE276SLF1,0.6536098513,0,0,0,0,0,0.3761470309,1.3974040186,0,0,0,0,0,0,0,0,0,1.8893497521,0,4.3165086752,D510E760,X78D,10/26/2025 2:14:27 AM,BPD448,8M5CL,8M5CL,01/15/2026 4:59:52 PM,8M5CL,D1D,3,6363900
D510E76,281,A1HZE281SLD1,0,0,0,0,0,0,0.7357068001,1.1995630079,1.3332707176,0,0,0,0,0,0,0,0,0.6590473177,0,3.9275898207,D510E760,X78D,10/26/2025 2:14:27 AM,BPD448,8M5CL,8M5CL,01/15/2026 4:59:46 PM,8M5CL,D1D,4,6363918
D511EAM,682,MC4EK682WAC1,0,0,0,0,0,0,0,1.5902416675,1.0721376964,0,0,0,0,0,0,0,0,1.1191461871,0,3.7815255511,D511EAM0,X78D,11/05/2025 7:06:01 AM,BPD448,8M5CL,8M5CL,01/16/2026 10:22:26 AM,8M5CL,D1D,1,6404862
D511EAM,699,MC4EK699WAG7,0,0,0,0,0,0,0,3.9546793744,0,0,0,0,0,0,0,0,0,0,0,3.9546793744,D511EAM0,X78D,11/05/2025 7:06:01 AM,BPD448,8M5CL,8M5CL,01/16/2026 10:22:22 AM,8M5CL,D1D,2,6404908
D510979,71,A15DX071SLB6,1.2156143652,0,0,0,0,0,0.3576388858,1.6961238663,1.29227099,0,0,0,0,0,0,3.4071223324,0,0,4.7531730266,12.721943466,D5109790,PNCB,12/18/2025 8:13:42 AM,BPD446,8M5CL,8M5CL,06/07/2026 7:42:24 PM,8M5CL,D1D,1,6361579
D510979,79,A0XYP079SLG2,0,0,0,0,0,0,0.3736841915,2.9821004392,1.8264724459,0,0,0,0,0,0,1.6623167902,1.4988032035,0,0,8.3433770703,D5109790,PNCB,12/18/2025 8:13:42 AM,BPD446,8M5CL,8M5CL,03/07/2026 2:34:38 PM,8M5CL,D1D,2,6361593
D511302,629,GM9ZG629JKH0,0,0,0,0,0,0,0.2161632494,0,7.704081751,2.1982411314,0,0,0,0,0,2.7928784075,0,20.014088691,0,31.239863577,D511302A,PNCB,01/26/2026 1:12:23 PM,BPD444,8M5CL,8M5CL,02/16/2026 12:17:14 PM,8M5CL,D1D,1,7824156
D511302,630,GM9ZG630JKC6,0,0,0,0,0,0,0.8479998602,0,3.1559656695,0,0,0,0,0,0,11.285915088,1.3745154846,21.375521548,0,35.914015667,D511302A,PNCB,01/26/2026 1:12:23 PM,BPD444,8M5CL,8M5CL,02/16/2026 12:18:14 PM,8M5CL,D1D,2,7823270
D511302,631,GM9ZG631JKH0,2.1326880208,0,0,0,0,0,0.8167225424,2.3696821307,5.8166041837,0,0,0,0,0,0,16.474107289,0,10.560726177,0.5128655011,37.183790055,D511302A,PNCB,01/26/2026 1:12:23 PM,BPD444,8M5CL,8M5CL,02/16/2026 12:17:18 PM,8M5CL,D1D,3,7823491
D511302,632,GM9ZG632JKD7,1.2720433539,0,0,0,0,0,0.4696173581,1.9814855762,3.3995646259,0,0,0,0,0,0,18.068989572,0,7.6042583139,0,31.257130047,D511302A,PNCB,01/26/2026 1:12:23 PM,BPD444,8M5CL,8M5CL,02/16/2026 12:18:26 PM,8M5CL,D1D,4,7823594
D511302,633,GM9ZG633JKA6,2.0439883208,0,0,0,0,0,0.7383708553,0,2.2650248743,0,0,0,0,0,0,11.652708005,0,8.0084224843,2.6294568507,26.400139642,D511302A,PNCB,01/26/2026 1:12:23 PM,BPD444,8M5CL,8M5CL,02/16/2026 12:18:10 PM,8M5CL,D1D,5,7824079
D511302,634,GM9ZG634JKF0,0,0,0,0,0,0,0.2225014406,1.0414072144,5.7693758224,0,0,0,0,0,0,18.599882803,1.3738460932,6.323425745,0,33.196093334,D511302A,PNCB,01/26/2026 1:12:23 PM,BPD444,8M5CL,8M5CL,02/16/2026 12:17:09 PM,8M5CL,D1D,6,7823677
D511302,635,GM9ZG635JKB7,0,0,0,0,0,0,0,1.0837783256,3.7061146304,0,0,0,0,0,0,4.7812635479,1.4627617271,0.778328953,0.7103424007,12.522587444,D511302A,PNCB,01/26/2026 1:12:23 PM,BPD444,8M5CL,8M5CL,02/16/2026 12:18:04 PM,8M5CL,D1D,7,7823773
D511302,636,GM9ZG636JKG1,0,0,0,0,0,0,0.5444383126,0,1.2935191291,0,0,0,0,0,0,0,0,5.8179672606,0,7.6559247022,D511302A,PNCB,01/26/2026 1:12:23 PM,BPD444,8M5CL,8M5CL,02/16/2026 12:16:16 PM,8M5CL,D1D,8,7823108
D511302,641,GM9ZG641JKE1,0,0,0,0,0,0,0.5017684076,1.9053420687,8.2060042552,0,0,0,0,0,0,19.96907965,0,38.937809289,0,67.323609558,D511302A,PNCB,01/26/2026 1:12:23 PM,BPD444,8M5CL,8M5CL,02/16/2026 12:18:38 PM,8M5CL,D1D,9,7823188
D511302,642,GM9ZG642JKB0,0,0,0,0,0,0,0.0804587174,0,3.8506579061,0,0,0,0,0,0,2.4292892758,0.6842731068,15.375634964,0,22.42031397,D511302A,PNCB,01/26/2026 1:12:23 PM,BPD444,8M5CL,8M5CL,02/16/2026 12:16:45 PM,8M5CL,D1D,10,7824764
D511302,643,GM9ZG643JKF2,1.5302924103,0,3.6379911034,0,0,0,0.7416561087,0,1.7841108697,2.9252559253,0,0,0,0,0,4.3635141569,0,2.2078293627,0.9806984188,17.109160672,D511302A,PNCB,01/26/2026 1:12:23 PM,BPD444,8M5CL,8M5CL,02/16/2026 12:17:04 PM,8M5CL,D1D,11,7824422
D511302,644,GM9ZG644JKC1,0,0,0,0,0,0,0.2151275103,0,6.4268583992,0,0,0,0,0,1.0311708391,23.432165962,0,23.205767176,0,49.255676272,D511302A,PNCB,01/26/2026 1:12:23 PM,BPD444,8M5CL,8M5CL,02/16/2026 12:18:20 PM,8M5CL,D1D,12,7823928
D511303,561,GM9ZG561JKG5,0,0,0,0,0,0,0.2949237205,1.025170262,3.1279464257,0,0,0,0,0,0,0,0,7.3564227586,0,11.321282658,D511303A,PNCB,05/08/2026 9:15:18 AM,BPD442,8M5CL,8M5CL,05/10/2026 7:40:11 AM,8M5CL,D1D,1,8422572
D511303,652,GM9ZG652JKF4,0,0,0,0,0,0,0,0,0,0,0,0,0,0,0,0,0,0.7310178748,0.4400982613,1.1711161361,D511303A,PNCB,05/08/2026 9:15:18 AM,BPD442,8M5CL,8M5CL,05/10/2026 7:40:21 AM,8M5CL,D1D,2,8422482
D511303,654,GM9ZG654JKG5,0,0,0,0,0,0,0.8631961068,0,1.2831063744,0,0,0,0,0,0,0,0,1.5878388257,0,3.734141307,D511303A,PNCB,05/08/2026 9:15:18 AM,BPD442,8M5CL,8M5CL,05/10/2026 7:41:14 AM,8M5CL,D1D,3,8422532
D511303,656,GM9ZG656JKA3,0,0,0,0,0,0,0,0,0.5395506931,0,0,0,0,0,0,0,0,2.3188567005,0,2.8584073936,D511303A,PNCB,05/08/2026 9:15:18 AM,BPD442,8M5CL,8M5CL,05/10/2026 7:41:27 AM,8M5CL,D1D,4,8422776
D511303,657,GM9ZG657JKE5,0,0,0,0,0,0,0.557315942,1.3215536194,1.1564541222,0,0,0,0,0,0,0,0,3.0930991977,1.3866594219,7.5150823032,D511303A,PNCB,05/08/2026 9:15:18 AM,BPD442,8M5CL,8M5CL,05/10/2026 7:39:59 AM,8M5CL,D1D,5,8422667
D511303,658,GM9ZG658JKB4,0,0,0,0,0,0,0.2928321603,1.0178998896,1.2831063744,0,0,0,0,0,0,0,0,1.9112717343,0,4.5051101587,D511303A,PNCB,05/08/2026 9:15:18 AM,BPD442,8M5CL,8M5CL,05/10/2026 7:40:15 AM,8M5CL,D1D,6,8422758
D511303,659,GM9ZG659JKF6,0,0,0,0,0,0,0,0,0,0,0,0,0,0,0,0.7052058483,0,0,1.0767540901,1.7819599384,D511303A,PNCB,05/08/2026 9:15:18 AM,BPD442,8M5CL,8M5CL,05/10/2026 7:40:03 AM,8M5CL,D1D,7,8422752
D511303,660,GM9ZG660JKB4,0,0,0,0,0,0,0.6723664407,0,0,0,0,0,0,0,0,2.6728903574,0,0.7945569285,0,4.1398137265,D511303A,PNCB,05/08/2026 9:15:18 AM,BPD442,8M5CL,8M5CL,05/10/2026 7:41:28 AM,8M5CL,D1D,8,8422552
D511303,661,GM9ZG661JKF6,0,0,0,0,0,0,0,0,0,0,0,0,0,0,0,0,0,6.7905030912,0,6.7905030912,D511303A,PNCB,05/08/2026 9:15:18 AM,BPD442,8M5CL,8M5CL,05/10/2026 7:41:19 AM,8M5CL,D1D,9,8422841
D511303,663,GM9ZG663JKG7,0,0,0,0,0,0,0.2003084241,0,1.488376002,0,0,0,0,0,0,0,0,9.1793937879,0,10.868076074,D511303A,PNCB,05/08/2026 9:15:18 AM,BPD442,8M5CL,8M5CL,05/10/2026 7:41:35 AM,8M5CL,D1D,10,8422795
D511303,665,GM9ZG665JKA5,0.602232953,0,0,0,0,0,1.9758134282,2.2502037802,3.3179346598,0,0,0,0,0,0,3.3064972697,0,0.8089342448,0.48700724,12.516258784,D511303A,PNCB,05/08/2026 9:15:18 AM,BPD442,8M5CL,8M5CL,05/10/2026 7:40:33 AM,8M5CL,D1D,11,8422562
D511303,666,GM9ZG666JKE7,0,0,0,0,0,0,0,0,0,0,0,0,0,0,0,0,0,0,0.4400982613,0.4400982613,D511303A,PNCB,05/08/2026 9:15:18 AM,BPD442,8M5CL,8M5CL,05/10/2026 7:41:40 AM,8M5CL,D1D,12,8422618
D524896,3,KHUHH003WFC5,0,0,0,0,0,0,0,0,0,0,0,0,0,0,0,9.2459338161,0.6513967169,2.4827082246,0.8176949385,12.78999908,D5248960,PYZB,09/28/2025 11:08:22 AM,BPD434,8M5CL,8M5CL,05/23/2026 12:04:31 PM,8M5CL,D1D,1,6864005
D524896,32,KHUHH032WFE4,0,0,0,0,0,0,0.2389794174,0,0,0,0,0,0,0,0,3.627052942,2.0857975902,14.510210781,0,20.462043021,D5248960,PYZB,09/28/2025 11:08:22 AM,BPD434,8M5CL,8M5CL,05/23/2026 12:56:55 PM,8M5CL,D1D,2,6864026
D524896,33,KHUHH033WFB3,0,0,0,0,0,0,0,0,2.765187364,0,0,0,0,0,0,2.5329995546,0,14.496604667,0,19.319179817,D5248960,PYZB,09/28/2025 11:08:22 AM,BPD434,8M5CL,8M5CL,05/23/2026 12:19:16 PM,8M5CL,D1D,3,6863842
D524896,34,KHUHH034WFF5,0,0,0,0,0,0,0.3035752567,2.2461628865,0,0,0,0,0,0,0,0,0,6.7186038574,0,9.2683420005,D5248960,PYZB,09/28/2025 11:08:22 AM,BPD434,8M5CL,8M5CL,05/23/2026 12:28:00 PM,8M5CL,D1D,4,6863869
D524896,45,KHUHH045WFH0,0,0,0,0,0,0,0,0,0,0,0,0,0,1.0998947198,0,0,1.0675670325,16.974424125,0,19.141885877,D5248960,PYZB,09/28/2025 11:08:22 AM,BPD434,8M5CL,8M5CL,05/23/2026 12:20:52 PM,8M5CL,D1D,5,6863876
D524896,56,KHUHH056WFB0,0,0,0,0,0,0,0.3895923678,0,0,0,0,0,0,0,0,0,3.0839303924,1.7109539569,0,5.1844767171,D5248960,PYZB,09/28/2025 11:08:22 AM,BPD434,8M5CL,8M5CL,05/23/2026 12:20:06 PM,8M5CL,D1D,6,6864021
D524163,17,KHT9M017WFB2,0,0,0,0,0,0,0.2785700985,1.3211412233,0.7634485632,0,0,0,0,1.1997834913,0,0,0,12.952801806,0,16.515747401,D5241630,PXMG,09/28/2025 6:25:25 PM,BPD458,8M5CL,8M5CL,02/15/2026 7:33:18 PM,8M5CL,D1D,1,6855591
D524163,57,KHT9M057WFE4,0,0,0,0,0,0,0,0,0,0,0,0,0,0,0,5.3687589414,0,17.098671429,0,21.227860659,D5241630,PXMG,09/28/2025 6:25:25 PM,BPD458,8M5CL,8M5CL,02/15/2026 7:30:35 PM,8M5CL,D1D,2,6855514
D527275,1,GN5DG001JKG5,0,0,0,0,0,0,0,6.2869540121,0,0,0,0,0,0,0,0,0,0,0,6.2869540121,D5272750,PNCB,09/28/2025 11:37:46 PM,BPD444,8M5CL,8M5CL,02/15/2026 1:23:38 PM,8M5CL,D1D,1,6956163
D527275,2,GN5DG002JKD4,0,0,0,0,0,0,0,0,1.2831063744,0,0,0,0,0,0,1.0223624987,0,2.7045536316,0.4400982613,5.450120766,D5272750,PNCB,09/28/2025 11:37:46 PM,BPD444,8M5CL,8M5CL,02/15/2026 1:18:47 PM,8M5CL,D1D,2,6956139
D527275,253,GP0DX253JKD7,0,0,0,0,0,0,0,3.7705034558,2.5263277187,0,0,0,0,0,0,3.3246335803,0,3.7154139306,0,13.336880826,D5272750,PNCB,09/28/2025 11:37:46 PM,BPD444,8M5CL,8M5CL,02/15/2026 1:13:04 PM,8M5CL,D1D,3,6956123
D527275,421,GN8XE421JKD2,0.7052700552,0,0,0,0,0,0.5562843511,1.025170262,0,0,0,0,0,0,0,0,0,3.0050415667,0,5.2917683751,D5272750,PNCB,09/28/2025 11:37:46 PM,BPD444,8M5CL,8M5CL,02/15/2026 1:06:59 PM,8M5CL,D1D,4,6956078
D527276,84,A1KJT084SLD0,0,0,0,0,0,0,0,0,0,0,0,0,0,0,0,1.7627561028,0,4.476290204,0,6.2390463068,D5272760,PNCB,10/09/2025 8:15:46 AM,BPD432,8M5CL,8M5CL,02/15/2026 1:07:20 PM,8M5CL,D1D,1,6956098
D527276,85,A1KJT085SLH2,0,0,0,0,0,0,0.3376213128,0,0,0,0,0,0,0,0,0,0,4.1776437257,0.8131847419,5.3284497804,D5272760,PNCB,10/09/2025 8:15:46 AM,BPD432,8M5CL,8M5CL,02/15/2026 1:03:07 PM,8M5CL,D1D,2,6956122
D527276,95,A1KJT095SLE3,0.7536520989,0,0,0,0,0,0,1.4096026895,0,0,0,0,0,0,0.470848502,2.8315673487,0.9329263407,6.0861511948,0,12.364163325,D5272760,PNCB,10/09/2025 8:15:46 AM,BPD432,8M5CL,8M5CL,02/15/2026 12:59:59 PM,8M5CL,D1D,3,6956077
D523809,14,KHQYU014WFA6,0,0,0,0,0,0,0,4.2049303887,0,0,0,0,0,0,0,0,2.8384020881,2.5673148062,0,8.4115964615,D5238090,PYZB,10/09/2025 11:32:33 AM,BPD444,8M5CL,8M5CL,05/23/2026 1:52:53 AM,8M5CL,D1D,1,6817921
D523809,20,KHQYU020WFD0,0,0,0,0,0,0,0.562812717,4.1479917095,0.6338223438,0,0,0,0,0,0,0,0,1.4049904174,2.4926345969,9.2422517846,D5238090,PYZB,10/09/2025 11:32:33 AM,BPD444,8M5CL,8M5CL,05/23/2026 1:57:38 AM,8M5CL,D1D,2,6817812
D523809,23,KHQYU023WFB0,0,0,0,0,0,0,0.7958042535,1.2553895677,3.6988159198,0,0,0,0,0,0,6.0531316131,0,3.6475788939,0.8698616315,16.320584169,D5238090,PYZB,10/09/2025 11:32:33 AM,BPD444,8M5CL,8M5CL,05/23/2026 1:33:34 AM,8M5CL,D1D,3,6817911
D523809,28,KHQYU028WFA1,0,0,0,0,0,0,0,0,0,0,0,0,0,0,0,5.7602727169,0,0,0.9484436951,6.708716412,D5238090,PYZB,10/09/2025 11:32:33 AM,BPD444,8M5CL,8M5CL,05/23/2026 2:29:33 AM,8M5CL,D1D,4,6817865
D523621,412,KHQYW412WFE2,0.5442258074,0,0,0,0,0,0.2146302481,0,2.5084113355,0,0,0,0,0,0,1.6069642934,0,0.7945569285,0,5.6687886129,D5236210,PNCB,10/09/2025 11:04:07 AM,BPD444,8M5CL,8M5CL,02/15/2026 10:14:39 PM,8M5CL,D1D,1,6807476
D523621,442,KHQYW442WFD0,0,0,0,0,0,0,0.3710340725,1.0178998896,0,0,0,0,0,0,0,0,0,1.1167148058,0,1.9707413134,D5236210,PNCB,10/09/2025 11:04:07 AM,BPD444,8M5CL,8M5CL,02/15/2026 10:14:20 PM,8M5CL,D1D,2,6807597
D523621,526,KHQYT526WFB5,0,0,0,0,0,0,0,0,1.1123775748,0,0,0,0,0,0,0,0,3.0142417041,0,4.1266192788,D5236210,PNCB,10/09/2025 11:04:07 AM,BPD444,8M5CL,8M5CL,02/15/2026 10:14:15 PM,8M5CL,D1D,3,6807484
D523621,534,KHQYT534WFF0,0,0,0,0,0,0,0.2146302481,0,0,0,0,0,0,0,0,0,0,0,0,0.2146302481,D5236210,PNCB,10/09/2025 11:04:07 AM,BPD444,8M5CL,8M5CL,02/15/2026 10:13:41 PM,8M5CL,D1D,4,6807567
D523640,572,KHQZA572WFD0,0.7295303384,0,0,0,0,0,0.6613161705,0,1.2831063744,0,0,0,0,0,0,2.35073248,0,9.7869268093,0,14.811612173,D5236400,PNCB,10/16/2025 6:38:03 PM,BPD432,8M5CL,8M5CL,02/15/2026 9:56:42 PM,8M5CL,D1D,1,6812225
D523640,582,KHQZA582WFA1,2.1819459778,0,0,0,0,0,0.2069184346,0,3.2538901889,0.5903904362,0,0,0,0,0,0.926348401,0.7433283008,5.5271879005,3.4702013532,16.11446028,D5236400,PNCB,10/16/2025 6:38:03 PM,BPD432,8M5CL,8M5CL,02/15/2026 9:55:51 PM,8M5CL,D1D,2,6812158
D523640,584,KHQZA584WFB2,0,0,0,0,0,0,0.7008421369,1.0155623325,0.588214383,0,0,0,0,0,0,1.0223624987,0,6.4231820593,0,9.7501634104,D5236400,PNCB,10/16/2025 6:38:03 PM,BPD432,8M5CL,8M5CL,02/15/2026 9:55:18 PM,8M5CL,D1D,3,6812137
D523640,599,KHQZA599WFE7,0,0,0,0,0,0,0.5984083617,0.5742237605,0,0,0,0,0,0,0,1.0296647454,0,1.4724783721,0,3.616779282,D5236400,PNCB,10/16/2025 6:38:03 PM,BPD432,8M5CL,8M5CL,02/15/2026 9:55:07 PM,8M5CL,D1D,4,6812112
D525177,64,KHU9N064WFF7,0,0,0,0.397597222,0,0,0.2161135344,1.334003494,0,0,0,0,0,0,0,0,0,3.1222347197,0,5.0699489701,D5251770,PNCB,10/16/2025 6:20:49 AM,BPD444,8M5CL,8M5CL,02/15/2026 6:28:10 PM,8M5CL,D1D,1,6879487
D525177,65,KHU9N065WFC6,0,0,0,0,0,0,0.197973433,2.6396700292,2.6215636818,0,0,0,0,0,0,5.9888049648,0,1.6091277894,0,10.193561126,D5251770,PNCB,10/16/2025 6:20:49 AM,BPD444,8M5CL,8M5CL,02/15/2026 6:25:49 PM,8M5CL,D1D,2,6879565
D525216,322,MC79B322WAD0,0,0,0,0,0,0,0,4.4908014015,0.7934682267,0,0,0,0,0,0,0,3.3826328784,7.803745726,1.037228619,16.389369844,D5252160,PXMG,10/18/2025 9:07:26 PM,BPD432,8M5CL,8M5CL,02/15/2026 5:14:24 PM,8M5CL,D1D,1,6889668
D525216,325,MC79B325WAB0,0,0,0,0,0,0,0,0,0,0,0,0,0,0,0,0,0,5.0618556941,0,5.0618556941,D5252160,PXMG,10/18/2025 9:07:26 PM,BPD432,8M5CL,8M5CL,02/15/2026 5:13:54 PM,8M5CL,D1D,2,6889666
D525216,339,MC79B339WAA3,0,0,0,0,0,0,0,0,0,0,0,0,0,0,0,2.8251322081,0,1.8334498147,0,4.6585820228,D5252160,PXMG,10/18/2025 9:07:26 PM,BPD432,8M5CL,8M5CL,02/15/2026 5:13:34 PM,8M5CL,D1D,3,6889785
D525216,343,MC79B343WAB4,0,0,0,0,0,0,0,1.7381976292,0.6438280948,0,0,0,0,0,0,1.806581026,0,2.5380976646,0,6.7267021958,D5252160,PXMG,10/18/2025 9:07:26 PM,BPD432,8M5CL,8M5CL,02/15/2026 5:13:38 PM,8M5CL,D1D,4,6889727
D525218,85,A17UP085SLB2,0,0,0,0.2125429902,0,0,0,1.5253839543,0,0,0,0,0,0,0,0,1.554482564,13.276312228,0,16.568721736,D5252180,PXMG,10/18/2025 1:23:52 PM,BPD448,8M5CL,8M5CL,02/15/2026 5:07:31 PM,8M5CL,D1D,1,6890059
D525218,99,A17UP099SLA5,0,0,0,0,0,0,0,0.8404938717,0.6761083595,0,0,0,0,0,0,2.3502579852,0,2.9133909649,0.8106941442,7.5909475443,D5252180,PXMG,10/18/2025 1:23:52 PM,BPD448,8M5CL,8M5CL,02/15/2026 5:07:04 PM,8M5CL,D1D,2,6890006
D525218,100,A17UP100SLC1,0,0,0,0,0,0,1.7461790215,0,0,0,0,0,0,0,0,0,0,1.5130562061,0,3.2592352276,D5252180,PXMG,10/18/2025 1:23:52 PM,BPD448,8M5CL,8M5CL,02/15/2026 5:06:46 PM,8M5CL,D1D,3,6890077
D525218,109,A17UP109SLD4,1.0073088904,0,0,0,0,0,0,1.009656304,0,0,0,0,0,0,0,0,1.2790142464,0.7632422215,1.9477164939,6.0069359375,D5252180,PXMG,10/18/2025 1:23:52 PM,BPD448,8M5CL,8M5CL,02/15/2026 5:06:25 PM,8M5CL,D1D,4,6890067
D525195,336,MC79B336WAC3,0,0,0,0,0,0,0.2035799779,0,0,0,0,0,0,0,0,0,0,2.7045536316,0,2.9081336095,D5251950Q,PNCB,10/23/2025 4:08:59 AM,BPD446,8M5CL,8M5CL,02/15/2026 5:59:21 PM,8M5CL,D1D,1,7534924
D525195,341,MC79B341WAA3,0,0,0,0,0,0,0.2191766935,0.7577955846,0,0,0,0,0,0,0,0,2.5727771345,2.9148158825,0,6.4645652951,D5251950Q,PNCB,10/23/2025 4:08:59 AM,BPD446,8M5CL,8M5CL,02/15/2026 5:58:56 PM,8M5CL,D1D,2,7534904
D525195,357,MC79B357WAA7,0,0,0,0,0,0,0.3822451123,0,0,0,0,0,0,0,0,0,0,2.7238709654,0,3.1061160777,D5251950Q,PNCB,10/23/2025 4:08:59 AM,BPD446,8M5CL,8M5CL,02/15/2026 5:57:43 PM,8M5CL,D1D,3,7534798
D525195,366,MC79B366WAB1,0,0,0,0,0,0,0,0,0,0,0,0,0,0,0,0,0,11.865227628,0,11.865227628,D5251950Q,PNCB,10/23/2025 4:08:59 AM,BPD446,8M5CL,8M5CL,02/15/2026 5:56:55 PM,8M5CL,D1D,4,7534926
D525201,96,A19FD096SLB1,0,0,0,0,0,0,0,1.8485933267,0,0,0,0,0,0,0,0,0,39.13635096,0,40.719096036,D5252010,PNCB,10/22/2025 11:23:18 AM,BPD444,8M5CL,8M5CL,02/15/2026 5:44:32 PM,8M5CL,D1D,1,6885081
D525201,172,A19FM172SLH1,1.1861487536,0,0,0,0,0,0,1.0608004386,0,0,0,0,0,0,0,5.310540978,0,22.805906774,0,30.363399069,D5252010,PNCB,10/22/2025 11:23:18 AM,BPD444,8M5CL,8M5CL,02/15/2026 5:43:13 PM,8M5CL,D1D,2,6885012
D525201,174,A19FM174SLA7,0,0,0,0,0,0,0,0,0,0,0,0,0,0,0,0,0,0,0,0,D5252010C,PNCB,10/23/2025 4:21:52 AM,BPD432,8M5CL,8M5CL,02/15/2026 5:45:07 PM,8M5CL,D1D,1,7535763
D525201,202,A16X9202SLA7,0,0,0,0,0,0,0,3.7131032926,0,0,0,0,0,0,0,0,0,3.9066955263,0,7.6197988189,D5252010C,PNCB,10/23/2025 4:21:52 AM,BPD432,8M5CL,8M5CL,02/15/2026 5:44:38 PM,8M5CL,D1D,2,7535749
D525201,210,A16X9210SLE2,0,0,0,0,0,0,0,0,0,0,0,0,0,0,0,0,0,3.0498745753,0,3.0498745753,D5252010C,PNCB,10/23/2025 4:21:52 AM,BPD432,8M5CL,8M5CL,02/15/2026 5:44:12 PM,8M5CL,D1D,3,7535709
D525201,212,A16X9212SLF3,0,0,0,0,0,0,0.216712799,1.3346282592,0.7730174018,0,0,0,0,0,0,0,0,0.9606871157,1.3558532782,4.640900979,D5252010C,PNCB,10/23/2025 4:21:52 AM,BPD432,8M5CL,8M5CL,02/15/2026 5:43:25 PM,8M5CL,D1D,4,7535641
D524137,60,KHRNY060WFG1,0,0,0,0,0,0,0.2035799779,0,0.5395506931,0,0,0,0,0,0,0,0.9263101501,0.7310178748,1.8507077534,4.2511664493,D5241370V,PNCB,10/23/2025 3:29:36 AM,BPD436,8M5CL,8M5CL,02/15/2026 8:17:16 PM,8M5CL,D1D,1,7535904
D524137,96,KHRNY096WFA7,0,0,0,0,0,0,0,0,0,0,0,0,0,0,0,1.6069642934,0,3.0498745753,0,4.6568388687,D5241370V,PNCB,10/23/2025 3:29:36 AM,BPD436,8M5CL,8M5CL,02/15/2026 8:16:28 PM,8M5CL,D1D,2,7535890
D524137,116,KHRNY116WFA7,0.6587363574,0,0,0,0,0,0,1.2320732516,0,0,0,0,0,0,0,6.9407703403,0,4.401571252,1.2487931604,14.07597656,D5241370V,PNCB,10/23/2025 3:29:36 AM,BPD436,8M5CL,8M5CL,02/15/2026 8:16:10 PM,8M5CL,D1D,3,7535855
D524137,117,KHRNY117WFF1,2.1344301682,0,0,0,0,0,0,1.4960273249,0,0,0,0,0,0,0,9.4760382535,0,5.7417453523,0.6468203686,13.771084306,D5241370V,PNCB,10/23/2025 3:29:36 AM,BPD436,8M5CL,8M5CL,02/15/2026 8:15:34 PM,8M5CL,D1D,4,7535852
D526227,651,GN6CY651JKA0,0,0,0,0.5072516774,0,0,0,1.0733018988,2.4154316913,0,2.8538728277,0,0,2.7013450426,0,1.9245848784,0,1.3761316296,0,10.517743934,D5262270,PNCB,10/24/2025 9:04:02 PM,BPD442,8M5CL,8M5CL,02/15/2026 3:46:48 PM,8M5CL,D1D,1,6917818
D526227,653,GN6CY653JKB1,0,0,0,0,0,0,0,0,0,0,0,0,0,0,0,3.3368735568,0,0,0,3.3368735568,D5262270,PNCB,10/24/2025 9:04:02 PM,BPD442,8M5CL,8M5CL,02/15/2026 3:46:47 PM,8M5CL,D1D,2,6917910
D526227,654,GN6CY654JKF3,0,0,0,0,0,0,0.5665324778,0,0,0,0,0,0,0,0,2.2359052972,0,5.2078988432,2.3307867423,8.9065050313,D5262270,PNCB,10/24/2025 9:04:02 PM,BPD442,8M5CL,8M5CL,02/15/2026 3:45:51 PM,8M5CL,D1D,3,6917999
D526227,655,GN6CY655JKC2,0,0,0,0.5109221721,0,0,0.1233864108,1.1537296092,0,0,0,0,0,0,0,2.6041914333,0,0.9393748543,0,5.3316044797,D5262270,PNCB,10/24/2025 9:04:02 PM,BPD442,8M5CL,8M5CL,02/15/2026 3:45:18 PM,8M5CL,D1D,4,6917989
D524133,82,KHQ5T082WFD7,0,0,0,0,0,0,0.2146302481,0,0,0,0,0,0,0,0,0.7002046214,0,0,0,0.9148348695,D5241330J,PNCB,10/24/2025 7:02:57 PM,BPD450,8M5CL,8M5CL,02/15/2026 8:25:22 PM,8M5CL,D1D,1,7546630
D524133,86,KHQ5T086WFG1,0,0,0,0,0,0,0.2146302481,1.0178998896,0.5395506931,0,0,0,0,0,0,0,0,3.8584568468,0,5.6305376776,D5241330J,PNCB,10/24/2025 7:02:57 PM,BPD450,8M5CL,8M5CL,02/15/2026 8:25:05 PM,8M5CL,D1D,2,7546647
D524133,244,KHQ5T244WFA0,0,0,0,0,0,0,0.5873664872,0,3.0966257185,0,0,0,0,0,0,0,0.9263101501,1.5255748033,0,6.1358771591,D5241330J,PNCB,10/24/2025 7:02:57 PM,BPD450,8M5CL,8M5CL,02/15/2026 8:24:34 PM,8M5CL,D1D,3,7546599
D524133,245,KHQ5T245WFE2,0,0,0,0,0,0,0,1.025170262,0,0,0,0,0,0,0,0,0,0,0,1.025170262,D5241330J,PNCB,10/24/2025 7:02:57 PM,BPD450,8M5CL,8M5CL,02/15/2026 8:24:06 PM,8M5CL,D1D,4,7546635
D524133,59,KHQ5T059WFF3,0,0,0,0,0,0,0.2161632494,1.4131661728,1.6332524642,0,0,0,0,0,0,0,0,1.0148821755,0,4.2774640618,D5241330,PNCB,10/24/2025 8:57:51 PM,BPD450,8M5CL,8M5CL,02/15/2026 8:24:04 PM,8M5CL,D1D,1,6851064
D524133,61,KHQ5T061WFF3,0,0,0,0,0,0,0.5954591245,0,2.0172033399,0,0,0,0,0,0,1.6072807708,0,0,0,4.2199432352,D5241330,PNCB,10/24/2025 8:57:51 PM,BPD450,8M5CL,8M5CL,02/15/2026 8:23:46 PM,8M5CL,D1D,2,6851143
D525205,11,KHTWT011WFC0,1.6276172381,0,0,0,0,0,0.5427409744,1.4556176387,0,0,0,0,0,0,0,0,0,0,0,3.6259779914,D5252050,PNCB,10/21/2025 8:23:45 PM,BPD458,8M5CL,8M5CL,02/15/2026 5:28:08 PM,8M5CL,D1D,1,6888984
D525205,348,KHU9T348WFG1,0,0,0,0,0,0,0,0,1.2831063744,0,0,0,0,0,0,0,0,3.0498745753,0,4.3329809498,D5252050,PNCB,10/21/2025 8:23:45 PM,BPD458,8M5CL,8M5CL,02/15/2026 5:25:30 PM,8M5CL,D1D,2,6888915
D523636,243,MC7BP243WAF1,0,0,0,0,0,0,0.6075899492,0,0.8325795079,0,0,0,0,0,0,0.9910935169,0,3.5920253796,0,6.0232862134,D5236360,PNCB,10/23/2025 12:24:30 PM,BPD450,8M5CL,8M5CL,02/15/2026 10:02:26 PM,8M5CL,D1D,1,6812149
D523636,249,MC7BP249WAB1,0,0,0,0,0,0,1.0871063835,0,1.29227099,0,0,0,0,0,0,0,0,3.0766772114,0,5.4560524447,D5236360,PNCB,10/23/2025 12:24:30 PM,BPD450,8M5CL,8M5CL,02/15/2026 10:01:35 PM,8M5CL,D1D,2,6812136
D523636,303,MC7BP303WAB0,0,0,0,0,0,0,0.7177518777,0,5.816058425,0,0,0,0,0,0,0,0,0,0,6.5338103027,D5236360,PNCB,10/23/2025 12:24:30 PM,BPD450,8M5CL,8M5CL,02/15/2026 10:00:47 PM,8M5CL,D1D,3,6812119
D523636,305,MC7BP305WAC1,0.5481129522,0,0,0,0,0,0.2161632494,0,1.2340567287,0,0,0,0,0,0,1.6623167902,0,0.7362391861,0,4.3968889065,D5236360,PNCB,10/23/2025 12:24:30 PM,BPD450,8M5CL,8M5CL,02/15/2026 9:59:30 PM,8M5CL,D1D,4,6812184
D525195,331,MC79B331WAD2,0,0,0,0,0,0,0.1157543499,0.8439377096,2.7699265789,0,0,0,0,0,0,1.0364428544,4.7859955968,1.0820511598,0.6514325647,11.18425014,D5251950,PNCB,10/21/2025 8:39:17 PM,BPD436,8M5CL,8M5CL,02/15/2026 5:57:44 PM,8M5CL,D1D,1,6884389
D525195,333,MC79B333WAE3,0,0,0,0,0,0,0,0.7364532091,0,0,0,0,0,0,0,1.0296647454,0,0,0,1.7661179545,D5251950,PNCB,10/21/2025 8:39:17 PM,BPD436,8M5CL,8M5CL,02/15/2026 5:56:49 PM,8M5CL,D1D,2,6884380
D525205,352,KHU9T352WFH2,0,0,0,0,0,0,0,0,0,0,0,0,0,0,0,0,0,4.4178470249,0,4.4178470249,D5252050W,PNCB,10/22/2025 7:01:32 AM,BPD442,8M5CL,8M5CL,02/15/2026 5:26:51 PM,8M5CL,D1D,1,7531730
D525205,356,KHU9T356WFC1,8.2594139587,0,0,0,0,0,0,1.0178998896,0,0,0,0,0,0,0,0,0,0,0,8.6071404613,D5252050W,PNCB,10/22/2025 7:01:32 AM,BPD442,8M5CL,8M5CL,02/15/2026 5:25:56 PM,8M5CL,D1D,2,7531728
D525205,375,KHU9T375WFG7,0,0,0,0,0,0,0,0.5742237605,0,0,0,0,0,0,0,0,0,3.4730585441,0,3.9399304985,D5252050W,PNCB,10/22/2025 7:01:32 AM,BPD442,8M5CL,8M5CL,02/15/2026 5:25:39 PM,8M5CL,D1D,3,7531767
D525205,382,KHU9T382WFG0,0,0,0,0,0,0,0.0970171223,1.2627972528,0,0,0,0,0,0,0,0,0,2.7995073284,0,4.1593195784,D5252050W,PNCB,10/22/2025 7:01:32 AM,BPD442,8M5CL,8M5CL,02/15/2026 5:25:08 PM,8M5CL,D1D,4,7531765
D526941,197,KHUNK197WFE5,0,0,0,0,0,0,1.3726987003,0,0,0,0,0,0,0,0.3103333778,0,0,0.8002320688,0,2.483264147,D5269410,PNCB,10/21/2025 8:24:09 PM,BPD436,8M5CL,8M5CL,02/24/2026 3:15:39 AM,8M5CL,D1D,1,6941674
D526941,259,KHUNK259WFB5,0,0,0,0,0,0,0.6609480281,4.33211698,0,0,0,0,0,0,0,4.1366497566,1.7216075872,1.9117434972,0,12.763063709,D5269410,PNCB,10/21/2025 8:24:09 PM,BPD436,8M5CL,8M5CL,02/24/2026 5:49:58 AM,8M5CL,D1D,2,6941724
D523109,20,MC9KH020WAF4,0,0,2.5565393772,0,0,0,0.6013232838,0,1.3278827576,0,0,0,0,0,0,0,0,10.435423298,0.6550169862,15.133790501,D5231090,PXMG,10/19/2025 1:10:45 AM,BPD454,8M5CL,8M5CL,02/15/2026 10:27:53 PM,8M5CL,D1D,1,6807765
D523109,50,MC9KH050WAE2,0,0,2.749165947,0,0,0,0,1.1850704845,0,0,0,0,0,0,0.3587372695,0,0,7.9540726983,0.5123762515,12.759422651,D5231090,PXMG,10/19/2025 1:10:45 AM,BPD454,8M5CL,8M5CL,02/15/2026 10:27:34 PM,8M5CL,D1D,2,6807589
D523109,73,MC9KH073WAD7,0,0,0,0,0,0,0,0,0,0,0,0,0,0,0,3.5528304169,0,0.8368950959,0.7428876165,5.1326131293,D5231090,PXMG,10/19/2025 1:10:45 AM,BPD454,8M5CL,8M5CL,02/15/2026 10:27:42 PM,8M5CL,D1D,3,6807576
D523109,105,MC9KH105WAC1,0,0,0,0,0,0,0,0,0,0,0,0,0,0,0,0,0,2.4381573081,0,2.4381573081,D5231090,PXMG,10/19/2025 1:10:45 AM,BPD454,8M5CL,8M5CL,02/15/2026 10:27:12 PM,8M5CL,D1D,4,6807714
D525217,436,GN6YJ436JKA5,0,0,0,0,0,0,0.650198518,0.6690347482,0,0,0,0,0,0,0,0,0,0,0,1.3192332662,D5252170,PXMG,11/09/2025 6:54:04 PM,BPD448,8M5CL,8M5CL,02/17/2026 1:01:24 PM,8M5CL,D1D,1,6889781
D525217,437,GN6YJ437JKE7,0,0,2.2105114407,0,0,0,0.8504493015,0,1.977316536,0,0,0,0,0,0,0,0,5.0550752632,2.0735050244,11.979006793,D5252170,PXMG,11/09/2025 6:54:04 PM,BPD448,8M5CL,8M5CL,02/17/2026 1:01:23 PM,8M5CL,D1D,2,6889822
D526254,7,MC79D007WAD7,0,0,0,0,0,0,0,0,0,0,0,0,0,0,0,2.6919815356,1.3836588192,1.4724783721,0.7103424007,6.2584611276,D5262540,PNCB,11/01/2025 7:46:26 AM,BPD450,8M5CL,8M5CL,02/15/2026 3:21:34 PM,8M5CL,D1D,1,6923300
D526254,11,MC79D011WAF0,0,0,0,0,0,0,0,0,0,0,0,0,0,0,0,0,0,2.8183920916,0,2.8183920916,D5262540,PNCB,11/01/2025 7:46:26 AM,BPD450,8M5CL,8M5CL,02/15/2026 3:21:27 PM,8M5CL,D1D,2,6923137
D526254,29,MC79D029WAG5,0,0,0,0,0,0,0,0,0,0,0,0,0,0,0,0,0,2.3367033237,0,2.3367033237,D5262540,PNCB,11/01/2025 7:46:26 AM,BPD450,8M5CL,8M5CL,02/15/2026 3:20:18 PM,8M5CL,D1D,3,6923217
D526254,67,MC79D067WAB3,0,0,0,0,0,0,0.0787604711,1.025170262,0,0,0,0,0,0,0,0,1.3836588192,2.2087175582,0,4.6963071104,D5262540,PNCB,11/01/2025 7:46:26 AM,BPD450,8M5CL,8M5CL,02/15/2026 3:19:59 PM,8M5CL,D1D,4,6923253
D523630,358,GM9HP358JKF1,0.8109602045,0,0,0,0,0,0.2263031586,0,0,0,0,0,0,0,0,2.6131190208,0,2.5776859044,0.4892209624,6.7172913758,D5236300,PNCB,10/31/2025 12:58:04 PM,BPD432,8M5CL,8M5CL,02/15/2026 10:05:33 PM,8M5CL,D1D,1,6809453
D523630,359,GM9HP359JKC0,1.8412678572,0,0,0,0,0,0.706076922,2.7281385844,0,0,0,0,0,0,0,5.522737737,0,0,0,9.7315945798,D5236300,PNCB,10/31/2025 12:58:04 PM,BPD432,8M5CL,8M5CL,02/15/2026 10:05:35 PM,8M5CL,D1D,2,6809468
D523630,360,GM9HP360JKF1,0,0,0,0,0,0,0,0.6558250362,2.0300536387,0,0,0,0,0,0,1.8484360728,0,1.8264375349,0.8112874626,7.1720439954,D5236300,PNCB,10/31/2025 12:58:04 PM,BPD432,8M5CL,8M5CL,02/15/2026 10:04:40 PM,8M5CL,D1D,3,6809428
D523630,361,GM9HP361JKC0,0,0,0,0,0,0,0,1.0979231069,0,0,0,0,0,0,0,5.3004084844,0,1.6455074222,0,8.0438390135,D5236300,PNCB,10/31/2025 12:58:04 PM,BPD432,8M5CL,8M5CL,02/15/2026 10:05:01 PM,8M5CL,D1D,4,6809450
D524131,1,KHRNY001WFF4,1.1084252165,0,0,0,0,0,0,1.289137693,1.29227099,0,0,0,0,0,0,3.6150371346,2.3165851599,10.665085941,0,19.285267543,D5241310,PNCB,11/01/2025 10:28:20 AM,BPD446,8M5CL,8M5CL,02/15/2026 8:27:42 PM,8M5CL,D1D,1,6850830
D524131,11,KHRNY011WFC5,0,0,0,0,0,0,0.5032937023,13.570386523,0,0,0,0,0,0,0,7.17453134,4.1930317987,4.4621946465,0,27.030567317,D5241310,PNCB,11/01/2025 10:28:20 AM,BPD446,8M5CL,8M5CL,02/15/2026 8:27:12 PM,8M5CL,D1D,2,6850619
D524131,14,KHRNY014WFA5,0,0,0,0,0,0,0.2313289064,2.3132933145,0,0,0,0,0,0,0,0,0,11.789911536,0,13.226376536,D5241310,PNCB,11/01/2025 10:28:20 AM,BPD446,8M5CL,8M5CL,02/15/2026 8:26:40 PM,8M5CL,D1D,3,6850780
D524131,38,KHRNY038WFE4,0,0,0,0,0,0,0,0,0,0,0,0,0,0,0,0,0,15.692709717,0,15.692709717,D5241310,PNCB,11/01/2025 10:28:20 AM,BPD446,8M5CL,8M5CL,02/15/2026 8:26:05 PM,8M5CL,D1D,4,6850679
D524129,23,KHQ5T023WFD2,0,0,0,0,0,0,0,0,0.7448878563,0,0,0,0,0,0,0,0,4.2105690269,0,4.9554568832,D5241290,PNCB,10/30/2025 1:52:08 AM,BPD448,8M5CL,8M5CL,02/15/2026 8:37:42 PM,8M5CL,D1D,1,6850473
D524129,52,KHQ5T052WFF1,0,0,0,0,0,0,0.2075198243,0,0,0,0,0,0,0,0,2.0532592062,0,1.8187767226,0,4.079555753,D5241290,PNCB,10/30/2025 1:52:08 AM,BPD448,8M5CL,8M5CL,02/15/2026 8:31:16 PM,8M5CL,D1D,2,6850607
D524152,82,A1JUK082SLA1,0,0,0,0,0,0,0,0,0,0,0,0,0,0,0,4.6229761657,1.8617920244,0.9145458624,0,7.3993140526,D5241520U,PNCB,10/27/2025 11:56:36 PM,BPD432,8M5CL,8M5CL,02/15/2026 7:50:43 PM,8M5CL,D1D,1,7561485
D524152,98,A1AGK098SLA6,0,0,0,0,0,0,0,0.762432518,0,0,0,0,0,0,0,7.5578386788,0,0,0,8.3202711968,D5241520U,PNCB,10/27/2025 11:56:36 PM,BPD432,8M5CL,8M5CL,02/15/2026 7:50:40 PM,8M5CL,D1D,2,7561457
D524152,121,A1JXY121SLE3,0,0,0,0,0,0,0,0.5742237605,0,0,0,0,0,0,0,3.9553722593,0,0,0.5550879624,5.0846839822,D5241520U,PNCB,10/27/2025 11:56:36 PM,BPD432,8M5CL,8M5CL,02/15/2026 7:50:24 PM,8M5CL,D1D,3,7561461
D524152,122,A1JXY122SLB2,0,0,0,0,0,0,0,1.7491302696,0,0,0,0,0,0,0,6.116609313,0.9263101501,1.7070882416,1.5182773748,11.597808964,D5241520U,PNCB,10/27/2025 11:56:36 PM,BPD432,8M5CL,8M5CL,02/15/2026 7:49:55 PM,8M5CL,D1D,4,7561483
D524152,80,A1JUK080SLG3,0,0,0,0,0,0,0,2.6743821438,0,0,0,0,0,0,0,0,0,6.5991321116,0,9.2735142554,D5241520,PNCB,10/27/2025 9:27:11 PM,BPD432,8M5CL,8M5CL,02/15/2026 7:51:41 PM,8M5CL,D1D,1,6850431
D524152,81,A1JUK081SLD2,0,0,0,0,0,0,0,9.9180642755,0,0,0,0,0,0,0,1.0296647454,0.9329263407,3.6004857095,0,14.906917311,D5241520,PNCB,10/27/2025 9:27:11 PM,BPD432,8M5CL,8M5CL,02/15/2026 7:50:15 PM,8M5CL,D1D,2,6850396
D526239,396,MC79B396WAH2,1.1592710964,0,0,0,0,0,0,0.7447818364,0,0.4545316142,1.7845740113,0,0,0,0,3.362229588,0,11.38026952,1.4367497563,18.824908806,D5262390,PNCB,11/04/2025 12:51:52 PM,BPD458,8M5CL,8M5CL,02/15/2026 3:36:31 PM,8M5CL,D1D,1,6921354
D526239,533,MC6RC533WAC3,0,0,0,0,0,0,0.1660818629,2.7770728075,0,0,0,0,0,0,0,0,0,4.7524068242,0,7.3086678023,D5262390,PNCB,11/04/2025 12:51:52 PM,BPD458,8M5CL,8M5CL,02/15/2026 3:35:57 PM,8M5CL,D1D,2,6921485
D526239,566,MC6RC566WAG4,0,0,0,0,0,0,0,1.1487202134,1.4480104067,0,0,0,0,0,0,0,0,0,0,2.5967306201,D5262390,PNCB,11/04/2025 12:51:52 PM,BPD458,8M5CL,8M5CL,02/15/2026 3:35:31 PM,8M5CL,D1D,3,6921514
D526239,568,MC6RC568WAA2,0,0,0,0,0,0,0.9802439689,0,0,0,0,0,0,0,0,0,0,0.7995125496,0,1.7797565185,D5262390,PNCB,11/04/2025 12:51:52 PM,BPD458,8M5CL,8M5CL,02/15/2026 3:35:27 PM,8M5CL,D1D,4,6921291
D522E8M,71,GJ6AK071JKC0,0,0,0,0,0,0,0,0,0,0,0,0,0,0,0,0,0,4.6275680699,0,4.6275680699,D522E8M0,X78D,11/08/2025 5:17:51 PM,BPD450,8M5CL,8M5CL,01/16/2026 10:22:00 AM,8M5CL,D1D,1,6788574
D522E8M,72,GJ6AK072JKG2,0,0,0,0,0,0,0,2.150429807,0,0,0,0,0,0,0,4.1749472629,0,3.2112395844,0,9.5366166544,D522E8M0,X78D,11/08/2025 5:17:51 PM,BPD450,8M5CL,8M5CL,01/16/2026 10:21:41 AM,8M5CL,D1D,2,6788572
D523823,22,MC9KH022WAG5,0,0,0,0,0,0,0.652349345,6.1589810561,2.858411684,0,0,0,0,0,0,7.3538512185,0,8.4227968384,0,25.446392341,D5238230,PXMG,11/02/2025 4:01:56 PM,BPD458,8M5CL,8M5CL,02/26/2026 11:27:26 PM,8M5CL,D1D,1,6826390
D523823,42,MC9KH042WAA7,2.5797476361,0,0,0,0,0,0,0,1.3787878623,0,0,0,0,0,0,2.3964413166,0,11.632026438,0,17.987001054,D5238230,PXMG,11/02/2025 4:01:56 PM,BPD458,8M5CL,8M5CL,02/23/2026 12:31:18 PM,8M5CL,D1D,2,6826410
D523825,430,GN3ER430JKB0,2.743300655,0,0,0,0,0,0.7138634368,0,0,0.6347468713,0,0,0,0,0,0,0,2.2584870975,0,6.3503980606,D5238250,PXMG,11/07/2025 7:58:47 PM,BPD442,8M5CL,8M5CL,02/23/2026 7:03:38 PM,8M5CL,D1D,1,6824967
D523825,431,GN3ER431JKF2,3.5780640035,0,1.0784301968,0,0,0,0.4841130037,0,0,0,0,0,0,0,0,0,0,3.9684069316,0.3510315163,9.0898221437,D5238250,PXMG,11/07/2025 7:58:47 PM,BPD442,8M5CL,8M5CL,02/24/2026 2:47:00 AM,8M5CL,D1D,2,6824966
D523825,432,GN3ER432JKC1,1.2332529677,0,1.0439428059,0,0,0,0.2448160129,0,0,0,0,0,1.3096908958,0,0,1.8007062244,0,4.3079327247,0,9.9403416313,D5238250,PXMG,11/07/2025 7:58:47 PM,BPD442,8M5CL,8M5CL,02/27/2026 12:22:16 PM,8M5CL,D1D,3,6824984
D523825,433,GN3ER433JKG3,0,0,0,0,0,0,0.1636977067,0,0,0,0,0,0,0,0,0,0,0.7632422215,0.7363956201,1.6633355484,D5238250,PXMG,11/07/2025 7:58:47 PM,BPD442,8M5CL,8M5CL,02/17/2026 1:02:03 PM,8M5CL,D1D,4,6824993
D526247,2,KHU9R002WFB3,0,0,0,0.4198167653,0,0,0,1.0747854056,4.7257330533,0,0,0,0,0,0,0,1.4506242206,1.5437439975,0,9.2147034424,D5262470,PNCB,11/22/2025 12:20:07 AM,BPD442,8M5CL,8M5CL,02/15/2026 3:27:26 PM,8M5CL,D1D,1,6921531
D526247,13,KHU9R013WFC6,0,0,0,0,0,0,1.861878274,1.025170262,1.7812044371,0,0,0,0,0,0,0,0,20.202486735,0,24.700101295,D5262470,PNCB,11/22/2025 12:20:07 AM,BPD442,8M5CL,8M5CL,02/15/2026 3:27:25 PM,8M5CL,D1D,2,6921494
D526247,14,KHU9R014WFH0,1.2059202371,0,0,0,0,0,0,2.3861422208,1.3594743668,0,0,0,0,0,0,0,0,10.598048518,0.3212929812,15.870878324,D5262470,PNCB,11/22/2025 12:20:07 AM,BPD442,8M5CL,8M5CL,02/15/2026 3:27:16 PM,8M5CL,D1D,3,6921597
D526247,15,KHU9R015WFD7,0,0,0,0,0,0,0.5732499558,3.6117647227,0,0,0,0,0,0,0,1.7058212493,0,18.947355159,0,23.888784974,D5262470,PNCB,11/22/2025 12:20:07 AM,BPD442,8M5CL,8M5CL,02/15/2026 3:27:07 PM,8M5CL,D1D,4,6921644
D523624,1,KHR9A001WFH2,0.7347410249,0,0,0,0,0,0.5872791647,0,0,0,1.526840219,0,0,0,0,1.0296647454,0,9.6539513089,0.5958400855,14.128316548,D5236240,PNCB,11/22/2025 2:11:33 AM,BPD458,8M5CL,8M5CL,02/15/2026 10:11:08 PM,8M5CL,D1D,1,6807770
D523624,3,KHR9A003WFB0,0,0,0,0,0,0,0,3.7677468393,0,0,0,0,0,0,0,0,0,6.1327226038,0,9.9004694431,D5236240,PNCB,11/22/2025 2:11:33 AM,BPD458,8M5CL,8M5CL,02/15/2026 10:10:29 PM,8M5CL,D1D,2,6807868
D523624,10,KHR9A010WFA1,0,0,0,0,0,0,0.4013925648,1.0178998896,0,0,0,0,0,0,0,1.745587808,0,8.4386110904,0,11.603489228,D5236240,PNCB,11/22/2025 2:11:33 AM,BPD458,8M5CL,8M5CL,02/15/2026 10:09:55 PM,8M5CL,D1D,3,6807852
D523624,15,KHR9A015WFG5,0.5932118828,0,0,0,0,0,0.2964989299,0,1.3985997661,0,0,0,0,0,0,1.1143878978,1.0096878368,16.442320591,0.4797111952,21.211564606,D5236240,PNCB,11/22/2025 2:11:33 AM,BPD458,8M5CL,8M5CL,02/15/2026 10:09:29 PM,8M5CL,D1D,4,6807817
D524134,30,KHQMU030WFB0,0.9103021337,0,0,0,0,0,0.097580261,1.0178998896,0,0,0,0,1.4583912855,0,0,0,0,0.9914408677,0,4.4756123124,D5241340,PNCB,11/21/2025 7:50:41 PM,BPD446,8M5CL,8M5CL,02/15/2026 8:23:35 PM,8M5CL,D1D,1,6850593
D524134,149,KHT9K149WFG7,0,0,0,0,0,0,0.6873991331,0,0.5924157172,0,0,0,0,0,0,1.6623167902,0,1.5364712549,0,4.4786028953,D5241340,PNCB,11/21/2025 7:50:41 PM,BPD446,8M5CL,8M5CL,02/15/2026 8:23:29 PM,8M5CL,D1D,2,6850548
D524134,332,KHT1K332WFF7,0,0,0,0,0,0,0,0,0,0,0,0,0,0,0,3.0282394213,0,3.4769675186,0,6.505209065,D5241340,PNCB,11/21/2025 7:50:41 PM,BPD446,8M5CL,8M5CL,02/15/2026 8:23:08 PM,8M5CL,D1D,3,6850511
D524134,344,KHT1K344WFE1,0.7024720518,0,0,0,0,0,0.3779808674,1.3138792519,0.7592513152,0,0,0,0,0,0,2.2234461176,0,1.9691730251,0,7.3462026289,D5241340,PNCB,11/21/2025 7:50:41 PM,BPD446,8M5CL,8M5CL,02/15/2026 8:22:51 PM,8M5CL,D1D,4,6850485
D524EJ4,340,KHU9T340WFB5,0,0,0,0,0,0,1.3570206202,0,0,0,0,0,0,0,0,0,0,0,0,1.3570206202,D524EJ40,X78D,11/27/2025 12:57:05 PM,BPD442,8M5CL,8M5CL,01/21/2026 6:03:05 AM,8M5CL,D1D,1,6867321
D524EJ4,350,KHU9T350WFG1,0,0,1.1296276764,0,0,0,0,0,0,0,0,0,0,0,0,2.4918257568,0,1.1865836937,0,4.8080371269,D524EJ40,X78D,11/27/2025 12:57:05 PM,BPD442,8M5CL,8M5CL,01/22/2026 9:48:41 PM,8M5CL,D1D,2,6867405
D524EJ4,365,KHU9T365WFC3,0.7842129199,0,0,0,0,0,0.9564787535,2.3832835703,0,0,0,0,0,0,0,1.7319933561,0,1.9628279912,0,7.8187965911,D524EJ40,X78D,11/27/2025 12:57:05 PM,BPD442,8M5CL,8M5CL,01/20/2026 10:33:05 PM,8M5CL,D1D,3,6867363
D524EJ4,443,KHU9T443WFG1,0,0,0,0,0,0,0,0,0,0,0,0,0,0,0,0,0,2.2482352243,0,2.2482352243,D524EJ40,X78D,11/27/2025 12:57:05 PM,BPD442,8M5CL,8M5CL,01/23/2026 1:42:17 PM,8M5CL,D1D,4,6867423
D524153,91,A1JUK091SLA3,0,0,0,0,0,0,0,3.3863728007,0,0,0,0,0,0,0,0,0,2.4305588383,0,5.816931639,D5241530,PNCB,11/27/2025 11:19:41 AM,BPD442,8M5CL,8M5CL,02/15/2026 7:48:17 PM,8M5CL,D1D,1,6850448
D524153,127,A1HK4127SLC6,1.1463072909,0,0,0,0,0,0.605588834,1.0257459839,0,0,0,0,0,1.6630615903,0,1.8393095466,0,3.3242140952,0,9.5677235747,D5241530,PNCB,11/27/2025 11:19:41 AM,BPD442,8M5CL,8M5CL,02/15/2026 7:45:14 PM,8M5CL,D1D,2,6850322
D525EN7,203,A14WV203SLB7,0.8264825104,0,0,0,0,0,0.3701579894,0,0,0,0,0,1.8237320309,0,0,0,0,0.8289700038,0,3.8493405572,D525EN70,X78D,11/29/2025 11:09:21 AM,BPD446,8M5CL,8M5CL,01/16/2026 10:23:50 AM,8M5CL,D1D,1,6906344
D525EN7,208,A14WV208SLB0,0,0,0,0,0,0,0,0,0,0,0,0,0,0,0,0,0,0,0,0,D525EN70,X78D,11/29/2025 11:09:21 AM,BPD446,8M5CL,8M5CL,01/16/2026 10:23:52 AM,8M5CL,D1D,2,6906277
D524EJ4,380,KHU9T380WFE7,0,0,0,0,0,0,0,2.1428139173,0,0,0,0,0,0,0,0,0,4.0664816475,0,6.2092955648,D524EJ4A,X78D,11/30/2025 4:50:30 AM,BPD448,8M5CL,8M5CL,01/16/2026 11:15:30 AM,8M5CL,D1D,1,7544320
D524EJ4,394,KHU9T394WFE2,0,0,0,0,0,0,0,2.3237264002,2.1156332402,0,0,0,0,0,0,0,0,0,0,4.4393596403,D524EJ4A,X78D,11/30/2025 4:50:30 AM,BPD448,8M5CL,8M5CL,01/16/2026 11:15:27 AM,8M5CL,D1D,2,7544321
D525871,603,GN4EC603JKC1,0,0,0,0,0,0,0,1.6348759322,0,0,0,0,0,0,0,2.6509576707,2.2065709808,2.5502696031,0,9.0426741867,D5258710,PXMG,12/04/2025 10:59:33 AM,BPD458,8M5CL,8M5CL,02/15/2026 4:45:53 PM,8M5CL,D1D,1,6894577
D525871,604,GN4EC604JKG3,0,0,0,0,0,0,0,0,0,0,0,0,0,0,0,0,2.9483769504,4.6535517089,0,7.6019286593,D5258710,PXMG,12/04/2025 10:59:33 AM,BPD458,8M5CL,8M5CL,02/15/2026 4:45:22 PM,8M5CL,D1D,2,6894707
D525871,605,GN4EC605JKD2,1.2507387845,0,0,0,0,0,0.2439180141,0,1.4581897953,0,0,0,0,0,0,3.6524756826,0,10.669240985,0,17.274563261,D5258710,PXMG,12/04/2025 10:59:33 AM,BPD458,8M5CL,8M5CL,02/15/2026 4:44:45 PM,8M5CL,D1D,3,6894620
D525871,607,GN4EC607JKE3,3.0425142427,0,0,0,0,0,0,0,0,0,0,0,0,0,0,0,0,6.4104891685,0,9.4530034112,D5258710,PXMG,12/04/2025 10:59:33 AM,BPD458,8M5CL,8M5CL,02/15/2026 4:44:10 PM,8M5CL,D1D,4,6894754
D525207,4,KHT9R004WFA5,0,0,0,0,0,0,0,0.7147761027,0,0,3.8011229448,0,0,0,0,2.0691992209,0,1.8328934428,0,8.4179917112,D5252070,PNCB,12/02/2025 1:06:40 AM,BPD436,8M5CL,8M5CL,02/15/2026 5:20:56 PM,8M5CL,D1D,1,6889146
D525207,6,KHT9R006WFB6,0,0,0,0,0,0,0.5299688338,0.7225112918,5.4884524533,0,0,0,0,0,0,1.2955676791,0,2.5837508027,0,10.620251061,D5252070,PNCB,12/02/2025 1:06:40 AM,BPD436,8M5CL,8M5CL,02/15/2026 5:20:16 PM,8M5CL,D1D,2,6889195
D525207,32,KHT9R032WFF5,1.1702639902,0,0,0,0,0,0.394530772,1.0823633409,4.0316358313,0,0,0,0,0,0,1.7550570395,0,10.155466071,0,18.589317045,D5252070,PNCB,12/02/2025 1:06:40 AM,BPD436,8M5CL,8M5CL,02/15/2026 5:19:50 PM,8M5CL,D1D,3,6889189
D525207,38,KHT9R038WFB5,0,0,0,0,0,0,0,0,0,0,0,0,0,0,0,0,0,0.7310178748,0,0.7310178748,D5252070,PNCB,12/02/2025 1:06:40 AM,BPD436,8M5CL,8M5CL,02/15/2026 5:19:31 PM,8M5CL,D1D,4,6889116
D526250,199,A19ER199SLA4,0,0,0,0,0,0,0,3.9693008774,1.0818264356,0,0,0,0,0,0,3.0355997733,0,5.1818611341,0,13.26858822,D5262500,PNCB,12/02/2025 2:53:10 AM,BPD444,8M5CL,8M5CL,02/15/2026 3:27:14 PM,8M5CL,D1D,1,6923289
D526250,202,A14T0202SLD7,0,0,0,0,0,0,0.0782019122,0,0,0,0,0,0,0,0,0.7002046214,0,0,0,0.7784065335,D5262500,PNCB,12/02/2025 2:53:10 AM,BPD444,8M5CL,8M5CL,02/15/2026 3:26:51 PM,8M5CL,D1D,2,6923220
D526250,206,A19ER206SLF3,1.1308612768,0,0,0,0,0,0,0,0,0,0,0,0,0,0,2.7464681565,0,36.028067206,0,39.905396639,D5262500,PNCB,12/02/2025 2:53:10 AM,BPD444,8M5CL,8M5CL,02/15/2026 3:26:04 PM,8M5CL,D1D,3,6923221
D526250,207,A19ER207SLC2,0,0,0,0,0,0,0,1.5978016913,0.5924927654,0,0,0,0,0,0,0,0,27.997594616,0,29.251352164,D5262500,PNCB,12/02/2025 2:53:10 AM,BPD444,8M5CL,8M5CL,02/15/2026 3:25:19 PM,8M5CL,D1D,4,6923201
D525187,338,MCC2Q338WAD2,0,0,0,0,0,0,0,0,0,0,0,0,0,0.954360836,0,0,0,35.846275386,0,36.800636222,D5251870,PNCB,12/02/2025 1:33:42 PM,BPD450,8M5CL,8M5CL,02/15/2026 6:16:13 PM,8M5CL,D1D,1,6883575
D525187,346,MCC2Q346WAG5,0,0,0,0,0,0,0,1.1591520935,0,0,0,0,0,0,0,2.6164277267,0.9263101501,1.9112717343,0,6.6131617046,D5251870,PNCB,12/02/2025 1:33:42 PM,BPD450,8M5CL,8M5CL,02/15/2026 6:10:35 PM,8M5CL,D1D,2,6883626
D526856,206,GN5DG206JKE0,0,0,0,0,0,0,1.5084708541,0,2.1471653066,0,0,0,0,0,0,5.8625627891,0,0.8655077357,0,10.383708885,D5268560W,PXMG,01/01/2026 2:04:21 PM,BPD436,8M5CL,8M5CL,03/23/2026 1:37:45 AM,8M5CL,D1D,1,7890234
D526856,207,GN5DG207JKA7,0,0,0,0,0,0,1.0692712902,1.4170457146,0.8207538542,0,2.4447691158,0,0,0,0,2.8530704234,0,11.635756353,0,19.06449052,D5268560W,PXMG,01/01/2026 2:04:21 PM,BPD436,8M5CL,8M5CL,03/18/2026 11:16:44 PM,8M5CL,D1D,2,7890253
D526856,210,GN5DG210JKF1,0.6564530701,0,0,0,0,0,0,0,2.9667293545,0,0,0,0,0,0,2.51604753,2.1018813817,3.1871693282,0,11.428280665,D5268560W,PXMG,01/01/2026 2:04:21 PM,BPD436,8M5CL,8M5CL,03/19/2026 11:36:28 AM,8M5CL,D1D,3,7890266
D526856,211,GN5DG211JKC0,1.3872215811,0,0,0,0,0,0.2705338679,2.204713906,0.7414232564,0,0,0,0,2.2074961901,0,5.3945982405,0,3.8581117744,0,15.3898675,D5268560W,PXMG,01/01/2026 2:04:21 PM,BPD436,8M5CL,8M5CL,02/15/2026 2:21:03 PM,8M5CL,D1D,4,7890237
D526856,204,GN5DG204JKC7,0,0,0,0.271635374,0,0,0,0,0,0,0,0,0,0,0,2.1926735509,0,3.4054584748,0.9438831674,6.813648368,D5268560,PXMG,01/01/2026 11:37:18 AM,BPD442,8M5CL,8M5CL,02/17/2026 12:33:43 PM,8M5CL,D1D,1,6939211
D526856,205,GN5DG205JKH1,0,0,0,0,0,0,0,1.3687728629,0,0,0,0,0,0,0,0,0,4.1866143328,0,5.5553871956,D5268560,PXMG,01/01/2026 11:37:18 AM,BPD442,8M5CL,8M5CL,03/19/2026 10:41:52 AM,8M5CL,D1D,2,6939235
D524141,342,KHT1K342WFD0,1.7361674527,0,0,0,0,0,0,0,0,0,0,0,0,0,0,1.6505278586,0,0,0,3.3866953113,D5241410,PNCB,12/09/2025 5:54:18 PM,BPD458,8M5CL,8M5CL,02/19/2026 11:29:35 AM,8M5CL,D1D,1,6851068
D524141,346,KHT1K346WFF2,0,0,0,0,0,0,0,0,0,0,0,0,0,0,0,0,0,0,0,0,D5241410,PNCB,12/09/2025 5:54:18 PM,BPD458,8M5CL,8M5CL,02/20/2026 5:10:53 PM,8M5CL,D1D,2,6851132
D524827,4,KHUHH004WFG7,0,0,0,0,0,0,1.5456594884,6.1549587017,0,0,0,0,0,0,0,3.5331357875,1.3922382282,2.3865118852,0,15.012504091,D5248270,PXMG,12/08/2025 8:17:59 AM,BPD454,8M5CL,8M5CL,02/17/2026 12:56:45 PM,8M5CL,D1D,1,6860334
D524827,5,KHUHH005WFD6,0,0,0,0,0,0,0,0.9263319969,5.0311218823,0,0,0,0,0,0,0,0,7.8679334714,0,13.825387351,D5248270,PXMG,12/08/2025 8:17:59 AM,BPD454,8M5CL,8M5CL,02/17/2026 12:56:49 PM,8M5CL,D1D,2,6860259
D526933,178,GN5DG178JKA5,0,0,0,0,0,0,0,2.6920328254,0.6248927798,0,0,0,0,0,0,1.1840704528,3.0859813332,3.6058667954,0,11.192842062,D5269330,PNCB,12/27/2025 10:04:20 PM,BPD450,8M5CL,8M5CL,02/15/2026 1:58:57 PM,8M5CL,D1D,1,6945020
D526933,180,GN5DG180JKA5,0,0,0,0,0,0,0.0821863846,1.0697681579,6.579190624,0,0,0,0,0,0,1.0744581476,0,20.949227624,0,28.198485383,D5269330,PNCB,12/27/2025 10:04:20 PM,BPD450,8M5CL,8M5CL,02/15/2026 1:52:31 PM,8M5CL,D1D,2,6945016
D523918,282,MC9KJ282WAD1,0,0,0,0,0,0,0.5067058899,1.3589707295,0.7203394887,0,0,0,0,0,0,0,0,0,0,2.5860182332,D5239180,PNCB,12/26/2025 8:41:41 AM,BPD432,8M5CL,8M5CL,03/16/2026 7:54:02 AM,8M5CL,D1D,1,6835541
D523918,316,MC9KJ316WAC4,0,0,0,0,0,0,0.5958603199,1.4129576746,0,0,0,0,0,0,0,0.9719626414,0,0,0.9790411895,3.9598218253,D5239180,PNCB,12/26/2025 8:41:41 AM,BPD432,8M5CL,8M5CL,03/18/2026 10:35:44 AM,8M5CL,D1D,2,6835490
D526853,287,GN5DG287JKA0,0,0,0,0,0,0,0,1.2821027149,0,0,0,0,0,0,0,0,0,3.8414890688,1.633542477,6.7571342607,D5268530,PXMG,01/09/2026 10:08:17 AM,BPD444,8M5CL,8M5CL,03/21/2026 12:26:47 AM,8M5CL,D1D,1,6939147
D526853,289,GN5DG289JKB1,0,0,0,0,0,0,0,4.9091978527,0,0,0,0,0,0,0,3.5050643695,0,0,0,8.4142622222,D5268530,PXMG,01/09/2026 10:08:17 AM,BPD444,8M5CL,8M5CL,03/23/2026 7:41:57 PM,8M5CL,D1D,2,6939035
D526E0L,246,KHUHJ246WFC7,0,0,0,0,0,0,0,0,2.7580615178,0,0,0,0,0,0,2.4889700454,0,8.7900300601,1.0540066976,12.165275287,D526E0L0,X78D,01/16/2026 4:13:06 PM,BPD450,8M5CL,8M5CL,02/19/2026 6:42:19 PM,8M5CL,D1D,1,6944908
D526E0L,247,KHUHJ247WFH1,0,0,0,0,0,0,0,0,0,0,0,0,0,0,0,0,0,1.2522492239,0,1.2522492239,D526E0L0,X78D,01/16/2026 4:13:06 PM,BPD450,8M5CL,8M5CL,02/19/2026 9:10:05 AM,8M5CL,D1D,2,6944966
D526E0L,248,KHUHJ248WFE0,0,0,0,0,0,0,0.3921402015,1.2568630682,6.5614498734,0,0,0,0,0,0,10.629023178,0.6493796804,31.161946261,0,49.147062546,D526E0L0,X78D,01/16/2026 4:13:06 PM,BPD450,8M5CL,8M5CL,02/20/2026 7:58:24 AM,8M5CL,D1D,3,6945065
D526E0L,249,KHUHJ249WFA7,0,0,0,0,0,0,0,0,0,0,0,0,0,0,0,3.5789848338,0,0,0,3.5789848338,D526E0L0,X78D,01/16/2026 4:13:06 PM,BPD450,8M5CL,8M5CL,02/19/2026 11:51:15 PM,8M5CL,D1D,4,6945132
D526E0L,251,KHUHJ251WFA7,0,0,0,0,0,0,0.52220157,0,20.595187155,0,0,0,0,0,0,7.8794870781,0,54.947373104,0,73.597229747,D526E0L0,X78D,01/16/2026 4:13:06 PM,BPD450,8M5CL,8M5CL,01/17/2026 8:18:25 AM,8M5CL,D1D,5,6945013
D526E0L,307,KHUHJ307WFD0,0,0,0,0,0,0,0,1.9995847587,13.218818342,0,0,0,0,0,0,13.962899175,0,64.1754276,0,86.562064738,D526E0L0,X78D,01/16/2026 4:13:06 PM,BPD450,8M5CL,8M5CL,01/17/2026 8:18:03 AM,8M5CL,D1D,6,6944957
D522E8Q,17,MC9KH017WAB2,0,0,0,0,0,0,0,0,0,0,0,0,0,0,0,1.1468570186,0,1.2522492239,0,2.3991062425,D522E8Q0,X78D,01/20/2026 1:37:46 PM,BPD446,8M5CL,8M5CL,01/21/2026 8:03:57 AM,8M5CL,D1D,1,6787935
D522E8Q,28,MC9KH028WAC5,0,0,0,0,0,0,0,0,0.631460289,0,0,0,0,0,0,2.3658501213,0,0,0,2.9973104103,D522E8Q0,X78D,01/20/2026 1:37:46 PM,BPD446,8M5CL,8M5CL,02/26/2026 3:03:14 PM,8M5CL,D1D,2,6788008
D522E8Q,36,MC9KH036WAG0,0,0,0,0,0,0,2.1847794273,1.5683373326,1.0999274866,0,0,0,0,0,0,0,0,0.7841696551,0,5.6372139015,D522E8Q0,X78D,01/20/2026 1:37:46 PM,BPD446,8M5CL,8M5CL,02/26/2026 5:24:32 PM,8M5CL,D1D,3,6787956
D522E8Q,140,MC9KH140WAG2,0,0,0,0,0,0,0,0,0,0,0,0,0,0,0,0,0,4.0282736526,0,4.0282736526,D522E8Q0,X78D,01/20/2026 1:37:46 PM,BPD446,8M5CL,8M5CL,02/27/2026 1:07:32 AM,8M5CL,D1D,4,6788011
D526857,261,GN5DG261JKC3,0,0,0,0,0,0,1.8902780793,0,9.9345182851,0,0,0,0,0,0,10.062989257,0,10.11052771,0,31.282083725,D5268570,PXMG,01/19/2026 9:06:26 PM,BPD454,8M5CL,8M5CL,03/19/2026 4:05:42 PM,8M5CL,D1D,1,6939259
D526857,262,GN5DG262JKG5,0,0,0,0,0,0,3.0423557743,0.7915021333,40.514309917,0,0,0,0,0,0,8.8385442184,1.0026592433,2.7913006038,0,56.166957739,D5268570,PXMG,01/19/2026 9:06:26 PM,BPD454,8M5CL,8M5CL,03/14/2026 2:42:51 AM,8M5CL,D1D,2,6939252
D526857,263,GN5DG263JKD4,0.8996495814,0,0,0,0,0,0.264680865,1.2552649884,1.5823142803,0,0,0,0,1.139957726,0,4.0708322627,0,4.766809326,0,13.97950903,D5268570,PXMG,01/19/2026 10:11:31 PM,BPD448,8M5CL,8M5CL,03/14/2026 2:28:00 AM,8M5CL,D1D,3,6939192
D526857,264,GN5DG264JKA3,0,0,0,0,0,0,0,0.6344125915,2.0822336431,0,0,0,0,0,0,13.533832527,0,17.985323057,0,33.653640248,D5268570,PXMG,01/19/2026 10:11:31 PM,BPD448,8M5CL,8M5CL,03/14/2026 1:44:25 AM,8M5CL,D1D,4,6939171
D525EP3,351,KHTWH351WFF4,0,0,0,0,0,0,0.2098505284,2.0373837707,0,0,0,0,0,0,0,1.6972748088,0,1.4149630288,0.7293833899,6.0888555266,D525EP30,X78E,02/18/2026 2:06:48 PM,BPD448,8M5CL,8M5CL,03/12/2026 3:28:24 PM,8M5CL,D1D,1,6915222
D525EP3,354,KHTWH354WFD4,0.6882667479,0,0,0,0,0,0.1803446858,1.4773792651,0,2.499000174,0,0,0,0,0,2.6239500134,0,2.4371498173,7.2147758989,16.130937612,D525EP30,X78E,02/18/2026 2:06:48 PM,BPD448,8M5CL,8M5CL,03/12/2026 3:28:16 PM,8M5CL,D1D,2,6915357
D525EP3,516,KHTWH516WFH0,0.607264818,0,0,0,0,0,0.5477011405,0.9737225113,0,1.6764963855,0,0,0,0,0,0,0,3.6593350048,1.2338335416,8.6983550944,D525EP30,X78E,02/18/2026 2:06:48 PM,BPD448,8M5CL,8M5CL,03/12/2026 3:28:20 PM,8M5CL,D1D,3,6915375
D525EP3,517,KHTWH517WFD7,0.7084390848,0,0,0,0,0,0.9210163118,0,0,0,0,0,0,0,0,1.2505172955,0.6153340421,1.9186518359,1.6416559297,6.7551886801,D525EP30,X78E,02/18/2026 2:06:48 PM,BPD448,8M5CL,8M5CL,03/12/2026 3:28:09 PM,8M5CL,D1D,4,6915338
D525EP3,519,KHTWH519WFF0,1.621574117,0,0,0,0,0,0,3.0441552632,0,0,0,0,0,0,0,0,0,1.9628155247,0.7298316144,7.3583765193,D525EP30,X78E,02/18/2026 2:06:48 PM,BPD448,8M5CL,8M5CL,03/12/2026 3:28:40 PM,8M5CL,D1D,5,6915262
D525EP3,525,KHTWH525WFH2,0,0,0,0,0,0,0,0.6740904922,0,0,0,0,0,0,0,1.1217020088,0,0,1.3510282282,3.1468207293,D525EP30,X78E,02/18/2026 2:06:48 PM,BPD448,8M5CL,8M5CL,03/12/2026 3:28:31 PM,8M5CL,D1D,6,6915398
D525EP2,348,KHTWH348WFB2,0,0,0,0,0,0,0,0,2.1367163896,0,0,0,0,0.7201939352,0,0,0,0,0,2.8569103248,D525EP20,X78E,02/25/2026 7:57:10 PM,BPD436,8M5CL,8M5CL,03/12/2026 3:28:50 PM,8M5CL,D1D,1,6915119
D525EP2,375,KHTWH375WFC0,0,0,0,0,0,0,0.8219824823,0,0,0,0,0,0,0,0.318342912,0,0,0.7317484529,0.529327584,2.4013997334,D525EP20,X78E,02/25/2026 7:57:10 PM,BPD436,8M5CL,8M5CL,03/12/2026 3:27:59 PM,8M5CL,D1D,2,6915139
D452822,530,GL3VA530JKA0,0,0,0,0,0,0,0.0792728911,0,0.5962700068,0,0,0,0,0,0,0.7097939567,0,1.5464676223,0.7149639279,3.6467684048,D452822A,PXSB,02/22/2025 5:45:15 PM,BPD432,8M5CL,8M5CL,02/20/2026 9:41:52 AM,8M5CL,D1D,1,6260003
D452822,533,GL3VA533JKF3,0,0,0,0,0,0,0,2.6149558814,0,0,0,0,0,1.8498137176,2.3013513443,3.3028751488,0,1.4628413475,0,10.949127745,D452822A,PXSB,02/22/2025 5:45:15 PM,BPD432,8M5CL,8M5CL,02/20/2026 9:41:58 AM,8M5CL,D1D,2,6259982
D452822,536,GL3VA536JKD3,0,0,0,0,0,0,0,1.7001708648,0,0,0,0,0,0,2.0544345217,5.5263545019,0,0,0,9.2309835006,D452822A,PXSB,02/22/2025 5:45:15 PM,BPD432,8M5CL,8M5CL,02/20/2026 9:41:42 AM,8M5CL,D1D,3,6265507
D452822,539,GL3VA539JKB3,0,0,0,0,0,0,0,0,0,2.6062401799,0,0,0,0,0,0,0,0,1.8914788106,4.4977189905,D452822A,PXSB,02/22/2025 5:45:15 PM,BPD432,8M5CL,8M5CL,02/20/2026 9:41:47 AM,8M5CL,D1D,4,6265476
D501878,23,GF6TK023JKH1,0,0,0,0,0,0,0,0,2.0573616543,0,0,0,0,0,0,2.8890954266,0,2.849919293,0,7.300174306,D5018780,PXSB,03/27/2025 6:24:11 PM,BPD436,8M5CL,8M5CL,02/20/2026 10:38:23 AM,8M5CL,D1D,1,6025414
D501878,24,GF6TK024JKE0,2.9446863217,0,0,0,0,0,0.2175696195,0.5779596922,1.3006785769,0,0,0,0,0,0,0,0,9.8591349961,2.4429492375,16.83809414,D5018780,PXSB,03/27/2025 6:24:11 PM,BPD436,8M5CL,8M5CL,02/20/2026 10:38:24 AM,8M5CL,D1D,2,6025355
D501878,25,GF6TK025JKA7,0,0,0,0,0,0,0.438717097,0,1.8037353912,0,0,0,0,0,0,0,0,3.9940630757,0,6.2365155638,D5018780,PXSB,03/27/2025 6:24:11 PM,BPD436,8M5CL,8M5CL,02/20/2026 10:38:26 AM,8M5CL,D1D,3,6025417
D501878,26,GF6TK026JKF1,0,0,0,0,0,0,1.2692494606,3.3959300209,0,0,0,0,0,0,0,0,0,5.2090345972,0,8.7545297295,D5018780,PXSB,03/27/2025 6:24:11 PM,BPD436,8M5CL,8M5CL,02/20/2026 10:38:28 AM,8M5CL,D1D,4,6025432
D501868,249,GN9SD249JDC0,0,0,0,0,0,0,0.2455626516,7.1261323899,1.9106972982,0,0,0,0,0,0,0,0,14.713448389,0,23.812355114,D5018680,PYZA,03/18/2025 11:44:06 AM,BPD436,8M5CL,8M5CL,02/20/2026 10:21:38 AM,8M5CL,D1D,1,6023111
D501868,250,GN9SD250JDF1,0,0,0,0,0,0,0.2829897694,2.6780299223,1.6917721297,0,0,0,0,0,0,2.1762157364,0,6.2543427295,0,13.083347998,D5018680,PYZA,03/18/2025 11:44:06 AM,BPD436,8M5CL,8M5CL,02/20/2026 10:21:41 AM,8M5CL,D1D,2,6023067
D501868,251,GN9SD251JDC0,0,0,0,0,0,0,0,3.1293283757,1.97232553,0,0,0,2.1559050277,0,0,0,0,2.4407449722,0,9.6983061954,D5018680,PYZA,03/18/2025 11:44:06 AM,BPD436,8M5CL,8M5CL,02/20/2026 10:22:00 AM,8M5CL,D1D,3,6023066
D501868,257,GN9SD257JDF3,0,0,0,0,0,0,1.4027830303,6.0248523287,2.7937986725,0,0,0,0,0,0,2.2260628412,0,0,0,12.447499162,D5018680,PYZA,03/18/2025 11:44:06 AM,BPD436,8M5CL,8M5CL,02/20/2026 10:21:56 AM,8M5CL,D1D,4,6023062
D501868,263,GN9SD263JDA2,0,0,0,0,0,0,0.2273952149,15.042312424,0,0,0,0,0,0,0,0,0,6.9274927422,0,22.197198092,D5018680,PYZA,03/18/2025 11:44:06 AM,BPD436,8M5CL,8M5CL,02/20/2026 10:22:11 AM,8M5CL,D1D,5,6023004
D501868,264,GN9SD264JDE4,0,0,0,0,0,0,0,6.8923852126,0,0,0,0,0,0,0,2.8107250264,0,6.2729887386,0,15.976101268,D5018680,PYZA,03/18/2025 11:44:06 AM,BPD436,8M5CL,8M5CL,02/20/2026 10:21:58 AM,8M5CL,D1D,6,6023022
D501868,270,GN9SD270JDG6,0,0,0,0,0,0,0,2.7344831595,0,0,0,0,0,0,0,0,0,1.2606034892,1.2162611132,5.2113477619,D5018680,PYZA,03/18/2025 11:44:06 AM,BPD436,8M5CL,8M5CL,02/20/2026 10:21:39 AM,8M5CL,D1D,7,6023039
D501868,652,GN8ER652JDB0,0,0,0,0,0,0,0.9193469446,4.7210834312,3.302024356,0,0,0,0,0,0,2.9901851368,0,1.3243520949,0,13.256991964,D5018680,PYZA,03/18/2025 11:44:06 AM,BPD436,8M5CL,8M5CL,02/20/2026 10:21:50 AM,8M5CL,D1D,8,6022923
D501813,278,GL2XN278JKE5,0,0,0,0,0,0,0,0,0,0,0,0,0,1.8025557597,0,0,0,0,0,1.8025557597,D5018130,PXMG,03/22/2025 10:47:00 PM,BPD434,8M5CL,8M5CL,02/20/2026 9:25:21 AM,8M5CL,D1D,1,6015082
D501813,280,GL2XN280JKE5,0,0,0,0,0,0,0.6148990047,3.4402081857,0,2.1772175059,0,0,0,0,0,0,0,0,0,6.2231715859,D5018130,PXMG,03/22/2025 10:47:00 PM,BPD434,8M5CL,8M5CL,02/20/2026 9:25:15 AM,8M5CL,D1D,2,6015164
D501813,620,GK9BL620JKB3,0,0,0,0,0,0,0.321651998,9.1514433621,0,0,0,0,0,0,0,1.9941552986,0,0,0,9.2253368047,D5018130,PXMG,03/22/2025 10:47:00 PM,BPD434,8M5CL,8M5CL,02/20/2026 9:25:30 AM,8M5CL,D1D,3,6015178
D501813,626,GK9BL626JKE6,0,0,0,0,0,0,0,3.0293166606,0,0,0,0,0,0,0,0,0,0,2.09902021,5.1283368706,D5018130,PXMG,03/22/2025 10:47:00 PM,BPD434,8M5CL,8M5CL,02/20/2026 9:25:46 AM,8M5CL,D1D,4,6015118
D501813,627,GK9BL627JKB5,1.8009277086,0,0,0,0,0,0,3.9569183612,0,0,0,0,0,0,0,0,0,0,0,5.7578460698,D5018130,PXMG,03/22/2025 10:47:00 PM,BPD434,8M5CL,8M5CL,02/20/2026 9:25:36 AM,8M5CL,D1D,5,6015187
D501813,628,GK9BL628JKF7,0,0,0,0,0,0,0,9.0073489498,0,0,0,0,0,0,0,0,0,0,0,9.0073489498,D5018130,PXMG,03/22/2025 10:47:00 PM,BPD434,8M5CL,8M5CL,02/20/2026 9:25:10 AM,8M5CL,D1D,6,6015171
D452897,56,GN9SD056JDC7,0,0,0,0,0,0,0.6402338415,1.2818095178,4.8486493372,0,0,0,0,0,0,0,0,0.8561639246,0,7.6268566212,D4528970,PYZA,03/16/2025 3:52:35 PM,BPD458,8M5CL,8M5CL,02/20/2026 3:57:32 PM,8M5CL,D1D,1,5995447
D452897,57,GN9SD057JDH1,0,0,0,0,0,0,0.2193648141,0,0.7877853017,0,0,0,0,0,1.3051977455,1.1016326936,0,1.6438622132,0,5.0578427681,D4528970,PYZA,03/16/2025 3:52:35 PM,BPD458,8M5CL,8M5CL,02/20/2026 3:57:50 PM,8M5CL,D1D,2,5995406
D452897,89,GN9SD089JDH0,0,0,0,0,0,0,0.4960484176,1.1762716861,1.4827389862,0,0,0,0,0,0,0,0,1.2904604601,0,4.4455172602,D4528970,PYZA,03/16/2025 3:52:35 PM,BPD458,8M5CL,8M5CL,02/20/2026 3:57:44 PM,8M5CL,D1D,3,5995442
D452897,95,GN9SD095JDB7,0,0,0,0,0,0,0,0,0,0,0,0,0,0,0,0,0,7.2884715116,0,7.2884715116,D4528970,PYZA,03/16/2025 3:52:35 PM,BPD458,8M5CL,8M5CL,02/20/2026 3:58:03 PM,8M5CL,D1D,4,5995412
D452897,96,GN9SD096JDG1,0,0,0,0,0,0,0.5468091608,0,0,0,0,0,0,0,0,3.5100660072,0,3.3548161701,0,7.4116913381,D4528970,PYZA,03/16/2025 3:52:35 PM,BPD458,8M5CL,8M5CL,02/20/2026 3:57:56 PM,8M5CL,D1D,5,5995505
D452897,104,GN9SD104JDA4,0,0,0,0.8384567419,0,0,0.4526151003,0,0,0,0,0,0,0,0,0,0,0,0,1.2910695524,D4528970,PYZA,03/16/2025 3:52:35 PM,BPD458,8M5CL,8M5CL,02/20/2026 3:57:38 PM,8M5CL,D1D,6,5995386
D452897,106,GN9SD106JDB5,0,0,0,0,0,0,0.6729897253,0,0,0,0,0,0,0,0,3.4869708766,0,1.9389284965,0,6.0988890983,D4528970,PYZA,03/16/2025 3:52:35 PM,BPD458,8M5CL,8M5CL,02/20/2026 3:58:19 PM,8M5CL,D1D,7,5995340
D452897,109,GN9SD109JDH0,0,0,0,0,0,0,0.177690079,2.1936481407,0.5813854519,0,0,0,0,0,0,3.5570073296,0,2.4986522455,0,9.0083832468,D4528970,PYZA,03/16/2025 3:52:35 PM,BPD458,8M5CL,8M5CL,02/20/2026 3:58:14 PM,8M5CL,D1D,8,5995439
D450899,607,GG5BF607JKE0,1.5618480682,0,0,0,0,0,0,1.444536854,0,0,0,0,0,0,0,0,0,1.0374117317,0,4.0437988258,D4508990,PXSA,03/20/2025 8:59:27 AM,BPD448,8M5CL,8M5CL,02/19/2026 10:08:24 AM,8M5CL,D1D,1,5909564
D450899,608,GG5BF608JKA7,0,0,0,0,0,0,0.2175696195,0,1.1432098721,0,0,0,0,0,0,4.3826276328,0,3.4826218205,0,9.0570419751,D4508990,PXSA,03/20/2025 8:59:27 AM,BPD448,8M5CL,8M5CL,02/19/2026 10:08:33 AM,8M5CL,D1D,2,5909602
D450899,609,GG5BF609JKF1,0,0,0,0,0,0,0,3.1233290909,0,0,0,0,0,0,0,0.8542017346,0,5.6576869948,0,8.5948936152,D4508990,PXSA,03/20/2025 8:59:27 AM,BPD448,8M5CL,8M5CL,02/19/2026 10:08:36 AM,8M5CL,D1D,3,5909649
D450899,610,GG5BF610JKA7,0,0,0,0,0,0,0,0,0,0,0,0,0,0,0,1.6731319156,0,1.6095843535,0,3.2827162691,D4508990,PXSA,03/20/2025 8:59:27 AM,BPD448,8M5CL,8M5CL,02/19/2026 10:08:30 AM,8M5CL,D1D,4,5909573
D451958,742,GL0HA742JDE7,0,0,0,0,0,0,0,1.8117496131,0,0,0,0,0,0,1.4596638066,0,0,5.6228843259,0,8.8942977456,D4519580,PXSA,04/21/2025 3:10:00 PM,BPD448,8M5CL,8M5CL,02/19/2026 10:08:43 AM,8M5CL,D1D,1,5970165
D451958,743,GL0HA743JDB6,0,0,0,0,0,0,0,1.1996436673,0,0,0,0,0,1.1247598714,0,0,0,15.952290096,0,18.276693635,D4519580,PXSA,04/21/2025 3:10:00 PM,BPD448,8M5CL,8M5CL,02/19/2026 10:09:00 AM,8M5CL,D1D,2,5970059
D451958,744,GL0HA744JDG0,0,0,0,0,0,0,0.1671624007,0,0,0,0,0,0,0,0,1.0363638015,0,14.149133979,0.7149639279,16.067624109,D4519580,PXSA,04/21/2025 3:10:00 PM,BPD448,8M5CL,8M5CL,02/19/2026 10:08:03 AM,8M5CL,D1D,3,5970110
D451958,745,GL0HA745JDC7,0,0,0,0,0,0,0.5624592088,4.290542443,0.7069730549,0,0,0,0,1.2504979289,0,0,0,16.755839553,0,21.897100056,D4519580,PXSA,04/21/2025 3:10:00 PM,BPD448,8M5CL,8M5CL,06/03/2026 2:42:44 PM,8M5CL,D1D,4,5970109
D451958,746,GL0HA746JDH1,0,0,0,0,0,0,0.0792728911,0,0,0,0,0,0,0,0,1.0363638015,0,27.154685417,0,28.27032211,D4519580,PXSA,04/21/2025 3:10:00 PM,BPD448,8M5CL,8M5CL,02/19/2026 10:08:38 AM,8M5CL,D1D,5,5970060
D451958,747,GL0HA747JDE0,0,0,0,0.1414971231,0,0,0.0873676864,3.9732913415,1.4334820519,0,0,0,0,0,0,2.6262300421,0,7.940694752,0,16.202560825,D4519580,PXSA,04/21/2025 3:10:00 PM,BPD448,8M5CL,8M5CL,02/19/2026 10:08:50 AM,8M5CL,D1D,6,5970134
D451954,588,GG5MX588JKD6,1.5331915672,0,0,0,0,0,0.3847320203,2.2123060534,0,0.6216847233,0,0,0,0,0,5.147839372,0,3.2303875444,0.9825573267,13.603831271,D4519540,PXSA,04/04/2025 3:16:02 PM,BPD458,8M5CL,8M5CL,02/20/2026 2:19:04 PM,8M5CL,D1D,1,5955073
D451954,590,GG5MX590JKD6,0,0,0,0,0,0,1.0878480976,1.0318400767,0,0,0,0,0,0,0,1.0363638015,0,0,0,3.1560519758,D4519540,PXSA,04/04/2025 3:16:02 PM,BPD458,8M5CL,8M5CL,02/20/2026 2:19:14 PM,8M5CL,D1D,2,5955076
D451954,591,GG5MX591JKA5,0,0,0,0,0,0,0.9062440072,1.2036898552,0,0,0,0,0,0,0,4.3167764222,0,1.5433068412,0,7.9700192978,D4519540,PXSA,04/04/2025 3:16:02 PM,BPD458,8M5CL,8M5CL,02/20/2026 2:19:26 PM,8M5CL,D1D,3,5955081
D451954,616,GG5MX616JKH1,0,0,0,0,0,0,0.9208321794,1.6204542179,2.9631388104,0,0,0,0,0,0,3.7447199708,0,0.7410291991,0,9.219553556,D4519540,PXSA,04/04/2025 3:16:02 PM,BPD458,8M5CL,8M5CL,02/20/2026 2:19:55 PM,8M5CL,D1D,4,5955110
D451954,617,GG5MX617JKE0,0,0,0,0,0,0,1.0046816988,3.3891026051,0,0,0,0,0,0,0,3.4055175745,0,0,0,7.7993018785,D4519540,PXSA,04/04/2025 3:16:02 PM,BPD458,8M5CL,8M5CL,02/20/2026 2:17:55 PM,8M5CL,D1D,5,5955105
D451954,618,GG5MX618JKA7,1.4208653272,0,0,0,0,0,0.7528188875,0,2.4159361382,0,0,0,0,0,2.6879692497,0,0,2.0499517259,0.9105719408,9.8787011828,D4519540,PXSA,04/04/2025 3:16:02 PM,BPD458,8M5CL,8M5CL,06/03/2026 2:42:22 PM,8M5CL,D1D,6,5954998
D451954,619,GG5MX619JKF1,2.3729577933,0,0,0,0,0,0.9875369822,0,0,0,0,0,0,0,0,7.4380335522,0,4.430573556,0,15.229104055,D4519540,PXSA,04/04/2025 3:16:02 PM,BPD458,8M5CL,8M5CL,02/20/2026 2:19:01 PM,8M5CL,D1D,7,5955107
D451954,620,GG5MX620JKA7,0,0,0,0,0,0,0.9747011247,0,3.8704148945,0,0,0,0,0,0,3.458725783,0,3.5996656592,0,11.903505307,D4519540,PXSA,04/04/2025 3:16:02 PM,BPD458,8M5CL,8M5CL,02/20/2026 2:18:57 PM,8M5CL,D1D,8,5955078
D451954,621,GG5MX621JKF1,0,0,0,0,0,0,2.3435159667,2.2748806316,7.976276446,0,0,0,0,0,0,0,0,7.8866825961,0.6945543205,17.125575988,D4519540,PXSA,04/04/2025 3:16:02 PM,BPD458,8M5CL,8M5CL,02/20/2026 2:18:51 PM,8M5CL,D1D,9,5955092
D451954,671,GG5MX671JKF4,1.5859818523,0,0,0,0,0,0.546932533,2.5206056432,0,0,0,0,0,0,0,2.9465760538,0,5.5400673755,1.268418002,14.190415266,D4519540,PXSA,04/04/2025 3:16:02 PM,BPD458,8M5CL,8M5CL,02/20/2026 2:18:02 PM,8M5CL,D1D,10,5955097
D451954,672,GG5MX672JKC3,0,0,0,0,0,0,0.5491844944,3.6317345595,1.4181618631,0,0,0,0,0,0,8.4451952761,0,4.6160152099,0,17.866916246,D4519540,PXSA,04/04/2025 3:16:02 PM,BPD458,8M5CL,8M5CL,02/20/2026 2:20:17 PM,8M5CL,D1D,11,5955113
D451954,673,GG5MX673JKG5,0,0,0,0,0,0,1.001971209,0,0.6011727348,0,0,0,2.220618711,0,0,0,0,6.4516563469,0,10.275419002,D4519540,PXSA,04/04/2025 3:16:02 PM,BPD458,8M5CL,8M5CL,02/20/2026 2:20:06 PM,8M5CL,D1D,12,5955112
D451879,534,GK7GT534JKB1,0,0,0,0,0,0,0.2773681572,2.8615375951,0.6972635494,0,0,0,1.8125014442,0,0,8.5319369974,0,3.8609027816,0,18.0415084,D4518790,PXSB,04/03/2025 9:20:48 AM,BPD458,8M5CL,8M5CL,02/20/2026 4:14:33 PM,8M5CL,D1D,1,5948112
D451879,535,GK7GT535JKF3,0,0,0,0,0,0,0,1.9686094134,0.6807558586,0,0,0,0,0,0,14.314754141,0,1.2924058245,3.543570568,21.180976436,D4518790,PXSB,04/03/2025 9:20:48 AM,BPD458,8M5CL,8M5CL,02/20/2026 4:14:24 PM,8M5CL,D1D,2,5948166
D502870,41,GK3TW041JKA3,0,0,0,0,0,0,0,0,0,0,0,0,0,0,0,0,0,0.8002320688,0,0.8002320688,D5028700,PXSB,04/28/2025 7:47:40 PM,BPD436,8M5CL,8M5CL,02/20/2026 10:28:36 AM,8M5CL,D1D,1,6055195
D502870,42,GK3TW042JKE5,0,0,0,0,0,0,1.2163266165,0,0,0,2.1050828484,0,0,0,0,0,0,0,0,3.3214094649,D5028700,PXSB,04/28/2025 7:47:40 PM,BPD436,8M5CL,8M5CL,02/20/2026 10:28:29 AM,8M5CL,D1D,2,6055177
D502870,43,GK3TW043JKB4,0,0,0,0,0,0,0.5312843222,3.4333465729,0,0,0,0,0,0,0,0,0,2.9474415515,0,6.9120703064,D5028700,PXSB,04/28/2025 7:47:40 PM,BPD436,8M5CL,8M5CL,02/20/2026 10:28:43 AM,8M5CL,D1D,3,6055175
D502870,44,GK3TW044JKF6,0,0,0,0,0,0,0.1173942455,0.8558901782,1.9261534732,0,0,0,0,0,0,0,0,1.097378958,0.6606595294,4.6574763843,D5028700,PXSB,04/28/2025 7:47:40 PM,BPD436,8M5CL,8M5CL,02/20/2026 10:28:31 AM,8M5CL,D1D,4,6055209
D451953,220,GK6YB220JKF4,0,0,0,0,0,0,0.6013279619,4.8495298821,0.765431463,0,0,0,0,0,0,2.4437161166,0,3.1111701637,2.0011579689,12.616414172,D4519530,PXSA,04/30/2025 3:03:08 AM,BPD448,8M5CL,8M5CL,06/03/2026 9:19:41 PM,8M5CL,D1D,1,5954705
D451953,221,GK6YB221JKC3,0,0,0,0,0,0,1.0394554584,0,1.3113731839,0,0,0,0,0,0,3.3292546431,0,0.8120610027,0.4497936177,6.8599195274,D4519530,PXSA,04/30/2025 3:03:08 AM,BPD448,8M5CL,8M5CL,06/03/2026 9:46:43 PM,8M5CL,D1D,2,5954702
D451953,223,GK6YB223JKD4,0,0,0,0,0,0,1.4412942568,2.9580326513,0,0,0,0,0,0,0,3.8837300696,0,1.0621753572,0,9.3452279911,D4519530,PXSA,04/30/2025 3:03:08 AM,BPD448,8M5CL,8M5CL,02/19/2026 10:09:46 AM,8M5CL,D1D,3,5954658
D451953,226,GK6YB226JKB4,0,0,0,0,0,0,2.8110490297,4.4177812825,1.7465627393,0,0,0,0,0,0,2.2905837251,0,1.0420012242,0,12.307978001,D4519530,PXSA,04/30/2025 3:03:08 AM,BPD448,8M5CL,8M5CL,02/19/2026 10:09:20 AM,8M5CL,D1D,4,5954746
D451953,227,GK6YB227JKF6,0,0,0,0,0,0,0.4529189341,1.9471676476,3.2959316906,0,0,0,0,0,0,1.0829948725,0,1.2289269476,0,8.0079379205,D4519530,PXSA,04/30/2025 3:03:08 AM,BPD448,8M5CL,8M5CL,02/19/2026 10:09:13 AM,8M5CL,D1D,5,5954683
D451953,228,GK6YB228JKC5,0,0,0,0,0,0,1.0253991543,10.316270308,2.8102929214,0,0,0,0,0,1.9287977601,2.7429540471,0,1.2652233455,0.7007960528,20.211778206,D4519530,PXSA,04/30/2025 3:03:08 AM,BPD448,8M5CL,8M5CL,02/19/2026 10:09:51 AM,8M5CL,D1D,6,5954757
D451953,273,GK6YB273JKD7,1.0411842644,0,0,0,0,0,0.8207050327,7.9469128067,0.7700462392,0,0,0,0,0,0,7.1697059226,0,2.1846243623,0,17.562801012,D4519530,PXSA,04/30/2025 3:03:08 AM,BPD448,8M5CL,8M5CL,02/19/2026 10:09:29 AM,8M5CL,D1D,7,5954681
D451953,274,GK6YB274JKA6,0,0,0,0,0,0,0.9754507705,6.9550480271,0,0,0,0,0,0,0,5.5221043548,0,1.2228683568,0,13.356267202,D4519530,PXSA,04/30/2025 3:03:08 AM,BPD448,8M5CL,8M5CL,02/19/2026 10:09:44 AM,8M5CL,D1D,8,5954728
D451953,275,GK6YB275JKF0,0,0,0,0,0,0,0.8490717851,1.9373377784,1.3113731839,0,0,0,0,0,0,3.6121468116,0,0.8120610027,0.7208425964,9.24283533,D4519530,PXSA,04/30/2025 3:03:08 AM,BPD448,8M5CL,8M5CL,02/19/2026 10:09:35 AM,8M5CL,D1D,9,5954662
D451953,577,GK7GT577JKC3,0,0,0,0,0,0,0.7644971194,0,1.3113731839,0,0,0,0,0,0,5.0606668693,0,1.4942443698,0,8.6307815424,D4519530,PXSA,04/30/2025 3:03:08 AM,BPD448,8M5CL,8M5CL,02/19/2026 10:09:24 AM,8M5CL,D1D,10,5954725
D451953,578,GK7GT578JKG5,0,0,0,0,0,0,1.81663739,2.050970641,5.6995636148,0,0,0,0,0,0,3.4520435953,0,2.0506970634,0.5683887831,15.638301088,D4519530,PXSA,04/30/2025 3:03:08 AM,BPD448,8M5CL,8M5CL,02/19/2026 10:09:16 AM,8M5CL,D1D,11,5954661
D451953,579,GK7GT579JKD4,1.163251867,0,0,0,0,0,1.3339605987,0,0.6011727348,0,0,0,0,0,0,4.0448847592,0,0.7471221849,0,7.8903921447,D4519530,PXSA,04/30/2025 3:03:08 AM,BPD448,8M5CL,8M5CL,06/03/2026 10:00:24 PM,8M5CL,D1D,12,5954737
D452838,291,GE8VM291JKB6,0,0,0,0,0,0,4.534552943,0,0,0,0,0,0,9.4543523974,0,0,0,0,0,13.98890534,D452838E,PXMG,05/02/2025 12:45:58 PM,BPD454,8M5CL,8M5CL,02/23/2026 4:57:23 PM,8M5CL,D1D,1,6649532
D452838,294,GE8VM294JKH1,0,0,0,0,0,0,0,4.7731491254,0,0,0,0,0,0,0,8.0367189952,0,1.0704014966,0,13.880269617,D452838E,PXMG,05/02/2025 12:45:58 PM,BPD454,8M5CL,8M5CL,02/23/2026 4:57:30 PM,8M5CL,D1D,2,6649584
D452838,296,GE8VM296JKA7,0,0,0,0,0,0,0,0,0,0,0,0,0,0,0,0,0,0,0,0,D452838E,PXMG,05/02/2025 12:45:58 PM,BPD454,8M5CL,8M5CL,02/23/2026 4:57:16 PM,8M5CL,D1D,3,6649455
D452838,301,GE8VM301JKE5,0,0,0,0,0,0,0,0,1.1647054113,0,0,0,0,0,0,0,0,1.7151783325,0,2.8798837439,D452838E,PXMG,05/02/2025 12:45:58 PM,BPD454,8M5CL,8M5CL,02/23/2026 4:57:18 PM,8M5CL,D1D,4,6649474
D451883,8,MBYTY008WAF5,0,0,0,0,0,0,0.218837851,0,1.3792649757,0,0,0,0,0,0,1.0989812472,0,4.2677737303,0,6.9648578043,D451883A,PXSB,05/02/2025 6:33:04 AM,BPD444,8M5CL,8M5CL,02/19/2026 12:43:27 PM,8M5CL,D1D,1,6595267
D451883,19,MBYTY019WAH0,0,0,0,0,0,0,0.4092120127,0,1.29227099,0,0,0,0,0,0,1.314529384,0,1.860930152,0,4.8769425386,D451883A,PXSB,05/02/2025 6:33:04 AM,BPD444,8M5CL,8M5CL,02/19/2026 12:43:18 PM,8M5CL,D1D,2,6595241
D451883,62,MBYTY062WAH1,0,0,0,0,0,0,0.2146302481,0,2.1145627052,0,0,0,0,0,0,4.8580685392,0,1.8726425397,0,9.0599040322,D451883A,PXSB,05/02/2025 6:33:04 AM,BPD444,8M5CL,8M5CL,02/19/2026 12:43:28 PM,8M5CL,D1D,3,6595240
D451883,82,MBYTY082WAB3,0,0,0,0,0,0,0.4140004981,1.11033965,1.3365790569,0,0,0,0,0,0,2.4143204098,0,0.7974044981,0,6.0726441129,D451883A,PXSB,05/02/2025 6:33:04 AM,BPD444,8M5CL,8M5CL,02/19/2026 12:43:16 PM,8M5CL,D1D,4,6595974
D452906,81,GF6TK081JKD4,0,0,0,0,0,0,0.4905963547,2.3152032676,2.7281769936,0,0,0,0,0,0,0,0,1.0657420455,0,6.5997209511,D4529060,PYZA,05/02/2025 7:02:44 AM,BPD444,8M5CL,8M5CL,06/03/2026 11:02:03 PM,8M5CL,D1D,1,6012572
D452906,82,GF6TK082JKA3,0,0,0,0,0,0,0.3339405677,4.0061945685,1.7546712119,0,0,0,0,0,0,5.0682820602,0,8.5486101672,0,17.657207413,D4529060,PYZA,05/02/2025 7:02:44 AM,BPD444,8M5CL,8M5CL,02/19/2026 12:58:32 PM,8M5CL,D1D,2,6012595
D452906,83,GF6TK083JKE5,0,0,0,0,0,0,1.9641394214,8.086217533,0,0,0,0,0,0,0,3.3730683302,0,24.202455822,0,35.409911794,D4529060,PYZA,05/02/2025 7:02:44 AM,BPD444,8M5CL,8M5CL,02/19/2026 12:58:52 PM,8M5CL,D1D,3,6012588
D452906,84,GF6TK084JKB4,1.3642934357,0,0,0,0,0,0,0,1.5905780877,0,0,0,0,0,0,5.8280811745,0,5.5946843398,0,14.377634748,D4529060,PYZA,05/02/2025 7:02:44 AM,BPD444,8M5CL,8M5CL,02/19/2026 12:58:10 PM,8M5CL,D1D,4,6012605
D452906,85,GF6TK085JKF6,0,0,0,0,0,0,0.9129560553,1.5159093275,3.6628657363,0,0,0,0,0,0,2.2895366684,0,5.4243537442,0,13.805619242,D4529060,PYZA,05/02/2025 7:02:44 AM,BPD444,8M5CL,8M5CL,02/19/2026 12:58:22 PM,8M5CL,D1D,5,6012543
D452906,86,GF6TK086JKC5,0,0,0,0.1475239824,0,0,0.6946903551,1.8033505082,0,0,0,0,0,0,0,5.2991142959,0,4.4779388301,0,10.986117333,D4529060,PYZA,05/02/2025 7:02:44 AM,BPD444,8M5CL,8M5CL,02/19/2026 12:58:12 PM,8M5CL,D1D,6,6012541
D452906,88,GF6TK088JKD6,0,0,0,0,0,0,1.4230937391,0,4.4594943251,0,0,0,0,1.08725491,0,6.3850846166,0,2.3931029646,0,15.748030555,D4529060,PYZA,05/02/2025 7:02:44 AM,BPD444,8M5CL,8M5CL,02/19/2026 12:58:24 PM,8M5CL,D1D,7,6012610
D452906,89,GF6TK089JKA5,1.1858980919,0,0,0,0,0,0.8715057227,1.0968240704,2.5978014777,0,0,0,0,0,0,1.7785036648,0,7.2933076127,0,14.82384064,D4529060,PYZA,05/02/2025 7:02:44 AM,BPD444,8M5CL,8M5CL,02/19/2026 12:58:45 PM,8M5CL,D1D,8,6012590
D501896,127,GL2XM127JKA4,0,0,0,0,0,0,0.1751949631,0,2.479805535,0,0,0,0,0,0,2.1723272242,0,0,0,4.8273255821,D5018960,PXSB,04/30/2025 8:04:55 PM,BPD450,8M5CL,8M5CL,02/23/2026 11:45:47 AM,8M5CL,D1D,1,6032025
D501896,128,GL2XM128JKE6,0,0,0,0,0,0,0,0,0,0,0,0,0,0,0,0,0,4.6377134011,0,4.6377134011,D5018960,PXSB,04/30/2025 8:04:55 PM,BPD450,8M5CL,8M5CL,06/07/2026 7:08:43 PM,8M5CL,D1D,2,6032030
D501896,129,GL2XM129JKB5,0,0,0,0,0,0,0.2484122379,0,0,0,0,0,0,0,0,1.1832819077,0,2.6838443804,0,4.1155406662,D5018960,PXSB,04/30/2025 8:04:55 PM,BPD450,8M5CL,8M5CL,02/23/2026 11:45:18 AM,8M5CL,D1D,3,6031915
D501896,132,GL2XM132JKF7,0,0,0,0,0,0,1.382465304,0,4.9436762575,0,0,0,0,0,0,0.9648989687,0,4.7342970127,0,12.025335418,D5018960,PXSB,04/30/2025 8:04:55 PM,BPD450,8M5CL,8M5CL,02/23/2026 11:45:46 AM,8M5CL,D1D,4,6032014
D501896,133,GL2XM133JKC6,0,0,0,0,0,0,0,0,0,0,0,0,0,0,0,4.9869503705,0,1.5364712549,0,6.5234216253,D5018960,PXSB,04/30/2025 8:04:55 PM,BPD450,8M5CL,8M5CL,02/23/2026 11:45:23 AM,8M5CL,D1D,5,6032071
D501896,134,GL2XM134JKH0,0.9963518627,0,0,0,0,0,0,0,1.7523964745,0,0,0,0,0,0,2.7925732838,0,2.0835475718,0,7.6248691928,D5018960,PXSB,04/30/2025 8:04:55 PM,BPD450,8M5CL,8M5CL,02/23/2026 11:45:28 AM,8M5CL,D1D,6,6032052
D502895,412,GK7GT412JKG5,0,0,0,0,0,0,1.2674022944,1.123307882,1.4159764966,0,0,0,0,0,0,4.4156038276,0,0.8768358643,0,9.0991263649,D5028950,PXMG,04/07/2025 1:17:50 PM,BPD458,8M5CL,8M5CL,02/20/2026 4:00:17 PM,8M5CL,D1D,1,6049357
D502895,413,GK7GT413JKD4,0,0,0,0,0,0,0.223425848,1.3791387572,1.7384616577,0,0,0,0,0,0,0,0,3.3172814424,0,6.6583077054,D5028950,PXMG,04/07/2025 1:17:50 PM,BPD458,8M5CL,8M5CL,02/20/2026 4:00:23 PM,8M5CL,D1D,2,6049322
D502895,414,GK7GT414JKA3,0,0,0,0,0,0,0.6442408592,0,0.746759214,0,0,0,0,0,0,3.3933298339,1.1759833504,0,0,5.9603154567,D5028950,PXMG,04/07/2025 1:17:50 PM,BPD458,8M5CL,8M5CL,02/20/2026 4:00:44 PM,8M5CL,D1D,3,6049429
D502895,415,GK7GT415JKE5,0,0,0,0,0,0,0.3057406341,2.2187273882,1.339667597,0,0,0,0,0.99643047,0,0,0,0.7632422215,0.7363956201,6.3602039309,D5028950,PXMG,04/07/2025 1:17:50 PM,BPD458,8M5CL,8M5CL,02/20/2026 4:00:48 PM,8M5CL,D1D,4,6049372
D501874,159,GL2XM159JKA3,0,0,0,0,0,0,0,0,0,0,0,0,0,0,0,4.6524880374,0,0,0,4.6524880374,D5018740,PXSB,04/12/2025 2:19:06 PM,BPD458,8M5CL,8M5CL,02/20/2026 4:14:34 PM,8M5CL,D1D,1,6023344
D501874,160,GL2XM160JKD4,0,0,0,0,0,0,0,0.5701514413,0,0,0,0,0,0,0,3.6215156781,0,0,0,4.1916671194,D5018740,PXSB,04/12/2025 2:19:06 PM,BPD458,8M5CL,8M5CL,02/20/2026 4:14:23 PM,8M5CL,D1D,2,6023333
D451848,128,GL1KC128JKE3,0,0,0,0,0,0,0.6629737266,0.8257922095,1.8584178828,0,0,0,0,0,0,1.0141567111,0,5.4761440684,0,9.7350520126,D451848A,PXMG,04/11/2025 5:33:51 AM,BPD442,8M5CL,8M5CL,02/20/2026 11:21:30 AM,8M5CL,D1D,1,6100073
D451848,129,GL1KC129JKB2,0,0,0,0,0,0,0,0.9034458239,3.2136224989,0,0,0,1.4440431895,0,0,1.9854282033,0.6941909878,7.7354710089,0,15.976199493,D451848A,PXMG,04/11/2025 5:33:51 AM,BPD442,8M5CL,8M5CL,02/20/2026 11:21:20 AM,8M5CL,D1D,2,6100061
D451848,173,GL1KC173JKF5,0,0,0,0,0,0,0,3.2844598082,0,0,0,0,1.7499302596,0,0,0,0,0,0,5.0343900678,D451848A,PXMG,04/11/2025 5:33:51 AM,BPD442,8M5CL,8M5CL,02/20/2026 11:21:17 AM,8M5CL,D1D,3,6100126
D451848,174,GL1KC174JKC4,0,0,0,0.1620729508,0,0,0.1000706345,3.1740114571,0,0,0,0,0,0,0,4.2242220104,0,1.8709049949,0,9.5312842469,D451848A,PXMG,04/11/2025 5:33:51 AM,BPD442,8M5CL,8M5CL,02/20/2026 11:21:09 AM,8M5CL,D1D,4,6100176
D452997,408,GL3VA408JKG5,0,0,0,0,0,0,0.438941322,2.4769805726,3.1223394555,0,0,0,0,0,0,9.6890687949,0,1.778875059,0,17.506205204,D4529970,PXSA,04/15/2025 4:02:58 PM,BPD442,8M5CL,8M5CL,02/20/2026 11:35:33 AM,8M5CL,D1D,1,5998727
D452997,409,GL3VA409JKD4,0,0,0,0,0,0,0.7336044858,2.5032915209,2.8335781671,0,0,0,0,1.1735161095,0,0,0,4.3455927512,0,11.533887682,D4529970,PXSA,04/15/2025 4:02:58 PM,BPD442,8M5CL,8M5CL,02/20/2026 11:35:26 AM,8M5CL,D1D,2,5998786
D452997,410,GL3VA410JKG5,0,0,0,0,0,0,0.9168082185,0,0.5962700068,0,0,0,0,0,0,7.4023216193,0,0,0,8.9153998445,D4529970,PXSA,04/15/2025 4:02:58 PM,BPD442,8M5CL,8M5CL,02/20/2026 11:35:15 AM,8M5CL,D1D,3,5998717
D452997,411,GL3VA411JKD4,0,0,0,0,0,0,1.0288849826,0,1.9656936716,0,0,0,0,1.0292563718,0,1.7800555273,1.4816605735,6.4712205232,0,13.617007677,D4529970,PXSA,04/15/2025 4:02:58 PM,BPD442,8M5CL,8M5CL,02/20/2026 11:35:39 AM,8M5CL,D1D,4,5998733
D501885,513,GM5AW513JDB5,0,0,0,0,0,0,0,1.9238679012,4.4751207407,0,0,0,0,0,0,0,0,3.686418092,0,10.085406734,D5018850,PXSB,04/16/2025 7:01:09 PM,BPD434,8M5CL,8M5CL,02/20/2026 9:16:17 AM,8M5CL,D1D,1,6026429
D501885,515,GM5AW515JDC6,0,0,0,0,0,0,0.4323264988,0,0,0,0,0,0,0,0,0,0,3.8163814302,0,4.248707929,D5018850,PXSB,04/16/2025 7:01:09 PM,BPD434,8M5CL,8M5CL,02/20/2026 9:16:23 AM,8M5CL,D1D,2,6026412
D452838,293,GE8VM293JKC7,1.1561167176,0,0,0,0,0,0,0,0,0,0,0,0,0,0,0,0,0.7679170801,0,1.9240337978,D452838A,PXMG,04/13/2025 7:35:49 AM,BPD448,8M5CL,8M5CL,02/19/2026 10:18:12 AM,8M5CL,D1D,1,6131962
D452838,302,GE8VM302JKB4,0,0,0,0,0,0,0.4041971311,4.2118074722,3.542154746,0,0,0,0,0,0,2.2777301815,0,1.0090259551,0,11.444915486,D452838A,PXMG,04/13/2025 7:35:49 AM,BPD448,8M5CL,8M5CL,02/19/2026 10:18:28 AM,8M5CL,D1D,2,6181587
D452838,304,GE8VM304JKC5,0.7820081455,0,0,0,0,0,0.4601384258,0,0.5783635356,0,0,0,0,0,0,0,0,1.7020584785,1.7343230826,5.2568938671,D452838A,PXMG,04/13/2025 7:35:49 AM,BPD448,8M5CL,8M5CL,02/19/2026 10:18:00 AM,8M5CL,D1D,3,6181404
D452838,346,GE8VM346JKH0,0,0,0,0,0,0,0,0,0,0,0,0,0,0,0,0,0,1.6470562463,0,1.6470562463,D452838A,PXMG,04/13/2025 7:35:49 AM,BPD448,8M5CL,8M5CL,02/19/2026 10:18:08 AM,8M5CL,D1D,4,6181424
D501894,577,MC0EQ577WAH1,0,0,0,0,0,0,1.0988241438,4.48041353,0.9524452401,0,0,0,0,0,0,7.5504324853,0,5.7342823696,0,19.772824822,D5018940,PXSB,05/09/2025 5:12:06 AM,BPD444,8M5CL,8M5CL,02/19/2026 12:43:20 PM,8M5CL,D1D,1,6029024
D501894,583,MC0EQ583WAC0,0,0,0,0,0,0,0,0,1.8846867071,0,0,0,0,0,0,3.2807588614,0,2.9856211179,0,8.1510666864,D5018940,PXSB,05/09/2025 5:12:06 AM,BPD444,8M5CL,8M5CL,02/19/2026 12:42:52 PM,8M5CL,D1D,2,6029022
D451973,280,GK7GT280JKB7,0,0,0,0,0,0,0.2483417187,3.0002376617,0.6806030071,0,0,0,0,0,0,0,0,6.1399439121,0,10.000385071,D4519730,PXSA,05/06/2025 2:02:35 PM,BPD432,8M5CL,8M5CL,02/20/2026 9:48:07 AM,8M5CL,D1D,1,5958643
D451973,281,GK7GT281JKG1,0,0,0,0,0,0,0.438717097,2.0806484103,3.1741833524,0,0,0,0,0,0,0.7156301161,0,2.3699410703,0,8.779120046,D4519730,PXSA,05/06/2025 2:02:35 PM,BPD432,8M5CL,8M5CL,02/20/2026 9:48:11 AM,8M5CL,D1D,2,5958725
D451973,284,GK7GT284JKE1,0,0,0,0,0,0,0,0.8314110657,2.5535844661,0,0,0,0,0,0,4.5494410604,0,7.1228911407,0,14.869177404,D4519730,PXSA,05/06/2025 2:02:35 PM,BPD432,8M5CL,8M5CL,02/20/2026 9:48:06 AM,8M5CL,D1D,3,5958703
D451973,286,GK7GT286JKF2,1.1694216258,0,0,0,0,0,0.8820875539,1.0434401995,13.449867376,0,0,0,0,0,0,16.972104101,1.3926609804,2.253252225,0.4521786023,36.580290328,D4519730,PXSA,05/06/2025 2:02:35 PM,BPD432,8M5CL,8M5CL,02/20/2026 9:47:59 AM,8M5CL,D1D,4,5958727
D451973,289,GK7GT289JKD2,1.1799079136,0,0,0,0,0,0.3878954134,1.0527972363,3.8526767178,0,0,0,0,0,0,7.1196400488,0,7.9048958713,0,21.497811029,D4519730,PXSA,05/06/2025 2:02:35 PM,BPD432,8M5CL,8M5CL,02/20/2026 9:48:04 AM,8M5CL,D1D,5,5958644
D451973,291,GK7GT291JKD2,0,0,0,0,0,0,0.1598493977,1.0403242051,0.6011727348,0,0,0,0,0,0,3.7766592074,0,2.4348798881,0,8.0128854331,D4519730,PXSA,05/06/2025 2:02:35 PM,BPD432,8M5CL,8M5CL,06/07/2026 5:34:05 PM,8M5CL,D1D,6,5958745
D451973,292,GK7GT292JKA1,0,0,0,0.1283876171,0,0,0.6219044471,1.0318400767,1.8969485836,0,0,0,0,0,0,3.302103661,0,3.3550958653,0,10.2042715,D4519730,PXSA,05/06/2025 2:02:35 PM,BPD432,8M5CL,8M5CL,02/20/2026 9:48:03 AM,8M5CL,D1D,7,5958718
D451952,559,GK7GT559JKB7,0,0,2.4498809722,0,0,0,1.0691122998,1.0799672901,0.624081586,0,0,0,0,0,0.6064395119,5.2535156114,0,9.1924610511,0.4669339906,20.410913312,D4519520,PXSA,05/04/2025 11:34:12 PM,BPD432,8M5CL,8M5CL,02/20/2026 9:47:55 AM,8M5CL,D1D,1,5955096
D451952,560,GK7GT560JKF0,0,0,0,0,0,0,1.0539740157,0,1.3786783626,0,0,0,0,0,0,3.7142537616,0,4.1740968461,0,10.181756275,D4519520,PXSA,05/04/2025 11:34:12 PM,BPD432,8M5CL,8M5CL,02/20/2026 9:48:02 AM,8M5CL,D1D,2,5955044
D451952,561,GK7GT561JKB7,0,0,0,0,0,0,0.9874305607,0,3.0588376777,0,0,0,0,0,0,3.4338278585,0,5.6358879676,0,13.115984064,D4519520,PXSA,05/04/2025 11:34:12 PM,BPD432,8M5CL,8M5CL,02/20/2026 9:47:47 AM,8M5CL,D1D,3,5955094
D451952,562,GK7GT562JKG1,0,0,0,0,0,0,1.7037898446,0.5779596922,3.8920339906,0,0,0,0,0,0,3.4508501936,0,2.3157291723,0,11.488998561,D4519520,PXSA,05/04/2025 11:34:12 PM,BPD432,8M5CL,8M5CL,02/20/2026 9:47:59 AM,8M5CL,D1D,4,5955082
D451952,563,GK7GT563JKD0,0,0,0,0,0,0,0.2992832473,0,1.1028739695,0,0,0,0,0,0,4.2172223911,0,3.5761959002,0,9.1955755081,D4519520,PXSA,05/04/2025 11:34:12 PM,BPD432,8M5CL,8M5CL,06/03/2026 9:12:47 PM,8M5CL,D1D,5,5955083
D451952,564,GK7GT564JKH2,0,0,0,0,0,0,0.8108431972,1.0873289463,1.3006785769,0,0,0,0,0,0,4.3683843622,0,5.9938599146,0,13.450793662,D4519520,PXSA,05/04/2025 11:34:12 PM,BPD432,8M5CL,8M5CL,02/20/2026 9:47:46 AM,8M5CL,D1D,6,5955088
D452998,153,GL1KD153JKE3,0,0,0,0,0,0,0,1.1903806554,0,0,0,0,0,0,0,3.5704730311,0,5.9825179115,0.8267145881,11.570086186,D4529980,PXSA,05/16/2025 10:49:00 AM,BPD448,8M5CL,8M5CL,02/19/2026 10:09:23 AM,8M5CL,D1D,1,5998980
D452998,154,GL1KD154JKB2,0,0,0,0,0,0,1.3272586911,1.0318400767,1.9947256631,0,0,0,0,0,0,6.6167574269,0,5.8516146206,0,16.53811518,D4529980,PXSA,05/16/2025 10:49:00 AM,BPD448,8M5CL,8M5CL,02/19/2026 10:09:50 AM,8M5CL,D1D,2,5999025
D452998,155,GL1KD155JKF4,0,0,0,0,0,0,0.6871786608,0,0,0,0,0,0,0,0,0,0,2.3699410703,0,3.057119731,D4529980,PXSA,05/16/2025 10:49:00 AM,BPD448,8M5CL,8M5CL,02/19/2026 10:09:31 AM,8M5CL,D1D,3,5999011
D452998,157,GL1KD157JKG5,0,0,0,0,0,0,0.8365097075,2.2021665305,0,0,0,0,0,0,0,0,1.0597341789,2.5816264133,0,6.6800368302,D4529980,PXSA,05/16/2025 10:49:00 AM,BPD448,8M5CL,8M5CL,02/19/2026 10:09:51 AM,8M5CL,D1D,4,5999015
D452998,158,GL1KD158JKD4,1.8824446604,0,0,0,0,0,0.9788435641,0.7412446146,0,0,0,0,0,0,0,0,0,7.2222342907,0.7646064218,10.886634451,D4529980,PXSA,05/16/2025 10:49:00 AM,BPD448,8M5CL,8M5CL,02/19/2026 10:09:36 AM,8M5CL,D1D,5,5998958
D452998,159,GL1KD159JKA3,0,0,0,0,0,0,0.6616505382,2.2381456762,1.2522984064,0,0,0,0,0,0,3.8922915685,0,16.282274853,0.8316273509,24.624089515,D4529980,PXSA,05/16/2025 10:49:00 AM,BPD448,8M5CL,8M5CL,02/19/2026 10:09:38 AM,8M5CL,D1D,6,5999016
D452998,160,GL1KD160JKD4,0,0,0,0,0,0,0,3.93665515,0,0,0,0,0,0.9370572722,0,2.068632555,0,5.6274166673,0,11.632704372,D4529980,PXSA,05/16/2025 10:49:00 AM,BPD448,8M5CL,8M5CL,02/19/2026 10:09:45 AM,8M5CL,D1D,7,5999012
D452998,161,GL1KD161JKA3,0,0,0,0,0,0,0.2484615638,1.0403242051,1.3113731839,0,0,0,0,0,0,0,0,4.5476719272,0,7.1478308801,D4529980,PXSA,05/16/2025 10:49:00 AM,BPD448,8M5CL,8M5CL,02/19/2026 10:09:18 AM,8M5CL,D1D,8,5998975
D451975,574,GL1RX574JDC6,0,0,0,0,0,0,0.2576541292,8.3712646886,0,0,0,0,0,4.917963067,0,5.2098704093,0,4.062061417,0,22.240854019,D4519750,PXSA,05/22/2025 6:51:41 PM,BPD436,8M5CL,8M5CL,02/20/2026 10:41:54 AM,8M5CL,D1D,1,5958910
D451975,576,GL1RX576JDD7,0,0,0,0,0,0,0,7.2927893179,0,0,0,0,0,0,0,5.2306644641,1.3926609804,4.1255831293,0.9610093177,17.970867133,D4519750,PXSA,05/22/2025 6:51:41 PM,BPD436,8M5CL,8M5CL,02/20/2026 10:41:23 AM,8M5CL,D1D,2,5958911
D451975,577,GL1RX577JDA6,0,0,0,0,0,0,0.7908853013,0,2.0442479224,0,0,0,0,0,0,1.115568531,0,0,0,3.9507017547,D4519750,PXSA,05/22/2025 6:51:41 PM,BPD436,8M5CL,8M5CL,02/20/2026 10:41:13 AM,8M5CL,D1D,3,5958936
D451975,578,GL1RX578JDF0,0,0,0,0,0,0,0,4.2120315095,0.9199252803,0,0,0,0,0,0,0,0,2.2865209894,0,6.3866377024,D4519750,PXSA,05/22/2025 6:51:41 PM,BPD436,8M5CL,8M5CL,02/20/2026 10:40:44 AM,8M5CL,D1D,4,5958986
D451975,579,GL1RX579JDB7,0,0,0,0,0,0,0,0,0,0,0,0,0,0,0,2.9763262854,0,4.7411852606,0,7.7175115461,D4519750,PXSA,05/22/2025 6:51:41 PM,BPD436,8M5CL,8M5CL,02/20/2026 10:41:06 AM,8M5CL,D1D,5,5958950
D451975,580,GL1RX580JDF0,0,0,0,0,0,0,0.1967217108,2.4007687353,0,0,0,0,0,0,0,0,0,5.3957157933,0,7.9932062394,D4519750,PXSA,05/22/2025 6:51:41 PM,BPD436,8M5CL,8M5CL,02/20/2026 10:40:32 AM,8M5CL,D1D,6,5958932
D451975,581,GL1RX581JDB7,0,0,0,0,0,0,0.5068420434,4.8242613382,0,0,0,0,0,0,0,0,0,5.9963613906,0,10.645674513,D4519750,PXSA,05/22/2025 6:51:41 PM,BPD436,8M5CL,8M5CL,02/20/2026 10:41:30 AM,8M5CL,D1D,7,5958954
D451975,582,GL1RX582JDG1,0,0,0,0,0,0,0,0.6524869806,2.7590218866,0,0,0,0,2.1541546487,0,5.6493675031,0,3.9316984401,0.8071574386,15.953884744,D4519750,PXSA,05/22/2025 6:51:41 PM,BPD436,8M5CL,8M5CL,02/20/2026 10:41:41 AM,8M5CL,D1D,8,5958904
D451975,594,GL0HA594JDA6,0,0,0,0,0,0,7.3113861349,2.3247033805,3.6527569547,0,0,0,0,0,0,1.4966075588,0,5.8555373363,0,18.321813391,D4519750,PXSA,05/22/2025 6:51:41 PM,BPD436,8M5CL,8M5CL,02/20/2026 10:40:52 AM,8M5CL,D1D,9,5958934
D451975,689,GL0HA689JDB7,0,0,0,0,0,0,0.7617779422,5.0137610617,1.2522984064,0,0,0,0,0,0,3.3887312159,0,0,0,9.8338545875,D4519750,PXSA,05/22/2025 6:51:41 PM,BPD436,8M5CL,8M5CL,02/20/2026 10:40:18 AM,8M5CL,D1D,10,5958940
D502872,765,GF6TJ765JKF0,0,0,0,0,0,0,0,0,0,0,0,0,0,0,0,2.7747977428,0,14.038561715,0,16.813361598,D5028720,PXSB,05/24/2025 5:41:40 AM,BPD446,8M5CL,8M5CL,02/23/2026 4:03:03 PM,8M5CL,D1D,1,6055557
D502872,766,GF6TJ766JKB7,0,0,0,0,0,0,0.0898641974,2.3167358987,4.3568984096,0,0,0,0,0,0,3.5058852257,0,19.986872343,0,27.551636566,D5028720,PXSB,05/24/2025 5:41:40 AM,BPD446,8M5CL,8M5CL,02/23/2026 4:03:10 PM,8M5CL,D1D,2,6055566
D502872,767,GF6TJ767JKG1,0,0,0,0,0,0,0.0834796786,1.025170262,0,0,0,0,0,0,0,2.8533099472,0,8.3143234454,0,12.276285474,D5028720,PXSB,05/24/2025 5:41:40 AM,BPD446,8M5CL,8M5CL,02/23/2026 4:02:05 PM,8M5CL,D1D,3,6055646
D502872,768,GF6TJ768JKD0,0,0,0,0,0,0,0,1.9722989765,0,0,0,0,0,0,0,4.0658895439,0,8.0237180705,0,14.061904466,D5028720,PXSB,05/24/2025 5:41:40 AM,BPD446,8M5CL,8M5CL,02/23/2026 4:03:00 PM,8M5CL,D1D,4,6055665
D502872,769,GF6TJ769JKH2,0,0,0,0,0,0,0.1834262884,2.7589536187,2.57078244,0,0,0,0,0,0,9.5375827129,0,18.865091131,0,33.673243239,D5028720,PXSB,05/24/2025 5:41:40 AM,BPD446,8M5CL,8M5CL,02/23/2026 4:02:24 PM,8M5CL,D1D,5,6055582
D502872,770,GF6TJ770JKD0,0,0,0,0,0,0,0.7612977402,0.8743845054,2.8698571736,0,0,0,0,0,0,2.6417285954,0,7.7188241152,0,14.866094255,D5028720,PXSB,05/24/2025 5:41:40 AM,BPD446,8M5CL,8M5CL,02/23/2026 4:02:49 PM,8M5CL,D1D,6,6055666
D501955,582,GG5BF582JKE7,0,0,0,0,0,0,0,2.0636801534,0.5906692047,0,0,0,0,0,0,0,0,3.3550958653,1.3146805821,7.3241258055,D5019550,PXSA,05/28/2025 4:50:54 PM,BPD436,8M5CL,8M5CL,02/20/2026 10:40:57 AM,8M5CL,D1D,1,6047573
D501955,583,GG5BF583JKB6,0.9803198687,0,0,0,0,0,0,2.350424675,0,0,0,0,0,0,0,4.3773106942,0,0,0,7.7080530661,D5019550,PXSA,05/28/2025 4:50:54 PM,BPD436,8M5CL,8M5CL,02/20/2026 10:40:51 AM,8M5CL,D1D,2,6047561
D501955,584,GG5BF584JKG0,0,0,0,0,0,0,0,0,0,0,0,0,0,0,0,0,0,0,0,0,D5019550,PXSA,05/28/2025 4:50:54 PM,BPD436,8M5CL,8M5CL,02/20/2026 10:40:30 AM,8M5CL,D1D,3,6047579
D501955,585,GG5BF585JKC7,0.7456018781,0,0,0,0,0,0.0799246989,1.582333116,0,0,0,0,0,0,0,0,0,1.6228188854,0,3.4874642814,D5019550,PXSA,05/28/2025 4:50:54 PM,BPD436,8M5CL,8M5CL,02/20/2026 10:39:44 AM,8M5CL,D1D,4,6047554
D501955,586,GG5BF586JKH1,0,0,0,0,0,0,0,0,0,0.4523724762,0,0,0,0,0,0,0,0.7410291991,0,1.1934016754,D5019550,PXSA,05/28/2025 4:50:54 PM,BPD436,8M5CL,8M5CL,02/20/2026 10:40:55 AM,8M5CL,D1D,5,6047532
D501955,587,GG5BF587JKE0,0,0,0,0,0,0,0.208064841,0,0,0,0,0,0,0,0,1.6868889564,0,1.6228188854,0,3.5177726828,D5019550,PXSA,05/28/2025 4:50:54 PM,BPD436,8M5CL,8M5CL,02/20/2026 10:41:06 AM,8M5CL,D1D,6,6047542
D501955,588,GG5BF588JKA7,0,0,0,0,0,0,0,0,2.6013571538,0,0,0,0,0,0,3.7458595186,0,0.7410291991,0,7.0882458715,D5019550,PXSA,05/28/2025 4:50:54 PM,BPD436,8M5CL,8M5CL,02/20/2026 10:41:01 AM,8M5CL,D1D,7,6047543
D501955,589,GG5BF589JKF1,0,0,0,0,0,0,0,3.2240537583,0,0,0,0,0,0,0,2.060628142,0,1.39417995,0,6.6788618502,D5019550,PXSA,05/28/2025 4:50:54 PM,BPD436,8M5CL,8M5CL,06/07/2026 4:51:14 PM,8M5CL,D1D,8,6047625
D501955,591,GG5BF591JKF1,2.7382701355,0,0,0,0,0,0,2.4552281083,0.8937601168,0,0,0,0,0,0,2.2337172398,0,1.0161317807,0,8.2967853478,D5019550,PXSA,05/28/2025 4:50:54 PM,BPD436,8M5CL,8M5CL,02/20/2026 10:40:40 AM,8M5CL,D1D,9,6047583
D501955,592,GG5BF592JKC0,0,0,0,0,0,0,0,0,2.2555916369,0,0,0,0,0,0.3813219934,1.9886660261,0,0.9046566321,0,5.5302362886,D5019550,PXSA,05/28/2025 4:50:54 PM,BPD436,8M5CL,8M5CL,02/20/2026 10:40:58 AM,8M5CL,D1D,10,6047536
D452994,461,GL3VA461JKD7,1.163251867,0,0,0,0,0,0.8266125104,1.0403242051,1.3113731839,0,0,0,0,0,0,1.0448851255,0.9467167453,36.065121203,0,41.295284903,D452994A,PXSA,05/25/2025 8:58:14 PM,BPD442,8M5CL,8M5CL,02/20/2026 11:35:14 AM,8M5CL,D1D,1,6180991
D452994,463,GL3VA463JKF0,0,0,0,0,0,0,1.0362997359,0,1.4002372865,0,0,0,0,0,0,2.231382483,0,5.0104467929,0,9.6783662983,D452994A,PXSA,05/25/2025 8:58:14 PM,BPD442,8M5CL,8M5CL,02/20/2026 11:35:07 AM,8M5CL,D1D,2,6180985
D451986,701,GL1RX701JDB0,0,0,0,0,0,0,1.3263764398,2.6600633834,1.4053433454,0,0,0,0,0,0,0,1.5757110941,3.642292323,0,10.609786586,D4519860,PXSA,06/12/2025 3:05:16 AM,BPD458,8M5CL,8M5CL,02/20/2026 2:19:29 PM,8M5CL,D1D,1,5955761
D451986,702,GL1RX702JDF2,0,0,0,0,0,0,0,1.2709770926,0,0,0,0,0,1.1542262189,0,2.0608926773,0,1.9826171599,0,6.4687109945,D4519860,PXSA,06/12/2025 3:05:16 AM,BPD458,8M5CL,8M5CL,02/20/2026 2:19:48 PM,8M5CL,D1D,2,5955826
D451986,703,GL1RX703JDC1,1.1248098243,0,0,0,0,0,0,0,0,0,0,0,0,0,0,2.3579958028,2.0773906101,26.779988767,8.2480986093,39.827823995,D4519860,PXSA,06/12/2025 3:05:16 AM,BPD458,8M5CL,8M5CL,02/20/2026 2:19:24 PM,8M5CL,D1D,3,5955788
D451986,706,GL1RX706JDA1,0,0,0,0,0,0,0.3058641103,3.8881048125,0,0,0,0,0,0,0,2.3521236151,0,13.722273156,0,20.26836354,D4519860,PXSA,06/12/2025 3:05:16 AM,BPD458,8M5CL,8M5CL,02/20/2026 2:19:37 PM,8M5CL,D1D,4,5955808
D451986,707,GL1RX707JDE3,0,0,0,0,0,0,0.8153188029,0,1.8628101686,0,0,0,0,0,0,5.0161435996,0.9467167453,9.2091323008,0,17.850121617,D4519860,PXSA,06/12/2025 3:05:16 AM,BPD458,8M5CL,8M5CL,02/20/2026 2:18:58 PM,8M5CL,D1D,5,5955729
D502850,232,GF5XH232JKH2,0,0,0,0,0,0,0.0930454001,2.4222362284,0,0,0,0,0,0,0,0,0,6.2132035499,0,8.7284851784,D5028500,PNCB,06/12/2025 1:39:13 AM,BPD434,8M5CL,8M5CL,02/20/2026 9:33:02 AM,8M5CL,D1D,1,6051788
D502850,233,GF5XH233JKE1,0,0,0,0,0,0,0.5984083617,0,0,0,0,0,0,0,0,1.7348705937,0,8.4301527034,0,9.9940659898,D5028500,PNCB,06/12/2025 1:39:13 AM,BPD434,8M5CL,8M5CL,02/20/2026 9:33:12 AM,8M5CL,D1D,2,6051740
D502850,235,GF5XH235JKF2,0,0,0,0,0,0,0,0.6875489492,2.1979564808,0,0,0,0,0,0,4.4561326185,1.1170439234,10.731724149,0,18.933332371,D5028500,PNCB,06/12/2025 1:39:13 AM,BPD434,8M5CL,8M5CL,02/20/2026 9:33:25 AM,8M5CL,D1D,3,6051743
D502850,236,GF5XH236JKC1,0,0,0,0,0,0,0.4292604963,0,0,0,0,0,0,0,0,2.35073248,0,7.1541999341,0,9.9341929103,D5028500,PNCB,06/12/2025 1:39:13 AM,BPD434,8M5CL,8M5CL,02/20/2026 9:33:05 AM,8M5CL,D1D,4,6051807
D451960,549,GL0HA549JDG7,0,0,0,0,0,0,1.1392418793,2.267535378,0,0,0,0,0,1.3218676443,0,0,4.6137748657,1.0453390456,2.0715352571,12.290444456,D4519600,PXSA,06/10/2025 1:27:25 AM,BPD450,8M5CL,8M5CL,02/23/2026 11:22:14 AM,8M5CL,D1D,1,5966273
D451960,593,GL0HA593JDD7,0,0,0,0,0,0,0.7066277281,0,0,0,1.7205072829,0,0,0,0,1.8731678014,0,0.8296248897,1.2999078989,6.429835601,D4519600,PXSA,06/10/2025 1:27:25 AM,BPD450,8M5CL,8M5CL,02/23/2026 11:21:30 AM,8M5CL,D1D,2,5966311
D451960,661,GL0HA661JDD1,0,0,0,0,0,0,1.2373364159,0,0,0,0,0,0,0,0,1.0448851255,0.9467167453,1.6228188854,2.1625277893,7.0142849614,D4519600,PXSA,06/10/2025 1:27:25 AM,BPD450,8M5CL,8M5CL,02/23/2026 11:20:50 AM,8M5CL,D1D,3,5966235
D451960,662,GL0HA662JDA0,0,0,0,0.5203295929,0,0,0.2616867067,3.3981918832,1.6791850902,2.753218594,0,0,0,0,0,9.2502610305,0,3.8266963259,2.2139389027,22.517695203,D4519600,PXSA,06/10/2025 1:27:25 AM,BPD450,8M5CL,8M5CL,02/23/2026 11:22:01 AM,8M5CL,D1D,4,5966302
D451960,663,GL0HA663JDE2,0,0,0,0,0,0,0,0,1.1028739695,0,0,0,0,0,0,0,0,8.0589290096,0.8995872354,10.061390215,D4519600,PXSA,06/10/2025 1:27:25 AM,BPD450,8M5CL,8M5CL,02/23/2026 11:22:09 AM,8M5CL,D1D,5,5966279
D451960,664,GL0HA664JDB1,0,0,0,0,0,0,1.9706917597,0,5.3957481056,0,0,0,0,0,0,1.7826706795,0,19.896756784,0,24.150486265,D4519600,PXSA,06/10/2025 1:27:25 AM,BPD450,8M5CL,8M5CL,02/23/2026 11:21:04 AM,8M5CL,D1D,6,5966234
D451960,674,GL0HA674JDF5,0,0,0,0,0,0,0.4306305934,1.6216476195,36.797013364,0,0,0,0,0.9478172746,0,30.003621719,0,182.28763389,0.4512480075,218.26875687,D4519600,PXSA,06/10/2025 1:27:25 AM,BPD450,8M5CL,8M5CL,02/23/2026 11:21:45 AM,8M5CL,D1D,7,5966308
D451960,676,GL0HA676JDG6,0,0,0,0,0,0,1.5475770119,1.3939254692,1.757103018,0,0,0,0,0,0,5.1706475614,0,1.0010658234,3.3445491242,14.214870162,D4519600,PXSA,06/10/2025 1:27:25 AM,BPD450,8M5CL,8M5CL,02/23/2026 11:22:21 AM,8M5CL,D1D,8,5966243
D451960,791,GL0HA791JDB0,0,0,0,0,0,0,1.1284238107,0,0.7527777261,0,0,0,0,0,0,10.826024162,1.7306260104,0,0,14.140842406,D4519600,PXSA,06/10/2025 1:27:25 AM,BPD450,8M5CL,8M5CL,02/23/2026 11:21:36 AM,8M5CL,D1D,9,5966238
D451960,792,GL0HA792JDF2,0,0,0,0,0,0,1.1929406863,1.1537889255,1.281263181,0,0,0,0,0,0,3.7503530852,0,2.5449850808,1.4734396255,11.396770584,D4519600,PXSA,06/10/2025 1:27:25 AM,BPD450,8M5CL,8M5CL,02/23/2026 11:22:10 AM,8M5CL,D1D,10,5966256
D451960,793,GL0HA793JDC1,0,0,0,0.1294432623,0,0,0.7795264378,3.1272493105,1.7323917381,0,0,0,0,0,0,0,0,1.1229376751,0.7208425964,7.6123910203,D4519600,PXSA,06/10/2025 1:27:25 AM,BPD450,8M5CL,8M5CL,02/23/2026 11:20:58 AM,8M5CL,D1D,11,5966326
D451979,61,MBZTG061WAF3,0,0,0,0,0,0,0.2087402916,1.30442321,1.6241871614,0,0,0,0,0,0,1.2941307332,0,10.04574843,0,13.894515787,D4519790,PXSA,06/09/2025 9:40:06 PM,BPD432,8M5CL,8M5CL,02/20/2026 9:48:17 AM,8M5CL,D1D,1,5955537
D451979,98,MBZTG098WAE3,0,0,0,0,0,0,0,2.6762247986,2.3480156421,0,0,0,0,0,0,0,0,2.7917198001,0,7.8159602408,D4519790,PXSA,06/09/2025 9:40:06 PM,BPD432,8M5CL,8M5CL,02/20/2026 9:48:27 AM,8M5CL,D1D,2,5955608
D451979,132,MBZTG132WAC5,0,0,0,0,0,0,0,0,1.8969485836,0,0,0,0,0,0,0,0,2.3519060454,0,4.2488546291,D4519790,PXSA,06/09/2025 9:40:06 PM,BPD432,8M5CL,8M5CL,02/20/2026 9:48:10 AM,8M5CL,D1D,3,5955579
D451979,137,MBZTG137WAB6,0,0,0,0,0,0,0,3.9432870014,1.3113731839,0,0,0,0,0,0,4.792465208,1.4041118969,8.798884034,0,19.992963606,D4519790,PXSA,06/09/2025 9:40:06 PM,BPD432,8M5CL,8M5CL,02/20/2026 9:48:18 AM,8M5CL,D1D,4,5955580
D451979,162,MBZTG162WAB3,0,0,0,0,0,0,0,1.8628246198,1.5466658045,0,0,0,0,0,0,1.290498042,0,4.0101721398,0,8.1321987598,D4519790,PXSA,06/09/2025 9:40:06 PM,BPD432,8M5CL,8M5CL,02/20/2026 9:48:33 AM,8M5CL,D1D,5,5955541
D451979,229,MBZTG229WAE7,0,0,0,0,0,0,0,0,1.4650848859,0,0,0,0,0,0,0,0,4.3896773038,0,5.8547621897,D4519790,PXSA,06/09/2025 9:40:06 PM,BPD432,8M5CL,8M5CL,02/20/2026 9:48:19 AM,8M5CL,D1D,6,5955572
D451979,239,MBZTG239WAC0,0,0,0,0,0,0,0,3.5059816179,0,0,0,0,0,0,0,6.2241923915,0,7.0063033508,0,15.217369459,D4519790,PXSA,06/09/2025 9:40:06 PM,BPD432,8M5CL,8M5CL,02/20/2026 9:48:36 AM,8M5CL,D1D,7,5955605
D451979,245,MBZTG245WAE2,0,0,0,0,0,0,0.3054708959,1.3941756062,0,0,0,0,0,0,0,2.3490998363,0,2.1712630376,0,5.6372975091,D4519790,PXSA,06/09/2025 9:40:06 PM,BPD432,8M5CL,8M5CL,02/20/2026 9:48:35 AM,8M5CL,D1D,8,5955563
D451979,252,MBZTG252WAD3,0,0,0,0,0,0,0.3418492637,4.3984025072,0,0,0,0,0,1.472317311,0,2.6288484754,7.277552982,6.2223187858,0,20.103831362,D4519790,PXSA,06/09/2025 9:40:06 PM,BPD432,8M5CL,8M5CL,02/20/2026 9:48:42 AM,8M5CL,D1D,9,5955612
D451979,297,MBZTG297WAF6,0,0,0,0,0,0,0,3.0919716778,1.1341662266,0,0,0,0,0,0,0,0,1.4095133297,1.359933954,6.4128711493,D4519790,PXSA,06/09/2025 9:40:06 PM,BPD432,8M5CL,8M5CL,02/20/2026 9:48:21 AM,8M5CL,D1D,10,5955581
D451981,595,GK7GT595JKC7,0,0,0,1.0555077261,0,0,0.6566595883,0,0,0,0,0,0,0,0,0.9294221699,0.5742415863,2.1076295118,4.7011403802,9.7807850218,D4519810,PXSA,06/10/2025 7:49:37 AM,BPD450,8M5CL,8M5CL,02/23/2026 11:21:32 AM,8M5CL,D1D,1,5955669
D451981,597,GK7GT597JKE0,0,0,0,0,0,0,0.3319785304,0,2.1214795064,0,0,0,0,0,0,1.1590319297,0,6.2319329248,0,9.8444228914,D4519810,PXSA,06/10/2025 7:49:37 AM,BPD450,8M5CL,8M5CL,02/23/2026 11:21:24 AM,8M5CL,D1D,2,5955632
D451981,598,GK7GT598JKA7,0,0,0,0,0,0,0.1671624007,0,0.5962700068,0,0,0,0,0,0,0.7097939567,1.3926609804,4.7012271053,0.4461254277,8.0132398777,D4519810,PXSA,06/10/2025 7:49:37 AM,BPD450,8M5CL,8M5CL,02/23/2026 11:21:51 AM,8M5CL,D1D,3,5955693
D451981,599,GK7GT599JKF1,0,0,0,0,0,0,0.1072055179,2.1460824137,1.7199816911,0,0,0,0,0,0,2.2626682245,0,4.7721213315,0.7208425964,11.728901775,D4519810,PXSA,06/10/2025 7:49:37 AM,BPD450,8M5CL,8M5CL,02/23/2026 11:22:19 AM,8M5CL,D1D,4,5955676
D451981,602,GK7GT602JKA3,0,0,0,0,0,0,0,2.3626595854,3.3222493152,0,0,0,0,0,0,0,0,1.9748643573,2.4998663116,10.15963957,D4519810,PXSA,06/10/2025 7:49:37 AM,BPD450,8M5CL,8M5CL,02/23/2026 11:21:31 AM,8M5CL,D1D,5,5955638
D451981,603,GK7GT603JKE5,0,0,0,0,0,0,0,0,0,0,0,0,0,0,0,1.6868889564,0.5742415863,2.2413665547,2.651197823,7.1536949205,D4519810,PXSA,06/10/2025 7:49:37 AM,BPD450,8M5CL,8M5CL,02/23/2026 11:21:57 AM,8M5CL,D1D,6,5955679
D451959,665,GL0HA665JDF3,0,0,0,0,0,0,0.438717097,0,2.5137186535,0,0,0,0,0,0,1.0448851255,0,1.4942443698,0.3099253947,5.8014906405,D4519590,PXSA,07/10/2025 2:22:32 PM,BPD434,8M5CL,8M5CL,02/20/2026 9:26:19 AM,8M5CL,D1D,1,5969667
D451959,666,GL0HA666JDC2,1.4034662201,0,0,0,0,0,0.2737025814,0.727070277,3.624972668,0,0,0,0,0,0,0,0,2.957059786,0,8.9862715325,D4519590,PXSA,07/10/2025 2:22:32 PM,BPD434,8M5CL,8M5CL,02/20/2026 9:24:12 AM,8M5CL,D1D,2,5969563
D451959,667,GL0HA667JDG4,3.633715621,0,0,0,0,0,0.2524187052,5.7576254464,0.6689871043,0,0,0,0,1.1461571032,0,5.3605929892,0,6.1888930401,1.44078604,24.449171706,D4519590,PXSA,07/10/2025 2:22:32 PM,BPD434,8M5CL,8M5CL,02/20/2026 9:25:26 AM,8M5CL,D1D,3,5969624
D451959,668,GL0HA668JDD3,0,0,0,0.1707964596,0,0,0.5118163738,3.5142232692,4.1882367173,0,0,0,0,2.4931690448,0,7.6216468748,0,3.4775401697,0,21.977428909,D4519590,PXSA,07/10/2025 2:22:32 PM,BPD434,8M5CL,8M5CL,02/20/2026 9:26:12 AM,8M5CL,D1D,4,5969651
D451959,669,GL0HA669JDA2,0,0,0,0,0,0,0.9264706029,1.4901916663,0,0,0,0,0,0,0,10.820711775,1.3561049528,2.9151143911,0,17.264540714,D4519590,PXSA,07/10/2025 2:22:32 PM,BPD434,8M5CL,8M5CL,02/20/2026 9:25:36 AM,8M5CL,D1D,5,5969580
D451959,755,GL0HA755JDA0,0,0,0,0,0,0,0,0,0,0,0,0,0,0,0,0,0,3.2456377707,0,3.2456377707,D4519590,PXSA,07/10/2025 2:22:32 PM,BPD434,8M5CL,8M5CL,02/20/2026 9:25:58 AM,8M5CL,D1D,6,5969597
D451959,756,GL0HA756JDE2,0,0,0,0,0,0,0.2578889321,1.2894425062,0.7451307096,0,0,0,0,0,0,0,0,0.9260301545,0.8934571821,3.988417332,D4519590,PXSA,07/10/2025 2:22:32 PM,BPD434,8M5CL,8M5CL,02/20/2026 9:25:52 AM,8M5CL,D1D,7,5969606
D451959,757,GL0HA757JDB1,0,0,0,0,0,0,0.168536865,0,0,0,0,0,0,0,0,0,0,2.3699410703,0,2.5384779352,D4519590,PXSA,07/10/2025 2:22:32 PM,BPD434,8M5CL,8M5CL,02/20/2026 9:24:19 AM,8M5CL,D1D,8,5969572
D451959,758,GL0HA758JDF3,0,0,0,0,0,0,0.3847320203,0,0,0,0,0,0,0,0,0,0,3.9757078196,0.5997166542,4.9601564941,D4519590,PXSA,07/10/2025 2:22:32 PM,BPD434,8M5CL,8M5CL,02/20/2026 9:25:45 AM,8M5CL,D1D,9,5969617
D451959,759,GL0HA759JDC2,0,0,0,0,0,0,0,0,0,0,0,0,1.5799310313,0,0,2.2311500932,0,0,0,3.8110832964,D4519590,PXSA,07/10/2025 2:22:32 PM,BPD434,8M5CL,8M5CL,02/20/2026 9:25:41 AM,8M5CL,D1D,10,5969614
D451959,760,GL0HA760JDF3,2.2189947036,0,0,0,0,0,0.2175696195,0,3.1976271605,0,0,0,0,0,0,0,0,4.2249435125,0.7149639279,10.574098924,D4519590,PXSA,07/10/2025 2:22:32 PM,BPD434,8M5CL,8M5CL,02/20/2026 9:26:15 AM,8M5CL,D1D,11,5969619
D451959,761,GL0HA761JDC2,0,0,0,0,0,0,0,0,0,0,0,0,0,0,0,0.7156301161,0,4.6525730945,0,5.3682032106,D4519590,PXSA,07/10/2025 2:22:32 PM,BPD434,8M5CL,8M5CL,02/20/2026 9:26:06 AM,8M5CL,D1D,12,5969670
D451987,712,GL1RX712JDC3,0,0,0,0,0,0,0.6423452205,0,0,0,0,0,0,0,0,3.6204791014,0,0.8624782841,0,5.1253026061,D4519870,PXSA,07/10/2025 3:33:57 PM,BPD436,8M5CL,8M5CL,02/20/2026 10:40:23 AM,8M5CL,D1D,1,5955910
D451987,714,GL1RX714JDD4,0,0,0,0,0,0,0.5545483395,1.2221876439,2.1884574073,0,0,0,0,0,0,3.9635648499,0,0.95402124,0,8.8827794807,D4519870,PXSA,07/10/2025 3:33:57 PM,BPD436,8M5CL,8M5CL,02/20/2026 10:40:17 AM,8M5CL,D1D,2,5955855
D451987,717,GL1RX717JDB4,0,0,0,0,0,0,0,2.7632791819,1.3113731839,0,0,0,0,0,0,1.8171879342,0,0,0,5.8918403,D4519870,PXSA,07/10/2025 3:33:57 PM,BPD436,8M5CL,8M5CL,02/20/2026 10:40:37 AM,8M5CL,D1D,3,5955843
D502897,146,MBZTG146WAC0,0,0,0,0,0,0,0.2916151932,0,0,0,0,0,0,0,0,0,0,16.811323394,0,17.102938587,D5028970,PXMG,07/06/2025 6:44:37 PM,BPD432,8M5CL,8M5CL,02/20/2026 10:16:36 AM,8M5CL,D1D,1,6050660
D502897,303,MBZTG303WAG3,0,0,0,0,0,0,0.7316786057,2.7068496323,0.9196691586,0,0,0,0,0,0,0,0,3.1494790901,0,7.5076787054,D5028970,PXMG,07/06/2025 6:44:37 PM,BPD432,8M5CL,8M5CL,02/20/2026 10:16:49 AM,8M5CL,D1D,2,6050617
D502897,325,MBZZT325WAC4,0,0,0,0,0,0,0,3.9624940231,0,0,0,0,0,0,0,0,0,4.4462120934,0.4611003633,8.8698064797,D5028970,PXMG,07/06/2025 6:44:37 PM,BPD432,8M5CL,8M5CL,02/20/2026 10:15:54 AM,8M5CL,D1D,3,6050672
D502897,336,MBZZT336WAD7,0,0,0,0,0,0,0,0,0,0,0,0,0,0,0,0,0,0.756528103,0,0.756528103,D5028970,PXMG,07/06/2025 6:44:37 PM,BPD432,8M5CL,8M5CL,02/20/2026 10:16:18 AM,8M5CL,D1D,4,6050686
D502897,400,MBZZT400WAA7,0,0,0,0,0,0,0.4442403396,0,0,0,0,0,0,0,0,1.6630423009,0,15.362358753,1.4992011856,18.892433241,D5028970,PXMG,07/06/2025 6:44:37 PM,BPD432,8M5CL,8M5CL,02/20/2026 10:16:00 AM,8M5CL,D1D,5,6050677
D502897,438,MBZZT438WAE1,0,0,0,0,0,0,0,0,0,0,0,0,0,0,0,1.6630423009,0,3.3315826259,0.7299176669,5.7245425937,D5028970,PXMG,07/06/2025 6:44:37 PM,BPD432,8M5CL,8M5CL,02/20/2026 10:16:20 AM,8M5CL,D1D,6,6050621
D502897,541,MBZZT541WAA1,0,0,0,0,0,0,0.3586506261,1.2466918258,0,0,0,0,0,0,0,0,0.9661825595,9.0846569464,0,11.656181958,D5028970,PXMG,07/06/2025 6:44:37 PM,BPD432,8M5CL,8M5CL,02/20/2026 10:15:49 AM,8M5CL,D1D,7,6050681
D502897,634,MBZZT634WAA1,0,0,0,0,0,0,0,0,0,0,0,0,0,0,0,0,0,15.166409177,0,15.166409177,D5028970,PXMG,07/06/2025 6:44:37 PM,BPD432,8M5CL,8M5CL,02/20/2026 10:16:26 AM,8M5CL,D1D,8,6050728
D502897,658,MBZZR658WAD2,0,0,0,0,0,0,0.2880656689,0,0,0,0,0,0,0,0,1.955768095,2.0648005086,0.8662092835,0,5.1748435561,D5028970,PXMG,07/06/2025 6:44:37 PM,BPD432,8M5CL,8M5CL,02/20/2026 10:15:45 AM,8M5CL,D1D,9,6050663
D502897,723,MBZZR723WAE4,0,0,0,0,0,0,0.5838558935,0.775487378,1.4677347606,0,0,0,0,0,0,4.3714076995,0.7642162429,11.112751277,0,18.966300739,D5028970,PXMG,07/06/2025 6:44:37 PM,BPD432,8M5CL,8M5CL,02/20/2026 10:16:33 AM,8M5CL,D1D,10,6050745
D502897,934,MBZZR934WAE1,0,0,0,0,0,0,0.3927788349,0,0,0,0,0,0,0,0,1.7081260978,0,0,0,2.1009049327,D5028970,PXMG,07/06/2025 6:44:37 PM,BPD432,8M5CL,8M5CL,02/20/2026 10:16:59 AM,8M5CL,D1D,11,6050694
D501940,447,GK9BL447JKF0,0,0,0,0,0,0,0,0,1.9125459187,0,0,0,0,0,0,4.7605148753,0,2.4348798881,0.4497936177,9.5577342997,D5019400,PXSA,07/17/2025 5:24:22 AM,BPD446,8M5CL,8M5CL,02/23/2026 4:01:56 PM,8M5CL,D1D,1,6042865
D501940,451,GK9BL451JKG1,0,0,0,0,0,0,0,0,0,0,0,0,0,0,0,3.0635137069,0,0.9106767874,0.5044160682,4.4786065625,D5019400,PXSA,07/17/2025 5:24:22 AM,BPD446,8M5CL,8M5CL,02/23/2026 4:02:11 PM,8M5CL,D1D,2,6042835
D501940,595,GK9BL595JKD3,0,0,0,0,0,0,0,1.0403242051,4.4855565363,0,0,0,0,0,0,1.6868889564,0,2.9884887396,0,10.201258438,D5019400,PXSA,07/17/2025 5:24:22 AM,BPD446,8M5CL,8M5CL,02/23/2026 4:02:03 PM,8M5CL,D1D,3,6042850
D501940,452,GK9BL452JKD0,0,0,0,0,0,0,0,0,1.3006785769,0,0,0,0,0,0,0,0,0,0,1.3006785769,D5019400E,PXSA,07/17/2025 1:51:46 AM,BPD442,8M5CL,8M5CL,02/20/2026 11:36:04 AM,8M5CL,D1D,1,7049483
D501940,453,GK9BL453JKH2,0,0,0,0,0,0,0,3.3207691595,3.0797636145,0,0,0,0,0,0,0,0,1.7546186231,0,7.6252767061,D5019400E,PXSA,07/17/2025 1:51:46 AM,BPD442,8M5CL,8M5CL,02/20/2026 11:36:00 AM,8M5CL,D1D,2,7049435
D451FCL,114,MBZTG114WAC1,0,0,0,0,0,0,0,2.3350305875,0,0,3.597887881,0,0,0,0,0,0,0,0,5.9329184685,D451FCL0,X78D,07/17/2025 2:44:14 PM,BPD444,8M5CL,8M5CL,01/15/2026 4:17:59 PM,8M5CL,D1D,1,5966418
D451FCL,158,MBYTY158WAF1,0,0,0,0,0,0,0,0,0,0,0,0,0,0,0,0,0,0.6591472419,0,0.6591472419,D451FCL0,X78D,07/17/2025 2:44:14 PM,BPD444,8M5CL,8M5CL,01/15/2026 4:17:20 PM,8M5CL,D1D,2,5966358
D452806,874,GL1RX874JDA1,0,0,0,0,0,0,0.3661719536,5.7865441172,2.7208039039,0,0,0,0,0,0,2.27016751,0,0,0,11.14368536,D4528060,PNCB,07/16/2025 4:16:01 PM,BPD434,8M5CL,8M5CL,02/19/2026 4:32:03 PM,8M5CL,D1D,1,5981572
D452806,875,GL1RX875JDE3,0,0,0,0,0,0,0,2.3661156099,5.3248609838,0,0,0,0,0,0,0,0,4.6343392314,0,12.325315825,D4528060,PNCB,07/16/2025 4:16:01 PM,BPD434,8M5CL,8M5CL,02/19/2026 4:31:07 PM,8M5CL,D1D,2,5981462
D452806,876,GL1RX876JDB2,0,0,0,0,0,0,0.9043776056,5.5184179669,0,0,0,0,0,5.0115061162,0,8.9481290187,0,0,0,20.38242542,D4528060,PNCB,07/16/2025 4:16:01 PM,BPD434,8M5CL,8M5CL,02/19/2026 4:31:57 PM,8M5CL,D1D,3,5981503
D452806,877,GL1RX877JDF4,0,0,0,0,0,0,0.2161632494,0,0,0,0,0,0,0,0,0,0,10.404943102,0,10.621106351,D4528060,PNCB,07/16/2025 4:16:01 PM,BPD434,8M5CL,8M5CL,02/19/2026 4:31:35 PM,8M5CL,D1D,4,5981545
D452806,878,GL1RX878JDC3,0,0,0,0,0,0,0.6262989985,11.597835817,0,0,0,0,0,3.5108257478,0,0,0,7.9379819521,0,23.672942516,D4528060,PNCB,07/16/2025 4:16:01 PM,BPD434,8M5CL,8M5CL,02/19/2026 4:32:11 PM,8M5CL,D1D,5,5981548
D452806,879,GL1RX879JDG5,0,0,0,0,0,0,0,1.1885468739,1.3663229546,0,0,0,0,0,0,0,0,2.4796771212,0,5.0345469497,D4528060,PNCB,07/16/2025 4:16:01 PM,BPD434,8M5CL,8M5CL,02/19/2026 4:30:31 PM,8M5CL,D1D,6,5981501
D452806,880,GL1RX880JDC3,0,0,0,0,0,0,0,5.74126351,0,0,0,0,0,0,0,0,0,2.3170525314,0,8.0583160415,D4528060,PNCB,07/16/2025 4:16:01 PM,BPD434,8M5CL,8M5CL,02/19/2026 4:31:50 PM,8M5CL,D1D,7,5981527
D452806,881,GL1RX881JDG5,0,0,0,0,0,0,0,0,0.5924157172,0,0,0,0,0,0,0,0,1.5505967741,0,2.1430124913,D4528060,PNCB,07/16/2025 4:16:01 PM,BPD434,8M5CL,8M5CL,02/19/2026 4:31:22 PM,8M5CL,D1D,8,5981472
D452806,882,GL1RX882JDD4,0,0,0,0,0,0,0,0,0,0,0,0,0,0,0,0,0,3.0016358958,0.7053047461,3.7069406419,D4528060,PNCB,07/16/2025 4:16:01 PM,BPD434,8M5CL,8M5CL,02/19/2026 4:30:39 PM,8M5CL,D1D,9,5981464
D452806,883,GL1RX883JDA3,0,0,0,0,0,0,0.9312826439,2.2083408777,2.3411186186,0,0,0,0,0,0,0,0,0,0,5.4807421402,D4528060,PNCB,07/16/2025 4:16:01 PM,BPD434,8M5CL,8M5CL,02/19/2026 4:31:32 PM,8M5CL,D1D,10,5981531
D452806,884,GL1RX884JDE5,0,0,0,0,0,0,0.2045150008,1.2623998681,0,0,0,0,0,0,0,2.0469860528,0,0.9066087933,0.8747202636,5.2952321037,D4528060,PNCB,07/16/2025 4:16:01 PM,BPD434,8M5CL,8M5CL,02/19/2026 4:31:20 PM,8M5CL,D1D,11,5981529
D452806,885,GL1RX885JDB4,0,0,0,0,0,0,0.4323264988,0,0,0,0,0,0,0,0,1.6623167902,0,2.6358689804,0,4.1586748655,D4528060,PNCB,07/16/2025 4:16:01 PM,BPD434,8M5CL,8M5CL,02/19/2026 4:31:41 PM,8M5CL,D1D,12,5981567
D501933,709,GG4EM709JKG5,0,0,0,0,0,0,0.0799246989,0,2.0322157803,0,0,0,0,0,0,2.7317740819,0,0,0.3099253947,5.1538399558,D5019330,PXSA,07/25/2025 8:19:57 AM,BPD434,8M5CL,8M5CL,02/20/2026 9:24:45 AM,8M5CL,D1D,1,6037438
D501933,851,GG4EM851JKB5,0,0,0,0,0,0,0.2193585485,0,1.3113731839,0,0,0,0,0,0,7.7479176815,0,1.9355915975,0,11.214241011,D5019330,PXSA,07/25/2025 8:19:57 AM,BPD434,8M5CL,8M5CL,02/20/2026 9:24:39 AM,8M5CL,D1D,2,6037344
D502862,560,GM4DA560JDC7,0,0,0,0,0,0,0,0,2.3289007678,0,0,0,0,0,0,5.3648031759,0,3.3537273086,0,11.047431252,D5028620,PNCB,07/21/2025 9:55:17 PM,BPD444,8M5CL,8M5CL,02/19/2026 1:40:54 PM,8M5CL,D1D,1,6053757
D502862,562,GM4DA562JDE0,0,0,0,0,0,0,0.0892636145,1.1618718794,0,0,0,0,0,0,0,0.7313233125,0,12.994529931,0,14.946279817,D5028620,PNCB,07/21/2025 9:55:17 PM,BPD444,8M5CL,8M5CL,02/19/2026 1:41:38 PM,8M5CL,D1D,2,6053683
D502862,563,GM4DA563JDA7,0,0,0,0,0,0,0,0,0.647047233,0,0,0,0,0,0,0,0,5.8372188809,0.42824722,6.9125154743,D5028620,PNCB,07/21/2025 9:55:17 PM,BPD444,8M5CL,8M5CL,02/19/2026 1:41:52 PM,8M5CL,D1D,3,6053752
D502862,564,GM4DA564JDF1,0,0,0,0,0,0,0,2.0357997793,1.2253049611,0,0,0,0,0,0,0,0,7.4981969705,0,10.759301711,D5028620,PNCB,07/21/2025 9:55:17 PM,BPD444,8M5CL,8M5CL,02/19/2026 1:41:47 PM,8M5CL,D1D,4,6053738
D502862,565,GM4DA565JDC0,0,0,0,0,0,0,0,0,0,0,0,0,0,0,0,0,0,6.2037782462,0.4432416728,6.6470199189,D5028620,PNCB,07/21/2025 9:55:17 PM,BPD444,8M5CL,8M5CL,02/19/2026 1:41:43 PM,8M5CL,D1D,5,6053732
D502862,566,GM4DA566JDG2,1.1005644109,0,0,0,0,0,0,0,0,0,0,0,0,0,0,0,0,3.8444315038,1.8507077534,6.7957036681,D5028620,PNCB,07/21/2025 9:55:17 PM,BPD444,8M5CL,8M5CL,02/19/2026 1:41:32 PM,8M5CL,D1D,6,6053737
D502862,567,GM4DA567JDD1,0,0,0,0,0,0,0,0,1.29227099,0.4494483403,0,0,0,0,0,1.6623167902,0,6.4096084642,0,9.8136445846,D5028620,PNCB,07/21/2025 9:55:17 PM,BPD444,8M5CL,8M5CL,02/19/2026 1:41:47 PM,8M5CL,D1D,7,6053681
D502862,568,GM4DA568JDA0,1.2395236838,0,0,0,0,0,0,1.1085354808,3.9616451199,0,0,0,0,0,0,2.910891927,0,25.093880094,0.7681064067,35.082580587,D5028620,PNCB,07/21/2025 9:55:17 PM,BPD444,8M5CL,8M5CL,02/19/2026 1:41:53 PM,8M5CL,D1D,8,6053719
D502862,576,GM4DA576JDD3,0,0,0,0,0,0,0,1.5711001482,3.721114476,0,0,0,0,0,0,7.5483434199,0,5.9212718134,0,18.761832272,D5028620,PNCB,07/21/2025 9:55:17 PM,BPD444,8M5CL,8M5CL,02/19/2026 1:41:57 PM,8M5CL,D1D,9,6053718
D502862,587,GM4DA587JDE6,0,0,0,0,0,0,0,2.0628244867,0,0,0,0,0,0,0,3.61146081,0,14.097114132,0,19.771397289,D5028620,PNCB,07/21/2025 9:55:17 PM,BPD444,8M5CL,8M5CL,02/19/2026 1:41:33 PM,8M5CL,D1D,10,6053715
D502862,589,GM4DA589JDF7,0,0,0,0,0,0,0,0.7364532091,0,0,0,0,0,0,0,0,0,11.333160936,0,12.069614145,D5028620,PNCB,07/21/2025 9:55:17 PM,BPD444,8M5CL,8M5CL,02/19/2026 1:41:39 PM,8M5CL,D1D,11,6053684
D502853,11,MBZTG011WAF0,0,0,0,0,0,0,0.5839061619,3.3242568998,6.8792348948,0,0,0,0,0,0,2.1054792744,0,2.6012721593,0,15.49414939,D5028530,PNCB,09/10/2025 3:23:55 AM,BPD436,8M5CL,8M5CL,02/16/2026 12:38:15 PM,8M5CL,D1D,1,6053994
D502853,46,MBZTG046WAC7,0,0,0,0,0,0,0.2888264374,2.1023245309,0,0,0,0,0,0,0,2.8908718124,0,3.8410951722,0,9.123120078,D5028530,PNCB,09/10/2025 3:23:55 AM,BPD436,8M5CL,8M5CL,02/16/2026 12:37:58 PM,8M5CL,D1D,2,6053882
D502871,63,A0YJG063SLD4,0,0,0,10.557108273,0,0,0,15.138817384,0,0,0,0,0,0,0,0,0,42.160754255,0,67.856679912,D5028710,PNCB,08/30/2025 7:31:08 AM,BPD434,8M5CL,8M5CL,02/16/2026 12:39:38 PM,8M5CL,D1D,1,6055490
D502871,64,A0YJG064SLA3,0,0,0,0,0,0,0,0,0.7664127403,0,0,0,0,0,0,5.2489718475,0,5.0818258855,0,11.097210473,D5028710,PNCB,08/30/2025 7:31:08 AM,BPD434,8M5CL,8M5CL,02/16/2026 12:37:57 PM,8M5CL,D1D,2,6055456
D502871,136,A0ZM7136SLG6,0,0,0,0,0,0,0.1675497219,1.0474551123,3.4436785796,0,0,0,0,0,0,9.0522517201,0,22.526800324,0.7166227728,34.291413117,D5028710,PNCB,08/30/2025 7:31:08 AM,BPD434,8M5CL,8M5CL,02/16/2026 12:37:45 PM,8M5CL,D1D,3,6055353
D502871,214,A0YJG214SLF5,0,0,0,0,0,0,1.3164314393,1.2493584242,5.193371988,0,0,0,0,0,0,4.5935463211,0,8.5580687614,0,20.910779059,D5028710,PNCB,08/30/2025 7:31:08 AM,BPD434,8M5CL,8M5CL,02/16/2026 12:37:50 PM,8M5CL,D1D,4,6055395
D502871,251,A0YJH251SLD7,0,0,0,0,0,0,0.9736977259,4.8442847661,0,0,0,0,0,0,0,5.9062220426,1.8365272473,1.4927998578,0,15.05353378,D5028710,PNCB,08/30/2025 7:31:08 AM,BPD434,8M5CL,8M5CL,02/16/2026 12:38:05 PM,8M5CL,D1D,5,6055400
D502871,252,A0YJG252SLA3,0,0,0,0,0,0,0,0,0,0,0,0,0,0,0,2.8853105514,0,0,0,2.8853105514,D5028710,PNCB,08/30/2025 7:31:08 AM,BPD434,8M5CL,8M5CL,02/16/2026 12:39:25 PM,8M5CL,D1D,6,6055489
D502871,254,A0YJG254SLB4,1.1005644109,0,0,0,0,0,0.2035799779,0,0.5395506931,0,0,0,0,0,0,0.7002046214,0,3.9066955263,0.7053047461,7.1558999756,D5028710,PNCB,08/30/2025 7:31:08 AM,BPD434,8M5CL,8M5CL,02/16/2026 12:40:00 PM,8M5CL,D1D,7,6055425
D502871,257,A0YJG257SLG7,0,0,0,0,0,0,0,1.6443327937,0,0,0,0,0,0,0,4.7601654507,0,2.1082735002,0,8.5127717447,D5028710,PNCB,08/30/2025 7:31:08 AM,BPD434,8M5CL,8M5CL,02/16/2026 12:38:10 PM,8M5CL,D1D,8,6055361
D502871,260,A0YJG260SLD6,0,0,0,0,0,0,0,0,3.8652017617,0,0,0,0,0,0,3.3010557172,0,2.3188567005,0,9.4851141794,D5028710,PNCB,08/30/2025 7:31:08 AM,BPD434,8M5CL,8M5CL,02/16/2026 12:39:09 PM,8M5CL,D1D,9,6055475
D502871,261,A0YC6261SLC6,0,0,0,0,0,0,0.7445240171,0.8364982694,2.7455129731,0,0,0,0,0,0,1.499961068,0,8.5027621529,0,14.032389291,D5028710,PNCB,08/30/2025 7:31:08 AM,BPD434,8M5CL,8M5CL,02/16/2026 12:38:16 PM,8M5CL,D1D,10,6055447
D502871,265,A0YC6265SLF0,0,0,0,0,0,0,0,2.6887669098,4.8667229394,0,0,0,0,0,0,4.3972677273,0,7.807805867,0.7813702201,20.541931523,D5028710,PNCB,08/30/2025 7:31:08 AM,BPD434,8M5CL,8M5CL,02/16/2026 12:39:32 PM,8M5CL,D1D,11,6055452
D502871,269,A0YC6269SLH2,0,0,0,0.7924587527,0,0,0,0,0,0,0,0,0,0,0,6.4840264082,0,1.4358868565,0.8644539562,9.5768238334,D5028710,PNCB,08/30/2025 7:31:08 AM,BPD434,8M5CL,8M5CL,02/16/2026 12:39:17 PM,8M5CL,D1D,12,6055440
D501YRM,799,GM4QA799JDD3,1.6824590196,0,0,0,0,0,1.0499930793,0,0,0,0,0,0,0,0,1.2457240029,0,0.9888675776,0,4.671273209,D501YRM0,X78D,09/03/2025 5:44:03 PM,BPD454,8M5CL,8M5CL,01/15/2026 4:53:07 PM,8M5CL,D1D,1,6035752
D501YRM,800,GM4QA800JDE7,0.9250329607,0,0,0,0,0,0,0,0,0,0,0,0,0,0,0,0,1.0308030535,0,1.9558360141,D501YRM0,X78D,09/03/2025 5:44:03 PM,BPD454,8M5CL,8M5CL,01/15/2026 4:53:13 PM,8M5CL,D1D,2,6035729
D502864,348,GK7GT348JKC2,0,0,0,0,0,0,1.2507327779,1.9352448826,1.8313785634,1.5147286352,2.295895651,0,0,0,0,2.3766790353,0,10.783417795,0,20.095582035,D5028640,PNCB,09/15/2025 7:37:46 PM,BPD458,8M5CL,8M5CL,02/16/2026 12:39:44 PM,8M5CL,D1D,1,6055657
D502864,388,GK7GT388JKF4,0,0,0,0,0,0,0,0,1.7648556541,0,0,0,0,0,0,1.6505278586,0,2.9240714992,0.7053047461,7.044759758,D5028640,PNCB,09/15/2025 7:37:46 PM,BPD458,8M5CL,8M5CL,02/16/2026 12:39:02 PM,8M5CL,D1D,2,6055681
D502864,390,GK7GT390JKF4,0,0,0,0,0,0,0.1649040322,0,0,0,0,0,0,0,0,0,0,4.511910325,0,4.6768143572,D5028640,PNCB,09/15/2025 7:37:46 PM,BPD458,8M5CL,8M5CL,02/16/2026 12:38:53 PM,8M5CL,D1D,3,6055644
D502864,391,GK7GT391JKC3,1.3576271993,0,0,0,0,0,0,3.4694629574,0,0,0,0,0,0,0,1.9687613697,0.9329263407,5.4575634472,0,12.34626458,D5028640,PNCB,09/15/2025 7:37:46 PM,BPD458,8M5CL,8M5CL,02/16/2026 12:39:25 PM,8M5CL,D1D,4,6055642
D502864,392,GK7GT392JKG5,0,0,0,0,0,0,0.0974442577,0.73123038,0.6723111893,0,0,0,0,0,0.3400083139,3.3305769391,1.7118929841,1.5878388257,0,7.3754964702,D5028640,PNCB,09/15/2025 7:37:46 PM,BPD458,8M5CL,8M5CL,02/16/2026 12:39:07 PM,8M5CL,D1D,5,6055708
D502864,393,GK7GT393JKD4,0,0,0,4.6823796892,0,0,0,19.707330619,4.0920115344,0,0,0,0,10.886330111,0,19.43771557,0,0,0,48.843049059,D5028640,PNCB,09/15/2025 7:37:46 PM,BPD458,8M5CL,8M5CL,02/16/2026 12:39:33 PM,8M5CL,D1D,6,6055705
D502864,394,GK7GT394JKA3,0,0,0,0.1526339822,0,0,0.5173183994,4.1610536208,3.092636996,0,0,0,0,0,0,1.2320860019,0,5.5906143264,0,13.844543526,D5028640,PNCB,09/15/2025 7:37:46 PM,BPD458,8M5CL,8M5CL,02/16/2026 12:39:16 PM,8M5CL,D1D,7,6055688
D502864,397,GK7GT397JKF6,0,0,0,0,0,0,0.17377171,2.0545460763,0,0,0,0,0,0,0,3.8939754758,1.7549887575,3.9842204221,0,11.861502442,D5028640,PNCB,09/15/2025 7:37:46 PM,BPD458,8M5CL,8M5CL,02/16/2026 12:39:01 PM,8M5CL,D1D,8,6055624
D502864,442,GK1YX442JKF3,0,0,0,0,0,0,0,0.73123038,3.79151771,0,0,0,0,0,0,1.6505278586,0.9263101501,3.3097684303,0.8801965225,11.198407573,D5028640,PNCB,09/15/2025 7:37:46 PM,BPD458,8M5CL,8M5CL,02/16/2026 12:39:08 PM,8M5CL,D1D,9,6055660
D501YRN,4,A0WHD004SLG6,0,0,0,0,0,0,0.4300139753,1.2018906234,0,0,0,0,0,0,0,0,0,1.2344860774,0,2.8663906761,D501YRN0,X78D,09/17/2025 9:25:08 AM,BPD436,8M5CL,8M5CL,01/15/2026 4:47:11 PM,8M5CL,D1D,1,6037764
D501YRN,9,A0WHD009SLF7,0,0,0,0,0,0,0.5493445119,0,0,0,0,0,0,0,0,0,0,1.6550333182,0,2.2043778301,D501YRN0,X78D,09/17/2025 9:25:08 AM,BPD436,8M5CL,8M5CL,01/15/2026 4:47:12 PM,8M5CL,D1D,2,6037760
D501YRP,752,GK9MH752JKC3,0,0,0,0,0,0,0,0,0,0,0,0,0,0,0,0,0,0.9890175087,0,0.9890175087,D501YRP0,X78D,09/17/2025 9:40:27 AM,BPD436,8M5CL,8M5CL,01/15/2026 4:47:12 PM,8M5CL,D1D,1,6037539
D501YRP,754,GK9MH754JKD4,0,0,0,0,0,0,0,0,0,0,0,0,0,0,0,1.6192259519,0,0,0,1.6192259519,D501YRP0,X78D,09/17/2025 9:40:27 AM,BPD436,8M5CL,8M5CL,01/15/2026 4:47:11 PM,8M5CL,D1D,2,6037608
D452915,93,MBZTG093WAF2,0,0,0,0,0,0,0.2432946927,5.2258807781,0,0,0,0,0,0,0,1.9526125177,0,2.0487306556,0,9.470518644,D4529150,PXSA,10/06/2025 9:49:57 PM,BPD450,8M5CL,8M5CL,02/16/2026 12:40:00 PM,8M5CL,D1D,1,6003906
D452915,125,MBZTG125WAD4,0,0,0,0,0,0,0.0877369038,0,0,0,0,0,0,0,0,0.7855859462,0.5742415863,2.6016097598,0,3.4621859235,D4529150,PXSA,10/06/2025 9:49:57 PM,BPD450,8M5CL,8M5CL,02/16/2026 12:39:57 PM,8M5CL,D1D,2,6003809
D452915,670,MBZZR670WAA3,0,0,0,0,0,0,0,2.0636801534,0,0,0,0,0,0,0,0,0,6.2242144419,0,8.2878945954,D4529150,PXSA,10/06/2025 9:49:57 PM,BPD450,8M5CL,8M5CL,02/16/2026 12:39:59 PM,8M5CL,D1D,3,6003871
D452915,719,MBZZR719WAD3,0,0,0,0.5368528991,0,0,0.2898030487,1.3525539506,0,22.617458326,0,0,0,1.2886185352,0,0,0,2.6098693694,0.9523310211,26.693029392,D4529150,PXSA,10/06/2025 9:49:57 PM,BPD450,8M5CL,8M5CL,02/16/2026 12:39:58 PM,8M5CL,D1D,4,6003827
D502894,113,GF5XH113JKD3,0,0,0,0,0,0,0.6672911369,0,0,0,0,0,0,0,0,2.2951226096,1.8416701996,0,4.6236770035,9.4277609497,D5028940AF,PXMG,10/14/2025 7:00:01 AM,BPD458,8M5CL,8M5CL,02/16/2026 12:39:08 PM,8M5CL,D1D,1,7435873
D502894,114,GF5XH114JKA2,0,0,0,0,0,0,0.1258739608,2.09470756,3.9588741767,0,0,0,0,0,0,1.6455959712,0.9043765662,15.131507721,0,23.321584199,D5028940AF,PXMG,10/14/2025 7:00:01 AM,BPD458,8M5CL,8M5CL,02/16/2026 12:39:16 PM,8M5CL,D1D,2,7435776
D517894,26,MC5LL026WAF7,0.6136215042,0,0,0,0,0,0.2419987923,2.9356020312,3.5017817504,0,0,0,0,0,0,1.8609887548,0,17.756468805,3.0527688961,29.689664095,D5178940,PNCB,06/24/2025 10:35:44 PM,BPD450,8M5CL,8M5CL,02/19/2026 4:01:34 AM,8M5CL,D1D,1,6614987
D517894,32,MC5LL032WAA6,0,0,0,0,0,0,0,1.662281521,0,0,0,0,0,0,0,0,0,1.1937883154,0,2.8560698364,D5178940,PNCB,06/24/2025 10:35:44 PM,BPD450,8M5CL,8M5CL,06/07/2026 9:31:49 PM,8M5CL,D1D,2,6614804
D517894,98,MC5LL098WAB5,0,0,0,0,0,0,0.2154717687,0.7449900915,2.4379488626,0,0,0,0,0,0,2.1566684847,0,4.5721236723,0,10.12720288,D5178940,PNCB,06/24/2025 10:35:44 PM,BPD450,8M5CL,8M5CL,02/19/2026 4:00:30 AM,8M5CL,D1D,3,6614940
D517894,102,MC5LL102WAB1,0,0,0,0,0,0,1.0798260288,0,0,0,0,0,0,0,0,5.3775162407,0,0,0,6.4573422695,D5178940,PNCB,06/24/2025 10:35:44 PM,BPD450,8M5CL,8M5CL,02/19/2026 3:58:02 AM,8M5CL,D1D,4,6614780
D517894,103,MC5LL103WAF3,0,0,0,0,0,0,0.347785266,2.1467685953,2.7060942134,0,0,0,0,0,0,0,0,0,2.1270485143,7.327696589,D5178940,PNCB,06/24/2025 10:35:44 PM,BPD450,8M5CL,8M5CL,02/19/2026 3:57:00 AM,8M5CL,D1D,5,6614807
D517894,108,MC5LL108WAE4,0,0,0,0,0,0,0.8311205725,0,3.6200345169,0,0,0,0,0,0,1.6744219429,0,0,0,5.8492055244,D5178940,PNCB,06/24/2025 10:35:44 PM,BPD450,8M5CL,8M5CL,02/19/2026 3:57:06 AM,8M5CL,D1D,6,6614937
D517809,24,KHP1Y024WFC7,0,0,0,0,0,0,1.2358326405,3.3075100776,3.1216768662,0,0,0,0,0,0,1.2975974422,1.1756864571,12.103983416,0.89518387,23.06206647,D5178090,PXMG,08/01/2025 6:11:38 AM,BPD436,8M5CL,8M5CL,02/19/2026 4:25:20 AM,8M5CL,D1D,1,6609667
D517809,25,KHP1Y025WFH1,0,0,0,0,0,0,0.9548537375,1.1918093851,3.0115674331,0,0,0,0,0,0,0,0,12.813499007,0,17.971727344,D5178090,PXMG,08/01/2025 6:11:38 AM,BPD436,8M5CL,8M5CL,02/19/2026 4:21:43 AM,8M5CL,D1D,2,6609616
D517805,564,MC5LH564WAC1,0,0,0,0,0,0,3.1108633526,0,5.2631396224,0,0,0,0,0,0,9.8591116254,5.3865240779,2.9382297973,0.7496357802,26.913973291,D5178050,PXMG,07/29/2025 12:57:14 PM,BPD454,8M5CL,8M5CL,02/19/2026 4:45:31 AM,8M5CL,D1D,1,6609374
D517805,576,MC5LH576WAA3,0,0,0,2.8415903427,0,0,9.6309171708,34.708776868,0,0,0,0,0,0,0,0,0,0,0,47.181284381,D5178050,PXMG,07/29/2025 12:57:14 PM,BPD454,8M5CL,8M5CL,02/19/2026 4:34:22 AM,8M5CL,D1D,2,6609341
D517805,607,MC5LH607WAB6,0.9409911288,0,0,0,0,0,1.1113427989,5.988953152,0.7587137989,0,0,0,0,0,0,7.6493621989,0,4.9587780571,1.3499513984,22.470942616,D5178050,PXMG,07/29/2025 12:57:14 PM,BPD454,8M5CL,8M5CL,02/19/2026 4:32:46 AM,8M5CL,D1D,3,6609222
D517805,638,MC5LH638WAE6,0,0,0,0,0,0,2.1059412663,10.529748641,0,0,40.107551884,0,0,0,0,10.575908461,0,0,11.848709415,51.357558713,D5178050,PXMG,07/29/2025 12:57:14 PM,BPD454,8M5CL,8M5CL,02/19/2026 4:29:14 AM,8M5CL,D1D,4,6609367
D519440,155,GJ7SX155JKD4,0,0,0,0,0,0,0.1003308525,1.0321985743,0,0,0,0,0,0,0,6.938659442,0,2.0371334264,0,10.108320076,D5194400,PXMG,08/04/2025 11:08:21 AM,BPD454,8M5CL,8M5CL,02/18/2026 10:39:55 PM,8M5CL,D1D,1,6675788
D519440,157,GJ7SX157JKE5,0,0,0,0,0,0,0.2418945348,0,5.8563997216,0,0,0,0,0,0,10.905768418,0,0,0,15.577991177,D5194400,PXMG,08/04/2025 11:08:21 AM,BPD454,8M5CL,8M5CL,02/18/2026 10:33:27 PM,8M5CL,D1D,2,6675834
D517893,822,GH6WZ822JKD5,0,0,0,0,0,0,0,0,0,0,0,0,0,0,0,0,0,0.7310178748,0,0.7310178748,D517893A,PNCB,08/05/2025 3:29:58 PM,BPD446,8M5CL,8M5CL,02/19/2026 4:01:05 AM,8M5CL,D1D,1,7150554
D517893,823,GH6WZ823JKA4,2.3922765408,0,0,0,0,0,0,1.56403956,0.8309465123,0,0,0,0,0,0,1.9027523902,0,4.6205172788,0,11.310532282,D517893A,PNCB,08/05/2025 3:29:58 PM,BPD446,8M5CL,8M5CL,02/19/2026 4:00:50 AM,8M5CL,D1D,2,7150580
D517893,827,GH6WZ827JKC6,0,0,0,0,0,0,0,0,2.6111964067,0,0,0,0,0,0,1.0296647454,0,1.0815781689,0,4.722439321,D517893A,PNCB,08/05/2025 3:29:58 PM,BPD446,8M5CL,8M5CL,02/19/2026 4:00:48 AM,8M5CL,D1D,3,7152335
D517893,828,GH6WZ828JKH0,0,0,0,0,0,0,0,0,1.8088612302,0,0,0,0,0,0,6.9804981867,0,7.7144890092,0,16.503848426,D517893A,PNCB,08/05/2025 3:29:58 PM,BPD446,8M5CL,8M5CL,02/19/2026 4:00:42 AM,8M5CL,D1D,4,7152407
D517807,2,KHPQY002WFA2,0,0,0,0,0,0,0.2938034068,1.0553039227,0,0,0,0,0,0,0,0,0,0,0,1.3491073295,D5178070,PXMG,09/09/2025 12:57:35 AM,BPD444,8M5CL,8M5CL,02/16/2026 4:11:40 PM,8M5CL,D1D,1,6609500
D517807,14,KHPQY014WFF7,0,0,0,0,0,0,0,0,0,0,0,0,0,0,0,0,3.1907540398,6.2170291935,0,9.4077832333,D5178070,PXMG,09/09/2025 12:57:35 AM,BPD444,8M5CL,8M5CL,02/16/2026 4:11:39 PM,8M5CL,D1D,2,6609446
D519427,237,A1JUL237SLE7,0,0,0,0,0,0,0.3393831975,0,2.0289108227,0,0,0,0,0,0,0,2.1723937041,3.5682350411,0,8.1089227654,D5194270,PXMG,09/16/2025 3:11:48 PM,BPD432,8M5CL,8M5CL,02/17/2026 11:49:08 AM,8M5CL,D1D,1,6671716
D519427,238,A1JUL238SLB6,0,0,0,0,0,0,1.7151041898,0,6.65983125,0,0,0,0,0,0.3518735363,1.0580397395,2.4987419496,0,1.2245199063,13.40346998,D5194270,PXMG,09/16/2025 3:11:48 PM,BPD432,8M5CL,8M5CL,02/17/2026 11:49:06 AM,8M5CL,D1D,2,6671689
D520452,513,GJ3DR513JKH2,0,0,0,0,0,0,0,1.4729064182,1.29227099,0,0,0,0,0,0,0,0,0,0,2.7651774081,D5204520,PNCB,09/20/2025 1:22:48 PM,BPD448,8M5CL,8M5CL,02/16/2026 5:32:03 AM,8M5CL,D1D,1,6692878
D520452,514,GJ3DR514JKE1,0,0,0,0,0,0,0.2116339249,0,1.6467112653,0.5727206291,0,0,0,0,0,2.1182517954,0,3.4709663719,0,8.0202839865,D5204520,PNCB,09/20/2025 1:22:48 PM,BPD448,8M5CL,8M5CL,02/16/2026 5:31:30 AM,8M5CL,D1D,2,6692782
D519370,110,KHPQY110WFC6,0,0,0,0,0,0,0.7786169137,1.0178998896,1.2831063744,0,0,0,0,0,0,0,0,2.3188567005,0,5.3984798783,D5193700AF,PNCB,09/25/2025 10:58:09 AM,BPD458,8M5CL,8M5CL,02/16/2026 8:26:47 AM,8M5CL,D1D,1,7388388
D519370,121,KHPRC121WFG2,0,0,0,0,0,0,0.2414415082,3.2829932617,3.4442489055,0,0,0,0,0,0,4.7147430533,0,4.5062097245,0,14.175735488,D5193700AF,PNCB,09/25/2025 10:58:09 AM,BPD458,8M5CL,8M5CL,02/16/2026 8:26:23 AM,8M5CL,D1D,2,7388364
D519370,129,KHPQY129WFB2,0,0,0,0,0,0,0.1887361995,1.1650022016,0,0,0,0,0,0,0,0.801396354,0,7.1348853912,0,9.2900201463,D5193700AF,PNCB,09/25/2025 10:58:09 AM,BPD458,8M5CL,8M5CL,02/16/2026 8:26:05 AM,8M5CL,D1D,3,7388335
D519370,134,KHPQY134WFG5,12.940665424,0,0,0,0,0,0.2656846215,2.6970330727,0,0,8.6537194752,0,0,0,0,2.0431397087,0,1.5878388257,0.8730754734,15.653345255,D5193700AF,PNCB,09/25/2025 10:58:09 AM,BPD458,8M5CL,8M5CL,02/16/2026 8:25:35 AM,8M5CL,D1D,4,7388329
D519370,157,KHPQY157WFG2,0,0,0,0.5021878927,0,0,0,3.6647760843,0,0,0,0,0,0,0,5.8992769956,0,2.005526244,0,12.071767217,D5193700AF,PNCB,09/25/2025 10:58:09 AM,BPD458,8M5CL,8M5CL,02/16/2026 8:26:28 AM,8M5CL,D1D,5,7388344
D519370,159,KHPQY159WFA0,0,0,0,0.4853870857,0,0,0.2837945235,0,0.6586858048,0,0,0,0,0,0,0.7052058483,0,2.6746777744,0,4.3155837018,D5193700AF,PNCB,09/25/2025 10:58:09 AM,BPD458,8M5CL,8M5CL,02/16/2026 8:24:51 AM,8M5CL,D1D,6,7388331
D519371,410,KHPQU410WFG0,0,0,0,0,0,0,0,2.8661638333,0,0,0,0,1.6898264445,0,0,0,0,2.6460233254,0,6.6318621619,D5193710AB,PNCB,09/25/2025 10:03:31 AM,BPD458,8M5CL,8M5CL,02/16/2026 8:16:08 AM,8M5CL,D1D,1,7388450
D519371,429,KHPQU429WFE4,0,0,0,0,0,0,0,0,0,0,0,0,0,0,0,5.8333065402,0,12.492294626,0,18.325601166,D5193710AB,PNCB,09/25/2025 10:03:31 AM,BPD458,8M5CL,8M5CL,02/16/2026 8:15:38 AM,8M5CL,D1D,2,7388448
D519371,443,KHPQU443WFC6,0,0,0,0,0,0,0,0,1.1848314343,0,0,0,0,0,0,0,0,4.960420077,0,6.1452515113,D5193710AB,PNCB,09/25/2025 10:03:31 AM,BPD458,8M5CL,8M5CL,02/16/2026 8:15:27 AM,8M5CL,D1D,3,7388444
D519371,462,KHPQU462WFA1,0,0,0,0,0,0,0,2.1250030854,0,0,0,0,0,0,0,1.7993409974,0,3.6521950533,0,7.576537011,D5193710AB,PNCB,09/25/2025 10:03:31 AM,BPD458,8M5CL,8M5CL,02/16/2026 8:15:09 AM,8M5CL,D1D,4,7388415
D519371,529,KHPQU529WFD5,0,0,0,0,0,0,0,0.946159384,0,0,0,0,0,0,0,1.0296647454,0,2.4262291526,0,4.402053282,D5193710AB,PNCB,09/25/2025 10:03:31 AM,BPD458,8M5CL,8M5CL,02/16/2026 8:14:45 AM,8M5CL,D1D,5,7388429
D519371,565,KHPQW565WFF3,0,0,0,0,0,0,0,0,0,0,0,0,0,0,0,1.8511321782,0,2.6006878765,0,4.4518200546,D5193710AB,PNCB,09/25/2025 10:03:31 AM,BPD458,8M5CL,8M5CL,02/16/2026 8:14:34 AM,8M5CL,D1D,6,7388414
D517303,48,GN2SY048JKE5,0,0,0,0,0,0,0,0.9707399151,0.9186384404,0,0,0,0,0,0,0,0,8.7124129501,0,10.601789106,D5173030,PXMG,09/25/2025 4:40:01 AM,BPD448,8M5CL,8M5CL,02/16/2026 4:08:52 PM,8M5CL,D1D,1,6592242
D517303,121,GN2SY121JKB7,0,0,0,0,0,0,0,4.6105465748,1.3336814705,0,0,0,0,0,0,0,0,0,0,5.9442258266,D5173030,PXMG,09/25/2025 4:40:01 AM,BPD448,8M5CL,8M5CL,02/16/2026 4:08:39 PM,8M5CL,D1D,2,6592332
D519420,207,GH8FS207JKA6,0,0,0,0,0,0,0.4623783502,1.2400888931,1.5631844128,0,0,0,0,0,0,2.8638534385,0,15.983672167,0,22.113175043,D5194200,PXMG,09/25/2025 6:00:26 AM,BPD448,8M5CL,8M5CL,02/16/2026 6:38:15 AM,8M5CL,D1D,1,6658856
D519420,208,GH8FS208JKF0,0,0,0,0,0,0,0.4871073331,1.083216291,2.7308795192,0,0,0,0,0,0,7.0429049729,0,1.5558506257,0,12.899958742,D5194200,PXMG,09/25/2025 6:00:26 AM,BPD448,8M5CL,8M5CL,02/16/2026 6:37:34 AM,8M5CL,D1D,2,6658903
D517976,358,MC6GT358WAA3,0,0,0,0.5315796232,0,0,0,0,0,0,0,0,0,0,0,2.2941784721,1.8368056635,1.4930275074,0,6.1555912661,D5179760,PNCB,09/25/2025 6:58:53 AM,BPD442,8M5CL,8M5CL,02/16/2026 12:01:12 PM,8M5CL,D1D,1,6617203
D517976,366,MC6GT366WAD6,0,0,0,0,0,0,0,1.3531735877,2.422999122,0,0,0,0,0,0,3.5532781345,1.2314144855,4.5877003032,0,13.148565633,D5179760,PNCB,09/25/2025 6:58:53 AM,BPD442,8M5CL,8M5CL,02/16/2026 11:56:25 AM,8M5CL,D1D,2,6617328
D517976,376,MC6GT376WAA7,0,0,0,0.397597222,0,0,0,0,1.9546589202,0,0,0,0,0,0,0,0,1.2104125969,0,3.5626666141,D5179760,PNCB,09/25/2025 6:58:53 AM,BPD442,8M5CL,8M5CL,02/16/2026 11:53:33 AM,8M5CL,D1D,3,6617273
D519409,526,GJ3NM526JKB0,0,0,0,1.5205363051,0,0,0,3.36660507,2.5084113355,0,0,0,0,0,0,3.3010557172,0,9.4012298783,0,19.574620762,D5194090,PNCB,09/23/2025 6:19:56 PM,BPD458,8M5CL,8M5CL,02/16/2026 7:04:21 AM,8M5CL,D1D,1,6669005
D519409,527,GJ3NM527JKF2,0,0,0,0,0,0,0.244842334,0,0,0,0,0,0,0,0,10.07030955,0,7.0062575567,0,17.321409441,D5194090,PNCB,09/23/2025 6:19:56 PM,BPD458,8M5CL,8M5CL,02/16/2026 7:02:30 AM,8M5CL,D1D,2,6668898
D519376,193,GH8FS193JKD0,0,0,0,0,0,0,0,0,0,0,0,0,0,0,0,0.8950185836,1.7560845553,0,0,2.6511031389,D5193760,PNCB,09/24/2025 4:54:17 AM,BPD436,8M5CL,8M5CL,02/16/2026 8:01:02 AM,8M5CL,D1D,1,6658858
D519376,194,GH8FS194JKH2,0,0,0,0,0,0,0,1.0178998896,0,0,0,0,0,0,0,0,0,2.3823957542,0,3.4002956438,D5193760,PNCB,09/24/2025 4:54:17 AM,BPD436,8M5CL,8M5CL,02/16/2026 7:58:32 AM,8M5CL,D1D,2,6658966
D519376,192,GH8FS192JKG1,0,0,0,0,0,0,0,0.8857662837,2.7448467418,0,0,0,0,0,0,2.5642003247,0,0,0,6.1948133502,D5193760AJ,PNCB,09/24/2025 5:28:27 AM,BPD458,8M5CL,8M5CL,02/16/2026 8:02:47 AM,8M5CL,D1D,1,7384298
D519376,195,GH8FS195JKE1,0,0,0,0,0,0,0.7272502193,0,7.3825100244,0,0,0,0,0,0,0,0,1.4724783721,0,9.5822386158,D5193760AJ,PNCB,09/24/2025 5:28:27 AM,BPD458,8M5CL,8M5CL,02/16/2026 8:02:12 AM,8M5CL,D1D,2,7384294
D519376,204,GH8FS204JKC6,0,0,0,0,0,0,0,4.3264570403,0,0,0,0,0,0,0,0,0,1.5878388257,0,5.914295866,D5193760AJ,PNCB,09/24/2025 5:28:27 AM,BPD458,8M5CL,8M5CL,02/16/2026 8:01:33 AM,8M5CL,D1D,3,7384360
D519376,249,GH8FS249JKF1,0,0,0,0,0,0,0,2.1849181985,2.458542348,0,0,0,0,0,0,1.9589355729,0,0,0,6.6023961194,D5193760AJ,PNCB,09/24/2025 5:28:27 AM,BPD458,8M5CL,8M5CL,02/16/2026 8:01:37 AM,8M5CL,D1D,4,7384322
D519425,678,MC5NG678WAG2,0,0,0,0,0,0,0.3486868816,1.8525327979,0,0,0,0,0,0,0,1.9392894174,2.231947036,0,0,6.3724561329,D5194250,PXMG,09/23/2025 12:55:51 PM,BPD444,8M5CL,8M5CL,02/16/2026 6:35:31 AM,8M5CL,D1D,1,6671767
D519425,690,MC5NG690WAD3,0,0,0,0,0,0,1.1496830028,0.8555497146,27.197512987,0,0,0,0,1.0815580869,0,10.936163532,3.3644278213,4.5708856191,0,49.155782963,D5194250,PXMG,09/23/2025 12:55:51 PM,BPD444,8M5CL,8M5CL,02/16/2026 6:34:41 AM,8M5CL,D1D,2,6671739
D519388,21,KHPRC021WFH1,0,0,0,0,0,0,0,3.9018536631,0,0,0,0,0,0,0,0,0,0,0,3.9018536631,D5193880,PNCB,09/27/2025 8:11:52 PM,BPD448,8M5CL,8M5CL,02/16/2026 7:38:45 AM,8M5CL,D1D,1,6663283
D519388,35,KHPRC035WFG4,0,0,0,0,0,0,0.2161632494,1.025170262,1.8846867071,0,0,0,0,0,0,0,0,5.5337791845,0,8.659799403,D5193880,PNCB,09/27/2025 8:11:52 PM,BPD448,8M5CL,8M5CL,02/16/2026 7:38:24 AM,8M5CL,D1D,2,6663221
D519408,444,GJ3NM444JKC3,0,0,0,0,0,0,0.4182102261,0.73123038,0,0,0,0,0,0,0,1.0223624987,0,1.5396001462,0,3.711403251,D5194080,PNCB,09/21/2025 2:39:43 PM,BPD442,8M5CL,8M5CL,02/16/2026 7:09:29 AM,8M5CL,D1D,1,6668689
D519408,601,GJ3NM601JKG6,0,0,0,0,0,0,0.2161632494,1.025170262,0,0,0,0,0,0,0,1.6184420712,0,1.5991799995,0,4.4589555821,D5194080,PNCB,09/21/2025 2:39:43 PM,BPD442,8M5CL,8M5CL,02/16/2026 7:08:14 AM,8M5CL,D1D,2,6668825
D519370,28,KHPQY028WFF2,0,0,0,0,0,0,1.8196692444,0,0,0,0,0,0,0,0,5.2362406612,0,0,5.2743810938,12.330291,D5193700,PNCB,09/27/2025 4:19:51 AM,BPD446,8M5CL,8M5CL,02/16/2026 8:27:44 AM,8M5CL,D1D,1,6658078
D519370,30,KHPQY030WFF2,0,0,0,0,0,0,0,0,0.7160298833,0,0,0,0,2.1346465712,0,5.6952200092,0,6.4595395733,0,15.005433912,D5193700,PNCB,09/27/2025 4:19:51 AM,BPD446,8M5CL,8M5CL,02/16/2026 8:24:36 AM,8M5CL,D1D,2,6658116
D517EC8,151,GH6WY151JKD7,0,0,0,0,0,0,0,0,0,0,0,0,0,0,0,0,0,0,0,0,D517EC80,X78D,09/26/2025 5:23:02 PM,BPD436,8M5CL,8M5CL,01/15/2026 4:45:18 PM,8M5CL,D1D,1,6617413
D517EC8,178,GH6WY178JKF6,0,0,0,0,0,0,0,0.6417440143,9.7150294009,0,0,0,0,0,0,1.1199372429,0,2.8418679464,0,14.318578605,D517EC80,X78D,09/26/2025 5:23:02 PM,BPD436,8M5CL,8M5CL,01/15/2026 4:45:23 PM,8M5CL,D1D,2,6617279
D518316,275,MC5LK275WAH2,0.7347410249,0,0,0,0,0,0.0787604711,0.7955064405,0,0,0,0,0,0,0,4.3104236068,0,0,0.4432416728,6.3626732161,D5183160,PNCB,10/01/2025 5:09:16 AM,BPD450,8M5CL,8M5CL,02/16/2026 10:58:26 AM,8M5CL,D1D,1,6625503
D518316,285,MC5LK285WAE3,0,0,0,0,0,0,0.4211973018,0,0,0,0,0,0,0,0,1.0296647454,0,0,0.7103424007,2.1612044479,D5183160,PNCB,10/01/2025 5:09:16 AM,BPD450,8M5CL,8M5CL,02/16/2026 10:55:18 AM,8M5CL,D1D,2,6625502
D518316,286,MC5LK286WAB2,1.1005644109,0,0,0,0,0,0,0,0,0,0,0,0,0,0,0.7002046214,0,14.987400721,0.7053047461,17.493474499,D5183160M,PNCB,09/30/2025 3:05:29 PM,BPD442,8M5CL,8M5CL,02/16/2026 10:58:07 AM,8M5CL,D1D,1,7417424
D518316,290,MC5LK290WAC3,1.8309936463,0,0,0,0,0,0,0,0,0,0,0,0,0,6.274432672,0,1.6062864018,0,4.3065006773,12.342971185,D5183160M,PNCB,09/30/2025 3:05:29 PM,BPD442,8M5CL,8M5CL,02/16/2026 10:57:14 AM,8M5CL,D1D,2,7417333
D518316,307,MC5LK307WAF4,1.3641591819,0,0,0,0,0,0.2572449679,0.683354098,0,0,0,0,0,0,0,5.7528060619,0,4.6838852144,0,12.741449524,D5183160M,PNCB,09/30/2025 3:05:29 PM,BPD442,8M5CL,8M5CL,02/16/2026 10:57:09 AM,8M5CL,D1D,3,7417394
D518316,320,MC5LK320WAG7,0,0,0,0,0,0,0.2146302481,0,0,0,0,0,0,0,0,3.7755798202,0,0,0,3.9902100684,D5183160M,PNCB,09/30/2025 3:05:29 PM,BPD442,8M5CL,8M5CL,02/16/2026 10:56:42 AM,8M5CL,D1D,4,7417417
D518315,452,GJ4XA452JKD5,0,0,0,0,0,0,0,0,0.7053047461,0,0,0,0,0,0,0,0,0.7945569285,0,1.4998616745,D5183150,PNCB,09/30/2025 3:35:27 PM,BPD450,8M5CL,8M5CL,02/16/2026 11:13:21 AM,8M5CL,D1D,1,6624841
D518315,453,GJ4XA453JKA4,0,0,0,0,0,0,0.8494851862,2.6287998001,0,1.0287893912,0,0,0,0,0,0,0,1.6852536371,0,6.1923280146,D5183150,PNCB,09/30/2025 3:35:27 PM,BPD450,8M5CL,8M5CL,02/16/2026 11:16:04 AM,8M5CL,D1D,2,6624902
D518313,504,GJ4XA504JKD4,0,0,0,0,0,0,0,1.0793245166,0,0,0,0,0,0,0,1.750126919,1.4567486203,4.2846232673,0.7478652868,9.3186907351,D5183130AC,PNCB,09/29/2025 9:54:11 PM,BPD432,8M5CL,8M5CL,02/16/2026 11:26:22 AM,8M5CL,D1D,1,7411544
D518313,505,GJ4XA505JKA3,0,0,0,0,0,0,0.2161632494,0,0,0,0,0,0,0,0,0,1.3836588192,5.9839059778,0.4432416728,8.0269697192,D5183130AC,PNCB,09/29/2025 9:54:11 PM,BPD432,8M5CL,8M5CL,02/16/2026 11:26:12 AM,8M5CL,D1D,2,7411587
D518313,508,GJ4XA508JKF6,0,0,0,0.397597222,0,0,0,0,0,0,0,0,0,0,0,7.7586050879,0,34.119258407,0.7187350745,42.994193666,D5183130AC,PNCB,09/29/2025 9:54:11 PM,BPD432,8M5CL,8M5CL,02/16/2026 11:25:28 AM,8M5CL,D1D,3,7411576
D518313,509,GJ4XA509JKC5,0,0,0,0,0,0,0.5874739256,0,0.5434044458,0,0,0,0,0,0,0.7052058483,0,8.775033677,0,10.301561422,D5183130AC,PNCB,09/29/2025 9:54:11 PM,BPD432,8M5CL,8M5CL,02/16/2026 11:25:00 AM,8M5CL,D1D,4,7411582
D518313,512,GJ4XA512JKG7,0,0,0,0,0,0,0,0.73123038,0,0,0,0,0,0,0,0,2.8462967225,22.835464121,0,26.412991224,D5183130AC,PNCB,09/29/2025 9:54:11 PM,BPD432,8M5CL,8M5CL,02/16/2026 11:24:43 AM,8M5CL,D1D,5,7411621
D518313,545,GJ4XA545JKD5,0,0,0,0,0,0,0,0,1.3119311445,0,0,0,0,0,0,0.7159348222,1.4047101233,23.088219029,0,26.520795119,D5183130AC,PNCB,09/29/2025 9:54:11 PM,BPD432,8M5CL,8M5CL,02/16/2026 11:24:19 AM,8M5CL,D1D,6,7411586
D519386,14,A1JY9014SLE4,0,0,0,0,0,0,0.3410240887,1.1826976693,0.6283459893,0,0,0,0,0,0,0,1.5999452468,0,0,3.7520172441,D5193860,PNCB,10/09/2025 2:34:26 AM,BPD444,8M5CL,8M5CL,02/16/2026 7:38:13 AM,8M5CL,D1D,1,6661476
D519386,15,A1JY9015SLB3,0,0,0,0,0,0,0.2618336215,1.025170262,2.5965893357,0,0,0,1.2588149116,0,0,0,1.4796781065,2.5659219772,0,9.1880082144,D5193860,PNCB,10/09/2025 2:34:26 AM,BPD444,8M5CL,8M5CL,02/16/2026 7:37:39 AM,8M5CL,D1D,2,6661564
D519386,17,A1JY9017SLC4,0.7733764604,0,0,0,0,0,0.4433465441,1.0790783801,0,0,0,0,0,0,0,0,0,4.714126667,0,7.0099301917,D5193860,PNCB,10/09/2025 2:34:26 AM,BPD444,8M5CL,8M5CL,02/16/2026 7:37:10 AM,8M5CL,D1D,3,6661405
D519386,21,A1JY9021SLD5,0,0,0,0,0,0,0.0853395387,0,0,0,0,0,0,0,0,0.764122105,1.4992547921,3.465563458,0,5.8142798937,D5193860,PNCB,10/09/2025 2:34:26 AM,BPD444,8M5CL,8M5CL,02/16/2026 7:36:44 AM,8M5CL,D1D,4,6661454
D517983,613,GJ4XA613JKC7,0.6400486803,0,1.0956566031,0,0,0,0.2394254114,1.1971249165,4.3443890599,0,0,0,0,0,0,3.1435144601,0,12.946365864,2.354762586,25.547670975,D5179830,PNCB,10/09/2025 10:38:06 AM,BPD444,8M5CL,8M5CL,02/16/2026 11:41:43 AM,8M5CL,D1D,1,6617067
D517983,614,GJ4XA614JKH1,0,0,0,0,0,0,0.7505683529,0,0.5826892479,0,0,0,0,0,0,0.7002046214,0,0.7310178748,0,2.7644800969,D5179830,PNCB,10/09/2025 10:38:06 AM,BPD444,8M5CL,8M5CL,02/16/2026 11:41:36 AM,8M5CL,D1D,2,6617040
D517983,615,GJ4XA615JKE0,1.4776855522,0,1.5595728996,0,0,0,0.8496906483,2.1052631112,3.3023216806,0,0,0,0,0,0,0,1.8446087565,5.6796273112,0.5273527193,16.091862177,D5179830,PNCB,10/09/2025 10:38:06 AM,BPD444,8M5CL,8M5CL,02/16/2026 11:41:51 AM,8M5CL,D1D,3,6617171
D517983,616,GJ4XA616JKA7,0,0,0,0,0,0,0,108.432936,0,0,0,0,0,0,0,0,0,0,0,87.481190806,D5179830,PNCB,10/09/2025 10:38:06 AM,BPD444,8M5CL,8M5CL,02/16/2026 11:41:32 AM,8M5CL,D1D,4,6617163
D519366,194,GH7VV194JKC7,0,0,0,0,0,0,0,0,0,0,0,0,0,0,0,0,0,1.4620357496,0,1.4620357496,D5193660AC,PNCB,10/07/2025 2:21:48 AM,BPD450,8M5CL,8M5CL,02/16/2026 8:52:01 AM,8M5CL,D1D,1,7444318
D519366,195,GH7VV195JKH1,0,0,0,0,0,0,3.356186782,34.996916376,0,0,0,0,0,0,0,0,0,0,0,38.353103158,D5193660AC,PNCB,10/07/2025 2:21:48 AM,BPD450,8M5CL,8M5CL,02/16/2026 8:52:16 AM,8M5CL,D1D,2,7444313
D519366,210,GH7VV210JKA5,0,0,0,0,0,0,88.629008776,2.150626962,39.586283961,0,0,0,0,0,0,62.151415973,6.7775047231,27.610562132,0,205.22213308,D5193660AC,PNCB,10/07/2025 2:21:48 AM,BPD450,8M5CL,8M5CL,02/16/2026 8:52:23 AM,8M5CL,D1D,3,7444322
D519366,211,GH7VV211JKE7,0,0,0,0,0,0,0.473014415,1.1512897467,2.1165442645,0,0,0,0,0,0,0,0,9.3442428782,0,13.085091304,D5193660AC,PNCB,10/07/2025 2:21:48 AM,BPD450,8M5CL,8M5CL,02/16/2026 8:50:47 AM,8M5CL,D1D,4,7444276
D519366,215,GH7VV215JKH1,0,0,0,0.4004370689,0,0,0.1636334396,1.1930156746,0,0,0,0,0,0,0,0,0,1.6625736178,0,3.4196598008,D5193660AC,PNCB,10/07/2025 2:21:48 AM,BPD450,8M5CL,8M5CL,02/16/2026 8:50:14 AM,8M5CL,D1D,5,7444327
D519366,216,GH7VV216JKE0,0,0,0,0,0,0,0,0,0.6130116143,0,0,0,0,0,0,1.8257532682,0,0.8305468085,0,3.269311691,D5193660AC,PNCB,10/07/2025 2:21:48 AM,BPD450,8M5CL,8M5CL,02/16/2026 8:50:12 AM,8M5CL,D1D,6,7444317
D519366,252,GH7VV252JKF0,0,0,0,0,0,0,0,0,0,0,0,0,0,0,0,0,0,1.5255748033,0,1.5255748033,D5193660AC,PNCB,10/07/2025 2:21:48 AM,BPD450,8M5CL,8M5CL,02/16/2026 8:49:24 AM,8M5CL,D1D,7,7451770
D519366,253,GH7VV253JKB7,0,0,0,0,0,0,0,1.7869809184,0,0,0,0,0,0,1.7650885038,2.2053638175,0,2.0384066004,1.3856385321,8.1748724668,D5193660AC,PNCB,10/07/2025 2:21:48 AM,BPD450,8M5CL,8M5CL,02/16/2026 8:49:10 AM,8M5CL,D1D,8,7452228
D519366,256,GH7VV256JKH2,0,0,0,0,0,0,0,0,0,0,0,0,0,0,0,3.616974442,2.0549571227,3.0410853604,0,8.7130148001,D5193660AC,PNCB,10/07/2025 2:21:48 AM,BPD450,8M5CL,8M5CL,02/16/2026 8:48:59 AM,8M5CL,D1D,9,7452068
D519368,270,GH7VV270JKF4,0,0,0,0,0,0,0,2.0766985293,1.5234008751,0,0,0,0,0,0,0,0,4.7137605106,0.5225184016,8.8363761915,D5193680,PNCB,10/08/2025 4:16:02 AM,BPD444,8M5CL,8M5CL,02/16/2026 8:38:50 AM,8M5CL,D1D,1,6657977
D519368,284,GH7VV284JKE7,0,0,0,0,0,0,0.3678018685,0,0,0,0,0,0,0,0,0,0,1.2527117562,0,1.6205136247,D5193680,PNCB,10/08/2025 4:16:02 AM,BPD444,8M5CL,8M5CL,02/16/2026 8:37:35 AM,8M5CL,D1D,2,6658037
D519368,285,GH7VV285JKB6,0,0,0,0,0,0,3.6721534578,0,0.6923623269,0.5726506913,0,0,0,0,0,7.9588419117,0,3.7522280302,0,16.483881721,D5193680B,PNCB,10/08/2025 6:02:28 AM,BPD436,8M5CL,8M5CL,02/16/2026 8:38:20 AM,8M5CL,D1D,1,7456949
D519368,286,GH7VV286JKG0,0,0,0,0,0,0,0.6382891074,6.766660583,0,0,0,0,0,0,0,2.9805638806,0,0,0,10.385513571,D5193680B,PNCB,10/08/2025 6:02:28 AM,BPD436,8M5CL,8M5CL,02/16/2026 8:37:50 AM,8M5CL,D1D,2,7456888
D519368,289,GH7VV289JKE0,1.3536206884,0,0,0,0,0,2.5532860582,3.2012279074,6.937802294,0,0,0,0,0,0,21.510636092,0,0,0,26.17763489,D5193680B,PNCB,10/08/2025 6:02:28 AM,BPD436,8M5CL,8M5CL,02/16/2026 8:37:02 AM,8M5CL,D1D,3,7456912
D519368,290,GH7VV290JKH1,0,0,0,0,0,0,0,1.1859341234,4.6320735132,0,0,0,0,0,0,11.842918832,0,10.487972951,0,24.857334185,D5193680B,PNCB,10/08/2025 6:02:28 AM,BPD436,8M5CL,8M5CL,02/16/2026 8:36:24 AM,8M5CL,D1D,4,7456927
D520477,354,GJ1ZE354JKA1,0,0,0,0,0,0,0.302186639,5.066306631,2.2453745288,0,0,0,0,0,0,0,0,0,1.2924736035,8.9063414023,D5204770,PNCB,10/08/2025 4:48:27 AM,BPD458,8M5CL,8M5CL,02/16/2026 4:55:17 AM,8M5CL,D1D,1,6699550
D520477,360,GJ1ZE360JKC3,0,0,0,0,0,0,0,0,1.3681169531,0,0,0,0,0,0,4.5634088342,0,0,0,5.9315236623,D5204770,PNCB,10/08/2025 4:48:27 AM,BPD458,8M5CL,8M5CL,02/16/2026 4:54:43 AM,8M5CL,D1D,2,6699586
D520477,362,GJ1ZE362JKD4,0,0,0,0,0,0,0.8051035613,0,1.2419844939,0,0,0,0,0,0,0,0,1.8275128112,0,3.8746029916,D5204770,PNCB,10/08/2025 4:48:27 AM,BPD458,8M5CL,8M5CL,02/16/2026 4:53:38 AM,8M5CL,D1D,3,6699498
D520477,365,GJ1ZE365JKB4,0,0,0,0,0,0,0,7.206409744,4.4519655903,0,0,0,0,0,0,0,0,1.7282530019,0,13.386628336,D5204770,PNCB,10/08/2025 4:48:27 AM,BPD458,8M5CL,8M5CL,02/16/2026 4:53:51 AM,8M5CL,D1D,4,6699419
D519393,415,GJ2VG415JKF5,2.6846191437,0,0,0,0,0,0.2419016577,1.9090339658,2.5145115078,0,0,0,0,0,0,2.5268841785,0,2.8036994113,2.5287333374,14.112797739,D5193930,PNCB,10/06/2025 8:23:15 PM,BPD446,8M5CL,8M5CL,02/16/2026 7:33:56 AM,8M5CL,D1D,1,6664373
D519393,416,GJ2VG416JKC4,0,0,2.1950660486,0,0,0,0.31163037,2.6548252906,0,0,0,0,0,0,0,8.5838137659,0,1.3814537792,0,14.615977764,D5193930,PNCB,10/06/2025 8:23:15 PM,BPD446,8M5CL,8M5CL,02/16/2026 7:31:10 AM,8M5CL,D1D,2,6664472
D518330,586,KHPQW586WFD7,0,0,0,0,0,0,0.5074624084,0,2.3622077606,0,0,0,0,0,0,7.6244739332,0,0.7310178748,0,11.225161977,D5183300,PNCB,10/07/2025 3:05:10 PM,BPD444,8M5CL,8M5CL,02/16/2026 10:15:05 AM,8M5CL,D1D,1,6627394
D518330,683,KHPQW683WFF0,0,0,0,0,0,0,0.680815785,5.8620712339,2.175347089,0,0,0,0,0,0,3.8373663872,0,1.2981437816,1.02319911,14.876941247,D5183300,PNCB,10/07/2025 3:05:10 PM,BPD444,8M5CL,8M5CL,02/16/2026 10:10:41 AM,8M5CL,D1D,2,6627462
D518321,339,GJ8XN339JKA6,0,0,0,0,0,0,0.5367440494,1.2166031515,0.5924157172,0,0,0,0,0,0,4.1341842114,0,0.7362391861,0.7103424007,7.926526576,D5183210M,PNCB,10/05/2025 6:22:51 AM,BPD458,8M5CL,8M5CL,02/16/2026 10:39:38 AM,8M5CL,D1D,1,7440460
D518321,340,GJ8XN340JKD7,0,0,0,0,0,0,0,0,0,0,0,0,0,0,0,1.6505278586,0,1.5878388257,0,3.2383666843,D5183210M,PNCB,10/05/2025 6:22:51 AM,BPD458,8M5CL,8M5CL,02/16/2026 10:39:19 AM,8M5CL,D1D,2,7440428
D518321,343,GJ8XN343JKB7,0,0,0,0,0,0,0,0.9252578959,0.8755981348,0,0,0,0,0,0,2.6785237681,0,1.1863167541,0,5.6656965529,D5183210M,PNCB,10/05/2025 6:22:51 AM,BPD458,8M5CL,8M5CL,02/16/2026 10:38:50 AM,8M5CL,D1D,3,7440443
D518321,344,GJ8XN344JKG1,0,0,0,0,0,0,0,0,0.588214383,0,0,0,0,0,0,0,0,0.7945569285,0,1.3827713114,D5183210M,PNCB,10/05/2025 6:22:51 AM,BPD458,8M5CL,8M5CL,02/16/2026 10:38:45 AM,8M5CL,D1D,4,7440377
D518321,551,GJ4XA551JKF7,0,0,0,0,0,0,0.9548508588,3.4466759266,1.3816705453,0,0,0,0,0,0,0,5.3507124548,0.7871723842,0,11.92108217,D5183210M,PNCB,10/05/2025 6:22:51 AM,BPD458,8M5CL,8M5CL,02/16/2026 10:38:06 AM,8M5CL,D1D,5,7440430
D518321,552,GJ4XA552JKC6,0,0,0,0,0,0,0,0,0,0,0,0,0,0,0,0,0,4.7671694415,0,4.7671694415,D5183210M,PNCB,10/05/2025 6:22:51 AM,BPD458,8M5CL,8M5CL,02/16/2026 10:38:11 AM,8M5CL,D1D,6,7440462
D520464,7,A1KXK007SLD5,0,0,0,0.5267341928,0,0,0.431519632,1.1573209154,2.0723057064,0,0,0,0,0,0,0,0,8.7772188521,0,12.965097159,D5204640,PNCB,10/16/2025 9:19:47 PM,BPD432,8M5CL,8M5CL,02/16/2026 5:22:27 AM,8M5CL,D1D,1,6697641
D520464,84,A1JXB084SLG7,0,0,0,0.397597222,0,0,0.5444383126,0,0.588214383,0,0,0,0,0,0,0,0,0,0,1.4201956015,D5204640,PNCB,10/16/2025 9:19:47 PM,BPD432,8M5CL,8M5CL,02/16/2026 5:22:14 AM,8M5CL,D1D,2,6697800
D520464,92,A1JXB092SLC7,0,0,0,0,0,0,0.2146302481,2.3192817109,0,0,0,0,0,0,0,0,0,0.7945569285,0,3.2256609987,D5204640,PNCB,10/16/2025 9:19:47 PM,BPD432,8M5CL,8M5CL,02/16/2026 5:22:10 AM,8M5CL,D1D,3,6697804
D520464,101,A1KTQ101SLE3,0,0,0,0,0,0,0.2050340524,0,1.29227099,0,0,0,0,0,0,0,0,0,0,1.4973050424,D5204640,PNCB,10/16/2025 9:19:47 PM,BPD432,8M5CL,8M5CL,02/16/2026 5:21:40 AM,8M5CL,D1D,4,6697882
D518312,30,GJ7HF030JKA6,0,0,0,0,0,0,0,2.8284717866,0,0,0,0,0,0,0,0,0,2.8280935274,0,5.656565314,D5183120N,PNCB,10/18/2025 7:50:01 PM,BPD446,8M5CL,8M5CL,02/16/2026 11:37:00 AM,8M5CL,D1D,1,7513444
D518312,31,GJ7HF031JKF0,0.7961827533,0,0,0.4339231105,0,0,0,2.2218007854,1.400337633,0,0,0,0,0,0,0,0,14.497294374,0,19.187294226,D5183120N,PNCB,10/18/2025 7:50:01 PM,BPD446,8M5CL,8M5CL,02/16/2026 11:36:56 AM,8M5CL,D1D,2,7513443
D518312,34,GJ7HF034JKD0,0,0,0,0,0,0,0,0,1.2831063744,0,0,0,0,0,0,0.7002046214,0,0,0,1.9833109958,D5183120N,PNCB,10/18/2025 7:50:01 PM,BPD446,8M5CL,8M5CL,02/16/2026 11:36:17 AM,8M5CL,D1D,3,7513426
D518312,35,GJ7HF035JKH2,0,0,0,0,0,0,0.3233930625,1.5337146384,0,0,0,0,0,0,0,1.0296647454,0,1.101456627,0,3.988226933,D5183120N,PNCB,10/18/2025 7:50:01 PM,BPD446,8M5CL,8M5CL,02/16/2026 11:35:26 AM,8M5CL,D1D,4,7513302
D519395,319,KHQQU319WFC6,0,0,0,0,0,0,0.2315878884,0,2.9192675613,0,0,0,0,0,0,3.7552093708,1.6929156612,8.1199969647,0,15.951940348,D5193950,PNCB,10/18/2025 12:12:18 PM,BPD432,8M5CL,8M5CL,02/16/2026 7:27:45 AM,8M5CL,D1D,1,6664464
D519395,321,KHQQU321WFC6,0,0,0,0,0,0,0,0,0.5924157172,0,0,0,0,0,0,0,1.7549887575,5.5977720673,0,7.9451765419,D5193950,PNCB,10/18/2025 12:12:18 PM,BPD432,8M5CL,8M5CL,02/16/2026 7:27:28 AM,8M5CL,D1D,2,6664498
D519395,323,KHQQU323WFD7,0,0,0,0,0,0,1.2268141898,0.7364532091,2.7300476697,0,0,0,0,0,0,1.6623167902,0,3.0456652759,0.9579691742,10.100185023,D5193950,PNCB,10/18/2025 12:12:18 PM,BPD432,8M5CL,8M5CL,02/16/2026 7:27:03 AM,8M5CL,D1D,3,6664459
D519395,324,KHQQU324WFA6,3.1811156594,0,0,0,0,0,0,0,0,0,0,0,0,0,0,1.1195623755,1.4881738887,2.5393180913,0,8.3281700149,D5193950,PNCB,10/18/2025 12:12:18 PM,BPD432,8M5CL,8M5CL,02/16/2026 7:26:42 AM,8M5CL,D1D,4,6664573
D520451,283,MC5NF283WAA0,0,0,0,0,0,0,0,3.2195418572,0,0,0,0,0,0,0,0,0,0,0,2.4441471598,D5204510,PNCB,10/17/2025 7:39:05 AM,BPD458,8M5CL,8M5CL,02/16/2026 5:42:20 AM,8M5CL,D1D,1,6693129
D520451,311,MC5NF311WAD3,0,0,0,0,0,0,0.091460597,2.3452257203,1.5006630635,0,0,0,0,0,0,4.1557555915,0.9329263407,11.589654683,0,16.654477329,D5204510,PNCB,10/17/2025 7:39:05 AM,BPD458,8M5CL,8M5CL,02/16/2026 5:39:44 AM,8M5CL,D1D,2,6693045
D518EL5,604,MC4ZC604WAF1,0,0,0,0,0,0,0.6057509756,1.1371427065,0,0,0,0,0,0,0,1.2459128784,0,0,0,2.9888065605,D518EL50,X78D,10/18/2025 5:00:23 PM,BPD446,8M5CL,8M5CL,01/15/2026 5:01:48 PM,8M5CL,D1D,1,6655510
D518EL5,618,MC4ZC618WAE4,0,0,0,0,0,0,0,2.7515115758,0,0,0,0,0,0,0,0,0,2.2163662852,0,4.967877861,D518EL50,X78D,10/18/2025 5:00:23 PM,BPD446,8M5CL,8M5CL,01/15/2026 5:01:54 PM,8M5CL,D1D,2,6655573
D518EL5,644,MC4ZC644WAB0,0.6536098513,0,0,0,0,0,0.1712635798,0,0.631460289,0,0,0,0,0,0,0,0,1.2524390887,0,2.7087728088,D518EL50,X78D,10/18/2025 5:00:23 PM,BPD446,8M5CL,8M5CL,01/15/2026 5:01:53 PM,8M5CL,D1D,3,6655525
D518EL5,664,MC4ZC664WAC5,0,0,0,0,0,0,0,0,0,0,0,0,0,0,0,0,0,0,0,0,D518EL50,X78D,10/18/2025 5:00:23 PM,BPD446,8M5CL,8M5CL,01/15/2026 5:01:52 PM,8M5CL,D1D,4,6655538
D520451,340,MC5NF340WAF2,0,0,0,0.4664616559,0,0,0.2518037821,5.7947000667,2.1954336826,0,0,0,0,0,0,18.787699146,0,3.5781136168,0.3557676992,30.024117523,D5204510V,PNCB,10/17/2025 12:45:33 PM,BPD442,8M5CL,8M5CL,02/16/2026 5:40:04 AM,8M5CL,D1D,1,7507485
D520451,370,MC5NF370WAE0,0,0,0,0,0,0,0.8073433661,1.0301465641,7.0493031191,0,0,0,0,0,0,13.259820603,0.5618637387,1.4796269297,0.3893095194,22.768718364,D5204510V,PNCB,10/17/2025 12:45:33 PM,BPD442,8M5CL,8M5CL,02/16/2026 5:39:29 AM,8M5CL,D1D,2,7507477
D520451,379,MC5NF379WAF3,0,0,0,0,0,0,0.2172483461,2.1477552414,0.5692220426,0,2.2419168089,0,0,0,0,11.239410293,0,1.5424382166,0.7440916906,18.702084779,D5204510V,PNCB,10/17/2025 12:45:33 PM,BPD442,8M5CL,8M5CL,02/16/2026 5:38:51 AM,8M5CL,D1D,3,7507474
D520451,380,MC5NF380WAB1,0,0,1.2605085719,0,0,0,0.5908196967,1.104616885,5.3023127768,0,0,0,1.5220174663,1.0031477789,0,20.270728284,0,0,0,29.68845494,D5204510V,PNCB,10/17/2025 12:45:33 PM,BPD442,8M5CL,8M5CL,02/16/2026 5:38:26 AM,8M5CL,D1D,4,7507481
D519951,649,MC4ZF649WAB2,0,0,0,0,0,0,0.43800881,0.6579945105,2.7261503106,0,0,0,0,0,0,4.2645755956,0,11.992595821,0,19.929763622,D5199510,PNCB,10/22/2025 1:04:22 AM,BPD436,8M5CL,8M5CL,02/16/2026 5:58:14 AM,8M5CL,D1D,1,6686596
D519951,652,MC4ZF652WAF4,0,0,1.4343888236,0,0,0,1.0664148259,0,0.588214383,0,0,0,0,0,0,0,1.6234823223,5.4226672197,0.5200660916,10.602708757,D5199510,PNCB,10/22/2025 1:04:22 AM,BPD436,8M5CL,8M5CL,02/16/2026 5:58:33 AM,8M5CL,D1D,2,6686534
D519951,657,MC4ZF657WAE5,0,0,0,0,0,0,0.1013848444,2.6393340131,0,0,0,0,0,0,0,4.279687761,0,2.0585697091,0.9144005082,9.9933768357,D5199510,PNCB,10/22/2025 1:04:22 AM,BPD436,8M5CL,8M5CL,02/16/2026 5:57:45 AM,8M5CL,D1D,3,6686572
D519951,665,MC4ZF665WAA5,0,0,1.169849823,0,0,0,0,3.8042784284,0.9296967334,0,1.7646197933,0,0,0,0.3103333778,2.3675226384,0,4.6081296265,0.7103424007,15.312114251,D5199510,PNCB,10/22/2025 1:04:22 AM,BPD436,8M5CL,8M5CL,02/16/2026 5:56:38 AM,8M5CL,D1D,4,6686669
D520480,403,GJ1ZE403JKC0,0,0,0,0,0,0,1.2472384065,0.7364532091,0,0,0,0,0,0,0,1.6623167902,0,0.7362391861,0,4.3822475918,D5204800S,PNCB,10/23/2025 4:43:51 AM,BPD444,8M5CL,8M5CL,02/16/2026 4:49:56 AM,8M5CL,D1D,1,7534695
D520480,404,GJ1ZE404JKG2,0,0,0,0,0,0,0.2296713659,0,0,0,0,0,0,0,0,0,0,3.231604769,0,3.4612761349,D5204800S,PNCB,10/23/2025 4:43:51 AM,BPD444,8M5CL,8M5CL,02/16/2026 4:49:36 AM,8M5CL,D1D,2,7534683
D520480,408,GJ1ZE408JKB1,0,0,0,0,0,0,0.2225141909,0,0,0,0,0,0,0,0,1.3531523372,0.5825022433,1.9156068403,0,4.0737756117,D5204800S,PNCB,10/23/2025 4:43:51 AM,BPD444,8M5CL,8M5CL,02/16/2026 4:48:24 AM,8M5CL,D1D,3,7534668
D520480,409,GJ1ZE409JKF3,0,0,0,0,0,0,0,0,0,0,0,0,0,0,0,0,0,3.0919905584,0,3.0919905584,D5204800S,PNCB,10/23/2025 4:43:51 AM,BPD444,8M5CL,8M5CL,02/16/2026 4:47:30 AM,8M5CL,D1D,4,7534602
D519396,373,KHQYW373WFG7,1.2726964446,0,0,0,0,0,0.1843936724,2.5954378918,1.3701218632,0,0,0,0,0,0,5.8033026531,0,21.286474803,0,30.991725289,D5193960,PNCB,10/24/2025 7:49:42 PM,BPD432,8M5CL,8M5CL,02/16/2026 7:31:52 AM,8M5CL,D1D,1,6664434
D519396,390,KHQYW390WFD1,1.3192768839,0,0,0,0,0,0.2487819582,0.8475791,2.1690745381,0,0,0,0,0,0,1.1850352264,0,8.2225549324,0,13.992302639,D5193960,PNCB,10/24/2025 7:49:42 PM,BPD432,8M5CL,8M5CL,02/16/2026 7:24:13 AM,8M5CL,D1D,2,6664566
D519396,391,KHQYW391WFA0,0,0,0,0,0,0,0,27.345925702,0,0,0,0,0,41.399990866,0,0,0,33.557671436,0,102.303588,D5193960,PNCB,10/24/2025 9:16:26 PM,BPD448,8M5CL,8M5CL,02/16/2026 7:21:58 AM,8M5CL,D1D,3,6664519
D519396,403,KHQYW403WFE0,0,0,0,0,0,0,0.7161210223,0,0,0,0,0,0,0,0,3.1414084736,0,17.045238417,0.8864833455,21.789251259,D5193960,PNCB,10/24/2025 9:16:26 PM,BPD448,8M5CL,8M5CL,02/16/2026 7:20:48 AM,8M5CL,D1D,4,6664518
D519396,405,KHQYW405WFF1,0,0,0,0,0,0,0,56.026617526,0,0,0,0,0,0,0,0,0,13.744433467,0,69.771050994,D5193960,PNCB,10/24/2025 9:16:26 PM,BPD448,8M5CL,8M5CL,02/16/2026 7:21:22 AM,8M5CL,D1D,5,6664443
D519383,489,MC4ZF489WAG2,0,0,0,0,0,0,0.3822451123,3.1020753231,0,0,0,0,0,0,0,0,0,5.4986622876,0,8.982982723,D5193830,PNCB,10/20/2025 7:26:17 AM,BPD444,8M5CL,8M5CL,02/16/2026 7:45:27 AM,8M5CL,D1D,1,6661648
D519383,490,MC4ZF490WAC0,0,0,0,0,0,0,0,0,0,0,0,0,0,0,0,0,0,7.2164639565,0,7.2164639565,D5193830,PNCB,10/20/2025 7:26:17 AM,BPD444,8M5CL,8M5CL,02/16/2026 7:40:54 AM,8M5CL,D1D,2,6661642
D518336,325,KHPRD325WFH1,0,0,0,0,0,0,0,0,0,0,0,0,0,0,0,2.2164223869,0,0.9816529615,0,3.1980753484,D5183360,PNCB,10/25/2025 1:20:52 AM,BPD458,8M5CL,8M5CL,02/16/2026 10:06:47 AM,8M5CL,D1D,1,6630900
D518336,335,KHPRD335WFE2,0,0,0,0,0,0,0.2210515352,0,0,0,0,0,0,0,0,4.4250200922,0,0,0,4.6460716273,D5183360,PNCB,10/25/2025 1:20:52 AM,BPD458,8M5CL,8M5CL,02/16/2026 10:03:36 AM,8M5CL,D1D,2,6630773
D519EM1,353,GK2LD353JKH2,0,0,0,0,0,0,0,3.3165542879,0,0,0,0,0,0,0,0,0,1.2971229708,0,4.6136772586,D519EM10,X78D,11/11/2025 7:26:56 AM,BPD436,8M5CL,8M5CL,01/16/2026 10:22:00 AM,8M5CL,D1D,1,6716388
D519EM1,354,GK2LD354JKE1,0,0,0,0,0,0,0.2296039447,0,0,0,0,0,0,0,0,1.2459128784,0,0,0,1.3308663379,D519EM10,X78D,11/11/2025 7:26:56 AM,BPD436,8M5CL,8M5CL,01/16/2026 10:21:53 AM,8M5CL,D1D,2,6716302
D520467,286,GJ1BY286JKC6,0,0,0,0,0,0,0.2146302481,0.5701514413,0,0,0,0,0,0,0,2.0447249975,0,1.5255748033,0,4.3550814902,D5204670AA,PNCB,11/09/2025 3:33:11 AM,BPD446,8M5CL,8M5CL,02/16/2026 5:19:15 AM,8M5CL,D1D,1,7623957
D520467,310,GJ1BY310JKD7,0,0,0,0,0,0,0.2300793759,0,9.2332636462,0,0,0,1.2529093861,0,0,2.9425169502,1.8679759256,50.169950128,0,62.936881929,D5204670AA,PNCB,11/09/2025 3:33:11 AM,BPD446,8M5CL,8M5CL,02/16/2026 5:18:44 AM,8M5CL,D1D,2,7624006
D520467,343,GJ1BY343JKA5,0,0,0,0,0,0,0.2197631166,0,4.2255549187,0,0,0,3.7413685022,0,0,3.2144737921,0,38.875547852,0,47.140089543,D5204670AA,PNCB,11/09/2025 3:33:11 AM,BPD446,8M5CL,8M5CL,02/16/2026 5:18:23 AM,8M5CL,D1D,3,7623969
D520467,431,GJ1BY431JKB4,1.1463072909,0,0,0,0,0,0.4503408163,1.025170262,0,0,0,0,0,0,0,0,0.9329263407,2.3354191856,0,5.3410835592,D5204670AA,PNCB,11/09/2025 3:33:11 AM,BPD446,8M5CL,8M5CL,02/16/2026 5:17:48 AM,8M5CL,D1D,4,7623991
D520472,40,MC64G040WAF7,0,0,0,0,0,0,0,0,0.6277467246,0,0,0,0,0,0,0,1.5984152094,2.5059632757,0,4.7321230846,D5204720Z,PNCB,11/09/2025 4:12:14 AM,BPD450,8M5CL,8M5CL,02/16/2026 5:01:20 AM,8M5CL,D1D,1,7623593
D520472,41,MC64G041WAC6,1.8743536757,0,0,0,0,0,0.2808452863,2.2557319948,1.2340567287,0,0,0,0,0,0,0,0,5.1941910002,0,10.839178686,D5204720Z,PNCB,11/09/2025 4:12:14 AM,BPD450,8M5CL,8M5CL,02/16/2026 5:01:42 AM,8M5CL,D1D,2,7623624
D520472,123,MC64G123WAB3,0,0,0,0,0,0,0,3.0402932982,0,0,0,0,0,0,0,1.7744241878,0,2.6306618003,2.3364122524,9.7817915387,D5204720Z,PNCB,11/09/2025 4:12:14 AM,BPD450,8M5CL,8M5CL,02/16/2026 5:00:43 AM,8M5CL,D1D,3,7623536
D520472,147,MC64G147WAF2,0.7193163859,0,0,0,0,0,0.3321637258,1.025170262,0,0,0,0,0,0,0,0,0,0,0,2.0766503737,D5204720Z,PNCB,11/09/2025 4:12:14 AM,BPD450,8M5CL,8M5CL,02/16/2026 5:00:19 AM,8M5CL,D1D,4,7623556
D518914,602,MC4ZC602WAE0,0,0,1.4570907537,0,0,0,0,1.9921023358,0,0,0,0,0,0,0,5.4234343635,0,5.8167049797,0,14.689332433,D5189140,PNCB,11/14/2025 6:55:31 AM,BPD436,8M5CL,8M5CL,03/14/2026 6:23:31 AM,8M5CL,D1D,1,6648079
D518914,640,MC4ZC640WAG1,0,0,0,0,0,0,0.2146302481,0,0,0,0,0,0,0,0,1.6505278586,0,0,0,1.8651581067,D5189140,PNCB,11/14/2025 6:55:31 AM,BPD436,8M5CL,8M5CL,03/14/2026 6:15:55 AM,8M5CL,D1D,2,6648086
D520459,26,A1JXY026SLE3,0,0,0,0,0,0,0.2146302481,0.5701514413,1.5572359524,0,0,0,0,0,0,1.2407859646,0,7.0125843463,0,10.028232835,D5204590,PNCB,11/01/2025 5:39:14 AM,BPD432,8M5CL,8M5CL,02/16/2026 5:28:47 AM,8M5CL,D1D,1,6694900
D520459,28,A1JXY028SLF4,0,0,0,0,0,0,0,2.1768968543,0,0,0,0,0,0,0,5.5387460581,1.5642826247,1.5633667273,0,9.8253902498,D5204590,PNCB,11/01/2025 5:39:14 AM,BPD432,8M5CL,8M5CL,02/16/2026 5:28:12 AM,8M5CL,D1D,2,6695018
D520459,40,A1JXY040SLC5,0,0,0,0,0,0,0.2146302481,2.0357997793,0,0,0,0,0,0,0,0,0,4.5522863122,0,6.8027163396,D5204590,PNCB,11/01/2025 5:39:14 AM,BPD432,8M5CL,8M5CL,02/16/2026 5:27:36 AM,8M5CL,D1D,3,6694949
D520459,41,A1JXY041SLG7,0,0,0,0,0,0,0,1.8775554601,0,0,0,0,0,0,0,2.7856765329,0,2.7198516131,0,7.3830836061,D5204590,PNCB,11/01/2025 5:39:14 AM,BPD432,8M5CL,8M5CL,02/16/2026 5:27:13 AM,8M5CL,D1D,4,6695000
D519419,653,MC5NG653WAF4,0,0,3.5661307345,0,0,0,0.116991403,1.7059239803,0.8071835365,0,0,0,0,0,0,4.9384698762,0,1.0936233845,0.658399014,12.375341747,D5194190,PNCB,11/04/2025 9:16:36 PM,BPD446,8M5CL,8M5CL,02/16/2026 6:44:27 AM,8M5CL,D1D,1,6671810
D519419,703,MC5NG703WAE2,3.3823705702,0,5.4350418049,0,0,0,0,2.4402840443,0,0,0,0,0,0,0,2.53628835,0,1.1233212186,1.0838082888,14.552383899,D5194190,PNCB,11/04/2025 9:16:36 PM,BPD446,8M5CL,8M5CL,02/16/2026 6:42:01 AM,8M5CL,D1D,2,6671771
D517ECA,24,GN3SA024JKB0,0,0,0,0,0,0,0.2866924639,0,0,0,0,0,0,0,0,0,0,4.3676603206,0,4.6543527845,D517ECA0,X78D,11/05/2025 11:36:24 AM,BPD448,8M5CL,8M5CL,01/16/2026 10:22:20 AM,8M5CL,D1D,1,6620146
D517ECA,25,GN3SA025JKF2,0,0,0,0,0,0,0.2443991853,0,0,0,0,0,0,0,0,0,0,1.9344590987,0,2.1788582841,D517ECA0,X78D,11/05/2025 11:36:24 AM,BPD448,8M5CL,8M5CL,01/16/2026 10:22:13 AM,8M5CL,D1D,2,6620079
D519419,710,MC5NG710WAD3,0,0,1.447698024,0,0,0,0,0,0,0,0,0,0,1.1521202966,0,3.2770553804,0,0,0,5.876873701,D5194190S,PNCB,11/04/2025 9:33:24 PM,BPD446,8M5CL,8M5CL,02/16/2026 6:42:52 AM,8M5CL,D1D,1,7598348
D519419,711,MC5NG711WAA2,0,0,0,0,0,0,0,0,2.5263277187,0,0,0,0,0,0,3.3246335803,1.3836588192,6.595279854,0.7103424007,14.540242373,D5194190S,PNCB,11/04/2025 9:33:24 PM,BPD446,8M5CL,8M5CL,02/16/2026 6:42:14 AM,8M5CL,D1D,2,7598326
D519419,720,MC5NG720WAA4,0,0,3.2547295845,0,0,0,0,1.0178998896,0,0,0,0,0,0,0,1.4004092427,0,0.7310178748,0.7053047461,7.1093613377,D5194190S,PNCB,11/04/2025 9:33:24 PM,BPD446,8M5CL,8M5CL,02/16/2026 6:42:06 AM,8M5CL,D1D,3,7598346
D519419,743,MC5NG743WAA1,0,0,1.169849823,0,0,0,0,1.025170262,0,0,0,0,0,0,0,1.6184420712,0,0,0.7103424007,4.5238045569,D5194190S,PNCB,11/04/2025 9:33:24 PM,BPD446,8M5CL,8M5CL,02/16/2026 6:41:24 AM,8M5CL,D1D,4,7598295
D520467,160,GJ1BY160JKG0,11.381074914,0,0,0,0,0,0.1943785029,0.73123038,2.979805237,0,0,0,2.659585407,2.249881764,0,0,1.6194043476,2.1779933812,0.8313692036,23.331812508,D5204670,PNCB,11/08/2025 10:05:49 PM,BPD432,8M5CL,8M5CL,02/16/2026 5:17:46 AM,8M5CL,D1D,1,6697959
D520467,210,GJ1BY210JKE6,0,0,0,0,0,0,0,2.0334622221,0,0,0,0,0,0,0,1.0223624987,0,1.5878388257,0,4.6436635466,D5204670,PNCB,11/08/2025 10:05:49 PM,BPD432,8M5CL,8M5CL,02/16/2026 5:14:55 AM,8M5CL,D1D,2,6697781
D519EML,59,KHQQT059WFA7,0,0,0,0,0,0,0.1975322801,0,0.6254463844,0,0,0,0,0,0,2.8740395072,0,1.5205050126,0,5.2175231843,D519EML0,X78D,11/05/2025 1:11:33 AM,BPD436,8M5CL,8M5CL,01/16/2026 10:22:38 AM,8M5CL,D1D,1,6689277
D519EML,195,KHQYQ195WFB6,0,0,0,0,0,0,0,0.9773555059,0,0,0,0,0,0,0,0,0,4.2293753584,0,5.2067308643,D519EML0,X78D,11/05/2025 1:11:33 AM,BPD436,8M5CL,8M5CL,01/16/2026 10:22:45 AM,8M5CL,D1D,2,6689287
D519EML,807,KHQUQ807WFD2,1.0572637573,0,1.0029145987,0,0,0,0.435473474,0,0,0,0,0,0,0,0,1.3051786526,0,5.3552844403,0.7882288968,9.6838332707,D519EML0,X78D,11/05/2025 1:11:33 AM,BPD436,8M5CL,8M5CL,01/16/2026 10:22:55 AM,8M5CL,D1D,3,6689300
D519EML,809,KHQUQ809WFE3,0,0,0,0,0,0,0,0,1.9196705752,0,0,0,0,0,0,0,0,0,0.6368497024,2.5565202776,D519EML0,X78D,11/05/2025 1:11:33 AM,BPD436,8M5CL,8M5CL,01/16/2026 10:22:32 AM,8M5CL,D1D,4,6689323
D518916,153,GJ9JQ153JKG0,0.8047393936,0,0,0,0,0,0.2245679334,0,0,0,0,0,0,0,0,5.5446515539,1.5154777369,0,2.5165361656,9.938486352,D5189160,PNCB,01/01/2026 3:07:08 PM,BPD436,8M5CL,8M5CL,03/11/2026 8:08:14 PM,8M5CL,D1D,1,6653268
D518916,691,GJ1MM691JKD5,0,0,0,0,0,0,0.4915124245,5.0599707442,4.055858207,0,0,0,0,0,0,3.5642772952,0,0,0,13.171618671,D5189160,PNCB,01/01/2026 3:07:08 PM,BPD436,8M5CL,8M5CL,03/11/2026 9:06:26 PM,8M5CL,D1D,2,6653309
D518921,662,GJ4MA662JKC7,0,0,0,0,0,0,0,0.7942870469,2.5213656523,2.2852213781,0,0,0,0,0,1.8711103773,0,2.4511879363,0.6426327136,10.565802979,D5189210,PNCB,12/13/2025 4:00:22 AM,BPD436,8M5CL,8M5CL,02/16/2026 9:03:21 AM,8M5CL,D1D,1,6655406
D518921,663,GJ4MA663JKH1,0,0,0,0,0,0,0,1.4549434662,0,0,0,0,0,0,0.4404315505,2.2969271456,0,2.6410697397,0,6.8333697618,D5189210,PNCB,12/13/2025 4:00:22 AM,BPD436,8M5CL,8M5CL,02/16/2026 9:01:57 AM,8M5CL,D1D,2,6655426
D518921,664,GJ4MA664JKE0,0,0,0,0,0,0,0,3.9245438377,2.3784856586,0,0,0,0,0,0.3293554284,0,0,7.7827988045,1.1757168736,15.590900603,D5189210,PNCB,12/13/2025 4:00:22 AM,BPD436,8M5CL,8M5CL,02/16/2026 9:00:22 AM,8M5CL,D1D,3,6655495
D518921,665,GJ4MA665JKA7,0,0,0,0,0,0,0,0,0,0,0,0,0,0,0,1.6535439866,0,20.664239258,0,22.317781105,D5189210,PNCB,12/13/2025 4:00:22 AM,BPD436,8M5CL,8M5CL,02/16/2026 8:59:56 AM,8M5CL,D1D,4,6655380
D515139,666,MC4UH666WAF3,0,0,0,0,0,0,0,1.2024784984,0,0,0,0,0,0,0,2.7255371122,1.622970237,1.8187808548,1.0398051957,8.4095740705,D5151390,PNCB,07/08/2025 10:36:25 PM,BPD446,8M5CL,8M5CL,02/23/2026 3:51:55 PM,8M5CL,D1D,1,6523094
D515139,673,MC4UH673WAE4,0,0,0,0,0,0,1.4282880929,4.9382631644,0,0,0,0,0,0,0,0,0,0,0,6.3665512573,D5151390,PNCB,07/08/2025 10:36:25 PM,BPD446,8M5CL,8M5CL,02/23/2026 3:50:39 PM,8M5CL,D1D,2,6522970
D515139,677,MC4UH677WAG6,0,0,0,0,0,0,0,9.5131432491,0,0,0,0,0,0,0,0,0,0,0,9.5131432491,D5151390,PNCB,07/08/2025 10:36:25 PM,BPD446,8M5CL,8M5CL,02/23/2026 3:53:50 PM,8M5CL,D1D,3,6523075
D515139,682,MC4UH682WAE6,0,0,0,0,0,0,0,1.4770959929,1.2831063744,0,0,0,0,0,0,0,0,1.0607961885,1.0234824011,4.844480957,D5151390,PNCB,07/08/2025 10:36:25 PM,BPD446,8M5CL,8M5CL,02/23/2026 3:55:09 PM,8M5CL,D1D,4,6523087
D515139,697,MC4UH697WAB0,0,0,0,0,0,0,0.1660818629,0,1.29227099,0,0,0,0,0,0,1.0296647454,0,6.0086962642,0,8.4967138624,D5151390,PNCB,07/08/2025 10:36:25 PM,BPD446,8M5CL,8M5CL,02/23/2026 3:51:32 PM,8M5CL,D1D,5,6522909
D515139,704,MC4UH704WAF7,0,0,0,0,0,0,0.3192614316,1.9706945623,0,0,0,0,0,0,0,0,0,0,0,2.2899559939,D5151390,PNCB,07/08/2025 10:36:25 PM,BPD446,8M5CL,8M5CL,02/23/2026 3:52:01 PM,8M5CL,D1D,6,6523007
D515139,715,MC4UH715WAH2,0,0,0,0,0,0,0,3.435762025,1.7723041298,0,0,0,0,0,0,0,0,0,0,5.2080661548,D5151390,PNCB,07/08/2025 10:36:25 PM,BPD446,8M5CL,8M5CL,02/23/2026 3:51:42 PM,8M5CL,D1D,7,6523095
D515139,739,MC4UH739WAD6,0,0,0,0,0,0,0,42.07022692,0,0,0,0,0,0,0,0,0,10.600145225,0,46.119700326,D5151390,PNCB,07/08/2025 10:36:25 PM,BPD446,8M5CL,8M5CL,02/23/2026 3:52:55 PM,8M5CL,D1D,8,6523019
D515139,762,MC4UH762WAC2,0,0,0,0,0,0,0.3152812092,1.4952396865,1.0360542085,0,0,0,0,0,0,0,0,4.2953016535,0,7.1418767577,D5151390,PNCB,07/08/2025 10:36:25 PM,BPD446,8M5CL,8M5CL,02/23/2026 3:54:12 PM,8M5CL,D1D,9,6522981
D515139,780,MC4UH780WAC6,0,0,0,0,0,0,0,1.761702077,0,0,0,0,0,0,0,0,0,2.5303801227,0,4.2920821997,D5151390,PNCB,07/08/2025 10:36:25 PM,BPD446,8M5CL,8M5CL,02/23/2026 3:54:19 PM,8M5CL,D1D,10,6523011
D515139,782,MC4UH782WAD7,0,0,0,0,0,0,0.2917760095,1.4588821725,0.7733000337,0,0,0,0,0,0,0,0,1.1387813454,0,3.6627395611,D5151390,PNCB,07/08/2025 10:36:25 PM,BPD446,8M5CL,8M5CL,02/23/2026 3:50:45 PM,8M5CL,D1D,11,6523091
D515139,798,MC4UH798WAE3,0,0,0,0,0,0,0.257934557,1.2232691613,1.5419844545,0,0,0,0,0,0,1.9835362513,0,6.2465944913,0,11.253318915,D5151390,PNCB,07/08/2025 10:36:25 PM,BPD446,8M5CL,8M5CL,02/23/2026 3:53:16 PM,8M5CL,D1D,12,6522914
D515139,802,MC4UH802WAD7,0,0,0,0,0,0,0,0,1.3767531643,0,0,0,0,0,0,1.3043653943,0,0,0,2.6811185585,D5151390,PNCB,07/08/2025 10:36:25 PM,BPD446,8M5CL,8M5CL,02/23/2026 3:53:35 PM,8M5CL,D1D,13,6522881
D515139,819,MC4UH819WAB2,0,0,0,0,0,0,0,12.637975718,0,0,0,0,0,11.477077077,0,0,0,0,0,24.115052795,D5151390,PNCB,07/08/2025 10:36:25 PM,BPD446,8M5CL,8M5CL,02/23/2026 3:50:22 PM,8M5CL,D1D,14,6522801
D515139,822,MC4UH822WAF4,0,0,0,0,0,0,0,1.294947164,0,0,0,0,0,0,0,0,0,3.879979373,0,5.174926537,D5151390,PNCB,07/08/2025 10:36:25 PM,BPD446,8M5CL,8M5CL,02/23/2026 3:54:52 PM,8M5CL,D1D,15,6523073
D515139,850,MC4UH850WAD1,0,0,0,0,0,0,0.3140996803,3.8732217078,1.0277048794,0,0,0,0,0,0,4.1752999692,0,0.7310178748,0,10.121346237,D5151390,PNCB,07/08/2025 10:36:25 PM,BPD446,8M5CL,8M5CL,02/23/2026 3:54:25 PM,8M5CL,D1D,16,6523086
D515139,860,MC4UH860WAA2,0,0,0,0,0,0,0,0.9128670714,0,0,0,0,0,0,0,1.6369020254,0,1.1704318693,0,3.7202009661,D5151390,PNCB,07/08/2025 10:36:25 PM,BPD446,8M5CL,8M5CL,02/23/2026 3:51:48 PM,8M5CL,D1D,17,6522842
D515139,897,MC4UH897WAG5,0,0,0,0,0,0,0,0,0,0,0,0,0,0,0,0,0,2.3354191856,0,2.3354191856,D5151390,PNCB,07/08/2025 10:36:25 PM,BPD446,8M5CL,8M5CL,02/23/2026 3:55:02 PM,8M5CL,D1D,18,6523001
D515139,902,MC4UH902WAD0,0,0,0,0,0,0,0,0,0,0,0,0,0,0,0,4.0582244815,3.377933722,0,1.0820892092,8.5182452876,D5151390,PNCB,07/08/2025 10:36:25 PM,BPD446,8M5CL,8M5CL,02/23/2026 3:51:37 PM,8M5CL,D1D,19,6523024
D515139,903,MC4UH903WAH2,0,0,0,0,0,0,0,0,0,0,0,0,0,0,0,5.3343097306,0,0,0,5.3343097306,D5151390,PNCB,07/08/2025 10:36:25 PM,BPD446,8M5CL,8M5CL,02/23/2026 3:54:31 PM,8M5CL,D1D,20,6523063
D515139,905,MC4UH905WAB0,0,0,0,0,0,0,0.2786194469,0,3.5121134647,0,0,0,0,0,0,1.314529384,0,5.9994633111,0,11.104725607,D5151390,PNCB,07/08/2025 10:36:25 PM,BPD446,8M5CL,8M5CL,02/23/2026 3:54:11 PM,8M5CL,D1D,21,6522984
D515139,908,MC4UH908WAG3,0,0,0,0,0,0,0,2.0194432543,2.5455954947,0,0,0,0,1.893387297,0,0,0,0,0,6.4584281711,D5151390,PNCB,07/08/2025 10:36:25 PM,BPD446,8M5CL,8M5CL,02/23/2026 3:54:00 PM,8M5CL,D1D,22,6522967
D515139,912,MC4UH912WAA1,0,0,0,0,0,0,0,4.4435580286,0,0,0,0,0,0,0,2.2340841277,0,0,0,6.6776442814,D5151390,PNCB,07/08/2025 10:36:25 PM,BPD446,8M5CL,8M5CL,02/23/2026 3:50:54 PM,8M5CL,D1D,23,6522927
D515139,914,MC4UH914WAB2,0,0,0,0,0,0,0,2.1748929303,0,0,0,0,0,0,0,0,0,3.2596150789,0,5.4345101343,D5151390,PNCB,07/08/2025 10:36:25 PM,BPD446,8M5CL,8M5CL,02/23/2026 3:53:41 PM,8M5CL,D1D,24,6522900
D515139,970,MC4UH970WAD7,0,0,0,0,0,0,0,2.4395044006,0,0,0,0,0,0,0,3.5418644805,0,1.1167148058,0.7089322098,7.8070158967,D5151390,PNCB,07/08/2025 10:36:25 PM,BPD446,8M5CL,8M5CL,02/23/2026 3:53:29 PM,8M5CL,D1D,25,6522907
D515140,27,GL5RA027JKG5,0,0,0,0,0,0,0,34.996916376,0,0,0,0,0,0,0,0,0,0,0,34.996916376,D5151400,PNCB,07/17/2025 2:22:12 PM,BPD444,8M5CL,8M5CL,02/19/2026 1:41:17 PM,8M5CL,D1D,1,6523040
D515140,28,GL5RA028JKD4,0,0,0,0,0,0,0,0,1.9033282901,0,0,0,0,0,0,7.1874251215,0,6.6042131108,1.6709878589,16.702615161,D5151400,PNCB,07/17/2025 2:22:12 PM,BPD444,8M5CL,8M5CL,02/19/2026 1:41:08 PM,8M5CL,D1D,2,6522906
D515167,195,GL4QB195JKC1,0,0,0,0,0,0,0.4483033172,0,0,0,0,0,0,0,0,0,0,27.419520581,0,27.867823898,D515167B,PNCB,07/15/2025 10:15:01 AM,BPD446,8M5CL,8M5CL,02/23/2026 3:51:29 PM,8M5CL,D1D,1,7028189
D515167,202,GL4QB202JKH0,0,0,0,0,0,0,0,3.9195818414,0,0,0,0,0,0,0,0,0,8.5026134054,0.9522910354,13.086652244,D515167B,PNCB,07/15/2025 10:15:01 AM,BPD446,8M5CL,8M5CL,02/23/2026 3:50:29 PM,8M5CL,D1D,2,7028157
D515167,209,GL4QB209JKH2,0,0,0,0,0,0,0.2972521475,0.8324928125,1.8734972763,0,0,0,0,0,0,0,0,20.722785704,0,23.726027941,D515167B,PNCB,07/15/2025 10:15:01 AM,BPD446,8M5CL,8M5CL,02/23/2026 3:51:42 PM,8M5CL,D1D,3,7028159
D515167,215,GL4QB215JKC1,0,0,0,0,0,0,0,10.820060606,0,0,0,0,0,19.652312674,0,0,0,41.028141827,0,71.500515107,D515167B,PNCB,07/15/2025 10:15:01 AM,BPD446,8M5CL,8M5CL,02/23/2026 3:52:02 PM,8M5CL,D1D,4,7028170
D515167,217,GL4QB217JKD2,0,0,0,0,0,0,0.2157929896,0,0,0,0,0,0,0,0,0,0,8.7596561231,0,8.9754491127,D515167B,PNCB,07/15/2025 10:15:01 AM,BPD446,8M5CL,8M5CL,02/23/2026 3:51:38 PM,8M5CL,D1D,5,7028201
D515167,219,GL4QB219JKE3,0,0,0,0,0,0,0.3242448741,0,0,0,0,0,0,0,0,1.9027309879,0,23.899404796,0,26.126380658,D515167B,PNCB,07/15/2025 10:15:01 AM,BPD446,8M5CL,8M5CL,02/23/2026 3:51:49 PM,8M5CL,D1D,6,7041213
D515170,658,MC4UH658WAC0,0,0,0,0,0,0,0.2963321209,1.4053754892,0.7449369652,0,0,0,0,0,0,1.4115360148,0.7757438434,2.6388193993,0.4186777375,7.6914236952,D5151700,PNCB,08/02/2025 1:40:40 PM,BPD450,8M5CL,8M5CL,02/23/2026 11:30:08 AM,8M5CL,D1D,1,6537488
D515170,661,MC4UH661WAG2,0,0,0,0,0,0,0.2161632494,0,1.8846867071,0,0,0,0,0,0,0,0,0,0,2.1008499565,D5151700,PNCB,08/02/2025 1:40:40 PM,BPD450,8M5CL,8M5CL,02/23/2026 11:30:14 AM,8M5CL,D1D,2,6537225
D515176,276,GL3VB276JKC2,0,0,0,0,0,0,0.2146302481,1.7467927125,0.5395506931,0,0,0,0,0,0,1.7225671201,0,0.7310178748,0,4.9545586486,D5151760,PNCB,07/31/2025 7:39:16 PM,BPD434,8M5CL,8M5CL,02/19/2026 4:30:42 PM,8M5CL,D1D,1,6537484
D515176,277,GL3VB277JKG4,0,0,0,0,0,0,1.9930918861,31.000513505,0,0,0,0,0,0,0,12.356676237,0,0,0,36.354796732,D5151760,PNCB,07/31/2025 7:39:16 PM,BPD434,8M5CL,8M5CL,02/19/2026 4:32:11 PM,8M5CL,D1D,2,6537550
D515176,278,GL3VB278JKD3,0,0,0,0.4798622336,0,0,0.7514672498,2.1110308688,1.1907367408,0,0,0,0,1.115658655,0,3.9314778823,0,3.3431253709,0,12.834244947,D5151760,PNCB,07/31/2025 7:39:16 PM,BPD434,8M5CL,8M5CL,02/19/2026 4:31:56 PM,8M5CL,D1D,3,6537553
D515176,322,GL3VB322JKG1,0,0,0,0,0,0,0.0782019122,0,3.1057634419,0,0,0,0,0,0,1.6505278586,0,0.7310178748,0,5.5655110875,D5151760,PNCB,07/31/2025 7:39:16 PM,BPD434,8M5CL,8M5CL,02/19/2026 4:31:44 PM,8M5CL,D1D,4,6537297
D515176,323,GL3VB323JKD0,0,0,0,0,0,0,0.2828892061,0,0.7111449871,0,0,0,0,1.3933797447,0,7.4637082177,0,3.1672859968,0,13.018408152,D5151760,PNCB,07/31/2025 7:39:16 PM,BPD434,8M5CL,8M5CL,02/19/2026 4:31:35 PM,8M5CL,D1D,5,6537542
D515176,324,GL3VB324JKH2,0,0,0,0,0,0,0.1882987293,1.1623014205,0,0,0,0,0,0,0,1.884676709,0,1.7419964702,0,4.977273329,D5151760,PNCB,07/31/2025 7:39:16 PM,BPD434,8M5CL,8M5CL,02/19/2026 4:30:49 PM,8M5CL,D1D,6,6537400
D515176,325,GL3VB325JKE1,0,0,0,0,0,0,0.8646529976,2.0479862708,4.469228687,0,0,0,0,0,0,4.3542983257,0,1.5991799995,0,13.204826483,D5151760,PNCB,07/31/2025 7:39:16 PM,BPD434,8M5CL,8M5CL,02/19/2026 4:32:02 PM,8M5CL,D1D,7,6537397
D515176,326,GL3VB326JKB0,0,0,0,0,0,0,0.2703809863,2.5646062096,0.741005619,0,0,0,0,0,0,2.02437975,0,0.9209018928,0,6.5212744578,D5151760,PNCB,07/31/2025 7:39:16 PM,BPD434,8M5CL,8M5CL,02/19/2026 4:31:22 PM,8M5CL,D1D,8,6537239
D515176,327,GL3VB327JKF2,0,0,0,0,0,0,0.2971709622,4.4353788063,2.2857594244,0,0,0,0,0,0,3.6425283914,0,4.4600834834,0,15.120923208,D5151760,PNCB,07/31/2025 7:39:16 PM,BPD434,8M5CL,8M5CL,02/19/2026 4:31:52 PM,8M5CL,D1D,9,6537492
D515176,328,GL3VB328JKC1,0,0,0,0,0,0,0,0,0.7206646216,0,0,0,5.7278225564,0,0,5.3851961785,0,0,0,11.833683357,D5151760,PNCB,07/31/2025 7:39:16 PM,BPD434,8M5CL,8M5CL,02/19/2026 4:31:28 PM,8M5CL,D1D,10,6537324
D517257,107,GN2SY107JKD5,0,0,0,0,0,0,0.2598645805,5.188238326,3.9382160083,0,0,0,0,0,0,0,0,2.593771466,2.0060823459,13.986172727,D5172570,PNCB,08/01/2025 2:15:49 PM,BPD458,8M5CL,8M5CL,02/19/2026 6:21:09 AM,8M5CL,D1D,1,6591687
D517257,108,GN2SY108JKA4,0,0,0,0,0,0,0.4384853468,2.079548224,0,0,0,0,0,0,0,0,0,8.0125572976,0,10.530592993,D5172570,PNCB,08/01/2025 2:15:49 PM,BPD458,8M5CL,8M5CL,02/19/2026 6:20:06 AM,8M5CL,D1D,2,6591651
D514381,509,GG9TJ509JKC5,0,0,0,0,0,0,0,37.208310065,0,0,0,0,0,0,0,0,0,0,0,37.208310065,D5143810,PNCB,07/31/2025 9:57:46 AM,BPD458,8M5CL,8M5CL,02/20/2026 4:27:33 PM,8M5CL,D1D,1,6484805
D514381,545,GG9TJ545JKD5,0,0,0,0,0,0,0,1.5635687093,3.5927723199,0,0,0,0,0,0,14.901922013,2.110329036,2.3433958235,0,23.896036074,D5143810,PNCB,07/31/2025 9:57:46 AM,BPD458,8M5CL,8M5CL,02/20/2026 4:27:36 PM,8M5CL,D1D,2,6484754
D516218,287,GH4CW287JKH0,0,0,0,0,0,0,0,5.2708733078,1.8846867071,0,0,0,0,0,0,1.2104499897,0,5.9222309644,0,14.288240969,D5162180,PNCB,07/28/2025 11:21:43 AM,BPD432,8M5CL,8M5CL,02/19/2026 7:49:32 AM,8M5CL,D1D,1,6565062
D516218,288,GH4CW288JKD7,0,0,0,0,0,0,0.2146302481,3.0325660271,0,0,0,0,0,0,0,6.3620761901,1.1751537348,3.4355715064,0,14.219997707,D5162180,PNCB,07/28/2025 11:21:43 AM,BPD432,8M5CL,8M5CL,02/19/2026 7:44:34 AM,8M5CL,D1D,2,6564941
D515142,6,MC4TC006WAA7,1.4676012607,0,0,0,0,0,0.375755938,0,4.2064256053,0,0,0,0,0,0,0,0,0,0,6.049784929,D5151420,PNCB,08/09/2025 10:26:52 AM,BPD450,8M5CL,8M5CL,02/23/2026 11:30:20 AM,8M5CL,D1D,1,6526832
D515142,8,MC4TC008WAC0,0,0,0,0,0,0,0,0,1.8713207574,0,0,0,0,0,0,4.9515835758,1.3738460932,7.6960116824,0.5916144661,16.484376575,D5151420,PNCB,08/09/2025 10:26:52 AM,BPD450,8M5CL,8M5CL,02/23/2026 11:30:33 AM,8M5CL,D1D,2,6526771
D514378,76,GM6DB076JKA1,0,0,0,0,0,0,0.5910067013,2.049655118,1.1871624034,0,0,0,0,0,0,0,0,6.83647279,0,10.664297013,D5143780,PNCB,08/07/2025 3:40:15 PM,BPD448,8M5CL,8M5CL,02/19/2026 10:01:28 AM,8M5CL,D1D,1,6484686
D514378,78,GM6DB078JKB2,0.6775218167,0,0,0,0,0,0.2671997836,0,1.5973760589,0,0,0,0,1.1508091395,0,3.3275593653,0,4.7259901846,0,11.746456349,D5143780,PNCB,08/07/2025 3:40:15 PM,BPD448,8M5CL,8M5CL,02/19/2026 10:01:43 AM,8M5CL,D1D,2,6484793
D514378,80,GM6DB080JKB2,0,0,0,0,0,0,0,0,6.4091652553,0,0,0,0,0,0,8.6042919439,0,13.515722927,0,28.529180126,D5143780,PNCB,08/07/2025 3:40:15 PM,BPD448,8M5CL,8M5CL,02/19/2026 10:01:53 AM,8M5CL,D1D,3,6484654
D514378,81,GM6DB081JKF4,0,0,0,0,0,0,1.6057228294,0,13.512930251,0,0,0,0,2.2445005833,0,1.7001447681,0,15.408513816,1.7125293108,36.184338012,D5143780,PNCB,08/07/2025 3:40:15 PM,BPD448,8M5CL,8M5CL,02/19/2026 10:01:58 AM,8M5CL,D1D,4,6484703
D514378,82,GM6DB082JKC3,0,0,0,0,0,0,1.2235539183,2.3613322392,0,0,0,0,0,0,0,1.6505278586,0,11.396997929,0,16.632411945,D5143780,PNCB,08/07/2025 3:40:15 PM,BPD448,8M5CL,8M5CL,02/19/2026 10:01:31 AM,8M5CL,D1D,5,6484681
D514378,83,GM6DB083JKG5,0,0,0,0,0,0,2.0196560437,4.5621617624,4.5887776651,0,0,0,0,0,0,0,0,11.816035391,0,22.986630863,D5143780,PNCB,08/07/2025 3:40:15 PM,BPD448,8M5CL,8M5CL,02/19/2026 10:01:37 AM,8M5CL,D1D,6,6484677
D514384,444,GG9TJ444JKA2,0,0,0,0,0,0,0.2146302481,0,1.516156573,0,0,0,0,0,0,1.6505278586,1.3738460932,1.5891138569,0,5.7271425397,D5143840,PNCB,08/15/2025 4:42:39 PM,BPD458,8M5CL,8M5CL,02/20/2026 4:27:43 PM,8M5CL,D1D,1,6485034
D514384,445,GG9TJ445JKE4,0.7347410249,0,0,0,0,0,0.3822451123,1.025170262,1.29227099,0,0,0,0,0,0,1.7348705937,0,2.3994120683,0,7.5687100511,D5143840,PNCB,08/15/2025 4:42:39 PM,BPD458,8M5CL,8M5CL,02/20/2026 4:27:41 PM,8M5CL,D1D,2,6485142
D514384,451,GG9TJ451JKG6,1.4647478607,0,0,0,0,0,0.2709467216,0,0,0,0,0,0,0,0,1.3606684664,0,2.0303957188,0,5.1267566273,D5143840E,PNCB,08/15/2025 11:56:10 AM,BPD436,8M5CL,8M5CL,02/20/2026 11:18:31 AM,8M5CL,D1D,1,7202521
D514384,452,GG9TJ452JKD5,0,0,0,0,0,0,0,0.9574039104,0,0,0,0,0,0,0,4.6093099566,0,14.597466436,0,19.573613488,D5143840E,PNCB,08/15/2025 11:56:10 AM,BPD436,8M5CL,8M5CL,02/20/2026 11:18:39 AM,8M5CL,D1D,2,7202472
D514384,455,GG9TJ455JKB5,0,0,0,0,0,0,0,2.6999367712,0,0,0,0,0,0,0,2.7117743844,2.4569992421,4.0465225229,0,10.733170944,D5143840E,PNCB,08/15/2025 11:56:10 AM,BPD436,8M5CL,8M5CL,02/20/2026 11:18:26 AM,8M5CL,D1D,3,7202482
D514384,456,GG9TJ456JKF7,0,0,0,0,0,0,0.3801930465,5.40100444,0,0,0,0,0,0,0,7.5812822521,0,8.0792308029,0,21.441712666,D5143840E,PNCB,08/15/2025 11:56:10 AM,BPD436,8M5CL,8M5CL,02/20/2026 11:18:23 AM,8M5CL,D1D,4,7202558
D514384,459,GG9TJ459JKD7,0,0,0,0,0,0,0,13.29201091,0,0,0,0,0,5.699384381,0,0,0,4.5070986016,0,23.498493893,D5143840E,PNCB,08/15/2025 11:56:10 AM,BPD436,8M5CL,8M5CL,02/20/2026 11:18:43 AM,8M5CL,D1D,5,7202571
D514384,460,GG9TJ460JKH0,0,0,0,0,0,0,0,0,0,0,0,0,0,0,0,0,0,18.699622117,0,18.699622117,D5143840E,PNCB,08/15/2025 11:56:10 AM,BPD436,8M5CL,8M5CL,02/20/2026 11:18:24 AM,8M5CL,D1D,6,7202544
D514127,15,KHNNW015WFE0,1.2277280681,0,0,0,0,0,2.6883110408,2.4049638254,15.031431623,0,1.6911777943,0,0,0,0,78.01576513,0,0.8154833492,0,99.374316465,D514127A,PNCB,08/14/2025 4:59:04 AM,BPD446,8M5CL,8M5CL,02/23/2026 3:52:34 PM,8M5CL,D1D,1,7173589
D514127,18,KHNNW018WFC0,0,0,0,0,0,0,1.3868747868,0,12.626482867,0,0,0,0,0,0,23.701873307,0,2.8642364111,0,40.579469497,D514127A,PNCB,08/14/2025 4:59:04 AM,BPD446,8M5CL,8M5CL,02/23/2026 3:52:19 PM,8M5CL,D1D,2,7173537
D514127,115,KHNNW115WFD1,0,0,0,0,0,0,1.1917037135,0,13.933868074,0,0,0,0,0,0,51.23108605,0,3.4715475416,0,69.828207519,D514127A,PNCB,08/14/2025 4:59:04 AM,BPD446,8M5CL,8M5CL,02/23/2026 3:52:29 PM,8M5CL,D1D,3,7196271
D514127,671,KHNNU671WFA5,0,0,0,0,0,0,4.915744912,8.7292220498,24.740356884,0,0,0,0,0,0,57.822305887,0,13.214389031,0,106.64588552,D514127A,PNCB,08/14/2025 4:59:04 AM,BPD446,8M5CL,8M5CL,02/23/2026 3:52:42 PM,8M5CL,D1D,4,7196370
D515156,167,GL4QB167JKE4,0,0,0,0,0,0,1.5195249122,0,3.3928341556,0,0,0,0,0,0,12.270658808,1.0511654979,0,0,18.234183374,D5151560,PNCB,08/18/2025 10:33:37 AM,BPD442,8M5CL,8M5CL,02/16/2026 3:36:06 PM,8M5CL,D1D,1,6532019
D515156,169,GL4QB169JKF5,0,0,0,0,0,0,3.2515725423,1.0630138122,0,0,0,0,0,0,0,3.0773085793,0,9.9688669195,0,17.360759713,D5151560,PNCB,08/18/2025 10:33:37 AM,BPD442,8M5CL,8M5CL,02/16/2026 3:36:12 PM,8M5CL,D1D,2,6531895
D515E50,75,GM6ND075JKE4,5.3968283471,0,0,0,0,0,0,0,0,0,0,0,0,0,0,1.9276214581,0,0.9179146976,0,8.2423625255,D515E500,X78D,08/19/2025 8:26:19 AM,BPD450,8M5CL,8M5CL,01/15/2026 4:07:58 PM,8M5CL,D1D,1,6550540
D515E50,76,GM6ND076JKB3,0,0,0,0,0,0,2.2426431811,1.5006170235,0,0,0,0,0,0,0,0,0.9822460711,2.0066316844,0.7639324702,7.496072408,D515E500,X78D,08/19/2025 8:26:19 AM,BPD450,8M5CL,8M5CL,01/15/2026 4:08:20 PM,8M5CL,D1D,2,6550625
D515E50,77,GM6ND077JKF5,0,0,0,0,0,0,0,0,0,2.1078144464,0,0,0,0,0,1.3413362862,0,6.899580804,0,10.348733514,D515E500,X78D,08/19/2025 8:26:19 AM,BPD450,8M5CL,8M5CL,01/15/2026 4:08:19 PM,8M5CL,D1D,3,6550619
D515E50,78,GM6ND078JKC4,0,0,0,0,0,0,0,0.9254462873,0.6702516876,0,0,0,0,0,0,1.4177460184,0,10.342306982,0,13.355748998,D515E500,X78D,08/19/2025 8:26:19 AM,BPD450,8M5CL,8M5CL,01/15/2026 4:08:15 PM,8M5CL,D1D,4,6550545
D515E50,79,GM6ND079JKG6,0,0,0,0,0,0,0,2.5118244913,0,0,0,0,0,0,0,0,0,3.8815079192,0,6.3933324106,D515E500,X78D,08/19/2025 8:26:19 AM,BPD450,8M5CL,8M5CL,01/15/2026 4:08:01 PM,8M5CL,D1D,5,6550461
D515E50,80,GM6ND080JKC4,0.738551445,0,1.3333917836,0,0,0,0,1.1694355817,0,0.5185410294,2.0358928383,0,0,0,0,1.5556250659,0,3.2097721759,0,8.0930624407,D515E500,X78D,08/19/2025 8:26:19 AM,BPD450,8M5CL,8M5CL,01/15/2026 4:08:18 PM,8M5CL,D1D,6,6550564
D515E50,81,GM6ND081JKG6,0,0,0,0.2899313863,0,0,0,0,1.8153817254,0,0,0,0,0,0,1.5453186483,0,5.0782136713,0,8.7288474087,D515E500,X78D,08/19/2025 8:26:19 AM,BPD450,8M5CL,8M5CL,01/15/2026 4:08:08 PM,8M5CL,D1D,7,6550623
D515E50,83,GM6ND083JKA4,0,0,0,0,0,0,0,0,0,0,0,0,0,0,0,0,0,4.4133569296,0,4.4133569296,D515E500,X78D,08/19/2025 8:26:19 AM,BPD450,8M5CL,8M5CL,01/15/2026 4:07:56 PM,8M5CL,D1D,8,6550597
D515E50,84,GM6ND084JKE6,0,0,0,0,0,0,0,0,3.9537601519,0,0,0,0,0,0,2.9918798123,0,5.2591465826,0,12.204784569,D515E500,X78D,08/19/2025 8:26:19 AM,BPD450,8M5CL,8M5CL,01/15/2026 4:01:08 PM,8M5CL,D1D,9,6550532
D515E50,85,GM6ND085JKB5,0,0,0,0,0,0,0,0,0.8510786388,3.0771122931,0,0,0,0,0,3.7642417891,0.7949202143,0.8546675103,1.945759595,11.287780041,D515E500,X78D,08/19/2025 8:26:19 AM,BPD450,8M5CL,8M5CL,01/15/2026 4:08:01 PM,8M5CL,D1D,10,6550627
D515E50,86,GM6ND086JKF7,0,0,0,0,0,0,0,1.1331004113,0,0,0,0,0,0,0,0,0,7.4345381553,0,8.5676385666,D515E500,X78D,08/19/2025 8:26:19 AM,BPD450,8M5CL,8M5CL,01/15/2026 4:07:57 PM,8M5CL,D1D,11,6550587
D515E50,87,GM6ND087JKC6,0,0,0,0,0,0,0.3430170249,1.2486761711,0,0,0,0,0,0,0,1.6610345441,0,5.8413857197,0,9.0941154371,D515E500,X78D,08/19/2025 8:26:19 AM,BPD450,8M5CL,8M5CL,01/15/2026 4:07:51 PM,8M5CL,D1D,12,6550541
D514E0K,509,GM3BD509JKD0,0,0,0,0,0,0,0,0,0,0,0,0,0,0,0,0,0.612975303,0,0.4767365986,1.0897119016,D514E0K0,X78D,08/21/2025 9:09:44 AM,BPD432,8M5CL,8M5CL,01/15/2026 4:07:57 PM,8M5CL,D1D,1,6510852
D514E0K,510,GM3BD510JKG1,0,0,0,0,0,0,0,0,3.1587688535,0,0,0,0,0,0,7.0387254773,0,30.355983019,0,40.179015267,D514E0K0,X78D,08/21/2025 9:09:44 AM,BPD432,8M5CL,8M5CL,01/15/2026 4:08:19 PM,8M5CL,D1D,2,6510849
D514E0K,511,GM3BD511JKD0,0.7440907203,0,0,0,0,0,0,0,1.3645779368,0,0,0,0,0,0,2.3300595179,0,2.7059933166,0,7.1447214917,D514E0K0,X78D,08/21/2025 9:09:44 AM,BPD432,8M5CL,8M5CL,01/15/2026 4:07:58 PM,8M5CL,D1D,3,6510872
D514E0K,512,GM3BD512JKH2,0,0,0,0,0,0,0,0,0,0,0,0,0,0,0,2.3929437823,0,4.8009176247,0,7.193861407,D514E0K0,X78D,08/21/2025 9:09:44 AM,BPD432,8M5CL,8M5CL,01/15/2026 4:08:15 PM,8M5CL,D1D,4,6510840
D514E0K,574,GM3BD574JKF7,0.7323891203,0,0,0,0,0,0.3026520146,0,1.0303897268,0,0,0,0,0,0,1.542645818,0,4.9151638804,0,8.5232405601,D514E0K0,X78D,08/21/2025 9:09:44 AM,BPD432,8M5CL,8M5CL,01/15/2026 4:08:03 PM,8M5CL,D1D,5,6510876
D514E0K,575,GM3BD575JKC6,0,0,0,0,0,0,0,0,0.7545587566,0,0,0,0,0,0,0,0,5.2166274494,0,5.9711862061,D514E0K0,X78D,08/21/2025 9:09:44 AM,BPD432,8M5CL,8M5CL,01/15/2026 4:08:17 PM,8M5CL,D1D,6,6510906
D514E0K,576,GM3BD576JKH0,0.6536098513,0,0,0,0,0,0.2296039447,0,0.542268748,0,0,0,0,0,0,0,0,0,0,1.425482544,D514E0K0,X78D,08/21/2025 9:09:44 AM,BPD432,8M5CL,8M5CL,01/15/2026 4:08:18 PM,8M5CL,D1D,7,6510869
D514E0K,577,GM3BD577JKD7,0,0,0,0,0,0,0,1.703847903,0,0,0,0,0,0,0,1.3360884266,1.1152729717,5.1604828664,0,9.3156921678,D514E0K0,X78D,08/21/2025 9:09:44 AM,BPD432,8M5CL,8M5CL,01/15/2026 4:08:05 PM,8M5CL,D1D,8,6510856
D514E0K,578,GM3BD578JKA6,0,0,0,0,0,0,0,3.616056455,1.0356304715,0,0,0,0,0,0,1.5504930914,0,5.3281998207,0,11.140587095,D514E0K0,X78D,08/21/2025 9:09:44 AM,BPD432,8M5CL,8M5CL,01/15/2026 4:08:20 PM,8M5CL,D1D,9,6510836
D514E0K,580,GM3BD580JKA6,0,0,0,0,0,0,0.2585387881,0,0,0,0,0,0,0,0,1.2459128784,0,1.3182944837,0,2.8227461502,D514E0K0,X78D,08/21/2025 9:09:44 AM,BPD432,8M5CL,8M5CL,01/15/2026 4:08:16 PM,8M5CL,D1D,10,6510920
D514E0K,582,GM3BD582JKB7,0,0,0,0,0,0,0,0,0,0,0,0,0,0,0,0,0,2.9077233414,0,2.9077233414,D514E0K0,X78D,08/21/2025 9:09:44 AM,BPD432,8M5CL,8M5CL,01/15/2026 4:08:14 PM,8M5CL,D1D,11,6510867
D514E0K,583,GM3BD583JKG1,0,0,0,0,0,0,0,0,0,0,0,0,0,0,0,0,0,3.7209459593,0,3.7209459593,D514E0K0,X78D,08/21/2025 9:09:44 AM,BPD432,8M5CL,8M5CL,01/15/2026 4:08:08 PM,8M5CL,D1D,12,6510893
D516855,588,GN2KK588JKD6,2.3261523785,0,0,0,0,0,0.63096643,1.2938060048,2.3166979764,0.5672223397,0,0,0,0,0,5.5077049254,2.3547838883,2.0182300461,0.8964814037,17.912045393,D5168550,PXMG,09/08/2025 11:47:03 PM,BPD444,8M5CL,8M5CL,02/17/2026 11:53:03 AM,8M5CL,D1D,1,6583116
D516855,590,GN2KK590JKD6,0,0,0,0,0,0,0,0,0,0,0,0,0,0,0,6.28428982,0,4.8789816891,0.5685528615,11.73182657,D5168550,PXMG,09/08/2025 11:47:03 PM,BPD444,8M5CL,8M5CL,02/16/2026 4:02:29 PM,8M5CL,D1D,2,6583124
D514137,86,GH1LW086JKD6,0,0,0,0,0,0,1.1840874532,0,2.5084113355,0,0,0,0,0,0,0,0,2.7045536316,0,6.3970524203,D5141370,PNCB,09/08/2025 5:30:18 AM,BPD436,8M5CL,8M5CL,02/16/2026 3:13:51 PM,8M5CL,D1D,1,6496887
D514137,87,GH1LW087JKA5,0,0,0,0,0,0,2.4276331436,2.0177726411,3.2606214355,0,0,0,0,0,0,0,0,0,0,7.7060272203,D5141370,PNCB,09/08/2025 5:30:18 AM,BPD436,8M5CL,8M5CL,02/16/2026 3:22:45 PM,8M5CL,D1D,2,6496902
D514387,136,GH1TV136JKE0,0,0,0,0,0,0,0.1377033671,0,0,0,0,0,0,0,0,1.6069642934,0,0,0,1.7446676605,D5143870,PNCB,09/08/2025 6:49:09 PM,BPD434,8M5CL,8M5CL,02/16/2026 3:19:11 PM,8M5CL,D1D,1,6487503
D514387,233,GH1TV233JKF1,0,0,0,0,0,0,0,0,0.6760987177,0,0,0,0,0,0,3.8575530384,0,9.9893596236,0,13.853988263,D5143870,PNCB,09/08/2025 6:49:09 PM,BPD434,8M5CL,8M5CL,02/16/2026 3:19:26 PM,8M5CL,D1D,2,6487543
D515833,172,GH4CW172JKE2,0.7549886563,0,0,0,0,0,0,0.756748024,1.3386588847,0,5.2335008746,0,0,0,0,0,0,9.3011061732,0,17.385002613,D5158330,PXMG,09/07/2025 1:23:57 PM,BPD444,8M5CL,8M5CL,02/17/2026 11:53:57 AM,8M5CL,D1D,1,6549056
D515833,237,GH4CW237JKG5,1.4674818256,0,0,0,0,0,2.4182575422,1.3572576677,6.8435226303,0,4.3576737769,0,0,0,0,0,0,2.9241961672,5.7119627874,24.491808333,D5158330,PXMG,09/07/2025 1:23:57 PM,BPD444,8M5CL,8M5CL,02/17/2026 11:53:34 AM,8M5CL,D1D,2,6549087
D517277,569,MC5LH569WAB2,0,0,0,0,0,0,0.3315109556,0,0.5434044458,0,0,0,0,0,0,1.6623167902,0,3.0716583716,0,5.6088905631,D5172770,PNCB,09/12/2025 7:54:58 AM,BPD444,8M5CL,8M5CL,02/16/2026 4:12:03 PM,8M5CL,D1D,1,6598208
D517277,578,MC5LH578WAB4,0,0,0,0,0,0,0.4381857145,1.0178998896,0.588214383,0,0,0,0,0,0,0,0,0,0.4400982613,2.4843982484,D5172770,PNCB,09/12/2025 7:54:58 AM,BPD444,8M5CL,8M5CL,02/16/2026 4:12:05 PM,8M5CL,D1D,2,6598082
D516228,84,GL7EF084JKC2,0,0,0,0,0,0,1.0617885878,3.5313072223,2.0438388508,0,0,0,0,0,0,0,0,9.9481587518,0,16.585093413,D5162280,PNCB,09/12/2025 1:47:50 PM,BPD450,8M5CL,8M5CL,02/16/2026 3:43:08 PM,8M5CL,D1D,1,6569960
D516228,85,GL7EF085JKG4,0,0,0,0,0,0,0.3174603444,1.6383932971,1.29227099,0,0,0,0,0,0,1.1987300892,0,0.7362391861,0,5.0682555752,D5162280,PNCB,09/12/2025 1:47:50 PM,BPD450,8M5CL,8M5CL,02/16/2026 3:43:13 PM,8M5CL,D1D,2,6569811
D514894,668,GM3WL668JKC3,0,0,0,0,0,0,0.3081004684,2.9330374634,0,0,0,0,0,0,0,6.0968577832,0,0,0.8128366657,10.150830181,D5148940,PXMG,09/11/2025 7:06:39 AM,BPD432,8M5CL,8M5CL,02/16/2026 3:24:18 PM,8M5CL,D1D,1,6507330
D514894,669,GM3WL669JKG5,0,0,0,0,0,0,0,1.2066127342,0,0,0,0,0,0,0,7.194631802,0,3.4062390983,0,11.807483635,D5148940,PXMG,09/11/2025 7:06:39 AM,BPD432,8M5CL,8M5CL,02/16/2026 3:24:13 PM,8M5CL,D1D,2,6507334
D517264,573,KHPQT573WFA2,0,0,1.169849823,0,0,0,0,0,0,0,0,0,0,0,0,0.7052058483,0,6.207309626,0,8.0823652972,D5172640,PNCB,09/12/2025 1:30:21 AM,BPD458,8M5CL,8M5CL,02/16/2026 4:21:24 PM,8M5CL,D1D,1,6594013
D517264,574,KHPQT574WFE4,0,0,0,0,0,0,0.5941645285,0,0.5395506931,0,0,0,0,0,0,1.6505278586,0,0,0.7053047461,3.4895478262,D5172640,PNCB,09/12/2025 1:30:21 AM,BPD458,8M5CL,8M5CL,02/16/2026 4:21:30 PM,8M5CL,D1D,2,6594048
D514897,6,MC4YY006WAC0,0,0,0,0,0,0,0.2236068355,0,1.7398628915,0,2.055675988,0,0,0,0,0,0,5.2129580577,0.9563768772,10.188478451,D5148970,PXMG,09/11/2025 6:45:11 AM,BPD454,8M5CL,8M5CL,02/17/2026 11:51:44 AM,8M5CL,D1D,1,6507602
D514897,8,MC4YY008WAD1,0,0,0,0,0,0,0.7688546729,2.0272094189,3.8605277225,0,2.6977044423,0,0,0,0,0,0,3.737059697,0,12.648032684,D5148970,PXMG,09/11/2025 6:45:11 AM,BPD454,8M5CL,8M5CL,02/17/2026 11:51:41 AM,8M5CL,D1D,2,6507571
D515817,695,KHNNU695WFE4,0,0,0,0,0,0,1.0459167786,4.913302422,5.5753193269,0,0,0,0,0,0,16.696412425,1.1924240807,26.633622474,2.0896834157,55.923365867,D515817A,PYZB,08/25/2025 7:42:13 PM,BPD446,8M5CL,8M5CL,02/16/2026 12:35:44 PM,8M5CL,D1D,1,6579037
D516249,449,MC4RB449WAH0,0,0,0,0,0,0,0,5.8408438827,0,0,3.9048922043,0,0,0,0,0,0,5.0328868981,0,14.778622985,D5162490,PNCB,08/28/2025 10:57:52 AM,BPD436,8M5CL,8M5CL,02/16/2026 3:55:11 PM,8M5CL,D1D,1,6558787
D516249,641,MC5BU641WAG0,0,0,0,0.4389719135,2.0436287621,0,0,0,0,0,0,0,0,0,0,2.1198209569,0,4.1743392102,0,8.776762983,D5162490,PNCB,08/28/2025 10:57:52 AM,BPD436,8M5CL,8M5CL,02/16/2026 3:55:09 PM,8M5CL,D1D,2,6558579
D515831,594,GH7DT594JKD5,0,0,0,0,0,0,0,2.4407487924,0,0,3.2449315684,0,0,0,0,0,0,13.521923807,0,19.207604168,D5158310,PXMG,09/05/2025 6:15:19 PM,BPD444,8M5CL,8M5CL,02/16/2026 3:31:31 PM,8M5CL,D1D,1,6545537
D515831,595,GH7DT595JKA4,0,0,0,0,0,0,1.7145726199,0,8.0401644036,0,0,0,0,0,0,4.6731213433,0,27.058312364,0,40.481748405,D5158310,PXMG,09/05/2025 6:15:19 PM,BPD444,8M5CL,8M5CL,02/16/2026 3:31:37 PM,8M5CL,D1D,2,6545553
D514132,213,GH1LW213JKC0,3.2071156807,0,0,0.4892459208,0,0,0,9.1243449271,0,0,0,0,0,0,0,6.2430065254,0,9.8090773334,0.8999432532,28.443102792,D5141320,PNCB,09/06/2025 7:48:57 AM,BPD446,8M5CL,8M5CL,02/16/2026 3:11:43 PM,8M5CL,D1D,1,6497120
D514132,214,GH1LW214JKG2,0,0,0,0,0,0,0.3400253143,3.45350907,1.3608684009,0,0,0,0,0,0,1.6898668205,0,18.671749935,0,24.932550399,D5141320,PNCB,09/06/2025 7:48:57 AM,BPD446,8M5CL,8M5CL,02/16/2026 3:16:58 PM,8M5CL,D1D,2,6497259
D516858,535,GN3ER535JKG5,0.986159981,0,0,0,0,0,0,9.0065022741,0,0.8086440401,0,0,0,0,0,5.9816535389,0,0,0,16.134503474,D5168580,PXMG,09/03/2025 9:49:20 AM,BPD432,8M5CL,8M5CL,02/16/2026 4:04:14 PM,8M5CL,D1D,1,6583288
D516858,644,GN3ER644JKG0,2.5033690867,0,0,0,0,0,0,8.2497520309,0,0,0,0,0,0,0,6.0798205064,0,0,0,16.832941624,D5168580,PXMG,09/03/2025 9:49:20 AM,BPD432,8M5CL,8M5CL,02/16/2026 4:04:16 PM,8M5CL,D1D,2,6583230
D516839,334,MC64F334WAA5,0,0,0,0,0,0,0.8383445407,1.2593944639,6.099914938,0,0,0,0,0,0,0,0,1.6147288256,0,9.8123827682,D5168390,PYZB,09/16/2025 3:17:19 AM,BPD436,8M5CL,8M5CL,03/13/2026 1:36:11 AM,8M5CL,D1D,1,6578400
D516839,336,MC64F336WAB6,0,0,0,0,0,0,0,9.165916035,0,0,0,0,0,0,0,0,0,2.3004797211,0,11.466395756,D5168390,PYZB,09/16/2025 3:17:19 AM,BPD436,8M5CL,8M5CL,03/13/2026 1:33:48 AM,8M5CL,D1D,2,6578269
D516839,342,MC64F342WAE0,0,0,0,0,0,0,0,2.1248023944,0,0,0,0,0,0,0,3.3544383497,0,2.3821186952,0,7.8613594393,D5168390,PYZB,09/16/2025 3:17:19 AM,BPD436,8M5CL,8M5CL,03/13/2026 1:33:21 AM,8M5CL,D1D,3,6578347
D516839,345,MC64F345WAC0,0,0,0,0,0,0,0,2.7885572731,1.7575495165,0,0,0,0,0,0,2.2608268977,0,2.1749586249,2.1717574557,11.153652058,D5168390,PYZB,09/16/2025 3:17:19 AM,BPD436,8M5CL,8M5CL,03/13/2026 1:24:11 AM,8M5CL,D1D,4,6578374
D517298,27,MC4TB027WAG3,0,0,0,0,0,0,0,0,0,0,0,0,0,0,0,0.7052058483,0.9329263407,1.4724783721,0,3.1106105611,D5172980AT,PNCB,09/17/2025 8:33:01 PM,BPD444,8M5CL,8M5CL,02/16/2026 4:12:30 PM,8M5CL,D1D,1,7350027
D517298,28,MC5LL028WAH0,0,0,0,0,0,0,0,0.73123038,0,0,0,0,0,0,0,0,1.3738460932,3.7918640934,0,5.8969405666,D5172980AT,PNCB,09/17/2025 8:33:01 PM,BPD444,8M5CL,8M5CL,02/16/2026 4:12:29 PM,8M5CL,D1D,2,7349984
D517298,72,MC5LL072WAE0,1.5480281023,0,0,0,0,0,0,0,1.8047875056,0,0,0,0,0,0,0,0,0,0,3.3528156078,D5172980AT,PNCB,09/17/2025 8:33:01 PM,BPD444,8M5CL,8M5CL,02/16/2026 4:12:37 PM,8M5CL,D1D,3,7349719
D517298,136,MC5LL136WAC1,0,0,0,0,0,0,0,0,0,0,0,0,0,0,0,0,0,1.5255748033,0,1.5255748033,D5172980AT,PNCB,09/17/2025 8:33:01 PM,BPD444,8M5CL,8M5CL,02/16/2026 4:12:04 PM,8M5CL,D1D,4,7350008
D517298,152,MC5LL152WAB4,0,0,0,0,0,0,0,0,0,0,0,0,0,0,0,2.1197690825,0,0,0,2.1197690825,D5172980AT,PNCB,09/17/2025 8:33:01 PM,BPD444,8M5CL,8M5CL,02/16/2026 4:12:20 PM,8M5CL,D1D,5,7349958
D517298,170,MC4ZB170WAB4,0,0,0,0,0,0,0.2651703589,0,0,0,0,0,0,0,0,6.4496219558,0,9.0782304803,1.5414765671,17.0405813,D5172980AT,PNCB,09/17/2025 8:33:01 PM,BPD444,8M5CL,8M5CL,02/16/2026 4:12:05 PM,8M5CL,D1D,6,7350029
D516234,302,GH6WY302JKG0,0,0,0,0,0,0,0.3788011374,1.9638051438,0,0,0,0,0,0,0,1.3225069629,0,5.9187074739,0,9.2891227621,D5162340,PNCB,09/14/2025 4:49:18 AM,BPD458,8M5CL,8M5CL,02/16/2026 3:56:56 PM,8M5CL,D1D,1,6572119
D516234,303,GH6WY303JKC7,0,0,0,0,0,0,0,2.140230192,0,0,0,0,0,0,0,0,0,4.6721225092,0,6.8123527013,D5162340,PNCB,09/14/2025 4:49:18 AM,BPD458,8M5CL,8M5CL,02/16/2026 3:56:58 PM,8M5CL,D1D,2,6572212
D517298,4,MC4XF004WAF4,0.585681321,0,0,0,0,0,0.0841584328,0,0.5806513231,0,0,0,0,0,0,1.6505278586,0,11.741526228,0,13.265736748,D5172980,PNCB,09/17/2025 7:13:54 PM,BPD436,8M5CL,8M5CL,02/16/2026 4:21:12 PM,8M5CL,D1D,1,6606784
D517298,20,MC5LJ020WAB6,0,0,0,0,0,0,0.2817818901,2.0357997793,0.588214383,0,0,0,0,0,0,0.7002046214,0,0.7945569285,0,4.4005576022,D5172980,PNCB,09/17/2025 7:13:54 PM,BPD436,8M5CL,8M5CL,02/16/2026 4:21:11 PM,8M5CL,D1D,2,6606785
D516221,137,GL5RA137JKC7,1.3077919393,0,0,0,0,0,0.0898554244,5.6475431204,3.5021785161,0,0,0,0,0,0,1.4997128013,0,10.574002025,0,22.621083826,D5162210,PNCB,09/18/2025 4:26:18 PM,BPD444,8M5CL,8M5CL,02/16/2026 3:36:09 PM,8M5CL,D1D,1,6568480
D516221,138,GL5RA138JKH1,0,0,0,0,0,0,0,1.0178998896,0,0,0,0,0,0,0,4.9515835758,0,0.7310178748,0,6.7005013403,D5162210,PNCB,09/18/2025 4:26:18 PM,BPD444,8M5CL,8M5CL,02/16/2026 3:36:31 PM,8M5CL,D1D,2,6568440
D517274,84,GN2SY084JKF5,6.152025429,0,0,0,0,0,0,1.1294884932,6.9775146138,0,0,0,0,0,0,0.8010213365,0,3.4639600755,0.3469062325,17.419903075,D5172740,PNCB,09/22/2025 2:01:51 PM,BPD448,8M5CL,8M5CL,02/16/2026 4:07:52 PM,8M5CL,D1D,1,6595698
D517274,85,GN2SY085JKC4,0,0,0,0,0,0,0.2325167483,2.2029260953,1.3900367051,0,2.016683264,0,0,0,0,1.517115013,0,2.5809399725,0,9.9402177982,D5172740,PNCB,09/22/2025 2:01:51 PM,BPD448,8M5CL,8M5CL,02/16/2026 4:07:17 PM,8M5CL,D1D,2,6595797
D517286,102,A1JXZ102SLA0,0,0,0,0,0,0,0,0,1.8713207574,0,0,0,0,0,0,0,0,3.8444315038,0.5916144661,6.3073667273,D5172860,PNCB,09/22/2025 12:51:27 AM,BPD448,8M5CL,8M5CL,02/16/2026 4:08:06 PM,8M5CL,D1D,1,6600801
D517286,103,A1JXZ103SLE2,0,0,0,0,0,0,0,0,1.29227099,0,0,0,0,0,0,0,0,8.6163741324,0.7103424007,10.618987523,D5172860,PNCB,09/22/2025 12:51:27 AM,BPD448,8M5CL,8M5CL,02/16/2026 4:07:58 PM,8M5CL,D1D,2,6600890
D517290,519,GM6WX519JKC4,1.4418837815,0,0,0,0,0,0,0,4.0826025235,0,0,0,0,0,0,4.2677452765,0,2.0802780639,0,11.473397379,D5172900AQ,PNCB,09/27/2025 2:59:41 AM,BPD442,8M5CL,8M5CL,02/16/2026 4:19:26 PM,8M5CL,D1D,1,7397418
D517290,520,GM6WX520JKF5,0,0,0,0.5599915679,0,0,0,1.0298936829,0,0,0,0,0,0,0,4.587978685,0,1.0295940506,0,7.2074579863,D5172900AQ,PNCB,09/27/2025 2:59:41 AM,BPD442,8M5CL,8M5CL,02/16/2026 4:19:39 PM,8M5CL,D1D,2,7397485
D517290,523,GM6WX523JKD5,0,0,0,0,0,0,0.2161632494,0,0,0,0,0,0,0,0,4.7603106943,0,0,0,4.9764739437,D5172900AQ,PNCB,09/27/2025 2:59:41 AM,BPD442,8M5CL,8M5CL,02/16/2026 4:19:44 PM,8M5CL,D1D,3,7397455
D517290,524,GM6WX524JKA4,1.1005644109,0,0,0,0,0,0,0.5701514413,2.5662127489,0,0,0,0,0,0,4.0012603386,0,1.5878388257,0,9.8260277654,D5172900AQ,PNCB,09/27/2025 2:59:41 AM,BPD442,8M5CL,8M5CL,02/16/2026 4:19:32 PM,8M5CL,D1D,4,7397465
D517290,529,GM6WX529JKH0,0,0,0,0.477662995,0,0,0,0,0.9688565252,0,0,0,0,0,1.4552002938,3.6847187492,1.6505027195,0,0,8.2369412826,D5172900AQ,PNCB,09/27/2025 2:59:41 AM,BPD442,8M5CL,8M5CL,02/16/2026 4:19:31 PM,8M5CL,D1D,5,7397456
D517290,530,GM6WX530JKC6,0,0,0,0,0,0,0.2605674964,3.0112198802,1.5577225893,0,0,0,0,1.1586187055,0,0,1.1245647478,2.2431942254,1.7125156243,9.6275840381,D5172900AQ,PNCB,09/27/2025 2:59:41 AM,BPD442,8M5CL,8M5CL,02/16/2026 4:19:45 PM,8M5CL,D1D,6,7397484
D517290,517,GM6WX517JKB3,0,0,0,0,0,0,0,2.0498846549,0,0,0,0,0,0,0,2.9670974256,0,1.3141270207,0.7911489319,7.1222580331,D5172900,PNCB,09/27/2025 1:48:52 AM,BPD432,8M5CL,8M5CL,02/16/2026 4:17:03 PM,8M5CL,D1D,1,6602630
D517290,518,GM6WX518JKF5,0,0,0,0,0,0,0.2364927827,0,3.1973298059,0,0,0,0,0,0,0.7715277403,0,0,0,4.2053482039,D5172900,PNCB,09/27/2025 1:48:52 AM,BPD432,8M5CL,8M5CL,02/16/2026 4:16:14 PM,8M5CL,D1D,2,6602636
D515162,279,GL3VB279JKA2,0,0,0,0,0,0,0.1824738859,0,0,3.789733424,0,0,0,0,0,0,0,4.0445107066,0.3355538504,8.3522697268,D5151620,PNCB,09/27/2025 12:26:03 AM,BPD444,8M5CL,8M5CL,02/16/2026 3:31:43 PM,8M5CL,D1D,1,6531920
D515162,280,GL3VB280JKD3,1.184773845,0,0,0,0,0,0,0,2.7625633,0,0,0,0,0,0,2.8774032331,0,6.9601699397,1.0857187979,14.617076416,D5151620,PNCB,09/27/2025 12:26:03 AM,BPD444,8M5CL,8M5CL,02/16/2026 3:31:37 PM,8M5CL,D1D,2,6532099
D516231,1,KHPRA001WFE6,0.8939292064,0,0,0,0,0,0.6082791033,3.8918352456,1.3819059706,0,0,0,0,0,0,2.0224725866,19.131410675,3.2500486984,0.8642442136,31.713064192,D5162310,PNCB,10/01/2025 5:00:29 PM,BPD448,8M5CL,8M5CL,02/16/2026 3:52:53 PM,8M5CL,D1D,1,6570175
D516231,8,KHPRA008WFF0,0,0,0,0,0,0,0,0,0.5395506931,0,0,0,0,0,0,0.7002046214,0,1.9112717343,0,2.9732452016,D5162310,PNCB,10/01/2025 5:00:29 PM,BPD448,8M5CL,8M5CL,02/16/2026 3:51:17 PM,8M5CL,D1D,2,6570250
D517259,326,GH6WY326JKC4,0,0,0,0,0,0,0.2271043031,3.2609623619,1.357682948,0,0,0,0,0,0,2.4873626958,0,4.5329462143,0.4656775117,11.338036237,D5172590,PNCB,09/30/2025 3:01:13 PM,BPD448,8M5CL,8M5CL,02/16/2026 4:07:21 PM,8M5CL,D1D,1,6591699
D517259,327,GH6WY327JKG6,13.572747034,0,0,0,0,0,0,2.5218417962,1.4163422744,0,0,0,0,0,0,0,0,2.597169338,1.8656193963,20.168084674,D5172590,PNCB,09/30/2025 3:01:13 PM,BPD448,8M5CL,8M5CL,02/16/2026 4:07:25 PM,8M5CL,D1D,2,6591686
D517295,282,GM6WX282JKG7,0,0,0,0,0,0,0,0.6920762976,0,0,0,0,0,0,0,3.9541011854,0,5.8693722675,0.5342125625,11.049764438,D5172950,PNCB,09/29/2025 11:09:33 AM,BPD444,8M5CL,8M5CL,02/16/2026 4:12:44 PM,8M5CL,D1D,1,6602952
D517295,283,GM6WX283JKD6,0,0,0,0,0,0,0,0,0,0,0,0,0,0,0,0,0.9329263407,8.2906096949,0,9.2235360356,D5172950,PNCB,09/29/2025 11:09:33 AM,BPD444,8M5CL,8M5CL,02/16/2026 4:12:24 PM,8M5CL,D1D,2,6602969
D515169,26,KHP1Y026WFE0,2.8693981623,0,0,0,0,0,0.3986639981,0.7680872812,0,0,1.8404182518,0,0,0,0,0,0,3.6754792476,0.7408547403,10.292901681,D5151690,PNCB,09/30/2025 10:32:10 AM,BPD436,8M5CL,8M5CL,02/16/2026 3:35:24 PM,8M5CL,D1D,1,6534532
D515169,51,KHP1Y051WFD5,3.4534433344,0,0,0,0,0,2.0940889693,5.6016223414,0,0,2.140230192,0,0,0,0,1.4638339824,0,3.2511038318,0,15.889961422,D5151690,PNCB,09/30/2025 10:32:10 AM,BPD436,8M5CL,8M5CL,02/16/2026 3:35:30 PM,8M5CL,D1D,2,6534524
D516254,649,GM3BD649JKF3,0,0,0,0,0,0,0,4.2881459507,0,0,0,0,0,0,0,5.4319555929,0,1.2029056783,0,10.923005082,D5162540AD,PNCB,10/04/2025 7:43:46 PM,BPD444,8M5CL,8M5CL,02/16/2026 4:03:38 PM,8M5CL,D1D,1,7437428
D516254,663,GM3BD663JKD5,0,0,0,0,0,0,0.3442025206,2.8538728277,0,0,0,0,0,0,0,1.6395618628,0.9010604534,6.7838512558,0,11.497376518,D5162540AD,PNCB,10/04/2025 7:43:46 PM,BPD444,8M5CL,8M5CL,02/16/2026 4:04:11 PM,8M5CL,D1D,2,7437395
D516254,664,GM3BD664JKA4,0,0,0,0,0,0,0,0.9464832684,0,0,0,0,0,0,0,0,0,6.3438602447,0,7.290343513,D5162540AD,PNCB,10/04/2025 7:43:46 PM,BPD444,8M5CL,8M5CL,02/16/2026 4:03:00 PM,8M5CL,D1D,3,7437377
D516254,665,GM3BD665JKE6,0,0,0,0,0,0,0,5.1111008435,0,0,0,0,0,0,0,6.6316487857,0,4.2389977046,0,14.319430544,D5162540AD,PNCB,10/04/2025 7:43:46 PM,BPD444,8M5CL,8M5CL,02/16/2026 4:02:16 PM,8M5CL,D1D,4,7437425
D516254,668,GM3BD668JKC6,0,0,0,0,0,0,0,0,0,0,0,0,0,0,0,0,0.8206185657,3.8783452081,0,4.6989637738,D5162540AD,PNCB,10/04/2025 7:43:46 PM,BPD444,8M5CL,8M5CL,02/16/2026 4:03:20 PM,8M5CL,D1D,5,7437392
D516254,669,GM3BD669JKH0,0,0,0,0,0,0,0,5.8633596525,2.7512252475,0,0,0,0,0,0,8.8867451321,0,4.3975566584,0,19.846044237,D5162540AD,PNCB,10/04/2025 7:43:46 PM,BPD444,8M5CL,8M5CL,02/16/2026 4:03:15 PM,8M5CL,D1D,6,7437372
D516246,172,GH5PP172JKF5,0,0,0,0,0,0,0,0,0,0,0,0,0,0,0.3704943093,0,1.651894267,5.8888143679,0,7.9112029443,D5162460AH,PNCB,10/04/2025 12:16:18 PM,BPD442,8M5CL,8M5CL,02/16/2026 3:57:12 PM,8M5CL,D1D,1,7436209
D516246,173,GH5PP173JKC4,1.4658286769,0,0,0,0,0,0.2858641261,0,0,0,0,0,0,0,0,17.388539901,1.9820800222,0,0,21.122312726,D5162460AH,PNCB,10/04/2025 12:16:18 PM,BPD442,8M5CL,8M5CL,02/16/2026 3:57:28 PM,8M5CL,D1D,2,7436157
D516246,177,GH5PP177JKE6,0,0,0,0,0,0,0,24.993625279,0,0,0,0,0,0,0,0,0,50.955597736,0,75.949223015,D5162460AH,PNCB,10/04/2025 12:16:18 PM,BPD442,8M5CL,8M5CL,02/16/2026 3:57:45 PM,8M5CL,D1D,3,7436153
D516246,178,GH5PP178JKB5,0,0,0,0,0,0,0.2442024712,1.1581448189,1.4598915722,0,0,0,0,0,0,2.6250490625,0,2.5340692129,0,8.0213571377,D5162460AH,PNCB,10/04/2025 12:16:18 PM,BPD442,8M5CL,8M5CL,02/16/2026 3:57:19 PM,8M5CL,D1D,4,7436156
D516246,182,GH5PP182JKC6,0.7584969217,0,0,0,0,0,0,27.658031543,0,0,0,0,0,0,0,3.5891405114,0,5.4149256554,0,34.334262664,D5162460AH,PNCB,10/04/2025 12:16:18 PM,BPD442,8M5CL,8M5CL,02/16/2026 3:57:24 PM,8M5CL,D1D,5,7436159
D516246,183,GH5PP183JKH0,0,0,0,0,0,0,0,2.1351000603,1.5662418568,0,0,0,0,0,0,2.014739935,0,4.6927586087,0,9.443780704,D5162460AH,PNCB,10/04/2025 12:16:18 PM,BPD442,8M5CL,8M5CL,02/16/2026 3:57:01 PM,8M5CL,D1D,6,7436205
D517269,735,GH3SG735JKE3,0,0,0,0,0,0,0,1.2984369931,0,0,0,0,0,0,0,4.155267619,0.7167160063,10.898876127,0.8996885658,17.270198013,D5172690,PNCB,10/04/2025 3:31:17 AM,BPD450,8M5CL,8M5CL,02/16/2026 4:25:27 PM,8M5CL,D1D,1,6595817
D517269,736,GH3SG736JKB2,0,0,0,0,0,0,0.9367229047,0,0,0,0,0,0,0,0,3.257492152,0,7.1484580437,0,11.3426731,D5172690,PNCB,10/04/2025 3:31:17 AM,BPD450,8M5CL,8M5CL,02/16/2026 4:25:26 PM,8M5CL,D1D,2,6595826
D517282,301,GH3HU301JKB2,0,0,0,0,0,0,0.8943572524,0,2.2286431013,0,0,0,0,0,0,0,0,5.4070775572,0,8.5300779109,D5172820,PNCB,10/09/2025 9:00:54 AM,BPD450,8M5CL,8M5CL,02/16/2026 4:25:20 PM,8M5CL,D1D,1,6598465
D517282,302,GH3HU302JKF4,0.5442258074,0,0,0,0,0,0.2146302481,0,2.9964571442,0,0,0,0,0,0,3.2857255924,0,2.2565926781,0,9.2976335952,D5172820,PNCB,10/09/2025 9:00:54 AM,BPD450,8M5CL,8M5CL,02/16/2026 4:25:16 PM,8M5CL,D1D,2,6598476
D517261,350,GN2SY350JKC0,3.4230443251,0,0,0,0,0,0.0967323653,1.2590975374,4.5579878266,0,0,0,0,0,0,9.678496033,0,2.731114656,0,21.746472743,D5172610AV,PNCB,10/07/2025 10:41:34 AM,BPD432,8M5CL,8M5CL,02/16/2026 4:16:17 PM,8M5CL,D1D,1,7451206
D517261,351,GN2SY351JKG2,0,0,0,0,0,0,0.8954723124,1.7616234711,11.114493617,0,0,0,0,0,0,0,0,0,0,13.771589401,D5172610AV,PNCB,10/07/2025 10:41:34 AM,BPD432,8M5CL,8M5CL,02/16/2026 4:16:24 PM,8M5CL,D1D,2,7451229
D517261,354,GN2SY354JKE2,1.1005644109,0,0,0,0,0,0,0,1.8226570675,0,0,0,0,0,0,5.9739460746,0,0,0,8.897167553,D5172610AV,PNCB,10/07/2025 10:41:34 AM,BPD432,8M5CL,8M5CL,02/16/2026 4:16:05 PM,8M5CL,D1D,3,7451221
D517261,362,GN1YH362JKC5,1.1894702099,0,0,0,0,0,0.6442307527,0.7903004494,7.0610610316,0,0,0,0,0,0,9.5348297701,0,0.858744123,0,20.078636337,D5172610AV,PNCB,10/07/2025 10:41:34 AM,BPD432,8M5CL,8M5CL,02/16/2026 4:16:16 PM,8M5CL,D1D,4,7451202
D516208,681,GM3BD681JKE1,1.4344229391,0,0,0,0,0,0.1228620544,4.3765588599,2.0158635558,0,0,0,0,0,0,2.0944378269,0,3.2308615347,0,12.538566403,D5162080,PNCB,10/08/2025 11:41:18 AM,BPD432,8M5CL,8M5CL,02/16/2026 3:34:52 PM,8M5CL,D1D,1,6561930
D516208,682,GM3BD682JKB0,0,0,0,0,0,0,0.6907863911,4.9141529106,0,0,0,0,0,0,0,3.2957600877,0.9041756088,0,0,7.3662801198,D5162080,PNCB,10/08/2025 11:41:18 AM,BPD432,8M5CL,8M5CL,02/16/2026 3:35:14 PM,8M5CL,D1D,2,6561806
D516246,170,GH5PP170JKE4,0,0,0,0,0,0,0,25.011780837,0,0,0,0,0,0,0,3.3560988131,0,0,0,28.36787965,D5162460,PNCB,10/05/2025 1:15:38 PM,BPD444,8M5CL,8M5CL,02/16/2026 3:59:15 PM,8M5CL,D1D,1,6557691
D516246,171,GH5PP171JKB3,0,0,0,0,0,0,0,40.338981611,0,0,0,0,0,0,0,2.315108401,0,0,0,42.654090012,D5162460,PNCB,10/05/2025 1:15:38 PM,BPD444,8M5CL,8M5CL,06/07/2026 9:35:37 PM,8M5CL,D1D,2,6557653
D514E0J,738,MC4UH738WAG7,0,0,0,0,0,0,0,0,1.7295287944,0,0,0,0,0.8938317424,0,1.2459128784,0,5.9744231885,0,9.8436966037,D514E0J0,X78D,11/04/2025 5:34:13 PM,BPD448,8M5CL,8M5CL,01/16/2026 10:21:48 AM,8M5CL,D1D,1,6510951
D514E0J,741,MC4UH741WAD6,0,0,0,0,0,0,0,0.877705495,1.5096711684,0,0,0,0,0,0,0,0,7.0218159888,0,9.4091906749,D514E0J0,X78D,11/04/2025 5:34:13 PM,BPD448,8M5CL,8M5CL,01/16/2026 10:22:26 AM,8M5CL,D1D,2,6510859
D507880,253,A11NG253SLA7,1.0962259044,0,0,0,0,0,0.1680080701,0,0,0,0,0,0,0,0,1.6623167902,0,1.2192120921,2.3219357353,6.4676985921,D5078800,PXSB,05/10/2025 10:21:36 PM,BPD458,8M5CL,8M5CL,02/20/2026 4:14:47 PM,8M5CL,D1D,1,6238570
D507880,260,A11NG260SLA0,0,0,0,0,0,0,0,3.8290928787,0,0,0,0,0,0,0,0.968962068,0,7.7908123755,0.419638261,13.008505583,D5078800,PXSB,05/10/2025 10:21:36 PM,BPD458,8M5CL,8M5CL,02/20/2026 4:14:30 PM,8M5CL,D1D,2,6238589
D507880,261,A11NG261SLE2,0,0,0,0,0,0,0,4.6176750531,1.4191802197,0,0,0,0,0,0,3.0958108693,0,5.4403174723,0.8169023218,15.389888076,D5078800,PXSB,05/10/2025 10:21:36 PM,BPD458,8M5CL,8M5CL,02/20/2026 4:14:21 PM,8M5CL,D1D,3,6238592
D507880,341,A11HV341SLE1,0,0,0,0,0,0,0.2446668351,2.3206986823,0,0.4494483403,0,0,0,0,0,0,0,6.2020874643,0.8040074349,10.020908757,D5078800,PXSB,05/10/2025 10:21:36 PM,BPD458,8M5CL,8M5CL,02/20/2026 4:14:11 PM,8M5CL,D1D,4,6238594
D507889,48,A10FZ048SLA5,0,0,0,0,0,0,0.2928321603,0,1.2831063744,0,0,0,0,0,0,0,0,2.3188567005,0,3.8947952353,D5078890,PXSB,05/23/2025 4:09:14 AM,BPD458,8M5CL,8M5CL,02/20/2026 4:15:11 PM,8M5CL,D1D,1,6239942
D507889,131,A10FZ131SLC3,0,0,0,0,0,0,0.5405450982,1.0524539165,0,0,0,0,0,0,0,6.5158430702,1.7098941073,0,0,9.818734052,D5078890,PXSB,05/23/2025 7:28:51 AM,BPD432,8M5CL,8M5CL,02/20/2026 10:12:19 AM,8M5CL,D1D,2,6239990
D507889,172,A11J4172SLC1,1.1381778307,0,0,0,0,0,0,0,0,0,0,0,0,0,0,0,0,0,0,1.1381778307,D5078890,PXSB,05/23/2025 4:09:14 AM,BPD458,8M5CL,8M5CL,02/20/2026 4:14:46 PM,8M5CL,D1D,3,6239944
D507889,180,A11J4180SLF4,0,0,0,0,0,0,0,0,0,0.4462609119,0,0,0,0,0,0,0,1.5255748033,0,1.9718357152,D5078890,PXSB,05/23/2025 7:28:51 AM,BPD432,8M5CL,8M5CL,02/20/2026 10:12:16 AM,8M5CL,D1D,4,6240068
D507889,191,A10HY191SLF4,0,0,0,0,0,0,0.3226204394,3.0565890108,0,0,0,0,0,0,0,0,0,0.7362391861,0,4.1154486363,D5078890,PXSB,05/23/2025 7:28:51 AM,BPD432,8M5CL,8M5CL,02/20/2026 10:12:20 AM,8M5CL,D1D,5,6240028
D507889,194,A10HY194SLD4,0,0,0,0,0,0,0.2368752921,0,0.6491778737,0,0,0,0,0,0,4.7715087976,1.0223157476,2.5591894521,0.3346744334,9.5737415965,D5078890,PXSB,05/23/2025 4:09:14 AM,BPD458,8M5CL,8M5CL,02/20/2026 4:15:08 PM,8M5CL,D1D,6,6240050
D507889,280,A0YJL280SLH2,0,0,0,0,0,0,0.5508814701,1.3062970665,0,0,0,0,0,0,0,0,0,3.0573887591,0,4.9145651706,D5078890,PXSB,05/23/2025 4:09:14 AM,BPD458,8M5CL,8M5CL,02/20/2026 4:14:53 PM,8M5CL,D1D,7,6239997
D507889,350,A11J4350SLF0,0,0,0,0,0,0,0.2350264969,1.1146322549,1.405041856,0,0,0,0,0,0,1.7596769025,0,0,0,4.5143796353,D5078890,PXSB,05/23/2025 4:09:14 AM,BPD458,8M5CL,8M5CL,02/20/2026 4:14:59 PM,8M5CL,D1D,8,6239943
D509882,41,GM0GJ041JKD0,0,0,0,0,0,0,1.4418533056,2.0630925368,0,2.7331193646,0,0,0,0,0,3.4724437049,0,6.976357839,0,16.231965512,D5098820,PXMG,05/18/2025 12:05:26 PM,BPD450,8M5CL,8M5CL,02/23/2026 11:49:36 AM,8M5CL,D1D,1,6336465
D509882,42,GM0GJ042JKH2,0,0,0,0,0,0,0,1.2250675095,0,0,0,0,0,0,0,1.9864492681,0,1.66474229,0,3.9247490413,D5098820,PXMG,05/18/2025 12:05:26 PM,BPD450,8M5CL,8M5CL,02/23/2026 11:49:22 AM,8M5CL,D1D,2,6336388
D507825,18,GH4JT018JKB3,0,0,0,0,0,0,0.2387923778,0,0,0,0,0,0,0,0,7.1702216152,0,4.5084302657,0,11.917444259,D5078250,PXMG,05/24/2025 10:17:33 PM,BPD442,8M5CL,8M5CL,02/20/2026 11:21:26 AM,8M5CL,D1D,1,6233598
D507825,19,GH4JT019JKF5,0,0,0,0,0,0,0.4560838206,0,0,0,0,0,0,0,0,0,0,4.9275006571,0,5.3835844778,D5078250,PXMG,05/24/2025 10:17:33 PM,BPD442,8M5CL,8M5CL,02/20/2026 11:21:38 AM,8M5CL,D1D,2,6233559
D507825,20,GH4JT020JKB3,0,0,0,0,0,0,0.4799599019,3.5512286849,0,0,0,0,0,0,0,0,0,5.3275566708,0,9.3587452576,D5078250,PXMG,05/24/2025 10:17:33 PM,BPD442,8M5CL,8M5CL,02/20/2026 11:21:34 AM,8M5CL,D1D,3,6233645
D508886,209,GM1QH209JKE1,0,0,0,0,0,0,0,1.025170262,0,0.4494483403,0,0,0,0,0,1.0296647454,0,0.7362391861,0,3.2405225338,D5088860,PXSB,05/28/2025 3:11:11 PM,BPD450,8M5CL,8M5CL,02/23/2026 11:45:30 AM,8M5CL,D1D,1,6274408
D508886,210,GM1QH210JKH2,1.6542052356,0,0,0,0,0,0,2.6255188188,1.9285755436,0,0,0,0,0,0,1.052442876,0,2.7772376114,0,10.037980085,D5088860,PXSB,05/28/2025 3:11:11 PM,BPD450,8M5CL,8M5CL,02/23/2026 11:45:28 AM,8M5CL,D1D,2,6274384
D508886,212,GM1QH212JKB0,0,0,0,0,0,0,0,0,0,0,0,0,0,0,0,0,0,0,0,0,D5088860,PXSB,05/28/2025 3:11:11 PM,BPD450,8M5CL,8M5CL,02/23/2026 11:46:06 AM,8M5CL,D1D,3,6274372
D508886,213,GM1QH213JKF2,0,0,0,0,0,0,0.3237247982,0.8083735045,5.502153003,0,0,0,0,0,0,4.3977749618,0,4.2514174604,0,14.753077564,D5088860,PXSB,05/28/2025 3:11:11 PM,BPD450,8M5CL,8M5CL,02/23/2026 11:45:18 AM,8M5CL,D1D,4,6274400
D508886,214,GM1QH214JKC1,0,0,0,0,0,0,0,1.0178998896,0,0,0,0,0,0,0,4.0012603386,0,0,0.7053047461,5.7244649743,D5088860,PXSB,05/28/2025 3:11:11 PM,BPD450,8M5CL,8M5CL,02/23/2026 11:46:16 AM,8M5CL,D1D,5,6274494
D508886,215,GM1QH215JKG3,0,0,0,0,0,0,0,12.281670293,0,0,0,0,0,0,0,0,0,0,0,12.281670293,D5088860,PXSB,05/28/2025 3:11:11 PM,BPD450,8M5CL,8M5CL,02/23/2026 11:46:35 AM,8M5CL,D1D,6,6274483
D508886,226,GM1QH226JKA3,0,0,0,0,0,0,0.2146302481,0,0,0,0,0,0,0,0,0.7002046214,0,0,0,0.9148348695,D5088860,PXSB,05/28/2025 3:11:11 PM,BPD450,8M5CL,8M5CL,02/23/2026 11:46:43 AM,8M5CL,D1D,7,6274280
D508886,227,GM1QH227JKE5,0,0,0,0,0,0,0,0,0,0,0,0,0,0,0,0,0,1.4724783721,0,1.4724783721,D5088860,PXSB,05/28/2025 3:11:11 PM,BPD450,8M5CL,8M5CL,02/23/2026 11:44:37 AM,8M5CL,D1D,8,6274478
D508886,228,GM1QH228JKB4,0,0,0,0,0,0,0.4964121382,0,0,0,0,0,0,0,0,2.6728903574,0,0,0,3.1693024956,D5088860,PXSB,05/28/2025 3:11:11 PM,BPD450,8M5CL,8M5CL,02/23/2026 11:46:21 AM,8M5CL,D1D,9,6274519
D508886,230,GM1QH230JKB4,0.5442258074,0,0,0,0,0,0,0,2.5662127489,0,0,0,0,0,0,4.7014649599,0,0,0,7.8119035162,D5088860,PXSB,05/28/2025 3:11:11 PM,BPD450,8M5CL,8M5CL,02/23/2026 11:46:25 AM,8M5CL,D1D,10,6274371
D508886,231,GM1QH231JKF6,0,0,0,0,0,0,0,0,0.5924157172,0,0,0,0,0,0,0,0,1.1246909659,0,1.7171066831,D5088860,PXSB,05/28/2025 3:11:11 PM,BPD450,8M5CL,8M5CL,02/23/2026 11:46:41 AM,8M5CL,D1D,11,6274530
D508886,232,GM1QH232JKC5,0,0,0,0,0,0,0.0835719185,0,3.2829460244,0,0,0,0,0,0.3292938019,14.108632233,0,0.7812222274,0,18.558131907,D5088860,PXSB,05/28/2025 3:11:11 PM,BPD450,8M5CL,8M5CL,02/23/2026 11:45:13 AM,8M5CL,D1D,12,6274433
D508838,428,MC2GU428WAB0,0,0,0,0,0,0,0,0,6.3181152402,0,0,0,0,0,0,9.3977915442,0,26.254226467,0,40.679669947,D5088380,PNCB,05/27/2025 9:31:29 AM,BPD434,8M5CL,8M5CL,02/20/2026 9:34:12 AM,8M5CL,D1D,1,6283382
D508838,431,MC2GU431WAF2,0,0,0,0,0,0,0.3443031115,1.4365524681,2.0583128814,0,0,0,0,0,0,2.6477172947,0,10.682792066,0,17.169677821,D5088380,PNCB,05/27/2025 9:31:29 AM,BPD434,8M5CL,8M5CL,02/20/2026 9:33:50 AM,8M5CL,D1D,2,6283370
D508838,470,MC2GU470WAE2,0,0,0,0,0,0,0,0,2.3622736372,0,0,0,0,0,0,2.7400101236,0,10.857000975,0.7230149291,16.433581458,D5088380,PNCB,05/27/2025 9:31:29 AM,BPD434,8M5CL,8M5CL,02/20/2026 9:34:35 AM,8M5CL,D1D,3,6283351
D508838,482,MC2GU482WAC4,0,0,0,0,0,0,0,1.2942671473,4.0108804488,0,0,0,0,0,0,5.0876357776,0,7.67546668,0,18.068250054,D5088380,PNCB,05/27/2025 9:31:29 AM,BPD434,8M5CL,8M5CL,02/20/2026 9:32:38 AM,8M5CL,D1D,4,6283349
D508838,519,MC2GU519WAH2,0,0,0,0,0,0,0.2537820755,1.203581991,0,0,0,0,0,0,0,6.3209365871,0,2.1847876444,0,9.963088298,D5088380,PNCB,05/27/2025 9:31:29 AM,BPD434,8M5CL,8M5CL,02/20/2026 9:34:06 AM,8M5CL,D1D,5,6283373
D508838,580,MC2GU580WAA4,0,0,0,0,0,0,0.0852039584,1.1090454933,1.3350235189,0,0,0,0,0,0,0,0,5.4397993886,0,7.5875617806,D5088380,PNCB,05/27/2025 9:31:29 AM,BPD434,8M5CL,8M5CL,02/20/2026 9:33:12 AM,8M5CL,D1D,6,6283315
D508838,592,MC2GU592WAG1,0,0,0,0,0,0,0,0,1.9780238665,0,0,0,0,0,0,4.0180971253,0,8.6124700916,0,14.608591083,D5088380,PNCB,05/27/2025 9:31:29 AM,BPD434,8M5CL,8M5CL,02/20/2026 9:34:45 AM,8M5CL,D1D,7,6283340
D508838,597,MC2GU597WAF2,0,0,0,0,0,0,0,0,0.7076606923,0,0,0,0,0,0,0.8423924634,0,6.1643637669,0,7.7144169226,D5088380,PNCB,05/27/2025 9:31:29 AM,BPD434,8M5CL,8M5CL,02/20/2026 9:33:56 AM,8M5CL,D1D,8,6283376
D508838,599,MC2GU599WAG3,0,0,0,0,0,0,0.5508460261,0,0,0,0,0,0,0,0,6.1778108332,0,4.7027170998,0,11.431373959,D5088380,PNCB,05/27/2025 9:31:29 AM,BPD434,8M5CL,8M5CL,02/20/2026 9:34:46 AM,8M5CL,D1D,9,6283364
D508838,600,MC2GU600WAA4,0,0,0,0,0,0,0,0,0,0,0,0,0,0,0,1.6505278586,0,5.4322703295,0.7053047461,7.7881029342,D5088380,PNCB,05/27/2025 9:31:29 AM,BPD434,8M5CL,8M5CL,02/20/2026 9:33:31 AM,8M5CL,D1D,10,6283344
D508838,624,MC2GU624WAE3,0,0,0,0,0,0,0,0.8874557,1.4870858621,0,0,0,0,0,0,0,0,7.4044821789,0,9.7790237411,D5088380,PNCB,05/27/2025 9:31:29 AM,BPD434,8M5CL,8M5CL,02/20/2026 9:33:39 AM,8M5CL,D1D,11,6283360
D508849,19,A1JEN019SLD1,0,0,0,0,0,0,0,0,0,0,0,0,0,0,0,0,0,0.7362391861,0,0.7362391861,D5088490,PNCB,05/28/2025 8:07:59 PM,BPD458,8M5CL,8M5CL,02/20/2026 4:16:46 PM,8M5CL,D1D,1,6284620
D508849,31,A1JC9031SLB1,2.4314513143,0,0,0,0,0,0.2851557099,0.7575002328,0,0,0,0,0,0,0,0,0,2.9980943795,0,6.4722016364,D5088490,PNCB,05/28/2025 8:07:59 PM,BPD458,8M5CL,8M5CL,02/20/2026 4:16:33 PM,8M5CL,D1D,2,6284599
D508849,35,A1JC9035SLD3,0,0,0,0,0,0,0.2730655495,1.143343072,0,0,0,0,0,0,0,1.1483554912,0,2.6046259,0,5.1693900127,D5088490,PNCB,05/28/2025 8:07:59 PM,BPD458,8M5CL,8M5CL,02/20/2026 4:16:39 PM,8M5CL,D1D,3,6284601
D506EEQ,5,A11H2005SLH0,0,0,0,0,0,0,0,0,0,0,0,0,0,0,0,0,0,1.7796057185,0,1.7796057185,D506EEQ0,X78D,06/07/2025 9:07:11 PM,BPD434,8M5CL,8M5CL,10/15/2025 10:20:57 AM,8M5CL,D1D,1,6216625
D506EEQ,7,A11H2007SLA6,0,0,0,0,0,0,0,0.7084808099,5.3875170546,0,0,0,0,0,0,5.3628457873,0,17.767166274,0,27.818543492,D506EEQ0,X78D,06/07/2025 9:07:11 PM,BPD434,8M5CL,8M5CL,09/20/2025 2:14:36 PM,8M5CL,D1D,2,6216543
D506EEQ,9,A11H2009SLB7,0,0,0,0,0,0,0.7183675084,0.7486208056,0.5421865422,0,0,0,0,0,0,7.2224309414,0,13.455268622,0,22.686874419,D506EEQ0,X78D,06/07/2025 9:07:11 PM,BPD434,8M5CL,8M5CL,09/28/2025 5:09:42 PM,8M5CL,D1D,3,6216522
D506EEQ,10,A11H2010SLF0,0,0,0,0,0,0,0.2444362409,0,0.542268748,0,0,0,0,0,0,0,0,3.133334432,0,3.9200394209,D506EEQ0,X78D,06/07/2025 9:07:11 PM,BPD434,8M5CL,8M5CL,09/20/2025 2:14:35 PM,8M5CL,D1D,4,6216597
D506EEQ,12,A11H2012SLG1,0,0,0,0,0,0,0.2444362409,0,2.2066501424,0,0,0,0,0,0,1.2459128784,0,3.4938956861,0,6.6666148086,D506EEQ0,X78D,06/07/2025 9:07:11 PM,BPD434,8M5CL,8M5CL,09/28/2025 2:12:20 PM,8M5CL,D1D,5,6216629
D506EEQ,13,A11H2013SLD0,0,0,0,0,0,0,0,2.5088209123,1.0382635003,0,0,0,0,0,0,1.5367706088,0,3.1758487731,0,8.2597037945,D506EEQ0,X78D,06/07/2025 9:07:11 PM,BPD434,8M5CL,8M5CL,09/28/2025 6:57:21 AM,8M5CL,D1D,6,6216520
D506EEQ,15,A11H2015SLE1,0,0,0,0,0,0,0,0,0,0,0,0,0,0,0,3.7371720088,0,4.8773060724,0,8.6144780812,D506EEQ0,X78D,06/07/2025 9:07:11 PM,BPD434,8M5CL,8M5CL,09/29/2025 1:03:59 AM,8M5CL,D1D,7,6216483
D506EEQ,16,A11H2016SLB0,0,0,0,0,0,0,1.7166088756,1.0297549045,0.9149509545,0,0,0,0,0,0,0,1.6216643814,2.4721917519,0,7.7551688904,D506EEQ0,X78D,06/07/2025 9:07:11 PM,BPD434,8M5CL,8M5CL,09/20/2025 2:14:49 PM,8M5CL,D1D,8,6216631
D506EEQ,17,A11H2017SLF2,0,0,0,0,0,0,0.3760900085,0,3.4785913432,0,0,0,0,0,0,6.621066577,0,6.8680244399,0,15.98520159,D506EEQ0,X78D,06/07/2025 9:07:11 PM,BPD434,8M5CL,8M5CL,09/28/2025 12:04:38 PM,8M5CL,D1D,9,6216634
D506EEQ,18,A11H2018SLC1,0,0,0,0,0,0,0.2342790845,0,2.2739808564,0,0,0,0,0,0,6.2067760521,0,6.1766210052,0,14.641999789,D506EEQ0,X78D,06/07/2025 9:07:11 PM,BPD434,8M5CL,8M5CL,09/20/2025 2:14:50 PM,8M5CL,D1D,10,6216591
D506EEQ,161,A11HP161SLF2,0,0,0,0,0,0,0,0,0,0,0,0,0,0,0,0,0,2.480900876,0,2.480900876,D506EEQ0,X78D,06/07/2025 9:07:11 PM,BPD434,8M5CL,8M5CL,09/28/2025 8:10:53 AM,8M5CL,D1D,11,6216585
D506EEQ,164,A11HP164SLD2,0,0,0,0,0,0,0.2444362409,0,0.8321906972,0,0,0,0,0,0,1.2459128784,0,6.8560805822,0,9.1786203987,D506EEQ0,X78D,06/07/2025 9:07:11 PM,BPD434,8M5CL,8M5CL,09/28/2025 9:50:26 PM,8M5CL,D1D,12,6216567
D509873,624,GG6HQ624JKC1,0,0,0,0,0,0,0,0,2.5224366785,0,0,0,0,0,0,3.3010557172,0,11.06089546,0,16.884387856,D5098730,PNCB,06/07/2025 2:33:04 PM,BPD458,8M5CL,8M5CL,02/20/2026 4:17:05 PM,8M5CL,D1D,1,6333384
D509873,630,GG6HQ630JKE3,0,0,0,0,0,0,0.8925218239,0,2.4108714505,0,0,0,0,0,0,0,0,9.5353206571,0,12.838713931,D5098730,PNCB,06/07/2025 2:33:04 PM,BPD458,8M5CL,8M5CL,02/20/2026 4:16:30 PM,8M5CL,D1D,2,6333323
D509873,632,GG6HQ632JKF4,0,0,0,0,0,0,0.1608961842,0,2.6399329265,0,0,0,0,0,0,0,0,14.784806767,0,17.53706144,D5098730,PNCB,06/07/2025 2:33:04 PM,BPD458,8M5CL,8M5CL,02/20/2026 4:17:11 PM,8M5CL,D1D,3,6333284
D509873,701,GG6HQ701JKB5,0,0,0,0,0,0,0,1.4100728906,0,0,0,0,0,0,0,0,0,22.419550566,0,23.829623456,D5098730,PNCB,06/07/2025 2:33:04 PM,BPD458,8M5CL,8M5CL,02/20/2026 4:17:24 PM,8M5CL,D1D,4,6333342
D509873,859,GG6HQ859JKF5,0,0,0,0,0,0,0,24.165155789,0,0,0,0,0,16.987887428,0,0,0,0,8.0877893519,45.722657003,D5098730,PNCB,06/07/2025 2:33:04 PM,BPD458,8M5CL,8M5CL,02/20/2026 4:16:37 PM,8M5CL,D1D,5,6333266
D509873,889,GG6HQ889JKE3,0,0,0,0,0,0,0.3163737947,1.0778621581,2.6014667885,0,0,0,0,0,0,0,0,18.740131156,1.4866428834,24.222476781,D5098730,PNCB,06/07/2025 2:33:04 PM,BPD458,8M5CL,8M5CL,02/20/2026 4:17:33 PM,8M5CL,D1D,6,6333365
D508845,2,GM1QH002JKF5,0,0,0,0,0,0,0,1.0178998896,1.127765076,0,0,0,0,0,0,1.6505278586,0,12.947091581,0.3032449149,16.087844004,D5088450,PNCB,06/12/2025 10:17:45 PM,BPD432,8M5CL,8M5CL,02/20/2026 9:55:05 AM,8M5CL,D1D,1,6283795
D508845,6,GM1QH006JKA4,0,0,0,0,0,0,0,0,0.588214383,0,0,0,0,0,0,0.7002046214,0,9.253538767,0,10.541957771,D5088450,PNCB,06/12/2025 10:17:45 PM,BPD432,8M5CL,8M5CL,02/20/2026 9:54:59 AM,8M5CL,D1D,2,6283804
D508845,7,GM1QH007JKE6,0,0,0,0,0,0,0,1.0838082888,0,0,0,0,0,0,0,0,1.4661689735,7.8014215604,0,10.351398823,D5088450,PNCB,06/12/2025 10:17:45 PM,BPD432,8M5CL,8M5CL,02/20/2026 9:54:53 AM,8M5CL,D1D,3,6283723
D508845,10,GM1QH010JKB5,0,0,0,0,0,0,0,3.1255030496,0,0,0,0,0,0,0,1.0750021609,0,9.784011238,0,13.984516449,D5088450,PNCB,06/12/2025 10:17:45 PM,BPD432,8M5CL,8M5CL,02/20/2026 9:55:04 AM,8M5CL,D1D,4,6283827
D509868,763,GL8FZ763JKC5,0,0,0,0,0,0,1.3433176203,1.5255282579,0,0,0,0,0,0,0,3.4434142157,0,3.1827298979,0,9.4949899918,D509868C,PNCB,06/13/2025 2:20:43 PM,BPD444,8M5CL,8M5CL,02/19/2026 12:43:47 PM,8M5CL,D1D,1,6744067
D509868,764,GL8FZ764JKG7,0,0,0,0,0,0,1.7455176813,1.0155623325,0,0,0,0,0,0,2.5679127904,4.323418216,0,2.5787505555,0.7053047461,12.80838519,D509868C,PNCB,06/13/2025 2:20:43 PM,BPD444,8M5CL,8M5CL,02/19/2026 12:43:30 PM,8M5CL,D1D,2,6744047
D509868,765,GL8FZ765JKD6,0,0,0,0,0,0,1.9879185702,2.2327930076,0,0,0,0,0,0,0,2.1696626376,0,1.6862124603,0,8.0765866757,D509868C,PNCB,06/13/2025 2:20:43 PM,BPD444,8M5CL,8M5CL,02/19/2026 12:43:41 PM,8M5CL,D1D,3,6744046
D509868,766,GL8FZ766JKA5,0,0,0,0,0,0,0.4182102261,0,0.588214383,0,0,0,0,0,0,0,1.7425426085,0,2.5560124995,5.304979717,D509868C,PNCB,06/13/2025 2:20:43 PM,BPD444,8M5CL,8M5CL,02/19/2026 12:43:32 PM,8M5CL,D1D,4,6744066
D509868,767,GL8FZ767JKE7,0,0,0,0,0,0,1.0141138328,0.9414765603,2.118761543,0,0,0,0,0,0,2.7254761381,0,3.7262563368,0,10.526088691,D509868C,PNCB,06/13/2025 2:20:43 PM,BPD444,8M5CL,8M5CL,02/19/2026 12:43:33 PM,8M5CL,D1D,5,6744016
D509868,799,GL8FZ799JKE6,0,0,0,0,0,0,0.9586968525,0.9199522653,4.1406412859,0,0,0,0,0,0,2.663163336,0,1.1795129623,0,9.8619667019,D509868C,PNCB,06/13/2025 2:20:43 PM,BPD444,8M5CL,8M5CL,02/19/2026 12:43:44 PM,8M5CL,D1D,6,6744018
D508885,238,GM4GK238JKE7,0,0,0,0,0,0,0.5611858471,1.2522994962,1.5064769613,0,0,0,0,0,0,0,0,7.7621751752,0.5167127596,11.472367147,D5088850,PNCB,06/10/2025 10:08:52 AM,BPD432,8M5CL,8M5CL,02/20/2026 9:54:59 AM,8M5CL,D1D,1,6274731
D508885,239,GM4GK239JKB6,0,0,0,0,0,0,0.4147252457,2.4513297723,0,0,0,0,0,0,0,3.9223848913,0,5.9221132517,0.8492668827,13.559822184,D5088850,PNCB,06/10/2025 10:08:52 AM,BPD432,8M5CL,8M5CL,02/20/2026 9:55:03 AM,8M5CL,D1D,2,6274736
D508885,240,GM4GK240JKE7,0,0,0,0,0,0,0.1649040322,0,0.588214383,0,0,0,0,0,0,3.3010557172,0,2.3201317317,1.0465880911,7.4208939552,D5088850,PNCB,06/10/2025 10:08:52 AM,BPD432,8M5CL,8M5CL,02/20/2026 9:55:04 AM,8M5CL,D1D,3,6274582
D508885,241,GM4GK241JKB6,0,0,0,0,0,0,0.2837945235,0,1.8356754357,0,0,0,0,0,0,0,0,2.3354191856,0.7486525212,5.0166096805,D5088850,PNCB,06/10/2025 10:08:52 AM,BPD432,8M5CL,8M5CL,02/20/2026 9:54:59 AM,8M5CL,D1D,4,6274694
D508885,242,GM4GK242JKG0,0,0,0,0,0,0,0,1.3013818213,1.2831063744,0,0,0,0,0,0,0.7002046214,0,0,1.5855012686,4.8701940857,D5088850,PNCB,06/10/2025 10:08:52 AM,BPD432,8M5CL,8M5CL,02/20/2026 9:55:10 AM,8M5CL,D1D,5,6274765
D508885,243,GM4GK243JKC7,0,0,0,0,0,0,0.2050340524,0,0.5924157172,0,0,0,0,0,0,0,0.9329263407,4.9965814063,0,6.6564262306,D5088850,PNCB,06/10/2025 10:08:52 AM,BPD432,8M5CL,8M5CL,02/20/2026 9:54:56 AM,8M5CL,D1D,6,6274616
D507899,479,GM2AZ479JKB7,0,0,0,0,0,0,0,0,0,3.2305790243,0,0,0,0,0,5.0690710029,4.0982668683,1.122544315,0,13.520461211,D5078990,PNCB,06/10/2025 4:09:51 AM,BPD446,8M5CL,8M5CL,06/07/2026 7:26:03 PM,8M5CL,D1D,1,6270736
D507899,480,GM2AZ480JKF0,0,0,0,0,0,0,0,0,0.588214383,0,0,0,0,0,0,1.7225671201,0,1.8477326806,0,4.1585141837,D5078990,PNCB,06/10/2025 4:09:51 AM,BPD446,8M5CL,8M5CL,02/23/2026 4:14:38 PM,8M5CL,D1D,2,6270706
D507899,481,GM2AZ481JKB7,1.1829202088,0,0,0,0,0,0.2675137924,3.6639820589,0.6724924298,0,0,0,0,0,0,4.5514392092,0,4.8692762341,0,15.207623933,D5078990,PNCB,06/10/2025 4:09:51 AM,BPD446,8M5CL,8M5CL,02/23/2026 4:14:26 PM,8M5CL,D1D,3,6270701
D507899,482,GM2AZ482JKG1,0,0,0,0,0,0,1.243580408,0,1.2831063744,0,0,0,0,0,0,0,0,1.5255748033,0.3032449149,4.3555065006,D5078990,PNCB,06/10/2025 4:09:51 AM,BPD446,8M5CL,8M5CL,02/23/2026 4:15:04 PM,8M5CL,D1D,4,6270744
D507899,483,GM2AZ483JKD0,0,0,0,0,0,0,1.7490175152,1.2839561957,6.0111361266,0,0,0,0,0,0,0,1.7369273549,1.8484226467,0,12.629459839,D5078990,PNCB,06/10/2025 4:09:51 AM,BPD446,8M5CL,8M5CL,02/23/2026 4:13:59 PM,8M5CL,D1D,5,6270684
D507899,484,GM2AZ484JKH2,0,0,0,0,0,0,4.6337480541,0,21.146300693,0,0,0,0,0,0,10.64801274,0,0,0,34.517015008,D5078990,PNCB,06/10/2025 4:09:51 AM,BPD446,8M5CL,8M5CL,06/07/2026 7:24:06 PM,8M5CL,D1D,6,6270712
D508848,40,GM1QH040JKA3,0,0,0,0,0,0,0,0,0,0,0,0,0,0,0,76.462460468,0,0,0,76.462460468,D5088480,PNCB,06/10/2025 7:50:29 AM,BPD448,8M5CL,8M5CL,02/19/2026 10:12:13 AM,8M5CL,D1D,1,6284503
D508848,49,GM1QH049JKB6,0,0,0,0,0,0,0,0,0,0,0,0,0,0,0,0,0,0,0,0,D5088480,PNCB,06/10/2025 7:50:29 AM,BPD448,8M5CL,8M5CL,02/19/2026 10:12:12 AM,8M5CL,D1D,2,6284570
D508848,623,GM3BE623JKA6,0,0,0,0,0,0,0,0,0,0,0,0,0,0,0,0,0,0,0,0,D5088480,PNCB,06/10/2025 7:50:29 AM,BPD448,8M5CL,8M5CL,02/19/2026 10:11:53 AM,8M5CL,D1D,3,6284524
D508848,664,GM3BE664JKA7,0,0,0,0,0,0,0,0,0,0,0,0,0,0,0,0,0,0,0,0,D5088480,PNCB,06/10/2025 7:50:29 AM,BPD448,8M5CL,8M5CL,02/19/2026 10:11:55 AM,8M5CL,D1D,4,6284537
D508848,665,GM3BE665JKF1,0,0,0,0,0,0,0,0,0,0,0,0,0,0,0,0,0,0,0,0,D5088480,PNCB,06/10/2025 7:50:29 AM,BPD448,8M5CL,8M5CL,02/19/2026 10:12:11 AM,8M5CL,D1D,5,6284585
D508848,666,GM3BE666JKC0,0,0,0,0,0,0,0,0,0,0,0,0,0,0,0,0,0,0,0,0,D5088480,PNCB,06/10/2025 7:50:29 AM,BPD448,8M5CL,8M5CL,02/19/2026 10:12:18 AM,8M5CL,D1D,6,6284504
D508848,667,GM3BE667JKG2,0,0,0,0,0,0,0,0,0,0,0,0,0,0,0,0,0,0,0,0,D5088480,PNCB,06/10/2025 7:50:29 AM,BPD448,8M5CL,8M5CL,02/19/2026 10:11:52 AM,8M5CL,D1D,7,6284539
D508848,668,GM3BE668JKD1,0,0,0,0,0,0,0,0,0,0,0,0,0,0,0,0,0,0,0,0,D5088480,PNCB,06/10/2025 7:50:29 AM,BPD448,8M5CL,8M5CL,02/19/2026 10:11:57 AM,8M5CL,D1D,8,6284520
D508848,670,GM3BE670JKD1,0,0,0,0,0,0,0,0,0,0,0,0,0,0,0,0,0,0,0,0,D5088480,PNCB,06/10/2025 7:50:29 AM,BPD448,8M5CL,8M5CL,02/19/2026 10:12:09 AM,8M5CL,D1D,9,6284553
D508848,671,GM3BE671JKA0,0,0,0,0,0,0,0,0,0,0,0,0,0,0,0,0,0,0,0,0,D5088480,PNCB,06/10/2025 7:50:29 AM,BPD448,8M5CL,8M5CL,02/19/2026 10:12:17 AM,8M5CL,D1D,10,6284586
D508848,672,GM3BE672JKE2,0,0,0,0,0,0,0,0,0,0,0,0,0,0,0,0,0,0,0,0,D5088480,PNCB,06/10/2025 7:50:29 AM,BPD448,8M5CL,8M5CL,02/19/2026 10:11:58 AM,8M5CL,D1D,11,6284565
D508848,673,GM3BE673JKB1,0,0,0,0,0,0,0,0,0,0,0,0,0,0,0,0,0,0,0,0,D5088480,PNCB,06/10/2025 7:50:29 AM,BPD448,8M5CL,8M5CL,02/19/2026 10:12:03 AM,8M5CL,D1D,12,6284542
D509874,651,GG7TG651JKA1,8.2160868796,0,0,0,0,0,0.3134088886,3.2040251883,0,0.4776201903,0,0,0,0,0,0,0,8.8273195006,0,21.038462788,D5098740,PNCB,06/11/2025 9:32:06 AM,BPD446,8M5CL,8M5CL,02/23/2026 4:14:58 PM,8M5CL,D1D,1,6336102
D509874,652,GG7TG652JKE3,0,0,0,0,0,0,0.2431059444,1.0155623325,0,0,0,0,0,0,0,0,0,3.4368465376,0.5236128033,5.2191276178,D5098740,PNCB,06/11/2025 9:32:06 AM,BPD446,8M5CL,8M5CL,02/23/2026 4:13:43 PM,8M5CL,D1D,2,6336132
D509874,653,GG7TG653JKB2,0,0,0,0,0,0,0.244842334,1.4603389865,2.4332362663,0,0,0,0,0,0,0,0,3.3974014068,0,7.5358189936,D5098740,PNCB,06/11/2025 9:32:06 AM,BPD446,8M5CL,8M5CL,02/23/2026 4:14:38 PM,8M5CL,D1D,3,6336193
D509874,654,GG7TG654JKF4,0,0,0,0,0,0,0.3795342803,0,0,0,0,0,0,0,0,0,0,1.5255748033,0,1.9051090836,D5098740,PNCB,06/11/2025 9:32:06 AM,BPD446,8M5CL,8M5CL,02/23/2026 4:14:26 PM,8M5CL,D1D,4,6336228
D509874,688,GG7TG688JKG4,0,0,0,0,0,0,0.9146223643,0,0,0,0,0,0,0,0,3.3010557172,0,1.5878388257,0,5.8035169072,D5098740,PNCB,06/11/2025 9:32:06 AM,BPD446,8M5CL,8M5CL,02/23/2026 4:14:33 PM,8M5CL,D1D,5,6336189
D509874,689,GG7TG689JKD3,0,0,0,0,0,0,1.3472214001,2.1346313499,1.2453871074,0,0,0,0,0,0,0,0,7.9253815529,0,12.365445323,D5098740,PNCB,06/11/2025 9:32:06 AM,BPD446,8M5CL,8M5CL,02/23/2026 4:14:44 PM,8M5CL,D1D,6,6336214
D510804,9,MC1CG009WAC6,0,0,0,0,0,0,0,0,1.9795885128,0,0,0,0,0,0,0,0,0,0,1.9795885128,D5108040,PXMG,06/19/2025 4:18:35 AM,BPD458,8M5CL,8M5CL,02/20/2026 4:01:20 PM,8M5CL,D1D,1,6351109
D510804,22,MC1CG022WAE1,0,0,0,0,0,0,0,0,0,0,0,0,0,0,0,0,0,0,0,0,D5108040,PXMG,06/19/2025 4:18:35 AM,BPD458,8M5CL,8M5CL,02/20/2026 4:01:40 PM,8M5CL,D1D,2,6351185
D510804,41,MC1CG041WAB4,0,0,0,0,0,0,0,0,1.339667597,0.4659327515,0,0,0,0,0,0,0,0,0,1.8056003485,D5108040,PXMG,06/19/2025 4:18:35 AM,BPD458,8M5CL,8M5CL,02/20/2026 4:01:45 PM,8M5CL,D1D,3,6351173
D510804,47,MC1CG047WAE7,0,0,0,0,0,0,0,0,0.6483875796,0,0,0,0,0,0,1.8193764269,0,0,0,2.4677640064,D5108040,PXMG,06/19/2025 4:18:35 AM,BPD458,8M5CL,8M5CL,02/20/2026 4:01:27 PM,8M5CL,D1D,4,6351178
D510804,159,MC1CG159WAC2,1.2520922082,0,0,0,0,0,0,0,2.9457888222,0.5077025133,0,0,0,0,0,1.1631234587,0,0,0,5.8687047837,D5108040,PXMG,06/19/2025 4:18:35 AM,BPD458,8M5CL,8M5CL,02/20/2026 4:02:04 PM,8M5CL,D1D,5,6351118
D510804,204,MC1CG204WAB7,1.350928275,0,0,0,0,0,0,0,0,0,0,0,0,0,0,2.0260020528,0,0,0,3.3769303279,D5108040,PXMG,06/19/2025 4:18:35 AM,BPD458,8M5CL,8M5CL,02/20/2026 4:00:57 PM,8M5CL,D1D,6,6351227
D510804,214,MC1CG214WAG3,0,0,0,0,0,0,0,0,0,0,0,0,0,0,0,0,0,0,0,0,D5108040,PXMG,06/19/2025 4:18:35 AM,BPD458,8M5CL,8M5CL,02/20/2026 4:01:50 PM,8M5CL,D1D,7,6351158
D510804,221,MC1CG221WAF4,0,0,0,0,0,0,0,0,0,0,0,0,0,0,0,4.5181432353,0,0,0,4.5181432353,D5108040,PXMG,06/19/2025 4:18:35 AM,BPD458,8M5CL,8M5CL,02/20/2026 4:01:32 PM,8M5CL,D1D,8,6351190
D510804,222,MC1CG222WAC3,0,0,0,0,0,0,0.4976041606,0,0,0,0,0,0,0,0,0,0,0,0,0.4976041606,D5108040,PXMG,06/19/2025 4:18:35 AM,BPD458,8M5CL,8M5CL,02/20/2026 4:01:15 PM,8M5CL,D1D,9,6351226
D510804,248,MC1CG248WAA0,0,0,0,0,0,0,0,0,1.3796917374,0,0,0,0,0,0,1.8584926559,0,0,0,3.2381843933,D5108040,PXMG,06/19/2025 4:18:35 AM,BPD458,8M5CL,8M5CL,02/20/2026 4:01:11 PM,8M5CL,D1D,10,6351179
D510804,288,MC1CG288WAD2,0,0,0,0,0,0,0,0,0,0,0,0,0,0,0,2.0751675827,0,0,0,2.0751675827,D5108040,PXMG,06/19/2025 4:18:35 AM,BPD458,8M5CL,8M5CL,02/20/2026 4:01:00 PM,8M5CL,D1D,11,6351204
D509989,259,MC4BY259WAD3,0,0,0,0,0,0,0.1680080701,1.6741544034,0,0,0,0,0,0,0,0,0,2.8027791124,0,4.6449415858,D5099890,PNCB,07/04/2025 1:20:09 AM,BPD446,8M5CL,8M5CL,02/23/2026 3:50:52 PM,8M5CL,D1D,1,6319252
D509989,295,MC4BY295WAE3,0,0,0,0,0,0,0,1.91344284,0,0,0,0,0,0,0,0,0,9.0183457464,2.6508891159,13.582677702,D5099890,PNCB,07/04/2025 1:20:09 AM,BPD446,8M5CL,8M5CL,02/23/2026 3:51:23 PM,8M5CL,D1D,2,6319249
D509989,309,MC4BY309WAC1,0,0,0,0,0,0,0,5.7268193869,0,0,0,0,0,0,0,0,0.7912302606,11.899915293,0,18.417964941,D5099890,PNCB,07/04/2025 1:20:09 AM,BPD446,8M5CL,8M5CL,02/23/2026 3:51:03 PM,8M5CL,D1D,3,6319263
D509989,348,MC4BY348WAB1,0,0,0,0,0,0,0.1649040322,3.1429518513,0,0,0,0,0,0,0,0,0,3.4355715064,0,6.7434273899,D5099890,PNCB,07/04/2025 1:20:09 AM,BPD446,8M5CL,8M5CL,02/23/2026 3:51:22 PM,8M5CL,D1D,4,6319275
D509989,370,MC4BY370WAC6,0,0,0,0,0,0,0,1.4723358765,0,0,0,0,0,0,0,0,0,6.2826162472,0.4400982613,8.1950503849,D5099890,PNCB,07/04/2025 1:20:09 AM,BPD446,8M5CL,8M5CL,02/23/2026 3:51:55 PM,8M5CL,D1D,5,6319287
D509989,371,MC4BY371WAH0,0,0,0,0.1509375941,0,0,0,2.2350809137,2.1032491546,0,0,0,0,0,0,0,0,11.462270322,0.8405411642,16.256948833,D5099890,PNCB,07/04/2025 1:20:09 AM,BPD446,8M5CL,8M5CL,02/23/2026 3:52:11 PM,8M5CL,D1D,6,6319204
D509989,404,MC4BY404WAC1,0,0,0,0,0,0,0.3795342803,2.1250519616,0,0,0,0,0,0,0,0,0,3.7821674813,0,6.2867537233,D5099890,PNCB,07/04/2025 1:20:09 AM,BPD446,8M5CL,8M5CL,02/23/2026 3:52:01 PM,8M5CL,D1D,7,6319264
D509989,408,MC4BY408WAE3,0,0,0,0,0,0,0.4071599559,3.9090947099,0,0,0,0,0,0,0,0,0.5618637387,3.1756776515,0,8.0537960559,D5099890,PNCB,07/04/2025 1:20:09 AM,BPD446,8M5CL,8M5CL,02/23/2026 3:51:44 PM,8M5CL,D1D,8,6319308
D509989,484,MC4BY484WAB2,0,0,0,0,0,0,0.2146302481,2.1250519616,1.2253049611,0,0,0,0,0,0,0,0,12.05180719,0,15.616794361,D5099890,PNCB,07/04/2025 1:20:09 AM,BPD446,8M5CL,8M5CL,02/23/2026 3:51:52 PM,8M5CL,D1D,9,6319238
D509989,677,MC4BW677WAH0,0,0,0,0,0,0,0,18.451117253,0,0,0,0,0,0,0,0,0,25.713286378,0,44.164403632,D5099890,PNCB,07/04/2025 1:20:09 AM,BPD446,8M5CL,8M5CL,02/23/2026 3:51:35 PM,8M5CL,D1D,10,6319236
D509989,799,MC4BW799WAB4,0,0,0,0,0,0,0.2161632494,2.140230192,0,0,0,0,0,0,0,0,0,1.1246909659,0,3.4810844074,D5099890,PNCB,07/04/2025 1:20:09 AM,BPD446,8M5CL,8M5CL,02/23/2026 3:50:47 PM,8M5CL,D1D,11,6319273
D509989,942,MC2HG942WAA0,0,0,0,0,0,0,0,4.5485313454,0,0,0,0,0,0,0,0,0,0.8712266782,0,5.4197580236,D5099890,PNCB,07/04/2025 1:20:09 AM,BPD446,8M5CL,8M5CL,02/23/2026 3:52:19 PM,8M5CL,D1D,12,6319201
D508836,320,GH1AB320JKD5,0,0,0,0,0,0,0,2.3871452453,0,0,0,0,0,0,0,0,0,6.1687665883,0,8.5559118336,D5088360,PNCB,07/09/2025 8:03:08 AM,BPD446,8M5CL,8M5CL,02/23/2026 3:50:33 PM,8M5CL,D1D,1,6282434
D508836,323,GH1AB323JKB5,0,0,0,0,0,0,0.3884111155,0,1.35679679,0,0,0,0,0,0,0,0,2.452033908,0,4.1972418135,D5088360,PNCB,07/09/2025 8:03:08 AM,BPD446,8M5CL,8M5CL,02/23/2026 3:51:03 PM,8M5CL,D1D,2,6282430
D508836,358,GH1AB358JKG7,0,0,0,0,0,0,0,0,0,0,0,0,0,0,0,0,2.5656347347,2.4416592033,0,5.007293938,D5088360,PNCB,07/09/2025 8:03:08 AM,BPD446,8M5CL,8M5CL,02/23/2026 3:51:20 PM,8M5CL,D1D,3,6282394
D508836,359,GH1AB359JKD6,0,0,0,0,0,0,1.4212883464,0,3.3099323391,0,0,0,5.125517434,0,0,1.3186557478,0,0,0,11.175391727,D5088360,PNCB,07/09/2025 8:03:08 AM,BPD446,8M5CL,8M5CL,02/23/2026 3:51:23 PM,8M5CL,D1D,4,6282432
D508836,360,GH1AB360JKG7,0,0,0,0,0,0,0,0,1.4138119454,0,0,0,0,0,0,1.8186598448,1.2381976513,0,0,4.4706694415,D5088360,PNCB,07/09/2025 8:03:08 AM,BPD446,8M5CL,8M5CL,02/23/2026 3:50:14 PM,8M5CL,D1D,5,6282412
D508836,361,GH1AB361JKD6,0,0,0,0,0,0,0,1.9053977147,1.0099810483,0,0,0,0,0,0,0,0,0,0,2.915378763,D5088360,PNCB,07/09/2025 8:03:08 AM,BPD446,8M5CL,8M5CL,02/23/2026 3:50:39 PM,8M5CL,D1D,6,6282433
D509879,478,GG7TG478JKD6,0,0,0,0,0,0,0,58.143472162,0,0,0,0,0,0,0,0,0,0,0,58.143472162,D5098790,PXMG,07/08/2025 6:06:59 AM,BPD448,8M5CL,8M5CL,02/19/2026 11:31:55 AM,8M5CL,D1D,1,6333658
D509879,479,GG7TG479JKA5,0,0,0,0,0,0,0,2.4835613454,0,0,3.6989003345,0,0,0,0,0,0,1.7836016664,0,7.9660633463,D5098790,PXMG,07/08/2025 6:06:59 AM,BPD448,8M5CL,8M5CL,02/19/2026 11:31:37 AM,8M5CL,D1D,2,6333737
D507879,176,GH5YA176JKH1,0,0,0,0,0,0,0,5.8234180189,0,0,0,0,0,0,0,0,0,6.5836532331,0,12.407071252,D5078790,PNCB,07/12/2025 7:54:59 PM,BPD458,8M5CL,8M5CL,02/20/2026 4:28:35 PM,8M5CL,D1D,1,6238337
D507879,177,GH5YA177JKE0,0,0,0,0,0,0,0,3.4191268835,1.29227099,0,0,0,0,0,0,3.2807588614,0,25.443424643,0,32.562033583,D5078790,PNCB,07/12/2025 7:54:59 PM,BPD458,8M5CL,8M5CL,02/20/2026 4:27:36 PM,8M5CL,D1D,2,6238350
D507879,178,GH5YA178JKA7,0,0,0,0,0,0,0,0,1.2831063744,0,0,0,0,0,0,8.3246785545,0,15.426555459,0,23.183764388,D5078790,PNCB,07/12/2025 7:54:59 PM,BPD458,8M5CL,8M5CL,02/20/2026 4:29:01 PM,8M5CL,D1D,3,6238381
D507879,179,GH5YA179JKF1,0,0,0,0,0,0,0.2555413447,1.8285120853,0,0,0,0,0,0,0,1.2172366597,1.1028755996,12.1863423,0,16.590505849,D5078790,PNCB,07/12/2025 7:54:59 PM,BPD458,8M5CL,8M5CL,02/20/2026 4:29:10 PM,8M5CL,D1D,4,6238334
D507879,180,GH5YA180JKA7,0,0,0,0,0,0,0.2164301671,1.0821529607,0,0,0,0,0,0,0,1.0868982018,0,10.047766312,0,12.059355375,D5078790,PNCB,07/12/2025 7:54:59 PM,BPD458,8M5CL,8M5CL,02/20/2026 4:28:51 PM,8M5CL,D1D,5,6238331
D507879,181,GH5YA181JKF1,0,0,0,0,0,0,0,1.0627484237,0,0,0,0,0,0,0,0,1.4343779942,11.961761525,0,14.458890083,D5078790,PNCB,07/12/2025 7:54:59 PM,BPD458,8M5CL,8M5CL,02/20/2026 4:27:36 PM,8M5CL,D1D,6,6238374
D507879,223,GH5YA223JKA4,0,0,0,0,0,0,0.078871763,1.2506606346,2.2226076521,0,0,0,0,0,0,4.6702198446,0,27.126987498,0,32.492309164,D5078790,PNCB,07/12/2025 7:54:59 PM,BPD458,8M5CL,8M5CL,02/20/2026 4:28:34 PM,8M5CL,D1D,7,6238363
D507879,224,GH5YA224JKE6,0,0,0,0,0,0,0.1649040322,1.6467920173,0,0,0,0,0,0,0,1.0223624987,0,12.450388311,1.1410657763,16.425510511,D5078790,PNCB,07/12/2025 7:54:59 PM,BPD458,8M5CL,8M5CL,02/20/2026 4:28:45 PM,8M5CL,D1D,8,6238333
D507879,225,GH5YA225JKB5,0,0,0,0,0,0,0,1.4032226633,0.5434044458,0,0,0,0,0,0,0,0.5658768628,5.2160534516,0,7.5338949266,D5078790,PNCB,07/12/2025 7:54:59 PM,BPD458,8M5CL,8M5CL,02/20/2026 4:27:43 PM,8M5CL,D1D,9,6238425
D507879,270,GH5YA270JKC7,0,0,0,0,0,0,0.2342444777,0,0,0,0,0,0,0,0,1.1048570159,0,5.7109963949,0,7.0501000136,D5078790,PNCB,07/12/2025 7:54:59 PM,BPD458,8M5CL,8M5CL,02/20/2026 4:29:00 PM,8M5CL,D1D,10,6238332
D507879,271,GH5YA271JKH1,0,0,0,0,0,0,0,2.7557796573,0,0,0,0,0,0,0,0,0,5.4070775572,0,8.1628572145,D5078790,PNCB,07/12/2025 7:54:59 PM,BPD458,8M5CL,8M5CL,02/20/2026 4:29:18 PM,8M5CL,D1D,11,6238391
D507839,3,A10FZ003SLF5,0,0,0,0,0,0,0,3.5501990062,0,0,0,0,0,0,0,0,0,10.308682253,0,13.858881259,D5078390,PXMG,07/14/2025 5:31:06 PM,BPD432,8M5CL,8M5CL,02/20/2026 10:15:50 AM,8M5CL,D1D,1,6235041
D507839,4,A10FZ004SLC4,0,0,0,0,0,0,0,0,0,0,0,0,0,0,0,0,0,22.558632205,0,22.558632205,D5078390,PXMG,07/14/2025 5:31:06 PM,BPD432,8M5CL,8M5CL,02/20/2026 10:17:00 AM,8M5CL,D1D,2,6235039
D507839,5,A10FZ005SLG6,0,0,0,0,0,0,1.1239496079,1.2619566702,0,0,0,0,0,0,0,1.9922574462,0,24.876682098,0,29.254845822,D5078390,PXMG,07/14/2025 5:31:06 PM,BPD432,8M5CL,8M5CL,02/20/2026 10:15:55 AM,8M5CL,D1D,3,6235089
D507839,11,A10FZ011SLB5,0,0,0,0,0,0,0.4647124515,0,0,0,0,0,0,0,0,0,0,8.7462766137,0,9.2109912838,D5078390,PXMG,07/14/2025 5:31:06 PM,BPD432,8M5CL,8M5CL,02/20/2026 10:16:55 AM,8M5CL,D1D,4,6235071
D507839,12,A10FZ012SLF7,0,0,0,0,0,0,0,1.4458373646,0,0,0,0,0,0,0,0,0,30.856126877,0,31.804595397,D5078390,PXMG,07/14/2025 5:31:06 PM,BPD432,8M5CL,8M5CL,02/20/2026 10:15:53 AM,8M5CL,D1D,5,6235097
D507839,15,A10FZ015SLD7,0,0,0,0,0,0,0,0,0,0,0,0,0,0,0,2.4537571804,0,9.342927908,0,11.796685088,D5078390,PXMG,07/14/2025 5:31:06 PM,BPD432,8M5CL,8M5CL,02/20/2026 10:17:08 AM,8M5CL,D1D,6,6235073
D507839,150,A10FZ150SLH1,0,0,0,0,0,0,1.0896533775,0,4.7955788642,0,0,0,0,0,0,4.0643504684,0,6.9870538459,0,16.936634357,D5078390,PXMG,07/14/2025 5:31:06 PM,BPD432,8M5CL,8M5CL,02/20/2026 10:15:35 AM,8M5CL,D1D,7,6235076
D507839,299,A11J4299SLD1,0,0,0,0,0,0,0,0,0,0,0,0,0,0,0,0,0,28.756577338,0,28.756577338,D5078390,PXMG,07/14/2025 5:31:06 PM,BPD432,8M5CL,8M5CL,02/20/2026 10:16:48 AM,8M5CL,D1D,8,6235105
D507839,300,A11J4300SLE5,0,0,0,0,0,0,0,1.2757724861,2.8710791313,0,0,0,0,0,0,0,0,2.4987617425,0,6.6456133599,D5078390,PXMG,07/14/2025 5:31:06 PM,BPD432,8M5CL,8M5CL,02/20/2026 10:17:04 AM,8M5CL,D1D,9,6235115
D507839,356,A11HV356SLA3,0,0,0,0,0,0,0.223769577,0,0.5930608533,0,0,0,0,0,0,0,0,0.8035186146,0,1.6203512441,D5078390,PXMG,07/14/2025 5:31:06 PM,BPD432,8M5CL,8M5CL,02/20/2026 10:16:25 AM,8M5CL,D1D,10,6234998
D507839,357,A11HV357SLE5,0,0,0,0,0,0,0,1.3147690382,0,0,0,0,0,0,0,1.3235729485,0,10.599861379,0,13.238203366,D5078390,PXMG,07/14/2025 5:31:06 PM,BPD432,8M5CL,8M5CL,02/20/2026 10:16:38 AM,8M5CL,D1D,11,6235090
D507839,359,A11HV359SLF6,0,0,0,0,0,0,0.2125540838,1.487931836,1.7911098399,0,0,0,0,0,0,0,0,5.5267811434,0,9.0183769031,D5078390,PXMG,07/14/2025 5:31:06 PM,BPD432,8M5CL,8M5CL,02/20/2026 10:16:59 AM,8M5CL,D1D,12,6235078
D508804,71,GH1TV071JKB5,0,0,0,0,0,0,0.2161632494,0,2.1790668091,0.5335251432,0,0,0,0,0,0,0,1.8238913283,1.9130661595,6.6657148297,D5088040,PNCB,07/31/2025 1:58:01 AM,BPD444,8M5CL,8M5CL,02/19/2026 1:42:36 PM,8M5CL,D1D,1,6275063
D508804,86,GH1TV086JKF2,0,0,0,0,0,0,0,0,0,0,0,0,0,0,0,1.1259694071,0,1.277691742,1.9030414081,4.3067025572,D5088040,PNCB,07/31/2025 1:58:01 AM,BPD444,8M5CL,8M5CL,02/19/2026 1:42:30 PM,8M5CL,D1D,2,6274998
D508804,116,GH1TV116JKC3,0,0,0,0,0,0,0,1.2483936506,0,0,0,0,0,1.1704658702,0,1.2538656594,0,0.9744765778,0.8650130262,5.0433943208,D5088040,PNCB,07/31/2025 1:58:01 AM,BPD444,8M5CL,8M5CL,02/19/2026 1:42:24 PM,8M5CL,D1D,3,6274934
D508804,117,GH1TV117JKG5,0,0,0,0,0,0,0,0,1.380003306,0,0,0,0,0,0,1.0995689439,0,3.2801938406,1.7052348262,7.4649987765,D5088040,PNCB,07/31/2025 1:58:01 AM,BPD444,8M5CL,8M5CL,02/19/2026 1:42:14 PM,8M5CL,D1D,4,6274763
D508804,118,GH1TV118JKD4,0,0,1.0673349734,0,0,0,0.233235078,0,3.6139398678,0,0,0,0,0,0,3.7320205051,0,0,0.6777959484,9.3243284979,D5088040,PNCB,07/31/2025 1:58:01 AM,BPD444,8M5CL,8M5CL,02/19/2026 1:42:08 PM,8M5CL,D1D,5,6275007
D508804,119,GH1TV119JKA3,0,0,0,0,0,0,0.2161632494,1.2405844308,2.2213984221,0,0,0,0,0,0,6.1226378391,0,15.57280927,6.4614041751,30.602755573,D5088040,PNCB,07/31/2025 1:58:01 AM,BPD444,8M5CL,8M5CL,02/19/2026 1:42:33 PM,8M5CL,D1D,6,6274976
D508893,504,GM2AZ504JKH2,0,0,0,0,0,0,0,0,0,0,0,0,0,0,0,2.6728903574,0,5.4091072632,0,8.0819976205,D5088930,PNCB,07/28/2025 4:33:08 PM,BPD442,8M5CL,8M5CL,02/20/2026 11:21:55 AM,8M5CL,D1D,1,6276317
D508893,506,GM2AZ506JKB0,0,0,0,0,0,0,0.6596990059,0,4.4872554721,0,0,0,0,0,0,0,1.4075749179,1.4979300023,0,8.0524572732,D5088930,PNCB,07/28/2025 4:33:08 PM,BPD442,8M5CL,8M5CL,02/20/2026 11:21:36 AM,8M5CL,D1D,2,6276332
D508893,507,GM2AZ507JKF2,0,0,0,0,0,0,0,0,0,0,0,0,0,0,0,0,0,3.0716583716,0,3.0716583716,D5088930,PNCB,07/28/2025 4:33:08 PM,BPD442,8M5CL,8M5CL,02/20/2026 11:21:48 AM,8M5CL,D1D,3,6276366
D508893,509,GM2AZ509JKG3,0,0,0,0,0,0,0,2.0334819308,1.7840980283,0,0,0,0,0,0,1.8148295936,0,2.4451124036,0,8.0775219563,D5088930,PNCB,07/28/2025 4:33:08 PM,BPD442,8M5CL,8M5CL,02/20/2026 11:21:26 AM,8M5CL,D1D,4,6276192
D508893,510,GM2AZ510JKC1,0,0,0,0,0,0,0,0.6045432823,0,0,0,0,0,0,0,7.0535532231,0,10.671889823,0,18.329986329,D5088930,PNCB,07/28/2025 4:33:08 PM,BPD442,8M5CL,8M5CL,02/20/2026 11:21:05 AM,8M5CL,D1D,5,6276304
D508893,511,GM2AZ511JKG3,0,0,0,0,0,0,0.7686743746,1.1468273668,0,0,0,0,0,0,0,1.8595839472,0,5.9785832254,0,9.7536667737,D5088930,PNCB,07/28/2025 4:33:08 PM,BPD442,8M5CL,8M5CL,02/20/2026 11:21:46 AM,8M5CL,D1D,6,6276151
D507895,164,MC1CE164WAG7,0,0,0,0,0,0,0.4615676612,0,7.0271940785,0,0,0,0,0,0,1.2817654667,0,5.3770976055,0,14.147624812,D5078950,PNCB,07/29/2025 9:07:17 AM,BPD448,8M5CL,8M5CL,02/19/2026 10:01:45 AM,8M5CL,D1D,1,6270352
D507895,272,MC1CE272WAC0,0,0,0,0,0,0,0,0,0,0,0,0,0,0,0,1.6069642934,0,7.3211631416,0,8.928127435,D5078950,PNCB,07/29/2025 9:07:17 AM,BPD448,8M5CL,8M5CL,02/19/2026 10:01:31 AM,8M5CL,D1D,2,6270336
D507895,655,MC1RG655WAD6,0,0,0,0,0,0,0.3425930675,1.6088388584,0,0,0,0,0,0,0,0,0,10.798366636,0,12.749798562,D5078950,PNCB,07/29/2025 9:07:17 AM,BPD448,8M5CL,8M5CL,02/19/2026 10:01:18 AM,8M5CL,D1D,3,6270251
D507895,663,MC1RG663WAH1,0,0,0,0,0,0,0.2532705605,0.70931295,1.5962864083,0,0,0,0,0,0,0,1.1524026664,8.5770645245,0,12.28833711,D5078950,PNCB,07/29/2025 9:07:17 AM,BPD448,8M5CL,8M5CL,02/19/2026 10:01:49 AM,8M5CL,D1D,4,6270304
D507895,665,MC1RG665WAA7,0,0,0,0,0,0,0.8063681088,1.0067899651,4.1839830875,0,0,0,0,0,0,0,0,3.4094937074,0,9.4066327286,D5078950,PNCB,07/29/2025 9:07:17 AM,BPD448,8M5CL,8M5CL,02/19/2026 10:01:40 AM,8M5CL,D1D,5,6270238
D507895,701,MC1RG701WAA2,0,0,0,0,0,0,0,1.6102899344,0,0,0,0,0,0,0,0,0,7.238234967,0,8.8485227611,D5078950,PNCB,07/29/2025 9:07:17 AM,BPD448,8M5CL,8M5CL,02/19/2026 10:01:28 AM,8M5CL,D1D,6,6270363
D508888,780,GM1ZY780JKB3,0,0,0,0,0,0,0.5294779468,0,3.3645480197,0,0,0,0,0,0,0,0,2.4733182274,0,6.367346319,D5088880,PNCB,08/03/2025 4:02:39 AM,BPD448,8M5CL,8M5CL,02/19/2026 10:01:07 AM,8M5CL,D1D,1,6274476
D508888,781,GM1ZY781JKF5,0,0,0,0,0,0,0.0894359393,0,0,0,0,0,0,0,0,0.8007842482,0,1.815921111,0,2.7061412985,D5088880,PNCB,08/03/2025 4:02:39 AM,BPD448,8M5CL,8M5CL,02/19/2026 10:01:16 AM,8M5CL,D1D,2,6274406
D507807,66,A10GU066SLC2,0,0,1.0442866598,0,0,0,0.887619329,0,1.8689491994,0,0,0,0,0,0,9.6756080874,0,0,0,13.476463276,D5078070,PNCB,08/04/2025 11:16:09 AM,BPD442,8M5CL,8M5CL,02/20/2026 11:22:01 AM,8M5CL,D1D,1,6266275
D507807,74,A10GU074SLF5,0,0,0,0,0,0,0.1135606518,2.9562575362,0,0,0,0,0,0,0,12.088564214,0,5.6730514671,0,20.831433869,D5078070,PNCB,08/04/2025 11:16:09 AM,BPD442,8M5CL,8M5CL,02/20/2026 11:21:44 AM,8M5CL,D1D,2,6266181
D507807,148,A11E2148SLF6,0,0,0,0,0,0,0.7158173781,2.9951332368,1.1093982519,0,0,0,0,0,0,8.207858073,2.3001562433,0,0,15.328363183,D5078070,PNCB,08/04/2025 11:16:09 AM,BPD442,8M5CL,8M5CL,02/20/2026 11:21:59 AM,8M5CL,D1D,3,6266245
D507807,164,A11FV164SLG7,2.5570346495,0,0,0,0,0,0.2694140877,0,3.3195925455,0,0,0,0,0,0,3.8348092685,0,2.1013215064,2.2211128105,13.601705338,D5078070,PNCB,08/04/2025 11:16:09 AM,BPD442,8M5CL,8M5CL,02/20/2026 11:22:10 AM,8M5CL,D1D,4,6266202
D507807,167,A11FV167SLE7,0,0,0,0,0,0,0,1.3182105799,2.3539664204,0,0,0,0,0,0,9.2955804644,0,2.0610309738,0,15.028790579,D5078070,PNCB,08/04/2025 11:16:09 AM,BPD442,8M5CL,8M5CL,02/20/2026 11:21:24 AM,8M5CL,D1D,5,6266166
D507807,254,A0ZM7254SLG3,0,0,0,0,0,0,0.1649040322,0,3.79151771,0,0,0,0,0,0,3.0509371013,0,3.0498745753,0.5236128033,10.580846222,D5078070,PNCB,08/04/2025 11:16:09 AM,BPD442,8M5CL,8M5CL,02/20/2026 11:21:50 AM,8M5CL,D1D,6,6266268
D507874,654,MC23B654WAC3,0,0,0,0,0,0,0,2.6539561444,0.8078385032,0.6128819862,0,0,0,0,0,0,0,3.0991439051,0.9738411873,8.1476617261,D5078740,PNCB,08/04/2025 9:48:40 AM,BPD442,8M5CL,8M5CL,02/20/2026 11:21:18 AM,8M5CL,D1D,1,6238319
D507874,739,MC23B739WAG3,0,0,0,0,0,0,0,0,1.7967061244,0,0,0,0,0,0,0,0,6.3186551017,0,8.1153612261,D5078740,PNCB,08/04/2025 9:48:40 AM,BPD442,8M5CL,8M5CL,02/20/2026 11:21:24 AM,8M5CL,D1D,2,6238394
D510850,213,GM4GK213JKE1,0,0,0,0,0,0,0,2.9735714797,0,0,0,0,0,4.8211116885,0,0,0,4.1439376791,0,11.938620847,D5108500,PNCB,08/07/2025 4:08:20 AM,BPD432,8M5CL,8M5CL,02/20/2026 9:56:17 AM,8M5CL,D1D,1,6346530
D510850,214,GM4GK214JKB0,0,0,0,0,0,0,0.5021795293,0,1.540734924,0,0,0,0,0,0,1.981929712,0,0.8777952138,0,4.902639379,D5108500,PNCB,08/07/2025 4:08:20 AM,BPD432,8M5CL,8M5CL,02/20/2026 9:56:07 AM,8M5CL,D1D,2,6346379
D510850,215,GM4GK215JKF2,0,0,0,0,0,0,0,2.2875208339,1.4989722817,0,0,0,0,0,0,1.9282082881,0,0,0,5.7147014036,D5108500,PNCB,08/07/2025 4:08:20 AM,BPD432,8M5CL,8M5CL,02/20/2026 9:56:29 AM,8M5CL,D1D,3,6346426
D510850,216,GM4GK216JKC1,0,0,0,0,0,0,0.2697625962,1.1269150553,1.4237954396,0,0,0,0,0,0,1.1344611148,0,3.4547883513,0,6.9855473102,D5108500,PNCB,08/07/2025 4:08:20 AM,BPD432,8M5CL,8M5CL,02/20/2026 9:56:39 AM,8M5CL,D1D,4,6346546
D510850,217,GM4GK217JKG3,0,0,0,0,0,0,0.8346897749,0,11.43240769,0,0,0,0,0,0,4.9869503705,0,1.860930152,1.5968257463,20.664247819,D5108500,PNCB,08/07/2025 4:08:20 AM,BPD432,8M5CL,8M5CL,02/20/2026 9:56:22 AM,8M5CL,D1D,5,6346413
D510850,218,GM4GK218JKD2,0,0,0,0,0,0,0,0,0,0,0,0,0,0,0,1.6505278586,0,2.5787505555,0,4.2292784141,D5108500,PNCB,08/07/2025 4:08:20 AM,BPD432,8M5CL,8M5CL,02/20/2026 9:55:59 AM,8M5CL,D1D,6,6346446
D507980,484,GH0QG484JKG2,1.8734628098,0,0,0,0,0,0.280712989,0,1.0013032338,0,0,0,0,0,0,11.090297679,1.5768353067,7.7397282514,7.0749567464,29.334986547,D5079800,PNCB,08/08/2025 7:48:12 AM,BPD442,8M5CL,8M5CL,02/20/2026 11:21:11 AM,8M5CL,D1D,1,6256098
D507808,78,A10JV078SLC4,0,0,0,0,0,0,0,2.8508018326,0,0,0,0,0,0,0,0,0,4.9369929691,0,7.7877948017,D5078080,PNCB,08/04/2025 6:36:57 PM,BPD436,8M5CL,8M5CL,02/20/2026 11:18:46 AM,8M5CL,D1D,1,6266212
D507808,79,A10JV079SLG6,0,0,0,0,0,0,0.8892998885,1.7838133777,0,0,0,0,0,0,0.5399864981,4.6840949569,0,4.1750198034,1.2360086187,13.308223143,D5078080,PNCB,08/04/2025 6:36:57 PM,BPD436,8M5CL,8M5CL,02/20/2026 11:18:58 AM,8M5CL,D1D,2,6266207
D507808,81,A10JV081SLG6,0,0,0,0,0,0,0.336498813,6.8633463761,3.5433951032,0,0,0,0,0,0,4.7832655128,0,2.2921834357,0,17.818689241,D5078080,PNCB,08/04/2025 6:36:57 PM,BPD436,8M5CL,8M5CL,02/20/2026 11:19:10 AM,8M5CL,D1D,3,6266011
D507808,82,A10JV082SLD5,0,0,0,0,0,0,1.1885734379,1.5571339499,2.7882148023,0,0,0,0,0,0,0,0,1.118276719,0,6.6521989092,D5078080,PNCB,08/04/2025 6:36:57 PM,BPD436,8M5CL,8M5CL,02/20/2026 11:19:16 AM,8M5CL,D1D,4,6266056
D507808,83,A10JV083SLA4,0,0,0,0,0,0,4.4902906923,2.1610161077,0,0,0,0,0,0,0,0,0,0,0,6.6513068,D5078080,PNCB,08/04/2025 6:36:57 PM,BPD436,8M5CL,8M5CL,02/20/2026 11:18:25 AM,8M5CL,D1D,5,6266071
D507808,85,A10JV085SLB5,0,0,0,0,0,0,0.6271088486,3.2292542218,5.6309263732,0,0,0,0,0,0,2.5350213337,2.1100700682,1.7151462322,0,15.847527078,D5078080,PNCB,08/04/2025 6:36:57 PM,BPD436,8M5CL,8M5CL,02/20/2026 11:18:51 AM,8M5CL,D1D,6,6266094
D507960,15,A0YJL015SLG1,0,0,0,0,0,0,0,0,0.810181999,0,0,0,0,0,0,2.3725928438,0.7738879754,2.187024185,0,6.1436870031,D5079600,PNCB,08/15/2025 2:09:27 AM,BPD458,8M5CL,8M5CL,02/20/2026 4:28:26 PM,8M5CL,D1D,1,6233784
D507960,107,A0XTX107SLF0,0,0,0,0,0,0,0,0,0,0,0,0,0,0,0,0,0,8.2882169176,0,8.2882169176,D5079600,PNCB,08/15/2025 2:09:27 AM,BPD458,8M5CL,8M5CL,02/20/2026 4:29:00 PM,8M5CL,D1D,2,6233761
D507960,282,A11FV282SLG4,0,0,0,0,0,0,0.258589073,0,0,0,0,0,0,0,0,1.9885747495,0,0,0,2.2471638225,D5079600,PNCB,08/15/2025 2:09:27 AM,BPD458,8M5CL,8M5CL,02/20/2026 4:28:08 PM,8M5CL,D1D,3,6233832
D507960,283,A11FV283SLD3,0,0,0,0,0,0,0,0,0,0,0,0,0,0,0,0,0,1.1246909659,0.5958400855,1.7205310514,D5079600,PNCB,08/15/2025 2:09:27 AM,BPD458,8M5CL,8M5CL,02/20/2026 4:28:09 PM,8M5CL,D1D,4,6233853
D507960,285,A11FV285SLE4,0,0,0,0,0,0,0.0828739935,0,1.3597759904,0,0,0,0,0,0,2.4450310748,0,2.8001765925,0,6.6878597915,D5079600,PNCB,08/15/2025 2:09:27 AM,BPD458,8M5CL,8M5CL,02/20/2026 4:28:28 PM,8M5CL,D1D,5,6233841
D507960,290,A11FV290SLC4,0,0,0,0,0,0,0,0,0,0,0,0,0,0,0,2.3814947322,0,1.1464400327,0,3.5279347648,D5079600,PNCB,08/15/2025 2:09:27 AM,BPD458,8M5CL,8M5CL,02/20/2026 4:28:01 PM,8M5CL,D1D,6,6233805
D507960,295,A11FV295SLB5,0,0,0,0,0,0,0,25.100794717,0,0,0,0,0,0,0,0,0,0,0,25.100794717,D5079600,PNCB,08/15/2025 2:09:27 AM,BPD458,8M5CL,8M5CL,02/20/2026 4:29:12 PM,8M5CL,D1D,7,6233779
D507960,297,A11FV297SLC6,0,0,0,0,0,0,0,2.4879469707,0,0,0,0,0,0,0,0,0,3.8220359183,0.3705958394,6.6805765881,D5079600,PNCB,08/15/2025 2:09:27 AM,BPD458,8M5CL,8M5CL,02/20/2026 4:28:48 PM,8M5CL,D1D,8,6233836
D507960,299,A11FV299SLD7,0,0,0,0,0,0,0,0,0,0,0,0,0,0,0,2.6949414739,0,0,0,2.6949414739,D5079600,PNCB,08/15/2025 2:09:27 AM,BPD458,8M5CL,8M5CL,02/20/2026 4:28:15 PM,8M5CL,D1D,9,6233812
D508807,576,GH2YF576JKH2,0,0,0,0,0,0,0,1.0691965189,2.6955349111,0,0,0,0,0,0,0,0,5.7207546335,0,8.4784345642,D5088070,PNCB,08/23/2025 10:04:45 PM,BPD458,8M5CL,8M5CL,02/16/2026 1:50:39 PM,8M5CL,D1D,1,6275097
D508807,577,GH2YF577JKE1,0,0,0,0.813287473,0,0,0,3.4496701086,0,0,0,0,0,0,0,6.3647385382,2.4875895522,0,0,12.541061911,D5088070,PNCB,08/23/2025 10:04:45 PM,BPD458,8M5CL,8M5CL,02/16/2026 1:53:39 PM,8M5CL,D1D,2,6275069
D508807,579,GH2YF579JKF2,0,0,0,0,0,0,0.2347147647,0.8115239233,0,0,0,0,0,0,0,8.0444553998,0,3.8495186142,1.0038942336,13.944106936,D5088070,PNCB,08/23/2025 10:04:45 PM,BPD458,8M5CL,8M5CL,02/16/2026 1:54:03 PM,8M5CL,D1D,3,6275030
D508807,580,GH2YF580JKB0,0,0,0,0,0,0,1.3684442111,0,0.9429875579,0,0,0,0,0,0,1.2237664235,0,0,0,3.5351981925,D5088070,PNCB,08/23/2025 10:04:45 PM,BPD458,8M5CL,8M5CL,02/16/2026 1:51:54 PM,8M5CL,D1D,4,6275121
D508807,581,GH2YF581JKF2,0,0,0,0,0,0,0.1022516377,1.4909999242,1.4746057609,0,0,0,0,0,0,1.336787778,0,7.4046870897,0,11.80933219,D5088070,PNCB,08/23/2025 10:04:45 PM,BPD458,8M5CL,8M5CL,02/16/2026 1:53:09 PM,8M5CL,D1D,5,6274942
D508807,582,GH2YF582JKC1,0,0,0,0,0,0,0.2596707245,1.2953700493,0,0,0,0,0,0,0,0,3.9502187155,0,0.8996301227,6.404891737,D5088070,PNCB,08/23/2025 10:04:45 PM,BPD458,8M5CL,8M5CL,02/16/2026 1:48:51 PM,8M5CL,D1D,6,6275055
D508807,583,GH2YF583JKG3,0,0,0,0.4651554897,0,0,0,1.1881209681,1.501123213,0,0,0,0,0,0,3.8619512114,0,6.0086427584,0,13.024993641,D5088070,PNCB,08/23/2025 10:04:45 PM,BPD458,8M5CL,8M5CL,02/16/2026 1:50:25 PM,8M5CL,D1D,7,6275114
D508807,584,GH2YF584JKD2,0,0,0,0,0,0,0.5444383126,0,1.176428766,0,0,0,0,0,0,4.0012603386,0,1.8477326806,2.8894947788,10.459354877,D5088070,PNCB,08/23/2025 10:04:45 PM,BPD458,8M5CL,8M5CL,02/16/2026 1:50:41 PM,8M5CL,D1D,8,6274764
D508807,609,GH2YF609JKC3,1.1369694665,0,0,0,0,0,0.5671481595,0,1.8232342776,0,0,0,0,0,0,12.4353324,0,7.7449858304,0.6265523887,24.162002479,D5088070,PNCB,08/23/2025 10:04:45 PM,BPD458,8M5CL,8M5CL,02/16/2026 1:50:51 PM,8M5CL,D1D,9,6274979
D508807,611,GH2YF611JKC3,0,0,0,0,0,0,0.1081201488,1.7992701201,4.3991489896,0,0,0,0,0,0,6.7400022196,0,11.953316177,0,23.821609569,D5088070,PNCB,08/23/2025 10:04:45 PM,BPD458,8M5CL,8M5CL,02/16/2026 1:53:14 PM,8M5CL,D1D,10,6274975
D508807,612,GH2YF612JKG5,0,0,0,0,0,0,0,0,2.6136821596,0,0,0,0,0,0,4.3378600691,0,5.3823061078,0,12.333848337,D5088070,PNCB,08/23/2025 10:04:45 PM,BPD458,8M5CL,8M5CL,02/16/2026 1:50:31 PM,8M5CL,D1D,11,6275091
D508807,613,GH2YF613JKD4,0,0,0,1.001024185,0,0,0.4050043202,3.1962005067,0,0,0,0,0,0,0,4.1555051846,0,1.7953834621,0,10.553119799,D5088070,PNCB,08/23/2025 10:04:45 PM,BPD458,8M5CL,8M5CL,02/16/2026 1:52:01 PM,8M5CL,D1D,12,6275110
D508807,614,GH2YF614JKA3,0,0,0,0,0,0,0.4816069012,1.0677918596,2.6482227542,0,0,0,0,0,0,0,0,6.43916245,0,10.03723668,D5088070,PNCB,08/23/2025 10:04:45 PM,BPD458,8M5CL,8M5CL,02/16/2026 1:50:58 PM,8M5CL,D1D,13,6275034
D508807,615,GH2YF615JKE5,0,0,0,0,0,0,0,0,0,0,0,0,0,0,0,1.6623167902,0,1.860930152,0,3.5232469421,D5088070,PNCB,08/23/2025 10:04:45 PM,BPD458,8M5CL,8M5CL,02/16/2026 1:56:15 PM,8M5CL,D1D,14,6274986
D508807,616,GH2YF616JKB4,0,0,0,0,0,0,0,1.0762028152,0,0,0,0,0,0,0,0,0,2.4516724481,0,3.5278752634,D5088070,PNCB,08/23/2025 10:04:45 PM,BPD458,8M5CL,8M5CL,02/16/2026 1:56:16 PM,8M5CL,D1D,15,6274999
D508807,617,GH2YF617JKF6,0,0,0,0,0,0,0,1.025170262,1.7774611745,0,0,0,0,0,0,5.5341794076,0,5.9668504834,0,14.303661328,D5088070,PNCB,08/23/2025 10:04:45 PM,BPD458,8M5CL,8M5CL,02/16/2026 1:53:43 PM,8M5CL,D1D,16,6275027
D508807,618,GH2YF618JKC5,0,0,0,0,0,0,0.268853074,0,1.6945015588,0,0,0,0,0,0,5.7096108611,0,0.9654004809,0,8.6383638497,D5088070,PNCB,08/23/2025 10:04:45 PM,BPD458,8M5CL,8M5CL,02/16/2026 1:52:06 PM,8M5CL,D1D,17,6274981
D508807,619,GH2YF619JKG7,0,0,0,0,0,0,0.2271725935,4.9071518878,1.8867413281,0,0,0,0,0,0,4.7947127544,0,9.3515218011,0,21.167298225,D5088070,PNCB,08/23/2025 10:04:45 PM,BPD458,8M5CL,8M5CL,02/16/2026 1:52:56 PM,8M5CL,D1D,18,6274987
D508807,620,GH2YF620JKC5,0,0,0,0,0,0,0.2352262517,0.6587788584,0,0,0,0,0,0,0,3.5251934478,0,10.386425218,0,13.871270304,D5088070,PNCB,08/23/2025 10:04:45 PM,BPD458,8M5CL,8M5CL,02/16/2026 1:55:04 PM,8M5CL,D1D,19,6274935
D508807,621,GH2YF621JKG7,0,0,0,0,0,0,1.2377143821,1.304748532,2.9362930924,0,0,0,0,0,0,0,0,1.6728809664,0,7.1516369729,D5088070,PNCB,08/23/2025 10:04:45 PM,BPD458,8M5CL,8M5CL,02/16/2026 1:57:01 PM,8M5CL,D1D,20,6275105
D508807,622,GH2YF622JKD6,0,0,0,0,0,0,0.2146302481,1.0178998896,2.5662127489,0,0,0,0,0,0,0,0,1.4620357496,0.7053047461,5.9660833823,D5088070,PNCB,08/23/2025 10:04:45 PM,BPD458,8M5CL,8M5CL,02/16/2026 1:57:14 PM,8M5CL,D1D,21,6274990
D508807,623,GH2YF623JKA5,0,0,0,0,0,0,0.7619219484,0,0,0,0,0,0,0,0,4.1804538479,0,6.5379987332,0,11.480374529,D5088070,PNCB,08/23/2025 10:04:45 PM,BPD458,8M5CL,8M5CL,02/16/2026 1:50:30 PM,8M5CL,D1D,22,6275052
D508807,624,GH2YF624JKE7,0,0,0,0,0,0,0.2035799779,1.0178998896,1.2253049611,0,0,0,0,0,0,1.6505278586,0,1.5878388257,0,5.685151513,D5088070,PNCB,08/23/2025 10:04:45 PM,BPD458,8M5CL,8M5CL,02/16/2026 1:56:52 PM,8M5CL,D1D,23,6275040
D508807,625,GH2YF625JKB6,0,0,0,0,0,0,1.2656636482,4.1260427757,11.925897688,0,0,0,0,0,0,16.350710177,0,0,0,33.363168829,D5088070,PNCB,08/23/2025 10:04:45 PM,BPD458,8M5CL,8M5CL,02/16/2026 1:51:53 PM,8M5CL,D1D,24,6274984
D507977,177,MC1CE177WAC0,0,0,0,0,0,0,0,2.0542742671,0,0,0,0,0,0,0,1.9384706918,1.0879089698,3.0286269034,0,8.1092829724,D5079770B,PNCB,08/25/2025 11:22:57 AM,BPD444,8M5CL,8M5CL,02/16/2026 1:40:24 PM,8M5CL,D1D,1,7248499
D507977,178,MC1CE178WAG2,0,0,0,0,0,0,0.7698978255,0,1.9668354679,0,0,0,0,0,0,6.8348896263,0,1.9938937546,0,11.565516674,D5079770B,PNCB,08/25/2025 11:22:57 AM,BPD444,8M5CL,8M5CL,02/16/2026 1:40:22 PM,8M5CL,D1D,2,7248669
D507977,202,MC1CE202WAA0,0,0,0,0,0,0,0,0.7653650897,2.4816803069,0,0,0,0,0,0,1.0700869157,0,2.4936082236,0,5.8072484985,D5079770B,PNCB,08/25/2025 11:22:57 AM,BPD444,8M5CL,8M5CL,02/16/2026 1:40:36 PM,8M5CL,D1D,3,7248567
D507977,212,MC1CE212WAE4,0,0,0,0,0,0,0.4937175724,0,0,0,0,0,0,0,0,0,0,3.5809101852,0,4.0746277576,D5079770B,PNCB,08/25/2025 11:22:57 AM,BPD444,8M5CL,8M5CL,02/16/2026 1:40:16 PM,8M5CL,D1D,4,7248652
D507977,215,MC1CE215WAC4,0,0,0,0,0,0,0.6942050651,1.0974394149,1.965082314,0,0,0,0,0,0,0,1.4811998102,0,0,5.2379266042,D5079770B,PNCB,08/25/2025 11:22:57 AM,BPD444,8M5CL,8M5CL,02/16/2026 1:40:30 PM,8M5CL,D1D,5,7248562
D507977,217,MC1CE217WAD5,0,0,0,0,0,0,0.2343808888,0,3.6473974151,0,0,0,0,0,0,2.3459212951,0,4.4251442255,0,10.652843825,D5079770B,PNCB,08/25/2025 11:22:57 AM,BPD444,8M5CL,8M5CL,02/16/2026 1:40:12 PM,8M5CL,D1D,6,7248597
D507977,275,MC1CE275WAA0,0,0,0,0,0,0,0.5256105719,2.008492603,0,0,0,0,0,0,0,6.2180621425,0,1.2823017977,0,10.034469255,D5079770B,PNCB,08/25/2025 11:22:57 AM,BPD444,8M5CL,8M5CL,02/16/2026 1:40:40 PM,8M5CL,D1D,7,7248575
D507977,294,MC1CE294WAE6,0,0,0,0,0,0,0.9953212125,0,1.5790198601,0,0,0,0,0,0,0,0,3.1734675974,0,5.7478086701,D5079770B,PNCB,08/25/2025 11:22:57 AM,BPD444,8M5CL,8M5CL,02/16/2026 1:40:24 PM,8M5CL,D1D,8,7248674
D509993,260,GB4AP260JKC3,1.608009819,0,0,0,0,0,0.2974456481,1.4872303657,0,0,0,0,0,0,0,0,0,9.0050394407,5.7686341793,17.03871763,D5099930,PNCB,08/26/2025 2:43:16 AM,BPD446,8M5CL,8M5CL,02/16/2026 2:12:46 PM,8M5CL,D1D,1,6319361
D509993,261,GB4AP261JKG5,0,0,0,0,0,0,0.6724025401,1.8033622403,0,0,0,0,0,0,0,0,0,1.2951089352,1.2495541356,5.0204257109,D5099930,PNCB,08/26/2025 2:43:16 AM,BPD446,8M5CL,8M5CL,02/16/2026 2:12:42 PM,8M5CL,D1D,2,6319434
D509993,262,GB4AP262JKD4,1.5511030525,0,0,0,0,0,0,0,0,0,0,0,0,0,0,10.681059423,0,3.1085323846,0,15.34069486,D5099930,PNCB,08/26/2025 2:43:16 AM,BPD446,8M5CL,8M5CL,02/16/2026 2:13:04 PM,8M5CL,D1D,3,6319374
D509993,263,GB4AP263JKA3,0,0,0,0,0,0,0,0,0.7242239338,0,0,0,0,0,0,0,0,4.093763824,0,4.817989898,D5099930,PNCB,08/26/2025 2:43:16 AM,BPD446,8M5CL,8M5CL,02/16/2026 2:12:53 PM,8M5CL,D1D,4,6319388
D509993,264,GB4AP264JKE5,0.9568853977,0,0,0,0,0,0,0,0,0,0,0,0,0,0,3.5058852257,0,0.9588361954,0,5.4216068188,D5099930,PNCB,08/26/2025 2:43:16 AM,BPD446,8M5CL,8M5CL,02/16/2026 2:12:58 PM,8M5CL,D1D,5,6319419
D509993,265,GB4AP265JKB4,1.1605376814,0,0,1.2902591736,0,0,0.2623301549,1.1632407921,0.8583179162,0,0,0,0,0,0,2.6256600824,0,3.6888365521,0,11.049180212,D5099930,PNCB,08/26/2025 2:43:16 AM,BPD446,8M5CL,8M5CL,02/16/2026 2:13:03 PM,8M5CL,D1D,6,6319404
D506932,803,GM1QJ803JKD5,0,0,0,0,0,0,0.4802077286,0.8180195219,1.3160575083,0,0,0,0,0,0,1.846425812,3.6171067372,7.7067934227,0,15.558247144,D5069320,PXSB,08/30/2025 8:12:43 PM,BPD442,8M5CL,8M5CL,02/16/2026 1:33:57 PM,8M5CL,D1D,1,6209393
D506932,805,GM1QJ805JKE6,0,0,0,0,0,0,0,28.828621304,0,0,0,0,0,0,0,0,0,14.423959449,7.9893035207,51.24186442,D5069320,PXSB,08/31/2025 3:05:01 AM,BPD450,8M5CL,8M5CL,02/16/2026 1:34:55 PM,8M5CL,D1D,2,6209375
D506932,806,GM1QJ806JKB5,12.00046806,0,0,0,0,0,0,2.9256355375,0,0.4722396722,0,0,0,0,0,3.9323895296,0,5.8658893074,20.305071248,29.465823872,D5069320,PXSB,08/30/2025 8:12:43 PM,BPD442,8M5CL,8M5CL,02/16/2026 1:33:44 PM,8M5CL,D1D,3,6209263
D506932,807,GM1QJ807JKF7,0,0,0,0,0,0,0.4101280312,1.6865463362,4.3495919595,0,0,0,0,0,0,3.4768125079,0,7.9293944845,1.0431695979,18.895642917,D5069320,PXSB,08/30/2025 8:12:43 PM,BPD442,8M5CL,8M5CL,02/16/2026 1:34:01 PM,8M5CL,D1D,4,6209432
D506932,809,GM1QJ809JKH0,0,0,0,0,0,0,0,1.0161363503,0.8173967149,0,0,0,0,0,0,3.2666354823,0,0,0,5.1001685476,D5069320,PXSB,08/30/2025 8:12:43 PM,BPD442,8M5CL,8M5CL,02/16/2026 1:33:33 PM,8M5CL,D1D,5,6209384
D506932,810,GM1QJ810JKC6,0,0,0,0,0,0,0,62.015017465,0,0,0,0,0,0,0,0,0,0,0,62.015017465,D5069320,PXSB,08/31/2025 3:05:01 AM,BPD450,8M5CL,8M5CL,02/16/2026 1:34:42 PM,8M5CL,D1D,6,6209411
D506932,811,GM1QJ811JKH0,0,0,0,0,0,0,0,1.909277952,0,0,0,0,0,0,0,0,0,3.8174472648,0,5.7267252168,D5069320,PXSB,08/30/2025 8:12:43 PM,BPD442,8M5CL,8M5CL,02/16/2026 1:34:08 PM,8M5CL,D1D,7,6209403
D506932,813,GM1QJ813JKA6,0,0,0,0,0,0,0,9.3018157543,0,0,0,0,0,0,0,5.0975233884,0,10.380110733,0,24.779449876,D5069320,PXSB,08/30/2025 8:12:43 PM,BPD442,8M5CL,8M5CL,02/16/2026 1:34:26 PM,8M5CL,D1D,8,6209450
D506932,814,GM1QJ814JKF0,0,0,0,0,0,0,0,1.0178998896,1.2831063744,0,0,0,0,0,0,0,0,14.936743732,0,16.796361829,D5069320,PXSB,08/30/2025 8:12:43 PM,BPD442,8M5CL,8M5CL,02/16/2026 1:33:15 PM,8M5CL,D1D,9,6209367
D507806,701,GH6WZ701JKG0,0,0,0,0,0,0,0,0,1.8332034698,0,0,0,0,0,0,22.150066246,0,1.188752336,1.0552212341,26.227243286,D5078060,PNCB,08/30/2025 11:08:14 AM,BPD450,8M5CL,8M5CL,02/16/2026 1:35:10 PM,8M5CL,D1D,1,6263960
D507806,702,GH6WZ702JKC7,0,0,0,0,0,0,0,0,2.6641670191,0,0,0,0,0,0,5.1111728531,2.0140668728,3.3170403581,0,13.106447103,D5078060,PNCB,08/30/2025 11:08:14 AM,BPD450,8M5CL,8M5CL,02/16/2026 1:35:12 PM,8M5CL,D1D,2,6263975
D507994,106,MC1RH106WAF0,0,0,0,0,0,0,0,4.3958991375,0,0,0,0,0,0,0,0,0,0,2.0405576045,6.4364567419,D5079940,PYZA,08/24/2025 8:05:02 AM,BPD458,8M5CL,8M5CL,02/16/2026 1:47:06 PM,8M5CL,D1D,1,6244481
D507994,107,MC1RH107WAB7,5.4585682436,0,0,0,0,0,0,4.151840898,7.3250422365,0,0,0,0,0,0,20.948561205,4.3577759142,18.898725247,6.1434215295,62.675872808,D5079940,PYZA,08/24/2025 8:05:02 AM,BPD458,8M5CL,8M5CL,02/16/2026 1:47:26 PM,8M5CL,D1D,2,6244463
D507994,185,MC1RH185WAH2,0,0,0,0,0,0,0.3673833977,3.4766941617,4.5857504537,0,0,0,0,0,0,1.749986239,0,0,0,10.179814252,D5079940,PYZA,08/24/2025 8:05:02 AM,BPD458,8M5CL,8M5CL,02/16/2026 1:46:15 PM,8M5CL,D1D,3,6244487
D507994,271,MC1RH271WAH0,0,0,0,0,0,0,0.1214223173,2.4657337844,0,0,0,0,0,0,0,2.5627397446,0,4.2236954686,0,9.3735913149,D5079940,PYZA,08/24/2025 8:05:02 AM,BPD458,8M5CL,8M5CL,02/16/2026 1:47:40 PM,8M5CL,D1D,4,6244422
D507994,330,MC1NT330WAF7,0,0,0,0,0,0,0.8214044478,0.9328225389,4.024071198,0,0,0,0,0,0,0,0,3.8906960171,0,9.6689964916,D5079940,PYZA,08/24/2025 8:05:02 AM,BPD458,8M5CL,8M5CL,02/16/2026 1:46:08 PM,8M5CL,D1D,5,6244504
D507994,331,MC1NT331WAC6,0,0,0,0,0,0,0.5468091608,2.2659606755,0,0,0,0,0,0,0,1.8561285834,0,0.7876982885,0,5.4565967081,D5079940,PYZA,08/24/2025 8:05:02 AM,BPD458,8M5CL,8M5CL,02/16/2026 1:46:16 PM,8M5CL,D1D,6,6244500
D506EFA,11,GH6JY011JKG6,0,0,0,0,0,0,0.737033595,0,0,0,0,0,0,0,0,1.5294643387,0,0,0,2.2664979337,D506EFA0,X78D,09/01/2025 3:27:45 AM,BPD444,8M5CL,8M5CL,01/15/2026 4:54:12 PM,8M5CL,D1D,1,6209672
D506EFA,12,GH6JY012JKD5,0,0,0,0,0,0,0,0,0,0,0,0,0,1.1354696235,0,0,0,0.8700051419,0,2.0054747653,D506EFA0,X78D,09/01/2025 3:27:45 AM,BPD444,8M5CL,8M5CL,01/15/2026 4:53:58 PM,8M5CL,D1D,2,6209681
D506EFA,14,GH6JY014JKE6,0,0,0,0,0,0,0,0,0.8321906972,0,0,0,0,0,0,0,0.6130682417,0.5932918469,0,2.0385507858,D506EFA0,X78D,09/01/2025 3:27:45 AM,BPD444,8M5CL,8M5CL,01/15/2026 4:54:04 PM,8M5CL,D1D,3,6209746
D506EFA,15,GH6JY015JKB5,0,0,0,0,0,0,0,0,0,0,0,0,0,3.9546793744,0,1.9737033595,0,0,0,5.9283827339,D506EFA0,X78D,09/01/2025 3:27:45 AM,BPD444,8M5CL,8M5CL,01/15/2026 4:54:34 PM,8M5CL,D1D,4,6209725
D506EFA,16,GH6JY016JKF7,0,0,0,0,0,0,0,0,0,0,0,0,0,0,0,0,0,0,0,0,D506EFA0,X78D,09/01/2025 3:27:45 AM,BPD444,8M5CL,8M5CL,01/15/2026 4:54:24 PM,8M5CL,D1D,5,6209691
D506EFA,17,GH6JY017JKC6,0,0,0,0,0,0,0.1712376169,3.9546793744,0,0,0,0,0,0,0,0,0,0,0,4.1259169913,D506EFA0,X78D,09/01/2025 3:27:45 AM,BPD444,8M5CL,8M5CL,01/15/2026 4:54:49 PM,8M5CL,D1D,6,6209739
D506EFA,18,GH6JY018JKH0,0,0,0,0,0,0,0.3761470309,0,0.6563785466,0,0,0,0,0,0,0,0,0.9890175087,0,2.0215430862,D506EFA0,X78D,09/01/2025 3:27:45 AM,BPD444,8M5CL,8M5CL,01/15/2026 4:54:20 PM,8M5CL,D1D,7,6209737
D506EFA,19,GH6JY019JKD7,0,0,0,0,0,0,0,4.0180689301,1.4369030906,0,0,0,0,0,0,0,0,1.0244082811,0,6.4793783244,D506EFA0,X78D,09/01/2025 3:27:45 AM,BPD444,8M5CL,8M5CL,01/15/2026 4:54:43 PM,8M5CL,D1D,8,6209708
D506EFA,20,GH6JY020JKH0,0,0,0,0,0,0,0.4538860616,2.3832652146,3.9013289737,0,0,0,0,0,0,0,0,0,0,6.73848025,D506EFA0,X78D,09/01/2025 3:27:45 AM,BPD444,8M5CL,8M5CL,01/15/2026 4:53:45 PM,8M5CL,D1D,9,6209727
D506EFA,21,GH6JY021JKD7,0,0,0,0,0,0,0,2.9450991636,1.2188163645,0,0,0,0,1.239204714,0,2.0069365076,0,1.0617641825,0,8.0655903348,D506EFA0,X78D,09/01/2025 3:27:45 AM,BPD444,8M5CL,8M5CL,01/15/2026 4:54:06 PM,8M5CL,D1D,10,6209623
D506EFA,22,GH6JY022JKA6,0,0,0,0,0,0,3.3996848961,0,0,0,0,0,0,0,0,0,0,0,0,3.3996848961,D506EFA0,X78D,09/01/2025 3:27:45 AM,BPD444,8M5CL,8M5CL,01/15/2026 4:53:35 PM,8M5CL,D1D,11,6209710
D507818,576,MC1RF576WAC6,0,0,0,0,0,0,0.2727631696,1.363820098,0.7229108016,0,0,0,0,0,0,0,0,3.1068897195,0,5.4663837887,D5078180,PNCB,08/31/2025 1:08:15 AM,BPD458,8M5CL,8M5CL,02/16/2026 1:38:13 PM,8M5CL,D1D,1,6270335
D507818,581,MC1RF581WAA6,0,0,0,0,0,0,0.3558988786,0.9454188643,2.1276349374,0,0,0,0,0,0,0,0,8.5860106867,0,12.014963367,D5078180,PNCB,08/31/2025 1:08:15 AM,BPD458,8M5CL,8M5CL,02/16/2026 1:38:21 PM,8M5CL,D1D,2,6270381
D507818,611,MC1RF611WAF2,0,0,0,0,0,0,0,0,2.6654662237,0,0,0,0,0,0,1.4545732063,0,3.2985035099,0,7.4185429399,D5078180,PNCB,08/31/2025 1:08:15 AM,BPD458,8M5CL,8M5CL,02/16/2026 1:38:40 PM,8M5CL,D1D,3,6270377
D507818,617,MC1RF617WAB2,0,0,0,0,0,0,0.759937955,0,0,0,0,0,0,0,0,5.1754746872,0,2.8309167187,0,8.7663293609,D5078180,PNCB,08/31/2025 1:08:15 AM,BPD458,8M5CL,8M5CL,02/16/2026 1:38:35 PM,8M5CL,D1D,4,6270447
D507818,656,MC1RG656WAA5,0,0,0,0,0,0,0,0,0,0,0,0,0,0,0,0,0,1.0287206542,0,1.0287206542,D5078180,PNCB,08/31/2025 1:08:15 AM,BPD458,8M5CL,8M5CL,02/16/2026 1:38:32 PM,8M5CL,D1D,5,6270305
D507818,667,MC1RG667WAC0,0,0,0,0,0,0,0.4571232058,1.2143195259,0,0,0,0,0,0,0,0,0,7.3171495346,0,8.9885922663,D5078180,PNCB,08/31/2025 1:08:15 AM,BPD458,8M5CL,8M5CL,02/16/2026 1:38:34 PM,8M5CL,D1D,6,6270291
D507809,32,GH3HT032JKG4,0,0,0,0,0,0,0,0,1.2253049611,0,0,0,0,0,0,1.6069642934,0,2.3188567005,0,5.151125955,D5078090F,PNCB,09/06/2025 11:55:07 AM,BPD450,8M5CL,8M5CL,02/16/2026 1:34:48 PM,8M5CL,D1D,1,6921056
D507809,35,GH3HT035JKE4,0,0,0,0,0,0,0.1660818629,0,1.8356754357,0,0,0,0,0,0,0,0,0,0,2.0017572986,D5078090F,PNCB,09/06/2025 11:55:07 AM,BPD450,8M5CL,8M5CL,02/16/2026 1:39:44 PM,8M5CL,D1D,2,6921183
D507809,36,GH3HT036JKB3,0,0,0,0,0,0,0.2146302481,1.2910391934,1.6274094183,0,0,0,0,0,0,2.0934226882,1.9357098319,1.934940563,0,8.7579001476,D5078090F,PNCB,09/06/2025 11:55:07 AM,BPD450,8M5CL,8M5CL,02/16/2026 1:40:35 PM,8M5CL,D1D,3,7053656
D507809,39,GH3HT039JKG6,0,0,0,0,0,0,0,0,0,0,0,0,0,0,0,2.0490157215,0,1.971190531,0.5463515427,4.566555655,D5078090F,PNCB,09/06/2025 11:55:07 AM,BPD450,8M5CL,8M5CL,02/16/2026 1:40:25 PM,8M5CL,D1D,4,7053919
D507809,42,GH3HT042JKD5,0,0,0,1.068340123,0,0,0,4.693615018,0,0,0,0,0,0,0,0,0,0,0,5.761955141,D5078090F,PNCB,09/06/2025 11:55:07 AM,BPD450,8M5CL,8M5CL,02/16/2026 1:40:29 PM,8M5CL,D1D,5,7303287
D507809,43,GH3HT043JKA4,0,0,0,0,0,0,0,0.8221801294,0,0,0,0,0,0,0,2.3801221736,2.5128100248,5.8613349947,0,11.576445182,D5078090F,PNCB,09/06/2025 11:55:07 AM,BPD450,8M5CL,8M5CL,02/16/2026 1:40:55 PM,8M5CL,D1D,6,7303193
D507809,44,GH3HT044JKE6,0,0,0,0,0,0,0,1.0178998896,0,0,0,0,0,0,0,0,0,0.7310178748,0.7053047461,2.4542225105,D5078090F,PNCB,09/06/2025 11:55:07 AM,BPD450,8M5CL,8M5CL,02/16/2026 1:38:57 PM,8M5CL,D1D,7,7303279
D507809,45,GH3HT045JKB5,0,0,0,0.5190079618,0,0,0.2712121102,0,1.6749184655,0,0,0,0,0,0,2.1545354906,3.4686839136,2.2394619649,0,10.327817766,D5078090F,PNCB,09/06/2025 11:55:07 AM,BPD450,8M5CL,8M5CL,02/16/2026 1:39:35 PM,8M5CL,D1D,8,7303217
D507809,46,GH3HT046JKF7,0,0,0,0,0,0,0,2.1250519616,0.8064572194,0,0,0,0,0,0,1.6505278586,0,6.9365946132,0,10.916047669,D5078090F,PNCB,09/06/2025 11:55:07 AM,BPD450,8M5CL,8M5CL,02/16/2026 1:39:57 PM,8M5CL,D1D,9,7303386
D507809,94,GH3HT094JKF1,0,0,0,0,0,0,0,3.2302447357,1.2831063744,0,0,0,0,0,0,2.35073248,0,2.2565926781,0,9.1206762682,D5078090F,PNCB,09/06/2025 11:55:07 AM,BPD450,8M5CL,8M5CL,02/16/2026 1:39:46 PM,8M5CL,D1D,10,7303382
D507809,95,GH3HT095JKC0,0,0,0,0,0,0,0.3226033175,4.1258073504,2.033270048,0,0,0,0,0,0,1.1095766603,0,2.5161637655,0,10.107423282,D5078090F,PNCB,09/06/2025 11:55:07 AM,BPD450,8M5CL,8M5CL,02/16/2026 1:39:38 PM,8M5CL,D1D,11,7303198
D507809,96,GH3HT096JKG2,0,0,0,0,0,0,0,0,1.8713207574,0,0,0,0,0,0,1.0223624987,0,3.113413629,0,6.0070968852,D5078090F,PNCB,09/06/2025 11:55:07 AM,BPD450,8M5CL,8M5CL,02/16/2026 1:39:51 PM,8M5CL,D1D,12,7303420
D507809,97,GH3HT097JKD1,1.1688332136,0,0,0,0,0,0,2.2839338081,1.589728743,0,0,0,0,0,0,4.3252040365,0.808071732,3.2454300816,0.7490548845,12.704631144,D5078090F,PNCB,09/06/2025 11:55:07 AM,BPD450,8M5CL,8M5CL,02/16/2026 1:40:12 PM,8M5CL,D1D,13,7303494
D507809,98,GH3HT098JKA0,0,0,0,0,0,0,0.5122352751,5.1164748577,0,0,0,0,0,0,0,0,2.3307251157,0,0,7.9594352486,D5078090F,PNCB,09/06/2025 11:55:07 AM,BPD450,8M5CL,8M5CL,02/16/2026 1:39:27 PM,8M5CL,D1D,14,7303398
D507809,99,GH3HT099JKE2,0,0,0,0.5268840089,0,0,0,1.7245525439,0,0,0,0,0,0,0,0,0,5.3480885326,0,7.5995250854,D5078090F,PNCB,09/06/2025 11:55:07 AM,BPD450,8M5CL,8M5CL,02/16/2026 1:40:46 PM,8M5CL,D1D,15,7303487
D507809,100,GH3HT100JKF6,1.35101666,0,0,0,0,0,0,1.208247169,0.6982113226,0,0,0,0,0,0,1.9591767807,1.0995295106,0.8677182174,0,6.5099436807,D5078090F,PNCB,09/06/2025 11:55:07 AM,BPD450,8M5CL,8M5CL,02/16/2026 1:40:47 PM,8M5CL,D1D,16,7303371
D508898,42,A1CE9042SLC6,0,0,0,0,0,0,0,1.0178998896,0,0,0,0,0,0,0,2.572067267,0,2.3188567005,0,5.9088238572,D5088980,PNCB,09/16/2025 5:48:24 AM,BPD444,8M5CL,8M5CL,02/16/2026 1:52:27 PM,8M5CL,D1D,1,6276747
D508898,45,A1CE9045SLA6,0,0,0,0,0,0,0,0,0,0,0,0,0,0,0,0,0,5.210152837,0,5.210152837,D5088980,PNCB,09/16/2025 5:48:24 AM,BPD444,8M5CL,8M5CL,02/16/2026 1:52:23 PM,8M5CL,D1D,2,6276686
D508808,310,GH2YG310JKB1,0,0,0,0,0,0,0.2146302481,1.0178998896,0.588214383,0,0,0,0,0,0,0,0,1.4620357496,0,3.0010260059,D5088080,PNCB,09/14/2025 12:56:13 AM,BPD448,8M5CL,8M5CL,02/16/2026 1:44:19 PM,8M5CL,D1D,1,6275022
D508808,311,GH2YG311JKF3,0.8404127504,0,0,0,0,0,0,4.2729417554,0,0,0,0,0,0,0,0,0,3.3865868237,0.786594522,9.2865337113,D5088080,PNCB,09/14/2025 12:56:13 AM,BPD448,8M5CL,8M5CL,02/16/2026 1:44:27 PM,8M5CL,D1D,2,6275016
D507814,426,GH2YG426JKA6,0,0,0,0,0,0,0.4707861366,0,0,0,0,0,0,0,0,1.6505278586,0,1.4620357496,0,3.5833497449,D5078140,PNCB,09/14/2025 2:33:41 AM,BPD446,8M5CL,8M5CL,02/16/2026 1:39:08 PM,8M5CL,D1D,1,6268291
D507814,430,GH2YG430JKB7,0,0,0,0,0,0,0,0,1.3914500237,0,0,0,0,0,0,2.5492250835,0.9263101501,0.7927442591,0,5.6597295164,D5078140,PNCB,09/14/2025 2:33:41 AM,BPD446,8M5CL,8M5CL,02/16/2026 1:38:59 PM,8M5CL,D1D,2,6268332
D509906,280,GM2AZ280JKG6,22.919862685,0,0,0,0,0,0,1.6606388558,1.4464612438,0,1.7090199139,0,0,1.0758628069,0,3.8025318543,0,3.5799815375,11.938556796,39.557313128,D5099060,PNCB,09/27/2025 12:56:56 PM,BPD432,8M5CL,8M5CL,02/16/2026 1:56:01 PM,8M5CL,D1D,1,6321669
D509906,281,GM2AZ281JKD5,0,0,0,0.5258673996,0,0,0,0,0.7779800955,0,0,0,0,1.2622499811,0,2.1830091131,0,8.9865526269,0,13.735659216,D5099060,PNCB,09/27/2025 12:56:56 PM,BPD432,8M5CL,8M5CL,02/16/2026 1:56:26 PM,8M5CL,D1D,2,6321651
D509906,284,GM2AZ284JKB5,0,0,0,0,0,0,0.3040184338,3.0950298045,0.7642600626,0,0,0,0,0,0,3.7860860771,0,3.832743718,0.9990485537,12.78118665,D5099060,PNCB,09/27/2025 12:56:56 PM,BPD432,8M5CL,8M5CL,02/16/2026 1:56:30 PM,8M5CL,D1D,3,6321633
D507978,51,A11FV051SLF2,0.7919279757,0,0,0,0,0,0.2329875989,0.7485604913,1.3928532481,0,0,0,0,0,0,1.791700126,0,3.813209609,0,8.7712390489,D5079780,PNCB,10/01/2025 9:32:22 PM,BPD436,8M5CL,8M5CL,02/16/2026 1:40:50 PM,8M5CL,D1D,1,6258321
D507978,60,A10FZ060SLF1,0,0,0,0,0,0,0.2722850329,2.0146427619,0,0,0,0,0,0,0,0,0,2.9417625568,0,5.2286903516,D5079780,PNCB,10/01/2025 9:32:22 PM,BPD436,8M5CL,8M5CL,02/16/2026 1:41:02 PM,8M5CL,D1D,2,6258386
D507978,70,A10FZ070SLC2,0,0,0,0,0,0,0,0.823982523,0,0,0,0,0,0,0,0,0,3.4367360349,0,4.2607185578,D5079780,PNCB,10/01/2025 9:32:22 PM,BPD436,8M5CL,8M5CL,02/16/2026 1:40:44 PM,8M5CL,D1D,3,6258347
D507972,649,MC1RG649WAB4,0,0,0,0,0,0,0.5110869699,0.7364532091,1.7772471515,0,0,0,0,0,0,0,0,2.2493819318,0,5.2741692623,D5079720,PNCB,10/15/2025 2:55:24 AM,BPD442,8M5CL,8M5CL,02/16/2026 1:40:53 PM,8M5CL,D1D,1,6258222
D507972,650,MC1RG650WAE5,0,0,0,0,0,0,0.4964121382,0,1.5182072481,0,0,0,0,0,0,1.6505278586,0,0.7310178748,0,4.2294611685,D5079720,PNCB,10/15/2025 2:55:24 AM,BPD442,8M5CL,8M5CL,02/16/2026 1:40:57 PM,8M5CL,D1D,2,6258220
D507972,675,MC23B675WAA7,1.7188317086,0,1.8957281547,0,0,0,0,0,0,0,0,0,0,0,0,0,0,1.1416843936,5.9065494978,8.4528156009,D5079720,PNCB,10/15/2025 2:55:24 AM,BPD442,8M5CL,8M5CL,02/16/2026 1:41:04 PM,8M5CL,D1D,3,6258275
D507972,695,MC1RG695WAH0,0,0,0,0,0,0,0.4820504668,1.7118224547,0,0,0,0,0,0,0,0,5.4889113988,0,0,6.7882494289,D5079720,PNCB,10/15/2025 2:55:24 AM,BPD442,8M5CL,8M5CL,02/16/2026 1:41:10 PM,8M5CL,D1D,4,6258194
D507984,127,A10J2127SLF5,0,0,0,0,0,0,0.9586797306,6.2568067296,0,0,0,0,0,0,0,0,0,5.1663530261,0,12.381837346,D5079840,PNCB,10/13/2025 3:58:34 AM,BPD446,8M5CL,8M5CL,02/16/2026 1:48:27 PM,8M5CL,D1D,1,6258681
D507984,135,A10J2135SLB5,1.7377363619,0,1.4456677085,0,0,0,0,3.1036804958,1.5281757226,0,0,0,0,0,0,0,0,0,0,7.8152581486,D5079840,PNCB,10/13/2025 3:58:34 AM,BPD446,8M5CL,8M5CL,02/16/2026 1:48:18 PM,8M5CL,D1D,2,6258770
D507984,137,A10J2137SLC6,0,0,0,0,0,0,0.1966764535,0.8015697127,1.803907999,0,0,0,0,0,0,0.9844117182,1.9314764196,0.8718612929,0,6.5899035958,D5079840,PNCB,10/13/2025 3:58:34 AM,BPD446,8M5CL,8M5CL,02/16/2026 1:48:13 PM,8M5CL,D1D,3,6258756
D507984,138,A10J2138SLH0,0,0,0,0,0,0,0,0,0,0,0,0,0,0,0,0,0,0.7945569285,0,0.7945569285,D5079840,PNCB,10/13/2025 3:58:34 AM,BPD446,8M5CL,8M5CL,06/07/2026 7:30:02 PM,8M5CL,D1D,4,6258766
D508910,2,GH2EJ002JKA4,0,0,0,0,0,0,1.5659550406,1.1058706657,2.672097713,0,0,0,0,0,0,5.4577815783,0,6.1164563092,0,16.845284775,D5089100,PNCB,10/18/2025 11:44:13 PM,BPD432,8M5CL,8M5CL,02/16/2026 1:56:46 PM,8M5CL,D1D,1,6301026
D508910,3,GH2EJ003JKE6,4.1096528929,0,0,0,0,0,0.3892586466,0,2.6319566396,0,0,0,0,0,0.3160263902,0,0,5.0982252186,7.7546404088,20.218825252,D5089100,PNCB,10/18/2025 11:44:13 PM,BPD432,8M5CL,8M5CL,02/16/2026 1:56:43 PM,8M5CL,D1D,2,6301094
D508910,6,GH2EJ006JKC6,0.7870321195,0,0,0,0,0,0.2196262453,0,0,0,0,0,0,0,0,1.7806214146,0,1.6458187435,0,4.4330985229,D5089100,PNCB,10/18/2025 11:44:13 PM,BPD432,8M5CL,8M5CL,02/16/2026 1:56:31 PM,8M5CL,D1D,3,6300997
D508910,7,GH2EJ007JKH0,0,0,0,0,0,0,0.1660818629,0.7364532091,0,0,0,0,0,0,0,0,0,3.4601101515,0,4.3626452235,D5089100,PNCB,10/18/2025 11:44:13 PM,BPD432,8M5CL,8M5CL,02/16/2026 1:56:36 PM,8M5CL,D1D,4,6301061
D51075A,676,GM3BE676JKG4,0.7417077576,0,0,0,0,0,1.0080443782,1.1744330767,0,0,0,0,0,0,0,0,0,2.9021108005,0,5.8262960131,D51075A0,X78D,10/28/2025 10:27:04 PM,BPD448,8M5CL,8M5CL,01/15/2026 4:59:10 PM,8M5CL,D1D,1,6359236
D51075A,677,GM3BE677JKD3,0,0,0,0,0,0,0,0,1.7075751883,0,0,0,0,0,0,0,0,0.8792023412,0,2.5867775295,D51075A0,X78D,10/28/2025 10:27:04 PM,BPD448,8M5CL,8M5CL,01/15/2026 4:59:22 PM,8M5CL,D1D,2,6359300
D51075A,722,GM3BE722JKD0,0,0,0,0,0,0,0,0,0,0,0,0,0,0,0,0,0,1.2524390887,0,1.2524390887,D51075A0,X78D,10/28/2025 10:27:04 PM,BPD448,8M5CL,8M5CL,01/15/2026 4:58:54 PM,8M5CL,D1D,3,6359320
D51075A,723,GM3BE723JKH2,0,0,0,0,0,0,0,1.9773396872,2.8094042276,0,0,0,0,0,0,0,0,0,0,4.7867439147,D51075A0,X78D,10/28/2025 10:27:04 PM,BPD448,8M5CL,8M5CL,01/15/2026 4:59:17 PM,8M5CL,D1D,4,6359238
D434828,295,KH3WT295WFG1,0,0,0,0,0,0,1.4094006118,0,0,0,0,0,0,0,0,0,0,2.9142546855,0,4.3236552973,D4348280,PYZA,01/20/2025 11:13:54 PM,BPD432,8M5CL,8M5CL,08/06/2025 2:31:04 PM,8M5CL,D1D,1,5294580
D434828,297,KH3WT297WFH2,0,0,0,0,0,0,5.0855198298,0.9521188572,3.8501364247,0,0,0,0,1.2763368466,0,0,0,2.0186669195,0,13.182778878,D4348280,PYZA,01/20/2025 11:13:54 PM,BPD432,8M5CL,8M5CL,08/06/2025 2:31:10 PM,8M5CL,D1D,2,5294553
D437806,697,KH6AQ697WFB2,0,0,0,0,0,0,0,1.9373204035,0,0,0,0,0,0,0,6.0507666543,0,0,0,7.3778315759,D4378060,PXSA,01/29/2025 12:31:46 AM,BPD434,8M5CL,8M5CL,08/06/2025 2:25:12 PM,8M5CL,D1D,1,5407167
D437806,737,KH6AQ737WFC7,0,0,0,0,0,0,0,1.9906788274,0,0,0,0,0,0,0,9.273934291,0,0.7555099346,0,10.757052187,D4378060,PXSA,01/29/2025 12:31:46 AM,BPD434,8M5CL,8M5CL,08/06/2025 2:25:05 PM,8M5CL,D1D,2,5407083
D435808,119,GL1AU119JKD0,0,0,0,0,0,0,2.6088138421,3.4968185118,0,0,0,0,0,0,0,1.0376245747,0,4.5566743152,0,11.253714691,D4358080,PXSA,02/05/2025 7:41:42 AM,BPD446,8M5CL,8M5CL,08/06/2025 2:25:10 PM,8M5CL,D1D,1,5333640
D435808,121,GL1AU121JKD0,0,0,0,0,0,0,0,2.1718668166,0,0,0,0,0,0,0,0,0,0,0,2.1718668166,D4358080,PXSA,02/05/2025 7:41:42 AM,BPD446,8M5CL,8M5CL,08/06/2025 2:25:22 PM,8M5CL,D1D,2,5333595
D436839,5,MBUDR005WAB1,0,0,0,0.4224367833,0,0,0.5505595505,1.4463047536,0,0.9061093515,0,0,0,0,0,4.8860965583,0,0,0.5729775598,8.2136332548,D4368390,PXSA,02/04/2025 4:25:38 AM,BPD444,8M5CL,8M5CL,08/06/2025 2:25:16 PM,8M5CL,D1D,1,5369482
D436839,37,MBUDR037WAB0,0,0,0,0,0,0,0.4960543809,1.2638093006,3.4454495178,0,0,0,0,0,0,0,0,2.4348798881,0,7.6401930874,D4368390,PXSA,02/04/2025 4:25:38 AM,BPD444,8M5CL,8M5CL,08/06/2025 2:25:22 PM,8M5CL,D1D,2,5369436
D437809,682,KH54J682WFF6,0,0,0,0,0,0,0.2488544075,1.2814182802,5.0216683801,0,0,0,0,0,0,0,0.9389960114,0.8475801505,0,8.3385172296,D4378090,PXSA,02/16/2025 5:02:42 AM,BPD442,8M5CL,8M5CL,02/20/2026 11:34:51 AM,8M5CL,D1D,1,5407965
D437809,722,KH54J722WFA0,1.3545604471,0,0,0.4948028603,0,0,0.2671044057,0,0,0,0,0,0,1.1876867031,0,2.0540553905,0,0.9888129918,0,6.2203024971,D4378090,PXSA,02/16/2025 5:02:42 AM,BPD442,8M5CL,8M5CL,02/20/2026 11:34:55 AM,8M5CL,D1D,2,5407947
D439827,97,KH6XR097WFC1,0.7456018781,0,0,0,0,0,3.0977292968,6.161792486,1.6084128928,0,0,0,0,1.8895241304,0,2.0873247289,0,2.1791794922,0,14.410516593,D4398270,PXSA,02/24/2025 2:44:42 PM,BPD436,8M5CL,8M5CL,02/20/2026 10:40:43 AM,8M5CL,D1D,1,5493274
D439827,143,KH6XR143WFG0,0,0,0,0,0,0,0.7650835235,3.3815488524,0.7632830459,0,0,0,0,0,0,1.817207481,0,6.1004654827,0,12.827588385,D4398270,PXSA,02/24/2025 2:44:42 PM,BPD436,8M5CL,8M5CL,02/20/2026 10:40:55 AM,8M5CL,D1D,2,5493327
D439827,203,KH6XR203WFB7,0,0,0,0,0,0,0.2193585485,0,0,0,0,0,0,0,0,0.7156301161,0,0.7471221849,0,1.6821108494,D4398270,PXSA,02/24/2025 2:44:42 PM,BPD436,8M5CL,8M5CL,02/20/2026 10:40:28 AM,8M5CL,D1D,3,5493334
D439827,229,KH6XR229WFG7,0,0,0,0,0,0,0.8341706069,2.316278585,2.7294480125,0,0,0,0,0,0,2.9823684189,0,0,0,8.8622656233,D4398270,PXSA,02/24/2025 2:44:42 PM,BPD436,8M5CL,8M5CL,02/20/2026 10:40:30 AM,8M5CL,D1D,4,5493284
D439827,244,KH6XR244WFC0,0,0,0,0,0,0,0.7974680509,1.0318400767,3.8434427242,0,0,0,0,0,0,0,0,0.8054384231,0,6.478189275,D4398270,PXSA,02/24/2025 2:44:42 PM,BPD436,8M5CL,8M5CL,02/20/2026 10:40:17 AM,8M5CL,D1D,5,5493299
D439827,256,KH6XR256WFA2,0,0,0,0,0,0,1.7458712557,3.4832034423,10.769816799,0,0,0,0,1.1636549538,0,0,0,3.9976198807,0,20.821554762,D4398270,PXSA,02/24/2025 2:44:42 PM,BPD436,8M5CL,8M5CL,02/20/2026 10:41:05 AM,8M5CL,D1D,6,5493294
D439827,264,KH6XR264WFD5,0,0,0,0.4960975073,0,0,0.8488640267,1.2671556222,0.733937722,0,0,0,0,0,0,0.7097939567,0,2.9726041659,0,6.8729273436,D4398270,PXSA,02/24/2025 2:44:42 PM,BPD436,8M5CL,8M5CL,02/20/2026 10:40:52 AM,8M5CL,D1D,7,5493276
D449878,252,A0YC6252SLC4,0,0,0,0,0,0,0.2175696195,0,0,0,0,0,0,0,0,2.6653355468,0,3.0916427518,0,5.9745479181,D4498780,PXSA,03/29/2025 5:39:37 AM,BPD434,8M5CL,8M5CL,02/20/2026 9:24:31 AM,8M5CL,D1D,1,5880075
D449878,253,A0YC6253SLG6,0,0,0,0,0,0,0.9179264788,0.7414731593,0,0,0,0,0,0,0,2.0898354069,0,1.9839894776,0,5.7332245227,D4498780,PXSA,03/29/2025 5:39:37 AM,BPD434,8M5CL,8M5CL,02/20/2026 9:24:45 AM,8M5CL,D1D,2,5880083
D449878,254,A0YC6254SLD5,0,0,0,0,0,0,2.6086791254,0,8.6818894806,0,0,0,1.4217420681,0,0,1.7461577582,0,3.0916427518,0,16.604152945,D4498780,PXSA,03/29/2025 5:39:37 AM,BPD434,8M5CL,8M5CL,02/20/2026 9:23:20 AM,8M5CL,D1D,3,5880132
D449878,257,A0YC6257SLB5,0,0,0,0,0,0,0.8048938422,0,5.7040085703,0,0,0,0,0,0,2.4025190725,0,9.8149311119,0,18.726352597,D4498780,PXSA,03/29/2025 5:39:37 AM,BPD434,8M5CL,8M5CL,02/20/2026 9:23:27 AM,8M5CL,D1D,4,5880063
D449878,264,A0YC6264SLA6,0,0,0,0,0,0,0,0,0,0,0,0,0,0,0,2.7094957171,0,3.219168707,0,5.9286644241,D4498780,PXSA,03/29/2025 5:39:37 AM,BPD434,8M5CL,8M5CL,02/20/2026 9:23:44 AM,8M5CL,D1D,5,5880097
D449878,266,A0YC6266SLB7,0,0,0,0,0,0,0.9085901185,0,0,0,0,0,0,0,0,2.8380018127,0,10.877281112,0,14.053435659,D4498780,PXSA,03/29/2025 5:39:37 AM,BPD434,8M5CL,8M5CL,02/20/2026 9:24:23 AM,8M5CL,D1D,6,5880118
D449878,268,A0YC6268SLD0,0,0,0,0,0,0,2.076335812,0,2.5427641473,0,0,0,0,0,0,7.358161449,0,0,0,11.977261408,D4498780,PXSA,03/29/2025 5:39:37 AM,BPD434,8M5CL,8M5CL,02/20/2026 9:23:46 AM,8M5CL,D1D,7,5880110
D449878,271,A0YC6271SLH2,0,0,0,0,0,0,0.1704915451,0,1.3113731839,0,0,0,0,0,0,1.6868889564,0,1.4942443698,0,3.6444555024,D4498780,PXSA,03/29/2025 5:39:37 AM,BPD434,8M5CL,8M5CL,02/20/2026 9:23:56 AM,8M5CL,D1D,8,5880108
D449878,272,A0YC6272SLE1,0,0,0,0,0,0,1.2998750772,3.6226806475,5.7633976795,0,0,0,0,0,0,4.8966864815,0,6.6927883153,0.6123227672,21.172931852,D4498780,PXSA,03/29/2025 5:39:37 AM,BPD434,8M5CL,8M5CL,02/20/2026 9:23:37 AM,8M5CL,D1D,9,5880084
D449878,288,A0XMQ288SLG0,0.7395212909,0,0,0,0,0,2.0438619307,2.0636801534,1.3006785769,0,0,0,0,0,0,4.1290836306,0,5.156615398,0,15.270873392,D4498780,PXSA,03/29/2025 5:39:37 AM,BPD434,8M5CL,8M5CL,02/20/2026 9:24:36 AM,8M5CL,D1D,10,5880107
D449876,572,GG0VW572JKF6,0,0,0,0,0,0,0.4828106814,0.8224519366,0,0,0,0,0,0,0,0.7875567854,0,3.8591745156,0,5.951993919,D4498760,PXSA,03/28/2025 10:01:41 PM,BPD448,8M5CL,8M5CL,02/19/2026 10:09:02 AM,8M5CL,D1D,1,5879978
D449876,573,GG0VW573JKC5,0,0,0,0,0,0,0.5056105949,0,0,0,0,0,0,0,0,0.7156301161,0,4.611307625,0,5.8325483359,D4498760,PXSA,03/28/2025 10:01:41 PM,BPD448,8M5CL,8M5CL,02/19/2026 10:08:58 AM,8M5CL,D1D,2,5879934
D449876,577,GG0VW577JKE7,0,0,0,0,0,0,0,0,0,0,0,0,0,0,0,0,0,1.5591831876,0,1.5591831876,D4498760,PXSA,03/28/2025 10:01:41 PM,BPD448,8M5CL,8M5CL,02/19/2026 10:09:12 AM,8M5CL,D1D,3,5879992
D449876,578,GG0VW578JKB6,0,0,0,0,0,0,1.2942161129,0,0,0,0,0,0,0,0,0,0,1.873037467,0,3.16725358,D4498760,PXSA,03/28/2025 10:01:41 PM,BPD448,8M5CL,8M5CL,02/19/2026 10:08:40 AM,8M5CL,D1D,4,5880046
D449876,579,GG0VW579JKG0,2.4474636844,0,0,0,0,0,0,0,1.4267036555,0,0,0,0,0,0,1.1367789823,0,1.696306171,0,6.7072524933,D4498760,PXSA,03/28/2025 10:01:41 PM,BPD448,8M5CL,8M5CL,02/19/2026 10:09:08 AM,8M5CL,D1D,5,5879990
D449876,580,GG0VW580JKB6,0,0,0,0.452857161,0,0,0.3335320726,0,1.4614366758,0,0,0,0,0,0,1.8799242994,0,1.2719206123,0,5.399668667,D4498760,PXSA,03/28/2025 10:01:41 PM,BPD448,8M5CL,8M5CL,02/19/2026 10:08:37 AM,8M5CL,D1D,6,5879976
D449876,581,GG0VW581JKG0,0,0,0,0,0,0,0.4563179056,1.4083513809,1.6953136278,0,0,0,0,0,0,0,0,1.823486348,0,5.3834692624,D4498760,PXSA,03/28/2025 10:01:41 PM,BPD448,8M5CL,8M5CL,02/19/2026 10:08:42 AM,8M5CL,D1D,7,5879943
D449876,582,GG0VW582JKC7,0,0,0,0,0,0,0.5140803903,0,0,0,0,0,0,0.9370572722,0,2.9639660058,0,0.9229841799,0,4.6533402475,D4498760,PXSA,03/28/2025 10:01:41 PM,BPD448,8M5CL,8M5CL,02/19/2026 10:08:06 AM,8M5CL,D1D,8,5879933
D449876,583,GG0VW583JKH1,0,0,0,0,0,0,0,0,0,0,0,0,0,0,0,1.6868889564,0,3.1170632552,0,4.8039522116,D4498760,PXSA,03/28/2025 10:01:41 PM,BPD448,8M5CL,8M5CL,02/19/2026 10:09:01 AM,8M5CL,D1D,9,5879939
D449876,623,GG0VW623JKB3,0.5562150917,0,0,0,0,0,0.2193585485,2.0806484103,1.2522984064,0,0,0,0,0,0,0,0,1.6228188854,0,5.7313393423,D4498760,PXSA,03/28/2025 10:01:41 PM,BPD448,8M5CL,8M5CL,02/19/2026 10:08:38 AM,8M5CL,D1D,10,5879930
D449876,624,GG0VW624JKF5,0,0,0,0,0,0,0,0,0,0,0,0,0,0,0,0,0,2.2230875974,0,2.2230875974,D4498760,PXSA,03/28/2025 10:01:41 PM,BPD448,8M5CL,8M5CL,02/19/2026 10:08:55 AM,8M5CL,D1D,11,5879984
D449876,625,GG0VW625JKC4,0,0,0,0,0,0,0.6007991737,0,0,0,0,0,0,0,0,6.5442929823,0,0.7471221849,0,7.8922143409,D4498760,PXSA,03/28/2025 10:01:41 PM,BPD448,8M5CL,8M5CL,02/19/2026 10:08:19 AM,8M5CL,D1D,12,5879921
D445840,351,GF9SE351JKC4,0,0,0,0,0,0,0,0,0,0,0,0,0,0.9753853873,0,0,0,0.7471221849,0,1.7225075722,D4458400,PXSA,03/27/2025 8:04:50 PM,BPD432,8M5CL,8M5CL,02/20/2026 9:47:59 AM,8M5CL,D1D,1,5732522
D445840,395,GF9SE395JKA5,0,0,0,0,0,0,0,0,1.4524250743,0,0,0,0,0,0,2.6609364738,0,0.827483429,0,4.9408449771,D4458400,PXSA,03/27/2025 8:04:50 PM,BPD432,8M5CL,8M5CL,02/20/2026 9:48:00 AM,8M5CL,D1D,2,5732539
D445840,396,GF9SE396JKE7,1.8551579834,0,0,0,0,0,0.2175696195,0,0,0,0,0,0,0,0,0,0,1.6108768463,0,3.6836044493,D4458400,PXSA,03/27/2025 8:04:50 PM,BPD432,8M5CL,8M5CL,02/20/2026 9:47:41 AM,8M5CL,D1D,3,5732585
D445840,397,GF9SE397JKB6,0,0,0,0.5183703124,0,0,0.7862831155,1.4866775858,6.1586085292,0,0,0,0,0,0,2.0950891528,0,3.1060627497,0,14.151091445,D4458400,PXSA,03/27/2025 8:04:50 PM,BPD432,8M5CL,8M5CL,02/20/2026 9:46:19 AM,8M5CL,D1D,4,5732613
D445840,398,GF9SE398JKG0,2.346272931,0,0,0,0,0,0,0,1.1713991398,0,0,0,0,0,0,4.178872607,0,2.4053937054,2.2861633997,11.535612314,D4458400,PXSA,03/27/2025 8:04:50 PM,BPD432,8M5CL,8M5CL,02/20/2026 9:48:01 AM,8M5CL,D1D,5,5732589
D445840,399,GF9SE399JKC7,0,0,0,0,0,0,0,1.0403242051,1.3113731839,0,0,0,0,0,0,0,0,2.3699410703,0,4.7216384593,D4458400,PXSA,03/27/2025 8:04:50 PM,BPD432,8M5CL,8M5CL,02/20/2026 9:47:45 AM,8M5CL,D1D,6,5732564
D445840,400,GF9SE400JKE3,0,0,0,0,0,0,0,1.1483927681,0,0,0,0,0,0,0,3.7242447309,0,0,0,4.872637499,D4458400,PXSA,03/27/2025 8:04:50 PM,BPD432,8M5CL,8M5CL,02/20/2026 9:47:15 AM,8M5CL,D1D,7,5732543
D445840,727,GF4HU727JKE1,0,0,0,0,0,0,0.6673039075,2.2112688244,0,0,0,0,0,0,0,0.9749944513,0,2.2109712786,0,6.06453629,D4458400,PXSA,03/27/2025 8:04:50 PM,BPD432,8M5CL,8M5CL,02/20/2026 9:47:44 AM,8M5CL,D1D,8,5732587
D445840,728,GF4HU728JKB0,2.4362088876,0,0,0,0,0,0,0.6310445253,0,0,0,0,0,0,0,1.826805,0,0,2.2831777414,5.8136821114,D4458400,PXSA,03/27/2025 8:04:50 PM,BPD432,8M5CL,8M5CL,02/20/2026 9:47:09 AM,8M5CL,D1D,9,5732591
D445840,729,GF4HU729JKF2,0,0,0,0,0,0,0.2193585485,1.0403242051,1.3113731839,0,0,0,0,0,0,4.4186630383,0,4.3376524061,0.4497936177,11.777165,D4458400,PXSA,03/27/2025 8:04:50 PM,BPD432,8M5CL,8M5CL,02/20/2026 9:47:43 AM,8M5CL,D1D,10,5732544
D445840,730,GF4HU730JKB0,0,0,0,0,0,0,0,0,1.3006785769,0,0,0,0,0,0,1.6731319156,0,3.4826218205,0,6.456432313,D4458400,PXSA,03/27/2025 8:04:50 PM,BPD432,8M5CL,8M5CL,06/03/2026 8:10:34 PM,8M5CL,D1D,11,5732590
D445840,774,GF4HU774JKG4,0,0,0,0,0,0,0.2175696195,1.0318400767,0,0,0,0,0,0,0,3.302103661,1.3926609804,0.7410291991,0,6.6852035367,D4458400,PXSA,03/27/2025 8:04:50 PM,BPD432,8M5CL,8M5CL,02/20/2026 9:47:42 AM,8M5CL,D1D,12,5732608
D449871,35,GJ7QR035JDG2,0,0,0,0,0,0,0.3769361735,3.1680304537,0,0,0,0,0,0,0,2.8986690156,0,3.2450014137,0.5325612902,9.0557724411,D4498710,PXSA,03/27/2025 9:28:15 AM,BPD450,8M5CL,8M5CL,02/23/2026 11:20:28 AM,8M5CL,D1D,1,5877032
D449871,36,GJ7QR036JDD1,0,0,0,0,0,0,0.3091707376,0,1.9243472766,0,0,0,0,0,0,1.7426141738,0,7.4862668718,0,11.46239906,D4498710,PXSA,03/27/2025 9:28:15 AM,BPD450,8M5CL,8M5CL,06/03/2026 10:04:34 PM,8M5CL,D1D,2,5877069
D449871,37,GJ7QR037JDA0,0,0,0,0.1610569557,0,0,1.2257451627,1.2943935291,2.9310667529,0,0,0,0,0,0,2.6001372341,0,2.6712311225,0,10.09864859,D4498710,PXSA,03/27/2025 9:28:15 AM,BPD450,8M5CL,8M5CL,02/23/2026 11:20:37 AM,8M5CL,D1D,3,5877049
D449871,38,GJ7QR038JDE2,0,0,0,0,0,0,0.7694640405,2.0636801534,4.4983057374,0,0,0,0,0,0,1.6289717453,0,4.2236510197,0,13.184072696,D4498710,PXSA,03/27/2025 9:28:15 AM,BPD450,8M5CL,8M5CL,02/23/2026 11:20:18 AM,8M5CL,D1D,4,5877127
D448816,48,GG0PU048JKD3,0,0,0,0,0,0,0,1.1014645091,1.3884431456,0,0,0,0,0,0,1.7860268525,0,5.0342335641,0,9.0330963921,D4488160,PXSA,03/23/2025 9:36:09 PM,BPD450,8M5CL,8M5CL,06/03/2026 8:29:39 PM,8M5CL,D1D,1,5839783
D448816,67,GG0PU067JKA6,0,0,0,0,0,0,1.57183214,0,3.4501885312,0,0,0,0,0,0,6.7475558258,0,3.0534275574,0,14.553694741,D4488160,PXSA,03/23/2025 9:36:09 PM,BPD450,8M5CL,8M5CL,02/23/2026 11:22:13 AM,8M5CL,D1D,2,5839796
D448816,87,GG0PU087JKC3,0,0,0,0.4847280955,0,0,1.7647243194,2.4819377264,2.2220847211,0,0,0,0,0,0,8.2260280988,0,3.1438727791,0,18.067360424,D4488160,PXSA,03/23/2025 9:36:09 PM,BPD450,8M5CL,8M5CL,02/23/2026 11:21:31 AM,8M5CL,D1D,3,5839855
D448816,93,GG0PU093JKE5,0,0,0,0.1385433842,0,0,1.1742002476,0,1.403555899,0,0,0,1.278495464,0.9447620652,0,12.950898296,0,11.256164556,0,26.440313141,D4488160,PXSA,03/23/2025 9:36:09 PM,BPD450,8M5CL,8M5CL,02/23/2026 11:22:20 AM,8M5CL,D1D,4,5839823
D448816,101,GG0PU101JKG3,0,0,0,0,0,0,1.0933394741,0,6.4208266975,0,0,0,0,0,0,0.8091420137,0,4.3691184125,0,12.692424426,D4488160,PXSA,03/23/2025 9:36:09 PM,BPD450,8M5CL,8M5CL,02/23/2026 11:22:40 AM,8M5CL,D1D,5,5839800
D448816,118,GG0PU118JKD6,0,0,0,0,0,0,0.4315913463,4.1595282983,3.7822238032,0,0,0,0,1.9044881249,0,1.4099459173,0,4.49694862,1.0395153297,14.5785087,D4488160,PXSA,03/23/2025 9:36:09 PM,BPD450,8M5CL,8M5CL,06/03/2026 8:43:27 PM,8M5CL,D1D,6,5839825
D448816,332,GG0PU332JKA2,0,0,0,0,0,0,0.9766269389,2.2283523514,3.9268322048,0,0,0,0,0,0,3.5655955493,0.9389960114,9.2148639613,0,20.319694891,D4488160,PXSA,03/23/2025 9:36:09 PM,BPD450,8M5CL,8M5CL,02/23/2026 11:21:43 AM,8M5CL,D1D,7,5839816
D448816,333,GG0PU333JKE4,0,0,0,0.6117844761,0,0,1.1318987976,3.4838611543,5.095864143,0,0,0,0,0,0,2.5396702901,0,2.3474036083,0,14.967181261,D4488160,PXSA,03/23/2025 9:36:09 PM,BPD450,8M5CL,8M5CL,02/23/2026 11:21:35 AM,8M5CL,D1D,8,5839777
D448816,334,GG0PU334JKB3,0,0,0,0,0,0,0.6786470347,2.41501416,3.3246942808,0,0,0,0,0,0,6.3723298073,0,30.77814156,0,41.250480373,D4488160,PXSA,03/23/2025 9:36:09 PM,BPD450,8M5CL,8M5CL,02/23/2026 11:20:37 AM,8M5CL,D1D,9,5839834
D448816,335,GG0PU335JKF5,0,0,0,0,0,0,1.3307484077,1.0958631834,5.2862304413,0,0,0,0,0,0,12.102119713,0,10.503336877,0,27.283590385,D4488160,PXSA,03/23/2025 9:36:09 PM,BPD450,8M5CL,8M5CL,02/23/2026 11:20:49 AM,8M5CL,D1D,10,5839824
D448816,336,GG0PU336JKC4,0,0,0,0,0,0,0.9486983239,2.7463597656,7.8613676666,0,0,0,0,2.0283778671,0,10.800345478,0,30.421290764,0,50.998465297,D4488160,PXSA,03/23/2025 9:36:09 PM,BPD450,8M5CL,8M5CL,02/23/2026 11:20:16 AM,8M5CL,D1D,11,5839835
D448816,337,GG0PU337JKG6,0,0,0,0,0,0,2.2523409977,4.2198525218,1.790838846,0,0,0,0,0,0,0.9772792552,0,4.3462986079,0.9843986346,13.988296996,D4488160,PXSA,03/23/2025 9:36:09 PM,BPD450,8M5CL,8M5CL,06/03/2026 8:46:54 PM,8M5CL,D1D,12,5839821
D424E6K,252,GD5TM252JKF5,0,0,0,0,0,0,0.563671934,2.1598289737,0,0,0,0,0,0,0,0,0,2.7362683518,0,5.4597692594,D424E6K0,X78C,03/06/2025 10:47:22 PM,BPD436,8M5CL,8M5CL,03/11/2026 3:49:44 AM,8M5CL,D1D,1,4938963
D424E6K,292,GD5TM292JKB4,0,0,0,0,0,0,0,0,2.0613478576,0,0,0,0,0,0,1.7719805219,0,0.8655060204,1.0224760229,5.519092069,D424E6K0,X78C,03/06/2025 10:47:22 PM,BPD436,8M5CL,8M5CL,03/11/2026 3:33:24 AM,8M5CL,D1D,2,4939107
D424E6K,939,GD5TN939JKF7,0,0,0,0,0,0,22.526758206,0,0,0,0,0,0,0,0,0,0,1.0167782588,10.575448086,33.535065728,D424E6K0,X78C,03/06/2025 10:47:22 PM,BPD436,8M5CL,8M5CL,08/06/2025 5:55:15 PM,8M5CL,D1D,3,4939092
D424E6K,940,GD5TN940JKB5,0,0,0,0,0,0,34.815892025,0,0,0,0,0,0,0,0,0,0,0,11.251977185,45.215862321,D424E6K0,X78C,03/06/2025 10:47:22 PM,BPD436,8M5CL,8M5CL,03/11/2026 3:42:02 AM,8M5CL,D1D,4,4939047
D424E6K,941,GD5TN941JKF7,0,0,0,0,0,0,0,0.6504959287,0.5496640483,0,0,0,0,0,0,1.2629042684,0,0,1.4575518946,3.92061614,D424E6K0,X78C,03/06/2025 10:47:22 PM,BPD436,8M5CL,8M5CL,08/06/2025 5:55:17 PM,8M5CL,D1D,5,4939024
D424E6K,942,GD5TN942JKC6,0,0,0,0,0,0,0.3812793021,0,0.843545375,0,0,0,0,0,0,1.2629125149,0,0,0.3672469408,2.8549841328,D424E6K0,X78C,03/06/2025 10:47:22 PM,BPD436,8M5CL,8M5CL,08/06/2025 5:55:19 PM,8M5CL,D1D,6,4939112
D424E6K,943,GD5TN943JKH0,0,0,0,0,0,0,0,0,0,0,0,0,0,0,0,0,0,3.2073759199,0,3.2073759199,D424E6K0,X78C,03/06/2025 10:47:22 PM,BPD436,8M5CL,8M5CL,08/06/2025 5:55:40 PM,8M5CL,D1D,7,4939035
D424E6K,944,GD5TN944JKD7,0,0,0,0,0,0,0,2.5468896086,0,0,0,0,0,0,0,0,0,0,1.0034982566,3.5503878652,D424E6K0,X78C,03/06/2025 10:47:22 PM,BPD436,8M5CL,8M5CL,08/06/2025 5:55:30 PM,8M5CL,D1D,8,4939038
D445839,425,KHCQJ425WFD2,0,0,0,0,0,0,0,4.2082438937,0,0,0,0,0,0,0,1.9411646077,0,5.1442555075,1.0734603772,12.367124386,D4458390,PXSA,03/11/2025 8:54:11 PM,BPD432,8M5CL,8M5CL,02/20/2026 9:47:49 AM,8M5CL,D1D,1,5732485
D445839,449,KHCQJ449WFH1,0.8404516457,0,0,0,0,0,0.9205262034,2.701196369,0,0,0,0,0,0,0,0,0,5.3055796028,0,9.7677538209,D4458390,PXSA,03/11/2025 8:54:11 PM,BPD432,8M5CL,8M5CL,02/20/2026 9:48:28 AM,8M5CL,D1D,2,5732460
D445839,452,KHCQJ452WFE0,0,0,0,0,0,0,0.2707212313,1.2971134509,0.7419382524,0,0,0,0,0,0,3.3714222034,0,2.9248659447,0,8.0281035447,D4458390,PXSA,03/11/2025 8:54:11 PM,BPD432,8M5CL,8M5CL,02/20/2026 9:47:46 AM,8M5CL,D1D,3,5732470
D445839,455,KHCQJ455WFC0,0,0,0,0,0,0,0,0,0,0,0,0,0,0,0,0,0,3.0677618784,0,3.0677618784,D4458390,PXSA,03/11/2025 8:54:11 PM,BPD432,8M5CL,8M5CL,02/20/2026 9:47:56 AM,8M5CL,D1D,4,5732457
D445839,481,KHCQJ481WFF7,0,0,0,0,0,0,0,0,0,0,0,0,0,0,0,1.0448851255,0,0,0.4497936177,1.4946787432,D4458390,PXSA,03/11/2025 8:54:11 PM,BPD432,8M5CL,8M5CL,02/20/2026 9:47:47 AM,8M5CL,D1D,5,5732506
D445839,485,KHCQJ485WFA6,0,0,0,0,0,0,0,1.2258298655,1.5452093965,0,0,0,0,0,0,0,0,4.7062616422,0,7.4773009043,D4458390,PXSA,03/11/2025 8:54:11 PM,BPD432,8M5CL,8M5CL,02/20/2026 9:47:59 AM,8M5CL,D1D,6,5732472
D445839,501,KHCQJ501WFF7,0,0,0,0,0,0,0.0799246989,0,0,0,0,0,0,0,0,0,0,0.7471221849,1.7516105876,2.5786574713,D4458390,PXSA,03/11/2025 8:54:11 PM,BPD432,8M5CL,8M5CL,02/20/2026 9:48:03 AM,8M5CL,D1D,7,5732507
D445839,507,KHCQJ507WFB7,0,0,0,0,0,0,0,0,0,0,0,0,0,0,0,0,0,8.5323004135,0,8.5323004135,D4458390,PXSA,03/11/2025 8:54:11 PM,BPD432,8M5CL,8M5CL,02/20/2026 9:47:44 AM,8M5CL,D1D,8,5732466
D445839,562,KHCQJ562WFA2,0,0,0,0,0,0,0,9.2331441177,0,0,0,0,0,5.584984129,0,6.5201500534,0,2.8877714017,1.3930982738,21.681351124,D4458390,PXSA,03/11/2025 8:54:11 PM,BPD432,8M5CL,8M5CL,02/20/2026 9:48:15 AM,8M5CL,D1D,9,5732453
D445839,571,KHCQJ571WFA4,0,0,0,0,0,0,0,3.3978726033,2.3111073701,0,0,0,0,0.9447620652,0,2.0384251475,0,4.5140861788,0,11.678779433,D4458390,PXSA,03/11/2025 8:54:11 PM,BPD432,8M5CL,8M5CL,02/20/2026 9:48:36 AM,8M5CL,D1D,10,5732477
D445839,593,KHCQJ593WFD2,1.5822136633,0,0,0,0,0,0.2213523222,3.2027260261,0.8456402356,0,0,0,0,0,0,2.5814005391,0,1.0509381183,1.0139729451,9.9155319828,D4458390,PXSA,03/11/2025 8:54:11 PM,BPD432,8M5CL,8M5CL,02/20/2026 9:48:18 AM,8M5CL,D1D,11,5732510
D445839,605,KHCQJ605WFH2,0,0,0,0,0,0,0,6.4546426638,0,0,0,0,0,3.9555493614,0,0,0,0,0,9.6628526537,D4458390,PXSA,03/11/2025 8:54:11 PM,BPD432,8M5CL,8M5CL,06/03/2026 8:04:38 PM,8M5CL,D1D,12,5732468
D445829,14,GF7YY014JKG7,0,0,0,0,0,0,0.2731229324,2.7463741979,0,0,0,0,0,0,0,1.7036402699,0,55.551581434,0,60.274718834,D4458290,PYZA,03/12/2025 4:29:37 PM,BPD448,8M5CL,8M5CL,02/19/2026 9:56:43 AM,8M5CL,D1D,1,5727515
D445829,15,GF7YY015JKD6,0,0,0,0,0,0,0.5356508649,2.4343998793,0,0,0,0,0,0,0,1.2808226052,0,1.3371865394,0,5.5880598887,D4458290,PYZA,03/12/2025 4:29:37 PM,BPD448,8M5CL,8M5CL,02/19/2026 9:56:35 AM,8M5CL,D1D,2,5727536
D450810,189,GJ7DJ189JDC7,0,0,0,0,0,0,0,4.0075872904,0,0,0,0,0,0,0,0,0,2.346120035,0,6.3537073254,D4508100,PXSA,03/13/2025 11:52:41 PM,BPD436,8M5CL,8M5CL,02/20/2026 10:40:06 AM,8M5CL,D1D,1,5908109
D450810,190,GJ7DJ190JDG0,1.4371981277,0,0,0,0,0,0.2153443778,0.7445447795,0,0,0,0,0,0,0,0,0,8.8932012809,0.3960004032,11.686288969,D4508100,PXSA,03/13/2025 11:52:41 PM,BPD436,8M5CL,8M5CL,02/20/2026 10:40:12 AM,8M5CL,D1D,2,5908126
D450810,192,GJ7DJ192JDH1,0,0,0,0,0,0,0,0,3.3126504021,0,0,0,0,0,0,4.6515221409,0,10.501495296,0.7665537776,19.232223771,D4508100,PXSA,03/13/2025 11:52:41 PM,BPD436,8M5CL,8M5CL,02/20/2026 10:40:23 AM,8M5CL,D1D,3,5908117
D450810,194,GJ7DJ194JDA7,1.311712157,0,0,0,0,0,0,1.1730944595,2.6564733546,0,0,0,0,0,0,1.1782385808,0,4.3017563589,0,10.621274911,D4508100,PXSA,03/13/2025 11:52:41 PM,BPD436,8M5CL,8M5CL,02/20/2026 10:40:17 AM,8M5CL,D1D,4,5908079
D447894,7,MBWYQ007WAC2,0.7456018781,0,0,0,0,0,0.2086664481,2.5760577468,0,0,0,0,0,0,0,1.6423656867,0,1.8500287324,0.8924765435,7.8152455528,D4478940,PXSA,03/18/2025 2:34:33 PM,BPD446,8M5CL,8M5CL,02/23/2026 4:01:33 PM,8M5CL,D1D,1,5810862
D447894,9,MBWYQ009WAD3,0,0,0,0,0,0,0,0.7671011878,0,0,0,0,0,0.9447620652,0,0,2.34447376,3.4996897197,0,6.6112624956,D4478940,PXSA,03/18/2025 2:34:33 PM,BPD446,8M5CL,8M5CL,02/23/2026 4:01:34 PM,8M5CL,D1D,2,5810897
D438842,755,GF3XP755JKB6,0,0,0,0,0,0,0.3807971668,0,5.4746061472,0,0,0,0,1.2771428635,0,5.3355109945,0,1.2033007285,0,13.649961817,D4388420,PYZA,03/16/2025 5:14:44 AM,BPD434,8M5CL,8M5CL,02/20/2026 9:29:36 AM,8M5CL,D1D,1,5446892
D438842,756,GF3XP756JKG0,0,0,0,0.5293492786,0,0,0,4.0624966776,9.3252119851,0,0,0,0,1.2307167507,0,32.620154655,0,2.1140036004,0,48.139851169,D4388420,PYZA,03/16/2025 5:14:44 AM,BPD434,8M5CL,8M5CL,02/20/2026 9:29:34 AM,8M5CL,D1D,2,5446783
D438842,757,GF3XP757JKC7,0,0,0,0,0,0,0.1782533749,1.9377148916,0,0,0,0,0,0,0,5.7578661154,1.5657701712,2.7152120293,0,12.154814293,D4388420,PYZA,03/16/2025 7:13:58 AM,BPD446,8M5CL,8M5CL,02/23/2026 3:47:11 PM,8M5CL,D1D,3,5446869
D438842,758,GF3XP758JKH1,0,0,0,0,0,0,0.2335617018,1.0968240704,0,0,0,0,0,0.9960719637,0,1.7785036648,0,3.701952974,0,7.8069143747,D4388420,PYZA,03/16/2025 7:13:58 AM,BPD446,8M5CL,8M5CL,02/23/2026 3:47:05 PM,8M5CL,D1D,4,5446907
D437801,318,GF1NR318JKD7,0,0,0,0,0,0,0,1.1478183753,0,0,0,0,0,0,0,3.7223850433,0,0.8243216793,0,5.6945250978,D4378010,PYZA,03/16/2025 6:39:52 PM,BPD448,8M5CL,8M5CL,02/19/2026 9:56:46 AM,8M5CL,D1D,1,5405041
D437801,319,GF1NR319JKA6,0,0,0,0,0,0,0.3553801581,0,0,0,0,0,0,0,0,0,0,1.575396577,0,1.9307767351,D4378010,PYZA,03/16/2025 6:39:52 PM,BPD448,8M5CL,8M5CL,02/19/2026 9:57:30 AM,8M5CL,D1D,2,5405002
D437801,320,GF1NR320JKD7,0,0,0,0,0,0,0.2604350365,1.3021774721,0,0,0,0,0,0,0,9.4697706498,0,0,0,11.032383158,D4378010,PYZA,03/16/2025 6:39:52 PM,BPD448,8M5CL,8M5CL,06/03/2026 9:14:59 PM,8M5CL,D1D,3,5405133
D437801,326,GF1NR326JKH2,0,0,0,0,0,0,0.177690079,4.68523171,2.765187364,0,0,0,0,0,0,0,0,0.7876982885,0,8.4158074415,D4378010,PYZA,03/16/2025 6:39:52 PM,BPD448,8M5CL,8M5CL,02/19/2026 9:57:54 AM,8M5CL,D1D,4,5405064
D437801,334,GF1NR334JKD2,0,0,0,0.6051034137,0,0,0.5776141174,0,2.7739024212,0,0,0,0,0,0,0,0,5.4273465397,0,9.3839642022,D4378010,PYZA,03/16/2025 6:39:52 PM,BPD448,8M5CL,8M5CL,02/19/2026 9:57:24 AM,8M5CL,D1D,5,5405048
D437801,336,GF1NR336JKE3,0,0,0,0,0,0,1.4888413581,2.3878890431,0,0,0,0,0,0,0,2.2532773591,0,0.9979748046,0,7.127982565,D4378010,PYZA,03/16/2025 6:39:52 PM,BPD448,8M5CL,8M5CL,02/19/2026 9:57:12 AM,8M5CL,D1D,6,5405044
D437801,340,GF1NR340JKF4,0,0,0,0,0,0,0,2.2773891701,0,0,0,0,0,0,0,2.5329995546,0,4.2096062024,0.4742218475,9.4942167746,D4378010,PYZA,03/16/2025 6:39:52 PM,BPD448,8M5CL,8M5CL,02/19/2026 9:57:42 AM,8M5CL,D1D,7,5405125
D437801,343,GF1NR343JKD4,0,0,0,0,0,0,0.347965719,0,0,0,0,0,0,0,0,0,0,5.2773495511,0,5.62531527,D4378010,PYZA,03/16/2025 6:39:52 PM,BPD448,8M5CL,8M5CL,02/19/2026 9:57:05 AM,8M5CL,D1D,8,5404963
D446857,52,A0UZ5052SLG3,0,0,0,0,0,0,0.4239376349,0,0,0,0,0,0,0,0,0,0,3.4195050893,0,3.8434427242,D4468570,PXSA,03/20/2025 2:44:45 PM,BPD432,8M5CL,8M5CL,02/20/2026 9:47:44 AM,8M5CL,D1D,1,5767720
D446857,57,A0UZ5057SLF4,0,0,0,0,0,0,0,1.6039583939,0,0,0,0,0,1.1656344049,0,3.9786254464,0,5.6659531199,0,12.414173537,D4468570,PXSA,03/20/2025 2:44:45 PM,BPD432,8M5CL,8M5CL,02/20/2026 9:47:43 AM,8M5CL,D1D,2,5767745
D446857,59,A0UZ5059SLG5,0,0,0,0,0,0,0.5986902911,8.1344187564,2.5463357494,0,0,0,0,2.7792380593,0,3.2754879082,0,4.3521365859,0,18.49236001,D4468570,PXSA,03/20/2025 2:44:45 PM,BPD432,8M5CL,8M5CL,02/20/2026 9:47:57 AM,8M5CL,D1D,3,5767749
D446857,60,A0UZ5060SLC3,0,0,0,0,0,0,0.2750467739,2.3362647285,0,0,0,0,0,0,0,0.8973023481,0,2.8917932084,0,5.3687802435,D4468570,PXSA,03/20/2025 2:44:45 PM,BPD432,8M5CL,8M5CL,02/20/2026 9:47:38 AM,8M5CL,D1D,4,5767773
D437825,1,GL9GV001JKG1,0,0,0,0,0,0,0,8.1772045327,1.3914433978,0,0,0,0,1.8895241304,0,2.4646149167,0,2.9254589927,0.5582544747,14.476654281,D4378250,PXSA,03/19/2025 10:34:39 AM,BPD434,8M5CL,8M5CL,02/20/2026 9:23:54 AM,8M5CL,D1D,1,5413401
D437825,49,GL9GV049JKG4,0,0,0,0,0,0,0,6.4830897754,2.7375012947,0,0,0,0,0.9447620652,0,1.5355163549,0,5.8675783758,0,15.583361596,D4378250,PXSA,03/19/2025 10:34:39 AM,BPD434,8M5CL,8M5CL,02/20/2026 9:25:32 AM,8M5CL,D1D,2,5413446
D437825,57,GL9GV057JKC4,0,0,0,0,0,0,0.5222927039,3.4310131191,2.3571161967,0,0,0,0,2.6979602874,0,0,0,2.6858173801,0,9.7091134169,D4378250,PXSA,03/19/2025 10:34:39 AM,BPD434,8M5CL,8M5CL,02/20/2026 9:23:37 AM,8M5CL,D1D,3,5413417
D437825,64,GL9GV064JKB5,0,0,0,0,0,0,0.2063680153,0,0.5469398653,0,0,0,0,0,0,0,0,4.9646802188,0,5.7179880995,D4378250,PXSA,03/19/2025 10:34:39 AM,BPD434,8M5CL,8M5CL,02/20/2026 9:25:01 AM,8M5CL,D1D,4,5413447
D437825,91,GL9GV091JKC3,0,0,0,0,0,0,0.5006218168,0,1.4964162366,0,0,0,0,0,0,1.9249190439,0,0,0,3.9219570974,D4378250,PXSA,03/19/2025 10:34:39 AM,BPD434,8M5CL,8M5CL,02/20/2026 9:25:13 AM,8M5CL,D1D,5,5413396
D437825,97,GL9GV097JKF6,0,0,0,0,0,0,0.2412944033,0,0.6011727348,0,0,0,0,0,0,0,0,2.7641348975,0,3.6066020356,D4378250,PXSA,03/19/2025 10:34:39 AM,BPD434,8M5CL,8M5CL,02/20/2026 9:23:27 AM,8M5CL,D1D,6,5413414
D437825,132,GL9GV132JKA7,0,0,0,0,0,0,0.8793065402,2.1299484129,4.0998108231,0,0,0,0,0,0,0,0,1.6956126735,0,8.8046762956,D4378250,PXSA,03/19/2025 10:34:39 AM,BPD434,8M5CL,8M5CL,02/20/2026 9:25:08 AM,8M5CL,D1D,7,5413421
D437825,137,GL9GV137JKA0,0,0,0,0,0,0,0,4.258759344,0,0,0,0,0,0,0,0,0,6.9908592059,0,10.666906683,D4378250,PXSA,03/19/2025 10:34:39 AM,BPD434,8M5CL,8M5CL,02/20/2026 9:25:20 AM,8M5CL,D1D,8,5413419
D437825,141,GL9GV141JKB1,0,0,0,0,0,0,0,1.1683622696,3.5543599512,0,0,0,0,0,0,0,0,7.4711805836,0,12.193904976,D4378250,PXSA,03/19/2025 10:34:39 AM,BPD434,8M5CL,8M5CL,02/20/2026 9:24:55 AM,8M5CL,D1D,9,5413403
D437825,169,GL9GV169JKH2,0,0,0,0,0,0,0.43723154,0.7558574332,1.7010299813,0,0,0,0,0,0,0,0,4.043258031,0,6.9373769855,D4378250,PXSA,03/19/2025 10:34:39 AM,BPD434,8M5CL,8M5CL,02/20/2026 9:23:58 AM,8M5CL,D1D,10,5413416
D437825,186,GL9GV186JKD4,0,0,0,0,0,0,0.4929653664,0,0,0,0,0,0,0,0,1.7734552059,0,4.8366071083,0,7.1030276807,D4378250,PXSA,03/19/2025 10:34:39 AM,BPD434,8M5CL,8M5CL,02/20/2026 9:24:49 AM,8M5CL,D1D,11,5413379
D437825,245,GL9GV245JKC4,0,0,0,0,0,0,0,6.0675573567,0,0,0,0,0,4.9055130477,0,2.5796760769,0,5.5151560631,0,16.012956852,D4378250,PXSA,03/19/2025 10:34:39 AM,BPD434,8M5CL,8M5CL,02/20/2026 9:23:24 AM,8M5CL,D1D,12,5413383
D446856,213,JF8MA213MMG4,1.1312515813,0,0,0.1301838689,0,0,0,1.632331662,0,0,0,0,0,0.9501743573,0,0,0,17.856708889,0,21.37379309,D4468560,PXSA,03/19/2025 2:13:41 AM,BPD432,8M5CL,8M5CL,02/20/2026 9:47:38 AM,8M5CL,D1D,1,5767671
D446856,215,JF8MA215MMA2,1.163251867,0,0,0,0,0,0.4169984288,0,0,0,0,0,0,0,0,0,0,4.6762464428,0,6.2564967385,D4468560,PXSA,03/19/2025 2:13:41 AM,BPD432,8M5CL,8M5CL,02/20/2026 9:47:12 AM,8M5CL,D1D,2,5767675
D446856,216,JF8MA216MME4,0,0,0,0,0,0,0,0,0,0,0,0,0,0,0,1.6731319156,0,29.642212731,0,31.315344647,D4468560,PXSA,03/19/2025 2:13:41 AM,BPD432,8M5CL,8M5CL,02/20/2026 9:47:17 AM,8M5CL,D1D,3,5767668
D446856,223,JF8MA223MMD5,0,0,0,0,0,0,3.227808916,1.7266753847,1.5446121332,0,0,0,0,0,0,3.2176424074,0,3.6714583225,0,12.968027809,D4468560,PXSA,03/19/2025 2:13:41 AM,BPD432,8M5CL,8M5CL,02/20/2026 9:47:16 AM,8M5CL,D1D,4,5767661
D450807,326,GL1KC326JKB4,0,0,0,0,0,0,0,0,0,0,0,0,0,0,0,1.6731319156,0,2.2230875974,0,3.8962195131,D4508070,PXSA,03/30/2025 1:37:35 AM,BPD458,8M5CL,8M5CL,02/20/2026 2:18:10 PM,8M5CL,D1D,1,5907761
D450807,328,GL1KC328JKC5,0,0,0,0,0,0,3.8860949862,2.0636801534,18.324101104,0,0,0,0,0,0,18.039106444,0,4.2236510197,0.4461254277,44.818654445,D4508070,PXSA,03/30/2025 1:37:35 AM,BPD458,8M5CL,8M5CL,02/20/2026 2:18:17 PM,8M5CL,D1D,2,5907764
D450807,329,GL1KC329JKG7,0,0,0,0,0,0,1.0004031212,3.5099887122,0,0,0,0,0,0,0,0,0,7.4196378403,0,11.930031846,D4508070,PXSA,03/30/2025 3:50:10 AM,BPD458,8M5CL,8M5CL,02/20/2026 2:18:21 PM,8M5CL,D1D,3,5907732
D450807,330,GL1KC330JKC5,0,0,0,0,0,0,0,0,0.5469398653,0,0,0,0,0,0,0,1.3926609804,4.2249435125,0,6.1645443581,D4508070,PXSA,03/30/2025 3:50:10 AM,BPD458,8M5CL,8M5CL,02/20/2026 2:18:04 PM,8M5CL,D1D,4,5907768
D449EA1,75,MBYTY075WAC2,0,0,0,0,0,0,0,4.0900139798,0,0,0,0,0,0,0,0,0,1.5815143222,1.5258862975,5.6880540366,D449EA10,PXSA,05/03/2025 5:53:17 AM,BPD434,8M5CL,8M5CL,02/20/2026 9:23:22 AM,8M5CL,D1D,1,5901889
D449EA1,76,MBYTY076WAG4,2.3666318466,0,0,0,0,0,0,0,0,0,0,0,0,0,0,1.8520883131,0,4.9864242559,0,8.32097164,D449EA10,PXSA,05/03/2025 5:53:17 AM,BPD434,8M5CL,8M5CL,02/20/2026 9:23:27 AM,8M5CL,D1D,2,5901906
D429830,545,GF0MD545JKA1,0,0,0,0,0,0,0.747076871,2.179119229,2.5678208565,0,0,0,0,0,0,4.6285517805,0,5.3607585565,0,15.483329583,D4298300,PYZA,05/01/2025 12:13:26 PM,BPD436,8M5CL,8M5CL,02/20/2026 10:22:17 AM,8M5CL,D1D,1,5094747
D429830,546,GF0MD546JKE3,0,0,0,0,0,0,0.5151432316,4.2074949878,0,0,0,0,0,0,0,0,0,3.2518085901,0,7.9744468095,D4298300,PYZA,05/01/2025 12:13:26 PM,BPD436,8M5CL,8M5CL,02/20/2026 10:22:33 AM,8M5CL,D1D,2,5094766
D429830,547,GF0MD547JKB2,0,0,0,0,0,0,1.178481363,2.2753901567,0.6030494447,0,0,0,0,0,0,7.4317387175,0,0.8170514989,0,12.305711181,D4298300,PYZA,05/01/2025 12:13:26 PM,BPD436,8M5CL,8M5CL,02/20/2026 10:21:59 AM,8M5CL,D1D,3,5094788
D429830,548,GF0MD548JKF4,0,0,0,0,0,0,0.6819085765,0,4.6923576317,0,0,0,0,0,0,2.5329995546,0,7.7339698495,0,15.641235612,D4298300,PYZA,05/01/2025 12:13:26 PM,BPD436,8M5CL,8M5CL,02/20/2026 10:22:00 AM,8M5CL,D1D,4,5094699
D429830,678,GF0MD678JKD3,0,0,0,0,0,0,1.002769689,1.3421004944,0.7113968863,0,0,0,0,1.218816553,0,2.6043732628,0,3.400079054,0.9299442344,11.209480174,D4298300,PYZA,05/01/2025 12:13:26 PM,BPD436,8M5CL,8M5CL,02/20/2026 10:22:01 AM,8M5CL,D1D,5,5094717
D429830,679,GF0MD679JKA2,0,0,0,0,0,0,0.7695514602,2.8742515195,0,0,0,0,0,0,0,4.6464123812,0,3.2776492157,0,11.567864577,D4298300,PYZA,05/01/2025 12:13:26 PM,BPD436,8M5CL,8M5CL,02/20/2026 10:21:58 AM,8M5CL,D1D,6,5094753
D429830,681,GF0MD681JKA2,0,0,0,0,0,0,0.8830074916,0.8330298671,2.0764001664,0,0,0,0,0,0,1.1646920633,0,6.0188255208,0,10.764510785,D4298300,PYZA,05/01/2025 12:13:26 PM,BPD436,8M5CL,8M5CL,02/20/2026 10:22:10 AM,8M5CL,D1D,7,5094770
D429830,682,GF0MD682JKE4,0,0,0,0,0,0,0.8286631792,1.0968240704,1.4650730202,0,0,0,0,0,0,9.5684550485,0,2.5358251932,0,14.642937943,D4298300,PYZA,05/01/2025 12:13:26 PM,BPD436,8M5CL,8M5CL,02/20/2026 10:22:07 AM,8M5CL,D1D,8,5094754
D446YK2,64,GF9DU064JKF4,0,0,0,0,0,0,0.6415072544,0,0.5469398653,0,0,0,0,0,0,2.3829258724,0.9389960114,5.6341914836,0,10.144560487,D446YK20M,PXSA,05/02/2025 7:42:50 PM,BPD442,8M5CL,8M5CL,02/20/2026 11:35:39 AM,8M5CL,D1D,1,6648835
D446YK2,65,GF9DU065JKC3,0,0,0,0,0,0,0.2640468801,0.8995872354,1.5785280054,0.5490066658,0,0,0,0,0,2.7317740819,0,5.125901061,0,11.14884393,D446YK20M,PXSA,05/02/2025 7:42:50 PM,BPD442,8M5CL,8M5CL,02/20/2026 11:35:46 AM,8M5CL,D1D,2,6648887
D446YK2,66,GF9DU066JKG5,0,0,0,0,0,0,0.1813432008,0,1.4877130542,0,0,0,0,1.0718039538,0,5.1941256929,0,1.1320082679,0,9.0669941696,D446YK20M,PXSA,05/02/2025 7:42:50 PM,BPD442,8M5CL,8M5CL,02/20/2026 11:35:14 AM,8M5CL,D1D,3,6425014
D446YK2,67,GF9DU067JKD4,0,0,1.1235414541,0,0,0,0.8564604761,0,3.6169140593,0.4560920315,0,0,0,0,0,4.7438088757,0,2.5103457443,0,13.235514927,D446YK20M,PXSA,05/02/2025 7:42:50 PM,BPD442,8M5CL,8M5CL,02/20/2026 11:35:07 AM,8M5CL,D1D,4,6424973
D446YK2,68,GF9DU068JKA3,0,0,0,0,0,0,0.7207801455,0,0.5962700068,0,0,0,0,0,0,0,0,3.8326719509,0,5.1497221032,D446YK20M,PXSA,05/02/2025 7:42:50 PM,BPD442,8M5CL,8M5CL,02/20/2026 11:35:20 AM,8M5CL,D1D,5,6445477
D446YK2,69,GF9DU069JKE5,0,0,0,0,0,0,0.4513790805,3.9046994437,2.6329519699,0,0,0,1.6444745694,0,0,14.651055187,0,1.0285439995,0,21.64868193,D446YK20M,PXSA,05/02/2025 7:42:50 PM,BPD442,8M5CL,8M5CL,02/20/2026 11:35:27 AM,8M5CL,D1D,6,6445391
D434898,713,KH54J713WFH1,0,0,0,0,0,0,0.54140296,0,0,0,0,0,0,0,0,5.3172425276,0,2.9058709259,0,8.7645164135,D4348980,PXSA,04/30/2025 8:11:34 AM,BPD444,8M5CL,8M5CL,02/19/2026 12:47:55 PM,8M5CL,D1D,1,5302041
D434898,725,KH54J725WFF3,0,0,0,0,0,0,0,0,0,0,0,0,0,0,0,0,0,4.8048209583,0,4.8048209583,D4348980,PXSA,04/30/2025 8:11:34 AM,BPD444,8M5CL,8M5CL,02/19/2026 12:47:54 PM,8M5CL,D1D,2,5302132
D434898,732,KH54J732WFE4,0,0,0,0,0,0,0,4.168231083,5.3032831714,0,0,0,0,0,0,0,0,5.5670701789,0,14.460624741,D4348980,PXSA,04/30/2025 8:11:34 AM,BPD444,8M5CL,8M5CL,02/19/2026 12:47:49 PM,8M5CL,D1D,3,5302165
D434898,735,KH54J735WFC4,0,0,0,0,0,0,0,0,0,0,0,0,0,0,0,1.6868889564,0,0.7471221849,0,2.4340111413,D4348980,PXSA,04/30/2025 8:11:34 AM,BPD444,8M5CL,8M5CL,02/19/2026 12:47:41 PM,8M5CL,D1D,4,5302145
D449YMP,688,GG1ES688JKG3,0,0,0,0,0,0,0.224415523,0,2.2930997777,0,0,0,0,0,0,0.9528967713,0,1.735860899,0.5989217711,5.6170465668,D449YMP0,PXSA,05/01/2025 5:28:47 AM,BPD432,8M5CL,8M5CL,02/20/2026 9:47:44 AM,8M5CL,D1D,1,5899652
D449YMP,690,GG1ES690JKG3,0,0,0,0,0,0,0,1.2635624923,5.508498714,0,0,0,0,0,0,1.8531804695,0,0.9074441082,1.5387514403,10.634923635,D449YMP0,PXSA,05/01/2025 5:28:47 AM,BPD432,8M5CL,8M5CL,02/20/2026 9:47:46 AM,8M5CL,D1D,2,5899672
D449YMP,691,GG1ES691JKD2,0,0,0,0,0,0,0.5959602545,0,1.3113731839,0,0,0,0,0,0,0,0,2.3699410703,0,4.2772745086,D449YMP0,PXSA,05/01/2025 5:28:47 AM,BPD432,8M5CL,8M5CL,02/20/2026 9:47:40 AM,8M5CL,D1D,3,5899658
D449YMP,692,GG1ES692JKA1,0,0,0,0,0,0,0,0,0,0,0,0,0,0,0,1.0363638015,0,1.4820583983,0,2.5184221998,D449YMP0,PXSA,05/01/2025 5:28:47 AM,BPD432,8M5CL,8M5CL,02/20/2026 9:47:45 AM,8M5CL,D1D,4,5899648
D449YMP,693,GG1ES693JKE3,7.7796464838,0,0,0,0,0,0,1.781119742,4.3090728106,0,0,0,0,0,0,10.152232888,0,0.7471221849,7.4276715756,29.593064511,D449YMP0,PXSA,05/01/2025 5:28:47 AM,BPD432,8M5CL,8M5CL,02/20/2026 9:47:42 AM,8M5CL,D1D,5,5899709
D449YMP,694,GG1ES694JKB2,0,0,0,0,0,0,0.1055858901,0,3.1253078806,0,0,0,0,0,0,7.5720991638,0,1.0727927107,3.6529120538,15.415367623,D449YMP0,PXSA,05/01/2025 5:28:47 AM,BPD432,8M5CL,8M5CL,02/20/2026 9:47:43 AM,8M5CL,D1D,6,5899647
D449875,63,GJ7QR063JDD7,0,0,0,0,0,0,0,3.4317450382,2.7971494449,0,0,0,0,0,0,1.6423656867,0,66.376563242,1.4416851928,75.441537883,D4498750,PXSA,04/06/2025 3:58:45 AM,BPD446,8M5CL,8M5CL,02/23/2026 4:02:36 PM,8M5CL,D1D,1,5876140
D449875,64,GJ7QR064JDA6,0,0,0,0,0,0,0,5.4064822582,0,0,0,0,0,0,0,2.5857244535,0,1.14521539,1.1049348523,8.4692744168,D4498750,PXSA,04/06/2025 3:58:45 AM,BPD446,8M5CL,8M5CL,02/23/2026 4:02:50 PM,8M5CL,D1D,2,5876208
D449875,65,GJ7QR065JDF0,0,0,0,0,0,0,0.7757908269,0,2.5045968129,0,0,0,0,0,0,0,0,2.7641348975,0,6.0445225372,D4498750,PXSA,04/06/2025 3:58:45 AM,BPD446,8M5CL,8M5CL,02/23/2026 4:02:34 PM,8M5CL,D1D,3,5876246
D449875,66,GJ7QR066JDB7,0,0,0,0,0,0,0,3.5677820163,1.4991149948,0,0,0,0,0,0,5.0512556942,0,1.7081649327,0,11.826317638,D4498750,PXSA,04/06/2025 3:58:45 AM,BPD446,8M5CL,8M5CL,02/23/2026 4:03:33 PM,8M5CL,D1D,4,5876166
D449875,69,GJ7QR069JDH2,0,0,0,0,0,0,0,1.1799426634,1.4873704113,0,0,0,0,0,0,1.9132821815,0,0,0,4.5805952563,D4498750,PXSA,04/06/2025 3:58:45 AM,BPD446,8M5CL,8M5CL,02/23/2026 4:02:55 PM,8M5CL,D1D,5,5876139
D449875,73,GJ7QR073JDB0,0,0,0,0,0,0,0.208064841,0,0,0,0,0,0,0,0,0,0,0,0,0.208064841,D4498750,PXSA,04/06/2025 3:58:45 AM,BPD446,8M5CL,8M5CL,02/23/2026 4:03:45 PM,8M5CL,D1D,6,5876123
D449875,74,GJ7QR074JDF2,0,0,0,0,0,0,0.8099147565,1.3161884903,0,0,0,0,0,0,0,3.460843317,0,4.8954780007,0,9.9044627182,D4498750,PXSA,04/06/2025 3:58:45 AM,BPD446,8M5CL,8M5CL,02/23/2026 4:01:46 PM,8M5CL,D1D,7,5876161
D449875,75,GJ7QR075JDC1,0,0,0,0,0,0,0.3931578467,1.6370142069,0,0,0,0,0,0,0,5.2574597216,0,82.244154876,0.4605834521,88.549920414,D4498750,PXSA,04/06/2025 3:58:45 AM,BPD446,8M5CL,8M5CL,02/23/2026 4:02:46 PM,8M5CL,D1D,8,5876162
D449875,79,GJ7QR079JDE3,0,0,0,0,0,0,0,0,0,0,0,0,0,0,0,0,0,0,0,0,D4498750,PXSA,04/06/2025 3:58:45 AM,BPD446,8M5CL,8M5CL,02/23/2026 4:03:21 PM,8M5CL,D1D,9,5876175
D449875,85,GJ7QR085JDG5,0,0,0,0,0,0,0.5434662335,1.3032721206,0.6908165377,0,0,0,0,0,0,1.3089863022,0,1.8719233217,0,5.7184623439,D4498750,PXSA,04/06/2025 3:58:45 AM,BPD446,8M5CL,8M5CL,02/23/2026 4:03:27 PM,8M5CL,D1D,10,5876172
D449875,86,GJ7QR086JDD4,0,0,0,0,0,0,1.6111784279,1.3853627044,0,0,0,0,0,0,0,2.3373482683,0,1.0352113287,1.6220310591,7.4131720963,D4498750,PXSA,04/06/2025 3:58:45 AM,BPD446,8M5CL,8M5CL,02/23/2026 4:01:34 PM,8M5CL,D1D,11,5876145
D449875,87,GJ7QR087JDA3,0,0,0,0,0,0,0.8153188029,0.5827118669,1.2522984064,0,0,0,0,0,0,3.7321359376,0,0.8120610027,0,7.1945260166,D4498750,PXSA,04/06/2025 3:58:45 AM,BPD446,8M5CL,8M5CL,02/23/2026 4:01:40 PM,8M5CL,D1D,12,5876148
D438875,237,GL5BS237JKF0,0,0,0,0,0,0,1.4201619927,3.4565803353,0,0,0,0,0,0,0,4.7490256998,0,0,0,8.5854416508,D4388750,PXSA,04/06/2025 9:11:05 PM,BPD434,8M5CL,8M5CL,06/03/2026 9:05:23 PM,8M5CL,D1D,1,5457433
D438875,238,GL5BS238JKB7,0,0,0,0,0,0,0.7150587107,1.9008497577,0.7040746762,0,0,0,0,0,0,7.5293844312,0,1.9005955675,0,12.59348535,D4388750,PXSA,04/06/2025 9:11:05 PM,BPD434,8M5CL,8M5CL,02/20/2026 9:23:46 AM,8M5CL,D1D,2,5457448
D438875,239,GL5BS239JKG1,0,0,0,0,0,0,0.4755845362,1.4678127507,0.8482052103,0,0,0,0,1.3761882053,0,2.3172428938,0,2.5483729604,1.0170504803,10.050457037,D4388750,PXSA,04/06/2025 9:11:05 PM,BPD434,8M5CL,8M5CL,02/20/2026 9:24:15 AM,8M5CL,D1D,3,5457468
D438875,240,GL5BS240JKB7,0,0,0,0.6704741719,0,0,0.3619346016,1.53941492,0,0,0,0,0,1.6093517048,0,7.3612311194,0,3.1158576042,0,13.122851621,D4388750,PXSA,04/06/2025 9:11:05 PM,BPD434,8M5CL,8M5CL,02/20/2026 9:24:10 AM,8M5CL,D1D,4,5457397
D438875,242,GL5BS242JKD0,0,0,0,0,0,0,1.6163505533,6.1490926069,3.4088463321,0,0,0,0,0,0,4.3849821238,0,6.0778310169,0,21.059145095,D4388750,PXSA,04/06/2025 9:11:05 PM,BPD434,8M5CL,8M5CL,02/20/2026 9:23:15 AM,8M5CL,D1D,5,5457419
D438875,245,GL5BS245JKB0,0,0,0,0,0,0,0.9233713489,4.5488447353,3.336888755,0,0,0,0,0,0,2.8600315049,0,3.584466369,0,14.890442691,D4388750,PXSA,04/06/2025 9:11:05 PM,BPD434,8M5CL,8M5CL,02/20/2026 9:24:26 AM,8M5CL,D1D,6,5457456
D435ELL,74,KH5CW074WFF7,0,0,0,0,0,0,0,0.9366100622,0,0,0,0,0,0,0,0,0,0,0,0.9366100622,D435ELL0,X78D,04/07/2025 12:59:45 AM,BPD454,8M5CL,8M5CL,08/06/2025 5:50:21 PM,8M5CL,D1D,1,5362320
D435ELL,75,KH5CW075WFC6,0,0,0,0,0,0,0.2443991853,0,0,0,0,0,0,0,0,2.4914480059,0,0,0,2.7358471912,D435ELL0,X78D,04/07/2025 12:59:45 AM,BPD454,8M5CL,8M5CL,08/06/2025 5:50:08 PM,8M5CL,D1D,2,5362311
D435ELL,98,KH5CW098WFC3,0,0,0,0,0,0,0,0,0,0,0,0,0,0,0,0,0,0,0,0,D435ELL0,X78D,04/07/2025 12:59:45 AM,BPD454,8M5CL,8M5CL,08/06/2025 5:50:22 PM,8M5CL,D1D,3,5362366
D435ELL,152,KH5CW152WFC2,0,0,0,0,0,0,0,1.9776394895,0,0,0,0,0,0,0,0,0,0,0,1.9776394895,D435ELL0,X78D,04/07/2025 12:59:45 AM,BPD454,8M5CL,8M5CL,08/06/2025 5:49:52 PM,8M5CL,D1D,4,5362318
D435ELL,160,KH5CW160WFF5,0,0,0,0,0,0,0,1.5658751714,0,0,0,0,0,0,0,0,0,0,0,1.5658751714,D435ELL0,X78D,04/07/2025 12:59:45 AM,BPD454,8M5CL,8M5CL,08/06/2025 5:49:28 PM,8M5CL,D1D,5,5362316
D435ELL,196,KH5CW196WFA3,0,0,0,0,0,0,0,0,0,0,0,0,0,0,0,0,0,0,0,0,D435ELL0,X78D,04/07/2025 12:59:45 AM,BPD454,8M5CL,8M5CL,08/06/2025 5:50:18 PM,8M5CL,D1D,6,5362340
D435ELL,203,KH5CW203WFF2,0,0,0,0,0,0,0,1.1369703201,0,0,0,0,0,0,0,0,0,0,0,1.1369703201,D435ELL0,X78D,04/07/2025 12:59:45 AM,BPD454,8M5CL,8M5CL,08/06/2025 5:49:30 PM,8M5CL,D1D,7,5362390
D435ELL,286,KH5CW286WFC3,0,0,0,0,0,0,0,0.9366100622,0,0,0,0,0,0,0,1.2459128784,0,1.3182944837,0,3.5008174243,D435ELL0,X78D,04/07/2025 12:59:45 AM,BPD454,8M5CL,8M5CL,08/06/2025 5:50:14 PM,8M5CL,D1D,8,5362385
D435ELL,287,KH5CW287WFG5,0,0,0,0,0,0,0,2.3233741324,0,0,0,0,0,0,0,0,0,0,0,2.3233741324,D435ELL0,X78D,04/07/2025 12:59:45 AM,BPD454,8M5CL,8M5CL,08/06/2025 5:49:57 PM,8M5CL,D1D,9,5362335
D435ELL,299,KH5CW299WFE7,0,0,0,0,0,0,0.2024341052,0.6416467285,0,0,0,0,0,0,0,1.3557926166,0,0,0,2.1998734503,D435ELL0,X78D,04/07/2025 12:59:45 AM,BPD454,8M5CL,8M5CL,08/06/2025 5:49:26 PM,8M5CL,D1D,10,5362281
D435ELL,311,KH5CW311WFA3,0,0,0,0,0,0,0,0,0,0,0,0,0,0,0,0,0,0.5932019062,0,0.5932019062,D435ELL0,X78D,04/07/2025 12:59:45 AM,BPD454,8M5CL,8M5CL,08/06/2025 5:49:49 PM,8M5CL,D1D,11,5362329
D450818,126,A0ZKU126SLA1,0,0,0,6.676946662,0,0,0,0,0,0,0,0,0,0,0,26.138857172,0,0,0,31.88334999,D4508180,PXSA,04/07/2025 2:57:45 AM,BPD434,8M5CL,8M5CL,02/20/2026 9:25:27 AM,8M5CL,D1D,1,5904725
D450818,127,A0ZKU127SLE3,0,0,0,15.490913913,0,0,0,0,0,0,0,0,0,0,0,29.754019389,0,0,0,43.182326589,D4508180,PXSA,04/07/2025 2:57:45 AM,BPD434,8M5CL,8M5CL,02/20/2026 9:24:56 AM,8M5CL,D1D,2,5904681
D450818,128,A0ZKU128SLB2,0,0,0,6.4385549836,0,0,0,0,0,0,0,0,0,0,0,15.86836265,0,0,0,21.390324831,D4508180,PXSA,04/07/2025 2:57:45 AM,BPD434,8M5CL,8M5CL,02/20/2026 9:25:47 AM,8M5CL,D1D,3,5904699
D450818,130,A0ZKU130SLB2,0,0,0,11.537792318,0,0,0,0,0,0,0,0,0,0,0,18.586132475,0,0,0,28.985143863,D4508180,PXSA,04/07/2025 2:57:45 AM,BPD434,8M5CL,8M5CL,06/03/2026 9:36:57 PM,8M5CL,D1D,4,5904720
D450818,131,A0ZKU131SLF4,0,0,0,5.4211924171,0,0,0,0,0,0,0,0,0,0,0,19.299684171,0,0,0,24.720876588,D4508180,PXSA,04/07/2025 2:57:45 AM,BPD434,8M5CL,8M5CL,02/20/2026 9:25:21 AM,8M5CL,D1D,5,5904700
D450818,132,A0ZKU132SLC3,0,0,0,9.4066871245,0,0,0,0,0,0,0,0,0,0,0,17.492550018,0,0,0,25.684767834,D4508180,PXSA,04/07/2025 2:57:45 AM,BPD434,8M5CL,8M5CL,02/20/2026 9:24:04 AM,8M5CL,D1D,6,5904779
D450818,251,A0ZKU251SLG2,0,0,0,4.9817129949,0,0,0,0,0,0,0,0,0,0,0,10.735746174,0,0,0,15.458570472,D4508180,PXSA,04/07/2025 2:57:45 AM,BPD434,8M5CL,8M5CL,02/20/2026 9:24:32 AM,8M5CL,D1D,7,5904748
D450818,254,A0ZKU254SLE2,0,0,0,4.3869337879,0,0,0,0,0,0,0,0,0,0,0,14.770206922,0,0,0,19.028753093,D4508180,PXSA,04/07/2025 2:57:45 AM,BPD434,8M5CL,8M5CL,02/20/2026 9:24:08 AM,8M5CL,D1D,8,5904772
D450818,255,A0ZKU255SLB1,0,0,0,4.3614169728,0,0,0,0,0,0,0,0,0,0,0,16.137094244,0,0,0,19.556355391,D4508180,PXSA,04/07/2025 2:57:45 AM,BPD434,8M5CL,8M5CL,02/20/2026 9:25:09 AM,8M5CL,D1D,9,5904732
D450818,257,A0ZKU257SLC2,0,0,0,7.7113456162,0,0,0,0,0,0,0,0,0,0,0,17.432028568,0,0,0,24.397650681,D4508180,PXSA,04/07/2025 2:57:45 AM,BPD434,8M5CL,8M5CL,02/20/2026 9:25:45 AM,8M5CL,D1D,10,5904712
D450818,258,A0ZKU258SLG4,0,0,0,1.8553001577,0,0,0,0,0,0,0,0,0,0,0,12.667478408,0,0,0,13.03012388,D4508180,PXSA,04/07/2025 2:57:45 AM,BPD434,8M5CL,8M5CL,02/20/2026 9:24:26 AM,8M5CL,D1D,11,5904744
D450818,259,A0ZKU259SLD3,0,0,0,4.4143236484,0,0,0,0,0,0,0,0,0,0,0,45.193725026,0,0,0,48.218631629,D4508180,PXSA,04/07/2025 2:57:45 AM,BPD434,8M5CL,8M5CL,02/20/2026 9:23:17 AM,8M5CL,D1D,12,5904729
D448YLH,65,GK3TW065JKE2,0,0,0,0,0,0,0.2193585485,1.1454034655,0,0,0,0,0,0,0,1.8572762519,0,10.078693477,0,13.300729571,D448YLH0,PXSA,04/17/2025 1:03:28 PM,BPD458,8M5CL,8M5CL,02/20/2026 2:19:35 PM,8M5CL,D1D,1,5849937
D448YLH,66,GK3TW066JKB1,0,0,0,0,0,0,0,0,0,0,0,0,0,0,0,0,0.9389960114,3.7695552197,0,4.7085512311,D448YLH0,PXSA,04/17/2025 1:03:28 PM,BPD458,8M5CL,8M5CL,02/20/2026 2:19:42 PM,8M5CL,D1D,2,5849901
D448YLH,93,GK3TW093JKB7,0,0,0,0,0,0,0.208064841,1.6157190527,0,0,0,0,0,0,0,0.7735820383,7.7314332123,4.0222278446,0,13.828747316,D448YLH0,PXSA,04/17/2025 1:03:28 PM,BPD458,8M5CL,8M5CL,02/20/2026 2:20:19 PM,8M5CL,D1D,3,5849928
D448YLH,94,GK3TW094JKG1,0,0,0,0,0,0,0,0,0,0,0,0,0,2.0259242849,0,1.5741334304,0,8.772852969,0,11.435853412,D448YLH0,PXSA,04/17/2025 1:03:28 PM,BPD458,8M5CL,8M5CL,02/20/2026 2:20:14 PM,8M5CL,D1D,4,5849970
D448YLH,95,GK3TW095JKD0,0,0,0,0,0,0,0,0.8222687768,1.3113731839,0,0,0,0,0,0,0,0,3.9940630757,0,6.1277050363,D448YLH0,PXSA,04/17/2025 1:03:28 PM,BPD458,8M5CL,8M5CL,02/20/2026 2:19:54 PM,8M5CL,D1D,5,5849923
D448YLH,96,GK3TW096JKH2,0,0,0,0,0,0,0.388279913,1.0318400767,3.3010416627,0,0,0,0,0,0,4.2626218314,0,5.8129884736,0,14.796769803,D448YLH0,PXSA,04/17/2025 1:03:28 PM,BPD458,8M5CL,8M5CL,02/20/2026 2:20:39 PM,8M5CL,D1D,6,5849988
D448YLH,97,GK3TW097JKE1,0,0,0,0,0,0,0,2.4572240539,0,0,0,0,0,0,0,4.7769689383,0,7.9062120225,0,14.365024671,D448YLH0,PXSA,04/17/2025 1:03:28 PM,BPD458,8M5CL,8M5CL,02/20/2026 2:19:25 PM,8M5CL,D1D,7,5849933
D448YLH,98,GK3TW098JKB0,0,0,0,0,0,0,0,2.0636801534,0.5469398653,0,0,0,0,0,0,2.6653355468,0,5.705709418,0,10.981664984,D448YLH0,PXSA,04/17/2025 1:03:28 PM,BPD458,8M5CL,8M5CL,02/20/2026 2:18:14 PM,8M5CL,D1D,8,5849917
D448YLH,101,GK3TW101JKD5,0,0,0,0,0,0,1.1757661636,0,0.5514369847,0,0,0,0,0,0,0.7156301161,0,7.9881261514,0.3099253947,10.74088481,D448YLH0,PXSA,04/17/2025 1:03:28 PM,BPD458,8M5CL,8M5CL,02/20/2026 2:19:18 PM,8M5CL,D1D,9,5849929
D448YLH,148,GK3TW148JKH1,0,0,0,0,0,0,0.6548630132,0,0.5962700068,0,0,0,0,0,0,0,0,7.9860975291,0,9.237230549,D448YLH0,PXSA,04/17/2025 1:03:28 PM,BPD458,8M5CL,8M5CL,02/20/2026 2:20:32 PM,8M5CL,D1D,10,5849957
D448YLH,149,GK3TW149JKE0,0,0,0,0,0,0,0.3597675663,1.7408012064,1.3113731839,0,0,0,0,0,0,0,0.9467167453,8.3921541916,0,12.750812893,D448YLH0,PXSA,04/17/2025 1:03:28 PM,BPD458,8M5CL,8M5CL,02/20/2026 2:20:29 PM,8M5CL,D1D,11,5849945
D448YLH,150,GK3TW150JKH1,0,0,0,0,0,0,0,0,0,0,0,0,0,0,0,4.2129405628,0,9.3727290306,0,13.585671748,D448YLH0,PXSA,04/17/2025 1:03:28 PM,BPD458,8M5CL,8M5CL,02/20/2026 2:19:48 PM,8M5CL,D1D,12,5849914
D448YLJ,214,GL1FJ214JDD4,0,0,0,0,0,0,0.1691011399,0.7412446146,0,0,0,0,0,0,0,1.0363638015,0,5.092206174,2.3221787113,9.3610944413,D448YLJ0,PXSA,04/17/2025 9:35:31 AM,BPD448,8M5CL,8M5CL,02/19/2026 10:09:06 AM,8M5CL,D1D,1,5851152
D448YLJ,215,GL1FJ215JDA3,0,0,0,0,0,0,0.8953064859,1.7956126093,2.0204833557,0,0,0,0,0.9447620652,0,1.0448851255,0,3.4533594568,1.1106297059,10.320276739,D448YLJ0,PXSA,04/17/2025 9:35:31 AM,BPD448,8M5CL,8M5CL,02/19/2026 10:09:13 AM,8M5CL,D1D,2,5851120
D448YLJ,257,GL1FJ257JDE6,0,0,0,0,0,0,0.2496517468,0,3.7426825229,0,0,0,0,0,0,3.3527824764,0,7.0721413215,0,14.411057388,D448YLJ0,PXSA,04/17/2025 9:35:31 AM,BPD448,8M5CL,8M5CL,06/03/2026 8:44:39 PM,8M5CL,D1D,3,5851151
D448YLJ,258,GL1FJ258JDB5,0,0,0,0,0,0,0.2361879781,1.1175689693,4.8832531731,0,0,0,0,0,0,4.3552203232,0,5.3878014291,0,15.494310928,D448YLJ0,PXSA,04/17/2025 9:35:31 AM,BPD448,8M5CL,8M5CL,02/19/2026 10:09:29 AM,8M5CL,D1D,4,5851148
D448YLJ,259,GL1FJ259JDF7,0,0,0,0,0,0,0.2665206364,3.0944171999,1.4512414068,0,0,0,0,0,0,3.0231387028,0,0,0,7.8353179459,D448YLJ0,PXSA,04/17/2025 9:35:31 AM,BPD448,8M5CL,8M5CL,02/19/2026 10:09:00 AM,8M5CL,D1D,5,5851134
D448YLJ,260,GL1FJ260JDB5,0,0,0,0,0,0,0,0,0.5469398653,0,0,0,0,0,0,2.072727603,0,0,0.7535232961,3.1585594118,D448YLJ0,PXSA,04/17/2025 9:35:31 AM,BPD448,8M5CL,8M5CL,02/19/2026 10:08:58 AM,8M5CL,D1D,6,5851057
D439834,45,KHA4U045WFC7,0,0,0,0,0,0,0.5186417958,0,0,0,0,0,0,0,0,7.4922889572,0,3.196336394,0,11.036890711,D4398340,PXSA,04/15/2025 8:55:46 PM,BPD434,8M5CL,8M5CL,02/20/2026 9:25:08 AM,8M5CL,D1D,1,5494287
D439834,47,KHA4U047WFE0,0,0,0,0,0,0,0.9951493754,0,1.9125459187,0,0,0,0,0.9753853873,0,0,1.7809307896,1.888438197,0.7208425964,8.2732922644,D4398340,PXSA,04/15/2025 8:55:46 PM,BPD434,8M5CL,8M5CL,02/20/2026 9:24:37 AM,8M5CL,D1D,2,5494290
D439834,68,KHA4U068WFC4,0,0,0,0.5904322477,0,0,0.3187265677,2.597460288,3.8108288228,0,0,0,0,0,0,2.5580134081,0,5.3644503927,0,15.239911727,D4398340,PXSA,04/15/2025 8:55:46 PM,BPD434,8M5CL,8M5CL,02/20/2026 9:24:55 AM,8M5CL,D1D,3,5494281
D439834,93,KHA4U093WFC1,0,0,0,0,0,0,0.5198363225,2.6633602772,0,0,0,0,0,0,0,1.6868889564,0,1.4942443698,0,6.364329926,D4398340,PXSA,04/15/2025 8:55:46 PM,BPD434,8M5CL,8M5CL,02/20/2026 9:24:44 AM,8M5CL,D1D,4,5494305
D439834,96,KHA4U096WFA1,0,0,0,0,0,0,0.5144121301,0,3.1976271605,0,0,0,0,0,0,0,0.9389960114,5.770118642,0,10.421153944,D4398340,PXSA,04/15/2025 8:55:46 PM,BPD434,8M5CL,8M5CL,02/20/2026 9:24:48 AM,8M5CL,D1D,5,5494243
D439834,99,KHA4U099WFF4,0,0,0,0,0,0,0.2193585485,0,0,0,0,0,0,0,0,1.6868889564,0,3.1170632552,0,5.0233107601,D4398340,PXSA,04/15/2025 8:55:46 PM,BPD434,8M5CL,8M5CL,02/20/2026 9:25:02 AM,8M5CL,D1D,6,5494297
D449YMH,353,GL0VJ353JDD4,0,0,0,0,0,0,0,0,0,0,0,0,0,0,0,9.3196607749,1.4882456737,15.760933427,0,25.900319722,D449YMH0,PXSA,04/16/2025 4:51:06 AM,BPD448,8M5CL,8M5CL,02/19/2026 10:09:07 AM,8M5CL,D1D,1,5884929
D449YMH,354,GL0VJ354JDA3,0.6675660632,0,0,0,0,0,0,2.6281591459,0,0,0,0,0,0,0,3.786092665,0,10.057804063,0,15.799229365,D449YMH0,PXSA,04/16/2025 4:51:06 AM,BPD448,8M5CL,8M5CL,02/19/2026 10:09:46 AM,8M5CL,D1D,2,5884925
D449YMH,355,GL0VJ355JDE5,0,0,0,0,0,0,0.2861325938,6.0144769317,0.8649785377,0,0,0,0,0,0,2.8638995997,0,9.7158396884,0,19.745329523,D449YMH0,PXSA,04/16/2025 4:51:06 AM,BPD448,8M5CL,8M5CL,02/19/2026 10:09:56 AM,8M5CL,D1D,3,5884926
D449YMH,356,GL0VJ356JDB4,0,0,0,0,0,0,0,2.2082217762,2.0298125341,0,0,0,0,0,0,0,1.0047645069,8.8586831068,0,14.101481924,D449YMH0,PXSA,04/16/2025 4:51:06 AM,BPD448,8M5CL,8M5CL,02/19/2026 10:10:01 AM,8M5CL,D1D,4,5884946
D449YMH,395,GL0VJ395JDA4,0,0,0,0,0,0,0.0805523684,0,2.6330562195,0,0,0,0,0,0,0,1.415151496,7.0518930072,0,11.180653091,D449YMH0,PXSA,04/16/2025 4:51:06 AM,BPD448,8M5CL,8M5CL,02/19/2026 10:09:18 AM,8M5CL,D1D,5,5884947
D449YMH,396,GL0VJ396JDE6,0,0,0,0,0,0,0,1.1063544402,0,0,0,0,0,0,0,3.5405664264,0,7.4934186652,0,12.140339532,D449YMH0,PXSA,04/16/2025 4:51:06 AM,BPD448,8M5CL,8M5CL,02/19/2026 10:09:47 AM,8M5CL,D1D,6,5884965
D449YMH,397,GL0VJ397JDB5,0,0,0,0,0,0,0,0,0,0,0,0,0,0,0,1.4312602321,0,3.2469408908,0,4.1434831689,D449YMH0,PXSA,04/16/2025 4:51:06 AM,BPD448,8M5CL,8M5CL,02/19/2026 10:08:59 AM,8M5CL,D1D,7,5884927
D449YMH,399,GL0VJ399JDC6,1.0792766365,0,0,0,0,0,0,3.1928722664,0,0,0,0,0,0,0,3.4777039119,0,11.073082699,2.2719572988,18.488874164,D449YMH0,PXSA,04/16/2025 4:51:06 AM,BPD448,8M5CL,8M5CL,02/19/2026 10:09:51 AM,8M5CL,D1D,8,5884902
D449YMH,400,GL0VJ400JDE2,0,0,0,0,0,0,0,0.9477504959,0,0,0,0,0,0,0,1.944314136,0,6.7053427285,0,9.5974052063,D449YMH0,PXSA,04/16/2025 4:51:06 AM,BPD448,8M5CL,8M5CL,02/19/2026 10:09:41 AM,8M5CL,D1D,9,5884933
D449YMH,401,GL0VJ401JDB1,0,0,0,0,0,0,0,2.9043984002,0,0,0,0,1.5994930357,0,0,0.7985346162,0,1.8108200207,0,7.1132460729,D449YMH0,PXSA,04/16/2025 4:51:06 AM,BPD448,8M5CL,8M5CL,02/19/2026 10:09:12 AM,8M5CL,D1D,10,5884900
D449865,438,GJ8AW438JDA6,0,0,0,0,0,0,0.415331787,7.4885115009,0,0,0,0,0,0,0,0,0,2.8291870119,0,8.8539676623,D4498650,PXSA,04/13/2025 10:21:18 PM,BPD458,8M5CL,8M5CL,06/03/2026 8:45:48 PM,8M5CL,D1D,1,5873733
D449865,439,GJ8AW439JDF0,0,0,0,0,0,0,0.3238666078,1.1257806488,0,0,0,0,0,0,0,1.8254562312,0,1.6872603457,0,4.9623616616,D4498650,PXSA,04/13/2025 10:21:18 PM,BPD458,8M5CL,8M5CL,02/20/2026 2:19:17 PM,8M5CL,D1D,2,5873753
D449865,440,GJ8AW440JDA6,0,0,0,0,0,0,0.6387046992,2.3080474568,0,0,0,0,0,0,0,2.2762090511,2.1970955675,3.3910379356,0,10.751605575,D4498650,PXSA,04/13/2025 10:21:18 PM,BPD458,8M5CL,8M5CL,06/03/2026 9:21:14 PM,8M5CL,D1D,3,5873695
D449865,441,GJ8AW441JDF0,0,0,0,0,0,0,0.168536865,0,2.6333885151,0,0,0,0,0,0,1.6423656867,0,1.6228188854,0,6.0671099521,D4498650,PXSA,04/13/2025 10:21:18 PM,BPD458,8M5CL,8M5CL,02/20/2026 2:19:05 PM,8M5CL,D1D,4,5873768
D435809,872,KH54H872WFG1,0,0,0,0,0,0,0.5239701143,1.0744104809,1.9238432044,0,2.2430264529,0,0,0,0,1.7421596472,0,6.3434361309,0.7444607675,14.17262719,D435809C,PXSA,05/08/2025 4:23:38 AM,BPD434,8M5CL,8M5CL,02/20/2026 9:24:17 AM,8M5CL,D1D,1,6550008
D435809,873,KH54H873WFD0,0,0,0,0,0,0,1.1982645319,0.8168043598,0,0,0,0,0,1.3672249109,0,0,1.9681848028,4.3692769588,0,9.7197555643,D435809C,PXSA,05/08/2025 4:23:38 AM,BPD434,8M5CL,8M5CL,02/20/2026 9:24:36 AM,8M5CL,D1D,2,6550027
D449873,3,MBWYQ003WAA0,0,0,0,0,0,0,0.3929232851,4.9905068837,0.987751997,0,0,0,0,0,0,0,0,3.4886023396,0,9.8597866773,D4498730,PXSA,05/04/2025 8:19:52 PM,BPD434,8M5CL,8M5CL,02/20/2026 9:24:16 AM,8M5CL,D1D,1,5876218
D449873,8,MBWYQ008WAG4,0.6215231617,0,0,0,0,0,0.245114795,1.9975605307,1.4653464665,0,0,0,0,0,0,3.8521756671,0,5.296409264,0,13.478127731,D4498730,PXSA,05/04/2025 8:19:52 PM,BPD434,8M5CL,8M5CL,02/20/2026 9:24:51 AM,8M5CL,D1D,2,5876314
D449873,41,MBWYQ041WAC1,0,0,0,0,0,0,0,0,0,0,0,0,0,0,0,1.7605152415,0,5.1340759677,0,6.8945912093,D4498730,PXSA,05/04/2025 8:19:52 PM,BPD434,8M5CL,8M5CL,06/07/2026 10:41:13 PM,8M5CL,D1D,3,5876283
D449873,43,MBWYQ043WAD2,0,0,0,0,0,0,0.168536865,0,1.8037353912,0,0,0,0,0,0,0,0,3.5761959002,0,5.5484681563,D4498730,PXSA,05/04/2025 8:19:52 PM,BPD434,8M5CL,8M5CL,02/20/2026 9:24:07 AM,8M5CL,D1D,4,5876220
D449873,126,MBWYQ126WAG1,0,0,0,0,0,0,0.8198712593,0,1.3006785769,0,0,0,0,0,0,0,0,0.8054384231,0,2.9259882593,D4498730,PXSA,05/04/2025 8:19:52 PM,BPD434,8M5CL,8M5CL,02/20/2026 9:24:20 AM,8M5CL,D1D,5,5876262
D449873,200,MBWYQ200WAA2,0,0,0,0,0,0,0,1.3516997297,2.4203607719,0,0,0,0,0,0,0,0,0.9707417884,0,4.74280229,D4498730,PXSA,05/04/2025 8:19:52 PM,BPD434,8M5CL,8M5CL,02/20/2026 9:24:42 AM,8M5CL,D1D,6,5876275
D446YJ5,34,GK5AD034JKH2,0,0,0,0,0,0,0.5596170654,1.0462772212,0,0,0,0,0,0,0,0,0,6.3779047595,1.1923138273,7.9064799733,D446YJ50,PXSA,05/15/2025 2:04:45 AM,BPD444,8M5CL,8M5CL,02/19/2026 12:47:54 PM,8M5CL,D1D,1,5778555
D446YJ5,35,GK5AD035JKE1,2.2880616913,0,0,0,0,0,0.5186417958,1.3300512385,1.3113731839,0,0,0,0,0,0,3.108456147,0,7.1111263309,0.6046477217,16.272358109,D446YJ50,PXSA,05/15/2025 2:04:45 AM,BPD444,8M5CL,8M5CL,02/19/2026 12:48:05 PM,8M5CL,D1D,2,5778630
D446YJ5,41,GK5AD041JKG3,0,0,0,0,0,0,0.168536865,0,1.7537824544,0,0,0,0,0,0,3.3292546431,0,7.2468680069,0,12.498441969,D446YJ50,PXSA,05/15/2025 2:04:45 AM,BPD444,8M5CL,8M5CL,02/19/2026 12:47:59 PM,8M5CL,D1D,3,5778561
D436857,381,GF3NU381JKD1,0,0,0,0,0,0,0,2.6262561045,2.5897578826,0,0,0,0,0,0,11.47758855,1.7809307896,17.123942744,1.5152767281,33.735381388,D4368570W,PXSA,05/29/2025 4:39:32 PM,BPD432,8M5CL,8M5CL,02/20/2026 9:47:46 AM,8M5CL,D1D,1,6102219
D436857,384,GF3NU384JKB1,0,0,0,0,0,0,0.1147453557,0,0,0,0,0,0,0,0,4.1564758611,0,0,0,4.2712190626,D4368570W,PXSA,05/29/2025 4:39:32 PM,BPD432,8M5CL,8M5CL,02/20/2026 9:47:46 AM,8M5CL,D1D,2,6108339
D436857,385,GF3NU385JKF3,0,0,0,0.4063562814,0,0,0.3711351172,0,0,0,0,0,0,0,0,2.6872508122,0,5.8811981526,0,9.3459403634,D4368570W,PXSA,05/29/2025 4:39:32 PM,BPD432,8M5CL,8M5CL,06/07/2026 10:08:06 PM,8M5CL,D1D,3,6108527
D436857,386,GF3NU386JKC2,0,0,0,0,0,0,0,0,1.4087546698,0,0,0,0,0,0,1.7643258985,2.5253995067,0.8723636998,0,6.5708437747,D4368570W,PXSA,05/29/2025 4:39:32 PM,BPD432,8M5CL,8M5CL,02/20/2026 9:47:44 AM,8M5CL,D1D,4,6358497
D436857,387,GF3NU387JKG4,0,0,0,0,0,0,0.3262947549,3.0544331318,0,0,0,0,0,0,0,0,0,0,0,2.3404036816,D4368570W,PXSA,05/29/2025 4:39:32 PM,BPD432,8M5CL,8M5CL,02/20/2026 9:47:59 AM,8M5CL,D1D,5,6530603
D436857,388,GF3NU388JKD3,0,0,0,0,0,0,0,3.1972868041,0,0,0,0,0,0,0,4.2452421117,0,1.130575755,0,7.8318600562,D4368570W,PXSA,05/29/2025 4:39:32 PM,BPD432,8M5CL,8M5CL,02/20/2026 9:48:06 AM,8M5CL,D1D,6,6765697
D436857,389,GF3NU389JKA2,0,0,0,0,0,0,0.2644182693,11.903055088,0,0,0,0,0,1.8895241304,0,2.8096441947,1.4853093097,4.1349433886,0,16.911675341,D4368570W,PXSA,05/29/2025 4:39:32 PM,BPD432,8M5CL,8M5CL,02/20/2026 9:48:04 AM,8M5CL,D1D,7,6766242
D448822,132,GK8EE132JKB1,0,0,0,0,0,0,0.5144121301,0,0,0,0,0,0,0,0,1.6289717453,0,1.4820583983,0,3.6254422737,D4488220,PXSA,05/28/2025 2:49:07 AM,BPD458,8M5CL,8M5CL,02/20/2026 2:20:13 PM,8M5CL,D1D,1,5841964
D448822,133,GK8EE133JKF3,0.5800773924,0,0,0,0,0,0.2287692474,0,0.5514369847,0,0,0,0,0,0,1.0897124566,0,5.3543423565,0,7.8043406095,D4488220,PXSA,05/28/2025 2:49:07 AM,BPD458,8M5CL,8M5CL,02/20/2026 2:20:26 PM,8M5CL,D1D,2,5842012
D448822,134,GK8EE134JKC2,0,0,0,0,0,0,0.0792728911,0,0,0,0,0,0,0,0,1.6731319156,0,4.6381103741,0,6.3905151808,D4488220,PXSA,05/28/2025 2:49:07 AM,BPD458,8M5CL,8M5CL,02/20/2026 2:20:04 PM,8M5CL,D1D,3,5841990
D448822,135,GK8EE135JKG4,0,0,0,0,0,0,0.4321102781,0,0,0,0,0,0,0,1.0420312925,5.287540077,0.9891593667,3.2882476258,1.0769788014,12.116067441,D4488220,PXSA,05/28/2025 2:49:07 AM,BPD458,8M5CL,8M5CL,02/20/2026 2:20:44 PM,8M5CL,D1D,4,5842013
D448822,136,GK8EE136JKD3,0,0,0,0,0,0,0,1.0318400767,0,0,0,0,0,0,0,0.8835006793,2.1077929323,10.793200147,0,14.414267333,D4488220,PXSA,05/28/2025 2:49:07 AM,BPD458,8M5CL,8M5CL,02/20/2026 2:21:00 PM,8M5CL,D1D,5,5841937
D448822,137,GK8EE137JKA2,0,0,0,0,0,0,0.2397740966,0,0.6011727348,0,0,0,0,0,0,0,0.9467167453,3.0297542091,0,4.8174177859,D4488220,PXSA,05/28/2025 2:49:07 AM,BPD458,8M5CL,8M5CL,02/20/2026 2:21:07 PM,8M5CL,D1D,6,5841960
D448822,138,GK8EE138JKE4,1.1537652298,0,0,0,0,0,0.1671624007,0,0,0,0,0,0,0,0,2.7094957171,0,12.691271046,0,16.721694393,D4488220,PXSA,05/28/2025 2:49:07 AM,BPD458,8M5CL,8M5CL,02/20/2026 2:19:19 PM,8M5CL,D1D,7,5841985
D448822,139,GK8EE139JKB3,0,0,0,0,0,0,0.944911924,1.358368038,3.22027471,0,0,0,0,0,0,0.7470353102,2.4333291752,2.7388978051,0,11.214338745,D4488220,PXSA,05/28/2025 2:49:07 AM,BPD458,8M5CL,8M5CL,02/20/2026 2:19:55 PM,8M5CL,D1D,8,5842007
D448822,140,GK8EE140JKE4,0,0,0,0,0,0,0.2175696195,0,1.8969485836,0,0,0,0,0,0,1.6731319156,0,4.0961250645,0,7.8837751833,D4488220,PXSA,05/28/2025 2:49:07 AM,BPD458,8M5CL,8M5CL,02/20/2026 2:20:54 PM,8M5CL,D1D,9,5841958
D448822,141,GK8EE141JKB3,0,0,0,0,0,0,0.4138340188,0.835864663,0,0,0,0,0,0,0,0,0,5.7621537887,0,7.0118524705,D4488220,PXSA,05/28/2025 2:49:07 AM,BPD458,8M5CL,8M5CL,06/07/2026 10:19:59 PM,8M5CL,D1D,10,5841940
D448822,142,GK8EE142JKF5,0,0,0,0,0,0,0.8366650489,1.823922741,2.8248463902,0,0,0,0,0,0,2.3484249315,0,8.6341964967,2.0672582043,18.320197775,D4488220,PXSA,05/28/2025 2:49:07 AM,BPD458,8M5CL,8M5CL,02/20/2026 2:20:07 PM,8M5CL,D1D,11,5842018
D448822,143,GK8EE143JKC4,0,0,0,0,0,0,0.2992832473,1.0403242051,0,0,0,0,0,0,0,0,1.5209583317,3.8005497423,0,6.6611155265,D4488220,PXSA,05/28/2025 2:49:07 AM,BPD458,8M5CL,8M5CL,02/20/2026 2:20:34 PM,8M5CL,D1D,12,5841938
D448YL2,258,MBX7T258WAC0,0,0,0,0,0,0,1.165593693,1.2666041586,0.7319343582,0,0,0,0,0,0,0.8712866224,0,2.299191727,1.9728889975,7.5977809955,D448YL20,PXSA,06/05/2025 4:45:31 AM,BPD446,8M5CL,8M5CL,02/23/2026 4:01:59 PM,8M5CL,D1D,1,5850956
D448YL2,259,MBX7T259WAG2,0,0,0,0,0,0,0,2.3785373191,0,0,0,0,0,0,0,0,0,0,0,2.3785373191,D448YL20,PXSA,06/05/2025 4:45:31 AM,BPD446,8M5CL,8M5CL,02/23/2026 4:01:54 PM,8M5CL,D1D,2,5850924
D444808,464,GL1YP464JKF3,0,0,0,0,0,0,0.5468091608,0,1.382593682,0,0,0,0,0,0,0,0,6.3450928997,2.198456764,10.472952506,D4448080,PYZA,06/09/2025 2:08:13 PM,BPD444,8M5CL,8M5CL,02/19/2026 12:57:54 PM,8M5CL,D1D,1,5690396
D444808,465,GL1YP465JKC2,0,0,0,0,0,0,0.2553195772,0,2.1682036541,0,0,0,0,0,0,3.1796265752,0,10.716474928,0.7037740735,17.023401098,D4448080,PYZA,06/09/2025 2:08:13 PM,BPD444,8M5CL,8M5CL,02/19/2026 12:58:07 PM,8M5CL,D1D,2,5690376
D444808,466,GL1YP466JKG4,0,0,0,0,0,0,1.6409312428,3.2619044092,1.8519244727,0,0,0,0,0,0,6.0475009443,0,5.0023810232,0.6651631184,18.469805211,D4448080,PYZA,06/09/2025 2:08:13 PM,BPD444,8M5CL,8M5CL,02/19/2026 12:58:03 PM,8M5CL,D1D,3,5690409
D444808,467,GL1YP467JKD3,0,0,0,0,0,0,0.3155372795,2.1911293381,1.1627709038,0,0,0,0,0,0,1.1016326936,2.4830814653,8.9357959335,2.7541962251,18.944143839,D4448080,PYZA,06/09/2025 2:08:13 PM,BPD444,8M5CL,8M5CL,02/19/2026 12:58:07 PM,8M5CL,D1D,4,5690433
D432815,83,GF0DY083JKC2,0,0,0,0,0,0,0,0,3.1734818395,0,0,0,0,0,0,1.0448851255,0.9875152635,8.4082086311,0,13.064956054,D432815A,PXSA,06/17/2025 3:57:56 PM,BPD458,8M5CL,8M5CL,02/20/2026 2:19:35 PM,8M5CL,D1D,1,6621653
D432815,84,GF0DY084JKG4,0,0,0,0,0,0,0.6836015904,0,2.6013571538,0,0,0,0,0,0,4.9310754063,0,4.7656363293,0,12.98167048,D432815A,PXSA,06/17/2025 3:57:56 PM,BPD458,8M5CL,8M5CL,02/20/2026 2:19:06 PM,8M5CL,D1D,2,6621629
D432815,85,GF0DY085JKD3,0,0,0,0,0,0,0.4678201123,0,0,0,0,0,0,0,0,3.3292546431,0,3.1183663753,0.6046477217,7.5200888524,D432815A,PXSA,06/17/2025 3:57:56 PM,BPD458,8M5CL,8M5CL,02/20/2026 2:19:11 PM,8M5CL,D1D,3,6621501
D432815,86,GF0DY086JKA2,0,0,0,0,0,0,0.2175696195,0,0.5962700068,0,0,0,0,0,0,1.6731319156,0,6.9549812483,0,9.4419527902,D432815A,PXSA,06/17/2025 3:57:56 PM,BPD458,8M5CL,8M5CL,02/20/2026 2:19:29 PM,8M5CL,D1D,4,6630990
D435809,542,KH5CU542WFA7,1.2249298828,0,0,0,0,0,1.4357074527,0.634579493,5.421007723,0,0,0,0,0,0,11.102422585,1.939452209,2.5808926846,0,24.139954603,D4358090,PXSA,06/16/2025 2:23:53 PM,BPD458,8M5CL,8M5CL,02/20/2026 2:19:48 PM,8M5CL,D1D,1,5333517
D435809,699,KH54H699WFC3,1.3122397587,0,0,0,0,0,1.7109641001,0,1.5298912199,0,0,0,0,0,0,9.1114504188,1.6380827653,0.8716179346,0,16.132170622,D4358090,PXSA,06/16/2025 2:23:53 PM,BPD458,8M5CL,8M5CL,02/20/2026 2:20:13 PM,8M5CL,D1D,2,5333535
D435809,751,KH54H751WFB1,0,0,0,0,0,0,0.7872083307,1.2962808813,3.8812650007,0,0,0,0,0,0,7.3404906698,0,2.953030842,0,15.676465182,D4358090,PXSA,06/16/2025 2:23:53 PM,BPD458,8M5CL,8M5CL,02/20/2026 2:20:30 PM,8M5CL,D1D,3,5333585
D435809,769,KH54H769WFC6,0,0,0,0.188756945,0,0,0.6232801672,3.0305730029,0,0,0,0,0,0,0,11.81925795,0,3.4559114003,0,19.117781638,D4358090,PXSA,06/16/2025 2:23:53 PM,BPD458,8M5CL,8M5CL,02/20/2026 2:20:32 PM,8M5CL,D1D,4,5333547
D435809,773,KH54H773WFD7,1.2279083421,0,0,0.4593215974,0,0,1.6269953852,1.7183897127,1.3670815677,0,0,0,0,0,0,8.5233306035,0,26.444033549,0,40.467666818,D4358090,PXSA,06/16/2025 2:23:53 PM,BPD458,8M5CL,8M5CL,02/20/2026 2:21:07 PM,8M5CL,D1D,5,5333433
D435809,774,KH54H774WFA6,0,0,0,0,0,0,0.7836469947,0,0.6188240059,0,0,0,0,0,0,1.8930344846,0,0,0,3.2925887599,D4358090,PXSA,06/16/2025 2:23:53 PM,BPD458,8M5CL,8M5CL,02/20/2026 2:21:09 PM,8M5CL,D1D,6,5333397
D435809,782,KH54H782WFE1,0,0,0,0,0,0,0,1.0533126903,9.2121389557,0,0,0,0,0,0,19.421931554,0,27.636067894,0.4564567534,52.871616935,D4358090,PXSA,06/16/2025 2:23:53 PM,BPD458,8M5CL,8M5CL,02/20/2026 2:20:57 PM,8M5CL,D1D,7,5333441
D435809,803,KH54H803WFB0,1.1971612236,0,0,0,0,0,0.9553195098,0,2.6992025953,0,0,0,0,0,0,31.302871006,0,43.608607577,0.7418554079,75.497967327,D4358090,PXSA,06/16/2025 2:23:53 PM,BPD458,8M5CL,8M5CL,02/20/2026 2:20:42 PM,8M5CL,D1D,8,5333587
D435809,817,KH54H817WFA3,0,0,0,0.441929288,0,0,1.8788950142,2.1717191296,28.268121504,0,0,0,0,0,0,59.72901754,0.5742415863,46.134747137,0,98.041523541,D4358090,PXSA,06/16/2025 2:23:53 PM,BPD458,8M5CL,8M5CL,02/20/2026 2:20:06 PM,8M5CL,D1D,9,5333492
D435809,818,KH54H818WFE5,0,0,0,0,0,0,1.5912589599,0,3.2189662165,0,0,0,0,0,0,20.802708063,0,15.11063229,0.7423109212,35.420075559,D4358090,PXSA,06/16/2025 2:23:53 PM,BPD458,8M5CL,8M5CL,02/20/2026 2:19:54 PM,8M5CL,D1D,10,5333534
D435809,840,KH54H840WFG2,0,0,0,0,0,0,0,0,3.2046346256,0,0,0,0,0,0,18.746117233,0,4.0429583736,0,25.406123622,D4358090,PXSA,06/16/2025 2:23:53 PM,BPD458,8M5CL,8M5CL,02/20/2026 2:20:23 PM,8M5CL,D1D,11,5333506
D439839,180,A0WWD180SLD4,0,0,0,0,0,0,0.8628509528,0,2.0437240648,0,0,0,0,0,0,1.0363638015,0,4.3324379836,0,8.1999210737,D4398390,PXSA,06/27/2025 5:16:55 PM,BPD442,8M5CL,8M5CL,02/20/2026 11:37:27 AM,8M5CL,D1D,1,5496778
D439839,181,A0WWD181SLA3,0,0,0,0,0,0,1.5306969825,0,1.1260065229,0,0,0,0,0,0,3.8558715339,2.7296912616,0.762792204,0,9.9595644107,D4398390,PXSA,06/27/2025 5:16:55 PM,BPD442,8M5CL,8M5CL,02/20/2026 11:36:38 AM,8M5CL,D1D,2,5496777
D439839,182,A0WWD182SLE5,0,0,0,0,0,0,0.8560330534,2.9996517317,3.0621997661,0,0,0,0,0,0,1.8601039225,0,0.9481253188,0,9.7261159466,D4398390,PXSA,06/27/2025 5:16:55 PM,BPD442,8M5CL,8M5CL,02/20/2026 11:35:58 AM,8M5CL,D1D,3,5496816
D439839,186,A0WWD186SLG7,0,0,0,0.4272399539,0,0,1.0065589178,0,0,0,0,0,0,0,0,6.4345180978,0,1.5710357561,0,9.4393548797,D4398390,PXSA,06/27/2025 5:16:55 PM,BPD442,8M5CL,8M5CL,02/20/2026 11:37:18 AM,8M5CL,D1D,4,5496868
D439839,187,A0WWD187SLD6,0,0,0,0,0,0,1.8149661145,2.0584454158,0.6307383578,0,0,0,0,0,0,1.9294799643,0,0.8545666082,0.6916027535,7.8815678498,D4398390,PXSA,06/27/2025 5:16:55 PM,BPD442,8M5CL,8M5CL,02/20/2026 11:35:35 AM,8M5CL,D1D,5,5496811
D439839,188,A0WWD188SLA5,0,0,0,0.1396538459,0,0,1.3436905827,1.7071610966,3.4721547831,0,0,0,0,0,0,10.661135388,0,5.1977102063,0,22.274002151,D4398390,PXSA,06/27/2025 5:16:55 PM,BPD442,8M5CL,8M5CL,02/20/2026 11:36:43 AM,8M5CL,D1D,6,5496825
D439839,189,A0WWD189SLE7,0,0,0,0,0,0,1.7168585466,0.7744290664,4.6508377729,0,0,0,0,0,0,11.03034036,5.2127236089,1.6773935547,0,24.333498079,D4398390,PXSA,06/27/2025 5:16:55 PM,BPD442,8M5CL,8M5CL,02/20/2026 11:36:15 AM,8M5CL,D1D,7,5496684
D439839,190,A0WWD190SLA5,0,0,0,0.4030423348,0,0,1.6789481332,1.0318400767,1.3006785769,0,0,0,0,0,0,6.0115993781,0,3.7695552197,0,14.064294752,D4398390,PXSA,06/27/2025 5:16:55 PM,BPD442,8M5CL,8M5CL,02/20/2026 11:37:08 AM,8M5CL,D1D,8,5496808
D439839,195,A0WWD195SLH1,0,0,0,0,0,0,1.1712052432,1.687466673,8.0849371148,0,0,0,0,0,0,11.18793536,0,5.4784754044,0,24.374133707,D4398390,PXSA,06/27/2025 5:16:55 PM,BPD442,8M5CL,8M5CL,02/20/2026 11:35:45 AM,8M5CL,D1D,9,5496813
D439839,197,A0WWD197SLA7,0,0,0,0,0,0,0.6871786608,0.6435067628,1.2153310614,0,0,0,0,0,0,1.3339605987,2.3546228936,10.859746738,0,17.094346715,D4398390,PXSA,06/27/2025 5:16:55 PM,BPD442,8M5CL,8M5CL,02/20/2026 11:37:25 AM,8M5CL,D1D,10,5496853
D439839,199,A0WWD199SLC0,2.2105390771,0,0,0,0,0,1.4754490344,1.422147079,5.6258126774,0,0,0,0,0,0,0.8287322524,0.664997385,2.2620991953,0,14.009162121,D4398390,PXSA,06/27/2025 5:16:55 PM,BPD442,8M5CL,8M5CL,02/20/2026 11:37:36 AM,8M5CL,D1D,11,5496847
D439839,367,A0WWD367SLA3,1.6082586902,0,0,0.5810091233,0,0,1.3125134139,7.1940460341,0.7884462948,0,0,0,0,0,0,10.237372239,0.602263012,3.2975649344,0,23.955641034,D4398390,PXSA,06/27/2025 5:16:55 PM,BPD442,8M5CL,8M5CL,02/20/2026 11:36:04 AM,8M5CL,D1D,12,5496830
D434816,598,MBTCQ598WAA4,0,0,0,0,0,0,0.2385553941,0,1.4261343895,0,0,0,0,0,0,4.4472824304,0,5.1560984009,0,11.268070615,D4348160,PXSA,07/02/2025 1:31:19 AM,BPD442,8M5CL,8M5CL,02/20/2026 11:36:41 AM,8M5CL,D1D,1,5292989
D434816,603,MBTCQ603WAE2,0,0,0,0,0,0,1.0094011654,1.7574920029,0,0,0,0,0,0,0,1.3806817977,0,0.9872264052,0,5.1217245611,D4348160,PXSA,07/02/2025 1:31:19 AM,BPD442,8M5CL,8M5CL,02/20/2026 11:36:23 AM,8M5CL,D1D,2,5292995
D434816,645,MBTCQ645WAB2,0,0,0,0,0,0,2.5120484879,0,5.7464186136,0,0,0,0,0,0,4.238749935,0,0.9775898321,0,13.279186824,D4348160,PXSA,07/02/2025 1:31:19 AM,BPD442,8M5CL,8M5CL,02/20/2026 11:36:11 AM,8M5CL,D1D,3,5293065
D434816,650,MBTCQ650WAG5,0,0,0,0,0,0,2.0864172558,0,0,0,0,0,0,0,0,4.8387504922,1.7664068119,2.1390863369,0,10.749147685,D4348160,PXSA,07/02/2025 1:31:19 AM,BPD442,8M5CL,8M5CL,02/20/2026 11:36:01 AM,8M5CL,D1D,4,5293019
D434816,658,MBTCQ658WAD6,0,0,0,0,0,0,0,0,0,0,0,0,0,0,0,3.7016993483,0,0,0,3.7016993483,D4348160,PXSA,07/02/2025 1:31:19 AM,BPD442,8M5CL,8M5CL,02/20/2026 11:35:52 AM,8M5CL,D1D,5,5293002
D434816,659,MBTCQ659WAA5,0,0,0,0,0,0,1.4120435545,1.1473603175,0,0,0,0,0,0,0,3.0128418822,3.9628338027,4.5790879807,0,14.035823958,D4348160,PXSA,07/02/2025 1:31:19 AM,BPD442,8M5CL,8M5CL,02/20/2026 11:36:04 AM,8M5CL,D1D,6,5293052
D434816,660,MBTCQ660WAD6,0,0,0,0,0,0,0.0792728911,1.7707151212,2.6013571538,0,0,0,0,0,0,1.6731319156,1.3926609804,3.7051459957,0.5997166542,11.794731268,D4348160,PXSA,07/02/2025 1:31:19 AM,BPD442,8M5CL,8M5CL,02/20/2026 11:36:21 AM,8M5CL,D1D,7,5292969
D434816,665,MBTCQ665WAC7,0,0,0,0,0,0,2.7354315056,1.0403242051,3.4786877676,0,0,0,0,0,0,2.5099808707,0,5.3556128986,0,13.795539473,D4348160,PXSA,07/02/2025 1:31:19 AM,BPD442,8M5CL,8M5CL,02/20/2026 11:36:29 AM,8M5CL,D1D,8,5292864
D447YKR,273,MBX7T273WAE4,0,0,0,0.3157989441,0,0,0,3.9546793744,1.12426789,0,0,0,0,0,0,0,0,0.8015225516,0,6.1962707373,D447YKR0,X78D,07/24/2025 4:00:56 PM,BPD450,8M5CL,8M5CL,01/15/2026 4:16:26 PM,8M5CL,D1D,1,5826899
D447YKR,324,MBX7T324WAA1,0,0,0,0,0,0,0,1.9776394895,0,0,0,0,0,1.9776394895,0,0,0,0,0,3.955278979,D447YKR0,X78D,07/24/2025 4:00:56 PM,BPD450,8M5CL,8M5CL,01/15/2026 4:16:59 PM,8M5CL,D1D,2,5826781
D448820,577,MBX7R577WAD3,2.1454351974,0,0,0,0,0,0.4719271124,2.2379675831,5.4466162901,0,0,0,0,0,0,2.5774955226,0,13.327193769,0,24.878321729,D4488200,PXSA,07/23/2025 10:16:15 PM,BPD442,8M5CL,8M5CL,02/20/2026 11:35:53 AM,8M5CL,D1D,1,5841868
D448820,746,MBX7U746WAH1,0,0,0,0,0,0,0.5343682188,3.9723581091,3.0475084314,0,0,0,0,0,0,0.8884746224,0,14.271011741,0,21.60290112,D4488200,PXSA,07/23/2025 10:16:15 PM,BPD442,8M5CL,8M5CL,02/20/2026 11:35:59 AM,8M5CL,D1D,2,5841734
D432812,630,GF1WW630JKF1,0,0,0,0,0,0,0,0,0,0,0,0,0,0,0,2.7565359922,0,0,0,2.7565359922,D4328120,PXSA,09/20/2025 5:46:10 PM,BPD446,8M5CL,8M5CL,02/16/2026 12:35:28 PM,8M5CL,D1D,1,6951138
D432812,631,GF1WW631JKC0,0.6099079832,0,0,0,0,0,0.2405342499,0,0,0,0,0,0,0,0,1.8497268429,2.6881369338,2.0707316664,0,7.4590376762,D4328120,PXSA,09/20/2025 5:46:10 PM,BPD446,8M5CL,8M5CL,02/16/2026 12:35:22 PM,8M5CL,D1D,2,6951909
D504819,920,GM1CJ920JKB2,0,0,0,0,0,0,0,0,0,0,0,0,0,0,0,0.7097939567,61.6353686,1.0888390087,0,45.406027793,D5048190,PXSB,03/17/2025 9:45:14 AM,BPD432,8M5CL,8M5CL,02/20/2026 9:41:32 AM,8M5CL,D1D,1,6117992
D504819,955,GM1CJ955JKG4,0,0,0,0,0,0,1.1011060699,0,1.9252469958,0,0,0,0,0,0,1.6170504071,0,2.2069424657,0,6.3733974699,D5048190,PXSB,03/17/2025 9:45:14 AM,BPD432,8M5CL,8M5CL,02/20/2026 9:41:34 AM,8M5CL,D1D,2,6117912
D503846,67,A0YJL067SLA2,0,0,1.169849823,0,0,0,0,2.2957371776,0.5924157172,0,0,0,0,0,0,0,0,0.7362391861,0,4.7942419038,D5038460,PXSB,04/23/2025 5:53:57 AM,BPD432,8M5CL,8M5CL,02/20/2026 10:12:15 AM,8M5CL,D1D,1,6087255
D503846,71,A0YJL071SLB3,0,0,0,0,0,0,0.1660818629,0,0,0,0,0,0,0,0,0.7052058483,0,0.7362391861,0,1.6075268972,D5038460,PXSB,04/23/2025 5:53:57 AM,BPD432,8M5CL,8M5CL,02/20/2026 10:12:16 AM,8M5CL,D1D,2,6087316
D503872,325,GN9SD325JDE5,0,0,0,0,0,0,0.6904679632,0,3.5718049735,0,0,0,0,0,0,4.0673288922,0.5866315214,2.5315679499,0,11.4478013,D5038720,PXMG,04/23/2025 7:52:35 PM,BPD450,8M5CL,8M5CL,02/23/2026 11:49:51 AM,8M5CL,D1D,1,6093120
D503872,352,GN9GJ352JDB1,2.6766624049,0,0,0,0,0,1.9589349568,0,0,0,0,0,0,0,0,0,0,9.5809358021,0,14.216533164,D5038720,PXMG,04/23/2025 7:52:35 PM,BPD450,8M5CL,8M5CL,02/23/2026 11:49:29 AM,8M5CL,D1D,2,6093100
D503872,353,GN9GJ353JDF3,0,0,0,0,0,0,0,0,8.354074392,0,0,0,0,0,0,0,0,0,0,8.354074392,D5038720,PXMG,04/23/2025 7:52:35 PM,BPD450,8M5CL,8M5CL,02/23/2026 11:49:41 AM,8M5CL,D1D,3,6093080
D503872,354,GN9GJ354JDC2,0,0,0,0,0,0,0.4184040252,0,0,0,0,0,0,0,0,0,0,1.7322514271,0,2.1506554523,D5038720,PXMG,04/23/2025 7:52:35 PM,BPD450,8M5CL,8M5CL,02/23/2026 11:49:35 AM,8M5CL,D1D,4,6093145
D503831,12,A11E2012SLE4,0,0,0,0,0,0,0.8848992625,1.6998014384,0,0,0,0,0,0,0,0.7002046214,0,2.3188567005,0,5.3628916331,D5038310,PXSB,04/18/2025 4:23:56 PM,BPD444,8M5CL,8M5CL,02/19/2026 12:43:06 PM,8M5CL,D1D,1,6084196
D503831,21,A11E2021SLE6,0,0,0,0,0,0,0,0,0,0,0,0,0,0,0,3.8009760532,0,4.6708383711,0,8.4718144244,D5038310,PXSB,04/18/2025 4:23:56 PM,BPD444,8M5CL,8M5CL,02/19/2026 12:43:16 PM,8M5CL,D1D,2,6084190
D504823,258,GF7YZ258JKD5,0,0,0,0,0,0,0.3720604726,1.2787075169,0,0,0,0,0,0,0,1.284313404,0,0,2.6580553696,5.593136763,D5048230,PXSB,04/16/2025 6:31:36 PM,BPD434,8M5CL,8M5CL,02/20/2026 9:16:34 AM,8M5CL,D1D,1,6118552
D504823,259,GF7YZ259JKA4,0,0,0,0,0,0,0,2.2855924865,0,0,0,0,1.4125519267,0,0,0,0,2.3522863397,0.7103424007,6.7607731536,D5048230,PXSB,04/16/2025 6:31:36 PM,BPD434,8M5CL,8M5CL,02/20/2026 9:16:15 AM,8M5CL,D1D,2,6118523
D504823,260,GF7YZ260JKD5,0.8159710771,0,0,0,0,0,0.8416629553,0,0,0,0,0,0,0,0,2.4746740106,0,0,1.717328867,5.84963691,D5048230,PXSB,04/16/2025 6:31:36 PM,BPD434,8M5CL,8M5CL,02/20/2026 9:16:26 AM,8M5CL,D1D,3,6118605
D504823,261,GF7YZ261JKA4,0,0,0,0,0,0,0.4498763864,0,0,0,0,0,0,0,0,1.0296647454,0.9329263407,1.5505967741,0,3.9630642466,D5048230,PXSB,04/16/2025 6:31:36 PM,BPD434,8M5CL,8M5CL,02/20/2026 9:16:22 AM,8M5CL,D1D,4,6118574
D503826,2,A10J2002SLF6,0,0,0,0,0,0,0,0,0,0,0,0,0,0,0,0.8293057781,0,3.6874496653,0.5212412454,5.0379945637,D5038260,PXSB,04/17/2025 12:34:37 AM,BPD446,8M5CL,8M5CL,02/23/2026 4:02:01 PM,8M5CL,D1D,1,6083173
D503826,4,A10J2004SLG7,0,0,0,0,0,0,0.4292604963,0,1.2831063744,0,0,0,0,0,0,0.7002046214,0,6.0374851282,0.5916144661,9.0416710864,D5038260,PXSB,04/17/2025 12:34:37 AM,BPD446,8M5CL,8M5CL,02/23/2026 4:02:16 PM,8M5CL,D1D,2,6083119
D503836,38,A0YJG038SLD7,0,0,0,0,0,0,1.8391878467,2.4809110381,0,0,0,0,0,0,0,0,0,0,0,4.3200988848,D5038360,PXSB,04/13/2025 4:13:38 AM,BPD458,8M5CL,8M5CL,02/20/2026 4:14:04 PM,8M5CL,D1D,1,6086089
D503836,39,A0YJG039SLA6,0,0,0,0,0,0,3.1574751816,0.6265951933,2.5316825746,0,0,0,0,0,0,0,0,0,0.7751271687,6.967080643,D5038360,PXSB,04/13/2025 4:13:38 AM,BPD458,8M5CL,8M5CL,02/20/2026 4:14:10 PM,8M5CL,D1D,2,6086039
D504830,283,GF7YZ283JKD2,0,0,0,0,0,0,0.7499602018,1.1353685743,1.8940865981,0,0,0,0,0,0,5.2957320814,0,5.2437886947,1.0867275628,14.035165169,D5048300,PXSB,05/05/2025 2:16:41 PM,BPD454,8M5CL,8M5CL,02/19/2026 9:44:27 AM,8M5CL,D1D,1,6119571
D504830,284,GF7YZ284JKA1,1.1005644109,0,0,0,0,0,0.4516670441,0.73123038,0,0,0,0,0,0,0,0,0,9.9222926193,0.7053047461,12.585683994,D5048300,PXSB,05/05/2025 2:16:41 PM,BPD454,8M5CL,8M5CL,02/23/2026 4:58:54 PM,8M5CL,D1D,2,6119522
D503901,578,MC0WY578WAC0,0,0,0,0,0,0,0,0,1.8135193441,0,0,0,0,0,0,1.6505278586,0,1.4620357496,0,4.9260829523,D5039010,PXSB,05/22/2025 9:14:59 PM,BPD432,8M5CL,8M5CL,02/20/2026 10:12:18 AM,8M5CL,D1D,1,6083617
D503901,682,MC0WY682WAC2,0,0,0,0,0,0,0.4891295852,1.2993417714,2.7923969045,0,0,0,0,0,0,0,0,2.5449261034,0,7.1257922394,D5039010,PXSB,05/22/2025 9:14:59 PM,BPD432,8M5CL,8M5CL,02/20/2026 10:12:19 AM,8M5CL,D1D,2,6083680
D504860,73,GL9GU073JKB4,0,0,0,0,0,0,0.0787604711,1.078361403,0,0,0,0,0,0,0,6.9942637067,0,1.6161905491,0,9.7675761298,D5048600,PXSB,05/23/2025 3:10:51 PM,BPD450,8M5CL,8M5CL,02/23/2026 11:45:24 AM,8M5CL,D1D,1,6144943
D504860,78,GL9GU078JKA5,0,0,0,0,0,0,0,0,2.5084113355,0,0,0,0,0,0,0.7002046214,0,0,0,3.2086159569,D5048600,PXSB,05/23/2025 3:10:51 PM,BPD450,8M5CL,8M5CL,02/23/2026 11:45:37 AM,8M5CL,D1D,2,6144923
D504860,85,GL9GU085JKH1,0,0,0,0,0,0,0.2949237205,0.5742237605,0,0,0,0,0,0,0,2.6481068166,0,1.5991799995,0,5.0953038044,D5048600,PXSB,05/23/2025 3:10:51 PM,BPD450,8M5CL,8M5CL,02/23/2026 11:45:31 AM,8M5CL,D1D,3,6144995
D504860,88,GL9GU088JKF1,0,0,0,0,0,0,0,0.7082500681,0,0,0,0,0,0,0,1.9961909357,0,3.2822851332,1.9877438542,7.9744699913,D5048600,PXSB,05/23/2025 3:10:51 PM,BPD450,8M5CL,8M5CL,02/23/2026 11:45:01 AM,8M5CL,D1D,4,6145051
D504860,89,GL9GU089JKC0,0,0,0,0,0,0,0.3022497284,0,0,0,0,0,0,0,0,4.7035389482,0,2.8389361612,0,7.8447248379,D5048600,PXSB,05/23/2025 3:10:51 PM,BPD450,8M5CL,8M5CL,02/23/2026 11:45:03 AM,8M5CL,D1D,5,6144974
D504860,90,GL9GU090JKF1,0,0,0,0,0,0,0,0.5701514413,0,0,0,0,0,0,0,0,0,0.7945569285,0,1.3647083698,D5048600,PXSB,05/23/2025 3:10:51 PM,BPD450,8M5CL,8M5CL,02/23/2026 11:45:19 AM,8M5CL,D1D,6,6144903
D504833,151,MBZZQ151WAH0,0,0,0,0,0,0,0.1806383694,1.3169837968,2.7174105759,0,0,0,0,0,0,3.8125247425,0,5.3562862409,0,13.383840842,D5048330,PXSB,05/30/2025 2:24:04 AM,BPD442,8M5CL,8M5CL,02/20/2026 11:28:25 AM,8M5CL,D1D,1,6139804
D504833,154,MBZZQ154WAF0,0,0,0,0,0,0,0,0,0,0,0,0,0,0,0,2.6385367673,0,1.7123541204,0,4.3508908877,D5048330,PXSB,05/30/2025 2:24:04 AM,BPD442,8M5CL,8M5CL,02/20/2026 11:28:47 AM,8M5CL,D1D,2,6139823
D504833,170,MBZZQ170WAE3,0,0,0,0,0,0,0.8087947766,0,2.5662127489,0,0,0,0,0,0,0,0,6.8711430128,0,10.172317733,D5048330,PXSB,05/30/2025 2:24:04 AM,BPD442,8M5CL,8M5CL,02/20/2026 11:28:35 AM,8M5CL,D1D,3,6139835
D504833,171,MBZZQ171WAB2,0,0,0,0,0,0,0.2336211071,0,1.3966328946,0,0,0,0,0,0,0,0,1.6605532405,0,3.2908051019,D5048330,PXSB,05/30/2025 2:24:04 AM,BPD442,8M5CL,8M5CL,02/20/2026 11:28:36 AM,8M5CL,D1D,4,6139839
D504882,26,GF8HB026JKG3,0,0,0,0,0,0,0.2039942843,0,1.5981458248,0,0,0,0,0,0,2.0959391174,1.7918851947,16.77830666,1.4939318794,23.962200761,D5048820,PXMG,05/27/2025 3:46:40 PM,BPD436,8M5CL,8M5CL,02/20/2026 11:10:06 AM,8M5CL,D1D,1,6132506
D504882,27,GF8HB027JKD2,0,0,0,0,0,0,0.2125540838,0,2.679335194,0,0,0,0,0,0,0,0,3.8162111077,0,6.7081003854,D5048820,PXMG,05/27/2025 3:46:40 PM,BPD436,8M5CL,8M5CL,02/20/2026 11:10:10 AM,8M5CL,D1D,2,6132460
D504882,28,GF8HB028JKA1,0,0,0,0,0,0,0.4702899773,0,2.1043554925,0,0,0,0,0,0,1.1496764052,0,10.447699286,0,14.172023361,D5048820,PXMG,05/27/2025 3:46:40 PM,BPD436,8M5CL,8M5CL,02/20/2026 11:10:09 AM,8M5CL,D1D,3,6132439
D504845,66,A11G1066SLF3,0,0,0,0,0,0,0,0,0,0,0,0,0,0,0,4.6578355181,0,5.0472980412,0,9.7051335593,D5048450,PNCB,06/05/2025 9:33:11 AM,BPD450,8M5CL,8M5CL,02/23/2026 11:35:33 AM,8M5CL,D1D,1,6145574
D504845,68,A11G1068SLG4,0,0,0,0,0,0,0,0,0,0,0,0,0,0,0,0,0,2.0485182152,0,2.0485182152,D5048450,PNCB,06/05/2025 9:33:11 AM,BPD450,8M5CL,8M5CL,02/23/2026 11:36:06 AM,8M5CL,D1D,2,6145545
D504845,70,A11G1070SLG4,0,0,0,0,0,0,0,2.3101524877,3.2280006809,0.5063998825,0,0,0,0,0,5.7329396815,0,7.4163102182,0.4994084615,19.165558885,D5048450,PNCB,06/05/2025 9:33:11 AM,BPD450,8M5CL,8M5CL,02/23/2026 11:35:21 AM,8M5CL,D1D,3,6145551
D504845,74,A11G1074SLB3,0,0,0,0,0,0,0,1.095086027,0,0,0,0,0,0,0,0,0,6.2064055087,0,7.3014915356,D5048450,PNCB,06/05/2025 9:33:11 AM,BPD450,8M5CL,8M5CL,02/23/2026 11:35:27 AM,8M5CL,D1D,4,6145569
D504845,75,A11G1075SLF5,0,0,0,0,0,0,0,0.7364532091,0.5434044458,0,0,0,0,0,0,3.9621653499,0,3.3974014068,0,8.6394244116,D5048450,PNCB,06/05/2025 9:33:11 AM,BPD450,8M5CL,8M5CL,02/23/2026 11:35:51 AM,8M5CL,D1D,5,6145567
D504845,326,A11G1326SLG7,0,0,0,0,0,0,0,0,0,0,0,0,0,0,0,2.35073248,0.9263101501,1.5255748033,0,4.5617470436,D5048450,PNCB,06/05/2025 9:33:11 AM,BPD450,8M5CL,8M5CL,02/23/2026 11:35:54 AM,8M5CL,D1D,6,6145549
D502978,305,GK5MH305JKD3,0,0,0,0,0,0,0,0,0,0,0,0,0,0,0,520,0,0,0,520,D5029780,PNCB,06/12/2025 6:23:58 PM,BPD436,8M5CL,8M5CL,02/20/2026 10:37:41 AM,8M5CL,D1D,1,6070256
D502978,307,GK5MH307JKE4,0,0,0,0,0,0,0,0,0,0,0,0,0,0,0,520,0,0,0,520,D5029780,PNCB,06/12/2025 6:23:58 PM,BPD436,8M5CL,8M5CL,02/20/2026 10:37:01 AM,8M5CL,D1D,2,6070220
D502978,308,GK5MH308JKB3,0,0,0,0,0,0,0,0,0,0,0,0,0,0,0,520,0,0,0,520,D5029780,PNCB,06/12/2025 6:23:58 PM,BPD436,8M5CL,8M5CL,02/20/2026 10:38:09 AM,8M5CL,D1D,3,6070284
D502978,309,GK5MH309JKF5,0,0,0,0,0,0,0,0,0,0,0,0,0,0,0,520,0,0,0,520,D5029780,PNCB,06/12/2025 6:23:58 PM,BPD436,8M5CL,8M5CL,02/20/2026 10:37:53 AM,8M5CL,D1D,4,6070217
D502978,310,GK5MH310JKB3,0,0,0,0,0,0,0,0,0,0,0,0,0,0,0,520,0,0,0,520,D5029780,PNCB,06/12/2025 6:23:58 PM,BPD436,8M5CL,8M5CL,02/20/2026 10:37:11 AM,8M5CL,D1D,5,6070276
D502978,412,GK4QW412JKC5,0,0,0,0,0,0,0,0,0,0,0,0,0,0,0,520,0,0,0,520,D5029780,PNCB,06/12/2025 6:23:58 PM,BPD436,8M5CL,8M5CL,02/20/2026 10:37:56 AM,8M5CL,D1D,6,6070164
D502978,413,GK4QW413JKG7,0,0,0,0,0,0,0,0,0,0,0,0,0,0,0,520,0,0,0,520,D5029780,PNCB,06/12/2025 6:23:58 PM,BPD436,8M5CL,8M5CL,02/20/2026 10:37:24 AM,8M5CL,D1D,7,6070272
D502978,418,GK4QW418JKG0,0,0,0,0,0,0,0,0,0,0,0,0,0,0,0,520,0,0,0,520,D5029780,PNCB,06/12/2025 6:23:58 PM,BPD436,8M5CL,8M5CL,02/20/2026 10:37:33 AM,8M5CL,D1D,8,6070269
D503855,31,A11HB031SLC1,0,0,0,0,0,0,0,0,0,0,0,0,0,0,0,5.6579681817,0,7.8227981795,0,13.480766361,D5038550,PNCB,06/12/2025 9:17:36 PM,BPD458,8M5CL,8M5CL,02/20/2026 4:17:05 PM,8M5CL,D1D,1,6089543
D503855,32,A11HB032SLG3,0,0,0,0,0,0,0.7220926566,1.0178998896,1.8713207574,0,0,0,0,0,0,2.35073248,0,3.9702345799,0,9.9322803635,D5038550,PNCB,06/12/2025 9:17:36 PM,BPD458,8M5CL,8M5CL,02/20/2026 4:16:50 PM,8M5CL,D1D,2,6089589
D503832,95,GK5XV095JKD5,0,0,0,0,0,0,0.0872957091,2.2699367026,0,0,0,0,0,0,0,4.8261934003,0,4.9568159294,0,12.140241741,D5038320,PNCB,06/12/2025 8:47:01 PM,BPD458,8M5CL,8M5CL,02/20/2026 4:17:25 PM,8M5CL,D1D,1,6084162
D503832,96,GK5XV096JKA4,0,0,0,0,0,0,0,1.4509514786,1.6326582967,0,0,0,0,0,0,2.1001739783,0,9.4411829802,1.1199852608,14.52502979,D5038320,PNCB,06/12/2025 8:47:01 PM,BPD458,8M5CL,8M5CL,02/20/2026 4:17:36 PM,8M5CL,D1D,2,6084203
D503832,98,GK5XV098JKB5,0,0,0,0,0,0,0,0,0,0,0,0,0,0,0,3.6226440807,0,8.8224358507,0.8615321911,13.306609997,D5038320,PNCB,06/12/2025 8:47:01 PM,BPD458,8M5CL,8M5CL,02/20/2026 4:16:51 PM,8M5CL,D1D,3,6084236
D503832,99,GK5XV099JKF7,0,0,0,0,0,0,0,2.3243306529,0.5924157172,0,0,0,0,0,0,2.3345202889,0,6.7809876278,3.5567672274,15.589023654,D5038320,PNCB,06/12/2025 8:47:01 PM,BPD458,8M5CL,8M5CL,02/20/2026 4:17:22 PM,8M5CL,D1D,4,6084214
D502982,285,GK5MH285JKD3,0,0,0,0,0,0,0.3822451123,0,1.8846867071,0,0,0,0,0,0,0,0.9329263407,0.8002320688,0.7103424007,4.7104326297,D5029820,PNCB,06/10/2025 5:08:00 AM,BPD442,8M5CL,8M5CL,06/08/2026 3:02:18 AM,8M5CL,D1D,1,6072828
D502982,286,GK5MH286JKA2,0,0,0,0,0,0,0.2146302481,0,0,0,0,0,0,0,0,1.6069642934,0,0,0.8801965225,2.701791064,D5029820,PNCB,06/10/2025 5:08:00 AM,BPD442,8M5CL,8M5CL,02/20/2026 11:54:17 AM,8M5CL,D1D,2,6072885
D502982,287,GK5MH287JKE4,0,0,0,0,0,0,0,1.0557413101,0,0,0,0,0,0,0,6.6116740173,0,0,2.1209274559,9.7883427833,D5029820,PNCB,06/10/2025 5:08:00 AM,BPD442,8M5CL,8M5CL,02/20/2026 11:54:33 AM,8M5CL,D1D,3,6072784
D502982,288,GK5MH288JKB3,0,0,0,0,0,0,0.2146302481,0,2.5224366785,0,0,0,0,0,0,2.6728903574,0,0,1.8507077534,7.2606650373,D5029820,PNCB,06/10/2025 5:08:00 AM,BPD442,8M5CL,8M5CL,06/07/2026 6:49:47 PM,8M5CL,D1D,4,6072850
D502982,289,GK5MH289JKF5,1.2450682131,0,0,0,0,0,0,0,1.4515790243,0,0,0,0,0,0,1.8672416908,0,0,2.3614037203,6.9252947887,D5029820,PNCB,06/10/2025 5:08:00 AM,BPD442,8M5CL,8M5CL,02/20/2026 11:54:00 AM,8M5CL,D1D,5,6072836
D502982,290,GK5MH290JKB3,0,0,0,0,0,0,0.0782019122,0,0,0,0,0,0,0,0,0,0,0.7310178748,1.2969192122,2.1061389992,D5029820,PNCB,06/10/2025 5:08:00 AM,BPD442,8M5CL,8M5CL,02/20/2026 11:54:26 AM,8M5CL,D1D,6,6072869
D504866,18,A11NG018SLF7,0,0,0,0,0,0,0.5420259953,2.98989143,1.8873968677,0,0,0,0,0,0,7.2835798741,0,1.0752969372,0,13.778193304,D5048660,PXMG,06/08/2025 9:23:32 AM,BPD448,8M5CL,8M5CL,02/19/2026 10:18:00 AM,8M5CL,D1D,1,6126611
D504866,20,A11NG020SLF7,0,0,0,0,0,0,0.7038130489,5.862635363,2.3124447051,0,0,0,0,0,0,7.4065288861,0,4.4044296436,0,20.61427141,D5048660,PXMG,06/08/2025 9:23:32 AM,BPD448,8M5CL,8M5CL,02/19/2026 10:18:09 AM,8M5CL,D1D,2,6126628
D502985,458,GK9BL458JKG3,0,0,0,0,0,0,0.4952035331,1.0318400767,0,2.1326131022,0,0,0,0,0,3.302103661,0,1.6095843535,1.1096050595,9.680949786,D5029850,PXSA,06/13/2025 4:02:43 PM,BPD432,8M5CL,8M5CL,02/20/2026 9:47:42 AM,8M5CL,D1D,1,6063056
D502985,460,GK9BL460JKG3,0,0,0,0,0,0,0.8702784781,0,1.8476184422,0,0,0,0,0,0,0,0,0,0.5997166542,3.3176135744,D5029850,PXSA,06/13/2025 4:02:43 PM,BPD432,8M5CL,8M5CL,02/20/2026 9:47:43 AM,8M5CL,D1D,2,6063068
D503901,707,MC0WY707WAB3,0,0,0,0,0,0,0,0,3.5140696351,0,0,0,0,0,0,5.8460045259,0,2.4289579461,0,11.789032107,D5039010DW,PNCB,07/02/2025 9:21:35 PM,BPD444,8M5CL,8M5CL,02/19/2026 1:40:59 PM,8M5CL,D1D,1,6947126
D503901,740,MC0WY740WAE3,0,0,0,0,0,0,0.3813873257,1.8087571026,0,0,0,0,0,0,0,1.0223624987,0,3.2833285337,0,6.4958354608,D5039010DW,PNCB,07/02/2025 9:21:35 PM,BPD444,8M5CL,8M5CL,02/19/2026 1:40:53 PM,8M5CL,D1D,2,6947152
D504835,66,MBZZQ066WAE1,0,0,0,0,0,0,0.2146302481,3.3344232831,0,0,0,0,0,0,0,2.375353332,0,11.077528242,0,16.499164812,D5048350,PNCB,07/10/2025 4:00:29 PM,BPD436,8M5CL,8M5CL,02/20/2026 11:18:51 AM,8M5CL,D1D,1,6139991
D504835,70,MBZZQ070WAF2,0,0,0,0,0,0,0,1.1264496689,1.4199384702,0,0,0,0,0,0,3.6048743962,0,25.919318278,2.0825041713,33.541339901,D5048350,PNCB,07/10/2025 4:00:29 PM,BPD436,8M5CL,8M5CL,02/20/2026 11:18:24 AM,8M5CL,D1D,2,6140046
D504835,86,MBZZQ086WAF6,0,0,0,0,0,0,0.3088614273,3.3375428594,0,0,0,0,0,0,0,0,0,11.815796794,0,15.462203206,D5048350,PNCB,07/10/2025 4:00:29 PM,BPD436,8M5CL,8M5CL,02/20/2026 11:18:40 AM,8M5CL,D1D,3,6139995
D504835,113,MBZZQ113WAE7,2.5197422304,0,0,0,0,0,0,0,1.9859345768,0,0,0,0,0,0,5.2086225724,0,24.682166166,0,33.269484533,D5048350,PNCB,07/10/2025 4:00:29 PM,BPD436,8M5CL,8M5CL,02/20/2026 11:17:40 AM,8M5CL,D1D,4,6139997
D504835,162,MBZZQ162WAB0,0,0,0,0,0,0,0.5103779797,1.4026022963,0.8105224438,0,0,0,0,0,0,0,0,19.702697644,0,22.426200364,D5048350,PNCB,07/10/2025 4:00:29 PM,BPD436,8M5CL,8M5CL,02/20/2026 11:18:32 AM,8M5CL,D1D,5,6140006
D504835,174,MBZZQ174WAG5,0,0,0,0,0,0,0,1.1728523035,0,0,0,0,0,1.0996421384,0,0,0,14.118749606,0,16.391244048,D5048350,PNCB,07/10/2025 4:00:29 PM,BPD436,8M5CL,8M5CL,02/20/2026 11:19:16 AM,8M5CL,D1D,6,6140010
D504835,175,MBZZQ175WAD4,0,0,0,0,0,0,0.2161632494,0,3.7203621428,0,0,0,0,0,0,0,0,22.656611647,0.4432416728,27.036378712,D5048350,PNCB,07/10/2025 4:00:29 PM,BPD436,8M5CL,8M5CL,02/20/2026 11:19:09 AM,8M5CL,D1D,7,6140011
D504835,178,MBZZQ178WAB4,0,0,0,0,0,0,0.1064991041,0,39.425389902,0,0,0,0,0,0,104.35132472,0,375.70004059,0,445.12645721,D5048350,PNCB,07/10/2025 4:00:29 PM,BPD436,8M5CL,8M5CL,02/20/2026 11:18:22 AM,8M5CL,D1D,8,6139862
D504835,188,MBZZQ188WAG0,0,0,0,0,0,0,0.2084654724,2.2111824427,0.588214383,0,0,0,0,0,0,4.3552068683,0,16.785039552,0,22.819060845,D5048350,PNCB,07/10/2025 4:00:29 PM,BPD436,8M5CL,8M5CL,02/20/2026 11:18:44 AM,8M5CL,D1D,9,6140002
D504835,199,MBZZQ199WAA0,0,0,0,0,0,0,0.0990327314,0.9260176777,0.7449049781,0,0,0,0,0,0,2.9769296431,0,15.632344054,0,20.379231224,D5048350,PNCB,07/10/2025 4:00:29 PM,BPD436,8M5CL,8M5CL,02/20/2026 11:18:27 AM,8M5CL,D1D,10,6140005
D504835,200,MBZZQ200WAB4,1.8339389684,0,0,0,0,0,0.2747904692,1.6961909752,4.4546954259,0,0,0,0,0,0,3.3541543906,0,25.663804155,0,35.421709129,D5048350,PNCB,07/10/2025 4:00:29 PM,BPD436,8M5CL,8M5CL,02/20/2026 11:18:25 AM,8M5CL,D1D,11,6139861
D504835,211,MBZZQ211WAC7,0,0,0,0,0,0,0,0,1.29227099,0,0,0,0,0,0,0,0,18.360606772,0,19.652877761,D5048350,PNCB,07/10/2025 4:00:29 PM,BPD436,8M5CL,8M5CL,02/20/2026 11:19:02 AM,8M5CL,D1D,12,6140013
D502984,210,GL2DW210JDC0,0,0,0,0,0,0,0.699985741,1.2219133782,1.5402737877,0,0,0,0,0,0,0,0,25.317705442,0.8466653276,29.096689595,D5029840C,PNCB,07/07/2025 11:40:15 PM,BPD436,8M5CL,8M5CL,02/20/2026 11:18:27 AM,8M5CL,D1D,1,7000579
D502984,212,GL2DW212JDD1,0,0,0,0,0,0,0.6199350336,1.9400215623,5.290992625,0,0,0,0,0,0,0,0,19.525515062,0,27.180547242,D5029840C,PNCB,07/07/2025 11:40:15 PM,BPD436,8M5CL,8M5CL,02/20/2026 11:18:43 AM,8M5CL,D1D,2,7000560
D502984,213,GL2DW213JDA0,0,0,0,0,0,0,0.4871506354,1.258010185,1.4561462755,0,0,0,0,0,0,0,0,9.9468482313,0,13.148153187,D5029840C,PNCB,07/07/2025 11:40:15 PM,BPD436,8M5CL,8M5CL,02/20/2026 11:18:31 AM,8M5CL,D1D,3,7000480
D502984,306,GL2DW306JDA0,0,0,0,0,0,0,0,1.9098968257,0,0,0,0,0,0,0,4.0286076323,0,11.898508067,0,17.837012525,D5029840C,PNCB,07/07/2025 11:40:15 PM,BPD436,8M5CL,8M5CL,02/20/2026 11:18:39 AM,8M5CL,D1D,4,7000600
D502984,307,GL2DW307JDE2,0,0,0,0,0,0,0,1.0986336633,2.0197437932,0,0,0,0,0,0,2.537180826,0,22.698639348,0,28.35419763,D5029840C,PNCB,07/07/2025 11:40:15 PM,BPD436,8M5CL,8M5CL,02/20/2026 11:18:40 AM,8M5CL,D1D,5,7000640
D502984,308,GL2DW308JDB1,0,0,0,0,0,0,0.52838142,1.2529412618,0,0,0,0,0,0,0,1.2584345212,0,5.7117401631,0,9.348870723,D5029840C,PNCB,07/07/2025 11:40:15 PM,BPD436,8M5CL,8M5CL,02/20/2026 11:18:29 AM,8M5CL,D1D,6,7000495
D502980,2,MBZZU002WAF7,0,0,0,0,0,0,0,9.0022911156,0,1.4518694344,0,0,0,0,0,2.2780533476,0,10.133368222,0,22.865587219,D5029800,PNCB,07/08/2025 6:21:58 AM,BPD448,8M5CL,8M5CL,02/19/2026 10:00:42 AM,8M5CL,D1D,1,6072892
D502980,16,MBZZU016WAF2,0,0,0,0,0,0,0,5.3818171648,6.0558035141,0,0,0,0,0,0,0,0,10.350423749,0,21.788044428,D5029800,PNCB,07/08/2025 6:21:58 AM,BPD448,8M5CL,8M5CL,02/19/2026 10:01:57 AM,8M5CL,D1D,2,6072898
D502980,48,MBZZU048WAF1,0,0,0,0,0,0,0.3171682886,1.5858414432,0,0,0,0,0,0,0,0,0,21.215837491,0,23.118847223,D5029800,PNCB,07/08/2025 6:21:58 AM,BPD448,8M5CL,8M5CL,02/19/2026 10:00:30 AM,8M5CL,D1D,3,6072839
D502980,49,MBZZU049WAC0,0,0,0,0,0,0,0.4323264988,0,0,0,0,0,0,0,0,0,0,11.465641185,0,11.897967684,D5029800,PNCB,07/08/2025 6:21:58 AM,BPD448,8M5CL,8M5CL,02/19/2026 10:01:02 AM,8M5CL,D1D,4,6072899
D502980,85,MBZZU085WAD0,0,0,0,0,0,0,1.3440066729,0,0,0,0,0,0,0,0,0,0,10.77596927,0,12.119975943,D5029800,PNCB,07/08/2025 6:21:58 AM,BPD448,8M5CL,8M5CL,02/19/2026 10:02:10 AM,8M5CL,D1D,5,6072852
D502980,218,MBZZU218WAE5,0,0,0,0,0,0,0.9819005972,3.4131401068,0,0,0,0,0,0,0,5.5344219643,0,15.763870173,0,25.693332841,D5029800,PNCB,07/08/2025 6:21:58 AM,BPD448,8M5CL,8M5CL,02/19/2026 10:00:47 AM,8M5CL,D1D,6,6072844
D502980,270,MBZZU270WAF0,0,0,0,0,0,0,0.8209013446,1.258678398,0.7273528686,0,0,0,0,0,0,2.040951058,0,11.908309076,0,16.756192745,D5029800,PNCB,07/08/2025 6:21:58 AM,BPD448,8M5CL,8M5CL,02/19/2026 10:01:49 AM,8M5CL,D1D,7,6072853
D502980,271,MBZZU271WAB7,0,0,0,0,0,0,1.4553040529,0,1.3892742682,0,0,0,0,0,0,1.8977051563,0,11.111934168,0,15.787224664,D5029800,PNCB,07/08/2025 6:21:58 AM,BPD448,8M5CL,8M5CL,02/19/2026 10:02:02 AM,8M5CL,D1D,8,6072897
D502980,281,MBZZU281WAG3,0,0,0,0,0,0,0.7974425121,3.5787709818,0,0.9130646877,0,0,0,0,0,0,0,21.005230909,0,26.29450909,D5029800,PNCB,07/08/2025 6:21:58 AM,BPD448,8M5CL,8M5CL,02/19/2026 10:01:24 AM,8M5CL,D1D,9,6072890
D502980,288,MBZZU288WAG5,0,0,0,0,0,0,0.8313699941,1.667614446,27.113523555,0,0,0,0,0,0,15.123761699,0,117.76943465,0,161.88218384,D5029800,PNCB,07/08/2025 6:21:58 AM,BPD448,8M5CL,8M5CL,02/19/2026 10:02:19 AM,8M5CL,D1D,10,6072840
D502980,292,MBZZU292WAA3,0,0,0,0,0,0,0.6966812852,1.8474096727,0,0,0,0,0,0,0,1.1597704836,0,5.1183215279,0,8.8221808444,D5029800,PNCB,07/08/2025 6:21:58 AM,BPD448,8M5CL,8M5CL,02/19/2026 10:00:36 AM,8M5CL,D1D,11,6072856
D502980,314,MBZZU314WAB4,1.3945949283,0,0,0,0,0,1.6200569674,1.9458525719,10.528330825,0,0,0,0,0,0,13.291115382,0,30.893280256,0,58.829459096,D5029800,PNCB,07/08/2025 6:21:58 AM,BPD448,8M5CL,8M5CL,02/19/2026 10:01:12 AM,8M5CL,D1D,12,6072874
D502984,207,GL2DW207JDF1,0,0,0,0,0,0,1.5957556312,0,7.2421259054,0,0,0,0,0,0,3.3246335803,0,11.996375468,0.8864833455,24.231966604,D5029840,PNCB,07/07/2025 10:37:38 PM,BPD432,8M5CL,8M5CL,02/20/2026 9:55:30 AM,8M5CL,D1D,1,6073248
D502984,208,GL2DW208JDC0,0,0,0,0,0,0,0,1.137825072,0.6031173724,0,0,0,0,0,0,0.7826991385,0,28.143040652,0,30.666682235,D5029840,PNCB,07/07/2025 10:37:38 PM,BPD432,8M5CL,8M5CL,02/20/2026 9:55:33 AM,8M5CL,D1D,2,6073181
D504858,409,GN9GJ409JDA1,0,0,0,0,0,0,0.1660818629,0,0,0,0,0,0,0,0,0.7052058483,0,5.4477419308,0,5.7921006883,D504858A,PNCB,07/18/2025 8:42:34 PM,BPD448,8M5CL,8M5CL,02/19/2026 10:01:28 AM,8M5CL,D1D,1,6832048
D504858,410,GN9GJ410JDD2,1.5714759256,0,0,0,0,0,0,1.4501035828,0,0,0,0,0,0,0,3.3791216261,0,0,0,6.4006990095,D504858A,PNCB,07/18/2025 8:42:34 PM,BPD448,8M5CL,8M5CL,02/19/2026 10:01:49 AM,8M5CL,D1D,2,6831639
D504858,411,GN9GJ411JDA1,0,0,0,0,0,0,0,1.025170262,0,0,0,0,0,0,0,0,0,0.7362391861,0.7103424007,2.4717518488,D504858A,PNCB,07/18/2025 8:42:34 PM,BPD448,8M5CL,8M5CL,02/19/2026 10:02:08 AM,8M5CL,D1D,3,6831357
D504858,412,GN9GJ412JDE3,1.1005644109,0,0,0,0,0,0,0.73123038,2.5084113355,0,0,0,0,0,0,1.6505278586,0,0,0,5.9907339851,D504858A,PNCB,07/18/2025 8:42:34 PM,BPD448,8M5CL,8M5CL,02/19/2026 10:01:17 AM,8M5CL,D1D,4,6831931
D504858,413,GN9GJ413JDB2,0,0,0,0,0,0,0,0,0,0,0,0,0,0,0,1.6623167902,0,3.198359999,0,4.8606767891,D504858A,PNCB,07/18/2025 8:42:34 PM,BPD448,8M5CL,8M5CL,02/19/2026 10:02:14 AM,8M5CL,D1D,5,6831256
D504858,414,GN9GJ414JDF4,0,0,0,0,0,0,0.235521634,0,0,0,0,0,0,0,0,0.7683592879,0,4.9953787717,0,5.9992575685,D504858A,PNCB,07/18/2025 8:42:34 PM,BPD448,8M5CL,8M5CL,02/19/2026 10:02:02 AM,8M5CL,D1D,6,6830858
D504858,415,GN9GJ415JDC3,0,0,0,0,0,0,0,0,0,0,0,0,0,0,0,1.6623167902,0,4.6708383711,1.4206848015,7.7538399628,D504858A,PNCB,07/18/2025 8:42:34 PM,BPD448,8M5CL,8M5CL,02/19/2026 10:01:56 AM,8M5CL,D1D,7,6831207
D504858,416,GN9GJ416JDG5,0,0,0,0,0,0,0,0,2.3432459219,0,0,0,0,0,0,4.1878994023,0,5.0225305606,0,11.553675885,D504858A,PNCB,07/18/2025 8:42:34 PM,BPD448,8M5CL,8M5CL,02/19/2026 10:01:05 AM,8M5CL,D1D,8,6831754
D504858,417,GN9GJ417JDD4,2.3990923434,0,0,0,0,0,0,2.1455655042,0,0,0,0,0,0,0,3.4790423706,0,2.3551609325,0,10.378863329,D504858A,PNCB,07/18/2025 8:42:34 PM,BPD448,8M5CL,8M5CL,02/19/2026 10:01:06 AM,8M5CL,D1D,9,6832072
D504858,418,GN9GJ418JDA3,0,0,0,0,0,0,0,0,1.5534597351,0,0,0,0,0,0,3.9965979746,0,2.8074465225,0,8.3575042322,D504858A,PNCB,07/18/2025 8:42:34 PM,BPD448,8M5CL,8M5CL,02/19/2026 10:02:27 AM,8M5CL,D1D,10,6830770
D504858,419,GN9GJ419JDE5,0,0,0,0,0,0,0.2050340524,0,0,0,0,0,0,0,0,0,0,2.9856211179,1.7260956499,4.9167508202,D504858A,PNCB,07/18/2025 8:42:34 PM,BPD448,8M5CL,8M5CL,02/19/2026 10:00:53 AM,8M5CL,D1D,11,6831051
D504858,445,GN9GJ445JDB1,0,0,0,0,0,0,0,0,0,0,0,0,0,19.264395757,0,21.30596787,0,33.090462333,0,73.660799146,D504858A,PNCB,07/18/2025 8:42:34 PM,BPD448,8M5CL,8M5CL,02/19/2026 10:02:21 AM,8M5CL,D1D,12,6831497
D504831,69,A11HP069SLD2,0,0,0,0,0,0,1.0352614473,0,2.4394686166,0,1.8748416482,0,0,0,0,0,0,5.1969326351,0,10.490470981,D5048310,PNCB,07/22/2025 1:39:43 PM,BPD446,8M5CL,8M5CL,02/23/2026 3:51:15 PM,8M5CL,D1D,1,6139449
D504831,131,A10J2131SLG6,0,0,0,0,0,0,0.6309612629,3.400164444,15.343766116,0,0,0,2.6534916358,0,0,12.939371592,0,63.046960924,0,87.382825003,D5048310,PNCB,07/22/2025 1:39:43 PM,BPD446,8M5CL,8M5CL,02/23/2026 3:52:10 PM,8M5CL,D1D,2,6139342
D504831,132,A10J2132SLD5,0,0,0,0,0,0,0.4303612732,1.0512164543,1.2863938298,0,0,0,0,0,0,4.5512450368,0,20.346531012,0,24.765366186,D5048310,PNCB,07/22/2025 1:39:43 PM,BPD446,8M5CL,8M5CL,02/23/2026 3:52:25 PM,8M5CL,D1D,3,6139418
D504831,133,A10J2133SLA4,0,0,0,0,0,0,0.4291461167,0,6.6292602888,0,0,0,0,0,0,8.7123313531,0,55.902782653,0,67.421005013,D5048310,PNCB,07/22/2025 1:39:43 PM,BPD446,8M5CL,8M5CL,02/23/2026 3:52:17 PM,8M5CL,D1D,4,6139344
D504831,139,A10J2139SLD7,0,0,0,0,0,0,0.7533760092,0.6670969095,5.0675064947,0,0,0,0,0,0,2.9333823794,0,27.937989205,0,36.538198179,D5048310,PNCB,07/22/2025 1:39:43 PM,BPD446,8M5CL,8M5CL,02/23/2026 3:52:35 PM,8M5CL,D1D,5,6139428
D504831,145,A10J2145SLG1,0,0,0,0,0,0,0,0,1.29227099,0,0,0,1.5714832806,0,0,4.483249335,0,12.013478047,0,19.360481653,D5048310,PNCB,07/22/2025 1:39:43 PM,BPD446,8M5CL,8M5CL,02/23/2026 3:52:51 PM,8M5CL,D1D,6,6139414
D504831,357,A10J2357SLC5,0,0,0,0,0,0,2.2540904383,0,6.3539153941,0,0,0,1.1771266056,0,0,0,0,10.531918678,0,19.130199305,D5048310,PNCB,07/22/2025 1:39:43 PM,BPD446,8M5CL,8M5CL,02/23/2026 3:51:05 PM,8M5CL,D1D,7,6139466
D504831,360,A10J2360SLG7,0,0,0,0,0,0,0.5500080738,1.1032419764,3.2505304818,0,1.6431156774,0,0,0,0,2.3658734752,0,13.295383348,0,21.98884342,D5048310,PNCB,07/22/2025 1:39:43 PM,BPD446,8M5CL,8M5CL,02/23/2026 3:52:39 PM,8M5CL,D1D,8,6139432
D504831,363,A10J2363SLE7,0,0,0,0,0,0,1.9539595377,0,2.8705473612,0,0,0,0,0,0,0,0,3.7098814356,0,8.4674547755,D5048310,PNCB,07/22/2025 1:39:43 PM,BPD446,8M5CL,8M5CL,02/23/2026 3:52:19 PM,8M5CL,D1D,9,6139437
D504831,367,A10J2367SLH1,0,0,0,0,0,0,0.5166836718,3.397812331,0,0,0,0,0,0,0,1.263095372,0,10.896324972,0,16.073914207,D5048310,PNCB,07/22/2025 1:39:43 PM,BPD446,8M5CL,8M5CL,02/23/2026 3:52:48 PM,8M5CL,D1D,10,6139421
D502971,7,GK5MH007JKH1,0,0,0,0,0,0,0.3734447956,2.3051533333,1.3926288265,0,0,0,0,0,0,3.737812389,0,1.79936774,0.8016189863,10.410026071,D5029710,PNCB,08/02/2025 6:02:01 AM,BPD432,8M5CL,8M5CL,02/20/2026 9:56:24 AM,8M5CL,D1D,1,6069821
D502971,8,GK5MH008JKE0,0,0,0,0,0,0,0,1.0786274995,0.5717388551,0,0,0,0,0,0,3.4056677752,0,2.3912189699,0,7.4472530998,D5029710,PNCB,08/02/2025 6:02:01 AM,BPD432,8M5CL,8M5CL,02/20/2026 9:55:54 AM,8M5CL,D1D,2,6069701
D502971,9,GK5MH009JKA7,0,0,0,0,0,0,0.2161632494,0.7364532091,1.29227099,0,0,0,0,0,0,1.6184420712,0,0,0.7103424007,4.5736719204,D5029710,PNCB,08/02/2025 6:02:01 AM,BPD432,8M5CL,8M5CL,02/20/2026 9:57:24 AM,8M5CL,D1D,3,6069807
D502971,11,GK5MH011JKA7,0,0,0,0,0,0,0.8359097061,3.6721170738,0.7242175131,0,2.6163928856,0,0,0,0,3.729903289,0,1.9549675862,0,13.033143637,D5029710,PNCB,08/02/2025 6:02:01 AM,BPD432,8M5CL,8M5CL,02/20/2026 9:57:33 AM,8M5CL,D1D,4,6069789
D502971,12,GK5MH012JKF1,0,0,0,0,0,0,0,0,0,0,0,0,0,0,0,3.7319461283,1.3738460932,2.5787505555,0.7053047461,8.389847523,D5029710,PNCB,08/02/2025 6:02:01 AM,BPD432,8M5CL,8M5CL,02/20/2026 9:57:21 AM,8M5CL,D1D,5,6069826
D502971,13,GK5MH013JKC0,0,0,0,0,0,0,2.4218609428,0,1.2340567287,0,0,0,0,0,0,0,0,0.7362391861,0,4.3921568576,D5029710,PNCB,08/02/2025 6:02:01 AM,BPD432,8M5CL,8M5CL,02/20/2026 9:55:58 AM,8M5CL,D1D,6,6069774
D502971,14,GK5MH014JKG2,0,0,0,0,0,0,0.6614776744,3.1371058333,1.9772290971,0,0,0,0,0,0,0,4.2341107822,2.3508642332,0,12.36078762,D5029710,PNCB,08/02/2025 6:02:01 AM,BPD432,8M5CL,8M5CL,02/20/2026 9:56:09 AM,8M5CL,D1D,7,6069761
D502971,155,GK5AD155JKE7,0,0,0,0,0,0,0.2635928907,2.4973425812,0,0,0,0,0,0,0,0,0,1.7955611012,0.9129173286,5.4694139018,D5029710,PNCB,08/02/2025 6:02:01 AM,BPD432,8M5CL,8M5CL,02/20/2026 9:56:10 AM,8M5CL,D1D,8,6069847
D502971,200,GK5AD200JKE4,0,0,0,0,0,0,0,0,0,0,0,0,0,0,0,0,1.9635033865,0.8237147664,0.3032449149,3.0904630678,D5029710,PNCB,08/02/2025 6:02:01 AM,BPD432,8M5CL,8M5CL,02/20/2026 9:57:14 AM,8M5CL,D1D,9,6069829
D502971,237,GK5AD237JKD4,0,0,0,0,0,0,3.3292137968,3.6403988655,2.5746039058,0,0,0,0,0,0,10.538572406,2.7488971985,2.5366123914,0,25.368295475,D5029710,PNCB,08/02/2025 6:02:01 AM,BPD432,8M5CL,8M5CL,02/20/2026 9:56:37 AM,8M5CL,D1D,10,6069736
D502971,238,GK5AD238JKA3,0,0,0,0,0,0,0.1649040322,0.73123038,0,0,0,0,0,0,0,2.6728903574,0,0,0.7053047461,4.2743295156,D5029710,PNCB,08/02/2025 6:02:01 AM,BPD432,8M5CL,8M5CL,02/20/2026 9:57:34 AM,8M5CL,D1D,11,6069781
D504858,396,GN9GJ396JDG5,0,0,0,0,0,0,0,1.2431128965,2.2259260532,0,0,0,0,0,0,2.0157137881,0,2.8319122457,0.3703391805,8.6870041641,D5048580AC,PNCB,08/02/2025 4:06:07 AM,BPD448,8M5CL,8M5CL,02/19/2026 10:00:54 AM,8M5CL,D1D,1,7126018
D504858,397,GN9GJ397JDD4,0,0,0,0,0,0,0,12.882645415,0,0,0,0,0,0,0,0,0,5.930191915,4.7993180539,23.612149568,D5048580AC,PNCB,08/02/2025 4:06:07 AM,BPD448,8M5CL,8M5CL,02/19/2026 10:01:05 AM,8M5CL,D1D,2,7126015
D504859,73,GN8TU073JDG5,0,0,0,0,0,0,1.1381444529,4.9049495909,1.4910598507,0,0,0,0,0,0,0,0,5.3923078286,0,12.36895316,D5048590,PNCB,08/01/2025 6:50:33 AM,BPD450,8M5CL,8M5CL,02/23/2026 11:32:13 AM,8M5CL,D1D,1,6128280
D504859,74,GN8TU074JDD4,0,0,0,0,0,0,0.720271487,0.6107739346,1.2021971461,0,0,0,0,0,0,3.5362500932,0,12.355018104,0,18.245927773,D5048590,PNCB,08/01/2025 6:50:33 AM,BPD450,8M5CL,8M5CL,02/23/2026 11:31:43 AM,8M5CL,D1D,2,6128323
D504859,76,GN8TU076JDE5,0,0,0,0,0,0,0,0,2.6992707524,0,0,0,0,0,0,1.7361079512,0,10.555551729,1.2047918345,16.195724392,D5048590,PNCB,08/01/2025 6:50:33 AM,BPD450,8M5CL,8M5CL,02/23/2026 11:31:37 AM,8M5CL,D1D,3,6128332
D504859,77,GN8TU077JDB4,0,0,0,0,0,0,0.5484660902,0,2.5284123029,0,2.0191809126,0,0,0,0,10.684707572,0,6.0815111758,0.7650295626,22.172750546,D5048590,PNCB,08/01/2025 6:50:33 AM,BPD450,8M5CL,8M5CL,02/23/2026 11:31:31 AM,8M5CL,D1D,4,6128388
D504859,137,GN8TU137JDE6,0,0,0,0,0,0,0.1660818629,0,3.1279464257,0,0,0,0,0,0,2.0593294908,0,8.7417702194,0.7103424007,14.805470399,D5048590,PNCB,08/01/2025 6:50:33 AM,BPD450,8M5CL,8M5CL,02/23/2026 11:32:05 AM,8M5CL,D1D,5,6128328
D504859,139,GN8TU139JDF7,0,0,0,0,0,0,0.097457522,0,0.7330459626,0,0,0,0,0,0,1.2740897345,3.4242313325,7.9648837815,0.5484596695,14.042168003,D5048590,PNCB,08/01/2025 6:50:33 AM,BPD450,8M5CL,8M5CL,02/23/2026 11:31:52 AM,8M5CL,D1D,6,6128446
D504859,140,GN8TU140JDB5,0,0,0,0,0,0,0.1649040322,0,1.2253049611,0,0,0,0,0,0.3081325344,3.3010557172,0,5.6921641845,0.7053047461,11.396866175,D5048590,PNCB,08/01/2025 6:50:33 AM,BPD450,8M5CL,8M5CL,02/23/2026 11:32:06 AM,8M5CL,D1D,7,6128393
D504859,141,GN8TU141JDF7,0,0,0,0,0,0,0.228330458,0,3.0869695784,0,0,0,0,0,0,3.4654072212,0,6.1230723059,0,12.903777423,D5048590,PNCB,08/01/2025 6:50:33 AM,BPD450,8M5CL,8M5CL,02/23/2026 11:31:59 AM,8M5CL,D1D,8,6128448
D504859,142,GN8TU142JDC6,0,0,0,0,0,0,0,0,0.5566743618,0,0,0,0,0,0,2.0771724159,2.952853203,3.3856497857,1.1817541462,10.154103913,D5048590,PNCB,08/01/2025 6:50:33 AM,BPD450,8M5CL,8M5CL,02/23/2026 11:30:20 AM,8M5CL,D1D,9,6128390
D504859,146,GN8TU146JDF0,0,0,0,0,0,0,0.2244054871,0,3.1867852981,0,0,0,0,0,0,2.457798973,0.9684988067,4.3563607715,0,11.193849336,D5048590,PNCB,08/01/2025 6:50:33 AM,BPD450,8M5CL,8M5CL,02/23/2026 11:31:47 AM,8M5CL,D1D,10,6128274
D504859,147,GN8TU147JDB7,1.3112163076,0,0,0,0,0,0.3488810638,0,0.6428224186,0,0,0,0,0,0,3.9328870009,0,6.7831792235,0.5243349947,13.543316729,D5048590,PNCB,08/01/2025 6:50:33 AM,BPD450,8M5CL,8M5CL,02/23/2026 11:30:27 AM,8M5CL,D1D,11,6128324
D504859,152,GN8TU152JDH2,0,0,0,0,0,0,0.2452182461,0,2.6988521172,0,0,0,0,0,0,0,1.5696377557,8.1011719644,0.7053047461,13.320182704,D5048590,PNCB,08/01/2025 6:50:33 AM,BPD450,8M5CL,8M5CL,02/23/2026 11:30:35 AM,8M5CL,D1D,12,6128329
D504832,47,GL9GU047JKF0,0,0,0,0,0,0,0.329766668,0,0,0,0,0,0,0,0,2.6735841168,11.058560841,0,0,14.061911626,D5048320,PNCB,07/28/2025 11:31:59 PM,BPD444,8M5CL,8M5CL,02/19/2026 1:41:40 PM,8M5CL,D1D,1,6139768
D504832,48,GL9GU048JKB7,0,0,0,0,0,0,0,0,1.761126188,0,0,0,0,0,0,0,0,4.2704767964,0,6.0316029844,D5048320,PNCB,07/28/2025 11:31:59 PM,BPD444,8M5CL,8M5CL,02/19/2026 1:41:44 PM,8M5CL,D1D,2,6139751
D504832,49,GL9GU049JKG1,0,0,0,0,0,0,0.3499169352,2.2350017252,2.7226831377,0,0,0,0,0,0,0,1.9655809877,0,0,7.2731806455,D5048320,PNCB,07/28/2025 11:31:59 PM,BPD444,8M5CL,8M5CL,02/19/2026 1:42:22 PM,8M5CL,D1D,3,6139830
D504832,50,GL9GU050JKB7,0,0,0,0,0,0,0.8597620228,1.7849501455,0,0,0,0,0,0,0,0,0,2.4845831279,0,5.1292952962,D5048320,PNCB,07/28/2025 11:31:59 PM,BPD444,8M5CL,8M5CL,02/19/2026 1:41:59 PM,8M5CL,D1D,4,6139790
D504832,51,GL9GU051JKG1,0,0,0,0,0,0,0,1.5845772089,1.9118376673,0,2.7338016335,0,0,0,0,0,2.1436053351,1.2397433204,0,9.6135630249,D5048320,PNCB,07/28/2025 11:31:59 PM,BPD444,8M5CL,8M5CL,02/19/2026 1:41:37 PM,8M5CL,D1D,5,6139780
D504832,52,GL9GU052JKD0,0,0,0,0,0,0,0.8266558383,3.9884462752,0,0,0,0,0,0,0,1.9066879972,0,3.2036815862,0,9.925471697,D5048320,PNCB,07/28/2025 11:31:59 PM,BPD444,8M5CL,8M5CL,02/19/2026 1:42:02 PM,8M5CL,D1D,6,6139793
D504832,53,GL9GU053JKH2,0,0,0,0,0,0,3.3850908028,2.2741743584,0.9216002425,0,0,0,0,0,0,0,0,3.960808444,0,9.6084179115,D5048320,PNCB,07/28/2025 11:31:59 PM,BPD444,8M5CL,8M5CL,02/19/2026 1:41:30 PM,8M5CL,D1D,7,6139805
D504832,54,GL9GU054JKE1,0,0,0,0,0,0,1.1580576918,1.4252064741,0,0,0,0,0,0,0,0,0,0,0,2.5832641658,D5048320,PNCB,07/28/2025 11:31:59 PM,BPD444,8M5CL,8M5CL,02/19/2026 1:42:07 PM,8M5CL,D1D,8,6139814
D504832,55,GL9GU055JKB0,0,0,0,0,0,0,0,2.5277424108,1.8940566349,0,0,0,0,0,0,0,0,1.0790912214,0,5.5008924074,D5048320,PNCB,07/28/2025 11:31:59 PM,BPD444,8M5CL,8M5CL,02/19/2026 1:42:24 PM,8M5CL,D1D,9,6139819
D504832,56,GL9GU056JKF2,0,0,0,0,0,0,0.3355265793,1.0155623325,0,0,0,0,0,0,0,1.5982324549,2.7240701088,3.6250050134,0,9.2983943638,D5048320,PNCB,07/28/2025 11:31:59 PM,BPD444,8M5CL,8M5CL,02/19/2026 1:41:35 PM,8M5CL,D1D,10,6139811
D504832,100,GL9GU100JKA5,0,0,0,0,0,0,0,3.6442409838,0,0,0,0,0,0,0,0,4.7922811806,13.515381477,0,21.951903642,D5048320,PNCB,07/28/2025 11:31:59 PM,BPD444,8M5CL,8M5CL,02/19/2026 1:41:55 PM,8M5CL,D1D,11,6139759
D504832,691,GL9TJ691JKC1,0,0,0,0,0,0,1.7320412094,1.5659379442,0,0,0,0,0,0,0,2.1893998405,0,0,0,5.487378994,D5048320,PNCB,07/28/2025 11:31:59 PM,BPD444,8M5CL,8M5CL,02/19/2026 1:42:20 PM,8M5CL,D1D,12,6139816
D503911,698,GM4QA698JDA0,0,0,0,0,0,0,0.3459712097,4.21520632,0,0,0,0,0,0,0,4.5423984455,0,0,1.1986185585,10.302194534,D503911A,PNCB,08/04/2025 6:14:21 AM,BPD450,8M5CL,8M5CL,02/23/2026 11:30:30 AM,8M5CL,D1D,1,7059177
D503911,699,GM4QA699JDE2,0,0,0,0,0,0,0.4323264988,0,0,0,0,0,0,0,0,0,0,2.3354191856,0,2.7677456844,D503911A,PNCB,08/04/2025 6:14:21 AM,BPD450,8M5CL,8M5CL,02/23/2026 11:30:20 AM,8M5CL,D1D,2,7144678
D503911,693,GM4QA693JDA7,0,0,0,0,0,0,0.2949237205,0,2.7407723632,0,0,0,0,0,0,1.6623167902,0,4.9531839587,0,9.6511968326,D5039110,PNCB,08/04/2025 5:15:32 AM,BPD432,8M5CL,8M5CL,02/20/2026 9:55:45 AM,8M5CL,D1D,1,6107277
D503911,694,GM4QA694JDF1,0,0,0,0,0,0,0,0,2.7980367924,0,0,0,0,0,0,1.8781783001,0,1.6633907981,0,5.6665403079,D5039110,PNCB,08/04/2025 5:15:32 AM,BPD432,8M5CL,8M5CL,02/20/2026 9:55:53 AM,8M5CL,D1D,2,6107357
D503911,695,GM4QA695JDC0,0,0,0,0,0,0,0.5581335099,0,0,0,0,0,0,1.079514987,0,0,0.9329263407,4.5622516521,0,7.1328264898,D5039110,PNCB,08/04/2025 5:15:32 AM,BPD432,8M5CL,8M5CL,02/20/2026 9:55:31 AM,8M5CL,D1D,3,6107310
D503908,42,MBZTG042WAA5,0,0,0,0,0,0,0,0,1.0791013861,0,0,0,0,0,0,4.9515835758,0.5618637387,1.5891138569,0,8.1816625575,D5039080,PNCB,08/08/2025 3:10:01 PM,BPD446,8M5CL,8M5CL,02/23/2026 3:53:10 PM,8M5CL,D1D,1,6107055
D503908,97,MBZTG097WAA1,0,0,0,0,0,0,0,0,0,0,0,0,0,0,0,0,0,0,0,0,D5039080,PNCB,08/08/2025 3:10:01 PM,BPD446,8M5CL,8M5CL,02/23/2026 3:54:01 PM,8M5CL,D1D,2,6106977
D503908,215,MBZTG215WAF4,0,0,0,0,0,0,0,0.7364532091,0,0,0,0,0,0,0,2.0593294908,0.9329263407,0,0.5958400855,4.324549126,D5039080,PNCB,08/08/2025 3:10:01 PM,BPD446,8M5CL,8M5CL,02/23/2026 3:52:51 PM,8M5CL,D1D,3,6107068
D503908,218,MBZTG218WAD4,0,0,0,0,0,0,0.4182102261,0,0,0,0,0,0,0,0,0,0.9263101501,2.1930536244,0.3893095194,3.9268835199,D5039080,PNCB,08/08/2025 3:10:01 PM,BPD446,8M5CL,8M5CL,02/23/2026 3:54:06 PM,8M5CL,D1D,4,6107022
D503908,232,MBZTG232WAB6,0,0,0,0,0,0,0,0,0.7000473675,0,0,0,0,0,0,1.9643279066,0,3.7794431647,0.8393976499,7.2832160888,D5039080,PNCB,08/08/2025 3:10:01 PM,BPD446,8M5CL,8M5CL,02/23/2026 3:53:34 PM,8M5CL,D1D,5,6107031
D503908,308,MC0ET308WAE7,0,0,0,0,0,0,0,1.0178998896,0.5636445322,0,0,0,0,0,0,2.4557036717,0,10.190442301,0,14.227690395,D5039080,PNCB,08/08/2025 3:10:01 PM,BPD446,8M5CL,8M5CL,02/23/2026 3:52:45 PM,8M5CL,D1D,6,6107058
D503908,313,MBZTG313WAD4,0,0,0,0,0,0,0,2.050340524,0,0,0,0,0,0,0,2.6481068166,0,2.3994120683,0,7.0978594089,D5039080,PNCB,08/08/2025 3:10:01 PM,BPD446,8M5CL,8M5CL,02/23/2026 3:53:36 PM,8M5CL,D1D,7,6106979
D503908,316,MC0ET316WAA7,0,0,0,0,0,0,0,0,1.0948161454,0,0,0,0,0,0,0,0,0,1.5083363817,2.6031525271,D5039080,PNCB,08/08/2025 3:10:01 PM,BPD446,8M5CL,8M5CL,02/23/2026 3:53:22 PM,8M5CL,D1D,8,6107041
D503908,333,MC0ET333WAE4,0,0,0,0,0,0,0,1.025170262,1.3102917282,0,0,0,0,0,0,0,0,8.9738931653,1.6190927012,12.716132741,D5039080,PNCB,08/08/2025 3:10:01 PM,BPD446,8M5CL,8M5CL,02/23/2026 3:52:58 PM,8M5CL,D1D,9,6107064
D503908,364,MC0ET364WAA1,0,0,0,0,0,0,0,0,0,0,0,0,0,0,0,1.6505278586,0,2.9876105529,0,4.6381384115,D5039080,PNCB,08/08/2025 3:10:01 PM,BPD446,8M5CL,8M5CL,02/23/2026 3:53:42 PM,8M5CL,D1D,10,6107035
D503908,414,MC0ET414WAG2,0,0,0,0,0,0,0.1554220504,0,0,0,0,0,0,0,0,0,0,0,0,0.1554220504,D5039080,PNCB,08/08/2025 3:10:01 PM,BPD446,8M5CL,8M5CL,02/23/2026 3:53:16 PM,8M5CL,D1D,11,6107088
D503908,492,MC0ET492WAE2,0,0,0,0,0,0,0,1.0178998896,0,0,0,0,0,0,0,0,0,1.8477326806,0.7053047461,3.5709373163,D5039080,PNCB,08/08/2025 3:10:01 PM,BPD446,8M5CL,8M5CL,02/23/2026 3:52:19 PM,8M5CL,D1D,12,6107044
D502EQ5,533,GK7UE533JKD6,0.7771894094,0,0,0,0,0,0.5501749946,0,0,0,0,0,0,0,0,2.8042888498,0,0,0,4.1316512764,D502EQ50,X78D,08/09/2025 11:34:14 PM,BPD454,8M5CL,8M5CL,01/15/2026 4:09:34 PM,8M5CL,D1D,1,6064109
D502EQ5,534,GK7UE534JKA5,0,0,0,0,0,0,0.2539763738,0,4.4718680783,0,0,0,0,0,0,0,0,0.9774878705,0,5.7033323225,D502EQ50,X78D,08/09/2025 11:34:14 PM,BPD454,8M5CL,8M5CL,01/15/2026 4:09:32 PM,8M5CL,D1D,2,6064132
D504848,275,MC0ET275WAC3,0,0,0,0,0,0,1.3613490596,2.1503877245,1.3796865519,0,0,0,0,0,0,0,0,2.7742648255,0.7273336882,8.3930218498,D5048480,PNCB,08/18/2025 4:47:40 AM,BPD450,8M5CL,8M5CL,02/16/2026 12:59:08 PM,8M5CL,D1D,1,6123124
D504848,278,MC0ET278WAA3,0,0,0,0,0,0,0.3266927383,2.5781831666,0,0,0,0,0,0,0,1.3871829193,0,2.2123363459,0,6.5043951701,D5048480,PNCB,08/18/2025 4:47:40 AM,BPD450,8M5CL,8M5CL,02/16/2026 12:58:55 PM,8M5CL,D1D,2,6123172
D502968,81,GG6SE081JKF7,0,0,0,0,0,0,0,0,0,0,0,0,0,0,0,0,0,14.373828774,0.677273704,14.8181213,D5029680,PNCB,08/22/2025 10:22:34 PM,BPD434,8M5CL,8M5CL,02/16/2026 12:43:53 PM,8M5CL,D1D,1,6069646
D502968,111,GF7FG111JKD2,7.5969011632,0,0,0,0,0,0,0.9496543799,1.5913125133,0,0,0,0,0,0,6.6589731046,0,18.114557348,0.9159842785,33.214048291,D5029680,PNCB,08/22/2025 10:22:34 PM,BPD434,8M5CL,8M5CL,02/16/2026 12:43:56 PM,8M5CL,D1D,2,6069633
D502968,253,GF7FG253JKG6,0,0,0,0,0,0,0,1.3026981915,4.2756470064,0,0,0,0,0,0,3.935769891,0,7.2558790247,0,16.769996254,D5029680,PNCB,08/22/2025 10:22:34 PM,BPD434,8M5CL,8M5CL,02/16/2026 12:43:51 PM,8M5CL,D1D,3,6069596
D502968,254,GF7FG254JKD5,0,0,0,0,0,0,0,7.1661597265,0,0,0,0,0,1.8153447637,0,8.4048397646,3.4220306753,4.5538035993,0,25.362180655,D5029680,PNCB,08/22/2025 10:22:34 PM,BPD434,8M5CL,8M5CL,02/16/2026 12:43:42 PM,8M5CL,D1D,4,6069598
D502968,256,GF7FG256JKE6,0,0,0,0,0,0,0.1932692258,0,0,0,0,0,0,0,0,1.730495689,0,5.7539713208,0,7.6777362355,D5029680,PNCB,08/22/2025 10:22:34 PM,BPD434,8M5CL,8M5CL,02/16/2026 12:43:30 PM,8M5CL,D1D,5,6069610
D502968,257,GF7FG257JKB5,0,0,0,0,0,0,0,4.0961544611,0,0,0,0,0,0,0,7.8278855067,1.4560178617,1.2489206274,0,12.616520007,D5029680,PNCB,08/22/2025 10:22:34 PM,BPD434,8M5CL,8M5CL,02/16/2026 12:43:36 PM,8M5CL,D1D,6,6069637
D502968,258,GF7FG258JKF7,0,0,0,0,0,0,0,2.8815832103,0,0,0,0,0,0,0,21.9041856,5.6177512399,0,0,30.40352005,D5029680,PNCB,08/22/2025 10:22:34 PM,BPD434,8M5CL,8M5CL,02/16/2026 12:43:32 PM,8M5CL,D1D,7,6069625
D502968,259,GF7FG259JKC6,2.6772824346,0,0,0,0,0,0,1.4856857326,0,0.6528429764,0,0,0,0,0,9.6583601831,0,4.3367484381,2.9290933581,20.192378427,D5029680,PNCB,08/22/2025 10:22:34 PM,BPD434,8M5CL,8M5CL,02/16/2026 12:43:48 PM,8M5CL,D1D,8,6069603
D502ER0,65,GK5MH065JKD4,0,0,0,0,0,0,0,2.6736084472,0,0,0,0,0,0,0,0,0,3.1265220572,0,5.8001305044,D502ER00,X78D,08/20/2025 8:49:42 PM,BPD454,8M5CL,8M5CL,01/15/2026 4:07:42 PM,8M5CL,D1D,1,6077643
D502ER0,68,GK5MH068JKB4,0,0,0,0,0,0,0,0,0,0,0,0,0,0,0,0,0,1.2524390887,0,1.2524390887,D502ER00,X78D,08/20/2025 8:49:42 PM,BPD454,8M5CL,8M5CL,01/15/2026 4:07:28 PM,8M5CL,D1D,2,6077614
D502ER0,70,GK5MH070JKB4,0,0,0,0,0,0,0,0,0,0,0,0,0,0,0,0,0,2.9077233414,0,2.9077233414,D502ER00,X78D,08/20/2025 8:49:42 PM,BPD454,8M5CL,8M5CL,01/15/2026 4:07:57 PM,8M5CL,D1D,3,6077603
D502ER0,71,GK5MH071JKF6,0,0,0,0,0,0,0.3760900085,0,0,0,0,0,0,0,0,5.9736084472,0,5.0057738319,0,11.355472288,D502ER00,X78D,08/20/2025 8:49:42 PM,BPD454,8M5CL,8M5CL,01/15/2026 4:07:43 PM,8M5CL,D1D,4,6077685
D502ER0,73,GK5MH073JKG7,1.4365531015,0,0,0,0,0,0,0,0,0,0,0,0,0,0,0,0,11.065177071,0,12.501730172,D502ER00,X78D,08/20/2025 8:49:42 PM,BPD454,8M5CL,8M5CL,01/15/2026 4:07:51 PM,8M5CL,D1D,5,6077634
D502ER0,74,GK5MH074JKD6,0,0,0,0,0,0,0.4937117656,0,1.0952721232,0,0,0,0,0.9984923795,0,0,0,7.0259479485,0,9.6134242169,D502ER00,X78D,08/20/2025 8:49:42 PM,BPD454,8M5CL,8M5CL,01/15/2026 4:07:34 PM,8M5CL,D1D,6,6077582
D502ER0,499,GK7UE499JKF4,0,0,0,0,0,0,0,4.6052755423,0,0,0,0,0,0,0,0,0,8.9547228758,0,12.91835169,D502ER00,X78D,08/20/2025 8:49:42 PM,BPD454,8M5CL,8M5CL,01/15/2026 4:07:59 PM,8M5CL,D1D,7,6077668
D502ER0,500,GK7UE500JKH0,0.8497066501,0,0,0,0,0,0,0,0,0,0,0,0,0,0,0,0,5.4579665911,0,6.3076712636,D502ER00,X78D,08/20/2025 8:49:42 PM,BPD454,8M5CL,8M5CL,01/15/2026 4:07:52 PM,8M5CL,D1D,8,6077621
D502ER0,551,GK7UE551JKE2,0.9728115793,0,0,0,0,0,0,2.1650900678,0,0,0,0,0,0.8601427639,0,0,0,4.7121408657,0,7.389318411,D502ER00,X78D,08/20/2025 8:49:42 PM,BPD454,8M5CL,8M5CL,01/15/2026 4:08:05 PM,8M5CL,D1D,9,6077640
D504858,400,GN9GJ400JDG1,2.7278527013,0,0,0,0,0,0.6025606088,2.5229615663,3.4568262761,0,0,0,0,0,0,1.7355235619,0,2.7678823051,0,13.813607019,D5048580Z,PNCB,08/20/2025 7:31:39 PM,BPD436,8M5CL,8M5CL,02/16/2026 12:53:54 PM,8M5CL,D1D,1,7142483
D504858,403,GN9GJ403JDE1,3.9674988036,0,1.5864434896,0,0,0,5.4883913229,0,0,0,0,0,0,0,0,4.6069524999,0,5.1639195844,0.9633004876,21.447529265,D5048580Z,PNCB,08/20/2025 7:31:39 PM,BPD436,8M5CL,8M5CL,02/16/2026 12:54:01 PM,8M5CL,D1D,2,7142471
D504858,407,GN9GJ407JDG3,0,0,0,0,0,0,0,0,0,0,0,0,0,0,0,18.777067744,0,12.154037665,0,30.931105409,D5048580Z,PNCB,08/20/2025 7:31:39 PM,BPD436,8M5CL,8M5CL,02/16/2026 12:54:09 PM,8M5CL,D1D,3,7142470
D504858,408,GN9GJ408JDD2,0,0,0,1.1459980219,0,0,2.020042519,2.9339019896,0,0,0,0,0,2.6643986497,0,2.9467649291,0,15.657478481,0,27.140912898,D5048580Z,PNCB,08/20/2025 7:31:39 PM,BPD436,8M5CL,8M5CL,02/16/2026 12:54:14 PM,8M5CL,D1D,4,7142500
D502975,281,GL2DW281JDA7,0,0,0,0,0,0,0,4.3996091391,0,0,0,0,0,0,0,1.0961167526,1.4729556435,1.5675067329,0,8.5361882681,D5029750,PNCB,09/09/2025 7:14:24 AM,BPD448,8M5CL,8M5CL,02/16/2026 12:41:27 PM,8M5CL,D1D,1,6069933
D502975,282,GL2DW282JDF1,0,0,0,0,0,0,0,0,0.7625770215,0,0,0,0,0,0,3.2473620293,0,4.1898140741,0.4285932299,8.6283442297,D5029750,PNCB,09/09/2025 7:14:24 AM,BPD448,8M5CL,8M5CL,02/16/2026 12:41:26 PM,8M5CL,D1D,2,6070008
D504858,398,GN9GJ398JDA3,0,0,0,0,0,0,0.4421446863,2.8882346229,0,0,0,0,0,0,0,1.8593992159,0,4.1041298539,0,9.2939083791,D5048580,PNCB,09/11/2025 7:06:41 AM,BPD444,8M5CL,8M5CL,02/16/2026 12:49:40 PM,8M5CL,D1D,1,6128927
D504858,399,GN9GJ399JDE5,0,0,0,0.4873132929,0,0,0.232737192,0,2.933750499,0,0,0,0,0,0,3.8561961324,1.7013139245,3.0919049492,0,12.30321813,D5048580,PNCB,09/11/2025 7:06:41 AM,BPD444,8M5CL,8M5CL,02/16/2026 12:49:24 PM,8M5CL,D1D,2,6128886
D503853,110,MC0ER110WAF7,0,0,0,0,0,0,0.2045723772,0,0,0,0,0,0,0,0,2.0240992432,0,3.7401658293,0,5.9688374497,D5038530,PNCB,08/25/2025 9:19:09 PM,BPD458,8M5CL,8M5CL,02/16/2026 12:45:05 PM,8M5CL,D1D,1,6089139
D503853,189,MC0ER189WAB7,0,0,0,0,0,0,0.3908466974,0,1.0379538569,0,0,0,0,0,0,2.9124980132,0,1.7326190715,0,6.073917639,D5038530,PNCB,08/25/2025 9:19:09 PM,BPD458,8M5CL,8M5CL,02/16/2026 12:45:11 PM,8M5CL,D1D,2,6089142
D503853,224,MC0ER224WAE3,0,0,0,0,0,0,0,2.9104881671,0,0,0,0,0,0,0,0,0,3.6332842158,0,6.2789654079,D5038530,PNCB,08/25/2025 9:19:09 PM,BPD458,8M5CL,8M5CL,02/16/2026 12:45:28 PM,8M5CL,D1D,3,6089148
D503853,229,MC0ER229WAD4,0,0,0,0,0,0,0,0,1.3860130724,0,0,0,0,0,0,1.7829016396,1.4840291945,2.0645580731,0.7618705828,7.4793725625,D5038530,PNCB,08/25/2025 9:19:09 PM,BPD458,8M5CL,8M5CL,02/16/2026 12:45:44 PM,8M5CL,D1D,4,6089097
D503853,250,MC0ER250WAA7,0,0,0,0,0,0,0,0,2.3032396937,0,0,0,0,0,0,1.835192749,0,2.0045593904,0,6.142989708,D5038530,PNCB,08/25/2025 9:19:09 PM,BPD458,8M5CL,8M5CL,02/16/2026 12:45:22 PM,8M5CL,D1D,5,6089156
D503853,275,MC0ER275WAB5,0,0,0,1.9612063572,0,0,0.7919044331,0,5.6079959469,0,0,0,0,0,0,8.6348100753,0,3.6058512666,0,19.182429482,D5038530,PNCB,08/25/2025 9:19:09 PM,BPD458,8M5CL,8M5CL,02/16/2026 12:45:35 PM,8M5CL,D1D,6,6089136
D503853,292,MC0ER292WAF2,0,0,0,0,0,0,0,4.5728398148,5.6032158845,0,0,0,0,0,0,2.0290931153,0,9.3758036316,0,21.580952446,D5038530,PNCB,08/25/2025 9:19:09 PM,BPD458,8M5CL,8M5CL,02/16/2026 12:45:16 PM,8M5CL,D1D,7,6089098
D503853,293,MC0ER293WAC1,0,0,0,0,0,0,0,0,1.29227099,0,0,0,0,0,0,1.6184420712,0,3.3334085241,0,6.2441215853,D5038530,PNCB,08/25/2025 9:19:09 PM,BPD458,8M5CL,8M5CL,02/16/2026 12:45:41 PM,8M5CL,D1D,8,6089152
D503853,298,MC0ER298WAB2,0,0,0,0.4592343542,0,0,0.3382275203,0,0.6231948633,0,0,0,0,0,0,0,0,1.7620760862,0,3.1197887849,D5038530,PNCB,08/25/2025 9:19:09 PM,BPD458,8M5CL,8M5CL,02/16/2026 12:45:29 PM,8M5CL,D1D,9,6089163
D504861,478,MC0XA478WAE2,0,0,0,0,0,0,0,0,2.4910560362,0,0,0,0,0,0,0,1.9391545411,9.0679856048,0,13.236217651,D5048610,PNCB,08/24/2025 9:53:44 PM,BPD444,8M5CL,8M5CL,02/16/2026 12:50:23 PM,8M5CL,D1D,1,6126330
D504861,498,MC0XA498WAF7,0,0,0,0,0,0,0.2510727642,1.0512547052,1.3251505275,0,0,0,0,0,0,3.0525861417,0,11.089303155,0,15.849810559,D5048610,PNCB,08/24/2025 9:53:44 PM,BPD444,8M5CL,8M5CL,02/16/2026 12:50:26 PM,8M5CL,D1D,2,6126316
D504861,515,MC0XA515WAA4,0,0,0,0,0,0,1.5011446153,1.3271460409,4.2575192567,0,0,0,0,0,0,0,1.2077297571,22.198529619,0.9195820055,31.411649154,D5048610,PNCB,08/24/2025 9:53:44 PM,BPD444,8M5CL,8M5CL,02/16/2026 12:50:37 PM,8M5CL,D1D,3,6126385
D504861,517,MC0XA517WAB5,0,0,0,0,0,0,0.3822451123,0.7364532091,0,0,0,0,0,0,0,0,0,1.860930152,0,2.9796284734,D5048610,PNCB,08/24/2025 9:53:44 PM,BPD444,8M5CL,8M5CL,02/16/2026 12:50:27 PM,8M5CL,D1D,4,6126361
D504861,532,MC0XA532WAE1,0,0,0,0,0,0,0.6872503046,0,1.73769324,0,0,0,0,0,0,0,0,4.2164537255,0,6.64139727,D5048610,PNCB,08/24/2025 9:53:44 PM,BPD444,8M5CL,8M5CL,02/16/2026 12:50:29 PM,8M5CL,D1D,5,6126257
D504861,546,MC0XA546WAD4,0,0,0,0.6721581856,0,0,0.2787791917,1.2361831021,0.9121381785,0,0,0,0,0,0,0,0,2.4716458115,0,5.5709044694,D5048610,PNCB,08/24/2025 9:53:44 PM,BPD444,8M5CL,8M5CL,02/16/2026 12:50:17 PM,8M5CL,D1D,6,6126313
D504861,601,MC0XA601WAA2,1.3065013805,0,0,0,0,0,0.1980312192,0,6.3960180025,0,0,0,0,0,0,0,0,3.0612846759,0,10.961833138,D5048610,PNCB,08/24/2025 9:53:44 PM,BPD444,8M5CL,8M5CL,02/16/2026 12:50:42 PM,8M5CL,D1D,7,6126403
D504861,627,MC0XA627WAF2,0,0,0,0,0,0,1.7154052001,0,0,0,0,0,0,0,0,0,0,3.8747904523,0,5.5901956524,D5048610,PNCB,08/24/2025 9:53:44 PM,BPD444,8M5CL,8M5CL,02/16/2026 12:50:36 PM,8M5CL,D1D,8,6126389
D504861,632,MC0XA632WAD2,0,0,0,0,0,0,0.3756560605,0,2.2609979108,0,2.7974247775,0,0,0,0,1.886517004,0,6.9767007189,0,14.297298597,D5048610,PNCB,08/24/2025 9:53:44 PM,BPD444,8M5CL,8M5CL,02/16/2026 12:50:38 PM,8M5CL,D1D,9,6126391
D503801,235,GG2QW235JKG5,0,0,0,0,0,0,0,3.74729908,0,0,0,0,0,0,0,0,0,6.9112612994,1.0510670473,11.709627427,D5038010,PNCB,09/03/2025 3:41:53 PM,BPD432,8M5CL,8M5CL,02/16/2026 12:45:28 PM,8M5CL,D1D,1,6107155
D503801,236,GG2QW236JKD4,0,0,0,0.5568146152,0,0,0.2309400219,1.02404979,0.7556111012,0,0,0,0,0,0,1.4317643844,0,2.0475024404,0,6.0466823531,D5038010,PNCB,09/03/2025 3:41:53 PM,BPD432,8M5CL,8M5CL,02/16/2026 12:50:45 PM,8M5CL,D1D,2,6107144
D503801,237,GG2QW237JKA3,0,0,0,0,0,0,0.3822451123,0,3.8768129699,0,0,0,0,0,0,5.3544278945,0,5.9515713801,0,15.565057357,D5038010,PNCB,09/03/2025 3:41:53 PM,BPD432,8M5CL,8M5CL,02/16/2026 12:44:54 PM,8M5CL,D1D,3,6107202
D503801,238,GG2QW238JKE5,0,0,0,0,0,0,0,0,0,0,1.5160120694,0,0,0,0,5.9303825094,1.3738460932,5.5431980419,0,13.826187327,D5038010,PNCB,09/03/2025 3:41:53 PM,BPD432,8M5CL,8M5CL,02/16/2026 12:46:10 PM,8M5CL,D1D,4,6107229
D503801,239,GG2QW239JKB4,0,0,0,0,0,0,2.6622259152,0,0,0,0,0,0,0,0,0,0,1.860930152,0,4.5231560672,D5038010,PNCB,09/03/2025 3:41:53 PM,BPD432,8M5CL,8M5CL,02/16/2026 12:45:46 PM,8M5CL,D1D,5,6107246
D503801,276,GF6HQ276JKG7,0,0,0,0,0,0,0.1094890522,4.2721640877,3.3754240357,0,2.1225444003,0,0,0,0,0,0.7866559853,0,0,10.666279686,D5038010,PNCB,09/03/2025 3:41:53 PM,BPD432,8M5CL,8M5CL,02/16/2026 12:47:04 PM,8M5CL,D1D,6,6107215
D503801,277,GF6HQ277JKD6,0,0,0,0,0,0,0.1400523833,0,3.3513736163,0,0,0,0,0,0,0,0,0,0.7881782924,4.2796064322,D5038010,PNCB,09/03/2025 3:41:53 PM,BPD432,8M5CL,8M5CL,02/16/2026 12:46:16 PM,8M5CL,D1D,7,6107218
D503801,321,GF6HQ321JKG4,0,0,0,0,0,0,0,5.2930888971,0,0,0,0,0,0,0,10.088032796,0,10.666228824,0,25.103506863,D5038010,PNCB,09/03/2025 3:41:53 PM,BPD432,8M5CL,8M5CL,02/16/2026 12:45:11 PM,8M5CL,D1D,8,6107210
D503801,322,GF6HQ322JKD3,0,0,0,0,0,0,0,1.0913948117,4.5391981172,0,1.8615455184,0,0,0,0,9.5058398112,0,29.336879969,0,41.995457495,D5038010,PNCB,09/03/2025 3:41:53 PM,BPD432,8M5CL,8M5CL,02/16/2026 12:46:04 PM,8M5CL,D1D,9,6107209
D503801,323,GF6HQ323JKA2,0,0,0,0,0,0,0.1901744342,1.1738798764,2.9594503831,0,0,0,0,0,0,6.074084577,0,1.3960678738,0,11.793657145,D5038010,PNCB,09/03/2025 3:41:53 PM,BPD432,8M5CL,8M5CL,02/16/2026 12:45:59 PM,8M5CL,D1D,10,6107141
D503801,324,GF6HQ324JKE4,0,0,0,0,0,0,0.089111929,3.2183784456,0,0,0,0,0,0,0,6.5222944827,0,4.4935307505,0,14.323313483,D5038010,PNCB,09/03/2025 3:41:53 PM,BPD432,8M5CL,8M5CL,02/16/2026 12:45:13 PM,8M5CL,D1D,11,6107196
D503801,325,GF6HQ325JKB3,0,0,0,0,0,0,0.2161632494,2.0479862708,1.2340567287,0,0,0,0,0,0,2.6919815356,0,0.7362391861,1.451232307,8.3776592775,D5038010,PNCB,09/03/2025 3:41:53 PM,BPD432,8M5CL,8M5CL,02/16/2026 12:44:59 PM,8M5CL,D1D,12,6107220
D503860,85,A11HP085SLC5,0,0,0,0,0,0,0,0,2.2620478141,0,0,0,0,0,0,5.3527328321,0,1.3498817063,0,8.9646623525,D5038600,PNCB,09/20/2025 4:14:03 PM,BPD458,8M5CL,8M5CL,02/16/2026 12:44:58 PM,8M5CL,D1D,1,6091638
D503860,93,A11HP093SLG0,0.88643198,0,0,0,0,0,0.0950219401,0,0,0,0,0,0,0,0,3.6789658105,0,1.9293404698,0,6.5897580602,D5038600,PNCB,09/20/2025 4:14:03 PM,BPD458,8M5CL,8M5CL,02/16/2026 12:45:05 PM,8M5CL,D1D,2,6091673
D502EQ7,532,GK7UE532JKG7,0.886807167,0,0,0,0,0,0.2948403386,1.5237237633,0.9374703354,0,0,0,0,0,0,0,0.7872567503,2.3641552843,0,6.7942556165,D502EQ70,X78D,09/20/2025 11:46:06 AM,BPD436,8M5CL,8M5CL,01/15/2026 4:46:57 PM,8M5CL,D1D,1,6064334
D502EQ7,545,GK9BL545JKD0,0,0,0,0,0,0,0,0.9364680759,0.5421865422,0,0,0,0,0,0,2.4914480059,0,3.0758072489,0.7516461353,7.7975560081,D502EQ70,X78D,09/20/2025 11:46:06 AM,BPD436,8M5CL,8M5CL,01/15/2026 4:46:58 PM,8M5CL,D1D,2,6064394
D503E5L,49,A10J2049SLB7,2.8159551539,0,0,0,0,0,0,5.0307417001,0,0,0,0,0,0,0,1.3940363435,0,0,0.5334961343,9.7742293319,D503E5L0,X78D,09/26/2025 7:00:30 AM,BPD436,8M5CL,8M5CL,01/15/2026 4:45:37 PM,8M5CL,D1D,1,6106450
D503E5L,50,A10J2050SLF0,0,0,0,0,0,0,0,2.3731673874,2.1311043139,0,0,0,0,0,0,2.3929437823,0,7.3247811412,1.0755214376,15.070524602,D503E5L0,X78D,09/26/2025 7:00:30 AM,BPD436,8M5CL,8M5CL,01/15/2026 4:45:27 PM,8M5CL,D1D,2,6106474
D503E5L,151,A0ZM7151SLB7,0,0,0,0,0,0,0,3.0193818836,0,0,0,0,0,0,0,1.2457240029,0,0,0,4.2651058865,D503E5L0,X78D,09/26/2025 10:18:55 AM,BPD434,8M5CL,8M5CL,01/15/2026 4:45:10 PM,8M5CL,D1D,3,6106458
D503E5L,152,A0ZM7152SLG1,0,0,0,0,0,0,0,1.2834880287,0,0,0,0,0,0,0,1.2459128784,0,0.5932918469,0,3.1226927539,D503E5L0,X78D,09/26/2025 10:18:55 AM,BPD434,8M5CL,8M5CL,01/15/2026 4:45:36 PM,8M5CL,D1D,4,6106479
D503E5L,156,A0ZM7156SLB0,0,0,0,0,0,0,0,3.2159068136,0,0,0,0,0,0,0,0,0,5.0422094188,0,8.2581162325,D503E5L0,X78D,09/26/2025 10:18:55 AM,BPD434,8M5CL,8M5CL,01/15/2026 4:45:31 PM,8M5CL,D1D,5,6106433
D502977,188,GL2DW188JDC0,0,0,0,0,0,0,0,1.0719930873,0,0,0,0,0,0,0,3.4764787566,0,2.0128385928,0.7427864126,7.3040947243,D5029770,PNCB,09/22/2025 1:10:55 PM,BPD458,8M5CL,8M5CL,02/16/2026 12:46:55 PM,8M5CL,D1D,1,6070260
D502977,189,GL2DW189JDG2,0,0,0,0,0,0,0.3048907725,2.5502640532,1.6092048377,0,0,0,0,0,0,3.7194546852,0,6.9013541738,0,14.575885767,D5029770,PNCB,09/22/2025 1:10:55 PM,BPD458,8M5CL,8M5CL,02/16/2026 12:47:44 PM,8M5CL,D1D,2,6070280
D502977,190,GL2DW190JDC0,0,0,0,0,0,0,0,2.2324903387,0,0,0,0,0,0,0,2.500414765,0,2.3418391375,1.6893100569,8.7640521731,D5029770,PNCB,09/22/2025 1:10:55 PM,BPD458,8M5CL,8M5CL,02/16/2026 12:47:40 PM,8M5CL,D1D,3,6070244
D502977,191,GL2DW191JDG2,0,0,0,1.2046521061,0,0,0,3.084065286,0,0,0,0,0,0,0,0,0,0.7362391861,0,5.0249565782,D5029770,PNCB,09/22/2025 1:10:55 PM,BPD458,8M5CL,8M5CL,02/16/2026 12:47:37 PM,8M5CL,D1D,4,6070223
D502977,243,GL2DW243JDG1,0,0,0,0,0,0,0,0.7706155634,0,0,0,0,0,0,0,4.7351908125,1.2519982784,4.1222010625,0,10.880005717,D5029770,PNCB,09/22/2025 1:10:55 PM,BPD458,8M5CL,8M5CL,02/16/2026 12:47:50 PM,8M5CL,D1D,5,6070273
D502977,244,GL2DW244JDD0,4.8368817711,0,0,0,0,0,0,0,0,0,0,0,1.2248353246,0,0,4.436090596,0,2.2982373214,0,12.201032589,D5029770,PNCB,09/22/2025 1:10:55 PM,BPD458,8M5CL,8M5CL,02/16/2026 12:46:38 PM,8M5CL,D1D,6,6070329
D502977,245,GL2DW245JDH2,3.1009731046,0,0,1.140804759,0,0,0,10.540197089,0,0,0,0,0,2.6046002173,0,1.9729112761,0,2.0597297138,1.9872807816,22.214200384,D5029770,PNCB,09/22/2025 1:10:55 PM,BPD458,8M5CL,8M5CL,02/16/2026 12:47:19 PM,8M5CL,D1D,7,6070345
D502977,276,GL2DW276JDC7,0,0,0,0,0,0,0,1.3452365186,0,0,0,0,0,0,0,4.5437946046,0,2.9211304273,1.2975418524,10.107701278,D5029770,PNCB,09/22/2025 1:10:55 PM,BPD458,8M5CL,8M5CL,02/16/2026 12:46:44 PM,8M5CL,D1D,8,6070259
D502977,277,GL2DW277JDH1,0,0,0,0,0,0,0.2531464271,3.002683033,7.4410110765,0,0,0,0,0,0,5.9251395372,0,3.6721320555,0,20.29411427,D5029770,PNCB,09/22/2025 1:10:55 PM,BPD458,8M5CL,8M5CL,02/16/2026 12:46:50 PM,8M5CL,D1D,9,6070347
D502977,278,GL2DW278JDE0,0,0,0,0,0,0,0,0,0,0,0,0,2.531007013,0,0,1.7066589811,0,1.5830298331,1.5273470966,7.348045049,D5029770,PNCB,09/22/2025 1:10:55 PM,BPD458,8M5CL,8M5CL,02/16/2026 12:46:43 PM,8M5CL,D1D,10,6070237
D502977,279,GL2DW279JDA7,0,0,0,0.9273381997,0,0,0.3225219888,5.1785523382,1.0552618985,0,0,0,0,0,0,1.3694712332,0,3.1080166021,0,11.38694064,D5029770,PNCB,09/22/2025 1:10:55 PM,BPD458,8M5CL,8M5CL,02/16/2026 12:47:03 PM,8M5CL,D1D,11,6070328
D502977,280,GL2DW280JDE0,1.2900106683,0,1.3614974163,0,0,0,0,0,0,0,0,0,0,0,0.3611738314,0,0,0,0.7976850049,3.6129474686,D5029770,PNCB,09/22/2025 1:10:55 PM,BPD458,8M5CL,8M5CL,02/16/2026 12:46:31 PM,8M5CL,D1D,12,6070282
D503E2L,21,GK8EE021JKA5,19.906349238,0,0,0,0,0,0,7.0695173314,0,0,0,0,0,0,0,0,0,0,12.718280505,38.540948728,D503E2L0,X78D,09/27/2025 12:42:23 PM,BPD454,8M5CL,8M5CL,04/22/2026 6:13:26 AM,8M5CL,D1D,1,6112443
D503E2L,22,GK8EE022JKE7,0,0,0,0,0,0,0,4.1884703618,0,0,0,0,0,0,0,0,0,3.8520580635,0,8.0405284253,D503E2L0,X78D,09/27/2025 12:42:23 PM,BPD454,8M5CL,8M5CL,04/22/2026 8:46:20 AM,8M5CL,D1D,2,6112472
D503E2L,23,GK8EE023JKB6,0,0,0,0,0,0,0,0,0,0,0,0,0,0,0,0,0,0.6590473177,0.4767365986,1.1357839163,D503E2L0,X78D,09/27/2025 12:42:23 PM,BPD454,8M5CL,8M5CL,04/23/2026 1:16:17 PM,8M5CL,D1D,3,6112374
D502969,27,MC0ER027WAE1,0,0,0,0,0,0,0,0.7364532091,1.29227099,0,0,0,0,0,0,0,0,0.7362391861,0,2.7649633851,D5029690,PNCB,09/27/2025 11:49:03 PM,BPD442,8M5CL,8M5CL,02/16/2026 12:44:00 PM,8M5CL,D1D,1,6069656
D502969,44,MC0ER044WAA3,0,0,0,0,0,0,0.0782019122,1.0178998896,0,0,0,0,0,0,0,0,0,8.8691168671,0,9.9652186689,D5029690,PNCB,09/27/2025 11:49:03 PM,BPD442,8M5CL,8M5CL,02/16/2026 12:44:02 PM,8M5CL,D1D,2,6069652
D502969,45,MC0ER045WAE5,0,0,0,0,0,0,0,0,0,0,0,0,0,0,0,1.6623167902,0,2.8183920916,0,4.4807088818,D5029690,PNCB,09/27/2025 11:49:03 PM,BPD442,8M5CL,8M5CL,02/16/2026 12:44:07 PM,8M5CL,D1D,3,6069666
D503929,359,MBZTF359WAC3,1.2649060067,0,0,0,0,0,0.0787604711,1.169896908,0,0,0,0,0,0,0,2.3500519394,0,1.68035251,0,6.5439678352,D5039290,PNCB,09/28/2025 6:26:00 AM,BPD444,8M5CL,8M5CL,02/16/2026 12:49:40 PM,8M5CL,D1D,1,6112117
D503929,367,MBZTF367WAF6,0,0,0,0,0,0,0,15.426586604,2.2309203062,0,0,0,0,1.683057761,0,12.658909407,0,0,0,31.999474077,D5039290,PNCB,09/28/2025 6:26:00 AM,BPD444,8M5CL,8M5CL,02/16/2026 12:49:39 PM,8M5CL,D1D,2,6112078
D503929,371,MBZTF371WAG7,0,0,0,0,0,0,0.1550318544,14.889669195,1.1661044201,0,0,0,0,1.8325721019,0.6108580807,19.211487388,0,1.449205509,0,39.31493069,D5039290,PNCB,09/28/2025 6:26:00 AM,BPD444,8M5CL,8M5CL,02/16/2026 12:49:38 PM,8M5CL,D1D,3,6111982
D502976,16,MC0ER016WAC6,1.6757416001,0,0,0,0,0,0.4074277124,3.4821292698,0,0,0,0,0,0,0,0,0,0,0,5.5652985823,D5029760N,PNCB,09/28/2025 6:12:02 AM,BPD446,8M5CL,8M5CL,02/16/2026 12:47:10 PM,8M5CL,D1D,1,7263869
D502976,158,MC0ER158WAG2,0,0,0,0,0,0,0.4829520591,0,0,0,0,0,0,0,0,0.8910002867,0.7149631072,0.9302096204,1.1386963433,4.1578214168,D5029760N,PNCB,09/28/2025 6:12:02 AM,BPD446,8M5CL,8M5CL,02/16/2026 12:47:05 PM,8M5CL,D1D,2,7263969
D502976,392,MBZTF392WAF3,0,0,0,0,0,0,0.244111094,1.0824525931,0,0,0,0,0,0,0,0,1.3712322793,4.5325488296,0,7.2303426709,D5029760N,PNCB,09/28/2025 6:12:02 AM,BPD446,8M5CL,8M5CL,02/16/2026 12:47:16 PM,8M5CL,D1D,3,7264129
D504957,178,GN8TU178JDE7,27.173870329,0,0,0,0,0,0.4048415242,2.2712172857,2.0877169237,0,4.0621112015,0,0,0,0,1.1405876396,0,1.701990242,11.087379983,32.816586679,D5049570,PNCB,09/28/2025 3:03:39 PM,BPD432,8M5CL,8M5CL,02/16/2026 12:52:58 PM,8M5CL,D1D,1,6142940
D504957,180,GN8TU180JDE7,0,0,0,0,0,0,0.1888831186,0,1.2831063744,0,0,0,0,0,0,3.781051829,0,3.3792725048,0,8.6323117018,D5049570,PNCB,09/28/2025 3:03:39 PM,BPD432,8M5CL,8M5CL,02/16/2026 12:52:57 PM,8M5CL,D1D,2,6143007
D504957,181,GN8TU181JDB6,0,0,0,0,0,0,0,1.6445164957,0,1.4419565494,0,0,0,0,0,9.1876122719,0.9329263407,20.55519453,1.4448993659,33.255097906,D5049570,PNCB,09/28/2025 3:03:39 PM,BPD432,8M5CL,8M5CL,02/16/2026 12:53:03 PM,8M5CL,D1D,3,6142956
D504957,182,GN8TU182JDG0,6.4637110503,0,0,0,0,0,0,0,0,0,0,0,0,0,0,5.4256359173,0,0,2.0711585188,10.653257368,D5049570,PNCB,09/28/2025 3:03:39 PM,BPD432,8M5CL,8M5CL,02/16/2026 12:53:08 PM,8M5CL,D1D,4,6142953
D504957,184,GN8TU184JDH1,1.1401286284,0,0,0,0,0,0.1708329272,1.0178998896,0,0,0,0,0,0,0,2.7689788319,0,6.0008386071,0,10.965992765,D5049570,PNCB,09/28/2025 3:03:39 PM,BPD432,8M5CL,8M5CL,02/16/2026 12:52:59 PM,8M5CL,D1D,5,6142988
D504957,185,GN8TU185JDE0,0,0,0,0,0,0,0,3.4372417919,0,0,0,0,0,0.9310001335,0,0,0,3.4367816424,0,6.8740234343,D5049570,PNCB,09/28/2025 3:03:39 PM,BPD432,8M5CL,8M5CL,02/16/2026 12:53:13 PM,8M5CL,D1D,6,6142969
D502970,294,GL2DW294JDD3,0,0,0,0,0,0,0,0,0,0,0,0,0,0,0,0,0,1.4620357496,0,1.4620357496,D5029700,PNCB,09/28/2025 4:53:24 PM,BPD436,8M5CL,8M5CL,02/16/2026 12:43:58 PM,8M5CL,D1D,1,6069683
D502970,297,GL2DW297JDB3,0,0,0,0,0,0,0,1.0898480184,2.4526674162,0,0,0,0,0,0,0,0,2.9429577693,1.3481952049,7.8336705489,D5029700,PNCB,09/28/2025 4:53:24 PM,BPD436,8M5CL,8M5CL,02/16/2026 12:44:14 PM,8M5CL,D1D,2,6069777
D502970,352,GL2DW352JDF4,0,0,0,0,0,0,0,0,2.8813770803,0,0,0,0,0,0,1.147923319,0,0.8207970701,0,4.8500974693,D5029700,PNCB,09/28/2025 4:53:24 PM,BPD436,8M5CL,8M5CL,02/16/2026 12:44:06 PM,8M5CL,D1D,3,6069803
D502970,353,GL2DW353JDC3,0,0,0,0,0,0,0,0,0,0,0,0,0,0,0,0,0,0,2.5419064543,2.5419064543,D5029700,PNCB,09/28/2025 4:53:24 PM,BPD436,8M5CL,8M5CL,02/16/2026 12:44:01 PM,8M5CL,D1D,4,6069814
D504838,453,GG1ES453JKC7,0,0,0,0,0,0,0.392349139,13.196697888,0,0,7.2060715876,0,0,0,0,1.7062535758,1.4202310727,13.574576931,0,30.263599716,D5048380,PNCB,10/17/2025 9:28:09 PM,BPD446,8M5CL,8M5CL,02/16/2026 1:06:33 PM,8M5CL,D1D,1,6140394
D504838,480,GG1ES480JKD5,0.7500264646,0,0,0,0,0,0,1.108786237,4.1516757665,0,0,0,0,0,0,3.6836521974,0.774334934,2.5464582658,0,13.01493174,D5048380,PNCB,10/17/2025 9:28:09 PM,BPD446,8M5CL,8M5CL,02/16/2026 1:06:41 PM,8M5CL,D1D,2,6140318
D504959,194,GN8TU194JDE2,0,0,0,0,0,0,0,2.1439989249,2.1138911887,0,0,0,0,0,0,5.5571022569,0,2.6159304646,1.1619741625,12.575904505,D5049590M,PNCB,10/29/2025 9:10:59 AM,BPD446,8M5CL,8M5CL,02/16/2026 1:06:56 PM,8M5CL,D1D,1,7103955
D504959,197,GN8TU197JDC2,0,0,0,0,0,0,0,4.0729607865,0,0,0,0,0,0,0,0,0,0,0,4.0729607865,D5049590M,PNCB,10/29/2025 9:10:59 AM,BPD446,8M5CL,8M5CL,02/16/2026 1:06:59 PM,8M5CL,D1D,2,7103931
D504959,198,GN8TU198JDG4,0,0,0,0,0,0,0.5589077914,3.1402147843,0,0,0,0,0,0,0,13.176641819,0,5.3847754182,1.2689025271,21.549981939,D5049590M,PNCB,10/29/2025 9:10:59 AM,BPD446,8M5CL,8M5CL,02/16/2026 1:07:01 PM,8M5CL,D1D,3,7103934
D504959,200,GN8TU200JDE7,0,0,0,0,0,0,0.4327477065,0.7371720253,0,0,0,0,0,0,0,0,0,5.127159619,0,6.2970793508,D5049590M,PNCB,10/29/2025 9:10:59 AM,BPD446,8M5CL,8M5CL,02/16/2026 1:06:55 PM,8M5CL,D1D,4,7200140
D505926,292,GN7TP292JDF7,0,0,0,0,0,0,0.8759464186,1.0178998896,2.4595351404,0,0,0,0,0,0,0,0,10.741923036,0,15.095304484,D5059260,PXSB,04/27/2025 7:42:31 AM,BPD432,8M5CL,8M5CL,02/20/2026 10:12:05 AM,8M5CL,D1D,1,6167805
D505926,293,GN7TP293JDC6,0,0,0,0,0,0,0.3849311012,3.4223308081,0,0,0,0,0,0,0,2.8820275559,0,0,0,6.6892894652,D5059260,PXSB,04/27/2025 7:42:31 AM,BPD432,8M5CL,8M5CL,02/20/2026 10:12:11 AM,8M5CL,D1D,2,6167765
D505939,644,GG2ZS644JKG6,0,0,0,0,0,0,1.3514480455,0.5788174032,0,0,0,0,0,0,0,1.6313896406,0.9403907444,22.116539917,0.4467879248,26.973979441,D5059390,PXSB,04/18/2025 11:45:58 AM,BPD436,8M5CL,8M5CL,02/20/2026 10:28:23 AM,8M5CL,D1D,1,6171140
D505939,646,GG2ZS646JKA4,0,0,0,0,0,0,0.1712600626,1.0571325989,1.3325605837,0,0,0,0,0,0,1.7141412891,0,25.558040319,0,29.833132728,D5059390,PXSB,04/18/2025 11:45:58 AM,BPD436,8M5CL,8M5CL,02/20/2026 10:28:29 AM,8M5CL,D1D,2,6171236
D505933,362,MC0XA362WAE5,0,0,0,0,0,0,0.2303492575,0.7847859395,0,0.4789442111,0,0,0,0,0,7.0388988647,2.4731822241,3.2064250283,0.7569605092,14.969546034,D5059330,PXSB,04/13/2025 3:08:09 PM,BPD450,8M5CL,8M5CL,02/23/2026 11:45:06 AM,8M5CL,D1D,1,6170902
D505933,372,MC0XA372WAB6,0,0,0,0,0,0,0.2817818901,0,7.5341592248,0,0,0,0,0,0,2.7391919786,0,3.7808924502,0,14.336025544,D5059330,PXSB,04/13/2025 3:08:09 PM,BPD450,8M5CL,8M5CL,02/23/2026 11:45:01 AM,8M5CL,D1D,2,6170973
D506877,119,A0TCK119SLG2,0,0,0,0,0,0,0.5330756949,0,0,0,0,0,0,0,0,3.576288267,0,1.6268745782,0,5.73623854,D5068770,PXSB,05/22/2025 9:54:11 PM,BPD448,8M5CL,8M5CL,02/19/2026 10:25:15 AM,8M5CL,D1D,1,6197596
D506877,144,A0TG9144SLD6,0,0,0,0,0,0,0.7041678433,0,2.7350991285,0,0,0,0,0,0,12.435878456,0,0,0,15.875145428,D5068770,PXSB,05/22/2025 9:54:11 PM,BPD448,8M5CL,8M5CL,02/19/2026 10:25:02 AM,8M5CL,D1D,2,6197632
D506877,145,A0TG9145SLA5,0,0,0,0,0,0,0,1.025170262,0,0,0,0,0,0,0,8.1008419045,2.2347748608,2.4815862065,0,13.842373234,D5068770,PXSB,05/22/2025 9:54:11 PM,BPD448,8M5CL,8M5CL,02/19/2026 10:25:22 AM,8M5CL,D1D,3,6197609
D506877,180,A0TEG180SLE0,0,0,0,0,0,0,0,1.3716827903,1.3808693899,0,0,0,0,0,0,12.353908827,0,3.059796443,0,18.16625745,D5068770,PXSB,05/22/2025 9:54:11 PM,BPD448,8M5CL,8M5CL,02/19/2026 10:25:38 AM,8M5CL,D1D,4,6197562
D506877,185,A0TEG185SLD1,1.1084252165,0,0,0,0,0,0.273692637,1.2980132276,0.6880283608,0,0,0,0,0,0,0,0,0,0,3.3681594417,D5068770,PXSB,05/22/2025 9:54:11 PM,BPD448,8M5CL,8M5CL,02/19/2026 10:25:08 AM,8M5CL,D1D,5,6197644
D506877,189,A0TEG189SLF3,0,0,0,0,0,0,0.3997607562,1.025170262,0,0,0,0,0,0,0,0.95588459,0,2.082640878,0,4.4634564862,D5068770,PXSB,05/22/2025 9:54:11 PM,BPD448,8M5CL,8M5CL,02/19/2026 10:25:39 AM,8M5CL,D1D,6,6197640
D506877,228,A0TG9228SLD4,0,0,0,0,0,0,0,3.9061855138,2.2285377421,0,0,0,0,0,0,1.8594332167,0,0,0,7.9941564726,D5068770,PXSB,05/22/2025 9:54:11 PM,BPD448,8M5CL,8M5CL,02/19/2026 10:25:41 AM,8M5CL,D1D,7,6197606
D506877,232,A0TG9232SLE5,0,0,0,0,0,0,0.1917434385,0.8502439151,0,0,0,0,0,0,0.3582837607,0,2.0261541684,0,0,3.4264231577,D5068770,PXSB,05/22/2025 9:54:11 PM,BPD448,8M5CL,8M5CL,02/19/2026 10:25:07 AM,8M5CL,D1D,8,6197635
D506877,265,A0TKE265SLD1,0.5481129522,0,0,0,0,0,0.0787604711,0,2.5845419799,0,0,0,0,0,0,0,0,0,0,3.2114154032,D5068770,PXSB,05/22/2025 9:54:11 PM,BPD448,8M5CL,8M5CL,02/19/2026 10:25:20 AM,8M5CL,D1D,9,6197669
D506877,301,A0TEG301SLA0,0,0,0,0,0,0,0.421422026,1.1302405828,0,0,0,0,0,0,0,1.8326876744,1.5254704717,0,0.783144471,5.6929630855,D5068770,PXSB,05/22/2025 9:54:11 PM,BPD448,8M5CL,8M5CL,02/19/2026 10:25:23 AM,8M5CL,D1D,10,6197608
D506877,304,A0TG8304SLF6,0,0,0,0,0,0,0,24.584638593,0,0,0,0,0,0,0,44.083795929,0,0,0,68.668434522,D5068770,PXSB,05/22/2025 9:54:11 PM,BPD448,8M5CL,8M5CL,02/19/2026 10:25:49 AM,8M5CL,D1D,11,6197584
D506877,355,A0TKT355SLD3,0,0,0,0,0,0,1.097989454,3.4668433157,1.5395275036,0,0,0,0,0,0,0,1.6484010135,0,0,7.7527612867,D5068770,PXSB,05/22/2025 9:54:11 PM,BPD448,8M5CL,8M5CL,02/19/2026 10:25:40 AM,8M5CL,D1D,12,6197637
D505950,190,GL6PC190JKE1,0,0,0,0,0,0,0.6240236336,0,0.7543169445,0,0,0,0,0,0,3.8375399603,0,8.0733614093,0,13.289239823,D5059500,PXSB,05/17/2025 9:29:50 AM,BPD442,8M5CL,8M5CL,06/07/2026 7:21:29 PM,8M5CL,D1D,1,6175252
D505950,199,GL6PC199JKF4,0,0,0,0,0,0,1.3659312925,1.3364474813,0.708401212,0,0,0,0,0.9310001335,0,3.948517102,1.8037860059,8.8049262721,0,17.968009366,D5059500,PXSB,05/17/2025 9:29:50 AM,BPD442,8M5CL,8M5CL,06/07/2026 6:58:37 PM,8M5CL,D1D,2,6175253
D505997,251,GL3VB251JKB4,0,0,0,0,0,0,0,0,1.3319679796,0,0,0,0,0,0,1.7133805423,0,11.2556525,0,14.301001021,D5059970,PXSB,05/18/2025 4:51:36 AM,BPD454,8M5CL,8M5CL,02/23/2026 4:56:22 PM,8M5CL,D1D,1,6186361
D505997,252,GL3VB252JKF6,0,0,0,0,0,0,0,0,5.1324254978,0,0,0,0,0,0,0,0,6.3596430056,0,11.050680336,D5059970,PXSB,05/18/2025 4:51:36 AM,BPD454,8M5CL,8M5CL,02/23/2026 4:56:08 PM,8M5CL,D1D,2,6186223
D505997,253,GL3VB253JKC5,0,0,0,0,0,0,0,1.025170262,2.059331631,0,0,0,0,0,0,4.3104236068,0,15.751905873,0,22.58002565,D5059970,PXSB,05/18/2025 4:51:36 AM,BPD454,8M5CL,8M5CL,02/23/2026 4:56:24 PM,8M5CL,D1D,3,6186427
D505997,255,GL3VB255JKD6,0,0,0,0,0,0,0.2050340524,0,0,0,0,0,0,0,0,1.7348705937,0,8.8350072075,0,10.188349666,D5059970,PXSB,05/18/2025 4:51:36 AM,BPD454,8M5CL,8M5CL,02/23/2026 4:56:43 PM,8M5CL,D1D,4,6186410
D505997,256,GL3VB256JKA5,0,0,0,0,0,0,0,0,1.2253049611,0,0,0,0,0,0,1.4004092427,0,11.572395468,0,14.198109671,D5059970,PXSB,05/18/2025 4:51:36 AM,BPD454,8M5CL,8M5CL,02/23/2026 4:56:25 PM,8M5CL,D1D,5,6186399
D505997,258,GL3VB258JKB6,0,0,0,0,0,0,0,0.6447556405,0,0,0,0,0,0,0,1.8664990145,0,10.92672393,0,13.437978585,D5059970,PXSB,05/18/2025 4:51:36 AM,BPD454,8M5CL,8M5CL,02/23/2026 4:56:16 PM,8M5CL,D1D,6,6186393
D505997,259,GL3VB259JKG0,0,0,0,0,0,0,0,1.025170262,0.5924157172,0,0,0,0,0,0,0,0,1.4724783721,0,3.0900643513,D5059970,PXSB,05/18/2025 4:51:36 AM,BPD454,8M5CL,8M5CL,02/23/2026 4:56:49 PM,8M5CL,D1D,7,6186415
D505997,260,GL3VB260JKB6,0,0,0,0,0,0,0,0.8742208764,3.7130884172,0,0,0,0,0,0,3.8944871028,0,5.0598507232,0,13.54164712,D5059970,PXSB,05/18/2025 4:51:36 AM,BPD454,8M5CL,8M5CL,02/23/2026 4:56:59 PM,8M5CL,D1D,8,6186456
D505997,261,GL3VB261JKG0,0,0,0,0.1490049662,0,0,0,2.7258592393,6.0382400017,0,0,0,0,0,0,5.8254818586,1.0897923724,21.561714826,0,35.801779213,D5059970,PXSB,05/18/2025 4:51:36 AM,BPD454,8M5CL,8M5CL,02/23/2026 4:56:53 PM,8M5CL,D1D,9,6186430
D505997,263,GL3VB263JKH1,0,0,0,0,0,0,0,0,1.29227099,0,0,0,0,0,0,3.2414749362,0,2.3994120683,0,6.9331579945,D5059970,PXSB,05/18/2025 4:51:36 AM,BPD454,8M5CL,8M5CL,02/23/2026 4:56:23 PM,8M5CL,D1D,10,6186395
D505997,264,GL3VB264JKE0,0,0,0,0,0,0,0,0,2.7238703539,0,0,0,0,0,0,2.5526485422,0,5.3196702013,0.4779008106,10.594786563,D5059970,PXSB,05/18/2025 4:51:36 AM,BPD454,8M5CL,8M5CL,02/23/2026 4:57:00 PM,8M5CL,D1D,11,6186449
D505997,265,GL3VB265JKA7,0,0,0,0,0,0,0,0,1.29227099,0,0,0,0,0,0,1.6184420712,0,1.5991799995,0,4.5098930607,D5059970,PXSB,05/18/2025 4:51:36 AM,BPD454,8M5CL,8M5CL,02/23/2026 4:56:54 PM,8M5CL,D1D,12,6186452
D506804,76,GH6JY076JKD3,0,0,0,0,0,0,0.2146302481,0,1.2831063744,0,0,0,0,0,0,1.6505278586,0,4.6377134011,0,7.7859778823,D5068040,PXSB,05/26/2025 8:14:20 PM,BPD432,8M5CL,8M5CL,02/20/2026 10:12:15 AM,8M5CL,D1D,1,6222302
D506804,77,GH6JY077JKA2,0,0,0,0,0,0,0,0,1.29227099,0,0,0,0,0,0,3.2807588614,0,3.8078975577,0.7103424007,9.0912698098,D5068040,PXSB,05/26/2025 8:14:20 PM,BPD432,8M5CL,8M5CL,02/20/2026 10:12:27 AM,8M5CL,D1D,2,6222393
D506804,78,GH6JY078JKE4,0,0,0,0,0,0,0.0782019122,0,0,0,0,0,0,0,0,0.7269462752,0,10.185180672,0,10.990326735,D5068040,PXSB,05/26/2025 8:14:20 PM,BPD432,8M5CL,8M5CL,02/20/2026 10:12:13 AM,8M5CL,D1D,3,6222458
D506804,79,GH6JY079JKB3,0.5481129522,0,0,0,0,0,0.2050340524,0,0,0,0,0,0,0,0,1.0296647454,0,4.5441367437,0.3054108484,6.6323593421,D5068040,PXSB,05/26/2025 8:14:20 PM,BPD432,8M5CL,8M5CL,02/20/2026 10:12:21 AM,8M5CL,D1D,4,6222358
D505924,102,A10FZ102SLA4,0,0,0,0,0,0,0.0992675523,2.0158242908,0,0,0,0,0,0,0,5.0790781933,0,8.3921192036,0,15.586291365,D5059240,PXSB,05/31/2025 5:29:44 PM,BPD434,8M5CL,8M5CL,02/20/2026 9:16:49 AM,8M5CL,D1D,1,6191662
D505924,104,A10FZ104SLB5,0,0,0,0,0,0,0,0,0,0,0,0,0,0,0,1.2327638935,0,1.914614441,0,3.1473783345,D5059240,PXSB,05/31/2025 5:29:44 PM,BPD434,8M5CL,8M5CL,02/20/2026 9:16:41 AM,8M5CL,D1D,2,6191770
D505924,105,A10FZ105SLF7,0,0,0,0,0,0,0,0,0,0,0,0,0,0,0,3.1311824537,0,10.058583229,0.7751571319,13.340908739,D5059240,PXSB,05/31/2025 5:29:44 PM,BPD434,8M5CL,8M5CL,02/20/2026 9:16:52 AM,8M5CL,D1D,3,6191776
D505924,106,A10FZ106SLC6,0,0,0,0,0,0,0.2817818901,0,0.588214383,0,0,0,0,0,0,1.6505278586,0,5.0259603945,0,7.5464845262,D5059240,PXSB,05/31/2025 5:29:44 PM,BPD434,8M5CL,8M5CL,02/20/2026 9:16:36 AM,8M5CL,D1D,4,6191736
D505924,107,A10FZ107SLH0,0,0,0,0,0,0,0,0.7482030728,1.6838025611,0,0,0,0,0,0,3.507597579,0,7.9229117272,0.9255618086,14.069192689,D5059240,PXSB,05/31/2025 5:29:44 PM,BPD434,8M5CL,8M5CL,02/20/2026 9:17:14 AM,8M5CL,D1D,5,6191788
D505924,109,A10FZ109SLA6,0,0,0,0,0,0,0.2427577498,3.2915263595,0,0,0,0,0,0,0,0,0,1.7959249404,0,5.1488202604,D5059240,PXSB,05/31/2025 5:29:44 PM,BPD434,8M5CL,8M5CL,02/20/2026 9:16:55 AM,8M5CL,D1D,6,6191740
D505924,110,A10FZ110SLD7,2.0903328627,0,0,0,0,0,0,0,0,0,0,0,0,0,0,7.6324471281,0,7.6578457492,0,14.829772867,D5059240,PXSB,05/31/2025 5:29:44 PM,BPD434,8M5CL,8M5CL,02/20/2026 9:16:35 AM,8M5CL,D1D,7,6191737
D505924,111,A10FZ111SLA6,0,0,0,0,0,0,0.2161632494,0,0,0,0,0,0,0,0,5.0531904949,0,0.9286737033,0.8243567435,6.3821065062,D5059240,PXSB,05/31/2025 5:29:44 PM,BPD434,8M5CL,8M5CL,02/20/2026 9:17:09 AM,8M5CL,D1D,8,6191815
D505924,112,A10FZ112SLF0,1.6625344022,0,0,0,0,0,0.2169465548,0,1.8330846975,0,0,0,0,0,0,11.075056807,0,23.744829107,0.7129145571,37.607395199,D5059240,PXSB,05/31/2025 5:29:44 PM,BPD434,8M5CL,8M5CL,02/20/2026 9:16:40 AM,8M5CL,D1D,9,6191773
D505924,113,A10FZ113SLB7,0,0,0,0,0,0,0,0,0,0,0,0,0,0,0,4.2748636821,0,1.8497281872,0,6.1245897291,D5059240,PXSB,05/31/2025 5:29:44 PM,BPD434,8M5CL,8M5CL,02/20/2026 9:17:19 AM,8M5CL,D1D,10,6191806
D505924,116,A10FZ116SLH2,0,0,0,0,0,0,0,5.529338453,1.6444608353,0,0,0,0,0,0,2.9569248025,0,10.231124296,0,20.053050711,D5059240,PXSB,05/31/2025 5:29:44 PM,BPD434,8M5CL,8M5CL,02/20/2026 9:16:39 AM,8M5CL,D1D,11,6191735
D505924,117,A10FZ117SLE1,0,0,0,0,0,0,0,3.697435997,0,0,0,0,0,0,0,2.3439415822,0,6.611875199,0,12.653252778,D5059240,PXSB,05/31/2025 5:29:44 PM,BPD434,8M5CL,8M5CL,02/20/2026 9:17:16 AM,8M5CL,D1D,12,6191780
D506805,144,GH6JY144JKC5,0,0,0,0,0,0,0.8474707223,0.73123038,1.9884111205,0,0,0,0,0,0,0.7002046214,3.5951629087,10.021745051,0,17.480445806,D5068050,PNCB,06/07/2025 11:25:41 AM,BPD432,8M5CL,8M5CL,02/20/2026 9:54:49 AM,8M5CL,D1D,1,6222448
D506805,145,GH6JY145JKG7,0,0,0,0,0,0,0.3541438899,1.5216373194,0,0,0,0,0,0,0,2.870108614,0,12.196240864,0,16.68879164,D5068050,PNCB,06/07/2025 11:25:41 AM,BPD432,8M5CL,8M5CL,02/20/2026 9:54:58 AM,8M5CL,D1D,2,6222462
D506805,146,GH6JY146JKD6,0,0,0,0,0,0,1.2744021616,3.7177805319,0,0,0,0,0,0,0,11.815036026,0,11.379083741,0,23.685952417,D5068050,PNCB,06/07/2025 11:25:41 AM,BPD432,8M5CL,8M5CL,06/07/2026 7:36:48 PM,8M5CL,D1D,3,6222470
D506805,147,GH6JY147JKA5,0,0,0,0,0,0,0,2.6512443941,0,0,0,0,0,0,0,2.3381651009,0,7.5172289541,0,12.506638449,D5068050,PNCB,06/07/2025 11:25:41 AM,BPD432,8M5CL,8M5CL,02/20/2026 9:55:03 AM,8M5CL,D1D,4,6222457
D506805,151,GH6JY151JKB6,0,0,0,0,0,0,1.3722321302,1.3655417706,1.3463653081,0,0,0,0,0,0,0,2.4135589899,13.627778773,0,19.907655044,D5068050,PNCB,06/07/2025 11:25:41 AM,BPD432,8M5CL,8M5CL,02/20/2026 9:55:10 AM,8M5CL,D1D,5,6222512
D506805,152,GH6JY152JKG0,0,0,0,0,0,0,0.5831142583,0,0.588214383,0,0,0,0,0,0,0,0,4.3861072488,0,5.5574358901,D5068050,PNCB,06/07/2025 11:25:41 AM,BPD432,8M5CL,8M5CL,02/20/2026 9:54:52 AM,8M5CL,D1D,6,6222461
D506919,144,GH4JT144JKE3,0,0,0,0,0,0,0,1.6375459162,0,0,0,0,0,0,0,0,0,1.1760250061,0,2.8135687972,D5069190,PNCB,06/04/2025 3:48:22 AM,BPD444,8M5CL,8M5CL,02/19/2026 12:43:48 PM,8M5CL,D1D,1,6216336
D506919,301,GH4JT301JKB3,0,0,0,0,0,0,0.6373070454,2.9371063799,0,0,0,0,0,0,0,1.7167321428,0,2.66626881,0,7.9574122379,D5069190,PNCB,06/04/2025 3:48:22 AM,BPD444,8M5CL,8M5CL,02/19/2026 12:43:50 PM,8M5CL,D1D,2,6216379
D506919,302,GH4JT302JKF5,0,0,0,0,0,0,1.1088648639,0,0,0,0,0,0,0,0,0,1.9471872375,0,0,3.0560521014,D5069190,PNCB,06/04/2025 3:48:22 AM,BPD444,8M5CL,8M5CL,02/19/2026 12:43:46 PM,8M5CL,D1D,3,6216339
D506919,303,GH4JT303JKC4,0,0,0,0,0,0,0.7847132597,0.7672682434,4.1017254803,0.6005443114,0,0,0,0,0,2.2211587163,0,0,0.9491471453,9.4245571564,D5069190,PNCB,06/04/2025 3:48:22 AM,BPD444,8M5CL,8M5CL,02/19/2026 12:43:26 PM,8M5CL,D1D,4,6216420
D506919,343,GH4JT343JKF6,0,0,0,0,0,0,0.4323264988,0,4.469228687,0,0,0,0,0,0,7.31059829,0,0,0.7103424007,12.922495877,D5069190,PNCB,06/04/2025 3:48:22 AM,BPD444,8M5CL,8M5CL,02/19/2026 12:43:05 PM,8M5CL,D1D,5,6216431
D506919,344,GH4JT344JKC5,0,0,0,0,0,0,0.0940186739,2.1028961699,2.1803075627,0,0,0,0,0,0,0,0,3.8179639816,0,8.1951863882,D5069190,PNCB,06/04/2025 3:48:22 AM,BPD444,8M5CL,8M5CL,02/19/2026 12:43:15 PM,8M5CL,D1D,6,6216448
D506919,345,GH4JT345JKG7,0,0,0,0,0,0,0.342377014,2.3675248846,1.1202280767,0,0,0,0,0,0,3.3364204187,0,3.2967108502,0,10.463263605,D5069190,PNCB,06/04/2025 3:48:22 AM,BPD444,8M5CL,8M5CL,02/19/2026 12:43:22 PM,8M5CL,D1D,7,6216409
D506919,346,GH4JT346JKD6,0,0,0,0,0,0,0.1183335185,0.8627455958,0,0,0,0,0,0,0,2.497554445,0,1.1061660479,0,4.5847996072,D5069190,PNCB,06/04/2025 3:48:22 AM,BPD444,8M5CL,8M5CL,02/19/2026 12:43:44 PM,8M5CL,D1D,8,6216397
D506919,347,GH4JT347JKA5,0,0,0,0,0,0,0.5116840941,0.94370454,0.5924157172,0,0,0,0,0,0,0,0,2.3354191856,0,4.3832235368,D5069190,PNCB,06/04/2025 3:48:22 AM,BPD444,8M5CL,8M5CL,02/19/2026 12:43:56 PM,8M5CL,D1D,9,6216362
D506919,348,GH4JT348JKE7,0,0,0,0,0,0,0,0,0,0,0,0,0,0,0,0.7002046214,0,0.7310178748,1.5855012686,3.0167237647,D5069190,PNCB,06/04/2025 3:48:22 AM,BPD444,8M5CL,8M5CL,02/19/2026 12:43:47 PM,8M5CL,D1D,10,6216406
D506919,349,GH4JT349JKB6,0,0,0,0,0,0,0,2.140230192,1.29227099,0,0,0,0,0,0,2.3675226384,0,0,0,5.8000238204,D5069190,PNCB,06/04/2025 3:48:22 AM,BPD444,8M5CL,8M5CL,02/19/2026 12:43:06 PM,8M5CL,D1D,11,6216425
D506919,350,GH4JT350JKE7,0,0,0,0,0,0,0,0,0,0,0,0,0,0,0,0.7002046214,0,1.5255748033,0,2.2257794246,D5069190,PNCB,06/04/2025 3:48:22 AM,BPD444,8M5CL,8M5CL,02/19/2026 12:43:45 PM,8M5CL,D1D,12,6216338
D505906,252,GH0DR252JKC6,0,0,0,0,0,0,0.3976482233,0,0.5395506931,0,0,0,0,0,0,0,0,7.4058060863,1.2851209237,9.6281280514,D5059060,PNCB,06/12/2025 12:10:08 AM,BPD458,8M5CL,8M5CL,02/20/2026 4:18:42 PM,8M5CL,D1D,1,6189152
D505906,253,GH0DR253JKH0,1.10036939,0,0,0,0,0,0.5319114096,0,3.8200305226,0,0,0,0,0,0,0,0,2.3354191856,0,7.4665632848,D5059060,PNCB,06/12/2025 12:10:08 AM,BPD458,8M5CL,8M5CL,02/20/2026 4:17:05 PM,8M5CL,D1D,2,6189121
D505906,254,GH0DR254JKD7,0,0,0,0,0,0,0.1725945953,0.7653353389,1.3429520878,0,0,0,0,0,0,3.5304210756,0,5.7508092434,0,10.762574291,D5059060,PNCB,06/12/2025 12:10:08 AM,BPD458,8M5CL,8M5CL,02/20/2026 4:18:35 PM,8M5CL,D1D,3,6189079
D505906,255,GH0DR255JKA6,0,0,0,0,0,0,1.1689124021,0,0,0,0,0,0,0,0,2.3236479195,0,0,1.3297250183,4.82228534,D5059060,PNCB,06/12/2025 12:10:08 AM,BPD458,8M5CL,8M5CL,02/20/2026 4:18:11 PM,8M5CL,D1D,4,6189150
D505906,256,GH0DR256JKF0,0,0,0,0,0,0,0.5442300575,0.8755617842,0.9033000874,0,0,0,0,0,0,0,0,1.1225990747,1.0831113592,4.5288044881,D5059060,PNCB,06/12/2025 12:10:08 AM,BPD458,8M5CL,8M5CL,02/20/2026 4:17:03 PM,8M5CL,D1D,5,6189165
D505906,258,GH0DR258JKG1,0,0,0,0,0,0,0.2146302481,1.0178998896,1.2831063744,0,0,0,0,0,0,1.6505278586,0,7.0001336668,0,11.166298038,D5059060,PNCB,06/12/2025 12:10:08 AM,BPD458,8M5CL,8M5CL,02/20/2026 4:18:24 PM,8M5CL,D1D,6,6189138
D505906,259,GH0DR259JKD0,0,0,0,0,0,0,0.4323264988,0,0.5434044458,0,0,0,0,0,0,0.7052058483,0.9329263407,6.4050668957,0,9.0189300293,D5059060,PNCB,06/12/2025 12:10:08 AM,BPD458,8M5CL,8M5CL,02/20/2026 4:18:16 PM,8M5CL,D1D,7,6189187
D505906,260,GH0DR260JKG1,2.3163172634,0,0,0,0,0,0,0.7827713903,0.577580623,0,0,0,0,0,0,1.7668680784,0,5.8165349756,0,11.260072331,D5059060,PNCB,06/12/2025 12:10:08 AM,BPD458,8M5CL,8M5CL,02/20/2026 4:18:16 PM,8M5CL,D1D,8,6189123
D505906,261,GH0DR261JKD0,0,0,0,0,0,0,1.4389559466,1.2244898998,2.329621302,0,0,0,0,0,0,2.4177773836,1.5511639351,3.8830667225,1.1810753303,13.921807877,D5059060,PNCB,06/12/2025 12:10:08 AM,BPD458,8M5CL,8M5CL,02/20/2026 4:18:30 PM,8M5CL,D1D,9,6189177
D505906,262,GH0DR262JKH2,0,0,0,0,0,0,0.0782019122,0,0,0,0,0,0,0,0,0,0,6.8711430128,0,6.949344925,D5059060,PNCB,06/12/2025 12:10:08 AM,BPD458,8M5CL,8M5CL,02/20/2026 4:16:52 PM,8M5CL,D1D,10,6189149
D505906,263,GH0DR263JKE1,0,0,0,0,0,0,0.2161632494,0,0,0,0,0,0,0,0,0,0,3.087068029,0,3.3032312784,D5059060,PNCB,06/12/2025 12:10:08 AM,BPD458,8M5CL,8M5CL,02/20/2026 4:18:03 PM,8M5CL,D1D,11,6189166
D506869,664,GM2QW664JKG4,0,0,0,0,0,0,0,1.4723358765,0.5395506931,0,0,0,0,0,0,0,0,5.2421908067,0,7.2540773763,D5068690,PNCB,06/08/2025 7:30:28 AM,BPD448,8M5CL,8M5CL,06/07/2026 7:22:12 PM,8M5CL,D1D,1,6205015
D506869,669,GM2QW669JKF5,0,0,0,0,0,0,0.248998661,0,3.5025059714,0,0,0,0,1.0724244044,0,3.3252435459,0,5.6818745529,0,13.831047136,D5068690,PNCB,06/08/2025 7:30:28 AM,BPD448,8M5CL,8M5CL,02/19/2026 10:11:17 AM,8M5CL,D1D,2,6204974
D506878,12,MC0XB012WAH2,0,0,0,0,0,0,0,3.1429518513,0,0,0,0,0,0,0,1.6505278586,0,0,0,4.7934797099,D5068780,PNCB,06/19/2025 9:15:23 AM,BPD444,8M5CL,8M5CL,02/19/2026 12:43:19 PM,8M5CL,D1D,1,6197825
D506878,58,MC0XB058WAG4,0,0,0,0,0,0,0.1649040322,2.1250519616,0,0,0,0,0,0,0,0,0.9263101501,0,0,3.2162661439,D5068780,PNCB,06/19/2025 9:15:23 AM,BPD444,8M5CL,8M5CL,02/19/2026 12:43:17 PM,8M5CL,D1D,2,6197799
D506873,6,A0TKE006SLE2,0,0,0,0,0,0,0.1649040322,1.9684781331,0.5395506931,0,0,0,0,0,0,0,0,0,0.3032449149,2.9761777733,D5068730,PNCB,06/19/2025 12:48:53 AM,BPD444,8M5CL,8M5CL,02/19/2026 12:44:11 PM,8M5CL,D1D,1,6197541
D506873,7,A0TKE007SLB1,0,0,0,0,0,0,0.2161632494,0,0,0,0,0,0,0,0,1.4104116966,0,0,0.4432416728,2.0698166187,D5068730,PNCB,06/19/2025 12:48:53 AM,BPD444,8M5CL,8M5CL,02/19/2026 12:44:26 PM,8M5CL,D1D,2,6197634
D506873,9,A0TKE009SLC2,0,0,0,0,0,0,0,0,2.1392949114,0,0,0,0,0,0,0,0,0,0,2.1392949114,D5068730,PNCB,06/19/2025 12:48:53 AM,BPD444,8M5CL,8M5CL,02/19/2026 12:44:25 PM,8M5CL,D1D,3,6197666
D506873,10,A0TKE010SLF3,0,0,0,0,0,0,0,0,2.4595351404,0,0,0,0,0,0,1.6505278586,0,0,1.4106094921,5.5206724911,D5068730,PNCB,06/19/2025 12:48:53 AM,BPD444,8M5CL,8M5CL,02/19/2026 12:44:27 PM,8M5CL,D1D,4,6197563
D506873,60,A0TJQ060SLH2,0,0,0,0,0,0,0,0.5701514413,1.8713207574,0,0,0,0,0,0,3.3010557172,0,0,0,5.7425279159,D5068730,PNCB,06/19/2025 12:48:53 AM,BPD444,8M5CL,8M5CL,02/19/2026 12:43:58 PM,8M5CL,D1D,5,6197555
D506873,64,A0TJQ064SLC1,0,0,0,0,0,0,0.6222130893,0,0,0,0,0,0,0,0,0,0,0,0,0.6222130893,D5068730,PNCB,06/19/2025 12:48:53 AM,BPD444,8M5CL,8M5CL,02/19/2026 12:44:28 PM,8M5CL,D1D,6,6197603
D506873,66,A0TJQ066SLD2,0,0,0,0,0,0,0,0,1.2831063744,0,0,0,0,0,0,0,0,0,0,1.2831063744,D5068730,PNCB,06/19/2025 12:48:53 AM,BPD444,8M5CL,8M5CL,02/19/2026 12:44:01 PM,8M5CL,D1D,7,6197520
D506873,67,A0TJQ067SLA1,0,0,0,0,0,0,0.0876873712,1.025170262,2.0437165115,0,0,0,0,0,0,0,0,0,0,3.1565741447,D5068730,PNCB,06/19/2025 12:48:53 AM,BPD444,8M5CL,8M5CL,02/19/2026 12:44:14 PM,8M5CL,D1D,8,6197592
D506873,93,A0TKE093SLC4,0,0,0,0,0,0,0.3151360544,0,0,0,0,0,0,0,0,10.578350972,0,0,0,10.893487027,D5068730,PNCB,06/19/2025 12:48:53 AM,BPD444,8M5CL,8M5CL,02/19/2026 12:43:48 PM,8M5CL,D1D,9,6197561
D506873,94,A0TKE094SLG6,0,0,0,0,0,0,0,0,0,0,0,0,0,0,0,0,0,0,0.7053047461,0.7053047461,D5068730,PNCB,06/19/2025 12:48:53 AM,BPD444,8M5CL,8M5CL,06/07/2026 9:20:17 PM,8M5CL,D1D,10,6197553
D506873,99,A0TKE099SLF7,0,0,0,0,0,0,0,0,1.29227099,0,0,0,0,0,0,1.6623167902,0,0,0,2.9545877801,D5068730,PNCB,06/19/2025 12:48:53 AM,BPD444,8M5CL,8M5CL,02/19/2026 12:43:57 PM,8M5CL,D1D,11,6197556
D506873,127,A0TGW127SLE0,0,0,0,0,0,0,0.0878949735,0,0.661123527,0,0,0,0,0,0,1.6184420712,0,0,0,2.3674605718,D5068730,PNCB,06/18/2025 10:32:08 PM,BPD446,8M5CL,8M5CL,02/23/2026 4:14:34 PM,8M5CL,D1D,12,6197597
D506873,128,A0TGW128SLA7,0,0,0,0,0,0,0.5000757278,1.1858214956,0,0,0,0,0,0,0,3.845625783,0,0.8516124486,0,6.1889290813,D5068730,PNCB,06/17/2025 10:54:27 PM,BPD436,8M5CL,8M5CL,02/20/2026 10:36:53 AM,8M5CL,D1D,13,6197578
D506873,130,A0TGW130SLA7,0,0,0,0,0,0,0,3.1428307233,0,0,0,0,0,0,0,1.0223624987,0,2.2565926781,0,6.4217859001,D5068730,PNCB,06/17/2025 10:54:27 PM,BPD436,8M5CL,8M5CL,02/20/2026 10:38:48 AM,8M5CL,D1D,14,6197579
D506873,132,A0TGW132SLC0,0,0,0,0,0,0,0.2035799779,0,0,0,0,0,0,0,0,0,0,2.5787505555,0,2.7823305334,D5068730,PNCB,06/17/2025 10:54:27 PM,BPD436,8M5CL,8M5CL,02/20/2026 10:37:05 AM,8M5CL,D1D,15,6197581
D506873,136,A0TGW136SLE2,0,0,0,0,0,0,0.1649040322,0,0,0,0,0,0,0,0,1.6505278586,0,5.3687312759,0,7.1841631667,D5068730,PNCB,06/17/2025 10:54:27 PM,BPD436,8M5CL,8M5CL,02/20/2026 10:38:54 AM,8M5CL,D1D,16,6197611
D506873,138,A0TGW138SLF3,0.7295303384,0,0,0,0,0,0,1.0155623325,1.2253049611,0,0,0,0,0,0,0.7002046214,0,3.9066955263,0,7.155793723,D5068730,PNCB,06/17/2025 10:54:27 PM,BPD436,8M5CL,8M5CL,02/20/2026 10:37:11 AM,8M5CL,D1D,17,6197549
D506873,139,A0TGW139SLC2,0,0,0,0,0,0,0.5371977782,0,0,0,0,0,0,0,0,0.7052058483,0,3.0716583716,0,4.3140619981,D5068730,PNCB,06/17/2025 10:54:27 PM,BPD436,8M5CL,8M5CL,02/20/2026 10:40:04 AM,8M5CL,D1D,18,6197687
D506873,152,A0TJQ152SLD0,0,0,0,0,0,0,0.2146302481,0,1.2831063744,0,0,0,0,0,0,0.7002046214,0,2.2565926781,0,4.454533922,D5068730,PNCB,06/17/2025 10:54:27 PM,BPD436,8M5CL,8M5CL,02/20/2026 10:39:19 AM,8M5CL,D1D,19,6197667
D506873,169,A0TJQ169SLA3,0,0,0,0,0,0,0.0787604711,0,0,0,0,0,0,0,0,0,0,4.6708383711,0,4.7495988422,D5068730,PNCB,06/17/2025 10:54:27 PM,BPD436,8M5CL,8M5CL,02/20/2026 10:37:38 AM,8M5CL,D1D,20,6197599
D506873,226,A0TQL226SLC5,0,0,0,0,0,0,0,2.8562823416,3.79151771,0,0,0,0,0,0,1.6505278586,0,1.5878388257,0,9.8861667359,D5068730,PNCB,06/17/2025 10:54:27 PM,BPD436,8M5CL,8M5CL,02/20/2026 10:39:25 AM,8M5CL,D1D,21,6197649
D506873,274,A0SWX274SLA3,0,0,0,0,0,0,0.1649040322,0,1.2831063744,0,0,0,0,0,0,1.6505278586,0,9.7882018405,0,12.886740106,D5068730,PNCB,06/17/2025 10:54:27 PM,BPD436,8M5CL,8M5CL,02/20/2026 10:37:24 AM,8M5CL,D1D,22,6197539
D506873,277,A0TGW277SLD4,0,0,0,0,0,0,0,0,1.29227099,0,0,0,0,0,0,0,0,0.8002320688,0,2.0925030588,D5068730,PNCB,06/17/2025 10:54:27 PM,BPD436,8M5CL,8M5CL,02/20/2026 10:39:38 AM,8M5CL,D1D,23,6197651
D506873,278,A0TGW278SLA3,0,0,0,0,0,0,0.2146302481,2.0825509224,0,0,0,0,0,0,0,1.6505278586,0,3.8444315038,0,7.7921405329,D5068730,PNCB,06/17/2025 10:54:27 PM,BPD436,8M5CL,8M5CL,02/20/2026 10:37:43 AM,8M5CL,D1D,24,6197604
D506923,697,GM2QW697JKD2,0,0,0,0,0,0,0,1.0228160088,0.5434044458,0,0,0,0,0,0,0,0,8.9410855767,0,10.507306031,D506923D,PNCB,06/24/2025 10:22:45 AM,BPD436,8M5CL,8M5CL,02/20/2026 11:17:52 AM,8M5CL,D1D,1,6929473
D506923,699,GM2QW699JKE3,0,0,0,0,0,0,0,0,1.4380912936,0,0,0,0,1.1200937515,0,3.8743153212,0,3.7286598153,0,10.161162322,D506923D,PNCB,06/24/2025 10:22:45 AM,BPD436,8M5CL,8M5CL,02/20/2026 11:17:52 AM,8M5CL,D1D,2,6929449
D506923,820,GM1QJ820JKH2,0,0,0,0,0,0,0.1649040322,1.0178998896,0,0,0,0,0,0,0,2.35073248,0,6.0997491507,0,9.6332855525,D506923D,PNCB,06/24/2025 10:22:45 AM,BPD436,8M5CL,8M5CL,02/20/2026 11:17:57 AM,8M5CL,D1D,3,6929465
D506923,821,GM1QJ821JKE1,0,0,0,0,0,0,0,0,0,0,0,0,0,0,0,0,0,7.2680077092,0,7.2680077092,D506923D,PNCB,06/24/2025 10:22:45 AM,BPD436,8M5CL,8M5CL,02/20/2026 11:17:46 AM,8M5CL,D1D,4,6929407
D505859,77,A11E2077SLB1,0,0,0,0,0,0,0.5164087996,2.7964085633,2.2627580332,0,0,0,0,0,0,0,0,1.2891516118,0,6.8647270079,D5058590,PXMG,07/03/2025 1:13:56 AM,BPD436,8M5CL,8M5CL,02/20/2026 11:13:14 AM,8M5CL,D1D,1,6162527
D505859,81,A11E2081SLC2,1.9229199966,0,0,0,0,0,0,2.7746628162,0,0,0,0,0,0,0,7.8750688987,0,0,0,12.572651711,D5058590,PXMG,07/03/2025 1:13:56 AM,BPD436,8M5CL,8M5CL,02/20/2026 11:12:47 AM,8M5CL,D1D,2,6162505
D505859,262,A11F5262SLH2,0,0,0,0,0,0,0.6613683036,5.138046381,0,0,0,0,0,0,0,2.5429944453,0,6.3498174693,0,14.692228798,D5058590,PXMG,07/03/2025 1:13:56 AM,BPD436,8M5CL,8M5CL,02/20/2026 11:12:58 AM,8M5CL,D1D,3,6162500
D505859,264,A11F5264SLB0,0,0,0,0,0,0,1.2142056133,2.0952309719,0,0,0,0,0,0,0,4.0253210956,0,4.1355102935,0,11.027754014,D5058590,PXMG,07/03/2025 1:13:56 AM,BPD436,8M5CL,8M5CL,02/20/2026 11:12:54 AM,8M5CL,D1D,4,6162480
D505859,265,A11F5265SLF2,0,0,0,0,0,0,0,10.395776178,2.2758884619,0,0,0,0,0,0,0,0,1.2966309418,0,13.9682978,D5058590,PXMG,07/03/2025 3:27:17 AM,BPD454,8M5CL,8M5CL,02/23/2026 4:57:42 PM,8M5CL,D1D,5,6162475
D505859,267,A11F5267SLG3,0,0,0,0,0,0,0,3.3846486621,4.7799441922,0,0,0,0,0,0,0,0,23.812345258,0.9160615078,32.892997401,D5058590,PXMG,07/03/2025 3:27:17 AM,BPD454,8M5CL,8M5CL,02/23/2026 4:56:55 PM,8M5CL,D1D,6,6162474
D505859,268,A11F5268SLD2,0,0,0,0,0,0,0.6424221129,0,0.8074793911,0,0,0,0,0,0,2.470143428,0,2.3763229472,0,6.2963656799,D5058590,PXMG,07/03/2025 3:27:17 AM,BPD454,8M5CL,8M5CL,02/23/2026 4:57:00 PM,8M5CL,D1D,7,6162432
D505859,269,A11F5269SLA1,0,0,0,0,0,0,1.6447603627,5.6978627748,0,0,0,0,0,0,0,0,0,4.9846950117,0,12.327315931,D5058590,PXMG,07/03/2025 3:27:17 AM,BPD454,8M5CL,8M5CL,02/23/2026 4:57:12 PM,8M5CL,D1D,8,6162470
D505859,270,A11F5270SLD2,0,0,0,0,0,0,0,1.1440068428,3.9708268809,0,0,0,0,0,0,0,0,10.859466097,0,15.727117458,D5058590,PXMG,07/03/2025 3:27:17 AM,BPD454,8M5CL,8M5CL,02/23/2026 4:57:06 PM,8M5CL,D1D,9,6162502
D505859,275,A11F5275SLC3,7.019900364,0,0,0,0,0,1.1212605103,2.7654040668,8.663307303,0,3.0510851866,0,0,0,0,21.881271438,0,1.2729815266,3.839436746,46.484448792,D5058590,PXMG,07/03/2025 3:27:17 AM,BPD454,8M5CL,8M5CL,02/23/2026 4:57:33 PM,8M5CL,D1D,10,6162469
D505859,325,A11G1325SLC5,0,0,0,0,0,0,0,7.6649421027,0,0,0,0,0,0,0,0,0,0,0,7.6649421027,D5058590,PXMG,07/03/2025 3:27:17 AM,BPD454,8M5CL,8M5CL,02/23/2026 4:56:58 PM,8M5CL,D1D,11,6162498
D505859,347,A11E2347SLH1,0,0,0,0,0,0,0.6726937381,1.8041448633,0,0,0,0,0,0,0,0,0,3.27495478,0,5.7517933815,D5058590,PXMG,07/03/2025 3:27:17 AM,BPD454,8M5CL,8M5CL,02/23/2026 4:57:23 PM,8M5CL,D1D,12,6162430
D504965,149,MBZZU149WAB1,0.809039116,0,0,0,0,0,0.7456433575,0,1.2445481371,0,0,0,0,0,0,1.314529384,0,4.5462363096,0,8.6599963042,D5049650,PNCB,07/01/2025 1:07:19 AM,BPD442,8M5CL,8M5CL,02/20/2026 11:21:00 AM,8M5CL,D1D,1,6145583
D505EEA,232,GL7EF232JKG3,0,0,0,0,0,0,0.2572908976,1.6569177829,0,0,0,0,0,0,0,0,0,1.3129311254,0,3.2271398059,D505EEA0,X78D,07/11/2025 1:40:37 AM,BPD432,8M5CL,8M5CL,01/15/2026 4:19:16 PM,8M5CL,D1D,1,6156274
D505EEA,233,GL7EF233JKD2,0,0,0,0,0,0,0,0,0,0,0,0,0,0,0,1.2144820359,0.612975303,0,0,1.8274573389,D505EEA0,X78D,07/11/2025 1:40:37 AM,BPD432,8M5CL,8M5CL,01/15/2026 4:01:11 PM,8M5CL,D1D,2,6156251
D505EEA,303,GK5AD303JKB5,0,0,0,0,0,0,0,0,0,0,0,0,0,0,0,0,0,0,0,0,D505EEA0,X78D,07/11/2025 1:40:37 AM,BPD432,8M5CL,8M5CL,01/15/2026 4:19:23 PM,8M5CL,D1D,3,6156306
D505EEA,305,GK5AD305JKC6,0,0,0,0,0,0,0,3.1176991675,0,0,0,0,0,0,0,0,0,2.0233840191,0,5.1410831867,D505EEA0,X78D,07/11/2025 1:40:37 AM,BPD432,8M5CL,8M5CL,01/15/2026 4:19:46 PM,8M5CL,D1D,4,6156262
D505EEA,346,GK5AD346JKC7,0,0,0,0,0,0,0,1.6294938561,1.2620029533,0,0,0,0,0,0,1.4200816106,0.6987712267,0,0,5.010347669,D505EEA0,X78D,07/11/2025 1:40:37 AM,BPD432,8M5CL,8M5CL,01/15/2026 4:19:16 PM,8M5CL,D1D,5,6156272
D505EEA,347,GK5AD347JKH1,0,0,0,0,0,0,0,0,0,0,0,0,0,0,0,0,0,0,0,0,D505EEA0,X78D,07/11/2025 1:40:37 AM,BPD432,8M5CL,8M5CL,01/15/2026 4:19:32 PM,8M5CL,D1D,6,6156276
D504968,331,MBYTW331WAA6,0,0,0,0,0,0,0,0,0,0.5011263385,0,0,0,0,0,0.8730726632,2.1727467094,23.017790474,0.7920178653,27.35675405,D5049680,PNCB,07/10/2025 6:34:43 PM,BPD444,8M5CL,8M5CL,02/19/2026 1:41:53 PM,8M5CL,D1D,1,6145890
D504968,433,MBYTW433WAB0,0,0,0,0,0,0,0.1829361757,0,2.6205085483,2.3338461164,0,0,1.2965814136,0,0,1.8922417197,0,14.031834971,0,22.357946805,D5049680,PNCB,07/10/2025 6:34:43 PM,BPD444,8M5CL,8M5CL,02/19/2026 1:41:33 PM,8M5CL,D1D,2,6145901
D504968,448,MC0XA448WAF4,0,0,0,0,0,0,0.1981398449,4.3542250942,1.5417124479,0,0,0,0,0,0,9.9501456754,0,14.58880685,0,30.633029912,D5049680,PNCB,07/10/2025 6:34:43 PM,BPD444,8M5CL,8M5CL,02/19/2026 1:42:02 PM,8M5CL,D1D,3,6145935
D504968,491,MBYTW491WAE6,0,0,0,0,0,0,0.7533610276,1.025170262,0.5434044458,0,0,0,0,0,0,3.3246335803,0,7.6810721362,0,13.327641452,D5049680,PNCB,07/10/2025 6:34:43 PM,BPD444,8M5CL,8M5CL,02/19/2026 1:41:40 PM,8M5CL,D1D,4,6145977
D504968,492,MC0XA492WAC4,0,0,0,0,0,0,0,2.7147836317,3.137870852,0,0,0,0,0,0,2.1429215236,0,11.840135014,0.940539498,20.776248395,D5049680,PNCB,07/10/2025 6:34:43 PM,BPD444,8M5CL,8M5CL,02/19/2026 1:41:36 PM,8M5CL,D1D,5,6145951
D504968,496,MC0XA496WAE6,0,0,0,0,0,0,0,1.097007074,1.3205306645,0,0,0,0,0,0,3.6747673552,0,9.2608956969,0,15.353200791,D5049680,PNCB,07/10/2025 6:34:43 PM,BPD444,8M5CL,8M5CL,02/19/2026 1:41:35 PM,8M5CL,D1D,6,6145861
D504968,512,MBYTW512WAB5,0,0,0,0,0,0,0.1757885484,1.0850876575,0,0,0,0,0,0,0,0,0,17.736450816,0,18.997327021,D5049680,PNCB,07/10/2025 6:34:43 PM,BPD444,8M5CL,8M5CL,02/19/2026 1:41:39 PM,8M5CL,D1D,7,6145900
D504968,513,MBYTW513WAF7,0,0,0,0,0,0,0.1660818629,0,1.29227099,0,0,0,0,0,0,1.6623167902,0,9.7314126602,0,12.852082303,D5049680,PNCB,07/10/2025 6:34:43 PM,BPD444,8M5CL,8M5CL,02/19/2026 1:41:42 PM,8M5CL,D1D,8,6145896
D504968,546,MBYTW546WAC5,0,0,0,0,0,0,0,1.0716977051,1.3509210326,0,0,0,0,0,0,9.3990410748,0.5915592148,10.239970887,0,22.055400047,D5049680,PNCB,07/10/2025 6:34:43 PM,BPD444,8M5CL,8M5CL,02/19/2026 1:41:42 PM,8M5CL,D1D,9,6145967
D504968,604,MBYTW604WAE6,0,0,0,0,0,0,0.2421815468,1.1485650846,3.9931426401,0.5035459377,0,0,0,0,0,6.3281327351,0.6339880022,7.6787477603,0,20.528303707,D5049680,PNCB,07/10/2025 6:34:43 PM,BPD444,8M5CL,8M5CL,02/19/2026 1:41:32 PM,8M5CL,D1D,10,6145902
D504968,610,MBYTW610WAH0,1.8300947494,0,0,0,0,0,0.2146302481,0,1.2253049611,0,0,0,0,0,0,0,0,6.2281022892,0,9.4981322478,D5049680,PNCB,07/10/2025 6:34:43 PM,BPD444,8M5CL,8M5CL,02/19/2026 1:41:55 PM,8M5CL,D1D,11,6145864
D504968,626,MBYTW626WAA1,1.8469846624,0,0,0,0,0,0,1.1430293243,0.6058778149,0,0,0,0,0,0,1.4768707374,0,21.335865953,0,26.408628492,D5049680,PNCB,07/10/2025 6:34:43 PM,BPD444,8M5CL,8M5CL,02/19/2026 1:41:47 PM,8M5CL,D1D,12,6145931
D506837,297,GH5YB297JKF1,1.9639220787,0,0,0,0,0,0.4868109762,0.7710210798,0,0,0,0,0,0,0,1.3825511599,0,16.868806834,0.9537909671,22.426905315,D5068370,PXMG,07/10/2025 9:06:17 AM,BPD454,8M5CL,8M5CL,02/23/2026 4:57:05 PM,8M5CL,D1D,1,6194735
D506837,298,GH5YB298JKC0,0,0,0,0,0,0,0.2357354764,0,0,0,0,0,0,0,0,0,0,8.1993593421,0,8.4350948185,D5068370,PXMG,07/10/2025 9:06:17 AM,BPD454,8M5CL,8M5CL,02/23/2026 4:57:03 PM,8M5CL,D1D,2,6194799
D506837,299,GH5YB299JKG2,0,0,0,0,0,0,0,0.9505627187,0,0,2.9211321047,0,0,0,0,0,0,9.3476227351,0,13.219319777,D5068370,PXMG,07/10/2025 9:06:17 AM,BPD454,8M5CL,8M5CL,02/23/2026 4:57:09 PM,8M5CL,D1D,3,6194768
D506837,300,GH5YB300JKA3,1.241073357,0,0,0,0,0,0.2340332882,0,0,0,0,0,0,0,0,0.7635061951,1.0100529859,38.509246538,0,41.757912365,D5068370,PXMG,07/10/2025 9:06:17 AM,BPD454,8M5CL,8M5CL,02/23/2026 4:57:01 PM,8M5CL,D1D,4,6194806
D505921,71,GM4SY071JKG5,0,0,0,0,0,0,0.5787182439,1.025170262,0.5434044458,0,0,0,0,0,0,0,0,2.3354191856,0.7486525212,5.2313646584,D5059210,PNCB,07/08/2025 5:25:28 PM,BPD450,8M5CL,8M5CL,02/23/2026 11:30:39 AM,8M5CL,D1D,1,6191654
D505921,72,GM4SY072JKD4,0,0,0,0,0,0,0.2602891146,1.2344363094,3.4824119017,0,0,0,0,0,0,0,0,5.5657852192,0,10.54292042,D5059210,PNCB,07/08/2025 5:25:28 PM,BPD450,8M5CL,8M5CL,02/23/2026 11:30:35 AM,8M5CL,D1D,2,6191623
D505921,73,GM4SY073JKA3,0,0,0,0,0,0,0,1.8900372826,1.2340567287,0,0,0,0,0,0,1.6623167902,0,2.3367033237,0,7.1231141252,D5059210,PNCB,07/08/2025 5:25:28 PM,BPD450,8M5CL,8M5CL,02/23/2026 11:30:11 AM,8M5CL,D1D,3,6191702
D505921,204,GL6PC204JKB7,0,0,0,0,0,0,0,2.2941487214,2.346274121,0,0,0,0,0,0,0,0,8.7237930637,0,13.364218031,D5059210,PNCB,07/08/2025 5:25:28 PM,BPD450,8M5CL,8M5CL,02/23/2026 11:31:14 AM,8M5CL,D1D,4,6191693
D505921,207,GL6PC207JKH2,0,0,0,0,0,0,0.1660818629,0,0,0,0,0,0,0,0,0,0,2.7238709654,0,2.8899528283,D5059210,PNCB,07/08/2025 5:25:28 PM,BPD450,8M5CL,8M5CL,02/23/2026 11:30:27 AM,8M5CL,D1D,5,6191678
D505921,208,GL6PC208JKE1,0,0,0,0,0,0,0.2746672161,1.1500441208,2.899361395,0,0,0,0,0,0,1.864801098,3.040373468,1.7939731161,0,11.023220414,D5059210,PNCB,07/08/2025 5:25:28 PM,BPD450,8M5CL,8M5CL,02/23/2026 11:30:49 AM,8M5CL,D1D,6,6191727
D505921,209,GL6PC209JKB0,0,0,0,0,0,0,0.3736841915,0,0,0,0,0,0,0,0,2.6919815356,0,0.7362391861,0,3.8019049131,D5059210,PNCB,07/08/2025 5:25:28 PM,BPD450,8M5CL,8M5CL,02/23/2026 11:30:21 AM,8M5CL,D1D,7,6191711
D505921,210,GL6PC210JKE1,0,0,0,0,0,0,0.2146302481,0,1.176428766,0,0,0,1.1687785789,0,0,0,0,3.0498745753,0,5.6097121683,D5059210,PNCB,07/08/2025 5:25:28 PM,BPD450,8M5CL,8M5CL,02/23/2026 11:30:15 AM,8M5CL,D1D,8,6191692
D505921,211,GL6PC211JKB0,1.1084252165,0,0,0,0,0,0,1.025170262,1.29227099,0,0,0,0,0,0,0,0,0,0,3.4258664684,D5059210,PNCB,07/08/2025 5:25:28 PM,BPD450,8M5CL,8M5CL,02/23/2026 11:31:09 AM,8M5CL,D1D,9,6191672
D505921,212,GL6PC212JKF2,0,0,0,0,0,0,0,1.0523406068,2.5427543003,0,0,0,0,0,0,12.269450762,0,0.7557513546,25.687385856,41.908855253,D505921A,PNCB,07/06/2025 4:27:07 PM,BPD444,8M5CL,8M5CL,02/19/2026 1:40:53 PM,8M5CL,D1D,1,6977329
D505921,260,GL6PC260JKE4,0,0,0,0,0,0,1.1681580637,0,6.8981991743,0,0,0,0,0,0,8.3965159361,0,3.4543909666,16.344692659,34.928548321,D505921A,PNCB,07/06/2025 4:27:07 PM,BPD444,8M5CL,8M5CL,02/19/2026 1:40:54 PM,8M5CL,D1D,2,6977352
D505921,262,GL6PC262JKF5,0,0,0,0,0,0,1.0878544752,0,2.0343759944,0,0,0,0,0,0,6.3394868877,0,0,21.467935808,30.551000781,D505921A,PNCB,07/06/2025 4:27:07 PM,BPD444,8M5CL,8M5CL,02/19/2026 1:40:52 PM,8M5CL,D1D,3,6977333
D506925,88,A0YC6088SLG3,0,0,0,0,0,0,0.2162474127,0,0,2.2346982677,0,0,0,0,0,1.7532231197,0,1.6204944992,0.4674816808,6.2921449801,D506925A,PNCB,07/12/2025 1:04:07 PM,BPD444,8M5CL,8M5CL,02/19/2026 1:41:22 PM,8M5CL,D1D,1,6954219
D506925,189,A0YC6189SLC3,0,0,0,0,0,0,0,1.1724865866,0,0,0,0,0,0,0,1.8552692431,0,1.7613045768,0,4.7890604065,D506925A,PNCB,07/12/2025 1:04:07 PM,BPD444,8M5CL,8M5CL,02/19/2026 1:41:02 PM,8M5CL,D1D,2,6954083
D506925,195,A0YC6195SLE5,0,0,0,0,0,0,0,0,0,0,0,0,0,0,0,0,0,4.3230509649,0,4.3230509649,D506925A,PNCB,07/12/2025 1:04:07 PM,BPD444,8M5CL,8M5CL,02/19/2026 1:41:17 PM,8M5CL,D1D,3,6954424
D506925,302,A0YEM302SLB1,0,0,0,0,0,0,0,0,0,0,0,0,0,0,0,0,1.448841302,0,0,1.448841302,D506925A,PNCB,07/12/2025 1:04:07 PM,BPD444,8M5CL,8M5CL,02/19/2026 1:41:27 PM,8M5CL,D1D,4,6954371
D506925,310,A0YEM310SLE4,0,0,0,0,0,0,0.5941645285,1.0155623325,1.8713207574,0,0,0,0,0,0,1.6505278586,0,0.7310178748,0,5.8625933518,D506925A,PNCB,07/12/2025 1:04:07 PM,BPD444,8M5CL,8M5CL,02/19/2026 1:41:09 PM,8M5CL,D1D,5,6953874
D506925,360,A0YC6360SLF0,0,0,0,0,0,0,0,0.73123038,0,0,1.5160120694,0,0,0,0,0,0,1.9112717343,0,4.1585141837,D506925A,PNCB,07/12/2025 1:04:07 PM,BPD444,8M5CL,8M5CL,02/19/2026 1:41:15 PM,8M5CL,D1D,6,6954523
D506816,498,MC1RF498WAG3,0,0,0,0,0,0,0.2868225134,1.3571559351,0,0,0,0,0,0,0,2.2056955585,0,2.0387153505,0.9425391719,6.8309285294,D5068160,PNCB,07/24/2025 11:44:15 AM,BPD442,8M5CL,8M5CL,02/20/2026 11:21:11 AM,8M5CL,D1D,1,6228213
D506816,499,MC1RF499WAD2,0,0,0,0,0,0,0,25.889378452,0,0,0,0,0,23.511233016,0,0,0,0,0,49.400611468,D5068160,PNCB,07/24/2025 11:44:15 AM,BPD442,8M5CL,8M5CL,02/20/2026 11:21:09 AM,8M5CL,D1D,2,6228163
D506905,826,GM1QJ826JKD2,0,0,0,0,0,0,0,5.7536653133,0,0,0,0,0,0,0,1.8373156759,4.4368109886,3.395025515,2.0601507497,17.300643034,D5069050,PNCB,07/23/2025 10:25:56 AM,BPD444,8M5CL,8M5CL,02/19/2026 1:41:10 PM,8M5CL,D1D,1,6206435
D506905,827,GM1QJ827JKA1,0,0,0,0,0,0,0.1985084905,1.972547437,1.5445741664,0,0,0,0,0,0,0.8428889968,9.5253427364,5.4328651908,0,19.516727018,D5069050,PNCB,07/23/2025 10:25:56 AM,BPD444,8M5CL,8M5CL,02/19/2026 1:41:17 PM,8M5CL,D1D,2,6206489
D506905,828,GM1QJ828JKE3,0,0,0,0,0,0,0,5.1963279353,0,0,0,0,0,0,0,0,6.5374907293,5.4738490962,0,17.207667761,D5069050,PNCB,07/23/2025 10:25:56 AM,BPD444,8M5CL,8M5CL,02/19/2026 1:41:21 PM,8M5CL,D1D,3,6206490
D506905,830,GM1QJ830JKE3,0,0,0,0,0,0,0.2471010421,0,2.0878741776,0,0,0,0,0,0,7.1405358499,6.3267450762,14.99082418,0,28.317365039,D5069050,PNCB,07/23/2025 10:25:56 AM,BPD444,8M5CL,8M5CL,02/19/2026 1:41:25 PM,8M5CL,D1D,4,6206464
D506905,872,GM1QJ872JKB3,0,0,0,0,0,0,0.166816579,2.8146313232,2.5662127489,0,0,0,0,0,0,0,4.6834020183,3.3097684303,0,13.095018574,D5069050,PNCB,07/23/2025 10:25:56 AM,BPD444,8M5CL,8M5CL,02/19/2026 1:41:18 PM,8M5CL,D1D,5,6206462
D505907,117,GL5RA117JKB2,0,0,0,0,0,0,0.2458011571,0,0.5924157172,0,0,0,0,0,0,0,0,8.8117257835,0,9.6499426577,D5059070,PNCB,08/02/2025 12:12:51 AM,BPD436,8M5CL,8M5CL,02/20/2026 11:18:51 AM,8M5CL,D1D,1,6189163
D505907,146,GL5RA146JKD1,0,0,0,0,0,0,0.2146302481,0,1.2253049611,0,0,0,0,0,0,0,0,0,0,1.4399352092,D5059070,PNCB,08/02/2025 12:12:51 AM,BPD436,8M5CL,8M5CL,02/20/2026 11:18:39 AM,8M5CL,D1D,2,6189156
D505907,147,GL5RA147JKA0,0,0,0,0,0,0,0.5812586972,2.5626517055,3.8447737239,0,0,0,0,0,0,2.472869049,0,2.7683256867,0,12.229881002,D5059070,PNCB,08/02/2025 12:12:51 AM,BPD436,8M5CL,8M5CL,02/20/2026 11:18:24 AM,8M5CL,D1D,3,6189230
D505907,148,GL5RA148JKE2,0,0,0,0,0,0,0.2473326728,2.0156415363,0,0,0,0,0,0,0,0,1.5831764617,0.9156211387,0,4.7617718096,D5059070,PNCB,08/02/2025 12:12:51 AM,BPD436,8M5CL,8M5CL,02/20/2026 11:18:32 AM,8M5CL,D1D,4,6189229
D505907,282,GL6PC282JKH2,0,0,0,0,0,0,0,3.8043425425,0,0,0,0,0,0,0,5.5137771629,1.54722211,0,0,10.865343993,D5059070,PNCB,08/02/2025 12:12:51 AM,BPD436,8M5CL,8M5CL,02/20/2026 11:18:22 AM,8M5CL,D1D,5,6189207
D505907,283,GL6PC283JKE1,0,0,0,0,0,0,0,3.6691186113,4.6250823898,0,0,0,0,0,0,0,0,2.7495408863,0,11.043741888,D5059070,PNCB,08/02/2025 12:12:51 AM,BPD436,8M5CL,8M5CL,02/20/2026 11:18:57 AM,8M5CL,D1D,6,6189198
D505907,308,GL6PC308JKD2,0,0,0,0,0,0,0,0,1.2024351519,0,0,0,0,0,0,1.878951819,0,0.8321873486,0,3.702282528,D5059070,PNCB,08/02/2025 12:12:51 AM,BPD436,8M5CL,8M5CL,02/20/2026 11:18:26 AM,8M5CL,D1D,7,6189195
D505907,309,GL6PC309JKA1,0,0,0,0,0,0,0,3.259026964,2.8206222115,0,0,0,0,0,0,1.1237171612,0,0.8733273506,0,8.076691547,D5059070,PNCB,08/02/2025 12:12:51 AM,BPD436,8M5CL,8M5CL,02/20/2026 11:19:02 AM,8M5CL,D1D,8,6189210
D506895,330,GH2YF330JKC3,0,0,0,0,0,0,0,0,5.5279380438,0,0,0,0,0,0,1.0055512127,1.9729556176,15.475737662,0,23.002403953,D5068950N,PNCB,08/02/2025 2:41:52 PM,BPD448,8M5CL,8M5CL,02/19/2026 10:00:48 AM,8M5CL,D1D,1,7118218
D506892,331,GH2YF331JKG5,0,0,0,0,0,0,0.2391750044,1.1343027397,2.8596749918,0,0,0,0,0,0,2.2785511291,1.5309537414,9.0073556644,0,17.050013271,D5068920,PNCB,08/02/2025 5:00:31 PM,BPD436,8M5CL,8M5CL,02/20/2026 11:18:21 AM,8M5CL,D1D,1,6201708
D506892,332,GH2YF332JKD4,0,0,0,0,0,0,0.3146883197,0.6367314443,0.5395506931,0,0,0,0,0,0,5.6102625568,0,12.281584809,0.3386567808,19.721472478,D5068920,PNCB,08/02/2025 5:00:31 PM,BPD436,8M5CL,8M5CL,02/20/2026 11:18:28 AM,8M5CL,D1D,2,6201697
D506892,333,GH2YF333JKA3,0,0,0,0,0,0,0.2361508592,1.1199653377,2.8235286441,0,0,0,0,0,0,1.8160259823,1.51160178,15.597498966,1.4863684661,23.961514276,D5068920,PNCB,08/02/2025 5:00:31 PM,BPD436,8M5CL,8M5CL,02/20/2026 11:18:14 AM,8M5CL,D1D,3,6201726
D506892,334,GH2YF334JKE5,0,0,0,0,0,0,0,0,0,0,0,0,0,0,0,0,0,2.8409288412,0,2.8409288412,D5068920,PNCB,08/02/2025 5:00:31 PM,BPD436,8M5CL,8M5CL,02/20/2026 11:18:34 AM,8M5CL,D1D,4,6201703
D505912,346,MC0UJ346WAH0,0,0,0,0,0,0,0.5638060362,0,6.8303675157,0,0,0,0,0,0,6.2610597201,0,4.714225897,0,18.369457044,D5059120,PNCB,07/30/2025 12:08:20 AM,BPD444,8M5CL,8M5CL,02/19/2026 1:41:57 PM,8M5CL,D1D,1,6191230
D505912,356,MC0UJ356WAE1,0,0,0,0,0,0,0.3814468271,0,0.588214383,0,0,0,0,0,0,7.2587524906,0,9.0359334461,0.7053047461,17.969651893,D5059120,PNCB,07/30/2025 12:08:20 AM,BPD444,8M5CL,8M5CL,02/19/2026 1:42:27 PM,8M5CL,D1D,2,6191250
D505912,397,MC0UJ397WAE2,0,0,0,0,0,0,0.0787604711,0,1.29227099,0,0,0,0,0,0,7.0015490503,0.9329263407,3.0729425097,0,12.378449362,D5059120,PNCB,07/30/2025 12:08:20 AM,BPD444,8M5CL,8M5CL,02/19/2026 1:42:01 PM,8M5CL,D1D,3,6191244
D505912,421,MC0UJ421WAF3,0,0,0,0,0,0,1.1854157172,5.3629395899,3.9772347107,0,0,0,0,0,0,14.777576779,3.1430029451,3.7962654066,0,32.097999574,D5059120,PNCB,07/30/2025 12:08:20 AM,BPD444,8M5CL,8M5CL,02/19/2026 1:42:29 PM,8M5CL,D1D,4,6191245
D505912,427,MC0UJ427WAB3,0,0,0,0,0,0,0.4518025935,0,3.1769576971,0,0,0,0,0,0,4.9430756515,3.1386475766,4.6222551458,0.4432416728,16.508350972,D5059120,PNCB,07/30/2025 12:08:20 AM,BPD444,8M5CL,8M5CL,02/19/2026 1:41:50 PM,8M5CL,D1D,5,6191289
D505912,435,MC0UJ435WAE6,0,0,0,0,0,0,0.177714014,0.7880284762,3.6346416432,0,0,0,0,0,0,14.676127728,0.9982611478,18.551727187,0,37.871214871,D5059120,PNCB,07/30/2025 12:08:20 AM,BPD444,8M5CL,8M5CL,02/19/2026 1:41:41 PM,8M5CL,D1D,6,6191252
D505912,436,MC0UJ436WAB5,0,0,0,0,0,0,0.4182102261,2.0334622221,2.4595351404,0,0,0,0,0,0,7.2151889254,0,2.5787505555,0,14.551199805,D5059120,PNCB,07/30/2025 12:08:20 AM,BPD444,8M5CL,8M5CL,02/19/2026 1:42:37 PM,8M5CL,D1D,7,6191221
D505912,466,MC0UJ466WAA3,0,0,0,0,0,0,0,0,0.6763254125,0,0,0,0,0,0,8.3460608274,1.3738460932,3.5067224962,0,13.902954829,D5059120,PNCB,07/30/2025 12:08:20 AM,BPD444,8M5CL,8M5CL,02/19/2026 1:41:43 PM,8M5CL,D1D,8,6191253
D505912,528,MC0UJ528WAE6,0.8204081856,0,0,0,0,0,0.3293108023,0,0.6614882997,0,0,0,0,0,0,2.9595131158,0.6318565751,5.5077117992,0.4949224768,11.405211255,D5059120,PNCB,07/30/2025 12:08:20 AM,BPD444,8M5CL,8M5CL,02/19/2026 1:42:06 PM,8M5CL,D1D,9,6191213
D505912,544,MC0UJ544WAE1,0,0,0,0,0,0,0.4918284012,0,1.2921463455,2.4104485651,0,0,0,0,0,8.3954045339,0,5.1710228165,0,17.760852787,D5059120,PNCB,07/30/2025 12:08:20 AM,BPD444,8M5CL,8M5CL,02/19/2026 1:42:34 PM,8M5CL,D1D,10,6191268
D505905,118,GL5RA118JKF4,0,0,0,0,0,0,0.6800931296,0,0,0,0,0,0,0,0,3.3839093681,0,0,0,4.0640024977,D5059050,PNCB,07/28/2025 8:23:12 AM,BPD446,8M5CL,8M5CL,02/23/2026 3:53:33 PM,8M5CL,D1D,1,6188979
D505905,119,GL5RA119JKC3,0,0,0,0,0,0,0.6643574148,0,5.6909148852,0,0,0,0,0,0,1.6623167902,0,3.4611224804,0,11.478711571,D5059050,PNCB,07/28/2025 8:23:12 AM,BPD446,8M5CL,8M5CL,02/23/2026 3:53:54 PM,8M5CL,D1D,2,6188960
D505905,120,GL5RA120JKF4,0,0,0,0,0,0,0.3004823474,1.4250598455,0,0,0,0,0,0,0,2.310739002,0,0,0,4.0362811949,D5059050,PNCB,07/28/2025 8:23:12 AM,BPD446,8M5CL,8M5CL,02/23/2026 3:52:06 PM,8M5CL,D1D,3,6188976
D505905,121,GL5RA121JKC3,0,0,0,0,0,0,0,0,1.7383441873,0,0,0,0,0,0,2.2361232058,0,0.7362391861,0,4.7107065791,D5059050,PNCB,07/28/2025 8:23:12 AM,BPD446,8M5CL,8M5CL,02/23/2026 3:52:19 PM,8M5CL,D1D,4,6188963
D505905,122,GL5RA122JKG5,0,0,0,0,0,0,0.4193790046,0,0,0,0,0,0,0,0,0,0,0,0,0.4193790046,D5059050,PNCB,07/28/2025 8:23:12 AM,BPD446,8M5CL,8M5CL,02/23/2026 3:53:41 PM,8M5CL,D1D,5,6189013
D505905,123,GL5RA123JKD4,0,0,0,0,0,0,0.280796061,1.7332590003,6.1916088973,0,0,0,0,0,0,0,0,1.3529550768,0,9.5586190354,D5059050,PNCB,07/28/2025 8:23:12 AM,BPD446,8M5CL,8M5CL,02/23/2026 3:53:48 PM,8M5CL,D1D,6,6188936
D505905,124,GL5RA124JKA3,0,0,0,0,0,0,0.326189101,0,2.5108508952,0,0,0,0,0,0,0,0,2.5644553309,0,5.4014974521,D5059050,PNCB,07/28/2025 8:23:12 AM,BPD446,8M5CL,8M5CL,02/23/2026 3:53:35 PM,8M5CL,D1D,7,6188943
D505905,476,GL3KV476JKE4,0,0,0,0,0,0,0.293063791,2.3150911085,2.1775896213,0,0,0,0,0,0,1.0223624987,0,0,0,5.8081070195,D5059050,PNCB,07/28/2025 8:23:12 AM,BPD446,8M5CL,8M5CL,02/23/2026 3:53:16 PM,8M5CL,D1D,8,6189045
D505905,477,GL3KV477JKB3,0,0,0,0,0,0,0.5905344548,0,0,0,0,0,0,0,0,6.6988370321,0,5.3744497479,0,12.663821235,D5059050,PNCB,07/28/2025 8:23:12 AM,BPD446,8M5CL,8M5CL,02/23/2026 3:54:00 PM,8M5CL,D1D,9,6189010
D505905,523,GL3KV523JKF2,0,0,0,0,0,0,1.0321648491,4.0289861015,4.3575376137,0,0,0,0,0,0,1.2163748318,0,4.1408426251,0,14.775906021,D5059050,PNCB,07/28/2025 8:23:12 AM,BPD446,8M5CL,8M5CL,02/23/2026 3:51:59 PM,8M5CL,D1D,10,6188938
D505905,524,GL3KV524JKC1,1.222848401,0,0,0,0,0,0.4769551625,0,1.4256739855,0,0,0,0,0,0,1.8339198429,0,0.8122416109,0,5.7716390028,D5059050,PNCB,07/28/2025 8:23:12 AM,BPD446,8M5CL,8M5CL,02/23/2026 3:52:13 PM,8M5CL,D1D,11,6188983
D505905,525,GL3KV525JKG3,0,0,0,0,0,0,0.2090576852,3.242634941,1.6266626954,0,0,0,0,0,0,0,0,2.0129870864,0.3844388482,7.4757812562,D5059050,PNCB,07/28/2025 8:23:12 AM,BPD446,8M5CL,8M5CL,02/23/2026 3:53:22 PM,8M5CL,D1D,12,6188931
D506895,319,GH2YF319JKC1,0,0,0,0,0,0,0,8.5030018587,2.5263277187,0,0,0,0,0,0,0,0,0.8002320688,0.7103424007,12.539904047,D5068950,PNCB,08/04/2025 8:51:46 AM,BPD434,8M5CL,8M5CL,02/19/2026 4:31:23 PM,8M5CL,D1D,1,6201814
D506895,322,GH2YF322JKG3,0,0,0,0,0,0,0.4309499126,4.2996091338,0,0,0,0,0,0,0,0,0,0,0,4.7305611714,D5068950,PNCB,08/04/2025 8:51:46 AM,BPD434,8M5CL,8M5CL,02/19/2026 4:31:29 PM,8M5CL,D1D,2,6201802
D506895,324,GH2YF324JKA1,0,0,0,0,0,0,0.9153236314,0,0,0,0,0,0,0,0,1.8679249244,0,2.0911042566,0,4.8743549374,D5068950,PNCB,08/04/2025 8:51:46 AM,BPD434,8M5CL,8M5CL,02/19/2026 4:31:42 PM,8M5CL,D1D,3,6201882
D506895,326,GH2YF326JKB2,0,0,0,0,0,0,0.3049789573,0,1.9099074509,0,0,0,0,0,0,1.739248778,1.4869413586,0,0.7633654158,6.2044398356,D5068950,PNCB,08/04/2025 8:51:46 AM,BPD434,8M5CL,8M5CL,02/19/2026 4:31:35 PM,8M5CL,D1D,4,6201822
D506895,327,GH2YF327JKF4,0,0,0,0,0,0,0.2465352561,1.2326762803,4.0284525594,0,0,0,0,0,0,5.9963685383,0,0,0,11.504034774,D5068950,PNCB,08/04/2025 8:51:46 AM,BPD434,8M5CL,8M5CL,02/19/2026 4:31:08 PM,8M5CL,D1D,5,6201743
D506895,328,GH2YF328JKC3,0,0,0,0,0,0,0.1837341177,0,0,0,0,0,0,0,0,0,0,1.6289798317,0,1.8127139494,D5068950,PNCB,08/04/2025 8:51:46 AM,BPD434,8M5CL,8M5CL,02/19/2026 4:31:50 PM,8M5CL,D1D,6,6201839
D506895,329,GH2YF329JKG5,0,0,0,0,0,0,0,3.0424292479,0.8538319937,0,0,0,0,0,0,1.6178770505,0,2.5127351167,0,8.026875549,D5068950,PNCB,08/04/2025 8:51:46 AM,BPD434,8M5CL,8M5CL,02/19/2026 4:31:55 PM,8M5CL,D1D,7,6201819
D505EE5,86,A11HP086SLG7,0,0,0,0,0,0,0,0,0,0,0,0,0,0,0,2.725590655,1.9658250712,0,0,4.6914157262,D505EE50,X78D,08/10/2025 11:30:02 AM,BPD442,8M5CL,8M5CL,01/15/2026 4:09:26 PM,8M5CL,D1D,1,6159830
D505EE5,210,A10J2210SLA0,0,0,0,0,0,0,0,0,0.9747409292,0,0,0,0,0,0,1.4593337992,0.7180848539,0,0,3.1521595823,D505EE50,X78D,08/10/2025 11:30:02 AM,BPD442,8M5CL,8M5CL,01/15/2026 4:09:28 PM,8M5CL,D1D,2,6159844
D506917,328,MC0UJ328WAG4,0,0,0,0,0,0,0.2146302481,0,0,0,0,0,0,0,0,0,1.3738460932,2.2565926781,0,3.8450690194,D5069170,PNCB,08/11/2025 8:12:14 PM,BPD442,8M5CL,8M5CL,02/20/2026 11:21:24 AM,8M5CL,D1D,1,6216563
D506917,379,MC0UJ379WAD6,0,0,0,0,0,0,0,1.5607307641,0,0,0,0,0,0,0,0,0,4.6763280616,0,6.2370588257,D5069170,PNCB,08/11/2025 8:12:14 PM,BPD442,8M5CL,8M5CL,02/20/2026 11:21:34 AM,8M5CL,D1D,2,6216599
D506917,404,MC0UJ404WAB6,0,0,0,0,0,0,0.0813129883,0,0,0,0,0,0,0,0,1.8484063221,0,4.2015656114,0.7333681823,6.8646552291,D5069170AJ,PNCB,08/11/2025 9:33:27 PM,BPD434,8M5CL,8M5CL,02/19/2026 4:30:45 PM,8M5CL,D1D,1,7183977
D506917,420,MC0UJ420WAB1,0,0,0,0,0,0,0.2146302481,1.0178998896,0,0,0,0,0,0,0,1.0223624987,1.7425426085,0,0.3032449149,4.30068016,D5069170AJ,PNCB,08/11/2025 9:33:27 PM,BPD434,8M5CL,8M5CL,02/19/2026 4:30:51 PM,8M5CL,D1D,2,7184048
D505901,26,MBZZQ026WAA7,0,0,0,0,0,0,0,4.1960319761,0,0,0,0,0,0,0,1.4048081003,0,5.9414986562,0,11.542338733,D5059010,PNCB,08/21/2025 8:52:14 PM,BPD450,8M5CL,8M5CL,02/16/2026 1:00:02 PM,8M5CL,D1D,1,6189087
D505901,56,MBZZQ056WAH0,0,0,0,0.4967032704,0,0,0,1.0178998896,0.7348365932,0,0,0,0,0,0,2.0075238379,0,31.631768208,0,32.663606314,D5059010,PNCB,08/21/2025 8:52:14 PM,BPD450,8M5CL,8M5CL,02/16/2026 12:59:41 PM,8M5CL,D1D,2,6189112
D505901,133,MBZZQ133WAG4,0,0,0,0,0,0,0.3577501778,1.1636324543,0,0,0,0,0,0,0,1.8911780253,0,8.114997387,0,11.527560185,D5059010,PNCB,08/21/2025 8:52:14 PM,BPD450,8M5CL,8M5CL,02/16/2026 12:59:06 PM,8M5CL,D1D,3,6189067
D505901,148,MBZZQ148WAC6,1.3215570646,0,0,0,0,0,0,3.1292240156,0,0,0,0,0,0,0,1.2276510184,0,8.431273286,0,13.476680031,D5059010,PNCB,08/21/2025 8:52:14 PM,BPD450,8M5CL,8M5CL,02/16/2026 12:59:19 PM,8M5CL,D1D,4,6189099
D505901,169,MBZZQ169WAB2,0,0,0,0,0,0,0.786194299,0,1.115421629,0,0,0,0,0,0,0,0,4.5177027606,0,6.4193165483,D5059010,PNCB,08/21/2025 8:52:14 PM,BPD450,8M5CL,8M5CL,02/16/2026 12:59:15 PM,8M5CL,D1D,5,6189060
D505901,176,MC0XB176WAG1,0,0,0,0,0,0,0.4726880581,1.6694046952,5.7718770086,0.5724613728,0,0,0,0,0,0,0,19.367409071,0.9047599981,28.341348376,D5059010,PNCB,08/21/2025 8:52:14 PM,BPD450,8M5CL,8M5CL,02/16/2026 1:00:07 PM,8M5CL,D1D,6,6189090
D505901,218,MC0XB218WAB4,0,0,0,0,0,0,0,1.3261599272,1.6716827509,0,0,0,0,0,0,0,0,7.4971004436,0,10.494943122,D5059010,PNCB,08/21/2025 8:52:14 PM,BPD450,8M5CL,8M5CL,02/16/2026 12:59:56 PM,8M5CL,D1D,7,6189113
D505901,311,MC0ET311WAB6,0,0,0,0.9727153602,0,0,0.9770578873,0,0,0,0,0,0,0,0,2.5011907151,0,6.4643148881,0,10.915278851,D5059010,PNCB,08/21/2025 8:52:14 PM,BPD450,8M5CL,8M5CL,02/16/2026 12:59:59 PM,8M5CL,D1D,8,6189064
D505901,400,MC0ET400WAG7,1.4188589439,0,0,0,0,0,0,0.9427091761,0,0,0,0,0,0,0,0,0,3.8516588055,0,6.2132269254,D5059010,PNCB,08/21/2025 8:52:14 PM,BPD450,8M5CL,8M5CL,02/16/2026 12:59:29 PM,8M5CL,D1D,9,6189063
D505901,490,MC0ET490WAD1,0,0,0,0,0,0,1.5581390995,0.7889892923,0,2.2699783804,0,0,0,0,0,0,0,1.7132593925,0,6.3303661647,D5059010,PNCB,08/21/2025 8:52:14 PM,BPD450,8M5CL,8M5CL,02/16/2026 12:59:35 PM,8M5CL,D1D,10,6189108
D505901,823,MC0EQ823WAB7,0,0,0,0,0,0,0,0,0,0,0,0,0,0,0,1.9172545899,0,4.5380178256,0,6.4552724156,D5059010,PNCB,08/21/2025 8:52:14 PM,BPD450,8M5CL,8M5CL,02/16/2026 12:59:13 PM,8M5CL,D1D,11,6189069
D505901,884,MC0EQ884WAD5,0,0,1.837156297,0,0,0,0.4794032223,0,1.1599553632,0,0,0,0,0,0,1.3808013883,0,1.441562999,0,6.2988792698,D5059010,PNCB,08/21/2025 8:52:14 PM,BPD450,8M5CL,8M5CL,02/16/2026 1:00:17 PM,8M5CL,D1D,12,6189106
D504E6F,69,GL9GU069JKA3,0,0,0,0,0,0,0.7657920234,0,0,0,0,0,0,0,0,1.5026733633,2.0447491745,1.1928360983,0,5.5060506594,D504E6F0,X78D,09/11/2025 10:19:30 AM,BPD454,8M5CL,8M5CL,01/15/2026 4:51:36 PM,8M5CL,D1D,1,6134826
D504E6F,70,GL9GU070JKD4,0,0,0,0,0,0,0,0,0,0,0,0,1.3052420631,0,0,0,0,0,0,1.3052420631,D504E6F0,X78D,09/11/2025 10:19:30 AM,BPD454,8M5CL,8M5CL,01/15/2026 4:51:37 PM,8M5CL,D1D,2,6134787
D506807,30,MC1CE030WAG6,0,0,0,0,0,0,0,3.5015309942,0,0,0,0,0,0,0,4.0699335178,0,8.4237803528,0,15.995244865,D5068070,PNCB,08/30/2025 2:49:39 PM,BPD432,8M5CL,8M5CL,02/16/2026 12:55:00 PM,8M5CL,D1D,1,6224631
D506807,46,MC1CE046WAH2,0,0,0,0,0,0,0,2.8155790964,3.5491576588,0,0,0,0,0,0,0.9684053044,0,4.665396453,0,11.998536387,D5068070,PNCB,08/30/2025 2:49:39 PM,BPD432,8M5CL,8M5CL,02/16/2026 12:55:08 PM,8M5CL,D1D,2,6224665
D506807,47,MC1CE047WAE1,4.0442013178,0,0,0,0,0,0,1.6334576221,3.6760430035,0,0,0,0,0,0,4.7286919155,0,7.7484296887,0,21.830827276,D5068070,PNCB,08/30/2025 2:49:39 PM,BPD432,8M5CL,8M5CL,02/16/2026 12:54:26 PM,8M5CL,D1D,3,6224694
D506807,62,MC1CE062WAG5,0,0,0,0,0,0,0,0,0,0,0,0,0,0,0,0,0,3.9459898621,0,3.9459898621,D5068070,PNCB,08/30/2025 2:49:39 PM,BPD432,8M5CL,8M5CL,02/16/2026 12:54:20 PM,8M5CL,D1D,4,6224601
D506807,198,MC1CE198WAA4,0,0,0,0,0,0,0,0,4.4742671545,0,0,0,0,0,0,0,0,4.7965652853,0,9.2708324398,D5068070,PNCB,08/30/2025 2:49:39 PM,BPD432,8M5CL,8M5CL,02/16/2026 12:54:33 PM,8M5CL,D1D,5,6224714
D506807,201,MC1CE201WAD1,0,0,0,0,0,0,0,0,0,0,0,0,0,0,0,3.6467339438,7.0544426992,4.5732930997,0,14.379934851,D5068070,PNCB,08/30/2025 2:49:39 PM,BPD432,8M5CL,8M5CL,02/16/2026 12:52:17 PM,8M5CL,D1D,6,6224807
D506807,211,MC1CE211WAA2,0,0,0,0,0,0,0,4.5951833741,0,0,0,0,0,0,0,0,0,3.0716583716,0,7.6668417457,D5068070,PNCB,08/30/2025 2:49:39 PM,BPD432,8M5CL,8M5CL,02/16/2026 12:53:01 PM,8M5CL,D1D,7,6224708
D506807,237,MC1CE237WAF2,0,0,0,0,0,0,0,0.6894644552,0,0,0,0,0,0,0,4.5583970975,0,3.1952331227,0.8529009936,9.2959978092,D5068070,PNCB,08/30/2025 2:49:39 PM,BPD432,8M5CL,8M5CL,02/16/2026 12:55:32 PM,8M5CL,D1D,8,6224639
D506807,238,MC1CE238WAC1,0,0,0,0,0,0,0,0,1.7511469439,0,0,0,0,0,0,0,1.2642019122,13.626640698,0,16.641989554,D5068070,PNCB,08/30/2025 2:49:39 PM,BPD432,8M5CL,8M5CL,02/16/2026 12:54:35 PM,8M5CL,D1D,9,6224603
D506807,241,MC1CE241WAG3,0,0,0,0,0,0,1.1426688995,0,1.9407264945,0,0,0,0,0,0,6.191690226,0,8.1889102367,0,16.875389749,D5068070,PNCB,08/30/2025 2:49:39 PM,BPD432,8M5CL,8M5CL,02/16/2026 12:54:12 PM,8M5CL,D1D,10,6224710
D506807,246,MC1CE246WAF4,0,0,0,0,0,0,0,0,3.4941889397,0,0,0,0,0,0,4.5983340632,0,5.1800096613,0,12.412874769,D5068070,PNCB,08/30/2025 2:49:39 PM,BPD432,8M5CL,8M5CL,02/16/2026 12:55:20 PM,8M5CL,D1D,11,6224644
D506807,251,MC1CE251WAD4,0,0,0,0.1873942752,0,0,0,5.395584521,0,0,0,0,0,0,0,1.0360169486,2.0327328502,5.0832478877,0,13.734976483,D5068070,PNCB,08/30/2025 2:49:39 PM,BPD432,8M5CL,8M5CL,02/16/2026 12:55:36 PM,8M5CL,D1D,12,6224674
D506807,254,MC1CE254WAB4,0,0,0,0,0,0,0,0,0,0,0,0,0,0,0,2.9790019674,0,14.099226753,0,17.078228721,D5068070,PNCB,08/30/2025 2:49:39 PM,BPD432,8M5CL,8M5CL,02/16/2026 12:52:34 PM,8M5CL,D1D,13,6224763
D506807,257,MC1CE257WAG7,0,0,0,0,0,0,0.4574635024,0,3.0234582475,0,0,0,2.8175231582,0,0,1.2322824779,0,13.332007521,0,20.862732767,D5068070,PNCB,08/30/2025 2:49:39 PM,BPD432,8M5CL,8M5CL,02/16/2026 12:52:25 PM,8M5CL,D1D,14,6224756
D506807,258,MC1CE258WAD6,0,0,0,0,0,0,0,0,1.566501179,0,0,0,0,0,0,0,0,6.0568996029,0,7.6234007819,D5068070,PNCB,08/30/2025 2:49:39 PM,BPD432,8M5CL,8M5CL,02/16/2026 12:54:09 PM,8M5CL,D1D,15,6224625
D506807,270,MC1CE270WAA7,0,0,0,0,0,0,0.2606099974,0.9360705137,1.6425461634,0,0,0,0,0,0,6.0184956639,0,7.5098422552,0,16.367564594,D5068070,PNCB,08/30/2025 2:49:39 PM,BPD432,8M5CL,8M5CL,02/16/2026 12:56:34 PM,8M5CL,D1D,16,6224653
D506807,281,MC1CE281WAC2,0,0,0,0,0,0,0,0,10.027990779,0,0,0,0,0,0,3.2280792354,0,16.073321363,0,29.329391377,D5068070,PNCB,08/30/2025 2:49:39 PM,BPD432,8M5CL,8M5CL,02/16/2026 12:53:08 PM,8M5CL,D1D,17,6224725
D506807,282,MC1CE282WAG4,0,0,0,0,0,0,0,0,0,0,0,0,3.1163738264,0,0,1.3629892027,0,12.349560971,0,16.828924,D5068070,PNCB,08/30/2025 2:49:39 PM,BPD432,8M5CL,8M5CL,02/16/2026 12:52:27 PM,8M5CL,D1D,18,6224767
D506807,292,MC1CE292WAD5,0,0,0,0,0,0,0.3100302058,0,1.1649173595,0,0,0,0,0,0,2.488227592,0,11.016535001,0,14.979712283,D5068070,PNCB,08/30/2025 2:49:39 PM,BPD432,8M5CL,8M5CL,02/16/2026 12:54:46 PM,8M5CL,D1D,19,6224678
D506807,295,MC1CE295WAB5,0,0,0,0,0,0,0,20.936384509,8.6875967128,0,0,0,0,0,0,11.172359021,0,8.6315761875,0.9978480834,35.07560767,D5068070,PNCB,08/30/2025 2:49:39 PM,BPD432,8M5CL,8M5CL,02/16/2026 12:52:47 PM,8M5CL,D1D,20,6224595
D506807,300,MC1CE300WAF3,0,0,0,0,0,0,0.1077082587,0,4.2775978456,0,0,0,0,0,0,4.2904629101,0,14.703056018,0.8619805771,24.240807735,D5068070,PNCB,08/30/2025 2:49:39 PM,BPD432,8M5CL,8M5CL,02/16/2026 12:54:40 PM,8M5CL,D1D,21,6224656
D506807,307,MC1CE307WAF5,0,0,0,0,0,0,0.443374367,0,1.4989294771,0,0,0,0,0,0,2.7461357801,0,4.0134495458,0,8.7018870298,D5068070,PNCB,08/30/2025 2:49:39 PM,BPD432,8M5CL,8M5CL,02/16/2026 12:54:19 PM,8M5CL,D1D,22,6224722
D506807,876,MC0WU876WAE1,0,0,0,0,0,0,0,0,2.9765199067,0,0,0,0,0,0,0,0,11.480527346,1.1218574316,15.578904684,D5068070,PNCB,08/30/2025 2:49:39 PM,BPD432,8M5CL,8M5CL,02/16/2026 12:52:19 PM,8M5CL,D1D,23,6224676
D506907,27,A0TCL027SLD4,0,0,0,0,0,0,0.0856156284,0,0,0,0,0,0,0,0,6.1398345887,0,3.3389752628,0,9.5644233397,D5069070,PNCB,08/29/2025 7:55:20 AM,BPD434,8M5CL,8M5CL,02/16/2026 1:30:37 PM,8M5CL,D1D,1,6192813
D506907,30,A0TCL030SLA3,0,0,0,0,0,0,0.2660990066,0,0,0,0,0,0,0,0,8.1312775755,0,2.2908166399,0.8744355066,11.562628729,D5069070,PNCB,08/29/2025 7:55:20 AM,BPD434,8M5CL,8M5CL,02/16/2026 1:30:35 PM,8M5CL,D1D,2,6192804
D506907,43,A11HP043SLF5,0,0,0,0,0,0,0.5114422481,0,0,0,0,0,0,0,0,4.2666451982,0,4.9784279739,0,9.7565132799,D5069070,PNCB,08/29/2025 7:55:20 AM,BPD434,8M5CL,8M5CL,02/16/2026 1:30:23 PM,8M5CL,D1D,3,6192850
D506907,106,A11HB106SLB5,0,0,0,0,0,0,0,0,0,0,0,0,0,0,0,2.2959635158,0,1.9643895331,0,4.2603530489,D5069070,PNCB,08/29/2025 7:55:20 AM,BPD434,8M5CL,8M5CL,02/16/2026 1:30:18 PM,8M5CL,D1D,4,6192784
D506907,111,A11HB111SLH0,0,0,0,0,0,0,0.0874647873,0,0,0,0,0,0,0,0,4.4752170511,0,0,0,4.5626839786,D5069070,PNCB,08/29/2025 7:55:20 AM,BPD434,8M5CL,8M5CL,02/16/2026 1:30:34 PM,8M5CL,D1D,5,6192873
D506907,112,A11HB112SLD7,1.6923085052,0,0,0,0,0,0,0.67315696,0,0,0,0,0,0,0,1.5410133058,0,0.9381063135,0,4.3905379822,D5069070,PNCB,08/29/2025 7:55:20 AM,BPD434,8M5CL,8M5CL,02/16/2026 1:30:44 PM,8M5CL,D1D,6,6192843
D506907,113,A11HB113SLA6,1.6686861152,0,0,0,0,0,0,0.8644689378,0,0,0,0,0,0,0,1.0616569063,0,0,1.069389558,4.6642036575,D5069070,PNCB,08/29/2025 7:55:20 AM,BPD434,8M5CL,8M5CL,02/16/2026 1:30:38 PM,8M5CL,D1D,7,6192916
D506907,114,A11HB114SLF0,0,0,0,0,0,0,0.2464869021,3.25924957,2.1490777991,0,0,0,0,0,0,1.5374963448,0,2.1219897618,0.8099933059,10.124293684,D5069070C,PNCB,08/29/2025 7:37:03 AM,BPD458,8M5CL,8M5CL,02/16/2026 1:30:46 PM,8M5CL,D1D,1,7267714
D506907,120,A11HB120SLH2,0,0,0,0,0,0,0.5886627689,1.4948848028,0,0,0,0,5.88869324,1.3575681952,0,2.4239617706,4.0352547948,1.1668851576,0,16.632146313,D5069070C,PNCB,08/29/2025 7:37:03 AM,BPD458,8M5CL,8M5CL,02/16/2026 1:30:51 PM,8M5CL,D1D,2,7267572
D506907,122,A11HB122SLB0,0,0,0,0,0,0,0,0,0.6637939811,0,0,0,0,0,0,0,0,4.3383977072,0,5.0021916883,D5069070C,PNCB,08/29/2025 7:37:03 AM,BPD458,8M5CL,8M5CL,02/16/2026 1:31:00 PM,8M5CL,D1D,3,7267705
D506907,124,A11HB124SLC1,0,0,0,0,0,0,0,0,2.4008050793,0,0,0,0,0,0,0,0,2.8135709223,0.9048683758,6.1192443774,D5069070C,PNCB,08/29/2025 7:37:03 AM,BPD458,8M5CL,8M5CL,02/16/2026 1:30:53 PM,8M5CL,D1D,4,7267595
D506907,326,A11HB326SLB4,0,0,0,0,0,0,0.582242987,0,10.285527751,0,0,0,0,0,0,1.8994968214,1.5242083949,3.9661714806,0,17.110733516,D5069070C,PNCB,08/29/2025 7:37:03 AM,BPD458,8M5CL,8M5CL,02/16/2026 1:31:05 PM,8M5CL,D1D,5,7267647
D506820,3,A11HV003SLE5,0,0,0,0,0,0,0,0,0,0.5632657819,0,0,0,0,0,5.0211170053,0,10.098821697,0,15.683204484,D5068200,PNCB,08/27/2025 5:46:56 PM,BPD444,8M5CL,8M5CL,02/16/2026 12:50:09 PM,8M5CL,D1D,1,6230894
D506820,8,A11HV008SLD6,0.8721255752,0,0,0,0,0,0,0,0,0,0,0,0,0,0,0,0,8.7052477352,0,9.5773733104,D5068200,PNCB,08/27/2025 5:46:56 PM,BPD444,8M5CL,8M5CL,02/16/2026 12:50:07 PM,8M5CL,D1D,2,6230916
D506820,16,A11HV016SLH1,0,0,0,0,0,0,0,0,1.9269014915,0,0,0,0,0,0,1.7449269168,1.8595012184,5.0820150151,0,10.613346767,D5068200,PNCB,08/27/2025 5:46:56 PM,BPD444,8M5CL,8M5CL,02/16/2026 12:50:14 PM,8M5CL,D1D,3,6230891
D506820,126,A0XV9126SLE1,0,0,0,0,0,0,0,2.3204356142,0,0,0,0,0,0,0,1.7940028668,0,0,0,4.1144406061,D5068200,PNCB,08/27/2025 5:46:56 PM,BPD444,8M5CL,8M5CL,02/16/2026 12:50:18 PM,8M5CL,D1D,4,6230836
D506899,276,GH3HT276JKC7,0,0,0,0,0,0,1.6453533571,0,4.7267637035,0,0,0,0,0,0,9.4310571076,1.4840066618,0,0,17.28718083,D5068990,PNCB,08/31/2025 8:44:29 AM,BPD448,8M5CL,8M5CL,02/16/2026 1:29:57 PM,8M5CL,D1D,1,6231264
D506899,277,GH3HT277JKH1,0,0,0,0,0,0,3.6840688936,3.590476748,22.601725201,0,0,0,0,0,0,13.77545704,0,1.5005746858,0,45.15230027,D5068990,PNCB,08/31/2025 8:44:29 AM,BPD448,8M5CL,8M5CL,02/16/2026 1:30:15 PM,8M5CL,D1D,2,6231452
D506899,278,GH3HT278JKE0,0,0,0,0,0,0,0.2457707596,0,10.265981523,0,0,0,0,0,0,2.4599218999,0,1.0894971403,0,14.061171323,D5068990,PNCB,08/31/2025 8:44:29 AM,BPD448,8M5CL,8M5CL,02/16/2026 1:29:22 PM,8M5CL,D1D,3,6231439
D506899,313,GH3HT313JKG4,0,0,0,0,0,0,0.2837945235,0,0.5924157172,0,0,0,0,0,0,4.8015786129,0,0,0,5.6777888535,D5068990,PNCB,08/31/2025 8:44:29 AM,BPD448,8M5CL,8M5CL,02/16/2026 1:30:23 PM,8M5CL,D1D,4,6231399
D506899,315,GH3HT315JKA2,0,0,0,0,0,0,0.3380300968,0,2.0208224692,0,0,0,0,0,0,0,2.1637342,4.7274153562,0,9.2500021222,D5068990,PNCB,08/31/2025 8:44:29 AM,BPD448,8M5CL,8M5CL,02/16/2026 1:30:07 PM,8M5CL,D1D,5,6231449
D506899,316,GH3HT316JKE4,0,0,0,0,0,0,0,0.7433899273,0,0,0,0,0,0,0,2.1520337464,1.7912828003,0,0.9196077362,5.6063142103,D5068990,PNCB,08/31/2025 8:44:29 AM,BPD448,8M5CL,8M5CL,02/16/2026 1:29:27 PM,8M5CL,D1D,6,6231430
D505949,306,A10FZ306SLB0,0,0,0,0,0,0,0.4266403072,0,2.5505511159,0,0,0,0,0,0,6.0185934163,0,0,0.8748243912,9.8706113556,D5059490,PNCB,08/31/2025 11:09:16 AM,BPD434,8M5CL,8M5CL,02/16/2026 12:51:26 PM,8M5CL,D1D,1,6175462
D505949,307,A10FZ307SLF2,0,0,0,0,0,0,0.2949237205,0.7364532091,0,0,0,0,0,0,0,1.4452460832,0,0,0,2.4766230127,D5059490,PNCB,08/31/2025 11:09:16 AM,BPD434,8M5CL,8M5CL,02/16/2026 12:51:45 PM,8M5CL,D1D,2,6175417
D505949,308,A10FZ308SLC1,0,0,0,0,0,0,0.2960558641,0,0.8113703396,0,0,0,0,0,0,8.8010684532,0,7.2383774924,0.9728827889,16.845609908,D5059490,PNCB,08/31/2025 11:09:16 AM,BPD434,8M5CL,8M5CL,02/16/2026 12:51:43 PM,8M5CL,D1D,3,6175505
D505949,310,A10FZ310SLC1,0,0,0,0,0,0,0.0782019122,0,2.5662127489,0,0,0,0,0,0,0,0,0,0,2.6444146611,D5059490,PNCB,08/31/2025 11:09:16 AM,BPD434,8M5CL,8M5CL,02/16/2026 12:51:31 PM,8M5CL,D1D,4,6175465
D505949,311,A10FZ311SLG3,0,0,0,0,0,0,1.0531173878,2.108441353,0,0,0,0,0,0,0,4.4379192595,0,5.5661630076,0.6307429594,13.729801406,D5059490,PNCB,08/31/2025 11:09:16 AM,BPD434,8M5CL,8M5CL,02/16/2026 12:51:55 PM,8M5CL,D1D,5,6175463
D505949,313,A10FZ313SLA1,0,0,0,0,0,0,0,3.1453143937,7.1151289263,0,0,0,0,0,0,0,0,2.8957271694,0,13.156170489,D5059490,PNCB,08/31/2025 11:09:16 AM,BPD434,8M5CL,8M5CL,02/16/2026 12:51:52 PM,8M5CL,D1D,6,6175475
D505949,314,A10FZ314SLE3,0,0,0,0,0,0,2.1481109005,1.1407193928,0,0,0,0,0,0,0,5.3477336375,0,1.4625691377,0,10.099133068,D5059490,PNCB,08/31/2025 11:09:16 AM,BPD434,8M5CL,8M5CL,02/16/2026 12:51:57 PM,8M5CL,D1D,7,6175487
D505949,319,A10FZ319SLD4,0,0,0,0,0,0,0,0.7680708297,0.726847856,0,0,0,0,0,0,2.1647978944,0,4.108593479,0,7.7683121993,D5059490,PNCB,08/31/2025 11:09:16 AM,BPD434,8M5CL,8M5CL,02/16/2026 12:51:25 PM,8M5CL,D1D,8,6175461
D505949,321,A10FZ321SLD4,0,0,0,0,0,0,0.3214775565,0,0,0,0,0,0,0,0,1.622549173,0,5.2276128349,0.8171848322,7.9888243965,D5059490,PNCB,08/31/2025 11:09:16 AM,BPD434,8M5CL,8M5CL,02/16/2026 12:51:38 PM,8M5CL,D1D,9,6175476
D505949,322,A10FZ322SLA3,0,0,0,0,0,0,0.2057432808,0.912318808,9.9521219737,0,0,0,0,0,0,13.09652311,2.1740832856,13.507931045,2.0645836081,30.848567557,D5059490,PNCB,08/31/2025 11:09:16 AM,BPD434,8M5CL,8M5CL,02/16/2026 12:51:30 PM,8M5CL,D1D,10,6175488
D505949,323,A10FZ323SLE5,0,0,0,0,0,0,0,0,3.2504960065,0,0,0,0,0,0,7.0260803687,0,11.984197558,0,17.079548448,D5059490,PNCB,08/31/2025 11:09:16 AM,BPD434,8M5CL,8M5CL,02/16/2026 12:51:42 PM,8M5CL,D1D,11,6175440
D505949,324,A10FZ324SLB4,0,0,0,0,0,0,0.3099834547,0,0,0,0,0,0,0,0,2.5131948275,0,1.1130937173,0,3.9362719995,D5059490,PNCB,08/31/2025 11:09:16 AM,BPD434,8M5CL,8M5CL,02/16/2026 12:51:07 PM,8M5CL,D1D,12,6175444
D505EE9,252,GL7EF252JKA5,0,0,0,0,3.162737976,0,5.9014245596,0,0.9242221285,0,0,0,0,0,0,1.3836989769,0,1.0983928383,2.3140161903,13.223152226,D505EE90,X78D,09/03/2025 5:59:54 PM,BPD454,8M5CL,8M5CL,01/15/2026 4:52:48 PM,8M5CL,D1D,1,6156516
D505EE9,253,GL7EF253JKE7,0,0,0,0,0,0,1.4851422696,0,0,0,0,0,0,0,0,0,2.328523125,0.8518992348,0.6996935123,5.3652561644,D505EE90,X78D,09/03/2025 5:59:54 PM,BPD454,8M5CL,8M5CL,01/15/2026 4:52:56 PM,8M5CL,D1D,2,6156473
D505EE9,254,GL7EF254JKB6,0,0,0,0,0,0,0,0,0,0,0,0,0,0,0,12.164699794,0,0.8303851123,0,12.995084907,D505EE90,X78D,09/03/2025 5:59:54 PM,BPD454,8M5CL,8M5CL,01/15/2026 4:53:16 PM,8M5CL,D1D,3,6156420
D505EE9,255,GL7EF255JKG0,0,0,0,0,0,0,11.052310521,0,0,0,0,0,0,0,0,0,0,0.880092144,0,11.932402665,D505EE90,X78D,09/03/2025 5:59:54 PM,BPD454,8M5CL,8M5CL,01/15/2026 4:53:05 PM,8M5CL,D1D,4,6156512
D505EE9,256,GL7EF256JKC7,5.6521055268,0,0,0,0,0,3.0608124143,0,0,0,0,0,0,0,0,0,0,0,0,8.7129199188,D505EE90,X78D,09/03/2025 5:59:54 PM,BPD454,8M5CL,8M5CL,01/15/2026 4:53:45 PM,8M5CL,D1D,5,6156493
D505EE9,257,GL7EF257JKH1,0,0,0,0,0,0,0,3.9045122892,0,0,0,0,0,0,0,1.6915587369,0.9041089119,0,0,6.5001799379,D505EE90,X78D,09/03/2025 5:59:54 PM,BPD454,8M5CL,8M5CL,01/15/2026 4:52:59 PM,8M5CL,D1D,6,6156497
D505EE9,258,GL7EF258JKE0,0,0,0,0,0,0,0,1.78355395,2.6907723341,0,0,0,0,0,0,8.7357319903,0,0,0,13.210058274,D505EE90,X78D,09/03/2025 5:59:54 PM,BPD454,8M5CL,8M5CL,01/15/2026 4:53:01 PM,8M5CL,D1D,7,6156489
D505EE9,297,GL7EF297JKD0,0.9489015878,0,0,0,0,0,4.4419927629,2.095337433,9.3027326834,0,0,0,0,0,0,0,0,0.956941451,0,17.429636367,D505EE90,X78D,09/03/2025 5:59:54 PM,BPD454,8M5CL,8M5CL,01/15/2026 4:53:24 PM,8M5CL,D1D,8,6156494
D505EE9,298,GL7EF298JKH2,0,0,0,0,0,0,1.0390003692,0,0,0,0,0,0,0,0,5.5888289737,0,0,0,6.6278293429,D505EE90,X78D,09/03/2025 5:59:54 PM,BPD454,8M5CL,8M5CL,01/15/2026 4:52:49 PM,8M5CL,D1D,9,6156488
D505EE9,299,GL7EF299JKE1,0,0,1.268659166,0,0,0,0,0,0,0,0,0,0,0,0,0,0,0,0,1.268659166,D505EE90,X78D,09/03/2025 5:59:54 PM,BPD454,8M5CL,8M5CL,01/15/2026 4:53:09 PM,8M5CL,D1D,10,6156495
D505EE9,300,GL7EF300JKF5,0,0,0,0,0,0,1.3078822118,0,0,0,0,0,0,0,0,0,0,2.1406780667,0,3.4485602785,D505EE90,X78D,09/03/2025 5:59:54 PM,BPD454,8M5CL,8M5CL,01/15/2026 4:53:35 PM,8M5CL,D1D,11,6156468
D505EE9,301,GL7EF301JKC4,0,0,0,0,0,0,0.4461649497,6.8562968382,0,0,0,0,0,0,0,0,0,0,0,7.3024617879,D505EE90,X78D,09/03/2025 5:59:54 PM,BPD454,8M5CL,8M5CL,01/15/2026 4:53:22 PM,8M5CL,D1D,12,6156422
D505900,151,A10GU151SLF1,0,0,0,0,0,0,0.194031129,1.1976942178,2.4118553666,0,0,0,0,0,0,0,2.2776179888,1.7202785042,0,7.8014772064,D5059000,PNCB,09/24/2025 10:04:58 PM,BPD444,8M5CL,8M5CL,02/16/2026 12:49:51 PM,8M5CL,D1D,1,6189227
D505900,286,A10GU286SLC1,0,0,0,0,0,0,0,0,0,0,0,0,0,0,0,1.6069642934,0,1.8477326806,0,3.454696974,D5059000,PNCB,09/24/2025 10:04:58 PM,BPD444,8M5CL,8M5CL,02/16/2026 12:49:39 PM,8M5CL,D1D,2,6189214
D505900,289,A10GU289SLA1,0,0,0,0,0,0,0,0,0,0,0,0,0,0,0,0,0,3.7005029469,0,3.7005029469,D5059000,PNCB,09/24/2025 10:04:58 PM,BPD444,8M5CL,8M5CL,02/16/2026 12:49:38 PM,8M5CL,D1D,3,6189266
D505900,290,A10GU290SLD2,0,0,0,0,0,0,0,2.6445804151,0,0,0,0,0,0,0,2.1465617376,0,0,0,4.7911421527,D5059000,PNCB,09/24/2025 10:04:58 PM,BPD444,8M5CL,8M5CL,02/16/2026 12:49:41 PM,8M5CL,D1D,4,6189201
D505EE4,460,GN7TP460JDE2,0,0,0,0,0,0,0,1.6729267746,1.3593720335,0,0,0,0,0,0,1.4597510811,0,7.6078268379,0,11.646797542,D505EE40,X78D,09/25/2025 5:08:05 PM,BPD458,8M5CL,8M5CL,01/15/2026 4:45:42 PM,8M5CL,D1D,1,6159624
D505EE4,468,GN7TP468JDB3,0,0,0,0,0,0,0.8682885508,0,0.6308551313,0,0,0,0,0,0,1.4494475794,0,5.7930321169,0.4214903491,9.1631157051,D505EE40,X78D,09/25/2025 5:08:05 PM,BPD458,8M5CL,8M5CL,01/15/2026 4:45:24 PM,8M5CL,D1D,2,6159777
D506803,253,GH6JY253JKC0,0,0,0,0,0,0,0,0,3.0408968431,0,0,0,0,0,0,0,0,13.816371577,0,16.85726842,D5068030,PNCB,09/26/2025 12:24:27 PM,BPD450,8M5CL,8M5CL,02/16/2026 1:00:29 PM,8M5CL,D1D,1,6222122
D506803,331,GH6JY331JKF6,1.0725142941,0,0,0,0,0,0.5579708524,1.4964596514,1.886349666,0,0,0,0,0,0,0,0,1.1681119561,0,6.18140642,D5068030,PNCB,09/26/2025 12:24:27 PM,BPD450,8M5CL,8M5CL,02/16/2026 1:00:32 PM,8M5CL,D1D,2,6222156
D506803,332,GH6JY332JKC5,1.8252092549,0,0,0,0,0,0,1.2126949027,0.8948083798,0,0,0,0,0,0,0,5.7797715766,0,0,9.7124841141,D5068030,PNCB,09/26/2025 12:24:27 PM,BPD450,8M5CL,8M5CL,02/16/2026 1:00:18 PM,8M5CL,D1D,3,6222197
D506803,334,GH6JY334JKD6,0,0,0,0,0,0,0,0,0,0,0,0,0,0,0,0,0,0.7310178748,0,0.7310178748,D5068030,PNCB,09/26/2025 12:24:27 PM,BPD450,8M5CL,8M5CL,02/16/2026 1:00:33 PM,8M5CL,D1D,4,6222110
D504960,129,GN8TU129JDB3,0,0,0,0,0,0,0.5000647844,0,0,0,0,0,0,0,0,4.0695278573,0.7402970625,4.8186619302,0,10.128549494,D5049600,PNCB,10/01/2025 3:02:02 PM,BPD448,8M5CL,8M5CL,02/16/2026 12:47:11 PM,8M5CL,D1D,1,6144860
D504960,130,GN8TU130JDE4,0,0,0,0,0,0,0.4442569879,2.1391283058,2.413141006,0,0,0,0,0,0,0,0,7.7512970342,0.9500554807,13.69787669,D5049600,PNCB,10/01/2025 3:02:02 PM,BPD448,8M5CL,8M5CL,02/16/2026 12:47:08 PM,8M5CL,D1D,2,6144781
D504960,131,GN8TU131JDB3,0,0,0,0,0,0,0.1680080701,0,0,0,0,0,0,0,0,0,0,0,0,0.1680080701,D5049600,PNCB,10/01/2025 3:02:02 PM,BPD448,8M5CL,8M5CL,02/16/2026 12:47:12 PM,8M5CL,D1D,3,6144823
D504964,556,GG5BF556JKB0,0,0,0,0.4633484548,0,0,0,0,0,0,0,0,0,0,0,0,0,1.3013903215,0.5128791659,2.2776179422,D5049640,PNCB,09/29/2025 8:31:03 AM,BPD458,8M5CL,8M5CL,02/16/2026 12:55:56 PM,8M5CL,D1D,1,6145364
D504964,801,GG5BF801JKG2,0,0,0,0,0,0,0,0.5742237605,4.2771323261,0,0,0,0,0,0,0,0,0,0,4.8513560867,D5049640,PNCB,09/29/2025 8:31:03 AM,BPD458,8M5CL,8M5CL,02/16/2026 12:55:42 PM,8M5CL,D1D,2,6145451
D504964,802,GG5BF802JKD1,0,0,0,0.795194444,0,0,0,1.662281521,0,0,1.5160120694,0,0,0,0,0,0,1.1937883154,0,5.1672763499,D5049640,PNCB,09/29/2025 8:31:03 AM,BPD458,8M5CL,8M5CL,02/16/2026 12:55:52 PM,8M5CL,D1D,3,6145453
D506912,687,GL3KV687JKE1,0,0,0,0,0,0,0.4000261447,0,3.3970482689,0,0,0,0,0,0,4.1970705951,1.7264466476,3.4437844756,0,13.164373992,D506912C,PNCB,09/28/2025 11:15:24 PM,BPD436,8M5CL,8M5CL,02/16/2026 12:17:10 PM,8M5CL,D1D,1,6989364
D505908,298,GH0DR298JKC0,0,0,0,0,0,0,2.2117477065,0,0,0,0,0,0,0,0,1.9052259615,0,6.2621094957,0.7239265764,11.10300974,D5059080,PNCB,10/09/2025 3:44:04 PM,BPD444,8M5CL,8M5CL,02/16/2026 12:49:53 PM,8M5CL,D1D,1,6189211
D505908,299,GH0DR299JKG2,2.5708124032,0,0,0,0,0,0,0,1.389291905,0,0,0,0,0,0,0.7581508628,0,16.097668622,1.117095289,21.933021222,D5059080,PNCB,10/09/2025 3:44:04 PM,BPD444,8M5CL,8M5CL,02/16/2026 12:49:51 PM,8M5CL,D1D,2,6189256
D504E70,1,GG0CD001JKG1,0,0,0,0,0,0,0.4546338956,0,0,0,0,0,0,0,0,0,0.7528661539,2.2666126194,0.5855357602,4.059648429,D504E700,X78D,10/18/2025 8:21:37 PM,BPD454,8M5CL,8M5CL,01/15/2026 5:01:33 PM,8M5CL,D1D,1,6147060
D504E70,3,GG0CD003JKH2,0,0,0,0,0,0,0,0,0,0,0,0,0,0,0,0,0,11.44051569,0,11.44051569,D504E700,X78D,10/18/2025 8:21:37 PM,BPD454,8M5CL,8M5CL,01/15/2026 5:01:39 PM,8M5CL,D1D,2,6147163
D504E70,4,GG0CD004JKE1,2.0939227138,0,0,0,0,0,0,1.2591472419,0,0,0,0,0,0,0,2.0952516876,0.937401118,0,0,6.3857227613,D504E700,X78D,10/18/2025 8:21:37 PM,BPD454,8M5CL,8M5CL,01/15/2026 4:58:28 PM,8M5CL,D1D,3,6147064
D504E70,5,GG0CD005JKB0,0,0,0,0,0,0,0,3.8707729421,1.6010954462,0,0,0,0,0,0,0,0,1.9461886778,0,7.418057066,D504E700,X78D,10/18/2025 8:21:37 PM,BPD454,8M5CL,8M5CL,01/15/2026 5:01:47 PM,8M5CL,D1D,4,6147245
D504E6D,578,MC0EQ578WAE0,0.8663287101,0,0,0,0,0,0.3218588493,0,0.8851795697,0,0,0,0,0,0,3.3544206835,0,0.9239907446,0,6.3517765795,D504E6D0,X78D,11/22/2025 2:15:27 AM,BPD436,8M5CL,8M5CL,01/16/2026 10:26:02 AM,8M5CL,D1D,1,6140581
D504E6D,621,MC0EQ621WAC4,1.6745120914,0,0,0,0,0,0.7221106124,0,0,0,0,0,0,0,0,1.5061574358,0,4.0918751112,4.4870840172,11.353763866,D504E6D0,X78D,11/22/2025 2:15:27 AM,BPD436,8M5CL,8M5CL,01/16/2026 10:26:01 AM,8M5CL,D1D,2,6140591
D506883,174,MC0XB174WAF0,0,0,0,0,0,0,1.2595926745,1.6870150008,2.6223481215,0,0,0,0,0,0,16.162314325,0,0,0.7669248778,18.467079806,D5068830,PNCB,11/25/2025 7:17:35 AM,BPD448,8M5CL,8M5CL,02/16/2026 1:29:22 PM,8M5CL,D1D,1,6198723
D506883,221,MC0XB221WAF6,1.1683538021,0,0,0.4220876376,0,0,2.1358940857,0,1.5352470432,0,0,0,0,0,0,8.8374320883,0,9.5602413299,0,22.440153046,D5068830,PNCB,11/25/2025 7:17:35 AM,BPD448,8M5CL,8M5CL,02/16/2026 1:29:18 PM,8M5CL,D1D,2,6198728
D506883,223,MC0XB223WAG7,0,0,0,0,0,0,0.2708589722,4.8283165086,1.5463141735,0,0,0,0,0,0,0.8836454003,2.9081212424,2.003824761,0,12.441083198,D5068830,PNCB,11/25/2025 7:17:35 AM,BPD448,8M5CL,8M5CL,02/16/2026 1:29:31 PM,8M5CL,D1D,3,6198712
D506883,598,MC0WY598WAD5,0,0,0,0,0,0,0.0850700801,1.6774437668,0.5869351017,0,0,0,0,0,0,6.7592377765,0,13.872804592,0,22.564855754,D5068830,PNCB,11/25/2025 7:17:35 AM,BPD448,8M5CL,8M5CL,02/16/2026 1:29:51 PM,8M5CL,D1D,4,6198751
D506883,605,MC0WY605WAB1,0,0,0,0,0,0,0,1.1966283831,1.5118735893,0,0,0,0,0,0,3.149445038,1.6187909287,1.7975729176,0,9.2743108567,D5068830,PNCB,11/25/2025 7:17:35 AM,BPD448,8M5CL,8M5CL,02/16/2026 1:29:21 PM,8M5CL,D1D,5,6198715
D506883,644,MC0WY644WAA1,0,0,0,0,0,0,0.3085830455,0,1.3521195619,0,0,0,0,0,0,1.7393019043,1.4477384,3.2152567443,0,8.0629975309,D5068830,PNCB,11/25/2025 7:17:35 AM,BPD448,8M5CL,8M5CL,02/16/2026 1:29:16 PM,8M5CL,D1D,6,6198719
D506883,771,MC0WY771WAA0,0,0,0,0,0,0,0,1.0594524692,6.5663974476,0,0,0,0,0,0,6.5827659281,0.9641244762,36.536002303,0,50.584638081,D5068830,PNCB,11/25/2025 7:17:35 AM,BPD448,8M5CL,8M5CL,02/16/2026 1:29:27 PM,8M5CL,D1D,7,6198684
D505967,685,GM3PQ685JKB5,0,0,0,0,0,0,0,0,0.9000356399,0,0,0,0,0,0,0,6.1763801481,2.4295730519,0.46400024,9.9699868611,D5059670,PXMG,03/30/2026 9:43:36 AM,BPD450,8M5CL,8M5CL,04/08/2026 2:07:59 PM,8M5CL,D1D,1,6180631
D505967,686,GM3PQ686JKF7,0,0,0,0,0,0,0,4.2363814403,0,0,0,0,0,0,0,3.6817517747,0,0,0,7.918133215,D5059670,PXMG,03/30/2026 9:43:36 AM,BPD450,8M5CL,8M5CL,04/08/2026 2:08:02 PM,8M5CL,D1D,2,6180708
D530593,826,GP2SB826JKB4,0,0,0,0,0,0,0,0,0,0,0,0,0,0,0,2.35073248,0,6.5367257106,0,8.8874581906,D5305930,PNCB,10/18/2025 2:49:07 PM,BPD448,8M5CL,8M5CL,02/15/2026 1:52:45 AM,8M5CL,D1D,1,7069703
D530593,827,GP2SB827JKF6,0,0,0,0,0,0,1.0132256373,0,0.5924157172,0,0,0,0,0,0,0,0,0,0,1.6056413544,D5305930,PNCB,10/18/2025 2:49:07 PM,BPD448,8M5CL,8M5CL,02/15/2026 1:50:49 AM,8M5CL,D1D,2,7069755
D530592,279,KHX3B279WFF5,0,0,0,0,0,0,0.7644902246,0,0.5924157172,0,0,0,0,0,0,0,0,3.1356512544,0.7103424007,5.2028995969,D5305920,PNCB,10/19/2025 6:07:58 PM,BPD432,8M5CL,8M5CL,02/15/2026 1:55:51 AM,8M5CL,D1D,1,7069138
D530592,298,KHX3B298WFD0,0,0,0,0,0,0,0,0,3.1647230086,0,0,0,0,0,0,6.7933533607,0,0,0,9.9580763693,D5305920,PNCB,10/19/2025 6:07:58 PM,BPD432,8M5CL,8M5CL,02/15/2026 1:53:43 AM,8M5CL,D1D,2,7069243
D530985,2,A11J4002SLB0,0,0,0,0,0,0,0,0,0,0,0,0,0,0,0,7.1095547174,0,1.0496056649,0,8.1591603823,D5309850,PNCB,10/31/2025 7:50:04 PM,BPD432,8M5CL,8M5CL,02/23/2026 1:12:29 PM,8M5CL,D1D,1,7101541
D530985,5,A11J4005SLG3,0,0,0,0,0,0,0,1.3998004353,0,0,0,0,0,0,0,0,0,7.4878649959,0,8.8876675714,D5309850,PNCB,10/31/2025 7:50:04 PM,BPD432,8M5CL,8M5CL,02/23/2026 2:05:02 PM,8M5CL,D1D,2,7101519
D532248,769,GP7XK769JKB7,0,0,0,0,0,0,0,1.8465627867,0.8498447449,0,0,0,0,0,0,7.153980525,0,4.9636668062,0,13.794397834,D5322480,PNCB,10/30/2025 1:56:09 AM,BPD432,8M5CL,8M5CL,02/14/2026 7:07:12 PM,8M5CL,D1D,1,7141084
D532248,770,GP7XK770JKF0,0,0,0,0,0,0,0,0,0,0,0,0,0,0,0,0,0,1.5878388257,0,1.5878388257,D5322480,PNCB,10/30/2025 1:56:09 AM,BPD432,8M5CL,8M5CL,02/14/2026 7:06:07 PM,8M5CL,D1D,2,7140938
D532249,661,GP7XK661JKF5,0,0,0,0,0,0,0,8.5000825847,0,0,0,0,0,0,0,0,0,0,0,7.4749123227,D5322490,PNCB,10/26/2025 5:13:16 PM,BPD448,8M5CL,8M5CL,02/14/2026 7:06:05 PM,8M5CL,D1D,1,7140895
D532249,662,GP7XK662JKC4,0,0,0,0,0,0,0,0,0,0,0,0,0,0,0,0,0,1.1032568518,0,1.1032568518,D5322490,PNCB,10/26/2025 5:13:16 PM,BPD448,8M5CL,8M5CL,02/14/2026 7:04:35 PM,8M5CL,D1D,2,7140838
D530645,52,GP1WY052JKB5,0,0,0,0,0,0,0.2774412873,0,0.6712911373,0,0,0,0,0,0,0,0,9.4190321904,0,10.367764615,D5306450X,PXMG,11/26/2025 11:12:10 AM,BPD454,8M5CL,8M5CL,03/01/2026 2:39:12 AM,8M5CL,D1D,1,7720290
D530645,53,GP1WY053JKF7,0,0,0,0,0,0,0,0,0,0,0,0,0,0,0,0,0,11.30503063,0,11.30503063,D5306450X,PXMG,11/26/2025 11:12:10 AM,BPD454,8M5CL,8M5CL,03/01/2026 3:08:38 AM,8M5CL,D1D,2,7720287
D530645,56,GP1WY056JKD7,0,0,0,0,0,0,0,0.7898175388,0,0,0,0,0,0,0,1.4162557963,0,12.850813005,0,15.056888539,D5306450X,PXMG,11/26/2025 11:12:10 AM,BPD454,8M5CL,8M5CL,02/28/2026 4:52:25 PM,8M5CL,D1D,3,7720221
D530645,57,GP1WY057JKA6,0,0,0,0,0,0,3.0813264409,2.5657407891,1.8821464434,0,0,0,0,0,0,0,0,6.5270411369,0,14.05625481,D5306450X,PXMG,11/26/2025 11:12:10 AM,BPD454,8M5CL,8M5CL,02/15/2026 12:25:59 AM,8M5CL,D1D,4,7720293
D531220,124,KHYJW124WFE5,1.172737317,0,0,0,0,0,2.1137966994,0,6.7047545045,0,0,0,0,0,0,1.7587650981,0,4.1791887954,0,15.906177104,D5312200,PXMG,11/26/2025 5:48:12 AM,BPD448,8M5CL,8M5CL,02/14/2026 8:22:09 PM,8M5CL,D1D,1,7125944
D531220,125,KHYJW125WFB4,0,0,0,0,0,0,3.30267556,4.6867687355,5.661693081,0,0,0,0,0,0,3.5742988231,0,2.2230317193,0,19.184778825,D5312200,PXMG,11/26/2025 5:48:12 AM,BPD448,8M5CL,8M5CL,02/14/2026 8:20:59 PM,8M5CL,D1D,2,7126068
D530645,49,GP1WY049JKE6,0,0,0,0,0,0,0,0,0,0,0,0,0,0,0,5.6595009783,0,3.7628329642,0.3416285496,9.36775103,D5306450,PXMG,11/26/2025 1:16:05 AM,BPD444,8M5CL,8M5CL,03/01/2026 9:45:14 AM,8M5CL,D1D,1,7090115
D530645,51,GP1WY051JKE6,0,0,0,0,0,0,0,0,0,0,0,0,0,0,0,1.7232855624,0,1.592824392,0,3.3161099544,D5306450,PXMG,11/26/2025 1:16:05 AM,BPD444,8M5CL,8M5CL,03/02/2026 2:49:44 PM,8M5CL,D1D,2,7090053
D532278,506,KJ09Y506WFG6,1.186121128,0,0,0,0,0,0.2146302481,0,2.7034124787,0,1.6338653262,0,0,0,0,5.3672033635,0.9263101501,4.9075503741,0,16.939093069,D5322780,PNCB,11/28/2025 6:30:55 PM,BPD458,8M5CL,8M5CL,02/14/2026 6:41:14 PM,8M5CL,D1D,1,7148713
D532278,536,KJ09Y536WFF4,0,0,0,0,0,0,0,0.8603846631,0,0,0,0,0,0,0,1.5427898492,0.9263101501,2.2062756977,0,5.5357603601,D5322780,PNCB,11/28/2025 6:30:55 PM,BPD458,8M5CL,8M5CL,02/14/2026 6:39:56 PM,8M5CL,D1D,2,7148672
D530640,132,GP3CE132JKB6,0,0,0,0,0,0,0,5.0699478557,0,0,0,0,0,0,0,3.3348550498,0,1.7762488144,0.3684159909,10.122192074,D5306400Q,PXMG,11/25/2025 5:27:43 PM,BPD450,8M5CL,8M5CL,02/18/2026 5:18:34 AM,8M5CL,D1D,1,7714973
D530640,133,GP3CE133JKG0,0,0,0,0,0,0,0,4.6934737297,0,0,0,0,0,0,0,0,0,3.6020395716,0,8.2955133013,D5306400Q,PXMG,11/25/2025 5:27:43 PM,BPD450,8M5CL,8M5CL,02/19/2026 3:54:08 AM,8M5CL,D1D,2,7714922
D530640,136,GP3CE136JKE0,0,0,0,0,0,0,0.3218367316,0,0,0,0,0,0,0,0,0,0,1.0961586395,0,1.417995371,D5306400Q,PXMG,11/25/2025 5:27:43 PM,BPD450,8M5CL,8M5CL,02/19/2026 6:58:40 AM,8M5CL,D1D,3,7715017
D530640,137,GP3CE137JKA7,0,0,0,0,0,0,1.311605133,5.0300835179,0,0.8705332218,0,0,0,0,0,6.5799932848,0,2.8520342777,1.3758572594,17.522561515,D5306400Q,PXMG,11/25/2025 5:27:43 PM,BPD450,8M5CL,8M5CL,02/19/2026 7:08:05 AM,8M5CL,D1D,4,7715042
D531199,12,KHYXQ012WFC6,0,0,0,0,0,0,0.1551300461,6.473613177,0,0,0,0,0,1.8931697929,0,14.306533618,0,0,0,21.843849499,D5311990P,PXMG,11/25/2025 6:10:09 PM,BPD458,8M5CL,8M5CL,02/14/2026 9:23:00 PM,8M5CL,D1D,1,7715775
D531199,14,KHYXQ014WFD7,0,0,0,0,0,0,0.6315844079,2.000854091,2.5221635319,0,0,0,0,0,0,6.6303904311,0,25.844526251,0,36.137612306,D5311990P,PXMG,11/25/2025 6:10:09 PM,BPD458,8M5CL,8M5CL,02/14/2026 9:22:10 PM,8M5CL,D1D,2,7715852
D531199,31,KHYXQ031WFA1,0,0,0,0,0,0,0,0,4.3349207276,0,0,0,0,0,0,0,0,17.264423677,0,21.599346624,D5311990P,PXMG,11/25/2025 6:10:09 PM,BPD458,8M5CL,8M5CL,02/14/2026 9:21:39 PM,8M5CL,D1D,3,7715776
D531199,32,KHYXQ032WFE3,0,0,0,0,0,0,0,4.6526060487,0,0,0,0,0,0,0,0,0,3.6346007209,0,8.2872067696,D5311990P,PXMG,11/25/2025 6:10:09 PM,BPD458,8M5CL,8M5CL,02/14/2026 9:20:54 PM,8M5CL,D1D,4,7715856
D530640,130,GP3CE130JKA5,0,0,0,0,0,0,0,0.9320866071,0,0,0,0,0,0,0,0,2.2211885026,3.1861488949,0,6.3394240047,D5306400,PXMG,11/24/2025 7:35:55 AM,BPD448,8M5CL,8M5CL,02/18/2026 6:38:11 AM,8M5CL,D1D,1,7072460
D530640,131,GP3CE131JKE7,0,0,0,0,0,0,0,22.57726847,0,0,1.6614141305,0,0,0,0,1.8088308156,1.5056128745,3.3423907803,0,29.86746086,D5306400,PXMG,11/24/2025 7:35:55 AM,BPD448,8M5CL,8M5CL,02/17/2026 12:41:31 PM,8M5CL,D1D,2,7072488
D531199,8,KHYXQ008WFB5,0,0,0,0,0,0,0.6764328893,1.6040177144,6.0026854289,0,0,0,0,0,0,1.6110507867,1.4596901859,1.1519459895,0,12.505825194,D5311990,PXMG,11/25/2025 4:24:41 AM,BPD446,8M5CL,8M5CL,02/14/2026 9:22:13 PM,8M5CL,D1D,1,7119881
D531199,9,KHYXQ009WFF7,2.2393304907,0,0,0,0,0,0,0,8.0599377021,0,0,0,0,0,0,4.2067248778,0,3.0079265014,0,17.513921791,D5311990,PXMG,11/25/2025 4:24:41 AM,BPD446,8M5CL,8M5CL,02/14/2026 9:19:41 PM,8M5CL,D1D,2,7119739
D532313,152,GQ5EV152JKF0,0,0,0,0,0,0,0,0,2.2356746963,0,0,0,0,0,0,1.2775846348,0,1.3338052291,1.2868894906,6.1339540508,D5323130,PXMG,11/24/2025 9:52:28 PM,BPD432,8M5CL,8M5CL,03/26/2026 2:45:44 AM,8M5CL,D1D,1,7153842
D532313,158,GQ5EV158JKB0,0,0,0,0,0,0,0,0,0,0,0,0,0,0,0,3.784705573,0,6.5376717542,0,10.322377327,D5323130,PXMG,11/24/2025 9:52:28 PM,BPD432,8M5CL,8M5CL,03/26/2026 8:14:45 AM,8M5CL,D1D,2,7153779
D532314,8,MCCYL008WAE2,0,0,0,0,0,0,0.5492240083,0.7914053681,0.5839517272,0,0,0,0,0,0,1.7863563817,0,28.480707805,0,31.839492455,D5323140,PXMG,11/29/2025 10:32:54 PM,BPD450,8M5CL,8M5CL,02/14/2026 5:07:18 PM,8M5CL,D1D,1,7155918
D532314,10,MCCYL010WAE2,0.6583245975,0,0,0,0,0,0,1.2313044679,0.7115344738,0,0,0,0,0,0,2.473407055,0,1.9207324868,0.853172369,7.8484754501,D5323140,PXMG,11/29/2025 10:32:54 PM,BPD450,8M5CL,8M5CL,02/14/2026 5:03:52 PM,8M5CL,D1D,2,7155904
D530647,264,GP1WY264JKF4,0,0,2.6247434646,0,0,0,3.9615066306,0,0,0,0,0,0,0,0,0,0,3.5880148639,6.3750643955,16.549327155,D5306470,PXMG,11/30/2025 10:37:08 AM,BPD450,8M5CL,8M5CL,02/15/2026 12:06:23 AM,8M5CL,D1D,1,7089894
D530647,265,GP1WY265JKC3,0,0,0,0,0,0,0.2274750255,0,0,0,0,0,0,0,0,2.0367717738,0,6.3792028936,2.0516061851,10.695055878,D5306470,PXMG,11/30/2025 10:37:08 AM,BPD450,8M5CL,8M5CL,02/15/2026 12:04:52 AM,8M5CL,D1D,2,7089729
D531195,510,GQ0VB510JKB6,0,0,0,0,0,0,0,6.4140189952,8.5505511234,0,0,0,0,0,0,16.148963246,3.0880685451,1.7247279311,0,35.332848939,D5311950,PXMG,11/30/2025 12:49:13 PM,BPD454,8M5CL,8M5CL,02/17/2026 12:53:46 PM,8M5CL,D1D,1,7119850
D531195,511,GQ0VB511JKG0,0,0,1.4918656396,0,0,0,0,1.2481828106,0,0,0,0,0,0,0,0,0,3.1694298867,0,5.9094805557,D5311950,PXMG,11/30/2025 12:49:13 PM,BPD454,8M5CL,8M5CL,02/17/2026 12:53:54 PM,8M5CL,D1D,2,7120022
D530647,266,GP1WY266JKG5,3.6220762222,0,1.4212106155,0,0,0,0.5789881111,1.5528289117,0,0,0,0,0,0,0,2.4514589432,0,2.9619262807,2.7772608497,15.365747735,D5306470J,PXMG,11/30/2025 7:24:26 PM,BPD436,8M5CL,8M5CL,02/16/2026 1:56:16 PM,8M5CL,D1D,1,7739405
D530647,276,GP1WY276JKD6,0,0,0,0,0,0,0,1.9242864095,0,0,0,0,0,0,0,2.7853033592,0,5.3611803864,0,10.070772354,D5306470J,PXMG,11/30/2025 7:24:26 PM,BPD436,8M5CL,8M5CL,02/15/2026 12:05:57 AM,8M5CL,D1D,2,7739389
D530647,279,GP1WY279JKB6,32.201464449,0,2.9019401128,0,0,0,0,0,0,0.5451856938,0,0,0,0,0,38.089012884,0,9.4206987404,19.945061264,82.996130658,D5306470J,PXMG,11/30/2025 7:24:26 PM,BPD436,8M5CL,8M5CL,02/15/2026 12:05:31 AM,8M5CL,D1D,3,7739279
D530647,280,GP1WY280JKE7,0.853812339,0,0,0,0,0,0,1.3345639564,0,0,0,0,0,0,0,9.8360045302,1.0841157677,10.304205258,0.3549062463,23.249331367,D5306470J,PXMG,11/30/2025 7:24:26 PM,BPD436,8M5CL,8M5CL,02/15/2026 12:05:16 AM,8M5CL,D1D,4,7739411
D530647,283,GP1WY283JKC7,13.764285817,0,0,0,0,0,0,2.4902530272,3.8050242842,0,0,0,0,0,0,21.891848111,2.4971821128,1.9453402369,13.569707863,42.228412698,D5306470J,PXMG,11/30/2025 7:24:26 PM,BPD436,8M5CL,8M5CL,02/15/2026 12:04:49 AM,8M5CL,D1D,5,7739356
D530647,284,GP1WY284JKH1,0,0,0,0,0,0,0,1.6153392455,0,0,0,0,0,0,0,2.6253064622,0,0,0,4.2406435085,D5306470J,PXMG,11/30/2025 7:24:26 PM,BPD436,8M5CL,8M5CL,02/18/2026 10:16:18 PM,8M5CL,D1D,6,7739352
D530646,126,GP1WY126JKE2,2.693220254,0,0,0,0,0,0,1.185558709,0,0,0,0,0,0,0,1.7091971129,0.5818360875,13.015577788,2.2831930181,17.75173181,D5306460,PXMG,12/02/2025 12:47:39 PM,BPD436,8M5CL,8M5CL,03/01/2026 12:23:33 AM,8M5CL,D1D,1,7090081
D530646,127,GP1WY127JKB1,0,0,0,0,0,0,0,1.8262345132,0,0,0,0,0,0,0,0,0,2.421075326,0,4.2473098392,D5306460,PXMG,12/02/2025 12:47:39 PM,BPD436,8M5CL,8M5CL,03/01/2026 2:48:24 AM,8M5CL,D1D,2,7089822
D530644,158,GP1WY158JKE1,0.5949961578,0,0,0,0,0,0,0,0,0,0,0,0,0,0,1.8045042594,1.0127250256,7.8156610436,0,11.227886486,D5306440W,PXMG,12/03/2025 1:21:00 AM,BPD454,8M5CL,8M5CL,02/28/2026 10:48:43 AM,8M5CL,D1D,1,7749494
D530644,160,GP1WY160JKE1,0,0,0,0,0,0,0.2950459602,10.861513561,4.5914526273,0,0,0,0,0,0,1.8292035824,1.6573485473,4.1488836871,1.2619262624,24.645374228,D5306440W,PXMG,12/03/2025 1:21:00 AM,BPD454,8M5CL,8M5CL,02/28/2026 5:01:51 AM,8M5CL,D1D,2,7749476
D530644,164,GP1WY164JKG3,0,0,0,0,0,0,0,5.38134274,0,0,0,0,0,0,0,5.8899297534,1.0262391686,4.2353720031,0.8038353008,17.336721165,D5306440W,PXMG,12/03/2025 1:21:00 AM,BPD454,8M5CL,8M5CL,02/28/2026 7:52:09 PM,8M5CL,D1D,3,7749562
D530644,165,GP1WY165JKD2,0,0,0,0,0,0,0,7.74603437,0,0,0,0,0,0,0,9.517464098,0,3.1246981239,0,20.388196592,D5306440W,PXMG,12/03/2025 1:21:00 AM,BPD454,8M5CL,8M5CL,02/28/2026 7:39:11 AM,8M5CL,D1D,4,7749553
D530644,156,GP1WY156JKD0,0,0,0,0,0,0,0,1.6410502049,0,0,0,0,0,0,0,0,1.8033518735,13.19292425,0,16.637326328,D5306440,PXMG,12/02/2025 12:30:38 PM,BPD436,8M5CL,8M5CL,02/28/2026 3:46:00 PM,8M5CL,D1D,1,7089962
D530644,157,GP1WY157JKH2,0,0,0,0,0,0,0,0,0,0,0,0,0,0,0,1.7232855624,0,3.3772647374,0,5.1005502998,D5306440,PXMG,12/02/2025 12:30:38 PM,BPD436,8M5CL,8M5CL,02/28/2026 7:46:21 AM,8M5CL,D1D,2,7089966
D530646,128,GP1WY128JKF3,5.6283931499,0,0,0,0,0,0.4400244548,1.4991330101,0,0,0,0,0,0,0,1.4355252708,0,6.382970554,1.8345982436,17.220644683,D5306460J,PXMG,12/03/2025 12:37:57 AM,BPD450,8M5CL,8M5CL,03/01/2026 3:03:43 AM,8M5CL,D1D,1,7745504
D530646,129,GP1WY129JKC2,20.633015409,0,1.2127563904,0,0,0,0,0,0,0,0,0,0,1.4820100526,0,0,0.8725078892,3.4055535116,9.4220810075,33.640644188,D5306460J,PXMG,12/03/2025 12:37:57 AM,BPD450,8M5CL,8M5CL,03/02/2026 10:42:17 AM,8M5CL,D1D,2,7745438
D530646,173,GP1WY173JKG5,11.065550071,0,0,0,0,0,0,0,0,0,0,0,0,0,0,4.8883334625,0,2.2893428248,7.5577997571,25.801026115,D5306460J,PXMG,12/03/2025 12:37:57 AM,BPD450,8M5CL,8M5CL,02/28/2026 9:58:49 PM,8M5CL,D1D,3,7745436
D530646,174,GP1WY174JKD4,5.5517506953,0,0,0,0,0,0,0,0.7361942111,0,0,0,0,0,0,0,18.378480156,0.9974427181,1.2009905628,26.864853945,D5306460J,PXMG,12/03/2025 12:37:57 AM,BPD450,8M5CL,8M5CL,03/02/2026 12:16:02 PM,8M5CL,D1D,4,7745439
D532323,92,GQ4EF092JKB2,0,0,0,0,0,0,0,0,0,0,0,0,0,0,0,0,0,3.839254768,0,3.839254768,D5323230,PXMG,12/31/2025 10:12:02 PM,BPD432,8M5CL,8M5CL,02/19/2026 6:55:34 PM,8M5CL,D1D,1,7156564
D532323,93,GQ4EF093JKF4,0,0,0,0,0,0,0,1.6878347362,2.1275887233,0,0,0,0,0,0,5.5931122174,18.159558148,3.9503797716,0.9809881274,32.499463943,D5323230,PXMG,12/31/2025 10:12:02 PM,BPD432,8M5CL,8M5CL,03/11/2026 6:52:26 PM,8M5CL,D1D,2,7156528
D530636,486,KHX3E486WFE1,0,0,0,0,0,0,0.5004367425,4.0041449063,0,0,0,0,0,0,0,0,0,6.7100502013,0,11.21463185,D5306360,PXMG,12/11/2025 11:05:58 PM,BPD454,8M5CL,8M5CL,02/15/2026 1:07:41 AM,8M5CL,D1D,1,7069975
D530636,598,KHX3P598WFF5,0.6577835919,0,0,0,0,0,0.2879271187,1.8101694233,0,0,0,0,0,0,0,0,0,17.829962094,0,20.585842228,D5306360,PXMG,12/11/2025 11:05:58 PM,BPD454,8M5CL,8M5CL,02/15/2026 1:04:47 AM,8M5CL,D1D,2,7069837
D531203,336,MCE3Q336WAB4,0,0,0,0,0,0,0.097389798,0,1.5979478959,0,0,0,0,0,0,4.1110484851,0,9.467533559,0.8783687134,16.152290651,D5312030,PXMG,12/12/2025 2:20:55 AM,BPD436,8M5CL,8M5CL,02/21/2026 4:21:37 AM,8M5CL,D1D,1,7123879
D531203,342,MCE3Q342WAD6,0,0,0,0,0,0,0.1983819013,0,0,0,0,0,0,0,0,0,0,2.7896050132,1.0588842359,4.0468689513,D5312030,PXMG,12/12/2025 2:20:55 AM,BPD436,8M5CL,8M5CL,02/27/2026 5:47:27 PM,8M5CL,D1D,2,7123961
D530636,639,KHXLP639WFF3,0,0,0,0,0,0,7.7012826386,10.479522043,3.7121084186,0,0,0,0,0,0,0,0,0,0,21.892910882,D5306360Q,PXMG,12/12/2025 4:51:07 AM,BPD446,8M5CL,8M5CL,02/15/2026 1:08:12 AM,8M5CL,D1D,1,7791860
D530636,647,KHXLP647WFB3,0,0,0,0,0,0,0.4373222618,0,0,0,0,0,0,0,0,0,1.1448300514,3.1084503832,0,4.6906026964,D5306360Q,PXMG,12/12/2025 4:51:07 AM,BPD446,8M5CL,8M5CL,02/15/2026 1:07:45 AM,8M5CL,D1D,2,7791854
D530636,696,KHXLP696WFE7,0,0,0,0,0,0,0.645056766,0,0.7747397578,0,0,0,0,0,0,5.8488441196,0,12.056834562,0,19.325475205,D5306360Q,PXMG,12/12/2025 4:51:07 AM,BPD446,8M5CL,8M5CL,02/15/2026 1:07:21 AM,8M5CL,D1D,3,7791906
D530636,697,KHX3P697WFA4,0,0,0,0,0,0,0.6815309293,3.2322154344,2.0371733635,0,0,0,0,0,0,2.6205233871,0.8920637524,8.0764894084,0,17.539998494,D5306360Q,PXMG,12/12/2025 4:51:07 AM,BPD446,8M5CL,8M5CL,02/15/2026 1:06:17 AM,8M5CL,D1D,4,7791873
D531197,27,A1YYF027SLD1,0,0,0,0,0,0,0.7044947577,0,0,0,0,0,0,2.3201964478,0,1.8058776894,0.6147472349,0,0.7716889167,6.2170050466,D5311970,PXMG,12/07/2025 6:05:01 PM,BPD454,8M5CL,8M5CL,02/17/2026 12:50:08 PM,8M5CL,D1D,1,7119619
D531197,30,A1YYF030SLA0,0,0,0,0,0,0,0.5666285531,5.5097809792,0,0,0,0,0,0,0,3.9254659836,0,2.3705720141,0,12.372445331,D5311970,PXMG,12/07/2025 6:05:01 PM,BPD454,8M5CL,8M5CL,02/17/2026 12:50:21 PM,8M5CL,D1D,2,7119628
D530635,29,KHXLT029WFA2,0,0,0,0,0,0,0,1.3441205828,0,0,0,0,0,0,0,0,0,4.6205197544,1.512486492,7.477129048,D5306350,PXMG,12/08/2025 3:01:59 AM,BPD442,8M5CL,8M5CL,02/17/2026 12:50:20 PM,8M5CL,D1D,1,7070374
D530635,42,KHXLT042WFB5,0,0,0,0,0,0,0,0,0,0,0,0,0,0,0,2.5391810158,1.0656490047,1.5069841884,0,5.1118164081,D5306350,PXMG,12/08/2025 3:01:59 AM,BPD442,8M5CL,8M5CL,02/17/2026 12:50:08 PM,8M5CL,D1D,2,7070386
D531201,260,KHYXL260WFF6,1.8342089835,0,0,0,0,0,1.1069633563,0,1.1671205357,0,0,0,0,0,0,1.7081260978,0,10.692996926,0,16.166191855,D5312010,PXMG,12/08/2025 7:24:58 PM,BPD444,8M5CL,8M5CL,02/17/2026 12:50:08 PM,8M5CL,D1D,1,7120032
D531201,351,KHYXL351WFE5,0,0,0,0,0,0,0.9241288006,0,0,0,0,0,0,0,0,3.836197404,0,19.022392386,0,23.782716372,D5312010,PXMG,12/08/2025 7:24:58 PM,BPD444,8M5CL,8M5CL,02/17/2026 12:50:16 PM,8M5CL,D1D,2,7119903
D530648,368,GP2EG368JKH0,0,0,0,0,0,0,0.2221201698,0,1.3278827576,0,0,0,0,0,0,0,0,4.245486168,0.7299176669,6.5254067623,D5306480,PXMG,12/13/2025 3:06:04 PM,BPD442,8M5CL,8M5CL,03/08/2026 9:47:09 AM,8M5CL,D1D,1,7089855
D530648,369,GP2EG369JKD7,0,0,0,0,0,0,0.3297339521,0,2.5630428166,0,0,0,0,0,0,1.9396358887,0,15.621487108,0.794182375,20.8307373,D5306480,PXMG,12/13/2025 3:06:04 PM,BPD442,8M5CL,8M5CL,03/08/2026 9:32:58 AM,8M5CL,D1D,2,7089745
D531196,536,GQ0VB536JKG6,8.3481974495,0,0,0,0,0,0.9570520345,1.2905379794,0,0,0,0,0,0,0,11.825653648,0,10.673472343,0.7500734229,31.47050247,D5311960,PXMG,12/07/2025 12:10:35 AM,BPD444,8M5CL,8M5CL,02/17/2026 12:50:33 PM,8M5CL,D1D,1,7119556
D531196,537,GQ0VB537JKD5,0,0,0,0,0,0,0.2538224132,0,5.912464744,0,0,0,0,0,0,0.7310706744,0,1.6578331044,0,8.5551909361,D5311960,PXMG,12/07/2025 12:10:35 AM,BPD444,8M5CL,8M5CL,02/17/2026 12:50:20 PM,8M5CL,D1D,2,7119668
D531221,60,KHZ0G060WFF4,0.7549886563,0,0,0,0,0,1.7574763612,1.0534213993,0,0,0,0,0,2.0183927876,0,0.7246395638,0,0,1.1853739754,7.4942927437,D5312210,PXMG,12/07/2025 10:41:55 AM,BPD436,8M5CL,8M5CL,03/03/2026 5:25:08 AM,8M5CL,D1D,1,7125894
D531221,66,KHZ0G066WFB4,1.670429446,0,0,0,0,0,0,0,0.7209228996,0,0,0,0,0,0,4.0654038898,0,2.3424771114,0,8.7992333468,D5312210,PXMG,12/07/2025 10:41:55 AM,BPD436,8M5CL,8M5CL,03/03/2026 12:31:37 AM,8M5CL,D1D,2,7125912
D531232,21,KHYXQ021WFD0,0,0,0,0,0,0,0.2309207091,1.9813812446,0.6296548642,0,0,0,0,0,0,0,0,15.713384578,0,18.555339177,D5312320,PXMG,12/12/2025 10:44:07 AM,BPD448,8M5CL,8M5CL,02/17/2026 12:47:04 PM,8M5CL,D1D,1,7128134
D531232,51,KHYXQ051WFB6,0,0,0,0,0,0,0,0,0,0,0,0,0,0,0,2.7907153088,0,16.487148005,0,19.277863314,D5312320,PXMG,12/12/2025 10:44:07 AM,BPD448,8M5CL,8M5CL,02/17/2026 12:47:10 PM,8M5CL,D1D,2,7128142
D531205,654,GQ0VB654JKG3,0,0,0,0,0,0,0,1.6492884441,0,0,0,0,0,0,0,1.3229059463,1.1986176156,3.7034249854,0,7.8742391906,D5312050,PXMG,12/18/2025 7:26:12 PM,BPD454,8M5CL,8M5CL,03/15/2026 4:01:00 AM,8M5CL,D1D,1,7123360
D531205,655,GQ0VB655JKD2,0,0,0,0,0,0,0.5512871941,1.5228745736,0,0,0,0,0,0,0,2.469345959,0.8406003706,0,0,5.3841103162,D5312050,PXMG,12/18/2025 7:26:12 PM,BPD454,8M5CL,8M5CL,02/17/2026 12:43:09 PM,8M5CL,D1D,2,7123359
D531205,663,GQ0VB663JKG5,0,0,0,0,0,0,0.3393099795,1.4207154897,5.1069491096,0,0,0,0,0,0,4.2582947585,0,2.6676247508,0,13.324769234,D5312050,PXMG,12/18/2025 7:26:12 PM,BPD454,8M5CL,8M5CL,03/21/2026 2:58:56 PM,8M5CL,D1D,3,7123366
D531205,677,GQ0VB677JKG0,0,0,0,0,0,0,0.3790562619,0,0,0,0,0,0,0,0,0,0,3.001638628,0,3.3806948899,D5312050,PXMG,12/18/2025 7:26:12 PM,BPD454,8M5CL,8M5CL,03/14/2026 4:29:51 PM,8M5CL,D1D,4,7123346
D532331,327,KJ09W327WFG2,0,0,0,0,0,0,0,0,0,0,0,0,0,0,0,2.8507363222,0,1.6934902723,0,4.5442265945,D5323310,PXMG,12/16/2025 10:38:37 AM,BPD436,8M5CL,8M5CL,02/14/2026 4:10:32 PM,8M5CL,D1D,1,7160317
D532331,375,KJ09W375WFF4,0,0,0,0,0,0,0,0,0,0,0,0,0,0,0,0,0,2.05456153,0.6987482538,2.7533097838,D5323310,PXMG,12/16/2025 10:38:37 AM,BPD436,8M5CL,8M5CL,02/14/2026 4:09:25 PM,8M5CL,D1D,2,7160269
D532331,391,KJ09W391WFE7,2.6377762113,0,0,0,0,0,0.4884772405,0,0.6944261729,0,0,0,0,0,0,0,0,1.022629203,0,4.8433088277,D5323310,PXMG,12/16/2025 10:38:37 AM,BPD436,8M5CL,8M5CL,02/14/2026 4:09:07 PM,8M5CL,D1D,3,7160259
D532331,392,KJ09W392WFB6,0,0,0,0,0,0,0,0,0,0,0,0,0,0,0,1.3194333943,0,2.049223507,0,3.3686569013,D5323310,PXMG,12/16/2025 10:38:37 AM,BPD436,8M5CL,8M5CL,02/14/2026 4:08:58 PM,8M5CL,D1D,4,7160058
D532326,253,GQ8TY253JKB1,0,0,0,0,0,0,0.0835972105,0,0,0,0,0,0,0,0,2.3557959288,0,0,0,2.4393931393,D5323260,PXMG,12/16/2025 4:58:57 AM,BPD444,8M5CL,8M5CL,02/20/2026 9:22:08 AM,8M5CL,D1D,1,7159979
D532326,254,GQ8TY254JKF3,0,0,0,0,0,0,0.2271145748,0.7661760356,0,0,0,0,0,0,0,2.9703844409,0,7.0110384258,0,10.974711278,D5323260,PXMG,12/16/2025 4:58:57 AM,BPD444,8M5CL,8M5CL,02/20/2026 5:03:09 AM,8M5CL,D1D,2,7159948
D530648,370,GP2EG370JKH0,0,0,0,0,0,0,0,1.2586736314,0,0,0,0,0,0,0,4.028021725,0,4.248224184,0.9191750476,10.047469529,D5306480Q,PXMG,12/19/2025 12:06:23 PM,BPD442,8M5CL,8M5CL,03/07/2026 7:20:50 PM,8M5CL,D1D,1,7828224
D530648,371,GP2EG371JKD7,0,0,0,0,0,0,0,0,2.4136958387,0,0,0,0,0,0,0.7310706744,0,11.908233827,0,14.632076692,D5306480Q,PXMG,12/19/2025 12:06:23 PM,BPD442,8M5CL,8M5CL,03/08/2026 6:10:51 AM,8M5CL,D1D,2,7828161
D530648,376,GP2EG376JKD0,0,0,0,0,0,0,0.5055938891,2.1155076844,11.753605343,0,0,0,0,0,0,0.9327705613,0,17.018367982,0,32.325845459,D5306480Q,PXMG,12/19/2025 12:06:23 PM,BPD442,8M5CL,8M5CL,03/08/2026 4:30:11 AM,8M5CL,D1D,3,7828176
D530648,377,GP2EG377JKH2,0,0,0,0,0,0,0.6391288302,3.6247349341,0,0,0,0,0,0,0,0,0,0,0,4.2638637642,D5306480Q,PXMG,12/19/2025 12:06:23 PM,BPD442,8M5CL,8M5CL,03/11/2026 12:00:54 AM,8M5CL,D1D,4,7828175
D532333,19,KHZTT019WFB3,0,0,0,0,0,0,0,0,0,0,0,0,0,0,0,0,0,2.9662454887,0,2.9662454887,D5323330,PXMG,12/20/2025 2:26:27 PM,BPD436,8M5CL,8M5CL,03/11/2026 12:23:41 AM,8M5CL,D1D,1,7160172
D532333,22,KHZTT022WFF5,0,0,0,0,0,0,0,0,2.191540958,0,2.5551362815,0,0,0,0,0,0,0.8789668984,2.0607187756,7.6863629135,D5323330,PXMG,12/20/2025 2:26:27 PM,BPD436,8M5CL,8M5CL,03/10/2026 11:52:41 PM,8M5CL,D1D,2,7160348
D531202,331,KHZ0K331WFC4,1.8774272102,0,0,0,0,0,0,0,0,0,0,0,0,0,0,4.5471664082,0,0,0,6.4245936185,D5312020,PXMG,12/19/2025 12:58:47 PM,BPD454,8M5CL,8M5CL,03/29/2026 8:28:34 PM,8M5CL,D1D,1,7120065
D531202,347,KHZ0K347WFD0,0,0,0,0,0,0,0.66808766,1.7747311943,0,0,0,0,0,0,0,0,0,0,0,2.4428188544,D5312020,PXMG,12/19/2025 12:58:47 PM,BPD454,8M5CL,8M5CL,03/23/2026 1:05:00 AM,8M5CL,D1D,2,7120067
D532329,487,GQ8TY487JKA3,0,0,0,0,0,0,0,0,0,0,0,0,0,0,0,1.7570945303,0,2.6219455913,1.2121795213,5.5912218617,D5323290AF,PXMG,12/27/2025 5:33:09 AM,BPD454,8M5CL,8M5CL,03/11/2026 7:37:41 PM,8M5CL,D1D,1,7864683
D532329,489,GQ8TY489JKB4,1.773854797,0,0,0,0,0,0.3459350995,1.1785746762,3.8073339794,0,0,0,0,0,0,0,0,1.2806427923,0,8.3863413444,D5323290AF,PXMG,12/27/2025 5:33:09 AM,BPD454,8M5CL,8M5CL,03/11/2026 7:48:59 PM,8M5CL,D1D,2,7864656
D532329,492,GQ8TY492JKF6,0,0,0,0,0,0,0,2.2391164593,0,0,0,0,0,0,0,6.5705675315,0,0,0.4840504318,9.2937344226,D5323290AF,PXMG,12/27/2025 5:33:09 AM,BPD454,8M5CL,8M5CL,03/12/2026 9:22:44 PM,8M5CL,D1D,3,7864670
D532329,493,GQ8TY493JKC5,0,0,0,0,0,0,0.1180340783,0,0,0.673565698,0,0,0,0,0,3.5480867777,0,1.1033642552,0.8929556808,6.3360064901,D5323290AF,PXMG,12/27/2025 5:33:09 AM,BPD454,8M5CL,8M5CL,03/12/2026 9:36:17 PM,8M5CL,D1D,4,7864615
D532302,22,MCD3R022WAD2,0.8241625951,0,0,0,0,0,0.9137100117,2.620131722,0,0,0,0,0,0,0,6.5685750476,0.6347468713,9.5672545192,0,20.300125315,D5323020,PXMG,12/25/2025 3:25:28 PM,BPD458,8M5CL,8M5CL,03/21/2026 5:55:22 PM,8M5CL,D1D,1,7153504
D532302,30,MCD3R030WAG5,0,0,0,0,0,0,0,2.4718632099,0,0,0,0,0,0,0,4.160455928,0,2.4715333285,0,9.1038524663,D5323020,PXMG,12/25/2025 3:25:28 PM,BPD458,8M5CL,8M5CL,03/19/2026 10:28:51 PM,8M5CL,D1D,2,7153465
D532302,32,MCD3R032WAA3,0,0,0,0,0,0,0,1.8581759697,4.3792574905,0,0,0,0,0,0,1.9312798961,0,21.576287061,0,29.487655507,D5323020,PXMG,12/25/2025 3:25:28 PM,BPD458,8M5CL,8M5CL,03/21/2026 3:26:16 PM,8M5CL,D1D,3,7153461
D532305,403,GQ7WW403JKF3,0,0,0,0,0,0,0.5475153576,2.2253303209,20.770374603,0,0,0,0,0,0,28.776630196,0,1.0545655651,1.290924375,42.558037932,D5323050AB,PXMG,12/23/2025 10:33:02 PM,BPD444,8M5CL,8M5CL,02/14/2026 5:39:41 PM,8M5CL,D1D,1,7851125
D532305,404,GQ7WW404JKC2,0,0,0,0,0,0,1.8227159141,13.604231426,0,0,0,0,0,0,0,6.057740442,0,2.1743145492,0.6545067696,24.313506901,D5323050AB,PXMG,12/23/2025 10:33:02 PM,BPD444,8M5CL,8M5CL,03/12/2026 9:46:50 PM,8M5CL,D1D,2,7851090
D532305,449,GQ7WW449JKE5,0.9067606026,0,0,0,0,0,0.405050872,0,0,0,0,0,0,0,0,10.534329047,3.086737917,1.2179837121,0,16.150859932,D5323050AB,PXMG,12/23/2025 10:33:02 PM,BPD444,8M5CL,8M5CL,03/12/2026 10:38:29 PM,8M5CL,D1D,3,7851131
D532305,450,GQ7WW450JKA3,0,0,0,0,0,0,1.3825639052,0.7122624122,14.842861461,0,0,0,0,0,0,0,0,7.8793435561,0.5497936036,25.042843977,D5323050AB,PXMG,12/23/2025 10:33:02 PM,BPD444,8M5CL,8M5CL,02/14/2026 5:37:51 PM,8M5CL,D1D,4,7851088
D530990,167,A14U9167SLA3,0,0,0,0,0,0,0,2.1500624095,3.4743940478,0,0,0,0,0,0,0,0,3.1394993882,0,8.7639558456,D5309900,PNCB,12/23/2025 6:39:16 PM,BPD446,8M5CL,8M5CL,03/04/2026 11:02:02 AM,8M5CL,D1D,1,7101459
D530990,168,A14U9168SLE5,0,0,0,0,0,0,0,8.1123837385,0,0,0,0,0,0,0,0,0,3.275038706,0,11.387422445,D5309900,PNCB,12/23/2025 6:39:16 PM,BPD446,8M5CL,8M5CL,03/04/2026 3:47:08 AM,8M5CL,D1D,2,7101442
D530990,169,A14U9169SLB4,0,0,0,0,0,0,0.3209232368,0,0,0,0,0,0,0,0,2.1213469411,0,0,0,2.4422701779,D5309900,PNCB,12/23/2025 6:39:16 PM,BPD446,8M5CL,8M5CL,03/02/2026 6:49:21 AM,8M5CL,D1D,3,7101516
D530990,170,A14U9170SLE5,0,0,0,0,0,0,0,0,0,0,0,0,0,0,0,3.3730949787,0,0.7310178748,0,4.1041128535,D5309900,PNCB,12/23/2025 6:39:16 PM,BPD446,8M5CL,8M5CL,03/04/2026 1:21:40 AM,8M5CL,D1D,4,7101506
D532329,484,GQ8TY484JKC3,1.1598433511,0,0,0,0,0,1.2104185744,1.0727282604,1.9721170192,0,0,0,0,0,0,0,1.447845243,2.4437573112,0,9.3067097592,D5323290,PXMG,12/24/2025 8:27:44 PM,BPD458,8M5CL,8M5CL,03/12/2026 8:55:36 PM,8M5CL,D1D,1,7160235
D532329,486,GQ8TY486JKD4,3.9424108936,0,0,0,0,0,0,2.6329795045,0,0,0,0,0,0,0,1.6975698917,0,0,0.5035200344,8.7764803242,D5323290,PXMG,12/24/2025 8:27:44 PM,BPD458,8M5CL,8M5CL,03/12/2026 9:52:45 PM,8M5CL,D1D,2,7160313
D532298,609,GP8YG609JKB2,9.0226878904,0,0,0,0,0,1.200063051,6.7859289047,2.3245185288,0,0,0,0,0,0,2.6809970208,0,4.6195834515,0,26.633778847,D5322980,PXMG,12/24/2025 12:15:19 AM,BPD458,8M5CL,8M5CL,02/19/2026 10:37:11 AM,8M5CL,D1D,1,7150716
D532298,610,GP8YG610JKE3,1.6837588554,0,0,0,0,0,0.6186772468,0,0,0,0,0,0,1.3675037178,0,2.4417032494,0,0,0,6.1116430694,D5322980,PXMG,12/24/2025 12:15:19 AM,BPD458,8M5CL,8M5CL,02/19/2026 1:10:19 PM,8M5CL,D1D,2,7150623
D530643,226,GP1WY226JKD3,0,0,0,0,0,0,0.2330964249,1.1054744914,2.7869967506,0,0,0,0,0,0,0,0.6102036922,2.5183588993,0,7.2541302583,D5306430,PXMG,12/24/2025 12:05:38 PM,BPD450,8M5CL,8M5CL,03/20/2026 4:31:22 AM,8M5CL,D1D,1,7089746
D530643,227,GP1WY227JKA2,0,0,0,0,0,0,0.9260479998,4.4931781147,4.2146146724,0,0,0,0,0,0,1.8831581831,0,1.7405938548,0,13.257590606,D5306430,PXMG,12/24/2025 12:05:38 PM,BPD450,8M5CL,8M5CL,03/19/2026 8:24:04 PM,8M5CL,D1D,2,7089776
D532305,401,GQ7WW401JKE2,0,0,0,0,0,0,0,0,0,0,0,0,0,0,0,1.7232855624,0,2.421075326,0,4.1443608884,D5323050,PXMG,12/22/2025 8:46:16 PM,BPD448,8M5CL,8M5CL,02/15/2026 10:58:22 PM,8M5CL,D1D,1,7153652
D532305,402,GQ7WW402JKB1,1.729249506,0,0,0,0,0,0,2.0447811036,0,0,0,0,0,0,0,2.5933717396,0,6.3046281104,0.4764697563,13.148500216,D5323050,PXMG,12/22/2025 8:46:16 PM,BPD448,8M5CL,8M5CL,02/16/2026 1:11:24 AM,8M5CL,D1D,2,7153810
D531202,349,KHZ0K349WFE1,0,0,0,0,0,0,0,2.2663301843,0,0,0,0,0,0,0,2.1385714238,0,2.0573460329,0,6.462247641,D5312020S,PXMG,12/21/2025 10:01:58 AM,BPD448,8M5CL,8M5CL,03/28/2026 11:52:56 AM,8M5CL,D1D,1,7838238
D531202,356,KHZ0K356WFD2,0,0,0,0,0,0,0.1276971055,1.8620135905,0,0,0,0,0,0,0,2.6951643552,0,13.497893044,0,18.182768095,D5312020S,PXMG,12/21/2025 10:01:58 AM,BPD448,8M5CL,8M5CL,03/29/2026 11:25:58 AM,8M5CL,D1D,2,7838219
D531202,397,KHZ0K397WFD3,1.6245233502,0,0,0,0,0,0.3089356015,1.5907964751,0,0,0,0,0,0,0,3.0517685546,1.9774940342,0,0,8.5535180156,D5312020S,PXMG,12/21/2025 10:01:58 AM,BPD448,8M5CL,8M5CL,03/28/2026 7:06:07 AM,8M5CL,D1D,3,7838261
D531202,398,KHZ0K398WFA2,0,0,0,0,0,0,1.0331798741,0,0,0,0,0,0,0,0,5.4063543508,1.2922071794,5.6040369035,0,13.335778308,D5312020S,PXMG,12/21/2025 10:01:58 AM,BPD448,8M5CL,8M5CL,03/28/2026 9:33:58 PM,8M5CL,D1D,4,7838158
D532310,402,GQ6PL402JKD5,0,0,0,0,0,0,0.793061373,0,4.7205308365,0,0,0,0,0,0,6.23281512,0.9895035714,0.7808887478,0,12.279588104,D5323100,PXMG,01/06/2026 10:18:54 PM,BPD454,8M5CL,8M5CL,02/14/2026 5:23:42 PM,8M5CL,D1D,1,7153679
D532310,403,GQ6PL403JKA4,0,0,0,0,0,0,0.6691149308,0,21.069967144,0,0,0,0,0,0,4.5772101958,0,16.67661623,0,40.828227093,D5323100,PXMG,01/06/2026 10:18:54 PM,BPD454,8M5CL,8M5CL,03/26/2026 4:33:14 AM,8M5CL,D1D,2,7153661
D532297,52,A1YQA052SLG3,0,0,0,0,0,0,0.4442403396,0.756748024,0,0,0,0,0,0,0,0,0,7.1109243267,0,8.3119126903,D5322970S,PXMG,01/21/2026 7:22:42 PM,BPD442,8M5CL,8M5CL,04/23/2026 3:43:00 PM,8M5CL,D1D,1,7985358
D532297,53,A1YQA053SLD2,0,0,0,0,0,0,0.2536582274,1.2029873337,0,0,0,0,0,0,0,2.7781750617,1.0947444993,3.2742825056,0.5901881414,9.1940335504,D5322970S,PXMG,01/21/2026 7:22:42 PM,BPD442,8M5CL,8M5CL,04/10/2026 11:53:26 AM,8M5CL,D1D,2,7985424
D532297,82,A1YVB082SLF6,0.7549886563,0,0,0,0,0,0,0,0,0,0,0,0,0,0,1.7081260978,0,0,0,2.4631147541,D5322970S,PXMG,01/21/2026 7:22:42 PM,BPD442,8M5CL,8M5CL,04/10/2026 12:58:04 PM,8M5CL,D1D,3,7985406
D532297,84,A1YVB084SLG7,0,0,0,0.4135767601,0,0,0.7008595104,3.7235763429,0,0,0,0,0,0,0,0,0,15.929297395,0,20.767307809,D5322970S,PXMG,01/21/2026 7:22:42 PM,BPD442,8M5CL,8M5CL,04/24/2026 3:31:46 AM,8M5CL,D1D,4,7985429
D532297,8,A1YVB008SLC5,0,0,0,0,0,0,0.258635846,2.5958986314,2.0124197343,0,0,0,0,0,0,0,0,7.5336607948,0,12.400615007,D5322970,PXMG,01/19/2026 6:13:04 PM,BPD454,8M5CL,8M5CL,04/10/2026 12:57:14 PM,8M5CL,D1D,1,7141415
D532297,51,A1YQA051SLC1,0,0,0,0,0,0,0,1.4128789446,0,0,0,0,0,0,0,0,4.6461061187,1.929183464,0,7.9881685273,D5322970,PXMG,01/19/2026 6:13:04 PM,BPD454,8M5CL,8M5CL,04/10/2026 1:29:13 PM,8M5CL,D1D,2,7141317
D530EJ2,45,A14WS045SLG7,3.0330176181,0,0,0,0,0,0,2.8230814862,0,0,0,0,0,0,0,1.8759812548,0,2.1859252961,1.1259407194,10.881741245,D530EJ20,X78D,01/18/2026 7:13:31 PM,BPD448,8M5CL,8M5CL,02/28/2026 5:02:25 PM,8M5CL,D1D,1,7104384
D530EJ2,46,A14WS046SLD6,0,0,0,0,0,0,0,0,0,0,0,0,0,0,0,1.5105467514,0,3.9558307404,0,5.4663755142,D530EJ20,X78D,01/18/2026 7:13:31 PM,BPD448,8M5CL,8M5CL,01/19/2026 8:56:20 AM,8M5CL,D1D,2,7104333
D532281,101,GQ5EV101JKA3,0,0,0,0,0,0,0,0.9904321857,0,0,0,0,0,1.6058061522,0,4.0078699657,0,0,0,6.6041083036,D5322810,PNCB,01/24/2026 4:42:47 AM,BPD446,8M5CL,8M5CL,03/19/2026 7:00:17 AM,8M5CL,D1D,1,7150435
D532281,104,GQ5EV104JKF6,0,0,0,0,0,0,0,0,0,0,0,0,2.1074055302,0,0,3.734385688,0,0,0,5.8417912181,D5322810,PNCB,01/24/2026 4:42:47 AM,BPD446,8M5CL,8M5CL,03/19/2026 7:48:11 AM,8M5CL,D1D,2,7150394
D531145,529,GQ1KC529JKG3,0,0,0,0,0,0,0,0,0,0,0,0,0,0,0,3.669394701,0,0,1.1009515326,4.7703462337,D5311450,PNCB,01/30/2026 2:08:58 AM,BPD444,8M5CL,8M5CL,03/28/2026 11:32:55 PM,8M5CL,D1D,1,7107679
D531145,531,GQ1KC531JKG3,0,0,0,0,0,0,0,6.1201958365,0,0,0,0,0,0,0,0,0,5.4292738845,0,11.135170381,D5311450,PNCB,01/30/2026 2:08:58 AM,BPD444,8M5CL,8M5CL,03/28/2026 10:02:32 PM,8M5CL,D1D,2,7107635
D531145,532,GQ1KC532JKD2,0,0,0,0,0,0,0,0,0,0,0,0,0,0,0,1.8792578265,0,9.2644232831,0.4432603386,11.586939323,D5311450,PNCB,01/30/2026 2:08:58 AM,BPD444,8M5CL,8M5CL,03/22/2026 6:31:29 PM,8M5CL,D1D,3,7107751
D531145,533,GQ1KC533JKA1,0,0,0,0,0,0,0.3338652088,0,5.9877733738,0,0,0,0,0,0,0,2.1370733525,4.9398974097,0,13.398609345,D5311450,PNCB,01/30/2026 2:08:58 AM,BPD444,8M5CL,8M5CL,03/22/2026 2:29:28 PM,8M5CL,D1D,4,7107652
D532269,7,A1YCG007SLC2,0,0,0,0,0,0,0.4211973018,0,0.5924157172,0,0,0,0,0,0,0,0,3.9985920678,1.9022365947,6.9144416814,D5322690,PNCB,01/31/2026 6:22:24 PM,BPD458,8M5CL,8M5CL,03/21/2026 2:46:50 AM,8M5CL,D1D,1,7147889
D532269,12,A1YCG012SLA2,0,0,0,0,0,0,0.2928321603,0,0.588214383,0,0,0,0,0,0,1.6505278586,0,0.7310178748,0,3.2625922767,D5322690,PNCB,01/31/2026 6:22:24 PM,BPD458,8M5CL,8M5CL,03/22/2026 10:45:50 AM,8M5CL,D1D,2,7148010
D530617,683,GP0RU683JKD1,0,0,0,0,0,0,0.4476248642,3.1477927802,1.7414667831,0,0,0,0,0,0,2.2401404179,0,4.9607860564,0.9572586178,13.49506952,D5306170T,PNCB,02/02/2026 7:14:11 PM,BPD450,8M5CL,8M5CL,03/31/2026 8:28:51 AM,8M5CL,D1D,1,8054301
D530617,684,GP0RU684JKA0,0,0,0,0,0,0,0.1838531206,1.1218595566,2.3192923362,0,0,0,0,0,0,1.8190976055,0,6.6540987056,0.4850452353,12.583244435,D5306170T,PNCB,02/02/2026 7:14:11 PM,BPD450,8M5CL,8M5CL,03/29/2026 6:53:15 PM,8M5CL,D1D,2,8054368
D530617,685,GP0RU685JKE2,0,0,0,0,0,0,0.3819454801,0,0.8295874661,0,0,0,0,0,0,7.2283599449,0,2.2479586788,0,9.8148580952,D5306170T,PNCB,02/02/2026 7:14:11 PM,BPD450,8M5CL,8M5CL,03/31/2026 6:57:58 PM,8M5CL,D1D,3,8054398
D530617,686,GP0RU686JKB1,0,0,0,0,0,0,0,0.6435847369,3.2587034316,0,0,0,0,0,0,3.0171487751,0,5.5284013051,0,12.447838249,D5306170T,PNCB,02/02/2026 7:14:11 PM,BPD450,8M5CL,8M5CL,03/31/2026 2:13:46 PM,8M5CL,D1D,4,8054358
D530617,687,GP0RU687JKF3,0,0,0,0.9012659155,0,0,0,0.9801783429,0,0,0,0,0,1.589180844,0,2.8375107679,0,3.2857691403,0,9.5939071508,D5306170T,PNCB,02/02/2026 7:14:11 PM,BPD450,8M5CL,8M5CL,04/01/2026 3:31:08 AM,8M5CL,D1D,5,8054430
D530617,688,GP0RU688JKC2,0,0,0,0,0,0,0,0.8002201919,4.2124883785,0,0,0,0,0,0,1.8062495413,0,2.537632925,0.4816196515,9.8382085633,D5306170T,PNCB,02/02/2026 7:14:11 PM,BPD450,8M5CL,8M5CL,03/30/2026 5:30:06 PM,8M5CL,D1D,6,8054292
D530617,689,GP0RU689JKG4,1.2114023921,0,0,0,0,0,0.6540029812,0,0.5938881955,0,0,0,0,0,0,0,0,8.323338095,0,10.722649572,D5306170T,PNCB,02/02/2026 7:14:11 PM,BPD450,8M5CL,8M5CL,03/29/2026 10:59:20 PM,8M5CL,D1D,7,8054329
D531175,237,KHYXL237WFH2,0,0,0,0,0,0,0.3124864494,0,0,0,0,0,0,0,0,2.4030483194,0,1.0643086515,0.6407506758,4.4205940961,D5311750,PNCB,02/02/2026 2:04:54 PM,BPD450,8M5CL,8M5CL,03/30/2026 2:11:03 AM,8M5CL,D1D,1,7116720
D531175,245,KHYXL245WFD2,0,0,0,0,0,0,0.238595002,1.7653710141,2.0160155122,0,0,0,0,0,0,4.3996091391,0,4.8758553017,0.7840583492,14.079504318,D5311750,PNCB,02/02/2026 2:04:54 PM,BPD450,8M5CL,8M5CL,03/30/2026 4:04:27 AM,8M5CL,D1D,2,7116686
D531175,246,KHYXL246WFA1,0,0,0,0,0,0,0.2314372841,0,1.3835788312,0,0,0,0,0,0,4.6619581189,0,0,0.7605327215,7.0375048306,D5311750,PNCB,02/02/2026 2:04:54 PM,BPD450,8M5CL,8M5CL,03/30/2026 8:54:36 AM,8M5CL,D1D,3,7116778
D531175,259,KHYXL259WFC5,2.3356289281,0,0,0.5420453996,0,0,0.3563012419,0,0.735569294,0,0,0,0,0,0,5.533077189,0,0.9965960487,3.0619246047,13.270824761,D5311750,PNCB,02/02/2026 2:04:54 PM,BPD450,8M5CL,8M5CL,03/30/2026 3:52:14 AM,8M5CL,D1D,4,7116921
D530617,711,GP0RU711JKG4,0.7347410249,0,0,0,0,0,0.980653474,0,0,0,0,0,0,0,0,2.015382004,0,6.2700183706,0,10.000794874,D5306170U,PNCB,02/02/2026 7:32:26 PM,BPD446,8M5CL,8M5CL,03/30/2026 12:09:33 AM,8M5CL,D1D,1,8054417
D530617,712,GP0RU712JKD3,0,0,0,0,0,0,0,0,1.0791013861,0,0,0,0,0,0,4.5962748878,0,5.4958093832,0,11.171185657,D5306170U,PNCB,02/02/2026 7:32:26 PM,BPD446,8M5CL,8M5CL,03/29/2026 6:52:23 PM,8M5CL,D1D,2,8054483
D530617,713,GP0RU713JKA2,0.7873628647,0,0,0,0,0,0.0844021179,1.0960696676,0,0,0,0,0,0,0,2.8847820322,0,2.3669062521,0,7.2195207942,D5306170U,PNCB,02/02/2026 7:32:26 PM,BPD446,8M5CL,8M5CL,02/15/2026 1:35:32 AM,8M5CL,D1D,3,8054473
D530617,714,GP0RU714JKE4,3.5239269168,0,0,0,0,0,0,0,0,0,0,0,0,0,0,4.5116298181,0,6.2596614359,0,14.295216046,D5306170U,PNCB,02/02/2026 7:32:26 PM,BPD446,8M5CL,8M5CL,03/30/2026 12:09:40 AM,8M5CL,D1D,4,8054384
D530617,715,GP0RU715JKB3,1.1867512208,0,0,0,0,0,0.2314380723,2.5542641434,1.3835881916,0,0,0,0,0,0,4.3146013361,0,10.640633811,0,20.311276775,D5306170U,PNCB,02/02/2026 7:32:26 PM,BPD446,8M5CL,8M5CL,03/31/2026 2:09:05 PM,8M5CL,D1D,5,8054394
D530617,716,GP0RU716JKF5,0,0,0,0,0,0,0,0,2.162363624,0,0,0,0,0,0,0,0,3.9613284872,0,6.1236921111,D5306170U,PNCB,02/02/2026 7:32:26 PM,BPD446,8M5CL,8M5CL,03/31/2026 2:39:51 PM,8M5CL,D1D,6,8054537
D530617,717,GP0RU717JKC4,0,0,0,0,0,0,0.2949237205,1.7616234711,5.4068656744,0,0,0,0,0,0,2.6919815356,1.3836588192,2.597169338,0,14.136222559,D5306170U,PNCB,02/02/2026 7:32:26 PM,BPD446,8M5CL,8M5CL,03/31/2026 2:05:51 PM,8M5CL,D1D,7,8054526
D530617,721,GP0RU721JKD5,0,0,0,0,0,0,0.5396825855,0.8356378969,3.2896236948,0,0,0,0,0,0,4.2387344563,0,6.2760859232,0,14.41841833,D5306170U,PNCB,02/02/2026 7:32:26 PM,BPD446,8M5CL,8M5CL,03/30/2026 2:06:17 PM,8M5CL,D1D,8,8054443
D530617,495,GP0RU495JKD1,0,0,0,0,0,0,0.5156927452,0,2.2921073472,0,0,0,0,0,0,3.3545882421,0,5.7351769858,0.716741689,12.150033294,D5306170,PNCB,02/02/2026 3:48:15 PM,BPD444,8M5CL,8M5CL,03/30/2026 5:32:04 PM,8M5CL,D1D,1,7082867
D530617,676,GP0RU676JKE0,1.4941707854,0,0,0,0,0,0,1.3362730495,0,0,0,0,0,0,0,6.443127797,0,3.1275494746,0,12.401121106,D5306170,PNCB,02/02/2026 3:48:15 PM,BPD444,8M5CL,8M5CL,03/31/2026 8:14:49 AM,8M5CL,D1D,2,7082992
D530617,677,GP0RU677JKA7,0,0,0,0,0,0,1.1007246682,1.0828473254,2.5129277375,0,0,0,0,0,0,2.8434327849,0,3.5885389446,0,11.128471461,D5306170,PNCB,02/02/2026 3:48:15 PM,BPD444,8M5CL,8M5CL,03/31/2026 10:30:48 PM,8M5CL,D1D,3,7083007
D530617,678,GP0RU678JKF1,0.8002924437,0,0,0,0,0,0.1808992983,1.9187901681,4.222690753,0,0,0,0,0,0,8.7964570904,0,4.5024325932,1.7734238637,20.478877123,D5306170,PNCB,02/02/2026 3:48:15 PM,BPD444,8M5CL,8M5CL,03/29/2026 7:09:45 PM,8M5CL,D1D,4,7082885
D530617,679,GP0RU679JKC0,0,0,0,0,0,0,0.5307235819,1.423385772,1.794238439,0,0,0,0,0,0,1.4296266832,0,5.3758837021,0,10.553858178,D5306170,PNCB,02/02/2026 3:48:15 PM,BPD444,8M5CL,8M5CL,03/29/2026 6:57:24 PM,8M5CL,D1D,5,7082917
D530617,680,GP0RU680JKF1,1.2217072481,0,0,0,0,0,0.2259886509,0,0,0,0,0,0,0,0,4.7993129775,0,3.5266512335,0,9.7736601099,D5306170,PNCB,02/02/2026 3:48:15 PM,BPD444,8M5CL,8M5CL,03/31/2026 8:29:50 AM,8M5CL,D1D,6,7082905
D530617,681,GP0RU681JKC0,0,0,0,0,0,0,0,0,2.052823191,0,0,0,0,0,0,4.8111818257,0.9329263407,5.8446005349,0,12.965127122,D5306170,PNCB,02/02/2026 3:48:15 PM,BPD444,8M5CL,8M5CL,03/30/2026 2:15:17 PM,8M5CL,D1D,7,7082890
D530617,682,GP0RU682JKG2,0,0,0,0,0,0,0,3.2306144948,1.5477518455,0,0,0,0,0,0,1.7461509468,0,4.7074342309,0,11.231951518,D5306170,PNCB,02/02/2026 3:48:15 PM,BPD444,8M5CL,8M5CL,03/31/2026 5:17:57 PM,8M5CL,D1D,8,7082990
D532E1A,326,GQ6PL326JKB0,0,0,0,0,0,0,0,0,0,0,0,0,0,0,0,1.8640774971,0,1.8415383398,0,3.7056158369,D532E1A0,X78D,02/18/2026 11:38:11 AM,BPD454,8M5CL,8M5CL,03/27/2026 4:26:00 AM,8M5CL,D1D,1,7168616
D532E1A,327,GQ6PL327JKF2,0,0,0,0,0,0,0,0,0.8730824748,0,0,0,0,0,0,1.2457240029,0,1.2522492239,0,3.3710557017,D532E1A0,X78D,02/18/2026 11:38:11 AM,BPD454,8M5CL,8M5CL,03/26/2026 8:03:16 PM,8M5CL,D1D,2,7168590
D532266,401,GP8YF401JKF4,0,0,0,0.4004370689,0,0,0.1660818629,0,1.29227099,0,0,0,0,0,0,3.0727284867,0,4.6487940001,0,9.5803124086,D5322660,PNCB,03/07/2026 7:30:36 AM,BPD444,8M5CL,8M5CL,05/12/2026 7:36:09 PM,8M5CL,D1D,1,7146535
D532266,531,GP8YF531JKD3,0,0,0,0,0,0,0,6.5799258426,0.5434044458,0,0,0,0,0,0,0,0,1.5991799995,0,8.7225102879,D5322660,PNCB,03/07/2026 7:30:36 AM,BPD444,8M5CL,8M5CL,05/10/2026 4:57:50 PM,8M5CL,D1D,2,7146378
D532266,628,GP8YF628JKF5,0,0,0,0,0,0,0,0.5701514413,2.1279420323,0,0,0,0,0,0,3.3010557172,0,3.9270960251,0,9.9262452159,D5322660,PNCB,03/07/2026 7:30:36 AM,BPD444,8M5CL,8M5CL,05/20/2026 4:51:27 AM,8M5CL,D1D,3,7146452
D532266,643,GP8YF643JKA6,2.5991062464,0,0,0,0,0,0,0.9105480938,0,0,0,0,0,0,0,3.7175991057,0,5.6288460694,0,12.856099515,D5322660,PNCB,03/07/2026 7:30:36 AM,BPD444,8M5CL,8M5CL,05/13/2026 12:42:28 AM,8M5CL,D1D,4,7146456
D531EP4,349,KHYXL349WFE5,0.5914223004,0,0.9572301426,0,0,0,0,0,0,0,0,0,0,0,0,1.2457240029,0,0,0,2.7943764459,D531EP40,X78D,03/04/2026 2:32:26 PM,BPD454,8M5CL,8M5CL,05/06/2026 12:34:34 AM,8M5CL,D1D,1,7137364
D531EP4,364,KHYXL364WFH1,0.7270930018,0,0,0,0,0,0,1.3199893207,0.6032354182,0,0,0,0,0,0,0,2.045982755,0,0,4.6963004957,D531EP40,X78D,03/04/2026 2:32:26 PM,BPD454,8M5CL,8M5CL,04/08/2026 2:13:19 PM,8M5CL,D1D,2,7137277
D531EP4,373,KHYXL373WFA0,0.9360607439,0,0,0,0,0,0,1.3413560596,1.9684159532,0,0,0,0,2.3337769165,0,1.7843196963,0,4.9196250964,1.3957348783,14.679287367,D531EP40,X78D,03/04/2026 2:32:26 PM,BPD454,8M5CL,8M5CL,05/06/2026 2:22:06 AM,8M5CL,D1D,3,7137360
D531147,17,A11E2017SLD5,0,0,0,0,0,0,0.82646273,0,2.5845419799,0,0,0,0,0,0,0,0,2.2727104409,0.7103424007,6.3940575516,D5311470,PNCB,03/02/2026 12:17:51 AM,BPD432,8M5CL,8M5CL,05/07/2026 3:12:13 AM,8M5CL,D1D,1,7111973
D531147,118,A10HY118SLG5,0,0,0,0,0,0,0.3599838023,0,2.4595351404,0,0,0,0,0,0,0.7002046214,0,2.3188567005,0,5.7715008744,D5311470,PNCB,03/02/2026 12:17:51 AM,BPD432,8M5CL,8M5CL,05/07/2026 8:43:34 PM,8M5CL,D1D,2,7111971
D532268,27,A1YP9027SLA6,0,0,0,0.4470148986,0,0,0.1853995806,24.43767911,0,0,1.7044408008,0,0,0,0,1.8556758869,1.8883893053,0,0.8357363475,30.456047074,D5322680,PNCB,03/11/2026 1:31:48 AM,BPD448,8M5CL,8M5CL,05/27/2026 9:15:40 AM,8M5CL,D1D,1,7147835
D532268,28,A1YP9028SLF0,1.3088471289,0,0,0,0,0,0,1.210537975,0.6995331049,0,0,0,0,0,0,0,0,0.8693630076,0,4.0882812164,D5322680,PNCB,03/11/2026 1:31:48 AM,BPD448,8M5CL,8M5CL,05/27/2026 1:10:49 AM,8M5CL,D1D,2,7147839
D532268,31,A1YP9031SLB7,0,0,0,0,0,0,0,5.3491265443,0.8775307627,0,0,0,0,0,0,1.0446035521,0,1.6659765838,0,8.9372374428,D5322680,PNCB,03/11/2026 1:31:48 AM,BPD448,8M5CL,8M5CL,05/26/2026 11:09:07 PM,8M5CL,D1D,3,7147924
D532268,32,A1YP9032SLG1,0,0,0,0,0,0,0,7.3961796009,0,0,0,0,0,0,0,1.0223624987,0,0.7310178748,0.6064898299,9.7560498043,D5322680,PNCB,03/11/2026 1:31:48 AM,BPD448,8M5CL,8M5CL,05/26/2026 1:43:44 PM,8M5CL,D1D,4,7148039
D551246,46,KJ7HA046WFE4,0,0,0,0,0,0,0,0,2.0014280847,0,0,0,0,0,0,0,1.0171652298,4.2215015881,0,7.2400949027,D5512460,PXMG,02/28/2026 2:01:06 PM,BPD446,8M5CL,8M5CL,05/01/2026 5:48:41 PM,8M5CL,D1D,1,7815162
D551246,56,KJ7HA056WFB5,0,0,0,0,0,0,0,1.1214451515,2.82725988,0,0,0,0,0,0,14.676126186,0,5.1794838883,0,23.804312906,D5512460,PXMG,02/28/2026 2:01:06 PM,BPD446,8M5CL,8M5CL,03/01/2026 8:54:42 AM,8M5CL,D1D,2,7815067
D551247,424,KJ7JA424WFE2,0,0,0,0,0,0,0.3317023858,2.0961832297,1.3278827576,0,0,0,0,0,0,0,0,0,0,3.7557661739,D5512470,PXMG,03/07/2026 12:04:52 PM,BPD448,8M5CL,8M5CL,04/21/2026 2:05:42 PM,8M5CL,D1D,1,7815207
D551247,425,KJ7JA425WFB1,0,0,0,0,1.1935222426,0,0,0,0,0,0,0,0,0,0,1.1484066399,1.9573746142,3.5671966767,0,7.8664979548,D5512470,PXMG,03/07/2026 12:04:52 PM,BPD448,8M5CL,8M5CL,04/18/2026 12:12:33 PM,8M5CL,D1D,2,7815132
D601542,326,GT6QX326JKB7,0,0,0,0,0,0,0.4534770199,1.3244541898,1.5943235985,0,0,0,0,0,0,2.1476073478,0,3.9683879574,0,9.4882501134,D6015420,PXMG,03/27/2026 12:33:37 PM,BPD432,8M5CL,8M5CL,06/10/2026 7:44:02 AM,8M5CL,D1D,1,7869392
D601542,327,GT6QX327JKG1,0,0,0,0,0,0,0.6053109873,1.9446990246,0.65398321,0,0,0,0,0,0,1.9151677631,0,2.4382571509,0.4893048258,8.0467251805,D6015420,PXMG,03/27/2026 12:33:37 PM,BPD432,8M5CL,8M5CL,06/10/2026 1:42:36 AM,8M5CL,D1D,2,7869411
D551241,71,GT4JU071JKC0,0,0,0,0,0,0,0.3730767916,1.769346343,2.2303357699,0,0,0,0,0,0,4.8780984731,0,8.1804500989,0,17.431307476,D5512410,PXMG,03/25/2026 8:01:15 PM,BPD436,8M5CL,8M5CL,04/08/2026 2:09:18 PM,8M5CL,D1D,1,7805154
D551241,94,GT4JU094JKB5,0,0,0,0,0,0,0,0,1.8536917813,0,0,0,0,4.7022048229,0,2.3845018077,0,9.9601389161,0,18.900537328,D5512410,PXMG,03/25/2026 8:01:15 PM,BPD436,8M5CL,8M5CL,05/31/2026 2:03:39 AM,8M5CL,D1D,2,7805150
D551253,51,A24ZM051SLB3,1.4022911775,0,0,0,0,0,0,1.4529247552,0.7494772368,0,0,0,0,0,0,5.5087096088,0,2.0231554438,0.8986689039,12.035224907,D5512530,PXMG,03/25/2026 5:29:03 PM,BPD450,8M5CL,8M5CL,06/01/2026 8:55:49 PM,8M5CL,D1D,1,7817700
D551253,53,A25FQ053SLE7,0,0,0,0,0,0,0,0.7634640943,0,0,0,0,0,0,0,1.7232855624,0,0,0,2.4867496567,D5512530,PXMG,03/25/2026 5:29:03 PM,BPD450,8M5CL,8M5CL,06/04/2026 5:26:05 AM,8M5CL,D1D,2,7817945
D551254,2,A25G6002SLA4,0,0,0,0,0,0,0.1706586651,1.0510022687,0,0,0,0,0,0,0,2.7661658372,0.9586354655,1.9779691159,0,6.9244313525,D5512540,PXMG,03/28/2026 10:57:54 PM,BPD446,8M5CL,8M5CL,06/01/2026 11:16:39 AM,8M5CL,D1D,1,7818327
D551254,5,A25G6005SLF7,0,0,0,0,0,0,0.2220080812,1.367241941,0,0,0,0,0,0,0,6.329536681,5.1001908659,3.4717470245,3.5095607953,20.000285389,D5512540,PXMG,03/28/2026 10:57:54 PM,BPD446,8M5CL,8M5CL,06/03/2026 1:03:08 PM,8M5CL,D1D,2,7818339
D601567,184,5DXAN184MVB6,0,0,0,0,0,0,1.3916598361,0,0.5583793179,0,0,0,0,0,0,1.4492791276,0,0,0.4554563085,3.8547745902,D6015670,PXMG,04/04/2026 7:29:52 AM,BPD444,8M5CL,8M5CL,06/16/2026 5:58:55 AM,8M5CL,D1D,1,7890707
D601567,194,5DXAN194MVG2,0,0,0,0,0,0,0.3927788349,0,0,0,0,0,0,0,0,0,0,0,0,0.3927788349,D6015670,PXMG,04/04/2026 7:29:52 AM,BPD444,8M5CL,8M5CL,06/16/2026 6:26:42 AM,8M5CL,D1D,2,7890694
D552352,13,KJ6TQ013WFD5,0,0,0,0.1388834596,0,0,0,0,1.339667597,0,0,0,0,0,0,3.9984396255,0,10.010596229,0,14.843073229,D5523520,PXMG,04/04/2026 3:58:44 PM,BPD450,8M5CL,8M5CL,04/08/2026 2:06:03 PM,8M5CL,D1D,1,7851790
D552352,61,KJ6TQ061WFC7,0,0,0,0,0,0,0.1721732453,0,0,0,0,0,0,0,0,0,0,1.1659412425,0,1.3381144878,D5523520,PXMG,04/04/2026 3:58:44 PM,BPD450,8M5CL,8M5CL,07/03/2026 3:03:45 PM,8M5CL,D1D,2,7851768
D552322,56,A25YU056SLC3,0,0,0,0,0,0,0,0,0.5395506931,0,0,0,0,0,0,2.0447249975,0,11.596863316,0,14.181139006,D5523220,PNCB,04/03/2026 11:19:19 PM,BPD450,8M5CL,8M5CL,06/01/2026 7:17:25 PM,8M5CL,D1D,1,7843660
D552322,61,A25YU061SLA3,0,0,0,0.8504889542,0,0,0.24294609,2.1773631859,2.9047782029,0,0,0,0,0,0,1.1572438671,0,6.0065581742,0.3432522584,13.426154107,D5523220,PNCB,04/03/2026 11:19:19 PM,BPD450,8M5CL,8M5CL,06/05/2026 2:43:00 AM,8M5CL,D1D,2,7843630
D552322,62,A25YU062SLE5,0,0,0,0,0,0,0,0,0,0,0,0,0,0,0,0,0,0.7945569285,0,0.7945569285,D5523220,PNCB,04/03/2026 11:19:19 PM,BPD450,8M5CL,8M5CL,06/05/2026 2:43:18 AM,8M5CL,D1D,3,7843738
D552322,63,A25YU063SLB4,0,0,0,0,0,0,0,0,0,0,0,0,0,0,0,0,0,2.3354191856,0.3920901712,2.7275093567,D5523220,PNCB,04/03/2026 11:19:19 PM,BPD450,8M5CL,8M5CL,06/01/2026 5:14:28 PM,8M5CL,D1D,4,7843694
D601559,19,A23UP019SLB5,1.2462303305,0,0,0,0,0,0.5496031801,0.7634640943,4.3588008904,0,0,0,0,0,0.3489148503,1.8689849525,1.4344072565,6.5178733553,0,17.088283347,D6015590,PXMG,04/03/2026 12:00:45 AM,BPD448,8M5CL,8M5CL,06/19/2026 3:00:10 AM,8M5CL,D1D,1,7889923
D601559,21,A23UP021SLB5,0,0,0,0,0,0,0.3992466811,1.5062318995,1.8131373654,0,0,0,0,0,0,0,0,0,0,3.718615946,D6015590,PXMG,04/03/2026 12:00:45 AM,BPD448,8M5CL,8M5CL,06/20/2026 9:08:57 AM,8M5CL,D1D,2,7889766
D552335,66,KJ7HG066WFB0,0,0,0,0,0,0,0.2221201698,0,4.4764757501,0,0,0,0,0,0,1.0580397395,0,3.9785900907,0,9.7352257501,D5523350,PXMG,04/01/2026 11:27:01 PM,BPD442,8M5CL,8M5CL,04/08/2026 2:07:36 PM,8M5CL,D1D,1,7847063
D552335,70,KJ7HG070WFC1,0,0,0,0,0,0,0,0.8064963444,0,0,0,0,0,0,0,8.6852922973,0,1.0340485619,0,10.525839403,D5523350,PXMG,04/01/2026 11:27:01 PM,BPD442,8M5CL,8M5CL,06/29/2026 5:58:15 PM,8M5CL,D1D,2,7847025
D551257,314,KJ7KG314WFF7,0,0,0,0,0,0,0.4737097482,0,1.3278827576,0,0,0,0,0,0,0,0.9586354655,1.5130562061,0,4.2732841774,D5512570Q,PXMG,04/02/2026 1:55:00 PM,BPD458,8M5CL,8M5CL,07/01/2026 7:45:05 PM,8M5CL,D1D,1,8364211
D551257,368,KJ7KN368WFD6,0,0,0,0,0,0,0,1.549085857,1.9526892016,0,0,0,0,0,0,1.5558770162,1.4096999524,2.908659225,0,9.3760134514,D5512570Q,PXMG,04/02/2026 1:55:00 PM,BPD458,8M5CL,8M5CL,07/01/2026 6:55:36 PM,8M5CL,D1D,2,8364208
D551257,375,KJ7KN375WFC7,0,0,0,0,0,0,0,0.8414567994,1.4765231397,0,0,0,0,0,0,0.7310706744,0,0,0.3489570062,3.3980098385,D5512570Q,PXMG,04/02/2026 1:55:00 PM,BPD458,8M5CL,8M5CL,07/01/2026 10:08:10 AM,8M5CL,D1D,3,8364165
D551257,376,KJ7KG376WFE4,0,0,0,0,0,0,0.3738568355,2.4421650834,0,0,0,0,1.7973920155,0,0,0,3.5372681023,6.4528130525,1.084643578,15.688138667,D5512570Q,PXMG,04/02/2026 1:55:00 PM,BPD458,8M5CL,8M5CL,07/01/2026 7:11:03 PM,8M5CL,D1D,4,8364206
D551257,283,KJ7KG283WFE4,0,0,0,0,0,0,0.1721732453,0,0,0,0,0,0,0,0,1.7985004209,1.6128572816,0,0,3.5835309477,D5512570,PXMG,04/02/2026 1:31:33 PM,BPD432,8M5CL,8M5CL,07/01/2026 10:15:58 AM,8M5CL,D1D,1,7820829
D551257,311,KJ7KG311WFA4,1.7113621214,0,0,0,0,0,0.4624670993,1.4273317348,0,0,0,0,0,0,0,3.2351863103,0,2.1392104173,0,8.9755576832,D5512570,PXMG,04/02/2026 1:31:33 PM,BPD432,8M5CL,8M5CL,07/01/2026 3:26:19 PM,8M5CL,D1D,2,7820815
D552342,313,GT9FQ313JKG2,0,0,0,0,0,0,0.6200078375,1.2436477318,1.5676728983,0,0,0,0,0,0,3.2656804996,0,6.3448104003,0.8617270928,13.90354646,D5523420,PXMG,04/02/2026 8:24:42 PM,BPD444,8M5CL,8M5CL,07/01/2026 3:32:34 AM,8M5CL,D1D,1,7849061
D552342,314,GT9FQ314JKD1,0,0,0,0,0,0,0.2448731923,0.6504932121,2.9278231374,0,0,0,0,0,0,0,0,6.7102833175,0,10.533472859,D5523420,PXMG,04/02/2026 8:24:42 PM,BPD444,8M5CL,8M5CL,07/01/2026 4:05:37 AM,8M5CL,D1D,2,7849069
D601561,32,GT9FQ032JKG2,0,0,0,0,0,0,0,0,0,0,0,0,0,0,0,0,0,0,0,0,D6015610,PXMG,04/02/2026 9:26:56 PM,BPD458,8M5CL,8M5CL,06/08/2026 1:01:52 AM,8M5CL,D1D,1,7889828
D601561,36,GT9FQ036JKB1,0,0,0,0,0,0,0.568106422,1.4232404859,0,0,0,0,2.3695911666,0,0,2.24687747,0,2.5835214798,0.9861651713,10.177502196,D6015610,PXMG,04/02/2026 9:26:56 PM,BPD458,8M5CL,8M5CL,06/04/2026 10:53:55 AM,8M5CL,D1D,2,7889925
D551244,62,A26WA062SLA3,0,0,0,0,0,0,0.2391464505,0,1.8577647175,0,0,0,0,0,0,2.9296594775,0.6260423997,9.5575428096,0,14.311752342,D5512440,PXMG,04/01/2026 8:44:17 PM,BPD450,8M5CL,8M5CL,06/29/2026 4:02:29 AM,8M5CL,D1D,1,7805204
D551244,65,A26WA065SLF6,1.943239102,0,0,0,0,0,0,0,0,0,0,0,0,0,0,8.8100628073,0,15.290377545,0,26.043679455,D5512440,PXMG,04/01/2026 8:44:17 PM,BPD450,8M5CL,8M5CL,07/02/2026 10:32:13 AM,8M5CL,D1D,2,7805135
D601506,163,5DXAI163MVB3,0,0,0,0.7558672372,0,0,0,2.3345288498,0,0,0,0,0,0,0,2.1316799724,0.9329263407,0.9441197446,0.910911933,8.0100340777,D6015060,PNCB,03/30/2026 3:13:31 PM,BPD432,8M5CL,8M5CL,06/04/2026 1:43:17 AM,8M5CL,D1D,1,7873165
D601506,167,5DXAI167MVD5,0,0,0,0,0,0,0,0.6595269153,0,0,0,0,0,0,0,5.0011443771,0,8.9661712148,0.3507815882,14.977624095,D6015060,PNCB,03/30/2026 3:13:31 PM,BPD432,8M5CL,8M5CL,06/03/2026 3:26:43 AM,8M5CL,D1D,2,7873074
D601506,175,5DXAI175MVH0,0,0,0,0,0,0,0.0918736615,0.6698364041,1.5074433128,0,0,0,0,0,0,5.0793227056,1.6140481786,4.6077144218,0,13.570240825,D6015060,PNCB,03/30/2026 3:13:31 PM,BPD432,8M5CL,8M5CL,06/03/2026 3:22:04 AM,8M5CL,D1D,3,7873113
D601506,179,5DXAI179MVB7,0,0,0,0,0,0,0,1.5993940225,1.8846867071,0,0,0,0,0,0,1.6623167902,0,0.8002320688,0.5958400855,6.5424696741,D6015060,PNCB,03/30/2026 3:13:31 PM,BPD432,8M5CL,8M5CL,06/03/2026 1:38:18 PM,8M5CL,D1D,4,7873134
D601554,1,GT9FQ001JKD2,0,0,0,0,0,0,0.3491411605,0,0.5633348839,0,0,0,0,0,0,0,0,0,0.6176937049,1.5301697493,D6015540,PXMG,03/31/2026 8:34:12 PM,BPD448,8M5CL,8M5CL,06/30/2026 11:06:30 PM,8M5CL,D1D,1,7886956
D601554,2,GT9FQ002JKA1,0,0,0,0,0,0,0.2953406543,2.5753118304,3.5312202759,0,0,0,0,0,0,7.8395620536,0,3.6359048522,0,17.877339666,D6015540,PXMG,03/31/2026 8:34:12 PM,BPD448,8M5CL,8M5CL,06/30/2026 11:41:46 PM,8M5CL,D1D,2,7886723
D551291,10,KJ5RK010WFC7,0,0,0,0,0,0,1.9999942001,3.6957123573,2.1969070294,0,0,0,0,0,0,6.3234709382,0,2.7223070001,0.8280178096,17.766409335,D5512910,PXMG,03/29/2026 3:04:32 AM,BPD436,8M5CL,8M5CL,04/08/2026 2:07:54 PM,8M5CL,D1D,1,7818446
D551291,14,KJ5RK014WFF1,0,0,0,0,0,0,0.319963005,0,1.338830423,0,0,0,0,0,0,6.606152942,0,7.2932168106,0,13.756036267,D5512910,PXMG,03/29/2026 3:04:32 AM,BPD436,8M5CL,8M5CL,06/17/2026 6:17:02 AM,8M5CL,D1D,2,7818378
D551294,416,KJ7KN416WFB3,1.3761136234,0,0,0,0,0,0.483454446,0,1.3046854947,0,0,0,0,0,0,1.2360855496,0,6.3049403981,0,10.705279512,D5512940,PXMG,03/29/2026 1:31:10 PM,BPD442,8M5CL,8M5CL,06/30/2026 8:46:58 PM,8M5CL,D1D,1,7820605
D551294,436,KJ7JA436WFC4,0,0,0,0,0,0,0.769894899,0,0,0,0,0,0,0,0,0,0,0,1.8543405482,2.6242354472,D5512940,PXMG,03/29/2026 1:31:10 PM,BPD442,8M5CL,8M5CL,06/30/2026 9:13:12 PM,8M5CL,D1D,2,7820705
D552332,12,KJ7HC012WFE2,2.5034372621,0,0,0,0,0,0,2.173410674,0,0,5.2243521626,0,0,0.9868821136,0,0,8.408092923,0.7804313122,0,16.961940662,D5523320,PXMG,03/29/2026 8:38:06 PM,BPD436,8M5CL,8M5CL,07/03/2026 11:30:59 PM,8M5CL,D1D,1,7836912
D552332,13,KJ7HC013WFB1,0,0,0,0,0,0,0,0,0,0,0,0,0,0,0,2.7907153088,0,1.6578331044,0,4.4485484133,D5523320,PXMG,03/29/2026 8:38:06 PM,BPD436,8M5CL,8M5CL,07/04/2026 6:11:38 AM,8M5CL,D1D,2,7836949
D601543,554,MCJ1P554WAD2,0,0,0,0,0,0,0,7.8270485509,0,0,0,0,0,0,0,2.1952994072,1.8272946685,1.9445917118,0,13.794234338,D6015430,PXMG,04/05/2026 1:25:42 AM,BPD450,8M5CL,8M5CL,07/04/2026 11:06:56 PM,8M5CL,D1D,1,7869452
D601543,560,MCJ1P560WAF4,0,0,0,0,0,0,0.5059985436,19.19644098,1.3880047497,0,0,0,0,0,0,1.8696910312,0,5.2549695587,0,27.13704132,D6015430,PXMG,04/05/2026 1:25:42 AM,BPD450,8M5CL,8M5CL,07/05/2026 1:34:22 AM,8M5CL,D1D,2,7869380
D552341,852,GT9LM852JKC5,0,0,0,0,0,0,1.5724612559,1.0534213993,1.3278827576,0,0,0,0,0,0,0,0,1.7296519614,0,5.6345509368,D5523410,PXMG,04/11/2026 12:29:56 AM,BPD432,8M5CL,8M5CL,06/17/2026 12:02:27 AM,8M5CL,D1D,1,7849365
D552341,854,GT9LM854JKD6,0,0,0,0,0,0,0,0,1.2174824356,0,0,0,0,0,0,0,0,2.7850064659,0,4.0024889015,D5523410,PXMG,04/11/2026 12:29:56 AM,BPD432,8M5CL,8M5CL,06/16/2026 5:33:27 PM,8M5CL,D1D,2,7849356
D551251,561,GT6ER561JKC7,1.3230249228,0,0,0,0,0,0,0,1.4914906747,0,0,0,0,0,0,7.8991332159,0.6531134689,12.623726816,0,23.990489098,D5512510,PXMG,04/10/2026 12:29:28 PM,BPD442,8M5CL,8M5CL,06/11/2026 7:34:07 PM,8M5CL,D1D,1,7817662
D551251,563,GT6ER563JKE0,0,0,0,0,0,0,0,0,1.339667597,0,0,0,0,0,0,0,0,13.644514475,0,14.984182072,D5512510,PXMG,04/10/2026 12:29:28 PM,BPD442,8M5CL,8M5CL,06/11/2026 1:42:16 PM,8M5CL,D1D,2,7817795
D601555,155,A24ZQ155SLE2,0,0,0,0,0,0,0.9284686314,0,3.3688025111,0,0,0,0,0,0,10.035077667,0,2.51524921,0,16.847598019,D6015550,PXMG,04/10/2026 3:56:33 PM,BPD446,8M5CL,8M5CL,07/05/2026 5:48:56 AM,8M5CL,D1D,1,7886866
D601555,156,A24ZQ156SLB1,0.9500783409,0,0,0,0,0,0,0.952292945,0,0,0,0,0,0,0,1.6997910934,2.2693379977,0,0.9185284799,6.7900288569,D6015550,PXMG,04/10/2026 3:56:33 PM,BPD446,8M5CL,8M5CL,07/05/2026 12:25:28 AM,8M5CL,D1D,2,7886792
D551256,579,GT8RR579JKD0,0.7616891124,0,0,0,0,0,0.1721732453,0.7634640943,2.679335194,0,0,0,0,0,0,0,0,4.4021082303,0,8.7787698763,D5512560,PXMG,04/10/2026 12:52:02 AM,BPD436,8M5CL,8M5CL,07/02/2026 8:58:12 AM,8M5CL,D1D,1,7820717
D551256,580,GT8RR580JKG1,2.827039959,0,0,0,0,0,0,0,1.3278827576,0,0,0,0,0,0,3.1357496085,0,1.6432494145,0,8.9339217396,D5512560,PXMG,04/10/2026 12:52:02 AM,BPD436,8M5CL,8M5CL,07/02/2026 8:46:58 AM,8M5CL,D1D,2,7820649
D551256,592,GT8RR592JKE3,0,0,0,0,0,0,0,0,0,0,0,0,0,0,0,2.7661658372,0,0.756528103,0,3.5226939403,D5512560,PXMG,04/10/2026 12:52:02 AM,BPD436,8M5CL,8M5CL,07/02/2026 6:50:33 PM,8M5CL,D1D,3,7820784
D551256,598,GT8RR598JKA3,0,0,0,0,0,0,0,0,0,0,0,0,0,0,0,4.7914267564,0,2.7715341079,0,7.5629608643,D5512560,PXMG,04/10/2026 12:52:02 AM,BPD436,8M5CL,8M5CL,07/02/2026 12:36:10 PM,8M5CL,D1D,4,7820572
D552337,170,5DWYT170MVB0,0.5951413056,0,0,0,0,0,0.1803307889,2.996794749,0,0,0,0,0,0,0,0,2.9185380745,5.4252851471,0,12.116090065,D5523370,PXMG,04/09/2026 8:59:16 PM,BPD442,8M5CL,8M5CL,07/03/2026 5:26:14 AM,8M5CL,D1D,1,7849243
D552337,171,5DWYT171MVF2,0,0,0,0,0,0,0,0,4.5823376748,0,0,0,0,0,0,0,0,4.8434818884,0,9.4258195632,D5523370,PXMG,04/09/2026 8:59:16 PM,BPD442,8M5CL,8M5CL,07/03/2026 4:53:19 AM,8M5CL,D1D,2,7849021
D601558,13,A25GX013SLH2,0,0,0,0,0,0,3.4809591806,1.0627704189,0,0,0,0,0,0,0,0,0,2.421075326,0,6.9648049255,D6015580,PXMG,04/09/2026 11:50:36 PM,BPD444,8M5CL,8M5CL,06/16/2026 3:17:02 PM,8M5CL,D1D,1,7889872
D601558,16,A25GX016SLF2,0.9421062061,0,0,0,0,0,0.2129560634,2.4803609558,0,0,0,0,0,0,0,0,0,3.8581635722,0,7.4935867974,D6015580,PXMG,04/09/2026 11:50:36 PM,BPD444,8M5CL,8M5CL,06/17/2026 12:14:52 AM,8M5CL,D1D,2,7889988
D551250,609,GT6ER609JKB5,2.8219438968,0,0,0,0,0,0.3551871927,0,1.42155195,0,0,0,0,0,0,0,0,2.76435239,0,7.3630376482,D5512500,PXMG,04/10/2026 3:42:53 PM,BPD444,8M5CL,8M5CL,06/14/2026 2:35:38 PM,8M5CL,D1D,1,7817641
D551250,611,GT6ER611JKB5,0,0,0,0,0,0,4.7629509591,0.6934144332,15.062547524,0,0,0,0,0,0,2.5748686336,0,3.7865112228,0,23.929272191,D5512500,PXMG,04/10/2026 3:42:53 PM,BPD444,8M5CL,8M5CL,06/14/2026 12:31:27 PM,8M5CL,D1D,2,7817646
D551292,11,KJ7HA011WFG5,0,0,0,0,0,0,0.1721732453,0,1.6908854863,0,0,0,0,1.9944207054,0,1.7232855624,0,1.1659412425,0,6.746706242,D5512920,PXMG,04/08/2026 1:24:16 PM,BPD454,8M5CL,8M5CL,07/01/2026 7:25:50 PM,8M5CL,D1D,1,7818380
D551292,15,KJ7HA015WFB4,0,0,0,0,0,0,0,1.1204728621,0,0,0,0,0,0,0,7.3933432456,0,0.8232743285,7.1839774731,15.650798716,D5512920,PXMG,04/08/2026 1:24:16 PM,BPD454,8M5CL,8M5CL,07/01/2026 1:44:53 AM,8M5CL,D1D,2,7818461
D552329,228,A26GV228SLC7,0.7925181682,0,0,0,0,0,1.1277019028,8.206724495,0,0,0,0,0,0,0,6.5637235912,5.4413679669,3.7251751683,0,25.857211292,D5523290,PXMG,04/09/2026 3:47:52 PM,BPD436,8M5CL,8M5CL,04/10/2026 8:30:05 AM,8M5CL,D1D,1,7836987
D552329,236,A26GV236SLG2,0,0,0,0,0,0,0,0,0,0,0,0,0,0,0,3.2936066745,1.0123049766,5.6813567147,0,9.9872661666,D5523290,PXMG,04/09/2026 3:47:52 PM,BPD436,8M5CL,8M5CL,06/13/2026 4:48:36 PM,8M5CL,D1D,2,7837092
D601541,305,GT5VX305JKB6,0,0,0,0,0,0,0,0,0,0,0,0,0,0.9651464139,0,0,0.5866315214,0,1.7894036386,3.3411815739,D6015410,PXMG,04/07/2026 9:15:06 AM,BPD432,8M5CL,8M5CL,06/30/2026 10:47:32 PM,8M5CL,D1D,1,7869572
D601541,306,GT5VX306JKG0,0,0,0,0,0,0,0,0,0,0,0,0,0,0,0,1.0580397395,0,3.9546187061,0,5.0126584456,D6015410,PXMG,04/07/2026 9:15:06 AM,BPD432,8M5CL,8M5CL,06/30/2026 11:39:10 PM,8M5CL,D1D,2,7869434
D551293,54,A25J0054SLB3,0,0,0,0,0,0,0.2106842799,1.812757893,0,0,0,0,0,0,0,1.9325400432,0,0,0,3.955982216,D5512930,PXMG,04/06/2026 10:09:44 AM,BPD450,8M5CL,8M5CL,07/01/2026 8:13:24 PM,8M5CL,D1D,1,7820580
D551293,55,A25J0055SLF5,0,0,0,0,0,0,0.0964214548,0,0,0,0,0,0,0,0,2.8984167737,0,0,0,2.9948382286,D5512930,PXMG,04/06/2026 10:09:44 AM,BPD450,8M5CL,8M5CL,07/01/2026 3:19:02 PM,8M5CL,D1D,2,7820745
D551293,188,A25J0188SLB4,0,0,0,0,0,0,0,1.6049743706,0.7178132172,0,0,0,0,0,0,1.6157219079,0,0.8920807853,0,4.830590281,D5512930,PXMG,04/06/2026 10:09:44 AM,BPD450,8M5CL,8M5CL,07/02/2026 12:31:25 PM,8M5CL,D1D,3,7820769
D551293,189,A25J0189SLF6,0,0,0,0,0,0,0,0,0,0,0,0,0,0,0,1.0674297465,0,0,0,1.0674297465,D5512930,PXMG,04/06/2026 10:09:44 AM,BPD450,8M5CL,8M5CL,07/01/2026 7:33:27 PM,8M5CL,D1D,4,7820688
D552338,222,GT7EJ222JKF3,1.7936269687,0,0,0,0,0,0,0.9291946465,0,0,0,0,0,0,0,2.6899214395,0,6.3668767381,0,11.779624191,D5523380,PXMG,04/06/2026 9:44:43 PM,BPD446,8M5CL,8M5CL,06/12/2026 7:50:19 PM,8M5CL,D1D,1,7849247
D552338,243,GT7EJ243JKD7,0,0,0,0,0,0,0,0.9323713729,0,0,0,0,0,0,0,0,0,0.9321006881,0.8993145535,2.7637888333,D5523380,PXMG,04/06/2026 9:44:43 PM,BPD446,8M5CL,8M5CL,04/08/2026 2:05:08 PM,8M5CL,D1D,2,7849121
D552336,14,KJ7HC014WFF3,7.6490313305,0,0,0,0,0,0,0.8239756623,1.4458483607,0,1.7082932377,0,0,0,0,0,0,3.8011556609,4.7054156689,17.679683504,D5523360,PXMG,04/06/2026 5:17:24 PM,BPD454,8M5CL,8M5CL,06/13/2026 7:09:46 AM,8M5CL,D1D,1,7846850
D552336,18,KJ7HC018WFA2,2.1065371085,0,0,0,0,0,0.6754080577,3.3479249524,0,0,0,0,0,0,0,2.0347593055,0,0,0.8423698514,9.0069970763,D5523360,PXMG,04/06/2026 5:17:24 PM,BPD454,8M5CL,8M5CL,06/21/2026 7:11:14 PM,8M5CL,D1D,2,7846935
D601545,146,5DXBG146MVA0,1.4626371268,0,0,0,0,0,0,1.9368438964,0,0,0,0,0,0,0,0,0,0.756528103,0,4.1560091262,D6015450,PXMG,04/13/2026 11:20:23 AM,BPD458,8M5CL,8M5CL,06/21/2026 11:21:37 AM,8M5CL,D1D,1,7883554
D601545,149,5DXBG149MVF3,0,0,0,0,0,0,0.7925294231,1.0627704189,0.614143741,0,0,0,0,0,0,2.7907153088,0,4.013899718,0,9.2740586098,D6015450,PXMG,04/13/2026 11:20:23 AM,BPD458,8M5CL,8M5CL,06/21/2026 3:47:53 PM,8M5CL,D1D,2,7883410
D552350,207,KJ7HH207WFG3,0,0,0,0,0,0,0.1093987913,1.0229398249,0,0,0,0,0,0,1.3651075252,8.0446861701,0,1.0226425154,0,11.564774827,D5523500,PXMG,04/12/2026 9:07:24 PM,BPD436,8M5CL,8M5CL,07/03/2026 10:58:19 AM,8M5CL,D1D,1,7851703
D552350,209,KJ7HH209WFA1,0,0,0,0,0,0,0,1.0627704189,1.339667597,0,0,0,0,0,0,0,0,5.1135010115,0,7.5159390275,D5523500,PXMG,04/12/2026 9:07:24 PM,BPD436,8M5CL,8M5CL,07/03/2026 11:26:41 AM,8M5CL,D1D,2,7851590
D601563,85,GT9FQ085JKE5,0,0,0,0,0,0,0.2438026403,1.2952974867,1.2810554756,0,0,0,0,0,0,3.3956269252,0,25.970090924,0,31.662733033,D6015630,PXMG,04/15/2026 8:59:27 PM,BPD436,8M5CL,8M5CL,04/16/2026 8:07:35 AM,8M5CL,D1D,1,7889751
D601563,86,GT9FQ086JKB4,1.7231928828,0,0,0,0,0,0,0,4.9073734851,0,0,0,0,0,0,8.3284045631,0.5886470397,15.515784412,0,27.94163095,D6015630,PXMG,04/15/2026 8:59:27 PM,BPD436,8M5CL,8M5CL,04/16/2026 8:07:45 AM,8M5CL,D1D,2,7889804
D552301,218,KJ7HH218WFA3,0,0,0,0,0,0,0,0.73123038,1.2831063744,0,0,0,0,0,0,1.6505278586,0.9263101501,3.49911056,0,8.0902853232,D5523010,PNCB,04/13/2026 12:56:32 AM,BPD442,8M5CL,8M5CL,07/03/2026 4:39:17 AM,8M5CL,D1D,1,7838988
D552301,256,KJ7HH256WFC4,0,0,0,0,0,0,0,1.9937280005,0,0,0,0,0,0,0,0,0,0,0,1.9937280005,D5523010,PNCB,04/13/2026 12:56:32 AM,BPD442,8M5CL,8M5CL,07/03/2026 4:17:45 AM,8M5CL,D1D,2,7839007
D551249,95,GT4JU095JKF7,2.0582512736,0,0,0,0,0,0.3813570822,6.5832481578,0,0,0,0,0,0,0,0,0,10.315813243,0,19.338667538,D5512490,PXMG,04/16/2026 12:14:12 AM,BPD444,8M5CL,8M5CL,07/06/2026 5:20:13 AM,8M5CL,D1D,1,7818000
D551249,96,GT4JU096JKC6,0,0,0,0,0,0,0,6.8735988217,0,0,0,0,0,0,0,1.8914983936,0,15.056571853,0,22.40834042,D5512490,PXMG,04/16/2026 12:14:12 AM,BPD444,8M5CL,8M5CL,07/04/2026 11:44:57 PM,8M5CL,D1D,2,7817884
D601495,352,GT6QX352JKF6,0,0,0,0,0,0,0.2146302481,0,4.7061400743,0,0,0,0,0,0,1.6505278586,0,9.795214512,0,16.366512693,D6014950,PNCB,04/15/2026 1:03:41 AM,BPD448,8M5CL,8M5CL,07/03/2026 9:43:49 PM,8M5CL,D1D,1,7869600
D601495,355,GT6QX355JKD6,1.4607884348,0,0,0,0,0,0,4.2594219213,0,0,0,0,0,0,0,6.9225617148,0,4.0481255554,1.3264247834,17.561031753,D6014950,PNCB,04/15/2026 1:03:41 AM,BPD448,8M5CL,8M5CL,07/02/2026 11:59:44 AM,8M5CL,D1D,2,7869601
D601560,60,A25GX060SLC2,0,0,0,0,0,0,0,0,0,0,0,0,0,0,0,0,0,0,0,0,D6015600,PXMG,04/15/2026 1:47:50 AM,BPD446,8M5CL,8M5CL,07/06/2026 11:50:28 PM,8M5CL,D1D,1,7889801
D601560,61,A25GX061SLG4,0,0,0,0,0,0,0.2842234159,0,0,0,0,0,0,0,0,0,0,1.0205968487,0,1.3048202646,D6015600,PXMG,04/15/2026 1:47:50 AM,BPD446,8M5CL,8M5CL,06/29/2026 7:37:51 PM,8M5CL,D1D,2,7889848
D551243,51,A25UP051SLE1,1.3043743004,0,0,0,0,0,0,1.6760089192,1.4042236891,0,0,0,0,0,0,0,0,1.8196937049,0,6.2043006136,D5512430S,PXMG,04/16/2026 12:55:58 PM,BPD446,8M5CL,8M5CL,06/29/2026 5:16:43 PM,8M5CL,D1D,1,8447780
D551243,53,A25UP053SLF2,0,0,0,0,0,0,0.2573324399,0,0.7052446876,0,0,0,0,0,0,4.7973434524,0,0.8764594427,0,6.6363800226,D5512430S,PXMG,04/16/2026 12:55:58 PM,BPD446,8M5CL,8M5CL,06/29/2026 5:46:18 PM,8M5CL,D1D,2,8447803
D551243,57,A25UP057SLA1,0,0,0,0,0,0,0,0,1.339667597,0,0,0,0,0,0,0,0,0,0,1.339667597,D5512430S,PXMG,04/16/2026 12:55:58 PM,BPD446,8M5CL,8M5CL,06/29/2026 5:28:25 PM,8M5CL,D1D,3,8447761
D551243,93,A25UP093SLB1,0,0,0,0,0,0,0,1.0603298188,0,0,0,0,0,0,0,0,0,0,0,1.0603298188,D5512430S,PXMG,04/16/2026 12:55:58 PM,BPD446,8M5CL,8M5CL,06/29/2026 5:31:29 PM,8M5CL,D1D,4,8447788
D551252,245,GT7EJ245JKF0,1.174132784,0,0,0,0,0,0.2289771039,2.1248219702,7.9053966834,0,0,0,0,0,0,14.583329032,0.9882300536,9.6283915925,0,35.588844364,D5512520,PXMG,04/16/2026 11:01:38 AM,BPD432,8M5CL,8M5CL,07/06/2026 1:12:45 AM,8M5CL,D1D,1,7817610
D551252,321,GT7EJ321JKA2,0,0,0,0,0,0,2.2209683028,0,14.219932548,0,0,0,0,0,0,2.5506334744,1.9095410705,19.651969595,0,38.779045977,D5512520,PXMG,04/16/2026 11:01:38 AM,BPD432,8M5CL,8M5CL,07/06/2026 1:39:41 AM,8M5CL,D1D,2,7817571
D552340,659,GU6EW659JDB1,0,0,0,0,0,0,1.6541699855,2.5639147765,1.4267681781,0,0,0,0,0,0,2.7372373226,2.1572264837,0,0,10.539318965,D5523400,PXMG,04/16/2026 1:20:34 AM,BPD454,8M5CL,8M5CL,04/16/2026 8:13:17 AM,8M5CL,D1D,1,7849071
D552340,665,GU6EW665JDD3,0,0,0,0,0,0,0,0,0,0,0,0,0,0,0,1.9917981696,4.2332519825,4.158900209,0,10.38395258,D5523400,PXMG,04/16/2026 1:20:34 AM,BPD454,8M5CL,8M5CL,04/16/2026 8:13:29 AM,8M5CL,D1D,2,7849312
D551243,47,A26LJ047SLF1,0,0,0,0,0,0,0,0,0,0,0,0,0,0,0,1.8418898537,0.5866315214,0.7632422215,0,3.1917635966,D5512430,PXMG,04/16/2026 12:01:30 PM,BPD446,8M5CL,8M5CL,06/29/2026 5:32:21 PM,8M5CL,D1D,1,7805212
D551243,60,A25UP060SLE3,0,0,0,0,0,0,0.2338991364,1.1695000805,0,0,0,0,0,0,0,1.8963476508,0,0.8398913422,0.8103493596,4.9499897687,D5512430,PXMG,04/16/2026 12:01:30 PM,BPD446,8M5CL,8M5CL,07/02/2026 9:37:37 AM,8M5CL,D1D,2,7804912
D601564,6,GT9FQ006JKC3,0,0,0,0,0,0,3.8221229252,0,1.3278827576,0,0,0,0,0,0,1.7081260978,0,14.530978352,0.7299176669,22.119027799,D6015640,PXMG,04/29/2026 2:13:04 AM,BPD432,8M5CL,8M5CL,07/04/2026 5:54:01 AM,8M5CL,D1D,1,7891187
D601564,7,GT9FQ007JKG5,0,0,0,0,0,0,0,0.5952845582,0,0,0,0,0,0,0,1.7232855624,0,0,0,2.3185701206,D6015640,PXMG,04/29/2026 2:13:04 AM,BPD432,8M5CL,8M5CL,07/06/2026 2:55:00 AM,8M5CL,D1D,2,7891133
D552333,65,KJ7HC065WFC5,0,0,0,0,0,0,0.2240914662,1.0627704189,1.339667597,0,0,0,0,0,0,0,0.9671432685,0,0,3.5936727506,D5523330,PXMG,05/01/2026 12:48:56 PM,BPD454,8M5CL,8M5CL,07/07/2026 12:03:04 AM,8M5CL,D1D,1,7836922
D552333,111,KJ7HC111WFG4,0,0,0,0,0,0,0.2240914662,0,0,0,0,0,0,0,0,1.4868801592,0,0.7632422215,0,2.4742138469,D5523330,PXMG,05/01/2026 12:48:56 PM,BPD454,8M5CL,8M5CL,07/07/2026 12:27:37 AM,8M5CL,D1D,2,7836942
D552347,205,GT9FQ205JKD6,0,0,0,0,0,0,0,0.7125598318,0,0,0,0,0,1.1552869136,0,2.7214754832,0,4.2936812416,0,8.8830012515,D5523470,PXMG,05/07/2026 4:14:31 PM,BPD442,8M5CL,8M5CL,07/07/2026 12:53:56 AM,8M5CL,D1D,1,7851673
D552347,207,GT9FQ207JKE7,0,0,0,0,0,0,0,3.5281404185,0,0,0,0,0,0,0,0,1.868443583,0,0,5.3965840015,D5523470,PXMG,05/07/2026 4:14:31 PM,BPD442,8M5CL,8M5CL,07/06/2026 12:31:55 PM,8M5CL,D1D,2,7851685
D552347,206,GT9FQ206JKA5,1.9152696502,0,0,0,0,0,0.3542816708,11.035125765,0,0,0,0,0,3.3216729874,0,15.327032849,0,0,0.7658857399,28.91883874,D5523470AN,PXMG,05/07/2026 6:17:47 PM,BPD442,8M5CL,8M5CL,07/06/2026 10:00:51 AM,8M5CL,D1D,1,8572405
D552347,208,GT9FQ208JKB6,0,0,0,0,0,0,0.9575270638,7.835810202,3.5334150871,0,0,0,0,0,0,16.701752174,0,7.8935526493,0,36.922059375,D5523470AN,PXMG,05/07/2026 6:17:47 PM,BPD442,8M5CL,8M5CL,07/06/2026 12:19:47 PM,8M5CL,D1D,2,8572373
D552347,210,GT9FQ210JKB6,3.689602953,0,0,0,0,0,0.9792486571,4.0170454698,0,0,0,0,0,0,0,5.3355551961,2.0404156726,2.8882087749,0,18.950081122,D5523470AN,PXMG,05/07/2026 6:17:47 PM,BPD442,8M5CL,8M5CL,05/08/2026 7:57:04 AM,8M5CL,D1D,3,8573851
D552347,215,GT9FQ215JKA7,2.1804321535,0,0,0,0,0,0,2.4990014693,12.382761928,0,0,0,0,0,0,4.3183268654,0,1.4803837254,0,22.289353091,D5523470AN,PXMG,05/07/2026 6:17:47 PM,BPD442,8M5CL,8M5CL,07/06/2026 9:57:03 AM,8M5CL,D1D,4,8573929
D552984,779,MCKCP779WAG4,0,0,0,0,0,0,1.607148496,3.8514511548,5.635241413,0,0,0,0,0,0,11.466030364,0,13.391355462,0.8079562346,35.393432168,D5529840,PXMG,06/30/2026 2:46:38 AM,BPD436,8M5CL,8M5CL,06/30/2026 8:37:42 AM,8M5CL,D1D,1,7865581
D552984,781,MCKCP781WAG4,0,0,0,0,0,0,4.957810692,2.3473447961,22.694565931,0,0,0,0,0,0,3.0819321535,0,4.8056858673,0,35.170647532,D5529840,PXMG,06/30/2026 2:46:38 AM,BPD436,8M5CL,8M5CL,06/30/2026 8:37:48 AM,8M5CL,D1D,2,7865609
D552984,795,MCKCP795WAF7,0,0,0,0,0,0,0,0,0,0,0,0,0,0,0,1.7232855624,0,0,1.9322896824,3.6555752448,D5529840,PXMG,06/30/2026 4:58:44 AM,BPD454,8M5CL,8M5CL,06/30/2026 8:31:39 AM,8M5CL,D1D,3,7865622
D552984,797,MCKCP797WAH0,0,0,0,0,0,0,0,0,1.339667597,0,0,0,0,0,0,7.9198871919,6.0112225188,4.8192977599,0,20.090075068,D5529840,PXMG,06/30/2026 4:58:44 AM,BPD454,8M5CL,8M5CL,06/30/2026 8:32:01 AM,8M5CL,D1D,4,7865623
D552984,853,MCKCP853WAA5,3.1207665389,0,0,0,0,0,0,0,0,0,0,0,0,0,0,6.4900305453,0,4.2836415002,1.255919513,15.150358097,D5529840,PXMG,06/30/2026 4:58:44 AM,BPD454,8M5CL,8M5CL,06/30/2026 8:37:36 AM,8M5CL,D1D,5,7865557
D538025,261,GR4XN261JKF1,0,0,0,0,0,0,0.229880126,0,1.4108199656,0,0,0,0,0,0,0.7499564819,0,4.9421864137,0,7.3328407685,D5380250,PXMG,11/30/2025 4:55:16 PM,BPD448,8M5CL,8M5CL,02/14/2026 5:22:21 AM,8M5CL,D1D,1,7334949
D538025,262,GR4XN262JKC0,0,0,0,0,0,0,0,0,0.5922339505,0,1.6640385429,0,0,0,0,0,1.016758376,3.2095858716,0,6.4826167411,D5380250,PXMG,11/30/2025 4:55:16 PM,BPD448,8M5CL,8M5CL,02/14/2026 5:19:39 AM,8M5CL,D1D,2,7334986
D540996,81,GS0ZL081JKG4,0,0,0,0,0,0,0.2719605096,2.2163378188,0,0,2.6926719643,0,0,0,0,0,0,0,1.115305446,6.29627352,D5409960,PXMG,12/29/2025 11:01:25 AM,BPD444,8M5CL,8M5CL,03/05/2026 9:00:22 PM,8M5CL,D1D,1,7436260
D540996,84,GS0ZL084JKE4,1.686870737,0,0,0,0,0,0,0,0,0,0,0,0,0,0,0,0,1.1204555072,0,2.8073262441,D5409960,PXMG,12/29/2025 11:01:25 AM,BPD444,8M5CL,8M5CL,03/05/2026 4:11:33 PM,8M5CL,D1D,2,7436242
D540996,85,GS0ZL085JKB3,1.1727261108,0,0,0,0,0,0.2169294142,0,0,0,0,0,0,0,0,0,0,0,0,1.389655525,D5409960,PXMG,12/29/2025 11:01:25 AM,BPD444,8M5CL,8M5CL,03/05/2026 9:39:51 PM,8M5CL,D1D,3,7436345
D540996,86,GS0ZL086JKF5,0,0,0,0,0,0,0.9383433585,0,0,0,0,0,0,0,0,0,0,0.9186164483,0.8863056609,2.7432654677,D5409960,PXMG,12/29/2025 11:01:25 AM,BPD444,8M5CL,8M5CL,03/05/2026 9:50:59 PM,8M5CL,D1D,4,7436099
D541358,42,MCFJF042WAG6,0,0,0,0,0,0,0,1.7854261161,1.3174057231,0,0,0,0,0,0,1.7096699429,0,3.569812006,0,8.3823137881,D5413580,PXMG,01/02/2026 2:50:44 AM,BPD432,8M5CL,8M5CL,02/18/2026 6:44:25 PM,8M5CL,D1D,1,7454096
D541358,48,MCFJF048WAC6,1.568181594,0,0,0,0,0,0.5959022321,0,1.8282843128,0,0,0,0,0,0,12.919632871,0,5.7220970726,0,22.634100282,D5413580,PXMG,01/02/2026 2:50:44 AM,BPD432,8M5CL,8M5CL,02/19/2026 6:39:33 AM,8M5CL,D1D,2,7454123
D539147,729,GQ6VU729JKC1,0.596287423,0,0,0,0,0,0,0,0,0,1.9197161543,0,0,0,0,0,1.9092393235,10.911581484,0,15.336826603,D5391470,PXMG,12/12/2025 3:33:23 PM,BPD442,8M5CL,8M5CL,02/14/2026 2:09:32 AM,8M5CL,D1D,1,7371433
D539147,730,GQ6VU730JKF2,0,0,0,0,0,0,0.3266090164,3.4643181206,0,0,0,0,0,5.6112613071,0,6.0426714578,0,1.5736950124,0,16.395734357,D5391470,PXMG,12/12/2025 3:33:23 PM,BPD442,8M5CL,8M5CL,02/14/2026 2:08:08 AM,8M5CL,D1D,2,7371401
D540186,53,A1ZD8053SLH0,0,0,0,0,0,0,0,0,0,0,0,0,0,0,0,0,0,0,0.4698709926,0.4698709926,D5401860,PXMG,12/18/2025 12:14:50 AM,BPD446,8M5CL,8M5CL,02/14/2026 1:04:02 AM,8M5CL,D1D,1,7405314
D540186,54,A1ZD8054SLD7,0,0,0,0,0,0,0,0,0,0,0,0,0,0,0,0,0,0,0,0,D5401860,PXMG,12/18/2025 12:14:50 AM,BPD446,8M5CL,8M5CL,02/14/2026 1:03:28 AM,8M5CL,D1D,2,7405360
D540186,55,A1ZD8055SLA6,1.5362734683,0,0,0,0,0,0,9.1454744828,0,0,0,0,0,0,0,16.066470636,0,1.5394063114,0,28.287624898,D5401860,PXMG,12/18/2025 12:14:50 AM,BPD446,8M5CL,8M5CL,02/14/2026 1:03:20 AM,8M5CL,D1D,3,7405321
D540186,56,A1ZD8056SLF0,0,0,0,0,0,0,0.2645627159,0,0.7250574136,0,0,0,0,0,0,7.8647100154,0.692577287,0.9010821502,0,10.447989582,D5401860,PXMG,12/18/2025 12:14:50 AM,BPD446,8M5CL,8M5CL,02/14/2026 1:02:34 AM,8M5CL,D1D,4,7405324
D539148,818,GQ6VU818JKH2,3.9740201332,0,0,0,0,0,0.2236134331,14.902343483,0,0,0,0,0,0,0,11.693778044,0,22.268730196,0,51.67331276,D5391480,PXMG,12/19/2025 6:25:25 PM,BPD446,8M5CL,8M5CL,02/17/2026 9:01:33 PM,8M5CL,D1D,1,7371397
D539148,826,GQ6VU826JKD2,0,0,0,0,0,0,0.447413799,2.712830606,0,0,0,0,0,0,0,0,0,3.3099731923,0,6.4702175973,D5391480,PXMG,12/19/2025 6:25:25 PM,BPD446,8M5CL,8M5CL,02/15/2026 7:01:42 PM,8M5CL,D1D,2,7371457
D538045,54,A1ZLP054SLA0,1.6673835407,0,0,0,0,0,0,0,0,0,0,0,0,0,0,3.772376804,0,1.6707835187,0,7.1105460626,D5380450,PXMG,12/27/2025 10:32:07 PM,BPD448,8M5CL,8M5CL,03/08/2026 3:22:33 AM,8M5CL,D1D,1,7341683
D538045,55,A1ZLP055SLE2,0,0,0,0,0,0,1.1588368774,0.9450336501,0,0,0,0,0,0,0,2.7357707438,0,1.2116714327,0,6.0513104852,D5380450,PXMG,12/27/2025 10:32:07 PM,BPD448,8M5CL,8M5CL,03/04/2026 9:19:29 PM,8M5CL,D1D,2,7341666
D538036,231,A1ZLP231SLG0,0.6520617921,0,0,0,0,0,0.2571571605,1.3272183176,0,0,0,0,0,0,0,6.8208294866,0,4.1924429296,0.845057794,13.063917892,D5380360,PXMG,12/24/2025 7:02:49 AM,BPD450,8M5CL,8M5CL,02/16/2026 7:04:00 AM,8M5CL,D1D,1,7339837
D538036,234,A1ZLP234SLE0,0,0,0,0,0,0,0,0,0,0,0,0,0,0,0,1.256874678,0,3.9365565976,0,5.1934312756,D5380360,PXMG,12/24/2025 7:02:49 AM,BPD450,8M5CL,8M5CL,02/14/2026 4:47:31 AM,8M5CL,D1D,2,7339885
D538037,6,A1ZSY006SLD0,0,0,0,0,0,0,0.6580496963,0,2.0189535861,0,0,0,0,0,0,0,1.4575393589,0,0,4.134540442,D5380370,PXMG,12/24/2025 4:47:59 AM,BPD454,8M5CL,8M5CL,02/16/2026 1:46:56 PM,8M5CL,D1D,1,7339917
D538037,13,A1ZSY013SLC1,1.4409968768,0,0,0,0,0,0.2717341994,0,3.2489712636,0,0,0,0,0,0,0,1.8343151184,1.005953248,0,7.8019707062,D5380370,PXMG,12/24/2025 4:47:59 AM,BPD454,8M5CL,8M5CL,02/15/2026 11:15:47 AM,8M5CL,D1D,2,7340205
D538046,66,KJ1RP066WFB0,0.9959340603,0,0,0,0,0,0,2.3845589871,0,0,0,0,0,0,0,0,0.9586354655,6.5312764527,0,10.870404966,D5380460,PXMG,01/08/2026 5:59:26 PM,BPD432,8M5CL,8M5CL,03/08/2026 4:55:14 AM,8M5CL,D1D,1,7341520
D538046,176,KJ1RP176WFE5,0,0,0,0,0,0,0.3237236534,3.1175159617,0,0,0,0,0,0,0,5.2471733607,0,9.4521676815,7.9396590786,26.080241935,D5380460,PXMG,01/08/2026 5:59:26 PM,BPD432,8M5CL,8M5CL,03/15/2026 7:17:02 AM,8M5CL,D1D,2,7341488
D538024,360,GR4BV360JKD3,0,0,0,0,0,0,0.247965281,1.1732871194,4.2114643955,0,0,0,0,0,0,3.8137395382,0,19.967657604,0,28.102186446,D5380240,PXMG,01/04/2026 3:00:56 AM,BPD442,8M5CL,8M5CL,03/25/2026 3:56:56 AM,8M5CL,D1D,1,7334914
D538024,361,GR4BV361JKA2,0,0,0,0,0,0,0,2.4506465246,1.9800611018,0,0,0,0,0,0,2.5470568858,0,4.9006340872,0,11.878400818,D5380240,PXMG,01/04/2026 3:00:56 AM,BPD442,8M5CL,8M5CL,03/24/2026 1:32:54 AM,8M5CL,D1D,2,7334837
D538033,9,A1ZSS009SLG1,0,0,0,0.8249716549,0,0,0.7659335379,1.1595513076,5.2378296195,0,0,0,0,0,0,3.0448505626,0,9.7568359397,0.3454447607,21.135415164,D5380330,PXMG,01/04/2026 10:03:41 AM,BPD444,8M5CL,8M5CL,04/06/2026 6:53:10 AM,8M5CL,D1D,1,7340114
D538033,40,A1ZSS040SLA5,0,0,0,0,0,0,0.1706586651,0,1.3278827576,0,0,0,0,0,0,0,0,0.8222844701,0,2.3208258929,D5380330,PXMG,01/04/2026 10:03:41 AM,BPD444,8M5CL,8M5CL,04/06/2026 4:13:07 PM,8M5CL,D1D,2,7340089
D540210,7,KJ39E007WFG1,0,0,0,0,0,0,0.2125540838,0,1.339667597,0,0,0,0,0,0,0,0.5866315214,7.6009162864,0,9.7397694886,D5402100,PXMG,01/17/2026 12:27:16 PM,BPD432,8M5CL,8M5CL,03/01/2026 4:21:01 PM,8M5CL,D1D,1,7410004
D540210,32,KJ39E032WFF6,0,0,0,0,0,0,0,0,2.0448096934,0,0,0,0,0,0,6.6065048156,0,10.56725052,0.3313593091,18.282005229,D5402100,PXMG,01/17/2026 12:27:16 PM,BPD432,8M5CL,8M5CL,03/01/2026 2:53:46 PM,8M5CL,D1D,2,7410081
D540210,84,KJ39E084WFH2,0,0,0,0,0,0,0.7252993267,2.1929902371,2.4950032933,0,0,0,0,0,0,0,0,3.5554621633,0.7299176669,9.6986726874,D5402100,PXMG,01/17/2026 12:27:16 PM,BPD432,8M5CL,8M5CL,03/01/2026 5:25:24 PM,8M5CL,D1D,3,7410015
D540210,124,KJ39E124WFB4,0,0,0,0,0,0,0,0,0,0,0,0,0,0,0,7.4584940098,0,3.3929141833,0,10.851410392,D5402100,PXMG,01/17/2026 12:27:16 PM,BPD432,8M5CL,8M5CL,02/28/2026 1:25:57 AM,8M5CL,D1D,4,7409990
D539110,607,GS3WB607JKF6,2.6264962012,0,0,0,0,0,0,2.0871501979,3.7059514501,0,0,0,0,0,0,2.8050105694,0,24.609283292,1.3667516022,37.200645532,D5391100,PXMG,01/16/2026 8:59:07 AM,BPD454,8M5CL,8M5CL,03/15/2026 1:11:06 PM,8M5CL,D1D,1,7391728
D539110,727,GS3WB727JKG4,0,0,0,0,0,0,0.4481829324,1.0627704189,1.9030024808,0,0,0,0,0,0,5.4019311345,0,2.6924256856,0,11.508312652,D5391100,PXMG,01/16/2026 8:59:07 AM,BPD454,8M5CL,8M5CL,03/15/2026 12:47:38 PM,8M5CL,D1D,2,7391743
D539110,728,GS3WB728JKD3,0,0,0,0,0,0,0.4204888759,0,1.3278827576,0,0,0,0,0,0,1.0580397395,0,3.9785900907,0,6.7850014637,D5391100,PXMG,01/16/2026 8:59:07 AM,BPD454,8M5CL,8M5CL,03/15/2026 4:38:21 PM,8M5CL,D1D,3,7391630
D539110,729,GS3WB729JKA2,0,0,0,0,0,0,0,0,1.580803327,0,0,0,0,0,0,1.2595648821,1.1412268381,7.0885877265,1.7378892261,12.808072,D5391100,PXMG,01/16/2026 8:59:07 AM,BPD454,8M5CL,8M5CL,03/15/2026 1:15:05 PM,8M5CL,D1D,4,7391757
D541351,436,GS5LQ436JKA4,0,0,0,0,0,0,0,0.9955228081,1.7468651749,0,0,0,0,0,0,5.3881470946,0,6.4004498719,0,13.877832893,D5413510,PXMG,01/14/2026 7:06:27 AM,BPD448,8M5CL,8M5CL,02/26/2026 6:15:18 PM,8M5CL,D1D,1,7451826
D541351,437,GS5LQ437JKE6,0,0,0,0,0,0,2.7897989744,1.1708335364,13.047927524,0,0,0,0,0,0,1.8985095579,1.0654817038,2.6672497859,0,22.61696594,D5413510,PXMG,01/14/2026 7:06:27 AM,BPD448,8M5CL,8M5CL,02/26/2026 5:47:32 PM,8M5CL,D1D,2,7451818
D541909,883,GR8XT883JDC0,0,0,0,0,0,0,0,0,0,0,0,0,0,0,0,0,0,4.7137484606,0.7363956201,5.4501440807,D541909A,PXMG,01/14/2026 11:28:56 PM,BPD454,8M5CL,8M5CL,03/21/2026 5:28:27 PM,8M5CL,D1D,1,7833217
D541909,884,GR8XT884JDG2,4.4095384075,0,0,0,0,0,0,1.9408530555,0,0,0,0,0,0,0,0,0,5.0112399554,3.9376737961,15.299307414,D541909A,PXMG,01/14/2026 11:28:56 PM,BPD454,8M5CL,8M5CL,03/22/2026 1:06:59 AM,8M5CL,D1D,2,7833170
D541909,886,GR8XT886JDA0,1.3013075088,0,0,0,0,0,0.4804217359,0,0,0,0,0,0,0,0,1.9515851983,0,1.8789694965,1.3543260539,6.9666121926,D541909A,PXMG,01/14/2026 11:28:56 PM,BPD454,8M5CL,8M5CL,03/21/2026 3:57:34 PM,8M5CL,D1D,3,7952667
D541909,887,GR8XT887JDE2,0,0,0,0,0,0,0.5871839846,0,0,0,0,0,0,1.2644793633,0,1.8000202491,0,2.1719965519,1.0898455493,6.0670412624,D541909A,PXMG,01/14/2026 11:28:56 PM,BPD454,8M5CL,8M5CL,03/21/2026 1:59:42 PM,8M5CL,D1D,4,7952664
D538030,10,A1ZWL010SLD7,16.897484027,0,0,0,0,0,0.4704219299,1.1736016064,1.479375311,0,13.044407227,0,0,0,0,0,0,6.8094236863,5.621951665,38.830056239,D5380300,PXMG,01/13/2026 7:34:09 AM,BPD454,8M5CL,8M5CL,03/29/2026 8:39:50 PM,8M5CL,D1D,1,7337019
D538030,13,A1ZWL013SLB7,0,0,0,0,0,0,0.9558277588,0,2.5171462219,0,0,0,0,0,0,0,0,0,0,3.4729739807,D5380300,PXMG,01/13/2026 7:34:09 AM,BPD454,8M5CL,8M5CL,03/29/2026 9:35:07 PM,8M5CL,D1D,2,7337015
D538032,76,A20H5076SLF3,0,0,1.2673847007,1.922109192,0,0,0.4994405006,2.2187341847,1.4000124341,0,0,0,1.2752688671,0,0,1.8009107509,0,6.8571465347,0,17.241007165,D5380320,PXMG,01/12/2026 6:05:49 AM,BPD444,8M5CL,8M5CL,03/17/2026 4:53:40 PM,8M5CL,D1D,1,7337173
D538032,78,A20H5078SLG4,0,0,0,0,0,0,0,1.0534213993,1.1671205357,0,0,0,0,0,0,3.4908054011,0,6.0223155738,2.6452093091,14.378872219,D5380320,PXMG,01/12/2026 6:05:49 AM,BPD444,8M5CL,8M5CL,03/17/2026 10:29:02 PM,8M5CL,D1D,2,7337183
D538044,484,GR8CL484JKF6,0,0,0,0,0,0,0.4824735985,0,0,0,0,0,0,0,0,3.0042346751,0.7404298888,24.499867923,0,28.727006085,D5380440,PXMG,01/21/2026 7:02:10 PM,BPD458,8M5CL,8M5CL,03/27/2026 7:46:01 AM,8M5CL,D1D,1,7341318
D538044,485,GR8CL485JKC5,1.3826177218,0,0,0,0,0,4.5160043821,2.8317839528,9.1781718683,0,0,0,0,3.4051741092,0,20.808727525,1.1252475635,5.6352769127,0,42.590684287,D5380440,PXMG,01/21/2026 7:02:10 PM,BPD458,8M5CL,8M5CL,03/27/2026 11:03:15 AM,8M5CL,D1D,2,7341214
D538044,486,GR8CL486JKG7,1.3156793435,0,0,0,0,0,2.8381481667,0,11.385679775,0,0,0,0,0,0,27.647563638,3.2847548558,0.8739021187,0,42.928285531,D5380440,PXMG,01/21/2026 8:56:35 PM,BPD450,8M5CL,8M5CL,03/29/2026 4:46:13 AM,8M5CL,D1D,3,7341263
D538044,487,GR8CL487JKD6,0,0,0,0,0,0,0.4196367858,0,1.5563618261,0,0,0,0,0,0,2.0020309404,0,8.5701229714,0,12.548152524,D5380440,PXMG,01/21/2026 8:56:35 PM,BPD450,8M5CL,8M5CL,02/14/2026 4:28:27 AM,8M5CL,D1D,4,7341333
D538044,488,GR8CL488JKA5,0.7549886563,0,0,0,0,0,0.2106842799,3.6027121816,0,0,0,0,0,0,0,0,0.9586354655,3.210817429,0,8.7378380123,D5380440,PXMG,01/21/2026 8:56:35 PM,BPD450,8M5CL,8M5CL,03/27/2026 10:59:57 AM,8M5CL,D1D,5,7341360
D540199,279,MCEMT279WAB5,0,0,0,0,0,0,0.3939594538,0,0,0,0,0,0,0,0,2.5510971884,0,7.1125721696,0,10.05763103,D5401990,PXMG,01/23/2026 11:13:41 AM,BPD458,8M5CL,8M5CL,03/26/2026 4:59:55 PM,8M5CL,D1D,1,7408294
D540199,309,MCEMT309WAG1,0,0,0,0,0,0,0.1721732453,0,0,0,0,0,0,0,0,2.6887492543,0,8.297818559,0,11.158741059,D5401990,PXMG,01/23/2026 11:13:41 AM,BPD458,8M5CL,8M5CL,03/22/2026 7:30:20 PM,8M5CL,D1D,2,7408401
D540199,311,MCFME311WAC3,0,0,0,0,0,0,0,0,0,0,0,0,0,0,0,0,0,0.8295821704,0,0.8295821704,D5401990,PXMG,01/23/2026 11:13:41 AM,BPD458,8M5CL,8M5CL,03/23/2026 6:15:05 PM,8M5CL,D1D,3,7408358
D540199,317,MCEMT317WAC1,0,0,0,0,0,0,0.2240914662,0,0,0,0,0,0,0,0,1.906053231,0,4.0226947533,0,6.1528394505,D5401990,PXMG,01/23/2026 11:13:41 AM,BPD458,8M5CL,8M5CL,03/26/2026 11:16:14 PM,8M5CL,D1D,4,7408371
D540212,55,GS1QE055JKE3,0,0,0,0,0,0,1.3137195802,0.6966693063,0.7187389876,0,0,0,0,0,0,0,0,7.9245753629,0,10.653703237,D5402120,PXMG,01/22/2026 12:41:38 PM,BPD444,8M5CL,8M5CL,03/28/2026 3:26:17 PM,8M5CL,D1D,1,7411952
D540212,56,GS1QE056JKB2,0,0,0,0,0,0,0.2221201698,1.0534213993,1.3278827576,0,0,0,0,0,0,0.7246395638,0.9586354655,0,0.4554563085,4.7421556645,D5402120,PXMG,01/22/2026 12:41:38 PM,BPD444,8M5CL,8M5CL,03/25/2026 11:37:53 PM,8M5CL,D1D,2,7411977
D541315,16,GS1YD016JKG7,0,0,0,0,0,0,0.2106842799,1.0534213993,0,0,0,0,0,0,0,0.7246395638,0,0,0,1.988745243,D5413150,PXMG,01/21/2026 10:04:24 PM,BPD454,8M5CL,8M5CL,06/07/2026 10:03:24 PM,8M5CL,D1D,1,7443255
D541315,17,GS1YD017JKD6,0,0,0,0,0,0,0,0,0.5633348839,0,0,0,0,0,0,1.7232855624,0,1.9955234129,0,4.2821438592,D5413150,PXMG,01/21/2026 10:04:24 PM,BPD454,8M5CL,8M5CL,03/20/2026 8:49:46 PM,8M5CL,D1D,2,7443320
D542415,51,A20V6051SLC6,0.7001859892,0,0,0,0,0,0,0,0,0,0,0,0,0,0,5.2406030287,1.1917672293,0.9405096649,0,8.0730636934,D5424150,PXMG,01/30/2026 9:23:24 AM,BPD446,8M5CL,8M5CL,04/09/2026 5:06:06 AM,8M5CL,D1D,1,7481602
D542415,55,A20V6055SLF0,0,0,0,0,0,0,0.6203561777,0,4.9267618209,0,0,0,0,0,0,3.4465711248,0,1.592824392,0,10.005548624,D5424150,PXMG,01/30/2026 9:23:24 AM,BPD446,8M5CL,8M5CL,04/04/2026 1:46:57 PM,8M5CL,D1D,2,7481649
D540191,1,GS2UG001JKB5,0,0,0,0,0,0,0.2318858555,0,0,0,0,0,0,0,0,0,1.5648662082,2.5703490859,0,4.3671011496,D5401910,PXMG,01/31/2026 4:44:43 AM,BPD432,8M5CL,8M5CL,03/26/2026 12:40:11 AM,8M5CL,D1D,1,7407862
D540191,2,GS2UG002JKF7,1.201549162,0,0,0,0,0,4.5336442037,0,0,0,0,0,0,0,0,1.8019773675,1.0113065354,2.0866452576,0.4804811146,11.115603641,D5401910,PXMG,01/31/2026 4:44:43 AM,BPD432,8M5CL,8M5CL,03/25/2026 12:01:51 AM,8M5CL,D1D,2,7407844
D539114,582,GS0XD582JKE6,0.6640557377,0,0,0,0,0,0.772182077,0,0,0,0,0,0,0,0,11.038780851,4.5029498353,6.3361625768,0,23.314128879,D5391140,PXMG,01/30/2026 3:54:18 AM,BPD432,8M5CL,8M5CL,04/12/2026 1:52:47 PM,8M5CL,D1D,1,7389676
D539114,583,GS0XD583JKB5,1.8946489722,0,0,0,0,0,0.1346257217,0,0,0,0,0,0,0,0,9.5961734521,1.2150616481,3.7148907028,0,16.555398278,D5391140,PXMG,01/30/2026 3:54:18 AM,BPD432,8M5CL,8M5CL,04/17/2026 10:25:09 AM,8M5CL,D1D,2,7389589
D541348,4,MCFFR004WAE4,0,0,0,0,0,0,0,0,0,0,0,0,0,0,0,1.148825311,0,3.4271294862,0,4.5759547973,D5413480,PXMG,01/31/2026 4:04:07 AM,BPD454,8M5CL,8M5CL,04/03/2026 6:08:44 PM,8M5CL,D1D,1,7451930
D541348,5,MCFFR005WAB3,0,0,0,0,0,0,0.6666055501,0,1.868598894,0,0,0,0,0,0,2.9777518089,0,1.0645875567,0,6.065368342,D5413480,PXMG,01/31/2026 4:04:07 AM,BPD454,8M5CL,8M5CL,04/03/2026 6:48:21 PM,8M5CL,D1D,2,7451869
D540192,46,A1YUA046SLB3,0,0,0,0,0,0,1.9577583797,1.2204909543,0,0,0,0,0,0,0,1.979029135,1.1106712237,8.1464815464,0,14.414431239,D5401920,PXMG,01/29/2026 6:09:15 AM,BPD444,8M5CL,8M5CL,04/05/2026 1:00:49 PM,8M5CL,D1D,1,7407940
D540192,47,A1YUA047SLF5,1.4590129432,0,0,0,0,0,3.4505071472,3.9084968546,3.5762956777,0,0,0,0,0,0,0,0,0.7632422215,0,12.770850629,D5401920,PXMG,01/29/2026 6:09:15 AM,BPD444,8M5CL,8M5CL,06/07/2026 9:49:44 PM,8M5CL,D1D,2,7407863
D541308,599,MCEUW599WAD5,1.3767536253,0,0,0,0,0,0,0.7132321062,1.5327989412,0,0,0,0,0,0,6.194196529,0,0.7632422215,0,10.580223423,D5413080,PXMG,01/29/2026 3:42:09 PM,BPD432,8M5CL,8M5CL,03/29/2026 12:59:16 PM,8M5CL,D1D,1,7441913
D541308,602,MCEUW602WAG2,0,0,0,0,0,0,0,3.2199947307,0,0,0,0,0,0,0,1.7081260978,0,2.6914806792,0,7.6196015076,D5413080,PXMG,01/29/2026 3:42:09 PM,BPD432,8M5CL,8M5CL,02/13/2026 10:47:31 PM,8M5CL,D1D,2,7442032
D540193,77,A1ZC3077SLG0,0,0,0,0,0,0,0.9056845199,1.0627704189,1.279318212,0,0,0,0,0,0,0,0,3.2506574964,0,6.4984306472,D5401930,PXMG,01/28/2026 2:44:34 PM,BPD442,8M5CL,8M5CL,04/12/2026 5:30:29 AM,8M5CL,D1D,1,7408114
D540193,90,A1YYF090SLE7,0,0,0,0,0,0,0.2909048485,2.3707259587,2.219125644,0,0,0,0,0,0,0,0,3.1446476105,0,7.684469394,D5401930,PXMG,01/28/2026 2:44:34 PM,BPD442,8M5CL,8M5CL,04/11/2026 1:12:16 AM,8M5CL,D1D,2,7408128
D541314,86,GS1YD086JKB4,1.1389706528,0,0,0,0,0,0.4502375842,1.3895881806,0,0.6092140479,2.9010191708,0,0,0,0,2.2532221897,0,1.7544788386,0,10.496732864,D5413140,PXMG,01/26/2026 11:50:27 PM,BPD432,8M5CL,8M5CL,03/22/2026 1:15:30 PM,8M5CL,D1D,1,7443321
D541314,87,GS1YD087JKF6,0,0,0,0,0,0,0.3443464906,0,3.9880981372,0,0,0,0,0,0,0,0,1.6578331044,1.8682261478,7.85850388,D5413140,PXMG,01/26/2026 11:50:27 PM,BPD432,8M5CL,8M5CL,03/22/2026 2:12:29 PM,8M5CL,D1D,2,7443383
D540202,569,GS2HT569JKC0,0,0,0,0,0,0,0.2125540838,0,1.339667597,0,0,0,0,0,0,3.6426999697,0,6.8950059806,0.4594984421,12.549426073,D5402020,PXMG,02/05/2026 10:31:19 AM,BPD458,8M5CL,8M5CL,04/26/2026 4:39:03 PM,8M5CL,D1D,1,7410231
D540202,570,GS2HT570JKF1,0,0,0,0,0,0,0,1.3075994475,0,0,0,0,0,0,0,0,0,2.8172072929,0,4.1248067403,D5402020,PXMG,02/05/2026 10:31:19 AM,BPD458,8M5CL,8M5CL,05/16/2026 4:20:59 AM,8M5CL,D1D,2,7410194
D542412,276,GT4BU276JDB7,0,0,0,0,0,0,0,0,1.225272036,0,0,0,0,0,0,2.9039881038,0,17.073137097,0,21.202397237,D5424120,PXMG,02/06/2026 2:40:33 AM,BPD444,8M5CL,8M5CL,04/23/2026 4:59:07 AM,8M5CL,D1D,1,7481317
D542412,278,GT4BU278JDD0,2.5076091628,0,0,0,0,0,0.2319264454,0.8330452027,2.1318786007,0,0,0,0,0,0,1.4869405921,0,0.8328032897,0,7.5927711505,D5424120,PXMG,02/06/2026 2:40:33 AM,BPD444,8M5CL,8M5CL,04/24/2026 5:35:34 PM,8M5CL,D1D,2,7481256
D539103,524,MCEGH524WAG4,0,0,0,0,0,0,0.1991956089,0,2.2345421033,0,0,0,0,0,0,2.4065840713,0,4.3378441745,0,9.178165958,D5391030,PXMG,02/07/2026 12:22:47 AM,BPD448,8M5CL,8M5CL,04/21/2026 7:46:38 AM,8M5CL,D1D,1,7391856
D539103,525,MCEGH525WAD3,1.5162893907,0,0,0,0,0,0.5981689039,0,1.8934619531,0,0,0,0,0,0,1.7232855624,0,2.6924256856,0,8.4236314956,D5391030,PXMG,02/07/2026 12:22:47 AM,BPD448,8M5CL,8M5CL,04/22/2026 1:21:59 AM,8M5CL,D1D,2,7391752
D541327,505,MCE1M505WAE0,0,0,0,0,0,0,0.3443464906,1.0627704189,0,0,0,0,0,0,0,1.0674297465,0,2.2897266646,0,4.3986802965,D5413270,PXMG,02/04/2026 1:02:01 PM,BPD446,8M5CL,8M5CL,04/13/2026 10:06:32 AM,8M5CL,D1D,1,7445299
D541327,574,MCE1M574WAB6,0,0,0,0,0,0,0,0,0,0,0,0,0,0,0,0,0,0,1.5433789081,1.5433789081,D5413270,PXMG,02/04/2026 1:02:01 PM,BPD446,8M5CL,8M5CL,04/23/2026 2:36:03 PM,8M5CL,D1D,2,7445331
D541327,591,MCE1M591WAF3,0,0,0,0,0,0,0,0,0,0,0,0,0,0,0,0,5.2703650379,1.1659412425,0,6.4363062804,D5413270X,PXMG,02/04/2026 1:20:06 PM,BPD446,8M5CL,8M5CL,04/23/2026 5:30:09 PM,8M5CL,D1D,1,8062055
D541327,614,MCEGH614WAB1,1.204245393,0,0,0,0,0,0.0855690464,0,0,0,0,0,0,0,0,2.9246958614,1.9067037288,2.6068353008,0.3318123463,9.0598616767,D5413270X,PXMG,02/04/2026 1:20:06 PM,BPD446,8M5CL,8M5CL,04/13/2026 2:33:38 PM,8M5CL,D1D,2,8061994
D541327,680,MCE1M680WAD1,0,0,0,0,0,0,0,0,0,0,0,0,0,0,0,0,1.9172709309,1.5788125732,0,3.4960835041,D5413270X,PXMG,02/04/2026 1:20:06 PM,BPD446,8M5CL,8M5CL,04/23/2026 2:51:26 PM,8M5CL,D1D,3,8061979
D541327,700,MCE1M700WAD1,0,0,0,0,0,0,0,2.2467741071,0,0,0,0,0,0,0,0,4.5320695697,0,0,6.7788436768,D5413270X,PXMG,02/04/2026 1:20:06 PM,BPD446,8M5CL,8M5CL,04/22/2026 1:59:50 PM,8M5CL,D1D,4,8061999
D540213,58,A21NN058SLE5,0,0,0,0,0,0,0,1.9693130269,0.7265462785,0,0,0,0,0,0,2.2225586102,0,2.4881109704,0,7.4065266869,D5402130,PXMG,02/02/2026 10:01:38 PM,BPD454,8M5CL,8M5CL,04/16/2026 4:25:39 PM,8M5CL,D1D,1,7412107
D540213,59,A21NN059SLB4,0,0,0,0,0,0,0.1963462802,0,3.6426933135,0,0,0,0,0,0,0,0,0.7632422215,2.4017058359,7.0039876512,D5402130,PXMG,02/02/2026 10:01:38 PM,BPD454,8M5CL,8M5CL,04/16/2026 3:45:05 PM,8M5CL,D1D,2,7412064
D541332,457,GT4QE457JDE7,1.8343883364,0,0,0,0,0,0.1839125319,0,0.6017454924,0,0,0,0,0,0,1.0674297465,0,6.0584592249,0,9.7459375508,D5413320,PXMG,02/01/2026 2:17:42 PM,BPD444,8M5CL,8M5CL,03/27/2026 9:14:52 PM,8M5CL,D1D,1,7447043
D541332,458,GT4QE458JDB6,0,0,0,0,0,0,0,47.643591402,0,0,42.455316704,0,0,18.878886866,0,0,0,0,0,63.984839532,D5413320,PXMG,02/01/2026 2:17:42 PM,BPD444,8M5CL,8M5CL,03/27/2026 4:11:32 PM,8M5CL,D1D,2,7446976
D542423,11,A21PM011SLG6,0,0,0,0,0,0,0.3971211403,0,0.6796982605,0,0,0,0,0,0,4.1584986193,0,0,0,5.2353180201,D5424230,PXMG,02/07/2026 6:34:02 AM,BPD458,8M5CL,8M5CL,04/29/2026 4:46:54 AM,8M5CL,D1D,1,7481721
D542423,13,A21PM013SLA4,0,0,0,0,0,0,0,2.8970211942,1.339667597,0,0,0,0,0,0,0,0,4.4816074514,0,8.7182962426,D5424230,PXMG,02/07/2026 6:34:02 AM,BPD458,8M5CL,8M5CL,02/13/2026 8:17:52 PM,8M5CL,D1D,2,7481804
D542423,14,A21PM014SLE6,0,0,0,0,0,0,0,1.8908034434,1.5209953528,0,0,0,0,0,0,2.0776306975,0,0,0,5.2277411446,D5424230,PXMG,02/07/2026 6:34:02 AM,BPD458,8M5CL,8M5CL,04/25/2026 12:47:42 PM,8M5CL,D1D,3,7481712
D542423,18,A21PM018SLH0,0,0,0,0,0,0,0,0,0,0,0,0,0,0,0,0,1.4690940061,1.7710696758,0,3.2401636819,D5424230,PXMG,02/07/2026 6:34:02 AM,BPD458,8M5CL,8M5CL,04/28/2026 3:41:08 PM,8M5CL,D1D,4,7481730
D539095,40,A1YVC040SLB6,1.1005644109,0,0,0,0,0,0.1649040322,0,0,0,0,0,0,0,0,0,0,0.7310178748,0,1.996486318,D5390950,PNCB,02/12/2026 7:27:49 PM,BPD436,8M5CL,8M5CL,04/07/2026 12:49:53 AM,8M5CL,D1D,1,7396363
D539095,41,A1YVC041SLG0,2.36019235,0,0,0,0,0,0,1.222707088,0,0,0,0,0,0,0,0,0,3.405166162,0,6.9880656,D5390950,PNCB,02/12/2026 7:27:49 PM,BPD436,8M5CL,8M5CL,04/06/2026 1:30:02 AM,8M5CL,D1D,2,7396440
D539095,43,A1YVC043SLH1,1.2189980691,0,0,0,0,0,0.549831557,0,0,0,0,0,0,0,0,0,0,3.8052800562,0,5.5741096823,D5390950,PNCB,02/12/2026 7:27:49 PM,BPD436,8M5CL,8M5CL,04/07/2026 12:12:23 AM,8M5CL,D1D,3,7396320
D539095,45,A1YVC045SLA7,0,0,0,0,0,0,0.3603334356,1.2525397567,0,0,0,0,0,0,0,2.4040692092,0,2.5260730313,0.8678868854,7.4109044584,D5390950,PNCB,02/12/2026 7:27:49 PM,BPD436,8M5CL,8M5CL,04/06/2026 1:30:03 AM,8M5CL,D1D,4,7396298
D540232,434,GS2UF434JKB7,0,0,0,0,0,0,0.6360554011,0,3.8927769321,0,0,0,0,0,0,2.0141769028,0,3.0329387588,0.7415316928,10.317479688,D5402320,PXMG,02/08/2026 9:17:22 AM,BPD436,8M5CL,8M5CL,04/25/2026 3:16:17 AM,8M5CL,D1D,1,7415648
D540232,435,GS2UF435JKG1,0,0,0,0,0,0,0.1589851297,1.4865872872,0,0,0,0,0,0,0,0,0,8.4732466774,2.405497641,12.524316735,D5402320,PXMG,02/08/2026 9:17:22 AM,BPD436,8M5CL,8M5CL,04/23/2026 10:22:06 PM,8M5CL,D1D,2,7415740
D542420,304,GT4BU304JDF2,0,0,0,0,0,0,0,1.2084194928,2.8107965969,0,0,0,0,0,0,0,1.1022196612,2.1986224129,0.8392447746,8.1593007392,D5424200,PXMG,02/09/2026 12:05:58 AM,BPD450,8M5CL,8M5CL,04/12/2026 10:26:04 AM,8M5CL,D1D,1,7481474
D542420,305,GT4BU305JDC1,0,0,0,0,0,0,0,0,1.3554671547,0,0,0,0,0,0,3.079673489,0,0.8422710724,0,5.2774117161,D5424200,PXMG,02/09/2026 12:05:58 AM,BPD450,8M5CL,8M5CL,04/23/2026 3:22:09 PM,8M5CL,D1D,2,7481469
D541313,427,GS2HU427JKG2,1.9544769562,0,0,0,0,0,0,0,1.9030024808,0,0,0,0,0,0,1.6778016509,0,1.6578331044,0,7.1931141925,D5413130,PXMG,02/09/2026 1:10:46 AM,BPD458,8M5CL,8M5CL,04/23/2026 9:23:48 PM,8M5CL,D1D,1,7443067
D541313,428,GS2HU428JKD1,0,0,0,0,0,0,0.3731201003,1.340193933,2.2457294826,0,0,0,0,0,0,0,0,0,0,3.9590413166,D5413130,PXMG,02/09/2026 1:10:46 AM,BPD458,8M5CL,8M5CL,02/13/2026 10:33:27 PM,8M5CL,D1D,2,7443070
D542413,281,GT4BU281JDH2,1.3885772235,0,0,0,0,0,0,3.1792610678,1.4948720152,0,2.137568559,0,0,0,0,4.027287519,1.1300977015,9.3637817267,0,22.721445813,D5424130,PXMG,02/10/2026 1:38:30 PM,BPD444,8M5CL,8M5CL,06/07/2026 6:21:39 PM,8M5CL,D1D,1,7481454
D542413,283,GT4BU283JDB0,0,0,0,0,0,0,0.2240914662,0,1.339667597,0,0,0,1.4643600762,0,0,1.7232855624,0,1.592824392,0,6.3442290938,D5424130,PXMG,02/10/2026 1:38:30 PM,BPD444,8M5CL,8M5CL,04/04/2026 3:36:47 PM,8M5CL,D1D,2,7481399
D541337,251,GS0ZL251JKG0,0,0,0,0,0,0,0.09088573,0.6626229345,1.4912088963,0,0,0,0,0,0,0,0,7.1535875641,0,9.3983051249,D5413370,PXMG,02/18/2026 7:22:02 AM,BPD432,8M5CL,8M5CL,05/17/2026 5:26:34 AM,8M5CL,D1D,1,7447084
D541337,252,GS0ZL252JKC7,0,0,0,0,0,0,0,1.4712448331,0,0,0,0,0,0,0,2.385627803,0.8121021297,0,1.1029278066,5.3829063781,D5413370,PXMG,02/18/2026 7:22:02 AM,BPD432,8M5CL,8M5CL,05/15/2026 4:21:24 AM,8M5CL,D1D,2,7447077
D542410,2,KJ2TJ002WFG7,0.7672162617,0,0,0,0,0,0,0,0,2.9658144833,0,0,0,0,0,0,0,2.1506642491,0,5.8836971934,D5424100,PXMG,02/18/2026 11:51:11 PM,BPD454,8M5CL,8M5CL,05/03/2026 9:55:11 AM,8M5CL,D1D,1,7479801
D542410,4,KJ2TJ004WFA5,0,0,0,0,0,0,0.4275395419,2.2932983863,1.4453997219,0,0,0,0,0,0,0,0,10.18705996,0.4957634221,14.849063232,D5424100,PXMG,02/18/2026 11:51:11 PM,BPD454,8M5CL,8M5CL,05/03/2026 9:38:23 AM,8M5CL,D1D,2,7479831
D542433,5,KJ3LK005WFF2,0,0,0,0,0,0,0.4481829324,0,1.339667597,0,0,0,0,0,0,0,0,2.3560666135,0,4.1439171429,D5424330,PXMG,02/26/2026 12:54:47 PM,BPD442,8M5CL,8M5CL,05/12/2026 4:29:06 PM,8M5CL,D1D,1,7484701
D542433,6,KJ3LK006WFC1,0,0,0,0,0,0,0,0,0,0,0,0,0,0,0,0,0,9.4318359887,0,9.4318359887,D5424330,PXMG,02/26/2026 12:54:47 PM,BPD442,8M5CL,8M5CL,05/12/2026 6:43:15 PM,8M5CL,D1D,2,7484684
D539111,340,MCEUR340WAB6,0,0,0,0,0,0,0,2.4814011819,1.2800059646,0,0,0,0,0,0,0,0,4.7722804376,0,8.5336875842,D5391110,PXMG,03/03/2026 4:18:17 AM,BPD432,8M5CL,8M5CL,06/07/2026 4:40:21 PM,8M5CL,D1D,1,7389429
D539111,373,MCEUR373WAF7,0,0,0,0,0,0,0,0,0,0,0,0,0,0,0,2.4543562368,0.5866315214,9.6402329405,0,12.681220699,D5391110,PXMG,03/03/2026 4:18:17 AM,BPD432,8M5CL,8M5CL,05/20/2026 10:29:30 PM,8M5CL,D1D,2,7389405
D542435,99,KJ39G099WFE2,0,0,0,0,0,0,0,0.7634640943,0,0,0,0,0,0,0,0,0,0,0,0.7634640943,D5424350,PXMG,03/01/2026 2:30:42 AM,BPD448,8M5CL,8M5CL,05/17/2026 10:24:35 AM,8M5CL,D1D,1,7484852
D542435,145,KJ39G145WFA6,0,0,0,0,0,0,0.2458815879,0.837700494,1.4699335194,0,0,0,0,0,0,3.0620767621,1.9962666866,3.6380739231,0,10.542746899,D5424350,PXMG,03/01/2026 2:30:42 AM,BPD448,8M5CL,8M5CL,05/17/2026 8:37:50 AM,8M5CL,D1D,2,7484679
D542435,150,KJ39G150WFG1,0,0,0,0,0,0,0,2.2754847885,2.6875880782,0,0,0,0,0,0,0,1.5373618706,2.5948474093,0.7892501427,9.8845322892,D5424350V,PXMG,03/01/2026 2:35:53 AM,BPD450,8M5CL,8M5CL,05/17/2026 3:14:03 AM,8M5CL,D1D,1,8190573
D542435,200,KJ39G200WFE7,0,0,0,0,0,0,0.2964864425,0,1.7844958504,0,0,0,0,0,0,0,1.3673299802,5.0360954223,0,8.4844076954,D5424350V,PXMG,03/01/2026 2:35:53 AM,BPD450,8M5CL,8M5CL,05/17/2026 2:04:52 AM,8M5CL,D1D,2,8190560
D542435,292,KJ3LD292WFG4,0,0,0,0,0,0,0.2221201698,0,0.6087412178,0,0,0,0,0,0,0,0.9586354655,3.5554621633,0,5.3449590164,D5424350V,PXMG,03/01/2026 2:35:53 AM,BPD450,8M5CL,8M5CL,05/17/2026 5:50:37 AM,8M5CL,D1D,3,8190536
D542435,315,KJ3LD315WFE4,0,0,0,0,0,0,0.4681359478,1.2492322686,0,0,0,0,0,0,0,1.2547080878,0,4.7945456371,0,7.7666219414,D5424350V,PXMG,03/01/2026 2:35:53 AM,BPD450,8M5CL,8M5CL,05/17/2026 8:34:41 AM,8M5CL,D1D,4,8190500
D541E7P,139,A21PM139SLE5,0,0,0,0,0,0,0,0,0,0,0,0,0,0,0,0,0,0,0,0,D541E7PA,X78E,03/11/2026 11:49:46 PM,BPD450,8M5CL,8M5CL,04/08/2026 2:11:30 PM,8M5CL,D1D,1,7705043
D541E7P,144,A20V6144SLC6,0,0,0,0,0,0,0,0,0,0,0,0,0,0,0,0,0,0,0,0,D541E7PA,X78E,03/11/2026 11:49:46 PM,BPD450,8M5CL,8M5CL,05/22/2026 3:30:46 AM,8M5CL,D1D,2,7705065
D541E7P,146,A20V6146SLD7,0,0,0,0,0,0,0,0,0,0,0,0,0,0,0,1.4856458389,0,0.7684376196,0.6175675689,2.8716510274,D541E7PA,X78E,03/11/2026 11:49:46 PM,BPD450,8M5CL,8M5CL,04/08/2026 2:11:24 PM,8M5CL,D1D,3,7705028
D541E7M,605,GR8SP605JKH0,0,0,0,0,0,0,1.6994997331,1.9388883396,0,0,0,0,0,0,0,5.1583611809,0,1.2281810452,0,10.024932276,D541E7M0,X78D,04/17/2026 9:48:06 PM,BPD442,8M5CL,8M5CL,04/19/2026 7:34:07 AM,8M5CL,D1D,1,7477510
D541E7M,607,GR8SP607JKA6,0,0,0,0,0,0,2.2488936784,0,0,0,0,0,0,0,0,0,0,0,0,2.2488936784,D541E7M0,X78D,04/17/2026 9:48:06 PM,BPD442,8M5CL,8M5CL,04/19/2026 7:34:19 AM,8M5CL,D1D,2,7477571
D541E7M,933,GR8SP933JKC0,0,0,0,0,0,0,0,0,1.4772586163,0,0,0,0,1.5271093271,0,1.8366064896,0,1.0554149447,0,5.8963913551,D541E7M0,X78D,04/17/2026 9:48:06 PM,BPD442,8M5CL,8M5CL,04/19/2026 7:33:52 AM,8M5CL,D1D,3,7477609
D541E7M,934,GR8SP934JKG2,0,0,0,0,0,0,0,0,0,0,0,0,0,0,0,1.6490032697,0,0.8724020409,0,2.5214053106,D541E7M0,X78D,04/17/2026 9:48:06 PM,BPD442,8M5CL,8M5CL,04/19/2026 7:33:36 AM,8M5CL,D1D,4,7477585
D541E7M,937,GR8SP937JKE2,0,0,0,0,0,0,0.200302533,0,0.7676764281,0,0,0,0,0,0,0,0,0,0,0.9679789611,D541E7M0,X78D,04/17/2026 9:48:06 PM,BPD442,8M5CL,8M5CL,04/19/2026 7:33:45 AM,8M5CL,D1D,5,7477619
D541E7M,938,GR8SP938JKB1,0,0,0,0,0,0,0,0.9366100622,0,0,0,0,0,0,0,0,0,0,0,0.9366100622,D541E7M0,X78D,04/17/2026 9:48:06 PM,BPD442,8M5CL,8M5CL,04/19/2026 7:34:06 AM,8M5CL,D1D,6,7477462
D541E7M,939,GR8SP939JKF3,0,0,0,0,0,0,0,0.6416467285,0,0,0,0,0,0,0,0,0,6.0903209222,0,6.7319676507,D541E7M0,X78D,04/17/2026 9:48:06 PM,BPD442,8M5CL,8M5CL,04/19/2026 7:33:54 AM,8M5CL,D1D,7,7477635
D541E7M,954,GR8SP954JKA4,0,0,0,0,0,0,3.3379845217,1.8995266849,0,0,0,0,0,0,0,1.6731502479,0,0,0,6.9106614545,D541E7M0,X78D,04/17/2026 9:48:06 PM,BPD442,8M5CL,8M5CL,04/19/2026 7:34:16 AM,8M5CL,D1D,8,7477581
D541930,34,GS4MJ034JKB3,0,0,1.1946590383,0,0,0,1.2086877964,0,3.2166431352,0,1.9440463078,0,0,0,0,7.3707587419,0,5.5043181426,1.2933067843,21.029941818,D5419300,PXMG,05/28/2026 8:23:43 PM,BPD436,8M5CL,8M5CL,05/29/2026 7:53:24 AM,8M5CL,D1D,1,7470405
D541930,36,GS4MJ036JKC4,5.6081164374,0,0,0,0,0,0.5521005745,1.309189476,0,0,1.9498456235,0,0,0,0,0.9005807304,0,0.9402126866,0.5660413642,11.826086893,D5419300,PXMG,05/28/2026 8:23:43 PM,BPD436,8M5CL,8M5CL,05/29/2026 7:53:20 AM,8M5CL,D1D,2,7470447
D604234,70,KJ7YT070WFG3,0,0,0,0.1738585151,0,0,0.5790782787,3.5289748829,1.6819950893,0,0,0,0,0,0,3.1603345726,0,8.3732178571,0,17.497459196,D6042340,PXMG,04/08/2026 10:25:49 PM,BPD442,8M5CL,8M5CL,07/02/2026 2:15:53 PM,8M5CL,D1D,1,7975379
D604234,93,KJ7YT093WFG0,0,0,0,0,0,0,0.2695687215,2.5568902856,0,0,0,0,0,0,0,5.4065838059,0,3.8201360364,0,12.053178849,D6042340,PXMG,04/08/2026 10:25:49 PM,BPD442,8M5CL,8M5CL,04/09/2026 8:16:02 AM,8M5CL,D1D,2,7975402
D604240,209,KJA6F209WFB0,0,0,0,0,0,0,0,0.6377066259,1.4351372178,0,0,0,0,0,0,4.298846439,0,0.8176343235,0.7888729603,7.7588275521,D6042400,PXMG,04/24/2026 5:32:53 AM,BPD450,8M5CL,8M5CL,06/10/2026 5:54:45 AM,8M5CL,D1D,1,7977305
D604240,297,KJA6F297WFD4,0,0,0,0,0,0,3.0080041569,0.8594662096,1.2683421676,0,0,0,0,0,0,0.8229992063,1.0887561541,18.732402498,0,25.779972611,D6042400,PXMG,04/24/2026 5:32:53 AM,BPD450,8M5CL,8M5CL,06/10/2026 7:40:28 AM,8M5CL,D1D,2,7977347
D605329,6,KJ9PL006WFD5,0,0,0,0,0,0,0.4204888759,1.7429087968,6.6456793362,0,0,0,0,0,0,6.1824180328,0,0,0.4554563085,14.006957286,D6053290,PXMG,04/24/2026 9:23:41 AM,BPD448,8M5CL,8M5CL,07/06/2026 11:54:20 AM,8M5CL,D1D,1,8010060
D605329,21,KJ9PL021WFG1,0.7616891124,0,0,0,0,0,1.179919225,0,0,0,0,0,0,0,0,0,0,1.6578331044,0,3.5994414418,D6053290,PXMG,04/24/2026 9:23:41 AM,BPD448,8M5CL,8M5CL,07/06/2026 12:29:24 PM,8M5CL,D1D,2,8010035
D605322,1,MCAED001WAD5,0,0,0,0,0,0,0.4950535485,0,0,0,0,0,0,0,0,1.9035016945,0.6479793337,12.563550492,0,15.610085068,D6053220,PXMG,04/23/2026 3:21:21 PM,BPD446,8M5CL,8M5CL,07/05/2026 9:40:20 PM,8M5CL,D1D,1,8010040
D605322,5,MCAED005WAF7,0,0,0,0,0,0,0,0,0.6155748202,0,0,0,0,0,0,3.7164770928,0,6.1976865872,0,10.5297385,D6053220,PXMG,04/23/2026 3:21:21 PM,BPD446,8M5CL,8M5CL,07/06/2026 9:05:05 PM,8M5CL,D1D,2,8010218
D604231,51,A29M4051SLG5,0,0,0,0,0,0,2.0718964471,0,5.8848970562,0,0,0,0,0,0,0,1.4344072565,1.929183464,0,10.879170314,D6042310,PXMG,04/22/2026 1:42:18 PM,BPD454,8M5CL,8M5CL,07/05/2026 6:51:32 PM,8M5CL,D1D,1,7975061
D604231,52,A29M4052SLD4,0,0,0,0,0,0,0,2.1810155408,0,0,0,0,0,0,0,1.7081260978,1.4217890076,0,0,5.3109306462,D6042310,PXMG,04/22/2026 1:42:18 PM,BPD454,8M5CL,8M5CL,07/05/2026 12:46:53 AM,8M5CL,D1D,2,7975158
D604225,452,KJ9HB452WFA0,0,0,0,0,0,0,0,0,0,0,0,0,0,0,0,7.6234105386,0,2.9072869182,1.387441752,11.91813701,D6042250,PXMG,04/22/2026 4:16:03 AM,BPD458,8M5CL,8M5CL,06/29/2026 5:09:33 PM,8M5CL,D1D,1,7972549
D604225,454,KJ9HB454WFB1,0,0,0,0,0,0,0.501815647,0,4.0473945624,0,0,0,0,0,0,1.8019421802,0,6.7053460919,0,11.968483515,D6042250,PXMG,04/22/2026 4:16:03 AM,BPD458,8M5CL,8M5CL,07/02/2026 9:04:17 AM,8M5CL,D1D,2,7972608
D605332,151,GT9ZQ151JKD6,0,0,0,0,0,0,0,0,0,0,0,0,0,3.003917261,0,0,0,0.7632422215,0.7363956201,4.5035551027,D6053320,PXMG,04/22/2026 12:51:00 PM,BPD442,8M5CL,8M5CL,07/07/2026 2:18:13 AM,8M5CL,D1D,1,8012855
D605332,152,GT9ZQ152JKA5,0,0,0,0,0,0,0,6.9840145382,1.6754194526,0,0,0,0,1.2639737266,0,0,0,2.1711300937,0,12.094537811,D6053320,PXMG,04/22/2026 12:51:00 PM,BPD442,8M5CL,8M5CL,07/07/2026 12:55:51 AM,8M5CL,D1D,2,8012895
D605321,567,KJ9HF567WFE2,0,0,0,0,0,0,0,3.8288600725,0,0,0,0,0,0,0,0,0,2.9897839676,0,6.8186462588,D6053210,PXMG,04/22/2026 12:32:38 PM,BPD442,8M5CL,8M5CL,04/23/2026 8:16:14 AM,8M5CL,D1D,1,8008190
D605321,568,KJ9HF568WFB1,0,0,0,0,0,0,0.4050570221,0,3.4140177986,0,0,0,0,0,0,8.6559570404,0,1.7454356887,0,13.759805712,D6053210,PXMG,04/22/2026 12:32:38 PM,BPD442,8M5CL,8M5CL,04/23/2026 8:16:26 AM,8M5CL,D1D,2,8008235
D606456,401,GT7PS401JKE5,0,0,0,0,0,0,0.2987893612,0,0.9257462529,0,0,0,0,0,0,0,0,1.1504922437,0,2.3750278578,D6064560,PXMG,04/28/2026 5:03:06 PM,BPD454,8M5CL,8M5CL,04/29/2026 7:14:12 AM,8M5CL,D1D,1,8050046
D606456,403,GT7PS403JKF6,1.5809697315,0,0,0,0,0,0.6166353719,1.0504187636,0,0,0,0,0,0,0,1.4686311264,0,2.1915013844,1.6453816063,7.631326164,D6064560,PXMG,04/28/2026 5:03:06 PM,BPD454,8M5CL,8M5CL,04/29/2026 7:13:57 AM,8M5CL,D1D,2,8049911
D605317,332,KJA6E332WFF5,0,0,0,0,0,0,1.1190260209,2.250266452,1.3543876317,0,0,0,0,0,0,1.5479400688,0,1.616058387,0,7.8876807597,D6053170,PXMG,04/27/2026 8:31:51 PM,BPD442,8M5CL,8M5CL,04/28/2026 7:35:41 AM,8M5CL,D1D,1,8008150
D605317,436,KJA6E436WFH0,0,0,0,0,0,0,0,11.094038192,0,0,0,0,0,0,0,1.2259669862,0,2.7821870792,0,15.102192257,D6053170,PXMG,04/27/2026 8:31:51 PM,BPD442,8M5CL,8M5CL,04/28/2026 7:35:35 AM,8M5CL,D1D,2,8008042
D605323,877,GS7PC877JKA2,0,0,0,0,0,0,0,0,0.7220227041,0,0,0,0,0,0,3.1457316595,0,6.2061510322,0,10.073905396,D6053230,PXMG,04/26/2026 7:40:04 AM,BPD448,8M5CL,8M5CL,04/27/2026 7:59:27 AM,8M5CL,D1D,1,8010050
D605323,879,GS7PC879JKB3,1.2688546937,0,0,0,0,0,0,0.8430454082,2.7915295818,0,0,0,1.6169996456,0,0,0,4.235803519,4.8037134187,0.6820789549,16.242023003,D6053230,PXMG,04/26/2026 7:40:04 AM,BPD448,8M5CL,8M5CL,07/03/2026 5:09:14 PM,8M5CL,D1D,2,8010057
D605318,426,GS8QK426JKH0,0,0,0,0,0,0,0.0809309133,0,0.6999116511,0,0,0,0,0,0,3.4908054011,0,0.756528103,0.9260871633,5.9542632319,D6053180,PXMG,04/26/2026 3:26:10 PM,BPD446,8M5CL,8M5CL,04/27/2026 7:58:57 AM,8M5CL,D1D,1,8008084
D605318,428,GS8QK428JKA6,0,0,0,0,0,0,0.4475853374,0,1.4925375805,0,0,0,0,0,0,0,0,6.2758250622,0,7.702516108,D6053180,PXMG,04/26/2026 3:26:10 PM,BPD446,8M5CL,8M5CL,04/27/2026 7:59:13 AM,8M5CL,D1D,2,8007985
D605314,554,GT9LN554JKG6,0,0,0,0,0,0,0,0,0,0,0,0,0,0,0,0,0,0,0,0,D6053140,PXMG,05/02/2026 11:21:10 PM,BPD432,8M5CL,8M5CL,07/03/2026 9:55:28 AM,8M5CL,D1D,1,8004809
D605314,556,GT9LN556JKA4,0,0,0,0,2.3580827027,0,0,0,0,0,0,0,0,0,0,1.2068866437,1.0934975959,0.8629588517,0,5.5214279933,D6053140,PXMG,05/02/2026 11:21:10 PM,BPD432,8M5CL,8M5CL,07/04/2026 3:08:58 AM,8M5CL,D1D,2,8004861
D605314,557,GT9LN557JKE6,0,0,0,0.6299077991,0,0,0,0.9032838568,0,0,0,0,0,0,0,0,0,2.5155931127,0,4.0487869874,D6053140,PXMG,05/02/2026 11:21:10 PM,BPD432,8M5CL,8M5CL,07/04/2026 6:12:40 AM,8M5CL,D1D,3,8004964
D605314,558,GT9LN558JKB5,0,0,0,0,0,0,0.2221201698,3.2297152371,2.6557655152,0,0,0,0,0,0,1.0580397395,0,3.0918687793,0,9.8007182121,D6053140,PXMG,05/02/2026 11:21:10 PM,BPD432,8M5CL,8M5CL,07/03/2026 9:54:09 AM,8M5CL,D1D,4,8004883
D605433,332,MCLPH332WAA1,0,0,0,0.445281263,0,0,0,0,1.4369898872,0,0,0,0,0,0,1.1449737468,1.9515244686,0,0.4928781768,5.4716475424,D6054330,PNCB,05/02/2026 4:18:50 AM,BPD442,8M5CL,8M5CL,07/05/2026 5:00:33 AM,8M5CL,D1D,1,8041554
D605433,333,MCLPH333WAE3,0,0,0,0,0,0,0,2.6877203372,0,0,0,0,0,0,0,2.6995044447,0,12.422891242,0,17.810116024,D6054330,PNCB,05/02/2026 4:18:50 AM,BPD442,8M5CL,8M5CL,07/05/2026 4:53:54 AM,8M5CL,D1D,2,8041600
D605433,363,MCLPH363WAD1,0,0,0,0,0,0,0,0,0,0,0,0,0,0,0,0,0,2.4211118622,0,2.4211118622,D6054330,PNCB,05/02/2026 4:18:50 AM,BPD442,8M5CL,8M5CL,07/03/2026 1:42:47 AM,8M5CL,D1D,3,8041592
D605433,364,MCLPH364WAA0,0,0,0,0,0,0,0.0810069808,0,0,0,0,0,0,0,0,0,1.4231069227,1.9139854257,0,3.4180993292,D6054330,PNCB,05/02/2026 4:18:50 AM,BPD442,8M5CL,8M5CL,07/02/2026 11:36:17 PM,8M5CL,D1D,4,8041580
D605306,694,5DXBP694MVF5,0,0,0,0,0,0,0.3528393776,2.2381536022,3.1471743295,0,0,0,0,0,0,3.420179755,1.1852881076,3.1501132764,0,13.493748448,D6053060,PNCB,05/02/2026 12:25:46 PM,BPD444,8M5CL,8M5CL,07/04/2026 11:22:18 PM,8M5CL,D1D,1,8024537
D605306,700,5DXBP700MVG2,0,0,0,0,0,0,0.2146302481,0,0,0,0,0,0,0,0,0,0,0,0,0.2146302481,D6053060,PNCB,05/02/2026 12:25:46 PM,BPD444,8M5CL,8M5CL,07/05/2026 5:11:04 AM,8M5CL,D1D,2,8024609
D606461,253,GT7EJ253JKB0,0,0,0,0,0,0,0.7809920406,0.7634640943,0.614143741,0,0,0,0,0,0,0,0,2.5762775255,0,4.7348774015,D6064610,PXMG,05/02/2026 9:39:28 PM,BPD444,8M5CL,8M5CL,07/06/2026 11:34:16 AM,8M5CL,D1D,1,8051905
D606461,254,GT7EJ254JKF2,0,0,0,0,0,0,0.4279046107,4.846747874,1.8749537398,0,0,0,0,0,0,0,0,2.1364177693,0,9.2860239937,D6064610,PXMG,05/02/2026 9:39:28 PM,BPD444,8M5CL,8M5CL,07/06/2026 7:13:41 AM,8M5CL,D1D,2,8051927
D606455,303,GT7EJ303JKH1,1.1987806266,0,0,0,0,0,0.2337850862,3.247901837,1.2361595269,0,0,0,0,0,0,1.7978214903,1.8980480626,1.6617180961,0,11.274216944,D6064550,PXMG,05/01/2026 12:59:15 AM,BPD442,8M5CL,8M5CL,05/06/2026 10:19:13 AM,8M5CL,D1D,1,8050009
D606455,304,GT7EJ304JKE0,0.7549886563,0,0,0,0,0,0.695829918,4.434484042,0,0,0,0,0,0,0,0.7246395638,0,4.1962788532,0.7299176669,10.707111453,D6064550,PXMG,05/01/2026 12:59:15 AM,BPD442,8M5CL,8M5CL,05/06/2026 10:19:23 AM,8M5CL,D1D,2,8050026
D606439,415,MCLPH415WAD0,29.624704619,0,0,0,0,0,0,4.2674349431,0,0,3.6332440729,0,0,0,0,1.0715362089,0,1.1704255449,0.7392290876,33.743235187,D6064390,PNCB,05/01/2026 4:40:48 AM,BPD448,8M5CL,8M5CL,05/06/2026 10:19:42 AM,8M5CL,D1D,1,8046853
D606439,444,MCLPH444WAE7,0,0,0,0,0,0,0,0,0,0,0,0,0,0,0,1.8664607636,0,4.4896461556,1.5951553796,7.9512601737,D6064390,PNCB,05/01/2026 4:40:48 AM,BPD448,8M5CL,8M5CL,06/30/2026 4:53:47 PM,8M5CL,D1D,2,8046756
D606439,445,MCLPH445WAB6,0.8365325131,0,0,0,0,0,0.4922208407,0,0,0,0,0,0,0,0,2.0271875138,1.5753528168,0,0,4.9312958246,D6064390,PNCB,05/01/2026 6:49:51 AM,BPD448,8M5CL,8M5CL,07/03/2026 5:21:46 PM,8M5CL,D1D,3,8046980
D606439,510,MCLPH510WAD0,0,0,0,0,0,0,0.0906610918,1.1773574137,0,0,0,0,0,0,0,1.9134817883,0,3.5357677064,0,6.7172680002,D6064390,PNCB,05/01/2026 6:49:51 AM,BPD448,8M5CL,8M5CL,06/30/2026 4:34:14 PM,8M5CL,D1D,4,8046901
D605331,201,GT9ZQ201JKC4,0,0,0,0,0,0,0,1.3305774709,4.8923005471,0,0,0,0,0,0,2.1575348868,0,0,0,8.3804129048,D6053310,PXMG,04/30/2026 12:07:18 PM,BPD458,8M5CL,8M5CL,07/04/2026 5:58:42 AM,8M5CL,D1D,1,8013072
D605331,202,GT9ZQ202JKG6,0,0,0,0,0,0,0,1.097412189,2.6516617901,0,0,0,0,0,0,7.5590594665,0,3.7039396004,0,15.012075245,D6053310,PXMG,04/30/2026 12:07:18 PM,BPD458,8M5CL,8M5CL,07/07/2026 8:55:54 AM,8M5CL,D1D,2,8013100
D604224,21,KJA6K021WFB6,0,0,0,0,0,0,0,0,11.430690475,0,0,0,2.2664411207,0,0,0,0,3.7471820612,0,17.444313656,D6042240,PXMG,04/30/2026 4:29:30 AM,BPD446,8M5CL,8M5CL,05/06/2026 12:25:33 PM,8M5CL,D1D,1,7972582
D604224,37,KJA6K037WFC2,0,0,0,0,0,0,0,2.2187273882,0,0,0,0,0,0,0,0,0,0,0,2.2187273882,D6042240,PXMG,04/30/2026 4:29:30 AM,BPD446,8M5CL,8M5CL,05/06/2026 12:25:24 PM,8M5CL,D1D,2,7972641
D605320,540,GS8QK540JKE3,1.4047275395,0,1.2655197709,0,0,0,0,2.619564326,2.6587652371,0,0,0,0,0,0,6.5882073917,1.5151102679,6.4862608314,1.7828420448,23.194980101,D6053200,PXMG,04/30/2026 5:00:39 AM,BPD454,8M5CL,8M5CL,05/06/2026 12:25:23 PM,8M5CL,D1D,1,8007920
D605320,541,GS8QK541JKB2,0,0,0,0,0,0,1.3435437137,0,0,0,0,0,0,0,0,4.9182175017,0,5.9211310932,0,12.18289009,D6053200,PXMG,04/30/2026 5:00:39 AM,BPD454,8M5CL,8M5CL,05/06/2026 12:25:34 PM,8M5CL,D1D,2,8008019
D605333,176,GT9ZQ176JKE4,0,0,0,0,0,0,0,1.1816045302,1.4928916532,0,0,0,0,0,0,0,1.077760052,6.6228185524,0,10.375072589,D6053330,PXMG,04/30/2026 7:53:36 AM,BPD436,8M5CL,8M5CL,07/06/2026 11:07:32 PM,8M5CL,D1D,1,8013113
D605333,177,GT9ZQ177JKB3,0,0,0,0,0,0,0.8168289254,0,0,0,0,0,0,0,0,0,0,1.7961596635,0.4978380514,3.1108266402,D6053330,PXMG,04/30/2026 7:53:36 AM,BPD436,8M5CL,8M5CL,07/06/2026 6:53:02 AM,8M5CL,D1D,2,8012958
D604226,35,ICDKA035MMC5,0.6692591481,0,0,0,0,0,0.2027894646,0,0.6635104254,0,0,0,0,0,0,3.1715465527,0,0,0,4.7071078095,D6042260,PXMG,04/29/2026 9:24:29 PM,BPD436,8M5CL,8M5CL,07/06/2026 2:17:52 AM,8M5CL,D1D,1,7974720
D604226,39,ICDKA039MME7,0,0,0,0,0,0,0,0.7634640943,1.279318212,0,0,0,0,0,0,0,0,0.7632422215,0,2.8060245278,D6042260,PXMG,04/29/2026 9:24:29 PM,BPD436,8M5CL,8M5CL,07/04/2026 12:19:50 PM,8M5CL,D1D,2,7974784
D606454,434,GT7PS434JKB3,1.0011945697,0,0,0,0,0,1.2703756257,12.780919925,1.6815860363,0,0,0,0,0,0,5.0115126573,0,1.0032354362,0,22.748826449,D6064540,PXMG,04/28/2026 4:58:43 PM,BPD448,8M5CL,8M5CL,04/29/2026 7:13:57 AM,8M5CL,D1D,1,8050081
D606454,435,GT7PS435JKF5,0,0,0,0,0,0,0,0,6.6981715804,0,0,0,0,0,0,1.6778016509,0,1.5264844431,0,9.9024576744,D6064540,PXMG,04/28/2026 4:58:43 PM,BPD448,8M5CL,8M5CL,04/29/2026 7:12:05 AM,8M5CL,D1D,2,8050133
D605316,504,GT9LN504JKG3,1.4828104764,0,0,0,0,0,0.2891740706,0,4.8335196282,0,0,0,0,0,0,8.5178862632,0,3.1242367462,3.7348406945,20.9685003,D6053160,PXMG,04/29/2026 9:36:13 AM,BPD450,8M5CL,8M5CL,07/07/2026 4:09:33 AM,8M5CL,D1D,1,8004945
D605316,505,GT9LN505JKD2,0,0,0,0,0,0,0.8016461739,0,8.1271496109,0,0,0,0,1.0672100924,0,6.6718042241,0,3.1223839912,0,17.52297198,D6053160,PXMG,04/29/2026 9:36:13 AM,BPD450,8M5CL,8M5CL,07/07/2026 5:05:29 AM,8M5CL,D1D,2,8005015
D604235,40,HCHFA040MMF7,0,0,0,0,0,0,2.8564148017,0,5.9408744438,0,0,0,0,0,0,0,0,3.6206093494,1.4598353337,13.808093757,D6042350,PXMG,04/29/2026 2:58:48 AM,BPD446,8M5CL,8M5CL,04/29/2026 7:14:07 AM,8M5CL,D1D,1,7977097
D604235,41,HCHFA041MMC6,0,0,0,0,0,0,0.1721732453,0.5952845582,0,0,0,0,0,0,0,0,0,0,0.7363956201,1.5038534237,D6042350,PXMG,04/29/2026 2:58:48 AM,BPD446,8M5CL,8M5CL,04/29/2026 7:13:56 AM,8M5CL,D1D,2,7977316
D604232,27,A29ZA027SLD4,1.1490789143,0,0,0,0,0,0.5298321003,0,0,0,0,0,0,0,0,3.7084142375,0,19.633711687,0,22.93390671,D6042320,PXMG,05/06/2026 1:08:33 AM,BPD442,8M5CL,8M5CL,07/07/2026 5:46:27 AM,8M5CL,D1D,1,7975390
D604232,28,A29ZA028SLA3,0,0,0,0,0,0,0.1002487705,2.7314733058,0,0,0,0,0,0,0,3.4264609265,0,4.9342566232,0.9041522468,12.096591873,D6042320,PXMG,05/06/2026 1:08:33 AM,BPD442,8M5CL,8M5CL,07/07/2026 2:26:51 AM,8M5CL,D1D,2,7975257
D606460,11,KJA9W011WFD3,0,0,0,0,0,0,0.700887107,4.2176543289,4.2895632836,0,0,0,0,0,0,0,0.77602431,10.724092363,0,20.708221393,D6064600,PXMG,05/05/2026 4:33:44 AM,BPD450,8M5CL,8M5CL,07/05/2026 10:03:03 AM,8M5CL,D1D,1,8050112
D606460,38,KJA9W038WFF2,0,0,0,0,0,0,0,2.3068719079,0,0,0,0,0,0,0,0,0,6.9394783446,0,9.2463524517,D6064600,PXMG,05/05/2026 4:33:44 AM,BPD450,8M5CL,8M5CL,07/07/2026 7:46:01 AM,8M5CL,D1D,2,8050230
D606451,29,A27VC029SLE3,0,0,0,0,0,0,0,1.3587486525,3.070940578,0,0,0,0,0,0,3.4010872133,0,1.7898362904,0.7363956201,10.357008354,D6064510,PXMG,05/05/2026 1:16:02 AM,BPD454,8M5CL,8M5CL,07/06/2026 11:24:55 AM,8M5CL,D1D,1,8044710
D606451,31,A27VC031SLE3,0,0,0,0,0,0,1.7097513253,0,6.4757996279,0,0,0,0,0,0,12.317611217,0,2.421075326,0,22.750187207,D6064510,PXMG,05/05/2026 1:16:02 AM,BPD454,8M5CL,8M5CL,07/07/2026 1:25:45 AM,8M5CL,D1D,2,8044494
D606451,32,A27VC032SLB2,0,0,0,0,0,0,0,3.0621816489,1.3278827576,0,0,0,0,0,0,2.3876818648,0,0.756528103,0,7.5342743743,D6064510,PXMG,05/05/2026 1:16:02 AM,BPD454,8M5CL,8M5CL,07/07/2026 1:07:36 AM,8M5CL,D1D,3,8044454
D606451,37,A27VC037SLA3,0,0,0,0,0,0,0.3386576736,0.8996229566,0.5633348839,0,0,0,0,0,0,1.7232855624,0,4.3901870081,0,7.4775461687,D6064510,PXMG,05/05/2026 1:16:02 AM,BPD454,8M5CL,8M5CL,07/06/2026 10:07:15 AM,8M5CL,D1D,4,8044532
D605324,15,A28JU015SLH1,0,0,0,0,0,0,0,7.1315467262,1.953811338,0,0,0,0,0,0,1.7232855624,0,3.6975091924,0,14.506152819,D6053240,PXMG,05/05/2026 4:15:53 AM,BPD450,8M5CL,8M5CL,05/06/2026 8:44:15 AM,8M5CL,D1D,1,8010198
D605324,19,A28JU019SLC0,0,0,0,0,0,0,0,2.886564332,0,0,0,0,0,0,0,0,0,0.8295821704,0,3.7161465025,D6053240,PXMG,05/05/2026 4:15:53 AM,BPD450,8M5CL,8M5CL,05/06/2026 8:48:43 AM,8M5CL,D1D,2,8010199
D604228,6,IEFPA006MMF2,0,0,0,0,0,0,4.7276628732,1.9090766759,0,0,0,0,0,0,0,2.5656902883,1.4994760868,1.7330365449,0,12.434942469,D6042280,PXMG,05/06/2026 5:00:19 AM,BPD450,8M5CL,8M5CL,07/06/2026 10:59:40 AM,8M5CL,D1D,1,7975333
D604228,9,IEFPA009MMD2,0,0,0,0,0,0,0.4238856488,0,0,0,0,0,0,0,0,3.402001329,0,2.8874629166,0,6.7133521131,D6042280,PXMG,05/06/2026 5:00:19 AM,BPD450,8M5CL,8M5CL,07/06/2026 7:10:00 AM,8M5CL,D1D,2,7975214
D605312,712,GT9LM712JKA2,0,0,0,0,0,0,0.4328044496,0,0,0,0,0,0,0,0,0,0,0.756528103,0,1.1893325527,D6053120,PXMG,05/04/2026 11:53:19 AM,BPD444,8M5CL,8M5CL,07/06/2026 6:45:02 PM,8M5CL,D1D,1,8004998
D605312,713,GT9LM713JKE4,0.5989587708,0,0,0,0,0,0.472431404,3.3608173112,1.412151202,0,0,0,0,0,0,0.7706261463,0,5.1055402177,0,11.234745784,D6053120,PXMG,05/04/2026 11:53:19 AM,BPD444,8M5CL,8M5CL,07/06/2026 7:10:16 PM,8M5CL,D1D,2,8005064
D606458,526,KJAUF526WFG4,0,0,0,0,0,0,0,1.3363717067,0,0,0,0,0,0,0,1.3422304011,0,8.0611983972,0,10.739800505,D6064580,PXMG,05/03/2026 12:36:53 AM,BPD448,8M5CL,8M5CL,05/06/2026 11:23:56 AM,8M5CL,D1D,1,8050102
D606458,533,KJAUF533WFF5,0,0,0,0,0,0,0.2125540838,4.5114737408,0,0,0,0,0,0,0,0,0,1.6578331044,0,6.381860929,D6064580,PXMG,05/03/2026 12:36:53 AM,BPD448,8M5CL,8M5CL,05/06/2026 11:23:09 AM,8M5CL,D1D,2,8050093
D606459,270,KJA9T270WFB1,0,0,0,0,0,0,0.1001212163,0,1.8862620755,0,0,0,1.7956370463,0,0,4.474291935,0,4.6692540654,0,12.842049155,D6064590,PXMG,05/03/2026 12:58:30 AM,BPD442,8M5CL,8M5CL,07/05/2026 12:31:30 PM,8M5CL,D1D,1,8050141
D606459,279,KJA9T279WFC4,0,0,0,0,0,0,0,0,0.6201387425,0,0,0,0,0,0,0,0,2.6652041192,0,3.2853428617,D6064590,PXMG,05/03/2026 12:58:30 AM,BPD442,8M5CL,8M5CL,07/06/2026 3:40:45 PM,8M5CL,D1D,2,8050099
D604E6B,34,A28E5034SLH0,0,0,0,0,0,0,0.2119756711,0.8122331968,0,0,0,0,0,0,0,5.3610779537,0,0,0,6.2517437398,D604E6B0,X78E,05/03/2026 3:42:46 AM,BPD432,8M5CL,8M5CL,06/07/2026 9:06:47 AM,8M5CL,D1D,1,7995609
D604E6B,38,A28E5038SLB7,0,0,0,0,0,0,0.3168514798,0.640811807,0,0,0,0,0,0,0,0.9585095781,0,0.5077748074,0,2.4239476723,D604E6B0,X78E,05/03/2026 3:42:46 AM,BPD432,8M5CL,8M5CL,06/07/2026 10:34:23 AM,8M5CL,D1D,2,7995494
D607533,407,5DXCR407MVF4,3.7499355019,0,0,0,0,0,0.4745436325,0,4.1400898382,0,1.6770051278,0,0,0,0,9.1622857802,0,13.224922064,1.1156515675,31.899666493,D6075330,PXMG,05/09/2026 10:02:54 AM,BPD454,8M5CL,8M5CL,05/10/2026 7:39:33 AM,8M5CL,D1D,1,8083120
D607533,411,5DXCR411MVG5,0,0,0,0,0,0,1.5966073222,2.8236101611,4.9495792134,0,1.6909431733,0,0,1.5828711809,0,0,0,2.8763115928,0.7866897326,16.240350083,D6075330,PXMG,05/09/2026 10:02:54 AM,BPD454,8M5CL,8M5CL,05/10/2026 7:39:38 AM,8M5CL,D1D,2,8083017
D604238,29,A29WC029SLD6,0,0,0,0,0,0,0.1083182711,2.8198072624,0.7473361649,0,0,0,0,0,0,7.3997309618,0,0,0,11.075194879,D6042380AP,PXMG,05/07/2026 12:36:40 PM,BPD450,8M5CL,8M5CL,05/08/2026 7:55:52 AM,8M5CL,D1D,1,8571163
D604238,115,A29JN115SLF4,0,0,0,0,0,0,0.565132053,0,2.3995692014,0,0,0,0,0,0,0,0,0,0,2.9647012544,D6042380AP,PXMG,05/07/2026 12:36:40 PM,BPD450,8M5CL,8M5CL,05/08/2026 7:56:11 AM,8M5CL,D1D,2,8571152
D604238,157,A29WC157SLA4,1.5053111276,0,0,0,0,0,0.2255491701,1.7799829221,0,0,0,0,0,0,0,4.938529951,0,0.7632422215,2.8721603538,11.376884117,D6042380AP,PXMG,05/07/2026 12:36:40 PM,BPD450,8M5CL,8M5CL,05/08/2026 7:55:46 AM,8M5CL,D1D,3,8572571
D604238,164,A29WC164SLH0,0,0,0,0,0,0,0,0,1.5509419899,0,0,0,0,0,0,3.937462672,0,0,0,5.4884068611,D6042380AP,PXMG,05/07/2026 12:36:40 PM,BPD450,8M5CL,8M5CL,05/08/2026 7:55:58 AM,8M5CL,D1D,4,8572639
D606457,348,KJA6M348WFB6,0,0,0,0,0,0,0.9065141979,1.0534213993,0,0,0,0,0,0,0,1.6630423009,0,1.6432494145,0,5.2662273126,D6064570,PXMG,05/08/2026 1:48:18 PM,BPD432,8M5CL,8M5CL,05/10/2026 7:39:45 AM,8M5CL,D1D,1,8049984
D606457,352,KJA6M352WFC7,0,0,0,0,0,0,0.2106842799,0,0,0,0,0,0,0,0,1.7081260978,0,4.0430269321,0,5.9618373097,D6064570,PXMG,05/08/2026 1:48:18 PM,BPD432,8M5CL,8M5CL,05/10/2026 7:39:43 AM,8M5CL,D1D,2,8050016
D604238,27,A29WC027SLC5,1.1490789143,0,0,0,0,0,0.2240914662,0,1.339667597,0,0,0,0,0,0,2.7907153088,0,33.322598492,0,38.028570313,D6042380,PXMG,05/08/2026 2:39:06 AM,BPD454,8M5CL,8M5CL,05/08/2026 7:56:41 AM,8M5CL,D1D,1,7977580
D604238,31,A29WC031SLD6,0,0,0,0,0,0,0,1.3583603752,1.7122717996,0,0,0,0,0,0,0,0,1.4902260001,0,4.5608603937,D6042380,PXMG,05/08/2026 2:39:06 AM,BPD454,8M5CL,8M5CL,05/08/2026 7:55:58 AM,8M5CL,D1D,2,7977507
D605E99,101,A28MA101SLB0,0,0,0,0,0,0,0,0,0.6663484339,0,0,0,0,0,0,1.0101450605,0,0,0,1.6764934943,D605E990,X78E,05/07/2026 6:05:10 AM,BPD442,8M5CL,8M5CL,06/06/2026 7:12:58 AM,8M5CL,D1D,1,8040042
D605E99,105,A28MA105SLD2,0,0,0,0,0,0,0.3966565485,0.8040874615,0,1.8121374123,0,0,0,0,0,2.2228043699,0,1.1159769604,0,5.6485972676,D605E990,X78E,05/07/2026 6:05:10 AM,BPD442,8M5CL,8M5CL,06/06/2026 8:52:37 AM,8M5CL,D1D,2,8040196
D607539,467,5DXCL467MVA6,0,0,0,0,0,0,0.8720552688,1.4939689932,0,0,0,0,0,0,0,0,0,1.6390005464,0,4.0050248084,D6075390,PXMG,05/11/2026 2:11:19 PM,BPD458,8M5CL,8M5CL,07/07/2026 5:31:28 AM,8M5CL,D1D,1,8083793
D607539,470,5DXCL470MVF0,0,0,0,0,0,0,0.4452013942,6.6332406067,0,0,0,0,0,0,0,0,0,2.9057606667,0,9.9842026676,D6075390,PXMG,05/11/2026 2:11:19 PM,BPD458,8M5CL,8M5CL,07/06/2026 10:14:24 PM,8M5CL,D1D,2,8083797
D606448,214,MCLPM214WAC3,1.3170956345,0,0,0,0,0,0.3135215201,4.1885420338,0,0,0,0,0,0,0,2.4470165398,0,0,0,7.680114959,D6064480,PXMG,05/10/2026 4:43:23 AM,BPD436,8M5CL,8M5CL,07/06/2026 1:13:07 PM,8M5CL,D1D,1,8044608
D606448,334,MCLPH334WAB2,0,0,0,0,0,0,0.5550233241,0,1.9300351434,0,0,0,0,0,0,2.0760318721,1.5026099605,5.3566368194,0,11.420337119,D6064480,PXMG,05/10/2026 4:43:23 AM,BPD436,8M5CL,8M5CL,07/07/2026 3:29:44 AM,8M5CL,D1D,2,8044508
D607534,634,5DXBX634MVD6,1.1389706528,0,0,0,0,0,0,1.0534213993,0,0,0,0,0,0,0,0,0,1.1556846458,0,3.3480766979,D6075340,PXMG,05/13/2026 1:47:27 PM,BPD458,8M5CL,8M5CL,05/14/2026 7:56:06 AM,8M5CL,D1D,1,8082939
D607534,643,5DXBX643MVE0,0,0,0,0,0,0,0.1721732453,1.6901355565,0,0,0,0,0,0,0,0,4.5623092227,1.2137925361,0,7.6384105606,D6075340,PXMG,05/13/2026 1:47:27 PM,BPD458,8M5CL,8M5CL,05/14/2026 7:55:59 AM,8M5CL,D1D,2,8083226
D607536,550,5DXEC550MVF1,0,0,0,0,0,0,1.1176361205,5.1133338627,0,0,0,0,0,0,0,4.8913676376,0,0,0,11.122337621,D6075360,PXMG,05/12/2026 12:24:26 PM,BPD450,8M5CL,8M5CL,05/13/2026 8:05:24 AM,8M5CL,D1D,1,8083058
D607536,557,5DXEC557MVF3,0,0,0,0,0,0,0,5.4245022483,0,0,0,0,0,0,0,0,0,0,0,5.4245022483,D6075360,PXMG,05/12/2026 12:24:26 PM,BPD450,8M5CL,8M5CL,05/13/2026 8:05:12 AM,8M5CL,D1D,2,8083113
D607532,705,5DXCT705MVC4,0,0,0,0,0,0,0.2516081233,0.8572142013,0,0,0,0,0,0,0,3.2085438319,1.0859050894,6.3682002245,0.8268220736,12.598293544,D6075320,PXMG,05/14/2026 6:26:09 AM,BPD432,8M5CL,8M5CL,07/07/2026 4:41:32 AM,8M5CL,D1D,1,8083107
D607532,710,5DXCT710MVA4,0,0,0,0,0,0,0.182598174,0,0,0,0,0,0,0,0,17.721406909,0,4.6136514491,0,22.517654333,D6075320,PXMG,05/14/2026 6:26:09 AM,BPD432,8M5CL,8M5CL,07/06/2026 8:45:20 AM,8M5CL,D1D,2,8083028
D606464,211,GT9FQ211JKG0,0,0,0,0,0,0,0.1741701,0,0.5633348839,0,0,0,0,1.5104541377,0,11.531367449,0,0,0,13.196631071,D6064640,PXMG,05/18/2026 3:17:50 AM,BPD448,8M5CL,8M5CL,05/18/2026 6:36:01 AM,8M5CL,D1D,1,8052089
D606464,230,GT9FQ230JKD3,0,0,0,0,0,0,0,0,0,0,0,0,0,0,0,2.7661658372,1.8033518735,0,0,4.5695177108,D6064640,PXMG,05/18/2026 3:17:50 AM,BPD448,8M5CL,8M5CL,05/18/2026 6:36:03 AM,8M5CL,D1D,2,8051948
D606463,14,KJAUC014WFE1,0,0,0,0,0,0,0.8370191745,0,0,0,0,0,0,0,0,0,0,2.2695843091,0,3.1066034836,D6064630,PXMG,05/23/2026 9:28:22 PM,BPD458,8M5CL,8M5CL,05/25/2026 9:50:31 AM,8M5CL,D1D,1,8051954
D606463,20,KJAUC020WFG3,1.2642772175,0,0,0.456740647,0,0,0.7723822051,0,0,0,0,0,0,0,0,0,0,5.8548281689,0,8.3482282384,D6064630,PXMG,05/23/2026 9:28:22 PM,BPD458,8M5CL,8M5CL,05/25/2026 9:51:50 AM,8M5CL,D1D,2,8051970
D605338,13,KJ9PL013WFC6,1.2207060906,0,0,0,0,0,0,0,0,0,0,0,0,0,0,0.7766411162,5.7995514885,2.5029308355,0,10.29983175,D6053380,PXMG,05/22/2026 9:43:45 AM,BPD454,8M5CL,8M5CL,05/25/2026 9:50:17 AM,8M5CL,D1D,1,8013066
D605338,32,KJ9PL032WFA1,0.6923617645,0,0,0,0,0,0.2589943172,6.1681649554,0,0,2.2290220872,0,0,1.1760141393,0,0,2.9262485034,8.8190966079,0,21.824432677,D6053380,PXMG,05/22/2026 9:43:45 AM,BPD454,8M5CL,8M5CL,05/25/2026 9:52:45 AM,8M5CL,D1D,2,8013032
D605338,310,KJ9PL310WFC1,0,0,0,0,0,0,0.2380776347,1.1290962017,0,0,0,0,0,0,0,1.8308353959,6.317876149,3.6399821868,0.488176149,13.644041518,D6053380,PXMG,05/22/2026 9:43:45 AM,BPD454,8M5CL,8M5CL,05/25/2026 9:50:40 AM,8M5CL,D1D,3,8013011
D604239,50,A29UH050SLE3,0,0,0,0,0,0,0.6800461907,1.8064967433,1.3278827576,0,0,0,0,0,0,2.6148096348,0,2.3161943574,1.8638719226,10.609299407,D6042390,PXMG,05/26/2026 1:01:56 AM,BPD436,8M5CL,8M5CL,05/26/2026 8:21:09 AM,8M5CL,D1D,1,7977451
D604239,90,A28WK090SLF4,1.1160658848,0,0,0,0,0,0.3114454662,3.283791602,0,0,0,0,0,0,0,1.0712020089,2.2766679633,1.1183398675,1.1963414337,10.373852027,D6042390,PXMG,05/26/2026 1:01:56 AM,BPD436,8M5CL,8M5CL,05/26/2026 8:20:59 AM,8M5CL,D1D,2,7977322
D606465,505,KJAUF505WFA5,0,0,0,0,0,0,0.2069717657,0,0.6771910985,0,0,0,0,1.1978199176,0,2.0715813878,0,4.7355363635,0,8.8891005331,D6064650,PXMG,05/25/2026 7:36:45 PM,BPD454,8M5CL,8M5CL,05/26/2026 8:20:57 AM,8M5CL,D1D,1,8052111
D606465,507,KJAUF507WFB6,9.6181344157,0,0,0,0,0,0.3140142685,0,1.6258235244,0,1.6256682135,0,0,0,0,11.962528304,0,0.7838941361,1.536007221,20.474567212,D6064650,PXMG,05/25/2026 7:36:45 PM,BPD454,8M5CL,8M5CL,05/26/2026 8:21:04 AM,8M5CL,D1D,2,8052019
D607518,664,MCLPL664WAG2,0,0,0,0,0,0,0.965198601,0,0.5395506931,0,0,0,0,0,0,10.369403552,0,1.5878388257,0,13.461991672,D6075180,PNCB,06/04/2026 10:19:17 PM,BPD436,8M5CL,8M5CL,06/05/2026 8:57:36 AM,8M5CL,D1D,1,8097524
D607518,672,MCLPL672WAC2,0,0,0,0,0,0,0.2035799779,0,0,0,0,0,0,0,0,0,0,0,0,0.2035799779,D6075180,PNCB,06/04/2026 10:19:17 PM,BPD436,8M5CL,8M5CL,06/05/2026 8:57:38 AM,8M5CL,D1D,2,8097430
D547R19,14,GAKFA014MMF1,0,0,0,0,0,0,0,6.3639696114,2.0426849476,0,0,0,0,0,0,1.1457791415,0,9.5758687736,0,19.128302474,D547R190,PNCB,12/27/2025 8:49:26 PM,BPD446,8M5CL,8M5CL,02/13/2026 5:31:36 AM,8M5CL,D1D,1,7868307
D547R19,15,GAKFA015MMC0,0,0,0,0,0,0,0,0,3.1769576971,0,0,0,0,0,0,0,0,25.806268568,0.4432416728,29.426467938,D547R190,PNCB,12/27/2025 8:49:26 PM,BPD446,8M5CL,8M5CL,02/13/2026 5:31:27 AM,8M5CL,D1D,2,7868266
D547R19,16,GAKFA016MMG2,0,0,0,0,0,0,0.2146302481,0,2.5084113355,0,0,0,0,0,0,3.3010557172,0.5618637387,1.5878388257,0,8.1737998653,D547R190,PNCB,12/27/2025 8:49:26 PM,BPD446,8M5CL,8M5CL,02/13/2026 5:31:00 AM,8M5CL,D1D,3,7868185
D547R19,17,GAKFA017MMD1,0,0,0,0,0,0,0.5984083617,0,0,0,0,0,0,0,0,1.7979196349,0,0,0,2.3963279966,D547R190,PNCB,12/27/2025 8:49:26 PM,BPD446,8M5CL,8M5CL,02/13/2026 5:31:16 AM,8M5CL,D1D,4,7868396
D547R19,30,GAKFA030MME4,0,0,0,0,0,0,0,0,0.588214383,0,0,0,0,0,0,0,0,3.7590044149,0,4.3472187979,D547R190,PNCB,12/27/2025 8:49:26 PM,BPD446,8M5CL,8M5CL,02/13/2026 5:31:02 AM,8M5CL,D1D,5,7868426
D547R19,31,GAKFA031MMB3,0,0,0,0,0,0,0,0.7364532091,1.29227099,0,0,0,0,0,0,4.7350452769,0,5.0605742891,0,11.824343765,D547R190,PNCB,12/27/2025 8:49:26 PM,BPD446,8M5CL,8M5CL,02/13/2026 5:31:01 AM,8M5CL,D1D,6,7868311
D547R19,33,GAKFA033MMC4,0,0,0,0,0,0,0,0,0.6154039297,0,0,0,0,0,0,2.681209757,1.0565353355,0,0,4.0848947101,D547R190,PNCB,12/27/2025 8:49:26 PM,BPD446,8M5CL,8M5CL,02/13/2026 5:31:04 AM,8M5CL,D1D,7,7868385
D547R19,34,GAKFA034MMG6,0,0,0,0,0,0,0,1.8559035054,0,0,0,0,0,0,0,4.7306844244,2.2622006902,2.2336399918,0.8242672799,11.906695892,D547R190,PNCB,12/27/2025 8:49:26 PM,BPD446,8M5CL,8M5CL,02/13/2026 5:30:38 AM,8M5CL,D1D,8,7868382
D547R19,35,GAKFA035MMD5,1.1084252165,0,0,0,0,0,0,0,0.5434044458,0,0,0,0,0,0,1.0296647454,0,0.7362391861,2.6273465838,5.6771938695,D547R190,PNCB,12/27/2025 8:49:26 PM,BPD446,8M5CL,8M5CL,02/13/2026 5:30:32 AM,8M5CL,D1D,9,7868208
D547R19,36,GAKFA036MMA4,1.230619716,0,0,0,0,0,0,1.8911942434,0,0,0,0,0,0,0,1.7845846366,0,0.7310178748,0,5.6374164708,D547R190,PNCB,12/27/2025 8:49:26 PM,BPD446,8M5CL,8M5CL,02/13/2026 5:30:44 AM,8M5CL,D1D,10,7868371
D547R19,37,GAKFA037MME6,0,0,0,0,0,0,0,1.025170262,2.5845419799,0,0,0,0,0,0,2.6919815356,0,5.795529337,0,12.097223114,D547R190,PNCB,12/27/2025 8:49:26 PM,BPD446,8M5CL,8M5CL,02/13/2026 5:30:41 AM,8M5CL,D1D,11,7868329
D547R19,43,GAKFA043MMH0,0,0,0,0,0,0,0,0,0,0,0,0,0,0,0,0,1.3836588192,6.0806079986,0,7.4642668178,D547R190,PNCB,12/27/2025 8:49:26 PM,BPD446,8M5CL,8M5CL,02/13/2026 5:30:43 AM,8M5CL,D1D,12,7868251
D547R19,118,GAKFA118MMG4,0,0,1.3704375099,0,0,0,0,1.9966966981,0,0,0,0,0,0,0,3.3914490525,2.7740895819,0,0,9.5326728423,D547R190,PNCB,12/27/2025 8:49:26 PM,BPD446,8M5CL,8M5CL,02/13/2026 5:29:46 AM,8M5CL,D1D,13,7868215
D544625,257,MCG7B257WAD5,0,0,0,0.1538709631,0,0,0.3557640618,0,0,0,0,0,0,0,0,3.1943839137,0,6.4468563291,0,10.150875268,D5446250,PXMG,01/30/2026 6:15:57 AM,BPD432,8M5CL,8M5CL,03/29/2026 11:29:41 AM,8M5CL,D1D,1,7572265
D544625,270,MCG7B270WAF0,0,0,0,0,0,0,0,0.7039142125,0,0,0,0,0,0,0,0,0,8.5133558914,0.730412489,9.9476847922,D5446250,PXMG,01/30/2026 6:15:57 AM,BPD432,8M5CL,8M5CL,03/30/2026 1:53:02 AM,8M5CL,D1D,2,7572176
D546299,338,GS6CV338JKB3,0,0,0,0,0,0,2.2189848946,0,0,0,0,0,0,0,0,1.7081260978,0.5814710187,0,0,4.5085820111,D5462990,PXMG,01/29/2026 1:09:33 PM,BPD450,8M5CL,8M5CL,03/14/2026 2:27:26 AM,8M5CL,D1D,1,7624896
D546299,339,GS6CV339JKF5,0,0,0,0,0,0,0,0,0,0,0,0,0,0,0,0,2.9150638853,4.7215628184,0,7.6366267037,D5462990,PXMG,01/29/2026 1:09:33 PM,BPD450,8M5CL,8M5CL,03/14/2026 2:55:36 AM,8M5CL,D1D,2,7624746
D546303,11,A20D2011SLD0,0,0,0,0,0,0,0.322873647,0,0,0,0,0,0,0,0,0,0,3.3627498228,0,3.6856234698,D5463030,PXMG,01/29/2026 2:10:11 PM,BPD448,8M5CL,8M5CL,04/12/2026 12:36:22 PM,8M5CL,D1D,1,7625199
D546303,71,A20D2071SLA4,0,0,0,0,0,0,1.3084035094,1.1697019854,1.4744575045,0,0,0,0,1.8800453086,0,6.8648490379,0,2.6646716247,2.1434504054,17.505579376,D5463030,PXMG,01/29/2026 2:10:11 PM,BPD448,8M5CL,8M5CL,07/02/2026 1:18:10 AM,8M5CL,D1D,2,7625115
D545200,5,A22TX005SLA3,0,0,0,0,0,0,0,0,0,0,0,0,0,0,0,1.9751732453,0,18.924005139,0,20.899180603,D5452000,PXMG,02/03/2026 7:05:11 PM,BPD446,8M5CL,8M5CL,02/13/2026 12:15:42 PM,8M5CL,D1D,1,7595913
D545200,6,A22TX006SLE5,0,0,0,0,0,0,0.2106842799,10.018974371,0,0,0,0,0,0,0,0,0,0,0,10.22965865,D5452000,PXMG,02/03/2026 7:05:11 PM,BPD446,8M5CL,8M5CL,03/27/2026 4:05:51 PM,8M5CL,D1D,2,7595784
D545185,6,A21NZ006SLA2,0,0,0,0,0,0,0,2.500613477,0,0,0,0,0,0,0,1.2557882684,1.1378050717,2.2696063012,0,7.1638131184,D5451850,PXMG,02/02/2026 4:00:21 PM,BPD454,8M5CL,8M5CL,04/23/2026 6:50:38 PM,8M5CL,D1D,1,7591042
D545185,10,A21NZ010SLB3,0,0,0,0,0,0,0.2942872329,1.471431766,0,0,0,0,0,0,0,2.3859312939,1.3390349495,1.0567268113,0,6.5474120536,D5451850,PXMG,02/02/2026 4:00:21 PM,BPD454,8M5CL,8M5CL,07/02/2026 3:48:16 AM,8M5CL,D1D,2,7591110
D544628,427,GT2JB427JKF3,1.4669071752,0,0,0,0,0,0.7982049277,0,1.9355822738,0,0,0,0,0,0,0,0,1.6578331044,0,5.7064248438,D5446280,PXMG,02/01/2026 2:02:23 AM,BPD432,8M5CL,8M5CL,03/23/2026 11:13:17 PM,8M5CL,D1D,1,7573143
D544628,428,GT2JB428JKC2,2.1066888539,0,0,0,0,0,0.2296282714,1.9729395236,2.8293733204,0,0,0,0,1.0426782604,0.3835135648,3.3521144467,1.5496356594,0.8245540544,0.7955508782,14.006587818,D5446280,PXMG,02/01/2026 2:02:23 AM,BPD432,8M5CL,8M5CL,03/23/2026 10:18:09 PM,8M5CL,D1D,2,7573108
D544634,8,MCGCW008WAB4,5.0211913788,0,0,0,0,0,0.4840966152,3.5347873939,0,2.4352397724,0,0,0,2.7989054706,0,0.8105164996,0,2.212378469,0.3510180438,12.054545184,D5446340,PXMG,02/12/2026 4:12:58 AM,BPD444,8M5CL,8M5CL,04/29/2026 2:29:39 PM,8M5CL,D1D,1,7576449
D544634,9,MCGCW009WAF6,0,0,0,0,0,0,0.1721732453,0,0,0,0,0,0,0,0,0,0,0.7632422215,0.4594984421,1.3949139089,D5446340,PXMG,02/12/2026 4:12:58 AM,BPD444,8M5CL,8M5CL,05/01/2026 6:10:51 PM,8M5CL,D1D,2,7576403
D546305,288,GS4VR288JKC6,0,0,0,0,0,0,0.3927788349,0.5900479362,4.7696457845,0,0,0,0,0,0,1.7081260978,0,5.7606096311,0.7299176669,13.951125951,D5463050,PXMG,02/14/2026 4:45:02 PM,BPD432,8M5CL,8M5CL,04/27/2026 11:59:39 AM,8M5CL,D1D,1,7627644
D546305,289,GS4VR289JKH0,0,0,0,0,0,0,0,5.8608793322,3.6431392778,0,0,0,0,0,0,7.4699958394,0,9.9560532531,0,26.930069921,D5463050,PXMG,02/14/2026 4:45:02 PM,BPD432,8M5CL,8M5CL,04/30/2026 5:36:08 AM,8M5CL,D1D,2,7627669
D545270,480,KJ57P480WFD3,0,0,0,0,0,0,0.7826767052,0,0,0,0,0,0,0,0,3.5057930145,0,0,0,4.2884697197,D5452700,PXMG,02/18/2026 7:04:06 AM,BPD454,8M5CL,8M5CL,05/03/2026 2:16:56 PM,8M5CL,D1D,1,7600988
D545270,487,KJ57P487WFD5,1.1490789143,0,0,0,0,0,0.2441354494,0,0,0,1.7244193321,0,0,0,1.3777942084,0,0,0,0,4.4954279043,D5452700,PXMG,02/18/2026 7:04:06 AM,BPD454,8M5CL,8M5CL,05/03/2026 5:02:53 AM,8M5CL,D1D,2,7601025
D545270,493,KJ57P493WFF7,1.1490789143,0,0,0,0,0,0,1.0603298188,0,0,0,0,0,0,0,5.5546661092,0.5866315214,1.6578331044,0,10.008539468,D5452700,PXMG,02/18/2026 7:04:06 AM,BPD454,8M5CL,8M5CL,05/03/2026 9:56:36 AM,8M5CL,D1D,3,7601119
D545270,515,KJ57P515WFH0,0,0,0,0,0,0,0,1.0450072875,0,0,0,0,0,0,1.7310488895,2.3587801171,0,2.2691901239,0,7.404026418,D5452700,PXMG,02/18/2026 7:04:06 AM,BPD454,8M5CL,8M5CL,05/01/2026 2:29:18 AM,8M5CL,D1D,4,7600937
D546335,725,KJ51K725WFE5,0,0,0,0,0,0,0.5182947179,0,0,0,0,0,0,0,0,0,0,0,0,0.5182947179,D5463350,PXMG,02/18/2026 12:43:08 PM,BPD448,8M5CL,8M5CL,04/29/2026 1:49:06 PM,8M5CL,D1D,1,7636602
D546335,741,KJ51K741WFE0,9.5206812527,0,0,0,0,0,0.18545011,0,0,0,0,0,0,0,0,9.2204563749,0,0.8221006217,3.7443487463,19.11562553,D5463350,PXMG,02/18/2026 12:43:08 PM,BPD448,8M5CL,8M5CL,04/30/2026 1:58:15 AM,8M5CL,D1D,2,7636487
D545162,60,GS8FM060JKA2,0,0,0,0,0,0,0,0,0,0,0,0,0,0,0.8243565321,4.7332366118,1.9077186474,4.4115866218,0,11.72137011,D5451620,PNCB,02/18/2026 5:19:07 AM,BPD450,8M5CL,8M5CL,04/20/2026 7:58:17 AM,8M5CL,D1D,1,7590048
D545162,61,GS8FM061JKE4,0,0,0,0,0,0,0.8060106903,3.3257978655,0,0,0,0,0,0,0,3.7216462809,3.0265444594,0,3.0321861062,13.004798429,D5451620,PNCB,02/18/2026 5:19:07 AM,BPD450,8M5CL,8M5CL,04/21/2026 6:33:24 AM,8M5CL,D1D,2,7590165
D545196,78,A21XN078SLG6,0,0,0,0,0,0,0,4.9368890771,1.7480175607,0,0,0,0,0,0,2.7855958541,0,1.991777953,0,11.462280445,D5451960,PXMG,02/19/2026 3:44:45 PM,BPD446,8M5CL,8M5CL,04/18/2026 3:32:37 PM,8M5CL,D1D,1,7594198
D545196,104,A21NZ104SLF5,0,0,0,0,0,0,0.5634375,0,1.8862620755,0,0,0,0,0,0,0,0,0,0,2.4496995755,D5451960,PXMG,02/19/2026 3:44:45 PM,BPD446,8M5CL,8M5CL,04/18/2026 5:46:56 PM,8M5CL,D1D,2,7594275
D545196,227,A22K0227SLD5,0,0,0,0,0,0,0.2405078302,0,0,0,0,0,0,0,0,0,0,0,0,0.2405078302,D5451960,PXMG,02/19/2026 3:44:45 PM,BPD446,8M5CL,8M5CL,04/24/2026 6:06:31 AM,8M5CL,D1D,3,7594267
D545196,228,A22K0228SLA4,0,0,0,0,0,0,0,2.3559076844,0,0,0,0,0,0,0,6.7486419314,0,0,0,9.104551815,D5451960,PXMG,02/19/2026 3:44:45 PM,BPD446,8M5CL,8M5CL,04/18/2026 10:23:42 PM,8M5CL,D1D,4,7594252
D545178,1,KJ57R001WFF3,0,0,0,0,0,0,0,2.3267949431,0.8723481408,0,0,0,0,0,0,5.4156118076,0,3.5331946795,0,12.147947352,D5451780,PXMG,02/18/2026 11:20:07 AM,BPD454,8M5CL,8M5CL,07/02/2026 5:45:46 AM,8M5CL,D1D,1,7591292
D545178,7,KJ57R007WFB3,0,0,0,0,0,0,0.5684379569,0,1.9030024808,0,0,0,0,0,0,1.0674297465,0,1.5264844431,0,5.0653546272,D5451780,PXMG,02/18/2026 11:20:07 AM,BPD454,8M5CL,8M5CL,07/02/2026 6:13:54 AM,8M5CL,D1D,2,7591253
D547939,26,GT3FY026JKD1,1.0633046472,0,0,0,0,0,0,0.8310065354,0.7984384404,0,0,0,0,0,0,4.3225992535,0,5.695944072,2.9400793326,14.166259232,D5479390,PXMG,02/18/2026 1:06:02 PM,BPD448,8M5CL,8M5CL,07/02/2026 3:01:52 PM,8M5CL,D1D,1,7698966
D547939,27,GT3FY027JKA0,2.0570664732,0,0,0,0,0,0.5023886612,0,0,0,0,0,0,0,0,0.8715804612,2.1690301134,2.7882613964,1.6509217686,9.730610582,D5479390,PXMG,02/18/2026 1:06:02 PM,BPD448,8M5CL,8M5CL,07/02/2026 2:58:03 PM,8M5CL,D1D,2,7698943
D547940,12,KJ6GQ012WFE5,0.9820548485,0,0,0,0,0,0,0,1.0045549619,0,0,0,0,0,0,0,0,5.3753740852,0,7.3619838956,D5479400,PXMG,02/18/2026 4:07:48 AM,BPD446,8M5CL,8M5CL,05/04/2026 11:50:00 PM,8M5CL,D1D,1,7698882
D547940,14,KJ6GQ014WFF6,1.5535546509,0,0,0,0,0,0,0.7782277042,0.802883043,0,0,0,0,0,0,0,0,2.0490849568,0,5.1837503549,D5479400,PXMG,02/18/2026 4:07:48 AM,BPD446,8M5CL,8M5CL,05/05/2026 1:43:45 AM,8M5CL,D1D,2,7698917
D544627,512,GT2JB512JKA7,0,0,0,0,0,0,0.2401954735,0,3.5301734521,0,0,0,0,0,0,2.2882863876,0,6.3716226325,0,12.430277946,D5446270,PXMG,02/16/2026 7:50:29 PM,BPD454,8M5CL,8M5CL,05/04/2026 4:24:05 AM,8M5CL,D1D,1,7573045
D544627,513,GT2JB513JKF1,0,0,0,0,0,0,0,2.4723323661,0,0,0,0,0,0,0,2.3898689253,0,1.058472744,0,5.9206740354,D5446270,PXMG,02/16/2026 7:50:29 PM,BPD454,8M5CL,8M5CL,06/08/2026 12:55:43 AM,8M5CL,D1D,2,7572953
D547939,39,GT3FY039JKF5,2.0807136697,0,0,0,0,0,0,0,0,0,0,0,0,0,1.2097167339,2.087971127,0,0.9247611379,1.4489732018,7.7521358703,D547939A,PXMG,02/16/2026 8:07:11 PM,BPD444,8M5CL,8M5CL,04/11/2026 12:20:33 PM,8M5CL,D1D,1,7968589
D547939,40,GT3FY040JKB3,1.6253808365,0,0,0,0,0,0,1.5032961139,0,0,0,0,0,0,0,0,1.3680315281,1.1734498609,0,5.6701561402,D547939A,PXMG,02/16/2026 8:07:11 PM,BPD444,8M5CL,8M5CL,04/11/2026 3:36:13 PM,8M5CL,D1D,2,7968584
D545182,389,MCGRM389WAG5,1.7766082377,0,0,0,0,0,0,0,0,0,0,0,0,0,0,0,0,5.6631064103,0,7.439714648,D5451820,PXMG,02/15/2026 5:36:26 PM,BPD442,8M5CL,8M5CL,04/25/2026 7:03:57 PM,8M5CL,D1D,1,7591479
D545182,405,MCGRM405WAE3,3.447236743,0,0,0,0,0,0.931865503,1.0627704189,3.6342754618,0,0,0,0,0,0,1.7232855624,0,9.3792751,0.9189968842,21.097705673,D5451820,PXMG,02/15/2026 5:36:26 PM,BPD442,8M5CL,8M5CL,04/25/2026 3:35:50 PM,8M5CL,D1D,2,7591475
D544974,322,GS9CS322JKF3,0,0,0,0,0,0,0.4713631916,0,3.6676416459,0,0,0,0,0,0,0,0,0,0.8667986717,5.0058035092,D544974A,PXMG,02/16/2026 3:24:01 AM,BPD436,8M5CL,8M5CL,04/12/2026 2:01:53 PM,8M5CL,D1D,1,7705238
D544974,323,GS9CS323JKC2,0,0,0,0,0,0,0,0.7139554113,2.3433044936,0,0,0,0,0,0,2.0668222175,0,1.9883236426,0,7.1124035463,D544974A,PXMG,02/16/2026 3:24:01 AM,BPD436,8M5CL,8M5CL,04/12/2026 12:30:13 PM,8M5CL,D1D,2,7705443
D546931,2,GT3FY002JKG5,0,0,0,0,0,0,0,2.5172966811,2.7012253769,0,1.9816769833,0,0,0,0,0,3.0066801961,3.3708495133,0.9219482509,13.218525249,D5469310,PXMG,02/16/2026 3:08:02 AM,BPD454,8M5CL,8M5CL,04/25/2026 10:54:26 PM,8M5CL,D1D,1,7656608
D546931,60,GT3FY060JKD0,0,0,0,0,0,0,0.2987252379,1.5870881989,0.818684364,0,0,0,0,0,0,1.422936995,1.4217890076,0,0,5.5492216042,D5469310,PXMG,02/16/2026 3:08:02 AM,BPD454,8M5CL,8M5CL,04/25/2026 4:38:37 AM,8M5CL,D1D,2,7656689
D548507,685,GT5JD685JKG3,0,0,0,0,0,0,0.3962647115,0,0,0,0,0,0,0,0,0,0,2.2897266646,0,2.6859913761,D5485070,PXMG,02/26/2026 4:03:04 PM,BPD448,8M5CL,8M5CL,05/03/2026 1:07:55 PM,8M5CL,D1D,1,7703672
D548507,704,GT5JD704JKC1,0,0,0,0,0,0,0.398571553,1.2821941781,3.2325192294,0,0,0,0,0,0,0,0,1.9216847446,0.3819807157,6.6126296143,D5485070,PXMG,02/26/2026 4:03:04 PM,BPD448,8M5CL,8M5CL,05/01/2026 11:01:24 PM,8M5CL,D1D,2,7703685
D548507,706,GT5JD706JKD2,0,0,0,0,0,0,0,0,0,0,0,0,0,0,0,0,0,1.5130562061,0,1.5130562061,D5485070,PXMG,02/26/2026 4:03:04 PM,BPD448,8M5CL,8M5CL,05/03/2026 1:09:49 PM,8M5CL,D1D,3,7703611
D548507,723,GT5JD723JKG7,0,0,0,0,0,0,0,0,1.9030024808,0,0,0,0,0,0,0,0,1.592824392,0,3.4958268728,D5485070,PXMG,02/26/2026 4:03:04 PM,BPD448,8M5CL,8M5CL,07/01/2026 11:57:38 AM,8M5CL,D1D,4,7703607
D546338,3,GS9YT003JKD2,0.7616891124,0,0,0,0,0,0.2240914662,0,0,0,0,0,0,0,0,1.7232855624,1.1132264985,2.4813736802,0.4594984421,6.7631647617,D5463380,PXMG,02/24/2026 8:43:03 AM,BPD432,8M5CL,8M5CL,06/08/2026 3:02:24 AM,8M5CL,D1D,1,7636179
D546338,22,GS9YT022JKA5,2.4409445221,0,0,0,0,0,0.2705269723,0,0,0,0,0,0,0,0,0,0.7081938744,2.5427283409,1.4124951478,7.3748866584,D5463380,PXMG,02/24/2026 8:43:03 AM,BPD432,8M5CL,8M5CL,06/08/2026 2:25:28 AM,8M5CL,D1D,2,7636300
D546338,40,GS9YT040JKB1,1.8646856301,0,0,0,0,0,0.2032267601,4.2335312646,0,0,0,0,0,0,0,0,0,11.587571615,0,17.88901527,D5463380,PXMG,02/24/2026 8:43:03 AM,BPD432,8M5CL,8M5CL,05/02/2026 5:12:03 AM,8M5CL,D1D,3,7636198
D546338,45,GS9YT045JKA2,0,0,0,0,0,0,0.3460926291,0,2.8561477983,0,0,0,0,1.0925302094,0,0,1.6237246083,2.7406164444,0,8.6591116895,D5463380,PXMG,02/24/2026 8:43:03 AM,BPD432,8M5CL,8M5CL,05/02/2026 5:33:53 AM,8M5CL,D1D,4,7636195
D547406,76,A24ZR076SLE0,0,0,0,0,0,0,0,0,1.3278827576,0,0,0,0,0,0,3.4162521956,0,7.9716949649,0,12.715829918,D5474060,PXMG,02/25/2026 4:04:54 PM,BPD436,8M5CL,8M5CL,04/30/2026 3:08:20 PM,8M5CL,D1D,1,7665414
D547406,79,A24ZR079SLC0,6.6604487773,0,0,0,0,0,0,0,2.4076520253,0,0,0,0,0,0,0.9249408549,0,2.862400172,0.5813509503,13.436790561,D5474060,PXMG,02/25/2026 4:04:54 PM,BPD436,8M5CL,8M5CL,04/30/2026 11:18:40 AM,8M5CL,D1D,2,7665416
D545181,30,MCGCW030WAD1,0.6969515149,0,0,0,0,0,0,0,0,0,0,0,0,0,0,2.1137175278,0,0,0.5636024407,3.3742714835,D5451810,PXMG,02/22/2026 10:03:03 AM,BPD444,8M5CL,8M5CL,05/01/2026 7:39:12 AM,8M5CL,D1D,1,7591336
D545181,37,MCGCW037WAD3,0,0,0,0,0,0,0,2.0066680806,0.6748214977,0,0,0,0,0,0,2.696849828,0,9.0618328977,0,14.440172304,D5451810,PXMG,02/22/2026 10:03:03 AM,BPD444,8M5CL,8M5CL,07/02/2026 3:33:58 AM,8M5CL,D1D,2,7591334
D546331,797,GR0ZC797JDB5,0,0,0,0,0,0,0,0,1.6935701465,0,0,0,0,0,0,4.4890601567,0,3.9181150379,0,10.100745341,D5463310,PXMG,02/22/2026 10:29:03 PM,BPD450,8M5CL,8M5CL,04/16/2026 6:19:38 PM,8M5CL,D1D,1,7636263
D546331,798,GR0ZC798JDF7,0,0,0,0,0,0,0,0,0,0,0,0,0,0,0,0,0,1.8567112961,5.2394387405,7.0961500366,D5463310,PXMG,02/22/2026 10:29:03 PM,BPD450,8M5CL,8M5CL,04/16/2026 3:53:53 PM,8M5CL,D1D,2,7636215
D546275,9,A20D2009SLD0,0,0,0,0,0,0,0,0,2.5263277187,0,0,0,0,0,0,0,0,1.5364712549,0,4.0627989736,D5462750,PNCB,02/28/2026 11:08:27 PM,BPD458,8M5CL,8M5CL,05/05/2026 4:22:09 PM,8M5CL,D1D,1,7625324
D546275,13,A20D2013SLE1,0,0,0,0,0,0,2.4993265746,0,2.9132813374,0,0,0,0,0,0,1.6184420712,0,0.7362391861,0,7.7672891693,D5462750,PNCB,02/28/2026 11:08:27 PM,BPD458,8M5CL,8M5CL,05/05/2026 2:41:29 AM,8M5CL,D1D,2,7625079
D547450,68,A23H0068SLF6,0,0,0,0,0,0,0.362845393,2.0261098141,2.1112808036,0,0,0,0,0,0,0,0,6.364609353,0,10.864843165,D5474500,PXMG,02/28/2026 12:27:47 PM,BPD442,8M5CL,8M5CL,07/02/2026 3:56:54 PM,8M5CL,D1D,1,7677678
D547450,69,A23H0069SLC5,0.8462470319,0,0,0,0,0,0.2489678377,1.1807512478,3.5920486422,0,0,0,0,0,0,3.1005206515,0,5.3796906112,0,14.348223804,D5474500,PXMG,02/28/2026 12:27:47 PM,BPD442,8M5CL,8M5CL,05/13/2026 12:02:51 AM,8M5CL,D1D,2,7677828
D546283,322,KJ5DT322WFE1,0,0,0,0,0,0,0.7657858499,1.4317410088,0,0,0,0,0,0,0,2.3215703919,0,1.0282233921,1.8912664951,7.1958382022,D5462830,PNCB,02/28/2026 4:50:18 AM,BPD432,8M5CL,8M5CL,05/06/2026 4:45:43 AM,8M5CL,D1D,1,7627571
D546283,326,KJ5DT326WFG3,0.884223496,0,0,0,0,0,0.2601403609,0,0,0,0,0,0,0,0,1.5940737282,0,0,0,2.7384375851,D5462830,PNCB,02/28/2026 4:50:18 AM,BPD432,8M5CL,8M5CL,03/01/2026 9:06:30 AM,8M5CL,D1D,2,7627649
D546283,331,KJ5DT331WFE3,0,0,0,0,0,0,0,1.5239466278,3.7205697452,0,0,0,0,0,0,0,0.5658768628,2.3772307226,0,8.1876239583,D5462830,PNCB,02/28/2026 4:50:18 AM,BPD432,8M5CL,8M5CL,05/05/2026 12:14:33 PM,8M5CL,D1D,3,7627576
D546283,333,KJ5DT333WFF4,0,0,0,0,0,0,0.5120607746,1.4145145178,0,0,0,0,0,0,0,0,0,5.7900567684,0.9801184164,8.6967483371,D5462830,PNCB,02/28/2026 4:50:18 AM,BPD432,8M5CL,8M5CL,03/01/2026 9:06:37 AM,8M5CL,D1D,4,7627617
D548521,201,GT4TS201JKF3,0,0,0,0,0,0,0,0,0,0,0,0,0,0,0,1.9512975199,0,1.8524687458,0,3.803764047,D5485210,PXMG,03/05/2026 10:28:50 PM,BPD432,8M5CL,8M5CL,04/30/2026 4:29:04 PM,8M5CL,D1D,1,7708762
D548521,209,GT4TS209JKC4,0,0,0,0,0,0,0,0,0,0,0,0,0,0,0,1.7232855624,0,1.6578331044,0,3.3811186668,D5485210,PXMG,03/05/2026 10:28:50 PM,BPD432,8M5CL,8M5CL,04/30/2026 11:48:44 AM,8M5CL,D1D,2,7708758
D546330,41,MCJ1U041WAH0,0,0,0,0,0,0,4.1096178362,1.0627704189,3.9076226761,0,0,0,0,0,0,1.7232855624,0,2.3560666135,0,12.940268215,D5463300,PXMG,03/06/2026 6:54:09 PM,BPD444,8M5CL,8M5CL,04/08/2026 2:13:03 PM,8M5CL,D1D,1,7636317
D546330,44,MCJ1U044WAF0,1.5480038459,0,0,0,0,0,1.8873572819,2.2336800132,1.566345254,0,0,0,0,0,0,2.8382757209,0,2.5989357399,0,12.672600055,D5463300,PXMG,03/06/2026 6:54:09 PM,BPD444,8M5CL,8M5CL,07/02/2026 6:51:23 PM,8M5CL,D1D,2,7636440
D546336,57,MCJ1W057WAA7,0,0,0,0,0,0,0.0882143822,1.1482313605,0,0,0,0,0,0,0,1.8618606189,0,4.4069095564,0,7.5052181367,D5463360,PXMG,03/01/2026 9:34:26 PM,BPD448,8M5CL,8M5CL,05/03/2026 1:18:08 PM,8M5CL,D1D,1,7636221
D546336,159,MCJ1W159WAB1,0,0,0,0,0,0,1.9689075592,1.5671426225,2.2534704403,0,0,0,0,0,0,3.9751784876,0,6.3901234698,0,16.065915954,D5463360,PXMG,03/01/2026 9:34:26 PM,BPD448,8M5CL,8M5CL,05/03/2026 10:06:09 AM,8M5CL,D1D,2,7636438
D547944,211,KJ67E211WFF1,0,0,0,0,0,0,0,0.8882475413,0,0,0,0,0,0,0,0,2.2504307838,3.857585936,0,6.9962642611,D5479440,PXMG,03/03/2026 11:53:08 PM,BPD448,8M5CL,8M5CL,06/14/2026 1:18:22 AM,8M5CL,D1D,1,7699322
D547944,230,KJ67E230WFC4,0,0,0,0,0,0,0.2221201698,0,0,0,0,0,0,0,0,0,0,2.3997775176,0,2.6218976874,D5479440,PXMG,03/03/2026 11:53:08 PM,BPD448,8M5CL,8M5CL,04/08/2026 2:13:09 PM,8M5CL,D1D,2,7699202
D547440,107,KJ5DU107WFD6,0,0,0,0,0,0,0.2493627712,0,0,0,0,0,0,0,0,3.1054417889,0,1.6986355011,0,4.6448325691,D5474400,PXMG,03/04/2026 1:05:19 PM,BPD442,8M5CL,8M5CL,07/01/2026 5:40:14 PM,8M5CL,D1D,1,7675072
D547440,109,KJ5DU109WFE7,0,0,0,0,0,0,0.3443464906,0,0,0,0,0,0,0,0,4.5892157297,0,1.6578331044,0,6.5913953248,D5474400,PXMG,03/04/2026 1:05:19 PM,BPD442,8M5CL,8M5CL,05/04/2026 5:49:04 AM,8M5CL,D1D,2,7675025
D548495,176,GT4JT176JKH2,0,0,0,0,0,0,0.2277694444,8.8980303241,0,0,1.9755056799,0,0,0,0,0,0,2.87012068,1.4969631037,13.255615125,D5484950,PNCB,03/01/2026 4:30:05 AM,BPD448,8M5CL,8M5CL,04/30/2026 3:59:06 AM,8M5CL,D1D,1,7702215
D548495,179,GT4JT179JKF2,0,0,0,0,0,0,0,0,3.4553631209,0,0,0,0,0,0,1.0432851703,0,0,0,4.4986482912,D5484950,PNCB,03/01/2026 4:30:05 AM,BPD448,8M5CL,8M5CL,04/30/2026 4:42:59 PM,8M5CL,D1D,2,7702205
D548495,180,GT4JT180JKB0,0,0,0,0,0,0,0,0,0,0,0,0,1.3916731541,0,0,0,0,1.8921696422,0,3.2838427963,D5484950,PNCB,03/01/2026 4:30:05 AM,BPD448,8M5CL,8M5CL,04/30/2026 4:55:34 PM,8M5CL,D1D,3,7702232
D548495,181,GT4JT181JKF2,0,0,0,0,0,0,0,11.284791734,0,0,0,0,0,0,0,1.0454168396,0,1.1862867908,0,13.516497504,D5484950,PNCB,03/01/2026 4:30:05 AM,BPD448,8M5CL,8M5CL,04/30/2026 4:49:23 PM,8M5CL,D1D,4,7702125
D546334,41,A24QC041SLD0,4.6922356798,0,0,0,0,0,0,0,0,0,0,0,0,0,0,4.5084252093,0,2.8489924024,0.8525215929,11.416111217,D5463340,PXMG,03/01/2026 4:04:34 AM,BPD442,8M5CL,8M5CL,07/02/2026 8:37:12 PM,8M5CL,D1D,1,7636459
D546334,42,A24QC042SLH2,0,0,0,0,0,0,0,0,1.3278827576,0,0,0,0,0,0,0,0,1.5788125732,0,2.9066953308,D5463340,PXMG,03/01/2026 4:04:34 AM,BPD442,8M5CL,8M5CL,05/04/2026 3:04:16 AM,8M5CL,D1D,2,7636550
D547447,30,KJ57R030WFH2,0.7104282714,0,0,0,0,0,0.2801771041,0,4.0542429011,0,0,0,0,0,0,7.7983488656,0,3.3721690391,0,16.215366181,D5474470,PXMG,03/12/2026 10:58:38 AM,BPD458,8M5CL,8M5CL,07/01/2026 10:11:35 PM,8M5CL,D1D,1,7675323
D547447,42,KJ57R042WFF4,0,0,0,0,0,0,0.5119759953,0,3.1037445111,0,0,0,0,0,0,3.4908054011,0,1.5130562061,1.1853739754,9.555680079,D5474470,PXMG,03/12/2026 10:58:38 AM,BPD458,8M5CL,8M5CL,07/01/2026 9:44:10 PM,8M5CL,D1D,2,7675358
D545179,243,KJ4YW243WFG6,0,0,0,0,0,0,0.7484677159,0,0,0,0,0,0,0,0,2.6261833607,0,0,0,3.3746510765,D5451790,PXMG,03/12/2026 5:44:33 PM,BPD454,8M5CL,8M5CL,07/02/2026 3:52:12 AM,8M5CL,D1D,1,7591372
D545179,244,KJ4YW244WFD5,0,0,0,0,0,0,0.2221201698,0,0,0,0,0,0,0,0,0,0,1.9122127488,0,2.1343329186,D5451790,PXMG,03/12/2026 5:44:33 PM,BPD454,8M5CL,8M5CL,04/08/2026 2:11:18 PM,8M5CL,D1D,2,7591354
D547439,153,A23Z5153SLF4,0,0,0,0,0,0,0,3.2617555708,0,0,0,0,0,1.1734671658,0,0,0,1.4176026152,0,5.8528275705,D5474390,PXMG,03/12/2026 6:12:16 AM,BPD432,8M5CL,8M5CL,07/02/2026 4:44:57 PM,8M5CL,D1D,1,7675035
D547439,166,A23Z5166SLA5,13.879961728,0,0,0,0,0,0.3972476288,1.9816747841,0,0,14.242479439,0,0,0,0,3.1056820148,0,0,14.74394981,42.676082373,D5474390,PXMG,03/12/2026 6:12:16 AM,BPD432,8M5CL,8M5CL,07/01/2026 6:04:58 PM,8M5CL,D1D,2,7675091
D547452,459,GT3TA459JKH2,0,0,0,0,0,0,0,0,0.8218898426,0,0,0,0,0,0,2.5142263766,0,2.79268332,0.6703951365,6.7991968945,D5474520,PXMG,03/09/2026 3:09:53 AM,BPD450,8M5CL,8M5CL,07/02/2026 4:38:57 PM,8M5CL,D1D,1,7677854
D547452,552,GT3TA552JKG1,0,0,0,0,0,0,0.2546222885,1.6595169679,0,0,0,0,0,0,0,8.2423692843,9.1379512112,7.2739121487,0,24.206891419,D5474520,PXMG,03/09/2026 3:09:53 AM,BPD450,8M5CL,8M5CL,07/02/2026 4:06:41 PM,8M5CL,D1D,2,7678053
D547452,601,GT3TA601JKA5,0,0,0,0,0,0,0.958854103,0,1.4526429769,0,0,0,0,0,0,0.8301168837,0,0.8666482302,0,4.1082621938,D5474520,PXMG,03/09/2026 3:09:53 AM,BPD450,8M5CL,8M5CL,07/02/2026 3:25:52 PM,8M5CL,D1D,3,7677969
D547452,757,GT3TA757JKD4,0,0,0,0,0,0,0.7809920406,0,0,0,0,0,0,0,0,0,0,2.3560666135,0,3.1370586541,D5474520,PXMG,03/09/2026 3:09:53 AM,BPD450,8M5CL,8M5CL,07/02/2026 3:09:11 PM,8M5CL,D1D,4,7677800
D547404,401,GT2RM401JKG3,0,0,0,0,0,0,0.0787604711,0,0,0,0,0,0,0,0,0,0.9329263407,1.4724783721,0,2.4841651839,D5474040,PNCB,03/09/2026 2:37:24 AM,BPD458,8M5CL,8M5CL,05/07/2026 5:46:01 AM,8M5CL,D1D,1,7668781
D547404,402,GT2RM402JKD2,0,0,0,0,0,0,0,0.8442215179,0,0,0,0,0,0,0,1.9055723449,0,0.9173339306,0,3.6671299184,D5474040,PNCB,03/09/2026 2:37:24 AM,BPD458,8M5CL,8M5CL,05/07/2026 6:02:45 AM,8M5CL,D1D,2,7668727
D548506,253,KJ69G253WFB4,0,0,0,0,0,0,0.5298321003,1.0627704189,0,0,0,0,0,0,0,0,0,2.421075326,0.7363956201,4.7500734653,D5485060,PXMG,03/27/2026 9:39:37 PM,BPD432,8M5CL,8M5CL,07/01/2026 11:15:17 AM,8M5CL,D1D,1,7703699
D548506,255,KJ69G255WFC5,0,0,0,0,0,0,0.0816491679,0,0,0,0,0,0,0,0,2.4543562368,0.5866315214,2.421075326,0,5.5437122521,D5485060,PXMG,03/27/2026 9:39:37 PM,BPD432,8M5CL,8M5CL,07/01/2026 12:22:40 PM,8M5CL,D1D,2,7703805
D547435,14,KJ40U014WFA7,0,0,0,0,0,0,0.8370191745,1.0534213993,1.3278827576,0,0,0,2.6610436183,0,0,2.3876818648,0,11.72637253,0.4554563085,19.876790662,D5474350,PXMG,03/26/2026 10:57:56 PM,BPD436,8M5CL,8M5CL,07/02/2026 5:09:03 PM,8M5CL,D1D,1,7673615
D547435,15,KJ40U015WFF1,0,0,0,0,0,0,0.2601258177,1.233667896,1.3078443901,0,0,0,0,0,0,2.0979376504,0,3.2778502193,0,8.1774281922,D5474350,PXMG,03/26/2026 10:57:56 PM,BPD436,8M5CL,8M5CL,07/02/2026 5:11:04 PM,8M5CL,D1D,2,7673613
D547435,18,KJ40U018WFD1,0,0,0,0,0,0,0.2582817733,2.7956308475,0,0,0,0,1.6915132684,0,0,5.2142182048,0,8.4665369182,0,18.426181012,D5474350,PXMG,03/26/2026 10:57:56 PM,BPD436,8M5CL,8M5CL,07/02/2026 5:05:08 PM,8M5CL,D1D,3,7673481
D547435,20,KJ40U020WFD1,0,0,0,0,0,0,0,1.0534213993,3.264506733,0,0,0,0,0,0,1.7081260978,0,3.491025322,0,9.5170795521,D5474350,PXMG,03/26/2026 10:57:56 PM,BPD436,8M5CL,8M5CL,07/02/2026 5:06:24 PM,8M5CL,D1D,4,7673616
D547451,1,KJ57U001WFG4,0,0,0,0,0,0,0,0,0,0,0,0,2.799113192,0,0,0,0,1.2570688138,0,4.0561820058,D5474510,PXMG,03/26/2026 11:07:59 PM,BPD446,8M5CL,8M5CL,07/02/2026 3:45:03 PM,8M5CL,D1D,1,7677692
D547451,46,KJ5DR046WFC4,0,0,0,0,0,0,0.0809309133,1.0534213993,0,0,0,0,0,0,0,3.4162521956,0,1.6302059024,0,6.1808104106,D5474510,PXMG,03/26/2026 11:07:59 PM,BPD446,8M5CL,8M5CL,07/02/2026 4:40:12 PM,8M5CL,D1D,2,7677657
D545177,97,KJ57R097WFF0,0,0,0,0,0,0,1.0624975155,2.1583402849,3.3442988858,0,0,0,1.2391304028,0,0,3.7125188832,0,1.617403454,0,13.134189426,D5451770,PXMG,03/25/2026 9:01:38 AM,BPD444,8M5CL,8M5CL,06/29/2026 8:39:16 PM,8M5CL,D1D,1,7591148
D545177,165,KJ57R165WFE2,2.5080516583,0,0,0,0,0,0.1723241188,1.1828146643,0,0,0,0,0,0,0,3.8447017861,1.6001018178,0,1.5541874732,10.8621793,D5451770,PXMG,03/25/2026 9:01:38 AM,BPD444,8M5CL,8M5CL,06/22/2026 5:53:28 PM,8M5CL,D1D,2,7591211
D545180,20,KJ51H020WFD1,0,0,0,0,0,0,0,0,0,0,0,0,0,0,0,0,0,2.0785543655,0.5761093457,2.6546637112,D5451800,PXMG,03/22/2026 8:49:24 AM,BPD442,8M5CL,8M5CL,06/07/2026 2:49:40 PM,8M5CL,D1D,1,7591359
D545180,36,KJ51H036WFD5,0,0,0,0,0,0,0.241407238,0,0.6068674912,0,0,0,0,0,0,0,0,6.1100156543,0,6.9582903835,D5451800,PXMG,03/22/2026 8:49:24 AM,BPD442,8M5CL,8M5CL,06/10/2026 2:06:10 PM,8M5CL,D1D,2,7591422
D548493,405,GT3FZ405JKB4,0,0,0,0,0,0,0,0,0,0,0,0,0,0,0,0,0,2.7238709654,0.3054108484,3.0292818138,D5484930,PNCB,03/22/2026 3:24:14 AM,BPD446,8M5CL,8M5CL,05/27/2026 3:18:18 PM,8M5CL,D1D,1,7702178
D548493,406,GT3FZ406JKF6,0.7295303384,0,0,0,0,0,0.0782019122,2.2287438721,0,0,0,0,1.1687785789,0,0,0,0,1.8477326806,0,5.5180820528,D5484930,PNCB,03/22/2026 3:24:14 AM,BPD446,8M5CL,8M5CL,06/07/2026 5:45:26 PM,8M5CL,D1D,2,7702225
D545176,250,KJ4YU250WFF1,0,0,1.187573185,0,0,0,0.9144489461,0,2.0195143845,0,0,0,0,0,0,0,0,0.756528103,0,4.8037467286,D5451760,PXMG,04/01/2026 5:23:26 AM,BPD450,8M5CL,8M5CL,06/08/2026 4:04:41 AM,8M5CL,D1D,1,7591150
D545176,265,KJ4YU265WFB3,0,0,0,0,0,0,0.8329102615,0,0,0,0,0,0,0,0,0,0,0,0,0.8329102615,D5451760,PXMG,04/01/2026 5:23:26 AM,BPD450,8M5CL,8M5CL,06/09/2026 12:53:32 PM,8M5CL,D1D,2,7591215
D548518,56,A22JR056SLC2,0,0,0,0,0,0,0,1.1832407421,1.4915259441,0,0,0,0,0,0,4.9286068538,1.597004435,2.1478646553,0.819869738,12.168112368,D5485180,PXMG,04/09/2026 5:47:45 PM,BPD436,8M5CL,8M5CL,06/17/2026 12:07:30 PM,8M5CL,D1D,1,7706565
D548518,58,A22JR058SLD3,0,0,0,0,0,0,0.1929168655,0,1.5010683145,0,0,0,0,0,0,1.9309038312,2.3778931828,3.0940833833,4.2193507611,13.316218538,D5485180,PXMG,04/09/2026 5:47:45 PM,BPD436,8M5CL,8M5CL,06/17/2026 10:43:10 AM,8M5CL,D1D,2,7706480
D545EK5,135,KJ57R135WFF4,0,0,0,0,0,0,0,8.0661144045,0,0,0,0,0,0,0,0,0,3.9568879122,0,12.023002317,D545EK5A,X78E,04/20/2026 6:13:29 AM,BPD436,8M5CL,8M5CL,06/03/2026 1:00:02 AM,8M5CL,D1D,1,8137427
D545EK5,145,KJ57R145WFC5,0,0,0,0,0,0,0.2696850941,0.6751074863,0,0,0,0,0,0,0,1.0098088921,5.527827949,1.1292810764,0,8.6117104979,D545EK5A,X78E,04/20/2026 6:13:29 AM,BPD436,8M5CL,8M5CL,04/20/2026 8:17:41 AM,8M5CL,D1D,2,8137424
D545903,269,5DWKO269MVE6,2.3927288649,0,0,0,0,0,0,1.0627704189,0,0,0,0,0,0,0,1.5699981246,0,0,0,5.0254974084,D545903A,PXMG,07/05/2026 8:02:25 PM,BPD446,8M5CL,8M5CL,07/06/2026 8:07:45 AM,8M5CL,D1D,1,8830458
D545903,284,5DWKO284MVH2,1.8008799619,0,0,0,0,0,0,0,0,0,0,0,0,0,0,0,1.4656522431,1.2571869657,0,4.52372137,D545903A,PXMG,07/05/2026 8:02:25 PM,BPD446,8M5CL,8M5CL,07/06/2026 8:07:58 AM,8M5CL,D1D,2,8830281
D545903,287,5DWKO287MVF2,0,0,0,0,0,0,0,0,0,0,0,0,0,0,0,0,0,2.415606163,0,2.415606163,D545903A,PXMG,07/05/2026 8:02:25 PM,BPD446,8M5CL,8M5CL,07/06/2026 8:07:47 AM,8M5CL,D1D,3,8830544
D545903,296,5DWKO296MVF4,1.3192530591,0,0,0,0,0,0,0,0,0,0,0,0,0,0,1.2255139491,0,0.9356889125,0,3.4804559207,D545903A,PXMG,07/05/2026 8:02:25 PM,BPD446,8M5CL,8M5CL,07/06/2026 8:03:29 AM,8M5CL,D1D,4,8830220
D527279,499,GP2EG499JKB6,2.8141415945,0,0,0,0,0,0,0.7166903235,1.5402316393,0,0,0,0,0,0,1.2851290418,0,1.5217036665,0,7.8778962656,D5272790,PNCB,10/04/2025 11:02:46 PM,BPD450,8M5CL,8M5CL,02/15/2026 12:52:42 PM,8M5CL,D1D,1,6956430
D527279,601,GP2EG601JKG5,0,0,0,0,0,0,0,4.2796085725,0,0,0,0,0,0,0,7.2893008593,0,0,0,10.818379929,D5272790,PNCB,10/04/2025 11:02:46 PM,BPD450,8M5CL,8M5CL,02/15/2026 12:51:47 PM,8M5CL,D1D,2,6956337
D529485,517,GN9WV517JKG4,0,0,0,0,0,0,0.0928474662,2.7063724434,2.1640188506,0,0,0,0,0,0,0.8313445951,0,2.7546645974,0.8373993063,9.3866515395,D5294850,PNCB,10/10/2025 5:34:20 PM,BPD444,8M5CL,8M5CL,02/15/2026 6:54:08 AM,8M5CL,D1D,1,7030636
D529485,518,GN9WV518JKD3,0,0,0,0.1438065163,0,0,0.2436988339,1.1557626356,2.0038857489,0,0,0,0,2.7301817582,0,1.8246099903,0,20.784757103,0,28.081703152,D5294850,PNCB,10/10/2025 5:34:20 PM,BPD444,8M5CL,8M5CL,02/15/2026 6:52:56 AM,8M5CL,D1D,2,7030579
D527278,1,GP0DX001JKE1,0,0,0,0,0,0,1.6572958101,1.025170262,1.8188746287,0,0,0,0,1.3528609067,0,1.8502033183,0,2.1609497605,0,8.9250231491,D5272780,PNCB,10/13/2025 8:46:23 AM,BPD458,8M5CL,8M5CL,02/15/2026 12:54:46 PM,8M5CL,D1D,1,6956371
D527278,2,GP0DX002JKB0,0,0,0,0,0,0,2.0158561666,0,0,0,0,0,0,2.1844769147,0,0,0,3.1842586113,0,7.0629820786,D5272780,PNCB,10/13/2025 8:46:23 AM,BPD458,8M5CL,8M5CL,02/15/2026 12:53:54 PM,8M5CL,D1D,2,6956322
D529572,351,GP6ZP351JKC3,0,0,0,0,0,0,0.2489922437,1.1808688404,18.799976059,0,0,0,0,1.0723974771,0,17.266078848,0.6518199508,22.510012186,0.8182267237,60.902322886,D5295720,PXMG,10/17/2025 5:00:28 PM,BPD444,8M5CL,8M5CL,02/15/2026 4:43:27 AM,8M5CL,D1D,1,7050997
D529572,352,GP6ZP352JKG5,0,0,0,0,0,0,0,0.8728992791,0,0,0,0,0,1.4152485583,0,3.5989581309,0.8602098397,7.2929199173,0.6737872402,14.714022965,D5295720,PXMG,10/17/2025 5:00:28 PM,BPD444,8M5CL,8M5CL,02/15/2026 4:43:17 AM,8M5CL,D1D,2,7051066
D529572,353,GP6ZP353JKD4,0,0,0,0,0,0,0.2768705533,0,0,0,0,0,0,0,0,0,16.669611708,0.9430035145,0,17.889485776,D5295720,PXMG,10/17/2025 5:00:28 PM,BPD444,8M5CL,8M5CL,02/15/2026 4:42:25 AM,8M5CL,D1D,3,7051044
D529572,355,GP6ZP355JKE5,0,0,2.6316835858,0,0,0,0,6.8763198585,0,0,0,0,0,0,0,0,0,6.802635922,0,16.310637148,D5295720,PXMG,10/17/2025 5:00:28 PM,BPD444,8M5CL,8M5CL,02/15/2026 4:42:23 AM,8M5CL,D1D,4,7051017
D528450,153,A1KV2153SLA2,0,0,0,0,0,0,0.2801343013,1.7291829398,0,0,0,0,0,0,0,0,0,16.765012548,0.7476268182,19.521956607,D5284500,PXMG,10/17/2025 8:01:52 PM,BPD432,8M5CL,8M5CL,02/15/2026 8:49:36 AM,8M5CL,D1D,1,7008099
D528450,156,A1KJT156SLE4,0,0,0,0,0,0,1.2444711358,0,1.7052935158,0,0,0,0,0,0,2.0299650285,10.584635272,0,0,15.564364952,D5284500,PXMG,10/17/2025 8:01:52 PM,BPD432,8M5CL,8M5CL,02/15/2026 8:49:06 AM,8M5CL,D1D,2,7008221
D528450,178,A1UUN178SLF1,1.3614756843,0,0,0,0,0,0.1459439476,3.7992819343,0,0,2.8292347702,0,0,0,0,3.0802745463,0,2.7285021736,0,11.43132657,D5284500,PXMG,10/17/2025 8:01:52 PM,BPD432,8M5CL,8M5CL,02/15/2026 8:49:32 AM,8M5CL,D1D,3,7008199
D528450,180,A1UUN180SLF1,0,0,0,0,0,0,0,0,0,0,0,0,0,0,0,0,0,0,0,0,D5284500,PXMG,10/17/2025 8:01:52 PM,BPD432,8M5CL,8M5CL,02/15/2026 8:48:30 AM,8M5CL,D1D,4,7008116
D529474,370,GP3NP370JKC3,0,0,0,0,0,0,0,0,0,0,0,0,0,0,0,2.6728903574,0,3.7808924502,0,6.4537828075,D5294740,PNCB,10/17/2025 7:32:13 PM,BPD432,8M5CL,8M5CL,02/15/2026 7:43:27 AM,8M5CL,D1D,1,7030170
D529474,371,GP3NP371JKG5,0,0,0,0.4022327221,0,0,0.5787182439,1.0297696167,1.29227099,0,0,0,0,0,0,3.7308835145,0.9329263407,4.721825075,0,10.297289523,D5294740,PNCB,10/17/2025 7:32:13 PM,BPD432,8M5CL,8M5CL,02/15/2026 7:42:47 AM,8M5CL,D1D,2,7030104
D529474,372,GP3NP372JKD4,0,0,0,0,0,0,0,0,0,0,0,0,0,0,0,0,0,3.0498745753,0,3.0498745753,D5294740,PNCB,10/17/2025 7:32:13 PM,BPD432,8M5CL,8M5CL,02/15/2026 7:41:34 AM,8M5CL,D1D,3,7030083
D529474,373,GP3NP373JKA3,0,0,0,0,0,0,0,1.670171435,0,0,0,0,0,0,0,1.7301770689,0,3.2837230802,0,6.684071584,D5294740,PNCB,10/17/2025 7:32:13 PM,BPD432,8M5CL,8M5CL,02/15/2026 7:41:00 AM,8M5CL,D1D,4,7030124
D529480,471,GN9WV471JKB4,1.2406807412,0,0,0,0,0,0.2419551634,0.8243267803,3.4360111595,0,0,0,0,0,0,13.166317321,1.5487561762,13.977203455,0,30.627246228,D5294800E,PNCB,10/23/2025 3:52:09 AM,BPD432,8M5CL,8M5CL,02/15/2026 7:10:32 AM,8M5CL,D1D,1,7535837
D529480,472,GN9WV472JKF6,0,0,0,0,0,0,0.2326081877,1.1031633495,3.0128434199,0,0,0,0,0,0,7.2332008658,0,2.513092825,0.7643833157,14.324756393,D5294800E,PNCB,10/23/2025 3:52:09 AM,BPD432,8M5CL,8M5CL,02/15/2026 7:10:17 AM,8M5CL,D1D,2,7535790
D529480,478,GN9WV478JKB6,0,0,0,0,0,0,6.8746557237,0.5813292146,54.279974876,0,0,0,0,0,0,5.2080752225,0.9444687191,9.7883378438,0.7191324592,76.466278124,D5294800E,PNCB,10/23/2025 3:52:09 AM,BPD432,8M5CL,8M5CL,02/15/2026 7:10:05 AM,8M5CL,D1D,3,7535868
D529480,479,GN9WV479JKG0,1.3627894346,0,0,0,0,0,0,1.2604286452,0,0,0,0,0,0,0,0,0,2.8713563682,0,5.4945744479,D5294800E,PNCB,10/23/2025 3:52:09 AM,BPD432,8M5CL,8M5CL,02/15/2026 7:09:11 AM,8M5CL,D1D,4,7535866
D529476,26,KHW9T026WFC3,0,0,0,0,0,0,0.2184850924,0,0,0,0,0,0,0,0,1.7713774386,1.4744375529,11.843131338,0,15.225740174,D5294760,PNCB,10/23/2025 4:29:13 AM,BPD458,8M5CL,8M5CL,02/15/2026 7:39:02 AM,8M5CL,D1D,1,7030314
D529476,93,KHW9T093WFG3,0,0,0,0,0,0,0,3.3905419691,0,0,0,0,0,0,0,0,0,0,0,3.3905419691,D5294760,PNCB,10/23/2025 4:29:13 AM,BPD458,8M5CL,8M5CL,02/15/2026 7:39:48 AM,8M5CL,D1D,2,7030211
D529481,107,A0XW7107SLB5,0,0,0,0,0,0,0,0,0,0,0,0,0,0,0,1.6911071667,0,23.088499399,0,24.779606566,D5294810D,PNCB,10/21/2025 7:53:09 PM,BPD436,8M5CL,8M5CL,02/15/2026 7:02:31 AM,8M5CL,D1D,1,7529440
D529481,114,A0XW7114SLA6,0,0,0,0,0,0,0.5383054126,0,3.4383872002,0,0,0,0,0,0,0.721087507,2.9197470185,27.318779747,0,34.72855118,D5294810D,PNCB,10/21/2025 7:53:09 PM,BPD436,8M5CL,8M5CL,02/15/2026 7:02:11 AM,8M5CL,D1D,2,7529379
D529481,123,A0XW7123SLB0,0,0,0,0,0,0,0,0,1.7206080997,0,0,0,0,0,0,2.213308352,0,11.365912879,0,15.29982933,D5294810D,PNCB,10/21/2025 7:53:09 PM,BPD436,8M5CL,8M5CL,02/15/2026 7:01:30 AM,8M5CL,D1D,3,7529446
D529481,125,A0XW7125SLC1,0,0,1.6298709004,0,0,0,0.2161632494,2.3919576465,0,0,0,0,0,0,0,0,0,3.8078975577,0.7103424007,8.7562317548,D5294810D,PNCB,10/21/2025 7:53:09 PM,BPD436,8M5CL,8M5CL,02/15/2026 7:00:35 AM,8M5CL,D1D,4,7529415
D529476,94,KHW9T094WFD2,1.4055221177,0,0,0,0,0,0,1.2569916109,0,0,0,0,0,0,0,2.0382159633,0,3.1844647413,0,7.8851944333,D5294760D,PNCB,10/23/2025 3:48:30 AM,BPD448,8M5CL,8M5CL,02/15/2026 7:37:47 AM,8M5CL,D1D,1,7536141
D529476,104,KHW9T104WFG1,1.3439699877,0,0,0,0,0,0.4961720074,0,1.5668836883,0,0,0,0,0,0,0.855065658,0,2.6575347319,0,6.476786495,D5294760D,PNCB,10/23/2025 3:48:30 AM,BPD448,8M5CL,8M5CL,02/15/2026 7:37:31 AM,8M5CL,D1D,2,7536098
D529476,227,KHW9T227WFE7,0,0,0,0,0,0,0,31.050204059,29.383719643,0,0,0,0,0,0,0,0,0,0,60.433923703,D5294760D,PNCB,10/23/2025 3:48:30 AM,BPD448,8M5CL,8M5CL,02/15/2026 7:36:55 AM,8M5CL,D1D,3,7536124
D529476,243,KHW9T243WFE2,0,0,0,0,0,0,0,1.4151801294,2.6016852237,0,0,0,0,0,0,1.4213846568,0,1.5525615055,0,6.9908093751,D5294760D,PNCB,10/23/2025 3:48:30 AM,BPD448,8M5CL,8M5CL,02/15/2026 7:35:58 AM,8M5CL,D1D,4,7536069
D529480,469,GN9WV469JKB4,0,0,0,0,0,0,0,0,0,0,0,0,0,0,0,0,0.5658768628,7.5297578616,1.0157532491,9.1113879736,D5294800,PNCB,10/22/2025 12:30:49 AM,BPD450,8M5CL,8M5CL,02/15/2026 7:11:29 AM,8M5CL,D1D,1,7030424
D529480,470,GN9WV470JKE5,0,0,0,0,0,0,0,0,0.588214383,0,0,0,0,0,0,3.3010557172,0,18.062189406,0,21.951459506,D5294800,PNCB,10/22/2025 12:30:49 AM,BPD450,8M5CL,8M5CL,02/15/2026 7:09:37 AM,8M5CL,D1D,2,7030410
D528923,243,KHUUW243WFE4,0,0,0,0,0,0,0.0787604711,2.140230192,1.29227099,0,0,0,0,0,0,0,0,1.5991799995,0,5.1104416526,D5289230,PNCB,10/21/2025 6:16:17 PM,BPD446,8M5CL,8M5CL,02/15/2026 7:47:28 AM,8M5CL,D1D,1,7019340
D528923,270,KHUUW270WFF2,0,0,0,0,0,0,0.2928321603,0,0.5395506931,0,0,0,0,0,0,0,0,0,0.5916144661,1.4239973195,D5289230,PNCB,10/21/2025 6:16:17 PM,BPD446,8M5CL,8M5CL,02/15/2026 7:44:59 AM,8M5CL,D1D,2,7019266
D529481,101,A0XW7101SLF5,0,0,0,0,0,0,0,1.1006690222,0,0,0,0,0,0,0,1.7847400974,1.0016320103,4.960150408,1.5253120946,10.372503633,D5294810,PNCB,10/21/2025 1:11:46 PM,BPD436,8M5CL,8M5CL,02/15/2026 7:03:09 AM,8M5CL,D1D,1,7030352
D529481,106,A0XW7106SLE6,0,0,0,0,0,0,0.7723947615,0,0,0,0,0,0,0,0,0.8355916818,0.670500645,3.4239283467,2.0452328849,7.74764832,D5294810,PNCB,10/21/2025 1:11:46 PM,BPD436,8M5CL,8M5CL,02/15/2026 7:00:47 AM,8M5CL,D1D,2,7030365
D528389,345,MCCMM345WAA6,0,0,0,0,0,0,0,6.0175956338,0,0,0,0,0,2.0749195395,0,0,0,1.5893385905,0,8.4808144448,D5283890,PNCB,10/25/2025 4:50:23 PM,BPD442,8M5CL,8M5CL,02/15/2026 10:11:12 AM,8M5CL,D1D,1,6998435
D528389,354,MCCMM354WAB0,0,0,0,0,0,0,0,0,1.2831063744,0,0,0,0,0,0,0,0,3.0498745753,0,4.3329809498,D5283890,PNCB,10/25/2025 4:50:23 PM,BPD442,8M5CL,8M5CL,02/15/2026 10:07:23 AM,8M5CL,D1D,2,6998528
D529488,443,GN9WV443JKD7,2.9652803702,0,0,0,0,0,0,31.860044501,1.4504190195,0,10.725588109,0,0,0,0,4.523014812,0,6.8548876361,0,49.486453866,D5294880,PNCB,10/19/2025 1:32:27 PM,BPD432,8M5CL,8M5CL,02/15/2026 6:51:30 AM,8M5CL,D1D,1,7031279
D529488,445,GN9WV445JKF0,0,0,0,0,0,0,0.5063592014,1.025170262,1.5135643711,0,0,0,0,0,0,0.8259683369,0,2.4608687783,0.8319845239,7.1639133333,D5294880,PNCB,10/19/2025 1:32:27 PM,BPD432,8M5CL,8M5CL,02/15/2026 6:50:32 AM,8M5CL,D1D,2,7031179
D527337,276,GN5PV276JKD3,0.709605767,0,0,0,0,0,1.1951714542,0.7434098178,0,0,0,0,0,0,0,0,2.0667534068,2.0703557121,0.9196346824,7.7049308402,D5273370,PXMG,11/13/2025 8:20:37 AM,BPD448,8M5CL,8M5CL,02/17/2026 1:00:49 PM,8M5CL,D1D,1,6968119
D527337,277,GN5PV277JKA2,0,0,0,0,0,0,0.5691013563,0,0,0,0,0,0,0,0,3.662320176,1.1986763464,4.4457461606,0,9.8758440393,D5273370,PXMG,11/13/2025 8:20:37 AM,BPD448,8M5CL,8M5CL,02/17/2026 1:00:46 PM,8M5CL,D1D,2,6968080
D529561,159,GP5YS159JKE7,2.3195862978,0,0,0,0,0,0.1909414603,0,0,0,0,0,0,0,0,0,0,0.9200108426,2.3183571228,5.7488935048,D5295610,PXMG,11/14/2025 11:25:31 AM,BPD448,8M5CL,8M5CL,02/17/2026 1:00:07 PM,8M5CL,D1D,1,7047540
D529561,160,GP5YS160JKA5,0,0,0,0,0,0,0.1706586651,0,0.5583793179,0,0,0,0,0,0,0,0,1.1556846458,0.7299176669,2.6146402957,D5295610,PXMG,11/14/2025 11:25:31 AM,BPD448,8M5CL,8M5CL,02/17/2026 1:00:01 PM,8M5CL,D1D,2,7047644
D529479,502,MCCYH502WAC3,0,0,0,0,0,0,0,2.7213627926,0,2.4685262353,0,0,0,0,0,1.8220769283,0,2.7208634054,0,9.7328293616,D5294790H,PNCB,10/27/2025 11:39:52 PM,BPD436,8M5CL,8M5CL,02/15/2026 7:18:53 AM,8M5CL,D1D,1,7561792
D529479,642,MCCYF642WAE0,0,0,0,0,0,0,0,3.0885186453,2.2656390243,0,0,0,0,0,0,7.539565357,0,1.2907905623,0,14.184513589,D5294790H,PNCB,10/27/2025 11:39:52 PM,BPD436,8M5CL,8M5CL,02/15/2026 7:18:18 AM,8M5CL,D1D,2,7561818
D529479,655,MCCYF655WAG4,0,0,0,0,0,0,0.2161632494,1.025170262,0,0,0,0,0,0,0,0,0.9329263407,5.4070775572,0,7.5813374093,D5294790H,PNCB,10/27/2025 11:39:52 PM,BPD436,8M5CL,8M5CL,02/15/2026 7:18:13 AM,8M5CL,D1D,3,7561836
D529479,676,MCCYF676WAF0,0,0,0,0,0,0,0.0880302775,0,0.6073653513,0,0,0,0,0,0,1.8579754311,1.5465193154,1.7874088306,0,5.8872992059,D5294790H,PNCB,10/27/2025 11:39:52 PM,BPD436,8M5CL,8M5CL,02/15/2026 7:17:34 AM,8M5CL,D1D,4,7561790
D529479,323,MCCGU323WAF1,0,0,0,0,0,0,0,1.9327776795,0,0,0,0,0,0,0,0,0,2.6325302213,0,4.5653079008,D5294790,PNCB,10/27/2025 11:12:56 PM,BPD444,8M5CL,8M5CL,02/15/2026 7:16:44 AM,8M5CL,D1D,1,7030319
D529479,454,MCCGU454WAH2,0,0,0,0,0,0,0,0,0,0,0,0,0,0,0,0,0,2.5787505555,0.4400982613,3.0188488167,D5294790,PNCB,10/27/2025 11:12:56 PM,BPD444,8M5CL,8M5CL,02/15/2026 7:14:55 AM,8M5CL,D1D,2,7030349
D528384,248,KHUUW248WFD5,4.5890900872,0,0,0,0,0,0,0.6617709316,0,0,2.1606827079,0,0,0,0,0,0,3.5399689341,0,8.8755834002,D5283840C,PNCB,10/26/2025 9:09:17 AM,BPD448,8M5CL,8M5CL,02/15/2026 10:17:26 AM,8M5CL,D1D,1,7553661
D528384,255,KHUUW255WFC6,0,0,0,0,0,0,0,1.2999629773,0,0,0,0,0,0,0,2.1078934541,0,1.867168923,0,5.2750253543,D5283840C,PNCB,10/26/2025 9:09:17 AM,BPD448,8M5CL,8M5CL,02/15/2026 10:17:09 AM,8M5CL,D1D,2,7553622
D528384,285,KHUUW285WFB4,0,0,2.4214157749,0,0,0,0.244842334,0,0,0,0,0,0,0,0,0,0,2.6362542218,0,5.3025123307,D5283840C,PNCB,10/26/2025 9:09:17 AM,BPD448,8M5CL,8M5CL,02/15/2026 10:16:06 AM,8M5CL,D1D,3,7553659
D528384,301,KHUUW301WFG5,0,0,0,0,0,0,5.8666342047,0,75.406148214,0,0,0,0,0,0,4.1958742064,0,10.450221812,0,94.381013892,D5283840C,PNCB,10/26/2025 9:09:17 AM,BPD448,8M5CL,8M5CL,02/15/2026 10:15:46 AM,8M5CL,D1D,4,7553675
D528384,245,KHUUW245WFF5,0.8230833066,0,0,0,0,0,0,3.0789287336,0,0,0,0,0,0,0,0,0,1.105585131,0.4586256474,5.4662228185,D5283840,PNCB,10/26/2025 5:39:40 AM,BPD448,8M5CL,8M5CL,02/15/2026 10:15:22 AM,8M5CL,D1D,1,6995572
D528384,246,KHUUW246WFC4,35.097962957,0,0,0,0,0,0.8312112743,6.0647219888,0,0,0,0,0,0,0,0,0,3.0321484642,1.4018272208,44.809929162,D5283840,PNCB,10/26/2025 5:39:40 AM,BPD448,8M5CL,8M5CL,02/15/2026 10:14:42 AM,8M5CL,D1D,2,6995585
D529478,3,MCE1N003WAA2,0,0,0,0.9445734734,0,0,0,0.6511243716,0,0,0,0,0,0,0,0.799647786,0,13.748380744,0,16.143724235,D5294780,PNCB,11/04/2025 4:37:55 PM,BPD436,8M5CL,8M5CL,02/15/2026 7:28:45 AM,8M5CL,D1D,1,7030299
D529478,18,MCCYM018WAB6,0,0,0,0,0,0,0.2418096627,2.1445068124,0,0,0,0,0,0,0,2.1560904706,0,0,0,4.5424069457,D5294780,PNCB,11/04/2025 4:37:55 PM,BPD436,8M5CL,8M5CL,02/15/2026 7:26:57 AM,8M5CL,D1D,2,7030343
D529478,19,MCCYM019WAG0,0,0,0,0,0,0,0,0,0,0,0,0,0,0,0,0,0,4.6708383711,0,4.6708383711,D5294780K,PNCB,11/04/2025 6:38:02 PM,BPD436,8M5CL,8M5CL,02/15/2026 7:28:43 AM,8M5CL,D1D,1,7600714
D529478,37,MCE1N037WAB2,0.5967796465,0,3.8784866299,0,0,0,0,0.8018436621,0,0,0,0,0,0,0,0,1.5065144529,1.6032207541,0.3325275649,8.7193727104,D5294780K,PNCB,11/04/2025 6:38:02 PM,BPD436,8M5CL,8M5CL,02/15/2026 7:27:43 AM,8M5CL,D1D,2,7600713
D529478,68,MCE1N068WAE2,1.1381778307,0,0,0,0,0,0.2431059444,1.0178998896,0,0,0,0,0,0,0,1.6505278586,0,2.3201317317,0,6.369843255,D5294780K,PNCB,11/04/2025 6:38:02 PM,BPD436,8M5CL,8M5CL,02/15/2026 7:27:06 AM,8M5CL,D1D,3,7600654
D529478,76,MCE1N076WAA2,0,0,0,0,0,0,0.3665417127,2.1250519616,0.653729735,0,0,0,0,0,0,2.5641386982,0,8.0922552463,2.2730257049,15.400117688,D5294780K,PNCB,11/04/2025 6:38:02 PM,BPD436,8M5CL,8M5CL,02/15/2026 7:26:26 AM,8M5CL,D1D,4,7600660
D529541,279,KHWJF279WFA4,0,0,0,0,0,0,0,0,0,0,0,0,0,0,0,0,0,3.3156662089,0,3.3156662089,D5295410,PXMG,11/20/2025 7:21:17 AM,BPD444,8M5CL,8M5CL,02/15/2026 5:35:30 AM,8M5CL,D1D,1,7033569
D529541,281,KHWJF281WFA4,0,0,0,0,0,0,0.4612201745,0,0,0,0,0,0,0,0,2.0659191955,0,3.3852122189,0,5.9123538076,D5295410,PXMG,11/20/2025 7:21:17 AM,BPD444,8M5CL,8M5CL,02/15/2026 5:35:24 AM,8M5CL,D1D,2,7033451
D529541,293,KHWJF293WFG1,0,0,0,0,0,0,0,1.2088958047,0,0,0,0,0,0,0,0,0,7.3197547143,0,8.5286527378,D5295410,PXMG,11/20/2025 7:21:17 AM,BPD444,8M5CL,8M5CL,02/15/2026 5:34:57 AM,8M5CL,D1D,3,7033574
D529541,297,KHWJF297WFB0,0,0,0,0,0,0,0,0,1.1420921418,0,0,0,0,2.3326590396,0,0,0,4.6257248889,0,8.1004760702,D5295410,PXMG,11/20/2025 7:21:17 AM,BPD444,8M5CL,8M5CL,02/15/2026 5:35:08 AM,8M5CL,D1D,4,7033554
D528435,46,KHUUT046WFD1,0,0,0,0,0,0,0.3980173522,1.5304761453,5.3135455064,0,0,0,0,0,0,1.7828112559,0,8.4020231045,0,17.426875564,D5284350,PXMG,11/22/2025 2:52:45 PM,BPD454,8M5CL,8M5CL,02/26/2026 4:47:20 PM,8M5CL,D1D,1,7004998
D528435,48,KHUUT048WFE2,2.0910084895,0,0,0,0,0,0.2605491584,0,1.4895818428,0,0,0,0,0,0,0,0,5.3614530884,0,9.202592579,D5284350,PXMG,11/22/2025 2:52:45 PM,BPD454,8M5CL,8M5CL,02/27/2026 2:57:41 AM,8M5CL,D1D,2,7004981
D529491,541,GN9WV541JKB7,0,0,0,0,0,0,0,2.9694045937,1.9324716266,0,0,0,0,0,0,0.7052058483,0,1.4724783721,0,7.0795604408,D5294910,PNCB,11/28/2025 10:27:11 PM,BPD442,8M5CL,8M5CL,02/15/2026 6:47:00 AM,8M5CL,D1D,1,7031298
D529491,542,GN9WV542JKG1,0,0,0,0,0,0,0,0,0,0,0,0,0,0,0,0,0,2.6422896091,0,2.6422896091,D5294910,PNCB,11/28/2025 10:27:11 PM,BPD442,8M5CL,8M5CL,02/15/2026 6:45:06 AM,8M5CL,D1D,2,7031188
D527297,1,KHUNK001WFF7,1.1768761987,0,0,0,0,0,0.7293711874,0,2.0010745652,0,0,0,0,0,0,9.1388835108,0,2.4796428775,0,15.525846199,D5272970,PNCB,11/25/2025 10:47:59 PM,BPD446,8M5CL,8M5CL,02/15/2026 12:30:03 PM,8M5CL,D1D,1,6961357
D527297,32,KHUNK032WFB4,0,0,0,0,0,0,0.0992038007,0,0,0,0,0,0,0,0,0,0,6.5352445494,0,5.9111784148,D5272970,PNCB,11/25/2025 10:47:59 PM,BPD446,8M5CL,8M5CL,02/15/2026 12:30:00 PM,8M5CL,D1D,2,6961363
D527297,92,KHUNK092WFG3,1.1005644109,0,0,0,0,0,0.1649040322,0,0,0,0,0,0,0,0,4.9364957069,2.3001562433,2.3188567005,0,10.820977094,D5272970,PNCB,11/25/2025 10:47:59 PM,BPD446,8M5CL,8M5CL,02/15/2026 12:30:04 PM,8M5CL,D1D,3,6961355
D527297,145,KHUNK145WFD1,0,0,0,0,0,0,0,0,0.5434044458,0,0,0,0,0,0,1.7348705937,0,18.474467018,1.1535840735,21.906326131,D5272970,PNCB,11/25/2025 10:47:59 PM,BPD446,8M5CL,8M5CL,02/15/2026 12:29:44 PM,8M5CL,D1D,4,6961229
D530114,131,A11HV131SLB3,0,0,0,0,0,0,0.3313491856,4.7017451454,0.8329679484,0,0,0,0,0,0,4.1264535396,0,0,0,9.992515819,D5301140N,PXMG,11/26/2025 7:11:41 PM,BPD436,8M5CL,8M5CL,02/15/2026 3:08:13 AM,8M5CL,D1D,1,7722286
D530114,132,A11HV132SLF5,0,0,0,0,0,0,0,5.8104503184,0,0,0,0,0,0,0,1.4059876866,0,18.172519778,0,25.388955584,D5301140N,PXMG,11/26/2025 7:11:41 PM,BPD436,8M5CL,8M5CL,02/15/2026 3:08:24 AM,8M5CL,D1D,2,7722290
D530114,138,A11HV138SLB5,0,0,0,0,0,0,0.2363798448,0,1.4898369511,0,0,0,0,0,0,0.8130192001,1.0755542447,0.8487981411,0.5110061439,4.9745923266,D5301140N,PXMG,11/26/2025 7:11:41 PM,BPD436,8M5CL,8M5CL,02/15/2026 3:07:03 AM,8M5CL,D1D,3,7722282
D530114,140,A11HV140SLB5,0,0,0,0,0,0,0.2336858131,0.9316621597,0,0,0,0,0,0,0,3.7629729838,1.5136477935,8.3284067623,0.7191481374,15.412522724,D5301140N,PXMG,11/26/2025 7:11:41 PM,BPD436,8M5CL,8M5CL,02/15/2026 3:06:27 AM,8M5CL,D1D,4,7722265
D530110,48,KHXBU048WFE7,0,0,0,0,0,0,0.2100553059,0.9314466371,1.6344283848,0,0,0,0,0,0,0,0,4.9149255708,0,7.6908558987,D5301100,PXMG,11/25/2025 4:39:12 PM,BPD454,8M5CL,8M5CL,02/15/2026 3:17:35 AM,8M5CL,D1D,1,7074788
D530110,70,KHXYA070WFB5,0,0,0,0,0,0,0.2221201698,0.5900479362,0,0,0,0,0,0,0,1.7081260978,0,1.1556846458,0,3.6759788495,D5301100,PXMG,11/25/2025 4:39:12 PM,BPD454,8M5CL,8M5CL,02/15/2026 3:15:09 AM,8M5CL,D1D,2,7074677
D530110,71,KHXYA071WFF7,0,0,0,0,0,0,0.4688148784,0,0,0,0,0,0,0,0,5.328515664,0,4.842150652,0.4594984421,11.098979636,D5301100,PXMG,11/25/2025 4:39:12 PM,BPD454,8M5CL,8M5CL,02/15/2026 3:14:30 AM,8M5CL,D1D,3,7074706
D530110,183,KHXYA183WFD2,0,0,0,0,0,0,0.1602941789,0,4.2457190117,0,0,0,0,0,0,0,0,6.3653669096,0,10.7713801,D5301100,PXMG,11/25/2025 4:39:12 PM,BPD454,8M5CL,8M5CL,02/15/2026 3:13:45 AM,8M5CL,D1D,4,7074681
D530114,127,A11HV127SLA2,0,0,0,0,0,0,0,2.5531162303,1.6091564443,0,0,0,0,0,0,0,0,13.444032487,0,16.760692686,D5301140,PXMG,11/26/2025 12:50:02 PM,BPD436,8M5CL,8M5CL,02/15/2026 3:09:05 AM,8M5CL,D1D,1,7074506
D530114,135,A11HV135SLD5,4.0547243019,0,0,0,0,0,1.0754659771,0,2.679335194,0,0,0,0,0,0,4.9056262238,0,3.2506574964,0.6176937049,16.583500679,D5301140,PXMG,11/26/2025 12:50:02 PM,BPD436,8M5CL,8M5CL,02/15/2026 3:04:42 AM,8M5CL,D1D,2,7074602
D530118,203,GP6ZQ203JKE3,0,0,0,0,0,0,0,0,3.4424110109,0,0,0,0,0,0,1.3531929591,0,15.778692819,0,20.57429457,D5301180,PXMG,11/25/2025 6:02:22 PM,BPD450,8M5CL,8M5CL,02/15/2026 2:49:35 AM,8M5CL,D1D,1,7077840
D530118,204,GP6ZQ204JKB2,0,0,0,0,0,0,0,29.15689961,0,0,47.598674045,0,0,0,0,0,0,0,0,63.984839532,D5301180,PXMG,11/25/2025 6:02:22 PM,BPD450,8M5CL,8M5CL,02/15/2026 2:50:57 AM,8M5CL,D1D,2,7077663
D530118,205,GP6ZQ205JKF4,1.8126292769,0,0,0,0,0,1.0391076913,0,0,0,0,0,0,0,0,10.170144915,0,3.9452278866,0.7534576338,17.720567404,D5301180K,PXMG,11/25/2025 9:19:41 PM,BPD454,8M5CL,8M5CL,02/15/2026 2:50:57 AM,8M5CL,D1D,1,7716547
D530118,206,GP6ZQ206JKC3,0,0,0,0,0,0,0,0.942587833,1.6539793582,0,0,0,0,0,0,0,0,4.8737299766,0,6.9011615157,D5301180K,PXMG,11/25/2025 9:19:41 PM,BPD454,8M5CL,8M5CL,02/15/2026 2:50:11 AM,8M5CL,D1D,2,7716586
D530118,209,GP6ZQ209JKA3,3.741633024,0,0,0,0,0,0,4.0791680215,0,0,0,0,0,0,0,2.5836170757,0,3.6297714452,1.1040343109,13.167645616,D5301180K,PXMG,11/25/2025 9:19:41 PM,BPD454,8M5CL,8M5CL,02/15/2026 2:48:52 AM,8M5CL,D1D,3,7716544
D530118,210,GP6ZQ210JKD4,0,0,0,0,0,0,0,2.7468237888,2.6976780518,0.938244394,0,0,0,0,0,0,8.9828013722,5.6862125695,0,21.051762376,D5301180K,PXMG,11/25/2025 9:19:41 PM,BPD454,8M5CL,8M5CL,02/15/2026 2:46:56 AM,8M5CL,D1D,4,7716500
D529545,6,KHWJH006WFD0,0,0,0,0,0,0,0.5906879062,1.672076654,0,0,0,0,1.2922775542,0,0,1.4431213407,0,2.5638803388,0.4866015149,7.6041014783,D5295450,PXMG,11/25/2025 10:01:52 AM,BPD454,8M5CL,8M5CL,02/17/2026 12:55:46 PM,8M5CL,D1D,1,7041573
D529545,13,KHWJH013WFC1,1.1490789143,0,0,0,0,0,0.0816491679,0.7634640943,0,0,0,0,0,0,0,0,0.9671432685,3.4556679071,0.7363956201,6.4393215309,D5295450,PXMG,11/25/2025 10:01:52 AM,BPD454,8M5CL,8M5CL,02/17/2026 12:55:49 PM,8M5CL,D1D,2,7041605
D529566,296,GP6ZQ296JKG0,1.5829009038,0,0,0,0,0,0,1.4640072343,0,0,0,0,0,0,0,11.504791167,0,1.0513959273,0,15.603097431,D5295660D,PXMG,11/24/2025 10:46:14 PM,BPD444,8M5CL,8M5CL,02/15/2026 5:04:33 AM,8M5CL,D1D,1,7705732
D529566,297,GP6ZQ297JKC7,3.6192546774,0,0,0,0,0,0,1.090946038,2.6995810814,0,0,0,0,0,0,11.619047118,2.1784774546,4.0954911989,1.4447354324,26.503246677,D5295660D,PXMG,11/24/2025 10:46:14 PM,BPD444,8M5CL,8M5CL,02/15/2026 5:04:10 AM,8M5CL,D1D,2,7705726
D529566,627,GP6JL627JKG4,1.1794377612,0,0,0,0,0,0.1767216365,0.6110131167,0.5782181072,0,0,0,0,0,0,4.9380396122,0,1.7016330018,0,9.1850654543,D5295660D,PXMG,11/24/2025 10:46:14 PM,BPD444,8M5CL,8M5CL,02/15/2026 5:03:40 AM,8M5CL,D1D,3,7705676
D529566,628,GP6JL628JKD3,0,0,0,0,0,0,0,1.6434693355,11.404850285,0,0,0,0,0,0,1.6630423009,0,7.9577981594,0,16.675911461,D5295660D,PXMG,11/24/2025 10:46:14 PM,BPD444,8M5CL,8M5CL,02/15/2026 5:03:04 AM,8M5CL,D1D,4,7705730
D529566,293,GP6ZQ293JKA5,42.126084991,0,0,0,0,0,0,46.670291617,0,0,0,0,0,0,0,7.9907977193,0,0,0,90.003331026,D5295660,PXMG,11/23/2025 10:20:49 PM,BPD454,8M5CL,8M5CL,02/15/2026 5:06:15 AM,8M5CL,D1D,1,7048148
D529566,295,GP6ZQ295JKB6,5.9981209336,0,0,0,0,0,0,0,0,0,0,0,0,0,0,0,0,0,0,5.9981209336,D5295660,PXMG,11/23/2025 10:20:49 PM,BPD454,8M5CL,8M5CL,02/15/2026 5:03:52 AM,8M5CL,D1D,2,7048126
D529566,298,GP6ZQ298JKH1,0,0,0,0,0,0,0.6764196941,0.5900479362,0,0,0,0,0,0,0,0,0,0,0,1.2409392052,D5295660,PXMG,11/24/2025 12:38:59 AM,BPD436,8M5CL,8M5CL,02/15/2026 4:58:45 AM,8M5CL,D1D,3,7048230
D529566,626,GP6JL626JKC2,2.9076365925,0,0,0,0,0,0.4212695953,2.9130642418,0,0,0,0,0,0,0,2.6117703271,0,1.6432494145,0,10.496990171,D5295660,PXMG,11/24/2025 12:38:59 AM,BPD436,8M5CL,8M5CL,03/23/2026 4:21:16 PM,8M5CL,D1D,4,7048224
D529566,629,GP6JL629JKA2,2.3503400781,0,0,0,0,0,0.6914774842,0,0,0,0,0,0,0,0,0,0,0,0,3.0418175623,D5295660,PXMG,11/24/2025 12:38:59 AM,BPD436,8M5CL,8M5CL,02/15/2026 4:57:38 AM,8M5CL,D1D,5,7048181
D529566,630,GP6JL630JKD3,0,0,0,0,0,0,0,4.2716017821,0,0,0,0,0,0,0,0,0,0,0,4.2716017821,D5295660,PXMG,11/24/2025 12:38:59 AM,BPD436,8M5CL,8M5CL,02/15/2026 4:57:31 AM,8M5CL,D1D,6,7048130
D530125,299,GN9WV299JKC0,0,0,0,0,0,0,0,0.7823055273,1.7605513076,0,0,0,0,0,0,7.7548205304,9.6137635228,6.4505904473,0.6038599396,26.186836183,D5301250N,PXMG,11/23/2025 6:36:49 PM,BPD446,8M5CL,8M5CL,02/15/2026 2:17:14 AM,8M5CL,D1D,1,7705010
D530125,300,GN9WV300JKD4,0,0,0,0,0,0,0.3295823478,2.5709463993,0,0,0,0,0,0,0,5.3441826954,2.224161834,4.2776847958,0,14.746558072,D5301250N,PXMG,11/23/2025 6:36:49 PM,BPD446,8M5CL,8M5CL,02/15/2026 2:16:41 AM,8M5CL,D1D,2,7705078
D530125,303,GN9WV303JKB4,0,0,0,0,0,0,0,0,0,0,0,0,0,0,0,3.6168673267,1.0981347148,2.6918044419,0,7.4068087021,D5301250N,PXMG,11/23/2025 6:36:49 PM,BPD446,8M5CL,8M5CL,02/15/2026 2:15:46 AM,8M5CL,D1D,3,7705088
D530125,304,GN9WV304JKF6,0,0,0,0,0,0,1.0619367389,0,0,0,0,0,0,0,0,0,11.227822709,0,0,12.289761647,D5301250N,PXMG,11/23/2025 6:36:49 PM,BPD446,8M5CL,8M5CL,02/15/2026 2:15:21 AM,8M5CL,D1D,4,7705087
D530125,297,GN9WV297JKA7,2.3586270249,0,0,0,0,0,0,3.2909473671,5.8927890695,0,0,0,0,0,0,0,0,0,0,11.542363462,D5301250,PXMG,11/23/2025 7:43:39 PM,BPD458,8M5CL,8M5CL,02/15/2026 2:18:38 AM,8M5CL,D1D,1,7077745
D530125,298,GN9WV298JKF1,0,0,0,0,0,0,0,6.2229010831,17.198124777,0,0,0,0,0,0,0,0,0,0,23.42102586,D5301250,PXMG,11/23/2025 7:43:39 PM,BPD458,8M5CL,8M5CL,02/15/2026 2:18:21 AM,8M5CL,D1D,2,7077643
D528448,164,A1UPW164SLB4,1.3716668216,0,0,0,0,0,0.1775795777,0,3.3444963847,0,0,0,0,0,0,3.2854564037,0,2.4971013393,0,10.676302726,D5284480,PXMG,11/24/2025 8:32:27 AM,BPD446,8M5CL,8M5CL,02/15/2026 8:58:28 AM,8M5CL,D1D,1,7007848
D528448,172,A1UPW172SLE7,0,0,0,0,0,0,0.1269163861,2.577291119,0,0,0,0,0,0,0,0,0.9118648749,5.6788012332,0,9.0502203418,D5284480,PXMG,11/24/2025 8:32:27 AM,BPD446,8M5CL,8M5CL,02/15/2026 8:54:28 AM,8M5CL,D1D,2,7007938
D529538,6,GN9KR006JKB4,0,0,0,0,0,0,0,1.0534213993,2.1600240852,0,0,0,0,0,0,0,0,4.7965795045,0.7299176669,8.7399426559,D5295380,PXMG,11/30/2025 4:07:32 PM,BPD454,8M5CL,8M5CL,02/15/2026 5:44:30 AM,8M5CL,D1D,1,7031505
D529538,23,GN9KR023JKF1,0,0,0,0,0,0,0,1.8262345132,0,0,0,0,0,0,0,0,0,8.0941393848,0,9.920373898,D5295380,PXMG,11/30/2025 4:07:32 PM,BPD454,8M5CL,8M5CL,02/15/2026 5:40:25 AM,8M5CL,D1D,2,7031529
D529571,328,GP6ZP328JKD7,0,0,0,0,0,0,0.4662324356,7.2949563854,0,0,0,0,0,0,0,8.4560049034,0,5.0371466445,0,21.254340369,D5295710D,PXMG,12/01/2025 6:09:25 AM,BPD458,8M5CL,8M5CL,02/18/2026 8:58:50 AM,8M5CL,D1D,1,7741487
D529571,329,GP6ZP329JKA6,0,0,0,0,0,0,0,0,1.339667597,0,0,0,0,0,0,1.0674297465,0,14.657887148,0,17.064984491,D5295710D,PXMG,12/01/2025 6:09:25 AM,BPD458,8M5CL,8M5CL,02/19/2026 1:01:05 PM,8M5CL,D1D,2,7741472
D529571,332,GP6ZP332JKF0,0,0,0,0,0,0,0,0,0,0,0,0,0,0,0,2.4226229069,1.359626149,4.6612181535,0,8.4434694087,D5295710D,PXMG,12/01/2025 6:09:25 AM,BPD458,8M5CL,8M5CL,02/18/2026 5:53:34 PM,8M5CL,D1D,3,7741475
D529571,333,GP6ZP333JKB7,0,0,0,0,0,0,0.2344484857,1.1093348506,0,0,0,0,0,0,0,2.5677908933,1.0118417505,3.3328813147,0,8.2562972947,D5295710D,PXMG,12/01/2025 6:09:25 AM,BPD458,8M5CL,8M5CL,02/19/2026 9:17:59 AM,8M5CL,D1D,4,7741523
D529537,41,GP1JU041JKE0,0,0,0,0,0,0,0.1855943273,0,0,0,0,0,0,0,0,1.1374505641,0,2.5798896137,0,3.9029345051,D5295370E,PXMG,12/04/2025 6:28:04 PM,BPD446,8M5CL,8M5CL,02/18/2026 8:48:31 AM,8M5CL,D1D,1,7756761
D529537,42,GP1JU042JKA7,13.693062683,0,0,0,0,0,0,13.576693758,0,0,0,0,0,22.012152343,0,0,0,0,0,45.608044014,D5295370E,PXMG,12/04/2025 6:28:04 PM,BPD446,8M5CL,8M5CL,02/15/2026 5:48:01 AM,8M5CL,D1D,2,7756772
D529537,45,GP1JU045JKG2,0,0,0,0,0,0,0.3782885822,0,0.811273232,0,0,0,0,0,0,6.7527167745,2.555161897,3.8068125784,0,14.304255283,D5295370E,PXMG,12/04/2025 6:28:04 PM,BPD446,8M5CL,8M5CL,02/18/2026 2:06:05 AM,8M5CL,D1D,3,7756757
D529537,46,GP1JU046JKD1,0,0,0,0,0,0,0,1.8014935414,0,0,0,0,0,0,0,0,0.9943946136,13.373879614,0,16.16976557,D5295370E,PXMG,12/04/2025 6:28:04 PM,BPD446,8M5CL,8M5CL,02/18/2026 12:05:00 PM,8M5CL,D1D,4,7756774
D530117,4,KHXYA004WFB7,0,0,0,0,0,0,0.3692362961,1.1697397944,0.6759578601,0,0,0,0,0,0,3.7434110143,0,1.8246952027,0,7.7830423668,D5301170,PXMG,12/02/2025 6:41:37 PM,BPD450,8M5CL,8M5CL,02/15/2026 2:55:48 AM,8M5CL,D1D,1,7074589
D530117,22,KHXYA022WFC3,0,0,0,0,0,0,0.3965460809,0,0.9968621268,0,0,0,0,0,0,1.7350488217,0,30.066265354,0,32.829778945,D5301170,PXMG,12/02/2025 6:41:37 PM,BPD450,8M5CL,8M5CL,02/15/2026 2:53:26 AM,8M5CL,D1D,2,7074696
D529537,39,GP1JU039JKE0,0,0,0,0,0,0,0,0,0.7412723829,0,0,0,1.605748479,0,0,2.2676081713,0,3.1002632791,0,7.7148923123,D5295370,PXMG,12/03/2025 2:49:21 AM,BPD432,8M5CL,8M5CL,02/18/2026 7:20:44 AM,8M5CL,D1D,1,7031536
D529537,40,GP1JU040JKH1,0,0,0,0,0,0,0,2.2142214066,0,0,0,0,0,0,0,6.0281456784,0,2.0385177547,2.4219235583,12.702808398,D5295370,PXMG,12/03/2025 2:49:21 AM,BPD432,8M5CL,8M5CL,02/18/2026 9:03:42 AM,8M5CL,D1D,2,7031582
D527292,461,GP2EG461JKF7,2.7662582244,0,0,0,0,0,0,3.8691573665,0,0,0,0,0,0,0,0,0,0,0,5.919949479,D5272920,PNCB,12/03/2025 8:05:07 PM,BPD450,8M5CL,8M5CL,02/15/2026 12:39:41 PM,8M5CL,D1D,1,6959551
D527292,462,GP2EG462JKC6,2.9695922373,0,0,3.8038812623,0,0,0,1.0178998896,0,1.4482441624,0,0,0,0,0,6.971551718,0,5.1529938757,2.7660228846,20.685967687,D5272920,PNCB,12/03/2025 8:05:07 PM,BPD450,8M5CL,8M5CL,02/15/2026 12:39:19 PM,8M5CL,D1D,2,6959316
D527292,463,GP2EG463JKH0,0,0,0,0,0,0,0.2905255474,5.8763679716,0,0,0,0,0,0,0,1.8011813457,0,6.3329753819,0,14.301050247,D5272920,PNCB,12/03/2025 8:05:07 PM,BPD450,8M5CL,8M5CL,02/15/2026 12:39:00 PM,8M5CL,D1D,3,6959535
D527292,464,GP2EG464JKD7,2.3210136283,0,0,0,0,0,0.829586285,2.4896641271,0,0,0,0,0,2.2301761571,0,1.5578245918,0,2.2277748484,1.0747067787,9.0721018305,D5272920,PNCB,12/03/2025 8:05:07 PM,BPD450,8M5CL,8M5CL,02/15/2026 12:38:31 PM,8M5CL,D1D,4,6959396
D527292,465,GP2EG465JKA6,0,0,0,0,0,0,0,0,1.7061979298,0.4697569846,0,0,0,0,0,1.6915758771,1.446183504,5.5189837732,0,10.832700209,D5272920,PNCB,12/03/2025 8:05:07 PM,BPD450,8M5CL,8M5CL,02/15/2026 12:39:06 PM,8M5CL,D1D,5,6959454
D527292,468,GP2EG468JKG1,0,0,0,0,0,0,0,2.2843033556,0,0,0,0,0,0,0,0,0,0.8211944548,0,3.1054978104,D5272920,PNCB,12/03/2025 8:05:07 PM,BPD450,8M5CL,8M5CL,02/15/2026 12:37:55 PM,8M5CL,D1D,6,6959526
D527292,470,GP2EG470JKG1,0,0,0,0,0,0,0,0,0,2.550062354,0,0,0,0,0,0,0,6.4854460817,0,9.0355084357,D5272920,PNCB,12/03/2025 8:05:07 PM,BPD450,8M5CL,8M5CL,02/15/2026 12:37:13 PM,8M5CL,D1D,7,6959257
D527292,471,GP2EG471JKD0,0,0,0,0.1558494224,0,0,0,0.8997955773,0,0,0,0,0,0,0,0,0,1.8772558279,0,2.9329008276,D5272920,PNCB,12/03/2025 8:05:07 PM,BPD450,8M5CL,8M5CL,02/15/2026 12:37:17 PM,8M5CL,D1D,8,6959431
D529571,326,GP6ZP326JKC6,1.5284132867,0,0,0,0,0,0,2.5991006806,0,0,0,0,0,3.8200908555,0,2.7170530884,0,22.367991522,0,31.791664044,D5295710,PXMG,12/01/2025 12:53:43 PM,BPD444,8M5CL,8M5CL,02/19/2026 11:26:48 AM,8M5CL,D1D,1,7050899
D529571,327,GP6ZP327JKH0,0,0,0,0,0,0,0,1.1859430699,0,0,0,0,0,0,0,5.3783371875,0,17.584355292,0,23.473046372,D5295710,PXMG,12/01/2025 12:53:43 PM,BPD444,8M5CL,8M5CL,02/18/2026 8:44:06 PM,8M5CL,D1D,2,7050920
D527973,93,A1UUN093SLB1,1.8568572939,0,0,0,0,0,0,2.8858542875,0,0,0,0,0,0,0,5.5694932058,0,0,0,10.312204787,D5279730,PNCB,12/30/2025 6:40:51 AM,BPD432,8M5CL,8M5CL,02/15/2026 11:12:28 AM,8M5CL,D1D,1,6984027
D527973,99,A1UUN099SLE4,2.1997478535,0,0,0,0,0,0,0.7625212128,0,0,0,0,0,0,0,2.2074205787,0,1.0626435524,0,6.2323331974,D5279730,PNCB,12/30/2025 6:40:51 AM,BPD432,8M5CL,8M5CL,02/15/2026 11:03:46 AM,8M5CL,D1D,2,6983950
D529951,276,GP5YS276JKA2,0,0,0,0,0,0,0.4074595882,3.0148027178,1.1166829301,0,0,0,0,0,0,0,0,0,0,4.538945236,D5299510,PNCB,12/29/2025 3:30:58 AM,BPD432,8M5CL,8M5CL,03/26/2026 8:03:17 AM,8M5CL,D1D,1,7061949
D529951,315,GP5YS315JKF0,0,0,0,0,0,0,0.628684058,1.0770366005,4.7147879981,0,0,0,0,0,0,3.5690628499,0,3.1366742844,0,13.034556189,D5299510,PNCB,12/29/2025 3:30:58 AM,BPD432,8M5CL,8M5CL,03/25/2026 4:13:07 AM,8M5CL,D1D,2,7061934
D529ED6,301,GP5YS301JKF5,0,0,0,0,0,0,0.7301564076,1.5681391256,0,0,0,0,0,0,0,0,0.8048543689,0,0.6065944279,3.70974433,D529ED60,X78D,01/02/2026 6:46:01 PM,BPD446,8M5CL,8M5CL,01/16/2026 11:23:36 AM,8M5CL,D1D,1,7058627
D529ED6,302,GP5YS302JKC4,0,0,0,0,0,0,0,0,0,0,0,0,0,0,0,1.8484185476,0.9329356081,2.518929306,0,5.3002834617,D529ED60,X78D,01/02/2026 6:46:01 PM,BPD446,8M5CL,8M5CL,02/23/2026 12:37:23 AM,8M5CL,D1D,2,7058548
D530124,1,GN9KR001JKC3,0,0,0,0,0,0,0,1.6643228821,0,0,0,0,0,0,0,2.4090187614,0,1.6298948892,0,5.7032387513,D5301240,PXMG,12/12/2025 4:30:13 AM,BPD446,8M5CL,8M5CL,03/05/2026 12:46:48 PM,8M5CL,D1D,1,7077521
D530124,2,GN9KR002JKG5,0,0,0,0,0,0,0,0,0,0,0,0,0,0,0,0,1.4217890076,0,0,1.4217890076,D5301240,PXMG,12/12/2025 4:30:13 AM,BPD446,8M5CL,8M5CL,03/05/2026 5:14:32 PM,8M5CL,D1D,2,7077559
D529503,608,GP5AB608JKG0,0,0,0,0.397597222,0,0,0,0,0,0,0,0,0,0,0,0,0,1.1167148058,0.7053047461,2.2196167739,D5295030,PNCB,12/10/2025 8:01:22 AM,BPD442,8M5CL,8M5CL,02/15/2026 6:27:49 AM,8M5CL,D1D,1,7037011
D529503,609,GP5AB609JKC7,0,0,1.2224994857,0,0,0,0,1.372332721,0,0,0,0,0,0,0.415425101,0,0,2.1407245852,0,5.1509818929,D5295030,PNCB,12/10/2025 8:01:22 AM,BPD442,8M5CL,8M5CL,02/15/2026 6:27:42 AM,8M5CL,D1D,2,7036929
D529503,616,GP5AB616JKC0,0,0,0,0,0,0,0.5585019065,1.4978832512,0,0,0,0,0,0,0,0,0,1.1692248398,0,3.2256099974,D5295030,PNCB,12/10/2025 8:01:22 AM,BPD442,8M5CL,8M5CL,02/15/2026 6:26:29 AM,8M5CL,D1D,3,7036998
D530124,3,GN9KR003JKD4,0,0,0,0,0,0,0.9020502444,0,0,0,0,0,0,0,0,0,0,0,0,0.9020502444,D5301240K,PXMG,12/12/2025 8:25:10 PM,BPD448,8M5CL,8M5CL,03/06/2026 4:10:59 PM,8M5CL,D1D,1,7795658
D530124,4,GN9KR004JKA3,1.1615873244,0,0,0,0,0,0.3090681206,0,0,0,0,0,0,0,0,0,1.5291764125,3.5675710114,0,6.0413673266,D5301240K,PXMG,12/12/2025 8:25:10 PM,BPD448,8M5CL,8M5CL,03/06/2026 6:21:20 AM,8M5CL,D1D,2,7795641
D530124,8,GN9KR008JKC5,0,0,0,0,0,0,0.4166094701,2.4884650432,0,0,0,0,0,0,0,0,0,4.8877433402,0,7.7928156543,D5301240K,PXMG,12/12/2025 8:25:10 PM,BPD448,8M5CL,8M5CL,03/05/2026 2:43:14 PM,8M5CL,D1D,3,7795686
D530124,9,GN9KR009JKG7,0,0,0,0,0,0,2.3573468192,4.2707085382,0,0,0,0,0,0,0,2.1471823048,0,1.5352950095,0,10.310530453,D5301240K,PXMG,12/12/2025 8:25:10 PM,BPD448,8M5CL,8M5CL,03/05/2026 11:51:15 AM,8M5CL,D1D,4,7795617
D530120,322,GN9WV322JKG2,0,0,0,0,0,0,0.6744426047,1.1773248683,4.0024515149,0,0,0,0,2.7424407641,0,3.041135213,0,5.1197643516,0.5090268552,17.266588371,D5301200,PXMG,12/17/2025 4:10:45 PM,BPD442,8M5CL,8M5CL,02/17/2026 12:43:56 PM,8M5CL,D1D,1,7077880
D530120,323,GN9WV323JKD1,0,0,0,0,0,0,1.5642826829,0,2.0090753998,0,0,0,0,0,0,0,0,0.784830439,0.6351661831,4.9443496729,D5301200,PXMG,12/17/2025 4:10:45 PM,BPD442,8M5CL,8M5CL,02/17/2026 12:43:58 PM,8M5CL,D1D,2,7077801
D527303,450,KHW9L450WFG0,0,0,0,0.5016503913,0,0,0,1.2813425813,0,0,0,0,0,0,0,2.0824829207,0,1.002497513,0,4.8679755314,D5273030,PNCB,12/27/2025 7:11:20 PM,BPD442,8M5CL,8M5CL,03/11/2026 9:25:56 PM,8M5CL,D1D,1,6961796
D527303,452,KHW9L452WFH1,0,0,0,0,0,0,0,1.0178998896,1.2831063744,0,0,0,0,0,0,0,0,3.3873328269,0,5.6883390909,D5273030,PNCB,12/27/2025 7:11:20 PM,BPD442,8M5CL,8M5CL,03/11/2026 11:05:31 PM,8M5CL,D1D,2,6961904
D527303,460,KHW9L460WFD1,0,0,0,0,0,0,0.2379420681,0,0,0,0,0,0,0,0,1.1949273433,0,5.1264349763,0,6.5593043877,D5273030,PNCB,12/27/2025 7:11:20 PM,BPD442,8M5CL,8M5CL,03/11/2026 8:04:43 PM,8M5CL,D1D,3,6961883
D527303,473,KHW9L473WFF5,0,0,0,0,0,0,0,0,0,0,0,0,0,0,0,0.7052058483,0,4.4955535184,0,5.2007593667,D5273030,PNCB,12/27/2025 7:11:20 PM,BPD442,8M5CL,8M5CL,03/10/2026 8:07:29 PM,8M5CL,D1D,4,6961777
D527293,552,GP2EG552JKE6,0.807215863,0,0,0,0,0,0.3183476592,0,1.6727410268,0,0,0,0,0,0,0,1.3739374704,4.0114924638,0,8.1837323581,D5272930,PNCB,12/22/2025 2:10:46 PM,BPD432,8M5CL,8M5CL,03/05/2026 3:17:13 PM,8M5CL,D1D,1,6959455
D527293,553,GP2EG553JKB5,1.4233964731,0,0,0,0,0,0,0,7.2279789839,0,0,0,0,0,0,0,0,0,0,8.651375457,D5272930,PNCB,12/22/2025 2:10:46 PM,BPD432,8M5CL,8M5CL,03/05/2026 3:16:03 PM,8M5CL,D1D,2,6959342
D527289,30,A1JUQ030SLA7,0,0,0,0,0,0,0.5664666012,0.923360578,0,0,0,0,0,0,0,0,2.2003935539,3.0083680604,0,6.6985887935,D5272890,PNCB,01/05/2026 2:59:47 AM,BPD432,8M5CL,8M5CL,03/24/2026 11:19:10 PM,8M5CL,D1D,1,6959368
D527289,161,A1TU4161SLD4,0,0,0,0,0,0,0.1660818629,0.7364532091,1.29227099,0,0,0,0,0,0,2.2477574971,0,1.4724783721,0,5.9150419312,D5272890,PNCB,01/05/2026 2:59:47 AM,BPD432,8M5CL,8M5CL,03/24/2026 2:31:09 AM,8M5CL,D1D,2,6959553
D528916,51,KHWKH051WFH2,0,0,0,0,0,0,0,0.8978629495,0,0,0,0,0,0,0,5.6565791723,0,0.8158086641,0,7.3702507859,D5289160,PNCB,01/10/2026 7:19:38 AM,BPD458,8M5CL,8M5CL,03/16/2026 3:29:19 AM,8M5CL,D1D,1,7025335
D528916,67,KHWKH067WFA3,0,0,0,0,0,0,0,0.863392402,0.8170521379,0,0,0,0,0,0,1.738378431,0,3.2743360306,0,6.6931590014,D5289160,PNCB,01/10/2026 7:19:38 AM,BPD458,8M5CL,8M5CL,03/16/2026 4:00:07 AM,8M5CL,D1D,2,7025361
D528408,40,GP4QB040JKE4,27.921999122,0,2.7316374188,0,0,0,0.2146302481,2.4028153785,3.4393052227,0,0,0,0,0,0,10.539654215,0,3.7568177365,10.448680741,44.482237927,D5284080,PNCB,01/17/2026 4:48:33 AM,BPD458,8M5CL,8M5CL,03/22/2026 6:03:19 PM,8M5CL,D1D,1,6999757
D528408,41,GP4QB041JKB3,3.310107838,0,0,0,0,0,0,0,0,0,0,0,0,0,0,1.3379178195,0.9329263407,1.0397987354,0,5.4890868977,D5284080,PNCB,01/17/2026 4:48:33 AM,BPD458,8M5CL,8M5CL,03/22/2026 10:35:17 AM,8M5CL,D1D,2,6999789
D528408,42,GP4QB042JKF5,0,0,0,0,0,0,0,1.0693473976,0,0,0,0,0,0,0,4.1577279145,0,5.3614933489,0.7409524927,11.329521154,D5284080,PNCB,01/17/2026 7:16:00 AM,BPD450,8M5CL,8M5CL,03/27/2026 11:18:37 AM,8M5CL,D1D,3,6999886
D528408,43,GP4QB043JKC4,0,0,0,0,0,0,0.1660818629,0,0,0,0,0,0,0,0,5.486161203,0,6.0203990429,0,11.672639969,D5284080,PNCB,01/17/2026 7:16:00 AM,BPD450,8M5CL,8M5CL,02/15/2026 9:39:49 AM,8M5CL,D1D,4,6999842
D528408,44,GP4QB044JKG6,0,0,0,0,0,0,0.2035799779,0,0,0,0,0,0,0,0,2.3601103343,0,12.96012665,0.4418535542,14.727477115,D5284080,PNCB,01/17/2026 7:16:00 AM,BPD450,8M5CL,8M5CL,03/22/2026 6:25:33 PM,8M5CL,D1D,5,6999824
D529ED8,257,KHWKJ257WFC2,0,0,0,0,0,0,4.235572341,0,0,0,0,0,0,0,0,1.2457240029,0,1.6550333182,0,7.1363296621,D529ED80,X78D,01/17/2026 9:05:12 AM,BPD432,8M5CL,8M5CL,02/25/2026 12:23:06 PM,8M5CL,D1D,1,7058442
D529ED8,264,KHWKJ264WFB3,0,0,0,0,0,0,0.8136839468,3.4690248919,1.1918382818,0,0,0,0,0,0,2.7383602732,0,0,0,7.9897980171,D529ED80,X78D,01/17/2026 9:05:12 AM,BPD432,8M5CL,8M5CL,02/25/2026 8:05:07 AM,8M5CL,D1D,2,7058443
D529ED8,265,KHWKJ265WFF5,0,0,0,0,0,0,0.2862120104,0,0.6562790422,0,0,0,0,0,0,2.3654914678,0,1.84545113,0,5.1534336504,D529ED80,X78D,01/17/2026 9:05:12 AM,BPD432,8M5CL,8M5CL,02/25/2026 12:31:31 AM,8M5CL,D1D,3,7058317
D529ED8,267,KHWKJ267WFG6,0,0,0,0,0,0,0,0,0,0,0,0,0,0,0,3.2223696439,0,0,0,3.2223696439,D529ED80,X78D,01/17/2026 9:05:12 AM,BPD432,8M5CL,8M5CL,01/19/2026 8:56:22 AM,8M5CL,D1D,4,7058447
D529501,635,GP5AB635JKG6,0,0,0,0,0,0,0,0,0,0,0,0,0,0,0,5.6137574466,0,7.9564320125,1.1949397415,13.821523111,D5295010,PNCB,01/13/2026 12:54:44 AM,BPD436,8M5CL,8M5CL,03/22/2026 3:09:06 AM,8M5CL,D1D,1,7036902
D529501,636,GP5AB636JKD5,0,0,0,0,0,0,0.2464189004,0,2.9462889175,0,0,0,0,0,0,11.266700368,0,31.228951858,0,44.361384097,D5295010,PNCB,01/13/2026 12:54:44 AM,BPD436,8M5CL,8M5CL,02/15/2026 6:30:50 AM,8M5CL,D1D,2,7036815
D529942,288,GP5YS288JKF7,0,0,0,0,0,0,0.3051362112,2.8942633954,2.5782511682,0,0,0,0,0,0,4.5691911006,0,2.2574044479,0,10.897196333,D5299420,PNCB,01/19/2026 8:28:06 PM,BPD450,8M5CL,8M5CL,06/07/2026 9:08:31 PM,8M5CL,D1D,1,7061841
D529942,313,GP5YS313JKD7,0.7601369964,0,0,0,0,0,0,2.5434795234,9.3260659032,0,0,0,1.2178145218,0,0,11.611442226,0,16.073867122,0,38.987297831,D5299420,PNCB,01/19/2026 8:28:06 PM,BPD450,8M5CL,8M5CL,04/23/2026 1:50:49 PM,8M5CL,D1D,2,7061843
D529942,601,GP6JL601JKB4,0.9733124844,0,0,0,0,0,0,2.8793950728,2.4966470064,0,0,0,0,0,0,0,0,14.46164884,0,20.343836097,D5299420,PNCB,01/19/2026 9:49:08 PM,BPD458,8M5CL,8M5CL,04/22/2026 9:34:31 PM,8M5CL,D1D,3,7061807
D529942,602,GP6JL602JKF6,0,0,0,0,0,0,0,0,1.5632668499,0,0,0,0,0,0,2.0109132957,0,1.9345368032,0,5.5087190739,D5299420,PNCB,01/19/2026 9:49:08 PM,BPD458,8M5CL,8M5CL,04/23/2026 12:50:58 AM,8M5CL,D1D,4,7061822
D529942,603,GP6JL603JKC5,0,0,0,0,0,0,0,0,0.5849998195,0,0,0,0,0,0,1.7423271557,0,7.6467642462,0.4221026192,9.7968330765,D5299420,PNCB,01/19/2026 9:49:08 PM,BPD458,8M5CL,8M5CL,04/21/2026 9:49:41 PM,8M5CL,D1D,5,7061767
D529ED8,351,KHWKJ351WFF3,0,0,0,0,0,0,0,0,0,0,0,0,0,0,0,1.5818203389,0,0.7726257094,0,2.3544460483,D529ED8A,X78D,01/18/2026 5:04:31 PM,BPD436,8M5CL,8M5CL,02/27/2026 12:23:54 PM,8M5CL,D1D,1,7457985
D529ED8,356,KHWKJ356WFE4,0,0,0,0,0,0,0.5016045248,0,0,0,0,0,0,0,0,0,0,1.8419437559,0,2.3435482808,D529ED8A,X78D,01/18/2026 5:04:31 PM,BPD436,8M5CL,8M5CL,02/26/2026 11:23:49 PM,8M5CL,D1D,2,7457956
D528E9N,560,KHWJK560WFB2,0,0,0,0,0,0,0,0.9548874064,4.2444553581,0,0,0,0,0,0,1.8538669444,2.4129693598,6.2881381183,0,15.754317187,D528E9N0,X78D,03/17/2026 4:18:18 PM,BPD450,8M5CL,8M5CL,04/18/2026 9:45:27 PM,8M5CL,D1D,1,7026610
D528E9N,594,KHWJG594WFA6,0,0,0,0,0,0,0,0,0.6563785466,0,0,0,0,0,0,0,0.6130682417,0.5932918469,0,1.6592612857,D528E9N0,X78D,03/17/2026 4:18:18 PM,BPD450,8M5CL,8M5CL,04/19/2026 4:44:23 AM,8M5CL,D1D,2,7026652
D528E9N,632,KHWJG632WFB2,0.5915119713,0,0,0,0,0,0,0.7759565183,0,0.5021602415,0,0,0,0,0,0,1.4825651303,5.0828795749,0.6487428805,9.0838143392,D528E9N0,X78D,03/17/2026 4:18:18 PM,BPD450,8M5CL,8M5CL,04/18/2026 12:26:37 PM,8M5CL,D1D,3,7026700
D528E9N,680,KHWJG680WFA4,0,0,0,0,0,0,0,0,0,0,0,0,0,0,0,0,2.0256723974,1.6467230514,0,3.6723954488,D528E9N0,X78D,03/17/2026 4:18:18 PM,BPD450,8M5CL,8M5CL,04/19/2026 3:10:54 PM,8M5CL,D1D,4,7026688
D528E9N,747,KHWJK747WFF4,0,0,0,0,0,0,0.5016510786,0,0,0,0,0,0,0,0,0,1.6214185435,0.6590473177,0,2.7821169399,D528E9N0,X78D,03/17/2026 4:18:18 PM,BPD450,8M5CL,8M5CL,04/19/2026 12:43:06 AM,8M5CL,D1D,5,7026676
D528E9N,864,KHWJG864WFG6,1.2994436241,0,0,0,0,0,0,1.0287799283,0,0,0,0,0,0,0,1.3685225715,0.6734000897,2.679044932,0,7.0491911454,D528E9N0,X78D,03/17/2026 4:18:18 PM,BPD450,8M5CL,8M5CL,04/18/2026 10:24:28 AM,8M5CL,D1D,6,7026732
D528922,221,KHW9R221WFA6,0,0,0,0,0,0,0.1228534935,3.4842754906,0,0,0,0,0,0,0,3.3709824054,0,2.4944382888,0,8.7425085988,D5289220,PNCB,03/23/2026 4:14:11 AM,BPD432,8M5CL,8M5CL,07/07/2026 7:42:41 AM,8M5CL,D1D,1,7019701
D528922,251,KHW9R251WFG7,0,0,0,0,0,0,0.0911459832,0,1.4955029685,0,0,0,0,0,0,0,0,0.8520256395,0,2.4386745912,D5289220,PNCB,03/23/2026 4:14:11 AM,BPD432,8M5CL,8M5CL,07/05/2026 10:21:43 AM,8M5CL,D1D,2,7019646
D528922,268,KHW9R268WFE2,0,0,0,0,0,0,0.4063099351,0,3.1172429726,0,0,0,0,0,0,0,0,0,0,3.5235529077,D5289220,PNCB,03/23/2026 4:14:11 AM,BPD432,8M5CL,8M5CL,07/05/2026 11:22:19 AM,8M5CL,D1D,3,7019655
D528922,270,KHW9R270WFE2,0,0,0,0,0,0,0.4984819389,0,0,0,0,0,0,0,0,5.6994743632,0,2.6204844509,0,8.818440753,D5289220,PNCB,03/23/2026 4:14:11 AM,BPD432,8M5CL,8M5CL,07/06/2026 9:57:04 PM,8M5CL,D1D,4,7019727
D529514,66,A11E2066SLH1,0,0,0,0,0,0,0,0,1.2831063744,0,0,0,0,0,0,0,0,3.7186284277,0,5.0017348021,D5295140,PNCB,03/30/2026 4:38:47 PM,BPD448,8M5CL,8M5CL,06/17/2026 11:24:37 PM,8M5CL,D1D,1,7039191
D529514,71,A11FV071SLG7,0,0,0,0,0,0,0,1.0228160088,0,0,0,0,0,3.1508896933,0,0,1.8258560596,7.4821955261,0,13.063644058,D5295140,PNCB,03/30/2026 4:38:47 PM,BPD448,8M5CL,8M5CL,06/19/2026 6:40:56 PM,8M5CL,D1D,2,7039139
D549598,503,KJ6GT503WFB1,0,0,0,0,0,0,0.9327130569,1.1901164961,0,0,0,0,0,0,0,1.1953349429,0,1.8564824237,0,5.1746469196,D5495980,PXMG,02/26/2026 3:37:04 AM,BPD448,8M5CL,8M5CL,04/09/2026 3:04:39 PM,8M5CL,D1D,1,7738679
D549598,510,KJ6GT510WFA2,0,0,0,0,0,0,0,2.1853281909,0,0,0,0,0,0,0,1.7081260978,0,0,0,3.8934542886,D5495980,PXMG,02/26/2026 3:37:04 AM,BPD448,8M5CL,8M5CL,06/07/2026 5:44:31 PM,8M5CL,D1D,2,7738743
D549601,495,KJ6GR495WFG0,1.1955390658,0,0,0,0,0,0,0.7943332484,1.3938333887,0,0,0,0,0,0,1.7929624773,0,2.0071850441,0,7.1838532244,D5496010,PXMG,02/24/2026 12:51:47 PM,BPD446,8M5CL,8M5CL,05/04/2026 8:54:08 AM,8M5CL,D1D,1,7738796
D549601,506,KJ6GR506WFF6,0,0,0,0,0,0,0.2221201698,0,0,0,0,0,0,0,1.0098770492,1.0580397395,0,1.5130562061,0,3.8030931645,D5496010,PXMG,02/24/2026 12:51:47 PM,BPD446,8M5CL,8M5CL,05/04/2026 12:45:35 AM,8M5CL,D1D,2,7738735
D548949,582,KJ69H582WFB1,0.672410535,0,0,0,0,0,0,0,1.585326632,0,0,0,0,0,0,0,0,8.9162093055,0,11.173946472,D5489490AB,PXMG,02/23/2026 1:41:01 AM,BPD450,8M5CL,8M5CL,02/23/2026 7:36:04 AM,8M5CL,D1D,1,8159353
D548949,598,KJ69H598WFB5,0,0,0,0,0,0,0,9.7186217177,0,0,0,0,0,0,0,0,0,4.5709318025,1.3902963261,15.679849846,D5489490AB,PXMG,02/23/2026 1:41:01 AM,BPD450,8M5CL,8M5CL,02/23/2026 7:50:19 AM,8M5CL,D1D,2,8159341
D548949,614,KJ69H614WFG6,0,0,0,0,0,0,0,1.2756405335,0,0,0,0,0,1.1329360217,0,4.0913303718,0,12.566268271,1.6253082626,20.004962796,D5489490AB,PXMG,02/23/2026 1:41:01 AM,BPD450,8M5CL,8M5CL,02/23/2026 7:49:08 AM,8M5CL,D1D,3,8159391
D548949,624,KJ69H624WFD7,0,0,0,0,0,0,0,2.83468881,1.7866224861,0,0,0,0,0,0,3.3530337163,0,3.1421251171,0,11.116472329,D5489490AB,PXMG,02/23/2026 1:41:01 AM,BPD450,8M5CL,8M5CL,02/23/2026 7:49:17 AM,8M5CL,D1D,4,8159374
D548949,359,KJ6GP359WFF1,0,0,0,0,0,0,0,0,0,0,0,0,0,0,0,1.4957106942,1.8611262201,0.7807657304,0,4.1376026448,D5489490,PXMG,02/23/2026 2:15:58 AM,BPD444,8M5CL,8M5CL,05/06/2026 6:35:41 PM,8M5CL,D1D,1,7736252
D548949,501,KJ69H501WFF1,0.7846174412,0,0,0,0,0,0.0841075178,0,0,0,0,0,0,0,0,1.0995635752,0.9962574093,1.572436506,1.5580369653,6.0950194148,D5489490,PXMG,02/23/2026 2:15:58 AM,BPD444,8M5CL,8M5CL,05/06/2026 5:35:37 PM,8M5CL,D1D,2,7736370
D548949,502,KJ69H502WFC0,0,0,0,0,0,0,0.3411237998,1.0959893004,0.8575399993,0,0,0,0,0,0,2.7377806389,0,2.5236479984,0,7.5560839359,D5489490,PXMG,02/23/2026 2:15:58 AM,BPD444,8M5CL,8M5CL,05/06/2026 8:08:50 PM,8M5CL,D1D,3,7736269
D548949,522,KJ69H522WFD5,0,0,0,0,0,0,0.3062993157,1.1064685341,0,0,0,0,0,0,0,0,0,0,3.1080461651,4.5208140149,D5489490,PXMG,02/23/2026 2:15:58 AM,BPD444,8M5CL,8M5CL,05/06/2026 5:09:22 PM,8M5CL,D1D,4,7736342
D548522,18,A22WG018SLF4,0,0,0,0,0,0,0.2062946575,0,0,0,0,0,0,0,0,2.0648005086,1.1588097226,0,0,3.4299048888,D5485220,PXMG,02/28/2026 4:22:40 AM,BPD454,8M5CL,8M5CL,04/06/2026 9:21:24 PM,8M5CL,D1D,1,7708800
D548522,19,A22WG019SLC3,2.1621187776,0,0,0,0,0,0,0,0,0,0,0,0,0,0,0,0,1.9218838509,0,4.0840026285,D5485220,PXMG,02/28/2026 4:22:40 AM,BPD454,8M5CL,8M5CL,04/06/2026 11:45:00 AM,8M5CL,D1D,2,7708909
D548948,16,KJ6GQ016WFG7,1.2350475227,0,0,0,0,0,0,0,1.4398951003,0,0,0,0,0,0,1.8522139125,0,2.6022081638,1.4553951295,8.5847598287,D5489480,PXMG,03/07/2026 4:50:38 AM,BPD448,8M5CL,8M5CL,05/04/2026 11:57:37 PM,8M5CL,D1D,1,7736281
D548948,234,KJ6GQ234WFF5,2.7658425534,0,0,0,0,0,0,0,0.8889755013,0,0,0,0,0,0,4.9889223763,0,19.761673035,0,27.833240706,D5489480,PXMG,03/07/2026 4:50:38 AM,BPD448,8M5CL,8M5CL,05/05/2026 6:34:26 AM,8M5CL,D1D,2,7736204
D548948,507,KJ6GR507WFC5,1.9107680267,0,0,0,0,0,0,0,0,0,0,0,0,0,0,2.4543562368,0,3.119308835,0,7.4844330985,D5489480,PXMG,03/07/2026 4:50:38 AM,BPD448,8M5CL,8M5CL,05/05/2026 3:10:31 AM,8M5CL,D1D,3,7736246
D548948,519,KJ6GR519WFA7,2.6855276621,0,0,0,0,0,0,1.2487796483,1.3238636018,0,0,0,0,0,1.4860215117,3.367533399,0,7.2527358348,0.8652814941,17.516539889,D5489480,PXMG,03/07/2026 4:50:38 AM,BPD448,8M5CL,8M5CL,05/05/2026 4:37:22 AM,8M5CL,D1D,4,7736352
D550188,312,5DWZH312MVB3,0,0,0,0,0,0,0,0,0,0,0,0,0,0,0,0,0,9.8212126464,0,9.8212126464,D5501880,PXMG,03/04/2026 1:41:52 AM,BPD444,8M5CL,8M5CL,04/08/2026 2:13:03 PM,8M5CL,D1D,1,7782515
D550188,320,5DWZH320MVE6,0,0,0,0,0,0,0,0,0,0,0,0,0,0,0,1.8880874195,0,2.1136757428,0,4.0017631623,D5501880,PXMG,03/04/2026 1:41:52 AM,BPD444,8M5CL,8M5CL,07/01/2026 8:22:04 AM,8M5CL,D1D,2,7782636
D550963,251,GT6QX251JKC3,0,0,0,0,0,0,0,0,3.5170623126,0,0,0,0,0,0,7.3610918243,0,5.7520174729,0.7863857669,15.198475638,D5509630,PXMG,03/13/2026 3:54:25 AM,BPD454,8M5CL,8M5CL,06/07/2026 3:25:22 AM,8M5CL,D1D,1,7796433
D550963,252,GT6QX252JKG5,0,0,0,0,0,0,0.6469128989,0,0,0,0,0,0,0,0,5.9939039849,0.6117431389,1.7288008672,0,8.9813608899,D5509630,PXMG,03/13/2026 3:54:25 AM,BPD454,8M5CL,8M5CL,06/09/2026 1:19:34 AM,8M5CL,D1D,2,7796437
D550959,275,KJ7KG275WFB1,0,0,0,0,0,0,0.387389802,0,0.614143741,0,0,0,0,0,0,0,0,4.013899718,0,5.015433261,D5509590,PXMG,03/12/2026 2:29:41 PM,BPD454,8M5CL,8M5CL,07/01/2026 6:58:25 AM,8M5CL,D1D,1,7794029
D550959,352,KJ7JC352WFD4,0,0,0,0,0,0,0,2.3050707553,0,0,0,0,0,0,0,0,0,7.2933795521,0,9.5984503074,D5509590,PXMG,03/12/2026 2:29:41 PM,BPD454,8M5CL,8M5CL,07/01/2026 1:58:57 AM,8M5CL,D1D,2,7794039
D548535,350,KJ6GY350WFH1,1.4380763539,0,0,0,0,0,0.6486480752,4.4798999195,0,0,0,0,0,0,0,2.2508316489,0,0.9552003001,0,8.5906119255,D5485350,PXMG,03/12/2026 5:33:32 AM,BPD448,8M5CL,8M5CL,06/07/2026 8:11:12 PM,8M5CL,D1D,1,7712218
D548535,392,KJ6GY392WFE1,0,0,0,0,0,0,0,3.1297391686,1.6085304925,0,0,0,0,0,0,3.654642118,1.2665424034,2.9985607143,0,12.658014897,D5485350,PXMG,03/12/2026 5:33:32 AM,BPD448,8M5CL,8M5CL,05/21/2026 10:56:14 AM,8M5CL,D1D,2,7712308
D550176,350,KJ7KN350WFC1,0,0,0,0,0,0,0.3809492864,1.2978723434,0,0,0,0,0,0,0,1.8146052291,0,2.7077658263,0.7811372585,6.9823299436,D5501760,PXMG,03/12/2026 9:00:36 PM,BPD448,8M5CL,8M5CL,07/01/2026 5:39:52 AM,8M5CL,D1D,1,7777291
D550176,353,KJ7KN353WFA1,0.7616891124,0,1.2673370841,0,0,0,0.1721732453,0,0,0,0,0,0,0,0,1.7985004209,0,2.6167293633,0,6.6164292259,D5501760,PXMG,03/12/2026 9:00:36 PM,BPD448,8M5CL,8M5CL,04/08/2026 2:10:49 PM,8M5CL,D1D,2,7777428
D548525,49,GT4TS049JKA1,0,0,0,0,0,0,0,0,10.004638945,0,0,0,0,0,0,0,0,2.5886003374,0.4910243396,13.084263622,D5485250,PXMG,03/12/2026 8:42:15 PM,BPD448,8M5CL,8M5CL,07/01/2026 1:16:26 PM,8M5CL,D1D,1,7708997
D548525,51,GT4TS051JKA1,0,0,0,0,0,0,0.2653531394,2.8145888155,0,0,0,0,0,0,0,0,0,2.3526142737,0.4879624958,5.3570684668,D5485250,PXMG,03/12/2026 8:42:15 PM,BPD448,8M5CL,8M5CL,07/01/2026 1:41:54 PM,8M5CL,D1D,2,7709062
D550170,73,A23M2073SLE6,0,0,0,0,0,0,0,2.3233004474,1.391625755,0,0,0,0,0,0,1.7901225062,0,5.725443775,0,11.230492484,D5501700,PXMG,03/12/2026 9:55:07 PM,BPD454,8M5CL,8M5CL,07/01/2026 5:24:29 AM,8M5CL,D1D,1,7777562
D550170,74,A23M2074SLB5,0,0,0,0,0,0,0.5179732399,2.0197453015,2.9686668582,0,0,0,0,0,0,9.4460956638,0,0.9191662507,0,15.871647314,D5501700,PXMG,03/12/2026 9:55:07 PM,BPD454,8M5CL,8M5CL,06/30/2026 6:31:30 PM,8M5CL,D1D,2,7777367
D550187,326,GT4TS326JKF2,0,0,0,0,0,0,0,4.1232804889,0,0,0,0,0,0,0,2.2286372256,0,2.1439918472,0.9523435268,9.4482530884,D5501870,PXMG,03/10/2026 11:23:47 AM,BPD450,8M5CL,8M5CL,04/20/2026 11:54:45 PM,8M5CL,D1D,1,7782366
D550187,327,GT4TS327JKC1,0,0,0,0,0,0,0,0,0,0,0,0,0,0,0,2.2060828608,0,8.2689063225,1.1272621679,11.151840816,D5501870,PXMG,03/10/2026 11:23:47 AM,BPD450,8M5CL,8M5CL,04/20/2026 7:51:43 AM,8M5CL,D1D,2,7782204
D548531,260,KJ6GP260WFB6,1.2903466481,0,0,0,0,0,0.7105096421,3.0553245133,3.0087342579,0,1.7774341884,0,0,0,0,2.0196089505,0,3.0234337749,0,14.408506568,D5485310,PXMG,03/09/2026 4:22:05 PM,BPD454,8M5CL,8M5CL,07/01/2026 2:01:56 PM,8M5CL,D1D,1,7712324
D548531,336,KJ6GP336WFF4,0,0,0,0,0,0,0,0,0.6087412178,0,0,0,0,0,0,2.7210820404,0,4.9310677693,0,8.2608910275,D5485310,PXMG,03/09/2026 4:22:05 PM,BPD454,8M5CL,8M5CL,07/01/2026 3:01:46 PM,8M5CL,D1D,2,7712426
D548531,339,KJ6GP339WFD4,0,0,0,0,0,0,0,1.5343187695,0,0,0,0,0,0,0,0,0,2.2088540513,0,3.743170602,D5485310,PXMG,03/09/2026 4:22:05 PM,BPD454,8M5CL,8M5CL,07/01/2026 6:47:54 AM,8M5CL,D1D,3,7712455
D548531,346,KJ6GP346WFC5,0,0,1.2561885246,0,0,0,0.4328044496,0,0,0,0,0,0,0,0,0.7246395638,0.9586354655,0,1.043744877,4.4160128806,D5485310,PXMG,03/09/2026 4:22:05 PM,BPD454,8M5CL,8M5CL,07/01/2026 4:38:54 AM,8M5CL,D1D,4,7712358
D549126,104,GT5VX104JKG5,1.1389706528,0,0,0,0,0,0,0,2.6557655152,0,0,0,0,0,0,1.7081260978,0,6.711767784,6.71233518,18.92696523,D5491260,PXMG,03/08/2026 6:19:58 AM,BPD444,8M5CL,8M5CL,04/08/2026 2:12:27 PM,8M5CL,D1D,1,7744938
D549126,105,GT5VX105JKD4,0,0,0,0,0,0,0.4259956585,0,0,0,0,0,0,0,0,0,0,0.7632422215,0,1.1892378801,D5491260,PXMG,03/08/2026 6:19:58 AM,BPD444,8M5CL,8M5CL,04/08/2026 2:12:20 PM,8M5CL,D1D,2,7745095
D548537,176,GT4TS176JKA0,0,0,0,0,0,0,0,1.8707532494,0,0,0,0,0,0,0,4.6963505269,0,3.3456443721,0,9.9127481484,D5485370,PXMG,03/08/2026 7:40:56 PM,BPD432,8M5CL,8M5CL,05/07/2026 9:12:43 PM,8M5CL,D1D,1,7712547
D548537,177,GT4TS177JKE2,0,0,0,0,0,0,0,0.7717044478,14.761288719,0,0,0,0,0,0,2.8208389706,0.5929637694,4.6629218535,0,21.903505305,D5485370,PXMG,03/08/2026 7:40:56 PM,BPD432,8M5CL,8M5CL,07/01/2026 5:06:54 AM,8M5CL,D1D,2,7712554
D549586,70,A22JR070SLA4,0,0,0,0,0,0,0.1564038244,0,1.2831063744,0,0,0,0,0,0,0,0,2.3188567005,0,3.7583668994,D5495860,PNCB,03/14/2026 10:33:41 PM,BPD458,8M5CL,8M5CL,05/07/2026 10:52:14 PM,8M5CL,D1D,1,7750150
D549586,74,A22JR074SLC6,0,0,0,0,0,0,0.2146302481,0,0,0,0,0,0,0,0,0.7002046214,0,0.7310178748,0,1.6458527443,D5495860,PNCB,03/14/2026 10:33:41 PM,BPD458,8M5CL,8M5CL,05/08/2026 11:40:38 AM,8M5CL,D1D,2,7750048
D550180,26,A22SS026SLB3,0,0,0,0,0,0,0.2398392016,3.9946993011,0,0,0,0,2.0398768662,0,0,4.7377682414,0,2.2188309499,2.6731656616,15.904182421,D5501800,PXMG,03/19/2026 7:47:56 PM,BPD436,8M5CL,8M5CL,07/01/2026 6:54:16 AM,8M5CL,D1D,1,7779576
D550180,28,A22SS028SLC4,0.7513841518,0,0,0,0,0,0.8737305804,4.6513239095,0.9737770236,0,0,0,0,0,0,5.3533643955,0,8.6164218494,0,21.219999711,D5501800,PXMG,03/19/2026 7:47:56 PM,BPD436,8M5CL,8M5CL,07/01/2026 3:26:02 AM,8M5CL,D1D,2,7779650
D550180,31,A22SS031SLG6,2.191146388,0,0,0,0,0,0,0,0.6459957914,0,0,0,0,0,0,0,0,0.9513126486,1.0714034872,4.8598583152,D5501800,PXMG,03/19/2026 7:47:56 PM,BPD436,8M5CL,8M5CL,07/01/2026 7:03:30 AM,8M5CL,D1D,3,7779670
D550180,32,A22SS032SLD5,2.1491775834,0,0,0,0,0,0,1.1926291679,0,0,0,0,1.3725597007,0,0,2.0012477496,20.496554318,10.889472113,0,37.413211055,D5501800,PXMG,03/19/2026 7:47:56 PM,BPD436,8M5CL,8M5CL,07/01/2026 7:04:56 AM,8M5CL,D1D,4,7779635
D550175,113,KJ7JD113WFG5,0,0,0,0,0,0,0.4733055826,0,0.8441414596,0,0,0,0,0,0,7.4654607606,0,0,0.6315807196,9.4144907412,D5501750,PXMG,03/19/2026 4:08:20 AM,BPD450,8M5CL,8M5CL,06/02/2026 5:16:33 AM,8M5CL,D1D,1,7777360
D550175,336,KJ7HW336WFF5,0,0,0,0,0,0,0,4.7916224861,0,0,0,0,0,0,0,0,0,0,0,4.7916224861,D5501750,PXMG,03/19/2026 4:08:20 AM,BPD450,8M5CL,8M5CL,07/01/2026 5:55:27 AM,8M5CL,D1D,2,7777449
D550157,66,A22SS066SLE5,0,0,0,0,0,0,0.7113959236,0.756748024,0,0,0,0,0,0,0,3.7625837237,0,0,0,5.2307276713,D5501570AS,PXMG,03/19/2026 12:33:17 AM,BPD444,8M5CL,8M5CL,06/30/2026 6:11:21 PM,8M5CL,D1D,1,8283829
D550157,68,A22SS068SLF6,0,0,0,0,0,0,0,0,0,0,0,0,0,0,0,0,0,3.1563056206,0,3.1563056206,D5501570AS,PXMG,03/19/2026 12:33:17 AM,BPD444,8M5CL,8M5CL,06/30/2026 5:55:33 PM,8M5CL,D1D,2,8283846
D550157,115,A22SS115SLG4,0,0,0,0,0,0,0.3917096642,1.3584779678,1.7163609142,0,0,0,0,0,0,2.2078467491,0,1.9557083499,0,7.6301058639,D5501570AS,PXMG,03/19/2026 12:33:17 AM,BPD444,8M5CL,8M5CL,06/30/2026 6:40:53 PM,8M5CL,D1D,3,8283827
D550157,117,A22SS117SLA2,0,0,0,0,0,0,0.6164867172,0,0,0,0,0,0,0,0,1.8689516716,6.6401074846,0.8277583765,0,9.9533042499,D5501570AS,PXMG,03/19/2026 12:33:17 AM,BPD444,8M5CL,8M5CL,06/30/2026 5:41:29 PM,8M5CL,D1D,4,8283833
D550167,503,GT4TT503JKE2,0,0,0,0,0,0,0,2.230025148,0,0,0,0,0,0,0,0,0,36.625475956,0,38.855501104,D5501670AT,PXMG,03/19/2026 1:50:54 AM,BPD450,8M5CL,8M5CL,06/30/2026 5:58:12 PM,8M5CL,D1D,1,8282335
D550167,504,GT4TT504JKB1,0,0,0,0,0,0,0,2.9946901054,0,0,0,0,0,0,0,3.0716140588,0.6456791423,5.5023806389,0.3484801559,12.292180778,D5501670AT,PXMG,03/19/2026 1:50:54 AM,BPD450,8M5CL,8M5CL,05/13/2026 1:55:47 AM,8M5CL,D1D,2,8282387
D550167,505,GT4TT505JKF3,0,0,0,0,0,0,0,0,0,0,0,0,0,0,0,0,0,1.592824392,0,1.592824392,D5501670AT,PXMG,03/19/2026 1:50:54 AM,BPD450,8M5CL,8M5CL,06/30/2026 6:10:16 PM,8M5CL,D1D,3,8282384
D550167,507,GT4TT507JKG4,6.1682817931,0,0,0.4670820523,0,0,0,0,1.5073412632,0,6.331327194,0,0,0,0,6.7241195972,1.0881925974,11.196528205,0.8285637746,29.757079173,D5501670AT,PXMG,03/19/2026 1:50:54 AM,BPD450,8M5CL,8M5CL,06/30/2026 5:43:20 PM,8M5CL,D1D,4,8282407
D550157,52,A22SS052SLF2,0,0,0,0,0,0,0,8.6914104984,1.5469680181,0,0,0,0,0,0,6.5617684939,0,0,0,15.666282922,D5501570,PXMG,03/18/2026 2:10:50 PM,BPD432,8M5CL,8M5CL,06/30/2026 6:06:24 PM,8M5CL,D1D,1,7768997
D550157,60,A22SS060SLB2,0,0,0,0,0,0,0.2398106118,6.6421649993,2.8672898931,0,0,0,0,0,0,4.4707006257,0,10.048806649,0,23.894025263,D5501570,PXMG,03/18/2026 2:10:50 PM,BPD432,8M5CL,8M5CL,06/30/2026 6:24:31 PM,8M5CL,D1D,2,7769111
D549123,18,MCK3P018WAH1,0,0,0,0,0,0,0.390786351,2.7125403103,1.5050136966,0,0,0,0,0,0,0,0,0.9755495865,0,5.5838899444,D5491230,PXMG,03/19/2026 11:34:21 AM,BPD442,8M5CL,8M5CL,05/24/2026 4:46:40 PM,8M5CL,D1D,1,7744781
D549123,39,MCK3P039WAF5,0,0,0,0,0,0,0.8963059592,2.8656306391,0,0,0,0,0,0,0,0,0,0,0,3.7619365983,D5491230,PXMG,03/19/2026 11:34:21 AM,BPD442,8M5CL,8M5CL,05/24/2026 8:57:14 PM,8M5CL,D1D,2,7744849
D550167,501,GT4TT501JKD1,0,0,0,0,0,0,0,0.7634640943,0,0,0,0,0,0,0,3.8581450553,0,5.8767432331,0.7363956201,11.234748003,D5501670,PXMG,03/18/2026 2:14:10 PM,BPD450,8M5CL,8M5CL,06/30/2026 5:55:41 PM,8M5CL,D1D,1,7774273
D550167,502,GT4TT502JKA0,0,0,0,0,0,0,0,0,1.121146059,0,0,0,0,0,0,0,0,4.3010997804,1.3443218494,6.7665676888,D5501670,PXMG,03/18/2026 2:14:10 PM,BPD450,8M5CL,8M5CL,06/30/2026 5:39:29 PM,8M5CL,D1D,2,7774266
D550171,102,A23Z5102SLA7,1.2685788715,0,0,0,0,0,0.2473956857,0,0,0,0,0,0,0,0,0,1.0677228593,5.3471824173,0,7.9308798339,D5501710,PXMG,03/15/2026 6:00:31 AM,BPD436,8M5CL,8M5CL,06/30/2026 7:49:58 PM,8M5CL,D1D,1,7777511
D550171,103,A23Z5103SLF1,0,0,0,0,0,0,0,1.9306300743,0,0,0,0,0,0,0,2.9502440268,0,4.2588294718,0,9.1397035729,D5501710,PXMG,03/15/2026 6:00:31 AM,BPD436,8M5CL,8M5CL,06/30/2026 7:11:15 PM,8M5CL,D1D,2,7777435
D550173,85,A22G8085SLA1,2.691331853,0,0,0,0,0,0.2436140485,1.127082451,0,0,0,0,0,0,0,0,0,0,0,4.0620305712,D5501730,PXMG,03/20/2026 2:56:47 PM,BPD450,8M5CL,8M5CL,07/01/2026 5:46:04 AM,8M5CL,D1D,1,7777551
D550173,86,A22G8086SLE3,0,0,0,0.4908130013,0,0,0.3478445843,1.9052258599,3.8939777005,0,0,0,0,0,0,4.0749836468,0,5.2521017894,0,15.964948781,D5501730,PXMG,03/20/2026 2:56:47 PM,BPD450,8M5CL,8M5CL,04/08/2026 2:09:39 PM,8M5CL,D1D,2,7777524
D549648,63,GT8DH063JKF3,0,0,0,0,0,0,0.0885671599,0,0,0,0,0,0,0,0,1.8692911369,0,1.4033650416,4.1057594693,7.4669828076,D5496480,PXMG,03/27/2026 2:43:08 AM,BPD436,8M5CL,8M5CL,06/30/2026 7:00:28 PM,8M5CL,D1D,1,7755298
D549648,66,GT8DH066JKD3,0,0,0,0,0,0,0.2221201698,0,0,0,0,0,0,0,0,0,0,1.1556846458,0.4554563085,1.8332611241,D5496480,PXMG,03/27/2026 2:43:08 AM,BPD436,8M5CL,8M5CL,06/30/2026 6:36:08 PM,8M5CL,D1D,2,7755486
D549116,13,MCK3P013WAA5,0,0,0,0,0,0,0.679889071,0,2.8109811648,0,0,0,0,0,0,2.7408605044,1.601850175,0,0,7.8335786965,D5491160,PXMG,03/26/2026 3:50:14 AM,BPD454,8M5CL,8M5CL,06/15/2026 9:31:01 PM,8M5CL,D1D,1,7742239
D549116,17,MCK3P017WAC7,0,0,0,0,0,0,0.0816491679,0,0,0,0,0,0,0,0,0,0.9671432685,0.7632422215,0.4594984421,2.2715331,D5491160,PXMG,03/26/2026 3:50:14 AM,BPD454,8M5CL,8M5CL,07/04/2026 2:49:51 PM,8M5CL,D1D,2,7742220
D548528,244,KJ69G244WFB2,0.8585934207,0,0,0,0,0,2.6227685744,0,2.837385041,0,0,0,0,0,0,0,1.0901855862,4.449781744,0,11.620572954,D5485280,PXMG,03/23/2026 9:51:57 AM,BPD432,8M5CL,8M5CL,07/01/2026 2:03:46 PM,8M5CL,D1D,1,7709197
D548528,258,KJ69G258WFA5,0,0,0,0,0,0,0,2.7836231631,0,0,0,0,0,0,0,0,0,3.0855196612,0,5.8691428242,D5485280,PXMG,03/23/2026 9:51:57 AM,BPD432,8M5CL,8M5CL,07/01/2026 1:03:51 PM,8M5CL,D1D,2,7709224
D549600,21,KJ67E021WFE0,0,0,0,0,0,0,0.4242206766,2.6421337918,1.4004962271,0,0,0,0,0,0,0,0.9671432685,0,0,4.763155082,D5496000,PXMG,03/24/2026 10:32:33 AM,BPD432,8M5CL,8M5CL,06/07/2026 5:27:29 PM,8M5CL,D1D,1,7738620
D549600,175,KJ67E175WFF6,0,0,0,0,0,0,0.4779138794,0.7634640943,0,0,0,0,0,0,0,0,0,0,0.7363956201,1.9777735938,D5496000,PXMG,03/24/2026 10:32:33 AM,BPD432,8M5CL,8M5CL,06/07/2026 11:51:25 PM,8M5CL,D1D,2,7738629
D548533,563,KJ6GR563WFF2,0,0,0,0,0,0,0,1.1792469506,0,0,0,0,0,0,0,0,0,10.60141227,0.5098591163,12.290518337,D5485330,PXMG,03/22/2026 1:39:02 AM,BPD448,8M5CL,8M5CL,05/22/2026 7:55:01 AM,8M5CL,D1D,1,7712702
D548533,609,KJ6GR609WFC7,0,0,0,0,0,0,0.191269832,0,0.682265328,0,0,0,0,0,0,0,0,3.5375211979,0,4.4110563579,D5485330,PXMG,03/22/2026 1:39:02 AM,BPD448,8M5CL,8M5CL,05/23/2026 6:38:41 AM,8M5CL,D1D,2,7712640
D549124,666,GU6EW666JDA2,0,0,0,0,0,0,0.7048092908,2.5950673302,4.2509907897,0,0,0,0,0,0,12.476124868,0.9952786958,11.558130796,0.6356639417,31.675341251,D5491240,PXMG,03/22/2026 12:53:33 AM,BPD454,8M5CL,8M5CL,04/08/2026 2:09:48 PM,8M5CL,D1D,1,7744986
D549124,669,GU6EW669JDF5,0,0,0,0,0,0,0,0.8644539088,0,0,1.7922169849,0,0,0,0,6.2136836117,0,6.3483736765,0.8338044087,15.404917128,D5491240,PXMG,03/22/2026 12:53:33 AM,BPD454,8M5CL,8M5CL,05/24/2026 1:58:38 AM,8M5CL,D1D,2,7744959
D549121,332,KJ6GY332WFG5,0,0,0,0,0,0,0.513735363,0,1.3278827576,0,0,0,0,0,0,0,0,7.6954742389,0.3138272102,9.8509195697,D5491210,PXMG,03/22/2026 11:40:02 AM,BPD450,8M5CL,8M5CL,05/28/2026 6:11:46 AM,8M5CL,D1D,1,7742379
D549121,334,KJ6GY334WFA3,0,0,0,0,0,0,0.6500665654,2.043410996,3.357500311,0,0,0,0,0,0,2.1355380855,0,4.0530597263,1.5221565354,13.76173002,D5491210,PXMG,03/22/2026 11:40:02 AM,BPD450,8M5CL,8M5CL,05/28/2026 8:03:59 AM,8M5CL,D1D,2,7742345
D548534,21,KJ6GQ021WFE7,0,0,0,0,0,0,0.3962647115,1.0627704189,1.2282874821,0,0,0,0,0,0,0,0,2.8237743469,0,5.5110969595,D5485340,PXMG,03/23/2026 7:25:49 AM,BPD432,8M5CL,8M5CL,05/26/2026 1:07:25 AM,8M5CL,D1D,1,7712369
D548534,42,KJ6GQ042WFD3,0,0,0,0,0,0,0.193299528,0,0.9453280482,0,0,0,0,0,0,3.1331589395,0.6586170924,0,0,4.930403608,D5485340,PXMG,03/23/2026 7:25:49 AM,BPD432,8M5CL,8M5CL,04/08/2026 2:09:08 PM,8M5CL,D1D,2,7712450
D549122,286,5DWYB286MVB2,0,0,0,0,0,0,0.1817316855,1.1191931609,0,0,0,0,0,0,0,1.1266880672,0,4.0980907421,0,6.5257058548,D5491220,PXMG,03/28/2026 4:14:14 PM,BPD454,8M5CL,8M5CL,06/15/2026 9:22:50 PM,8M5CL,D1D,1,7742443
D549122,299,5DWYB299MVD6,0,0,0,0,0,0,0,0,3.3582568998,0,0,0,0,0,0,0,0,2.5400390511,0,5.8982959509,D5491220,PXMG,03/28/2026 4:14:14 PM,BPD454,8M5CL,8M5CL,06/15/2026 3:26:44 PM,8M5CL,D1D,2,7742528
D550165,76,KJ7KY076WFG4,0,0,0,0,0,0,0.2106842799,0,1.3278827576,0,0,0,0,0,0,0,3.9504468055,14.166956382,0,19.655970225,D5501650,PXMG,03/28/2026 11:56:16 PM,BPD454,8M5CL,8M5CL,06/29/2026 9:30:38 PM,8M5CL,D1D,1,7774378
D550165,88,KJ7KY088WFE6,0,0,0,0,0,0,0,2.294848829,0,0,0,0,0,0,0,0,0,0.9590907018,0,3.2539395309,D5501650,PXMG,03/28/2026 11:56:16 PM,BPD454,8M5CL,8M5CL,06/29/2026 5:47:01 PM,8M5CL,D1D,2,7774359
D551240,504,GT5JE504JKE2,0,0,0,1.2388917411,0,0,0.2764978264,0.7344964213,2.1479152371,0,0,0,0,0,1.2729816891,6.5802924363,0,2.9872633746,0.5669562354,15.805292762,D5512400,PXMG,04/04/2026 2:42:32 PM,BPD444,8M5CL,8M5CL,04/08/2026 2:06:22 PM,8M5CL,D1D,1,7805113
D551240,505,GT5JE505JKB1,0,0,0,0.1346678776,0,0,0.4564232859,0,22.287274144,0,0,0,0,0,0,12.611317474,3.3135939175,1.1873808052,0,39.504882673,D5512400,PXMG,04/04/2026 2:42:32 PM,BPD444,8M5CL,8M5CL,07/02/2026 8:20:31 AM,8M5CL,D1D,2,7805020
D551240,507,GT5JE507JKC2,2.5181091496,0,0,0,0,0,0.7563464168,1.1260041495,2.2327186831,0,0,0,0,0,0,0,0,4.3215950509,0,10.95477345,D5512400,PXMG,04/04/2026 2:42:32 PM,BPD444,8M5CL,8M5CL,07/02/2026 10:18:21 AM,8M5CL,D1D,3,7805036
D551240,508,GT5JE508JKG4,0,0,0,0,0,0,0.1706586651,1.0534213993,0.5583793179,0,0,0,0,0.9566561768,0,1.7081260978,0,0.8222844701,0.5418852459,5.811411373,D5512400,PXMG,04/04/2026 2:42:32 PM,BPD444,8M5CL,8M5CL,07/02/2026 9:24:33 AM,8M5CL,D1D,4,7804964
D550172,22,MCK3P022WAA7,0,0,0,0,0,0,0.185388971,5.9791604838,0,0,0,0,0,0,0,4.1053063488,0,3.4503509404,1.458023185,15.178229929,D5501720,PXMG,04/04/2026 11:16:00 PM,BPD432,8M5CL,8M5CL,07/02/2026 8:32:29 AM,8M5CL,D1D,1,7777450
D550172,46,MCK3P046WAE6,0,0,0,0,0,0,0.1618618267,5.3293908116,0,0,0,0,0,0,0,0.7246395638,0,1.5788125732,0,7.7947047753,D5501720,PXMG,04/04/2026 11:16:00 PM,BPD432,8M5CL,8M5CL,07/02/2026 9:37:22 AM,8M5CL,D1D,2,7777403
D550172,178,MCK3P178WAD6,0,0,0,0,0,0,0.3901859668,0.9743334236,0,0,0,0,0,0,0,3.1322528652,0,0,0,4.1757294387,D5501720AK,PXMG,04/04/2026 11:04:42 PM,BPD458,8M5CL,8M5CL,07/02/2026 9:52:13 AM,8M5CL,D1D,1,8379204
D550172,212,MCK3P212WAC0,0,0,0,0,0,0,0.1805485107,0,0,0.4885983972,0,0,0,0,0,0,1.0141918984,1.6856655701,0,3.3690043765,D5501720AK,PXMG,04/04/2026 11:04:42 PM,BPD458,8M5CL,8M5CL,07/02/2026 8:39:55 AM,8M5CL,D1D,2,8379189
D550172,229,MCK3P229WAG6,0,0,0,0,0,0,0,1.110251185,0,0,0,0,0,0,0,1.800273184,0,4.6139123843,0,7.5244367533,D5501720AK,PXMG,04/04/2026 11:04:42 PM,BPD458,8M5CL,8M5CL,07/02/2026 9:36:21 AM,8M5CL,D1D,3,8379168
D550172,239,MCK3P239WAD7,0,0,0,0,0,0,0,0.8103480227,0,0,0,0,1.6410661816,0,0,1.1329798284,0,3.5485216483,0,5.9067115839,D5501720AK,PXMG,04/04/2026 11:04:42 PM,BPD458,8M5CL,8M5CL,07/02/2026 9:38:20 AM,8M5CL,D1D,4,8379188
D548536,126,GT4TS126JKH0,0,0,0,0,0,0,0,0,0,0,0,0,0,0,0,0,0,1.980918256,1.3353644687,3.3162805255,D5485360,PXMG,04/04/2026 7:31:39 AM,BPD450,8M5CL,8M5CL,06/23/2026 8:07:24 AM,8M5CL,D1D,1,7712748
D548536,128,GT4TS128JKA6,0,0,0,0,0,0,0.1799789154,0,0,0,0,0,0,0,0,1.8014143699,0,2.5322337127,0,4.513626998,D5485360,PXMG,04/04/2026 7:31:39 AM,BPD450,8M5CL,8M5CL,06/19/2026 10:06:40 PM,8M5CL,D1D,2,7712788
D550166,112,KJ7KY112WFF7,0,0,1.2803160531,0,0,0,0,0,0,0,0,0,0,0,0,5.5215269577,0.6193128184,5.8935342579,0,13.314687888,D5501660,PXMG,04/03/2026 4:50:25 AM,BPD436,8M5CL,8M5CL,04/08/2026 2:06:56 PM,8M5CL,D1D,1,7774558
D550166,123,KJ7KY123WFH2,0,0,0,0,0,0,0.2444394151,0.8327860128,0,0,0,0,0,0,0,0,0,1.8098137118,0,2.8870391397,D5501660,PXMG,04/03/2026 4:50:25 AM,BPD436,8M5CL,8M5CL,06/29/2026 4:57:35 PM,8M5CL,D1D,2,7774689
D550166,286,KJ7KY286WFB7,0,0,0,0,0,0,0,2.1992096019,0,0,0,0,0,0,0,0,0,0,0,2.1992096019,D5501660,PXMG,04/03/2026 4:50:25 AM,BPD436,8M5CL,8M5CL,07/02/2026 9:27:33 AM,8M5CL,D1D,3,7774643
D550166,313,KJ7KY313WFB0,0,0,0,0,0,0,0.2240914662,1.0627704189,0.614143741,0,0,0,0,0,0,0,0,2.4224065624,0.6176937049,4.9411058935,D5501660,PXMG,04/03/2026 4:50:25 AM,BPD436,8M5CL,8M5CL,07/02/2026 9:33:58 AM,8M5CL,D1D,4,7774624
D549649,90,GT8DH090JKG1,0,0,0,0,0,0,0.2651806938,1.2576400029,0,0,0,0,0,0,0,3.7624583687,0,5.5332619401,0,10.818541006,D5496490,PXMG,04/02/2026 10:56:25 AM,BPD432,8M5CL,8M5CL,06/29/2026 11:00:06 PM,8M5CL,D1D,1,7755387
D549649,91,GT8DH091JKD0,0,0,0,0,0,0,0.4674880794,3.9203559525,1.3973722589,0,0,0,0,0,0,1.7975130872,0,1.2161621369,0,8.7988915149,D5496490,PXMG,04/02/2026 10:56:25 AM,BPD432,8M5CL,8M5CL,06/29/2026 6:19:25 PM,8M5CL,D1D,2,7755340
D549649,92,GT8DH092JKH2,0,0,0,0,0,0,0.2791038898,0.7414239315,2.4334606118,0,0,0,0,0,0,0.9105453491,0,3.516993589,0,7.8815273712,D5496490,PXMG,04/02/2026 10:56:25 AM,BPD432,8M5CL,8M5CL,06/23/2026 1:32:43 PM,8M5CL,D1D,3,7755363
D549649,93,GT8DH093JKE1,1.6744491539,0,0,0,0,0,0.8312439973,3.097358965,0,0,0,0,0,0,0,1.5554698977,0,0,1.8697304449,8.3013618667,D5496490,PXMG,04/02/2026 10:56:25 AM,BPD432,8M5CL,8M5CL,06/30/2026 12:46:50 AM,8M5CL,D1D,4,7755378
D550158,61,A24EB061SLF1,1.9924837564,0,0,0,0,0,0.1997631204,0,13.306646669,0,0,0,0,0,0,27.049887856,0,26.221907607,0.8543986363,67.24220993,D5501580AQ,PXMG,04/02/2026 1:32:26 PM,BPD444,8M5CL,8M5CL,07/03/2026 12:25:53 AM,8M5CL,D1D,1,8363213
D550158,64,A24EB064SLD1,0,0,0,0,0,0,0,1.2450473287,0,0,0,0,0,0,0,10.841036721,0,1.3528723763,0,13.438956426,D5501580AQ,PXMG,04/02/2026 1:32:26 PM,BPD444,8M5CL,8M5CL,04/08/2026 2:07:17 PM,8M5CL,D1D,2,8363286
D550158,72,A24EB072SLG4,0,0,0,0,0,0,0.3451417557,0,0,0,0,0,0,0,0,4.2795783153,1.9387528103,0,0,6.5634750805,D5501580AQ,PXMG,04/02/2026 1:32:26 PM,BPD444,8M5CL,8M5CL,07/04/2026 6:16:21 AM,8M5CL,D1D,3,8363253
D550158,81,A22MG081SLG6,1.4132117537,0,0,0,0,0,0,0,1.5733883401,0,0,0,0,0,0,3.0185275809,1.1894553153,2.977596498,0,10.172179488,D5501580AQ,PXMG,04/02/2026 1:32:26 PM,BPD444,8M5CL,8M5CL,07/03/2026 11:01:52 PM,8M5CL,D1D,4,8363259
D550158,50,A23SY050SLA7,0,0,0,0,0,0,0,1.492196703,0,0,0,0,0,0,0,4.8865073844,0,2.3277006221,0,8.7064025102,D5501580,PXMG,04/02/2026 9:26:31 AM,BPD454,8M5CL,8M5CL,07/03/2026 11:11:03 AM,8M5CL,D1D,1,7768867
D550158,56,A24EB056SLH1,0,0,0,0,0,0,0,1.2036933914,0,0,0,0,0,0,0,1.951791924,0,5.1883554999,0.8340414447,9.17788226,D5501580,PXMG,04/02/2026 9:26:31 AM,BPD454,8M5CL,8M5CL,07/06/2026 5:14:09 AM,8M5CL,D1D,2,7768917
D550174,45,KJ7HA045WFA2,0,0,0,0,0,0,0,0,0.5633348839,0,0,0,0,0,0,5.1698566872,0,5.540384161,0,11.273575732,D5501740,PXMG,04/01/2026 10:13:38 PM,BPD432,8M5CL,8M5CL,07/05/2026 9:17:08 AM,8M5CL,D1D,1,7777173
D550174,53,KJ7HA053WFD5,0,0,0,0,0,0,0,0,0,0,0,0,0,0,0,2.758883227,0,4.6595737939,0,7.4184548022,D5501740,PXMG,04/01/2026 10:13:38 PM,BPD432,8M5CL,8M5CL,07/02/2026 2:30:50 AM,8M5CL,D1D,2,7777298
D550160,11,A23SY011SLB7,0,0,2.1854464774,0,0,0,0,0,0,0,0,0,0,0,0,0,0,2.3560666135,0,4.5415130909,D5501600,PXMG,03/31/2026 4:08:34 PM,BPD454,8M5CL,8M5CL,04/08/2026 2:07:36 PM,8M5CL,D1D,1,7772415
D550160,13,A23SY013SLD0,0,0,0,0,0,0,0,0,1.1774786249,0,0,0,0,0,0,2.4543562368,0,0,0,3.6318348617,D5501600,PXMG,03/31/2026 4:08:34 PM,BPD454,8M5CL,8M5CL,06/05/2026 2:36:02 AM,8M5CL,D1D,2,7772346
D550183,204,A22WG204SLE3,0,0,0,0,0,0,1.2318322782,2.9269456528,1.6617535641,0,0,0,0,0,0,1.3865246816,0,7.3683725995,0,14.575428776,D5501830,PXMG,04/01/2026 9:56:36 AM,BPD442,8M5CL,8M5CL,06/21/2026 9:09:15 PM,8M5CL,D1D,1,7779539
D550183,209,A22WG209SLD4,0.7616891124,0,0,0,0,0,0.8963658648,0,0,0,0,0,0,0,0,0,1.8193564583,3.1843175475,0.4594984421,7.1212274251,D5501830,PXMG,04/01/2026 9:56:36 AM,BPD442,8M5CL,8M5CL,06/22/2026 4:51:40 PM,8M5CL,D1D,2,7779511
D550183,214,A22WG214SLB4,0,0,0,0,0,0,0.3247858716,0,0,0,0,0,0,0,0,5.4435869694,0.6231746304,0,0,6.3915474715,D5501830,PXMG,04/01/2026 9:56:36 AM,BPD442,8M5CL,8M5CL,07/02/2026 8:04:59 AM,8M5CL,D1D,3,7779462
D550183,222,A22WG222SLE7,0,0,0,0,0,0,0.2326411885,2.4705590786,0,0,0,0,0,0,0,1.425780573,0,3.3224756989,0,7.4514565391,D5501830,PXMG,04/01/2026 9:56:36 AM,BPD442,8M5CL,8M5CL,06/21/2026 7:42:57 AM,8M5CL,D1D,4,7779519
D550164,563,5DWZC563MVC3,0,0,0,0,0,0,0,0,2.8159488954,0,0,0,0,0,0,5.2126315325,2.9285781538,6.3841550931,0,17.341311456,D5501640,PXMG,04/01/2026 1:02:03 AM,BPD436,8M5CL,8M5CL,06/18/2026 12:58:12 AM,8M5CL,D1D,1,7774726
D550164,564,5DWZC564MVG5,0,0,0,0,0,0,0,1.7800402518,4.9740117352,0,0,0,0,0,0,0,2.5782345799,3.4898113583,0,12.822095726,D5501640,PXMG,04/01/2026 1:02:03 AM,BPD436,8M5CL,8M5CL,06/19/2026 5:45:36 AM,8M5CL,D1D,2,7774562
D550164,570,5DWZC570MVB4,1.1778966628,0,0,0,0,0,0.1706586651,0,1.1167586358,0,0,0,0,0,0,0,0,0.756528103,0,3.2218420667,D5501640,PXMG,04/01/2026 1:02:03 AM,BPD436,8M5CL,8M5CL,06/19/2026 8:17:28 AM,8M5CL,D1D,3,7774662
D550164,572,5DWZC572MVC5,0,0,0,0,0,0,0.6416831784,0,2.6922284104,0,1.7590729874,0,0,0,0,1.9151552913,0,2.6906361827,0.8183852715,10.245244449,D5501640,PXMG,04/01/2026 1:02:03 AM,BPD436,8M5CL,8M5CL,06/18/2026 4:53:58 AM,8M5CL,D1D,4,7774808
D550165,226,KJ7KY226WFE3,0,0,0,0,0,0,0.2106842799,0,0,0,0,0,0,0,0,1.7081260978,0,0,0,1.9188103776,D5501650AM,PXMG,03/29/2026 12:20:16 AM,BPD444,8M5CL,8M5CL,06/29/2026 5:26:50 PM,8M5CL,D1D,1,8338815
D550165,244,KJ7KG244WFF4,0,0,0,0,0,0,0.2315767711,2.8556230862,0,0,0,0,0,1.2981450454,0,2.3178613583,0,7.4716496816,0,14.174858142,D5501650AM,PXMG,03/29/2026 12:20:16 AM,BPD444,8M5CL,8M5CL,06/30/2026 12:34:26 AM,8M5CL,D1D,2,8338841
D550165,252,KJ7KY252WFA7,0,0,0,0,0,0,0,0,0,0,0,0,0,0,0,2.7406110217,0.6550499744,0,0,3.395660996,D5501650AM,PXMG,03/29/2026 12:20:16 AM,BPD444,8M5CL,8M5CL,06/29/2026 11:43:04 PM,8M5CL,D1D,3,8338836
D550165,271,KJ7KY271WFF5,1.7172949984,0,0,0,0,0,0.3057406341,0,0,0,0,0,0,0,0,1.0674297465,0,1.6578331044,0,4.7482984834,D5501650AM,PXMG,03/29/2026 12:20:16 AM,BPD444,8M5CL,8M5CL,06/29/2026 9:10:20 PM,8M5CL,D1D,4,8338852
D551230,242,MCKLH242WAG3,0,0,0,0,0,0,0,0,0,0,0,0,0,0,0,3.3010557172,0,5.4758338948,0,8.776889612,D5512300,PNCB,04/09/2026 12:22:02 AM,BPD442,8M5CL,8M5CL,06/07/2026 6:03:41 PM,8M5CL,D1D,1,7813951
D551230,246,MCKLH246WAB2,0,0,0,0,0,0,0.4466859223,0,1.2831063744,0,0,0,0,0,0,0,0,0.7310178748,0,2.4608101716,D5512300,PNCB,04/09/2026 12:22:02 AM,BPD442,8M5CL,8M5CL,06/06/2026 5:23:24 AM,8M5CL,D1D,2,7814107
D550141,527,KJ7HE527WFE2,0,0,0,0,0,0,0.4481213976,4.9405287776,1.5253035337,0,0,0,0,0,0,2.9262746749,0,3.8756872088,1.221089074,13.751533303,D5501410,PNCB,04/07/2026 5:12:54 AM,BPD432,8M5CL,8M5CL,06/06/2026 5:38:00 PM,8M5CL,D1D,1,7768986
D550141,568,KJ7HE568WFE3,0,0,0,0,0,0,0,0.7791821775,0,0,0,0,0,0,0,0,0,0,1.503110879,2.2822930565,D5501410,PNCB,04/07/2026 5:12:54 AM,BPD432,8M5CL,8M5CL,06/06/2026 7:27:31 PM,8M5CL,D1D,2,7768956
D550179,251,GT2RM251JKB1,0,0,0,0,0,0,0.9206986481,1.2486265561,12.888283432,0,2.1492523775,0,0,0,0.3779757417,4.9965873905,0,0,1.1083763604,23.492382581,D5501790,PXMG,04/13/2026 2:58:25 AM,BPD436,8M5CL,8M5CL,07/05/2026 8:53:07 AM,8M5CL,D1D,1,7779492
D550179,252,GT2RM252JKF3,0,0,0,0,0,0,0.7850892381,7.3974791386,0,0,0,0,0,0,0,3.1778754684,0,1.5381535861,0,12.898597431,D5501790,PXMG,04/13/2026 2:58:25 AM,BPD436,8M5CL,8M5CL,07/02/2026 10:11:49 AM,8M5CL,D1D,2,7779465
D550168,102,A24QC102SLD1,0,0,0,0,0,0,0,0,1.3564372951,0,0,0,0,0,1.3560502342,9.5428432926,0,1.1805379135,2.2368424766,14.538009225,D5501680,PXMG,04/18/2026 1:37:08 PM,BPD436,8M5CL,8M5CL,04/19/2026 7:30:00 AM,8M5CL,D1D,1,7774057
D550168,103,A24QC103SLA0,0,0,0,0,0,0,0,0.8206872923,0,0,0,0,0,0,0,0,0,4.3004306103,1.0152319659,6.1363498686,D5501680,PXMG,04/18/2026 1:37:08 PM,BPD436,8M5CL,8M5CL,04/19/2026 7:30:12 AM,8M5CL,D1D,2,7774280
D550168,107,A24QC107SLC2,6.2566426114,0,0,0,0,0,1.4484451446,0,1.7913428063,0,0,0,0,0,0,3.6707979334,2.4327591444,14.768927797,1.9693490859,31.99953585,D5501680,PXMG,04/18/2026 1:37:08 PM,BPD436,8M5CL,8M5CL,04/19/2026 7:30:07 AM,8M5CL,D1D,3,7774134
D550168,109,A24QC109SLD3,0,0,0,0,0,0,0.2016645698,0,0.6598295567,0,0,0,0,0,0,3.7075689024,0,1.9418058041,3.3576179063,9.5510423183,D5501680,PXMG,04/18/2026 1:37:08 PM,BPD436,8M5CL,8M5CL,04/19/2026 7:25:25 AM,8M5CL,D1D,4,7774253
D550E80,313,5DWZH313MVF5,0.5305686903,0,0,0,0,0,0,0.8040874615,0,0,0,0,0,0,0,0,0,0.5093459427,0,1.8440020945,D550E800,X78E,04/20/2026 8:21:30 AM,BPD432,8M5CL,8M5CL,05/28/2026 7:30:55 PM,8M5CL,D1D,1,7796360
D550E80,319,5DWZH319MVB5,0,0,0,0,0,0,0,1.1603172226,1.8956939164,0,0,0,0,0,0,1.1877777601,1.5857670972,0,0,5.8295576941,D550E800,X78E,04/20/2026 8:21:30 AM,BPD432,8M5CL,8M5CL,05/28/2026 6:52:33 AM,8M5CL,D1D,2,7796388
D550E80,339,5DWZH339MVD2,0,0,0.982560582,0,0,0,0,0.8894198851,0,0,0,0,0,0,0,1.4429006537,0,0,0,3.3148811209,D550E800,X78E,04/20/2026 8:21:30 AM,BPD432,8M5CL,8M5CL,05/28/2026 8:12:29 AM,8M5CL,D1D,3,7796260
D550E80,345,5DWZH345MVF4,0,0,0,0,0,0,0,0,0.4655421916,0,0,0,0,0,0,1.3577040557,0,0.7802110215,0,2.6034572689,D550E800,X78E,04/20/2026 8:21:30 AM,BPD432,8M5CL,8M5CL,05/28/2026 5:28:18 AM,8M5CL,D1D,4,7796417
D549E7K,447,KJ7JA447WFD7,0,0,0,0,0,0,0,7.7949148551,0.8731904256,0,0,0,0,0,0,0,0,0.7198603186,0,9.3879639015,D549E7K0,X78E,04/20/2026 6:28:14 AM,BPD436,8M5CL,8M5CL,04/20/2026 8:17:41 AM,8M5CL,D1D,1,7764956
D549E7K,464,KJ7JA464WFA1,0,0,0,0,0,0,0,0,0.6556134426,0,0,0,0,0,0,0,0,10.336688818,0,10.642656991,D549E7K0,X78E,04/20/2026 6:28:14 AM,BPD436,8M5CL,8M5CL,06/03/2026 9:37:54 AM,8M5CL,D1D,2,7764951
D534484,599,GQ4SC599JKB1,0,0,0,0,0,0,0.5966690441,2.0328135641,0,0,0,0,0,0,0,4.4673454717,0,28.552225889,0,35.649051751,D5344840,PXMG,11/25/2025 6:17:04 PM,BPD450,8M5CL,8M5CL,02/14/2026 11:46:10 AM,8M5CL,D1D,1,7214967
D534484,602,GQ4SC602JKD6,0,0,0,0,0,0,0,1.2469430474,0,0,0,0,0,0,0,4.0438428388,0,14.213326716,0,19.504114802,D5344840,PXMG,11/25/2025 6:17:04 PM,BPD450,8M5CL,8M5CL,02/14/2026 11:42:11 AM,8M5CL,D1D,2,7214991
D534479,704,GQ4SC704JKE0,0,0,0,0,0,0,0,0,2.5530822197,0,0,0,0,0,0,1.7545382172,0,46.395495613,0.7497501391,51.004797025,D5344790,PXMG,11/25/2025 10:58:56 PM,BPD444,8M5CL,8M5CL,02/14/2026 11:57:33 AM,8M5CL,D1D,1,7211990
D534479,707,GQ4SC707JKC0,0,0,0,0,0,0,0,5.5906915858,0,0,0,0,0,0,0,1.8616919956,0,7.2405772088,0,14.69296079,D5344790,PXMG,11/25/2025 10:58:56 PM,BPD444,8M5CL,8M5CL,02/14/2026 11:55:56 AM,8M5CL,D1D,2,7212001
D535530,659,KJ1RN659WFD2,0,0,0,0,0,0,0,0,0,0,0,0,0,0,0,1.1799591621,0,9.0178200025,0.8140266727,10.130139041,D5355300,PXMG,12/05/2025 9:14:25 PM,BPD432,8M5CL,8M5CL,02/14/2026 10:47:03 AM,8M5CL,D1D,1,7250476
D535530,703,KJ1RN703WFG0,0,0,0,0,0,0,0,3.2747262511,0,0,0,0,0,0,0,0,1.0822308769,7.5889551271,0,11.945910036,D5355300,PXMG,12/05/2025 9:14:25 PM,BPD432,8M5CL,8M5CL,03/01/2026 3:51:26 PM,8M5CL,D1D,2,7250529
D533424,276,GQ4EF276JKA1,0,0,1.2020879684,0,0,0,0,1.0534213993,0,0,0,0,0,0,0,5.2734847043,0,1.5130562061,0,9.0420502781,D5334240,PXMG,12/05/2025 5:10:41 PM,BPD458,8M5CL,8M5CL,02/17/2026 12:51:07 PM,8M5CL,D1D,1,7175654
D533424,277,GQ4EF277JKE3,0,0,0,0,0,0,0.1360789882,0,8.0378192088,0,0,0,0,0,1.0188396167,3.6031334042,0,1.27203413,0,14.021094637,D5334240,PXMG,12/05/2025 5:10:41 PM,BPD458,8M5CL,8M5CL,02/17/2026 12:51:06 PM,8M5CL,D1D,2,7175596
D536637,56,GR0DN056JKA3,0,0,0,0,0,0,0,2.3332741087,0,0,0,0,0,8.1202957132,0,0,0,5.3153778953,0,15.768947717,D5366370,PXMG,12/05/2025 6:55:48 AM,BPD436,8M5CL,8M5CL,02/14/2026 8:03:40 AM,8M5CL,D1D,1,7300712
D536637,57,GR0DN057JKE5,0,0,0,0,0,0,0,8.0273544458,0,0,0,0,0,0,0,0,0,0,0,8.0273544458,D5366370,PXMG,12/05/2025 6:55:48 AM,BPD436,8M5CL,8M5CL,02/14/2026 8:02:22 AM,8M5CL,D1D,2,7300801
D535525,153,GR0QX153JKA0,8.1676705922,0,0,0,0,0,0,0.7617314679,0,0.4648751196,0,0,1.2175320114,0,0,3.3933692132,0,18.921912103,2.954140472,34.051327744,D5355250,PNCB,12/03/2025 3:18:48 PM,BPD442,8M5CL,8M5CL,02/14/2026 10:53:04 AM,8M5CL,D1D,1,7250753
D535525,220,GR0QX220JKC3,0.5940264001,0,0,0,0,0,0,0,1.2831063744,0,0,0,0,0,0,2.5658429898,0,9.6113571413,0.7698446992,14.82417973,D5355250,PNCB,12/03/2025 3:18:48 PM,BPD442,8M5CL,8M5CL,02/14/2026 10:52:46 AM,8M5CL,D1D,2,7250866
D535525,221,GR0QX221JKG5,0,0,0,0,0,0,0,0.5742237605,1.9207132019,0,0,0,0,0,0,1.9224532091,0.9329263407,8.4499134488,1.0252087861,14.825438747,D5355250,PNCB,12/03/2025 3:18:48 PM,BPD442,8M5CL,8M5CL,02/14/2026 10:52:39 AM,8M5CL,D1D,3,7250806
D535525,226,GR0QX226JKF6,5.6229257414,0,0,0,0,0,0,1.2356008378,0.7140174591,0.5417033707,0,0,0,0,0,1.2410197203,0,5.2222323187,2.9518289279,15.729273361,D5355250,PNCB,12/03/2025 3:18:48 PM,BPD442,8M5CL,8M5CL,02/14/2026 10:52:04 AM,8M5CL,D1D,4,7250718
D535525,227,GR0QX227JKC5,2.1530651525,0,0,0,0,0,0.8433641279,3.5760977865,1.3643732049,0,0,0,1.3014311752,0,0,0,0,14.905091694,0.7853553287,24.6765395,D5355250,PNCB,12/03/2025 3:18:48 PM,BPD442,8M5CL,8M5CL,02/14/2026 10:52:17 AM,8M5CL,D1D,5,7250792
D535525,228,GR0QX228JKG7,0,0,0,0,0,0,0.2817818901,0.73123038,0.5395506931,0,0,0,0,0,0,0,0,5.3064672534,1.2969192122,7.9524332024,D5355250,PNCB,12/03/2025 3:18:48 PM,BPD442,8M5CL,8M5CL,02/14/2026 10:51:39 AM,8M5CL,D1D,6,7250817
D535525,229,GR0QX229JKD6,1.9405723979,0,0,0,0,0,0.4464113537,1.8645835249,0,0,0,0,0,0,0,0,4.9992138895,6.5110682167,0,15.761849383,D5355250,PNCB,12/03/2025 3:18:48 PM,BPD442,8M5CL,8M5CL,02/14/2026 10:51:32 AM,8M5CL,D1D,7,7250784
D535525,230,GR0QX230JKG7,21.992991521,0,0,0,0,0,0,0,3.4504681206,0,0,0,0,0,0,1.1183107199,0,12.731462559,3.7590022899,41.410562444,D5355250,PNCB,12/03/2025 3:18:48 PM,BPD442,8M5CL,8M5CL,02/14/2026 10:51:23 AM,8M5CL,D1D,8,7250731
D534471,119,GQ9FR119JKD5,0,0,0,0,0,0,0,0,1.4196639117,0,0,0,1.551803864,0,0,2.9573593782,1.9279985455,1.6176373447,0,9.474463044,D5344710,PNCB,12/03/2025 3:17:50 PM,BPD436,8M5CL,8M5CL,02/16/2026 3:18:36 PM,8M5CL,D1D,1,7210316
D534471,153,GQ9FR153JKD4,0,0,0,0,0,0,0.2531785306,4.5504204596,0,0,0,0,3.5477161939,0,0,0,0,2.2189350171,0,10.570250201,D5344710,PNCB,12/03/2025 3:17:50 PM,BPD436,8M5CL,8M5CL,02/16/2026 2:54:38 PM,8M5CL,D1D,2,7210333
D534471,184,GQ9FR184JKG4,0,0,0,0,0,0,0,0,2.7237428508,1.3935708255,0,0,0,0,0,0,0.9263101501,2.5286418302,0.7486005547,8.3208683364,D5344710,PNCB,12/03/2025 3:17:50 PM,BPD436,8M5CL,8M5CL,02/16/2026 9:17:05 AM,8M5CL,D1D,3,7210308
D534471,273,GQ9FR273JKE2,1.4008512883,0,0,0,0,0,0,1.087677825,1.29227099,0,0,0,2.2296789727,0,0,1.6184420712,0,0,0.4432416728,8.0721628199,D5344710,PNCB,12/03/2025 3:17:50 PM,BPD436,8M5CL,8M5CL,02/16/2026 8:14:10 AM,8M5CL,D1D,4,7210231
D534471,305,GQ9FR305JKC4,0,0,0,0,0,0,0.2161632494,0,0.5924157172,0,0,0,0,0,0,1.465411332,0,1.5991799995,0,3.8731702981,D5344710,PNCB,12/03/2025 3:17:50 PM,BPD436,8M5CL,8M5CL,02/16/2026 5:54:14 AM,8M5CL,D1D,5,7210255
D534471,306,GQ9FR306JKG6,0,0,0,0,0,0,0.2372110503,1.1249897582,0,0,0,0,0,0,0,4.03587531,0,3.7282060369,0.9727999118,10.099082067,D5344710,PNCB,12/03/2025 3:17:50 PM,BPD436,8M5CL,8M5CL,02/16/2026 2:46:20 PM,8M5CL,D1D,6,7210228
D534471,307,GQ9FR307JKD5,13.980360295,0,0,0,0,0,0,3.6606069159,0.6676148452,0,0,0,0,0,0,0,1.3836588192,2.7135785984,0.8727109643,22.794063651,D5344710,PNCB,12/03/2025 3:17:50 PM,BPD436,8M5CL,8M5CL,02/16/2026 9:23:45 AM,8M5CL,D1D,7,7210139
D534471,308,GQ9FR308JKA4,0,0,0,0,0,0,0.2035799779,0,0,0,0,0,0,0,0,2.0451075068,0,0,0,2.2486874848,D5344710,PNCB,12/03/2025 3:17:50 PM,BPD436,8M5CL,8M5CL,02/16/2026 9:53:53 AM,8M5CL,D1D,8,7210204
D534487,97,GQ5ET097JKA1,0,0,0,0,0,0,0.2784458498,0,1.339667597,0,0,0,0,0,0,0,0,0,0,1.6181134467,D5344870,PXMG,12/29/2025 4:43:11 PM,BPD450,8M5CL,8M5CL,03/14/2026 5:27:16 PM,8M5CL,D1D,1,7216964
D534487,98,GQ5ET098JKE3,0,0,0,0,0,0,0,2.0578136197,0,0,0,0,0,0,0,2.5410151566,0,2.3118465201,0,6.9106752964,D5344870,PXMG,12/29/2025 4:43:11 PM,BPD450,8M5CL,8M5CL,03/17/2026 2:58:18 AM,8M5CL,D1D,2,7216930
D534492,339,KJ0WQ339WFD6,63.597979038,0,0,0,0,0,0.2156758332,1.0783813848,2.7186887616,0,2.2513160561,0,0,6.9187441449,0,1.702445056,0,2.3906721046,7.3437325012,84.648257195,D5344920,PXMG,01/03/2026 4:03:04 PM,BPD436,8M5CL,8M5CL,03/11/2026 8:38:26 PM,8M5CL,D1D,1,7217058
D534492,364,KJ0WQ364WFD3,0,0,0,0,0,0,0,0,0,0,0,0,0,0,0,2.1718316415,0,2.2674048924,1.3650581967,5.8042947307,D5344920,PXMG,01/03/2026 4:03:04 PM,BPD436,8M5CL,8M5CL,03/11/2026 8:25:03 PM,8M5CL,D1D,2,7217029
D533431,527,KJ0AA527WFF4,0,0,0,0,0,0,0.6901151855,1.182279951,8.5403188064,0,0,0,0,0,0,0,0,34.40273489,0,44.599870623,D5334310,PXMG,01/02/2026 11:31:32 AM,BPD454,8M5CL,8M5CL,02/17/2026 12:32:33 PM,8M5CL,D1D,1,7176754
D533431,549,KJ0AA549WFA7,0,0,0,0,0,0,0.4319196607,0,12.919607426,0,0,0,0,0,0,12.175091263,0,78.409890241,0,99.911834732,D5334310,PXMG,01/02/2026 11:31:32 AM,BPD454,8M5CL,8M5CL,02/17/2026 12:32:32 PM,8M5CL,D1D,2,7176825
D533431,567,KJ0AA567WFB3,0,0,0,0,0,0,0,2.701846402,5.2753793618,0,0,0,0,0,0,1.8642546257,0,59.775985927,0,68.038153975,D5334310,PXMG,01/02/2026 11:31:32 AM,BPD454,8M5CL,8M5CL,02/14/2026 2:25:34 PM,8M5CL,D1D,3,7176794
D533431,571,KJ0AA571WFC4,0,0,0,0,0,0,0,1.2711244518,0,0,0,0,0,0,0,6.128997006,0,12.895079394,0,20.295200852,D5334310,PXMG,01/02/2026 1:44:50 PM,BPD444,8M5CL,8M5CL,02/14/2026 2:22:59 PM,8M5CL,D1D,4,7176735
D533431,575,KJ0AA575WFE6,1.298769795,0,0,0,0,0,0.1946023605,0.6728335179,0,0,0,0,0,0,0,0,0,70.582812416,0,72.30224183,D5334310,PXMG,01/02/2026 1:44:50 PM,BPD444,8M5CL,8M5CL,02/14/2026 2:20:00 PM,8M5CL,D1D,5,7176798
D533431,584,KJ0AA584WFF0,0,0,0,0,0,0,0,1.1772500951,1.4839760575,0,0,0,0,0,0,0,0,131.10310281,0,132.65550288,D5334310,PXMG,01/02/2026 11:31:32 AM,BPD454,8M5CL,8M5CL,02/14/2026 2:20:04 PM,8M5CL,D1D,6,7176774
D533431,595,KJ0AA595WFG3,0,0,0,0,0,0,1.0649625216,1.1582733206,2.8062353069,0,0,0,0,0,0,3.7649363177,0,82.888489098,0,91.632087708,D5334310,PXMG,01/02/2026 11:31:32 AM,BPD454,8M5CL,8M5CL,02/14/2026 2:18:29 PM,8M5CL,D1D,7,7176809
D533431,626,KJ0AA626WFA3,0,0,0,0,0,0,0.2657458907,0,2.8052062061,0,0,0,0,0,0,1.5308302181,0,106.01145838,0.7709901054,110.3931218,D5334310,PXMG,01/02/2026 11:31:32 AM,BPD454,8M5CL,8M5CL,02/14/2026 2:17:28 PM,8M5CL,D1D,8,7176746
D533431,634,KJ0AA634WFD6,0,0,0,0,0,0,0.4045248134,1.1234222409,0.643095071,0,0,0,0,1.0202287288,0,0,1.0223377708,88.025218249,0,92.099669687,D5334310,PXMG,01/02/2026 11:31:32 AM,BPD454,8M5CL,8M5CL,02/14/2026 2:16:11 PM,8M5CL,D1D,9,7176831
D533431,664,KJ0AA664WFC4,0,0,0,0,0,0,0.2604326003,0,1.55692384,0,0,0,0,0,0,4.0929182011,0,119.98831068,0,124.10985599,D5334310,PXMG,01/02/2026 11:31:32 AM,BPD454,8M5CL,8M5CL,02/14/2026 2:16:31 PM,8M5CL,D1D,10,7176734
D533431,669,KJ0AA669WFB5,0,0,0,0.8361251975,0,0,0,0.6887795117,0.6518110759,0,0,0,0,1.1529284064,0,2.4734905418,0,62.939624935,0,67.050192387,D5334310,PXMG,01/02/2026 11:31:32 AM,BPD454,8M5CL,8M5CL,02/14/2026 2:15:47 PM,8M5CL,D1D,11,7176736
D533431,756,KJ0AA756WFF5,0,0,0,0,0,0,0.6510782018,0.8447801852,6.7047259148,0,0,0,0,0,0,0.8089374671,0,58.308728385,0,66.232572947,D5334310,PXMG,01/02/2026 5:13:08 PM,BPD436,8M5CL,8M5CL,02/14/2026 2:15:07 PM,8M5CL,D1D,12,7176767
D533431,769,KJ0AA769WFA6,0,0,0,0,0,0,0.3184228798,0.6199789941,6.4372026462,0,0,0,0,0,0,4.0181907367,0.6109665234,90.52004601,0,101.89244164,D5334310,PXMG,01/02/2026 6:28:58 PM,BPD448,8M5CL,8M5CL,02/14/2026 2:14:42 PM,8M5CL,D1D,13,7176790
D533431,770,KJ0AA770WFD7,0,0,0,0,0,0,0.4905183072,1.8146734046,2.9324216847,0,0,0,1.3355689952,0,0,2.6861915801,0,67.993851742,0,76.60076201,D5334310,PXMG,01/02/2026 5:13:08 PM,BPD436,8M5CL,8M5CL,02/14/2026 2:14:36 PM,8M5CL,D1D,14,7176792
D533431,773,KJ0AA773WFB7,0,0,0,0,0,0,1.6672760082,0,0,0,0,0,0,0,0,2.6351647691,0,7.6327328372,0,11.8660536,D5334310,PXMG,01/02/2026 5:13:08 PM,BPD436,8M5CL,8M5CL,02/14/2026 2:14:25 PM,8M5CL,D1D,15,7176827
D533431,774,KJ0AA774WFG1,0,0,0,0,0,0,0.4442403396,0,0,0,0,0,0,0,0,1.3855020492,0,2.4655338847,0,4.2952762734,D5334310,PXMG,01/02/2026 6:28:58 PM,BPD448,8M5CL,8M5CL,02/17/2026 12:32:03 PM,8M5CL,D1D,16,7176787
D533431,785,KJ0AA785WFA1,0,0,0,0,0,0,0,0.6150134822,1.1640087309,0,0,0,0,0,0,1.7334073967,0,88.19983625,0,90.417063778,D5334310,PXMG,01/02/2026 6:28:58 PM,BPD448,8M5CL,8M5CL,02/14/2026 2:14:01 PM,8M5CL,D1D,17,7176727
D533431,796,KJ0AA796WFB4,0,0,0,0,0,0,0,1.1812856448,0,0,0,0,0,0,0,0,0,25.498645561,0,25.036708182,D5334310,PXMG,01/02/2026 5:13:08 PM,BPD436,8M5CL,8M5CL,02/14/2026 2:13:24 PM,8M5CL,D1D,18,7176780
D533431,800,KJ0AA800WFB0,0,0,0,0,0,0,0,0,1.4363763649,0,0,0,0,4.1441179999,0,0,2.0739184316,15.143592378,0,22.798007373,D5334310,PXMG,01/02/2026 6:28:58 PM,BPD448,8M5CL,8M5CL,02/14/2026 2:13:05 PM,8M5CL,D1D,19,7176747
D533431,822,KJ0AA822WFD6,0,0,0,0,0,0,0.4407941781,0,0,0,0,0,0,0,0,0,0,59.94702298,0,60.149174327,D5334310,PXMG,01/02/2026 5:13:08 PM,BPD436,8M5CL,8M5CL,02/14/2026 2:13:21 PM,8M5CL,D1D,20,7176782
D533431,824,KJ0AA824WFE7,0,0,0,0,0,0,1.0801198039,1.2009685707,3.7217487998,0,0,0,0,0,0,0,0,7.1074143882,0,12.921035967,D5334310,PXMG,01/02/2026 6:28:58 PM,BPD448,8M5CL,8M5CL,02/14/2026 2:12:19 PM,8M5CL,D1D,21,7176796
D533430,14,KJ0AD014WFB1,0,0,0,0,0,0,0.1706586651,1.0534213993,0,0,0,0,0,0,0,0,0,3.2220619877,0,4.4461420521,D5334300,PXMG,01/01/2026 10:40:09 PM,BPD454,8M5CL,8M5CL,03/24/2026 11:27:30 PM,8M5CL,D1D,1,7176631
D533430,23,KJ0AD023WFB3,1.990142999,0,0,0,0,0,0,3.054084906,0,0,0,0,0,0,0,4.5827437019,0,0,2.1396253193,11.21254076,D5334300,PXMG,01/01/2026 10:40:09 PM,BPD454,8M5CL,8M5CL,03/25/2026 6:11:03 PM,8M5CL,D1D,2,7176592
D535535,329,KJ1JT329WFA1,0,0,0,0,0,0,0.8652238072,0,8.588365348,0,0,0,0,0,0,7.0548963511,0,19.951843914,0,35.732744366,D5355350,PXMG,01/03/2026 6:24:16 AM,BPD446,8M5CL,8M5CL,03/02/2026 7:17:37 AM,8M5CL,D1D,1,7252887
D535535,354,KJ1JT354WFH1,0,0,0,0,0,0,0.2604853813,0,6.7543334858,0,0,0,0,0,0,3.2439573185,0,68.446033427,1.2809890113,77.862114278,D5355350,PXMG,01/03/2026 6:24:16 AM,BPD446,8M5CL,8M5CL,03/02/2026 6:06:51 AM,8M5CL,D1D,2,7252838
D537931,17,MCE1N017WAH0,0,0,1.0624376098,0,0,0,1.2185761123,0.8339064701,21.143109711,0,0,0,0,0,0,5.4978245323,1.5667565639,1.6673292577,0,32.989938038,D5379310,PXMG,01/02/2026 11:14:00 AM,BPD450,8M5CL,8M5CL,03/15/2026 7:45:12 PM,8M5CL,D1D,1,7320655
D537931,59,MCE1N059WAE0,1.2022973095,0,0,0,0,0,0,3.2269992063,0.6213501676,0,0,0,0,0,0,1.0799566813,0,7.3484650467,0,13.479068411,D5379310,PXMG,01/02/2026 11:14:00 AM,BPD450,8M5CL,8M5CL,03/15/2026 12:49:37 PM,8M5CL,D1D,2,7320706
D537931,78,MCE1N078WAB3,0,0,0,0,0,0,3.3988212602,0,2.1458853667,0,0,0,0,0,0,0,0,2.6590841225,0,8.2037929486,D5379310,PXMG,01/02/2026 11:14:00 AM,BPD450,8M5CL,8M5CL,03/15/2026 6:08:39 PM,8M5CL,D1D,3,7320670
D534491,42,A0SWX042SLC2,0,0,0,0,0,0,0.3091604874,0,0,0,0,0,0,0,0,24.692894749,2.5756659031,4.4664781433,0.8250884624,32.869287745,D5344910X,PXMG,01/02/2026 12:33:08 AM,BPD444,8M5CL,8M5CL,03/21/2026 1:49:40 PM,8M5CL,D1D,1,7893379
D534491,43,A0SWX043SLG4,1.2275375522,0,0,0,0,0,0,1.7127599197,0,0,0,0,0,0,0,3.95543847,0,15.241188359,0,22.13692652,D5344910X,PXMG,01/02/2026 12:33:08 AM,BPD444,8M5CL,8M5CL,03/21/2026 2:26:29 PM,8M5CL,D1D,2,7893348
D534491,46,A0SWX046SLE4,0,0,0,0,0,0,0.7364119328,0,0,0,0,0,0,0,0,0,0,5.790353941,0,6.5267658738,D5344910X,PXMG,01/02/2026 12:33:08 AM,BPD444,8M5CL,8M5CL,03/20/2026 7:15:50 PM,8M5CL,D1D,3,7893359
D534491,47,A0SWX047SLB3,0,0,0,0,0,0,0,0,0,0,0,0,0,0,0,2.1417819224,0,3.0090292089,0,5.1508089126,D5344910X,PXMG,01/02/2026 12:33:08 AM,BPD444,8M5CL,8M5CL,03/21/2026 7:28:56 AM,8M5CL,D1D,4,7893317
D533430,15,KJ0AD015WFF3,0,0,0,0,0,0,0.0871072373,11.580967099,4.2233009901,0,0,0,0,0,0,15.240999767,0,30.601012072,0,60.268110755,D5334300AD,PXMG,01/02/2026 4:43:30 PM,BPD448,8M5CL,8M5CL,03/25/2026 3:47:03 PM,8M5CL,D1D,1,7896424
D533430,19,KJ0AD019WFA2,0,0,0,0,0,0,2.3024887845,1.6899181212,7.4645488637,0,0,0,0,0,0,2.517015317,0,33.529632382,0,47.103595763,D5334300AD,PXMG,01/02/2026 4:43:30 PM,BPD448,8M5CL,8M5CL,03/25/2026 3:35:17 AM,8M5CL,D1D,2,7896431
D533430,41,KJ0AD041WFB7,0,0,0,0,0,0,1.3851803519,0.8581305357,3.4509819548,0,0,0,0,0,0,0,0,0.9324490283,0,6.6267418708,D5334300AD,PXMG,01/02/2026 4:43:30 PM,BPD448,8M5CL,8M5CL,03/25/2026 12:36:32 AM,8M5CL,D1D,3,7896379
D533430,67,KJ0AD067WFG7,0,0,0,0,0,0,0.0862197463,0,1.9457795449,0,0,0,0,0,0,0,0,53.487393641,0,55.519390714,D5334300AD,PXMG,01/02/2026 4:43:30 PM,BPD448,8M5CL,8M5CL,03/23/2026 4:00:17 AM,8M5CL,D1D,4,7896376
D534491,16,A0SWX016SLF6,0,0,0,0,0,0,0.5717109265,3.0666284507,10.858342301,0,0,0,0,0,0,7.5017128769,0,3.8845013064,0,25.72803192,D5344910,PXMG,01/01/2026 1:43:12 PM,BPD436,8M5CL,8M5CL,02/17/2026 12:33:23 PM,8M5CL,D1D,1,7216733
D534491,40,A0SWX040SLB1,0,0,0,0,0,0,0,1.0550927986,3.3729167703,0,0,0,0,0,0,3.0543832516,0,2.1337171399,1.3052001098,10.92131007,D5344910,PXMG,01/01/2026 1:43:12 PM,BPD436,8M5CL,8M5CL,02/17/2026 12:33:22 PM,8M5CL,D1D,2,7216712
D533435,126,GQ6VT126JKB5,0,0,0,0,0,0,0,1.9380512624,4.697694244,0,0,0,0,0,0,3.7233520236,0.6856959602,57.873634558,0,68.119598148,D5334350,PXMG,01/01/2026 11:42:48 PM,BPD454,8M5CL,8M5CL,03/11/2026 6:44:09 PM,8M5CL,D1D,1,7176728
D533435,127,GQ6VT127JKF7,0,0,0,0,0,0,0.7039245448,1.8262345132,1.339667597,0,0,0,0,0,0,1.7232855624,0,0.8295821704,0,6.4226943878,D5334350,PXMG,01/01/2026 11:42:48 PM,BPD454,8M5CL,8M5CL,03/11/2026 7:21:44 PM,8M5CL,D1D,2,7176768
D535542,126,A1ZWL126SLD4,0,0,0,0,0,0,1.0618487705,0,3.9291826478,0,0,0,0,0,0,1.0962554047,0.6024734704,4.122295243,0.7562817916,11.50965142,D5355420,PXMG,01/02/2026 12:36:50 PM,BPD432,8M5CL,8M5CL,03/12/2026 9:54:18 PM,8M5CL,D1D,1,7258544
D535542,127,A1ZWL127SLA3,0,0,0,0,0,0,1.3509609194,3.2533798749,0.7722657858,0,0,0,0,0,7.1532880359,0,0,1.9195031564,1.5037979555,15.442675431,D5355420,PXMG,01/02/2026 12:36:50 PM,BPD432,8M5CL,8M5CL,03/11/2026 7:14:49 PM,8M5CL,D1D,2,7258378
D536910,488,GQ7JF488JKC4,0.630042762,0,0,0,0,0,0,0,1.3529911336,0.5166295228,0,0,0,0,0,1.9107942586,0,1.6925798851,0.816522541,6.9195623024,D536910A,PXMG,12/12/2025 10:19:26 PM,BPD432,8M5CL,8M5CL,02/15/2026 7:49:07 AM,8M5CL,D1D,1,7481308
D536910,489,GQ7JF489JKG6,0.9609485816,0,0,0,0,0,0,2.6785053899,2.0910551581,0,0,0,0,1.5064737408,0,4.9588268691,0,3.138125862,0,13.709811622,D536910A,PXMG,12/12/2025 10:19:26 PM,BPD432,8M5CL,8M5CL,02/15/2026 3:16:41 AM,8M5CL,D1D,2,7481347
D536910,490,GQ7JF490JKC4,0,0,0,0,0,0,0,0,0,0,0,0,0,0,0,0,0,0.7973828198,0,0.7973828198,D536910A,PXMG,12/12/2025 10:19:26 PM,BPD432,8M5CL,8M5CL,02/15/2026 8:44:30 AM,8M5CL,D1D,3,7481262
D536910,491,GQ7JF491JKG6,0,0,0,0,0,0,0.422858378,0,0,0.5721654189,0,0,0,0,0,0.8977570069,3.215053578,2.0358221585,0,7.1436565403,D536910A,PXMG,12/12/2025 10:19:26 PM,BPD432,8M5CL,8M5CL,02/15/2026 4:42:07 AM,8M5CL,D1D,4,7481215
D533439,353,GQ6BB353JKA2,2.1824511954,0,0,0,0,0,0.2784236625,1.3204423242,0.7630447548,0,0,0,0,0,0,1.3262309839,0,4.3759316846,0.7674555848,10.320088731,D5334390,PXMG,12/18/2025 2:57:35 AM,BPD448,8M5CL,8M5CL,02/21/2026 1:19:45 PM,8M5CL,D1D,1,7178691
D533439,354,GQ6BB354JKE4,9.9105621341,0,0,0,0,0,0,0,0,0,0,0,0,0,0,2.5516021516,0,0,2.4865561292,14.948720415,D5334390,PXMG,12/18/2025 2:57:35 AM,BPD448,8M5CL,8M5CL,02/21/2026 2:57:12 PM,8M5CL,D1D,2,7178763
D533427,32,KHZTU032WFD1,0.7073515771,0,0,0,0,0,0.1726379537,2.0640505782,0,0,0,0,0,0,0,2.1452541935,0,2.063775677,0.9167119328,8.0697797131,D5334270,PXMG,12/18/2025 5:13:16 PM,BPD450,8M5CL,8M5CL,02/14/2026 2:49:27 PM,8M5CL,D1D,1,7176186
D533427,38,KHZTU038WFG4,0,0,0,0,0,0,0.3568151603,0,0,0,0,0,0,0,0,0,0,0.8907414666,0,1.2475566269,D5334270,PXMG,12/18/2025 5:13:16 PM,BPD450,8M5CL,8M5CL,03/17/2026 6:43:04 PM,8M5CL,D1D,2,7176164
D534480,651,GQ4SC651JKH2,1.1769350367,0,0,0,0,0,0.2295251296,1.0885342814,0,0,0,0,0,0,0,3.5301261795,0,5.7426455685,0,11.767766196,D5344800,PXMG,12/14/2025 3:53:05 PM,BPD458,8M5CL,8M5CL,02/21/2026 4:47:11 PM,8M5CL,D1D,1,7212207
D534480,652,GQ4SC652JKE1,0,0,0,0,0,0,0,1.1525881587,2.905773862,0,0,0,0,0,0,0,0,12.275904428,0,16.334266448,D5344800,PXMG,12/14/2025 3:53:05 PM,BPD458,8M5CL,8M5CL,02/20/2026 11:54:46 PM,8M5CL,D1D,2,7212139
D534480,653,GQ4SC653JKB0,0,0,0,0,0,0,0.0927561172,2.0746742938,0,0,0,0,0,0,0,3.170363971,1.6295443302,6.6289428484,2.3925180858,15.988799646,D5344800,PXMG,12/14/2025 3:53:05 PM,BPD458,8M5CL,8M5CL,02/21/2026 8:40:58 AM,8M5CL,D1D,3,7212242
D534480,654,GQ4SC654JKF2,0,0,0,0,0,0,0,1.9617741364,0,0.5005137149,0,0,0,0,0,3.7023671655,0,11.380757944,0,17.545410762,D5344800,PXMG,12/14/2025 3:53:05 PM,BPD458,8M5CL,8M5CL,02/21/2026 5:59:28 PM,8M5CL,D1D,4,7212144
D534480,655,GQ4SC655JKC1,0,0,0,0,0,0,0,0,0.614143741,0,0,0,0,0,0,0,0,11.107472925,0,11.721616666,D5344800,PXMG,12/14/2025 3:53:05 PM,BPD458,8M5CL,8M5CL,02/21/2026 7:28:10 PM,8M5CL,D1D,5,7212173
D534480,656,GQ4SC656JKG3,0,0,0,0,0,0,0,0,1.437689293,0,0,0,0,0,0,1.1995698734,0,5.8941280445,0,8.5313894101,D5344800,PXMG,12/14/2025 3:53:05 PM,BPD458,8M5CL,8M5CL,02/20/2026 1:56:47 PM,8M5CL,D1D,6,7212098
D533434,151,GQ6VT151JKB2,17.952515383,0,0,0,0,0,0.1929937831,4.431874677,1.5016635398,0,0,0,0,0,0,0,0,2.64096896,0.5150620321,26.358168531,D5334340,PXMG,12/27/2025 8:55:04 AM,BPD442,8M5CL,8M5CL,03/20/2026 8:31:11 PM,8M5CL,D1D,1,7176675
D533434,155,GQ6VT155JKD4,2.8312159586,0,0,0,0,0,0,2.5320250078,4.6989628612,0,0,0,0,0,0,0,0,4.2935569929,0,12.999610298,D5334340,PXMG,12/27/2025 8:55:04 AM,BPD442,8M5CL,8M5CL,03/12/2026 9:24:10 PM,8M5CL,D1D,2,7176669
D533434,154,GQ6VT154JKG5,0,0,0,0,0,0,0.8832135722,0,0,0,0,0,0,0,0,3.0377792191,0,12.779505833,1.909329585,18.609828209,D5334340AB,PXMG,12/27/2025 1:36:27 PM,BPD454,8M5CL,8M5CL,03/12/2026 9:25:47 PM,8M5CL,D1D,1,7866139
D533434,157,GQ6VT157JKE5,0,0,0,0,0,0,0.315613971,8.9688482516,0,0,0,0,0,0,0,0,0.8262230172,2.3349243602,0,12.445611819,D5334340AB,PXMG,12/27/2025 1:36:27 PM,BPD454,8M5CL,8M5CL,03/20/2026 7:08:41 PM,8M5CL,D1D,2,7866210
D533434,158,GQ6VT158JKB4,0,0,0,0,0,0,0,0,4.1705371048,0,0,0,0,1.5731737998,0,5.6178567367,5.3259886344,18.480367338,0,35.167925812,D5334340AB,PXMG,12/27/2025 1:36:27 PM,BPD454,8M5CL,8M5CL,03/18/2026 10:30:00 PM,8M5CL,D1D,3,7866177
D533434,161,GQ6VT161JKF6,0,0,0,0,0,0,0,1.9819558949,3.4363561039,0,0,0,0,0,0,3.2137489663,0,7.6067404458,0,16.238801411,D5334340AB,PXMG,12/27/2025 1:36:27 PM,BPD454,8M5CL,8M5CL,03/12/2026 9:28:45 PM,8M5CL,D1D,4,7866137
D536627,500,KJ3PT500WFC3,0,0,0,0,0,0,0,0.8432121487,11.844415105,0,0,0,0,0,0,18.308545291,0,14.730840321,0,44.673349554,D5366270,PXMG,12/26/2025 9:57:30 AM,BPD446,8M5CL,8M5CL,02/14/2026 8:37:15 AM,8M5CL,D1D,1,7291895
D536627,502,KJ3PT502WFD4,3.2711153579,0,0,0,0,0,0.9623741218,0.8213014234,0,0,0,0,0,0,0,1.9347480496,0,1.6421256184,2.6527196099,11.284384181,D5366270,PXMG,12/26/2025 9:57:30 AM,BPD446,8M5CL,8M5CL,02/14/2026 8:35:36 AM,8M5CL,D1D,2,7291887
D533421,423,KHZTW423WFA1,0,0,0,0,0,0,0,4.1351198888,0,0,0,0,0,0,0,0,0,1.9034950383,0,6.0386149271,D5334210AJ,PXMG,12/24/2025 4:06:12 AM,BPD454,8M5CL,8M5CL,03/15/2026 3:34:38 PM,8M5CL,D1D,1,7852292
D533421,433,KHZTW433WFE5,5.647417789,0,0,0,0,0,1.6396639459,0,0,0,0,0,0,0,0,3.2128082259,2.6742365584,2.9695824547,0,16.143708974,D5334210AJ,PXMG,12/24/2025 4:06:12 AM,BPD454,8M5CL,8M5CL,03/10/2026 11:29:42 PM,8M5CL,D1D,2,7852326
D533421,474,KHZTW474WFE6,0,0,0,0,0,0,0.565902814,0,0,0,0,0,0,0,0,3.3453276859,0,0.9149239754,0,4.8261544753,D5334210AJ,PXMG,12/24/2025 4:06:12 AM,BPD454,8M5CL,8M5CL,03/10/2026 11:39:29 PM,8M5CL,D1D,3,7852282
D533421,475,KHZTW475WFB5,1.0380072026,0,0,0,0,0,0.3505145528,4.7481431725,6.8663821786,0,0,0,0,0,0,6.9011052622,0,6.7127597129,0,26.616909863,D5334210AJ,PXMG,12/24/2025 4:06:12 AM,BPD454,8M5CL,8M5CL,03/15/2026 1:07:38 PM,8M5CL,D1D,4,7852314
D533422,20,A1UPA020SLD3,1.9684839249,0,0,0,0,0,1.20503271,2.9193121963,4.4319021699,0,0,0,0,0,0,0,0,0,0.8090320331,11.333763034,D5334220,PXMG,12/22/2025 8:41:42 PM,BPD444,8M5CL,8M5CL,02/22/2026 9:01:22 AM,8M5CL,D1D,1,7175169
D533422,61,A1YCK061SLF2,1.2909620934,0,0,1.6394531668,0,0,0,2.3151909988,0,0,0,0,0,0,0,3.1352992033,0,0,0.6141969905,8.209806081,D5334220,PXMG,12/22/2025 8:41:42 PM,BPD444,8M5CL,8M5CL,02/22/2026 9:15:43 PM,8M5CL,D1D,2,7175142
D533421,417,KHZTW417WFF2,0,0,0,0,0,0,0.2892133338,2.3569474483,3.380075865,0,0,0,0,0,0,0,0,4.1096954917,0,10.13592992,D5334210,PXMG,12/22/2025 4:42:06 PM,BPD450,8M5CL,8M5CL,03/10/2026 11:36:51 PM,8M5CL,D1D,1,7175092
D533421,420,KHZTW420WFC1,0,0,0,0,0,0,0,0,0,0,1.9276819892,0,0,0,0,7.6388533885,0,0.929524528,0.8968288788,11.392888784,D5334210,PXMG,12/22/2025 4:42:06 PM,BPD450,8M5CL,8M5CL,03/15/2026 2:48:34 PM,8M5CL,D1D,2,7175090
D534488,113,A11HV113SLA7,0,0,0,0,0,0,0.5429425604,2.2717904724,1.8355509495,0,0,0,0,0,0,6.1552534259,0,1.0457594361,0,11.851294626,D5344880,PXMG,12/22/2025 6:35:34 AM,BPD458,8M5CL,8M5CL,02/24/2026 11:55:27 AM,8M5CL,D1D,1,7216680
D534488,115,A11HV115SLC0,0,0,0,0,0,0,1.6771227204,3.4804244673,0,0,0,0,0,0,0,4.2699608271,0,2.5767323646,0,11.908475668,D5344880,PXMG,12/22/2025 6:35:34 AM,BPD458,8M5CL,8M5CL,02/24/2026 4:23:36 PM,8M5CL,D1D,2,7216687
D536632,615,KJ29W615WFB6,0,0,0,0,0,0,0,0,0,0,0,0,0,0,0,1.9006883482,0,0,0,1.9006883482,D5366320,PXMG,12/22/2025 5:54:20 PM,BPD450,8M5CL,8M5CL,02/14/2026 8:20:48 AM,8M5CL,D1D,1,7302964
D536632,632,KJ29W632WFF3,0,0,0,0,0,0,0,2.5885884587,0.7487934829,0,0,0,0,0,0,5.0381296912,0,4.9809590383,0,13.35647287,D5366320,PXMG,12/22/2025 5:54:20 PM,BPD450,8M5CL,8M5CL,02/14/2026 8:20:47 AM,8M5CL,D1D,2,7302934
D536632,665,KJ29W665WFC1,0.6227346535,0,0,0,0,0,0.2455931533,0.6523990387,0,0,0,0,0,0,0,0.8012135221,0,5.2739749073,0,7.5959152749,D5366320,PXMG,12/22/2025 5:54:20 PM,BPD450,8M5CL,8M5CL,02/14/2026 8:20:53 AM,8M5CL,D1D,3,7302938
D534470,255,GQ9FR255JKD6,0,0,0,0,0,0,0,0,1.6052582532,0,0,0,0,0,0,1.6329078871,0,0.9145546047,0.882386945,5.03510769,D5344700,PNCB,12/23/2025 12:40:29 PM,BPD432,8M5CL,8M5CL,03/01/2026 3:40:35 PM,8M5CL,D1D,1,7210318
D534470,256,GQ9FR256JKA5,0,0,0,0,0,0,0,0,0,0,0,0,0,0,0,2.0447249975,1.7425426085,0.7310178748,0,4.5182854808,D5344700,PNCB,12/23/2025 12:40:29 PM,BPD432,8M5CL,8M5CL,03/23/2026 2:35:09 PM,8M5CL,D1D,2,7210353
D537643,329,KJ1RQ329WFA7,0,0,0,0,0,0,0,1.3640735983,0,0,0,0,0,0,0,0,0,19.743678473,0,21.107752071,D5376430,PXMG,12/21/2025 12:59:15 PM,BPD432,8M5CL,8M5CL,02/17/2026 12:41:07 PM,8M5CL,D1D,1,7311320
D537643,330,KJ1RM330WFC4,0,0,0,0,0,0,0.9101121048,2.2151604691,0,0,0,0,0,0,0,0,0,23.397749425,0,26.523021999,D5376430,PXMG,12/21/2025 12:59:15 PM,BPD432,8M5CL,8M5CL,02/17/2026 12:40:59 PM,8M5CL,D1D,2,7311301
D537643,397,KJ1RQ397WFB6,2.6427483793,0,0,0,0,0,0.9967055922,0,0,0,0,0,0,0,0,1.6258124308,4.0460291093,14.602711835,0,23.914007347,D5376430,PXMG,12/21/2025 12:59:15 PM,BPD432,8M5CL,8M5CL,02/14/2026 6:55:32 AM,8M5CL,D1D,3,7311322
D537643,464,KJ1RQ464WFE1,0,0,0,0,0,0,0.6902439256,3.2764660348,1.1018413971,0,0,0,0,0,0,4.4033872182,0,33.610298225,1.3211751683,44.403411969,D5376430,PXMG,12/21/2025 12:59:15 PM,BPD432,8M5CL,8M5CL,02/14/2026 6:52:01 AM,8M5CL,D1D,4,7311315
D535545,141,GR0QX141JKB6,0.5682160841,0,0,0,0,0,0,0,0.5633348839,0,0,0,0,0,0,1.0674297465,1.8193564583,0.7632422215,2.2489020807,7.0304814749,D5355450,PXMG,01/08/2026 9:29:31 AM,BPD448,8M5CL,8M5CL,03/18/2026 5:14:32 AM,8M5CL,D1D,1,7261642
D535545,142,GR0QX142JKG0,0,0,0,0,0,0,3.0879409909,4.5566655299,0,0,0,0,0,0,0,0,0,1.904376965,0,9.5489834858,D5355450,PXMG,01/08/2026 9:29:31 AM,BPD448,8M5CL,8M5CL,03/18/2026 8:56:15 PM,8M5CL,D1D,2,7261627
D535545,151,GR0QX151JKG2,0,0,0,0,0,0,0.0842894535,0,7.9105241623,0,0,0,0,0,0,7.1159668225,0,31.649291982,1.5863656765,45.742155795,D5355450,PXMG,01/08/2026 9:29:31 AM,BPD448,8M5CL,8M5CL,03/18/2026 6:47:00 AM,8M5CL,D1D,3,7261927
D535545,166,GR0QX166JKC4,0,0,0,0,0,0,0.2911490237,6.4000837088,3.1159666004,0,0,0,0,0,0,6.2344959326,0,15.161102176,2.4905213547,32.983936993,D5355450,PXMG,01/08/2026 9:29:31 AM,BPD448,8M5CL,8M5CL,03/19/2026 12:19:35 PM,8M5CL,D1D,4,7261641
D536586,651,GQ5TJ651JKA0,0,0,0,0,0,0,0.0816491679,1.3587486525,0,0,0,0,0,0,0,1.7232855624,0,3.0529688861,0,6.2166522689,D5365860,PXMG,01/08/2026 11:12:39 PM,BPD458,8M5CL,8M5CL,04/01/2026 10:20:48 AM,8M5CL,D1D,1,7281422
D536586,652,GQ5TJ652JKE2,0,0,0,0,0,0,0.3442378806,0.6965248683,4.204072852,0,0,0,0,0,0,9.6706701515,0,22.354052931,0,35.424940841,D5365860,PXMG,01/08/2026 11:12:39 PM,BPD458,8M5CL,8M5CL,04/02/2026 2:01:15 PM,8M5CL,D1D,2,7281428
D535533,11,A17UN011SLD5,0,0,0,0,0,0,0.4520324244,1.5400386487,2.7023411783,0,0,0,0,0,0,3.4761667294,0,9.1930839351,0,17.363662916,D5355330,PXMG,01/04/2026 8:19:54 AM,BPD444,8M5CL,8M5CL,03/14/2026 4:20:47 PM,8M5CL,D1D,1,7252653
D535533,12,A17UN012SLA4,0,0,0,0,0,0,0.3892315098,1.0339671912,3.3936333248,0,0,0,0,0,0,0,0,4.2052384331,0,9.0220704589,D5355330,PXMG,01/04/2026 8:19:54 AM,BPD444,8M5CL,8M5CL,03/23/2026 4:32:48 PM,8M5CL,D1D,2,7252609
D533433,302,GQ4EF302JKC3,1.7748193282,0,0,0,0,0,0,0,0,0,0,0,0,0,0,0,0,2.4759999232,0,4.2508192513,D5334330,PXMG,01/04/2026 3:18:58 AM,BPD458,8M5CL,8M5CL,03/12/2026 9:57:41 PM,8M5CL,D1D,1,7176529
D533433,303,GQ4EF303JKG5,0,0,0,0,0,0,1.1032799436,2.2243407685,0,0,0,0,0,0,0,1.8033882773,0,2.5350047586,0,7.666013748,D5334330,PXMG,01/04/2026 3:18:58 AM,BPD458,8M5CL,8M5CL,03/17/2026 12:19:48 AM,8M5CL,D1D,2,7176632
D537639,58,KJ24K058WFD4,0,0,0,0,0,0,0.5648713847,3.516668106,0,0,0,0,0,0,0,0.945756894,1.8556358826,4.1400934463,0.5944353593,11.617461073,D5376390,PXMG,01/05/2026 12:04:14 AM,BPD444,8M5CL,8M5CL,03/25/2026 3:52:05 AM,8M5CL,D1D,1,7313876
D537639,61,KJ24K061WFA3,0,0,0,0,0,0,0,1.1199470237,0,0,0,0,0,0,0,2.5279336744,0,1.1196208708,0,4.767501569,D5376390,PXMG,01/05/2026 12:04:14 AM,BPD444,8M5CL,8M5CL,03/25/2026 3:17:23 PM,8M5CL,D1D,2,7313942
D534486,151,GQ5ET151JKA0,0,0,0,0,0,0,0.2087289978,0,0,0,0,0,0,0,0,2.0891670211,0,9.0554828999,0,11.353378919,D5344860,PXMG,01/17/2026 8:26:15 AM,BPD448,8M5CL,8M5CL,02/17/2026 12:23:25 PM,8M5CL,D1D,1,7214899
D534486,152,GQ5ET152JKE2,0,0,0,0,0,0,0,0,0,0,0,0,0,1.9750991474,0,3.1741192184,0.9586354655,2.6687408519,0,8.7765946831,D5344860,PXMG,01/17/2026 8:26:15 AM,BPD448,8M5CL,8M5CL,03/18/2026 4:45:57 AM,8M5CL,D1D,2,7214961
D535550,433,GR2MQ433JKH0,0,0,0,0,0,0,0.2845784123,0,0,0,0,0,0,0,0,2.3072324237,0,3.2414741838,0,5.8332850197,D5355500,PXMG,01/14/2026 5:43:57 PM,BPD444,8M5CL,8M5CL,03/20/2026 8:21:05 PM,8M5CL,D1D,1,7263249
D535550,434,GR2MQ434JKD7,0,0,0,0,0,0,0,42.309641811,0,0,0,0,0,9.2023470939,0,0,0,0,0,42.309641811,D5355500,PXMG,01/14/2026 5:43:57 PM,BPD444,8M5CL,8M5CL,03/21/2026 1:45:35 PM,8M5CL,D1D,2,7263253
D533436,260,GQ5EV260JKA1,0,0,0,0,0,0,0.2221201698,0,0,0,0,0,0,0,0,1.2892624378,1.8766779201,0,0.8733545155,4.2614150432,D5334360,PXMG,01/14/2026 3:31:13 PM,BPD436,8M5CL,8M5CL,03/26/2026 6:10:33 AM,8M5CL,D1D,1,7178580
D533436,261,GQ5EV261JKE3,0,0,0,0,0,0,0,0,3.5878064354,0,0,0,0,0,0,1.9592272516,2.0207170624,10.687465612,1.6044105864,19.49719561,D5334360,PXMG,01/14/2026 3:31:13 PM,BPD436,8M5CL,8M5CL,03/26/2026 2:44:14 AM,8M5CL,D1D,2,7178457
D535537,659,KJ3PT659WFD2,0,0,0,0,0,0,0,0,0.614143741,0,0,0,0,0,0,1.0674297465,0,0,0,1.6815734875,D5355370,PXMG,01/11/2026 8:32:53 AM,BPD444,8M5CL,8M5CL,03/18/2026 11:28:33 PM,8M5CL,D1D,1,7258590
D535537,661,KJ3PT661WFD2,0,0,0,0,0,0,0,2.7525687289,0.614143741,0,0,0,0,1.38364943,0,0,0,2.376694122,0,7.1270560219,D5355370,PXMG,01/11/2026 8:32:53 AM,BPD444,8M5CL,8M5CL,03/19/2026 2:24:49 AM,8M5CL,D1D,2,7258564
D538019,255,MCCFJ255WAG1,0,0,0,0,0,0,0,1.5956088948,0,0,0,0,0,1.4490397636,0,0,0,4.0423193971,0,7.0869658368,D5380190,PXMG,01/11/2026 10:47:07 AM,BPD444,8M5CL,8M5CL,03/19/2026 12:22:02 PM,8M5CL,D1D,1,7334767
D538019,260,MCCFJ260WAE1,0,0,0,0,0,0,0.3510488327,0.8766049473,1.5381975703,0,0,0,0,0,0,3.1369503769,0,4.684903641,0,10.432346604,D5380190,PXMG,01/11/2026 10:47:07 AM,BPD444,8M5CL,8M5CL,03/17/2026 3:00:38 PM,8M5CL,D1D,2,7334730
D537642,24,KJ24K024WFC4,1.3074696941,0,0,0,0,0,0,2.4157525761,0,2.4993159434,0,0,0,0,0,0.8318422351,2.2009117901,3.4796795997,3.5475648017,15.50304439,D5376420,PXMG,01/11/2026 8:07:48 PM,BPD444,8M5CL,8M5CL,03/23/2026 4:19:14 PM,8M5CL,D1D,1,7311064
D537642,26,KJ24K026WFD5,0,0,0,0,0,0,0.7459125183,1.1266462822,1.2511237449,0,0,0,0,0,0,0,1.933147025,3.8113621926,0,8.868191763,D5376420,PXMG,01/11/2026 8:07:48 PM,BPD444,8M5CL,8M5CL,03/19/2026 6:36:31 AM,8M5CL,D1D,2,7311060
D535534,63,A1ZWJ063SLB4,0,0,0,0,0,0,0.2220391434,0,1.3364127239,0,0,0,0,0,0,1.8001955286,0,8.3608126671,0,11.719460063,D5355340,PXMG,01/23/2026 11:50:53 AM,BPD446,8M5CL,8M5CL,04/10/2026 10:47:01 AM,8M5CL,D1D,1,7252799
D535534,83,A1ZSY083SLE1,0.6003876312,0,0,0,0,0,1.4128856008,0,0,0,0,0,0,0,0,1.7232855624,0,3.2506574964,0.7363956201,7.723611911,D5355340,PXMG,01/23/2026 11:50:53 AM,BPD446,8M5CL,8M5CL,04/04/2026 3:59:25 PM,8M5CL,D1D,2,7252929
D534490,604,GQ4SC604JKE7,0,0,0,0,0,0,0.3524431316,4.2792242425,1.8518994255,0,0,0,0,1.5671523639,0,2.7103257062,0,5.7647155555,0.7226844665,17.248444892,D5344900,PXMG,01/24/2026 10:37:32 AM,BPD442,8M5CL,8M5CL,04/02/2026 9:10:49 PM,8M5CL,D1D,1,7217152
D534490,606,GQ4SC606JKG0,0,0,0,0,0,0,0.8534780591,0,0,0,0,0,0,0,0,0,0,3.6209788166,0,4.4744568757,D5344900,PXMG,01/24/2026 10:37:32 AM,BPD442,8M5CL,8M5CL,04/02/2026 6:59:14 PM,8M5CL,D1D,2,7217035
D535547,501,KJ3PT501WFG5,0,0,0,0,0,0,5.4553691837,3.4894191881,2.2972703377,0,0,0,0,0,0.3782686137,8.0459708132,0,4.7959389979,0,23.191496522,D5355470,PXMG,01/18/2026 12:44:51 PM,BPD436,8M5CL,8M5CL,03/26/2026 7:15:15 AM,8M5CL,D1D,1,7261991
D535547,522,KJ3PT522WFF1,0,0,0,0,0,0,2.426022885,1.0794490449,1.195956572,0,0,0,0,0,0,7.0777118633,0,11.537249301,0.4667096641,23.117178663,D5355470,PXMG,01/18/2026 12:44:51 PM,BPD436,8M5CL,8M5CL,03/24/2026 1:23:46 PM,8M5CL,D1D,2,7261999
D536626,502,GQ7JF502JKG4,0,0,0,0,0,0,1.1686599824,2.500246209,3.1516674876,0,0,0,0,0,0,3.4040707736,0,8.3323653396,0,18.003440146,D5366260,PXMG,01/18/2026 10:24:33 PM,BPD446,8M5CL,8M5CL,03/26/2026 9:21:40 AM,8M5CL,D1D,1,7289131
D536626,504,GQ7JF504JKA2,0,0,0,0,0,0,0,0.7397679267,0,0,0,0,0,1.199398335,0,3.0500552071,7.4870507465,7.466323196,0,19.620798266,D5366260,PXMG,01/18/2026 10:24:33 PM,BPD446,8M5CL,8M5CL,03/29/2026 4:13:27 PM,8M5CL,D1D,2,7289104
D535528,409,GR2MQ409JKE2,0,0,0,0,0,0,0,1.8718474662,2.0425094217,0,0,0,0,0,0,6.2069778903,1.0755384393,4.9555467729,0,16.15241785,D5355280,PNCB,01/30/2026 2:39:07 AM,BPD444,8M5CL,8M5CL,05/02/2026 3:47:26 PM,8M5CL,D1D,1,7255438
D535528,410,GR2MQ410JKA0,0,0,0,0,0,0,0.3200137,1.5176887354,0,0,0,0,0,0,0,1.5243422731,0,0,0,3.3620447085,D5355280,PNCB,01/30/2026 2:39:07 AM,BPD444,8M5CL,8M5CL,05/07/2026 8:44:24 PM,8M5CL,D1D,2,7255495
D536634,377,GQ7JF377JKC0,1.1861605052,0,0,0,0,0,0.084285016,0,0,0,0,0,0,0,0,3.55779371,0,1.9914387358,1.9946447969,8.2239060936,D5366340,PXMG,01/29/2026 10:23:41 PM,BPD454,8M5CL,8M5CL,04/12/2026 4:10:33 AM,8M5CL,D1D,1,7300713
D536634,378,GQ7JF378JKG2,0,0,0,0,0,0,0.1945200893,1.2007134624,0.636453458,0,0,0,0,0,0,3.8939249195,0,7.1952640149,8.9263498609,22.047225805,D5366340,PXMG,01/29/2026 10:23:41 PM,BPD454,8M5CL,8M5CL,04/13/2026 6:17:39 PM,8M5CL,D1D,2,7300660
D535528,427,GR2MQ427JKE6,0,0,0,0,0,0,0.2161632494,0,0,0,0,0,0,0,0,4.3542983257,0,8.1949414053,0,12.76540298,D5355280X,PNCB,01/31/2026 9:31:58 AM,BPD450,8M5CL,8M5CL,05/03/2026 10:35:57 PM,8M5CL,D1D,1,8039712
D535528,428,GR2MQ428JKB5,0,0,0,0,0,0,0.1649040322,0,1.8135193441,0,0,0,0,0,0,0,0,1.5255748033,0,3.5039981796,D5355280X,PNCB,01/31/2026 9:31:58 AM,BPD450,8M5CL,8M5CL,05/03/2026 8:52:29 PM,8M5CL,D1D,2,8039723
D533437,226,GQ5EV226JKA2,0,0,0,0,0,0,0.303888982,0,0,0,0,0,0,0,0,0,1.2000668948,3.0041577027,0,4.5081157787,D5334370,PXMG,02/04/2026 9:32:15 AM,BPD450,8M5CL,8M5CL,04/18/2026 11:40:37 AM,8M5CL,D1D,1,7178818
D533437,227,GQ5EV227JKE4,0,0,0,0,0,0,0.3962647115,0,2.0146643741,0,0,0,0,0,0,0.7310706744,0,2.4224065624,0,5.5644063225,D5334370,PXMG,02/04/2026 9:32:15 AM,BPD450,8M5CL,8M5CL,04/17/2026 4:10:33 AM,8M5CL,D1D,2,7178820
D533437,281,GQ5EV281JKG0,0,0,0,0,0,0,0.37004601,0.9240400515,4.8643046449,0,0,0,0,0,0,7.9224675719,0,7.8703230408,0,21.951181319,D5334370,PXMG,02/04/2026 9:32:15 AM,BPD450,8M5CL,8M5CL,04/10/2026 5:07:45 PM,8M5CL,D1D,3,7178798
D533437,287,GQ5EV287JKC0,0,0,0,0,0,0,0,0,0,0,0,0,0,0,0.369426985,0,1.7842051603,12.012613857,0,14.166246002,D5334370,PXMG,02/04/2026 9:32:15 AM,BPD450,8M5CL,8M5CL,04/18/2026 11:16:50 AM,8M5CL,D1D,4,7178693
D535549,402,GR2MQ402JKE0,0.8722747036,0,0,0,0,0,0,1.2170689842,0,0,0,0,0,0,0,0,1.1075571429,2.8485504281,0,6.0454512588,D5355490,PXMG,02/11/2026 4:40:17 AM,BPD454,8M5CL,8M5CL,06/30/2026 2:13:30 PM,8M5CL,D1D,1,7263402
D535549,403,GR2MQ403JKA7,1.51672648,0,0,0,0,0,0.5763499387,0,0,0,0,0,0,0,0,0,0,1.7706842356,0,3.863762873,D5355490,PXMG,02/11/2026 4:40:17 AM,BPD454,8M5CL,8M5CL,02/14/2026 9:40:24 AM,8M5CL,D1D,2,7263332
D533E8Q,277,GQ8TZ277JKF3,0.912753841,0,0,0,0,0,0,0,0,0,0,0,0,0,0,3.3038637217,0,1.3811440887,0,5.5977616515,D533E8Q0,X78D,02/20/2026 6:50:17 AM,BPD450,8M5CL,8M5CL,03/27/2026 9:43:10 AM,8M5CL,D1D,1,7193531
D533E8Q,278,GQ8TZ278JKC2,0,0,0,0,0,0,0,0.7905396319,0.878655337,0,0,0,0,0,0,3.218477745,0,0.6264192859,0,5.5140919998,D533E8Q0,X78D,02/20/2026 6:50:17 AM,BPD450,8M5CL,8M5CL,02/23/2026 7:52:19 AM,8M5CL,D1D,2,7193529
D533E5E,64,MC6XG064WAH1,0,0,0,0,0,0,0,0,0,0,0,0,0,0,0,0,0,0,0,0,D533E5E0,X78D,02/17/2026 11:06:23 PM,BPD450,8M5CL,8M5CL,02/18/2026 4:43:29 PM,8M5CL,D1D,1,7193570
D533E5E,156,MC6XG156WAC7,0,0,0,0,0,0,0,5.5394117182,0,0,2.6159641652,0,0,0,0,0,0,4.5592975425,0,11.865791451,D533E5E0,X78D,02/17/2026 11:06:23 PM,BPD450,8M5CL,8M5CL,02/18/2026 4:43:06 PM,8M5CL,D1D,2,7193591
D533E5E,161,MC6XG161WAA7,0,0,0,0,0,0,0,2.1350938248,0,0,0,0,0,0,0,0,0,6.975103316,0,9.1101971408,D533E5E0,X78D,02/17/2026 11:06:23 PM,BPD450,8M5CL,8M5CL,02/18/2026 4:43:34 PM,8M5CL,D1D,3,7193573
D533E5E,240,MC6XG240WAB4,0,0,0,0,0,0,0,3.0932812994,0,0,0,0,0,0,0,3.2764819112,0,6.1091399905,0,12.478905179,D533E5E0,X78D,02/17/2026 11:06:23 PM,BPD450,8M5CL,8M5CL,02/18/2026 4:43:27 PM,8M5CL,D1D,4,7193588
D535523,811,GP8YG811JKG7,0,0,0,0,0,0,0.0787604711,7.7702191444,0,0,0,0,0,0,0,2.3675226384,0,1.5364712549,0,11.477613633,D5355230,PNCB,03/29/2026 10:46:14 AM,BPD442,8M5CL,8M5CL,06/07/2026 9:11:20 PM,8M5CL,D1D,1,7250665
D535523,812,GP8YG812JKD6,0.8199194236,0,0,0,0,0,0,1.1440174734,0,0,0,0,0,0,0,0,0,6.9983273727,0.3408158336,9.3030801033,D5355230,PNCB,03/29/2026 10:46:14 AM,BPD442,8M5CL,8M5CL,06/07/2026 8:55:20 PM,8M5CL,D1D,2,7250662
D603174,5,MCJ1W005WAG6,2.1681936532,0,0,0,0,0,0.5983264335,1.2978712104,1.5659201037,0,0,0,0,0,1.640875371,8.7014671953,0,7.0887408187,1.4638053944,22.886900752,D6031740,PXMG,03/21/2026 8:28:17 AM,BPD442,8M5CL,8M5CL,06/30/2026 10:50:36 PM,8M5CL,D1D,1,7940868
D603174,7,MCJ1W007WAA4,0.6634261138,0,0,0,0,0,0.9954364802,1.0718538889,0,0,0,0,0,0,0,3.1029057835,0,0,0,5.833624485,D6031740,PXMG,03/21/2026 8:28:17 AM,BPD442,8M5CL,8M5CL,06/30/2026 5:33:00 PM,8M5CL,D1D,2,7940621
D602627,746,GT5JE746JKG7,0,0,0,0,0,0,0,0.9974383197,2.2447024517,0,0,0,0,0,0,0,0,2.7778106521,0,6.0199514234,D6026270,PXMG,04/03/2026 2:10:58 PM,BPD442,8M5CL,8M5CL,06/30/2026 4:47:42 PM,8M5CL,D1D,1,7903594
D602627,759,GT5JE759JKC0,0,0,0,0,0,0,0,1.8182670632,0.9637952089,0,0,0,0,0,0,0,0,0,0,2.782062272,D6026270,PXMG,04/03/2026 2:10:58 PM,BPD442,8M5CL,8M5CL,06/30/2026 4:59:47 PM,8M5CL,D1D,2,7903539
D602627,761,GT5JE761JKC0,0,0,0,0,0,0,0,1.0627704189,0.5633348839,0,0,0,0,0,0,0,2.8583643069,2.2897266646,0.4594984421,7.2336947164,D6026270,PXMG,04/03/2026 2:10:58 PM,BPD442,8M5CL,8M5CL,06/30/2026 4:46:53 PM,8M5CL,D1D,3,7903615
D602627,765,GT5JE765JKE2,0,0,0,0,0,0,0,0,2.1461417217,0,0,0,0,0,0,0.7620219215,5.1308692095,3.2562797516,0.4789522438,11.774262629,D6026270,PXMG,04/03/2026 2:10:58 PM,BPD442,8M5CL,8M5CL,06/30/2026 4:47:01 PM,8M5CL,D1D,4,7903663
D602851,480,KJ7KQ480WFB1,0,0,0,0,0,0,0,0,0,0.601566773,0,0,0,0,0,2.7563158933,0,0,0,3.3578826663,D602851A,PR8B,03/29/2026 6:56:39 AM,BPD442,8M5CL,8M5CL,04/08/2026 2:08:22 PM,8M5CL,D1D,1,8199089
D602851,481,KJ7KQ481WFF3,0,0,0,0,0,0,0,18.918574382,3.9331295659,0,0,0,0,0,0,0,0,0,0,22.851703948,D602851A,PR8B,03/29/2026 6:56:39 AM,BPD442,8M5CL,8M5CL,04/08/2026 2:08:42 PM,8M5CL,D1D,2,8199087
D602851,483,KJ7KQ483WFG4,0,0,0,0,0,0,9.965910631,1.5379007206,0,0,0,0,0,0,0,0,0,1.5374546612,0,13.041266013,D602851A,PR8B,03/29/2026 6:56:39 AM,BPD442,8M5CL,8M5CL,04/08/2026 2:08:44 PM,8M5CL,D1D,3,8199015
D602851,484,KJ7KQ484WFD3,10.556077197,0,0,0,0,0,0,9.7409949315,10.292573797,0,0,0,0,0,0,0,0,0,0,30.589645925,D602851A,PR8B,03/29/2026 6:56:39 AM,BPD442,8M5CL,8M5CL,04/08/2026 2:08:29 PM,8M5CL,D1D,4,8199064
D602851,505,KJ7KQ505WFA2,0,0,0,0,0,0,0.3654602343,26.31407388,0,0,0,0,0,0,0,0,0,2.7036730434,0,29.383207158,D602851A,PR8B,03/29/2026 6:56:39 AM,BPD442,8M5CL,8M5CL,04/08/2026 2:08:51 PM,8M5CL,D1D,5,8199031
D602851,511,KJ7KQ511WFC4,0,0,0,0,0,0,0,7.7604510471,0,0,0,0,0,0,0,9.5136784312,0,7.8772325927,0,25.151362071,D602851A,PR8B,03/29/2026 6:56:39 AM,BPD442,8M5CL,8M5CL,04/08/2026 2:08:31 PM,8M5CL,D1D,6,8199020
D602109,26,KJ7KK026WFA7,1.9250297424,0,0,0,0,0,0.6549466115,0.964758065,0.711862156,0,0,0,0,0,0,0,0,7.2492832004,0.9305537581,12.116976347,D6021090,PXMG,04/11/2026 12:17:56 AM,BPD448,8M5CL,8M5CL,07/03/2026 4:34:56 PM,8M5CL,D1D,1,7907792
D602109,27,KJ7KK027WFF1,0,0,0,0,0,0,0,2.4075366515,0,0,0,0,0,0,0,0,0,1.6578331044,0,4.0653697559,D6021090,PXMG,04/11/2026 12:17:56 AM,BPD448,8M5CL,8M5CL,07/04/2026 7:25:49 PM,8M5CL,D1D,2,7907743
D602104,4,KJ7KK004WFF4,0,0,0,0,0,0,0.2106842799,0,3.1448697307,0,0,0,0,0,0,0,0,4.0430269321,0,7.3985809426,D6021040,PXMG,04/09/2026 8:25:11 PM,BPD450,8M5CL,8M5CL,06/22/2026 4:39:27 AM,8M5CL,D1D,1,7907507
D602104,21,KJ7KK021WFB6,0,0,0,0,0,0,1.150188278,0,0.5633348839,0,0,0,0,0,0,0,0,0.7632422215,0,2.4767653834,D6021040,PXMG,04/09/2026 8:25:11 PM,BPD450,8M5CL,8M5CL,06/22/2026 7:14:07 AM,8M5CL,D1D,2,7907584
D601571,148,5DXBG148MVB1,4.4078692074,0,0,0,0,0,0.4204888759,0,0.5583793179,0,0,0,0,0,0,0,0,3.0918687793,0.7299176669,9.2085238473,D6015710,PXMG,04/10/2026 8:36:32 AM,BPD458,8M5CL,8M5CL,07/04/2026 5:52:53 AM,8M5CL,D1D,1,7890633
D601571,156,5DXBG156MVE4,0,0,0,0,0,0,0.2843358094,0,0,0,0,0,0,0,0,1.354400827,0.7443422826,2.1035285897,0,4.486609708,D6015710,PXMG,04/10/2026 8:36:32 AM,BPD458,8M5CL,8M5CL,07/04/2026 10:08:26 PM,8M5CL,D1D,2,7890728
D603136,15,A26FX015SLH2,1.1883503891,0,0,0,0,0,0,0,0,0,0,0,0,0,0,3.4465711248,0,3.3156662089,0,7.9505877228,D6031360,PXMG,04/09/2026 7:11:18 PM,BPD432,8M5CL,8M5CL,07/04/2026 8:33:40 PM,8M5CL,D1D,1,7937636
D603136,21,A26FX021SLC1,0,0,0,0,0,0,0.2240914662,0,1.9030024808,0,0,0,0,0,0,1.0674297465,0,3.119308835,0,6.120044441,D6031360,PXMG,04/09/2026 7:11:18 PM,BPD432,8M5CL,8M5CL,07/03/2026 4:34:13 PM,8M5CL,D1D,2,7937739
D602101,36,A25YU036SLA6,0,0,0,0,0,0,1.0690533811,1.5263944123,3.8481703637,0,0,0,0,0,0,0,0.842543589,0,0,7.2861617462,D6021010,PXMG,04/10/2026 10:27:41 PM,BPD454,8M5CL,8M5CL,07/06/2026 1:26:37 AM,8M5CL,D1D,1,7905064
D602101,37,A25YU037SLF0,0.7616891124,0,0,0,0,0,0.0816491679,1.8262345132,3.2331295501,0,0,0,0,0,0,7.3047161801,0,2.4874152749,0,15.694833798,D6021010,PXMG,04/10/2026 10:27:41 PM,BPD454,8M5CL,8M5CL,07/02/2026 2:52:33 PM,8M5CL,D1D,2,7905063
D602644,2,GT7EJ002JKF4,0,0,0,0,0,0,0.5129656396,0,6.7202215457,0,0,0,0,0,0,5.1077192806,0.5825948148,1.5159811549,0.7313295594,11.621971652,D6026440,PXMG,04/08/2026 10:07:37 PM,BPD442,8M5CL,8M5CL,07/05/2026 9:56:37 AM,8M5CL,D1D,1,7912479
D602644,3,GT7EJ003JKC3,0,0,0,0,0,0,0.0816491679,0,1.9030024808,0,0,0,0,0,0,0,0,0.7632422215,1.4727912403,4.2206851105,D6026440,PXMG,04/08/2026 10:07:37 PM,BPD442,8M5CL,8M5CL,07/04/2026 7:28:31 PM,8M5CL,D1D,2,7912585
D602624,679,GT6ER679JKD5,0,0,0,0,0,0,0.1826900131,0,0,0,0,0,0,0,0,2.9611845715,2.5482483424,1.7591002599,0,6.6844332204,D6026240,PXMG,04/09/2026 4:10:31 PM,BPD432,8M5CL,8M5CL,06/02/2026 3:39:02 AM,8M5CL,D1D,1,7903330
D602624,680,GT6ER680JKG6,0,0,0,0,0,0,0.6931424839,5.3365426412,8.8431031799,0,0,0,0,0,0,13.556304051,0,2.7920461358,0,28.451025073,D6026240,PXMG,04/09/2026 4:10:31 PM,BPD432,8M5CL,8M5CL,06/02/2026 3:51:32 AM,8M5CL,D1D,2,7903450
D602586,566,KJ7YP566WFG6,0,0,0,0,0,0,0,0.8392425211,1.4062977617,0,0,0,0,0,0,0,0,9.0963061723,0.5051057258,11.846954306,D6025860,PNCB,04/08/2026 4:13:45 AM,BPD450,8M5CL,8M5CL,06/10/2026 3:16:13 PM,8M5CL,D1D,1,7909720
D602586,567,KJ7YP567WFD5,0,0,0,0,0,0,0,0,0,0,0,0,0,0.9310001335,0,0,0.9329263407,6.1433167432,0.4432416728,8.4504848903,D6025860,PNCB,04/08/2026 4:13:45 AM,BPD450,8M5CL,8M5CL,06/09/2026 2:20:28 PM,8M5CL,D1D,2,7909757
D602850,758,KJ7KR758WFE5,0,0,0,0,0,0,0,0,1.0513489956,0,0,0,0,0,0,3.6339294953,0,3.4946072417,0,8.179887882,D6028500,PR8B,04/06/2026 4:04:37 PM,BPD458,8M5CL,8M5CL,05/21/2026 11:47:39 AM,8M5CL,D1D,1,7903172
D602850,759,KJ7KR759WFB4,0,0,0,0,0,0,0.3722495527,1.7260777701,0,0,0,0,0,0,0,0,0,0,1.6648796236,3.7632089466,D6028500,PR8B,04/06/2026 4:04:37 PM,BPD458,8M5CL,8M5CL,05/24/2026 3:45:59 AM,8M5CL,D1D,2,7903175
D602850,760,KJ7KR760WFE5,0,0,0,0,0,0,0,3.9422078432,0,0,0,0,0,0,0,0,0,0,0.6136120115,4.5558198548,D6028500,PR8B,04/06/2026 4:04:37 PM,BPD458,8M5CL,8M5CL,05/21/2026 12:55:08 PM,8M5CL,D1D,3,7903289
D602850,761,KJ7KR761WFB4,0,0,0,0,0,0,0,0,0,0,0,0,0,0,0,0,0,0,0,0,D6028500,PR8B,04/06/2026 4:04:37 PM,BPD458,8M5CL,8M5CL,05/21/2026 12:50:40 AM,8M5CL,D1D,4,7903251
D602105,10,KJ7YR010WFA6,0,0,0,0,0,0,0.0885005928,0,2.1177706711,0,0,0,0,0,0,5.7579331931,0,3.381075838,0.498059397,11.843339692,D6021050,PXMG,04/12/2026 8:20:29 PM,BPD446,8M5CL,8M5CL,04/13/2026 7:21:38 AM,8M5CL,D1D,1,7907833
D602105,29,KJ7YR029WFG5,0,0,0,0,0,0,0.0895633685,0,0,0,1.736254024,0,0,0,0,3.7806249391,0,0,0,5.6064401128,D6021050,PXMG,04/12/2026 8:20:29 PM,BPD446,8M5CL,8M5CL,04/13/2026 7:21:45 AM,8M5CL,D1D,2,7907804
D602642,38,GT7EJ038JKA2,0,0,0,0,0,0,0,33.532534854,0,0,0,0,0,30.452304679,0,0,0,0,0,63.984839532,D6026420,PXMG,04/13/2026 3:14:28 PM,BPD448,8M5CL,8M5CL,07/07/2026 12:37:28 AM,8M5CL,D1D,1,7912780
D602642,39,GT7EJ039JKE4,0,0,0,0,0,0,0.1721732453,2.5437709505,0,0,0,0,0,0,0,0,0,0,0,2.7159441959,D6026420,PXMG,04/13/2026 3:14:28 PM,BPD448,8M5CL,8M5CL,07/06/2026 4:21:50 PM,8M5CL,D1D,2,7912478
D602642,40,GT7EJ040JKA2,0,0,0,0,0,0,0.5006698588,1.1872301083,0,0,0,0,0,0,0,5.3608790947,0,4.558073024,0,11.606852086,D6026420,PXMG,04/13/2026 4:38:33 PM,BPD444,8M5CL,8M5CL,07/02/2026 9:58:45 PM,8M5CL,D1D,3,7912858
D602642,42,GT7EJ042JKB3,1.2850443538,0,0,0,0,0,0,0,1.4981851508,0,0,0,0,0,0,1.1937353703,0,0.8535528323,0,4.8305199063,D6026420,PXMG,04/13/2026 4:38:33 PM,BPD444,8M5CL,8M5CL,07/06/2026 9:50:20 AM,8M5CL,D1D,4,7912631
D602611,6,KJD2F006WFF6,0,0,0,0,0,0,0.0782019122,0,0,0,0,0,0,0,0,0.7002046214,0,0,0,0.7784065335,D6026110,PNCB,04/13/2026 9:04:26 PM,BPD448,8M5CL,8M5CL,06/15/2026 9:38:05 PM,8M5CL,D1D,1,7924116
D602611,10,KJD2F010WFG7,0,0,0,0,0,0,0.4292604963,0,0.588214383,0,0,0,0,0,0,2.6890981287,0,0.7310178748,0,4.23524556,D6026110,PNCB,04/13/2026 9:04:26 PM,BPD448,8M5CL,8M5CL,06/15/2026 5:54:03 PM,8M5CL,D1D,2,7924172
D602611,11,KJD2F011WFD6,4.2219721734,0,0,0,0,0,0.2050340524,0,0,0,0,0,0,0,0,3.6167621602,0,0.7362391861,0,8.780007572,D6026110,PNCB,04/13/2026 9:04:26 PM,BPD448,8M5CL,8M5CL,06/15/2026 9:48:52 PM,8M5CL,D1D,3,7924186
D602611,13,KJD2F013WFE7,0,0,0,0,0,0,0.4189051153,1.8053526544,1.4586803081,0,0,0,0,0,0,0,0,0,0,3.6829402179,D6026110,PNCB,04/13/2026 9:04:26 PM,BPD448,8M5CL,8M5CL,06/15/2026 1:19:00 PM,8M5CL,D1D,4,7924212
D604216,458,KJ94L458WFG1,0,0,0,0,0,0,0.9280972409,5.0769105533,0,0,0,0,0,0,0,1.2312978703,0.9880279018,1.9637248353,0,9.1848889417,D6042160,PXMG,04/18/2026 11:07:06 AM,BPD446,8M5CL,8M5CL,07/05/2026 9:21:27 AM,8M5CL,D1D,1,7968490
D604216,523,KJ94L523WFA0,2.2662148105,0,0,0,0,0,0.2657769164,0,2.1522099411,0,0,0,0,0,0,4.087710122,0,8.2426565587,0,17.014570567,D6042160,PXMG,04/18/2026 11:07:06 AM,BPD446,8M5CL,8M5CL,07/03/2026 12:50:32 AM,8M5CL,D1D,2,7968444
D604217,144,KJ97L144WFD5,0,0,0,0,0,0,0.2130396333,1.8279676266,5.9164962054,0,0,0,0,0,0,9.8950489095,0,27.882122537,0,44.737157421,D6042170,PXMG,04/17/2026 9:59:45 PM,BPD436,8M5CL,8M5CL,07/06/2026 2:31:56 AM,8M5CL,D1D,1,7968553
D604217,149,KJ7YT149WFA6,0,0,0,0,0,0,0.2792512478,0,0.7653167316,0,0,0,0,0,0,2.1474773956,0,3.018689548,0,6.210734923,D6042170,PXMG,04/17/2026 9:59:45 PM,BPD436,8M5CL,8M5CL,07/06/2026 8:25:59 PM,8M5CL,D1D,2,7968478
D604217,153,KJ97L153WFD7,0,0,0,0,0,0,1.3626003633,1.2131668549,3.1867603664,0,0,0,0,0,0,8.3078804878,0,3.7796952923,0,17.5142546,D6042170,PXMG,04/17/2026 11:13:05 PM,BPD444,8M5CL,8M5CL,07/04/2026 10:49:43 PM,8M5CL,D1D,3,7968665
D604217,154,KJ97L154WFA6,0,0,0,0,0,0,1.800481905,2.8562476617,1.6981108972,0,0,0,0,0,0,0,0,5.3477300205,0.933428125,12.635998609,D6042170,PXMG,04/17/2026 11:13:05 PM,BPD444,8M5CL,8M5CL,07/07/2026 2:08:14 AM,8M5CL,D1D,4,7968632
D604217,171,KJ97L171WFE3,0,0,0,0,0,0,0.7721171311,1.0627704189,1.9030024808,0,0,0,0,0,0,1.6778016509,0,11.746164666,0,17.161856348,D6042170,PXMG,04/17/2026 11:13:05 PM,BPD444,8M5CL,8M5CL,07/04/2026 11:43:28 PM,8M5CL,D1D,5,7968585
D602629,1,KJ7YL001WFF5,0,0,0,0,0,0,0.3211785393,8.1921316986,0,0,0,0,0,0,0,1.1213292909,0,4.0785978086,0,13.713237337,D6026290,PXMG,04/18/2026 7:49:20 PM,BPD450,8M5CL,8M5CL,06/21/2026 9:31:39 AM,8M5CL,D1D,1,7907550
D602629,50,KJ7YL050WFB6,0,0,0,0,0,0,0,1.11863896,2.0030423046,0,0,0,0,0,0,1.8138772907,0,1.6067315391,0,6.5422900944,D6026290,PXMG,04/18/2026 7:49:20 PM,BPD450,8M5CL,8M5CL,06/21/2026 9:05:24 PM,8M5CL,D1D,2,7907575
D602645,27,A26FX027SLF4,0,0,0,0,0,0,0.2951173674,7.3887504799,3.1039397104,0,0,0,0,0,0,12.693241764,0,6.4520392763,0,29.229093054,D6026450,PXMG,04/17/2026 7:20:59 AM,BPD432,8M5CL,8M5CL,07/06/2026 12:22:09 PM,8M5CL,D1D,1,7912785
D602645,28,A26FX028SLC3,0.563217579,0,0,0,0,0,0,2.4934792411,0,0,0,0,0,0,0,0,0,0,0,3.0566968201,D6026450,PXMG,04/17/2026 7:20:59 AM,BPD432,8M5CL,8M5CL,07/06/2026 2:41:10 PM,8M5CL,D1D,2,7912799
D603185,30,KJ7YR030WFC3,0,0,0,0,0,0,0,0,0,0,0,0,0,0,0,0,0,5.5016373061,0.7299176669,6.2315549729,D6031850,PXMG,04/12/2026 7:33:50 PM,BPD454,8M5CL,8M5CL,04/13/2026 7:23:25 AM,8M5CL,D1D,1,7938479
D603185,55,KJ7YR055WFD1,0,0,0,0,0,0,0,0,1.339667597,0,0,0,0,0,0,0,0,0,0,1.339667597,D6031850,PXMG,04/12/2026 7:33:50 PM,BPD454,8M5CL,8M5CL,04/13/2026 7:24:16 AM,8M5CL,D1D,2,7938525
D602618,307,KJ7KE307WFG0,0,0,0,0,0,0,0,2.7614020421,0,0,0,0,0,0,0,0,0,1.7072766058,0,4.4686786479,D6026180,PNCB,04/14/2026 12:13:16 PM,BPD450,8M5CL,8M5CL,06/15/2026 2:40:48 PM,8M5CL,D1D,1,7923999
D602618,333,KJ7KE333WFC4,0,0,0,0,0,0,0.3654699881,0,0,0,0,0,0,0,0,0.7052058483,0,5.4070775572,0,6.4777533935,D6026180,PNCB,04/14/2026 12:13:16 PM,BPD450,8M5CL,8M5CL,06/17/2026 2:54:54 AM,8M5CL,D1D,2,7924072
D602618,357,KJ7KE357WFG3,1.2087656286,0,0,0,0,0,0.2235941286,0,0,0,0,0,0,0,0,1.8127985152,0,1.2265038564,0,4.4716621288,D6026180,PNCB,04/14/2026 12:13:16 PM,BPD450,8M5CL,8M5CL,06/16/2026 3:03:31 AM,8M5CL,D1D,3,7924030
D602618,412,KJ7KE412WFD1,0,0,0,0,0,0,0,0,0,0,0,0,0,0,0,3.3010557172,0,0.7310178748,0,4.032073592,D6026180,PNCB,04/14/2026 12:13:16 PM,BPD450,8M5CL,8M5CL,06/15/2026 4:33:44 PM,8M5CL,D1D,4,7924057
D603184,255,KJ7YN255WFH2,0,0,0,0,0,0,0,0,3.6475101707,0,0,0,0,0,0,7.6655944085,0,6.2216865614,0,17.534791141,D6031840,PXMG,04/16/2026 12:32:14 AM,BPD444,8M5CL,8M5CL,07/03/2026 11:24:47 PM,8M5CL,D1D,1,7938410
D603184,259,KJ7YN259WFC1,0,0,0,0,0,0,0.4771550746,0,2.9575968894,0,0,0,0,1.0899298609,0,5.6473445709,0,0.8619223408,0,11.033950955,D6031840,PXMG,04/16/2026 12:32:14 AM,BPD444,8M5CL,8M5CL,07/03/2026 11:49:12 PM,8M5CL,D1D,2,7938464
D603127,426,GT7PS426JKF3,0,0,0,0,0,0,0,0,0,0,0,0,0,0,0,3.5139731735,0,0,1.1715475216,3.7755798202,D6031270,PNCB,04/12/2026 10:12:30 AM,BPD448,8M5CL,8M5CL,06/09/2026 10:20:44 PM,8M5CL,D1D,1,7950883
D603127,427,GT7PS427JKC2,0,0,0,0,0,0,0,0,6.3324874095,0,0,0,0,0,0,8.1458145615,1.3836588192,1.9249230347,0.4432416728,17.503012253,D6031270,PNCB,04/12/2026 10:12:30 AM,BPD448,8M5CL,8M5CL,06/08/2026 4:05:01 AM,8M5CL,D1D,2,7951063
D603167,58,KJ7YR058WFB1,0,0,0,0,0,0,2.6346135173,2.2854604032,0.9475470506,0,0,0,0,0,0,0,1.6267663386,0,0,7.4943895089,D6031670,PXMG,04/15/2026 1:23:12 PM,BPD442,8M5CL,8M5CL,07/06/2026 3:12:48 AM,8M5CL,D1D,1,7942572
D603167,249,KJ7YN249WFF0,0,0,0,0,0,0,0.2397800876,2.5577422769,0,0,0,0,0,0,0,5.4831454319,0,1.6333583226,0,9.914026119,D6031670,PXMG,04/15/2026 1:23:12 PM,BPD442,8M5CL,8M5CL,07/07/2026 2:47:32 AM,8M5CL,D1D,2,7942550
D602108,239,KJ7KE239WFG6,0,0,0,0,0,0,0,0,1.3213031904,0,0,0,0,0,0,1.1978132614,0,2.5694083455,1.4253504113,6.5138752086,D6021080,PXMG,04/16/2026 9:48:25 AM,BPD458,8M5CL,8M5CL,07/01/2026 8:29:24 PM,8M5CL,D1D,1,7907494
D602108,249,KJ7KE249WFD7,0,0,0,0,0,0,0,1.0603298188,0,0,0,0,0,0,0,0,0,0.7632422215,0,1.8235720403,D6021080,PXMG,04/16/2026 9:48:25 AM,BPD458,8M5CL,8M5CL,04/17/2026 7:33:13 AM,8M5CL,D1D,2,7907709
D603148,527,GT7PS527JKB3,0,0,0,0,0,0,2.38253825,1.2949624588,3.1289957988,0,0,0,0,0,0,0.8907924216,0,0.9299928971,0,8.5517030966,D6031480,PXMG,04/15/2026 9:09:15 PM,BPD458,8M5CL,8M5CL,07/04/2026 7:26:52 AM,8M5CL,D1D,1,7945692
D603148,528,GT7PS528JKF5,1.0641887295,0,0,0,0,0,0.3130882758,1.0666672387,0,0,0,0,0,0,0,5.824201976,0,2.3162273456,0,10.584373566,D6031480,PXMG,04/15/2026 9:09:15 PM,BPD458,8M5CL,8M5CL,07/05/2026 9:13:39 AM,8M5CL,D1D,2,7945674
D604219,594,KJ9HF594WFF0,0,0,0,0,0,0,0.2271739535,1.0773883855,0,0,0,0,0,0,0,3.4939766613,1.5016972885,1.547480434,0,7.0109086724,D6042190,PXMG,04/15/2026 10:24:27 AM,BPD444,8M5CL,8M5CL,06/17/2026 4:24:48 AM,8M5CL,D1D,1,7968634
D604219,595,KJ9HF595WFB7,0,0,0,0,0,0,0,0,0,0,1.7378825699,0,0,0,0,1.8920863421,0,0.8380044596,0.8085286663,5.2765020378,D6042190,PXMG,04/15/2026 10:24:27 AM,BPD444,8M5CL,8M5CL,06/17/2026 8:32:09 PM,8M5CL,D1D,2,7968767
D602596,240,5DXBU240MVB0,0,0,0,0,0,0,0.796295221,2.4874795737,11.751898607,0,0,0,0,1.1263242908,0,3.7173873973,0,2.8253904613,3.973264904,25.806767026,D6025960,PNCB,04/16/2026 2:55:25 AM,BPD448,8M5CL,8M5CL,07/03/2026 5:34:38 PM,8M5CL,D1D,1,7917218
D602596,252,5DXBU252MVG5,0,0,0,0,0,0,0.225011127,0,1.6801829587,0,0,0,0,0,0,1.7303639358,0,6.032771763,0,9.6683319095,D6025960,PNCB,04/16/2026 2:55:25 AM,BPD448,8M5CL,8M5CL,07/03/2026 10:50:08 AM,8M5CL,D1D,2,7917339
D603140,130,A26LJ130SLG7,0,0,0,0,0,0,0,1.1058571538,0.5861729289,0,0,0,0,0,0,4.3470082809,0,3.8014679486,0,9.8405085114,D6031400,PXMG,04/15/2026 6:18:40 AM,BPD436,8M5CL,8M5CL,07/04/2026 1:40:50 PM,8M5CL,D1D,1,7937816
D603140,132,A26LJ132SLA5,0,0,0,0,0,0,0.6148990047,0,0,0,0,0,0,0,0,0,0,5.3013266979,0,5.9162257026,D6031400,PXMG,04/15/2026 6:18:40 AM,BPD436,8M5CL,8M5CL,07/04/2026 12:20:25 PM,8M5CL,D1D,2,7937813
D602641,301,GT7PS301JKF4,0,0,0,0,0,0,0.2655128878,0.743599828,4.606532897,0,0,0,0,0,0,3.4860245352,0,6.8624683434,0.919868844,15.6100651,D6026410,PXMG,04/21/2026 11:02:02 AM,BPD436,8M5CL,8M5CL,07/04/2026 8:18:08 PM,8M5CL,D1D,1,7912570
D602641,302,GT7PS302JKC3,0,0,0,0,0,0,0.2661527444,3.7838632758,0,0,0,0,0,0,0,0,0,2.8755149371,0,6.9255309573,D6026410,PXMG,04/21/2026 11:02:02 AM,BPD436,8M5CL,8M5CL,07/03/2026 4:29:19 PM,8M5CL,D1D,2,7912730
D602633,8,5DXAX008MVC1,2.1894209199,0,0,0,0,0,0,1.1342379537,0,0,0,0,0,0,0,2.0338488327,0,8.2888539776,0,13.646359485,D6026330,PXMG,04/20/2026 11:36:16 AM,BPD448,8M5CL,8M5CL,07/04/2026 8:45:50 PM,8M5CL,D1D,1,7909773
D602633,9,5DXAX009MVG3,0,0,0,0,0,0,0,0.7456787755,1.6781233664,0,0,0,0,0,0,2.6742143712,0,2.9513067972,0,8.0493210916,D6026330,PXMG,04/20/2026 11:36:16 AM,BPD448,8M5CL,8M5CL,07/04/2026 8:09:43 PM,8M5CL,D1D,2,7909835
D603183,375,KJ7KQ375WFE0,0,0,0,0,0,0,0.109580727,0,0,0,0,0,0,0,0,3.7454137354,0.7873176324,13.936168409,0,18.578480504,D6031830,PXMG,04/19/2026 7:52:15 AM,BPD454,8M5CL,8M5CL,07/03/2026 4:47:11 PM,8M5CL,D1D,1,7938262
D603183,380,KJ7KQ380WFC0,0,0,0,0,0,0,0,0,0,0,0,0,0,0,0,2.1592015808,0,7.9165189952,0,10.075722775,D6031830,PXMG,04/19/2026 7:52:15 AM,BPD454,8M5CL,8M5CL,07/04/2026 6:22:37 AM,8M5CL,D1D,2,7938312
D603180,38,A25YU038SLB7,0,0,0,0,0,0,0.3678859814,2.479397702,0,0,1.953469921,0,0,0,0,0,0,4.5758668289,0.9088255672,10.285446,D6031800,PXMG,04/19/2026 10:28:45 PM,BPD436,8M5CL,8M5CL,04/20/2026 8:03:51 AM,8M5CL,D1D,1,7938417
D603180,50,A25YU050SLG3,0,0,0,0,0,0,3.2408696282,2.506562339,2.0252411263,0,0,0,0,0,0,2.6051748975,0,3.6600587712,0,13.369965021,D6031800,PXMG,04/19/2026 10:28:45 PM,BPD436,8M5CL,8M5CL,07/05/2026 6:06:55 AM,8M5CL,D1D,2,7938411
D602632,173,KJ7KK173WFC3,0,0,0,0,0,0,0.3531637133,0,0,0,0,0,0,0,0,0,3.0668559009,1.9149747338,0,5.334994348,D6026320,PXMG,04/19/2026 11:46:41 PM,BPD454,8M5CL,8M5CL,07/06/2026 1:56:46 PM,8M5CL,D1D,1,7909638
D602632,183,KJ7KK183WFG7,0,0,0,0,0,0,0,0,0,0,0,0,0,0,0,0,0,0,0,0,D6026320,PXMG,04/19/2026 11:46:41 PM,BPD454,8M5CL,8M5CL,04/20/2026 8:03:55 AM,8M5CL,D1D,2,7909912
D603157,459,GT8RS459JKC5,0,0,0,0,0,0,0,0,1.339667597,0,0,0,0,0,0,0,0,2.421075326,0,3.760742923,D6031570,PXMG,04/25/2026 7:50:24 AM,BPD454,8M5CL,8M5CL,06/09/2026 10:09:17 PM,8M5CL,D1D,1,7944915
D603157,460,GT8RS460JKF6,0,0,0,0,0,0,0,2.7315722702,2.2337239974,0,0,0,0,0,0,0,0,3.860134064,0,8.8254281323,D6031570,PXMG,04/25/2026 7:50:24 AM,BPD454,8M5CL,8M5CL,06/09/2026 10:46:05 PM,8M5CL,D1D,2,7944819
D603157,461,GT8RS461JKC5,0,0,0,0,0,0,0.0863262452,0,0,0,0,0,0,0,0,1.1285778733,2.5391249354,0.8069644634,0,4.5609957361,D6031570,PXMG,04/25/2026 7:50:24 AM,BPD454,8M5CL,8M5CL,06/09/2026 9:17:26 PM,8M5CL,D1D,3,7944863
D603157,471,GT8RS471JKH1,0,0,0,0,0,0,0.2240914662,0,1.1266697677,0,0,0,0,0,0,0,0,4.5794533292,0,5.9302145631,D6031570,PXMG,04/25/2026 7:50:24 AM,BPD454,8M5CL,8M5CL,06/10/2026 6:22:49 AM,8M5CL,D1D,4,7944847
D604218,5,KJA6K005WFC3,0,0,0,0,0,0,0.5912287246,0,1.9793045157,0,0,0,0,0,0,8.914600367,0.6101522505,2.006534957,0,14.101820815,D6042180,PXMG,04/25/2026 11:43:57 PM,BPD432,8M5CL,8M5CL,04/26/2026 7:51:38 AM,8M5CL,D1D,1,7968398
D604218,24,KJA6K024WFH1,0,0,0,0,0,0,0.3339983607,2.471256228,7.2802854581,0,0,0,0,0,0,3.1207334053,0,1.1375785531,0.6848624597,15.028710067,D6042180,PXMG,04/25/2026 11:43:57 PM,BPD432,8M5CL,8M5CL,04/26/2026 7:56:10 AM,8M5CL,D1D,2,7968382
D603152,49,ICDKA049MMC0,0,0,0,0,0,0,0,1.0627704189,3.293478935,0,0,0,0,0,0,0,0.9671432685,1.6578331044,1.0530080184,8.0342337453,D6031520,PXMG,04/25/2026 3:18:06 PM,BPD436,8M5CL,8M5CL,04/26/2026 7:56:02 AM,8M5CL,D1D,1,7945010
D603152,50,ICDKA050MMF1,0.6338891796,0,0,0,0,0,0.474241957,2.7118145711,1.4945058731,0,0,0,0,1.386014465,0,0,0,0.8514569855,0.8215081492,8.1630437939,D6031520,PXMG,04/25/2026 3:18:06 PM,BPD436,8M5CL,8M5CL,04/26/2026 7:53:14 AM,8M5CL,D1D,2,7945050
D604223,134,ICDKA134MME7,0,0,0,0,0,0,0,0,0,0,0,0,0,0,0,0,0,0.9009897834,0,0.9009897834,D6042230,PXMG,04/25/2026 11:02:32 PM,BPD432,8M5CL,8M5CL,06/09/2026 10:33:54 AM,8M5CL,D1D,1,7972947
D604223,139,ICDKA139MME0,0,0,0,0,0,0,0,1.2982395192,0,0,0,0,0,0,0,2.1969772036,0,2.8780776998,0,6.3732944225,D6042230,PXMG,04/25/2026 11:02:32 PM,BPD432,8M5CL,8M5CL,06/09/2026 3:24:41 AM,8M5CL,D1D,2,7972901
D603149,4,A25YU004SLA7,0.65367107,0,0,0,0,0,0.3517217908,0,3.7303389125,0,0,0,0,0,0,10.310695126,0,0,0,15.046426899,D6031490,PXMG,04/24/2026 5:49:45 AM,BPD442,8M5CL,8M5CL,04/24/2026 9:26:29 AM,8M5CL,D1D,1,7945768
D603149,20,A25YU020SLA2,0,0,0,0,0,0,0.1061008672,0.773556583,1.7408635319,0,0,0,0,0,0,2.2393671692,0,4.3086254757,0,9.168513627,D6031490,PXMG,04/24/2026 5:49:45 AM,BPD442,8M5CL,8M5CL,04/24/2026 9:26:49 AM,8M5CL,D1D,2,7945826
D603162,11,GS4VR011JKC2,0,0,0,0,0,0,0.2240914662,0,1.339667597,0,0,0,0,0,0,0,0,2.8662541015,0,4.4300131647,D6031620,PXMG,04/24/2026 4:55:49 PM,BPD436,8M5CL,8M5CL,06/21/2026 7:43:30 AM,8M5CL,D1D,1,7942074
D603162,29,GS4VR029JKD7,1.1490789143,0,0,0,0,0,0,0,0,0,0,0,0,0,0,0,0,0,0,1.1490789143,D6031620,PXMG,04/24/2026 4:55:49 PM,BPD436,8M5CL,8M5CL,06/21/2026 9:54:16 PM,8M5CL,D1D,2,7942166
D604221,107,IEFQD107MMF3,0,0,0,0,0,0,0,2.8928211433,0,0,0,0,0,0,0,3.8877872532,0,0,1.1664759558,7.3923825367,D6042210,PXMG,04/23/2026 3:21:55 PM,BPD442,8M5CL,8M5CL,04/24/2026 7:58:16 AM,8M5CL,D1D,1,7972878
D604221,110,IEFQD110MMC2,0,0,0,0,0,0,0.0809309133,0,0,0,0,0,0,0,0,2.7661658372,0,4.3777466335,0,7.2248433841,D6042210,PXMG,04/23/2026 3:21:55 PM,BPD442,8M5CL,8M5CL,04/24/2026 7:58:22 AM,8M5CL,D1D,2,7972873
D602102,4,A26LJ004SLD7,0,0,0,0,0,0,0,0.7136435158,0.6087412178,0,0,0,0,0,0,0,0,7.3112041459,0,8.6335888795,D6021020,PXMG,04/23/2026 2:28:10 PM,BPD450,8M5CL,8M5CL,04/24/2026 7:58:15 AM,8M5CL,D1D,1,7905140
D602102,5,A26LJ005SLA6,0,0,0,0,0,0,0,0,1.4472758753,0,0,0,0,0,0,2.7765820154,0,0,0,4.2238578907,D6021020,PXMG,04/23/2026 2:28:10 PM,BPD450,8M5CL,8M5CL,04/24/2026 7:58:22 AM,8M5CL,D1D,2,7905085
D603144,511,GT8RS511JKB3,1.1883503891,0,0,0,0,0,0.1721732453,0,0,0,0,0,0,0,0,0,0,2.2897266646,0,3.650250299,D6031440,PXMG,04/28/2026 8:08:27 AM,BPD444,8M5CL,8M5CL,04/29/2026 7:14:07 AM,8M5CL,D1D,1,7945802
D603144,512,GT8RS512JKF5,0,0,0,0,0,0,0,1.0534213993,0,0,0,0,0,0,0,1.7081260978,0,1.6432494145,0,4.4047969116,D6031440,PXMG,04/28/2026 8:08:27 AM,BPD444,8M5CL,8M5CL,04/29/2026 7:13:56 AM,8M5CL,D1D,2,7945761
D603187,597,GS7FG597JKF4,0,0,0,0,0,0,0,3.770915788,2.9751536792,0,0,0,0,0,0,1.9135480921,1.59277558,17.917785644,0,27.804587978,D6031870,PXMG,04/26/2026 12:01:45 AM,BPD432,8M5CL,8M5CL,04/26/2026 7:56:00 AM,8M5CL,D1D,1,7937599
D603187,599,GS7FG599JKG5,0,0,0,0,0,0,1.1823642626,1.4727402095,0,0,0,0,0,0,0,4.0274028928,0,0,0,6.682507365,D6031870,PXMG,04/26/2026 12:01:45 AM,BPD432,8M5CL,8M5CL,07/03/2026 12:31:21 AM,8M5CL,D1D,2,7937515
D604208,5,5DXBQ005MVE4,0,0,0,0,0,0,0.2161632494,0,1.29227099,0,0,0,0,0,0,0,0,0,0,1.5084342394,D6042080,PNCB,04/26/2026 8:06:02 PM,BPD432,8M5CL,8M5CL,07/06/2026 10:50:26 PM,8M5CL,D1D,1,7970300
D604208,11,5DXBQ011MVG6,0,0,0,0,0,0,0.296862769,1.025170262,2.1931901881,0,0,0,0,0,0,8.1094927149,0,5.6632288675,0,17.287944802,D6042080,PNCB,04/26/2026 8:06:02 PM,BPD432,8M5CL,8M5CL,07/06/2026 11:25:32 PM,8M5CL,D1D,2,7970365
D602EQQ,70,A26XG070SLB5,0,0,0,0,0,0,0.345798029,0,0,0,1.438426167,0,0,0,0,0,0,0,0,1.7842258886,D602EQQA,X78E,04/30/2026 1:01:11 PM,BPD436,8M5CL,8M5CL,05/06/2026 12:32:14 PM,8M5CL,D1D,1,8224541
D602EQQ,72,A26XG072SLC6,0,0,0,0,0,0,0,0.5492430833,0,0,0,0,0,0,0,0,0,0.5077748074,0,1.0570178908,D602EQQA,X78E,04/30/2026 1:01:11 PM,BPD436,8M5CL,8M5CL,06/24/2026 1:43:02 PM,8M5CL,D1D,2,8224574
D603147,9,KJ7YR009WFF0,0,0,0,0,0,0,5.2533828984,0,0,0,0,0,0,0.9651464139,0,0,0,3.2174120852,0,9.4359391788,D6031470,PXMG,04/29/2026 4:35:30 PM,BPD436,8M5CL,8M5CL,07/04/2026 6:14:24 AM,8M5CL,D1D,1,7946169
D603147,19,KJ7YR019WFC1,0,0,0,0,0,0,0,0,0,0,0,0,0,0,0,5.5892405381,0,0,0,5.5892405381,D6031470,PXMG,04/29/2026 4:35:30 PM,BPD436,8M5CL,8M5CL,07/03/2026 5:52:44 PM,8M5CL,D1D,2,7946038
D603145,531,GT7PS531JKC4,0,0,0,0,0,0,0,0,2.0082722205,0,0,0,0,0,0,1.8186131846,1.020643442,4.5909019625,0,9.4384285909,D6031450,PXMG,05/19/2026 10:36:52 AM,BPD458,8M5CL,8M5CL,05/20/2026 5:30:39 AM,8M5CL,D1D,1,7945614
D603145,551,GT7PS551JKE1,0,0,0,0,0,0,0,0,0,0,0,0,0,0,0,1.6213195078,0,2.4221846897,0,4.0435019788,D6031450,PXMG,05/19/2026 10:36:52 AM,BPD458,8M5CL,8M5CL,05/20/2026 5:30:45 AM,8M5CL,D1D,2,7945709
D603E3K,38,A29PB038SLE6,0,0,0,0,0,0,0,0.9312826929,0,0,0,0,0,0,0,0,0,1.8863851021,0,2.8176661025,D603E3K0,X78E,06/23/2026 8:01:54 PM,BPD436,8M5CL,8M5CL,06/24/2026 8:48:44 AM,8M5CL,D1D,1,7961509
D603E3K,40,A29PB040SLE6,0,0,0,0,0,0,0.578556923,0,0,0,0,0,0,0,0,0,0,0.572262208,0,1.1508191309,D603E3K0,X78E,06/23/2026 8:01:54 PM,BPD436,8M5CL,8M5CL,06/24/2026 8:48:45 AM,8M5CL,D1D,2,7961455
D602EQQ,73,A26XG073SLH0,0,0,0,0,0,0,0,0.8477214306,0,0,0,0,0,0,0,0,0,0,0,0.8477214306,D602EQQ0,X78E,06/30/2026 11:54:14 PM,BPD446,8M5CL,8M5CL,07/01/2026 6:03:07 AM,8M5CL,D1D,1,7931042
D602EQQ,74,A26XG074SLD7,0,0,0,0,0,0,0.5916930572,0,0,0,0,0,0,0,0,1.8332396982,0,0,0,2.4249327554,D602EQQ0,X78E,06/30/2026 11:54:14 PM,BPD446,8M5CL,8M5CL,07/01/2026 6:03:01 AM,8M5CL,D1D,2,7931150
D602EQQ,75,A26XG075SLA6,0,0,0,0,0,0,0,0,0,0,0,0,0,0.73006082,0,0,0,0,0,0.73006082,D602EQQ0,X78E,06/30/2026 11:54:14 PM,BPD446,8M5CL,8M5CL,07/01/2026 6:02:55 AM,8M5CL,D1D,3,7930939
D602EQQ,236,A25ZW236SLC6,0,0,0,0,0,0,0,0,0,0,0,0,0,0,0,1.6608603066,0,0,0,1.6608603066,D602EQQ0,X78E,06/30/2026 11:54:14 PM,BPD446,8M5CL,8M5CL,07/01/2026 6:03:13 AM,8M5CL,D1D,4,7931103
D603E3J,228,GT4TS228JKH2,0,0,0,0,0,0,0,0,0,0,0,0,0,0,0,0,1.3879178069,0,0,1.3879178069,D603E3J0,X78E,06/30/2026 3:04:17 AM,BPD436,8M5CL,8M5CL,06/30/2026 8:41:22 AM,8M5CL,D1D,1,7961628
D603E3J,229,GT4TS229JKE1,0,0,0,0,0,0,0,0,0,0,0,0,0,0,0,0,0,0,0,0,D603E3J0,X78E,06/30/2026 3:04:17 AM,BPD436,8M5CL,8M5CL,06/30/2026 8:41:28 AM,8M5CL,D1D,2,7961431
D542936,383,KJ4AD383WFD6,0,0,0,0,0,0,0,0,0,0,0,0,0,0,0,0,0,8.5682503655,0,8.5682503655,D542936A,PXMG,01/13/2026 2:10:17 AM,BPD444,8M5CL,8M5CL,03/21/2026 9:51:51 PM,8M5CL,D1D,1,7614921
D542936,384,KJ4AD384WFA5,0,0,0,0,0,0,0.0809309133,0,0,0,0,0,0,0,0,0,0,3.5554621633,0,3.6363930767,D542936A,PXMG,01/13/2026 2:10:17 AM,BPD444,8M5CL,8M5CL,03/21/2026 10:01:24 PM,8M5CL,D1D,2,7614886
D542936,387,KJ4AD387WFG0,1.6605377331,0,0,0,0,0,0,0,3.9150043821,0,0,0,0,0,0,10.562313856,0,6.8634845206,2.0764603693,20.890594128,D542936A,PXMG,01/13/2026 2:10:17 AM,BPD444,8M5CL,8M5CL,03/21/2026 11:53:09 PM,8M5CL,D1D,3,7614904
D542936,389,KJ4AD389WFH1,0,0,0,0,0,0,0.4691255002,0.7047388178,0.7270636527,0,0,0,0,0,0,3.8277728961,0,3.493375179,0,9.2220760459,D542936A,PXMG,01/13/2026 2:10:17 AM,BPD444,8M5CL,8M5CL,03/22/2026 12:06:09 AM,8M5CL,D1D,4,7614915
D544121,290,GT4QE290JDC2,0,0,0,0,0,0,0.539881766,0,0,0,0,0,0,0,0,0,3.6588448075,1.2276251903,0,5.4263495645,D5441210,PXMG,01/22/2026 7:45:31 AM,BPD436,8M5CL,8M5CL,02/28/2026 8:26:48 AM,8M5CL,D1D,1,7557884
D544121,292,GT4QE292JDD3,1.3738242462,0,0,0,0,0,0,0,1.6016909507,0,0,0,0,0,0,0,0,0.9125224385,0.5493713554,4.4374089908,D5441210,PXMG,01/22/2026 7:45:31 AM,BPD436,8M5CL,8M5CL,02/28/2026 8:54:22 PM,8M5CL,D1D,2,7557846
D542486,37,A20V6037SLE4,0.78657214,0,0,0,0,0,0,1.4711760067,0,0,2.7670414876,0,2.0270892475,0,0,3.3345631101,0,1.0565446699,0,11.442984443,D5424860,PXMG,01/30/2026 2:55:19 AM,BPD446,8M5CL,8M5CL,03/29/2026 11:01:33 AM,8M5CL,D1D,1,7495968
D542486,41,A20HR041SLD5,0,0,0,0,0,0,0,1.5439369527,1.339667597,0,0,0,0,0,0,3.4849662022,0,9.3250893398,0.7363956201,16.430055712,D5424860,PXMG,01/30/2026 2:55:19 AM,BPD446,8M5CL,8M5CL,04/01/2026 1:39:25 AM,8M5CL,D1D,2,7495920
D542458,526,GT1MH526JKC2,0,0,0,0,0,0,0.1028988181,0,0,0,0,0,0,0,0,2.1717744621,0,0,0,2.2746732802,D5424580,PXMG,01/30/2026 10:43:06 PM,BPD450,8M5CL,8M5CL,04/21/2026 11:28:42 AM,8M5CL,D1D,1,7489982
D542458,527,GT1MH527JKG4,0.6817572395,0,0,0,0,0,0,0,0,0,0,0,0,0,0,4.0261226871,0,0.9953499498,0,5.7032298764,D5424580,PXMG,01/30/2026 10:43:06 PM,BPD450,8M5CL,8M5CL,04/20/2026 1:05:49 PM,8M5CL,D1D,2,7490021
D542461,12,KJ3LK012WFE3,0,0,0,0,0,0,0.1706586651,0.8946098763,0,0,0,0,0,0,0,4.0386109192,0,4.0653599056,1.4013209638,10.287614421,D5424610,PXMG,01/29/2026 7:54:44 PM,BPD444,8M5CL,8M5CL,05/03/2026 11:55:32 PM,8M5CL,D1D,1,7490166
D542461,13,KJ3LK013WFB2,0,0,0,0,0,0,0.5131406142,0.7200591304,0,0,0,0,0,0,0,0,0,11.762687529,0,12.995887273,D5424610,PXMG,01/29/2026 7:54:44 PM,BPD444,8M5CL,8M5CL,05/02/2026 3:27:13 PM,8M5CL,D1D,2,7490095
D543558,609,GS4VS609JKE6,0,0,0,0,0,0,0,5.9135341706,0,0,0,0,0,2.5245612088,0,10.516530416,0,0,0,17.471402099,D5435580AB,PXMG,01/27/2026 9:33:30 PM,BPD450,8M5CL,8M5CL,03/29/2026 7:37:46 PM,8M5CL,D1D,1,8016620
D543558,615,GS4VS615JKH0,0,0,0,0,0,0,0.1721732453,0,0,0,0,0,0,0,0,0,0,2.6842807373,0,2.8564539826,D5435580AB,PXMG,01/27/2026 9:33:30 PM,BPD450,8M5CL,8M5CL,06/07/2026 10:48:14 PM,8M5CL,D1D,2,8016726
D543558,622,GS4VS622JKG1,0,0,0,0,0,0,0,5.9728487522,0,0,0,0,0,1.1230835626,0,0,0,0.8881398017,0,7.446114659,D5435580AB,PXMG,01/27/2026 9:33:30 PM,BPD450,8M5CL,8M5CL,03/29/2026 10:53:27 PM,8M5CL,D1D,3,8016749
D543558,623,GS4VS623JKD0,0,0,0,0,0,0,0,0.7634640943,2.87314325,0,0,0,0,0,0,2.4543562368,0,5.9798208701,0,12.070784451,D5435580AB,PXMG,01/27/2026 9:33:30 PM,BPD450,8M5CL,8M5CL,03/29/2026 11:22:03 AM,8M5CL,D1D,4,8016725
D543558,607,GS4VS607JKD5,2.3627183582,0,0,0,0,0,0,0.9250318227,3.2463509466,0,0,0,0,0,0,4.6746256405,0,0.9247633567,0,12.133490125,D5435580,PXMG,01/27/2026 4:01:01 PM,BPD454,8M5CL,8M5CL,03/29/2026 7:22:30 AM,8M5CL,D1D,1,7526890
D543558,618,GS4VS618JKF0,0,0,0,0,0,0,0,0.8448109741,0,0,0,0,0,0,0,3.8138033153,0,0,0,4.6586164886,D5435580,PXMG,01/27/2026 4:01:01 PM,BPD454,8M5CL,8M5CL,03/29/2026 9:49:09 AM,8M5CL,D1D,2,7526839
D543556,627,GS4VS627JKF2,1.8779397363,0,0,0,0,0,0.0872913916,0,1.4322351223,0.4981264859,0,0,0,0,0,6.7489737814,0,0,0,10.644566518,D5435560,PXMG,02/07/2026 12:04:40 AM,BPD448,8M5CL,8M5CL,04/04/2026 2:25:31 AM,8M5CL,D1D,1,7526910
D543556,631,GS4VS631JKG3,0,0,0,0,0,0,0,2.2974212112,1.8562583322,0,0,0,0,0,0,0,0,0,0,4.1536795434,D5435560,PXMG,02/07/2026 12:04:40 AM,BPD448,8M5CL,8M5CL,04/03/2026 9:15:37 PM,8M5CL,D1D,2,7526849
D544618,201,A22K0201SLG0,0,0,0,0,0,0,0,0,1.339667597,0,0,0,0,0,0,1.8992705814,1.4306221075,8.5284863332,0,12.086881318,D5446180,PXMG,02/03/2026 7:23:20 PM,BPD446,8M5CL,8M5CL,04/24/2026 7:05:11 AM,8M5CL,D1D,1,7552883
D544618,202,A22K0202SLC7,0,0,0,0,0,0,0.3413173302,0,0.5583793179,0,0,0,0,0,0,0,0,0,0,0.8996966481,D5446180,PXMG,02/03/2026 7:23:20 PM,BPD446,8M5CL,8M5CL,04/24/2026 7:32:20 AM,8M5CL,D1D,2,7552806
D542484,2,A20V6002SLG5,0,0,0,0,0,0,0.7947679596,0.7626485034,1.7163137551,0,0,0,0,0,0,1.3675367059,1.8376903323,12.410443274,0,18.418967605,D5424840,PXMG,02/04/2026 7:29:06 PM,BPD448,8M5CL,8M5CL,03/30/2026 12:02:31 PM,8M5CL,D1D,1,7495743
D542484,3,A20V6003SLD4,0.7995472578,0,0,0,0,0,0,0.624871288,1.4062538246,0,0,0,0,0,0.3377058396,0,1.8093433416,2.0250702056,0,7.0027917571,D5424840,PXMG,02/04/2026 7:29:06 PM,BPD448,8M5CL,8M5CL,03/30/2026 3:59:39 PM,8M5CL,D1D,2,7495686
D543534,7,KJ41L007WFB3,0,0,0,0,0,0,4.4197870502,0,15.112675231,0,0,0,0,0,0,10.207299724,0,0.8013666142,0,29.200089849,D5435340,PXMG,02/03/2026 12:08:40 PM,BPD442,8M5CL,8M5CL,04/10/2026 12:43:06 PM,8M5CL,D1D,1,7524315
D543534,9,KJ41L009WFC4,0,0,0,0,0,0,0.181088092,0.6261049004,0,0,0,0,0,0,0,0,0,5.3950442047,0,6.2022349784,D5435340,PXMG,02/03/2026 12:08:40 PM,BPD442,8M5CL,8M5CL,04/10/2026 2:50:28 PM,8M5CL,D1D,2,7524298
D542480,155,KJ2TF155WFC7,0,0,0,0,0,0,0.6203561777,2.3427653428,0,0,0,0,0,0,0,0,0,2.4874152749,0,5.4505367954,D5424800,PXMG,02/12/2026 11:50:50 PM,BPD432,8M5CL,8M5CL,06/30/2026 1:35:09 PM,8M5CL,D1D,1,7494930
D542480,241,KJ30U241WFF3,0,0,0,0,0,0,0,1.1195498715,1.339667597,0,0,0,0,0,0,3.2409771888,0,6.771334116,0,12.471528773,D5424800,PXMG,02/12/2026 11:50:50 PM,BPD432,8M5CL,8M5CL,05/05/2026 3:43:12 AM,8M5CL,D1D,2,7494959
D543562,83,A1STT083SLG7,0,0,0,0,0,0,0.2240914662,0,3.2426700778,0,0,0,0,0,0,0,0,1.5264844431,0,4.9932459871,D5435620,PXMG,02/12/2026 10:38:00 AM,BPD448,8M5CL,8M5CL,05/12/2026 3:53:10 AM,8M5CL,D1D,1,7526763
D543562,85,A1STT085SLA5,0,0,0,0,0,0,0.4230114702,0,0,0,0,0,0,0,0,0,0,0.8855739748,0,1.308585445,D5435620,PXMG,02/12/2026 10:38:00 AM,BPD448,8M5CL,8M5CL,05/13/2026 10:09:55 AM,8M5CL,D1D,2,7526687
D543538,57,KJ40U057WFC1,0,0,0,0,0,0,0.5684379569,0,3.293478935,0,0,0,0,0,0,3.0964559429,0,3.4436046863,0,10.401977521,D5435380,PXMG,02/11/2026 8:47:41 AM,BPD432,8M5CL,8M5CL,04/10/2026 12:52:54 PM,8M5CL,D1D,1,7524920
D543538,77,KJ40U077WFD6,0,0,0,0,0,0,1.2209235259,0,4.325557698,0,0,0,0,0,0,4.3762201192,0,0,0,9.302380665,D5435380,PXMG,02/11/2026 8:47:41 AM,BPD432,8M5CL,8M5CL,04/10/2026 3:31:15 PM,8M5CL,D1D,2,7524987
D542491,206,KJ2TE206WFF4,0,0,0,0,0,0,2.1328946355,0,4.0120246743,0,0,0,0,0,0,0.7298011088,0,18.66547481,0,25.381854336,D5424910,PXMG,02/10/2026 1:16:36 AM,BPD450,8M5CL,8M5CL,04/30/2026 5:21:01 AM,8M5CL,D1D,1,7499430
D542491,251,KJ30R251WFB3,0,0,0,0,0,0,0.2746229825,1.302424039,0,0,0,0,0,0,0,1.3081328246,0,2.0316731383,0.902451834,5.8193070372,D5424910,PXMG,02/10/2026 1:16:36 AM,BPD450,8M5CL,8M5CL,04/29/2026 8:25:49 PM,8M5CL,D1D,2,7499414
D542477,46,KJ39E046WFF1,0.563217579,0,0,0,0,0,0,0,1.9366239754,0,0,0,1.209565281,0,0,0,0,0,0,3.7094068355,D5424770P,PXMG,02/10/2026 6:44:05 PM,BPD458,8M5CL,8M5CL,02/13/2026 7:11:42 PM,8M5CL,D1D,1,8094652
D542477,48,KJ39E048WFG2,0,0,0,0,0,0,0,0,1.9990705321,0,0,0,0,0,0,11.540891192,0,2.4106438122,0,15.950603337,D5424770P,PXMG,02/10/2026 6:44:05 PM,BPD458,8M5CL,8M5CL,05/04/2026 10:42:48 PM,8M5CL,D1D,2,8094698
D542477,75,KJ39F075WFA0,0,0,0,0,0,0,0,0,4.7994423685,0,0,0,0,0,0,3.4827341625,1.0129644265,3.3351865725,0,12.63032753,D5424770P,PXMG,02/10/2026 6:44:05 PM,BPD458,8M5CL,8M5CL,05/06/2026 6:16:47 PM,8M5CL,D1D,3,8094639
D542477,114,KJ39E114WFE3,0,0,0,0,0,0,1.1848307706,0,1.8862620755,0,0,0,0,0,0,0,0,1.6432494145,0,4.7143422607,D5424770P,PXMG,02/10/2026 6:44:05 PM,BPD458,8M5CL,8M5CL,02/13/2026 7:10:59 PM,8M5CL,D1D,4,8094638
D542477,6,KJ39E006WFB7,0,0,0,0,0,0,0.1706586651,0,1.8264435744,0,0,0,0,0,0,0,0,8.9083383343,0,10.905440574,D5424770,PXMG,02/11/2026 1:54:39 PM,BPD446,8M5CL,8M5CL,05/07/2026 1:59:09 AM,8M5CL,D1D,1,7495725
D542477,21,KJ39E021WFE3,0,0,0,0,0,0,1.8908039177,0.7005498605,1.339667597,0,0,0,0,0,0,5.5643708228,0,2.8492009628,0.8666149493,13.211210329,D5424770,PXMG,02/11/2026 1:54:39 PM,BPD446,8M5CL,8M5CL,05/06/2026 6:43:34 PM,8M5CL,D1D,2,7495642
D542488,451,MCEWL451WAG0,1.1490789143,0,0,0,0,0,0.2240914662,0,0,0,0,0,0,0,0,1.7232855624,0,0,0,3.0964559429,D5424880,PXMG,02/10/2026 3:42:09 AM,BPD432,8M5CL,8M5CL,04/23/2026 3:24:17 AM,8M5CL,D1D,1,7498097
D542488,463,MCEWL463WAE2,0.6163513748,0,0,0,0,0,0.8813273306,0,0.6110574913,0,0,0,0,0,0,3.6398666549,0.7460714903,6.0875467409,0.3434345937,12.925655676,D5424880,PXMG,02/10/2026 3:42:09 AM,BPD432,8M5CL,8M5CL,04/23/2026 8:58:02 PM,8M5CL,D1D,2,7498206
D543968,576,GS2HU576JKB4,0,0,0,0,0,0,0.8664885831,0,1.3278827576,0,0,0,0,0,0,0,3.0145907531,1.5788125732,0,6.787774667,D5439680,PXMG,02/11/2026 5:24:49 PM,BPD446,8M5CL,8M5CL,02/13/2026 3:42:19 PM,8M5CL,D1D,1,7546999
D543968,577,GS2HU577JKF6,0,0,0,0,0,0,0,0,0,0,0,0,0,0,0,0,1.8193564583,1.5264844431,0,3.3458409014,D5439680,PXMG,02/11/2026 5:24:49 PM,BPD446,8M5CL,8M5CL,04/04/2026 8:42:48 AM,8M5CL,D1D,2,7546935
D543526,585,GS3WB585JKE5,0,0,0,0,0,0,0,2.9900679647,0,0,0,0,0,0,0,0.8951544397,0,3.7381829029,0.9016730607,8.525078368,D5435260,PXMG,02/08/2026 4:44:24 AM,BPD444,8M5CL,8M5CL,04/19/2026 4:21:52 AM,8M5CL,D1D,1,7518850
D543526,586,GS3WB586JKB4,0.7549886563,0,0,0,0,0,2.001126793,0,0,0,0,0,0,0,0,0,0,4.9297482436,0,7.6858636929,D5435260,PXMG,02/08/2026 4:44:24 AM,BPD444,8M5CL,8M5CL,04/18/2026 11:23:57 AM,8M5CL,D1D,2,7518930
D542459,326,GT1WK326JKF5,0,0,0,0,0,0,0,0,1.3711126208,0,0,0,0,0,0,1.953711834,0,19.578674605,1.8113525981,24.714851658,D5424590,PXMG,02/08/2026 3:09:01 PM,BPD450,8M5CL,8M5CL,04/17/2026 8:47:12 PM,8M5CL,D1D,1,7490216
D542459,327,GT1WK327JKC4,0,0,0,0,0,0,0,0,0.7086992461,0,0,0,0,0,0,1.2317731028,1.116046501,3.7127718181,1.6913492004,8.4606398684,D5424590,PXMG,02/08/2026 3:09:01 PM,BPD450,8M5CL,8M5CL,04/21/2026 11:20:21 PM,8M5CL,D1D,2,7490172
D543548,6,A21L5006SLC4,0,0,0,0,0,0,0.9851909214,2.0465338737,2.5797432377,0,4.2725122548,0,0,0,0,3.3184599422,0,6.7821842762,0,19.984622307,D5435480,PXMG,02/09/2026 6:20:44 AM,BPD450,8M5CL,8M5CL,04/14/2026 7:45:04 AM,8M5CL,D1D,1,7525896
D543548,7,A21L5007SLG6,0,0,0,0,0,0,0,0,2.5679550791,0,0,0,0,0,0,0,0,20.44482739,0,22.801517466,D5435480,PXMG,02/09/2026 6:20:44 AM,BPD450,8M5CL,8M5CL,04/14/2026 4:36:03 AM,8M5CL,D1D,2,7525925
D543508,2,A22VF002SLB5,0,0,0,0,0,0,0,1.0178998896,0,0,0,0,0,0,0,0,0,7.039521505,0,8.0574213946,D5435080,PNCB,02/09/2026 2:31:52 PM,BPD444,8M5CL,8M5CL,04/08/2026 3:29:20 AM,8M5CL,D1D,1,7517955
D543508,3,A22VF003SLF7,0,0,0,0,0,0,0,2.6666711733,0,0,0,0,0,0,0,0,0,9.1025638045,0.8569032241,12.331366438,D5435080,PNCB,02/09/2026 2:31:52 PM,BPD444,8M5CL,8M5CL,04/15/2026 9:02:26 PM,8M5CL,D1D,2,7517885
D542470,63,KJ3FM063WFG4,2.2981578287,0,0,0,0,0,0,0,0.7363956201,0,0,0,0,0,0,1.0674297465,1.4344072565,2.2897266646,0.9492669819,8.2837584836,D5424700,PXMG,02/14/2026 6:23:32 PM,BPD436,8M5CL,8M5CL,05/01/2026 7:16:33 AM,8M5CL,D1D,1,7491988
D542470,276,KJ3LD276WFH1,0,0,0,0,0,0,0.271908076,2.1872700929,0,0,0,0,0,0,0,5.4220281177,0,5.1996550388,0,13.080863525,D5424700,PXMG,02/14/2026 6:23:32 PM,BPD436,8M5CL,8M5CL,04/30/2026 12:50:08 AM,8M5CL,D1D,2,7491967
D544117,237,KJ41M237WFG1,2.5161389197,0,0,0,0,0,0,1.521072967,0,0,0,0,0,0,0,4.9421553515,0,6.8787759898,2.6354110479,18.493554276,D5441170,PXMG,02/20/2026 11:40:31 PM,BPD432,8M5CL,8M5CL,02/23/2026 7:26:16 AM,8M5CL,D1D,1,7558067
D544117,243,KJ41M243WFB0,0,0,0,0,0,0,0.4633523716,1.3390663219,0.9307406082,0,0,0,0,0,0,3.5162391648,0,8.5010695189,0,14.106244957,D5441170,PXMG,02/20/2026 11:40:31 PM,BPD432,8M5CL,8M5CL,02/23/2026 7:21:51 AM,8M5CL,D1D,2,7558018
D544117,248,KJ41M248WFA1,1.7899300973,0,0,0,0,0,0.1271846897,4.8283009038,0,0,0,0,0,0,0,2.6843772321,0,2.3778184097,0,11.217561197,D5441170,PXMG,02/20/2026 11:40:31 PM,BPD432,8M5CL,8M5CL,05/05/2026 6:11:04 PM,8M5CL,D1D,3,7558049
D544117,250,KJ41M250WFA1,0,0,0,0,0,0,0.0809309133,1.0534213993,0.6087412178,0,0,0,0,0,0,0,0,7.1868564366,0,8.9299499671,D5441170,PXMG,02/20/2026 11:40:31 PM,BPD432,8M5CL,8M5CL,05/06/2026 3:00:59 PM,8M5CL,D1D,4,7558052
D543537,302,KJ2TF302WFC6,0,0,0,0,0,0,0,2.2215733643,4.6183137734,0,0,0,0,0,0,9.3108530701,0,10.268413122,0,26.099669753,D5435370,PXMG,02/20/2026 12:13:05 PM,BPD448,8M5CL,8M5CL,05/13/2026 2:03:12 AM,8M5CL,D1D,1,7524540
D543537,484,KJ41J484WFF5,1.1389706528,0,0,0,0,0,0.2221201698,0,0,0,0,0,0,0,0,0,1.4217890076,3.2365767711,0,6.0194566013,D5435370,PXMG,02/20/2026 12:13:05 PM,BPD448,8M5CL,8M5CL,05/09/2026 3:07:52 PM,8M5CL,D1D,2,7524582
D543533,49,KJ41L049WFF6,1.4886906407,0,0,0,0,0,0,1.3768734366,0.7298304058,0,0,0,0,0,0,0,0,4.2303676369,0,7.8257643387,D5435330,PXMG,02/18/2026 11:01:25 PM,BPD454,8M5CL,8M5CL,04/30/2026 4:20:15 AM,8M5CL,D1D,1,7524302
D543533,51,KJ41L051WFF6,0.5682160841,0,0,0,0,0,0,0,0.5633348839,0,0,0,0,0,0,0,0,0,0,1.131550968,D5435330,PXMG,02/18/2026 11:01:25 PM,BPD454,8M5CL,8M5CL,04/30/2026 3:42:29 PM,8M5CL,D1D,2,7524326
D543518,63,A22S0063SLA7,0,0,0,0,0,0,0,0.7634640943,0.614143741,0,0,0,0,0,0,0.7310706744,0,2.3560666135,0,4.4647451232,D5435180,PXMG,02/18/2026 10:37:26 AM,BPD446,8M5CL,8M5CL,05/06/2026 3:17:23 PM,8M5CL,D1D,1,7517521
D543518,66,A22S0066SLG2,0,0,0,0,0,0,0,2.0676418874,3.3049106118,0,0,0,0,0,0,4.2624376756,0,6.1166110839,0,15.751601259,D5435180,PXMG,02/18/2026 10:37:26 AM,BPD446,8M5CL,8M5CL,05/06/2026 1:38:50 PM,8M5CL,D1D,2,7517400
D542464,62,KJ39F062WFE7,0,0,0,0,0,0,0.196699506,1.8392451734,0,0,0,0,0,0,0,5.8596576332,0,0,0,7.8956023126,D5424640,PXMG,02/19/2026 12:46:15 AM,BPD454,8M5CL,8M5CL,06/07/2026 8:24:42 PM,8M5CL,D1D,1,7489659
D542464,182,KJ39F182WFF5,2.5561655116,0,0,0,0,0,0,4.8378520711,0,0,5.682891763,0,0,0,0,2.1992096019,2.8039350629,1.2968387149,0,15.134520638,D5424640,PXMG,02/19/2026 12:46:15 AM,BPD454,8M5CL,8M5CL,05/07/2026 1:52:20 PM,8M5CL,D1D,2,7489905
D543EDN,252,GT0YE252JKE7,0,0,0,0,0,0,0,0,0,0,0,0,11.368573548,0,0,0,0,0,0,11.368573548,D543EDN0,X78E,02/17/2026 9:26:50 AM,BPD448,8M5CL,8M5CL,05/22/2026 6:32:04 PM,8M5CL,D1D,1,7551174
D543EDN,253,GT0YE253JKB6,0,0,0,0,0,0,0.1616205611,0,0,0,0,0,14.476895243,0,0,0,0,0,0,14.638515804,D543EDN0,X78E,02/17/2026 9:26:50 AM,BPD448,8M5CL,8M5CL,05/22/2026 5:55:34 AM,8M5CL,D1D,2,7551091
D542475,113,A21JF113SLB1,27.259777249,0,0,0,1.2004801717,0,0.4849938385,0.6441786537,1.605504419,0.5042013615,0,0,1.3205288545,2.3133317053,0,4.0689796254,0,0,1.2941171237,37.444772106,D5424750,PXMG,02/17/2026 3:58:17 AM,BPD450,8M5CL,8M5CL,05/12/2026 4:32:42 PM,8M5CL,D1D,1,7491857
D542475,115,A21JF115SLC2,0,0,0,0,0,0,0.7423861841,2.0868462322,1.339667597,0,0,0,0,0,0,0,0,0,0,4.1689000133,D5424750,PXMG,02/17/2026 3:58:17 AM,BPD450,8M5CL,8M5CL,04/25/2026 8:50:55 AM,8M5CL,D1D,2,7491885
D542446,457,GT1MH457JKG1,0,0,0,0,0,0,0,0.7364532091,0,0,0,0,0,0,0,1.1741773684,0,2.1221110032,0,4.0327415807,D5424460,PNCB,02/26/2026 8:56:48 PM,BPD432,8M5CL,8M5CL,02/27/2026 8:49:33 AM,8M5CL,D1D,1,7488283
D542446,463,GT1MH463JKB0,0,0,0,0,0,0,0,3.6444139342,1.7944203585,0,0,0,0,0,0,0,1.9213188871,2.2205872748,0,9.5807404547,D5424460,PNCB,02/26/2026 8:56:48 PM,BPD432,8M5CL,8M5CL,02/27/2026 8:49:49 AM,8M5CL,D1D,2,7488254
D542446,465,GT1MH465JKC1,1.3527752975,0,0,0,0,0,0.2502335738,1.275033576,0,0,0,0,0,1.1362375078,0,2.0287734243,0,1.7970849451,0.8669366232,8.7070749478,D5424460,PNCB,02/26/2026 8:56:48 PM,BPD432,8M5CL,8M5CL,05/09/2026 3:08:04 AM,8M5CL,D1D,3,7488221
D542446,500,GT1MH500JKE5,2.764934858,0,0,0,0,0,0.2696074674,0.5701514413,0,2.6426763686,0,0,0,0,1.2257745976,3.3575353483,0,0,1.4387898062,12.269467762,D5424460,PNCB,02/26/2026 8:56:48 PM,BPD432,8M5CL,8M5CL,05/10/2026 6:19:57 AM,8M5CL,D1D,4,7488276
D542495,810,MCG6T810WAG0,0,0,0,0,0,0,0,10.040880697,2.0020504611,0,0,0,0,0,0,0,0,7.5322181133,0,19.575149272,D5424950,PXMG,02/26/2026 8:16:05 AM,BPD432,8M5CL,8M5CL,02/27/2026 8:50:09 AM,8M5CL,D1D,1,7499285
D542495,813,MCG6T813WAE0,0,0,0,0,0,0,0.0884251613,1.627951284,0,0,0,0,0,0,0,2.79109693,0,0,0,4.5074711565,D5424950,PXMG,02/26/2026 8:16:05 AM,BPD432,8M5CL,8M5CL,05/02/2026 4:53:17 AM,8M5CL,D1D,2,7499263
D544623,44,MCGCW044WAC4,0,0,0,0,0,0,0.6504250366,0.8639067111,0,0,0,0,0,0,0,3.5618838554,0,0,0,5.076215603,D5446230,PXMG,02/24/2026 8:04:40 AM,BPD450,8M5CL,8M5CL,07/02/2026 6:13:43 AM,8M5CL,D1D,1,7571997
D544623,45,MCGCW045WAG6,0,0,0,0,0,0,0.387389802,0,0.5633348839,0,0,0,0,0,0,1.7232855624,0,0.7632422215,0,3.4372524698,D5446230,PXMG,02/24/2026 8:04:40 AM,BPD450,8M5CL,8M5CL,07/02/2026 6:45:05 AM,8M5CL,D1D,2,7571982
D543550,9,A22TX009SLC5,9.7950224568,0,0,0,0,0,0.2833203938,4.4732583802,2.105192889,0,0,0,0,8.9987611342,0,2.224580391,0,1.2559594501,0,25.577835452,D5435500Z,PXMG,02/24/2026 9:27:17 PM,BPD454,8M5CL,8M5CL,05/04/2026 11:43:21 PM,8M5CL,D1D,1,8166792
D543550,19,A22TX019SLH1,0,0,0,0,0,0,0,0,1.172635143,0,0,0,1.3521457198,0,0,1.1827591961,0,3.4295357359,0,5.6316248874,D5435500Z,PXMG,02/24/2026 9:27:17 PM,BPD454,8M5CL,8M5CL,05/19/2026 6:29:40 AM,8M5CL,D1D,2,8166804
D543550,102,A22TX102SLB4,0,0,0,0,0,0,0,3.2926566159,1.3911144321,0,1.6436254794,0,0,0,0,0,0,2.3776600666,0,8.7050587932,D5435500Z,PXMG,02/24/2026 9:27:17 PM,BPD454,8M5CL,8M5CL,05/19/2026 1:15:16 AM,8M5CL,D1D,3,8166739
D543550,114,A22TX114SLH1,0,0,0,0,0,0,0.2338837419,0,4.4049024737,0,0,0,0,0,0,4.3500497878,1.9485260978,3.8069725703,0.4554563085,14.13847002,D5435500Z,PXMG,02/24/2026 9:27:17 PM,BPD454,8M5CL,8M5CL,05/19/2026 3:24:08 AM,8M5CL,D1D,4,8166762
D543550,2,A22TX002SLC3,0,0,0,0,0,0,0,0,0,0,0,0,0,0,0,0.9623455321,0,1.0046935121,0,1.9670390442,D5435500,PXMG,02/24/2026 11:25:29 AM,BPD442,8M5CL,8M5CL,05/19/2026 5:47:24 PM,8M5CL,D1D,1,7525963
D543550,10,A22TX010SLF6,0,0,0,0,0,0,0,0,0,0,0,0,0,0,0,1.7826793033,0,0,0,1.7826793033,D5435500,PXMG,02/24/2026 11:25:29 AM,BPD442,8M5CL,8M5CL,05/19/2026 3:29:41 AM,8M5CL,D1D,2,7525790
D544624,23,MCGCW023WAE0,0,0,0,0,0,0,0.1817758975,0,1.4143854605,0,0,0,0,0,0,5.3140650925,0,2.5561092936,0,9.4663379628,D5446240,PXMG,02/23/2026 2:29:58 AM,BPD432,8M5CL,8M5CL,05/05/2026 9:48:04 AM,8M5CL,D1D,1,7572091
D544624,102,MCGCW102WAE5,0,0,0,0,0,0,0.1442989388,2.930284053,1.085378114,0,1.56891613,0,0,0,0,1.7081260978,0,0,2.1135064037,9.5505075381,D5446240,PXMG,02/23/2026 2:29:58 AM,BPD432,8M5CL,8M5CL,05/05/2026 8:53:58 AM,8M5CL,D1D,2,7572043
D542443,19,MCFFQ019WAA3,1.1137137253,0,0,0,0,0,0.3276585413,1.5539440942,0,0,0,0,0,1.4112035817,0,0,0,2.4240247155,0,6.8305446579,D5424430,PNCB,02/22/2026 7:48:33 PM,BPD458,8M5CL,8M5CL,04/30/2026 5:04:21 AM,8M5CL,D1D,1,7487816
D542443,22,MCFFQ022WAE5,0,0,0,0,0,0,0.2928321603,0,0,0,0,0,0,0,0,0,0,0,0,0.2928321603,D5424430,PNCB,02/22/2026 7:48:33 PM,BPD458,8M5CL,8M5CL,02/23/2026 7:36:10 AM,8M5CL,D1D,2,7487722
D543525,486,GS4MH486JKG0,0,0,0,0,0,0,0,3.9617507428,0,3.861886834,0,0,0,0,0,4.6484891284,0,4.2566581528,0.8078752488,17.536660107,D5435250,PXMG,02/27/2026 5:05:56 AM,BPD450,8M5CL,8M5CL,05/12/2026 11:46:37 PM,8M5CL,D1D,1,7519143
D543525,590,GS4MH590JKG2,0,0,0,0.7627034836,0,0,0,3.046329746,2.4613597848,0,0,0,0,0,0,3.1661778725,0,0,0.5817085334,10.018277221,D5435250,PXMG,02/27/2026 5:05:56 AM,BPD450,8M5CL,8M5CL,05/13/2026 12:12:04 AM,8M5CL,D1D,2,7519097
D543525,591,GS4MH591JKD1,3.6143734772,0,0,0,0,0,0,1.2394654307,0,0,1.8460011555,0,0,0,0,1.6014707726,0.6841645587,3.2174342725,0,12.202909667,D5435250V,PXMG,02/27/2026 11:59:08 PM,BPD458,8M5CL,8M5CL,05/12/2026 6:49:10 PM,8M5CL,D1D,1,8185219
D543525,593,GS4MH593JKE2,1.2234528751,0,0,0,0,0,0.183317913,0.6338149781,1.0722976343,0,0,0,0,0,0,3.7497313789,0,4.2931953403,0,11.15581012,D5435250V,PXMG,02/27/2026 11:59:08 PM,BPD458,8M5CL,8M5CL,05/10/2026 2:03:32 AM,8M5CL,D1D,2,8185243
D543525,596,GS4MH596JKC2,1.2792692294,0,0,0,0,0,0,4.057064487,0,0,0,0,0,0,0,3.8370643552,1.0767198258,3.0713303608,0,13.321448258,D5435250V,PXMG,02/27/2026 11:59:08 PM,BPD458,8M5CL,8M5CL,05/10/2026 6:44:28 PM,8M5CL,D1D,3,8185201
D543525,598,GS4MH598JKD3,1.4755376903,0,0,0,0,0,0.7299330613,0,0,0,0,0,0,0,0,4.7894452686,1.8419282092,6.2300155262,0,14.901663927,D5435250V,PXMG,02/27/2026 11:59:08 PM,BPD458,8M5CL,8M5CL,05/13/2026 12:03:40 AM,8M5CL,D1D,4,8185263
D544610,36,MCEMQ036WAB0,0,0,0,0,0,0,0,1.1812186331,0,0,0,0,0,0,0,0,0,3.5392166657,0,4.7204374238,D5446100,PNCB,02/28/2026 9:09:42 AM,BPD446,8M5CL,8M5CL,05/10/2026 6:38:38 PM,8M5CL,D1D,1,7568360
D544610,126,MCEMQ126WAD0,0,0,0,0,0,0,0.1564038244,0,0,0,0,0,0,0,0,0,0,3.1756776515,0,3.3320814759,D5446100,PNCB,02/28/2026 9:09:42 AM,BPD446,8M5CL,8M5CL,06/07/2026 8:57:45 PM,8M5CL,D1D,2,7568340
D543555,95,GS4VR095JKD5,2.4120295744,0,0,0,0,0,0,0,0,0.9780394387,0,0,0,0,0,3.3017348196,1.5054819696,1.2237124662,9.8004760887,18.971707778,D5435550,PXMG,03/07/2026 10:34:17 AM,BPD442,8M5CL,8M5CL,04/08/2026 2:12:26 PM,8M5CL,D1D,1,7526758
D543555,103,GS4VR103JKF3,2.1994865843,0,0,0,0,0,0,0.7688090086,1.7301791484,0,0,0,0,0,0,0,0,7.3366658545,0,12.035138377,D5435550,PXMG,03/07/2026 10:34:17 AM,BPD442,8M5CL,8M5CL,05/19/2026 8:54:36 AM,8M5CL,D1D,2,7526741
D543555,104,GS4VR104JKC2,0,0,0,0,0,0,0,0,0,0,0,0,0,0,0,0,0,7.5504627561,0,7.5504627561,D5435550T,PXMG,03/07/2026 11:28:32 AM,BPD442,8M5CL,8M5CL,05/19/2026 6:23:46 AM,8M5CL,D1D,1,8223876
D543555,105,GS4VR105JKG4,0,0,0,0,0,0,0.3374373736,0,1.4119470791,0,0,0,0,0,0,0.806862402,0,7.0768728459,0.8127375921,10.178059116,D5435550T,PXMG,03/07/2026 11:28:32 AM,BPD442,8M5CL,8M5CL,06/08/2026 2:25:29 AM,8M5CL,D1D,2,8223894
D543555,109,GS4VR109JKB3,0,0,0,0,0,0,0,2.527782801,1.3984549979,0,0,0,0,0,0,1.7989086667,0.9671432685,4.338677033,1.0992174537,11.649113092,D5435550T,PXMG,03/07/2026 11:28:32 AM,BPD442,8M5CL,8M5CL,05/19/2026 8:41:53 AM,8M5CL,D1D,3,8223895
D543555,111,GS4VR111JKB3,0,0,0,0,0,0,0,0.7880032192,0,0,0,0,0,0,0,3.6339803711,0,2.1945454784,0.9543589613,7.5708902487,D5435550T,PXMG,03/07/2026 11:28:32 AM,BPD442,8M5CL,8M5CL,05/19/2026 4:11:03 AM,8M5CL,D1D,4,8223877
D543535,233,KJ4AD233WFE2,0,0,0,0,0,0,0.5921716837,0,2.8583820567,0,0,0,0,0,0,0,0,5.2365028205,0.3377701827,9.0248267436,D5435350,PXMG,03/04/2026 3:53:03 PM,BPD454,8M5CL,8M5CL,05/06/2026 8:17:44 PM,8M5CL,D1D,1,7524438
D543535,234,KJ4AD234WFB1,0,0,0,0,0,0,1.0146471348,0,0,0,0,0,0,0,0,0,2.187239304,1.7261068355,0,4.9279932743,D5435350,PXMG,03/04/2026 3:53:03 PM,BPD454,8M5CL,8M5CL,05/06/2026 7:06:55 PM,8M5CL,D1D,2,7524506
D543540,241,KJ40T241WFG7,0,0,0,0,0,0,1.1053611099,1.489298572,2.4914666711,0,0,0,0,0,0,1.7232855624,0.9671432685,0.8295821704,0,8.1283299739,D5435400,PXMG,03/04/2026 9:29:09 PM,BPD458,8M5CL,8M5CL,05/23/2026 7:15:29 PM,8M5CL,D1D,1,7524917
D543540,256,KJ40T256WFD1,0,0,0,0,0,0,1.6595235656,2.3107293216,1.9366239754,0,0,0,0,0,0,0,3.754182743,8.22482399,0,17.885883596,D5435400,PXMG,03/04/2026 9:29:09 PM,BPD458,8M5CL,8M5CL,05/24/2026 1:00:54 AM,8M5CL,D1D,2,7524996
D543569,203,A1SUA203SLB7,0,0,0,0,0,0,0.2500350456,2.652102534,0,0,0,0,0,0,0,0,0,2.4075477451,0,5.3096853247,D5435690S,PXMG,03/01/2026 12:51:40 PM,BPD450,8M5CL,8M5CL,05/17/2026 10:47:51 AM,8M5CL,D1D,1,8192621
D543569,205,A1SUA205SLD0,0.6951073222,0,0,0,0,0,0,2.2340565757,4.4645831561,0,0,0,0,1.2189466398,0,2.1081193904,3.5094609526,1.9485241107,0.387316584,16.566114731,D5435690S,PXMG,03/01/2026 12:51:40 PM,BPD450,8M5CL,8M5CL,06/30/2026 1:19:51 PM,8M5CL,D1D,2,8192660
D543569,208,A1SUA208SLB0,0,0,0,0,0,0,0,7.3055477788,1.7267336102,0,0,0,0,0,0,3.5816019687,0,0.9837636344,0,13.597646992,D5435690S,PXMG,03/01/2026 12:51:40 PM,BPD450,8M5CL,8M5CL,05/17/2026 12:38:02 PM,8M5CL,D1D,3,8192671
D543569,211,A1SUA211SLF2,4.9716111763,0,0,0,1.166132053,0,0.1809838118,3.0368409567,0,0,0,0,0,0,0,0,0.616650903,0,0.7740784861,10.746295168,D5435690S,PXMG,03/01/2026 12:51:40 PM,BPD450,8M5CL,8M5CL,05/17/2026 11:55:48 AM,8M5CL,D1D,4,8192619
D543569,201,A1SUA201SLA6,0.5682160841,0,0,0,0,0,0,0.7634640943,0,0,0,0,0,0,0,1.0674297465,0,0.7632422215,0,3.1623521464,D5435690,PXMG,03/01/2026 8:17:06 AM,BPD448,8M5CL,8M5CL,06/30/2026 1:18:08 PM,8M5CL,D1D,1,7528771
D543569,202,A1SUA202SLF0,0,0,0,0,0,0,0,0.8625278066,0,0,0,0,0,0,0,0,0,3.5975022541,0,4.46003226,D5435690,PXMG,03/01/2026 8:17:06 AM,BPD448,8M5CL,8M5CL,04/08/2026 2:13:33 PM,8M5CL,D1D,2,7528903
D542474,43,A20HR043SLE6,0,0,1.2127563904,0,0,0,0.8337800027,0,3.898304021,0,0,0,0,0,0,0,0,3.1856487839,0.4594984421,9.5899876401,D5424740,PXMG,03/07/2026 10:51:37 PM,BPD454,8M5CL,8M5CL,05/02/2026 5:37:06 PM,8M5CL,D1D,1,7491832
D542474,111,A20X4111SLD7,0,0,0,0,0,0,1.4616887284,0,1.339667597,0,0,0,0,0,0,1.7232855624,5.3412711277,4.013899718,0,13.879810515,D5424740,PXMG,03/07/2026 10:51:37 PM,BPD454,8M5CL,8M5CL,05/03/2026 12:47:43 PM,8M5CL,D1D,2,7491881
D542487,204,GT1WK204JKD6,3.2906377415,0,0,0,0,0,0,0.5900479362,0,0,0,0,0,0,0,0,0,0.756528103,0,4.6372137807,D5424870,PXMG,03/13/2026 7:27:56 AM,BPD454,8M5CL,8M5CL,05/23/2026 8:40:23 PM,8M5CL,D1D,1,7495885
D542487,205,GT1WK205JKA5,0,0,0,0,0,0,0,0,0,0,0,0,0,0,0,0.7310706744,0,0,0,0.7310706744,D5424870,PXMG,03/13/2026 7:27:56 AM,BPD454,8M5CL,8M5CL,05/24/2026 12:52:52 AM,8M5CL,D1D,2,7495837
D542EAR,86,KJ40Y086WFF4,0,0,0,0,0,0,0,1.0155496148,0,0,0,0,0,0,0,0,0,0.564137811,0,1.5796874259,D542EAR0,X78E,03/11/2026 8:59:16 PM,BPD442,8M5CL,8M5CL,04/08/2026 2:11:28 PM,8M5CL,D1D,1,7514323
D542EAR,106,KJ40Y106WFF4,0,0,0,0,0,0,0,1.7277257858,0,0,0,0,0,0,0,1.7686151984,0,0,0,3.4963409842,D542EAR0,X78E,03/11/2026 8:59:16 PM,BPD442,8M5CL,8M5CL,05/29/2026 6:42:12 AM,8M5CL,D1D,2,7514340
D542EAR,109,KJ40Y109WFD4,0,0,0,0,0,0,0,0,0,0,0,0,0,0,0,0,0,0,0,0,D542EAR0,X78E,03/11/2026 8:59:16 PM,BPD442,8M5CL,8M5CL,04/08/2026 2:11:21 PM,8M5CL,D1D,3,7514290
D544622,349,KJ3ND349WFE1,0,0,0,0,0,0,0.6491996338,0,0.614143741,0,0,0,0,0,0,0,1.4344072565,2.6924256856,0,5.3901763168,D5446220,PXMG,03/11/2026 7:31:48 AM,BPD432,8M5CL,8M5CL,07/02/2026 7:20:53 AM,8M5CL,D1D,1,7569725
D544622,386,KJ3ND386WFC0,0,0,0,0,0,0,0,30.471249456,0,0,0,0,0,27.672222706,0,0,0,0,0,58.143472162,D5446220,PXMG,03/11/2026 7:31:48 AM,BPD432,8M5CL,8M5CL,07/02/2026 7:20:07 AM,8M5CL,D1D,2,7569645
D542473,254,GT1WK254JKE1,0.8115677218,0,0,0,0,0,0.4366816562,3.21838271,0,0,0,0,0,0,0,2.3963577466,0,7.3982246707,0,14.261214505,D5424730,PXMG,03/14/2026 9:01:50 AM,BPD436,8M5CL,8M5CL,05/20/2026 12:42:16 PM,8M5CL,D1D,1,7491744
D542473,255,GT1WK255JKB0,0.7924184867,0,0,0,0,0,1.6002105354,4.3416434716,4.1811385136,0,0,0,0,0,0,3.7421122691,0,2.5187481431,0,15.046579343,D5424730,PXMG,03/14/2026 9:01:50 AM,BPD436,8M5CL,8M5CL,04/08/2026 2:10:53 PM,8M5CL,D1D,2,7491709
D543547,84,A21SR084SLC7,0,0,0,0,0,0,0,12.571047153,0,1.3390393479,0,0,0,0,0,0,0,2.7721300937,1.058160696,17.740375091,D5435470,PXMG,03/25/2026 9:50:12 PM,BPD444,8M5CL,8M5CL,06/08/2026 12:55:30 PM,8M5CL,D1D,1,7525803
D543547,85,A21SR085SLH1,0,0,0,0,0,0,0,0,1.339667597,0,0,0,0,0,0,5.1243727757,0,7.7737019005,0,14.237742273,D5435470,PXMG,03/25/2026 9:50:12 PM,BPD444,8M5CL,8M5CL,06/07/2026 6:08:33 AM,8M5CL,D1D,2,7525680
D542457,314,GT0MD314JKC3,0,0,0,0,0,0,0.2339805072,0,2.0400264125,0,0,0,0,0,0,2.5626575783,0.6125172607,4.2076971494,0,9.6568767089,D5424570,PXMG,04/03/2026 3:58:47 AM,BPD454,8M5CL,8M5CL,07/02/2026 10:50:34 AM,8M5CL,D1D,1,7490097
D542457,315,GT0MD315JKG5,0,0,0,0,0,0,0,1.8748046745,0,0,0,0,0,0,0,2.3777946108,1.3344669,2.1062467845,0,7.6933151885,D5424570,PXMG,04/03/2026 3:58:47 AM,BPD454,8M5CL,8M5CL,06/23/2026 9:50:27 AM,8M5CL,D1D,2,7490096
D543561,730,GS4VS730JKB2,0,0,1.4650804486,0,0,0,0.2740237156,16.989967389,0,0,0,0,0,0,0,7.2157892381,0,2.9605451771,0,27.518239117,D5435610,PXMG,04/03/2026 1:23:37 AM,BPD450,8M5CL,8M5CL,06/22/2026 8:43:33 AM,8M5CL,D1D,1,7526959
D543561,751,GS4VS751JKH1,0,0,0,0,0,0,0,5.6373114857,1.279318212,0,0,0,0,0,0,1.7232855624,0,6.3846099322,0,15.024525192,D5435610,PXMG,04/03/2026 1:23:37 AM,BPD450,8M5CL,8M5CL,06/22/2026 11:45:11 AM,8M5CL,D1D,2,7527030
D543539,16,KJ39G016WFH1,0,0,0,0,0,0,0.0999298851,2.0292678791,1.4410980679,0,0,0,0,0,0,3.2638711614,0,13.560860813,0,20.395027807,D5435390,PXMG,04/05/2026 10:28:20 PM,BPD454,8M5CL,8M5CL,06/18/2026 10:01:03 AM,8M5CL,D1D,1,7524746
D543539,21,KJ39G021WFF1,0,0,0,0,0,0,0.1721732453,0,1.339667597,0,0,0,0,0,0,3.5217859833,0.9671432685,7.3005738161,0,12.107417859,D5435390,PXMG,04/05/2026 10:28:20 PM,BPD454,8M5CL,8M5CL,06/18/2026 7:02:40 AM,8M5CL,D1D,2,7524703
D613605,319,KJ7KC319WFD4,0,0,0,0,0,0,0,0,0,0,0,0,0,0,0,1.7232855624,0,2.7014581248,0,4.4247436871,D6136050,PXMG,05/30/2026 6:27:57 PM,BPD446,8M5CL,8M5CL,06/01/2026 9:06:42 AM,8M5CL,D1D,1,8303551
D613605,323,KJ7HW323WFD1,0,0,0,0,0,0,0.4481829324,0,0,0,0,0,0,0,0,0,0,0.7632422215,0,1.2114251539,D6136050,PXMG,05/30/2026 6:27:57 PM,BPD446,8M5CL,8M5CL,06/01/2026 9:06:52 AM,8M5CL,D1D,2,8303409
D612526,9,A29PB009SLC7,0,0,0,0,0,0,0.8097268852,2.1494655243,0.8024571473,0,0,0,0,0,0,1.5205302569,0,5.1266090263,0,10.408791514,D6125260,PR8B,06/05/2026 1:51:40 AM,BPD436,8M5CL,8M5CL,06/17/2026 9:54:33 AM,8M5CL,D1D,1,8283255
D612526,11,A29TR011SLG1,0,0,0,0,0,0,0,1.9011586226,0,0,0,0,0,0,0,0,0,0,0,1.9011586226,D6125260,PR8B,06/05/2026 1:51:40 AM,BPD436,8M5CL,8M5CL,06/17/2026 9:54:25 AM,8M5CL,D1D,2,8283263
D612814,176,HE6DJ176JKC2,0,0,0,0,0,0,0,17.072613243,0,0,0,0,0,0,0,1.4764161424,0,0.6539038921,0,19.132815391,D6128140,PD5B,06/05/2026 12:18:27 AM,BPD436,8M5CL,8M5CL,06/10/2026 12:13:20 PM,8M5CL,D1D,1,8267446
D612814,177,HE6DJ177JKG4,0,0,1.1814719388,0,0,0,0.2089092039,0,2.3852825883,0,0,0,0,0,0,0.6815395649,0,0.7115311563,0,5.1687325269,D6128140,PD5B,06/05/2026 12:18:27 AM,BPD436,8M5CL,8M5CL,06/10/2026 12:14:24 PM,8M5CL,D1D,2,8267463
D612814,179,HE6DJ179JKA2,0,0,0,0,0,0,0.4267592828,0,1.2181653359,0,0,0,0,0,0,0,0,1.5166854411,0,3.1616081345,D6128140,PD5B,06/05/2026 12:18:27 AM,BPD436,8M5CL,8M5CL,06/10/2026 12:14:39 PM,8M5CL,D1D,3,8267577
D612814,180,HE6DJ180JKD3,1.1566457339,0,0,0,0,0,0,10.024059632,1.34848859,0,0,0,0,0,0,28.876217192,0,3.0730726647,0,44.420696957,D6128140,PD5B,06/05/2026 12:18:27 AM,BPD436,8M5CL,8M5CL,06/10/2026 12:14:14 PM,8M5CL,D1D,4,8267415
D612814,181,HE6DJ181JKA2,0,0,4.0010608017,0,0,0,0,16.410770006,0,0,0,0,0,0,0,2.9512203363,0,0.6622870348,11.397226348,35.017857091,D6128140,PD5B,06/05/2026 12:18:27 AM,BPD436,8M5CL,8M5CL,06/10/2026 12:14:36 PM,8M5CL,D1D,5,8267476
D612814,182,HE6DJ182JKE4,0,0,0,0,0,0,0,3.9344712869,0,0,0,0,0,0,0.523248572,0,0,0,0,4.4577198589,D6128140,PD5B,06/05/2026 12:18:27 AM,BPD436,8M5CL,8M5CL,06/10/2026 12:14:51 PM,8M5CL,D1D,6,8267486
D613830,272,KJCJL272WFC3,1.0962299565,0,0,0,0,0,0,40.748752876,0,0,0,0,0,0,0,3.2880568754,1.3684364605,0.7281390918,0,46.825974074,D6138300,PD5B,06/12/2026 10:20:36 PM,BPD446,8M5CL,8M5CL,06/17/2026 10:14:53 AM,8M5CL,D1D,1,8328478
D613830,315,KJCJH315WFA4,1.171329706,0,0,0,0,0,0,20.532596153,0,0,0,0,0,0,0,1.7566547518,0,31.149881329,0,54.502151056,D6138300,PD5B,06/12/2026 10:20:36 PM,BPD446,8M5CL,8M5CL,06/17/2026 10:14:42 AM,8M5CL,D1D,2,8328555
D612479,188,KJA9Y188WFF4,0,0,0,0,0,0,0,2.892407066,0,0,0,0,0,0,0,2.3450237961,0,1.176220865,1.0020764527,7.4157281799,D6124790,PXMG,06/13/2026 1:15:13 AM,BPD446,8M5CL,8M5CL,06/13/2026 6:00:34 PM,8M5CL,D1D,1,8272262
D612479,245,KJA9T245WFB4,0,0,0,0.1523200727,0,0,0,0,1.5431271172,0,0,0,0,3.4558542802,0,0,0,5.577545626,0,10.591285998,D6124790,PXMG,06/13/2026 1:15:13 AM,BPD446,8M5CL,8M5CL,06/13/2026 6:00:41 PM,8M5CL,D1D,2,8272233
D613102,6,KJCJL006WFE3,0,0,0,0,0,0,0,0,0,0,0,0,0,0,0,0,0,0.7310178748,0.4400982613,1.1711161361,D6131020,PNCB,06/10/2026 9:41:06 AM,BPD458,8M5CL,8M5CL,06/12/2026 8:15:01 AM,8M5CL,D1D,1,8312437
D613102,18,KJCJL018WFC5,1.6190919649,0,0,0,0,0,0,0,0,0,0,0,0,0,0.3081325344,0,0,0,1.5396851483,3.1606429088,D6131020,PNCB,06/10/2026 9:41:06 AM,BPD458,8M5CL,8M5CL,06/12/2026 8:16:14 AM,8M5CL,D1D,2,8312503
D613102,22,KJCJL022WFD6,0,0,0,0,0,0,0,0,2.433386376,0,0,0,0,0,0,3.8641711115,0,8.3773883434,1.8852207223,16.560166553,D6131020,PNCB,06/10/2026 9:41:06 AM,BPD458,8M5CL,8M5CL,06/12/2026 8:16:24 AM,8M5CL,D1D,3,8312445
D613102,24,KJCJL024WFE7,1.4938520276,0,0,0,0,0,0.2052800195,1.3329197175,2.6727989801,0,0,0,0,1.2132665417,0.3081325344,5.9831432995,0,0,0,11.558863137,D6131020,PNCB,06/10/2026 9:41:06 AM,BPD458,8M5CL,8M5CL,06/12/2026 8:16:26 AM,8M5CL,D1D,4,8312469
D612492,621,HE4FS621JKE0,0,0,0,0,0,0,0.5591522595,1.2397176376,0,0,0,0,0,0,0,0,0,2.1356436787,0,3.9345114356,D6124920,PNCB,06/08/2026 6:26:13 PM,BPD446,8M5CL,8M5CL,06/09/2026 6:19:08 AM,8M5CL,D1D,1,8275563
D612492,636,HE4FS636JKA2,0,0,0,0,0,0,0.4630955736,1.8844748291,0,0,0,0,0,0,0,10.003193347,0,3.0969274759,0,15.447691226,D6124920,PNCB,06/08/2026 6:26:13 PM,BPD446,8M5CL,8M5CL,06/09/2026 6:18:56 AM,8M5CL,D1D,2,8275554
D613639,657,MCLPK657WAG6,0,0,0,0,0,0,0,0,1.339667597,0,0,0,0,0,0,2.7452313974,0,6.4526294578,0,10.537528452,D6136390,PXMG,06/07/2026 5:19:00 PM,BPD436,8M5CL,8M5CL,06/08/2026 7:46:28 AM,8M5CL,D1D,1,8309296
D613639,710,MCLPK710WAC3,0,0,0,0,0,0,0.6443684133,2.1762938378,0,0,1.9265076112,0,0,0,0,0,0,2.2695843091,2.0720952869,9.0888494584,D6136390,PXMG,06/07/2026 5:19:00 PM,BPD436,8M5CL,8M5CL,06/08/2026 7:46:17 AM,8M5CL,D1D,2,8309306
D613602,10,A2DY9010SLG0,0,0,0,0,0,0,0.1706586651,0.756748024,1.3278827576,0,0,0,0,0,0,0,0,0.756528103,0,3.0118175498,D6136020,PXMG,06/13/2026 10:46:46 AM,BPD458,8M5CL,8M5CL,06/13/2026 6:00:42 PM,8M5CL,D1D,1,8303481
D613602,115,A2EWZ115SLF1,0,0,0,0,0,0,0,1.2902787253,0,0,0,0,0,0,0.3905847694,8.1997796519,1.9908663041,1.7618226384,0,13.189475675,D6136020,PXMG,06/13/2026 10:46:46 AM,BPD458,8M5CL,8M5CL,06/13/2026 6:00:34 PM,8M5CL,D1D,2,8303443
D612490,21,MCLXP021WAG2,0,0,0,0,0,0,0.8709747486,1.7915757727,1.3825733472,0,0,0,0,0,0,0,1.8776268957,6.57260936,0,12.495360124,D6124900,PXMG,06/19/2026 8:13:45 PM,BPD454,8M5CL,8M5CL,06/21/2026 3:26:37 PM,8M5CL,D1D,1,8275482
D612490,22,MCLXP022WAD1,0,0,0,0,0,0,1.209565281,0,0,0,0,0,0,0,0,0,0,2.3353406762,0,3.5449059573,D6124900,PXMG,06/19/2026 8:13:45 PM,BPD454,8M5CL,8M5CL,06/21/2026 3:26:35 PM,8M5CL,D1D,2,8275570
D613611,633,5DXME633MVD2,0.5682160841,0,0,0,0,0,0.7751390378,0,0,0,0,0,0,0,0,0,0,0.7632422215,0.7363956201,2.8429929636,D6136110,PXMG,06/14/2026 5:11:00 AM,BPD446,8M5CL,8M5CL,06/15/2026 6:56:17 AM,8M5CL,D1D,1,8303497
D613611,688,5DXME688MVC6,0,0,0,0,0,0,0.1706586651,1.3520740632,1.3278827576,0,0,0,0,0,0,0,0,1.5130562061,0,4.2606277261,D6136110,PXMG,06/14/2026 5:11:00 AM,BPD446,8M5CL,8M5CL,06/15/2026 6:56:10 AM,8M5CL,D1D,2,8303468
D612484,40,A2AT4040SLE3,0,0,0,0,0,0,0,0,0,0,0,0,0,0,0,2.9786358753,0,0,0.4751326369,3.4537707114,D6124840,PXMG,06/14/2026 11:59:04 PM,BPD446,8M5CL,8M5CL,06/15/2026 6:56:16 AM,8M5CL,D1D,1,8272173
D612484,47,A2AT4047SLE5,0.8464023428,0,0,0,0,0,0.3924662502,0,0,0,0,0,0,0,0,0,0,0.8481262939,0,2.086994887,D6124840,PXMG,06/14/2026 11:59:04 PM,BPD446,8M5CL,8M5CL,06/15/2026 6:56:09 AM,8M5CL,D1D,2,8272214
D615273,13,KJD2E013WFE4,0,0,0,0,0,0,0,2.4343220494,1.2280914797,0,0,0,0,0,0,3.909954481,0.5631409636,1.5914478486,0.7069081014,10.433864924,D6152730,PR8B,06/20/2026 2:11:00 AM,BPD458,8M5CL,8M5CL,06/21/2026 3:28:51 PM,8M5CL,D1D,1,8382726
D615273,28,KJD2E028WFA6,0,0,0,0,0,0,0,0,1.2978104686,0,0,0,0,0,0,5.2089142785,0,2.5383994892,0,9.0451242363,D6152730,PR8B,06/20/2026 2:11:00 AM,BPD458,8M5CL,8M5CL,06/21/2026 3:28:58 PM,8M5CL,D1D,2,8382763
D612536,37,A2DWL037SLB5,0,0,0,0,0,0,0,3.0227383775,0,0,0,0,0,0,0,0,0,4.3356991548,0.6543491049,8.0127866372,D6125360,PR8B,06/27/2026 9:41:27 AM,BPD436,8M5CL,8M5CL,06/28/2026 9:08:39 AM,8M5CL,D1D,1,8287716
D612536,40,A2DWL040SLF7,0,0,0,0,0,0,0,0,1.0733544846,0,0,0,0,0,0,0,0,0,1.3487932215,2.4221477061,D6125360,PR8B,06/27/2026 9:41:27 AM,BPD436,8M5CL,8M5CL,06/28/2026 9:08:43 AM,8M5CL,D1D,2,8287762
D612536,45,A2DWL045SLF0,0,0,0,0,0,0,0.6819551498,2.1004169112,0,0,0,0,0,0,0,5.4255667862,0,5.4523140238,0,13.660252871,D6125360,PR8B,06/27/2026 9:41:27 AM,BPD436,8M5CL,8M5CL,06/28/2026 9:08:32 AM,8M5CL,D1D,3,8287799
D612536,229,A2DD8229SLF6,0,0,0,0,0,0,0.600716713,3.4159628462,9.2943672731,0,0,0,0,0,0,2.1660926731,0,4.1693170652,0,19.646454325,D6125360,PR8B,06/27/2026 9:41:27 AM,BPD436,8M5CL,8M5CL,06/28/2026 9:08:50 AM,8M5CL,D1D,4,8287737
D613624,26,A2DY9026SLG4,0,0,0,0,0,0,0,1.3652935121,0,0,0,0,0,0,0,0.9391724605,0,5.9371709748,0.4067372182,8.6483741657,D6136240,PXMG,06/25/2026 12:07:56 PM,BPD454,8M5CL,8M5CL,06/25/2026 7:54:45 PM,8M5CL,D1D,1,8304692
D613624,28,A2DY9028SLA2,0,0,0,0,0,0,0.2079770528,11.376990698,1.618250999,0,0,0,0,0,0,3.371045243,0,2.9245375183,0,18.535360773,D6136240,PXMG,06/25/2026 12:07:56 PM,BPD454,8M5CL,8M5CL,06/25/2026 7:54:51 PM,8M5CL,D1D,2,8304631
D612486,24,A29XK024SLD2,0,0,0,0,0,0,0,1.0510022687,0,0,0,0,0,0,0,1.7081260978,3.9205309573,4.9297482436,0.3138272102,11.923234778,D6124860,PXMG,06/23/2026 10:27:07 AM,BPD454,8M5CL,8M5CL,06/24/2026 8:33:44 AM,8M5CL,D1D,1,8275420
D612486,25,A29XK025SLA1,0,0,0,0,0,0,0,0,1.7430122676,0,0,0,0,0,0,9.8605126331,2.4213948227,0,0,14.024919723,D6124860,PXMG,06/23/2026 10:27:07 AM,BPD454,8M5CL,8M5CL,06/24/2026 8:33:50 AM,8M5CL,D1D,2,8275309
D614268,320,KJCJH320WFF7,0,0,0,0,0,0,0.0913287763,2.7244468311,0.6301219335,0,0,0,0,0,0,1.1939794826,0,2.9144255525,0,7.5543003769,D6142680,PXMG,06/25/2026 5:36:54 AM,BPD446,8M5CL,8M5CL,06/25/2026 8:17:10 AM,8M5CL,D1D,1,8342871
D614268,335,KJCJH335WFC1,0,0,0,0,0,0,0.2240914662,1.0627704189,0,0,0,0,0,0.99643047,0,0,0,0,0.7363956201,3.0196879753,D6142680,PXMG,06/25/2026 5:36:54 AM,BPD446,8M5CL,8M5CL,06/25/2026 8:16:54 AM,8M5CL,D1D,2,8342816
D614268,338,KJCJH338WFA1,1.5145802583,0,0,0,0,0,0.2953714432,0.7846340018,0,0,0,0,0,0,0,3.235043922,1.2747740449,2.5428229069,0.4173220141,10.064548591,D6142680,PXMG,06/25/2026 5:36:54 AM,BPD446,8M5CL,8M5CL,06/25/2026 8:16:51 AM,8M5CL,D1D,3,8342857
D614268,341,KJCJH341WFE3,1.1883503891,0,0,0,0,0,0.2240914662,2.5896986075,1.339667597,0,0,0,0,0,0,0.7310706744,0,1.9525821631,0,7.6165494396,D6142680,PXMG,06/25/2026 5:36:54 AM,BPD446,8M5CL,8M5CL,06/25/2026 8:17:04 AM,8M5CL,D1D,4,8342901
D614254,51,A2CJE051SLA5,0,0,0,0,0,0,0.4727375884,3.1756977916,0,0,0,0,0,0,0,1.8501213323,0,6.5254525281,0,10.931572218,D6142540,PXMG,06/23/2026 11:37:45 PM,BPD454,8M5CL,8M5CL,06/24/2026 8:33:42 AM,8M5CL,D1D,1,8356251
D614254,52,A2CJE052SLE7,0,0,0,0,0,0,0.2106842799,0,0,0,0,0,0,0,0,0,0,2.7989340603,0,3.0096183402,D6142540,PXMG,06/23/2026 11:37:45 PM,BPD454,8M5CL,8M5CL,06/24/2026 8:33:37 AM,8M5CL,D1D,2,8356158
D613142,39,MCMMJ039WAE0,1.2420613393,0,1.3698883553,0,0,0,0,2.2987860072,0,0,0,0,0,0,0,1.8627319611,0,4.4089709085,0.4966801165,11.679118688,D6131420,PR8B,06/24/2026 4:32:09 PM,BPD446,8M5CL,8M5CL,06/25/2026 8:16:42 AM,8M5CL,D1D,1,8322064
D613142,46,MCMMJ046WAD1,0,0,0,0,0,0,2.2437548144,2.0096524176,0.6717684505,0,0,0,0,0,0,0,0,0,0,4.8573275783,D6131420,PR8B,06/24/2026 4:32:09 PM,BPD446,8M5CL,8M5CL,06/25/2026 8:16:37 AM,8M5CL,D1D,2,8322058
D613621,75,A2CM6075SLA4,0.8393401335,0,0,0,0,0,0,0,0,0,0,0,0,0,0,3.0752205031,0,2.0213627121,1.4921341056,7.4280574543,D6136210,PXMG,06/25/2026 11:53:24 PM,BPD446,8M5CL,8M5CL,06/26/2026 8:00:49 AM,8M5CL,D1D,1,8304725
D613621,76,A2CJE076SLB3,0.7304806645,0,0,0,0,0,0,0.7652787581,0,0,0,0,0,0,0,6.0147810817,1.243329746,0.9812015552,0.4070275139,10.037863382,D6136210,PXMG,06/25/2026 11:53:24 PM,BPD446,8M5CL,8M5CL,06/26/2026 8:00:46 AM,8M5CL,D1D,2,8304668
D612557,299,KJ9JG299WFF6,0,0,0,0,0,0,0.7386054726,1.2247242059,7.0209764468,0,0,0,0,0,0,8.8385357359,0,16.929819619,0,29.550489028,D6125570,PXMG,06/21/2026 2:28:52 AM,BPD454,8M5CL,8M5CL,06/21/2026 3:26:50 PM,8M5CL,D1D,1,8280446
D612557,390,KJ9JG390WFD4,0,0,0,0,0,0,1.0899370755,2.1287843128,1.5616081565,0,0,0,0,0,0,0,1.6720436658,4.4484358277,0,10.900809038,D6125570,PXMG,06/21/2026 2:28:52 AM,BPD454,8M5CL,8M5CL,06/21/2026 3:26:57 PM,8M5CL,D1D,2,8280401
D612557,455,KJ9HB455WFF3,0,0,0,0,0,0,0.462746659,1.9590785968,1.4977297361,0,0,0,0,0,0,6.156424914,0,11.546736573,0,20.416875862,D6125570,PXMG,06/21/2026 4:52:52 AM,BPD454,8M5CL,8M5CL,06/21/2026 3:26:44 PM,8M5CL,D1D,3,8280436
D612557,482,KJ9HB482WFG1,0,0,0,0,0,0,0.2003128074,1.9182539776,3.1172344628,0,0,0,0,0,0,2.0049314256,0,9.4999784982,0,15.57611093,D6125570,PXMG,06/21/2026 4:52:52 AM,BPD454,8M5CL,8M5CL,06/21/2026 3:26:36 PM,8M5CL,D1D,4,8280344
D613616,5,KJCHY005WFG3,0,0,0,0,0,0,0.3176618563,0,0.7985599241,0,0,0,0,0,0,7.4351884442,0,0,0,8.5514102246,D6136160,PXMG,06/27/2026 11:09:33 PM,BPD454,8M5CL,8M5CL,06/28/2026 8:55:40 AM,8M5CL,D1D,1,8304413
D613616,27,KJCHY027WFB6,0,0,0,0,0,0,1.0450605369,1.5699315628,0,0,0,0,0,0,0,0,0,0,0,2.6149920997,D6136160,PXMG,06/27/2026 11:09:33 PM,BPD454,8M5CL,8M5CL,06/28/2026 8:55:34 AM,8M5CL,D1D,2,8304546
D613629,328,MCNFJ328WAD0,0,0,0,0,0,0,0.3030510831,0,0,0,0,0,0,0,0,3.8957612595,0,0,0,4.1988123427,D6136290,PXMG,06/27/2026 10:18:21 PM,BPD454,8M5CL,8M5CL,06/28/2026 8:55:34 AM,8M5CL,D1D,1,8307009
D613629,354,MCNFJ354WAG7,0,0,0,0,0,0,0.2397798229,1.1371760978,0,0,0,0,0,0,0,2.9860977935,0.627702803,0.8166786849,0,5.8074374012,D6136290,PXMG,06/27/2026 10:18:21 PM,BPD454,8M5CL,8M5CL,06/28/2026 8:55:46 AM,8M5CL,D1D,2,8307014
D612481,8,KJCHY008WFE3,0,0,0,0,0,0,0.2395686988,0.6363984778,1.4321956674,0,0,0,0,0,0,1.8423086724,0,2.5882937646,0,6.738765281,D6124810,PXMG,07/03/2026 4:17:12 AM,BPD446,8M5CL,8M5CL,07/03/2026 7:55:26 AM,8M5CL,D1D,1,8272234
D612481,22,KJCHY022WFC5,0,0,0,0,0,0,0.2221201698,0,0,0,0,0,0,0,0,0,0,7.0804652737,0,7.3025854435,D6124810,PXMG,07/03/2026 4:17:12 AM,BPD446,8M5CL,8M5CL,07/03/2026 7:55:38 AM,8M5CL,D1D,2,8272282
D614211,903,HJ7SN903JKA5,0,0,0,0,0,0,3.2789460864,0.7364532091,0,0,0,0,0,0,0,1.6623167902,0,0.7362391861,0.7103424007,7.0499161124,D6142110,PNCB,07/03/2026 11:26:29 AM,BPD446,8M5CL,8M5CL,07/05/2026 7:42:29 AM,8M5CL,D1D,1,8360508
D614211,904,HJ7SN904JKE7,0,0,0,0,0,0,0,0,1.2831063744,0,0,0,0,0,0,0.7002046214,0,1.5878388257,0,3.5711498215,D6142110,PNCB,07/03/2026 11:26:29 AM,BPD446,8M5CL,8M5CL,07/05/2026 7:42:22 AM,8M5CL,D1D,2,8360421
D615274,30,KJ5DR030WFC0,0,0,0,0,0,0,0.4587538618,2.1173999184,5.1912418743,0,0,0,0,0,0,0,0,1.4787903319,2.8939260479,12.140109885,D6152740,PR8B,07/03/2026 5:49:50 PM,BPD458,8M5CL,8M5CL,07/05/2026 7:42:28 AM,8M5CL,D1D,1,8382635
D615274,115,KJ5DR115WFG0,0,0,0,0,0,0,1.6654977059,4.3788528992,0,0,0,0,0,0,0,0,0,0,0,6.0443506051,D6152740,PR8B,07/03/2026 5:49:50 PM,BPD458,8M5CL,8M5CL,07/05/2026 7:42:21 AM,8M5CL,D1D,2,8382718
D614223,84,A2EGD084SLG4,0,0,0,0,0,0,0.2221201698,1.0534213993,0,0,0,0,0,0,0,1.0580397395,0,3.0918687793,0,5.4254500878,D6142230,PXMG,07/02/2026 8:13:19 PM,BPD436,8M5CL,8M5CL,07/03/2026 7:55:36 AM,8M5CL,D1D,1,8346899
D614223,85,A2EGD085SLD3,0,0,0,0,0,0,0.182113144,1.1241271061,0,0,0,0,0,0,0,1.8227755172,0,7.0155827205,0,10.144596269,D6142230,PXMG,07/02/2026 8:13:19 PM,BPD436,8M5CL,8M5CL,07/03/2026 7:55:26 AM,8M5CL,D1D,2,8346929
D614257,585,KJ5MD585WFE1,1.7349316625,0,0,0,0,0,1.2161687931,1.0826657474,2.729493964,0,0,0,0,0,0.3277370974,5.2203016731,1.1952262253,0,0.3225386191,13.509276385,D6142570,PXMG,06/30/2026 4:16:19 AM,BPD446,8M5CL,8M5CL,06/30/2026 8:37:54 AM,8M5CL,D1D,1,8356429
D614257,588,KJ5MD588WFC1,0,0,0,0,0,0,0,1.0534213993,0,0,0,0,2.0298374744,0,0,0,0,4.1525475703,0.4554563085,7.6912627525,D6142570,PXMG,06/30/2026 4:16:19 AM,BPD446,8M5CL,8M5CL,06/30/2026 8:37:44 AM,8M5CL,D1D,2,8356428
D614257,613,KJ5MD613WFA1,0,0,0,0,0,0,0,0.7634640943,0,0,0,0,0,0,0,3.4465711248,0,8.6785499601,0,12.888585179,D6142570,PXMG,06/30/2026 4:16:19 AM,BPD446,8M5CL,8M5CL,06/30/2026 8:37:57 AM,8M5CL,D1D,3,8356385
D614257,619,KJ5MD619WFD4,0,0,0,0,0,0,0,3.8059273062,0,0,2.4545514848,0,0,0,0,0,0,1.289866042,0,5.7620616518,D6142570,PXMG,06/30/2026 4:16:19 AM,BPD446,8M5CL,8M5CL,06/30/2026 8:37:48 AM,8M5CL,D1D,4,8356412
D614166,245,MCLXU245WAC7,0,0,0,0,0,0,0,0.6114488877,0,0,0,0,0,0,0,5.7704434751,0,3.1791695801,0,9.561061943,D6141660,PR8B,07/01/2026 1:42:13 PM,BPD446,8M5CL,8M5CL,07/02/2026 7:54:45 AM,8M5CL,D1D,1,8339807
D614166,299,MCLXU299WAF4,0,0,0,0,0,0,0,1.3279149592,0,0,0,0,0,0,0,0,0,3.0250957259,0,4.3530128057,D6141660,PR8B,07/01/2026 1:42:13 PM,BPD446,8M5CL,8M5CL,07/02/2026 7:54:56 AM,8M5CL,D1D,2,8339834
D613607,82,A2DMV082SLG1,0,0,0,0,0,0,0.3030510831,1.0534213993,0,0,0,0,0,0,0,0,0,3.9128337237,0,5.2693062061,D6136070,PXMG,06/30/2026 3:19:13 AM,BPD436,8M5CL,8M5CL,06/30/2026 8:37:26 AM,8M5CL,D1D,1,8303659
D613607,83,A2DMV083SLD0,0,0,0,0,0,0,0.7836545135,2.2903922828,0,0,0,0,0,0,0,0,0,1.5264844431,0,4.6005312394,D6136070,PXMG,06/30/2026 3:19:13 AM,BPD436,8M5CL,8M5CL,06/30/2026 8:37:32 AM,8M5CL,D1D,2,8303599
D613635,176,HJ6TM176JKB0,0,0,0,0,0,0,0,1.0877466628,1.9086940135,0,0,0,0,0,0,0,0,1.0874299766,0.6546717103,4.7385401639,D6136350,PXMG,06/30/2026 12:37:46 PM,BPD436,8M5CL,8M5CL,07/01/2026 6:00:02 AM,8M5CL,D1D,1,8306753
D613635,177,HJ6TM177JKF2,1.9107680267,0,0,0,0,0,0,0,0,0,0,0,0,0,0,0,0,4.4816074514,0,6.3923754781,D6136350,PXMG,06/30/2026 12:37:46 PM,BPD436,8M5CL,8M5CL,07/01/2026 6:00:08 AM,8M5CL,D1D,2,8306860
D613627,644,MCLPK644WAE2,0,0,0,0,0,0,1.1421045265,0,0,0,0,0,0,0,0,1.7542919057,0,1.5539505086,0,4.4503469409,D6136270,PXMG,07/02/2026 6:06:25 PM,BPD446,8M5CL,8M5CL,07/03/2026 7:55:36 AM,8M5CL,D1D,1,8306722
D613627,654,MCLPK654WAB3,0,0,0,0,0,0,0,5.2536632282,0,0,0,0,0,0,0,2.8372816781,0,10.23775614,0,18.328701047,D6136270,PXMG,07/02/2026 6:06:25 PM,BPD446,8M5CL,8M5CL,07/03/2026 7:55:32 AM,8M5CL,D1D,2,8306896
D615309,313,KJD2H313WFD0,5.334136372,0,0,0,0,0,0,0,1.3422710477,0,0,0,0,0,0,15.145231942,0.9690234631,5.7478942336,0,26.370401143,D6153090,PNCB,06/28/2026 4:56:55 AM,BPD446,8M5CL,8M5CL,06/28/2026 8:57:31 AM,8M5CL,D1D,1,8393107
D615309,322,KJD2H322WFD2,0,0,0,0,0,0,0.092509887,2.2220435833,1.51787574,0,0,0,0,0,0,5.857571854,1.0957957943,4.6215013797,0.8343549016,15.224320639,D6153090,PNCB,06/28/2026 4:56:55 AM,BPD446,8M5CL,8M5CL,06/28/2026 8:57:23 AM,8M5CL,D1D,2,8393014
D615309,371,KJD2H371WFG6,1.4694820499,0,0,0,0,0,0.2161632494,0,1.29227099,0,0,0,0,0,0,3.2807588614,0,0.7362391861,0,6.7421638521,D6153090,PNCB,06/28/2026 4:56:55 AM,BPD446,8M5CL,8M5CL,06/28/2026 8:57:13 AM,8M5CL,D1D,3,8393041
D615309,389,KJD2H389WFB0,0,0,0,0,0,0,0.2367736661,0,0.5952151382,0,0,0,0,0,0,8.0873156497,0,0,0,8.2754975295,D6153090,PNCB,06/28/2026 4:56:55 AM,BPD446,8M5CL,8M5CL,06/28/2026 8:55:53 AM,8M5CL,D1D,4,8393023
D614210,829,HJ7SN829JKG4,0.8908515554,0,0,0,0,0,0.2620904491,0,0,0,0,0,0,0,0,0,0,0,0,1.1529420045,D6142100,PNCB,06/29/2026 4:18:37 AM,BPD446,8M5CL,8M5CL,06/29/2026 8:48:21 AM,8M5CL,D1D,1,8360537
D614210,832,HJ7SN832JKD3,0,0,0,0,0,0,0.1649040322,0,0,0,0,0,0,0,0,0,0,4.511910325,0,4.6768143572,D6142100,PNCB,06/29/2026 4:18:37 AM,BPD446,8M5CL,8M5CL,06/29/2026 8:48:16 AM,8M5CL,D1D,2,8360764
D613649,30,A2EWZ030SLB1,0,0,0,0,0,0,0.1649040322,0,0,0,0,0,0,0,0,0,0,3.155702163,0,3.3206061953,D6136490,PNCB,06/30/2026 11:38:32 PM,BPD446,8M5CL,8M5CL,07/01/2026 6:00:12 AM,8M5CL,D1D,1,8317504
D613649,62,A2EWZ062SLB0,0,0,0,0,0,0,0.2564831465,1.8949237096,0,0,0,0,0,0,0,13.360312186,0,3.6445937424,0,19.156312784,D6136490,PNCB,06/30/2026 11:38:32 PM,BPD446,8M5CL,8M5CL,07/01/2026 6:00:14 AM,8M5CL,D1D,2,8317323
D615292,33,A27SQ033SLB6,0,0,0,0,0,0,0,0,3.0175512121,0,0,0,0,0,0,1.2021715793,0,0,1.0350024795,5.254725271,D6152920,PNCB,07/02/2026 8:14:01 AM,BPD446,8M5CL,8M5CL,07/03/2026 7:55:38 AM,8M5CL,D1D,1,8385463
D615292,49,A27SQ049SLC2,0,0,0,0,0,0,0.8933320822,0,0,0,0,0,0,0,0,0,0,0.7362391861,0,1.6295712682,D6152920,PNCB,07/02/2026 8:14:01 AM,BPD446,8M5CL,8M5CL,07/03/2026 7:55:32 AM,8M5CL,D1D,2,8385512
D614248,15,A2CJE015SLH0,21.278691704,0,0,0,0,0,0,1.7178496803,0,0,6.6111863731,0,0,0,0,1.7854343353,0,0,1.7150918022,26.214097687,D6142480,PXMG,07/04/2026 5:21:30 PM,BPD436,8M5CL,8M5CL,07/05/2026 7:42:21 AM,8M5CL,D1D,1,8353068
D614248,16,A2CJE016SLD7,1.1389706528,0,0,0,0,0,0.3927788349,0.756748024,0,0,0,0,0,0,0,1.7081260978,0,3.286498829,1.4598353337,8.7429577722,D6142480,PXMG,07/04/2026 5:21:30 PM,BPD436,8M5CL,8M5CL,07/05/2026 7:42:11 AM,8M5CL,D1D,2,8353079
D616490,1,MCNFM001WAE7,0,0,0,0,0,0,0,0,0,0,0,0,1.4295060877,0,0,1.9654396883,0,4.6294013202,1.5514983756,9.101392807,D6164900,PXMG,07/06/2026 6:31:08 AM,BPD436,8M5CL,8M5CL,07/06/2026 8:07:57 AM,8M5CL,D1D,1,8422559
D616490,3,MCNFM003WAG0,0,0,0,0,0,0,0,1.0627704189,0,0,0,0,0,0,0,1.9273419203,0,2.5368196776,0,5.5269320169,D6164900,PXMG,07/06/2026 6:31:08 AM,BPD436,8M5CL,8M5CL,07/06/2026 8:03:53 AM,8M5CL,D1D,2,8422772
D616490,36,MCPMT036WAA5,0,0,0,0,0,0,0,0,0,0,0,0,0,0,0,0,0,3.1821221421,2.8578926705,6.0400148126,D6164900,PXMG,07/06/2026 6:31:08 AM,BPD436,8M5CL,8M5CL,07/06/2026 8:07:41 AM,8M5CL,D1D,3,8422737
D616490,114,MCPMT114WAE3,3.5074996011,0,0,0,0,0,0,0,0,0,0,0,0,0,0,2.7394190501,1.6010069965,0,0,7.8479234485,D6164900,PXMG,07/06/2026 6:31:08 AM,BPD436,8M5CL,8M5CL,07/06/2026 8:07:47 AM,8M5CL,D1D,4,8422594
D614260,8,A2EC7008SLA1,0,0,0,0,0,0,0,0,0.6952647212,0,0,0,0,1.1280471787,0,1.950910041,0,4.5440882501,0,8.318310191,D6142600,PXMG,07/06/2026 8:00:50 PM,BPD436,8M5CL,8M5CL,07/07/2026 8:04:56 AM,8M5CL,D1D,1,8356779
D614260,9,A2EC7009SLE3,1.1490789143,0,2.4255127808,0,0,0,0,1.0627704189,1.339667597,0,0,0,0,0,0,0,0,1.1659412425,0.3166123983,6.5825270714,D6142600,PXMG,07/06/2026 8:00:50 PM,BPD436,8M5CL,8M5CL,07/07/2026 8:04:47 AM,8M5CL,D1D,2,8356800
D615349,28,KJD2F028WFB1,0,0,0,0,0,0,0.3133279896,1.8998202027,0,0,0,0,0,0,0,10.27890775,3.3578807743,0,0,15.849936717,D6153490,PXMG,07/06/2026 7:16:46 PM,BPD458,8M5CL,8M5CL,07/07/2026 8:04:48 AM,8M5CL,D1D,1,8408600
D615349,74,KJD2F074WFG5,0,0,0,0,0,0,0,0,0.5583793179,0,0,0,0,0,0,1.6630423009,0,11.72996164,0,13.951383259,D6153490,PXMG,07/06/2026 7:16:46 PM,BPD458,8M5CL,8M5CL,07/07/2026 8:04:53 AM,8M5CL,D1D,2,8408666
D614244,182,A2EJP182SLD2,0,0,0,0,0,0,0.2221201698,3.1210017089,1.0876564952,0,0,0,0,0,0,0,0,1.6432494145,0,6.0740277883,D6142440,PXMG,07/05/2026 10:26:06 PM,BPD454,8M5CL,8M5CL,07/06/2026 8:03:55 AM,8M5CL,D1D,1,8353017
D614244,227,A2DY9227SLB5,0,0,0,0,0,0,0,0,1.1266697677,0,0,0,0,0,0,7.3800242251,0,3.0951247065,0,11.217641615,D6142440,PXMG,07/05/2026 10:26:06 PM,BPD454,8M5CL,8M5CL,07/06/2026 8:04:01 AM,8M5CL,D1D,2,8352984
D614244,228,A2DY9228SLF7,1.1389706528,0,0,0,0,0,0.2221201698,0,0.5583793179,0,0,0,0,0,0,0,0,1.5130562061,0,3.4325263466,D6142440,PXMG,07/05/2026 10:26:06 PM,BPD454,8M5CL,8M5CL,07/06/2026 8:03:49 AM,8M5CL,D1D,3,8353116
D614244,232,A2DY9232SLH0,0,0,0,0,0,0,0.6862479618,1.190280412,0,0,0,0,0,0,0,0,0,1.8567376866,0,3.7332660605,D6142440,PXMG,07/05/2026 10:26:06 PM,BPD454,8M5CL,8M5CL,07/06/2026 8:03:45 AM,8M5CL,D1D,4,8353030
D614244,237,A2ECU237SLE1,0,0,0,0,0,0,0,0,0,0,0,0,0,0,0,4.5169673098,0,0,0,4.5169673098,D6142440,PXMG,07/05/2026 10:26:06 PM,BPD454,8M5CL,8M5CL,07/06/2026 8:04:13 AM,8M5CL,D1D,5,8353108
D614244,239,A2DY9239SLH2,0,0,0,0,0,0,0,0,1.339667597,0,0,0,0,0,0,0.7310706744,0,0.7632422215,0,2.8339804929,D6142440,PXMG,07/05/2026 10:26:06 PM,BPD454,8M5CL,8M5CL,07/06/2026 8:07:35 AM,8M5CL,D1D,6,8353148
D614208,337,KJCJH337WFD2,0.772359851,0,0,0,0,0,0.2272303797,0,0.5712274383,0,0,0,0,0,0,2.6919815356,0.9329263407,13.799816897,5.9576988591,24.687548845,D6142080,PNCB,07/05/2026 5:25:14 AM,BPD458,8M5CL,8M5CL,07/05/2026 7:42:11 AM,8M5CL,D1D,1,8358514
D614208,424,KJCJF424WFG4,0,0,0,0,0,0,0,1.0178998896,0,0,0,0,0,0,0,0,0.5618637387,0.7310178748,0,2.3107815031,D6142080,PNCB,07/05/2026 5:25:14 AM,BPD458,8M5CL,8M5CL,07/05/2026 7:42:22 AM,8M5CL,D1D,2,8358476
D615294,76,A2AZS076SLG5,0,0,0,0,0,0,0.2651427333,1.2545690516,0,0,0,0,0,0,0,1.9851555409,0,0.9030599566,1.4149679737,5.8228952561,D6152940,PNCB,07/05/2026 11:26:08 PM,BPD446,8M5CL,8M5CL,07/06/2026 8:07:45 AM,8M5CL,D1D,1,8385575
D615294,77,A2BDY077SLA5,0,0,0,0,0,0,1.279515218,0,2.7192502084,0,0,0,0,0,0,0,0,3.8718904404,0.3054108484,8.1466171478,D6152940,PNCB,07/05/2026 11:26:08 PM,BPD446,8M5CL,8M5CL,07/06/2026 8:07:35 AM,8M5CL,D1D,2,8385612
D607550,426,KJAAC426WFF2,0,0,0,0,0,0,0.9036200381,2.2464948075,4.3046273126,0,0,0,0,0,0,3.0346145565,0,11.990807692,0,22.480166606,D6075500,PXMG,05/01/2026 3:18:23 PM,BPD446,8M5CL,8M5CL,07/04/2026 7:01:13 AM,8M5CL,D1D,1,8085642
D607550,444,KJAAC444WFF6,0,0,0,0,0,0,0.2377477532,0,0,0,0,0,0,0,0,1.9275412398,2.0349990193,0,0.823678769,5.0239667813,D6075500,PXMG,05/01/2026 3:18:23 PM,BPD446,8M5CL,8M5CL,07/06/2026 2:57:46 AM,8M5CL,D1D,2,8085745
D607552,421,KJAAC421WFG1,0.7616891124,0,0,0,0,0,0.2240914662,3.1858706567,1.339667597,0,0,0,0,0,0,3.5217859833,0,1.592824392,0,10.625929207,D6075520,PXMG,05/05/2026 4:47:19 PM,BPD448,8M5CL,8M5CL,07/05/2026 1:21:00 PM,8M5CL,D1D,1,8085900
D607552,477,KJAAC477WFC4,0,0,0,0,0,0,0.8098354967,0.7634640943,1.1774786249,0,0,0,0,0,0,0,0,0,0.7363956201,3.487173836,D6075520,PXMG,05/05/2026 4:47:19 PM,BPD448,8M5CL,8M5CL,07/05/2026 11:18:43 AM,8M5CL,D1D,2,8085947
D607541,404,5DXCR404MVA1,0,0,0,0,0,0,0.2678065501,1.2700919277,1.4678976361,0,0,0,0,0,0,2.0594564293,0,1.3933884148,0,6.4586387588,D6075410,PXMG,05/07/2026 12:12:31 PM,BPD442,8M5CL,8M5CL,05/08/2026 7:56:23 AM,8M5CL,D1D,1,8083869
D607541,434,5DXCR434MVG2,0,0,0,0,0,0,0,0,0.5583793179,0,0,0,0,0,0,1.7081260978,0,5.6862763466,0,7.9527817623,D6075410,PXMG,05/07/2026 12:12:31 PM,BPD442,8M5CL,8M5CL,05/08/2026 7:56:02 AM,8M5CL,D1D,2,8083902
D607541,457,5DXCR457MVF7,0,0,0,0,0,0,0,0,2.679335194,0,0,0,0,0,0,1.7232855624,0,4.0789084304,0,8.4815291868,D6075410,PXMG,05/07/2026 12:12:31 PM,BPD442,8M5CL,8M5CL,05/08/2026 7:55:48 AM,8M5CL,D1D,3,8083951
D607541,570,5DXCR570MVG3,0,0,0,0,0,0,0.3190745243,1.5132299436,0,0,0,0,0,0,0,0,0,6.3811584053,0.6542582589,8.8677211322,D6075410,PXMG,05/07/2026 12:12:31 PM,BPD442,8M5CL,8M5CL,05/08/2026 7:56:11 AM,8M5CL,D1D,4,8083822
D607576,7,KJA9Y007WFD0,1.541735231,0,0,0,0,0,0,1.9012890937,0,0,0,0,0,0,0,1.3848563478,0,0,0,4.8278806724,D6075760,PR8B,05/07/2026 8:32:41 AM,BPD458,8M5CL,8M5CL,05/08/2026 8:04:51 AM,8M5CL,D1D,1,8104174
D607576,9,KJA9Y009WFE1,0,0,0,0,0,0,0,0,0,0,0,0,0,0,0,1.9995041678,0,0,0,1.9995041678,D6075760,PR8B,05/07/2026 8:32:41 AM,BPD458,8M5CL,8M5CL,05/08/2026 8:05:02 AM,8M5CL,D1D,2,8104242
D609195,248,KJ7HD248WFF0,0,0,0,0,0,0,0.1978277005,2.442255251,5.4888159141,0,0,0,0,0,0,2.8200662654,0,5.4127298595,1.5558550242,17.917550015,D6091950,PXMG,05/11/2026 1:55:57 PM,BPD444,8M5CL,8M5CL,05/12/2026 10:29:20 AM,8M5CL,D1D,1,8161528
D609195,264,KJ7HW264WFE1,0,0,0,0,0,0,0.3534767601,0,0.651289326,0,0,0,0,1.1158349678,0,9.2034656653,0,3.6814878696,0,15.005556788,D6091950,PXMG,05/11/2026 1:55:57 PM,BPD444,8M5CL,8M5CL,05/12/2026 10:29:10 AM,8M5CL,D1D,2,8161434
D608101,214,A27QE214SLG7,0,0,0,0,0,0,0,2.1068427986,1.9366239754,0,0,0,0,0,0,6.1824180328,0,15.639615307,0.7299176669,26.233040819,D6081010,PXMG,05/11/2026 9:32:33 AM,BPD448,8M5CL,8M5CL,05/11/2026 2:51:01 PM,8M5CL,D1D,1,8118967
D608101,218,A27QE218SLB6,26.778033548,0,0,0,0,0,0,4.7104562573,8.5609050022,0,21.981986252,0,0,0,0,20.70912552,0,51.608715376,1.0435491474,114.26410457,D6081010,PXMG,05/11/2026 9:32:33 AM,BPD448,8M5CL,8M5CL,05/11/2026 2:51:09 PM,8M5CL,D1D,2,8118807
D608101,251,A29UH251SLG7,0,0,0,0,0,0,0.43664555,6.6038756664,1.953811338,0,0,0,0,0,0,1.7232855624,1.5537747899,1.6578331044,0,13.929226011,D6081010,PXMG,05/11/2026 1:16:31 PM,BPD446,8M5CL,8M5CL,05/11/2026 2:51:07 PM,8M5CL,D1D,3,8118757
D608101,252,A29UH252SLD6,0,0,0,0,0,0,0.0809309133,2.1068427986,1.8862620755,0,0,0,0,0,0,1.7081260978,2.8435780152,4.0443464578,1.4598353337,14.129921692,D6081010,PXMG,05/11/2026 1:16:31 PM,BPD446,8M5CL,8M5CL,05/11/2026 2:50:52 PM,8M5CL,D1D,4,8118863
D607560,176,GQ7JE176JKG4,0,0,0,0,0,0,0.2106842799,5.1077148822,4.330903469,0,0,0,0,0,0,0,0,10.892227722,0,20.541530353,D6075600,PXMG,05/12/2026 12:27:15 PM,BPD454,8M5CL,8M5CL,05/13/2026 8:05:23 AM,8M5CL,D1D,1,8088631
D607560,177,GQ7JE177JKD3,0,0,0,0,0,0,0.0861620594,3.4710858437,4.1989793005,0,0,0,0,0,0,20.864859109,0,16.413344257,0.7770937366,44.632044389,D6075600,PXMG,05/12/2026 12:27:15 PM,BPD454,8M5CL,8M5CL,05/13/2026 8:05:11 AM,8M5CL,D1D,2,8088673
D607564,227,A28J5227SLG3,0,0,0,0,0,0,0,0,7.3637787032,0,0,0,0,0,0,3.695485713,0.6155659453,9.9319245928,0,21.606754954,D6075640,PXMG,05/14/2026 12:12:53 AM,BPD448,8M5CL,8M5CL,05/14/2026 7:56:00 AM,8M5CL,D1D,1,8088678
D607564,228,A28J5228SLD2,0,0,0,0,0,0,0.2221201698,0,0.5583793179,0,0,0,0,0,0,1.7081260978,0,0,0,2.4886255855,D6075640,PXMG,05/14/2026 12:12:53 AM,BPD448,8M5CL,8M5CL,05/14/2026 7:56:06 AM,8M5CL,D1D,2,8088683
D607544,3,MCLPM003WAC6,0,0,0,0,0,0,0.0816491679,0,0,0,0,0,0,0,0,0,0,52.778876331,0,52.860525499,D6075440,PXMG,05/16/2026 12:20:45 PM,BPD446,8M5CL,8M5CL,05/17/2026 6:37:10 AM,8M5CL,D1D,1,8084001
D607544,60,MCLPM060WAC2,0,0,0,0,0,0,0.6187784104,1.4673016503,1.849596853,0,0,0,0,0,0,3.3885795411,0,1.0537622768,0,8.3780187317,D6075440,PXMG,05/16/2026 12:20:45 PM,BPD446,8M5CL,8M5CL,05/17/2026 6:37:16 AM,8M5CL,D1D,2,8083964
D607544,64,MCLPM064WAE4,0,0,0,0,0,0,5.373955595,0,12.254868988,0,0,0,0,0,0,1.0580397395,0,0.756528103,0,18.580928396,D6075440,PXMG,05/16/2026 12:20:45 PM,BPD446,8M5CL,8M5CL,05/17/2026 6:37:03 AM,8M5CL,D1D,3,8084027
D607544,77,MCLPM077WAH0,0,0,0,0,0,0,0.1721732453,0,0,0,1.5828401187,0,0,0,0,0,0,0.7632422215,0,2.5182555856,D6075440,PXMG,05/16/2026 12:20:45 PM,BPD446,8M5CL,8M5CL,05/17/2026 6:36:49 AM,8M5CL,D1D,4,8084059
D608614,283,KJA9U283WFE0,2.3432246194,0,0,0,0,0,0,0,0,0,0,0,1.9793533277,0,0,4.5265988054,0,5.9642786847,0,14.813455437,D6086140,PXMG,05/15/2026 5:04:58 AM,BPD454,8M5CL,8M5CL,07/07/2026 5:56:19 AM,8M5CL,D1D,1,8123017
D608614,292,KJA9U292WFE2,0,0,0,0,0,0,0,5.4097279384,0,0,0,0,0,0,0,1.7081260978,0,0.756528103,1.1853739754,9.0597561146,D6086140,PXMG,05/15/2026 5:04:58 AM,BPD454,8M5CL,8M5CL,07/07/2026 3:39:26 AM,8M5CL,D1D,2,8123027
D608112,23,A2BDY023SLF3,0,0,0,0,0,0,0,0,2.4059879797,0,0,0,0,0,0,2.4543562368,0,4.013899718,0,8.8742439345,D6081120,PXMG,05/19/2026 8:13:15 PM,BPD436,8M5CL,8M5CL,05/20/2026 5:29:50 AM,8M5CL,D1D,1,8121323
D608112,94,A2BP5094SLE5,1.1778966628,0,0,0,0,0,0.3413173302,0.756748024,0.6087412178,0,0,0,0,0,0,1.7081260978,0,1.9122127488,0.6122599532,7.1173020345,D6081120,PXMG,05/19/2026 8:13:15 PM,BPD436,8M5CL,8M5CL,05/20/2026 5:30:33 AM,8M5CL,D1D,2,8121269
D608600,284,GT9ZP284JKG5,0,0,0,0,0,0,0.3795342803,1.0178998896,1.2831063744,0,0,0,0,0,0,1.6505278586,0,4.260440176,0,8.591508579,D6086000,PNCB,05/19/2026 1:46:41 AM,BPD432,8M5CL,8M5CL,05/20/2026 5:30:51 AM,8M5CL,D1D,1,8135991
D608600,286,GT9ZP286JKA3,0,0,0,0,0,0,0,0,1.2831063744,0,0,0,0,0,0,1.6069642934,0.5618637387,10.928079713,0,14.380014119,D6086000,PNCB,05/19/2026 1:46:41 AM,BPD432,8M5CL,8M5CL,05/20/2026 5:30:54 AM,8M5CL,D1D,2,8135945
D609162,158,5DXEF158MVG7,0,0,0,0,0,0,0.5634375,0,1.3278827576,0,0,0,0,0,0,1.6630423009,0,12.341559631,1.4598353337,17.355757523,D6091620,PXMG,05/18/2026 7:29:08 PM,BPD436,8M5CL,8M5CL,05/19/2026 8:46:06 AM,8M5CL,D1D,1,8155138
D609162,162,5DXEF162MVA5,1.2631930072,0,0,0,0,0,0.928308365,2.3339419789,2.0919871377,0,0,0,0,0,0,3.0678578088,0,3.6449414044,3.151273829,16.48150573,D6091620,PXMG,05/18/2026 7:29:08 PM,BPD436,8M5CL,8M5CL,05/19/2026 8:46:24 AM,8M5CL,D1D,2,8155059
D609200,525,GU2MA525JKE7,0,0,0,0,0,0,0,8.7073570962,0,0,0,0,0,0,0,8.0127586335,0,0,0,16.72011573,D6092000,PR8B,05/18/2026 6:31:28 PM,BPD436,8M5CL,8M5CL,05/19/2026 8:50:38 AM,8M5CL,D1D,1,8164162
D609200,531,GU2MA531JKH1,0,0,0,0,0,0,0.1138131505,2.5456308664,1.8673945817,0,0,0,0,0,0,1.4879160667,0,0,0,6.0147526651,D6092000,PR8B,05/18/2026 6:31:28 PM,BPD436,8M5CL,8M5CL,05/19/2026 8:50:36 AM,8M5CL,D1D,2,8164026
D608610,651,GU2DU651JKD1,0,0,0,0,0,0,0.0816491679,0,0,0,2.3159231789,0,0,0,0.3217154713,0,0,0,0.7363956201,3.3489049639,D6086100,PXMG,05/17/2026 6:13:24 PM,BPD436,8M5CL,8M5CL,07/06/2026 3:15:00 PM,8M5CL,D1D,1,8118909
D608610,652,GU2DU652JKA0,0,0,0,0,0,0,0,4.2093069709,0.7056427913,0,0,0,0,0,0,0,0,0,0,4.9149497621,D6086100,PXMG,05/17/2026 6:13:24 PM,BPD436,8M5CL,8M5CL,05/18/2026 6:35:59 AM,8M5CL,D1D,2,8118853
D608120,233,5DXEG233MVF5,0,0,0,0,0,0,2.4047401115,0,4.0469587185,0,0,0,0,0,0,2.0328286038,0,0.9003398504,0.8686696346,10.253538919,D6081200,PR8B,05/17/2026 11:22:06 PM,BPD444,8M5CL,8M5CL,05/18/2026 6:35:59 AM,8M5CL,D1D,1,8140736
D608120,239,5DXEG239MVB5,0,0,0,0,0,0,0.1003861205,1.3066545399,0,0,0,0,0,0,0,0,0,0,0,1.4070406603,D6081200,PR8B,05/17/2026 11:22:06 PM,BPD444,8M5CL,8M5CL,05/18/2026 6:36:02 AM,8M5CL,D1D,2,8140612
D607562,7,KJ9HA007WFB7,1.1490789143,0,0,0,0,0,0,2.7967724346,0,0,0,0,0,0,0,2.5703069301,0,0.7632422215,0,7.2794005006,D6075620,PXMG,05/17/2026 6:19:25 AM,BPD458,8M5CL,8M5CL,05/17/2026 4:31:28 PM,8M5CL,D1D,1,8089206
D607562,23,KJ97L023WFG0,0,0,0,0,0,0,0.817263796,0.6452968923,0,0,0,0,0,0,0,5.6100743883,0,24.793914692,0,31.866549768,D6075620,PXMG,05/17/2026 6:19:25 AM,BPD458,8M5CL,8M5CL,05/17/2026 4:31:34 PM,8M5CL,D1D,2,8089250
D608632,626,GU1PU626JKA6,1.3729775505,0,0,0,0,0,0,0,0,0,0,0,0,0,0,1.2754206126,0,3.823873496,0,6.4722716591,D6086320,PXMG,05/23/2026 7:19:57 AM,BPD446,8M5CL,8M5CL,05/25/2026 9:51:11 AM,8M5CL,D1D,1,8128021
D608632,627,GU1PU627JKF0,0,0,0,0,0,0,0,0,0,0,0,0,0,0,0,21.633688086,0,1.017754659,9.772134065,32.423579029,D6086320,PXMG,05/23/2026 7:19:57 AM,BPD446,8M5CL,8M5CL,05/25/2026 9:51:12 AM,8M5CL,D1D,2,8128197
D608618,440,GU2DU440JKD4,0,0,0,0,0,0,0.4248916935,2.8701884514,0,0,0,0,0,0,0,7.9814814476,0,2.5974116876,0,13.87397328,D6086180,PXMG,05/23/2026 1:26:30 AM,BPD454,8M5CL,8M5CL,05/25/2026 9:50:41 AM,8M5CL,D1D,1,8124853
D608618,441,GU2DU441JKA3,0,0,0,0,0,0,0,0,0.7602380646,0,0,0,0,0,0,0,0,0,0,0.7602380646,D6086180,PXMG,05/23/2026 1:26:30 AM,BPD454,8M5CL,8M5CL,05/25/2026 9:50:45 AM,8M5CL,D1D,2,8124974
D609176,356,MCLXN356WAA6,0,0,0,0,0,0,0.1618618267,2.1992096019,0,0,0,0,0,0,0,1.7826793033,0,0.756528103,0,4.8613440281,D6091760,PXMG,05/23/2026 12:50:13 AM,BPD454,8M5CL,8M5CL,05/25/2026 9:50:42 AM,8M5CL,D1D,1,8156266
D609176,359,MCLXN359WAG1,0,0,0,0,0,0,0.8741785909,0,0.614143741,0,0,0,0,0,0,0,0,4.9084906009,0,6.3968129329,D6091760,PXMG,05/23/2026 12:50:13 AM,BPD454,8M5CL,8M5CL,05/25/2026 9:50:35 AM,8M5CL,D1D,2,8156273
D608613,14,MCLPG014WAB7,0,0,0,0,0,0,0.0809309133,5.6240321172,0,0,0,0,0,0,0,0,0,5.0040815281,0,10.709044559,D6086130,PXMG,05/23/2026 1:08:30 AM,BPD454,8M5CL,8M5CL,05/25/2026 9:50:31 AM,8M5CL,D1D,1,8119029
D608613,23,MCLPG023WAC1,0,0,0,0,0,0,0,0,0,0,0,0,0,0,0,2.5318097912,0,0,0,2.5318097912,D6086130,PXMG,05/23/2026 1:08:30 AM,BPD454,8M5CL,8M5CL,05/25/2026 9:50:17 AM,8M5CL,D1D,2,8119028
D609172,277,KJ7HD277WFG7,4.2219520039,0,0,0,0,0,0.4798530472,3.3373653627,0,0.5642157186,0,0,0,0,0,3.3793880595,1.1711530331,7.3795982294,0,20.533525454,D6091720,PXMG,05/22/2026 9:11:47 PM,BPD446,8M5CL,8M5CL,05/25/2026 9:50:19 AM,8M5CL,D1D,1,8156287
D609172,278,KJ7HD278WFD6,0,0,0,0,0,0,0.8226671326,0,0.7747595506,0,0,0,0,0,0,1.4680449832,0,1.6035294899,0,4.6690011563,D6091720,PXMG,05/22/2026 9:11:47 PM,BPD446,8M5CL,8M5CL,05/25/2026 9:50:35 AM,8M5CL,D1D,2,8156220
D608641,218,KJA9U218WFB1,0,0,0,0,0,0,0.0809309133,1.0510022687,0.6087412178,0,0,0,0,0,0,1.0580397395,0,2.3353406762,0,5.1340548156,D6086410,PXMG,05/21/2026 4:48:01 AM,BPD444,8M5CL,8M5CL,05/21/2026 8:07:24 AM,8M5CL,D1D,1,8129968
D608641,219,KJA9U219WFF3,0,0,0,0,0,0,0.6203561777,0,1.339667597,0,0,0,0,0,0,3.6986496183,0,1.6578331044,0,7.3165064974,D6086410,PXMG,05/21/2026 4:48:01 AM,BPD444,8M5CL,8M5CL,05/21/2026 8:07:20 AM,8M5CL,D1D,2,8130048
D609178,1,GU1AG001JKG5,1.1801921285,0,0,0,0,0,3.5809128494,0,2.7518831421,0,0,0,0,0,0,1.8735688433,0,14.127549177,0,23.4211814,D6091780,PXMG,05/27/2026 8:44:48 AM,BPD436,8M5CL,8M5CL,05/27/2026 7:15:49 PM,8M5CL,D1D,1,8158956
D609178,2,GU1AG002JKD4,0,0,0,0,0,0,0,0,0.8227770931,0,0,0,0,0,0,1.4300514381,0,2.1339304633,0.7299176669,5.1166766613,D6091780,PXMG,05/27/2026 8:44:48 AM,BPD436,8M5CL,8M5CL,05/27/2026 7:15:43 PM,8M5CL,D1D,2,8158921
D609184,248,KJ9HE248WFB6,0,0,0,0,0,0,1.2055187354,3.2747946355,0,0,0,0,0,0,0,0,0,7.8008625622,0,12.281175933,D6091840,PXMG,05/27/2026 12:21:50 PM,BPD454,8M5CL,8M5CL,05/27/2026 7:15:44 PM,8M5CL,D1D,1,8158864
D609184,253,KJ9HE253WFH1,1.7569281258,0,0,0,0,0,0,0,0,0,0,0,0,0,0,0,1.478750742,1.1669884818,7.7864129897,12.189078121,D6091840,PXMG,05/27/2026 12:21:50 PM,BPD454,8M5CL,8M5CL,05/27/2026 7:16:01 PM,8M5CL,D1D,2,8158840
D608633,26,A2BJ8026SLB5,0,0,0,0,0,0,0.4681743377,0,0.6415380306,0,0,0,0,0,0,3.5527967213,0,9.9601191232,0.769243933,15.391874345,D6086330,PXMG,05/28/2026 6:39:03 AM,BPD458,8M5CL,8M5CL,05/28/2026 8:44:37 AM,8M5CL,D1D,1,8128557
D608633,31,A2BJ8031SLH0,0,0,0,0,0,0,0,0,0,0,0,0,0,0,0,4.3656367895,0,2.6039539309,0,6.9695907205,D6086330,PXMG,05/28/2026 6:39:03 AM,BPD458,8M5CL,8M5CL,05/28/2026 8:44:45 AM,8M5CL,D1D,2,8128587
D608630,376,GU2DU376JKG4,0.686711995,0,0,0,0,0,0.6509770382,0,0,0,0,0,0,0,0,5.4553571392,0,15.408784068,6.7246573514,28.784266906,D6086300,PXMG,05/28/2026 4:53:20 PM,BPD454,8M5CL,8M5CL,05/29/2026 7:53:48 AM,8M5CL,D1D,1,8128403
D608630,377,GU2DU377JKD3,0,0,0,0,0,0,0.787947751,1.1388461436,1.4355654322,0,0,0,0,0,0,0,1.0363742192,2.5943845597,0,6.9931203244,D6086300,PXMG,05/28/2026 4:53:20 PM,BPD454,8M5CL,8M5CL,05/29/2026 7:53:40 AM,8M5CL,D1D,2,8128256
D608630,378,GU2DU378JKA2,1.1389706528,0,0,0,0,0,0.4622738583,1.0534213993,0,0,0,0,0,0,0,0,0,13.479320719,0,16.070176563,D6086300,PXMG,05/28/2026 5:42:24 PM,BPD454,8M5CL,8M5CL,05/29/2026 7:53:15 AM,8M5CL,D1D,3,8128402
D608630,379,GU2DU379JKE4,0,0,0,0,0,0,0.2199113838,2.8989781118,0,0,0,0,0,0,0,2.2010885054,0,7.5061455648,0,12.826121347,D6086300,PXMG,05/28/2026 5:42:24 PM,BPD454,8M5CL,8M5CL,05/29/2026 7:53:33 AM,8M5CL,D1D,4,8128360
D608625,4,A2AMA004SLC0,0,0,0,0,0,0,0.1839748792,2.2712425132,0,0,0,0,0,0,0,2.6225992352,0,1.6311229728,0,6.7089396004,D6086250,PXMG,05/28/2026 7:02:56 PM,BPD436,8M5CL,8M5CL,05/29/2026 7:53:19 AM,8M5CL,D1D,1,8126352
D608625,15,A2BJ8015SLA2,0,0,0,0,0,0,0.3204441405,0,4.3097492653,0,0,0,0,0,0,1.2596691623,0.6922806635,0.7632422215,2.6071622108,9.8754601995,D6086250,PXMG,05/28/2026 7:02:56 PM,BPD436,8M5CL,8M5CL,05/29/2026 7:53:25 AM,8M5CL,D1D,2,8126486
D609160,426,GU2MA426JKC5,1.215797841,0,0,0,0,0,0.1821693282,0,0,0,0,0,0,0,0,2.9527533775,0,1.6853092982,4.3004905994,10.336522643,D6091600,PXMG,05/27/2026 1:50:08 PM,BPD446,8M5CL,8M5CL,05/27/2026 7:15:51 PM,8M5CL,D1D,1,8154937
D609160,427,GU2MA427JKG7,0,0,0,0,0,0,0.3309853143,1.0603298188,2.679335194,0,0,0,0,0,0,5.3202864041,0,2.421075326,0,11.812012057,D6091600,PXMG,05/27/2026 1:50:08 PM,BPD446,8M5CL,8M5CL,05/27/2026 7:15:43 PM,8M5CL,D1D,2,8155039
D609168,729,GU1PU729JKF2,0,0,0,0,0,0,0.5435504917,7.1299115241,0,0,0,0,0,0,0,9.2620797007,0,4.5925859766,0,21.528125474,D6091680,PXMG,05/26/2026 3:00:08 AM,BPD436,8M5CL,8M5CL,05/26/2026 8:21:01 AM,8M5CL,D1D,1,8155448
D609168,730,GU1PU730JKB0,1.1389706528,0,0,0,0,0,0.1618618267,1.0510022687,6.2257996414,0,0,0,0,0,0,5.9235710626,0,0,0,13.541023942,D6091680,PXMG,05/26/2026 3:00:08 AM,BPD436,8M5CL,8M5CL,05/26/2026 8:20:51 AM,8M5CL,D1D,2,8155258
D609170,130,A29G5130SLE3,0,0,0,0,0,0,1.8339648712,0,3.9083231448,0,0,0,0,0,0,2.9884707406,0,1.6831320806,0,9.552101965,D6091700,PXMG,05/28/2026 6:25:21 AM,BPD454,8M5CL,8M5CL,05/28/2026 8:44:33 AM,8M5CL,D1D,1,8156251
D609170,135,A29G5135SLD4,1.1490789143,0,0,0,0,0,0,1.0627704189,1.339667597,0,0,0,0,0,0,0,0,1.6578331044,0,5.2093500347,D6091700,PXMG,05/28/2026 6:25:21 AM,BPD454,8M5CL,8M5CL,05/28/2026 8:44:40 AM,8M5CL,D1D,2,8156134
D609180,55,A2AQR055SLC7,0,0,0,0,0,0,0,0,0,0,0,0,0,0,0,4.1297572247,0,2.421075326,0,6.5508325507,D6091800,PXMG,05/25/2026 2:17:12 PM,BPD436,8M5CL,8M5CL,05/26/2026 8:21:03 AM,8M5CL,D1D,1,8158651
D609180,58,A2AQR058SLA7,0,0,0,0,0,0,0,1.4791685853,0.7840512112,0,0,0,0,0,0,0,0,1.1546158299,0,3.4178356265,D6091800,PXMG,05/25/2026 2:17:12 PM,BPD436,8M5CL,8M5CL,05/26/2026 8:20:59 AM,8M5CL,D1D,2,8158703
D608116,246,KJ7HD246WFD7,0,0,0,0,0,0,0.0809309133,1.0534213993,0,0,0,0,0,0,0,1.7081260978,0,3.2220619877,0,6.0645403981,D6081160,PXMG,05/25/2026 5:17:42 PM,BPD454,8M5CL,8M5CL,05/26/2026 8:15:52 AM,8M5CL,D1D,1,8123045
D608116,334,KJ7HD334WFE6,0,0,0,0,0,0,0.2808522614,0,0,0,0,0,0,0,0,0,0,0.9565682084,0.5758872256,1.8133076954,D6081160,PXMG,05/25/2026 5:17:42 PM,BPD454,8M5CL,8M5CL,05/26/2026 8:20:57 AM,8M5CL,D1D,2,8123156
D609189,229,A2BJ8229SLF2,0,0,1.5146120328,0,0,0,0.7413966317,1.8248544648,0,0,0,0,0,0,0,2.0595248232,2.174339528,8.7596710709,0.378388425,17.452786976,D6091890,PXMG,05/25/2026 1:41:06 PM,BPD436,8M5CL,8M5CL,05/26/2026 8:21:07 AM,8M5CL,D1D,1,8161294
D609189,277,A2ASU277SLD5,0,0,0,0,0,0,0,0,1.339667597,0,0,0,0,1.1861383179,0,0,0,5.1784897555,0,7.7042934516,D6091890,PXMG,05/25/2026 1:41:06 PM,BPD436,8M5CL,8M5CL,05/26/2026 8:20:57 AM,8M5CL,D1D,2,8161349
D609187,554,MCLKD554WAG6,1.8573622621,0,0,0,0,0,0,1.1590670302,1.4610536958,0,0,0,0,0,0,2.6767437756,0,2.4971981045,1.3042544496,10.571019965,D6091870,PXMG,05/30/2026 10:20:23 PM,BPD458,8M5CL,8M5CL,06/01/2026 9:06:34 AM,8M5CL,D1D,1,8161287
D609187,573,MCLKD573WAE1,0.6596276525,0,0,0,0,0,0,0,1.5616534909,0,0,0,0,0,0,1.588551123,0,0.8897119014,0,4.6995441678,D6091870,PXMG,05/30/2026 10:20:23 PM,BPD458,8M5CL,8M5CL,06/01/2026 9:06:46 AM,8M5CL,D1D,2,8161405
D608621,25,A29JN025SLD4,0,0,0,0,0,0,0.1865594737,8.7789651243,0,0,0,0,0,0,0,0,0,5.2481955138,0,14.213720112,D6086210,PXMG,05/24/2026 12:42:20 PM,BPD454,8M5CL,8M5CL,05/25/2026 9:50:41 AM,8M5CL,D1D,1,8126311
D608621,53,A2AQR053SLB6,0,0,0,0,0,0,0.4910554017,1.3169988593,1.6601339247,0,0,0,0,0,0,0,0,0,0,3.4681881857,D6086210,PXMG,05/24/2026 12:42:20 PM,BPD454,8M5CL,8M5CL,05/25/2026 9:50:53 AM,8M5CL,D1D,2,8126305
D608645,114,KJA9W114WFA4,0,0,0,0,0,0,0,0.6568203381,4.6117601288,0,0,0,0,1.0649166679,0,0.8066436915,0,0,0.8125177803,7.9526586066,D6086450,PXMG,05/28/2026 10:40:47 PM,BPD436,8M5CL,8M5CL,05/29/2026 7:53:36 AM,8M5CL,D1D,1,8134221
D608645,147,KJA9W147WFE5,0.6515071103,0,0,0,0,0,0.5006513977,0,2.6230216741,0,0,0,0,0,0,1.975892113,0,0,0,5.7510700763,D6086450,PXMG,05/28/2026 10:40:47 PM,BPD436,8M5CL,8M5CL,05/29/2026 7:53:52 AM,8M5CL,D1D,2,8134332
D608645,152,KJA9W152WFC5,0,0,3.1145272358,0,0,0,0,0,0,0,0,0,0,0,0,5.3203300681,0,7.2518474788,3.3495699612,18.012120426,D6086450,PXMG,05/28/2026 10:40:47 PM,BPD436,8M5CL,8M5CL,05/29/2026 7:54:03 AM,8M5CL,D1D,3,8134309
D608645,169,KJA9W169WFA0,0,0,0,0,0,0,1.0272974055,0,7.1431417955,0,0,0,0,0,0,0,0,1.592824392,0,9.6430906614,D6086450,PXMG,05/28/2026 10:40:47 PM,BPD436,8M5CL,8M5CL,05/29/2026 7:45:06 AM,8M5CL,D1D,4,8134187
D608645,178,KJA9W178WFA2,0,0,0,0,0,0,0,0.8656088993,0,0,0,0,0,0,0,0,2.3138631953,12.642609434,0,15.822083727,D6086450,PXMG,05/28/2026 10:40:47 PM,BPD436,8M5CL,8M5CL,05/29/2026 7:53:49 AM,8M5CL,D1D,5,8134145
D608645,653,KJA9P653WFH2,0,0,0,0,0,0,0.3013497726,0,1.3722118903,0,0,0,0,0,0,3.4429501617,0,0.8497348713,0,5.9662466959,D6086450,PXMG,05/28/2026 10:40:47 PM,BPD436,8M5CL,8M5CL,05/29/2026 7:53:40 AM,8M5CL,D1D,6,8134067
D610225,695,GU4ZC695JKF2,0,0,0,0,0,0,0.322376652,0,0,0,0,0,0,0,0,2.1309589702,0,3.0749830993,0.7845264734,6.3128474136,D6102250,PXMG,05/29/2026 10:55:13 PM,BPD458,8M5CL,8M5CL,06/01/2026 8:47:05 AM,8M5CL,D1D,1,8191019
D610225,696,GU4ZC696JKC1,0,0,0,0,0,0,0.1706586651,1.6434693355,1.2680642564,0,0,0,0,0,0,1.7826793033,0.9586354655,2.734497219,0,8.5580042447,D6102250,PXMG,05/29/2026 10:55:13 PM,BPD458,8M5CL,8M5CL,06/01/2026 8:56:00 AM,8M5CL,D1D,2,8191182
D610225,697,GU4ZC697JKG3,0,0,0,0,0,0,0.4378436628,0,0,0,0,0,0,0,0,1.9041051884,0,1.6866543732,0,4.0286032244,D6102250,PXMG,05/29/2026 10:55:13 PM,BPD458,8M5CL,8M5CL,06/01/2026 8:47:27 AM,8M5CL,D1D,3,8190921
D610225,698,GU4ZC698JKD2,0,0,0,0,0,0,0.2221201698,0,0,0,1.56891613,0,0,0,0,0,0,0.756528103,0,2.5475644028,D6102250,PXMG,05/29/2026 10:55:13 PM,BPD458,8M5CL,8M5CL,06/01/2026 8:55:54 AM,8M5CL,D1D,4,8191113
D608639,293,KJ7HD293WFG2,1.97765822,0,0,0,0,0,0.7020053456,0,0.7363956201,0,0,0,0,0,0,0,0,1.8034215582,0,5.219480744,D6086390,PXMG,05/30/2026 3:47:42 AM,BPD446,8M5CL,8M5CL,06/01/2026 8:47:05 AM,8M5CL,D1D,1,8130237
D608639,333,KJ7HD333WFA4,0,0,0,0,0,0,0.4805630399,0.9258771578,0,0,0,0,0,0,0,2.0898814513,0,3.4244792562,0,6.9208009052,D6086390,PXMG,05/30/2026 3:47:42 AM,BPD446,8M5CL,8M5CL,06/01/2026 8:56:15 AM,8M5CL,D1D,2,8130325
D610226,865,GU4ZC865JKE6,0,0,0,0,0,0,0,0,2.9737359124,0,0,0,0,0,0,1.9126384139,0,3.6240870657,0,8.5104613919,D6102260,PXMG,05/30/2026 6:21:36 AM,BPD436,8M5CL,8M5CL,06/01/2026 9:06:48 AM,8M5CL,D1D,1,8191140
D610226,866,GU4ZC866JKB5,0,0,0,0,0,0,0,0,0,0,0,0,0,0,0,3.4162521956,0,0.756528103,0,4.1727802986,D6102260,PXMG,05/30/2026 6:21:36 AM,BPD436,8M5CL,8M5CL,06/01/2026 9:06:52 AM,8M5CL,D1D,2,8191154
D610233,11,MCLXT011WAD2,0,0,0,0,0,0,0.2240914662,0,0,0,0,0,0,0.99643047,0,0,0,0.7632422215,0,1.9837641578,D6102330,PXMG,05/29/2026 7:14:24 AM,BPD446,8M5CL,8M5CL,06/01/2026 8:56:00 AM,8M5CL,D1D,1,8198751
D610233,20,MCLXT020WAD4,0,0,0,0,0,0,0,0,0,0,0,0,0,0,0,0,0,1.8390252525,0,1.8390252525,D6102330,PXMG,05/29/2026 7:14:24 AM,BPD446,8M5CL,8M5CL,06/01/2026 8:47:14 AM,8M5CL,D1D,2,8198556
D610233,31,MCLXT031WAE7,2.1722228621,0,0,0,0,0,0,1.2081924681,0,0,0,0,0,0,0,2.493314871,0,0.8676777197,6.0621467498,10.716903687,D6102330,PXMG,05/29/2026 7:14:24 AM,BPD446,8M5CL,8M5CL,06/01/2026 8:55:54 AM,8M5CL,D1D,3,8198649
D610233,55,MCLXT055WAB3,1.1490789143,0,0,0,0,0,0,1.0603298188,2.618985809,0,0,0,0,0,0,0,0,0.7632422215,0,5.5916367637,D6102330,PXMG,05/29/2026 7:14:24 AM,BPD446,8M5CL,8M5CL,06/01/2026 8:47:30 AM,8M5CL,D1D,4,8198533
D610215,109,KJ9HA109WFC1,0,0,0,0,0,0,0.7098886719,0.6285920281,1.4146236696,0,1.9316947231,0,0,0,0,1.819705038,0,3.787715187,0.4852073064,10.777430904,D6102150,PNCB,05/31/2026 6:24:59 AM,BPD446,8M5CL,8M5CL,06/01/2026 9:22:39 AM,8M5CL,D1D,1,8193331
D610215,176,KJ9HA176WFG1,0,0,0,0,0,0,0.1649040322,0,0.5395506931,0,0,0,0,0,0,3.7672921176,0,2.3823957542,0.7053047461,7.5594473431,D6102150,PNCB,05/31/2026 6:24:59 AM,BPD446,8M5CL,8M5CL,06/01/2026 9:22:29 AM,8M5CL,D1D,2,8193145
D610234,73,GT9ZP073JKH0,2.1163309005,0,0,0,0,0,7.5394153819,0,9.4872006564,0,0,0,0,0,0,0.8097201229,0.649743222,3.6003688699,0,24.202779154,D6102340,PXMG,06/01/2026 1:13:48 AM,BPD436,8M5CL,8M5CL,06/01/2026 9:22:39 AM,8M5CL,D1D,1,8198760
D610234,74,GT9ZP074JKD7,0,0,0,0,0,0,1.077172863,0,0.6087412178,0,0,0,0,0,0,0,0,0.756528103,0,2.4424421838,D6102340,PXMG,06/01/2026 1:13:48 AM,BPD436,8M5CL,8M5CL,06/01/2026 9:22:34 AM,8M5CL,D1D,2,8198658
D607888,819,GU0MN819JKB1,1.1330288253,0,0,0,0,0,8.5585412863,0,0,0,1.5607317597,0,0,0,0,0,0,2.3872577843,0,13.551635952,D6078880,PR8B,05/31/2026 7:08:34 AM,BPD436,8M5CL,8M5CL,05/31/2026 9:52:24 AM,8M5CL,D1D,1,8109947
D607888,820,GU0MN820JKE2,0,0,0,0,0,0,2.3337646635,3.0126750379,0,0,0,0,0,0,0,0,0,3.5871095048,3.188596456,12.122145662,D6078880,PR8B,05/31/2026 7:08:34 AM,BPD436,8M5CL,8M5CL,05/31/2026 9:52:18 AM,8M5CL,D1D,2,8109875
D609174,44,MCLPG044WAA5,1.4071136819,0,0,0,0,0,0.6488108167,2.0273963517,1.6405004025,0,0,0,1.4943277371,0,0,2.1102625695,0,4.2603198368,0,12.580235451,D6091740,PXMG,06/03/2026 5:51:35 PM,BPD458,8M5CL,8M5CL,06/04/2026 8:25:36 AM,8M5CL,D1D,1,8156125
D609174,51,MCLPG051WAH1,0,0,0,0,0,0,0.2240914662,0,0,0,0,0,0,0,0,0,1.8193564583,0.7632422215,0,2.806690146,D6091740,PXMG,06/03/2026 5:51:35 PM,BPD458,8M5CL,8M5CL,06/04/2026 8:25:56 AM,8M5CL,D1D,2,8156338
D609174,80,MCLPG080WAB5,0.7549886563,0,0,0,0,0,0.3927788349,6.551907238,0,0,0,0,0,0,0,0,0,0.756528103,0.4554563085,8.9116591408,D6091740,PXMG,06/03/2026 5:51:35 PM,BPD458,8M5CL,8M5CL,06/04/2026 8:25:55 AM,8M5CL,D1D,3,8156168
D609174,538,MCLKB538WAG5,0,0,0,0,0,0,0.2106842799,0,0,0,0,0,0,0,0,0,0,0.756528103,0,0.9672123829,D6091740,PXMG,06/03/2026 5:51:35 PM,BPD458,8M5CL,8M5CL,06/04/2026 8:25:44 AM,8M5CL,D1D,4,8156211
D608109,299,KJA6D299WFD7,0,0,0,0,0,0,3.369283975,1.3628932353,0,0,0,0,0,0,0,2.2099345715,0,0,0,6.9421117818,D6081090,PXMG,05/31/2026 2:37:37 AM,BPD458,8M5CL,8M5CL,06/01/2026 9:06:40 AM,8M5CL,D1D,1,8120681
D608109,313,KJA6D313WFA4,0,0,0,0,0,0,0.0816491679,1.8262345132,0,0,0,0,0,0,0,0,0,3.1843175475,0,5.0922012286,D6081090,PXMG,05/31/2026 2:37:37 AM,BPD458,8M5CL,8M5CL,06/01/2026 9:06:51 AM,8M5CL,D1D,2,8120674
D610229,61,A29ZA061SLD3,0,0,0,0,0,0,1.6520466634,0.7858199914,0,0,0,0,0,0,0,0,0,0,0,2.4378644361,D6102290,PXMG,05/31/2026 1:56:22 AM,BPD446,8M5CL,8M5CL,06/01/2026 9:06:49 AM,8M5CL,D1D,1,8191021
D610229,69,A2BMH069SLD1,0,0,0,0,0,0,0.2257177934,0,0,0,0,0,0,0,0,0,3.4304076958,0.8809590218,0.7820015616,5.3190838539,D6102290,PXMG,05/31/2026 1:56:22 AM,BPD446,8M5CL,8M5CL,06/01/2026 9:06:40 AM,8M5CL,D1D,2,8190922
D609137,61,GT9ZQ061JKB6,0.9772398068,0,0,0,0,0,0.5750156457,0,3.7997133174,0,0,0,0,0,0,0,0,0,0,5.35196877,D6091370,PNCB,05/31/2026 9:22:59 AM,BPD436,8M5CL,8M5CL,06/01/2026 9:22:23 AM,8M5CL,D1D,1,8169643
D609137,62,GT9ZQ062JKG0,0,0,0,0,0,0,4.9850063931,0,1.3268441939,0,0,0,0,0,0,2.4308639393,0,1.5118745933,0,10.25458912,D6091370,PNCB,05/31/2026 9:22:59 AM,BPD436,8M5CL,8M5CL,06/01/2026 9:22:35 AM,8M5CL,D1D,2,8169542
D609164,532,5DXDW532MVB6,0,0,0,0,0,0,0.0842143333,1.0961652371,0,0,0,0,0,0,0,0.7540429962,0,4.6224262954,0,6.5568466628,D6091640,PXMG,05/31/2026 3:11:40 PM,BPD446,8M5CL,8M5CL,06/01/2026 9:22:42 AM,8M5CL,D1D,1,8155306
D609164,537,5DXDW537MVA7,0,0,0,0,0,0,0,0,0,0,0,0,0,0,0,0,0,0,0,0,D6091640,PXMG,05/31/2026 3:11:40 PM,BPD446,8M5CL,8M5CL,06/01/2026 9:22:36 AM,8M5CL,D1D,2,8155276
D610232,178,5DXKW178MVD3,0,0,0,0,0,0,0.7827206894,0,1.4937009624,0,0,0,0,0,0,1.9214252379,0,4.9244129611,0,9.1222598507,D6102320,PXMG,06/14/2026 6:16:37 PM,BPD458,8M5CL,8M5CL,06/15/2026 6:56:03 AM,8M5CL,D1D,1,8196086
D610232,182,5DXKW182MVE4,0,0,0,0,0,0,0,0,0,0,0,0,0,0,0,0,0,0.756528103,0,0.756528103,D6102320,PXMG,06/14/2026 6:16:37 PM,BPD458,8M5CL,8M5CL,06/15/2026 6:53:21 AM,8M5CL,D1D,2,8196018
D610242,635,KJAAB635WFD3,0,0,0,0,0,0,0,1.0627704189,0,0,0,0,0,0,0,0,0,0.8295821704,0,1.8923525894,D6102420,PXMG,05/23/2026 12:33:04 AM,BPD436,8M5CL,8M5CL,05/25/2026 9:50:39 AM,8M5CL,D1D,1,8198905
D610242,668,KJAAB668WFA1,0,0,0,0,0,0,0,0,1.1167586358,0,0,0,0,0,0,0,0,1.6432494145,0,2.7600080504,D6102420,PXMG,05/23/2026 12:33:04 AM,BPD436,8M5CL,8M5CL,05/25/2026 9:50:45 AM,8M5CL,D1D,2,8198862
D611429,4,KJA9Y004WFF0,1.369787244,0,0,0,0,0,0.7876483845,0,0,0,0,0,0,1.1505265076,0,4.0543483867,0,2.8861010708,0,10.248409468,D6114290,PNCB,05/26/2026 7:06:41 AM,BPD436,8M5CL,8M5CL,05/27/2026 8:40:20 AM,8M5CL,D1D,1,8255822
D611429,45,KJA9Y045WFF1,0,0,0,0,0,0,0.7590197962,0,0.6823332082,0,0,0,0,0,0,0,1.1714421542,2.9325006045,0,5.5452957632,D6114290,PNCB,05/26/2026 7:06:41 AM,BPD436,8M5CL,8M5CL,05/27/2026 8:36:43 AM,8M5CL,D1D,2,8255913
D611429,50,KJA9Y050WFD1,0,0,0,0,0,0,1.2280994044,2.304357471,0,0,1.7160007095,0,0,0,0,1.9498031765,0,5.3214297443,1.9661597014,14.103444982,D6114290,PNCB,05/26/2026 7:06:41 AM,BPD436,8M5CL,8M5CL,05/27/2026 8:40:38 AM,8M5CL,D1D,3,8256009
D611429,101,KJA9Y101WFG1,0,0,0,0,0,0,0.4610055834,0,0,0,0,0,0,0,0,0,0,0.7362391861,0,1.1972447694,D6114290,PNCB,05/26/2026 7:06:41 AM,BPD436,8M5CL,8M5CL,05/27/2026 8:40:50 AM,8M5CL,D1D,4,8256023
D611429,153,KJA9Y153WFA2,0,0,0,0,0,0,0.0787604711,0,0,0,0,0,0,0,0,1.6623167902,0,0,0,1.7410772612,D6114290,PNCB,05/26/2026 7:06:41 AM,BPD436,8M5CL,8M5CL,05/27/2026 8:38:12 AM,8M5CL,D1D,5,8255871
D611429,154,KJA9Y154WFE4,0,0,0,0,0,0,0,0,0,0,0,0,0,0,0,3.0180752978,0,4.6429091531,0.4743009726,8.1352854235,D6114290,PNCB,05/26/2026 7:06:41 AM,BPD436,8M5CL,8M5CL,05/27/2026 8:40:36 AM,8M5CL,D1D,6,8255854
D611429,159,KJA9Y159WFD5,0,0,0,0,0,0,0.7144088381,0,0,0,0,0,0,0,0,0,0,1.4724783721,0,2.1125270524,D6114290,PNCB,05/26/2026 7:06:41 AM,BPD436,8M5CL,8M5CL,05/27/2026 8:37:48 AM,8M5CL,D1D,7,8256047
D611429,160,KJA9Y160WFG6,0,0,0,0,0,0,0.4665360327,1.0374694931,0.5499230717,0,0,0,1.1912488783,0,0,0,0,7.0268519452,0,10.229354128,D6114290,PNCB,05/26/2026 7:06:41 AM,BPD436,8M5CL,8M5CL,05/27/2026 8:40:50 AM,8M5CL,D1D,8,8255919
D611429,169,KJA9Y169WFA6,0,0,0,0,0,0,0.8635293767,0,0,0,0,0,0,0,0,1.6184420712,0,2.3367033237,0,4.6552104103,D6114290,PNCB,05/26/2026 7:06:41 AM,BPD436,8M5CL,8M5CL,05/27/2026 8:38:06 AM,8M5CL,D1D,9,8255860
D611429,186,KJA9Y186WFE3,0,0,0,0,0,0,1.0996463885,0.73123038,2.1458668456,0,0,0,0,0,0,3.8180171079,0,1.8222575577,0,8.9848833228,D6114290,PNCB,05/26/2026 7:06:41 AM,BPD436,8M5CL,8M5CL,05/27/2026 8:38:00 AM,8M5CL,D1D,10,8256007
D611429,187,KJA9Y187WFB2,0,0,0,0,0,0,0.4892544817,0,1.2340567287,0,0,0,0,0,0,1.6623167902,0,3.8718904404,0,7.257518441,D6114290,PNCB,05/26/2026 7:06:41 AM,BPD436,8M5CL,8M5CL,05/27/2026 8:38:18 AM,8M5CL,D1D,11,8255910
D611429,210,KJA9Y210WFF4,0,0,0,0,0,0,1.4283834267,0,0.5395506931,0,0,0,0,0,0,6.3369283252,0,2.5787505555,0,9.5114839492,D6114290,PNCB,05/26/2026 7:06:41 AM,BPD436,8M5CL,8M5CL,05/27/2026 8:40:26 AM,8M5CL,D1D,12,8256018
D610243,886,GU4ZC886JKD2,0,0,0,0,0,0,0.6700441855,1.5888673595,0,0,0,0,0,0,0,0,0,1.1410664996,0,3.3999780445,D6102430,PXMG,05/26/2026 1:25:40 AM,BPD436,8M5CL,8M5CL,05/26/2026 8:20:51 AM,8M5CL,D1D,1,8201623
D610243,892,GU4ZC892JKF4,0,0,0,0,0,0,1.9144625403,0,1.3278827576,0,0,0,0,0,0,0,0,4.3119902664,0,7.5543355643,D6102430,PXMG,05/26/2026 1:25:40 AM,BPD436,8M5CL,8M5CL,05/26/2026 8:15:48 AM,8M5CL,D1D,2,8201685
D611340,425,5DXKS425MVA7,0,0,0,0,0,0,0,1.5507706331,2.7793021752,0,0,0,0,0,0,1.1072559031,0,2.3257122041,0,7.7630431341,D6113400,PXMG,05/30/2026 3:30:59 AM,BPD458,8M5CL,8M5CL,06/01/2026 8:56:23 AM,8M5CL,D1D,1,8234725
D611340,428,5DXKS428MVG2,0,0,0,0,0,0,0.3947581235,1.0534213993,0,2.1772175059,0,0,0,0,0,0,0,0,0,3.6253970287,D6113400,PXMG,05/30/2026 3:30:59 AM,BPD458,8M5CL,8M5CL,06/01/2026 8:56:09 AM,8M5CL,D1D,2,8234786
D611340,444,5DXKS444MVF5,0,0,0,0,0,0,0.1706586651,1.0534213993,2.6557655152,0,2.1992096019,0,0,0,0,0,0,1.9122127488,0,7.9912679303,D6113400,PXMG,05/30/2026 3:30:59 AM,BPD458,8M5CL,8M5CL,06/01/2026 8:56:16 AM,8M5CL,D1D,3,8234689
D611340,446,5DXKS446MVG6,0,0,0,0,0,0,0,1.1404969043,0,0,0,0,0,0,0,3.7071526456,0,1.7132502561,0,6.5608998061,D6113400,PXMG,05/30/2026 3:30:59 AM,BPD458,8M5CL,8M5CL,06/01/2026 8:56:31 AM,8M5CL,D1D,4,8234769
D610247,17,A2BS5017SLF1,1.1490789143,0,0,0,0,0,0.2240914662,2.4394375138,0.5633348839,0,0,0,0,1.5713559858,0,3.4465711248,0,0,0.4594984421,9.8533683309,D6102470,PXMG,05/30/2026 5:41:21 AM,BPD436,8M5CL,8M5CL,06/01/2026 8:46:58 AM,8M5CL,D1D,1,8201479
D610247,18,A2BS5018SLC0,0,0,0,0,0,0,0.0809309133,0,2.4950032933,0,1.9265076112,0,0,0,0,0,0,0.756528103,0.3138272102,5.5727971311,D6102470,PXMG,05/30/2026 5:41:21 AM,BPD436,8M5CL,8M5CL,06/01/2026 8:47:11 AM,8M5CL,D1D,2,8201472
D610238,5,MCLXT005WAB0,0,0,0,0,0,0,0.2825593703,1.3400603117,0,0,0,0,0,0,0,1.8436315547,0,2.0084120003,0,5.4746654558,D6102380,PXMG,05/29/2026 7:53:06 AM,BPD446,8M5CL,8M5CL,06/01/2026 8:51:46 AM,8M5CL,D1D,1,8198579
D610238,15,MCLXT015WAF4,0,0,0,0,0,0,0.1721732453,2.2066819172,0,0,0,0,0,0,0,0,0,1.9955234129,0,4.3743785754,D6102380,PXMG,05/29/2026 7:53:06 AM,BPD446,8M5CL,8M5CL,06/01/2026 8:55:54 AM,8M5CL,D1D,2,8198497
D610266,306,KJAYT306WFB6,0,0,0,0,0,0,0,0,0,0,0,0,0,0,0,0,0,4.7144280299,0.6110086029,5.3254366328,D6102660,PXMG,06/02/2026 6:30:09 AM,BPD446,8M5CL,8M5CL,06/03/2026 8:00:08 AM,8M5CL,D1D,1,8206995
D610266,579,KJAYU579WFA3,0,0,0,0,0,0,0.3307501292,3.1865673371,2.6577691638,0,0,0,0,0,0,9.8891075917,0,18.761177173,2.1262419557,33.977338288,D6102660,PXMG,06/02/2026 6:30:09 AM,BPD446,8M5CL,8M5CL,06/03/2026 7:59:57 AM,8M5CL,D1D,2,8206925
D610266,580,KJAYU580WFD4,0,0,0,0,0,0,0.2292170192,1.6959842616,0,0,0,0,0,0,0,0,0,1.56140363,0.4700084785,3.9566133892,D6102660,PXMG,06/02/2026 4:41:59 PM,BPD436,8M5CL,8M5CL,06/03/2026 7:59:54 AM,8M5CL,D1D,3,8206928
D610266,582,KJAYU582WFE5,0,0,0,0,0,0,0.2606041386,0,0.929577309,0,0,0,0,0,0,1.1065587017,0,2.9200401347,0,5.2167780847,D6102660,PXMG,06/02/2026 4:41:59 PM,BPD436,8M5CL,8M5CL,06/03/2026 7:59:49 AM,8M5CL,D1D,4,8206998
D611334,282,KJAYT282WFG7,0,0,0,0,0,0,3.2427609485,1.1894864974,2.1299015113,0,0,0,0,0,0,5.4939862559,0,20.695549799,0,32.751685012,D6113340,PXMG,06/04/2026 4:33:43 PM,BPD436,8M5CL,8M5CL,06/05/2026 8:48:52 AM,8M5CL,D1D,1,8233423
D611334,315,KJAYT315WFC0,0,0,0,0,0,0,0.549139466,0,1.3886171606,0,0,0,0,2.0654466066,0,0.7577819334,0,0,0,4.7609851666,D6113340,PXMG,06/04/2026 4:33:43 PM,BPD436,8M5CL,8M5CL,06/05/2026 8:48:36 AM,8M5CL,D1D,2,8233333
D611334,318,KJAYT318WFA0,0,0,0,0,0,0,0.3242514637,1.6175318574,0,0,0,0,0,0,0,0,0,2.3286506806,0.9422909397,5.2127227422,D6113340,PXMG,06/04/2026 4:33:43 PM,BPD436,8M5CL,8M5CL,06/05/2026 8:48:46 AM,8M5CL,D1D,3,8233340
D611334,329,KJAYT329WFB3,0,0,0,0,0,0,0,1.0627704189,0,0,0,0,0,0,0,0,0,0.9437623193,0,2.0065327382,D6113340,PXMG,06/04/2026 4:33:43 PM,BPD436,8M5CL,8M5CL,06/05/2026 8:49:35 AM,8M5CL,D1D,4,8233443
D611331,2,KJAAE002WFF5,0,0,0,0,0,0,0,0,0,0,0,0,0,0,0,0.7246395638,0.9586354655,0.756528103,0,2.4398031323,D6113310,PXMG,06/04/2026 7:50:50 AM,BPD436,8M5CL,8M5CL,06/05/2026 8:49:36 AM,8M5CL,D1D,1,8233347
D611331,17,KJAAE017WFB7,0,0,0,0,0,0,1.3627423618,1.8237939131,26.007966819,0,0,0,0,0,0,2.4543562368,0,1.6578331044,0,33.178352368,D6113310,PXMG,06/04/2026 7:50:50 AM,BPD436,8M5CL,8M5CL,06/05/2026 8:48:39 AM,8M5CL,D1D,2,8233407
D611331,20,KJAAE020WFG1,2.9519352715,0,0,0,0,0,0.4328044496,0,0,0,0,0,0,0,0,1.0580397395,0,0,0,4.4427794606,D6113310,PXMG,06/04/2026 7:50:50 AM,BPD436,8M5CL,8M5CL,06/05/2026 8:48:52 AM,8M5CL,D1D,3,8233239
D611331,21,KJAAE021WFD0,0,0,0,0,0,0,1.2474328807,0,1.8918489383,0,0,0,0,0,0,1.8246348108,0,5.7207578228,0.4826752684,10.943657626,D6113310,PXMG,06/04/2026 7:50:50 AM,BPD436,8M5CL,8M5CL,06/05/2026 8:48:42 AM,8M5CL,D1D,4,8233371
D611342,73,A2BN9073SLB5,0,0,0,0,0,0,0,0,0,0,0,0,0,0,0,2.7907153088,0,2.8237743469,0,5.6144896558,D6113420,PXMG,06/04/2026 2:44:43 PM,BPD446,8M5CL,8M5CL,06/05/2026 8:49:44 AM,8M5CL,D1D,1,8234395
D611342,127,A2CD1127SLB0,0,0,0,0,0,0,0.0816491679,0,0,0,0,0,0,0,0,0,0.9671432685,1.6578331044,0,2.7066255408,D6113420,PXMG,06/04/2026 2:44:43 PM,BPD446,8M5CL,8M5CL,06/05/2026 8:49:38 AM,8M5CL,D1D,2,8234496
D611342,128,A2CD1128SLF2,0,0,0,0,0,0,0,0,0,0,0,0,0,0,0,0,1.8124170155,3.2382613656,0,5.0506783811,D6113420,PXMG,06/04/2026 2:44:43 PM,BPD446,8M5CL,8M5CL,06/05/2026 8:48:36 AM,8M5CL,D1D,3,8234527
D611342,129,A2CD1129SLC1,0,0,0,0,0,0,0.2401528338,1.1389393302,0,0,0,0,0,0,0,1.8467932412,0,5.4103157053,0,8.0376860851,D6113420,PXMG,06/04/2026 2:44:43 PM,BPD446,8M5CL,8M5CL,06/05/2026 8:48:34 AM,8M5CL,D1D,4,8234342
D610245,671,GU4ZC671JKB3,0,0,0,0,0,0,0,0,0,0,0,0,0,0,0,1.7232855624,0,4.842150652,0,6.5654362144,D6102450,PXMG,06/05/2026 1:17:32 AM,BPD436,8M5CL,8M5CL,06/05/2026 8:57:56 AM,8M5CL,D1D,1,8201210
D610245,672,GU4ZC672JKF5,0,0,0,0,0,0,0.617619427,1.2664346421,1.5244811,0,0,0,0,0,0,3.3255150066,0,2.8850397138,0,9.5629880525,D6102450,PXMG,06/05/2026 1:17:32 AM,BPD436,8M5CL,8M5CL,06/05/2026 8:57:44 AM,8M5CL,D1D,2,8201177
D610245,674,GU4ZC674JKG6,0,0,0,0,0,0,0,4.1094386636,0.5583793179,0,0,0,0,0,0,3.4162521956,0.9586354655,5.9530646626,0,14.995770305,D6102450,PXMG,06/05/2026 1:17:32 AM,BPD436,8M5CL,8M5CL,06/05/2026 8:58:01 AM,8M5CL,D1D,3,8201333
D610245,675,GU4ZC675JKD5,0,0,0,0,0,0,0,0,1.339667597,0,0,0,0,0,0,0,0,2.421075326,0,3.760742923,D6102450,PXMG,06/05/2026 1:17:32 AM,BPD436,8M5CL,8M5CL,06/05/2026 8:58:07 AM,8M5CL,D1D,4,8201411
D611325,77,A2BR6077SLA0,0,0,0,0,0,0,0.5684379569,1.9533986547,1.953811338,0,0,0,0,0,0,0,0,0,0.5819411317,5.0575890814,D6113250,PXMG,06/04/2026 8:42:07 AM,BPD458,8M5CL,8M5CL,06/05/2026 8:50:03 AM,8M5CL,D1D,1,8229498
D611325,78,A2BR6078SLE2,0,0,0,0,0,0,0.4442403396,0,0,0,0,0,0,0,0,3.4162521956,0,4.7351181938,1.1853739754,9.7809847043,D6113250,PXMG,06/04/2026 8:42:07 AM,BPD458,8M5CL,8M5CL,06/05/2026 8:48:27 AM,8M5CL,D1D,2,8229593
D611305,419,GU1PT419JKD0,0,0,0,0,0,0,0.5130174575,1.3758962042,2.521998033,0,0,0,0,0,0,5.7562240096,0,0,0,10.167133564,D6113050,PNCB,06/03/2026 1:01:28 PM,BPD458,8M5CL,8M5CL,06/04/2026 8:25:38 AM,8M5CL,D1D,1,8243130
D611305,420,GU1PT420JKG1,0,0,0,0,0,0,0,0.8802645242,0,0,0,0,0,0,0,1.9344858019,0,0.8800095179,0.8490560111,4.5438137301,D6113050,PNCB,06/03/2026 1:01:28 PM,BPD458,8M5CL,8M5CL,06/04/2026 8:25:32 AM,8M5CL,D1D,2,8243147
D610888,227,A2AL6227SLA1,0,0,0,0,0,0,0.3133503291,1.0892215157,2.6841684915,0,0,0,0,0,0,3.5323521811,0.991214586,1.5644759965,1.3877916774,11.562576703,D610888A,PD5B,06/01/2026 11:50:25 PM,BPD436,8M5CL,8M5CL,06/10/2026 12:13:51 PM,8M5CL,D1D,1,8389456
D610888,228,A2AL6228SLE3,0,0,0,0,0,0,0.3129196247,0.7813923404,0,0,0,0,0,0,0,3.5275054556,1.9797073395,0.7811642344,0,6.7759593261,D610888A,PD5B,06/01/2026 11:50:25 PM,BPD436,8M5CL,8M5CL,06/10/2026 12:14:20 PM,8M5CL,D1D,2,8389529
D611320,173,MCLPG173WAB5,0,0,0,0,0,0,0.271305985,3.1353280468,2.3039487072,0,0,0,0,0,0,2.0313003921,0,13.042254238,0,20.784137369,D6113200,PXMG,05/31/2026 1:29:37 AM,BPD454,8M5CL,8M5CL,06/01/2026 9:06:31 AM,8M5CL,D1D,1,8229447
D611320,196,MCLPG196WAB2,0,0,0,0,0,0,0.250714293,1.1862976434,0,0,0,0,0,0,0,1.9280140698,0,0.9281368267,0,4.293162833,D6113200,PXMG,05/31/2026 1:29:37 AM,BPD454,8M5CL,8M5CL,06/01/2026 9:06:40 AM,8M5CL,D1D,2,8229409
D610254,370,KJAAC370WFD1,2.2779413056,0,0,0,0,0,0,0.756748024,0,0,0,0,0,0,0,0,0,1.6291722739,0,4.6638616035,D6102540,PXMG,06/06/2026 6:45:22 PM,BPD436,8M5CL,8M5CL,06/07/2026 1:08:38 PM,8M5CL,D1D,1,8203438
D610254,422,KJAAC422WFD0,1.2711299546,0,0,0,0,0,0.3254522321,2.5030304084,0.6793754318,0,0,0,0,0,0,0,0,6.5743325783,0,11.353320605,D6102540,PXMG,06/06/2026 6:45:22 PM,BPD436,8M5CL,8M5CL,06/07/2026 1:08:26 PM,8M5CL,D1D,2,8203492
D610254,425,KJAAC425WFB0,0,0,0,0,0,0,0.3212273513,0.8335936296,1.3968331081,0,0,0,0,0,0,0,0,0,0,2.551654089,D6102540,PXMG,06/06/2026 6:45:22 PM,BPD436,8M5CL,8M5CL,06/07/2026 1:08:32 PM,8M5CL,D1D,3,8203463
D610254,435,KJAAC435WFF4,0,0,0,0,0,0,0.5721343567,0.9746115049,0,0,0,0,0,0,0,3.5044665973,0,5.5533881222,0,10.604600581,D6102540,PXMG,06/06/2026 6:45:22 PM,BPD436,8M5CL,8M5CL,06/07/2026 1:01:45 PM,8M5CL,D1D,4,8203553
D610257,439,MCLKB439WAE3,0,0,0,0,0,0,0,0,0,0,0,0,0,0,0,1.3762965674,0,3.5570282491,0,4.9333248165,D6102570,PXMG,06/06/2026 1:43:18 PM,BPD454,8M5CL,8M5CL,06/07/2026 12:58:57 PM,8M5CL,D1D,1,8203336
D610257,446,MCLKB446WAD4,0,0,0,0,0,0,0,0,0,0,0,0,0,0,0,1.3610908226,0,4.938325161,0,6.2994159836,D6102570,PXMG,06/06/2026 1:43:18 PM,BPD454,8M5CL,8M5CL,06/07/2026 12:59:07 PM,8M5CL,D1D,2,8203288
D610259,336,KJ9HD336WFC2,0,0,0,0,0,0,0,0,0,0,0,0,0,0,0,0,0,2.3997775176,1.8764184133,4.2761959309,D6102590,PXMG,06/06/2026 9:04:33 AM,BPD446,8M5CL,8M5CL,06/07/2026 12:58:57 PM,8M5CL,D1D,1,8203379
D610259,337,KJ9HD337WFG4,0,0,0,0,0,0,0.1707998531,0,0,0,0,0,0,0,0,0,0,2.4390137369,0,2.6098158087,D6102590,PXMG,06/06/2026 9:04:33 AM,BPD446,8M5CL,8M5CL,06/07/2026 12:59:03 PM,8M5CL,D1D,2,8203493
D611335,12,KJAAA012WFB2,0,0,0,0,0,0,0.6148990047,0,0,0,0,0,0,0,0,2.4327656616,0,1.5130562061,0,4.5607208724,D6113350,PXMG,06/05/2026 9:38:04 PM,BPD458,8M5CL,8M5CL,06/07/2026 1:08:32 PM,8M5CL,D1D,1,8233302
D611335,13,KJAAA013WFF4,0,0,0,0,0,0,0.3285424955,0,1.4286430027,0,0,0,0,0,0,1.92443095,0,0.8295821704,0,4.5111986186,D6113350,PXMG,06/05/2026 9:38:04 PM,BPD458,8M5CL,8M5CL,06/07/2026 1:08:22 PM,8M5CL,D1D,2,8233445
D610259,340,KJ9HD340WFD3,1.1865945367,0,0,0,0,0,0.2314074319,0,0,0,0,0,0,0,0,13.890616898,0,1.7119571209,1.9953758599,19.015951848,D6102590H,PXMG,06/06/2026 8:29:07 AM,BPD446,8M5CL,8M5CL,06/07/2026 1:08:53 PM,8M5CL,D1D,1,8740428
D610259,344,KJ9HD344WFF5,0,0,0,0,0,0,0.2221201698,1.0534213993,0,0,0,0,0,0,0,1.7081260978,0,0.756528103,0.4554563085,4.1956520785,D6102590H,PXMG,06/06/2026 8:29:07 AM,BPD446,8M5CL,8M5CL,06/07/2026 1:08:38 PM,8M5CL,D1D,2,8740443
D610259,346,KJ9HD346WFG6,0,0,0,0,0,0,0,0.9376418106,0,0,0,0,0,0,0,2.1164379501,0,3.4679929999,0,6.5220727605,D6102590H,PXMG,06/06/2026 8:29:07 AM,BPD446,8M5CL,8M5CL,06/07/2026 1:08:46 PM,8M5CL,D1D,3,8740396
D610259,361,KJ9HD361WFB7,0,0,0,0,0,0,1.8938080745,0,0,0,0,0,0,0,0,4.2284639688,0,1.4304490468,6.9561851696,13.807191567,D6102590H,PXMG,06/06/2026 8:29:07 AM,BPD446,8M5CL,8M5CL,06/07/2026 1:08:47 PM,8M5CL,D1D,4,8740362
D610882,623,5DXKH623MVB2,0,0,0,0,0,0,0,22.101321183,0,0,0,0,0,1.3042491736,0,0,0,0.9990234122,0,24.328344123,D6108820,PD5B,06/12/2026 3:39:03 PM,BPD446,8M5CL,8M5CL,06/17/2026 10:14:32 AM,8M5CL,D1D,1,8191316
D610882,628,5DXKH628MVA3,0,0,0,0,0,0,0.1919892241,0,0.4826342971,0,0,0,0,0,0,1.4764161424,0,1.3078077842,0,3.4588474478,D6108820,PD5B,06/12/2026 3:39:03 PM,BPD446,8M5CL,8M5CL,06/17/2026 10:15:16 AM,8M5CL,D1D,2,8191469
D611463,565,HE6ZP565JKG5,0,0,0,0,0,0,0,0,0,0,0,0,0,0,0,1.1374084083,0,5.159595073,0,5.9057353438,D6114630,PXMG,06/10/2026 10:24:12 PM,BPD458,8M5CL,8M5CL,06/11/2026 9:28:19 AM,8M5CL,D1D,1,8255903
D611463,566,HE6ZP566JKD4,0,0,0,0,0,0,0,0,0,0,0,0,0,0,0,0,0,1.5788125732,0,1.5788125732,D6114630,PXMG,06/10/2026 10:24:12 PM,BPD458,8M5CL,8M5CL,06/11/2026 8:28:13 AM,8M5CL,D1D,2,8255990
D611463,567,HE6ZP567JKA3,0,0,0,0,0,0,0.4481829324,1.0627704189,0,0,0,0,0,0,0,2.0868506697,0,0,0,3.597804021,D6114630,PXMG,06/10/2026 10:24:12 PM,BPD458,8M5CL,8M5CL,06/11/2026 8:28:07 AM,8M5CL,D1D,3,8255896
D611463,568,HE6ZP568JKE5,1.3453092945,0,0,0,0,0,0,0,0,0,0,0,0,0,0,3.2140392711,0,5.6690543362,0,10.228402902,D6114630,PXMG,06/10/2026 10:24:12 PM,BPD458,8M5CL,8M5CL,06/11/2026 9:28:26 AM,8M5CL,D1D,4,8255984
D611451,66,A2AZS066SLC1,0,0,0,0,0,0,0.0809309133,1.3520740632,0,0,0,0,0,0,0,2.1992096019,0,0.8222844701,0,4.4544990486,D6114510,PXMG,06/11/2026 4:23:21 AM,BPD454,8M5CL,8M5CL,06/12/2026 8:14:47 AM,8M5CL,D1D,1,8250390
D611451,71,A2AZS071SLA1,0,0,0,0,0,0,0,1.5916617788,1.7130239482,0,0,0,0,0,0,0,0,6.476669369,0,9.7813528773,D6114510,PXMG,06/11/2026 4:23:21 AM,BPD454,8M5CL,8M5CL,06/12/2026 8:14:36 AM,8M5CL,D1D,2,8250462
D610871,40,MCLXT040WAF1,0,0,0,0,0,0,1.340428862,4.6572373592,3.3829370776,0,0,0,0,0,0,5.3555122666,0,8.048782802,0,22.784898367,D6108710,PR8B,06/11/2026 1:52:54 PM,BPD458,8M5CL,8M5CL,06/12/2026 8:16:24 AM,8M5CL,D1D,1,8213309
D610871,45,MCLXT045WAE2,0,0,0,0,0,0,0,0,1.8870992048,0,0,0,0,0,0,0,0,5.1411563747,0.7112506795,7.739506259,D6108710,PR8B,06/11/2026 1:52:54 PM,BPD458,8M5CL,8M5CL,06/12/2026 8:16:15 AM,8M5CL,D1D,2,8213245
D610871,46,MCLXT046WAB1,3.8092134366,0,0,0,0,0,0.0959730627,3.3762975669,0,0,0,0,0,0,0,2.8849458357,0,0,0.5401131229,10.011148319,D6108710,PR8B,06/11/2026 1:52:54 PM,BPD458,8M5CL,8M5CL,06/12/2026 8:16:26 AM,8M5CL,D1D,3,8213297
D611459,30,KJAYY030WFB5,0,0,0,0,0,0,0.4108387441,2.5359811658,1.3278827576,0,0,0,0,0,0,0,0,0,0,4.2747048668,D6114590,PXMG,06/11/2026 6:22:56 PM,BPD454,8M5CL,8M5CL,06/12/2026 8:14:42 AM,8M5CL,D1D,1,8252913
D611459,42,KJAYY042WFH2,0,0,0,0,0,0,0,0,0,0,0,0,0,0,0,0,0,4.1096299949,0,4.1096299949,D6114590,PXMG,06/11/2026 6:22:56 PM,BPD454,8M5CL,8M5CL,06/12/2026 8:14:49 AM,8M5CL,D1D,2,8252714
D611459,54,KJAYY054WFF4,0,0,0,0,0,0,0.2447522358,0,2.693723873,0,0,0,0,0,0,4.6550647651,1.5666531433,4.6078785239,0,13.768072541,D6114590,PXMG,06/11/2026 6:22:56 PM,BPD454,8M5CL,8M5CL,06/12/2026 8:14:36 AM,8M5CL,D1D,3,8252797
D611337,528,GU1PT528JKC3,0,0,0,0,0,0,0.1706586651,0,0,0,0,0,0,0,0,1.7081260978,34.917064172,0.756528103,0,37.552377038,D6113370M,PXMG,06/09/2026 6:00:47 PM,BPD454,8M5CL,8M5CL,06/10/2026 8:52:17 AM,8M5CL,D1D,1,8759433
D611337,529,GU1PT529JKG5,0,0,0,0,0,0,0.6696651752,0.958805291,0,0,0,0,0,0,0,1.3405417756,0,3.0405329191,0,6.0095451609,D6113370M,PXMG,06/09/2026 6:00:47 PM,BPD454,8M5CL,8M5CL,06/10/2026 8:52:32 AM,8M5CL,D1D,2,8759394
D611337,530,GU1PT530JKC3,0,0,0,0,0,0,0.5969490559,0,2.2002212383,0,0,0,0,0,0,12.335351262,3.137926826,4.0394048339,0.517449828,20.963706023,D6113370M,PXMG,06/09/2026 6:00:47 PM,BPD454,8M5CL,8M5CL,06/10/2026 8:52:07 AM,8M5CL,D1D,3,8759465
D611337,531,GU1PT531JKG5,0,0,0,0,0,0,0,0,0,0,0,0,0,0,0,0,0,0,0.6942331436,0.6942331436,D6113370M,PXMG,06/09/2026 6:00:47 PM,BPD454,8M5CL,8M5CL,06/10/2026 8:52:38 AM,8M5CL,D1D,4,8759415
D611443,814,KJAYE814WFC4,0,0,0,0,0,0,0.2688247841,0,0,0,0,0,0,0,0,0,0,0.967957915,2.0836939183,3.2312546838,D6114430,PXMG,06/10/2026 7:25:03 AM,BPD446,8M5CL,8M5CL,06/11/2026 9:36:40 AM,8M5CL,D1D,1,8248074
D611443,820,KJAYE820WFE6,0,0,0,0,0,0,0.1706586651,0,0,0,0,0,0,0,0,1.7081260978,0.9586354655,2.4655338847,0,5.302954113,D6114430,PXMG,06/10/2026 7:25:03 AM,BPD446,8M5CL,8M5CL,06/11/2026 9:36:49 AM,8M5CL,D1D,2,8248042
D611443,824,KJAYE824WFH0,0,0,0,0,0,0,0,2.2675830284,0,0,0,0,0,0,0,0,0,4.3514880708,1.1233760575,7.7424471568,D6114430,PXMG,06/10/2026 7:25:03 AM,BPD446,8M5CL,8M5CL,06/11/2026 9:23:54 AM,8M5CL,D1D,3,8248090
D611443,840,KJAYE840WFG3,1.4642205577,0,0,0,0,0,0.3664806865,0.7585447782,0,0,0,0,0,0,0,0,0,3.085066624,1.5238741181,7.1981867645,D6114430,PXMG,06/10/2026 7:25:03 AM,BPD446,8M5CL,8M5CL,06/11/2026 9:36:45 AM,8M5CL,D1D,4,8248018
D611330,338,KJAYR338WFA7,0,0,0,0,0,0,0.2272157384,0,0.565588327,0,0,0,0,0,0,5.3027957699,0,8.1251953967,0,14.220795232,D6113300,PXMG,06/10/2026 10:25:09 AM,BPD436,8M5CL,8M5CL,06/11/2026 9:38:26 AM,8M5CL,D1D,1,8233276
D611330,415,KJAYR415WFA3,0,0,0,0,0,0,0,8.365403214,1.597162004,0,0,0,0,0,0,0,0,1.6399900988,0,11.602557536,D6113300,PXMG,06/10/2026 10:25:09 AM,BPD436,8M5CL,8M5CL,06/11/2026 9:38:38 AM,8M5CL,D1D,2,8233391
D611330,421,KJAYR421WFC5,0,0,0,0,0,0,0,1.5977788102,0,0,0,0,0,0,0,1.7232855624,0,1.592824392,0,4.9138887646,D6113300,PXMG,06/10/2026 10:25:09 AM,BPD436,8M5CL,8M5CL,06/11/2026 9:24:48 AM,8M5CL,D1D,3,8233291
D611330,444,KJAYR444WFC2,0,0,0,0,0,0,0.9243431901,1.8496958175,0,0,0,0,1.5230362193,0,0,2.1508027993,0,4.0983722409,0,10.546250267,D6113300,PXMG,06/10/2026 10:25:09 AM,BPD436,8M5CL,8M5CL,06/11/2026 9:38:03 AM,8M5CL,D1D,4,8233377
D611330,447,KJAYR447WFA2,0,0,0,0,0,0,0.5684379569,6.6630114074,1.339667597,0,0,0,0,0,0,4.7804833429,0,3.0645462056,0,16.416144291,D6113300,PXMG,06/10/2026 10:25:09 AM,BPD436,8M5CL,8M5CL,06/11/2026 9:37:37 AM,8M5CL,D1D,5,8233373
D611330,449,KJAYR449WFB3,0,0,0,0,0,0,0,1.7163498206,0.5697336936,0,0,0,0,0,0,0,1.8400239039,4.8705925183,0,8.9966999365,D6113300,PXMG,06/10/2026 10:25:09 AM,BPD436,8M5CL,8M5CL,06/11/2026 9:38:19 AM,8M5CL,D1D,6,8233417
D611330,457,KJAYR457WFE6,0,0,0,0,0,0,0,4.1895297405,1.4768026994,0,0,0,0,0,0,1.9893043201,0,5.4187757129,0,13.074412473,D6113300,PXMG,06/10/2026 10:25:09 AM,BPD436,8M5CL,8M5CL,06/11/2026 9:38:09 AM,8M5CL,D1D,7,8233280
D611330,477,KJAYR477WFG3,0,0,0,0,0,0,0,2.2611716431,0.6037667531,0,0,0,0,0,0,0,0,10.015169026,0,12.880107422,D6113300,PXMG,06/10/2026 10:25:09 AM,BPD436,8M5CL,8M5CL,06/11/2026 9:38:17 AM,8M5CL,D1D,8,8233396
D611330,478,KJAYR478WFD2,3.628946553,0,0,0,0,0,0,1.1176229252,0,0,0,0,0,1.4586587566,0,0,0,2.4268761783,0,8.6321022138,D6113300,PXMG,06/10/2026 10:25:09 AM,BPD436,8M5CL,8M5CL,06/11/2026 9:37:45 AM,8M5CL,D1D,9,8233351
D611330,482,KJAYR482WFE3,0,0,0,0,0,0,0,0,1.3650450015,0,0,0,0,0,0,0.7449206748,0.9854636234,0,0,3.0954292996,D6113300,PXMG,06/10/2026 10:25:09 AM,BPD436,8M5CL,8M5CL,06/11/2026 9:37:57 AM,8M5CL,D1D,10,8233345
D611330,500,KJAYR500WFD2,0,0,0,0,0,0,0,0,1.0707225812,0,0,0,0,1.7372150432,0,0,0,3.5554621633,0,6.3633975886,D6113300,PXMG,06/10/2026 10:25:09 AM,BPD436,8M5CL,8M5CL,06/11/2026 9:37:52 AM,8M5CL,D1D,11,8233336
D611330,507,KJAYR507WFD4,1.2166458195,0,0,0,0,0,0.4623206633,0.8083556055,1.3545441641,0,0,0,0,0,0,7.298466025,1.0240114702,0.8783631108,0,13.042709077,D6113300,PXMG,06/10/2026 10:25:09 AM,BPD436,8M5CL,8M5CL,06/11/2026 9:37:28 AM,8M5CL,D1D,12,8233419
D611465,306,KJA9T306WFB5,0,0,0,0,0,0,0.6329325234,0,1.3278827576,0,0,0,0,0,0,0,0,4.7995550351,0.7299176669,7.490287983,D6114650,PXMG,06/10/2026 3:59:03 PM,BPD436,8M5CL,8M5CL,06/11/2026 9:27:51 AM,8M5CL,D1D,1,8255981
D611465,315,KJA9T315WFB7,2.6839013349,0,0,0,0,0,0.0822171621,1.0701587811,0.6184147913,0,0,0,0,0,0,1.7352666903,0,5.2306010056,0.4626934095,9.2572073753,D6114650,PXMG,06/10/2026 3:59:03 PM,BPD436,8M5CL,8M5CL,06/11/2026 9:23:01 AM,8M5CL,D1D,2,8256001
D611455,20,MCMUB020WAE3,0,0,0,0,0,0,0.577307915,0,1.7712324173,0,0,0,0,0,0,0,0,1.0091161227,0,3.3576542557,D6114550,PXMG,06/09/2026 10:49:40 PM,BPD436,8M5CL,8M5CL,06/10/2026 9:26:45 AM,8M5CL,D1D,1,8252786
D611455,35,MCMUB035WAA5,0,0,0,0,0,0,0.0816491679,0,1.339667597,0,0,0,0,0,0,0,0,3.1843175475,0,4.6056343124,D6114550,PXMG,06/09/2026 10:49:40 PM,BPD436,8M5CL,8M5CL,06/10/2026 9:26:35 AM,8M5CL,D1D,2,8252806
D610255,102,KJA9Y102WFD0,9.4934358497,0,0,0,0,0,0.4596436036,2.5546392601,2.8227844884,0,0,0,0,0,0,11.772536139,4.1380173924,8.152289659,6.1414555547,32.984154662,D6102550,PXMG,06/08/2026 7:56:59 AM,BPD436,8M5CL,8M5CL,06/09/2026 6:19:01 AM,8M5CL,D1D,1,8203435
D610255,166,KJA9Y166WFC6,0,0,0,0,0,0,0.2785870755,0,1.6654570331,0,0,0,0,0,0,7.4294578454,0.5814710187,8.0672352276,0,17.544601453,D6102550,PXMG,06/08/2026 7:56:59 AM,BPD436,8M5CL,8M5CL,06/09/2026 6:18:56 AM,8M5CL,D1D,2,8203391
D610255,206,KJA9Y206WFE3,0,0,0,0,0,0,0,1.3171308219,0,0,0,0,0,0,0,1.3229059463,0,3.0827464578,0,5.722783226,D6102550,PXMG,06/08/2026 10:24:59 PM,BPD454,8M5CL,8M5CL,06/09/2026 9:18:09 AM,8M5CL,D1D,3,8203416
D610255,218,KJA9Y218WFC5,0,0,0,0,0,0,0,0,5.568724195,0,0,0,0,0,0,3.2339245243,2.1840130635,2.4067820001,2.3404934243,11.481209042,D6102550,PXMG,06/08/2026 10:24:59 PM,BPD454,8M5CL,8M5CL,06/09/2026 9:18:04 AM,8M5CL,D1D,4,8203446
D610255,220,KJA9Y220WFC5,0.585513166,0,0,0,0,0,0,0,3.4049372621,0,0,0,0,0,0,6.8051946063,0,10.760424693,0,21.556069727,D6102550,PXMG,06/08/2026 10:24:59 PM,BPD454,8M5CL,8M5CL,06/09/2026 9:17:55 AM,8M5CL,D1D,5,8203504
D610255,170,KJA9Y170WFD7,0,0,0,0,0,0,0.2169850154,2.0210538312,0,0,0,0,0,0,0,0,0,3.1166208833,0.6305727715,5.9852325015,D6102550S,PXMG,06/08/2026 10:38:38 AM,BPD454,8M5CL,8M5CL,06/09/2026 6:17:56 AM,8M5CL,D1D,1,8751570
D610255,172,KJA9Y172WFF0,0,0,0,0,0,0,0.3030510831,1.0534213993,3.264506733,0,0,0,0,0,0,0,0,0.756528103,0,5.3775073185,D6102550S,PXMG,06/08/2026 10:38:38 AM,BPD454,8M5CL,8M5CL,06/09/2026 6:18:14 AM,8M5CL,D1D,2,8751565
D610255,174,KJA9Y174WFG1,0,0,0,0,0,0,0.0937149188,0,5.152893245,0,0,0,0,0,0,0,0.6733254062,4.1171183036,0,10.037051874,D6102550S,PXMG,06/08/2026 10:38:38 AM,BPD454,8M5CL,8M5CL,06/09/2026 6:19:02 AM,8M5CL,D1D,3,8751530
D610255,177,KJA9Y177WFE1,1.2360641216,0,0,0,0,0,0.0878305424,2.2864451668,2.0470600127,0,0,0,0,0,0,16.342526916,0,5.0688424667,0,26.37565654,D6102550S,PXMG,06/08/2026 10:38:38 AM,BPD454,8M5CL,8M5CL,06/09/2026 6:18:55 AM,8M5CL,D1D,4,8751563
D611324,265,GU1PT265JKC7,2.928267532,0,0,0,0,0,0,5.690048417,0,0,0,0,0,2.7078303098,0,8.2511343161,0,6.432687536,2.5034788612,26.463615769,D6113240,PXMG,06/07/2026 11:42:41 PM,BPD436,8M5CL,8M5CL,06/08/2026 8:39:58 AM,8M5CL,D1D,1,8229455
D611324,266,GU1PT266JKH1,0,0,0,0,0,0,0.30984884,7.3428023895,2.6180688634,0,0,0,0,0,0,15.434763331,0,4.4029209858,0,28.483969233,D6113240,PXMG,06/07/2026 11:42:41 PM,BPD436,8M5CL,8M5CL,06/08/2026 8:40:08 AM,8M5CL,D1D,2,8229544
D611327,93,A29TR093SLG3,0,0,0,0,0,0,0.2240914662,0,0,0,0,0,0,0,0,0,0,3.1843175475,0,3.4084090137,D6113270,PXMG,06/08/2026 4:11:19 AM,BPD446,8M5CL,8M5CL,06/09/2026 6:18:44 AM,8M5CL,D1D,1,8229624
D611327,98,A29TR098SLF4,0,0,0,0,0,0,0,2.1853633782,0,0,0,0,0,1.4632946904,0,2.1260594921,0,2.1443239278,0,7.5264407897,D6113270,PXMG,06/08/2026 4:11:19 AM,BPD446,8M5CL,8M5CL,06/09/2026 6:17:50 AM,8M5CL,D1D,2,8229378
D611337,526,GU1PT526JKB2,0,0,0,0,0,0,0,0,1.3238692001,0,0,0,0,0,0,1.7362275981,0,8.6428409543,1.0235121487,12.726447702,D6113370,PXMG,06/09/2026 6:00:30 AM,BPD454,8M5CL,8M5CL,06/10/2026 8:52:13 AM,8M5CL,D1D,1,8236523
D611337,527,GU1PT527JKF4,0.7895563284,0,0,0,0,0,0.49539967,0.7913956534,0.6366127933,0,0,0,0,0,0,2.5441503529,0,5.0933017174,0,9.7359177779,D6113370,PXMG,06/09/2026 6:00:30 AM,BPD454,8M5CL,8M5CL,06/10/2026 8:52:07 AM,8M5CL,D1D,2,8236479
D611336,40,KJAAE040WFA3,0,0,0,0,0,0,0.2221201698,0,0.7793207114,0,0,0,0,0,0,4.8720607765,1.3379529384,1.055873518,0,8.267328114,D6113360M,PXMG,06/08/2026 5:07:08 PM,BPD454,8M5CL,8M5CL,06/09/2026 9:18:24 AM,8M5CL,D1D,1,8751856
D611336,62,KJAAE062WFD1,0,0,0,0,0,0,0,1.3956601983,1.5462972592,0,0,0,0,0,0,2.2630680511,0,1.0023117681,0,6.2073372768,D6113360M,PXMG,06/08/2026 5:07:08 PM,BPD454,8M5CL,8M5CL,06/09/2026 9:18:18 AM,8M5CL,D1D,2,8751875
D611336,64,KJAAE064WFE2,0,0,0,0,0,0,0.2372353374,1.1225183658,0,0,0,0,0,0,0,0,1.5185344372,2.4686479655,0,5.3469361058,D6113360M,PXMG,06/08/2026 5:07:08 PM,BPD454,8M5CL,8M5CL,06/09/2026 9:18:07 AM,8M5CL,D1D,3,8751877
D611336,87,KJAAE087WFD7,0,0,0,0,0,0,0,0,0.614143741,0,0,0,0,0,0,0,0,2.3560666135,1.077192147,4.0474025015,D6113360M,PXMG,06/08/2026 5:07:08 PM,BPD454,8M5CL,8M5CL,06/09/2026 9:17:51 AM,8M5CL,D1D,4,8751860
D611332,35,KJAZA035WFC1,0,0,0,0,0,0,0,0,1.339667597,0,0,0,0,0,0,0,0,1.592824392,0,2.932491989,D6113320,PXMG,06/07/2026 1:53:17 AM,BPD458,8M5CL,8M5CL,06/07/2026 1:01:57 PM,8M5CL,D1D,1,8233151
D611332,48,KJAZA048WFE5,0,0,0,0,0,0,0,1.8007370133,0,0.7894678645,0,0,0,0,0,2.9199015845,0,0,0,5.5101064622,D6113320,PXMG,06/07/2026 1:53:17 AM,BPD458,8M5CL,8M5CL,06/07/2026 1:08:32 PM,8M5CL,D1D,2,8233110
D611332,73,KJAZA073WFE2,0,0,0,0,0,0,0,3.3955692383,0,0,0,0,0,0,0,6.0814896152,0,0.8978302249,0,10.37488686,D6113320,PXMG,06/07/2026 1:53:17 AM,BPD458,8M5CL,8M5CL,06/07/2026 1:08:22 PM,8M5CL,D1D,3,8233138
D611332,105,KJAZA105WFC4,1.7172949984,0,0,0,0,0,0.6426632629,0,0,0,0,0,0,0,0,1.0674297465,0,0.7632422215,0,4.1906302293,D6113320,PXMG,06/07/2026 1:53:17 AM,BPD458,8M5CL,8M5CL,06/07/2026 1:08:39 PM,8M5CL,D1D,4,8233010
D611326,43,A2CJQ043SLB6,0,0,0,0,0,0,0.6203561777,1.6082489848,0,0,0,0,0,0,0,2.4543562368,0,5.1905330077,0,9.873494407,D6113260,PXMG,06/07/2026 8:54:17 AM,BPD454,8M5CL,8M5CL,06/08/2026 7:46:11 AM,8M5CL,D1D,1,8229609
D611326,45,A2AFY045SLE7,0,0,0,0,0,0,0,1.0627704189,1.339667597,0,0,0,0,0,0,0,0,3.2879321165,0,5.6903701325,D6113260,PXMG,06/07/2026 8:54:17 AM,BPD454,8M5CL,8M5CL,06/08/2026 7:44:55 AM,8M5CL,D1D,2,8229469
D611326,48,A2AFY048SLC7,0,0,0,0,0,0,0.0809309133,1.0534213993,1.3278827576,0,0,0,0,0,0,3.3711683987,0,1.5130562061,1.1853739754,8.5318336505,D6113260N,PXMG,06/07/2026 10:48:32 AM,BPD454,8M5CL,8M5CL,06/08/2026 7:45:10 AM,8M5CL,D1D,1,8745696
D611326,66,A29ZA066SLC4,0,0,0,0,0,0,1.602544244,2.1982045631,5.6042766174,0,0,0,0,0,0,1.7081260978,0,0,1.5854827759,12.698634298,D6113260N,PXMG,06/07/2026 10:48:32 AM,BPD454,8M5CL,8M5CL,06/08/2026 7:46:29 AM,8M5CL,D1D,2,8745711
D611326,82,A2BDY082SLG0,0,0,0,0,0,0,0,0,0,0,0,0,0,1.312263971,0,2.3150991511,2.6995869657,2.1850620865,0.6051433109,9.1171554852,D6113260N,PXMG,06/07/2026 10:48:32 AM,BPD454,8M5CL,8M5CL,06/08/2026 7:46:23 AM,8M5CL,D1D,3,8745620
D611326,203,A2AQR203SLH0,0,0,0,0,0,0,0.1721732453,5.2027027274,0,0,0,0,0,0,0,1.7232855624,0,2.421075326,0,9.5192368611,D6113260N,PXMG,06/07/2026 10:48:32 AM,BPD454,8M5CL,8M5CL,06/08/2026 7:46:40 AM,8M5CL,D1D,4,8745712
D611324,267,GU1PT267JKE0,1.5102078589,0,0,0,0,0,0.294518311,7.2359533809,5.114676937,0,0,0,0,0,0,4.529751617,0,6.1161616681,0,24.801267554,D6113240J,PXMG,06/07/2026 9:40:14 PM,BPD454,8M5CL,8M5CL,06/08/2026 7:45:11 AM,8M5CL,D1D,1,8748465
D611324,269,GU1PT269JKF1,0,0,0,0,0,0,0.2868969824,1.3575039465,0.7212173061,0,0,0,0,0,0,2.2062625777,0,2.2639250838,0,6.8358036777,D6113240J,PXMG,06/07/2026 9:40:14 PM,BPD454,8M5CL,8M5CL,06/08/2026 7:46:18 AM,8M5CL,D1D,2,8748450
D611324,270,GU1PT270JKA7,0,0,0,0,0,0,0,8.8084150468,0,0,0,0,0,0,0,3.8242055767,1.4217890076,0,0,14.054409631,D6113240J,PXMG,06/07/2026 9:40:14 PM,BPD454,8M5CL,8M5CL,06/08/2026 7:46:24 AM,8M5CL,D1D,3,8748449
D611324,275,GU1PT275JKA0,0,0,0,0,0,0,0.2539400058,0.8651550267,0.6959460011,0,0,0,1.6279845649,0,0,0,0,4.0903393139,0,7.5333626936,D6113240J,PXMG,06/07/2026 9:40:14 PM,BPD454,8M5CL,8M5CL,06/08/2026 7:45:20 AM,8M5CL,D1D,4,8748467
D611327,100,A2BS5100SLG7,0,0,0,0,0,0,0,0,1.7423457992,0,0,0,0,0,0,0,0,2.1561446794,0,3.8984904786,D6113270M,PXMG,06/07/2026 11:06:04 PM,BPD458,8M5CL,8M5CL,06/08/2026 7:45:14 AM,8M5CL,D1D,1,8748686
D611327,128,A29XK128SLE5,0,0,0,0,0,0,0.0809309133,0,0,0,0,0,0,0,0,0,7.0256653689,3.2220619877,0,10.32865827,D6113270M,PXMG,06/07/2026 11:06:04 PM,BPD458,8M5CL,8M5CL,06/08/2026 7:45:02 AM,8M5CL,D1D,2,8748723
D611327,129,A29XK129SLB4,0,0,0,0,0,0,0,2.2066819172,0,0,0,0,0,0,0,1.0674297465,0,0,0,3.2741116636,D6113270M,PXMG,06/07/2026 11:06:04 PM,BPD458,8M5CL,8M5CL,06/08/2026 7:45:04 AM,8M5CL,D1D,3,8748615
D611327,130,A29XK130SLE5,0,0,0,0,0,0,0,0,0,0,0,0,0,0,0,0,1.9047882172,0.756528103,0,2.6613163203,D6113270M,PXMG,06/07/2026 11:06:04 PM,BPD458,8M5CL,8M5CL,06/08/2026 7:46:11 AM,8M5CL,D1D,4,8748683
D611336,3,KJAAE003WFC4,0,0,0,0,0,0,0.7981405846,0,0,0,0,0,0,0,0,0,0,4.0968978721,0.9474365318,5.8424749886,D6113360,PXMG,06/08/2026 6:46:40 AM,BPD446,8M5CL,8M5CL,06/09/2026 6:17:55 AM,8M5CL,D1D,1,8233292
D611336,91,KJAAE091WFF0,0,0,0,0,0,0,0.953482564,0,0,0,0,0,0,0,0,0,0,6.6463598584,0,7.5998424224,D6113360,PXMG,06/08/2026 6:46:40 AM,BPD446,8M5CL,8M5CL,06/09/2026 6:17:56 AM,8M5CL,D1D,2,8233262
D612470,2,MCMUB002WAD7,0,0,0,0,0,0,0,0,0.6976728557,0,0,0,0,0,0,6.1669114059,0,13.643161834,0,19.631673357,D6124700,PXMG,06/19/2026 2:02:45 PM,BPD454,8M5CL,8M5CL,06/21/2026 3:26:27 PM,8M5CL,D1D,1,8270470
D612470,78,MCMUB078WAB7,0,0,0,0,0,0,0,1.1477674912,0,0,0,0,0,0,0,1.942337522,1.0444926083,2.5444965054,0,6.6790941269,D6124700,PXMG,06/19/2026 2:02:45 PM,BPD454,8M5CL,8M5CL,06/21/2026 3:26:41 PM,8M5CL,D1D,2,8270425
D611445,599,5DXKO599MVC6,0,0,0,0,0,0,0.7627008521,0.7702733686,1.3654625216,0,0,0,0,0,0,12.61880346,1.462025975,7.82305971,0,23.508725727,D6114450,PXMG,06/16/2026 4:40:17 AM,BPD454,8M5CL,8M5CL,06/16/2026 8:16:33 AM,8M5CL,D1D,1,8247613
D611445,602,5DXKO602MVF3,0,0,0,0,0,0,0.6549246194,0,0,0,0,0,0,0,0,0,0,2.2695843091,0,2.9245089286,D6114450,PXMG,06/16/2026 4:40:17 AM,BPD454,8M5CL,8M5CL,06/16/2026 8:16:41 AM,8M5CL,D1D,2,8247517
D612474,351,KJCJA351WFG2,0,0,0,0,0,0,0,1.5496213323,0,0,0,0,0,0,0,1.9576963297,0,0.9424266454,0,4.4497443074,D6124740,PXMG,06/14/2026 10:54:05 PM,BPD446,8M5CL,8M5CL,06/15/2026 6:56:09 AM,8M5CL,D1D,1,8270515
D612474,570,KJCJA570WFB7,0,0,0,0,0,0,0.2647056645,0,0,0,0,0,0,0,0,4.0712361936,0,3.8931903835,0,8.2291344409,D6124740,PXMG,06/14/2026 10:54:05 PM,BPD446,8M5CL,8M5CL,06/15/2026 6:56:16 AM,8M5CL,D1D,2,8270422
D611448,47,KJAAE047WFA5,0,0,0,0,0,0,0.2592760451,0,2.5581394291,0,0,0,0,0,0,1.918635634,0,4.2820196104,0,9.0180729374,D6114480,PXMG,06/15/2026 1:26:15 AM,BPD446,8M5CL,8M5CL,06/15/2026 7:05:37 AM,8M5CL,D1D,1,8250469
D611448,70,KJAAE070WFG4,0,0,0,0,0,0,0.307970715,0,1.8953250183,0,0,0,0,0,0,0,2.4190601874,4.4087840786,0.3189205796,9.3500583797,D6114480,PXMG,06/15/2026 1:26:15 AM,BPD446,8M5CL,8M5CL,06/15/2026 7:05:27 AM,8M5CL,D1D,2,8250409
D611448,176,KJAAE176WFB5,0,0,0,0,0,0,0.2916151932,3.3254380343,0,0,0,0,0,0,0,2.7661658372,0,8.3601567513,0.7299176669,15.473291284,D6114480,PXMG,06/15/2026 1:26:15 AM,BPD446,8M5CL,8M5CL,06/15/2026 7:05:23 AM,8M5CL,D1D,3,8250302
D611448,196,KJAAE196WFD2,0,0,0,0,0,0,0,0,1.3278827576,0,0,0,0,0,0,0,0,5.0211122073,0.3138272102,6.6628221751,D6114480,PXMG,06/15/2026 1:26:15 AM,BPD446,8M5CL,8M5CL,06/15/2026 7:05:39 AM,8M5CL,D1D,4,8250396
D611442,267,KJAYF267WFG4,0,0,0,0,0,0,0.5298321003,0,2.639398101,0,0,0,0,0,0,1.0674297465,0,0,0,4.2366599477,D6114420,PXMG,06/15/2026 2:00:03 AM,BPD436,8M5CL,8M5CL,06/15/2026 7:05:12 AM,8M5CL,D1D,1,8247832
D611442,325,KJAYR325WFF6,1.2741352648,0,0,0,0,0,0.9942893981,0,0.658476133,0,0,0,0,0,0,1.5676906481,0,3.0276154883,0,7.5222069323,D6114420,PXMG,06/15/2026 2:00:03 AM,BPD436,8M5CL,8M5CL,06/15/2026 7:05:14 AM,8M5CL,D1D,2,8247846
D611328,346,MCMTH346WAG0,0,0,0,0,0,0,0.6663605094,0,1.1167586358,0,0,0,0,0,0,0,0,1.1556846458,0,2.938803791,D6113280,PXMG,06/15/2026 4:47:55 AM,BPD436,8M5CL,8M5CL,06/15/2026 7:08:06 AM,8M5CL,D1D,1,8233054
D611328,359,MCMTH359WAB1,0,0,0,0,0,0,1.12950752,2.4075410889,0,0,0,0,0,0,0,0,0,2.9880999535,0,6.5251485624,D6113280,PXMG,06/15/2026 4:47:55 AM,BPD436,8M5CL,8M5CL,06/15/2026 7:08:00 AM,8M5CL,D1D,2,8233038
D612471,1,MCMUB001WAH0,0,0,0,0,0,0,0,3.2583786677,1.953811338,0,0,0,0,0,0,0,0,0.7632422215,0,5.9754322273,D6124710,PXMG,06/23/2026 11:53:21 AM,BPD454,8M5CL,8M5CL,06/24/2026 8:33:40 AM,8M5CL,D1D,1,8270145
D612471,3,MCMUB003WAA6,0,0,0,0,0,0,0,0,0,0,0,0,0,0,0,0,0,0,0,0,D6124710,PXMG,06/23/2026 11:53:21 AM,BPD454,8M5CL,8M5CL,06/24/2026 8:33:35 AM,8M5CL,D1D,2,8270163
D612468,663,MCLYY663WAE3,1.1490789143,0,0,0,0,0,0,0,1.3347309285,0,0,0,0,0,0,0,0,1.3216515306,0.4594984421,4.0269857721,D6124680,PXMG,06/25/2026 10:39:30 AM,BPD454,8M5CL,8M5CL,06/25/2026 7:54:39 PM,8M5CL,D1D,1,8270323
D612468,678,MCLYY678WAA5,0,0,0,0,0,0,0,1.2353796033,0,0,0,0,0,0,0,2.0031742572,0,1.9270904018,0,5.1656442623,D6124680,PXMG,06/25/2026 10:39:30 AM,BPD454,8M5CL,8M5CL,06/25/2026 7:54:55 PM,8M5CL,D1D,2,8270301
D611462,26,A2BCX026SLA0,0,0,0,0,0,0,0,1.1969484155,2.6593282348,0,0,0,0,0,0,14.698030313,1.6155063854,5.3055601764,0,25.192135121,D6114620,PXMG,06/25/2026 8:22:41 AM,BPD454,8M5CL,8M5CL,06/25/2026 7:54:57 PM,8M5CL,D1D,1,8255998
D611462,33,A2BCX033SLG4,0,0,0,0,0,0,0.2240914662,1.6580549772,1.339667597,0,0,0,0,0,0,2.4543562368,0,0,0,5.6761702772,D6114620,PXMG,06/25/2026 8:22:41 AM,BPD454,8M5CL,8M5CL,06/25/2026 7:55:03 PM,8M5CL,D1D,2,8256073
D612475,19,KJCHY019WFF6,0,0,0,0,0,0,0.1721732453,2.0853441538,0,0,0,0,0,0,0,0,0,2.421075326,0,4.6785927251,D6124750,PXMG,06/22/2026 3:23:59 PM,BPD454,8M5CL,8M5CL,06/23/2026 8:28:55 AM,8M5CL,D1D,1,8270509
D612475,21,KJCHY021WFF6,0,0,0,0,0,0,0.1721732453,0,0,0,0,0,0,0,0,1.7232855624,0,1.6578331044,0,3.5532919122,D6124750,PXMG,06/22/2026 3:23:59 PM,BPD454,8M5CL,8M5CL,06/23/2026 8:28:53 AM,8M5CL,D1D,2,8270382
D612478,6,A2BP5006SLC1,0,0,0,0,0,0,0,2.9113202686,0,0,0,0,0,0,0,2.5654527737,0,2.3182924034,0,7.7950632465,D6124780,PXMG,06/24/2026 5:04:18 AM,BPD458,8M5CL,8M5CL,06/24/2026 8:33:32 AM,8M5CL,D1D,1,8272209
D612478,23,A2BP5023SLF6,0.7616891124,0,0,0,0,0,0,1.0627704189,1.279318212,0,0,0,0,0,0,4.7308792547,0.9671432685,7.1982172655,0.7363956201,16.736413152,D6124780,PXMG,06/24/2026 5:04:18 AM,BPD458,8M5CL,8M5CL,06/24/2026 8:33:43 AM,8M5CL,D1D,2,8272099
D612472,133,HE4UD133JKB6,0,0,0,0,0,0,1.8450293529,7.1117823026,8.5886626575,0,0,0,0,0,0,2.9894933143,0,0,0.7681456091,21.303113236,D6124720,PXMG,06/25/2026 12:03:52 AM,BPD454,8M5CL,8M5CL,06/25/2026 8:09:26 AM,8M5CL,D1D,1,8270384
D612472,134,HE4UD134JKG0,0,0,0,0,0,0,1.1286343677,0,1.8768054742,0,0,0,0,0,0,0,0,6.711767784,0,9.5078010868,D6124720,PXMG,06/25/2026 12:03:52 AM,BPD454,8M5CL,8M5CL,06/25/2026 8:09:29 AM,8M5CL,D1D,2,8270140
D611338,55,KJAAA055WFC4,1.2604679041,0,0,0,0,0,0,2.2510032155,0,0,1.6788977023,0,0,0,0,2.9600752078,0,0,0.4873834079,8.6378274376,D6113380,PXMG,06/30/2026 5:35:15 PM,BPD458,8M5CL,8M5CL,07/01/2026 6:29:19 AM,8M5CL,D1D,1,8234594
D611338,64,KJAAA064WFC6,0,0,0,0,0,0,0,31.415671776,2.8787587712,0,3.5456536885,0,0,0,0,3.2760811732,0,4.2161003293,0,42.141601866,D6113380,PXMG,06/30/2026 5:35:15 PM,BPD458,8M5CL,8M5CL,07/01/2026 6:29:18 AM,8M5CL,D1D,2,8234665
D611338,72,KJAAA072WFG1,0,0,0,0,0,0,0,1.6470540471,0,0,0,0,0,0,0,0,1.4988537105,5.1018517894,0.5072696868,8.7550292338,D6113380,PXMG,07/01/2026 10:27:26 AM,BPD454,8M5CL,8M5CL,07/02/2026 7:54:59 AM,8M5CL,D1D,3,8234627
D611338,74,KJAAA074WFH2,0,0,0,0,0,0,0.5550914996,1.3097942586,0,0,0,0,0,0,0,4.1916165288,0,0,0,6.056502287,D6113380,PXMG,07/01/2026 10:27:26 AM,BPD454,8M5CL,8M5CL,07/02/2026 7:55:08 AM,8M5CL,D1D,4,8234654
D611338,81,KJAAA081WFG3,0.5682160841,0,0,0,0,0,0,1.6164738072,0,0,0,0,0,0,0,0,0,2.2897266646,0,4.4744165559,D6113380,PXMG,07/01/2026 10:27:26 AM,BPD454,8M5CL,8M5CL,07/02/2026 7:54:49 AM,8M5CL,D1D,5,8234683
D611343,237,KJAYT237WFF5,0,0,0,0,0,0,0,1.0627704189,0,0,0,0,0,0,0,4.1776417992,0,1.7683257284,0,7.0087379465,D6113430,PXMG,06/28/2026 4:35:20 AM,BPD454,8M5CL,8M5CL,06/28/2026 9:02:53 AM,8M5CL,D1D,1,8234449
D611343,246,KJAYT246WFF7,0,0,0,0,0,0,0,2.1552254098,6.5068872182,0,0,0,0,0,0,2.1618186402,0,9.1115365047,0,19.935467773,D6113430,PXMG,06/28/2026 4:35:20 AM,BPD454,8M5CL,8M5CL,06/28/2026 9:02:56 AM,8M5CL,D1D,2,8234435
