LOT,WAFER,WAFER_ID,DEFECT@WAFER@CLASS_NCDD@BPFOCUS_FAIL,DEFECT@WAFER@CLASS_NCDD@CU_BULGING,DEFECT@WAFER@CLASS_NCDD@DOME,DEFECT@WAFER@CLASS_NCDD@FLAKE,DEFECT@WAFER@CLASS_NCDD@LARGE_PARTICLE,DEFECT@WAFER@CLASS_NCDD@MISSING_METAL_FILL,DEFECT@WAFER@CLASS_NCDD@NVD,DEFECT@WAFER@CLASS_NCDD@NVD_FALSE,DEFECT@WAFER@CLASS_NCDD@OTHER_UNKNOWN,DEFECT@WAFER@CLASS_NCDD@PREVIOUS_LAYER,DEFECT@WAFER@CLASS_NCDD@RESIDUE,DEFECT@WAFER@CLASS_NCDD@SCRATCH,DEFECT@WAFER@CLASS_NCDD@SIZE_SMALL,DEFECT@WAFER@CLASS_NCDD@SMALL_PARTICLE,DEFECT@WAFER@CLASS_NCDD@UNCLASSIFIED,ACTUAL_LOT@DEFECT,DEVICE@DEFECT,INSPECTION_TIME@DEFECT,INSPECTION_TOOL@DEFECT,LAYER,LAYER@DEFECT,LOAD_DATE@DEFECT,RECIPE@DEFECT,SITE@DEFECT,WAFER_ID_ORDER@DEFECT,WAFER_KEY@DEFECT
D601540,365,MCJ1N365WAF5,0,0.010425,0.003475,0,0.001737,0.008687,0,0.001737,0,0.001737,0,0,0.005212,0.001737,,D6015400,PXMG,03/21/2026 5:42:10 PM,FDM410,8M6HM2_HVF,8M6HM2_HVF,07/24/2026 3:22:07 PM,8M6HM2_HVF,D1D,1,7869425
D601540,380,MCJ1N380WAA6,0,0.012162,0.0139,0.00695,0,0.001737,0,0.003475,0,0.008687,0,0,0.001737,0.003475,,D6015400,PXMG,03/21/2026 5:42:10 PM,FDM410,8M6HM2_HVF,8M6HM2_HVF,07/24/2026 3:22:09 PM,8M6HM2_HVF,D1D,2,7869416
D601540,382,MCJ1N382WAB7,0,0.017375,0.012162,0.001737,0,0.00695,0,0.003475,0,0.001737,0,0,0.003475,0.003475,,D6015400,PXMG,03/21/2026 5:42:10 PM,FDM410,8M6HM2_HVF,8M6HM2_HVF,07/24/2026 3:22:16 PM,8M6HM2_HVF,D1D,3,7869379
D601540,397,MCJ1N397WAF4,0,0.008687,0.017375,0.001737,0.003475,0.003475,0,0.001737,0,0,0,0,0.003475,0.003475,,D6015400,PXMG,03/21/2026 5:42:10 PM,FDM410,8M6HM2_HVF,8M6HM2_HVF,07/24/2026 3:21:57 PM,8M6HM2_HVF,D1D,4,7869487
D601551,101,A23M2101SLA6,0,0.012162,0.0139,0,0,0.003475,0,0.001737,0,0.005212,0,0,0.003475,0.005212,,D6015510,PXMG,03/27/2026 2:32:50 PM,FDM408,8M6HM2_HVF,8M6HM2_HVF,07/24/2026 3:20:11 PM,8M6HM2_HVF,D1D,1,7886814
D601551,102,A23M2102SLF0,0,0.010425,0.012162,0,0,0.005212,0,0.003475,0,0.005212,0.001737,0,0.00695,0.001737,,D6015510,PXMG,03/27/2026 2:32:50 PM,FDM408,8M6HM2_HVF,8M6HM2_HVF,07/24/2026 3:20:12 PM,8M6HM2_HVF,D1D,2,7886803
D601565,4,KJ7JD004WFH2,0,0.010425,0.046912,0,0.001737,0.005212,0,0.001737,0,0.003475,0,0,0.003475,0.015637,,D6015650,PXMG,03/25/2026 7:28:00 PM,FDM406,8M6HM2_HVF,8M6HM2_HVF,07/24/2026 3:20:40 PM,8M6HM2_HVF,D1D,1,7890590
D601565,38,KJ7KM038WFH2,0,0.00695,0.00695,0,0.001737,0.001737,0,0.003475,0,0.001737,0,0,0.00695,0.003475,,D6015650,PXMG,03/25/2026 7:28:00 PM,FDM406,8M6HM2_HVF,8M6HM2_HVF,07/24/2026 3:20:33 PM,8M6HM2_HVF,D1D,2,7890572
D601500,32,A25G6032SLG5,0,0.001732,0.024245,0,0,0.001732,0,0.001732,0,0.006927,0,0,0,0,,D6015000,PNCB,04/04/2026 1:26:59 PM,FDM410,8M6HM2_HVF,8M6HM2_HVF,07/24/2026 3:44:42 PM,8M6HM2_HVF,D1D,1,7870146
D601500,49,A25G6049SLE0,0,0.001732,0.010391,0,0,0,0,0.001732,0,0.001732,0,0,0.001732,0,,D6015000,PNCB,04/04/2026 1:26:59 PM,FDM410,8M6HM2_HVF,8M6HM2_HVF,07/24/2026 3:44:35 PM,8M6HM2_HVF,D1D,2,7870069
D601566,164,KJ7HA164WFE1,0,0.00556,0.035792,0,0.001737,0.003822,0,0.001737,0,0.001737,0.003475,0,0,0.001737,0,D6015660,PXMG,04/03/2026 11:36:05 PM,FDM408,8M6HM2_HVF,8M6HM2_HVF,07/24/2026 3:45:00 PM,8M6HM2_HVF,D1D,1,7890727
D601566,211,KJ7HA211WFE7,0,0.00695,0.00695,0.001737,0,0.005212,0,0,0,0.001737,0,0,0.001737,0,,D6015660,PXMG,04/03/2026 11:36:05 PM,FDM408,8M6HM2_HVF,8M6HM2_HVF,07/24/2026 3:45:11 PM,8M6HM2_HVF,D1D,2,7890623
D601566,215,KJ7HA215WFH1,0,0.008687,0.008687,0,0,0.010425,0,0,0,0.003475,0.001737,0,0.003475,0.005212,,D6015660,PXMG,04/03/2026 11:36:05 PM,FDM408,8M6HM2_HVF,8M6HM2_HVF,07/24/2026 3:44:39 PM,8M6HM2_HVF,D1D,3,7890571
D601566,225,KJ7HA225WFE2,0,0.010425,0.015637,0,0.001737,0.001737,0,0.003475,0,0.003475,0.001737,0,0.015637,0.003475,,D6015660,PXMG,04/03/2026 11:36:05 PM,FDM408,8M6HM2_HVF,8M6HM2_HVF,07/24/2026 3:44:55 PM,8M6HM2_HVF,D1D,4,7890748
D601572,125,KJ7YR125WFD4,0,0.00695,0.012162,0,0,0.012162,0,0,0,0.012162,0,0,0,0.001737,,D6015720,PXMG,04/03/2026 1:10:28 AM,FDM408,8M6HM2_HVF,8M6HM2_HVF,07/24/2026 3:44:54 PM,8M6HM2_HVF,D1D,1,7890943
D601572,127,KJ7YR127WFE5,0,0.008687,0.0139,0,0,0.008687,0,0,0,0.003475,0.003475,0,0.00695,0,,D6015720,PXMG,04/03/2026 1:10:28 AM,FDM408,8M6HM2_HVF,8M6HM2_HVF,07/24/2026 3:45:05 PM,8M6HM2_HVF,D1D,2,7890974
D602000,491,GT6ER491JKC4,0,0.0139,0.0278,0.00695,0.001737,0.003475,0,0.003475,0,0.003475,0.001737,0,0.003475,0.00695,,D6020000,PXMG,04/02/2026 6:37:16 AM,FDM404,8M6HM2_HVF,8M6HM2_HVF,07/24/2026 3:45:25 PM,8M6HM2_HVF,D1D,1,7905039
D602000,523,GT6ER523JKA6,0,0.016398,0.058749,0,0.003692,0.001846,0,0.003692,0,0.001846,0.005538,0,0.007384,0.058966,0,D6020000,PXMG,04/02/2026 6:37:16 AM,FDM404,8M6HM2_HVF,8M6HM2_HVF,07/24/2026 3:45:16 PM,8M6HM2_HVF,D1D,2,7904950
D602000,702,GT5JE702JKB3,0,0.00695,0.015637,0,0,0.005212,0,0.003475,0,0.003475,0,0,0.003475,0.001737,,D6020000,PXMG,04/02/2026 6:37:16 AM,FDM404,8M6HM2_HVF,8M6HM2_HVF,07/24/2026 3:45:19 PM,8M6HM2_HVF,D1D,3,7904980
D602000,704,GT5JE704JKC4,0,0.017375,0.039962,0.001737,0,0.005212,0,0.001737,0,0,0.00695,0,0.003475,0.003475,,D6020000,PXMG,04/02/2026 6:37:16 AM,FDM404,8M6HM2_HVF,8M6HM2_HVF,07/24/2026 3:45:10 PM,8M6HM2_HVF,D1D,4,7905044
D602103,51,KJ7YL051WFG0,0,0.01807,0.064113,0,0.002042,0.009904,0,0.002042,0,0.001737,0,0,0.067067,0.012249,0,D6021030,PXMG,04/01/2026 9:25:05 AM,FDM406,8M6HM2_HVF,8M6HM2_HVF,07/24/2026 3:45:04 PM,8M6HM2_HVF,D1D,1,7907582
D602103,78,KJ7YL078WFA4,0,0.001737,0.060812,0.001737,0,0.003475,0,0,0,0.004344,0,0.001737,0.039093,0,0,D6021030,PXMG,04/01/2026 9:25:05 AM,FDM406,8M6HM2_HVF,8M6HM2_HVF,07/24/2026 3:44:54 PM,8M6HM2_HVF,D1D,2,7907525
D601542,326,GT6QX326JKB7,0,0.012391,0.062275,0,0.002012,0.012071,0,0.004024,0,0.002012,0.010699,0,0.010379,0.004024,0,D6015420,PXMG,03/29/2026 11:47:12 AM,FDM402,8M6HM2_HVF,8M6HM2_HVF,07/24/2026 3:19:34 PM,8M6HM2_HVF,D1D,1,7869392
D601542,327,GT6QX327JKG1,0,0.019112,0.068755,0.002482,0,0.014893,0,0.004964,0,0.007446,0.007446,0,0.014893,0.002482,0,D6015420,PXMG,03/29/2026 11:47:12 AM,FDM402,8M6HM2_HVF,8M6HM2_HVF,07/24/2026 3:19:38 PM,8M6HM2_HVF,D1D,2,7869411
D552342,313,GT9FQ313JKG2,0,0.00695,0.022587,0.001737,0,0.005212,0,0.003475,0,0.005212,0,0,0.003475,0.003475,,D5523420,PXMG,04/05/2026 2:29:22 AM,FDM406,8M6HM2_HVF,8M6HM2_HVF,07/24/2026 3:44:23 PM,8M6HM2_HVF,D1D,1,7849061
D552342,314,GT9FQ314JKD1,0,0.019112,0.015637,0.00695,0.003475,0.00695,0,0,0,0.003475,0.001737,0,0.003475,0.003475,,D5523420,PXMG,04/05/2026 2:29:22 AM,FDM406,8M6HM2_HVF,8M6HM2_HVF,07/24/2026 3:44:22 PM,8M6HM2_HVF,D1D,2,7849069
D601954,79,A26LJ079SLF0,0,0.008687,0.012162,0.001737,0,0.001737,0,0,0,0.005212,0,0,0.001737,0.003475,,D6019540,PXMG,04/05/2026 1:54:20 PM,FDM406,8M6HM2_HVF,8M6HM2_HVF,07/24/2026 3:44:16 PM,8M6HM2_HVF,D1D,1,7895595
D601954,95,A26LJ095SLE3,0,0.00695,0.02085,0,0.003475,0.005212,0,0,0,0.001737,0.003475,0,0,0.02085,,D6019540,PXMG,04/05/2026 1:54:20 PM,FDM406,8M6HM2_HVF,8M6HM2_HVF,07/24/2026 3:44:23 PM,8M6HM2_HVF,D1D,2,7895532
D601535,50,KJD2F050WFC6,0,0.013854,0.022513,0.001732,0.001732,0.006927,0,0.005195,0,0.006927,0,0,0.001732,0.017318,,D6015350,PNCB,04/06/2026 12:12:44 AM,FDM404,8M6HM2_HVF,8M6HM2_HVF,07/24/2026 3:44:10 PM,8M6HM2_HVF,D1D,1,7880079
D601535,53,KJD2F053WFA6,0,0.005195,0.034635,0,0.001732,0.003464,0,0,0,0.006927,0,0,0.001732,0.006927,,D6015350,PNCB,04/06/2026 12:12:44 AM,FDM404,8M6HM2_HVF,8M6HM2_HVF,07/24/2026 3:44:16 PM,8M6HM2_HVF,D1D,2,7880076
D601558,13,A25GX013SLH2,0,0.0139,0.036487,0.003475,0,0.00695,0,0.001737,0,0.003475,0,0,0.005212,0.005212,,D6015580,PXMG,04/11/2026 3:23:43 PM,FDM408,8M6HM2_HVF,8M6HM2_HVF,07/24/2026 3:36:35 PM,8M6HM2_HVF,D1D,1,7889872
D601558,16,A25GX016SLF2,0,0.033682,0.053316,0,0,0.05133,0,0,0,0,0.001986,0.023828,0.001986,0.005883,0,D6015580,PXMG,04/11/2026 3:23:43 PM,FDM408,8M6HM2_HVF,8M6HM2_HVF,07/24/2026 3:43:01 PM,8M6HM2_HVF,D1D,2,7889988
D601517,13,MCKLJ013WAH0,0,0.014374,0.018184,0.003637,0.001818,0,0,0.001732,0,0,0,0,0,0.001818,0,D6015170,PNCB,04/11/2026 11:13:08 PM,FDM410,8M6HM2_HVF,8M6HM2_HVF,07/24/2026 3:42:59 PM,8M6HM2_HVF,D1D,1,7874470
D601517,16,MCKLJ016WAF0,0,0.017318,0.005195,0.003464,0,0.010391,0,0.001732,0,0.003464,0,0,0.001732,0.010391,,D6015170,PNCB,04/11/2026 11:13:08 PM,FDM410,8M6HM2_HVF,8M6HM2_HVF,07/24/2026 3:42:54 PM,8M6HM2_HVF,D1D,2,7874644
D601504,502,MCK3W502WAE7,0,0.006927,0.010391,0,0,0.005195,0,0.001732,0,0,0,0,0,0,,D6015040,PNCB,04/10/2026 12:26:59 PM,FDM402,8M6HM2_HVF,8M6HM2_HVF,07/24/2026 3:43:12 PM,8M6HM2_HVF,D1D,1,7872980
D601504,512,MCK3W512WAC0,0,0.010391,0.02944,0,0,0.006927,0,0,0,0.006927,0.001732,0,0,0,,D6015040,PNCB,04/10/2026 12:26:59 PM,FDM402,8M6HM2_HVF,8M6HM2_HVF,07/24/2026 3:43:18 PM,8M6HM2_HVF,D1D,2,7872821
D601553,258,GT9AE258JKE6,0,0.022587,0.072974,0,0,0.005212,0,0,0,0.001737,0,0,0,0,,D6015530,PXMG,04/10/2026 11:20:24 AM,FDM410,8M6HM2_HVF,8M6HM2_HVF,07/24/2026 3:43:23 PM,8M6HM2_HVF,D1D,1,7886684
D601553,279,GT9AE279JKD2,0,0.017375,0.0417,0.001737,0,0.001737,0,0,0,0,0,0,0,0.001737,,D6015530,PXMG,04/10/2026 11:20:24 AM,FDM410,8M6HM2_HVF,8M6HM2_HVF,07/24/2026 3:43:14 PM,8M6HM2_HVF,D1D,2,7886587
D601516,34,MCK3T034WAA5,0,0.003464,0.022513,0.001732,0.003464,0.005195,0,0.003464,0,0.001732,0,0,0.006927,0.005195,,D6015160,PNCB,04/09/2026 3:50:05 AM,FDM402,8M6HM2_HVF,8M6HM2_HVF,07/24/2026 3:43:40 PM,8M6HM2_HVF,D1D,1,7874436
D601516,35,MCK3T035WAE7,0,0.019049,0.046758,0.001732,0.005195,0.003464,0,0,0,0.003464,0,0,0.001732,0.001732,,D6015160,PNCB,04/09/2026 3:50:05 AM,FDM402,8M6HM2_HVF,8M6HM2_HVF,07/24/2026 3:43:37 PM,8M6HM2_HVF,D1D,2,7874645
D601541,305,GT5VX305JKB6,0,0.001737,0.012162,0.001737,0,0,0,0.003475,0,0.003475,0,0,0.005212,0.00695,,D6015410,PXMG,04/09/2026 5:27:45 AM,FDM402,8M6HM2_HVF,8M6HM2_HVF,07/24/2026 3:43:33 PM,8M6HM2_HVF,D1D,1,7869572
D601541,306,GT5VX306JKG0,0,0.0139,0.008687,0.003475,0,0.003475,0,0.003475,0,0.003475,0,0,0.003475,0.003475,,D6015410,PXMG,04/09/2026 5:27:45 AM,FDM402,8M6HM2_HVF,8M6HM2_HVF,07/24/2026 3:43:40 PM,8M6HM2_HVF,D1D,2,7869434
D601549,201,MCK3U201WAC4,0,0.00695,0.012162,0.003475,0.005212,0.0139,0,0,0,0.003475,0.001737,0,0,0.003475,,D6015490,PXMG,04/08/2026 11:28:44 PM,FDM404,8M6HM2_HVF,8M6HM2_HVF,07/24/2026 3:43:49 PM,8M6HM2_HVF,D1D,1,7886767
D601549,207,MCK3U207WAF7,0,0.00695,0.012162,0.001737,0,0,0,0,0,0,0,0,0.001737,0,,D6015490,PXMG,04/08/2026 11:28:44 PM,FDM404,8M6HM2_HVF,8M6HM2_HVF,07/24/2026 3:43:57 PM,8M6HM2_HVF,D1D,2,7886578
D601533,2,KJ7HC002WFH1,0,0.021474,0.053685,0.001732,0.001732,0.006927,0,0,0,0.006234,0.005195,0,0,0.005195,0,D6015330,PNCB,04/09/2026 8:14:20 PM,FDM408,8M6HM2_HVF,8M6HM2_HVF,07/24/2026 3:43:35 PM,8M6HM2_HVF,D1D,1,7879993
D601533,3,KJ7HC003WFE0,0,0.005195,0.022513,0,0.005195,0.005195,0,0.001732,0,0.001732,0.001732,0,0.006927,0.001732,,D6015330,PNCB,04/09/2026 8:14:20 PM,FDM408,8M6HM2_HVF,8M6HM2_HVF,07/24/2026 3:43:30 PM,8M6HM2_HVF,D1D,2,7879904
D601505,233,MCK3U233WAC3,0,0.006927,0.015586,0,0.003464,0.008659,0,0.003464,0,0.003464,0.003464,0,0.003464,0.008659,,D6015050,PNCB,04/08/2026 2:44:58 AM,FDM408,8M6HM2_HVF,8M6HM2_HVF,07/24/2026 3:44:45 PM,8M6HM2_HVF,D1D,1,7873012
D601505,237,MCK3U237WAE5,0,0.010391,0.017318,0.001732,0.001732,0.005195,0,0.001732,0,0.001732,0,0,0.001732,0.003464,,D6015050,PNCB,04/08/2026 2:44:58 AM,FDM408,8M6HM2_HVF,8M6HM2_HVF,07/24/2026 3:44:35 PM,8M6HM2_HVF,D1D,2,7872983
D601505,243,MCK3U243WAG7,0,0.003464,0.008659,0,0.005195,0.008659,0,0.001732,0,0,0,0,0,0.008659,,D6015050,PNCB,04/08/2026 2:44:58 AM,FDM408,8M6HM2_HVF,8M6HM2_HVF,07/24/2026 3:44:27 PM,8M6HM2_HVF,D1D,3,7873090
D601505,265,MCK3U265WAC2,0,0.008659,0.013854,0,0.005195,0.006927,0,0.001732,0,0.003464,0.010391,0,0.003464,0.010391,,D6015050,PNCB,04/08/2026 2:44:58 AM,FDM408,8M6HM2_HVF,8M6HM2_HVF,07/24/2026 3:44:19 PM,8M6HM2_HVF,D1D,4,7872872
D601505,293,MCK3U293WAH2,0,0.001732,0.012122,0.001732,0.001732,0.012122,0,0,0,0.003464,0,0,0,0,,D6015050,PNCB,04/08/2026 2:44:58 AM,FDM408,8M6HM2_HVF,8M6HM2_HVF,07/24/2026 3:44:33 PM,8M6HM2_HVF,D1D,5,7873044
D601505,300,MCK3U300WAE6,0,0.013854,0.013854,0.001732,0,0.008659,0,0,0,0.001732,0,0,0.003464,0.003464,,D6015050,PNCB,04/08/2026 2:44:58 AM,FDM408,8M6HM2_HVF,8M6HM2_HVF,07/24/2026 3:44:13 PM,8M6HM2_HVF,D1D,6,7872959
D601543,554,MCJ1P554WAD2,0,0.008687,0.026062,0.005212,0,0.003475,0,0,0,0,0,0,0.015637,0,,D6015430,PXMG,04/07/2026 8:43:00 AM,FDM408,8M6HM2_HVF,8M6HM2_HVF,07/24/2026 3:44:41 PM,8M6HM2_HVF,D1D,1,7869452
D601543,560,MCJ1P560WAF4,0,0.032144,0.053341,0,0.001737,0.005039,0,0.001737,0,0.001737,0.005039,0,0.010425,0.001737,0,D6015430,PXMG,04/07/2026 8:43:00 AM,FDM408,8M6HM2_HVF,8M6HM2_HVF,07/24/2026 3:44:26 PM,8M6HM2_HVF,D1D,2,7869380
D601543,562,MCJ1P562WAG5,0,0.012162,0.046043,0,0.001737,0.006429,0,0.01112,0,0.01112,0,0,0.005212,0,0,D6015430,PXMG,04/07/2026 8:43:00 AM,FDM408,8M6HM2_HVF,8M6HM2_HVF,07/24/2026 3:44:35 PM,8M6HM2_HVF,D1D,3,7869476
D601543,567,MCJ1P567WAF6,0,0.015464,0.042568,0.003996,0,0.008687,0,0.005212,0,0.008687,0.002259,0,0.012162,0.001737,0,D6015430,PXMG,04/07/2026 8:43:00 AM,FDM408,8M6HM2_HVF,8M6HM2_HVF,08/02/2026 2:54:03 AM,8M6HM2_HVF,D1D,4,7869635
D601543,572,MCJ1P572WAD6,0,0.022587,0.026062,0.005212,0,0.003475,0,0.001737,0,0.003475,0,0.001737,0.0139,0.005212,,D6015430,PXMG,04/07/2026 8:43:00 AM,FDM408,8M6HM2_HVF,8M6HM2_HVF,07/24/2026 3:44:50 PM,8M6HM2_HVF,D1D,5,7869625
D601543,602,MCJ1P602WAA7,0,0.010946,0.040831,0.008687,0.015637,0,0,0.003649,0,0.005212,0.001911,0,0.005212,0.001737,0,D6015430,PXMG,04/07/2026 8:43:00 AM,FDM408,8M6HM2_HVF,8M6HM2_HVF,07/24/2026 3:44:54 PM,8M6HM2_HVF,D1D,6,7869544
D601559,19,A23UP019SLB5,0,0.009198,0.010936,0.003679,0,0.003679,0,0,0,0.00184,0,0,0.027493,0.009198,0,D6015590,PXMG,04/07/2026 3:13:04 AM,FDM410,8M6HM2_HVF,8M6HM2_HVF,07/24/2026 3:44:15 PM,8M6HM2_HVF,D1D,1,7889923
D601559,21,A23UP021SLB5,0,0.008687,0.008687,0,0,0.017375,0,0.003475,0,0,0,0,0.00695,0.003475,,D6015590,PXMG,04/07/2026 3:13:04 AM,FDM410,8M6HM2_HVF,8M6HM2_HVF,07/24/2026 3:44:04 PM,8M6HM2_HVF,D1D,2,7889766
D601561,32,GT9FQ032JKG2,0,0.012162,0.039962,0.003475,0,0.001737,0,0.001737,0,0.001737,0.005212,0,0.005212,0.001737,,D6015610,PXMG,04/06/2026 5:23:03 PM,FDM404,8M6HM2_HVF,8M6HM2_HVF,07/24/2026 3:44:06 PM,8M6HM2_HVF,D1D,1,7889828
D601561,36,GT9FQ036JKB1,0,0.0139,0.024325,0,0.001737,0.003475,0,0.001737,0,0.005212,0,0,0,0.005212,,D6015610,PXMG,04/06/2026 5:23:03 PM,FDM404,8M6HM2_HVF,8M6HM2_HVF,07/24/2026 3:44:10 PM,8M6HM2_HVF,D1D,2,7889925
D601539,404,KJ7HB404WFE3,0,0.02363,0.043611,0.001737,0.001737,0.007471,0,0,0,0.010425,0.003475,0,0.003475,0.003475,0,D6015390,PXMG,04/07/2026 6:43:55 AM,FDM408,8M6HM2_HVF,8M6HM2_HVF,07/24/2026 3:44:04 PM,8M6HM2_HVF,D1D,1,7869448
D601539,410,KJ7HB410WFG5,0,0.008687,0.029537,0,0,0.003475,0,0,0,0.001737,0,0,0,0,,D6015390,PXMG,04/07/2026 6:43:55 AM,FDM408,8M6HM2_HVF,8M6HM2_HVF,07/24/2026 3:44:00 PM,8M6HM2_HVF,D1D,2,7869455
D602588,16,KJ7KK016WFD6,0,0.012122,0.024245,0.003464,0.001732,0.003464,0,0.006927,0,0,0,0,0.001732,0,,D6025880,PNCB,04/12/2026 12:18:22 AM,FDM406,8M6HM2_HVF,8M6HM2_HVF,07/24/2026 3:43:01 PM,8M6HM2_HVF,D1D,1,7914924
D602588,19,KJ7KK019WFB6,0,0.010391,0.020781,0,0,0,0,0.003464,0,0.005195,0,0,0.001732,0,,D6025880,PNCB,04/12/2026 12:18:22 AM,FDM406,8M6HM2_HVF,8M6HM2_HVF,07/24/2026 3:42:49 PM,8M6HM2_HVF,D1D,2,7914799
D602581,11,A26PH011SLG7,0,0.008659,0.053685,0.005195,0.001732,0.006927,0,0.005195,0,0.003464,0.005195,0,0.001732,0.006927,,D6025810,PNCB,04/12/2026 12:29:58 AM,FDM402,8M6HM2_HVF,8M6HM2_HVF,07/24/2026 3:42:55 PM,8M6HM2_HVF,D1D,1,7914365
D602581,13,A26PH013SLA5,0,0.012303,0.067142,0,0,0.008839,0,0,0,0.001768,0,0,0,0,0,D6025810,PNCB,04/12/2026 12:29:58 AM,FDM402,8M6HM2_HVF,8M6HM2_HVF,07/24/2026 3:42:59 PM,8M6HM2_HVF,D1D,2,7914356
D552346,260,GT9FQ260JKC1,0,0,0.013339,0,0.001906,0.011266,0,0.003811,0,0.019056,0,0,0.011434,0,0,D5523460,PXMG,04/12/2026 7:33:51 PM,FDM410,8M6HM2_HVF,8M6HM2_HVF,07/24/2026 3:42:44 PM,8M6HM2_HVF,D1D,1,7851668
D552346,261,GT9FQ261JKG3,0,0.014555,0.034469,0,0,0.003876,0,0.001938,0,0.001938,0.001938,0,0.007752,0.008246,0,D5523460,PXMG,04/12/2026 7:33:51 PM,FDM410,8M6HM2_HVF,8M6HM2_HVF,07/24/2026 3:42:50 PM,8M6HM2_HVF,D1D,2,7851557
D602109,26,KJ7KK026WFA7,0,0.0139,0.0278,0,0.001737,0.003475,0,0.001737,0,0.001737,0,0,0.008687,0.005212,,D6021090,PXMG,04/12/2026 3:53:33 PM,FDM410,8M6HM2_HVF,8M6HM2_HVF,07/24/2026 3:42:43 PM,8M6HM2_HVF,D1D,1,7907792
D602109,27,KJ7KK027WFF1,0,0.015637,0.033012,0,0,0.001737,0,0,0,0.00695,0.001737,0,0,0.001737,,D6021090,PXMG,04/12/2026 3:53:33 PM,FDM410,8M6HM2_HVF,8M6HM2_HVF,07/24/2026 3:42:49 PM,8M6HM2_HVF,D1D,2,7907743
D601530,183,KJ6TN183WFD5,0,0.017692,0.043073,0.001772,0,0.003544,0,0.01772,0,0.003544,0.002944,0,0.003544,0.011804,0,D6015300,PNCB,04/12/2026 8:43:08 PM,FDM404,8M6HM2_HVF,8M6HM2_HVF,07/24/2026 3:42:51 PM,8M6HM2_HVF,D1D,1,7879879
D601530,196,KJ6TN196WFG1,0,0.008659,0.008659,0,0,0.012122,0,0.020781,0,0.006927,0,0,0.005195,0.003464,,D6015300,PNCB,04/12/2026 8:43:08 PM,FDM404,8M6HM2_HVF,8M6HM2_HVF,07/24/2026 3:42:46 PM,8M6HM2_HVF,D1D,2,7879693
D601544,341,KJ7HB341WFD1,0,0.008687,0.0417,0.003475,0,0.00695,0,0.001737,0,0.003475,0,0.001737,0,0.001737,,D6015440,PXMG,04/13/2026 8:17:50 AM,FDM410,8M6HM2_HVF,8M6HM2_HVF,07/24/2026 3:42:44 PM,8M6HM2_HVF,D1D,1,7883437
D601544,342,KJ7HB342WFA0,0,0.012162,0.022587,0.001737,0.001737,0.017375,0,0.005212,0,0.001737,0,0,0.001737,0.003475,,D6015440,PXMG,04/13/2026 8:17:50 AM,FDM410,8M6HM2_HVF,8M6HM2_HVF,07/24/2026 3:42:31 PM,8M6HM2_HVF,D1D,2,7883507
D552340,659,GU6EW659JDB1,0,0.02085,0.078187,0.001737,0.001737,0.008687,0,0,0,0.00695,0,0,0.005212,0.003475,,D5523400,PXMG,04/18/2026 3:10:22 PM,FDM408,8M6HM2_HVF,8M6HM2_HVF,07/24/2026 3:40:58 PM,8M6HM2_HVF,D1D,1,7849071
D552340,665,GU6EW665JDD3,0,0.012162,0.033012,0.003475,0,0.001737,0,0.005212,0,0.008687,0.001737,0,0.003475,0.003475,,D5523400,PXMG,04/18/2026 3:10:22 PM,FDM408,8M6HM2_HVF,8M6HM2_HVF,07/24/2026 3:41:04 PM,8M6HM2_HVF,D1D,2,7849312
D601546,158,5DXAI158MVD3,0,0.018417,0.022935,0.00417,0,0.001737,0,0.007645,0,0.002432,0,0,0.001737,0.001737,0,D6015460,PXMG,04/18/2026 2:25:27 PM,FDM408,8M6HM2_HVF,8M6HM2_HVF,07/24/2026 3:36:28 PM,8M6HM2_HVF,D1D,1,7883422
D601546,171,5DXAI171MVE6,0,0.0139,0.019112,0,0,0.010425,0,0.001737,0,0.005212,0,0,0.003475,0,,D6015460,PXMG,04/18/2026 2:25:27 PM,FDM408,8M6HM2_HVF,8M6HM2_HVF,07/24/2026 3:41:04 PM,8M6HM2_HVF,D1D,2,7883545
D602583,276,KJ7YN276WFF6,0,0.037623,0.01065,0.019482,0.001948,0.068491,0,0.008096,0,0.015586,0.002251,0,0.010044,0.0042,0,D6025830,PNCB,04/17/2026 10:50:05 AM,FDM404,8M6HM2_HVF,8M6HM2_HVF,07/24/2026 3:41:18 PM,8M6HM2_HVF,D1D,1,7914443
D602583,306,KJ7YN306WFC7,0,0.008659,0.020781,0.003464,0,0.001732,0,0,0,0.012122,0,0,0.001732,0,,D6025830,PNCB,04/17/2026 10:50:05 AM,FDM404,8M6HM2_HVF,8M6HM2_HVF,07/24/2026 3:41:30 PM,8M6HM2_HVF,D1D,2,7914325
D602584,364,KJ7YQ364WFA3,0,0.012122,0.017318,0,0,0.006927,0,0.006927,0,0,0,0,0,0,,D6025840,PNCB,04/17/2026 10:01:59 AM,FDM404,8M6HM2_HVF,8M6HM2_HVF,07/24/2026 3:41:23 PM,8M6HM2_HVF,D1D,1,7914534
D602584,385,KJ7YQ385WFG2,0,0.021128,0.042255,0,0,0.001732,0,0.004156,0,0.003464,0,0,0.001732,0.001732,0,D6025840,PNCB,04/17/2026 10:01:59 AM,FDM404,8M6HM2_HVF,8M6HM2_HVF,07/24/2026 3:41:30 PM,8M6HM2_HVF,D1D,2,7914635
D601563,85,GT9FQ085JKE5,0,0.010425,0.008687,0.001737,0,0.003475,0,0.005212,0,0.008687,0,0,0.003475,0.00695,,D6015630,PXMG,04/18/2026 11:38:50 PM,FDM410,8M6HM2_HVF,8M6HM2_HVF,08/01/2026 7:39:34 AM,8M6HM2_HVF,D1D,1,7889751
D601563,87,GT9FQ087JKF6,0,0.008687,0.008687,0.003475,0,0.010425,0,0,0,0.015637,0,0,0.003475,0,,D6015630,PXMG,04/18/2026 11:38:50 PM,FDM410,8M6HM2_HVF,8M6HM2_HVF,08/01/2026 12:02:38 PM,8M6HM2_HVF,D1D,2,7889892
D602105,10,KJ7YR010WFA6,0,0.00695,0.017375,0.001737,0,0.010425,0,0.010425,0.003475,0.008687,0,0,0.005212,0.003475,,D6021050,PXMG,04/17/2026 6:11:07 AM,FDM408,8M6HM2_HVF,8M6HM2_HVF,07/27/2026 4:00:34 AM,8M6HM2_HVF,D1D,1,7907833
D602105,29,KJ7YR029WFG5,0,0.005212,0.012162,0,0.001737,0.003475,0,0.001737,0.001737,0.001737,0,0,0.005212,0,,D6021050,PXMG,04/17/2026 6:11:07 AM,FDM408,8M6HM2_HVF,8M6HM2_HVF,07/26/2026 2:45:27 PM,8M6HM2_HVF,D1D,2,7907804
D601545,146,5DXBG146MVA0,0,0.00695,0.00695,0.001737,0,0.003475,0,0.003475,0,0,0,0,0.005212,0.001737,,D6015450,PXMG,04/17/2026 5:26:15 AM,FDM402,8M6HM2_HVF,8M6HM2_HVF,07/24/2026 3:41:35 PM,8M6HM2_HVF,D1D,1,7883554
D601545,149,5DXBG149MVF3,0,0.001737,0.017375,0.003475,0.001737,0.010425,0,0.005212,0,0.001737,0,0,0.005212,0.001737,,D6015450,PXMG,04/17/2026 5:26:15 AM,FDM402,8M6HM2_HVF,8M6HM2_HVF,07/24/2026 3:41:23 PM,8M6HM2_HVF,D1D,2,7883410
D602104,4,KJ7KK004WFF4,0,0.011467,0.0278,0.001737,0,0.003475,0,0.001737,0,0,0,0,0.014247,0.007297,0,D6021040,PXMG,04/14/2026 2:53:07 PM,FDM406,8M6HM2_HVF,8M6HM2_HVF,07/24/2026 3:43:08 PM,8M6HM2_HVF,D1D,1,7907507
D602104,21,KJ7KK021WFB6,0,0.012162,0.024325,0,0,0.005212,0,0,0,0.001737,0,0,0.017375,0.001737,,D6021040,PXMG,04/14/2026 2:53:07 PM,FDM406,8M6HM2_HVF,8M6HM2_HVF,07/24/2026 3:42:25 PM,8M6HM2_HVF,D1D,2,7907584
D602104,22,KJ7KK022WFG0,0,0.003475,0.015637,0.001737,0,0.003475,0,0.003475,0,0.005212,0,0,0.001737,0.012162,,D6021040,PXMG,04/14/2026 2:53:07 PM,FDM406,8M6HM2_HVF,8M6HM2_HVF,07/24/2026 3:43:17 PM,8M6HM2_HVF,D1D,3,7907523
D602104,25,KJ7KK025WFE0,0,0.017375,0.017375,0,0,0.001737,0,0.00695,0,0.001737,0,0.001737,0,0.00695,,D6021040,PXMG,04/14/2026 2:53:07 PM,FDM406,8M6HM2_HVF,8M6HM2_HVF,07/24/2026 3:42:55 PM,8M6HM2_HVF,D1D,4,7907552
D602104,52,KJ7KL052WFF1,0,0.009035,0.048997,0,0,0.001737,0,0,0,0.006255,0.001737,0,0.003475,0.005212,0,D6021040,PXMG,04/14/2026 2:53:07 PM,FDM406,8M6HM2_HVF,8M6HM2_HVF,07/24/2026 3:43:02 PM,8M6HM2_HVF,D1D,5,7907652
D602104,55,KJ7KL055WFD1,0,0.008687,0.024325,0.005212,0,0.003475,0,0.003475,0,0,0.001737,0,0.010425,0.005212,,D6021040,PXMG,04/14/2026 2:53:07 PM,FDM406,8M6HM2_HVF,8M6HM2_HVF,07/24/2026 3:42:18 PM,8M6HM2_HVF,D1D,6,7907517
D552349,255,KJ7HW255WFD7,0,0.005212,0.017375,0,0,0.005212,0,0,0,0.005212,0,0.001737,0,0,,D5523490,PXMG,04/15/2026 4:31:22 PM,FDM406,8M6HM2_HVF,8M6HM2_HVF,07/24/2026 3:42:12 PM,8M6HM2_HVF,D1D,1,7852672
D552349,256,KJ7HW256WFA6,0,0.00695,0.012162,0,0,0.001737,0,0.003475,0,0.005212,0,0,0,0.001737,,D5523490,PXMG,04/15/2026 4:31:22 PM,FDM406,8M6HM2_HVF,8M6HM2_HVF,07/24/2026 3:42:24 PM,8M6HM2_HVF,D1D,2,7852694
D552349,257,KJ7HW257WFF0,0,0.010772,0.041352,0,0,0.003475,0,0.003475,0,0.003475,0,0,0,0,0,D5523490,PXMG,04/15/2026 4:31:22 PM,FDM406,8M6HM2_HVF,8M6HM2_HVF,07/24/2026 3:42:00 PM,8M6HM2_HVF,D1D,3,7852640
D552349,260,KJ7HW260WFB7,0,0.003475,0.010425,0.001737,0,0,0,0,0,0.001737,0,0,0,0.001737,,D5523490,PXMG,04/15/2026 4:31:22 PM,FDM406,8M6HM2_HVF,8M6HM2_HVF,07/24/2026 3:42:06 PM,8M6HM2_HVF,D1D,4,7852706
D552350,207,KJ7HH207WFG3,0,0.00695,0.065373,0.003475,0,0.005212,0,0.005212,0,0.005212,0.001737,0,0.003475,0.007602,0,D5523500,PXMG,04/14/2026 11:51:22 PM,FDM402,8M6HM2_HVF,8M6HM2_HVF,07/24/2026 3:42:20 PM,8M6HM2_HVF,D1D,1,7851703
D552350,209,KJ7HH209WFA1,0,0.016883,0.104474,0.019235,0,0.011764,0,0.004706,0,0.004706,0,0,0.009411,0.01647,0,D5523500,PXMG,04/14/2026 11:51:22 PM,FDM402,8M6HM2_HVF,8M6HM2_HVF,07/24/2026 3:42:25 PM,8M6HM2_HVF,D1D,2,7851590
D601527,201,A25J0201SLB2,0,0.015586,0.008659,0.003464,0,0.001732,0,0.003464,0,0,0,0,0.006927,0,,D6015270,PNCB,04/15/2026 8:05:51 AM,FDM402,8M6HM2_HVF,8M6HM2_HVF,07/24/2026 3:42:06 PM,8M6HM2_HVF,D1D,1,7877557
D601527,205,A25J0205SLD4,0,0.010391,0.02182,0,0,0,0,0,0,0.003464,0.002424,0,0.003464,0.003464,0,D6015270,PNCB,04/15/2026 8:05:51 AM,FDM402,8M6HM2_HVF,8M6HM2_HVF,07/24/2026 3:42:12 PM,8M6HM2_HVF,D1D,2,7877553
D601525,201,GT5VX201JKA3,0,0.012526,0.030421,0.001789,0,0.005368,0,0.001789,0,0,0,0.001732,0,0.001789,0,D6015250,PNCB,04/16/2026 8:30:25 AM,FDM402,8M6HM2_HVF,8M6HM2_HVF,07/24/2026 3:41:41 PM,8M6HM2_HVF,D1D,1,7877900
D601525,202,GT5VX202JKE5,0,0.006927,0.041562,0,0,0.001732,0,0.003464,0,0.003464,0,0,0.001732,0.001732,,D6015250,PNCB,04/16/2026 8:30:25 AM,FDM402,8M6HM2_HVF,8M6HM2_HVF,07/24/2026 3:41:51 PM,8M6HM2_HVF,D1D,2,7878017
D601495,352,GT6QX352JKF6,0,0.009853,0.0378,0.001971,0.001971,0.011824,0,0.007883,0,0.005912,0.001971,0,0.001971,0.007166,0,D6014950,PNCB,04/19/2026 9:50:54 AM,FDM406,8M6HM2_HVF,8M6HM2_HVF,07/24/2026 3:40:58 PM,8M6HM2_HVF,D1D,1,7869600
D601495,355,GT6QX355JKD6,0,0.005195,0.017318,0.001732,0,0.001732,0,0.001732,0,0.005195,0,0.001732,0.001732,0,,D6014950,PNCB,04/19/2026 9:50:54 AM,FDM406,8M6HM2_HVF,8M6HM2_HVF,07/24/2026 3:40:52 PM,8M6HM2_HVF,D1D,2,7869601
D552348,22,KJ7HG022WFC7,0,0.013488,0.036464,0.001829,0,0.01646,0,0.001829,0,0.012803,0,0.001829,0,0.002172,0,D5523480,PXMG,04/19/2026 1:17:19 AM,FDM410,8M6HM2_HVF,8M6HM2_HVF,07/24/2026 3:41:06 PM,8M6HM2_HVF,D1D,1,7852631
D552348,127,KJ7HG127WFB1,0,0.008687,0.017375,0.005212,0.001737,0.005212,0,0,0,0.00695,0,0,0,0,,D5523480,PXMG,04/19/2026 1:17:19 AM,FDM410,8M6HM2_HVF,8M6HM2_HVF,07/24/2026 3:40:58 PM,8M6HM2_HVF,D1D,2,7852625
D602108,239,KJ7KE239WFG6,0,0.005212,0.003475,0.008687,0.003475,0.005212,0,0.003475,0,0.003475,0,0,0.010425,0.003475,,D6021080,PXMG,04/19/2026 7:22:42 PM,FDM408,8M6HM2_HVF,8M6HM2_HVF,07/24/2026 3:40:40 PM,8M6HM2_HVF,D1D,1,7907494
D602108,249,KJ7KE249WFD7,0,0.010077,0.05838,0.001737,0.001737,0.005212,0,0.00834,0,0.001737,0,0,0.00834,0.001737,0,D6021080,PXMG,04/19/2026 7:22:42 PM,FDM408,8M6HM2_HVF,8M6HM2_HVF,07/24/2026 3:40:33 PM,8M6HM2_HVF,D1D,2,7907709
D602102,4,A26LJ004SLD7,0,0.003475,0.024325,0.001737,0,0.005212,0,0.001737,0,0.003475,0.003475,0,0.003475,0.001737,,D6021020,PXMG,04/25/2026 8:00:10 PM,FDM410,8M6HM2_HVF,8M6HM2_HVF,08/01/2026 1:35:46 AM,8M6HM2_HVF,D1D,1,7905140
D602102,5,A26LJ005SLA6,0,0.010425,0.015637,0,0,0.001737,0,0.003475,0,0.012162,0,0.001737,0,0.001737,,D6021020,PXMG,04/25/2026 8:00:10 PM,FDM410,8M6HM2_HVF,8M6HM2_HVF,08/01/2026 7:55:56 AM,8M6HM2_HVF,D1D,2,7905085
D601564,6,GT9FQ006JKC3,0,0.008687,0.017375,0,0,0.001737,0,0.001737,0,0.003475,0.001737,0,0.00695,0.005212,,D6015640,PXMG,05/02/2026 5:19:10 AM,FDM410,8M6HM2_HVF,8M6HM2_HVF,07/26/2026 1:26:39 PM,8M6HM2_HVF,D1D,1,7891187
D601564,7,GT9FQ007JKG5,0,0.003475,0.0139,0.003475,0.001737,0.003475,0,0.003475,0,0,0,0,0.00695,0.005212,,D6015640,PXMG,05/02/2026 5:19:10 AM,FDM410,8M6HM2_HVF,8M6HM2_HVF,07/26/2026 1:26:40 PM,8M6HM2_HVF,D1D,2,7891133
D552989,19,A25G7019SLF5,0,0.0167,0.056775,0.001911,0,0.004293,0,0.002146,0,0.002146,0,0,0.006204,0.001911,0,D5529890,PXMG,05/03/2026 9:02:13 AM,FDM406,8M6HM2_HVF,8M6HM2_HVF,07/26/2026 1:26:38 PM,8M6HM2_HVF,D1D,1,7866534
D552989,20,A25G7020SLB3,0,0.01529,0.070542,0,0,0.010425,0,0,0,0,0.005328,0,0,0.002664,0,D5529890,PXMG,05/03/2026 9:02:13 AM,FDM406,8M6HM2_HVF,8M6HM2_HVF,07/26/2026 1:26:28 PM,8M6HM2_HVF,D1D,2,7866506
D552347,206,GT9FQ206JKA5,0,0.02085,0.017375,0.003475,0.001737,0.005212,0,0.005212,0,0.0278,0.003475,0.001737,0.003475,0.005212,,D5523470AN,PXMG,05/09/2026 6:15:43 AM,FDM408,8M6HM2_HVF,8M6HM2_HVF,08/09/2026 2:11:06 PM,8M6HM2_HVF,D1D,1,8572405
D552347,208,GT9FQ208JKB6,0,0.019112,0.022587,0.005212,0,0.015637,0,0.001737,0,0.036487,0.001737,0,0.001737,0.008687,,D5523470AN,PXMG,05/09/2026 6:15:43 AM,FDM408,8M6HM2_HVF,8M6HM2_HVF,08/09/2026 4:35:24 PM,8M6HM2_HVF,D1D,2,8572373
D552347,205,GT9FQ205JKD6,0,0.008687,0.010425,0.003475,0.001737,0.00695,0,0.003475,0,0.003475,0.001737,0,0.003475,0,,D5523470,PXMG,05/09/2026 8:55:56 AM,FDM410,8M6HM2_HVF,8M6HM2_HVF,08/09/2026 2:08:23 PM,8M6HM2_HVF,D1D,1,7851673
D552347,207,GT9FQ207JKE7,0,0.00695,0.0139,0.001737,0,0.022587,0,0,0,0.017375,0.001737,0,0,0.001737,,D5523470,PXMG,05/09/2026 8:55:56 AM,FDM410,8M6HM2_HVF,8M6HM2_HVF,08/10/2026 7:19:58 AM,8M6HM2_HVF,D1D,2,7851685
D552347,209,GT9FQ209JKG0,0,0.008687,0.010425,0,0,0.010425,0,0.001737,0,0.015637,0.001737,0,0.001737,0,,D5523470,PXMG,05/09/2026 7:17:43 AM,FDM410,8M6HM2_HVF,8M6HM2_HVF,08/09/2026 4:45:54 AM,8M6HM2_HVF,D1D,3,7851715
D552347,212,GT9FQ212JKC7,0,0.003475,0.010425,0.001737,0.001737,0.003475,0,0,0,0.008687,0.001737,0,0.001737,0,,D5523470,PXMG,05/09/2026 7:17:43 AM,FDM410,8M6HM2_HVF,8M6HM2_HVF,07/26/2026 1:26:15 PM,8M6HM2_HVF,D1D,4,7851736
D529528,127,GP5MY127JKA6,0,0.012122,0.003464,0.001732,0,0,0,0,0,0.001732,0,0,0.015586,0.001732,,D5295280,PNCB,03/07/2026 3:05:08 PM,FDM406,8M6HM2_HVF,8M6HM2_HVF,07/24/2026 3:26:02 PM,8M6HM2_HVF,D1D,1,7041461
D529528,128,GP5MY128JKF0,0,0.010391,0.010391,0.001732,0,0.001732,0,0.001732,0,0.001732,0,0,0.012122,0.001732,,D5295280,PNCB,03/07/2026 3:05:08 PM,FDM406,8M6HM2_HVF,8M6HM2_HVF,07/24/2026 3:25:54 PM,8M6HM2_HVF,D1D,2,7041433
D530630,183,GP1WY183JKD6,0,0.010391,0.024245,0.001732,0,0.006927,0,0.003464,0,0.001732,0,0,0,0.001732,,D5306300,PNCB,03/05/2026 1:08:16 AM,FDM408,8M6HM2_HVF,8M6HM2_HVF,07/24/2026 3:26:41 PM,8M6HM2_HVF,D1D,1,7090144
D530630,184,GP1WY184JKA5,0,0.015586,0.006927,0,0,0.010391,0,0,0,0,0.003464,0,0,0.001732,,D5306300,PNCB,03/05/2026 1:08:16 AM,FDM408,8M6HM2_HVF,8M6HM2_HVF,07/24/2026 3:26:47 PM,8M6HM2_HVF,D1D,2,7090076
D539098,453,MCE1P453WAF2,0,0.012122,0.019049,0.003464,0,0.001732,0,0.001732,0,0.008659,0,0,0,0.006927,,D5390980,PNCB,03/05/2026 2:52:34 AM,FDM408,8M6HM2_HVF,8M6HM2_HVF,07/24/2026 3:26:43 PM,8M6HM2_HVF,D1D,1,7396218
D539098,622,MCEFN622WAD6,0,0.013854,0.025976,0.003464,0,0.020781,0,0.001732,0,0.003464,0,0,0,0,,D5390980,PNCB,03/05/2026 2:52:34 AM,FDM408,8M6HM2_HVF,8M6HM2_HVF,07/24/2026 3:26:34 PM,8M6HM2_HVF,D1D,2,7396247
D539111,340,MCEUR340WAB6,0,0.008687,0.019112,0.005212,0.001737,0.00695,0,0.00695,0,0.001737,0,0,0.003475,0.00695,,D5391110,PXMG,03/04/2026 11:43:09 PM,FDM402,8M6HM2_HVF,8M6HM2_HVF,07/24/2026 3:26:59 PM,8M6HM2_HVF,D1D,1,7389429
D539111,373,MCEUR373WAF7,0,0.005212,0.0139,0.001737,0,0.008687,0,0,0,0.00695,0.001737,0.001737,0.005212,0,,D5391110,PXMG,03/04/2026 11:43:09 PM,FDM402,8M6HM2_HVF,8M6HM2_HVF,07/24/2026 3:26:47 PM,8M6HM2_HVF,D1D,2,7389405
D530626,226,GN9KR226JKB3,0,0.005937,0.030182,0.001979,0.003958,0.001979,0,0,0,0.005937,0.001979,0,0,0,0,D5306260,PNCB,03/05/2026 9:52:12 AM,FDM408,8M6HM2_HVF,8M6HM2_HVF,07/24/2026 3:26:26 PM,8M6HM2_HVF,D1D,1,7084158
D530626,227,GN9KR227JKF5,0,0.017318,0.020781,0,0,0.024245,0,0.003464,0,0.005195,0,0,0,0.001732,,D5306260,PNCB,03/05/2026 9:52:12 AM,FDM408,8M6HM2_HVF,8M6HM2_HVF,07/24/2026 3:26:37 PM,8M6HM2_HVF,D1D,2,7084218
D531147,17,A11E2017SLD5,0,0.025284,0.0665,0.003464,0,0,0,0.001732,0,0.003464,0,0,0.003464,0.001732,0,D5311470,PNCB,03/04/2026 5:10:53 AM,FDM410,8M6HM2_HVF,8M6HM2_HVF,07/24/2026 3:27:11 PM,8M6HM2_HVF,D1D,1,7111973
D531147,118,A10HY118SLG5,0,0.008659,0.020781,0,0.001732,0.003464,0,0.001732,0,0.001732,0.001732,0,0.001732,0.003464,,D5311470,PNCB,03/04/2026 5:10:53 AM,FDM410,8M6HM2_HVF,8M6HM2_HVF,07/24/2026 3:27:05 PM,8M6HM2_HVF,D1D,2,7111971
D525173,137,A11E2137SLE3,0,0.003464,0.015586,0,0,0,0,0,0,0.003464,0,0,0.001732,0.003464,,D5251730,PNCB,03/04/2026 6:14:54 PM,FDM410,8M6HM2_HVF,8M6HM2_HVF,07/24/2026 3:26:53 PM,8M6HM2_HVF,D1D,1,6878235
D525173,138,A10HY138SLA7,0,0.001732,0.027708,0.001732,0,0.001732,0,0.003464,0,0.006927,0,0,0,0.003464,,D5251730,PNCB,03/04/2026 6:14:54 PM,FDM410,8M6HM2_HVF,8M6HM2_HVF,07/24/2026 3:26:50 PM,8M6HM2_HVF,D1D,2,6878291
D532283,552,GP8YF552JKB7,0,0.006927,0.019049,0.003464,0.001732,0.003464,0,0,0,0.005195,0,0,0.001732,0,,D5322830,PNCB,03/04/2026 7:51:06 PM,FDM410,8M6HM2_HVF,8M6HM2_HVF,07/24/2026 3:26:56 PM,8M6HM2_HVF,D1D,1,7150857
D532283,553,GP8YF553JKG1,0,0.012892,0.026361,0.001732,0.001732,0.003464,0,0.001732,0,0.005965,0.002501,0.001732,0,0.004233,0,D5322830,PNCB,03/04/2026 7:51:06 PM,FDM410,8M6HM2_HVF,8M6HM2_HVF,07/24/2026 3:26:47 PM,8M6HM2_HVF,D1D,2,7150880
D532273,22,A1YQA022SLA2,0,0.012122,0.046758,0.001732,0,0.005195,0,0.003464,0,0.005195,0.003464,0,0,0.005195,,D5322730,PNCB,03/04/2026 5:41:06 PM,FDM402,8M6HM2_HVF,8M6HM2_HVF,07/24/2026 3:26:48 PM,8M6HM2_HVF,D1D,1,7147954
D532273,92,A1YP9092SLD5,0,0.008659,0.041562,0,0,0.003464,0,0.003464,0,0.001732,0.001732,0,0.008659,0.001732,,D5322730,PNCB,03/04/2026 5:41:06 PM,FDM402,8M6HM2_HVF,8M6HM2_HVF,07/24/2026 3:26:56 PM,8M6HM2_HVF,D1D,2,7147967
D539102,41,MCEMR041WAG6,0,0.019112,0.0278,0.001737,0,0.010425,0,0,0,0.008687,0.003475,0,0,0.005212,,D5391020,PXMG,03/01/2026 5:16:07 PM,FDM402,8M6HM2_HVF,8M6HM2_HVF,07/24/2026 3:27:50 PM,8M6HM2_HVF,D1D,1,7392111
D539102,51,MCEMR051WAD7,0,0.063683,0.017715,0,0,0.001775,0,0.003551,0,0.003513,0,0.001775,0.001775,0.001775,0,D5391020,PXMG,03/01/2026 5:16:07 PM,FDM402,8M6HM2_HVF,8M6HM2_HVF,07/24/2026 3:27:46 PM,8M6HM2_HVF,D1D,2,7392070
D528921,266,KHUUW266WFE1,0,0.028747,0.027016,0,0,0.005888,0,0,0,0.005195,0.005888,0.001732,0.005195,0.001732,0,D5289210,PNCB,03/07/2026 1:53:57 PM,FDM402,8M6HM2_HVF,8M6HM2_HVF,07/24/2026 3:26:01 PM,8M6HM2_HVF,D1D,1,7019521
D528921,315,KHUUW315WFG0,0,0.008659,0.024245,0,0,0.005195,0,0,0,0.001732,0.003464,0.003464,0.003464,0.008659,,D5289210,PNCB,03/07/2026 1:53:57 PM,FDM402,8M6HM2_HVF,8M6HM2_HVF,07/24/2026 3:25:53 PM,8M6HM2_HVF,D1D,2,7019526
D531174,43,KHZ0G043WFB7,0,0.026669,0.087974,0.003464,0,0.005195,0,0.005195,0,0,0.006581,0.003464,0.001732,0.001732,0,D5311740,PNCB,03/07/2026 11:45:59 PM,FDM406,8M6HM2_HVF,8M6HM2_HVF,07/24/2026 3:25:53 PM,8M6HM2_HVF,D1D,1,7116915
D531174,402,KHZ0K402WFH1,0,0.020781,0.077929,0.001732,0,0.008659,0,0,0,0.003464,0.001732,0,0.003464,0.001732,,D5311740,PNCB,03/07/2026 11:45:59 PM,FDM406,8M6HM2_HVF,8M6HM2_HVF,07/24/2026 3:25:58 PM,8M6HM2_HVF,D1D,2,7117097
D529969,78,A1HK3078SLA4,0,0.001732,0.003464,0.001732,0,0.001732,0,0.005195,0,0.003464,0.001732,0,0.001732,0.001732,,D5299690,PNCB,03/13/2026 3:31:05 AM,FDM408,8M6HM2_HVF,8M6HM2_HVF,07/24/2026 3:24:07 PM,8M6HM2_HVF,D1D,1,7062108
D529969,235,A1JE7235SLG7,0,0.006927,0.003464,0,0,0,0,0.001732,0,0.001732,0,0,0,0.001732,,D5299690,PNCB,03/13/2026 3:31:05 AM,FDM408,8M6HM2_HVF,8M6HM2_HVF,07/24/2026 3:23:55 PM,8M6HM2_HVF,D1D,2,7062160
D532245,564,GQ0VB564JKE3,0,0.010391,0.017318,0,0.001732,0.005195,0,0,0,0.008659,0,0,0.001732,0,,D5322450,PNCB,03/14/2026 7:47:42 AM,FDM408,8M6HM2_HVF,8M6HM2_HVF,07/24/2026 3:23:48 PM,8M6HM2_HVF,D1D,1,7141274
D532245,608,GQ0VB608JKA7,0,0.015586,0.025976,0.001732,0,0.001732,0,0.005195,0,0.001732,0,0.005195,0,0.008659,,D5322450,PNCB,03/14/2026 7:47:42 AM,FDM408,8M6HM2_HVF,8M6HM2_HVF,07/24/2026 3:23:46 PM,8M6HM2_HVF,D1D,2,7141281
D532268,27,A1YP9027SLA6,0,0.035942,0.010652,0.001797,0,0.0215,0,0.001797,0,0.021565,0,0,0,0.007188,0,D5322680,PNCB,03/13/2026 4:53:11 AM,FDM408,8M6HM2_HVF,8M6HM2_HVF,07/24/2026 3:24:08 PM,8M6HM2_HVF,D1D,1,7147835
D532268,28,A1YP9028SLF0,0,0.008659,0.017318,0,0,0.001732,0,0.001732,0,0.001732,0,0,0.005195,0,,D5322680,PNCB,03/13/2026 4:53:11 AM,FDM408,8M6HM2_HVF,8M6HM2_HVF,07/24/2026 3:24:01 PM,8M6HM2_HVF,D1D,2,7147839
D529949,298,A1KHD298SLD3,0,0.010391,0.012122,0.003464,0,0.005195,0,0,0,0.008659,0,0,0.003464,0.001732,,D5299490,PNCB,03/12/2026 9:49:08 PM,FDM410,8M6HM2_HVF,8M6HM2_HVF,07/24/2026 3:24:13 PM,8M6HM2_HVF,D1D,1,7061926
D529949,300,A1KHD300SLB6,0,0.010564,0.024072,0.005195,0.001732,0.001732,0,0.003464,0,0.001732,0,0,0,0.001732,0,D5299490,PNCB,03/12/2026 9:49:08 PM,FDM410,8M6HM2_HVF,8M6HM2_HVF,07/24/2026 3:24:10 PM,8M6HM2_HVF,D1D,2,7061928
D535524,536,GQ2TU536JKE2,0,0.008659,0.017318,0.003464,0,0.005195,0,0.003464,0,0.003464,0.001732,0,0.001732,0,,D5355240,PNCB,03/11/2026 12:56:36 AM,FDM402,8M6HM2_HVF,8M6HM2_HVF,07/24/2026 3:24:55 PM,8M6HM2_HVF,D1D,1,7250612
D535524,537,GQ2TU537JKB1,0,0.008659,0.022513,0,0,0,0,0.003464,0,0.005195,0.001732,0,0.001732,0.001732,,D5355240,PNCB,03/11/2026 12:56:36 AM,FDM402,8M6HM2_HVF,8M6HM2_HVF,07/24/2026 3:24:44 PM,8M6HM2_HVF,D1D,2,7250627
D531176,566,KHZ0E566WFD6,0,0.019049,0.015586,0,0.001732,0.006927,0,0.003464,0,0.003464,0.003464,0,0,0.003464,,D5311760,PNCB,03/11/2026 11:36:00 AM,FDM406,8M6HM2_HVF,8M6HM2_HVF,07/24/2026 3:24:30 PM,8M6HM2_HVF,D1D,1,7116753
D531176,570,KHZ0E570WFE7,0,0.006927,0.027708,0,0,0.001732,0,0.001732,0,0.001732,0,0,0,0,,D5311760,PNCB,03/11/2026 11:36:00 AM,FDM406,8M6HM2_HVF,8M6HM2_HVF,07/24/2026 3:24:31 PM,8M6HM2_HVF,D1D,2,7116768
D521925,652,KHQQR652WFC0,0,0.031172,0.067539,0.003464,0,0.006927,0,0.001732,0,0.008659,0.005195,0,0.001732,0.005195,0,D5219250,PNCB,03/09/2026 7:28:06 PM,FDM404,8M6HM2_HVF,8M6HM2_HVF,07/24/2026 3:25:15 PM,8M6HM2_HVF,D1D,1,6763138
D521925,675,KHQQR675WFB5,0,0.003464,0.024245,0.006927,0.003464,0,0,0,0,0,0,0,0.001732,0.003464,,D5219250,PNCB,03/09/2026 7:28:06 PM,FDM404,8M6HM2_HVF,8M6HM2_HVF,07/24/2026 3:25:14 PM,8M6HM2_HVF,D1D,2,6763158
D531146,526,GQ1US526JKA1,0,0.012122,0.019049,0,0,0.001732,0,0.006927,0,0.005195,0.001732,0,0.003464,0.010391,,D5311460,PNCB,03/08/2026 1:37:49 AM,FDM402,8M6HM2_HVF,8M6HM2_HVF,07/24/2026 3:25:57 PM,8M6HM2_HVF,D1D,1,7107756
D531146,527,GQ1US527JKE3,0,0.016971,0.020435,0.001732,0,0.005888,0,0.001732,0,0,0.001732,0,0.001732,0.001732,0,D5311460,PNCB,03/08/2026 1:37:49 AM,FDM402,8M6HM2_HVF,8M6HM2_HVF,07/24/2026 3:25:54 PM,8M6HM2_HVF,D1D,2,7107759
D530616,419,GP0RU419JKG2,0,0.010391,0.093515,0.001732,0,0.006927,0,0.005195,0,0.005195,0.001732,0.001732,0.001732,0.003464,,D5306160,PNCB,03/08/2026 3:26:38 AM,FDM402,8M6HM2_HVF,8M6HM2_HVF,07/24/2026 3:25:42 PM,8M6HM2_HVF,D1D,1,7082881
D530616,420,GP0RU420JKC0,0,0.013854,0.05888,0.001732,0,0.006927,0,0.001732,0,0.008659,0,0,0.001732,0.008659,,D5306160,PNCB,03/08/2026 3:26:38 AM,FDM402,8M6HM2_HVF,8M6HM2_HVF,07/24/2026 3:25:45 PM,8M6HM2_HVF,D1D,2,7082967
D530619,590,GP2SB590JKC6,0,0.024245,0.071002,0,0,0.006927,0,0.003464,0,0.003464,0.001732,0,0,0.008659,,D5306190,PNCB,03/08/2026 1:56:58 PM,FDM402,8M6HM2_HVF,8M6HM2_HVF,07/24/2026 3:25:40 PM,8M6HM2_HVF,D1D,1,7084319
D530619,591,GP2SB591JKH0,0,0.010391,0.081393,0,0,0.008659,0,0.003464,0,0.003464,0,0,0,0,,D5306190,PNCB,03/08/2026 1:56:58 PM,FDM402,8M6HM2_HVF,8M6HM2_HVF,07/24/2026 3:25:45 PM,8M6HM2_HVF,D1D,2,7084237
D528415,10,KHW9N010WFH0,0,0.012122,0.032904,0.001732,0,0.006927,0,0.003464,0,0.006927,0,0,0,0,,D5284150,PNCB,03/08/2026 12:04:20 PM,FDM402,8M6HM2_HVF,8M6HM2_HVF,07/24/2026 3:25:39 PM,8M6HM2_HVF,D1D,1,7001893
D528415,15,KHW9N015WFG1,0,0.013854,0.048489,0,0,0.003464,0,0.001732,0,0.003464,0,0,0.005195,0.003464,0,D5284150,PNCB,03/08/2026 12:04:20 PM,FDM402,8M6HM2_HVF,8M6HM2_HVF,07/24/2026 3:25:49 PM,8M6HM2_HVF,D1D,2,7001845
D532266,401,GP8YF401JKF4,0,0.015586,0.010391,0,0,0.008659,0,0.006927,0,0,0,0,0,0,,D5322660,PNCB,03/08/2026 7:30:05 PM,FDM402,8M6HM2_HVF,8M6HM2_HVF,07/24/2026 3:25:46 PM,8M6HM2_HVF,D1D,1,7146535
D532266,531,GP8YF531JKD3,0,0.012122,0.012122,0,0,0.012122,0,0,0,0.008659,0,0,0.001732,0.005195,,D5322660,PNCB,03/08/2026 7:30:05 PM,FDM402,8M6HM2_HVF,8M6HM2_HVF,07/24/2026 3:25:39 PM,8M6HM2_HVF,D1D,2,7146378
D531152,245,KHZ0H245WFB5,0,0.010391,0.032904,0,0.001732,0.001732,0,0.003464,0,0,0,0,0,0.001732,,D531152A,PNCB,03/18/2026 12:45:45 AM,FDM404,8M6HM2_HVF,8M6HM2_HVF,07/24/2026 3:22:39 PM,8M6HM2_HVF,D1D,1,7421220
D531152,247,KHZ0H247WFC6,0,0.012122,0.051953,0.005195,0.003464,0.001732,0,0.008659,0,0.003464,0,0,0.003464,0.001732,,D531152A,PNCB,03/18/2026 12:45:45 AM,FDM404,8M6HM2_HVF,8M6HM2_HVF,07/24/2026 3:22:46 PM,8M6HM2_HVF,D1D,2,7421323
D528377,637,KHW9L637WFC7,0,0.030721,0.062066,0,0,0.009282,0,0.008693,0,0.009282,0,0,0,0.004641,0,D5283770,PNCB,03/18/2026 6:09:34 AM,FDM402,8M6HM2_HVF,8M6HM2_HVF,07/24/2026 3:22:23 PM,8M6HM2_HVF,D1D,1,6990574
D528377,638,KHW9L638WFH1,0,0.012122,0.013854,0.001732,0,0.005195,0,0.003464,0,0.001732,0,0,0.001732,0,,D5283770,PNCB,03/18/2026 6:09:34 AM,FDM402,8M6HM2_HVF,8M6HM2_HVF,07/24/2026 3:22:28 PM,8M6HM2_HVF,D1D,2,6990570
D530608,98,GN9KR098JKG2,0,0.025024,0.066153,0.003572,0,0.007144,0,0,0,0,0.00894,0,0,0,0,D5306080,PNCB,03/17/2026 12:27:18 AM,FDM402,8M6HM2_HVF,8M6HM2_HVF,07/24/2026 3:22:59 PM,8M6HM2_HVF,D1D,1,7082676
D530608,101,GN9KR101JKB4,0,0.025976,0.032904,0.001732,0,0,0,0.003464,0,0.005195,0,0,0.006927,0,,D5306080,PNCB,03/17/2026 12:27:18 AM,FDM402,8M6HM2_HVF,8M6HM2_HVF,07/24/2026 3:22:54 PM,8M6HM2_HVF,D1D,2,7082803
D521936,556,KHQ9E556WFC0,0,0.013854,0.039831,0.001732,0.003464,0.012122,0,0.005195,0,0,0.001732,0,0,0,,D5219360,PNCB,03/18/2026 2:09:34 AM,FDM404,8M6HM2_HVF,8M6HM2_HVF,07/24/2026 3:22:28 PM,8M6HM2_HVF,D1D,1,6763416
D521936,605,KHQ9E605WFD7,0,0.012122,0.022513,0.001732,0,0.006927,0,0.005195,0,0.005195,0.001732,0,0.003464,0.005195,,D5219360,PNCB,03/18/2026 2:09:34 AM,FDM404,8M6HM2_HVF,8M6HM2_HVF,07/24/2026 3:22:35 PM,8M6HM2_HVF,D1D,2,6763428
D531171,86,KHYXQ086WFH0,0,0.034635,0.013854,0,0,0.001732,0,0,0,0,0.006927,0,0,0,,D5311710,PNCB,03/16/2026 12:55:54 PM,FDM408,8M6HM2_HVF,8M6HM2_HVF,07/24/2026 3:23:05 PM,8M6HM2_HVF,D1D,1,7116817
D531171,151,KHYXQ151WFA7,0,0.008659,0.025976,0,0,0.006927,0,0,0,0.001732,0,0,0.001732,0.003464,,D5311710,PNCB,03/16/2026 12:55:54 PM,FDM408,8M6HM2_HVF,8M6HM2_HVF,07/24/2026 3:23:11 PM,8M6HM2_HVF,D1D,2,7116785
D531168,76,A1JC9076SLD4,0,0.005195,0.038099,0.001732,0,0.005195,0,0.005195,0,0.008659,0.001732,0,0.001732,0.006927,,D5311680,PNCB,03/27/2026 4:46:09 PM,FDM406,8M6HM2_HVF,8M6HM2_HVF,07/24/2026 3:20:17 PM,8M6HM2_HVF,D1D,1,7114539
D531168,172,A11E2172SLB1,0,0.006927,0.020781,0.003464,0.001732,0,0,0.001732,0,0.005195,0,0,0.003464,0,,D5311680,PNCB,03/27/2026 4:46:09 PM,FDM406,8M6HM2_HVF,8M6HM2_HVF,07/24/2026 3:20:22 PM,8M6HM2_HVF,D1D,2,7114673
D530599,6,KHYGU006WFC5,0,0.015586,0.032904,0,0.001732,0.006927,0,0,0,0.003464,0.001732,0,0,0.001732,,D5305990,PNCB,03/27/2026 6:01:21 PM,FDM410,8M6HM2_HVF,8M6HM2_HVF,07/24/2026 3:20:06 PM,8M6HM2_HVF,D1D,1,7079967
D530599,45,KHYGU045WFB5,0,0.0142,0.057841,0.001732,0,0.012296,0,0.001732,0,0.010391,0.007447,0,0,0,0,D5305990,PNCB,03/27/2026 6:01:21 PM,FDM410,8M6HM2_HVF,8M6HM2_HVF,07/24/2026 3:20:16 PM,8M6HM2_HVF,D1D,2,7080061
D531153,241,KHYXL241WFB0,0,0.008659,0.012122,0.005195,0,0.001732,0,0.005195,0,0.003464,0,0,0.008659,0.005195,,D5311530,PNCB,03/27/2026 9:54:38 PM,FDM402,8M6HM2_HVF,8M6HM2_HVF,07/24/2026 3:20:12 PM,8M6HM2_HVF,D1D,1,7112326
D531153,243,KHYXL243WFC1,0,0.032904,0.038099,0,0.003464,0.003464,0,0.001732,0,0.001732,0,0,0.005195,0.006927,,D5311530,PNCB,03/27/2026 9:54:38 PM,FDM402,8M6HM2_HVF,8M6HM2_HVF,07/24/2026 3:20:11 PM,8M6HM2_HVF,D1D,2,7112285
D528419,303,KHWJF303WFB5,0,0.014287,0.030739,0.001732,0.001732,0.003464,0,0,0,0.005195,0.003464,0,0.003464,0.001732,0,D5284190,PNCB,03/25/2026 7:36:36 PM,FDM404,8M6HM2_HVF,8M6HM2_HVF,07/24/2026 3:20:31 PM,8M6HM2_HVF,D1D,1,7002303
D528419,310,KHWJF310WFA6,0,0.005195,0.015586,0,0,0.006927,0,0,0,0.001732,0,0,0,0.005195,,D5284190,PNCB,03/25/2026 7:36:36 PM,FDM404,8M6HM2_HVF,8M6HM2_HVF,07/24/2026 3:20:37 PM,8M6HM2_HVF,D1D,2,7002227
D532284,577,GP8YF577JKC5,0,0.001732,0.039831,0.001732,0.001732,0.005195,0,0,0,0.005195,0,0,0.001732,0,,D5322840,PNCB,03/25/2026 5:31:51 AM,FDM408,8M6HM2_HVF,8M6HM2_HVF,07/24/2026 3:20:56 PM,8M6HM2_HVF,D1D,1,7150776
D532284,578,GP8YF578JKG7,0,0.010391,0.027708,0,0.003464,0,0,0.003464,0,0.003464,0,0,0,0.012122,,D5322840,PNCB,03/25/2026 5:31:51 AM,FDM408,8M6HM2_HVF,8M6HM2_HVF,07/24/2026 3:20:52 PM,8M6HM2_HVF,D1D,2,7150610
D536916,535,GQ7JF535JKD2,0,0.005212,0.022587,0.001737,0,0,0,0.001737,0,0.003475,0.001737,0,0.00695,0.001737,,D5369160,PXMG,03/23/2026 4:57:47 AM,FDM404,8M6HM2_HVF,8M6HM2_HVF,07/24/2026 3:21:07 PM,8M6HM2_HVF,D1D,1,7297457
D536916,537,GQ7JF537JKE3,0,0.015933,0.012347,0,0.001774,0,0,0.001774,0.001774,0.005323,0.001774,0,0.053123,0,0,D5369160,PXMG,03/23/2026 4:57:47 AM,FDM404,8M6HM2_HVF,8M6HM2_HVF,07/24/2026 3:21:12 PM,8M6HM2_HVF,D1D,2,7297476
D531140,651,KHZ0E651WFG5,0,0.026734,0.02576,0.004113,0,0.012339,0,0.004113,0,0.080202,0.006169,0.008226,0,0.002056,0,D5311400,PNCB,03/24/2026 3:46:22 AM,FDM404,8M6HM2_HVF,8M6HM2_HVF,07/24/2026 3:20:56 PM,8M6HM2_HVF,D1D,1,7106987
D531140,652,KHZ0E652WFD4,0,0,0.039831,0.001732,0.003464,0,0,0,0,0.003464,0.001732,0,0,0,,D5311400,PNCB,03/24/2026 3:46:22 AM,FDM404,8M6HM2_HVF,8M6HM2_HVF,07/24/2026 3:20:43 PM,8M6HM2_HVF,D1D,2,7106879
D539107,751,GS1YC751JKE4,0,0.001737,0.019112,0,0.003475,0.001737,0,0.001737,0,0.001737,0.001737,0,0,0,,D5391070,PXMG,03/22/2026 10:06:42 PM,FDM408,8M6HM2_HVF,8M6HM2_HVF,07/24/2026 3:21:27 PM,8M6HM2_HVF,D1D,1,7391705
D539107,752,GS1YC752JKB3,0,0.032417,0.046987,0,0,0.020502,0,0.001986,0,0.02842,0,0,0,0,0,D5391070,PXMG,03/22/2026 10:06:42 PM,FDM408,8M6HM2_HVF,8M6HM2_HVF,07/24/2026 3:21:41 PM,8M6HM2_HVF,D1D,2,7391833
D532279,21,MCCYL021WAF5,0,0.008139,0.035718,0.006104,0.010174,0.015976,0,0.006104,0,0.008139,0,0,0.020348,0.065937,0,D5322790,PNCB,03/28/2026 7:11:30 PM,FDM404,8M6HM2_HVF,8M6HM2_HVF,07/24/2026 3:19:54 PM,8M6HM2_HVF,D1D,1,7148505
D532279,26,MCCYL026WAE6,0,0.017318,0.046758,0,0,0.003464,0,0.001732,0,0.003464,0,0,0.003464,0.001732,,D5322790,PNCB,03/28/2026 7:11:30 PM,FDM404,8M6HM2_HVF,8M6HM2_HVF,07/24/2026 3:20:11 PM,8M6HM2_HVF,D1D,2,7148609
D532259,569,KHZ0J569WFD5,0,0.003464,0.031172,0,0,0.003464,0,0.001732,0,0.008659,0,0,0,0,,D5322590,PNCB,03/28/2026 8:21:23 PM,FDM402,8M6HM2_HVF,8M6HM2_HVF,07/24/2026 3:20:03 PM,8M6HM2_HVF,D1D,1,7145323
D532259,571,KHZ0J571WFD5,0,0.012122,0.024245,0,0,0.008659,0,0.001732,0,0.003464,0,0,0.001732,0.003464,,D5322590,PNCB,03/28/2026 8:21:23 PM,FDM402,8M6HM2_HVF,8M6HM2_HVF,07/24/2026 3:19:54 PM,8M6HM2_HVF,D1D,2,7145249
D530629,526,GP0RU526JKE4,0,0.008659,0.031172,0.001732,0,0.003464,0,0.001732,0,0.006927,0.001732,0,0.001732,0,,D5306290,PNCB,03/28/2026 7:56:28 PM,FDM406,8M6HM2_HVF,8M6HM2_HVF,07/24/2026 3:20:03 PM,8M6HM2_HVF,D1D,1,7089742
D530629,527,GP0RU527JKB3,0,0.001732,0.003464,0.001732,0,0.006927,0,0.003464,0,0.003464,0,0,0.012122,0.001732,,D5306290,PNCB,03/28/2026 7:56:28 PM,FDM406,8M6HM2_HVF,8M6HM2_HVF,07/24/2026 3:19:54 PM,8M6HM2_HVF,D1D,2,7089760
D505967,685,GM3PQ685JKB5,0,0.008687,0.038225,0.005212,0.00695,0.003475,0,0.005212,0,0,0,0,0.00695,0.003475,,D5059670,PXMG,04/04/2026 2:51:01 PM,FDM404,8M6HM2_HVF,8M6HM2_HVF,07/24/2026 3:44:35 PM,8M6HM2_HVF,D1D,1,6180631
D505967,686,GM3PQ686JKF7,0,0.012857,0.042395,0.003475,0,0.007124,0,0.003475,0,0.007124,0,0,0.00695,0.010425,0,D5059670,PXMG,04/04/2026 2:51:01 PM,FDM404,8M6HM2_HVF,8M6HM2_HVF,07/24/2026 3:44:41 PM,8M6HM2_HVF,D1D,2,6180708
D535523,811,GP8YG811JKG7,0,0.008659,0.008659,0.001732,0.005195,0.005195,0,0.001732,0,0.006927,0,0,0.006927,0.001732,,D5355230,PNCB,03/30/2026 7:37:46 PM,FDM408,8M6HM2_HVF,8M6HM2_HVF,07/24/2026 3:19:22 PM,8M6HM2_HVF,D1D,1,7250665
D535523,812,GP8YG812JKD6,0,0.013854,0.008659,0.003464,0.001732,0.003464,0,0,0,0.003464,0,0,0.003464,0.003464,,D5355230,PNCB,03/30/2026 7:37:46 PM,FDM408,8M6HM2_HVF,8M6HM2_HVF,07/24/2026 3:19:28 PM,8M6HM2_HVF,D1D,2,7250662
D538954,113,A1XCL113SLD5,0,0.012162,0.0417,0.001737,0.001737,0,0,0,0,0.003475,0,0,0,0.010425,,D538954A,PXMG,03/31/2026 6:59:26 PM,FDM402,8M6HM2_HVF,8M6HM2_HVF,07/24/2026 3:50:09 PM,8M6HM2_HVF,D1D,1,7725295
D538954,151,A1YP9151SLC5,0,0.003475,0.010425,0.001737,0.005212,0.005212,0,0.001737,0,0.001737,0.001737,0,0.001737,0.001737,,D538954A,PXMG,03/31/2026 6:59:26 PM,FDM402,8M6HM2_HVF,8M6HM2_HVF,07/24/2026 3:50:17 PM,8M6HM2_HVF,D1D,2,7725253
D527983,380,GN8XE380JKE6,0,0.02182,0.074119,0.001732,0,0.013161,0,0,0,0.001732,0,0,0,0.001732,0,D5279830,PNCB,04/09/2026 4:27:27 AM,FDM402,8M6HM2_HVF,8M6HM2_HVF,07/24/2026 3:43:41 PM,8M6HM2_HVF,D1D,1,6986258
D527983,381,GN8XE381JKB5,0,0.017318,0.039831,0.001732,0,0.006927,0,0,0,0.003464,0.001732,0,0.001732,0.003464,,D5279830,PNCB,04/09/2026 4:27:27 AM,FDM402,8M6HM2_HVF,8M6HM2_HVF,07/24/2026 3:43:36 PM,8M6HM2_HVF,D1D,2,6986197
D522979,98,MC6XG098WAA6,0,0.012122,0.010391,0.005195,0,0.006927,0,0,0,0.001732,0,0,0.005195,0.006927,,D5229790,PNCB,04/15/2026 3:17:18 AM,FDM410,8M6HM2_HVF,8M6HM2_HVF,07/24/2026 3:42:18 PM,8M6HM2_HVF,D1D,1,6799063
D522979,116,MC6XG116WAH0,0,0.008659,0.032904,0,0.001732,0.001732,0,0.003464,0,0.005195,0,0,0,0.005195,,D5229790,PNCB,04/15/2026 3:17:18 AM,FDM410,8M6HM2_HVF,8M6HM2_HVF,07/24/2026 3:42:12 PM,8M6HM2_HVF,D1D,2,6799018
D531184,414,GQ0VB414JKE7,0,0.030263,0.013768,0.01104,0,0.107283,0,0.013746,0,0.005498,0.013789,0.035761,0.013746,0.002749,0,D531184A,PNCB,04/16/2026 4:43:44 AM,FDM404,8M6HM2_HVF,8M6HM2_HVF,07/24/2026 3:41:35 PM,8M6HM2_HVF,D1D,1,7518392
D531184,415,GQ0VB415JKB6,0,0.017699,0.025018,0.005265,0.00366,0.040512,0,0.007019,0,0.007019,0.00762,0.021058,0.015794,0,0,D531184A,PNCB,04/16/2026 4:43:44 AM,FDM404,8M6HM2_HVF,8M6HM2_HVF,07/24/2026 3:41:48 PM,8M6HM2_HVF,D1D,2,7518474
D533966,231,A0TGW231SLE2,0,0.016279,0.031172,0.003464,0.002078,0.006927,0,0.003464,0,0.009005,0,0,0.002078,0.010391,0,D5339660,PNCB,04/20/2026 9:58:53 PM,FDM410,8M6HM2_HVF,8M6HM2_HVF,07/24/2026 3:40:02 PM,8M6HM2_HVF,D1D,1,7194086
D533966,234,A0TGW234SLC2,0,0.015898,0.021162,0.001766,0.001766,0.015898,0,0,0,0.033423,0.001732,0,0.003533,0.003533,0,D5339660,PNCB,04/20/2026 9:58:53 PM,FDM410,8M6HM2_HVF,8M6HM2_HVF,07/24/2026 3:40:11 PM,8M6HM2_HVF,D1D,2,7194131
D539971,6,A1YV8006SLF1,0,0.012162,0.015637,0,0,0.003475,0,0,0,0,0,0,0.001737,0,,D5399710,PXMG,05/17/2026 5:57:04 PM,FDM404,8M6HM2_HVF,8M6HM2_HVF,07/29/2026 3:57:48 AM,8M6HM2_HVF,D1D,1,7373023
D539971,86,A1ZCP086SLC3,0,0.010425,0.015637,0,0,0.003475,0,0.003475,0,0.003475,0,0,0.003475,0,,D5399710,PXMG,05/17/2026 5:57:04 PM,FDM404,8M6HM2_HVF,8M6HM2_HVF,07/26/2026 1:24:34 PM,8M6HM2_HVF,D1D,2,7372953
D528925,250,KHWJF250WFE7,0,0.003464,0.017318,0.001732,0,0.005195,0,0.003464,0,0.010391,0,0,0,0,,D5289250,PNCB,06/04/2026 4:32:23 AM,FDM410,8M6HM2_HVF,8M6HM2_HVF,07/26/2026 2:23:38 PM,8M6HM2_HVF,D1D,1,8226464
D528925,325,KHWJF325WFE3,0,0.005195,0.013854,0,0,0,0,0,0,0.005195,0,0.001732,0.001732,0,,D5289250,PNCB,06/04/2026 4:32:23 AM,FDM410,8M6HM2_HVF,8M6HM2_HVF,07/26/2026 2:23:33 PM,8M6HM2_HVF,D1D,2,8227885
D537930,306,MCCYN306WAB2,0,0.00695,0.0139,0.003475,0.001737,0.005212,0,0.001737,0,0.003475,0.005212,0,0,0,,D5379300,PXMG,06/11/2026 8:19:08 AM,FDM402,8M6HM2_HVF,8M6HM2_HVF,07/26/2026 2:14:58 PM,8M6HM2_HVF,D1D,1,7320622
D537930,312,MCCYN312WAD4,0,0.005212,0.0139,0.003475,0.001737,0.00695,0,0.00695,0,0.001737,0,0,0.003475,0,,D5379300,PXMG,06/11/2026 8:19:08 AM,FDM402,8M6HM2_HVF,8M6HM2_HVF,07/26/2026 2:18:45 PM,8M6HM2_HVF,D1D,2,7320661
D543956,146,A22NX146SLD6,0,0.03475,0.026062,0.001737,0,0.0139,0,0.001737,0,0,0.001737,0.001737,0.008687,0.003475,,D543956A,PXMG,01/14/2026 4:33:07 AM,FDM410,8M6HM2_HVF,8M6HM2_HVF,03/11/2026 6:10:02 PM,8M6HM2_HVF,D1D,1,7622357
D543956,147,A22NX147SLA5,0,0.042395,0.079924,0,0,0.025715,0,0.001737,0,0,0.003475,0.00417,0.003475,0.00417,0,D543956A,PXMG,01/14/2026 4:33:07 AM,FDM410,8M6HM2_HVF,8M6HM2_HVF,03/11/2026 6:26:27 PM,8M6HM2_HVF,D1D,2,7622607
D543525,486,GS4MH486JKG0,0,0.010425,0.019112,0.001737,0.003475,0.022587,0,0.017375,0,0,0.001737,0.001737,0.003475,0.010425,,D5435250,PXMG,02/28/2026 7:36:45 AM,FDM404,8M6HM2_HVF,8M6HM2_HVF,05/12/2026 11:52:36 PM,8M6HM2_HVF,D1D,1,7519143
D543525,590,GS4MH590JKG2,0,0.010425,0.010425,0,0,0.019112,0,0.001737,0,0,0,0,0.001737,0.005212,,D5435250,PXMG,02/28/2026 7:36:45 AM,FDM404,8M6HM2_HVF,8M6HM2_HVF,05/13/2026 12:17:59 AM,8M6HM2_HVF,D1D,2,7519097
D544613,503,MCE1M503WAC7,0,0.005195,0.017318,0,0.001732,0.005195,0,0.005195,0,0.003464,0,0,0,0.001732,,D5446130,PNCB,03/05/2026 5:59:37 PM,FDM410,8M6HM2_HVF,8M6HM2_HVF,07/24/2026 3:26:34 PM,8M6HM2_HVF,D1D,1,7569396
D544613,524,MCE1M524WAB3,0,0.003464,0.013854,0,0,0.003464,0,0,0,0.001732,0.001732,0,0.001732,0,,D5446130,PNCB,03/05/2026 5:59:37 PM,FDM410,8M6HM2_HVF,8M6HM2_HVF,07/24/2026 3:26:30 PM,8M6HM2_HVF,D1D,2,7569331
D543569,203,A1SUA203SLB7,0,0.003475,0.0139,0,0.001737,0.003475,0,0,0,0.003475,0,0.001737,0.001737,0.001737,,D5435690S,PXMG,03/05/2026 5:07:48 PM,FDM402,8M6HM2_HVF,8M6HM2_HVF,07/24/2026 3:27:05 PM,8M6HM2_HVF,D1D,1,8192621
D543569,205,A1SUA205SLD0,0,0.012162,0.017375,0.00695,0.003475,0.017375,0,0.003475,0,0.003475,0,0,0.001737,0.003475,,D5435690S,PXMG,03/05/2026 5:07:48 PM,FDM402,8M6HM2_HVF,8M6HM2_HVF,07/24/2026 3:27:17 PM,8M6HM2_HVF,D1D,2,8192660
D543569,208,A1SUA208SLB0,0,0.010425,0.010425,0.001737,0.001737,0.001737,0,0.003475,0,0.001737,0,0,0,0.001737,,D5435690S,PXMG,03/05/2026 1:11:13 PM,FDM408,8M6HM2_HVF,8M6HM2_HVF,07/24/2026 3:27:23 PM,8M6HM2_HVF,D1D,3,8192671
D543569,211,A1SUA211SLF2,0,0.015637,0.008687,0,0.001737,0.005212,0,0,0,0.001737,0.001737,0,0,0.003475,,D5435690S,PXMG,03/05/2026 1:11:13 PM,FDM408,8M6HM2_HVF,8M6HM2_HVF,07/24/2026 3:27:02 PM,8M6HM2_HVF,D1D,4,8192619
D543540,241,KJ40T241WFG7,0,0.025302,0.154419,0,0,0,0,0,0,0.010056,0,0,0.253369,0.020763,0,D5435400,PXMG,03/07/2026 12:11:10 AM,FDM404,8M6HM2_HVF,8M6HM2_HVF,07/24/2026 3:26:13 PM,8M6HM2_HVF,D1D,1,7524917
D543540,256,KJ40T256WFD1,0,0.033208,0.031058,0.006212,0.006212,0.098429,0,0.003106,0,0.045153,0,0.037269,0.018157,0.026996,0,D5435400,PXMG,03/07/2026 12:11:10 AM,FDM404,8M6HM2_HVF,8M6HM2_HVF,07/24/2026 3:26:19 PM,8M6HM2_HVF,D1D,2,7524996
D542471,22,KJ39F022WFB5,0,0.001737,0.04865,0,0.001737,0.001737,0,0.003475,0,0,0.002606,0,0.004344,0.001737,0,D5424710,PXMG,03/05/2026 3:24:14 PM,FDM408,8M6HM2_HVF,8M6HM2_HVF,07/24/2026 3:26:31 PM,8M6HM2_HVF,D1D,1,7493076
D542471,26,KJ39F026WFD7,0,0.012162,0.033012,0,0,0.010425,0,0.001737,0,0.003475,0.001737,0,0,0.001737,,D5424710,PXMG,03/05/2026 3:24:14 PM,FDM408,8M6HM2_HVF,8M6HM2_HVF,07/24/2026 3:26:36 PM,8M6HM2_HVF,D1D,2,7493147
D542440,22,A21CB022SLB7,0,0.027708,0.051953,0,0,0.001732,0,0,0,0.005195,0,0,0,0.005195,,D5424400,PNCB,03/07/2026 3:07:43 AM,FDM406,8M6HM2_HVF,8M6HM2_HVF,07/24/2026 3:25:58 PM,8M6HM2_HVF,D1D,1,7487364
D542440,72,A21FC072SLE2,0,0.024245,0.051953,0.001732,0,0.005195,0,0.006927,0,0,0,0,0.005195,0,,D5424400,PNCB,03/07/2026 3:07:43 AM,FDM406,8M6HM2_HVF,8M6HM2_HVF,07/24/2026 3:25:57 PM,8M6HM2_HVF,D1D,2,7487322
D542433,5,KJ3LK005WFF2,0,0.022742,0.086952,0,0.004016,0,0,0.002008,0,0,0.008031,0,0.008031,0.002008,0,D5424330,PXMG,03/05/2026 6:28:59 PM,FDM404,8M6HM2_HVF,8M6HM2_HVF,07/24/2026 3:26:28 PM,8M6HM2_HVF,D1D,1,7484701
D542433,6,KJ3LK006WFC1,0,0.008687,0.043437,0.005212,0.001737,0.003475,0,0.001737,0,0.001737,0.003475,0,0.00695,0,,D5424330,PXMG,03/05/2026 6:28:59 PM,FDM404,8M6HM2_HVF,8M6HM2_HVF,07/24/2026 3:26:36 PM,8M6HM2_HVF,D1D,2,7484684
D543569,201,A1SUA201SLA6,0,0.00695,0.003475,0,0,0.005212,0,0.001737,0,0,0,0.001737,0.005212,0.003475,,D5435690,PXMG,03/02/2026 10:22:36 PM,FDM404,8M6HM2_HVF,8M6HM2_HVF,07/24/2026 3:27:36 PM,8M6HM2_HVF,D1D,1,7528771
D543569,202,A1SUA202SLF0,0,0.008687,0.0139,0.003475,0,0.00695,0,0.003475,0,0,0,0,0.00695,0.001737,,D5435690,PXMG,03/02/2026 10:22:36 PM,FDM404,8M6HM2_HVF,8M6HM2_HVF,07/24/2026 3:27:30 PM,8M6HM2_HVF,D1D,2,7528903
D542445,340,GT0MD340JKG2,0,0.005195,0.040523,0.008659,0.008659,0.001732,0,0,0,0.001732,0.005715,0,0.006927,0.023032,0,D5424450,PNCB,03/04/2026 1:59:09 AM,FDM410,8M6HM2_HVF,8M6HM2_HVF,07/24/2026 3:27:30 PM,8M6HM2_HVF,D1D,1,7487792
D542445,341,GT0MD341JKD1,0,0.001732,0.010391,0,0,0.006927,0,0.005195,0,0.003464,0,0.001732,0.005195,0.003464,,D5424450,PNCB,03/04/2026 1:59:09 AM,FDM410,8M6HM2_HVF,8M6HM2_HVF,07/24/2026 3:27:44 PM,8M6HM2_HVF,D1D,2,7487775
D542445,342,GT0MD342JKA0,0,0.002489,0.004979,0.037341,0.012447,0,0,0.002489,0,0.004221,0,0.002489,0.111266,0.026626,0,D5424450,PNCB,03/04/2026 1:59:09 AM,FDM410,8M6HM2_HVF,8M6HM2_HVF,07/24/2026 3:17:46 PM,8M6HM2_HVF,D1D,3,7487839
D542445,343,GT0MD343JKE2,0,0.012122,0.046758,0,0,0.005195,0,0,0,0.003464,0,0.001732,0.008659,0.005195,0,D5424450,PNCB,03/04/2026 1:59:09 AM,FDM410,8M6HM2_HVF,8M6HM2_HVF,07/24/2026 3:27:38 PM,8M6HM2_HVF,D1D,4,7487749
D542445,344,GT0MD344JKB1,0,0.009352,0.028747,0.001732,0.008659,0.008659,0,0.001732,0,0.003464,0.003464,0,0.001732,0.022513,0,D5424450,PNCB,03/04/2026 1:59:09 AM,FDM410,8M6HM2_HVF,8M6HM2_HVF,07/24/2026 3:27:24 PM,8M6HM2_HVF,D1D,5,7487789
D542445,345,GT0MD345JKF3,0,0.012122,0.015586,0,0,0.005195,0,0,0,0.005195,0,0,0.001732,0.003464,,D5424450,PNCB,03/04/2026 1:59:09 AM,FDM410,8M6HM2_HVF,8M6HM2_HVF,07/24/2026 3:27:52 PM,8M6HM2_HVF,D1D,6,7487785
D543956,126,A22NX126SLC1,0,0.00695,0.015637,0.001737,0,0,0,0,0,0.003475,0,0,0.003475,0.003475,,D5439560,PXMG,03/04/2026 6:24:56 PM,FDM404,8M6HM2_HVF,8M6HM2_HVF,07/24/2026 3:26:56 PM,8M6HM2_HVF,D1D,1,7544743
D543956,128,A22NX128SLD2,0,0.003475,0.031275,0.005212,0.001737,0,0,0,0,0.001737,0,0.003475,0,0.00695,,D5439560,PXMG,03/04/2026 6:24:56 PM,FDM404,8M6HM2_HVF,8M6HM2_HVF,07/24/2026 3:26:47 PM,8M6HM2_HVF,D1D,2,7544691
D541923,11,KJ3LK011WFA1,0,0.0139,0.00695,0.003475,0,0.010425,0,0.001737,0,0.003475,0.001737,0,0,0.005212,,D5419230,PXMG,03/04/2026 10:24:56 PM,FDM404,8M6HM2_HVF,8M6HM2_HVF,07/24/2026 3:26:54 PM,8M6HM2_HVF,D1D,1,7477613
D541923,15,KJ3LK015WFC3,0,0.013748,0.029754,0,0,0.004105,0,0.005538,0,0.00821,0.003692,0,0.007384,0.00923,0,D5419230,PXMG,03/04/2026 10:24:56 PM,FDM404,8M6HM2_HVF,8M6HM2_HVF,07/24/2026 3:26:48 PM,8M6HM2_HVF,D1D,2,7477633
D543525,591,GS4MH591JKD1,0,0.015637,0.0139,0,0.005212,0.003475,0,0.001737,0,0.005212,0,0.001737,0.001737,0.001737,,D5435250V,PXMG,03/01/2026 7:53:49 PM,FDM402,8M6HM2_HVF,8M6HM2_HVF,07/24/2026 3:27:46 PM,8M6HM2_HVF,D1D,1,8185219
D543525,593,GS4MH593JKE2,0,0.010425,0.033012,0,0.005212,0.00695,0,0.001737,0,0.008687,0.005212,0.001737,0,0.003475,,D5435250V,PXMG,03/01/2026 7:53:49 PM,FDM402,8M6HM2_HVF,8M6HM2_HVF,07/24/2026 3:27:48 PM,8M6HM2_HVF,D1D,2,8185243
D542446,451,GT1MH451JKC6,0,0.012122,0.010391,0.001732,0.001732,0.006927,0,0.003464,0,0,0.001732,0.001732,0.006927,0.010391,,D5424460,PNCB,03/01/2026 1:47:55 AM,FDM410,8M6HM2_HVF,8M6HM2_HVF,07/24/2026 3:28:04 PM,8M6HM2_HVF,D1D,1,7488256
D542446,452,GT1MH452JKH0,0,0.010391,0.005195,0.003464,0,0.005195,0,0.001732,0,0,0,0.001732,0.001732,0.001732,,D5424460,PNCB,03/01/2026 1:47:55 AM,FDM410,8M6HM2_HVF,8M6HM2_HVF,07/24/2026 3:28:07 PM,8M6HM2_HVF,D1D,2,7488267
D541302,589,MCEFN589WAC3,0,0.003464,0.019049,0,0,0.001732,0,0.001732,0,0.005195,0,0,0.003464,0,,D5413020,PNCB,03/04/2026 6:07:15 AM,FDM404,8M6HM2_HVF,8M6HM2_HVF,07/24/2026 3:27:07 PM,8M6HM2_HVF,D1D,1,7442899
D541302,600,MCEFN600WAB0,0,0.010391,0.022513,0,0,0.008659,0,0.005195,0,0.006927,0.001732,0,0.001732,0.008659,,D5413020,PNCB,03/04/2026 6:07:15 AM,FDM404,8M6HM2_HVF,8M6HM2_HVF,07/24/2026 3:27:13 PM,8M6HM2_HVF,D1D,2,7442961
D540989,318,GQ9FQ318JKE5,0,0.0139,0.022587,0,0.00695,0,0,0,0,0,0,0.005212,0.003475,0,,D5409890,PXMG,03/01/2026 9:19:11 AM,FDM404,8M6HM2_HVF,8M6HM2_HVF,07/24/2026 3:27:57 PM,8M6HM2_HVF,D1D,1,7433656
D540989,327,GQ9FQ327JKE7,0,0.007623,0.046869,0.007623,0,0,0,0.007623,0,0,0,0,0.585294,0,0,D5409890,PXMG,03/01/2026 9:19:11 AM,FDM404,8M6HM2_HVF,8M6HM2_HVF,07/24/2026 3:28:04 PM,8M6HM2_HVF,D1D,2,7433518
D544114,635,KJ3NG635WFD2,0,0.006602,0.042047,0.003475,0,0,0,0.008687,0,0.003475,0,0,0,0.001737,0,D5441140,PXMG,03/01/2026 9:26:11 PM,FDM404,8M6HM2_HVF,8M6HM2_HVF,07/24/2026 3:27:46 PM,8M6HM2_HVF,D1D,1,7554991
D544114,641,KJ3NG641WFF4,0,0.008108,0.025483,0,0,0.0139,0,0,0,0,0,0,0,0.006371,0,D5441140,PXMG,03/01/2026 9:26:11 PM,FDM404,8M6HM2_HVF,8M6HM2_HVF,07/24/2026 3:27:48 PM,8M6HM2_HVF,D1D,2,7554939
D542435,99,KJ39G099WFE2,0,0.005212,0.003475,0.001737,0,0.0139,0,0,0,0,0,0,0.005212,0.015637,,D5424350,PXMG,03/02/2026 12:12:24 PM,FDM410,8M6HM2_HVF,8M6HM2_HVF,07/24/2026 3:27:42 PM,8M6HM2_HVF,D1D,1,7484852
D542435,145,KJ39G145WFA6,0,0.012162,0.0139,0.001737,0,0.00695,0,0,0,0.001737,0,0,0.003475,0.001737,,D5424350,PXMG,03/02/2026 12:12:24 PM,FDM410,8M6HM2_HVF,8M6HM2_HVF,07/24/2026 3:27:33 PM,8M6HM2_HVF,D1D,2,7484679
D543530,551,GS4MH551JKH2,0,0.008687,0.017375,0.001737,0.0139,0.001737,0,0,0,0,0,0,0.001737,0.03475,,D5435300,PXMG,03/07/2026 3:48:20 PM,FDM402,8M6HM2_HVF,8M6HM2_HVF,07/24/2026 3:25:58 PM,8M6HM2_HVF,D1D,1,7521171
D543530,552,GS4MH552JKE1,0,0.005212,0.008687,0.005212,0,0,0,0.001737,0,0.005212,0,0,0.001737,0,,D5435300,PXMG,03/07/2026 3:48:20 PM,FDM402,8M6HM2_HVF,8M6HM2_HVF,07/24/2026 3:25:55 PM,8M6HM2_HVF,D1D,2,7521098
D542935,266,KJ40T266WFA2,0,0.012162,0.03475,0.001737,0,0.003475,0,0,0,0.003475,0.001737,0,0.005212,0,,D5429350,PXMG,03/13/2026 9:06:34 AM,FDM408,8M6HM2_HVF,8M6HM2_HVF,07/24/2026 3:23:55 PM,8M6HM2_HVF,D1D,1,7509084
D542935,278,KJ40T278WFF7,0,0.028991,0.085385,0.001787,0,0.032168,0,0.005361,0,0,0.003574,0.016084,0,0.007347,0,D5429350,PXMG,03/13/2026 9:06:34 AM,FDM408,8M6HM2_HVF,8M6HM2_HVF,07/24/2026 3:24:01 PM,8M6HM2_HVF,D1D,2,7509019
D544118,319,KJ3ND319WFF3,0,0.017375,0.022587,0.001737,0,0.003475,0,0.001737,0,0.003475,0.001737,0.003475,0.001737,0.003475,,D5441180,PXMG,03/12/2026 4:01:48 AM,FDM404,8M6HM2_HVF,8M6HM2_HVF,07/24/2026 3:24:25 PM,8M6HM2_HVF,D1D,1,7558106
D544118,324,KJ3ND324WFD3,0,0.012162,0.02085,0,0,0.008687,0,0.005212,0,0.008687,0,0.001737,0,0.005212,,D5441180,PXMG,03/12/2026 4:01:48 AM,FDM404,8M6HM2_HVF,8M6HM2_HVF,07/24/2026 3:24:31 PM,8M6HM2_HVF,D1D,2,7557986
D541338,62,A20L0062SLB3,0,0.00695,0.005212,0.001737,0.001737,0.005212,0,0.001737,0,0.00695,0,0,0,0,,D5413380,PXMG,03/12/2026 11:29:07 AM,FDM410,8M6HM2_HVF,8M6HM2_HVF,07/24/2026 3:24:25 PM,8M6HM2_HVF,D1D,1,7447215
D541338,67,A20L0067SLA4,0,0.00695,0.008687,0,0,0.005212,0,0.005212,0,0,0,0,0.003475,0.001737,,D5413380,PXMG,03/12/2026 11:29:07 AM,FDM410,8M6HM2_HVF,8M6HM2_HVF,07/24/2026 3:24:32 PM,8M6HM2_HVF,D1D,2,7447093
D544101,244,KJ41M244WFF2,0,0.007446,0.018864,0.001903,0.001903,0,0,0.001903,0,0.003806,0,0,0.00364,0.005709,0,D5441010,PXMG,03/12/2026 11:30:12 AM,FDM406,8M6HM2_HVF,8M6HM2_HVF,07/24/2026 3:24:25 PM,8M6HM2_HVF,D1D,1,7552835
D544101,260,KJ41M260WFE5,0,0.0139,0.017375,0.001737,0,0.005212,0,0,0,0.003475,0.005212,0.001737,0.005212,0.003475,,D5441010,PXMG,03/12/2026 11:30:12 AM,FDM406,8M6HM2_HVF,8M6HM2_HVF,07/24/2026 3:24:18 PM,8M6HM2_HVF,D1D,2,7552797
D543966,103,KJ41H103WFE1,0,0.019112,0.008687,0.001737,0,0.003475,0,0.005212,0,0.001737,0.001737,0,0,0,,D543966A,PXMG,03/10/2026 2:32:23 PM,FDM408,8M6HM2_HVF,8M6HM2_HVF,07/24/2026 3:24:54 PM,8M6HM2_HVF,D1D,1,7572404
D543966,112,KJ41H112WFE3,0,0.008687,0.02085,0.003475,0,0.00695,0,0.001737,0,0.010425,0,0,0.001737,0.001737,,D543966A,PXMG,03/10/2026 2:32:23 PM,FDM408,8M6HM2_HVF,8M6HM2_HVF,07/24/2026 3:24:49 PM,8M6HM2_HVF,D1D,2,7572381
D540188,2,KJ29Y002WFF2,0,0.00695,0.022587,0,0,0,0,0,0,0.001737,0.003475,0,0,0.003475,,D5401880,PXMG,03/10/2026 6:43:49 PM,FDM408,8M6HM2_HVF,8M6HM2_HVF,07/24/2026 3:24:49 PM,8M6HM2_HVF,D1D,1,7405841
D540188,5,KJ29Y005WFD2,0,0.009035,0.025541,0.001737,0,0.001737,0,0.003475,0,0.001737,0.001737,0,0,0.005386,0,D5401880,PXMG,03/10/2026 6:43:49 PM,FDM408,8M6HM2_HVF,8M6HM2_HVF,07/24/2026 3:24:50 PM,8M6HM2_HVF,D1D,2,7405871
D544106,551,GR8XT551JDE6,0,0.010425,0.019112,0,0,0.001737,0,0,0,0.010425,0.001737,0,0,0,,D5441060,PXMG,03/11/2026 5:21:36 AM,FDM408,8M6HM2_HVF,8M6HM2_HVF,07/24/2026 3:24:38 PM,8M6HM2_HVF,D1D,1,7554414
D544106,553,GR8XT553JDF7,0,0.00695,0.0417,0.003475,0,0.001737,0,0,0,0.001737,0,0,0,0.001737,0,D5441060,PXMG,03/11/2026 5:21:36 AM,FDM408,8M6HM2_HVF,8M6HM2_HVF,07/24/2026 3:24:44 PM,8M6HM2_HVF,D1D,2,7554498
D542939,128,GS4VR128JKG1,0,0.012162,0.015637,0.001737,0,0,0,0.003475,0,0.005212,0.010425,0,0.001737,0.001737,,D5429390,PXMG,03/11/2026 3:39:23 AM,FDM408,8M6HM2_HVF,8M6HM2_HVF,07/24/2026 3:24:32 PM,8M6HM2_HVF,D1D,1,7513147
D542939,129,GS4VR129JKD0,0,0,0.005212,0.001737,0,0.001737,0,0.001737,0,0.00695,0.001737,0,0.005212,0.001737,,D5429390,PXMG,03/11/2026 3:39:23 AM,FDM408,8M6HM2_HVF,8M6HM2_HVF,07/24/2026 3:24:43 PM,8M6HM2_HVF,D1D,2,7513158
D544620,17,MCEMQ017WAD5,0,0.010425,0.0139,0.008687,0.00695,0.001737,0,0,0,0.008687,0,0,0.017375,0.086874,,D5446200,PXMG,03/10/2026 8:16:33 PM,FDM410,8M6HM2_HVF,8M6HM2_HVF,07/24/2026 3:24:49 PM,8M6HM2_HVF,D1D,1,7569433
D544620,19,MCEMQ019WAE6,0,0.003475,0.003475,0.010425,0.005212,0,0,0.00695,0,0.001737,0,0,0.005212,0.02085,,D5446200,PXMG,03/10/2026 8:16:33 PM,FDM410,8M6HM2_HVF,8M6HM2_HVF,07/24/2026 3:24:53 PM,8M6HM2_HVF,D1D,2,7569372
D543555,104,GS4VR104JKC2,0,0.005212,0.010425,0.0139,0.003475,0.008687,0,0.008687,0,0.00695,0,0.001737,0.00695,0.005212,,D5435550T,PXMG,03/09/2026 9:13:59 AM,FDM402,8M6HM2_HVF,8M6HM2_HVF,07/24/2026 3:25:21 PM,8M6HM2_HVF,D1D,1,8223876
D543555,105,GS4VR105JKG4,0,0.005212,0.00695,0.001737,0.001737,0.001737,0,0.003475,0,0.005212,0.003475,0.001737,0.005212,0,,D5435550T,PXMG,03/09/2026 9:13:59 AM,FDM402,8M6HM2_HVF,8M6HM2_HVF,07/24/2026 3:25:45 PM,8M6HM2_HVF,D1D,2,8223894
D543555,109,GS4VR109JKB3,0,0.01588,0.008081,0.003758,0.004041,0.008081,0,0.004041,0,0.006061,0.00202,0,0.027719,0.014142,0,D5435550T,PXMG,03/09/2026 7:34:29 AM,FDM410,8M6HM2_HVF,8M6HM2_HVF,07/24/2026 3:26:14 PM,8M6HM2_HVF,D1D,3,8223895
D543555,111,GS4VR111JKB3,0,0.017375,0.019112,0.00695,0.003475,0.019112,0,0.003475,0,0.005212,0.003475,0.001737,0,0.005212,,D5435550T,PXMG,03/09/2026 7:34:29 AM,FDM410,8M6HM2_HVF,8M6HM2_HVF,07/24/2026 3:25:51 PM,8M6HM2_HVF,D1D,4,8223877
D542474,43,A20HR043SLE6,0,0.021197,0.009035,0.002085,0,0.007297,0,0.001737,0,0.001737,0.001737,0,0.010772,0.001737,0,D5424740,PXMG,03/10/2026 1:52:00 AM,FDM408,8M6HM2_HVF,8M6HM2_HVF,07/24/2026 3:25:02 PM,8M6HM2_HVF,D1D,1,7491832
D542474,111,A20X4111SLD7,0,0.010425,0.024325,0.005212,0,0.003475,0,0.005212,0,0.005212,0,0,0.008687,0.001737,,D5424740,PXMG,03/10/2026 1:52:00 AM,FDM408,8M6HM2_HVF,8M6HM2_HVF,07/24/2026 3:25:09 PM,8M6HM2_HVF,D1D,2,7491881
D543555,95,GS4VR095JKD5,0,0.02085,0.0139,0,0,0.005212,0,0.003475,0,0.003475,0,0.001737,0.010425,0,,D5435550,PXMG,03/09/2026 12:38:03 AM,FDM406,8M6HM2_HVF,8M6HM2_HVF,07/24/2026 3:25:43 PM,8M6HM2_HVF,D1D,1,7526758
D543555,103,GS4VR103JKF3,0,0.012162,0.008687,0.003475,0,0.005212,0,0.001737,0,0.00695,0,0.001737,0,0.003475,,D5435550,PXMG,03/09/2026 12:38:03 AM,FDM406,8M6HM2_HVF,8M6HM2_HVF,07/24/2026 3:25:46 PM,8M6HM2_HVF,D1D,2,7526741
D544621,11,KJ41H011WFB0,0,0.014942,0.031622,0,0.003475,0,0,0,0,0.00556,0.001737,0.001737,0.00695,0.001737,0,D5446210,PXMG,03/13/2026 4:49:55 AM,FDM402,8M6HM2_HVF,8M6HM2_HVF,07/24/2026 3:24:07 PM,8M6HM2_HVF,D1D,1,7569651
D544621,12,KJ41H012WFF2,0,0.003475,0.03475,0.003475,0,0.008687,0,0.003475,0,0.003475,0.001737,0.00695,0,0.001737,,D5446210,PXMG,03/13/2026 4:49:55 AM,FDM402,8M6HM2_HVF,8M6HM2_HVF,07/24/2026 3:24:03 PM,8M6HM2_HVF,D1D,2,7569603
D542473,254,GT1WK254JKE1,0,0.019112,0.008687,0,0.001737,0.001737,0,0,0,0.010425,0,0,0.008687,0.003475,,D5424730,PXMG,03/16/2026 9:45:49 PM,FDM404,8M6HM2_HVF,8M6HM2_HVF,07/24/2026 3:23:30 PM,8M6HM2_HVF,D1D,1,7491744
D542473,255,GT1WK255JKB0,0,0.015637,0.03475,0.003475,0,0.003475,0,0,0,0.012162,0.001737,0,0.003475,0.00695,,D5424730,PXMG,03/16/2026 9:45:49 PM,FDM404,8M6HM2_HVF,8M6HM2_HVF,07/24/2026 3:23:12 PM,8M6HM2_HVF,D1D,2,7491709
D542487,204,GT1WK204JKD6,0,0.008687,0.017375,0.001737,0,0.005212,0,0,0,0.005212,0,0,0.003475,0.001737,,D5424870,PXMG,03/15/2026 1:59:24 PM,FDM410,8M6HM2_HVF,8M6HM2_HVF,07/24/2026 3:23:16 PM,8M6HM2_HVF,D1D,1,7495885
D542487,205,GT1WK205JKA5,0,0.010425,0.0278,0,0.001737,0.001737,0,0.003475,0,0.001737,0,0,0.031275,0.010425,,D5424870,PXMG,03/15/2026 1:59:24 PM,FDM410,8M6HM2_HVF,8M6HM2_HVF,07/24/2026 3:23:17 PM,8M6HM2_HVF,D1D,2,7495837
D541318,279,KJ30U279WFB2,0,0.00695,0.010425,0.001737,0,0.001737,0,0.001737,0,0.012162,0,0,0.001737,0.001737,,D5413180,PXMG,03/15/2026 6:21:47 AM,FDM406,8M6HM2_HVF,8M6HM2_HVF,07/24/2026 3:23:24 PM,8M6HM2_HVF,D1D,1,7443539
D541318,295,KJ30U295WFA5,0,0.01112,0.05282,0.003475,0,0.001737,0,0.003475,0,0.001737,0.002085,0,0.001737,0,0,D5413180,PXMG,03/15/2026 6:21:47 AM,FDM406,8M6HM2_HVF,8M6HM2_HVF,07/24/2026 3:23:30 PM,8M6HM2_HVF,D1D,2,7443479
D543536,258,KJ40T258WFE2,0,0.012162,0.0417,0,0,0.005212,0,0,0,0.001737,0.003475,0.001737,0.008687,0,,D5435360,PXMG,03/15/2026 5:22:52 PM,FDM408,8M6HM2_HVF,8M6HM2_HVF,07/24/2026 3:23:11 PM,8M6HM2_HVF,D1D,1,7524569
D543536,282,KJ40T282WFH0,0,0.012162,0.024325,0,0,0.005212,0,0,0,0.005212,0,0,0.005212,0.005212,,D5435360,PXMG,03/15/2026 5:22:52 PM,FDM408,8M6HM2_HVF,8M6HM2_HVF,07/24/2026 3:23:22 PM,8M6HM2_HVF,D1D,2,7524440
D543547,84,A21SR084SLC7,0,0.026062,0.0556,0.001737,0,0.019112,0,0.003475,0,0.003475,0,0,0.003475,0,,D5435470,PXMG,03/27/2026 4:29:30 PM,FDM410,8M6HM2_HVF,8M6HM2_HVF,07/24/2026 3:20:07 PM,8M6HM2_HVF,D1D,1,7525803
D543547,85,A21SR085SLH1,0,0.008687,0.038225,0.005212,0,0.001737,0,0,0,0.00695,0,0,0.008687,0.010425,,D5435470,PXMG,03/27/2026 4:29:30 PM,FDM410,8M6HM2_HVF,8M6HM2_HVF,07/24/2026 3:20:12 PM,8M6HM2_HVF,D1D,2,7525680
D544123,7,A21FC007SLB3,0,0.0139,0.0139,0,0.003475,0.0139,0,0.001737,0,0.008687,0.001737,0,0.001737,0.003475,,D5441230,PXMG,03/27/2026 9:17:50 PM,FDM406,8M6HM2_HVF,8M6HM2_HVF,07/24/2026 3:20:06 PM,8M6HM2_HVF,D1D,1,7558268
D544123,15,A21FC015SLE6,0,0.00695,0.033012,0.003475,0.005212,0.003475,0,0.001737,0,0.001737,0.001737,0,0.001737,0.010425,,D5441230,PXMG,03/27/2026 9:17:50 PM,FDM406,8M6HM2_HVF,8M6HM2_HVF,07/24/2026 3:20:16 PM,8M6HM2_HVF,D1D,2,7558134
D542945,327,KJ42M327WFD6,0,0.005212,0.015637,0.003475,0,0.0139,0,0,0,0.0139,0.001737,0,0.001737,0.001737,,D542945A,PXMG,03/22/2026 10:32:08 AM,FDM408,8M6HM2_HVF,8M6HM2_HVF,07/24/2026 3:21:36 PM,8M6HM2_HVF,D1D,1,7772768
D542945,330,KJ42M330WFA5,0,0.012162,0.017375,0.001737,0,0.003475,0,0.005212,0,0.005212,0,0,0.024325,0.003475,,D542945A,PXMG,03/22/2026 10:32:08 AM,FDM408,8M6HM2_HVF,8M6HM2_HVF,07/24/2026 3:21:26 PM,8M6HM2_HVF,D1D,2,7772695
D542942,161,A23E5161SLE7,0,0.015637,0.022587,0,0.001737,0.003475,0,0.005212,0,0.003475,0.001737,0,0.003475,0,,D5429420,PXMG,03/22/2026 11:20:53 PM,FDM404,8M6HM2_HVF,8M6HM2_HVF,07/24/2026 3:21:14 PM,8M6HM2_HVF,D1D,1,7511938
D542942,166,A23E5166SLE0,0,0.0139,0.043437,0.003475,0,0.00695,0,0,0,0.001737,0,0,0.0278,0.033012,,D5429420,PXMG,03/22/2026 11:20:53 PM,FDM404,8M6HM2_HVF,8M6HM2_HVF,07/24/2026 3:21:12 PM,8M6HM2_HVF,D1D,2,7512034
D543561,730,GS4VS730JKB2,0,0.018286,0.042469,0.001851,0.001851,0.007406,0,0,0,0.016663,0,0.001851,0.009143,0.020366,0,D5435610,PXMG,04/04/2026 11:29:40 PM,FDM410,8M6HM2_HVF,8M6HM2_HVF,07/24/2026 3:44:27 PM,8M6HM2_HVF,D1D,1,7526959
D543561,751,GS4VS751JKH1,0,0.012162,0.039962,0,0,0.012162,0,0,0,0.003475,0,0.001737,0,0.003475,,D5435610,PXMG,04/04/2026 11:29:40 PM,FDM410,8M6HM2_HVF,8M6HM2_HVF,07/27/2026 12:41:17 PM,8M6HM2_HVF,D1D,2,7527030
D543958,453,GT1MJ453JKE5,0,0.0139,0.008687,0.003475,0.005212,0.003475,0,0.001737,0,0.00695,0,0,0.001737,0.0139,,D543958B,PXMG,04/11/2026 5:07:20 PM,FDM406,8M6HM2_HVF,8M6HM2_HVF,07/27/2026 12:53:57 PM,8M6HM2_HVF,D1D,1,7936307
D543958,459,GT1MJ459JKA5,0,0.012162,0.010425,0.003475,0,0.00695,0,0.001737,0,0.005212,0,0,0,0.001737,,D543958B,PXMG,04/11/2026 5:07:20 PM,FDM406,8M6HM2_HVF,8M6HM2_HVF,07/27/2026 12:59:08 PM,8M6HM2_HVF,D1D,2,7936314
D541912,10,GS4MJ010JKE7,0,0.014899,0.10438,0.002194,0.002194,0,0,0,0,0,0.003931,0,0.047347,0.010968,0,D5419120,PXMG,04/10/2026 1:01:22 AM,FDM410,8M6HM2_HVF,8M6HM2_HVF,07/24/2026 3:43:28 PM,8M6HM2_HVF,D1D,1,7475464
D541912,11,GS4MJ011JKB6,0,0.010512,0.142582,0,0,0,0,0,0,0.010968,0,0,0.013161,0,0,D5419120,PXMG,04/10/2026 1:01:22 AM,FDM410,8M6HM2_HVF,8M6HM2_HVF,07/24/2026 3:43:33 PM,8M6HM2_HVF,D1D,2,7475299
D541912,23,GS4MJ023JKA0,0,0.012162,0.0556,0.001737,0.001737,0.008687,0,0.001737,0,0.001737,0,0,0.036487,0.003475,,D541912A,PXMG,04/10/2026 5:04:45 AM,FDM408,8M6HM2_HVF,8M6HM2_HVF,07/24/2026 3:43:24 PM,8M6HM2_HVF,D1D,1,7939978
D541912,24,GS4MJ024JKE2,0,0.028234,0.088612,0.002172,0,0.004344,0,0.002172,0,0.002172,0,0,0.047347,0.002172,0,D541912A,PXMG,04/10/2026 5:04:45 AM,FDM408,8M6HM2_HVF,8M6HM2_HVF,07/24/2026 3:43:19 PM,8M6HM2_HVF,D1D,2,7939760
D542938,886,GS6TF886JKE3,0,0.010425,0.097299,0.003475,0,0,0,0,0,0.003475,0.001737,0,0.005212,0.003475,,D542938B,PXMG,04/09/2026 10:55:24 PM,FDM410,8M6HM2_HVF,8M6HM2_HVF,08/09/2026 2:27:54 PM,8M6HM2_HVF,D1D,1,8192387
D542938,887,GS6TF887JKB2,0,0.008905,0.203177,0.00543,0,0,0,0,0,0.00543,0,0,0.002715,0.007167,0,D542938B,PXMG,04/09/2026 10:55:24 PM,FDM410,8M6HM2_HVF,8M6HM2_HVF,08/09/2026 4:25:28 AM,8M6HM2_HVF,D1D,2,8192373
D543539,16,KJ39G016WFH1,0,0.001737,0.045175,0.003475,0.0139,0.010425,0,0.00695,0,0.010425,0.005212,0,0.008687,0.024325,,D5435390,PXMG,04/08/2026 12:02:21 AM,FDM408,8M6HM2_HVF,8M6HM2_HVF,07/24/2026 3:43:52 PM,8M6HM2_HVF,D1D,1,7524746
D543539,21,KJ39G021WFF1,0,0.035792,0.075407,0.005212,0.00695,0.005212,0,0.005212,0,0.00695,0.003475,0,0.010425,0.010425,0,D5435390,PXMG,04/08/2026 12:02:21 AM,FDM408,8M6HM2_HVF,8M6HM2_HVF,07/24/2026 3:43:50 PM,8M6HM2_HVF,D1D,2,7524703
D541334,10,A20HR010SLA5,0,0.00695,0.010425,0,0.001737,0.00695,0,0.001737,0,0.008687,0.001737,0,0.001737,0.017375,,D5413340,PXMG,04/08/2026 3:53:54 AM,FDM404,8M6HM2_HVF,8M6HM2_HVF,07/24/2026 3:43:55 PM,8M6HM2_HVF,D1D,1,7447570
D541334,13,A20HR013SLG0,0,0.005212,0.005212,0,0,0.010425,0,0.001737,0,0.005212,0.001737,0,0.003475,0,,D5413340,PXMG,04/08/2026 3:53:54 AM,FDM404,8M6HM2_HVF,8M6HM2_HVF,07/24/2026 3:43:48 PM,8M6HM2_HVF,D1D,2,7447583
D542457,314,GT0MD314JKC3,0,0.012162,0.03475,0,0,0.001737,0,0.001737,0,0.00695,0,0,0,0,,D5424570,PXMG,04/06/2026 9:33:09 PM,FDM408,8M6HM2_HVF,8M6HM2_HVF,07/24/2026 3:44:04 PM,8M6HM2_HVF,D1D,1,7490097
D542457,315,GT0MD315JKG5,0,0.003475,0.0417,0,0,0.005212,0,0.001737,0,0.005212,0.001737,0,0,0,,D5424570,PXMG,04/06/2026 9:33:09 PM,FDM408,8M6HM2_HVF,8M6HM2_HVF,07/27/2026 10:58:58 AM,8M6HM2_HVF,D1D,2,7490096
D543966,34,KJ41H034WFA5,0,0.005212,0.015637,0,0,0.001737,0,0.005212,0,0.005212,0,0,0,0.001737,,D5439660,PXMG,04/18/2026 11:08:39 AM,FDM404,8M6HM2_HVF,8M6HM2_HVF,08/09/2026 4:09:01 PM,8M6HM2_HVF,D1D,1,7550194
D543966,35,KJ41H035WFE7,0,0.009655,0.034852,0.005752,0,0.005752,0,0,0,0.007737,0,0,0.001917,0.003834,0,D5439660,PXMG,04/18/2026 11:08:39 AM,FDM404,8M6HM2_HVF,8M6HM2_HVF,07/24/2026 3:41:18 PM,8M6HM2_HVF,D1D,2,7550250
D539979,160,A1ZC3160SLA3,0,0.001737,0.00695,0.001737,0,0.003475,0,0.001737,0,0.00695,0,0,0.001737,0.005212,,D539979A,PXMG,04/15/2026 1:54:38 PM,FDM404,8M6HM2_HVF,8M6HM2_HVF,07/24/2026 3:42:00 PM,8M6HM2_HVF,D1D,1,8039599
D539979,180,A1YYK180SLB3,0,0.012162,0.022587,0.001737,0,0.001737,0,0.001737,0,0.00695,0,0,0,0,,D539979A,PXMG,04/15/2026 1:54:38 PM,FDM404,8M6HM2_HVF,8M6HM2_HVF,07/24/2026 3:41:54 PM,8M6HM2_HVF,D1D,2,8039598
D541911,755,GR8SP755JKG4,0,0.014074,0.044653,0.001737,0,0.001737,0,0.003475,0,0.007124,0.005386,0,0.003475,0.001737,0,D5419110,PXMG,04/15/2026 9:29:14 AM,FDM404,8M6HM2_HVF,8M6HM2_HVF,08/09/2026 8:23:27 PM,8M6HM2_HVF,D1D,1,7475452
D541911,756,GR8SP756JKD3,0,0.010425,0.008687,0,0,0.003475,0,0.003475,0,0,0,0,0,0.003475,,D5419110,PXMG,04/15/2026 9:29:14 AM,FDM404,8M6HM2_HVF,8M6HM2_HVF,08/10/2026 8:13:58 AM,8M6HM2_HVF,D1D,2,7475469
D542946,94,KJ3LK094WFE5,0,0.005212,0.046912,0,0.003475,0.003475,0,0,0,0.00695,0,0,0.001737,0.008687,,D5429460,PXMG,04/19/2026 7:46:55 PM,FDM404,8M6HM2_HVF,8M6HM2_HVF,07/24/2026 3:40:33 PM,8M6HM2_HVF,D1D,1,7510010
D542946,102,KJ3LK102WFG3,0,0.0139,0.04865,0.003475,0,0.001737,0,0.003475,0,0.003475,0.001737,0.001737,0,0.008687,,D5429460,PXMG,04/19/2026 7:46:55 PM,FDM404,8M6HM2_HVF,8M6HM2_HVF,07/24/2026 3:40:39 PM,8M6HM2_HVF,D1D,2,7509959
D543969,2,A22RJ002SLF7,0,0.018289,0.067451,0.005487,0,0.01646,0,0.003658,0,0.007746,0,0,0,0.007746,0,D5439690,PXMG,04/20/2026 5:23:37 AM,FDM408,8M6HM2_HVF,8M6HM2_HVF,07/24/2026 3:40:15 PM,8M6HM2_HVF,D1D,1,7548298
D543969,3,A22RJ003SLC6,0,0.00695,0.003475,0,0,0.00695,0,0.005212,0,0.001737,0,0,0.003475,0,,D5439690,PXMG,04/20/2026 5:23:37 AM,FDM408,8M6HM2_HVF,8M6HM2_HVF,07/24/2026 3:40:12 PM,8M6HM2_HVF,D1D,2,7548286
D543961,198,A21WK198SLD3,0,0.02085,0.051256,0,0,0.006516,0,0,0,0.009991,0,0,0,0,0,D543961A,PXMG,04/23/2026 11:08:26 PM,FDM408,8M6HM2_HVF,8M6HM2_HVF,07/24/2026 3:40:28 PM,8M6HM2_HVF,D1D,1,8000248
D543961,200,A21WK200SLB6,0,0.012162,0.017375,0,0,0.003475,0,0.001737,0,0.001737,0,0,0,0.005212,,D543961A,PXMG,04/23/2026 11:08:26 PM,FDM408,8M6HM2_HVF,8M6HM2_HVF,07/24/2026 3:40:15 PM,8M6HM2_HVF,D1D,2,8000270
D543961,214,A22MF214SLA5,0,0.00695,0.012162,0,0.001737,0.010425,0,0,0,0.003475,0,0,0,0.001737,,D543961A,PXMG,04/23/2026 11:08:26 PM,FDM408,8M6HM2_HVF,8M6HM2_HVF,07/24/2026 3:40:33 PM,8M6HM2_HVF,D1D,3,8000268
D543961,218,A22MF218SLC7,0,0.008687,0.0139,0,0,0.017375,0,0.001737,0,0.00695,0.003475,0,0.003475,0.005212,,D543961A,PXMG,04/23/2026 11:08:26 PM,FDM408,8M6HM2_HVF,8M6HM2_HVF,07/24/2026 3:40:21 PM,8M6HM2_HVF,D1D,4,8000222
D543961,222,A22MF222SLE0,0,0.005212,0.010425,0,0,0.001737,0,0,0,0.001737,0,0,0,0,,D543961A,PXMG,04/23/2026 11:08:26 PM,FDM408,8M6HM2_HVF,8M6HM2_HVF,07/24/2026 3:40:03 PM,8M6HM2_HVF,D1D,5,8000868
D543961,251,A21WK251SLG3,0,0.005212,0.015637,0,0,0,0,0,0,0,0,0,0,0.001737,,D543961A,PXMG,04/23/2026 11:08:26 PM,FDM408,8M6HM2_HVF,8M6HM2_HVF,07/24/2026 3:40:09 PM,8M6HM2_HVF,D1D,6,8001569
D543972,16,MCEMQ016WAG6,0,0.0139,0.012162,0.003475,0,0.015637,0,0.00695,0,0.008687,0.003475,0,0.001737,0,,D5439720,PXMG,04/22/2026 5:41:08 AM,FDM410,8M6HM2_HVF,8M6HM2_HVF,07/24/2026 3:40:09 PM,8M6HM2_HVF,D1D,1,7551402
D543972,26,MCEMQ026WAD7,0,0.008687,0.010425,0.003475,0.001737,0.001737,0,0.003475,0,0.001737,0,0,0.005212,0.001737,,D5439720,PXMG,04/22/2026 5:41:08 AM,FDM410,8M6HM2_HVF,8M6HM2_HVF,07/24/2026 3:40:04 PM,8M6HM2_HVF,D1D,2,7551450
D539972,11,A1ZD8011SLC5,0,0.010077,0.03753,0.002432,0.003475,0.003475,0,0.00417,0,0.001737,0.003475,0,0.008687,0.025715,0,D5399720,PXMG,06/04/2026 5:48:12 AM,FDM408,8M6HM2_HVF,8M6HM2_HVF,07/26/2026 2:23:32 PM,8M6HM2_HVF,D1D,1,7372762
D539972,152,A1ZD8152SLB7,0,0.009209,0.039267,0.005734,0.003475,0.016159,0,0.001737,0,0.002259,0,0,0.027105,0.014942,0,D5399720,PXMG,06/04/2026 5:48:12 AM,FDM408,8M6HM2_HVF,8M6HM2_HVF,07/26/2026 2:14:59 PM,8M6HM2_HVF,D1D,2,7372749
D543958,437,GT1MJ437JKF2,0,0.005212,0.005212,0.005212,0.001737,0.005212,0,0.003475,0,0.00695,0.001737,0,0.005212,0,,D5439580,PXMG,06/28/2026 8:45:28 AM,FDM408,8M6HM2_HVF,8M6HM2_HVF,08/30/2026 2:29:14 PM,8M6HM2_HVF,D1D,1,7549398
D543958,438,GT1MJ438JKC1,0,0.00695,0.005212,0.001737,0,0.005212,0,0.001737,0,0.00695,0,0,0,0.003475,,D5439580,PXMG,06/28/2026 8:45:28 AM,FDM408,8M6HM2_HVF,8M6HM2_HVF,08/30/2026 2:16:33 PM,8M6HM2_HVF,D1D,2,7549545
D602631,3,A25NX003SLB5,0,0.008687,0.02085,0,0,0.001737,0,0.005212,0,0,0,0,0,0.001737,,D6026310,PXMG,03/29/2026 9:18:06 PM,FDM410,8M6HM2_HVF,8M6HM2_HVF,07/24/2026 3:19:30 PM,8M6HM2_HVF,D1D,1,7909506
D602631,8,A25NX008SLA6,0,0.007602,0.04322,0.0019,0,0.003801,0,0.003638,0,0.007439,0,0,0.0019,0.001737,0,D6026310,PXMG,03/29/2026 9:18:06 PM,FDM410,8M6HM2_HVF,8M6HM2_HVF,07/24/2026 3:19:40 PM,8M6HM2_HVF,D1D,2,7909451
D602626,445,GT6ER445JKE3,0,0.02085,0.024325,0,0,0.005212,0,0,0,0,0.003475,0,0.003475,0.001737,,D6026260,PXMG,04/05/2026 5:48:24 PM,FDM408,8M6HM2_HVF,8M6HM2_HVF,07/24/2026 3:44:22 PM,8M6HM2_HVF,D1D,1,7903216
D602626,448,GT6ER448JKC3,0,0.005212,0.060812,0.003475,0.001737,0.003475,0,0,0,0.005212,0,0,0.00695,0,,D6026260,PXMG,04/05/2026 5:48:24 PM,FDM408,8M6HM2_HVF,8M6HM2_HVF,07/24/2026 3:44:04 PM,8M6HM2_HVF,D1D,2,7903098
D602628,5,KJ7KK005WFC3,0,0.00695,0.010425,0.001737,0.00695,0.003475,0,0.003475,0,0,0,0,0.022587,0.0139,,D6026280,PXMG,04/11/2026 5:26:22 AM,FDM410,8M6HM2_HVF,8M6HM2_HVF,07/24/2026 3:43:12 PM,8M6HM2_HVF,D1D,1,7903342
D602628,8,KJ7KK008WFA3,0,0.014093,0.023166,0,0,0.008687,0,0,0,0.003475,0.002703,0,0.022587,0.001737,0,D6026280,PXMG,04/11/2026 5:26:22 AM,FDM410,8M6HM2_HVF,8M6HM2_HVF,07/24/2026 3:43:18 PM,8M6HM2_HVF,D1D,2,7903218
D603136,15,A26FX015SLH2,0,0.001795,0.01251,0.001795,0.003591,0,0,0.001795,0,0.005386,0.001795,0,0.010772,0.016159,0,D6031360,PXMG,04/11/2026 4:09:53 PM,FDM402,8M6HM2_HVF,8M6HM2_HVF,07/24/2026 3:43:11 PM,8M6HM2_HVF,D1D,1,7937636
D603136,21,A26FX021SLC1,0,0.00695,0.008687,0.001737,0,0.00695,0,0,0,0.001737,0,0,0.005212,0,,D6031360,PXMG,04/11/2026 4:09:53 PM,FDM402,8M6HM2_HVF,8M6HM2_HVF,07/24/2026 3:43:02 PM,8M6HM2_HVF,D1D,2,7937739
D602647,116,KJ7YL116WFB0,0,0.0139,0.024325,0.001737,0,0.003475,0,0.001737,0,0.005212,0,0,0.00695,0.001737,,D6026470,PXMG,04/11/2026 3:59:55 PM,FDM410,8M6HM2_HVF,8M6HM2_HVF,07/24/2026 3:43:18 PM,8M6HM2_HVF,D1D,1,7914497
D602647,118,KJ7YL118WFC1,0,0.02085,0.0139,0,0,0.001737,0,0,0,0,0,0,0.026062,0.001737,,D6026470,PXMG,04/11/2026 3:59:55 PM,FDM410,8M6HM2_HVF,8M6HM2_HVF,07/24/2026 3:43:11 PM,8M6HM2_HVF,D1D,2,7914328
D602624,679,GT6ER679JKD5,0,0.010425,0.00695,0.005212,0,0.001737,0,0.001737,0,0.003475,0.001737,0,0.010425,0.00695,,D6026240,PXMG,04/11/2026 3:25:18 PM,FDM404,8M6HM2_HVF,8M6HM2_HVF,07/24/2026 3:43:11 PM,8M6HM2_HVF,D1D,1,7903330
D602624,680,GT6ER680JKG6,0,0.012162,0.008687,0.008687,0.003475,0,0,0.001737,0,0.022587,0,0,0.010425,0.00695,,D6026240,PXMG,04/11/2026 3:25:18 PM,FDM404,8M6HM2_HVF,8M6HM2_HVF,07/24/2026 3:43:06 PM,8M6HM2_HVF,D1D,2,7903450
D603150,8,KJ7YL008WFF7,0,0.012162,0.010425,0,0,0.001737,0,0,0,0.003475,0,0,0.001737,0.001737,,D6031500,PXMG,04/10/2026 8:22:58 AM,FDM410,8M6HM2_HVF,8M6HM2_HVF,07/24/2026 3:43:17 PM,8M6HM2_HVF,D1D,1,7945921
D603150,10,KJ7YL010WFF7,0,0.019431,0.03698,0.001766,0,0.040628,0,0.003533,0,0.008803,0,0,0.003533,0,0,D6031500,PXMG,04/10/2026 8:22:58 AM,FDM410,8M6HM2_HVF,8M6HM2_HVF,07/24/2026 3:43:23 PM,8M6HM2_HVF,D1D,2,7945894
D602648,118,KJ7KK118WFE0,0,0.017375,0.057337,0.001737,0,0.005212,0,0.001737,0,0.00695,0,0.001737,0.010425,0.00695,,D6026480,PXMG,04/08/2026 7:23:32 PM,FDM408,8M6HM2_HVF,8M6HM2_HVF,07/24/2026 3:43:47 PM,8M6HM2_HVF,D1D,1,7914849
D602648,374,KJ7YQ374WFE7,0,0.0139,0.04865,0,0.005212,0.019112,0,0.003475,0,0.003475,0.003475,0,0.001737,0.008687,,D6026480,PXMG,04/08/2026 7:23:32 PM,FDM408,8M6HM2_HVF,8M6HM2_HVF,07/24/2026 3:43:56 PM,8M6HM2_HVF,D1D,2,7914850
D602608,16,KJ7YL016WFB7,0,0.010391,0.017318,0.001732,0,0.003464,0,0,0,0.001732,0.001732,0,0.001732,0.006927,,D6026080,PNCB,04/08/2026 8:31:53 PM,FDM408,8M6HM2_HVF,8M6HM2_HVF,07/24/2026 3:43:45 PM,8M6HM2_HVF,D1D,1,7919754
D602608,18,KJ7YL018WFD0,0,0.008659,0.015586,0.001732,0.001732,0.015586,0,0.003464,0,0.001732,0.001732,0,0,0.013854,,D6026080,PNCB,04/08/2026 8:31:53 PM,FDM408,8M6HM2_HVF,8M6HM2_HVF,07/24/2026 3:43:54 PM,8M6HM2_HVF,D1D,2,7919905
D603158,34,HCHFA034MMD5,0,0.012162,0.026062,0.00695,0.001737,0.005212,0,0,0,0.003475,0,0.001737,0.001737,0,,D6031580,PXMG,04/12/2026 3:03:44 AM,FDM410,8M6HM2_HVF,8M6HM2_HVF,07/24/2026 3:42:55 PM,8M6HM2_HVF,D1D,1,7945137
D603158,35,HCHFA035MMA4,0,0,0.015637,0,0,0,0,0,0,0.005212,0,0,0,0.001737,,D6031580,PXMG,04/12/2026 3:03:44 AM,FDM410,8M6HM2_HVF,8M6HM2_HVF,07/24/2026 3:43:01 PM,8M6HM2_HVF,D1D,2,7945203
D602610,6,KJ7KW006WFD6,0,0.013854,0.013854,0,0,0.001732,0,0,0,0,0,0,0.001732,0.001732,,D6026100,PNCB,04/12/2026 11:10:30 AM,FDM410,8M6HM2_HVF,8M6HM2_HVF,07/24/2026 3:42:43 PM,8M6HM2_HVF,D1D,1,7924136
D602610,15,KJ7KW015WFE0,0,0.012122,0.02944,0,0,0.003464,0,0.001732,0,0,0.001732,0,0.003464,0.012122,,D6026100,PNCB,04/12/2026 11:10:30 AM,FDM410,8M6HM2_HVF,8M6HM2_HVF,07/24/2026 3:42:55 PM,8M6HM2_HVF,D1D,2,7924066
D603133,82,A26LJ082SLB7,0,0.003464,0.02944,0.001732,0,0.005195,0,0.031172,0,0,0.001732,0,0,0.001732,,D6031330,PNCB,04/12/2026 8:46:43 AM,FDM404,8M6HM2_HVF,8M6HM2_HVF,07/24/2026 3:42:49 PM,8M6HM2_HVF,D1D,1,7950862
D603133,83,A26LJ083SLG1,0,0.013854,0.045026,0,0,0,0,0.036367,0,0.005195,0,0,0.001732,0,,D6031330,PNCB,04/12/2026 8:46:43 AM,FDM404,8M6HM2_HVF,8M6HM2_HVF,07/24/2026 3:42:45 PM,8M6HM2_HVF,D1D,2,7950893
D603142,127,KJ7YL127WFC3,0,0.003475,0.015637,0.001737,0.001737,0.001737,0,0,0,0.005212,0,0,0,0,,D6031420,PXMG,04/13/2026 6:28:53 AM,FDM406,8M6HM2_HVF,8M6HM2_HVF,07/24/2026 3:42:50 PM,8M6HM2_HVF,D1D,1,7948228
D603142,146,KJ7YL146WFH1,0,0.003475,0.029537,0,0,0.001737,0,0,0,0.003475,0,0,0,0.001737,,D6031420,PXMG,04/13/2026 6:28:53 AM,FDM406,8M6HM2_HVF,8M6HM2_HVF,07/24/2026 3:42:43 PM,8M6HM2_HVF,D1D,2,7947994
D603140,130,A26LJ130SLG7,0,0.008687,0.015637,0,0,0.005212,0,0.001737,0,0.005212,0.003475,0,0.012162,0.0139,,D6031400,PXMG,04/18/2026 4:40:28 AM,FDM404,8M6HM2_HVF,8M6HM2_HVF,07/24/2026 3:41:13 PM,8M6HM2_HVF,D1D,1,7937816
D603140,132,A26LJ132SLA5,0,0.005212,0.0139,0.005212,0,0.001737,0,0,0,0.001737,0,0,0.008687,0.00695,,D6031400,PXMG,04/18/2026 4:40:28 AM,FDM404,8M6HM2_HVF,8M6HM2_HVF,07/24/2026 3:36:28 PM,8M6HM2_HVF,D1D,2,7937813
D603121,201,GQ8FQ201JKG2,0,0.006927,0.006927,0,0.001732,0.005195,0,0,0,0.003464,0,0,0,0,,D6031210,PNCB,04/17/2026 5:06:17 AM,FDM404,8M6HM2_HVF,8M6HM2_HVF,07/24/2026 3:41:36 PM,8M6HM2_HVF,D1D,1,7955271
D603121,202,GQ8FQ202JKD1,0,0.010391,0.017318,0.001732,0,0,0,0.005195,0,0.005195,0,0.001732,0,0.001732,,D6031210,PNCB,04/17/2026 5:06:17 AM,FDM404,8M6HM2_HVF,8M6HM2_HVF,07/24/2026 3:41:29 PM,8M6HM2_HVF,D1D,2,7955153
D603120,165,KJD2F165WFF4,0,0.023028,0.078678,0,0,0.021015,0,0,0,0.004025,0.014977,0,0.002013,0,0,D6031200,PNCB,04/18/2026 12:03:14 PM,FDM408,8M6HM2_HVF,8M6HM2_HVF,07/24/2026 3:41:11 PM,8M6HM2_HVF,D1D,1,7955427
D603120,340,KJD2J340WFE4,0,0.012122,0.019049,0,0.001732,0.017318,0,0.001732,0,0.005195,0,0,0,0.005195,,D6031200,PNCB,04/18/2026 12:03:14 PM,FDM408,8M6HM2_HVF,8M6HM2_HVF,07/24/2026 3:41:04 PM,8M6HM2_HVF,D1D,2,7955321
D603135,147,HCHFA147MMF2,0,0.005195,0.017318,0,0,0.001732,0,0.005195,0,0,0,0,0.001732,0.001732,,D6031350,PNCB,04/17/2026 9:39:54 AM,FDM408,8M6HM2_HVF,8M6HM2_HVF,07/24/2026 3:41:35 PM,8M6HM2_HVF,D1D,1,7948238
D603135,159,HCHFA159MMD4,0,0.003464,0.025976,0.001732,0,0,0,0.001732,0,0.003464,0,0,0,0,,D6031350,PNCB,04/17/2026 9:39:54 AM,FDM408,8M6HM2_HVF,8M6HM2_HVF,08/02/2026 2:18:48 AM,8M6HM2_HVF,D1D,2,7948307
D602614,23,KJ7KK023WFC7,0,0.013854,0.017318,0.001732,0,0,0,0.001732,0,0.001732,0,0,0,0,,D6026140,PNCB,04/17/2026 1:28:00 PM,FDM406,8M6HM2_HVF,8M6HM2_HVF,07/24/2026 3:41:20 PM,8M6HM2_HVF,D1D,1,7923997
D602614,150,KJ7KK150WFC6,0,0.006927,0.041562,0.001732,0,0.003464,0,0.003464,0,0.003464,0,0,0.001732,0.001732,,D6026140,PNCB,04/17/2026 1:28:00 PM,FDM406,8M6HM2_HVF,8M6HM2_HVF,07/24/2026 3:41:23 PM,8M6HM2_HVF,D1D,2,7924141
D602616,547,KJ7YM547WFA7,0,0.006927,0.012122,0.001732,0,0,0,0,0,0.005195,0.001732,0,0.001732,0,,D6026160,PNCB,04/17/2026 3:22:42 AM,FDM402,8M6HM2_HVF,8M6HM2_HVF,07/24/2026 3:41:33 PM,8M6HM2_HVF,D1D,1,7907601
D602616,551,KJ7YM551WFC0,0,0.015413,0.021128,0,0,0.001732,0,0.003464,0,0.003983,0.004503,0,0.001732,0,0,D6026160,PNCB,04/17/2026 3:22:42 AM,FDM402,8M6HM2_HVF,8M6HM2_HVF,07/24/2026 3:41:35 PM,8M6HM2_HVF,D1D,2,7907564
D603139,153,5DXBG153MVG4,0,0.0139,0.0139,0,0.001737,0.005212,0,0.001737,0,0.003475,0,0.001737,0.001737,0,,D6031390,PXMG,04/14/2026 3:41:08 PM,FDM410,8M6HM2_HVF,8M6HM2_HVF,07/24/2026 3:42:43 PM,8M6HM2_HVF,D1D,1,7937615
D603139,159,5DXBG159MVC4,0,0.015637,0.0139,0,0,0.005212,0,0,0,0.001737,0,0.001737,0.001737,0,,D6031390,PXMG,04/14/2026 3:41:08 PM,FDM410,8M6HM2_HVF,8M6HM2_HVF,07/24/2026 3:43:02 PM,8M6HM2_HVF,D1D,2,7937725
D603139,173,5DXBG173MVA6,0,0.017375,0.026062,0.001737,0,0,0,0,0,0.001737,0.003475,0,0.001737,0,,D6031390,PXMG,04/14/2026 3:41:08 PM,FDM410,8M6HM2_HVF,8M6HM2_HVF,07/24/2026 3:42:49 PM,8M6HM2_HVF,D1D,3,7937629
D603139,185,5DXBG185MVG3,0,0.017375,0.02085,0,0,0.001737,0,0.001737,0,0.001737,0,0,0,0,,D6031390,PXMG,04/14/2026 3:41:08 PM,FDM410,8M6HM2_HVF,8M6HM2_HVF,07/24/2026 3:42:42 PM,8M6HM2_HVF,D1D,4,7937740
D603139,211,5DXBG211MVB2,0,0.010425,0.029537,0.001737,0,0.001737,0,0,0,0.003475,0,0,0,0,,D6031390,PXMG,04/14/2026 3:41:08 PM,FDM410,8M6HM2_HVF,8M6HM2_HVF,07/24/2026 3:42:56 PM,8M6HM2_HVF,D1D,5,7937731
D603139,695,5DXAG695MVD4,0,0.012162,0.005212,0.001737,0,0.001737,0,0,0,0.001737,0,0,0.001737,0,,D6031390,PXMG,04/14/2026 3:41:08 PM,FDM410,8M6HM2_HVF,8M6HM2_HVF,07/24/2026 3:36:31 PM,8M6HM2_HVF,D1D,6,7937761
D602593,68,KJ7YL068WFD3,0,0.001732,0.038099,0,0,0.008659,0,0.003464,0,0.001732,0,0,0,0,,D6025930,PNCB,04/15/2026 5:33:23 AM,FDM408,8M6HM2_HVF,8M6HM2_HVF,07/24/2026 3:42:08 PM,8M6HM2_HVF,D1D,1,7917251
D602593,72,KJ7YL072WFE4,0,0.012122,0.020781,0,0.001732,0.005195,0,0.003464,0,0.008659,0.001732,0,0.001732,0.001732,,D6025930,PNCB,04/15/2026 5:33:23 AM,FDM408,8M6HM2_HVF,8M6HM2_HVF,07/24/2026 3:42:13 PM,8M6HM2_HVF,D1D,2,7917258
D602606,2,A26FX002SLE6,0,0.015586,0.005195,0,0,0.005195,0,0.001732,0,0.008659,0.001732,0,0.001732,0.001732,,D6026060,PNCB,04/15/2026 9:43:04 AM,FDM404,8M6HM2_HVF,8M6HM2_HVF,07/24/2026 3:41:56 PM,8M6HM2_HVF,D1D,1,7919843
D602606,4,A25TB004SLA7,0,0.019049,0.012122,0,0,0.008659,0,0.008659,0,0.005195,0.001732,0,0.001732,0.005195,,D6026060,PNCB,04/15/2026 9:43:04 AM,FDM404,8M6HM2_HVF,8M6HM2_HVF,07/24/2026 3:42:00 PM,8M6HM2_HVF,D1D,2,7919720
D602599,476,GT6ES476JKA3,0,0.005195,0.02944,0,0,0.008659,0,0.003464,0,0,0.003464,0,0,0,,D6025990,PNCB,04/15/2026 3:10:43 PM,FDM404,8M6HM2_HVF,8M6HM2_HVF,07/24/2026 3:41:54 PM,8M6HM2_HVF,D1D,1,7917316
D602599,477,GT6ES477JKE5,0,0.003464,0.019049,0,0,0.003464,0,0.001732,0,0,0,0,0.001732,0,,D6025990,PNCB,04/15/2026 3:10:43 PM,FDM404,8M6HM2_HVF,8M6HM2_HVF,07/24/2026 3:42:00 PM,8M6HM2_HVF,D1D,2,7917332
D602601,551,GT6ES551JKG1,0,0.016625,0.059226,0.003464,0,0.014893,0,0.001732,0,0.016625,0,0.001732,0.001732,0,0,D6026010,PNCB,04/15/2026 2:16:53 PM,FDM408,8M6HM2_HVF,8M6HM2_HVF,07/24/2026 3:42:00 PM,8M6HM2_HVF,D1D,1,7919472
D602601,552,GT6ES552JKD0,0,0.007966,0.039138,0.003464,0,0.007966,0,0.002771,0,0.001732,0.002771,0,0,0.003464,0,D6026010,PNCB,04/15/2026 2:16:53 PM,FDM408,8M6HM2_HVF,8M6HM2_HVF,07/24/2026 3:41:54 PM,8M6HM2_HVF,D1D,2,7919669
D602591,10,A26PH010SLC5,0,0.012122,0.025976,0,0,0.005195,0,0,0,0,0.001732,0,0.001732,0.006927,,D6025910,PNCB,04/15/2026 2:57:42 AM,FDM408,8M6HM2_HVF,8M6HM2_HVF,07/24/2026 3:42:13 PM,8M6HM2_HVF,D1D,1,7917201
D602591,15,A26PH015SLB6,0,0.007793,0.064941,0.001732,0.001732,0.003464,0,0.001732,0,0,0,0,0,0.001732,0,D6025910,PNCB,04/15/2026 2:57:42 AM,FDM408,8M6HM2_HVF,8M6HM2_HVF,07/24/2026 3:42:18 PM,8M6HM2_HVF,D1D,2,7917226
D602619,2,KJ7KK002WFE3,0,0.003464,0.057148,0,0.001732,0.003464,0,0,0,0.003464,0.003464,0,0,0.001732,0,D6026190,PNCB,04/16/2026 10:14:44 AM,FDM404,8M6HM2_HVF,8M6HM2_HVF,07/24/2026 3:41:41 PM,8M6HM2_HVF,D1D,1,7905282
D602619,74,KJ7KK074WFA1,0,0.005195,0.048489,0,0,0.003464,0,0.001732,0,0.003464,0.005195,0,0.001732,0.005195,,D6026190,PNCB,04/16/2026 10:14:44 AM,FDM404,8M6HM2_HVF,8M6HM2_HVF,07/24/2026 3:41:47 PM,8M6HM2_HVF,D1D,2,7905325
D602595,387,5DXCD387MVA2,0,0.012122,0.005195,0.001732,0.001732,0,0,0,0,0,0,0,0.003464,0.005195,,D6025950,PNCB,04/12/2026 1:07:15 PM,FDM406,8M6HM2_HVF,8M6HM2_HVF,07/24/2026 3:42:44 PM,8M6HM2_HVF,D1D,1,7917467
D602595,430,5DXCD430MVG1,0,0.0142,0.018703,0,0.003464,0,0,0,0,0.001732,0,0,0.001732,0.003464,0,D6025950,PNCB,04/12/2026 1:07:15 PM,FDM406,8M6HM2_HVF,8M6HM2_HVF,07/24/2026 3:42:53 PM,8M6HM2_HVF,D1D,2,7917266
D602620,15,KJEYG015WFH2,0,0.010391,0.024245,0.001732,0,0.001732,0,0.003464,0,0.001732,0.003464,0,0.008659,0,,D6026200,PNCB,04/16/2026 11:05:26 AM,FDM406,8M6HM2_HVF,8M6HM2_HVF,07/31/2026 12:41:31 AM,8M6HM2_HVF,D1D,1,7924272
D602620,72,KJEYG072WFG6,0,0.010217,0.057841,0,0,0.010217,0,0.005195,0,0.003464,0.006581,0,0.017318,0.003464,0,D6026200,PNCB,04/16/2026 11:05:26 AM,FDM406,8M6HM2_HVF,8M6HM2_HVF,07/31/2026 1:40:20 AM,8M6HM2_HVF,D1D,2,7924313
D602642,38,GT7EJ038JKA2,0,0.010425,0.026062,0.001737,0.001737,0.003475,0,0.001737,0,0.003475,0,0.001737,0.0139,0.003475,,D6026420,PXMG,04/16/2026 1:16:05 PM,FDM404,8M6HM2_HVF,8M6HM2_HVF,08/10/2026 8:23:50 AM,8M6HM2_HVF,D1D,1,7912780
D602642,39,GT7EJ039JKE4,0,0.00695,0.022587,0.00695,0,0.015637,0,0.001737,0,0,0,0,0.001737,0.008687,,D6026420,PXMG,04/16/2026 1:16:05 PM,FDM404,8M6HM2_HVF,8M6HM2_HVF,07/24/2026 3:36:32 PM,8M6HM2_HVF,D1D,2,7912478
D603141,1,GT3FY001JKC3,0,0.0139,0.060812,0,0,0.003475,0,0.001737,0,0.00695,0,0,0,0.001737,,D6031410,PXMG,04/15/2026 8:17:33 AM,FDM402,8M6HM2_HVF,8M6HM2_HVF,07/24/2026 3:42:09 PM,8M6HM2_HVF,D1D,1,7947993
D603141,5,GT3FY005JKE5,0,0.0139,0.0417,0,0.003475,0.003475,0,0,0,0,0,0,0,0.001737,,D6031410,PXMG,04/15/2026 8:17:33 AM,FDM402,8M6HM2_HVF,8M6HM2_HVF,07/24/2026 3:42:01 PM,8M6HM2_HVF,D1D,2,7948040
D602630,88,GT7EJ088JKA5,0,0.015637,0.019112,0,0,0.012162,0,0,0,0,0.001737,0,0.001737,0.003475,,D6026300,PXMG,04/13/2026 11:36:58 AM,FDM408,8M6HM2_HVF,8M6HM2_HVF,07/24/2026 3:42:31 PM,8M6HM2_HVF,D1D,1,7909373
D602630,89,GT7EJ089JKE7,0,0.005212,0.029537,0,0,0.00695,0,0,0,0.00695,0,0,0.001737,0.001737,,D6026300,PXMG,04/13/2026 11:36:58 AM,FDM408,8M6HM2_HVF,8M6HM2_HVF,07/24/2026 3:42:40 PM,8M6HM2_HVF,D1D,2,7909281
D603134,4,GGBHA004MMG0,0,0.016235,0.02576,0,0.007576,0.005845,0,0.001732,0,0.001732,0,0,0.005195,0.013854,0,D6031340,PNCB,04/16/2026 6:59:09 PM,FDM404,8M6HM2_HVF,8M6HM2_HVF,07/24/2026 3:41:41 PM,8M6HM2_HVF,D1D,1,7948135
D603134,7,GGBHA007MME0,0,0.05189,0.042475,0,0,0.007431,0,0.003715,0,0,0,0,0.001858,0,0,D6031340,PNCB,04/16/2026 6:59:09 PM,FDM404,8M6HM2_HVF,8M6HM2_HVF,07/24/2026 3:42:02 PM,8M6HM2_HVF,D1D,2,7947939
D603134,8,GGBHA008MMA7,0,0.006927,0.019049,0,0,0.001732,0,0.003464,0,0.001732,0,0,0,0.003464,,D6031340,PNCB,04/16/2026 6:59:09 PM,FDM404,8M6HM2_HVF,8M6HM2_HVF,07/24/2026 3:41:48 PM,8M6HM2_HVF,D1D,3,7948123
D603134,10,GGBHA010MMA7,0,0.010391,0.013854,0,0,0.005195,0,0.006927,0,0.003464,0,0,0.001732,0.017318,,D6031340,PNCB,04/16/2026 6:59:09 PM,FDM404,8M6HM2_HVF,8M6HM2_HVF,07/24/2026 3:41:54 PM,8M6HM2_HVF,D1D,4,7947980
D602649,30,KJ7KK030WFC0,0,0.00695,0.010425,0,0,0.010425,0,0.00695,0,0.008687,0,0.001737,0.00695,0.001737,,D6026490,PXMG,04/15/2026 5:37:05 PM,FDM402,8M6HM2_HVF,8M6HM2_HVF,07/24/2026 3:42:06 PM,8M6HM2_HVF,D1D,1,7914783
D602649,34,KJ7KK034WFE2,0,0.010425,0.017375,0,0.001737,0.003475,0,0.001737,0,0,0,0,0,0.005212,,D6026490,PXMG,04/15/2026 5:37:05 PM,FDM402,8M6HM2_HVF,8M6HM2_HVF,07/24/2026 3:42:00 PM,8M6HM2_HVF,D1D,2,7914789
D602649,41,KJ7KK041WFD3,0,0.010425,0.00695,0,0,0.003475,0,0,0,0,0,0,0.00695,0,,D6026490,PXMG,04/15/2026 5:37:05 PM,FDM402,8M6HM2_HVF,8M6HM2_HVF,07/24/2026 3:42:18 PM,8M6HM2_HVF,D1D,3,7914766
D602649,44,KJ7KK044WFB3,0,0.009209,0.028495,0.003475,0,0.009209,0,0.008687,0,0.001737,0.001737,0,0,0,0,D6026490,PXMG,04/15/2026 5:37:05 PM,FDM402,8M6HM2_HVF,8M6HM2_HVF,07/24/2026 3:42:14 PM,8M6HM2_HVF,D1D,4,7914767
D602646,3,A25TB003SLE0,0,0.00695,0.015637,0,0,0.001737,0,0,0,0.001737,0,0,0.003475,0,,D6026460,PXMG,04/15/2026 9:03:32 AM,FDM402,8M6HM2_HVF,8M6HM2_HVF,07/24/2026 3:42:00 PM,8M6HM2_HVF,D1D,1,7914283
D602646,10,A25TB010SLD1,0,0.008687,0.017375,0.001737,0,0.005212,0,0.001737,0,0.005212,0,0,0.003475,0.005212,,D6026460,PXMG,04/15/2026 9:03:32 AM,FDM402,8M6HM2_HVF,8M6HM2_HVF,07/24/2026 3:42:06 PM,8M6HM2_HVF,D1D,2,7914237
D602622,401,GT6QW401JKH2,0,0.013854,0.010391,0,0,0.010391,0,0.001732,0,0.001732,0,0,0.001732,0.001732,,D6026220,PNCB,04/20/2026 2:25:30 AM,FDM408,8M6HM2_HVF,8M6HM2_HVF,07/24/2026 3:40:44 PM,8M6HM2_HVF,D1D,1,7925698
D602622,402,GT6QW402JKE1,0,0.005195,0.019049,0.001732,0.001732,0.010391,0,0.001732,0,0.001732,0,0,0.003464,0,,D6026220,PNCB,04/20/2026 2:25:30 AM,FDM408,8M6HM2_HVF,8M6HM2_HVF,07/24/2026 3:43:20 PM,8M6HM2_HVF,D1D,2,7925639
D602622,403,GT6QW403JKB0,0,0.005715,0.021647,0,0.005195,0.005195,0,0.005368,0,0.003464,0.003637,0,0,0,0,D6026220,PNCB,04/20/2026 2:25:30 AM,FDM408,8M6HM2_HVF,8M6HM2_HVF,07/24/2026 3:41:23 PM,8M6HM2_HVF,D1D,3,7925548
D602622,404,GT6QW404JKF2,0,0.007184,0.025079,0,0,0.00898,0,0,0,0.001796,0.003592,0,0,0.003592,0,D6026220,PNCB,04/20/2026 2:25:30 AM,FDM408,8M6HM2_HVF,8M6HM2_HVF,07/24/2026 3:40:27 PM,8M6HM2_HVF,D1D,4,7925711
D602622,405,GT6QW405JKC1,0,0.003464,0.032904,0.003464,0,0.006927,0,0.003464,0,0,0,0,0,0,,D6026220,PNCB,04/20/2026 2:25:30 AM,FDM408,8M6HM2_HVF,8M6HM2_HVF,07/24/2026 3:40:33 PM,8M6HM2_HVF,D1D,5,7925593
D602622,406,GT6QW406JKG3,0,0.003848,0.070714,0,0.001924,0.001924,0,0,0,0.001924,0.008659,0,0,0.006254,0,D6026220,PNCB,04/20/2026 2:25:30 AM,FDM408,8M6HM2_HVF,8M6HM2_HVF,07/24/2026 3:43:52 PM,8M6HM2_HVF,D1D,6,7925644
D602622,407,GT6QW407JKD2,0,0.001732,0.020781,0.001732,0.001732,0.005195,0,0.003464,0,0.001732,0,0,0.005195,0.005195,,D6026220,PNCB,04/20/2026 2:25:30 AM,FDM408,8M6HM2_HVF,8M6HM2_HVF,07/24/2026 3:43:26 PM,8M6HM2_HVF,D1D,7,7925710
D602622,408,GT6QW408JKA1,0,0.010391,0.025976,0.003464,0,0.005195,0,0.001732,0,0,0,0,0.003464,0.017318,,D6026220,PNCB,04/20/2026 2:25:30 AM,FDM408,8M6HM2_HVF,8M6HM2_HVF,07/24/2026 3:43:09 PM,8M6HM2_HVF,D1D,8,7925554
D602622,409,GT6QW409JKE3,0,0.001732,0.012122,0.001732,0,0.001732,0,0,0,0,0,0,0.001732,0,,D6026220,PNCB,04/20/2026 2:25:30 AM,FDM408,8M6HM2_HVF,8M6HM2_HVF,07/24/2026 3:44:13 PM,8M6HM2_HVF,D1D,9,7925667
D602622,410,GT6QW410JKA1,0,0.014893,0.042255,0.001732,0,0.005195,0,0.001732,0,0.008659,0.001732,0,0.001732,0,0,D6026220,PNCB,04/20/2026 2:25:30 AM,FDM408,8M6HM2_HVF,8M6HM2_HVF,07/24/2026 3:41:10 PM,8M6HM2_HVF,D1D,10,7925626
D602622,447,GT6QW447JKG4,0,0.013854,0.013854,0,0,0.006927,0,0.001732,0,0.005195,0,0,0.005195,0,,D6026220,PNCB,04/20/2026 2:25:30 AM,FDM408,8M6HM2_HVF,8M6HM2_HVF,07/24/2026 3:41:35 PM,8M6HM2_HVF,D1D,11,7925609
D602622,448,GT6QW448JKD3,0,0.010391,0.034635,0.001732,0,0.003464,0,0.003464,0,0.003464,0,0,0,0.001732,,D6026220,PNCB,04/20/2026 2:25:30 AM,FDM408,8M6HM2_HVF,8M6HM2_HVF,07/24/2026 3:43:59 PM,8M6HM2_HVF,D1D,12,7925649
D602622,449,GT6QW449JKA2,0,0.003464,0.019049,0,0,0.001732,0,0,0,0,0,0,0.005195,0.003464,,D6026220,PNCB,04/20/2026 2:25:30 AM,FDM408,8M6HM2_HVF,8M6HM2_HVF,07/24/2026 3:44:38 PM,8M6HM2_HVF,D1D,13,7925551
D602622,450,GT6QW450JKD3,0,0.015586,0.013854,0.008659,0.013854,0.012122,0,0.003464,0,0.001732,0,0,0.005195,0.005195,,D6026220,PNCB,04/20/2026 2:25:30 AM,FDM408,8M6HM2_HVF,8M6HM2_HVF,07/24/2026 3:41:18 PM,8M6HM2_HVF,D1D,14,7925620
D602622,458,GT6QW458JKA4,0,0.005195,0.019049,0.001732,0,0.008659,0,0.005195,0,0.005195,0,0,0.020781,0.022513,,D6026220,PNCB,04/20/2026 2:25:30 AM,FDM408,8M6HM2_HVF,8M6HM2_HVF,07/24/2026 3:45:00 PM,8M6HM2_HVF,D1D,15,7925681
D602622,459,GT6QW459JKE6,0,0.003464,0.020781,0.003464,0,0,0,0.001732,0,0,0,0,0.001732,0.001732,,D6026220,PNCB,04/20/2026 2:25:30 AM,FDM408,8M6HM2_HVF,8M6HM2_HVF,07/24/2026 3:41:29 PM,8M6HM2_HVF,D1D,16,7925669
D602622,460,GT6QW460JKA4,0,0,0.017318,0,0,0.001732,0,0.003464,0,0.001732,0,0,0.006927,0,,D6026220,PNCB,04/20/2026 2:25:30 AM,FDM408,8M6HM2_HVF,8M6HM2_HVF,07/24/2026 3:45:19 PM,8M6HM2_HVF,D1D,17,7925664
D602622,461,GT6QW461JKE6,0,0.001732,0.019049,0,0.003464,0,0,0.001732,0,0.003464,0,0,0,0.001732,,D6026220,PNCB,04/20/2026 2:25:30 AM,FDM408,8M6HM2_HVF,8M6HM2_HVF,07/24/2026 3:44:27 PM,8M6HM2_HVF,D1D,18,7925598
D602622,462,GT6QW462JKB5,0,0.006927,0.024245,0.001732,0,0.022513,0,0,0,0.001732,0,0,0,0,,D6026220,PNCB,04/20/2026 2:25:30 AM,FDM408,8M6HM2_HVF,8M6HM2_HVF,07/24/2026 3:44:20 PM,8M6HM2_HVF,D1D,19,7925668
D602622,463,GT6QW463JKF7,0,0.016518,0.038498,0,0,0.003597,0,0,0,0,0.005462,0,0,0,0,D6026220,PNCB,04/20/2026 2:25:30 AM,FDM408,8M6HM2_HVF,8M6HM2_HVF,07/24/2026 3:43:14 PM,8M6HM2_HVF,D1D,20,7925660
D602622,464,GT6QW464JKC6,0,0.003464,0.013854,0.003464,0,0.001732,0,0.003464,0,0.010391,0,0,0.006927,0,,D6026220,PNCB,04/20/2026 2:25:30 AM,FDM408,8M6HM2_HVF,8M6HM2_HVF,07/24/2026 3:43:46 PM,8M6HM2_HVF,D1D,21,7925589
D602622,465,GT6QW465JKH0,0,0.006927,0.013854,0.001732,0,0.005195,0,0.005195,0,0.001732,0,0,0.001732,0,,D6026220,PNCB,04/20/2026 2:25:30 AM,FDM408,8M6HM2_HVF,8M6HM2_HVF,07/24/2026 3:44:29 PM,8M6HM2_HVF,D1D,22,7925693
D602622,466,GT6QW466JKD7,0,0.003464,0.012122,0,0,0.003464,0,0,0,0,0,0,0,0,,D6026220,PNCB,04/20/2026 2:25:30 AM,FDM408,8M6HM2_HVF,8M6HM2_HVF,07/24/2026 3:44:48 PM,8M6HM2_HVF,D1D,23,7925581
D602622,467,GT6QW467JKA6,0,0.008659,0.003464,0,0,0.001732,0,0,0,0.005195,0,0,0.001732,0.001732,,D6026220,PNCB,04/20/2026 2:25:30 AM,FDM408,8M6HM2_HVF,8M6HM2_HVF,07/24/2026 3:45:29 PM,8M6HM2_HVF,D1D,24,7925694
D602622,468,GT6QW468JKF0,0,0.006927,0.017318,0.003464,0,0.006927,0,0,0,0.001732,0,0,0,0,,D6026220,PNCB,04/20/2026 2:25:30 AM,FDM408,8M6HM2_HVF,8M6HM2_HVF,07/24/2026 3:43:41 PM,8M6HM2_HVF,D1D,25,7925585
D602963,22,KJ7YR022WFG3,0,0.010425,0.038225,0,0,0.015637,0,0,0,0.001737,0,0,0,0,,D6029630,PXMG,04/20/2026 9:57:35 AM,FDM406,8M6HM2_HVF,8M6HM2_HVF,08/09/2026 8:12:29 PM,8M6HM2_HVF,D1D,1,7928964
D602963,23,KJ7YR023WFD2,0,0.012162,0.031275,0.003475,0.001737,0.005212,0,0,0,0.001737,0,0,0,0.003475,,D6029630,PXMG,04/20/2026 9:57:35 AM,FDM406,8M6HM2_HVF,8M6HM2_HVF,08/09/2026 4:33:41 AM,8M6HM2_HVF,D1D,2,7928945
D603132,477,GT7PS477JKC5,0,0.005195,0.05888,0.005195,0,0.003464,0,0.001732,0,0.001732,0.001732,0,0.005195,0.006927,,D6031320,PNCB,04/19/2026 7:07:54 AM,FDM406,8M6HM2_HVF,8M6HM2_HVF,07/24/2026 3:40:58 PM,8M6HM2_HVF,D1D,1,7950975
D603132,479,GT7PS479JKD6,0,0.005195,0.041562,0,0.001732,0.001732,0,0,0,0.001732,0,0,0.006927,0.010391,,D6031320,PNCB,04/19/2026 7:07:54 AM,FDM406,8M6HM2_HVF,8M6HM2_HVF,07/24/2026 3:41:04 PM,8M6HM2_HVF,D1D,2,7951005
D603125,553,KJ7YM553WFD1,0,0.005195,0.020781,0.003464,0.001732,0,0,0.001732,0,0.003464,0,0,0,0.001732,,D6031250,PNCB,04/19/2026 8:24:51 AM,FDM404,8M6HM2_HVF,8M6HM2_HVF,07/24/2026 3:40:52 PM,8M6HM2_HVF,D1D,1,7955199
D603125,580,KJ7YM580WFD7,0,0.003464,0.005195,0,0,0.003464,0,0,0,0.001732,0.001732,0,0,0,,D6031250,PNCB,04/19/2026 8:24:51 AM,FDM404,8M6HM2_HVF,8M6HM2_HVF,07/24/2026 3:40:58 PM,8M6HM2_HVF,D1D,2,7955277
D603130,2,KJD2F002WFD4,0,0.001732,0.012122,0.003464,0.001732,0.012122,0,0,0,0.003464,0,0.001732,0,0,,D6031300,PNCB,04/19/2026 4:16:56 PM,FDM404,8M6HM2_HVF,8M6HM2_HVF,07/24/2026 3:40:40 PM,8M6HM2_HVF,D1D,1,7951281
D603130,3,KJD2F003WFA3,0,0.01524,0.041909,0,0.001732,0.005195,0,0,0,0.001732,0,0,0.001732,0.003464,0,D6031300,PNCB,04/19/2026 4:16:56 PM,FDM404,8M6HM2_HVF,8M6HM2_HVF,07/24/2026 3:40:47 PM,8M6HM2_HVF,D1D,2,7951272
D602623,36,A26LJ036SLD6,0,0.006542,0.045347,0,0,0.002181,0,0,0,0.004361,0,0,0,0.002181,0,D6026230,PNCB,04/19/2026 5:14:41 PM,FDM404,8M6HM2_HVF,8M6HM2_HVF,07/24/2026 3:40:52 PM,8M6HM2_HVF,D1D,1,7925631
D602623,44,A26LJ044SLH1,0,0.005195,0.019049,0.003464,0,0.012122,0,0.003464,0,0,0.001732,0,0,0,,D6026230,PNCB,04/19/2026 5:14:41 PM,FDM404,8M6HM2_HVF,8M6HM2_HVF,07/24/2026 3:40:46 PM,8M6HM2_HVF,D1D,2,7925628
D602633,8,5DXAX008MVC1,0,0.00695,0.0278,0.003475,0.008687,0.005212,0,0.003475,0,0.010425,0.005212,0,0.00695,0.024325,,D6026330,PXMG,04/24/2026 7:28:35 PM,FDM410,8M6HM2_HVF,8M6HM2_HVF,07/24/2026 3:40:00 PM,8M6HM2_HVF,D1D,1,7909773
D602633,9,5DXAX009MVG3,0,0.01112,0.067299,0.001853,0.001853,0.003707,0,0.001853,0,0.003707,0,0,0.00556,0.00556,0,D6026330,PXMG,04/24/2026 7:28:35 PM,FDM410,8M6HM2_HVF,8M6HM2_HVF,07/24/2026 3:36:31 PM,8M6HM2_HVF,D1D,2,7909835
D602633,14,5DXAX014MVE3,0,0.008687,0.022587,0.001737,0,0,0,0.003475,0,0.001737,0,0,0.00695,0.001737,,D6026330,PXMG,04/24/2026 7:28:35 PM,FDM410,8M6HM2_HVF,8M6HM2_HVF,07/24/2026 3:39:44 PM,8M6HM2_HVF,D1D,3,7909721
D602633,15,5DXAX015MVB2,0,0.012162,0.0417,0,0.005212,0.008687,0,0.001737,0,0.005212,0.003475,0,0.00695,0.00695,,D6026330,PXMG,04/24/2026 7:28:35 PM,FDM410,8M6HM2_HVF,8M6HM2_HVF,07/24/2026 3:39:50 PM,8M6HM2_HVF,D1D,4,7909661
D602641,301,GT7PS301JKF4,0,0.003475,0.0278,0.001737,0.001737,0.008687,0,0.003475,0,0.00695,0.003475,0,0,0.003475,,D6026410,PXMG,04/23/2026 6:56:17 PM,FDM408,8M6HM2_HVF,8M6HM2_HVF,07/24/2026 3:39:58 PM,8M6HM2_HVF,D1D,1,7912570
D602641,302,GT7PS302JKC3,0,0.013683,0.02932,0.009773,0.001955,0.001955,0,0.003909,0,0.003692,0.001955,0,0.009773,0.019547,0,D6026410,PXMG,04/23/2026 6:56:17 PM,FDM408,8M6HM2_HVF,8M6HM2_HVF,07/24/2026 3:39:50 PM,8M6HM2_HVF,D1D,2,7912730
D603157,459,GT8RS459JKC5,0,0.003475,0.0417,0.001737,0,0,0,0.003475,0,0.003475,0.00695,0,0.003475,0,,D6031570,PXMG,04/28/2026 1:17:44 AM,FDM410,8M6HM2_HVF,8M6HM2_HVF,07/24/2026 3:39:23 PM,8M6HM2_HVF,D1D,1,7944915
D603157,460,GT8RS460JKF6,0,0.00695,0.0278,0.001737,0,0.003475,0,0.001737,0,0.001737,0.001737,0,0.001737,0.001737,,D6031570,PXMG,04/28/2026 1:17:44 AM,FDM410,8M6HM2_HVF,8M6HM2_HVF,07/24/2026 3:39:17 PM,8M6HM2_HVF,D1D,2,7944819
D603149,4,A25YU004SLA7,0,0.015519,0.03334,0.007081,0,0.019473,0,0.00177,0,0.007081,0.00177,0,0.027498,0.011566,0,D6031490,PXMG,04/26/2026 8:22:53 PM,FDM410,8M6HM2_HVF,8M6HM2_HVF,07/24/2026 3:39:13 PM,8M6HM2_HVF,D1D,1,7945768
D603149,20,A25YU020SLA2,0,0.00695,0.008687,0.005212,0.005212,0.010425,0,0.00695,0,0.00695,0,0,0.003475,0.00695,,D6031490,PXMG,04/26/2026 8:22:53 PM,FDM410,8M6HM2_HVF,8M6HM2_HVF,07/24/2026 3:39:29 PM,8M6HM2_HVF,D1D,2,7945826
D602607,338,KJ7KE338WFB5,0,0.008659,0.006927,0,0,0.010391,0,0.001732,0,0.005195,0,0,0.001732,0.001732,,D6026070,PNCB,05/02/2026 7:23:01 PM,FDM410,8M6HM2_HVF,8M6HM2_HVF,07/26/2026 1:26:41 PM,8M6HM2_HVF,D1D,1,7919697
D602607,339,KJ7KE339WFF7,0,0.005195,0.010391,0.003464,0,0.003464,0,0.001732,0,0.003464,0,0,0,0,,D6026070,PNCB,05/02/2026 7:23:01 PM,FDM410,8M6HM2_HVF,8M6HM2_HVF,07/26/2026 1:26:38 PM,8M6HM2_HVF,D1D,2,7919691
D603144,511,GT8RS511JKB3,0,0.003801,0.057728,0.022805,0.003801,0.01972,0,0.007602,0,0.003801,0,0,0.148729,0.081249,0,D6031440,PXMG,05/01/2026 12:59:35 AM,FDM410,8M6HM2_HVF,8M6HM2_HVF,07/31/2026 12:48:08 AM,8M6HM2_HVF,D1D,1,7945802
D603144,512,GT8RS512JKF5,0,0.003475,0.029537,0.003475,0.001737,0,0,0,0,0.003475,0,0,0.012162,0.022587,,D6031440,PXMG,05/01/2026 12:59:35 AM,FDM410,8M6HM2_HVF,8M6HM2_HVF,07/26/2026 1:17:03 PM,8M6HM2_HVF,D1D,2,7945761
D603152,49,ICDKA049MMC0,0,0,0.017375,0.011873,0.005792,0.006081,0,0,0,0.002027,0,0,0.019981,0.020271,0,D6031520,PXMG,04/29/2026 3:14:05 PM,FDM406,8M6HM2_HVF,8M6HM2_HVF,07/24/2026 3:36:30 PM,8M6HM2_HVF,D1D,1,7945010
D603152,50,ICDKA050MMF1,0,0.008687,0.032144,0.001737,0.004691,0.002954,0,0.006429,0,0.003475,0,0,0.017375,0.035445,0,D6031520,PXMG,04/29/2026 3:14:05 PM,FDM406,8M6HM2_HVF,8M6HM2_HVF,07/24/2026 3:39:01 PM,8M6HM2_HVF,D1D,2,7945050
D602964,1,KJ7KK001WFA1,0,0.023977,0.092782,0,0,0.018939,0,0,0,0.003475,0.010251,0,0.001737,0.001737,0,D6029640,PXMG,05/17/2026 6:24:33 AM,FDM402,8M6HM2_HVF,8M6HM2_HVF,08/01/2026 6:45:56 AM,8M6HM2_HVF,D1D,1,7930981
D602964,51,KJ7KK051WFA4,0,0.014672,0.041893,0.001737,0,0.005212,0,0.001737,0,0.008687,0.00251,0,0,0.003475,0,D6029640,PXMG,05/17/2026 6:24:33 AM,FDM402,8M6HM2_HVF,8M6HM2_HVF,08/01/2026 6:56:40 AM,8M6HM2_HVF,D1D,2,7931179
D548538,151,GT4TS151JKG5,0,0.00204,0.08519,0.00204,0,0,0,0,0,0.005386,0,0,0.00204,0.004079,0,D5485380,PXMG,03/06/2026 8:35:22 AM,FDM404,8M6HM2_HVF,8M6HM2_HVF,07/24/2026 3:26:10 PM,8M6HM2_HVF,D1D,1,7714647
D548538,152,GT4TS152JKD4,0,0.027279,0.151683,0,0.001737,0.001737,0,0,0,0.003475,0.001737,0,0.003475,0.001737,0,D5485380,PXMG,03/06/2026 8:35:22 AM,FDM404,8M6HM2_HVF,8M6HM2_HVF,07/24/2026 3:26:20 PM,8M6HM2_HVF,D1D,2,7714671
D550155,5,A25EA005SLE0,0,0.005212,0.00695,0,0.001737,0.001737,0,0.003475,0,0.008687,0,0,0.005212,0.001737,,D5501550,PXMG,03/07/2026 6:26:01 AM,FDM402,8M6HM2_HVF,8M6HM2_HVF,07/24/2026 3:26:01 PM,8M6HM2_HVF,D1D,1,7768796
D550155,11,A25EA011SLG2,0,0.010425,0.017375,0,0,0.001737,0,0.003475,0,0.00695,0,0,0.001737,0,,D5501550,PXMG,03/07/2026 6:26:01 AM,FDM402,8M6HM2_HVF,8M6HM2_HVF,07/24/2026 3:25:52 PM,8M6HM2_HVF,D1D,2,7768916
D549602,745,KJ6GU745WFE1,0,0.008687,0.072974,0,0,0.00695,0,0.001737,0,0,0,0.001737,0,0.008687,,D5496020,PXMG,03/02/2026 7:35:22 AM,FDM406,8M6HM2_HVF,8M6HM2_HVF,07/24/2026 3:27:51 PM,8M6HM2_HVF,D1D,1,7738674
D549602,779,KJ6GU779WFF1,0,0.012162,0.059075,0.001737,0,0.00695,0,0.017375,0,0,0,0,0.001737,0.00695,,D5496020,PXMG,03/02/2026 7:35:22 AM,FDM406,8M6HM2_HVF,8M6HM2_HVF,07/24/2026 3:27:42 PM,8M6HM2_HVF,D1D,2,7738698
D550176,350,KJ7KN350WFC1,0,0.019112,0.042472,0.003475,0,0.013128,0,0.005212,0,0.00695,0.003475,0.001737,0.008687,0.003475,0,D5501760,PXMG,03/14/2026 5:47:29 PM,FDM406,8M6HM2_HVF,8M6HM2_HVF,07/24/2026 3:23:35 PM,8M6HM2_HVF,D1D,1,7777291
D550176,353,KJ7KN353WFA1,0,0.001737,0.015637,0.001737,0.001737,0.001737,0,0.003475,0,0.010425,0,0,0.005212,0.010425,,D5501760,PXMG,03/14/2026 5:47:29 PM,FDM406,8M6HM2_HVF,8M6HM2_HVF,07/24/2026 3:23:37 PM,8M6HM2_HVF,D1D,2,7777428
D549589,51,A22JR051SLD1,0,0.003464,0.017318,0,0,0.003464,0,0,0,0.001732,0.001732,0,0,0,,D5495890,PNCB,03/14/2026 2:51:03 AM,FDM408,8M6HM2_HVF,8M6HM2_HVF,07/24/2026 3:23:51 PM,8M6HM2_HVF,D1D,1,7752202
D549589,52,A22JR052SLA0,0,0.001732,0.008659,0.003464,0,0.005195,0,0.001732,0,0,0.001732,0,0,0.003464,,D5495890,PNCB,03/14/2026 2:51:03 AM,FDM408,8M6HM2_HVF,8M6HM2_HVF,07/24/2026 3:23:45 PM,8M6HM2_HVF,D1D,2,7752308
D549117,726,GT7PT726JKD1,0,0.008687,0.0278,0.001737,0,0.001737,0,0,0,0.003475,0.005212,0,0.001737,0,,D5491170,PXMG,03/10/2026 1:06:37 PM,FDM406,8M6HM2_HVF,8M6HM2_HVF,07/24/2026 3:24:49 PM,8M6HM2_HVF,D1D,1,7742373
D549117,727,GT7PT727JKA0,0,0.007471,0.045348,0,0.001737,0.007471,0,0.001737,0,0.016159,0,0.001737,0,0.001737,0,D5491170,PXMG,03/10/2026 1:06:37 PM,FDM406,8M6HM2_HVF,8M6HM2_HVF,07/24/2026 3:24:51 PM,8M6HM2_HVF,D1D,2,7742255
D549126,104,GT5VX104JKG5,0,0.012162,0.029537,0,0.001737,0.008687,0,0.001737,0,0.001737,0,0,0.001737,0,,D5491260,PXMG,03/10/2026 9:36:20 AM,FDM410,8M6HM2_HVF,8M6HM2_HVF,07/24/2026 3:25:08 PM,8M6HM2_HVF,D1D,1,7744938
D549126,107,GT5VX107JKE5,0,0.0139,0.0139,0.00695,0.001737,0.00695,0,0.001737,0,0.005212,0,0,0.008687,0.001737,,D5491260,PXMG,03/10/2026 9:36:20 AM,FDM410,8M6HM2_HVF,8M6HM2_HVF,07/24/2026 3:25:06 PM,8M6HM2_HVF,D1D,2,7745105
D548948,16,KJ6GQ016WFG7,0,0.012162,0.015637,0.00695,0.001737,0.012162,0,0.005212,0,0.010425,0,0,0.001737,0.00695,,D5489480,PXMG,03/09/2026 8:49:12 AM,FDM402,8M6HM2_HVF,8M6HM2_HVF,07/24/2026 3:25:18 PM,8M6HM2_HVF,D1D,1,7736281
D548948,234,KJ6GQ234WFF5,0,0.012162,0.008687,0.003475,0,0.00695,0,0,0,0.005212,0,0,0.003475,0.001737,,D5489480,PXMG,03/09/2026 8:49:12 AM,FDM402,8M6HM2_HVF,8M6HM2_HVF,07/24/2026 3:25:21 PM,8M6HM2_HVF,D1D,2,7736204
D550170,73,A23M2073SLE6,0,0.00695,0.026062,0,0.001737,0.003475,0,0.001737,0,0.00695,0,0,0.003475,0.00695,,D5501700,PXMG,03/14/2026 5:55:30 PM,FDM410,8M6HM2_HVF,8M6HM2_HVF,07/24/2026 3:23:40 PM,8M6HM2_HVF,D1D,1,7777562
D550170,74,A23M2074SLB5,0,0.020155,0.033012,0,0,0.008687,0,0.001737,0,0.007297,0.002085,0,0.012162,0.001737,0,D5501700,PXMG,03/14/2026 5:55:30 PM,FDM410,8M6HM2_HVF,8M6HM2_HVF,07/24/2026 3:23:34 PM,8M6HM2_HVF,D1D,2,7777367
D549105,57,A23M2057SLF3,0,0.026062,0.0278,0.001737,0,0.015637,0,0.001737,0,0.001737,0.001737,0,0.001737,0,,D5491050,PXMG,03/17/2026 5:59:24 PM,FDM408,8M6HM2_HVF,8M6HM2_HVF,07/24/2026 3:23:08 PM,8M6HM2_HVF,D1D,1,7740451
D549105,58,A23M2058SLC2,0,0.0139,0.03475,0,0.001737,0.00695,0,0.003475,0,0.00695,0,0,0,0,,D5491050,PXMG,03/17/2026 5:59:24 PM,FDM408,8M6HM2_HVF,8M6HM2_HVF,07/24/2026 3:22:59 PM,8M6HM2_HVF,D1D,2,7740448
D549105,117,A23SY117SLE3,0,0.0278,0.026062,0,0,0.005212,0,0.001737,0,0.001737,0,0,0,0.001737,,D5491050,PXMG,03/17/2026 5:59:24 PM,FDM408,8M6HM2_HVF,8M6HM2_HVF,07/24/2026 3:22:53 PM,8M6HM2_HVF,D1D,3,7740483
D549105,118,A23SY118SLB2,0,0.017375,0.03475,0,0.001737,0.0139,0,0.003475,0,0.00695,0,0,0.001737,0.001737,,D5491050,PXMG,03/17/2026 5:59:24 PM,FDM408,8M6HM2_HVF,8M6HM2_HVF,07/24/2026 3:23:14 PM,8M6HM2_HVF,D1D,4,7740420
D549105,119,A23SY119SLF4,0,0.010425,0.039962,0.003475,0.003475,0.019112,0,0,0,0.003475,0,0,0,0,,D5491050,PXMG,03/17/2026 5:59:24 PM,FDM408,8M6HM2_HVF,8M6HM2_HVF,07/24/2026 3:23:19 PM,8M6HM2_HVF,D1D,5,7740547
D549110,29,GT5VX029JKA7,0,0.001737,0.00695,0.001737,0.001737,0.001737,0,0,0,0.001737,0,0,0.022587,0.0139,,D5491100,PXMG,03/19/2026 3:44:59 PM,FDM404,8M6HM2_HVF,8M6HM2_HVF,07/24/2026 3:22:28 PM,8M6HM2_HVF,D1D,1,7740917
D549110,30,GT5VX030JKE0,0,0.005212,0.022587,0,0.001737,0.003475,0,0,0,0,0,0,0.008687,0.001737,,D5491100,PXMG,03/19/2026 3:44:59 PM,FDM404,8M6HM2_HVF,8M6HM2_HVF,07/24/2026 3:22:22 PM,8M6HM2_HVF,D1D,2,7740911
D550157,52,A22SS052SLF2,0,0.0139,0.010425,0.005212,0,0.005212,0,0.010425,0,0.008687,0.003475,0,0.005212,0.003475,,D5501570,PXMG,03/19/2026 10:25:50 PM,FDM406,8M6HM2_HVF,8M6HM2_HVF,07/24/2026 3:22:20 PM,8M6HM2_HVF,D1D,1,7768997
D550157,60,A22SS060SLB2,0,0.010425,0.00695,0.001737,0.001737,0.00695,0,0.003475,0,0.0139,0,0,0.001737,0.003475,,D5501570,PXMG,03/19/2026 10:25:50 PM,FDM406,8M6HM2_HVF,8M6HM2_HVF,07/24/2026 3:22:03 PM,8M6HM2_HVF,D1D,2,7769111
D549590,249,KJ6GN249WFA6,0,0.008659,0.055416,0,0,0.003464,0,0,0,0.001732,0,0,0,0.003464,,D5495900,PNCB,03/17/2026 1:52:07 PM,FDM406,8M6HM2_HVF,8M6HM2_HVF,07/24/2026 3:22:49 PM,8M6HM2_HVF,D1D,1,7752297
D549590,412,KJ6GN412WFA0,0,0.013854,0.057148,0,0.001732,0.006927,0,0.003464,0,0.001732,0,0,0.003464,0,,D5495900,PNCB,03/17/2026 1:52:07 PM,FDM406,8M6HM2_HVF,8M6HM2_HVF,07/24/2026 3:22:55 PM,8M6HM2_HVF,D1D,2,7752312
D550171,102,A23Z5102SLA7,0,0.0139,0.015637,0.001737,0,0.00695,0,0.005212,0,0.005212,0,0,0.001737,0.005212,,D5501710,PXMG,03/16/2026 10:40:45 PM,FDM408,8M6HM2_HVF,8M6HM2_HVF,07/24/2026 3:23:16 PM,8M6HM2_HVF,D1D,1,7777511
D550171,103,A23Z5103SLF1,0,0.008687,0.017375,0.001737,0,0.010425,0,0,0,0.005212,0,0,0.010425,0.005212,,D5501710,PXMG,03/16/2026 10:40:45 PM,FDM408,8M6HM2_HVF,8M6HM2_HVF,07/24/2026 3:23:01 PM,8M6HM2_HVF,D1D,2,7777435
D549120,252,MCK3H252WAC2,0,0.003475,0.015637,0,0,0.008687,0,0,0,0.019112,0.001737,0,0,0,,D5491200,PXMG,03/16/2026 7:40:23 PM,FDM402,8M6HM2_HVF,8M6HM2_HVF,07/24/2026 3:23:06 PM,8M6HM2_HVF,D1D,1,7742372
D549120,267,MCK3H267WAF7,0,0.008687,0.005212,0.001737,0,0.003475,0,0.00695,0,0.005212,0,0,0.001737,0.003475,,D5491200,PXMG,03/16/2026 7:40:23 PM,FDM402,8M6HM2_HVF,8M6HM2_HVF,07/24/2026 3:22:59 PM,8M6HM2_HVF,D1D,2,7742275
D549591,65,GT9AE065JKF5,0,0.008659,0.039831,0,0.001732,0.005195,0,0,0,0.001732,0.001732,0,0.005195,0.001732,0,D5495910,PNCB,03/17/2026 1:58:08 AM,FDM404,8M6HM2_HVF,8M6HM2_HVF,07/24/2026 3:22:56 PM,8M6HM2_HVF,D1D,1,7752060
D549591,67,GT9AE067JKG6,0,0.012122,0.010391,0.001732,0,0.008659,0,0,0,0.001732,0,0,0.005195,0.001732,,D5495910,PNCB,03/17/2026 1:58:08 AM,FDM404,8M6HM2_HVF,8M6HM2_HVF,07/24/2026 3:22:51 PM,8M6HM2_HVF,D1D,2,7752085
D550142,255,GT4TT255JKB0,0,0.001732,0.017318,0.001732,0,0.010391,0,0.003464,0,0.005195,0,0,0,0,,D5501420,PNCB,03/15/2026 7:06:32 AM,FDM402,8M6HM2_HVF,8M6HM2_HVF,07/24/2026 3:23:24 PM,8M6HM2_HVF,D1D,1,7770368
D550142,256,GT4TT256JKF2,0,0.005195,0.055416,0.001732,0,0.001732,0,0,0,0.005195,0,0,0.001732,0.001732,,D5501420,PNCB,03/15/2026 7:06:32 AM,FDM402,8M6HM2_HVF,8M6HM2_HVF,07/24/2026 3:23:30 PM,8M6HM2_HVF,D1D,2,7770327
D549118,107,A23JN107SLF5,0,0.008687,0.0139,0.001737,0,0.017375,0,0.001737,0,0.001737,0,0,0,0.001737,,D5491180,PXMG,03/16/2026 12:06:51 AM,FDM410,8M6HM2_HVF,8M6HM2_HVF,07/24/2026 3:23:11 PM,8M6HM2_HVF,D1D,1,7742473
D549118,109,A23JN109SLG6,0,0.001737,0.022587,0.005212,0,0.008687,0,0,0,0.00695,0,0,0.001737,0.003475,,D5491180,PXMG,03/16/2026 12:06:51 AM,FDM410,8M6HM2_HVF,8M6HM2_HVF,07/24/2026 3:23:20 PM,8M6HM2_HVF,D1D,2,7742452
D548542,230,GT6QW230JKD4,0,0.022524,0.065756,0,0.005449,0,0,0.005813,0,0.007266,0.007629,0,0,0.005449,0,D5485420,PXMG,03/21/2026 5:08:55 PM,FDM402,8M6HM2_HVF,8M6HM2_HVF,07/24/2026 3:22:19 PM,8M6HM2_HVF,D1D,1,7715004
D548542,232,GT6QW232JKE5,0,0.008687,0.005212,0.005212,0.001737,0.001737,0,0.001737,0,0.005212,0.008687,0,0.010425,0.00695,,D5485420,PXMG,03/21/2026 5:08:55 PM,FDM402,8M6HM2_HVF,8M6HM2_HVF,07/24/2026 3:21:48 PM,8M6HM2_HVF,D1D,2,7715110
D548542,240,GT6QW240JKA5,0,0.010425,0.029537,0.001737,0.001737,0.00695,0,0.005212,0,0.005212,0.003475,0,0,0.001737,,D5485420,PXMG,03/21/2026 5:08:55 PM,FDM402,8M6HM2_HVF,8M6HM2_HVF,07/24/2026 3:22:10 PM,8M6HM2_HVF,D1D,3,7714913
D548542,266,GT6QW266JKF5,0,0.001737,0.010425,0,0.001737,0.003475,0,0.005212,0,0.008687,0,0,0.008687,0,,D5485420,PXMG,03/21/2026 5:08:55 PM,FDM402,8M6HM2_HVF,8M6HM2_HVF,07/24/2026 3:22:08 PM,8M6HM2_HVF,D1D,4,7715140
D550167,503,GT4TT503JKE2,0,0.008687,0.02085,0.001737,0,0.003475,0,0,0,0.005212,0,0,0.001737,0.003475,,D5501670AT,PXMG,03/20/2026 2:46:57 PM,FDM404,8M6HM2_HVF,8M6HM2_HVF,07/24/2026 3:22:47 PM,8M6HM2_HVF,D1D,1,8282335
D550167,504,GT4TT504JKB1,0,0.005212,0.024325,0.003475,0.001737,0.024325,0,0.008687,0,0.012162,0,0,0,0.005212,,D5501670AT,PXMG,03/20/2026 2:46:57 PM,FDM404,8M6HM2_HVF,8M6HM2_HVF,07/24/2026 3:22:08 PM,8M6HM2_HVF,D1D,2,8282387
D550167,505,GT4TT505JKF3,0,0.012162,0.060812,0.003475,0,0.008687,0,0.003475,0,0.003475,0,0,0,0.003475,,D5501670AT,PXMG,03/20/2026 11:29:31 AM,FDM404,8M6HM2_HVF,8M6HM2_HVF,07/24/2026 3:22:35 PM,8M6HM2_HVF,D1D,3,8282384
D550167,507,GT4TT507JKG4,0,0.0139,0.03475,0.001737,0,0,0,0.003475,0,0.0139,0,0,0.001737,0.003475,,D5501670AT,PXMG,03/20/2026 11:29:31 AM,FDM404,8M6HM2_HVF,8M6HM2_HVF,07/24/2026 3:22:45 PM,8M6HM2_HVF,D1D,4,8282407
D550175,113,KJ7JD113WFG5,0,0.021986,0.060237,0.006415,0.002138,0.006415,0,0.006415,0,0.008674,0.010692,0,0.006415,0.004397,0,D5501750,PXMG,03/21/2026 11:48:30 AM,FDM408,8M6HM2_HVF,8M6HM2_HVF,07/24/2026 3:21:48 PM,8M6HM2_HVF,D1D,1,7777360
D550175,336,KJ7HW336WFF5,0,0.0139,0.046912,0,0.001737,0.001737,0,0,0,0.003475,0.001737,0,0.003475,0.001737,,D5501750,PXMG,03/21/2026 11:48:30 AM,FDM408,8M6HM2_HVF,8M6HM2_HVF,07/24/2026 3:22:22 PM,8M6HM2_HVF,D1D,2,7777449
D550175,443,KJ7HW443WFD7,0,0.010772,0.049518,0.001737,0,0.005212,0,0,0,0.001911,0.001911,0,0.005386,0,0,D5501750,PXMG,03/21/2026 11:48:30 AM,FDM408,8M6HM2_HVF,8M6HM2_HVF,07/24/2026 3:22:11 PM,8M6HM2_HVF,D1D,3,7777497
D550175,503,KJ7HW503WFH1,0,0.021892,0.03058,0,0,0,0,0.001737,0,0.005212,0.00417,0,0.00695,0.002432,0,D5501750,PXMG,03/21/2026 11:48:30 AM,FDM408,8M6HM2_HVF,8M6HM2_HVF,07/24/2026 3:22:19 PM,8M6HM2_HVF,D1D,4,7777572
D550157,66,A22SS066SLE5,0,0.00202,0.010099,0.00202,0,0,0,0.003757,0,0.003757,0.00202,0,0.140823,0.00404,0,D5501570AS,PXMG,03/20/2026 10:46:07 PM,FDM408,8M6HM2_HVF,8M6HM2_HVF,07/24/2026 3:22:12 PM,8M6HM2_HVF,D1D,1,8283829
D550157,68,A22SS068SLF6,0,0.017375,0.031275,0,0,0.001737,0,0,0,0,0.001737,0,0,0.005212,,D5501570AS,PXMG,03/20/2026 10:46:07 PM,FDM408,8M6HM2_HVF,8M6HM2_HVF,07/24/2026 3:22:06 PM,8M6HM2_HVF,D1D,2,8283846
D549123,18,MCK3P018WAH1,0,0.008687,0.033012,0.001737,0,0.003475,0,0.001737,0,0.005212,0,0,0.0139,0,,D5491230,PXMG,03/21/2026 3:22:59 PM,FDM406,8M6HM2_HVF,8M6HM2_HVF,07/24/2026 3:21:56 PM,8M6HM2_HVF,D1D,1,7744781
D549123,39,MCK3P039WAF5,0,0.0139,0.010425,0.005212,0,0,0,0.005212,0,0.008687,0.00695,0,0.00695,0.003475,,D5491230,PXMG,03/21/2026 3:22:59 PM,FDM406,8M6HM2_HVF,8M6HM2_HVF,07/24/2026 3:22:01 PM,8M6HM2_HVF,D1D,2,7744849
D549593,1,KJ6TQ001WFF3,0,0.008659,0.015586,0,0,0.003464,0,0,0,0.005195,0,0,0.003464,0.012122,,D5495930,PNCB,03/21/2026 7:15:09 AM,FDM408,8M6HM2_HVF,8M6HM2_HVF,07/24/2026 3:22:13 PM,8M6HM2_HVF,D1D,1,7752177
D549593,12,KJ6TQ012WFG6,0,0.017318,0.006927,0.001732,0,0.001732,0,0.005195,0,0.012122,0,0,0.005195,0,,D5495930,PNCB,03/21/2026 7:15:09 AM,FDM408,8M6HM2_HVF,8M6HM2_HVF,07/24/2026 3:22:06 PM,8M6HM2_HVF,D1D,2,7752240
D549111,76,A22TX076SLG5,0,0.010034,0.058597,0.02515,0.006689,0.006689,0,0.020068,0,0.005082,0.006689,0,0.053515,0.082009,0,D5491110,PXMG,03/21/2026 2:04:09 AM,FDM402,8M6HM2_HVF,8M6HM2_HVF,07/24/2026 3:22:22 PM,8M6HM2_HVF,D1D,1,7741185
D549111,77,A22TX077SLD4,0,0.012162,0.02085,0,0,0,0,0,0,0.012162,0.001737,0,0.022587,0.001737,,D5491110,PXMG,03/21/2026 2:04:09 AM,FDM402,8M6HM2_HVF,8M6HM2_HVF,07/24/2026 3:22:33 PM,8M6HM2_HVF,D1D,2,7741160
D549111,78,A22TX078SLA3,0,0.00784,0.069174,0,0.022761,0,0,0.005256,0,0.007884,0.002628,0,0.010512,0.094606,0,D5491110,PXMG,03/21/2026 2:04:09 AM,FDM402,8M6HM2_HVF,8M6HM2_HVF,07/24/2026 3:22:34 PM,8M6HM2_HVF,D1D,3,7741151
D549111,79,A22TX079SLE5,0,0.008687,0.036487,0.001737,0,0,0,0,0,0.00695,0.005212,0,0.017375,0,,D5491110,PXMG,03/21/2026 2:04:09 AM,FDM402,8M6HM2_HVF,8M6HM2_HVF,07/24/2026 3:22:18 PM,8M6HM2_HVF,D1D,4,7741132
D550167,501,GT4TT501JKD1,0,0.00695,0.022587,0.001737,0,0.0139,0,0,0,0.003475,0.001737,0,0.005212,0.001737,,D5501670,PXMG,03/19/2026 10:13:55 PM,FDM402,8M6HM2_HVF,8M6HM2_HVF,07/24/2026 3:22:22 PM,8M6HM2_HVF,D1D,1,7774273
D550167,502,GT4TT502JKA0,0,0.00695,0.010425,0.00695,0,0.012162,0,0.003475,0,0.005212,0,0,0.001737,0.005212,,D5501670,PXMG,03/19/2026 10:13:55 PM,FDM402,8M6HM2_HVF,8M6HM2_HVF,07/24/2026 3:22:28 PM,8M6HM2_HVF,D1D,2,7774266
D549119,343,KJ6GY343WFA5,0,0.018765,0.052646,0,0,0.005212,0,0,0,0.001737,0,0,0.008514,0,0,D5491190,PXMG,03/27/2026 3:42:34 PM,FDM408,8M6HM2_HVF,8M6HM2_HVF,07/24/2026 3:20:18 PM,8M6HM2_HVF,D1D,1,7742420
D549119,359,KJ6GY359WFB1,0,0.016159,0.053167,0.001737,0,0.003475,0,0,0,0.005386,0,0,0.001737,0.001737,0,D5491190,PXMG,03/27/2026 3:42:34 PM,FDM408,8M6HM2_HVF,8M6HM2_HVF,07/24/2026 3:20:12 PM,8M6HM2_HVF,D1D,2,7742515
D549116,13,MCK3P013WAA5,0,0.005212,0.029537,0.001737,0,0.00695,0,0,0,0.001737,0,0,0.001737,0.005212,,D5491160,PXMG,03/27/2026 5:52:06 PM,FDM406,8M6HM2_HVF,8M6HM2_HVF,07/24/2026 3:20:17 PM,8M6HM2_HVF,D1D,1,7742239
D549116,17,MCK3P017WAC7,0,0.005212,0.005212,0.003475,0.001737,0,0,0,0,0.001737,0,0,0.00695,0.003475,,D5491160,PXMG,03/27/2026 5:52:06 PM,FDM406,8M6HM2_HVF,8M6HM2_HVF,07/24/2026 3:20:11 PM,8M6HM2_HVF,D1D,2,7742220
D548541,481,GT7EK481JKE5,0,0.015637,0.057337,0.001737,0.001737,0.00695,0,0,0,0.00695,0.001737,0,0.00695,0.008687,,D5485410,PXMG,03/27/2026 6:35:53 PM,FDM402,8M6HM2_HVF,8M6HM2_HVF,07/24/2026 3:20:06 PM,8M6HM2_HVF,D1D,1,7715096
D548541,482,GT7EK482JKB4,0,0.012162,0.043437,0,0,0,0,0,0,0.003475,0,0.001737,0.001737,0.001737,,D5485410,PXMG,03/27/2026 6:35:53 PM,FDM402,8M6HM2_HVF,8M6HM2_HVF,07/24/2026 3:20:17 PM,8M6HM2_HVF,D1D,2,7714904
D548540,507,GT7EK507JKA5,0,0.014769,0.022935,0.001737,0.001737,0.015985,0,0,0,0.005386,0.003475,0,0,0.005212,0,D5485400,PXMG,03/25/2026 12:45:32 PM,FDM408,8M6HM2_HVF,8M6HM2_HVF,07/24/2026 3:20:35 PM,8M6HM2_HVF,D1D,1,7714681
D548540,508,GT7EK508JKE7,0,0.010425,0.02085,0.001737,0.001737,0.001737,0,0.001737,0,0.005212,0.003475,0,0.012162,0.001737,,D5485400,PXMG,03/25/2026 12:45:32 PM,FDM408,8M6HM2_HVF,8M6HM2_HVF,07/24/2026 3:20:37 PM,8M6HM2_HVF,D1D,2,7714872
D549121,332,KJ6GY332WFG5,0,0.001737,0.005212,0.005212,0.003475,0.001737,0,0.001737,0,0.005212,0,0,0.005212,0.003475,,D5491210,PXMG,03/25/2026 5:17:19 AM,FDM404,8M6HM2_HVF,8M6HM2_HVF,07/24/2026 3:20:59 PM,8M6HM2_HVF,D1D,1,7742379
D549121,334,KJ6GY334WFA3,0,0.013726,0.030927,0.005212,0.003475,0.001737,0,0,0,0.003996,0,0,0.02085,0.008687,0,D5491210,PXMG,03/25/2026 5:17:19 AM,FDM404,8M6HM2_HVF,8M6HM2_HVF,07/24/2026 3:20:49 PM,8M6HM2_HVF,D1D,2,7742345
D549124,669,GU6EW669JDF5,0,0.019981,0.017549,0.001737,0,0.01251,0,0,0,0.008861,0,0,0,0.008861,0,D5491240,PXMG,03/25/2026 3:41:02 AM,FDM408,8M6HM2_HVF,8M6HM2_HVF,07/24/2026 3:20:56 PM,8M6HM2_HVF,D1D,1,7744959
D549124,671,GU6EW671JDF5,0,0.012162,0.008687,0.003475,0,0.008687,0,0.003475,0,0.010425,0.001737,0,0.00695,0.00695,,D5491240,PXMG,03/25/2026 3:41:02 AM,FDM408,8M6HM2_HVF,8M6HM2_HVF,07/24/2026 3:20:51 PM,8M6HM2_HVF,D1D,2,7744882
D549955,328,GT4TT328JKG6,0,0.015637,0.064287,0.001737,0,0.010425,0,0,0,0.003475,0,0,0,0,,D5499550,PXMG,03/25/2026 1:49:59 AM,FDM402,8M6HM2_HVF,8M6HM2_HVF,07/24/2026 3:20:54 PM,8M6HM2_HVF,D1D,1,7765049
D549955,329,GT4TT329JKD5,0,0.00695,0.02085,0,0,0.001737,0,0.001737,0,0.001737,0,0.001737,0,0,,D5499550,PXMG,03/25/2026 1:49:59 AM,FDM402,8M6HM2_HVF,8M6HM2_HVF,07/24/2026 3:21:01 PM,8M6HM2_HVF,D1D,2,7765103
D549597,38,GT8DH038JKF6,0,0.010391,0.012122,0,0,0.003464,0,0.001732,0,0,0,0,0.006927,0.005195,,D5495970,PNCB,03/23/2026 8:22:06 AM,FDM410,8M6HM2_HVF,8M6HM2_HVF,07/24/2026 3:21:02 PM,8M6HM2_HVF,D1D,1,7755426
D549597,39,GT8DH039JKC5,0,0.012122,0.012122,0,0,0.003464,0,0.003464,0.001732,0,0,0,0.005195,0.003464,,D5495970,PNCB,03/23/2026 8:22:06 AM,FDM410,8M6HM2_HVF,8M6HM2_HVF,07/24/2026 3:21:12 PM,8M6HM2_HVF,D1D,2,7755389
D550147,26,A23PL026SLG3,0,0.010391,0.003464,0,0.001732,0.003464,0,0.005195,0,0,0,0,0,0,,D5501470,PNCB,03/23/2026 7:29:24 AM,FDM404,8M6HM2_HVF,8M6HM2_HVF,07/24/2026 3:21:07 PM,8M6HM2_HVF,D1D,1,7770329
D550147,28,A23PL028SLA1,0,0.010391,0.010391,0,0,0,0,0,0,0.001732,0.001732,0,0,0.003464,,D5501470,PNCB,03/23/2026 7:29:24 AM,FDM404,8M6HM2_HVF,8M6HM2_HVF,07/24/2026 3:20:56 PM,8M6HM2_HVF,D1D,2,7770396
D549595,520,MCK3W520WAF3,0,0.013854,0.020781,0,0,0.008659,0,0.001732,0,0.001732,0.001732,0,0,0,,D5495950,PNCB,03/22/2026 6:27:51 AM,FDM404,8M6HM2_HVF,8M6HM2_HVF,07/24/2026 3:21:21 PM,8M6HM2_HVF,D1D,1,7755309
D549595,613,MCK3W613WAF3,0,0.008659,0.031172,0,0,0.005195,0,0,0,0.003464,0.003464,0,0.001732,0.003464,,D5495950,PNCB,03/22/2026 6:27:51 AM,FDM404,8M6HM2_HVF,8M6HM2_HVF,07/24/2026 3:21:36 PM,8M6HM2_HVF,D1D,2,7755346
D550151,302,GT4TT302JKB6,0,0.008659,0.005195,0,0,0.005195,0,0.003464,0,0.005195,0,0,0,0.001732,,D5501510,PNCB,03/22/2026 2:54:09 PM,FDM402,8M6HM2_HVF,8M6HM2_HVF,07/24/2026 3:21:30 PM,8M6HM2_HVF,D1D,1,7772453
D550151,303,GT4TT303JKG0,0,0.015586,0.008659,0,0,0.001732,0,0.001732,0,0.012122,0,0,0.003464,0,,D5501510,PNCB,03/22/2026 2:54:09 PM,FDM402,8M6HM2_HVF,8M6HM2_HVF,07/24/2026 3:21:33 PM,8M6HM2_HVF,D1D,2,7772364
D550173,85,A22G8085SLA1,0,0.00695,0.012162,0.001737,0.001737,0.005212,0,0.003475,0,0.00695,0,0,0.00695,0.001737,,D5501730,PXMG,03/22/2026 10:36:05 PM,FDM402,8M6HM2_HVF,8M6HM2_HVF,07/24/2026 3:21:24 PM,8M6HM2_HVF,D1D,1,7777551
D550173,86,A22G8086SLE3,0,0.013552,0.030232,0.006776,0,0.001737,0,0,0,0.013726,0.001737,0.003475,0.005212,0.003475,0,D5501730,PXMG,03/22/2026 10:36:05 PM,FDM402,8M6HM2_HVF,8M6HM2_HVF,07/24/2026 3:21:14 PM,8M6HM2_HVF,D1D,2,7777524
D549648,63,GT8DH063JKF3,0,0.015637,0.010425,0.001737,0.001737,0.001737,0,0.005212,0,0.003475,0,0,0.00695,0.00695,,D5496480,PXMG,03/28/2026 9:46:57 PM,FDM402,8M6HM2_HVF,8M6HM2_HVF,07/24/2026 3:19:36 PM,8M6HM2_HVF,D1D,1,7755298
D549648,66,GT8DH066JKD3,0,0.001737,0.003475,0,0.003475,0.003475,0,0.003475,0,0.005212,0,0.003475,0.010425,0.005212,,D5496480,PXMG,03/28/2026 9:46:57 PM,FDM402,8M6HM2_HVF,8M6HM2_HVF,07/24/2026 3:19:42 PM,8M6HM2_HVF,D1D,2,7755486
D550164,563,5DWZC563MVC3,0,0.003475,0.005212,0.003475,0.001737,0.005212,0,0.001737,0,0.005212,0,0,0.003475,0.001737,,D5501640,PXMG,04/04/2026 10:46:12 PM,FDM410,8M6HM2_HVF,8M6HM2_HVF,07/24/2026 3:44:27 PM,8M6HM2_HVF,D1D,1,7774726
D550164,564,5DWZC564MVG5,0,0.022718,0.189256,0.0019,0.0019,0.003801,0,0.0019,0,0.005701,0.003801,0,0.020904,0.020904,0,D5501640,PXMG,04/04/2026 10:46:12 PM,FDM410,8M6HM2_HVF,8M6HM2_HVF,07/24/2026 3:44:29 PM,8M6HM2_HVF,D1D,2,7774562
D550164,570,5DWZC570MVB4,0,0.005212,0.017375,0,0,0.001737,0,0,0,0,0,0,0.001737,0.001737,,D5501640,PXMG,04/04/2026 8:44:25 PM,FDM410,8M6HM2_HVF,8M6HM2_HVF,07/24/2026 3:44:48 PM,8M6HM2_HVF,D1D,3,7774662
D550164,572,5DWZC572MVC5,0,0.003475,0.005212,0.001737,0,0,0,0.003475,0,0.001737,0,0,0.005212,0.005212,,D5501640,PXMG,04/04/2026 8:44:25 PM,FDM410,8M6HM2_HVF,8M6HM2_HVF,07/24/2026 3:45:03 PM,8M6HM2_HVF,D1D,4,7774808
D550165,226,KJ7KY226WFE3,0,0.005212,0.02085,0.001737,0,0.008687,0,0.001737,0,0,0,0,0,0.001737,,D5501650AM,PXMG,04/03/2026 9:26:53 AM,FDM406,8M6HM2_HVF,8M6HM2_HVF,07/24/2026 3:44:54 PM,8M6HM2_HVF,D1D,1,8338815
D550165,244,KJ7KG244WFF4,0,0.017375,0.04865,0.003475,0,0.017375,0,0.00695,0,0.00695,0,0,0.003475,0.00695,,D5501650AM,PXMG,04/03/2026 9:26:53 AM,FDM406,8M6HM2_HVF,8M6HM2_HVF,07/24/2026 3:45:13 PM,8M6HM2_HVF,D1D,2,8338841
D550165,252,KJ7KY252WFA7,0,0.010077,0.043785,0,0.001737,0,0,0.003475,0,0.003475,0,0,0.001737,0.001737,0,D5501650AM,PXMG,04/03/2026 9:26:53 AM,FDM406,8M6HM2_HVF,8M6HM2_HVF,07/24/2026 3:45:04 PM,8M6HM2_HVF,D1D,3,8338836
D550165,271,KJ7KY271WFF5,0,0.012162,0.0278,0,0.003475,0.010425,0,0,0,0.003475,0,0,0,0,,D5501650AM,PXMG,04/03/2026 9:26:53 AM,FDM406,8M6HM2_HVF,8M6HM2_HVF,07/24/2026 3:45:06 PM,8M6HM2_HVF,D1D,4,8338852
D550150,189,KJ7KC189WFH2,0,0.006927,0.006927,0.001732,0,0.001732,0,0.001732,0,0,0,0,0,0.001732,,D5501500,PNCB,04/01/2026 11:02:22 PM,FDM402,8M6HM2_HVF,8M6HM2_HVF,07/24/2026 3:45:00 PM,8M6HM2_HVF,D1D,1,7772293
D550150,191,KJ7KC191WFH2,0,0.038099,0.017318,0.001732,0,0.012122,0,0,0,0,0,0,0.003464,0,,D5501500,PNCB,04/01/2026 11:02:22 PM,FDM402,8M6HM2_HVF,8M6HM2_HVF,07/24/2026 3:44:54 PM,8M6HM2_HVF,D1D,2,7772363
D550144,187,KJ7KC187WFG1,0,0.010391,0.024245,0,0,0.003464,0,0,0,0.005195,0.001732,0,0.006927,0.012122,,D5501440,PNCB,04/01/2026 3:36:18 AM,FDM410,8M6HM2_HVF,8M6HM2_HVF,07/24/2026 3:45:07 PM,8M6HM2_HVF,D1D,1,7770382
D550144,211,KJ7KC211WFH2,0,0.008659,0.027708,0,0,0.008659,0,0,0,0.003464,0,0,0.001732,0.001732,,D5501440,PNCB,04/01/2026 3:36:18 AM,FDM410,8M6HM2_HVF,8M6HM2_HVF,07/24/2026 3:45:06 PM,8M6HM2_HVF,D1D,2,7770326
D550165,76,KJ7KY076WFG4,0,0.0139,0.017375,0.001737,0.001737,0.012162,0,0.003475,0,0.003475,0.001737,0,0.010425,0,,D5501650,PXMG,03/30/2026 10:53:07 AM,FDM404,8M6HM2_HVF,8M6HM2_HVF,07/24/2026 3:19:39 PM,8M6HM2_HVF,D1D,1,7774378
D550165,88,KJ7KY088WFE6,0,0.003475,0.029537,0,0,0.001737,0,0.001737,0,0.001737,0.003475,0,0.010425,0.001737,,D5501650,PXMG,03/30/2026 10:53:07 AM,FDM404,8M6HM2_HVF,8M6HM2_HVF,07/24/2026 3:19:42 PM,8M6HM2_HVF,D1D,2,7774359
D549122,286,5DWYB286MVB2,0,0.001737,0.024325,0.001737,0.001737,0.001737,0,0.008687,0,0.00695,0.003475,0,0.001737,0.003475,,D5491220,PXMG,03/30/2026 3:29:46 PM,FDM404,8M6HM2_HVF,8M6HM2_HVF,07/24/2026 3:19:27 PM,8M6HM2_HVF,D1D,1,7742443
D549122,299,5DWYB299MVD6,0,0.001737,0.050387,0,0.003475,0.005212,0,0.005212,0,0.003475,0,0,0.001737,0.003475,,D5491220,PXMG,03/30/2026 3:29:46 PM,FDM404,8M6HM2_HVF,8M6HM2_HVF,07/24/2026 3:19:30 PM,8M6HM2_HVF,D1D,2,7742528
D549106,256,KJ6GN256WFH2,0,0.008687,0.022587,0,0,0.005212,0,0,0,0.005212,0.001737,0,0.005212,0,,D5491060,PXMG,03/29/2026 8:38:50 AM,FDM408,8M6HM2_HVF,8M6HM2_HVF,07/24/2026 3:19:34 PM,8M6HM2_HVF,D1D,1,7741110
D549106,257,KJ6GN257WFE1,0,0.005212,0.051082,0,0.001737,0,0,0,0,0.002432,0.006602,0,0.001737,0.00417,0,D5491060,PXMG,03/29/2026 8:38:50 AM,FDM408,8M6HM2_HVF,8M6HM2_HVF,07/24/2026 3:19:40 PM,8M6HM2_HVF,D1D,2,7741095
D550162,29,KJ6TN029WFD0,0,0.010342,0.092873,0,0,0,0,0.002068,0,0.004137,0,0,0.004923,0.002068,0,D5501620,PXMG,03/29/2026 11:13:41 PM,FDM404,8M6HM2_HVF,8M6HM2_HVF,07/24/2026 3:19:30 PM,8M6HM2_HVF,D1D,1,7772529
D550162,30,KJ6TN030WFG1,0,0.022935,0.044827,0,0.003475,0,0,0.001737,0,0.003475,0.001737,0,0,0.005212,0,D5501620,PXMG,03/29/2026 11:13:41 PM,FDM404,8M6HM2_HVF,8M6HM2_HVF,07/24/2026 3:19:18 PM,8M6HM2_HVF,D1D,2,7772480
D550166,112,KJ7KY112WFF7,0,0.0139,0.046912,0.001737,0.001737,0.003475,0,0,0,0.012162,0,0,0.003475,0,0,D5501660,PXMG,04/05/2026 12:50:25 AM,FDM402,8M6HM2_HVF,8M6HM2_HVF,07/24/2026 3:44:27 PM,8M6HM2_HVF,D1D,1,7774558
D550166,123,KJ7KY123WFH2,0,0.010425,0.012162,0,0.003475,0.012162,0,0.005212,0,0.017375,0,0,0.001737,0.001737,,D5501660,PXMG,04/05/2026 12:50:25 AM,FDM402,8M6HM2_HVF,8M6HM2_HVF,07/24/2026 3:44:16 PM,8M6HM2_HVF,D1D,2,7774689
D550174,45,KJ7HA045WFA2,0,0.078032,0.135115,0.003522,0,0.003522,0,0.003522,0,0.003522,0,0,0.015849,0.012327,0,D5501740,PXMG,04/07/2026 8:42:24 PM,FDM404,8M6HM2_HVF,8M6HM2_HVF,07/24/2026 3:43:51 PM,8M6HM2_HVF,D1D,1,7777173
D550174,53,KJ7HA053WFD5,0,0.023282,0.033012,0,0,0.001737,0,0.003822,0,0.00695,0.005212,0,0.024672,0.003822,0,D5501740,PXMG,04/07/2026 8:42:24 PM,FDM404,8M6HM2_HVF,8M6HM2_HVF,07/24/2026 3:43:48 PM,8M6HM2_HVF,D1D,2,7777298
D550163,278,GT2RM278JKD0,0,0.008687,0.010425,0,0,0.010425,0,0,0,0.003475,0,0,0.00695,0.00695,,D5501630,PXMG,04/07/2026 3:53:55 AM,FDM404,8M6HM2_HVF,8M6HM2_HVF,07/24/2026 3:44:14 PM,8M6HM2_HVF,D1D,1,7774146
D550163,279,GT2RM279JKH2,0,0.008687,0.019112,0.001737,0.00695,0.001737,0,0.001737,0,0.003475,0,0.001737,0.012162,0.0139,,D5501630,PXMG,04/07/2026 3:53:55 AM,FDM404,8M6HM2_HVF,8M6HM2_HVF,07/24/2026 3:44:04 PM,8M6HM2_HVF,D1D,2,7774144
D550179,251,GT2RM251JKB1,0,0.022587,0.036487,0.001737,0,0.005212,0,0.001737,0,0.005212,0.003475,0.001737,0.0139,0.001737,,D5501790,PXMG,04/15/2026 7:29:24 AM,FDM408,8M6HM2_HVF,8M6HM2_HVF,07/24/2026 3:42:05 PM,8M6HM2_HVF,D1D,1,7779492
D550179,252,GT2RM252JKF3,0,0.015637,0.024325,0.008687,0.003475,0.00695,0,0.005212,0,0.008687,0,0.001737,0.001737,0.015637,,D5501790,PXMG,04/15/2026 7:29:24 AM,FDM408,8M6HM2_HVF,8M6HM2_HVF,07/24/2026 3:36:30 PM,8M6HM2_HVF,D1D,2,7779465
D549585,4,KJ6GM004WFH1,0,0.006949,0.050416,0,0,0.001732,0,0.015651,0,0,0,0,0.24866,0.109534,0,D5495850,PNCB,04/16/2026 8:41:24 AM,FDM402,8M6HM2_HVF,8M6HM2_HVF,07/24/2026 3:41:41 PM,8M6HM2_HVF,D1D,1,7749726
D549585,8,KJ6GM008WFC0,0,0.013854,0.027708,0.005195,0.001732,0,0,0.003464,0,0.001732,0,0,0,0.008659,,D5495850,PNCB,04/16/2026 8:41:24 AM,FDM402,8M6HM2_HVF,8M6HM2_HVF,07/24/2026 3:41:48 PM,8M6HM2_HVF,D1D,2,7749755
D548543,22,A23SY022SLD2,0,0.010425,0.024325,0,0.001737,0.001737,0,0.001737,0,0.017375,0,0,0,0.001737,,D5485430,PXMG,05/22/2026 10:05:43 PM,FDM410,8M6HM2_HVF,8M6HM2_HVF,08/26/2026 4:25:23 PM,8M6HM2_HVF,D1D,1,7714731
D548543,183,A22WG183SLA1,0,0.010425,0.022587,0,0,0.001737,0,0,0,0.005212,0,0,0,0,,D5485430,PXMG,05/22/2026 10:05:43 PM,FDM410,8M6HM2_HVF,8M6HM2_HVF,07/26/2026 1:19:43 PM,8M6HM2_HVF,D1D,2,7714792
D603177,465,GS7FG465JKG4,0,0.005212,0.0139,0.001737,0,0.00695,0,0.001737,0,0.003475,0.001737,0,0.012162,0.003475,,D6031770,PXMG,03/27/2026 12:03:05 PM,FDM410,8M6HM2_HVF,8M6HM2_HVF,07/24/2026 3:20:12 PM,8M6HM2_HVF,D1D,1,7938245
D603177,466,GS7FG466JKD3,0,0.010425,0.001737,0.001737,0,0.00695,0,0,0,0.001737,0,0,0.003475,0,,D6031770,PXMG,03/27/2026 12:03:05 PM,FDM410,8M6HM2_HVF,8M6HM2_HVF,07/24/2026 3:20:06 PM,8M6HM2_HVF,D1D,2,7938167
D603174,5,MCJ1W005WAG6,0,0.027626,0.031101,0,0.001737,0.005212,0,0.005212,0,0.038051,0,0,0.009209,0.001737,0,D6031740,PXMG,03/22/2026 10:19:34 PM,FDM404,8M6HM2_HVF,8M6HM2_HVF,07/24/2026 3:21:29 PM,8M6HM2_HVF,D1D,1,7940868
D603174,7,MCJ1W007WAA4,0,0.015637,0.028669,0,0,0.003475,0,0.001737,0,0.003475,0.001737,0,0.011294,0.003475,0,D6031740,PXMG,03/22/2026 10:19:34 PM,FDM404,8M6HM2_HVF,8M6HM2_HVF,07/24/2026 3:21:34 PM,8M6HM2_HVF,D1D,2,7940621
D603173,7,MCK3J007WAD4,0,0.00695,0.053862,0,0,0,0,0.001737,0,0.001737,0.001737,0,0.001737,0,,D6031730,PXMG,04/01/2026 3:50:49 AM,FDM410,8M6HM2_HVF,8M6HM2_HVF,07/24/2026 3:45:05 PM,8M6HM2_HVF,D1D,1,7940620
D603173,17,MCK3J017WAA5,0,0.02085,0.045175,0,0.001737,0.001737,0,0,0,0.003475,0,0,0.003475,0,,D6031730,PXMG,04/01/2026 3:50:49 AM,FDM410,8M6HM2_HVF,8M6HM2_HVF,07/24/2026 3:44:53 PM,8M6HM2_HVF,D1D,2,7940781
D603169,24,MCK3J024WAH1,0,0.008687,0.043437,0,0,0.005212,0,0,0,0.010425,0,0,0,0.001737,,D6031690,PXMG,04/06/2026 2:24:16 AM,FDM406,8M6HM2_HVF,8M6HM2_HVF,07/24/2026 3:44:17 PM,8M6HM2_HVF,D1D,1,7940746
D603169,112,MCK3J112WAA5,0,0.013155,0.042444,0,0,0.012162,0,0.001737,0,0.001737,0,0,0.001737,0,0,D6031690,PXMG,04/06/2026 2:24:16 AM,FDM406,8M6HM2_HVF,8M6HM2_HVF,07/24/2026 3:44:14 PM,8M6HM2_HVF,D1D,2,7940821
D604220,445,KJ9HB445WFA7,0,0.035532,0.10312,0,0.008014,0.258191,0,0,0,0.040071,0,0.197552,0.016028,0,0,D6042200,PXMG,04/10/2026 2:04:07 AM,FDM404,8M6HM2_HVF,8M6HM2_HVF,07/24/2026 3:43:46 PM,8M6HM2_HVF,D1D,1,7968687
D604220,485,KJ9HB485WFE1,0,0.0139,0.100774,0,0.001737,0.005212,0,0,0,0.008687,0,0,0.019112,0.005212,,D6042200,PXMG,04/10/2026 2:04:07 AM,FDM404,8M6HM2_HVF,8M6HM2_HVF,07/24/2026 3:43:35 PM,8M6HM2_HVF,D1D,2,7968742
D604220,486,KJ9HB486WFB0,0,0.001955,0.157243,0.005864,0,0.001955,0,0,0,0.001955,0,0,0.025411,0.001955,0,D6042200,PXMG,04/10/2026 2:04:07 AM,FDM404,8M6HM2_HVF,8M6HM2_HVF,07/24/2026 3:43:29 PM,8M6HM2_HVF,D1D,3,7968729
D604220,497,KJ9HB497WFC3,0,0.003475,0.15064,0,0,0.002346,0,0.004691,0,0.004691,0.003475,0,0.031622,0.004083,0,D6042200,PXMG,04/10/2026 2:04:07 AM,FDM404,8M6HM2_HVF,8M6HM2_HVF,07/24/2026 3:43:40 PM,8M6HM2_HVF,D1D,4,7968834
D603189,73,A26FX073SLD5,0,0.015811,0.062028,0,0,0.015637,0,0.003475,0,0.001737,0.001911,0,0,0.001911,0,D6031890,PXMG,04/06/2026 5:06:22 AM,FDM408,8M6HM2_HVF,8M6HM2_HVF,07/24/2026 3:44:17 PM,8M6HM2_HVF,D1D,1,7937576
D603189,74,A26FX074SLA4,0,0.0139,0.019112,0,0.001737,0.012162,0,0.001737,0,0.008687,0,0,0.003475,0,,D6031890,PXMG,04/06/2026 5:06:22 AM,FDM408,8M6HM2_HVF,8M6HM2_HVF,07/24/2026 3:44:10 PM,8M6HM2_HVF,D1D,2,7937727
D603168,555,MCK3W555WAD2,0,0.001737,0.015637,0,0.001737,0.005212,0,0,0,0.003475,0.001737,0,0.00695,0,,D6031680,PXMG,04/06/2026 5:49:14 AM,FDM404,8M6HM2_HVF,8M6HM2_HVF,07/24/2026 3:44:04 PM,8M6HM2_HVF,D1D,1,7940724
D603168,568,MCK3W568WAF6,0,0.005957,0.02358,0,0,0,0,0,0,0.001737,0.001737,0,0.003475,0,0,D6031680,PXMG,04/06/2026 5:49:14 AM,FDM404,8M6HM2_HVF,8M6HM2_HVF,07/24/2026 3:44:10 PM,8M6HM2_HVF,D1D,2,7940870
D603176,4,MCK3J004WAF4,0,0.005212,0.012162,0,0.003475,0.008687,0,0.001737,0,0.005212,0,0,0.001737,0,,D6031760,PXMG,04/12/2026 10:18:05 PM,FDM408,8M6HM2_HVF,8M6HM2_HVF,07/24/2026 3:42:43 PM,8M6HM2_HVF,D1D,1,7940876
D603176,11,MCK3J011WAE5,0,0.00695,0.012162,0.001737,0.003475,0.003475,0,0,0,0.008687,0,0,0.005212,0.001737,,D6031760,PXMG,04/12/2026 10:18:05 PM,FDM408,8M6HM2_HVF,8M6HM2_HVF,07/24/2026 3:42:49 PM,8M6HM2_HVF,D1D,2,7940902
D604219,594,KJ9HF594WFF0,0,0.005212,0.022587,0.003475,0,0.003475,0,0.001737,0,0.00695,0,0,0,0.001737,,D6042190,PXMG,04/17/2026 4:06:41 AM,FDM410,8M6HM2_HVF,8M6HM2_HVF,07/24/2026 3:36:40 PM,8M6HM2_HVF,D1D,1,7968634
D604219,595,KJ9HF595WFB7,0,0.019807,0.039267,0,0,0.003475,0,0.001737,0,0.003475,0.001737,0,0.001737,0,0,D6042190,PXMG,04/17/2026 4:06:41 AM,FDM410,8M6HM2_HVF,8M6HM2_HVF,07/24/2026 3:41:35 PM,8M6HM2_HVF,D1D,2,7968767
D603976,650,5DXAG650MVB1,0,0.007915,0.029344,0,0.001737,0.003475,0,0.001737,0,0.00695,0,0.001737,0.005212,0.014865,0,D6039760,PXMG,04/18/2026 6:42:42 AM,FDM410,8M6HM2_HVF,8M6HM2_HVF,07/24/2026 3:41:17 PM,8M6HM2_HVF,D1D,1,7961393
D603976,651,5DXAG651MVF3,0,0.0139,0.024325,0.001737,0.003475,0.008687,0,0,0,0,0.003475,0,0,0.017375,,D6039760,PXMG,04/18/2026 6:42:42 AM,FDM410,8M6HM2_HVF,8M6HM2_HVF,07/24/2026 3:41:26 PM,8M6HM2_HVF,D1D,2,7961454
D603981,459,KJ9HB459WFA2,0,0.019981,0.074712,0,0,0.012162,0,0,0,0.009556,0.003475,0,0.001737,0.001737,0,D6039810,PXMG,04/18/2026 5:05:36 PM,FDM406,8M6HM2_HVF,8M6HM2_HVF,07/24/2026 3:40:58 PM,8M6HM2_HVF,D1D,1,7966672
D603981,465,KJ9HB465WFC4,0,0.008687,0.031275,0,0.001737,0.008687,0,0.001737,0,0.001737,0.003475,0,0.001737,0.00695,,D6039810,PXMG,04/18/2026 5:05:36 PM,FDM406,8M6HM2_HVF,8M6HM2_HVF,07/24/2026 3:41:04 PM,8M6HM2_HVF,D1D,2,7966581
D604244,177,A27XC177SLB3,0,0.010425,0.0139,0.001737,0,0.010425,0,0.001737,0,0.00695,0,0,0.00695,0,,D6042440,PXMG,04/18/2026 2:53:21 PM,FDM410,8M6HM2_HVF,8M6HM2_HVF,07/24/2026 3:41:04 PM,8M6HM2_HVF,D1D,1,7979816
D604244,178,A27XC178SLF5,0,0.008687,0.022587,0.001737,0.003475,0.003475,0,0,0,0.003475,0,0,0.00695,0,,D6042440,PXMG,04/18/2026 2:53:21 PM,FDM410,8M6HM2_HVF,8M6HM2_HVF,07/24/2026 3:40:59 PM,8M6HM2_HVF,D1D,2,7979705
D603185,30,KJ7YR030WFC3,0,0.005212,0.02085,0.005212,0,0.001737,0,0,0,0.001737,0,0,0.00695,0.008687,,D6031850,PXMG,04/15/2026 1:29:19 AM,FDM408,8M6HM2_HVF,8M6HM2_HVF,07/24/2026 3:36:33 PM,8M6HM2_HVF,D1D,1,7938479
D603185,55,KJ7YR055WFD1,0,0.001737,0.00695,0.003475,0,0.005212,0,0,0,0.003475,0,0.001737,0.010425,0.003475,,D6031850,PXMG,04/15/2026 1:29:19 AM,FDM408,8M6HM2_HVF,8M6HM2_HVF,07/24/2026 3:42:14 PM,8M6HM2_HVF,D1D,2,7938525
D603186,651,GS7PC651JKE3,0,0.017722,0.04726,0,0,0.004517,0,0,0,0.003475,0,0,0,0,0,D6031860,PXMG,04/15/2026 8:48:28 PM,FDM406,8M6HM2_HVF,8M6HM2_HVF,07/24/2026 3:41:48 PM,8M6HM2_HVF,D1D,1,7937558
D603186,678,GS7PC678JKG2,0,0.008687,0.017375,0,0,0.008687,0,0.001737,0,0.005212,0,0,0,0.005212,,D6031860,PXMG,04/15/2026 8:48:28 PM,FDM406,8M6HM2_HVF,8M6HM2_HVF,07/24/2026 3:41:59 PM,8M6HM2_HVF,D1D,2,7937543
D603160,344,MCC2Q344WAF4,0,0.007645,0.03753,0,0.001737,0.005212,0,0.001737,0,0.008687,0,0,0.001737,0,0,D6031600,PXMG,04/20/2026 3:46:38 AM,FDM406,8M6HM2_HVF,8M6HM2_HVF,07/24/2026 3:40:15 PM,8M6HM2_HVF,D1D,1,7942019
D603160,351,MCC2Q351WAE5,0,0.012162,0.027221,0,0,0.001737,0,0,0,0,0.002317,0,0,0.001737,0,D6031600,PXMG,04/20/2026 3:46:38 AM,FDM406,8M6HM2_HVF,8M6HM2_HVF,07/24/2026 3:40:10 PM,8M6HM2_HVF,D1D,2,7942088
D603184,255,KJ7YN255WFH2,0,0.0139,0.015637,0.001737,0.001737,0.005212,0,0.003475,0,0.00695,0,0,0.010425,0.012162,,D6031840,PXMG,04/20/2026 8:30:36 AM,FDM406,8M6HM2_HVF,8M6HM2_HVF,07/24/2026 3:40:12 PM,8M6HM2_HVF,D1D,1,7938410
D603184,259,KJ7YN259WFC1,0,0.008687,0.012162,0.02085,0.012162,0.010425,0,0.0139,0,0.00695,0,0,0.015637,0.036487,,D6031840,PXMG,04/20/2026 8:30:36 AM,FDM406,8M6HM2_HVF,8M6HM2_HVF,07/24/2026 3:40:16 PM,8M6HM2_HVF,D1D,2,7938464
D604215,55,KJ9PM055WFA1,0,0.012122,0.022513,0,0.005195,0.001732,0,0,0,0.001732,0,0,0.005195,0.003464,,D6042150,PNCB,04/19/2026 6:31:40 PM,FDM410,8M6HM2_HVF,8M6HM2_HVF,07/24/2026 3:40:47 PM,8M6HM2_HVF,D1D,1,7972334
D604215,60,KJ9PM060WFF4,0,0.015586,0.015586,0,0,0.010391,0,0,0,0,0,0,0,0.006927,,D6042150,PNCB,04/19/2026 6:31:40 PM,FDM410,8M6HM2_HVF,8M6HM2_HVF,07/24/2026 3:40:53 PM,8M6HM2_HVF,D1D,2,7972421
D605299,678,GT1WL678JKE7,0,0.006927,0.005195,0,0,0.003464,0,0,0,0,0,0,0.003464,0.001732,,D6052990,PNCB,04/25/2026 6:09:13 PM,FDM404,8M6HM2_HVF,8M6HM2_HVF,07/24/2026 3:39:31 PM,8M6HM2_HVF,D1D,1,8024316
D605299,679,GT1WL679JKB6,0,0.013854,0.020781,0,0,0.005195,0,0,0,0.001732,0,0.001732,0.006927,0.003464,,D6052990,PNCB,04/25/2026 6:09:13 PM,FDM404,8M6HM2_HVF,8M6HM2_HVF,07/24/2026 3:39:21 PM,8M6HM2_HVF,D1D,2,8024328
D604985,205,GU1AV205JKF3,0,0.01807,0.025367,0.003475,0,0.001737,0,0.001737,0,0.005212,0.001737,0,0,0.001737,0,D6049850,PXMG,04/24/2026 10:19:23 PM,FDM404,8M6HM2_HVF,8M6HM2_HVF,08/09/2026 3:25:11 AM,8M6HM2_HVF,D1D,1,7995618
D604985,206,GU1AV206JKC2,0,0.011467,0.021197,0,0.001737,0.003475,0,0.003475,0,0.005212,0,0,0.002085,0,0,D6049850,PXMG,04/24/2026 10:19:23 PM,FDM404,8M6HM2_HVF,8M6HM2_HVF,07/24/2026 3:39:34 PM,8M6HM2_HVF,D1D,2,7995638
D605311,434,GT1WL434JKB1,0,0.005195,0.008659,0,0,0.003464,0,0.003464,0,0.005195,0,0.003464,0,0,,D6053110,PNCB,04/24/2026 8:00:28 PM,FDM408,8M6HM2_HVF,8M6HM2_HVF,07/24/2026 3:39:25 PM,8M6HM2_HVF,D1D,1,8028564
D605311,576,GT1WL576JKE5,0,0.003464,0.010391,0,0,0.001732,0,0,0,0.008659,0,0,0.001732,0.003464,,D6053110,PNCB,04/24/2026 8:00:28 PM,FDM408,8M6HM2_HVF,8M6HM2_HVF,07/24/2026 3:39:40 PM,8M6HM2_HVF,D1D,2,8028523
D605302,52,KJ9PL052WFB6,0,0.00368,0.009308,0.003896,0.025327,0.003896,0,0,0,0.003896,0.001732,0.001948,0.013205,0.104555,0,D6053020,PNCB,04/24/2026 5:00:07 PM,FDM404,8M6HM2_HVF,8M6HM2_HVF,07/24/2026 3:36:38 PM,8M6HM2_HVF,D1D,1,8024229
D605302,126,KJ9PL126WFE3,0,0.001865,0.035301,0,0,0.005595,0,0,0,0.00373,0,0,0,0.005462,0,D6053020,PNCB,04/24/2026 5:00:07 PM,FDM404,8M6HM2_HVF,8M6HM2_HVF,07/24/2026 3:39:37 PM,8M6HM2_HVF,D1D,2,8024295
D604203,732,5DXBY732MVC1,0,0.010391,0.008659,0.001732,0,0.001732,0,0,0,0.005195,0,0,0,0.005195,,D6042030,PNCB,04/23/2026 9:14:29 AM,FDM408,8M6HM2_HVF,8M6HM2_HVF,07/24/2026 3:39:51 PM,8M6HM2_HVF,D1D,1,7970354
D604203,733,5DXBY733MVG3,0,0.012122,0.010391,0.001732,0,0.010391,0,0,0,0.003464,0.001732,0,0.001732,0.001732,,D6042030,PNCB,04/23/2026 9:14:29 AM,FDM408,8M6HM2_HVF,8M6HM2_HVF,07/24/2026 3:36:28 PM,8M6HM2_HVF,D1D,2,7970416
D604236,664,GT9LM664JKC5,0,0.010425,0.026062,0,0,0.005212,0,0.001737,0,0.003475,0.003475,0,0,0.001737,,D6042360,PXMG,04/23/2026 6:57:05 PM,FDM406,8M6HM2_HVF,8M6HM2_HVF,07/24/2026 3:39:44 PM,8M6HM2_HVF,D1D,1,7977394
D604236,665,GT9LM665JKG7,0,0.012162,0.02085,0,0,0.010425,0,0,0,0.003475,0,0,0.003475,0.00695,,D6042360,PXMG,04/23/2026 6:57:05 PM,FDM406,8M6HM2_HVF,8M6HM2_HVF,07/24/2026 3:39:51 PM,8M6HM2_HVF,D1D,2,7977387
D603183,375,KJ7KQ375WFE0,0,0.008687,0.102512,0.005212,0,0.003475,0,0.003475,0,0.00695,0,0,0,0.003475,,D6031830,PXMG,04/23/2026 4:00:11 AM,FDM406,8M6HM2_HVF,8M6HM2_HVF,07/24/2026 3:39:57 PM,8M6HM2_HVF,D1D,1,7938262
D603183,380,KJ7KQ380WFC0,0,0.012684,0.120234,0.001824,0,0.001824,0,0.009122,0,0.005473,0,0,0,0.001737,0,D6031830,PXMG,04/23/2026 4:00:11 AM,FDM406,8M6HM2_HVF,8M6HM2_HVF,07/24/2026 3:39:53 PM,8M6HM2_HVF,D1D,2,7938312
D604222,71,KJA6K071WFC1,0,0.012857,0.041526,0,0.004691,0,0,0,0,0.003475,0.001737,0,0,0,0,D6042220,PXMG,04/22/2026 9:31:38 PM,FDM408,8M6HM2_HVF,8M6HM2_HVF,07/24/2026 3:39:57 PM,8M6HM2_HVF,D1D,1,7972640
D604222,157,KJA6K157WFD0,0,0.005212,0.022587,0,0,0.012162,0,0,0,0.001737,0,0,0,0.003475,,D6042220,PXMG,04/22/2026 9:31:38 PM,FDM408,8M6HM2_HVF,8M6HM2_HVF,07/24/2026 3:39:53 PM,8M6HM2_HVF,D1D,2,7972621
D603180,38,A25YU038SLB7,0,0.014465,0.284709,0,0.003757,0.003757,0,0,0,0.007515,0,0,0.003757,0,0,D6031800,PXMG,04/22/2026 11:37:31 AM,FDM404,8M6HM2_HVF,8M6HM2_HVF,07/24/2026 3:39:56 PM,8M6HM2_HVF,D1D,1,7938417
D603180,50,A25YU050SLG3,0,0,0.154636,0,0,0.002172,0,0.002172,0,0.017375,0.004344,0,0,0,0,D6031800,PXMG,04/22/2026 11:37:31 AM,FDM404,8M6HM2_HVF,8M6HM2_HVF,07/24/2026 3:40:03 PM,8M6HM2_HVF,D1D,2,7938411
D604221,107,IEFQD107MMF3,0,0.033186,0.117975,0.002259,0,0.011294,0,0.002259,0,0.004517,0,0,0.002259,0,0,D6042210,PXMG,04/27/2026 11:15:42 AM,FDM406,8M6HM2_HVF,8M6HM2_HVF,07/24/2026 3:36:28 PM,8M6HM2_HVF,D1D,1,7972878
D604221,110,IEFQD110MMC2,0,0.005212,0.024325,0.001737,0,0.043437,0,0,0,0.00695,0.001737,0,0.003475,0.008687,,D6042210,PXMG,04/27/2026 11:15:42 AM,FDM406,8M6HM2_HVF,8M6HM2_HVF,07/24/2026 3:39:07 PM,8M6HM2_HVF,D1D,2,7972873
D605318,426,GS8QK426JKH0,0,0.003475,0.02085,0,0,0.00695,0,0.003475,0,0.005212,0.003475,0,0,0.001737,,D6053180,PXMG,04/29/2026 3:46:49 AM,FDM406,8M6HM2_HVF,8M6HM2_HVF,07/24/2026 3:39:18 PM,8M6HM2_HVF,D1D,1,8008084
D605318,428,GS8QK428JKA6,0,0.008301,0.008752,0.004376,0,0.002188,0,0.004376,0,0,0.002188,0,0.013128,0.019241,0,D6053180,PXMG,04/29/2026 3:46:49 AM,FDM406,8M6HM2_HVF,8M6HM2_HVF,07/24/2026 3:39:07 PM,8M6HM2_HVF,D1D,2,8007985
D605308,305,GT1WK305JKH1,0,0.001732,0.019049,0.001732,0.003464,0.003464,0,0.001732,0,0.008659,0,0,0.001732,0.001732,,D6053080,PNCB,04/29/2026 11:54:41 AM,FDM404,8M6HM2_HVF,8M6HM2_HVF,07/24/2026 3:39:13 PM,8M6HM2_HVF,D1D,1,8028545
D605308,306,GT1WK306JKE0,0,0.003464,0.017318,0.001732,0,0.006927,0,0.003464,0,0,0.001732,0,0.003464,0,,D6053080,PNCB,04/29/2026 11:54:41 AM,FDM404,8M6HM2_HVF,8M6HM2_HVF,07/24/2026 3:39:23 PM,8M6HM2_HVF,D1D,2,8028529
D604240,209,KJA6F209WFB0,0,0.003475,0.008687,0.001737,0,0.00695,0,0.001737,0,0.003475,0.005212,0,0.010425,0.001737,,D6042400,PXMG,04/26/2026 9:20:46 AM,FDM402,8M6HM2_HVF,8M6HM2_HVF,07/24/2026 3:39:35 PM,8M6HM2_HVF,D1D,1,7977305
D604240,297,KJA6F297WFD4,0,0.003577,0.030048,0.003577,0.001789,0.007154,0,0.003577,0,0.005315,0.001789,0,0.007154,0.010732,0,D6042400,PXMG,04/26/2026 9:20:46 AM,FDM402,8M6HM2_HVF,8M6HM2_HVF,07/24/2026 3:39:25 PM,8M6HM2_HVF,D1D,2,7977347
D604204,457,5DXBN457MVB3,0,0.013854,0.019049,0,0,0.001732,0,0,0,0.003464,0,0,0.001732,0.001732,,D6042040,PNCB,04/26/2026 3:07:05 PM,FDM410,8M6HM2_HVF,8M6HM2_HVF,07/24/2026 3:39:32 PM,8M6HM2_HVF,D1D,1,7970287
D604204,460,5DXBN460MVF5,0,0.015586,0.022513,0.001732,0,0,0,0.001732,0,0.003464,0,0,0.001732,0.005195,,D6042040,PNCB,04/26/2026 3:07:05 PM,FDM410,8M6HM2_HVF,8M6HM2_HVF,07/24/2026 3:39:27 PM,8M6HM2_HVF,D1D,2,7970392
D603162,11,GS4VR011JKC2,0,0.003475,0.022587,0.001737,0,0.00695,0,0,0,0.001737,0,0,0.00695,0.003475,,D6031620,PXMG,04/27/2026 5:24:38 AM,FDM410,8M6HM2_HVF,8M6HM2_HVF,07/24/2026 3:39:19 PM,8M6HM2_HVF,D1D,1,7942074
D603162,29,GS4VR029JKD7,0,0.010425,0.012162,0.001737,0,0.008687,0,0.001737,0,0.001737,0,0,0.003475,0.001737,,D6031620,PXMG,04/27/2026 5:24:38 AM,FDM410,8M6HM2_HVF,8M6HM2_HVF,07/24/2026 3:39:13 PM,8M6HM2_HVF,D1D,2,7942166
D605316,504,GT9LN504JKG3,0,0.005212,0.019112,0,0,0.015637,0,0.008687,0,0.00695,0,0,0.001737,0.003475,,D6053160,PXMG,05/02/2026 7:22:08 AM,FDM402,8M6HM2_HVF,8M6HM2_HVF,08/10/2026 5:59:04 AM,8M6HM2_HVF,D1D,1,8004945
D605316,505,GT9LN505JKD2,0,0.003106,0.03981,0.029364,0.003106,0.015529,0,0.009317,0,0.009317,0.004517,0,0.111525,0.068044,0,D6053160,PXMG,05/02/2026 7:22:08 AM,FDM402,8M6HM2_HVF,8M6HM2_HVF,08/09/2026 9:19:23 PM,8M6HM2_HVF,D1D,2,8005015
D605305,1,KJ9PL001WFE4,0,0.012122,0.045026,0,0,0.001732,0,0,0,0.010391,0.001732,0,0.001732,0,0,D6053050,PNCB,05/02/2026 10:19:17 PM,FDM410,8M6HM2_HVF,8M6HM2_HVF,07/26/2026 1:26:45 PM,8M6HM2_HVF,D1D,1,8024346
D605305,114,KJ9PL114WFG1,0,0.010391,0.019049,0,0.001732,0.006927,0,0.003464,0,0.006927,0,0,0.006927,0.001732,,D6053050,PNCB,05/02/2026 10:19:17 PM,FDM410,8M6HM2_HVF,8M6HM2_HVF,07/26/2026 1:26:34 PM,8M6HM2_HVF,D1D,2,8024356
D604226,35,ICDKA035MMC5,0,0.00695,0.012162,0.003475,0,0.001737,0,0,0,0,0,0,0.012162,0.005212,,D6042260,PXMG,05/02/2026 5:28:01 AM,FDM404,8M6HM2_HVF,8M6HM2_HVF,07/26/2026 1:17:01 PM,8M6HM2_HVF,D1D,1,7974720
D604226,39,ICDKA039MME7,0,0.013205,0.026062,0.003475,0.003127,0.001737,0,0.003127,0,0,0.004865,0,0.003475,0.008687,0,D6042260,PXMG,05/02/2026 5:28:01 AM,FDM404,8M6HM2_HVF,8M6HM2_HVF,07/26/2026 1:26:39 PM,8M6HM2_HVF,D1D,2,7974784
D605301,14,A28J5014SLF5,0,0.010391,0.022513,0,0,0.001732,0,0.001732,0,0.003464,0,0,0,0.001732,,D6053010,PNCB,04/30/2026 8:55:20 AM,FDM404,8M6HM2_HVF,8M6HM2_HVF,07/26/2026 1:26:40 PM,8M6HM2_HVF,D1D,1,8024371
D605301,28,A28J5028SLF0,0,0.010391,0.027708,0.001732,0,0,0,0.001732,0,0.003464,0,0,0,0,,D6053010,PNCB,04/30/2026 8:55:20 AM,FDM404,8M6HM2_HVF,8M6HM2_HVF,07/26/2026 1:26:47 PM,8M6HM2_HVF,D1D,2,8024370
D604246,113,GT7EJ113JKG0,0,0.005212,0.019112,0,0,0.00695,0,0.001737,0,0.001737,0,0,0,0.001737,,D6042460,PXMG,04/30/2026 2:37:01 AM,FDM404,8M6HM2_HVF,8M6HM2_HVF,07/26/2026 1:27:50 PM,8M6HM2_HVF,D1D,1,7979768
D604246,114,GT7EJ114JKC7,0,0.003475,0.015637,0.001737,0,0.001737,0,0,0,0.008687,0.001737,0,0.003475,0.001737,,D6042460,PXMG,04/30/2026 2:37:01 AM,FDM404,8M6HM2_HVF,8M6HM2_HVF,07/26/2026 1:27:17 PM,8M6HM2_HVF,D1D,2,7979790
D604246,115,GT7EJ115JKH1,0,0.010425,0.02085,0,0,0.008687,0,0,0,0.001737,0,0,0,0.001737,,D6042460,PXMG,04/30/2026 2:37:01 AM,FDM404,8M6HM2_HVF,8M6HM2_HVF,07/26/2026 1:27:30 PM,8M6HM2_HVF,D1D,3,7979678
D604246,116,GT7EJ116JKE0,0,0.00695,0.015637,0,0,0.010425,0,0,0,0.001737,0,0,0,0,,D6042460,PXMG,04/30/2026 2:37:01 AM,FDM404,8M6HM2_HVF,8M6HM2_HVF,07/26/2026 1:27:23 PM,8M6HM2_HVF,D1D,4,7979665
D604246,117,GT7EJ117JKA7,0,0.010425,0.019112,0,0,0.005212,0,0.001737,0,0.005212,0,0,0,0.001737,,D6042460,PXMG,04/30/2026 2:37:01 AM,FDM404,8M6HM2_HVF,8M6HM2_HVF,07/26/2026 1:27:46 PM,8M6HM2_HVF,D1D,5,7979679
D604246,118,GT7EJ118JKF1,0,0.008687,0.026062,0,0,0.001737,0,0,0,0,0,0,0.003475,0,,D6042460,PXMG,04/30/2026 2:37:01 AM,FDM404,8M6HM2_HVF,8M6HM2_HVF,07/26/2026 1:27:39 PM,8M6HM2_HVF,D1D,6,7979824
D605304,201,KJA6F201WFD7,0,0.013854,0.02944,0.012122,0.005195,0.010391,0,0.001732,0,0.045026,0.001732,0,0.001732,0.006927,,D6053040,PNCB,04/30/2026 1:27:54 PM,FDM402,8M6HM2_HVF,8M6HM2_HVF,07/26/2026 1:17:07 PM,8M6HM2_HVF,D1D,1,8024307
D605304,202,KJA6F202WFA6,0,0.043294,0.009849,0,0,0.136809,0,0,0,0.023379,0,0,0.002706,0.010824,0,D6053040,PNCB,04/30/2026 1:27:54 PM,FDM402,8M6HM2_HVF,8M6HM2_HVF,07/26/2026 1:26:34 PM,8M6HM2_HVF,D1D,2,8024314
D603187,597,GS7FG597JKF4,0,0.001737,0.03475,0.003475,0,0.001737,0,0,0,0.005212,0,0,0.003475,0.005212,,D6031870,PXMG,04/29/2026 1:02:32 PM,FDM408,8M6HM2_HVF,8M6HM2_HVF,07/24/2026 3:39:10 PM,8M6HM2_HVF,D1D,1,7937599
D603187,599,GS7FG599JKG5,0,0.001737,0.026062,0.001737,0,0.001737,0,0.003475,0,0,0,0.001737,0.005212,0.012162,,D6031870,PXMG,04/29/2026 1:02:32 PM,FDM408,8M6HM2_HVF,8M6HM2_HVF,07/24/2026 3:39:18 PM,8M6HM2_HVF,D1D,2,7937515
D604205,451,5DXBN451MVF3,0,0.003464,0.017318,0.003464,0,0.006927,0,0.005195,0,0.006927,0,0,0.001732,0.005195,,D6042050,PNCB,05/05/2026 6:11:30 AM,FDM410,8M6HM2_HVF,8M6HM2_HVF,07/26/2026 1:26:19 PM,8M6HM2_HVF,D1D,1,7970393
D604205,453,5DXBN453MVG4,0,0.003464,0.052472,0.001732,0,0.001732,0,0.003464,0,0.005195,0.003464,0,0.006408,0.001732,0,D6042050,PNCB,05/05/2026 6:11:30 AM,FDM410,8M6HM2_HVF,8M6HM2_HVF,07/26/2026 1:26:14 PM,8M6HM2_HVF,D1D,2,7970303
D604237,704,GT8RS704JKA4,0,0.003475,0.0278,0,0,0.001737,0,0.001737,0,0,0,0,0.005212,0,,D6042370,PXMG,05/04/2026 9:37:17 PM,FDM404,8M6HM2_HVF,8M6HM2_HVF,07/26/2026 1:26:20 PM,8M6HM2_HVF,D1D,1,7977483
D604237,705,GT8RS705JKE6,0,0.001737,0.015637,0.012162,0.003475,0.003475,0,0.003475,0,0.001737,0.001737,0,0.008687,0.045175,,D6042370,PXMG,05/04/2026 9:37:17 PM,FDM404,8M6HM2_HVF,8M6HM2_HVF,08/09/2026 3:50:07 AM,8M6HM2_HVF,D1D,2,7977367
D604224,21,KJA6K021WFB6,0,0.012162,0.033012,0.003475,0,0.008687,0,0,0,0.005212,0.003475,0,0.001737,0.005212,,D6042240,PXMG,05/03/2026 2:00:43 PM,FDM402,8M6HM2_HVF,8M6HM2_HVF,07/26/2026 1:26:27 PM,8M6HM2_HVF,D1D,1,7972582
D604224,37,KJA6K037WFC2,0,0.003475,0.012162,0.003475,0.005212,0.003475,0,0.001737,0,0.001737,0,0,0.003475,0.003475,,D6042240,PXMG,05/03/2026 2:00:43 PM,FDM402,8M6HM2_HVF,8M6HM2_HVF,07/26/2026 1:26:32 PM,8M6HM2_HVF,D1D,2,7972641
D604238,27,A29WC027SLC5,0,0.008687,0.012162,0.00695,0,0.001737,0,0.001737,0,0.003475,0,0,0.010425,0.00695,,D6042380,PXMG,05/09/2026 10:18:52 AM,FDM406,8M6HM2_HVF,8M6HM2_HVF,07/26/2026 1:26:22 PM,8M6HM2_HVF,D1D,1,7977580
D604238,31,A29WC031SLD6,0,0.00695,0.005212,0.003475,0,0.019112,0,0.001737,0,0.005212,0,0,0,0,,D6042380,PXMG,05/09/2026 10:18:52 AM,FDM406,8M6HM2_HVF,8M6HM2_HVF,07/26/2026 1:26:04 PM,8M6HM2_HVF,D1D,2,7977507
D604238,156,A29WC156SLD5,0,0.00695,0.008687,0.003475,0,0.005212,0,0.003475,0,0.00695,0,0,0,0.00695,,D6042380,PXMG,05/09/2026 7:40:26 AM,FDM408,8M6HM2_HVF,8M6HM2_HVF,07/26/2026 1:25:57 PM,8M6HM2_HVF,D1D,3,7977623
D604238,162,A29WC162SLF7,0,0.010425,0.015637,0.00695,0,0.005212,0,0,0,0.008687,0,0,0.003475,0.00695,,D6042380,PXMG,05/09/2026 7:40:26 AM,FDM408,8M6HM2_HVF,8M6HM2_HVF,07/26/2026 1:26:11 PM,8M6HM2_HVF,D1D,4,7977545
D604238,29,A29WC029SLD6,0,0.01166,0.03808,0,0,0.018803,0,0.003572,0,0.002259,0.001786,0.001786,0.001786,0.007143,0,D6042380AP,PXMG,05/09/2026 4:16:11 AM,FDM402,8M6HM2_HVF,8M6HM2_HVF,07/26/2026 1:25:42 PM,8M6HM2_HVF,D1D,1,8571163
D604238,115,A29JN115SLF4,0,0.005461,0.020353,0.012411,0.001737,0.003475,0,0.003475,0,0.003475,0.001737,0,0.001737,0.008687,0,D6042380AP,PXMG,05/09/2026 4:16:11 AM,FDM402,8M6HM2_HVF,8M6HM2_HVF,07/26/2026 1:25:48 PM,8M6HM2_HVF,D1D,2,8571152
D604227,26,GQ8FQ026JKB3,0,0.018417,0.033186,0,0,0.005212,0,0.003475,0,0.00695,0.007471,0,0,0,0,D6042270,PXMG,05/07/2026 10:53:13 AM,FDM408,8M6HM2_HVF,8M6HM2_HVF,07/26/2026 1:26:53 PM,8M6HM2_HVF,D1D,1,7974698
D604227,27,GQ8FQ027JKF5,0,0.020676,0.025889,0,0.001737,0.001737,0,0.003475,0,0.007992,0.001737,0,0,0.007992,0,D6042270,PXMG,05/07/2026 10:53:13 AM,FDM408,8M6HM2_HVF,8M6HM2_HVF,07/26/2026 1:26:28 PM,8M6HM2_HVF,D1D,2,7974804
D604227,28,GQ8FQ028JKC4,0,0.017375,0.026062,0.001737,0,0.003475,0,0.003475,0,0.003475,0.001737,0,0,0.003475,,D6042270,PXMG,05/07/2026 10:53:13 AM,FDM408,8M6HM2_HVF,8M6HM2_HVF,07/26/2026 1:26:22 PM,8M6HM2_HVF,D1D,3,7974773
D604227,29,GQ8FQ029JKG6,0,0.022587,0.043437,0,0,0.003475,0,0.005212,0,0.001737,0,0,0,0.001737,,D6042270,PXMG,05/07/2026 10:53:13 AM,FDM408,8M6HM2_HVF,8M6HM2_HVF,07/26/2026 1:26:48 PM,8M6HM2_HVF,D1D,4,7974755
D604227,30,GQ8FQ030JKC4,0,0.022935,0.036835,0,0,0.001737,0,0.003996,0,0.005734,0,0,0,0.003475,0,D6042270,PXMG,05/07/2026 10:53:13 AM,FDM408,8M6HM2_HVF,8M6HM2_HVF,07/26/2026 1:26:44 PM,8M6HM2_HVF,D1D,5,7974740
D604227,31,GQ8FQ031JKG6,0,0.0139,0.036487,0,0,0,0,0.003475,0,0.010425,0,0,0,0,,D6042270,PXMG,05/07/2026 10:53:13 AM,FDM408,8M6HM2_HVF,8M6HM2_HVF,07/26/2026 1:26:38 PM,8M6HM2_HVF,D1D,6,7974748
D604228,6,IEFPA006MMF2,0,0.012162,0.0139,0.001737,0,0,0,0.003475,0,0.005212,0,0,0.00695,0,,D6042280,PXMG,05/07/2026 9:09:17 PM,FDM408,8M6HM2_HVF,8M6HM2_HVF,07/26/2026 1:25:51 PM,8M6HM2_HVF,D1D,1,7975333
D604228,9,IEFPA009MMD2,0,0.01251,0.042395,0.001737,0,0.00695,0,0.001737,0,0.00695,0.003822,0,0.001737,0.007297,0,D6042280,PXMG,05/07/2026 9:09:17 PM,FDM408,8M6HM2_HVF,8M6HM2_HVF,07/26/2026 1:17:03 PM,8M6HM2_HVF,D1D,2,7975214
D605307,101,KJD2F101WFF6,0,0.006927,0.036367,0.001732,0,0.008659,0,0.003464,0,0.001732,0,0,0.001732,0.003464,,D6053070,PNCB,05/07/2026 1:55:02 PM,FDM410,8M6HM2_HVF,8M6HM2_HVF,07/26/2026 1:17:04 PM,8M6HM2_HVF,D1D,1,8028725
D605307,330,KJD2J330WFA0,0,0.013854,0.036367,0,0,0.008659,0,0.003464,0,0.005195,0,0,0.05888,0.001732,,D6053070,PNCB,05/07/2026 1:55:02 PM,FDM410,8M6HM2_HVF,8M6HM2_HVF,07/26/2026 1:25:59 PM,8M6HM2_HVF,D1D,2,8028744
D604232,27,A29ZA027SLD4,0,0.010425,0.0278,0.001737,0.001737,0.019112,0,0.001737,0,0,0,0,0.024325,0.0139,,D6042320,PXMG,05/08/2026 2:29:59 PM,FDM406,8M6HM2_HVF,8M6HM2_HVF,07/26/2026 1:25:51 PM,8M6HM2_HVF,D1D,1,7975390
D604232,28,A29ZA028SLA3,0,0.005212,0.005212,0.001737,0.005212,0.00695,0,0.005212,0,0.00695,0,0,0.005212,0.005212,,D6042320,PXMG,05/08/2026 2:29:59 PM,FDM406,8M6HM2_HVF,8M6HM2_HVF,07/26/2026 1:25:57 PM,8M6HM2_HVF,D1D,2,7975257
D605314,554,GT9LN554JKG6,0,0.010425,0.03475,0,0.003475,0.001737,0,0,0,0.001737,0,0,0.001737,0.008687,,D6053140,PXMG,05/06/2026 4:52:41 PM,FDM410,8M6HM2_HVF,8M6HM2_HVF,07/26/2026 1:26:19 PM,8M6HM2_HVF,D1D,1,8004809
D605314,556,GT9LN556JKA4,0,0.0139,0.017375,0,0.003475,0,0,0,0,0.003475,0,0,0,0.003475,,D6053140,PXMG,05/06/2026 4:52:41 PM,FDM410,8M6HM2_HVF,8M6HM2_HVF,07/26/2026 1:26:14 PM,8M6HM2_HVF,D1D,2,8004861
D605300,13,A28JU013SLG0,0,0.007966,0.039484,0,0,0.001732,0,0.001732,0,0.001732,0.001732,0,0,0.006234,0,D6053000,PNCB,05/18/2026 2:44:25 AM,FDM402,8M6HM2_HVF,8M6HM2_HVF,07/26/2026 1:21:56 PM,8M6HM2_HVF,D1D,1,8024321
D605300,16,A28JU016SLE0,0,0.006201,0.047651,0.011731,0,0.00553,0,0.002067,0,0.002067,0,0,0.010335,0.006201,0,D6053000,PNCB,05/18/2026 2:44:25 AM,FDM402,8M6HM2_HVF,8M6HM2_HVF,07/26/2026 1:17:08 PM,8M6HM2_HVF,D1D,2,8024256
D604239,50,A29UH050SLE3,0,0.001737,0.017375,0.005212,0.005212,0.012162,0,0.001737,0,0.005212,0,0,0.001737,0.005212,,D6042390,PXMG,05/28/2026 8:08:21 PM,FDM410,8M6HM2_HVF,8M6HM2_HVF,08/12/2026 1:24:03 AM,8M6HM2_HVF,D1D,1,7977451
D604239,90,A28WK090SLF4,0,0.003475,0.02085,0.001737,0,0.005212,0,0.001737,0,0.003475,0,0,0.001737,0,,D6042390,PXMG,05/28/2026 8:08:21 PM,FDM410,8M6HM2_HVF,8M6HM2_HVF,08/10/2026 2:04:41 AM,8M6HM2_HVF,D1D,2,7977322
D605330,22,KJA6L022WFG3,0,0.003475,0.023282,0.003475,0,0.002259,0,0.005212,0,0.003996,0,0,0.02085,0,0,D6053300,PXMG,04/18/2026 4:52:26 PM,FDM406,8M6HM2_HVF,8M6HM2_HVF,07/24/2026 3:41:07 PM,8M6HM2_HVF,D1D,1,8010080
D605330,34,KJA6L034WFE5,0,0.011076,0.036965,0.005603,0.011076,0.001868,0,0.001868,0,0.003736,0,0,0.013075,0.076319,0,D6053300,PXMG,04/18/2026 4:52:26 PM,FDM406,8M6HM2_HVF,8M6HM2_HVF,07/24/2026 3:40:58 PM,8M6HM2_HVF,D1D,2,8010122
D606442,272,KJAUH272WFA5,0,0.003464,0.020781,0,0,0,0,0.001732,0,0.003464,0,0,0,0,,D6064420,PNCB,04/24/2026 10:43:04 AM,FDM404,8M6HM2_HVF,8M6HM2_HVF,07/24/2026 3:39:45 PM,8M6HM2_HVF,D1D,1,8047011
D606442,273,KJAUH273WFE7,0,0.017491,0.050567,0,0,0,0,0,0,0.003464,0.002944,0,0,0,0,D6064420,PNCB,04/24/2026 10:43:04 AM,FDM404,8M6HM2_HVF,8M6HM2_HVF,07/24/2026 3:39:42 PM,8M6HM2_HVF,D1D,2,8046989
D606452,26,A27SQ026SLC5,0,0.00695,0.008687,0.001737,0,0,0,0.003475,0,0.00695,0,0,0.003475,0.00695,,D6064520,PXMG,04/23/2026 10:13:13 PM,FDM402,8M6HM2_HVF,8M6HM2_HVF,07/24/2026 3:39:38 PM,8M6HM2_HVF,D1D,1,8044312
D606452,27,A27SQ027SLG7,0,0.019112,0.033012,0.001737,0,0.026062,0,0.005212,0,0.003475,0.001737,0,0,0.003475,,D6064520,PXMG,04/23/2026 10:13:13 PM,FDM402,8M6HM2_HVF,8M6HM2_HVF,07/24/2026 3:39:44 PM,8M6HM2_HVF,D1D,2,8044337
D605404,571,KJ9JH571WFE6,0,0.003475,0.019112,0.001737,0,0.003475,0,0,0,0.010425,0.001737,0,0,0.005212,,D6054040,PXMG,04/23/2026 5:44:22 PM,FDM408,8M6HM2_HVF,8M6HM2_HVF,07/24/2026 3:39:50 PM,8M6HM2_HVF,D1D,1,8034357
D605404,604,KJ9JH604WFH2,0,0.009556,0.069499,0.001737,0,0.0139,0,0,0,0.007819,0.015637,0,0.001737,0.001737,0,D6054040,PXMG,04/23/2026 5:44:22 PM,FDM408,8M6HM2_HVF,8M6HM2_HVF,07/24/2026 3:39:56 PM,8M6HM2_HVF,D1D,2,8034578
D605336,105,A29G5105SLE6,0,0.026062,0.031275,0,0.001737,0.015637,0,0,0,0.003475,0.001737,0,0,0,,D6053360,PXMG,04/23/2026 3:57:41 AM,FDM410,8M6HM2_HVF,8M6HM2_HVF,07/24/2026 3:39:50 PM,8M6HM2_HVF,D1D,1,8012877
D605336,107,A29G5107SLF7,0,0.003861,0.030889,0,0,0.001737,0,0,0,0.005212,0,0,0.005212,0.001737,0,D6053360,PXMG,04/23/2026 3:57:41 AM,FDM410,8M6HM2_HVF,8M6HM2_HVF,07/24/2026 3:39:56 PM,8M6HM2_HVF,D1D,2,8012698
D606445,277,A26WA277SLC2,0,0.005195,0.109101,0.003464,0.003464,0.001732,0,0.001732,0,0.001732,0,0,0,0.003464,,D6064450,PNCB,04/28/2026 7:12:35 PM,FDM410,8M6HM2_HVF,8M6HM2_HVF,07/24/2026 3:39:23 PM,8M6HM2_HVF,D1D,1,8047103
D606445,279,A26WA279SLD3,0,0.003464,0.024245,0.001732,0.001732,0.003464,0,0,0,0.005195,0,0,0.010391,0.005195,,D6064450,PNCB,04/28/2026 7:12:35 PM,FDM410,8M6HM2_HVF,8M6HM2_HVF,07/24/2026 3:39:17 PM,8M6HM2_HVF,D1D,2,8047114
D605335,209,A29G5209SLG1,0,0.010425,0.031275,0.001737,0,0,0,0,0,0.005212,0,0,0,0,,D6053350,PXMG,04/26/2026 9:07:34 AM,FDM406,8M6HM2_HVF,8M6HM2_HVF,07/24/2026 3:39:28 PM,8M6HM2_HVF,D1D,1,8012774
D605335,210,A29G5210SLB7,0,0.012212,0.017474,0.008737,0,0.002184,0,0.006553,0,0.004369,0,0,0.024027,0.004369,0,D6053350,PXMG,04/26/2026 9:07:34 AM,FDM406,8M6HM2_HVF,8M6HM2_HVF,07/24/2026 3:39:35 PM,8M6HM2_HVF,D1D,2,8012703
D606462,58,A28J4058SLD3,0,0.001737,0.02085,0.001737,0,0.008687,0,0.001737,0,0,0,0,0.015637,0.012162,,D6064620,PXMG,04/26/2026 1:56:12 PM,FDM402,8M6HM2_HVF,8M6HM2_HVF,07/24/2026 3:39:33 PM,8M6HM2_HVF,D1D,1,8052087
D606462,59,A28J4059SLA2,0,0.00695,0.017375,0.003475,0.001737,0.003475,0,0.001737,0,0.008687,0,0,0,0.001737,,D6064620,PXMG,04/26/2026 1:56:12 PM,FDM402,8M6HM2_HVF,8M6HM2_HVF,07/24/2026 3:39:29 PM,8M6HM2_HVF,D1D,2,8052016
D605329,6,KJ9PL006WFD5,0,0.019112,0.0278,0.003475,0.003475,0.03475,0,0.003475,0,0.005212,0,0,0.005212,0.0139,,D6053290,PXMG,04/26/2026 3:42:40 PM,FDM402,8M6HM2_HVF,8M6HM2_HVF,08/09/2026 4:14:48 AM,8M6HM2_HVF,D1D,1,8010060
D605329,21,KJ9PL021WFG1,0,0.020676,0.090697,0,0.001737,0.008687,0,0,0,0.00695,0.001737,0,0.017201,0.005212,0,D6053290,PXMG,04/26/2026 3:42:40 PM,FDM402,8M6HM2_HVF,8M6HM2_HVF,08/09/2026 4:57:58 PM,8M6HM2_HVF,D1D,2,8010035
D605418,87,A27VD087SLB1,0,0.015586,0.019049,0.001732,0,0.039831,0,0.001732,0,0.003464,0,0,0.003464,0,,D6054180,PNCB,04/26/2026 6:02:25 PM,FDM402,8M6HM2_HVF,8M6HM2_HVF,07/24/2026 3:39:29 PM,8M6HM2_HVF,D1D,1,8040323
D605418,109,A28MA109SLF4,0,0.026842,0.071868,0.001732,0,0.02944,0,0,0,0.007793,0,0,0.006061,0,0,D6054180,PNCB,04/26/2026 6:02:25 PM,FDM402,8M6HM2_HVF,8M6HM2_HVF,07/24/2026 3:39:31 PM,8M6HM2_HVF,D1D,2,8040257
D607531,390,5DXCD390MVE4,0,0.017375,0.012162,0.001737,0,0.008687,0,0.001737,0,0.005212,0,0,0.001737,0.001737,,D6075310,PXMG,04/26/2026 9:32:54 PM,FDM408,8M6HM2_HVF,8M6HM2_HVF,07/24/2026 3:39:14 PM,8M6HM2_HVF,D1D,1,8083097
D607531,391,5DXCD391MVB3,0,0.010425,0.022587,0,0,0.003475,0,0.003475,0,0.005212,0.001737,0,0.001737,0,,D6075310,PXMG,04/26/2026 9:32:54 PM,FDM408,8M6HM2_HVF,8M6HM2_HVF,07/24/2026 3:39:19 PM,8M6HM2_HVF,D1D,2,8083091
D606435,1,A29M4001SLG2,0,0.008659,0.043294,0.001732,0,0.003464,0,0.005195,0,0.005195,0.001732,0,0.001732,0,,D6064350,PNCB,05/01/2026 11:20:01 PM,FDM406,8M6HM2_HVF,8M6HM2_HVF,07/26/2026 1:26:38 PM,8M6HM2_HVF,D1D,1,8044496
D606435,2,A29M4002SLD1,0,0.010391,0.038099,0,0,0.012122,0,0.005195,0,0.003464,0.001732,0,0.003464,0,,D6064350,PNCB,05/01/2026 11:20:01 PM,FDM406,8M6HM2_HVF,8M6HM2_HVF,07/26/2026 1:26:40 PM,8M6HM2_HVF,D1D,2,8044538
D606454,434,GT7PS434JKB3,0,0.019112,0.057337,0.005212,0,0.003475,0,0,0,0.00695,0.001737,0.001737,0.012162,0.001737,,D6064540,PXMG,05/01/2026 2:50:15 AM,FDM410,8M6HM2_HVF,8M6HM2_HVF,08/12/2026 1:32:59 AM,8M6HM2_HVF,D1D,1,8050081
D606454,435,GT7PS435JKF5,0,0.012162,0.043437,0,0,0.008687,0,0.001737,0,0.001737,0.001737,0,0.001737,0.001737,,D6064540,PXMG,05/01/2026 2:50:15 AM,FDM410,8M6HM2_HVF,8M6HM2_HVF,08/08/2026 12:41:52 AM,8M6HM2_HVF,D1D,2,8050133
D607529,500,5DXBW500MVD2,0,0.011989,0.05977,0,0,0,0,0,0,0.00695,0.025541,0,0,0,0,D6075290,PXMG,04/30/2026 7:07:44 AM,FDM404,8M6HM2_HVF,8M6HM2_HVF,07/26/2026 1:26:56 PM,8M6HM2_HVF,D1D,1,8083246
D607529,506,5DXBW506MVG5,0,0.001737,0.012162,0,0,0.00695,0,0.001737,0,0,0,0,0,0.005212,,D6075290,PXMG,04/30/2026 7:07:44 AM,FDM404,8M6HM2_HVF,8M6HM2_HVF,07/26/2026 1:26:46 PM,8M6HM2_HVF,D1D,2,8083263
D606903,535,5DXCL535MVA0,0,0.005212,0.012162,0.001737,0,0.001737,0,0.003475,0,0.003475,0.001737,0.001737,0,0.003475,,D6069030,PXMG,04/30/2026 3:44:30 AM,FDM408,8M6HM2_HVF,8M6HM2_HVF,07/26/2026 1:26:52 PM,8M6HM2_HVF,D1D,1,8069363
D606903,554,5DXCL554MVE6,0,0.010425,0.019112,0,0,0.005212,0,0.001737,0,0.001737,0,0.001737,0.001737,0,,D6069030,PXMG,04/30/2026 3:44:30 AM,FDM408,8M6HM2_HVF,8M6HM2_HVF,07/26/2026 1:26:50 PM,8M6HM2_HVF,D1D,2,8069182
D605326,407,KJ9JJ407WFA3,0,0.001737,0.02085,0,0.001737,0,0,0.005212,0,0.001737,0,0,0.010425,0.003475,,D6053260,PXMG,04/30/2026 6:35:44 AM,FDM408,8M6HM2_HVF,8M6HM2_HVF,07/26/2026 1:26:46 PM,8M6HM2_HVF,D1D,1,8010209
D605326,431,KJ9JJ431WFD1,0,0.010425,0.0139,0.001737,0,0.010425,0,0.003475,0,0.001737,0,0,0.001737,0.005212,,D6053260,PXMG,04/30/2026 6:35:44 AM,FDM408,8M6HM2_HVF,8M6HM2_HVF,08/10/2026 6:06:22 AM,8M6HM2_HVF,D1D,2,8010216
D606438,374,MCLPH374WAE4,0,0.013594,0.035458,0.001775,0.023639,0.001775,0,0.008875,0,0.00355,0.005325,0.0071,0.023639,0.046714,0,D6064380,PNCB,04/30/2026 4:08:14 PM,FDM410,8M6HM2_HVF,8M6HM2_HVF,07/26/2026 1:26:34 PM,8M6HM2_HVF,D1D,1,8046728
D606438,401,MCLPH401WAD5,0,0.015586,0.012122,0,0,0.005195,0,0,0,0.001732,0,0,0.001732,0,,D6064380,PNCB,04/30/2026 4:08:14 PM,FDM410,8M6HM2_HVF,8M6HM2_HVF,07/26/2026 1:26:44 PM,8M6HM2_HVF,D1D,2,8046698
D605419,202,A28GD202SLC2,0,0.003464,0.039831,0,0,0,0,0,0,0.003464,0.006927,0,0,0.010391,,D6054190,PNCB,04/30/2026 3:13:32 AM,FDM404,8M6HM2_HVF,8M6HM2_HVF,07/26/2026 1:26:52 PM,8M6HM2_HVF,D1D,1,8040350
D605419,226,A28DJ226SLG6,0,0.010391,0.020781,0,0.001732,0.012122,0,0.001732,0,0,0.005195,0.008659,0.019049,0.025976,,D6054190,PNCB,04/30/2026 3:13:32 AM,FDM404,8M6HM2_HVF,8M6HM2_HVF,07/26/2026 1:27:02 PM,8M6HM2_HVF,D1D,2,8040361
D606437,204,KJA6F204WFB7,0,0.009401,0.061601,0,0,0.006927,0,0.003464,0,0.001732,0,0,0,0.001732,0,D6064370,PNCB,04/28/2026 4:58:34 AM,FDM410,8M6HM2_HVF,8M6HM2_HVF,07/24/2026 3:39:23 PM,8M6HM2_HVF,D1D,1,8044630
D606437,222,KJA6F222WFC3,0,0.003464,0.067539,0.001732,0,0.001732,0,0.010391,0,0.001732,0.003464,0,0.013854,0.041562,,D6064370,PNCB,04/28/2026 4:58:34 AM,FDM410,8M6HM2_HVF,8M6HM2_HVF,07/24/2026 3:39:18 PM,8M6HM2_HVF,D1D,2,8044435
D606460,11,KJA9W011WFD3,0,0.008861,0.037356,0,0,0,0,0,0,0.005386,0.001911,0,0.012336,0.010599,0,D6064600,PXMG,05/06/2026 12:27:57 PM,FDM408,8M6HM2_HVF,8M6HM2_HVF,08/09/2026 7:32:20 PM,8M6HM2_HVF,D1D,1,8050112
D606460,38,KJA9W038WFF2,0,0.005212,0.015637,0.001737,0.001737,0.00695,0,0.001737,0,0.001737,0,0,0.008687,0.00695,,D6064600,PXMG,05/06/2026 12:27:57 PM,FDM408,8M6HM2_HVF,8M6HM2_HVF,08/09/2026 4:04:59 PM,8M6HM2_HVF,D1D,2,8050230
D605324,15,A28JU015SLH1,0,0.005386,0.032491,0,0,0.007124,0,0.001737,0,0.007124,0,0,0.00695,0.005212,0,D6053240,PXMG,05/06/2026 12:16:01 PM,FDM406,8M6HM2_HVF,8M6HM2_HVF,07/26/2026 1:26:19 PM,8M6HM2_HVF,D1D,1,8010198
D605324,19,A28JU019SLC0,0,0.012162,0.017375,0.001737,0,0.003475,0,0.001737,0,0,0,0,0.005212,0,,D6053240,PXMG,05/06/2026 12:16:01 PM,FDM406,8M6HM2_HVF,8M6HM2_HVF,07/26/2026 1:26:09 PM,8M6HM2_HVF,D1D,2,8010199
D606461,253,GT7EJ253JKB0,0,0.00695,0.062202,0.003475,0,0.008687,0,0.003475,0,0.002432,0.002432,0,0.00417,0.001737,0,D6064610,PXMG,05/04/2026 8:54:43 AM,FDM410,8M6HM2_HVF,8M6HM2_HVF,07/26/2026 1:26:26 PM,8M6HM2_HVF,D1D,1,8051905
D606461,254,GT7EJ254JKF2,0,0.008687,0.031275,0,0,0.003475,0,0.001737,0,0.008687,0.001737,0,0.001737,0.001737,,D6064610,PXMG,05/04/2026 8:54:43 AM,FDM410,8M6HM2_HVF,8M6HM2_HVF,07/26/2026 1:26:15 PM,8M6HM2_HVF,D1D,2,8051927
D606450,75,A29DT075SLC7,0,0.010425,0.0139,0,0,0.005212,0,0,0,0.001737,0.001737,0,0,0.001737,,D6064500,PXMG,05/03/2026 12:51:40 PM,FDM406,8M6HM2_HVF,8M6HM2_HVF,07/26/2026 1:26:22 PM,8M6HM2_HVF,D1D,1,8044333
D606450,76,A29DT076SLH1,0,0.006081,0.037356,0,0,0.00695,0,0,0,0.001737,0.005212,0,0.001737,0.001737,0,D6064500,PXMG,05/03/2026 12:51:40 PM,FDM406,8M6HM2_HVF,8M6HM2_HVF,07/26/2026 1:26:28 PM,8M6HM2_HVF,D1D,2,8044350
D606439,415,MCLPH415WAD0,0,0.045212,0.024671,0,0.001785,0.033916,0,0.00714,0,0.018144,0.004156,0,0,0.001785,0,D6064390,PNCB,05/03/2026 11:32:32 AM,FDM404,8M6HM2_HVF,8M6HM2_HVF,07/26/2026 1:26:22 PM,8M6HM2_HVF,D1D,1,8046853
D606439,444,MCLPH444WAE7,0,0.009157,0.084294,0.003052,0.091567,0.015261,0,0.018313,0,0.015261,0.004957,0.003052,0.006104,0.012209,0,D6064390,PNCB,05/03/2026 11:32:32 AM,FDM404,8M6HM2_HVF,8M6HM2_HVF,07/26/2026 1:26:28 PM,8M6HM2_HVF,D1D,2,8046756
D605331,201,GT9ZQ201JKC4,0,0.008687,0.0139,0,0.001737,0.008687,0,0,0,0.003475,0,0,0.005212,0.005212,,D6053310,PXMG,05/03/2026 1:09:31 PM,FDM410,8M6HM2_HVF,8M6HM2_HVF,07/26/2026 1:26:28 PM,8M6HM2_HVF,D1D,1,8013072
D605331,202,GT9ZQ202JKG6,0,0.00695,0.038225,0,0,0.005212,0,0.003475,0,0.00695,0,0.003475,0.001737,0,,D6053310,PXMG,05/03/2026 1:09:31 PM,FDM410,8M6HM2_HVF,8M6HM2_HVF,07/26/2026 1:26:22 PM,8M6HM2_HVF,D1D,2,8013100
D605433,332,MCLPH332WAA1,0,0.006927,0.022513,0,0.001732,0,0,0,0,0.003464,0,0,0.001732,0,,D6054330,PNCB,05/03/2026 7:18:28 AM,FDM410,8M6HM2_HVF,8M6HM2_HVF,07/26/2026 1:26:34 PM,8M6HM2_HVF,D1D,1,8041554
D605433,333,MCLPH333WAE3,0,0.015586,0.025976,0,0,0.003464,0,0,0,0.008659,0.003464,0,0,0,,D6054330,PNCB,05/03/2026 7:18:28 AM,FDM410,8M6HM2_HVF,8M6HM2_HVF,07/26/2026 1:26:44 PM,8M6HM2_HVF,D1D,2,8041600
D606455,303,GT7EJ303JKH1,0,0.018572,0.056912,0.006989,0,0.006989,0,0.007722,0,0.003861,0.003127,0,0.016641,0.014711,0,D6064550,PXMG,05/04/2026 4:42:18 AM,FDM402,8M6HM2_HVF,8M6HM2_HVF,07/26/2026 1:26:32 PM,8M6HM2_HVF,D1D,1,8050009
D606455,304,GT7EJ304JKE0,0,0.017375,0.037232,0.001737,0.001737,0.001986,0,0.003723,0,0.003971,0,0,0.005212,0.00695,0,D6064550,PXMG,05/04/2026 4:42:18 AM,FDM402,8M6HM2_HVF,8M6HM2_HVF,07/26/2026 1:26:27 PM,8M6HM2_HVF,D1D,2,8050026
D607519,118,GQ7JE118JKC6,0,0.013854,0.012122,0.001732,0,0.003464,0,0.003464,0,0,0,0,0,0.001732,,D6075190,PNCB,05/09/2026 2:50:09 AM,FDM406,8M6HM2_HVF,8M6HM2_HVF,07/26/2026 1:25:49 PM,8M6HM2_HVF,D1D,1,8097764
D607519,119,GQ7JE119JKH0,0,0.013854,0.010391,0,0.001732,0.005195,0,0.003464,0,0.003464,0,0,0.001732,0.001732,,D6075190,PNCB,05/09/2026 2:50:09 AM,FDM406,8M6HM2_HVF,8M6HM2_HVF,07/26/2026 1:25:54 PM,8M6HM2_HVF,D1D,2,8097731
D607527,21,KJA9Y021WFB2,0,0.013681,0.048143,0.005195,0,0.010391,0,0.001732,0,0,0.001732,0,0,0.002251,0,D6075270,PNCB,05/09/2026 3:18:38 AM,FDM410,8M6HM2_HVF,8M6HM2_HVF,07/26/2026 1:25:42 PM,8M6HM2_HVF,D1D,1,8100415
D607527,38,KJA9Y038WFG0,0,0.041562,0.061478,0.003031,0,0.052819,0,0.024245,0,0.087887,0.020348,0,0.003031,0,0,D6075270,PNCB,05/09/2026 3:18:38 AM,FDM410,8M6HM2_HVF,8M6HM2_HVF,07/26/2026 1:25:45 PM,8M6HM2_HVF,D1D,2,8100281
D605417,68,A28DJ068SLF4,0,0.07005,0.010477,0,0,0.111612,0,0.002338,0,0.002338,0,0,0,0.002338,0,D6054170,PNCB,05/08/2026 5:20:10 AM,FDM410,8M6HM2_HVF,8M6HM2_HVF,07/26/2026 1:25:55 PM,8M6HM2_HVF,D1D,1,8040031
D605417,277,A29HM277SLE2,0,0.015586,0.005195,0,0,0.012122,0,0,0,0.013854,0.001732,0,0,0,,D6054170,PNCB,05/08/2026 5:20:10 AM,FDM410,8M6HM2_HVF,8M6HM2_HVF,07/26/2026 1:25:57 PM,8M6HM2_HVF,D1D,2,8040114
D606440,56,A28GD056SLG5,0,0.008659,0.048489,0.001732,0,0.015586,0,0,0,0.001732,0,0,0.001732,0,,D6064400,PNCB,05/07/2026 11:18:20 AM,FDM404,8M6HM2_HVF,8M6HM2_HVF,07/26/2026 1:26:15 PM,8M6HM2_HVF,D1D,1,8046947
D606440,73,A28J5073SLG2,0,0.043056,0.081696,0.004026,0,0.020132,0,0.002013,0,0.070461,0,0.002013,0,0,0,D6064400,PNCB,05/07/2026 11:18:20 AM,FDM404,8M6HM2_HVF,8M6HM2_HVF,07/26/2026 1:26:38 PM,8M6HM2_HVF,D1D,2,8046716
D606440,117,A28DJ117SLA0,0,0.014603,0.031031,0,0,0.016428,0,0,0,0.003651,0,0,0,0.001825,0,D6064400,PNCB,05/07/2026 11:18:20 AM,FDM404,8M6HM2_HVF,8M6HM2_HVF,07/26/2026 1:26:40 PM,8M6HM2_HVF,D1D,3,8046774
D606440,139,A27VC139SLA5,0,0,0.024245,0.001732,0,0.013854,0,0,0,0.005195,0,0,0.005195,0.003464,,D6064400,PNCB,05/07/2026 11:18:20 AM,FDM404,8M6HM2_HVF,8M6HM2_HVF,07/26/2026 1:17:03 PM,8M6HM2_HVF,D1D,4,8046897
D606440,141,A27VC141SLA5,0,0.010391,0.069271,0.001732,0.001732,0.006927,0,0.001732,0,0.003464,0.001732,0,0,0,,D6064400,PNCB,05/07/2026 11:18:20 AM,FDM404,8M6HM2_HVF,8M6HM2_HVF,07/26/2026 1:26:32 PM,8M6HM2_HVF,D1D,5,8046785
D606440,145,A27VC145SLC7,0,0.015932,0.033943,0.003464,0,0.009352,0,0.001732,0,0.003464,0.006581,0,0.005195,0.001732,0,D6064400,PNCB,05/07/2026 11:18:20 AM,FDM404,8M6HM2_HVF,8M6HM2_HVF,07/26/2026 1:26:27 PM,8M6HM2_HVF,D1D,6,8046656
D606451,29,A27VC029SLE3,0,0.003475,0.019112,0,0,0.015637,0,0.00695,0,0.001737,0,0,0.001737,0.001737,,D6064510,PXMG,05/06/2026 4:27:01 PM,FDM408,8M6HM2_HVF,8M6HM2_HVF,08/10/2026 6:03:11 AM,8M6HM2_HVF,D1D,1,8044710
D606451,31,A27VC031SLE3,0,0.00695,0.030406,0,0,0.001737,0,0.001737,0,0.009556,0,0,0.001737,0.001737,0,D6064510,PXMG,05/06/2026 4:27:01 PM,FDM408,8M6HM2_HVF,8M6HM2_HVF,08/10/2026 5:18:53 AM,8M6HM2_HVF,D1D,2,8044494
D607533,407,5DXCR407MVF4,0,0.005212,0.02085,0.001737,0,0.010425,0,0.005212,0,0.008687,0.003475,0,0,0.001737,,D6075330,PXMG,05/11/2026 3:12:53 AM,FDM410,8M6HM2_HVF,8M6HM2_HVF,07/26/2026 1:25:26 PM,8M6HM2_HVF,D1D,1,8083120
D607533,411,5DXCR411MVG5,0,0.003475,0.0139,0.001737,0.001737,0.00695,0,0.003475,0,0.008687,0.001737,0,0.001737,0.003475,,D6075330,PXMG,05/11/2026 3:12:53 AM,FDM410,8M6HM2_HVF,8M6HM2_HVF,07/26/2026 1:25:36 PM,8M6HM2_HVF,D1D,2,8083017
D606448,214,MCLPM214WAC3,0,0.007224,0.01957,0.002012,0,0.010059,0,0.002012,0,0.003749,0,0,0.004024,0,0,D6064480,PXMG,05/11/2026 1:45:12 PM,FDM404,8M6HM2_HVF,8M6HM2_HVF,08/09/2026 1:27:32 PM,8M6HM2_HVF,D1D,1,8044608
D606448,334,MCLPH334WAB2,0,0.02085,0.0278,0.005212,0,0.026062,0,0.001737,0,0,0.001737,0,0.00695,0.008687,,D6064480,PXMG,05/11/2026 1:45:12 PM,FDM404,8M6HM2_HVF,8M6HM2_HVF,08/09/2026 7:14:41 PM,8M6HM2_HVF,D1D,2,8044508
D605996,84,A28WK084SLD2,0,0.003475,0.00695,0,0,0.022587,0,0,0,0,0,0,0,0,,D6059960,PXMG,05/13/2026 4:03:12 AM,FDM402,8M6HM2_HVF,8M6HM2_HVF,07/26/2026 1:25:14 PM,8M6HM2_HVF,D1D,1,8037020
D605996,85,A28WK085SLA1,0,0.00695,0.00695,0,0,0.015637,0,0,0,0.001737,0,0,0,0,,D6059960,PXMG,05/13/2026 4:03:12 AM,FDM402,8M6HM2_HVF,8M6HM2_HVF,07/26/2026 1:25:20 PM,8M6HM2_HVF,D1D,2,8036968
D607525,343,KJA6M343WFC5,0,0.012815,0.030133,0.001732,0,0.008659,0,0,0,0.006927,0.00381,0,0,0,0,D6075250,PNCB,05/11/2026 4:27:33 PM,FDM410,8M6HM2_HVF,8M6HM2_HVF,07/26/2026 1:25:20 PM,8M6HM2_HVF,D1D,1,8100481
D607525,358,KJA6M358WFG2,0,0.008659,0.013854,0,0,0.003464,0,0.001732,0,0.001732,0,0,0,0,,D6075250,PNCB,05/11/2026 4:27:33 PM,FDM410,8M6HM2_HVF,8M6HM2_HVF,07/26/2026 1:25:14 PM,8M6HM2_HVF,D1D,2,8100483
D606457,348,KJA6M348WFB6,0,0.012162,0.022587,0.001737,0,0.008687,0,0.00695,0,0.005212,0.001737,0,0.003475,0,,D6064570,PXMG,05/11/2026 3:27:11 AM,FDM404,8M6HM2_HVF,8M6HM2_HVF,07/26/2026 1:25:26 PM,8M6HM2_HVF,D1D,1,8049984
D606457,352,KJA6M352WFC7,0,0.022587,0.0417,0,0.001737,0.00695,0,0.003475,0,0.005212,0.001737,0.003475,0,0,,D6064570,PXMG,05/11/2026 3:27:11 AM,FDM404,8M6HM2_HVF,8M6HM2_HVF,07/26/2026 1:25:32 PM,8M6HM2_HVF,D1D,2,8050016
D607512,43,KJAAE043WFF6,0,0.013854,0.059573,0,0,0.023898,0,0,0,0.003464,0.016971,0,0,0.003464,0,D6075120,PNCB,05/13/2026 4:57:48 PM,FDM408,8M6HM2_HVF,8M6HM2_HVF,07/26/2026 1:25:08 PM,8M6HM2_HVF,D1D,1,8100632
D607512,55,KJAAE055WFE0,0,0.012122,0.015586,0,0,0.003464,0,0,0,0.005195,0,0,0.001732,0,,D6075120,PNCB,05/13/2026 4:57:48 PM,FDM408,8M6HM2_HVF,8M6HM2_HVF,07/26/2026 1:25:01 PM,8M6HM2_HVF,D1D,2,8100683
D607514,93,GQ7JE093JKD5,0,0.01472,0.061478,0,0,0.001732,0,0.001732,0,0.003464,0,0,0,0,0,D6075140,PNCB,05/16/2026 9:23:21 AM,FDM404,8M6HM2_HVF,8M6HM2_HVF,07/26/2026 1:24:49 PM,8M6HM2_HVF,D1D,1,8097783
D607514,94,GQ7JE094JKA4,0,0.006927,0.022513,0,0.001732,0,0,0,0,0.001732,0,0,0,0,,D6075140,PNCB,05/16/2026 9:23:21 AM,FDM404,8M6HM2_HVF,8M6HM2_HVF,07/26/2026 1:24:46 PM,8M6HM2_HVF,D1D,2,8097816
D607522,27,A26WA027SLD5,0,0.008659,0.041562,0.001732,0.010391,0.003464,0,0.001732,0,0,0,0,0.006927,0.038099,,D6075220,PNCB,05/12/2026 1:59:39 AM,FDM404,8M6HM2_HVF,8M6HM2_HVF,07/26/2026 1:25:16 PM,8M6HM2_HVF,D1D,1,8100254
D607522,30,A26WA030SLA4,0,0.010391,0.010391,0.001732,0,0.010391,0,0.001732,0,0.005195,0.001732,0,0.001732,0,,D6075220,PNCB,05/12/2026 1:59:39 AM,FDM404,8M6HM2_HVF,8M6HM2_HVF,07/26/2026 1:25:20 PM,8M6HM2_HVF,D1D,2,8100428
D607520,4,A29G5004SLB3,0,0.012122,0.027708,0.001732,0,0.003464,0,0,0,0.003464,0,0,0.003464,0.005195,,D6075200,PNCB,05/11/2026 2:49:12 PM,FDM406,8M6HM2_HVF,8M6HM2_HVF,07/26/2026 1:16:57 PM,8M6HM2_HVF,D1D,1,8100520
D607520,9,A29G5009SLA4,0,0.008659,0.022513,0,0,0.003464,0,0,0,0,0.001732,0,0,0,,D6075200,PNCB,05/11/2026 2:49:12 PM,FDM406,8M6HM2_HVF,8M6HM2_HVF,07/26/2026 1:25:25 PM,8M6HM2_HVF,D1D,2,8100295
D606453,106,MCLPM106WAH2,0,0.005382,0.034877,0.003814,0.001907,0.011103,0,0,0,0,0.003814,0.001907,0.033309,0.016824,0,D6064530,PXMG,05/19/2026 6:28:21 AM,FDM410,8M6HM2_HVF,8M6HM2_HVF,08/09/2026 3:33:11 PM,8M6HM2_HVF,D1D,1,8050168
D606453,119,MCLPM119WAC3,0,0.009653,0.016989,0,0,0.005212,0,0.001737,0,0.005212,0,0,0.00888,0.00444,0,D6064530,PXMG,05/19/2026 6:28:21 AM,FDM410,8M6HM2_HVF,8M6HM2_HVF,08/10/2026 5:00:00 AM,8M6HM2_HVF,D1D,2,8050237
D607517,345,MCLPH345WAC5,0,0.015586,0.02944,0,0,0.003464,0,0.005195,0,0.001732,0,0,0,0.005195,,D6075170,PNCB,05/18/2026 6:16:10 AM,FDM406,8M6HM2_HVF,8M6HM2_HVF,07/26/2026 1:21:57 PM,8M6HM2_HVF,D1D,1,8097580
D607517,347,MCLPH347WAD6,0,0.178198,0.032146,0,0,0.025002,0,0.025002,0,0.0807,0,0,0,0.003572,0,D6075170,PNCB,05/18/2026 6:16:10 AM,FDM406,8M6HM2_HVF,8M6HM2_HVF,07/26/2026 1:22:03 PM,8M6HM2_HVF,D1D,2,8097567
D606464,211,GT9FQ211JKG0,0,0.008687,0.0139,0.001737,0,0.005212,0,0.003475,0,0.008687,0,0,0,0.001737,,D6064640,PXMG,05/20/2026 5:23:53 PM,FDM404,8M6HM2_HVF,8M6HM2_HVF,07/26/2026 1:19:56 PM,8M6HM2_HVF,D1D,1,8052089
D606464,230,GT9FQ230JKD3,0,0.016069,0.058774,0.006978,0,0.009091,0,0.002113,0,0.002113,0,0,0.004226,0.027471,0,D6064640,PXMG,05/20/2026 5:23:53 PM,FDM404,8M6HM2_HVF,8M6HM2_HVF,07/26/2026 1:19:51 PM,8M6HM2_HVF,D1D,2,8051948
D606468,64,A29Y6064SLB5,0,0,0.060812,0,0,0.001737,0,0,0,0.001737,0,0,0.001737,0.001737,0,D6064680,PXMG,05/21/2026 6:18:40 AM,FDM406,8M6HM2_HVF,8M6HM2_HVF,07/26/2026 1:19:50 PM,8M6HM2_HVF,D1D,1,8051968
D606468,65,A29Y6065SLF7,0,0.008687,0.03475,0,0,0.005212,0,0.003475,0,0,0,0,0,0.001737,,D6064680,PXMG,05/21/2026 6:18:40 AM,FDM406,8M6HM2_HVF,8M6HM2_HVF,08/09/2026 3:37:11 PM,8M6HM2_HVF,D1D,2,8051993
D606465,505,KJAUF505WFA5,0,0.008687,0.010425,0.001737,0,0,0,0,0,0.005212,0,0,0,0.001737,,D6064650,PXMG,05/27/2026 10:39:31 AM,FDM408,8M6HM2_HVF,8M6HM2_HVF,07/26/2026 1:18:31 PM,8M6HM2_HVF,D1D,1,8052111
D606465,507,KJAUF507WFB6,0,0.061954,0.061954,0.015488,0.007744,0.070368,0,0.023233,0,0.447452,0.007744,0,0.007744,0,0,D6064650,PXMG,05/27/2026 10:39:31 AM,FDM408,8M6HM2_HVF,8M6HM2_HVF,07/26/2026 1:16:51 PM,8M6HM2_HVF,D1D,2,8052019
D606465,659,KJAUF659WFC3,0,0.00695,0.099037,0.003475,0,0.00695,0,0,0,0.001737,0.001737,0,0.010425,0.012162,,D6064650S,PXMG,05/26/2026 10:14:58 PM,FDM404,8M6HM2_HVF,8M6HM2_HVF,07/26/2026 1:18:49 PM,8M6HM2_HVF,D1D,1,8679829
D606465,664,KJAUF664WFA3,0,0.026448,0.054634,0,0,0.017651,0,0,0,0.010563,0.00353,0,0.001765,0.005295,0,D6064650S,PXMG,05/26/2026 10:14:58 PM,FDM404,8M6HM2_HVF,8M6HM2_HVF,07/26/2026 1:18:41 PM,8M6HM2_HVF,D1D,2,8679758
D606465,714,KJAUF714WFG4,0,0.005212,0.017375,0,0.001737,0.00695,0,0,0,0.003475,0.003475,0,0.005212,0,,D6064650T,PXMG,05/27/2026 12:39:07 AM,FDM408,8M6HM2_HVF,8M6HM2_HVF,07/26/2026 1:18:51 PM,8M6HM2_HVF,D1D,1,8680335
D606465,717,KJAUF717WFE4,0,0.011815,0.048302,0.004865,0.003127,0.008687,0,0,0,0.003475,0.001737,0,0.006602,0.003475,0,D6064650T,PXMG,05/27/2026 12:39:07 AM,FDM408,8M6HM2_HVF,8M6HM2_HVF,07/26/2026 1:18:41 PM,8M6HM2_HVF,D1D,2,8680333
D606465,598,KJAUF598WFC2,0,0.003475,0.033012,0,0,0,0,0.003475,0,0,0,0,0.005212,0.003475,,D6064650Q,PXMG,05/26/2026 5:27:48 PM,FDM402,8M6HM2_HVF,8M6HM2_HVF,07/26/2026 1:18:49 PM,8M6HM2_HVF,D1D,1,8679421
D606465,599,KJAUF599WFG4,0,0,0.012162,0.003475,0,0.00695,0,0,0,0,0.003475,0,0.02085,0.00695,,D6064650Q,PXMG,05/26/2026 5:27:48 PM,FDM402,8M6HM2_HVF,8M6HM2_HVF,07/26/2026 1:18:54 PM,8M6HM2_HVF,D1D,2,8679523
D607516,6,A28GD006SLG2,0,0.019915,0.034549,0,0,0.001818,0,0.001818,0,0.005455,0,0,0.005455,0.005455,0,D6075160,PNCB,05/29/2026 9:26:30 PM,FDM404,8M6HM2_HVF,8M6HM2_HVF,07/30/2026 11:12:34 AM,8M6HM2_HVF,D1D,1,8097374
D607516,9,A28GD009SLE2,0,0.015586,0.031172,0.001732,0.001732,0.006927,0,0.008659,0,0.003464,0,0,0.001732,0.006927,,D6075160,PNCB,05/29/2026 9:26:30 PM,FDM404,8M6HM2_HVF,8M6HM2_HVF,07/26/2026 1:17:58 PM,8M6HM2_HVF,D1D,2,8097426
D605338,13,KJ9PL013WFC6,0,0.005212,0.02085,0.012162,0.003475,0.005212,0,0.005212,0,0.001737,0.001737,0,0.001737,0.001737,,D6053380,PXMG,05/24/2026 11:42:42 AM,FDM408,8M6HM2_HVF,8M6HM2_HVF,08/01/2026 11:55:05 AM,8M6HM2_HVF,D1D,1,8013066
D605338,32,KJ9PL032WFA1,0,0.010425,0.03475,0.003475,0.001737,0.005212,0,0.005212,0,0.003475,0.001737,0,0.003475,0.001737,,D6053380,PXMG,05/24/2026 11:42:42 AM,FDM408,8M6HM2_HVF,8M6HM2_HVF,07/26/2026 1:16:50 PM,8M6HM2_HVF,D1D,2,8013032
D607526,376,KJA9T376WFD5,0,0.006169,0.034484,0.002013,0,0.004026,0,0,0,0.002013,0,0,0.151897,0.002013,0,D6075260,PNCB,05/31/2026 10:47:09 PM,FDM410,8M6HM2_HVF,8M6HM2_HVF,07/29/2026 8:13:21 PM,8M6HM2_HVF,D1D,1,8100315
D607526,572,KJAAB572WFC1,0,0,0.038965,0.001732,0,0,0,0,0,0.005195,0.002598,0.001732,0,0.008659,0,D6075260,PNCB,05/31/2026 10:47:09 PM,FDM410,8M6HM2_HVF,8M6HM2_HVF,07/29/2026 3:11:51 PM,8M6HM2_HVF,D1D,2,8100256
D607518,664,MCLPL664WAG2,0,0.02182,0.03706,0,0.003464,0.003464,0,0,0,0.005195,0,0,0.017318,0.013854,0,D6075180,PNCB,06/06/2026 7:58:40 PM,FDM402,8M6HM2_HVF,8M6HM2_HVF,08/03/2026 1:39:04 AM,8M6HM2_HVF,D1D,1,8097524
D607518,672,MCLPL672WAC2,0,0.006927,0.025976,0.003464,0,0.001732,0,0,0,0,0.001732,0,0.005195,0.005195,,D6075180,PNCB,06/06/2026 7:58:40 PM,FDM402,8M6HM2_HVF,8M6HM2_HVF,08/07/2026 1:51:36 PM,8M6HM2_HVF,D1D,2,8097430
D550958,159,A26WA159SLC5,0,0.0139,0.026062,0,0,0,0,0,0,0.008687,0,0,0,0.001737,,D550958A,PXMG,02/24/2026 7:02:03 PM,FDM408,8M6HM2_HVF,8M6HM2_HVF,04/12/2026 4:55:00 AM,8M6HM2_HVF,D1D,1,8004871
D550958,160,A26WA160SLF6,0,0.019112,0.0139,0,0.001737,0.010425,0,0.001737,0,0.008687,0.001737,0.003475,0.001737,0,,D550958A,PXMG,02/24/2026 7:02:03 PM,FDM408,8M6HM2_HVF,8M6HM2_HVF,04/12/2026 10:32:28 PM,8M6HM2_HVF,D1D,2,8004812
D550188,312,5DWZH312MVB3,0,0.005212,0.012162,0,0,0,0,0,0,0.003475,0,0.001737,0.001737,0.001737,,D5501880,PXMG,03/05/2026 8:27:58 PM,FDM408,8M6HM2_HVF,8M6HM2_HVF,07/24/2026 3:26:35 PM,8M6HM2_HVF,D1D,1,7782515
D550188,320,5DWZH320MVE6,0,0.013362,0.106917,0.001906,0,0,0,0.001906,0,0.001906,0.001906,0,0.005717,0.001906,0,D5501880,PXMG,03/05/2026 8:27:58 PM,FDM408,8M6HM2_HVF,8M6HM2_HVF,07/24/2026 3:26:43 PM,8M6HM2_HVF,D1D,2,7782636
D550188,324,5DWZH324MVH0,0,0.005212,0.017375,0,0,0.005212,0,0.003475,0,0.008687,0.005212,0,0,0.005212,,D5501880,PXMG,03/05/2026 8:27:58 PM,FDM408,8M6HM2_HVF,8M6HM2_HVF,07/24/2026 3:26:29 PM,8M6HM2_HVF,D1D,3,7782592
D550188,326,5DWZH326MVA6,0,0.007471,0.050126,0,0,0.002172,0,0,0,0.002172,0.003127,0,0.002172,0.007471,0,D5501880,PXMG,03/05/2026 8:27:58 PM,FDM408,8M6HM2_HVF,8M6HM2_HVF,07/24/2026 3:26:09 PM,8M6HM2_HVF,D1D,4,7782650
D552303,182,5DWYT182MVG5,0,0.015586,0.017318,0.001732,0,0,0,0,0,0.003464,0,0,0,0,,D5523030,PNCB,03/07/2026 8:28:54 AM,FDM410,8M6HM2_HVF,8M6HM2_HVF,07/24/2026 3:25:58 PM,8M6HM2_HVF,D1D,1,7839061
D552303,183,5DWYT183MVD4,0,0.015586,0.019049,0,0,0.003464,0,0,0,0.003464,0,0,0.001732,0,,D5523030,PNCB,03/07/2026 8:28:54 AM,FDM410,8M6HM2_HVF,8M6HM2_HVF,07/24/2026 3:25:51 PM,8M6HM2_HVF,D1D,2,7839243
D551216,10,A25GE010SLC1,0,0.013854,0.022513,0,0.001732,0.017318,0,0.003464,0,0.001732,0.001732,0,0,0.003464,,D5512160,PNCB,03/02/2026 3:43:34 AM,FDM408,8M6HM2_HVF,8M6HM2_HVF,07/24/2026 3:27:48 PM,8M6HM2_HVF,D1D,1,7809201
D551216,17,A25GE017SLC3,0,0.012375,0.021178,0.001768,0.003536,0.02475,0,0,0,0.001768,0.008839,0,0.001768,0.010607,0,D5512160,PNCB,03/02/2026 3:43:34 AM,FDM408,8M6HM2_HVF,8M6HM2_HVF,07/24/2026 3:27:42 PM,8M6HM2_HVF,D1D,2,7809139
D550182,226,GT2RM226JKB4,0,0.005212,0.008687,0.001737,0.001737,0,0,0.001737,0,0.005212,0.001737,0,0.001737,0.003475,,D5501820,PXMG,03/12/2026 10:29:28 PM,FDM406,8M6HM2_HVF,8M6HM2_HVF,07/24/2026 3:24:09 PM,8M6HM2_HVF,D1D,1,7779423
D550182,227,GT2RM227JKF6,0,0.015246,0.020329,0.020329,0.005082,0.010164,0,0.008557,0,0,0,0,0.052689,0.308925,0,D5501820,PXMG,03/12/2026 10:29:28 PM,FDM406,8M6HM2_HVF,8M6HM2_HVF,07/24/2026 3:24:13 PM,8M6HM2_HVF,D1D,2,7779359
D551221,633,5DXAB633MVD0,0,0.013854,0.031172,0.001732,0,0.005195,0,0.001732,0,0.012122,0,0,0.003464,0.001732,,D5512210,PNCB,03/08/2026 12:42:30 AM,FDM402,8M6HM2_HVF,8M6HM2_HVF,07/24/2026 3:25:52 PM,8M6HM2_HVF,D1D,1,7809041
D551221,637,5DXAB637MVF2,0,0.025111,0.034635,0.006927,0.001732,0.001732,0,0,0,0.012988,0,0,0.006927,0,0,D5512210,PNCB,03/08/2026 12:42:30 AM,FDM402,8M6HM2_HVF,8M6HM2_HVF,07/24/2026 3:25:58 PM,8M6HM2_HVF,D1D,2,7809165
D550958,5,A25NX005SLC6,0,0.008687,0.0139,0,0,0.003475,0,0,0,0.010425,0,0.001737,0.005212,0.003475,,D5509580,PXMG,03/08/2026 9:37:19 AM,FDM404,8M6HM2_HVF,8M6HM2_HVF,07/24/2026 3:25:46 PM,8M6HM2_HVF,D1D,1,7794014
D550958,13,A25NX013SLG1,0,0.003475,0.00695,0,0,0.001737,0,0,0,0.00695,0,0,0,0,,D5509580,PXMG,03/08/2026 9:37:19 AM,FDM404,8M6HM2_HVF,8M6HM2_HVF,07/24/2026 3:25:41 PM,8M6HM2_HVF,D1D,2,7793928
D551965,216,KJ7HH216WFG5,0,0.001737,0.005212,0.001737,0,0.005212,0,0.003475,0,0.003475,0,0,0.001737,0.00695,,D5519650,PXMG,03/19/2026 3:36:55 AM,FDM402,8M6HM2_HVF,8M6HM2_HVF,07/24/2026 3:22:32 PM,8M6HM2_HVF,D1D,1,7831145
D551965,217,KJ7HH217WFD4,0,0.019112,0.045175,0,0,0.005212,0,0,0,0.00695,0,0.001737,0.003475,0.001737,,D5519650,PXMG,03/19/2026 3:36:55 AM,FDM402,8M6HM2_HVF,8M6HM2_HVF,07/24/2026 3:22:26 PM,8M6HM2_HVF,D1D,2,7831054
D551231,270,MCK3U270WAA2,0,0.008659,0.04416,0.003464,0.001732,0.001732,0,0,0,0.001732,0,0,0.011256,0.017318,0,D5512310,PNCB,03/19/2026 7:15:22 AM,FDM404,8M6HM2_HVF,8M6HM2_HVF,07/24/2026 3:22:22 PM,8M6HM2_HVF,D1D,1,7813856
D551231,274,MCK3U274WAC4,0,0.012122,0.043294,0.001732,0,0.003464,0,0.001732,0,0.001732,0,0.001732,0.003464,0.001732,,D5512310,PNCB,03/19/2026 7:15:22 AM,FDM404,8M6HM2_HVF,8M6HM2_HVF,07/24/2026 3:22:32 PM,8M6HM2_HVF,D1D,2,7813833
D551835,62,KJ7HC062WFE5,0,0.006927,0.019049,0.001732,0,0.003464,0,0.003464,0,0.001732,0.003464,0,0.001732,0.001732,,D5518350,PNCB,03/18/2026 1:20:11 AM,FDM402,8M6HM2_HVF,8M6HM2_HVF,07/24/2026 3:22:38 PM,8M6HM2_HVF,D1D,1,7831106
D551835,244,KJ7HD244WFC6,0,0.016452,0.038488,0.004459,0.012555,0.010044,0,0.007533,0,0.002511,0.005022,0,0.040177,0.079228,0,D5518350,PNCB,03/18/2026 1:20:11 AM,FDM402,8M6HM2_HVF,8M6HM2_HVF,07/24/2026 3:22:45 PM,8M6HM2_HVF,D1D,2,7830995
D551211,565,5DWZC565MVD4,0,0.038575,0.029224,0.005845,0.001948,0.025327,0,0.007793,0,0.062733,0,0.011689,0.001948,0.001948,0,D5512110,PNCB,03/17/2026 6:40:10 PM,FDM402,8M6HM2_HVF,8M6HM2_HVF,07/24/2026 3:22:41 PM,8M6HM2_HVF,D1D,1,7806384
D551211,566,5DWZC566MVA3,0,0.034223,0.016246,0.005443,0,0.008989,0,0.003628,0,0.005443,0,0,0.003628,0.007257,0,D5512110,PNCB,03/17/2026 6:40:10 PM,FDM402,8M6HM2_HVF,8M6HM2_HVF,07/24/2026 3:22:47 PM,8M6HM2_HVF,D1D,2,7806233
D551229,244,MCKLH244WAA1,0,0.015586,0.046758,0,0,0.001732,0,0.001732,0,0,0,0,0.005195,0.001732,,D5512290,PNCB,03/15/2026 3:30:15 PM,FDM402,8M6HM2_HVF,8M6HM2_HVF,07/24/2026 3:23:18 PM,8M6HM2_HVF,D1D,1,7813888
D551229,249,MCKLH249WAG5,0,0.013854,0.064075,0,0,0.022513,0,0,0,0.003464,0.001732,0,0,0,,D5512290,PNCB,03/15/2026 3:30:15 PM,FDM402,8M6HM2_HVF,8M6HM2_HVF,07/24/2026 3:23:11 PM,8M6HM2_HVF,D1D,2,7813836
D551204,71,A26XG071SLF7,0,0.006927,0.031172,0,0,0.003464,0,0,0,0.003464,0.001732,0,0,0.001732,,D5512040,PNCB,03/15/2026 11:05:39 AM,FDM402,8M6HM2_HVF,8M6HM2_HVF,07/24/2026 3:23:11 PM,8M6HM2_HVF,D1D,1,7805303
D551204,74,A25TB074SLC7,0,0.010391,0.019049,0,0,0.003464,0,0.001732,0,0.006927,0,0,0.001732,0,,D5512040,PNCB,03/15/2026 11:05:39 AM,FDM402,8M6HM2_HVF,8M6HM2_HVF,07/24/2026 3:23:20 PM,8M6HM2_HVF,D1D,2,7805079
D550180,26,A22SS026SLB3,0,0.024325,0.041542,0.001895,0,0.007582,0,0,0,0.007582,0.001895,0,0,0.003791,0,D5501800,PXMG,03/22/2026 12:51:52 AM,FDM402,8M6HM2_HVF,8M6HM2_HVF,07/24/2026 3:22:17 PM,8M6HM2_HVF,D1D,1,7779576
D550180,28,A22SS028SLC4,0,0.029537,0.015637,0.001737,0,0.012162,0,0.001737,0,0.012162,0.001737,0,0.001737,0,,D5501800,PXMG,03/22/2026 12:51:52 AM,FDM402,8M6HM2_HVF,8M6HM2_HVF,07/24/2026 3:22:35 PM,8M6HM2_HVF,D1D,2,7779650
D550180,31,A22SS031SLG6,0,0.026062,0.008687,0,0,0.001737,0,0.003475,0,0.003475,0,0,0.001737,0.001737,,D5501800,PXMG,03/21/2026 10:55:02 PM,FDM402,8M6HM2_HVF,8M6HM2_HVF,07/24/2026 3:22:28 PM,8M6HM2_HVF,D1D,3,7779670
D550180,32,A22SS032SLD5,0,0.012162,0.033012,0,0,0.00695,0,0.003475,0,0,0,0,0,0.003475,,D5501800,PXMG,03/21/2026 10:55:02 PM,FDM402,8M6HM2_HVF,8M6HM2_HVF,07/24/2026 3:22:12 PM,8M6HM2_HVF,D1D,4,7779635
D551241,71,GT4JU071JKC0,0,0.0139,0.02085,0.00695,0,0.003475,0,0,0,0.00695,0,0,0.015637,0.031275,,D5512410,PXMG,03/27/2026 7:21:59 PM,FDM408,8M6HM2_HVF,8M6HM2_HVF,07/24/2026 3:20:17 PM,8M6HM2_HVF,D1D,1,7805154
D551241,94,GT4JU094JKB5,0,0.02363,0.041005,0.001737,0,0.003475,0,0,0,0.007645,0,0.001737,0.008687,0.009382,0,D5512410,PXMG,03/27/2026 7:21:59 PM,FDM408,8M6HM2_HVF,8M6HM2_HVF,07/24/2026 3:20:06 PM,8M6HM2_HVF,D1D,2,7805150
D550186,270,GT2RM270JKF7,0,0.009382,0.019981,0.001737,0,0.003649,0,0.005212,0,0.008687,0,0,0.005212,0.003475,0,D5501860,PXMG,03/25/2026 9:14:36 PM,FDM408,8M6HM2_HVF,8M6HM2_HVF,07/24/2026 3:21:26 PM,8M6HM2_HVF,D1D,1,7782367
D550186,271,GT2RM271JKC6,0,0.005212,0.003475,0,0,0.001737,0,0,0,0,0,0,0.005212,0.001737,,D5501860,PXMG,03/25/2026 9:14:36 PM,FDM408,8M6HM2_HVF,8M6HM2_HVF,07/24/2026 3:20:55 PM,8M6HM2_HVF,D1D,2,7782117
D550186,272,GT2RM272JKH0,0,0.015637,0.008687,0.001737,0,0.001737,0,0,0,0.00695,0.001737,0,0.00695,0,,D5501860,PXMG,03/25/2026 9:14:36 PM,FDM408,8M6HM2_HVF,8M6HM2_HVF,07/24/2026 3:21:25 PM,8M6HM2_HVF,D1D,3,7782267
D550186,502,GT5JD502JKC6,0,0.019112,0.026062,0,0.001737,0.017375,0,0.001737,0,0.010425,0,0,0.010425,0.00695,0,D5501860,PXMG,03/25/2026 9:14:36 PM,FDM408,8M6HM2_HVF,8M6HM2_HVF,07/24/2026 3:20:18 PM,8M6HM2_HVF,D1D,4,7782383
D550186,503,GT5JD503JKH0,0,0.0139,0.008687,0,0,0.010425,0,0,0,0.001737,0,0,0.003475,0.017375,,D5501860,PXMG,03/25/2026 9:14:36 PM,FDM408,8M6HM2_HVF,8M6HM2_HVF,07/24/2026 3:21:14 PM,8M6HM2_HVF,D1D,5,7782433
D550186,504,GT5JD504JKD7,0,0.008687,0.003475,0.003475,0.001737,0.001737,0,0.001737,0,0.001737,0.001737,0,0.005212,0.003475,,D5501860,PXMG,03/25/2026 9:14:36 PM,FDM408,8M6HM2_HVF,8M6HM2_HVF,07/24/2026 3:21:02 PM,8M6HM2_HVF,D1D,6,7782151
D550189,19,KJ6TQ019WFH0,0,0.008687,0.015637,0.001737,0.001737,0.00695,0,0.008687,0,0.005212,0.003475,0,0,0,,D5501890,PXMG,03/26/2026 8:19:45 AM,FDM404,8M6HM2_HVF,8M6HM2_HVF,07/24/2026 3:20:37 PM,8M6HM2_HVF,D1D,1,7782450
D550189,54,KJ6TQ054WFD6,0,0.017623,0.022836,0.004716,0.001737,0.00695,0,0.003475,0,0.00695,0,0,0,0.003475,0,D5501890,PXMG,03/26/2026 8:19:45 AM,FDM404,8M6HM2_HVF,8M6HM2_HVF,07/24/2026 3:20:29 PM,8M6HM2_HVF,D1D,2,7782207
D551263,4,A20D2004SLD7,0,0.005212,0.0139,0,0,0.022587,0,0,0,0.001737,0.001737,0,0.003475,0,,D5512630,PXMG,03/27/2026 10:01:24 AM,FDM408,8M6HM2_HVF,8M6HM2_HVF,07/24/2026 3:20:17 PM,8M6HM2_HVF,D1D,1,7824677
D551263,5,A20D2005SLA6,0,0.011583,0.017375,0,0,0.003475,0,0.001737,0,0.004054,0,0,0.001737,0,0,D5512630,PXMG,03/27/2026 10:01:24 AM,FDM408,8M6HM2_HVF,8M6HM2_HVF,07/24/2026 3:20:23 PM,8M6HM2_HVF,D1D,2,7824628
D552311,730,GT8RR730JKE0,0,0.008164,0.056901,0,0,0.003464,0,0,0,0.012865,0.003464,0,0.010391,0.001732,0,D5523110,PNCB,03/25/2026 5:32:21 AM,FDM406,8M6HM2_HVF,8M6HM2_HVF,07/24/2026 3:20:56 PM,8M6HM2_HVF,D1D,1,7841385
D552311,731,GT8RR731JKA7,0,0.003464,0.020781,0.005195,0.001732,0,0,0,0,0.008659,0,0,0.012122,0.020781,,D5523110,PNCB,03/25/2026 5:32:21 AM,FDM406,8M6HM2_HVF,8M6HM2_HVF,07/24/2026 3:20:49 PM,8M6HM2_HVF,D1D,2,7841262
D551213,59,A25G6059SLB1,0,0.006927,0.008659,0,0,0.001732,0,0.001732,0,0.001732,0.003464,0,0.001732,0,,D5512130,PNCB,03/24/2026 6:34:22 PM,FDM402,8M6HM2_HVF,8M6HM2_HVF,07/24/2026 3:20:51 PM,8M6HM2_HVF,D1D,1,7806265
D551213,66,A25FR066SLA3,0,0.005195,0.013854,0,0,0.001732,0,0.003464,0,0.001732,0,0,0.008659,0.006927,,D5512130,PNCB,03/24/2026 6:34:22 PM,FDM402,8M6HM2_HVF,8M6HM2_HVF,08/04/2026 5:06:36 PM,8M6HM2_HVF,D1D,2,7806372
D551262,261,GT8DH261JKC4,0,0.120842,0.077926,0,0,0.007341,0,0.005082,0,0.007341,0.0048,0,0,0.002541,0,D5512620,PXMG,03/24/2026 7:47:13 PM,FDM410,8M6HM2_HVF,8M6HM2_HVF,07/24/2026 3:21:00 PM,8M6HM2_HVF,D1D,1,7824668
D551262,262,GT8DH262JKG6,0,0.091739,0.035792,0.003475,0.001737,0.003475,0,0.005212,0,0.003822,0,0,0,0.005907,0,D5512620,PXMG,03/24/2026 7:47:13 PM,FDM410,8M6HM2_HVF,8M6HM2_HVF,07/24/2026 3:20:49 PM,8M6HM2_HVF,D1D,2,7824453
D551239,5,KJ7LA005WFB5,0,0.010391,0.024245,0.001732,0.003464,0,0,0.001732,0,0,0,0,0.003464,0.006927,,D5512390,PNCB,03/23/2026 8:52:15 PM,FDM408,8M6HM2_HVF,8M6HM2_HVF,07/24/2026 3:21:08 PM,8M6HM2_HVF,D1D,1,7815340
D551239,15,KJ7LA015WFG1,0,0.010391,0.050221,0,0.001732,0.001732,0,0,0,0.003464,0.001732,0,0.006927,0,0,D5512390,PNCB,03/23/2026 8:52:15 PM,FDM408,8M6HM2_HVF,8M6HM2_HVF,07/24/2026 3:21:07 PM,8M6HM2_HVF,D1D,2,7815373
D552324,489,KJ7HF489WFE1,0,0.008659,0.005195,0.001732,0,0.006927,0,0.005195,0,0.001732,0,0,0.001732,0,,D5523240,PNCB,03/23/2026 7:17:34 AM,FDM404,8M6HM2_HVF,8M6HM2_HVF,07/24/2026 3:21:12 PM,8M6HM2_HVF,D1D,1,7846677
D552324,494,KJ7HF494WFC1,0,0.007273,0.011776,0,0,0.005195,0,0,0,0.005195,0.001732,0,0.001732,0.001732,0,D5523240,PNCB,03/23/2026 7:17:34 AM,FDM404,8M6HM2_HVF,8M6HM2_HVF,07/24/2026 3:21:02 PM,8M6HM2_HVF,D1D,2,7846659
D551966,326,GT9FQ326JKB3,0,0.005406,0.028958,0,0,0.003668,0,0.003475,0,0.005212,0.003668,0,0.003475,0.003475,0,D5519660,PXMG,03/22/2026 3:18:25 AM,FDM406,8M6HM2_HVF,8M6HM2_HVF,07/24/2026 3:21:33 PM,8M6HM2_HVF,D1D,1,7834139
D551966,338,GT9FQ338JKH0,0,0.010425,0.046912,0,0.003475,0,0,0.001737,0,0.003475,0,0,0,0.00695,,D5519660,PXMG,03/22/2026 3:18:25 AM,FDM406,8M6HM2_HVF,8M6HM2_HVF,07/24/2026 3:21:43 PM,8M6HM2_HVF,D1D,2,7834169
D551207,538,GT6ER538JKE3,0,0.022513,0.022513,0,0.001732,0.005195,0,0.001732,0,0.005195,0.001732,0.001732,0,0,,D5512070,PNCB,03/23/2026 3:30:11 AM,FDM410,8M6HM2_HVF,8M6HM2_HVF,07/24/2026 3:21:07 PM,8M6HM2_HVF,D1D,1,7806819
D551207,539,GT6ER539JKB2,0,0.017318,0.039831,0,0.001732,0.001732,0,0,0,0.003464,0,0.001732,0.001732,0,,D5512070,PNCB,03/23/2026 3:30:11 AM,FDM410,8M6HM2_HVF,8M6HM2_HVF,07/24/2026 3:21:08 PM,8M6HM2_HVF,D1D,2,7806772
D551209,11,KJ7KY011WFC4,0,0.006927,0.010391,0.001732,0.001732,0,0,0.005195,0,0.006927,0.003464,0,0.001732,0.005195,,D5512090,PNCB,03/23/2026 6:07:19 AM,FDM406,8M6HM2_HVF,8M6HM2_HVF,07/24/2026 3:21:02 PM,8M6HM2_HVF,D1D,1,7806300
D551209,14,KJ7KY014WFA4,0,0.016279,0.016625,0,0,0,0,0.001732,0,0.005195,0,0,0,0.001732,0,D5512090,PNCB,03/23/2026 6:07:19 AM,FDM406,8M6HM2_HVF,8M6HM2_HVF,07/24/2026 3:21:00 PM,8M6HM2_HVF,D1D,2,7806341
D552331,262,KJ7HH262WFE6,0,0.008687,0.019112,0,0.001737,0.00695,0,0,0,0.003475,0,0,0.0139,0.003475,,D5523310,PXMG,03/28/2026 3:15:02 PM,FDM406,8M6HM2_HVF,8M6HM2_HVF,07/24/2026 3:20:17 PM,8M6HM2_HVF,D1D,1,7837282
D552331,303,KJ7HH303WFD2,0,0.00695,0.015637,0.001737,0,0.012162,0,0,0,0.003475,0.001737,0,0.00695,0.00695,,D5523310,PXMG,03/28/2026 3:15:02 PM,FDM406,8M6HM2_HVF,8M6HM2_HVF,07/24/2026 3:20:06 PM,8M6HM2_HVF,D1D,2,7837347
D550183,204,A22WG204SLE3,0,0.043214,0.052809,0.001919,0.005757,0.007676,0,0.020399,0,0.007676,0.010804,0,0.001919,0.007676,0,D5501830,PXMG,04/04/2026 7:26:47 AM,FDM404,8M6HM2_HVF,8M6HM2_HVF,07/24/2026 3:36:32 PM,8M6HM2_HVF,D1D,1,7779539
D550183,209,A22WG209SLD4,0,0.00695,0.019112,0.001737,0,0.005212,0,0.00695,0,0,0,0,0,0.001737,,D5501830,PXMG,04/04/2026 7:26:47 AM,FDM404,8M6HM2_HVF,8M6HM2_HVF,07/24/2026 3:44:51 PM,8M6HM2_HVF,D1D,2,7779511
D550183,214,A22WG214SLB4,0,0.00695,0.019112,0,0,0.00695,0,0.008687,0,0.005212,0,0,0,0.001737,,D5501830,PXMG,04/04/2026 7:26:47 AM,FDM404,8M6HM2_HVF,8M6HM2_HVF,07/24/2026 3:44:41 PM,8M6HM2_HVF,D1D,3,7779462
D550183,222,A22WG222SLE7,0,0.008687,0.010425,0.005212,0,0.015637,0,0.00695,0,0.001737,0,0,0,0,,D5501830,PXMG,04/04/2026 7:26:47 AM,FDM404,8M6HM2_HVF,8M6HM2_HVF,07/24/2026 3:44:54 PM,8M6HM2_HVF,D1D,4,7779519
D552335,66,KJ7HG066WFB0,0,0.012715,0.030406,0.005449,0,0.021798,0,0.001816,0,0.001737,0,0,0.007266,0.010899,0,D5523350,PXMG,04/04/2026 4:58:53 PM,FDM408,8M6HM2_HVF,8M6HM2_HVF,07/24/2026 3:44:29 PM,8M6HM2_HVF,D1D,1,7847063
D552335,70,KJ7HG070WFC1,0,0.001737,0.015637,0.001737,0.001737,0,0,0.003475,0,0.005212,0,0,0.005212,0.00695,,D5523350,PXMG,04/04/2026 4:58:53 PM,FDM408,8M6HM2_HVF,8M6HM2_HVF,07/24/2026 3:44:40 PM,8M6HM2_HVF,D1D,2,7847025
D552322,56,A25YU056SLC3,0,0.019049,0.032904,0,0.003464,0.006927,0,0.005195,0,0.005195,0,0.001732,0,0.019049,,D5523220,PNCB,04/04/2026 9:58:22 PM,FDM410,8M6HM2_HVF,8M6HM2_HVF,07/24/2026 3:44:23 PM,8M6HM2_HVF,D1D,1,7843660
D552322,61,A25YU061SLA3,0,0.017318,0.012122,0,0,0.008659,0,0.003464,0,0.003464,0,0,0,0.001732,,D5523220,PNCB,04/04/2026 9:58:22 PM,FDM410,8M6HM2_HVF,8M6HM2_HVF,07/24/2026 3:44:29 PM,8M6HM2_HVF,D1D,2,7843630
D552300,366,KJ7HB366WFD7,0,0.023898,0.039138,0.001732,0,0,0,0,0,0.003464,0.003117,0,0,0.004849,0,D5523000,PNCB,04/03/2026 8:47:44 AM,FDM408,8M6HM2_HVF,8M6HM2_HVF,07/24/2026 3:44:48 PM,8M6HM2_HVF,D1D,1,7839044
D552300,401,KJ7HB401WFG3,0,0.017491,0.038965,0,0,0.001732,0,0,0,0.001732,0.019742,0,0,0.001732,0,D5523000,PNCB,04/03/2026 8:47:44 AM,FDM408,8M6HM2_HVF,8M6HM2_HVF,07/24/2026 3:44:54 PM,8M6HM2_HVF,D1D,2,7838927
D551261,552,GT8RR552JKB1,0,0.010425,0.019112,0,0.003475,0.003475,0,0,0,0.003475,0,0,0.003475,0,,D5512610,PXMG,04/01/2026 7:33:11 PM,FDM410,8M6HM2_HVF,8M6HM2_HVF,07/24/2026 3:44:58 PM,8M6HM2_HVF,D1D,1,7820854
D551261,553,GT8RR553JKF3,0,0.005212,0.017027,0,0,0.008687,0,0,0,0.00695,0,0,0,0.002085,0,D5512610,PXMG,04/01/2026 7:33:11 PM,FDM410,8M6HM2_HVF,8M6HM2_HVF,07/24/2026 3:45:01 PM,8M6HM2_HVF,D1D,2,7820908
D551254,2,A25G6002SLA4,0,0.010425,0.022587,0.001737,0.001737,0,0,0.003475,0,0.00695,0.001737,0,0.005212,0.001737,,D5512540,PXMG,03/31/2026 10:59:33 PM,FDM404,8M6HM2_HVF,8M6HM2_HVF,07/24/2026 3:36:31 PM,8M6HM2_HVF,D1D,1,7818327
D551254,5,A25G6005SLF7,0,0.017375,0.031275,0.001737,0.001737,0.003475,0,0.001737,0,0.00695,0.001737,0,0.00695,0.001737,,D5512540,PXMG,03/31/2026 10:59:33 PM,FDM404,8M6HM2_HVF,8M6HM2_HVF,07/24/2026 3:50:09 PM,8M6HM2_HVF,D1D,2,7818339
D551294,416,KJ7KN416WFB3,0,0.00695,0.017375,0.003475,0.003475,0.001737,0,0,0,0.008687,0.001737,0,0.00695,0.00695,,D5512940,PXMG,03/31/2026 11:31:46 PM,FDM404,8M6HM2_HVF,8M6HM2_HVF,07/24/2026 3:50:15 PM,8M6HM2_HVF,D1D,1,7820605
D551294,436,KJ7JA436WFC4,0,0.008687,0.03475,0,0,0.001737,0,0.008687,0,0.001737,0,0.001737,0,0.003475,,D5512940,PXMG,03/31/2026 11:31:46 PM,FDM404,8M6HM2_HVF,8M6HM2_HVF,07/24/2026 3:50:09 PM,8M6HM2_HVF,D1D,2,7820705
D551291,10,KJ5RK010WFC7,0,0.010425,0.008687,0.003475,0,0.00695,0,0.005212,0,0.010425,0,0,0.003475,0,,D5512910,PXMG,04/01/2026 8:38:02 AM,FDM404,8M6HM2_HVF,8M6HM2_HVF,07/24/2026 3:44:54 PM,8M6HM2_HVF,D1D,1,7818446
D551291,14,KJ5RK014WFF1,0,0.02085,0.03475,0.003475,0,0.008687,0,0.003475,0,0.012162,0,0,0.005212,0.001737,,D5512910,PXMG,04/01/2026 8:38:02 AM,FDM404,8M6HM2_HVF,8M6HM2_HVF,07/24/2026 3:36:32 PM,8M6HM2_HVF,D1D,2,7818378
D552332,12,KJ7HC012WFE2,0,0.005212,0.043437,0.008687,0,0.001737,0,0,0,0.003475,0,0,0.00695,0.003475,,D5523320,PXMG,04/01/2026 9:21:40 AM,FDM404,8M6HM2_HVF,8M6HM2_HVF,07/24/2026 3:45:06 PM,8M6HM2_HVF,D1D,1,7836912
D552332,13,KJ7HC013WFB1,0,0.005212,0.010425,0.005212,0.001737,0.005212,0,0.001737,0,0.003475,0,0,0.005212,0.00695,,D5523320,PXMG,04/01/2026 9:21:40 AM,FDM404,8M6HM2_HVF,8M6HM2_HVF,07/24/2026 3:44:54 PM,8M6HM2_HVF,D1D,2,7836949
D551214,8,A25FQ008SLD5,0,0.015586,0.041562,0.001732,0.005195,0.003464,0,0,0,0.005195,0.001732,0,0.001732,0.001732,,D5512140,PNCB,03/30/2026 3:16:23 PM,FDM408,8M6HM2_HVF,8M6HM2_HVF,07/24/2026 3:19:18 PM,8M6HM2_HVF,D1D,1,7806276
D551214,12,A25FQ012SLE6,0,0.03325,0.056282,0,0,0.005195,0,0.001732,0,0.005715,0.003464,0,0.001732,0,0,D5512140,PNCB,03/30/2026 3:16:23 PM,FDM408,8M6HM2_HVF,8M6HM2_HVF,07/24/2026 3:19:29 PM,8M6HM2_HVF,D1D,2,7806431
D550181,707,KJ7HY707WFB0,0,0.01112,0.073669,0,0.01112,0.002432,0,0.00695,0,0,0.007645,0,0.003475,0.029537,0,D5501810,PXMG,03/29/2026 2:17:05 PM,FDM408,8M6HM2_HVF,8M6HM2_HVF,07/24/2026 3:19:38 PM,8M6HM2_HVF,D1D,1,7779785
D550181,717,KJ7HY717WFF4,0,0.015637,0.024325,0,0,0.003475,0,0,0,0.001737,0.001737,0,0.001737,0,,D5501810,PXMG,03/29/2026 2:17:05 PM,FDM408,8M6HM2_HVF,8M6HM2_HVF,07/24/2026 3:19:30 PM,8M6HM2_HVF,D1D,2,7779808
D551253,51,A24ZM051SLB3,0,0.010425,0.026062,0.001737,0,0.017375,0,0.005212,0,0.010425,0,0,0,0.001737,,D5512530,PXMG,03/30/2026 2:29:42 AM,FDM402,8M6HM2_HVF,8M6HM2_HVF,07/24/2026 3:19:23 PM,8M6HM2_HVF,D1D,1,7817700
D551253,53,A25FQ053SLE7,0,0.008687,0.024325,0.001737,0.001737,0.001737,0,0,0,0.005212,0.001737,0,0,0.005212,,D5512530,PXMG,03/30/2026 2:29:42 AM,FDM402,8M6HM2_HVF,8M6HM2_HVF,07/24/2026 3:17:41 PM,8M6HM2_HVF,D1D,2,7817945
D552329,236,A26GV236SLG2,0,0.005212,0.008687,0.001737,0.001737,0.003475,0,0.003475,0,0.00695,0,0,0.00695,0.003475,,D5523290,PXMG,04/11/2026 12:11:16 PM,FDM404,8M6HM2_HVF,8M6HM2_HVF,07/24/2026 3:43:12 PM,8M6HM2_HVF,D1D,1,7837092
D552329,237,A26GV237SLD1,0,0.010425,0.001737,0.001737,0,0.001737,0,0.008687,0,0.005212,0.001737,0,0.005212,0.001737,,D5523290,PXMG,04/11/2026 12:11:16 PM,FDM404,8M6HM2_HVF,8M6HM2_HVF,07/24/2026 3:43:14 PM,8M6HM2_HVF,D1D,2,7836967
D551292,11,KJ7HA011WFG5,0,0.008687,0.005212,0.003475,0,0.00695,0,0,0,0.00695,0,0,0.003475,0.001737,,D5512920,PXMG,04/10/2026 9:20:20 PM,FDM402,8M6HM2_HVF,8M6HM2_HVF,07/24/2026 3:43:12 PM,8M6HM2_HVF,D1D,1,7818380
D551292,15,KJ7HA015WFB4,0,0.003475,0.008687,0.001737,0,0.00695,0,0,0,0.010425,0,0,0.001737,0.001737,,D5512920,PXMG,04/10/2026 9:20:20 PM,FDM402,8M6HM2_HVF,8M6HM2_HVF,07/24/2026 3:43:15 PM,8M6HM2_HVF,D1D,2,7818461
D552330,496,KJ7HF496WFD2,0,0.012162,0.017375,0,0,0.001737,0,0,0,0.003475,0,0,0.0139,0.001737,,D5523300,PXMG,04/08/2026 11:56:36 PM,FDM406,8M6HM2_HVF,8M6HM2_HVF,07/24/2026 3:44:00 PM,8M6HM2_HVF,D1D,1,7837240
D552330,498,KJ7HF498WFE3,0,0.0139,0.015637,0,0.001737,0.001737,0,0,0,0.003475,0,0,0,0.001737,,D5523300,PXMG,04/08/2026 11:56:36 PM,FDM406,8M6HM2_HVF,8M6HM2_HVF,07/24/2026 3:44:04 PM,8M6HM2_HVF,D1D,2,7837201
D552330,503,KJ7HF503WFA6,0,0.008687,0.0139,0,0,0.003475,0,0,0,0.010425,0,0,0.003475,0.003475,,D5523300,PXMG,04/08/2026 11:56:36 PM,FDM406,8M6HM2_HVF,8M6HM2_HVF,07/24/2026 3:43:49 PM,8M6HM2_HVF,D1D,3,7837366
D552330,512,KJ7HF512WFB0,0,0.005212,0.02085,0,0,0.001737,0,0,0,0.001737,0.001737,0,0.0139,0.001737,,D5523300,PXMG,04/08/2026 11:56:36 PM,FDM406,8M6HM2_HVF,8M6HM2_HVF,07/24/2026 3:43:55 PM,8M6HM2_HVF,D1D,4,7837348
D552338,222,GT7EJ222JKF3,0,0.010425,0.015637,0.001737,0,0.003475,0,0.001737,0,0.003475,0,0,0.012162,0.003475,,D5523380,PXMG,04/09/2026 6:48:30 AM,FDM408,8M6HM2_HVF,8M6HM2_HVF,07/24/2026 3:43:21 PM,8M6HM2_HVF,D1D,1,7849247
D552338,243,GT7EJ243JKD7,0,0.008687,0.008687,0.003475,0,0.003475,0,0.001737,0,0.005212,0,0,0.008687,0,,D5523380,PXMG,04/09/2026 6:48:30 AM,FDM408,8M6HM2_HVF,8M6HM2_HVF,07/24/2026 3:36:36 PM,8M6HM2_HVF,D1D,2,7849121
D551257,314,KJ7KG314WFF7,0,0.003475,0.060812,0.001737,0.001737,0.001737,0,0.001737,0,0.001737,0.001737,0,0.001737,0.001737,,D5512570Q,PXMG,04/07/2026 9:01:24 PM,FDM408,8M6HM2_HVF,8M6HM2_HVF,07/24/2026 3:43:53 PM,8M6HM2_HVF,D1D,1,8364211
D551257,368,KJ7KN368WFD6,0,0.0139,0.015637,0.001737,0,0.001737,0,0.003475,0,0.003475,0,0,0.001737,0.001737,,D5512570Q,PXMG,04/07/2026 9:01:24 PM,FDM408,8M6HM2_HVF,8M6HM2_HVF,07/24/2026 3:43:45 PM,8M6HM2_HVF,D1D,2,8364208
D551244,62,A26WA062SLA3,0,0.008687,0.024325,0.001737,0.00695,0.00695,0,0,0,0.003475,0.003475,0,0.00695,0.005212,,D5512440,PXMG,04/06/2026 10:04:57 AM,FDM408,8M6HM2_HVF,8M6HM2_HVF,07/24/2026 3:44:14 PM,8M6HM2_HVF,D1D,1,7805204
D551244,65,A26WA065SLF6,0,0.003475,0.062301,0,0,0.006205,0,0.004468,0,0.010425,0,0,0.001737,0,0,D5512440,PXMG,04/06/2026 10:04:57 AM,FDM408,8M6HM2_HVF,8M6HM2_HVF,07/24/2026 3:44:04 PM,8M6HM2_HVF,D1D,2,7805135
D551249,95,GT4JU095JKF7,0,0.015637,0.038225,0.005212,0,0.00695,0,0.003475,0,0.001737,0,0,0.005212,0.00695,,D5512490,PXMG,04/18/2026 7:50:57 AM,FDM410,8M6HM2_HVF,8M6HM2_HVF,07/24/2026 3:41:17 PM,8M6HM2_HVF,D1D,1,7818000
D551249,96,GT4JU096JKC6,0,0.02885,0.067156,0,0.007273,0.01091,0,0,0,0.005455,0.005212,0,0,0.005455,0,D5512490,PXMG,04/18/2026 7:50:57 AM,FDM410,8M6HM2_HVF,8M6HM2_HVF,07/24/2026 3:41:23 PM,8M6HM2_HVF,D1D,2,7817884
D551256,579,GT8RR579JKD0,0,0.023109,0.05282,0.003475,0,0.007297,0,0,0,0.003649,0,0,0.00695,0.001737,0,D5512560,PXMG,04/15/2026 7:48:30 AM,FDM404,8M6HM2_HVF,8M6HM2_HVF,07/24/2026 3:42:00 PM,8M6HM2_HVF,D1D,1,7820717
D551256,580,GT8RR580JKG1,0,0.0139,0.022587,0.003475,0,0.008687,0,0.001737,0,0.005212,0,0,0.012162,0.001737,,D5512560,PXMG,04/15/2026 7:48:30 AM,FDM404,8M6HM2_HVF,8M6HM2_HVF,07/24/2026 3:36:33 PM,8M6HM2_HVF,D1D,2,7820649
D552301,218,KJ7HH218WFA3,0,0.012122,0.027708,0,0.001732,0,0,0,0,0.003464,0.001732,0,0.003464,0.001732,,D5523010,PNCB,04/14/2026 8:12:50 PM,FDM402,8M6HM2_HVF,8M6HM2_HVF,07/24/2026 3:42:25 PM,8M6HM2_HVF,D1D,1,7838988
D552301,256,KJ7HH256WFC4,0,0.012315,0.02867,0,0,0,0,0.00558,0,0,0,0,0.005388,0.001732,0,D5523010,PNCB,04/14/2026 8:12:50 PM,FDM402,8M6HM2_HVF,8M6HM2_HVF,07/24/2026 3:42:18 PM,8M6HM2_HVF,D1D,2,7839007
D551252,245,GT7EJ245JKF0,0,0.010632,0.005337,0,0,0.026683,0,0.003558,0,0.015968,0,0,0.007115,0.010632,0,D5512520,PXMG,04/20/2026 9:22:27 AM,FDM402,8M6HM2_HVF,8M6HM2_HVF,07/24/2026 3:40:22 PM,8M6HM2_HVF,D1D,1,7817610
D551252,321,GT7EJ321JKA2,0,0.00695,0.022587,0.005212,0,0.001737,0,0.003475,0,0.003475,0,0,0.005212,0,,D5512520,PXMG,04/20/2026 9:22:27 AM,FDM402,8M6HM2_HVF,8M6HM2_HVF,07/24/2026 3:40:11 PM,8M6HM2_HVF,D1D,2,7817571
D551243,47,A26LJ047SLF1,0,0.001737,0.012162,0.001737,0,0.0139,0,0,0,0.00695,0,0,0,0.005212,,D5512430,PXMG,04/19/2026 7:54:46 AM,FDM402,8M6HM2_HVF,8M6HM2_HVF,07/24/2026 3:41:17 PM,8M6HM2_HVF,D1D,1,7805212
D551243,60,A25UP060SLE3,0,0.005341,0.026899,0.001802,0,0.014415,0,0,0,0.003604,0,0,0.001802,0,0,D5512430,PXMG,04/19/2026 7:54:46 AM,FDM402,8M6HM2_HVF,8M6HM2_HVF,07/24/2026 3:40:52 PM,8M6HM2_HVF,D1D,2,7804912
D551248,1,GT4JU001JKA0,0,0.01389,0.058594,0.00184,0,0.01389,0,0.003679,0,0.007359,0.008371,0,0,0.00184,0,D5512480,PXMG,04/22/2026 11:23:53 AM,FDM404,8M6HM2_HVF,8M6HM2_HVF,07/24/2026 3:39:57 PM,8M6HM2_HVF,D1D,1,7817636
D551248,2,GT4JU002JKE2,0,0.012336,0.028147,0,0,0.010599,0,0.005212,0,0.005212,0.016159,0,0.015811,0.01946,0,D5512480,PXMG,04/22/2026 11:23:53 AM,FDM404,8M6HM2_HVF,8M6HM2_HVF,07/24/2026 3:39:50 PM,8M6HM2_HVF,D1D,2,7817630
D552332,91,KJ7HC091WFG4,0,0.00695,0.015637,0.012162,0,0.00695,0,0.00695,0,0,0,0.001737,0.001737,0.005212,,D5523320U,PXMG,04/30/2026 11:45:20 AM,FDM406,8M6HM2_HVF,8M6HM2_HVF,07/26/2026 1:17:03 PM,8M6HM2_HVF,D1D,1,8503394
D547390,584,KJ5DY584WFC7,0,0.019049,0.017318,0,0.003464,0.003464,0,0.005195,0,0.003464,0.001732,0,0.003464,0.003464,,D5473900,PNCB,03/06/2026 9:47:45 AM,FDM402,8M6HM2_HVF,8M6HM2_HVF,07/24/2026 3:26:19 PM,8M6HM2_HVF,D1D,1,7665481
D547390,587,KJ5DY587WFA7,0,0.005195,0.013854,0.001732,0.001732,0.005195,0,0.005195,0,0.006927,0.001732,0,0,0.003464,,D5473900,PNCB,03/06/2026 9:47:45 AM,FDM402,8M6HM2_HVF,8M6HM2_HVF,07/24/2026 3:26:10 PM,8M6HM2_HVF,D1D,2,7665500
D545167,38,A22NX038SLB2,0,0.005195,0.008659,0.003464,0.001732,0.001732,0,0,0,0.005195,0.001732,0.001732,0.008659,0.025976,,D5451670,PNCB,03/07/2026 2:54:17 AM,FDM408,8M6HM2_HVF,8M6HM2_HVF,07/24/2026 3:26:16 PM,8M6HM2_HVF,D1D,1,7590321
D545167,94,A22EA094SLF1,0,0.010391,0.05813,0.002078,0,0.002078,0,0,0,0.010795,0,0,0.004156,0.004156,0,D5451670,PNCB,03/07/2026 2:54:17 AM,FDM408,8M6HM2_HVF,8M6HM2_HVF,07/24/2026 3:26:14 PM,8M6HM2_HVF,D1D,2,7590428
D546287,126,GS9YT126JKC0,0,0.015586,0.024245,0,0,0.005195,0,0.005195,0,0.005195,0,0,0.003464,0.001732,,D5462870,PNCB,03/05/2026 12:02:27 PM,FDM410,8M6HM2_HVF,8M6HM2_HVF,07/24/2026 3:26:31 PM,8M6HM2_HVF,D1D,1,7627418
D546287,127,GS9YT127JKG2,0,0.024245,0.031172,0.001732,0,0,0,0.001732,0,0.001732,0,0,0.003464,0.001732,,D5462870,PNCB,03/05/2026 12:02:27 PM,FDM410,8M6HM2_HVF,8M6HM2_HVF,07/24/2026 3:26:38 PM,8M6HM2_HVF,D1D,2,7627408
D545268,63,A21S8063SLC0,0,0.00695,0.026062,0,0,0.017375,0,0.001737,0,0,0,0,0,0,,D5452680,PXMG,03/01/2026 2:55:06 PM,FDM406,8M6HM2_HVF,8M6HM2_HVF,07/24/2026 3:27:47 PM,8M6HM2_HVF,D1D,1,7600925
D545268,65,A22F5065SLB6,0,0.017375,0.033012,0,0,0.00695,0,0.003475,0,0,0,0,0,0,,D5452680,PXMG,03/01/2026 2:55:06 PM,FDM406,8M6HM2_HVF,8M6HM2_HVF,07/24/2026 3:27:49 PM,8M6HM2_HVF,D1D,2,7600879
D546283,322,KJ5DT322WFE1,0,0.012122,0.017318,0,0.001732,0.001732,0,0,0,0.003464,0,0,0.001732,0.003464,,D5462830,PNCB,03/04/2026 12:29:19 AM,FDM402,8M6HM2_HVF,8M6HM2_HVF,07/24/2026 3:27:11 PM,8M6HM2_HVF,D1D,1,7627571
D546283,326,KJ5DT326WFG3,0,0.006927,0.022018,0.003464,0,0.001732,0,0,0,0.003711,0.001979,0,0,0.001732,0,D5462830,PNCB,03/04/2026 12:29:19 AM,FDM402,8M6HM2_HVF,8M6HM2_HVF,07/24/2026 3:27:10 PM,8M6HM2_HVF,D1D,2,7627649
D546275,9,A20D2009SLD0,0,0.015413,0.036021,0.001732,0.001732,0.001732,0,0,0,0,0,0,0.005715,0.003464,0,D5462750,PNCB,03/04/2026 10:21:26 AM,FDM408,8M6HM2_HVF,8M6HM2_HVF,07/24/2026 3:27:11 PM,8M6HM2_HVF,D1D,1,7625324
D546275,13,A20D2013SLE1,0,0.006927,0.025976,0.001732,0.001732,0.010391,0,0.001732,0,0.003464,0,0,0.001732,0.001732,,D5462750,PNCB,03/04/2026 10:21:26 AM,FDM408,8M6HM2_HVF,8M6HM2_HVF,07/24/2026 3:27:05 PM,8M6HM2_HVF,D1D,2,7625079
D546336,57,MCJ1W057WAA7,0,0.003475,0.005212,0.001737,0.001737,0.005212,0,0.005212,0,0.005212,0,0.003475,0.008687,0,,D5463360,PXMG,03/03/2026 3:50:13 PM,FDM402,8M6HM2_HVF,8M6HM2_HVF,07/24/2026 3:27:24 PM,8M6HM2_HVF,D1D,1,7636221
D546336,159,MCJ1W159WAB1,0,0.001737,0.015637,0.005212,0,0.003475,0,0.003475,0,0.0139,0,0,0.012162,0.005212,,D5463360,PXMG,03/03/2026 3:50:13 PM,FDM402,8M6HM2_HVF,8M6HM2_HVF,07/24/2026 3:27:32 PM,8M6HM2_HVF,D1D,2,7636438
D545165,45,A22G8045SLE2,0,0.017837,0.012469,0,0,0.007158,0,0.003579,0,0.005311,0.001789,0.001789,0.003579,0.0071,0,D5451650,PNCB,03/04/2026 5:28:00 PM,FDM410,8M6HM2_HVF,8M6HM2_HVF,07/24/2026 3:26:59 PM,8M6HM2_HVF,D1D,1,7590145
D545165,128,A22EA128SLE4,0,0.010391,0.015586,0.008659,0.001732,0.003464,0,0.001732,0,0.001732,0,0.001732,0.001732,0,,D5451650,PNCB,03/04/2026 5:28:00 PM,FDM410,8M6HM2_HVF,8M6HM2_HVF,07/24/2026 3:27:42 PM,8M6HM2_HVF,D1D,2,7590045
D545165,138,A22L6138SLD6,0,0.010391,0.022513,0,0,0.005195,0,0,0,0.003464,0,0,0,0,,D5451650,PNCB,03/04/2026 5:28:00 PM,FDM410,8M6HM2_HVF,8M6HM2_HVF,07/24/2026 3:27:30 PM,8M6HM2_HVF,D1D,3,7590229
D545165,144,A22EA144SLD7,0,0.008659,0.006927,0,0.001732,0.003464,0,0.001732,0,0.005195,0,0,0.001732,0.001732,,D5451650,PNCB,03/04/2026 5:28:00 PM,FDM410,8M6HM2_HVF,8M6HM2_HVF,07/24/2026 3:27:14 PM,8M6HM2_HVF,D1D,4,7590148
D545165,146,A22L6146SLH1,0,0.003464,0.010391,0.003464,0,0.001732,0,0.001732,0,0.003464,0.001732,0.003464,0.006927,0,,D5451650,PNCB,03/04/2026 5:28:00 PM,FDM410,8M6HM2_HVF,8M6HM2_HVF,07/24/2026 3:27:36 PM,8M6HM2_HVF,D1D,5,7590238
D545165,157,A22E1157SLA3,0,0.005195,0.019049,0.001732,0,0.008659,0,0,0,0.008659,0,0,0.001732,0.005195,,D5451650,PNCB,03/04/2026 5:28:00 PM,FDM410,8M6HM2_HVF,8M6HM2_HVF,07/24/2026 3:26:54 PM,8M6HM2_HVF,D1D,6,7590032
D545169,37,KJ41H037WFG0,0,0.012122,0.032904,0,0.001732,0,0,0,0,0.001732,0.005195,0,0,0.001732,,D5451690,PNCB,03/04/2026 2:43:58 AM,FDM410,8M6HM2_HVF,8M6HM2_HVF,07/24/2026 3:27:08 PM,8M6HM2_HVF,D1D,1,7590901
D545169,59,KJ41H059WFB3,0,0.013854,0.036367,0,0,0.001732,0,0.005195,0,0.003464,0.003464,0,0.001732,0.001732,,D5451690,PNCB,03/04/2026 2:43:58 AM,FDM410,8M6HM2_HVF,8M6HM2_HVF,07/24/2026 3:27:19 PM,8M6HM2_HVF,D1D,2,7590894
D545214,606,KJ51K606WFA6,0,0.017375,0.0139,0.001737,0,0.008687,0,0,0,0,0.001737,0.001737,0,0.005212,,D5452140,PXMG,03/02/2026 9:13:24 AM,FDM410,8M6HM2_HVF,8M6HM2_HVF,07/24/2026 3:27:41 PM,8M6HM2_HVF,D1D,1,7598698
D545214,608,KJ51K608WFB7,0,0.010425,0.010425,0.001737,0,0.00695,0,0,0,0,0,0.001737,0,0.001737,,D5452140,PXMG,03/02/2026 9:13:24 AM,FDM410,8M6HM2_HVF,8M6HM2_HVF,07/24/2026 3:27:30 PM,8M6HM2_HVF,D1D,2,7598615
D545198,138,MCJ1U138WAB7,0,0.008687,0.012162,0.003475,0,0.012162,0,0.003475,0,0,0,0.001737,0,0,,D5451980,PXMG,03/01/2026 9:04:51 AM,FDM408,8M6HM2_HVF,8M6HM2_HVF,07/24/2026 3:28:00 PM,8M6HM2_HVF,D1D,1,7595479
D545198,183,MCJ1U183WAD1,0,0.015637,0.008687,0.001737,0.001737,0.017375,0,0,0,0,0.001737,0,0,0.001737,,D5451980,PXMG,03/01/2026 9:04:51 AM,FDM408,8M6HM2_HVF,8M6HM2_HVF,07/24/2026 3:28:07 PM,8M6HM2_HVF,D1D,2,7595595
D547399,323,KJ5DW323WFC1,0,0.012122,0.013854,0.001732,0,0.006927,0,0,0,0,0,0.001732,0.006927,0.001732,,D5473990,PNCB,03/02/2026 7:41:59 AM,FDM410,8M6HM2_HVF,8M6HM2_HVF,07/24/2026 3:27:33 PM,8M6HM2_HVF,D1D,1,7665996
D547399,332,KJ5DW332WFC3,0,0.015586,0.015586,0,0,0.003464,0,0.001732,0,0,0.001732,0,0.008659,0.006927,,D5473990,PNCB,03/02/2026 7:41:59 AM,FDM410,8M6HM2_HVF,8M6HM2_HVF,07/24/2026 3:27:42 PM,8M6HM2_HVF,D1D,2,7666059
D546317,64,A24SX064SLB6,0,0.02085,0.017375,0,0.001737,0.005212,0,0,0,0,0.001737,0.001737,0,0,,D5463170,PXMG,03/01/2026 1:45:49 PM,FDM406,8M6HM2_HVF,8M6HM2_HVF,07/24/2026 3:27:41 PM,8M6HM2_HVF,D1D,1,7631018
D546317,103,A23M2103SLB7,0,0.010425,0.0139,0,0,0.00695,0,0.001737,0,0,0.001737,0,0.001737,0.001737,,D5463170,PXMG,03/01/2026 1:45:49 PM,FDM406,8M6HM2_HVF,8M6HM2_HVF,07/24/2026 3:27:53 PM,8M6HM2_HVF,D1D,2,7630959
D546307,279,GS4VR279JKC4,0,0.008687,0.015637,0.003475,0,0,0,0.003475,0,0.003475,0.001737,0,0.001737,0,,D5463070,PXMG,03/01/2026 10:05:56 PM,FDM410,8M6HM2_HVF,8M6HM2_HVF,07/24/2026 3:27:46 PM,8M6HM2_HVF,D1D,1,7627853
D546307,280,GS4VR280JKF5,0,0.00695,0.019112,0,0,0.001737,0,0.001737,0,0.003475,0.001737,0,0.001737,0.005212,,D5463070,PXMG,03/01/2026 10:05:56 PM,FDM410,8M6HM2_HVF,8M6HM2_HVF,07/24/2026 3:27:48 PM,8M6HM2_HVF,D1D,2,7627740
D546309,579,GT4BU579JDE5,0,0.003475,0.021024,0.001737,0,0.010425,0,0,0,0,0,0,0.002259,0.006255,0,D5463090,PXMG,03/02/2026 7:15:52 AM,FDM410,8M6HM2_HVF,8M6HM2_HVF,07/24/2026 3:27:43 PM,8M6HM2_HVF,D1D,1,7630840
D546309,580,GT4BU580JDA3,0,0.012162,0.022587,0,0,0.003475,0,0.001737,0,0,0,0.001737,0,0.005212,,D5463090,PXMG,03/02/2026 7:15:52 AM,FDM410,8M6HM2_HVF,8M6HM2_HVF,07/24/2026 3:27:52 PM,8M6HM2_HVF,D1D,2,7630802
D545222,617,GT2JA617JKG1,0,0.012162,0.00695,0,0.001737,0,0,0.003475,0,0,0,0,0,0,,D5452220,PXMG,03/07/2026 11:25:36 PM,FDM410,8M6HM2_HVF,8M6HM2_HVF,07/24/2026 3:26:02 PM,8M6HM2_HVF,D1D,1,7600888
D545222,618,GT2JA618JKD0,0,0.010425,0.017375,0,0,0.003475,0,0,0,0.00695,0,0,0.001737,0.008687,,D5452220,PXMG,03/07/2026 11:25:36 PM,FDM410,8M6HM2_HVF,8M6HM2_HVF,07/24/2026 3:25:47 PM,8M6HM2_HVF,D1D,2,7600864
D545221,230,MCJ1T230WAD4,0,0.012162,0.008687,0,0,0,0,0,0,0.005212,0.001737,0,0,0.005212,,D5452210,PXMG,03/13/2026 5:31:07 PM,FDM408,8M6HM2_HVF,8M6HM2_HVF,07/24/2026 3:24:28 PM,8M6HM2_HVF,D1D,1,7598848
D545221,243,MCJ1T243WAG0,0,0.015637,0.015637,0,0,0.015637,0,0,0,0.00695,0,0,0.005212,0.008687,,D5452210,PXMG,03/13/2026 5:31:07 PM,FDM408,8M6HM2_HVF,8M6HM2_HVF,07/24/2026 3:24:48 PM,8M6HM2_HVF,D1D,2,7598821
D545221,291,MCJ1T291WAF2,0,0.010425,0.008687,0,0.003475,0.001737,0,0.003475,0,0.00695,0.001737,0,0.024325,0.0556,,D5452210,PXMG,03/13/2026 5:31:07 PM,FDM408,8M6HM2_HVF,8M6HM2_HVF,07/24/2026 3:24:16 PM,8M6HM2_HVF,D1D,3,7598772
D545221,296,MCJ1T296WAE3,0,0.010425,0.02085,0,0,0.003475,0,0.001737,0,0.003475,0,0,0,0.001737,,D5452210,PXMG,03/13/2026 5:31:07 PM,FDM408,8M6HM2_HVF,8M6HM2_HVF,07/24/2026 3:24:38 PM,8M6HM2_HVF,D1D,4,7598909
D545221,300,MCJ1T300WAD7,0,0.00695,0.017375,0.001737,0,0.001737,0,0.003475,0,0.00695,0.001737,0,0.003475,0.005212,,D5452210,PXMG,03/13/2026 5:31:07 PM,FDM408,8M6HM2_HVF,8M6HM2_HVF,07/24/2026 3:24:35 PM,8M6HM2_HVF,D1D,5,7598899
D545221,341,MCJ1T341WAE0,0,0.008687,0.0139,0.001737,0.001737,0.00695,0,0,0,0.003475,0,0,0,0.003475,,D5452210,PXMG,03/13/2026 5:31:07 PM,FDM408,8M6HM2_HVF,8M6HM2_HVF,07/24/2026 3:24:23 PM,8M6HM2_HVF,D1D,6,7598889
D546333,51,GS9YT051JKC4,0,0.008687,0.017896,0.003475,0,0.004517,0,0.002259,0,0.019981,0,0,0.001737,0.003996,0,D5463330,PXMG,03/13/2026 3:10:13 PM,FDM410,8M6HM2_HVF,8M6HM2_HVF,07/24/2026 3:24:25 PM,8M6HM2_HVF,D1D,1,7636347
D546333,52,GS9YT052JKG6,0,0.008687,0.010425,0,0,0,0,0.001737,0,0.012162,0,0,0,0,,D5463330,PXMG,03/13/2026 3:10:13 PM,FDM410,8M6HM2_HVF,8M6HM2_HVF,07/24/2026 3:24:34 PM,8M6HM2_HVF,D1D,2,7636280
D546333,55,GS9YT055JKE6,0,0.007232,0.035705,0.002411,0.017266,0,0,0,0,0.014856,0.005212,0,0.036552,0.125751,0,D5463330,PXMG,03/13/2026 3:10:13 PM,FDM410,8M6HM2_HVF,8M6HM2_HVF,07/24/2026 3:24:42 PM,8M6HM2_HVF,D1D,3,7636453
D546333,56,GS9YT056JKB5,0,0.008687,0.015637,0.001737,0,0.003475,0,0,0,0.003475,0.001737,0,0.001737,0.0139,,D5463330,PXMG,03/13/2026 3:10:13 PM,FDM410,8M6HM2_HVF,8M6HM2_HVF,07/24/2026 3:24:54 PM,8M6HM2_HVF,D1D,4,7636238
D546333,57,GS9YT057JKF7,0,0.008687,0.023828,0.001737,0.001737,0.005957,0,0,0,0.009432,0.00422,0,0.001737,0.003475,0,D5463330,PXMG,03/13/2026 3:10:13 PM,FDM410,8M6HM2_HVF,8M6HM2_HVF,07/24/2026 3:24:44 PM,8M6HM2_HVF,D1D,5,7636431
D546333,58,GS9YT058JKC6,0,0.010425,0.024325,0.001737,0,0.001737,0,0.001737,0,0.003475,0.001737,0,0.00695,0.001737,,D5463330,PXMG,03/13/2026 3:10:13 PM,FDM410,8M6HM2_HVF,8M6HM2_HVF,07/24/2026 3:24:28 PM,8M6HM2_HVF,D1D,6,7636367
D546315,3,A24QB003SLA4,0,0.010425,0.019112,0,0,0.00695,0,0.001737,0,0.005212,0.003475,0,0.001737,0.00695,,D5463150,PXMG,03/13/2026 12:19:38 AM,FDM404,8M6HM2_HVF,8M6HM2_HVF,07/24/2026 3:24:07 PM,8M6HM2_HVF,D1D,1,7631189
D546315,11,A24QB011SLD7,0,0.005212,0.008687,0.001737,0,0.003475,0,0,0,0.001737,0.001737,0,0.001737,0.003475,,D5463150,PXMG,03/13/2026 12:19:38 AM,FDM404,8M6HM2_HVF,8M6HM2_HVF,07/24/2026 3:24:01 PM,8M6HM2_HVF,D1D,2,7631257
D546284,4,A24QC004SLF1,0,0.012122,0.032904,0.001732,0.001732,0.005195,0,0.003464,0,0.006927,0.001732,0,0,0.001732,,D5462840,PNCB,03/14/2026 9:01:41 PM,FDM402,8M6HM2_HVF,8M6HM2_HVF,07/24/2026 3:23:30 PM,8M6HM2_HVF,D1D,1,7629196
D546284,5,A24QC005SLC0,0,0.014893,0.040177,0,0,0.005542,0,0,0,0.006927,0,0,0,0,0,D5462840,PNCB,03/14/2026 9:01:41 PM,FDM402,8M6HM2_HVF,8M6HM2_HVF,07/24/2026 3:23:22 PM,8M6HM2_HVF,D1D,2,7629245
D544622,349,KJ3ND349WFE1,0,0,0.043437,0,0.003475,0.003475,0,0.001737,0,0.00695,0.003475,0,0.001737,0.001737,,D5446220,PXMG,03/13/2026 2:44:07 AM,FDM404,8M6HM2_HVF,8M6HM2_HVF,07/24/2026 3:24:14 PM,8M6HM2_HVF,D1D,1,7569725
D544622,386,KJ3ND386WFC0,0,0.00695,0.0417,0,0,0.003475,0,0.005212,0,0.00695,0.001737,0,0,0,,D5446220,PXMG,03/13/2026 2:44:07 AM,FDM404,8M6HM2_HVF,8M6HM2_HVF,07/24/2026 3:24:26 PM,8M6HM2_HVF,D1D,2,7569645
D545170,205,GS8FM205JKA1,0,0.016159,0.023282,0.003475,0.003475,0.003475,0,0,0,0.001737,0.001737,0,0.017549,0.01251,0,D5451700,PXMG,03/12/2026 9:25:44 AM,FDM410,8M6HM2_HVF,8M6HM2_HVF,07/24/2026 3:24:31 PM,8M6HM2_HVF,D1D,1,7590144
D545170,206,GS8FM206JKE3,0,0.005212,0.017375,0,0,0.003475,0,0.001737,0,0.005212,0,0,0.005212,0.00695,,D5451700,PXMG,03/12/2026 9:25:44 AM,FDM410,8M6HM2_HVF,8M6HM2_HVF,07/24/2026 3:24:25 PM,8M6HM2_HVF,D1D,2,7590201
D546326,76,GS9YT076JKD2,0,0.020155,0.028495,0.001737,0,0.003475,0,0.001737,0,0.003475,0,0.003475,0.001737,0.001737,0,D5463260,PXMG,03/12/2026 3:11:53 PM,FDM408,8M6HM2_HVF,8M6HM2_HVF,07/24/2026 3:24:19 PM,8M6HM2_HVF,D1D,1,7632541
D546326,77,GS9YT077JKA1,0,0.019112,0.02085,0.005212,0,0.010425,0,0.005212,0,0.001737,0.001737,0,0.001737,0.001737,,D5463260,PXMG,03/12/2026 3:11:53 PM,FDM408,8M6HM2_HVF,8M6HM2_HVF,07/24/2026 3:24:17 PM,8M6HM2_HVF,D1D,2,7632637
D546310,721,KJ57T721WFB5,0,0.012162,0.02085,0.001737,0.003475,0,0,0.001737,0,0.001737,0.003475,0.001737,0.001737,0.001737,,D5463100,PXMG,03/12/2026 6:16:47 PM,FDM408,8M6HM2_HVF,8M6HM2_HVF,07/24/2026 3:24:23 PM,8M6HM2_HVF,D1D,1,7631026
D546310,723,KJ57T723WFC6,0,0.008687,0.050387,0.001737,0.003475,0.00695,0,0.001737,0,0.005212,0,0,0.003475,0.029537,,D5463100,PXMG,03/12/2026 6:16:47 PM,FDM408,8M6HM2_HVF,8M6HM2_HVF,07/24/2026 3:24:13 PM,8M6HM2_HVF,D1D,2,7630890
D545205,641,GT2JA641JKB4,0,0.22444,0.05219,0.027583,0,0.027365,0,0.005517,0,0.01655,0.002758,0,0.019308,0.008275,0,D5452050,PXMG,03/12/2026 2:41:14 AM,FDM406,8M6HM2_HVF,8M6HM2_HVF,07/24/2026 3:24:37 PM,8M6HM2_HVF,D1D,1,7595555
D545205,642,GT2JA642JKF6,0,0.017375,0.022587,0.001737,0.005212,0.003475,0,0.001737,0,0.003475,0,0,0.00695,0.003475,,D5452050,PXMG,03/12/2026 2:41:14 AM,FDM406,8M6HM2_HVF,8M6HM2_HVF,07/24/2026 3:24:25 PM,8M6HM2_HVF,D1D,2,7595538
D545199,276,GS4MJ276JKE0,0,0.001737,0.026062,0,0,0.008687,0,0.003475,0,0.008687,0,0.001737,0.001737,0.003475,,D5451990,PXMG,03/12/2026 7:27:32 PM,FDM408,8M6HM2_HVF,8M6HM2_HVF,07/24/2026 3:24:07 PM,8M6HM2_HVF,D1D,1,7595648
D545199,357,GS4MJ357JKF6,0,0.010859,0.014769,0.001955,0.001737,0.003475,0,0.001737,0,0.00543,0,0,0.005212,0.001737,0,D5451990,PXMG,03/12/2026 7:27:32 PM,FDM408,8M6HM2_HVF,8M6HM2_HVF,07/24/2026 3:24:17 PM,8M6HM2_HVF,D1D,2,7595605
D546327,59,A21XX059SLF6,0,0.00695,0.0139,0.001737,0.001737,0.001737,0,0.001737,0,0.003475,0,0,0.005212,0.001737,,D5463270,PXMG,03/12/2026 5:23:33 PM,FDM410,8M6HM2_HVF,8M6HM2_HVF,07/24/2026 3:24:19 PM,8M6HM2_HVF,D1D,1,7632757
D546327,79,A21WK079SLG7,0,0.005212,0.010425,0.003475,0.003475,0.00695,0,0,0,0.005212,0,0.003475,0.005212,0.00695,,D5463270,PXMG,03/12/2026 5:23:33 PM,FDM410,8M6HM2_HVF,8M6HM2_HVF,07/24/2026 3:24:24 PM,8M6HM2_HVF,D1D,2,7632764
D545208,38,KJ5DR038WFG4,0,0.026062,0.005212,0.001737,0,0.008687,0,0.001737,0,0.003475,0.001737,0,0.001737,0.001737,,D5452080,PXMG,03/10/2026 2:08:15 PM,FDM402,8M6HM2_HVF,8M6HM2_HVF,07/24/2026 3:24:44 PM,8M6HM2_HVF,D1D,1,7595939
D545208,65,KJ51H065WFF4,0,0.0139,0.0278,0.003475,0,0.005212,0,0,0,0.003475,0,0,0.001737,0.003475,,D5452080,PXMG,03/10/2026 2:08:15 PM,FDM402,8M6HM2_HVF,8M6HM2_HVF,07/24/2026 3:24:38 PM,8M6HM2_HVF,D1D,2,7595866
D547393,127,GT3FY127JKG4,0,0.015586,0.034635,0,0,0.001732,0,0.001732,0,0.008659,0.006927,0.001732,0.008659,0.001732,,D5473930,PNCB,03/09/2026 11:08:35 PM,FDM406,8M6HM2_HVF,8M6HM2_HVF,07/24/2026 3:25:12 PM,8M6HM2_HVF,D1D,1,7666097
D547393,128,GT3FY128JKD3,0,0.005195,0.010391,0.003464,0,0,0,0.001732,0,0.003464,0.001732,0,0,0,,D5473930,PNCB,03/09/2026 11:08:35 PM,FDM406,8M6HM2_HVF,8M6HM2_HVF,07/24/2026 3:25:06 PM,8M6HM2_HVF,D1D,2,7666017
D547403,235,MCJ1T235WAC5,0,0.052833,0.114913,0,0,0.004285,0,0.008571,0,0.002143,0,0,0.002143,0.002143,0,D5474030,PNCB,03/09/2026 9:28:41 PM,FDM404,8M6HM2_HVF,8M6HM2_HVF,07/24/2026 3:25:09 PM,8M6HM2_HVF,D1D,1,7668659
D547403,240,MCJ1T240WAA5,0,0.045199,0.152395,0.005022,0.002511,0.014027,0,0,0,0.005022,0.002511,0,0.005022,0.009005,0,D5474030,PNCB,03/09/2026 9:28:41 PM,FDM404,8M6HM2_HVF,8M6HM2_HVF,07/24/2026 3:25:02 PM,8M6HM2_HVF,D1D,2,7668797
D546330,41,MCJ1U041WAH0,0,0.024325,0.059075,0,0,0.010425,0,0.005212,0,0.005212,0.003475,0,0.003475,0.005212,,D5463300,PXMG,03/08/2026 2:03:06 PM,FDM410,8M6HM2_HVF,8M6HM2_HVF,07/24/2026 3:25:45 PM,8M6HM2_HVF,D1D,1,7636317
D546330,44,MCJ1U044WAF0,0,0.015637,0.084442,0.001737,0,0.001737,0,0.003822,0,0.01251,0,0,0.005212,0.003475,0,D5463300,PXMG,03/08/2026 2:03:06 PM,FDM410,8M6HM2_HVF,8M6HM2_HVF,07/24/2026 3:25:51 PM,8M6HM2_HVF,D1D,2,7636440
D545223,756,GT2JA756JKE2,0,0.00695,0.008687,0,0,0.008687,0,0,0,0.001737,0.001737,0,0,0,,D5452230,PXMG,03/08/2026 1:44:59 AM,FDM406,8M6HM2_HVF,8M6HM2_HVF,07/24/2026 3:25:51 PM,8M6HM2_HVF,D1D,1,7600883
D545223,757,GT2JA757JKB1,0,0.00695,0.00695,0.001737,0,0.00695,0,0.003475,0,0.012162,0,0,0.001737,0,,D5452230,PXMG,03/08/2026 1:44:59 AM,FDM406,8M6HM2_HVF,8M6HM2_HVF,07/24/2026 3:26:02 PM,8M6HM2_HVF,D1D,2,7600766
D547388,12,KJ5MA012WFA0,0,0.017318,0.032904,0.001732,0.001732,0.005195,0,0.005195,0,0.001732,0,0,0.012122,0,,D5473880,PNCB,03/09/2026 8:37:30 AM,FDM402,8M6HM2_HVF,8M6HM2_HVF,07/24/2026 3:25:15 PM,8M6HM2_HVF,D1D,1,7665428
D547388,13,KJ5MA013WFE2,0,0.015586,0.034635,0,0,0.003464,0,0,0,0.001732,0,0,0.017318,0.003464,,D5473880,PNCB,03/09/2026 8:37:30 AM,FDM402,8M6HM2_HVF,8M6HM2_HVF,07/24/2026 3:25:21 PM,8M6HM2_HVF,D1D,2,7665430
D547402,63,A22SS063SLG5,0,0.003464,0.025976,0,0,0.001732,0,0,0,0,0,0,0.001732,0.005195,,D5474020,PNCB,03/09/2026 12:01:43 AM,FDM410,8M6HM2_HVF,8M6HM2_HVF,07/24/2026 3:25:21 PM,8M6HM2_HVF,D1D,1,7666311
D547402,64,A22SS064SLD4,0,0.013854,0.010391,0,0,0.005195,0,0.003464,0,0.001732,0,0,0.001732,0.005195,,D5474020,PNCB,03/09/2026 12:01:43 AM,FDM410,8M6HM2_HVF,8M6HM2_HVF,07/24/2026 3:25:29 PM,8M6HM2_HVF,D1D,2,7666371
D546312,15,KJ5DR015WFG7,0,0.008687,0.010425,0,0,0.00695,0,0.003475,0,0.001737,0,0.001737,0.001737,0.001737,,D5463120,PXMG,03/18/2026 2:25:59 AM,FDM402,8M6HM2_HVF,8M6HM2_HVF,07/24/2026 3:22:34 PM,8M6HM2_HVF,D1D,1,7631091
D546312,63,KJ5DR063WFG1,0,0.010425,0.036487,0.003475,0,0.003475,0,0.005212,0,0.001737,0.012162,0,0,0.005212,,D5463120,PXMG,03/18/2026 2:25:59 AM,FDM402,8M6HM2_HVF,8M6HM2_HVF,07/24/2026 3:22:32 PM,8M6HM2_HVF,D1D,2,7631126
D547408,789,GT3SZ789JKC3,0,0.005212,0.012162,0.001737,0,0.001737,0,0.001737,0,0,0.003475,0,0.0139,0.001737,,D5474080,PXMG,03/16/2026 8:50:07 PM,FDM402,8M6HM2_HVF,8M6HM2_HVF,07/24/2026 3:23:13 PM,8M6HM2_HVF,D1D,1,7665389
D547408,802,GT3SZ802JKC1,0,0.015637,0.017375,0.003475,0,0.001737,0,0,0,0.00695,0.005212,0,0.008687,0.001737,,D5474080,PXMG,03/16/2026 8:50:07 PM,FDM402,8M6HM2_HVF,8M6HM2_HVF,07/24/2026 3:23:02 PM,8M6HM2_HVF,D1D,2,7665347
D544639,32,MCG3W032WAA4,0,0.00695,0.02085,0,0.001737,0.003475,0,0.001737,0,0,0,0,0,0.003475,,D5446390,PXMG,03/16/2026 8:07:34 PM,FDM410,8M6HM2_HVF,8M6HM2_HVF,07/24/2026 3:22:59 PM,8M6HM2_HVF,D1D,1,7578489
D544639,73,MCG3W073WAA5,0,0.00695,0.00695,0.003475,0.003475,0,0,0.001737,0,0.008687,0,0,0.003475,0.001737,,D5446390,PXMG,03/16/2026 8:07:34 PM,FDM410,8M6HM2_HVF,8M6HM2_HVF,07/24/2026 3:23:16 PM,8M6HM2_HVF,D1D,2,7578543
D545216,5,MCJ1U005WAG0,0,0.019112,0.02085,0.005212,0.008687,0.005212,0,0.005212,0,0.005212,0.001737,0,0.001737,0.003475,,D5452160,PXMG,03/18/2026 3:29:07 AM,FDM408,8M6HM2_HVF,8M6HM2_HVF,07/24/2026 3:22:22 PM,8M6HM2_HVF,D1D,1,7598551
D545216,16,MCJ1U016WAA0,0,0.010425,0.017375,0.001737,0.001737,0.010425,0,0.001737,0,0.012162,0.001737,0.003475,0,0.001737,,D5452160,PXMG,03/18/2026 3:29:07 AM,FDM408,8M6HM2_HVF,8M6HM2_HVF,07/24/2026 3:22:28 PM,8M6HM2_HVF,D1D,2,7598587
D547410,151,GT3FY151JKB7,0,0.015637,0.074712,0.001737,0.001737,0.012162,0,0.003475,0,0.001737,0,0,0.001737,0.008687,,D5474100,PXMG,03/16/2026 12:40:12 PM,FDM408,8M6HM2_HVF,8M6HM2_HVF,07/24/2026 3:23:11 PM,8M6HM2_HVF,D1D,1,7665499
D547410,152,GT3FY152JKG1,0,0.019112,0.052125,0.001737,0.001737,0.003475,0,0,0,0.00695,0,0.001737,0,0.001737,,D5474100,PXMG,03/16/2026 12:40:12 PM,FDM408,8M6HM2_HVF,8M6HM2_HVF,07/24/2026 3:23:05 PM,8M6HM2_HVF,D1D,2,7665471
D546329,31,KJ57U031WFF2,0,0.0139,0.043437,0,0,0.008687,0,0,0,0.00695,0,0,0.003475,0.010425,,D5463290,PXMG,03/25/2026 6:24:56 AM,FDM404,8M6HM2_HVF,8M6HM2_HVF,07/24/2026 3:20:58 PM,8M6HM2_HVF,D1D,1,7632896
D546329,157,KJ4TC157WFG5,0,0.003475,0.005212,0.001737,0,0,0,0,0,0.005212,0,0,0.010425,0,,D5463290,PXMG,03/25/2026 6:24:56 AM,FDM404,8M6HM2_HVF,8M6HM2_HVF,07/24/2026 3:20:49 PM,8M6HM2_HVF,D1D,2,7632915
D544974,307,GS9CS307JKC7,0,0.033152,0.016802,0.004314,0,0.012941,0,0.004087,0,0.006471,0,0,0,0.002157,0,D5449740,PXMG,03/22/2026 1:18:13 PM,FDM408,8M6HM2_HVF,8M6HM2_HVF,07/24/2026 3:21:37 PM,8M6HM2_HVF,D1D,1,7582808
D544974,308,GS9CS308JKH1,0,0.015637,0.024325,0,0,0.005212,0,0.003475,0,0.003475,0,0,0,0.00695,,D5449740,PXMG,03/22/2026 1:18:13 PM,FDM408,8M6HM2_HVF,8M6HM2_HVF,07/24/2026 3:21:26 PM,8M6HM2_HVF,D1D,2,7582829
D545176,250,KJ4YU250WFF1,0,0.0139,0.015637,0.005212,0.005212,0.003475,0,0.001737,0,0,0,0,0.003475,0.003475,,D5451760,PXMG,04/04/2026 2:01:34 PM,FDM404,8M6HM2_HVF,8M6HM2_HVF,07/24/2026 3:44:39 PM,8M6HM2_HVF,D1D,1,7591150
D545176,265,KJ4YU265WFB3,0,0.003475,0.010425,0.001737,0,0.003475,0,0.005212,0,0.005212,0.001737,0,0.010425,0.019112,,D5451760,PXMG,04/04/2026 2:01:34 PM,FDM404,8M6HM2_HVF,8M6HM2_HVF,07/24/2026 3:44:42 PM,8M6HM2_HVF,D1D,2,7591215
D547412,351,GT2RM351JKA2,0,0.012162,0.010425,0,0,0,0,0.003475,0,0.001737,0.001737,0,0.00695,0.001737,,D5474120,PXMG,04/04/2026 12:53:59 PM,FDM408,8M6HM2_HVF,8M6HM2_HVF,07/24/2026 3:44:35 PM,8M6HM2_HVF,D1D,1,7668992
D547412,352,GT2RM352JKE4,0,0.005212,0.010425,0.001737,0.003475,0.008687,0,0.003475,0,0.003475,0,0,0.001737,0,,D5474120,PXMG,04/04/2026 12:53:59 PM,FDM408,8M6HM2_HVF,8M6HM2_HVF,07/24/2026 3:44:44 PM,8M6HM2_HVF,D1D,2,7668894
D545912,214,A23UP214SLA6,0,0.00695,0.008687,0,0,0.001737,0,0.001737,0,0.0139,0,0,0,0.003475,,D545912A,PXMG,04/10/2026 11:21:55 AM,FDM406,8M6HM2_HVF,8M6HM2_HVF,07/24/2026 3:43:17 PM,8M6HM2_HVF,D1D,1,7671552
D545912,215,A23UP215SLF0,0,0.005212,0.015637,0,0.001737,0.00695,0,0.001737,0,0.001737,0,0,0.003475,0,,D545912A,PXMG,04/10/2026 11:21:55 AM,FDM406,8M6HM2_HVF,8M6HM2_HVF,07/24/2026 3:43:12 PM,8M6HM2_HVF,D1D,2,7671573
D545999,235,GT2JB235JKD1,0,0.003475,0.017375,0.001737,0.001737,0.001737,0,0,0,0.012162,0,0,0.001737,0.001737,,D5459990,PXMG,04/10/2026 10:11:29 AM,FDM406,8M6HM2_HVF,8M6HM2_HVF,07/24/2026 3:43:24 PM,8M6HM2_HVF,D1D,1,7617991
D545999,236,GT2JB236JKA0,0,0.008687,0.012162,0,0,0.003475,0,0,0,0,0,0,0,0,,D5459990,PXMG,04/10/2026 10:11:29 AM,FDM406,8M6HM2_HVF,8M6HM2_HVF,07/24/2026 3:43:18 PM,8M6HM2_HVF,D1D,2,7618011
D545909,597,GT1WL597JKD1,0,0.008687,0.022587,0,0,0.005212,0,0.003475,0,0,0,0,0.005212,0,,D5459090,PXMG,04/18/2026 7:48:06 AM,FDM402,8M6HM2_HVF,8M6HM2_HVF,07/24/2026 3:41:17 PM,8M6HM2_HVF,D1D,1,7617816
D545909,598,GT1WL598JKA0,0,0.015637,0.017375,0,0,0.012162,0,0,0,0.003475,0,0,0,0,,D5459090,PXMG,04/18/2026 7:48:06 AM,FDM402,8M6HM2_HVF,8M6HM2_HVF,07/24/2026 3:41:23 PM,8M6HM2_HVF,D1D,2,7617728
D545187,511,KJ51L511WFA0,0,0.008687,0.012162,0.001737,0,0.005212,0,0.001737,0,0,0,0,0,0.003475,,D5451870,PXMG,04/15/2026 3:05:44 AM,FDM402,8M6HM2_HVF,8M6HM2_HVF,07/24/2026 3:42:21 PM,8M6HM2_HVF,D1D,1,7594246
D545187,516,KJ51L516WFG4,0,0.01112,0.040657,0.003475,0,0.005212,0,0,0,0.003475,0.00417,0,0,0.011815,0,D5451870,PXMG,04/15/2026 3:05:44 AM,FDM402,8M6HM2_HVF,8M6HM2_HVF,07/24/2026 3:42:12 PM,8M6HM2_HVF,D1D,2,7594335
D546917,42,A24SX042SLG3,0,0.00695,0.052125,0,0,0.005212,0,0.003475,0,0.001737,0,0,0.001737,0.001737,,D5469170,PXMG,04/15/2026 12:13:59 AM,FDM402,8M6HM2_HVF,8M6HM2_HVF,07/24/2026 3:42:18 PM,8M6HM2_HVF,D1D,1,7660928
D546917,109,A24SX109SLC4,0,0.003475,0.0139,0.001737,0,0.005212,0,0,0,0.003475,0,0,0,0.001737,,D5469170,PXMG,04/15/2026 12:13:59 AM,FDM402,8M6HM2_HVF,8M6HM2_HVF,07/24/2026 3:42:13 PM,8M6HM2_HVF,D1D,2,7660917
D544979,333,KJ4YT333WFA2,0,0.012122,0.006927,0,0,0.008659,0,0.001732,0,0.001732,0,0,0.006927,0,,D5449790,PNCB,05/08/2026 4:19:58 AM,FDM404,8M6HM2_HVF,8M6HM2_HVF,07/26/2026 1:25:53 PM,8M6HM2_HVF,D1D,1,7587524
D544979,356,KJ4YT356WFH2,0,0.012988,0.012122,0,0.015586,0.009525,0,0.001732,0,0.003464,0.002598,0,0.008659,0.028574,0,D5449790,PNCB,05/08/2026 4:19:58 AM,FDM404,8M6HM2_HVF,8M6HM2_HVF,07/26/2026 1:25:57 PM,8M6HM2_HVF,D1D,2,7587543
D546937,235,GT2RM235JKB6,0,0.005212,0.005212,0,0,0.001737,0,0,0,0.003475,0.001737,0,0.001737,0.001737,,D5469370,PXMG,05/12/2026 10:31:28 AM,FDM404,8M6HM2_HVF,8M6HM2_HVF,07/26/2026 1:25:20 PM,8M6HM2_HVF,D1D,1,7656915
D546937,242,GT2RM242JKA7,0,0.01112,0.032838,0,0,0.012162,0,0.001737,0,0.008687,0,0,0,0.004691,0,D5469370,PXMG,05/12/2026 10:31:28 AM,FDM404,8M6HM2_HVF,8M6HM2_HVF,07/26/2026 1:25:14 PM,8M6HM2_HVF,D1D,2,7656800
D547440,107,KJ5DU107WFD6,0,0.001737,0.017375,0.00695,0,0,0,0,0,0.003475,0.00695,0,0.015637,0.003475,,D5474400,PXMG,03/06/2026 7:55:07 PM,FDM408,8M6HM2_HVF,8M6HM2_HVF,07/24/2026 3:26:22 PM,8M6HM2_HVF,D1D,1,7675072
D547440,109,KJ5DU109WFE7,0,0.010425,0.02085,0.005212,0,0.0139,0.001737,0.001737,0,0.003475,0,0,0.010425,0.010425,,D5474400,PXMG,03/06/2026 7:55:07 PM,FDM408,8M6HM2_HVF,8M6HM2_HVF,07/24/2026 3:26:16 PM,8M6HM2_HVF,D1D,2,7675025
D547445,34,A23PL034SLC3,0,0.001737,0.010425,0.001737,0,0.003475,0,0,0,0.001737,0.001737,0.003475,0.00695,0.003475,,D5474450,PXMG,03/05/2026 5:46:10 PM,FDM410,8M6HM2_HVF,8M6HM2_HVF,07/24/2026 3:26:36 PM,8M6HM2_HVF,D1D,1,7675126
D547445,40,A23PL040SLE5,0,0.024325,0.010425,0.001737,0.005212,0.0139,0,0.001737,0,0.003475,0,0,0,0.012162,,D5474450,PXMG,03/05/2026 5:46:10 PM,FDM410,8M6HM2_HVF,8M6HM2_HVF,07/24/2026 3:26:32 PM,8M6HM2_HVF,D1D,2,7675073
D548521,201,GT4TS201JKF3,0,0.019112,0.031275,0.005212,0.00695,0.003475,0,0.005212,0,0,0,0.001737,0.012162,0.02085,,D5485210,PXMG,03/07/2026 3:06:56 AM,FDM402,8M6HM2_HVF,8M6HM2_HVF,07/24/2026 3:26:10 PM,8M6HM2_HVF,D1D,1,7708762
D548521,202,GT4TS202JKC2,0,0.03058,0.02363,0.003475,0,0.01112,0,0,0,0.003475,0.00556,0,0.005212,0.00556,0,D5485210,PXMG,03/07/2026 3:06:56 AM,FDM402,8M6HM2_HVF,8M6HM2_HVF,07/24/2026 3:26:19 PM,8M6HM2_HVF,D1D,2,7708789
D547434,77,A22KK077SLB1,0,0.00695,0.0139,0.00695,0,0.010425,0,0.003475,0,0.012162,0.00695,0,0.001737,0.001737,,D5474340,PXMG,03/06/2026 8:49:13 PM,FDM406,8M6HM2_HVF,8M6HM2_HVF,07/24/2026 3:26:20 PM,8M6HM2_HVF,D1D,1,7673582
D547434,82,A22KK082SLG4,0,0.003475,0.008687,0.001737,0,0.008687,0,0.001737,0,0.00695,0.003475,0,0,0,,D5474340,PXMG,03/06/2026 8:49:13 PM,FDM406,8M6HM2_HVF,8M6HM2_HVF,07/24/2026 3:26:10 PM,8M6HM2_HVF,D1D,2,7673603
D547413,278,GT2VQ278JKB6,0,0.005212,0.022587,0,0,0,0,0,0,0.001737,0,0,0,0.001737,,D5474130,PXMG,03/06/2026 10:20:49 PM,FDM402,8M6HM2_HVF,8M6HM2_HVF,07/24/2026 3:26:13 PM,8M6HM2_HVF,D1D,1,7668862
D547413,279,GT2VQ279JKG0,0,0.00695,0.019112,0.003475,0.001737,0.003475,0,0.005212,0,0.001737,0,0,0.003475,0.015637,,D5474130,PXMG,03/06/2026 10:20:49 PM,FDM402,8M6HM2_HVF,8M6HM2_HVF,07/24/2026 3:26:19 PM,8M6HM2_HVF,D1D,2,7668728
D547448,12,MCJ1U012WAF1,0,0.005212,0.017375,0.001737,0,0.012162,0,0.001737,0,0,0.001737,0,0.005212,0.005212,,D5474480,PXMG,03/02/2026 8:32:42 AM,FDM404,8M6HM2_HVF,8M6HM2_HVF,07/24/2026 3:27:32 PM,8M6HM2_HVF,D1D,1,7678004
D547448,49,MCJ1U049WAE1,0,0.003475,0.015637,0.005212,0,0.012162,0,0.003475,0,0,0.001737,0,0.00695,0.0139,,D5474480,PXMG,03/02/2026 8:32:42 AM,FDM404,8M6HM2_HVF,8M6HM2_HVF,07/24/2026 3:27:36 PM,8M6HM2_HVF,D1D,2,7677819
D548529,509,KJ6GT509WFE4,0,0.00695,0.0278,0.001737,0.00695,0,0,0,0,0.00695,0,0,0,0.001737,,D5485290,PXMG,03/03/2026 10:41:29 AM,FDM408,8M6HM2_HVF,8M6HM2_HVF,07/24/2026 3:27:30 PM,8M6HM2_HVF,D1D,1,7712240
D548529,527,KJ6GT527WFF0,0,0.008687,0.017375,0.001737,0.001737,0.001737,0,0.001737,0,0.001737,0,0,0.001737,0,,D5485290,PXMG,03/03/2026 10:41:29 AM,FDM408,8M6HM2_HVF,8M6HM2_HVF,07/24/2026 3:27:37 PM,8M6HM2_HVF,D1D,2,7712462
D548508,14,A24EB014SLC6,0,0.005212,0.0417,0,0,0.005212,0,0.001737,0,0,0,0,0,0,,D5485080,PXMG,03/04/2026 1:12:30 AM,FDM408,8M6HM2_HVF,8M6HM2_HVF,07/24/2026 3:27:05 PM,8M6HM2_HVF,D1D,1,7703651
D548508,58,A23E5058SLB4,0,0.003475,0.012162,0,0,0.001737,0,0,0,0,0,0,0,0,,D5485080,PXMG,03/04/2026 1:12:30 AM,FDM408,8M6HM2_HVF,8M6HM2_HVF,07/24/2026 3:27:18 PM,8M6HM2_HVF,D1D,2,7703605
D548511,251,GT4TS251JKF6,0,0.010425,0.026062,0.003475,0.001737,0.001737,0,0.003475,0,0.001737,0.001737,0,0.005212,0.003475,,D5485110,PXMG,03/03/2026 8:11:35 PM,FDM406,8M6HM2_HVF,8M6HM2_HVF,07/24/2026 3:27:24 PM,8M6HM2_HVF,D1D,1,7706508
D548511,252,GT4TS252JKC5,0,0.008687,0.024325,0.001737,0.001737,0.001737,0,0.001737,0,0.001737,0.001737,0,0.003475,0.001737,,D5485110,PXMG,03/03/2026 8:11:35 PM,FDM406,8M6HM2_HVF,8M6HM2_HVF,07/24/2026 3:27:17 PM,8M6HM2_HVF,D1D,2,7706505
D547419,364,GT2RM364JKC6,0,0.00695,0.003475,0,0,0.003475,0,0.003475,0,0,0.001737,0,0.001737,0.005212,,D5474190,PXMG,03/02/2026 4:50:00 PM,FDM404,8M6HM2_HVF,8M6HM2_HVF,07/24/2026 3:27:30 PM,8M6HM2_HVF,D1D,1,7670046
D547419,365,GT2RM365JKH0,0,0.007992,0.037182,0,0,0.008687,0,0,0,0,0,0.005212,0.005212,0.003475,0,D5474190,PXMG,03/02/2026 4:50:00 PM,FDM404,8M6HM2_HVF,8M6HM2_HVF,07/24/2026 3:27:36 PM,8M6HM2_HVF,D1D,2,7669981
D547450,68,A23H0068SLF6,0,0.017375,0.010425,0.00695,0.001737,0.010425,0,0.001737,0,0.001737,0,0,0,0.00695,,D5474500,PXMG,03/02/2026 3:08:41 AM,FDM406,8M6HM2_HVF,8M6HM2_HVF,07/24/2026 3:27:43 PM,8M6HM2_HVF,D1D,1,7677678
D547450,69,A23H0069SLC5,0,0.017375,0.010425,0.001737,0,0.00695,0,0.003475,0,0.005212,0,0.001737,0.005212,0.010425,,D5474500,PXMG,03/02/2026 3:08:41 AM,FDM406,8M6HM2_HVF,8M6HM2_HVF,07/24/2026 3:27:48 PM,8M6HM2_HVF,D1D,2,7677828
D547436,622,GT3TA622JKG4,0,0.029885,0.037356,0,0,0.001737,0,0.001737,0,0.002259,0,0,0.001737,0.003475,0,D5474360,PXMG,03/14/2026 1:14:02 PM,FDM402,8M6HM2_HVF,8M6HM2_HVF,07/24/2026 3:23:34 PM,8M6HM2_HVF,D1D,1,7673765
D547436,623,GT3TA623JKD3,0,0.010425,0.024325,0.001737,0,0.003475,0,0.001737,0,0.003475,0.001737,0,0.001737,0,,D5474360,PXMG,03/14/2026 1:14:02 PM,FDM402,8M6HM2_HVF,8M6HM2_HVF,07/24/2026 3:23:36 PM,8M6HM2_HVF,D1D,2,7673644
D547439,153,A23Z5153SLF4,0,0.007819,0.044306,0.003475,0.001737,0.008687,0,0.001737,0,0.004344,0.002606,0,0.0139,0.015637,0,D5474390,PXMG,03/14/2026 7:59:16 AM,FDM402,8M6HM2_HVF,8M6HM2_HVF,07/24/2026 3:23:48 PM,8M6HM2_HVF,D1D,1,7675035
D547439,166,A23Z5166SLA5,0,0.021545,0.055947,0.003475,0,0,0,0.001737,0,0.003822,0,0,0.008687,0.01251,0,D5474390,PXMG,03/14/2026 7:59:16 AM,FDM402,8M6HM2_HVF,8M6HM2_HVF,07/24/2026 3:23:46 PM,8M6HM2_HVF,D1D,2,7675091
D547417,435,GT2RM435JKA0,0,0.017375,0.024325,0.001737,0.001737,0.001737,0,0,0,0,0,0,0,0.001737,,D5474170,PXMG,03/14/2026 7:51:41 PM,FDM404,8M6HM2_HVF,8M6HM2_HVF,07/24/2026 3:23:30 PM,8M6HM2_HVF,D1D,1,7668730
D547417,436,GT2RM436JKE2,0,0.014247,0.060291,0,0.001737,0,0,0.003475,0,0.008687,0.003649,0,0,0,0,D5474170,PXMG,03/14/2026 7:51:41 PM,FDM404,8M6HM2_HVF,8M6HM2_HVF,07/24/2026 3:23:39 PM,8M6HM2_HVF,D1D,2,7668693
D548535,350,KJ6GY350WFH1,0,0.018266,0.041308,0.017914,0,0.001827,0,0,0,0.010256,0.003653,0,0.032527,0.049737,0,D5485350,PXMG,03/13/2026 8:51:55 PM,FDM410,8M6HM2_HVF,8M6HM2_HVF,07/24/2026 3:23:43 PM,8M6HM2_HVF,D1D,1,7712218
D548535,392,KJ6GY392WFE1,0,0.00695,0.024325,0.005212,0,0.00695,0,0.00695,0,0.012162,0,0.005212,0.00695,0.008687,,D5485350,PXMG,03/13/2026 8:51:55 PM,FDM410,8M6HM2_HVF,8M6HM2_HVF,07/24/2026 3:23:51 PM,8M6HM2_HVF,D1D,2,7712308
D548510,279,GT4TS279JKE4,0,0.005212,0.00695,0,0,0.003475,0,0,0,0,0,0,0,0,,D5485100,PXMG,03/13/2026 12:47:24 AM,FDM410,8M6HM2_HVF,8M6HM2_HVF,07/24/2026 3:24:07 PM,8M6HM2_HVF,D1D,1,7704441
D548510,285,GT4TS285JKG6,0,0.010425,0.012162,0,0,0.010425,0,0,0,0.003475,0,0,0.003475,0,,D5485100,PXMG,03/13/2026 12:47:24 AM,FDM410,8M6HM2_HVF,8M6HM2_HVF,07/24/2026 3:24:13 PM,8M6HM2_HVF,D1D,2,7704387
D548525,49,GT4TS049JKA1,0,0.008687,0.039962,0.005212,0,0.001737,0,0.003475,0,0.012162,0,0,0.019112,0.010425,,D5485250,PXMG,03/14/2026 6:33:23 PM,FDM410,8M6HM2_HVF,8M6HM2_HVF,07/24/2026 3:23:34 PM,8M6HM2_HVF,D1D,1,7708997
D548525,51,GT4TS051JKA1,0,0.012857,0.02363,0.003822,0,0.008687,0,0.003475,0,0.010425,0,0,0.019807,0.009382,0,D5485250,PXMG,03/14/2026 6:33:23 PM,FDM410,8M6HM2_HVF,8M6HM2_HVF,07/24/2026 3:23:41 PM,8M6HM2_HVF,D1D,2,7709062
D548531,260,KJ6GP260WFB6,0,0.003475,0.019112,0,0,0.001737,0,0.005212,0,0.008687,0,0,0.010425,0.001737,,D5485310,PXMG,03/11/2026 9:03:30 AM,FDM402,8M6HM2_HVF,8M6HM2_HVF,07/24/2026 3:24:26 PM,8M6HM2_HVF,D1D,1,7712324
D548531,336,KJ6GP336WFF4,0,0.014247,0.022935,0,0,0.001737,0,0.003475,0,0.001737,0.006255,0,0.010425,0.001737,0,D5485310,PXMG,03/11/2026 9:03:30 AM,FDM402,8M6HM2_HVF,8M6HM2_HVF,07/24/2026 3:24:32 PM,8M6HM2_HVF,D1D,2,7712426
D548537,176,GT4TS176JKA0,0,0.008514,0.030059,0.001737,0,0.001737,0,0.003301,0,0.005212,0,0,0.003475,0.006776,0,D5485370,PXMG,03/11/2026 3:41:07 AM,FDM404,8M6HM2_HVF,8M6HM2_HVF,07/24/2026 3:24:49 PM,8M6HM2_HVF,D1D,1,7712547
D548537,177,GT4TS177JKE2,0,0.003475,0.0139,0.001737,0,0.00695,0,0.003475,0,0.005212,0,0,0.005212,0.0139,,D5485370,PXMG,03/11/2026 3:41:07 AM,FDM404,8M6HM2_HVF,8M6HM2_HVF,07/24/2026 3:24:42 PM,8M6HM2_HVF,D1D,2,7712554
D547452,459,GT3TA459JKH2,0,0.001737,0.0278,0,0.001737,0.005212,0,0.003475,0,0.001737,0.001737,0,0.010425,0.005212,,D5474520,PXMG,03/11/2026 6:32:26 AM,FDM402,8M6HM2_HVF,8M6HM2_HVF,07/24/2026 3:24:26 PM,8M6HM2_HVF,D1D,1,7677854
D547452,552,GT3TA552JKG1,0,0.014595,0.042047,0.003475,0.003475,0.005212,0,0.00695,0,0.011815,0.01668,0,0,0.003475,0,D5474520,PXMG,03/11/2026 6:32:26 AM,FDM402,8M6HM2_HVF,8M6HM2_HVF,07/24/2026 3:24:42 PM,8M6HM2_HVF,D1D,2,7678053
D548503,461,GT4BU461JDD7,0,0.008687,0.019112,0.001737,0,0.001737,0,0.001737,0,0.00695,0.001737,0,0,0.001737,,D5485030,PXMG,03/10/2026 10:26:34 AM,FDM410,8M6HM2_HVF,8M6HM2_HVF,07/24/2026 3:25:08 PM,8M6HM2_HVF,D1D,1,7704393
D548503,469,GT4QE469JDD1,0,0.00695,0.008687,0.005212,0.001737,0.003475,0,0.005212,0,0.003475,0.001737,0,0.001737,0,,D5485030,PXMG,03/10/2026 10:26:34 AM,FDM410,8M6HM2_HVF,8M6HM2_HVF,07/24/2026 3:25:02 PM,8M6HM2_HVF,D1D,2,7704299
D548501,339,KJ67C339WFC2,0,0.023149,0.026471,0,0,0.003577,0,0.001789,0,0.016097,0.001737,0,0.001789,0.003577,0,D5485010,PXMG,03/08/2026 12:20:23 PM,FDM406,8M6HM2_HVF,8M6HM2_HVF,07/24/2026 3:25:53 PM,8M6HM2_HVF,D1D,1,7702083
D548501,344,KJ67C344WFA2,0,0.00695,0.015637,0.019112,0.008687,0,0,0.00695,0,0.00695,0,0,0.019112,0.057337,,D5485010,PXMG,03/08/2026 12:20:23 PM,FDM406,8M6HM2_HVF,8M6HM2_HVF,07/24/2026 3:25:45 PM,8M6HM2_HVF,D1D,2,7701949
D548497,76,A24TD076SLC7,0,0.012162,0.00695,0,0,0.0139,0,0.001737,0,0.003475,0,0,0,0.001737,,D5484970,PXMG,03/09/2026 8:57:25 AM,FDM410,8M6HM2_HVF,8M6HM2_HVF,07/24/2026 3:25:22 PM,8M6HM2_HVF,D1D,1,7702044
D548497,77,A24TD077SLH1,0,0.005212,0.017375,0,0,0.005212,0,0.001737,0,0.005212,0.001737,0,0,0.005212,,D5484970,PXMG,03/09/2026 8:57:25 AM,FDM410,8M6HM2_HVF,8M6HM2_HVF,07/24/2026 3:25:15 PM,8M6HM2_HVF,D1D,2,7702040
D548499,28,A24QB028SLB2,0,0.014479,0.016023,0.003668,0,0,0,0.001834,0,0.009074,0,0,0,0.003572,0,D5484990,PXMG,03/14/2026 9:13:32 PM,FDM402,8M6HM2_HVF,8M6HM2_HVF,07/24/2026 3:23:34 PM,8M6HM2_HVF,D1D,1,7702133
D548499,29,A24QB029SLF4,0,0.010425,0.010425,0.001737,0,0.00695,0,0,0,0.008687,0,0,0,0,,D5484990,PXMG,03/14/2026 9:13:32 PM,FDM402,8M6HM2_HVF,8M6HM2_HVF,07/24/2026 3:23:24 PM,8M6HM2_HVF,D1D,2,7702159
D547427,708,5DWXN708MVA3,0,0.014247,0.042047,0,0,0.005212,0,0,0,0,0.007992,0,0.001737,0.005212,0,D5474270,PXMG,03/14/2026 12:21:46 PM,FDM406,8M6HM2_HVF,8M6HM2_HVF,07/24/2026 3:23:39 PM,8M6HM2_HVF,D1D,1,7670435
D547427,709,5DWXN709MVE5,0,0.008687,0.06255,0,0,0.001737,0,0,0,0.001737,0,0,0.003475,0.00695,,D5474270,PXMG,03/14/2026 12:21:46 PM,FDM406,8M6HM2_HVF,8M6HM2_HVF,07/24/2026 3:23:34 PM,8M6HM2_HVF,D1D,2,7670517
D547443,553,GT3TA553JKD0,0,0.025869,0.050773,0,0.006757,0,0,0.001737,0,0.001737,0,0,0.003475,0.001737,0,D5474430,PXMG,03/17/2026 9:04:00 PM,FDM404,8M6HM2_HVF,8M6HM2_HVF,07/24/2026 3:22:45 PM,8M6HM2_HVF,D1D,1,7675111
D547443,554,GT3TA554JKH2,0,0.022008,0.03224,0.004505,0,0,0,0,0,0,0.004505,0,0.002252,0.002252,0,D5474430,PXMG,03/17/2026 9:04:00 PM,FDM404,8M6HM2_HVF,8M6HM2_HVF,07/24/2026 3:22:39 PM,8M6HM2_HVF,D1D,2,7675188
D548527,273,KJ6GP273WFE2,0,0.033754,0.094369,0.001761,0,0.007043,0,0,0,0.010564,0,0,0.003672,0,0,D5485270,PXMG,03/18/2026 1:55:39 PM,FDM402,8M6HM2_HVF,8M6HM2_HVF,07/24/2026 3:22:22 PM,8M6HM2_HVF,D1D,1,7709058
D548527,274,KJ6GP274WFB1,0,0.010425,0.036487,0,0,0,0,0,0,0.001737,0.001737,0.001737,0,0.003475,,D5485270,PXMG,03/18/2026 1:55:39 PM,FDM402,8M6HM2_HVF,8M6HM2_HVF,07/24/2026 3:22:28 PM,8M6HM2_HVF,D1D,2,7709125
D548514,276,GT4TS276JKG4,0,0.010425,0.008687,0.001737,0,0.001737,0,0.003475,0,0.005212,0.003475,0,0.003475,0,,D5485140,PXMG,03/18/2026 1:53:41 AM,FDM402,8M6HM2_HVF,8M6HM2_HVF,07/24/2026 3:22:22 PM,8M6HM2_HVF,D1D,1,7706427
D548514,277,GT4TS277JKD3,0,0.012162,0.02919,0.001737,0,0.004865,0,0.003127,0,0.006602,0,0,0.001737,0.004865,0,D5485140,PXMG,03/18/2026 1:53:41 AM,FDM402,8M6HM2_HVF,8M6HM2_HVF,07/24/2026 3:22:38 PM,8M6HM2_HVF,D1D,2,7706262
D548532,326,KJ69F326WFG7,0,0.012162,0.060812,0.001737,0.001737,0.00695,0,0,0,0.001737,0.00695,0,0.008687,0.010425,,D5485320,PXMG,03/16/2026 3:32:56 PM,FDM410,8M6HM2_HVF,8M6HM2_HVF,07/24/2026 3:23:05 PM,8M6HM2_HVF,D1D,1,7712480
D548532,365,KJ69F365WFF7,0,0.039636,0.098553,0,0,0.003964,0,0.003964,0,0.003964,0.007297,0,0.001982,0.003964,0,D5485320,PXMG,03/16/2026 3:32:56 PM,FDM410,8M6HM2_HVF,8M6HM2_HVF,07/24/2026 3:22:53 PM,8M6HM2_HVF,D1D,2,7712435
D548519,502,KJ6GR502WFD4,0,0.015637,0.005212,0.003475,0,0.001737,0,0,0,0.008687,0,0,0.001737,0.001737,,D5485190,PXMG,03/16/2026 7:27:11 AM,FDM404,8M6HM2_HVF,8M6HM2_HVF,07/24/2026 3:23:16 PM,8M6HM2_HVF,D1D,1,7706692
D548519,504,KJ6GR504WFE5,0,0.00695,0.012162,0.003475,0,0.001737,0,0.003475,0,0.003475,0,0,0.003475,0.001737,,D5485190,PXMG,03/16/2026 7:27:11 AM,FDM404,8M6HM2_HVF,8M6HM2_HVF,07/24/2026 3:23:07 PM,8M6HM2_HVF,D1D,2,7706670
D548496,253,KJ67C253WFB3,0,0.020781,0.048489,0.001732,0.001732,0,0,0.012122,0,0.003464,0.006927,0,0.001732,0.001732,,D5484960,PNCB,03/21/2026 11:44:10 PM,FDM404,8M6HM2_HVF,8M6HM2_HVF,07/24/2026 3:21:51 PM,8M6HM2_HVF,D1D,1,7702323
D548496,280,KJ67C280WFC1,0,0.022859,0.041216,0,0,0.003464,0,0.008659,0,0.012122,0,0,0.001732,0.005195,0,D5484960,PNCB,03/21/2026 11:44:10 PM,FDM404,8M6HM2_HVF,8M6HM2_HVF,07/24/2026 3:21:45 PM,8M6HM2_HVF,D1D,2,7702371
D547420,23,A22SS023SLD3,0,0.010425,0.0556,0.001737,0.0139,0.005212,0,0.00695,0,0.00695,0.005212,0,0.005212,0.036487,,D5474200,PXMG,03/21/2026 7:38:02 AM,FDM404,8M6HM2_HVF,8M6HM2_HVF,07/24/2026 3:22:04 PM,8M6HM2_HVF,D1D,1,7670136
D547420,24,A22SS024SLA2,0,0.003723,0.01812,0,0,0,0,0.003475,0,0.005212,0.003723,0.001737,0.017623,0.003723,0,D5474200,PXMG,03/21/2026 7:38:02 AM,FDM404,8M6HM2_HVF,8M6HM2_HVF,07/24/2026 3:22:14 PM,8M6HM2_HVF,D1D,2,7670206
D548534,237,KJ6GQ237WFD5,0,0.005212,0.005212,0,0,0.005212,0,0.001737,0,0.001737,0.001737,0,0.012162,0.00695,,D5485340U,PXMG,03/26/2026 11:40:57 AM,FDM410,8M6HM2_HVF,8M6HM2_HVF,07/24/2026 3:20:28 PM,8M6HM2_HVF,D1D,1,8324565
D548534,242,KJ6GQ242WFB5,0,0.012162,0.0139,0.003475,0,0,0,0.003475,0,0.001737,0.003475,0,0.0139,0.001737,,D5485340U,PXMG,03/26/2026 11:40:57 AM,FDM410,8M6HM2_HVF,8M6HM2_HVF,07/24/2026 3:20:34 PM,8M6HM2_HVF,D1D,2,8326294
D548534,124,KJ6GQ124WFC0,0,0.004344,0.036487,0.001737,0,0.011294,0,0.003475,0,0,0,0,0,0.001737,0,D5485340T,PXMG,03/26/2026 12:00:25 PM,FDM404,8M6HM2_HVF,8M6HM2_HVF,07/24/2026 3:20:17 PM,8M6HM2_HVF,D1D,1,8324561
D548534,170,KJ6GQ170WFA1,0,0.012162,0.008687,0.003475,0,0.003475,0,0,0,0.001737,0,0,0.003475,0.005212,,D5485340T,PXMG,03/26/2026 12:00:25 PM,FDM404,8M6HM2_HVF,8M6HM2_HVF,07/24/2026 3:20:11 PM,8M6HM2_HVF,D1D,2,8325734
D548534,21,KJ6GQ021WFE7,0,0.003475,0.017375,0,0.010425,0.001737,0,0.003475,0,0,0,0,0.012162,0.017375,,D5485340,PXMG,03/26/2026 2:33:28 PM,FDM408,8M6HM2_HVF,8M6HM2_HVF,07/24/2026 3:20:17 PM,8M6HM2_HVF,D1D,1,7712369
D548534,44,KJ6GQ044WFE4,0,0,0.010425,0.001737,0.008687,0.005212,0,0.001737,0,0.003475,0.001737,0.001737,0.008687,0.02085,,D5485340,PXMG,03/26/2026 2:33:28 PM,FDM408,8M6HM2_HVF,8M6HM2_HVF,07/24/2026 3:20:18 PM,8M6HM2_HVF,D1D,2,7712418
D547428,833,GR0ZC833JDB0,0,0.00695,0.02085,0.005212,0.008687,0.00695,0,0.00695,0,0.005212,0.001737,0.003475,0.019112,0.050387,,D5474280,PXMG,03/27/2026 11:06:56 AM,FDM408,8M6HM2_HVF,8M6HM2_HVF,07/24/2026 3:20:19 PM,8M6HM2_HVF,D1D,1,7673532
D547428,836,GR0ZC836JDG3,0,0.009432,0.033012,0,0.001986,0.001737,0,0,0,0.005709,0,0,0,0.015886,0,D5474280,PXMG,03/27/2026 11:06:56 AM,FDM408,8M6HM2_HVF,8M6HM2_HVF,07/24/2026 3:20:17 PM,8M6HM2_HVF,D1D,2,7673550
D548513,64,GT4JT064JKC4,0,0.005212,0.017375,0,0,0.008687,0,0.001737,0,0.00695,0,0,0.003475,0.005212,,D5485130,PXMG,03/27/2026 10:46:16 AM,FDM402,8M6HM2_HVF,8M6HM2_HVF,07/24/2026 3:20:13 PM,8M6HM2_HVF,D1D,1,7706393
D548513,220,GT4JT220JKC5,0,0.014441,0.057024,0,0.004386,0.002193,0,0.001737,0,0.015353,0.00658,0,0.00658,0.030705,0,D5485130,PXMG,03/27/2026 10:46:16 AM,FDM402,8M6HM2_HVF,8M6HM2_HVF,07/24/2026 3:20:24 PM,8M6HM2_HVF,D1D,2,7706319
D548528,244,KJ69G244WFB2,0,0.015637,0.038225,0,0.003475,0.005212,0,0,0,0.005212,0.001737,0,0.00695,0.003475,,D5485280,PXMG,03/25/2026 7:36:29 AM,FDM408,8M6HM2_HVF,8M6HM2_HVF,07/24/2026 3:20:36 PM,8M6HM2_HVF,D1D,1,7709197
D548528,258,KJ69G258WFA5,0,0.011294,0.028669,0,0,0.001737,0,0.003475,0,0.003475,0.002606,0,0.001737,0.006081,0,D5485280,PXMG,03/25/2026 7:36:29 AM,FDM408,8M6HM2_HVF,8M6HM2_HVF,07/24/2026 3:20:40 PM,8M6HM2_HVF,D1D,2,7709224
D547432,53,KJ5DU053WFC6,0,0.00695,0.008687,0,0.001737,0.001737,0,0.001737,0,0.00695,0.001737,0,0.00695,0.005212,,D5474320,PXMG,03/25/2026 7:14:00 PM,FDM406,8M6HM2_HVF,8M6HM2_HVF,07/24/2026 3:20:40 PM,8M6HM2_HVF,D1D,1,7673712
D547432,75,KJ5DU075WFF4,0,0.001737,0.015637,0,0.001737,0.001737,0,0.001737,0,0.001737,0.003475,0,0,0.001737,,D5474320,PXMG,03/25/2026 7:14:00 PM,FDM406,8M6HM2_HVF,8M6HM2_HVF,07/24/2026 3:20:33 PM,8M6HM2_HVF,D1D,2,7673807
D548533,563,KJ6GR563WFF2,0,0.017375,0.050387,0.001737,0.005212,0.005212,0,0.003475,0,0.008687,0,0.001737,0.012162,0.00695,,D5485330,PXMG,03/23/2026 8:15:52 PM,FDM410,8M6HM2_HVF,8M6HM2_HVF,07/24/2026 3:21:08 PM,8M6HM2_HVF,D1D,1,7712702
D548533,609,KJ6GR609WFC7,0,0.003475,0.043437,0.001737,0.001737,0,0,0.003475,0,0,0,0,0.0417,0.0139,,D5485330,PXMG,03/23/2026 8:15:52 PM,FDM410,8M6HM2_HVF,8M6HM2_HVF,07/24/2026 3:21:02 PM,8M6HM2_HVF,D1D,2,7712640
D547446,29,KJ5DU029WFA0,0,0.001737,0.010425,0,0,0.010425,0,0.001737,0,0.00695,0.001737,0,0,0,,D5474460,PXMG,03/24/2026 12:54:51 AM,FDM410,8M6HM2_HVF,8M6HM2_HVF,07/24/2026 3:20:58 PM,8M6HM2_HVF,D1D,1,7675406
D547446,51,KJ5DU051WFB5,0,0.00682,0.011902,0,0,0.002541,0,0.002541,0,0.007623,0,0,0.086397,0.090675,0,D5474460,PXMG,03/24/2026 12:54:51 AM,FDM410,8M6HM2_HVF,8M6HM2_HVF,07/24/2026 3:21:07 PM,8M6HM2_HVF,D1D,2,7675369
D547422,518,KJ5DW518WFC3,0,0.019112,0.026062,0.001737,0,0.00695,0,0.003475,0,0.005212,0,0,0,0,,D5474220,PXMG,03/22/2026 7:12:52 AM,FDM404,8M6HM2_HVF,8M6HM2_HVF,07/24/2026 3:21:33 PM,8M6HM2_HVF,D1D,1,7670333
D547422,579,KJ5DY579WFE7,0,0.0139,0.019112,0.001737,0,0.005212,0,0.003475,0,0.001737,0,0,0,0,,D5474220,PXMG,03/22/2026 7:12:52 AM,FDM404,8M6HM2_HVF,8M6HM2_HVF,07/24/2026 3:21:26 PM,8M6HM2_HVF,D1D,2,7670530
D548524,95,KJ67F095WFB2,0,0.0139,0.0139,0.005212,0,0.005212,0,0.001737,0,0.001737,0.001737,0.003475,0.005212,0.001737,,D5485240,PXMG,03/22/2026 10:40:40 AM,FDM406,8M6HM2_HVF,8M6HM2_HVF,07/24/2026 3:21:30 PM,8M6HM2_HVF,D1D,1,7709065
D548524,103,KJ67F103WFD0,0,0.008687,0.0278,0,0,0,0,0,0,0.001737,0,0,0.001737,0.010425,,D5485240,PXMG,03/22/2026 10:40:40 AM,FDM406,8M6HM2_HVF,8M6HM2_HVF,07/24/2026 3:21:32 PM,8M6HM2_HVF,D1D,2,7708979
D547942,25,KJ67F025WFG5,0,0.022935,0.03614,0.003475,0,0.00695,0,0,0,0,0,0,0.0139,0.001737,0,D5479420,PXMG,03/22/2026 8:05:08 AM,FDM410,8M6HM2_HVF,8M6HM2_HVF,07/24/2026 3:21:26 PM,8M6HM2_HVF,D1D,1,7698937
D547942,38,KJ67F038WFB6,0,0.012162,0.017375,0.003475,0,0.003475,0,0.003475,0,0.005212,0,0,0.005212,0.005212,,D5479420,PXMG,03/22/2026 8:05:08 AM,FDM410,8M6HM2_HVF,8M6HM2_HVF,07/24/2026 3:21:38 PM,8M6HM2_HVF,D1D,2,7699025
D547435,14,KJ40U014WFA7,0,0.0139,0.02085,0.001737,0,0.019112,0,0,0,0.003475,0,0,0.003475,0.003475,,D5474350,PXMG,03/28/2026 9:34:01 PM,FDM402,8M6HM2_HVF,8M6HM2_HVF,08/01/2026 11:47:24 PM,8M6HM2_HVF,D1D,1,7673615
D547435,15,KJ40U015WFF1,0,0.015637,0.0278,0.001737,0.001737,0.005212,0,0.001737,0,0.003475,0,0,0.001737,0,,D5474350,PXMG,03/28/2026 9:34:01 PM,FDM402,8M6HM2_HVF,8M6HM2_HVF,07/24/2026 3:19:42 PM,8M6HM2_HVF,D1D,2,7673613
D547423,237,MCCYJ237WAD5,0,0.0139,0.0139,0,0,0.003475,0,0,0,0.003475,0,0,0,0,,D5474230,PXMG,04/01/2026 9:07:47 AM,FDM410,8M6HM2_HVF,8M6HM2_HVF,07/24/2026 3:44:58 PM,8M6HM2_HVF,D1D,1,7670120
D547423,238,MCCYJ238WAA4,0,0.015855,0.025411,0,0.001737,0.00543,0,0.001737,0,0.007167,0,0,0.001737,0.001737,0,D5474230,PXMG,04/01/2026 9:07:47 AM,FDM410,8M6HM2_HVF,8M6HM2_HVF,07/24/2026 3:45:00 PM,8M6HM2_HVF,D1D,2,7670172
D548506,253,KJ69G253WFB4,0,0.00695,0.0139,0.003475,0,0.005212,0,0.005212,0,0.005212,0.003475,0.001737,0.005212,0.001737,,D5485060,PXMG,03/30/2026 3:22:49 AM,FDM406,8M6HM2_HVF,8M6HM2_HVF,07/24/2026 3:19:18 PM,8M6HM2_HVF,D1D,1,7703699
D548506,255,KJ69G255WFC5,0,0.005907,0.026062,0.007645,0,0.007645,0,0.001737,0,0.005212,0.007645,0.001737,0.003475,0.00417,0,D5485060,PXMG,03/30/2026 3:22:49 AM,FDM406,8M6HM2_HVF,8M6HM2_HVF,07/24/2026 3:19:27 PM,8M6HM2_HVF,D1D,2,7703805
D547451,1,KJ57U001WFG4,0,0.008687,0.026062,0,0,0.003475,0,0.00695,0,0.003475,0,0,0.00695,0.001737,,D5474510,PXMG,03/29/2026 1:05:58 PM,FDM410,8M6HM2_HVF,8M6HM2_HVF,07/24/2026 3:19:36 PM,8M6HM2_HVF,D1D,1,7677692
D547451,46,KJ5DR046WFC4,0,0.005212,0.046912,0,0,0.001737,0,0.001737,0,0.003475,0,0,0.010425,0.003475,,D5474510,PXMG,03/29/2026 1:05:58 PM,FDM410,8M6HM2_HVF,8M6HM2_HVF,07/24/2026 3:19:45 PM,8M6HM2_HVF,D1D,2,7677657
D547941,229,GT2VQ229JKF5,0,0.0139,0.024325,0.005212,0.001737,0.005212,0,0.003475,0,0.001737,0,0,0.003475,0.00695,,D5479410,PXMG,04/05/2026 4:59:47 AM,FDM408,8M6HM2_HVF,8M6HM2_HVF,07/24/2026 3:44:21 PM,8M6HM2_HVF,D1D,1,7699180
D547941,232,GT2VQ232JKC4,0,0.019112,0.017375,0,0.005212,0.015637,0,0.003475,0,0.008687,0,0.001737,0.003475,0.003475,,D5479410,PXMG,04/05/2026 4:59:47 AM,FDM408,8M6HM2_HVF,8M6HM2_HVF,07/24/2026 3:44:27 PM,8M6HM2_HVF,D1D,2,7699230
D548518,56,A22JR056SLC2,0,0.003475,0.019112,0.003475,0,0.00695,0,0,0,0.00695,0.001737,0,0.005212,0,,D5485180,PXMG,04/11/2026 9:54:21 PM,FDM402,8M6HM2_HVF,8M6HM2_HVF,07/24/2026 3:42:54 PM,8M6HM2_HVF,D1D,1,7706565
D548518,58,A22JR058SLD3,0,0.005212,0.012162,0.003475,0,0.003475,0,0.001737,0,0,0,0,0.005212,0.001737,,D5485180,PXMG,04/11/2026 9:54:21 PM,FDM402,8M6HM2_HVF,8M6HM2_HVF,07/24/2026 3:43:04 PM,8M6HM2_HVF,D1D,2,7706480
D548523,23,KJ67F023WFF4,0,0.02085,0.045175,0.001737,0.003475,0.005212,0,0.001737,0,0.001737,0,0,0.001737,0.015637,0,D5485230,PXMG,04/13/2026 1:41:21 AM,FDM408,8M6HM2_HVF,8M6HM2_HVF,07/24/2026 3:42:51 PM,8M6HM2_HVF,D1D,1,7708939
D548523,51,KJ67F051WFD1,0,0.005212,0.010425,0,0.003475,0.001737,0,0.001737,0,0.003475,0.001737,0,0.003475,0.001737,,D5485230,PXMG,04/13/2026 1:41:21 AM,FDM408,8M6HM2_HVF,8M6HM2_HVF,07/24/2026 3:42:43 PM,8M6HM2_HVF,D1D,2,7708900
D547415,252,GT2VQ252JKE1,0,0.0139,0.031275,0.001737,0,0.005212,0,0.003475,0,0.005212,0,0,0.0139,0.003475,,D5474150,PXMG,04/19/2026 5:19:38 PM,FDM406,8M6HM2_HVF,8M6HM2_HVF,07/24/2026 3:40:46 PM,8M6HM2_HVF,D1D,1,7669064
D547415,253,GT2VQ253JKB0,0,0.005212,0.0417,0.001737,0,0,0,0,0,0.001737,0,0,0.008687,0.001737,,D5474150,PXMG,04/19/2026 5:19:38 PM,FDM406,8M6HM2_HVF,8M6HM2_HVF,08/02/2026 2:52:02 AM,8M6HM2_HVF,D1D,2,7669031
D610267,325,KJA9T325WFG3,0,0.010425,0.022587,0,0,0.001737,0,0.00695,0,0,0.001737,0,0.001737,0,,D6102670,PXMG,05/23/2026 5:40:26 PM,FDM404,8M6HM2_HVF,8M6HM2_HVF,08/10/2026 2:33:12 AM,8M6HM2_HVF,D1D,1,8206918
D610267,393,KJA9T393WFH2,0,0.00695,0.015637,0,0,0.003475,0,0,0,0.00695,0,0,0.001737,0,,D6102670,PXMG,05/23/2026 5:40:26 PM,FDM404,8M6HM2_HVF,8M6HM2_HVF,08/10/2026 3:11:02 AM,8M6HM2_HVF,D1D,2,8206976
D611315,704,MCLYY704WAC7,0,0.00695,0.017375,0,0,0.003475,0,0,0,0.001737,0.001737,0,0.001737,0.001737,,D6113150,PXMG,05/22/2026 2:03:29 AM,FDM410,8M6HM2_HVF,8M6HM2_HVF,08/02/2026 9:35:32 PM,8M6HM2_HVF,D1D,1,8228729
D611315,710,MCLYY710WAF1,0,0.00695,0.02085,0.005212,0,0.001737,0,0.001737,0,0,0,0,0.001737,0.003475,,D6113150,PXMG,05/22/2026 2:03:29 AM,FDM410,8M6HM2_HVF,8M6HM2_HVF,08/03/2026 8:59:17 PM,8M6HM2_HVF,D1D,2,8228621
D611333,577,KJAAB577WFB2,0,0.005212,0.029537,0,0,0.010425,0,0.001737,0,0.005212,0,0,0,0.001737,,D6113330,PXMG,05/22/2026 3:50:55 PM,FDM406,8M6HM2_HVF,8M6HM2_HVF,07/26/2026 1:19:44 PM,8M6HM2_HVF,D1D,1,8233346
D611333,595,KJAAB595WFB6,0,0.005212,0.03475,0,0,0.005212,0,0.001737,0,0.005212,0,0,0,0.005212,,D6113330,PXMG,05/22/2026 3:50:55 PM,FDM406,8M6HM2_HVF,8M6HM2_HVF,07/26/2026 1:19:49 PM,8M6HM2_HVF,D1D,2,8233229
D611302,325,MCMTK325WAB2,0,0.012315,0.037906,0,0.001732,0.001732,0,0,0,0.001732,0,0,0.012122,0.003464,0,D6113020,PNCB,05/27/2026 11:27:16 PM,FDM406,8M6HM2_HVF,8M6HM2_HVF,07/26/2026 1:18:29 PM,8M6HM2_HVF,D1D,1,8243343
D611302,326,MCMTK326WAF4,0,0,0,0,0,0,0,12.915239,0,0,0,0,0,0,0,D6113020,PNCB,05/27/2026 11:27:16 PM,FDM406,8M6HM2_HVF,8M6HM2_HVF,07/26/2026 1:22:29 PM,8M6HM2_HVF,D1D,2,8243276
D611318,39,MCMUB039WAC7,0,0.008687,0.026062,0,0,0.005212,0,0.003475,0,0.003475,0.001737,0,0.001737,0.003475,,D6113180,PXMG,05/26/2026 6:45:06 PM,FDM408,8M6HM2_HVF,8M6HM2_HVF,08/01/2026 9:27:26 AM,8M6HM2_HVF,D1D,1,8228750
D611318,42,MCMUB042WAH1,0,0.02085,0.033012,0,0,0.053862,0,0,0,0.00695,0.001737,0,0,0,,D6113180,PXMG,05/26/2026 6:45:06 PM,FDM408,8M6HM2_HVF,8M6HM2_HVF,08/01/2026 10:17:36 AM,8M6HM2_HVF,D1D,2,8228753
D611316,227,GU1PT227JKA6,0,0.019112,0.022587,0,0,0.015637,0,0,0,0.003475,0.001737,0,0.008687,0.003475,,D6113160,PXMG,05/28/2026 5:33:24 AM,FDM408,8M6HM2_HVF,8M6HM2_HVF,07/26/2026 1:18:28 PM,8M6HM2_HVF,D1D,1,8228825
D611316,228,GU1PT228JKF0,0,0.014247,0.052542,0,0,0.011467,0,0.002293,0,0.002293,0,0,0,0.002293,0,D6113160,PXMG,05/28/2026 5:33:24 AM,FDM408,8M6HM2_HVF,8M6HM2_HVF,07/26/2026 1:18:30 PM,8M6HM2_HVF,D1D,2,8228746
D611306,351,GU1PT351JKC5,0,0.020998,0.037947,0.001927,0.001927,0.034679,0,0,0,0.042385,0.001732,0.013486,0,0.007706,0,D6113060,PNCB,05/28/2026 12:02:56 AM,FDM406,8M6HM2_HVF,8M6HM2_HVF,07/26/2026 1:18:26 PM,8M6HM2_HVF,D1D,1,8243175
D611306,352,GU1PT352JKG7,0,0,0,0,0,0,0,13.125243,0,0,0,0,0,0,0,D6113060,PNCB,05/28/2026 12:02:56 AM,FDM406,8M6HM2_HVF,8M6HM2_HVF,07/26/2026 1:22:14 PM,8M6HM2_HVF,D1D,2,8243202
D611429,4,KJA9Y004WFF0,0,0.005195,0.036367,0,0,0,0,0.001732,0,0.001732,0,0,0,0,,D6114290,PNCB,05/28/2026 3:14:27 AM,FDM404,8M6HM2_HVF,8M6HM2_HVF,07/26/2026 1:18:29 PM,8M6HM2_HVF,D1D,1,8255822
D611429,45,KJA9Y045WFF1,0,0.015586,0.039831,0,0,0.005195,0,0.001732,0,0.001732,0.001732,0,0,0.001732,,D6114290,PNCB,05/28/2026 3:14:27 AM,FDM404,8M6HM2_HVF,8M6HM2_HVF,07/26/2026 1:18:26 PM,8M6HM2_HVF,D1D,2,8255913
D611299,1,KJAYY001WFH1,0,0.012122,0.032904,0,0,0.003464,0,0.001732,0,0.006927,0,0,0,0,,D6112990,PNCB,05/27/2026 6:13:35 AM,FDM404,8M6HM2_HVF,8M6HM2_HVF,07/26/2026 1:18:42 PM,8M6HM2_HVF,D1D,1,8240584
D611299,2,KJAYY002WFE0,0,0.006927,0.039831,0,0,0.001732,0,0,0,0.005195,0,0,0.001732,0,,D6112990,PNCB,05/27/2026 6:13:35 AM,FDM404,8M6HM2_HVF,8M6HM2_HVF,07/26/2026 1:18:50 PM,8M6HM2_HVF,D1D,2,8240468
D611310,110,MCLPG110WAG1,0,0.005212,0.024325,0.001737,0,0.003475,0,0,0,0.003475,0,0,0.001737,0.008687,,D6113100,PXMG,05/26/2026 7:20:34 AM,FDM404,8M6HM2_HVF,8M6HM2_HVF,08/01/2026 11:59:17 AM,8M6HM2_HVF,D1D,1,8228858
D611310,112,MCLPG112WAH2,0,0.008687,0.024325,0,0,0.02085,0,0.001737,0,0,0.003475,0,0,0.001737,,D6113100,PXMG,05/26/2026 7:20:34 AM,FDM404,8M6HM2_HVF,8M6HM2_HVF,07/26/2026 1:19:03 PM,8M6HM2_HVF,D1D,2,8228678
D611296,601,5DXKO601MVB1,0,0,0.013854,0,0,0.006927,0,0,0,0.005195,0.001732,0,0,0.003464,,D6112960,PNCB,05/25/2026 10:18:14 AM,FDM402,8M6HM2_HVF,8M6HM2_HVF,07/26/2026 1:19:10 PM,8M6HM2_HVF,D1D,1,8240599
D611296,608,5DXKO608MVB3,0,0.008898,0.010629,0.001791,0,0.016123,0,0,0,0.010749,0,0.001791,0.003583,0.003583,0,D6112960,PNCB,05/25/2026 10:18:14 AM,FDM402,8M6HM2_HVF,8M6HM2_HVF,07/26/2026 1:19:15 PM,8M6HM2_HVF,D1D,2,8240537
D611322,440,MCMMK440WAE0,0,0.003475,0.005212,0.001737,0,0.005212,0,0,0,0.003475,0.003475,0,0.001737,0,,D6113220,PXMG,05/26/2026 11:07:25 AM,FDM408,8M6HM2_HVF,8M6HM2_HVF,08/01/2026 11:23:11 AM,8M6HM2_HVF,D1D,1,8229550
D611322,461,MCMMK461WAC4,0,0.010425,0.0139,0,0,0.003475,0,0.001737,0,0.003475,0.001737,0,0.005212,0,,D6113220,PXMG,05/26/2026 11:07:25 AM,FDM408,8M6HM2_HVF,8M6HM2_HVF,07/26/2026 1:18:56 PM,8M6HM2_HVF,D1D,2,8229449
D611288,28,A2AMA028SLF7,0,0.005195,0.022513,0,0,0.005195,0,0,0,0,0,0,0.003464,0.003464,,D6112880,PNCB,05/30/2026 5:15:06 PM,FDM404,8M6HM2_HVF,8M6HM2_HVF,07/26/2026 1:18:50 PM,8M6HM2_HVF,D1D,1,8239013
D611288,29,A2AMA029SLC6,0,0.012682,0.101055,0,0,0.005435,0,0,0,0.005355,0.003464,0,0.001812,0.001812,0,D6112880,PNCB,05/30/2026 5:15:06 PM,FDM404,8M6HM2_HVF,8M6HM2_HVF,07/26/2026 1:39:49 PM,8M6HM2_HVF,D1D,2,8238914
D611317,426,GU1PU426JKC4,0,0.005212,0.024325,0,0,0.001737,0,0.001737,0,0.001737,0,0,0,0,,D6113170,PXMG,05/24/2026 11:02:12 AM,FDM410,8M6HM2_HVF,8M6HM2_HVF,08/02/2026 5:03:47 AM,8M6HM2_HVF,D1D,1,8228798
D611317,429,GU1PU429JKA4,0,0.007471,0.066719,0.001737,0,0.001737,0,0.001737,0,0.001737,0.005734,0,0.001737,0,0,D6113170,PXMG,05/24/2026 11:02:12 AM,FDM410,8M6HM2_HVF,8M6HM2_HVF,08/02/2026 4:56:40 AM,8M6HM2_HVF,D1D,2,8228859
D611341,617,5DXKO617MVB5,0,0.012162,0.041352,0,0,0.014247,0,0.001737,0,0.003475,0,0,0.012162,0.005212,0,D6113410,PXMG,05/29/2026 1:36:15 AM,FDM404,8M6HM2_HVF,8M6HM2_HVF,08/01/2026 6:34:01 AM,8M6HM2_HVF,D1D,1,8234501
D611341,635,5DXKO635MVC1,0,0.017375,0.022587,0,0,0.019112,0,0.001737,0,0.005212,0,0,0.005212,0,,D6113410,PXMG,05/29/2026 1:36:15 AM,FDM404,8M6HM2_HVF,8M6HM2_HVF,08/01/2026 7:48:54 AM,8M6HM2_HVF,D1D,2,8234564
D611329,57,MCLPG057WAD1,0,0.010425,0.017375,0.001737,0,0.001737,0,0.001737,0,0,0,0,0.008687,0.001737,,D6113290,PXMG,05/30/2026 1:45:26 AM,FDM404,8M6HM2_HVF,8M6HM2_HVF,08/26/2026 3:41:43 PM,8M6HM2_HVF,D1D,1,8233219
D611329,99,MCLPG099WAA1,0,0.008687,0.029537,0,0,0.008687,0,0,0,0.003475,0,0,0.001737,0.001737,,D6113290,PXMG,05/30/2026 1:45:26 AM,FDM404,8M6HM2_HVF,8M6HM2_HVF,08/26/2026 3:38:34 PM,8M6HM2_HVF,D1D,2,8233283
D611312,63,MCLPG063WAF3,0,0.001737,0.010425,0,0,0.005212,0,0.001737,0,0.001737,0.005212,0,0.001737,0,,D6113120,PXMG,05/29/2026 5:48:36 AM,FDM404,8M6HM2_HVF,8M6HM2_HVF,08/01/2026 6:41:36 AM,8M6HM2_HVF,D1D,1,8228869
D611312,69,MCLPG069WAB3,0,0.00695,0.019112,0.001737,0,0.003475,0,0.001737,0,0.003475,0,0,0.005212,0.003475,,D6113120,PXMG,05/29/2026 5:48:36 AM,FDM404,8M6HM2_HVF,8M6HM2_HVF,08/01/2026 7:22:42 AM,8M6HM2_HVF,D1D,2,8228726
D611323,28,MCLXP028WAG4,0,0.008687,0.008687,0.001737,0,0.003475,0,0.001737,0,0.005212,0,0.001737,0,0.001737,,D6113230,PXMG,05/29/2026 1:50:06 AM,FDM404,8M6HM2_HVF,8M6HM2_HVF,08/12/2026 12:23:25 PM,8M6HM2_HVF,D1D,1,8229827
D611323,29,MCLXP029WAD3,0,0.00695,0.010425,0.001737,0.003475,0.003475,0,0.001737,0,0.001737,0,0,0,0.001737,,D6113230,PXMG,05/29/2026 1:50:06 AM,FDM404,8M6HM2_HVF,8M6HM2_HVF,08/12/2026 12:27:43 PM,8M6HM2_HVF,D1D,2,8229726
D611344,424,5DXKS424MVE0,0,0.00695,0.00695,0.005212,0.001737,0.005212,0,0.001737,0,0,0,0,0.001737,0.010425,,D6113440,PXMG,06/05/2026 6:36:24 PM,FDM402,8M6HM2_HVF,8M6HM2_HVF,08/02/2026 7:11:44 AM,8M6HM2_HVF,D1D,1,8234314
D611344,430,5DXKS430MVG2,0,0.003475,0.015637,0.001737,0.001737,0.003475,0,0,0,0,0,0,0.012162,0.003475,,D6113440,PXMG,06/05/2026 6:36:24 PM,FDM402,8M6HM2_HVF,8M6HM2_HVF,08/02/2026 12:52:58 PM,8M6HM2_HVF,D1D,2,8234520
D611287,51,A28GD051SLA1,0,0.016081,0.035872,0,0,0.001732,0,0.003464,0,0.006927,0,0,0.001732,0,0,D6112870,PNCB,06/01/2026 3:09:57 AM,FDM404,8M6HM2_HVF,8M6HM2_HVF,07/27/2026 9:51:35 PM,8M6HM2_HVF,D1D,1,8238905
D611287,164,A28GD164SLB6,0,0.008082,0.021358,0.001732,0,0.006927,0,0,0,0.013854,0,0,0.001732,0.005195,0,D6112870,PNCB,06/01/2026 3:09:57 AM,FDM404,8M6HM2_HVF,8M6HM2_HVF,07/28/2026 9:18:11 PM,8M6HM2_HVF,D1D,2,8238965
D611308,126,A2AL6126SLE1,0,0.008659,0.022513,0,0,0,0,0.001732,0,0,0.001732,0,0.003464,0.003464,,D6113080,PNCB,06/03/2026 7:56:55 PM,FDM410,8M6HM2_HVF,8M6HM2_HVF,07/28/2026 7:03:05 PM,8M6HM2_HVF,D1D,1,8243290
D611308,128,A2AL6128SLF2,0,0.008659,0.056975,0,0.001732,0.008832,0,0,0,0,0,0,0,0.005195,0,D6113080,PNCB,06/03/2026 7:56:55 PM,FDM410,8M6HM2_HVF,8M6HM2_HVF,07/28/2026 6:56:46 PM,8M6HM2_HVF,D1D,2,8243206
D611303,368,GU1PT368JKA0,0,0.013854,0.061304,0.008486,0.001732,0.018876,0,0,0,0.013681,0.013681,0,0.005195,0.013854,0,D6113030,PNCB,06/05/2026 11:16:46 AM,FDM410,8M6HM2_HVF,8M6HM2_HVF,08/02/2026 9:23:03 AM,8M6HM2_HVF,D1D,1,8243250
D611303,369,GU1PT369JKE2,0,0.010391,0.072734,0,0,0,0,0.005195,0,0.005195,0.001732,0.001732,0,0.003464,,D6113030,PNCB,06/05/2026 11:16:46 AM,FDM410,8M6HM2_HVF,8M6HM2_HVF,07/26/2026 2:23:26 PM,8M6HM2_HVF,D1D,2,8243063
D611303,372,GU1PT372JKB1,0,0.013854,0.065807,0,0,0,0,0.001732,0,0,0.005195,0.013854,0,0,,D6113030,PNCB,06/05/2026 11:16:46 AM,FDM410,8M6HM2_HVF,8M6HM2_HVF,08/02/2026 6:25:12 AM,8M6HM2_HVF,D1D,3,8243232
D611303,376,GU1PT376JKD3,0,0.014374,0.082519,0.003593,0.003593,0.01617,0,0.003593,0,0.003593,0.00539,0,0,0.014374,0,D6113030,PNCB,06/05/2026 11:16:46 AM,FDM410,8M6HM2_HVF,8M6HM2_HVF,08/02/2026 7:29:56 AM,8M6HM2_HVF,D1D,4,8243197
D611289,14,A2BJ8014SLD3,0,0.005195,0.024245,0,0,0.005195,0,0,0,0.001732,0.001732,0,0.001732,0,,D6112890,PNCB,06/03/2026 11:56:52 AM,FDM410,8M6HM2_HVF,8M6HM2_HVF,07/31/2026 12:43:03 AM,8M6HM2_HVF,D1D,1,8238821
D611289,18,A2BJ8018SLF5,0,0.01961,0.016044,0.001783,0,0.010696,0,0,0,0.008812,0.001783,0,0.001783,0.003565,0,D6112890,PNCB,06/03/2026 11:56:52 AM,FDM410,8M6HM2_HVF,8M6HM2_HVF,07/31/2026 4:22:20 AM,8M6HM2_HVF,D1D,2,8238836
D611307,58,A29M4058SLG7,0,0.012122,0.012122,0,0,0.006927,0,0.005195,0,0.003464,0,0,0.005195,0.019049,,D6113070,PNCB,06/03/2026 7:11:28 AM,FDM408,8M6HM2_HVF,8M6HM2_HVF,07/30/2026 11:13:28 AM,8M6HM2_HVF,D1D,1,8243350
D611307,61,A29M4061SLD6,0,0.010391,0.013854,0.001732,0,0,0,0,0,0,0,0,0,0.005195,,D6113070,PNCB,06/03/2026 7:11:28 AM,FDM408,8M6HM2_HVF,8M6HM2_HVF,07/31/2026 7:40:41 PM,8M6HM2_HVF,D1D,2,8243242
D611301,323,MCMTK323WAA1,0,0.019049,0.034635,0,0.001732,0.005195,0,0.003464,0,0.010391,0.001732,0,0.006927,0.003464,,D6113010,PNCB,05/31/2026 10:34:27 PM,FDM408,8M6HM2_HVF,8M6HM2_HVF,07/27/2026 10:09:38 PM,8M6HM2_HVF,D1D,1,8243060
D611301,349,MCMTK349WAF1,0,0.021638,0.057434,0,0,0.016054,0,0.00688,0,0.004587,0.006581,0,0.002293,0.002293,0,D6113010,PNCB,05/31/2026 10:34:27 PM,FDM408,8M6HM2_HVF,8M6HM2_HVF,07/29/2026 2:53:26 AM,8M6HM2_HVF,D1D,2,8243277
D611393,18,KJAYY018WFE4,0,0.035436,0.356852,0,0,0.004741,0,0,0,0,0,0,0.004741,0,0,D6113930,PNCB,06/01/2026 3:47:12 PM,FDM408,8M6HM2_HVF,8M6HM2_HVF,08/18/2026 2:26:36 AM,8M6HM2_HVF,D1D,1,8255972
D611393,19,KJAYY019WFB3,0,0.030955,0.312064,0,0,0,0,0,0,0.002771,0,0.004026,0,0,0,D6113930,PNCB,06/01/2026 3:47:12 PM,FDM408,8M6HM2_HVF,8M6HM2_HVF,08/15/2026 11:21:41 AM,8M6HM2_HVF,D1D,2,8255966
D611336,40,KJAAE040WFA3,0,0.001737,0.010425,0,0.001737,0.010425,0,0.003475,0,0.001737,0,0,0.001737,0.003475,,D6113360M,PXMG,06/12/2026 9:26:33 AM,FDM404,8M6HM2_HVF,8M6HM2_HVF,08/14/2026 11:49:10 AM,8M6HM2_HVF,D1D,1,8751856
D611336,62,KJAAE062WFD1,0,0.017375,0.043437,0,0,0.0139,0,0.003475,0,0.005212,0.001737,0,0.001737,0.003475,,D6113360M,PXMG,06/12/2026 9:26:33 AM,FDM404,8M6HM2_HVF,8M6HM2_HVF,08/14/2026 11:32:15 AM,8M6HM2_HVF,D1D,2,8751875
D611336,64,KJAAE064WFE2,0,0.008687,0.03475,0,0,0.003475,0,0.00695,0,0.00695,0,0,0.001737,0.00695,,D6113360M,PXMG,06/12/2026 9:26:33 AM,FDM404,8M6HM2_HVF,8M6HM2_HVF,08/13/2026 11:39:40 PM,8M6HM2_HVF,D1D,3,8751877
D611336,87,KJAAE087WFD7,0,0.010425,0.039962,0.001737,0,0.00695,0,0.001737,0,0.003475,0.001737,0,0.003475,0.005212,,D6113360M,PXMG,06/12/2026 9:26:33 AM,FDM404,8M6HM2_HVF,8M6HM2_HVF,08/13/2026 11:25:11 PM,8M6HM2_HVF,D1D,4,8751860
D611311,2,MCLPG002WAD5,0,0.0417,0.039962,0,0,0,0,0.001737,0,0,0.003475,0,0.005212,0.003475,,D6113110,PXMG,06/12/2026 1:05:28 AM,FDM402,8M6HM2_HVF,8M6HM2_HVF,08/27/2026 12:18:40 PM,8M6HM2_HVF,D1D,1,8229007
D611311,21,MCLPG021WAB0,0,0.019112,0.064287,0.001737,0,0.005212,0,0,0,0.010425,0.005212,0,0,0,0,D6113110,PXMG,06/12/2026 1:05:28 AM,FDM402,8M6HM2_HVF,8M6HM2_HVF,08/27/2026 12:22:13 PM,8M6HM2_HVF,D1D,2,8228813
D611330,338,KJAYR338WFA7,0,0.00973,0.023282,0.001737,0,0.004865,0,0.001737,0,0.010425,0.009382,0,0.008687,0.00834,0,D6113300,PXMG,06/12/2026 6:21:29 PM,FDM402,8M6HM2_HVF,8M6HM2_HVF,08/12/2026 6:19:54 PM,8M6HM2_HVF,D1D,1,8233276
D611330,415,KJAYR415WFA3,0,0.014942,0.028669,0,0.005212,0.005212,0,0,0,0.001737,0,0,0.001737,0.003301,0,D6113300,PXMG,06/12/2026 6:21:29 PM,FDM402,8M6HM2_HVF,8M6HM2_HVF,08/12/2026 9:51:15 AM,8M6HM2_HVF,D1D,2,8233391
D611324,267,GU1PT267JKE0,0,0.008687,0.0139,0.003475,0,0.003475,0,0,0,0.008687,0,0,0,0.001737,,D6113240J,PXMG,06/11/2026 3:56:03 PM,FDM404,8M6HM2_HVF,8M6HM2_HVF,08/26/2026 2:49:56 PM,8M6HM2_HVF,D1D,1,8748465
D611324,269,GU1PT269JKF1,0,0.001737,0.0417,0.001737,0.001737,0.005212,0,0,0,0.003475,0,0,0.010425,0,0,D6113240J,PXMG,06/11/2026 3:56:03 PM,FDM404,8M6HM2_HVF,8M6HM2_HVF,08/25/2026 8:28:09 AM,8M6HM2_HVF,D1D,2,8748450
D611324,270,GU1PT270JKA7,0,0.0139,0.008687,0.001737,0.001737,0.003475,0,0.003475,0,0.005212,0,0,0,0.001737,,D6113240J,PXMG,06/11/2026 3:56:03 PM,FDM404,8M6HM2_HVF,8M6HM2_HVF,08/26/2026 2:03:45 PM,8M6HM2_HVF,D1D,3,8748449
D611324,275,GU1PT275JKA0,0,0.005212,0.02641,0.001737,0,0.003996,0,0.003996,0,0,0.015985,0,0,0.005212,0,D6113240J,PXMG,06/11/2026 3:56:03 PM,FDM404,8M6HM2_HVF,8M6HM2_HVF,08/26/2026 2:02:48 PM,8M6HM2_HVF,D1D,4,8748467
D611326,48,A2AFY048SLC7,0,0.008687,0.043437,0,0,0.010425,0,0.001737,0,0.00695,0.001737,0,0.005212,0.001737,,D6113260N,PXMG,06/11/2026 8:55:32 PM,FDM404,8M6HM2_HVF,8M6HM2_HVF,08/14/2026 5:22:25 PM,8M6HM2_HVF,D1D,1,8745696
D611326,66,A29ZA066SLC4,0,0.008861,0.044827,0.001737,0,0.007124,0,0.001737,0,0.003475,0,0,0,0.001737,0,D6113260N,PXMG,06/11/2026 8:55:32 PM,FDM404,8M6HM2_HVF,8M6HM2_HVF,08/14/2026 5:37:24 PM,8M6HM2_HVF,D1D,2,8745711
D611326,82,A2BDY082SLG0,0,0.015637,0.026062,0.001737,0.001737,0.005212,0,0.00695,0,0.001737,0,0,0.001737,0.003475,,D6113260N,PXMG,06/11/2026 8:55:32 PM,FDM404,8M6HM2_HVF,8M6HM2_HVF,08/16/2026 5:24:07 PM,8M6HM2_HVF,D1D,3,8745620
D611326,203,A2AQR203SLH0,0,0.003475,0.036487,0.003475,0,0.003475,0,0.003475,0,0.005212,0,0,0.003475,0,,D6113260N,PXMG,06/11/2026 8:55:32 PM,FDM404,8M6HM2_HVF,8M6HM2_HVF,08/16/2026 5:35:07 PM,8M6HM2_HVF,D1D,4,8745712
D611327,93,A29TR093SLG3,0,0.005212,0.010425,0.003475,0,0.001737,0,0.001737,0,0.003475,0.001737,0,0.003475,0.008687,,D6113270,PXMG,06/10/2026 4:23:07 PM,FDM410,8M6HM2_HVF,8M6HM2_HVF,08/10/2026 3:39:22 AM,8M6HM2_HVF,D1D,1,8229624
D611327,98,A29TR098SLF4,0,0.00695,0.02085,0.001737,0,0.012162,0,0,0,0.00695,0,0,0,0.005212,,D6113270,PXMG,06/10/2026 4:23:07 PM,FDM410,8M6HM2_HVF,8M6HM2_HVF,08/07/2026 10:32:24 PM,8M6HM2_HVF,D1D,2,8229378
D611324,265,GU1PT265JKC7,0,0.005212,0.010425,0,0.001737,0.0139,0,0.003475,0,0.015637,0.001737,0.001737,0.001737,0.008687,,D6113240,PXMG,06/10/2026 12:34:49 AM,FDM410,8M6HM2_HVF,8M6HM2_HVF,07/26/2026 2:22:18 PM,8M6HM2_HVF,D1D,1,8229455
D611324,266,GU1PT266JKH1,0,0.014467,0.032126,0,0,0.014396,0,0.007234,0,0.023438,0,0.003617,0.003617,0.003617,0,D6113240,PXMG,06/10/2026 12:34:49 AM,FDM410,8M6HM2_HVF,8M6HM2_HVF,08/30/2026 8:00:24 AM,8M6HM2_HVF,D1D,2,8229544
D611326,43,A2CJQ043SLB6,0,0.003475,0.038225,0.005212,0,0.012162,0,0.001737,0,0.005212,0,0,0.005212,0.001737,,D6113260,PXMG,06/09/2026 7:16:55 PM,FDM402,8M6HM2_HVF,8M6HM2_HVF,08/15/2026 2:03:25 PM,8M6HM2_HVF,D1D,1,8229609
D611326,45,A2AFY045SLE7,0,0.003475,0.039962,0,0.001737,0.001737,0,0.001737,0,0.001737,0,0,0.005212,0.005212,,D6113260,PXMG,06/09/2026 7:16:55 PM,FDM402,8M6HM2_HVF,8M6HM2_HVF,08/16/2026 5:54:20 PM,8M6HM2_HVF,D1D,2,8229469
D611345,439,5DXKS439MVA2,0,0.012162,0.017375,0.005212,0,0.012162,0,0,0,0.005212,0.003475,0,0.001737,0,,D6113450,PXMG,06/09/2026 7:48:54 PM,FDM408,8M6HM2_HVF,8M6HM2_HVF,08/12/2026 12:34:54 AM,8M6HM2_HVF,D1D,1,8234536
D611345,443,5DXKS443MVB3,0,0.008687,0.019112,0,0,0.00695,0,0,0,0.00695,0,0,0.005212,0.001737,,D6113450,PXMG,06/09/2026 7:48:54 PM,FDM408,8M6HM2_HVF,8M6HM2_HVF,08/10/2026 2:59:15 AM,8M6HM2_HVF,D1D,2,8234421
D611335,33,KJAAA033WFH1,0,0.003475,0.008687,0,0,0.001737,0,0.00695,0,0.0139,0,0,0.00695,0.003475,,D6113350M,PXMG,06/10/2026 3:46:51 AM,FDM408,8M6HM2_HVF,8M6HM2_HVF,08/26/2026 6:57:56 AM,8M6HM2_HVF,D1D,1,8737443
D611335,37,KJAAA037WFC0,0,0.008687,0.012162,0,0.001737,0.012162,0,0.001737,0,0.005212,0,0,0.001737,0.00695,,D6113350M,PXMG,06/10/2026 3:46:51 AM,FDM408,8M6HM2_HVF,8M6HM2_HVF,08/26/2026 3:27:26 PM,8M6HM2_HVF,D1D,2,8737394
D611335,51,KJAAA051WFA2,0,0.001737,0.026062,0.003475,0,0.001737,0,0.001737,0,0.005212,0,0.001737,0.003475,0.003475,,D6113350M,PXMG,06/10/2026 3:46:51 AM,FDM408,8M6HM2_HVF,8M6HM2_HVF,08/26/2026 4:33:33 PM,8M6HM2_HVF,D1D,3,8737390
D611335,60,KJAAA060WFA4,0,0.001737,0.00695,0.001737,0,0.003475,0,0.001737,0,0,0,0,0.001737,0.00695,,D6113350M,PXMG,06/10/2026 3:46:51 AM,FDM408,8M6HM2_HVF,8M6HM2_HVF,08/26/2026 2:42:37 PM,8M6HM2_HVF,D1D,4,8737431
D611336,3,KJAAE003WFC4,0,0.007297,0.026931,0,0.001911,0.001737,0,0,0,0.005386,0.003649,0,0.001737,0,0,D6113360,PXMG,06/10/2026 3:55:56 PM,FDM410,8M6HM2_HVF,8M6HM2_HVF,08/13/2026 11:33:23 PM,8M6HM2_HVF,D1D,1,8233292
D611336,91,KJAAE091WFF0,0,0.014893,0.043934,0.008687,0,0.01663,0,0.003475,0,0.008687,0.001737,0,0.003475,0.011418,0,D6113360,PXMG,06/10/2026 3:55:56 PM,FDM410,8M6HM2_HVF,8M6HM2_HVF,08/13/2026 11:34:07 PM,8M6HM2_HVF,D1D,2,8233262
D611332,35,KJAZA035WFC1,0,0.007471,0.037703,0,0,0,0,0,0,0,0,0,0.003475,0,0,D6113320,PXMG,06/08/2026 4:55:32 AM,FDM408,8M6HM2_HVF,8M6HM2_HVF,08/27/2026 11:43:19 AM,8M6HM2_HVF,D1D,1,8233151
D611332,48,KJAZA048WFE5,0,0.010425,0.0417,0,0,0.001737,0,0.001737,0,0.005212,0.001737,0,0,0.001737,,D6113320,PXMG,06/08/2026 4:55:32 AM,FDM408,8M6HM2_HVF,8M6HM2_HVF,08/25/2026 7:22:34 AM,8M6HM2_HVF,D1D,2,8233110
D611335,12,KJAAA012WFB2,0,0.00556,0.030232,0.001737,0.001737,0.001737,0,0,0,0.003822,0,0,0.010772,0.015637,0,D6113350,PXMG,06/08/2026 9:58:58 AM,FDM410,8M6HM2_HVF,8M6HM2_HVF,07/26/2026 2:22:40 PM,8M6HM2_HVF,D1D,1,8233302
D611335,13,KJAAA013WFF4,0,0.003475,0.022587,0.001737,0,0.010425,0,0,0,0.001737,0,0,0.001737,0.003475,,D6113350,PXMG,06/08/2026 9:58:58 AM,FDM410,8M6HM2_HVF,8M6HM2_HVF,07/26/2026 2:22:31 PM,8M6HM2_HVF,D1D,2,8233445
D611291,798,KJAYE798WFE6,0,0.012122,0.003464,0,0,0.015586,0,0,0,0.010391,0,0,0.005195,0.001732,,D6112910,PNCB,06/08/2026 9:17:54 PM,FDM404,8M6HM2_HVF,8M6HM2_HVF,08/04/2026 3:26:07 AM,8M6HM2_HVF,D1D,1,8238994
D611291,819,KJAYE819WFB5,0,0.026088,0.036311,0,0,0.012569,0,0.007542,0,0.004246,0.006759,0,0.001732,0,0,D6112910,PNCB,06/08/2026 9:17:54 PM,FDM404,8M6HM2_HVF,8M6HM2_HVF,08/03/2026 1:26:59 AM,8M6HM2_HVF,D1D,2,8238855
D611334,282,KJAYT282WFG7,0,0.003475,0.045175,0.005212,0,0.008687,0,0.001737,0,0.0139,0,0,0.003475,0,,D6113340,PXMG,06/07/2026 10:08:57 AM,FDM402,8M6HM2_HVF,8M6HM2_HVF,07/26/2026 2:23:38 PM,8M6HM2_HVF,D1D,1,8233423
D611334,315,KJAYT315WFC0,0,0,0.045175,0,0,0.00695,0,0.003475,0,0.001737,0,0,0,0.001737,0,D6113340,PXMG,06/07/2026 10:08:57 AM,FDM402,8M6HM2_HVF,8M6HM2_HVF,07/26/2026 2:23:20 PM,8M6HM2_HVF,D1D,2,8233333
D611334,318,KJAYT318WFA0,0,0.003475,0.015637,0.001737,0.003475,0.003475,0,0,0,0,0,0,0,0,,D6113340,PXMG,06/07/2026 8:03:29 AM,FDM404,8M6HM2_HVF,8M6HM2_HVF,07/26/2026 2:23:32 PM,8M6HM2_HVF,D1D,3,8233340
D611334,329,KJAYT329WFB3,0,0.001737,0.019112,0,0.001737,0.005212,0,0.001737,0,0.001737,0,0,0.001737,0.003475,,D6113340,PXMG,06/07/2026 8:03:29 AM,FDM404,8M6HM2_HVF,8M6HM2_HVF,07/26/2026 2:23:44 PM,8M6HM2_HVF,D1D,4,8233443
D611342,73,A2BN9073SLB5,0,0.017375,0.024325,0.005212,0.001737,0.038225,0,0,0,0.00695,0,0,0.0139,0.02085,,D6113420,PXMG,06/07/2026 9:30:42 AM,FDM404,8M6HM2_HVF,8M6HM2_HVF,08/16/2026 6:05:50 PM,8M6HM2_HVF,D1D,1,8234395
D611342,127,A2CD1127SLB0,0,0.008687,0.0278,0.001737,0.001737,0.003475,0,0.001737,0,0.001737,0.001737,0,0.005212,0.00695,,D6113420,PXMG,06/07/2026 9:30:42 AM,FDM404,8M6HM2_HVF,8M6HM2_HVF,07/26/2026 2:15:00 PM,8M6HM2_HVF,D1D,2,8234496
D611325,77,A2BR6077SLA0,0,0.029537,0.017375,0,0,0.012162,0,0,0,0.0278,0,0,0,0,,D6113250,PXMG,06/07/2026 6:03:10 AM,FDM410,8M6HM2_HVF,8M6HM2_HVF,08/29/2026 1:48:25 AM,8M6HM2_HVF,D1D,1,8229498
D611325,78,A2BR6078SLE2,0,0.008687,0.046526,0.013128,0,0.001737,0,0,0,0.003475,0.005406,0,0.00695,0.006178,0,D6113250,PXMG,06/07/2026 6:03:10 AM,FDM410,8M6HM2_HVF,8M6HM2_HVF,08/29/2026 3:59:57 AM,8M6HM2_HVF,D1D,2,8229593
D611331,2,KJAAE002WFF5,0,0.00695,0.02085,0,0,0,0,0.001737,0,0.003475,0,0,0.001737,0,,D6113310,PXMG,06/07/2026 10:43:05 AM,FDM404,8M6HM2_HVF,8M6HM2_HVF,08/12/2026 1:37:55 PM,8M6HM2_HVF,D1D,1,8233347
D611331,17,KJAAE017WFB7,0,0.00695,0.010425,0,0,0.010425,0,0,0,0.001737,0.001737,0,0.001737,0.001737,,D6113310,PXMG,06/07/2026 10:43:05 AM,FDM404,8M6HM2_HVF,8M6HM2_HVF,08/12/2026 1:21:06 PM,8M6HM2_HVF,D1D,2,8233407
D611348,476,GU1PT476JKC4,0,0,0.035792,0,0.003475,0.003475,0,0.001737,0,0.001737,0.003822,0,0.001737,0.00556,0,D6113480,PXMG,06/13/2026 9:15:34 AM,FDM408,8M6HM2_HVF,8M6HM2_HVF,08/05/2026 2:36:42 PM,8M6HM2_HVF,D1D,1,8239186
D611348,477,GU1PT477JKG6,0,0.005212,0.022587,0,0,0,0,0.003475,0,0,0,0,0.001737,0.003475,,D6113480,PXMG,06/13/2026 9:15:34 AM,FDM408,8M6HM2_HVF,8M6HM2_HVF,08/07/2026 7:26:10 AM,8M6HM2_HVF,D1D,2,8239172
D611339,239,KJAYT239WFG6,0,0.00695,0.017375,0,0,0,0,0.001737,0,0.001737,0,0,0.005212,0,,D6113390,PXMG,06/13/2026 10:38:28 PM,FDM402,8M6HM2_HVF,8M6HM2_HVF,08/25/2026 7:36:02 AM,8M6HM2_HVF,D1D,1,8234517
D611339,264,KJAYT264WFG3,0,0.005212,0.017375,0.001737,0,0.003475,0,0,0,0.008687,0,0,0.001737,0,,D6113390,PXMG,06/13/2026 10:38:28 PM,FDM402,8M6HM2_HVF,8M6HM2_HVF,08/26/2026 5:42:18 PM,8M6HM2_HVF,D1D,2,8234551
D611328,346,MCMTH346WAG0,0,0.015637,0.058727,0.001737,0,0.017375,0,0.003475,0,0.00695,0,0,0.00556,0.005212,0,D6113280,PXMG,06/17/2026 8:27:49 PM,FDM404,8M6HM2_HVF,8M6HM2_HVF,08/26/2026 7:22:42 AM,8M6HM2_HVF,D1D,1,8233054
D611328,359,MCMTH359WAB1,0,0.015848,0.03525,0.001764,0,0.042305,0,0,0,0.01411,0,0,0.005291,0.007055,0,D6113280,PXMG,06/17/2026 8:27:49 PM,FDM404,8M6HM2_HVF,8M6HM2_HVF,08/26/2026 1:51:41 PM,8M6HM2_HVF,D1D,2,8233038
D611430,5,A2BS5005SLG7,0,0.006927,0.022513,0.003464,0,0.008659,0,0.001732,0,0.005195,0,0,0.001732,0,,D6114300,PNCB,06/16/2026 1:33:01 PM,FDM402,8M6HM2_HVF,8M6HM2_HVF,08/02/2026 6:38:15 PM,8M6HM2_HVF,D1D,1,8258368
D611430,6,A2BS5006SLD6,0,0.013854,0.024245,0.001732,0,0.008659,0,0.001732,0,0.003464,0,0,0,0,,D6114300,PNCB,06/16/2026 1:33:01 PM,FDM402,8M6HM2_HVF,8M6HM2_HVF,08/04/2026 9:40:09 PM,8M6HM2_HVF,D1D,2,8258540
D610871,40,MCLXT040WAF1,0,0.045259,0.369665,0.014452,0.021678,0.007226,0,0,0,0.007226,0,0,0.007226,0.223244,0,D6108710,PR8B,06/16/2026 2:14:07 PM,FDM410,8M6HM2_HVF,8M6HM2_HVF,08/26/2026 8:27:45 PM,8M6HM2_HVF,D1D,1,8213309
D610871,45,MCLXT045WAE2,0,0,0.343996,0.014124,0.014124,0,0,0.007062,0,0.00655,0.021186,0,0.020675,0.202754,0,D6108710,PR8B,06/16/2026 2:14:07 PM,FDM410,8M6HM2_HVF,8M6HM2_HVF,08/26/2026 12:43:09 AM,8M6HM2_HVF,D1D,2,8213245
D611347,236,KJAYT236WFB3,0,0.010425,0.0139,0.001737,0,0.001737,0,0,0,0.001737,0.001737,0,0,0.001737,,D6113470,PXMG,06/23/2026 7:19:14 PM,FDM410,8M6HM2_HVF,8M6HM2_HVF,08/26/2026 2:01:25 PM,8M6HM2_HVF,D1D,1,8239097
D611347,395,KJAYT395WFB1,0,0.003475,0.012162,0.003475,0,0.005212,0,0,0,0.008687,0,0,0,0.003475,,D6113470,PXMG,06/23/2026 7:19:14 PM,FDM410,8M6HM2_HVF,8M6HM2_HVF,08/26/2026 1:09:28 PM,8M6HM2_HVF,D1D,2,8239184
D611338,55,KJAAA055WFC4,0,0.01529,0.05421,0.001737,0,0.008687,0,0.003475,0,0.001737,0,0,0.003475,0.003475,0,D6113380,PXMG,07/03/2026 10:54:52 AM,FDM404,8M6HM2_HVF,8M6HM2_HVF,07/26/2026 3:25:13 PM,8M6HM2_HVF,D1D,1,8234594
D611338,64,KJAAA064WFC6,0,0.023977,0.047607,0.001737,0.001737,0.008687,0,0.005212,0,0.005039,0.001737,0,0.010251,0.005212,0,D6113380,PXMG,07/03/2026 10:54:52 AM,FDM404,8M6HM2_HVF,8M6HM2_HVF,07/26/2026 3:25:07 PM,8M6HM2_HVF,D1D,2,8234665
D611349,45,5DXKJ045MVC5,0,0.009267,0.028379,0.004633,0,0.008687,0,0.002896,0,0.003475,0,0,0,0,0,D6113490,PXMG,07/01/2026 7:01:36 AM,FDM404,8M6HM2_HVF,8M6HM2_HVF,07/26/2026 3:25:51 PM,8M6HM2_HVF,D1D,1,8239200
D611349,87,5DXKJ087MVH0,0,0.005212,0.0139,0.001737,0,0.003475,0,0,0,0.00695,0,0,0,0.003475,,D6113490,PXMG,07/01/2026 7:01:36 AM,FDM404,8M6HM2_HVF,8M6HM2_HVF,07/26/2026 3:25:47 PM,8M6HM2_HVF,D1D,2,8239133
D611346,283,KJAYF283WFF7,0,0.00695,0.008687,0,0,0.017375,0,0.001737,0,0.022587,0,0,0.0417,0.001737,,D6113460,PXMG,06/28/2026 4:30:58 AM,FDM410,8M6HM2_HVF,8M6HM2_HVF,07/26/2026 2:16:17 PM,8M6HM2_HVF,D1D,1,8239038
D611346,386,KJAYR386WFA1,0,0.015637,0.010425,0,0.001737,0.010425,0,0.005212,0,0.005212,0.001737,0,0.001737,0.003475,,D6113460,PXMG,06/28/2026 4:30:58 AM,FDM410,8M6HM2_HVF,8M6HM2_HVF,07/26/2026 2:16:23 PM,8M6HM2_HVF,D1D,2,8238934
D608611,99,A29G5099SLE1,0,0.019112,0.03475,0,0,0.003475,0,0,0,0.008687,0,0,0.001737,0.003475,,D6086110,PXMG,04/23/2026 8:10:55 PM,FDM406,8M6HM2_HVF,8M6HM2_HVF,07/24/2026 3:39:56 PM,8M6HM2_HVF,D1D,1,8118904
D608611,107,A28Q2107SLD3,0,0.099357,0.172331,0,0,0.005761,0,0.00192,0,0,0.00192,0,0,0.00192,0,D6086110,PXMG,04/23/2026 8:10:55 PM,FDM406,8M6HM2_HVF,8M6HM2_HVF,07/24/2026 3:40:09 PM,8M6HM2_HVF,D1D,2,8118969
D608611,109,A28Q2109SLE4,0,0.00695,0.024325,0.001737,0,0.001737,0,0.001737,0,0,0.003475,0,0,0.001737,,D6086110,PXMG,04/23/2026 8:10:55 PM,FDM406,8M6HM2_HVF,8M6HM2_HVF,07/24/2026 3:39:44 PM,8M6HM2_HVF,D1D,3,8118918
D608611,111,A28Q2111SLE4,0,0.012162,0.038225,0,0,0.005212,0,0.001737,0,0.005212,0,0,0,0,,D6086110,PXMG,04/23/2026 8:10:55 PM,FDM406,8M6HM2_HVF,8M6HM2_HVF,07/24/2026 3:40:02 PM,8M6HM2_HVF,D1D,4,8118823
D607559,227,GQ7JE227JKC1,0,0.005212,0.0139,0.001737,0.008687,0.005212,0,0,0,0.008687,0,0,0.012162,0.038225,,D6075590,PXMG,05/05/2026 12:57:36 AM,FDM410,8M6HM2_HVF,8M6HM2_HVF,07/26/2026 1:26:15 PM,8M6HM2_HVF,D1D,1,8088542
D607559,229,GQ7JE229JKD2,0,0.00695,0.010425,0.001737,0,0.005212,0,0,0,0,0,0,0.022587,0.005212,,D6075590,PXMG,05/05/2026 12:57:36 AM,FDM410,8M6HM2_HVF,8M6HM2_HVF,07/26/2026 1:26:15 PM,8M6HM2_HVF,D1D,2,8088633
D607565,22,5DXIP022MVG5,0,0.008687,0.0139,0.001737,0,0.003475,0,0,0,0.003475,0,0,0,0.003475,,D6075650,PXMG,05/04/2026 5:39:58 AM,FDM410,8M6HM2_HVF,8M6HM2_HVF,07/26/2026 1:26:22 PM,8M6HM2_HVF,D1D,1,8091115
D607565,23,5DXIP023MVD4,0,0.005212,0.008687,0,0,0.005212,0,0,0,0,0.001737,0,0,0,,D6075650,PXMG,05/04/2026 5:39:58 AM,FDM410,8M6HM2_HVF,8M6HM2_HVF,07/26/2026 1:26:33 PM,8M6HM2_HVF,D1D,2,8091236
D607551,11,HCHFA011MME0,0,0.015637,0.015637,0,0,0.005212,0,0,0,0.003475,0,0,0,0,,D6075510,PXMG,05/03/2026 9:07:27 AM,FDM410,8M6HM2_HVF,8M6HM2_HVF,07/26/2026 1:26:22 PM,8M6HM2_HVF,D1D,1,8086658
D607551,12,HCHFA012MMA7,0,0.001737,0.019112,0,0,0.001737,0,0,0,0.001737,0,0,0.001737,0.001737,,D6075510,PXMG,05/03/2026 9:07:27 AM,FDM410,8M6HM2_HVF,8M6HM2_HVF,07/26/2026 1:26:32 PM,8M6HM2_HVF,D1D,2,8086688
D608104,331,MCLXN331WAA0,0,0.018765,0.01807,0.003475,0.005212,0.014247,0,0,0,0.01668,0,0.003475,0,0.0139,0,D6081040,PXMG,05/09/2026 9:21:13 PM,FDM410,8M6HM2_HVF,8M6HM2_HVF,08/09/2026 7:12:05 PM,8M6HM2_HVF,D1D,1,8120472
D608104,342,MCLXN342WAB3,0,0.005212,0.008687,0.001737,0,0.001737,0,0,0,0.003475,0.001737,0,0.001737,0.001737,,D6081040,PXMG,05/09/2026 9:21:13 PM,FDM410,8M6HM2_HVF,8M6HM2_HVF,08/09/2026 2:19:53 PM,8M6HM2_HVF,D1D,2,8120503
D607558,251,GQ7JE251JKE7,0,0.029225,0.060395,0.001946,0,0.018174,0,0,0,0.003892,0.003892,0,0.001946,0.003892,0,D6075580,PXMG,05/07/2026 2:56:54 PM,FDM408,8M6HM2_HVF,8M6HM2_HVF,07/26/2026 1:26:02 PM,8M6HM2_HVF,D1D,1,8088492
D607558,252,GQ7JE252JKB6,0,0.022298,0.014913,0,0,0.005647,0,0.001882,0,0.003475,0,0,0.001882,0.003765,0,D6075580,PXMG,05/07/2026 2:56:54 PM,FDM408,8M6HM2_HVF,8M6HM2_HVF,07/26/2026 1:26:07 PM,8M6HM2_HVF,D1D,2,8088663
D607552,421,KJAAC421WFG1,0,0.015637,0.026062,0.003475,0.001737,0.00695,0,0.001737,0,0.005212,0.001737,0,0.00695,0.010425,,D6075520,PXMG,05/08/2026 5:16:35 PM,FDM404,8M6HM2_HVF,8M6HM2_HVF,08/09/2026 3:25:37 AM,8M6HM2_HVF,D1D,1,8085900
D607552,477,KJAAC477WFC4,0,0.001737,0.02502,0.001737,0.001737,0.003475,0,0.005734,0,0,0,0,0.001737,0.005734,0,D6075520,PXMG,05/08/2026 5:16:35 PM,FDM404,8M6HM2_HVF,8M6HM2_HVF,08/09/2026 7:45:57 PM,8M6HM2_HVF,D1D,2,8085947
D607541,404,5DXCR404MVA1,0,0.010425,0.045175,0.003475,0.001737,0.010425,0,0,0,0.001737,0,0,0.00695,0.00695,0,D6075410,PXMG,05/08/2026 10:08:09 PM,FDM402,8M6HM2_HVF,8M6HM2_HVF,07/26/2026 1:25:57 PM,8M6HM2_HVF,D1D,1,8083869
D607541,434,5DXCR434MVG2,0,0.00695,0.0139,0,0,0,0,0,0,0.003475,0,0,0.005212,0.001737,,D6075410,PXMG,05/08/2026 10:08:09 PM,FDM402,8M6HM2_HVF,8M6HM2_HVF,07/26/2026 1:25:53 PM,8M6HM2_HVF,D1D,2,8083902
D608103,141,KJ7YT141WFD5,0,0.00695,0.003475,0.001737,0,0.008687,0,0.003475,0,0.001737,0,0,0,0.001737,,D6081030,PXMG,05/08/2026 9:02:49 AM,FDM404,8M6HM2_HVF,8M6HM2_HVF,07/26/2026 1:26:32 PM,8M6HM2_HVF,D1D,1,8119088
D608103,170,KJ7YT170WFF4,0,0.008687,0.031275,0.001737,0.001737,0.001737,0,0.001737,0,0.005212,0.003475,0,0,0.010425,,D6081030,PXMG,05/08/2026 9:02:49 AM,FDM404,8M6HM2_HVF,8M6HM2_HVF,07/26/2026 1:26:15 PM,8M6HM2_HVF,D1D,2,8119087
D608103,278,KJAUH278WFE0,0,0.00695,0.015637,0,0,0.008687,0,0.001737,0,0.003475,0,0,0,0.003475,,D6081030,PXMG,05/08/2026 9:02:49 AM,FDM404,8M6HM2_HVF,8M6HM2_HVF,07/26/2026 1:26:22 PM,8M6HM2_HVF,D1D,3,8119066
D608103,280,KJAUH280WFE0,0,0.003475,0.019112,0,0.001737,0.005212,0,0,0,0.001737,0,0.001737,0.010425,0.00695,,D6081030,PXMG,05/08/2026 9:02:49 AM,FDM404,8M6HM2_HVF,8M6HM2_HVF,07/26/2026 1:26:10 PM,8M6HM2_HVF,D1D,4,8119046
D608103,283,KJAUH283WFC0,0,0.008687,0.012162,0.001737,0,0.001737,0,0,0,0.005212,0,0,0,0.005212,,D6081030,PXMG,05/08/2026 9:02:49 AM,FDM404,8M6HM2_HVF,8M6HM2_HVF,07/26/2026 1:26:34 PM,8M6HM2_HVF,D1D,5,8119015
D608117,10,KJ7HC010WFD1,0,0.008687,0.015637,0,0,0.003475,0,0,0,0.008687,0.001737,0,0,0.005212,,D6081170,PXMG,05/11/2026 11:06:36 AM,FDM410,8M6HM2_HVF,8M6HM2_HVF,08/09/2026 3:22:09 AM,8M6HM2_HVF,D1D,1,8123013
D608117,16,KJ7HC016WFG4,0,0.008687,0.02085,0,0,0.001737,0,0,0,0.001737,0,0,0,0.003475,,D6081170,PXMG,05/11/2026 11:06:36 AM,FDM410,8M6HM2_HVF,8M6HM2_HVF,08/09/2026 7:08:57 PM,8M6HM2_HVF,D1D,2,8123000
D607536,550,5DXEC550MVF1,0,0.015637,0.02085,0,0,0.008687,0,0.001737,0,0.005212,0.001737,0,0.005212,0.008687,,D6075360,PXMG,05/14/2026 3:02:04 PM,FDM410,8M6HM2_HVF,8M6HM2_HVF,07/26/2026 1:24:56 PM,8M6HM2_HVF,D1D,1,8083058
D607536,557,5DXEC557MVF3,0,0.008687,0.03475,0.001737,0,0.012162,0,0,0,0,0.003475,0,0.003475,0.005212,,D6075360,PXMG,05/14/2026 3:02:04 PM,FDM410,8M6HM2_HVF,8M6HM2_HVF,07/26/2026 1:24:49 PM,8M6HM2_HVF,D1D,2,8083113
D607535,405,5DXCR405MVE3,0,0.012162,0.019112,0.001737,0,0.015637,0,0,0,0.003475,0,0,0.005212,0,,D6075350,PXMG,05/10/2026 12:22:25 PM,FDM402,8M6HM2_HVF,8M6HM2_HVF,07/26/2026 1:17:03 PM,8M6HM2_HVF,D1D,1,8083170
D607535,444,5DXCR444MVD3,0,0.003475,0.029537,0.001737,0,0.001737,0,0.005212,0,0.003475,0.003475,0,0.001737,0,,D6075350,PXMG,05/10/2026 12:22:25 PM,FDM402,8M6HM2_HVF,8M6HM2_HVF,07/26/2026 1:25:31 PM,8M6HM2_HVF,D1D,2,8082980
D607539,467,5DXCL467MVA6,0,0.019112,0.012162,0.003475,0,0.001737,0,0,0,0.004054,0.004633,0,0.001737,0.005212,0,D6075390,PXMG,05/14/2026 1:19:17 AM,FDM408,8M6HM2_HVF,8M6HM2_HVF,08/09/2026 9:07:36 PM,8M6HM2_HVF,D1D,1,8083793
D607539,470,5DXCL470MVF0,0,0.010077,0.053167,0.001737,0,0.003475,0,0.00834,0,0.003475,0.00834,0.001737,0.003475,0.001737,0,D6075390,PXMG,05/14/2026 1:19:17 AM,FDM408,8M6HM2_HVF,8M6HM2_HVF,08/10/2026 5:33:12 AM,8M6HM2_HVF,D1D,2,8083797
D608101,214,A27QE214SLG7,0,0.0139,0.008687,0.003475,0,0.00695,0,0.00695,0,0.008687,0,0,0.005212,0,,D6081010,PXMG,05/14/2026 2:00:42 AM,FDM404,8M6HM2_HVF,8M6HM2_HVF,07/26/2026 1:25:07 PM,8M6HM2_HVF,D1D,1,8118967
D608101,218,A27QE218SLB6,0,0.019112,0.022587,0.001737,0.005212,0.02085,0,0.00695,0,0.022587,0.005212,0,0.001737,0.026062,,D6081010,PXMG,05/14/2026 2:00:42 AM,FDM404,8M6HM2_HVF,8M6HM2_HVF,07/26/2026 1:25:01 PM,8M6HM2_HVF,D1D,2,8118807
D608604,359,GT9LN359JKA2,0,0.010391,0.02944,0.001732,0,0.001732,0,0,0,0.003464,0,0,0,0.003464,,D6086040,PNCB,05/13/2026 5:17:38 PM,FDM404,8M6HM2_HVF,8M6HM2_HVF,07/26/2026 1:25:05 PM,8M6HM2_HVF,D1D,1,8136021
D608604,360,GT9LN360JKD3,0,0.012122,0.062343,0.001732,0,0.003464,0,0.005195,0,0.006927,0,0,0.005195,0,,D6086040,PNCB,05/13/2026 5:17:38 PM,FDM404,8M6HM2_HVF,8M6HM2_HVF,07/26/2026 1:17:07 PM,8M6HM2_HVF,D1D,2,8135938
D607557,201,GQ7JE201JKE4,0,0.008687,0.012162,0,0.001737,0.010425,0,0,0,0.001737,0.001737,0,0,0,,D6075570,PXMG,05/13/2026 6:32:42 PM,FDM404,8M6HM2_HVF,8M6HM2_HVF,07/26/2026 1:25:01 PM,8M6HM2_HVF,D1D,1,8088491
D607557,202,GQ7JE202JKB3,0,0.0139,0.029537,0,0.001737,0.003475,0,0.001737,0,0.012162,0,0,0,0.001737,,D6075570,PXMG,05/13/2026 6:32:42 PM,FDM404,8M6HM2_HVF,8M6HM2_HVF,07/26/2026 1:25:08 PM,8M6HM2_HVF,D1D,2,8088595
D608605,251,GT9ZP251JKC4,0,0.013854,0.034635,0,0.001732,0.012122,0,0.001732,0,0,0,0.001732,0,0,,D6086050,PNCB,05/14/2026 9:05:52 AM,FDM410,8M6HM2_HVF,8M6HM2_HVF,07/26/2026 1:24:53 PM,8M6HM2_HVF,D1D,1,8136050
D608605,252,GT9ZP252JKG6,0,0.012122,0.027708,0.005195,0,0.005195,0,0,0,0.001732,0,0.001732,0.008659,0.005195,,D6086050,PNCB,05/14/2026 9:05:52 AM,FDM410,8M6HM2_HVF,8M6HM2_HVF,07/26/2026 1:24:59 PM,8M6HM2_HVF,D1D,2,8135998
D607545,64,A27VN064SLF2,0,0.005212,0.02085,0,0,0.003475,0,0.00695,0,0.001737,0,0,0.010425,0,,D6075450,PXMG,05/10/2026 6:30:58 AM,FDM404,8M6HM2_HVF,8M6HM2_HVF,07/26/2026 1:25:36 PM,8M6HM2_HVF,D1D,1,8083856
D607545,68,A27VN068SLA1,0,0.00695,0.02085,0,0,0.001737,0,0,0,0,0,0,0.001737,0,,D6075450,PXMG,05/10/2026 6:30:58 AM,FDM404,8M6HM2_HVF,8M6HM2_HVF,07/26/2026 1:25:29 PM,8M6HM2_HVF,D1D,2,8083834
D608114,116,KJ9PL116WFH2,0,0.010425,0.0139,0,0,0.003475,0,0.005212,0,0.001737,0,0,0,0,,D6081140,PXMG,05/10/2026 4:22:49 AM,FDM408,8M6HM2_HVF,8M6HM2_HVF,08/01/2026 11:55:36 AM,8M6HM2_HVF,D1D,1,8122983
D608114,339,KJ9HD339WFA2,0,0.019112,0.019112,0,0,0.012162,0,0,0,0.010425,0.001737,0,0,0,,D6081140,PXMG,05/10/2026 4:22:49 AM,FDM408,8M6HM2_HVF,8M6HM2_HVF,08/02/2026 5:16:21 AM,8M6HM2_HVF,D1D,2,8122885
D607543,706,5DXCT706MVG6,0,0.003475,0.036487,0,0,0.010425,0,0,0,0.003475,0.001737,0,0.001737,0.003475,,D6075430,PXMG,05/10/2026 6:48:26 AM,FDM402,8M6HM2_HVF,8M6HM2_HVF,08/09/2026 7:26:12 PM,8M6HM2_HVF,D1D,1,8083868
D607543,707,5DXCT707MVD5,0,0.00695,0.03475,0.001737,0,0.001737,0,0.003475,0,0.003475,0,0,0.005212,0.010425,,D6075430,PXMG,05/10/2026 6:48:26 AM,FDM402,8M6HM2_HVF,8M6HM2_HVF,08/10/2026 5:01:12 AM,8M6HM2_HVF,D1D,2,8083818
D608607,67,A2BMH067SLC0,0,0.005195,0.022513,0,0.001732,0.001732,0,0.005195,0,0,0.001732,0,0.001732,0.005195,,D6086070,PNCB,05/16/2026 9:11:29 AM,FDM404,8M6HM2_HVF,8M6HM2_HVF,07/26/2026 1:24:46 PM,8M6HM2_HVF,D1D,1,8140569
D608607,75,A2BMH075SLF3,0,0.001732,0.02944,0.001732,0,0.005195,0,0.001732,0,0.001732,0.001732,0,0,0.001732,,D6086070,PNCB,05/16/2026 9:11:29 AM,FDM404,8M6HM2_HVF,8M6HM2_HVF,07/26/2026 1:24:50 PM,8M6HM2_HVF,D1D,2,8140688
D607564,227,A28J5227SLG3,0,0.003475,0.019112,0.001737,0.003475,0.005212,0,0.001737,0,0.008687,0,0,0.003475,0.005212,,D6075640,PXMG,05/16/2026 1:19:57 AM,FDM406,8M6HM2_HVF,8M6HM2_HVF,07/26/2026 1:24:49 PM,8M6HM2_HVF,D1D,1,8088678
D607564,228,A28J5228SLD2,0,0.008687,0.012162,0.005212,0,0.001737,0,0,0,0.003475,0,0,0.003475,0.003475,,D6075640,PXMG,05/16/2026 1:19:57 AM,FDM406,8M6HM2_HVF,8M6HM2_HVF,07/26/2026 1:24:46 PM,8M6HM2_HVF,D1D,2,8088683
D608612,336,KJAAD336WFD5,0,0.00695,0.04865,0,0,0.005212,0,0.008687,0,0.001737,0.00695,0,0.001737,0.001737,,D6086120,PXMG,05/15/2026 10:26:26 PM,FDM404,8M6HM2_HVF,8M6HM2_HVF,07/31/2026 11:40:01 PM,8M6HM2_HVF,D1D,1,8118934
D608612,346,KJAAD346WFA6,0,0.0139,0.038225,0.001737,0.001737,0.005212,0,0,0,0.005212,0.00695,0,0.001737,0.001737,,D6086120,PXMG,05/15/2026 10:26:26 PM,FDM404,8M6HM2_HVF,8M6HM2_HVF,08/01/2026 9:38:02 AM,8M6HM2_HVF,D1D,2,8119041
D608595,53,IEFPA053MMA2,0,0.025976,0.053685,0,0,0.010391,0,0.003464,0,0.006927,0,0,0.001732,0,,D6085950,PNCB,05/15/2026 2:31:44 PM,FDM408,8M6HM2_HVF,8M6HM2_HVF,07/26/2026 1:24:54 PM,8M6HM2_HVF,D1D,1,8134408
D608595,54,IEFQD054MMB2,0,0.010391,0.02944,0,0,0,0,0.001732,0,0.001732,0.001732,0,0,0.001732,,D6085950,PNCB,05/15/2026 2:31:44 PM,FDM408,8M6HM2_HVF,8M6HM2_HVF,07/26/2026 1:24:44 PM,8M6HM2_HVF,D1D,2,8134331
D607534,634,5DXBX634MVD6,0,0.006972,0.036009,0.031948,0.002324,0.006972,0,0,0,0,0,0.002324,0.076688,0.029624,0,D6075340,PXMG,05/15/2026 8:29:36 AM,FDM410,8M6HM2_HVF,8M6HM2_HVF,07/26/2026 1:24:55 PM,8M6HM2_HVF,D1D,1,8082939
D607534,643,5DXBX643MVE0,0,0.008687,0.015637,0,0.001737,0.001737,0,0.001737,0,0.001737,0.001737,0,0.003475,0.005212,,D6075340,PXMG,05/15/2026 8:29:36 AM,FDM410,8M6HM2_HVF,8M6HM2_HVF,07/26/2026 1:24:50 PM,8M6HM2_HVF,D1D,2,8083226
D608603,259,KJ7HD259WFG3,0,0.011057,0.038898,0,0,0.012922,0,0.007327,0,0.00373,0.001865,0.001865,0,0.00373,0,D6086030,PNCB,05/15/2026 8:02:08 PM,FDM402,8M6HM2_HVF,8M6HM2_HVF,07/26/2026 1:24:49 PM,8M6HM2_HVF,D1D,1,8135974
D608603,264,KJ7HD264WFE3,0,0.024222,0.071063,0.001845,0,0.012913,0,0.003689,0,0.003689,0.001845,0,0.001845,0.001845,0,D6086030,PNCB,05/15/2026 8:02:08 PM,FDM402,8M6HM2_HVF,8M6HM2_HVF,07/26/2026 1:24:48 PM,8M6HM2_HVF,D1D,2,8135980
D607560,176,GQ7JE176JKG4,0,0.010425,0.019112,0.003475,0,0.010425,0,0.003475,0,0.010425,0,0,0.022587,0.003475,,D6075600,PXMG,05/15/2026 8:27:01 AM,FDM408,8M6HM2_HVF,8M6HM2_HVF,07/26/2026 1:24:55 PM,8M6HM2_HVF,D1D,1,8088631
D607560,177,GQ7JE177JKD3,0,0.043003,0.020785,0.001737,0,0.043307,0,0.005669,0,0.026149,0.005669,0,0.009296,0.009448,0,D6075600,PXMG,05/15/2026 8:27:01 AM,FDM408,8M6HM2_HVF,8M6HM2_HVF,07/26/2026 1:24:51 PM,8M6HM2_HVF,D1D,2,8088673
D607544,3,MCLPM003WAC6,0,0.004865,0.038572,0.001737,0.001737,0.003475,0,0,0,0,0,0,0.008687,0.003475,0,D6075440,PXMG,05/18/2026 9:34:07 PM,FDM402,8M6HM2_HVF,8M6HM2_HVF,08/10/2026 8:58:32 AM,8M6HM2_HVF,D1D,1,8084001
D607544,60,MCLPM060WAC2,0,0.005212,0.015637,0,0.001737,0,0,0.003475,0,0.00695,0,0,0.001737,0.00695,,D6075440,PXMG,05/18/2026 9:34:07 PM,FDM402,8M6HM2_HVF,8M6HM2_HVF,08/05/2026 10:35:50 AM,8M6HM2_HVF,D1D,2,8083964
D607561,91,GQ7JE091JKC4,0,0.010425,0.017375,0,0.001737,0.005212,0,0,0,0.001737,0.001737,0,0,0.008687,,D6075610,PXMG,05/19/2026 4:25:45 AM,FDM406,8M6HM2_HVF,8M6HM2_HVF,07/26/2026 1:20:01 PM,8M6HM2_HVF,D1D,1,8088627
D607561,277,GQ7JE277JKC4,0,0.010425,0.019112,0,0,0,0,0,0,0.00695,0.001737,0,0,0.005212,,D6075610,PXMG,05/19/2026 4:25:45 AM,FDM406,8M6HM2_HVF,8M6HM2_HVF,07/26/2026 1:20:07 PM,8M6HM2_HVF,D1D,2,8088521
D608610,651,GU2DU651JKD1,0,0.00695,0.008687,0.001737,0,0.001737,0,0.003475,0,0.005212,0,0,0,0.001737,,D6086100,PXMG,05/18/2026 11:56:15 AM,FDM404,8M6HM2_HVF,8M6HM2_HVF,07/26/2026 1:20:11 PM,8M6HM2_HVF,D1D,1,8118909
D608610,652,GU2DU652JKA0,0,0.012162,0.015637,0,0,0.015637,0,0.003475,0,0.003475,0,0,0.003475,0.005212,,D6086100,PXMG,05/18/2026 11:56:15 AM,FDM404,8M6HM2_HVF,8M6HM2_HVF,07/26/2026 1:20:20 PM,8M6HM2_HVF,D1D,2,8118853
D607562,665,KJ97K665WFE6,0,0.13889,0.053515,0,0,0.017527,0,0.011685,0,0.248569,0,0,0.011685,0.008101,0,D6075620Q,PXMG,05/18/2026 3:56:56 PM,FDM402,8M6HM2_HVF,8M6HM2_HVF,07/26/2026 1:20:08 PM,8M6HM2_HVF,D1D,1,8627750
D607562,680,KJ97K680WFH2,0,0.01668,0.041873,0,0,0.003475,0,0.001737,0,0.002259,0,0.001737,0.008687,0.003475,0,D6075620Q,PXMG,05/18/2026 3:56:56 PM,FDM402,8M6HM2_HVF,8M6HM2_HVF,07/26/2026 1:20:03 PM,8M6HM2_HVF,D1D,2,8627761
D608602,116,A29HM116SLD3,0,0.006927,0.013854,0,0,0.001732,0,0.001732,0,0.001732,0,0,0,0.001732,,D6086020,PNCB,05/19/2026 4:47:03 AM,FDM404,8M6HM2_HVF,8M6HM2_HVF,07/26/2026 1:19:59 PM,8M6HM2_HVF,D1D,1,8135875
D608602,124,A29HM124SLG6,0,0.012122,0.008659,0,0,0.005195,0,0,0,0.006927,0,0,0,0.003464,,D6086020,PNCB,05/19/2026 4:47:03 AM,FDM404,8M6HM2_HVF,8M6HM2_HVF,07/26/2026 1:20:01 PM,8M6HM2_HVF,D1D,2,8135907
D608601,331,KJD2J331WFE2,0,0.012988,0.030306,0.001732,0,0.001732,0,0.011256,0,0.006927,0.004329,0,0.001732,0.003464,0,D6086010,PNCB,05/18/2026 11:42:39 AM,FDM408,8M6HM2_HVF,8M6HM2_HVF,07/26/2026 1:20:14 PM,8M6HM2_HVF,D1D,1,8136867
D608601,334,KJD2J334WFC2,0,0.016081,0.03414,0,0,0.005195,0,0.001732,0,0.005195,0,0,0,0,0,D6086010,PNCB,05/18/2026 11:42:39 AM,FDM408,8M6HM2_HVF,8M6HM2_HVF,07/26/2026 1:20:07 PM,8M6HM2_HVF,D1D,2,8136800
D608614,283,KJA9U283WFE0,0,0.0139,0.015637,0.001737,0,0.0139,0,0,0,0.003475,0,0,0.001737,0.001737,,D6086140,PXMG,05/17/2026 10:06:28 AM,FDM404,8M6HM2_HVF,8M6HM2_HVF,07/26/2026 1:24:34 PM,8M6HM2_HVF,D1D,1,8123017
D608614,292,KJA9U292WFE2,0,0.00695,0.02085,0,0,0.005212,0,0.003475,0,0.00695,0,0,0.005212,0.003475,,D6086140,PXMG,05/17/2026 10:06:28 AM,FDM404,8M6HM2_HVF,8M6HM2_HVF,07/26/2026 1:24:27 PM,8M6HM2_HVF,D1D,2,8123027
D608598,750,GU1PU750JKC5,0,0.096806,0.02892,0.002316,0,0.02524,0,0.020608,0,0.022924,0,0.004632,0.004632,0,0,D6085980,PNCB,05/17/2026 11:50:25 PM,FDM410,8M6HM2_HVF,8M6HM2_HVF,07/26/2026 1:22:05 PM,8M6HM2_HVF,D1D,1,8135839
D608598,778,GU0MN778JKC5,0,0.00187,0.016833,0,0,0.005611,0,0.00187,0,0.016833,0,0,0.003741,0,0,D6085980,PNCB,05/17/2026 11:50:25 PM,FDM410,8M6HM2_HVF,8M6HM2_HVF,07/26/2026 1:21:57 PM,8M6HM2_HVF,D1D,2,8135976
D607553,340,KJA6M340WFE5,0,0.066342,0.083414,0.004954,0,0.014861,0,0.002477,0,0.004954,0.012384,0,0,0,0,D6075530,PXMG,05/23/2026 8:47:41 PM,FDM408,8M6HM2_HVF,8M6HM2_HVF,07/26/2026 1:16:45 PM,8M6HM2_HVF,D1D,1,8085809
D607553,342,KJA6M342WFF6,0,0.0139,0.02085,0,0,0.001737,0,0.001737,0,0.001737,0,0,0.001737,0,,D6075530,PXMG,05/23/2026 8:47:41 PM,FDM408,8M6HM2_HVF,8M6HM2_HVF,07/26/2026 1:19:12 PM,8M6HM2_HVF,D1D,2,8085800
D608107,101,A2BDY101SLB6,0,0.010425,0.0139,0.001737,0,0.008687,0,0,0,0.001737,0,0,0,0.003475,,D6081070,PXMG,05/23/2026 2:28:38 PM,FDM404,8M6HM2_HVF,8M6HM2_HVF,07/26/2026 1:19:36 PM,8M6HM2_HVF,D1D,1,8120687
D608107,102,A2BDY102SLG0,0,0.012162,0.019112,0,0,0.001737,0,0,0,0.001737,0,0,0.003475,0.001737,,D6081070,PXMG,05/23/2026 2:28:38 PM,FDM404,8M6HM2_HVF,8M6HM2_HVF,08/07/2026 11:13:43 AM,8M6HM2_HVF,D1D,2,8120599
D607538,40,ICDLA040MMD5,0,0.005212,0.012162,0.001737,0.001737,0.003475,0,0,0,0.001737,0,0,0.003475,0.003475,,D6075380,PXMG,05/22/2026 2:54:40 AM,FDM404,8M6HM2_HVF,8M6HM2_HVF,08/10/2026 7:57:48 AM,8M6HM2_HVF,D1D,1,8086037
D607538,138,ICDLA138MMC6,0,0.001737,0.017375,0.003475,0,0,0,0,0,0.008687,0,0,0,0.003475,,D6075380,PXMG,05/22/2026 2:54:40 AM,FDM404,8M6HM2_HVF,8M6HM2_HVF,08/09/2026 2:30:20 PM,8M6HM2_HVF,D1D,2,8086055
D608600,284,GT9ZP284JKG5,0,0.006927,0.058447,0.001732,0.00368,0.005195,0,0.001732,0,0.003464,0.00368,0,0.010391,0.001732,0,D6086000,PNCB,05/21/2026 3:48:23 AM,FDM404,8M6HM2_HVF,8M6HM2_HVF,07/26/2026 1:19:49 PM,8M6HM2_HVF,D1D,1,8135991
D608600,286,GT9ZP286JKA3,0,0.010391,0.034635,0.001732,0,0.001732,0,0,0,0,0.001732,0,0.005195,0.010391,,D6086000,PNCB,05/21/2026 3:48:23 AM,FDM404,8M6HM2_HVF,8M6HM2_HVF,07/26/2026 1:19:55 PM,8M6HM2_HVF,D1D,2,8135945
D607909,72,MCKLM072WAB3,0,0.003475,0.015637,0,0,0.0139,0,0.001737,0,0.001737,0,0,0.001737,0.001737,,D6079090,PXMG,05/27/2026 6:31:07 AM,FDM402,8M6HM2_HVF,8M6HM2_HVF,07/26/2026 1:18:40 PM,8M6HM2_HVF,D1D,1,8110782
D607909,105,MCKLM105WAD7,0,0.0139,0.010425,0.001737,0,0.017375,0,0.003475,0,0.005212,0,0,0.005212,0.003475,,D6079090,PXMG,05/27/2026 6:31:07 AM,FDM402,8M6HM2_HVF,8M6HM2_HVF,07/26/2026 1:16:45 PM,8M6HM2_HVF,D1D,2,8110834
D608594,92,KJD2F092WFH1,0,0.010391,0.032904,0.003464,0,0.008659,0,0.003464,0,0.010391,0.008659,0,0,0,0,D6085940,PNCB,05/27/2026 1:44:07 AM,FDM404,8M6HM2_HVF,8M6HM2_HVF,07/26/2026 1:16:50 PM,8M6HM2_HVF,D1D,1,8134002
D608594,93,KJDLP093WFE5,0,0.010391,0.025976,0,0,0.003464,0,0.001732,0,0.006927,0.001732,0,0.008659,0.003464,,D6085940,PNCB,05/27/2026 1:44:07 AM,FDM404,8M6HM2_HVF,8M6HM2_HVF,07/26/2026 1:18:35 PM,8M6HM2_HVF,D1D,2,8134294
D608000,336,MCLXN336WAG4,0,0.001737,0.015637,0,0,0.003475,0,0,0,0.003475,0,0,0.001737,0.001737,,D6080000,PXMG,05/27/2026 7:52:02 AM,FDM404,8M6HM2_HVF,8M6HM2_HVF,07/26/2026 1:18:42 PM,8M6HM2_HVF,D1D,1,8118734
D608000,338,MCLXN338WAA2,0,0.005212,0.015637,0,0,0.003475,0,0.001737,0,0,0,0,0,0.001737,,D6080000,PXMG,05/27/2026 7:52:02 AM,FDM404,8M6HM2_HVF,8M6HM2_HVF,07/26/2026 1:18:49 PM,8M6HM2_HVF,D1D,2,8118849
D608116,246,KJ7HD246WFD7,0,0.008687,0.052125,0.001737,0,0.003475,0,0,0,0.003475,0.001737,0,0.001737,0.001737,,D6081160,PXMG,05/27/2026 8:15:02 PM,FDM404,8M6HM2_HVF,8M6HM2_HVF,07/26/2026 1:18:41 PM,8M6HM2_HVF,D1D,1,8123045
D608116,334,KJ7HD334WFE6,0,0.00695,0.022587,0,0.001737,0.003475,0,0,0,0.003475,0,0,0.001737,0.001737,,D6081160,PXMG,05/27/2026 8:15:02 PM,FDM404,8M6HM2_HVF,8M6HM2_HVF,07/26/2026 1:18:38 PM,8M6HM2_HVF,D1D,2,8123156
D608608,405,KJ9HD405WFF6,0,0.003464,0.015586,0,0,0.003464,0,0.001732,0,0.005195,0,0,0.001732,0.006927,,D6086080,PNCB,05/25/2026 5:52:22 PM,FDM410,8M6HM2_HVF,8M6HM2_HVF,07/26/2026 1:19:05 PM,8M6HM2_HVF,D1D,1,8140596
D608608,457,KJ9HD457WFH2,0,0.005195,0.045603,0.010391,0,0.028093,0,0.003848,0,0.013854,0.00558,0.006927,0,0,0,D6086080,PNCB,05/25/2026 5:52:22 PM,FDM410,8M6HM2_HVF,8M6HM2_HVF,07/26/2026 1:19:12 PM,8M6HM2_HVF,D1D,2,8140646
D608617,538,GU2DU538JKC5,0,0.005212,0.02085,0.001737,0,0.00695,0,0.001737,0,0.003475,0.001737,0,0,0,,D6086170,PXMG,05/25/2026 11:35:20 AM,FDM402,8M6HM2_HVF,8M6HM2_HVF,07/26/2026 1:16:45 PM,8M6HM2_HVF,D1D,1,8125104
D608617,539,GU2DU539JKG7,0,0,0.03614,0,0,0.003649,0,0.001737,0,0.005212,0.001911,0,0,0.001737,0,D6086170,PXMG,05/25/2026 11:35:20 AM,FDM402,8M6HM2_HVF,8M6HM2_HVF,08/01/2026 1:16:55 PM,8M6HM2_HVF,D1D,2,8125129
D608108,31,A29M4031SLF0,0,0.008687,0.012162,0,0,0.001737,0,0,0,0.008687,0,0,0.005212,0.001737,,D6081080,PXMG,05/24/2026 6:50:00 AM,FDM408,8M6HM2_HVF,8M6HM2_HVF,08/10/2026 2:23:33 AM,8M6HM2_HVF,D1D,1,8120709
D608108,32,A29M4032SLB7,0,0.008687,0.010425,0,0.001737,0.003475,0,0.001737,0,0.005212,0,0,0.003475,0,,D6081080,PXMG,05/24/2026 6:50:00 AM,FDM408,8M6HM2_HVF,8M6HM2_HVF,08/10/2026 4:34:19 AM,8M6HM2_HVF,D1D,2,8120373
D608613,14,MCLPG014WAB7,0,0.008687,0.010425,0.003475,0,0.001737,0,0,0,0.005212,0,0,0.00695,0.005212,,D6086130,PXMG,05/25/2026 12:53:54 AM,FDM404,8M6HM2_HVF,8M6HM2_HVF,08/06/2026 8:02:36 AM,8M6HM2_HVF,D1D,1,8119029
D608613,23,MCLPG023WAC1,0,0.001737,0.008687,0.001737,0,0.001737,0,0.001737,0,0.001737,0.001737,0,0.003475,0.003475,,D6086130,PXMG,05/25/2026 12:53:54 AM,FDM404,8M6HM2_HVF,8M6HM2_HVF,08/04/2026 7:21:28 AM,8M6HM2_HVF,D1D,2,8119028
D608102,570,KJA9P570WFE3,0,0.010425,0.022587,0.003475,0,0,0,0.001737,0,0.003475,0,0,0.001737,0.005212,,D6081020,PXMG,06/01/2026 6:12:09 PM,FDM404,8M6HM2_HVF,8M6HM2_HVF,07/26/2026 2:23:50 PM,8M6HM2_HVF,D1D,1,8118752
D608102,576,KJA9P576WFA3,0,0.039962,0.104249,0,0,0.005212,0,0.003475,0,0.001737,0.012162,0,0.003475,0.003475,0,D6081020,PXMG,06/01/2026 6:12:09 PM,FDM404,8M6HM2_HVF,8M6HM2_HVF,07/26/2026 2:23:57 PM,8M6HM2_HVF,D1D,2,8118698
D608109,299,KJA6D299WFD7,0,0.00556,0.021545,0,0,0.003822,0,0.002085,0,0.005212,0,0,0.001737,0.003475,0,D6081090,PXMG,06/02/2026 11:50:41 PM,FDM410,8M6HM2_HVF,8M6HM2_HVF,08/04/2026 6:20:06 PM,8M6HM2_HVF,D1D,1,8120681
D608109,313,KJA6D313WFA4,0,0.001737,0.015637,0.005212,0,0.001737,0,0,0,0.003475,0,0,0.003475,0.001737,,D6081090,PXMG,06/02/2026 11:50:41 PM,FDM410,8M6HM2_HVF,8M6HM2_HVF,08/06/2026 4:27:01 AM,8M6HM2_HVF,D1D,2,8120674
D613623,3,A2CM6003SLE6,0,0.008687,0.041917,0,0,0.003475,0,0.001737,0,0.005212,0.004995,0,0,0,0,D6136230,PXMG,06/12/2026 6:30:54 AM,FDM410,8M6HM2_HVF,8M6HM2_HVF,08/12/2026 3:06:32 PM,8M6HM2_HVF,D1D,1,8304410
D613623,4,A2DST004SLD2,0,0.021545,0.037182,0,0,0.00556,0,0,0,0.005212,0,0,0.001737,0.003475,0,D6136230,PXMG,06/12/2026 6:30:54 AM,FDM410,8M6HM2_HVF,8M6HM2_HVF,08/12/2026 2:41:18 PM,8M6HM2_HVF,D1D,2,8304300
D613608,687,5DXML687MVB1,0,0.001737,0.005212,0.001737,0,0.003475,0,0,0,0.001737,0,0,0,0.00695,,D6136080,PXMG,06/09/2026 3:10:39 PM,FDM404,8M6HM2_HVF,8M6HM2_HVF,08/10/2026 4:02:27 AM,8M6HM2_HVF,D1D,1,8303444
D613608,699,5DXML699MVG6,0,0.005212,0.015637,0,0,0.010425,0,0,0,0.003475,0,0,0,0.001737,,D6136080,PXMG,06/09/2026 3:10:39 PM,FDM404,8M6HM2_HVF,8M6HM2_HVF,08/10/2026 4:17:06 AM,8M6HM2_HVF,D1D,2,8303165
D613639,657,MCLPK657WAG6,0,0.005406,0.034364,0,0.001737,0.008687,0,0.003475,0,0.00695,0.003668,0,0.003475,0.003475,0,D6136390,PXMG,06/10/2026 11:54:42 AM,FDM404,8M6HM2_HVF,8M6HM2_HVF,08/26/2026 1:54:30 AM,8M6HM2_HVF,D1D,1,8309296
D613639,710,MCLPK710WAC3,0,0.008687,0.02085,0.001737,0,0.005212,0,0.001737,0,0.001737,0.001737,0,0.003475,0.003475,,D6136390,PXMG,06/10/2026 11:54:42 AM,FDM404,8M6HM2_HVF,8M6HM2_HVF,08/26/2026 5:01:01 AM,8M6HM2_HVF,D1D,2,8309306
D613640,78,HJ6TM078JKD0,0,0.009382,0.043785,0.00417,0,0.001737,0,0.001737,0,0,0,0,0.001737,0,0,D6136400,PXMG,06/09/2026 6:11:55 AM,FDM404,8M6HM2_HVF,8M6HM2_HVF,08/15/2026 1:37:37 PM,8M6HM2_HVF,D1D,1,8309384
D613640,79,HJ6TM079JKH2,0,0.001737,0.017375,0,0,0,0,0.003475,0,0.001737,0,0,0.00695,0.005212,,D6136400,PXMG,06/09/2026 6:11:55 AM,FDM404,8M6HM2_HVF,8M6HM2_HVF,08/15/2026 11:39:02 PM,8M6HM2_HVF,D1D,2,8309348
D613619,11,5DXNO011MVF1,0,0.00695,0.024325,0.001737,0,0.005212,0,0,0,0.005212,0,0,0,0.003475,,D6136190,PXMG,06/17/2026 10:22:48 PM,FDM408,8M6HM2_HVF,8M6HM2_HVF,08/14/2026 12:11:34 AM,8M6HM2_HVF,D1D,1,8305337
D613619,31,5DXNO031MVG6,0,0.013466,0.054296,0,0,0.003475,0,0.001737,0,0,0,0,0.00695,0.00695,0,D6136190,PXMG,06/17/2026 10:22:48 PM,FDM408,8M6HM2_HVF,8M6HM2_HVF,08/15/2026 11:31:17 PM,8M6HM2_HVF,D1D,2,8305333
D613630,639,HJ7SN639JKF3,0,0.005212,0.022587,0.00695,0,0.003475,0,0.001737,0,0.003475,0,0,0.022587,0.015637,,D6136300,PXMG,06/17/2026 9:48:24 PM,FDM408,8M6HM2_HVF,8M6HM2_HVF,08/12/2026 8:51:47 AM,8M6HM2_HVF,D1D,1,8307029
D613630,652,HJ7SN652JKG6,0,0.011207,0.041635,0.001737,0.01681,0.005603,0,0.002802,0,0,0.002802,0,0.048302,0.110613,0,D6136300,PXMG,06/17/2026 9:48:24 PM,FDM408,8M6HM2_HVF,8M6HM2_HVF,08/12/2026 12:05:17 PM,8M6HM2_HVF,D1D,2,8306871
D613622,80,A2DFY080SLH2,0,0.006454,0.045671,0.001737,0,0.001737,0,0,0,0.001737,0,0,0.003475,0.003475,0,D6136220,PXMG,06/19/2026 12:55:52 AM,FDM402,8M6HM2_HVF,8M6HM2_HVF,08/10/2026 3:58:29 AM,8M6HM2_HVF,D1D,1,8304613
D613622,153,A2CJE153SLA7,0,0.013066,0.063245,0.001876,0,0.007436,0,0,0,0.009382,0,0,0,0.007506,0,D6136220,PXMG,06/19/2026 12:55:52 AM,FDM402,8M6HM2_HVF,8M6HM2_HVF,08/12/2026 12:17:21 AM,8M6HM2_HVF,D1D,2,8304530
D613648,82,A2DFY082SLB0,0,0.005195,0.051953,0.001732,0,0,0,0,0,0,0,0,0.001732,0,,D6136480,PNCB,06/18/2026 8:17:40 PM,FDM410,8M6HM2_HVF,8M6HM2_HVF,08/19/2026 12:08:03 AM,8M6HM2_HVF,D1D,1,8317514
D613648,89,A2DK3089SLC0,0,0.011256,0.047624,0.001732,0.001732,0.009525,0,0,0,0.012988,0,0,0,0,0,D6136480,PNCB,06/18/2026 8:17:40 PM,FDM410,8M6HM2_HVF,8M6HM2_HVF,08/05/2026 11:03:26 AM,8M6HM2_HVF,D1D,2,8317162
D613646,160,A2CR1160SLB6,0,0.012122,0.032904,0,0.003464,0,0,0.003464,0,0.008659,0,0,0,0.003464,,D6136460,PNCB,06/19/2026 3:53:12 AM,FDM402,8M6HM2_HVF,8M6HM2_HVF,08/19/2026 1:05:31 PM,8M6HM2_HVF,D1D,1,8317401
D613646,161,A2CR1161SLG0,0,0.010391,0.034635,0.003464,0,0.003464,0,0.003464,0,0.008659,0,0,0.001732,0.005195,,D6136460,PNCB,06/19/2026 3:53:12 AM,FDM402,8M6HM2_HVF,8M6HM2_HVF,08/16/2026 7:10:55 PM,8M6HM2_HVF,D1D,2,8317482
D613953,123,HJ4ST123JKF7,0,0.01523,0.022107,0,0,0.001638,0,0,0,0.010153,0,0,0.008188,0.001638,0,D6139530,PR8B,06/15/2026 8:36:09 PM,FDM402,8M6HM2_HVF,8M6HM2_HVF,09/05/2026 10:39:58 AM,8M6HM2_HVF,D1D,1,8333482
D613953,126,HJ4ST126JKD7,0,0.018013,0.022926,0.001638,0.001638,0,0,0.001638,0,0.004913,0.001638,0,0.001638,0.004913,,D6139530,PR8B,06/15/2026 8:36:09 PM,FDM402,8M6HM2_HVF,8M6HM2_HVF,09/05/2026 8:18:18 AM,8M6HM2_HVF,D1D,2,8333478
D613611,633,5DXME633MVD2,0,0.019112,0.012162,0.005212,0.003475,0.038225,0,0,0,0.003475,0.001737,0,0.001737,0.00695,,D6136110,PXMG,06/15/2026 2:04:42 PM,FDM408,8M6HM2_HVF,8M6HM2_HVF,08/02/2026 10:14:16 AM,8M6HM2_HVF,D1D,1,8303497
D613611,688,5DXME688MVC6,0,0.010425,0.015637,0.001737,0,0.003475,0,0.001737,0,0.003475,0.003475,0,0.008687,0,,D6136110,PXMG,06/15/2026 2:04:42 PM,FDM408,8M6HM2_HVF,8M6HM2_HVF,08/03/2026 10:32:35 AM,8M6HM2_HVF,D1D,2,8303468
D613638,191,MCLXU191WAB7,0,0.005212,0.02085,0,0,0.003475,0,0.001737,0,0.001737,0.001737,0,0.003475,0,,D6136380,PXMG,06/16/2026 11:22:40 PM,FDM410,8M6HM2_HVF,8M6HM2_HVF,08/26/2026 2:39:24 AM,8M6HM2_HVF,D1D,1,8309294
D613638,192,MCLXU192WAG1,0,0.003475,0.022587,0,0.003475,0.008687,0,0,0,0,0.001737,0,0,0.00695,,D6136380,PXMG,06/16/2026 11:22:40 PM,FDM410,8M6HM2_HVF,8M6HM2_HVF,08/26/2026 4:10:48 AM,8M6HM2_HVF,D1D,2,8309164
D613626,430,MCMMK430WAG7,0,0.00695,0.0139,0,0,0.001737,0,0,0,0.001737,0,0,0.001737,0,,D6136260,PXMG,06/16/2026 9:12:07 PM,FDM402,8M6HM2_HVF,8M6HM2_HVF,08/15/2026 7:19:08 AM,8M6HM2_HVF,D1D,1,8306787
D613626,444,MCMMK444WAG2,0,0.012162,0.015637,0,0,0.00695,0,0.001737,0,0.001737,0,0.001737,0.003475,0.00695,,D6136260,PXMG,06/16/2026 9:12:07 PM,FDM402,8M6HM2_HVF,8M6HM2_HVF,08/13/2026 12:49:18 AM,8M6HM2_HVF,D1D,2,8306749
D613620,128,A2DMV128SLD6,0,0.040093,0.023456,0,0,0.12006,0,0,0,0.015724,0.002215,0,0,0,0,D6136200,PXMG,06/15/2026 12:36:24 AM,FDM402,8M6HM2_HVF,8M6HM2_HVF,08/10/2026 8:50:13 AM,8M6HM2_HVF,D1D,1,8304361
D613620,131,A2DMV131SLA5,0,0.005212,0.027303,0,0,0.026559,0,0,0,0.001737,0,0,0,0,0,D6136200,PXMG,06/15/2026 12:36:24 AM,FDM402,8M6HM2_HVF,8M6HM2_HVF,08/08/2026 12:30:01 AM,8M6HM2_HVF,D1D,2,8304508
D613617,371,KJCJA371WFA4,0,0.008687,0.010425,0.001737,0,0.010425,0,0,0,0.00695,0,0,0.00695,0,,D6136170,PXMG,06/15/2026 3:15:46 AM,FDM408,8M6HM2_HVF,8M6HM2_HVF,08/26/2026 4:07:21 PM,8M6HM2_HVF,D1D,1,8304516
D613617,378,KJCJA378WFA6,0,0.008687,0.029537,0.001737,0,0.003475,0,0,0,0.010425,0,0,0.003475,0,,D6136170,PXMG,06/15/2026 3:15:46 AM,FDM408,8M6HM2_HVF,8M6HM2_HVF,08/26/2026 7:31:47 AM,8M6HM2_HVF,D1D,2,8304513
D614174,4,A2EPZ004SLF6,0,0.013101,0.021289,0.001638,0,0.004913,0,0,0,0.003275,0.004913,0,0,0,,D6141740,PR8B,06/26/2026 7:14:17 AM,FDM402,8M6HM2_HVF,8M6HM2_HVF,08/26/2026 9:11:49 PM,8M6HM2_HVF,D1D,1,8339795
D614174,6,A2EPZ006SLG7,0,0.025525,0.01745,0.001745,0,0.053342,0,0.001745,0,0.011017,0.012762,0,0.001745,0.004038,0,D6141740,PR8B,06/26/2026 7:14:17 AM,FDM402,8M6HM2_HVF,8M6HM2_HVF,09/05/2026 9:49:33 PM,8M6HM2_HVF,D1D,2,8339856
D613624,26,A2DY9026SLG4,0,0.00695,0.015637,0,0.001737,0.00695,0,0.001737,0,0,0,0,0.008687,0.003475,,D6136240,PXMG,06/27/2026 11:34:41 AM,FDM410,8M6HM2_HVF,8M6HM2_HVF,08/28/2026 3:41:04 AM,8M6HM2_HVF,D1D,1,8304692
D613624,28,A2DY9028SLA2,0,0.005212,0.008687,0.001737,0,0.003475,0,0.003475,0,0.008687,0,0,0,0.001737,,D6136240,PXMG,06/27/2026 11:34:41 AM,FDM410,8M6HM2_HVF,8M6HM2_HVF,08/27/2026 12:49:01 PM,8M6HM2_HVF,D1D,2,8304631
D613647,10,A2EWZ010SLG7,0,0.005195,0.022513,0.001732,0,0.006927,0,0.003464,0,0.005195,0,0,0.006927,0.013854,,D6136470,PNCB,06/24/2026 8:18:27 AM,FDM402,8M6HM2_HVF,8M6HM2_HVF,08/16/2026 10:43:01 AM,8M6HM2_HVF,D1D,1,8317174
D613647,11,A2EWZ011SLD6,0,0.008659,0.015586,0,0,0.003464,0,0.003464,0,0.008659,0,0,0.003464,0.001732,,D6136470,PNCB,06/24/2026 8:18:27 AM,FDM402,8M6HM2_HVF,8M6HM2_HVF,08/15/2026 8:42:32 AM,8M6HM2_HVF,D1D,2,8317212
D613827,126,A2ECU126SLD5,0,0.017031,0.031442,0.001638,0,0.010153,0,0.003603,0,0.003275,0,0,0.001638,0,0,D6138270,PR8B,06/22/2026 12:59:26 AM,FDM402,8M6HM2_HVF,8M6HM2_HVF,08/16/2026 11:45:35 AM,8M6HM2_HVF,D1D,1,8328781
D613827,134,A2ECU134SLH0,0,0.021289,0.029477,0.001638,0.001638,0.001638,0,0,0,0.004913,0,0,0,0,,D6138270,PR8B,06/22/2026 12:59:26 AM,FDM402,8M6HM2_HVF,8M6HM2_HVF,08/13/2026 8:05:00 AM,8M6HM2_HVF,D1D,2,8328807
D613637,106,5DXNK106MVE6,0,0.003475,0.038225,0.001737,0,0.003475,0,0.001737,0,0.003475,0,0,0,0.005212,,D6136370,PXMG,06/24/2026 1:45:35 PM,FDM402,8M6HM2_HVF,8M6HM2_HVF,08/25/2026 7:48:17 PM,8M6HM2_HVF,D1D,1,8307057
D613637,109,5DXNK109MVC6,0,0.003475,0.02085,0,0,0.005212,0,0.003475,0,0.005212,0,0,0,0.00695,,D6136370,PXMG,06/24/2026 1:45:35 PM,FDM402,8M6HM2_HVF,8M6HM2_HVF,08/26/2026 3:53:33 AM,8M6HM2_HVF,D1D,2,8307048
D613636,126,HJ6TM126JKA5,0,0.008687,0.0139,0.001737,0.001737,0.001737,0,0,0,0.003475,0,0,0,0.001737,,D6136360,PXMG,06/26/2026 1:46:26 AM,FDM404,8M6HM2_HVF,8M6HM2_HVF,07/26/2026 2:16:48 PM,8M6HM2_HVF,D1D,1,8306919
D613636,127,HJ6TM127JKE7,0,0.005212,0.012162,0.001737,0,0.001737,0,0.001737,0,0.005212,0,0,0.003475,0.001737,,D6136360,PXMG,06/26/2026 1:46:26 AM,FDM404,8M6HM2_HVF,8M6HM2_HVF,07/26/2026 2:16:54 PM,8M6HM2_HVF,D1D,2,8306672
D613829,52,A2ET6052SLD4,0,0.008188,0.014738,0.001638,0,0.001638,0,0.001638,0,0.003275,0,0,0,0.001638,,D6138290,PR8B,06/24/2026 2:30:15 AM,FDM404,8M6HM2_HVF,8M6HM2_HVF,08/23/2026 3:06:26 PM,8M6HM2_HVF,D1D,1,8328585
D613829,53,A2ET6053SLA3,0,0.016376,0.016376,0,0,0.004913,0,0,0,0.008188,0.001638,0,0,0.001638,,D6138290,PR8B,06/24/2026 2:30:15 AM,FDM404,8M6HM2_HVF,8M6HM2_HVF,08/16/2026 5:15:01 AM,8M6HM2_HVF,D1D,2,8328699
D613625,2,A2DST002SLC1,0,0.00695,0.029537,0.001737,0,0.003475,0,0.003475,0,0,0,0,0,0.001737,,D6136250,PXMG,06/24/2026 9:09:59 AM,FDM408,8M6HM2_HVF,8M6HM2_HVF,08/10/2026 2:33:32 AM,8M6HM2_HVF,D1D,1,8304950
D613625,3,A2DST003SLG3,0,0.016159,0.017896,0.008079,0.002693,0.039441,0,0,0,0.026931,0,0,0.085224,0.031188,0,D6136250,PXMG,06/24/2026 9:09:59 AM,FDM408,8M6HM2_HVF,8M6HM2_HVF,08/10/2026 2:30:27 AM,8M6HM2_HVF,D1D,2,8304940
D613621,75,A2CM6075SLA4,0,0.017853,0.077709,0,0.025324,0.013248,0,0.025932,0,0.009209,0,0,0.016115,0.009209,0,D6136210,PXMG,06/27/2026 2:50:08 PM,FDM402,8M6HM2_HVF,8M6HM2_HVF,09/15/2026 7:56:06 AM,8M6HM2_HVF,D1D,1,8304725
D613621,76,A2CJE076SLB3,0,0.03753,0.116585,0,0,0.012684,0,0,0,0.00695,0.003475,0,0.001737,0,0,D6136210,PXMG,06/27/2026 2:50:08 PM,FDM402,8M6HM2_HVF,8M6HM2_HVF,09/15/2026 11:45:11 AM,8M6HM2_HVF,D1D,2,8304668
D614166,245,MCLXU245WAC7,0,0.011463,0.024564,0,0,0.009826,0,0.003275,0,0.001638,0,0,0.003275,0,,D6141660,PR8B,07/02/2026 11:58:28 PM,FDM404,8M6HM2_HVF,8M6HM2_HVF,09/13/2026 12:01:44 PM,8M6HM2_HVF,D1D,1,8339807
D614166,299,MCLXU299WAF4,0,0.011463,0.031114,0,0,0.00655,0,0.003275,0,0.003275,0.001638,0,0,0.001638,,D6141660,PR8B,07/02/2026 11:58:28 PM,FDM404,8M6HM2_HVF,8M6HM2_HVF,09/15/2026 9:14:52 AM,8M6HM2_HVF,D1D,2,8339834
D614183,26,KJCJL026WFG0,0,0.011306,0.034621,0,0,0.005583,0,0,0,0,0.003722,0,0.001861,0.001861,0,D6141830,PR8B,07/03/2026 7:12:50 AM,FDM410,8M6HM2_HVF,8M6HM2_HVF,07/26/2026 3:25:35 PM,8M6HM2_HVF,D1D,1,8343091
D614183,76,KJCJL076WFG3,0,0.009989,0.056824,0,0,0.00655,0,0,0,0,0.006714,0,0,0.009989,0,D6141830,PR8B,07/03/2026 7:12:50 AM,FDM410,8M6HM2_HVF,8M6HM2_HVF,07/26/2026 3:25:29 PM,8M6HM2_HVF,D1D,2,8343101
D613616,5,KJCHY005WFG3,0,0.019112,0.015637,0.00695,0,0.043437,0,0.001737,0,0.010425,0.003475,0,0.010425,0.008687,,D6136160,PXMG,06/29/2026 2:31:45 PM,FDM404,8M6HM2_HVF,8M6HM2_HVF,08/26/2026 3:47:43 AM,8M6HM2_HVF,D1D,1,8304413
D613616,27,KJCHY027WFB6,0,0.008687,0.019112,0.001737,0.001737,0.008687,0,0,0,0.00695,0.001737,0,0.010425,0.005212,,D6136160,PXMG,06/29/2026 2:31:45 PM,FDM404,8M6HM2_HVF,8M6HM2_HVF,08/26/2026 1:46:39 AM,8M6HM2_HVF,D1D,2,8304546
D613828,115,A2CM6115SLC1,0,0.008843,0.028822,0,0,0,0,0,0,0.003275,0,0,0.001638,0.004913,0,D6138280,PR8B,07/01/2026 10:17:35 AM,FDM410,8M6HM2_HVF,8M6HM2_HVF,09/02/2026 6:35:58 AM,8M6HM2_HVF,D1D,1,8328432
D613828,183,A2CM6183SLD0,0,0.024891,0.038483,0,0.001638,0.003275,0,0.003275,0,0.001638,0,0,0.003275,0.011954,0,D6138280,PR8B,07/01/2026 10:17:35 AM,FDM410,8M6HM2_HVF,8M6HM2_HVF,09/02/2026 5:55:00 PM,8M6HM2_HVF,D1D,2,8328437
D614170,151,HJ6CL151JKA4,0,0.028658,0.06796,0,0.001638,0.00655,0,0.001638,0,0.001638,0.014738,0,0,0.001638,0,D6141700,PR8B,06/28/2026 3:09:19 AM,FDM404,8M6HM2_HVF,8M6HM2_HVF,09/13/2026 12:57:21 PM,8M6HM2_HVF,D1D,1,8339822
D614170,152,HJ6CL152JKE6,0,0.02047,0.023581,0.001638,0,0.00655,0,0.001638,0,0.008352,0,0,0,0.001638,0,D6141700,PR8B,06/28/2026 3:09:19 AM,FDM404,8M6HM2_HVF,8M6HM2_HVF,09/14/2026 10:30:11 AM,8M6HM2_HVF,D1D,2,8339702
D614171,202,HJ6CL202JKD4,0,0.021371,0.005158,0.003439,0.01482,0.003439,0,0.001719,0,0.009989,0,0,0.013101,0.095635,0,D6141710,PR8B,06/28/2026 1:54:48 PM,FDM402,8M6HM2_HVF,8M6HM2_HVF,09/15/2026 7:27:33 AM,8M6HM2_HVF,D1D,1,8339817
D614171,203,HJ6CL203JKA3,0,0.018013,0.040121,0.001638,0.001638,0.00655,0,0.005732,0,0.00655,0,0,0,0.003275,0,D6141710,PR8B,06/28/2026 1:54:48 PM,FDM402,8M6HM2_HVF,8M6HM2_HVF,07/26/2026 2:14:21 PM,8M6HM2_HVF,D1D,2,8339806
D613627,654,MCLPK654WAB3,0,0.016615,0.055274,0.057989,0.01933,0.028994,0,0,0,0,0.003475,0,0.281038,0.345217,0,D6136270,PXMG,07/04/2026 4:08:08 PM,FDM408,8M6HM2_HVF,8M6HM2_HVF,09/14/2026 8:19:09 AM,8M6HM2_HVF,D1D,1,8306896
D613627,669,MCLPK669WAF0,0,0.018591,0.027626,0.008687,0.012162,0.005212,0,0.006776,0,0.00695,0,0.001737,0.018765,0.030754,0,D6136270,PXMG,07/04/2026 4:08:08 PM,FDM408,8M6HM2_HVF,8M6HM2_HVF,09/13/2026 9:22:07 AM,8M6HM2_HVF,D1D,2,8306875
D614179,153,HJ7DC153JKD1,0,0.031605,0.075984,0.001638,0,0.044706,0,0,0,0,0,0,0,0.001638,0,D6141790,PR8B,07/04/2026 2:24:24 PM,FDM402,8M6HM2_HVF,8M6HM2_HVF,09/14/2026 3:07:17 PM,8M6HM2_HVF,D1D,1,8342944
D614179,154,HJ7DC154JKA0,0,0.041595,0.050438,0.001638,0,0.008188,0,0,0,0.006223,0,0,0.001638,0.001638,0,D6141790,PR8B,07/04/2026 2:24:24 PM,FDM402,8M6HM2_HVF,8M6HM2_HVF,09/15/2026 4:37:28 AM,8M6HM2_HVF,D1D,2,8342922
D613641,17,A2DFY017SLF4,0,0.003475,0.00695,0,0,0.003475,0,0,0,0.001737,0,0,0,0,,D6136410,PXMG,07/11/2026 2:39:28 AM,FDM404,8M6HM2_HVF,8M6HM2_HVF,09/06/2026 2:01:35 PM,8M6HM2_HVF,D1D,1,8309463
D613641,26,A2EGD026SLC6,0,0.005212,0.005212,0,0,0.00695,0,0,0,0.003475,0,0,0.010425,0.00695,,D6136410,PXMG,07/11/2026 2:39:28 AM,FDM404,8M6HM2_HVF,8M6HM2_HVF,09/05/2026 10:17:04 AM,8M6HM2_HVF,D1D,2,8309352
D613641,27,A2EGD027SLH0,0,0.005212,0.0139,0,0,0.001737,0,0.001737,0,0.008687,0,0,0,0.005212,,D6136410,PXMG,07/11/2026 4:55:36 AM,FDM408,8M6HM2_HVF,8M6HM2_HVF,09/11/2026 7:54:38 AM,8M6HM2_HVF,D1D,3,8309448
D613641,32,A2EGD032SLF0,0,0,0.008687,0,0.001737,0.008687,0,0,0,0.001737,0,0,0,0.003475,,D6136410,PXMG,07/11/2026 4:55:36 AM,FDM408,8M6HM2_HVF,8M6HM2_HVF,09/11/2026 7:43:49 AM,8M6HM2_HVF,D1D,4,8309370
D613641,33,A2EGD033SLB7,0,0.001737,0.010425,0.008687,0.001737,0.00695,0,0,0,0.008687,0.001737,0,0.005212,0.00695,,D6136410,PXMG,07/11/2026 4:55:36 AM,FDM408,8M6HM2_HVF,8M6HM2_HVF,09/05/2026 10:11:56 AM,8M6HM2_HVF,D1D,5,8309460
D613826,81,A2DK3081SLE7,0,0.004913,0.018013,0.001638,0,0,0,0.001638,0,0.00655,0.001638,0,0.001638,0.003275,,D6138260,PR8B,07/11/2026 5:00:30 AM,FDM404,8M6HM2_HVF,8M6HM2_HVF,09/15/2026 1:53:53 AM,8M6HM2_HVF,D1D,1,8328687
D613826,84,A2DK3084SLC7,0,0.009826,0.016376,0.003275,0,0,0,0.001638,0,0.00655,0,0,0.003275,0,,D6138260,PR8B,07/11/2026 5:00:30 AM,FDM404,8M6HM2_HVF,8M6HM2_HVF,09/15/2026 11:45:20 AM,8M6HM2_HVF,D1D,2,8328634
D613826,85,A2DK3085SLH1,0,0.009826,0.003275,0.001638,0,0.003275,0,0.001638,0,0.003275,0,0,0,0.001638,,D6138260,PR8B,07/11/2026 5:41:23 AM,FDM408,8M6HM2_HVF,8M6HM2_HVF,09/14/2026 3:11:30 PM,8M6HM2_HVF,D1D,3,8328631
D613826,103,A2DFY103SLF2,0,0.009826,0.008188,0,0,0.003275,0,0.003275,0,0.004913,0.001638,0,0,0.001638,,D6138260,PR8B,07/11/2026 5:41:23 AM,FDM408,8M6HM2_HVF,8M6HM2_HVF,09/14/2026 11:21:30 PM,8M6HM2_HVF,D1D,4,8328767
D613826,111,A2DFY111SLB2,0,0.014738,0.013101,0.003275,0.001638,0.004913,0,0,0,0.008188,0,0,0,0,,D6138260,PR8B,07/11/2026 5:41:23 AM,FDM408,8M6HM2_HVF,8M6HM2_HVF,09/15/2026 3:47:22 AM,8M6HM2_HVF,D1D,5,8328622
D614181,50,KJ5LY050WFA6,0,0.034389,0.012446,0,0,0.004913,0,0.001638,0,0.006878,0,0,0.001965,0.001638,0,D6141810,PR8B,07/08/2026 11:35:00 AM,FDM406,8M6HM2_HVF,8M6HM2_HVF,07/26/2026 3:24:03 PM,8M6HM2_HVF,D1D,1,8342863
D614181,55,KJ5LY055WFH2,0,0.029477,0.019651,0,0.001638,0.001638,0,0.003275,0,0,0,0.001638,0,0,,D6141810,PR8B,07/08/2026 11:35:00 AM,FDM406,8M6HM2_HVF,8M6HM2_HVF,09/15/2026 3:02:59 PM,8M6HM2_HVF,D1D,2,8342801
D614184,26,HJ6CL026JKB6,0,0.011463,0.051748,0,0,0.003275,0,0,0,0.003275,0.007205,0,0,0,0,D6141840,PR8B,07/10/2026 5:19:49 AM,FDM406,8M6HM2_HVF,8M6HM2_HVF,07/26/2026 3:16:13 PM,8M6HM2_HVF,D1D,1,8341772
D614184,27,HJ6CL027JKG0,0,0.03095,0.028167,0.003275,0.001638,0.001638,0,0,0,0.010317,0.014083,0.001638,0.001638,0,0,D6141840,PR8B,07/10/2026 5:19:49 AM,FDM406,8M6HM2_HVF,8M6HM2_HVF,07/26/2026 3:16:09 PM,8M6HM2_HVF,D1D,2,8341794
D614184,28,HJ6CL028JKC7,0,0.013146,0.043368,0.001965,0,0.001863,0,0.00393,0,0.005692,0,0.001863,0,0.001863,0,D6141840,PR8B,07/10/2026 6:53:24 AM,FDM410,8M6HM2_HVF,8M6HM2_HVF,07/26/2026 3:16:01 PM,8M6HM2_HVF,D1D,3,8341832
D614184,29,HJ6CL029JKH1,0,0.023918,0.064328,0,0,0,0,0,0,0,0,0,0.005057,0.024602,0,D6141840,PR8B,07/10/2026 6:53:24 AM,FDM410,8M6HM2_HVF,8M6HM2_HVF,07/26/2026 3:16:25 PM,8M6HM2_HVF,D1D,4,8341811
D614184,30,HJ6CL030JKC7,0,0.034647,0.078499,0.001696,0,0,0,0.001696,0,0,0.008843,0,0.001696,0.008843,0,D6141840,PR8B,07/10/2026 6:53:24 AM,FDM410,8M6HM2_HVF,8M6HM2_HVF,07/26/2026 3:16:20 PM,8M6HM2_HVF,D1D,5,8341790
D614172,529,HJ9GR529JKA4,0,0.018341,0.015066,0,0.001638,0.003275,0,0.003603,0,0.008843,0,0,0.003275,0.001638,0,D6141720,PR8B,07/09/2026 3:26:08 AM,FDM410,8M6HM2_HVF,8M6HM2_HVF,07/26/2026 3:16:56 PM,8M6HM2_HVF,D1D,1,8339898
D614172,530,HJ9GR530JKD5,0,0.019487,0.083845,0.00655,0,0.001638,0,0.003275,0,0.008024,0.001638,0,0.003275,0.001638,0,D6141720,PR8B,07/09/2026 3:26:08 AM,FDM410,8M6HM2_HVF,8M6HM2_HVF,07/26/2026 3:17:02 PM,8M6HM2_HVF,D1D,2,8340044
D614172,531,HJ9GR531JKA4,0,0.039384,0.072463,0.002047,0,0.010399,0,0.004094,0,0.012446,0.002047,0,0.004094,0.002047,0,D6141720,PR8B,07/09/2026 5:16:06 AM,FDM404,8M6HM2_HVF,8M6HM2_HVF,07/26/2026 3:16:28 PM,8M6HM2_HVF,D1D,3,8340053
D614172,532,HJ9GR532JKE6,0,0.012446,0.033571,0.003766,0,0.00917,0,0.003275,0,0.001638,0,0,0.001638,0.001638,0,D6141720,PR8B,07/09/2026 5:16:06 AM,FDM404,8M6HM2_HVF,8M6HM2_HVF,07/26/2026 3:16:32 PM,8M6HM2_HVF,D1D,4,8340017
D614172,533,HJ9GR533JKB5,0,0.007205,0.045525,0,0,0.012773,0,0,0,0,0,0,0.004913,0,0,D6141720,PR8B,07/09/2026 5:16:06 AM,FDM404,8M6HM2_HVF,8M6HM2_HVF,07/26/2026 3:16:40 PM,8M6HM2_HVF,D1D,5,8340111
D613612,53,A2CR1053SLD4,0,0.008687,0.031275,0.001737,0.003475,0.001737,0,0.001737,0,0.003475,0,0,0.001737,0.003475,,D6136120,PXMG,07/09/2026 7:16:25 AM,FDM408,8M6HM2_HVF,8M6HM2_HVF,08/29/2026 2:34:01 PM,8M6HM2_HVF,D1D,1,8303548
D613612,56,A2CR1056SLB4,0,0.001737,0.010425,0.005212,0,0.00695,0,0.001737,0,0,0,0,0.003475,0.005212,,D6136120,PXMG,07/09/2026 7:16:25 AM,FDM408,8M6HM2_HVF,8M6HM2_HVF,08/29/2026 2:32:47 PM,8M6HM2_HVF,D1D,2,8303559
D613612,58,A2CR1058SLC5,0,0.005212,0.017375,0.003475,0,0.00695,0,0.001737,0,0,0.001737,0,0,0,,D6136120,PXMG,07/09/2026 9:21:36 AM,FDM404,8M6HM2_HVF,8M6HM2_HVF,08/29/2026 3:00:54 AM,8M6HM2_HVF,D1D,3,8303402
D613612,117,A2DFY117SLE5,0,0.010772,0.015637,0,0,0.00834,0,0.001737,0,0.001737,0,0,0,0.001737,0,D6136120,PXMG,07/09/2026 9:21:36 AM,FDM404,8M6HM2_HVF,8M6HM2_HVF,08/29/2026 2:24:14 PM,8M6HM2_HVF,D1D,4,8303509
D613612,120,A2DFY120SLB4,0,0.010425,0.017375,0.001737,0.001737,0.005212,0,0.005212,0,0.001737,0,0,0.003475,0,,D6136120,PXMG,07/09/2026 9:21:36 AM,FDM404,8M6HM2_HVF,8M6HM2_HVF,08/29/2026 2:34:35 PM,8M6HM2_HVF,D1D,5,8303587
D614208,337,KJCJH337WFD2,0,0.006927,0.022513,0.003464,0.001732,0.005195,0,0.003464,0,0,0,0,0.012122,0.005195,,D6142080,PNCB,07/06/2026 11:38:02 PM,FDM404,8M6HM2_HVF,8M6HM2_HVF,09/12/2026 4:50:29 PM,8M6HM2_HVF,D1D,1,8358514
D614208,424,KJCJF424WFG4,0,0.014051,0.01779,0.006022,0.006022,0.005746,0,0.004015,0,0.002007,0,0,0.018065,0.018065,0,D6142080,PNCB,07/06/2026 11:38:02 PM,FDM404,8M6HM2_HVF,8M6HM2_HVF,09/12/2026 2:41:18 PM,8M6HM2_HVF,D1D,2,8358476
D614207,646,MCLPK646WAF3,0,0.001732,0.013854,0,0,0.008659,0,0.001732,0,0.005195,0,0,0.003464,0,,D6142070,PNCB,07/11/2026 7:30:00 PM,FDM410,8M6HM2_HVF,8M6HM2_HVF,08/26/2026 7:03:40 PM,8M6HM2_HVF,D1D,1,8360416
D614207,665,MCLPK665WAC6,0,0.005195,0.015586,0.003464,0.001732,0.006927,0,0.001732,0,0.038099,0,0,0.010391,0.005195,,D6142070,PNCB,07/11/2026 7:30:00 PM,FDM410,8M6HM2_HVF,8M6HM2_HVF,08/26/2026 6:42:41 AM,8M6HM2_HVF,D1D,2,8360487
D614182,592,KJD9Y592WFB3,0,0.021289,0.066159,0,0,0.004913,0,0.001638,0,0.008679,0,0,0.007042,0.001638,0,D6141820,PR8B,07/17/2026 2:24:43 AM,FDM402,8M6HM2_HVF,8M6HM2_HVF,07/26/2026 3:12:07 PM,8M6HM2_HVF,D1D,1,8343100
D614182,613,KJD9Y613WFF5,0,0.00655,0.08581,0,0.001638,0.017031,0,0,0,0.010153,0,0,0.003275,0,0,D6141820,PR8B,07/17/2026 2:24:43 AM,FDM402,8M6HM2_HVF,8M6HM2_HVF,07/26/2026 3:12:27 PM,8M6HM2_HVF,D1D,2,8343168
D614182,624,KJD9Y624WFH0,0,0.031769,0.04749,0,0.001638,0.003275,0,0.001638,0,0.007533,0.004913,0,0.001638,0.001638,0,D6141820,PR8B,07/17/2026 3:03:30 AM,FDM402,8M6HM2_HVF,8M6HM2_HVF,07/26/2026 3:12:00 PM,8M6HM2_HVF,D1D,3,8343185
D614182,634,KJD9Y634WFE1,0,0.024236,0.04487,0,0.001638,0.015393,0,0,0,0.001638,0.001638,0.00393,0,0,0,D6141820,PR8B,07/17/2026 3:03:30 AM,FDM402,8M6HM2_HVF,8M6HM2_HVF,07/26/2026 3:12:16 PM,8M6HM2_HVF,D1D,4,8343112
D614182,638,KJD9Y638WFG3,0,0.021125,0.059281,0.001638,0,0.012937,0,0,0,0.001638,0,0,0.001638,0.001638,0,D6141820,PR8B,07/17/2026 3:03:30 AM,FDM402,8M6HM2_HVF,8M6HM2_HVF,07/26/2026 3:12:19 PM,8M6HM2_HVF,D1D,5,8343127
D613642,60,A2EPZ060SLB0,0,0.002745,0.095249,0,0.00549,0.00549,0,0.002745,0,0.019217,0.004483,0,0.00549,0.013726,0,D6136420,PXMG,07/16/2026 9:07:23 PM,FDM410,8M6HM2_HVF,8M6HM2_HVF,07/26/2026 3:12:06 PM,8M6HM2_HVF,D1D,1,8309509
D613642,65,A2EPZ065SLA1,0,0.008687,0.019112,0.010425,0,0.00695,0,0.003475,0,0.00695,0,0,0.008687,0.005212,,D6136420,PXMG,07/16/2026 9:07:23 PM,FDM410,8M6HM2_HVF,8M6HM2_HVF,07/26/2026 3:04:53 PM,8M6HM2_HVF,D1D,2,8309478
D613642,72,A2EPZ072SLG5,0,0.005212,0.04865,0,0,0.015637,0,0.001737,0,0,0,0,0,0.001737,0,D6136420,PXMG,07/16/2026 10:02:09 PM,FDM410,8M6HM2_HVF,8M6HM2_HVF,07/26/2026 3:12:00 PM,8M6HM2_HVF,D1D,3,8309494
D613642,75,A2EPZ075SLE5,0,0.008253,0.035184,0,0.001737,0,0,0,0,0,0,0,0.003475,0,0,D6136420,PXMG,07/16/2026 10:02:09 PM,FDM410,8M6HM2_HVF,8M6HM2_HVF,07/26/2026 3:11:54 PM,8M6HM2_HVF,D1D,4,8309431
D613642,80,A2DD8080SLD5,0,0.010425,0.033012,0.001737,0,0,0,0.001737,0,0.003475,0,0,0.003475,0.001737,,D6136420,PXMG,07/16/2026 10:02:09 PM,FDM410,8M6HM2_HVF,8M6HM2_HVF,07/26/2026 3:12:13 PM,8M6HM2_HVF,D1D,5,8309466
D613632,26,HJ6TM026JKB4,0,0.0139,0.0278,0.003475,0,0.005212,0,0.005212,0,0.001737,0,0.001737,0.005212,0.005212,,D6136320,PXMG,07/18/2026 9:00:44 AM,FDM408,8M6HM2_HVF,8M6HM2_HVF,09/13/2026 5:21:30 PM,8M6HM2_HVF,D1D,1,8306819
D613632,27,HJ6TM027JKF6,0,0.0139,0.02085,0.005212,0.001737,0.0139,0,0.003475,0,0.00695,0,0,0.010425,0.0139,,D6136320,PXMG,07/18/2026 9:00:44 AM,FDM408,8M6HM2_HVF,8M6HM2_HVF,09/13/2026 5:37:03 PM,8M6HM2_HVF,D1D,2,8306728
D613632,28,HJ6TM028JKC5,0,0.00695,0.029537,0.003475,0.001737,0.015637,0,0.001737,0,0.005212,0.001737,0,0.005212,0.00695,,D6136320,PXMG,07/18/2026 9:59:10 AM,FDM402,8M6HM2_HVF,8M6HM2_HVF,09/12/2026 9:18:07 PM,8M6HM2_HVF,D1D,3,8306741
D613632,29,HJ6TM029JKG7,0,0.00695,0.008687,0.003475,0,0.003475,0,0,0,0.00695,0,0,0.001737,0.005212,,D6136320,PXMG,07/18/2026 9:59:10 AM,FDM402,8M6HM2_HVF,8M6HM2_HVF,09/12/2026 8:59:27 PM,8M6HM2_HVF,D1D,4,8306872
D613632,30,HJ6TM030JKC5,0.001737,0.010425,0.00695,0.00695,0.003475,0.008687,0,0.001737,0,0.003475,0,0,0.024325,0.015637,,D6136320,PXMG,07/18/2026 9:59:10 AM,FDM402,8M6HM2_HVF,8M6HM2_HVF,09/13/2026 9:29:43 AM,8M6HM2_HVF,D1D,5,8306779
D614185,617,KJD9Y617WFA4,0,0.033571,0.021944,0.001638,0,0.01654,0,0.001638,0,0.00655,0,0,0.003275,0.001638,0,D6141850,PR8B,07/16/2026 10:44:33 AM,FDM408,8M6HM2_HVF,8M6HM2_HVF,07/26/2026 3:12:05 PM,8M6HM2_HVF,D1D,1,8342911
D614185,631,KJD9Y631WFG1,0,0.028167,0.0488,0.004913,0,0.003275,0,0.001638,0,0.001638,0,0.001638,0.003275,0.003275,0,D6141850,PR8B,07/16/2026 10:44:33 AM,FDM408,8M6HM2_HVF,8M6HM2_HVF,07/26/2026 3:05:17 PM,8M6HM2_HVF,D1D,2,8342918
D614185,652,KJD9Y652WFE5,0,0.03963,0.012118,0,0,0.015393,0,0.001638,0,0.001638,0,0,0,0,0,D6141850,PR8B,07/16/2026 11:44:35 AM,FDM406,8M6HM2_HVF,8M6HM2_HVF,07/26/2026 3:12:09 PM,8M6HM2_HVF,D1D,3,8342900
D614185,672,KJD9Y672WFG2,0,0.054028,0.050987,0.005009,0.00167,0.018665,0,0,0,0.037629,0,0,0.016996,0.003339,0,D6141850,PR8B,07/16/2026 11:44:35 AM,FDM406,8M6HM2_HVF,8M6HM2_HVF,07/26/2026 3:04:59 PM,8M6HM2_HVF,D1D,4,8342879
D614185,676,KJD9Y676WFB1,0,0.030787,0.064193,0.009826,0.001638,0,0,0.003275,0,0,0.003275,0,0.003275,0.008188,0,D6141850,PR8B,07/16/2026 11:44:35 AM,FDM406,8M6HM2_HVF,8M6HM2_HVF,07/26/2026 3:05:29 PM,8M6HM2_HVF,D1D,5,8342839
D614180,76,A2DK3076SLG7,0,0.022762,0.045525,0,0,0.003275,0,0,0,0.013592,0.001638,0,0,0.004913,0,D6141800,PR8B,07/23/2026 3:09:46 AM,FDM408,8M6HM2_HVF,8M6HM2_HVF,07/26/2026 3:09:42 PM,8M6HM2_HVF,D1D,1,8342917
D614180,80,A2DK3080SLA5,0,0.021944,0.012118,0,0,0.004585,0,0,0,0.010481,0,0,0.003275,0.001638,0,D6141800,PR8B,07/23/2026 3:09:46 AM,FDM408,8M6HM2_HVF,8M6HM2_HVF,07/26/2026 3:09:34 PM,8M6HM2_HVF,D1D,2,8342830
D614180,83,A2DK3083SLG0,0,0.015672,0.042723,0.003906,0,0.003906,0,0,0,0,0,0,0.003906,0.001941,0,D6141800,PR8B,07/23/2026 4:44:13 AM,FDM402,8M6HM2_HVF,8M6HM2_HVF,07/26/2026 3:09:28 PM,8M6HM2_HVF,D1D,3,8342796
D614180,128,A2ECU128SLE6,0,0.009498,0.012446,0,0,0.004913,0,0.001638,0,0.003275,0,0,0.012446,0,0,D6141800,PR8B,07/23/2026 4:44:13 AM,FDM402,8M6HM2_HVF,8M6HM2_HVF,07/26/2026 3:09:22 PM,8M6HM2_HVF,D1D,4,8342828
D614180,132,A2ECU132SLF7,0,0.028112,0.042577,0,0,0.003821,0,0,0,0.014738,0.003821,0,0,0.001911,0,D6141800,PR8B,07/23/2026 4:44:13 AM,FDM402,8M6HM2_HVF,8M6HM2_HVF,07/26/2026 3:09:18 PM,8M6HM2_HVF,D1D,5,8342919
D614177,33,MCLXR033WAF2,0,0.019651,0.019651,0,0.003275,0.031114,0,0.003275,0,0.003275,0,0,0,0,,D6141770AF,PR8B,07/22/2026 5:01:08 AM,FDM410,8M6HM2_HVF,8M6HM2_HVF,07/26/2026 3:09:42 PM,8M6HM2_HVF,D1D,1,8979080
D614177,38,MCLXR038WAE3,0,0.014738,0.014738,0,0,0.014738,0,0.00655,0,0.003275,0.001638,0,0.001638,0.001638,,D6141770AF,PR8B,07/22/2026 5:01:08 AM,FDM410,8M6HM2_HVF,8M6HM2_HVF,07/26/2026 3:09:28 PM,8M6HM2_HVF,D1D,2,8979132
D614177,60,MCLXR060WAG0,0,0.038483,0.040121,0.003275,0,0.049128,0,0.005732,0,0.004094,0,0,0,0,0,D6141770AF,PR8B,07/22/2026 5:01:08 AM,FDM410,8M6HM2_HVF,8M6HM2_HVF,07/26/2026 3:09:22 PM,8M6HM2_HVF,D1D,3,8979113
D614177,62,MCLXR062WAH1,0,0.00655,0.014738,0,0,0.001638,0,0.004913,0,0.004913,0.001638,0,0.001638,0,,D6141770AF,PR8B,07/22/2026 5:01:08 AM,FDM410,8M6HM2_HVF,8M6HM2_HVF,07/26/2026 3:09:38 PM,8M6HM2_HVF,D1D,4,8979112
D614177,18,MCLXR018WAC6,0,0.013592,0.023909,0.001638,0,0.009826,0,0.003275,0,0.00655,0.001801,0,0.001638,0,0,D6141770,PR8B,07/20/2026 5:51:08 PM,FDM404,8M6HM2_HVF,8M6HM2_HVF,07/26/2026 3:10:05 PM,8M6HM2_HVF,D1D,1,8341810
D614177,32,MCLXR032WAB0,0,0.007205,0.024891,0.001638,0.001638,0.008188,0,0.001638,0,0.001638,0.002293,0,0.003275,0.004913,0,D6141770,PR8B,07/20/2026 5:51:08 PM,FDM404,8M6HM2_HVF,8M6HM2_HVF,07/26/2026 3:04:41 PM,8M6HM2_HVF,D1D,2,8341808
D614177,86,MCLXR086WAD5,0,0.019651,0.013101,0,0,0.004913,0,0.001638,0,0,0,0,0.001638,0.001638,,D6141770,PR8B,07/20/2026 7:16:15 PM,FDM402,8M6HM2_HVF,8M6HM2_HVF,07/26/2026 3:09:59 PM,8M6HM2_HVF,D1D,3,8341826
D614177,103,MCLXR103WAF5,0,0.018317,0.046944,0,0,0.003396,0,0,0,0.001698,0,0,0.001698,0.00655,0,D6141770,PR8B,07/20/2026 7:16:15 PM,FDM402,8M6HM2_HVF,8M6HM2_HVF,07/26/2026 3:10:11 PM,8M6HM2_HVF,D1D,4,8341795
D614177,104,MCLXR104WAC4,0,0.010153,0.017358,0.001638,0,0.007533,0,0.003275,0,0.001638,0,0,0,0.00262,0,D6141770,PR8B,07/20/2026 7:16:15 PM,FDM402,8M6HM2_HVF,8M6HM2_HVF,07/26/2026 3:09:53 PM,8M6HM2_HVF,D1D,5,8341908
D614176,28,A2DST028SLH1,0,0.019979,0.017031,0.003275,0.001638,0.003275,0,0.004585,0,0.009498,0,0,0.014738,0.002948,0,D6141760,PR8B,07/31/2026 12:54:52 AM,FDM406,8M6HM2_HVF,8M6HM2_HVF,07/31/2026 1:26:20 AM,8M6HM2_HVF,D1D,1,8340151
D614176,29,A2DST029SLE0,0,0.023909,0.018177,0,0,0.003275,0,0.006714,0,0.003275,0,0,0.010153,0.003275,0,D6141760,PR8B,07/31/2026 12:54:52 AM,FDM406,8M6HM2_HVF,8M6HM2_HVF,07/31/2026 1:24:50 AM,8M6HM2_HVF,D1D,2,8340083
D614176,36,A2DST036SLD1,0,0.020306,0.009498,0.004585,0,0.006223,0,0.001638,0,0.016703,0,0,0.004913,0,0,D6141760,PR8B,07/31/2026 1:53:39 AM,FDM404,8M6HM2_HVF,8M6HM2_HVF,07/31/2026 2:28:35 AM,8M6HM2_HVF,D1D,3,8340060
D614176,38,A2DST038SLE2,0,0.018832,0.02178,0.006714,0.001638,0,0,0,0,0.004913,0,0,0.011463,0.011627,0,D6141760,PR8B,07/31/2026 1:53:39 AM,FDM404,8M6HM2_HVF,8M6HM2_HVF,07/31/2026 2:31:21 AM,8M6HM2_HVF,D1D,4,8340233
D614176,129,A2CJE129SLF4,0,0.025874,0.017522,0.003275,0,0.009334,0,0,0,0.004749,0,0,0.012937,0,0,D6141760,PR8B,07/31/2026 1:53:39 AM,FDM404,8M6HM2_HVF,8M6HM2_HVF,07/31/2026 2:29:51 AM,8M6HM2_HVF,D1D,5,8340235
D614175,8,A2DWL008SLH1,0,0.014738,0.019651,0.003275,0,0.011463,0,0.001638,0,0.004913,0,0,0.001638,0,,D6141750,PR8B,08/11/2026 6:38:37 PM,FDM402,8M6HM2_HVF,8M6HM2_HVF,08/11/2026 7:21:32 PM,8M6HM2_HVF,D1D,1,8340112
D614175,16,A2DWL016SLD1,0,0.011463,0.016376,0,0,0.008188,0,0.001638,0,0.004913,0.001638,0,0,0,,D6141750,PR8B,08/11/2026 6:38:37 PM,FDM402,8M6HM2_HVF,8M6HM2_HVF,08/11/2026 7:20:07 PM,8M6HM2_HVF,D1D,2,8339939
D614178,178,HJ7DC178JKD7,0,0.014738,0.026201,0,0,0.004913,0,0,0,0,0,0,0.001638,0.003275,,D6141780,PR8B,08/16/2026 1:23:10 PM,FDM402,8M6HM2_HVF,8M6HM2_HVF,08/16/2026 1:48:19 PM,8M6HM2_HVF,D1D,1,8341773
D614178,179,HJ7DC179JKA6,0,0.021289,0.014738,0,0.001638,0.001638,0,0.001638,0,0.001638,0,0,0.003275,0.001638,,D6141780,PR8B,08/16/2026 1:23:10 PM,FDM402,8M6HM2_HVF,8M6HM2_HVF,08/16/2026 1:49:17 PM,8M6HM2_HVF,D1D,2,8341885
D613961,337,MCNFJ337WAD2,0,0.04573,0.028372,0,0,0.008345,0,0.003338,0,0.008011,0.004673,0,0.001669,0.003338,0,D6139610,PR8B,09/04/2026 9:03:02 AM,FDM404,8M6HM2_HVF,8M6HM2_HVF,09/04/2026 9:33:14 AM,8M6HM2_HVF,D1D,1,8337387
D613961,338,MCNFJ338WAA1,0,0.032712,0.018692,0,0,0.006676,0,0.005007,0,0.010348,0,0,0,0.001669,0,D6139610,PR8B,09/04/2026 9:03:02 AM,FDM404,8M6HM2_HVF,8M6HM2_HVF,09/04/2026 9:34:49 AM,8M6HM2_HVF,D1D,2,8337382
D616455,76,A2DY9076SLG7,0,0.009826,0.027839,0,0.001638,0.001638,0,0.001638,0,0.001638,0,0,0,0,,D6164550,PR8B,07/02/2026 10:59:02 PM,FDM410,8M6HM2_HVF,8M6HM2_HVF,09/15/2026 1:15:52 AM,8M6HM2_HVF,D1D,1,8422455
D616455,92,A2DY9092SLG2,0,0.015066,0.028494,0,0,0.001638,0,0.00393,0,0,0,0,0,0.001638,0,D6164550,PR8B,07/02/2026 10:59:02 PM,FDM410,8M6HM2_HVF,8M6HM2_HVF,09/14/2026 11:18:00 PM,8M6HM2_HVF,D1D,2,8422521
D615357,343,KJNQR343WFG5,0,0.005212,0.022587,0,0.001737,0.012162,0,0.001737,0,0.003475,0,0,0,0.003475,,D6153570,PXMG,07/03/2026 12:23:45 PM,FDM402,8M6HM2_HVF,8M6HM2_HVF,09/06/2026 7:03:00 AM,8M6HM2_HVF,D1D,1,8403888
D615357,350,KJNQR350WFF6,0,0.013477,0.06208,0.003851,0.001925,0.005776,0,0.001925,0,0,0.011176,0,0.001925,0.003851,0,D6153570,PXMG,07/03/2026 12:23:45 PM,FDM402,8M6HM2_HVF,8M6HM2_HVF,09/08/2026 4:03:00 AM,8M6HM2_HVF,D1D,2,8403877
D615440,611,MCMTN611WAA3,0,0.001737,0.024325,0.003475,0,0.001737,0,0.001737,0,0.001737,0,0,0,0,,D6154400,PXMG,06/29/2026 6:51:09 AM,FDM402,8M6HM2_HVF,8M6HM2_HVF,08/27/2026 7:19:53 PM,8M6HM2_HVF,D1D,1,8411946
D615440,641,MCMTN641WAG4,0,0.015637,0.015637,0,0.001737,0.003475,0,0,0,0.001737,0.001737,0,0.001737,0.003475,,D6154400,PXMG,06/29/2026 6:51:09 AM,FDM402,8M6HM2_HVF,8M6HM2_HVF,08/29/2026 2:11:44 PM,8M6HM2_HVF,D1D,2,8411880
D616487,233,MCMTL233WAF7,0,0.003475,0.036487,0.003475,0,0,0,0.003475,0,0.001737,0,0,0,0.005212,,D6164870,PXMG,07/03/2026 11:56:44 PM,FDM402,8M6HM2_HVF,8M6HM2_HVF,09/01/2026 12:51:38 AM,8M6HM2_HVF,D1D,1,8422431
D616487,234,MCMTL234WAC6,0,0.001737,0.06394,0,0,0.001737,0,0.001737,0,0,0.00556,0,0,0.001737,0,D6164870,PXMG,07/03/2026 11:56:44 PM,FDM402,8M6HM2_HVF,8M6HM2_HVF,08/28/2026 5:06:41 PM,8M6HM2_HVF,D1D,2,8422478
D615864,419,5DXPD419MVA5,0,0.038074,0.086751,0,0.002088,0.093957,0,0.006264,0,0,0,0,0.022967,0.002088,0,D6158640,PR8B,07/04/2026 1:15:14 PM,FDM402,8M6HM2_HVF,8M6HM2_HVF,07/26/2026 3:24:52 PM,8M6HM2_HVF,D1D,1,8412164
D615864,421,5DXPD421MVA5,0,0.004913,0.052403,0,0,0.008188,0,0,0,0.004913,0,0,0.008188,0,0,D6158640,PR8B,07/04/2026 1:15:14 PM,FDM402,8M6HM2_HVF,8M6HM2_HVF,07/26/2026 3:24:47 PM,8M6HM2_HVF,D1D,2,8412212
D615863,108,A2BDS108SLH1,0,0.023581,0.018669,0,0,0.00917,0,0.001638,0,0.003275,0,0,0.00262,0,0,D6158630,PR8B,07/11/2026 11:49:47 AM,FDM404,8M6HM2_HVF,8M6HM2_HVF,09/06/2026 1:04:03 AM,8M6HM2_HVF,D1D,1,8412011
D615863,109,A2BDS109SLE0,0,0.019651,0.009826,0,0,0.008188,0,0.001638,0,0.001638,0,0.001638,0,0.001638,,D6158630,PR8B,07/11/2026 11:49:47 AM,FDM404,8M6HM2_HVF,8M6HM2_HVF,09/08/2026 12:29:28 AM,8M6HM2_HVF,D1D,2,8412043
D615863,110,A2BDS110SLH1,0,0.036027,0.014738,0,0.001638,0.008188,0,0,0,0.004913,0,0,0.003275,0,,D6158630,PR8B,07/11/2026 12:27:36 PM,FDM406,8M6HM2_HVF,8M6HM2_HVF,09/08/2026 9:07:40 AM,8M6HM2_HVF,D1D,3,8412020
D615863,111,A2BJ8111SLE4,0,0.031114,0.026201,0.001638,0.008188,0.009826,0,0,0,0,0.001638,0,0.009826,0.062228,0,D6158630,PR8B,07/11/2026 12:27:36 PM,FDM406,8M6HM2_HVF,8M6HM2_HVF,09/05/2026 10:58:55 AM,8M6HM2_HVF,D1D,4,8412032
D615863,112,A2BDS112SLA7,0,0.056333,0.022599,0,0,0.004749,0,0,0,0.001638,0,0,0.001638,0.008024,0,D6158630,PR8B,07/11/2026 12:27:36 PM,FDM406,8M6HM2_HVF,8M6HM2_HVF,09/06/2026 8:00:48 AM,8M6HM2_HVF,D1D,5,8412071
D615359,39,A29TR039SLE7,0,0.020676,0.075407,0.003475,0.001737,0.008514,0,0,0,0.005212,0.001737,0,0.010251,0.005039,0,D6153590,PXMG,07/09/2026 8:19:43 AM,FDM406,8M6HM2_HVF,8M6HM2_HVF,08/29/2026 1:40:20 PM,8M6HM2_HVF,D1D,1,8408921
D615359,81,A29WM081SLA4,0,0.012162,0.019112,0,0,0.012162,0,0,0,0.003475,0,0,0,0.001737,,D6153590,PXMG,07/09/2026 8:19:43 AM,FDM406,8M6HM2_HVF,8M6HM2_HVF,08/29/2026 2:58:10 AM,8M6HM2_HVF,D1D,2,8409045
D615359,84,A29WM084SLF7,0,0.01251,0.021371,0,0,0.007124,0,0,0,0.005212,0,0,0.010425,0.028495,0,D6153590,PXMG,07/09/2026 9:52:31 AM,FDM406,8M6HM2_HVF,8M6HM2_HVF,08/29/2026 1:10:00 AM,8M6HM2_HVF,D1D,3,8408959
D615359,85,A29WM085SLC6,0,0.00695,0.02085,0,0,0.008687,0,0,0,0,0.001737,0,0,0.003475,,D6153590,PXMG,07/09/2026 9:52:31 AM,FDM406,8M6HM2_HVF,8M6HM2_HVF,08/29/2026 1:33:51 AM,8M6HM2_HVF,D1D,4,8409034
D615359,87,A29WM087SLD7,0,0.017027,0.04726,0,0,0.003475,0,0,0,0.001737,0,0,0,0.003475,0,D6153590,PXMG,07/09/2026 9:52:31 AM,FDM406,8M6HM2_HVF,8M6HM2_HVF,08/29/2026 3:05:29 AM,8M6HM2_HVF,D1D,5,8408945
D615449,8,MCPMT008WAD0,0,0.00695,0.005212,0,0,0.008687,0,0.001737,0,0.003475,0,0,0,0,,D6154490,PXMG,07/08/2026 9:44:31 PM,FDM408,8M6HM2_HVF,8M6HM2_HVF,08/28/2026 9:47:33 AM,8M6HM2_HVF,D1D,1,8415984
D615449,48,MCPMT048WAG2,0,0.00695,0.003475,0,0,0.024325,0,0.003475,0,0.005212,0,0,0,0.001737,,D6154490,PXMG,07/08/2026 9:44:31 PM,FDM408,8M6HM2_HVF,8M6HM2_HVF,08/28/2026 9:31:28 AM,8M6HM2_HVF,D1D,2,8415960
D615450,171,5DXPQ171MVB1,0,0.012162,0.0139,0,0,0,0,0.001737,0,0.003475,0,0,0.003475,0,,D6154500,PXMG,07/09/2026 5:07:41 AM,FDM408,8M6HM2_HVF,8M6HM2_HVF,09/06/2026 11:05:27 PM,8M6HM2_HVF,D1D,1,8415892
D615450,184,5DXPQ184MVD5,0,0.026584,0.021024,0,0,0.0278,0,0.001737,0,0,0.002259,0,0.003475,0.005734,0,D6154500,PXMG,07/09/2026 5:07:41 AM,FDM408,8M6HM2_HVF,8M6HM2_HVF,09/05/2026 6:50:17 AM,8M6HM2_HVF,D1D,2,8415877
D615450,185,5DXPQ185MVA4,0,0.012162,0.010425,0,0,0.008687,0,0.001737,0,0,0,0,0,0.001737,,D6154500,PXMG,07/09/2026 6:29:37 AM,FDM410,8M6HM2_HVF,8M6HM2_HVF,09/06/2026 10:29:04 PM,8M6HM2_HVF,D1D,3,8415896
D615450,194,5DXPQ194MVA6,0,0.014595,0.038051,0,0.001737,0.005212,0,0,0,0.004691,0.001737,0,0,0,0,D6154500,PXMG,07/09/2026 6:29:37 AM,FDM410,8M6HM2_HVF,8M6HM2_HVF,09/05/2026 7:28:14 AM,8M6HM2_HVF,D1D,4,8415950
D615450,196,5DXPQ196MVB7,0,0.007645,0.034402,0,0,0.003475,0,0,0,0,0.00834,0,0.003475,0,0,D6154500,PXMG,07/09/2026 6:29:37 AM,FDM410,8M6HM2_HVF,8M6HM2_HVF,09/06/2026 10:28:24 PM,8M6HM2_HVF,D1D,5,8415947
D615444,94,A2BDY094SLE2,0,0.012162,0.012162,0,0,0.005212,0,0,0,0.005212,0.001737,0,0,0.001737,,D6154440,PXMG,07/06/2026 3:39:23 AM,FDM402,8M6HM2_HVF,8M6HM2_HVF,07/26/2026 3:24:12 PM,8M6HM2_HVF,D1D,1,8412136
D615444,132,A2BP5132SLF1,0,0.010425,0.02085,0,0,0.001737,0,0.001737,0,0.001737,0,0,0.003475,0,,D6154440,PXMG,07/06/2026 3:39:23 AM,FDM402,8M6HM2_HVF,8M6HM2_HVF,07/26/2026 3:24:20 PM,8M6HM2_HVF,D1D,2,8412063
D615866,55,A2BTS055SLG6,0,0.041431,0.020961,0.001638,0,0.008024,0,0.001638,0,0.00655,0,0,0.001638,0.001638,0,D6158660,PR8B,07/09/2026 11:22:57 AM,FDM404,8M6HM2_HVF,8M6HM2_HVF,07/26/2026 3:16:44 PM,8M6HM2_HVF,D1D,1,8412055
D615866,56,A2BTS056SLD5,0,0.027839,0.021289,0,0.001638,0.003275,0,0.001638,0,0.004913,0,0,0.001638,0,0,D6158660,PR8B,07/09/2026 11:22:57 AM,FDM404,8M6HM2_HVF,8M6HM2_HVF,07/26/2026 3:16:25 PM,8M6HM2_HVF,D1D,2,8412044
D615866,57,A2BTS057SLA4,0,0.032752,0.021944,0,0.001638,0.008515,0,0.003275,0,0.006878,0,0,0.006878,0.003275,0,D6158660,PR8B,07/09/2026 7:11:36 PM,FDM404,8M6HM2_HVF,8M6HM2_HVF,07/26/2026 3:16:38 PM,8M6HM2_HVF,D1D,3,8412002
D615866,58,A2BTS058SLE6,0,0.020961,0.001638,0,0,0.014411,0,0.001638,0,0.010481,0,0,0,0.001638,0,D6158660,PR8B,07/09/2026 7:11:36 PM,FDM404,8M6HM2_HVF,8M6HM2_HVF,07/26/2026 3:16:32 PM,8M6HM2_HVF,D1D,4,8412004
D615866,59,A2BTS059SLB5,0,0.018832,0.013101,0,0.001638,0.010317,0,0.001638,0,0.008515,0,0,0,0.003275,0,D6158660,PR8B,07/09/2026 7:11:36 PM,FDM404,8M6HM2_HVF,8M6HM2_HVF,07/26/2026 3:16:19 PM,8M6HM2_HVF,D1D,5,8412103
D615354,667,HJ4EP667JKA3,0,0.011294,0.015985,0.003475,0,0.003649,0,0.001737,0,0.003649,0,0,0.007124,0.012162,0,D6153540,PXMG,07/08/2026 8:58:03 PM,FDM410,8M6HM2_HVF,8M6HM2_HVF,09/06/2026 10:53:44 PM,8M6HM2_HVF,D1D,1,8411711
D615354,701,HJ4EP701JKG0,0,0.0139,0.008687,0,0,0.003475,0,0.001737,0,0.001737,0.001737,0.001737,0,0.005212,,D6153540,PXMG,07/08/2026 8:58:03 PM,FDM410,8M6HM2_HVF,8M6HM2_HVF,09/08/2026 2:42:28 PM,8M6HM2_HVF,D1D,2,8411676
D615443,50,A27XC050SLA3,0,0.019112,0.010425,0,0,0.00695,0,0,0,0.001737,0.001737,0.001737,0.003475,0.003475,,D6154430,PXMG,07/07/2026 5:38:15 PM,FDM404,8M6HM2_HVF,8M6HM2_HVF,07/26/2026 3:24:12 PM,8M6HM2_HVF,D1D,1,8411894
D615443,52,A2CD1052SLB4,0,0.007471,0.02502,0,0.001737,0.008687,0,0,0,0,0.002259,0,0,0.008687,0,D6154430,PXMG,07/07/2026 5:38:15 PM,FDM404,8M6HM2_HVF,8M6HM2_HVF,07/26/2026 3:24:20 PM,8M6HM2_HVF,D1D,2,8411863
D616454,49,A2ECU049SLE1,0,0.033079,0.017686,0,0,0.008188,0,0.001638,0,0.003275,0,0.001638,0,0.003275,0,D6164540,PR8B,07/08/2026 9:31:49 PM,FDM408,8M6HM2_HVF,8M6HM2_HVF,07/26/2026 3:16:50 PM,8M6HM2_HVF,D1D,1,8422490
D616454,70,A2ECU070SLB4,0,0.026201,0.00655,0,0,0.004913,0,0.001638,0,0.003275,0,0,0,0,,D6164540,PR8B,07/08/2026 9:31:49 PM,FDM408,8M6HM2_HVF,8M6HM2_HVF,07/26/2026 3:16:44 PM,8M6HM2_HVF,D1D,2,8422529
D615865,46,A27XC046SLG5,0,0.003275,0.083517,0,0,0.003275,0,0,0,0.001638,0,0,0.009826,0.001638,0,D6158650,PR8B,07/05/2026 8:46:56 AM,FDM402,8M6HM2_HVF,8M6HM2_HVF,08/31/2026 12:48:44 AM,8M6HM2_HVF,D1D,1,8411893
D615865,47,A27XC047SLD4,0,0.008843,0.036682,0,0,0.00655,0,0.001638,0,0.00393,0.002293,0,0.002293,0.001638,0,D6158650,PR8B,07/05/2026 8:46:56 AM,FDM402,8M6HM2_HVF,8M6HM2_HVF,09/01/2026 7:03:24 AM,8M6HM2_HVF,D1D,2,8411694
D616495,765,5DXOE765MVA7,0,0.010425,0.015637,0,0,0,0,0.001737,0,0.005212,0.001737,0,0.001737,0,,D6164950,PXMG,07/17/2026 3:36:09 AM,FDM410,8M6HM2_HVF,8M6HM2_HVF,07/26/2026 3:12:07 PM,8M6HM2_HVF,D1D,1,8425678
D616495,767,5DXOE767MVC0,0,0.010425,0.017375,0.003475,0.001737,0.005212,0,0.005212,0,0.005212,0,0,0.010425,0.010425,,D6164950,PXMG,07/17/2026 3:36:09 AM,FDM410,8M6HM2_HVF,8M6HM2_HVF,07/26/2026 3:11:48 PM,8M6HM2_HVF,D1D,2,8425617
D616495,769,5DXOE769MVD1,0,0.00695,0.017375,0,0,0.00695,0,0.003475,0,0.001737,0,0,0.001737,0,,D6164950,PXMG,07/17/2026 4:41:55 AM,FDM402,8M6HM2_HVF,8M6HM2_HVF,07/26/2026 3:12:04 PM,8M6HM2_HVF,D1D,3,8425657
D616495,770,5DXOE770MVG2,0,0.0139,0.010425,0,0,0.00695,0,0.001737,0,0.001737,0.003475,0,0,0,,D6164950,PXMG,07/17/2026 4:41:55 AM,FDM402,8M6HM2_HVF,8M6HM2_HVF,07/26/2026 3:11:59 PM,8M6HM2_HVF,D1D,4,8425775
D616495,772,5DXOE772MVA0,0,0.012162,0.008687,0,0,0.003475,0,0.001737,0,0,0,0,0.001737,0.003475,,D6164950,PXMG,07/17/2026 4:41:55 AM,FDM402,8M6HM2_HVF,8M6HM2_HVF,07/26/2026 3:12:16 PM,8M6HM2_HVF,D1D,5,8425551
D616494,355,5DXPR355MVA3,0,0.010425,0.017375,0.001737,0.001737,0.00695,0,0.001737,0,0.00695,0.001737,0,0,0,,D6164940,PXMG,07/15/2026 7:32:07 PM,FDM410,8M6HM2_HVF,8M6HM2_HVF,09/05/2026 7:20:19 AM,8M6HM2_HVF,D1D,1,8425372
D616494,359,5DXPR359MVC5,0,0.005212,0.012162,0,0.001737,0.001737,0,0.003475,0,0.003475,0.001737,0,0.003475,0.001737,,D6164940,PXMG,07/15/2026 7:32:07 PM,FDM410,8M6HM2_HVF,8M6HM2_HVF,09/05/2026 6:42:18 AM,8M6HM2_HVF,D1D,2,8425228
D616494,362,5DXPR362MVG7,0,0.015116,0.046043,0,0,0.003475,0,0,0,0.006429,0.005907,0,0.002954,0,0,D6164940,PXMG,07/15/2026 7:32:07 PM,FDM410,8M6HM2_HVF,8M6HM2_HVF,09/05/2026 7:12:07 AM,8M6HM2_HVF,D1D,3,8425270
D616494,366,5DXPR366MVB6,0,0.008687,0.017375,0,0,0,0,0.001737,0,0.003475,0,0,0.003475,0.001737,,D6164940,PXMG,07/15/2026 7:32:07 PM,FDM410,8M6HM2_HVF,8M6HM2_HVF,09/03/2026 4:04:38 AM,8M6HM2_HVF,D1D,4,8425528
D615448,495,MCNFK495WAG4,0,0.0139,0.024325,0.001737,0.001737,0.00695,0,0,0,0.00695,0,0,0,0.001737,,D6154480,PXMG,07/16/2026 6:50:36 AM,FDM406,8M6HM2_HVF,8M6HM2_HVF,09/11/2026 6:53:55 AM,8M6HM2_HVF,D1D,1,8415749
D615448,500,MCNFK500WAC7,0,0.014669,0.023158,0,0,0.00628,0,0,0,0.00211,0.00417,0,0,0,0,D6154480,PXMG,07/16/2026 6:50:36 AM,FDM406,8M6HM2_HVF,8M6HM2_HVF,09/11/2026 7:25:53 AM,8M6HM2_HVF,D1D,2,8415750
D615448,508,MCNFK508WAA0,0,0.0139,0.015637,0,0,0.005212,0,0,0,0.001737,0.001737,0,0.001737,0.001737,,D6154480,PXMG,07/16/2026 8:08:15 AM,FDM404,8M6HM2_HVF,8M6HM2_HVF,09/11/2026 7:29:31 AM,8M6HM2_HVF,D1D,3,8415714
D615448,510,MCNFK510WAA0,0,0.011248,0.021856,0,0.002378,0.004115,0,0.001737,0,0.002378,0.001737,0,0,0.011888,0,D6154480,PXMG,07/16/2026 8:08:15 AM,FDM404,8M6HM2_HVF,8M6HM2_HVF,09/11/2026 7:30:38 AM,8M6HM2_HVF,D1D,4,8415740
D615448,513,MCNFK513WAF3,0,0.012162,0.010425,0,0,0.005212,0,0.001737,0,0.003475,0,0,0,0,,D6154480,PXMG,07/16/2026 8:08:15 AM,FDM404,8M6HM2_HVF,8M6HM2_HVF,09/11/2026 7:02:47 AM,8M6HM2_HVF,D1D,5,8415711
D615439,57,KJD2E057WFC5,0,0.016332,0.028147,0.005212,0,0.009904,0,0.001737,0,0.003475,0.002954,0,0,0.005212,0,D6154390,PXMG,07/14/2026 11:03:11 AM,FDM404,8M6HM2_HVF,8M6HM2_HVF,09/14/2026 10:47:07 PM,8M6HM2_HVF,D1D,1,8412024
D615439,67,KJD2E067WFH1,0,0.003475,0.008687,0,0,0.003475,0,0,0,0.001737,0,0,0,0,,D6154390,PXMG,07/14/2026 11:03:11 AM,FDM404,8M6HM2_HVF,8M6HM2_HVF,09/15/2026 11:06:28 AM,8M6HM2_HVF,D1D,2,8411959
D615439,73,KJD2E073WFC0,0,0.005212,0.00695,0,0,0.00695,0,0,0,0,0.001737,0,0,0,,D6154390,PXMG,07/14/2026 11:51:33 AM,FDM406,8M6HM2_HVF,8M6HM2_HVF,09/15/2026 10:56:18 AM,8M6HM2_HVF,D1D,3,8412129
D615439,160,KJD2E160WFG0,0,0,0.005212,0,0,0.005212,0,0.003475,0,0.001737,0.001737,0,0,0.001737,,D6154390,PXMG,07/14/2026 11:51:33 AM,FDM406,8M6HM2_HVF,8M6HM2_HVF,09/13/2026 4:03:38 PM,8M6HM2_HVF,D1D,4,8412133
D615439,223,KJD2E223WFH2,0,0.010425,0.010425,0,0,0.003475,0,0,0,0.001737,0,0,0,0,,D6154390,PXMG,07/14/2026 11:51:33 AM,FDM406,8M6HM2_HVF,8M6HM2_HVF,09/13/2026 4:19:57 PM,8M6HM2_HVF,D1D,5,8412076
D616458,94,A2DD8094SLD0,0,0.008188,0.00655,0,0,0.001638,0,0.009826,0,0.00655,0,0,0.004913,0,,D6164580,PR8B,07/14/2026 8:51:28 AM,FDM408,8M6HM2_HVF,8M6HM2_HVF,07/26/2026 3:12:50 PM,8M6HM2_HVF,D1D,1,8422689
D616458,104,A2CR1104SLG4,0,0.018832,0.015557,0,0,0.004913,0,0.007369,0,0.004913,0,0,0.003275,0.004094,0,D6164580,PR8B,07/14/2026 8:51:28 AM,FDM408,8M6HM2_HVF,8M6HM2_HVF,07/26/2026 3:12:44 PM,8M6HM2_HVF,D1D,2,8422722
D616496,425,HK0SX425JKG0,0,0.009035,0.040657,0.001737,0.001737,0.005212,0,0.005386,0,0.003475,0.001737,0,0.003475,0.017896,0,D6164960,PXMG,07/14/2026 4:49:20 AM,FDM404,8M6HM2_HVF,8M6HM2_HVF,09/12/2026 4:06:21 AM,8M6HM2_HVF,D1D,1,8429667
D616496,433,HK0SX433JKC0,0,0.008687,0.0278,0.003475,0.003475,0.003475,0,0.001737,0,0.005212,0,0,0.001737,0.005212,,D6164960,PXMG,07/14/2026 4:49:20 AM,FDM404,8M6HM2_HVF,8M6HM2_HVF,09/14/2026 10:55:25 PM,8M6HM2_HVF,D1D,2,8429520
D616496,435,HK0SX435JKD1,0,0.015637,0.026062,0.001737,0.003475,0.00695,0,0.001737,0,0.005212,0,0,0,0.005212,,D6164960,PXMG,07/14/2026 5:54:39 AM,FDM404,8M6HM2_HVF,8M6HM2_HVF,09/15/2026 11:01:04 AM,8M6HM2_HVF,D1D,3,8429503
D616496,436,HK0SX436JKA0,0,0.008861,0.04309,0.003475,0.00695,0.003475,0,0.005386,0,0.001737,0,0.001737,0.005212,0.017375,0,D6164960,PXMG,07/14/2026 5:54:39 AM,FDM404,8M6HM2_HVF,8M6HM2_HVF,09/14/2026 10:44:58 PM,8M6HM2_HVF,D1D,4,8429545
D616496,437,HK0SX437JKE2,0,0.010425,0.057685,0.001737,0.003475,0.001737,0,0.005212,0,0.006255,0.004517,0,0.004517,0.008687,0,D6164960,PXMG,07/14/2026 5:54:39 AM,FDM404,8M6HM2_HVF,8M6HM2_HVF,09/12/2026 3:56:07 AM,8M6HM2_HVF,D1D,5,8429666
D615452,42,A2CM6042SLD6,0,0.008687,0.012162,0.003475,0.001737,0,0,0.003475,0,0.003475,0,0,0.001737,0.003475,,D6154520,PXMG,07/14/2026 4:40:43 AM,FDM408,8M6HM2_HVF,8M6HM2_HVF,09/14/2026 7:06:25 AM,8M6HM2_HVF,D1D,1,8418078
D615452,50,A2CM6050SLH1,0,0.00695,0.017375,0,0.001737,0.001737,0,0.003475,0,0,0.001737,0,0.001737,0.003475,,D6154520,PXMG,07/14/2026 4:40:43 AM,FDM408,8M6HM2_HVF,8M6HM2_HVF,09/14/2026 7:19:00 AM,8M6HM2_HVF,D1D,2,8418108
D615452,116,A2CR1116SLE6,0,0.001737,0.022587,0,0.003475,0.003475,0,0.001737,0,0.005212,0.003475,0,0.010425,0.017375,,D6154520,PXMG,07/14/2026 6:17:49 AM,FDM408,8M6HM2_HVF,8M6HM2_HVF,09/14/2026 6:53:06 AM,8M6HM2_HVF,D1D,3,8418172
D615452,177,A2DMV177SLH2,0,0.00695,0.0139,0,0,0,0,0.003475,0,0.003475,0.001737,0,0,0.00695,,D6154520,PXMG,07/14/2026 6:17:49 AM,FDM408,8M6HM2_HVF,8M6HM2_HVF,09/14/2026 7:17:30 AM,8M6HM2_HVF,D1D,4,8418022
D615452,178,A2DMV178SLE1,0,0.010425,0.029537,0.003475,0,0.003475,0,0.005212,0,0.017375,0,0,0,0.001737,,D6154520,PXMG,07/14/2026 6:17:49 AM,FDM408,8M6HM2_HVF,8M6HM2_HVF,09/14/2026 7:13:43 AM,8M6HM2_HVF,D1D,5,8418125
D615360,26,A2CJQ026SLF4,0,0.00695,0.003475,0,0,0.005212,0,0.001737,0,0.003475,0,0,0.001737,0.001737,,D6153600,PXMG,07/13/2026 11:16:59 AM,FDM408,8M6HM2_HVF,8M6HM2_HVF,08/29/2026 2:24:00 AM,8M6HM2_HVF,D1D,1,8411937
D615360,60,A2BTS060SLE6,0,0.008687,0.010425,0.001737,0.001737,0.005212,0,0,0,0,0,0,0,0.003475,,D6153600,PXMG,07/13/2026 11:16:59 AM,FDM408,8M6HM2_HVF,8M6HM2_HVF,08/29/2026 3:27:06 AM,8M6HM2_HVF,D1D,2,8411940
D615360,68,A2BTS068SLB7,0,0.010425,0.010425,0.001737,0,0.003475,0,0,0,0.001737,0,0.001737,0.001737,0,,D6153600,PXMG,07/13/2026 12:11:54 PM,FDM406,8M6HM2_HVF,8M6HM2_HVF,08/29/2026 2:06:20 PM,8M6HM2_HVF,D1D,3,8412005
D615360,82,A2CJQ082SLA6,0,0.008687,0.015637,0.001737,0,0.001737,0,0.001737,0,0.005212,0,0,0.001737,0.00695,,D6153600,PXMG,07/13/2026 12:11:54 PM,FDM406,8M6HM2_HVF,8M6HM2_HVF,08/29/2026 2:58:09 AM,8M6HM2_HVF,D1D,4,8412040
D615360,91,A2CJQ091SLB0,0,0.017375,0.017375,0.001737,0,0.00695,0,0,0,0.003475,0,0,0.001737,0.001737,,D6153600,PXMG,07/13/2026 12:11:54 PM,FDM406,8M6HM2_HVF,8M6HM2_HVF,08/29/2026 3:22:09 AM,8M6HM2_HVF,D1D,5,8411992
D615441,683,MCNYA683WAA6,0,0.005212,0.00695,0.001737,0.001737,0,0,0.001737,0,0.005212,0.001737,0,0,0,,D6154410,PXMG,07/13/2026 1:18:33 PM,FDM406,8M6HM2_HVF,8M6HM2_HVF,08/31/2026 9:01:44 AM,8M6HM2_HVF,D1D,1,8411710
D615441,685,MCNYA685WAB7,0,0.005212,0.010425,0.005212,0,0.001737,0,0,0,0,0,0,0.001737,0.003475,,D6154410,PXMG,07/13/2026 1:18:33 PM,FDM406,8M6HM2_HVF,8M6HM2_HVF,08/30/2026 2:38:24 AM,8M6HM2_HVF,D1D,2,8411847
D615441,688,MCNYA688WAH2,0,0.010599,0.013031,0.001737,0,0.007124,0,0,0,0.003475,0.001911,0,0,0.007297,0,D6154410,PXMG,07/13/2026 3:20:36 PM,FDM408,8M6HM2_HVF,8M6HM2_HVF,09/02/2026 11:22:29 AM,8M6HM2_HVF,D1D,3,8411695
D615441,691,MCNYA691WAE1,0,0.00695,0.005212,0,0,0.003475,0,0,0,0.003475,0,0,0,0,,D6154410,PXMG,07/13/2026 3:20:36 PM,FDM408,8M6HM2_HVF,8M6HM2_HVF,09/01/2026 4:24:44 PM,8M6HM2_HVF,D1D,4,8411864
D615441,698,MCNYA698WAE3,0,0.010425,0.008687,0.001737,0,0.003475,0,0.003475,0,0,0,0,0.001737,0.001737,,D6154410,PXMG,07/13/2026 3:20:36 PM,FDM408,8M6HM2_HVF,8M6HM2_HVF,09/01/2026 10:15:56 PM,8M6HM2_HVF,D1D,5,8411744
D615445,524,MCNFK524WAG6,0,0.014942,0.038225,0.004517,0,0.010425,0,0.004517,0,0.003475,0,0,0.007992,0.006255,0,D6154450,PXMG,07/12/2026 4:14:15 AM,FDM406,8M6HM2_HVF,8M6HM2_HVF,09/06/2026 1:44:14 PM,8M6HM2_HVF,D1D,1,8415548
D615445,540,MCNFK540WAG1,0,0.015637,0.024325,0.001737,0,0.0139,0,0,0,0.003475,0.003475,0,0.001737,0.005212,,D6154450,PXMG,07/12/2026 4:14:15 AM,FDM406,8M6HM2_HVF,8M6HM2_HVF,09/06/2026 2:02:29 PM,8M6HM2_HVF,D1D,2,8415544
D615445,637,MCNFK637WAB0,0,0.015637,0.0139,0.001737,0,0.005212,0,0,0,0.003475,0.001737,0,0.005212,0,,D6154450,PXMG,07/12/2026 5:16:38 AM,FDM408,8M6HM2_HVF,8M6HM2_HVF,09/06/2026 2:04:07 PM,8M6HM2_HVF,D1D,3,8415597
D615445,678,MCNYA678WAC6,0,0.015637,0.017375,0,0,0.00695,0,0,0,0.003475,0,0,0,0.001737,,D6154450,PXMG,07/12/2026 5:16:38 AM,FDM408,8M6HM2_HVF,8M6HM2_HVF,08/30/2026 1:32:57 PM,8M6HM2_HVF,D1D,4,8415629
D615445,679,MCNYA679WAH0,0,0.017375,0.026062,0,0,0.010425,0,0,0,0.001737,0,0,0.001737,0.001737,,D6154450,PXMG,07/12/2026 5:16:38 AM,FDM408,8M6HM2_HVF,8M6HM2_HVF,09/06/2026 10:29:59 PM,8M6HM2_HVF,D1D,5,8415488
D615352,646,MCNYA646WAC7,0,0.00695,0.010425,0,0,0.003475,0,0,0,0.00695,0,0,0,0.001737,,D6153520,PXMG,07/12/2026 9:16:03 AM,FDM404,8M6HM2_HVF,8M6HM2_HVF,09/08/2026 7:58:24 PM,8M6HM2_HVF,D1D,1,8411832
D615352,647,MCNYA647WAH1,0,0.008687,0.003475,0.001737,0,0.0139,0,0.001737,0,0,0,0,0.001737,0.003475,,D6153520,PXMG,07/12/2026 9:16:03 AM,FDM404,8M6HM2_HVF,8M6HM2_HVF,09/08/2026 4:18:27 AM,8M6HM2_HVF,D1D,2,8411781
D615352,648,MCNYA648WAE0,0,0.008687,0.012162,0.005212,0,0.00695,0,0.001737,0,0.008687,0.001737,0,0,0,,D6153520,PXMG,07/12/2026 10:40:41 AM,FDM406,8M6HM2_HVF,8M6HM2_HVF,09/08/2026 8:21:23 PM,8M6HM2_HVF,D1D,3,8411789
D615352,649,MCNYA649WAA7,0,0.008687,0.019112,0.001737,0.001737,0.00695,0,0.003475,0,0.001737,0.001737,0,0.003475,0.001737,,D6153520,PXMG,07/12/2026 10:40:41 AM,FDM406,8M6HM2_HVF,8M6HM2_HVF,09/08/2026 2:06:42 PM,8M6HM2_HVF,D1D,4,8411795
D615352,652,MCNYA652WAF1,0,0.008398,0.021139,0.001737,0,0.008687,0,0.001737,0,0.003475,0,0,0,0,0,D6153520,PXMG,07/12/2026 10:40:41 AM,FDM406,8M6HM2_HVF,8M6HM2_HVF,09/09/2026 3:34:46 AM,8M6HM2_HVF,D1D,5,8411933
D616457,32,A2DFY032SLA5,0,0.015066,0.013592,0,0,0.003439,0,0.008515,0,0.008352,0.001801,0.001638,0,0,0,D6164570,PR8B,07/12/2026 11:17:59 AM,FDM406,8M6HM2_HVF,8M6HM2_HVF,07/26/2026 3:14:47 PM,8M6HM2_HVF,D1D,1,8422623
D616457,45,A2DY9045SLD7,0,0.032097,0.021944,0,0,0.004913,0,0.001638,0,0.003275,0,0,0,0,0,D6164570,PR8B,07/12/2026 11:17:59 AM,FDM406,8M6HM2_HVF,8M6HM2_HVF,07/26/2026 3:14:40 PM,8M6HM2_HVF,D1D,2,8422628
D616457,51,A2DY9051SLG1,0,0.008188,0.016376,0,0,0.00655,0,0.001638,0,0.00655,0,0,0.003275,0,,D6164570,PR8B,07/12/2026 11:57:13 AM,FDM410,8M6HM2_HVF,8M6HM2_HVF,07/26/2026 3:14:28 PM,8M6HM2_HVF,D1D,3,8422681
D616457,52,A2DMV052SLA0,0,0.018013,0.009826,0,0,0.003275,0,0.001638,0,0.001638,0,0,0,0,,D6164570,PR8B,07/12/2026 11:57:13 AM,FDM410,8M6HM2_HVF,8M6HM2_HVF,07/26/2026 3:14:53 PM,8M6HM2_HVF,D1D,4,8422760
D616457,53,A2DY9053SLH2,0,0.026201,0.013101,0.003275,0,0.009826,0,0.003275,0,0.00655,0,0,0.003275,0,,D6164570,PR8B,07/12/2026 11:57:13 AM,FDM410,8M6HM2_HVF,8M6HM2_HVF,07/26/2026 3:14:39 PM,8M6HM2_HVF,D1D,5,8422626
D615351,7,KJD9W007WFA4,0,0.003475,0.036487,0,0,0.015637,0,0.001737,0,0.001737,0.001737,0.001737,0,0.001737,,D6153510,PXMG,07/12/2026 10:18:15 AM,FDM410,8M6HM2_HVF,8M6HM2_HVF,08/27/2026 1:21:40 AM,8M6HM2_HVF,D1D,1,8408915
D615351,9,KJD9W009WFB5,0,0.017035,0.066673,0,0,0.003892,0,0,0,0,0.005599,0,0,0.005838,0,D6153510,PXMG,07/12/2026 10:18:15 AM,FDM410,8M6HM2_HVF,8M6HM2_HVF,08/27/2026 11:21:32 AM,8M6HM2_HVF,D1D,2,8408882
D615351,36,KJD9W036WFC3,0,0.009209,0.051082,0,0,0.005212,0,0,0,0.003475,0.001737,0,0.001737,0.005734,0,D6153510,PXMG,07/12/2026 11:16:35 AM,FDM404,8M6HM2_HVF,8M6HM2_HVF,08/26/2026 11:11:10 PM,8M6HM2_HVF,D1D,3,8408806
D615351,39,KJD9W039WFA3,0,0.010673,0.023084,0,0,0.00695,0,0.001737,0,0.001737,0.00273,0,0,0,0,D6153510,PXMG,07/12/2026 11:16:35 AM,FDM404,8M6HM2_HVF,8M6HM2_HVF,08/27/2026 1:40:17 AM,8M6HM2_HVF,D1D,4,8408943
D615351,43,KJD9W043WFB4,0,0.026931,0.037356,0.001737,0,0.010425,0,0.003475,0,0.010425,0,0,0.001737,0.001737,0,D6153510,PXMG,07/12/2026 11:16:35 AM,FDM404,8M6HM2_HVF,8M6HM2_HVF,08/26/2026 11:20:01 PM,8M6HM2_HVF,D1D,5,8408964
D615353,15,MCPMT015WAC1,0,0.008687,0.005212,0,0,0,0,0,0,0,0.001737,0,0.003475,0,,D6153530,PXMG,07/12/2026 9:13:59 AM,FDM406,8M6HM2_HVF,8M6HM2_HVF,09/01/2026 9:57:34 AM,8M6HM2_HVF,D1D,1,8412107
D615353,50,MCPMT050WAG2,0,0.015985,0.021197,0,0.001737,0.003475,0,0.001737,0,0.005212,0.003127,0,0.003127,0.005212,0,D6153530,PXMG,07/12/2026 9:13:59 AM,FDM406,8M6HM2_HVF,8M6HM2_HVF,09/01/2026 10:16:41 PM,8M6HM2_HVF,D1D,2,8412163
D615353,57,MCPMT057WAG4,0,0.008687,0.005212,0,0,0.005212,0,0,0,0.003475,0,0,0.00695,0.001737,,D6153530,PXMG,07/12/2026 10:22:42 AM,FDM406,8M6HM2_HVF,8M6HM2_HVF,09/13/2026 10:30:43 AM,8M6HM2_HVF,D1D,3,8412185
D615353,74,MCPMT074WAC6,0,0.007297,0.021719,0,0,0.007124,0,0.001737,0,0.014074,0,0,0.001737,0.003649,0,D6153530,PXMG,07/12/2026 10:22:42 AM,FDM406,8M6HM2_HVF,8M6HM2_HVF,09/01/2026 9:48:07 PM,8M6HM2_HVF,D1D,4,8412051
D615353,75,MCPMT075WAH0,0,0.00695,0.02085,0,0,0.003475,0,0.001737,0,0.005212,0,0,0.003475,0,,D6153530,PXMG,07/12/2026 10:22:42 AM,FDM406,8M6HM2_HVF,8M6HM2_HVF,09/02/2026 11:28:56 AM,8M6HM2_HVF,D1D,5,8412127
D615356,331,KJNQR331WFB0,0,0.00695,0.039962,0.003475,0,0.008687,0,0.001737,0,0.008687,0.001737,0,0.003475,0,,D6153560Q,PXMG,07/12/2026 1:36:59 PM,FDM410,8M6HM2_HVF,8M6HM2_HVF,09/11/2026 8:39:02 PM,8M6HM2_HVF,D1D,1,8922726
D615356,351,KJNQR351WFC5,0,0.02237,0.013791,0.002063,0,0.014443,0,0,0,0.005864,0.005538,0,0.001737,0.01238,0,D6153560Q,PXMG,07/12/2026 1:36:59 PM,FDM410,8M6HM2_HVF,8M6HM2_HVF,09/11/2026 8:55:08 PM,8M6HM2_HVF,D1D,2,8922769
D615356,390,KJNQR390WFB5,0,0.003475,0.00695,0.005212,0.001737,0.001737,0,0,0,0.003475,0,0,0.019112,0.022587,,D6153560Q,PXMG,07/12/2026 1:36:59 PM,FDM410,8M6HM2_HVF,8M6HM2_HVF,09/11/2026 7:03:49 AM,8M6HM2_HVF,D1D,3,8922765
D615356,391,KJNQR391WFF7,0,0.00695,0.019112,0,0,0.00695,0,0.003475,0,0.001737,0,0,0.001737,0.001737,,D6153560Q,PXMG,07/12/2026 1:36:59 PM,FDM410,8M6HM2_HVF,8M6HM2_HVF,09/11/2026 9:48:18 PM,8M6HM2_HVF,D1D,4,8922757
D615447,40,MCNFM040WAD7,0,0.010425,0.00695,0,0,0.003475,0,0,0,0.005212,0,0,0.001737,0.003475,,D6154470,PXMG,07/24/2026 7:54:40 AM,FDM408,8M6HM2_HVF,8M6HM2_HVF,07/26/2026 3:08:33 PM,8M6HM2_HVF,D1D,1,8415779
D615447,46,MCNFM046WAH2,0,0.0139,0.008687,0,0.003475,0.008687,0,0,0,0.00695,0,0,0.015637,0,,D6154470,PXMG,07/24/2026 7:54:40 AM,FDM408,8M6HM2_HVF,8M6HM2_HVF,07/26/2026 3:08:26 PM,8M6HM2_HVF,D1D,2,8415774
D615447,68,MCNFM068WAC5,0,0.005212,0.017375,0,0,0.001737,0,0.003475,0,0.003475,0,0,0.00695,0,,D6154470,PXMG,07/24/2026 8:43:42 AM,FDM402,8M6HM2_HVF,8M6HM2_HVF,07/26/2026 3:08:51 PM,8M6HM2_HVF,D1D,3,8415661
D615447,80,MCNFM080WAH1,0,0,0.008687,0,0,0.001737,0,0,0,0,0,0,0,0.003475,,D6154470,PXMG,07/24/2026 8:43:42 AM,FDM402,8M6HM2_HVF,8M6HM2_HVF,07/26/2026 3:08:43 PM,8M6HM2_HVF,D1D,4,8415731
D615447,108,MCNFM108WAE2,0,0.008687,0.015637,0,0,0.0139,0,0,0,0.001737,0.001737,0,0,0,,D6154470,PXMG,07/24/2026 8:43:42 AM,FDM402,8M6HM2_HVF,8M6HM2_HVF,07/26/2026 3:08:49 PM,8M6HM2_HVF,D1D,5,8415659
D615973,245,5DXPB245MVF4,0,0.03832,0.053385,0.001638,0,0.00655,0,0.003275,0,0.003275,0,0,0.001638,0,0,D6159730,PR8B,07/23/2026 3:38:58 AM,FDM406,8M6HM2_HVF,8M6HM2_HVF,09/13/2026 11:43:14 AM,8M6HM2_HVF,D1D,1,8421419
D615973,259,5DXPB259MVE7,0,0.031114,0.01392,0.001638,0,0.00655,0,0.001638,0,0.010644,0,0,0.004913,0,0,D6159730,PR8B,07/23/2026 3:38:58 AM,FDM406,8M6HM2_HVF,8M6HM2_HVF,09/13/2026 2:22:59 AM,8M6HM2_HVF,D1D,2,8421459
D615973,297,5DXPB297MVH0,0,0.01785,0.039793,0.001638,0,0.001638,0,0.001638,0,0.004749,0.003111,0,0.00655,0,0,D6159730,PR8B,07/23/2026 4:51:45 AM,FDM410,8M6HM2_HVF,8M6HM2_HVF,09/11/2026 3:00:37 PM,8M6HM2_HVF,D1D,3,8421499
D615973,313,5DXPB313MVE6,0.001638,0.01916,0.025219,0,0,0.004749,0,0.001638,0,0.003275,0,0,0.003275,0.001638,0,D6159730,PR8B,07/23/2026 4:51:45 AM,FDM410,8M6HM2_HVF,8M6HM2_HVF,09/15/2026 4:23:16 AM,8M6HM2_HVF,D1D,4,8421434
D615973,536,5DXPE536MVD6,0,0.009826,0.012282,0.003275,0,0,0,0.003275,0,0.013101,0,0,0.00655,0.007369,0,D6159730,PR8B,07/23/2026 4:51:45 AM,FDM410,8M6HM2_HVF,8M6HM2_HVF,09/14/2026 1:30:17 PM,8M6HM2_HVF,D1D,5,8421422
D616500,12,KJD2F012WFA5,0,0.001737,0.031275,0,0,0.005212,0,0.001737,0,0.001737,0.001737,0,0,0.010425,,D6165000,PXMG,07/21/2026 9:43:53 PM,FDM402,8M6HM2_HVF,8M6HM2_HVF,07/26/2026 3:09:34 PM,8M6HM2_HVF,D1D,1,8429592
D616500,21,KJD2F021WFA7,0,0.017201,0.037356,0,0,0.035271,0,0.001737,0,0.007471,0,0.001737,0.001737,0,0,D6165000,PXMG,07/21/2026 9:43:53 PM,FDM402,8M6HM2_HVF,8M6HM2_HVF,09/15/2026 7:29:51 AM,8M6HM2_HVF,D1D,2,8429401
D616500,38,KJD2F038WFF5,0,0.02085,0.031275,0,0.001737,0.033012,0,0.001737,0,0.005212,0,0,0.0139,0.005212,,D6165000,PXMG,07/21/2026 11:21:50 PM,FDM402,8M6HM2_HVF,8M6HM2_HVF,07/26/2026 3:09:28 PM,8M6HM2_HVF,D1D,3,8429461
D616500,39,KJD2F039WFC4,0,0.00695,0.0139,0.00695,0.001737,0.001737,0,0.003475,0,0,0,0,0.001737,0,,D6165000,PXMG,07/21/2026 11:21:50 PM,FDM402,8M6HM2_HVF,8M6HM2_HVF,09/14/2026 6:03:22 PM,8M6HM2_HVF,D1D,4,8429472
D616500,66,KJD2F066WFD2,0,0.023851,0.019918,0,0,0.036345,0,0.016206,0,0.007203,0,0.001911,0.005513,0.007203,0,D6165000,PXMG,07/21/2026 11:21:50 PM,FDM402,8M6HM2_HVF,8M6HM2_HVF,07/26/2026 3:09:03 PM,8M6HM2_HVF,D1D,5,8429491
D616464,668,MCMTG668WAF6,0,0.037131,0.094035,0,0,0.011093,0,0.002219,0,0.004437,0,0,0.004437,0.002219,0,D6164640,PR8B,07/21/2026 5:13:40 AM,FDM410,8M6HM2_HVF,8M6HM2_HVF,07/26/2026 3:09:46 PM,8M6HM2_HVF,D1D,1,8425174
D616464,675,MCMTG675WAE7,0,0.018832,0.035208,0,0,0.001638,0,0,0,0.001638,0,0,0,0,0,D6164640,PR8B,07/21/2026 5:13:40 AM,FDM410,8M6HM2_HVF,8M6HM2_HVF,07/26/2026 3:09:34 PM,8M6HM2_HVF,D1D,2,8425155
D616464,677,MCMTG677WAG0,0,0.014738,0.063538,0.001638,0,0,0,0.001638,0,0.001638,0,0,0.003275,0.011791,0,D6164640,PR8B,07/21/2026 6:23:04 AM,FDM404,8M6HM2_HVF,8M6HM2_HVF,07/26/2026 3:09:40 PM,8M6HM2_HVF,D1D,3,8425304
D616464,690,MCMTG690WAA0,0,0.041677,0.542615,0,0,0,0,0.041677,0,0.730569,0.083763,0.208793,0.167525,0.271307,0,D6164640,PR8B,07/21/2026 6:23:04 AM,FDM404,8M6HM2_HVF,8M6HM2_HVF,07/26/2026 3:04:47 PM,8M6HM2_HVF,D1D,4,8425176
D616464,693,MCMTG693WAF3,0,0.035809,0.057388,0,0,0.006004,0,0.011791,0,0.002001,0,0,0,0,0,D6164640,PR8B,07/21/2026 6:23:04 AM,FDM404,8M6HM2_HVF,8M6HM2_HVF,07/26/2026 3:09:53 PM,8M6HM2_HVF,D1D,5,8425138
D616492,50,A2DST050SLB3,0,0.003475,0.017375,0.001737,0,0.00695,0,0.005212,0,0.005212,0,0,0,0,,D6164920,PXMG,07/20/2026 2:14:24 PM,FDM406,8M6HM2_HVF,8M6HM2_HVF,09/06/2026 1:42:35 PM,8M6HM2_HVF,D1D,1,8425227
D616492,60,A2DY9060SLG3,0,0.032916,0.045368,0,0.001737,0.002992,0,0.002992,0,0.020946,0.002992,0,0,0.002992,0,D6164920,PXMG,07/20/2026 2:14:24 PM,FDM406,8M6HM2_HVF,8M6HM2_HVF,09/06/2026 10:29:29 PM,8M6HM2_HVF,D1D,2,8425184
D616492,68,A2DY9068SLD4,0,0.00695,0.005212,0,0.001737,0.005212,0,0.001737,0,0.003475,0,0,0,0.00695,,D6164920,PXMG,07/20/2026 4:25:42 PM,FDM408,8M6HM2_HVF,8M6HM2_HVF,07/26/2026 3:09:57 PM,8M6HM2_HVF,D1D,3,8425218
D616492,69,A2DY9069SLA3,0,0.005212,0.026062,0,0,0.003475,0,0,0,0.005212,0,0,0,0,,D6164920,PXMG,07/20/2026 4:25:42 PM,FDM408,8M6HM2_HVF,8M6HM2_HVF,09/06/2026 2:03:09 PM,8M6HM2_HVF,D1D,4,8425303
D616492,70,A2DY9070SLD4,0,0.008687,0.034923,0.001737,0.001737,0.005039,0,0,0,0,0,0,0,0,0,D6164920,PXMG,07/20/2026 4:25:42 PM,FDM408,8M6HM2_HVF,8M6HM2_HVF,09/06/2026 1:59:13 PM,8M6HM2_HVF,D1D,5,8425248
D615442,636,HJ4EP636JKE6,0,0.005212,0.005212,0,0,0.012162,0,0,0,0.003475,0,0,0.003475,0.001737,,D6154420,PXMG,07/19/2026 9:07:43 PM,FDM402,8M6HM2_HVF,8M6HM2_HVF,07/26/2026 3:10:29 PM,8M6HM2_HVF,D1D,1,8412270
D615442,637,HJ4EP637JKB5,0,0.00695,0.02085,0,0.001737,0.001737,0,0.001737,0,0.001737,0,0,0.001737,0.001737,,D6154420,PXMG,07/19/2026 9:07:43 PM,FDM402,8M6HM2_HVF,8M6HM2_HVF,09/12/2026 6:31:16 AM,8M6HM2_HVF,D1D,2,8412224
D615442,638,HJ4EP638JKF7,0,0.012162,0.0139,0.001737,0,0.00695,0,0,0,0.001737,0,0,0.005212,0,,D6154420,PXMG,07/19/2026 9:55:15 PM,FDM410,8M6HM2_HVF,8M6HM2_HVF,09/11/2026 7:03:57 AM,8M6HM2_HVF,D1D,3,8412234
D615442,639,HJ4EP639JKC6,0,0.010425,0.0139,0,0,0.001737,0,0,0,0,0,0,0.001737,0.001737,,D6154420,PXMG,07/19/2026 9:55:15 PM,FDM410,8M6HM2_HVF,8M6HM2_HVF,09/11/2026 7:04:50 AM,8M6HM2_HVF,D1D,4,8412275
D615442,640,HJ4EP640JKF7,0,0.012857,0.01112,0.001911,0,0.003649,0,0.001737,0,0.003475,0,0,0,0,0,D6154420,PXMG,07/19/2026 9:55:15 PM,FDM410,8M6HM2_HVF,8M6HM2_HVF,07/26/2026 3:10:52 PM,8M6HM2_HVF,D1D,5,8412251
D615977,176,5DXPQ176MVA2,0,0.039823,0.037614,0,0,0.006886,0,0.001722,0,0.009095,0.00393,0,0.00393,0.003443,0,D6159770,PR8B,07/30/2026 11:01:34 AM,FDM410,8M6HM2_HVF,8M6HM2_HVF,07/30/2026 11:34:12 AM,8M6HM2_HVF,D1D,1,8421233
D615977,177,5DXPQ177MVE4,0,0.045852,0.072054,0.003275,0,0.00655,0,0.003275,0,0.011463,0,0.001638,0.003275,0,0,D6159770,PR8B,07/30/2026 11:01:34 AM,FDM410,8M6HM2_HVF,8M6HM2_HVF,07/30/2026 11:32:58 AM,8M6HM2_HVF,D1D,2,8421180
D615977,182,5DXPQ182MVC4,0,0.031816,0.069948,0.003556,0,0,0,0.001778,0,0.005334,0.001778,0,0.005334,0,0,D6159770,PR8B,07/30/2026 11:57:51 AM,FDM402,8M6HM2_HVF,8M6HM2_HVF,07/30/2026 4:00:45 PM,8M6HM2_HVF,D1D,3,8421314
D615977,187,5DXPQ187MVB5,0,0.017686,0.027511,0.00655,0.004913,0.00655,0,0,0,0.008843,0,0,0.008188,0.004913,0,D6159770,PR8B,07/30/2026 11:57:51 AM,FDM402,8M6HM2_HVF,8M6HM2_HVF,07/30/2026 4:00:59 PM,8M6HM2_HVF,D1D,4,8421264
D615977,189,5DXPQ189MVC6,0,0.035044,0.043396,0.001638,0,0.011463,0,0.001638,0,0.004913,0.003439,0,0.00655,0.003275,0,D6159770,PR8B,07/30/2026 11:57:51 AM,FDM402,8M6HM2_HVF,8M6HM2_HVF,07/30/2026 4:00:40 PM,8M6HM2_HVF,D1D,5,8421298
D616460,337,MCMTL337WAH2,0,0.033571,0.031933,0,0,0,0,0,0,0.004913,0,0,0,0.001638,0,D6164600,PR8B,07/29/2026 12:03:37 PM,FDM408,8M6HM2_HVF,8M6HM2_HVF,07/29/2026 12:32:16 PM,8M6HM2_HVF,D1D,1,8422495
D616460,360,MCMTL360WAF6,0,0.026201,0.021289,0,0,0.016376,0,0.001638,0,0.003275,0,0,0,0,,D6164600,PR8B,07/29/2026 12:03:37 PM,FDM408,8M6HM2_HVF,8M6HM2_HVF,07/29/2026 12:30:47 PM,8M6HM2_HVF,D1D,2,8422511
D616460,404,MCMTL404WAC2,0,0.018013,0.014738,0,0,0.004913,0,0,0,0,0.003275,0,0,0.003275,,D6164600,PR8B,07/29/2026 12:46:38 PM,FDM410,8M6HM2_HVF,8M6HM2_HVF,07/29/2026 1:19:40 PM,8M6HM2_HVF,D1D,3,8422492
D616460,435,MCMTL435WAF2,0,0.014902,0.02702,0.001638,0,0.011791,0,0,0,0.003275,0.008515,0,0.001638,0.001638,0,D6164600,PR8B,07/29/2026 12:46:38 PM,FDM410,8M6HM2_HVF,8M6HM2_HVF,07/29/2026 1:18:18 PM,8M6HM2_HVF,D1D,4,8422531
D616460,439,MCMTL439WAA1,0,0.005568,0.051093,0.001638,0,0.005568,0,0,0,0.001638,0,0,0.001638,0,0,D6164600,PR8B,07/29/2026 12:46:38 PM,FDM410,8M6HM2_HVF,8M6HM2_HVF,07/29/2026 1:17:27 PM,8M6HM2_HVF,D1D,5,8422501
D616470,9,MCPMT009WAH2,0,0.029251,0.079248,0.002089,0.004179,0.008357,0,0.007985,0,0.008357,0.024327,0,0,0.016342,0,D6164700,PR8B,07/27/2026 6:56:25 PM,FDM404,8M6HM2_HVF,8M6HM2_HVF,07/27/2026 7:23:03 PM,8M6HM2_HVF,D1D,1,8425354
D616470,19,MCPMT019WAE3,0,0.020142,0.072218,0.003275,0,0.00655,0,0.003275,0,0.004913,0.003275,0,0.01523,0.011954,0,D6164700,PR8B,07/27/2026 6:56:25 PM,FDM404,8M6HM2_HVF,8M6HM2_HVF,07/27/2026 7:24:44 PM,8M6HM2_HVF,D1D,2,8425175
D616470,20,MCPMT020WAA1,0,0.017522,0.02702,0,0.004913,0.00655,0,0.001638,0,0.003111,0,0,0.016212,0.018013,0,D6164700,PR8B,07/27/2026 8:05:06 PM,FDM406,8M6HM2_HVF,8M6HM2_HVF,07/27/2026 8:48:44 PM,8M6HM2_HVF,D1D,3,8425299
D616470,21,MCPMT021WAE3,0,0.040612,0.0488,0.004421,0,0.004913,0,0.003275,0,0.001638,0.004421,0,0.004913,0,0,D6164700,PR8B,07/27/2026 8:05:06 PM,FDM406,8M6HM2_HVF,8M6HM2_HVF,07/27/2026 8:47:00 PM,8M6HM2_HVF,D1D,4,8425219
D616470,22,MCPMT022WAB2,0,0.026201,0.034389,0.001638,0,0.004913,0,0,0,0.003275,0.004913,0,0.00655,0.003275,0,D6164700,PR8B,07/27/2026 8:05:06 PM,FDM406,8M6HM2_HVF,8M6HM2_HVF,07/27/2026 8:49:59 PM,8M6HM2_HVF,D1D,5,8425215
D616468,350,5DXPR350MVB2,0,0.032916,0.021944,0.004913,0.001638,0.017522,0,0.003275,0,0.015393,0,0,0.007697,0.004421,0,D6164680,PR8B,08/08/2026 5:28:08 AM,FDM410,8M6HM2_HVF,8M6HM2_HVF,08/08/2026 6:01:23 AM,8M6HM2_HVF,D1D,1,8425448
D616468,374,5DXPR374MVF1,0,0.019625,0.039992,0.005042,0,0.006723,0,0.010282,0,0.005042,0,0,0.003361,0,0,D6164680,PR8B,08/08/2026 5:28:08 AM,FDM410,8M6HM2_HVF,8M6HM2_HVF,08/08/2026 5:59:20 AM,8M6HM2_HVF,D1D,2,8425610
D616469,178,5DXPQ178MVB3,0,0.008188,0.014738,0,0,0.003275,0,0.004913,0,0.018013,0,0,0,0.003275,,D6164690,PR8B,08/02/2026 4:37:32 PM,FDM408,8M6HM2_HVF,8M6HM2_HVF,08/02/2026 5:11:58 PM,8M6HM2_HVF,D1D,1,8425706
D616469,190,5DXPQ190MVF7,0,0.024891,0.037173,0.001638,0.003275,0.001638,0,0.003275,0,0.008188,0,0,0,0.011627,0,D6164690,PR8B,08/02/2026 4:37:32 PM,FDM408,8M6HM2_HVF,8M6HM2_HVF,08/02/2026 5:13:50 PM,8M6HM2_HVF,D1D,2,8425565
D616469,191,5DXPQ191MVC6,0,0.018013,0.004913,0.003275,0,0.00655,0,0.004913,0,0.013101,0.004913,0,0.004913,0.003275,,D6164690,PR8B,08/02/2026 5:20:12 PM,FDM402,8M6HM2_HVF,8M6HM2_HVF,08/02/2026 5:57:34 PM,8M6HM2_HVF,D1D,3,8425628
D616469,192,5DXPQ192MVH0,0,0.009826,0.014738,0.001638,0.004913,0.00655,0,0.003275,0,0.004913,0,0,0.011463,0.008188,,D6164690,PR8B,08/02/2026 5:20:12 PM,FDM402,8M6HM2_HVF,8M6HM2_HVF,08/02/2026 5:54:08 PM,8M6HM2_HVF,D1D,4,8425620
D616469,200,5DXPQ200MVB3,0,0.014738,0.018013,0.004913,0,0.003275,0,0.001638,0,0.003275,0.003275,0,0.013101,0.001638,,D6164690,PR8B,08/02/2026 5:20:12 PM,FDM402,8M6HM2_HVF,8M6HM2_HVF,08/02/2026 5:55:57 PM,8M6HM2_HVF,D1D,5,8425532
D615453,429,MCNFJ429WAG3,0,0.011424,0.074944,0.002534,0,0.005068,0,0.002534,0,0,0,0,0,0.002534,0,D6154530,PXMG,08/07/2026 2:59:17 AM,FDM402,8M6HM2_HVF,8M6HM2_HVF,08/07/2026 3:20:11 AM,8M6HM2_HVF,D1D,1,8418269
D615453,430,MCNFJ430WAC1,0,0.008687,0.012162,0.001737,0,0.005212,0,0.001737,0,0.010425,0,0,0.001737,0.00695,,D6154530,PXMG,08/07/2026 4:03:39 AM,FDM404,8M6HM2_HVF,8M6HM2_HVF,08/07/2026 4:51:31 AM,8M6HM2_HVF,D1D,2,8418260
D615453,491,MCNFJ491WAD7,0,0.010946,0.02502,0,0,0.005734,0,0,0,0.003475,0.001737,0,0.001737,0.008687,0,D6154530,PXMG,08/07/2026 4:03:39 AM,FDM404,8M6HM2_HVF,8M6HM2_HVF,08/07/2026 4:52:50 AM,8M6HM2_HVF,D1D,3,8418206
D615453,498,MCNFK498WAE4,0,0.021545,0.034402,0,0,0.00834,0,0.001737,0,0.00695,0,0,0,0.001737,0,D6154530,PXMG,08/07/2026 4:03:39 AM,FDM404,8M6HM2_HVF,8M6HM2_HVF,08/07/2026 4:54:31 AM,8M6HM2_HVF,D1D,4,8418160
D615453,502,MCNFK502WAE0,0,0.005212,0.008687,0,0,0.005212,0,0,0,0.005212,0,0,0,0.001737,,D6154530,PXMG,08/07/2026 4:03:39 AM,FDM404,8M6HM2_HVF,8M6HM2_HVF,08/07/2026 4:55:18 AM,8M6HM2_HVF,D1D,5,8418275
D616461,603,MCPNY603WAD4,0,0.013101,0.00655,0,0,0.014738,0,0,0,0.001638,0,0,0.003275,0.003275,,D6164610,PR8B,08/06/2026 9:41:20 PM,FDM406,8M6HM2_HVF,8M6HM2_HVF,08/06/2026 10:05:17 PM,8M6HM2_HVF,D1D,1,8429177
D616461,622,MCPNY622WAA7,0,0.025874,0.028167,0.001638,0.003275,0,0,0,0,0.003275,0,0,0,0.001638,0,D6164610,PR8B,08/06/2026 10:54:28 PM,FDM404,8M6HM2_HVF,8M6HM2_HVF,08/06/2026 11:33:51 PM,8M6HM2_HVF,D1D,2,8429172
D616461,659,MCNYA659WAF3,0,0.008843,0.022599,0,0,0.00393,0,0.005568,0,0.00655,0,0,0,0.001638,0,D6164610,PR8B,08/06/2026 10:54:28 PM,FDM404,8M6HM2_HVF,8M6HM2_HVF,08/06/2026 11:32:50 PM,8M6HM2_HVF,D1D,3,8429280
D616461,676,MCPNY676WAD4,0,0.024782,0.044124,0,0,0.003396,0,0,0,0.003396,0.009498,0,0.003396,0.004749,0,D6164610,PR8B,08/06/2026 10:54:28 PM,FDM404,8M6HM2_HVF,8M6HM2_HVF,08/06/2026 11:31:25 PM,8M6HM2_HVF,D1D,4,8429140
D616461,677,MCPNY677WAA3,0,0.014738,0.018013,0.003275,0,0.008188,0,0.001638,0,0.004913,0,0,0.001638,0,,D6164610,PR8B,08/06/2026 10:54:28 PM,FDM404,8M6HM2_HVF,8M6HM2_HVF,08/06/2026 11:29:59 PM,8M6HM2_HVF,D1D,5,8429389
D616481,472,5DXRZ472MVE6,0,0.034062,0.035044,0.001638,0,0.00655,0,0.001638,0,0,0.002948,0,0,0.001638,0,D6164810,PR8B,08/09/2026 2:04:19 AM,FDM404,8M6HM2_HVF,8M6HM2_HVF,08/09/2026 2:34:19 AM,8M6HM2_HVF,D1D,1,8431054
D616481,486,5DXRZ486MVE1,0,0.021289,0.011463,0,0,0.003275,0,0.001638,0,0.001638,0,0,0.001638,0,,D6164810,PR8B,08/09/2026 2:04:19 AM,FDM404,8M6HM2_HVF,8M6HM2_HVF,08/09/2026 2:35:41 AM,8M6HM2_HVF,D1D,2,8431120
D616471,106,A2EPZ106SLG0,0,0.034553,0.018341,0.003275,0,0.003275,0,0.001638,0,0.00655,0,0,0.003275,0.004421,0,D6164710,PR8B,08/21/2026 12:16:48 PM,FDM404,8M6HM2_HVF,8M6HM2_HVF,08/21/2026 12:45:37 PM,8M6HM2_HVF,D1D,1,8425159
D616471,107,A2EPZ107SLC7,0,0.022653,0.020015,0.003396,0.001698,0.006793,0,0.002456,0,0.002456,0,0,0.005095,0.005853,0,D6164710,PR8B,08/21/2026 12:16:48 PM,FDM404,8M6HM2_HVF,8M6HM2_HVF,08/21/2026 12:43:53 PM,8M6HM2_HVF,D1D,2,8425385
D616476,76,HJ6CL076JKC1,0,0.08712,0.140193,0,0,0.008345,0,0.003338,0,0,0.016356,0,0,0,0,D6164760,PR8B,08/28/2026 12:43:05 AM,FDM406,8M6HM2_HVF,8M6HM2_HVF,08/28/2026 1:11:38 AM,8M6HM2_HVF,D1D,1,8429247
D616476,77,HJ6CL077JKG3,0,0.031377,0.067092,0,0,0.005007,0,0.001669,0,0,0.001669,0,0.008345,0,0,D6164760,PR8B,08/28/2026 12:43:05 AM,FDM406,8M6HM2_HVF,8M6HM2_HVF,08/28/2026 1:09:22 AM,8M6HM2_HVF,D1D,2,8429287
D616482,576,MCPNY576WAE3,0,0.013352,0.008345,0.003338,0.001669,0.003338,0,0.011683,0,0.003338,0,0,0,0.005007,,D6164820,PR8B,08/28/2026 9:34:25 AM,FDM406,8M6HM2_HVF,8M6HM2_HVF,08/28/2026 10:00:51 AM,8M6HM2_HVF,D1D,1,8434627
D616482,589,MCPNY589WAG7,0,0.016553,0.051329,0,0,0.005518,0,0.007357,0,0.007357,0.005007,0,0,0.003679,0,D6164820,PR8B,08/28/2026 9:34:25 AM,FDM406,8M6HM2_HVF,8M6HM2_HVF,08/28/2026 10:02:22 AM,8M6HM2_HVF,D1D,2,8434729
D615976,639,KJ67D639WFA0,0,0.008687,0.019112,0,0,0.001737,0,0.001737,0,0.001737,0.001737,0,0.012162,0.001737,,D6159760,PXMG,08/27/2026 6:31:39 PM,FDM402,8M6HM2_HVF,8M6HM2_HVF,08/27/2026 7:05:35 PM,8M6HM2_HVF,D1D,1,8382488
D615976,722,KJ67D722WFB6,0,0.00695,0.031275,0.001737,0,0.00695,0,0.003475,0,0.005212,0.001737,0,0.001737,0.005212,,D6159760,PXMG,08/27/2026 6:31:39 PM,FDM402,8M6HM2_HVF,8M6HM2_HVF,08/27/2026 7:06:54 PM,8M6HM2_HVF,D1D,2,8382479
D616473,553,MCPNY553WAE6,0,0.008345,0.015021,0.001669,0,0.003338,0,0.001669,0,0.005007,0.001669,0,0.001669,0.001669,,D6164730,PR8B,08/27/2026 11:03:07 AM,FDM406,8M6HM2_HVF,8M6HM2_HVF,08/27/2026 1:55:01 PM,8M6HM2_HVF,D1D,1,8429400
D616473,555,MCPNY555WAF7,0,0.015521,0.027371,0.001669,0,0.001669,0,0.001669,0,0.005174,0.005341,0,0,0.003338,0,D6164730,PR8B,08/27/2026 11:03:07 AM,FDM406,8M6HM2_HVF,8M6HM2_HVF,08/27/2026 1:56:48 PM,8M6HM2_HVF,D1D,2,8429416
D616467,89,A2CR1089SLF5,0,0.018692,0.071098,0.001669,0,0.012017,0,0,0,0.001669,0.003338,0,0,0.005007,0,D6164670,PR8B,08/27/2026 6:29:18 AM,FDM406,8M6HM2_HVF,8M6HM2_HVF,08/27/2026 7:21:47 AM,8M6HM2_HVF,D1D,1,8425328
D616467,114,A2DST114SLG7,0,0.022901,0.07864,0,0,0.007037,0,0,0,0.007037,0.004691,0,0.009197,0.002346,0,D6164670,PR8B,08/27/2026 6:29:18 AM,FDM406,8M6HM2_HVF,8M6HM2_HVF,08/27/2026 7:19:44 AM,8M6HM2_HVF,D1D,2,8425255
D609195,248,KJ7HD248WFF0,0,0.019112,0.02085,0.003475,0,0.019112,0,0,0,0.019112,0.001737,0,0.00695,0.001737,,D6091950,PXMG,05/13/2026 1:51:48 AM,FDM404,8M6HM2_HVF,8M6HM2_HVF,07/26/2026 1:26:09 PM,8M6HM2_HVF,D1D,1,8161528
D609195,264,KJ7HW264WFE1,0,0.008687,0.017375,0,0,0.010425,0,0,0,0.022587,0,0,0.003475,0.003475,,D6091950,PXMG,05/13/2026 1:51:48 AM,FDM404,8M6HM2_HVF,8M6HM2_HVF,07/26/2026 1:26:00 PM,8M6HM2_HVF,D1D,2,8161434
D609195,265,KJ7HW265WFB0,0,0.0139,0.019112,0.003475,0.00695,0.012162,0,0.001737,0,0.012162,0,0,0.003475,0.008687,,D6091950,PXMG,05/13/2026 1:51:48 AM,FDM404,8M6HM2_HVF,8M6HM2_HVF,07/26/2026 1:26:34 PM,8M6HM2_HVF,D1D,3,8161420
D609195,360,KJ7HD360WFB2,0,0.005212,0.024325,0.00695,0.001737,0.015637,0,0,0,0.02085,0.003475,0,0.005212,0,,D6091950,PXMG,05/13/2026 1:51:48 AM,FDM404,8M6HM2_HVF,8M6HM2_HVF,07/26/2026 1:26:19 PM,8M6HM2_HVF,D1D,4,8161492
D609195,370,KJ7HD370WFF6,0,0.012162,0.0139,0.005212,0.001737,0.00695,0,0,0,0.02085,0.003475,0.001737,0.001737,0.003475,,D6091950,PXMG,05/13/2026 1:51:48 AM,FDM404,8M6HM2_HVF,8M6HM2_HVF,07/26/2026 1:26:24 PM,8M6HM2_HVF,D1D,5,8161467
D609195,405,KJ7HW405WFB6,0,0.005212,0.008687,0.001737,0.001737,0.0139,0,0,0,0.019112,0,0,0.003475,0.00695,,D6091950,PXMG,05/13/2026 1:51:48 AM,FDM404,8M6HM2_HVF,8M6HM2_HVF,07/26/2026 1:25:54 PM,8M6HM2_HVF,D1D,6,8161502
D609195,418,KJ7HD418WFE4,0,0.00695,0.012162,0,0.001737,0.00695,0,0,0,0.012162,0,0,0.001737,0.005212,,D6091950,PXMG,05/13/2026 1:51:48 AM,FDM404,8M6HM2_HVF,8M6HM2_HVF,07/26/2026 1:26:28 PM,8M6HM2_HVF,D1D,7,8161572
D609195,525,KJ7HW525WFC4,0,0.001737,0.012162,0.005212,0,0.003475,0,0,0,0.015637,0,0,0.012162,0.001737,,D6091950,PXMG,05/13/2026 1:51:48 AM,FDM404,8M6HM2_HVF,8M6HM2_HVF,07/26/2026 1:26:05 PM,8M6HM2_HVF,D1D,8,8161570
D610251,326,KJAYR326WFC5,0,0.018244,0.011815,0,0,0.013726,0,0.005212,0,0.005212,0.00834,0,0,0.001737,0,D6102510,PXMG,05/15/2026 11:20:42 PM,FDM406,8M6HM2_HVF,8M6HM2_HVF,07/26/2026 1:24:44 PM,8M6HM2_HVF,D1D,1,8201397
D610251,328,KJAYR328WFD6,0,0.0139,0.02085,0,0,0.003475,0,0.001737,0,0.003475,0,0,0.00695,0,,D6102510,PXMG,05/15/2026 11:20:42 PM,FDM406,8M6HM2_HVF,8M6HM2_HVF,07/26/2026 1:24:49 PM,8M6HM2_HVF,D1D,2,8201142
D610241,570,KJAAB570WFB0,0,0.010425,0.067762,0.001737,0,0.001737,0,0,0,0.003475,0,0,0,0.001737,,D6102410,PXMG,05/18/2026 2:10:57 PM,FDM410,8M6HM2_HVF,8M6HM2_HVF,07/26/2026 1:20:07 PM,8M6HM2_HVF,D1D,1,8198846
D610241,582,KJAAB582WFG5,0,0.0139,0.019112,0,0,0.003475,0,0,0,0,0,0,0,0,0,D6102410,PXMG,05/18/2026 2:10:57 PM,FDM410,8M6HM2_HVF,8M6HM2_HVF,07/26/2026 1:20:14 PM,8M6HM2_HVF,D1D,2,8198792
D609183,583,KJA6J583WFD0,0,0.019518,0.047144,0,0,0.009209,0,0,0,0,0.002027,0,0,0.002027,0,D6091830,PXMG,05/19/2026 9:35:16 AM,FDM404,8M6HM2_HVF,8M6HM2_HVF,07/26/2026 1:19:50 PM,8M6HM2_HVF,D1D,1,8158612
D609183,587,KJA6J587WFF2,0,0.003475,0.00695,0.001737,0,0.00695,0,0.005212,0,0.001737,0,0,0.001737,0,,D6091830,PXMG,05/19/2026 9:35:16 AM,FDM404,8M6HM2_HVF,8M6HM2_HVF,07/26/2026 1:19:55 PM,8M6HM2_HVF,D1D,2,8158743
D609185,49,A2ASU049SLA3,0,0.005212,0.0139,0,0.001737,0.001737,0,0.003475,0,0,0,0,0,0.001737,,D6091850,PXMG,05/18/2026 1:48:24 PM,FDM404,8M6HM2_HVF,8M6HM2_HVF,08/09/2026 4:52:10 AM,8M6HM2_HVF,D1D,1,8158790
D609185,126,A29PU126SLF3,0,0.00695,0.015637,0.001737,0,0.003475,0,0,0,0.001737,0,0,0.005212,0.001737,,D6091850,PXMG,05/18/2026 1:48:24 PM,FDM404,8M6HM2_HVF,8M6HM2_HVF,08/09/2026 4:36:45 AM,8M6HM2_HVF,D1D,2,8158818
D610250,633,KJAYU633WFA2,0,0.00695,0.015637,0,0,0.012162,0,0,0,0.003475,0.001737,0,0.001737,0.001737,,D6102500,PXMG,05/17/2026 11:17:15 AM,FDM402,8M6HM2_HVF,8M6HM2_HVF,08/09/2026 3:22:14 PM,8M6HM2_HVF,D1D,1,8201330
D610250,645,KJAYU645WFF7,0,0.005212,0.02085,0,0,0.010425,0,0.005212,0,0.001737,0.001737,0.003475,0.001737,0.001737,,D6102500,PXMG,05/17/2026 11:17:15 AM,FDM402,8M6HM2_HVF,8M6HM2_HVF,08/09/2026 3:34:06 PM,8M6HM2_HVF,D1D,2,8201425
D609188,606,GU0MN606JKA3,0,0.010425,0.033012,0,0.001737,0.001737,0,0.001737,0,0,0,0,0.003475,0,,D6091880,PXMG,05/23/2026 10:43:15 PM,FDM402,8M6HM2_HVF,8M6HM2_HVF,07/26/2026 1:19:24 PM,8M6HM2_HVF,D1D,1,8161343
D609188,607,GU0MN607JKE5,0,0.01807,0.046217,0,0,0.001737,0,0.001737,0,0.001737,0,0,0,0,0,D6091880,PXMG,05/23/2026 10:43:15 PM,FDM402,8M6HM2_HVF,8M6HM2_HVF,07/26/2026 1:19:18 PM,8M6HM2_HVF,D1D,2,8161291
D610249,718,KJAYU718WFE2,0,0.008687,0.037259,0,0,0.008301,0,0.001737,0,0.008687,0.003089,0,0.001737,0.001737,0,D6102490,PXMG,05/22/2026 7:42:02 PM,FDM408,8M6HM2_HVF,8M6HM2_HVF,07/31/2026 11:07:38 PM,8M6HM2_HVF,D1D,1,8201294
D610249,843,KJAYE843WFE3,0,0.0139,0.022587,0.001737,0,0.022587,0,0,0,0.005212,0.003475,0,0.001737,0.001737,,D6102490,PXMG,05/22/2026 7:42:02 PM,FDM408,8M6HM2_HVF,8M6HM2_HVF,07/31/2026 10:08:57 PM,8M6HM2_HVF,D1D,2,8201082
D609186,75,KJ7HC075WFH1,0,0.008861,0.046738,0,0,0,0,0.001737,0,0.005212,0,0,0.001737,0.003475,0,D6091860,PXMG,05/23/2026 4:47:20 PM,FDM408,8M6HM2_HVF,8M6HM2_HVF,08/01/2026 6:37:33 AM,8M6HM2_HVF,D1D,1,8158667
D609186,76,KJ7HC076WFE0,0,0.00973,0.065677,0.003475,0,0.003475,0,0,0,0.001737,0.006255,0,0,0,0,D6091860,PXMG,05/23/2026 4:47:20 PM,FDM408,8M6HM2_HVF,8M6HM2_HVF,08/01/2026 6:54:27 AM,8M6HM2_HVF,D1D,2,8158775
D610222,620,5DXKH620MVD2,0,0.009005,0.041216,0.001732,0,0.005195,0,0.001732,0,0.003464,0,0.001732,0,0.003464,0,D6102220,PNCB,05/21/2026 10:46:01 PM,FDM410,8M6HM2_HVF,8M6HM2_HVF,07/26/2026 1:19:49 PM,8M6HM2_HVF,D1D,1,8196453
D610222,629,5DXKH629MVE5,0,0.012122,0.013854,0,0,0.003464,0,0,0,0,0,0,0.001732,0.001732,,D6102220,PNCB,05/21/2026 10:46:01 PM,FDM410,8M6HM2_HVF,8M6HM2_HVF,07/26/2026 1:19:55 PM,8M6HM2_HVF,D1D,2,8196341
D610217,389,5DXKM389MVG5,0,0.008659,0.036367,0.001732,0,0.001732,0,0.003464,0,0,0,0,0.003464,0.008659,0,D6102170,PNCB,05/28/2026 8:42:08 AM,FDM404,8M6HM2_HVF,8M6HM2_HVF,07/30/2026 5:12:51 AM,8M6HM2_HVF,D1D,1,8193390
D610217,391,5DXKM391MVG5,0,0.008659,0.025976,0.001732,0,0.010391,0,0.001732,0,0.001732,0,0,0.003464,0,,D6102170,PNCB,05/28/2026 8:42:08 AM,FDM404,8M6HM2_HVF,8M6HM2_HVF,07/30/2026 1:37:10 AM,8M6HM2_HVF,D1D,2,8193368
D610243,886,GU4ZC886JKD2,0,0.005212,0.022587,0.008687,0,0.008687,0,0,0,0.00695,0,0,0.001737,0,,D6102430,PXMG,05/28/2026 7:02:03 PM,FDM404,8M6HM2_HVF,8M6HM2_HVF,08/15/2026 2:36:19 PM,8M6HM2_HVF,D1D,1,8201623
D610243,892,GU4ZC892JKF4,0,0.005212,0.010425,0,0,0.001737,0,0,0,0.003475,0,0,0.005212,0.001737,,D6102430,PXMG,05/28/2026 7:02:03 PM,FDM404,8M6HM2_HVF,8M6HM2_HVF,08/15/2026 2:14:23 PM,8M6HM2_HVF,D1D,2,8201685
D610211,228,KJA9U228WFF5,0,0.015586,0.049528,0.001732,0,0.005195,0,0.001732,0,0.003464,0,0,0.001732,0.005888,0,D6102110,PNCB,05/28/2026 2:29:44 PM,FDM408,8M6HM2_HVF,8M6HM2_HVF,07/26/2026 1:18:31 PM,8M6HM2_HVF,D1D,1,8193100
D610211,231,KJA9U231WFC4,0,0.012122,0.02944,0.005195,0,0.003464,0,0,0,0.001732,0,0,0.006927,0,,D6102110,PNCB,05/28/2026 2:29:44 PM,FDM408,8M6HM2_HVF,8M6HM2_HVF,07/29/2026 1:01:55 PM,8M6HM2_HVF,D1D,2,8193199
D610236,379,KJA6H379WFC7,0,0.01139,0.038997,0,0,0.00695,0,0,0,0.005212,0,0,0.008687,0.005212,0,D6102360,PXMG,05/25/2026 4:16:21 PM,FDM410,8M6HM2_HVF,8M6HM2_HVF,07/26/2026 1:19:17 PM,8M6HM2_HVF,D1D,1,8198632
D610236,387,KJA6H387WFG2,0,0.007775,0.046608,0,0,0,0,0,0,0.003909,0.001911,0,0.001955,0.003866,0,D6102360,PXMG,05/25/2026 4:16:21 PM,FDM410,8M6HM2_HVF,8M6HM2_HVF,07/26/2026 1:19:09 PM,8M6HM2_HVF,D1D,2,8198557
D610235,79,A2BNK079SLE3,0,0.0139,0.019112,0,0,0.00695,0,0.001737,0,0.003475,0.001737,0,0.001737,0,,D6102350,PXMG,05/27/2026 9:19:50 PM,FDM404,8M6HM2_HVF,8M6HM2_HVF,08/12/2026 12:36:30 PM,8M6HM2_HVF,D1D,1,8198764
D610235,81,A2BNK081SLE3,0,0.010425,0.008687,0,0,0.003475,0,0,0,0.001737,0,0,0.003475,0.003475,,D6102350,PXMG,05/27/2026 9:19:50 PM,FDM404,8M6HM2_HVF,8M6HM2_HVF,08/10/2026 4:35:59 AM,8M6HM2_HVF,D1D,2,8198546
D610221,400,5DXKM400MVF2,0,0.022859,0.063209,0.001732,0,0.005195,0,0.001732,0,0.010564,0.009005,0,0,0.005195,0,D6102210,PNCB,05/26/2026 7:37:39 AM,FDM410,8M6HM2_HVF,8M6HM2_HVF,07/26/2026 1:21:51 PM,8M6HM2_HVF,D1D,1,8196182
D610221,402,5DXKM402MVG3,0,0.010391,0.038099,0,0,0.001732,0,0,0,0.003464,0,0,0,0.001732,,D6102210,PNCB,05/26/2026 7:37:39 AM,FDM410,8M6HM2_HVF,8M6HM2_HVF,07/26/2026 10:55:31 PM,8M6HM2_HVF,D1D,2,8195961
D610244,97,GT9ZP097JKD4,0,0.005212,0.026062,0.001737,0,0.010425,0,0,0,0.001737,0.001737,0,0,0,,D6102440,PXMG,05/25/2026 2:03:10 PM,FDM404,8M6HM2_HVF,8M6HM2_HVF,07/31/2026 11:20:36 PM,8M6HM2_HVF,D1D,1,8201158
D610244,98,GT9ZP098JKA3,0,0.001834,0.030503,0,0,0.005502,0,0,0,0.005502,0,0,0,0.001834,0,D6102440,PXMG,05/25/2026 2:03:10 PM,FDM404,8M6HM2_HVF,8M6HM2_HVF,08/01/2026 10:48:17 AM,8M6HM2_HVF,D1D,2,8201404
D610260,165,5DXKK165MVD6,0,0.005734,0.055252,0,0,0.018417,0,0.001737,0,0.005734,0,0,0.001737,0.001737,0,D6102600,PXMG,05/25/2026 6:10:20 PM,FDM408,8M6HM2_HVF,8M6HM2_HVF,07/31/2026 10:25:46 PM,8M6HM2_HVF,D1D,1,8203674
D610260,188,5DXKK188MVD3,0,0.008687,0.03475,0,0,0.001737,0,0.001737,0,0,0.005212,0,0.003475,0.010425,,D6102600,PXMG,05/25/2026 6:10:20 PM,FDM408,8M6HM2_HVF,8M6HM2_HVF,08/01/2026 7:33:11 AM,8M6HM2_HVF,D1D,2,8203640
D610223,498,5DXKG498MVD6,0,0.003464,0.010391,0.001732,0,0.003464,0,0.003464,0,0.006927,0,0,0,0.003464,,D6102230,PNCB,05/25/2026 3:06:28 AM,FDM402,8M6HM2_HVF,8M6HM2_HVF,07/29/2026 11:59:25 AM,8M6HM2_HVF,D1D,1,8196129
D610223,504,5DXKG504MVE3,0,0.017318,0.015586,0,0,0,0,0.001732,0,0.003464,0,0,0.003464,0,,D6102230,PNCB,05/25/2026 3:06:28 AM,FDM402,8M6HM2_HVF,8M6HM2_HVF,07/28/2026 6:04:28 PM,8M6HM2_HVF,D1D,2,8196273
D610209,23,GT9ZP023JKG5,0,0.005195,0.012122,0.003464,0,0.001732,0,0.008659,0,0.006927,0,0,0.001732,0.005195,,D6102090,PNCB,05/29/2026 1:29:03 AM,FDM402,8M6HM2_HVF,8M6HM2_HVF,07/26/2026 11:44:01 PM,8M6HM2_HVF,D1D,1,8193190
D610209,24,GT9ZP024JKD4,0,0.00736,0.015009,0,0.001876,0.011256,0,0.001876,0,0,0,0.001876,0.007504,0,0,D6102090,PNCB,05/29/2026 1:29:03 AM,FDM402,8M6HM2_HVF,8M6HM2_HVF,07/26/2026 11:55:24 PM,8M6HM2_HVF,D1D,2,8193236
D610237,101,KJ9HA101WFF0,0,0.001737,0.019112,0,0,0,0,0.001737,0,0.005212,0,0,0.001737,0,,D6102370,PXMG,05/28/2026 10:49:12 PM,FDM410,8M6HM2_HVF,8M6HM2_HVF,08/01/2026 9:04:39 AM,8M6HM2_HVF,D1D,1,8198917
D610237,201,KJ9HA201WFE1,0,0.005212,0.015637,0.001737,0,0.003475,0,0,0,0.003475,0.001737,0,0,0.003475,,D6102370,PXMG,05/28/2026 10:49:12 PM,FDM410,8M6HM2_HVF,8M6HM2_HVF,07/31/2026 11:14:22 PM,8M6HM2_HVF,D1D,2,8198958
D609197,208,KJA6D208WFD3,0,0.00695,0.010425,0,0,0.001737,0,0,0,0.003475,0,0,0,0,,D6091970,PXMG,05/31/2026 11:42:08 PM,FDM408,8M6HM2_HVF,8M6HM2_HVF,07/26/2026 2:24:09 PM,8M6HM2_HVF,D1D,1,8164081
D609197,284,KJA6D284WFA2,0,0.00695,0.0278,0,0,0.003475,0,0.001737,0,0.003475,0.001737,0,0,0.001737,,D6091970,PXMG,05/31/2026 11:42:08 PM,FDM408,8M6HM2_HVF,8M6HM2_HVF,07/26/2026 2:24:03 PM,8M6HM2_HVF,D1D,2,8164172
D610246,111,GT9ZQ111JKA4,0,0.001737,0.010425,0,0,0.003475,0,0,0,0.005212,0,0,0,0.005212,,D6102460,PXMG,06/04/2026 1:23:19 AM,FDM410,8M6HM2_HVF,8M6HM2_HVF,08/14/2026 5:58:56 PM,8M6HM2_HVF,D1D,1,8201227
D610246,112,GT9ZQ112JKE6,0,0.00695,0.02085,0,0,0.005212,0,0,0,0.005212,0,0,0,0.001737,,D6102460,PXMG,06/04/2026 1:23:19 AM,FDM410,8M6HM2_HVF,8M6HM2_HVF,08/14/2026 5:44:52 PM,8M6HM2_HVF,D1D,2,8201296
D610266,306,KJAYT306WFB6,0,0.00556,0.034055,0.003475,0.001737,0,0,0.003475,0,0,0,0,0.007992,0.020155,0,D6102660,PXMG,06/04/2026 8:48:15 PM,FDM410,8M6HM2_HVF,8M6HM2_HVF,08/04/2026 7:30:30 AM,8M6HM2_HVF,D1D,1,8206995
D610266,579,KJAYU579WFA3,0,0.010425,0.019112,0.001737,0.001737,0.003475,0,0,0,0.00695,0,0,0.005212,0.001737,,D6102660,PXMG,06/04/2026 8:48:15 PM,FDM410,8M6HM2_HVF,8M6HM2_HVF,08/03/2026 10:42:29 AM,8M6HM2_HVF,D1D,2,8206925
D609193,59,GU1AG059JKE1,0,0.008687,0.0139,0,0.001737,0.005212,0,0,0,0.003475,0,0,0,0.001737,,D6091930,PXMG,06/04/2026 6:45:01 AM,FDM408,8M6HM2_HVF,8M6HM2_HVF,09/15/2026 11:02:53 AM,8M6HM2_HVF,D1D,1,8161290
D609193,60,GU1AG060JKH2,0,0.003822,0.030927,0,0.001737,0.005212,0,0,0,0,0,0,0,0.001737,0,D6091930,PXMG,06/04/2026 6:45:01 AM,FDM408,8M6HM2_HVF,8M6HM2_HVF,09/13/2026 4:30:51 PM,8M6HM2_HVF,D1D,2,8161321
D610207,126,GT9ZP126JKD6,0,0.008659,0.036367,0.003464,0,0.001732,0,0,0,0.001732,0.001732,0,0.001732,0.005195,,D6102070,PNCB,05/31/2026 6:33:23 AM,FDM408,8M6HM2_HVF,8M6HM2_HVF,07/30/2026 11:29:10 AM,8M6HM2_HVF,D1D,1,8191228
D610207,127,GT9ZP127JKA5,0,0.012122,0.036367,0.001732,0,0,0,0.006927,0,0.001732,0.001732,0,0.005195,0.005195,,D6102070,PNCB,05/31/2026 6:33:23 AM,FDM408,8M6HM2_HVF,8M6HM2_HVF,07/30/2026 10:40:04 AM,8M6HM2_HVF,D1D,2,8191112
D610265,418,KJAAC418WFB7,0,0.003475,0.022587,0,0.001737,0.003475,0,0.001737,0,0.001737,0,0,0.001737,0.001737,,D6102650,PXMG,06/04/2026 5:13:18 AM,FDM408,8M6HM2_HVF,8M6HM2_HVF,08/02/2026 2:22:48 PM,8M6HM2_HVF,D1D,1,8206980
D610265,450,KJAAC450WFA5,0,0.00695,0.012162,0,0,0.010425,0,0,0,0.00695,0,0,0.003475,0.001737,,D6102650,PXMG,06/04/2026 5:13:18 AM,FDM408,8M6HM2_HVF,8M6HM2_HVF,08/02/2026 2:20:12 PM,8M6HM2_HVF,D1D,2,8207145
D609194,29,A29WM029SLA1,0,0.005212,0.019112,0,0,0.005212,0,0.003475,0,0.003475,0,0,0,0.003475,,D6091940,PXMG,06/01/2026 5:29:19 PM,FDM410,8M6HM2_HVF,8M6HM2_HVF,07/26/2026 2:23:57 PM,8M6HM2_HVF,D1D,1,8161346
D609194,30,A29WM030SLD2,0,0.008687,0.015637,0,0,0.010425,0,0,0,0.001737,0,0,0.001737,0.001737,,D6091940,PXMG,06/01/2026 5:29:19 PM,FDM410,8M6HM2_HVF,8M6HM2_HVF,07/26/2026 2:24:06 PM,8M6HM2_HVF,D1D,2,8161117
D610215,109,KJ9HA109WFC1,0,0.027016,0.196858,0,0.009481,0.006321,0,0.004892,0,0.00316,0,0,0.014374,0.006321,0,D6102150,PNCB,06/02/2026 3:37:12 AM,FDM404,8M6HM2_HVF,8M6HM2_HVF,07/28/2026 12:16:10 AM,8M6HM2_HVF,D1D,1,8193331
D610215,176,KJ9HA176WFG1,0,0.034592,0.128237,0.002121,0,0.004892,0,0.004243,0,0.008486,0,0.002121,0.004243,0.008486,0,D6102150,PNCB,06/02/2026 3:37:12 AM,FDM404,8M6HM2_HVF,8M6HM2_HVF,07/28/2026 12:09:26 AM,8M6HM2_HVF,D1D,2,8193145
D610229,61,A29ZA061SLD3,0,0.013987,0.135263,0.002042,0,0.008166,0,0.002042,0,0.002042,0.001737,0,0.002042,0.008166,0,D6102290,PXMG,06/03/2026 1:50:49 AM,FDM404,8M6HM2_HVF,8M6HM2_HVF,08/03/2026 11:16:19 AM,8M6HM2_HVF,D1D,1,8191021
D610229,69,A2BMH069SLD1,0,0.010772,0.037877,0.001737,0,0.001737,0,0.001737,0,0.003475,0.00556,0,0.001737,0.010077,0,D6102290,PXMG,06/03/2026 1:50:49 AM,FDM404,8M6HM2_HVF,8M6HM2_HVF,08/03/2026 10:47:59 AM,8M6HM2_HVF,D1D,2,8190922
D610238,5,MCLXT005WAB0,0,0.009556,0.036487,0.017375,0,0.022587,0,0,0,0.00695,0.002606,0,0.001737,0.008687,0,D6102380,PXMG,05/31/2026 3:00:01 AM,FDM410,8M6HM2_HVF,8M6HM2_HVF,08/12/2026 10:28:38 AM,8M6HM2_HVF,D1D,1,8198579
D610238,15,MCLXT015WAF4,0,0.011641,0.073843,0.005212,0,0.003475,0,0.003475,0,0.008166,0.024499,0,0.003475,0.00695,0,D6102380,PXMG,05/31/2026 3:00:01 AM,FDM410,8M6HM2_HVF,8M6HM2_HVF,08/12/2026 8:19:48 PM,8M6HM2_HVF,D1D,2,8198497
D610225,695,GU4ZC695JKF2,0,0.008687,0.010425,0.003475,0,0.019112,0,0,0,0.003475,0,0,0.005212,0.001737,,D6102250,PXMG,05/31/2026 12:15:17 AM,FDM402,8M6HM2_HVF,8M6HM2_HVF,07/31/2026 4:28:39 PM,8M6HM2_HVF,D1D,1,8191019
D610225,696,GU4ZC696JKC1,0,0.026062,0.050387,0.001737,0.001737,0.02085,0,0,0,0.001737,0,0,0,0.003475,0,D6102250,PXMG,05/31/2026 12:15:17 AM,FDM402,8M6HM2_HVF,8M6HM2_HVF,08/01/2026 9:40:55 PM,8M6HM2_HVF,D1D,2,8191182
D610247,17,A2BS5017SLF1,0,0.010425,0.010425,0,0,0.001737,0,0,0,0.003475,0,0,0.003475,0.001737,,D6102470,PXMG,05/31/2026 7:28:44 PM,FDM408,8M6HM2_HVF,8M6HM2_HVF,07/26/2026 2:24:15 PM,8M6HM2_HVF,D1D,1,8201479
D610247,18,A2BS5018SLC0,0,0.026062,0.02085,0.0139,0,0.00695,0,0,0,0.003475,0.001737,0,0.024325,0.008687,,D6102470,PXMG,05/31/2026 7:28:44 PM,FDM408,8M6HM2_HVF,8M6HM2_HVF,07/26/2026 2:24:25 PM,8M6HM2_HVF,D1D,2,8201472
D610226,865,GU4ZC865JKE6,0,0.00695,0.036487,0,0,0.00695,0,0.003475,0,0.003475,0,0,0,0.00695,,D6102260,PXMG,05/31/2026 5:24:02 PM,FDM408,8M6HM2_HVF,8M6HM2_HVF,08/14/2026 11:44:10 AM,8M6HM2_HVF,D1D,1,8191140
D610226,866,GU4ZC866JKB5,0,0.010425,0.0417,0.003475,0,0.003475,0,0.003475,0,0.008687,0,0,0.001737,0.005212,,D6102260,PXMG,05/31/2026 5:24:02 PM,FDM408,8M6HM2_HVF,8M6HM2_HVF,08/14/2026 11:19:15 AM,8M6HM2_HVF,D1D,2,8191154
D609184,248,KJ9HE248WFB6,0,0.017375,0.031275,0.003475,0,0.00695,0,0,0,0.003475,0.001737,0.001737,0.001737,0.001737,,D6091840,PXMG,06/01/2026 1:48:19 AM,FDM408,8M6HM2_HVF,8M6HM2_HVF,08/15/2026 7:51:54 AM,8M6HM2_HVF,D1D,1,8158864
D609184,253,KJ9HE253WFH1,0,0.015637,0.019112,0.001737,0,0.017375,0,0,0,0.00695,0.001737,0,0.001737,0.001737,,D6091840,PXMG,06/01/2026 1:48:19 AM,FDM408,8M6HM2_HVF,8M6HM2_HVF,08/14/2026 12:49:44 AM,8M6HM2_HVF,D1D,2,8158840
D609191,332,KJ9HD332WFA0,0,0.010425,0.045609,0.001737,0,0.00695,0,0.001737,0,0.003041,0,0,0.001737,0.001737,0,D6091910,PXMG,06/01/2026 7:31:05 PM,FDM404,8M6HM2_HVF,8M6HM2_HVF,08/12/2026 3:23:30 PM,8M6HM2_HVF,D1D,1,8161119
D609191,333,KJ9HD333WFE2,0,0.00695,0.0278,0,0,0.010425,0,0.001737,0,0.003475,0,0,0,0.001737,,D6091910,PXMG,06/01/2026 7:31:05 PM,FDM404,8M6HM2_HVF,8M6HM2_HVF,08/12/2026 3:41:05 PM,8M6HM2_HVF,D1D,2,8161221
D610245,671,GU4ZC671JKB3,0,0.003475,0.043437,0.001737,0.003475,0.003475,0,0.001737,0,0.005212,0.001737,0,0.003475,0.005212,,D6102450,PXMG,06/06/2026 9:38:43 PM,FDM402,8M6HM2_HVF,8M6HM2_HVF,08/15/2026 2:23:11 PM,8M6HM2_HVF,D1D,1,8201210
D610245,672,GU4ZC672JKF5,0,0.003475,0.043437,0.001737,0,0.005212,0,0.003475,0,0.005212,0,0,0.001737,0,,D6102450,PXMG,06/06/2026 9:38:43 PM,FDM402,8M6HM2_HVF,8M6HM2_HVF,08/15/2026 2:08:22 PM,8M6HM2_HVF,D1D,2,8201177
D610245,674,GU4ZC674JKG6,0,0.008687,0.038225,0,0,0,0,0.005212,0,0.003475,0,0,0.005212,0.005212,,D6102450,PXMG,06/06/2026 7:35:02 PM,FDM408,8M6HM2_HVF,8M6HM2_HVF,08/15/2026 11:31:17 PM,8M6HM2_HVF,D1D,3,8201333
D610245,675,GU4ZC675JKD5,0,0.00695,0.043437,0.003475,0,0.008687,0,0.003475,0,0.003475,0.001737,0,0.003475,0.005212,,D6102450,PXMG,06/06/2026 7:35:02 PM,FDM408,8M6HM2_HVF,8M6HM2_HVF,08/15/2026 11:40:34 PM,8M6HM2_HVF,D1D,4,8201411
D610261,2,MCLXT002WAD0,0,0.00695,0.022587,0,0,0.003475,0,0.001737,0,0.003475,0,0.001737,0.001737,0.00695,,D6102610,PXMG,06/06/2026 8:16:09 AM,FDM404,8M6HM2_HVF,8M6HM2_HVF,07/26/2026 2:23:08 PM,8M6HM2_HVF,D1D,1,8206969
D610261,27,MCLXT027WAD6,0,0.003782,0.027391,0.002044,0,0.003782,0,0,0,0,0,0,0.006132,0.002044,0,D6102610,PXMG,06/06/2026 8:16:09 AM,FDM404,8M6HM2_HVF,8M6HM2_HVF,07/26/2026 2:23:18 PM,8M6HM2_HVF,D1D,2,8207050
D610234,73,GT9ZP073JKH0,0,0.019416,0.298478,0,0.004583,0,0,0.004583,0,0,0.004583,0,0.004583,0.132896,0,D6102340,PXMG,06/06/2026 9:00:38 AM,FDM402,8M6HM2_HVF,8M6HM2_HVF,08/15/2026 8:37:22 AM,8M6HM2_HVF,D1D,1,8198760
D610234,74,GT9ZP074JKD7,0,0.004344,0.050387,0.006081,0.001737,0.005212,0,0,0,0,0,0,0,0.001737,0,D6102340,PXMG,06/06/2026 9:00:38 AM,FDM402,8M6HM2_HVF,8M6HM2_HVF,08/14/2026 6:45:42 PM,8M6HM2_HVF,D1D,2,8198658
D610258,9,A29PU009SLC5,0,0,0.038051,0,0,0.006342,0,0.006342,0,0,0,0.006342,0.323346,0.172098,0,D6102580,PXMG,06/11/2026 7:40:10 AM,FDM404,8M6HM2_HVF,8M6HM2_HVF,07/26/2026 2:18:59 PM,8M6HM2_HVF,D1D,1,8203448
D610258,11,A2AQR011SLE6,0,0.038225,0.026062,0.001737,0,0.03475,0,0.001737,0,0.003475,0.001737,0,0.001737,0.001737,,D6102580,PXMG,06/11/2026 7:40:10 AM,FDM404,8M6HM2_HVF,8M6HM2_HVF,08/14/2026 6:13:00 PM,8M6HM2_HVF,D1D,2,8203386
D610255,170,KJA9Y170WFD7,0,0.005212,0.033012,0.003475,0.001737,0.003475,0,0,0,0.003475,0,0,0,0,,D6102550S,PXMG,06/11/2026 4:12:26 PM,FDM402,8M6HM2_HVF,8M6HM2_HVF,07/26/2026 2:14:41 PM,8M6HM2_HVF,D1D,1,8751570
D610255,172,KJA9Y172WFF0,0,0.003475,0.015637,0,0.001737,0,0,0,0,0.001737,0,0,0.005212,0.003475,,D6102550S,PXMG,06/11/2026 4:12:26 PM,FDM402,8M6HM2_HVF,8M6HM2_HVF,08/13/2026 2:35:15 PM,8M6HM2_HVF,D1D,2,8751565
D610255,174,KJA9Y174WFG1,0,0.00695,0.02085,0.001737,0,0.005212,0,0,0,0,0,0,0.008687,0.003475,,D6102550S,PXMG,06/11/2026 4:12:26 PM,FDM402,8M6HM2_HVF,8M6HM2_HVF,08/13/2026 2:44:50 PM,8M6HM2_HVF,D1D,3,8751530
D610255,177,KJA9Y177WFE1,0,0.008687,0.010425,0,0,0.005212,0,0,0,0.012162,0.001737,0,0,0.005212,,D6102550S,PXMG,06/11/2026 4:12:26 PM,FDM402,8M6HM2_HVF,8M6HM2_HVF,08/12/2026 3:44:36 PM,8M6HM2_HVF,D1D,4,8751563
D610259,340,KJ9HD340WFD3,0,0.010599,0.044827,0,0,0.003475,0,0.001737,0,0.001737,0,0,0.001737,0.007124,0,D6102590H,PXMG,06/10/2026 5:40:05 AM,FDM408,8M6HM2_HVF,8M6HM2_HVF,08/14/2026 12:00:47 AM,8M6HM2_HVF,D1D,1,8740428
D610259,344,KJ9HD344WFF5,0,0.008687,0.022587,0,0.001737,0.00695,0,0,0,0.001737,0,0,0.003475,0,,D6102590H,PXMG,06/10/2026 5:40:05 AM,FDM408,8M6HM2_HVF,8M6HM2_HVF,08/15/2026 7:02:03 AM,8M6HM2_HVF,D1D,2,8740443
D610259,346,KJ9HD346WFG6,0,0.00695,0.031275,0,0,0,0,0.001737,0,0.001737,0.001737,0.001737,0,0,,D6102590H,PXMG,06/10/2026 5:40:05 AM,FDM408,8M6HM2_HVF,8M6HM2_HVF,08/14/2026 12:12:42 AM,8M6HM2_HVF,D1D,3,8740396
D610259,361,KJ9HD361WFB7,0,0.00695,0.029537,0,0,0.001737,0,0,0,0,0,0,0,0,,D6102590H,PXMG,06/10/2026 5:40:05 AM,FDM408,8M6HM2_HVF,8M6HM2_HVF,08/14/2026 12:05:07 AM,8M6HM2_HVF,D1D,4,8740362
D610259,336,KJ9HD336WFC2,0,0.011989,0.083747,0,0,0,0,0.010251,0,0,0.00695,0,0.005212,0,0,D6102590,PXMG,06/08/2026 8:59:51 AM,FDM408,8M6HM2_HVF,8M6HM2_HVF,08/15/2026 7:20:21 AM,8M6HM2_HVF,D1D,1,8203379
D610259,337,KJ9HD337WFG4,0,0.009035,0.035792,0.003475,0.003475,0.010772,0,0.005212,0,0,0,0,0.003475,0.00695,0,D6102590,PXMG,06/08/2026 8:59:51 AM,FDM408,8M6HM2_HVF,8M6HM2_HVF,08/15/2026 7:07:35 AM,8M6HM2_HVF,D1D,2,8203493
D610257,439,MCLKB439WAE3,0,0.005842,0.059531,0.099319,0.005842,0,0,0.005842,0,0.011685,0,0,0.216165,0.070108,0,D6102570,PXMG,06/08/2026 11:07:47 PM,FDM404,8M6HM2_HVF,8M6HM2_HVF,07/26/2026 2:15:09 PM,8M6HM2_HVF,D1D,1,8203336
D610257,446,MCLKB446WAD4,0.001737,0.001737,0.0139,0.005212,0,0.001737,0,0.003475,0,0.003475,0.001737,0,0.001737,0.008687,,D6102570,PXMG,06/08/2026 11:07:47 PM,FDM404,8M6HM2_HVF,8M6HM2_HVF,08/13/2026 2:57:20 PM,8M6HM2_HVF,D1D,2,8203288
D610254,370,KJAAC370WFD1,0,0.008687,0.02085,0.00695,0.001737,0.008687,0,0.003475,0,0.001737,0,0,0.017375,0.001737,,D6102540,PXMG,06/13/2026 3:18:17 PM,FDM404,8M6HM2_HVF,8M6HM2_HVF,09/15/2026 2:30:15 PM,8M6HM2_HVF,D1D,1,8203438
D610254,422,KJAAC422WFD0,0,0.032144,0.027974,0.005212,0.001737,0.005212,0,0.003475,0,0.003649,0.001737,0,0.00695,0.023109,0,D6102540,PXMG,06/13/2026 3:18:17 PM,FDM404,8M6HM2_HVF,8M6HM2_HVF,09/08/2026 4:39:28 AM,8M6HM2_HVF,D1D,2,8203492
D610232,178,5DXKW178MVD3,0,0.008687,0.012162,0,0,0,0,0.003475,0,0.001737,0,0,0.012162,0.001737,,D6102320,PXMG,06/16/2026 6:42:15 PM,FDM402,8M6HM2_HVF,8M6HM2_HVF,08/10/2026 3:44:12 AM,8M6HM2_HVF,D1D,1,8196086
D610232,182,5DXKW182MVE4,0,0.003475,0.015637,0,0,0.001737,0,0.001737,0,0.001737,0,0,0.005212,0.001737,,D6102320,PXMG,06/16/2026 6:42:15 PM,FDM402,8M6HM2_HVF,8M6HM2_HVF,08/12/2026 1:01:20 AM,8M6HM2_HVF,D1D,2,8196018
D609844,265,KJ9HE265WFF3,0,0.00655,0.00655,0,0,0.001638,0,0,0,0.003275,0,0.001638,0.003275,0,,D6098440,PR8B,06/26/2026 2:14:06 AM,FDM402,8M6HM2_HVF,8M6HM2_HVF,08/13/2026 3:30:38 AM,8M6HM2_HVF,D1D,1,8179220
D609844,292,KJ9HE292WFG1,0,0.017031,0.010644,0,0,0.00655,0,0,0,0.006714,0,0,0,0,0,D6098440,PR8B,06/26/2026 2:14:06 AM,FDM402,8M6HM2_HVF,8M6HM2_HVF,08/12/2026 10:05:41 PM,8M6HM2_HVF,D1D,2,8179184
D609922,27,A2BVQ027SLH0,0,0.008514,0.022761,0,0,0.012162,0,0.003475,0,0.008687,0.001737,0,0.001737,0.001737,0,D6099220,PXMG,07/06/2026 4:37:31 PM,FDM402,8M6HM2_HVF,8M6HM2_HVF,09/09/2026 3:05:44 PM,8M6HM2_HVF,D1D,1,8182572
D609922,28,A2BVQ028SLD7,0,0.012162,0.017375,0.001737,0,0.012162,0,0,0,0.005212,0,0,0,0,,D6099220,PXMG,07/06/2026 4:37:31 PM,FDM402,8M6HM2_HVF,8M6HM2_HVF,09/09/2026 3:45:15 AM,8M6HM2_HVF,D1D,2,8182568
D609926,40,A2BS5040SLD5,0,0.019651,0.024564,0.004913,0,0.008188,0,0.001638,0,0.009826,0,0,0,0.00655,,D6099260,PR8B,07/13/2026 7:18:37 PM,FDM410,8M6HM2_HVF,8M6HM2_HVF,07/26/2026 3:13:55 PM,8M6HM2_HVF,D1D,1,8184680
D609926,42,A2BS5042SLE6,0,0.018013,0.018013,0.001638,0.001638,0.003275,0,0.001638,0,0.008188,0,0.003275,0,0.00655,,D6099260,PR8B,07/13/2026 7:18:37 PM,FDM410,8M6HM2_HVF,8M6HM2_HVF,07/26/2026 3:13:36 PM,8M6HM2_HVF,D1D,2,8184631
D609926,43,A2BS5043SLB5,0,0.011463,0.014738,0.001638,0,0.011463,0,0,0,0.008188,0,0,0.003275,0.003275,,D6099260,PR8B,07/13/2026 9:25:22 PM,FDM410,8M6HM2_HVF,8M6HM2_HVF,07/26/2026 3:13:30 PM,8M6HM2_HVF,D1D,3,8184814
D609926,44,A2BS5044SLF7,0,0.00786,0.031605,0,0.003275,0,0,0,0,0.006387,0,0,0.003275,0.001638,0,D6099260,PR8B,07/13/2026 9:25:22 PM,FDM410,8M6HM2_HVF,8M6HM2_HVF,07/26/2026 3:13:42 PM,8M6HM2_HVF,D1D,4,8184697
D609926,48,A2BS5048SLA6,0,0.013101,0.014738,0.003275,0,0.003275,0,0,0,0.001638,0,0,0,0.003275,,D6099260,PR8B,07/13/2026 9:25:22 PM,FDM410,8M6HM2_HVF,8M6HM2_HVF,07/26/2026 3:13:49 PM,8M6HM2_HVF,D1D,5,8184727
D610233,11,MCLXT011WAD2,0,0.00695,0.024325,0,0,0.00695,0,0,0,0.003475,0,0,0,0.003475,,D6102330,PXMG,07/24/2026 8:43:54 PM,FDM408,8M6HM2_HVF,8M6HM2_HVF,07/26/2026 3:08:45 PM,8M6HM2_HVF,D1D,1,8198751
D610233,20,MCLXT020WAD4,0,0.00695,0.019112,0,0.001737,0.001737,0,0.001737,0,0.001737,0,0,0,0,,D6102330,PXMG,07/24/2026 8:43:54 PM,FDM408,8M6HM2_HVF,8M6HM2_HVF,07/26/2026 3:08:30 PM,8M6HM2_HVF,D1D,2,8198556
D610233,31,MCLXT031WAE7,0,0.010425,0.005212,0,0.00695,0.003475,0,0.003475,0,0.010425,0,0,0.001737,0.001737,,D6102330,PXMG,07/24/2026 9:36:45 PM,FDM410,8M6HM2_HVF,8M6HM2_HVF,07/26/2026 3:08:55 PM,8M6HM2_HVF,D1D,3,8198649
D610233,55,MCLXT055WAB3,0,0.018417,0.026236,0,0.002259,0.00695,0,0.001737,0,0,0,0,0,0.005212,0,D6102330,PXMG,07/24/2026 9:36:45 PM,FDM410,8M6HM2_HVF,8M6HM2_HVF,07/26/2026 3:08:33 PM,8M6HM2_HVF,D1D,4,8198533
D610233,65,MCLXT065WAF7,0,0.003475,0.026062,0.003475,0,0,0,0,0,0,0,0,0.001737,0.001737,,D6102330,PXMG,07/24/2026 9:36:45 PM,FDM410,8M6HM2_HVF,8M6HM2_HVF,07/26/2026 3:08:44 PM,8M6HM2_HVF,D1D,5,8198723
D609923,7,A2BP5007SLG3,0,0.021176,0.040319,0.005195,0,0.007793,0,0,0,0,0.002598,0,0.012988,0,0,D6099230,PR8B,07/26/2026 9:38:54 AM,FDM410,8M6HM2_HVF,8M6HM2_HVF,07/26/2026 3:08:24 PM,8M6HM2_HVF,D1D,1,8184863
D609923,10,A2BP5010SLD2,0,0.027418,0.040378,0.003369,0,0.008656,0,0,0,0.003369,0.001684,0,0.006738,0.003369,0,D6099230,PR8B,07/26/2026 9:38:54 AM,FDM410,8M6HM2_HVF,8M6HM2_HVF,07/26/2026 3:08:18 PM,8M6HM2_HVF,D1D,2,8184832
D609923,15,A2BP5015SLC3,0,0.093465,0.016744,0.004872,0.004872,0.033796,0,0,0,0.031053,0.002436,0,0.026488,0.002436,0,D6099230,PR8B,07/26/2026 11:09:44 AM,FDM408,8M6HM2_HVF,8M6HM2_HVF,07/26/2026 3:08:27 PM,8M6HM2_HVF,D1D,3,8184635
D609923,18,A2BP5018SLA3,0,0.022926,0.019651,0,0,0.004913,0,0,0,0.001638,0,0,0.001638,0.001638,0,D6099230,PR8B,07/26/2026 11:09:44 AM,FDM408,8M6HM2_HVF,8M6HM2_HVF,07/26/2026 3:08:03 PM,8M6HM2_HVF,D1D,4,8184761
D609923,20,A2BDY020SLA0,0,0.029477,0.052403,0.001638,0.001638,0.009826,0,0.003275,0,0.001638,0,0,0.00655,0.029477,0,D6099230,PR8B,07/26/2026 11:09:44 AM,FDM408,8M6HM2_HVF,8M6HM2_HVF,07/26/2026 3:08:12 PM,8M6HM2_HVF,D1D,5,8184694
D612561,118,KJCHY118WFA5,0,0.017318,0.02944,0.001732,0,0.006927,0,0,0,0.003464,0,0,0.003464,0.001732,,D6125610,PNCB,06/05/2026 5:12:01 AM,FDM404,8M6HM2_HVF,8M6HM2_HVF,07/31/2026 11:44:21 AM,8M6HM2_HVF,D1D,1,8280200
D612561,123,KJCHY123WFG0,0,0.010391,0.006927,0.001732,0.001732,0.010391,0,0.003464,0,0.005195,0.001732,0,0.001732,0.001732,,D6125610,PNCB,06/05/2026 5:12:01 AM,FDM404,8M6HM2_HVF,8M6HM2_HVF,08/01/2026 4:05:04 AM,8M6HM2_HVF,D1D,2,8280198
D613112,51,HJ6TM051JKB1,0.001732,0.005195,0.02944,0,0,0.005195,0,0.001732,0,0.001732,0,0,0,0.001732,,D6131120,PNCB,06/05/2026 1:43:43 AM,FDM408,8M6HM2_HVF,8M6HM2_HVF,09/06/2026 3:14:21 PM,8M6HM2_HVF,D1D,1,8314552
D613112,52,HJ6TM052JKF3,0,0.012122,0.017318,0,0,0.008659,0,0,0,0.019049,0.001732,0,0.003464,0.001732,,D6131120,PNCB,06/05/2026 1:43:43 AM,FDM408,8M6HM2_HVF,8M6HM2_HVF,07/30/2026 12:43:40 PM,8M6HM2_HVF,D1D,2,8314657
D613603,29,A2CJE029SLG3,0,0.008687,0.0139,0.001737,0,0.001737,0,0.001737,0,0.005212,0.001737,0,0.001737,0,,D6136030,PXMG,06/01/2026 2:55:55 AM,FDM404,8M6HM2_HVF,8M6HM2_HVF,08/16/2026 4:27:45 PM,8M6HM2_HVF,D1D,1,8303082
D613603,102,A2CR1102SLF3,0,0.014247,0.029885,0.001737,0,0.001737,0,0.001737,0,0.003996,0,0,0.001737,0.005734,0,D6136030,PXMG,06/01/2026 2:55:55 AM,FDM404,8M6HM2_HVF,8M6HM2_HVF,08/16/2026 4:16:41 PM,8M6HM2_HVF,D1D,2,8303079
D613106,530,MCMTJ530WAE4,0,0.003464,0.017318,0.001732,0,0,0,0.006927,0,0,0,0,0.001732,0.001732,,D6131060,PNCB,06/12/2026 10:28:14 AM,FDM410,8M6HM2_HVF,8M6HM2_HVF,08/03/2026 12:22:33 AM,8M6HM2_HVF,D1D,1,8314139
D613106,535,MCMTJ535WAD5,0,0.006927,0.015586,0.001732,0.001732,0.005195,0,0.003464,0,0.008659,0,0,0,0.001732,,D6131060,PNCB,06/12/2026 10:28:14 AM,FDM410,8M6HM2_HVF,8M6HM2_HVF,08/03/2026 12:54:59 AM,8M6HM2_HVF,D1D,2,8314345
D613113,4,HJ6TM004JKG1,0,0.003464,0.024245,0.003464,0.001732,0,0,0,0,0.001732,0.001732,0,0.008659,0.001732,,D6131130,PNCB,06/12/2026 9:37:35 PM,FDM408,8M6HM2_HVF,8M6HM2_HVF,08/02/2026 10:15:38 PM,8M6HM2_HVF,D1D,1,8314474
D613113,5,HJ6TM005JKD0,0,0.003464,0.038099,0.001732,0.003464,0.006927,0,0,0,0.02944,0.001732,0,0,0.001732,,D6131130,PNCB,06/12/2026 9:37:35 PM,FDM408,8M6HM2_HVF,8M6HM2_HVF,07/26/2026 2:18:47 PM,8M6HM2_HVF,D1D,2,8314493
D612562,145,KJCHY145WFB3,0,0.019049,0.060612,0,0,0.008659,0,0,0,0.003464,0.001732,0.001732,0,0.001732,0,D6125620,PNCB,06/09/2026 12:53:26 AM,FDM404,8M6HM2_HVF,8M6HM2_HVF,08/12/2026 8:34:13 AM,8M6HM2_HVF,D1D,1,8285593
D612562,337,KJCJA337WFA5,0,0.025457,0.092303,0,0.001732,0.001732,0,0,0,0,0,0,0.006927,0.003464,0,D6125620,PNCB,06/09/2026 12:53:26 AM,FDM404,8M6HM2_HVF,8M6HM2_HVF,08/12/2026 4:51:07 PM,8M6HM2_HVF,D1D,2,8285567
D612562,358,KJCJA358WFG4,0,0.019049,0.039831,0.001732,0,0.003464,0,0.001732,0,0.006927,0,0,0.006927,0.005195,,D6125620,PNCB,06/09/2026 12:53:26 AM,FDM404,8M6HM2_HVF,8M6HM2_HVF,08/12/2026 4:22:54 PM,8M6HM2_HVF,D1D,3,8280307
D612562,475,KJCJA475WFB7,0,0.024245,0.05888,0,0,0.006927,0,0.001732,0,0,0.003464,0,0.005195,0.003464,,D6125620,PNCB,06/09/2026 12:53:26 AM,FDM404,8M6HM2_HVF,8M6HM2_HVF,08/12/2026 8:39:42 AM,8M6HM2_HVF,D1D,4,8280330
D613604,270,KJ7HW270WFG3,0,0.00695,0.024325,0,0,0.003475,0,0.003475,0,0,0,0,0,0,,D6136040,PXMG,06/08/2026 5:03:59 AM,FDM410,8M6HM2_HVF,8M6HM2_HVF,08/26/2026 4:46:10 PM,8M6HM2_HVF,D1D,1,8303159
D613604,313,KJ7HW313WFG0,0,0.003475,0.024325,0,0,0.001737,0,0.001737,0,0.001737,0,0,0.001737,0.001737,,D6136040,PXMG,06/08/2026 5:03:59 AM,FDM410,8M6HM2_HVF,8M6HM2_HVF,08/26/2026 3:10:28 PM,8M6HM2_HVF,D1D,2,8303188
D613000,16,KJ7KF016WFB7,0,0.008659,0.006927,0,0.001732,0.005195,0,0,0,0.001732,0.003464,0,0,0,,D6130000,PNCB,06/07/2026 10:59:27 AM,FDM410,8M6HM2_HVF,8M6HM2_HVF,08/02/2026 12:16:17 AM,8M6HM2_HVF,D1D,1,8312470
D613000,19,KJ7KF019WFH2,0,0.009428,0.044256,0,0,0,0,0.001732,0,0,0,0,0.001732,0.001732,0,D6130000,PNCB,06/07/2026 10:59:27 AM,FDM410,8M6HM2_HVF,8M6HM2_HVF,08/01/2026 11:33:57 PM,8M6HM2_HVF,D1D,2,8312407
D613108,229,MCLXU229WAD4,0,0.015586,0.032904,0,0,0.003464,0,0,0,0.001732,0,0,0.001732,0.001732,,D6131080,PNCB,06/07/2026 1:17:12 PM,FDM408,8M6HM2_HVF,8M6HM2_HVF,08/01/2026 11:34:07 PM,8M6HM2_HVF,D1D,1,8314470
D613108,237,MCLXU237WAG7,0,0.015586,0.015586,0.006927,0,0.001732,0,0,0,0.005195,0,0,0,0,,D6131080,PNCB,06/07/2026 1:17:12 PM,FDM408,8M6HM2_HVF,8M6HM2_HVF,08/02/2026 7:30:02 AM,8M6HM2_HVF,D1D,2,8314319
D613119,340,KJCJA340WFE7,0,0.008659,0.008659,0.006927,0,0.017318,0,0,0,0.001732,0,0,0.005195,0.001732,,D6131190,PNCB,06/13/2026 7:37:35 PM,FDM410,8M6HM2_HVF,8M6HM2_HVF,08/03/2026 4:35:52 AM,8M6HM2_HVF,D1D,1,8317214
D613119,345,KJCJA345WFE0,0,0.010391,0.036367,0.001732,0,0.006927,0,0.005195,0,0.003464,0,0,0,0,,D6131190,PNCB,06/13/2026 7:37:35 PM,FDM410,8M6HM2_HVF,8M6HM2_HVF,08/03/2026 7:02:13 AM,8M6HM2_HVF,D1D,2,8317412
D612802,26,A2BS5026SLF3,0,0.036354,0.05535,0,0,0.001638,0,0,0,0.001638,0,0,0,0.001638,0,D6128020,PR8B,06/19/2026 4:41:32 AM,FDM402,8M6HM2_HVF,8M6HM2_HVF,08/16/2026 7:38:30 AM,8M6HM2_HVF,D1D,1,8266116
D612802,27,A2BS5027SLC2,0,0.024891,0.018669,0,0,0.010153,0,0.002293,0,0.001638,0.001638,0,0.029149,0,0,D6128020,PR8B,06/19/2026 4:41:32 AM,FDM402,8M6HM2_HVF,8M6HM2_HVF,08/16/2026 4:26:20 AM,8M6HM2_HVF,D1D,2,8265992
D613116,489,KJCJA489WFB2,0,0.012122,0.019049,0,0.001732,0.006927,0,0.001732,0,0.001732,0,0,0,0.003464,,D6131160,PNCB,06/16/2026 1:58:11 AM,FDM408,8M6HM2_HVF,8M6HM2_HVF,08/30/2026 11:13:38 AM,8M6HM2_HVF,D1D,1,8314746
D613116,490,KJCJA490WFE3,0,0.01116,0.030402,0,0,0.005195,0,0.003464,0,0.006927,0.001732,0,0.001732,0,0,D6131160,PNCB,06/16/2026 1:58:11 AM,FDM408,8M6HM2_HVF,8M6HM2_HVF,08/10/2026 11:45:46 AM,8M6HM2_HVF,D1D,2,8314783
D612541,541,KJCJA541WFA0,0,0.014738,0.014738,0.001638,0,0.00655,0,0,0,0.004913,0,0.001638,0,0,,D6125410,PR8B,06/17/2026 4:57:42 AM,FDM402,8M6HM2_HVF,8M6HM2_HVF,09/07/2026 9:19:00 AM,8M6HM2_HVF,D1D,1,8289998
D612541,648,KJCJB648WFH1,0,0.016703,0.034062,0,0,0.006878,0,0,0,0.032424,0,0,0,0.001638,0,D6125410,PR8B,06/17/2026 4:57:42 AM,FDM402,8M6HM2_HVF,8M6HM2_HVF,09/06/2026 11:27:54 AM,8M6HM2_HVF,D1D,2,8290015
D613118,5,A2DY9005SLA5,0,0.013854,0.020781,0.001732,0,0.006927,0,0.001732,0,0,0,0,0.001732,0.003464,,D6131180,PNCB,06/17/2026 8:34:50 AM,FDM404,8M6HM2_HVF,8M6HM2_HVF,08/07/2026 7:28:27 AM,8M6HM2_HVF,D1D,1,8317181
D613118,51,A2EPZ051SLA6,0,0.005195,0.012122,0,0,0.008659,0,0,0,0.001732,0,0,0,0,,D6131180,PNCB,06/17/2026 8:34:50 AM,FDM404,8M6HM2_HVF,8M6HM2_HVF,08/12/2026 11:54:18 AM,8M6HM2_HVF,D1D,2,8317112
D612556,18,KJ7KF018WFD0,0,0.005212,0.017375,0,0,0.00695,0,0,0,0.003475,0,0,0.001737,0,,D6125560,PXMG,06/14/2026 10:31:12 AM,FDM404,8M6HM2_HVF,8M6HM2_HVF,08/07/2026 6:00:59 PM,8M6HM2_HVF,D1D,1,8289712
D612556,26,KJ7KF026WFG3,0,0.00695,0.012162,0,0,0.00695,0,0,0,0.001737,0.001737,0,0.003475,0.001737,,D6125560,PXMG,06/14/2026 10:31:12 AM,FDM404,8M6HM2_HVF,8M6HM2_HVF,08/10/2026 8:38:58 AM,8M6HM2_HVF,D1D,2,8289901
D613602,10,A2DY9010SLG0,0,0.005212,0.017375,0,0,0.005212,0,0.003475,0,0,0,0,0.001737,0,,D6136020,PXMG,06/14/2026 10:28:02 PM,FDM408,8M6HM2_HVF,8M6HM2_HVF,08/14/2026 5:56:21 PM,8M6HM2_HVF,D1D,1,8303481
D613602,115,A2EWZ115SLF1,0,0.00695,0.019112,0,0,0.0139,0,0.003475,0,0,0,0,0.003475,0,,D6136020,PXMG,06/14/2026 10:28:02 PM,FDM408,8M6HM2_HVF,8M6HM2_HVF,08/26/2026 5:56:18 PM,8M6HM2_HVF,D1D,2,8303443
D613602,123,A2EWZ123SLB1,0,0.005212,0.02085,0,0,0.008687,0,0,0,0.001737,0,0,0,0,,D6136020,PXMG,06/14/2026 10:28:02 PM,FDM408,8M6HM2_HVF,8M6HM2_HVF,08/14/2026 5:20:47 PM,8M6HM2_HVF,D1D,3,8303534
D613602,129,A2EPZ129SLF5,0,0.00695,0.017375,0,0.001737,0.008687,0,0,0,0.001737,0,0,0,0.001737,,D6136020,PXMG,06/14/2026 10:28:02 PM,FDM408,8M6HM2_HVF,8M6HM2_HVF,08/26/2026 2:52:43 PM,8M6HM2_HVF,D1D,4,8303494
D613606,685,5DXML685MVA0,0,0.01112,0.074364,0.009382,0,0.003475,0,0,0,0.001737,0.007645,0,0.003475,0,0,D6136060,PXMG,06/15/2026 2:22:32 AM,FDM402,8M6HM2_HVF,8M6HM2_HVF,08/10/2026 2:01:11 AM,8M6HM2_HVF,D1D,1,8303273
D613606,688,5DXML688MVF3,0,0.0139,0.033012,0,0.001737,0.001737,0,0.003475,0,0.001737,0.003475,0,0.001737,0,,D6136060,PXMG,06/15/2026 2:22:32 AM,FDM402,8M6HM2_HVF,8M6HM2_HVF,08/04/2026 1:14:28 AM,8M6HM2_HVF,D1D,2,8303346
D613114,27,A2DK3027SLD3,0,0.005195,0.034635,0,0,0,0,0,0,0.001732,0.003464,0,0.001732,0,,D6131140,PNCB,06/26/2026 5:28:32 PM,FDM410,8M6HM2_HVF,8M6HM2_HVF,08/20/2026 2:02:23 PM,8M6HM2_HVF,D1D,1,8314694
D613114,31,A2DK3031SLE4,0,0.012122,0.024245,0,0.001732,0.001732,0,0.003464,0,0,0,0,0.001732,0,,D6131140,PNCB,06/26/2026 5:28:32 PM,FDM410,8M6HM2_HVF,8M6HM2_HVF,08/22/2026 7:02:00 AM,8M6HM2_HVF,D1D,2,8314667
D612530,56,HE6MQ056JKB5,0,0.018832,0.018013,0.001638,0.001638,0.005732,0,0.005732,0,0.00655,0.002456,0,0.001638,0.003275,0,D6125300,PR8B,06/27/2026 2:05:09 AM,FDM404,8M6HM2_HVF,8M6HM2_HVF,09/15/2026 3:33:07 AM,8M6HM2_HVF,D1D,1,8287816
D612530,58,HE6MQ058JKC6,0,0.012773,0.03963,0,0,0.012773,0,0.00786,0,0.018996,0.006223,0,0,0.003275,0,D6125300,PR8B,06/27/2026 2:05:09 AM,FDM404,8M6HM2_HVF,8M6HM2_HVF,09/15/2026 6:29:05 AM,8M6HM2_HVF,D1D,2,8287695
D612807,126,HE6DJ126JKB7,0,0.012773,0.066486,0.009498,0.003275,0.003275,0,0.001638,0,0.001638,0,0,0.001638,0.011136,0,D6128070,PR8B,06/27/2026 5:27:31 AM,FDM410,8M6HM2_HVF,8M6HM2_HVF,08/13/2026 7:34:28 PM,8M6HM2_HVF,D1D,1,8265995
D612807,127,HE6DJ127JKG1,0,0.026693,0.070089,0,0.001638,0.013592,0,0.004913,0,0.001638,0.01523,0,0,0.010317,0,D6128070,PR8B,06/27/2026 5:27:31 AM,FDM410,8M6HM2_HVF,8M6HM2_HVF,08/13/2026 5:09:10 PM,8M6HM2_HVF,D1D,2,8265972
D613111,130,HJ6TM130JKB6,0,0.006927,0.010391,0,0,0.010391,0,0,0,0.001732,0,0,0.010391,0.001732,,D6131110,PNCB,06/27/2026 5:58:01 AM,FDM404,8M6HM2_HVF,8M6HM2_HVF,08/12/2026 2:19:33 PM,8M6HM2_HVF,D1D,1,8314528
D613111,153,HJ6TM153JKB3,0,0.003464,0.015586,0,0,0,0,0.003464,0,0,0,0,0,0.001732,,D6131110,PNCB,06/27/2026 5:58:01 AM,FDM404,8M6HM2_HVF,8M6HM2_HVF,08/12/2026 8:19:11 AM,8M6HM2_HVF,D1D,2,8314523
D613142,39,MCMMJ039WAE0,0,0.015721,0.022271,0,0.001638,0.011954,0,0.007042,0,0.015721,0.004258,0,0.001638,0.001638,0,D6131420,PR8B,06/26/2026 11:03:46 AM,FDM410,8M6HM2_HVF,8M6HM2_HVF,09/15/2026 1:23:07 AM,8M6HM2_HVF,D1D,1,8322064
D613142,46,MCMMJ046WAD1,0,0.003275,0.044542,0,0.004913,0.001638,0,0.00524,0,0.003603,0.001965,0,0.015066,0,0,D6131420,PR8B,06/26/2026 11:03:46 AM,FDM410,8M6HM2_HVF,8M6HM2_HVF,09/14/2026 8:42:19 PM,8M6HM2_HVF,D1D,2,8322058
D613150,202,KJ5LY202WFH1,0,0.012937,0.035699,0,0,0.007042,0,0.003275,0,0.004913,0,0,0.003275,0.003275,0,D6131500,PR8B,06/27/2026 11:53:31 AM,FDM408,8M6HM2_HVF,8M6HM2_HVF,08/29/2026 8:17:50 PM,8M6HM2_HVF,D1D,1,8326560
D613150,243,KJ5LY243WFH2,0,0.13287,0.18036,0,0.005015,0.140362,0,0.005015,0,0.067673,0,0,0.035106,0.01003,0,D6131500,PR8B,06/27/2026 11:53:31 AM,FDM408,8M6HM2_HVF,8M6HM2_HVF,09/07/2026 6:53:35 PM,8M6HM2_HVF,D1D,2,8326503
D612534,56,HE4UD056JKC2,0,0.033641,0.040706,0.001918,0,0,0,0.001918,0,0.003837,0.01268,0,0,0.001918,0,D6125340,PR8B,06/27/2026 9:54:05 AM,FDM402,8M6HM2_HVF,8M6HM2_HVF,09/15/2026 4:34:35 AM,8M6HM2_HVF,D1D,1,8287901
D612534,75,HE4UD075JKH0,0,0.048309,0.032424,0,0.001638,0.003275,0,0,0,0.004913,0,0,0.003275,0.004421,0,D6125340,PR8B,06/27/2026 9:54:05 AM,FDM402,8M6HM2_HVF,8M6HM2_HVF,09/15/2026 1:14:01 AM,8M6HM2_HVF,D1D,2,8287910
D613104,250,5DXOH250MVC6,0,0.012402,0.03916,0.003519,0,0.005363,0,0.003575,0,0.005251,0.001732,0,0,0,0,D6131040,PNCB,06/23/2026 3:46:24 AM,FDM402,8M6HM2_HVF,8M6HM2_HVF,08/12/2026 8:42:50 PM,8M6HM2_HVF,D1D,1,8312462
D613104,254,5DXOH254MVF0,0,0.005888,0.026323,0.001732,0,0.009352,0,0,0,0.003464,0.001732,0,0.001732,0.001732,0,D6131040,PNCB,06/23/2026 3:46:24 AM,FDM402,8M6HM2_HVF,8M6HM2_HVF,08/12/2026 9:00:56 PM,8M6HM2_HVF,D1D,2,8312504
D613109,247,MCMUC247WAE7,0,0.012122,0.015586,0.001732,0,0.005195,0,0,0,0.003464,0.001732,0,0,0,,D6131090,PNCB,06/23/2026 9:52:59 AM,FDM402,8M6HM2_HVF,8M6HM2_HVF,08/12/2026 8:27:49 AM,8M6HM2_HVF,D1D,1,8314475
D613109,252,MCMUC252WAC7,0,0.003464,0.013854,0,0,0.001732,0,0.001732,0,0.005195,0,0,0,0.006927,,D6131090,PNCB,06/23/2026 9:52:59 AM,FDM402,8M6HM2_HVF,8M6HM2_HVF,08/12/2026 12:14:36 PM,8M6HM2_HVF,D1D,2,8314400
D612557,299,KJ9JG299WFF6,0,0.008687,0.019112,0,0,0.010425,0,0.003475,0,0.00695,0,0,0.005212,0.005212,,D6125570,PXMG,06/23/2026 9:08:07 AM,FDM402,8M6HM2_HVF,8M6HM2_HVF,08/26/2026 6:04:42 PM,8M6HM2_HVF,D1D,1,8280446
D612557,390,KJ9JG390WFD4,0,0.016662,0.079175,0.003932,0,0.003932,0,0.005898,0,0.001966,0.001966,0,0.003932,0.005898,0,D6125570,PXMG,06/23/2026 9:08:07 AM,FDM402,8M6HM2_HVF,8M6HM2_HVF,08/26/2026 5:16:21 PM,8M6HM2_HVF,D1D,2,8280401
D612554,78,KJCHY078WFG3,0,0.008687,0.012162,0.001737,0,0.001737,0,0.003475,0,0.003475,0,0,0.003475,0,,D6125540,PXMG,06/24/2026 6:54:26 AM,FDM410,8M6HM2_HVF,8M6HM2_HVF,08/28/2026 9:50:31 AM,8M6HM2_HVF,D1D,1,8287677
D612554,88,KJCHY088WFD4,0,0.00695,0,0.001737,0,0.001737,0,0,0,0,0,0,0.001737,0.001737,,D6125540,PXMG,06/24/2026 6:54:26 AM,FDM410,8M6HM2_HVF,8M6HM2_HVF,08/28/2026 10:04:48 AM,8M6HM2_HVF,D1D,2,8287761
D612535,52,A2DFY052SLC2,0,0.013101,0.026201,0.001638,0,0.008188,0,0,0,0,0,0,0,0,,D6125350,PR8B,06/24/2026 2:48:13 AM,FDM408,8M6HM2_HVF,8M6HM2_HVF,07/26/2026 2:17:00 PM,8M6HM2_HVF,D1D,1,8287694
D612535,55,A2DFY055SLA2,0,0.018013,0.021289,0.001638,0.001638,0.003275,0,0,0,0.001638,0.003275,0,0.003275,0,,D6125350,PR8B,06/24/2026 2:48:13 AM,FDM408,8M6HM2_HVF,8M6HM2_HVF,07/26/2026 2:14:15 PM,8M6HM2_HVF,D1D,2,8287780
D613147,2,KJ67H002WFA3,0,0.018013,0.011463,0.001638,0,0.008188,0,0,0,0.011463,0,0,0.003275,0.001638,,D6131470,PR8B,06/26/2026 4:34:18 AM,FDM402,8M6HM2_HVF,8M6HM2_HVF,09/06/2026 10:43:05 PM,8M6HM2_HVF,D1D,1,8322775
D613147,7,KJ67H007WFG7,0,0.008188,0.009826,0,0,0.014738,0,0,0,0.001638,0.001638,0,0.001638,0.008188,,D6131470,PR8B,06/26/2026 4:34:18 AM,FDM402,8M6HM2_HVF,8M6HM2_HVF,07/26/2026 2:16:54 PM,8M6HM2_HVF,D1D,2,8322617
D612527,639,5DXNN639MVF5,0,0.025874,0.038647,0,0,0.001638,0,0,0,0,0.00917,0,0,0.003275,0,D6125270,PR8B,07/04/2026 1:03:09 PM,FDM402,8M6HM2_HVF,8M6HM2_HVF,07/26/2026 3:24:53 PM,8M6HM2_HVF,D1D,1,8287922
D612527,642,5DXNN642MVC4,0,0.018013,0.06141,0,0.001638,0,0,0.001638,0,0.001638,0.001638,0,0,0.005732,0,D6125270,PR8B,07/04/2026 1:03:09 PM,FDM402,8M6HM2_HVF,8M6HM2_HVF,07/26/2026 3:24:47 PM,8M6HM2_HVF,D1D,2,8287941
D613156,333,MCMTK333WAE5,0,0.017031,0.03095,0.001638,0,0.001638,0,0.004913,0,0,0.002784,0,0,0,0,D6131560,PR8B,07/01/2026 12:07:22 AM,FDM402,8M6HM2_HVF,8M6HM2_HVF,09/15/2026 2:16:20 PM,8M6HM2_HVF,D1D,1,8326785
D613156,341,MCMTK341WAA5,0,0.018341,0.04618,0,0,0.003275,0,0.004258,0,0.001638,0.004913,0,0,0.004913,0,D6131560,PR8B,07/01/2026 12:07:22 AM,FDM402,8M6HM2_HVF,8M6HM2_HVF,09/15/2026 11:53:53 AM,8M6HM2_HVF,D1D,2,8326826
D613152,41,A2CM6041SLG7,0,0.00655,0.040448,0.001638,0,0.004913,0,0.001638,0,0.013428,0,0,0,0.005077,0,D6131520,PR8B,06/30/2026 12:32:30 AM,FDM408,8M6HM2_HVF,8M6HM2_HVF,09/13/2026 12:13:49 PM,8M6HM2_HVF,D1D,1,8326316
D613152,43,A2CM6043SLA5,0,0.021125,0.052567,0,0,0.022926,0,0.001638,0,0.003275,0,0,0.003275,0.004913,0,D6131520,PR8B,06/30/2026 12:32:30 AM,FDM408,8M6HM2_HVF,8M6HM2_HVF,09/12/2026 8:35:21 PM,8M6HM2_HVF,D1D,2,8326326
D613152,46,A2CM6046SLG0,0,0.008188,0.036027,0,0,0.004913,0,0.001638,0,0.001638,0,0,0.001638,0.004913,,D6131520,PR8B,06/30/2026 12:32:30 AM,FDM408,8M6HM2_HVF,8M6HM2_HVF,09/13/2026 6:44:59 AM,8M6HM2_HVF,D1D,3,8326355
D613152,47,A2CM6047SLC7,0,0.014207,0.078339,0,0,0.016066,0,0,0,0.005577,0.001859,0,0,0.001859,0,D6131520,PR8B,06/30/2026 12:32:30 AM,FDM408,8M6HM2_HVF,8M6HM2_HVF,09/13/2026 12:50:31 PM,8M6HM2_HVF,D1D,4,8326472
D613152,48,A2CM6048SLH1,0,0.016703,0.059608,0,0,0.003275,0,0,0,0.018669,0,0,0,0.001638,0,D6131520,PR8B,06/30/2026 12:32:30 AM,FDM408,8M6HM2_HVF,8M6HM2_HVF,09/13/2026 9:45:21 AM,8M6HM2_HVF,D1D,5,8326281
D613152,129,A2ECU129SLB5,0,0.013592,0.023909,0,0,0.008188,0,0,0,0.003439,0,0,0,0.001638,0,D6131520,PR8B,06/30/2026 12:32:30 AM,FDM408,8M6HM2_HVF,8M6HM2_HVF,09/12/2026 11:36:27 PM,8M6HM2_HVF,D1D,6,8326328
D613117,2,KJAZG002WFA2,0,0.025976,0.006927,0.003464,0,0.041562,0,0,0,0.003464,0.001732,0,0,0,,D6131170,PNCB,06/29/2026 12:16:53 PM,FDM408,8M6HM2_HVF,8M6HM2_HVF,08/19/2026 1:38:38 PM,8M6HM2_HVF,D1D,1,8314653
D613117,13,KJAZG013WFB5,0,0.012122,0.020781,0.005195,0,0.005195,0,0.001732,0,0.001732,0,0,0.003464,0,,D6131170,PNCB,06/29/2026 12:16:53 PM,FDM408,8M6HM2_HVF,8M6HM2_HVF,08/19/2026 1:17:33 PM,8M6HM2_HVF,D1D,2,8314619
D612805,64,KJCHY064WFH0,0,0.013101,0.058298,0.004421,0.003275,0.003275,0,0.004913,0,0.004913,0.004421,0,0.011463,0.011463,0,D6128050,PR8B,06/28/2026 4:50:30 PM,FDM402,8M6HM2_HVF,8M6HM2_HVF,09/01/2026 4:43:58 PM,8M6HM2_HVF,D1D,1,8266204
D612805,66,KJCHY066WFA6,0,0.027675,0.034553,0,0,0.003275,0,0.001638,0,0.003275,0.001638,0,0.001638,0,0,D6128050,PR8B,06/28/2026 4:50:30 PM,FDM402,8M6HM2_HVF,8M6HM2_HVF,09/02/2026 11:15:10 AM,8M6HM2_HVF,D1D,2,8266227
D613110,180,HJ8VW180JKA7,0,0.012122,0.031172,0.001732,0,0.003464,0,0,0,0.001732,0,0,0,0.001732,,D6131100,PNCB,06/28/2026 6:26:23 AM,FDM402,8M6HM2_HVF,8M6HM2_HVF,07/26/2026 2:14:21 PM,8M6HM2_HVF,D1D,1,8314587
D613110,181,HJ8VW181JKF1,0,0.005195,0.020781,0.001732,0,0.006927,0,0,0,0.003464,0,0,0,0,,D6131100,PNCB,06/28/2026 6:26:23 AM,FDM402,8M6HM2_HVF,8M6HM2_HVF,07/26/2026 2:16:11 PM,8M6HM2_HVF,D1D,2,8314570
D613607,82,A2DMV082SLG1,0,0.008687,0.024325,0.001737,0,0.001737,0,0.001737,0,0.005212,0,0,0,0,,D6136070,PXMG,07/01/2026 10:15:06 PM,FDM402,8M6HM2_HVF,8M6HM2_HVF,09/15/2026 8:27:20 AM,8M6HM2_HVF,D1D,1,8303659
D613607,83,A2DMV083SLD0,0,0.008687,0.024325,0,0,0.005212,0,0.005212,0,0.001737,0,0,0,0.001737,,D6136070,PXMG,07/01/2026 10:15:06 PM,FDM402,8M6HM2_HVF,8M6HM2_HVF,08/26/2026 6:28:37 PM,8M6HM2_HVF,D1D,2,8303599
D613157,702,HJ5QY702JKH2,0,0.00655,0.00655,0,0,0,0,0,0,0.001638,0,0,0.001638,0.003275,,D6131570,PR8B,07/02/2026 3:31:37 AM,FDM402,8M6HM2_HVF,8M6HM2_HVF,07/26/2026 3:25:37 PM,8M6HM2_HVF,D1D,1,8326381
D613157,707,HJ5QY707JKG3,0,0.009826,0.009826,0,0.001638,0.001638,0,0,0,0.004913,0.001638,0,0,0,,D6131570,PR8B,07/02/2026 3:31:37 AM,FDM402,8M6HM2_HVF,8M6HM2_HVF,09/15/2026 8:35:09 AM,8M6HM2_HVF,D1D,2,8326476
D612536,37,A2DWL037SLB5,0,0.025055,0.060099,0.001638,0,0,0,0.003275,0,0.003275,0.001638,0,0,0.001638,0,D6125360,PR8B,06/28/2026 7:38:09 AM,FDM402,8M6HM2_HVF,8M6HM2_HVF,09/15/2026 2:03:08 AM,8M6HM2_HVF,D1D,1,8287716
D612536,40,A2DWL040SLF7,0,0.032752,0.019651,0.001638,0,0.00655,0,0,0,0.004913,0.003275,0,0.003275,0.003275,,D6125360,PR8B,06/28/2026 7:38:09 AM,FDM402,8M6HM2_HVF,8M6HM2_HVF,09/14/2026 8:39:27 PM,8M6HM2_HVF,D1D,2,8287762
D613144,11,KJCHY011WFB2,0,0.023745,0.034389,0.004094,0,0.004913,0,0.001638,0,0.003275,0,0,0.001638,0.001638,0,D6131440,PR8B,07/13/2026 3:47:35 PM,FDM410,8M6HM2_HVF,8M6HM2_HVF,09/15/2026 8:34:02 AM,8M6HM2_HVF,D1D,1,8322716
D613144,17,KJCHY017WFE5,0,0.014738,0.014738,0,0,0.008188,0,0.001638,0,0.004913,0.003275,0,0,0.004913,,D6131440,PR8B,07/13/2026 3:47:35 PM,FDM410,8M6HM2_HVF,8M6HM2_HVF,09/15/2026 6:01:11 AM,8M6HM2_HVF,D1D,2,8322753
D613144,20,KJCHY020WFB4,0,0.021289,0.027839,0,0,0.003275,0,0.001638,0,0.003275,0.004913,0,0.00655,0.001638,0,D6131440,PR8B,07/13/2026 5:08:45 PM,FDM410,8M6HM2_HVF,8M6HM2_HVF,09/14/2026 7:31:10 PM,8M6HM2_HVF,D1D,3,8322624
D613144,23,KJCHY023WFG7,0.001638,0.014083,0.024891,0,0,0.003275,0,0,0,0.00262,0.00262,0,0.001638,0,0,D6131440,PR8B,07/13/2026 5:08:45 PM,FDM410,8M6HM2_HVF,8M6HM2_HVF,09/15/2026 2:26:48 PM,8M6HM2_HVF,D1D,4,8322559
D613144,29,KJCHY029WFC7,0,0.012446,0.025546,0,0,0.004585,0,0,0,0.001638,0,0,0,0,0,D6131440,PR8B,07/13/2026 5:08:45 PM,FDM410,8M6HM2_HVF,8M6HM2_HVF,09/15/2026 5:27:55 AM,8M6HM2_HVF,D1D,5,8322622
D613140,110,A2EW7110SLA2,0,0.015066,0.033571,0.003439,0,0,0,0.004913,0,0.005077,0,0,0.001638,0.014902,0,D6131400,PR8B,07/13/2026 9:06:36 PM,FDM408,8M6HM2_HVF,8M6HM2_HVF,07/26/2026 3:13:41 PM,8M6HM2_HVF,D1D,1,8322181
D613140,151,A2EGD151SLB4,0,0.036368,0.076762,0.002115,0,0.010576,0,0.00423,0,0.00423,0,0,0,0,0,D6131400,PR8B,07/13/2026 9:06:36 PM,FDM408,8M6HM2_HVF,8M6HM2_HVF,07/26/2026 3:13:25 PM,8M6HM2_HVF,D1D,2,8322313
D613140,154,A2EGD154SLG7,0,0.028822,0.072709,0.001638,0,0.00655,0,0.001638,0,0.003275,0,0,0.001638,0.001638,0,D6131400,PR8B,07/13/2026 10:20:45 PM,FDM406,8M6HM2_HVF,8M6HM2_HVF,07/26/2026 3:13:36 PM,8M6HM2_HVF,D1D,3,8322166
D613140,156,A2EGD156SLA5,0,0.030132,0.04749,0,0.001638,0.003275,0,0.006223,0,0.001638,0.006223,0,0,0.003275,0,D6131400,PR8B,07/13/2026 10:20:45 PM,FDM406,8M6HM2_HVF,8M6HM2_HVF,07/26/2026 3:12:38 PM,8M6HM2_HVF,D1D,4,8322107
D613140,158,A2EGD158SLB6,0,0.039957,0.047163,0,0.003275,0.009498,0,0,0,0.00655,0,0,0,0.004913,0,D6131400,PR8B,07/13/2026 10:20:45 PM,FDM406,8M6HM2_HVF,8M6HM2_HVF,07/26/2026 3:13:27 PM,8M6HM2_HVF,D1D,5,8322322
D613153,191,HJ8VW191JKC2,0,0.0488,0.035044,0.003275,0.004913,0.022926,0,0.004913,0,0.008515,0.00262,0,0.001638,0.011463,0,D6131530X,PR8B,07/22/2026 6:21:30 AM,FDM406,8M6HM2_HVF,8M6HM2_HVF,07/26/2026 3:09:22 PM,8M6HM2_HVF,D1D,1,8978714
D613153,192,HJ8VW192JKG4,0,0.040612,0.056661,0,0,0.003275,0,0.001638,0,0.001638,0.00917,0.001638,0,0,0,D6131530X,PR8B,07/22/2026 6:21:30 AM,FDM406,8M6HM2_HVF,8M6HM2_HVF,07/26/2026 3:09:42 PM,8M6HM2_HVF,D1D,2,8978700
D613153,193,HJ8VW193JKD3,0,0.028985,0.05142,0,0.001638,0.009826,0,0.004913,0,0.008024,0.003275,0,0,0,0,D6131530X,PR8B,07/22/2026 6:21:30 AM,FDM406,8M6HM2_HVF,8M6HM2_HVF,07/26/2026 3:09:28 PM,8M6HM2_HVF,D1D,3,8978726
D613153,194,HJ8VW194JKA2,0,0.084254,0.07623,0,0,0.070334,0,0.002375,0,0.007124,0.007124,0,0,0.004749,0,D6131530X,PR8B,07/22/2026 6:21:30 AM,FDM406,8M6HM2_HVF,8M6HM2_HVF,07/26/2026 3:09:34 PM,8M6HM2_HVF,D1D,4,8978744
D613153,153,HJ8VW153JKA1,0,0.040285,0.015393,0,0,0.033079,0,0.003275,0,0.008843,0,0,0.003275,0.00393,0,D6131530,PR8B,07/20/2026 9:18:33 PM,FDM406,8M6HM2_HVF,8M6HM2_HVF,07/26/2026 3:10:08 PM,8M6HM2_HVF,D1D,1,8326400
D613153,154,HJ8VW154JKE3,0,0.016376,0.00655,0,0,0.001638,0,0.003275,0,0.001638,0,0,0,0.001638,,D6131530,PR8B,07/20/2026 9:18:33 PM,FDM406,8M6HM2_HVF,8M6HM2_HVF,07/26/2026 3:10:15 PM,8M6HM2_HVF,D1D,2,8326620
D613153,195,HJ8VW195JKE4,0,0.033953,0.15961,0.002074,0.002074,0.017358,0,0,0,0.004149,0,0,0.010371,0.006223,0,D6131530,PR8B,07/20/2026 10:31:29 PM,FDM406,8M6HM2_HVF,8M6HM2_HVF,07/26/2026 3:10:23 PM,8M6HM2_HVF,D1D,3,8326497
D613153,196,HJ8VW196JKB3,0,0.023745,0.032752,0.003275,0,0.009007,0,0.001638,0,0.004913,0,0,0.003275,0,0,D6131530,PR8B,07/20/2026 10:31:29 PM,FDM406,8M6HM2_HVF,8M6HM2_HVF,07/26/2026 3:09:22 PM,8M6HM2_HVF,D1D,4,8326470
D613153,197,HJ8VW197JKF5,0,0.065872,0.113096,0,0.015741,0.015741,0,0,0,0,0,0,1.072109,0.32064,0,D6131530,PR8B,07/20/2026 10:31:29 PM,FDM406,8M6HM2_HVF,8M6HM2_HVF,07/26/2026 3:10:40 PM,8M6HM2_HVF,D1D,5,8326624
D612531,632,5DXNN632MVF3,0,0.015885,0.030132,0.001638,0,0.003275,0,0.001638,0,0.009662,0,0,0.003275,0.003275,0,D6125310,PR8B,07/26/2026 11:48:52 AM,FDM410,8M6HM2_HVF,8M6HM2_HVF,07/26/2026 3:08:08 PM,8M6HM2_HVF,D1D,1,8288050
D612531,634,5DXNN634MVG4,0,0.011136,0.018996,0,0,0.008843,0,0,0,0.003275,0.001965,0,0,0.001638,0,D6125310,PR8B,07/26/2026 11:48:52 AM,FDM410,8M6HM2_HVF,8M6HM2_HVF,07/26/2026 3:08:14 PM,8M6HM2_HVF,D1D,2,8288059
D612531,643,5DXNN643MVG6,0,0.020306,0.05011,0,0,0.004913,0,0,0,0.001638,0,0,0,0,0,D6125310,PR8B,07/26/2026 12:34:56 PM,FDM402,8M6HM2_HVF,8M6HM2_HVF,07/26/2026 3:07:56 PM,8M6HM2_HVF,D1D,3,8288128
D612531,655,5DXNN655MVF0,0,0.019892,0.029862,0,0,0.00997,0,0.002505,0,0,0,0,0,0.004913,0,D6125310,PR8B,07/26/2026 12:34:56 PM,FDM402,8M6HM2_HVF,8M6HM2_HVF,07/26/2026 3:08:06 PM,8M6HM2_HVF,D1D,4,8288118
D612531,660,5DXNN660MVD0,0,0.023581,0.037337,0.001638,0.003275,0,0,0,0,0.004913,0.004585,0,0,0.00655,0,D6125310,PR8B,07/26/2026 12:34:56 PM,FDM402,8M6HM2_HVF,8M6HM2_HVF,07/26/2026 3:04:27 PM,8M6HM2_HVF,D1D,5,8288116
D613143,51,A2EW7051SLB2,0,0.016523,0.012684,0.003338,0.001669,0.001669,0,0.005508,0,0.005508,0,0,0.018192,0.006676,0,D6131430,PR8B,08/12/2026 2:20:28 PM,FDM406,8M6HM2_HVF,8M6HM2_HVF,08/12/2026 2:49:56 PM,8M6HM2_HVF,D1D,1,8322075
D613143,58,A2EW7058SLB4,0,0.020028,0.011683,0.001669,0,0,0,0.001669,0,0.003338,0.001669,0,0.001669,0.006676,,D6131430,PR8B,08/12/2026 2:20:28 PM,FDM406,8M6HM2_HVF,8M6HM2_HVF,08/12/2026 2:48:30 PM,8M6HM2_HVF,D1D,2,8322197
D612949,211,5DXOH211MVD6,0,0.044399,0.018812,0.009027,0,0.07449,0,0.006776,0,0.115859,0,0,0.003009,0.006018,0,D6129490,PR8B,08/11/2026 3:00:22 AM,FDM404,8M6HM2_HVF,8M6HM2_HVF,08/11/2026 3:32:03 AM,8M6HM2_HVF,D1D,1,8298047
D612949,226,5DXOH226MVA0,0,0.049537,0.057623,0.00174,0,0.00174,0,0.008393,0,0.008393,0.00174,0,0,0.00348,0,D6129490,PR8B,08/11/2026 3:00:22 AM,FDM404,8M6HM2_HVF,8M6HM2_HVF,08/11/2026 3:29:35 AM,8M6HM2_HVF,D1D,2,8298057
D612948,51,A2DD8051SLB6,0,0.034389,0.022107,0,0.001638,0,0,0,0,0.004913,0.001638,0,0.001638,0.007369,0,D6129480,PR8B,08/09/2026 7:03:31 PM,FDM406,8M6HM2_HVF,8M6HM2_HVF,08/09/2026 7:26:57 PM,8M6HM2_HVF,D1D,1,8297985
D612948,53,A2DD8053SLC7,0,0.024564,0.021289,0,0.001638,0.026201,0,0.003275,0,0.001638,0,0,0,0,,D6129480,PR8B,08/09/2026 7:03:31 PM,FDM406,8M6HM2_HVF,8M6HM2_HVF,08/09/2026 7:29:07 PM,8M6HM2_HVF,D1D,2,8298050
D611435,451,HE6ZP451JKA6,0,0.005195,0.027708,0,0.001732,0.001732,0,0.005195,0,0.005195,0,0,0.003464,0,,D6114350,PNCB,05/29/2026 3:00:56 PM,FDM404,8M6HM2_HVF,8M6HM2_HVF,07/31/2026 9:47:04 AM,8M6HM2_HVF,D1D,1,8258651
D611435,455,HE6ZP455JKD0,0,0.010391,0.031172,0.001732,0,0.001732,0,0,0,0.003464,0,0,0,0,,D6114350,PNCB,05/29/2026 3:00:56 PM,FDM404,8M6HM2_HVF,8M6HM2_HVF,07/28/2026 3:32:11 PM,8M6HM2_HVF,D1D,2,8258632
D611447,5,KJAYY005WFC0,0,0.005212,0.026062,0,0,0.00695,0,0.003475,0,0.003475,0,0,0.001737,0,,D6114470,PXMG,06/04/2026 12:58:22 AM,FDM404,8M6HM2_HVF,8M6HM2_HVF,08/25/2026 7:50:24 PM,8M6HM2_HVF,D1D,1,8250411
D611447,8,KJAYY008WFA0,0,0.0139,0.017375,0,0,0.005212,0,0,0,0.005212,0.005212,0,0,0.001737,,D6114470,PXMG,06/04/2026 12:58:22 AM,FDM404,8M6HM2_HVF,8M6HM2_HVF,08/26/2026 4:56:25 PM,8M6HM2_HVF,D1D,2,8250367
D611439,415,HE6ZP415JKH1,0,0.00787,0.031181,0.001818,0,0.001818,0,0.003637,0,0.009092,0,0,0,0,0,D6114390,PNCB,05/31/2026 9:16:20 AM,FDM404,8M6HM2_HVF,8M6HM2_HVF,07/29/2026 1:52:19 PM,8M6HM2_HVF,D1D,1,8262101
D611439,416,HE6ZP416JKE0,0,0.005195,0.022513,0.003464,0,0.001732,0,0.005195,0,0.010391,0.001732,0,0.001732,0.005195,,D6114390,PNCB,05/31/2026 9:16:20 AM,FDM404,8M6HM2_HVF,8M6HM2_HVF,07/27/2026 7:49:30 AM,8M6HM2_HVF,D1D,2,8262037
D611452,60,A2AZS060SLG1,0,0.00695,0.043437,0.003475,0,0.005212,0,0.005212,0,0.003475,0,0,0,0,,D6114520,PXMG,06/04/2026 1:36:08 PM,FDM404,8M6HM2_HVF,8M6HM2_HVF,08/15/2026 10:32:40 PM,8M6HM2_HVF,D1D,1,8250603
D611452,65,A2AZS065SLF2,0,0,0.019351,0.001759,0,0.003497,0,0.001759,0,0.001759,0,0,0.108984,0.012314,0,D6114520,PXMG,06/04/2026 1:36:08 PM,FDM404,8M6HM2_HVF,8M6HM2_HVF,08/15/2026 10:44:46 PM,8M6HM2_HVF,D1D,2,8250570
D611454,338,MCMTK338WAD6,0,0.012162,0.0278,0.005212,0.001737,0.003475,0,0,0,0.001737,0,0,0.00695,0.015637,0,D6114540,PXMG,06/04/2026 10:16:47 PM,FDM404,8M6HM2_HVF,8M6HM2_HVF,08/25/2026 7:30:30 AM,8M6HM2_HVF,D1D,1,8252627
D611454,370,MCMTK370WAC4,0,0.056946,0.033099,0,0,0.159936,0,0.003171,0,0.038051,0.009382,0,0,0,0,D6114540,PXMG,06/04/2026 10:16:47 PM,FDM404,8M6HM2_HVF,8M6HM2_HVF,08/26/2026 7:27:55 AM,8M6HM2_HVF,D1D,2,8252761
D611440,52,HE6DJ052JKG5,0,0.006927,0.017318,0,0,0.008659,0,0.003464,0,0.003464,0,0,0,0,,D6114400,PNCB,06/03/2026 6:18:22 AM,FDM408,8M6HM2_HVF,8M6HM2_HVF,07/26/2026 2:23:50 PM,8M6HM2_HVF,D1D,1,8262128
D611440,53,HE6DJ053JKD4,0,0.017318,0.008659,0,0,0.013854,0,0,0,0.008659,0,0,0.001732,0.003464,,D6114400,PNCB,06/03/2026 6:18:22 AM,FDM408,8M6HM2_HVF,8M6HM2_HVF,08/04/2026 6:37:23 AM,8M6HM2_HVF,D1D,2,8261947
D611453,616,HE6ZP616JKC2,0,0.001737,0.0139,0.003475,0,0.001737,0,0.003475,0,0.00695,0,0.001737,0.001737,0,,D6114530,PXMG,06/06/2026 2:00:05 PM,FDM408,8M6HM2_HVF,8M6HM2_HVF,08/15/2026 1:51:12 PM,8M6HM2_HVF,D1D,1,8250471
D611453,617,HE6ZP617JKG4,0,0.008687,0.012162,0.003475,0,0.003475,0,0.001737,0,0,0,0,0.001737,0.003475,,D6114530,PXMG,06/06/2026 2:00:05 PM,FDM408,8M6HM2_HVF,8M6HM2_HVF,08/15/2026 1:41:04 PM,8M6HM2_HVF,D1D,2,8250437
D612494,127,A2AZT127SLC5,0,0.015586,0.020781,0,0,0.019049,0,0.003464,0,0.001732,0,0,0.001732,0,,D6124940,PNCB,06/06/2026 6:21:08 AM,FDM408,8M6HM2_HVF,8M6HM2_HVF,08/02/2026 6:25:37 AM,8M6HM2_HVF,D1D,1,8276665
D612494,134,A2BP5134SLG2,0,0.020088,0.025284,0.004156,0,0.001732,0,0,0,0.011083,0,0,0,0,0,D6124940,PNCB,06/06/2026 6:21:08 AM,FDM408,8M6HM2_HVF,8M6HM2_HVF,08/02/2026 4:05:11 AM,8M6HM2_HVF,D1D,2,8276616
D612485,63,KJCHY063WFC6,0,0.016506,0.030406,0,0,0.001737,0,0,0,0.001737,0.001737,0,0.003475,0,0,D6124850,PXMG,06/05/2026 11:07:33 PM,FDM410,8M6HM2_HVF,8M6HM2_HVF,08/04/2026 12:53:00 AM,8M6HM2_HVF,D1D,1,8272346
D612485,65,KJCHY065WFD7,0,0.010425,0.029537,0,0,0,0,0.001737,0,0,0,0,0,0,,D6124850,PXMG,06/05/2026 11:07:33 PM,FDM410,8M6HM2_HVF,8M6HM2_HVF,08/06/2026 6:31:04 PM,8M6HM2_HVF,D1D,2,8272292
D611465,306,KJA9T306WFB5,0,0.003475,0.033012,0.001737,0.003475,0,0,0,0,0.003475,0,0,0.001737,0.00695,,D6114650,PXMG,06/12/2026 2:29:27 PM,FDM408,8M6HM2_HVF,8M6HM2_HVF,08/14/2026 11:15:41 AM,8M6HM2_HVF,D1D,1,8255981
D611465,315,KJA9T315WFB7,0,0.00695,0.023977,0,0.001737,0.010425,0,0.001737,0,0,0.006255,0,0.007471,0.005734,0,D6114650,PXMG,06/12/2026 2:29:27 PM,FDM408,8M6HM2_HVF,8M6HM2_HVF,08/14/2026 11:51:25 AM,8M6HM2_HVF,D1D,2,8256001
D611455,20,MCMUB020WAE3,0,0.005212,0.017375,0.001737,0,0,0,0,0,0,0,0,0.012162,0.008687,,D6114550,PXMG,06/13/2026 3:46:37 AM,FDM404,8M6HM2_HVF,8M6HM2_HVF,08/12/2026 3:11:06 PM,8M6HM2_HVF,D1D,1,8252786
D611455,35,MCMUB035WAA5,0,0.008687,0.061333,0.001737,0.001737,0.003475,0,0.003475,0,0,0,0,0.005212,0.006429,0,D6114550,PXMG,06/13/2026 3:46:37 AM,FDM404,8M6HM2_HVF,8M6HM2_HVF,08/12/2026 2:57:56 PM,8M6HM2_HVF,D1D,2,8252806
D611443,814,KJAYE814WFC4,0,0.012162,0.048215,0,0,0.003475,0,0,0,0.005212,0.003909,0,0,0.001737,0,D6114430,PXMG,06/11/2026 7:25:53 PM,FDM402,8M6HM2_HVF,8M6HM2_HVF,09/02/2026 11:51:07 AM,8M6HM2_HVF,D1D,1,8248074
D611443,820,KJAYE820WFE6,0,0.00695,0.062202,0,0.001737,0.003475,0,0,0,0.003649,0.003649,0,0,0.003475,0,D6114430,PXMG,06/11/2026 7:25:53 PM,FDM402,8M6HM2_HVF,8M6HM2_HVF,09/02/2026 11:28:40 AM,8M6HM2_HVF,D1D,2,8248042
D612482,29,A2BCX029SLF3,0,0.001737,0.012162,0,0,0.001737,0,0,0,0.001737,0.001737,0,0.001737,0.005212,,D6124820,PXMG,06/10/2026 9:36:10 AM,FDM410,8M6HM2_HVF,8M6HM2_HVF,08/10/2026 1:37:42 AM,8M6HM2_HVF,D1D,1,8272058
D612482,84,A2BDY084SLH1,0,0,0.019112,0,0,0.001737,0,0.001737,0,0,0,0,0,0,,D6124820,PXMG,06/10/2026 9:36:10 AM,FDM410,8M6HM2_HVF,8M6HM2_HVF,08/10/2026 1:41:17 AM,8M6HM2_HVF,D1D,2,8272088
D612483,205,A2BNK205SLF6,0,0.00695,0.012162,0,0,0.003475,0,0.001737,0,0,0,0,0,0,,D6124830,PXMG,06/10/2026 3:28:46 AM,FDM410,8M6HM2_HVF,8M6HM2_HVF,09/12/2026 7:08:18 AM,8M6HM2_HVF,D1D,1,8272205
D612483,209,A2BNK209SLA5,0,0.00695,0.010425,0,0.001737,0.001737,0,0.001737,0,0.001737,0,0,0.008687,0.005212,,D6124830,PXMG,06/10/2026 3:28:46 AM,FDM410,8M6HM2_HVF,8M6HM2_HVF,08/13/2026 2:25:28 PM,8M6HM2_HVF,D1D,2,8272077
D612493,17,A29DT017SLG4,0,0.005195,0.036367,0,0.001732,0.005195,0,0,0,0.001732,0,0,0.008659,0,,D6124930,PNCB,06/10/2026 11:09:08 AM,FDM408,8M6HM2_HVF,8M6HM2_HVF,08/12/2026 11:14:55 AM,8M6HM2_HVF,D1D,1,8276682
D612493,19,A2BMH019SLC6,0,0.017318,0.041562,0,0,0.003464,0,0,0,0.003464,0.001732,0,0.001732,0.003464,,D6124930,PNCB,06/10/2026 11:09:08 AM,FDM408,8M6HM2_HVF,8M6HM2_HVF,08/12/2026 8:19:33 AM,8M6HM2_HVF,D1D,2,8276643
D611434,534,HE6ZP534JKD5,0,0.014547,0.020088,0,0,0.005195,0,0.001732,0,0,0,0,0,0.005195,0,D6114340,PNCB,06/08/2026 5:15:06 AM,FDM404,8M6HM2_HVF,8M6HM2_HVF,08/02/2026 8:45:32 PM,8M6HM2_HVF,D1D,1,8258566
D611434,535,HE6ZP535JKA4,0,0.016105,0.036021,0,0,0.004503,0,0,0,0.009178,0,0,0.001732,0,0,D6114340,PNCB,06/08/2026 5:15:06 AM,FDM404,8M6HM2_HVF,8M6HM2_HVF,08/03/2026 11:15:52 AM,8M6HM2_HVF,D1D,2,8258669
D611446,426,5DXKS426MVF1,0,0.012162,0.039962,0.001737,0,0.017375,0,0.00695,0,0.001737,0,0,0,0.003475,,D6114460,PXMG,06/08/2026 8:11:07 AM,FDM404,8M6HM2_HVF,8M6HM2_HVF,08/16/2026 12:02:53 AM,8M6HM2_HVF,D1D,1,8248566
D611446,502,5DXKS502MVA3,0,0.012162,0.053167,0,0.00417,0.005212,0,0,0,0.001737,0.001737,0,0.001737,0.00695,0,D6114460,PXMG,06/08/2026 8:11:07 AM,FDM404,8M6HM2_HVF,8M6HM2_HVF,08/15/2026 10:35:16 PM,8M6HM2_HVF,D1D,2,8248666
D611457,6,MCMUB006WAG1,0,0.01251,0.027452,0.001737,0,0.01529,0,0,0,0.017722,0.001737,0,0.003475,0.005212,0,D6114570,PXMG,06/08/2026 3:13:12 PM,FDM404,8M6HM2_HVF,8M6HM2_HVF,07/26/2026 2:22:41 PM,8M6HM2_HVF,D1D,1,8252748
D611457,16,MCMUB016WAD2,0,0.00695,0.02085,0,0,0.001737,0,0.003475,0,0.001737,0,0,0.00695,0.008687,,D6114570,PXMG,06/08/2026 3:13:12 PM,FDM404,8M6HM2_HVF,8M6HM2_HVF,08/26/2026 1:58:06 PM,8M6HM2_HVF,D1D,2,8252925
D612477,126,A2BJ8126SLA6,0,0.026414,0.017516,0,0.003522,0.082718,0,0,0,0.005283,0,0,0.001761,0.003522,0,D6124770,PXMG,06/09/2026 3:19:40 AM,FDM408,8M6HM2_HVF,8M6HM2_HVF,08/13/2026 1:11:46 AM,8M6HM2_HVF,D1D,1,8271997
D612477,128,A2BJ8128SLB7,0,0.00695,0.031275,0.003475,0,0.0278,0,0,0,0,0,0,0.001737,0.001737,,D6124770,PXMG,06/09/2026 3:19:40 AM,FDM408,8M6HM2_HVF,8M6HM2_HVF,08/13/2026 1:28:25 AM,8M6HM2_HVF,D1D,2,8272040
D611460,5,KJAAE005WFD5,0,0.012162,0.015637,0,0,0.012162,0,0,0,0.003475,0,0,0,0.001737,,D6114600,PXMG,06/07/2026 12:16:26 PM,FDM404,8M6HM2_HVF,8M6HM2_HVF,08/02/2026 1:25:15 PM,8M6HM2_HVF,D1D,1,8252874
D611460,7,KJAAE007WFE6,0,0.0139,0.012162,0,0,0.005212,0,0,0,0.005212,0,0,0,0,,D6114600,PXMG,06/07/2026 12:16:26 PM,FDM404,8M6HM2_HVF,8M6HM2_HVF,08/02/2026 1:20:40 PM,8M6HM2_HVF,D1D,2,8252849
D611436,109,MCMUB109WAD2,0,0.008659,0.038099,0,0,0.001732,0,0,0,0,0,0,0.001732,0.001732,,D6114360,PNCB,06/07/2026 1:12:02 PM,FDM410,8M6HM2_HVF,8M6HM2_HVF,08/15/2026 10:44:13 AM,8M6HM2_HVF,D1D,1,8262068
D611436,119,MCMUB119WAA3,0,0.003464,0.031172,0,0,0.008659,0,0,0,0.003464,0.003464,0,0,0.001732,,D6114360,PNCB,06/07/2026 1:12:02 PM,FDM410,8M6HM2_HVF,8M6HM2_HVF,08/15/2026 5:12:47 PM,8M6HM2_HVF,D1D,2,8262119
D611451,66,A2AZS066SLC1,0,0.001737,0.036487,0.012162,0,0.003475,0,0,0,0.00695,0,0,0,0.005212,,D6114510,PXMG,06/13/2026 7:24:03 PM,FDM410,8M6HM2_HVF,8M6HM2_HVF,08/12/2026 1:51:29 PM,8M6HM2_HVF,D1D,1,8250390
D611451,71,A2AZS071SLA1,0,0.008687,0.00695,0.001737,0,0.005212,0,0,0,0.001737,0,0,0.003475,0.003475,,D6114510,PXMG,06/13/2026 7:24:03 PM,FDM410,8M6HM2_HVF,8M6HM2_HVF,08/12/2026 6:32:52 PM,8M6HM2_HVF,D1D,2,8250462
D611459,30,KJAYY030WFB5,0,0.00695,0.03475,0.001737,0.001737,0.001737,0,0.005212,0,0.001737,0.001737,0,0.010425,0.00695,,D6114590,PXMG,06/13/2026 9:33:37 PM,FDM410,8M6HM2_HVF,8M6HM2_HVF,09/12/2026 1:36:13 AM,8M6HM2_HVF,D1D,1,8252913
D611459,42,KJAYY042WFH2,0,0.0139,0.042916,0.026236,0,0.003475,0,0.001737,0,0.00695,0.001911,0,0.019112,0.021024,0,D6114590,PXMG,06/13/2026 9:33:37 PM,FDM410,8M6HM2_HVF,8M6HM2_HVF,09/11/2026 8:11:31 AM,8M6HM2_HVF,D1D,2,8252714
D611431,77,A27VN077SLA3,0.001732,0,0.010391,0,0.001732,0.001732,0,0.005195,0,0.001732,0,0,0,0.006927,,D6114310,PNCB,06/13/2026 6:08:22 PM,FDM404,8M6HM2_HVF,8M6HM2_HVF,08/19/2026 4:57:28 AM,8M6HM2_HVF,D1D,1,8258544
D611431,90,A29WM090SLA6,0,0.006927,0.012122,0,0.001732,0,0,0.001732,0,0,0,0,0.015586,0,,D6114310,PNCB,06/13/2026 6:08:22 PM,FDM404,8M6HM2_HVF,8M6HM2_HVF,08/12/2026 11:28:56 AM,8M6HM2_HVF,D1D,2,8258488
D611445,599,5DXKO599MVC6,0,0.015637,0.024325,0,0,0.00695,0,0.001737,0,0.008687,0.001737,0,0.001737,0.005212,,D6114450,PXMG,06/17/2026 7:19:43 PM,FDM410,8M6HM2_HVF,8M6HM2_HVF,08/26/2026 5:00:20 PM,8M6HM2_HVF,D1D,1,8247613
D611445,602,5DXKO602MVF3,0,0.008687,0.026062,0,0.001737,0.010425,0,0.003475,0,0.00695,0.001737,0,0.005212,0.005212,,D6114450,PXMG,06/17/2026 7:19:43 PM,FDM410,8M6HM2_HVF,8M6HM2_HVF,08/16/2026 6:15:39 PM,8M6HM2_HVF,D1D,2,8247517
D612489,562,KJCCM562WFE1,0,0.005212,0.033012,0.003475,0,0.001737,0,0,0,0.03475,0.001737,0.001737,0,0.001737,,D6124890,PXMG,06/17/2026 9:25:54 PM,FDM404,8M6HM2_HVF,8M6HM2_HVF,08/15/2026 7:25:04 AM,8M6HM2_HVF,D1D,1,8275455
D612489,575,KJCCM575WFG5,0,0.008687,0.070716,0,0.001737,0.005212,0,0,0,0,0.017722,0,0.012162,0.012336,0,D6124890,PXMG,06/17/2026 8:46:14 PM,FDM410,8M6HM2_HVF,8M6HM2_HVF,08/10/2026 2:29:53 AM,8M6HM2_HVF,D1D,2,8275572
D612511,126,A2BTS126SLE0,0,0.01523,0.036191,0,0.003275,0.008679,0,0,0,0.008679,0.003275,0,0.001638,0.001638,0,D6125110,PR8B,06/16/2026 6:55:03 PM,FDM402,8M6HM2_HVF,8M6HM2_HVF,07/26/2026 2:17:59 PM,8M6HM2_HVF,D1D,1,8280450
D612511,128,A2BTS128SLF1,0,0.018177,0.033079,0,0,0.009334,0,0,0,0.004913,0,0,0.001638,0.004913,0,D6125110,PR8B,06/16/2026 6:55:03 PM,FDM402,8M6HM2_HVF,8M6HM2_HVF,08/23/2026 6:27:05 PM,8M6HM2_HVF,D1D,2,8280475
D612484,40,A2AT4040SLE3,0,0.008687,0.015637,0.005212,0.003475,0.008687,0,0,0,0.003475,0.001737,0,0.003475,0.012162,,D6124840,PXMG,06/17/2026 2:17:05 AM,FDM410,8M6HM2_HVF,8M6HM2_HVF,08/27/2026 7:57:35 PM,8M6HM2_HVF,D1D,1,8272173
D612484,47,A2AT4047SLE5,0,0.00946,0.05309,0,0,0.012162,0,0,0,0.001737,0,0,0.003475,0.003475,0,D6124840,PXMG,06/17/2026 2:17:05 AM,FDM410,8M6HM2_HVF,8M6HM2_HVF,08/26/2026 4:27:33 AM,8M6HM2_HVF,D1D,2,8272214
D611448,47,KJAAE047WFA5,0,0.017896,0.042916,0.010425,0.001737,0.005212,0,0.001737,0,0.005212,0.001737,0,0.008687,0.0139,0,D6114480,PXMG,06/17/2026 12:18:21 PM,FDM404,8M6HM2_HVF,8M6HM2_HVF,08/26/2026 2:38:45 PM,8M6HM2_HVF,D1D,1,8250469
D611448,70,KJAAE070WFG4,0,0.008687,0.073322,0.005212,0,0.020155,0,0,0,0.00695,0.015985,0,0,0.001737,0,D6114480,PXMG,06/17/2026 12:18:21 PM,FDM404,8M6HM2_HVF,8M6HM2_HVF,08/25/2026 7:49:32 PM,8M6HM2_HVF,D1D,2,8250409
D611461,30,A28JU030SLC2,0,0.013951,0.046043,0,0,0.005979,0,0,0,0.001993,0.00373,0.001993,0.001993,0.009454,0,D6114610,PXMG,06/14/2026 9:30:18 AM,FDM402,8M6HM2_HVF,8M6HM2_HVF,08/10/2026 2:36:02 AM,8M6HM2_HVF,D1D,1,8255867
D611461,52,A2BJ8052SLF4,0,0.00695,0.0139,0,0,0.001737,0,0,0,0.003475,0.003475,0,0,0,,D6114610,PXMG,06/14/2026 9:30:18 AM,FDM402,8M6HM2_HVF,8M6HM2_HVF,08/10/2026 1:35:02 AM,8M6HM2_HVF,D1D,2,8255997
D612480,328,KJCJA328WFA3,0,0.00695,0.03475,0,0.001737,0.001737,0,0,0,0.001737,0.005212,0,0.022587,0.003475,,D6124800,PXMG,06/14/2026 1:39:03 AM,FDM410,8M6HM2_HVF,8M6HM2_HVF,09/11/2026 11:48:56 PM,8M6HM2_HVF,D1D,1,8272189
D612480,329,KJCJA329WFE5,0,0.001737,0.0278,0.001737,0,0.005212,0,0.003475,0,0.001737,0.001737,0,0.005212,0.003475,,D6124800,PXMG,06/14/2026 1:39:03 AM,FDM410,8M6HM2_HVF,8M6HM2_HVF,09/12/2026 12:40:43 AM,8M6HM2_HVF,D1D,2,8272210
D611458,9,KJAUG009WFA2,0,0.00695,0.019112,0.001737,0,0.008687,0,0.003475,0,0.005212,0,0,0.003475,0.005212,,D6114580,PXMG,06/14/2026 10:29:12 AM,FDM402,8M6HM2_HVF,8M6HM2_HVF,08/10/2026 4:45:35 AM,8M6HM2_HVF,D1D,1,8252831
D611458,13,KJAUG013WFB3,0,0.010425,0.024325,0.001737,0,0.00695,0,0,0,0.008687,0,0,0,0,,D6114580,PXMG,06/14/2026 10:29:12 AM,FDM402,8M6HM2_HVF,8M6HM2_HVF,08/10/2026 1:34:37 AM,8M6HM2_HVF,D1D,2,8252918
D612512,377,KJCJA377WFD7,0,0.019651,0.014738,0.003275,0,0.022926,0,0,0,0.013101,0.001638,0.001638,0.008188,0.003275,,D6125120,PR8B,06/15/2026 8:51:12 AM,FDM404,8M6HM2_HVF,8M6HM2_HVF,08/17/2026 4:36:04 AM,8M6HM2_HVF,D1D,1,8280512
D612512,429,KJCJA429WFD6,0,0.014892,0.040377,0.001893,0,0.003531,0,0,0,0.007318,0.001893,0,0.001893,0.001893,0,D6125120,PR8B,06/15/2026 8:51:12 AM,FDM404,8M6HM2_HVF,8M6HM2_HVF,08/16/2026 10:09:39 AM,8M6HM2_HVF,D1D,2,8280464
D612468,663,MCLYY663WAE3,0,0.00695,0.024325,0,0,0.00695,0,0.001737,0,0,0.001737,0,0.001737,0,,D6124680,PXMG,06/27/2026 6:53:40 AM,FDM408,8M6HM2_HVF,8M6HM2_HVF,08/28/2026 4:04:47 AM,8M6HM2_HVF,D1D,1,8270323
D612468,678,MCLYY678WAA5,0,0.005212,0.038225,0.003475,0,0.005212,0,0.001737,0,0.005212,0.001737,0,0.00695,0.008687,,D6124680,PXMG,06/27/2026 6:53:40 AM,FDM408,8M6HM2_HVF,8M6HM2_HVF,08/27/2026 7:52:53 PM,8M6HM2_HVF,D1D,2,8270301
D611456,321,MCMTK321WAG3,0,0.003475,0.022587,0,0,0.005212,0,0.001737,0,0.001737,0.001737,0,0,0,,D6114560,PXMG,06/26/2026 4:40:39 PM,FDM404,8M6HM2_HVF,8M6HM2_HVF,07/26/2026 2:16:31 PM,8M6HM2_HVF,D1D,1,8252725
D611456,335,MCMTK335WAF6,0,0.008687,0.033012,0,0,0.001737,0,0.00695,0,0.001737,0,0,0.001737,0.012162,,D6114560,PXMG,06/26/2026 4:40:39 PM,FDM404,8M6HM2_HVF,8M6HM2_HVF,07/26/2026 2:16:47 PM,8M6HM2_HVF,D1D,2,8252665
D612478,6,A2BP5006SLC1,0,0.009209,0.038703,0.001868,0.018678,0,0,0.005603,0,0.001737,0.003736,0,0,0.08379,0,D6124780,PXMG,06/26/2026 7:38:15 AM,FDM410,8M6HM2_HVF,8M6HM2_HVF,09/02/2026 12:08:51 PM,8M6HM2_HVF,D1D,1,8272209
D612478,23,A2BP5023SLF6,0,0.008687,0.010425,0.001737,0,0.00695,0,0.003475,0,0.001737,0,0,0.001737,0.00695,,D6124780,PXMG,06/26/2026 7:38:15 AM,FDM410,8M6HM2_HVF,8M6HM2_HVF,09/02/2026 1:15:01 AM,8M6HM2_HVF,D1D,2,8272099
D611462,26,A2BCX026SLA0,0,0,0.015637,0.003475,0.001737,0.001737,0,0.001737,0,0.005212,0,0.003475,0.008687,0.001737,,D6114620,PXMG,06/27/2026 8:27:40 AM,FDM410,8M6HM2_HVF,8M6HM2_HVF,07/26/2026 2:16:40 PM,8M6HM2_HVF,D1D,1,8255998
D611462,33,A2BCX033SLG4,0,0.010425,0.00695,0.001737,0.001737,0.02085,0,0,0,0.001737,0,0,0.005212,0.003475,,D6114620,PXMG,06/27/2026 8:27:40 AM,FDM410,8M6HM2_HVF,8M6HM2_HVF,07/26/2026 2:16:44 PM,8M6HM2_HVF,D1D,2,8256073
D612491,684,HE4FS684JKG7,0,0.003996,0.044827,0.001737,0.001737,0.002259,0,0,0,0.003996,0.003996,0,0,0.001737,0,D6124910,PXMG,06/24/2026 10:31:59 AM,FDM402,8M6HM2_HVF,8M6HM2_HVF,08/26/2026 6:10:34 PM,8M6HM2_HVF,D1D,1,8275598
D612491,685,HE4FS685JKD6,0,0.017642,0.064688,0.002673,0,0.005346,0,0,0,0.00695,0.003475,0,0,0.003475,0,D6124910,PXMG,06/24/2026 10:31:59 AM,FDM402,8M6HM2_HVF,8M6HM2_HVF,08/26/2026 2:58:34 PM,8M6HM2_HVF,D1D,2,8275443
D612487,2,A28RN002SLD7,0,0.005212,0.022587,0,0,0.00695,0,0,0,0.003475,0.003475,0,0.001737,0.010425,,D6124870,PXMG,06/25/2026 3:41:12 AM,FDM410,8M6HM2_HVF,8M6HM2_HVF,08/26/2026 2:11:12 PM,8M6HM2_HVF,D1D,1,8275371
D612487,4,A28RN004SLF0,0,0.005212,0.024325,0.005212,0.005212,0.008687,0,0.001737,0,0.001737,0.001737,0,0.001737,0.010425,,D6124870,PXMG,06/25/2026 3:41:12 AM,FDM410,8M6HM2_HVF,8M6HM2_HVF,08/26/2026 6:00:25 AM,8M6HM2_HVF,D1D,2,8275343
D612487,6,A28RN006SLG1,0,0.003475,0.031275,0,0.005212,0.001737,0,0,0,0.003475,0.001737,0,0.001737,0.001737,,D6124870,PXMG,06/25/2026 3:41:12 AM,FDM410,8M6HM2_HVF,8M6HM2_HVF,07/26/2026 2:16:54 PM,8M6HM2_HVF,D1D,3,8275331
D612487,12,A28RN012SLB0,0,0.003475,0.0417,0.001737,0.001737,0,0,0.001737,0,0,0.003475,0,0,0.003475,,D6124870,PXMG,06/25/2026 3:41:12 AM,FDM410,8M6HM2_HVF,8M6HM2_HVF,08/26/2026 3:06:00 PM,8M6HM2_HVF,D1D,4,8275322
D612475,19,KJCHY019WFF6,0,0.003475,0.024325,0.005212,0.001737,0,0,0.005212,0,0.001737,0,0,0.003475,0.005212,,D6124750,PXMG,06/24/2026 11:56:49 PM,FDM410,8M6HM2_HVF,8M6HM2_HVF,08/26/2026 8:01:50 AM,8M6HM2_HVF,D1D,1,8270509
D612475,21,KJCHY021WFF6,0,0.005212,0.029537,0,0,0.001737,0,0,0,0.003475,0.001737,0,0.012162,0,,D6124750,PXMG,06/24/2026 11:56:49 PM,FDM410,8M6HM2_HVF,8M6HM2_HVF,08/26/2026 7:21:23 AM,8M6HM2_HVF,D1D,2,8270382
D612510,660,HE4FS660JKD0,0,0.031114,0.014738,0,0,0.003275,0,0,0,0.001638,0,0,0.001638,0.001638,,D6125100,PR8B,06/25/2026 8:50:59 AM,FDM410,8M6HM2_HVF,8M6HM2_HVF,09/07/2026 9:07:09 PM,8M6HM2_HVF,D1D,1,8280262
D612510,661,HE4FS661JKH2,0,0.020306,0.046508,0,0,0,0,0,0,0.00524,0,0,0,0.001638,0,D6125100,PR8B,06/25/2026 8:50:59 AM,FDM410,8M6HM2_HVF,8M6HM2_HVF,09/01/2026 2:42:05 AM,8M6HM2_HVF,D1D,2,8280206
D611936,153,MCLXP153WAF2,0,0.012162,0.019112,0.003475,0,0.005212,0,0.003475,0,0.00695,0,0,0.00695,0,,D6119360,PXMG,06/25/2026 5:29:54 AM,FDM408,8M6HM2_HVF,8M6HM2_HVF,08/13/2026 2:29:59 PM,8M6HM2_HVF,D1D,1,8258458
D611936,204,MCLXP204WAA7,0,0.019112,0.012162,0.003475,0.00695,0,0,0,0,0,0,0,0,0.00695,,D6119360,PXMG,06/25/2026 5:29:54 AM,FDM408,8M6HM2_HVF,8M6HM2_HVF,07/26/2026 2:16:55 PM,8M6HM2_HVF,D1D,2,8258302
D612470,2,MCMUB002WAD7,0,0.010425,0.012162,0.001737,0,0.005212,0,0,0,0.0139,0,0.001737,0,0.005212,,D6124700,PXMG,06/21/2026 2:51:44 AM,FDM402,8M6HM2_HVF,8M6HM2_HVF,08/26/2026 5:11:03 PM,8M6HM2_HVF,D1D,1,8270470
D612470,78,MCMUB078WAB7,0,0.005386,0.033707,0.003475,0.001737,0.012162,0,0,0,0.008861,0.007645,0,0.005212,0,0,D6124700,PXMG,06/21/2026 2:51:44 AM,FDM402,8M6HM2_HVF,8M6HM2_HVF,08/26/2026 4:51:52 PM,8M6HM2_HVF,D1D,2,8270425
D612490,21,MCLXP021WAG2,0,0.010425,0.026062,0.001737,0,0.005212,0,0.001737,0,0.001737,0.001737,0,0.008687,0.001737,,D6124900,PXMG,06/21/2026 2:27:17 AM,FDM402,8M6HM2_HVF,8M6HM2_HVF,08/13/2026 2:16:31 AM,8M6HM2_HVF,D1D,1,8275482
D612490,22,MCLXP022WAD1,0,0.003475,0.024325,0.001737,0,0.001737,0,0.005212,0,0.001737,0.001737,0,0.001737,0.001737,,D6124900,PXMG,06/21/2026 2:27:17 AM,FDM402,8M6HM2_HVF,8M6HM2_HVF,08/13/2026 1:56:13 AM,8M6HM2_HVF,D1D,2,8275570
D612472,133,HE4UD133JKB6,0,0.0139,0.04865,0,0.001737,0.008687,0,0,0,0.008687,0,0,0,0.001737,,D6124720,PXMG,07/01/2026 1:12:49 AM,FDM404,8M6HM2_HVF,8M6HM2_HVF,07/26/2026 3:25:43 PM,8M6HM2_HVF,D1D,1,8270384
D612472,134,HE4UD134JKG0,0,0.01251,0.082009,0.003475,0.002085,0.017375,0,0,0,0.003475,0,0,0.01112,0.00695,0,D6124720,PXMG,07/01/2026 1:12:49 AM,FDM404,8M6HM2_HVF,8M6HM2_HVF,07/26/2026 3:05:48 PM,8M6HM2_HVF,D1D,2,8270140
D612515,182,KJAAE182WFD7,0,0.013101,0.00655,0,0,0.003275,0,0,0,0.003275,0.001638,0,0.001638,0,,D6125150,PR8B,06/28/2026 8:59:01 AM,FDM402,8M6HM2_HVF,8M6HM2_HVF,07/26/2026 2:16:27 PM,8M6HM2_HVF,D1D,1,8280207
D612515,193,KJAAE193WFF2,0,0.016376,0.011463,0,0,0.003275,0,0,0,0.003275,0,0,0,0.003275,,D6125150,PR8B,06/28/2026 8:59:01 AM,FDM402,8M6HM2_HVF,8M6HM2_HVF,07/26/2026 2:16:20 PM,8M6HM2_HVF,D1D,2,8280299
D612516,333,KJA9T333WFC3,0,0.013101,0.072054,0,0,0.001638,0,0.001638,0,0,0,0,0,0.003275,0,D6125160,PR8B,07/04/2026 9:59:13 PM,FDM410,8M6HM2_HVF,8M6HM2_HVF,07/26/2026 3:24:43 PM,8M6HM2_HVF,D1D,1,8280291
D612516,350,KJA9T350WFG0,0,0.029804,0.077294,0.001638,0,0.001638,0,0.001638,0,0.001638,0.012446,0,0,0.003275,0,D6125160,PR8B,07/04/2026 9:59:13 PM,FDM410,8M6HM2_HVF,8M6HM2_HVF,07/26/2026 3:24:54 PM,8M6HM2_HVF,D1D,2,8280213
D612481,8,KJCHY008WFE3,0,0.01529,0.028147,0,0,0.019112,0,0,0,0.005212,0.004865,0,0.013205,0.020155,0,D6124810,PXMG,07/04/2026 7:07:48 PM,FDM404,8M6HM2_HVF,8M6HM2_HVF,07/26/2026 3:24:55 PM,8M6HM2_HVF,D1D,1,8272234
D612481,22,KJCHY022WFC5,0,0.002606,0.012162,0,0.004344,0,0,0,0,0.002606,0,0,0.073843,0.0139,0,D6124810,PXMG,07/04/2026 7:07:48 PM,FDM404,8M6HM2_HVF,8M6HM2_HVF,07/26/2026 3:24:49 PM,8M6HM2_HVF,D1D,2,8272282
D609161,461,GU1PU461JKG5,0,0.017375,0.031275,0.001737,0,0.00695,0,0.001737,0,0.003475,0,0,0,0.001737,,D6091610,PXMG,05/07/2026 9:37:34 PM,FDM408,8M6HM2_HVF,8M6HM2_HVF,08/09/2026 7:38:43 PM,8M6HM2_HVF,D1D,1,8154820
D609161,462,GU1PU462JKD4,0,0.019112,0.036487,0,0,0.003475,0,0.001737,0,0.005212,0,0,0,0.008687,,D6091610,PXMG,05/07/2026 9:37:34 PM,FDM408,8M6HM2_HVF,8M6HM2_HVF,08/09/2026 3:15:23 PM,8M6HM2_HVF,D1D,2,8154834
D608640,36,A2AMA036SLB7,0,0.008108,0.02085,0,0.001737,0.017954,0,0,0,0.001737,0.001737,0,0.001737,0.003475,0,D6086400,PXMG,05/12/2026 4:24:42 PM,FDM408,8M6HM2_HVF,8M6HM2_HVF,08/09/2026 12:44:24 PM,8M6HM2_HVF,D1D,1,8129816
D608640,38,A2AMA038SLD0,0,0.010772,0.028147,0.002432,0.007297,0.00834,0,0.004865,0,0.002432,0.003475,0,0.043785,0.117802,0,D6086400,PXMG,05/12/2026 4:24:42 PM,FDM408,8M6HM2_HVF,8M6HM2_HVF,08/10/2026 5:04:35 AM,8M6HM2_HVF,D1D,2,8129851
D608627,53,MCLXT053WAA2,0,0.005212,0.003475,0,0,0.003475,0,0.001737,0,0.001737,0.001737,0,0.003475,0,,D6086270,PXMG,05/11/2026 1:56:37 PM,FDM410,8M6HM2_HVF,8M6HM2_HVF,07/26/2026 1:25:32 PM,8M6HM2_HVF,D1D,1,8128226
D608627,330,MCLXN330WAD1,0,0.00695,0.012162,0,0,0.001737,0,0,0,0.003475,0,0,0,0.001737,,D6086270,PXMG,05/11/2026 1:56:37 PM,FDM410,8M6HM2_HVF,8M6HM2_HVF,07/26/2026 1:25:27 PM,8M6HM2_HVF,D1D,2,8128109
D608634,93,A2BP5093SLA3,0,0.005212,0.02085,0,0,0.010425,0,0,0,0.010425,0,0,0,0,,D6086340,PXMG,05/12/2026 12:18:38 PM,FDM404,8M6HM2_HVF,8M6HM2_HVF,07/26/2026 1:25:20 PM,8M6HM2_HVF,D1D,1,8128408
D608634,99,A2BP5099SLD6,0,0.00695,0.0278,0,0,0.003475,0,0,0,0,0.003475,0,0.001737,0.001737,,D6086340,PXMG,05/12/2026 12:18:38 PM,FDM404,8M6HM2_HVF,8M6HM2_HVF,07/26/2026 1:25:14 PM,8M6HM2_HVF,D1D,2,8128339
D609134,6,MCLPG006WAF7,0,0.005195,0.010391,0,0.001732,0.003464,0,0.003464,0,0.005195,0,0,0.006927,0.008659,,D6091340,PNCB,05/13/2026 8:41:41 PM,FDM406,8M6HM2_HVF,8M6HM2_HVF,07/26/2026 1:25:54 PM,8M6HM2_HVF,D1D,1,8169591
D609134,9,MCLPG009WAD7,0,0.001732,0.019049,0,0,0.005195,0,0.005195,0,0,0,0,0.001732,0.001732,,D6091340,PNCB,05/13/2026 8:41:41 PM,FDM406,8M6HM2_HVF,8M6HM2_HVF,07/26/2026 1:25:32 PM,8M6HM2_HVF,D1D,2,8169427
D609134,15,MCLPG015WAG1,0,0.003464,0.018857,0.003464,0.001732,0.001732,0,0.001732,0,0,0.001924,0,0.001732,0,0,D6091340,PNCB,05/13/2026 8:41:41 PM,FDM406,8M6HM2_HVF,8M6HM2_HVF,07/26/2026 1:25:57 PM,8M6HM2_HVF,D1D,3,8169467
D609134,22,MCLPG022WAF2,0,0.013508,0.027362,0.001732,0,0.017318,0,0,0,0,0.001732,0,0,0.002424,0,D6091340,PNCB,05/13/2026 8:41:41 PM,FDM406,8M6HM2_HVF,8M6HM2_HVF,07/26/2026 1:25:39 PM,8M6HM2_HVF,D1D,4,8169580
D609134,239,MCLPG239WAA7,0,0,0.019049,0,0,0,0,0,0,0.003464,0,0,0,0,,D6091340,PNCB,05/13/2026 8:41:41 PM,FDM406,8M6HM2_HVF,8M6HM2_HVF,07/26/2026 1:25:28 PM,8M6HM2_HVF,D1D,5,8169374
D609134,240,MCLPG240WAE0,0,0.006927,0.003464,0,0,0.001732,0,0.001732,0,0.001732,0,0,0,0.003464,,D6091340,PNCB,05/13/2026 8:41:41 PM,FDM406,8M6HM2_HVF,8M6HM2_HVF,07/26/2026 1:25:44 PM,8M6HM2_HVF,D1D,6,8169394
D609138,37,GT9ZQ037JKG3,0,0.006927,0.012122,0.001732,0,0.008659,0,0.001732,0,0,0,0,0.001732,0.001732,,D6091380,PNCB,05/13/2026 3:15:34 PM,FDM410,8M6HM2_HVF,8M6HM2_HVF,07/26/2026 1:25:01 PM,8M6HM2_HVF,D1D,1,8169393
D609138,38,GT9ZQ038JKD2,0,0.012122,0.012122,0.001732,0.001732,0.019049,0,0,0,0.006927,0,0,0.006927,0.008659,,D6091380,PNCB,05/13/2026 3:15:34 PM,FDM410,8M6HM2_HVF,8M6HM2_HVF,07/26/2026 1:25:08 PM,8M6HM2_HVF,D1D,2,8169476
D609128,309,KJ9JG309WFB2,0,0.019049,0.025976,0.005195,0,0.012122,0,0.001732,0,0.008659,0,0,0.001732,0.006927,,D6091280,PNCB,05/14/2026 10:31:56 AM,FDM408,8M6HM2_HVF,8M6HM2_HVF,07/26/2026 1:24:55 PM,8M6HM2_HVF,D1D,1,8166618
D609128,382,KJ9JG382WFA1,0,0.020435,0.032211,0,0,0.001732,0,0.004503,0,0.013854,0.003464,0,0.008659,0.005195,0,D6091280,PNCB,05/14/2026 10:31:56 AM,FDM408,8M6HM2_HVF,8M6HM2_HVF,07/26/2026 1:24:49 PM,8M6HM2_HVF,D1D,2,8166587
D608620,467,GU2DU467JKF3,0,0.022201,0.008687,0,0,0.003475,0,0,0,0.003861,0,0,0.001737,0,0,D6086200,PXMG,05/11/2026 3:12:20 PM,FDM408,8M6HM2_HVF,8M6HM2_HVF,08/09/2026 3:27:33 AM,8M6HM2_HVF,D1D,1,8124918
D608620,468,GU2DU468JKC2,0,0.003475,0.019112,0,0,0.008687,0,0,0,0.005212,0,0,0,0.001737,,D6086200,PXMG,05/11/2026 3:12:20 PM,FDM408,8M6HM2_HVF,8M6HM2_HVF,08/10/2026 7:29:17 AM,8M6HM2_HVF,D1D,2,8124960
D609179,26,A29PU026SLG2,0,0.003475,0.0278,0,0,0.003475,0,0,0,0.001737,0,0,0,0.001737,,D6091790,PXMG,05/14/2026 9:06:44 AM,FDM402,8M6HM2_HVF,8M6HM2_HVF,08/02/2026 9:49:13 PM,8M6HM2_HVF,D1D,1,8158838
D609179,31,A29PU031SLE2,0,0.017375,0.045175,0.005212,0,0.003475,0,0,0,0.003475,0,0,0,0.005212,,D6091790,PXMG,05/14/2026 9:06:44 AM,FDM402,8M6HM2_HVF,8M6HM2_HVF,08/02/2026 9:50:23 PM,8M6HM2_HVF,D1D,2,8158749
D608624,72,A29ZA072SLE6,0,0.003475,0.029537,0.001737,0,0.008687,0,0,0,0.005212,0,0,0.005212,0.003475,,D6086240,PXMG,05/13/2026 5:41:15 PM,FDM404,8M6HM2_HVF,8M6HM2_HVF,07/26/2026 1:25:08 PM,8M6HM2_HVF,D1D,1,8126277
D608624,117,A2AZT117SLF4,0,0.001737,0.0139,0.001737,0,0,0,0.001737,0,0.005212,0.001737,0,0.001737,0.008687,,D6086240,PXMG,05/13/2026 5:41:15 PM,FDM404,8M6HM2_HVF,8M6HM2_HVF,07/26/2026 1:25:01 PM,8M6HM2_HVF,D1D,2,8126565
D609165,3,MCLXP003WAF6,0,0.00695,0.017375,0.001737,0.003475,0.008687,0,0,0,0.033012,0.001737,0,0,0.00695,,D6091650,PXMG,05/14/2026 8:26:03 AM,FDM404,8M6HM2_HVF,8M6HM2_HVF,08/09/2026 12:58:26 PM,8M6HM2_HVF,D1D,1,8154916
D609165,27,MCLXP027WAC2,0,0.020881,0.093793,0.001832,0.001832,0.014105,0,0.003665,0,0.001832,0.005497,0,0.001832,0.023267,0,D6091650,PXMG,05/14/2026 8:26:03 AM,FDM404,8M6HM2_HVF,8M6HM2_HVF,07/26/2026 1:24:55 PM,8M6HM2_HVF,D1D,2,8154866
D609133,57,KJ97J057WFG2,0,0.006927,0.036367,0,0,0.005195,0,0.003464,0,0,0.001732,0,0.001732,0.001732,,D6091330,PNCB,05/16/2026 9:40:39 AM,FDM406,8M6HM2_HVF,8M6HM2_HVF,07/26/2026 1:24:37 PM,8M6HM2_HVF,D1D,1,8166479
D609133,261,KJ9HE261WFD1,0,0.008659,0.046758,0.001732,0,0,0,0.001732,0,0,0.003464,0,0.001732,0.001732,,D6091330,PNCB,05/16/2026 9:40:39 AM,FDM406,8M6HM2_HVF,8M6HM2_HVF,07/26/2026 1:24:43 PM,8M6HM2_HVF,D1D,2,8166566
D609167,139,MCLPG139WAB6,0,0.001737,0.00695,0,0,0.00695,0,0.001737,0,0,0,0,0.003475,0.001737,,D6091670,PXMG,05/15/2026 11:15:27 PM,FDM410,8M6HM2_HVF,8M6HM2_HVF,08/09/2026 2:56:56 PM,8M6HM2_HVF,D1D,1,8155224
D609167,160,MCLPG160WAG4,0,0.012162,0.012162,0,0,0,0,0.001737,0,0.003475,0,0,0.001737,0,,D6091670,PXMG,05/15/2026 11:15:27 PM,FDM410,8M6HM2_HVF,8M6HM2_HVF,08/10/2026 5:18:26 AM,8M6HM2_HVF,D1D,2,8154950
D609147,44,KJA9W044WFA1,0,0.015932,0.052472,0,0,0.003983,0,0.001992,0,0.005975,0,0,0.003983,0.003983,0,D6091470,PNCB,05/18/2026 6:12:42 PM,FDM404,8M6HM2_HVF,8M6HM2_HVF,07/26/2026 1:20:05 PM,8M6HM2_HVF,D1D,1,8172324
D609147,81,KJA9W081WFF3,0,0.017318,0.031864,0,0,0,0,0,0,0.003464,0.012815,0,0,0.002078,0,D6091470,PNCB,05/18/2026 6:12:42 PM,FDM404,8M6HM2_HVF,8M6HM2_HVF,07/26/2026 1:20:07 PM,8M6HM2_HVF,D1D,2,8172231
D609169,526,GU1PU526JKB5,0,0.025245,0.030559,0.00879,0.011754,0.013491,0,0.014104,0,0.035159,0.002351,0,0.004701,0.025858,0,D6091690,PXMG,05/18/2026 7:11:00 AM,FDM406,8M6HM2_HVF,8M6HM2_HVF,08/10/2026 5:20:18 AM,8M6HM2_HVF,D1D,1,8156240
D609169,527,GU1PU527JKF7,0,0.010425,0.043437,0.003475,0,0.001737,0,0.005212,0,0.001737,0,0,0.001737,0.003475,,D6091690,PXMG,05/18/2026 7:11:00 AM,FDM406,8M6HM2_HVF,8M6HM2_HVF,07/26/2026 1:21:45 PM,8M6HM2_HVF,D1D,2,8156083
D609145,51,A2AMA051SLE3,0,0.006927,0.012122,0.003464,0,0,0,0,0,0,0.001732,0,0,0,,D6091450,PNCB,05/18/2026 1:51:09 AM,FDM404,8M6HM2_HVF,8M6HM2_HVF,07/28/2026 7:10:31 PM,8M6HM2_HVF,D1D,1,8172107
D609145,53,A2AMA053SLF4,0,0.012122,0.005195,0.001732,0.001732,0.043294,0,0.001732,0,0.013854,0.001732,0,0,0.001732,,D6091450,PNCB,05/18/2026 1:51:09 AM,FDM404,8M6HM2_HVF,8M6HM2_HVF,07/28/2026 9:18:03 PM,8M6HM2_HVF,D1D,2,8171957
D609146,217,KJA9U217WFE2,0,0.031864,0.058187,0.003464,0.001732,0.006927,0,0.001732,0,0.001732,0.001732,0,0.001732,0.003464,0,D6091460,PNCB,05/17/2026 2:16:23 PM,FDM408,8M6HM2_HVF,8M6HM2_HVF,08/14/2026 3:29:04 AM,8M6HM2_HVF,D1D,1,8172232
D609146,280,KJA9U280WFG0,0,0.008659,0.027708,0,0.001732,0.001732,0,0,0,0,0,0,0.003464,0,,D6091460,PNCB,05/17/2026 2:16:23 PM,FDM408,8M6HM2_HVF,8M6HM2_HVF,08/14/2026 9:34:43 AM,8M6HM2_HVF,D1D,2,8172237
D608619,302,GU1AV302JKG4,0,0.005212,0.050387,0,0,0.005212,0,0.001737,0,0.008687,0.003475,0,0.00695,0,,D6086190,PXMG,05/23/2026 6:06:57 PM,FDM408,8M6HM2_HVF,8M6HM2_HVF,07/26/2026 1:19:34 PM,8M6HM2_HVF,D1D,1,8124930
D608619,303,GU1AV303JKD3,0,0.00695,0.053515,0.001737,0,0.001737,0,0,0,0,0.002085,0.001737,0,0.001737,0,D6086190,PXMG,05/23/2026 6:06:57 PM,FDM408,8M6HM2_HVF,8M6HM2_HVF,07/26/2026 1:19:25 PM,8M6HM2_HVF,D1D,2,8124989
D609157,69,KJA6K069WFC1,0,0.011222,0.024314,0.001732,0.00187,0,0,0.003602,0,0.00187,0.00187,0,0,0.003741,0,D6091570,PNCB,05/23/2026 1:34:23 PM,FDM406,8M6HM2_HVF,8M6HM2_HVF,07/28/2026 11:00:00 AM,8M6HM2_HVF,D1D,1,8176976
D609157,197,KJ97J197WFB2,0,0.019482,0.027275,0.002381,0.009525,0.015369,0,0.016019,0,0.014287,0,0,0.033336,0.068405,0,D6091570,PNCB,05/23/2026 1:34:23 PM,FDM406,8M6HM2_HVF,8M6HM2_HVF,07/26/2026 1:19:38 PM,8M6HM2_HVF,D1D,2,8177166
D609172,437,KJ7HD437WFB7,0,0.005212,0.039962,0,0.001737,0,0,0,0,0.003475,0,0,0,0.008687,,D6091720P,PXMG,05/23/2026 6:39:14 PM,FDM404,8M6HM2_HVF,8M6HM2_HVF,07/26/2026 1:19:30 PM,8M6HM2_HVF,D1D,1,8663764
D609172,446,KJ7HD446WFC1,0,0,0.050387,0,0,0.001737,0,0,0,0,0.001737,0,0.001737,0.001737,,D6091720P,PXMG,05/23/2026 6:39:14 PM,FDM404,8M6HM2_HVF,8M6HM2_HVF,07/26/2026 1:19:26 PM,8M6HM2_HVF,D1D,2,8663751
D609172,405,KJ7HD405WFC0,0,0.00695,0.012162,0.003475,0.001737,0.012162,0,0.001737,0,0.00695,0.001737,0,0.010425,0.003475,,D6091720N,PXMG,05/23/2026 5:24:02 PM,FDM402,8M6HM2_HVF,8M6HM2_HVF,07/26/2026 1:19:30 PM,8M6HM2_HVF,D1D,1,8662831
D609172,406,KJ7HD406WFG2,0,0.006081,0.028669,0.003475,0.001737,0.003475,0,0,0,0,0.002606,0,0.022587,0.019981,0,D6091720N,PXMG,05/23/2026 5:24:02 PM,FDM402,8M6HM2_HVF,8M6HM2_HVF,07/26/2026 1:16:48 PM,8M6HM2_HVF,D1D,2,8662819
D609172,354,KJ7HD354WFG3,0,0.010425,0.012162,0.001737,0.005212,0.005212,0,0,0,0.001737,0,0.001737,0.003475,0.001737,,D6091720M,PXMG,05/23/2026 7:08:10 PM,FDM408,8M6HM2_HVF,8M6HM2_HVF,07/26/2026 1:19:24 PM,8M6HM2_HVF,D1D,1,8663211
D609172,367,KJ7HD367WFB4,0,0.008687,0.0278,0.001737,0.001737,0.003475,0,0,0,0.001737,0.001737,0,0.001737,0.005212,,D6091720M,PXMG,05/23/2026 7:08:10 PM,FDM408,8M6HM2_HVF,8M6HM2_HVF,07/26/2026 1:19:21 PM,8M6HM2_HVF,D1D,2,8663156
D608641,218,KJA9U218WFB1,0,0.014247,0.100427,0.003475,0,0,0,0,0,0.003475,0,0,0,0.001737,0,D6086410,PXMG,05/22/2026 6:03:03 AM,FDM402,8M6HM2_HVF,8M6HM2_HVF,07/26/2026 1:19:38 PM,8M6HM2_HVF,D1D,1,8129968
D608641,219,KJA9U219WFF3,0,0.003475,0.090002,0.001737,0,0.001737,0,0.001737,0,0.00973,0.007992,0,0.00695,0.005212,0,D6086410,PXMG,05/22/2026 6:03:03 AM,FDM402,8M6HM2_HVF,8M6HM2_HVF,07/26/2026 1:16:45 PM,8M6HM2_HVF,D1D,2,8130048
D609130,26,A2ASU026SLA6,0,0.003464,0.024245,0.001732,0,0.012122,0,0,0,0.006927,0.003464,0,0,0,,D6091300,PNCB,05/27/2026 4:03:08 AM,FDM408,8M6HM2_HVF,8M6HM2_HVF,07/26/2026 1:18:42 PM,8M6HM2_HVF,D1D,1,8166349
D609130,28,A2ASU028SLB7,0,0.012122,0.025976,0,0,0.003464,0,0,0,0,0,0,0.003464,0.001732,,D6091300,PNCB,05/27/2026 4:03:08 AM,FDM408,8M6HM2_HVF,8M6HM2_HVF,07/26/2026 1:18:47 PM,8M6HM2_HVF,D1D,2,8166319
D609180,55,A2AQR055SLC7,0,0.007143,0.026835,0,0,0.010618,0,0.001737,0,0.001931,0.005599,0,0,0.001737,0,D6091800,PXMG,05/28/2026 2:36:45 PM,FDM404,8M6HM2_HVF,8M6HM2_HVF,07/31/2026 11:33:47 PM,8M6HM2_HVF,D1D,1,8158651
D609180,58,A2AQR058SLA7,0,0.008687,0.02085,0.001737,0,0.012162,0,0.001737,0,0.001737,0,0,0.005212,0,,D6091800,PXMG,05/28/2026 2:36:45 PM,FDM404,8M6HM2_HVF,8M6HM2_HVF,08/02/2026 10:38:04 PM,8M6HM2_HVF,D1D,2,8158703
D609144,85,GT9ZQ085JKF5,0,0.019049,0.020781,0.003464,0.005195,0,0,0.003464,0,0.008659,0.003464,0.001732,0.005195,0.005195,,D6091440,PNCB,05/25/2026 12:07:09 PM,FDM406,8M6HM2_HVF,8M6HM2_HVF,07/26/2026 1:16:49 PM,8M6HM2_HVF,D1D,1,8172186
D609144,86,GT9ZQ086JKC4,0,0.006927,0.038099,0,0,0.003464,0,0,0,0,0,0,0,0.001732,,D6091440,PNCB,05/25/2026 12:07:09 PM,FDM406,8M6HM2_HVF,8M6HM2_HVF,07/26/2026 1:19:06 PM,8M6HM2_HVF,D1D,2,8172171
D609158,80,A29WC080SLH2,0,0.012122,0.015586,0.001732,0,0.005195,0,0,0,0.003464,0,0,0.001732,0.001732,,D6091580,PNCB,05/26/2026 4:22:57 AM,FDM406,8M6HM2_HVF,8M6HM2_HVF,07/29/2026 6:47:07 PM,8M6HM2_HVF,D1D,1,8176737
D609158,83,A29WC083SLF2,0,0.008659,0.006927,0,0,0.005195,0,0,0,0.003464,0,0,0,0.001732,,D6091580,PNCB,05/26/2026 4:22:57 AM,FDM406,8M6HM2_HVF,8M6HM2_HVF,07/26/2026 1:19:09 PM,8M6HM2_HVF,D1D,2,8176773
D609159,128,A2AQR128SLB2,0,0.006927,0.032904,0.001732,0,0.003464,0,0,0,0,0,0,0.001732,0.001732,,D6091590,PNCB,05/26/2026 8:55:48 AM,FDM406,8M6HM2_HVF,8M6HM2_HVF,07/27/2026 10:18:43 AM,8M6HM2_HVF,D1D,1,8177056
D609159,130,A2AQR130SLB2,0,0.010968,0.039253,0.003464,0,0,0,0.001732,0,0.009236,0.002309,0,0.010391,0.005773,0,D6091590,PNCB,05/26/2026 8:55:48 AM,FDM406,8M6HM2_HVF,8M6HM2_HVF,07/27/2026 2:23:44 PM,8M6HM2_HVF,D1D,2,8177029
D609140,611,KJA6J611WFG3,0,0.005195,0.025976,0.003464,0.001732,0.003464,0,0,0,0.008659,0,0,0,0.001732,,D6091400,PNCB,05/26/2026 3:45:36 PM,FDM410,8M6HM2_HVF,8M6HM2_HVF,07/26/2026 1:18:56 PM,8M6HM2_HVF,D1D,1,8169403
D609140,620,KJA6J620WFG5,0,0.017144,0.064248,0,0,0.006927,0,0,0,0.001732,0.001732,0,0,0.005195,0,D6091400,PNCB,05/26/2026 3:45:36 PM,FDM410,8M6HM2_HVF,8M6HM2_HVF,07/26/2026 1:18:47 PM,8M6HM2_HVF,D1D,2,8169351
D608618,440,GU2DU440JKD4,0,0.005212,0.0278,0.001737,0.005212,0.001737,0,0,0,0.005212,0.005212,0,0.001737,0.019112,,D6086180,PXMG,05/25/2026 11:59:29 AM,FDM404,8M6HM2_HVF,8M6HM2_HVF,07/26/2026 1:19:06 PM,8M6HM2_HVF,D1D,1,8124853
D608618,441,GU2DU441JKA3,0,0.00695,0.032516,0.005212,0,0.001737,0,0.001737,0,0.003475,0.001986,0,0.008687,0.007198,0,D6086180,PXMG,05/25/2026 11:59:29 AM,FDM404,8M6HM2_HVF,8M6HM2_HVF,07/26/2026 1:19:17 PM,8M6HM2_HVF,D1D,2,8124974
D608630,376,GU2DU376JKG4,0,0.0139,0.0139,0,0,0.010425,0,0.001737,0,0.005212,0.001737,0.001737,0,0.001737,,D6086300,PXMG,05/30/2026 5:57:16 PM,FDM408,8M6HM2_HVF,8M6HM2_HVF,07/26/2026 1:18:00 PM,8M6HM2_HVF,D1D,1,8128403
D608630,377,GU2DU377JKD3,0,0.008687,0.017375,0.019112,0,0.001737,0,0.001737,0.005212,0.005212,0,0,0.015637,0.0139,,D6086300,PXMG,05/30/2026 5:57:16 PM,FDM408,8M6HM2_HVF,8M6HM2_HVF,08/01/2026 12:16:00 AM,8M6HM2_HVF,D1D,2,8128256
D609172,277,KJ7HD277WFG7,0,0.025194,0.033012,0.003475,0,0.00695,0,0.002606,0,0.004344,0,0,0.008687,0.004344,0,D6091720,PXMG,05/24/2026 2:05:45 AM,FDM410,8M6HM2_HVF,8M6HM2_HVF,07/26/2026 1:16:52 PM,8M6HM2_HVF,D1D,1,8156287
D609172,278,KJ7HD278WFD6,0,0.003475,0.015637,0.012162,0,0.008687,0,0.005212,0,0.003475,0.001737,0,0.008687,0.012162,,D6091720,PXMG,05/24/2026 2:05:45 AM,FDM410,8M6HM2_HVF,8M6HM2_HVF,07/26/2026 1:16:57 PM,8M6HM2_HVF,D1D,2,8156220
D609132,387,KJ97M387WFD4,0,0.017318,0.07158,0.001732,0,0.019049,0,0.003464,0,0.027708,0.002886,0,0.003464,0.006927,0,D6091320,PNCB,05/24/2026 12:48:57 AM,FDM402,8M6HM2_HVF,8M6HM2_HVF,07/26/2026 1:19:18 PM,8M6HM2_HVF,D1D,1,8166453
D609132,388,KJ97M388WFA3,0,0.038532,0.047407,0,0,0.039528,0,0.003723,0,0.04784,0.00788,0,0.001862,0.003723,0,D6091320,PNCB,05/24/2026 12:48:57 AM,FDM402,8M6HM2_HVF,8M6HM2_HVF,07/26/2026 1:19:29 PM,8M6HM2_HVF,D1D,2,8166252
D609176,356,MCLXN356WAA6,0,0.010425,0.026062,0.001737,0,0.00695,0,0.001737,0,0,0.001737,0,0.005212,0.003475,,D6091760,PXMG,05/24/2026 8:26:00 AM,FDM410,8M6HM2_HVF,8M6HM2_HVF,08/01/2026 1:07:43 PM,8M6HM2_HVF,D1D,1,8156266
D609176,359,MCLXN359WAG1,0,0.005212,0.02085,0,0.001737,0.001737,0,0.003475,0,0,0,0,0.005212,0,,D6091760,PXMG,05/24/2026 8:26:00 AM,FDM410,8M6HM2_HVF,8M6HM2_HVF,08/01/2026 12:25:23 PM,8M6HM2_HVF,D1D,2,8156273
D609131,52,A2AQR052SLE7,0,0.001732,0.012122,0.001732,0.003464,0,0,0,0,0,0,0,0.003464,0.003464,,D6091310,PNCB,05/24/2026 2:57:17 AM,FDM402,8M6HM2_HVF,8M6HM2_HVF,07/26/2026 1:19:18 PM,8M6HM2_HVF,D1D,1,8166272
D609131,60,A2AQR060SLA7,0,0.01091,0.030133,0,0.003464,0.024764,0,0.001732,0,0.006927,0,0,0.003464,0.010391,0,D6091310,PNCB,05/24/2026 2:57:17 AM,FDM402,8M6HM2_HVF,8M6HM2_HVF,07/26/2026 1:19:24 PM,8M6HM2_HVF,D1D,2,8166332
D608622,176,A2BJ8176SLB1,0,0.008296,0.032795,0.026236,0.006559,0,0,0.00328,0,0,0,0,0.091826,0.095106,0,D6086220,PXMG,05/24/2026 8:42:36 AM,FDM404,8M6HM2_HVF,8M6HM2_HVF,07/26/2026 1:17:14 PM,8M6HM2_HVF,D1D,1,8126367
D608622,179,A2AZT179SLE1,0,0.005212,0.0139,0,0.005212,0.00695,0,0,0,0.001737,0,0,0,0.005212,,D6086220,PXMG,05/24/2026 8:42:36 AM,FDM404,8M6HM2_HVF,8M6HM2_HVF,07/26/2026 1:19:17 PM,8M6HM2_HVF,D1D,2,8126429
D609160,426,GU2MA426JKC5,0,0.010425,0.017375,0.001737,0.003475,0.003475,0,0.008687,0,0.005212,0,0.001737,0.001737,0.001737,,D6091600,PXMG,05/30/2026 4:31:01 AM,FDM408,8M6HM2_HVF,8M6HM2_HVF,08/01/2026 10:28:37 AM,8M6HM2_HVF,D1D,1,8154937
D609160,427,GU2MA427JKG7,0,0.011294,0.039093,0.010425,0,0.024325,0,0.00695,0.001737,0.008687,0,0,0.008687,0.005212,0,D6091600,PXMG,05/30/2026 4:31:01 AM,FDM408,8M6HM2_HVF,8M6HM2_HVF,08/01/2026 1:09:57 PM,8M6HM2_HVF,D1D,2,8155039
D608637,14,KJ7KM014WFD3,0,0.005212,0.017375,0.001737,0,0.001737,0,0.001737,0,0.001737,0,0,0,0,,D6086370,PXMG,05/30/2026 9:37:02 AM,FDM408,8M6HM2_HVF,8M6HM2_HVF,08/12/2026 5:48:43 PM,8M6HM2_HVF,D1D,1,8129872
D608637,17,KJ7KM017WFB3,0,0.005212,0.005212,0,0,0.001737,0,0,0,0,0,0,0.001737,0.003475,,D6086370,PXMG,05/30/2026 9:37:02 AM,FDM408,8M6HM2_HVF,8M6HM2_HVF,08/12/2026 6:06:22 PM,8M6HM2_HVF,D1D,2,8129945
D609178,1,GU1AG001JKG5,0,0.005366,0.052441,0.008943,0,0.006654,0,0.010231,0,0.001789,0,0,0.018673,0.005366,0,D6091780,PXMG,05/29/2026 5:55:34 AM,FDM410,8M6HM2_HVF,8M6HM2_HVF,08/13/2026 3:40:40 PM,8M6HM2_HVF,D1D,1,8158956
D609178,2,GU1AG002JKD4,0,0.008687,0.010425,0.00695,0,0.003475,0,0.008687,0,0.003475,0.001737,0,0.005212,0.005212,,D6091780,PXMG,05/29/2026 5:55:34 AM,FDM410,8M6HM2_HVF,8M6HM2_HVF,08/13/2026 3:04:14 PM,8M6HM2_HVF,D1D,2,8158921
D609170,130,A29G5130SLE3,0,0.00695,0.039962,0.00695,0,0.001737,0,0.001737,0.001737,0.005212,0,0.001737,0.008687,0.001737,,D6091700,PXMG,05/30/2026 10:01:49 AM,FDM404,8M6HM2_HVF,8M6HM2_HVF,08/10/2026 4:19:16 AM,8M6HM2_HVF,D1D,1,8156251
D609170,135,A29G5135SLD4,0,0.005212,0.017375,0.001737,0,0.00695,0,0.001737,0.001737,0,0,0,0.003475,0.001737,,D6091700,PXMG,05/30/2026 10:01:49 AM,FDM404,8M6HM2_HVF,8M6HM2_HVF,08/12/2026 12:46:06 PM,8M6HM2_HVF,D1D,2,8156134
D608645,6,KJA9W006WFF3,0,0.005212,0.042351,0.003475,0.001737,0.003475,0,0,0,0.00695,0,0,0,0.004561,0,D6086450,PXMG,05/31/2026 6:50:57 AM,FDM404,8M6HM2_HVF,8M6HM2_HVF,08/13/2026 2:07:03 AM,8M6HM2_HVF,D1D,1,8134217
D608645,10,KJA9W010WFG4,0,0.015637,0.012162,0.001737,0,0.005212,0,0.001737,0,0.003475,0,0,0.001737,0,,D6086450,PXMG,05/31/2026 6:50:57 AM,FDM404,8M6HM2_HVF,8M6HM2_HVF,08/13/2026 1:58:19 AM,8M6HM2_HVF,D1D,2,8134297
D609137,61,GT9ZQ061JKB6,0,0.010556,0.028038,0,0,0.013194,0,0,0,0.007917,0,0,0.002639,0,0,D6091370,PNCB,06/02/2026 12:00:51 AM,FDM408,8M6HM2_HVF,8M6HM2_HVF,08/03/2026 11:57:10 PM,8M6HM2_HVF,D1D,1,8169643
D609137,62,GT9ZQ062JKG0,0,0.006927,0.012122,0,0,0.005195,0,0.003464,0,0.005195,0,0,0.005195,0.001732,,D6091370,PNCB,06/02/2026 12:00:51 AM,FDM408,8M6HM2_HVF,8M6HM2_HVF,08/12/2026 9:42:37 PM,8M6HM2_HVF,D1D,2,8169542
D608639,293,KJ7HD293WFG2,0,0,0.015637,0.001737,0.003475,0.001737,0,0.003475,0,0,0,0,0.005212,0.005212,,D6086390,PXMG,05/31/2026 8:48:29 PM,FDM410,8M6HM2_HVF,8M6HM2_HVF,08/01/2026 8:10:06 AM,8M6HM2_HVF,D1D,1,8130237
D608639,333,KJ7HD333WFA4,0,0.012162,0.012162,0.005212,0.001737,0.001737,0,0.001737,0,0.008687,0,0,0.00695,0.005212,,D6086390,PXMG,05/31/2026 8:48:29 PM,FDM410,8M6HM2_HVF,8M6HM2_HVF,08/01/2026 10:27:35 AM,8M6HM2_HVF,D1D,2,8130325
D608642,377,KJA6M377WFD5,0,0.008687,0.0139,0,0,0.005212,0,0,0,0.005212,0,0,0.001737,0.001737,,D6086420,PXMG,06/01/2026 6:18:26 AM,FDM408,8M6HM2_HVF,8M6HM2_HVF,07/26/2026 2:24:03 PM,8M6HM2_HVF,D1D,1,8129885
D608642,384,KJA6M384WFC6,0,0.001737,0.017375,0.001737,0,0.001737,0,0.001737,0,0.005212,0,0,0,0,,D6086420,PXMG,06/01/2026 6:18:26 AM,FDM408,8M6HM2_HVF,8M6HM2_HVF,07/26/2026 2:23:56 PM,8M6HM2_HVF,D1D,2,8129916
D609164,532,5DXDW532MVB6,0,0.005212,0.076449,0.001737,0.001737,0.005212,0,0,0,0.003475,0,0,0.0139,0.00695,0,D6091640,PXMG,06/05/2026 12:26:16 PM,FDM410,8M6HM2_HVF,8M6HM2_HVF,09/08/2026 3:25:01 PM,8M6HM2_HVF,D1D,1,8155306
D609164,537,5DXDW537MVA7,0,0.010425,0.038225,0,0.001737,0.001737,0,0,0,0.003475,0.001737,0,0,0,,D6091640,PXMG,06/05/2026 12:26:16 PM,FDM410,8M6HM2_HVF,8M6HM2_HVF,08/28/2026 5:30:24 PM,8M6HM2_HVF,D1D,2,8155276
D608633,26,A2BJ8026SLB5,0,0.015637,0.02085,0.001737,0,0.001737,0,0.001737,0,0.005212,0,0,0,0.001737,,D6086330,PXMG,05/31/2026 7:25:19 AM,FDM410,8M6HM2_HVF,8M6HM2_HVF,08/01/2026 1:13:49 PM,8M6HM2_HVF,D1D,1,8128557
D608633,31,A2BJ8031SLH0,0,0.005212,0.026931,0.005212,0,0.00695,0,0.005212,0,0.009556,0.001737,0,0.00695,0.005212,0,D6086330,PXMG,05/31/2026 7:25:19 AM,FDM410,8M6HM2_HVF,8M6HM2_HVF,08/01/2026 12:35:48 AM,8M6HM2_HVF,D1D,2,8128587
D609155,155,KJA9W155WFA5,0,0.006927,0.071349,0,0,0.006927,0,0,0,0,0.010044,0,0,0,0,D6091550,PNCB,06/03/2026 10:24:02 AM,FDM404,8M6HM2_HVF,8M6HM2_HVF,07/30/2026 4:44:03 PM,8M6HM2_HVF,D1D,1,8176854
D609155,184,KJA9W184WFC4,0,0.019331,0.047321,0,0,0.007733,0,0.005598,0,0.003866,0.001933,0,0.001933,0.005799,0,D6091550,PNCB,06/03/2026 10:24:02 AM,FDM404,8M6HM2_HVF,8M6HM2_HVF,07/30/2026 11:24:03 AM,8M6HM2_HVF,D1D,2,8176850
D608625,4,A2AMA004SLC0,0,0.005212,0.026062,0.001737,0,0.010425,0,0.001737,0,0.003475,0.001737,0,0.001737,0.003475,,D6086250,PXMG,05/31/2026 5:17:14 AM,FDM408,8M6HM2_HVF,8M6HM2_HVF,08/04/2026 8:59:22 PM,8M6HM2_HVF,D1D,1,8126352
D608625,15,A2BJ8015SLA2,0,0.008687,0.008687,0.001737,0.001737,0.003475,0,0.005212,0,0.003475,0,0,0.001737,0.003475,,D6086250,PXMG,05/31/2026 5:17:14 AM,FDM408,8M6HM2_HVF,8M6HM2_HVF,08/03/2026 9:26:06 PM,8M6HM2_HVF,D1D,2,8126486
D608646,525,KJ7HF525WFD4,0,0.015637,0.046912,0.001737,0.003475,0.0139,0,0.003475,0,0.008687,0,0,0,0.00695,,D6086460,PXMG,05/31/2026 8:58:35 AM,FDM404,8M6HM2_HVF,8M6HM2_HVF,08/10/2026 8:40:07 AM,8M6HM2_HVF,D1D,1,8134146
D608646,533,KJ7HF533WFG7,0,0.019112,0.0417,0,0,0.005212,0,0.003475,0,0.005212,0,0,0,0.003475,,D6086460,PXMG,05/31/2026 8:58:35 AM,FDM404,8M6HM2_HVF,8M6HM2_HVF,08/08/2026 12:20:32 AM,8M6HM2_HVF,D1D,2,8134270
D609174,44,MCLPG044WAA5,0,0.00695,0.036487,0.008687,0.001737,0.003475,0,0.005212,0,0.001737,0.001737,0,0.001737,0.001737,,D6091740,PXMG,06/06/2026 2:50:09 AM,FDM410,8M6HM2_HVF,8M6HM2_HVF,08/10/2026 3:48:53 AM,8M6HM2_HVF,D1D,1,8156125
D609174,51,MCLPG051WAH1,0,0.0139,0.036487,0.005212,0.001737,0.001737,0,0.003475,0,0,0.001737,0,0.010425,0.010425,,D6091740,PXMG,06/06/2026 2:50:09 AM,FDM410,8M6HM2_HVF,8M6HM2_HVF,07/26/2026 2:15:01 PM,8M6HM2_HVF,D1D,2,8156338
D608916,238,5DXEG238MVE6,0,0.005212,0.019112,0,0,0.010425,0,0,0,0.001737,0,0,0,0,,D6089160,PXMG,06/15/2026 8:03:31 AM,FDM404,8M6HM2_HVF,8M6HM2_HVF,08/10/2026 2:41:18 AM,8M6HM2_HVF,D1D,1,8146378
D608916,248,5DXEG248MVB7,0,0,0.008687,0,0,0.005212,0,0.001737,0,0.005212,0,0,0,0.001737,,D6089160,PXMG,06/15/2026 8:03:31 AM,FDM404,8M6HM2_HVF,8M6HM2_HVF,08/02/2026 3:56:07 PM,8M6HM2_HVF,D1D,2,8146400
D608917,26,A29HM026SLB3,0,0.008188,0.024564,0,0,0.011463,0,0.003275,0,0.009826,0.003275,0,0,0,,D6089170,PR8B,07/08/2026 3:07:18 AM,FDM404,8M6HM2_HVF,8M6HM2_HVF,09/05/2026 11:23:05 PM,8M6HM2_HVF,D1D,1,8151047
D608917,78,A2ASU078SLC2,0,0.032752,0.044215,0,0.001638,0,0,0.003275,0,0.009826,0.001638,0,0,0,0,D6089170,PR8B,07/08/2026 3:07:18 AM,FDM404,8M6HM2_HVF,8M6HM2_HVF,09/06/2026 8:24:32 AM,8M6HM2_HVF,D1D,2,8150932
D609171,8,A2AFY008SLH0,0,0.00695,0.0139,0.003475,0,0.005212,0,0.001737,0,0.010425,0.001737,0,0,0.00695,,D6091710,PXMG,08/04/2026 5:58:18 PM,FDM404,8M6HM2_HVF,8M6HM2_HVF,08/04/2026 6:47:28 PM,8M6HM2_HVF,D1D,1,8156285
D609171,12,A2AFY012SLA6,0,0.0139,0.003475,0.001737,0.003475,0.003475,0,0.003475,0,0.005212,0,0,0,0.00695,,D6091710,PXMG,08/04/2026 5:58:18 PM,FDM404,8M6HM2_HVF,8M6HM2_HVF,08/04/2026 6:45:45 PM,8M6HM2_HVF,D1D,2,8156077
D614259,10,5DXKP010MVH0,0,0.008687,0.017375,0.001737,0,0.003475,0,0.003475,0,0.001737,0.001737,0,0.003475,0,,D6142590,PXMG,06/18/2026 1:29:51 AM,FDM402,8M6HM2_HVF,8M6HM2_HVF,08/27/2026 12:57:02 AM,8M6HM2_HVF,D1D,1,8356617
D614259,11,5DXKP011MVD7,0,0.0139,0.024325,0,0,0.008687,0,0,0,0.003475,0,0,0.001737,0,,D6142590,PXMG,06/18/2026 1:29:51 AM,FDM402,8M6HM2_HVF,8M6HM2_HVF,08/26/2026 2:50:07 AM,8M6HM2_HVF,D1D,2,8356616
D614213,4,A2CM6004SLB5,0,0.003822,0.030232,0,0,0.001737,0,0.001737,0,0.005907,0.001737,0,0.001737,0.001737,0,D6142130,PXMG,06/19/2026 6:41:47 PM,FDM402,8M6HM2_HVF,8M6HM2_HVF,08/12/2026 8:25:30 AM,8M6HM2_HVF,D1D,1,8344919
D614213,5,A2CJE005SLC4,0,0.005212,0.036487,0.001737,0.001737,0.003475,0,0.00695,0,0.001737,0,0,0.001737,0.003475,,D6142130,PXMG,06/19/2026 6:41:47 PM,FDM402,8M6HM2_HVF,8M6HM2_HVF,08/14/2026 5:25:53 PM,8M6HM2_HVF,D1D,2,8345015
D614255,15,KJD2E015WFF5,0,0.003475,0.008687,0.001737,0,0.010425,0,0.005212,0,0.008687,0.001737,0,0.001737,0,,D6142550,PXMG,06/26/2026 4:42:17 PM,FDM402,8M6HM2_HVF,8M6HM2_HVF,09/05/2026 9:18:46 PM,8M6HM2_HVF,D1D,1,8356291
D614255,20,KJD2E020WFD5,0,0.005212,0.003475,0,0,0.005212,0,0.001737,0,0.017375,0,0,0.001737,0,,D6142550,PXMG,06/26/2026 4:42:17 PM,FDM402,8M6HM2_HVF,8M6HM2_HVF,09/05/2026 10:23:02 AM,8M6HM2_HVF,D1D,2,8356189
D614268,320,KJCJH320WFF7,0,0.008687,0.026062,0,0,0.001737,0,0.00695,0,0.003475,0.001737,0,0,0.003475,,D6142680,PXMG,06/26/2026 4:56:14 PM,FDM402,8M6HM2_HVF,8M6HM2_HVF,08/26/2026 6:46:52 AM,8M6HM2_HVF,D1D,1,8342871
D614268,335,KJCJH335WFC1,0,0.005212,0.022587,0,0,0.005212,0,0,0,0.003475,0,0,0.001737,0.001737,,D6142680,PXMG,06/26/2026 4:56:14 PM,FDM402,8M6HM2_HVF,8M6HM2_HVF,08/26/2026 6:49:06 AM,8M6HM2_HVF,D1D,2,8342816
D614249,270,KJDLT270WFE6,0,0.003475,0.060812,0,0,0.003475,0,0,0,0.003475,0.0139,0,0,0.00695,0,D6142490,PXMG,06/27/2026 4:40:44 AM,FDM402,8M6HM2_HVF,8M6HM2_HVF,08/26/2026 3:30:52 AM,8M6HM2_HVF,D1D,1,8353075
D614249,276,KJDLT276WFA6,0,0.018718,0.043198,0,0,0.00648,0,0,0,0.025921,0.025194,0,0.00216,0.00864,0,D6142490,PXMG,06/27/2026 4:40:44 AM,FDM402,8M6HM2_HVF,8M6HM2_HVF,08/26/2026 3:13:07 AM,8M6HM2_HVF,D1D,2,8353048
D615273,13,KJD2E013WFE4,0,0.029149,0.038156,0.027839,0.008188,0.008188,0,0.006387,0,0,0,0,0.018013,0.003275,0,D6152730,PR8B,06/23/2026 5:19:52 PM,FDM408,8M6HM2_HVF,8M6HM2_HVF,09/08/2026 3:24:31 PM,8M6HM2_HVF,D1D,1,8382726
D615273,28,KJD2E028WFA6,0,0.007205,0.029804,0.004913,0,0,0,0.001638,0,0.00393,0,0,0.004913,0.003275,0,D6152730,PR8B,06/23/2026 5:19:52 PM,FDM408,8M6HM2_HVF,8M6HM2_HVF,09/09/2026 5:11:46 PM,8M6HM2_HVF,D1D,2,8382763
D614218,89,KJ67H089WFH1,0,0.010751,0.037573,0,0.001737,0.005321,0,0.003584,0,0.003529,0,0,0.001792,0,0,D6142180,PXMG,06/23/2026 4:38:18 AM,FDM408,8M6HM2_HVF,8M6HM2_HVF,08/12/2026 5:15:46 PM,8M6HM2_HVF,D1D,1,8344882
D614218,90,KJ67H090WFC7,0,0.017375,0.066024,0,0,0.005212,0,0,0,0.00695,0,0,0.001737,0.003475,,D6142180,PXMG,06/23/2026 4:38:18 AM,FDM408,8M6HM2_HVF,8M6HM2_HVF,08/13/2026 12:55:52 AM,8M6HM2_HVF,D1D,2,8344929
D614218,113,KJ67H113WFA7,0,0.001737,0.045175,0,0,0.015637,0,0,0,0,0,0,0.008687,0.015637,,D6142180,PXMG,06/23/2026 4:38:18 AM,FDM408,8M6HM2_HVF,8M6HM2_HVF,08/13/2026 2:25:43 PM,8M6HM2_HVF,D1D,3,8345029
D614218,134,KJ67H134WFG6,0,0.00695,0.029537,0,0.001737,0.02085,0,0,0,0.003475,0,0,0,0.010425,,D6142180,PXMG,06/23/2026 4:38:18 AM,FDM408,8M6HM2_HVF,8M6HM2_HVF,08/12/2026 5:17:38 PM,8M6HM2_HVF,D1D,4,8344842
D614236,4,HJ7DC004JKA4,0,0.00695,0.031275,0,0,0.005212,0,0.0139,0,0.003475,0,0,0.001737,0,,D6142360,PXMG,06/25/2026 11:01:27 AM,FDM402,8M6HM2_HVF,8M6HM2_HVF,08/12/2026 8:45:12 AM,8M6HM2_HVF,D1D,1,8350815
D614236,5,HJ7DC005JKE6,0,0.005212,0.031275,0.003475,0,0.003475,0,0.003475,0,0.001737,0.005212,0,0.001737,0.003475,,D6142360,PXMG,06/25/2026 11:01:27 AM,FDM402,8M6HM2_HVF,8M6HM2_HVF,08/12/2026 12:13:42 PM,8M6HM2_HVF,D1D,2,8350888
D614245,247,KJDLT247WFG2,0,0.025067,0.110086,0,0,0.00934,0,0.003193,0,0,0,0,0,0,0,D6142450,PXMG,06/27/2026 7:31:07 PM,FDM402,8M6HM2_HVF,8M6HM2_HVF,07/26/2026 2:16:29 PM,8M6HM2_HVF,D1D,1,8353840
D614245,251,KJDLT251WFA0,0,0.007819,0.063418,0,0,0.005212,0,0.001737,0,0,0.004344,0,0.013031,0.001737,0,D6142450,PXMG,06/27/2026 7:31:07 PM,FDM402,8M6HM2_HVF,8M6HM2_HVF,07/26/2026 2:16:23 PM,8M6HM2_HVF,D1D,2,8354017
D614846,137,KJDLQ137WFB4,0,0.016867,0.025219,0.001638,0,0.003275,0,0.005077,0,0.001638,0.001801,0,0.014902,0.003275,0,D6148460,PR8B,06/27/2026 12:18:03 PM,FDM402,8M6HM2_HVF,8M6HM2_HVF,08/12/2026 7:56:21 PM,8M6HM2_HVF,D1D,1,8370313
D614846,241,KJDLT241WFC7,0,0.016376,0.016376,0.001638,0.003275,0.003275,0,0.001638,0,0.001638,0,0,0,0.008188,,D6148460,PR8B,06/27/2026 12:18:03 PM,FDM402,8M6HM2_HVF,8M6HM2_HVF,08/12/2026 4:59:22 PM,8M6HM2_HVF,D1D,2,8370254
D614221,150,MCMTF150WAA6,0,0.012162,0.031275,0,0,0.015637,0,0,0,0.003475,0,0,0.001737,0,,D6142210,PXMG,07/03/2026 6:25:19 AM,FDM404,8M6HM2_HVF,8M6HM2_HVF,08/29/2026 2:38:58 PM,8M6HM2_HVF,D1D,1,8346694
D614221,156,MCMTF156WAE1,0,0.00695,0.035715,0.001737,0,0.005599,0,0.001737,0,0.003861,0,0,0.001737,0,0,D6142210,PXMG,07/03/2026 6:25:19 AM,FDM404,8M6HM2_HVF,8M6HM2_HVF,08/29/2026 3:39:43 AM,8M6HM2_HVF,D1D,2,8346740
D614265,268,KJ69G268WFF1,0,0.034055,0.037356,0,0.005212,0.001737,0,0.001737,0,0.003301,0.008687,0,0.001737,0.001737,0,D6142650,PXMG,07/03/2026 11:03:32 AM,FDM402,8M6HM2_HVF,8M6HM2_HVF,07/26/2026 3:25:17 PM,8M6HM2_HVF,D1D,1,8361005
D614265,273,KJ69G273WFD1,0,0.00695,0.010425,0,0,0.00695,0,0,0,0.001737,0.003475,0,0.001737,0,,D6142650,PXMG,07/03/2026 11:03:32 AM,FDM402,8M6HM2_HVF,8M6HM2_HVF,07/26/2026 3:25:11 PM,8M6HM2_HVF,D1D,2,8360984
D614266,51,A2ET6051SLG5,0,0.005212,0.015637,0,0.001737,0.00695,0,0,0,0.003475,0,0,0.00695,0.010425,,D6142660,PXMG,07/03/2026 2:57:15 PM,FDM404,8M6HM2_HVF,8M6HM2_HVF,07/26/2026 3:25:10 PM,8M6HM2_HVF,D1D,1,8340068
D614266,67,A2ET6067SLH1,0,0.003475,0.001737,0,0.001737,0.003475,0,0.001737,0,0.001737,0,0,0.003475,0.0139,,D6142660,PXMG,07/03/2026 2:57:15 PM,FDM404,8M6HM2_HVF,8M6HM2_HVF,07/26/2026 3:25:13 PM,8M6HM2_HVF,D1D,2,8340011
D614247,28,A2EC7028SLB6,0,0.010425,0.0417,0.001737,0,0.010425,0,0,0,0.001737,0,0,0.001737,0.001737,,D6142470,PXMG,07/02/2026 9:42:51 PM,FDM404,8M6HM2_HVF,8M6HM2_HVF,08/27/2026 12:05:30 PM,8M6HM2_HVF,D1D,1,8353151
D614247,30,A2EC7030SLB6,0,0.015637,0.02085,0.001737,0,0.00695,0,0.001737,0,0.00695,0,0,0.001737,0,,D6142470,PXMG,07/02/2026 9:42:51 PM,FDM404,8M6HM2_HVF,8M6HM2_HVF,08/27/2026 12:16:48 PM,8M6HM2_HVF,D1D,2,8353023
D614237,94,A2DST094SLG7,0,0.008687,0.017375,0,0,0.005212,0,0,0,0.003475,0,0,0.001737,0,,D6142370,PXMG,06/29/2026 2:54:15 PM,FDM402,8M6HM2_HVF,8M6HM2_HVF,08/26/2026 2:35:14 AM,8M6HM2_HVF,D1D,1,8350527
D614237,102,A2ECU102SLH1,0,0.00695,0.015637,0,0.001737,0.015637,0,0.001737,0,0.012162,0,0,0,0.003475,,D6142370,PXMG,06/29/2026 2:54:15 PM,FDM402,8M6HM2_HVF,8M6HM2_HVF,09/14/2026 10:58:55 PM,8M6HM2_HVF,D1D,2,8350641
D614250,329,KJ67K329WFA6,0,0.003475,0.010425,0.001737,0,0.001737,0,0,0,0.001737,0.001737,0,0.003475,0,,D6142500,PXMG,07/01/2026 11:21:12 AM,FDM402,8M6HM2_HVF,8M6HM2_HVF,08/27/2026 1:56:38 AM,8M6HM2_HVF,D1D,1,8353985
D614250,330,KJ67K330WFD7,0,0.003649,0.020329,0,0,0.007124,0,0,0,0.003475,0.001911,0,0.001737,0.001737,0,D6142500,PXMG,07/01/2026 11:21:12 AM,FDM402,8M6HM2_HVF,8M6HM2_HVF,08/26/2026 3:09:00 PM,8M6HM2_HVF,D1D,2,8354083
D614225,241,5DXBU241MVF2,0,0.010772,0.023421,0,0,0.001807,0,0.001807,0,0.009035,0,0,0.001737,0.001807,0,D6142250,PXMG,06/30/2026 12:32:17 PM,FDM408,8M6HM2_HVF,8M6HM2_HVF,09/08/2026 2:39:07 PM,8M6HM2_HVF,D1D,1,8347374
D614225,242,5DXBU242MVC1,0,0,0.0139,0,0.001737,0.001737,0,0,0,0.005212,0,0,0,0.001737,,D6142250,PXMG,06/30/2026 12:32:17 PM,FDM408,8M6HM2_HVF,8M6HM2_HVF,09/08/2026 2:18:27 PM,8M6HM2_HVF,D1D,2,8347347
D614210,829,HJ7SN829JKG4,0,0.008659,0.022513,0.001732,0,0.001732,0,0,0,0.001732,0,0,0.008659,0.003464,,D6142100,PNCB,06/30/2026 8:24:59 PM,FDM404,8M6HM2_HVF,8M6HM2_HVF,08/20/2026 7:23:18 PM,8M6HM2_HVF,D1D,1,8360537
D614210,832,HJ7SN832JKD3,0,0.001732,0.001732,0,0,0.006927,0,0.001732,0,0,0,0,0,0.003464,,D6142100,PNCB,06/30/2026 8:24:59 PM,FDM404,8M6HM2_HVF,8M6HM2_HVF,08/22/2026 7:27:37 AM,8M6HM2_HVF,D1D,2,8360764
D614217,258,KJDLT258WFA2,0,0.005212,0.015637,0.001737,0,0.001737,0,0,0,0,0,0,0.003475,0,,D6142170,PXMG,06/29/2026 4:17:05 PM,FDM404,8M6HM2_HVF,8M6HM2_HVF,07/26/2026 2:15:40 PM,8M6HM2_HVF,D1D,1,8344786
D614217,260,KJDLT260WFA2,0,0.008687,0.02085,0,0.001737,0.005212,0,0,0,0.001737,0,0,0.001737,0.005212,,D6142170,PXMG,06/29/2026 4:17:05 PM,FDM404,8M6HM2_HVF,8M6HM2_HVF,07/26/2026 2:15:44 PM,8M6HM2_HVF,D1D,2,8344685
D614269,47,KJ67H047WFC6,0,0.012162,0.02085,0,0.001737,0.012162,0,0,0,0.001737,0,0,0.005212,0,,D6142690,PXMG,06/28/2026 5:58:09 PM,FDM402,8M6HM2_HVF,8M6HM2_HVF,08/27/2026 1:45:11 AM,8M6HM2_HVF,D1D,1,8343141
D614269,327,KJ67K327WFH0,0,0.005212,0.022587,0.001737,0,0,0,0,0,0,0,0,0,0.003475,,D6142690,PXMG,06/28/2026 5:58:09 PM,FDM402,8M6HM2_HVF,8M6HM2_HVF,08/27/2026 1:56:23 AM,8M6HM2_HVF,D1D,2,8343053
D614253,87,A2DK3087SLA7,0,0.019112,0.071237,0.001737,0,0.003475,0,0.001737,0,0.001737,0.001737,0,0.001737,0,,D6142530,PXMG,06/28/2026 11:52:07 AM,FDM408,8M6HM2_HVF,8M6HM2_HVF,08/26/2026 6:49:38 AM,8M6HM2_HVF,D1D,1,8356226
D614253,88,A2DK3088SLF1,0,0.008687,0.092087,0,0,0,0,0,0,0.001737,0,0,0.00695,0.001737,,D6142530,PXMG,06/28/2026 11:52:07 AM,FDM408,8M6HM2_HVF,8M6HM2_HVF,08/26/2026 6:48:27 AM,8M6HM2_HVF,D1D,2,8356272
D614228,103,A2EPZ103SLA5,0,0.005295,0.026435,0.003558,0,0.023125,0,0.001779,0,0.005337,0.001779,0,0.008894,0.010673,0,D6142280,PXMG,06/29/2026 5:26:44 AM,FDM402,8M6HM2_HVF,8M6HM2_HVF,07/26/2026 2:14:15 PM,8M6HM2_HVF,D1D,1,8346764
D614228,104,A2EPZ104SLE7,0,0.010425,0.038225,0,0,0.015637,0,0,0,0.001737,0.001737,0,0,0.001737,,D6142280,PXMG,06/29/2026 5:26:44 AM,FDM402,8M6HM2_HVF,8M6HM2_HVF,07/26/2026 2:15:53 PM,8M6HM2_HVF,D1D,2,8346945
D614240,268,KJDLT268WFE6,0,0.00695,0.024325,0,0,0.00695,0,0.003475,0,0.001737,0,0,0.003475,0,,D6142400,PXMG,06/29/2026 4:49:45 PM,FDM402,8M6HM2_HVF,8M6HM2_HVF,08/26/2026 2:41:07 AM,8M6HM2_HVF,D1D,1,8350581
D614240,279,KJDLT279WFG1,0,0.008687,0.019112,0,0,0.001737,0,0,0,0.003475,0,0,0,0,,D6142400,PXMG,06/29/2026 4:49:45 PM,FDM402,8M6HM2_HVF,8M6HM2_HVF,08/27/2026 12:41:27 AM,8M6HM2_HVF,D1D,2,8350603
D614215,449,KJCJH449WFA5,0,0.02085,0.039962,0,0,0.001737,0,0.001737,0,0,0.001737,0,0,0.003475,,D6142150,PXMG,06/29/2026 1:55:45 PM,FDM410,8M6HM2_HVF,8M6HM2_HVF,09/14/2026 10:38:40 PM,8M6HM2_HVF,D1D,1,8344677
D614215,450,KJCJH450WFD6,0,0.012355,0.047491,0,0,0.006178,0,0,0,0,0,0,0,0,0,D6142150,PXMG,06/29/2026 1:55:45 PM,FDM410,8M6HM2_HVF,8M6HM2_HVF,09/14/2026 10:41:44 PM,8M6HM2_HVF,D1D,2,8344674
D615276,313,KJ5RJ313WFF2,0,0.018996,0.04225,0,0,0.008188,0,0.001638,0,0.003275,0,0,0.007533,0.004913,0,D6152760,PR8B,07/02/2026 3:19:40 AM,FDM402,8M6HM2_HVF,8M6HM2_HVF,07/26/2026 3:25:44 PM,8M6HM2_HVF,D1D,1,8382733
D615276,335,KJ5RJ335WFA5,0,0.00655,0.011463,0,0,0.004913,0,0,0,0.001638,0,0,0.001638,0.001638,,D6152760,PR8B,07/02/2026 3:19:40 AM,FDM402,8M6HM2_HVF,8M6HM2_HVF,07/26/2026 3:25:50 PM,8M6HM2_HVF,D1D,2,8382806
D614219,48,KJ5LY048WFA6,0,0.005212,0.008687,0,0,0.005212,0,0.001737,0,0.005212,0,0,0.001737,0,,D6142190,PXMG,07/01/2026 2:57:25 PM,FDM402,8M6HM2_HVF,8M6HM2_HVF,07/26/2026 3:25:44 PM,8M6HM2_HVF,D1D,1,8344660
D614219,326,KJCJH326WFB7,0,0.008687,0.00695,0.001737,0.001737,0.00695,0,0.001737,0,0.003475,0,0,0,0,,D6142190,PXMG,07/01/2026 2:57:25 PM,FDM402,8M6HM2_HVF,8M6HM2_HVF,07/26/2026 3:25:39 PM,8M6HM2_HVF,D1D,2,8344769
D614257,585,KJ5MD585WFE1,0,0.015637,0.039615,0,0,0.026757,0,0,0,0.005212,0.001737,0,0,0.00834,0,D6142570,PXMG,07/01/2026 10:16:18 AM,FDM402,8M6HM2_HVF,8M6HM2_HVF,08/28/2026 5:39:57 PM,8M6HM2_HVF,D1D,1,8356429
D614257,588,KJ5MD588WFC1,0,0.001737,0.010425,0,0,0.001737,0,0,0,0,0.001737,0,0.008687,0.0139,,D6142570,PXMG,07/01/2026 10:16:18 AM,FDM402,8M6HM2_HVF,8M6HM2_HVF,08/28/2026 5:27:12 PM,8M6HM2_HVF,D1D,2,8356428
D614232,77,HJ7DC077JKA4,0,0.012162,0.029537,0.005212,0,0.005212,0,0.003475,0,0,0.001737,0,0.003475,0.003475,,D6142320,PXMG,06/29/2026 9:08:20 AM,FDM402,8M6HM2_HVF,8M6HM2_HVF,08/26/2026 6:03:36 AM,8M6HM2_HVF,D1D,1,8350599
D614232,78,HJ7DC078JKE6,0,0.00695,0.039962,0.001737,0,0,0,0.001737,0,0.003475,0.001737,0,0.005212,0.00695,,D6142320,PXMG,06/29/2026 9:08:20 AM,FDM402,8M6HM2_HVF,8M6HM2_HVF,08/26/2026 7:36:47 AM,8M6HM2_HVF,D1D,2,8350770
D614258,40,5DXKP040MVF6,0,0.001737,0.003475,0.001737,0,0.001737,0,0.003475,0,0.00695,0,0,0.001737,0,,D6142580,PXMG,06/28/2026 2:40:38 PM,FDM408,8M6HM2_HVF,8M6HM2_HVF,08/27/2026 12:19:22 AM,8M6HM2_HVF,D1D,1,8356600
D614258,100,5DXKP100MVB5,0,0.008687,0.00695,0,0.001737,0.003475,0,0,0,0.001737,0,0,0.001737,0.001737,,D6142580,PXMG,06/28/2026 2:40:38 PM,FDM408,8M6HM2_HVF,8M6HM2_HVF,08/26/2026 1:40:18 AM,8M6HM2_HVF,D1D,2,8356441
D614252,123,A2DFY123SLG7,0,0.010425,0.026062,0,0,0,0,0.001737,0,0.003475,0,0,0.001737,0.005212,,D6142520,PXMG,06/28/2026 8:58:01 PM,FDM408,8M6HM2_HVF,8M6HM2_HVF,07/26/2026 2:16:09 PM,8M6HM2_HVF,D1D,1,8356120
D614252,127,A2ECU127SLA4,0,0.017751,0.049589,0.001784,0,0.003569,0,0,0,0.001784,0.001784,0,0.007138,0,0,D6142520,PXMG,06/28/2026 8:58:01 PM,FDM408,8M6HM2_HVF,8M6HM2_HVF,07/26/2026 2:16:02 PM,8M6HM2_HVF,D1D,2,8356134
D614235,290,HJ6TM290JKF6,0,0.003475,0.024325,0,0,0.003475,0,0.003475,0,0.00695,0,0.001737,0.003475,0,,D6142350,PXMG,07/04/2026 11:04:16 AM,FDM404,8M6HM2_HVF,8M6HM2_HVF,08/25/2026 7:50:40 AM,8M6HM2_HVF,D1D,1,8350864
D614235,301,HJ6TM301JKF4,0,0.010425,0.00695,0,0,0.0139,0,0.005212,0,0.00695,0,0,0.001737,0.005212,,D6142350,PXMG,07/04/2026 11:04:16 AM,FDM404,8M6HM2_HVF,8M6HM2_HVF,08/25/2026 7:24:55 AM,8M6HM2_HVF,D1D,2,8350760
D614220,152,A2EW7152SLE5,0,0.010077,0.036835,0,0,0.003475,0,0,0,0.012162,0,0,0,0,0,D6142200,PXMG,07/04/2026 7:50:39 PM,FDM402,8M6HM2_HVF,8M6HM2_HVF,08/25/2026 8:06:05 PM,8M6HM2_HVF,D1D,1,8344974
D614220,154,A2EW7154SLF6,0,0.00695,0.02085,0,0,0.003475,0,0,0,0.001737,0,0,0,0.001737,,D6142200,PXMG,07/04/2026 7:50:39 PM,FDM402,8M6HM2_HVF,8M6HM2_HVF,08/25/2026 7:27:46 AM,8M6HM2_HVF,D1D,2,8344860
D614223,84,A2EGD084SLG4,0,0.003475,0.015637,0.00695,0,0.00695,0,0.001737,0,0.003475,0,0.001737,0.003475,0.010425,,D6142230,PXMG,07/04/2026 3:12:04 PM,FDM408,8M6HM2_HVF,8M6HM2_HVF,09/14/2026 7:36:33 PM,8M6HM2_HVF,D1D,1,8346899
D614223,85,A2EGD085SLD3,0,0.003475,0.046391,0,0,0.003475,0,0.001737,0,0.007471,0,0,0.008687,0.00695,0,D6142230,PXMG,07/04/2026 3:12:04 PM,FDM408,8M6HM2_HVF,8M6HM2_HVF,09/14/2026 8:37:49 PM,8M6HM2_HVF,D1D,2,8346929
D614270,32,MCLKC032WAA5,0,0.008687,0.02085,0.003475,0.001737,0.0139,0,0.001737,0,0.003475,0,0,0.010425,0.001737,,D6142700,PXMG,07/10/2026 4:25:36 AM,FDM404,8M6HM2_HVF,8M6HM2_HVF,09/14/2026 8:37:28 AM,8M6HM2_HVF,D1D,1,8344656
D614270,40,MCLKC040WAE0,0,0.008687,0.0139,0.003475,0,0.003475,0,0,0,0.001737,0.001737,0,0.005212,0.001737,,D6142700,PXMG,07/10/2026 4:25:36 AM,FDM404,8M6HM2_HVF,8M6HM2_HVF,09/13/2026 5:21:24 PM,8M6HM2_HVF,D1D,2,8344831
D614270,42,MCLKC042WAF1,0,0.005212,0.012162,0,0,0.005212,0,0.001737,0,0.003475,0,0,0.0139,0,,D6142700,PXMG,07/10/2026 7:06:24 AM,FDM404,8M6HM2_HVF,8M6HM2_HVF,09/13/2026 4:58:13 PM,8M6HM2_HVF,D1D,3,8344836
D614270,43,MCLKC043WAC0,0,0.015637,0.045175,0.003475,0.001737,0.007819,0,0.001737,0,0.005212,0,0,0.00695,0.006081,0,D6142700,PXMG,07/10/2026 7:06:24 AM,FDM404,8M6HM2_HVF,8M6HM2_HVF,07/26/2026 3:16:09 PM,8M6HM2_HVF,D1D,4,8344790
D614270,44,MCLKC044WAG2,0,0.015637,0.022587,0,0,0.001737,0,0,0,0.005212,0.003475,0,0.005212,0.003475,,D6142700,PXMG,07/10/2026 7:06:24 AM,FDM404,8M6HM2_HVF,8M6HM2_HVF,09/12/2026 8:58:45 PM,8M6HM2_HVF,D1D,5,8344701
D614248,15,A2CJE015SLH0,0,0.0139,0.0139,0.001737,0.001737,0.005212,0,0.00695,0,0.001737,0,0,0,0.012162,,D6142480,PXMG,07/06/2026 12:52:42 PM,FDM404,8M6HM2_HVF,8M6HM2_HVF,08/27/2026 12:18:26 PM,8M6HM2_HVF,D1D,1,8353068
D614248,16,A2CJE016SLD7,0,0.0139,0.026062,0.001737,0.017375,0,0,0.00695,0,0,0.008687,0,0.005212,0.045175,,D6142480,PXMG,07/06/2026 12:52:42 PM,FDM404,8M6HM2_HVF,8M6HM2_HVF,08/27/2026 1:28:59 AM,8M6HM2_HVF,D1D,2,8353079
D614222,84,A2EW7084SLF3,0,0.010425,0.0278,0,0.001737,0.019112,0,0.003475,0,0.003475,0.003475,0,0.003475,0.001737,,D6142220,PXMG,07/09/2026 6:16:42 AM,FDM408,8M6HM2_HVF,8M6HM2_HVF,09/07/2026 12:19:40 AM,8M6HM2_HVF,D1D,1,8346900
D614222,88,A2EW7088SLA2,0,0.00695,0.031275,0.001737,0.001737,0.010425,0,0.001737,0,0.003475,0,0,0.001737,0.010425,,D6142220,PXMG,07/09/2026 6:16:42 AM,FDM408,8M6HM2_HVF,8M6HM2_HVF,09/05/2026 11:59:44 AM,8M6HM2_HVF,D1D,2,8346893
D614222,89,A2EW7089SLE4,0,0.039072,0.014812,0.00189,0,0.062202,0,0.00189,0,0.003627,0,0,0.013227,0.028343,0,D6142220,PXMG,07/09/2026 7:40:20 AM,FDM410,8M6HM2_HVF,8M6HM2_HVF,09/05/2026 12:31:11 PM,8M6HM2_HVF,D1D,3,8346923
D614222,90,A2EW7090SLA2,0,0.00695,0.012162,0,0.001737,0.001737,0,0,0,0.003475,0,0,0,0.010425,,D6142220,PXMG,07/09/2026 7:40:20 AM,FDM410,8M6HM2_HVF,8M6HM2_HVF,09/05/2026 9:23:31 PM,8M6HM2_HVF,D1D,4,8346976
D614222,92,A2EW7092SLB3,0,0.038225,0.019112,0.003475,0,0.067762,0,0,0,0.003475,0,0,0.001737,0.001737,,D6142220,PXMG,07/09/2026 7:40:20 AM,FDM410,8M6HM2_HVF,8M6HM2_HVF,09/05/2026 9:21:57 PM,8M6HM2_HVF,D1D,5,8346759
D614243,3,HJ7DC003JKD5,0,0.008687,0.0278,0,0,0.003475,0,0,0,0.005212,0,0,0.001737,0,,D6142430,PXMG,07/05/2026 9:02:09 PM,FDM410,8M6HM2_HVF,8M6HM2_HVF,09/06/2026 6:46:37 AM,8M6HM2_HVF,D1D,1,8353086
D614243,50,HJ7DC050JKG0,0,0.003475,0.019112,0,0,0.003475,0,0.001737,0,0.001737,0,0,0,0,,D6142430,PXMG,07/05/2026 9:02:09 PM,FDM410,8M6HM2_HVF,8M6HM2_HVF,09/07/2026 8:00:21 AM,8M6HM2_HVF,D1D,2,8353064
D614260,8,A2EC7008SLA1,0,0.005212,0.015637,0.001737,0,0.010425,0,0.00695,0,0.005212,0,0,0.012162,0.005212,,D6142600,PXMG,07/09/2026 4:17:26 PM,FDM404,8M6HM2_HVF,8M6HM2_HVF,09/06/2026 3:08:01 PM,8M6HM2_HVF,D1D,1,8356779
D614260,9,A2EC7009SLE3,0,0,0.005212,0.001737,0.001737,0.00695,0,0.00695,0,0.001737,0.001737,0,0.003475,0.003475,,D6142600,PXMG,07/09/2026 4:17:26 PM,FDM404,8M6HM2_HVF,8M6HM2_HVF,09/06/2026 2:40:49 PM,8M6HM2_HVF,D1D,2,8356800
D614211,903,HJ7SN903JKA5,0,0.001732,0.02944,0.008659,0.003464,0.005195,0,0.001732,0,0.005195,0,0,0.005195,0.034635,,D6142110,PNCB,07/05/2026 12:23:46 AM,FDM402,8M6HM2_HVF,8M6HM2_HVF,07/26/2026 3:25:20 PM,8M6HM2_HVF,D1D,1,8360508
D614211,904,HJ7SN904JKE7,0,0.009005,0.033769,0.001732,0,0.007273,0,0,0,0.001732,0.0071,0,0.005195,0.012122,0,D6142110,PNCB,07/05/2026 12:23:46 AM,FDM402,8M6HM2_HVF,8M6HM2_HVF,07/26/2026 3:24:43 PM,8M6HM2_HVF,D1D,2,8360421
D614211,907,HJ7SN907JKC7,0,0.041804,0.060008,0.001772,0,0.008739,0,0,0,0.005195,0,0,0,0.010632,0,D6142110,PNCB,07/05/2026 12:23:46 AM,FDM402,8M6HM2_HVF,8M6HM2_HVF,07/26/2026 3:25:29 PM,8M6HM2_HVF,D1D,3,8360489
D614211,908,HJ7SN908JKH1,0,0.006927,0.027708,0.003464,0,0.006927,0,0,0,0.003464,0.001732,0,0.006927,0,,D6142110,PNCB,07/05/2026 12:23:46 AM,FDM402,8M6HM2_HVF,8M6HM2_HVF,07/26/2026 3:24:36 PM,8M6HM2_HVF,D1D,4,8360418
D614211,909,HJ7SN909JKE0,0,0.013854,0.024245,0,0,0.008659,0,0,0,0.003464,0.003464,0,0.006927,0.003464,,D6142110,PNCB,07/05/2026 12:23:46 AM,FDM402,8M6HM2_HVF,8M6HM2_HVF,07/26/2026 3:25:17 PM,8M6HM2_HVF,D1D,5,8360512
D614211,910,HJ7SN910JKH1,0,0.032557,0.034808,0,0,0.001732,0,0.001732,0,0.005368,0.001732,0.001732,0.001732,0.003464,0,D6142110,PNCB,07/05/2026 12:23:46 AM,FDM402,8M6HM2_HVF,8M6HM2_HVF,07/26/2026 3:24:49 PM,8M6HM2_HVF,D1D,6,8360504
D615274,30,KJ5DR030WFC0,0,0.015066,0.025546,0.001638,0.001638,0.003275,0,0.004258,0,0.003275,0,0,0.001638,0.020634,0,D6152740,PR8B,07/05/2026 3:31:30 PM,FDM410,8M6HM2_HVF,8M6HM2_HVF,07/26/2026 3:24:31 PM,8M6HM2_HVF,D1D,1,8382635
D615274,115,KJ5DR115WFG0,0,0.011463,0.019651,0.003275,0,0.004913,0,0.00655,0,0.008188,0,0,0.004913,0,,D6152740,PR8B,07/05/2026 3:31:30 PM,FDM410,8M6HM2_HVF,8M6HM2_HVF,07/26/2026 3:24:36 PM,8M6HM2_HVF,D1D,2,8382718
D615272,322,KJ67K322WFA4,0,0.017195,0.010317,0.003439,0,0.001638,0,0.001638,0,0.001638,0,0,0.013264,0.008188,0,D6152720,PR8B,07/14/2026 7:43:11 PM,FDM410,8M6HM2_HVF,8M6HM2_HVF,09/15/2026 12:51:59 PM,8M6HM2_HVF,D1D,1,8382741
D615272,332,KJ67K332WFF0,0,0.02092,0.038381,0.022619,0,0.00174,0,0.00174,0,0.0087,0.00698,0,0.045259,0.045259,0,D6152720,PR8B,07/14/2026 7:43:11 PM,FDM410,8M6HM2_HVF,8M6HM2_HVF,07/26/2026 3:05:16 PM,8M6HM2_HVF,D1D,2,8382617
D615272,336,KJ67K336WFH2,0,0.007278,0.024321,0.007036,0,0.014314,0,0.001759,0,0.003518,0.002001,0,0.001759,0.003518,0,D6152720,PR8B,07/14/2026 8:56:45 PM,FDM410,8M6HM2_HVF,8M6HM2_HVF,09/15/2026 1:36:20 AM,8M6HM2_HVF,D1D,3,8382600
D615272,340,KJ67K340WFB0,0,0.021125,0.017195,0.001638,0.001638,0.003275,0,0.003275,0,0.008679,0.005404,0,0,0,0,D6152720,PR8B,07/14/2026 8:56:45 PM,FDM410,8M6HM2_HVF,8M6HM2_HVF,09/15/2026 1:53:32 PM,8M6HM2_HVF,D1D,4,8382610
D615272,350,KJ67K350WFF4,0,0.01392,0.019651,0.005732,0.001638,0.002456,0,0.001638,0,0.004913,0,0,0.010644,0.013101,0,D6152720,PR8B,07/14/2026 8:56:45 PM,FDM410,8M6HM2_HVF,8M6HM2_HVF,09/15/2026 3:02:31 PM,8M6HM2_HVF,D1D,5,8382540
D614209,204,MCMUC204WAD5,0,0.008659,0.010391,0.003464,0.008659,0.010391,0,0.001732,0,0.003464,0,0,0.006927,0.008659,,D6142090,PNCB,07/13/2026 9:20:55 AM,FDM406,8M6HM2_HVF,8M6HM2_HVF,09/14/2026 9:55:05 PM,8M6HM2_HVF,D1D,1,8360412
D614209,205,MCMUC205WAA4,0,0.005195,0.015586,0,0,0.015586,0,0.003464,0,0.005195,0,0,0.005195,0.013854,,D6142090,PNCB,07/13/2026 9:20:55 AM,FDM406,8M6HM2_HVF,8M6HM2_HVF,09/12/2026 10:20:50 AM,8M6HM2_HVF,D1D,2,8360423
D614209,231,MCMUC231WAE3,0,0.003464,0.017318,0.006927,0,0.001732,0,0.003464,0,0.003464,0,0,0.003464,0.005195,,D6142090,PNCB,07/13/2026 10:15:44 AM,FDM410,8M6HM2_HVF,8M6HM2_HVF,09/14/2026 11:47:47 PM,8M6HM2_HVF,D1D,3,8360444
D614209,238,MCMUC238WAE5,0,0.004979,0.033553,0.011906,0,0.003464,0,0.001732,0,0.008442,0,0,0,0,0,D6142090,PNCB,07/13/2026 10:15:44 AM,FDM410,8M6HM2_HVF,8M6HM2_HVF,09/14/2026 9:33:48 PM,8M6HM2_HVF,D1D,4,8360470
D614209,243,MCMUC243WAC5,0,0.008659,0.017318,0.001732,0.003464,0.02944,0,0,0,0.010391,0,0,0.003464,0,,D6142090,PNCB,07/13/2026 10:15:44 AM,FDM410,8M6HM2_HVF,8M6HM2_HVF,09/15/2026 1:46:31 PM,8M6HM2_HVF,D1D,5,8360425
D614212,69,A2ET6069SLA7,0,0.03475,0.019112,0,0,0.072974,0,0.003475,0,0.012162,0.001737,0,0.003475,0.001737,,D6142120,PXMG,07/13/2026 8:58:15 AM,FDM408,8M6HM2_HVF,8M6HM2_HVF,09/01/2026 11:13:40 PM,8M6HM2_HVF,D1D,1,8344691
D614212,72,A2ET6072SLF1,0,0.015637,0.017375,0.005212,0.003475,0.005212,0,0.005212,0,0.003475,0,0,0.001737,0.001737,,D6142120,PXMG,07/13/2026 8:58:15 AM,FDM408,8M6HM2_HVF,8M6HM2_HVF,09/01/2026 10:19:19 PM,8M6HM2_HVF,D1D,2,8344638
D614212,105,A2ET6105SLA2,0,0.016332,0.02363,0.005212,0.001737,0,0,0,0,0.00556,0.002085,0,0,0.006255,0,D6142120,PXMG,07/13/2026 10:06:47 AM,FDM404,8M6HM2_HVF,8M6HM2_HVF,09/01/2026 9:54:32 PM,8M6HM2_HVF,D1D,3,8344781
D614212,107,A2ET6107SLB3,0,0.010425,0.017375,0.001737,0.001737,0.015637,0,0.001737,0,0.003475,0.001737,0,0,0,,D6142120,PXMG,07/13/2026 10:06:47 AM,FDM404,8M6HM2_HVF,8M6HM2_HVF,09/02/2026 11:27:05 AM,8M6HM2_HVF,D1D,4,8344659
D614212,115,A2ET6115SLE6,0,0.019112,0.0139,0.003475,0,0.02085,0,0.001737,0,0.00695,0,0,0,0,,D6142120,PXMG,07/13/2026 10:06:47 AM,FDM404,8M6HM2_HVF,8M6HM2_HVF,09/02/2026 11:21:03 AM,8M6HM2_HVF,D1D,5,8344717
D614229,550,KJD9Y550WFE3,0,0.013205,0.017375,0,0,0.00695,0,0.003822,0,0.009035,0,0,0.003475,0.010425,0,D6142290,PXMG,07/13/2026 5:04:41 AM,FDM406,8M6HM2_HVF,8M6HM2_HVF,09/05/2026 12:47:36 PM,8M6HM2_HVF,D1D,1,8346733
D614229,551,KJD9Y551WFB2,0,0.005212,0.017375,0,0.003475,0.010425,0,0,0,0.003475,0,0,0.00695,0.003475,,D6142290,PXMG,07/13/2026 5:04:41 AM,FDM406,8M6HM2_HVF,8M6HM2_HVF,09/05/2026 1:07:48 PM,8M6HM2_HVF,D1D,2,8346678
D614229,552,KJD9Y552WFF4,0,0.01112,0.015811,0.008687,0,0.003649,0,0.001737,0,0.008861,0.001911,0.001737,0.033186,0.015811,0,D6142290,PXMG,07/13/2026 6:22:43 AM,FDM406,8M6HM2_HVF,8M6HM2_HVF,09/03/2026 4:11:13 AM,8M6HM2_HVF,D1D,3,8346754
D614229,553,KJD9Y553WFC3,0,0.003475,0.074712,0.005212,0.001737,0.011294,0,0.001737,0,0.00695,0.011294,0,0.001737,0.003475,0,D6142290,PXMG,07/13/2026 6:22:43 AM,FDM406,8M6HM2_HVF,8M6HM2_HVF,09/05/2026 12:20:23 PM,8M6HM2_HVF,D1D,4,8346648
D614229,570,KJD9Y570WFG0,0,0.00695,0.010425,0.001737,0.001737,0.003475,0,0.003475,0,0.003475,0,0,0.00695,0.010425,,D6142290,PXMG,07/13/2026 6:22:43 AM,FDM406,8M6HM2_HVF,8M6HM2_HVF,09/05/2026 9:22:40 PM,8M6HM2_HVF,D1D,5,8346829
D614263,56,A2DY9056SLF2,0,0.028929,0.092825,0,0.00506,0.0321,0,0.00506,0,0.119865,0.00506,0,0.03716,0.096148,0,D6142630,PXMG,07/12/2026 10:08:49 AM,FDM406,8M6HM2_HVF,8M6HM2_HVF,09/07/2026 1:15:06 AM,8M6HM2_HVF,D1D,1,8360621
D614263,63,A2DY9063SLE3,0,0.019209,0.034692,0,0,0.003822,0,0.001931,0,0.001931,0.003861,0,0.003861,0.001931,0,D6142630,PXMG,07/12/2026 10:08:49 AM,FDM406,8M6HM2_HVF,8M6HM2_HVF,08/28/2026 10:13:59 AM,8M6HM2_HVF,D1D,2,8360753
D614263,64,A2DY9064SLB2,0,0.03475,0.035618,0,0,0.001737,0,0,0,0,0,0.002606,0.003475,0,0,D6142630,PXMG,07/12/2026 10:59:43 AM,FDM406,8M6HM2_HVF,8M6HM2_HVF,09/01/2026 10:12:05 PM,8M6HM2_HVF,D1D,3,8360657
D614263,66,A2DY9066SLC3,0,0.025194,0.040831,0,0,0.003475,0,0.001737,0,0.003475,0,0,0.003475,0.001737,0,D6142630,PXMG,07/12/2026 10:59:43 AM,FDM406,8M6HM2_HVF,8M6HM2_HVF,08/28/2026 10:02:03 AM,8M6HM2_HVF,D1D,4,8360735
D614263,67,A2DY9067SLG5,0,0.0139,0.0278,0.001737,0,0,0,0.001737,0,0.001737,0.003475,0,0.00695,0.005212,,D6142630,PXMG,07/12/2026 10:59:43 AM,FDM406,8M6HM2_HVF,8M6HM2_HVF,08/28/2026 9:51:52 AM,8M6HM2_HVF,D1D,5,8360716
D614262,85,A2CJE085SLB5,0,0.0278,0.017375,0,0,0.036487,0,0,0,0.00695,0,0,0,0,,D6142620,PXMG,07/12/2026 3:05:24 PM,FDM408,8M6HM2_HVF,8M6HM2_HVF,08/26/2026 11:13:22 PM,8M6HM2_HVF,D1D,1,8360854
D614262,87,A2CJE087SLC6,0,0.00695,0.00695,0,0.001737,0.001737,0,0.001737,0,0,0,0,0.005212,0.001737,,D6142620,PXMG,07/12/2026 3:05:24 PM,FDM408,8M6HM2_HVF,8M6HM2_HVF,08/26/2026 11:20:48 PM,8M6HM2_HVF,D1D,2,8360683
D614262,90,A2CJE090SLH0,0,0.012162,0.012162,0.001737,0,0.0278,0,0.001737,0,0.003475,0,0,0.001737,0.001737,,D6142620,PXMG,07/12/2026 4:55:04 PM,FDM410,8M6HM2_HVF,8M6HM2_HVF,09/03/2026 5:09:40 AM,8M6HM2_HVF,D1D,3,8360751
D614262,91,A2CJE091SLD7,0,0.012162,0.008687,0.001737,0,0.003475,0,0,0,0.003475,0,0,0.001737,0.001737,,D6142620,PXMG,07/12/2026 4:55:04 PM,FDM410,8M6HM2_HVF,8M6HM2_HVF,08/26/2026 11:27:53 PM,8M6HM2_HVF,D1D,4,8360846
D614262,93,A2CJE093SLF0,0,0.017375,0.00695,0,0,0.001737,0,0,0,0.003475,0,0,0,0.001737,,D6142620,PXMG,07/12/2026 4:55:04 PM,FDM410,8M6HM2_HVF,8M6HM2_HVF,08/28/2026 3:54:11 AM,8M6HM2_HVF,D1D,5,8360763
D614246,246,KJDLT246WFC0,0,0.010425,0.003475,0,0,0.017375,0,0,0,0.00695,0,0,0,0,,D6142460,PXMG,07/12/2026 2:06:14 PM,FDM406,8M6HM2_HVF,8M6HM2_HVF,09/01/2026 8:31:19 AM,8M6HM2_HVF,D1D,1,8353994
D614246,255,KJDLT255WFC2,0,0.0139,0.012162,0.001737,0,0.001737,0,0,0,0.012162,0,0,0.001737,0.005212,,D6142460,PXMG,07/12/2026 2:06:14 PM,FDM406,8M6HM2_HVF,8M6HM2_HVF,08/30/2026 2:21:23 AM,8M6HM2_HVF,D1D,2,8353974
D614246,273,KJDLT273WFC6,0,0.00695,0.017375,0,0,0.001737,0,0.003475,0,0.003475,0,0,0.001737,0,,D6142460,PXMG,07/12/2026 2:06:14 PM,FDM406,8M6HM2_HVF,8M6HM2_HVF,08/30/2026 2:37:00 AM,8M6HM2_HVF,D1D,3,8354046
D614246,281,KJDLT281WFG1,0,0.00695,0.0139,0,0,0.005212,0,0,0,0.00695,0,0,0,0.003475,,D6142460,PXMG,07/12/2026 2:06:14 PM,FDM406,8M6HM2_HVF,8M6HM2_HVF,08/30/2026 9:46:55 AM,8M6HM2_HVF,D1D,4,8353959
D614242,7,MCMMJ007WAE1,0,0.006255,0.02502,0.003475,0,0.006255,0,0,0,0.014595,0,0,0.001737,0.005212,0,D6142420,PXMG,07/12/2026 4:45:50 PM,FDM404,8M6HM2_HVF,8M6HM2_HVF,09/06/2026 11:24:40 PM,8M6HM2_HVF,D1D,1,8353001
D614242,10,MCMMJ010WAB0,0,0.0278,0.046217,0.003475,0,0.052125,0,0.001737,0,0.007645,0,0,0.003475,0.003475,0,D6142420,PXMG,07/12/2026 4:45:50 PM,FDM404,8M6HM2_HVF,8M6HM2_HVF,09/07/2026 8:26:51 AM,8M6HM2_HVF,D1D,2,8353035
D614264,130,A2EJP130SLB6,0,0.00695,0.015637,0,0,0.001737,0,0,0,0.001737,0.003475,0,0,0.001737,,D6142640,PXMG,07/18/2026 1:36:28 PM,FDM406,8M6HM2_HVF,8M6HM2_HVF,09/09/2026 2:37:40 PM,8M6HM2_HVF,D1D,1,8360736
D614264,142,A2EJP142SLA0,0,0.015855,0.029103,0,0.001737,0.011728,0,0.001737,0,0.004127,0.003475,0,0,0.029537,0,D6142640,PXMG,07/18/2026 1:36:28 PM,FDM406,8M6HM2_HVF,8M6HM2_HVF,09/06/2026 11:18:55 PM,8M6HM2_HVF,D1D,2,8360805
D614264,149,A2EJP149SLA2,0,0.010425,0.008687,0,0,0.00695,0,0.001737,0,0.005212,0.001737,0,0,0.005212,,D6142640,PXMG,07/18/2026 2:16:28 PM,FDM410,8M6HM2_HVF,8M6HM2_HVF,09/06/2026 11:15:46 PM,8M6HM2_HVF,D1D,3,8360799
D614264,167,A2DK3167SLF6,0,0,0.012162,0,0,0,0,0.001737,0,0.003475,0.001737,0,0,0.001737,,D6142640,PXMG,07/18/2026 2:16:28 PM,FDM410,8M6HM2_HVF,8M6HM2_HVF,09/09/2026 2:39:46 PM,8M6HM2_HVF,D1D,4,8360711
D614264,210,A2CJE210SLG1,0,0.008687,0,0,0,0.003475,0,0,0,0.003475,0,0,0.001737,0.003475,,D6142640,PXMG,07/18/2026 2:16:28 PM,FDM410,8M6HM2_HVF,8M6HM2_HVF,09/06/2026 11:17:11 PM,8M6HM2_HVF,D1D,5,8360720
D614964,11,KJD9W011WFB5,0,0.011791,0.01392,0.001638,0.001638,0.008188,0,0,0,0.003275,0,0,0.008188,0.010317,0,D6149640,PR8B,07/23/2026 4:56:25 PM,FDM404,8M6HM2_HVF,8M6HM2_HVF,09/07/2026 8:24:23 AM,8M6HM2_HVF,D1D,1,8373227
D614964,25,KJD9W025WFB0,0,0.023909,0.015066,0.001638,0.001638,0.024728,0,0.004913,0,0.005077,0,0,0.004913,0.001638,0,D6149640,PR8B,07/23/2026 4:56:25 PM,FDM404,8M6HM2_HVF,8M6HM2_HVF,09/07/2026 11:06:26 PM,8M6HM2_HVF,D1D,2,8373421
D614964,40,KJD9W040WFD4,0,0.03963,0.023581,0.003275,0,0.009334,0,0,0,0.001638,0.002784,0,0.001638,0.001638,0,D6149640,PR8B,07/23/2026 5:49:07 PM,FDM410,8M6HM2_HVF,8M6HM2_HVF,07/26/2026 3:04:22 PM,8M6HM2_HVF,D1D,3,8373386
D614964,124,KJD9W124WFD2,0,0.022271,0.018669,0.001638,0,0.00655,0,0,0,0.004913,0,0,0.004913,0.004913,0,D6149640,PR8B,07/23/2026 5:49:07 PM,FDM410,8M6HM2_HVF,8M6HM2_HVF,09/08/2026 5:46:43 PM,8M6HM2_HVF,D1D,4,8373451
D614964,132,KJD9W132WFG5,0,0.008515,0.023254,0,0,0.010153,0,0.003275,0,0.003603,0,0,0.008188,0.001965,0,D6149640,PR8B,07/23/2026 5:49:07 PM,FDM410,8M6HM2_HVF,8M6HM2_HVF,09/09/2026 11:02:47 PM,8M6HM2_HVF,D1D,5,8373214
D615300,39,KJE6E039WFB2,0,0.007793,0.025111,0.001732,0,0.009525,0,0.001732,0,0.006061,0,0,0,0,0,D6153000,PNCB,06/23/2026 4:27:47 PM,FDM402,8M6HM2_HVF,8M6HM2_HVF,08/16/2026 12:36:49 AM,8M6HM2_HVF,D1D,1,8388484
D615300,62,KJE6E062WFH1,0,0.013854,0.020781,0,0,0.012122,0,0.001732,0,0.013854,0,0,0.001732,0.003464,,D6153000,PNCB,06/23/2026 4:27:47 PM,FDM402,8M6HM2_HVF,8M6HM2_HVF,08/14/2026 12:10:26 PM,8M6HM2_HVF,D1D,2,8388585
D615350,32,KJD9W032WFA1,0,0.005212,0.015637,0,0,0.003475,0,0.001737,0,0.001737,0,0,0.00695,0.003475,,D6153500,PXMG,07/03/2026 1:20:21 PM,FDM402,8M6HM2_HVF,8M6HM2_HVF,07/26/2026 3:25:07 PM,8M6HM2_HVF,D1D,1,8408793
D615350,34,KJD9W034WFB2,0,0.008977,0.029248,0,0,0,0,0,0,0.005212,0,0,0.001737,0,0,D6153500,PXMG,07/03/2026 1:20:21 PM,FDM402,8M6HM2_HVF,8M6HM2_HVF,07/26/2026 3:25:13 PM,8M6HM2_HVF,D1D,2,8408821
D615311,525,HJ9GR525JKF5,0,0.005195,0.041562,0,0,0.001732,0,0.001732,0,0.008659,0.005195,0,0,0.005195,,D6153110,PNCB,07/03/2026 7:51:18 AM,FDM408,8M6HM2_HVF,8M6HM2_HVF,08/16/2026 10:46:51 PM,8M6HM2_HVF,D1D,1,8393147
D615311,701,HJ9GR701JKA0,0,0.0142,0.027189,0,0,0.006927,0,0.001732,0,0.003464,0,0,0,0.003637,0,D6153110,PNCB,07/03/2026 7:51:18 AM,FDM408,8M6HM2_HVF,8M6HM2_HVF,08/16/2026 9:50:53 PM,8M6HM2_HVF,D1D,2,8393222
D615292,33,A27SQ033SLB6,0,0.012122,0.032904,0,0,0.003464,0,0,0,0.005195,0,0,0.003464,0,,D6152920,PNCB,07/03/2026 1:31:27 PM,FDM404,8M6HM2_HVF,8M6HM2_HVF,07/26/2026 3:25:16 PM,8M6HM2_HVF,D1D,1,8385463
D615292,49,A27SQ049SLC2,0,0.005195,0.020781,0.001732,0.003464,0.003464,0,0,0,0,0,0,0.003464,0,,D6152920,PNCB,07/03/2026 1:31:27 PM,FDM404,8M6HM2_HVF,8M6HM2_HVF,09/13/2026 9:43:33 PM,8M6HM2_HVF,D1D,2,8385512
D615296,3,MCMMJ003WAB7,0,0.003464,0.013854,0.001732,0,0.001732,0,0,0,0,0,0,0.005195,0,,D6152960,PNCB,07/02/2026 9:56:28 PM,FDM404,8M6HM2_HVF,8M6HM2_HVF,08/21/2026 2:43:02 AM,8M6HM2_HVF,D1D,1,8388157
D615296,11,MCMMJ011WAF2,0,0.013854,0.005195,0.001732,0.001732,0,0,0,0,0.001732,0.001732,0.001732,0.005195,0.010391,,D6152960,PNCB,07/02/2026 9:56:28 PM,FDM404,8M6HM2_HVF,8M6HM2_HVF,08/21/2026 3:03:09 AM,8M6HM2_HVF,D1D,2,8388176
D615321,102,A2BJ8102SLE2,0,0.001737,0.010425,0,0,0,0,0,0,0.001737,0.001737,0,0.005212,0,,D6153210,PXMG,06/30/2026 1:20:14 PM,FDM410,8M6HM2_HVF,8M6HM2_HVF,07/26/2026 3:26:05 PM,8M6HM2_HVF,D1D,1,8399617
D615321,201,A2BMH201SLG6,0,0.003475,0.003475,0,0,0.015637,0,0.005212,0,0.005212,0,0,0.001737,0.005212,,D6153210,PXMG,06/30/2026 1:20:14 PM,FDM410,8M6HM2_HVF,8M6HM2_HVF,07/26/2026 3:26:13 PM,8M6HM2_HVF,D1D,2,8399642
D615310,103,KJ5RK103WFC7,0,0.006927,0.015586,0,0,0.001732,0,0,0,0.001732,0.001732,0,0,0,,D6153100,PNCB,07/01/2026 5:38:46 AM,FDM404,8M6HM2_HVF,8M6HM2_HVF,08/14/2026 8:56:29 PM,8M6HM2_HVF,D1D,1,8393255
D615310,207,KJ5MA207WFA2,0,0.079553,0.081285,0,0,0.159106,0,0.035826,0,0.55687,0,0,0,0,0,D6153100,PNCB,07/01/2026 5:38:46 AM,FDM404,8M6HM2_HVF,8M6HM2_HVF,08/15/2026 12:18:46 AM,8M6HM2_HVF,D1D,2,8393150
D615317,621,HJ9GR621JKC4,0,0.003464,0.024245,0.001732,0,0.003464,0,0,0,0,0,0,0.003464,0.003464,,D6153170,PNCB,06/28/2026 6:12:00 PM,FDM402,8M6HM2_HVF,8M6HM2_HVF,08/20/2026 7:13:04 PM,8M6HM2_HVF,D1D,1,8394842
D615317,626,HJ9GR626JKB5,0,0.00877,0.050767,0.001851,0,0.005554,0,0.001851,0,0.001851,0,0,0.001851,0.003702,0,D6153170,PNCB,06/28/2026 6:12:00 PM,FDM402,8M6HM2_HVF,8M6HM2_HVF,08/21/2026 5:51:59 AM,8M6HM2_HVF,D1D,2,8394770
D615281,676,HJ9GR676JKC0,0,0.010391,0.022513,0.003464,0.001732,0.006927,0,0.001732,0,0.001732,0,0,0,0.010391,,D6152810,PNCB,06/29/2026 6:20:12 AM,FDM408,8M6HM2_HVF,8M6HM2_HVF,08/19/2026 5:30:22 PM,8M6HM2_HVF,D1D,1,8383466
D615281,678,HJ9GR678JKD1,0,0.001732,0.013854,0.001732,0,0.001732,0,0,0,0.003464,0,0,0.001732,0.001732,,D6152810,PNCB,06/29/2026 6:20:12 AM,FDM408,8M6HM2_HVF,8M6HM2_HVF,08/20/2026 6:45:59 AM,8M6HM2_HVF,D1D,2,8383410
D615314,20,A2BJ8020SLF5,0,0.012122,0.036367,0.001732,0,0.001732,0,0,0,0.006927,0.001732,0,0.001732,0.001732,,D6153140,PNCB,06/28/2026 8:47:08 AM,FDM402,8M6HM2_HVF,8M6HM2_HVF,08/14/2026 4:13:24 PM,8M6HM2_HVF,D1D,1,8394951
D615314,25,A2BJ8025SLE6,0,0.003464,0.034635,0.001732,0,0.001732,0,0.001732,0,0,0.001732,0,0,0.003464,,D6153140,PNCB,06/28/2026 8:47:08 AM,FDM402,8M6HM2_HVF,8M6HM2_HVF,08/15/2026 11:22:48 AM,8M6HM2_HVF,D1D,2,8394952
D615309,60,KJD9W060WFF1,0,0.008659,0.010391,0.001732,0,0.003464,0,0,0,0.003464,0,0,0,0.005195,,D6153090,PNCB,06/29/2026 7:05:14 AM,FDM402,8M6HM2_HVF,8M6HM2_HVF,08/12/2026 12:44:03 AM,8M6HM2_HVF,D1D,1,8393129
D615309,65,KJD9W065WFE2,0,0.003464,0.012122,0.001732,0,0.003464,0,0.001732,0,0.003464,0,0,0.015586,0.013854,,D6153090,PNCB,06/29/2026 7:05:14 AM,FDM402,8M6HM2_HVF,8M6HM2_HVF,08/16/2026 9:57:19 PM,8M6HM2_HVF,D1D,2,8392956
D615318,72,A2BVQ072SLA7,0,0.008659,0.025976,0,0,0.003464,0,0.005195,0,0,0,0,0.003464,0.001732,,D6153180,PNCB,07/04/2026 9:34:01 AM,FDM404,8M6HM2_HVF,8M6HM2_HVF,08/23/2026 7:39:10 PM,8M6HM2_HVF,D1D,1,8394967
D615318,96,A2BR6096SLE6,0,0.005195,0.013854,0,0,0.008659,0,0.003464,0,0.003464,0.001732,0,0.003464,0.003464,,D6153180,PNCB,07/04/2026 9:34:01 AM,FDM404,8M6HM2_HVF,8M6HM2_HVF,08/20/2026 8:39:08 PM,8M6HM2_HVF,D1D,2,8394882
D615333,2,MCNFM002WAB6,0,0.0139,0.019112,0,0,0.012162,0,0.003475,0,0.005212,0,0,0,0.001737,,D6153330,PXMG,07/03/2026 11:58:25 PM,FDM404,8M6HM2_HVF,8M6HM2_HVF,08/25/2026 7:38:13 AM,8M6HM2_HVF,D1D,1,8403153
D615333,27,MCNFM027WAC4,0,0.008687,0.019112,0,0,0.012162,0,0,0,0,0,0,0,0.012162,,D6153330,PXMG,07/03/2026 11:58:25 PM,FDM404,8M6HM2_HVF,8M6HM2_HVF,08/25/2026 7:28:55 AM,8M6HM2_HVF,D1D,2,8403102
D615282,236,KJDYW236WFA6,0,0.012122,0.005195,0,0,0.003464,0,0.001732,0,0.001732,0,0,0.003464,0.001732,,D6152820,PNCB,07/04/2026 4:50:30 PM,FDM404,8M6HM2_HVF,8M6HM2_HVF,08/25/2026 7:25:23 PM,8M6HM2_HVF,D1D,1,8383739
D615282,248,KJDYW248WFG3,0,0.012122,0.008659,0,0,0.003464,0,0,0,0.006927,0.001732,0,0,0,,D6152820,PNCB,07/04/2026 4:50:30 PM,FDM404,8M6HM2_HVF,8M6HM2_HVF,07/26/2026 3:24:49 PM,8M6HM2_HVF,D1D,2,8383733
D615327,29,KJNQT029WFE3,0,0.022935,0.039962,0,0,0.01529,0,0,0,0.005212,0.001737,0,0.017375,0.001737,0,D6153270,PXMG,07/11/2026 8:40:11 AM,FDM410,8M6HM2_HVF,8M6HM2_HVF,09/03/2026 4:39:11 AM,8M6HM2_HVF,D1D,1,8399761
D615327,55,KJNQT055WFA7,0,0.02085,0.015637,0.003475,0,0.029537,0,0,0,0.001737,0,0,0.001737,0,,D6153270,PXMG,07/11/2026 8:40:11 AM,FDM410,8M6HM2_HVF,8M6HM2_HVF,09/05/2026 6:50:57 AM,8M6HM2_HVF,D1D,2,8399594
D615327,202,KJNQT202WFA6,0,0.010425,0.078534,0.001737,0.001737,0.005212,0,0,0,0.001737,0.00834,0,0.00695,0,0,D6153270,PXMG,07/11/2026 9:51:31 AM,FDM410,8M6HM2_HVF,8M6HM2_HVF,09/05/2026 7:08:29 AM,8M6HM2_HVF,D1D,3,8399599
D615327,206,KJNQT206WFD0,0,0.005212,0.045175,0.003475,0.001737,0.005212,0,0.003475,0,0.005212,0,0,0.005212,0.0139,0,D6153270,PXMG,07/11/2026 9:51:31 AM,FDM410,8M6HM2_HVF,8M6HM2_HVF,09/03/2026 4:34:49 AM,8M6HM2_HVF,D1D,4,8399803
D615327,209,KJNQT209WFB0,0,0.013149,0.04757,0.005635,0,0.005635,0,0,0,0.003757,0,0,0.007513,0.001878,0,D6153270,PXMG,07/11/2026 9:51:31 AM,FDM410,8M6HM2_HVF,8M6HM2_HVF,09/03/2026 4:45:54 AM,8M6HM2_HVF,D1D,5,8399735
D615315,42,KJNQB042WFG3,0,0.005195,0.020781,0,0,0.006927,0,0,0,0.001732,0,0,0.001732,0,,D6153150,PNCB,07/10/2026 1:29:11 PM,FDM408,8M6HM2_HVF,8M6HM2_HVF,09/15/2026 11:45:16 AM,8M6HM2_HVF,D1D,1,8395211
D615315,44,KJNQB044WFA1,0,0.001732,0.019049,0.001732,0,0.001732,0,0.001732,0,0.001732,0,0,0.001732,0,,D6153150,PNCB,07/10/2026 1:29:11 PM,FDM408,8M6HM2_HVF,8M6HM2_HVF,09/15/2026 12:25:24 PM,8M6HM2_HVF,D1D,2,8395177
D615320,51,MCLKC051WAF3,0,0.008687,0.024325,0,0,0.015637,0,0,0,0.003475,0.003475,0,0,0.003475,,D6153200,PXMG,07/10/2026 2:48:09 AM,FDM404,8M6HM2_HVF,8M6HM2_HVF,09/01/2026 9:47:06 PM,8M6HM2_HVF,D1D,1,8399490
D615320,57,MCLKC057WAB3,0,0.007224,0.021673,0,0,0.005487,0,0.001829,0,0.001829,0.001829,0,0.001829,0,0,D6153200,PXMG,07/10/2026 2:48:09 AM,FDM404,8M6HM2_HVF,8M6HM2_HVF,09/03/2026 4:24:51 AM,8M6HM2_HVF,D1D,2,8399560
D615320,61,MCLKC061WAC4,0,0.01807,0.026062,0.002432,0,0.00695,0,0.00417,0,0.003475,0.002432,0,0.001737,0.00417,0,D6153200,PXMG,07/10/2026 4:02:27 AM,FDM410,8M6HM2_HVF,8M6HM2_HVF,09/02/2026 11:42:42 AM,8M6HM2_HVF,D1D,3,8399607
D615320,88,MCLKC088WAE3,0,0.00695,0.00695,0,0,0.00695,0,0,0,0.005212,0,0,0.001737,0,,D6153200,PXMG,07/10/2026 4:02:27 AM,FDM410,8M6HM2_HVF,8M6HM2_HVF,09/02/2026 11:28:46 AM,8M6HM2_HVF,D1D,4,8399625
D615320,89,MCLKC089WAB2,0,0.0139,0.010425,0,0,0.012162,0,0.005212,0,0.003475,0,0,0.003475,0.001737,,D6153200,PXMG,07/10/2026 4:02:27 AM,FDM410,8M6HM2_HVF,8M6HM2_HVF,09/02/2026 11:29:49 AM,8M6HM2_HVF,D1D,5,8399626
D615345,257,KJE5W257WFD6,0,0.00695,0.031275,0,0.001737,0.003475,0,0.001737,0,0.008687,0,0,0.003475,0.001737,,D6153450,PXMG,07/10/2026 1:54:55 AM,FDM408,8M6HM2_HVF,8M6HM2_HVF,08/26/2026 2:55:00 AM,8M6HM2_HVF,D1D,1,8408223
D615345,259,KJE5W259WFE7,0,0.00695,0.008687,0,0,0.001737,0,0,0,0,0,0,0.04865,0.003475,,D6153450,PXMG,07/10/2026 1:54:55 AM,FDM408,8M6HM2_HVF,8M6HM2_HVF,08/26/2026 1:38:17 AM,8M6HM2_HVF,D1D,2,8408374
D615345,261,KJE5W261WFE7,0,0.012162,0.010425,0.001737,0,0.003475,0,0,0,0,0,0.001737,0,0.001737,,D6153450,PXMG,07/10/2026 2:55:43 AM,FDM406,8M6HM2_HVF,8M6HM2_HVF,08/26/2026 2:25:35 AM,8M6HM2_HVF,D1D,3,8408357
D615345,262,KJE5W262WFB6,0,0.00695,0.029537,0,0,0.003475,0,0,0,0,0.003475,0,0.001737,0.008687,,D6153450,PXMG,07/10/2026 2:55:43 AM,FDM406,8M6HM2_HVF,8M6HM2_HVF,08/27/2026 12:25:22 AM,8M6HM2_HVF,D1D,4,8408267
D615345,268,KJE5W268WFF1,0,0.012162,0.015637,0,0,0.003475,0,0,0,0,0,0,0.003475,0,,D6153450,PXMG,07/10/2026 2:55:43 AM,FDM406,8M6HM2_HVF,8M6HM2_HVF,08/26/2026 3:18:15 AM,8M6HM2_HVF,D1D,5,8408208
D615345,269,KJE5W269WFC0,0,0.003475,0.043958,0.001737,0,0.010251,0,0.010251,0,0.008514,0.001737,0,0.001737,0,0,D6153450,PXMG,07/10/2026 6:26:44 AM,FDM410,8M6HM2_HVF,8M6HM2_HVF,08/27/2026 12:15:17 AM,8M6HM2_HVF,D1D,6,8408314
D615345,270,KJE5W270WFF1,0,0.007645,0.034055,0,0,0.005212,0,0.003475,0,0,0,0,0,0,0,D6153450,PXMG,07/10/2026 6:26:44 AM,FDM410,8M6HM2_HVF,8M6HM2_HVF,08/26/2026 2:32:24 AM,8M6HM2_HVF,D1D,7,8408212
D615302,274,5DXPB274MVA0,0,0.006927,0.032904,0.001732,0,0.006927,0,0.001732,0,0.001732,0.001732,0,0,0.008659,,D6153020,PNCB,07/08/2026 1:55:13 PM,FDM410,8M6HM2_HVF,8M6HM2_HVF,08/27/2026 3:56:47 AM,8M6HM2_HVF,D1D,1,8388321
D615302,304,5DXPB304MVE4,0,0.012122,0.032557,0,0.001732,0.012122,0,0.001732,0,0.005195,0,0,0,0.00381,0,D6153020,PNCB,07/08/2026 1:55:13 PM,FDM410,8M6HM2_HVF,8M6HM2_HVF,08/26/2026 7:17:04 PM,8M6HM2_HVF,D1D,2,8388247
D615312,67,MCMMJ067WAB5,0,0.005195,0.02944,0.005195,0,0.001732,0,0.001732,0,0.006927,0,0,0.005195,0.001732,,D6153120,PNCB,07/06/2026 6:58:28 PM,FDM410,8M6HM2_HVF,8M6HM2_HVF,08/21/2026 6:43:41 AM,8M6HM2_HVF,D1D,1,8394749
D615312,144,MCMMJ144WAB1,0,0.005195,0.024245,0,0,0.008659,0,0,0,0,0.001732,0,0,0,,D6153120,PNCB,07/06/2026 6:58:28 PM,FDM410,8M6HM2_HVF,8M6HM2_HVF,08/30/2026 11:14:33 AM,8M6HM2_HVF,D1D,2,8394851
D615294,76,A2AZS076SLG5,0,0.006927,0.013854,0.003464,0,0.001732,0,0.005195,0,0.003464,0,0,0.010391,0.003464,,D6152940,PNCB,07/09/2026 12:15:14 AM,FDM410,8M6HM2_HVF,8M6HM2_HVF,09/13/2026 10:47:49 AM,8M6HM2_HVF,D1D,1,8385575
D615294,77,A2BDY077SLA5,0,0.006927,0.017318,0,0.001732,0.005195,0,0.001732,0,0,0,0,0.003464,0.001732,,D6152940,PNCB,07/09/2026 12:15:14 AM,FDM410,8M6HM2_HVF,8M6HM2_HVF,09/06/2026 12:25:56 AM,8M6HM2_HVF,D1D,2,8385612
D615331,5,A29WC005SLH2,0,0.010425,0.017375,0.001737,0,0.003475,0,0.003475,0,0.012162,0,0,0.003475,0.017375,,D6153310,PXMG,07/09/2026 4:53:43 AM,FDM408,8M6HM2_HVF,8M6HM2_HVF,09/09/2026 3:35:54 AM,8M6HM2_HVF,D1D,1,8403330
D615331,13,A29WC013SLD2,0,0.024672,0.024672,0.003475,0,0.012684,0,0.003475,0,0.010946,0,0,0,0.001737,0,D6153310,PXMG,07/09/2026 4:53:43 AM,FDM408,8M6HM2_HVF,8M6HM2_HVF,09/08/2026 3:57:09 AM,8M6HM2_HVF,D1D,2,8403457
D615331,21,A29WC021SLG5,0,0.010425,0.026062,0.00695,0,0.003475,0,0.001737,0,0.008687,0.001737,0,0.033012,0.010425,,D6153310,PXMG,07/09/2026 5:58:12 AM,FDM408,8M6HM2_HVF,8M6HM2_HVF,09/08/2026 4:17:43 AM,8M6HM2_HVF,D1D,3,8403463
D615331,118,A2BS5118SLB1,0,0.021197,0.022414,0,0,0.003996,0,0.001737,0,0.003996,0.003996,0,0.003475,0.001737,0,D6153310,PXMG,07/09/2026 5:58:12 AM,FDM408,8M6HM2_HVF,8M6HM2_HVF,09/08/2026 4:27:14 AM,8M6HM2_HVF,D1D,4,8403474
D615331,152,A29WC152SLB3,0,0.022935,0.031275,0.00278,0,0.0139,0,0,0,0.00556,0,0,0.00695,0,0,D6153310,PXMG,07/09/2026 5:58:12 AM,FDM408,8M6HM2_HVF,8M6HM2_HVF,09/09/2026 3:53:38 AM,8M6HM2_HVF,D1D,5,8403316
D615286,106,A2BS5106SLC7,0,0.014374,0.041043,0.001732,0,0.001732,0,0,0,0.001732,0,0,0.005195,0,0,D6152860,PNCB,07/06/2026 2:54:07 AM,FDM410,8M6HM2_HVF,8M6HM2_HVF,08/16/2026 5:08:12 PM,8M6HM2_HVF,D1D,1,8383485
D615286,107,A2BS5107SLH1,0,0.015899,0.03325,0.00188,0,0.00376,0,0,0,0.00376,0.002309,0,0.00188,0.016922,0,D6152860,PNCB,07/06/2026 2:54:07 AM,FDM410,8M6HM2_HVF,8M6HM2_HVF,08/16/2026 12:12:18 PM,8M6HM2_HVF,D1D,2,8383426
D615299,177,A2BJ8177SLF3,0,0.008659,0.038099,0.001732,0.012122,0.008659,0,0.003464,0,0.005195,0.001732,0,0.003464,0.034635,,D6152990,PNCB,07/05/2026 7:35:47 PM,FDM402,8M6HM2_HVF,8M6HM2_HVF,08/25/2026 4:51:52 AM,8M6HM2_HVF,D1D,1,8388620
D615299,178,A2BJ8178SLC2,0,0.005195,0.012122,0.001732,0,0.024245,0,0,0,0.001732,0,0,0.001732,0.001732,,D6152990,PNCB,07/05/2026 7:35:47 PM,FDM402,8M6HM2_HVF,8M6HM2_HVF,08/24/2026 5:49:41 PM,8M6HM2_HVF,D1D,2,8388647
D615306,26,A2AL6026SLF0,0,0.015932,0.030479,0.001905,0.001732,0.003464,0,0.003464,0,0.005368,0,0,0,0.001732,0,D6153060,PNCB,07/05/2026 7:47:07 PM,FDM402,8M6HM2_HVF,8M6HM2_HVF,09/05/2026 12:10:28 PM,8M6HM2_HVF,D1D,1,8392909
D615306,29,A2AL6029SLD0,0,0.006927,0.032904,0,0,0.001732,0,0,0,0.003464,0,0,0.001732,0.001732,,D6153060,PNCB,07/05/2026 7:47:07 PM,FDM402,8M6HM2_HVF,8M6HM2_HVF,09/05/2026 12:06:10 PM,8M6HM2_HVF,D1D,2,8392990
D615308,1,KJD9W001WFE4,0,0.013854,0.015586,0,0.003464,0.008659,0,0.003464,0,0.001732,0,0,0.001732,0.003464,,D6153080,PNCB,07/05/2026 10:52:24 PM,FDM404,8M6HM2_HVF,8M6HM2_HVF,08/24/2026 6:49:12 AM,8M6HM2_HVF,D1D,1,8393008
D615308,3,KJD9W003WFF5,0,0.013854,0.017318,0.001732,0,0.006927,0,0,0,0,0,0,0,0,,D6153080,PNCB,07/05/2026 10:52:24 PM,FDM404,8M6HM2_HVF,8M6HM2_HVF,08/24/2026 10:33:10 AM,8M6HM2_HVF,D1D,2,8393010
D615316,7,MCLXR007WAB3,0,0.005484,0.015297,0,0,0.001732,0,0,0,0.001732,0,0,0.005195,0.001732,0,D6153160,PNCB,07/08/2026 1:37:41 PM,FDM410,8M6HM2_HVF,8M6HM2_HVF,09/07/2026 8:50:57 AM,8M6HM2_HVF,D1D,1,8394713
D615316,12,MCLXR012WAG6,0,0.008659,0.024245,0,0,0.017318,0,0,0,0.001732,0,0,0,0,,D6153160,PNCB,07/08/2026 1:37:41 PM,FDM410,8M6HM2_HVF,8M6HM2_HVF,09/07/2026 5:53:35 PM,8M6HM2_HVF,D1D,2,8394687
D615313,826,HJ4EP826JKF7,0,0.008659,0.027708,0,0.003464,0.003464,0,0,0,0.008659,0,0,0,0.012122,,D6153130,PNCB,07/08/2026 2:09:25 PM,FDM410,8M6HM2_HVF,8M6HM2_HVF,07/26/2026 3:23:43 PM,8M6HM2_HVF,D1D,1,8394702
D615313,827,HJ4EP827JKC6,0,0.006927,0.019049,0,0.001732,0.001732,0,0,0,0.005195,0,0,0.003464,0.006927,,D6153130,PNCB,07/08/2026 2:09:25 PM,FDM410,8M6HM2_HVF,8M6HM2_HVF,09/15/2026 3:08:19 AM,8M6HM2_HVF,D1D,2,8394764
D615330,14,A2AQR014SLC6,0,0.010425,0.024325,0.001737,0,0.003475,0,0,0,0.003475,0,0,0.005212,0,,D6153300,PXMG,07/08/2026 8:10:04 PM,FDM410,8M6HM2_HVF,8M6HM2_HVF,09/08/2026 2:36:22 PM,8M6HM2_HVF,D1D,1,8403480
D615330,106,A2BDS106SLG0,0,0.001737,0.026062,0,0,0.003475,0,0,0,0.003475,0,0.001737,0.001737,0.001737,,D6153300,PXMG,07/08/2026 8:10:04 PM,FDM410,8M6HM2_HVF,8M6HM2_HVF,09/06/2026 2:09:10 PM,8M6HM2_HVF,D1D,2,8403398
D615325,574,KJNQY574WFD1,0,0.010425,0.05004,0,0,0.012857,0,0,0,0.00695,0.007645,0,0.005907,0.001737,0,D6153250,PXMG,07/05/2026 5:13:23 AM,FDM402,8M6HM2_HVF,8M6HM2_HVF,08/27/2026 1:37:38 AM,8M6HM2_HVF,D1D,1,8399407
D615325,578,KJNQY578WFF3,0,0.008687,0.0139,0.00695,0.008687,0.008687,0,0.001737,0,0,0,0,0.005212,0.053862,,D6153250,PXMG,07/05/2026 5:13:23 AM,FDM402,8M6HM2_HVF,8M6HM2_HVF,08/26/2026 4:01:16 PM,8M6HM2_HVF,D1D,2,8399457
D615284,27,A2AL6027SLB7,0,0.003464,0.015586,0.001732,0,0.019049,0,0.005195,0,0.001732,0,0,0,0.001732,,D6152840,PNCB,07/06/2026 4:14:19 AM,FDM404,8M6HM2_HVF,8M6HM2_HVF,09/13/2026 2:53:04 AM,8M6HM2_HVF,D1D,1,8383430
D615284,28,A2AL6028SLG1,0,0.012122,0.020781,0.003464,0.005195,0.001732,0,0,0,0.003464,0,0,0.001732,0.012122,,D6152840,PNCB,07/06/2026 4:14:19 AM,FDM404,8M6HM2_HVF,8M6HM2_HVF,09/13/2026 10:06:52 AM,8M6HM2_HVF,D1D,2,8383346
D615290,16,MCLXR016WAB5,0,0.012122,0.031172,0,0.02944,0.001732,0,0.001732,0,0,0.005195,0,0,0.055416,,D6152900,PNCB,07/06/2026 3:09:43 AM,FDM408,8M6HM2_HVF,8M6HM2_HVF,08/21/2026 7:01:48 AM,8M6HM2_HVF,D1D,1,8385434
D615290,19,MCLXR019WAH0,0,0.012122,0.005195,0,0,0.001732,0,0.001732,0,0.001732,0,0,0.001732,0.001732,,D6152900,PNCB,07/06/2026 3:09:43 AM,FDM408,8M6HM2_HVF,8M6HM2_HVF,08/22/2026 5:44:54 PM,8M6HM2_HVF,D1D,2,8385413
D615328,54,A2BNK054SLD5,0,0.010425,0.017375,0.001737,0,0.003475,0,0.003475,0,0,0,0,0.003475,0.001737,,D6153280,PXMG,07/06/2026 2:40:13 AM,FDM410,8M6HM2_HVF,8M6HM2_HVF,09/09/2026 3:50:47 AM,8M6HM2_HVF,D1D,1,8403274
D615328,56,A2BNK056SLE6,0,0.002954,0.036835,0,0,0,0,0.001737,0,0,0,0,0.007645,0.004691,0,D6153280,PXMG,07/06/2026 2:40:13 AM,FDM410,8M6HM2_HVF,8M6HM2_HVF,09/08/2026 2:39:35 PM,8M6HM2_HVF,D1D,2,8403187
D615338,620,5DXPF620MVC6,0,0.003475,0.0139,0,0,0,0,0.001737,0,0,0,0,0.008687,0.005212,,D6153380,PXMG,07/11/2026 2:14:22 PM,FDM408,8M6HM2_HVF,8M6HM2_HVF,09/12/2026 10:02:40 PM,8M6HM2_HVF,D1D,1,8405752
D615338,621,5DXPF621MVH0,0,0.009209,0.024499,0.001737,0,0.008687,0,0.003475,0,0.003996,0.001737,0,0.007471,0.003475,0,D6153380,PXMG,07/11/2026 2:14:22 PM,FDM408,8M6HM2_HVF,8M6HM2_HVF,09/12/2026 9:39:35 PM,8M6HM2_HVF,D1D,2,8405933
D615338,628,5DXPF628MVH2,0,0.005734,0.03197,0.003475,0.001737,0.001737,0,0,0,0.003996,0,0,0.003475,0.001737,0,D6153380,PXMG,07/11/2026 4:21:55 PM,FDM410,8M6HM2_HVF,8M6HM2_HVF,09/13/2026 9:26:54 AM,8M6HM2_HVF,D1D,3,8405898
D615338,632,5DXPF632MVB0,0,0.003475,0.00695,0,0.003475,0.003475,0,0.001737,0,0.005212,0.003475,0,0,0.00695,,D6153380,PXMG,07/11/2026 4:21:55 PM,FDM410,8M6HM2_HVF,8M6HM2_HVF,09/12/2026 9:22:30 PM,8M6HM2_HVF,D1D,4,8405877
D615338,633,5DXPF633MVF2,0,0.014116,0.058619,0.002157,0,0.008628,0,0.002157,0,0.002157,0.025092,0,0.014116,0.011959,0,D6153380,PXMG,07/11/2026 4:21:55 PM,FDM410,8M6HM2_HVF,8M6HM2_HVF,09/12/2026 9:29:16 PM,8M6HM2_HVF,D1D,5,8405749
D615277,79,HJ7DC079JKB5,0,0.026201,0.018013,0.001638,0,0.004913,0,0.004913,0,0.008188,0.004913,0,0.001638,0.003275,,D6152770,PR8B,07/11/2026 11:39:44 PM,FDM408,8M6HM2_HVF,8M6HM2_HVF,07/26/2026 3:15:03 PM,8M6HM2_HVF,D1D,1,8382698
D615277,272,HJ7DC272JKH0,0,0.008515,0.024891,0,0.001638,0.015066,0,0.008515,0,0.011463,0.003603,0,0,0,0,D6152770,PR8B,07/11/2026 11:39:44 PM,FDM408,8M6HM2_HVF,8M6HM2_HVF,07/26/2026 3:15:05 PM,8M6HM2_HVF,D1D,2,8382761
D615287,76,A2ASU076SLB1,0,0.003464,0.012122,0,0,0.001732,0,0.001732,0,0,0.001732,0,0.001732,0,,D6152870,PNCB,07/16/2026 2:32:54 PM,FDM404,8M6HM2_HVF,8M6HM2_HVF,07/26/2026 3:12:09 PM,8M6HM2_HVF,D1D,1,8383492
D615287,77,A2ASU077SLF3,0,0.006542,0.033288,0,0,0,0,0,0,0.001732,0,0,0.001732,0.001732,0,D6152870,PNCB,07/16/2026 2:32:54 PM,FDM404,8M6HM2_HVF,8M6HM2_HVF,07/26/2026 3:12:05 PM,8M6HM2_HVF,D1D,2,8383505
D615301,33,KJDLQ033WFA1,0,0.001732,0.020781,0.001732,0,0.001732,0,0,0,0.003464,0.001732,0,0,0.005195,,D6153010,PNCB,07/16/2026 1:14:38 PM,FDM404,8M6HM2_HVF,8M6HM2_HVF,09/15/2026 2:44:32 AM,8M6HM2_HVF,D1D,1,8388886
D615301,54,KJD9W054WFC7,0,0.010391,0.010391,0,0.001732,0.010391,0,0.003464,0,0,0.001732,0,0.001732,0.005195,,D6153010,PNCB,07/16/2026 1:14:38 PM,FDM404,8M6HM2_HVF,8M6HM2_HVF,09/15/2026 1:28:06 AM,8M6HM2_HVF,D1D,2,8388908
D615301,131,KJD9W131WFC3,0,0.017318,0.067539,0,0,0.001732,0,0.001732,0,0.001732,0.001732,0,0,0.001732,,D6153010,PNCB,07/16/2026 2:45:00 PM,FDM404,8M6HM2_HVF,8M6HM2_HVF,07/26/2026 3:12:38 PM,8M6HM2_HVF,D1D,3,8388826
D615301,141,KJDLQ141WFC5,0,0.017318,0.046758,0,0,0.003464,0,0.001732,0,0.005195,0.003464,0,0,0.003464,,D6153010,PNCB,07/16/2026 2:45:00 PM,FDM404,8M6HM2_HVF,8M6HM2_HVF,09/15/2026 1:53:59 AM,8M6HM2_HVF,D1D,4,8388903
D615301,150,KJD9W150WFH1,0,0.010391,0.053685,0,0,0.006927,0,0,0,0,0.003464,0,0.005195,0.001732,,D6153010,PNCB,07/16/2026 2:45:00 PM,FDM404,8M6HM2_HVF,8M6HM2_HVF,09/15/2026 6:29:03 AM,8M6HM2_HVF,D1D,5,8388891
D615346,37,KJD9W037WFG5,0,0.010425,0.017375,0.001737,0,0.001737,0,0,0,0,0,0,0,0.003475,,D6153460,PXMG,07/15/2026 4:29:33 AM,FDM406,8M6HM2_HVF,8M6HM2_HVF,09/12/2026 4:04:25 AM,8M6HM2_HVF,D1D,1,8408431
D615346,48,KJD9W048WFA5,0,0.006602,0.01807,0,0,0.007645,0,0,0,0.00417,0,0,0.003475,0,0,D6153460,PXMG,07/15/2026 4:29:33 AM,FDM406,8M6HM2_HVF,8M6HM2_HVF,09/12/2026 4:26:53 AM,8M6HM2_HVF,D1D,2,8408297
D615346,76,KJD9W076WFF5,0,0.008687,0.019112,0,0,0,0,0,0,0.001737,0,0,0.003475,0.003475,,D6153460,PXMG,07/15/2026 5:30:29 AM,FDM404,8M6HM2_HVF,8M6HM2_HVF,09/12/2026 4:20:54 AM,8M6HM2_HVF,D1D,3,8408326
D615346,83,KJD9W083WFE6,0,0.012162,0.045175,0.001737,0,0.001737,0,0,0,0.001737,0.001737,0,0.003475,0.005212,0,D6153460,PXMG,07/15/2026 5:30:29 AM,FDM404,8M6HM2_HVF,8M6HM2_HVF,09/12/2026 6:39:16 AM,8M6HM2_HVF,D1D,4,8408382
D615346,94,KJD9W094WFG1,0,0.010642,0.034315,0,0.001737,0.003692,0,0.001737,0,0.001737,0,0,0.003475,0.008687,0,D6153460,PXMG,07/15/2026 5:30:29 AM,FDM404,8M6HM2_HVF,8M6HM2_HVF,09/13/2026 8:57:19 AM,8M6HM2_HVF,D1D,5,8408234
D615278,646,HJ9GR646JKD2,0,0.034389,0.011136,0,0,0.011463,0,0,0,0.001638,0.006878,0.001638,0.001638,0.003275,0,D6152780,PR8B,07/14/2026 3:17:14 AM,FDM406,8M6HM2_HVF,8M6HM2_HVF,07/26/2026 3:13:26 PM,8M6HM2_HVF,D1D,1,8382879
D615278,651,HJ9GR651JKB2,0,0.024728,0.05535,0,0,0.006059,0,0.001638,0,0,0,0,0.007697,0.002784,0,D6152780,PR8B,07/14/2026 3:17:14 AM,FDM406,8M6HM2_HVF,8M6HM2_HVF,07/26/2026 3:13:31 PM,8M6HM2_HVF,D1D,2,8382873
D615278,652,HJ9GR652JKF4,0,0.031114,0.027839,0.001638,0.001638,0.001638,0,0.003275,0,0.001638,0.003275,0,0.003275,0.001638,,D6152780,PR8B,07/14/2026 4:54:43 AM,FDM408,8M6HM2_HVF,8M6HM2_HVF,07/26/2026 3:13:11 PM,8M6HM2_HVF,D1D,3,8382852
D615278,653,HJ9GR653JKC3,0,0.027348,0.03832,0.001638,0,0.019651,0,0.001638,0,0.008188,0.004749,0,0,0,0,D6152780,PR8B,07/14/2026 4:54:43 AM,FDM408,8M6HM2_HVF,8M6HM2_HVF,07/26/2026 3:13:02 PM,8M6HM2_HVF,D1D,4,8382869
D615278,654,HJ9GR654JKG5,0,0.030132,0.028822,0,0,0.050438,0,0.001638,0,0.012118,0,0,0.002948,0,0,D6152780,PR8B,07/14/2026 4:54:43 AM,FDM408,8M6HM2_HVF,8M6HM2_HVF,09/15/2026 3:51:35 AM,8M6HM2_HVF,D1D,5,8382865
D615279,609,HJ5QY609JKB0,0,0.025874,0.023254,0.001638,0,0.001638,0,0,0,0,0,0,0,0.001638,0,D6152790,PR8B,07/12/2026 12:28:16 AM,FDM410,8M6HM2_HVF,8M6HM2_HVF,07/26/2026 3:15:30 PM,8M6HM2_HVF,D1D,1,8382815
D615279,610,HJ5QY610JKE1,0,0.00655,0.011463,0,0.001638,0.008188,0,0,0,0.001638,0,0,0,0.003275,,D6152790,PR8B,07/12/2026 12:28:16 AM,FDM410,8M6HM2_HVF,8M6HM2_HVF,07/26/2026 3:15:24 PM,8M6HM2_HVF,D1D,2,8382859
D615279,611,HJ5QY611JKB0,0,0.016376,0.013101,0.003275,0,0.003275,0,0.001638,0,0.001638,0,0,0.001638,0,,D6152790,PR8B,07/12/2026 1:42:42 AM,FDM406,8M6HM2_HVF,8M6HM2_HVF,07/26/2026 3:15:40 PM,8M6HM2_HVF,D1D,3,8382889
D615279,612,HJ5QY612JKF2,0,0.019651,0.014738,0,0.001638,0.001638,0,0.001638,0,0.00655,0.001638,0,0.001638,0.001638,,D6152790,PR8B,07/12/2026 1:42:42 AM,FDM406,8M6HM2_HVF,8M6HM2_HVF,07/26/2026 3:15:42 PM,8M6HM2_HVF,D1D,4,8382810
D615279,613,HJ5QY613JKC1,0,0.024564,0.011463,0,0,0.009826,0,0.001638,0,0.008188,0.001638,0,0,0,,D6152790,PR8B,07/12/2026 1:42:42 AM,FDM406,8M6HM2_HVF,8M6HM2_HVF,07/26/2026 3:15:17 PM,8M6HM2_HVF,D1D,5,8382878
D615348,28,KJD9W028WFG3,0,0.012162,0.022587,0.001737,0,0.005212,0,0,0,0.003475,0.001737,0,0.001737,0.001737,,D6153480,PXMG,07/12/2026 9:45:30 AM,FDM408,8M6HM2_HVF,8M6HM2_HVF,08/27/2026 1:43:22 AM,8M6HM2_HVF,D1D,1,8408442
D615348,56,KJD9W056WFE0,0,0.005212,0.015637,0,0,0.00695,0,0.003475,0,0.003475,0.003475,0,0.001737,0.001737,,D6153480,PXMG,07/12/2026 9:45:30 AM,FDM408,8M6HM2_HVF,8M6HM2_HVF,08/26/2026 4:34:36 AM,8M6HM2_HVF,D1D,2,8408400
D615348,98,KJD9W098WFB0,0,0.0139,0.015637,0,0,0.003475,0,0,0,0.00695,0,0,0.005212,0.001737,,D6153480,PXMG,07/12/2026 10:31:29 AM,FDM410,8M6HM2_HVF,8M6HM2_HVF,08/26/2026 3:06:13 AM,8M6HM2_HVF,D1D,3,8408503
D615348,215,KJD9W215WFC1,0,0.0139,0.0139,0,0,0.005212,0,0,0,0.003475,0.001737,0,0.001737,0,,D6153480,PXMG,07/12/2026 10:31:29 AM,FDM410,8M6HM2_HVF,8M6HM2_HVF,08/26/2026 4:45:17 AM,8M6HM2_HVF,D1D,4,8408381
D615348,597,KJDLR597WFD2,0,0.012162,0.010425,0,0,0.003475,0,0,0,0.003475,0,0.001737,0.003475,0.001737,,D6153480,PXMG,07/12/2026 10:31:29 AM,FDM410,8M6HM2_HVF,8M6HM2_HVF,08/27/2026 12:56:56 AM,8M6HM2_HVF,D1D,5,8408278
D615295,125,A2BCX125SLC2,0,0.003464,0.008659,0,0.001732,0.005195,0,0.003464,0,0.001732,0,0,0.010391,0.003464,,D6152950,PNCB,07/12/2026 6:18:53 AM,FDM406,8M6HM2_HVF,8M6HM2_HVF,09/07/2026 10:03:32 PM,8M6HM2_HVF,D1D,1,8385775
D615295,153,A2BDS153SLB0,0,0.017318,0.010391,0.001732,0,0.008659,0,0,0,0.006927,0,0,0.003464,0.006927,,D6152950,PNCB,07/12/2026 6:18:53 AM,FDM406,8M6HM2_HVF,8M6HM2_HVF,09/15/2026 5:43:22 AM,8M6HM2_HVF,D1D,2,8385707
D615336,2,A2BS5002SLB4,0,0.019112,0.017375,0.001737,0,0.03475,0,0,0,0.005212,0,0,0.00695,0.001737,,D6153360,PXMG,07/12/2026 4:11:05 PM,FDM408,8M6HM2_HVF,8M6HM2_HVF,08/28/2026 3:54:27 AM,8M6HM2_HVF,D1D,1,8405642
D615336,56,A2BS5056SLE1,0,0.003475,0.015637,0.00695,0.001737,0.005212,0,0.001737,0,0.010425,0,0,0.005212,0.008687,,D6153360,PXMG,07/12/2026 4:11:05 PM,FDM408,8M6HM2_HVF,8M6HM2_HVF,08/29/2026 2:38:52 PM,8M6HM2_HVF,D1D,2,8405853
D615336,57,A2BS5057SLB0,0,0.012162,0.001737,0.0139,0,0.008687,0,0.003475,0,0.010425,0,0,0.005212,0.010425,,D6153360,PXMG,07/12/2026 5:14:25 PM,FDM410,8M6HM2_HVF,8M6HM2_HVF,07/26/2026 3:05:47 PM,8M6HM2_HVF,D1D,3,8405657
D615336,65,A2BS5065SLE3,0,0.107963,0.028647,0,0,0.161586,0,0,0,0.017635,0,0,0.00367,0.00367,0,D6153360,PXMG,07/12/2026 5:14:25 PM,FDM410,8M6HM2_HVF,8M6HM2_HVF,08/28/2026 3:30:47 AM,8M6HM2_HVF,D1D,4,8405805
D615336,76,A2BCX076SLA3,0,0.080793,0.024108,0,0,0.148664,0,0,0,0.003149,0,0,0.009448,0.003149,0,D6153360,PXMG,07/12/2026 5:14:25 PM,FDM410,8M6HM2_HVF,8M6HM2_HVF,07/26/2026 3:16:38 PM,8M6HM2_HVF,D1D,5,8405769
D615336,92,A2BCX092SLH1,0,0.003475,0.012162,0,0,0.001737,0,0.001737,0,0.008687,0,0,0.001737,0.001737,,D6153360,PXMG,07/12/2026 8:53:02 PM,FDM410,8M6HM2_HVF,8M6HM2_HVF,08/28/2026 3:21:12 AM,8M6HM2_HVF,D1D,6,8405762
D615336,106,A2BNK106SLD4,0,0.008687,0.012162,0.008687,0,0.001737,0,0.003475,0,0.005212,0,0,0.0139,0,,D6153360,PXMG,07/12/2026 8:53:02 PM,FDM410,8M6HM2_HVF,8M6HM2_HVF,08/29/2026 1:40:32 PM,8M6HM2_HVF,D1D,7,8405621
D615336,113,A2AZT113SLD2,0,0.033012,0.010425,0,0,0.045175,0,0.001737,0,0.003475,0,0,0.005212,0.003475,,D6153360,PXMG,07/12/2026 8:53:02 PM,FDM410,8M6HM2_HVF,8M6HM2_HVF,08/28/2026 3:08:14 AM,8M6HM2_HVF,D1D,8,8405750
D615336,117,A2BNK117SLE7,0,0.003475,0.010425,0.001737,0.001737,0.001737,0,0.001737,0,0.010425,0,0,0.00695,0,,D6153360,PXMG,07/12/2026 8:53:02 PM,FDM410,8M6HM2_HVF,8M6HM2_HVF,07/26/2026 3:16:01 PM,8M6HM2_HVF,D1D,9,8405706
D615336,221,A2BMH221SLB0,0,0.015637,0.00695,0.001737,0,0.022587,0,0.001737,0,0.005212,0,0,0.001737,0,,D6153360,PXMG,07/12/2026 8:53:02 PM,FDM410,8M6HM2_HVF,8M6HM2_HVF,08/29/2026 3:29:11 AM,8M6HM2_HVF,D1D,10,8405715
D615336,222,A2BMH222SLF2,0,0.016159,0.014139,0.006059,0,0.1016,0,0,0,0.016159,0,0,0.008079,0.008079,0,D6153360,PXMG,07/12/2026 8:53:02 PM,FDM410,8M6HM2_HVF,8M6HM2_HVF,08/29/2026 1:47:33 PM,8M6HM2_HVF,D1D,11,8405779
D615336,223,A2BMH223SLC1,0,0.024325,0.00695,0.001737,0,0.097299,0,0,0,0.005212,0,0,0.003475,0.003475,,D6153360,PXMG,07/12/2026 8:53:02 PM,FDM410,8M6HM2_HVF,8M6HM2_HVF,08/29/2026 2:06:54 PM,8M6HM2_HVF,D1D,12,8405722
D615336,225,A2BMH225SLD2,0,0.037899,0.012054,0,0,0.138195,0,0,0,0.006559,0,0,0.002411,0.009643,0,D6153360,PXMG,07/12/2026 8:53:02 PM,FDM410,8M6HM2_HVF,8M6HM2_HVF,08/27/2026 7:23:35 PM,8M6HM2_HVF,D1D,13,8405813
D615336,227,A2BMH227SLE3,0,0.005212,0.005212,0.003475,0,0.00695,0,0,0,0.005212,0,0,0.001737,0.005212,,D6153360,PXMG,07/12/2026 8:53:02 PM,FDM410,8M6HM2_HVF,8M6HM2_HVF,08/28/2026 3:06:55 AM,8M6HM2_HVF,D1D,14,8405686
D615336,228,A2BMH228SLB2,0,0.00695,0.017375,0.003475,0,0,0,0,0,0,0,0,0,0.001737,,D6153360,PXMG,07/12/2026 8:53:02 PM,FDM410,8M6HM2_HVF,8M6HM2_HVF,08/28/2026 3:17:37 AM,8M6HM2_HVF,D1D,15,8405632
D615336,229,A2BMH229SLF4,0,0.022587,0.003475,0,0,0.085137,0,0,0,0.005212,0,0,0,0.003475,,D6153360,PXMG,07/12/2026 8:53:02 PM,FDM410,8M6HM2_HVF,8M6HM2_HVF,08/29/2026 1:58:11 PM,8M6HM2_HVF,D1D,16,8405634
D615336,230,A2BMH230SLB2,0,0.001737,0.003475,0.001737,0.001737,0.001737,0,0.001737,0,0,0,0,0.001737,0.008687,,D6153360,PXMG,07/12/2026 8:53:02 PM,FDM410,8M6HM2_HVF,8M6HM2_HVF,08/29/2026 1:48:03 PM,8M6HM2_HVF,D1D,17,8405773
D615336,251,A2BS5251SLD2,0,0.010425,0.010425,0.001737,0,0.001737,0,0.001737,0,0.001737,0,0,0.00695,0.001737,,D6153360,PXMG,07/12/2026 8:53:02 PM,FDM410,8M6HM2_HVF,8M6HM2_HVF,07/26/2026 3:16:50 PM,8M6HM2_HVF,D1D,18,8405662
D615336,260,A2BS5260SLD4,0,0.062593,0.028321,0,0,0.154636,0,0,0,0.028321,0,0,0.024781,0.01062,0,D6153360,PXMG,07/12/2026 8:53:02 PM,FDM410,8M6HM2_HVF,8M6HM2_HVF,08/28/2026 3:21:50 AM,8M6HM2_HVF,D1D,19,8405691
D615336,292,A2AZT292SLE5,0,0.008687,0.015637,0,0,0.017375,0,0,0,0.001737,0,0,0,0,,D6153360,PXMG,07/12/2026 8:53:02 PM,FDM410,8M6HM2_HVF,8M6HM2_HVF,08/28/2026 3:07:38 AM,8M6HM2_HVF,D1D,20,8405838
D615336,358,A2BCX358SLE5,0,0.001737,0.005212,0,0.001737,0.00695,0,0.001737,0,0.005212,0,0,0.003475,0.001737,,D6153360,PXMG,07/12/2026 8:53:02 PM,FDM410,8M6HM2_HVF,8M6HM2_HVF,08/29/2026 1:47:06 PM,8M6HM2_HVF,D1D,21,8405640
D615336,366,A2BCX366SLA5,0,0.005212,0.010425,0,0,0.001737,0,0,0,0.001737,0,0,0.001737,0.00695,,D6153360,PXMG,07/12/2026 8:53:02 PM,FDM410,8M6HM2_HVF,8M6HM2_HVF,08/29/2026 2:06:06 PM,8M6HM2_HVF,D1D,22,8405677
D615339,6,MCPPA006WAD6,0,0.001737,0.0139,0,0,0.00695,0,0,0,0.005212,0,0,0,0.008687,,D6153390,PXMG,07/12/2026 2:32:38 PM,FDM410,8M6HM2_HVF,8M6HM2_HVF,09/10/2026 7:20:33 PM,8M6HM2_HVF,D1D,1,8405788
D615339,9,MCPPA009WAB6,0,0.005212,0.005212,0.005212,0,0.003475,0,0.003475,0,0.003475,0,0.001737,0.003475,0.001737,,D6153390,PXMG,07/12/2026 2:32:38 PM,FDM410,8M6HM2_HVF,8M6HM2_HVF,09/10/2026 8:06:13 PM,8M6HM2_HVF,D1D,2,8405836
D615339,221,MCPPA221WAE4,0,0.00695,0.00695,0.005212,0,0.005212,0,0.001737,0,0.001737,0.001737,0,0.008687,0.003475,,D6153390,PXMG,07/12/2026 4:03:21 PM,FDM404,8M6HM2_HVF,8M6HM2_HVF,09/11/2026 7:23:03 AM,8M6HM2_HVF,D1D,3,8405934
D615339,226,MCPPA226WAD5,0,0.008687,0.015637,0,0,0.015637,0,0.001737,0,0.00695,0.001737,0,0.003475,0.003475,,D6153390,PXMG,07/12/2026 4:03:21 PM,FDM404,8M6HM2_HVF,8M6HM2_HVF,09/11/2026 7:38:52 AM,8M6HM2_HVF,D1D,4,8405884
D615339,227,MCPPA227WAA4,0,0.00695,0.005212,0.001737,0,0.003475,0,0.001737,0,0.001737,0,0,0.005212,0.001737,,D6153390,PXMG,07/12/2026 4:03:21 PM,FDM404,8M6HM2_HVF,8M6HM2_HVF,09/11/2026 7:45:07 AM,8M6HM2_HVF,D1D,5,8405880
D615340,802,HJ4EP802JKC0,0,0.012162,0.015637,0.003475,0,0.005212,0,0,0,0.00695,0,0,0.00695,0.012162,,D6153400,PXMG,07/12/2026 11:43:36 AM,FDM410,8M6HM2_HVF,8M6HM2_HVF,09/15/2026 9:29:17 AM,8M6HM2_HVF,D1D,1,8405731
D615340,803,HJ4EP803JKG2,0,0.00695,0.039962,0.001737,0.003475,0.003475,0,0,0,0.010425,0.001737,0,0.003475,0,,D6153400,PXMG,07/12/2026 11:43:36 AM,FDM410,8M6HM2_HVF,8M6HM2_HVF,09/15/2026 9:42:32 AM,8M6HM2_HVF,D1D,2,8405829
D615340,804,HJ4EP804JKD1,0,0.003475,0.03475,0.001737,0.003475,0.005212,0,0,0,0.00695,0,0,0.008687,0.00695,,D6153400,PXMG,07/12/2026 1:04:40 PM,FDM410,8M6HM2_HVF,8M6HM2_HVF,09/15/2026 9:30:31 AM,8M6HM2_HVF,D1D,3,8405742
D615340,805,HJ4EP805JKA0,0,0.022587,0.024325,0.003475,0,0.012162,0,0.00695,0,0.005212,0,0,0.005212,0.005212,,D6153400,PXMG,07/12/2026 1:04:40 PM,FDM410,8M6HM2_HVF,8M6HM2_HVF,09/14/2026 9:06:28 PM,8M6HM2_HVF,D1D,4,8405675
D615340,806,HJ4EP806JKE2,0,0.010425,0.015637,0.001737,0,0.015637,0,0.001737,0,0.00695,0,0,0.001737,0.00695,,D6153400,PXMG,07/12/2026 1:04:40 PM,FDM410,8M6HM2_HVF,8M6HM2_HVF,09/14/2026 10:26:22 PM,8M6HM2_HVF,D1D,5,8405861
D615327,107,KJNQT107WFA6,0,0.008687,0.0139,0.001737,0,0.00695,0,0.003475,0,0.005212,0.008687,0,0,0.019112,0,D6153270N,PXMG,07/12/2026 3:40:48 PM,FDM410,8M6HM2_HVF,8M6HM2_HVF,09/05/2026 10:09:34 AM,8M6HM2_HVF,D1D,1,8922082
D615327,196,KJNQT196WFA1,0,0.010946,0.038398,0.003475,0.001737,0.003475,0,0.00695,0,0.0139,0.011467,0,0,0.005212,0,D6153270N,PXMG,07/12/2026 3:40:48 PM,FDM410,8M6HM2_HVF,8M6HM2_HVF,09/03/2026 4:24:03 AM,8M6HM2_HVF,D1D,2,8922143
D615327,197,KJNQT197WFE3,0,0.012162,0.0139,0.001737,0,0.017375,0,0,0,0.003475,0.005212,0,0,0.005212,,D6153270N,PXMG,07/12/2026 3:40:48 PM,FDM410,8M6HM2_HVF,8M6HM2_HVF,09/03/2026 4:48:20 AM,8M6HM2_HVF,D1D,3,8922079
D615327,200,KJNQT200WFH0,0,0.010772,0.020502,0,0,0.003475,0,0.003475,0,0.00695,0.003475,0,0,0,0,D6153270N,PXMG,07/12/2026 3:40:48 PM,FDM410,8M6HM2_HVF,8M6HM2_HVF,09/05/2026 6:52:59 AM,8M6HM2_HVF,D1D,4,8922129
D615291,8,MCLKC008WAF2,0,0.008659,0.019049,0,0,0.012122,0,0.001732,0,0.001732,0,0.001732,0.001732,0.001732,,D6152910,PNCB,07/22/2026 1:53:55 AM,FDM402,8M6HM2_HVF,8M6HM2_HVF,07/26/2026 3:09:28 PM,8M6HM2_HVF,D1D,1,8385607
D615291,9,MCLKC009WAC1,0,0.016303,0.050729,0.002014,0.002014,0.012082,0,0.004027,0,0.002078,0,0,0.012082,0.006041,0,D6152910,PNCB,07/22/2026 1:53:55 AM,FDM402,8M6HM2_HVF,8M6HM2_HVF,09/12/2026 2:09:33 AM,8M6HM2_HVF,D1D,2,8385591
D615291,11,MCLKC011WAC1,0,0.020781,0.020781,0,0.001732,0.060612,0,0.001732,0,0.006927,0.012122,0.001732,0.001732,0.003464,,D6152910,PNCB,07/22/2026 3:26:11 AM,FDM408,8M6HM2_HVF,8M6HM2_HVF,09/11/2026 8:38:19 AM,8M6HM2_HVF,D1D,3,8385680
D615291,25,MCLKC025WAB4,0,0.025976,0.017318,0.003464,0.001732,0.010391,0,0.003464,0,0.001732,0,0,0.010391,0.001732,,D6152910,PNCB,07/22/2026 3:26:11 AM,FDM408,8M6HM2_HVF,8M6HM2_HVF,09/12/2026 2:45:20 AM,8M6HM2_HVF,D1D,4,8385677
D615291,35,MCLKC035WAG0,0,0.011875,0.027213,0.003464,0.002474,0.001732,0,0,0,0.003464,0,0,0.008659,0.005195,0,D6152910,PNCB,07/22/2026 3:26:11 AM,FDM408,8M6HM2_HVF,8M6HM2_HVF,09/11/2026 4:48:20 PM,8M6HM2_HVF,D1D,5,8385664
D615332,444,MCLXQ444WAC6,0,0.003475,0.012162,0,0.001737,0.001737,0,0.001737,0,0.003475,0,0,0,0.003475,,D6153320,PXMG,07/20/2026 10:55:41 AM,FDM404,8M6HM2_HVF,8M6HM2_HVF,09/11/2026 7:40:49 AM,8M6HM2_HVF,D1D,1,8403174
D615332,495,MCLXQ495WAA0,0,0.005212,0.00695,0,0,0.001737,0,0,0,0,0,0,0.003475,0,,D6153320,PXMG,07/20/2026 10:55:41 AM,FDM404,8M6HM2_HVF,8M6HM2_HVF,09/10/2026 8:12:05 PM,8M6HM2_HVF,D1D,2,8403163
D615332,503,MCLXQ503WAB6,0,0.00695,0.00695,0.001737,0.001737,0.005212,0,0.003475,0,0.003475,0,0,0.001737,0,,D6153320,PXMG,07/20/2026 12:26:38 PM,FDM408,8M6HM2_HVF,8M6HM2_HVF,09/10/2026 7:59:52 PM,8M6HM2_HVF,D1D,3,8403157
D615332,508,MCLXQ508WAA7,0,0.001737,0.015637,0.001737,0,0.003475,0,0.003475,0,0.00695,0.001737,0.001737,0,0.001737,,D6153320,PXMG,07/20/2026 12:26:38 PM,FDM408,8M6HM2_HVF,8M6HM2_HVF,09/10/2026 7:57:51 PM,8M6HM2_HVF,D1D,4,8403120
D615332,538,MCLXQ538WAH0,0,0.0278,0.019112,0.001737,0.001737,0.005212,0,0,0,0.005212,0,0,0,0.003475,,D6153320,PXMG,07/20/2026 12:26:38 PM,FDM408,8M6HM2_HVF,8M6HM2_HVF,09/10/2026 7:28:10 PM,8M6HM2_HVF,D1D,5,8403167
D615337,17,KJD9W017WFF0,0,0.012162,0.029537,0.003475,0,0.005212,0,0.003475,0,0.005212,0.001737,0,0.008687,0.005212,,D6153370,PXMG,07/19/2026 8:47:33 PM,FDM404,8M6HM2_HVF,8M6HM2_HVF,09/08/2026 2:21:05 PM,8M6HM2_HVF,D1D,1,8405841
D615337,19,KJD9W019WFG1,0,0.007819,0.0417,0.026062,0.02085,0.015637,0,0.007819,0,0.013031,0.002606,0,0.031275,0.067762,0,D6153370,PXMG,07/19/2026 8:47:33 PM,FDM404,8M6HM2_HVF,8M6HM2_HVF,09/07/2026 6:31:47 PM,8M6HM2_HVF,D1D,2,8405739
D615337,23,KJD9W023WFH2,0,0.02085,0.029537,0.003475,0,0.001737,0,0,0,0.001737,0,0.001737,0.0139,0.008687,,D6153370,PXMG,07/19/2026 9:56:45 PM,FDM406,8M6HM2_HVF,8M6HM2_HVF,09/08/2026 4:35:21 AM,8M6HM2_HVF,D1D,3,8405831
D615337,30,KJD9W030WFG3,0,0.017896,0.023804,0.010425,0,0.010425,0,0.00695,0,0.010425,0,0,0.00695,0.003475,0,D6153370,PXMG,07/19/2026 9:56:45 PM,FDM406,8M6HM2_HVF,8M6HM2_HVF,09/07/2026 6:22:46 PM,8M6HM2_HVF,D1D,4,8405772
D615337,63,KJD9W063WFD1,0,0.032317,0.035097,0.022587,0.004517,0.01668,0,0,0,0.001737,0,0,0.02085,0.008687,0,D6153370,PXMG,07/19/2026 9:56:45 PM,FDM406,8M6HM2_HVF,8M6HM2_HVF,09/07/2026 5:45:05 PM,8M6HM2_HVF,D1D,5,8405767
D615285,148,A2BNK148SLA4,0,0.005195,0.010391,0,0,0.003464,0,0,0,0.008659,0,0,0.006927,0,,D6152850,PNCB,07/27/2026 3:25:03 AM,FDM406,8M6HM2_HVF,8M6HM2_HVF,09/15/2026 12:03:06 PM,8M6HM2_HVF,D1D,1,8384249
D615285,149,A2BNK149SLE6,0,0.010775,0.027323,0.001732,0,0.001732,0,0.001732,0,0.001732,0,0,0.005195,0,0,D6152850,PNCB,07/27/2026 3:25:03 AM,FDM406,8M6HM2_HVF,8M6HM2_HVF,09/15/2026 9:21:47 AM,8M6HM2_HVF,D1D,2,8384161
D615293,10,A2BDS010SLA5,0,0.015586,0.050914,0,0.001732,0.010044,0,0.001732,0,0.003117,0.001732,0,0.003464,0,0,D6152930,PNCB,08/06/2026 9:16:08 AM,FDM408,8M6HM2_HVF,8M6HM2_HVF,08/06/2026 9:55:08 AM,8M6HM2_HVF,D1D,1,8385537
D615293,15,A2BDS015SLH1,0,0.028681,0.027807,0.006138,0,0.003757,0,0.001879,0,0.01315,0.007144,0,0.018785,0.022542,0,D6152930,PNCB,08/06/2026 9:16:08 AM,FDM408,8M6HM2_HVF,8M6HM2_HVF,08/06/2026 9:53:05 AM,8M6HM2_HVF,D1D,2,8385545
D615293,17,A2BDS017SLA7,0,0.017318,0.020781,0.005195,0.001732,0.015586,0,0,0,0.008659,0.003464,0,0.001732,0.008659,,D6152930,PNCB,08/06/2026 3:38:43 PM,FDM408,8M6HM2_HVF,8M6HM2_HVF,08/06/2026 4:15:51 PM,8M6HM2_HVF,D1D,3,8385673
D615293,18,A2BDS018SLF1,0,0.014151,0.023008,0,0,0.007125,0,0,0,0.007125,0.001781,0,0.005344,0.012469,0,D6152930,PNCB,08/06/2026 3:38:43 PM,FDM408,8M6HM2_HVF,8M6HM2_HVF,08/06/2026 4:14:24 PM,8M6HM2_HVF,D1D,4,8385514
D615293,23,A2BDS023SLD1,0,0.027323,0.052658,0.003977,0.001988,0.005965,0,0,0,0.00744,0.003977,0,0.01193,0.005965,0,D6152930,PNCB,08/06/2026 3:38:43 PM,FDM408,8M6HM2_HVF,8M6HM2_HVF,08/06/2026 4:17:22 PM,8M6HM2_HVF,D1D,5,8385576
D624275,3,A2MT6003SLA2,0,0.032752,0.019651,0,0.001638,0.024564,0,0.003275,0,0.003275,0,0,0,0,,D6242750,PR8B,08/12/2026 12:42:47 PM,FDM404,8M6HM2_HVF,8M6HM2_HVF,08/12/2026 2:04:15 PM,8M6HM2_HVF,D1D,1,8744312
D624275,19,A2MT6019SLA6,0,0.019324,0.019324,0,0,0.006878,0,0,0,0.003603,0,0,0,0,0,D6242750,PR8B,08/12/2026 12:42:47 PM,FDM404,8M6HM2_HVF,8M6HM2_HVF,08/12/2026 2:18:44 PM,8M6HM2_HVF,D1D,2,8744301
D623255,101,A2KDD101SLD3,0,0.012122,0.034635,0,0,0.006927,0,0,0,0.003464,0,0,0.001732,0.003464,,D6232550,PNCB,08/18/2026 1:21:13 PM,FDM410,8M6HM2_HVF,8M6HM2_HVF,08/18/2026 2:45:10 PM,8M6HM2_HVF,D1D,1,8728139
D623255,107,A2KDD107SLG6,0,0.012122,0.012122,0,0.001732,0.025976,0,0,0,0,0,0,0.001732,0.001732,,D6232550,PNCB,08/18/2026 1:21:13 PM,FDM410,8M6HM2_HVF,8M6HM2_HVF,08/18/2026 2:46:41 PM,8M6HM2_HVF,D1D,2,8728151
D623255,109,A2KDD109SLA4,0,0.006927,0.012122,0.003464,0,0.003464,0,0.003464,0,0,0,0,0.003464,0.001732,,D6232550,PNCB,08/18/2026 1:21:13 PM,FDM410,8M6HM2_HVF,8M6HM2_HVF,08/18/2026 2:44:18 PM,8M6HM2_HVF,D1D,3,8728099
D623255,112,A2KDD112SLE6,0,0.005195,0.017318,0,0,0.001732,0,0,0,0,0.001732,0,0,0,,D6232550,PNCB,08/18/2026 1:21:13 PM,FDM410,8M6HM2_HVF,8M6HM2_HVF,08/18/2026 2:47:26 PM,8M6HM2_HVF,D1D,4,8728088
D623255,113,A2KDD113SLB5,0,0.023206,0.005599,0.001934,0,0.063815,0,0.003868,0,0.013537,0.003868,0,0.001934,0,0,D6232550,PNCB,08/18/2026 1:21:13 PM,FDM410,8M6HM2_HVF,8M6HM2_HVF,08/18/2026 2:49:28 PM,8M6HM2_HVF,D1D,5,8728113
D623255,115,A2KDD115SLC6,0,0.006927,0.003464,0,0,0.015586,0,0.003464,0,0.005195,0,0,0.005195,0.003464,,D6232550,PNCB,08/18/2026 1:21:13 PM,FDM410,8M6HM2_HVF,8M6HM2_HVF,08/18/2026 2:50:33 PM,8M6HM2_HVF,D1D,6,8728100
D624278,5,A2NL7005SLB6,0,0.023254,0.017195,0,0.003766,0.004913,0,0.001638,0,0.001638,0,0,0.008188,0.001638,0,D6242780,PR8B,08/21/2026 3:06:45 AM,FDM410,8M6HM2_HVF,8M6HM2_HVF,08/21/2026 3:36:41 AM,8M6HM2_HVF,D1D,1,8744553
D624278,6,A2NL7006SLG0,0,0.014738,0.008188,0,0.001638,0.001638,0,0,0,0.003275,0,0,0.001638,0.004913,,D6242780,PR8B,08/21/2026 3:06:45 AM,FDM410,8M6HM2_HVF,8M6HM2_HVF,08/21/2026 3:35:04 AM,8M6HM2_HVF,D1D,2,8744578
D624276,2,A2KDE002SLB4,0,0.021697,0.011683,0.003338,0.001669,0,0,0.005841,0,0.005007,0.004172,0,0,0,0,D6242760,PR8B,08/31/2026 9:29:15 AM,FDM404,8M6HM2_HVF,8M6HM2_HVF,08/31/2026 10:00:08 AM,8M6HM2_HVF,D1D,1,8744350
D624276,5,A2KDE005SLG7,0,0.019694,0.042726,0,0,0.008345,0,0.006676,0,0.009346,0,0,0.001669,0.003338,0,D6242760,PR8B,08/31/2026 9:29:15 AM,FDM404,8M6HM2_HVF,8M6HM2_HVF,08/31/2026 9:58:48 AM,8M6HM2_HVF,D1D,2,8744406
D623222,2,A2KEK002SLG6,0,0.012356,0.031773,0.00353,0,0,0,0.001765,0,0.00353,0,0,0.012356,0.001765,,D6232220,PNCB,09/02/2026 6:45:27 AM,FDM402,8M6HM2_HVF,8M6HM2_HVF,09/02/2026 7:08:22 AM,8M6HM2_HVF,D1D,1,8718565
D623222,3,A2KEK003SLD5,0,0.017652,0.022947,0.001765,0,0.005295,0,0,0,0.00353,0,0,0.014121,0.001765,,D6232220,PNCB,09/02/2026 6:45:27 AM,FDM402,8M6HM2_HVF,8M6HM2_HVF,09/02/2026 7:09:54 AM,8M6HM2_HVF,D1D,2,8718631
D623240,56,A2KDD056SLD6,0,0.056044,0.382554,0,0,0.011209,0,0,0,0.00737,0,0,0,0,0,D6232400,PNCB,09/02/2026 9:53:25 AM,FDM406,8M6HM2_HVF,8M6HM2_HVF,09/02/2026 10:16:44 AM,8M6HM2_HVF,D1D,1,8724486
D623240,61,A2KDD061SLB6,0,0.060501,0.547375,0.007634,0,0,0,0.007634,0,0,0,0,0,0.022903,0,D6232400,PNCB,09/02/2026 9:53:25 AM,FDM406,8M6HM2_HVF,8M6HM2_HVF,09/02/2026 10:17:57 AM,8M6HM2_HVF,D1D,2,8724421
D623217,23,KJG0Q023WFF6,0,0.023174,0.056956,0,0,0.002606,0,0,0,0.01033,0.012844,0,0,0,0,D6232170,PNCB,09/05/2026 1:01:17 PM,FDM402,8M6HM2_HVF,8M6HM2_HVF,09/05/2026 3:00:17 PM,8M6HM2_HVF,D1D,1,8718558
D623217,24,KJG0Q024WFC5,0,0.008826,0.037068,0.001765,0,0,0,0,0,0.005295,0,0,0,0,,D6232170,PNCB,09/05/2026 1:01:17 PM,FDM402,8M6HM2_HVF,8M6HM2_HVF,09/05/2026 2:59:08 PM,8M6HM2_HVF,D1D,2,8718608
D624335,7,A2LKJ007SLD2,0,0.012356,0.005295,0,0,0,0,0,0,0,0.001765,0,0,0,,D6243350,PNCB,09/03/2026 7:18:41 PM,FDM402,8M6HM2_HVF,8M6HM2_HVF,09/03/2026 7:45:08 PM,8M6HM2_HVF,D1D,1,8759311
D624335,8,A2LKJ008SLA1,0,0.00353,0.012356,0,0,0.001765,0,0,0,0.001765,0,0,0,0.00353,,D6243350,PNCB,09/03/2026 7:18:41 PM,FDM402,8M6HM2_HVF,8M6HM2_HVF,09/03/2026 11:24:54 PM,8M6HM2_HVF,D1D,2,8759231
D623248,20,KJG0L020WFF7,0,0.008826,0.026477,0,0.001765,0.007061,0,0.005295,0,0.007061,0,0,0.001765,0.008826,,D6232480,PNCB,09/03/2026 3:04:51 AM,FDM402,8M6HM2_HVF,8M6HM2_HVF,09/03/2026 3:32:59 AM,8M6HM2_HVF,D1D,1,8724498
D623248,32,KJG0L032WFE1,0,0.005295,0.015886,0,0.001765,0.007061,0,0,0,0,0,0,0,0.001765,,D6232480,PNCB,09/03/2026 3:04:51 AM,FDM402,8M6HM2_HVF,8M6HM2_HVF,09/03/2026 3:33:48 AM,8M6HM2_HVF,D1D,2,8724662
D623243,245,5DYAI245MVB7,0,0.017318,0.005195,0,0,0.017318,0,0.006927,0,0.003464,0.001732,0,0.001732,0,,D6232430,PNCB,09/07/2026 2:18:24 PM,FDM410,8M6HM2_HVF,8M6HM2_HVF,09/07/2026 2:43:30 PM,8M6HM2_HVF,D1D,1,8724776
D623243,264,5DYAI264MVG5,0,0.006185,0.014102,0.001732,0,0.005195,0,0.003464,0,0.001732,0,0,0,0.003958,0,D6232430,PNCB,09/07/2026 2:18:24 PM,FDM410,8M6HM2_HVF,8M6HM2_HVF,09/07/2026 2:45:11 PM,8M6HM2_HVF,D1D,2,8724873
D624281,4,MCRYW004WAE6,0,0.010153,0.012773,0,0,0,0,0.016048,0,0,0.001965,0,0,0.003275,0,D6242810,PR8B,09/09/2026 8:37:24 AM,FDM410,8M6HM2_HVF,8M6HM2_HVF,09/09/2026 9:17:25 AM,8M6HM2_HVF,D1D,1,8744850
D624281,55,MCRYW055WAC0,0,0.014738,0.016376,0.001638,0,0.003275,0,0.009826,0,0.001638,0.00655,0,0,0,,D6242810,PR8B,09/09/2026 8:37:24 AM,FDM410,8M6HM2_HVF,8M6HM2_HVF,09/09/2026 9:15:29 AM,8M6HM2_HVF,D1D,2,8744836
D623195,573,MCU4K573WAG2,0,0.031377,0.051404,0.001669,0,0,0,0,0,0.001669,0.00701,0,0.008679,0.005007,0,D6231950,PR8B,09/09/2026 2:13:56 AM,FDM406,8M6HM2_HVF,8M6HM2_HVF,09/09/2026 2:40:45 AM,8M6HM2_HVF,D1D,1,8713113
D623195,598,MCU4K598WAH0,0,0.008345,0.020028,0.005007,0,0,0,0,0,0.001669,0.001669,0,0.001669,0.005007,,D6231950,PR8B,09/09/2026 2:13:56 AM,FDM406,8M6HM2_HVF,8M6HM2_HVF,09/09/2026 2:42:08 AM,8M6HM2_HVF,D1D,2,8713001
D623236,26,A2KDD026SLF0,0,0.010591,0.005295,0,0,0.001765,0,0.001765,0,0,0,0,0,0.001765,,D6232360,PNCB,09/09/2026 3:11:04 PM,FDM404,8M6HM2_HVF,8M6HM2_HVF,09/09/2026 3:44:11 PM,8M6HM2_HVF,D1D,1,8722248
D623236,27,A2KDD027SLB7,0,0.007061,0.014121,0.001765,0.001765,0.010591,0,0,0,0,0.00353,0,0.005295,0,,D6232360,PNCB,09/09/2026 3:11:04 PM,FDM404,8M6HM2_HVF,8M6HM2_HVF,09/09/2026 3:43:41 PM,8M6HM2_HVF,D1D,2,8722281
D624367,610,KJG7J610WFB5,0,0.008826,0.005295,0,0,0.00353,0,0.00353,0,0.007061,0,0,0,0,,D6243670,PNCB,09/12/2026 3:39:44 AM,FDM406,8M6HM2_HVF,8M6HM2_HVF,09/12/2026 4:06:38 AM,8M6HM2_HVF,D1D,1,8767510
D624367,625,KJG7J625WFF2,0,0.005295,0.007061,0,0,0.001765,0,0.001765,0,0.001765,0.001765,0,0.001765,0.005295,,D6243670,PNCB,09/12/2026 3:39:44 AM,FDM406,8M6HM2_HVF,8M6HM2_HVF,09/12/2026 4:06:03 AM,8M6HM2_HVF,D1D,2,8767435
D624337,33,A2KH1033SLB5,0,0.012709,0.037421,0,0.001765,0.001765,0,0.00353,0,0.001765,0.002824,0,0.001765,0,0,D6243370,PNCB,09/12/2026 12:58:07 AM,FDM410,8M6HM2_HVF,8M6HM2_HVF,09/12/2026 1:31:52 AM,8M6HM2_HVF,D1D,1,8759604
D624337,35,A2KH1035SLC6,0,0.01518,0.021182,0.00353,0,0.001765,0,0.006002,0,0.00353,0,0,0,0,0,D6243370,PNCB,09/12/2026 12:58:07 AM,FDM410,8M6HM2_HVF,8M6HM2_HVF,09/12/2026 1:33:37 AM,8M6HM2_HVF,D1D,2,8759479
D624353,28,A2RK3028SLE3,0,0.008826,0.014121,0.001765,0,0,0,0,0,0,0.001765,0,0.005295,0,,D6243530,PNCB,09/12/2026 2:11:33 AM,FDM402,8M6HM2_HVF,8M6HM2_HVF,09/12/2026 2:52:06 AM,8M6HM2_HVF,D1D,1,8762914
D624353,29,A2RK3029SLB2,0,0.007061,0.010591,0,0,0.007061,0,0.001765,0,0.00353,0.007061,0,0.00353,0.001765,,D6243530,PNCB,09/12/2026 2:11:33 AM,FDM402,8M6HM2_HVF,8M6HM2_HVF,09/12/2026 2:51:32 AM,8M6HM2_HVF,D1D,2,8762871
D624343,2,KJG0M002WFF6,0,0.030008,0.014121,0.001765,0.00353,0.047659,0,0,0,0.00353,0,0,0.007061,0.012356,,D6243430,PNCB,09/11/2026 11:33:31 PM,FDM404,8M6HM2_HVF,8M6HM2_HVF,09/12/2026 12:12:36 AM,8M6HM2_HVF,D1D,1,8759626
D624343,35,KJG0M035WFC4,0,0.005295,0.007061,0.005295,0.001765,0.010591,0,0.001765,0,0.001765,0.00353,0,0.012356,0.008826,,D6243430,PNCB,09/11/2026 11:33:31 PM,FDM404,8M6HM2_HVF,8M6HM2_HVF,09/12/2026 12:10:23 AM,8M6HM2_HVF,D1D,2,8759572
D625484,29,A2QCG029SLF0,0,0.026477,0.088258,0.001765,0,0.007061,0,0.00353,0,0.005295,0.001765,0,0,0.001765,,D6254840,PNCB,09/12/2026 9:29:52 AM,FDM402,8M6HM2_HVF,8M6HM2_HVF,09/12/2026 9:57:36 AM,8M6HM2_HVF,D1D,1,8810456
D625484,128,A2PH3128SLF4,0,0.049027,0.174618,0,0,0,0,0.002339,0,0.007016,0,0,0,0,0,D6254840,PNCB,09/12/2026 9:29:52 AM,FDM402,8M6HM2_HVF,8M6HM2_HVF,09/12/2026 9:59:06 AM,8M6HM2_HVF,D1D,2,8810546
D623242,250,KJFWP250WFB4,0,0.014864,0.027592,0.001858,0.001858,0.012914,0,0,0,0,0.005574,0,0.011148,0.001858,0,D6232420,PNCB,09/12/2026 7:35:15 PM,FDM402,8M6HM2_HVF,8M6HM2_HVF,09/12/2026 8:09:09 PM,8M6HM2_HVF,D1D,1,8724518
D623242,254,KJFWP254WFD6,0,0.008826,0.014121,0.00353,0.001765,0.007061,0,0.005295,0,0.008826,0.001765,0,0.012356,0.007061,,D6232420,PNCB,09/12/2026 7:35:15 PM,FDM402,8M6HM2_HVF,8M6HM2_HVF,09/12/2026 8:05:03 PM,8M6HM2_HVF,D1D,2,8724589
D624304,786,MCRKF786WAC1,0,0.016189,0.027538,0.002837,0.001669,0.001669,0,0.006175,0,0.017357,0.003338,0,0.001669,0,0,D6243040,PR8B,09/08/2026 2:24:51 AM,FDM406,8M6HM2_HVF,8M6HM2_HVF,09/08/2026 2:53:11 AM,8M6HM2_HVF,D1D,1,8750260
D624304,792,MCRKF792WAE3,0,0.045,0.032242,0.003859,0.00193,0.007719,0,0.00193,0,0.00193,0.003859,0,0,0,0,D6243040,PR8B,09/08/2026 2:24:51 AM,FDM406,8M6HM2_HVF,8M6HM2_HVF,09/08/2026 2:54:50 AM,8M6HM2_HVF,D1D,2,8750374
D624282,263,MCRKJ263WAB0,0,0.021289,0.016376,0.001638,0,0,0,0.00655,0,0,0,0,0.001638,0.001638,,D6242820,PR8B,09/08/2026 1:06:20 PM,FDM410,8M6HM2_HVF,8M6HM2_HVF,09/08/2026 1:58:28 PM,8M6HM2_HVF,D1D,1,8745077
D624282,272,MCRKJ272WAB2,0,0.059033,0.088045,0.002523,0,0,0,0.005046,0,0.010091,0.009334,0,0.002523,0.010091,0,D6242820,PR8B,09/08/2026 1:06:20 PM,FDM410,8M6HM2_HVF,8M6HM2_HVF,09/08/2026 2:00:06 PM,8M6HM2_HVF,D1D,2,8745089
D623237,39,A2NES039SLH0,0,0.010591,0.010591,0.001765,0,0,0,0.001765,0,0,0,0,0,0,,D6232370,PNCB,09/11/2026 6:17:10 AM,FDM410,8M6HM2_HVF,8M6HM2_HVF,09/11/2026 6:41:03 AM,8M6HM2_HVF,D1D,1,8722180
D623237,40,A2NES040SLC6,0,0.00353,0.005295,0,0,0.001765,0,0,0,0.005295,0.005295,0,0,0.005295,,D6232370,PNCB,09/11/2026 6:17:10 AM,FDM410,8M6HM2_HVF,8M6HM2_HVF,09/11/2026 6:42:03 AM,8M6HM2_HVF,D1D,2,8722157
D623234,3,A2KDE003SLF6,0,0.007414,0.02683,0.001765,0,0.001765,0,0.007414,0,0,0.004236,0,0.007061,0,0,D6232340,PNCB,09/11/2026 3:25:46 AM,FDM410,8M6HM2_HVF,8M6HM2_HVF,09/11/2026 4:02:16 AM,8M6HM2_HVF,D1D,1,8721937
D623234,5,A2JU2005SLE5,0,0.022947,0.012356,0.00353,0,0.005295,0,0.005295,0,0.00353,0,0,0.017652,0.001765,,D6232340,PNCB,09/11/2026 3:25:46 AM,FDM410,8M6HM2_HVF,8M6HM2_HVF,09/11/2026 4:00:40 AM,8M6HM2_HVF,D1D,2,8722004
D623220,151,A2JJZ151SLG0,0,0.015886,0.012356,0,0,0,0,0.001765,0,0.001765,0,0,0,0,,D6232200,PNCB,09/10/2026 7:46:00 PM,FDM410,8M6HM2_HVF,8M6HM2_HVF,09/10/2026 8:09:12 PM,8M6HM2_HVF,D1D,1,8718485
D623220,155,A2JJZ155SLA7,0,0.00353,0.028046,0,0,0.001765,0,0.00353,0,0.00353,0,0,0,0.007257,0,D6232200,PNCB,09/10/2026 7:46:00 PM,FDM410,8M6HM2_HVF,8M6HM2_HVF,09/10/2026 8:10:29 PM,8M6HM2_HVF,D1D,2,8718357
D623239,62,MCT3B062WAB0,0,0.005295,0.007061,0,0,0,0,0.007061,0,0.001765,0,0,0,0,,D6232390,PNCB,09/11/2026 4:33:43 AM,FDM410,8M6HM2_HVF,8M6HM2_HVF,09/11/2026 5:21:27 AM,8M6HM2_HVF,D1D,1,8724236
D623239,63,MCT3B063WAF2,0,0.004088,0.023159,0,0,0.006132,0,0.008627,0,0.004088,0.006583,0,0,0.002044,0,D6232390,PNCB,09/11/2026 4:33:43 AM,FDM410,8M6HM2_HVF,8M6HM2_HVF,09/11/2026 5:22:45 AM,8M6HM2_HVF,D1D,2,8724168
D624331,11,A2MHP011SLG7,0,0.00353,0.033538,0,0,0.007061,0,0.001765,0,0.008826,0,0,0.001765,0.001765,0,D6243310,PNCB,09/11/2026 6:06:27 AM,FDM410,8M6HM2_HVF,8M6HM2_HVF,09/11/2026 6:33:26 AM,8M6HM2_HVF,D1D,1,8756000
D624331,51,A2NES051SLE1,0,0.005649,0.020123,0,0.008826,0.015886,0,0.00353,0,0.005295,0,0,0.010591,0.044835,0,D6243310,PNCB,09/11/2026 6:06:27 AM,FDM410,8M6HM2_HVF,8M6HM2_HVF,09/11/2026 6:31:51 AM,8M6HM2_HVF,D1D,2,8756107
D625429,9,A30Q1009SLF0,0,0.00353,0.024712,0,0,0.010591,0,0.00353,0,0.00353,0,0,0.001765,0.001765,,D6254290,PNCB,09/11/2026 4:33:44 AM,FDM402,8M6HM2_HVF,8M6HM2_HVF,09/11/2026 5:12:39 AM,8M6HM2_HVF,D1D,1,8794566
D625429,11,A30Q1011SLF0,0,0.008826,0.026477,0.001765,0,0,0,0,0,0.001765,0,0,0.001765,0.001765,,D6254290,PNCB,09/11/2026 4:33:44 AM,FDM402,8M6HM2_HVF,8M6HM2_HVF,09/11/2026 5:11:19 AM,8M6HM2_HVF,D1D,2,8794433
D624319,30,KJG0L030WFD0,0,0.016239,0.034597,0,0,0.00353,0,0.001765,0,0.001765,0.005649,0,0,0.001765,0,D6243190,PNCB,09/11/2026 2:41:39 AM,FDM404,8M6HM2_HVF,8M6HM2_HVF,09/11/2026 3:15:04 AM,8M6HM2_HVF,D1D,1,8753103
D624319,133,KJG0L133WFA1,0,0.008826,0.030008,0,0,0.001765,0,0.001765,0,0.00353,0.00353,0,0,0.001765,,D6243190,PNCB,09/11/2026 2:41:39 AM,FDM404,8M6HM2_HVF,8M6HM2_HVF,09/11/2026 3:13:18 AM,8M6HM2_HVF,D1D,2,8753067
D624375,657,KJG7K657WFF4,0,0.011297,0.025771,0,0,0.010944,0,0,0,0,0.015533,0,0,0.005295,0,D6243750,PNCB,09/11/2026 6:49:15 PM,FDM406,8M6HM2_HVF,8M6HM2_HVF,09/11/2026 9:56:30 PM,8M6HM2_HVF,D1D,1,8769425
D624375,660,KJG7K660WFC3,0,0.00353,0.001765,0,0,0.005295,0,0,0,0.00353,0,0,0,0.001765,,D6243750,PNCB,09/11/2026 6:49:15 PM,FDM406,8M6HM2_HVF,8M6HM2_HVF,09/11/2026 9:56:23 PM,8M6HM2_HVF,D1D,2,8769393
D623223,13,A2KEK013SLA6,0,0.005295,0.019417,0,0.001765,0.015886,0,0,0,0.005295,0.005295,0,0.008826,0.005295,,D6232230,PNCB,09/11/2026 5:18:05 PM,FDM406,8M6HM2_HVF,8M6HM2_HVF,09/11/2026 6:14:15 PM,8M6HM2_HVF,D1D,1,8718675
D623223,15,A2KEK015SLB7,0,0.005295,0.012356,0,0.001765,0.001765,0,0.001765,0,0.00353,0,0,0.00353,0.00353,,D6232230,PNCB,09/11/2026 5:18:05 PM,FDM406,8M6HM2_HVF,8M6HM2_HVF,09/11/2026 6:10:31 PM,8M6HM2_HVF,D1D,2,8718633
D624363,315,MCU4P315WAG1,0,0.008826,0.005295,0,0,0.019417,0,0.005295,0,0.00353,0,0,0,0.00353,,D6243630,PNCB,09/11/2026 12:28:31 AM,FDM402,8M6HM2_HVF,8M6HM2_HVF,09/11/2026 1:19:40 AM,8M6HM2_HVF,D1D,1,8767873
D624363,321,MCU4P321WAB0,0,0.008826,0.00353,0.00353,0.00353,0.001765,0,0,0,0.001765,0.001765,0,0.005295,0.012356,,D6243630,PNCB,09/11/2026 12:28:31 AM,FDM402,8M6HM2_HVF,8M6HM2_HVF,09/11/2026 1:17:56 AM,8M6HM2_HVF,D1D,2,8767856
D624306,128,HQ3SF128JKH0,0,0.015855,0.013352,0.00751,0.001669,0.001669,0,0.006676,0,0.005007,0.006676,0,0.008345,0.001669,0,D6243060,PR8B,09/06/2026 7:43:06 PM,FDM406,8M6HM2_HVF,8M6HM2_HVF,09/06/2026 8:11:03 PM,8M6HM2_HVF,D1D,1,8749684
D624306,194,HQ3SF194JKG6,0,0.019861,0.023199,0.001669,0,0.003839,0,0.006676,0,0.003338,0.007677,0,0,0.003839,0,D6243060,PR8B,09/06/2026 7:43:06 PM,FDM406,8M6HM2_HVF,8M6HM2_HVF,09/06/2026 8:12:34 PM,8M6HM2_HVF,D1D,2,8749536
D623181,592,KJG2Y592WFA6,0,0.032044,0.02904,0,0,0.008345,0,0.003338,0,0.011015,0.004673,0,0.001669,0.006676,0,D6231810,PR8B,09/06/2026 4:26:54 PM,FDM404,8M6HM2_HVF,8M6HM2_HVF,09/06/2026 4:58:57 PM,8M6HM2_HVF,D1D,1,8708252
D623181,647,KJG2Y647WFG0,0,0.060165,0.038874,0.007177,0.005203,0.01561,0,0,0,0.020813,0.010645,0,0,0.001734,0,D6231810,PR8B,09/06/2026 4:26:54 PM,FDM404,8M6HM2_HVF,8M6HM2_HVF,09/06/2026 5:00:16 PM,8M6HM2_HVF,D1D,2,8708168
D623177,126,HQ3SF126JKF7,0,0.030876,0.033379,0,0,0.006676,0,0.001669,0,0,0.001669,0,0.009179,0.010014,0,D6231770,PR8B,09/07/2026 12:37:41 AM,FDM402,8M6HM2_HVF,8M6HM2_HVF,09/07/2026 1:04:21 AM,8M6HM2_HVF,D1D,1,8707703
D623177,127,HQ3SF127JKC6,0,0.013352,0.030876,0,0,0.00751,0,0,0,0.006676,0.008345,0,0.021697,0,0,D6231770,PR8B,09/07/2026 12:37:41 AM,FDM402,8M6HM2_HVF,8M6HM2_HVF,09/07/2026 1:05:59 AM,8M6HM2_HVF,D1D,2,8707606
D623218,13,KJG0M013WFH1,0,0.005295,0.021182,0,0,0,0,0.001765,0,0.001765,0.005295,0,0,0,,D6232180,PNCB,09/09/2026 6:11:36 PM,FDM406,8M6HM2_HVF,8M6HM2_HVF,09/09/2026 6:46:34 PM,8M6HM2_HVF,D1D,1,8718626
D623218,14,KJG0M014WFE0,0,0.008826,0.010591,0.00353,0,0.014121,0,0.00353,0,0.00353,0.001765,0,0.008826,0.007061,,D6232180,PNCB,09/09/2026 6:11:36 PM,FDM406,8M6HM2_HVF,8M6HM2_HVF,09/09/2026 6:45:43 PM,8M6HM2_HVF,D1D,2,8718665
D623233,4,A2JU2004SLA3,0,0.011072,0.018374,0,0,0,0,0,0,0,0,0,0.003691,0.009227,0,D6232330,PNCB,09/10/2026 4:47:05 AM,FDM406,8M6HM2_HVF,8M6HM2_HVF,09/10/2026 5:49:26 AM,8M6HM2_HVF,D1D,1,8722109
D623233,6,A2MGG006SLC4,0,0.005295,0.005295,0,0,0.019417,0,0,0,0.005295,0,0,0.001765,0.001765,,D6232330,PNCB,09/10/2026 4:47:05 AM,FDM406,8M6HM2_HVF,8M6HM2_HVF,09/10/2026 5:51:16 AM,8M6HM2_HVF,D1D,2,8722107
D623216,19,KJG0L019WFC6,0,0.008826,0.015886,0,0.001765,0.007061,0,0.005295,0,0.001765,0.005295,0,0,0.00353,,D6232160,PNCB,09/10/2026 1:16:31 PM,FDM410,8M6HM2_HVF,8M6HM2_HVF,09/10/2026 2:16:55 PM,8M6HM2_HVF,D1D,1,8718607
D623216,78,KJG0L078WFD3,0,0.00353,0.014121,0.001765,0,0.007061,0,0.00353,0,0.00353,0.001765,0,0.001765,0.019417,,D6232160,PNCB,09/10/2026 1:16:31 PM,FDM410,8M6HM2_HVF,8M6HM2_HVF,09/10/2026 2:18:16 PM,8M6HM2_HVF,D1D,2,8718645
D625420,692,5DYBT692MVA4,0,0.013352,0.006676,0.001669,0,0.001669,0,0.001669,0,0.001669,0,0,0,0,,D6254200,PR8B,09/13/2026 5:55:03 PM,FDM402,8M6HM2_HVF,8M6HM2_HVF,09/13/2026 6:20:55 PM,8M6HM2_HVF,D1D,1,8789882
D625420,698,5DYBT698MVD7,0,0.022531,0.029207,0.001669,0,0.011683,0,0.008345,0,0.001669,0,0,0,0.001669,0,D6254200,PR8B,09/13/2026 5:55:03 PM,FDM402,8M6HM2_HVF,8M6HM2_HVF,09/13/2026 6:20:09 PM,8M6HM2_HVF,D1D,2,8789936
D625411,15,MCRNQ015WAA3,0,0.013352,0.01669,0.001669,0,0.001669,0,0.001669,0,0.006676,0.001669,0,0,0,,D6254110,PR8B,09/13/2026 7:59:00 PM,FDM406,8M6HM2_HVF,8M6HM2_HVF,09/13/2026 8:23:46 PM,8M6HM2_HVF,D1D,1,8786519
D625411,60,MCRNQ060WAB5,0,0.011683,0.015021,0,0,0.001669,0,0,0,0.008345,0.001669,0,0.001669,0.001669,,D6254110,PR8B,09/13/2026 7:59:00 PM,FDM406,8M6HM2_HVF,8M6HM2_HVF,09/13/2026 8:22:33 PM,8M6HM2_HVF,D1D,2,8786624
D625396,485,KJEYK485WFH2,0,0.034214,0.00751,0,0,0.003338,0,0.006676,0,0.010848,0.004172,0,0.001669,0.008345,0,D6253960,PR8B,09/14/2026 3:25:25 AM,FDM404,8M6HM2_HVF,8M6HM2_HVF,09/14/2026 3:55:44 AM,8M6HM2_HVF,D1D,1,8785158
D625396,492,KJEYK492WFG3,0,0.026036,0.069095,0,0,0.006676,0,0.013352,0,0.003338,0.001669,0,0.010014,0.003338,0,D6253960,PR8B,09/14/2026 3:25:25 AM,FDM404,8M6HM2_HVF,8M6HM2_HVF,09/14/2026 3:57:29 AM,8M6HM2_HVF,D1D,2,8785148
D625395,32,GGCFA032MMG7,0,0.020361,0.019861,0,0,0.005007,0,0.008846,0,0.006008,0.001669,0,0,0,0,D6253950,PR8B,09/13/2026 7:34:48 PM,FDM410,8M6HM2_HVF,8M6HM2_HVF,09/13/2026 7:58:39 PM,8M6HM2_HVF,D1D,1,8784590
D625395,33,GGCFA033MMD6,0,0.019694,0.053741,0,0,0.001669,0,0.010014,0,0.006676,0,0,0.003338,0.003338,0,D6253950,PR8B,09/13/2026 7:34:48 PM,FDM410,8M6HM2_HVF,8M6HM2_HVF,09/13/2026 7:59:46 PM,8M6HM2_HVF,D1D,2,8784622
D624315,204,A2KKB204SLG0,0,0.011683,0.030041,0.005007,0.001669,0.006676,0,0.003338,0,0,0.006676,0,0,0.003338,0,D6243150,PR8B,09/14/2026 4:54:53 AM,FDM404,8M6HM2_HVF,8M6HM2_HVF,09/14/2026 5:20:28 AM,8M6HM2_HVF,D1D,1,8753325
D624315,205,A2KKB205SLC7,0,0.020228,0.037919,0,0,0.004339,0,0.006142,0,0.009012,0.003605,0,0.001802,0.005407,0,D6243150,PR8B,09/14/2026 4:54:53 AM,FDM404,8M6HM2_HVF,8M6HM2_HVF,09/14/2026 5:19:12 AM,8M6HM2_HVF,D1D,2,8753181
D623227,72,MCR6Q072WAB5,0,0.005295,0.017652,0,0,0.001765,0,0.007061,0,0,0,0,0,0.00353,,D6232270,PNCB,09/14/2026 4:05:56 PM,FDM410,8M6HM2_HVF,8M6HM2_HVF,09/14/2026 4:33:42 PM,8M6HM2_HVF,D1D,1,8721202
D623227,104,MCT3B104WAD6,0,0.00353,0.02383,0,0.001765,0.001765,0,0.006178,0,0.001765,0,0,0,0,0,D6232270,PNCB,09/14/2026 4:05:56 PM,FDM410,8M6HM2_HVF,8M6HM2_HVF,09/14/2026 4:32:50 PM,8M6HM2_HVF,D1D,2,8721228
D621566,15,KJCJG015WFC6,0,0.015932,0.03706,0,0.001732,0.003464,0,0.001732,0,0.008832,0.010737,0,0,0.005368,0,D6215660,PNCB,08/13/2026 4:46:22 AM,FDM408,8M6HM2_HVF,8M6HM2_HVF,08/13/2026 5:12:32 AM,8M6HM2_HVF,D1D,1,8645408
D621566,91,KJCJG091WFH0,0,0.027708,0.083125,0.006927,0,0.005195,0,0,0,0.006927,0,0,0,0.001732,,D6215660,PNCB,08/13/2026 4:46:22 AM,FDM408,8M6HM2_HVF,8M6HM2_HVF,08/13/2026 5:11:59 AM,8M6HM2_HVF,D1D,2,8645365
D621489,606,5DXWY606MVD1,0,0.025055,0.031769,0.001638,0,0.016376,0,0.006714,0,0.011463,0.003439,0,0.006714,0.001638,0,D6214890,PR8B,08/21/2026 7:39:02 PM,FDM408,8M6HM2_HVF,8M6HM2_HVF,08/21/2026 8:04:31 PM,8M6HM2_HVF,D1D,1,8625315
D621489,612,5DXWY612MVF3,0.00289,0.032559,0.030922,0.016087,0.016087,0,0,0.020229,0,0,0.00578,0,0,0.039206,0,D6214890,PR8B,08/21/2026 7:39:02 PM,FDM408,8M6HM2_HVF,8M6HM2_HVF,08/21/2026 8:06:02 PM,8M6HM2_HVF,D1D,2,8625364
D621506,6,5DXWH006MVC0,0.001638,0.018013,0.011463,0,0.001638,0.011463,0,0.001638,0,0.004913,0,0.001638,0,0.001638,,D6215060,PR8B,08/21/2026 11:44:18 AM,FDM410,8M6HM2_HVF,8M6HM2_HVF,08/21/2026 12:08:48 PM,8M6HM2_HVF,D1D,1,8630116
D621506,21,5DXWH021MVE4,0,0.011463,0.042577,0,0,0.008188,0,0.003275,0,0,0.004913,0,0.001638,0.001638,,D6215060,PR8B,08/21/2026 11:44:18 AM,FDM410,8M6HM2_HVF,8M6HM2_HVF,08/21/2026 12:07:22 PM,8M6HM2_HVF,D1D,2,8630100
D621564,6,A2HK2006SLE5,0,0.003464,0.012122,0,0,0.001732,0,0.001732,0,0.006927,0,0,0,0.001732,,D6215640,PNCB,08/19/2026 6:23:15 PM,FDM404,8M6HM2_HVF,8M6HM2_HVF,08/19/2026 6:50:57 PM,8M6HM2_HVF,D1D,1,8645189
D621564,7,A2HK2007SLB4,0,0.006927,0.006927,0,0,0.003464,0,0.001732,0,0.003464,0,0,0.003464,0.001732,,D6215640,PNCB,08/19/2026 6:23:15 PM,FDM404,8M6HM2_HVF,8M6HM2_HVF,08/19/2026 6:51:58 PM,8M6HM2_HVF,D1D,2,8645115
D621551,285,5DXSK285MVG3,0,0.022513,0.020781,0.001732,0,0.001732,0,0,0,0.006927,0,0,0,0,,D6215510,PNCB,08/26/2026 1:53:52 AM,FDM402,8M6HM2_HVF,8M6HM2_HVF,08/26/2026 2:20:19 AM,8M6HM2_HVF,D1D,1,8641974
D621551,306,5DXSK306MVD2,0,0.013854,0.015586,0,0,0.012122,0,0,0,0.001732,0,0,0,0,,D6215510,PNCB,08/26/2026 1:53:52 AM,FDM402,8M6HM2_HVF,8M6HM2_HVF,08/26/2026 2:21:45 AM,8M6HM2_HVF,D1D,2,8641987
D621516,40,A2HEF040SLB3,0.001869,0.011214,0.024089,0.007476,0.001869,0.003738,0,0.005607,0,0.001869,0.003634,0,0.001869,0.005607,0,D6215160,PNCB,08/28/2026 2:33:21 AM,FDM406,8M6HM2_HVF,8M6HM2_HVF,08/28/2026 2:59:05 AM,8M6HM2_HVF,D1D,1,8633528
D621516,46,A2HEF046SLE6,0,0.007061,0.010591,0.001765,0,0.00353,0,0.001765,0,0.005295,0,0,0.00353,0.005295,,D6215160,PNCB,08/28/2026 2:33:21 AM,FDM406,8M6HM2_HVF,8M6HM2_HVF,08/28/2026 2:57:27 AM,8M6HM2_HVF,D1D,2,8633513
D621480,8,A2GTK008SLD3,0,0.014738,0.011463,0,0.003275,0.00655,0,0.001638,0,0,0.001638,0,0.001638,0.001638,,D6214800,PR8B,08/28/2026 9:34:22 AM,FDM410,8M6HM2_HVF,8M6HM2_HVF,08/28/2026 10:00:37 AM,8M6HM2_HVF,D1D,1,8624639
D621480,100,A2GTK100SLF3,0,0.011463,0.009826,0.001638,0,0.014738,0,0.003275,0,0.003275,0,0,0.001638,0.003275,,D6214800,PR8B,08/28/2026 9:34:22 AM,FDM410,8M6HM2_HVF,8M6HM2_HVF,08/28/2026 9:59:32 AM,8M6HM2_HVF,D1D,2,8624690
D621899,626,HM8CM626JKB3,0,0.027839,0.013101,0.001638,0.001638,0.00655,0,0,0,0.001638,0,0,0.001638,0.004913,,D6218990,PR8B,08/28/2026 9:09:37 PM,FDM402,8M6HM2_HVF,8M6HM2_HVF,08/28/2026 9:32:49 PM,8M6HM2_HVF,D1D,1,8654452
D621899,683,HM8CM683JKA7,0,0.024891,0.028167,0,0,0.003275,0,0.00262,0,0.003275,0,0,0,0.003275,0,D6218990,PR8B,08/28/2026 9:09:37 PM,FDM402,8M6HM2_HVF,8M6HM2_HVF,08/28/2026 9:33:43 PM,8M6HM2_HVF,D1D,2,8654507
D621548,75,A2GPE075SLA4,0,0.022026,0.010898,0,0,0.005372,0,0.005526,0,0.001765,0,0,0.007368,0,0,D6215480,PNCB,08/24/2026 8:29:07 AM,FDM406,8M6HM2_HVF,8M6HM2_HVF,08/24/2026 8:58:44 AM,8M6HM2_HVF,D1D,1,8639501
D621548,77,A2GYQ077SLD5,0,0.008826,0.007061,0,0,0.005295,0,0.001765,0,0.008826,0,0,0.005295,0,,D6215480,PNCB,08/24/2026 8:29:07 AM,FDM406,8M6HM2_HVF,8M6HM2_HVF,08/24/2026 8:57:48 AM,8M6HM2_HVF,D1D,2,8639550
D621500,262,MCR6K262WAA4,0,0.032752,0.014738,0.003275,0.001638,0.016376,0,0.001638,0,0.011463,0,0,0.001638,0,,D6215000,PR8B,08/27/2026 9:38:30 AM,FDM402,8M6HM2_HVF,8M6HM2_HVF,08/27/2026 11:40:06 AM,8M6HM2_HVF,D1D,1,8627842
D621500,264,MCR6K264WAB5,0,0.03136,0.036569,0.00261,0,0.00783,0,0,0,0.00784,0.00784,0,0.01305,0.00262,0,D6215000,PR8B,08/27/2026 9:38:30 AM,FDM402,8M6HM2_HVF,8M6HM2_HVF,08/27/2026 11:41:36 AM,8M6HM2_HVF,D1D,2,8627780
D621493,467,MCR6R467WAA4,0,0.028372,0.022531,0,0,0.001669,0,0,0,0.003338,0,0,0.002503,0.003338,0,D6214930,PR8B,08/26/2026 9:32:50 PM,FDM406,8M6HM2_HVF,8M6HM2_HVF,08/26/2026 10:16:34 PM,8M6HM2_HVF,D1D,1,8627696
D621493,469,MCR6R469WAB5,0,0.021697,0.013352,0,0,0.003338,0,0.005007,0,0,0.001669,0,0,0.001669,,D6214930,PR8B,08/26/2026 9:32:50 PM,FDM406,8M6HM2_HVF,8M6HM2_HVF,08/26/2026 10:15:21 PM,8M6HM2_HVF,D1D,2,8627669
D621479,127,HP2FK127JKA3,0,0.019651,0.016376,0.001638,0.003275,0.009826,0,0.001638,0,0.018013,0.003275,0,0,0.001638,,D6214790,PR8B,08/29/2026 8:32:13 PM,FDM410,8M6HM2_HVF,8M6HM2_HVF,08/29/2026 9:04:48 PM,8M6HM2_HVF,D1D,1,8624543
D621479,128,HP2FK128JKE5,0,0.024891,0.023909,0.003275,0.001638,0.003275,0,0,0,0,0.00393,0,0.005568,0.00393,0,D6214790,PR8B,08/29/2026 8:32:13 PM,FDM410,8M6HM2_HVF,8M6HM2_HVF,08/29/2026 9:03:40 PM,8M6HM2_HVF,D1D,2,8624626
D621483,144,A2GUA144SLC6,0,0.016867,0.034062,0.003275,0.003275,0.00655,0,0.010808,0,0.004913,0,0,0,0.005404,0,D6214830,PR8B,08/23/2026 4:24:06 PM,FDM404,8M6HM2_HVF,8M6HM2_HVF,08/23/2026 4:49:33 PM,8M6HM2_HVF,D1D,1,8624928
D621483,152,A2GUA152SLG1,0,0.009272,0.02728,0.008674,0.007417,0.01364,0,0.00682,0,0.008674,0,0,0.030926,0.044504,0,D6214830,PR8B,08/23/2026 4:24:06 PM,FDM404,8M6HM2_HVF,8M6HM2_HVF,08/23/2026 4:51:39 PM,8M6HM2_HVF,D1D,2,8624966
D621503,574,5DXXR574MVF2,0,0.018669,0.011954,0.003439,0.001638,0.003275,0,0.003275,0,0,0.001801,0,0.006714,0.003275,0,D6215030,PR8B,08/24/2026 5:01:31 AM,FDM410,8M6HM2_HVF,8M6HM2_HVF,08/24/2026 5:35:55 AM,8M6HM2_HVF,D1D,1,8630252
D621503,585,5DXXR585MVG5,0,0.011954,0.012282,0.001801,0,0.001638,0,0.003275,0,0,0.001801,0,0.009826,0,0,D6215030,PR8B,08/24/2026 5:01:31 AM,FDM410,8M6HM2_HVF,8M6HM2_HVF,08/24/2026 5:34:49 AM,8M6HM2_HVF,D1D,2,8630373
D621800,493,5DXWX493MVC6,0,0.016376,0.021289,0,0,0.011463,0,0.004913,0,0.001638,0.001638,0,0.008188,0,,D6218000,PR8B,08/23/2026 7:04:40 PM,FDM408,8M6HM2_HVF,8M6HM2_HVF,08/23/2026 7:39:01 PM,8M6HM2_HVF,D1D,1,8652449
D621800,500,5DXWX500MVA2,0,0.013101,0.013101,0,0,0.003275,0,0,0,0.008188,0.001638,0,0.001638,0,,D6218000,PR8B,08/23/2026 7:04:40 PM,FDM408,8M6HM2_HVF,8M6HM2_HVF,08/23/2026 7:37:14 PM,8M6HM2_HVF,D1D,2,8652469
D621549,25,A2DY9025SLC2,0,0.010591,0.022947,0,0,0.008826,0,0.00353,0,0.005295,0,0,0.001765,0,,D6215490,PNCB,08/30/2026 1:32:28 AM,FDM404,8M6HM2_HVF,8M6HM2_HVF,08/30/2026 2:06:10 AM,8M6HM2_HVF,D1D,1,8639664
D621549,26,A2HEF026SLD1,0,0.005295,0.021182,0,0,0.007061,0,0,0,0.00353,0,0,0.005295,0.005295,,D6215490,PNCB,08/30/2026 1:32:28 AM,FDM404,8M6HM2_HVF,8M6HM2_HVF,08/30/2026 2:05:16 AM,8M6HM2_HVF,D1D,2,8639634
D621488,202,5DXYJ202MVE6,0,0.010014,0.018359,0.001669,0.001669,0.001669,0,0.006676,0,0.003338,0.001669,0,0.045062,0.001669,,D6214880,PR8B,08/31/2026 2:50:23 AM,FDM404,8M6HM2_HVF,8M6HM2_HVF,08/31/2026 3:29:35 AM,8M6HM2_HVF,D1D,1,8625322
D621488,226,5DXYJ226MVB2,0,0.022698,0.027705,0.001669,0,0.008345,0,0.008345,0,0.005007,0.006342,0,0.008345,0.006676,0,D6214880,PR8B,08/31/2026 2:50:23 AM,FDM404,8M6HM2_HVF,8M6HM2_HVF,08/31/2026 3:28:09 AM,8M6HM2_HVF,D1D,2,8625367
D621515,16,A2GTK016SLG6,0,0.003464,0.008659,0.001732,0,0.005195,0,0.005195,0,0.003464,0.001732,0,0.006927,0,,D6215150,PNCB,08/31/2026 12:25:11 PM,FDM410,8M6HM2_HVF,8M6HM2_HVF,08/31/2026 12:51:04 PM,8M6HM2_HVF,D1D,1,8633508
D621515,19,A2HEM019SLG5,0,0.007158,0.012661,0,0,0.023437,0,0,0,0.007081,0.001809,0,0.01801,0.025091,0,D6215150,PNCB,08/31/2026 12:25:11 PM,FDM410,8M6HM2_HVF,8M6HM2_HVF,08/31/2026 12:52:20 PM,8M6HM2_HVF,D1D,2,8633355
D621563,204,HM8TF204JKG2,0,0.005295,0.007061,0.001765,0,0.001765,0,0,0,0.001765,0,0,0,0.001765,,D6215630,PNCB,09/01/2026 3:35:20 PM,FDM402,8M6HM2_HVF,8M6HM2_HVF,09/01/2026 7:04:20 PM,8M6HM2_HVF,D1D,1,8644971
D621563,205,HM8TF205JKD1,0,0.014121,0.026477,0,0,0.001765,0,0.001765,0,0.001765,0.001765,0,0,0.005295,,D6215630,PNCB,09/01/2026 3:35:20 PM,FDM402,8M6HM2_HVF,8M6HM2_HVF,09/01/2026 7:03:55 PM,8M6HM2_HVF,D1D,2,8644920
D621542,2,HP1SJ002JKA3,0,0.008659,0.008659,0.001732,0,0.005195,0,0,0,0.001732,0,0,0.003464,0,,D6215420,PNCB,09/02/2026 8:43:06 AM,FDM410,8M6HM2_HVF,8M6HM2_HVF,09/02/2026 9:17:58 AM,8M6HM2_HVF,D1D,1,8639382
D621542,3,HP1SJ003JKE5,0,0.006927,0.013854,0.005195,0.003464,0.001732,0,0.003464,0,0.001732,0.001732,0,0.003464,0.010391,,D6215420,PNCB,09/02/2026 8:43:06 AM,FDM410,8M6HM2_HVF,8M6HM2_HVF,09/02/2026 9:19:17 AM,8M6HM2_HVF,D1D,2,8639413
D621542,4,HP1SJ004JKB4,0,0.012122,0.013854,0,0.001732,0.001732,0,0.003464,0,0.005195,0,0,0,0.003464,,D6215420,PNCB,09/02/2026 8:43:06 AM,FDM410,8M6HM2_HVF,8M6HM2_HVF,09/02/2026 9:20:31 AM,8M6HM2_HVF,D1D,3,8639380
D621542,5,HP1SJ005JKF6,0,0.021276,0.02845,0.001732,0,0.005195,0,0,0,0.013854,0.004948,0,0,0.002474,0,D6215420,PNCB,09/02/2026 8:43:06 AM,FDM410,8M6HM2_HVF,8M6HM2_HVF,09/02/2026 9:21:41 AM,8M6HM2_HVF,D1D,4,8639410
D621484,26,A2GYQ026SLG3,0,0.027121,0.005424,0.005424,0.005424,0.048817,0,0.01306,0,0.005424,0,0,0.077398,0.080611,0,D6214840,PR8B,09/01/2026 5:53:44 PM,FDM404,8M6HM2_HVF,8M6HM2_HVF,09/01/2026 7:04:02 PM,8M6HM2_HVF,D1D,1,8625070
D621484,43,A2GYQ043SLC5,0,0.022531,0.018526,0.001669,0.003338,0.006676,0,0.01235,0,0.003338,0,0,0.010014,0.010014,0,D6214840,PR8B,09/01/2026 5:53:44 PM,FDM404,8M6HM2_HVF,8M6HM2_HVF,09/01/2026 7:02:05 PM,8M6HM2_HVF,D1D,2,8625166
D621487,7,KJCJD007WFF5,0,0.031605,0.038483,0.003275,0.001638,0,0,0.011627,0,0,0.001638,0,0.00655,0.008352,0,D6214870,PR8B,09/05/2026 7:00:05 AM,FDM410,8M6HM2_HVF,8M6HM2_HVF,09/05/2026 7:42:12 AM,8M6HM2_HVF,D1D,1,8625269
D621487,20,KJCJD020WFH0,0,0.013101,0.012773,0.019651,0.00393,0.013756,0,0.007205,0,0.004913,0,0,0.05535,0.036354,0,D6214870,PR8B,09/05/2026 7:00:05 AM,FDM410,8M6HM2_HVF,8M6HM2_HVF,09/05/2026 7:41:32 AM,8M6HM2_HVF,D1D,2,8625226
D621507,258,5DXVW258MVE3,0,0.01936,0.016356,0.001669,0,0.005007,0,0.009346,0,0.003338,0,0,0,0.001669,0,D6215070,PR8B,09/05/2026 9:18:14 AM,FDM402,8M6HM2_HVF,8M6HM2_HVF,09/05/2026 9:47:27 AM,8M6HM2_HVF,D1D,1,8630203
D621507,259,5DXVW259MVB2,0,0.01711,0.025336,0.003553,0.001777,0.003553,0,0.004113,0,0.00589,0.002337,0,0,0.014773,0,D6215070,PR8B,09/05/2026 9:18:14 AM,FDM402,8M6HM2_HVF,8M6HM2_HVF,09/05/2026 9:45:48 AM,8M6HM2_HVF,D1D,2,8630185
D621531,26,A2DWL026SLA2,0,0,0.014121,0.005295,0,0.001765,0,0.010591,0,0.00353,0,0,0,0.00353,,D6215310,PNCB,09/05/2026 9:14:38 AM,FDM406,8M6HM2_HVF,8M6HM2_HVF,09/05/2026 9:37:47 AM,8M6HM2_HVF,D1D,1,8636297
D621531,41,A2DWL041SLC6,0,0.005548,0.013365,0,0,0.001765,0,0.005295,0,0.005295,0.0058,0,0.00353,0,0,D6215310,PNCB,09/05/2026 9:14:38 AM,FDM406,8M6HM2_HVF,8M6HM2_HVF,09/05/2026 9:37:29 AM,8M6HM2_HVF,D1D,2,8636321
D621481,9,A2HEM009SLC1,0,0.013852,0.025869,0.005174,0.001836,0.005007,0,0.005007,0,0.003338,0,0,0.003338,0.001669,0,D6214810,PR8B,09/04/2026 10:46:59 PM,FDM404,8M6HM2_HVF,8M6HM2_HVF,09/04/2026 11:14:52 PM,8M6HM2_HVF,D1D,1,8624732
D621481,10,A2HEM010SLF2,0,0.024685,0.034585,0,0,0.031467,0,0.010173,0,0.012342,0,0,0.003391,0.011868,0,D6214810,PR8B,09/04/2026 10:46:59 PM,FDM404,8M6HM2_HVF,8M6HM2_HVF,09/04/2026 11:13:27 PM,8M6HM2_HVF,D1D,2,8624754
D621532,4,KJCJL004WFD2,0,0.021476,0.020888,0.00353,0,0.005295,0,0.00353,0,0.00353,0.001765,0,0,0.00353,0,D6215320,PNCB,09/04/2026 11:37:27 PM,FDM404,8M6HM2_HVF,8M6HM2_HVF,09/05/2026 12:07:31 AM,8M6HM2_HVF,D1D,1,8636542
D621532,11,KJCJL011WFC3,0,0.014121,0.020299,0,0,0.00353,0,0.001765,0,0,0.005295,0,0.002648,0,0,D6215320,PNCB,09/04/2026 11:37:27 PM,FDM404,8M6HM2_HVF,8M6HM2_HVF,09/05/2026 12:08:25 AM,8M6HM2_HVF,D1D,2,8636469
D621527,492,MCR6R492WAA1,0,0.008826,0.014121,0.001765,0.00353,0.005295,0,0.001765,0,0.005295,0,0,0,0,,D6215270,PNCB,09/02/2026 7:38:57 PM,FDM402,8M6HM2_HVF,8M6HM2_HVF,09/02/2026 8:08:11 PM,8M6HM2_HVF,D1D,1,8635930
D621527,506,MCR6R506WAF2,0,0.007061,0.019417,0.001765,0,0.005295,0,0,0,0,0.001765,0,0.001765,0.005295,,D6215270,PNCB,09/02/2026 7:38:57 PM,FDM402,8M6HM2_HVF,8M6HM2_HVF,09/02/2026 8:06:45 PM,8M6HM2_HVF,D1D,2,8636027
D621529,119,HP1SJ119JKE2,0,0.014121,0.019417,0,0.005295,0.00353,0,0.005295,0,0,0.007061,0,0.007061,0.014121,,D6215290,PNCB,09/03/2026 2:46:55 AM,FDM404,8M6HM2_HVF,8M6HM2_HVF,09/03/2026 3:13:43 AM,8M6HM2_HVF,D1D,1,8636312
D621529,120,HP1SJ120JKA0,0,0.005295,0.031773,0,0.001765,0.010591,0,0.007061,0,0.015886,0.001765,0,0,0,0,D6215290,PNCB,09/03/2026 2:46:55 AM,FDM404,8M6HM2_HVF,8M6HM2_HVF,09/03/2026 3:14:54 AM,8M6HM2_HVF,D1D,2,8636303
D621505,85,A2GYQ085SLH0,0,0.026703,0.013352,0.003338,0,0.010014,0,0.001669,0,0.001669,0,0,0.001669,0.003338,,D6215050,PR8B,09/02/2026 11:27:55 PM,FDM402,8M6HM2_HVF,8M6HM2_HVF,09/02/2026 11:54:53 PM,8M6HM2_HVF,D1D,1,8630287
D621505,87,A2GYQ087SLA6,0,0.020695,0.023032,0,0,0.011683,0,0.001669,0,0.009346,0,0,0.003338,0.015354,0,D6215050,PR8B,09/02/2026 11:27:55 PM,FDM402,8M6HM2_HVF,8M6HM2_HVF,09/02/2026 11:53:41 PM,8M6HM2_HVF,D1D,2,8630242
D621561,77,A2HHJ077SLD4,0,0.012356,0.015886,0.001765,0,0.015886,0,0.00353,0,0.019417,0,0,0.001765,0.00353,,D6215610,PNCB,09/03/2026 2:57:01 PM,FDM402,8M6HM2_HVF,8M6HM2_HVF,09/03/2026 3:27:02 PM,8M6HM2_HVF,D1D,1,8642604
D621561,80,A2HGH080SLE0,0,0.005295,0.022947,0,0.001765,0.00353,0,0.001765,0,0.00353,0.00353,0,0,0.00353,,D6215610,PNCB,09/03/2026 2:57:01 PM,FDM402,8M6HM2_HVF,8M6HM2_HVF,09/03/2026 3:25:30 PM,8M6HM2_HVF,D1D,2,8642516
D621528,19,HP1SJ019JKF1,0,0.010591,0.05119,0.00353,0.007061,0.001765,0,0.005295,0,0.00353,0.00353,0,0.00353,0,,D6215280,PNCB,09/08/2026 3:51:57 PM,FDM406,8M6HM2_HVF,8M6HM2_HVF,09/08/2026 4:40:48 PM,8M6HM2_HVF,D1D,1,8635888
D621528,25,HP1SJ025JKA0,0,0.005295,0.019417,0.00353,0,0.001765,0,0,0,0.005295,0.005295,0,0.001765,0.001765,,D6215280,PNCB,09/08/2026 3:51:57 PM,FDM406,8M6HM2_HVF,8M6HM2_HVF,09/08/2026 4:41:50 PM,8M6HM2_HVF,D1D,2,8635884
D621497,222,KJFMK222WFB4,0.001638,0.008515,0.028822,0.00524,0,0,0,0.003275,0,0.001638,0,0,0.001638,0.004913,0,D6214970,PR8B,09/08/2026 4:13:21 PM,FDM410,8M6HM2_HVF,8M6HM2_HVF,09/08/2026 4:49:56 PM,8M6HM2_HVF,D1D,1,8627484
D621497,240,KJFMK240WFC0,0,0.010644,0.032752,0.003275,0,0.001638,0,0.003275,0,0.004094,0,0.001638,0,0.001638,0,D6214970,PR8B,09/08/2026 4:13:21 PM,FDM410,8M6HM2_HVF,8M6HM2_HVF,09/08/2026 4:51:37 PM,8M6HM2_HVF,D1D,2,8627432
D621534,480,MCR6R480WAB7,0,0.007061,0.005295,0.001765,0.00353,0.001765,0,0.012356,0,0.001765,0,0,0.001765,0.00353,,D6215340P,PNCB,09/08/2026 8:00:48 AM,FDM404,8M6HM2_HVF,8M6HM2_HVF,09/08/2026 8:26:39 AM,8M6HM2_HVF,D1D,1,9276584
D621534,505,MCR6R505WAB0,0,0.011822,0.018883,0.023645,0.005911,0.005911,0,0.018308,0,0.005911,0.020689,0,0.002956,0.023645,0,D6215340P,PNCB,09/08/2026 8:00:48 AM,FDM404,8M6HM2_HVF,8M6HM2_HVF,09/08/2026 8:27:54 AM,8M6HM2_HVF,D1D,2,9276595
D621518,258,KJD2K258WFA0,0,0.010591,0.021182,0.005295,0.00353,0.001765,0,0.008826,0,0.001765,0.001765,0,0.00353,0.015886,,D6215180,PNCB,09/08/2026 8:11:20 AM,FDM404,8M6HM2_HVF,8M6HM2_HVF,09/08/2026 8:36:26 AM,8M6HM2_HVF,D1D,1,8633744
D621518,259,KJD2K259WFE2,0,0.019417,0.026477,0.005295,0.005295,0.014121,0,0.010591,0,0.001765,0.005295,0,0.014121,0.014121,,D6215180,PNCB,09/08/2026 8:11:20 AM,FDM404,8M6HM2_HVF,8M6HM2_HVF,09/08/2026 8:37:40 AM,8M6HM2_HVF,D1D,2,8633791
D621511,257,KJD2K257WFD1,0,0.046147,0.229149,0.001919,0.001919,0,0,0,0,0.001919,0.003839,0,0.003839,0,0,D6215110,PR8B,09/10/2026 1:16:48 AM,FDM410,8M6HM2_HVF,8M6HM2_HVF,09/10/2026 1:52:44 AM,8M6HM2_HVF,D1D,1,8631395
D621511,266,KJD2K266WFD3,0,0.015021,0.026703,0.001669,0,0,0,0,0,0.006676,0,0,0,0,,D6215110,PR8B,09/10/2026 1:16:48 AM,FDM410,8M6HM2_HVF,8M6HM2_HVF,09/10/2026 1:51:34 AM,8M6HM2_HVF,D1D,2,8631326
D621482,7,A2GUA007SLF6,0,0.04089,0.038052,0,0,0.007844,0,0,0,0.001669,0,0,0,0,0,D6214820,PR8B,09/06/2026 2:27:19 AM,FDM406,8M6HM2_HVF,8M6HM2_HVF,09/06/2026 2:54:18 AM,8M6HM2_HVF,D1D,1,8624758
D621482,56,A2GUA056SLB7,0,0.025201,0.056244,0,0,0.006676,0,0.010181,0,0.005174,0.001669,0,0.001669,0.005007,0,D6214820,PR8B,09/06/2026 2:27:19 AM,FDM406,8M6HM2_HVF,8M6HM2_HVF,09/06/2026 2:55:30 AM,8M6HM2_HVF,D1D,2,8624818
D621546,79,A2EC7079SLG3,0,0.012356,0.012356,0,0,0.00353,0,0.001765,0,0.005295,0,0,0.014121,0.00353,,D6215460,PNCB,09/07/2026 8:22:46 PM,FDM404,8M6HM2_HVF,8M6HM2_HVF,09/07/2026 8:47:58 PM,8M6HM2_HVF,D1D,1,8639172
D621546,147,A2GYQ147SLE0,0,0.010591,0.022947,0,0.001765,0,0,0,0,0,0,0,0.010591,0.005295,,D6215460,PNCB,09/07/2026 8:22:46 PM,FDM404,8M6HM2_HVF,8M6HM2_HVF,09/07/2026 8:49:11 PM,8M6HM2_HVF,D1D,2,8639331
D621491,563,MCR6R563WAE6,0,0.027538,0.03171,0,0,0.012517,0,0,0,0,0,0,0,0.003338,0,D6214910,PR8B,09/07/2026 4:07:20 PM,FDM406,8M6HM2_HVF,8M6HM2_HVF,09/07/2026 4:51:11 PM,8M6HM2_HVF,D1D,1,8627531
D621491,574,MCR6R574WAG1,0,0.011683,0.015021,0,0,0.001669,0,0.003338,0,0,0,0,0,0.003338,,D6214910,PR8B,09/07/2026 4:07:20 PM,FDM406,8M6HM2_HVF,8M6HM2_HVF,09/07/2026 4:49:33 PM,8M6HM2_HVF,D1D,2,8627547
D621534,475,MCR6R475WAD7,0,0.00353,0.028243,0.001765,0,0.00353,0,0,0,0.005295,0,0,0,0,,D6215340,PNCB,09/07/2026 12:56:39 PM,FDM404,8M6HM2_HVF,8M6HM2_HVF,09/07/2026 1:27:05 PM,8M6HM2_HVF,D1D,1,8636320
D621534,485,MCR6R485WAB0,0,0.019196,0.025374,0,0,0.001765,0,0,0,0.00331,0.00331,0,0.001765,0,0,D6215340,PNCB,09/07/2026 12:56:39 PM,FDM404,8M6HM2_HVF,8M6HM2_HVF,09/07/2026 1:28:22 PM,8M6HM2_HVF,D1D,2,8636367
D621569,73,KJAYW073WFC1,0,0.011572,0.018044,0,0.001765,0.001765,0,0.00353,0,0.001961,0.005492,0,0,0.005295,0,D6215690,PNCB,09/07/2026 11:46:54 PM,FDM404,8M6HM2_HVF,8M6HM2_HVF,09/08/2026 12:14:38 AM,8M6HM2_HVF,D1D,1,8645596
D621569,74,KJAYW074WFG3,0,0.019064,0.0466,0.00353,0,0.005119,0,0.00353,0,0.001765,0.008649,0,0,0.00353,0,D6215690,PNCB,09/07/2026 11:46:54 PM,FDM404,8M6HM2_HVF,8M6HM2_HVF,09/08/2026 12:13:18 AM,8M6HM2_HVF,D1D,2,8645644
D621509,35,KJCJL035WFG2,0,0.064577,0.121061,0.00521,0,0,0,0.015631,0,0.00521,0.033314,0,0.015354,0,0,D6215090,PR8B,09/07/2026 10:26:57 AM,FDM404,8M6HM2_HVF,8M6HM2_HVF,09/07/2026 10:52:20 AM,8M6HM2_HVF,D1D,1,8631180
D621509,44,KJCJL044WFG4,0,0.01936,0.04089,0.001669,0,0,0,0.010014,0,0.003338,0.011015,0,0,0.005508,0,D6215090,PR8B,09/07/2026 10:26:57 AM,FDM404,8M6HM2_HVF,8M6HM2_HVF,09/07/2026 10:51:21 AM,8M6HM2_HVF,D1D,2,8631223
D621492,73,MCQQK073WAB5,0,0.030041,0.073435,0.005007,0.008345,0.005007,0,0.010014,0,0.005007,0.018359,0,0.008345,0.011683,0,D6214920,PR8B,09/11/2026 6:30:07 AM,FDM410,8M6HM2_HVF,8M6HM2_HVF,09/11/2026 6:58:10 AM,8M6HM2_HVF,D1D,1,8627470
D621492,98,MCQQK098WAC3,0,0.006008,0.021029,0.008345,0,0.001669,0,0.007677,0,0.004339,0.003338,0,0.00267,0.003338,0,D6214920,PR8B,09/11/2026 6:30:07 AM,FDM410,8M6HM2_HVF,8M6HM2_HVF,09/11/2026 6:59:47 AM,8M6HM2_HVF,D1D,2,8627517
D621514,8,A2HK2008SLF6,0,0.020695,0.023699,0.001669,0,0.008345,0,0.003672,0,0.001669,0.002003,0,0,0.010014,0,D6215140,PR8B,09/06/2026 3:48:35 PM,FDM406,8M6HM2_HVF,8M6HM2_HVF,09/06/2026 4:14:08 PM,8M6HM2_HVF,D1D,1,8633378
D621514,10,A2HK2010SLF6,0,0.01669,0.033379,0,0,0.001669,0,0.013352,0,0,0.006676,0,0,0.001669,0,D6215140,PR8B,09/06/2026 3:48:35 PM,FDM406,8M6HM2_HVF,8M6HM2_HVF,09/06/2026 4:15:37 PM,8M6HM2_HVF,D1D,2,8633362
D621490,2,MCR6K002WAE6,0,0.008345,0.01669,0.001669,0,0.005007,0,0.003338,0,0.003338,0.001669,0,0.006676,0.005007,,D6214900,PR8B,09/07/2026 5:06:54 AM,FDM402,8M6HM2_HVF,8M6HM2_HVF,09/07/2026 5:36:41 AM,8M6HM2_HVF,D1D,1,8627323
D621490,3,MCR6K003WAB5,0,0.044061,0.022865,0.006676,0.008345,0.001669,0,0.001669,0,0,0,0,0.013352,0.024868,0,D6214900,PR8B,09/07/2026 5:06:54 AM,FDM402,8M6HM2_HVF,8M6HM2_HVF,09/07/2026 5:35:27 AM,8M6HM2_HVF,D1D,2,8627328
D621494,572,KJ5MD572WFB5,0,0.015021,0.018359,0,0,0.023366,0,0.008345,0,0.003338,0.001669,0,0,0.005007,,D6214940,PR8B,09/10/2026 2:02:49 PM,FDM404,8M6HM2_HVF,8M6HM2_HVF,09/10/2026 2:30:20 PM,8M6HM2_HVF,D1D,1,8627821
D621494,589,KJ5MD589WFG3,0,0.010014,0.013352,0.001669,0,0.005007,0,0.015021,0,0.003338,0.001669,0,0,0,,D6214940,PR8B,09/10/2026 2:02:49 PM,FDM404,8M6HM2_HVF,8M6HM2_HVF,09/10/2026 2:31:55 PM,8M6HM2_HVF,D1D,2,8627778
D621517,1,A2DY9001SLF6,0,0.008826,0.015886,0.00353,0.007061,0.010591,0,0.001765,0,0.00353,0,0,0.001765,0.005295,,D6215170,PNCB,09/10/2026 2:14:06 PM,FDM404,8M6HM2_HVF,8M6HM2_HVF,09/10/2026 2:44:37 PM,8M6HM2_HVF,D1D,1,8633478
D621517,6,A2GVB006SLE7,0,0.010591,0.022947,0,0,0,0,0.001765,0,0.001765,0,0,0.001765,0.001765,,D6215170,PNCB,09/10/2026 2:14:06 PM,FDM404,8M6HM2_HVF,8M6HM2_HVF,09/10/2026 2:43:15 PM,8M6HM2_HVF,D1D,2,8633565
D621555,8,5DXXM008MVA5,0,0.008826,0.019417,0,0,0.001765,0,0.005295,0,0.00353,0,0,0.00353,0,,D6215550,PNCB,09/10/2026 3:20:22 AM,FDM406,8M6HM2_HVF,8M6HM2_HVF,09/10/2026 3:43:30 AM,8M6HM2_HVF,D1D,1,8642593
D621555,10,5DXXM010MVA5,0,0.012356,0.014121,0.00353,0,0,0,0.001765,0,0.001765,0,0,0,0.00353,,D6215550,PNCB,09/10/2026 3:20:22 AM,FDM406,8M6HM2_HVF,8M6HM2_HVF,09/10/2026 3:42:07 AM,8M6HM2_HVF,D1D,2,8642512
D621508,35,KJCJG035WFE3,0,0.020028,0.013352,0.003338,0,0.003338,0,0.001669,0,0.003338,0,0,0.005007,0.006676,,D6215080,PR8B,09/13/2026 11:57:39 AM,FDM404,8M6HM2_HVF,8M6HM2_HVF,09/13/2026 12:25:51 PM,8M6HM2_HVF,D1D,1,8631067
D621508,47,KJCJG047WFC5,0,0.020695,0.022698,0.006676,0,0.001669,0,0.003338,0,0.001669,0,0,0.001669,0.006676,0,D6215080,PR8B,09/13/2026 11:57:39 AM,FDM404,8M6HM2_HVF,8M6HM2_HVF,09/13/2026 12:24:36 PM,8M6HM2_HVF,D1D,2,8630978
D621495,436,KJFTB436WFC0,0,0.014854,0.05057,0.001669,0,0.008178,0,0.006676,0,0.001669,0.00484,0,0,0,0,D6214950,PR8B,09/14/2026 3:35:58 AM,FDM410,8M6HM2_HVF,8M6HM2_HVF,09/14/2026 4:06:24 AM,8M6HM2_HVF,D1D,1,8627921
D621495,465,KJFTB465WFD7,0,0.010014,0.067927,0.001669,0,0.006676,0,0.003338,0,0.008345,0,0,0,0.007177,0,D6214950,PR8B,09/14/2026 3:35:58 AM,FDM410,8M6HM2_HVF,8M6HM2_HVF,09/14/2026 4:04:53 AM,8M6HM2_HVF,D1D,2,8627938
D621522,60,A2GYQ060SLG2,0,0.00353,0.007061,0,0.001765,0,0,0.00353,0,0.00353,0,0,0.001765,0.005295,,D6215220,PNCB,09/14/2026 6:43:02 PM,FDM410,8M6HM2_HVF,8M6HM2_HVF,09/14/2026 7:08:39 PM,8M6HM2_HVF,D1D,1,8633516
D621522,68,A2GYQ068SLD3,0,0.005295,0.008826,0.00353,0.001765,0.010591,0,0,0,0.001765,0,0,0.008826,0,,D6215220,PNCB,09/14/2026 6:43:02 PM,FDM410,8M6HM2_HVF,8M6HM2_HVF,09/14/2026 7:09:54 PM,8M6HM2_HVF,D1D,2,8633546
D621502,204,5DXYJ204MVF7,0,0.015021,0.025035,0,0,0.005007,0,0.005007,0,0.001669,0,0,0,0.006676,,D6215020,PR8B,09/14/2026 7:23:01 PM,FDM410,8M6HM2_HVF,8M6HM2_HVF,09/14/2026 7:49:49 PM,8M6HM2_HVF,D1D,1,8630306
D621502,205,5DXYJ205MVC6,0,0.021697,0.033379,0.001669,0,0.005007,0,0.005007,0,0,0,0,0,0.008345,,D6215020,PR8B,09/14/2026 7:23:01 PM,FDM410,8M6HM2_HVF,8M6HM2_HVF,09/14/2026 7:48:18 PM,8M6HM2_HVF,D1D,2,8630227
D618212,509,HL4NM509JKB6,0,0.015637,0.036487,0,0,0,0,0,0,0.00695,0,0,0.00695,0,,D6182120,PXMG,07/17/2026 7:14:02 AM,FDM406,8M6HM2_HVF,8M6HM2_HVF,07/26/2026 3:12:05 PM,8M6HM2_HVF,D1D,1,8524387
D618212,513,HL4NM513JKC7,0,0.010425,0.036487,0.001737,0.001737,0.005212,0,0.001737,0,0.005212,0,0,0.003475,0,,D6182120,PXMG,07/17/2026 7:14:02 AM,FDM406,8M6HM2_HVF,8M6HM2_HVF,07/26/2026 3:12:16 PM,8M6HM2_HVF,D1D,2,8524448
D618212,540,HL4NM540JKD5,0,0.008687,0.022587,0.001737,0,0.005212,0,0.003475,0,0.003475,0.001737,0,0.001737,0.005212,,D6182120,PXMG,07/17/2026 8:05:06 AM,FDM406,8M6HM2_HVF,8M6HM2_HVF,07/26/2026 3:11:48 PM,8M6HM2_HVF,D1D,3,8524444
D618212,541,HL4NM541JKA4,0,0.008687,0.026062,0.003475,0,0.001737,0,0.005212,0,0.005212,0.003475,0,0.005212,0,,D6182120,PXMG,07/17/2026 8:05:06 AM,FDM406,8M6HM2_HVF,8M6HM2_HVF,07/26/2026 3:12:06 PM,8M6HM2_HVF,D1D,4,8524463
D618212,635,HM9EB635JKF3,0,0.0139,0.0556,0.001737,0,0,0,0.001737,0,0.003475,0,0,0.001737,0.003475,0,D6182120,PXMG,07/17/2026 8:05:06 AM,FDM406,8M6HM2_HVF,8M6HM2_HVF,07/26/2026 3:11:59 PM,8M6HM2_HVF,D1D,5,8524428
D618227,8,A2FSN008SLH0,0,0.026062,0.017375,0.003475,0,0.029537,0,0.003475,0,0.005212,0.001737,0,0.003475,0,,D6182270,PXMG,07/15/2026 10:31:33 PM,FDM410,8M6HM2_HVF,8M6HM2_HVF,07/26/2026 3:12:37 PM,8M6HM2_HVF,D1D,1,8529864
D618227,112,A2FPM112SLF2,0,0.003475,0.031275,0,0,0.001737,0,0,0,0.005212,0,0,0.00695,0.001737,,D6182270,PXMG,07/15/2026 10:31:33 PM,FDM410,8M6HM2_HVF,8M6HM2_HVF,08/27/2026 11:56:00 AM,8M6HM2_HVF,D1D,2,8529877
D618227,119,A2FPM119SLF4,0,0.003475,0.024325,0,0,0.001737,0,0.001737,0,0.001737,0,0,0.001737,0.001737,,D6182270,PXMG,07/16/2026 3:04:02 AM,FDM408,8M6HM2_HVF,8M6HM2_HVF,07/26/2026 3:12:22 PM,8M6HM2_HVF,D1D,3,8529874
D618227,120,A2FPM120SLB2,0,0.00695,0.029537,0,0,0.001737,0,0.001737,0,0.005212,0,0,0,0,,D6182270,PXMG,07/16/2026 3:04:02 AM,FDM408,8M6HM2_HVF,8M6HM2_HVF,07/26/2026 3:12:31 PM,8M6HM2_HVF,D1D,4,8529879
D618820,42,5DXVM042MVB7,0,0.018013,0.009826,0.001638,0.001638,0,0,0,0,0.004913,0.001638,0,0,0.008188,,D6188200,PR8B,07/22/2026 9:56:01 AM,FDM404,8M6HM2_HVF,8M6HM2_HVF,09/03/2026 9:00:38 AM,8M6HM2_HVF,D1D,1,8535641
D618820,55,5DXVM055MVE3,0,0.018669,0.043887,0,0.001638,0.001638,0,0.001638,0,0.002948,0,0,0.004913,0.011463,0,D6188200,PR8B,07/22/2026 9:56:01 AM,FDM404,8M6HM2_HVF,8M6HM2_HVF,09/02/2026 11:32:36 AM,8M6HM2_HVF,D1D,2,8535589
D618820,75,5DXVM075MVG0,0,0.013428,0.007042,0.001638,0,0.008515,0,0.003603,0,0.001638,0.001638,0,0.001638,0.003439,0,D6188200,PR8B,07/22/2026 10:44:45 AM,FDM402,8M6HM2_HVF,8M6HM2_HVF,09/01/2026 3:08:10 AM,8M6HM2_HVF,D1D,3,8535618
D618820,81,5DXVM081MVA7,0,0.008188,0.004913,0.001638,0.004913,0,0,0.001638,0,0.001638,0,0,0.001638,0.003275,,D6188200,PR8B,07/22/2026 10:44:45 AM,FDM402,8M6HM2_HVF,8M6HM2_HVF,09/05/2026 8:00:25 AM,8M6HM2_HVF,D1D,4,8535639
D618820,85,5DXVM085MVD1,0,0.018996,0.031933,0.003275,0,0.007042,0,0,0,0.004913,0.003766,0,0.013101,0.02833,0,D6188200,PR8B,07/22/2026 10:44:45 AM,FDM402,8M6HM2_HVF,8M6HM2_HVF,09/02/2026 5:32:18 AM,8M6HM2_HVF,D1D,5,8535621
D618210,340,MCQJT340WAG6,0,0.005212,0.003475,0.001737,0,0.003475,0,0.003475,0,0.008687,0,0,0,0.001737,,D6182100,PXMG,07/20/2026 12:26:49 AM,FDM408,8M6HM2_HVF,8M6HM2_HVF,07/26/2026 3:11:06 PM,8M6HM2_HVF,D1D,1,8524654
D618210,343,MCQJT343WAE6,0,0.003475,0.001737,0,0,0.00695,0,0.00695,0,0.003475,0,0,0.003475,0.003475,,D6182100,PXMG,07/20/2026 12:26:49 AM,FDM408,8M6HM2_HVF,8M6HM2_HVF,07/26/2026 3:11:16 PM,8M6HM2_HVF,D1D,2,8524698
D618210,344,MCQJT344WAB5,0,0.034631,0.010972,0,0,0.10563,0,0.004617,0,0.010972,0,0,0.004617,0.002309,0,D6182100,PXMG,07/20/2026 1:12:23 AM,FDM402,8M6HM2_HVF,8M6HM2_HVF,07/26/2026 3:10:46 PM,8M6HM2_HVF,D1D,3,8524771
D618210,355,MCQJT355WAD0,0,0.020118,0.025678,0,0.0018,0.005399,0,0.007198,0,0.003599,0.0018,0,0.005399,0.007198,0,D6182100,PXMG,07/20/2026 1:12:23 AM,FDM402,8M6HM2_HVF,8M6HM2_HVF,07/26/2026 3:10:48 PM,8M6HM2_HVF,D1D,4,8524756
D618210,360,MCQJT360WAB0,0,0.011641,0.027105,0,0,0.005212,0,0.001737,0,0.010425,0.002954,0,0.008687,0.001737,0,D6182100,PXMG,07/20/2026 1:12:23 AM,FDM402,8M6HM2_HVF,8M6HM2_HVF,07/26/2026 3:10:41 PM,8M6HM2_HVF,D1D,5,8524718
D618210,372,MCQJT372WAG5,0,0.0139,0.0139,0.003475,0.003475,0.005212,0,0.001737,0,0.005212,0,0,0.001737,0,,D6182100,PXMG,07/20/2026 8:57:09 PM,FDM402,8M6HM2_HVF,8M6HM2_HVF,07/26/2026 3:09:59 PM,8M6HM2_HVF,D1D,6,8524747
D618210,386,MCQJT386WAG0,0,0.005212,0.00695,0.005212,0,0.010425,0,0.003475,0,0.02085,0.001737,0,0.003475,0.001737,,D6182100,PXMG,07/20/2026 8:57:09 PM,FDM402,8M6HM2_HVF,8M6HM2_HVF,07/26/2026 3:09:53 PM,8M6HM2_HVF,D1D,7,8524827
D618210,396,MCQJT396WAD1,0,0.008687,0.010425,0.005212,0.001737,0.003475,0,0,0,0.003475,0.001737,0,0.001737,0.001737,,D6182100,PXMG,07/20/2026 8:57:09 PM,FDM402,8M6HM2_HVF,8M6HM2_HVF,07/26/2026 3:10:09 PM,8M6HM2_HVF,D1D,8,8524716
D618210,406,MCQJT406WAG0,0,0.003475,0.015637,0.003475,0,0.005212,0,0.001737,0,0.005212,0,0,0.001737,0.008687,,D6182100,PXMG,07/20/2026 8:57:09 PM,FDM402,8M6HM2_HVF,8M6HM2_HVF,07/26/2026 3:10:11 PM,8M6HM2_HVF,D1D,9,8524728
D618239,601,HP4KF601JKA4,0,0.015637,0.010425,0.001737,0,0.003475,0,0,0,0,0,0,0.005212,0.003475,,D6182390,PXMG,07/31/2026 6:51:21 PM,FDM410,8M6HM2_HVF,8M6HM2_HVF,07/31/2026 7:26:56 PM,8M6HM2_HVF,D1D,1,8533432
D618239,604,HP4KF604JKF7,0,0.021197,0.037182,0.001737,0,0.005386,0,0.003475,0,0.015985,0.0139,0,0.005386,0,0,D6182390,PXMG,07/31/2026 6:51:21 PM,FDM410,8M6HM2_HVF,8M6HM2_HVF,07/31/2026 7:25:07 PM,8M6HM2_HVF,D1D,2,8533506
D618239,605,HP4KF605JKC6,0,0.012162,0.026931,0.001737,0.001737,0.001737,0,0,0,0.003475,0.001737,0,0.003475,0.002606,0,D6182390,PXMG,07/31/2026 8:16:37 PM,FDM402,8M6HM2_HVF,8M6HM2_HVF,07/31/2026 8:55:13 PM,8M6HM2_HVF,D1D,3,8533493
D618239,606,HP4KF606JKH0,0,0.003475,0.039962,0,0,0.003475,0,0,0,0.012162,0,0,0.005212,0.003475,,D6182390,PXMG,07/31/2026 8:16:37 PM,FDM402,8M6HM2_HVF,8M6HM2_HVF,07/31/2026 8:53:54 PM,8M6HM2_HVF,D1D,4,8533465
D618239,607,HP4KF607JKD7,0,0.010425,0.005212,0,0,0.00695,0,0.005212,0,0.017375,0,0,0.001737,0.003475,,D6182390,PXMG,07/31/2026 8:16:37 PM,FDM402,8M6HM2_HVF,8M6HM2_HVF,07/31/2026 8:52:45 PM,8M6HM2_HVF,D1D,5,8533428
D618217,31,A2ET6031SLF0,0,0.013403,0.046168,0,0,0.002979,0,0,0,0.00695,0.001737,0,0.001737,0.003475,0,D6182170,PXMG,07/30/2026 10:24:16 AM,FDM404,8M6HM2_HVF,8M6HM2_HVF,09/14/2026 10:40:26 PM,8M6HM2_HVF,D1D,1,8527026
D618217,101,A2GCD101SLA2,0,0.005212,0.033012,0,0.001737,0.005212,0,0.003475,0,0.001737,0,0,0,0.0139,,D6182170,PXMG,07/30/2026 10:24:16 AM,FDM404,8M6HM2_HVF,8M6HM2_HVF,09/14/2026 10:29:24 PM,8M6HM2_HVF,D1D,2,8526981
D618217,112,A2GCD112SLB5,0,0.010425,0.039962,0,0.008687,0.001737,0,0,0,0,0.001737,0,0.001737,0.010425,0,D6182170,PXMG,07/30/2026 12:10:50 PM,FDM404,8M6HM2_HVF,8M6HM2_HVF,09/15/2026 9:24:57 AM,8M6HM2_HVF,D1D,3,8526946
D618217,113,A2GCD113SLF7,0,0.008687,0.036487,0,0.001737,0,0,0,0,0.001737,0,0,0.001737,0.012162,,D6182170,PXMG,07/30/2026 12:10:50 PM,FDM404,8M6HM2_HVF,8M6HM2_HVF,09/14/2026 10:30:53 PM,8M6HM2_HVF,D1D,4,8527064
D618217,135,A2FHT135SLF5,0,0.010425,0.0278,0,0.001737,0.005212,0,0,0,0.003475,0.001737,0,0.005212,0.012162,,D6182170,PXMG,07/30/2026 12:10:50 PM,FDM404,8M6HM2_HVF,8M6HM2_HVF,09/14/2026 10:37:47 PM,8M6HM2_HVF,D1D,5,8526922
D618201,4,KJEYH004WFG2,0,0.010391,0.068924,0,0.001732,0.008832,0,0,0,0.001732,0,0,0.003464,0.008832,0,D6182010,PNCB,07/29/2026 3:24:43 PM,FDM410,8M6HM2_HVF,8M6HM2_HVF,09/14/2026 9:14:08 PM,8M6HM2_HVF,D1D,1,8521787
D618201,9,KJEYH009WFF3,0,0.010391,0.02944,0,0,0.003464,0,0.003464,0,0.001732,0.003464,0,0.001732,0.001732,,D6182010,PNCB,07/29/2026 3:24:43 PM,FDM410,8M6HM2_HVF,8M6HM2_HVF,09/15/2026 12:05:15 AM,8M6HM2_HVF,D1D,2,8521720
D618205,5,MCQAF005WAC4,0,0.003475,0.00695,0.0139,0.001737,0.017375,0,0.001737,0,0.008687,0.001737,0,0.010425,0.008687,,D6182050,PXMG,07/27/2026 3:05:18 PM,FDM410,8M6HM2_HVF,8M6HM2_HVF,09/15/2026 6:54:44 AM,8M6HM2_HVF,D1D,1,8524357
D618205,12,MCQAF012WAB5,0,0.00695,0.0139,0.00695,0,0.02085,0,0.005212,0,0.019112,0,0,0.003475,0.008687,,D6182050,PXMG,07/27/2026 3:05:18 PM,FDM410,8M6HM2_HVF,8M6HM2_HVF,07/27/2026 3:34:33 PM,8M6HM2_HVF,D1D,2,8524406
D618205,25,MCQAF025WAE1,0,0.008687,0.012162,0,0,0.005212,0,0.001737,0,0.0139,0,0,0.005212,0,,D6182050,PXMG,07/27/2026 3:55:36 PM,FDM404,8M6HM2_HVF,8M6HM2_HVF,09/14/2026 5:05:06 PM,8M6HM2_HVF,D1D,3,8524321
D618205,46,MCQAF046WAC5,0,0.00695,0.017375,0.005212,0.001737,0.001737,0,0.003475,0,0.02085,0,0,0.010425,0.005212,,D6182050,PXMG,07/27/2026 3:55:36 PM,FDM404,8M6HM2_HVF,8M6HM2_HVF,09/15/2026 5:55:38 AM,8M6HM2_HVF,D1D,4,8524333
D618205,49,MCQAF049WAA5,0,0.005212,0.019112,0,0,0.001737,0,0.001737,0,0.010425,0,0,0.005212,0.003475,,D6182050,PXMG,07/27/2026 3:55:36 PM,FDM404,8M6HM2_HVF,8M6HM2_HVF,09/14/2026 5:26:10 PM,8M6HM2_HVF,D1D,5,8524355
D618200,54,A2FYN054SLB0,0,0.016089,0.055752,0.006033,0.002011,0.005754,0,0.006033,0,0.002011,0.008044,0,0.002011,0.027876,0,D6182000,PNCB,07/27/2026 6:02:57 PM,FDM404,8M6HM2_HVF,8M6HM2_HVF,09/11/2026 6:02:36 PM,8M6HM2_HVF,D1D,1,8521580
D618200,58,A2FYN058SLD2,0,0.003464,0.012122,0,0,0.005195,0,0.001732,0,0.001732,0,0,0,0.001732,,D6182000,PNCB,07/27/2026 6:02:57 PM,FDM404,8M6HM2_HVF,8M6HM2_HVF,09/11/2026 5:47:01 PM,8M6HM2_HVF,D1D,2,8521595
D618222,77,A2GHH077SLA7,0,0.008687,0.015637,0.001737,0,0.00695,0,0.003475,0,0.003475,0,0,0,0.001737,,D6182220,PXMG,08/03/2026 9:58:28 PM,FDM410,8M6HM2_HVF,8M6HM2_HVF,08/03/2026 10:34:06 PM,8M6HM2_HVF,D1D,1,8527317
D618222,78,A2GHH078SLF1,0,0.008687,0.0139,0,0,0,0,0.003475,0,0,0,0,0.001737,0,,D6182220,PXMG,08/03/2026 9:58:28 PM,FDM410,8M6HM2_HVF,8M6HM2_HVF,08/03/2026 10:34:49 PM,8M6HM2_HVF,D1D,2,8527307
D618222,81,A2GHH081SLC0,0,0.01251,0.014421,0,0,0.003649,0,0,0,0.010946,0.001911,0,0.003475,0.003475,0,D6182220,PXMG,08/03/2026 11:31:59 PM,FDM402,8M6HM2_HVF,8M6HM2_HVF,08/04/2026 12:08:13 AM,8M6HM2_HVF,D1D,3,8527339
D618222,84,A2GHH084SLA0,0,0.014769,0.011294,0,0,0.005212,0,0,0,0.001737,0.001737,0,0.026062,0.010425,0,D6182220,PXMG,08/03/2026 11:31:59 PM,FDM402,8M6HM2_HVF,8M6HM2_HVF,08/04/2026 12:11:03 AM,8M6HM2_HVF,D1D,4,8527319
D618222,85,A2GHH085SLE2,0,0.003475,0.003475,0.008687,0.003475,0.005212,0,0.003475,0,0.005212,0,0,0.010425,0.0139,,D6182220,PXMG,08/03/2026 11:31:59 PM,FDM402,8M6HM2_HVF,8M6HM2_HVF,08/04/2026 12:09:17 AM,8M6HM2_HVF,D1D,5,8527364
D618224,196,KJEYC196WFA7,0,0.005212,0.008687,0,0.001737,0.003475,0,0,0,0.022587,0,0,0.005212,0.001737,,D6182240,PXMG,08/04/2026 3:38:29 AM,FDM410,8M6HM2_HVF,8M6HM2_HVF,08/04/2026 4:18:43 AM,8M6HM2_HVF,D1D,1,8527402
D618224,207,KJEYC207WFA5,0,0.005212,0.003475,0.003475,0,0,0,0,0,0.005212,0,0,0,0.001737,,D6182240,PXMG,08/04/2026 3:38:29 AM,FDM410,8M6HM2_HVF,8M6HM2_HVF,08/04/2026 4:16:54 AM,8M6HM2_HVF,D1D,2,8527417
D618224,209,KJEYC209WFB6,0,0.012162,0.012162,0.003475,0,0,0,0,0,0.003475,0.001737,0,0.003475,0.00695,,D6182240,PXMG,08/04/2026 4:38:12 AM,FDM404,8M6HM2_HVF,8M6HM2_HVF,08/04/2026 5:14:29 AM,8M6HM2_HVF,D1D,3,8527392
D618224,211,KJEYC211WFB6,0,0.012162,0.005212,0,0,0.0139,0,0.001737,0,0.003475,0,0,0.001737,0.001737,,D6182240,PXMG,08/04/2026 4:38:12 AM,FDM404,8M6HM2_HVF,8M6HM2_HVF,08/04/2026 5:13:06 AM,8M6HM2_HVF,D1D,4,8527419
D618224,247,KJEYB247WFD4,0,0.005212,0.016854,0.003475,0,0.001911,0,0.003475,0,0.00695,0.00556,0,0.00695,0.001737,0,D6182240,PXMG,08/04/2026 4:38:12 AM,FDM404,8M6HM2_HVF,8M6HM2_HVF,08/04/2026 5:15:42 AM,8M6HM2_HVF,D1D,5,8527374
D618238,620,5DXVZ620MVG1,0,0.003475,0,0,0,0.001737,0,0.001737,0,0.005212,0,0,0,0.001737,,D6182380,PXMG,08/04/2026 2:19:14 AM,FDM406,8M6HM2_HVF,8M6HM2_HVF,08/04/2026 2:50:27 AM,8M6HM2_HVF,D1D,1,8533063
D618238,627,5DXVZ627MVG3,0,0.003475,0.003475,0,0,0.001737,0,0.001737,0,0.00695,0,0,0.001737,0.001737,,D6182380,PXMG,08/04/2026 2:19:14 AM,FDM406,8M6HM2_HVF,8M6HM2_HVF,08/04/2026 2:49:36 AM,8M6HM2_HVF,D1D,2,8533014
D618238,632,5DXVZ632MVE3,0,0.005212,0.015637,0.001737,0.001737,0.001737,0,0.001737,0,0,0,0,0,0.001737,,D6182380,PXMG,08/04/2026 3:32:31 AM,FDM402,8M6HM2_HVF,8M6HM2_HVF,08/04/2026 4:04:13 AM,8M6HM2_HVF,D1D,3,8533031
D618238,633,5DXVZ633MVB2,0,0.005212,0.00695,0.001737,0,0.003475,0,0.001737,0,0.005212,0,0,0,0,,D6182380,PXMG,08/04/2026 3:32:31 AM,FDM402,8M6HM2_HVF,8M6HM2_HVF,08/04/2026 4:02:42 AM,8M6HM2_HVF,D1D,4,8532997
D618238,640,5DXVZ640MVA3,0,0.003475,0.005212,0,0,0.003475,0,0,0,0.005212,0,0,0,0,,D6182380,PXMG,08/04/2026 3:32:31 AM,FDM402,8M6HM2_HVF,8M6HM2_HVF,08/04/2026 4:03:36 AM,8M6HM2_HVF,D1D,5,8533008
D619264,643,MCQJW643WAD2,0,0.05404,0.031114,0,0,0.003275,0,0.001638,0,0.029477,0,0,0,0,0,D6192640,PR8B,08/08/2026 9:56:53 AM,FDM408,8M6HM2_HVF,8M6HM2_HVF,08/08/2026 10:23:32 AM,8M6HM2_HVF,D1D,1,8550382
D619264,649,MCQJW649WAG5,0,0.038483,0.028658,0.001638,0,0.001638,0,0,0,0.004913,0,0,0.003275,0.003275,0,D6192640,PR8B,08/08/2026 9:56:53 AM,FDM408,8M6HM2_HVF,8M6HM2_HVF,08/08/2026 10:25:19 AM,8M6HM2_HVF,D1D,2,8550333
D618208,3,MCQQK003WAH0,0,0.005212,0.008687,0,0,0.003475,0,0.005212,0,0.00695,0,0,0.02085,0,,D6182080,PXMG,08/08/2026 8:37:17 AM,FDM406,8M6HM2_HVF,8M6HM2_HVF,08/08/2026 9:02:56 AM,8M6HM2_HVF,D1D,1,8524644
D618208,178,MCQQK178WAH2,0,0.003475,0.0417,0,0,0.005212,0,0,0,0,0.001737,0,0.005212,0.005212,0,D6182080,PXMG,08/08/2026 8:37:17 AM,FDM406,8M6HM2_HVF,8M6HM2_HVF,08/08/2026 9:04:07 AM,8M6HM2_HVF,D1D,2,8524568
D618240,555,HP3VZ555JKF6,0,0.005212,0.008687,0,0,0.003475,0,0.001737,0,0,0.001737,0,0,0,,D6182400,PXMG,08/02/2026 6:19:25 AM,FDM410,8M6HM2_HVF,8M6HM2_HVF,09/15/2026 4:44:51 AM,8M6HM2_HVF,D1D,1,8533253
D618240,556,HP3VZ556JKC5,0,0.003475,0.015637,0,0,0,0,0,0,0.003475,0.001737,0,0,0,,D6182400,PXMG,08/02/2026 6:19:25 AM,FDM410,8M6HM2_HVF,8M6HM2_HVF,09/15/2026 5:03:30 AM,8M6HM2_HVF,D1D,2,8533198
D618240,557,HP3VZ557JKG7,0,0.012162,0.02085,0.001737,0.001737,0.005212,0,0,0,0.005212,0,0,0.001737,0,,D6182400,PXMG,08/02/2026 7:14:23 AM,FDM410,8M6HM2_HVF,8M6HM2_HVF,09/14/2026 5:21:52 PM,8M6HM2_HVF,D1D,3,8533208
D618240,558,HP3VZ558JKD6,0,0.028842,0.020329,0.001911,0,0.05948,0,0,0,0.016274,0,0,0,0,0,D6182400,PXMG,08/02/2026 7:14:23 AM,FDM410,8M6HM2_HVF,8M6HM2_HVF,09/15/2026 5:12:13 AM,8M6HM2_HVF,D1D,4,8533235
D618240,559,HP3VZ559JKA5,0,0.010425,0.019112,0,0,0.008687,0,0,0,0.003475,0,0,0,0,,D6182400,PXMG,08/02/2026 7:14:23 AM,FDM410,8M6HM2_HVF,8M6HM2_HVF,09/15/2026 4:50:43 AM,8M6HM2_HVF,D1D,5,8533267
D618218,437,HP3VZ437JKG1,0,0.017375,0.010425,0.001737,0,0.001737,0,0,0,0.012162,0,0,0,0.001737,,D6182180,PXMG,08/02/2026 6:52:56 PM,FDM410,8M6HM2_HVF,8M6HM2_HVF,09/14/2026 6:35:24 AM,8M6HM2_HVF,D1D,1,8526884
D618218,501,HP3VZ501JKD1,0,0.015637,0.008687,0.010425,0.00695,0,0,0.001737,0,0.003475,0,0,0.010425,0.005212,,D6182180,PXMG,08/02/2026 6:52:56 PM,FDM410,8M6HM2_HVF,8M6HM2_HVF,09/12/2026 8:45:08 PM,8M6HM2_HVF,D1D,2,8526820
D618218,505,HP3VZ505JKF3,0,0.010425,0.008687,0.001737,0,0,0,0.001737,0,0.005212,0,0,0.010425,0.005212,,D6182180,PXMG,08/02/2026 8:02:39 PM,FDM408,8M6HM2_HVF,8M6HM2_HVF,09/13/2026 4:21:10 PM,8M6HM2_HVF,D1D,3,8526904
D618218,545,HP3VZ545JKB2,0,0.005212,0.0139,0.001737,0.001737,0,0,0,0,0,0,0,0.001737,0.001737,,D6182180,PXMG,08/02/2026 8:02:39 PM,FDM408,8M6HM2_HVF,8M6HM2_HVF,09/14/2026 6:30:04 AM,8M6HM2_HVF,D1D,4,8526817
D618218,602,HP3VZ602JKG4,0,0.010425,0.019112,0.005212,0.001737,0,0,0,0,0.010425,0,0,0.022587,0.02085,,D6182180,PXMG,08/02/2026 8:02:39 PM,FDM408,8M6HM2_HVF,8M6HM2_HVF,09/14/2026 6:44:21 AM,8M6HM2_HVF,D1D,5,8526875
D618231,2,KJEYG002WFE6,0,0.008687,0.00695,0.001737,0,0.005212,0,0.001737,0,0.003475,0.001737,0,0.003475,0.003475,,D6182310,PXMG,08/06/2026 9:54:59 PM,FDM404,8M6HM2_HVF,8M6HM2_HVF,08/06/2026 10:17:53 PM,8M6HM2_HVF,D1D,1,8530433
D618231,3,KJE6W003WFF7,0,0.012162,0.0139,0.001737,0,0.005212,0,0,0,0.010425,0,0,0.001737,0,,D6182310,PXMG,08/06/2026 11:40:22 PM,FDM406,8M6HM2_HVF,8M6HM2_HVF,08/07/2026 12:16:47 AM,8M6HM2_HVF,D1D,2,8530424
D618231,5,KJEYG005WFC6,0,0.009035,0.021892,0,0,0.009382,0,0.001737,0,0,0.006602,0,0,0,0,D6182310,PXMG,08/06/2026 11:40:22 PM,FDM406,8M6HM2_HVF,8M6HM2_HVF,08/07/2026 12:19:15 AM,8M6HM2_HVF,D1D,3,8530330
D618231,7,KJEYG007WFD7,0,0.010425,0.008687,0,0,0.005212,0,0.003475,0,0.008687,0,0,0.005212,0.001737,,D6182310,PXMG,08/06/2026 11:40:22 PM,FDM406,8M6HM2_HVF,8M6HM2_HVF,08/07/2026 12:17:57 AM,8M6HM2_HVF,D1D,4,8530316
D618231,47,KJE6W047WFE0,0,0.005212,0.010425,0,0,0.001737,0,0,0,0.001737,0,0,0.0139,0.001737,,D6182310,PXMG,08/06/2026 11:40:22 PM,FDM406,8M6HM2_HVF,8M6HM2_HVF,08/07/2026 12:20:46 AM,8M6HM2_HVF,D1D,5,8530388
D618211,440,MCQJT440WAF7,0,0.013552,0.02363,0.002432,0,0.001737,0,0,0,0.00695,0.007297,0,0.003475,0.005212,0,D6182110,PXMG,08/07/2026 6:25:36 AM,FDM404,8M6HM2_HVF,8M6HM2_HVF,08/07/2026 6:51:46 AM,8M6HM2_HVF,D1D,1,8524335
D618211,448,MCQJT448WAD0,0,0.005212,0.00695,0,0,0.001737,0,0.003475,0,0,0.001737,0,0.003475,0,,D6182110,PXMG,08/07/2026 7:08:06 AM,FDM410,8M6HM2_HVF,8M6HM2_HVF,08/07/2026 7:48:56 AM,8M6HM2_HVF,D1D,2,8524239
D618211,451,MCQJT451WAH2,0,0.018765,0.035097,0.00417,0.001737,0.001737,0,0.001737,0,0.005907,0.004865,0,0.005907,0,0,D6182110,PXMG,08/07/2026 7:08:06 AM,FDM410,8M6HM2_HVF,8M6HM2_HVF,08/07/2026 7:51:56 AM,8M6HM2_HVF,D1D,3,8524363
D618211,452,MCQJT452WAE1,0,0.012162,0.008687,0.001737,0.001737,0.015637,0,0,0,0,0.00695,0,0.001737,0.005212,,D6182110,PXMG,08/07/2026 7:08:06 AM,FDM410,8M6HM2_HVF,8M6HM2_HVF,08/07/2026 7:50:38 AM,8M6HM2_HVF,D1D,4,8524353
D618211,454,MCQJT454WAF2,0,0.019395,0.075678,0,0,0.0019,0,0,0,0,0.003801,0,0,0,0,D6182110,PXMG,08/07/2026 7:08:06 AM,FDM410,8M6HM2_HVF,8M6HM2_HVF,08/07/2026 7:53:26 AM,8M6HM2_HVF,D1D,5,8524359
D618237,625,5DXVZ625MVF2,0,0.00695,0.02085,0,0.001737,0.003475,0,0.003475,0,0.003475,0,0,0,0,,D6182370,PXMG,08/07/2026 4:01:42 AM,FDM406,8M6HM2_HVF,8M6HM2_HVF,08/07/2026 4:27:39 AM,8M6HM2_HVF,D1D,1,8533038
D619271,9,A2GFE009SLA2,0,0.041759,0.018996,0.001638,0,0.00655,0,0.004913,0,0.003275,0.003111,0,0,0.001638,0,D6192710,PR8B,08/06/2026 6:12:22 AM,FDM408,8M6HM2_HVF,8M6HM2_HVF,08/06/2026 6:47:46 AM,8M6HM2_HVF,D1D,1,8550365
D619271,18,A2GFE018SLA4,0,0.036354,0.023909,0.003275,0.008679,0.00655,0,0.008188,0,0.008679,0,0,0.018996,0.00655,0,D6192710,PR8B,08/06/2026 6:12:22 AM,FDM408,8M6HM2_HVF,8M6HM2_HVF,08/06/2026 6:46:53 AM,8M6HM2_HVF,D1D,2,8550363
D619271,21,A2GFE021SLE6,0,0.024236,0.008843,0.011463,0.00655,0,0,0,0,0.001638,0,0,0.036027,0.0488,0,D6192710,PR8B,08/06/2026 7:09:22 AM,FDM406,8M6HM2_HVF,8M6HM2_HVF,08/06/2026 7:44:53 AM,8M6HM2_HVF,D1D,3,8550275
D619271,25,A2GFE025SLH0,0,0.023909,0.022762,0.004913,0.001638,0.01523,0,0.001638,0,0.00655,0.011299,0,0.003275,0.010317,0,D6192710,PR8B,08/06/2026 7:09:22 AM,FDM406,8M6HM2_HVF,8M6HM2_HVF,08/06/2026 7:42:44 AM,8M6HM2_HVF,D1D,4,8550291
D619271,92,A2GKL092SLG4,0,0.031114,0.018341,0.003275,0.005568,0.008188,0,0,0,0.008843,0.001638,0,0.001638,0.001638,0,D6192710,PR8B,08/06/2026 9:06:04 AM,FDM404,8M6HM2_HVF,8M6HM2_HVF,08/06/2026 9:48:02 AM,8M6HM2_HVF,D1D,5,8550301
D619271,165,A2FSN165SLF5,0,0.018669,0.02178,0.005077,0,0,0,0,0,0,0,0,0.005077,0.011627,0,D6192710,PR8B,08/06/2026 9:06:04 AM,FDM404,8M6HM2_HVF,8M6HM2_HVF,08/06/2026 9:45:00 AM,8M6HM2_HVF,D1D,6,8550379
D619271,169,A2FSN169SLA4,0,0.013101,0.016376,0.001638,0.008188,0.001638,0,0.001638,0,0.008188,0.003275,0,0.031114,0.018013,,D6192710,PR8B,08/06/2026 9:06:04 AM,FDM404,8M6HM2_HVF,8M6HM2_HVF,08/06/2026 9:47:00 AM,8M6HM2_HVF,D1D,7,8550311
D619271,174,A2FSN174SLF7,0,0.032752,0.019979,0.001638,0.003275,0.001638,0,0,0,0.003275,0,0,0.022599,0.004913,0,D6192710,PR8B,08/06/2026 9:06:04 AM,FDM404,8M6HM2_HVF,8M6HM2_HVF,08/06/2026 9:43:43 AM,8M6HM2_HVF,D1D,8,8550351
D618241,357,HP2UA357JKB6,0,0.005487,0.009053,0.007316,0.012803,0.007316,0,0.001829,0,0.001829,0.001737,0,0.010974,0.018106,0,D6182410,PXMG,08/09/2026 8:55:29 AM,FDM406,8M6HM2_HVF,8M6HM2_HVF,09/14/2026 6:56:17 PM,8M6HM2_HVF,D1D,1,8533526
D618241,501,HP2UA501JKD5,0,0.012162,0.00695,0,0.00695,0.003475,0,0.001737,0,0,0.003475,0,0.024325,0.039962,,D6182410,PXMG,08/09/2026 8:55:29 AM,FDM406,8M6HM2_HVF,8M6HM2_HVF,09/14/2026 6:55:47 PM,8M6HM2_HVF,D1D,2,8533451
D618993,264,KJFMK264WFF7,0,0.014083,0.015393,0.010808,0,0,0,0.008188,0,0.012446,0.002948,0,0,0,0,D6189930,PR8B,08/09/2026 8:59:32 PM,FDM410,8M6HM2_HVF,8M6HM2_HVF,08/09/2026 9:25:46 PM,8M6HM2_HVF,D1D,1,8536176
D618993,266,KJFMK266WFH0,0,0.021452,0.01654,0,0.001638,0.009334,0,0.006059,0,0.004421,0.004421,0,0.001638,0.001638,0,D6189930,PR8B,08/09/2026 8:59:32 PM,FDM410,8M6HM2_HVF,8M6HM2_HVF,08/09/2026 9:24:24 PM,8M6HM2_HVF,D1D,2,8536267
D618242,126,HP4KG126JKG0,0,0.001771,0.035774,0,0.008678,0.007084,0,0.001771,0,0,0.001771,0,0.001771,0.026388,0,D6182420,PXMG,08/13/2026 7:57:39 AM,FDM406,8M6HM2_HVF,8M6HM2_HVF,08/13/2026 8:25:42 AM,8M6HM2_HVF,D1D,1,8533587
D618242,127,HP4KG127JKC7,0,0.010626,0.021252,0,0,0,0,0.001771,0,0.003542,0.001771,0,0.003542,0.001771,,D6182420,PXMG,08/13/2026 7:57:39 AM,FDM406,8M6HM2_HVF,8M6HM2_HVF,08/13/2026 8:27:04 AM,8M6HM2_HVF,D1D,2,8533605
D618203,16,KJEYC016WFC5,0,0.015445,0.039584,0.001942,0.001942,0.01165,0,0,0,0.005825,0.012577,0,0.01165,0.019417,0,D6182030,PNCB,08/20/2026 11:49:11 PM,FDM406,8M6HM2_HVF,8M6HM2_HVF,08/21/2026 3:15:30 AM,8M6HM2_HVF,D1D,1,8522665
D618203,17,KJEYC017WFG7,0,0.008826,0.019417,0,0,0.008826,0,0,0,0.005295,0,0,0,0.001765,,D6182030,PNCB,08/20/2026 11:49:11 PM,FDM406,8M6HM2_HVF,8M6HM2_HVF,08/21/2026 3:13:35 AM,8M6HM2_HVF,D1D,2,8522658
D618203,19,KJEYC019WFA5,0,0.01468,0.059276,0.001806,0,0.016256,0,0.001806,0,0.006437,0,0,0,0.005649,0,D6182030,PNCB,08/20/2026 11:49:11 PM,FDM406,8M6HM2_HVF,8M6HM2_HVF,08/21/2026 3:11:13 AM,8M6HM2_HVF,D1D,3,8522553
D618203,25,KJEYC025WFC7,0,0.005295,0.024712,0.001765,0.001765,0,0,0,0,0.007061,0.001765,0,0.005295,0.00353,,D6182030,PNCB,08/20/2026 11:49:11 PM,FDM406,8M6HM2_HVF,8M6HM2_HVF,08/21/2026 3:12:05 AM,8M6HM2_HVF,D1D,4,8522638
D619250,680,MCQJU680WAA3,0,0.018013,0.02702,0,0.001638,0.001638,0,0,0,0.008188,0,0,0.004913,0.005732,0,D6192500,PR8B,08/21/2026 11:32:41 AM,FDM410,8M6HM2_HVF,8M6HM2_HVF,08/21/2026 12:07:21 PM,8M6HM2_HVF,D1D,1,8545008
D619250,684,MCQJU684WAC5,0,0.038975,0.049455,0,0,0.003275,0,0.001638,0,0.00655,0,0,0,0.001638,0,D6192500,PR8B,08/21/2026 11:32:41 AM,FDM410,8M6HM2_HVF,8M6HM2_HVF,08/21/2026 12:05:07 PM,8M6HM2_HVF,D1D,2,8544919
D619269,14,A2FN6014SLA0,0,0.028003,0.029804,0.001638,0,0.027839,0,0.004421,0,0.001638,0,0,0.004913,0.00655,0,D6192690,PR8B,08/22/2026 5:18:12 AM,FDM404,8M6HM2_HVF,8M6HM2_HVF,08/22/2026 5:45:54 AM,8M6HM2_HVF,D1D,1,8550875
D619269,23,A2FN6023SLA2,0,0.024049,0.049829,0.001872,0,0.016844,0,0.007346,0,0.011089,0,0,0.009358,0.007346,0,D6192690,PR8B,08/22/2026 5:18:12 AM,FDM404,8M6HM2_HVF,8M6HM2_HVF,08/22/2026 5:44:39 AM,8M6HM2_HVF,D1D,2,8550859
D618243,511,5DXVY511MVG3,0,0.028669,0.032144,0,0.026062,0.004344,0,0,0,0.003475,0,0,0.064287,0.223267,0,D6182430,PXMG,08/22/2026 6:30:52 AM,FDM404,8M6HM2_HVF,8M6HM2_HVF,08/22/2026 7:01:36 AM,8M6HM2_HVF,D1D,1,8533346
D618243,512,5DXVY512MVD2,0,0.010077,0.042742,0,0,0.011467,0,0.001737,0,0,0,0,0,0.001737,0,D6182430,PXMG,08/22/2026 6:30:52 AM,FDM404,8M6HM2_HVF,8M6HM2_HVF,08/22/2026 6:58:35 AM,8M6HM2_HVF,D1D,2,8533329
D618230,67,A2FSN067SLA2,0,0.008687,0.03475,0.001737,0,0.00695,0,0.001737,0,0,0,0,0.005212,0.003475,,D6182300,PXMG,08/22/2026 9:57:28 AM,FDM410,8M6HM2_HVF,8M6HM2_HVF,08/22/2026 10:33:16 AM,8M6HM2_HVF,D1D,1,8530259
D618230,70,A2FSN070SLE4,0,0.00695,0.041526,0,0,0.023282,0,0,0,0.003475,0.004691,0,0.010425,0,0,D6182300,PXMG,08/22/2026 9:57:28 AM,FDM410,8M6HM2_HVF,8M6HM2_HVF,08/22/2026 10:31:51 AM,8M6HM2_HVF,D1D,2,8530280
D618215,26,KJEYH026WFB5,0,0.008687,0.008687,0.003475,0,0.003475,0,0,0,0.001737,0.001737,0,0.005212,0.001737,,D6182150,PXMG,08/24/2026 6:16:47 PM,FDM410,8M6HM2_HVF,8M6HM2_HVF,08/24/2026 6:51:57 PM,8M6HM2_HVF,D1D,1,8527270
D618215,222,KJEYH222WFF0,0,0.015637,0.027105,0,0,0.001737,0,0.002085,0,0.007297,0,0,0,0.003475,0,D6182150,PXMG,08/24/2026 6:16:47 PM,FDM410,8M6HM2_HVF,8M6HM2_HVF,08/24/2026 6:53:04 PM,8M6HM2_HVF,D1D,2,8527287
D618246,13,KJEYC013WFE5,0,0.003475,0.00695,0.001737,0,0,0,0.003475,0,0.001737,0.00695,0,0.005212,0.001737,,D6182460,PXMG,08/24/2026 7:48:03 AM,FDM410,8M6HM2_HVF,8M6HM2_HVF,08/24/2026 8:25:03 AM,8M6HM2_HVF,D1D,1,8535331
D618246,14,KJEYC014WFB4,0,0.021024,0.028669,0.001737,0,0.003475,0,0.001737,0,0.005212,0.005907,0,0.001737,0.001737,0,D6182460,PXMG,08/24/2026 7:48:03 AM,FDM410,8M6HM2_HVF,8M6HM2_HVF,08/24/2026 8:27:01 AM,8M6HM2_HVF,D1D,2,8535362
D618204,126,A2GHH126SLC6,0,0.005295,0.007061,0.00353,0,0.00353,0,0.001765,0,0.001765,0,0.001765,0.001765,0.001765,,D6182040,PNCB,08/28/2026 12:24:41 PM,FDM404,8M6HM2_HVF,8M6HM2_HVF,08/28/2026 12:57:31 PM,8M6HM2_HVF,D1D,1,8522513
D618204,128,A2GHH128SLD7,0,0.067561,0.011165,0,0,0,0,0.0047,0,0.0047,0.009399,0,0.28141,0.009399,0,D6182040,PNCB,08/28/2026 12:24:41 PM,FDM404,8M6HM2_HVF,8M6HM2_HVF,08/28/2026 12:59:39 PM,8M6HM2_HVF,D1D,2,8522416
D619263,48,A2GKL048SLC1,0,0.006676,0.011683,0,0,0.001669,0,0.003338,0,0.001669,0,0,0,0.003338,,D6192630,PR8B,08/28/2026 11:22:12 AM,FDM406,8M6HM2_HVF,8M6HM2_HVF,08/28/2026 11:46:18 AM,8M6HM2_HVF,D1D,1,8547722
D619263,49,A2GKL049SLG3,0,0.010014,0.008345,0.001669,0,0.005007,0,0.003338,0,0,0,0,0,0.003338,,D6192630,PR8B,08/28/2026 11:22:12 AM,FDM406,8M6HM2_HVF,8M6HM2_HVF,08/28/2026 11:47:24 AM,8M6HM2_HVF,D1D,2,8547763
D619274,6,A2FLQ006SLA6,0,0.017031,0.011136,0,0.001638,0.004913,0,0.00524,0,0.003603,0.001638,0,0.016376,0.026856,0,D6192740,PR8B,08/28/2026 2:41:25 AM,FDM410,8M6HM2_HVF,8M6HM2_HVF,08/28/2026 3:06:43 AM,8M6HM2_HVF,D1D,1,8550651
D619274,7,A2FLQ007SLF0,0,0.016376,0.018013,0,0,0.004913,0,0.008188,0,0.003275,0,0,0.003275,0.001638,,D6192740,PR8B,08/28/2026 2:41:25 AM,FDM410,8M6HM2_HVF,8M6HM2_HVF,08/28/2026 3:05:24 AM,8M6HM2_HVF,D1D,2,8550695
D618244,15,KJEYC015WFF6,0,0.001737,0.015637,0.001737,0,0.008687,0,0,0,0.00695,0.003475,0,0,0,,D6182440,PXMG,08/25/2026 3:45:47 AM,FDM410,8M6HM2_HVF,8M6HM2_HVF,08/25/2026 4:14:31 AM,8M6HM2_HVF,D1D,1,8532879
D618244,22,KJEYC022WFE7,0,0.010425,0.010425,0.001737,0,0.00695,0,0,0,0.00695,0.001737,0,0.001737,0.003475,,D6182440,PXMG,08/25/2026 3:45:47 AM,FDM410,8M6HM2_HVF,8M6HM2_HVF,08/25/2026 4:17:01 AM,8M6HM2_HVF,D1D,2,8532934
D618209,475,MCQXL475WAF7,0,0.012162,0.003475,0,0,0.003475,0,0,0,0.00695,0,0,0.001737,0.00695,,D6182090,PXMG,08/24/2026 2:26:22 PM,FDM404,8M6HM2_HVF,8M6HM2_HVF,08/24/2026 3:03:01 PM,8M6HM2_HVF,D1D,1,8524674
D618209,701,MCR4E701WAA7,0,0.019112,0.003475,0,0,0.005212,0,0.005212,0,0.001737,0,0,0,0,,D6182090,PXMG,08/24/2026 2:26:22 PM,FDM404,8M6HM2_HVF,8M6HM2_HVF,08/24/2026 3:02:39 PM,8M6HM2_HVF,D1D,2,8524671
D619249,533,MCQJT533WAF7,0,0.015721,0.035699,0.001638,0,0.005895,0,0,0,0.003275,0.001638,0,0,0.001638,0,D6192490,PR8B,08/24/2026 11:19:45 PM,FDM408,8M6HM2_HVF,8M6HM2_HVF,08/24/2026 11:46:45 PM,8M6HM2_HVF,D1D,1,8544946
D619249,539,MCQJT539WAB7,0,0.013101,0.025874,0.001638,0,0.003603,0,0.001638,0,0.001638,0.003275,0,0,0.003275,0,D6192490,PR8B,08/24/2026 11:19:45 PM,FDM408,8M6HM2_HVF,8M6HM2_HVF,08/24/2026 11:45:26 PM,8M6HM2_HVF,D1D,2,8544895
D618245,445,KJEYK445WFE0,0,0.001737,0.008687,0,0,0.005212,0,0.001737,0,0.010425,0,0,0.001737,0.001737,,D6182450,PXMG,08/27/2026 6:24:06 AM,FDM402,8M6HM2_HVF,8M6HM2_HVF,08/27/2026 7:06:05 AM,8M6HM2_HVF,D1D,1,8535359
D618245,462,KJEYK462WFA2,0,0.005907,0.028495,0,0,0.010077,0,0.001737,0,0.001737,0,0,0.001737,0.002432,0,D6182450,PXMG,08/27/2026 6:24:06 AM,FDM402,8M6HM2_HVF,8M6HM2_HVF,08/27/2026 7:05:17 AM,8M6HM2_HVF,D1D,2,8535366
D619251,366,MCQXL366WAG4,0,0.005007,0.003338,0.003338,0,0.001669,0,0.006676,0,0,0.001669,0,0,0,,D6192510,PR8B,08/29/2026 8:46:00 AM,FDM406,8M6HM2_HVF,8M6HM2_HVF,08/29/2026 9:08:02 AM,8M6HM2_HVF,D1D,1,8545240
D619251,487,MCQXL487WAE1,0,0.027705,0.012017,0.001669,0,0.025035,0,0.005674,0,0.007343,0.004006,0,0,0,0,D6192510,PR8B,08/29/2026 8:46:00 AM,FDM406,8M6HM2_HVF,8M6HM2_HVF,08/29/2026 9:09:17 AM,8M6HM2_HVF,D1D,2,8545215
D618214,576,HP4KF576JKC4,0,0.022314,0.021606,0.001771,0.007084,0.003542,0,0.001771,0,0.005313,0.007438,0,0.003542,0.007084,0,D6182140,PXMG,08/29/2026 10:02:35 PM,FDM404,8M6HM2_HVF,8M6HM2_HVF,08/29/2026 10:34:44 PM,8M6HM2_HVF,D1D,1,8524885
D618214,577,HP4KF577JKG6,0,0.008855,0.023023,0,0,0.003542,0,0.003542,0,0.003542,0,0,0,0,,D6182140,PXMG,08/29/2026 10:02:35 PM,FDM404,8M6HM2_HVF,8M6HM2_HVF,08/29/2026 10:33:37 PM,8M6HM2_HVF,D1D,2,8524881
D619257,451,HP2FJ451JKA1,0,0.024236,0.015885,0.001638,0,0.006059,0,0,0,0.001638,0.014411,0,0,0.001638,0,D6192570,PR8B,08/23/2026 10:57:24 AM,FDM404,8M6HM2_HVF,8M6HM2_HVF,08/23/2026 11:31:17 AM,8M6HM2_HVF,D1D,1,8545258
D619257,452,HP2FJ452JKE3,0,0.01392,0.024564,0.004094,0,0.004094,0,0.004913,0,0,0.002456,0,0.003275,0,0,D6192570,PR8B,08/23/2026 10:57:24 AM,FDM404,8M6HM2_HVF,8M6HM2_HVF,08/23/2026 11:29:44 AM,8M6HM2_HVF,D1D,2,8545340
D619262,13,A2FN6013SLD1,0,0.021289,0.009826,0.003275,0,0.003275,0,0,0,0,0,0.001638,0.003275,0.00655,,D6192620,PR8B,08/23/2026 5:35:01 PM,FDM404,8M6HM2_HVF,8M6HM2_HVF,08/23/2026 6:02:10 PM,8M6HM2_HVF,D1D,1,8547608
D619262,51,A2GD3051SLF4,0,0.014411,0.00917,0.001638,0,0.008188,0,0.001638,0,0.008188,0.00393,0,0.001965,0.001638,0,D6192620,PR8B,08/23/2026 5:35:01 PM,FDM404,8M6HM2_HVF,8M6HM2_HVF,08/23/2026 6:00:53 PM,8M6HM2_HVF,D1D,2,8547580
D619268,98,A2GHH098SLG6,0,0.017286,0.025656,0.005095,0,0.004185,0,0.004185,0,0.004913,0,0,0.005823,0.00655,0,D6192680,PR8B,08/24/2026 5:14:08 AM,FDM404,8M6HM2_HVF,8M6HM2_HVF,08/24/2026 5:40:46 AM,8M6HM2_HVF,D1D,1,8550551
D619268,108,A2GKL108SLF3,0,0.025874,0.05142,0.003275,0,0.013756,0,0.001638,0,0.004913,0.00393,0,0.011463,0,0,D6192680,PR8B,08/24/2026 5:14:08 AM,FDM404,8M6HM2_HVF,8M6HM2_HVF,08/24/2026 5:42:08 AM,8M6HM2_HVF,D1D,2,8550627
D619279,15,KJFMH015WFD0,0,0.029313,0.052075,0.003275,0,0.014738,0,0.003275,0,0.004913,0.003275,0,0.005404,0.011463,0,D6192790,PR8B,09/01/2026 6:14:53 AM,FDM410,8M6HM2_HVF,8M6HM2_HVF,09/01/2026 6:41:00 AM,8M6HM2_HVF,D1D,1,8553313
D619279,17,KJFMH017WFE1,0,0.057827,0.073794,0.003889,0,0.062228,0,0.005834,0,0.009723,0.001945,0,0.001945,0.003889,0,D6192790,PR8B,09/01/2026 6:14:53 AM,FDM410,8M6HM2_HVF,8M6HM2_HVF,09/01/2026 6:39:33 AM,8M6HM2_HVF,D1D,2,8553317
D619256,36,HP4KG036JKE0,0,0.018013,0.009826,0,0,0.003275,0,0.009826,0,0.004913,0,0,0,0.003275,,D6192560,PR8B,08/30/2026 5:36:15 PM,FDM410,8M6HM2_HVF,8M6HM2_HVF,08/30/2026 6:03:41 PM,8M6HM2_HVF,D1D,1,8544962
D619256,50,HP4KG050JKC2,0,0.04487,0.031769,0,0,0.037665,0,0.012446,0,0.010808,0.003275,0,0,0,0,D6192560,PR8B,08/30/2026 5:36:15 PM,FDM410,8M6HM2_HVF,8M6HM2_HVF,08/30/2026 6:02:33 PM,8M6HM2_HVF,D1D,2,8545188
D619253,830,HM8CM830JKA6,0,0.009012,0.027037,0,0,0,0,0.002003,0,0.003672,0,0,0,0,0,D6192530,PR8B,09/05/2026 6:24:15 AM,FDM402,8M6HM2_HVF,8M6HM2_HVF,09/05/2026 6:59:44 AM,8M6HM2_HVF,D1D,1,8544892
D619253,831,HM8CM831JKF0,0,0.006676,0.013352,0.001669,0,0.001669,0,0,0,0.001669,0,0,0.001669,0,,D6192530,PR8B,09/05/2026 6:24:15 AM,FDM402,8M6HM2_HVF,8M6HM2_HVF,09/05/2026 6:58:27 AM,8M6HM2_HVF,D1D,2,8544922
D619261,26,A2FSN026SLA1,0,0.013352,0.010014,0.003338,0,0.015021,0,0.018359,0,0.001669,0.003338,0,0,0.001669,,D6192610,PR8B,09/05/2026 4:45:40 PM,FDM402,8M6HM2_HVF,8M6HM2_HVF,09/05/2026 6:39:41 PM,8M6HM2_HVF,D1D,1,8547651
D619261,32,A2FSN032SLC3,0,0.008345,0.011683,0.001669,0,0.001669,0,0.018359,0,0.020028,0,0,0,0,,D6192610,PR8B,09/05/2026 4:45:40 PM,FDM402,8M6HM2_HVF,8M6HM2_HVF,09/05/2026 6:39:25 PM,8M6HM2_HVF,D1D,2,8547625
D618997,327,KJF3L327WFD2,0,0.04293,0.046527,0,0,0.032151,0,0.021785,0,0.006769,0,0,0,0.003384,0,D6189970,PR8B,09/04/2026 2:48:01 AM,FDM406,8M6HM2_HVF,8M6HM2_HVF,09/04/2026 3:12:48 AM,8M6HM2_HVF,D1D,1,8538447
D618997,395,KJFMG395WFG4,0,0.032879,0.08228,0.001669,0,0.005007,0,0.010014,0,0.001669,0,0,0,0.001669,0,D6189970,PR8B,09/04/2026 2:48:01 AM,FDM406,8M6HM2_HVF,8M6HM2_HVF,09/04/2026 3:10:40 AM,8M6HM2_HVF,D1D,2,8538485
D619277,126,A2DD8126SLB2,0,0.023699,0.003839,0,0.001669,0.006509,0,0.005508,0,0.005508,0,0,0.01669,0.003338,0,D6192770,PR8B,09/07/2026 8:42:42 AM,FDM404,8M6HM2_HVF,8M6HM2_HVF,09/07/2026 9:19:57 AM,8M6HM2_HVF,D1D,1,8553090
D619277,128,A2DD8128SLC3,0,0.030041,0.006676,0.001669,0.001669,0.006676,0,0.006676,0,0.003338,0,0,0.010014,0.005007,,D6192770,PR8B,09/07/2026 8:42:42 AM,FDM404,8M6HM2_HVF,8M6HM2_HVF,09/07/2026 9:18:32 AM,8M6HM2_HVF,D1D,2,8553154
D619277,133,A2DD8133SLA3,0,0.020028,0.015021,0.003338,0,0.013352,0,0.005007,0,0.005007,0,0,0.011683,0.001669,,D6192770,PR8B,09/07/2026 8:42:42 AM,FDM404,8M6HM2_HVF,8M6HM2_HVF,09/07/2026 9:22:50 AM,8M6HM2_HVF,D1D,3,8553107
D619277,139,A2DD8139SLD6,0,0.018359,0.013352,0,0,0.006676,0,0.005007,0,0.008345,0.001669,0,0.008345,0.003338,,D6192770,PR8B,09/07/2026 8:42:42 AM,FDM404,8M6HM2_HVF,8M6HM2_HVF,09/07/2026 9:21:10 AM,8M6HM2_HVF,D1D,4,8553040
D619254,468,HP2UA468JKC2,0,0.016523,0.011015,0,0,0.003839,0,0,0,0.00217,0.006509,0,0,0,0,D6192540,PR8B,09/07/2026 1:56:49 AM,FDM404,8M6HM2_HVF,8M6HM2_HVF,09/07/2026 2:29:05 AM,8M6HM2_HVF,D1D,1,8544865
D619254,469,HP2UA469JKG4,0,0.018359,0.013352,0,0,0.003338,0,0,0,0.006676,0.001669,0,0,0.003338,,D6192540,PR8B,09/07/2026 1:56:49 AM,FDM404,8M6HM2_HVF,8M6HM2_HVF,09/07/2026 2:30:38 AM,8M6HM2_HVF,D1D,2,8544786
D619255,401,HP2FJ401JKH1,0,0.023366,0.01669,0.003338,0,0.005007,0,0.003338,0,0.008345,0,0,0.003338,0.005007,0,D6192550,PR8B,09/14/2026 12:38:24 AM,FDM402,8M6HM2_HVF,8M6HM2_HVF,09/14/2026 1:03:29 AM,8M6HM2_HVF,D1D,1,8544968
D619255,402,HP2FJ402JKE0,0,0.041724,0.026703,0.006676,0,0.001669,0,0.008345,0,0.003338,0.005007,0,0,0,0,D6192550,PR8B,09/14/2026 12:38:24 AM,FDM402,8M6HM2_HVF,8M6HM2_HVF,09/14/2026 1:02:10 AM,8M6HM2_HVF,D1D,2,8544924
D623160,23,A2MNL023SLG7,0,0.015021,0.008345,0,0.001669,0.013352,0,0.001669,0,0.003338,0,0,0.001669,0,,D6231600,PR8B,08/12/2026 10:09:24 AM,FDM406,8M6HM2_HVF,8M6HM2_HVF,08/12/2026 10:42:19 AM,8M6HM2_HVF,D1D,1,8705250
D623160,24,A2MNL024SLD6,0,0.013352,0.011683,0,0.001669,0.001669,0,0.001669,0,0.001669,0.001669,0,0,0.001669,,D6231600,PR8B,08/12/2026 10:09:24 AM,FDM406,8M6HM2_HVF,8M6HM2_HVF,08/12/2026 10:40:30 AM,8M6HM2_HVF,D1D,2,8705230
D621930,136,HM8TF136JKH0,0,0.016376,0.019651,0,0,0.00655,0,0.003275,0,0.004913,0,0,0.001638,0.003275,,D6219300,PR8B,08/11/2026 5:11:32 PM,FDM402,8M6HM2_HVF,8M6HM2_HVF,08/11/2026 5:38:57 PM,8M6HM2_HVF,D1D,1,8654401
D621930,137,HM8TF137JKD7,0,0.029149,0.031114,0.003275,0.001638,0.001638,0,0.001638,0,0,0.004258,0,0.001638,0.00917,0,D6219300,PR8B,08/11/2026 5:11:32 PM,FDM402,8M6HM2_HVF,8M6HM2_HVF,08/11/2026 5:37:19 PM,8M6HM2_HVF,D1D,2,8654434
D622827,476,HL2XW476JKH1,0,0.026797,0.060963,0,0,0.018423,0,0,0,0.006699,0.004913,0,0.001675,0.00335,0,D6228270,PR8B,08/14/2026 1:35:49 AM,FDM402,8M6HM2_HVF,8M6HM2_HVF,08/14/2026 2:06:42 AM,8M6HM2_HVF,D1D,1,8695559
D622827,477,HL2XW477JKE0,0,0.021553,0.117996,0,0,0.003592,0,0,0,0.012113,0,0,0,0.003592,0,D6228270,PR8B,08/14/2026 1:35:49 AM,FDM402,8M6HM2_HVF,8M6HM2_HVF,08/14/2026 2:05:01 AM,8M6HM2_HVF,D1D,2,8695537
D623158,26,HQ3SF026JKG6,0,0.009826,0.022926,0.001638,0,0,0,0,0,0.003275,0.001638,0,0,0.008188,,D6231580,PR8B,08/09/2026 2:14:07 PM,FDM402,8M6HM2_HVF,8M6HM2_HVF,08/09/2026 2:45:58 PM,8M6HM2_HVF,D1D,1,8704979
D623158,27,HQ3SF027JKD5,0,0.022926,0.018013,0.001638,0,0.001638,0,0,0,0.004913,0.001638,0,0.003275,0.004913,,D6231580,PR8B,08/09/2026 2:14:07 PM,FDM402,8M6HM2_HVF,8M6HM2_HVF,08/09/2026 2:44:54 PM,8M6HM2_HVF,D1D,2,8704913
D622825,6,MCT3B006WAF6,0,0.014738,0.021289,0.001638,0,0.008188,0,0,0,0.001638,0,0,0,0,,D6228250,PR8B,08/17/2026 10:32:35 PM,FDM410,8M6HM2_HVF,8M6HM2_HVF,08/17/2026 11:10:03 PM,8M6HM2_HVF,D1D,1,8695523
D622825,11,MCT3B011WAD6,0,0.016212,0.041431,0,0,0.016048,0,0,0,0.003275,0,0,0,0,0,D6228250,PR8B,08/17/2026 10:32:35 PM,FDM410,8M6HM2_HVF,8M6HM2_HVF,08/17/2026 11:07:58 PM,8M6HM2_HVF,D1D,2,8695473
D623159,76,HQ3SF076JKH1,0,0.026201,0.075165,0,0.001638,0.011463,0,0.001638,0,0.004913,0.012118,0,0.004913,0.010972,0,D6231590,PR8B,08/18/2026 2:52:09 AM,FDM408,8M6HM2_HVF,8M6HM2_HVF,08/18/2026 3:25:11 AM,8M6HM2_HVF,D1D,1,8705327
D623159,77,HQ3SF077JKE0,0,0.037992,0.025874,0.003275,0,0.00655,0,0,0,0.003275,0,0.001638,0.001638,0,0,D6231590,PR8B,08/18/2026 2:52:09 AM,FDM408,8M6HM2_HVF,8M6HM2_HVF,08/18/2026 3:23:25 AM,8M6HM2_HVF,D1D,2,8705323
D622111,3,A21PM003SLD3,0,0.001732,0.006927,0,0,0,0,0,0,0.001732,0,0,0.001732,0,,D6221110,PNCB,08/20/2026 12:57:23 AM,FDM404,8M6HM2_HVF,8M6HM2_HVF,08/20/2026 1:44:57 AM,8M6HM2_HVF,D1D,1,8674213
D622111,19,A2KKC019SLE3,0,0.006927,0.010391,0,0,0.001732,0,0,0,0.003464,0.001732,0,0,0.001732,,D6221110,PNCB,08/20/2026 12:57:23 AM,FDM404,8M6HM2_HVF,8M6HM2_HVF,08/20/2026 1:44:13 AM,8M6HM2_HVF,D1D,2,8674205
D622624,4,KJCJD004WFA2,0,0.008659,0.012122,0,0.003464,0.001732,0,0,0,0.005195,0,0,0.006927,0.012122,,D6226240,PNCB,08/25/2026 9:07:27 AM,FDM408,8M6HM2_HVF,8M6HM2_HVF,08/25/2026 9:34:30 AM,8M6HM2_HVF,D1D,1,8682649
D622624,9,KJCJD009WFG6,0,0.013854,0.006927,0.006927,0,0.024245,0,0.001732,0,0.003464,0,0,0.008659,0.005195,,D6226240,PNCB,08/25/2026 9:07:27 AM,FDM408,8M6HM2_HVF,8M6HM2_HVF,08/25/2026 9:37:10 AM,8M6HM2_HVF,D1D,2,8682651
D622646,8,KJG0L008WFB3,0,0.001765,0.014121,0,0,0.007061,0,0.005295,0,0.001765,0,0,0,0.005295,,D6226460,PNCB,08/25/2026 5:55:04 AM,FDM406,8M6HM2_HVF,8M6HM2_HVF,08/25/2026 6:20:03 AM,8M6HM2_HVF,D1D,1,8691714
D622646,9,KJG0L009WFF5,0,0.007061,0.005295,0.001765,0,0.005295,0,0.001765,0,0.001765,0,0,0,0.001765,,D6226460,PNCB,08/25/2026 5:55:04 AM,FDM406,8M6HM2_HVF,8M6HM2_HVF,08/25/2026 6:17:38 AM,8M6HM2_HVF,D1D,2,8691635
D622626,255,KJD2K255WFC0,0,0.013854,0.010391,0.001732,0,0.006927,0,0.005195,0,0.001732,0,0,0.003464,0.006927,,D6226260,PNCB,08/28/2026 6:16:27 AM,FDM410,8M6HM2_HVF,8M6HM2_HVF,08/28/2026 6:41:33 AM,8M6HM2_HVF,D1D,1,8685285
D622626,339,KJD2K339WFB6,0,0.008659,0.012122,0.001732,0.003464,0.006927,0,0,0,0.006927,0,0,0.001732,0.001732,,D6226260,PNCB,08/28/2026 6:16:27 AM,FDM410,8M6HM2_HVF,8M6HM2_HVF,08/28/2026 6:40:08 AM,8M6HM2_HVF,D1D,2,8685286
D622103,364,HL2XW364JKC3,0,0.007414,0.01165,0.001765,0,0.001765,0,0.001765,0,0.001765,0.003883,0,0,0.007061,0,D6221030,PNCB,08/28/2026 10:52:11 PM,FDM406,8M6HM2_HVF,8M6HM2_HVF,08/28/2026 11:14:42 PM,8M6HM2_HVF,D1D,1,8673990
D622103,423,HL2XW423JKB3,0,0.008826,0.010591,0,0,0,0,0,0,0.00353,0,0,0,0.007061,,D6221030,PNCB,08/28/2026 10:52:11 PM,FDM406,8M6HM2_HVF,8M6HM2_HVF,08/28/2026 11:13:43 PM,8M6HM2_HVF,D1D,2,8673932
D622600,122,HL2NB122JKG1,0,0.712085,2.337064,0,0.039691,0.158764,0,0,0,0.012446,0,0,0,0.039691,0,D6226000,PR8B,08/28/2026 11:19:30 PM,FDM402,8M6HM2_HVF,8M6HM2_HVF,08/28/2026 11:50:15 PM,8M6HM2_HVF,D1D,1,8666686
D622600,123,HL2NB123JKD0,0,0.025956,0.101449,0.004503,0.011258,0.015885,0,0.012446,0,0,0.002252,0,0.007942,0.032834,0,D6226000,PR8B,08/28/2026 11:19:30 PM,FDM402,8M6HM2_HVF,8M6HM2_HVF,08/28/2026 11:52:46 PM,8M6HM2_HVF,D1D,2,8666609
D622121,1,KJCJD001WFC2,0,0,0.024712,0,0,0.007061,0,0,0,0.001765,0,0,0,0.001765,,D6221210,PNCB,08/27/2026 11:49:36 AM,FDM406,8M6HM2_HVF,8M6HM2_HVF,08/27/2026 1:10:20 PM,8M6HM2_HVF,D1D,1,8676843
D622121,2,KJCJD002WFG4,0,0.002802,0.012974,0.008407,0.011209,0.004567,0,0.002802,0,0,0,0,0.057809,0.141257,0,D6221210,PNCB,08/27/2026 11:49:36 AM,FDM406,8M6HM2_HVF,8M6HM2_HVF,08/27/2026 1:09:31 PM,8M6HM2_HVF,D1D,2,8676717
D622613,37,KJCJD037WFE3,0,0.014687,0.021363,0,0.001669,0.001669,0,0.005341,0,0.003338,0,0,0,0.002003,0,D6226130,PR8B,08/29/2026 6:25:39 AM,FDM404,8M6HM2_HVF,8M6HM2_HVF,08/29/2026 6:55:25 AM,8M6HM2_HVF,D1D,1,8669807
D622613,46,KJCJD046WFE5,0,0.024033,0.020361,0,0,0.053407,0,0.008345,0,0,0.004006,0,0,0,0,D6226130,PR8B,08/29/2026 6:25:39 AM,FDM404,8M6HM2_HVF,8M6HM2_HVF,08/29/2026 6:53:32 AM,8M6HM2_HVF,D1D,2,8669772
D622950,55,KJG0M055WFE1,0,0.015021,0.028372,0,0.001669,0.013352,0,0,0,0.008345,0.001669,0,0,0,,D6229500,PR8B,08/23/2026 7:39:36 PM,FDM406,8M6HM2_HVF,8M6HM2_HVF,08/23/2026 8:02:58 PM,8M6HM2_HVF,D1D,1,8700433
D622950,101,KJG0M101WFA5,0,0.008345,0.010014,0.001669,0,0.006676,0,0.001669,0,0.006676,0,0,0,0.001669,,D6229500,PR8B,08/23/2026 7:39:36 PM,FDM406,8M6HM2_HVF,8M6HM2_HVF,08/23/2026 8:01:39 PM,8M6HM2_HVF,D1D,2,8700425
D622123,56,KJCJG056WFC7,0,0.013854,0.006927,0,0,0.008659,0,0.010391,0,0.001732,0.001732,0,0,0.003464,,D6221230,PNCB,08/30/2026 8:00:04 AM,FDM410,8M6HM2_HVF,8M6HM2_HVF,08/30/2026 8:25:21 AM,8M6HM2_HVF,D1D,1,8677009
D622123,82,KJCJG082WFG6,0,0.010391,0.006927,0,0,0.013854,0,0.006927,0,0,0.003464,0,0,0.003464,,D6221230,PNCB,08/30/2026 8:00:04 AM,FDM410,8M6HM2_HVF,8M6HM2_HVF,08/30/2026 8:26:48 AM,8M6HM2_HVF,D1D,2,8677006
D622125,525,HL2XW525JKB5,0,0.012122,0.036367,0.001732,0.001732,0.005195,0,0.001732,0,0.006927,0.001732,0,0.003464,0.005195,,D6221250,PNCB,09/01/2026 8:26:44 AM,FDM410,8M6HM2_HVF,8M6HM2_HVF,09/01/2026 8:59:27 AM,8M6HM2_HVF,D1D,1,8679247
D622125,544,HL2XW544JKG3,0,0.006927,0.015586,0,0,0.008659,0,0.001732,0,0.001732,0,0,0.001732,0.006927,,D6221250,PNCB,09/01/2026 8:26:44 AM,FDM410,8M6HM2_HVF,8M6HM2_HVF,09/01/2026 8:57:27 AM,8M6HM2_HVF,D1D,2,8679192
D622622,255,MCR6M255WAC1,0,0.010591,0.008826,0,0,0.007061,0,0,0,0.00353,0,0,0.001765,0.005295,,D6226220,PNCB,09/02/2026 8:02:38 AM,FDM402,8M6HM2_HVF,8M6HM2_HVF,09/02/2026 8:29:56 AM,8M6HM2_HVF,D1D,1,8682465
D622622,316,MCR6M316WAC2,0,0.007061,0.030008,0.001765,0.001765,0.00353,0,0.001765,0,0.00353,0.001765,0,0.008826,0.014121,,D6226220,PNCB,09/02/2026 8:02:38 AM,FDM402,8M6HM2_HVF,8M6HM2_HVF,09/02/2026 8:28:56 AM,8M6HM2_HVF,D1D,2,8682416
D622101,38,KJCJD038WFB2,0,0.001765,0.005295,0.001765,0,0.001765,0,0.00353,0,0.00353,0.015886,0,0.001765,0,,D6221010,PNCB,08/31/2026 8:44:42 AM,FDM404,8M6HM2_HVF,8M6HM2_HVF,08/31/2026 9:12:00 AM,8M6HM2_HVF,D1D,1,8671825
D622101,40,KJCJD040WFB2,0,0.014298,0.024183,0.007237,0,0.007061,0,0.001765,0,0.001765,0.001942,0,0.001765,0,0,D6221010,PNCB,08/31/2026 8:44:42 AM,FDM404,8M6HM2_HVF,8M6HM2_HVF,08/31/2026 9:11:47 AM,8M6HM2_HVF,D1D,2,8671865
D622612,2,A2JZG002SLA0,0,0.003275,0.004913,0.001638,0,0,0,0,0,0.009826,0,0,0.001638,0,,D6226120,PR8B,09/05/2026 5:21:45 PM,FDM410,8M6HM2_HVF,8M6HM2_HVF,09/05/2026 5:47:27 PM,8M6HM2_HVF,D1D,1,8669534
D622612,6,A2JZG006SLC2,0,0.017031,0.031114,0,0,0.004913,0,0.003275,0,0.003275,0,0,0,0.00262,0,D6226120,PR8B,09/05/2026 5:21:45 PM,FDM410,8M6HM2_HVF,8M6HM2_HVF,09/05/2026 5:48:36 PM,8M6HM2_HVF,D1D,2,8669475
D622649,9,MCRYW009WAD7,0,0.021182,0.038392,0.00353,0,0.022947,0,0.00353,0,0.005737,0.001765,0,0,0.00353,0,D6226490,PNCB,09/04/2026 1:42:45 AM,FDM406,8M6HM2_HVF,8M6HM2_HVF,09/04/2026 2:19:04 AM,8M6HM2_HVF,D1D,1,8695285
D622649,12,MCRYW012WAA6,0,0.00353,0.038833,0,0,0.005295,0,0.001765,0,0.001765,0,0,0.00353,0,,D6226490,PNCB,09/04/2026 1:42:45 AM,FDM406,8M6HM2_HVF,8M6HM2_HVF,09/04/2026 2:18:13 AM,8M6HM2_HVF,D1D,2,8695234
D622614,5,KJ5LY005WFG7,0,0.018359,0.038386,0.001669,0,0.003338,0,0.003338,0,0.001669,0.003338,0,0.001669,0.008345,0,D6226140,PR8B,09/04/2026 6:22:55 AM,FDM404,8M6HM2_HVF,8M6HM2_HVF,09/04/2026 6:56:44 AM,8M6HM2_HVF,D1D,1,8669690
D622614,18,KJ5LY018WFC0,0,0.013352,0.028372,0,0,0,0,0.001669,0,0.001669,0,0,0.003338,0.001669,,D6226140,PR8B,09/04/2026 6:22:55 AM,FDM404,8M6HM2_HVF,8M6HM2_HVF,09/04/2026 6:55:02 AM,8M6HM2_HVF,D1D,2,8669713
D622644,67,KJG0M067WFC3,0,0.021535,0.079079,0.00353,0,0.00353,0,0,0,0.00353,0.001765,0,0,0,0,D6226440,PNCB,09/04/2026 2:46:02 PM,FDM402,8M6HM2_HVF,8M6HM2_HVF,09/04/2026 3:10:01 PM,8M6HM2_HVF,D1D,1,8691232
D622644,76,KJG0M076WFC5,0,0.015004,0.028243,0,0,0.00353,0,0.001765,0,0.00353,0.00353,0,0.006178,0,0,D6226440,PNCB,09/04/2026 2:46:02 PM,FDM402,8M6HM2_HVF,8M6HM2_HVF,09/04/2026 3:11:06 PM,8M6HM2_HVF,D1D,2,8691167
D622109,521,HL3XU521JKA4,0,0.008659,0.015586,0,0,0.005195,0,0.003464,0,0.003464,0.001732,0,0.001732,0.001732,,D6221090,PNCB,09/02/2026 8:47:04 PM,FDM410,8M6HM2_HVF,8M6HM2_HVF,09/02/2026 9:29:05 PM,8M6HM2_HVF,D1D,1,8674149
D622109,523,HL3XU523JKB5,0,0.010391,0.024245,0,0,0.003464,0,0,0,0,0,0,0.001732,0.003464,,D6221090,PNCB,09/02/2026 8:47:04 PM,FDM410,8M6HM2_HVF,8M6HM2_HVF,09/02/2026 9:27:40 PM,8M6HM2_HVF,D1D,2,8674140
D622109,524,HL3XU524JKF7,0,0.006927,0.024245,0,0,0.001732,0,0.001732,0,0.001732,0,0,0.001732,0,,D6221090,PNCB,09/02/2026 8:47:04 PM,FDM410,8M6HM2_HVF,8M6HM2_HVF,09/02/2026 9:31:13 PM,8M6HM2_HVF,D1D,3,8674107
D622109,525,HL3XU525JKC6,0,0.006927,0.019049,0,0,0.006927,0,0.001732,0,0.010391,0,0,0.005195,0.006927,,D6221090,PNCB,09/02/2026 8:47:04 PM,FDM410,8M6HM2_HVF,8M6HM2_HVF,09/02/2026 9:30:06 PM,8M6HM2_HVF,D1D,4,8674147
D622638,9,MCQXK009WAB7,0,0.012356,0.024712,0,0,0.007061,0,0,0,0,0.001765,0,0,0.00353,,D6226380,PNCB,09/02/2026 8:24:49 PM,FDM406,8M6HM2_HVF,8M6HM2_HVF,09/02/2026 8:57:47 PM,8M6HM2_HVF,D1D,1,8691068
D622638,25,MCQXK025WAB2,0,0.019417,0.007061,0.001765,0,0.001765,0,0.001765,0,0.001765,0.001765,0,0.001765,0.00353,,D6226380,PNCB,09/02/2026 8:24:49 PM,FDM406,8M6HM2_HVF,8M6HM2_HVF,09/02/2026 8:55:56 PM,8M6HM2_HVF,D1D,2,8691069
D622605,162,HL2NB162JKC0,0,0.051902,0.040898,0,0.003396,0.034035,0,0.005095,0,0.031453,0,0,0.001698,0.005095,0,D6226050,PR8B,09/03/2026 12:47:29 PM,FDM406,8M6HM2_HVF,8M6HM2_HVF,09/03/2026 1:11:28 PM,8M6HM2_HVF,D1D,1,8666589
D622605,252,HL2NB252JKE0,0,0.017357,0.032378,0.003672,0.005007,0,0,0.001669,0,0.019694,0.005341,0,0.001669,0.006676,0,D6226050,PR8B,09/03/2026 12:47:29 PM,FDM406,8M6HM2_HVF,8M6HM2_HVF,09/03/2026 1:10:25 PM,8M6HM2_HVF,D1D,2,8666494
D622596,7,MCQXK007WAA6,0,0.005007,0.010014,0.001669,0.001669,0,0,0,0,0.011683,0,0,0.006676,0.015021,,D6225960Z,PR8B,09/08/2026 9:20:17 AM,FDM406,8M6HM2_HVF,8M6HM2_HVF,09/08/2026 11:09:33 AM,8M6HM2_HVF,D1D,1,9276719
D622596,35,MCQXK035WAF6,0,0.011683,0.010014,0.005007,0,0,0,0.001669,0,0.003338,0,0,0.005007,0.011683,,D6225960Z,PR8B,09/08/2026 9:20:17 AM,FDM406,8M6HM2_HVF,8M6HM2_HVF,09/08/2026 11:09:44 AM,8M6HM2_HVF,D1D,2,9276840
D622102,496,HL3XU496JKC4,0,0.005295,0.033538,0.005295,0,0.001765,0,0.001765,0,0,0,0,0.001765,0.001765,0,D6221020,PNCB,09/09/2026 2:32:09 PM,FDM404,8M6HM2_HVF,8M6HM2_HVF,09/09/2026 2:59:18 PM,8M6HM2_HVF,D1D,1,8673933
D622102,498,HL3XU498JKD5,0,0.008826,0.010591,0.001765,0.001765,0,0,0.005295,0,0.001765,0,0,0.00353,0,,D6221020,PNCB,09/09/2026 2:32:09 PM,FDM404,8M6HM2_HVF,8M6HM2_HVF,09/09/2026 2:58:09 PM,8M6HM2_HVF,D1D,2,8674000
D622648,4,5DXYU004MVE3,0,0.012681,0.033551,0.002069,0.002069,0.006208,0,0.002069,0,0.004139,0.002157,0,0.008278,0.006208,0,D6226480,PNCB,09/09/2026 1:19:14 PM,FDM406,8M6HM2_HVF,8M6HM2_HVF,09/09/2026 1:46:43 PM,8M6HM2_HVF,D1D,1,8692125
D622648,22,5DXYU022MVE7,0,0.008826,0.010591,0,0,0.001765,0,0.001765,0,0.001765,0.001765,0,0.015886,0.001765,,D6226480,PNCB,09/09/2026 1:19:14 PM,FDM406,8M6HM2_HVF,8M6HM2_HVF,09/09/2026 1:48:00 PM,8M6HM2_HVF,D1D,2,8692069
D622635,537,5DXYM537MVB1,0,0.012356,0.008826,0,0,0,0,0.001765,0,0.001765,0,0,0,0.001765,,D6226350,PNCB,09/12/2026 8:41:49 PM,FDM402,8M6HM2_HVF,8M6HM2_HVF,09/12/2026 9:09:25 PM,8M6HM2_HVF,D1D,1,8688782
D622635,542,5DXYM542MVG4,0,0.00353,0.017652,0,0.001765,0,0,0,0,0,0.00353,0,0,0,,D6226350,PNCB,09/12/2026 8:41:49 PM,FDM402,8M6HM2_HVF,8M6HM2_HVF,09/12/2026 9:10:26 PM,8M6HM2_HVF,D1D,2,8688836
D621933,6,MCR6K006WAH0,0,0.017023,0.043059,0.001669,0,0.003338,0,0.003338,0,0.001669,0,0,0.001669,0.008345,0,D6219330,PR8B,09/12/2026 8:15:15 PM,FDM406,8M6HM2_HVF,8M6HM2_HVF,09/12/2026 8:39:29 PM,8M6HM2_HVF,D1D,1,8660143
D621933,10,MCR6K010WAA6,0,0.014353,0.049068,0.001669,0,0.006676,0,0.001669,0,0.001669,0.001669,0,0.003338,0.006676,0,D6219330,PR8B,09/12/2026 8:15:15 PM,FDM406,8M6HM2_HVF,8M6HM2_HVF,09/12/2026 8:40:52 PM,8M6HM2_HVF,D1D,2,8660066
D622627,55,IEGMA055MMB5,0,0.010591,0.007061,0,0,0.007061,0,0.007061,0,0.007061,0.001765,0,0.001765,0.001765,,D6226270,PNCB,09/06/2026 1:15:53 PM,FDM406,8M6HM2_HVF,8M6HM2_HVF,09/06/2026 1:43:00 PM,8M6HM2_HVF,D1D,1,8686550
D622627,56,IEGMA056MMF7,0,0.019417,0.022947,0.001765,0.00353,0.035303,0,0.010591,0,0.008826,0.005295,0,0.001765,0,,D6226270,PNCB,09/06/2026 1:15:53 PM,FDM406,8M6HM2_HVF,8M6HM2_HVF,09/06/2026 1:41:32 PM,8M6HM2_HVF,D1D,2,8686535
D621931,180,HM8TF180JKE0,0,0.025035,0.018359,0.003338,0.001669,0.003338,0,0.001669,0,0.003338,0,0,0,0.005007,,D6219310,PR8B,09/06/2026 3:49:53 AM,FDM402,8M6HM2_HVF,8M6HM2_HVF,09/06/2026 4:18:15 AM,8M6HM2_HVF,D1D,1,8654572
D621931,181,HM8TF181JKA7,0,0.021697,0.021697,0.001669,0.001669,0.005007,0,0.003338,0,0.011683,0,0,0,0.001669,,D6219310,PR8B,09/06/2026 3:49:53 AM,FDM402,8M6HM2_HVF,8M6HM2_HVF,09/06/2026 4:20:14 AM,8M6HM2_HVF,D1D,2,8654607
D622625,404,KJ5DT404WFC6,0,0.015886,0.021182,0.007061,0,0.00353,0,0,0,0.010591,0.00353,0,0,0.001765,,D6226250,PNCB,09/06/2026 11:43:39 AM,FDM404,8M6HM2_HVF,8M6HM2_HVF,09/06/2026 12:18:02 PM,8M6HM2_HVF,D1D,1,8685075
D622625,413,KJ5DT413WFD0,0,0.025238,0.028768,0.003155,0,0.037857,0,0,0,0.045932,0.006309,0,0,0.006309,0,D6226250,PNCB,09/06/2026 11:43:39 AM,FDM404,8M6HM2_HVF,8M6HM2_HVF,09/06/2026 12:19:09 PM,8M6HM2_HVF,D1D,2,8684996
D623164,12,KJG0M012WFC7,0,0.019694,0.013018,0.010681,0.001669,0.011349,0,0.010681,0,0.005007,0,0,0.015688,0.039054,0,D6231640,PR8B,09/11/2026 3:48:57 AM,FDM410,8M6HM2_HVF,8M6HM2_HVF,09/11/2026 4:17:45 AM,8M6HM2_HVF,D1D,1,8705001
D623164,15,KJG0M015WFA7,0,0.018859,0.024033,0.003505,0.001669,0.003338,0,0.006843,0,0.001669,0.003505,0,0.013352,0.005007,0,D6231640,PR8B,09/11/2026 3:48:57 AM,FDM410,8M6HM2_HVF,8M6HM2_HVF,09/11/2026 4:18:44 AM,8M6HM2_HVF,D1D,2,8705101
D622115,471,HL3XU471JKB6,0,0,0.019505,0.002957,0.029566,0.004722,0,0.00887,0,0.002957,0,0,0.027183,0.151362,0,D6221150,PNCB,09/11/2026 7:43:47 AM,FDM402,8M6HM2_HVF,8M6HM2_HVF,09/11/2026 8:10:04 AM,8M6HM2_HVF,D1D,1,8676754
D622115,473,HL3XU473JKC7,0,0.008826,0.017652,0.001765,0,0.005295,0,0,0,0.001765,0.00353,0,0.001765,0.00353,,D6221150,PNCB,09/11/2026 7:43:47 AM,FDM402,8M6HM2_HVF,8M6HM2_HVF,09/11/2026 8:07:55 AM,8M6HM2_HVF,D1D,2,8676750
D622621,51,MCQXK051WAF1,0,0.018358,0.017828,0.001765,0.012356,0.005295,0,0.001765,0,0.00353,0.012003,0,0.003001,0.007061,0,D6226210,PNCB,09/11/2026 1:20:39 AM,FDM410,8M6HM2_HVF,8M6HM2_HVF,09/11/2026 1:50:56 AM,8M6HM2_HVF,D1D,1,8682346
D622621,97,MCQXK097WAE3,0,0.010591,0.019417,0,0,0.005295,0,0.001765,0,0.007061,0,0,0.00353,0.001765,,D6226210,PNCB,09/11/2026 1:20:39 AM,FDM410,8M6HM2_HVF,8M6HM2_HVF,09/11/2026 1:52:06 AM,8M6HM2_HVF,D1D,2,8682287
D622643,4,KJG0L004WFG4,0,0.008826,0.010591,0,0,0.005295,0,0.007061,0,0,0,0,0,0.00353,,D6226430,PNCB,09/11/2026 8:07:09 AM,FDM406,8M6HM2_HVF,8M6HM2_HVF,09/11/2026 8:33:01 AM,8M6HM2_HVF,D1D,1,8691308
D622643,5,KJG0L005WFD3,0,0.001765,0.017904,0.001765,0.001765,0.004035,0,0.005295,0,0.001765,0.004035,0.002269,0,0.010591,0,D6226430,PNCB,09/11/2026 8:07:09 AM,FDM406,8M6HM2_HVF,8M6HM2_HVF,09/11/2026 8:32:06 AM,8M6HM2_HVF,D1D,2,8691334
D621934,12,MCQXK012WAG1,0,0.015021,0.015021,0,0,0.005007,0,0.008345,0,0,0,0,0.001669,0.010014,,D6219340,PR8B,09/06/2026 1:28:45 AM,FDM404,8M6HM2_HVF,8M6HM2_HVF,09/06/2026 1:57:01 AM,8M6HM2_HVF,D1D,1,8660154
D621934,22,MCQXK022WAD2,0,0.010514,0.017524,0,0,0.003338,0,0.010514,0,0.004339,0.00217,0,0,0,0,D6219340,PR8B,09/06/2026 1:28:45 AM,FDM404,8M6HM2_HVF,8M6HM2_HVF,09/06/2026 1:55:54 AM,8M6HM2_HVF,D1D,2,8660155
D622647,247,KJG0P247WFA1,0,0.012356,0.008826,0,0,0.001765,0,0.001765,0,0,0,0,0,0.00353,,D6226470,PNCB,09/06/2026 11:24:27 AM,FDM402,8M6HM2_HVF,8M6HM2_HVF,09/06/2026 11:53:25 AM,8M6HM2_HVF,D1D,1,8691932
D622647,254,KJG0P254WFG5,0,0.007061,0.010591,0,0,0.010591,0,0.001765,0,0.005295,0,0,0.001765,0.001765,,D6226470,PNCB,09/06/2026 11:24:27 AM,FDM402,8M6HM2_HVF,8M6HM2_HVF,09/06/2026 11:53:06 AM,8M6HM2_HVF,D1D,2,8691913
D622826,16,MCT3B016WAC7,0,0.003338,0.014687,0.003839,0,0.008345,0,0.009346,0,0.001669,0,0,0.001669,0.005508,0,D6228260,PR8B,09/07/2026 4:48:09 AM,FDM404,8M6HM2_HVF,8M6HM2_HVF,09/07/2026 5:14:04 AM,8M6HM2_HVF,D1D,1,8695433
D622826,29,MCT3B029WAF3,0,0.008345,0.011683,0.003338,0,0.003338,0,0.003338,0,0.006676,0.001669,0,0,0.005007,,D6228260,PR8B,09/07/2026 4:48:09 AM,FDM404,8M6HM2_HVF,8M6HM2_HVF,09/07/2026 5:12:53 AM,8M6HM2_HVF,D1D,2,8695402
D622628,139,MCQXK139WAH1,0,0.014121,0.033538,0.015886,0.001765,0,0,0.00353,0,0.005295,0.00353,0,0.001765,0.012356,,D6226280,PNCB,09/10/2026 2:09:45 AM,FDM410,8M6HM2_HVF,8M6HM2_HVF,09/10/2026 2:36:43 AM,8M6HM2_HVF,D1D,1,8686662
D622628,148,MCQXK148WAA0,0,0.007061,0.012356,0.007061,0,0,0,0.005295,0,0.008826,0.001765,0,0.00353,0.00353,,D6226280,PNCB,09/10/2026 2:09:45 AM,FDM410,8M6HM2_HVF,8M6HM2_HVF,09/10/2026 2:38:07 AM,8M6HM2_HVF,D1D,2,8686671
D622636,264,MCQLQ264WAB5,0,0.007061,0.024712,0,0,0.005295,0,0,0,0.00353,0,0,0,0.00353,,D6226360,PNCB,09/10/2026 4:25:03 AM,FDM406,8M6HM2_HVF,8M6HM2_HVF,09/10/2026 5:54:18 AM,8M6HM2_HVF,D1D,1,8689163
D622636,267,MCQLQ267WAH0,0,0.010591,0.005295,0,0.00353,0.001765,0,0.00353,0,0.001765,0.001765,0,0,0,,D6226360,PNCB,09/10/2026 4:25:03 AM,FDM406,8M6HM2_HVF,8M6HM2_HVF,09/10/2026 5:53:02 AM,8M6HM2_HVF,D1D,2,8688994
D622108,434,HL3XU434JKD7,0,0.005295,0.008826,0,0.001765,0,0,0.00353,0,0.001765,0.001765,0,0.001765,0.010591,,D6221080,PNCB,09/10/2026 4:12:40 AM,FDM402,8M6HM2_HVF,8M6HM2_HVF,09/10/2026 4:38:53 AM,8M6HM2_HVF,D1D,1,8673902
D622108,436,HL3XU436JKF0,0,0.001765,0.008826,0,0,0.001765,0,0,0,0,0.001765,0,0.00353,0.001765,,D6221080,PNCB,09/10/2026 4:12:40 AM,FDM402,8M6HM2_HVF,8M6HM2_HVF,09/10/2026 4:40:01 AM,8M6HM2_HVF,D1D,2,8673919
D623166,540,5DXYM540MVF3,0,0.02904,0.028039,0,0.005007,0.010681,0,0.006676,0,0.010348,0.003672,0,0.001669,0.003338,0,D6231660,PR8B,09/13/2026 3:04:53 AM,FDM404,8M6HM2_HVF,8M6HM2_HVF,09/13/2026 3:33:51 AM,8M6HM2_HVF,D1D,1,8705440
D623166,545,5DXYM545MVE4,0,0.020695,0.024701,0,0,0.002337,0,0.003338,0,0.007343,0,0,0,0.005007,0,D6231660,PR8B,09/13/2026 3:04:53 AM,FDM404,8M6HM2_HVF,8M6HM2_HVF,09/13/2026 3:32:38 AM,8M6HM2_HVF,D1D,2,8705438
D622601,28,HL2NB028JKD0,0,0.033379,0.045062,0.001669,0.001669,0.015021,0,0.003338,0,0.010014,0,0,0,0.006676,0,D6226010,PR8B,09/13/2026 7:46:10 PM,FDM410,8M6HM2_HVF,8M6HM2_HVF,09/13/2026 8:12:21 PM,8M6HM2_HVF,D1D,1,8666186
D622601,29,HL2NB029JKH2,0,0.022475,0.031488,0.001891,0,0.011238,0,0.003783,0,0.013129,0.003783,0,0.005674,0,0,D6226010,PR8B,09/13/2026 7:46:10 PM,FDM410,8M6HM2_HVF,8M6HM2_HVF,09/13/2026 8:10:27 PM,8M6HM2_HVF,D1D,2,8666159
D622000,55,KJCJD055WFE7,0,0.012356,0.012356,0,0,0.012356,0,0.001765,0,0.00353,0.001765,0,0.001765,0.001765,,D6220000,PNCB,09/13/2026 8:58:37 PM,FDM410,8M6HM2_HVF,8M6HM2_HVF,09/13/2026 9:22:25 PM,8M6HM2_HVF,D1D,1,8671798
D622000,58,KJCJD058WFC7,0,0.014121,0.010591,0,0,0.001765,0,0,0,0,0,0,0,0,,D6220000,PNCB,09/13/2026 8:58:37 PM,FDM410,8M6HM2_HVF,8M6HM2_HVF,09/13/2026 9:23:08 PM,8M6HM2_HVF,D1D,2,8671769
D623172,20,MCRYW020WAE1,0,0.008178,0.008178,0.001669,0,0.00217,0,0.005508,0,0,0.006008,0,0,0.001669,0,D6231720,PR8B,09/14/2026 2:19:21 AM,FDM410,8M6HM2_HVF,8M6HM2_HVF,09/14/2026 2:44:02 AM,8M6HM2_HVF,D1D,1,8707600
D623172,22,MCRYW022WAF2,0,0.010014,0.008345,0.006676,0,0.003338,0,0.008345,0,0.006676,0,0,0,0,,D6231720,PR8B,09/14/2026 2:19:21 AM,FDM410,8M6HM2_HVF,8M6HM2_HVF,09/14/2026 2:43:31 AM,8M6HM2_HVF,D1D,2,8707768
D622603,2,HL2NB002JKF3,0,0.013352,0.023366,0.001669,0,0.001669,0,0,0,0,0,0,0.003338,0.003338,,D6226030,PR8B,09/14/2026 5:01:13 AM,FDM410,8M6HM2_HVF,8M6HM2_HVF,09/14/2026 5:28:20 AM,8M6HM2_HVF,D1D,1,8666348
D622603,4,HL2NB004JKG4,0,0.013352,0.011683,0,0,0.003338,0,0,0,0.001669,0,0,0.001669,0.001669,,D6226030,PR8B,09/14/2026 5:01:13 AM,FDM410,8M6HM2_HVF,8M6HM2_HVF,09/14/2026 5:27:00 AM,8M6HM2_HVF,D1D,2,8666298
D622598,23,A2MEK023SLB5,0,0.011683,0.00701,0.008679,0.005007,0.008345,0,0.00701,0,0.00701,0.005007,0.001669,0.017357,0.023032,0,D6225980,PR8B,09/14/2026 7:05:01 PM,FDM406,8M6HM2_HVF,8M6HM2_HVF,09/14/2026 7:30:28 PM,8M6HM2_HVF,D1D,1,8666490
D622598,25,A2MEK025SLC6,0,0.034381,0.00968,0.003338,0.005007,0.005007,0,0.001669,0,0.00968,0.005674,0,0.035716,0.011683,0,D6225980,PR8B,09/14/2026 7:05:01 PM,FDM406,8M6HM2_HVF,8M6HM2_HVF,09/14/2026 7:31:23 PM,8M6HM2_HVF,D1D,2,8666489
D616541,232,HJ5FE232JKG6,0,0.003475,0.010425,0,0.001737,0.001737,0,0,0,0,0,0,0.003475,0.001737,,D6165410,PXMG,07/02/2026 8:39:41 PM,FDM410,8M6HM2_HVF,8M6HM2_HVF,07/26/2026 3:25:25 PM,8M6HM2_HVF,D1D,1,8444393
D616541,233,HJ5FE233JKD5,0,0.005212,0.024325,0,0,0.001737,0,0.001737,0,0.003475,0.001737,0,0.00695,0.003475,,D6165410,PXMG,07/02/2026 8:39:41 PM,FDM410,8M6HM2_HVF,8M6HM2_HVF,07/26/2026 3:25:32 PM,8M6HM2_HVF,D1D,2,8444439
D616526,57,A2DY9057SLC1,0,0.005212,0.017375,0,0.001737,0.003475,0,0.001737,0,0.003475,0,0,0.015637,0.045175,,D6165260,PXMG,07/03/2026 7:05:06 AM,FDM404,8M6HM2_HVF,8M6HM2_HVF,07/26/2026 3:26:09 PM,8M6HM2_HVF,D1D,1,8441267
D616526,61,A2DY9061SLD2,0,0.010425,0.017375,0,0,0,0,0,0,0,0,0,0.003475,0.003475,,D6165260,PXMG,07/03/2026 7:05:06 AM,FDM404,8M6HM2_HVF,8M6HM2_HVF,07/26/2026 3:25:50 PM,8M6HM2_HVF,D1D,2,8441300
D616526,165,A2FU3165SLB4,0,0.012857,0.021197,0.003475,0,0.003822,0,0.001737,0,0.003475,0.002085,0,0.001737,0.001737,0,D6165260,PXMG,07/03/2026 7:05:06 AM,FDM404,8M6HM2_HVF,8M6HM2_HVF,07/26/2026 3:26:27 PM,8M6HM2_HVF,D1D,3,8441309
D616526,167,A2FU3167SLC5,0,0.008687,0.0139,0,0,0.003475,0,0,0,0.005212,0.00695,0,0.001737,0.001737,,D6165260,PXMG,07/03/2026 7:05:06 AM,FDM404,8M6HM2_HVF,8M6HM2_HVF,07/26/2026 3:26:02 PM,8M6HM2_HVF,D1D,4,8441322
D616526,168,A2FU3168SLG7,0,0.00695,0.063245,0,0,0.003475,0,0.003475,0,0.004517,0,0,0,0.003475,0,D6165260,PXMG,07/03/2026 7:05:06 AM,FDM404,8M6HM2_HVF,8M6HM2_HVF,07/26/2026 3:26:18 PM,8M6HM2_HVF,D1D,5,8441308
D616526,169,A2FU3169SLD6,0,0.009382,0.039267,0,0,0.003475,0,0,0,0.005212,0.005212,0,0,0.001737,0,D6165260,PXMG,07/03/2026 7:05:06 AM,FDM404,8M6HM2_HVF,8M6HM2_HVF,07/26/2026 3:25:56 PM,8M6HM2_HVF,D1D,6,8441286
D616504,68,KJD9W068WFC2,0,0.012162,0.008687,0,0,0.003475,0,0,0,0.003475,0,0,0.010425,0.00695,,D6165040,PXMG,07/10/2026 10:06:48 AM,FDM406,8M6HM2_HVF,8M6HM2_HVF,08/26/2026 10:51:19 PM,8M6HM2_HVF,D1D,1,8431731
D616504,73,KJD9W073WFA2,0,0.02085,0.0139,0.003475,0,0.003475,0,0,0,0.005212,0,0,0,0,,D6165040,PXMG,07/10/2026 10:06:48 AM,FDM406,8M6HM2_HVF,8M6HM2_HVF,08/28/2026 2:37:29 AM,8M6HM2_HVF,D1D,2,8431659
D616504,74,KJD9W074WFE4,0,0.00695,0.019112,0,0,0.001737,0,0.001737,0,0,0,0,0.001737,0.001737,,D6165040,PXMG,07/10/2026 11:25:05 AM,FDM410,8M6HM2_HVF,8M6HM2_HVF,08/26/2026 10:54:57 PM,8M6HM2_HVF,D1D,3,8431718
D616504,79,KJD9W079WFD5,0,0.00695,0.017375,0.001737,0,0,0,0.003475,0,0.005212,0,0,0.001737,0.001737,,D6165040,PXMG,07/10/2026 11:25:05 AM,FDM410,8M6HM2_HVF,8M6HM2_HVF,08/28/2026 2:47:28 AM,8M6HM2_HVF,D1D,4,8431649
D616504,229,KJD2H229WFE3,0,0.005212,0.017375,0.001737,0,0.003475,0,0,0,0.001737,0,0,0,0.003475,,D6165040,PXMG,07/10/2026 11:25:05 AM,FDM410,8M6HM2_HVF,8M6HM2_HVF,08/26/2026 10:47:47 PM,8M6HM2_HVF,D1D,5,8431729
D616522,551,KJDLR551WFE0,0,0.00695,0.031275,0.001737,0,0.003475,0,0,0,0.001737,0,0,0.012162,0.003475,,D6165220,PXMG,07/11/2026 2:40:31 AM,FDM408,8M6HM2_HVF,8M6HM2_HVF,09/02/2026 11:27:23 AM,8M6HM2_HVF,D1D,1,8439394
D616522,567,KJDLR567WFE4,0,0.00695,0.019112,0,0.001737,0.001737,0,0,0,0.005212,0,0,0.001737,0.005212,,D6165220,PXMG,07/11/2026 2:40:31 AM,FDM408,8M6HM2_HVF,8M6HM2_HVF,09/03/2026 4:07:34 AM,8M6HM2_HVF,D1D,2,8439395
D616522,575,KJDLR575WFA4,0,0.010425,0.019112,0.001737,0,0.003475,0,0,0,0.003475,0,0,0.00695,0.005212,,D6165220,PXMG,07/11/2026 3:57:47 AM,FDM410,8M6HM2_HVF,8M6HM2_HVF,09/01/2026 10:10:03 PM,8M6HM2_HVF,D1D,3,8439379
D616522,576,KJDLR576WFE6,0,0.005212,0.019112,0,0.001737,0.00695,0,0,0,0.001737,0.001737,0,0.003475,0.001737,,D6165220,PXMG,07/11/2026 3:57:47 AM,FDM410,8M6HM2_HVF,8M6HM2_HVF,09/01/2026 1:31:40 AM,8M6HM2_HVF,D1D,4,8439240
D616522,634,KJDLR634WFG7,0,0.005212,0.010425,0.001737,0.001737,0.001737,0,0,0,0,0.001737,0,0.003475,0.005212,,D6165220,PXMG,07/11/2026 3:57:47 AM,FDM410,8M6HM2_HVF,8M6HM2_HVF,09/01/2026 12:08:46 AM,8M6HM2_HVF,D1D,5,8439317
D616512,458,HK0SX458JKC6,0,0.01529,0.029885,0.001737,0,0.005212,0,0.001737,0,0.001737,0,0,0.001737,0.003475,0,D6165120,PXMG,07/11/2026 10:30:14 AM,FDM406,8M6HM2_HVF,8M6HM2_HVF,09/01/2026 10:31:48 AM,8M6HM2_HVF,D1D,1,8438506
D616512,459,HK0SX459JKH0,0,0.007124,0.025541,0.001737,0,0.003649,0,0,0,0,0,0,0,0.001911,0,D6165120,PXMG,07/11/2026 10:30:14 AM,FDM406,8M6HM2_HVF,8M6HM2_HVF,09/01/2026 10:05:46 PM,8M6HM2_HVF,D1D,2,8438394
D616512,460,HK0SX460JKC6,0,0.012162,0.0139,0,0.001737,0.005212,0,0.001737,0,0.005212,0.001737,0,0,0.001737,,D6165120,PXMG,07/11/2026 11:25:53 AM,FDM406,8M6HM2_HVF,8M6HM2_HVF,09/01/2026 10:25:10 AM,8M6HM2_HVF,D1D,3,8438369
D616512,461,HK0SX461JKH0,0,0.008687,0.003475,0,0,0.005212,0,0.001737,0,0.001737,0,0,0,0,,D6165120,PXMG,07/11/2026 11:25:53 AM,FDM406,8M6HM2_HVF,8M6HM2_HVF,09/01/2026 10:08:44 PM,8M6HM2_HVF,D1D,4,8438388
D616512,462,HK0SX462JKD7,0,0.010077,0.047607,0.001737,0,0.00834,0,0.001737,0,0.001737,0,0,0.003475,0,0,D6165120,PXMG,07/11/2026 11:25:53 AM,FDM406,8M6HM2_HVF,8M6HM2_HVF,09/01/2026 12:18:52 AM,8M6HM2_HVF,D1D,5,8438397
D616510,231,KJD2H231WFE3,0,0.008687,0.0139,0.038225,0.010425,0.012162,0,0.005212,0,0.010425,0,0,0.008687,0.019112,,D6165100,PXMG,07/11/2026 1:21:00 PM,FDM404,8M6HM2_HVF,8M6HM2_HVF,08/27/2026 1:04:29 AM,8M6HM2_HVF,D1D,1,8435113
D616510,234,KJD2H234WFC3,0,0.010425,0.02085,0.012162,0.005212,0.005212,0,0.001737,0,0.001737,0,0,0.031275,0.036487,,D6165100,PXMG,07/11/2026 1:21:00 PM,FDM404,8M6HM2_HVF,8M6HM2_HVF,08/26/2026 10:59:42 PM,8M6HM2_HVF,D1D,2,8435189
D616510,249,KJD2H249WFG0,0,0.013205,0.01946,0,0,0.005212,0,0,0,0,0,0,0.001737,0.007297,0,D6165100,PXMG,07/11/2026 1:21:00 PM,FDM404,8M6HM2_HVF,8M6HM2_HVF,08/26/2026 11:09:32 PM,8M6HM2_HVF,D1D,3,8435172
D616510,283,KJD2H283WFF7,0,0.015637,0.019112,0.001737,0.001737,0.001737,0,0,0,0.012162,0.001737,0,0.003475,0.001737,,D6165100,PXMG,07/11/2026 1:21:00 PM,FDM404,8M6HM2_HVF,8M6HM2_HVF,08/26/2026 3:27:34 AM,8M6HM2_HVF,D1D,4,8435090
D616510,308,KJD2H308WFF0,0,0.018417,0.024672,0.007471,0.001737,0.010946,0,0.003475,0,0.009209,0,0,0,0.009209,0,D6165100,PXMG,07/11/2026 1:21:00 PM,FDM404,8M6HM2_HVF,8M6HM2_HVF,08/26/2026 11:10:46 PM,8M6HM2_HVF,D1D,5,8435123
D616510,350,KJD2H350WFA7,0,0.001737,0.010425,0,0,0.00695,0,0,0,0.00695,0,0,0.005212,0,,D6165100,PXMG,07/11/2026 1:21:00 PM,FDM404,8M6HM2_HVF,8M6HM2_HVF,08/26/2026 11:05:08 PM,8M6HM2_HVF,D1D,6,8435157
D616510,405,KJD2H405WFG1,0,0.012162,0.02085,0.001737,0,0.00695,0,0,0,0.003475,0,0,0,0.001737,,D6165100,PXMG,07/11/2026 1:21:00 PM,FDM404,8M6HM2_HVF,8M6HM2_HVF,08/26/2026 11:06:16 PM,8M6HM2_HVF,D1D,7,8435220
D616510,534,KJD2H534WFH1,0,0.024499,0.051951,0,0.001737,0.0278,0,0,0,0.003475,0.001737,0,0.00695,0.005212,0,D6165100,PXMG,07/11/2026 1:21:00 PM,FDM404,8M6HM2_HVF,8M6HM2_HVF,08/27/2026 1:08:54 AM,8M6HM2_HVF,D1D,8,8435216
D616548,682,KJE5Y682WFA5,0,0.017375,0.039962,0.001737,0,0.005212,0,0.001737,0,0.001737,0.001737,0,0.001737,0.003475,,D6165480,PXMG,07/08/2026 7:23:52 PM,FDM404,8M6HM2_HVF,8M6HM2_HVF,07/26/2026 3:23:32 PM,8M6HM2_HVF,D1D,1,8445051
D616548,703,KJE5Y703WFE7,0,0.015637,0.026062,0,0.001737,0.003475,0,0.001737,0,0,0,0,0.00695,0.008687,,D6165480,PXMG,07/08/2026 7:23:52 PM,FDM404,8M6HM2_HVF,8M6HM2_HVF,07/26/2026 3:16:38 PM,8M6HM2_HVF,D1D,2,8445068
D616888,27,HJ5FE027JKD1,0,0.018832,0.017195,0,0.001638,0.036846,0,0.004094,0,0.019651,0,0,0.003275,0,0,D6168880,PR8B,07/06/2026 2:25:33 AM,FDM408,8M6HM2_HVF,8M6HM2_HVF,07/26/2026 3:24:33 PM,8M6HM2_HVF,D1D,1,8453699
D616888,72,HJ5FE072JKE3,0,0.017195,0.036027,0.001638,0,0.010644,0,0.003275,0,0.00655,0.001638,0,0,0.011463,0,D6168880,PR8B,07/06/2026 2:25:33 AM,FDM408,8M6HM2_HVF,8M6HM2_HVF,07/26/2026 3:24:36 PM,8M6HM2_HVF,D1D,2,8453612
D616890,4,KJD9W004WFC4,0,0.021289,0.024564,0.003275,0.001638,0.008188,0,0,0,0.009826,0,0,0,0.003275,,D6168900,PR8B,07/17/2026 2:52:10 AM,FDM402,8M6HM2_HVF,8M6HM2_HVF,09/03/2026 5:41:24 AM,8M6HM2_HVF,D1D,1,8453879
D616890,6,KJD9W006WFD5,0,0.013101,0.013101,0.004913,0.003275,0.008188,0,0,0,0.001638,0,0,0.004913,0.008188,,D6168900,PR8B,07/17/2026 2:52:10 AM,FDM402,8M6HM2_HVF,8M6HM2_HVF,09/03/2026 10:22:05 AM,8M6HM2_HVF,D1D,2,8453866
D616890,219,KJD9W219WFE3,0,0.029477,0.010153,0,0,0.00262,0,0.001638,0,0.00262,0,0,0.001638,0.00262,0,D6168900,PR8B,07/17/2026 3:38:37 AM,FDM404,8M6HM2_HVF,8M6HM2_HVF,09/02/2026 5:35:19 AM,8M6HM2_HVF,D1D,3,8453756
D616890,220,KJD9W220WFA1,0,0.047818,0.003275,0,0,0.006878,0,0.003275,0,0.001638,0.00262,0,0.001638,0.003275,0,D6168900,PR8B,07/17/2026 3:38:37 AM,FDM404,8M6HM2_HVF,8M6HM2_HVF,09/03/2026 3:49:01 AM,8M6HM2_HVF,D1D,4,8453924
D616890,223,KJD9W223WFF4,0,0.027839,0.024564,0.001638,0,0.011463,0,0,0,0.003275,0.001638,0,0,0.003275,0,D6168900,PR8B,07/17/2026 3:38:37 AM,FDM404,8M6HM2_HVF,8M6HM2_HVF,09/05/2026 2:34:14 PM,8M6HM2_HVF,D1D,5,8453763
D617102,26,A2CM6026SLE3,0,0.008687,0.022587,0,0,0.022587,0,0,0,0.005212,0,0,0.003475,0.001737,,D6171020,PXMG,07/16/2026 9:47:12 PM,FDM408,8M6HM2_HVF,8M6HM2_HVF,07/26/2026 3:12:13 PM,8M6HM2_HVF,D1D,1,8465930
D617102,59,A2DFY059SLC4,0,0.008166,0.040483,0,0,0,0,0,0,0.003475,0,0,0,0.003475,0,D6171020,PXMG,07/16/2026 9:47:12 PM,FDM408,8M6HM2_HVF,8M6HM2_HVF,07/26/2026 3:11:54 PM,8M6HM2_HVF,D1D,2,8465923
D617102,75,A2DFY075SLB7,0,0.022587,0.04865,0,0,0.03475,0,0,0,0.008687,0.005212,0,0,0.005212,0,D6171020,PXMG,07/16/2026 10:35:00 PM,FDM410,8M6HM2_HVF,8M6HM2_HVF,07/26/2026 3:12:07 PM,8M6HM2_HVF,D1D,3,8465919
D617102,79,A2DWL079SLG0,0,0.015637,0.022587,0.003475,0,0.045175,0,0.003475,0,0.001737,0.003475,0,0.001737,0.003475,,D6171020,PXMG,07/16/2026 10:35:00 PM,FDM410,8M6HM2_HVF,8M6HM2_HVF,07/26/2026 3:04:53 PM,8M6HM2_HVF,D1D,4,8465899
D617102,80,A2DWL080SLB6,0,0.005212,0.0139,0,0,0.00695,0,0,0,0.003475,0,0,0,0.001737,,D6171020,PXMG,07/16/2026 10:35:00 PM,FDM410,8M6HM2_HVF,8M6HM2_HVF,07/26/2026 3:12:00 PM,8M6HM2_HVF,D1D,5,8465875
D617103,57,A2EGD057SLF6,0,0.0139,0.0139,0.005212,0,0.003475,0,0.001737,0,0.010425,0,0.001737,0.005212,0.005212,,D6171030,PXMG,07/17/2026 5:55:24 AM,FDM410,8M6HM2_HVF,8M6HM2_HVF,09/03/2026 4:14:19 AM,8M6HM2_HVF,D1D,1,8466290
D617103,60,A2EGD060SLC5,0,0.012162,0.019112,0.001737,0,0.003475,0,0.001737,0,0.005212,0,0,0,0,,D6171030,PXMG,07/17/2026 5:55:24 AM,FDM410,8M6HM2_HVF,8M6HM2_HVF,09/03/2026 4:06:33 AM,8M6HM2_HVF,D1D,2,8466157
D617103,62,A2EGD062SLD6,0,0.0139,0.019112,0.001737,0.001737,0.0139,0,0,0,0.001737,0,0,0,0.001737,,D6171030,PXMG,07/17/2026 6:32:08 AM,FDM406,8M6HM2_HVF,8M6HM2_HVF,09/03/2026 4:18:28 AM,8M6HM2_HVF,D1D,3,8466284
D617103,70,A2EGD070SLH1,0,0.008687,0.008687,0,0.003475,0.005212,0,0,0,0,0,0,0.003475,0.005212,,D6171030,PXMG,07/17/2026 6:32:08 AM,FDM406,8M6HM2_HVF,8M6HM2_HVF,09/03/2026 4:22:46 AM,8M6HM2_HVF,D1D,4,8466210
D617103,72,A2EGD072SLA7,0,0.0139,0.017375,0,0,0.001737,0,0,0,0,0.001737,0,0.005212,0.012162,,D6171030,PXMG,07/17/2026 6:32:08 AM,FDM406,8M6HM2_HVF,8M6HM2_HVF,09/01/2026 9:34:54 PM,8M6HM2_HVF,D1D,5,8466298
D616536,139,5DXSX139MVG5,0,0.012857,0.0417,0.007297,0,0.00695,0,0.001737,0,0,0.007645,0,0.005212,0.00695,0,D6165360,PXMG,07/17/2026 9:22:35 AM,FDM406,8M6HM2_HVF,8M6HM2_HVF,09/15/2026 6:09:29 AM,8M6HM2_HVF,D1D,1,8441782
D616536,159,5DXSX159MVA7,0,0.010968,0.041808,0,0,0.005538,0,0.001846,0,0,0,0,0.011076,0,0,D6165360,PXMG,07/17/2026 9:22:35 AM,FDM406,8M6HM2_HVF,8M6HM2_HVF,09/14/2026 4:05:20 PM,8M6HM2_HVF,D1D,2,8441824
D616536,211,5DXSX211MVH0,0,0.03753,0.105639,0,0,0.005734,0,0.001911,0,0.010599,0,0,0.001911,0,0,D6165360,PXMG,07/17/2026 10:20:49 AM,FDM408,8M6HM2_HVF,8M6HM2_HVF,09/15/2026 6:25:27 AM,8M6HM2_HVF,D1D,3,8441771
D616536,223,5DXSX223MVF2,0,0.020155,0.091044,0.003475,0.001737,0.005212,0,0,0,0.005212,0,0,0,0.003475,0,D6165360,PXMG,07/17/2026 10:20:49 AM,FDM408,8M6HM2_HVF,8M6HM2_HVF,09/14/2026 3:52:56 PM,8M6HM2_HVF,D1D,4,8441753
D616536,231,5DXSX231MVB2,0,0.012162,0.024325,0.003475,0,0.005212,0,0,0,0,0,0,0.001737,0.003475,0,D6165360,PXMG,07/17/2026 10:20:49 AM,FDM408,8M6HM2_HVF,8M6HM2_HVF,09/14/2026 3:50:52 PM,8M6HM2_HVF,D1D,5,8441777
D616537,473,5DXRZ473MVB5,0,0.040831,0.070194,0,0,0.005212,0,0.001737,0,0.010425,0,0,0.003475,0.005386,0,D6165370,PXMG,07/17/2026 8:33:04 AM,FDM404,8M6HM2_HVF,8M6HM2_HVF,07/26/2026 3:11:12 PM,8M6HM2_HVF,D1D,1,8441932
D616537,475,5DXRZ475MVC6,0,0.015637,0.033012,0.001737,0,0.008687,0,0.003475,0,0.00695,0,0,0.005212,0,,D6165370,PXMG,07/17/2026 8:33:04 AM,FDM404,8M6HM2_HVF,8M6HM2_HVF,09/15/2026 5:19:43 AM,8M6HM2_HVF,D1D,2,8442074
D616537,477,5DXRZ477MVD7,0,0.018765,0.029537,0.001737,0,0.003822,0,0.001737,0,0.00695,0,0,0,0,0,D6165370,PXMG,07/17/2026 9:26:47 AM,FDM410,8M6HM2_HVF,8M6HM2_HVF,09/15/2026 6:46:22 AM,8M6HM2_HVF,D1D,3,8441928
D616537,479,5DXRZ479MVF0,0,0.012162,0.012162,0.001737,0,0.0139,0,0.001737,0,0.00695,0,0,0.005212,0,,D6165370,PXMG,07/17/2026 9:26:47 AM,FDM410,8M6HM2_HVF,8M6HM2_HVF,09/15/2026 5:30:03 AM,8M6HM2_HVF,D1D,4,8441935
D616537,480,5DXRZ480MVA6,0,0.012162,0.022587,0.003475,0,0.003475,0,0.005212,0,0.001737,0.001737,0,0.001737,0.005212,,D6165370,PXMG,07/17/2026 9:26:47 AM,FDM410,8M6HM2_HVF,8M6HM2_HVF,09/15/2026 5:27:41 AM,8M6HM2_HVF,D1D,5,8442075
D616529,58,A2EPZ058SLB0,0,0.013031,0.044306,0,0.003475,0.00695,0,0.001737,0,0.003475,0.001737,0,0.003475,0.001737,0,D6165290,PXMG,07/17/2026 7:33:30 AM,FDM408,8M6HM2_HVF,8M6HM2_HVF,09/12/2026 3:42:38 AM,8M6HM2_HVF,D1D,1,8441601
D616529,61,A2EPZ061SLF2,0,0.014595,0.02919,0.008687,0.001737,0.00695,0,0.003475,0,0.007297,0.009382,0,0.001737,0.014247,0,D6165290,PXMG,07/17/2026 7:33:30 AM,FDM408,8M6HM2_HVF,8M6HM2_HVF,09/12/2026 4:38:19 AM,8M6HM2_HVF,D1D,2,8441707
D616529,64,A2EPZ064SLD2,0,0.005212,0.042742,0.005212,0,0.009382,0,0.01112,0,0.00695,0.014247,0,0.007645,0.005212,0,D6165290,PXMG,07/17/2026 8:21:18 AM,FDM402,8M6HM2_HVF,8M6HM2_HVF,09/12/2026 4:25:51 AM,8M6HM2_HVF,D1D,3,8441718
D616529,66,A2EPZ066SLE3,0,0.007952,0.029738,0.002072,0,0.003809,0,0,0,0.012096,0,0,0.006215,0.004143,0,D6165290,PXMG,07/17/2026 8:21:18 AM,FDM402,8M6HM2_HVF,8M6HM2_HVF,09/12/2026 4:12:09 AM,8M6HM2_HVF,D1D,4,8441639
D616529,69,A2EPZ069SLC3,0,0.012336,0.042047,0.006429,0,0.001737,0,0,0,0.008687,0.001737,0,0.003475,0.003475,0,D6165290,PXMG,07/17/2026 8:21:18 AM,FDM402,8M6HM2_HVF,8M6HM2_HVF,09/12/2026 4:16:39 AM,8M6HM2_HVF,D1D,5,8441725
D616538,26,MCPPA026WAF3,0,0.01251,0.041178,0,0,0,0,0,0,0,0.003649,0,0.001737,0.001737,0,D6165380,PXMG,07/15/2026 10:11:20 PM,FDM404,8M6HM2_HVF,8M6HM2_HVF,09/05/2026 6:41:46 AM,8M6HM2_HVF,D1D,1,8443719
D616538,31,MCPPA031WAD3,0,0.009556,0.0278,0.002606,0,0.003475,0,0.003475,0,0,0.002606,0,0.001737,0.004344,0,D6165380,PXMG,07/15/2026 10:11:20 PM,FDM404,8M6HM2_HVF,8M6HM2_HVF,08/30/2026 2:16:20 AM,8M6HM2_HVF,D1D,2,8443773
D616538,53,MCPPA053WAG1,0,0.008687,0.022587,0,0,0,0,0,0,0.001737,0,0,0.001737,0.001737,,D6165380,PXMG,07/15/2026 11:12:11 PM,FDM404,8M6HM2_HVF,8M6HM2_HVF,08/30/2026 1:31:39 PM,8M6HM2_HVF,D1D,3,8443698
D616538,68,MCPPA068WAC3,0,0.012162,0.022587,0,0,0,0,0.001737,0,0.001737,0.003475,0.001737,0,0,,D6165380,PXMG,07/15/2026 11:12:11 PM,FDM404,8M6HM2_HVF,8M6HM2_HVF,08/30/2026 1:35:22 PM,8M6HM2_HVF,D1D,4,8443770
D616538,75,MCPPA075WAB4,0,0.0417,0.02919,0.001737,0,0.003475,0,0,0,0.009382,0.01529,0,0,0,0,D6165380,PXMG,07/15/2026 11:12:11 PM,FDM404,8M6HM2_HVF,8M6HM2_HVF,09/03/2026 4:01:27 AM,8M6HM2_HVF,D1D,5,8443750
D616539,624,MCPPB624WAG6,0,0.010425,0.005212,0.001737,0,0.005212,0,0.003475,0,0.005212,0,0,0.003475,0,,D6165390,PXMG,07/16/2026 7:10:42 AM,FDM404,8M6HM2_HVF,8M6HM2_HVF,09/01/2026 12:15:26 AM,8M6HM2_HVF,D1D,1,8443863
D616539,703,MCPPB703WAA0,0,0.010425,0.010425,0,0,0.012162,0,0.003475,0,0.005212,0,0,0,0.001737,,D6165390,PXMG,07/16/2026 7:10:42 AM,FDM404,8M6HM2_HVF,8M6HM2_HVF,08/31/2026 9:55:03 PM,8M6HM2_HVF,D1D,2,8443789
D616539,757,MCPPB757WAC5,0,0.0139,0.00695,0.003475,0,0,0,0.001737,0,0.005212,0.001737,0,0.008687,0.001737,,D6165390,PXMG,07/16/2026 8:55:17 AM,FDM406,8M6HM2_HVF,8M6HM2_HVF,09/10/2026 7:10:07 PM,8M6HM2_HVF,D1D,3,8443795
D616539,759,MCPPB759WAD6,0,0.010425,0.0139,0,0.001737,0.005212,0,0.003475,0,0.00695,0,0,0.003475,0.005212,,D6165390,PXMG,07/16/2026 8:55:17 AM,FDM406,8M6HM2_HVF,8M6HM2_HVF,09/09/2026 2:52:38 PM,8M6HM2_HVF,D1D,4,8443820
D616539,787,MCPPB787WAB3,0,0.00695,0.008687,0,0,0.008687,0,0,0,0.005212,0.001737,0,0,0,,D6165390,PXMG,07/16/2026 8:55:17 AM,FDM406,8M6HM2_HVF,8M6HM2_HVF,09/10/2026 7:31:21 PM,8M6HM2_HVF,D1D,5,8443824
D616565,460,5DXSL460MVE2,0,0.003464,0.025457,0,0,0.006927,0,0.001732,0,0.005195,0.003983,0,0.001732,0,0,D6165650,PNCB,07/12/2026 1:31:08 AM,FDM408,8M6HM2_HVF,8M6HM2_HVF,09/15/2026 1:33:46 AM,8M6HM2_HVF,D1D,1,8451624
D616565,466,5DXSL466MVA2,0,0.012122,0.008659,0,0,0.012122,0,0.003464,0,0.003464,0,0,0.001732,0.003464,,D6165650,PNCB,07/12/2026 1:31:08 AM,FDM408,8M6HM2_HVF,8M6HM2_HVF,09/15/2026 3:42:56 AM,8M6HM2_HVF,D1D,2,8451418
D616517,10,A2FSN010SLH0,0,0.015637,0.012162,0.001737,0.001737,0.00695,0,0.003475,0,0.001737,0,0,0.001737,0.003475,,D6165170,PXMG,07/12/2026 4:41:18 PM,FDM406,8M6HM2_HVF,8M6HM2_HVF,09/05/2026 7:17:21 AM,8M6HM2_HVF,D1D,1,8438909
D616517,11,A2FSN011SLD7,0,0.015637,0.022587,0.001737,0,0.003475,0,0.005212,0,0.00695,0,0.001737,0.005212,0.001737,,D6165170,PXMG,07/12/2026 4:41:18 PM,FDM406,8M6HM2_HVF,8M6HM2_HVF,09/05/2026 9:34:58 AM,8M6HM2_HVF,D1D,2,8438835
D616517,16,A2FSN016SLD0,0,0.00695,0.010425,0,0.008687,0.008687,0,0.001737,0,0.00695,0.001737,0,0.001737,0.003475,,D6165170,PXMG,07/12/2026 4:41:18 PM,FDM406,8M6HM2_HVF,8M6HM2_HVF,09/05/2026 9:38:30 AM,8M6HM2_HVF,D1D,3,8438915
D616517,18,A2FSN018SLE1,0,0.005212,0.012162,0.003475,0.001737,0.003475,0,0.001737,0,0.005212,0,0,0.001737,0.001737,,D6165170,PXMG,07/12/2026 4:41:18 PM,FDM406,8M6HM2_HVF,8M6HM2_HVF,09/05/2026 7:01:03 AM,8M6HM2_HVF,D1D,4,8438860
D616517,19,A2FSN019SLB0,0,0.008687,0.017375,0.001737,0,0.005212,0,0,0,0.005212,0,0,0.001737,0.001737,,D6165170,PXMG,07/12/2026 5:55:43 PM,FDM404,8M6HM2_HVF,8M6HM2_HVF,09/05/2026 9:36:58 AM,8M6HM2_HVF,D1D,5,8438879
D616567,2,A1ZWJ002SLH1,0,0.04442,0.018443,0.002165,0,0.090658,0,0.002165,0,0.021387,0.010824,0,0,0.002165,0,D6165670,PNCB,07/13/2026 12:19:12 AM,FDM406,8M6HM2_HVF,8M6HM2_HVF,09/05/2026 1:27:17 PM,8M6HM2_HVF,D1D,1,8451179
D616567,3,A1ZWJ003SLE0,0,0.046411,0.023206,0,0.001732,0.026669,0,0.002424,0,0.022513,0,0,0,0.001732,0,D6165670,PNCB,07/13/2026 12:19:12 AM,FDM406,8M6HM2_HVF,8M6HM2_HVF,09/05/2026 11:10:47 PM,8M6HM2_HVF,D1D,2,8451156
D616567,4,A1ZWJ004SLA7,0,0.020251,0.04846,0,0,0.013928,0,0,0,0.013928,0.003979,0,0.01073,0.009948,0,D6165670,PNCB,07/13/2026 1:00:25 AM,FDM410,8M6HM2_HVF,8M6HM2_HVF,09/05/2026 1:33:21 PM,8M6HM2_HVF,D1D,3,8451104
D616567,5,A1ZWJ005SLF1,0,0.030547,0.014195,0.001817,0.003634,0.034522,0,0.001817,0,0.027169,0.003634,0.001817,0.003634,0.003634,0,D6165670,PNCB,07/13/2026 1:00:25 AM,FDM410,8M6HM2_HVF,8M6HM2_HVF,09/05/2026 11:38:37 AM,8M6HM2_HVF,D1D,4,8451059
D616567,6,A1ZWJ006SLC0,0,0.005195,0.024245,0,0,0.003464,0,0.001732,0,0.003464,0.001732,0,0,0.001732,,D6165670,PNCB,07/13/2026 1:00:25 AM,FDM410,8M6HM2_HVF,8M6HM2_HVF,09/05/2026 9:41:34 PM,8M6HM2_HVF,D1D,5,8451061
D616528,53,A2EW7053SLC3,0,0.00695,0.005212,0,0,0.008687,0,0.001737,0,0.005212,0,0.001737,0,0.005212,,D6165280,PXMG,07/13/2026 12:28:08 AM,FDM410,8M6HM2_HVF,8M6HM2_HVF,09/02/2026 11:49:41 AM,8M6HM2_HVF,D1D,1,8441184
D616528,75,A2EW7075SLF1,0,0.00695,0.015637,0.001737,0,0.005212,0,0.001737,0,0.019112,0.001737,0.001737,0.005212,0.005212,,D6165280,PXMG,07/13/2026 12:28:08 AM,FDM410,8M6HM2_HVF,8M6HM2_HVF,09/01/2026 10:29:58 AM,8M6HM2_HVF,D1D,2,8441166
D616528,120,A2EW7120SLE6,0,0.010425,0.008687,0.00695,0.003475,0.012162,0,0.005212,0,0.012162,0,0,0.001737,0.008687,,D6165280,PXMG,07/13/2026 1:30:48 AM,FDM410,8M6HM2_HVF,8M6HM2_HVF,09/03/2026 3:56:37 AM,8M6HM2_HVF,D1D,3,8441203
D616528,122,A2EW7122SLF7,0,0.008687,0.008687,0.001737,0.001737,0.005212,0,0,0,0.010425,0,0,0.001737,0.003475,,D6165280,PXMG,07/13/2026 1:30:48 AM,FDM410,8M6HM2_HVF,8M6HM2_HVF,09/01/2026 10:07:30 PM,8M6HM2_HVF,D1D,4,8441158
D616528,124,A2EW7124SLH0,0,0.00695,0.00695,0.001737,0,0.001737,0,0,0,0.001737,0,0,0.003475,0.003475,,D6165280,PXMG,07/13/2026 1:30:48 AM,FDM410,8M6HM2_HVF,8M6HM2_HVF,09/01/2026 10:31:45 AM,8M6HM2_HVF,D1D,5,8441152
D616532,647,MCPPB647WAG3,0,0.00973,0.027452,0.003475,0,0.012162,0,0.005212,0,0,0.003996,0,0.00695,0.002259,0,D6165320,PXMG,07/18/2026 8:31:21 AM,FDM406,8M6HM2_HVF,8M6HM2_HVF,09/05/2026 9:30:18 PM,8M6HM2_HVF,D1D,1,8441473
D616532,648,MCPPB648WAD2,0,0.012962,0.01668,0,0,0.007332,0,0,0,0.003614,0.001911,0,0.010946,0.010842,0,D6165320,PXMG,07/18/2026 8:31:21 AM,FDM406,8M6HM2_HVF,8M6HM2_HVF,09/05/2026 9:03:45 PM,8M6HM2_HVF,D1D,2,8441480
D616532,653,MCPPB653WAB2,0,0.035618,0.024716,0.006646,0,0.14647,0,0,0,0.074299,0.009969,0.009969,0,0.003323,0,D6165320,PXMG,07/18/2026 9:40:34 AM,FDM406,8M6HM2_HVF,8M6HM2_HVF,09/06/2026 6:12:44 AM,8M6HM2_HVF,D1D,3,8441513
D616532,656,MCPPB656WAG5,0,0.0139,0.015637,0.001737,0.005212,0.001737,0,0,0,0.003475,0,0,0.003475,0.00695,,D6165320,PXMG,07/18/2026 9:40:34 AM,FDM406,8M6HM2_HVF,8M6HM2_HVF,09/05/2026 8:55:57 PM,8M6HM2_HVF,D1D,4,8441554
D616532,723,MCPPB723WAB5,0,0.015637,0.00695,0,0,0.001737,0,0,0,0.003475,0,0,0.00695,0.008687,,D6165320,PXMG,07/18/2026 9:40:34 AM,FDM406,8M6HM2_HVF,8M6HM2_HVF,09/05/2026 8:44:04 PM,8M6HM2_HVF,D1D,5,8441572
D616887,19,HJ5FE019JKH1,0,0.016703,0.034062,0.004258,0.004258,0.005895,0,0,0,0.005895,0.001638,0,0.007533,0.031114,0,D6168870,PR8B,07/24/2026 2:18:43 AM,FDM402,8M6HM2_HVF,8M6HM2_HVF,09/07/2026 10:17:46 AM,8M6HM2_HVF,D1D,1,8453544
D616887,25,HJ5FE025JKC0,0,0.023909,0.056988,0.001638,0,0.003275,0,0,0,0.006223,0.004585,0,0.004913,0.001638,0,D6168870,PR8B,07/24/2026 2:18:43 AM,FDM402,8M6HM2_HVF,8M6HM2_HVF,07/26/2026 3:09:03 PM,8M6HM2_HVF,D1D,2,8453644
D616887,47,HJ5FE047JKE6,0,0.013428,0.043887,0.001638,0,0.001638,0,0,0,0.001638,0,0,0.001638,0.001638,0,D6168870,PR8B,07/24/2026 3:20:42 AM,FDM410,8M6HM2_HVF,8M6HM2_HVF,09/07/2026 10:20:06 AM,8M6HM2_HVF,D1D,3,8453520
D616887,48,HJ5FE048JKB5,0,0.009826,0.024564,0,0,0.001638,0,0.001638,0,0.004913,0.001638,0,0.001638,0.001638,,D6168870,PR8B,07/24/2026 3:20:42 AM,FDM410,8M6HM2_HVF,8M6HM2_HVF,07/26/2026 3:08:55 PM,8M6HM2_HVF,D1D,4,8453575
D616887,49,HJ5FE049JKF7,0,0.014575,0.054368,0.001638,0,0.003275,0,0.001638,0,0.003275,0.001638,0,0.003111,0,0,D6168870,PR8B,07/24/2026 3:20:42 AM,FDM410,8M6HM2_HVF,8M6HM2_HVF,07/26/2026 3:09:00 PM,8M6HM2_HVF,D1D,5,8453555
D616547,573,KJDLU573WFA4,0,0.010425,0.031275,0,0.003475,0.001737,0,0,0,0.001737,0.001737,0,0,0.00695,,D6165470,PXMG,07/24/2026 7:11:51 AM,FDM408,8M6HM2_HVF,8M6HM2_HVF,07/26/2026 3:08:36 PM,8M6HM2_HVF,D1D,1,8444099
D616547,578,KJDLU578WFH0,0,0.020778,0.080241,0.006746,0,0.011784,0,0,0,0,0,0,0.002249,0.005039,0,D6165470,PXMG,07/24/2026 7:11:51 AM,FDM408,8M6HM2_HVF,8M6HM2_HVF,07/26/2026 3:04:31 PM,8M6HM2_HVF,D1D,2,8444129
D616547,579,KJDLU579WFD7,0,0.005212,0.03475,0,0,0,0,0.003475,0,0.008687,0.003475,0,0.003475,0.001737,,D6165470,PXMG,07/24/2026 8:27:03 AM,FDM410,8M6HM2_HVF,8M6HM2_HVF,07/26/2026 3:08:20 PM,8M6HM2_HVF,D1D,3,8444154
D616547,596,KJDLU596WFA1,0,0.014931,0.091336,0,0.012555,0,0,0.001794,0,0,0.003587,0,0.016142,0.012555,0,D6165470,PXMG,07/24/2026 8:27:03 AM,FDM410,8M6HM2_HVF,8M6HM2_HVF,07/26/2026 3:08:14 PM,8M6HM2_HVF,D1D,4,8444110
D616547,638,KJDLU638WFC7,0,0.010974,0.047278,0.001829,0.009145,0.003658,0,0,0,0,0.007224,0.001829,0.012803,0.01646,0,D6165470,PXMG,07/24/2026 8:27:03 AM,FDM410,8M6HM2_HVF,8M6HM2_HVF,07/26/2026 3:04:34 PM,8M6HM2_HVF,D1D,5,8444122
D616566,89,KJE6E089WFB5,0,0.013854,0.024245,0.001732,0,0,0,0.001732,0,0.006927,0,0,0.041562,0.005195,,D6165660,PNCB,07/23/2026 5:01:12 AM,FDM402,8M6HM2_HVF,8M6HM2_HVF,09/08/2026 7:53:14 AM,8M6HM2_HVF,D1D,1,8450953
D616566,115,KJE6E115WFD7,0,0.003464,0.020781,0,0,0.003464,0,0.001732,0,0.005195,0,0,0.005195,0,,D6165660,PNCB,07/23/2026 5:01:12 AM,FDM402,8M6HM2_HVF,8M6HM2_HVF,09/10/2026 1:22:03 PM,8M6HM2_HVF,D1D,2,8450995
D616566,128,KJE6E128WFG3,0,0.02233,0.083817,0.001834,0,0.003667,0,0,0,0.005501,0,0,0.009168,0.001834,0,D6165660,PNCB,07/23/2026 6:07:59 AM,FDM406,8M6HM2_HVF,8M6HM2_HVF,09/10/2026 10:02:57 PM,8M6HM2_HVF,D1D,3,8450889
D616566,176,KJE6E176WFF5,0,0.008659,0.024245,0.001732,0.001732,0.003464,0,0.005195,0,0.008659,0.003464,0.001732,0.027708,0.010391,,D6165660,PNCB,07/23/2026 6:07:59 AM,FDM406,8M6HM2_HVF,8M6HM2_HVF,09/08/2026 11:43:06 PM,8M6HM2_HVF,D1D,4,8450921
D616566,232,KJE6E232WFG5,0,0.019049,0.043294,0.005195,0,0.008659,0,0.003464,0,0.003464,0,0,0.001732,0.001732,,D6165660,PNCB,07/23/2026 6:07:59 AM,FDM406,8M6HM2_HVF,8M6HM2_HVF,09/08/2026 11:46:08 PM,8M6HM2_HVF,D1D,5,8450986
D616557,177,HJ5FE177JKC5,0,0.005195,0.031172,0.001732,0.001732,0.003464,0,0,0,0.003464,0.001732,0,0.012122,0.015586,,D6165570,PNCB,07/23/2026 1:31:16 PM,FDM404,8M6HM2_HVF,8M6HM2_HVF,09/15/2026 10:25:30 AM,8M6HM2_HVF,D1D,1,8448698
D616557,178,HJ5FE178JKG7,0,0.003464,0.025976,0.001732,0.001732,0.005195,0,0.001732,0,0.005195,0,0,0.001732,0.003464,,D6165570,PNCB,07/23/2026 1:31:16 PM,FDM404,8M6HM2_HVF,8M6HM2_HVF,09/15/2026 2:59:23 AM,8M6HM2_HVF,D1D,2,8448688
D616557,205,HJ5FE205JKG0,0,0.008899,0.04772,0.007119,0,0.00178,0,0.00178,0,0.00178,0,0,0.007071,0.00178,0,D6165570,PNCB,07/23/2026 2:10:23 PM,FDM406,8M6HM2_HVF,8M6HM2_HVF,09/15/2026 2:10:43 AM,8M6HM2_HVF,D1D,3,8448655
D616557,206,HJ5FE206JKC7,0,0.003464,0.039831,0.001732,0.001732,0.012122,0,0.003464,0,0.003464,0,0,0.005195,0,,D6165570,PNCB,07/23/2026 2:10:23 PM,FDM406,8M6HM2_HVF,8M6HM2_HVF,09/15/2026 3:40:03 AM,8M6HM2_HVF,D1D,4,8448773
D616557,207,HJ5FE207JKH1,0,0.017318,0.025976,0.001732,0.001732,0,0,0.003464,0,0.005195,0,0.001732,0.005195,0.005195,0,D6165570,PNCB,07/23/2026 2:10:23 PM,FDM406,8M6HM2_HVF,8M6HM2_HVF,09/15/2026 4:06:29 AM,8M6HM2_HVF,D1D,5,8448663
D616544,13,A2FG2013SLC6,0,0.008687,0.012162,0.003475,0,0.005212,0,0,0,0.001737,0,0,0.003475,0.001737,,D6165440,PXMG,07/21/2026 9:25:31 AM,FDM404,8M6HM2_HVF,8M6HM2_HVF,09/09/2026 3:53:00 AM,8M6HM2_HVF,D1D,1,8444700
D616544,17,A2FG2017SLF0,0,0.016332,0.043437,0.005212,0.012162,0.005212,0,0.005212,0,0.003475,0.007297,0,0.021545,0.019112,0,D6165440,PXMG,07/21/2026 9:25:31 AM,FDM404,8M6HM2_HVF,8M6HM2_HVF,09/09/2026 3:37:58 AM,8M6HM2_HVF,D1D,2,8444809
D616544,34,A2FG2034SLB2,0,0.008687,0.017375,0,0,0.0139,0,0,0,0,0.001737,0,0,0.003475,,D6165440,PXMG,07/21/2026 10:27:49 AM,FDM404,8M6HM2_HVF,8M6HM2_HVF,09/05/2026 6:30:08 AM,8M6HM2_HVF,D1D,3,8444782
D616544,38,A2FG2038SLD4,0,0.005212,0.019112,0,0,0.003475,0,0.001737,0,0.001737,0.001737,0,0,0.00695,,D6165440,PXMG,07/21/2026 10:27:49 AM,FDM404,8M6HM2_HVF,8M6HM2_HVF,09/09/2026 3:55:53 AM,8M6HM2_HVF,D1D,4,8444702
D616544,42,A2FG2042SLE5,0,0.005212,0.0139,0.001737,0.001737,0,0,0.001737,0,0,0.005212,0,0.003475,0.0139,,D6165440,PXMG,07/21/2026 10:27:49 AM,FDM404,8M6HM2_HVF,8M6HM2_HVF,09/05/2026 8:28:21 PM,8M6HM2_HVF,D1D,5,8444816
D616524,29,KJDLQ029WFG3,0,0.010425,0.019112,0.003475,0.001737,0.003475,0,0,0,0.005212,0,0,0.003475,0,,D6165240,PXMG,07/21/2026 3:38:55 AM,FDM410,8M6HM2_HVF,8M6HM2_HVF,09/11/2026 7:37:38 AM,8M6HM2_HVF,D1D,1,8439416
D616524,57,KJDLQ057WFE0,0,0.008687,0.017375,0,0.005212,0,0,0.005212,0,0.001737,0,0,0.001737,0.003475,,D6165240,PXMG,07/21/2026 3:38:55 AM,FDM410,8M6HM2_HVF,8M6HM2_HVF,09/11/2026 9:26:26 PM,8M6HM2_HVF,D1D,2,8439461
D616524,65,KJDLQ065WFA0,0,0.010425,0.017375,0.001737,0,0,0,0,0,0.001737,0.001737,0,0,0.001737,,D6165240,PXMG,07/21/2026 4:31:59 AM,FDM406,8M6HM2_HVF,8M6HM2_HVF,09/12/2026 6:40:53 AM,8M6HM2_HVF,D1D,3,8439493
D616524,66,KJDLQ066WFE2,0,0.010425,0.026062,0.001737,0.001737,0.008687,0,0,0,0,0.001737,0,0.001737,0.00695,,D6165240,PXMG,07/21/2026 4:31:59 AM,FDM406,8M6HM2_HVF,8M6HM2_HVF,09/11/2026 9:35:50 PM,8M6HM2_HVF,D1D,4,8439424
D616524,69,KJDLQ069WFC2,0,0.003475,0.022587,0,0.003475,0.00695,0,0.001737,0,0.001737,0,0,0.001737,0,,D6165240,PXMG,07/21/2026 4:31:59 AM,FDM406,8M6HM2_HVF,8M6HM2_HVF,09/11/2026 9:28:44 PM,8M6HM2_HVF,D1D,5,8439471
D616527,8,A2FG2008SLE6,0,0.012162,0.015637,0.001737,0.001737,0.003475,0,0.001737,0,0.001737,0.001737,0,0.001737,0.001737,,D6165270,PXMG,07/19/2026 7:18:03 AM,FDM408,8M6HM2_HVF,8M6HM2_HVF,09/14/2026 5:26:29 PM,8M6HM2_HVF,D1D,1,8441188
D616527,9,A2FG2009SLB5,0,0.01112,0.035097,0.001737,0,0,0,0.005212,0,0.003475,0,0,0.003475,0.009382,0,D6165270,PXMG,07/19/2026 7:18:03 AM,FDM408,8M6HM2_HVF,8M6HM2_HVF,07/26/2026 3:11:03 PM,8M6HM2_HVF,D1D,2,8441143
D616527,11,A2FG2011SLB5,0,0.00695,0.043958,0,0.001737,0.001737,0,0.001737,0,0.012162,0.004691,0,0.005212,0.003475,0,D6165270,PXMG,07/19/2026 8:09:09 AM,FDM408,8M6HM2_HVF,8M6HM2_HVF,07/26/2026 3:10:39 PM,8M6HM2_HVF,D1D,3,8441146
D616527,14,A2FG2014SLH0,0,0.005399,0.019795,0.007198,0.003599,0.007198,0,0,0,0.0018,0,0,0.0018,0.003599,0,D6165270,PXMG,07/19/2026 8:09:09 AM,FDM408,8M6HM2_HVF,8M6HM2_HVF,07/26/2026 3:10:45 PM,8M6HM2_HVF,D1D,4,8441127
D616527,15,A2FG2015SLD7,0,0.012162,0.012162,0.003475,0.001737,0.003475,0,0,0,0.003475,0,0,0.00695,0,,D6165270,PXMG,07/19/2026 8:09:09 AM,FDM408,8M6HM2_HVF,8M6HM2_HVF,09/14/2026 5:49:29 PM,8M6HM2_HVF,D1D,5,8441094
D616559,578,KJDLR578WFF7,0,0.00741,0.049778,0.003584,0,0.005558,0,0,0,0.001853,0,0,0.0147,0.003705,0,D6165590,PNCB,07/19/2026 2:58:18 PM,FDM410,8M6HM2_HVF,8M6HM2_HVF,08/27/2026 3:05:11 AM,8M6HM2_HVF,D1D,1,8447956
D616559,582,KJDLR582WFH0,0,0.002235,0.012402,0.003966,0.005195,0.012904,0,0,0,0.017373,0.002235,0,0.013407,0.013407,0,D6165590,PNCB,07/19/2026 2:58:18 PM,FDM410,8M6HM2_HVF,8M6HM2_HVF,08/27/2026 3:55:34 AM,8M6HM2_HVF,D1D,2,8448046
D616559,604,KJDLR604WFA6,0,0.006927,0.020781,0.005195,0,0.031172,0,0,0,0.005195,0,0.001732,0.003464,0,,D6165590,PNCB,07/19/2026 4:06:38 PM,FDM402,8M6HM2_HVF,8M6HM2_HVF,08/27/2026 9:21:07 AM,8M6HM2_HVF,D1D,3,8448022
D616559,605,KJDLR605WFF0,0,0.008659,0.019049,0.003464,0,0.001732,0,0,0,0.001732,0,0,0.001732,0.001732,,D6165590,PNCB,07/19/2026 4:06:38 PM,FDM402,8M6HM2_HVF,8M6HM2_HVF,08/27/2026 3:26:44 AM,8M6HM2_HVF,D1D,4,8448029
D616559,612,KJDLR612WFE1,0,0.012122,0.022513,0.003464,0.001732,0.010391,0,0,0,0.006927,0,0,0.006927,0.005195,,D6165590,PNCB,07/19/2026 4:06:38 PM,FDM402,8M6HM2_HVF,8M6HM2_HVF,08/27/2026 4:23:12 AM,8M6HM2_HVF,D1D,5,8448064
D616531,8,KJE6F008WFG0,0,0.005212,0.017375,0.008687,0,0.012162,0,0.001737,0,0.017375,0.001737,0,0.003475,0.00695,,D6165310,PXMG,07/20/2026 1:03:30 AM,FDM408,8M6HM2_HVF,8M6HM2_HVF,07/26/2026 3:04:47 PM,8M6HM2_HVF,D1D,1,8441933
D616531,15,KJE6E015WFE6,0,0.0139,0.015637,0.003475,0,0.003475,0,0.001737,0,0.010425,0,0,0.008687,0.008687,,D6165310,PXMG,07/20/2026 1:03:30 AM,FDM408,8M6HM2_HVF,8M6HM2_HVF,07/26/2026 3:10:17 PM,8M6HM2_HVF,D1D,2,8441955
D616531,26,KJE6F026WFG4,0,0.005212,0.0139,0.012162,0.012162,0.017375,0,0.005212,0,0.017375,0,0.001737,0.02085,0.017375,,D6165310,PXMG,07/20/2026 1:59:24 AM,FDM410,8M6HM2_HVF,8M6HM2_HVF,07/26/2026 3:04:53 PM,8M6HM2_HVF,D1D,3,8441952
D616531,27,KJE6F027WFD3,0,0.006602,0.037182,0.001737,0,0.005212,0,0.001737,0,0.005907,0,0,0.007645,0.003475,0,D6165310,PXMG,07/20/2026 1:59:24 AM,FDM410,8M6HM2_HVF,8M6HM2_HVF,07/26/2026 3:10:09 PM,8M6HM2_HVF,D1D,4,8441945
D616531,54,KJE6E054WFD6,0,0.00695,0.019112,0.001737,0,0.005212,0,0.001737,0,0.00695,0.001737,0,0.005212,0,,D6165310,PXMG,07/20/2026 1:59:24 AM,FDM410,8M6HM2_HVF,8M6HM2_HVF,07/26/2026 3:10:01 PM,8M6HM2_HVF,D1D,5,8442044
D616562,268,5DXRP268MVB5,0,0.022274,0.078781,0.002761,0,0.008284,0,0.005523,0,0.002761,0,0,0.008284,0.002944,0,D6165620,PNCB,07/24/2026 11:16:36 PM,FDM402,8M6HM2_HVF,8M6HM2_HVF,09/12/2026 10:23:53 AM,8M6HM2_HVF,D1D,1,8450696
D616562,269,5DXRP269MVF7,0.001732,0.010391,0.045026,0,0,0.001732,0,0.001732,0,0.003464,0,0,0.001732,0.001732,,D6165620,PNCB,07/24/2026 11:16:36 PM,FDM402,8M6HM2_HVF,8M6HM2_HVF,09/12/2026 2:55:43 PM,8M6HM2_HVF,D1D,2,8450611
D616562,271,5DXRP271MVF7,0,0.013854,0.04416,0,0,0.001732,0,0.003464,0,0.003464,0.002598,0,0.005195,0.003464,0,D6165620,PNCB,07/24/2026 11:51:30 PM,FDM406,8M6HM2_HVF,8M6HM2_HVF,09/14/2026 12:23:16 PM,8M6HM2_HVF,D1D,3,8450773
D616562,292,5DXRP292MVE3,0,0,0.012122,0,0,0.003464,0,0,0,0.001732,0,0,0,0,,D6165620,PNCB,07/24/2026 11:51:30 PM,FDM406,8M6HM2_HVF,8M6HM2_HVF,09/12/2026 1:18:54 PM,8M6HM2_HVF,D1D,4,8450602
D616562,295,5DXRP295MVC3,0,0.013854,0.013854,0,0.001732,0.006927,0,0.001732,0,0.006927,0,0,0,0,,D6165620,PNCB,07/24/2026 11:51:30 PM,FDM406,8M6HM2_HVF,8M6HM2_HVF,09/12/2026 7:17:37 AM,8M6HM2_HVF,D1D,5,8450608
D616515,302,KJD2H302WFB5,0,0.005212,0.00695,0,0,0,0,0,0,0.001737,0,0,0.001737,0,,D6165150,PXMG,07/30/2026 11:10:13 AM,FDM402,8M6HM2_HVF,8M6HM2_HVF,09/14/2026 6:30:06 PM,8M6HM2_HVF,D1D,1,8434819
D616515,304,KJD2H304WFC6,0,0.012162,0.008687,0.001737,0,0.001737,0,0.001737,0,0.003475,0.005212,0,0.005212,0.003475,,D6165150,PXMG,07/30/2026 11:10:13 AM,FDM402,8M6HM2_HVF,8M6HM2_HVF,09/15/2026 6:57:02 AM,8M6HM2_HVF,D1D,2,8434872
D616515,311,KJD2H311WFB7,0,0.009382,0.015637,0,0,0,0,0.001737,0,0.001737,0.002432,0,0.038572,0,0,D6165150,PXMG,07/30/2026 12:34:55 PM,FDM408,8M6HM2_HVF,8M6HM2_HVF,09/14/2026 6:44:28 PM,8M6HM2_HVF,D1D,3,8434862
D616515,312,KJD2H312WFG1,0,0.005212,0.024325,0.001737,0,0.00695,0,0.001737,0,0.001737,0.00695,0,0.021719,0.016506,0,D6165150,PXMG,07/30/2026 12:34:55 PM,FDM408,8M6HM2_HVF,8M6HM2_HVF,09/15/2026 6:39:26 AM,8M6HM2_HVF,D1D,4,8434741
D616515,321,KJD2H321WFG3,0,0.003475,0.005212,0,0,0.001737,0,0,0,0.003475,0,0,0.001737,0,,D6165150,PXMG,07/30/2026 12:34:55 PM,FDM408,8M6HM2_HVF,8M6HM2_HVF,09/15/2026 6:51:39 AM,8M6HM2_HVF,D1D,5,8434793
D616889,7,A1ZWJ007SLG2,0,0.016376,0.013101,0.001638,0,0.003275,0,0,0,0.003275,0.001638,0,0,0,,D6168890,PR8B,07/28/2026 2:16:33 PM,FDM402,8M6HM2_HVF,8M6HM2_HVF,09/12/2026 1:47:27 PM,8M6HM2_HVF,D1D,1,8453850
D616889,8,A1ZWJ008SLD1,0,0.013101,0.014738,0,0,0.003275,0,0,0,0.004913,0,0,0.001638,0.001638,,D6168890,PR8B,07/28/2026 2:16:33 PM,FDM402,8M6HM2_HVF,8M6HM2_HVF,09/11/2026 8:26:38 PM,8M6HM2_HVF,D1D,2,8453849
D616889,9,A1ZWJ009SLA0,0,0.009826,0.016376,0,0.001638,0.00655,0,0,0,0.003275,0,0,0.001638,0,,D6168890,PR8B,07/28/2026 4:04:00 PM,FDM410,8M6HM2_HVF,8M6HM2_HVF,09/12/2026 2:43:05 AM,8M6HM2_HVF,D1D,3,8453886
D616889,11,A1ZWJ011SLA0,0,0.011463,0.011463,0,0,0.004913,0,0,0,0,0,0,0,0.001638,,D6168890,PR8B,07/28/2026 4:04:00 PM,FDM410,8M6HM2_HVF,8M6HM2_HVF,09/12/2026 9:35:35 AM,8M6HM2_HVF,D1D,4,8453905
D616889,15,A1ZWJ015SLC2,0,0.013101,0.016376,0,0,0.00655,0,0,0,0.003275,0,0,0.001638,0.001638,,D6168890,PR8B,07/28/2026 4:04:00 PM,FDM410,8M6HM2_HVF,8M6HM2_HVF,09/12/2026 1:29:57 PM,8M6HM2_HVF,D1D,5,8453755
D616570,235,MCPMU235WAC3,0,0.001732,0.017318,0.001732,0,0.015586,0,0.001732,0,0.001732,0.001732,0,0.003464,0.001732,,D6165700,PNCB,07/29/2026 3:43:07 PM,FDM410,8M6HM2_HVF,8M6HM2_HVF,07/29/2026 5:34:50 PM,8M6HM2_HVF,D1D,1,8450496
D616570,239,MCPMU239WAE5,0,0.006927,0.008659,0.001732,0,0.003464,0,0,0,0,0,0,0.001732,0,,D6165700,PNCB,07/29/2026 3:43:07 PM,FDM410,8M6HM2_HVF,8M6HM2_HVF,07/29/2026 5:33:05 PM,8M6HM2_HVF,D1D,2,8450533
D616530,35,A2FQW035SLF1,0,0.005212,0.015637,0.003475,0,0.003475,0,0,0,0.005212,0,0,0.008687,0.001737,,D6165300,PXMG,07/29/2026 9:08:39 PM,FDM410,8M6HM2_HVF,8M6HM2_HVF,09/14/2026 5:02:05 PM,8M6HM2_HVF,D1D,1,8441235
D616530,36,A2FQW036SLC0,0,0.00695,0.012162,0,0,0.010425,0,0,0,0.005212,0,0,0.005212,0.00695,,D6165300,PXMG,07/29/2026 9:08:39 PM,FDM410,8M6HM2_HVF,8M6HM2_HVF,09/15/2026 6:55:31 AM,8M6HM2_HVF,D1D,2,8441247
D616530,39,A2FQW039SLA0,0,0.008687,0.024325,0.005212,0.001737,0.003475,0,0,0,0.005212,0,0,0.012162,0.00695,,D6165300,PXMG,07/29/2026 10:52:16 PM,FDM410,8M6HM2_HVF,8M6HM2_HVF,09/14/2026 3:44:25 PM,8M6HM2_HVF,D1D,3,8441226
D616530,40,A2FQW040SLD1,0,0.00695,0.00695,0,0,0.0139,0,0.003475,0,0.012162,0,0,0,0.001737,,D6165300,PXMG,07/29/2026 10:52:16 PM,FDM410,8M6HM2_HVF,8M6HM2_HVF,09/15/2026 6:42:06 AM,8M6HM2_HVF,D1D,4,8441225
D616530,42,A2FQW042SLE2,0,0.00695,0.017375,0.003475,0,0.003475,0,0.001737,0,0.019112,0,0,0.005212,0.005212,,D6165300,PXMG,07/29/2026 10:52:16 PM,FDM410,8M6HM2_HVF,8M6HM2_HVF,09/15/2026 6:48:49 AM,8M6HM2_HVF,D1D,5,8441200
D616978,500,KJDLU500WFA4,0,0.014738,0.104478,0,0,0.004913,0,0,0,0,0.001638,0,0.001638,0.023254,0,D6169780,PR8B,07/28/2026 5:00:34 PM,FDM404,8M6HM2_HVF,8M6HM2_HVF,07/28/2026 5:31:19 PM,8M6HM2_HVF,D1D,1,8457349
D616978,502,KJDLU502WFB5,0,0.014738,0.026201,0.001638,0,0.009826,0,0.001638,0,0.009826,0.003275,0,0.009826,0.009826,,D6169780,PR8B,07/28/2026 5:00:34 PM,FDM404,8M6HM2_HVF,8M6HM2_HVF,07/28/2026 5:29:47 PM,8M6HM2_HVF,D1D,2,8457408
D616978,539,KJDLU539WFA5,0,0.038647,0.025546,0.001638,0,0.004913,0,0.007205,0,0.003275,0.002293,0,0.001638,0.00655,0,D6169780,PR8B,07/28/2026 6:02:05 PM,FDM406,8M6HM2_HVF,8M6HM2_HVF,07/28/2026 6:39:19 PM,8M6HM2_HVF,D1D,3,8457389
D616978,553,KJDLU553WFG2,0,0.036354,0.034062,0,0,0.004913,0,0.003275,0,0.004913,0,0,0.003275,0.003275,0,D6169780,PR8B,07/28/2026 6:02:05 PM,FDM406,8M6HM2_HVF,8M6HM2_HVF,07/28/2026 6:36:46 PM,8M6HM2_HVF,D1D,4,8457335
D616978,587,KJDLU587WFH2,0,0.034389,0.045852,0,0,0.003275,0,0,0,0.003275,0.001638,0,0.003275,0,0,D6169780,PR8B,07/28/2026 6:02:05 PM,FDM406,8M6HM2_HVF,8M6HM2_HVF,07/28/2026 6:38:09 PM,8M6HM2_HVF,D1D,5,8457317
D616520,630,MCPPB630WAB5,0,0.003475,0.0139,0,0,0.003475,0,0,0,0,0,0,0.001737,0.001737,,D6165200,PXMG,07/28/2026 11:24:14 AM,FDM402,8M6HM2_HVF,8M6HM2_HVF,09/15/2026 7:49:07 AM,8M6HM2_HVF,D1D,1,8438931
D616520,645,MCPPB645WAF2,0,0.00695,0.02085,0,0,0.012162,0,0.001737,0,0.003475,0,0,0.001737,0.003475,,D6165200,PXMG,07/28/2026 11:24:14 AM,FDM402,8M6HM2_HVF,8M6HM2_HVF,09/15/2026 8:35:01 AM,8M6HM2_HVF,D1D,2,8438936
D616520,646,MCPPB646WAC1,0,0.005212,0.017375,0,0,0.005212,0,0.001737,0,0.010425,0,0,0.001737,0.001737,,D6165200,PXMG,07/28/2026 12:14:58 PM,FDM402,8M6HM2_HVF,8M6HM2_HVF,09/15/2026 8:05:37 AM,8M6HM2_HVF,D1D,3,8438858
D616520,655,MCPPB655WAC3,0,0.00695,0.019112,0,0,0.010425,0,0.001737,0,0.003475,0,0,0,0.001737,,D6165200,PXMG,07/28/2026 12:14:58 PM,FDM402,8M6HM2_HVF,8M6HM2_HVF,09/15/2026 8:20:27 AM,8M6HM2_HVF,D1D,4,8438853
D616520,731,MCPPB731WAF0,0,0.005212,0.00695,0.001737,0,0.001737,0,0,0,0.001737,0,0,0.005212,0.001737,,D6165200,PXMG,07/28/2026 12:14:58 PM,FDM402,8M6HM2_HVF,8M6HM2_HVF,09/14/2026 9:40:53 PM,8M6HM2_HVF,D1D,5,8438937
D617104,169,A2FQW169SLF2,0,0.012314,0.036552,0.008079,0.010099,0.00202,0,0.00404,0,0.004105,0,0,0.006125,0.099102,0,D6171040,PXMG,07/26/2026 10:21:16 AM,FDM406,8M6HM2_HVF,8M6HM2_HVF,09/12/2026 3:03:15 AM,8M6HM2_HVF,D1D,1,8466147
D617104,171,A2FQW171SLF2,0,0.00695,0.017375,0.001737,0.001737,0.003475,0,0,0,0.001737,0,0,0,0.005212,,D6171040,PXMG,07/26/2026 10:21:16 AM,FDM406,8M6HM2_HVF,8M6HM2_HVF,09/13/2026 4:04:03 PM,8M6HM2_HVF,D1D,2,8466235
D617104,173,A2FQW173SLG3,0,0.01112,0.043263,0,0,0.005212,0,0.002954,0,0.005212,0,0,0,0.005212,0,D6171040,PXMG,07/26/2026 11:26:38 AM,FDM408,8M6HM2_HVF,8M6HM2_HVF,09/12/2026 7:58:00 PM,8M6HM2_HVF,D1D,3,8466179
D617104,204,A2FQW204SLA3,0,0.012162,0.033012,0,0,0,0,0,0,0,0,0,0.001737,0.005212,,D6171040,PXMG,07/26/2026 11:26:38 AM,FDM408,8M6HM2_HVF,8M6HM2_HVF,09/14/2026 6:47:31 AM,8M6HM2_HVF,D1D,4,8466036
D617104,205,A2FQW205SLE5,0,0.010425,0.024325,0,0,0,0,0,0,0,0.003475,0,0,0.001737,,D6171040,PXMG,07/26/2026 11:26:38 AM,FDM408,8M6HM2_HVF,8M6HM2_HVF,09/14/2026 6:52:51 AM,8M6HM2_HVF,D1D,5,8466038
D616507,160,A2FU3160SLC3,0,0.018417,0.03614,0,0,0.03058,0,0.001737,0,0.010425,0,0,0.001737,0,0,D6165070,PXMG,07/26/2026 5:03:01 PM,FDM408,8M6HM2_HVF,8M6HM2_HVF,07/26/2026 5:33:23 PM,8M6HM2_HVF,D1D,1,8434594
D616507,303,A2DMV303SLB2,0,0.005212,0.010425,0.001737,0,0.001737,0,0,0,0.003475,0,0,0,0.001737,,D6165070,PXMG,07/26/2026 5:03:01 PM,FDM408,8M6HM2_HVF,8M6HM2_HVF,07/26/2026 5:31:57 PM,8M6HM2_HVF,D1D,2,8434659
D616507,305,A2DMV305SLC3,0,0.012162,0.017375,0,0,0.012162,0,0,0,0.005212,0.001737,0.001737,0.001737,0.001737,,D6165070W,PXMG,07/27/2026 8:13:47 AM,FDM406,8M6HM2_HVF,8M6HM2_HVF,07/27/2026 8:49:59 AM,8M6HM2_HVF,D1D,1,9019170
D616507,307,A2DMV307SLD4,0,0.017375,0.015637,0,0,0.038225,0,0.001737,0,0.019112,0,0,0.001737,0.003475,,D6165070W,PXMG,07/27/2026 8:13:47 AM,FDM406,8M6HM2_HVF,8M6HM2_HVF,07/27/2026 8:55:44 AM,8M6HM2_HVF,D1D,2,9019173
D616507,308,A2DMV308SLA3,0,0.022587,0.012162,0,0,0.0139,0,0,0,0.005212,0.003475,0,0.005212,0.001737,,D6165070W,PXMG,07/27/2026 8:13:47 AM,FDM406,8M6HM2_HVF,8M6HM2_HVF,07/27/2026 8:53:25 AM,8M6HM2_HVF,D1D,3,9019192
D616507,312,A2DMV312SLB4,0,0.012162,0.0139,0,0.005212,0.010425,0,0,0,0,0.001737,0,0.001737,0.003475,,D6165070W,PXMG,07/27/2026 8:13:47 AM,FDM406,8M6HM2_HVF,8M6HM2_HVF,07/27/2026 8:51:15 AM,8M6HM2_HVF,D1D,4,9019190
D616892,261,KJEYB261WFB6,0,0.012118,0.034717,0,0,0.00524,0,0.001638,0,0,0.006878,0,0.001638,0.004913,0,D6168920,PR8B,07/27/2026 6:16:03 AM,FDM402,8M6HM2_HVF,8M6HM2_HVF,09/11/2026 1:56:18 AM,8M6HM2_HVF,D1D,1,8454076
D616892,271,KJEYB271WFG2,0,0.024564,0.04094,0,0,0.003275,0,0.001638,0,0.001638,0.00655,0,0.004913,0.003275,0,D6168920,PR8B,07/27/2026 6:16:03 AM,FDM402,8M6HM2_HVF,8M6HM2_HVF,09/12/2026 2:40:01 PM,8M6HM2_HVF,D1D,2,8454086
D616892,531,KJEHE531WFC1,0,0.025219,0.046835,0.001638,0,0.003275,0,0.001638,0,0.003275,0.001638,0,0.018013,0.003275,0,D6168920,PR8B,07/27/2026 7:01:32 AM,FDM404,8M6HM2_HVF,8M6HM2_HVF,09/12/2026 2:08:19 PM,8M6HM2_HVF,D1D,3,8454075
D616892,538,KJEHE538WFC3,0,0.021944,0.028549,0,0,0.006714,0,0,0,0.004967,0,0,0,0.001692,0,D6168920,PR8B,07/27/2026 7:01:32 AM,FDM404,8M6HM2_HVF,8M6HM2_HVF,09/12/2026 1:21:27 PM,8M6HM2_HVF,D1D,4,8454034
D616892,557,KJEHE557WFH1,0,0.021289,0.013101,0.003275,0,0.001638,0,0,0,0.001638,0,0,0.013101,0,,D6168920,PR8B,07/27/2026 7:01:32 AM,FDM404,8M6HM2_HVF,8M6HM2_HVF,09/12/2026 9:36:06 AM,8M6HM2_HVF,D1D,5,8454011
D616545,54,A2DST054SLD5,0,0.00695,0.019112,0.001737,0.008687,0.005212,0,0.003475,0,0.005212,0.001737,0,0.003475,0.046912,,D6165450,PXMG,08/03/2026 8:04:15 PM,FDM406,8M6HM2_HVF,8M6HM2_HVF,08/03/2026 8:31:06 PM,8M6HM2_HVF,D1D,1,8445031
D616545,64,A2DST064SLA6,0,0.008687,0.022587,0,0,0.001737,0,0.005212,0,0.003475,0.001737,0,0.001737,0.001737,,D6165450,PXMG,08/03/2026 8:04:15 PM,FDM406,8M6HM2_HVF,8M6HM2_HVF,08/03/2026 8:33:04 PM,8M6HM2_HVF,D1D,2,8445149
D616545,66,A2DST066SLB7,0,0.002389,0.024542,0.003475,0.004127,0.001737,0,0,0,0.005864,0,0,0.005864,0.021501,0,D6165450,PXMG,08/03/2026 9:57:57 PM,FDM404,8M6HM2_HVF,8M6HM2_HVF,08/03/2026 10:39:57 PM,8M6HM2_HVF,D1D,3,8445124
D616545,113,A2CM6113SLB0,0,0.007529,0.020271,0,0,0.005212,0,0,0,0.010425,0,0,0.003475,0,0,D6165450,PXMG,08/03/2026 9:57:57 PM,FDM404,8M6HM2_HVF,8M6HM2_HVF,08/03/2026 10:38:16 PM,8M6HM2_HVF,D1D,4,8445111
D616545,121,A2CM6121SLE3,0,0.009382,0.032317,0,0,0.0139,0,0.001737,0,0.005212,0,0,0.00695,0,0,D6165450,PXMG,08/03/2026 9:57:57 PM,FDM404,8M6HM2_HVF,8M6HM2_HVF,08/03/2026 10:41:25 PM,8M6HM2_HVF,D1D,5,8445041
D616521,127,A2ET6127SLD0,0,0.005212,0.017375,0,0.001737,0.012162,0,0,0,0.003475,0,0,0,0.005212,,D6165210,PXMG,08/05/2026 2:38:22 AM,FDM410,8M6HM2_HVF,8M6HM2_HVF,08/05/2026 4:23:04 AM,8M6HM2_HVF,D1D,1,8438003
D616521,129,A2ET6129SLE1,0,0.01112,0.01807,0,0.003475,0.003475,0,0,0,0.007297,0,0,0.001737,0.003475,0,D6165210,PXMG,08/05/2026 2:38:22 AM,FDM410,8M6HM2_HVF,8M6HM2_HVF,08/05/2026 4:25:00 AM,8M6HM2_HVF,D1D,2,8438042
D616521,130,A2ET6130SLH2,0,0.005212,0.017375,0.001737,0,0,0,0.001737,0,0.008687,0,0,0.003475,0.003475,,D6165210,PXMG,08/05/2026 5:08:59 AM,FDM410,8M6HM2_HVF,8M6HM2_HVF,08/05/2026 5:42:45 AM,8M6HM2_HVF,D1D,3,8438048
D616521,133,A2ET6133SLF2,0,0,0.0139,0,0,0.003475,0,0.001737,0,0.005212,0.001737,0,0.003475,0,,D6165210,PXMG,08/05/2026 5:08:59 AM,FDM410,8M6HM2_HVF,8M6HM2_HVF,08/05/2026 5:40:09 AM,8M6HM2_HVF,D1D,4,8438083
D616521,134,A2ET6134SLC1,0,0.005212,0.023456,0.001737,0,0.001737,0,0.001737,0,0.004344,0,0,0,0.005212,0,D6165210,PXMG,08/05/2026 5:08:59 AM,FDM410,8M6HM2_HVF,8M6HM2_HVF,08/05/2026 5:40:55 AM,8M6HM2_HVF,D1D,5,8438032
D617105,12,A2EC7012SLB2,0,0.017976,0.01263,0,0,0.005413,0,0.001804,0,0.010759,0,0,0.001804,0,0,D6171050,PXMG,08/04/2026 3:51:59 AM,FDM410,8M6HM2_HVF,8M6HM2_HVF,09/15/2026 8:04:06 AM,8M6HM2_HVF,D1D,1,8466281
D617105,15,A2EC7015SLG5,0,0.00695,0.001737,0,0,0.001737,0,0,0,0.00695,0,0,0.001737,0.00695,,D6171050,PXMG,08/04/2026 3:51:59 AM,FDM410,8M6HM2_HVF,8M6HM2_HVF,09/13/2026 4:08:35 PM,8M6HM2_HVF,D1D,2,8466270
D617105,20,A2EC7020SLE5,0,0.001737,0.005212,0.001737,0,0.001737,0,0.001737,0,0.005212,0,0,0,0,,D6171050,PXMG,08/04/2026 5:03:25 AM,FDM410,8M6HM2_HVF,8M6HM2_HVF,09/15/2026 9:31:44 AM,8M6HM2_HVF,D1D,3,8466102
D617105,32,A2EC7032SLC7,0,0.005212,0.00695,0.001737,0,0.003475,0,0.003475,0,0.008687,0.001737,0,0,0.001737,,D6171050,PXMG,08/04/2026 5:03:25 AM,FDM410,8M6HM2_HVF,8M6HM2_HVF,09/15/2026 9:47:28 AM,8M6HM2_HVF,D1D,4,8466292
D617105,38,A2EC7038SLG2,0,0.0139,0.019692,0,0.002317,0.005212,0,0.001737,0,0.007529,0,0,0,0.001737,0,D6171050,PXMG,08/04/2026 5:03:25 AM,FDM410,8M6HM2_HVF,8M6HM2_HVF,08/04/2026 5:36:44 AM,8M6HM2_HVF,D1D,5,8466278
D616556,77,HJ5FE077JKD4,0,0.008659,0.012122,0.001732,0,0.003464,0,0.001732,0,0.001732,0.001732,0,0,0.001732,,D6165560,PNCB,08/03/2026 6:15:27 PM,FDM410,8M6HM2_HVF,8M6HM2_HVF,09/15/2026 12:30:53 PM,8M6HM2_HVF,D1D,1,8448860
D616556,78,HJ5FE078JKA3,0,0.010391,0.015586,0,0,0.003464,0,0.001732,0,0.005195,0,0,0.019049,0.001732,,D6165560,PNCB,08/03/2026 6:15:27 PM,FDM410,8M6HM2_HVF,8M6HM2_HVF,09/15/2026 12:16:10 PM,8M6HM2_HVF,D1D,2,8448894
D616556,129,HJ5FE129JKD3,0,0.006927,0.012122,0,0,0.003464,0,0.001732,0,0.005195,0.003464,0,0.006927,0.003464,,D6165560,PNCB,08/03/2026 7:48:22 PM,FDM406,8M6HM2_HVF,8M6HM2_HVF,09/13/2026 5:48:27 PM,8M6HM2_HVF,D1D,3,8448997
D616556,130,HJ5FE130JKG4,0,0.015153,0.023595,0.011906,0.005195,0.001732,0,0.001732,0,0.001732,0,0,0.010391,0.061911,0,D6165560,PNCB,08/03/2026 7:48:22 PM,FDM406,8M6HM2_HVF,8M6HM2_HVF,09/15/2026 3:44:08 AM,8M6HM2_HVF,D1D,4,8449003
D616556,131,HJ5FE131JKD3,0,0.005742,0.020325,0,0,0.00957,0,0,0,0,0.001914,0,0.001914,0.003828,0,D6165560,PNCB,08/03/2026 7:48:22 PM,FDM406,8M6HM2_HVF,8M6HM2_HVF,09/15/2026 2:10:29 AM,8M6HM2_HVF,D1D,5,8448892
D616556,132,HJ5FE132JKA2,0,0.001732,0.012122,0.001732,0,0.001732,0,0,0,0.001732,0,0,0.013854,0.003464,,D6165560,PNCB,08/04/2026 1:46:27 AM,FDM406,8M6HM2_HVF,8M6HM2_HVF,09/15/2026 2:25:00 AM,8M6HM2_HVF,D1D,6,8448946
D616556,133,HJ5FE133JKE4,0,0.006927,0.013854,0,0,0.006927,0,0.001732,0,0,0.003464,0,0.001732,0.005195,,D6165560,PNCB,08/04/2026 1:46:27 AM,FDM406,8M6HM2_HVF,8M6HM2_HVF,09/15/2026 5:47:51 AM,8M6HM2_HVF,D1D,7,8448927
D616556,134,HJ5FE134JKB3,0,0.003464,0.022513,0,0.001732,0,0,0.001732,0,0.001732,0,0,0.010391,0.003464,,D6165560,PNCB,08/04/2026 1:46:27 AM,FDM406,8M6HM2_HVF,8M6HM2_HVF,09/15/2026 11:45:11 AM,8M6HM2_HVF,D1D,8,8448899
D616556,135,HJ5FE135JKF5,0,0.005195,0.006927,0.001732,0,0.005195,0,0.001732,0,0,0,0,0.003464,0.010391,,D6165560,PNCB,08/04/2026 1:46:27 AM,FDM406,8M6HM2_HVF,8M6HM2_HVF,09/15/2026 1:55:54 AM,8M6HM2_HVF,D1D,9,8448995
D616533,203,HK0SX203JKF0,0,0.015637,0.008687,0,0,0.005212,0,0.008687,0,0.019112,0.003475,0,0,0,,D6165330,PXMG,08/03/2026 5:56:45 AM,FDM404,8M6HM2_HVF,8M6HM2_HVF,08/03/2026 6:32:00 AM,8M6HM2_HVF,D1D,1,8441598
D616533,204,HK0SX204JKB7,0,0.018417,0.005386,0.008687,0.001737,0.003649,0,0.008687,0,0.001911,0.001737,0,0.005212,0.008861,0,D6165330,PXMG,08/03/2026 5:56:45 AM,FDM404,8M6HM2_HVF,8M6HM2_HVF,08/03/2026 6:33:16 AM,8M6HM2_HVF,D1D,2,8441579
D616533,205,HK0SX205JKG1,0,0.010425,0.012162,0.003475,0,0.010425,0,0.003475,0,0.003475,0.001737,0,0.001737,0.005212,,D6165330,PXMG,08/03/2026 6:58:42 AM,FDM406,8M6HM2_HVF,8M6HM2_HVF,08/03/2026 7:39:05 AM,8M6HM2_HVF,D1D,3,8441559
D616533,206,HK0SX206JKD0,0,0.0139,0.015637,0,0.001737,0.003475,0,0,0,0.024325,0,0,0.031275,0.02085,0,D6165330,PXMG,08/03/2026 6:58:42 AM,FDM406,8M6HM2_HVF,8M6HM2_HVF,08/03/2026 7:40:46 AM,8M6HM2_HVF,D1D,4,8441667
D616533,207,HK0SX207JKH2,0,0.003475,0.00695,0,0.001737,0.005212,0,0.003475,0,0.010425,0,0,0.003475,0.003475,,D6165330,PXMG,08/03/2026 6:58:42 AM,FDM406,8M6HM2_HVF,8M6HM2_HVF,08/03/2026 7:37:46 AM,8M6HM2_HVF,D1D,5,8441672
D616519,84,KJD9W084WFB5,0,0.008687,0.0139,0.003475,0.001737,0.0139,0,0,0,0.005212,0.001737,0,0.001737,0.003475,,D6165190,PXMG,08/07/2026 3:12:26 AM,FDM404,8M6HM2_HVF,8M6HM2_HVF,08/07/2026 3:34:48 AM,8M6HM2_HVF,D1D,1,8439052
D616519,99,KJD9W099WFF2,0,0.021024,0.11589,0,0,0.00695,0,0.010599,0,0.001737,0.010599,0,0,0.00695,0,D6165190,PXMG,08/07/2026 4:12:39 AM,FDM402,8M6HM2_HVF,8M6HM2_HVF,08/07/2026 4:57:18 AM,8M6HM2_HVF,D1D,2,8439063
D616519,106,KJD9W106WFC6,0,0.020502,0.066546,0,0.001737,0.001737,0,0,0,0.008514,0.001737,0,0,0.008687,0,D6165190,PXMG,08/07/2026 4:12:39 AM,FDM402,8M6HM2_HVF,8M6HM2_HVF,08/07/2026 4:54:20 AM,8M6HM2_HVF,D1D,3,8439103
D616519,141,KJD9W141WFG7,0,0.008687,0.039962,0.001737,0,0,0,0,0,0.001737,0.003475,0,0.001737,0.001737,,D6165190,PXMG,08/07/2026 4:12:39 AM,FDM402,8M6HM2_HVF,8M6HM2_HVF,08/07/2026 4:58:23 AM,8M6HM2_HVF,D1D,4,8439047
D616519,152,KJD9W152WFA7,0,0.003475,0.022587,0,0,0.003475,0,0.001737,0,0.003475,0,0,0.00695,0.005212,,D6165190,PXMG,08/07/2026 4:12:39 AM,FDM402,8M6HM2_HVF,8M6HM2_HVF,08/07/2026 4:55:43 AM,8M6HM2_HVF,D1D,5,8439106
D616569,26,A1YVB026SLD1,0,0.013854,0.006927,0,0,0.019049,0,0.001732,0,0.012122,0,0,0.003464,0.001732,,D6165690,PNCB,08/07/2026 12:17:47 AM,FDM404,8M6HM2_HVF,8M6HM2_HVF,08/07/2026 12:43:24 AM,8M6HM2_HVF,D1D,1,8451455
D616553,153,MCPPE153WAG6,0,0.003464,0.019049,0.001732,0.001732,0.003464,0,0.003464,0,0.001732,0,0,0,0.008659,,D6165530,PNCB,08/07/2026 4:35:00 AM,FDM404,8M6HM2_HVF,8M6HM2_HVF,09/12/2026 5:12:50 AM,8M6HM2_HVF,D1D,1,8448360
D616558,119,A2EWZ119SLA0,0,0.009154,0.039583,0.001732,0,0.006865,0,0.004577,0,0.004577,0.00402,0,0.008597,0.002288,0,D6165580,PNCB,08/12/2026 6:18:19 PM,FDM408,8M6HM2_HVF,8M6HM2_HVF,08/12/2026 6:49:49 PM,8M6HM2_HVF,D1D,1,8447980
D616558,187,A2EWZ187SLA7,0,0.012122,0.020781,0.001732,0.001732,0.001732,0,0,0,0.008659,0,0,0,0.003464,,D6165580,PNCB,08/12/2026 6:18:19 PM,FDM408,8M6HM2_HVF,8M6HM2_HVF,08/12/2026 6:48:30 PM,8M6HM2_HVF,D1D,2,8447997
D616564,464,5DXSL464MVG4,0,0.003464,0.012122,0,0,0.001732,0,0.001732,0,0.005195,0,0,0.001732,0,,D6165640,PNCB,08/09/2026 5:35:25 PM,FDM406,8M6HM2_HVF,8M6HM2_HVF,08/09/2026 6:01:03 PM,8M6HM2_HVF,D1D,1,8451023
D616564,471,5DXSL471MVF5,0,0.010391,0.019049,0,0,0.003464,0,0,0,0.001732,0,0,0,0,,D6165640,PNCB,08/09/2026 5:35:25 PM,FDM406,8M6HM2_HVF,8M6HM2_HVF,08/09/2026 6:02:16 PM,8M6HM2_HVF,D1D,2,8451004
D617616,125,5DXUY125MVG2,0,0.025715,0.046565,0.001737,0.001737,0.01112,0,0,0,0,0.001737,0,0.003475,0,0,D6176160,PXMG,07/17/2026 9:22:13 AM,FDM402,8M6HM2_HVF,8M6HM2_HVF,09/05/2026 6:28:40 AM,8M6HM2_HVF,D1D,1,8479314
D617616,126,5DXUY126MVD1,0,0.003475,0.0278,0.001737,0.001737,0.005212,0,0,0,0.005212,0.001737,0,0.003475,0.001737,,D6176160,PXMG,07/17/2026 9:22:13 AM,FDM402,8M6HM2_HVF,8M6HM2_HVF,09/07/2026 6:42:58 AM,8M6HM2_HVF,D1D,2,8479363
D617616,145,5DXUY145MVA4,0,0.01516,0.041895,0.001792,0.001792,0.01833,0,0,0,0.001792,0.003584,0,0.011163,0.001792,0,D6176160,PXMG,07/17/2026 10:05:35 AM,FDM404,8M6HM2_HVF,8M6HM2_HVF,09/07/2026 6:38:03 AM,8M6HM2_HVF,D1D,3,8479457
D617616,147,5DXUY147MVB5,0,0.015637,0.045522,0.001737,0,0.005212,0,0.001737,0,0.00556,0.021892,0,0.010425,0.001737,0,D6176160,PXMG,07/17/2026 10:05:35 AM,FDM404,8M6HM2_HVF,8M6HM2_HVF,09/05/2026 6:33:15 AM,8M6HM2_HVF,D1D,4,8479412
D617616,149,5DXUY149MVC6,0,0.02085,0.019112,0,0,0.010425,0,0.001737,0,0,0,0,0.005212,0.001737,,D6176160,PXMG,07/17/2026 10:05:35 AM,FDM404,8M6HM2_HVF,8M6HM2_HVF,09/07/2026 6:04:47 AM,8M6HM2_HVF,D1D,5,8479356
D617614,12,KJFMF012WFE2,0,0.017318,0.034635,0.001732,0,0.010391,0,0.001732,0,0.001732,0.001732,0.003464,0.008659,0.001732,,D6176140,PNCB,07/17/2026 10:16:49 PM,FDM406,8M6HM2_HVF,8M6HM2_HVF,09/06/2026 5:56:39 AM,8M6HM2_HVF,D1D,1,8479411
D617614,32,KJFMF032WFF7,0,0.012122,0.008659,0,0,0.012122,0,0,0,0,0,0,0,0.003464,,D6176140,PNCB,07/17/2026 10:16:49 PM,FDM406,8M6HM2_HVF,8M6HM2_HVF,09/07/2026 2:48:52 AM,8M6HM2_HVF,D1D,2,8479422
D617614,68,KJFMF068WFA5,0,0.018517,0.042628,0,0,0.008392,0,0.002797,0,0,0,0,0.002797,0.002797,0,D6176140,PNCB,07/17/2026 11:12:42 PM,FDM408,8M6HM2_HVF,8M6HM2_HVF,09/06/2026 10:12:15 PM,8M6HM2_HVF,D1D,3,8479334
D617614,86,KJFMF086WFB1,0,0.010391,0.032904,0.003464,0,0.003464,0,0,0,0.032904,0,0,0,0,,D6176140,PNCB,07/17/2026 11:12:42 PM,FDM408,8M6HM2_HVF,8M6HM2_HVF,09/06/2026 10:16:36 AM,8M6HM2_HVF,D1D,4,8479476
D617614,122,KJFMF122WFA4,0,0.021128,0.037406,0,0.001732,0.005888,0,0.003464,0,0.006927,0.004156,0,0.001732,0.002424,0,D6176140,PNCB,07/17/2026 11:12:42 PM,FDM408,8M6HM2_HVF,8M6HM2_HVF,09/05/2026 11:15:21 AM,8M6HM2_HVF,D1D,5,8479340
D617633,7,KJEYC007WFC3,0,0.015985,0.02224,0,0.001737,0.007297,0,0,0,0,0.002085,0,0.00556,0.00417,0,D6176330,PXMG,07/15/2026 3:28:57 AM,FDM408,8M6HM2_HVF,8M6HM2_HVF,09/06/2026 6:34:50 AM,8M6HM2_HVF,D1D,1,8483764
D617633,98,KJEYC098WFC7,0,0.011294,0.0139,0,0,0.014334,0,0,0,0.00695,0,0,0.010859,0.001737,0,D6176330,PXMG,07/15/2026 3:28:57 AM,FDM408,8M6HM2_HVF,8M6HM2_HVF,09/06/2026 6:29:28 AM,8M6HM2_HVF,D1D,2,8483728
D617633,111,KJEYC111WFC5,0,0.0139,0.00695,0.001737,0,0.010425,0,0,0,0.003475,0.001737,0,0.001737,0.003475,,D6176330,PXMG,07/15/2026 4:25:32 AM,FDM404,8M6HM2_HVF,8M6HM2_HVF,09/06/2026 6:46:29 AM,8M6HM2_HVF,D1D,3,8483779
D617633,127,KJEYC127WFD1,0,0.0139,0.00695,0.001737,0.001737,0.005212,0,0.001737,0,0.00695,0.001737,0,0.003475,0.008687,,D6176330,PXMG,07/15/2026 4:25:32 AM,FDM404,8M6HM2_HVF,8M6HM2_HVF,07/26/2026 3:12:46 PM,8M6HM2_HVF,D1D,4,8483702
D617633,175,KJEYC175WFC3,0,0.012162,0,0.001737,0,0.005212,0,0.003475,0,0.001737,0,0,0.001737,0.001737,,D6176330,PXMG,07/15/2026 4:25:32 AM,FDM404,8M6HM2_HVF,8M6HM2_HVF,09/06/2026 6:10:43 AM,8M6HM2_HVF,D1D,5,8483780
D617617,146,5DXSJ146MVA4,0,0.010425,0.039615,0.003475,0,0.00695,0,0.003475,0,0.008687,0.009035,0,0.001737,0,0,D6176170,PXMG,07/14/2026 7:51:13 AM,FDM406,8M6HM2_HVF,8M6HM2_HVF,09/02/2026 8:27:16 PM,8M6HM2_HVF,D1D,1,8479679
D617617,147,5DXSJ147MVE6,0,0.010425,0.010425,0.005212,0.001737,0.005212,0,0,0,0.010425,0.001737,0,0.003475,0.003475,,D6176170,PXMG,07/14/2026 7:51:13 AM,FDM406,8M6HM2_HVF,8M6HM2_HVF,08/30/2026 1:24:40 PM,8M6HM2_HVF,D1D,2,8479798
D617617,151,5DXSJ151MVF7,0,0.005212,0.037182,0,0,0.005212,0,0.001737,0,0.003475,0.006255,0,0,0.001737,0,D6176170,PXMG,07/14/2026 9:04:06 AM,FDM408,8M6HM2_HVF,8M6HM2_HVF,08/30/2026 1:26:40 PM,8M6HM2_HVF,D1D,3,8479675
D617617,153,5DXSJ153MVH0,0,0.010772,0.0278,0,0,0.003475,0,0,0,0,0.00556,0,0.004517,0,0,D6176170,PXMG,07/14/2026 9:04:06 AM,FDM408,8M6HM2_HVF,8M6HM2_HVF,09/03/2026 4:07:23 AM,8M6HM2_HVF,D1D,4,8479719
D617617,156,5DXSJ156MVF0,0,0.00695,0.005212,0,0,0.008687,0,0,0,0,0,0,0.00695,0,,D6176170,PXMG,07/14/2026 9:04:06 AM,FDM408,8M6HM2_HVF,8M6HM2_HVF,09/03/2026 4:04:30 AM,8M6HM2_HVF,D1D,5,8479818
D617596,16,KJFMF016WFG4,0,0.007923,0.011386,0.009287,0.006191,0.003096,0,0,0,0.009287,0.003096,0,0.035783,0.175449,0,D6175960,PNCB,07/15/2026 7:13:59 AM,FDM410,8M6HM2_HVF,8M6HM2_HVF,07/26/2026 3:12:50 PM,8M6HM2_HVF,D1D,1,8472428
D617596,34,KJFMF034WFH0,0,0.013161,0.029094,0,0,0.001732,0,0.005195,0,0.003983,0,0,0.002251,0,0,D6175960,PNCB,07/15/2026 7:13:59 AM,FDM410,8M6HM2_HVF,8M6HM2_HVF,09/15/2026 12:23:10 PM,8M6HM2_HVF,D1D,2,8472348
D617596,43,KJFMF043WFH2,0,0.012122,0.036367,0,0,0.005195,0,0.001732,0,0,0,0,0.005195,0.008659,,D6175960,PNCB,07/15/2026 11:35:25 AM,FDM404,8M6HM2_HVF,8M6HM2_HVF,09/15/2026 2:55:41 PM,8M6HM2_HVF,D1D,3,8472487
D617596,52,KJFMF052WFA1,0,0.008659,0.015586,0,0.001732,0.006927,0,0,0,0.001732,0,0,0,0.001732,,D6175960,PNCB,07/15/2026 11:35:25 AM,FDM404,8M6HM2_HVF,8M6HM2_HVF,09/15/2026 1:21:16 AM,8M6HM2_HVF,D1D,4,8472482
D617596,64,KJFMF064WFF6,0,0.014239,0.035597,0,0.001732,0.001732,0,0.001732,0,0.00558,0.001732,0,0.003464,0,0,D6175960,PNCB,07/15/2026 11:35:25 AM,FDM404,8M6HM2_HVF,8M6HM2_HVF,07/26/2026 3:12:25 PM,8M6HM2_HVF,D1D,5,8472365
D617627,37,A29DT037SLA6,0,0.005212,0.003475,0.003475,0.005212,0.00695,0,0,0,0.005212,0,0,0,0.00695,,D6176270,PXMG,07/16/2026 1:44:47 PM,FDM408,8M6HM2_HVF,8M6HM2_HVF,07/26/2026 3:12:07 PM,8M6HM2_HVF,D1D,1,8483767
D617627,76,A29TR076SLC6,0,0.014769,0.033012,0,0,0.001737,0,0,0,0.003475,0.002606,0,0.001737,0,0,D6176270,PXMG,07/16/2026 1:44:47 PM,FDM408,8M6HM2_HVF,8M6HM2_HVF,07/26/2026 3:12:00 PM,8M6HM2_HVF,D1D,2,8483683
D617627,78,A29TR078SLD7,0,0.014769,0.012684,0.001737,0,0.003649,0,0.001737,0,0.010425,0,0,0.00695,0.010599,0,D6176270,PXMG,07/16/2026 3:09:19 PM,FDM404,8M6HM2_HVF,8M6HM2_HVF,07/26/2026 3:11:31 PM,8M6HM2_HVF,D1D,3,8483709
D617627,79,A29TR079SLA6,0,0.008687,0.022587,0.001737,0.001737,0.001737,0,0.001737,0,0.001737,0.003475,0,0.00695,0.001737,0,D6176270,PXMG,07/16/2026 3:09:19 PM,FDM404,8M6HM2_HVF,8M6HM2_HVF,07/26/2026 3:04:59 PM,8M6HM2_HVF,D1D,4,8483670
D617627,80,A29TR080SLD7,0,0.010425,0.005212,0.005212,0.005212,0.003475,0,0,0,0.008687,0.001737,0,0.012162,0.072974,,D6176270,PXMG,07/16/2026 3:09:19 PM,FDM404,8M6HM2_HVF,8M6HM2_HVF,07/26/2026 3:05:05 PM,8M6HM2_HVF,D1D,5,8483619
D617599,526,HJ9UH526JKD7,0,0.012122,0.025976,0.001732,0.001732,0.001732,0,0,0,0,0,0.001732,0.001732,0.001732,,D6175990,PNCB,07/16/2026 3:40:41 PM,FDM408,8M6HM2_HVF,8M6HM2_HVF,09/09/2026 10:23:02 AM,8M6HM2_HVF,D1D,1,8472264
D617599,528,HJ9UH528JKF0,0,0.014374,0.056455,0.001732,0,0.001732,0,0,0,0.010564,0,0,0.001732,0,0,D6175990,PNCB,07/16/2026 3:40:41 PM,FDM408,8M6HM2_HVF,8M6HM2_HVF,09/09/2026 4:32:04 PM,8M6HM2_HVF,D1D,2,8472315
D617588,11,KJEYH011WFF3,0,0.008659,0.015586,0.001732,0,0,0,0,0,0.003464,0,0,0.027708,0.001732,,D6175880,PNCB,07/16/2026 4:33:58 PM,FDM406,8M6HM2_HVF,8M6HM2_HVF,09/14/2026 4:09:44 PM,8M6HM2_HVF,D1D,1,8471013
D617588,19,KJEYH019WFC4,0,0.013854,0.005195,0,0,0,0,0.003464,0,0.001732,0,0,0.001732,0,,D6175880,PNCB,07/16/2026 4:33:58 PM,FDM406,8M6HM2_HVF,8M6HM2_HVF,09/15/2026 7:46:54 AM,8M6HM2_HVF,D1D,2,8471015
D617601,340,KJE6B340WFA5,0,0.017433,0.014547,0.001963,0.001963,0.017433,0,0,0,0.005888,0.001963,0,0,0.011545,0,D6176010,PNCB,07/23/2026 8:50:02 PM,FDM410,8M6HM2_HVF,8M6HM2_HVF,09/09/2026 8:50:16 AM,8M6HM2_HVF,D1D,1,8472684
D617601,345,KJE6B345WFH1,0,0.005195,0.008659,0,0,0.003464,0,0,0,0.006927,0.001732,0,0,0,,D6176010,PNCB,07/23/2026 8:50:02 PM,FDM410,8M6HM2_HVF,8M6HM2_HVF,09/09/2026 12:18:09 AM,8M6HM2_HVF,D1D,2,8472631
D617601,349,KJE6B349WFC0,0,0.017125,0.003656,0,0,0.001924,0,0.001924,0,0.005773,0,0,0.007697,0,0,D6176010,PNCB,07/23/2026 10:00:29 PM,FDM406,8M6HM2_HVF,8M6HM2_HVF,09/10/2026 4:53:55 PM,8M6HM2_HVF,D1D,3,8472522
D617601,350,KJE6B350WFF1,0,0.003464,0.001732,0,0.001732,0.003464,0,0,0,0,0,0,0.001732,0.001732,,D6176010,PNCB,07/23/2026 10:00:29 PM,FDM406,8M6HM2_HVF,8M6HM2_HVF,09/08/2026 9:33:32 AM,8M6HM2_HVF,D1D,4,8472479
D617601,352,KJE6B352WFG2,0,0.037137,0.017626,0,0,0.010545,0,0.00177,0,0.012392,0,0,0.00177,0.007081,0,D6176010,PNCB,07/23/2026 10:00:29 PM,FDM406,8M6HM2_HVF,8M6HM2_HVF,09/09/2026 11:11:26 PM,8M6HM2_HVF,D1D,5,8472593
D617107,23,A2FSN023SLC1,0,0.008687,0.029537,0.001737,0,0.003475,0,0.001737,0,0.001737,0.001737,0,0.001737,0.005212,,D6171070,PXMG,07/22/2026 10:21:44 PM,FDM406,8M6HM2_HVF,8M6HM2_HVF,07/26/2026 3:09:30 PM,8M6HM2_HVF,D1D,1,8465790
D617107,25,A2FSN025SLD2,0,0.008687,0.022587,0.001737,0,0,0,0.003475,0,0.008687,0,0,0.001737,0.001737,,D6171070,PXMG,07/22/2026 10:21:44 PM,FDM406,8M6HM2_HVF,8M6HM2_HVF,09/15/2026 5:15:18 AM,8M6HM2_HVF,D1D,2,8465813
D617107,146,A2FN6146SLG3,0,0.015637,0.026062,0.001737,0,0.001737,0,0.003475,0,0,0.001737,0,0,0.001737,,D6171070,PXMG,07/22/2026 11:02:20 PM,FDM406,8M6HM2_HVF,8M6HM2_HVF,07/26/2026 3:08:57 PM,8M6HM2_HVF,D1D,3,8465800
D617107,177,A2FHT177SLC5,0,0.016962,0.067847,0.005353,0.003569,0.010707,0,0.003569,0,0.005353,0.001784,0,0.008922,0.039258,0,D6171070,PXMG,07/22/2026 11:02:20 PM,FDM406,8M6HM2_HVF,8M6HM2_HVF,07/26/2026 3:04:44 PM,8M6HM2_HVF,D1D,4,8465809
D617107,179,A2FHT179SLD6,0,0.005212,0.033012,0.005212,0.005212,0.001737,0,0.005212,0,0,0,0,0.008687,0.026062,,D6171070,PXMG,07/22/2026 11:02:20 PM,FDM406,8M6HM2_HVF,8M6HM2_HVF,07/26/2026 3:09:03 PM,8M6HM2_HVF,D1D,5,8465868
D617584,126,A25S7126SLD0,0,0.008659,0.032904,0,0.001732,0.008659,0,0,0,0.005195,0,0,0.010391,0.008659,,D6175840,PNCB,07/21/2026 2:09:03 PM,FDM406,8M6HM2_HVF,8M6HM2_HVF,09/15/2026 12:01:06 AM,8M6HM2_HVF,D1D,1,8470871
D617584,127,A25S7127SLH2,0,0.013551,0.050741,0.027578,0.00394,0.00197,0,0.00591,0,0.011819,0.00591,0,0.013789,0.02931,0,D6175840,PNCB,07/21/2026 2:09:03 PM,FDM406,8M6HM2_HVF,8M6HM2_HVF,07/26/2026 3:04:41 PM,8M6HM2_HVF,D1D,2,8471010
D617584,128,A25S7128SLE1,0,0.013854,0.019049,0.001732,0.001732,0.008659,0,0,0,0.003464,0,0,0.008659,0.003464,,D6175840,PNCB,07/21/2026 2:58:51 PM,FDM408,8M6HM2_HVF,8M6HM2_HVF,09/15/2026 1:28:20 PM,8M6HM2_HVF,D1D,3,8470966
D617584,129,A25S7129SLB0,0,0.010687,0.031963,0,0,0.005344,0,0.003562,0,0.003562,0.003562,0,0.007125,0,0,D6175840,PNCB,07/21/2026 2:58:51 PM,FDM408,8M6HM2_HVF,8M6HM2_HVF,09/14/2026 11:08:34 PM,8M6HM2_HVF,D1D,4,8470939
D617584,132,A25S7132SLF2,0,0.01143,0.043987,0,0,0.003464,0,0.001732,0,0,0,0,0.003464,0.001732,0,D6175840,PNCB,07/21/2026 2:58:51 PM,FDM408,8M6HM2_HVF,8M6HM2_HVF,09/15/2026 12:49:08 PM,8M6HM2_HVF,D1D,5,8471012
D617625,636,MCPPB636WAF0,0,0.010425,0.019112,0,0,0.001737,0,0,0,0.003475,0,0,0,0,,D6176250,PXMG,07/20/2026 4:08:45 PM,FDM410,8M6HM2_HVF,8M6HM2_HVF,07/26/2026 3:09:59 PM,8M6HM2_HVF,D1D,1,8483107
D617625,643,MCPPB643WAE1,0,0.00695,0.017375,0,0,0.005212,0,0,0,0.001737,0,0,0,0.001737,,D6176250,PXMG,07/20/2026 4:08:45 PM,FDM410,8M6HM2_HVF,8M6HM2_HVF,09/15/2026 6:50:13 AM,8M6HM2_HVF,D1D,2,8483224
D617625,644,MCPPB644WAB0,0,0.001737,0.015637,0,0,0.003475,0,0,0,0.001737,0,0,0,0.001737,,D6176250,PXMG,07/20/2026 4:08:45 PM,FDM410,8M6HM2_HVF,8M6HM2_HVF,07/26/2026 3:10:32 PM,8M6HM2_HVF,D1D,3,8483018
D617625,651,MCPPB651WAA1,0,0.001737,0.024325,0,0.005212,0,0,0,0,0,0,0,0.008687,0.001737,,D6176250,PXMG,07/20/2026 4:08:45 PM,FDM410,8M6HM2_HVF,8M6HM2_HVF,07/26/2026 3:09:53 PM,8M6HM2_HVF,D1D,4,8483109
D617625,677,MCPPB677WAF1,0,0.008687,0.019807,0,0.002085,0.001737,0,0,0,0,0.00417,0,0.001737,0.001737,0,D6176250,PXMG,07/20/2026 6:14:46 PM,FDM406,8M6HM2_HVF,8M6HM2_HVF,09/14/2026 5:16:36 PM,8M6HM2_HVF,D1D,5,8483103
D617622,231,5DXUZ231MVA5,0,0.007949,0.033447,0.020285,0.015898,0.013248,0,0,0,0.009686,0,0,0.045044,0.082053,0,D6176220,PXMG,07/19/2026 3:46:39 AM,FDM410,8M6HM2_HVF,8M6HM2_HVF,07/26/2026 3:04:58 PM,8M6HM2_HVF,D1D,1,8479700
D617622,233,5DXUZ233MVB6,0,0.005212,0.012162,0.001737,0.001737,0,0,0,0,0.00695,0,0,0.008687,0.017375,,D6176220,PXMG,07/19/2026 3:46:39 AM,FDM410,8M6HM2_HVF,8M6HM2_HVF,09/08/2026 3:45:20 AM,8M6HM2_HVF,D1D,2,8479694
D617622,235,5DXUZ235MVC7,0,0.0139,0.008687,0,0,0.024325,0,0,0,0.001737,0.001737,0,0,0.003475,,D6176220,PXMG,07/19/2026 4:58:22 AM,FDM408,8M6HM2_HVF,8M6HM2_HVF,09/09/2026 2:33:36 PM,8M6HM2_HVF,D1D,3,8479753
D617622,242,5DXUZ242MVC0,0,0.001737,0.019807,0.01251,0.008687,0.003475,0,0,0,0.00695,0.001737,0,0.014247,0.075059,0,D6176220,PXMG,07/19/2026 4:58:22 AM,FDM408,8M6HM2_HVF,8M6HM2_HVF,09/09/2026 2:35:00 PM,8M6HM2_HVF,D1D,4,8479796
D617622,243,5DXUZ243MVG2,0,0.00695,0.0139,0,0,0.012162,0,0.003475,0,0,0.001737,0,0.010425,0.017375,,D6176220,PXMG,07/19/2026 4:58:22 AM,FDM408,8M6HM2_HVF,8M6HM2_HVF,09/09/2026 3:53:00 AM,8M6HM2_HVF,D1D,5,8479806
D617585,358,KJEYL358WFA3,0,0.005195,0.006927,0,0,0.006927,0,0.001732,0,0.003464,0,0,0.003464,0.001732,,D6175850,PNCB,07/19/2026 11:29:34 PM,FDM406,8M6HM2_HVF,8M6HM2_HVF,08/25/2026 8:54:29 PM,8M6HM2_HVF,D1D,1,8470619
D617585,395,KJEYL395WFF5,0,0.005195,0.008659,0.008659,0.001732,0.001732,0,0.003464,0,0.005195,0,0,0.017318,0.008659,,D6175850,PNCB,07/19/2026 11:29:34 PM,FDM406,8M6HM2_HVF,8M6HM2_HVF,08/26/2026 4:25:30 AM,8M6HM2_HVF,D1D,2,8470632
D617585,397,KJEYL397WFG6,0,0.027708,0.006927,0,0,0.022513,0,0.001732,0,0.005195,0,0,0,0.005195,,D6175850,PNCB,07/20/2026 12:02:22 AM,FDM402,8M6HM2_HVF,8M6HM2_HVF,08/25/2026 9:27:50 PM,8M6HM2_HVF,D1D,3,8470726
D617585,406,KJEYL406WFF3,0,0.006927,0.010391,0,0,0.001732,0,0,0,0,0,0,0.003464,0.003464,,D6175850,PNCB,07/20/2026 12:02:22 AM,FDM402,8M6HM2_HVF,8M6HM2_HVF,08/26/2026 12:53:12 AM,8M6HM2_HVF,D1D,4,8470570
D617585,408,KJEYL408WFG4,0,0.011133,0.021771,0.003464,0,0.006927,0,0.001732,0,0.001732,0.001732,0,0.005195,0,0,D6175850,PNCB,07/20/2026 12:02:22 AM,FDM402,8M6HM2_HVF,8M6HM2_HVF,08/26/2026 7:51:55 AM,8M6HM2_HVF,D1D,5,8470706
D617603,406,HJ9UH406JKD1,0,0.020781,0.013854,0,0.001732,0.001732,0,0.001732,0,0.010391,0,0,0.001732,0,,D6176030,PNCB,07/31/2026 7:04:53 AM,FDM410,8M6HM2_HVF,8M6HM2_HVF,09/14/2026 9:32:48 AM,8M6HM2_HVF,D1D,1,8475702
D617603,407,HJ9UH407JKA0,0,0.013854,0.024245,0.005195,0,0.003464,0,0,0,0.001732,0.001732,0,0,0.001732,,D6176030,PNCB,07/31/2026 7:04:53 AM,FDM410,8M6HM2_HVF,8M6HM2_HVF,09/14/2026 11:01:17 AM,8M6HM2_HVF,D1D,2,8475697
D617595,22,KJEYG022WFG3,0,0.016798,0.042601,0,0.001732,0.006927,0,0.001732,0,0.003464,0.004676,0,0.001732,0.006927,0,D6175950,PNCB,07/31/2026 3:09:29 PM,FDM402,8M6HM2_HVF,8M6HM2_HVF,07/31/2026 3:38:11 PM,8M6HM2_HVF,D1D,1,8472469
D617595,36,KJEYG036WFF6,0,0.003464,0.012122,0,0,0.008659,0,0,0,0.005195,0,0,0,0.003464,,D6175950,PNCB,07/31/2026 3:09:29 PM,FDM402,8M6HM2_HVF,8M6HM2_HVF,07/31/2026 3:36:52 PM,8M6HM2_HVF,D1D,2,8472453
D617595,50,KJEYG050WFE0,0,0.001732,0.012122,0,0.006927,0.003464,0,0.001732,0,0.010391,0,0,0.003464,0.032904,,D6175950,PNCB,07/31/2026 3:57:34 PM,FDM404,8M6HM2_HVF,8M6HM2_HVF,07/31/2026 4:28:50 PM,8M6HM2_HVF,D1D,3,8472423
D617595,249,KJEYB249WFE5,0,0.019049,0.025976,0,0.001732,0.019049,0,0,0,0.003464,0.001732,0,0.001732,0.006927,,D6175950,PNCB,07/31/2026 3:57:34 PM,FDM404,8M6HM2_HVF,8M6HM2_HVF,07/31/2026 4:31:51 PM,8M6HM2_HVF,D1D,4,8472604
D617595,251,KJEYB251WFE5,0,0.005195,0.020781,0,0.001732,0.005195,0,0.001732,0,0.001732,0.003464,0,0.003464,0.010391,,D6175950,PNCB,07/31/2026 3:57:34 PM,FDM404,8M6HM2_HVF,8M6HM2_HVF,07/31/2026 4:30:20 PM,8M6HM2_HVF,D1D,5,8472445
D617604,459,HJ9UH459JKB4,0,0.005195,0.006927,0.001732,0,0.012122,0,0,0,0.005195,0,0,0,0,,D6176040,PNCB,07/30/2026 1:37:04 AM,FDM408,8M6HM2_HVF,8M6HM2_HVF,09/15/2026 2:10:55 AM,8M6HM2_HVF,D1D,1,8475661
D617604,460,HJ9UH460JKE5,0,0.013854,0.038099,0,0,0.008659,0,0.005195,0,0.003464,0.001732,0,0,0,,D6176040,PNCB,07/30/2026 1:37:04 AM,FDM408,8M6HM2_HVF,8M6HM2_HVF,09/15/2026 1:25:59 AM,8M6HM2_HVF,D1D,2,8475883
D617632,84,KJEYH084WFF3,0,0,0.029537,0.001737,0,0,0,0.001737,0,0.001737,0,0,0.012162,0.022587,0,D6176320,PXMG,07/28/2026 4:47:54 PM,FDM404,8M6HM2_HVF,8M6HM2_HVF,09/14/2026 5:42:11 PM,8M6HM2_HVF,D1D,1,8483750
D617632,85,KJEYH085WFC2,0,0.008687,0.017375,0,0,0,0,0,0,0.001737,0.001737,0,0.005212,0,,D6176320,PXMG,07/28/2026 4:47:54 PM,FDM404,8M6HM2_HVF,8M6HM2_HVF,09/14/2026 5:24:07 PM,8M6HM2_HVF,D1D,2,8483791
D617632,165,KJEYH165WFH1,0,0.00695,0.00695,0.001737,0,0,0,0,0,0.003475,0.001737,0,0.001737,0,,D6176320,PXMG,07/28/2026 6:51:21 PM,FDM404,8M6HM2_HVF,8M6HM2_HVF,09/14/2026 5:18:51 PM,8M6HM2_HVF,D1D,3,8483799
D617632,166,KJEYH166WFE0,0,0.00695,0.015637,0.003475,0.005212,0.0139,0,0.001737,0,0.010425,0.001737,0,0.0139,0.036487,,D6176320,PXMG,07/28/2026 6:51:21 PM,FDM404,8M6HM2_HVF,8M6HM2_HVF,09/15/2026 7:40:43 AM,8M6HM2_HVF,D1D,4,8483724
D617632,169,KJEYH169WFC0,0,0.005212,0.00695,0,0.003475,0.003475,0,0.001737,0,0.001737,0.001737,0,0.010425,0.024325,,D6176320,PXMG,07/28/2026 6:51:21 PM,FDM404,8M6HM2_HVF,8M6HM2_HVF,09/15/2026 7:42:04 AM,8M6HM2_HVF,D1D,5,8483733
D617611,354,KJF3L354WFE0,0,0.014504,0.069054,0,0,0.001732,0,0.001732,0,0.001732,0.001732,0,0.003464,0.016885,0,D6176110,PNCB,07/29/2026 11:19:22 PM,FDM408,8M6HM2_HVF,8M6HM2_HVF,07/30/2026 12:03:21 AM,8M6HM2_HVF,D1D,1,8476135
D617611,355,KJF3L355WFA7,0,0.010391,0.020781,0,0,0.008659,0,0.001732,0,0.005195,0,0,0,0.001732,,D6176110,PNCB,07/29/2026 11:19:22 PM,FDM408,8M6HM2_HVF,8M6HM2_HVF,07/30/2026 12:02:09 AM,8M6HM2_HVF,D1D,2,8476018
D617611,436,KJF3L436WFC5,0,0.008659,0.015586,0,0,0.006927,0,0.001732,0,0.006927,0.001732,0,0,0,,D6176110,PNCB,07/30/2026 12:17:16 AM,FDM408,8M6HM2_HVF,8M6HM2_HVF,07/30/2026 12:52:27 AM,8M6HM2_HVF,D1D,3,8476010
D617611,438,KJF3L438WFD6,0,0.006927,0.020781,0,0,0.005195,0,0.001732,0,0.003464,0,0,0.001732,0.001732,,D6176110,PNCB,07/30/2026 12:17:16 AM,FDM408,8M6HM2_HVF,8M6HM2_HVF,07/30/2026 12:49:56 AM,8M6HM2_HVF,D1D,4,8476131
D617611,444,KJF3L444WFG0,0,0.003464,0.02944,0,0.001732,0.005195,0,0.001732,0,0,0,0,0.001732,0.003464,,D6176110,PNCB,07/30/2026 12:17:16 AM,FDM408,8M6HM2_HVF,8M6HM2_HVF,07/30/2026 12:52:03 AM,8M6HM2_HVF,D1D,5,8476040
D617626,364,MCPMU364WAD3,0,0.012162,0.0278,0,0,0.02085,0,0,0,0.003475,0,0,0.001737,0,,D6176260,PXMG,07/30/2026 12:49:22 AM,FDM408,8M6HM2_HVF,8M6HM2_HVF,07/30/2026 1:25:16 AM,8M6HM2_HVF,D1D,1,8483526
D617626,366,MCPMU366WAE4,0,0.013205,0.056642,0.001737,0,0.001737,0,0,0,0.00834,0.001737,0,0.001737,0.003475,0,D6176260,PXMG,07/30/2026 12:49:22 AM,FDM408,8M6HM2_HVF,8M6HM2_HVF,07/30/2026 1:26:41 AM,8M6HM2_HVF,D1D,2,8483488
D617626,375,MCPMU375WAE6,0,0.020155,0.053862,0,0,0.005212,0,0,0,0.016332,0.003475,0,0,0.003475,0,D6176260,PXMG,07/30/2026 1:45:08 AM,FDM402,8M6HM2_HVF,8M6HM2_HVF,07/30/2026 2:28:51 AM,8M6HM2_HVF,D1D,3,8483435
D617626,376,MCPMU376WAB5,0,0.014672,0.03224,0,0,0.015637,0,0.00695,0,0,0,0,0,0.003475,0,D6176260,PXMG,07/30/2026 1:45:08 AM,FDM402,8M6HM2_HVF,8M6HM2_HVF,07/30/2026 2:31:32 AM,8M6HM2_HVF,D1D,4,8483586
D617626,380,MCPMU380WAC6,0,0.008166,0.042742,0,0,0.001737,0,0,0,0.004691,0,0,0,0.003475,0,D6176260,PXMG,07/30/2026 1:45:08 AM,FDM402,8M6HM2_HVF,8M6HM2_HVF,07/30/2026 2:29:57 AM,8M6HM2_HVF,D1D,5,8483447
D617590,681,KJFWQ681WFB3,0,0.001732,0.013854,0,0,0.003464,0,0,0,0,0,0,0.001732,0.003464,,D6175900,PNCB,07/29/2026 10:19:20 AM,FDM408,8M6HM2_HVF,8M6HM2_HVF,09/15/2026 3:21:49 PM,8M6HM2_HVF,D1D,1,8471122
D617590,704,KJFWQ704WFG6,0,0.005195,0.015586,0,0,0.010391,0,0,0,0.003464,0,0,0,0,,D6175900,PNCB,07/29/2026 10:19:20 AM,FDM408,8M6HM2_HVF,8M6HM2_HVF,09/15/2026 7:40:46 AM,8M6HM2_HVF,D1D,2,8471145
D617602,68,HJ6CL068JKG1,0,0.008659,0.025976,0,0,0.001732,0,0.001732,0,0.001732,0,0,0,0.003464,,D6176020,PNCB,07/27/2026 10:21:38 AM,FDM408,8M6HM2_HVF,8M6HM2_HVF,09/12/2026 6:16:19 PM,8M6HM2_HVF,D1D,1,8475678
D617602,101,HJ6CL101JKA1,0,0.024245,0.038099,0,0,0,0,0,0,0.001732,0,0,0,0.001732,,D6176020,PNCB,07/27/2026 10:21:38 AM,FDM408,8M6HM2_HVF,8M6HM2_HVF,09/12/2026 7:21:49 AM,8M6HM2_HVF,D1D,2,8475476
D617109,187,A25S7187SLE6,0,0.003475,0.010425,0.001737,0,0.001737,0,0,0,0.001737,0,0,0,0.005212,,D6171090,PXMG,07/26/2026 6:12:57 PM,FDM402,8M6HM2_HVF,8M6HM2_HVF,07/26/2026 6:38:14 PM,8M6HM2_HVF,D1D,1,8466216
D617109,190,A25S7190SLB5,0,0.00695,0.015637,0.001737,0,0.008687,0,0,0,0,0,0,0.001737,0,,D6171090,PXMG,07/26/2026 6:12:57 PM,FDM402,8M6HM2_HVF,8M6HM2_HVF,07/26/2026 6:39:58 PM,8M6HM2_HVF,D1D,2,8466161
D617109,191,A25S7191SLF7,0,0.019112,0.012162,0,0,0,0,0.001737,0,0.003475,0,0,0,0,,D6171090,PXMG,07/26/2026 7:03:25 PM,FDM404,8M6HM2_HVF,8M6HM2_HVF,07/26/2026 7:45:36 PM,8M6HM2_HVF,D1D,3,8466130
D617109,193,A25S7193SLH0,0,0.016159,0.039441,0.001737,0,0.003475,0,0.005212,0,0.001737,0,0,0,0.003475,0,D6171090,PXMG,07/26/2026 7:03:25 PM,FDM404,8M6HM2_HVF,8M6HM2_HVF,07/26/2026 7:44:44 PM,8M6HM2_HVF,D1D,4,8466156
D617109,201,A26LJ201SLE1,0,0.00695,0.005212,0.00695,0.001737,0,0,0.003475,0,0.003475,0.001737,0,0,0.00695,,D6171090,PXMG,07/26/2026 7:03:25 PM,FDM404,8M6HM2_HVF,8M6HM2_HVF,07/26/2026 7:43:06 PM,8M6HM2_HVF,D1D,5,8466280
D617597,23,MCPPE023WAB4,0,0.013854,0.013854,0,0.001732,0.005195,0,0.001732,0,0,0,0,0,0,,D6175970,PNCB,08/01/2026 5:49:01 PM,FDM402,8M6HM2_HVF,8M6HM2_HVF,09/15/2026 2:15:36 AM,8M6HM2_HVF,D1D,1,8472589
D617597,26,MCPPE026WAG7,0,0.010391,0.008659,0.001732,0,0.001732,0,0.001732,0,0.003464,0,0,0.001732,0.001732,,D6175970,PNCB,08/01/2026 5:49:01 PM,FDM402,8M6HM2_HVF,8M6HM2_HVF,08/01/2026 6:16:45 PM,8M6HM2_HVF,D1D,2,8472458
D617115,451,HK1ES451JKE6,0,0.013101,0.013101,0,0,0.003275,0,0,0,0,0.003275,0,0,0,,D6171150,PR8B,07/26/2026 11:35:12 AM,FDM410,8M6HM2_HVF,8M6HM2_HVF,07/26/2026 3:08:00 PM,8M6HM2_HVF,D1D,1,8499647
D617115,452,HK1ES452JKB5,0,0.019815,0.009989,0.001638,0,0.004421,0,0,0,0.004421,0,0,0.006059,0.006059,0,D6171150,PR8B,07/26/2026 11:35:12 AM,FDM410,8M6HM2_HVF,8M6HM2_HVF,07/26/2026 3:04:39 PM,8M6HM2_HVF,D1D,2,8499667
D617115,453,HK1ES453JKF7,0,0.045852,0.035699,0,0,0.001638,0,0.001638,0,0.008515,0,0,0.003275,0,0,D6171150,PR8B,07/26/2026 12:18:43 PM,FDM402,8M6HM2_HVF,8M6HM2_HVF,07/26/2026 3:07:50 PM,8M6HM2_HVF,D1D,3,8499668
D617115,454,HK1ES454JKC6,0,0.016376,0.009826,0,0.001638,0.00655,0,0.004913,0,0.00655,0,0,0,0.001638,,D6171150,PR8B,07/26/2026 12:18:43 PM,FDM402,8M6HM2_HVF,8M6HM2_HVF,07/26/2026 3:08:03 PM,8M6HM2_HVF,D1D,4,8499620
D617115,455,HK1ES455JKH0,0,0.022926,0.011463,0.001638,0,0.024564,0,0.001638,0,0.011463,0.001638,0.001638,0,0,,D6171150,PR8B,07/26/2026 12:18:43 PM,FDM402,8M6HM2_HVF,8M6HM2_HVF,07/26/2026 3:04:28 PM,8M6HM2_HVF,D1D,5,8499580
D617123,16,MCPPD016WAC0,0,0.019651,0.00655,0,0.001638,0.001638,0,0.004913,0,0.001638,0.00655,0,0.001638,0.001638,,D6171230,PR8B,08/05/2026 1:54:36 AM,FDM404,8M6HM2_HVF,8M6HM2_HVF,08/05/2026 2:56:59 AM,8M6HM2_HVF,D1D,1,8499775
D617123,20,MCPPD020WAD1,0,0.022926,0.00655,0.003275,0,0.004913,0,0.004913,0,0.003275,0,0,0,0.004913,,D6171230,PR8B,08/05/2026 1:54:36 AM,FDM404,8M6HM2_HVF,8M6HM2_HVF,08/05/2026 2:55:18 AM,8M6HM2_HVF,D1D,2,8499884
D617123,28,MCPPD028WAA2,0,0.015721,0.028167,0.010808,0,0.003275,0,0.003275,0,0.003275,0.012446,0,0.001638,0,0,D6171230,PR8B,08/05/2026 3:14:49 AM,FDM410,8M6HM2_HVF,8M6HM2_HVF,08/05/2026 3:44:05 AM,8M6HM2_HVF,D1D,3,8499760
D617123,56,MCPPD056WAF2,0,0.016376,0.011791,0.001638,0,0.007205,0,0.001638,0,0.001965,0,0,0.011791,0.00655,0,D6171230,PR8B,08/05/2026 3:14:49 AM,FDM410,8M6HM2_HVF,8M6HM2_HVF,08/05/2026 3:46:58 AM,8M6HM2_HVF,D1D,4,8499874
D617123,112,MCPPD112WAG2,0,0.018013,0.011463,0.001638,0,0.008188,0,0,0,0,0.00655,0,0.001638,0.004913,,D6171230,PR8B,08/05/2026 3:14:49 AM,FDM410,8M6HM2_HVF,8M6HM2_HVF,08/05/2026 3:45:33 AM,8M6HM2_HVF,D1D,5,8499943
D617607,557,KJF7N557WFF5,0,0.005195,0.008659,0.006927,0,0,0,0,0,0.006927,0,0,0.008659,0,,D6176070,PNCB,08/03/2026 4:26:41 PM,FDM404,8M6HM2_HVF,8M6HM2_HVF,08/03/2026 5:02:54 PM,8M6HM2_HVF,D1D,1,8475626
D617607,558,KJF7N558WFC4,0,0.005195,0.001732,0,0.001732,0.001732,0,0.001732,0,0.001732,0,0,0.003464,0.001732,,D6176070,PNCB,08/03/2026 4:26:41 PM,FDM404,8M6HM2_HVF,8M6HM2_HVF,08/03/2026 5:02:18 PM,8M6HM2_HVF,D1D,2,8475475
D617607,559,KJF7N559WFG6,0,0.010391,0.003464,0,0,0.005195,0,0.003464,0,0.012122,0,0,0.008659,0.001732,,D6176070,PNCB,08/03/2026 5:51:47 PM,FDM404,8M6HM2_HVF,8M6HM2_HVF,08/03/2026 6:24:05 PM,8M6HM2_HVF,D1D,3,8475573
D617607,560,KJF7N560WFC4,0,0.006927,0.012122,0.001732,0,0.005195,0,0,0,0.005195,0.001732,0,0.015586,0.008659,,D6176070,PNCB,08/03/2026 5:51:47 PM,FDM404,8M6HM2_HVF,8M6HM2_HVF,08/03/2026 6:22:46 PM,8M6HM2_HVF,D1D,4,8475507
D617607,562,KJF7N562WFD5,0.001732,0.010391,0.008659,0.001732,0,0.005195,0,0.003464,0,0.006927,0,0,0.008659,0.003464,,D6176070,PNCB,08/03/2026 5:51:47 PM,FDM404,8M6HM2_HVF,8M6HM2_HVF,08/03/2026 6:25:14 PM,8M6HM2_HVF,D1D,5,8475486
D617631,7,KJEYH007WFE2,0,0.0139,0.024325,0.001737,0,0.003475,0,0,0,0.001737,0.001737,0,0.005212,0.003475,,D6176310,PXMG,08/03/2026 7:56:54 PM,FDM410,8M6HM2_HVF,8M6HM2_HVF,08/03/2026 8:31:13 PM,8M6HM2_HVF,D1D,1,8483158
D617631,8,KJEYH008WFB1,0,0.0139,0.015637,0.001737,0,0.003475,0,0.001737,0,0,0,0,0.003475,0.003475,,D6176310,PXMG,08/03/2026 7:56:54 PM,FDM410,8M6HM2_HVF,8M6HM2_HVF,08/03/2026 8:32:13 PM,8M6HM2_HVF,D1D,2,8483105
D617631,13,KJEYH013WFG4,0,0.015637,0.012162,0,0,0.005212,0,0,0,0.00695,0,0,0.003475,0.001737,,D6176310,PXMG,08/03/2026 9:20:36 PM,FDM410,8M6HM2_HVF,8M6HM2_HVF,08/03/2026 9:55:39 PM,8M6HM2_HVF,D1D,3,8483110
D617631,18,KJEYH018WFF5,0,0.003475,0.012162,0,0.001737,0.0139,0,0.001737,0,0,0.001737,0,0,0.001737,,D6176310,PXMG,08/03/2026 9:20:36 PM,FDM410,8M6HM2_HVF,8M6HM2_HVF,08/03/2026 9:53:03 PM,8M6HM2_HVF,D1D,4,8483135
D617631,22,KJEYH022WFG6,0,0.00695,0.033012,0,0,0.001737,0,0,0,0.003475,0,0,0,0,0,D6176310,PXMG,08/03/2026 9:20:36 PM,FDM410,8M6HM2_HVF,8M6HM2_HVF,08/03/2026 9:53:59 PM,8M6HM2_HVF,D1D,5,8483223
D617122,540,HK1ES540JKC4,0,0.010215,0.013569,0.006784,0,0.001716,0,0.005069,0,0.003353,0,0,0.005069,0.001716,0,D6171220,PR8B,08/04/2026 6:19:27 PM,FDM410,8M6HM2_HVF,8M6HM2_HVF,08/04/2026 6:57:30 PM,8M6HM2_HVF,D1D,1,8499053
D617122,541,HK1ES541JKG6,0,0.013101,0.013101,0.004913,0,0.00655,0,0.003275,0,0.024564,0,0,0.001638,0,,D6171220,PR8B,08/04/2026 6:19:27 PM,FDM410,8M6HM2_HVF,8M6HM2_HVF,08/04/2026 6:56:39 PM,8M6HM2_HVF,D1D,2,8499100
D617122,542,HK1ES542JKD5,0,0.013756,0.014411,0.003275,0.001638,0.013101,0,0,0,0.006878,0.001638,0,0.004913,0.00262,0,D6171220,PR8B,08/04/2026 7:24:35 PM,FDM410,8M6HM2_HVF,8M6HM2_HVF,08/04/2026 8:01:36 PM,8M6HM2_HVF,D1D,3,8499206
D617122,543,HK1ES543JKA4,0,0.013756,0.011791,0.008515,0.001638,0,0,0.001638,0,0,0.001638,0,0.003275,0.013428,0,D6171220,PR8B,08/04/2026 7:24:35 PM,FDM410,8M6HM2_HVF,8M6HM2_HVF,08/04/2026 8:03:46 PM,8M6HM2_HVF,D1D,4,8499132
D617122,544,HK1ES544JKE6,0,0.014738,0.013101,0.001638,0.001638,0.00655,0,0,0,0.003275,0.001638,0,0.003275,0,,D6171220,PR8B,08/04/2026 7:24:35 PM,FDM410,8M6HM2_HVF,8M6HM2_HVF,08/04/2026 8:02:39 PM,8M6HM2_HVF,D1D,5,8499149
D617127,14,MCQAF014WAC6,0,0.019651,0.00655,0,0.001638,0.001638,0,0,0,0.001638,0,0,0.001638,0.004913,,D6171270,PR8B,08/05/2026 11:37:50 AM,FDM410,8M6HM2_HVF,8M6HM2_HVF,08/05/2026 12:19:24 PM,8M6HM2_HVF,D1D,1,8502360
D617127,18,MCQAF018WAF0,0,0.013101,0.013101,0.001638,0,0.003275,0,0.001638,0,0.00655,0,0,0.001638,0,,D6171270,PR8B,08/05/2026 11:37:50 AM,FDM410,8M6HM2_HVF,8M6HM2_HVF,08/05/2026 12:17:37 PM,8M6HM2_HVF,D1D,2,8502359
D617118,14,MCPPD014WAA7,0,0.030295,0.014902,0,0,0.007697,0,0,0,0.008188,0.006059,0,0,0,0,D6171180,PR8B,08/03/2026 4:46:28 AM,FDM406,8M6HM2_HVF,8M6HM2_HVF,08/03/2026 5:09:59 AM,8M6HM2_HVF,D1D,1,8499237
D617118,23,MCPPD023WAB1,0,0.011463,0.008188,0,0,0.013101,0,0.001638,0,0.00655,0.001638,0,0,0.001638,,D6171180,PR8B,08/03/2026 4:46:28 AM,FDM406,8M6HM2_HVF,8M6HM2_HVF,08/03/2026 5:11:26 AM,8M6HM2_HVF,D1D,2,8499233
D617118,41,MCPPD041WAB5,0,0.009826,0.008188,0.001638,0,0.004913,0,0,0,0.003275,0,0,0.001638,0,,D6171180,PR8B,08/03/2026 5:22:26 AM,FDM406,8M6HM2_HVF,8M6HM2_HVF,08/03/2026 5:51:45 AM,8M6HM2_HVF,D1D,3,8499272
D617118,55,MCPPD055WAB0,0,0.018341,0.011299,0,0.003275,0.010317,0,0.002129,0,0.004913,0,0,0.008679,0.001638,0,D6171180,PR8B,08/03/2026 5:22:26 AM,FDM406,8M6HM2_HVF,8M6HM2_HVF,08/03/2026 5:54:30 AM,8M6HM2_HVF,D1D,4,8499275
D617118,124,MCPPD124WAE4,0,0.002456,0.014738,0.001638,0,0.010644,0,0.003275,0,0.009826,0,0,0.014738,0.004913,0,D6171180,PR8B,08/03/2026 5:22:26 AM,FDM406,8M6HM2_HVF,8M6HM2_HVF,08/03/2026 5:52:46 AM,8M6HM2_HVF,D1D,5,8499198
D617620,357,KJE6B357WFF3,0,0.005212,0.021545,0.005212,0.012162,0.005386,0,0.001737,0,0,0.007297,0,0.003649,0.029885,0,D6176200,PXMG,08/03/2026 8:34:49 PM,FDM408,8M6HM2_HVF,8M6HM2_HVF,09/15/2026 9:36:45 AM,8M6HM2_HVF,D1D,1,8479573
D617620,403,KJE6B403WFB7,0,0.001737,0.0139,0,0.001737,0.001737,0,0.001737,0,0.008687,0.003475,0,0,0,,D6176200,PXMG,08/03/2026 8:34:49 PM,FDM408,8M6HM2_HVF,8M6HM2_HVF,09/13/2026 4:13:32 PM,8M6HM2_HVF,D1D,2,8479516
D617620,529,KJEHE529WFC1,0,0.0139,0.015637,0,0,0,0,0.001737,0,0.00695,0,0,0,0.001737,,D6176200,PXMG,08/03/2026 9:40:16 PM,FDM410,8M6HM2_HVF,8M6HM2_HVF,09/15/2026 9:34:51 AM,8M6HM2_HVF,D1D,3,8479474
D617620,541,KJE6B541WFD1,0,0.010425,0.00695,0,0,0.010425,0,0.003475,0,0.001737,0.005212,0,0.001737,0.001737,,D6176200,PXMG,08/03/2026 9:40:16 PM,FDM410,8M6HM2_HVF,8M6HM2_HVF,09/13/2026 3:55:17 PM,8M6HM2_HVF,D1D,4,8479579
D617620,549,KJE6B549WFA2,0,0.00973,0.02502,0,0,0.003475,0,0,0,0,0,0,0.001737,0,0,D6176200,PXMG,08/03/2026 9:40:16 PM,FDM410,8M6HM2_HVF,8M6HM2_HVF,09/14/2026 9:28:34 PM,8M6HM2_HVF,D1D,5,8479528
D617605,126,A25NX126SLA3,0,0.04093,0.050552,0.001807,0,0,0,0,0,0.003614,0.001807,0,0,0,0,D6176050,PNCB,08/03/2026 2:01:44 PM,FDM404,8M6HM2_HVF,8M6HM2_HVF,09/14/2026 3:39:20 PM,8M6HM2_HVF,D1D,1,8476058
D617605,129,A25NX129SLF6,0,0.005195,0.017318,0.001732,0,0.001732,0,0.003464,0,0.012122,0,0,0,0.003464,,D6176050,PNCB,08/03/2026 2:01:44 PM,FDM404,8M6HM2_HVF,8M6HM2_HVF,09/15/2026 11:51:08 AM,8M6HM2_HVF,D1D,2,8475999
D617125,5,5DXVM005MVE0,0,0.021289,0.013101,0,0,0.003275,0,0,0,0.001638,0.001638,0,0.003275,0.003275,,D6171250,PR8B,08/08/2026 11:42:29 PM,FDM402,8M6HM2_HVF,8M6HM2_HVF,08/09/2026 12:05:40 AM,8M6HM2_HVF,D1D,1,8500162
D617125,27,5DXVM027MVG6,0,0.011463,0.013101,0,0,0,0,0,0,0.004913,0,0,0,0.003275,,D6171250,PR8B,08/08/2026 11:42:29 PM,FDM402,8M6HM2_HVF,8M6HM2_HVF,08/09/2026 12:06:25 AM,8M6HM2_HVF,D1D,2,8500089
D617609,173,KJEYG173WFC6,0,0.012122,0.012122,0,0,0.001732,0,0.001732,0,0.006927,0,0,0.001732,0.005195,,D6176090,PNCB,08/08/2026 8:17:24 AM,FDM410,8M6HM2_HVF,8M6HM2_HVF,08/08/2026 8:49:34 AM,8M6HM2_HVF,D1D,1,8475904
D617609,194,KJEYG194WFB2,0,0.003464,0.013854,0.001732,0,0.001732,0,0.001732,0,0.001732,0,0,0.001732,0.001732,,D6176090,PNCB,08/08/2026 8:17:24 AM,FDM410,8M6HM2_HVF,8M6HM2_HVF,08/08/2026 8:50:31 AM,8M6HM2_HVF,D1D,2,8475790
D617130,91,MCPMT091WAG3,0,0.015885,0.04356,0.003275,0,0.003275,0,0,0,0.009662,0.004749,0,0.012937,0.001638,0,D6171300,PR8B,08/08/2026 5:00:20 PM,FDM404,8M6HM2_HVF,8M6HM2_HVF,08/08/2026 5:27:01 PM,8M6HM2_HVF,D1D,1,8502642
D617130,138,MCPMT138WAA7,0,0.015721,0.034717,0.001638,0.001638,0.003275,0,0.003275,0,0.003766,0.009662,0,0.004913,0.001638,0,D6171300,PR8B,08/08/2026 5:00:20 PM,FDM404,8M6HM2_HVF,8M6HM2_HVF,08/08/2026 5:24:59 PM,8M6HM2_HVF,D1D,2,8502628
D617131,635,MCQ7L635WAF1,0,0.025437,0.039064,0.002293,0,0.005062,0,0,0,0.001687,0.001687,0,0.001687,0.001687,0,D6171310,PR8B,08/02/2026 2:44:39 AM,FDM402,8M6HM2_HVF,8M6HM2_HVF,08/02/2026 4:23:14 AM,8M6HM2_HVF,D1D,1,8502723
D617131,639,MCQ7L639WAA0,0,0.02178,0.014083,0,0,0.001638,0,0.003439,0,0.001638,0,0,0.001638,0.004913,0,D6171310,PR8B,08/02/2026 2:44:39 AM,FDM402,8M6HM2_HVF,8M6HM2_HVF,08/02/2026 4:24:15 AM,8M6HM2_HVF,D1D,2,8502657
D617131,640,MCQ7L640WAD1,0,0.027839,0.024564,0,0,0.008188,0,0,0,0.003275,0,0,0.001638,0,0,D6171310,PR8B,08/02/2026 5:24:31 AM,FDM408,8M6HM2_HVF,8M6HM2_HVF,08/02/2026 6:06:12 AM,8M6HM2_HVF,D1D,3,8502749
D617131,641,MCQ7L641WAA0,0,0.019979,0.019487,0,0,0.008679,0,0.003275,0,0.001638,0.002129,0,0.001638,0.003766,0,D6171310,PR8B,08/02/2026 5:24:31 AM,FDM408,8M6HM2_HVF,8M6HM2_HVF,08/02/2026 6:07:35 AM,8M6HM2_HVF,D1D,4,8502780
D617131,644,MCQ7L644WAF3,0,0.010465,0.029679,0,0,0.003431,0,0,0,0.005232,0.001801,0,0,0.003431,0,D6171310,PR8B,08/02/2026 5:24:31 AM,FDM408,8M6HM2_HVF,8M6HM2_HVF,08/02/2026 6:08:39 AM,8M6HM2_HVF,D1D,5,8502742
D617134,203,HL2NB203JKA4,0,0.029477,0.013101,0,0,0,0,0,0,0.004913,0,0,0,0.001638,,D6171340,PR8B,08/02/2026 6:16:03 AM,FDM402,8M6HM2_HVF,8M6HM2_HVF,08/02/2026 6:46:47 AM,8M6HM2_HVF,D1D,1,8502871
D617134,204,HL2NB204JKE6,0,0.028822,0.018669,0.001638,0,0.001638,0,0.001638,0,0,0,0,0.004913,0.004913,0,D6171340,PR8B,08/02/2026 6:16:03 AM,FDM402,8M6HM2_HVF,8M6HM2_HVF,08/02/2026 6:45:31 AM,8M6HM2_HVF,D1D,2,8502859
D617134,205,HL2NB205JKB5,0,0.015066,0.013756,0.003275,0,0.006714,0,0.005077,0,0.001801,0,0,0.001638,0.001801,0,D6171340,PR8B,08/02/2026 7:10:01 AM,FDM408,8M6HM2_HVF,8M6HM2_HVF,08/02/2026 7:55:04 AM,8M6HM2_HVF,D1D,3,8502888
D617134,206,HL2NB206JKF7,0,0.022926,0.013101,0,0,0.004913,0,0.001638,0,0.003275,0.001638,0,0,0,,D6171340,PR8B,08/02/2026 7:10:01 AM,FDM408,8M6HM2_HVF,8M6HM2_HVF,08/02/2026 7:56:31 AM,8M6HM2_HVF,D1D,4,8502987
D617134,207,HL2NB207JKC6,0,0.018996,0.028494,0,0,0.001638,0,0.001638,0,0.00655,0,0,0,0.001638,0,D6171340,PR8B,08/02/2026 7:10:01 AM,FDM408,8M6HM2_HVF,8M6HM2_HVF,08/02/2026 7:57:39 AM,8M6HM2_HVF,D1D,5,8502904
D617634,4,KJEYC004WFE3,0,0.015637,0.017375,0.001737,0,0.001737,0,0.001737,0,0.003475,0.001737,0,0.001737,0.005212,,D6176340,PXMG,08/02/2026 4:06:35 AM,FDM404,8M6HM2_HVF,8M6HM2_HVF,09/12/2026 8:50:19 PM,8M6HM2_HVF,D1D,1,8483965
D617634,5,KJEYC005WFB2,0,0.010425,0.008687,0.003475,0.003475,0,0,0,0,0,0.005212,0,0.001737,0.003475,,D6176340,PXMG,08/02/2026 4:06:35 AM,FDM404,8M6HM2_HVF,8M6HM2_HVF,09/13/2026 12:41:46 PM,8M6HM2_HVF,D1D,2,8483955
D617634,6,KJEYC006WFF4,0,0.015637,0.00695,0.001737,0,0.00695,0,0,0,0.001737,0,0,0.001737,0.001737,,D6176340,PXMG,08/02/2026 5:12:40 AM,FDM402,8M6HM2_HVF,8M6HM2_HVF,09/12/2026 8:02:36 PM,8M6HM2_HVF,D1D,3,8483889
D617634,8,KJEYC008WFG5,0,0.00695,0.010425,0.005212,0,0.003475,0,0,0,0,0.003475,0,0.001737,0.001737,,D6176340,PXMG,08/02/2026 5:12:40 AM,FDM402,8M6HM2_HVF,8M6HM2_HVF,09/13/2026 8:58:44 AM,8M6HM2_HVF,D1D,4,8484030
D617634,11,KJEYC011WFD4,0,0.0139,0.008687,0.005212,0,0.005212,0,0.001737,0,0,0,0,0.00695,0,,D6176340,PXMG,08/02/2026 5:12:40 AM,FDM402,8M6HM2_HVF,8M6HM2_HVF,09/13/2026 8:40:57 AM,8M6HM2_HVF,D1D,5,8483900
D617621,308,5DXVO308MVA1,0,0,0.005212,0,0,0.00695,0,0,0,0.00695,0,0,0,0.001737,,D6176210,PXMG,08/06/2026 3:37:27 AM,FDM406,8M6HM2_HVF,8M6HM2_HVF,08/06/2026 4:05:35 AM,8M6HM2_HVF,D1D,1,8479548
D617621,309,5DXVO309MVE3,0,0.003475,0.005212,0,0.001737,0.005212,0,0.001737,0,0.003475,0.003475,0,0.003475,0.005212,,D6176210,PXMG,08/06/2026 3:37:27 AM,FDM406,8M6HM2_HVF,8M6HM2_HVF,08/06/2026 4:05:08 AM,8M6HM2_HVF,D1D,2,8479380
D617621,311,5DXVO311MVE3,0,0.005212,0.019112,0.003475,0,0.003475,0,0.001737,0,0.00695,0.00695,0,0,0,,D6176210,PXMG,08/06/2026 4:30:28 AM,FDM404,8M6HM2_HVF,8M6HM2_HVF,08/06/2026 5:11:02 AM,8M6HM2_HVF,D1D,3,8479418
D617621,313,5DXVO313MVF4,0,0.008687,0.012162,0,0,0.003475,0,0,0,0.003475,0.008687,0,0.001737,0.005212,,D6176210,PXMG,08/06/2026 4:30:28 AM,FDM404,8M6HM2_HVF,8M6HM2_HVF,08/06/2026 5:08:39 AM,8M6HM2_HVF,D1D,4,8479472
D617621,318,5DXVO318MVE5,0,0.012162,0.012162,0.001737,0,0.0139,0,0.001737,0,0.00695,0,0,0.001737,0.003475,,D6176210,PXMG,08/06/2026 4:30:28 AM,FDM404,8M6HM2_HVF,8M6HM2_HVF,08/06/2026 5:09:31 AM,8M6HM2_HVF,D1D,5,8479461
D617594,83,A2EW7083SLB1,0,0.001732,0.010391,0,0,0.008659,0,0,0,0.010391,0,0,0.001732,0.001732,,D6175940,PNCB,08/12/2026 11:57:30 AM,FDM402,8M6HM2_HVF,8M6HM2_HVF,08/12/2026 3:08:06 PM,8M6HM2_HVF,D1D,1,8472438
D617594,85,A2EW7085SLC2,0,0.010391,0.012122,0.001732,0,0.005195,0,0,0,0.020781,0.001732,0,0.001732,0.003464,,D6175940,PNCB,08/12/2026 11:57:30 AM,FDM402,8M6HM2_HVF,8M6HM2_HVF,08/12/2026 3:06:51 PM,8M6HM2_HVF,D1D,2,8472368
D617132,15,MCQAF015WAH0,0,0.035044,0.00524,0,0,0.003275,0,0,0,0.001638,0,0,0.00524,0.003603,0,D6171320,PR8B,08/14/2026 4:12:47 PM,FDM410,8M6HM2_HVF,8M6HM2_HVF,08/14/2026 4:37:55 PM,8M6HM2_HVF,D1D,1,8502788
D617132,28,MCQAF028WAC1,0,0.016703,0.020306,0,0,0.001638,0,0,0,0,0.001965,0,0.001965,0,0,D6171320,PR8B,08/14/2026 4:12:47 PM,FDM410,8M6HM2_HVF,8M6HM2_HVF,08/14/2026 4:39:52 PM,8M6HM2_HVF,D1D,2,8502853
D617587,322,KJF3L322WFE1,0,0.010391,0.051953,0.001732,0.001732,0.019049,0,0.006927,0,0.006927,0.005195,0,0.003464,0.012122,0,D6175870,PNCB,08/15/2026 1:06:25 PM,FDM410,8M6HM2_HVF,8M6HM2_HVF,08/15/2026 1:33:40 PM,8M6HM2_HVF,D1D,1,8470834
D617587,453,KJF3L453WFG2,0,0.016089,0.032862,0.001814,0,0.018142,0,0.001814,0,0.016328,0.005888,0,0.005443,0.007257,0,D6175870,PNCB,08/15/2026 1:06:25 PM,FDM410,8M6HM2_HVF,8M6HM2_HVF,08/15/2026 1:32:25 PM,8M6HM2_HVF,D1D,2,8470824
D617586,45,KJDLP045WFF3,0,0.019434,0.032519,0,0,0.012122,0,0.003464,0,0.001732,0.001732,0,0.001732,0.005195,0,D6175860,PNCB,08/15/2026 6:21:08 AM,FDM404,8M6HM2_HVF,8M6HM2_HVF,08/15/2026 6:52:16 AM,8M6HM2_HVF,D1D,1,8470737
D617586,71,KJEYC071WFB0,0,0.017318,0.015586,0,0,0.005195,0,0,0,0.005195,0,0,0.005195,0,,D6175860,PNCB,08/15/2026 6:21:08 AM,FDM404,8M6HM2_HVF,8M6HM2_HVF,08/15/2026 6:53:08 AM,8M6HM2_HVF,D1D,2,8470791
D617121,591,HK1ES591JKH1,0,0.031382,0.06597,0,0,0.005062,0,0,0,0.007255,0,0,0.001687,0,0,D6171210,PR8B,08/14/2026 9:05:36 PM,FDM410,8M6HM2_HVF,8M6HM2_HVF,08/14/2026 9:33:27 PM,8M6HM2_HVF,D1D,1,8499228
D617121,592,HK1ES592JKE0,0,0.057971,0.030459,0.001638,0,0.003275,0,0.003275,0,0.004913,0,0,0.001638,0.004913,0,D6171210,PR8B,08/14/2026 9:05:36 PM,FDM410,8M6HM2_HVF,8M6HM2_HVF,08/14/2026 9:31:59 PM,8M6HM2_HVF,D1D,2,8499186
D617119,642,MCQ7L642WAE2,0,0.018996,0.050438,0,0,0.003275,0,0.003275,0,0.006223,0,0,0.001638,0.012773,0,D6171190,PR8B,08/14/2026 12:33:32 PM,FDM402,8M6HM2_HVF,8M6HM2_HVF,08/14/2026 1:01:02 PM,8M6HM2_HVF,D1D,1,8498983
D617119,689,MCQ7L689WAA3,0,0.019674,0.064506,0,0,0.005484,0,0,0,0.005484,0,0,0.005267,0.012579,0,D6171190,PR8B,08/14/2026 12:33:32 PM,FDM402,8M6HM2_HVF,8M6HM2_HVF,08/14/2026 12:59:40 PM,8M6HM2_HVF,D1D,2,8498903
D617129,315,MCPMU315WAH2,0,0.014738,0.013101,0,0,0,0,0,0,0.001638,0,0,0,0,,D6171290,PR8B,08/22/2026 7:06:34 AM,FDM410,8M6HM2_HVF,8M6HM2_HVF,08/22/2026 7:30:47 AM,8M6HM2_HVF,D1D,1,8502566
D617129,322,MCPMU322WAG3,0,0.013101,0.016376,0.001638,0,0.014738,0,0.003275,0,0.001638,0,0,0.001638,0.004913,,D6171290,PR8B,08/22/2026 7:06:34 AM,FDM410,8M6HM2_HVF,8M6HM2_HVF,08/22/2026 7:32:02 AM,8M6HM2_HVF,D1D,2,8502606
D617624,320,MCPMY320WAG6,0,0.007084,0.021252,0.003542,0.001771,0,0,0,0,0.001771,0.005313,0,0.005313,0,,D6176240,PXMG,08/22/2026 3:36:04 AM,FDM406,8M6HM2_HVF,8M6HM2_HVF,08/22/2026 4:08:30 AM,8M6HM2_HVF,D1D,1,8482903
D617624,322,MCPMY322WAA4,0,0.008855,0.005313,0,0,0.001771,0,0,0,0.001771,0,0,0.010626,0.005313,,D6176240,PXMG,08/22/2026 3:36:04 AM,FDM406,8M6HM2_HVF,8M6HM2_HVF,08/22/2026 4:09:15 AM,8M6HM2_HVF,D1D,2,8482912
D617117,13,MCPPD013WAE0,0,0.004913,0.027839,0,0,0.011463,0,0,0,0.00655,0,0,0.003275,0.001638,,D6171170,PR8B,08/26/2026 9:39:43 AM,FDM410,8M6HM2_HVF,8M6HM2_HVF,08/26/2026 10:12:09 AM,8M6HM2_HVF,D1D,1,8499418
D617117,18,MCPPD018WAD1,0,0.01523,0.014902,0.001638,0,0.011791,0,0.001638,0,0.008352,0.001801,0,0.006714,0.006714,0,D6171170,PR8B,08/26/2026 9:39:43 AM,FDM410,8M6HM2_HVF,8M6HM2_HVF,08/26/2026 10:07:28 AM,8M6HM2_HVF,D1D,2,8499339
D617128,8,MCNFM008WAF1,0,0.011015,0.010681,0.010014,0.006342,0.008011,0,0.005007,0,0,0,0.003004,0.034381,0.038386,0,D6171280,PR8B,09/11/2026 7:59:46 AM,FDM402,8M6HM2_HVF,8M6HM2_HVF,09/11/2026 8:24:15 AM,8M6HM2_HVF,D1D,1,8502405
D617128,45,MCPMT045WAA7,0,0.018359,0.018359,0.003338,0,0.019193,0,0.001669,0,0.019193,0,0,0,0.001669,0,D6171280,PR8B,09/11/2026 7:59:46 AM,FDM402,8M6HM2_HVF,8M6HM2_HVF,09/11/2026 8:25:28 AM,8M6HM2_HVF,D1D,2,8502417
D618179,535,HP2FJ535JKH2,0,0.010824,0.021647,0,0.001732,0.001732,0,0,0,0.001732,0,0,0,0.00736,0,D6181790,PNCB,07/17/2026 6:48:09 PM,FDM410,8M6HM2_HVF,8M6HM2_HVF,07/26/2026 3:11:04 PM,8M6HM2_HVF,D1D,1,8516586
D618179,536,HP2FJ536JKE1,0,0.015586,0.022513,0.001732,0,0.001732,0,0.001732,0,0.001732,0.001732,0,0.001732,0,,D6181790,PNCB,07/17/2026 6:48:09 PM,FDM410,8M6HM2_HVF,8M6HM2_HVF,07/26/2026 3:10:54 PM,8M6HM2_HVF,D1D,2,8516545
D618183,38,HM8TF038JKB5,0,0.007966,0.040004,0,0,0,0,0,0,0,0.003983,0,0,0.001732,0,D6181830,PNCB,07/15/2026 7:49:29 AM,FDM404,8M6HM2_HVF,8M6HM2_HVF,09/05/2026 7:47:05 AM,8M6HM2_HVF,D1D,1,8516195
D618183,39,HM8TF039JKF7,0,0.010391,0.022513,0.001732,0,0.003464,0,0,0,0,0.001732,0,0,0,,D6181830,PNCB,07/15/2026 7:49:29 AM,FDM404,8M6HM2_HVF,8M6HM2_HVF,09/10/2026 1:09:59 AM,8M6HM2_HVF,D1D,2,8516231
D618183,40,HM8TF040JKB5,0,0.005195,0.046065,0,0,0.005195,0,0.001732,0,0,0.002944,0,0,0.004676,0,D6181830,PNCB,07/15/2026 8:35:15 AM,FDM404,8M6HM2_HVF,8M6HM2_HVF,09/05/2026 10:52:44 AM,8M6HM2_HVF,D1D,3,8516181
D618183,41,HM8TF041JKF7,0,0.015586,0.024245,0,0,0,0,0.001732,0,0.001732,0.006927,0,0,0,,D6181830,PNCB,07/15/2026 8:35:15 AM,FDM404,8M6HM2_HVF,8M6HM2_HVF,09/05/2026 11:45:20 AM,8M6HM2_HVF,D1D,4,8516211
D618183,42,HM8TF042JKC6,0,0.011585,0.066427,0,0,0,0,0,0,0.002187,0.009397,0,0,0.002187,0,D6181830,PNCB,07/15/2026 8:35:15 AM,FDM404,8M6HM2_HVF,8M6HM2_HVF,09/05/2026 9:13:07 AM,8M6HM2_HVF,D1D,5,8516227
D618169,855,HM8CM855JKB4,0,0.006927,0.017318,0,0,0.005195,0,0.001732,0,0.003464,0.003464,0,0.001732,0.001732,,D6181690,PNCB,07/18/2026 5:02:37 AM,FDM406,8M6HM2_HVF,8M6HM2_HVF,09/15/2026 3:47:40 AM,8M6HM2_HVF,D1D,1,8512581
D618169,856,HM8CM856JKF6,0,0.006927,0.008659,0,0,0.008659,0,0.001732,0,0.003464,0,0,0.001732,0,,D6181690,PNCB,07/18/2026 5:02:37 AM,FDM406,8M6HM2_HVF,8M6HM2_HVF,09/15/2026 11:17:09 AM,8M6HM2_HVF,D1D,2,8512579
D618169,859,HM8CM859JKD6,0,0.005195,0.022513,0,0,0.010391,0,0.005195,0,0.006927,0,0,0.010391,0.001732,,D6181690,PNCB,07/18/2026 5:40:21 AM,FDM402,8M6HM2_HVF,8M6HM2_HVF,09/15/2026 11:33:06 AM,8M6HM2_HVF,D1D,3,8512640
D618169,860,HM8CM860JKG7,0,0.010391,0.020781,0,0,0.008659,0,0,0,0,0.001732,0,0.001732,0,,D6181690,PNCB,07/18/2026 5:40:21 AM,FDM402,8M6HM2_HVF,8M6HM2_HVF,09/15/2026 4:41:55 AM,8M6HM2_HVF,D1D,4,8512663
D618169,862,HM8CM862JKA5,0,0.008659,0.019049,0,0,0.001732,0,0,0,0,0.001732,0,0.003464,0,,D6181690,PNCB,07/18/2026 5:40:21 AM,FDM402,8M6HM2_HVF,8M6HM2_HVF,09/15/2026 2:11:55 AM,8M6HM2_HVF,D1D,5,8512681
D617646,51,MCPPA051WAF0,0,0.01807,0.056758,0,0,0.003707,0,0,0,0,0,0,0.003707,0.008108,0,D6176460,PXMG,07/24/2026 12:19:37 PM,FDM410,8M6HM2_HVF,8M6HM2_HVF,09/11/2026 7:48:17 AM,8M6HM2_HVF,D1D,1,8488132
D617646,55,MCPPA055WAH2,0,0.00556,0.03197,0,0.007297,0.003475,0,0.001737,0,0.005212,0.003822,0,0.005212,0.008687,0,D6176460,PXMG,07/24/2026 12:19:37 PM,FDM410,8M6HM2_HVF,8M6HM2_HVF,09/11/2026 6:59:56 AM,8M6HM2_HVF,D1D,2,8488023
D617816,633,HJ9UH633JKC1,0,0.026201,0.016376,0,0,0.004913,0,0.003275,0,0.003275,0.00655,0,0,0.008188,0,D6178160,PR8B,07/23/2026 5:19:26 AM,FDM406,8M6HM2_HVF,8M6HM2_HVF,09/05/2026 11:18:06 AM,8M6HM2_HVF,D1D,1,8503069
D617816,634,HJ9UH634JKG3,0,0.04618,0.022271,0.001638,0,0.01523,0,0.001638,0,0.011954,0.007042,0.007042,0.004913,0,0,D6178160,PR8B,07/23/2026 5:19:26 AM,FDM406,8M6HM2_HVF,8M6HM2_HVF,09/03/2026 3:52:32 AM,8M6HM2_HVF,D1D,2,8502997
D617816,635,HJ9UH635JKD2,0,0.021616,0.016867,0,0,0.004258,0,0.00655,0,0.005404,0,0,0.005895,0,0,D6178160,PR8B,07/23/2026 7:08:36 AM,FDM402,8M6HM2_HVF,8M6HM2_HVF,09/05/2026 1:08:19 PM,8M6HM2_HVF,D1D,3,8502919
D617816,636,HJ9UH636JKA1,0,0.026856,0.034881,0.001638,0,0.013428,0,0.008352,0,0,0.003275,0.001638,0.001638,0,0,D6178160,PR8B,07/23/2026 7:08:36 AM,FDM402,8M6HM2_HVF,8M6HM2_HVF,09/05/2026 8:14:15 PM,8M6HM2_HVF,D1D,4,8503087
D617816,637,HJ9UH637JKE3,0,0.028658,0.031933,0,0,0.014738,0,0,0,0.003275,0.003275,0,0.001638,0.003275,0,D6178160,PR8B,07/23/2026 7:08:36 AM,FDM402,8M6HM2_HVF,8M6HM2_HVF,09/05/2026 1:29:42 PM,8M6HM2_HVF,D1D,5,8503016
D617815,578,HJ9UH578JKF3,0,0.018013,0.034389,0,0,0.004913,0,0,0,0.004913,0,0,0.016376,0.013101,,D6178150,PR8B,07/25/2026 9:59:00 AM,FDM406,8M6HM2_HVF,8M6HM2_HVF,07/26/2026 11:22:02 PM,8M6HM2_HVF,D1D,1,8503102
D617815,579,HJ9UH579JKC2,0,0.00655,0.032752,0.001638,0,0.004913,0,0,0,0.003275,0,0,0.001638,0,,D6178150,PR8B,07/25/2026 9:59:00 AM,FDM406,8M6HM2_HVF,8M6HM2_HVF,07/26/2026 11:21:39 PM,8M6HM2_HVF,D1D,2,8503120
D617815,580,HJ9UH580JKF3,0,0.034062,0.139523,0,0.001638,0.00655,0,0.001638,0,0,0,0,0,0,0,D6178150,PR8B,07/25/2026 10:31:06 AM,FDM406,8M6HM2_HVF,8M6HM2_HVF,07/26/2026 11:21:52 PM,8M6HM2_HVF,D1D,3,8503114
D617815,581,HJ9UH581JKC2,0,0.019651,0.022926,0.003275,0,0.011463,0,0,0,0.001638,0.004913,0,0.014738,0.003275,,D6178150,PR8B,07/25/2026 10:31:06 AM,FDM406,8M6HM2_HVF,8M6HM2_HVF,07/26/2026 11:21:44 PM,8M6HM2_HVF,D1D,4,8503105
D617815,582,HJ9UH582JKG4,0,0.024564,0.021289,0.003275,0.001638,0.004913,0,0.004913,0,0.003275,0,0,0.001638,0.001638,,D6178150,PR8B,07/25/2026 10:31:06 AM,FDM406,8M6HM2_HVF,8M6HM2_HVF,07/26/2026 11:21:52 PM,8M6HM2_HVF,D1D,5,8503078
D617643,52,A29Y6052SLD3,0,0.00695,0.00695,0.005212,0.001737,0.008687,0,0.005212,0,0.001737,0,0,0.001737,0.00695,,D6176430,PXMG,07/31/2026 10:14:28 PM,FDM404,8M6HM2_HVF,8M6HM2_HVF,07/31/2026 10:48:16 PM,8M6HM2_HVF,D1D,1,8487510
D617643,53,A29Y6053SLA2,0,0.007037,0.002346,0.160544,0.007037,0,0,0.020676,0,0.010338,0,0,0.004691,0.007992,0,D6176430,PXMG,07/31/2026 10:14:28 PM,FDM404,8M6HM2_HVF,8M6HM2_HVF,07/31/2026 10:47:14 PM,8M6HM2_HVF,D1D,2,8487519
D617643,55,A29Y6055SLB3,0,0.005212,0.008687,0.005212,0.001737,0.005212,0,0.001737,0,0.001737,0,0,0.003475,0,,D6176430,PXMG,07/31/2026 11:40:56 PM,FDM402,8M6HM2_HVF,8M6HM2_HVF,08/01/2026 12:57:20 AM,8M6HM2_HVF,D1D,3,8487501
D617643,57,A29Y6057SLC4,0,0.005212,0.010425,0,0.003475,0.005212,0,0.003475,0,0.00695,0,0,0,0.005212,,D6176430,PXMG,07/31/2026 11:40:56 PM,FDM402,8M6HM2_HVF,8M6HM2_HVF,08/01/2026 12:55:49 AM,8M6HM2_HVF,D1D,4,8487560
D617643,70,A29Y6070SLD7,0,0.00695,0.010425,0,0.001737,0.003475,0,0.001737,0,0.003475,0,0,0.008687,0,,D6176430,PXMG,07/31/2026 11:40:56 PM,FDM402,8M6HM2_HVF,8M6HM2_HVF,08/01/2026 12:58:01 AM,8M6HM2_HVF,D1D,5,8487394
D618195,62,A29JN062SLB3,0,0.010391,0.006927,0,0,0.001732,0,0,0,0.001732,0,0,0.005195,0.003464,,D6181950,PNCB,07/30/2026 4:28:07 AM,FDM408,8M6HM2_HVF,8M6HM2_HVF,07/30/2026 4:59:00 AM,8M6HM2_HVF,D1D,1,8521866
D618195,68,A29JN068SLE6,0,0.015586,0.046758,0,0,0.001732,0,0,0,0.003464,0,0,0.001732,0.005195,,D6181950,PNCB,07/30/2026 4:28:07 AM,FDM408,8M6HM2_HVF,8M6HM2_HVF,09/15/2026 1:50:39 AM,8M6HM2_HVF,D1D,2,8521906
D618184,77,HM8TF077JKA5,0,0.001732,0.008659,0,0,0,0,0.001732,0,0.001732,0.001732,0,0.003464,0.001732,,D6181840,PNCB,07/28/2026 7:10:01 PM,FDM404,8M6HM2_HVF,8M6HM2_HVF,09/12/2026 11:22:15 PM,8M6HM2_HVF,D1D,1,8516305
D618184,127,HM8TF127JKG6,0,0.008659,0.020781,0,0,0,0,0.005195,0,0.005195,0,0,0.006927,0,,D6181840,PNCB,07/28/2026 7:10:01 PM,FDM404,8M6HM2_HVF,8M6HM2_HVF,09/15/2026 2:52:44 AM,8M6HM2_HVF,D1D,2,8516399
D618192,348,KJFTC348WFB4,0,0.012122,0.02944,0.001732,0,0.001732,0,0.001732,0,0,0,0,0.015586,0.041562,,D6181920,PNCB,07/29/2026 11:07:59 PM,FDM408,8M6HM2_HVF,8M6HM2_HVF,09/13/2026 9:53:36 AM,8M6HM2_HVF,D1D,1,8519017
D618192,376,KJFTC376WFG4,0,0.010391,0.031172,0,0,0.001732,0,0,0,0.001732,0.003464,0,0.001732,0,,D6181920,PNCB,07/29/2026 11:07:59 PM,FDM408,8M6HM2_HVF,8M6HM2_HVF,09/13/2026 11:25:29 AM,8M6HM2_HVF,D1D,2,8519073
D618192,377,KJFTC377WFD3,0,0.031172,0.015586,0.001732,0,0.046758,0,0,0,0.001732,0,0,0,0.001732,,D6181920,PNCB,07/30/2026 12:33:44 AM,FDM408,8M6HM2_HVF,8M6HM2_HVF,09/13/2026 6:05:01 AM,8M6HM2_HVF,D1D,3,8519103
D618192,383,KJFTC383WFF5,0,0.008659,0.022513,0,0,0.005195,0,0.001732,0,0.006927,0,0,0.003464,0.005195,,D6181920,PNCB,07/30/2026 12:33:44 AM,FDM408,8M6HM2_HVF,8M6HM2_HVF,09/15/2026 4:08:16 AM,8M6HM2_HVF,D1D,4,8518978
D618192,494,KJFTC494WFG1,0,0.019049,0.035501,0,0,0.004329,0,0,0,0.005195,0,0,0,0.003464,0,D6181920,PNCB,07/30/2026 12:33:44 AM,FDM408,8M6HM2_HVF,8M6HM2_HVF,09/13/2026 2:46:53 AM,8M6HM2_HVF,D1D,5,8519031
D617647,134,HJ8VW134JKC6,0,0.012162,0.00695,0,0,0.005212,0,0,0,0.001737,0,0,0,0,,D6176470,PXMG,07/28/2026 12:22:10 AM,FDM404,8M6HM2_HVF,8M6HM2_HVF,07/28/2026 12:48:35 AM,8M6HM2_HVF,D1D,1,8488289
D617647,135,HJ8VW135JKH0,0,0.010425,0.00695,0,0,0.00695,0,0,0,0,0,0,0,0.001737,,D6176470,PXMG,07/28/2026 12:22:10 AM,FDM404,8M6HM2_HVF,8M6HM2_HVF,07/28/2026 12:49:50 AM,8M6HM2_HVF,D1D,2,8488175
D617647,136,HJ8VW136JKD7,0,0.003475,0.008687,0,0,0.003475,0,0.001737,0,0.001737,0,0,0.001737,0.001737,,D6176470,PXMG,07/28/2026 1:16:39 AM,FDM402,8M6HM2_HVF,8M6HM2_HVF,07/28/2026 1:48:54 AM,8M6HM2_HVF,D1D,3,8488182
D617647,137,HJ8VW137JKA6,0,0.003475,0.003475,0,0,0.003475,0,0.001737,0,0.00695,0,0,0.001737,0.001737,,D6176470,PXMG,07/28/2026 1:16:39 AM,FDM402,8M6HM2_HVF,8M6HM2_HVF,07/28/2026 1:51:13 AM,8M6HM2_HVF,D1D,4,8488307
D617647,138,HJ8VW138JKF0,0,0.00695,0.012162,0.003475,0,0.012162,0,0,0,0.005212,0,0,0,0.012162,,D6176470,PXMG,07/28/2026 1:16:39 AM,FDM402,8M6HM2_HVF,8M6HM2_HVF,07/28/2026 1:50:10 AM,8M6HM2_HVF,D1D,5,8488284
D617644,53,A29TR053SLD1,0,0.001737,0.005212,0,0,0.001737,0,0,0,0.003475,0.001737,0,0.010425,0,,D6176440,PXMG,07/28/2026 2:53:55 AM,FDM406,8M6HM2_HVF,8M6HM2_HVF,07/28/2026 3:21:21 AM,8M6HM2_HVF,D1D,1,8487448
D617644,71,A27QE071SLA6,0,0.022587,0.010425,0,0.001737,0.005212,0,0,0,0,0,0,0.0139,0.003475,,D6176440,PXMG,07/28/2026 2:53:55 AM,FDM406,8M6HM2_HVF,8M6HM2_HVF,07/28/2026 3:22:35 AM,8M6HM2_HVF,D1D,2,8487484
D617644,73,A27QE073SLB7,0,0.00695,0.008687,0,0,0.005212,0,0,0,0.003475,0,0,0.010425,0,,D6176440,PXMG,07/28/2026 3:47:58 AM,FDM410,8M6HM2_HVF,8M6HM2_HVF,07/28/2026 4:23:41 AM,8M6HM2_HVF,D1D,3,8487461
D617644,125,A28J4125SLF6,0,0.00695,0.003475,0.001737,0,0.003475,0,0.001737,0,0.005212,0,0,0.008687,0,,D6176440,PXMG,07/28/2026 3:47:58 AM,FDM410,8M6HM2_HVF,8M6HM2_HVF,07/28/2026 4:22:08 AM,8M6HM2_HVF,D1D,4,8487438
D617644,207,A27XC207SLF7,0,0.006215,0.004143,0.001737,0.004143,0.004143,0,0,0,0.004143,0,0,0.018645,0.01243,0,D6176440,PXMG,07/28/2026 3:47:58 AM,FDM410,8M6HM2_HVF,8M6HM2_HVF,07/28/2026 4:21:08 AM,8M6HM2_HVF,D1D,5,8487609
D618155,630,MCQ7L630WAG0,0,0.018341,0.026201,0.013101,0,0.009826,0,0.003275,0,0.014738,0,0,0.013101,0.020961,0,D6181550,PR8B,07/26/2026 10:11:20 AM,FDM410,8M6HM2_HVF,8M6HM2_HVF,07/26/2026 3:04:43 PM,8M6HM2_HVF,D1D,1,8509955
D618155,631,MCQ7L631WAC7,0,0.024624,0.064903,0.003518,0.008267,0.01583,0,0.001759,0,0,0.004749,0,0.017061,0.001759,0,D6181550,PR8B,07/26/2026 10:11:20 AM,FDM410,8M6HM2_HVF,8M6HM2_HVF,07/26/2026 3:04:47 PM,8M6HM2_HVF,D1D,2,8509986
D618155,648,MCQ7L648WAA2,0,0.004913,0.014738,0.009826,0,0.014738,0,0,0,0.004913,0.001638,0,0.009826,0.013101,,D6181550,PR8B,07/26/2026 11:18:24 AM,FDM410,8M6HM2_HVF,8M6HM2_HVF,07/26/2026 3:04:59 PM,8M6HM2_HVF,D1D,3,8509995
D618155,650,MCQ7L650WAA2,0,0.003275,0.016376,0,0,0.001638,0,0,0,0.001638,0.003275,0,0.009826,0.003275,,D6181550,PR8B,07/26/2026 11:18:24 AM,FDM410,8M6HM2_HVF,8M6HM2_HVF,07/26/2026 3:07:47 PM,8M6HM2_HVF,D1D,4,8510023
D618155,660,MCQ7L660WAE6,0,0.008188,0.008188,0.001638,0,0.00655,0,0,0,0.003275,0,0,0.008188,0.003275,,D6181550,PR8B,07/26/2026 11:18:24 AM,FDM410,8M6HM2_HVF,8M6HM2_HVF,07/26/2026 3:04:54 PM,8M6HM2_HVF,D1D,5,8510006
D618174,251,A2AL6251SLC7,0,0.010391,0.024245,0,0,0.006927,0,0.003464,0,0.001732,0,0,0.001732,0,,D6181740,PNCB,07/28/2026 11:38:19 AM,FDM404,8M6HM2_HVF,8M6HM2_HVF,07/28/2026 12:10:11 PM,8M6HM2_HVF,D1D,1,8512720
D618174,252,A2AL6252SLH1,0,0.012014,0.033499,0,0,0.008009,0,0,0,0.006007,0,0,0.006007,0.002002,0,D6181740,PNCB,07/28/2026 11:38:19 AM,FDM404,8M6HM2_HVF,8M6HM2_HVF,07/28/2026 12:08:36 PM,8M6HM2_HVF,D1D,2,8512737
D618139,660,HK1ES660JKD2,0,0.023909,0.015721,0,0.001638,0.003275,0,0.003275,0,0.003603,0.007533,0,0,0.003275,0,D6181390,PR8B,08/01/2026 4:51:24 PM,FDM406,8M6HM2_HVF,8M6HM2_HVF,08/01/2026 5:23:30 PM,8M6HM2_HVF,D1D,1,8505309
D618139,661,HK1ES661JKA1,0,0.033407,0.025055,0.003439,0,0.006714,0,0,0,0.003275,0.003439,0,0,0,0,D6181390,PR8B,08/01/2026 4:51:24 PM,FDM406,8M6HM2_HVF,8M6HM2_HVF,08/01/2026 5:24:58 PM,8M6HM2_HVF,D1D,2,8505303
D618139,662,HK1ES662JKE3,0,0.031933,0.02047,0.001638,0,0.00655,0,0.003275,0,0,0,0,0,0.001638,0,D6181390,PR8B,08/01/2026 5:32:53 PM,FDM406,8M6HM2_HVF,8M6HM2_HVF,08/01/2026 6:03:52 PM,8M6HM2_HVF,D1D,3,8505224
D618139,663,HK1ES663JKB2,0,0.011463,0.019651,0,0,0.004913,0,0.001638,0,0.003275,0,0,0,0.003275,,D6181390,PR8B,08/01/2026 5:32:53 PM,FDM406,8M6HM2_HVF,8M6HM2_HVF,08/01/2026 6:05:22 PM,8M6HM2_HVF,D1D,4,8505258
D618139,664,HK1ES664JKF4,0,0.04225,0.046835,0,0,0.004913,0,0.004913,0,0.00917,0,0,0,0.009826,0,D6181390,PR8B,08/01/2026 5:32:53 PM,FDM406,8M6HM2_HVF,8M6HM2_HVF,08/01/2026 6:02:26 PM,8M6HM2_HVF,D1D,5,8505274
D617985,1,MCPPE001WAG1,0,0.030295,0.013101,0,0,0.010153,0,0,0,0.011791,0,0,0,0.003439,0,D6179850,PR8B,08/04/2026 1:03:21 PM,FDM404,8M6HM2_HVF,8M6HM2_HVF,08/04/2026 1:41:51 PM,8M6HM2_HVF,D1D,1,8490112
D617985,102,MCPPE102WAC1,0,0.041267,0.052075,0.003275,0,0.008188,0,0,0,0.001638,0,0,0,0,0,D6179850,PR8B,08/04/2026 1:03:21 PM,FDM404,8M6HM2_HVF,8M6HM2_HVF,08/04/2026 1:43:23 PM,8M6HM2_HVF,D1D,2,8490165
D617985,103,MCPPE103WAG3,0,0.019651,0.032752,0,0,0.019651,0,0,0,0.016376,0.001638,0,0.001638,0.00655,,D6179850,PR8B,08/04/2026 2:22:30 PM,FDM402,8M6HM2_HVF,8M6HM2_HVF,08/04/2026 3:16:04 PM,8M6HM2_HVF,D1D,3,8490117
D617985,104,MCPPE104WAD2,0,0.041595,0.068451,0.008515,0.001638,0.016376,0,0.003275,0,0.018669,0.013428,0,0.003275,0.004913,0,D6179850,PR8B,08/04/2026 2:22:30 PM,FDM402,8M6HM2_HVF,8M6HM2_HVF,08/04/2026 3:18:19 PM,8M6HM2_HVF,D1D,4,8490123
D617985,108,MCPPE108WAF4,0,0.014738,0.024564,0,0,0.009826,0,0.00655,0,0.003275,0,0,0.001638,0.003275,,D6179850,PR8B,08/04/2026 2:22:30 PM,FDM402,8M6HM2_HVF,8M6HM2_HVF,08/04/2026 3:19:30 PM,8M6HM2_HVF,D1D,5,8490121
D618135,634,MCQ7L634WAA7,0,0.018013,0.013756,0,0,0.004913,0,0,0,0.004913,0.005568,0,0.001965,0,0,D6181350,PR8B,08/04/2026 4:54:14 AM,FDM406,8M6HM2_HVF,8M6HM2_HVF,08/04/2026 5:19:45 AM,8M6HM2_HVF,D1D,1,8504573
D618135,637,MCQ7L637WAG2,0,0.019915,0.01458,0,0,0.010882,0,0.005335,0,0.005547,0,0,0.005547,0.003698,0,D6181350,PR8B,08/04/2026 4:54:14 AM,FDM406,8M6HM2_HVF,8M6HM2_HVF,08/04/2026 5:18:20 AM,8M6HM2_HVF,D1D,2,8504535
D618135,651,MCQ7L651WAE4,0,0.019651,0,0.075657,0.049128,0.009826,0,0.069761,0,0,0,0,0.029477,0.601323,0,D6181350,PR8B,08/04/2026 6:19:38 AM,FDM402,8M6HM2_HVF,8M6HM2_HVF,08/06/2026 1:03:00 PM,8M6HM2_HVF,D1D,3,8504417
D618135,653,MCQ7L653WAF5,0,0.018341,0.010808,0.002129,0.003766,0.001638,0,0.007533,0,0,0,0,0.009826,0.009826,0,D6181350,PR8B,08/04/2026 6:19:38 AM,FDM402,8M6HM2_HVF,8M6HM2_HVF,08/04/2026 6:52:36 AM,8M6HM2_HVF,D1D,4,8504482
D618135,706,MCQ7L706WAC3,0,0.020933,0.00534,0.00356,0.005198,0.00712,0,0.00356,0,0.008758,0,0,0.017657,0.022855,0,D6181350,PR8B,08/04/2026 6:19:38 AM,FDM402,8M6HM2_HVF,8M6HM2_HVF,08/04/2026 6:48:47 AM,8M6HM2_HVF,D1D,5,8504494
D617636,676,HJ5QY676JKF0,0,0.010425,0.005212,0,0,0.00695,0,0.001737,0,0.003475,0,0,0.001737,0,,D6176360,PXMG,08/07/2026 2:13:39 AM,FDM402,8M6HM2_HVF,8M6HM2_HVF,08/07/2026 2:40:06 AM,8M6HM2_HVF,D1D,1,8487228
D617636,677,HJ5QY677JKB7,0,0.008687,0.015637,0.001737,0,0.008687,0,0.005212,0,0.010425,0,0,0.003475,0,,D6176360,PXMG,08/07/2026 3:12:35 AM,FDM410,8M6HM2_HVF,8M6HM2_HVF,08/07/2026 3:57:09 AM,8M6HM2_HVF,D1D,2,8487368
D617636,678,HJ5QY678JKG1,0,0.00695,0.010425,0,0,0.005212,0,0,0,0.00695,0,0,0.0139,0,,D6176360,PXMG,08/07/2026 3:12:35 AM,FDM410,8M6HM2_HVF,8M6HM2_HVF,08/07/2026 4:02:21 AM,8M6HM2_HVF,D1D,3,8487286
D617636,679,HJ5QY679JKD0,0,0.052516,0.04613,0,0,0.070368,0,0.041048,0,0.298935,0.011598,0,0,0.005864,0,D6176360,PXMG,08/07/2026 3:12:35 AM,FDM410,8M6HM2_HVF,8M6HM2_HVF,08/07/2026 4:01:44 AM,8M6HM2_HVF,D1D,4,8487296
D617636,680,HJ5QY680JKG1,0,0.005212,0.00695,0,0,0.005212,0,0,0,0.005212,0,0,0.00695,0.003475,,D6176360,PXMG,08/07/2026 3:12:35 AM,FDM410,8M6HM2_HVF,8M6HM2_HVF,08/07/2026 3:58:40 AM,8M6HM2_HVF,D1D,5,8487216
D618178,633,HL4NM633JKD5,0,0.005195,0.017318,0.003464,0,0,0,0,0,0.010391,0,0.001732,0,0.003464,,D6181780,PNCB,08/07/2026 7:51:48 AM,FDM408,8M6HM2_HVF,8M6HM2_HVF,08/07/2026 8:16:42 AM,8M6HM2_HVF,D1D,1,8516323
D618188,349,KJEYL349WFA1,0,0.005647,0.048264,0.003765,0,0,0,0.001882,0,0.001882,0.001882,0,0.005647,0.003765,0,D6181880,PNCB,08/07/2026 8:24:09 AM,FDM406,8M6HM2_HVF,8M6HM2_HVF,09/15/2026 1:15:48 PM,8M6HM2_HVF,D1D,1,8519676
D617645,245,KJEYB245WFC3,0,0.025993,0.024672,0,0,0.005838,0,0,0,0.001946,0.011711,0,0,0.004552,0,D6176450,PXMG,08/05/2026 5:09:34 PM,FDM404,8M6HM2_HVF,8M6HM2_HVF,09/14/2026 6:59:01 PM,8M6HM2_HVF,D1D,1,8487695
D617645,253,KJEYB253WFF6,0,0.019112,0.019112,0,0,0,0,0.001737,0,0.008687,0.001737,0,0,0,0,D6176450,PXMG,08/05/2026 5:09:34 PM,FDM404,8M6HM2_HVF,8M6HM2_HVF,08/05/2026 5:40:30 PM,8M6HM2_HVF,D1D,2,8487612
D617645,259,KJEYB259WFB6,0,0.012162,0.010425,0,0,0.00695,0,0,0,0.001737,0.005212,0,0,0,,D6176450,PXMG,08/05/2026 6:22:30 PM,FDM408,8M6HM2_HVF,8M6HM2_HVF,09/15/2026 7:12:36 AM,8M6HM2_HVF,D1D,3,8487602
D617645,274,KJEYB274WFE2,0,0.012162,0.001737,0,0,0.00695,0,0,0,0,0.001737,0,0.001737,0,,D6176450,PXMG,08/05/2026 6:22:30 PM,FDM408,8M6HM2_HVF,8M6HM2_HVF,09/14/2026 7:01:52 PM,8M6HM2_HVF,D1D,4,8487673
D617645,275,KJEYB275WFB1,0,0.0139,0.008687,0,0.001737,0,0,0.001737,0,0.001737,0,0,0.003475,0.005212,,D6176450,PXMG,08/05/2026 6:22:30 PM,FDM408,8M6HM2_HVF,8M6HM2_HVF,09/15/2026 7:15:45 AM,8M6HM2_HVF,D1D,5,8487669
D618191,152,A29M4152SLC5,0,0.01637,0.088745,0.001862,0,0.005457,0,0,0,0,0.001862,0,0,0,0,D6181910,PNCB,08/11/2026 11:32:47 PM,FDM404,8M6HM2_HVF,8M6HM2_HVF,08/12/2026 12:37:31 AM,8M6HM2_HVF,D1D,1,8518851
D618191,154,A29M4154SLD6,0,0.005195,0.020781,0,0,0.005195,0,0.005195,0,0.006927,0,0,0.001732,0,,D6181910,PNCB,08/11/2026 11:32:47 PM,FDM404,8M6HM2_HVF,8M6HM2_HVF,08/12/2026 12:41:01 AM,8M6HM2_HVF,D1D,2,8518907
D618191,160,A29M4160SLG0,0,0.015586,0.053685,0,0,0.012122,0,0.005195,0,0.008659,0,0,0,0,,D6181910,PNCB,08/11/2026 11:32:47 PM,FDM404,8M6HM2_HVF,8M6HM2_HVF,08/12/2026 12:39:30 AM,8M6HM2_HVF,D1D,3,8518798
D618191,162,A29M4162SLH1,0,0.010391,0.020781,0.001732,0,0.005195,0,0.001732,0,0.001732,0,0,0,0,,D6181910,PNCB,08/11/2026 11:32:47 PM,FDM404,8M6HM2_HVF,8M6HM2_HVF,08/12/2026 12:36:26 AM,8M6HM2_HVF,D1D,4,8518884
D618191,167,A29M4167SLG2,0,0.019049,0.051953,0.003464,0,0.012122,0,0.001732,0,0.005195,0.001732,0,0,0,,D6181910,PNCB,08/11/2026 11:32:47 PM,FDM404,8M6HM2_HVF,8M6HM2_HVF,08/12/2026 12:34:27 AM,8M6HM2_HVF,D1D,5,8518844
D618191,168,A29M4168SLD1,0,0.020781,0.083125,0,0.001732,0.008659,0,0.001732,0,0.008659,0,0,0.001732,0.001732,,D6181910,PNCB,08/11/2026 11:32:47 PM,FDM404,8M6HM2_HVF,8M6HM2_HVF,08/12/2026 12:43:02 AM,8M6HM2_HVF,D1D,6,8518869
D618173,751,HM8CM751JKA1,0,0.003464,0.010391,0.001732,0.001732,0.003464,0,0,0,0,0,0,0.001732,0.008659,,D6181730,PNCB,08/15/2026 9:44:07 PM,FDM410,8M6HM2_HVF,8M6HM2_HVF,08/15/2026 10:15:14 PM,8M6HM2_HVF,D1D,1,8512761
D618173,752,HM8CM752JKE3,0,0.010391,0.013854,0.001732,0,0.005195,0,0,0,0.001732,0,0,0.001732,0.008659,,D6181730,PNCB,08/15/2026 9:44:07 PM,FDM410,8M6HM2_HVF,8M6HM2_HVF,08/15/2026 10:16:41 PM,8M6HM2_HVF,D1D,2,8512757
D618168,727,HM8CM727JKE6,0,0.008659,0.022513,0.005195,0,0.008659,0,0.001732,0,0.003464,0,0.001732,0,0.003464,,D6181680,PNCB,08/15/2026 3:22:08 PM,FDM404,8M6HM2_HVF,8M6HM2_HVF,08/15/2026 3:54:29 PM,8M6HM2_HVF,D1D,1,8512691
D618168,728,HM8CM728JKB5,0,0.005195,0.012122,0.003464,0.001732,0.010391,0,0.006927,0,0.025976,0.001732,0.001732,0.003464,0.003464,,D6181680,PNCB,08/15/2026 3:22:08 PM,FDM404,8M6HM2_HVF,8M6HM2_HVF,08/15/2026 3:53:11 PM,8M6HM2_HVF,D1D,2,8512790
D618193,570,KJEHG570WFB7,0,0.010591,0.017652,0,0,0,0,0.001765,0,0.001765,0.001765,0,0.001765,0,,D6181930,PNCB,08/14/2026 10:41:01 AM,FDM406,8M6HM2_HVF,8M6HM2_HVF,08/14/2026 11:06:46 AM,8M6HM2_HVF,D1D,1,8519404
D618193,596,KJEHG596WFG7,0,0.014121,0.028243,0.00353,0,0.005295,0,0.00353,0,0.00353,0,0,0.001765,0,,D6181930,PNCB,08/14/2026 10:41:01 AM,FDM406,8M6HM2_HVF,8M6HM2_HVF,08/14/2026 11:04:48 AM,8M6HM2_HVF,D1D,2,8519342
D617638,57,KJFMF057WFG5,0,0.009556,0.026931,0.008687,0,0.049518,0,0.001737,0,0.012162,0.002606,0,0.005212,0.003475,0,D6176380,PXMG,08/15/2026 3:39:41 PM,FDM404,8M6HM2_HVF,8M6HM2_HVF,08/15/2026 4:08:44 PM,8M6HM2_HVF,D1D,1,8486782
D617638,312,KJFTC312WFG6,0,0.005212,0.003475,0.001737,0,0.050387,0,0,0,0.00695,0.001737,0,0.001737,0.001737,,D6176380,PXMG,08/15/2026 3:39:41 PM,FDM404,8M6HM2_HVF,8M6HM2_HVF,08/15/2026 4:06:42 PM,8M6HM2_HVF,D1D,2,8486869
D618176,559,MCPNW559WAA0,0,0.013854,0.048489,0.001732,0,0.003464,0,0.003464,0,0.003464,0,0,0,0.010391,,D6181760,PNCB,08/15/2026 9:22:26 AM,FDM404,8M6HM2_HVF,8M6HM2_HVF,08/15/2026 10:05:08 AM,8M6HM2_HVF,D1D,1,8515808
D618176,595,MCPNW595WAB0,0,0.010391,0.017318,0,0.003464,0.010391,0,0.001732,0,0.003464,0,0,0,0.005195,,D6181760,PNCB,08/15/2026 9:22:26 AM,FDM404,8M6HM2_HVF,8M6HM2_HVF,08/15/2026 10:06:27 AM,8M6HM2_HVF,D1D,2,8515815
D618147,633,HK1ES633JKC4,0,0.012066,0.034906,0,0,0.005171,0,0.001724,0,0,0,0,0.003448,0,0,D6181470,PR8B,08/14/2026 4:54:58 AM,FDM402,8M6HM2_HVF,8M6HM2_HVF,08/14/2026 5:33:35 AM,8M6HM2_HVF,D1D,1,8507468
D618147,634,HK1ES634JKG6,0,0.016376,0.011463,0.003275,0.001638,0.001638,0,0.001638,0,0,0,0,0,0.001638,,D6181470,PR8B,08/14/2026 4:54:58 AM,FDM402,8M6HM2_HVF,8M6HM2_HVF,08/14/2026 5:31:58 AM,8M6HM2_HVF,D1D,2,8507578
D618185,205,MCPPD205WAG2,0,0.017318,0.006927,0,0,0.003464,0,0.001732,0,0.003464,0,0,0.001732,0.001732,,D6181850,PNCB,08/15/2026 3:51:38 PM,FDM408,8M6HM2_HVF,8M6HM2_HVF,08/15/2026 4:17:24 PM,8M6HM2_HVF,D1D,1,8519022
D618185,228,MCPPD228WAF7,0,0.010737,0.018357,0,0,0.003637,0,0.001732,0,0.008832,0,0,0.001732,0,0,D6181850,PNCB,08/15/2026 3:51:38 PM,FDM408,8M6HM2_HVF,8M6HM2_HVF,08/15/2026 4:19:00 PM,8M6HM2_HVF,D1D,2,8519062
D618138,660,HJ9UH660JKC7,0,0.015721,0.020634,0,0,0.001638,0,0.003275,0,0.00393,0.00393,0,0.001638,0,0,D6181380,PR8B,08/09/2026 4:54:25 AM,FDM406,8M6HM2_HVF,8M6HM2_HVF,08/09/2026 5:20:12 AM,8M6HM2_HVF,D1D,1,8505000
D618138,661,HJ9UH661JKH1,0,0.011463,0.008188,0,0,0.001638,0,0,0,0.004913,0.004913,0,0.001638,0,,D6181380,PR8B,08/09/2026 4:54:25 AM,FDM406,8M6HM2_HVF,8M6HM2_HVF,08/09/2026 5:20:39 AM,8M6HM2_HVF,D1D,2,8505129
D618140,1,MCQAF001WAA2,0,0.03832,0.021862,0.001719,0.001719,0.08278,0,0.001719,0,0.018177,0.003439,0,0.010317,0.001719,0,D6181400,PR8B,08/09/2026 3:00:11 PM,FDM408,8M6HM2_HVF,8M6HM2_HVF,08/09/2026 3:33:33 PM,8M6HM2_HVF,D1D,1,8504588
D618140,11,MCQAF011WAE6,0,0.0244,0.02702,0.003275,0,0.006387,0,0.004749,0,0.012773,0,0,0.001638,0,0,D6181400,PR8B,08/09/2026 3:00:11 PM,FDM408,8M6HM2_HVF,8M6HM2_HVF,08/09/2026 3:31:57 PM,8M6HM2_HVF,D1D,2,8504529
D617639,583,HJ5QY583JKF0,0,0.005212,0.012162,0.003475,0,0.005212,0,0.003475,0,0.02085,0,0,0.008687,0.010425,,D6176390,PXMG,08/09/2026 8:27:28 AM,FDM404,8M6HM2_HVF,8M6HM2_HVF,08/09/2026 8:53:09 AM,8M6HM2_HVF,D1D,1,8486498
D617639,584,HJ5QY584JKB7,0,0.005212,0.015637,0.005212,0,0.001737,0,0,0,0.008687,0,0,0.026062,0.012162,,D6176390,PXMG,08/09/2026 8:27:28 AM,FDM404,8M6HM2_HVF,8M6HM2_HVF,08/09/2026 8:54:45 AM,8M6HM2_HVF,D1D,2,8486604
D618182,9,HM8TF009JKH1,0,0.012469,0.028747,0.005368,0,0.003464,0,0,0,0.003464,0.003637,0,0.001732,0,0,D6181820,PNCB,08/13/2026 9:30:27 AM,FDM404,8M6HM2_HVF,8M6HM2_HVF,08/13/2026 10:13:02 AM,8M6HM2_HVF,D1D,1,8515979
D618182,10,HM8TF010JKC7,0,0.005195,0.02944,0,0,0.006927,0,0.003464,0,0.005195,0.001732,0,0.003464,0.006927,,D6181820,PNCB,08/13/2026 9:30:27 AM,FDM404,8M6HM2_HVF,8M6HM2_HVF,08/13/2026 10:14:29 AM,8M6HM2_HVF,D1D,2,8515962
D618190,3,A29Y6003SLH2,0,0.008659,0.020781,0.005195,0,0.012122,0,0.005195,0,0.003464,0,0,0.010391,0.003464,,D6181900,PNCB,08/18/2026 3:24:29 AM,FDM402,8M6HM2_HVF,8M6HM2_HVF,08/18/2026 3:49:34 AM,8M6HM2_HVF,D1D,1,8519076
D618190,4,A29Y6004SLE1,0,0.012122,0.013854,0.006927,0.005195,0.003464,0,0.003464,0,0.010391,0.001732,0,0.008659,0.025976,,D6181900,PNCB,08/18/2026 3:24:29 AM,FDM402,8M6HM2_HVF,8M6HM2_HVF,08/18/2026 3:48:27 AM,8M6HM2_HVF,D1D,2,8519078
D618141,322,MCPNA322WAB7,0,0.024891,0.030132,0.001965,0,0.001638,0,0,0,0.001965,0,0,0.003275,0.003275,0,D6181410,PR8B,08/21/2026 11:25:03 AM,FDM408,8M6HM2_HVF,8M6HM2_HVF,08/21/2026 11:52:23 AM,8M6HM2_HVF,D1D,1,8504768
D618141,339,MCPNA339WAG5,0,0.027839,0.04094,0.003275,0.001638,0.008188,0,0.004913,0,0.004913,0,0,0,0,,D6181410,PR8B,08/21/2026 11:25:03 AM,FDM408,8M6HM2_HVF,8M6HM2_HVF,08/21/2026 11:50:52 AM,8M6HM2_HVF,D1D,2,8504755
D618154,58,HP1SH058JKD3,0,0.020142,0.028658,0.003439,0,0.009826,0,0.001638,0,0.011627,0.001638,0,0.001638,0.001638,0,D6181540,PR8B,08/17/2026 1:13:01 AM,FDM402,8M6HM2_HVF,8M6HM2_HVF,08/17/2026 1:38:07 AM,8M6HM2_HVF,D1D,1,8507397
D618154,78,HP1SH078JKF0,0,0.021289,0.00655,0.001638,0,0,0,0.003275,0,0.009826,0,0,0.019651,0.001638,,D6181540,PR8B,08/17/2026 1:13:01 AM,FDM402,8M6HM2_HVF,8M6HM2_HVF,08/17/2026 1:39:09 AM,8M6HM2_HVF,D1D,2,8507400
D618150,2,MCPPD002WAC5,0,0.015688,0.052739,0,0.001669,0.01669,0,0,0,0.005007,0,0,0.003338,0.003338,0,D6181500,PR8B,08/20/2026 3:32:52 PM,FDM406,8M6HM2_HVF,8M6HM2_HVF,08/20/2026 8:30:28 PM,8M6HM2_HVF,D1D,1,8507172
D618150,29,MCPPD029WAE4,0,0.010514,0.029374,0.001669,0,0.001669,0,0.001669,0,0.003338,0,0,0.003505,0.001669,0,D6181500,PR8B,08/20/2026 3:32:52 PM,FDM406,8M6HM2_HVF,8M6HM2_HVF,08/20/2026 8:20:17 PM,8M6HM2_HVF,D1D,2,8507161
D618150,34,MCPPD034WAC4,0,0.021363,0.024367,0.008011,0,0.016523,0,0.001669,0,0.005007,0,0,0.005007,0.018192,0,D6181500,PR8B,08/20/2026 3:32:52 PM,FDM406,8M6HM2_HVF,8M6HM2_HVF,08/20/2026 8:29:04 PM,8M6HM2_HVF,D1D,3,8507187
D618150,35,MCPPD035WAG6,0,0.01669,0.008345,0.001669,0,0.005007,0,0.001669,0,0,0,0,0.028372,0.020028,,D6181500,PR8B,08/20/2026 3:32:52 PM,FDM406,8M6HM2_HVF,8M6HM2_HVF,08/20/2026 8:21:46 PM,8M6HM2_HVF,D1D,4,8507203
D618150,117,MCPPD117WAF3,0,0.02637,0.035048,0,0,0.005341,0,0,0,0.001669,0.001669,0,0,0.001669,0,D6181500,PR8B,08/20/2026 3:32:52 PM,FDM406,8M6HM2_HVF,8M6HM2_HVF,08/20/2026 8:26:16 PM,8M6HM2_HVF,D1D,5,8507158
D618150,237,MCPPD237WAG1,0,0.025035,0.019694,0.001669,0,0.015021,0,0,0,0.003338,0,0,0.003338,0.012017,0,D6181500,PR8B,08/20/2026 3:32:52 PM,FDM406,8M6HM2_HVF,8M6HM2_HVF,08/20/2026 8:24:39 PM,8M6HM2_HVF,D1D,6,8507162
D618150,261,MCPPD261WAB4,0,0.026203,0.050737,0,0,0.011516,0,0,0,0.005007,0,0,0.001669,0.008345,0,D6181500,PR8B,08/20/2026 3:32:52 PM,FDM406,8M6HM2_HVF,8M6HM2_HVF,08/20/2026 8:23:14 PM,8M6HM2_HVF,D1D,7,8507197
D618150,264,MCPPD264WAG7,0,0.01669,0.015021,0.001669,0,0.001669,0,0.001669,0,0,0.001669,0,0,0.003338,,D6181500,PR8B,08/20/2026 3:32:52 PM,FDM406,8M6HM2_HVF,8M6HM2_HVF,08/20/2026 8:27:41 PM,8M6HM2_HVF,D1D,8,8507169
D618189,3,KJEYG003WFB5,0,0.008659,0.017318,0.003464,0,0.006927,0,0,0,0.005195,0.001732,0,0.006927,0.010391,,D6181890,PNCB,08/22/2026 5:41:29 AM,FDM408,8M6HM2_HVF,8M6HM2_HVF,08/22/2026 6:12:25 AM,8M6HM2_HVF,D1D,1,8519265
D618189,10,KJEYG010WFA6,0,0.001732,0.013854,0,0.001732,0.019049,0,0,0,0,0,0,0,0.005195,,D6181890,PNCB,08/22/2026 5:41:29 AM,FDM408,8M6HM2_HVF,8M6HM2_HVF,08/22/2026 6:13:47 AM,8M6HM2_HVF,D1D,2,8519183
D618196,81,A2FEP081SLB4,0,0.005195,0.035213,0,0,0.005195,0,0.00635,0,0.001732,0.001732,0,0.005195,0.001732,0,D6181960,PNCB,08/25/2026 3:09:05 AM,FDM410,8M6HM2_HVF,8M6HM2_HVF,08/25/2026 3:33:36 AM,8M6HM2_HVF,D1D,1,8521986
D618196,82,A2FEP082SLF6,0,0.001793,0.028498,0,0.003585,0.005378,0,0,0,0.001793,0.001793,0,0.001793,0.062738,0,D6181960,PNCB,08/25/2026 3:09:05 AM,FDM410,8M6HM2_HVF,8M6HM2_HVF,08/25/2026 3:32:12 AM,8M6HM2_HVF,D1D,2,8521988
D618198,51,A2GFE051SLD4,0,0.006927,0.036367,0.001732,0,0.006927,0,0.001732,0,0.001732,0,0,0,0.001732,,D6181980,PNCB,08/26/2026 12:54:26 AM,FDM402,8M6HM2_HVF,8M6HM2_HVF,08/26/2026 1:36:05 AM,8M6HM2_HVF,D1D,1,8522670
D618198,52,A2GFE052SLA3,0,0.010391,0.006927,0.001732,0,0.005195,0,0.001732,0,0.008659,0,0,0.005195,0.010391,,D6181980,PNCB,08/26/2026 12:54:26 AM,FDM402,8M6HM2_HVF,8M6HM2_HVF,08/26/2026 1:37:06 AM,8M6HM2_HVF,D1D,2,8522684
D618198,59,A2GFE059SLA5,0,0.008659,0.017318,0.003464,0.001732,0.012122,0,0,0,0.012122,0,0,0,0.005195,,D6181980,PNCB,08/25/2026 10:52:14 PM,FDM402,8M6HM2_HVF,8M6HM2_HVF,08/25/2026 11:38:50 PM,8M6HM2_HVF,D1D,3,8522672
D618198,91,A2GKL091SLC2,0,0.008659,0.008659,0,0,0.006927,0,0.001732,0,0.003464,0.001732,0,0,0,,D6181980,PNCB,08/25/2026 10:52:14 PM,FDM402,8M6HM2_HVF,8M6HM2_HVF,08/25/2026 11:35:15 PM,8M6HM2_HVF,D1D,4,8522676
D618172,251,HM8TF251JKB2,0,0.023898,0.027362,0,0,0.011949,0,0,0,0.019915,0.001732,0,0,0,0,D6181720,PNCB,08/26/2026 11:16:59 AM,FDM410,8M6HM2_HVF,8M6HM2_HVF,08/26/2026 12:47:06 PM,8M6HM2_HVF,D1D,1,8512475
D618172,252,HM8TF252JKF4,0,0.031136,0.02742,0,0,0.020493,0,0.010643,0,0.002129,0.023415,0,0.002129,0.002129,0,D6181720,PNCB,08/26/2026 11:16:59 AM,FDM410,8M6HM2_HVF,8M6HM2_HVF,08/26/2026 12:48:52 PM,8M6HM2_HVF,D1D,2,8512521
D618180,169,HM8TF169JKD6,0,0.012122,0.008659,0.001732,0,0.005195,0,0.003464,0,0.003464,0.001732,0,0.003464,0.006927,,D6181800,PNCB,08/26/2026 7:00:45 AM,FDM404,8M6HM2_HVF,8M6HM2_HVF,08/26/2026 7:37:30 AM,8M6HM2_HVF,D1D,1,8515660
D618180,170,HM8TF170JKG7,0,0.005195,0.024245,0,0.001732,0,0,0.003464,0,0,0.003464,0,0.006927,0.006927,,D6181800,PNCB,08/26/2026 7:00:45 AM,FDM404,8M6HM2_HVF,8M6HM2_HVF,08/26/2026 7:34:17 AM,8M6HM2_HVF,D1D,2,8515692
D618199,5,A2GHH005SLF1,0,0.012356,0.008826,0,0,0.012356,0,0.001765,0,0.00353,0,0,0.005295,0.001765,,D6181990,PNCB,08/30/2026 11:58:55 PM,FDM406,8M6HM2_HVF,8M6HM2_HVF,08/31/2026 12:23:19 AM,8M6HM2_HVF,D1D,1,8522785
D618199,6,A2GHH006SLC0,0,0.008826,0.014121,0.005295,0.001765,0.00353,0,0,0,0,0,0,0.001765,0.008826,,D6181990,PNCB,08/30/2026 11:58:55 PM,FDM406,8M6HM2_HVF,8M6HM2_HVF,08/31/2026 12:24:33 AM,8M6HM2_HVF,D1D,2,8522800
D618177,30,MCNFM030WAG6,0,0.010591,0.039186,0,0,0.011827,0,0,0,0.004766,0.006002,0,0.008826,0,0,D6181770,PNCB,09/01/2026 1:25:49 PM,FDM404,8M6HM2_HVF,8M6HM2_HVF,09/01/2026 5:53:40 PM,8M6HM2_HVF,D1D,1,8516260
D618177,31,MCNFM031WAD5,0,0.007061,0.005295,0.001765,0.001765,0.00353,0,0,0,0.005295,0,0,0.00353,0.00353,,D6181770,PNCB,09/01/2026 1:25:49 PM,FDM404,8M6HM2_HVF,8M6HM2_HVF,09/01/2026 5:52:07 PM,8M6HM2_HVF,D1D,2,8516303
D617640,27,A29PU027SLD1,0,0.031878,0.037191,0.001771,0.001771,0.019481,0,0.003542,0,0.005313,0,0,0.001771,0.010626,,D6176400,PXMG,09/05/2026 4:17:28 AM,FDM404,8M6HM2_HVF,8M6HM2_HVF,09/05/2026 4:57:25 AM,8M6HM2_HVF,D1D,1,8486502
D617640,30,A29PU030SLA0,0,0.015939,0.014168,0.003542,0,0.003542,0,0,0,0.005313,0,0,0.003542,0.003542,,D6176400,PXMG,09/05/2026 4:17:28 AM,FDM404,8M6HM2_HVF,8M6HM2_HVF,09/05/2026 4:54:54 AM,8M6HM2_HVF,D1D,2,8486552
D618149,227,HK0SX227JKB4,0,0.014353,0.04573,0.001669,0,0.003338,0,0.001669,0,0,0,0,0.001669,0.001669,0,D6181490,PR8B,09/03/2026 11:23:41 AM,FDM406,8M6HM2_HVF,8M6HM2_HVF,09/03/2026 12:14:36 PM,8M6HM2_HVF,D1D,1,8507467
D618149,230,HK0SX230JKF6,0,0.028372,0.026703,0,0.001669,0.03171,0,0.005007,0,0.006676,0.003338,0,0,0.006676,,D6181490,PR8B,09/03/2026 11:23:41 AM,FDM406,8M6HM2_HVF,8M6HM2_HVF,09/03/2026 12:13:04 PM,8M6HM2_HVF,D1D,2,8507447
D618152,502,HP2FJ502JKD1,0,0.015021,0.021697,0,0,0,0,0.001669,0,0.006676,0,0.001669,0.008345,0.003338,,D6181520,PR8B,09/02/2026 6:34:34 PM,FDM402,8M6HM2_HVF,8M6HM2_HVF,09/02/2026 7:02:26 PM,8M6HM2_HVF,D1D,1,8507425
D618152,503,HP2FJ503JKA0,0,0.016523,0.025201,0.001669,0,0.003338,0,0.005007,0,0.003338,0,0,0.001669,0.001669,0,D6181520,PR8B,09/02/2026 6:34:34 PM,FDM402,8M6HM2_HVF,8M6HM2_HVF,09/02/2026 7:03:49 PM,8M6HM2_HVF,D1D,2,8507279
D617817,327,HJ6CL327JKD3,0,0.014353,0.009012,0,0.001669,0.011015,0,0.001669,0,0.00701,0,0,0.001669,0.002003,0,D6178170,PR8B,09/11/2026 4:16:59 AM,FDM410,8M6HM2_HVF,8M6HM2_HVF,09/11/2026 5:26:25 AM,8M6HM2_HVF,D1D,1,8503209
D617817,328,HJ6CL328JKA2,0,0.013352,0.008345,0.001669,0,0.006676,0,0,0,0.003338,0,0,0.001669,0.003338,,D6178170,PR8B,09/11/2026 4:16:59 AM,FDM410,8M6HM2_HVF,8M6HM2_HVF,09/11/2026 5:25:30 AM,8M6HM2_HVF,D1D,2,8503203
D618153,182,HP1SH182JKF2,0,0.010014,0.097801,0.010014,0,0.003338,0,0.011683,0,0.01669,0.001669,0,0,0.009012,0,D6181530Q,PR8B,09/06/2026 8:41:06 PM,FDM406,8M6HM2_HVF,8M6HM2_HVF,09/06/2026 9:20:52 PM,8M6HM2_HVF,D1D,1,9245810
D618153,183,HP1SH183JKC1,0,0.018025,0.033046,0.003338,0.001669,0.00484,0,0.014687,0,0.026203,0.001669,0,0,0.005007,0,D6181530Q,PR8B,09/06/2026 8:41:06 PM,FDM406,8M6HM2_HVF,8M6HM2_HVF,09/06/2026 9:19:23 PM,8M6HM2_HVF,D1D,2,9245772
D618153,184,HP1SH184JKG3,0,0.023699,0.0484,0.010014,0,0.006676,0,0.019026,0,0.006676,0.003672,0.001669,0.003338,0.00701,0,D6181530Q,PR8B,09/06/2026 8:41:06 PM,FDM406,8M6HM2_HVF,8M6HM2_HVF,09/06/2026 9:18:02 PM,8M6HM2_HVF,D1D,3,9245767
D618153,187,HP1SH187JKE3,0,0.044151,0.040157,0.002008,0,0.010031,0,0.036106,0,0.014048,0.008034,0,0.002008,0.002008,0,D6181530Q,PR8B,09/06/2026 8:41:06 PM,FDM406,8M6HM2_HVF,8M6HM2_HVF,09/06/2026 9:22:42 PM,8M6HM2_HVF,D1D,4,9245790
D618145,328,MCPPC328WAE5,0,0.013352,0.011683,0,0,0.001669,0,0.006676,0,0.001669,0,0,0.006676,0.001669,,D6181450,PR8B,09/06/2026 10:39:15 PM,FDM406,8M6HM2_HVF,8M6HM2_HVF,09/06/2026 11:07:09 PM,8M6HM2_HVF,D1D,1,8507314
D618145,330,MCPPC330WAE5,0,0.008345,0.013352,0.005007,0.001669,0,0,0.001669,0,0.005007,0,0,0,0.001669,,D6181450,PR8B,09/06/2026 10:39:15 PM,FDM406,8M6HM2_HVF,8M6HM2_HVF,09/06/2026 11:05:41 PM,8M6HM2_HVF,D1D,2,8507333
D620438,9,MCQLP009WAE5,0,0.005195,0.005195,0,0,0.005195,0,0,0,0.001732,0.005195,0,0,0.006927,,D6204380,PNCB,08/05/2026 6:11:00 AM,FDM410,8M6HM2_HVF,8M6HM2_HVF,08/05/2026 6:36:22 AM,8M6HM2_HVF,D1D,1,8601619
D620438,15,MCQLP015WAG7,0,0.003464,0.019049,0,0,0.003464,0,0,0,0,0,0,0.001732,0.001732,,D6204380,PNCB,08/05/2026 6:11:00 AM,FDM410,8M6HM2_HVF,8M6HM2_HVF,08/05/2026 6:35:47 AM,8M6HM2_HVF,D1D,2,8601683
D620438,71,MCQLP071WAC1,0,0.012122,0.013854,0,0,0.001732,0,0.003464,0,0,0,0,0.003464,0.005195,,D6204380,PNCB,08/05/2026 7:06:04 AM,FDM404,8M6HM2_HVF,8M6HM2_HVF,08/05/2026 7:42:14 AM,8M6HM2_HVF,D1D,3,8601664
D620438,360,MCQLN360WAE6,0,0.005195,0.008659,0.001732,0,0,0,0,0,0.003464,0,0,0,0,,D6204380,PNCB,08/05/2026 7:06:04 AM,FDM404,8M6HM2_HVF,8M6HM2_HVF,08/05/2026 7:40:38 AM,8M6HM2_HVF,D1D,4,8601659
D620438,363,MCQLN363WAC6,0,0.003464,0.010391,0,0,0.008659,0,0.005195,0,0.001732,0.001732,0,0,0.003464,,D6204380,PNCB,08/05/2026 7:06:04 AM,FDM404,8M6HM2_HVF,8M6HM2_HVF,08/05/2026 7:40:06 AM,8M6HM2_HVF,D1D,5,8601707
D620409,52,A2FEP052SLH0,0,0.006927,0.025976,0.001732,0,0.001732,0,0.006927,0,0.001732,0,0,0,0,,D6204090,PNCB,08/15/2026 8:02:50 PM,FDM408,8M6HM2_HVF,8M6HM2_HVF,08/15/2026 8:33:07 PM,8M6HM2_HVF,D1D,1,8594481
D620409,54,A2FEP054SLA6,0,0.006927,0.010391,0,0,0.001732,0,0,0,0.003464,0.001732,0,0.003464,0.005195,,D6204090,PNCB,08/15/2026 8:02:50 PM,FDM408,8M6HM2_HVF,8M6HM2_HVF,08/15/2026 8:32:05 PM,8M6HM2_HVF,D1D,2,8594475
D620417,101,KJ5RK101WFB6,0,0.008826,0.024712,0.00353,0,0,0,0.001765,0,0.001765,0,0,0.001765,0,,D6204170,PNCB,08/15/2026 11:19:46 AM,FDM406,8M6HM2_HVF,8M6HM2_HVF,08/15/2026 12:08:38 PM,8M6HM2_HVF,D1D,1,8596518
D620417,109,KJ5RK109WFG2,0,0.022947,0.052955,0,0,0.00353,0,0.00353,0,0.001765,0,0,0.001765,0.001765,,D6204170,PNCB,08/15/2026 11:19:46 AM,FDM406,8M6HM2_HVF,8M6HM2_HVF,08/15/2026 12:10:16 PM,8M6HM2_HVF,D1D,2,8596557
D620421,243,MCR6H243WAC0,0,0.002771,0.043121,0.004005,0,0.004005,0,0.004005,0,0.004005,0,0,0.275394,0.01078,0,D6204210,PNCB,08/14/2026 6:11:54 AM,FDM402,8M6HM2_HVF,8M6HM2_HVF,08/14/2026 6:40:00 AM,8M6HM2_HVF,D1D,1,8596113
D620421,248,MCR6H248WAB1,0,0.015586,0.017318,0.001732,0,0.005195,0,0,0,0.001732,0,0,0.001732,0.001732,,D6204210,PNCB,08/14/2026 6:11:54 AM,FDM402,8M6HM2_HVF,8M6HM2_HVF,08/14/2026 6:37:17 AM,8M6HM2_HVF,D1D,2,8596206
D620416,29,A2FU3029SLB3,0,0.00353,0.022947,0,0,0.005295,0,0.001765,0,0,0,0,0,0.001765,,D6204160,PNCB,08/14/2026 4:25:17 AM,FDM406,8M6HM2_HVF,8M6HM2_HVF,08/14/2026 4:47:45 AM,8M6HM2_HVF,D1D,1,8596272
D620416,32,A2FU3032SLF5,0,0.012356,0.030008,0,0,0.001765,0,0.007061,0,0.001765,0,0,0.001765,0.001765,,D6204160,PNCB,08/14/2026 4:25:17 AM,FDM406,8M6HM2_HVF,8M6HM2_HVF,08/14/2026 4:46:38 AM,8M6HM2_HVF,D1D,2,8596316
D620920,3,A2GD3003SLG2,0,0.011463,0.027839,0.004913,0.001638,0.00655,0,0.001638,0,0.001638,0,0,0.003275,0.008188,,D6209200,PR8B,08/13/2026 6:37:42 PM,FDM402,8M6HM2_HVF,8M6HM2_HVF,08/13/2026 7:21:52 PM,8M6HM2_HVF,D1D,1,8613113
D620920,5,A2GD3005SLA0,0,0.009826,0.001638,0,0,0.004913,0,0,0,0,0,0,0,0,,D6209200,PR8B,08/13/2026 6:37:42 PM,FDM402,8M6HM2_HVF,8M6HM2_HVF,08/13/2026 7:20:04 PM,8M6HM2_HVF,D1D,2,8612921
D620446,176,HP1SJ176JKD6,0,0.014262,0.039851,0.004075,0.012224,0.010187,0,0.008149,0,0.016299,0.007925,0,0.034187,0.050262,0,D6204460,PNCB,08/18/2026 1:04:39 AM,FDM404,8M6HM2_HVF,8M6HM2_HVF,08/18/2026 1:33:05 AM,8M6HM2_HVF,D1D,1,8601783
D620446,177,HP1SJ177JKA5,0,0.012122,0.012122,0,0.005195,0.010391,0,0.003464,0,0,0,0,0.003464,0.019049,,D6204460,PNCB,08/18/2026 1:04:39 AM,FDM404,8M6HM2_HVF,8M6HM2_HVF,08/18/2026 1:34:21 AM,8M6HM2_HVF,D1D,2,8601748
D620375,5,A2EW7005SLD1,0,0.0244,0.037992,0.001638,0,0.008188,0,0.015721,0,0.004913,0.005404,0,0.003275,0.001638,0,D6203750,PR8B,08/21/2026 8:45:33 AM,FDM410,8M6HM2_HVF,8M6HM2_HVF,08/21/2026 9:16:47 AM,8M6HM2_HVF,D1D,1,8587062
D620375,8,A2EW7008SLB1,0,0.016376,0.014738,0.003275,0,0,0,0,0,0.003275,0,0,0.00655,0.003275,,D6203750,PR8B,08/21/2026 8:45:33 AM,FDM410,8M6HM2_HVF,8M6HM2_HVF,08/21/2026 9:15:16 AM,8M6HM2_HVF,D1D,2,8587075
D620391,15,A2ET6015SLF5,0,0.02802,0.040735,0.003401,0.005101,0.018976,0,0,0,0.010203,0,0,0.006802,0.013604,0,D6203910,PR8B,08/21/2026 9:00:32 PM,FDM406,8M6HM2_HVF,8M6HM2_HVF,08/21/2026 9:25:28 PM,8M6HM2_HVF,D1D,1,8591138
D620391,18,A2EW7018SLF5,0,0.019026,0.025035,0,0,0.004673,0,0,0,0.006342,0,0,0.001669,0.003338,0,D6203910,PR8B,08/21/2026 9:00:32 PM,FDM406,8M6HM2_HVF,8M6HM2_HVF,08/21/2026 9:27:28 PM,8M6HM2_HVF,D1D,2,8591203
D620371,71,A2EGD071SLE0,0,0.026856,0.023254,0.001638,0,0.017522,0,0.001638,0,0,0.004913,0,0.009826,0.012609,0,D6203710,PR8B,08/21/2026 1:15:13 PM,FDM408,8M6HM2_HVF,8M6HM2_HVF,08/21/2026 1:54:58 PM,8M6HM2_HVF,D1D,1,8586646
D620371,126,A2EGD126SLB7,0,0.026201,0.027839,0,0,0.001638,0,0,0,0.004913,0.001638,0,0.001638,0.001638,0,D6203710,PR8B,08/21/2026 1:15:13 PM,FDM408,8M6HM2_HVF,8M6HM2_HVF,08/21/2026 1:56:35 PM,8M6HM2_HVF,D1D,2,8586594
D620373,304,5DXWQ304MVB5,0,0.029968,0.08581,0.003275,0,0.003275,0,0.001638,0,0.00655,0.008679,0,0.003275,0,0,D6203730,PR8B,08/21/2026 9:01:53 PM,FDM408,8M6HM2_HVF,8M6HM2_HVF,08/21/2026 9:29:23 PM,8M6HM2_HVF,D1D,1,8586866
D620373,325,5DXWQ325MVA1,0,0.055023,0.01785,0,0,0.024564,0,0,0,0.003275,0.040121,0,0.014738,0.001638,0,D6203730,PR8B,08/21/2026 9:01:53 PM,FDM408,8M6HM2_HVF,8M6HM2_HVF,08/21/2026 9:27:32 PM,8M6HM2_HVF,D1D,2,8586830
D620425,245,MCR6H245WAD1,0,0.006927,0.013854,0.001732,0,0.001732,0,0.001732,0,0,0.001732,0,0.001732,0.005195,,D6204250,PNCB,08/16/2026 4:10:19 AM,FDM402,8M6HM2_HVF,8M6HM2_HVF,08/16/2026 4:34:06 AM,8M6HM2_HVF,D1D,1,8598760
D620425,313,MCR6H313WAC3,0,0.003464,0.001732,0.001732,0.001732,0,0,0.001732,0,0.001732,0,0,0.001732,0.003464,,D6204250,PNCB,08/16/2026 4:10:19 AM,FDM402,8M6HM2_HVF,8M6HM2_HVF,08/16/2026 4:34:31 AM,8M6HM2_HVF,D1D,2,8598830
D620384,332,MCQXL332WAF4,0,0.086244,0.026586,0,0,0.017743,0,0.00356,0,0.02314,0,0,0.00356,0.006201,0,D6203840,PR8B,08/16/2026 11:03:03 PM,FDM404,8M6HM2_HVF,8M6HM2_HVF,08/16/2026 11:46:00 PM,8M6HM2_HVF,D1D,1,8588737
D620384,342,MCQXL342WAC5,0,0.029149,0.021616,0.010808,0.001638,0.00655,0,0.001638,0,0.008188,0.007533,0,0.018013,0.012773,0,D6203840,PR8B,08/16/2026 11:03:03 PM,FDM404,8M6HM2_HVF,8M6HM2_HVF,08/16/2026 11:47:06 PM,8M6HM2_HVF,D1D,2,8588806
D620380,163,A2CM6163SLB3,0,0.014738,0.021289,0.001638,0,0.00655,0,0,0,0.004913,0.001638,0,0.004913,0.001638,,D6203800,PR8B,08/21/2026 9:52:23 PM,FDM402,8M6HM2_HVF,8M6HM2_HVF,08/21/2026 10:16:51 PM,8M6HM2_HVF,D1D,1,8589079
D620380,166,A2CM6166SLG6,0,0.015066,0.040448,0,0.001638,0.00655,0,0,0,0.006714,0,0,0.003275,0.008188,0,D6203800,PR8B,08/21/2026 9:52:23 PM,FDM402,8M6HM2_HVF,8M6HM2_HVF,08/21/2026 10:18:13 PM,8M6HM2_HVF,D1D,2,8589124
D620398,301,5DXWQ301MVD5,0,0.003464,0.006927,0.001732,0,0.005195,0,0.001732,0,0,0,0,0.003464,0,,D6203980,PNCB,08/25/2026 1:19:34 PM,FDM408,8M6HM2_HVF,8M6HM2_HVF,08/25/2026 1:46:47 PM,8M6HM2_HVF,D1D,1,8591443
D620398,302,5DXWQ302MVA4,0,0.005195,0.003464,0.001732,0,0.003464,0,0.001732,0,0.001732,0,0,0.006927,0.003464,,D6203980,PNCB,08/25/2026 1:19:34 PM,FDM408,8M6HM2_HVF,8M6HM2_HVF,08/25/2026 1:49:14 PM,8M6HM2_HVF,D1D,2,8591403
D620439,16,MCQLP016WAD6,0,0.006927,0.012122,0.001732,0.001732,0,0,0.001732,0,0.005195,0.001732,0,0.006927,0.008659,,D6204390,PNCB,08/25/2026 6:41:02 AM,FDM410,8M6HM2_HVF,8M6HM2_HVF,08/25/2026 7:18:12 AM,8M6HM2_HVF,D1D,1,8601930
D620439,19,MCQLP019WAB6,0,0.003464,0.008659,0.001732,0,0.008659,0,0.005195,0,0.005195,0,0,0,0.001732,,D6204390,PNCB,08/25/2026 6:41:02 AM,FDM410,8M6HM2_HVF,8M6HM2_HVF,08/25/2026 7:15:27 AM,8M6HM2_HVF,D1D,2,8601889
D620426,520,HP3JX520JKA5,0,0.013854,0.012122,0.003464,0.003464,0.006927,0,0.003464,0,0.005195,0,0,0.012122,0.012122,,D6204260,PNCB,08/26/2026 2:22:07 AM,FDM402,8M6HM2_HVF,8M6HM2_HVF,08/26/2026 2:48:24 AM,8M6HM2_HVF,D1D,1,8598821
D620426,521,HP3JX521JKE7,0,0.019049,0.013854,0.001732,0,0.003464,0,0,0,0,0.001732,0,0.001732,0.006927,,D6204260,PNCB,08/26/2026 2:22:07 AM,FDM402,8M6HM2_HVF,8M6HM2_HVF,08/26/2026 2:50:54 AM,8M6HM2_HVF,D1D,2,8598817
D620424,419,HP3JX419JKF6,0,0.007061,0.031773,0.001765,0.00353,0.001765,0,0.007061,0,0.00353,0.001765,0,0,0.017652,,D6204240,PNCB,08/26/2026 2:13:12 AM,FDM406,8M6HM2_HVF,8M6HM2_HVF,08/26/2026 2:38:41 AM,8M6HM2_HVF,D1D,1,8596749
D620424,420,HP3JX420JKB4,0,0.008826,0.030008,0.001765,0.001765,0.007061,0,0.001765,0,0.007061,0,0,0.001765,0.001765,,D6204240,PNCB,08/26/2026 2:13:12 AM,FDM406,8M6HM2_HVF,8M6HM2_HVF,08/26/2026 2:41:52 AM,8M6HM2_HVF,D1D,2,8596816
D620396,201,5DXWU201MVG0,0,0.018359,0.008345,0,0,0.005007,0,0.003338,0,0.001669,0.001669,0,0,0.001669,,D6203960,PR8B,08/28/2026 2:14:25 AM,FDM406,8M6HM2_HVF,8M6HM2_HVF,08/28/2026 2:38:10 AM,8M6HM2_HVF,D1D,1,8590963
D620396,202,5DXWU202MVC7,0,0.013352,0.021697,0.005007,0,0.008345,0,0.005007,0,0.003338,0,0,0.003338,0.001669,,D6203960,PR8B,08/28/2026 2:14:25 AM,FDM406,8M6HM2_HVF,8M6HM2_HVF,08/28/2026 2:39:19 AM,8M6HM2_HVF,D1D,2,8590976
D620382,16,KJDLP016WFD4,0,0.010014,0.006676,0.001669,0.001669,0.005007,0,0,0,0,0,0,0.001669,0,,D6203820,PR8B,08/28/2026 11:43:28 AM,FDM404,8M6HM2_HVF,8M6HM2_HVF,08/28/2026 12:14:31 PM,8M6HM2_HVF,D1D,1,8589229
D620382,17,KJDLP017WFA3,0,0.015021,0.013018,0,0,0.00701,0,0,0,0.001669,0,0,0,0.001669,0,D6203820,PR8B,08/28/2026 11:43:28 AM,FDM404,8M6HM2_HVF,8M6HM2_HVF,08/28/2026 12:15:30 PM,8M6HM2_HVF,D1D,2,8589217
D620440,5,MCQQK005WAA6,0,0.008659,0.012122,0.005195,0.003464,0.003464,0,0.001732,0,0.001732,0.003464,0,0.003464,0.006927,,D6204400,PNCB,08/28/2026 10:23:56 AM,FDM402,8M6HM2_HVF,8M6HM2_HVF,08/28/2026 10:53:37 AM,8M6HM2_HVF,D1D,1,8601942
D620440,13,MCQQK013WAE1,0,0.010968,0.021743,0.001732,0.001732,0.001732,0,0.003464,0,0.001732,0.003656,0,0.001732,0.001732,0,D6204400,PNCB,08/28/2026 10:23:56 AM,FDM402,8M6HM2_HVF,8M6HM2_HVF,08/28/2026 10:52:20 AM,8M6HM2_HVF,D1D,2,8601901
D620407,17,MCQQK017WAG3,0,0.010591,0.005295,0,0,0.015886,0,0,0,0.00353,0.001765,0,0,0.005295,,D6204070,PNCB,08/29/2026 3:10:10 AM,FDM406,8M6HM2_HVF,8M6HM2_HVF,08/29/2026 3:32:36 AM,8M6HM2_HVF,D1D,1,8593587
D620407,19,MCQQK019WAA1,0,0.010339,0.011852,0,0,0.001765,0,0,0,0.004287,0,0,0,0.001765,0,D6204070,PNCB,08/29/2026 3:10:10 AM,FDM406,8M6HM2_HVF,8M6HM2_HVF,08/29/2026 3:33:03 AM,8M6HM2_HVF,D1D,2,8593630
D620390,56,A2DMV056SLC2,0,0.013852,0.00701,0,0,0,0,0.00701,0,0.005007,0.001836,0,0.020361,0.005007,0,D6203900,PR8B,08/29/2026 1:43:20 AM,FDM404,8M6HM2_HVF,8M6HM2_HVF,08/29/2026 2:17:21 AM,8M6HM2_HVF,D1D,1,8591304
D620390,57,A2DMV057SLG4,0,0.025058,0.019116,0.001699,0,0.039501,0,0.006795,0,0.033129,0.001699,0,0.005096,0.009769,0,D6203900,PR8B,08/29/2026 1:43:20 AM,FDM404,8M6HM2_HVF,8M6HM2_HVF,08/29/2026 2:15:37 AM,8M6HM2_HVF,D1D,2,8591195
D620393,67,A2DMV067SLD5,0,0.024236,0.035208,0,0,0.00655,0,0.008024,0,0.012937,0.001638,0,0.001638,0.009662,0,D6203930,PR8B,08/24/2026 6:55:29 AM,FDM410,8M6HM2_HVF,8M6HM2_HVF,08/24/2026 7:23:37 AM,8M6HM2_HVF,D1D,1,8591231
D620393,75,A2DMV075SLH0,0,0.022271,0.018996,0.00655,0,0.012773,0,0,0,0.001638,0.022926,0,0.001638,0.003275,0,D6203930,PR8B,08/24/2026 6:55:29 AM,FDM410,8M6HM2_HVF,8M6HM2_HVF,08/24/2026 7:22:36 AM,8M6HM2_HVF,D1D,2,8591228
D620389,11,A2DY9011SLC7,0,0.024891,0.016212,0.002129,0.002129,0.011954,0,0.00655,0,0.004913,0,0,0.001638,0,0,D6203890,PR8B,08/26/2026 7:09:52 PM,FDM404,8M6HM2_HVF,8M6HM2_HVF,08/26/2026 7:52:02 PM,8M6HM2_HVF,D1D,1,8591123
D620389,78,A2DMV078SLF0,0,0.044338,0.294275,0,0,0.004217,0,0,0,0,0.021084,0,0.008434,0.081265,0,D6203890,PR8B,08/26/2026 7:09:52 PM,FDM404,8M6HM2_HVF,8M6HM2_HVF,08/26/2026 7:50:50 PM,8M6HM2_HVF,D1D,2,8591001
D620376,5,A2DWL005SLB6,0,0.011463,0.011463,0.001638,0.001638,0.001638,0,0,0,0.001638,0,0,0,0.001638,,D6203760,PR8B,08/27/2026 2:11:10 AM,FDM410,8M6HM2_HVF,8M6HM2_HVF,08/27/2026 2:42:49 AM,8M6HM2_HVF,D1D,1,8587008
D620376,9,A2DWL009SLE0,0,0.021289,0.021289,0,0,0.003275,0,0.001638,0,0.001638,0,0,0.001638,0.004913,,D6203760,PR8B,08/27/2026 2:11:10 AM,FDM410,8M6HM2_HVF,8M6HM2_HVF,08/27/2026 2:41:47 AM,8M6HM2_HVF,D1D,2,8587052
D620399,246,MCR6K246WAB1,0,0.017318,0.02944,0,0,0.017318,0,0.005195,0,0.001732,0,0,0,0,,D6203990,PNCB,08/26/2026 9:23:22 PM,FDM410,8M6HM2_HVF,8M6HM2_HVF,08/26/2026 10:11:06 PM,8M6HM2_HVF,D1D,1,8591296
D620399,259,MCR6H259WAC4,0,0.010391,0.019049,0,0,0.020781,0,0,0,0.003464,0.001732,0,0.013854,0.001732,,D6203990,PNCB,08/26/2026 9:23:22 PM,FDM410,8M6HM2_HVF,8M6HM2_HVF,08/26/2026 10:09:38 PM,8M6HM2_HVF,D1D,2,8591286
D620399,269,MCR6H269WAH0,0,0.006927,0.034635,0.001732,0,0.003464,0,0,0,0.001732,0,0,0.003464,0.005195,,D6203990,PNCB,08/26/2026 9:23:22 PM,FDM410,8M6HM2_HVF,8M6HM2_HVF,08/26/2026 10:12:29 PM,8M6HM2_HVF,D1D,3,8591308
D620399,278,MCR6K278WAB0,0,0.006927,0.034635,0.001732,0,0.003464,0,0,0,0.012122,0,0,0,0.001732,,D6203990,PNCB,08/26/2026 9:23:22 PM,FDM410,8M6HM2_HVF,8M6HM2_HVF,08/26/2026 10:08:18 PM,8M6HM2_HVF,D1D,4,8591242
D620372,412,5DXXD412MVC2,0,0.015721,0.015393,0.003275,0,0.007205,0,0.00524,0,0.008843,0,0,0.004913,0.004913,0,D6203720,PR8B,08/27/2026 5:08:36 PM,FDM410,8M6HM2_HVF,8M6HM2_HVF,08/27/2026 6:51:34 PM,8M6HM2_HVF,D1D,1,8586719
D620372,413,5DXXD413MVG4,0,0.009826,0.013101,0.003275,0,0.009826,0,0.001638,0,0.00655,0,0,0.004913,0,,D6203720,PR8B,08/27/2026 5:08:36 PM,FDM410,8M6HM2_HVF,8M6HM2_HVF,08/27/2026 6:52:28 PM,8M6HM2_HVF,D1D,2,8586795
D620394,305,HP3JY305JKA2,0,0.008846,0.014186,0,0,0.008846,0,0.011015,0,0.003839,0,0.001669,0,0.001669,0,D6203940,PR8B,08/29/2026 6:52:26 AM,FDM406,8M6HM2_HVF,8M6HM2_HVF,08/29/2026 7:24:38 AM,8M6HM2_HVF,D1D,1,8591538
D620394,320,HP3JY320JKC6,0,0.013686,0.023366,0,0,0.010681,0,0.010681,0,0.001669,0.003338,0,0.001669,0.001669,0,D6203940,PR8B,08/29/2026 6:52:26 AM,FDM406,8M6HM2_HVF,8M6HM2_HVF,08/29/2026 7:25:56 AM,8M6HM2_HVF,D1D,2,8591482
D620445,4,MCQLP004WAF4,0,0.015413,0.010737,0,0.001732,0.010391,0,0.001732,0,0.001732,0.004503,0,0,0.005715,0,D6204450,PNCB,08/23/2026 3:00:41 AM,FDM408,8M6HM2_HVF,8M6HM2_HVF,08/23/2026 3:26:24 AM,8M6HM2_HVF,D1D,1,8601794
D620445,5,MCQLP005WAC3,0,0.010391,0.015586,0,0,0.001732,0,0,0,0,0,0,0.001732,0.003464,,D6204450,PNCB,08/23/2026 3:00:41 AM,FDM408,8M6HM2_HVF,8M6HM2_HVF,08/23/2026 3:27:16 AM,8M6HM2_HVF,D1D,2,8601886
D620432,123,HP1SJ123JKF3,0,0.013854,0.022513,0.001732,0,0.005195,0,0.001732,0,0,0,0,0,0.005195,,D6204320,PNCB,08/23/2026 4:43:10 AM,FDM408,8M6HM2_HVF,8M6HM2_HVF,08/23/2026 5:13:29 AM,8M6HM2_HVF,D1D,1,8598846
D620432,165,HP1SJ165JKC3,0,0.008659,0.013854,0.001732,0.001732,0.005195,0,0.001732,0,0.012122,0.001732,0,0,0.005195,,D6204320,PNCB,08/23/2026 4:43:10 AM,FDM408,8M6HM2_HVF,8M6HM2_HVF,08/23/2026 5:14:58 AM,8M6HM2_HVF,D1D,2,8598883
D620441,44,MCLXR044WAG5,0,0.029072,0.184476,0.002273,0,0.011365,0,0.002273,0,0.004546,0,0,0,0.013638,0,D6204410,PNCB,08/23/2026 6:24:09 AM,FDM410,8M6HM2_HVF,8M6HM2_HVF,08/23/2026 6:47:02 AM,8M6HM2_HVF,D1D,1,8601830
D620383,118,MCQQK118WAC3,0,0.018359,0.021697,0.001669,0,0.015021,0,0.003338,0,0.006676,0,0,0.01669,0.003338,,D6203830,PR8B,08/24/2026 12:39:56 AM,FDM406,8M6HM2_HVF,8M6HM2_HVF,08/24/2026 1:06:44 AM,8M6HM2_HVF,D1D,1,8588646
D620383,172,MCQQK172WAD7,0,0.018025,0.020361,0.004339,0,0.007677,0,0.006676,0,0.00701,0,0,0.014353,0.006676,0,D6203830,PR8B,08/24/2026 12:39:56 AM,FDM406,8M6HM2_HVF,8M6HM2_HVF,08/24/2026 1:05:19 AM,8M6HM2_HVF,D1D,2,8588644
D620370,92,A2DWL092SLA0,0,0.024564,0.014738,0,0,0.014738,0,0,0,0.00655,0,0,0,0,,D6203700,PR8B,08/30/2026 5:56:02 PM,FDM402,8M6HM2_HVF,8M6HM2_HVF,08/30/2026 6:26:51 PM,8M6HM2_HVF,D1D,1,8586538
D620370,112,A2EWZ112SLH1,0,0.01523,0.012118,0.001638,0,0.001638,0,0.005404,0,0.003275,0,0,0.001638,0.001638,0,D6203700,PR8B,08/30/2026 5:56:02 PM,FDM402,8M6HM2_HVF,8M6HM2_HVF,08/30/2026 6:27:50 PM,8M6HM2_HVF,D1D,2,8586532
D620406,4,A2EW7004SLG2,0,0.00353,0.008826,0.001765,0,0.008826,0,0.001765,0,0.005295,0,0,0,0.008826,,D6204060,PNCB,08/30/2026 11:45:59 PM,FDM406,8M6HM2_HVF,8M6HM2_HVF,08/31/2026 12:18:48 AM,8M6HM2_HVF,D1D,1,8593985
D620406,7,A2EW7007SLE2,0,0.026477,0.012356,0,0.001765,0.010591,0,0.00353,0,0.00353,0,0,0,0,,D6204060,PNCB,08/30/2026 11:45:59 PM,FDM406,8M6HM2_HVF,8M6HM2_HVF,08/31/2026 12:17:55 AM,8M6HM2_HVF,D1D,2,8593889
D620387,15,KJDLQ015WFH0,0,0.238842,1.293859,0.025505,0.042905,0,0,0,0,0,0.170432,0,0.042905,0.655035,0,D6203870,PR8B,08/31/2026 2:57:16 PM,FDM410,8M6HM2_HVF,8M6HM2_HVF,08/31/2026 3:24:46 PM,8M6HM2_HVF,D1D,1,8589171
D620387,26,KJDLQ026WFB0,0,0.017195,0.022926,0.009826,0.001638,0,0,0.001638,0,0.001638,0.004913,0,0.005732,0.00655,0,D6203870,PR8B,08/31/2026 2:57:16 PM,FDM410,8M6HM2_HVF,8M6HM2_HVF,08/31/2026 3:22:32 PM,8M6HM2_HVF,D1D,2,8589205
D620431,339,MCQXL339WAF6,0,0.008826,0.008826,0.00353,0,0,0,0.001765,0,0,0,0,0.008826,0.00353,,D6204310,PNCB,08/30/2026 10:51:09 PM,FDM406,8M6HM2_HVF,8M6HM2_HVF,08/30/2026 11:22:54 PM,8M6HM2_HVF,D1D,1,8598735
D620431,424,MCQXL424WAB2,0,0.00353,0.014121,0,0.001765,0.005295,0,0,0,0.001765,0,0,0.001765,0.007061,,D6204310,PNCB,08/30/2026 10:51:09 PM,FDM406,8M6HM2_HVF,8M6HM2_HVF,08/30/2026 11:25:00 PM,8M6HM2_HVF,D1D,2,8598789
D620428,408,5DXXD408MVB1,0,0.005295,0.022947,0.001765,0,0,0,0.007061,0,0.00353,0,0,0,0.001765,,D6204280,PNCB,09/01/2026 12:04:36 PM,FDM406,8M6HM2_HVF,8M6HM2_HVF,09/01/2026 12:27:30 PM,8M6HM2_HVF,D1D,1,8599203
D620428,409,5DXXD409MVF3,0,0.007061,0.017652,0.00353,0,0.001765,0,0.007061,0,0.001765,0.001765,0,0,0.001765,,D6204280,PNCB,09/01/2026 12:04:36 PM,FDM406,8M6HM2_HVF,8M6HM2_HVF,09/01/2026 12:28:35 PM,8M6HM2_HVF,D1D,2,8599120
D621478,276,HP2FK276JKD0,0,0.012684,0.04139,0,0,0,0,0.001669,0,0,0.007677,0,0,0,0,D6214780,PR8B,09/05/2026 11:37:19 AM,FDM406,8M6HM2_HVF,8M6HM2_HVF,09/05/2026 12:18:10 PM,8M6HM2_HVF,D1D,1,8624575
D621478,277,HP2FK277JKH2,0,0.065924,0.011516,0.00484,0.003338,0.003338,0,0.003338,0,0.009513,0,0,0,0,0,D6214780,PR8B,09/05/2026 11:37:19 AM,FDM406,8M6HM2_HVF,8M6HM2_HVF,09/05/2026 12:17:03 PM,8M6HM2_HVF,D1D,2,8624594
D620436,756,5DXWG756MVD2,0,0.009179,0.054014,0.00353,0,0.005472,0,0,0,0.001765,0.001942,0,0,0,0,D6204360,PNCB,09/04/2026 6:27:35 PM,FDM402,8M6HM2_HVF,8M6HM2_HVF,09/04/2026 6:55:23 PM,8M6HM2_HVF,D1D,1,8599327
D620436,762,5DXWG762MVF4,0,0.010591,0.024712,0,0.001765,0.00353,0,0.00353,0,0.001765,0,0,0.010591,0.001765,,D6204360,PNCB,09/04/2026 6:27:35 PM,FDM402,8M6HM2_HVF,8M6HM2_HVF,09/04/2026 6:55:42 PM,8M6HM2_HVF,D1D,2,8599309
D620454,273,KJEYH273WFC2,0,0.008687,0.012162,0.003475,0,0.001737,0,0,0,0.008687,0,0,0.00695,0.005212,,D6204540,PXMG,09/02/2026 6:43:19 PM,FDM410,8M6HM2_HVF,8M6HM2_HVF,09/02/2026 7:10:52 PM,8M6HM2_HVF,D1D,1,8604629
D620454,476,KJEYL476WFA0,0,0.023456,0.021719,0,0.003475,0.008687,0,0.001737,0,0.001737,0.007819,0,0.009556,0.001737,0,D6204540,PXMG,09/02/2026 6:43:19 PM,FDM410,8M6HM2_HVF,8M6HM2_HVF,09/02/2026 7:09:25 PM,8M6HM2_HVF,D1D,2,8604659
D620386,32,A2DK3032SLB3,0,0.01916,0.023581,0.003275,0.002784,0.008188,0,0.007697,0,0.00655,0,0,0.017031,0.019815,0,D6203860,PR8B,09/08/2026 3:56:48 PM,FDM410,8M6HM2_HVF,8M6HM2_HVF,09/08/2026 4:32:40 PM,8M6HM2_HVF,D1D,1,8588858
D620386,35,A2DK3035SLG6,0,0.02178,0.009826,0.003275,0.001638,0.004913,0,0.013592,0,0.00655,0,0,0.03095,0.069598,0,D6203860,PR8B,09/08/2026 3:56:48 PM,FDM410,8M6HM2_HVF,8M6HM2_HVF,09/08/2026 4:34:43 PM,8M6HM2_HVF,D1D,2,8588937
D620405,13,A2EWZ013SLE7,0,0.031773,0.026477,0,0,0.008826,0,0.015886,0,0.001765,0.001765,0,0.001765,0,,D6204050,PNCB,09/12/2026 5:34:48 AM,FDM406,8M6HM2_HVF,8M6HM2_HVF,09/12/2026 5:57:44 AM,8M6HM2_HVF,D1D,1,8593870
D620405,14,A2EWZ014SLB6,0,0.017652,0.019417,0,0,0,0,0.005295,0,0.001765,0,0,0.00353,0,,D6204050,PNCB,09/12/2026 5:34:48 AM,FDM406,8M6HM2_HVF,8M6HM2_HVF,09/12/2026 5:56:04 AM,8M6HM2_HVF,D1D,2,8593915
D620443,340,MCQXL340WAB4,0,0.015886,0.031773,0.001765,0.001765,0.00353,0,0.00353,0,0,0.001765,0,0.007061,0.007061,,D6204430,PNCB,09/12/2026 6:19:27 PM,FDM406,8M6HM2_HVF,8M6HM2_HVF,09/12/2026 6:41:46 PM,8M6HM2_HVF,D1D,1,8601610
D620443,361,MCQXL361WAA0,0,0.014827,0.050837,0.001765,0,0.018358,0,0,0,0.001765,0.005295,0,0.012356,0.006002,0,D6204430,PNCB,09/12/2026 6:19:27 PM,FDM406,8M6HM2_HVF,8M6HM2_HVF,09/12/2026 6:43:10 PM,8M6HM2_HVF,D1D,2,8601637
D620392,10,A2CM6010SLD7,0,0.010014,0.008345,0.001669,0,0.001669,0,0.001669,0,0.003338,0.001669,0,0,0.001669,,D6203920,PR8B,09/07/2026 7:53:02 AM,FDM402,8M6HM2_HVF,8M6HM2_HVF,09/07/2026 8:21:45 AM,8M6HM2_HVF,D1D,1,8591409
D620392,22,A2CM6022SLC1,0,0.041724,0.143722,0.00515,0,0.002575,0,0.00515,0,0.00515,0,0,0,0.00515,0,D6203920,PR8B,09/07/2026 7:53:02 AM,FDM402,8M6HM2_HVF,8M6HM2_HVF,09/07/2026 8:23:17 AM,8M6HM2_HVF,D1D,2,8591390
D620442,11,MCQLP011WAE5,0,0.010591,0.019417,0.001765,0.001765,0.028243,0,0.001765,0,0.008826,0,0,0,0.007061,,D6204420,PNCB,09/06/2026 4:43:40 AM,FDM402,8M6HM2_HVF,8M6HM2_HVF,09/06/2026 5:08:40 AM,8M6HM2_HVF,D1D,1,8602028
D620442,20,MCQLP020WAE7,0,0.016239,0.022241,0.021358,0.00353,0.019593,0,0.008826,0,0.008826,0,0,0.031773,0.021182,0,D6204420,PNCB,09/06/2026 4:43:40 AM,FDM402,8M6HM2_HVF,8M6HM2_HVF,09/06/2026 5:10:36 AM,8M6HM2_HVF,D1D,2,8602052
D620435,417,KJD2J417WFF1,0,0.01165,0.022594,0,0,0.005295,0,0.001765,0,0.007061,0,0,0.010591,0.006355,0,D6204350,PNCB,09/06/2026 8:38:36 AM,FDM406,8M6HM2_HVF,8M6HM2_HVF,09/06/2026 9:12:05 AM,8M6HM2_HVF,D1D,1,8599092
D620435,638,KJD2G638WFA6,0,0.008826,0.020888,0.001765,0.001765,0.001765,0,0,0,0.005295,0.003825,0,0.010591,0.001765,0,D6204350,PNCB,09/06/2026 8:38:36 AM,FDM406,8M6HM2_HVF,8M6HM2_HVF,09/06/2026 9:10:29 AM,8M6HM2_HVF,D1D,2,8599151
D620422,314,MCR6H314WAG5,0,0.019266,0.010391,0,0,0.006278,0,0.006278,0,0.001732,0.002814,0,0,0,0,D6204220,PNCB,09/07/2026 2:07:05 AM,FDM410,8M6HM2_HVF,8M6HM2_HVF,09/07/2026 2:53:49 AM,8M6HM2_HVF,D1D,1,8596350
D620422,351,MCQXL351WAC7,0,0.010391,0.017318,0.001732,0.005195,0.001732,0,0,0,0.001732,0.006927,0,0,0.003464,,D6204220,PNCB,09/07/2026 2:07:05 AM,FDM410,8M6HM2_HVF,8M6HM2_HVF,09/07/2026 2:52:36 AM,8M6HM2_HVF,D1D,2,8596271
D620453,460,KJFTB460WFE6,0,0.012356,0.015886,0,0,0.008826,0,0.00353,0,0.005295,0.001765,0,0.012356,0.008826,,D6204530,PNCB,09/09/2026 7:28:05 PM,FDM404,8M6HM2_HVF,8M6HM2_HVF,09/09/2026 8:02:53 PM,8M6HM2_HVF,D1D,1,8604560
D620453,467,KJFTB467WFF0,0,0.005295,0.015886,0,0,0.00353,0,0.00353,0,0.00353,0,0,0,0.001765,,D6204530,PNCB,09/09/2026 7:28:05 PM,FDM404,8M6HM2_HVF,8M6HM2_HVF,09/09/2026 8:01:52 PM,8M6HM2_HVF,D1D,2,8604437
D620419,689,KJE5Y689WFA7,0.001765,0.005295,0.012356,0.001765,0,0.00353,0,0,0,0.001765,0,0,0.001765,0.001765,,D6204190,PNCB,09/14/2026 6:18:02 AM,FDM402,8M6HM2_HVF,8M6HM2_HVF,09/14/2026 6:41:36 AM,8M6HM2_HVF,D1D,1,8595913
D620419,690,KJE5Y690WFE0,0,0.010003,0.025889,0.005295,0.001765,0.007061,0,0.002354,0,0.008826,0.001765,0,0.005295,0.030596,0,D6204190,PNCB,09/14/2026 6:18:02 AM,FDM402,8M6HM2_HVF,8M6HM2_HVF,09/14/2026 6:40:48 AM,8M6HM2_HVF,D1D,2,8595897
D619901,685,HP4KF685JKB7,0,0.044215,0.045034,0,0,0.008188,0,0,0,0.00655,0.005732,0,0.001638,0.003275,0,D6199010,PR8B,08/01/2026 5:49:30 PM,FDM406,8M6HM2_HVF,8M6HM2_HVF,08/01/2026 6:23:38 PM,8M6HM2_HVF,D1D,1,8572341
D619901,686,HP4KF686JKG1,0,0.029149,0.013428,0.001638,0,0.004913,0,0.00655,0,0.004913,0,0,0,0,0,D6199010,PR8B,08/01/2026 5:49:30 PM,FDM406,8M6HM2_HVF,8M6HM2_HVF,08/01/2026 6:22:06 PM,8M6HM2_HVF,D1D,2,8572337
D619901,687,HP4KF687JKD0,0,0.032097,0.038483,0,0.003275,0.009826,0,0.003275,0,0.010808,0.001638,0,0.001638,0.011954,0,D6199010,PR8B,08/01/2026 6:28:52 PM,FDM406,8M6HM2_HVF,8M6HM2_HVF,08/01/2026 7:02:39 PM,8M6HM2_HVF,D1D,3,8572257
D619901,688,HP4KF688JKH2,0,0.036682,0.045197,0.004913,0.003275,0.001638,0,0.004913,0,0.001638,0,0,0.001638,0.003275,0,D6199010,PR8B,08/01/2026 6:28:52 PM,FDM406,8M6HM2_HVF,8M6HM2_HVF,08/01/2026 7:05:33 PM,8M6HM2_HVF,D1D,4,8572371
D619901,689,HP4KF689JKE1,0,0.027184,0.041759,0.001638,0,0.001638,0,0.001638,0,0.004913,0.001638,0,0,0.021125,0,D6199010,PR8B,08/01/2026 6:28:52 PM,FDM406,8M6HM2_HVF,8M6HM2_HVF,08/01/2026 7:04:02 PM,8M6HM2_HVF,D1D,5,8572238
D619289,818,KJFMM818WFD2,0,0.008659,0.003464,0,0,0.003464,0,0,0,0.001732,0,0,0,0,,D6192890,PNCB,08/03/2026 11:14:06 AM,FDM410,8M6HM2_HVF,8M6HM2_HVF,09/14/2026 9:01:14 PM,8M6HM2_HVF,D1D,1,8553236
D619289,825,KJFMM825WFC3,0,0.012815,0.026669,0,0,0.007273,0,0,0,0,0.006927,0,0.005195,0,0,D6192890,PNCB,08/03/2026 11:14:06 AM,FDM410,8M6HM2_HVF,8M6HM2_HVF,09/15/2026 1:01:25 PM,8M6HM2_HVF,D1D,2,8553271
D619289,826,KJFMM826WFG5,0,0.003464,0.012122,0,0,0,0,0,0,0,0.001732,0,0,0.003464,,D6192890,PNCB,08/03/2026 12:04:45 PM,FDM404,8M6HM2_HVF,8M6HM2_HVF,09/14/2026 11:30:55 AM,8M6HM2_HVF,D1D,3,8553265
D619289,827,KJFMM827WFD4,0,0.006927,0.003464,0,0,0.003464,0,0.001732,0,0.005195,0,0,0.001732,0.001732,,D6192890,PNCB,08/03/2026 12:04:45 PM,FDM404,8M6HM2_HVF,8M6HM2_HVF,09/15/2026 2:24:20 PM,8M6HM2_HVF,D1D,4,8553259
D619289,828,KJFMM828WFA3,0,0.005195,0.013854,0,0,0.001732,0,0.001732,0,0.001732,0,0,0,0.001732,,D6192890,PNCB,08/03/2026 12:04:45 PM,FDM404,8M6HM2_HVF,8M6HM2_HVF,09/14/2026 8:58:50 PM,8M6HM2_HVF,D1D,5,8553245
D619321,557,HM9EB557JKB5,0,0.016971,0.03325,0.001732,0,0.006927,0,0.001732,0,0.008659,0.005195,0,0,0.001732,0,D6193210,PNCB,08/08/2026 7:30:14 AM,FDM402,8M6HM2_HVF,8M6HM2_HVF,08/08/2026 8:01:41 AM,8M6HM2_HVF,D1D,1,8562808
D619321,558,HM9EB558JKF7,0,0.005195,0.010391,0.001732,0,0.003464,0,0.001732,0,0,0,0,0.005195,0.003464,,D6193210,PNCB,08/08/2026 7:30:14 AM,FDM402,8M6HM2_HVF,8M6HM2_HVF,08/08/2026 8:10:13 AM,8M6HM2_HVF,D1D,2,8562969
D619286,5,A2DST005SLA1,0,0.006927,0.013854,0,0,0.001732,0,0,0,0,0,0,0.005195,0.005195,,D6192860,PNCB,08/06/2026 9:40:19 PM,FDM402,8M6HM2_HVF,8M6HM2_HVF,08/06/2026 10:07:01 PM,8M6HM2_HVF,D1D,1,8552827
D619286,6,A2DST006SLE3,0,0.015586,0.019049,0.003464,0,0.008659,0,0.001732,0,0,0,0,0.001732,0.001732,,D6192860,PNCB,08/06/2026 11:01:45 PM,FDM408,8M6HM2_HVF,8M6HM2_HVF,08/06/2026 11:40:05 PM,8M6HM2_HVF,D1D,2,8552807
D619286,8,A2DST008SLF4,0,0.013854,0.019049,0,0,0.001732,0,0,0,0.003464,0,0,0.008659,0,,D6192860,PNCB,08/06/2026 11:01:45 PM,FDM408,8M6HM2_HVF,8M6HM2_HVF,08/06/2026 11:41:53 PM,8M6HM2_HVF,D1D,3,8552786
D619286,9,A2DST009SLC3,0,0.006927,0.013854,0.001732,0.001732,0.003464,0,0.001732,0,0.003464,0,0,0.003464,0.003464,,D6192860,PNCB,08/06/2026 11:01:45 PM,FDM408,8M6HM2_HVF,8M6HM2_HVF,08/06/2026 11:44:10 PM,8M6HM2_HVF,D1D,4,8552740
D619286,13,A2DST013SLD4,0,0.014547,0.031518,0.003464,0,0.003464,0,0.001732,0,0,0,0,0,0.005888,0,D6192860,PNCB,08/06/2026 11:01:45 PM,FDM408,8M6HM2_HVF,8M6HM2_HVF,08/06/2026 11:42:56 PM,8M6HM2_HVF,D1D,5,8552832
D619293,3,KJEHF003WFB7,0,0.020435,0.027708,0.001732,0,0.012469,0,0,0,0.006927,0,0,0.005195,0.005195,0,D6192930,PNCB,08/15/2026 2:03:45 PM,FDM408,8M6HM2_HVF,8M6HM2_HVF,08/15/2026 2:43:38 PM,8M6HM2_HVF,D1D,1,8555489
D619293,4,KJEHF004WFG1,0,0.006927,0.006927,0,0,0.001732,0,0.001732,0,0.001732,0,0,0.001732,0.001732,,D6192930,PNCB,08/15/2026 2:03:45 PM,FDM408,8M6HM2_HVF,8M6HM2_HVF,08/15/2026 2:40:44 PM,8M6HM2_HVF,D1D,2,8555435
D619293,7,KJEHF007WFE1,0,0.008659,0.003464,0.001732,0.001732,0.017318,0,0.005195,0,0.003464,0,0,0.010391,0.006927,,D6192930,PNCB,08/15/2026 2:03:45 PM,FDM408,8M6HM2_HVF,8M6HM2_HVF,08/15/2026 2:42:41 PM,8M6HM2_HVF,D1D,3,8555578
D619293,8,KJEHF008WFB0,0,0.008659,0.008659,0.001732,0,0.006927,0,0.001732,0,0,0,0,0.001732,0.001732,,D6192930,PNCB,08/15/2026 2:03:45 PM,FDM408,8M6HM2_HVF,8M6HM2_HVF,08/15/2026 2:39:57 PM,8M6HM2_HVF,D1D,4,8555498
D619350,614,5DXXE614MVC0,0,0.017318,0.025976,0,0,0.003464,0,0.001732,0,0,0,0,0.001732,0,,D6193500,PNCB,08/15/2026 3:10:40 PM,FDM404,8M6HM2_HVF,8M6HM2_HVF,08/15/2026 3:38:06 PM,8M6HM2_HVF,D1D,1,8568718
D619350,638,5DXXE638MVF7,0,0.006927,0.024245,0,0,0,0,0.005195,0,0.005195,0,0,0.001732,0.001732,,D6193500,PNCB,08/15/2026 3:10:40 PM,FDM404,8M6HM2_HVF,8M6HM2_HVF,08/15/2026 3:37:09 PM,8M6HM2_HVF,D1D,2,8568649
D619348,425,5DXXD425MVE6,0,0.013854,0.019049,0.003464,0.001732,0.005195,0,0,0,0.003464,0,0,0,0.006927,,D6193480,PNCB,08/15/2026 8:18:52 PM,FDM408,8M6HM2_HVF,8M6HM2_HVF,08/15/2026 8:57:53 PM,8M6HM2_HVF,D1D,1,8568426
D619348,436,5DXXD436MVG1,0,0.024937,0.030479,0.001732,0,0.001732,0,0.003464,0,0.001732,0.003464,0,0.001732,0.003464,0,D6193480,PNCB,08/15/2026 8:18:52 PM,FDM408,8M6HM2_HVF,8M6HM2_HVF,08/15/2026 9:00:41 PM,8M6HM2_HVF,D1D,2,8568486
D619348,439,5DXXD439MVE1,0,0.0071,0.036021,0,0,0.012296,0,0,0,0.001732,0,0,0,0.001732,0,D6193480,PNCB,08/15/2026 8:18:52 PM,FDM408,8M6HM2_HVF,8M6HM2_HVF,08/15/2026 8:59:20 PM,8M6HM2_HVF,D1D,3,8568507
D619348,448,5DXXD448MVE3,0,0.008659,0.019049,0,0,0.003464,0,0,0,0.005195,0,0,0.001732,0,,D6193480,PNCB,08/15/2026 8:18:52 PM,FDM408,8M6HM2_HVF,8M6HM2_HVF,08/15/2026 9:02:16 PM,8M6HM2_HVF,D1D,4,8568373
D619302,280,5DXWV280MVB2,0,0.003464,0.003464,0.001732,0.001732,0.005195,0,0,0,0.006927,0,0,0,0.001732,,D6193020,PNCB,08/15/2026 2:59:20 PM,FDM404,8M6HM2_HVF,8M6HM2_HVF,08/15/2026 3:23:33 PM,8M6HM2_HVF,D1D,1,8555856
D619302,281,5DXWV281MVF4,0,0.008659,0.008659,0,0.003464,0.003464,0,0,0,0,0,0,0.003464,0.001732,,D6193020,PNCB,08/15/2026 2:59:20 PM,FDM404,8M6HM2_HVF,8M6HM2_HVF,08/15/2026 3:25:11 PM,8M6HM2_HVF,D1D,2,8555863
D619325,7,A2FK1007SLE6,0,0.021907,0.081133,0.003983,0.001992,0.003983,0,0.001992,0,0.007966,0.013941,0,0,0.029353,0,D6193250,PNCB,08/14/2026 6:51:15 AM,FDM402,8M6HM2_HVF,8M6HM2_HVF,08/14/2026 7:22:28 AM,8M6HM2_HVF,D1D,1,8562689
D619325,10,A2FK1010SLB5,0,0.006927,0.020781,0,0,0.008659,0,0.001732,0,0.006927,0.003464,0,0.006927,0,,D6193250,PNCB,08/14/2026 6:51:15 AM,FDM402,8M6HM2_HVF,8M6HM2_HVF,08/14/2026 7:20:14 AM,8M6HM2_HVF,D1D,2,8562685
D619285,549,KJFMJ549WFA3,0,0.001732,0.024245,0,0,0.003464,0,0.001732,0,0.001732,0.001732,0,0.001732,0.005195,,D6192850,PNCB,08/14/2026 11:15:10 AM,FDM402,8M6HM2_HVF,8M6HM2_HVF,08/14/2026 11:51:04 AM,8M6HM2_HVF,D1D,1,8553395
D619285,569,KJFMJ569WFC0,0,0.010391,0.003464,0.003464,0.001732,0.020781,0,0.001732,0,0.008659,0,0,0.001732,0.005195,,D6192850,PNCB,08/14/2026 11:15:10 AM,FDM402,8M6HM2_HVF,8M6HM2_HVF,08/14/2026 11:49:22 AM,8M6HM2_HVF,D1D,2,8553509
D619315,652,HM9EB652JKB5,0,0.005195,0.010391,0,0,0.005195,0,0,0,0.001732,0,0,0.001732,0.008659,,D6193150,PNCB,08/15/2026 8:00:44 PM,FDM402,8M6HM2_HVF,8M6HM2_HVF,08/15/2026 8:26:18 PM,8M6HM2_HVF,D1D,1,8559908
D619315,653,HM9EB653JKF7,0,0.006927,0.013854,0.003464,0,0.003464,0,0.003464,0,0.001732,0,0,0,0,,D6193150,PNCB,08/15/2026 8:00:44 PM,FDM402,8M6HM2_HVF,8M6HM2_HVF,08/15/2026 8:27:16 PM,8M6HM2_HVF,D1D,2,8560023
D619292,30,KJEYC030WFA7,0,0.024777,0.073711,0.002041,0.002041,0.002041,0,0,0,0,0.008449,0,0.006123,0.002041,0,D6192920,PNCB,08/10/2026 11:22:31 AM,FDM408,8M6HM2_HVF,8M6HM2_HVF,08/10/2026 11:50:33 AM,8M6HM2_HVF,D1D,1,8555565
D619292,48,KJEYC048WFC4,0,0.013161,0.029613,0.001732,0,0,0,0.001732,0,0.003464,0.002251,0,0,0.001732,0,D6192920,PNCB,08/10/2026 11:22:31 AM,FDM408,8M6HM2_HVF,8M6HM2_HVF,08/10/2026 11:51:40 AM,8M6HM2_HVF,D1D,2,8555516
D619308,448,HP2UA448JKA5,0,0.008659,0.022513,0,0,0.006927,0,0.003464,0,0.005195,0.001732,0,0,0.001732,,D6193080,PNCB,08/14/2026 1:19:30 AM,FDM402,8M6HM2_HVF,8M6HM2_HVF,08/14/2026 1:50:58 AM,8M6HM2_HVF,D1D,1,8559705
D619308,449,HP2UA449JKE7,0,0.010391,0.012122,0,0,0.008659,0,0,0,0.005195,0,0,0.001732,0,,D6193080,PNCB,08/14/2026 1:19:30 AM,FDM402,8M6HM2_HVF,8M6HM2_HVF,08/14/2026 1:49:30 AM,8M6HM2_HVF,D1D,2,8559718
D619343,458,KJFTB458WFE6,0,0.006927,0.017318,0.001732,0,0.015586,0,0.003464,0,0.003464,0,0,0,0.001732,,D6193430,PNCB,08/15/2026 10:31:01 AM,FDM408,8M6HM2_HVF,8M6HM2_HVF,08/15/2026 11:03:18 AM,8M6HM2_HVF,D1D,1,8568763
D619343,472,KJFTB472WFD0,0,0.004618,0.026059,0.002309,0,0.004618,0,0.002309,0,0.001979,0.004618,0,0,0.001979,0,D6193430,PNCB,08/15/2026 10:31:01 AM,FDM408,8M6HM2_HVF,8M6HM2_HVF,08/15/2026 11:01:57 AM,8M6HM2_HVF,D1D,2,8568707
D619287,22,A2GD3022SLD5,0,0.015586,0.010391,0,0,0.001732,0,0.003464,0,0.006927,0,0,0.001732,0.001732,,D6192870,PNCB,08/18/2026 8:24:14 PM,FDM408,8M6HM2_HVF,8M6HM2_HVF,08/18/2026 9:37:25 PM,8M6HM2_HVF,D1D,1,8553049
D619287,24,A2GD3024SLE6,0,0.008659,0.010391,0.001732,0,0.003464,0,0.001732,0,0.001732,0,0,0,0.005195,,D6192870,PNCB,08/18/2026 8:24:14 PM,FDM408,8M6HM2_HVF,8M6HM2_HVF,08/18/2026 9:40:26 PM,8M6HM2_HVF,D1D,2,8552991
D619287,179,A2GD3179SLD3,0,0.012122,0.015586,0.001732,0,0.003464,0,0,0,0.008659,0.001732,0,0,0.003464,,D6192870,PNCB,08/18/2026 8:24:14 PM,FDM408,8M6HM2_HVF,8M6HM2_HVF,08/18/2026 9:39:13 PM,8M6HM2_HVF,D1D,3,8552877
D619287,180,A2GD3180SLG4,0,0.005195,0.015586,0.001732,0.003464,0.008659,0,0,0,0.005195,0,0,0.001732,0.001732,,D6192870,PNCB,08/18/2026 8:24:14 PM,FDM408,8M6HM2_HVF,8M6HM2_HVF,08/18/2026 9:36:49 PM,8M6HM2_HVF,D1D,4,8553070
D619309,145,HP1SH145JKA0,0,0.012815,0.068361,0.018162,0,0.236104,0,0,0,1.127097,0,0,0.036324,0.018162,0,D6193090,PNCB,08/17/2026 3:02:55 AM,FDM404,8M6HM2_HVF,8M6HM2_HVF,08/17/2026 3:35:42 AM,8M6HM2_HVF,D1D,1,8560072
D619309,193,HP1SH193JKG5,0,0.005195,0.024245,0.001732,0,0.001732,0,0.001732,0,0.003464,0,0,0.003464,0.006927,,D6193090,PNCB,08/17/2026 3:02:55 AM,FDM404,8M6HM2_HVF,8M6HM2_HVF,08/17/2026 3:36:44 AM,8M6HM2_HVF,D1D,2,8560005
D619333,24,KJG0M024WFB1,0,0.015886,0.035303,0,0.001765,0.00353,0,0,0,0.001765,0.001765,0,0,0.005295,,D6193330,PNCB,08/17/2026 5:55:52 AM,FDM406,8M6HM2_HVF,8M6HM2_HVF,08/17/2026 6:26:49 AM,8M6HM2_HVF,D1D,1,8565604
D619333,49,KJG0M049WFB7,0,0.007061,0.024712,0,0,0.012356,0,0,0,0.001765,0.001765,0,0.001765,0.00353,,D6193330,PNCB,08/17/2026 5:55:52 AM,FDM406,8M6HM2_HVF,8M6HM2_HVF,08/17/2026 6:25:49 AM,8M6HM2_HVF,D1D,2,8565628
D619331,439,KJEYK439WFB6,0,0.007414,0.033273,0.001853,0,0.016681,0,0.00556,0,0.003707,0,0,0.001853,0.00556,0,D6193310,PNCB,08/17/2026 8:55:31 PM,FDM406,8M6HM2_HVF,8M6HM2_HVF,08/17/2026 9:20:31 PM,8M6HM2_HVF,D1D,1,8565201
D619331,440,KJEYK440WFE7,0,0.020656,0.067527,0.002066,0.002066,0.002066,0,0.008262,0,0,0.002066,0,0.002066,0.006197,0,D6193310,PNCB,08/17/2026 8:55:31 PM,FDM406,8M6HM2_HVF,8M6HM2_HVF,08/17/2026 9:18:43 PM,8M6HM2_HVF,D1D,2,8565283
D619363,381,HP2FJ381JKH1,0,0.00695,0.033012,0.001737,0.003475,0.005212,0,0,0,0.003475,0,0,0.003475,0.001737,,D6193630,PXMG,08/17/2026 5:32:44 AM,FDM402,8M6HM2_HVF,8M6HM2_HVF,08/17/2026 5:58:09 AM,8M6HM2_HVF,D1D,1,8547828
D619363,382,HP2FJ382JKE0,0,0.010425,0.005212,0,0,0.003475,0,0.001737,0,0.001737,0,0,0.012162,0.003475,,D6193630,PXMG,08/17/2026 5:32:44 AM,FDM402,8M6HM2_HVF,8M6HM2_HVF,08/17/2026 5:56:22 AM,8M6HM2_HVF,D1D,2,8547851
D619294,529,KJFMJ529WFG1,0,0.02037,0.209197,0.005931,0,0.005931,0,0,0,0.011668,0.002966,0,0.005931,0.002966,0,D6192940,PNCB,08/16/2026 7:48:51 AM,FDM410,8M6HM2_HVF,8M6HM2_HVF,08/16/2026 8:20:02 AM,8M6HM2_HVF,D1D,1,8555729
D619294,531,KJFMJ531WFG1,0,0.012122,0.006927,0,0,0.015586,0,0.005195,0,0.003464,0.001732,0,0.003464,0.003464,,D6192940,PNCB,08/16/2026 7:48:51 AM,FDM410,8M6HM2_HVF,8M6HM2_HVF,08/16/2026 8:21:16 AM,8M6HM2_HVF,D1D,2,8555716
D619358,457,HP3JY457JKA7,0,0.005295,0.017652,0.00353,0,0.005295,0,0.00353,0,0.008826,0.001765,0,0.008826,0,,D6193580,PNCB,08/17/2026 1:50:05 AM,FDM406,8M6HM2_HVF,8M6HM2_HVF,08/17/2026 2:14:20 AM,8M6HM2_HVF,D1D,1,8572133
D619358,458,HP3JY458JKF1,0,0.001765,0.010591,0.001765,0,0.005295,0,0.001765,0,0.005295,0,0,0.001765,0.007061,,D6193580,PNCB,08/17/2026 1:50:05 AM,FDM406,8M6HM2_HVF,8M6HM2_HVF,08/17/2026 2:15:04 AM,8M6HM2_HVF,D1D,2,8572123
D619297,59,KJFMF059WFA3,0,0.022068,0.024344,0,0,0.005937,0,0.001979,0,0.001979,0.001979,0,0.040721,0.042997,0,D6192970,PNCB,08/22/2026 3:32:44 PM,FDM408,8M6HM2_HVF,8M6HM2_HVF,08/22/2026 3:58:21 PM,8M6HM2_HVF,D1D,1,8556006
D619297,161,KJFMF161WFG7,0,0.012256,0.049022,0.002198,0,0.008792,0,0,0,0.002198,0,0,0,0,0,D6192970,PNCB,08/22/2026 3:32:44 PM,FDM408,8M6HM2_HVF,8M6HM2_HVF,08/22/2026 3:56:47 PM,8M6HM2_HVF,D1D,2,8556064
D619314,677,HM9EB677JKC3,0,0.008178,0.047207,0,0.002598,0.004458,0,0.00186,0,0.00186,0.004458,0,0.00186,0.00372,0,D6193140,PNCB,08/22/2026 9:28:41 PM,FDM402,8M6HM2_HVF,8M6HM2_HVF,08/22/2026 9:54:45 PM,8M6HM2_HVF,D1D,1,8559804
D619314,678,HM9EB678JKG5,0,0.009103,0.058288,0,0.001821,0.007282,0,0.007282,0,0.007282,0.012492,0,0.001821,0.005462,0,D6193140,PNCB,08/22/2026 9:28:41 PM,FDM402,8M6HM2_HVF,8M6HM2_HVF,08/22/2026 9:56:21 PM,8M6HM2_HVF,D1D,2,8559816
D619312,678,MCQJU678WAA3,0,0.00353,0.014121,0,0,0.001765,0,0.001765,0,0.00353,0,0,0.001765,0.00353,,D6193120,PNCB,08/22/2026 10:13:19 PM,FDM406,8M6HM2_HVF,8M6HM2_HVF,08/22/2026 10:38:58 PM,8M6HM2_HVF,D1D,1,8559487
D619312,729,MCQJU729WAD3,0,0.008826,0.012356,0.00353,0,0.00353,0,0.001765,0,0,0,0,0,0.00353,,D6193120,PNCB,08/22/2026 10:13:19 PM,FDM406,8M6HM2_HVF,8M6HM2_HVF,08/22/2026 10:40:03 PM,8M6HM2_HVF,D1D,2,8559499
D619357,25,A2DWL025SLD3,0,0.0142,0.05507,0,0,0.001732,0,0.005195,0,0.003464,0,0,0.001732,0,0,D6193570,PNCB,08/25/2026 10:09:05 AM,FDM408,8M6HM2_HVF,8M6HM2_HVF,08/25/2026 10:44:14 AM,8M6HM2_HVF,D1D,1,8571972
D619357,33,A2CM6033SLD4,0,0.024245,0.022513,0.001732,0.001732,0.005195,0,0.005195,0,0.003464,0,0,0,0,,D6193570,PNCB,08/25/2026 10:09:05 AM,FDM408,8M6HM2_HVF,8M6HM2_HVF,08/25/2026 10:43:08 AM,8M6HM2_HVF,D1D,2,8572004
D619316,330,MCQLN330WAG0,0,0.003464,0.051706,0.005443,0,0.005195,0,0,0,0,0,0,0,0.001732,0,D6193160,PNCB,08/26/2026 7:57:24 AM,FDM410,8M6HM2_HVF,8M6HM2_HVF,08/26/2026 8:25:14 AM,8M6HM2_HVF,D1D,1,8562413
D619316,339,MCQLN339WAA0,0,0.003464,0.029151,0,0,0,0,0.008659,0,0,0.003752,0,0,0,0,D6193160,PNCB,08/26/2026 7:57:24 AM,FDM410,8M6HM2_HVF,8M6HM2_HVF,08/26/2026 8:23:50 AM,8M6HM2_HVF,D1D,2,8562415
D619359,626,HP4KF626JKB2,0,0.012356,0.024712,0.005295,0.001765,0.015886,0,0,0,0.001765,0.001765,0,0.00353,0.00353,,D6193590,PNCB,08/28/2026 1:34:55 AM,FDM406,8M6HM2_HVF,8M6HM2_HVF,08/28/2026 1:59:45 AM,8M6HM2_HVF,D1D,1,8572171
D619359,627,HP4KF627JKF4,0,0.010591,0.021182,0.005295,0.001765,0.022947,0,0.005295,0,0.005295,0.00353,0,0.005295,0.010591,,D6193590,PNCB,08/28/2026 1:34:55 AM,FDM406,8M6HM2_HVF,8M6HM2_HVF,08/28/2026 1:58:07 AM,8M6HM2_HVF,D1D,2,8572228
D619298,190,KJFMK190WFD2,0,0.006927,0.006927,0.003464,0,0.003464,0,0,0,0.005195,0,0,0,0.001732,,D6192980,PNCB,08/26/2026 11:14:44 PM,FDM404,8M6HM2_HVF,8M6HM2_HVF,08/26/2026 11:55:45 PM,8M6HM2_HVF,D1D,1,8555653
D619298,191,KJFMK191WFA1,0,0.015586,0.017318,0,0,0.005195,0,0.005195,0,0.001732,0,0,0.006927,0.005195,,D6192980,PNCB,08/26/2026 11:14:44 PM,FDM404,8M6HM2_HVF,8M6HM2_HVF,08/26/2026 11:57:17 PM,8M6HM2_HVF,D1D,2,8555654
D619298,193,KJFMK193WFB2,0,0.006927,0.017318,0,0,0.003464,0,0.003464,0,0.008659,0,0,0.001732,0,,D6192980,PNCB,08/26/2026 11:14:44 PM,FDM404,8M6HM2_HVF,8M6HM2_HVF,08/26/2026 11:54:19 PM,8M6HM2_HVF,D1D,3,8555597
D619298,196,KJFMK196WFG5,0,0.006927,0.017318,0,0.001732,0.001732,0,0.005195,0,0.001732,0,0,0.006927,0.005195,,D6192980,PNCB,08/26/2026 11:14:44 PM,FDM404,8M6HM2_HVF,8M6HM2_HVF,08/26/2026 11:54:50 PM,8M6HM2_HVF,D1D,4,8555539
D619295,8,KJFTA008WFA1,0,0.043294,0.028863,0,0,0.013854,0,0,0,0.005773,0,0,0.003464,0.001732,0,D6192950,PNCB,08/26/2026 8:52:07 PM,FDM410,8M6HM2_HVF,8M6HM2_HVF,08/26/2026 9:50:59 PM,8M6HM2_HVF,D1D,1,8555683
D619295,12,KJFTA012WFB2,0,0.012122,0.020781,0.008659,0.001732,0.005195,0,0,0,0.001732,0,0,0.003464,0.008659,,D6192950,PNCB,08/26/2026 8:52:07 PM,FDM410,8M6HM2_HVF,8M6HM2_HVF,08/26/2026 9:49:50 PM,8M6HM2_HVF,D1D,2,8555631
D619332,25,KJFMH025WFA1,0,0.010391,0.013854,0.001732,0,0.006927,0,0.001732,0,0.006927,0.001732,0,0.001732,0,,D6193320,PNCB,08/26/2026 9:17:55 PM,FDM404,8M6HM2_HVF,8M6HM2_HVF,08/26/2026 9:56:26 PM,8M6HM2_HVF,D1D,1,8565472
D619332,33,KJFMH033WFD4,0,0.006927,0.015586,0,0,0.005195,0,0.003464,0,0.001732,0,0,0.001732,0,,D6193320,PNCB,08/26/2026 9:17:55 PM,FDM404,8M6HM2_HVF,8M6HM2_HVF,08/26/2026 9:55:06 PM,8M6HM2_HVF,D1D,2,8565474
D619332,45,KJFMH045WFB6,0,0.012122,0.013854,0,0,0.003464,0,0,0,0.010391,0,0,0.001732,0.010391,,D6193320,PNCB,08/26/2026 9:17:55 PM,FDM404,8M6HM2_HVF,8M6HM2_HVF,08/26/2026 9:53:59 PM,8M6HM2_HVF,D1D,3,8565305
D619332,54,KJFMH054WFC0,0,0.012122,0.017318,0.001732,0,0.003464,0,0.003464,0,0,0.003464,0,0.003464,0.003464,,D6193320,PNCB,08/26/2026 9:17:55 PM,FDM404,8M6HM2_HVF,8M6HM2_HVF,08/26/2026 9:52:39 PM,8M6HM2_HVF,D1D,4,8565344
D619353,1,A2EPZ001SLA3,0,0.017458,0.023589,0,0,0.011795,0,0.003932,0,0.007863,0.001966,0,0.003932,0.003932,0,D6193530,PNCB,08/26/2026 6:04:36 PM,FDM410,8M6HM2_HVF,8M6HM2_HVF,08/26/2026 6:30:07 PM,8M6HM2_HVF,D1D,1,8571597
D619353,2,A2EPZ002SLE5,0,0.025976,0.010391,0,0,0.015586,0,0.005195,0,0.003464,0,0,0.001732,0.001732,,D6193530,PNCB,08/26/2026 6:04:36 PM,FDM410,8M6HM2_HVF,8M6HM2_HVF,08/26/2026 6:31:16 PM,8M6HM2_HVF,D1D,2,8571645
D619299,697,5DXWZ697MVE0,0,0.005295,0.001765,0,0.001765,0.005295,0,0.001765,0,0.005295,0,0,0.00353,0.00353,,D6192990,PNCB,08/26/2026 10:49:09 PM,FDM406,8M6HM2_HVF,8M6HM2_HVF,08/26/2026 11:15:45 PM,8M6HM2_HVF,D1D,1,8555476
D619299,711,5DXWZ711MVA5,0,0.012356,0.015886,0.001765,0,0.00353,0,0,0,0.005295,0.001765,0,0.005295,0.00353,,D6192990,PNCB,08/26/2026 10:49:09 PM,FDM406,8M6HM2_HVF,8M6HM2_HVF,08/26/2026 11:17:34 PM,8M6HM2_HVF,D1D,2,8555563
D619319,672,MCR4E672WAA5,0,0.007061,0.012356,0,0,0.007061,0,0.001765,0,0.00353,0.001765,0,0.005295,0,,D6193190,PNCB,08/23/2026 2:14:15 PM,FDM406,8M6HM2_HVF,8M6HM2_HVF,08/23/2026 2:44:02 PM,8M6HM2_HVF,D1D,1,8562822
D619319,674,MCR4E674WAB6,0,0.007061,0.007061,0.001765,0,0.005295,0,0,0,0,0,0,0,0,,D6193190,PNCB,08/23/2026 2:14:15 PM,FDM406,8M6HM2_HVF,8M6HM2_HVF,08/23/2026 2:45:02 PM,8M6HM2_HVF,D1D,2,8562872
D619305,449,MCQJT449WAH2,0,0.005195,0.020781,0.001732,0.001732,0.001732,0,0.001732,0,0.003464,0.003464,0,0,0.003464,,D6193050,PNCB,08/24/2026 3:28:43 AM,FDM410,8M6HM2_HVF,8M6HM2_HVF,08/24/2026 3:52:26 AM,8M6HM2_HVF,D1D,1,8559397
D619305,450,MCQJT450WAD0,0,0.010391,0.020781,0,0,0.005195,0,0.001732,0,0.003464,0,0,0,0,,D6193050,PNCB,08/24/2026 3:28:43 AM,FDM410,8M6HM2_HVF,8M6HM2_HVF,08/24/2026 3:53:02 AM,8M6HM2_HVF,D1D,2,8559366
D619326,101,A2FQW101SLD2,0,0.00353,0.024712,0.001765,0,0.007061,0,0.001765,0,0.001765,0,0,0,0,,D6193260,PNCB,08/31/2026 4:41:03 AM,FDM406,8M6HM2_HVF,8M6HM2_HVF,08/31/2026 5:04:02 AM,8M6HM2_HVF,D1D,1,8562944
D619326,103,A2FQW103SLE3,0,0.015886,0.072371,0,0,0.001765,0,0.00353,0,0.001765,0.001765,0,0,0,,D6193260,PNCB,08/31/2026 4:41:03 AM,FDM406,8M6HM2_HVF,8M6HM2_HVF,08/31/2026 5:05:11 AM,8M6HM2_HVF,D1D,2,8562986
D619290,65,KJFMH065WFD3,0,0.003464,0.008659,0,0,0.005195,0,0,0,0,0,0,0.001732,0.005195,,D6192900,PNCB,08/30/2026 4:50:38 AM,FDM402,8M6HM2_HVF,8M6HM2_HVF,08/30/2026 5:26:59 AM,8M6HM2_HVF,D1D,1,8553306
D619290,70,KJFMH070WFB3,0,0.003464,0.022513,0,0,0,0,0,0,0.005195,0,0,0.005195,0.001732,,D6192900,PNCB,08/30/2026 4:50:38 AM,FDM402,8M6HM2_HVF,8M6HM2_HVF,08/30/2026 5:23:32 AM,8M6HM2_HVF,D1D,2,8553286
D619290,74,KJFMH074WFD5,0,0.010391,0.006927,0,0,0.005195,0,0,0,0,0.001732,0,0.010391,0.003464,,D6192900,PNCB,08/30/2026 4:50:38 AM,FDM402,8M6HM2_HVF,8M6HM2_HVF,08/30/2026 5:26:05 AM,8M6HM2_HVF,D1D,3,8553225
D619290,77,KJFMH077WFB5,0,0.003464,0.019049,0.001732,0.001732,0.001732,0,0.001732,0,0.003464,0.001732,0,0,0,,D6192900,PNCB,08/30/2026 4:50:38 AM,FDM402,8M6HM2_HVF,8M6HM2_HVF,08/30/2026 5:24:40 AM,8M6HM2_HVF,D1D,4,8553189
D620366,657,HP3JX657JKG1,0,0.015021,0.005007,0.003338,0,0.005007,0,0.003338,0,0,0,0,0,0,,D6203660,PR8B,08/31/2026 6:19:43 AM,FDM406,8M6HM2_HVF,8M6HM2_HVF,08/31/2026 6:47:11 AM,8M6HM2_HVF,D1D,1,8586083
D620366,677,HP3JX677JKA3,0,0.010681,0.025368,0,0.002837,0,0,0.005007,0,0.001669,0.004506,0,0,0.005007,0,D6203660,PR8B,08/31/2026 6:19:43 AM,FDM406,8M6HM2_HVF,8M6HM2_HVF,08/31/2026 6:46:43 AM,8M6HM2_HVF,D1D,2,8586090
D619324,8,A2GD3008SLF3,0,0.008826,0.030008,0.007061,0.007061,0.019417,0,0.005295,0,0.005295,0,0,0.005295,0.021182,,D6193240,PNCB,09/01/2026 8:06:03 AM,FDM402,8M6HM2_HVF,8M6HM2_HVF,09/01/2026 8:43:03 AM,8M6HM2_HVF,D1D,1,8562614
D619324,9,A2GKL009SLD1,0,0.015886,0.019417,0,0.001765,0.007061,0,0.001765,0,0.005295,0,0,0.00353,0.001765,,D6193240,PNCB,09/01/2026 8:06:03 AM,FDM402,8M6HM2_HVF,8M6HM2_HVF,09/01/2026 8:44:45 AM,8M6HM2_HVF,D1D,2,8562673
D619836,773,HP4KH773JKD4,0,0.007369,0.036027,0.001638,0.019651,0.009007,0,0.00655,0,0.003275,0.009007,0,0,0.059772,0,D6198360,PR8B,09/01/2026 8:05:12 AM,FDM410,8M6HM2_HVF,8M6HM2_HVF,09/01/2026 8:44:05 AM,8M6HM2_HVF,D1D,1,8574562
D619836,774,HP4KH774JKA3,0,0.018013,0.039302,0.001638,0,0.001638,0,0.013101,0,0,0.001638,0,0,0,,D6198360,PR8B,09/01/2026 8:05:12 AM,FDM410,8M6HM2_HVF,8M6HM2_HVF,09/01/2026 8:48:30 AM,8M6HM2_HVF,D1D,2,8574682
D619836,775,HP4KH775JKE5,0,0.011136,0.010153,0,0.001965,0.008188,0,0.00655,0,0.00524,0,0,0,0.007533,0,D6198360,PR8B,09/01/2026 8:05:12 AM,FDM410,8M6HM2_HVF,8M6HM2_HVF,09/01/2026 8:48:12 AM,8M6HM2_HVF,D1D,3,8574746
D619836,776,HP4KH776JKB4,0,0.013101,0.022926,0,0,0.011463,0,0.004913,0,0,0,0,0.001638,0.001638,,D6198360,PR8B,09/01/2026 8:05:12 AM,FDM410,8M6HM2_HVF,8M6HM2_HVF,09/01/2026 8:45:49 AM,8M6HM2_HVF,D1D,4,8574763
D619347,192,5DXWP192MVF4,0,0.010391,0.020781,0.003464,0.001732,0.001732,0,0.003464,0,0,0.019049,0,0.001732,0.003464,0,D6193470,PNCB,08/31/2026 10:18:50 AM,FDM410,8M6HM2_HVF,8M6HM2_HVF,08/31/2026 10:47:13 AM,8M6HM2_HVF,D1D,1,8568142
D619347,211,5DXWP211MVB2,0,0.012122,0.015586,0,0.001732,0.005195,0,0.003464,0,0.010391,0,0,0.006927,0.003464,,D6193470,PNCB,08/31/2026 10:18:50 AM,FDM410,8M6HM2_HVF,8M6HM2_HVF,08/31/2026 10:48:39 AM,8M6HM2_HVF,D1D,2,8568165
D619902,48,HP1SJ048JKH0,0,0.038647,0.022926,0.012446,0,0.012446,0,0.005895,0,0.016376,0.001638,0.001638,0.015721,0,0,D6199020,PR8B,09/02/2026 10:31:17 AM,FDM410,8M6HM2_HVF,8M6HM2_HVF,09/02/2026 11:02:04 AM,8M6HM2_HVF,D1D,1,8572450
D619902,75,HP1SJ075JKA3,0,0.036846,0.011463,0.001638,0,0.006387,0,0.006387,0,0.020797,0.004913,0,0.001638,0.001638,0,D6199020,PR8B,09/02/2026 10:31:17 AM,FDM410,8M6HM2_HVF,8M6HM2_HVF,09/02/2026 11:03:16 AM,8M6HM2_HVF,D1D,2,8572446
D619361,690,MCQJW690WAF5,0,0.009962,0.035641,0.003542,0.005313,0.010626,0,0.00642,0,0.008855,0.001771,0,0.001771,0.038298,0,D6193610,PXMG,09/09/2026 1:46:42 PM,FDM406,8M6HM2_HVF,8M6HM2_HVF,09/09/2026 2:14:57 PM,8M6HM2_HVF,D1D,1,8547771
D619361,716,MCQJW716WAB5,0,0.014955,0.020268,0.003542,0.001771,0,0,0.003542,0,0,0.001968,0,0,0,0,D6193610,PXMG,09/09/2026 1:46:42 PM,FDM406,8M6HM2_HVF,8M6HM2_HVF,09/09/2026 2:13:14 PM,8M6HM2_HVF,D1D,2,8547761
D619327,76,A2FEP076SLD4,0,0.006708,0.033185,0,0,0.005295,0,0.001765,0,0,0.004236,0,0,0,0,D6193270,PNCB,09/12/2026 9:21:33 PM,FDM406,8M6HM2_HVF,8M6HM2_HVF,09/12/2026 9:53:58 PM,8M6HM2_HVF,D1D,1,8562971
D619327,77,A2FEP077SLA3,0,0.014121,0.007061,0,0,0,0,0,0,0,0,0,0,0.005295,,D6193270,PNCB,09/12/2026 9:21:33 PM,FDM406,8M6HM2_HVF,8M6HM2_HVF,09/12/2026 9:54:58 PM,8M6HM2_HVF,D1D,2,8562978
D619291,218,KJFMK218WFA3,0,0.013141,0.023535,0.001765,0.001765,0.001765,0,0,0,0.007453,0.00353,0,0.001765,0.008826,0,D6192910,PNCB,09/12/2026 4:02:33 AM,FDM410,8M6HM2_HVF,8M6HM2_HVF,09/12/2026 4:31:59 AM,8M6HM2_HVF,D1D,1,8553416
D619291,244,KJFMK244WFE2,0,0.04583,0.075645,0.002407,0,0.014442,0,0.009628,0,0.002407,0.009628,0,0,0.002407,0,D6192910,PNCB,09/12/2026 4:02:33 AM,FDM410,8M6HM2_HVF,8M6HM2_HVF,09/12/2026 4:33:31 AM,8M6HM2_HVF,D1D,2,8553356
D619351,605,5DXXE605MVB6,0,0.008826,0.00353,0,0,0,0,0.007061,0,0.00353,0,0,0.001765,0,,D6193510,PNCB,09/08/2026 3:35:49 AM,FDM406,8M6HM2_HVF,8M6HM2_HVF,09/08/2026 3:58:57 AM,8M6HM2_HVF,D1D,1,8568798
D619351,615,5DXXE615MVG2,0,0,0.015886,0.001765,0,0,0,0.001765,0,0.001765,0.001765,0,0,0,,D6193510,PNCB,09/08/2026 3:35:49 AM,FDM406,8M6HM2_HVF,8M6HM2_HVF,09/08/2026 3:57:39 AM,8M6HM2_HVF,D1D,2,8568862
D619838,701,HP4KF701JKH0,0,0.038386,0.025035,0.006676,0,0.010014,0,0,0,0.014186,0.004172,0,0.003338,0.011683,0,D6198380,PR8B,09/11/2026 4:46:56 AM,FDM402,8M6HM2_HVF,8M6HM2_HVF,09/11/2026 5:23:03 AM,8M6HM2_HVF,D1D,1,8574479
D619838,704,HP4KF704JKF0,0,0.008345,0.01669,0.001669,0,0.001669,0,0.001669,0,0.005007,0.001669,0,0,0.003338,,D6198380,PR8B,09/11/2026 4:46:56 AM,FDM402,8M6HM2_HVF,8M6HM2_HVF,09/11/2026 5:25:03 AM,8M6HM2_HVF,D1D,2,8574540
D619322,532,HM9EB532JKA7,0,0.01165,0.028949,0,0.00353,0.001765,0,0.00353,0,0.001765,0,0,0,0,0,D6193220,PNCB,09/10/2026 6:59:53 PM,FDM406,8M6HM2_HVF,8M6HM2_HVF,09/10/2026 7:30:30 PM,8M6HM2_HVF,D1D,1,8562462
D619322,533,HM9EB533JKF1,0,0.008826,0.015886,0,0,0.001765,0,0.001765,0,0.005295,0,0,0,0.001765,,D6193220,PNCB,09/10/2026 6:59:53 PM,FDM406,8M6HM2_HVF,8M6HM2_HVF,09/10/2026 7:31:44 PM,8M6HM2_HVF,D1D,2,8562318
D619342,57,A2FN6057SLB2,0,0.008826,0.030008,0,0,0,0,0,0,0.001765,0.005295,0.001765,0.010591,0.00353,,D6193420,PNCB,09/06/2026 6:13:09 AM,FDM402,8M6HM2_HVF,8M6HM2_HVF,09/06/2026 6:44:39 AM,8M6HM2_HVF,D1D,1,8568543
D619342,62,A2FN6062SLG5,0,0.0116,0.032277,0.001765,0,0.00353,0,0.002774,0,0.001765,0.002774,0,0.001765,0,0,D6193420,PNCB,09/06/2026 6:13:09 AM,FDM402,8M6HM2_HVF,8M6HM2_HVF,09/06/2026 6:43:27 AM,8M6HM2_HVF,D1D,2,8568517
D619355,63,A2EGD063SLA5,0,0.005295,0.017652,0,0.001765,0.017652,0,0.001765,0,0.00353,0.001765,0,0.001765,0.005295,,D6193550,PNCB,09/13/2026 11:05:25 PM,FDM406,8M6HM2_HVF,8M6HM2_HVF,09/13/2026 11:28:55 PM,8M6HM2_HVF,D1D,1,8571983
D619355,67,A2EGD067SLC7,0,0.028243,0.031773,0.005295,0,0.044129,0,0.001765,0,0.007061,0.001765,0,0,0.001765,,D6193550,PNCB,09/13/2026 11:05:25 PM,FDM406,8M6HM2_HVF,8M6HM2_HVF,09/13/2026 11:30:15 PM,8M6HM2_HVF,D1D,2,8571888
