LOT,WAFER,WAFER_ID,DEFECT@WAFER@CLASS_NCDD@BEEP,DEFECT@WAFER@CLASS_NCDD@BLOCKED_TRENCH,DEFECT@WAFER@CLASS_NCDD@DOME,DEFECT@WAFER@CLASS_NCDD@FALLEN_LINES,DEFECT@WAFER@CLASS_NCDD@ILD_HOLE_TEAROUT,DEFECT@WAFER@CLASS_NCDD@LARGE_PARTICLE,DEFECT@WAFER@CLASS_NCDD@MINI,DEFECT@WAFER@CLASS_NCDD@NVD_FALSE,DEFECT@WAFER@CLASS_NCDD@OTHER_UNKNOWN,DEFECT@WAFER@CLASS_NCDD@PATTERN,DEFECT@WAFER@CLASS_NCDD@RESIDUE,DEFECT@WAFER@CLASS_NCDD@ROUNDMOUND_BEEP,DEFECT@WAFER@CLASS_NCDD@SCRATCH,DEFECT@WAFER@CLASS_NCDD@SIZE_SMALL,DEFECT@WAFER@CLASS_NCDD@SMALL_PARTICLE,DEFECT@WAFER@CLASS_NCDD@UNCLASSIFIED,ACTUAL_LOT@DEFECT,DEVICE@DEFECT,INSPECTION_TIME@DEFECT,INSPECTION_TOOL@DEFECT,LAYER,LAYER@DEFECT,LOAD_DATE@DEFECT,RECIPE@DEFECT,SITE@DEFECT,WAFER_ID_ORDER@DEFECT,WAFER_KEY@DEFECT,DEFECT@WAFER@CLASS_EDI@BEEP,DEFECT@WAFER@CLASS_EDI@BLOCKED_TRENCH,DEFECT@WAFER@CLASS_EDI@DOME,DEFECT@WAFER@CLASS_EDI@FALLEN_LINES,DEFECT@WAFER@CLASS_EDI@ILD_HOLE_TEAROUT,DEFECT@WAFER@CLASS_EDI@LARGE_PARTICLE,DEFECT@WAFER@CLASS_EDI@MINI,DEFECT@WAFER@CLASS_EDI@NVD_FALSE,DEFECT@WAFER@CLASS_EDI@OTHER_UNKNOWN,DEFECT@WAFER@CLASS_EDI@PATTERN,DEFECT@WAFER@CLASS_EDI@RESIDUE,DEFECT@WAFER@CLASS_EDI@ROUNDMOUND_BEEP,DEFECT@WAFER@CLASS_EDI@SCRATCH,DEFECT@WAFER@CLASS_EDI@SIZE_SMALL,DEFECT@WAFER@CLASS_EDI@SMALL_PARTICLE,DEFECT@WAFER@CLASS_EDI@WAFER_TOTAL,ENTITY@NTSC@AME@E_8M6_HM_ETCH,SLOT@NTSC@AME@E_8M6_HM_ETCH,OPERATION_NUMBER@NTSC@AME@E_8M6_HM_ETCH,SUBENTITY@NTSC@Process-1@AME@E_8M6_HM_ETCH,RECIPE@NTSC@Process-1@AME@E_8M6_HM_ETCH,END_TIME@CHAMBER@NTSC@Process-1@AME@E_8M6_HM_ETCH,PROCESS_ORDER@NTSC@Process-1@AME@E_8M6_HM_ETCH,AbatementWaferCounter@ENTITY_ATTRIBUTES@AME@E_8M6_HM_ETCH,CalcPartialMfgAvailability@ENTITY_ATTRIBUTES@AME@E_8M6_HM_ETCH,DCS2slot01Counter@ENTITY_ATTRIBUTES@AME@E_8M6_HM_ETCH,DCS2slot02Counter@ENTITY_ATTRIBUTES@AME@E_8M6_HM_ETCH,DCS2slot03Counter@ENTITY_ATTRIBUTES@AME@E_8M6_HM_ETCH,DCS2slot04Counter@ENTITY_ATTRIBUTES@AME@E_8M6_HM_ETCH,DCS2slot05Counter@ENTITY_ATTRIBUTES@AME@E_8M6_HM_ETCH,DCS2slot06Counter@ENTITY_ATTRIBUTES@AME@E_8M6_HM_ETCH,DCS2slot07Counter@ENTITY_ATTRIBUTES@AME@E_8M6_HM_ETCH,DCS2slot08Counter@ENTITY_ATTRIBUTES@AME@E_8M6_HM_ETCH,DCS2slot09Counter@ENTITY_ATTRIBUTES@AME@E_8M6_HM_ETCH,DCS2slot10Counter@ENTITY_ATTRIBUTES@AME@E_8M6_HM_ETCH,DCS2slot11Counter@ENTITY_ATTRIBUTES@AME@E_8M6_HM_ETCH,DCS2slot12Counter@ENTITY_ATTRIBUTES@AME@E_8M6_HM_ETCH,DCS2slot13Counter@ENTITY_ATTRIBUTES@AME@E_8M6_HM_ETCH,DCS2slot14Counter@ENTITY_ATTRIBUTES@AME@E_8M6_HM_ETCH,DCS2slot15Counter@ENTITY_ATTRIBUTES@AME@E_8M6_HM_ETCH,DCS2slot16Counter@ENTITY_ATTRIBUTES@AME@E_8M6_HM_ETCH,DCS2slot17Counter@ENTITY_ATTRIBUTES@AME@E_8M6_HM_ETCH,DCS2slot18Counter@ENTITY_ATTRIBUTES@AME@E_8M6_HM_ETCH,DCS2slot19Counter@ENTITY_ATTRIBUTES@AME@E_8M6_HM_ETCH,DCS2slot20Counter@ENTITY_ATTRIBUTES@AME@E_8M6_HM_ETCH,DCS2slot21Counter@ENTITY_ATTRIBUTES@AME@E_8M6_HM_ETCH,DCS2slot22Counter@ENTITY_ATTRIBUTES@AME@E_8M6_HM_ETCH,DCS2slot23Counter@ENTITY_ATTRIBUTES@AME@E_8M6_HM_ETCH,DCS2slot24Counter@ENTITY_ATTRIBUTES@AME@E_8M6_HM_ETCH,DCS2slot25Counter@ENTITY_ATTRIBUTES@AME@E_8M6_HM_ETCH,FDCAbortSinceLastLoggedDown@ENTITY_ATTRIBUTES@AME@E_8M6_HM_ETCH,FDCWarningSinceLastLoggedDown@ENTITY_ATTRIBUTES@AME@E_8M6_HM_ETCH,FIBladeWaferCounter@ENTITY_ATTRIBUTES@AME@E_8M6_HM_ETCH,FIWaferCounter@ENTITY_ATTRIBUTES@AME@E_8M6_HM_ETCH,LLWaferCounter@ENTITY_ATTRIBUTES@AME@E_8M6_HM_ETCH,MFBladeWaferCounter@ENTITY_ATTRIBUTES@AME@E_8M6_HM_ETCH,MFWaferCounter@ENTITY_ATTRIBUTES@AME@E_8M6_HM_ETCH,OOCCountSinceLastDown@ENTITY_ATTRIBUTES@AME@E_8M6_HM_ETCH,TU1WaferCounter@ENTITY_ATTRIBUTES@AME@E_8M6_HM_ETCH,TU2WaferCounter@ENTITY_ATTRIBUTES@AME@E_8M6_HM_ETCH,TU3WaferCounter@ENTITY_ATTRIBUTES@AME@E_8M6_HM_ETCH,AMEBEBIAS1CHMDESCUMENGERPM@SUBENTITY_ATTRIBUTES@Process-1@AME@E_8M6_HM_ETCH,AMEBEBIAS1CHMENGERPM@SUBENTITY_ATTRIBUTES@Process-1@AME@E_8M6_HM_ETCH,AMEBEBIAS1TINENGERPM@SUBENTITY_ATTRIBUTES@Process-1@AME@E_8M6_HM_ETCH,AMEBEBIAS2TINENGERPM@SUBENTITY_ATTRIBUTES@Process-1@AME@E_8M6_HM_ETCH,AMEBEUBEMIMICENGERPM@SUBENTITY_ATTRIBUTES@Process-1@AME@E_8M6_HM_ETCH,AMEBEmidlifeSSPM@SUBENTITY_ATTRIBUTES@Process-1@AME@E_8M6_HM_ETCH,AMEBEmidlifeSiOSSPM@SUBENTITY_ATTRIBUTES@Process-1@AME@E_8M6_HM_ETCH,AutoDCS2Counter@SUBENTITY_ATTRIBUTES@Process-1@AME@E_8M6_HM_ETCH,AutomonAdhocER0@SUBENTITY_ATTRIBUTES@Process-1@AME@E_8M6_HM_ETCH,AutomonAdhocER1@SUBENTITY_ATTRIBUTES@Process-1@AME@E_8M6_HM_ETCH,AutomonAdhocER5@SUBENTITY_ATTRIBUTES@Process-1@AME@E_8M6_HM_ETCH,AutomonAdhocSS0@SUBENTITY_ATTRIBUTES@Process-1@AME@E_8M6_HM_ETCH,AutomonAdhocSS1@SUBENTITY_ATTRIBUTES@Process-1@AME@E_8M6_HM_ETCH,AutomonAdhocSS7@SUBENTITY_ATTRIBUTES@Process-1@AME@E_8M6_HM_ETCH,Bias1ERCounter@SUBENTITY_ATTRIBUTES@Process-1@AME@E_8M6_HM_ETCH,Bias2ERCounter@SUBENTITY_ATTRIBUTES@Process-1@AME@E_8M6_HM_ETCH,BiasMatchRFHourCounter@SUBENTITY_ATTRIBUTES@Process-1@AME@E_8M6_HM_ETCH,BiasMatchWaferCounter@SUBENTITY_ATTRIBUTES@Process-1@AME@E_8M6_HM_ETCH,CCMWaferCounter@SUBENTITY_ATTRIBUTES@Process-1@AME@E_8M6_HM_ETCH,CathodeESCORingWaferCounter@SUBENTITY_ATTRIBUTES@Process-1@AME@E_8M6_HM_ETCH,ChillerWaferCounter@SUBENTITY_ATTRIBUTES@Process-1@AME@E_8M6_HM_ETCH,Clean1WaferCounter@SUBENTITY_ATTRIBUTES@Process-1@AME@E_8M6_HM_ETCH,Clean2RFhourCounter@SUBENTITY_ATTRIBUTES@Process-1@AME@E_8M6_HM_ETCH,Clean2WaferCounter@SUBENTITY_ATTRIBUTES@Process-1@AME@E_8M6_HM_ETCH,Clean3RFhourCounter@SUBENTITY_ATTRIBUTES@Process-1@AME@E_8M6_HM_ETCH,Clean3WaferCounter@SUBENTITY_ATTRIBUTES@Process-1@AME@E_8M6_HM_ETCH,Clean4RFhourCounter@SUBENTITY_ATTRIBUTES@Process-1@AME@E_8M6_HM_ETCH,Clean4WaferCounter@SUBENTITY_ATTRIBUTES@Process-1@AME@E_8M6_HM_ETCH,DPWaferCounter@SUBENTITY_ATTRIBUTES@Process-1@AME@E_8M6_HM_ETCH,ESCLifetimeRFHours@SUBENTITY_ATTRIBUTES@Process-1@AME@E_8M6_HM_ETCH,ESCRebuildWaferCounter@SUBENTITY_ATTRIBUTES@Process-1@AME@E_8M6_HM_ETCH,FDCAbortSinceLastLoggedDown@SUBENTITY_ATTRIBUTES@Process-1@AME@E_8M6_HM_ETCH,FDCWarningSinceLastLoggedDown@SUBENTITY_ATTRIBUTES@Process-1@AME@E_8M6_HM_ETCH,ForelineWaferCounter@SUBENTITY_ATTRIBUTES@Process-1@AME@E_8M6_HM_ETCH,FullPMCounter@SUBENTITY_ATTRIBUTES@Process-1@AME@E_8M6_HM_ETCH,FullPMRFCounter@SUBENTITY_ATTRIBUTES@Process-1@AME@E_8M6_HM_ETCH,GasLineRFHourCounter@SUBENTITY_ATTRIBUTES@Process-1@AME@E_8M6_HM_ETCH,GasLineWaferCounter@SUBENTITY_ATTRIBUTES@Process-1@AME@E_8M6_HM_ETCH,Gen1Counter@SUBENTITY_ATTRIBUTES@Process-1@AME@E_8M6_HM_ETCH,Gen1RFCounter@SUBENTITY_ATTRIBUTES@Process-1@AME@E_8M6_HM_ETCH,Gen2Counter@SUBENTITY_ATTRIBUTES@Process-1@AME@E_8M6_HM_ETCH,Gen2RFCounter@SUBENTITY_ATTRIBUTES@Process-1@AME@E_8M6_HM_ETCH,LidHPOringRFHourCounter@SUBENTITY_ATTRIBUTES@Process-1@AME@E_8M6_HM_ETCH,LidHPOringWaferCounter@SUBENTITY_ATTRIBUTES@Process-1@AME@E_8M6_HM_ETCH,MiniPMCounter@SUBENTITY_ATTRIBUTES@Process-1@AME@E_8M6_HM_ETCH,MiniPMRFCounter@SUBENTITY_ATTRIBUTES@Process-1@AME@E_8M6_HM_ETCH,OOCCountSinceLastDown@SUBENTITY_ATTRIBUTES@Process-1@AME@E_8M6_HM_ETCH,SFVCleanRFHours@SUBENTITY_ATTRIBUTES@Process-1@AME@E_8M6_HM_ETCH,SFVPoppetOringRFHouCounter@SUBENTITY_ATTRIBUTES@Process-1@AME@E_8M6_HM_ETCH,SFVPoppetOringWaferCounter@SUBENTITY_ATTRIBUTES@Process-1@AME@E_8M6_HM_ETCH,SFVWaferCounter@SUBENTITY_ATTRIBUTES@Process-1@AME@E_8M6_HM_ETCH,SLDBellowsWaferCounter@SUBENTITY_ATTRIBUTES@Process-1@AME@E_8M6_HM_ETCH,SSCounter@SUBENTITY_ATTRIBUTES@Process-1@AME@E_8M6_HM_ETCH,SingleRingRFCounter@SUBENTITY_ATTRIBUTES@Process-1@AME@E_8M6_HM_ETCH,SingleRingWaferCounter@SUBENTITY_ATTRIBUTES@Process-1@AME@E_8M6_HM_ETCH,SlitValveRFHours@SUBENTITY_ATTRIBUTES@Process-1@AME@E_8M6_HM_ETCH,SourceGenRFHourCounter@SUBENTITY_ATTRIBUTES@Process-1@AME@E_8M6_HM_ETCH,SourceGenWaferCounter@SUBENTITY_ATTRIBUTES@Process-1@AME@E_8M6_HM_ETCH,SourceMatchRFHourCounter@SUBENTITY_ATTRIBUTES@Process-1@AME@E_8M6_HM_ETCH,SourceMatchWaferCounter@SUBENTITY_ATTRIBUTES@Process-1@AME@E_8M6_HM_ETCH,StartupCounter@SUBENTITY_ATTRIBUTES@Process-1@AME@E_8M6_HM_ETCH,StartupRFCounter@SUBENTITY_ATTRIBUTES@Process-1@AME@E_8M6_HM_ETCH,StickyWaferCounter@SUBENTITY_ATTRIBUTES@Process-1@AME@E_8M6_HM_ETCH,TMPRFHourCounter@SUBENTITY_ATTRIBUTES@Process-1@AME@E_8M6_HM_ETCH,TMPWaferCounter@SUBENTITY_ATTRIBUTES@Process-1@AME@E_8M6_HM_ETCH,LAST_TXN_TIME@ENTITY@NTSC@AME@E_8M6_HM_ETCH,PROCESS_TIME@BATCH_SUBENTITY_UTILIZATION@12HOURS@Process-1@AME@E_8M6_HM_ETCH,N_WAFERS@BATCH_SUBENTITY_UTILIZATION@12HOURS@Process-1@AME@E_8M6_HM_ETCH,PERCENT_UTILIZATION@BATCH_SUBENTITY_UTILIZATION@12HOURS@Process-1@AME@E_8M6_HM_ETCH,TIME@UTILIZATION@Process-1@AME@E_8M6_HM_ETCH,PRIOR_OPERATION@N_BATCHES_BACK=1@Process-1@AME@E_8M6_HM_ETCH,PRIOR_LOT_RECIPE@N_BATCHES_BACK=1@Process-1@AME@E_8M6_HM_ETCH,PRIOR_TIME_BETWEEN@N_BATCHES_BACK=1@Process-1@AME@E_8M6_HM_ETCH,TIME@PRIOR_LOT@Process-1@AME@E_8M6_HM_ETCH,ENTITY@NTSC@ETCHER@E_8M6_HM_ETCH,SLOT@NTSC@ETCHER@E_8M6_HM_ETCH,OPERATION_NUMBER@NTSC@ETCHER@E_8M6_HM_ETCH,SUBENTITY@NTSC@Process-1@ETCHER@E_8M6_HM_ETCH,RECIPE@NTSC@Process-1@ETCHER@E_8M6_HM_ETCH,END_TIME@CHAMBER@NTSC@Process-1@ETCHER@E_8M6_HM_ETCH,PROCESS_ORDER@NTSC@Process-1@ETCHER@E_8M6_HM_ETCH,PROCESS_TIME@BATCH_SUBENTITY_UTILIZATION@12HOURS@Process-1@ETCHER@E_8M6_HM_ETCH,N_WAFERS@BATCH_SUBENTITY_UTILIZATION@12HOURS@Process-1@ETCHER@E_8M6_HM_ETCH,PERCENT_UTILIZATION@BATCH_SUBENTITY_UTILIZATION@12HOURS@Process-1@ETCHER@E_8M6_HM_ETCH,TIME@UTILIZATION@Process-1@ETCHER@E_8M6_HM_ETCH,PRODUCT@STARTS,ROUTE@STARTS,ENTITY@NTSC@STEPPER@L_8M6_SED,RETICLE@NTSC@STEPPER@L_8M6_SED,OUT_DATE@SIFDATA@L_8M6_SED,INSTRUCTION_FLAG@SIFDATA@L_8M6_SED,SIF_FLAG@SIFDATA@L_8M6_SED,SIF_DATA_FLAG@SIFDATA@L_8M6_SED,COMMENT_FLAG@SIFDATA@L_8M6_SED,EXEC_FLAG@SIFDATA@L_8M6_SED,SPLIT_FLAG@SIFDATA@L_8M6_SED,MERGE_FLAG@SIFDATA@L_8M6_SED,SIFNAME@SIFDATA@L_8M6_SED,SIF_DESCRIPTION@SIFDATA@L_8M6_SED,SIF_REQUESTOR@SIFDATA@L_8M6_SED,SIF_REQUESTORDATE@SIFDATA@L_8M6_SED,SIF_REQUESTORINSTRUCTIONS@SIFDATA@L_8M6_SED,SIF_APPROVER@SIFDATA@L_8M6_SED,SIF_APPROVERDATE@SIFDATA@L_8M6_SED,SIF_APPROVERCOMMENT@SIFDATA@L_8M6_SED,SIF_RNUUSER@SIFDATA@L_8M6_SED,SIF_RNUTIMESTAMP@SIFDATA@L_8M6_SED,SIF_SIGNOUTUSER@SIFDATA@L_8M6_SED,SIF_SIGNOUTTIMESTAMP@SIFDATA@L_8M6_SED,SIF_MODULEINSTRUCTIONS@SIFDATA@L_8M6_SED,SIF_RECIPEFIELDVALUES@SIFDATA@L_8M6_SED,OUT_DATE@SIFDATA@E_8M6_HM_ETCH,INSTRUCTION_FLAG@SIFDATA@E_8M6_HM_ETCH,SIF_FLAG@SIFDATA@E_8M6_HM_ETCH,SIF_DATA_FLAG@SIFDATA@E_8M6_HM_ETCH,COMMENT_FLAG@SIFDATA@E_8M6_HM_ETCH,EXEC_FLAG@SIFDATA@E_8M6_HM_ETCH,SPLIT_FLAG@SIFDATA@E_8M6_HM_ETCH,MERGE_FLAG@SIFDATA@E_8M6_HM_ETCH,SIFNAME@SIFDATA@E_8M6_HM_ETCH,SIF_DESCRIPTION@SIFDATA@E_8M6_HM_ETCH,SIF_REQUESTOR@SIFDATA@E_8M6_HM_ETCH,SIF_REQUESTORDATE@SIFDATA@E_8M6_HM_ETCH,SIF_REQUESTORINSTRUCTIONS@SIFDATA@E_8M6_HM_ETCH,SIF_APPROVER@SIFDATA@E_8M6_HM_ETCH,SIF_APPROVERDATE@SIFDATA@E_8M6_HM_ETCH,SIF_APPROVERCOMMENT@SIFDATA@E_8M6_HM_ETCH,SIF_RNUUSER@SIFDATA@E_8M6_HM_ETCH,SIF_RNUTIMESTAMP@SIFDATA@E_8M6_HM_ETCH,SIF_SIGNOUTUSER@SIFDATA@E_8M6_HM_ETCH,SIF_SIGNOUTTIMESTAMP@SIFDATA@E_8M6_HM_ETCH,SIF_RECIPEFIELDVALUES@SIFDATA@E_8M6_HM_ETCH,OUT_DATE@SIFDATA@174824,INSTRUCTION_FLAG@SIFDATA@174824,SIF_FLAG@SIFDATA@174824,SIF_DATA_FLAG@SIFDATA@174824,COMMENT_FLAG@SIFDATA@174824,EXEC_FLAG@SIFDATA@174824,SPLIT_FLAG@SIFDATA@174824,MERGE_FLAG@SIFDATA@174824,SIFNAME@SIFDATA@174824,SIF_DESCRIPTION@SIFDATA@174824,SIF_REQUESTOR@SIFDATA@174824,SIF_REQUESTORDATE@SIFDATA@174824,SIF_REQUESTORINSTRUCTIONS@SIFDATA@174824,SIF_APPROVER@SIFDATA@174824,SIF_APPROVERDATE@SIFDATA@174824,SIF_APPROVERCOMMENT@SIFDATA@174824,SIF_RNUUSER@SIFDATA@174824,SIF_RNUTIMESTAMP@SIFDATA@174824,SIF_SIGNOUTUSER@SIFDATA@174824,SIF_SIGNOUTTIMESTAMP@SIFDATA@174824,SIF_RECIPEFIELDVALUES@SIFDATA@174824
D624343,2,KJG0M002WFF6,0.003584,0,0.007167,0,0.010751,0,0,0.043003,0,0,0,0.007167,0.003584,0,0,,D6243430,PNCB,09/12/2026 6:17:31 AM,BPD458,8M6CL,8M6CL,09/13/2026 8:50:08 AM,8M6CL,D1D,1,8759626,,,,,,,,,,,,,,,,,AME417,16,256528,AME417_PM2,P_78_ROADRUNNER_R2,09/12/2026 5:06:12 AM,8,250930,1,2,2,2,2,2,2,2,1,1,1,1,1,1,1,1,1,1,1,1,1,1,1,1,1,1,,,294338,57358,57358,57358,57358,,294362,294362,294338,,,,,,1,,65,,,,,,,1737,1737,7646,50606,1737,50606,42759,50606,4387,74240,4387,74240,4387,74240,42759,7646,50606,,,50606,12199,564,5110,50606,121532,7646,121532,7646,564,50606,1753,81,,564,2584,50606,50606,50606,783,81,1753,5110,7646,121532,7646,50606,74240,4387,7759,7646,50606,09/12/2026 5:27:35 AM,6.114633,106.1328,50.95528,09/12/2026 5:06:12 AM,263067,P_78_GABON_B10_R4,0.735228,09/12/2026 5:06:12 AM,AME417,16,256528,AME417_PM2,P_78_ROADRUNNER_R2,09/12/2026 5:06:12 AM,8,6.114633,106.1328,50.95528,09/12/2026 5:06:12 AM,8PONCVBB,FL78.3FGTC_SNIP_B0204_E180046,SNY512,8PXSCBMT61NA4,,,,,,,,,,,,,,,,,,,,,,,,,,,,,,,,,,,,,,,,,,,,,,,,,,,,,,,,,,,,,,,,
D624343,35,KJG0M035WFC4,0,0,0.014437,0,0.003609,0,0,0.021655,0,0,0,0.007218,0.003609,0.021655,0,,D6243430,PNCB,09/12/2026 6:17:31 AM,BPD458,8M6CL,8M6CL,09/13/2026 8:50:20 AM,8M6CL,D1D,2,8759572,,,,,,,,,,,,,,,,,AME417,15,256528,AME417_PM1,P_78_ROADRUNNER_R2,09/12/2026 5:06:12 AM,8,250930,1,2,2,2,2,2,2,2,1,1,1,1,1,1,1,1,1,1,1,1,1,1,1,1,1,1,,,294338,57358,57358,57358,57358,,294362,294362,294338,,,,,,,,99,,,,,,,3273,3273,7969,50444,3273,50444,39775,50444,4390,74528,4390,74528,4390,74528,39775,7969,50444,,,50444,19648,948,2588,50444,129476,7969,129476,7969,948,50444,544,153,,948,948,50444,50444,50444,409,153,3303,2588,7969,129476,7969,50444,74528,4390,8384,7969,50444,09/12/2026 5:27:35 AM,5.801874,101.1328,48.34895,09/12/2026 5:06:12 AM,263067,P_78_GABON_B10_R4,0.670259,09/12/2026 5:06:12 AM,AME417,15,256528,AME417_PM1,P_78_ROADRUNNER_R2,09/12/2026 5:06:12 AM,8,5.801874,101.1328,48.34895,09/12/2026 5:06:12 AM,8PONCVBB,FL78.3FGTC_SNIP_B0204_E180046,SNY512,8PXSCBMT61NA4,,,,,,,,,,,,,,,,,,,,,,,,,,,,,,,,,,,,,,,,,,,,,,,,,,,,,,,,,,,,,,,,
D624337,33,A2KH1033SLB5,0,0,0.036092,0,0,0,0,0.187676,0,0,0,0.003609,0,0,0,,D6243370,PNCB,09/12/2026 12:00:10 PM,BPD448,8M6CL,8M6CL,09/13/2026 8:41:09 AM,8M6CL,D1D,1,8759604,,,,,,,,,,,,,,,,,AME417,16,256528,AME417_PM2,P_78_ROADRUNNER_R2,09/12/2026 10:34:42 AM,9,251232,1,2,2,2,2,2,2,2,2,2,2,2,1,1,1,1,1,1,1,1,1,1,1,1,1,1,,,294640,57660,57660,57660,57660,,294664,294664,294640,,,,,,1,,12,,,,,,,1789,1789,7649,50658,1789,50658,42811,50658,4389,74293,4389,74293,4389,74293,42811,7649,50658,,,50658,12252,567,5112,50658,121585,7649,121585,7649,567,50658,1806,83,,567,2587,50658,50658,50658,835,83,1806,5112,7649,121585,7649,50658,74293,4389,7811,7649,50658,09/12/2026 10:47:20 AM,6.335579,103,52.79649,09/12/2026 10:34:42 AM,216737,P_78_GOBI_R6,0.369821,09/12/2026 10:34:42 AM,AME417,16,256528,AME417_PM2,P_78_ROADRUNNER_R2,09/12/2026 10:34:42 AM,9,6.335579,103,52.79649,09/12/2026 10:34:42 AM,8PONCVBB,FL78.3FGTC_SNIP_B0204_E180046,SNY512,8PXSCBMT61NA4,,,,,,,,,,,,,,,,,,,,,,,,,,,,,,,,,,,,,,,,,,,,,,,,,,,,,,,,,,,,,,,,
D624337,35,A2KH1035SLC6,0,0,0.021655,0,0,0,0,0.187676,0,0,0,0.007218,0,0,0,,D6243370,PNCB,09/12/2026 12:00:10 PM,BPD448,8M6CL,8M6CL,09/13/2026 8:41:12 AM,8M6CL,D1D,2,8759479,,,,,,,,,,,,,,,,,AME417,19,256528,AME417_PM1,P_78_ROADRUNNER_R2,09/12/2026 10:05:37 AM,2,251232,1,2,2,2,2,2,2,2,2,2,2,2,1,1,1,1,1,1,1,1,1,1,1,1,1,1,,,294640,57660,57660,57660,57660,,294664,294664,294640,,,,,,,,38,,,,,,,3318,3318,7971,50489,3318,50489,39820,50489,4392,74574,4392,74574,4392,74574,39820,7971,50489,,,50489,19694,951,2590,50489,129522,7971,129522,7971,951,50489,590,155,,951,951,50489,50489,50489,454,155,3349,2590,7971,129522,7971,50489,74574,4392,8429,7971,50489,09/12/2026 10:47:20 AM,5.587661,88,46.56384,09/12/2026 10:05:37 AM,216737,P_78_GOBI_R6,0.102061,09/12/2026 10:05:37 AM,AME417,19,256528,AME417_PM1,P_78_ROADRUNNER_R2,09/12/2026 10:05:37 AM,2,5.587661,88,46.56384,09/12/2026 10:05:37 AM,8PONCVBB,FL78.3FGTC_SNIP_B0204_E180046,SNY512,8PXSCBMT61NA4,,,,,,,,,,,,,,,,,,,,,,,,,,,,,,,,,,,,,,,,,,,,,,,,,,,,,,,,,,,,,,,,
D616EL0,26,A29XK026SLE3,0,0,0.015819,0,0,0,0,0.316371,0,0,0,0.005273,0.005273,0,0.005273,,D616EL00,X78E,09/12/2026 6:10:44 PM,BPD450,8M6CL,8M6CL,09/13/2026 8:51:33 AM,8M6CL,D1D,1,8460366,,,,,,,,,,,,,,,,,AME417,9,256528,AME417_PM6,P_78_ROADRUNNER_R2,09/12/2026 4:58:17 PM,3,251613,1,2,2,2,2,2,2,2,2,2,2,2,2,2,1,1,1,1,1,1,1,1,1,1,1,1,,,295021,58041,58041,58041,58041,,295045,295045,295021,,,,,,1,,72,,,,,,,1094,1094,6441,53296,1094,53296,43862,53296,6441,107091,6441,107091,6441,107091,43862,6441,53296,,,53296,1104,56,4717,53296,107091,6441,107091,6441,56,53296,1104,56,,56,1461,53296,53296,53296,151,509,10367,6441,6441,107091,6441,53296,107091,6441,7849,6441,53296,09/12/2026 5:20:29 PM,7.08651,113.4345,59.05425,09/12/2026 4:58:17 PM,290587,P_78_ROADRUNNER_R4,0.312889,09/12/2026 4:58:17 PM,AME417,9,256528,AME417_PM6,P_78_ROADRUNNER_R2,09/12/2026 4:58:17 PM,3,7.08651,113.4345,59.05425,09/12/2026 4:58:17 PM,1X78EVAA,FL78.6UPJE_SNIP_DLP2470806-1_515,SNV440,1X78EASM6SNB1,,,,,,,,,,,,,,,,,,,,,,,,,,,,,,,,,,,,,,,,,,,,,,,,,,,,,,,,,,,,,,,,
D616EL0,28,A29XK028SLF4,0,0,0.010546,0,0,0,0,0.332189,0,0,0,0,0.005273,0,0,,D616EL00,X78E,09/12/2026 6:10:44 PM,BPD450,8M6CL,8M6CL,09/13/2026 8:51:27 AM,8M6CL,D1D,2,8460382,,,,,,,,,,,,,,,,,AME417,2,256528,AME417_PM6,P_78_ROADRUNNER_R2,09/12/2026 4:52:09 PM,1,251613,1,2,2,2,2,2,2,2,2,2,2,2,2,2,1,1,1,1,1,1,1,1,1,1,1,1,,,295021,58041,58041,58041,58041,,295045,295045,295021,,,,,,1,,72,,,,,,,1094,1094,6441,53296,1094,53296,43862,53296,6441,107091,6441,107091,6441,107091,43862,6441,53296,,,53296,1104,56,4717,53296,107091,6441,107091,6441,56,53296,1104,56,,56,1461,53296,53296,53296,151,509,10367,6441,6441,107091,6441,53296,107091,6441,7849,6441,53296,09/12/2026 5:20:29 PM,7.08651,113.4345,59.05425,09/12/2026 4:52:09 PM,290587,P_78_ROADRUNNER_R4,0.312889,09/12/2026 4:52:09 PM,AME417,2,256528,AME417_PM6,P_78_ROADRUNNER_R2,09/12/2026 4:52:09 PM,1,7.08651,113.4345,59.05425,09/12/2026 4:52:09 PM,1X78EVAA,FL78.6UPJE_SNIP_DLP2470806-1_515,SNV440,1X78EASM6SNB1,,,,,,,,,,,,,,,,,,,,,,,,,,,,,,,,,,,,,,,,,,,,,,,,,,,,,,,,,,,,,,,,
D617128,8,MCNFM008WAF1,0,0,0.006979,0,0.010468,0.003489,0,0.0977,0,0,0,0.027914,0.006979,0.052339,0.031404,,D6171280,PR8B,09/11/2026 2:42:49 PM,BPD436,8M6CL,8M6CL,09/13/2026 8:50:20 AM,8M6CL,D1D,1,8502405,,,,,,,,,,,,,,,,,AME401,1,256528,AME401_PM1,P_78_ROADRUNNER_R2,09/11/2026 1:22:30 PM,1,85307,0.666666,3,3,3,3,2,2,2,2,2,2,,,,,,,,,,,,,2,2,2,,,100984,100984,100984,100984,100984,,100984,100984,100984,,,,,,1,,22,,,,,,,5929,5927,12440,33036,8393,33036,28380,33036,12440,194235,12440,194235,12440,194235,28380,3217,33036,,,33036,28124,1340,10639,33036,194235,12440,179366,11130,1340,33036,8472,372,,1340,3964,33036,33036,33036,825,383,8586,3964,12440,194235,12440,33036,194235,12440,8240,12440,33036,09/11/2026 1:55:33 PM,6.952876,133.7632,57.94063,09/11/2026 1:22:30 PM,263067,P_78_GABON_B10_R4,0.232808,09/11/2026 1:22:30 PM,AME401,1,256528,AME401_PM1,P_78_ROADRUNNER_R2,09/11/2026 1:22:30 PM,1,6.952876,133.7632,57.94063,09/11/2026 1:22:30 PM,8PR8CVAB,FL78.6H0QE_SNIP_DLP2469494-1_0,SNY510,8PR8CBMT60NA2,,,,,,,,,,,,,,,,,,,,,,,,,,,,,,,,,,,,,,,,,,,,,,,,,,,,,,,,,,,,,,,,
D617128,45,MCPMT045WAA7,0,0,0.025977,0.003247,0,0,0.003247,0.256528,0,0,0,0.003247,0.016236,0,0,,D6171280,PR8B,09/11/2026 2:42:49 PM,BPD436,8M6CL,8M6CL,09/13/2026 8:50:30 AM,8M6CL,D1D,2,8502417,,,,,,,,,,,,,,,,,AME401,14,256528,AME401_PM2,P_78_ROADRUNNER_R2,09/11/2026 1:38:41 PM,6,85307,0.666666,3,3,3,3,2,2,2,2,2,2,,,,,,,,,,,,,2,2,2,,,100984,100984,100984,100984,100984,,100984,100984,100984,,,,,,1,1,71,,,,,,,5161,5161,11431,26364,5161,26364,24753,26364,11431,157813,11431,157813,11431,157813,24753,11431,26364,0,0,26364,24984,1206,1206,26364,157813,11431,157813,11431,1206,26364,5210,231,1,1206,5252,26364,26364,26364,386,231,5210,1206,11431,157813,11431,26364,157813,11431,8167,11431,26364,09/11/2026 1:55:33 PM,7.39377,142.7458,61.61475,09/11/2026 1:38:41 PM,263067,P_78_GABON_B10_R4,0.232816,09/11/2026 1:38:41 PM,AME401,14,256528,AME401_PM2,P_78_ROADRUNNER_R2,09/11/2026 1:38:41 PM,6,7.39377,142.7458,61.61475,09/11/2026 1:38:41 PM,8PR8CVAB,FL78.6H0QE_SNIP_DLP2469494-1_0,SNY510,8PR8CBMT60NA2,,,,,,,,,,,,,,,,,,,,,,,,,,,,,,,,,,,,,,,,,,,,,,,,,,,,,,,,,,,,,,,,
D617128,61,MCPMT061WAA2,0,0,0.012989,0,0,0,0,0.110404,0,0,0,0,0,0.003247,0,,D6171280,PR8B,09/11/2026 4:25:52 PM,BPD444,8M6CL,8M6CL,09/13/2026 8:41:46 AM,8M6CL,D1D,3,8502473,,,,,,,,,,,,,,,,,AME401,22,256528,AME401_PM2,P_78_ROADRUNNER_R2,09/11/2026 1:47:47 PM,9,85307,0.666666,3,3,3,3,2,2,2,2,2,2,,,,,,,,,,,,,2,2,2,,,100984,100984,100984,100984,100984,,100984,100984,100984,,,,,,1,1,71,,,,,,,5161,5161,11431,26364,5161,26364,24753,26364,11431,157813,11431,157813,11431,157813,24753,11431,26364,0,0,26364,24984,1206,1206,26364,157813,11431,157813,11431,1206,26364,5210,231,1,1206,5252,26364,26364,26364,386,231,5210,1206,11431,157813,11431,26364,157813,11431,8167,11431,26364,09/11/2026 1:55:33 PM,7.39377,142.7458,61.61475,09/11/2026 1:47:47 PM,263067,P_78_GABON_B10_R4,0.232816,09/11/2026 1:47:47 PM,AME401,22,256528,AME401_PM2,P_78_ROADRUNNER_R2,09/11/2026 1:47:47 PM,9,7.39377,142.7458,61.61475,09/11/2026 1:47:47 PM,8PR8CVAB,FL78.6H0QE_SNIP_DLP2469494-1_0,SNY510,8PR8CBMT60NA2,,,,,,,,,,,,,,,,,,,,,,,,,,,,,,,,,,,,,,,,,,,,,,,,,,,,,,,,,,,,,,,,
D617128,92,MCPMT092WAD2,0,0,0.020936,0.003489,0,0,0,0.15004,0,0,0,0.006979,0.003489,0.006979,0,,D6171280,PR8B,09/11/2026 4:25:52 PM,BPD444,8M6CL,8M6CL,09/13/2026 8:50:20 AM,8M6CL,D1D,4,8502510,,,,,,,,,,,,,,,,,AME401,9,256528,AME401_PM1,P_78_ROADRUNNER_R2,09/11/2026 1:32:38 PM,4,85307,0.666666,3,3,3,3,2,2,2,2,2,2,,,,,,,,,,,,,2,2,2,,,100984,100984,100984,100984,100984,,100984,100984,100984,,,,,,1,,22,,,,,,,5929,5927,12440,33036,8393,33036,28380,33036,12440,194235,12440,194235,12440,194235,28380,3217,33036,,,33036,28124,1340,10639,33036,194235,12440,179366,11130,1340,33036,8472,372,,1340,3964,33036,33036,33036,825,383,8586,3964,12440,194235,12440,33036,194235,12440,8240,12440,33036,09/11/2026 1:55:33 PM,6.952876,133.7632,57.94063,09/11/2026 1:32:38 PM,263067,P_78_GABON_B10_R4,0.232808,09/11/2026 1:32:38 PM,AME401,9,256528,AME401_PM1,P_78_ROADRUNNER_R2,09/11/2026 1:32:38 PM,4,6.952876,133.7632,57.94063,09/11/2026 1:32:38 PM,8PR8CVAB,FL78.6H0QE_SNIP_DLP2469494-1_0,SNY510,8PR8CBMT60NA2,,,,,,,,,,,,,,,,,,,,,,,,,,,,,,,,,,,,,,,,,,,,,,,,,,,,,,,,,,,,,,,,
D617128,233,MCPMT233WAA7,0.00341,0,0.056826,0,0.006657,0,0,0.104884,0,0,0,0.006494,0.006657,0.016398,0,0,D6171280,PR8B,09/11/2026 2:42:49 PM,BPD436,8M6CL,8M6CL,09/13/2026 8:46:05 AM,8M6CL,D1D,5,8502449,,,,,,,,,,,,,,,,,AME401,25,256528,AME401_PM2,P_78_ROADRUNNER_R2,09/11/2026 1:53:45 PM,11,85307,0.666666,3,3,3,3,2,2,2,2,2,2,,,,,,,,,,,,,2,2,2,,,100984,100984,100984,100984,100984,,100984,100984,100984,,,,,,1,1,71,,,,,,,5161,5161,11431,26364,5161,26364,24753,26364,11431,157813,11431,157813,11431,157813,24753,11431,26364,0,0,26364,24984,1206,1206,26364,157813,11431,157813,11431,1206,26364,5210,231,1,1206,5252,26364,26364,26364,386,231,5210,1206,11431,157813,11431,26364,157813,11431,8167,11431,26364,09/11/2026 1:55:33 PM,7.39377,142.7458,61.61475,09/11/2026 1:53:45 PM,263067,P_78_GABON_B10_R4,0.232816,09/11/2026 1:53:45 PM,AME401,25,256528,AME401_PM2,P_78_ROADRUNNER_R2,09/11/2026 1:53:45 PM,11,7.39377,142.7458,61.61475,09/11/2026 1:53:45 PM,8PR8CVAB,FL78.6H0QE_SNIP_DLP2469494-1_0,SNY510,8PR8CBMT60NA2,,,,,,,,,,,,,,,,,,,,,,,,,,,,,,,,,,,,,,,,,,,,,,,,,,,,,,,,,,,,,,,,
D617128,820,MCPND820WAE7,0,0,0.013957,0.003489,0,0,0,0.188422,0,0,0,0,0.003489,0.003489,0,,D6171280,PR8B,09/11/2026 2:42:49 PM,BPD436,8M6CL,8M6CL,09/13/2026 8:41:28 AM,8M6CL,D1D,6,8502504,,,,,,,,,,,,,,,,,AME401,13,256528,AME401_PM1,P_78_ROADRUNNER_R2,09/11/2026 1:38:41 PM,6,85307,0.666666,3,3,3,3,2,2,2,2,2,2,,,,,,,,,,,,,2,2,2,,,100984,100984,100984,100984,100984,,100984,100984,100984,,,,,,1,,22,,,,,,,5929,5927,12440,33036,8393,33036,28380,33036,12440,194235,12440,194235,12440,194235,28380,3217,33036,,,33036,28124,1340,10639,33036,194235,12440,179366,11130,1340,33036,8472,372,,1340,3964,33036,33036,33036,825,383,8586,3964,12440,194235,12440,33036,194235,12440,8240,12440,33036,09/11/2026 1:55:33 PM,6.952876,133.7632,57.94063,09/11/2026 1:38:41 PM,263067,P_78_GABON_B10_R4,0.232808,09/11/2026 1:38:41 PM,AME401,13,256528,AME401_PM1,P_78_ROADRUNNER_R2,09/11/2026 1:38:41 PM,6,6.952876,133.7632,57.94063,09/11/2026 1:38:41 PM,8PR8CVAB,FL78.6H0QE_SNIP_DLP2469494-1_0,SNY510,8PR8CBMT60NA2,,,,,,,,,,,,,,,,,,,,,,,,,,,,,,,,,,,,,,,,,,,,,,,,,,,,,,,,,,,,,,,,
D623164,12,KJG0M012WFC7,0.024425,0,0.006979,0.003489,0,0,0,0.202379,0,0,0,0.020936,0.010468,0.027914,0.003489,,D6231640,PR8B,09/11/2026 10:44:54 AM,BPD454,8M6CL,8M6CL,09/13/2026 8:36:14 AM,8M6CL,D1D,1,8705001,,,,,,,,,,,,,,,,,AME417,1,256528,AME417_PM3,P_78_ROADRUNNER_R2,09/11/2026 9:27:49 AM,1,250017,1,1,1,1,1,1,1,1,1,1,1,1,1,1,1,1,1,1,1,1,1,1,1,1,1,0,,,293425,56445,56445,56445,56445,,293449,293449,293425,2,,,,1,,,30,,,,,,,1592,1592,6464,53591,1592,53591,48660,53591,6464,114484,6464,114484,6464,114484,48660,6464,53591,0,0,53591,12790,596,2858,53591,114484,6464,114484,6464,596,53591,1607,68,0,596,595,53591,53591,53591,646,68,1607,2858,6464,114484,6464,53591,114484,6464,6588,6464,53591,09/11/2026 10:08:15 AM,7.735309,129,64.46091,09/11/2026 9:27:49 AM,292545,P_78_ROADRUNNER_R2,1.047949,09/11/2026 9:27:49 AM,AME417,1,256528,AME417_PM3,P_78_ROADRUNNER_R2,09/11/2026 9:27:49 AM,1,7.735309,129,64.46091,09/11/2026 9:27:49 AM,8PR8CVAB,FL78.6H0QE_SNIP_B0204_E180046,SNY510,8PR8CBMT60NA2,,,,,,,,,,,,,,,,,,,,,,,,,,,,,,,,,,,,,,,,,,,,,,,,,,,,,,,,,,,,,,,,
D623164,15,KJG0M015WFA7,0,0,0.029225,0.003247,0,0,0,0.129887,0,0,0,0.003247,0.003247,0.016236,0,,D6231640,PR8B,09/11/2026 10:44:54 AM,BPD454,8M6CL,8M6CL,09/13/2026 8:36:31 AM,8M6CL,D1D,2,8705101,,,,,,,,,,,,,,,,,AME417,8,256528,AME417_PM4,P_78_ROADRUNNER_R2,09/11/2026 9:37:07 AM,4,250017,1,1,1,1,1,1,1,1,1,1,1,1,1,1,1,1,1,1,1,1,1,1,1,1,1,0,,,293425,56445,56445,56445,56445,,293449,293449,293425,,,,,,,1,90,,,,,,,3081,3082,4861,40499,3141,40499,38113,40499,4861,84402,4861,84402,4861,84402,38113,4861,40499,0,0,40499,20117,936,4861,40499,84402,4861,84402,4861,936,40499,3170,134,0,936,4861,40499,40499,40499,304,134,3170,4861,4861,84402,4861,40499,84402,4861,6063,4861,40499,09/11/2026 10:08:15 AM,4.96972,91,41.41434,09/11/2026 9:37:07 AM,292545,P_78_ROADRUNNER_R2,1.047964,09/11/2026 9:37:07 AM,AME417,8,256528,AME417_PM4,P_78_ROADRUNNER_R2,09/11/2026 9:37:07 AM,4,4.96972,91,41.41434,09/11/2026 9:37:07 AM,8PR8CVAB,FL78.6H0QE_SNIP_B0204_E180046,SNY510,8PR8CBMT60NA2,,,,,,,,,,,,,,,,,,,,,,,,,,,,,,,,,,,,,,,,,,,,,,,,,,,,,,,,,,,,,,,,
D621492,92,MCQQK092WAG3,0,0,0.008972,0,0,0,0,0.305064,0.003489,0,0,0,0,0.003489,0,0,D6214920AB,PR8B,09/11/2026 10:02:50 AM,BPD442,8M6CL,8M6CL,09/11/2026 3:37:27 PM,8M6CL,D1D,1,9294609,,,,,,,,,,,,,,,,,AME421,22,290586,AME421_PM4,P_78_ROADRUNNER_R4,09/11/2026 9:17:38 AM,6,230962,1,,1,1,1,1,1,1,1,1,1,1,1,1,0,0,0,0,0,0,0,0,0,0,0,0,,,261022,261022,261022,261022,261022,,261022,261022,261022,,,,,,1,,70,,,,,,,2980,2980,4806,41565,8744,41565,38758,41565,4806,84461,4806,84461,4806,84461,38758,4806,41565,,,41565,8827,410,4806,41565,84461,4806,84461,4806,410,41565,8827,410,,410,1201,41565,41565,41565,788,410,8827,4806,4806,84461,4806,41565,82379,4796,7904,4806,41565,09/11/2026 9:19:28 AM,7.021896,108.9787,58.5158,09/11/2026 9:17:38 AM,256532,P_78_ROADRUNNER_R2,0.431658,09/11/2026 9:17:38 AM,AME421,22,290586,AME421_PM4,P_78_ROADRUNNER_R4,09/11/2026 9:17:38 AM,6,7.021896,108.9787,58.5158,09/11/2026 9:17:38 AM,8PR8CVAB,FL78.6H0QE_SNIP_B0204_E180046,SNY510,8PR8CBMT60NA2,,,,,,,,,,,,,,,,,,,,,,,,,,,,,,,,,,,,,,,,,,,,,,,,,,,,,,,,,,,,,,,,
D621492,100,MCQQK100WAA6,0.003489,0,0.003489,0,0,0,0,0.425694,0,0,0,0,0,0,0,,D6214920AB,PR8B,09/11/2026 10:02:50 AM,BPD442,8M6CL,8M6CL,09/11/2026 3:37:55 PM,8M6CL,D1D,2,9294596,,,,,,,,,,,,,,,,,AME421,7,290586,AME421_PM4,P_78_ROADRUNNER_R4,09/11/2026 9:02:26 AM,1,230962,1,,1,1,1,1,1,1,1,1,1,1,1,1,0,0,0,0,0,0,0,0,0,0,0,0,,,261022,261022,261022,261022,261022,,261022,261022,261022,,,,,,1,,70,,,,,,,2980,2980,4806,41565,8744,41565,38758,41565,4806,84461,4806,84461,4806,84461,38758,4806,41565,,,41565,8827,410,4806,41565,84461,4806,84461,4806,410,41565,8827,410,,410,1201,41565,41565,41565,788,410,8827,4806,4806,84461,4806,41565,82379,4796,7904,4806,41565,09/11/2026 9:19:28 AM,7.021896,108.9787,58.5158,09/11/2026 9:02:26 AM,256532,P_78_ROADRUNNER_R2,0.431658,09/11/2026 9:02:26 AM,AME421,7,290586,AME421_PM4,P_78_ROADRUNNER_R4,09/11/2026 9:02:26 AM,1,7.021896,108.9787,58.5158,09/11/2026 9:02:26 AM,8PR8CVAB,FL78.6H0QE_SNIP_B0204_E180046,SNY510,8PR8CBMT60NA2,,,,,,,,,,,,,,,,,,,,,,,,,,,,,,,,,,,,,,,,,,,,,,,,,,,,,,,,,,,,,,,,
D625429,9,A30Q1009SLF0,0.003609,0,0.014437,0,0,0,0,0.191285,0.003609,0,0,0,0,0,0.003609,,D6254290,PNCB,09/11/2026 12:06:12 PM,BPD448,8M6CL,8M6CL,09/11/2026 3:37:40 PM,8M6CL,D1D,1,8794566,,,,,,,,,,,,,,,,,AME425,12,256528,AME425_PM1,P_78_ROADRUNNER_R2,09/11/2026 11:21:56 AM,12,229062,1,1,1,0,0,0,0,0,0,0,0,0,0,0,0,0,0,0,0,0,0,0,0,0,0,0,,,230616,230616,230604,230616,230604,,230629,230616,230616,,,,,,1,,77,,,,,,,895,895,3187,50769,7551,50769,50558,50769,3187,52210,3187,52210,3187,52210,50558,3187,50769,,,50769,27522,1385,3187,50769,52210,3187,52210,3187,1385,50769,9432,448,,1385,3187,50769,50769,50769,894,448,9432,3187,3187,52210,3187,50769,52210,3187,7899,3187,50769,09/11/2026 11:26:49 AM,1.109255,20,9.243794,09/11/2026 11:21:56 AM,263067,P_78_GABON_B10_R4,1.156449,09/11/2026 11:21:56 AM,AME425,12,256528,AME425_PM1,P_78_ROADRUNNER_R2,09/11/2026 11:21:56 AM,12,1.109255,20,9.243794,09/11/2026 11:21:56 AM,8PONCVBB,FL78.3FGTC_SNIP_B0204_E180046,SNY510,8PXSCBMT61NA4,,,,,,,,,,,,,,,,,,,,,,,,,,,,,,,,,,,,,,,,,,,,,,,,,,,,,,,,,,,,,,,,
D625429,11,A30Q1011SLF0,0,0,0.010827,0,0,0,0,0.184067,0,0,0,0,0,0,0,,D6254290,PNCB,09/11/2026 12:06:12 PM,BPD448,8M6CL,8M6CL,09/11/2026 3:37:31 PM,8M6CL,D1D,2,8794433,,,,,,,,,,,,,,,,,AME425,11,256528,AME425_PM2,P_78_ROADRUNNER_R2,09/11/2026 10:48:23 AM,1,229062,1,1,1,0,0,0,0,0,0,0,0,0,0,0,0,0,0,0,0,0,0,0,0,0,0,0,,,230616,230616,230604,230616,230604,,230629,230616,230616,,,,,,1,,98,,,,,,,855,854,2954,46347,4956,46347,46052,46347,2954,47855,2954,47855,2954,47855,46052,2954,46347,,,46347,22977,1152,2954,46347,47855,2954,47855,2954,1152,46347,5027,231,,1152,1152,46347,46347,46347,843,231,5027,2954,2954,47855,2954,46347,47855,2954,7866,2954,46347,09/11/2026 11:26:49 AM,0.995432,18,8.295266,09/11/2026 10:48:23 AM,263067,P_78_GABON_B10_R4,1.243017,09/11/2026 10:48:23 AM,AME425,11,256528,AME425_PM2,P_78_ROADRUNNER_R2,09/11/2026 10:48:23 AM,1,0.995432,18,8.295266,09/11/2026 10:48:23 AM,8PONCVBB,FL78.3FGTC_SNIP_B0204_E180046,SNY510,8PXSCBMT61NA4,,,,,,,,,,,,,,,,,,,,,,,,,,,,,,,,,,,,,,,,,,,,,,,,,,,,,,,,,,,,,,,,
D621492,73,MCQQK073WAB5,0.028007,0,0.01928,0,0.003247,0,0,0.175957,0,0,0,0.018265,0.009742,0.023745,0.010756,0,D6214920,PR8B,09/11/2026 12:30:48 PM,BPD448,8M6CL,8M6CL,09/13/2026 8:36:56 AM,8M6CL,D1D,1,8627470,,,,,,,,,,,,,,,,,AME417,5,256528,AME417_PM4,P_78_ROADRUNNER_R2,09/11/2026 11:33:25 AM,4,250101,1,1,1,1,1,1,1,1,1,1,1,1,1,1,1,1,1,1,1,1,1,1,1,1,1,1,,,293509,56529,56529,56529,56529,,293533,293533,293509,,,,,,,1,102,,,,,,,3093,3094,4861,40511,3153,40511,38125,40511,4861,84414,4861,84414,4861,84414,38125,4861,40511,0,0,40511,20129,937,4861,40511,84414,4861,84414,4861,937,40511,3182,134,0,937,4861,40511,40511,40511,316,134,3182,4861,4861,84414,4861,40511,84414,4861,6075,4861,40511,09/11/2026 11:44:26 AM,4.536198,84,37.80165,09/11/2026 11:33:25 AM,256528,P_78_ROADRUNNER_R2,0.443768,09/11/2026 11:33:25 AM,AME417,5,256528,AME417_PM4,P_78_ROADRUNNER_R2,09/11/2026 11:33:25 AM,4,4.536198,84,37.80165,09/11/2026 11:33:25 AM,8PR8CVAB,FL78.6H0QE_SNIP_B0204_E180046,SNY510,8PR8CBMT60NA2,,,,,,,,,,,,,,,,,,,,,,,,,,,,,,,,,,,,,,,,,,,,,,,,,,,,,,,,,,,,,,,,
D621492,98,MCQQK098WAC3,0,0,0.017446,0,0,0,0,0.14655,0,0.006979,0,0,0.003489,0.003489,0,,D6214920,PR8B,09/11/2026 12:30:48 PM,BPD448,8M6CL,8M6CL,09/13/2026 8:36:48 AM,8M6CL,D1D,2,8627517,,,,,,,,,,,,,,,,,AME417,11,256528,AME417_PM4,P_78_ROADRUNNER_R2,09/11/2026 11:42:16 AM,6,250101,1,1,1,1,1,1,1,1,1,1,1,1,1,1,1,1,1,1,1,1,1,1,1,1,1,1,,,293509,56529,56529,56529,56529,,293533,293533,293509,,,,,,,1,102,,,,,,,3093,3094,4861,40511,3153,40511,38125,40511,4861,84414,4861,84414,4861,84414,38125,4861,40511,0,0,40511,20129,937,4861,40511,84414,4861,84414,4861,937,40511,3182,134,0,937,4861,40511,40511,40511,316,134,3182,4861,4861,84414,4861,40511,84414,4861,6075,4861,40511,09/11/2026 11:44:26 AM,4.536198,84,37.80165,09/11/2026 11:42:16 AM,256528,P_78_ROADRUNNER_R2,0.443768,09/11/2026 11:42:16 AM,AME417,11,256528,AME417_PM4,P_78_ROADRUNNER_R2,09/11/2026 11:42:16 AM,6,4.536198,84,37.80165,09/11/2026 11:42:16 AM,8PR8CVAB,FL78.6H0QE_SNIP_B0204_E180046,SNY510,8PR8CBMT60NA2,,,,,,,,,,,,,,,,,,,,,,,,,,,,,,,,,,,,,,,,,,,,,,,,,,,,,,,,,,,,,,,,
D621492,487,MCR6R487WAC1,0,0,0.003247,0,0.003247,0,0,0.201326,0,0,0,0,0.003247,0.012989,0,,D6214920,PR8B,09/11/2026 12:30:48 PM,BPD448,8M6CL,8M6CL,09/13/2026 8:37:01 AM,8M6CL,D1D,3,8627437,,,,,,,,,,,,,,,,,AME417,25,256528,AME417_PM3,P_78_ROADRUNNER_R2,09/11/2026 11:37:50 AM,5,250101,1,1,1,1,1,1,1,1,1,1,1,1,1,1,1,1,1,1,1,1,1,1,1,1,1,1,,,293509,56529,56529,56529,56529,,293533,293533,293509,0,,,,2,,,44,,,,,,,1606,1606,6464,53605,1606,53605,48674,53605,6464,114498,6464,114498,6464,114498,48674,6464,53605,0,0,53605,12804,596,2858,53605,114498,6464,114498,6464,596,53605,1621,68,0,596,596,53605,53605,53605,660,68,1621,2858,6464,114498,6464,53605,114498,6464,6602,6464,53605,09/11/2026 11:44:26 AM,7.433624,125,61.94687,09/11/2026 11:37:50 AM,256528,P_78_ROADRUNNER_R2,0.393968,09/11/2026 11:37:50 AM,AME417,25,256528,AME417_PM3,P_78_ROADRUNNER_R2,09/11/2026 11:37:50 AM,5,7.433624,125,61.94687,09/11/2026 11:37:50 AM,8PR8CVAB,FL78.6H0QE_SNIP_B0204_E180046,SNY510,8PR8CBMT60NA2,,,,,,,,,,,,,,,,,,,,,,,,,,,,,,,,,,,,,,,,,,,,,,,,,,,,,,,,,,,,,,,,
D621492,730,MCR6R730WAG2,0.003489,0,0.024425,0.003489,0,0,0,0.1954,0,0.003489,0,0.003489,0.003489,0.006979,0,,D6214920,PR8B,09/11/2026 12:30:48 PM,BPD448,8M6CL,8M6CL,09/13/2026 8:36:46 AM,8M6CL,D1D,4,8627548,,,,,,,,,,,,,,,,,AME417,10,256528,AME417_PM3,P_78_ROADRUNNER_R2,09/11/2026 11:33:25 AM,4,250101,1,1,1,1,1,1,1,1,1,1,1,1,1,1,1,1,1,1,1,1,1,1,1,1,1,1,,,293509,56529,56529,56529,56529,,293533,293533,293509,0,,,,2,,,44,,,,,,,1606,1606,6464,53605,1606,53605,48674,53605,6464,114498,6464,114498,6464,114498,48674,6464,53605,0,0,53605,12804,596,2858,53605,114498,6464,114498,6464,596,53605,1621,68,0,596,596,53605,53605,53605,660,68,1621,2858,6464,114498,6464,53605,114498,6464,6602,6464,53605,09/11/2026 11:44:26 AM,7.433624,125,61.94687,09/11/2026 11:33:25 AM,256528,P_78_ROADRUNNER_R2,0.393968,09/11/2026 11:33:25 AM,AME417,10,256528,AME417_PM3,P_78_ROADRUNNER_R2,09/11/2026 11:33:25 AM,4,7.433624,125,61.94687,09/11/2026 11:33:25 AM,8PR8CVAB,FL78.6H0QE_SNIP_B0204_E180046,SNY510,8PR8CBMT60NA2,,,,,,,,,,,,,,,,,,,,,,,,,,,,,,,,,,,,,,,,,,,,,,,,,,,,,,,,,,,,,,,,
D620443,340,MCQXL340WAB4,0,0,0.032252,0,0,0,0,0.025085,0,0,0,0.014334,0,0,0,,D6204430,PNCB,09/13/2026 12:25:47 AM,BPD458,8M6CL,8M6CL,09/13/2026 8:44:11 AM,8M6CL,D1D,1,8601610,,,,,,,,,,,,,,,,,AME423,8,256528,AME423_PM2,P_78_ROADRUNNER_R2,09/12/2026 10:38:36 PM,8,251536,0.666666,1,1,1,1,1,1,1,1,1,1,1,0,0,0,0,0,0,0,0,0,0,0,0,0,0,0,0,287307,287307,287296,287307,287296,0,287302,287302,287302,,,,,1,,1,114,,,,,,,1445,1445,5831,42102,3971,42102,33942,42102,5831,96015,5831,96015,5831,96015,33942,5831,42102,0,0,42102,4008,183,4028,42102,96015,5831,96015,5831,183,42102,4008,183,0,183,183,42102,42102,42102,494,183,4008,5831,5831,96015,5831,42102,96015,5831,6663,5831,42102,09/12/2026 11:21:42 PM,5.665462,92,47.21218,09/12/2026 10:38:36 PM,283761,P_80_MT6_GABON_R1,1.07165,09/12/2026 10:38:36 PM,AME423,8,256528,AME423_PM2,P_78_ROADRUNNER_R2,09/12/2026 10:38:36 PM,8,5.665462,92,47.21218,09/12/2026 10:38:36 PM,8PONCVBB,FL78.3FGTC_SNIP_B0204_E180046,SNY512,8PXSCBMT61NA4,,,,,,,,,,,,,,,,,,,,,,,09/12/2026 11:20:59 PM,.,D,Y,Y,M,.,.,RA3!DLP2497301_1_SWIC_20260912_10524431_0!1,Recipe:AM;CHAMBER_RECIPE_ENTITYLIST_1:PM,mbarua,09/12/2026 10:49:01 AM,AME423_PM2 post PM GCOL,mbarua,09/12/2026 10:53:27 AM,ok,autosif,09/12/2026 10:14:23 PM,autosif,09/12/2026 11:20:58 PM,Recipe=AM;CHAMBER_RECIPE_ENTITYLIST_1=PM2;POR;AME423(optional);CHAMBER_RECIPE_ENTITYLIST_2=(optional);CHAMBER_RECIPE_ENTITYLIST_3=(optional);CHAMBER_RECIPE_ENTITYLIST_4=(optional);CHAMBER_RECIPE_ENTITYLIST_5=(optional);CHAMBER_RECIPE_ENTITYLIST_6=(optional);SIF_STEPTIME=(optional);SIF_OE_PCT=(optional);SIF_CYCLES=(optional);SIF_APC=AM;,09/13/2026 12:55:20 AM,.,D,Y,Y,M,.,.,RA3!DLP2497301_1_SWIC_20260912_17273972_0!1,Recipe:AM;LAYERID:8M6CL;LOWEST_N_WAFERS:,mbarua,09/12/2026 10:50:16 AM,AME423_PM2 NGCOL,sys_rf3pmes1,09/12/2026 5:53:08 PM,SIF is approved by AutoSIFDispo.,autosif,09/13/2026 12:25:09 AM,autosif,09/13/2026 12:55:20 AM,Recipe=AM;LAYERID=8M6CL;LOWEST_N_WAFERS=4(optional);WAFER_LIST=(optional);KLARITY_STEPID=(optional);
D620443,361,MCQXL361WAA0,0,0,0.086276,0.003609,0.003609,0,0,0.028873,0,0,0,0,0.01478,0.021655,0,0,D6204430,PNCB,09/13/2026 12:25:47 AM,BPD458,8M6CL,8M6CL,09/13/2026 8:50:08 AM,8M6CL,D1D,2,8601637,,,,,,,,,,,,,,,,,AME423,15,256528,AME423_PM2,P_78_ROADRUNNER_R2,09/12/2026 10:59:12 PM,15,251536,0.666666,1,1,1,1,1,1,1,1,1,1,1,0,0,0,0,0,0,0,0,0,0,0,0,0,0,0,0,287307,287307,287296,287307,287296,0,287302,287302,287302,,,,,1,,1,114,,,,,,,1445,1445,5831,42102,3971,42102,33942,42102,5831,96015,5831,96015,5831,96015,33942,5831,42102,0,0,42102,4008,183,4028,42102,96015,5831,96015,5831,183,42102,4008,183,0,183,183,42102,42102,42102,494,183,4008,5831,5831,96015,5831,42102,96015,5831,6663,5831,42102,09/12/2026 11:21:42 PM,5.665462,92,47.21218,09/12/2026 10:59:12 PM,283761,P_80_MT6_GABON_R1,1.07165,09/12/2026 10:59:12 PM,AME423,15,256528,AME423_PM2,P_78_ROADRUNNER_R2,09/12/2026 10:59:12 PM,15,5.665462,92,47.21218,09/12/2026 10:59:12 PM,8PONCVBB,FL78.3FGTC_SNIP_B0204_E180046,SNY512,8PXSCBMT61NA4,,,,,,,,,,,,,,,,,,,,,,,09/12/2026 11:20:59 PM,.,D,Y,Y,M,.,.,RA3!DLP2497301_1_SWIC_20260912_10524431_0!1,Recipe:AM;CHAMBER_RECIPE_ENTITYLIST_1:PM,mbarua,09/12/2026 10:49:01 AM,AME423_PM2 post PM GCOL,mbarua,09/12/2026 10:53:27 AM,ok,autosif,09/12/2026 10:14:23 PM,autosif,09/12/2026 11:20:58 PM,Recipe=AM;CHAMBER_RECIPE_ENTITYLIST_1=PM2;POR;AME423(optional);CHAMBER_RECIPE_ENTITYLIST_2=(optional);CHAMBER_RECIPE_ENTITYLIST_3=(optional);CHAMBER_RECIPE_ENTITYLIST_4=(optional);CHAMBER_RECIPE_ENTITYLIST_5=(optional);CHAMBER_RECIPE_ENTITYLIST_6=(optional);SIF_STEPTIME=(optional);SIF_OE_PCT=(optional);SIF_CYCLES=(optional);SIF_APC=AM;,09/13/2026 12:55:20 AM,.,D,Y,Y,M,.,.,RA3!DLP2497301_1_SWIC_20260912_17273972_0!1,Recipe:AM;LAYERID:8M6CL;LOWEST_N_WAFERS:,mbarua,09/12/2026 10:50:16 AM,AME423_PM2 NGCOL,sys_rf3pmes1,09/12/2026 5:53:08 PM,SIF is approved by AutoSIFDispo.,autosif,09/13/2026 12:25:09 AM,autosif,09/13/2026 12:55:20 AM,Recipe=AM;LAYERID=8M6CL;LOWEST_N_WAFERS=4(optional);WAFER_LIST=(optional);KLARITY_STEPID=(optional);
D620443,392,MCQXL392WAD0,0,0,0.032252,0,0,0,0,0.025085,0,0,0,0.003584,0,0.003584,0,,D6204430,PNCB,09/13/2026 12:25:47 AM,BPD458,8M6CL,8M6CL,09/13/2026 8:41:34 AM,8M6CL,D1D,3,8601608,,,,,,,,,,,,,,,,,AME423,4,256528,AME423_PM2,P_78_ROADRUNNER_R2,09/12/2026 10:26:48 PM,4,251536,0.666666,1,1,1,1,1,1,1,1,1,1,1,0,0,0,0,0,0,0,0,0,0,0,0,0,0,0,0,287307,287307,287296,287307,287296,0,287302,287302,287302,,,,,1,,1,114,,,,,,,1445,1445,5831,42102,3971,42102,33942,42102,5831,96015,5831,96015,5831,96015,33942,5831,42102,0,0,42102,4008,183,4028,42102,96015,5831,96015,5831,183,42102,4008,183,0,183,183,42102,42102,42102,494,183,4008,5831,5831,96015,5831,42102,96015,5831,6663,5831,42102,09/12/2026 11:21:42 PM,5.665462,92,47.21218,09/12/2026 10:26:48 PM,283761,P_80_MT6_GABON_R1,1.07165,09/12/2026 10:26:48 PM,AME423,4,256528,AME423_PM2,P_78_ROADRUNNER_R2,09/12/2026 10:26:48 PM,4,5.665462,92,47.21218,09/12/2026 10:26:48 PM,8PONCVBB,FL78.3FGTC_SNIP_B0204_E180046,SNY512,8PXSCBMT61NA4,,,,,,,,,,,,,,,,,,,,,,,09/12/2026 11:20:59 PM,.,D,Y,Y,M,.,.,RA3!DLP2497301_1_SWIC_20260912_10524431_0!1,Recipe:AM;CHAMBER_RECIPE_ENTITYLIST_1:PM,mbarua,09/12/2026 10:49:01 AM,AME423_PM2 post PM GCOL,mbarua,09/12/2026 10:53:27 AM,ok,autosif,09/12/2026 10:14:23 PM,autosif,09/12/2026 11:20:58 PM,Recipe=AM;CHAMBER_RECIPE_ENTITYLIST_1=PM2;POR;AME423(optional);CHAMBER_RECIPE_ENTITYLIST_2=(optional);CHAMBER_RECIPE_ENTITYLIST_3=(optional);CHAMBER_RECIPE_ENTITYLIST_4=(optional);CHAMBER_RECIPE_ENTITYLIST_5=(optional);CHAMBER_RECIPE_ENTITYLIST_6=(optional);SIF_STEPTIME=(optional);SIF_OE_PCT=(optional);SIF_CYCLES=(optional);SIF_APC=AM;,09/13/2026 12:55:20 AM,.,D,Y,Y,M,.,.,RA3!DLP2497301_1_SWIC_20260912_17273972_0!1,Recipe:AM;LAYERID:8M6CL;LOWEST_N_WAFERS:,mbarua,09/12/2026 10:50:16 AM,AME423_PM2 NGCOL,sys_rf3pmes1,09/12/2026 5:53:08 PM,SIF is approved by AutoSIFDispo.,autosif,09/13/2026 12:25:09 AM,autosif,09/13/2026 12:55:20 AM,Recipe=AM;LAYERID=8M6CL;LOWEST_N_WAFERS=4(optional);WAFER_LIST=(optional);KLARITY_STEPID=(optional);
D620443,393,MCQXL393WAH2,0,0,0.007218,0,0.003609,0,0,0.032482,0,0,0,0.010827,0,0.003609,0,,D6204430,PNCB,09/13/2026 12:25:47 AM,BPD458,8M6CL,8M6CL,09/13/2026 8:41:28 AM,8M6CL,D1D,4,8601613,,,,,,,,,,,,,,,,,AME423,9,256528,AME423_PM2,P_78_ROADRUNNER_R2,09/12/2026 10:41:32 PM,9,251536,0.666666,1,1,1,1,1,1,1,1,1,1,1,0,0,0,0,0,0,0,0,0,0,0,0,0,0,0,0,287307,287307,287296,287307,287296,0,287302,287302,287302,,,,,1,,1,114,,,,,,,1445,1445,5831,42102,3971,42102,33942,42102,5831,96015,5831,96015,5831,96015,33942,5831,42102,0,0,42102,4008,183,4028,42102,96015,5831,96015,5831,183,42102,4008,183,0,183,183,42102,42102,42102,494,183,4008,5831,5831,96015,5831,42102,96015,5831,6663,5831,42102,09/12/2026 11:21:42 PM,5.665462,92,47.21218,09/12/2026 10:41:32 PM,283761,P_80_MT6_GABON_R1,1.07165,09/12/2026 10:41:32 PM,AME423,9,256528,AME423_PM2,P_78_ROADRUNNER_R2,09/12/2026 10:41:32 PM,9,5.665462,92,47.21218,09/12/2026 10:41:32 PM,8PONCVBB,FL78.3FGTC_SNIP_B0204_E180046,SNY512,8PXSCBMT61NA4,,,,,,,,,,,,,,,,,,,,,,,09/12/2026 11:20:59 PM,.,D,Y,Y,M,.,.,RA3!DLP2497301_1_SWIC_20260912_10524431_0!1,Recipe:AM;CHAMBER_RECIPE_ENTITYLIST_1:PM,mbarua,09/12/2026 10:49:01 AM,AME423_PM2 post PM GCOL,mbarua,09/12/2026 10:53:27 AM,ok,autosif,09/12/2026 10:14:23 PM,autosif,09/12/2026 11:20:58 PM,Recipe=AM;CHAMBER_RECIPE_ENTITYLIST_1=PM2;POR;AME423(optional);CHAMBER_RECIPE_ENTITYLIST_2=(optional);CHAMBER_RECIPE_ENTITYLIST_3=(optional);CHAMBER_RECIPE_ENTITYLIST_4=(optional);CHAMBER_RECIPE_ENTITYLIST_5=(optional);CHAMBER_RECIPE_ENTITYLIST_6=(optional);SIF_STEPTIME=(optional);SIF_OE_PCT=(optional);SIF_CYCLES=(optional);SIF_APC=AM;,09/13/2026 12:55:20 AM,.,D,Y,Y,M,.,.,RA3!DLP2497301_1_SWIC_20260912_17273972_0!1,Recipe:AM;LAYERID:8M6CL;LOWEST_N_WAFERS:,mbarua,09/12/2026 10:50:16 AM,AME423_PM2 NGCOL,sys_rf3pmes1,09/12/2026 5:53:08 PM,SIF is approved by AutoSIFDispo.,autosif,09/13/2026 12:25:09 AM,autosif,09/13/2026 12:55:20 AM,Recipe=AM;LAYERID=8M6CL;LOWEST_N_WAFERS=4(optional);WAFER_LIST=(optional);KLARITY_STEPID=(optional);
D623242,250,KJFWP250WFB4,0,0,0.028668,0,0,0,0,0.186345,0,0,0,0.003584,0.007167,0.003584,0,,D6232420,PNCB,09/13/2026 1:10:25 AM,BPD454,8M6CL,8M6CL,09/13/2026 8:44:25 AM,8M6CL,D1D,1,8724518,,,,,,,,,,,,,,,,,AME425,25,256528,AME425_PM4,P_78_ROADRUNNER_R2,09/13/2026 12:41:14 AM,24,230079,1,,,,,,,1,1,1,1,1,1,0,0,0,0,0,0,0,0,,,,,,0,0,231633,231633,231621,231633,231621,0,231646,231633,231633,,,,,,1,1,74,,,,,,,792,792,2648,39074,2703,39074,38797,39074,2648,40909,2648,40909,2648,40909,38797,2648,39074,,,39074,2654,151,2648,39074,40909,2648,40909,2648,517,39074,2654,151,,151,2648,39074,39074,39074,792,517,9543,2648,2648,40909,2648,39074,40909,2648,4953,2648,39074,09/13/2026 12:43:25 AM,1.555236,26,12.9603,09/13/2026 12:41:14 AM,263067,P_78_GABON_B10_R4,6.261059,09/13/2026 12:41:14 AM,AME425,25,256528,AME425_PM4,P_78_ROADRUNNER_R2,09/13/2026 12:41:14 AM,24,1.555236,26,12.9603,09/13/2026 12:41:14 AM,8PONCVBB,FL78.3FGTC_SNIP_B0204_E180046,SNY512,8PXSCBMT61NA4,,,,,,,,,,,,,,,,,,,,,,,09/13/2026 12:42:15 AM,.,D,Y,Y,M,.,.,RA3!DLP2516091_1_SWIC_20260912_10462587_0!1,Recipe:AM;CHAMBER_RECIPE_ENTITYLIST_1:PM,mbarua,09/12/2026 10:42:28 AM,AME425_PM4 NGCOL,mbarua,09/12/2026 10:47:10 AM,ok,autosif,09/12/2026 11:29:11 PM,autosif,09/13/2026 12:42:14 AM,Recipe=AM;CHAMBER_RECIPE_ENTITYLIST_1=PM4;POR;AME425(optional);CHAMBER_RECIPE_ENTITYLIST_2=(optional);CHAMBER_RECIPE_ENTITYLIST_3=(optional);CHAMBER_RECIPE_ENTITYLIST_4=(optional);CHAMBER_RECIPE_ENTITYLIST_5=(optional);CHAMBER_RECIPE_ENTITYLIST_6=(optional);SIF_STEPTIME=(optional);SIF_OE_PCT=(optional);SIF_CYCLES=(optional);SIF_APC=AM;,09/13/2026 1:40:42 AM,.,D,Y,Y,M,.,.,RA3!DLP2516091_1_SWIC_20260912_14095950_0!1,Recipe:AM;LAYERID:8M6CL;LOWEST_N_WAFERS:,mbarua,09/12/2026 10:43:20 AM,AME425_PM4 NGCOL,sys_rf3pmes1,09/12/2026 2:28:32 PM,SIF is approved by AutoSIFDispo.,autosif,09/13/2026 1:10:05 AM,autosif,09/13/2026 1:40:42 AM,Recipe=AM;LAYERID=8M6CL;LOWEST_N_WAFERS=4(optional);WAFER_LIST=(optional);KLARITY_STEPID=(optional);
D623242,254,KJFWP254WFD6,0,0,0.007167,0,0,0,0,0.197096,0,0,0,0.007167,0.007167,0.028668,0,,D6232420,PNCB,09/13/2026 1:10:25 AM,BPD454,8M6CL,8M6CL,09/13/2026 8:44:15 AM,8M6CL,D1D,2,8724589,,,,,,,,,,,,,,,,,AME425,6,256528,AME425_PM4,P_78_ROADRUNNER_R2,09/12/2026 11:47:37 PM,6,230079,1,,,,,,,1,1,1,1,1,1,0,0,0,0,0,0,0,0,,,,,,0,0,231633,231633,231621,231633,231621,0,231646,231633,231633,,,,,,1,1,74,,,,,,,792,792,2648,39074,2703,39074,38797,39074,2648,40909,2648,40909,2648,40909,38797,2648,39074,,,39074,2654,151,2648,39074,40909,2648,40909,2648,517,39074,2654,151,,151,2648,39074,39074,39074,792,517,9543,2648,2648,40909,2648,39074,40909,2648,4953,2648,39074,09/13/2026 12:43:25 AM,1.555236,26,12.9603,09/12/2026 11:47:37 PM,263067,P_78_GABON_B10_R4,6.261059,09/12/2026 11:47:37 PM,AME425,6,256528,AME425_PM4,P_78_ROADRUNNER_R2,09/12/2026 11:47:37 PM,6,1.555236,26,12.9603,09/12/2026 11:47:37 PM,8PONCVBB,FL78.3FGTC_SNIP_B0204_E180046,SNY512,8PXSCBMT61NA4,,,,,,,,,,,,,,,,,,,,,,,09/13/2026 12:42:15 AM,.,D,Y,Y,M,.,.,RA3!DLP2516091_1_SWIC_20260912_10462587_0!1,Recipe:AM;CHAMBER_RECIPE_ENTITYLIST_1:PM,mbarua,09/12/2026 10:42:28 AM,AME425_PM4 NGCOL,mbarua,09/12/2026 10:47:10 AM,ok,autosif,09/12/2026 11:29:11 PM,autosif,09/13/2026 12:42:14 AM,Recipe=AM;CHAMBER_RECIPE_ENTITYLIST_1=PM4;POR;AME425(optional);CHAMBER_RECIPE_ENTITYLIST_2=(optional);CHAMBER_RECIPE_ENTITYLIST_3=(optional);CHAMBER_RECIPE_ENTITYLIST_4=(optional);CHAMBER_RECIPE_ENTITYLIST_5=(optional);CHAMBER_RECIPE_ENTITYLIST_6=(optional);SIF_STEPTIME=(optional);SIF_OE_PCT=(optional);SIF_CYCLES=(optional);SIF_APC=AM;,09/13/2026 1:40:42 AM,.,D,Y,Y,M,.,.,RA3!DLP2516091_1_SWIC_20260912_14095950_0!1,Recipe:AM;LAYERID:8M6CL;LOWEST_N_WAFERS:,mbarua,09/12/2026 10:43:20 AM,AME425_PM4 NGCOL,sys_rf3pmes1,09/12/2026 2:28:32 PM,SIF is approved by AutoSIFDispo.,autosif,09/13/2026 1:10:05 AM,autosif,09/13/2026 1:40:42 AM,Recipe=AM;LAYERID=8M6CL;LOWEST_N_WAFERS=4(optional);WAFER_LIST=(optional);KLARITY_STEPID=(optional);
D623242,327,KJFWP327WFC1,0,0,0.010827,0,0.003609,0,0,0.202113,0,0,0,0.003609,0,0.007218,0.003609,,D6232420,PNCB,09/13/2026 1:10:25 AM,BPD454,8M6CL,8M6CL,09/13/2026 8:50:08 AM,8M6CL,D1D,3,8724593,,,,,,,,,,,,,,,,,AME425,18,256528,AME425_PM4,P_78_ROADRUNNER_R2,09/13/2026 12:23:22 AM,18,230079,1,,,,,,,1,1,1,1,1,1,0,0,0,0,0,0,0,0,,,,,,0,0,231633,231633,231621,231633,231621,0,231646,231633,231633,,,,,,1,1,74,,,,,,,792,792,2648,39074,2703,39074,38797,39074,2648,40909,2648,40909,2648,40909,38797,2648,39074,,,39074,2654,151,2648,39074,40909,2648,40909,2648,517,39074,2654,151,,151,2648,39074,39074,39074,792,517,9543,2648,2648,40909,2648,39074,40909,2648,4953,2648,39074,09/13/2026 12:43:25 AM,1.555236,26,12.9603,09/13/2026 12:23:22 AM,263067,P_78_GABON_B10_R4,6.261059,09/13/2026 12:23:22 AM,AME425,18,256528,AME425_PM4,P_78_ROADRUNNER_R2,09/13/2026 12:23:22 AM,18,1.555236,26,12.9603,09/13/2026 12:23:22 AM,8PONCVBB,FL78.3FGTC_SNIP_B0204_E180046,SNY512,8PXSCBMT61NA4,,,,,,,,,,,,,,,,,,,,,,,09/13/2026 12:42:15 AM,.,D,Y,Y,M,.,.,RA3!DLP2516091_1_SWIC_20260912_10462587_0!1,Recipe:AM;CHAMBER_RECIPE_ENTITYLIST_1:PM,mbarua,09/12/2026 10:42:28 AM,AME425_PM4 NGCOL,mbarua,09/12/2026 10:47:10 AM,ok,autosif,09/12/2026 11:29:11 PM,autosif,09/13/2026 12:42:14 AM,Recipe=AM;CHAMBER_RECIPE_ENTITYLIST_1=PM4;POR;AME425(optional);CHAMBER_RECIPE_ENTITYLIST_2=(optional);CHAMBER_RECIPE_ENTITYLIST_3=(optional);CHAMBER_RECIPE_ENTITYLIST_4=(optional);CHAMBER_RECIPE_ENTITYLIST_5=(optional);CHAMBER_RECIPE_ENTITYLIST_6=(optional);SIF_STEPTIME=(optional);SIF_OE_PCT=(optional);SIF_CYCLES=(optional);SIF_APC=AM;,09/13/2026 1:40:42 AM,.,D,Y,Y,M,.,.,RA3!DLP2516091_1_SWIC_20260912_14095950_0!1,Recipe:AM;LAYERID:8M6CL;LOWEST_N_WAFERS:,mbarua,09/12/2026 10:43:20 AM,AME425_PM4 NGCOL,sys_rf3pmes1,09/12/2026 2:28:32 PM,SIF is approved by AutoSIFDispo.,autosif,09/13/2026 1:10:05 AM,autosif,09/13/2026 1:40:42 AM,Recipe=AM;LAYERID=8M6CL;LOWEST_N_WAFERS=4(optional);WAFER_LIST=(optional);KLARITY_STEPID=(optional);
D623242,343,KJFWP343WFB4,0,0,0.032482,0.003609,0.003609,0,0,0.187676,0,0,0,0.007218,0.007218,0.003609,0,,D6232420,PNCB,09/13/2026 1:10:25 AM,BPD454,8M6CL,8M6CL,09/13/2026 8:50:18 AM,8M6CL,D1D,4,8724577,,,,,,,,,,,,,,,,,AME425,2,256528,AME425_PM4,P_78_ROADRUNNER_R2,09/12/2026 11:35:41 PM,2,230079,1,,,,,,,1,1,1,1,1,1,0,0,0,0,0,0,0,0,,,,,,0,0,231633,231633,231621,231633,231621,0,231646,231633,231633,,,,,,1,1,74,,,,,,,792,792,2648,39074,2703,39074,38797,39074,2648,40909,2648,40909,2648,40909,38797,2648,39074,,,39074,2654,151,2648,39074,40909,2648,40909,2648,517,39074,2654,151,,151,2648,39074,39074,39074,792,517,9543,2648,2648,40909,2648,39074,40909,2648,4953,2648,39074,09/13/2026 12:43:25 AM,1.555236,26,12.9603,09/12/2026 11:35:41 PM,263067,P_78_GABON_B10_R4,6.261059,09/12/2026 11:35:41 PM,AME425,2,256528,AME425_PM4,P_78_ROADRUNNER_R2,09/12/2026 11:35:41 PM,2,1.555236,26,12.9603,09/12/2026 11:35:41 PM,8PONCVBB,FL78.3FGTC_SNIP_B0204_E180046,SNY512,8PXSCBMT61NA4,,,,,,,,,,,,,,,,,,,,,,,09/13/2026 12:42:15 AM,.,D,Y,Y,M,.,.,RA3!DLP2516091_1_SWIC_20260912_10462587_0!1,Recipe:AM;CHAMBER_RECIPE_ENTITYLIST_1:PM,mbarua,09/12/2026 10:42:28 AM,AME425_PM4 NGCOL,mbarua,09/12/2026 10:47:10 AM,ok,autosif,09/12/2026 11:29:11 PM,autosif,09/13/2026 12:42:14 AM,Recipe=AM;CHAMBER_RECIPE_ENTITYLIST_1=PM4;POR;AME425(optional);CHAMBER_RECIPE_ENTITYLIST_2=(optional);CHAMBER_RECIPE_ENTITYLIST_3=(optional);CHAMBER_RECIPE_ENTITYLIST_4=(optional);CHAMBER_RECIPE_ENTITYLIST_5=(optional);CHAMBER_RECIPE_ENTITYLIST_6=(optional);SIF_STEPTIME=(optional);SIF_OE_PCT=(optional);SIF_CYCLES=(optional);SIF_APC=AM;,09/13/2026 1:40:42 AM,.,D,Y,Y,M,.,.,RA3!DLP2516091_1_SWIC_20260912_14095950_0!1,Recipe:AM;LAYERID:8M6CL;LOWEST_N_WAFERS:,mbarua,09/12/2026 10:43:20 AM,AME425_PM4 NGCOL,sys_rf3pmes1,09/12/2026 2:28:32 PM,SIF is approved by AutoSIFDispo.,autosif,09/13/2026 1:10:05 AM,autosif,09/13/2026 1:40:42 AM,Recipe=AM;LAYERID=8M6CL;LOWEST_N_WAFERS=4(optional);WAFER_LIST=(optional);KLARITY_STEPID=(optional);
D625411,15,MCRNQ015WAA3,0,0.016236,0.012989,0,0,0,0,0.214314,0,0,0,0,0.003247,0,0.016236,,D6254110,PR8B,09/14/2026 8:09:23 AM,BPD450,8M6CL,8M6CL,09/14/2026 10:00:28 AM,8M6CL,D1D,1,8786519,,,,,,,,,,,,,,,,,AME411,20,256528,AME411_PM1,P_78_ROADRUNNER_R2,09/14/2026 2:38:30 AM,19,189848,,1,1,1,1,1,1,,,,,,,,,,1,1,1,1,1,0,0,0,0,0,,,237813,19719,19719,19719,19719,,237838,237838,237813,,,,,,,,83,,,,,,0,96,139,6913,52137,139,52137,44532,52137,688,14656,688,14656,6913,114892,44532,6913,52137,,,52137,14656,688,6913,52137,114892,6913,114892,6913,688,52137,14656,688,,688,3056,52137,52137,52137,81,688,14656,6913,6913,114892,6913,52137,114892,6913,8349,6913,52137,09/14/2026 2:59:02 AM,1.924845,32,16.04038,09/14/2026 2:38:30 AM,263067,P_78_GABON_B10_R4,0.0398,09/14/2026 2:38:30 AM,AME411,20,256528,AME411_PM1,P_78_ROADRUNNER_R2,09/14/2026 2:38:30 AM,19,1.924845,32,16.04038,09/14/2026 2:38:30 AM,8PR8CVAB,FL78.6H0QE_SNIP_B0204_E180046,SNV440,8PR8CBMT60NA1,,,,,,,,,,,,,,,,,,,,,,,09/14/2026 2:57:15 AM,.,D,Y,Y,M,.,.,RA3!DLP2529734_1_SWIC_20260913_20324061_0!1,Recipe:AM;CHAMBER_RECIPE_ENTITYLIST_1:PM,sashankj,09/13/2026 8:31:41 PM,AME411_PM1 post PM GCOL,sashankj,09/13/2026 8:34:15 PM,OK-SJ,autosif,09/14/2026 1:27:23 AM,autosif,09/14/2026 2:57:15 AM,Recipe=AM;CHAMBER_RECIPE_ENTITYLIST_1=PM1;POR;AME411(optional);CHAMBER_RECIPE_ENTITYLIST_2=(optional);CHAMBER_RECIPE_ENTITYLIST_3=(optional);CHAMBER_RECIPE_ENTITYLIST_4=(optional);CHAMBER_RECIPE_ENTITYLIST_5=(optional);CHAMBER_RECIPE_ENTITYLIST_6=(optional);SIF_STEPTIME=(optional);SIF_OE_PCT=(optional);SIF_CYCLES=(optional);SIF_APC=AM;,09/14/2026 8:49:07 AM,.,D,Y,Y,M,.,.,RA3!DLP2529734_1_SWIC_20260913_20324061_1!1,Recipe:AM;LAYERID:8M6CL;LOWEST_N_WAFERS:,sashankj,09/13/2026 8:32:00 PM,AME411_PM1 NGCOL,sys_rf3pmes1,09/14/2026 4:47:08 AM,SIF is approved by AutoSIFDispo. Approved over budget as a part of IDLE_OB,autosif,09/14/2026 8:09:02 AM,autosif,09/14/2026 8:49:07 AM,Recipe=AM;LAYERID=8M6CL;LOWEST_N_WAFERS=4(optional);WAFER_LIST=(optional);KLARITY_STEPID=(optional);
D625411,60,MCRNQ060WAB5,0,0.010468,0.006979,0,0,0,0,0.181443,0,0,0,0.003489,0.017446,0,0,,D6254110,PR8B,09/14/2026 8:09:23 AM,BPD450,8M6CL,8M6CL,09/14/2026 10:00:27 AM,8M6CL,D1D,2,8786624,,,,,,,,,,,,,,,,,AME411,7,256528,AME411_PM1,P_78_ROADRUNNER_R2,09/14/2026 1:58:26 AM,7,189848,,1,1,1,1,1,1,,,,,,,,,,1,1,1,1,1,0,0,0,0,0,,,237813,19719,19719,19719,19719,,237838,237838,237813,,,,,,,,83,,,,,,0,96,139,6913,52137,139,52137,44532,52137,688,14656,688,14656,6913,114892,44532,6913,52137,,,52137,14656,688,6913,52137,114892,6913,114892,6913,688,52137,14656,688,,688,3056,52137,52137,52137,81,688,14656,6913,6913,114892,6913,52137,114892,6913,8349,6913,52137,09/14/2026 2:59:02 AM,1.924845,32,16.04038,09/14/2026 1:58:26 AM,263067,P_78_GABON_B10_R4,0.0398,09/14/2026 1:58:26 AM,AME411,7,256528,AME411_PM1,P_78_ROADRUNNER_R2,09/14/2026 1:58:26 AM,7,1.924845,32,16.04038,09/14/2026 1:58:26 AM,8PR8CVAB,FL78.6H0QE_SNIP_B0204_E180046,SNV440,8PR8CBMT60NA1,,,,,,,,,,,,,,,,,,,,,,,09/14/2026 2:57:15 AM,.,D,Y,Y,M,.,.,RA3!DLP2529734_1_SWIC_20260913_20324061_0!1,Recipe:AM;CHAMBER_RECIPE_ENTITYLIST_1:PM,sashankj,09/13/2026 8:31:41 PM,AME411_PM1 post PM GCOL,sashankj,09/13/2026 8:34:15 PM,OK-SJ,autosif,09/14/2026 1:27:23 AM,autosif,09/14/2026 2:57:15 AM,Recipe=AM;CHAMBER_RECIPE_ENTITYLIST_1=PM1;POR;AME411(optional);CHAMBER_RECIPE_ENTITYLIST_2=(optional);CHAMBER_RECIPE_ENTITYLIST_3=(optional);CHAMBER_RECIPE_ENTITYLIST_4=(optional);CHAMBER_RECIPE_ENTITYLIST_5=(optional);CHAMBER_RECIPE_ENTITYLIST_6=(optional);SIF_STEPTIME=(optional);SIF_OE_PCT=(optional);SIF_CYCLES=(optional);SIF_APC=AM;,09/14/2026 8:49:07 AM,.,D,Y,Y,M,.,.,RA3!DLP2529734_1_SWIC_20260913_20324061_1!1,Recipe:AM;LAYERID:8M6CL;LOWEST_N_WAFERS:,sashankj,09/13/2026 8:32:00 PM,AME411_PM1 NGCOL,sys_rf3pmes1,09/14/2026 4:47:08 AM,SIF is approved by AutoSIFDispo. Approved over budget as a part of IDLE_OB,autosif,09/14/2026 8:09:02 AM,autosif,09/14/2026 8:49:07 AM,Recipe=AM;LAYERID=8M6CL;LOWEST_N_WAFERS=4(optional);WAFER_LIST=(optional);KLARITY_STEPID=(optional);
D625411,65,MCR6Q065WAC4,0,0.006494,0.077932,0,0,0,0,0.152618,0,0,0,0,0.003247,0,0.025977,,D6254110,PR8B,09/14/2026 8:09:23 AM,BPD450,8M6CL,8M6CL,09/14/2026 10:00:15 AM,8M6CL,D1D,3,8786581,,,,,,,,,,,,,,,,,AME411,11,256528,AME411_PM1,P_78_ROADRUNNER_R2,09/14/2026 2:10:26 AM,11,189848,,1,1,1,1,1,1,,,,,,,,,,1,1,1,1,1,0,0,0,0,0,,,237813,19719,19719,19719,19719,,237838,237838,237813,,,,,,,,83,,,,,,0,96,139,6913,52137,139,52137,44532,52137,688,14656,688,14656,6913,114892,44532,6913,52137,,,52137,14656,688,6913,52137,114892,6913,114892,6913,688,52137,14656,688,,688,3056,52137,52137,52137,81,688,14656,6913,6913,114892,6913,52137,114892,6913,8349,6913,52137,09/14/2026 2:59:02 AM,1.924845,32,16.04038,09/14/2026 2:10:26 AM,263067,P_78_GABON_B10_R4,0.0398,09/14/2026 2:10:26 AM,AME411,11,256528,AME411_PM1,P_78_ROADRUNNER_R2,09/14/2026 2:10:26 AM,11,1.924845,32,16.04038,09/14/2026 2:10:26 AM,8PR8CVAB,FL78.6H0QE_SNIP_B0204_E180046,SNV440,8PR8CBMT60NA1,,,,,,,,,,,,,,,,,,,,,,,09/14/2026 2:57:15 AM,.,D,Y,Y,M,.,.,RA3!DLP2529734_1_SWIC_20260913_20324061_0!1,Recipe:AM;CHAMBER_RECIPE_ENTITYLIST_1:PM,sashankj,09/13/2026 8:31:41 PM,AME411_PM1 post PM GCOL,sashankj,09/13/2026 8:34:15 PM,OK-SJ,autosif,09/14/2026 1:27:23 AM,autosif,09/14/2026 2:57:15 AM,Recipe=AM;CHAMBER_RECIPE_ENTITYLIST_1=PM1;POR;AME411(optional);CHAMBER_RECIPE_ENTITYLIST_2=(optional);CHAMBER_RECIPE_ENTITYLIST_3=(optional);CHAMBER_RECIPE_ENTITYLIST_4=(optional);CHAMBER_RECIPE_ENTITYLIST_5=(optional);CHAMBER_RECIPE_ENTITYLIST_6=(optional);SIF_STEPTIME=(optional);SIF_OE_PCT=(optional);SIF_CYCLES=(optional);SIF_APC=AM;,09/14/2026 8:49:07 AM,.,D,Y,Y,M,.,.,RA3!DLP2529734_1_SWIC_20260913_20324061_1!1,Recipe:AM;LAYERID:8M6CL;LOWEST_N_WAFERS:,sashankj,09/13/2026 8:32:00 PM,AME411_PM1 NGCOL,sys_rf3pmes1,09/14/2026 4:47:08 AM,SIF is approved by AutoSIFDispo. Approved over budget as a part of IDLE_OB,autosif,09/14/2026 8:09:02 AM,autosif,09/14/2026 8:49:07 AM,Recipe=AM;LAYERID=8M6CL;LOWEST_N_WAFERS=4(optional);WAFER_LIST=(optional);KLARITY_STEPID=(optional);
D625411,81,MCRNQ081WAA1,0.01316,0,0.03025,0,0.003247,0,0,0.16441,0,0,0,0.003247,0.009742,0,0,0,D6254110,PR8B,09/14/2026 8:09:23 AM,BPD450,8M6CL,8M6CL,09/14/2026 10:00:35 AM,8M6CL,D1D,4,8786670,,,,,,,,,,,,,,,,,AME411,10,256528,AME411_PM1,P_78_ROADRUNNER_R2,09/14/2026 2:07:24 AM,10,189848,,1,1,1,1,1,1,,,,,,,,,,1,1,1,1,1,0,0,0,0,0,,,237813,19719,19719,19719,19719,,237838,237838,237813,,,,,,,,83,,,,,,0,96,139,6913,52137,139,52137,44532,52137,688,14656,688,14656,6913,114892,44532,6913,52137,,,52137,14656,688,6913,52137,114892,6913,114892,6913,688,52137,14656,688,,688,3056,52137,52137,52137,81,688,14656,6913,6913,114892,6913,52137,114892,6913,8349,6913,52137,09/14/2026 2:59:02 AM,1.924845,32,16.04038,09/14/2026 2:07:24 AM,263067,P_78_GABON_B10_R4,0.0398,09/14/2026 2:07:24 AM,AME411,10,256528,AME411_PM1,P_78_ROADRUNNER_R2,09/14/2026 2:07:24 AM,10,1.924845,32,16.04038,09/14/2026 2:07:24 AM,8PR8CVAB,FL78.6H0QE_SNIP_B0204_E180046,SNV440,8PR8CBMT60NA1,,,,,,,,,,,,,,,,,,,,,,,09/14/2026 2:57:15 AM,.,D,Y,Y,M,.,.,RA3!DLP2529734_1_SWIC_20260913_20324061_0!1,Recipe:AM;CHAMBER_RECIPE_ENTITYLIST_1:PM,sashankj,09/13/2026 8:31:41 PM,AME411_PM1 post PM GCOL,sashankj,09/13/2026 8:34:15 PM,OK-SJ,autosif,09/14/2026 1:27:23 AM,autosif,09/14/2026 2:57:15 AM,Recipe=AM;CHAMBER_RECIPE_ENTITYLIST_1=PM1;POR;AME411(optional);CHAMBER_RECIPE_ENTITYLIST_2=(optional);CHAMBER_RECIPE_ENTITYLIST_3=(optional);CHAMBER_RECIPE_ENTITYLIST_4=(optional);CHAMBER_RECIPE_ENTITYLIST_5=(optional);CHAMBER_RECIPE_ENTITYLIST_6=(optional);SIF_STEPTIME=(optional);SIF_OE_PCT=(optional);SIF_CYCLES=(optional);SIF_APC=AM;,09/14/2026 8:49:07 AM,.,D,Y,Y,M,.,.,RA3!DLP2529734_1_SWIC_20260913_20324061_1!1,Recipe:AM;LAYERID:8M6CL;LOWEST_N_WAFERS:,sashankj,09/13/2026 8:32:00 PM,AME411_PM1 NGCOL,sys_rf3pmes1,09/14/2026 4:47:08 AM,SIF is approved by AutoSIFDispo. Approved over budget as a part of IDLE_OB,autosif,09/14/2026 8:09:02 AM,autosif,09/14/2026 8:49:07 AM,Recipe=AM;LAYERID=8M6CL;LOWEST_N_WAFERS=4(optional);WAFER_LIST=(optional);KLARITY_STEPID=(optional);
D614EAN,739,5DXOY739MVE4,0,0,0.06347,0,0,0,0,0.24859,0,0.005289,0,0,0,0.005289,0.005289,,D614EAN0,X78E,09/14/2026 3:00:12 AM,BPD442,8M6CL,8M6CL,09/14/2026 9:37:22 AM,8M6CL,D1D,1,8376370,,,,,,,,,,,,,,,,,AME417,17,256528,AME417_PM1,P_78_ROADRUNNER_R2,09/14/2026 1:57:17 AM,9,252805,1,3,2,2,2,2,2,2,2,2,2,2,2,2,,,,,2,2,2,2,2,2,2,2,,,296213,59233,59233,59233,59233,,296237,296237,296213,,,,,,1,1,13,,,,,,,3617,3617,7985,50788,3617,50788,40119,50788,4406,74876,4406,74876,4406,74876,40119,7985,50788,,,50788,19996,964,2604,50788,129824,7985,129824,7985,964,50788,892,169,,964,964,50788,50788,50788,753,169,3651,2604,7985,129824,7985,50788,74876,4406,8728,7985,50788,09/14/2026 2:10:42 AM,6.077714,101,50.64762,09/14/2026 1:57:17 AM,252845,P_78_PIL16E_1A_R3,2.383817,09/14/2026 1:57:17 AM,AME417,17,256528,AME417_PM1,P_78_ROADRUNNER_R2,09/14/2026 1:57:17 AM,9,6.077714,101,50.64762,09/14/2026 1:57:17 AM,1L78EVAA,FL78.6K93E_SNIP_DLP2380294-1_6264,SNV440,1X78EASM6SNB1,,,,,,,,,,,,,,,,,,,,,,,,,,,,,,,,,,,,,,,,,,,,,,,,,,,,,,,,,,,,,,,,
D614EAN,745,5DXOY745MVG6,0,0,0.058181,0,0.005289,0,0,0.24859,0,0,0,0,0,0.005289,0,,D614EAN0,X78E,09/14/2026 3:00:12 AM,BPD442,8M6CL,8M6CL,09/14/2026 9:37:34 AM,8M6CL,D1D,2,8376345,,,,,,,,,,,,,,,,,AME417,10,256528,AME417_PM2,P_78_ROADRUNNER_R2,09/14/2026 1:45:04 AM,5,252805,1,3,2,2,2,2,2,2,2,2,2,2,2,2,,,,,2,2,2,2,2,2,2,2,,,296213,59233,59233,59233,59233,,296237,296237,296213,,,,,,1,,81,,,,,,,2071,2071,7662,50940,2071,50940,43093,50940,4402,74577,4402,74577,4402,74577,43093,7662,50940,,,50940,12536,580,5126,50940,121869,7662,121869,7662,580,50940,2090,97,,580,2600,50940,50940,50940,176,97,2090,5126,7662,121869,7662,50940,74577,4402,8093,7662,50940,09/14/2026 2:10:42 AM,5.5806,93,46.505,09/14/2026 1:45:04 AM,252845,P_78_PIL16E_1A_R3,2.383828,09/14/2026 1:45:04 AM,AME417,10,256528,AME417_PM2,P_78_ROADRUNNER_R2,09/14/2026 1:45:04 AM,5,5.5806,93,46.505,09/14/2026 1:45:04 AM,1L78EVAA,FL78.6K93E_SNIP_DLP2380294-1_6264,SNV440,1X78EASM6SNB1,,,,,,,,,,,,,,,,,,,,,,,,,,,,,,,,,,,,,,,,,,,,,,,,,,,,,,,,,,,,,,,,
D614EAN,751,5DXOY751MVB5,0,0,0.026446,0,0.005289,0,0,0.280325,0,0,0,0,0.005289,0,0,,D614EAN0,X78E,09/14/2026 3:00:12 AM,BPD442,8M6CL,8M6CL,09/14/2026 9:36:51 AM,8M6CL,D1D,3,8376493,,,,,,,,,,,,,,,,,AME417,24,256528,AME417_PM2,P_78_ROADRUNNER_R2,09/14/2026 2:06:27 AM,12,252805,1,3,2,2,2,2,2,2,2,2,2,2,2,2,,,,,2,2,2,2,2,2,2,2,,,296213,59233,59233,59233,59233,,296237,296237,296213,,,,,,1,,81,,,,,,,2071,2071,7662,50940,2071,50940,43093,50940,4402,74577,4402,74577,4402,74577,43093,7662,50940,,,50940,12536,580,5126,50940,121869,7662,121869,7662,580,50940,2090,97,,580,2600,50940,50940,50940,176,97,2090,5126,7662,121869,7662,50940,74577,4402,8093,7662,50940,09/14/2026 2:10:42 AM,5.5806,93,46.505,09/14/2026 2:06:27 AM,252845,P_78_PIL16E_1A_R3,2.383828,09/14/2026 2:06:27 AM,AME417,24,256528,AME417_PM2,P_78_ROADRUNNER_R2,09/14/2026 2:06:27 AM,12,5.5806,93,46.505,09/14/2026 2:06:27 AM,1L78EVAA,FL78.6K93E_SNIP_DLP2380294-1_6264,SNV440,1X78EASM6SNB1,,,,,,,,,,,,,,,,,,,,,,,,,,,,,,,,,,,,,,,,,,,,,,,,,,,,,,,,,,,,,,,,
D614EAN,754,5DXOY754MVH0,0,0,0.005273,0,0,0,0,0.263642,0,0,0,0.005273,0.005273,0,0,,D614EAN0,X78E,09/14/2026 3:00:12 AM,BPD442,8M6CL,8M6CL,09/14/2026 9:37:32 AM,8M6CL,D1D,4,8376484,,,,,,,,,,,,,,,,,AME417,25,256528,AME417_PM1,P_78_ROADRUNNER_R2,09/14/2026 2:09:25 AM,13,252805,1,3,2,2,2,2,2,2,2,2,2,2,2,2,,,,,2,2,2,2,2,2,2,2,,,296213,59233,59233,59233,59233,,296237,296237,296213,,,,,,1,1,13,,,,,,,3617,3617,7985,50788,3617,50788,40119,50788,4406,74876,4406,74876,4406,74876,40119,7985,50788,,,50788,19996,964,2604,50788,129824,7985,129824,7985,964,50788,892,169,,964,964,50788,50788,50788,753,169,3651,2604,7985,129824,7985,50788,74876,4406,8728,7985,50788,09/14/2026 2:10:42 AM,6.077714,101,50.64762,09/14/2026 2:09:25 AM,252845,P_78_PIL16E_1A_R3,2.383817,09/14/2026 2:09:25 AM,AME417,25,256528,AME417_PM1,P_78_ROADRUNNER_R2,09/14/2026 2:09:25 AM,13,6.077714,101,50.64762,09/14/2026 2:09:25 AM,1L78EVAA,FL78.6K93E_SNIP_DLP2380294-1_6264,SNV440,1X78EASM6SNB1,,,,,,,,,,,,,,,,,,,,,,,,,,,,,,,,,,,,,,,,,,,,,,,,,,,,,,,,,,,,,,,,
D623165,471,5DXXQ471MVA3,0,0,0.041564,0.007144,0,0,0,0.178595,0,0,0,0,0.006494,0.003247,0,0,D6231650,PR8B,09/17/2026 10:15:44 AM,BPD450,8M6CL,8M6CL,09/18/2026 9:52:44 AM,8M6CL,D1D,1,8705373,,,,,,,,,,,,,,,,,AME423,24,256528,AME423_PM6,P_78_ROADRUNNER_R2,09/17/2026 9:45:42 AM,12,254600,1,,,,,2,2,2,2,2,2,2,2,2,2,2,2,1,1,1,1,1,,,,,,,290371,290371,290360,290371,290360,,290366,290366,290366,,,,,,,,59,,,0,,,,1800,1798,5657,42728,3880,42728,35936,42728,5657,93642,5657,93642,5657,93642,35936,5657,42728,,,42728,21479,1030,3861,42728,93642,5657,93642,5657,1030,42728,3943,198,,1030,1030,42728,42728,42728,853,198,3943,2136,5657,93642,5657,42728,93642,5657,6828,5657,42728,09/17/2026 9:50:32 AM,4.829951,83,40.24959,09/17/2026 9:45:42 AM,256528,P_78_ROADRUNNER_R2,0.485628,09/17/2026 9:45:42 AM,AME423,24,256528,AME423_PM6,P_78_ROADRUNNER_R2,09/17/2026 9:45:42 AM,12,4.829951,83,40.24959,09/17/2026 9:45:42 AM,8PR8CVAB,FL78.6H0QE_SNIP_B0204_E180046,SNV440,8PR8CBMT60NA1,,,,,,,,,,,,,,,,,,,,,,,,,,,,,,,,,,,,,,,,,,,,,,,,,,,,,,,,,,,,,,,,
D623165,480,5DXXQ480MVA5,0,0,0.08793,0,0,0,0,0.161205,0,0.011864,0,0,0.004187,0.020936,0,0,D6231650,PR8B,09/17/2026 10:15:44 AM,BPD450,8M6CL,8M6CL,09/18/2026 9:54:04 AM,8M6CL,D1D,2,8705394,,,,,,,,,,,,,,,,,AME423,3,256528,AME423_PM5,P_78_ROADRUNNER_R2,09/17/2026 9:05:27 AM,2,254600,1,,,,,2,2,2,2,2,2,2,2,2,2,2,2,1,1,1,1,1,,,,,,,290371,290371,290360,290371,290360,,290366,290366,290366,,,,,,,,38,,,,,,0,673,672,3300,22958,994,22958,18679,22958,3300,60309,3300,60309,3300,60309,18679,3300,22958,,,22958,1003,55,1030,22958,60309,3300,60309,3300,55,22958,1003,55,,55,3300,22958,22958,22958,671,55,1003,3300,3300,60309,3300,22958,60309,3300,7351,3300,22958,09/17/2026 9:50:32 AM,5.235223,89.75369,43.62685,09/17/2026 9:05:27 AM,256528,P_78_ROADRUNNER_R2,0.434722,09/17/2026 9:05:27 AM,AME423,3,256528,AME423_PM5,P_78_ROADRUNNER_R2,09/17/2026 9:05:27 AM,2,5.235223,89.75369,43.62685,09/17/2026 9:05:27 AM,8PR8CVAB,FL78.6H0QE_SNIP_B0204_E180046,SNV440,8PR8CBMT60NA1,,,,,,,,,,,,,,,,,,,,,,,,,,,,,,,,,,,,,,,,,,,,,,,,,,,,,,,,,,,,,,,,
D619273,2,A2GFE002SLA0,0,0,0.034893,0,0,0,0,0.094211,0,0,0,0.006979,0.003489,0.017446,0,,D6192730,PR8B,09/16/2026 7:23:04 PM,BPD454,8M6CL,8M6CL,09/17/2026 8:01:02 AM,8M6CL,D1D,1,8550459,,,,,,,,,,,,,,,,,AME401,8,256528,AME401_PM1,P_78_ROADRUNNER_R2,09/16/2026 5:53:45 PM,2,86847,0.833333,,,,,,,,,,,,,,3,3,3,3,3,2,2,2,2,2,2,,,,102524,102524,102524,102524,102524,,102524,102524,102524,,,,,,,1,1,,,,,,,6654,6652,12471,33761,9118,33761,29105,33761,12471,194967,12471,194967,12471,194967,29105,3249,33761,,,33761,28856,1371,10670,33761,194967,12471,180098,11161,1371,33761,9204,403,,1371,3995,33761,33761,33761,601,414,9318,3995,12471,194967,12471,33761,194967,12471,8965,12471,33761,09/16/2026 6:28:36 PM,2.887223,54.57281,24.06019,09/16/2026 5:53:45 PM,256531,P_78_ROADRUNNER_R2,0.490948,09/16/2026 5:53:45 PM,AME401,8,256528,AME401_PM1,P_78_ROADRUNNER_R2,09/16/2026 5:53:45 PM,2,2.887223,54.57281,24.06019,09/16/2026 5:53:45 PM,8PR8CVAB,FL78.6H0QE_SNIP_B0204_E180046,SNY510,8PR8CBMT60NA2,,,,,,,,,,,,,,,,,,,,,,,,,,,,,,,,,,,,,,,,,,,,,,,,,,,,,,,,,,,,,,,,
D619273,92,A2FSN092SLH2,0,0,0.045361,0,0.003489,0,0.003489,0.0977,0,0,0,0.006979,0,0.006979,0,,D6192730,PR8B,09/16/2026 7:23:04 PM,BPD454,8M6CL,8M6CL,09/17/2026 8:01:04 AM,8M6CL,D1D,2,8550638,,,,,,,,,,,,,,,,,AME401,23,256528,AME401_PM1,P_78_ROADRUNNER_R2,09/16/2026 6:24:02 PM,12,86847,0.833333,,,,,,,,,,,,,,3,3,3,3,3,2,2,2,2,2,2,,,,102524,102524,102524,102524,102524,,102524,102524,102524,,,,,,,1,1,,,,,,,6654,6652,12471,33761,9118,33761,29105,33761,12471,194967,12471,194967,12471,194967,29105,3249,33761,,,33761,28856,1371,10670,33761,194967,12471,180098,11161,1371,33761,9204,403,,1371,3995,33761,33761,33761,601,414,9318,3995,12471,194967,12471,33761,194967,12471,8965,12471,33761,09/16/2026 6:28:36 PM,2.887223,54.57281,24.06019,09/16/2026 6:24:02 PM,256531,P_78_ROADRUNNER_R2,0.490948,09/16/2026 6:24:02 PM,AME401,23,256528,AME401_PM1,P_78_ROADRUNNER_R2,09/16/2026 6:24:02 PM,12,2.887223,54.57281,24.06019,09/16/2026 6:24:02 PM,8PR8CVAB,FL78.6H0QE_SNIP_B0204_E180046,SNY510,8PR8CBMT60NA2,,,,,,,,,,,,,,,,,,,,,,,,,,,,,,,,,,,,,,,,,,,,,,,,,,,,,,,,,,,,,,,,
D619273,243,A2FG2243SLH1,0,0,0.032472,0.006494,0,0,0,0.123393,0,0,0,0,0,0.009742,0.006494,,D6192730,PR8B,09/16/2026 7:23:04 PM,BPD454,8M6CL,8M6CL,09/17/2026 8:01:20 AM,8M6CL,D1D,3,8550678,,,,,,,,,,,,,,,,,AME401,13,256528,AME401_PM2,P_78_ROADRUNNER_R2,09/16/2026 6:17:58 PM,10,86847,0.833333,,,,,,,,,,,,,,3,3,3,3,3,2,2,2,2,2,2,,,,102524,102524,102524,102524,102524,,102524,102524,102524,,,,0,0,1,1,19,,,,,,,5831,5831,11460,27034,5831,27034,25423,27034,11460,158490,11460,158490,11460,158490,25423,11460,27034,,,27034,25661,1235,1235,27034,158490,11460,158490,11460,1235,27034,5887,260,,1235,5282,27034,27034,27034,113,260,5887,1235,11460,158490,11460,27034,158490,11460,8837,11460,27034,09/16/2026 6:28:36 PM,3.17358,58.64279,26.4465,09/16/2026 6:17:58 PM,256531,P_78_ROADRUNNER_R2,0.490958,09/16/2026 6:17:58 PM,AME401,13,256528,AME401_PM2,P_78_ROADRUNNER_R2,09/16/2026 6:17:58 PM,10,3.17358,58.64279,26.4465,09/16/2026 6:17:58 PM,8PR8CVAB,FL78.6H0QE_SNIP_B0204_E180046,SNY510,8PR8CBMT60NA2,,,,,,,,,,,,,,,,,,,,,,,,,,,,,,,,,,,,,,,,,,,,,,,,,,,,,,,,,,,,,,,,
D619273,246,A2FG2246SLF1,0,0,0.006979,0,0,0,0,0.115147,0.003489,0,0,0.006979,0,0.010468,0.003489,,D6192730,PR8B,09/16/2026 7:23:04 PM,BPD454,8M6CL,8M6CL,09/17/2026 8:01:16 AM,8M6CL,D1D,4,8550540,,,,,,,,,,,,,,,,,AME401,25,256528,AME401_PM1,P_78_ROADRUNNER_R2,09/16/2026 5:56:46 PM,3,86847,0.833333,,,,,,,,,,,,,,3,3,3,3,3,2,2,2,2,2,2,,,,102524,102524,102524,102524,102524,,102524,102524,102524,,,,,,,1,1,,,,,,,6654,6652,12471,33761,9118,33761,29105,33761,12471,194967,12471,194967,12471,194967,29105,3249,33761,,,33761,28856,1371,10670,33761,194967,12471,180098,11161,1371,33761,9204,403,,1371,3995,33761,33761,33761,601,414,9318,3995,12471,194967,12471,33761,194967,12471,8965,12471,33761,09/16/2026 6:28:36 PM,2.887223,54.57281,24.06019,09/16/2026 5:56:46 PM,256531,P_78_ROADRUNNER_R2,0.490948,09/16/2026 5:56:46 PM,AME401,25,256528,AME401_PM1,P_78_ROADRUNNER_R2,09/16/2026 5:56:46 PM,3,2.887223,54.57281,24.06019,09/16/2026 5:56:46 PM,8PR8CVAB,FL78.6H0QE_SNIP_B0204_E180046,SNY510,8PR8CBMT60NA2,,,,,,,,,,,,,,,,,,,,,,,,,,,,,,,,,,,,,,,,,,,,,,,,,,,,,,,,,,,,,,,,
D619336,12,A2DFY012SLG3,0,0,0.025085,0.003584,0,0,0,0.186345,0,0,0,0,0,0.003584,0,,D6193360,PNCB,09/17/2026 3:28:48 PM,BPD442,8M6CL,8M6CL,09/18/2026 9:38:30 AM,8M6CL,D1D,1,8565193,,,,,,,,,,,,,,,,,AME411,17,256528,AME411_PM1,P_78_ROADRUNNER_R2,09/17/2026 2:15:44 PM,17,191686,1,,,,,,,2,2,2,2,2,2,1,1,1,1,1,1,1,1,1,,,,,,,239651,21557,21557,21557,21557,,239676,239676,239651,,,,,,,2,26,,,,,,0,483,526,6933,52524,526,52524,44919,52524,708,15047,708,15047,6933,115283,44919,6933,52524,,,52524,15047,708,6933,52524,115283,6933,115283,6933,708,52524,15047,708,,708,3076,52524,52524,52524,468,708,15047,6933,6933,115283,6933,52524,115283,6933,8736,6933,52524,09/17/2026 2:47:07 PM,1.835773,26,15.29811,09/17/2026 2:15:44 PM,175972,M_UBE_MIMIC_R4,0.041025,09/17/2026 2:15:44 PM,AME411,17,256528,AME411_PM1,P_78_ROADRUNNER_R2,09/17/2026 2:15:44 PM,17,1.835773,26,15.29811,09/17/2026 2:15:44 PM,8PONCVBB,FL78.3FGTC_SNIP_B0204_E180046,SNY512,8PXSCBMT61NA4,,,,,,,,,,,,,,,,,,,,,,,09/17/2026 2:46:14 PM,.,D,Y,Y,M,.,.,RA3!DLP2491137_1_SWIC_20260917_09100958_0!1,Recipe:AM;CHAMBER_RECIPE_ENTITYLIST_1:PM,williamw,09/17/2026 9:03:42 AM,NGCOL for AME411.1,williamw,09/17/2026 9:16:17 AM,ngcol,autosif,09/17/2026 1:11:29 PM,autosif,09/17/2026 2:46:14 PM,Recipe=AM;CHAMBER_RECIPE_ENTITYLIST_1=PM1;POR;AME411(optional);CHAMBER_RECIPE_ENTITYLIST_2=(optional);CHAMBER_RECIPE_ENTITYLIST_3=(optional);CHAMBER_RECIPE_ENTITYLIST_4=(optional);CHAMBER_RECIPE_ENTITYLIST_5=(optional);CHAMBER_RECIPE_ENTITYLIST_6=(optional);SIF_STEPTIME=(optional);SIF_OE_PCT=(optional);SIF_CYCLES=(optional);SIF_APC=AM;SIF_APC_OFFSET=(optional);SIF_APC_RAILOVERRIDE=(optional);,09/17/2026 3:52:07 PM,.,D,Y,Y,M,.,.,RA3!DLP2491137_1_SWIC_20260917_09100958_1!1,Recipe:AM;LAYERID:8M6CL;LOWEST_N_WAFERS:,williamw,09/17/2026 9:07:05 AM,,sys_rf3pmes1,09/17/2026 3:16:48 PM,SIF is approved by AutoSIFDispo. Approved over budget as a part of IDLE_OB,autosif,09/17/2026 3:28:26 PM,autosif,09/17/2026 3:52:07 PM,Recipe=AM;LAYERID=8M6CL;LOWEST_N_WAFERS=3(optional);WAFER_LIST=(optional);KLARITY_STEPID=(optional);
D619336,20,A2DFY020SLC3,0,0,0,0,0,0,0,0.189929,0,0,0,0,0,0,0,,D6193360,PNCB,09/17/2026 3:28:48 PM,BPD442,8M6CL,8M6CL,09/18/2026 9:38:39 AM,8M6CL,D1D,2,8565196,,,,,,,,,,,,,,,,,AME411,6,256528,AME411_PM1,P_78_ROADRUNNER_R2,09/17/2026 1:43:03 PM,6,191686,1,,,,,,,2,2,2,2,2,2,1,1,1,1,1,1,1,1,1,,,,,,,239651,21557,21557,21557,21557,,239676,239676,239651,,,,,,,2,26,,,,,,0,483,526,6933,52524,526,52524,44919,52524,708,15047,708,15047,6933,115283,44919,6933,52524,,,52524,15047,708,6933,52524,115283,6933,115283,6933,708,52524,15047,708,,708,3076,52524,52524,52524,468,708,15047,6933,6933,115283,6933,52524,115283,6933,8736,6933,52524,09/17/2026 2:47:07 PM,1.835773,26,15.29811,09/17/2026 1:43:03 PM,175972,M_UBE_MIMIC_R4,0.041025,09/17/2026 1:43:03 PM,AME411,6,256528,AME411_PM1,P_78_ROADRUNNER_R2,09/17/2026 1:43:03 PM,6,1.835773,26,15.29811,09/17/2026 1:43:03 PM,8PONCVBB,FL78.3FGTC_SNIP_B0204_E180046,SNY512,8PXSCBMT61NA4,,,,,,,,,,,,,,,,,,,,,,,09/17/2026 2:46:14 PM,.,D,Y,Y,M,.,.,RA3!DLP2491137_1_SWIC_20260917_09100958_0!1,Recipe:AM;CHAMBER_RECIPE_ENTITYLIST_1:PM,williamw,09/17/2026 9:03:42 AM,NGCOL for AME411.1,williamw,09/17/2026 9:16:17 AM,ngcol,autosif,09/17/2026 1:11:29 PM,autosif,09/17/2026 2:46:14 PM,Recipe=AM;CHAMBER_RECIPE_ENTITYLIST_1=PM1;POR;AME411(optional);CHAMBER_RECIPE_ENTITYLIST_2=(optional);CHAMBER_RECIPE_ENTITYLIST_3=(optional);CHAMBER_RECIPE_ENTITYLIST_4=(optional);CHAMBER_RECIPE_ENTITYLIST_5=(optional);CHAMBER_RECIPE_ENTITYLIST_6=(optional);SIF_STEPTIME=(optional);SIF_OE_PCT=(optional);SIF_CYCLES=(optional);SIF_APC=AM;SIF_APC_OFFSET=(optional);SIF_APC_RAILOVERRIDE=(optional);,09/17/2026 3:52:07 PM,.,D,Y,Y,M,.,.,RA3!DLP2491137_1_SWIC_20260917_09100958_1!1,Recipe:AM;LAYERID:8M6CL;LOWEST_N_WAFERS:,williamw,09/17/2026 9:07:05 AM,,sys_rf3pmes1,09/17/2026 3:16:48 PM,SIF is approved by AutoSIFDispo. Approved over budget as a part of IDLE_OB,autosif,09/17/2026 3:28:26 PM,autosif,09/17/2026 3:52:07 PM,Recipe=AM;LAYERID=8M6CL;LOWEST_N_WAFERS=3(optional);WAFER_LIST=(optional);KLARITY_STEPID=(optional);
D619336,24,A2DFY024SLE5,0.003584,0.003584,0.017918,0,0,0,0,0.186345,0,0,0,0.003584,0,0,0,,D6193360,PNCB,09/17/2026 3:28:48 PM,BPD442,8M6CL,8M6CL,09/18/2026 9:38:24 AM,8M6CL,D1D,3,8565172,,,,,,,,,,,,,,,,,AME411,12,256528,AME411_PM1,P_78_ROADRUNNER_R2,09/17/2026 2:00:54 PM,12,191686,1,,,,,,,2,2,2,2,2,2,1,1,1,1,1,1,1,1,1,,,,,,,239651,21557,21557,21557,21557,,239676,239676,239651,,,,,,,2,26,,,,,,0,483,526,6933,52524,526,52524,44919,52524,708,15047,708,15047,6933,115283,44919,6933,52524,,,52524,15047,708,6933,52524,115283,6933,115283,6933,708,52524,15047,708,,708,3076,52524,52524,52524,468,708,15047,6933,6933,115283,6933,52524,115283,6933,8736,6933,52524,09/17/2026 2:47:07 PM,1.835773,26,15.29811,09/17/2026 2:00:54 PM,175972,M_UBE_MIMIC_R4,0.041025,09/17/2026 2:00:54 PM,AME411,12,256528,AME411_PM1,P_78_ROADRUNNER_R2,09/17/2026 2:00:54 PM,12,1.835773,26,15.29811,09/17/2026 2:00:54 PM,8PONCVBB,FL78.3FGTC_SNIP_B0204_E180046,SNY512,8PXSCBMT61NA4,,,,,,,,,,,,,,,,,,,,,,,09/17/2026 2:46:14 PM,.,D,Y,Y,M,.,.,RA3!DLP2491137_1_SWIC_20260917_09100958_0!1,Recipe:AM;CHAMBER_RECIPE_ENTITYLIST_1:PM,williamw,09/17/2026 9:03:42 AM,NGCOL for AME411.1,williamw,09/17/2026 9:16:17 AM,ngcol,autosif,09/17/2026 1:11:29 PM,autosif,09/17/2026 2:46:14 PM,Recipe=AM;CHAMBER_RECIPE_ENTITYLIST_1=PM1;POR;AME411(optional);CHAMBER_RECIPE_ENTITYLIST_2=(optional);CHAMBER_RECIPE_ENTITYLIST_3=(optional);CHAMBER_RECIPE_ENTITYLIST_4=(optional);CHAMBER_RECIPE_ENTITYLIST_5=(optional);CHAMBER_RECIPE_ENTITYLIST_6=(optional);SIF_STEPTIME=(optional);SIF_OE_PCT=(optional);SIF_CYCLES=(optional);SIF_APC=AM;SIF_APC_OFFSET=(optional);SIF_APC_RAILOVERRIDE=(optional);,09/17/2026 3:52:07 PM,.,D,Y,Y,M,.,.,RA3!DLP2491137_1_SWIC_20260917_09100958_1!1,Recipe:AM;LAYERID:8M6CL;LOWEST_N_WAFERS:,williamw,09/17/2026 9:07:05 AM,,sys_rf3pmes1,09/17/2026 3:16:48 PM,SIF is approved by AutoSIFDispo. Approved over budget as a part of IDLE_OB,autosif,09/17/2026 3:28:26 PM,autosif,09/17/2026 3:52:07 PM,Recipe=AM;LAYERID=8M6CL;LOWEST_N_WAFERS=3(optional);WAFER_LIST=(optional);KLARITY_STEPID=(optional);
D624293,432,5DXYR432MVE6,0,0,0.027914,0,0,0,0,0.14655,0,0,0.003489,0,0.003489,0.017446,0,,D6242930,PR8B,09/17/2026 8:20:42 AM,BPD432,8M6CL,8M6CL,09/18/2026 9:52:32 AM,8M6CL,D1D,1,8746893,,,,,,,,,,,,,,,,,AME423,16,256528,AME423_PM4,P_78_ROADRUNNER_R2,09/17/2026 7:16:11 AM,8,254476,1,,,,,2,2,2,2,2,2,2,2,2,2,1,1,1,1,1,1,1,,,,,,,290247,290247,290236,290247,290236,,290242,290242,290242,1,,,0,0,,,56,,,,,,,1663,1662,5127,54171,9840,54171,52073,54171,877,18430,5127,93302,5127,93302,52073,5127,54171,,,54171,18430,877,5127,54171,93302,5127,93302,5127,448,54171,9934,448,,448,877,54171,54171,54171,693,448,9934,5127,5127,93302,5127,54171,93302,5127,9025,5127,54171,09/17/2026 7:37:46 AM,5.455336,97,45.46114,09/17/2026 7:16:11 AM,259044,P_78_THAR_R5,0.485677,09/17/2026 7:16:11 AM,AME423,16,256528,AME423_PM4,P_78_ROADRUNNER_R2,09/17/2026 7:16:11 AM,8,5.455336,97,45.46114,09/17/2026 7:16:11 AM,8PR8CVAB,FL78.6H0QE_SNIP_B0204_E180046,SNV440,8PR8CBMT60NA1,,,,,,,,,,,,,,,,,,,,,,,,,,,,,,,,,,,,,,,,,,,,,,,,,,,,,,,,,,,,,,,,
D624293,452,5DXYR452MVG3,0.003489,0,0.020936,0.003489,0,0,0,0.132593,0,0,0,0.003489,0.013957,0.006979,0,,D6242930,PR8B,09/17/2026 8:20:42 AM,BPD432,8M6CL,8M6CL,09/18/2026 9:52:07 AM,8M6CL,D1D,2,8746947,,,,,,,,,,,,,,,,,AME423,7,256528,AME423_PM3,P_78_ROADRUNNER_R2,09/17/2026 7:00:08 AM,4,254476,1,,,,,2,2,2,2,2,2,2,2,2,2,1,1,1,1,1,1,1,,,,,,,290247,290247,290236,290247,290236,,290242,290242,290242,1,,,,1,,,110,,,,,,,391,391,6821,71149,11140,71149,60717,71149,3215,68020,3215,68020,3215,68020,60717,3215,71149,,,71149,30759,1414,5018,71149,132072,6821,132072,6821,1414,71149,11245,502,,1414,1414,71149,71149,71149,390,502,11245,6821,6821,132072,6821,71149,68020,3215,10195,6821,71149,09/17/2026 7:37:46 AM,6.456542,116,53.80451,09/17/2026 7:00:08 AM,259044,P_78_THAR_R5,0.485663,09/17/2026 7:00:08 AM,AME423,7,256528,AME423_PM3,P_78_ROADRUNNER_R2,09/17/2026 7:00:08 AM,4,6.456542,116,53.80451,09/17/2026 7:00:08 AM,8PR8CVAB,FL78.6H0QE_SNIP_B0204_E180046,SNV440,8PR8CBMT60NA1,,,,,,,,,,,,,,,,,,,,,,,,,,,,,,,,,,,,,,,,,,,,,,,,,,,,,,,,,,,,,,,,
D622607,406,HL2XW406JKF1,0.003489,0,0.020936,0.013957,0,0,0.003489,0.19889,0,0,0,0.017446,0.006979,0.031404,0,,D6226070,PR8B,09/17/2026 8:31:26 AM,BPD450,8M6CL,8M6CL,09/18/2026 9:54:04 AM,8M6CL,D1D,1,8668916,,,,,,,,,,,,,,,,,AME427,23,256528,AME427_PM2,P_78_ROADRUNNER_R2,09/17/2026 12:07:16 AM,2,215437,1,3,3,3,3,3,3,3,2,2,2,2,2,2,2,2,2,2,2,2,2,2,2,2,2,2,,,272493,272493,272518,272493,272518,,272493,272493,272493,,,,,,1,,4,,,,,,,1292,1307,2920,44725,4696,44725,32394,44725,2920,46571,2920,46571,2920,46571,32394,2920,44726,,,44726,20368,1045,2920,44726,46571,2920,46571,2920,1045,44726,4743,216,,1045,2920,44726,44726,44726,926,216,4743,2920,2920,46571,2920,44726,46571,2920,4941,2920,44726,09/17/2026 12:14:32 AM,9.583648,156.8755,79.86373,09/17/2026 12:07:16 AM,256528,P_78_ROADRUNNER_R2,0.348389,09/17/2026 12:07:16 AM,AME427,23,256528,AME427_PM2,P_78_ROADRUNNER_R2,09/17/2026 12:07:16 AM,2,9.583648,156.8755,79.86373,09/17/2026 12:07:16 AM,8PR8CVAB,FL78.6H0QE_SNIP_B0204_E180046,SNV440,8PR8CBMT60NA1,,,,,,,,,,,,,,,,,,,,,,,,,,,,,,,,,,,,,,,,,,,,,,,,,,,,,,,,,,,,,,,,
D622607,407,HL2XW407JKC0,0.035719,0,0.006494,0,0,0,0,0.165606,0,0,0,0.012989,0.003247,0.012989,0.006494,,D6226070,PR8B,09/17/2026 8:31:26 AM,BPD450,8M6CL,8M6CL,09/18/2026 9:54:10 AM,8M6CL,D1D,2,8668929,,,,,,,,,,,,,,,,,AME427,5,256528,AME427_PM1,P_78_ROADRUNNER_R2,09/16/2026 11:55:38 PM,4,215437,1,3,3,3,3,3,3,3,2,2,2,2,2,2,2,2,2,2,2,2,2,2,2,2,2,2,,,272493,272493,272518,272493,272518,,272493,272493,272493,,,,,,1,1,37207,,,,,,,1445,1445,2433,27323,14991,27323,14991,27323,2433,36009,2433,36009,2433,36009,14991,2433,27323,,,27323,36009,2425,2425,27323,36009,2433,36009,2433,2425,27323,10829,629,,2425,2433,27323,27323,27323,484,629,10829,2433,2433,36009,2433,27323,36009,2433,6018,2433,27323,09/17/2026 12:14:32 AM,11.12736,184,92.72797,09/16/2026 11:55:38 PM,256528,P_78_ROADRUNNER_R2,0.026689,09/16/2026 11:55:38 PM,AME427,5,256528,AME427_PM1,P_78_ROADRUNNER_R2,09/16/2026 11:55:38 PM,4,11.12736,184,92.72797,09/16/2026 11:55:38 PM,8PR8CVAB,FL78.6H0QE_SNIP_B0204_E180046,SNV440,8PR8CBMT60NA1,,,,,,,,,,,,,,,,,,,,,,,,,,,,,,,,,,,,,,,,,,,,,,,,,,,,,,,,,,,,,,,,
D621486,244,KJD2K244WFA5,0,0,0.013957,0.006979,0,0,0,0.108168,0,0,0,0,0.003489,0.017446,0,,D6214860,PR8B,09/16/2026 7:18:35 AM,BPD432,8M6CL,8M6CL,09/16/2026 8:24:37 AM,8M6CL,D1D,1,8625035,,,,,,,,,,,,,,,,,AME409,25,256528,AME409_PM3,P_78_ROADRUNNER_R2,09/16/2026 6:30:23 AM,13,226354,1,1,1,1,1,0,0,0,0,0,0,0,0,0,0,0,0,0,0,0,0,0,0,0,0,0,,,266287,266265,266235,266287,266258,,266265,266265,266265,,0,0,0,0,1,,102,,,,,,,997,997,7851,50018,15678,50018,41890,50018,7851,124808,7851,124808,7851,124808,41890,7851,50018,0,0,50018,33743,1666,3287,50018,124808,7851,124808,7851,1666,50018,15825,735,1,1666,1666,50017,50017,50017,37,735,15825,3287,7851,124808,7851,50017,124808,7851,10455,7851,50018,09/16/2026 6:31:55 AM,4.256613,63,35.47178,09/16/2026 6:30:23 AM,290590,P_78_ROADRUNNER_R4,0.315188,09/16/2026 6:30:23 AM,AME409,25,256528,AME409_PM3,P_78_ROADRUNNER_R2,09/16/2026 6:30:23 AM,13,4.256613,63,35.47178,09/16/2026 6:30:23 AM,8PR8CVAB,FL78.6H0QE_SNIP_B0204_E180046,SNY510,8PR8CBMT60NA1,,,,,,,,,,,,,,,,,,,,,,,,,,,,,,,,,,,,,,,,,,,,,,,,,,,,,,,,,,,,,,,,
D621486,253,KJD2K253WFA7,0,0,0.010066,0.00341,0.003247,0,0,0.144337,0,0,0,0.055527,0.04611,0.029549,0,0,D6214860,PR8B,09/16/2026 7:18:35 AM,BPD432,8M6CL,8M6CL,09/16/2026 8:24:40 AM,8M6CL,D1D,2,8625151,,,,,,,,,,,,,,,,,AME409,22,256528,AME409_PM4,P_78_ROADRUNNER_R2,09/16/2026 6:24:23 AM,11,226354,1,1,1,1,1,0,0,0,0,0,0,0,0,0,0,0,0,0,0,0,0,0,0,0,0,0,,,266287,266265,266235,266287,266258,,266265,266265,266265,,0,,,,1,1,68,,,,,0,,784,784,7833,41856,1105,41856,34523,41856,6228,97065,6228,97065,6228,97065,34523,7833,41856,,,41856,30811,1590,3608,41856,121284,7833,121284,7833,1590,41856,13090,634,,1590,3608,41856,41856,41856,786,634,13090,7833,7833,121284,7833,41856,97065,6228,8015,7833,41856,09/16/2026 6:31:55 AM,2.365754,44,19.71462,09/16/2026 6:24:23 AM,290590,P_78_ROADRUNNER_R4,0.315197,09/16/2026 6:24:23 AM,AME409,22,256528,AME409_PM4,P_78_ROADRUNNER_R2,09/16/2026 6:24:23 AM,11,2.365754,44,19.71462,09/16/2026 6:24:23 AM,8PR8CVAB,FL78.6H0QE_SNIP_B0204_E180046,SNY510,8PR8CBMT60NA1,,,,,,,,,,,,,,,,,,,,,,,,,,,,,,,,,,,,,,,,,,,,,,,,,,,,,,,,,,,,,,,,
D621486,267,KJD2K267WFA2,0,0,0.009742,0.003247,0.006494,0,0,0.10391,0,0,0,0,0,0.006494,0,,D6214860,PR8B,09/16/2026 8:36:56 AM,BPD446,8M6CL,8M6CL,09/17/2026 7:58:14 AM,8M6CL,D1D,3,8625106,,,,,,,,,,,,,,,,,AME409,1,256528,AME409_PM3,P_78_ROADRUNNER_R2,09/16/2026 5:50:14 AM,1,226354,1,1,1,1,1,0,0,0,0,0,0,0,0,0,0,0,0,0,0,0,0,0,0,0,0,0,,,266287,266265,266235,266287,266258,,266265,266265,266265,,0,0,0,0,1,,102,,,,,,,997,997,7851,50018,15678,50018,41890,50018,7851,124808,7851,124808,7851,124808,41890,7851,50018,0,0,50018,33743,1666,3287,50018,124808,7851,124808,7851,1666,50018,15825,735,1,1666,1666,50017,50017,50017,37,735,15825,3287,7851,124808,7851,50017,124808,7851,10455,7851,50018,09/16/2026 6:31:55 AM,4.256613,63,35.47178,09/16/2026 5:50:14 AM,290590,P_78_ROADRUNNER_R4,0.315188,09/16/2026 5:50:14 AM,AME409,1,256528,AME409_PM3,P_78_ROADRUNNER_R2,09/16/2026 5:50:14 AM,1,4.256613,63,35.47178,09/16/2026 5:50:14 AM,8PR8CVAB,FL78.6H0QE_SNIP_B0204_E180046,SNY510,8PR8CBMT60NA1,,,,,,,,,,,,,,,,,,,,,,,,,,,,,,,,,,,,,,,,,,,,,,,,,,,,,,,,,,,,,,,,
D621486,278,KJD2K278WFB5,0,0,0.013957,0,0.003489,0,0,0.10119,0,0,0,0.003489,0.010468,0.003489,0,,D6214860,PR8B,09/16/2026 8:36:56 AM,BPD446,8M6CL,8M6CL,09/17/2026 8:00:46 AM,8M6CL,D1D,4,8625088,,,,,,,,,,,,,,,,,AME409,17,256528,AME409_PM3,P_78_ROADRUNNER_R2,09/16/2026 6:18:03 AM,9,226354,1,1,1,1,1,0,0,0,0,0,0,0,0,0,0,0,0,0,0,0,0,0,0,0,0,0,,,266287,266265,266235,266287,266258,,266265,266265,266265,,0,0,0,0,1,,102,,,,,,,997,997,7851,50018,15678,50018,41890,50018,7851,124808,7851,124808,7851,124808,41890,7851,50018,0,0,50018,33743,1666,3287,50018,124808,7851,124808,7851,1666,50018,15825,735,1,1666,1666,50017,50017,50017,37,735,15825,3287,7851,124808,7851,50017,124808,7851,10455,7851,50018,09/16/2026 6:31:55 AM,4.256613,63,35.47178,09/16/2026 6:18:03 AM,290590,P_78_ROADRUNNER_R4,0.315188,09/16/2026 6:18:03 AM,AME409,17,256528,AME409_PM3,P_78_ROADRUNNER_R2,09/16/2026 6:18:03 AM,9,4.256613,63,35.47178,09/16/2026 6:18:03 AM,8PR8CVAB,FL78.6H0QE_SNIP_B0204_E180046,SNY510,8PR8CBMT60NA1,,,,,,,,,,,,,,,,,,,,,,,,,,,,,,,,,,,,,,,,,,,,,,,,,,,,,,,,,,,,,,,,
D621486,285,KJD2K285WFA6,0,0,0.016236,0.003247,0,0,0,0.100663,0,0,0,0.012989,0.012989,0,0,,D6214860,PR8B,09/16/2026 8:36:56 AM,BPD446,8M6CL,8M6CL,09/17/2026 8:00:54 AM,8M6CL,D1D,5,8625056,,,,,,,,,,,,,,,,,AME409,23,256528,AME409_PM3,P_78_ROADRUNNER_R2,09/16/2026 6:27:25 AM,12,226354,1,1,1,1,1,0,0,0,0,0,0,0,0,0,0,0,0,0,0,0,0,0,0,0,0,0,,,266287,266265,266235,266287,266258,,266265,266265,266265,,0,0,0,0,1,,102,,,,,,,997,997,7851,50018,15678,50018,41890,50018,7851,124808,7851,124808,7851,124808,41890,7851,50018,0,0,50018,33743,1666,3287,50018,124808,7851,124808,7851,1666,50018,15825,735,1,1666,1666,50017,50017,50017,37,735,15825,3287,7851,124808,7851,50017,124808,7851,10455,7851,50018,09/16/2026 6:31:55 AM,4.256613,63,35.47178,09/16/2026 6:27:25 AM,290590,P_78_ROADRUNNER_R4,0.315188,09/16/2026 6:27:25 AM,AME409,23,256528,AME409_PM3,P_78_ROADRUNNER_R2,09/16/2026 6:27:25 AM,12,4.256613,63,35.47178,09/16/2026 6:27:25 AM,8PR8CVAB,FL78.6H0QE_SNIP_B0204_E180046,SNY510,8PR8CBMT60NA1,,,,,,,,,,,,,,,,,,,,,,,,,,,,,,,,,,,,,,,,,,,,,,,,,,,,,,,,,,,,,,,,
D624292,444,5DXXQ444MVH0,0.006979,0,0.089849,0,0,0,0,0.117764,0,0,0,0.008723,0.003489,0.006979,0.006979,0,D6242920,PR8B,09/15/2026 4:09:04 PM,BPD442,8M6CL,8M6CL,09/16/2026 8:24:36 AM,8M6CL,D1D,1,8746568,,,,,,,,,,,,,,,,,AME409,5,256528,AME409_PM1,P_78_ROADRUNNER_R2,09/15/2026 12:05:08 PM,3,226029,1,1,0,0,0,0,0,0,0,0,0,0,0,0,0,0,0,0,0,0,0,0,0,0,0,0,0,0,265962,265940,265910,265962,265933,0,265940,265940,265940,,,,,,,,65,,,,,,,895,895,7967,52501,1450,52501,45655,52501,2506,46533,2506,46533,2506,46533,45655,7967,52501,,,52501,15303,704,4234,52501,133494,7967,133494,7967,704,52501,1463,74,,704,704,52500,52501,52501,194,74,1463,4234,7967,133494,7967,52501,133494,7967,11228,7967,52501,09/15/2026 12:39:33 PM,4.118194,65,34.31828,09/15/2026 12:05:08 PM,252845,P_78_PIL16E_1A_R3,0.050988,09/15/2026 12:05:08 PM,AME409,5,256528,AME409_PM1,P_78_ROADRUNNER_R2,09/15/2026 12:05:08 PM,3,4.118194,65,34.31828,09/15/2026 12:05:08 PM,8PR8CVAB,FL78.6H0QE_SNIP_B0204_E180046,SNV440,8PR8CBMT60NA1,,,,,,,,,,,,,,,,,,,,,,,,,,,,,,,,,,,,,,,,,,,,,,,,,,,,,,,,,,,,,,,,
D624292,447,5DXXQ447MVF0,0.006494,0,0.03718,0.003247,0,0,0,0.167392,0,0,0,0.003247,0,0,0.003247,0,D6242920,PR8B,09/15/2026 4:09:04 PM,BPD442,8M6CL,8M6CL,09/16/2026 8:24:41 AM,8M6CL,D1D,2,8746690,,,,,,,,,,,,,,,,,AME409,22,256528,AME409_PM2,P_78_ROADRUNNER_R2,09/15/2026 12:32:15 PM,11,226029,1,1,0,0,0,0,0,0,0,0,0,0,0,0,0,0,0,0,0,0,0,0,0,0,0,0,0,0,265962,265940,265910,265962,265933,0,265940,265940,265940,,0,0,0,0,1,1,61,0,0,,0,,,77,104,7441,46267,899,46267,42758,46267,,61176,3606,61176,3606,61176,42758,7441,46267,,,46267,3006,171,5629,46267,118259,7441,118259,7441,171,46267,3006,171,5,171,171,46267,46267,46267,98,171,3006,7441,7441,118259,7441,46267,61176,3606,10859,7441,46267,09/15/2026 12:39:33 PM,3.934799,62.47636,32.78999,09/15/2026 12:32:15 PM,252845,P_78_PIL16E_1A_R3,0.051005,09/15/2026 12:32:15 PM,AME409,22,256528,AME409_PM2,P_78_ROADRUNNER_R2,09/15/2026 12:32:15 PM,11,3.934799,62.47636,32.78999,09/15/2026 12:32:15 PM,8PR8CVAB,FL78.6H0QE_SNIP_B0204_E180046,SNV440,8PR8CBMT60NA1,,,,,,,,,,,,,,,,,,,,,,,,,,,,,,,,,,,,,,,,,,,,,,,,,,,,,,,,,,,,,,,,
D623198,578,5DXXK578MVE7,0.007167,0,0.021501,0,0,0,0,0.071671,0,0,0,0.007167,0,0,0,,D6231980,PNCB,09/15/2026 7:11:45 PM,BPD446,8M6CL,8M6CL,09/16/2026 8:28:53 AM,8M6CL,D1D,1,8713213,,,,,,,,,,,,,,,,,AME427,9,256528,AME427_PM1,P_78_ROADRUNNER_R2,09/15/2026 5:30:01 PM,8,213753,0.833333,2,2,2,2,2,2,2,2,2,2,2,2,2,2,2,2,2,2,2,2,1,1,1,1,1,,,270809,270809,270834,270809,270834,,270809,270809,270809,,,,,,1,1,36804,,,,,,,1043,1043,2416,26921,14589,26921,14589,26921,2416,35606,2416,35606,2416,35606,14589,2416,26921,,,26921,35606,2408,2408,26921,35606,2416,35606,2416,2408,26921,10426,612,,2408,2416,26921,26921,26921,82,612,10426,2416,2416,35606,2416,26921,35606,2416,5616,2416,26921,09/15/2026 6:26:24 PM,9.576988,167.1621,79.80823,09/15/2026 5:30:01 PM,256528,P_78_ROADRUNNER_R2,0.015153,09/15/2026 5:30:01 PM,AME427,9,256528,AME427_PM1,P_78_ROADRUNNER_R2,09/15/2026 5:30:01 PM,8,9.576988,167.1621,79.80823,09/15/2026 5:30:01 PM,8PONCVBB,FL78.3FGTC_SNIP_B0204_E180046,SNY512,8PXSCBMT61NA1,,,,,,,,,,,,,,,,,,,,,,,09/15/2026 6:26:06 PM,.,D,Y,Y,M,.,.,RA3!DLP2516024_1_SWIC_20260915_08210201_0!1,Recipe:AM;CHAMBER_RECIPE_ENTITYLIST_1:PM,karanadi,09/15/2026 8:15:11 AM,AME427_PM1 pilot lot,karanadi,09/15/2026 8:58:14 AM,por sif approved&#xA;,autosif,09/15/2026 4:58:10 PM,autosif,09/15/2026 6:26:06 PM,Recipe=AM;CHAMBER_RECIPE_ENTITYLIST_1=PM1;POR;AME427(optional);CHAMBER_RECIPE_ENTITYLIST_2=(optional);CHAMBER_RECIPE_ENTITYLIST_3=(optional);CHAMBER_RECIPE_ENTITYLIST_4=(optional);CHAMBER_RECIPE_ENTITYLIST_5=(optional);CHAMBER_RECIPE_ENTITYLIST_6=(optional);SIF_STEPTIME=(optional);SIF_OE_PCT=(optional);SIF_CYCLES=(optional);SIF_APC=AM;SIF_APC_OFFSET=(optional);SIF_APC_RAILOVERRIDE=(optional);,09/15/2026 7:42:03 PM,.,D,Y,Y,M,.,.,RA3!DLP2516024_1_SWIC_20260915_08210201_1!1,Recipe:AM;LAYERID:8M6CL;LOWEST_N_WAFERS:,karanadi,09/15/2026 8:16:09 AM,AME427_PM1 pilot lot,sys_rf3pmes1,09/15/2026 8:37:44 AM,SIF is approved by AutoSIFDispo.,autosif,09/15/2026 7:11:03 PM,autosif,09/15/2026 7:42:03 PM,Recipe=AM;LAYERID=8M6CL;LOWEST_N_WAFERS=4(optional);WAFER_LIST=(optional);KLARITY_STEPID=(optional);
D623198,582,5DXXK582MVG0,0,0,0.014334,0,0,0,0,0.103923,0,0,0,0,0,0,0,,D6231980,PNCB,09/15/2026 7:11:45 PM,BPD446,8M6CL,8M6CL,09/16/2026 8:29:10 AM,8M6CL,D1D,2,8713323,,,,,,,,,,,,,,,,,AME427,2,256528,AME427_PM1,P_78_ROADRUNNER_R2,09/15/2026 5:11:30 PM,2,213753,0.833333,2,2,2,2,2,2,2,2,2,2,2,2,2,2,2,2,2,2,2,2,1,1,1,1,1,,,270809,270809,270834,270809,270834,,270809,270809,270809,,,,,,1,1,36804,,,,,,,1043,1043,2416,26921,14589,26921,14589,26921,2416,35606,2416,35606,2416,35606,14589,2416,26921,,,26921,35606,2408,2408,26921,35606,2416,35606,2416,2408,26921,10426,612,,2408,2416,26921,26921,26921,82,612,10426,2416,2416,35606,2416,26921,35606,2416,5616,2416,26921,09/15/2026 6:26:24 PM,9.576988,167.1621,79.80823,09/15/2026 5:11:30 PM,256528,P_78_ROADRUNNER_R2,0.015153,09/15/2026 5:11:30 PM,AME427,2,256528,AME427_PM1,P_78_ROADRUNNER_R2,09/15/2026 5:11:30 PM,2,9.576988,167.1621,79.80823,09/15/2026 5:11:30 PM,8PONCVBB,FL78.3FGTC_SNIP_B0204_E180046,SNY512,8PXSCBMT61NA1,,,,,,,,,,,,,,,,,,,,,,,09/15/2026 6:26:06 PM,.,D,Y,Y,M,.,.,RA3!DLP2516024_1_SWIC_20260915_08210201_0!1,Recipe:AM;CHAMBER_RECIPE_ENTITYLIST_1:PM,karanadi,09/15/2026 8:15:11 AM,AME427_PM1 pilot lot,karanadi,09/15/2026 8:58:14 AM,por sif approved&#xA;,autosif,09/15/2026 4:58:10 PM,autosif,09/15/2026 6:26:06 PM,Recipe=AM;CHAMBER_RECIPE_ENTITYLIST_1=PM1;POR;AME427(optional);CHAMBER_RECIPE_ENTITYLIST_2=(optional);CHAMBER_RECIPE_ENTITYLIST_3=(optional);CHAMBER_RECIPE_ENTITYLIST_4=(optional);CHAMBER_RECIPE_ENTITYLIST_5=(optional);CHAMBER_RECIPE_ENTITYLIST_6=(optional);SIF_STEPTIME=(optional);SIF_OE_PCT=(optional);SIF_CYCLES=(optional);SIF_APC=AM;SIF_APC_OFFSET=(optional);SIF_APC_RAILOVERRIDE=(optional);,09/15/2026 7:42:03 PM,.,D,Y,Y,M,.,.,RA3!DLP2516024_1_SWIC_20260915_08210201_1!1,Recipe:AM;LAYERID:8M6CL;LOWEST_N_WAFERS:,karanadi,09/15/2026 8:16:09 AM,AME427_PM1 pilot lot,sys_rf3pmes1,09/15/2026 8:37:44 AM,SIF is approved by AutoSIFDispo.,autosif,09/15/2026 7:11:03 PM,autosif,09/15/2026 7:42:03 PM,Recipe=AM;LAYERID=8M6CL;LOWEST_N_WAFERS=4(optional);WAFER_LIST=(optional);KLARITY_STEPID=(optional);
D623198,584,5DXXK584MVH1,0,0,0.017918,0,0,0,0,0.207847,0,0,0,0.003584,0,0,0,,D6231980,PNCB,09/15/2026 7:11:45 PM,BPD446,8M6CL,8M6CL,09/16/2026 8:29:16 AM,8M6CL,D1D,3,8713329,,,,,,,,,,,,,,,,,AME427,3,256528,AME427_PM1,P_78_ROADRUNNER_R2,09/15/2026 5:14:30 PM,3,213753,0.833333,2,2,2,2,2,2,2,2,2,2,2,2,2,2,2,2,2,2,2,2,1,1,1,1,1,,,270809,270809,270834,270809,270834,,270809,270809,270809,,,,,,1,1,36804,,,,,,,1043,1043,2416,26921,14589,26921,14589,26921,2416,35606,2416,35606,2416,35606,14589,2416,26921,,,26921,35606,2408,2408,26921,35606,2416,35606,2416,2408,26921,10426,612,,2408,2416,26921,26921,26921,82,612,10426,2416,2416,35606,2416,26921,35606,2416,5616,2416,26921,09/15/2026 6:26:24 PM,9.576988,167.1621,79.80823,09/15/2026 5:14:30 PM,256528,P_78_ROADRUNNER_R2,0.015153,09/15/2026 5:14:30 PM,AME427,3,256528,AME427_PM1,P_78_ROADRUNNER_R2,09/15/2026 5:14:30 PM,3,9.576988,167.1621,79.80823,09/15/2026 5:14:30 PM,8PONCVBB,FL78.3FGTC_SNIP_B0204_E180046,SNY512,8PXSCBMT61NA1,,,,,,,,,,,,,,,,,,,,,,,09/15/2026 6:26:06 PM,.,D,Y,Y,M,.,.,RA3!DLP2516024_1_SWIC_20260915_08210201_0!1,Recipe:AM;CHAMBER_RECIPE_ENTITYLIST_1:PM,karanadi,09/15/2026 8:15:11 AM,AME427_PM1 pilot lot,karanadi,09/15/2026 8:58:14 AM,por sif approved&#xA;,autosif,09/15/2026 4:58:10 PM,autosif,09/15/2026 6:26:06 PM,Recipe=AM;CHAMBER_RECIPE_ENTITYLIST_1=PM1;POR;AME427(optional);CHAMBER_RECIPE_ENTITYLIST_2=(optional);CHAMBER_RECIPE_ENTITYLIST_3=(optional);CHAMBER_RECIPE_ENTITYLIST_4=(optional);CHAMBER_RECIPE_ENTITYLIST_5=(optional);CHAMBER_RECIPE_ENTITYLIST_6=(optional);SIF_STEPTIME=(optional);SIF_OE_PCT=(optional);SIF_CYCLES=(optional);SIF_APC=AM;SIF_APC_OFFSET=(optional);SIF_APC_RAILOVERRIDE=(optional);,09/15/2026 7:42:03 PM,.,D,Y,Y,M,.,.,RA3!DLP2516024_1_SWIC_20260915_08210201_1!1,Recipe:AM;LAYERID:8M6CL;LOWEST_N_WAFERS:,karanadi,09/15/2026 8:16:09 AM,AME427_PM1 pilot lot,sys_rf3pmes1,09/15/2026 8:37:44 AM,SIF is approved by AutoSIFDispo.,autosif,09/15/2026 7:11:03 PM,autosif,09/15/2026 7:42:03 PM,Recipe=AM;LAYERID=8M6CL;LOWEST_N_WAFERS=4(optional);WAFER_LIST=(optional);KLARITY_STEPID=(optional);
D623198,590,5DXXK590MVC0,0,0,0.010751,0,0,0,0,0.179178,0,0,0,0.007167,0.003584,0,0,,D6231980,PNCB,09/15/2026 7:11:45 PM,BPD446,8M6CL,8M6CL,09/16/2026 8:28:46 AM,8M6CL,D1D,4,8713257,,,,,,,,,,,,,,,,,AME427,19,256528,AME427_PM1,P_78_ROADRUNNER_R2,09/15/2026 6:06:53 PM,18,213753,0.833333,2,2,2,2,2,2,2,2,2,2,2,2,2,2,2,2,2,2,2,2,1,1,1,1,1,,,270809,270809,270834,270809,270834,,270809,270809,270809,,,,,,1,1,36804,,,,,,,1043,1043,2416,26921,14589,26921,14589,26921,2416,35606,2416,35606,2416,35606,14589,2416,26921,,,26921,35606,2408,2408,26921,35606,2416,35606,2416,2408,26921,10426,612,,2408,2416,26921,26921,26921,82,612,10426,2416,2416,35606,2416,26921,35606,2416,5616,2416,26921,09/15/2026 6:26:24 PM,9.576988,167.1621,79.80823,09/15/2026 6:06:53 PM,256528,P_78_ROADRUNNER_R2,0.015153,09/15/2026 6:06:53 PM,AME427,19,256528,AME427_PM1,P_78_ROADRUNNER_R2,09/15/2026 6:06:53 PM,18,9.576988,167.1621,79.80823,09/15/2026 6:06:53 PM,8PONCVBB,FL78.3FGTC_SNIP_B0204_E180046,SNY512,8PXSCBMT61NA1,,,,,,,,,,,,,,,,,,,,,,,09/15/2026 6:26:06 PM,.,D,Y,Y,M,.,.,RA3!DLP2516024_1_SWIC_20260915_08210201_0!1,Recipe:AM;CHAMBER_RECIPE_ENTITYLIST_1:PM,karanadi,09/15/2026 8:15:11 AM,AME427_PM1 pilot lot,karanadi,09/15/2026 8:58:14 AM,por sif approved&#xA;,autosif,09/15/2026 4:58:10 PM,autosif,09/15/2026 6:26:06 PM,Recipe=AM;CHAMBER_RECIPE_ENTITYLIST_1=PM1;POR;AME427(optional);CHAMBER_RECIPE_ENTITYLIST_2=(optional);CHAMBER_RECIPE_ENTITYLIST_3=(optional);CHAMBER_RECIPE_ENTITYLIST_4=(optional);CHAMBER_RECIPE_ENTITYLIST_5=(optional);CHAMBER_RECIPE_ENTITYLIST_6=(optional);SIF_STEPTIME=(optional);SIF_OE_PCT=(optional);SIF_CYCLES=(optional);SIF_APC=AM;SIF_APC_OFFSET=(optional);SIF_APC_RAILOVERRIDE=(optional);,09/15/2026 7:42:03 PM,.,D,Y,Y,M,.,.,RA3!DLP2516024_1_SWIC_20260915_08210201_1!1,Recipe:AM;LAYERID:8M6CL;LOWEST_N_WAFERS:,karanadi,09/15/2026 8:16:09 AM,AME427_PM1 pilot lot,sys_rf3pmes1,09/15/2026 8:37:44 AM,SIF is approved by AutoSIFDispo.,autosif,09/15/2026 7:11:03 PM,autosif,09/15/2026 7:42:03 PM,Recipe=AM;LAYERID=8M6CL;LOWEST_N_WAFERS=4(optional);WAFER_LIST=(optional);KLARITY_STEPID=(optional);
D621521,24,A2GTK024SLC6,0.010751,0,0.007167,0,0,0,0,0.186345,0,0,0,0,0.003584,0.007167,0,,D6215210,PNCB,09/16/2026 12:27:55 PM,BPD442,8M6CL,8M6CL,09/17/2026 8:00:44 AM,8M6CL,D1D,1,8633310,,,,,,,,,,,,,,,,,AME417,20,256528,AME417_PM4,P_78_ROADRUNNER_R2,09/16/2026 11:29:48 AM,10,254285,0.666666,,,,,,,,3,3,3,3,3,3,2,2,2,2,2,2,2,2,,,,,,,297693,60713,60713,60713,60713,,297717,297717,297693,,,,,,1,1,74,,,,,,,3682,3683,4884,41100,3742,41100,38714,41100,4884,85009,4884,85009,4884,85009,38714,4884,41100,,,41100,20724,960,4884,41100,85009,4884,85009,4884,960,41100,3777,157,,960,4884,41100,41100,41100,905,157,3777,4884,4884,85009,4884,41100,85009,4884,6664,4884,41100,09/16/2026 11:40:22 AM,3.163553,62.70383,26.36294,09/16/2026 11:29:48 AM,256528,P_78_ROADRUNNER_R2,3.779698,09/16/2026 11:29:48 AM,AME417,20,256528,AME417_PM4,P_78_ROADRUNNER_R2,09/16/2026 11:29:48 AM,10,3.163553,62.70383,26.36294,09/16/2026 11:29:48 AM,8PONCVBB,FL78.3FGTC_SNIP_B0204_E180046,SNY510,8PXSCBMT61NA4,,,,,,,,,,,,,,,,,,,,,,,,,,,,,,,,,,,,,,,,,,,,,,,,,,,,,,,,,,,,,,,,
D621521,58,A2HK2058SLG1,0,0,0.021501,0,0,0,0,0.182762,0,0,0,0,0,0.010751,0,,D6215210,PNCB,09/16/2026 12:27:55 PM,BPD442,8M6CL,8M6CL,09/17/2026 7:58:06 AM,8M6CL,D1D,2,8633428,,,,,,,,,,,,,,,,,AME417,3,256528,AME417_PM3,P_78_ROADRUNNER_R2,09/16/2026 11:05:12 AM,2,254285,0.666666,,,,,,,,3,3,3,3,3,3,2,2,2,2,2,2,2,2,,,,,,,297693,60713,60713,60713,60713,,297717,297717,297693,0,0,0,0,0,,2,80,,,,,,,2257,2257,6490,54256,2257,54256,49325,54256,6490,115155,6490,115155,6490,115155,49325,6490,54256,,,54256,13461,622,2884,54256,115155,6490,115155,6490,622,54256,2278,94,,622,621,54256,54256,54256,356,94,2278,2884,6490,115155,6490,54256,115155,6490,7253,6490,54256,09/16/2026 11:40:22 AM,2.104628,41.70387,17.53856,09/16/2026 11:05:12 AM,256528,P_78_ROADRUNNER_R2,3.779691,09/16/2026 11:05:12 AM,AME417,3,256528,AME417_PM3,P_78_ROADRUNNER_R2,09/16/2026 11:05:12 AM,2,2.104628,41.70387,17.53856,09/16/2026 11:05:12 AM,8PONCVBB,FL78.3FGTC_SNIP_B0204_E180046,SNY510,8PXSCBMT61NA4,,,,,,,,,,,,,,,,,,,,,,,,,,,,,,,,,,,,,,,,,,,,,,,,,,,,,,,,,,,,,,,,
D621485,330,KJCJF330WFC2,0,0,0.031404,0,0.003489,0,0,0.205868,0,0.003489,0,0.024425,0.003489,0.024425,0,,D6214850,PR8B,09/15/2026 10:24:20 PM,BPD448,8M6CL,8M6CL,09/16/2026 8:24:57 AM,8M6CL,D1D,1,8625025,,,,,,,,,,,,,,,,,AME401,8,256528,AME401_PM2,P_78_ROADRUNNER_R2,09/15/2026 9:07:28 PM,4,86540,0.833333,,,,,,,,,,,,,3,3,3,2,2,2,2,,,,,,,,,102217,102217,102217,102217,102217,,102217,102217,102217,,0,0,0,0,1,,89,,,0,,,,5698,5698,11454,26901,5698,26901,25290,26901,11454,158355,11454,158355,11454,158355,25290,11454,26901,0,0,26901,25526,1229,1229,26901,158355,11454,158355,11454,1229,26901,5752,254,0,1229,5276,26901,26901,26901,923,254,5752,1229,11454,158355,11454,26901,158355,11454,8704,11454,26901,09/15/2026 9:33:13 PM,4.11845,77,34.32042,09/15/2026 9:07:28 PM,256531,P_78_ROADRUNNER_R2,0.493189,09/15/2026 9:07:28 PM,AME401,8,256528,AME401_PM2,P_78_ROADRUNNER_R2,09/15/2026 9:07:28 PM,4,4.11845,77,34.32042,09/15/2026 9:07:28 PM,8PR8CVAB,FL78.6H0QE_SNIP_B0204_E180046,SNV440,8PR8CBMT60NA1,,,,,,,,,,,,,,,,,,,,,,,,,,,,,,,,,,,,,,,,,,,,,,,,,,,,,,,,,,,,,,,,
D621485,379,KJCJF379WFG7,0,0,0.006494,0.006494,0,0,0,0.123393,0,0,0,0.016236,0,0.016236,0,,D6214850,PR8B,09/15/2026 10:24:20 PM,BPD448,8M6CL,8M6CL,09/16/2026 8:25:31 AM,8M6CL,D1D,2,8625008,,,,,,,,,,,,,,,,,AME401,19,256528,AME401_PM2,P_78_ROADRUNNER_R2,09/15/2026 9:22:37 PM,9,86540,0.833333,,,,,,,,,,,,,3,3,3,2,2,2,2,,,,,,,,,102217,102217,102217,102217,102217,,102217,102217,102217,,0,0,0,0,1,,89,,,0,,,,5698,5698,11454,26901,5698,26901,25290,26901,11454,158355,11454,158355,11454,158355,25290,11454,26901,0,0,26901,25526,1229,1229,26901,158355,11454,158355,11454,1229,26901,5752,254,0,1229,5276,26901,26901,26901,923,254,5752,1229,11454,158355,11454,26901,158355,11454,8704,11454,26901,09/15/2026 9:33:13 PM,4.11845,77,34.32042,09/15/2026 9:22:37 PM,256531,P_78_ROADRUNNER_R2,0.493189,09/15/2026 9:22:37 PM,AME401,19,256528,AME401_PM2,P_78_ROADRUNNER_R2,09/15/2026 9:22:37 PM,9,4.11845,77,34.32042,09/15/2026 9:22:37 PM,8PR8CVAB,FL78.6H0QE_SNIP_B0204_E180046,SNV440,8PR8CBMT60NA1,,,,,,,,,,,,,,,,,,,,,,,,,,,,,,,,,,,,,,,,,,,,,,,,,,,,,,,,,,,,,,,,
D621485,384,KJCJF384WFE7,0.003489,0,0.020936,0.006979,0,0,0,0.10119,0,0,0,0.010468,0.006979,0,0,,D6214850,PR8B,09/16/2026 12:25:33 AM,BPD436,8M6CL,8M6CL,09/16/2026 8:25:05 AM,8M6CL,D1D,3,8625020,,,,,,,,,,,,,,,,,AME401,20,256528,AME401_PM1,P_78_ROADRUNNER_R2,09/15/2026 9:25:39 PM,10,86540,0.833333,,,,,,,,,,,,,3,3,3,2,2,2,2,,,,,,,,,102217,102217,102217,102217,102217,,102217,102217,102217,,0,0,0,0,,1,84,,,,,,,6531,6529,12466,33638,8995,33638,28982,33638,12466,194842,12466,194842,12466,194842,28982,3243,33638,,,33638,28731,1366,10665,33638,194842,12466,179973,11156,1366,33638,9079,398,,1366,3990,33638,33638,33638,478,409,9193,3990,12466,194842,12466,33638,194842,12466,8842,12466,33638,09/15/2026 9:33:13 PM,3.851623,72,32.09685,09/15/2026 9:25:39 PM,256531,P_78_ROADRUNNER_R2,0.493189,09/15/2026 9:25:39 PM,AME401,20,256528,AME401_PM1,P_78_ROADRUNNER_R2,09/15/2026 9:25:39 PM,10,3.851623,72,32.09685,09/15/2026 9:25:39 PM,8PR8CVAB,FL78.6H0QE_SNIP_B0204_E180046,SNV440,8PR8CBMT60NA1,,,,,,,,,,,,,,,,,,,,,,,,,,,,,,,,,,,,,,,,,,,,,,,,,,,,,,,,,,,,,,,,
D621485,390,KJCJF390WFH1,0,0,0.038382,0,0,0.003489,0,0.104679,0,0,0,0.010468,0.006979,0.006979,0,,D6214850,PR8B,09/16/2026 12:25:33 AM,BPD436,8M6CL,8M6CL,09/16/2026 8:24:52 AM,8M6CL,D1D,4,8624973,,,,,,,,,,,,,,,,,AME401,18,256528,AME401_PM1,P_78_ROADRUNNER_R2,09/15/2026 9:22:37 PM,9,86540,0.833333,,,,,,,,,,,,,3,3,3,2,2,2,2,,,,,,,,,102217,102217,102217,102217,102217,,102217,102217,102217,,0,0,0,0,,1,84,,,,,,,6531,6529,12466,33638,8995,33638,28982,33638,12466,194842,12466,194842,12466,194842,28982,3243,33638,,,33638,28731,1366,10665,33638,194842,12466,179973,11156,1366,33638,9079,398,,1366,3990,33638,33638,33638,478,409,9193,3990,12466,194842,12466,33638,194842,12466,8842,12466,33638,09/15/2026 9:33:13 PM,3.851623,72,32.09685,09/15/2026 9:22:37 PM,256531,P_78_ROADRUNNER_R2,0.493189,09/15/2026 9:22:37 PM,AME401,18,256528,AME401_PM1,P_78_ROADRUNNER_R2,09/15/2026 9:22:37 PM,9,3.851623,72,32.09685,09/15/2026 9:22:37 PM,8PR8CVAB,FL78.6H0QE_SNIP_B0204_E180046,SNV440,8PR8CBMT60NA1,,,,,,,,,,,,,,,,,,,,,,,,,,,,,,,,,,,,,,,,,,,,,,,,,,,,,,,,,,,,,,,,
D621485,391,KJCJF391WFE0,0,0,0.016236,0.009742,0,0,0,0.10391,0,0,0,0.003247,0,0.006494,0,,D6214850,PR8B,09/16/2026 12:25:33 AM,BPD436,8M6CL,8M6CL,09/16/2026 8:25:03 AM,8M6CL,D1D,5,8625085,,,,,,,,,,,,,,,,,AME401,23,256528,AME401_PM2,P_78_ROADRUNNER_R2,09/15/2026 9:28:41 PM,11,86540,0.833333,,,,,,,,,,,,,3,3,3,2,2,2,2,,,,,,,,,102217,102217,102217,102217,102217,,102217,102217,102217,,0,0,0,0,1,,89,,,0,,,,5698,5698,11454,26901,5698,26901,25290,26901,11454,158355,11454,158355,11454,158355,25290,11454,26901,0,0,26901,25526,1229,1229,26901,158355,11454,158355,11454,1229,26901,5752,254,0,1229,5276,26901,26901,26901,923,254,5752,1229,11454,158355,11454,26901,158355,11454,8704,11454,26901,09/15/2026 9:33:13 PM,4.11845,77,34.32042,09/15/2026 9:28:41 PM,256531,P_78_ROADRUNNER_R2,0.493189,09/15/2026 9:28:41 PM,AME401,23,256528,AME401_PM2,P_78_ROADRUNNER_R2,09/15/2026 9:28:41 PM,11,4.11845,77,34.32042,09/15/2026 9:28:41 PM,8PR8CVAB,FL78.6H0QE_SNIP_B0204_E180046,SNV440,8PR8CBMT60NA1,,,,,,,,,,,,,,,,,,,,,,,,,,,,,,,,,,,,,,,,,,,,,,,,,,,,,,,,,,,,,,,,
D625401,155,A2MHP155SLE1,0.116899,0,0.045461,0,0.003247,0,0.016236,0.113651,0,0,0,0.012989,0.012989,0.006494,0.003247,,D6254010,PR8B,09/15/2026 4:51:00 PM,BPD432,8M6CL,8M6CL,09/16/2026 8:24:34 AM,8M6CL,D1D,1,8785397,,,,,,,,,,,,,,,,,AME427,24,256528,AME427_PM2,P_78_ROADRUNNER_R2,09/15/2026 2:32:51 PM,12,213586,0.833333,2,2,2,2,2,2,2,2,2,2,2,2,2,2,2,2,2,2,1,1,1,1,1,1,1,,,270642,270642,270667,270642,270667,,270642,270642,270642,,,,,,1,0,1,,,,,,,878,893,2902,44311,4282,44311,31980,44311,2902,46152,2902,46152,2902,46152,31980,2902,44312,,,44312,19949,1027,2902,44312,46152,2902,46152,2902,1027,44312,4324,199,,1027,2902,44312,44312,44312,512,199,4324,2902,2902,46152,2902,44312,46152,2902,4527,2902,44312,09/15/2026 2:37:25 PM,9.070299,153,75.58583,09/15/2026 2:32:51 PM,256532,P_78_ROADRUNNER_R2,0.092621,09/15/2026 2:32:51 PM,AME427,24,256528,AME427_PM2,P_78_ROADRUNNER_R2,09/15/2026 2:32:51 PM,12,9.070299,153,75.58583,09/15/2026 2:32:51 PM,8PR8CVAB,FL78.6H0QE_SNIP_B0204_E180046,SNV440,8PR8CBMT60NA1,,,,,,,,,,,,,,,,,,,,,,,,,,,,,,,,,,,,,,,,,,,,,,,,,,,,,,,,,,,,,,,,
D625401,157,A2MHP157SLF2,0.006494,0,0.042213,0,0,0,0.006494,0.115275,0,0,0,0.03994,0.010391,0.032472,0.009742,0,D6254010,PR8B,09/15/2026 4:51:00 PM,BPD432,8M6CL,8M6CL,09/16/2026 8:24:45 AM,8M6CL,D1D,2,8785365,,,,,,,,,,,,,,,,,AME427,23,256528,AME427_PM1,P_78_ROADRUNNER_R2,09/15/2026 2:32:51 PM,12,213586,0.833333,2,2,2,2,2,2,2,2,2,2,2,2,2,2,2,2,2,2,1,1,1,1,1,1,1,,,270642,270642,270667,270642,270667,,270642,270642,270642,,,,,,1,1,36734,,,,,,,973,973,2414,26851,14519,26851,14519,26851,2414,35536,2414,35536,2414,35536,14519,2414,26851,,,26851,35536,2405,2405,26851,35536,2414,35536,2414,2405,26851,10356,610,,2405,2414,26851,26851,26851,12,610,10356,2414,2414,35536,2414,26851,35536,2414,5546,2414,26851,09/15/2026 2:37:25 PM,9.422858,158,78.52381,09/15/2026 2:32:51 PM,256532,P_78_ROADRUNNER_R2,0.092618,09/15/2026 2:32:51 PM,AME427,23,256528,AME427_PM1,P_78_ROADRUNNER_R2,09/15/2026 2:32:51 PM,12,9.422858,158,78.52381,09/15/2026 2:32:51 PM,8PR8CVAB,FL78.6H0QE_SNIP_B0204_E180046,SNV440,8PR8CBMT60NA1,,,,,,,,,,,,,,,,,,,,,,,,,,,,,,,,,,,,,,,,,,,,,,,,,,,,,,,,,,,,,,,,
D623214,260,KJFWP260WFG0,0,0,0,0,0,0,0,0.207847,0,0,0,0.003584,0,0.003584,0,,D6232140,PNCB,09/19/2026 7:20:30 PM,BPD436,8M6CL,8M6CL,09/20/2026 8:20:15 AM,8M6CL,D1D,1,8718447,,,,,,,,,,,,,,,,,AME421,1,256528,AME421_PM2,P_78_ROADRUNNER_R5,09/19/2026 4:17:24 PM,1,235285,1,3,3,3,3,2,2,2,2,,,,,,,,,,,,2,2,2,2,2,2,,,265345,265345,265345,265345,265345,,265345,265345,265345,,,,,,,,61,,,,,,,249,249,5564,49812,249,49812,40201,49812,5564,90480,5564,90480,5564,90480,40201,5564,49812,,,49812,251,22,5564,49812,90480,5564,90480,5564,22,49812,251,22,,22,22,49812,49812,49812,249,22,251,5564,5564,90480,5564,49812,60831,3745,8823,5564,49812,09/19/2026 5:43:15 PM,0,0,0,09/19/2026 4:17:24 PM,256528,P_78_ROADRUNNER_R5,17.93027,09/19/2026 4:17:24 PM,AME421,1,256528,AME421_PM2,P_78_ROADRUNNER_R5,09/19/2026 4:17:24 PM,1,0,0,0,09/19/2026 4:17:24 PM,8PONCVBB,FL78.3FGTC_SNIP_B0204_E180046,SNY512,8PXSCBMT61NA4,,,,,,,,,,,,,,,,,,,,,,,09/19/2026 5:42:31 PM,.,D,Y,Y,M,.,.,RA3!DLP2516049_1_SWIC_20260919_14033668_0!1,Recipe:AM;CHAMBER_RECIPE_ENTITYLIST_1:PM,mbarua,09/19/2026 2:00:16 PM,AME421_PM2 ICCR3/CCMR3 GCOL,mbarua,09/19/2026 2:04:17 PM,ok,autosif,09/19/2026 4:13:49 PM,autosif,09/19/2026 5:42:31 PM,Recipe=AM;CHAMBER_RECIPE_ENTITYLIST_1=PM2;POR;AME421(optional);CHAMBER_RECIPE_ENTITYLIST_2=(optional);CHAMBER_RECIPE_ENTITYLIST_3=(optional);CHAMBER_RECIPE_ENTITYLIST_4=(optional);CHAMBER_RECIPE_ENTITYLIST_5=(optional);CHAMBER_RECIPE_ENTITYLIST_6=(optional);SIF_STEPTIME=(optional);SIF_OE_PCT=(optional);SIF_CYCLES=(optional);SIF_APC=AM;,09/19/2026 8:04:02 PM,.,D,Y,Y,M,.,.,RA3!DLP2516049_1_SWIC_20260919_16191571_0!1,Recipe:AM;LAYERID:8M6CL;LOWEST_N_WAFERS:,mbarua,09/19/2026 2:01:20 PM,AME421_PM2 ICCR3/CCMR3 GCOL,kaleger,09/19/2026 4:24:52 PM,ok,autosif,09/19/2026 7:02:04 PM,autosif,09/19/2026 8:04:01 PM,Recipe=AM;LAYERID=8M6CL;LOWEST_N_WAFERS=4(optional);WAFER_LIST=(optional);KLARITY_STEPID=(optional);
D623214,262,KJFWP262WFH1,0,0,0.010751,0,0.003584,0,0,0.118258,0,0,0,0,0,0.007167,0,,D6232140,PNCB,09/19/2026 7:20:30 PM,BPD436,8M6CL,8M6CL,09/20/2026 8:20:12 AM,8M6CL,D1D,2,8718503,,,,,,,,,,,,,,,,,AME421,18,256528,AME421_PM2,P_78_ROADRUNNER_R5,09/19/2026 5:19:42 PM,18,235285,1,3,3,3,3,2,2,2,2,,,,,,,,,,,,2,2,2,2,2,2,,,265345,265345,265345,265345,265345,,265345,265345,265345,,,,,,,,61,,,,,,,249,249,5564,49812,249,49812,40201,49812,5564,90480,5564,90480,5564,90480,40201,5564,49812,,,49812,251,22,5564,49812,90480,5564,90480,5564,22,49812,251,22,,22,22,49812,49812,49812,249,22,251,5564,5564,90480,5564,49812,60831,3745,8823,5564,49812,09/19/2026 5:43:15 PM,0,0,0,09/19/2026 5:19:42 PM,256528,P_78_ROADRUNNER_R5,17.93027,09/19/2026 5:19:42 PM,AME421,18,256528,AME421_PM2,P_78_ROADRUNNER_R5,09/19/2026 5:19:42 PM,18,0,0,0,09/19/2026 5:19:42 PM,8PONCVBB,FL78.3FGTC_SNIP_B0204_E180046,SNY512,8PXSCBMT61NA4,,,,,,,,,,,,,,,,,,,,,,,09/19/2026 5:42:31 PM,.,D,Y,Y,M,.,.,RA3!DLP2516049_1_SWIC_20260919_14033668_0!1,Recipe:AM;CHAMBER_RECIPE_ENTITYLIST_1:PM,mbarua,09/19/2026 2:00:16 PM,AME421_PM2 ICCR3/CCMR3 GCOL,mbarua,09/19/2026 2:04:17 PM,ok,autosif,09/19/2026 4:13:49 PM,autosif,09/19/2026 5:42:31 PM,Recipe=AM;CHAMBER_RECIPE_ENTITYLIST_1=PM2;POR;AME421(optional);CHAMBER_RECIPE_ENTITYLIST_2=(optional);CHAMBER_RECIPE_ENTITYLIST_3=(optional);CHAMBER_RECIPE_ENTITYLIST_4=(optional);CHAMBER_RECIPE_ENTITYLIST_5=(optional);CHAMBER_RECIPE_ENTITYLIST_6=(optional);SIF_STEPTIME=(optional);SIF_OE_PCT=(optional);SIF_CYCLES=(optional);SIF_APC=AM;,09/19/2026 8:04:02 PM,.,D,Y,Y,M,.,.,RA3!DLP2516049_1_SWIC_20260919_16191571_0!1,Recipe:AM;LAYERID:8M6CL;LOWEST_N_WAFERS:,mbarua,09/19/2026 2:01:20 PM,AME421_PM2 ICCR3/CCMR3 GCOL,kaleger,09/19/2026 4:24:52 PM,ok,autosif,09/19/2026 7:02:04 PM,autosif,09/19/2026 8:04:01 PM,Recipe=AM;LAYERID=8M6CL;LOWEST_N_WAFERS=4(optional);WAFER_LIST=(optional);KLARITY_STEPID=(optional);
D623214,265,KJFWP265WFF1,0.003609,0,0.003609,0,0.003609,0,0,0.180458,0,0,0,0,0,0.007218,0.003609,,D6232140,PNCB,09/19/2026 7:20:30 PM,BPD436,8M6CL,8M6CL,09/20/2026 8:22:11 AM,8M6CL,D1D,3,8718544,,,,,,,,,,,,,,,,,AME421,4,256528,AME421_PM2,P_78_ROADRUNNER_R5,09/19/2026 4:27:55 PM,4,235285,1,3,3,3,3,2,2,2,2,,,,,,,,,,,,2,2,2,2,2,2,,,265345,265345,265345,265345,265345,,265345,265345,265345,,,,,,,,61,,,,,,,249,249,5564,49812,249,49812,40201,49812,5564,90480,5564,90480,5564,90480,40201,5564,49812,,,49812,251,22,5564,49812,90480,5564,90480,5564,22,49812,251,22,,22,22,49812,49812,49812,249,22,251,5564,5564,90480,5564,49812,60831,3745,8823,5564,49812,09/19/2026 5:43:15 PM,0,0,0,09/19/2026 4:27:55 PM,256528,P_78_ROADRUNNER_R5,17.93027,09/19/2026 4:27:55 PM,AME421,4,256528,AME421_PM2,P_78_ROADRUNNER_R5,09/19/2026 4:27:55 PM,4,0,0,0,09/19/2026 4:27:55 PM,8PONCVBB,FL78.3FGTC_SNIP_B0204_E180046,SNY512,8PXSCBMT61NA4,,,,,,,,,,,,,,,,,,,,,,,09/19/2026 5:42:31 PM,.,D,Y,Y,M,.,.,RA3!DLP2516049_1_SWIC_20260919_14033668_0!1,Recipe:AM;CHAMBER_RECIPE_ENTITYLIST_1:PM,mbarua,09/19/2026 2:00:16 PM,AME421_PM2 ICCR3/CCMR3 GCOL,mbarua,09/19/2026 2:04:17 PM,ok,autosif,09/19/2026 4:13:49 PM,autosif,09/19/2026 5:42:31 PM,Recipe=AM;CHAMBER_RECIPE_ENTITYLIST_1=PM2;POR;AME421(optional);CHAMBER_RECIPE_ENTITYLIST_2=(optional);CHAMBER_RECIPE_ENTITYLIST_3=(optional);CHAMBER_RECIPE_ENTITYLIST_4=(optional);CHAMBER_RECIPE_ENTITYLIST_5=(optional);CHAMBER_RECIPE_ENTITYLIST_6=(optional);SIF_STEPTIME=(optional);SIF_OE_PCT=(optional);SIF_CYCLES=(optional);SIF_APC=AM;,09/19/2026 8:04:02 PM,.,D,Y,Y,M,.,.,RA3!DLP2516049_1_SWIC_20260919_16191571_0!1,Recipe:AM;LAYERID:8M6CL;LOWEST_N_WAFERS:,mbarua,09/19/2026 2:01:20 PM,AME421_PM2 ICCR3/CCMR3 GCOL,kaleger,09/19/2026 4:24:52 PM,ok,autosif,09/19/2026 7:02:04 PM,autosif,09/19/2026 8:04:01 PM,Recipe=AM;LAYERID=8M6CL;LOWEST_N_WAFERS=4(optional);WAFER_LIST=(optional);KLARITY_STEPID=(optional);
D623214,267,KJFWP267WFG2,0,0,0.003609,0,0.003609,0,0,0.158803,0,0,0,0.003609,0,0.003609,0.003609,,D6232140,PNCB,09/19/2026 7:20:30 PM,BPD436,8M6CL,8M6CL,09/20/2026 8:20:23 AM,8M6CL,D1D,4,8718471,,,,,,,,,,,,,,,,,AME421,24,256528,AME421_PM2,P_78_ROADRUNNER_R5,09/19/2026 5:38:22 PM,24,235285,1,3,3,3,3,2,2,2,2,,,,,,,,,,,,2,2,2,2,2,2,,,265345,265345,265345,265345,265345,,265345,265345,265345,,,,,,,,61,,,,,,,249,249,5564,49812,249,49812,40201,49812,5564,90480,5564,90480,5564,90480,40201,5564,49812,,,49812,251,22,5564,49812,90480,5564,90480,5564,22,49812,251,22,,22,22,49812,49812,49812,249,22,251,5564,5564,90480,5564,49812,60831,3745,8823,5564,49812,09/19/2026 5:43:15 PM,0,0,0,09/19/2026 5:38:22 PM,256528,P_78_ROADRUNNER_R5,17.93027,09/19/2026 5:38:22 PM,AME421,24,256528,AME421_PM2,P_78_ROADRUNNER_R5,09/19/2026 5:38:22 PM,24,0,0,0,09/19/2026 5:38:22 PM,8PONCVBB,FL78.3FGTC_SNIP_B0204_E180046,SNY512,8PXSCBMT61NA4,,,,,,,,,,,,,,,,,,,,,,,09/19/2026 5:42:31 PM,.,D,Y,Y,M,.,.,RA3!DLP2516049_1_SWIC_20260919_14033668_0!1,Recipe:AM;CHAMBER_RECIPE_ENTITYLIST_1:PM,mbarua,09/19/2026 2:00:16 PM,AME421_PM2 ICCR3/CCMR3 GCOL,mbarua,09/19/2026 2:04:17 PM,ok,autosif,09/19/2026 4:13:49 PM,autosif,09/19/2026 5:42:31 PM,Recipe=AM;CHAMBER_RECIPE_ENTITYLIST_1=PM2;POR;AME421(optional);CHAMBER_RECIPE_ENTITYLIST_2=(optional);CHAMBER_RECIPE_ENTITYLIST_3=(optional);CHAMBER_RECIPE_ENTITYLIST_4=(optional);CHAMBER_RECIPE_ENTITYLIST_5=(optional);CHAMBER_RECIPE_ENTITYLIST_6=(optional);SIF_STEPTIME=(optional);SIF_OE_PCT=(optional);SIF_CYCLES=(optional);SIF_APC=AM;,09/19/2026 8:04:02 PM,.,D,Y,Y,M,.,.,RA3!DLP2516049_1_SWIC_20260919_16191571_0!1,Recipe:AM;LAYERID:8M6CL;LOWEST_N_WAFERS:,mbarua,09/19/2026 2:01:20 PM,AME421_PM2 ICCR3/CCMR3 GCOL,kaleger,09/19/2026 4:24:52 PM,ok,autosif,09/19/2026 7:02:04 PM,autosif,09/19/2026 8:04:01 PM,Recipe=AM;LAYERID=8M6CL;LOWEST_N_WAFERS=4(optional);WAFER_LIST=(optional);KLARITY_STEPID=(optional);
D623214,362,KJFWP362WFG2,0,0,0.010751,0,0.007167,0,0,0.179178,0,0,0,0,0,0,0,,D6232140,PNCB,09/19/2026 7:20:30 PM,BPD436,8M6CL,8M6CL,09/20/2026 8:20:29 AM,8M6CL,D1D,5,8718469,,,,,,,,,,,,,,,,,AME421,13,256528,AME421_PM2,P_78_ROADRUNNER_R5,09/19/2026 5:02:45 PM,13,235285,1,3,3,3,3,2,2,2,2,,,,,,,,,,,,2,2,2,2,2,2,,,265345,265345,265345,265345,265345,,265345,265345,265345,,,,,,,,61,,,,,,,249,249,5564,49812,249,49812,40201,49812,5564,90480,5564,90480,5564,90480,40201,5564,49812,,,49812,251,22,5564,49812,90480,5564,90480,5564,22,49812,251,22,,22,22,49812,49812,49812,249,22,251,5564,5564,90480,5564,49812,60831,3745,8823,5564,49812,09/19/2026 5:43:15 PM,0,0,0,09/19/2026 5:02:45 PM,256528,P_78_ROADRUNNER_R5,17.93027,09/19/2026 5:02:45 PM,AME421,13,256528,AME421_PM2,P_78_ROADRUNNER_R5,09/19/2026 5:02:45 PM,13,0,0,0,09/19/2026 5:02:45 PM,8PONCVBB,FL78.3FGTC_SNIP_B0204_E180046,SNY512,8PXSCBMT61NA4,,,,,,,,,,,,,,,,,,,,,,,09/19/2026 5:42:31 PM,.,D,Y,Y,M,.,.,RA3!DLP2516049_1_SWIC_20260919_14033668_0!1,Recipe:AM;CHAMBER_RECIPE_ENTITYLIST_1:PM,mbarua,09/19/2026 2:00:16 PM,AME421_PM2 ICCR3/CCMR3 GCOL,mbarua,09/19/2026 2:04:17 PM,ok,autosif,09/19/2026 4:13:49 PM,autosif,09/19/2026 5:42:31 PM,Recipe=AM;CHAMBER_RECIPE_ENTITYLIST_1=PM2;POR;AME421(optional);CHAMBER_RECIPE_ENTITYLIST_2=(optional);CHAMBER_RECIPE_ENTITYLIST_3=(optional);CHAMBER_RECIPE_ENTITYLIST_4=(optional);CHAMBER_RECIPE_ENTITYLIST_5=(optional);CHAMBER_RECIPE_ENTITYLIST_6=(optional);SIF_STEPTIME=(optional);SIF_OE_PCT=(optional);SIF_CYCLES=(optional);SIF_APC=AM;,09/19/2026 8:04:02 PM,.,D,Y,Y,M,.,.,RA3!DLP2516049_1_SWIC_20260919_16191571_0!1,Recipe:AM;LAYERID:8M6CL;LOWEST_N_WAFERS:,mbarua,09/19/2026 2:01:20 PM,AME421_PM2 ICCR3/CCMR3 GCOL,kaleger,09/19/2026 4:24:52 PM,ok,autosif,09/19/2026 7:02:04 PM,autosif,09/19/2026 8:04:01 PM,Recipe=AM;LAYERID=8M6CL;LOWEST_N_WAFERS=4(optional);WAFER_LIST=(optional);KLARITY_STEPID=(optional);
D623214,444,KJFWP444WFE7,0,0,0.017918,0,0,0,0,0.179178,0,0,0,0.017918,0,0.017918,0,,D6232140,PNCB,09/19/2026 7:20:30 PM,BPD436,8M6CL,8M6CL,09/20/2026 8:19:42 AM,8M6CL,D1D,6,8718526,,,,,,,,,,,,,,,,,AME421,25,256528,AME421_PM2,P_78_ROADRUNNER_R5,09/19/2026 5:41:27 PM,25,235285,1,3,3,3,3,2,2,2,2,,,,,,,,,,,,2,2,2,2,2,2,,,265345,265345,265345,265345,265345,,265345,265345,265345,,,,,,,,61,,,,,,,249,249,5564,49812,249,49812,40201,49812,5564,90480,5564,90480,5564,90480,40201,5564,49812,,,49812,251,22,5564,49812,90480,5564,90480,5564,22,49812,251,22,,22,22,49812,49812,49812,249,22,251,5564,5564,90480,5564,49812,60831,3745,8823,5564,49812,09/19/2026 5:43:15 PM,0,0,0,09/19/2026 5:41:27 PM,256528,P_78_ROADRUNNER_R5,17.93027,09/19/2026 5:41:27 PM,AME421,25,256528,AME421_PM2,P_78_ROADRUNNER_R5,09/19/2026 5:41:27 PM,25,0,0,0,09/19/2026 5:41:27 PM,8PONCVBB,FL78.3FGTC_SNIP_B0204_E180046,SNY512,8PXSCBMT61NA4,,,,,,,,,,,,,,,,,,,,,,,09/19/2026 5:42:31 PM,.,D,Y,Y,M,.,.,RA3!DLP2516049_1_SWIC_20260919_14033668_0!1,Recipe:AM;CHAMBER_RECIPE_ENTITYLIST_1:PM,mbarua,09/19/2026 2:00:16 PM,AME421_PM2 ICCR3/CCMR3 GCOL,mbarua,09/19/2026 2:04:17 PM,ok,autosif,09/19/2026 4:13:49 PM,autosif,09/19/2026 5:42:31 PM,Recipe=AM;CHAMBER_RECIPE_ENTITYLIST_1=PM2;POR;AME421(optional);CHAMBER_RECIPE_ENTITYLIST_2=(optional);CHAMBER_RECIPE_ENTITYLIST_3=(optional);CHAMBER_RECIPE_ENTITYLIST_4=(optional);CHAMBER_RECIPE_ENTITYLIST_5=(optional);CHAMBER_RECIPE_ENTITYLIST_6=(optional);SIF_STEPTIME=(optional);SIF_OE_PCT=(optional);SIF_CYCLES=(optional);SIF_APC=AM;,09/19/2026 8:04:02 PM,.,D,Y,Y,M,.,.,RA3!DLP2516049_1_SWIC_20260919_16191571_0!1,Recipe:AM;LAYERID:8M6CL;LOWEST_N_WAFERS:,mbarua,09/19/2026 2:01:20 PM,AME421_PM2 ICCR3/CCMR3 GCOL,kaleger,09/19/2026 4:24:52 PM,ok,autosif,09/19/2026 7:02:04 PM,autosif,09/19/2026 8:04:01 PM,Recipe=AM;LAYERID=8M6CL;LOWEST_N_WAFERS=4(optional);WAFER_LIST=(optional);KLARITY_STEPID=(optional);
D625439,378,MCU4C378WAE1,0,0,0.071671,0.003584,0,0,0,0.186345,0,0,0,0,0,0,0.007167,,D6254390,PNCB,09/19/2026 1:38:32 AM,BPD442,8M6CL,8M6CL,09/19/2026 8:40:00 AM,8M6CL,D1D,1,8797129,,,,,,,,,,,,,,,,,AME425,20,256528,AME425_PM4,P_78_ROADRUNNER_R2,09/18/2026 11:31:35 PM,19,232635,1,,,2,2,2,2,2,2,2,1,1,1,1,1,1,1,1,1,,,,,,,,,,234189,234189,234177,234189,234177,,234202,234189,234189,,,,,,,1,99,,,,,,,1310,1310,2673,39592,3221,39592,39315,39592,2673,41431,2673,41431,2673,41431,39315,2673,39592,,,39592,3176,176,2673,39592,41431,2673,41431,2673,542,39592,3176,176,,176,2673,39592,39592,39592,369,542,10065,2673,2673,41431,2673,39592,41431,2673,5471,2673,39592,09/18/2026 11:48:21 PM,2.925451,50,24.37876,09/18/2026 11:31:35 PM,216735,P_78_THAR_R5,0.034251,09/18/2026 11:31:35 PM,AME425,20,256528,AME425_PM4,P_78_ROADRUNNER_R2,09/18/2026 11:31:35 PM,19,2.925451,50,24.37876,09/18/2026 11:31:35 PM,8PONCVBB,FL78.3FGTC_SNIP_B0204_E180046,SNY510,8PXSCBMT61NA4,,,,,,,,,,,,,,,,,,,,,,,09/18/2026 11:47:31 PM,.,D,Y,Y,M,.,.,RA3!DLP2529812_1_SWIC_20260918_17263648_0!1,Recipe:AM;CHAMBER_RECIPE_ENTITYLIST_1:PM,mbarua,09/18/2026 5:25:31 PM,AME425_PM4 NGCOL,mbarua,09/18/2026 5:27:37 PM,ok,autosif,09/18/2026 10:23:07 PM,autosif,09/18/2026 11:47:31 PM,Recipe=AM;CHAMBER_RECIPE_ENTITYLIST_1=PM4;POR;AME425(optional);CHAMBER_RECIPE_ENTITYLIST_2=(optional);CHAMBER_RECIPE_ENTITYLIST_3=(optional);CHAMBER_RECIPE_ENTITYLIST_4=(optional);CHAMBER_RECIPE_ENTITYLIST_5=(optional);CHAMBER_RECIPE_ENTITYLIST_6=(optional);SIF_STEPTIME=(optional);SIF_OE_PCT=(optional);SIF_CYCLES=(optional);SIF_APC=AM;,09/19/2026 2:09:59 AM,.,D,Y,Y,M,.,.,RA3!DLP2529812_1_SWIC_20260918_20475217_0!1,Recipe:AM;LAYERID:8M6CL;LOWEST_N_WAFERS:,mbarua,09/18/2026 5:25:55 PM,AME425_PM4 NGCOL,sys_rf3pmes1,09/19/2026 12:22:45 AM,SIF is approved by AutoSIFDispo. Approved over budget as a part of IDLE_OB,autosif,09/19/2026 1:38:12 AM,autosif,09/19/2026 2:09:59 AM,Recipe=AM;LAYERID=8M6CL;LOWEST_N_WAFERS=4(optional);WAFER_LIST=(optional);KLARITY_STEPID=(optional);
D625439,436,MCU4C436WAG2,0,0,0.010751,0,0,0,0,0.182762,0,0,0,0.003584,0,0,0.010751,,D6254390,PNCB,09/19/2026 1:38:32 AM,BPD442,8M6CL,8M6CL,09/19/2026 8:38:30 AM,8M6CL,D1D,2,8797177,,,,,,,,,,,,,,,,,AME425,23,256528,AME425_PM4,P_78_ROADRUNNER_R2,09/18/2026 11:40:30 PM,22,232635,1,,,2,2,2,2,2,2,2,1,1,1,1,1,1,1,1,1,,,,,,,,,,234189,234189,234177,234189,234177,,234202,234189,234189,,,,,,,1,99,,,,,,,1310,1310,2673,39592,3221,39592,39315,39592,2673,41431,2673,41431,2673,41431,39315,2673,39592,,,39592,3176,176,2673,39592,41431,2673,41431,2673,542,39592,3176,176,,176,2673,39592,39592,39592,369,542,10065,2673,2673,41431,2673,39592,41431,2673,5471,2673,39592,09/18/2026 11:48:21 PM,2.925451,50,24.37876,09/18/2026 11:40:30 PM,216735,P_78_THAR_R5,0.034251,09/18/2026 11:40:30 PM,AME425,23,256528,AME425_PM4,P_78_ROADRUNNER_R2,09/18/2026 11:40:30 PM,22,2.925451,50,24.37876,09/18/2026 11:40:30 PM,8PONCVBB,FL78.3FGTC_SNIP_B0204_E180046,SNY510,8PXSCBMT61NA4,,,,,,,,,,,,,,,,,,,,,,,09/18/2026 11:47:31 PM,.,D,Y,Y,M,.,.,RA3!DLP2529812_1_SWIC_20260918_17263648_0!1,Recipe:AM;CHAMBER_RECIPE_ENTITYLIST_1:PM,mbarua,09/18/2026 5:25:31 PM,AME425_PM4 NGCOL,mbarua,09/18/2026 5:27:37 PM,ok,autosif,09/18/2026 10:23:07 PM,autosif,09/18/2026 11:47:31 PM,Recipe=AM;CHAMBER_RECIPE_ENTITYLIST_1=PM4;POR;AME425(optional);CHAMBER_RECIPE_ENTITYLIST_2=(optional);CHAMBER_RECIPE_ENTITYLIST_3=(optional);CHAMBER_RECIPE_ENTITYLIST_4=(optional);CHAMBER_RECIPE_ENTITYLIST_5=(optional);CHAMBER_RECIPE_ENTITYLIST_6=(optional);SIF_STEPTIME=(optional);SIF_OE_PCT=(optional);SIF_CYCLES=(optional);SIF_APC=AM;,09/19/2026 2:09:59 AM,.,D,Y,Y,M,.,.,RA3!DLP2529812_1_SWIC_20260918_20475217_0!1,Recipe:AM;LAYERID:8M6CL;LOWEST_N_WAFERS:,mbarua,09/18/2026 5:25:55 PM,AME425_PM4 NGCOL,sys_rf3pmes1,09/19/2026 12:22:45 AM,SIF is approved by AutoSIFDispo. Approved over budget as a part of IDLE_OB,autosif,09/19/2026 1:38:12 AM,autosif,09/19/2026 2:09:59 AM,Recipe=AM;LAYERID=8M6CL;LOWEST_N_WAFERS=4(optional);WAFER_LIST=(optional);KLARITY_STEPID=(optional);
D625439,448,MCU4C448WAE4,0,0,0.05017,0,0,0,0,0.182762,0,0,0,0.003584,0.007167,0,0.003584,,D6254390,PNCB,09/19/2026 1:38:32 AM,BPD442,8M6CL,8M6CL,09/19/2026 8:39:54 AM,8M6CL,D1D,3,8797173,,,,,,,,,,,,,,,,,AME425,15,256528,AME425_PM4,P_78_ROADRUNNER_R2,09/18/2026 11:19:40 PM,15,232635,1,,,2,2,2,2,2,2,2,1,1,1,1,1,1,1,1,1,,,,,,,,,,234189,234189,234177,234189,234177,,234202,234189,234189,,,,,,,1,99,,,,,,,1310,1310,2673,39592,3221,39592,39315,39592,2673,41431,2673,41431,2673,41431,39315,2673,39592,,,39592,3176,176,2673,39592,41431,2673,41431,2673,542,39592,3176,176,,176,2673,39592,39592,39592,369,542,10065,2673,2673,41431,2673,39592,41431,2673,5471,2673,39592,09/18/2026 11:48:21 PM,2.925451,50,24.37876,09/18/2026 11:19:40 PM,216735,P_78_THAR_R5,0.034251,09/18/2026 11:19:40 PM,AME425,15,256528,AME425_PM4,P_78_ROADRUNNER_R2,09/18/2026 11:19:40 PM,15,2.925451,50,24.37876,09/18/2026 11:19:40 PM,8PONCVBB,FL78.3FGTC_SNIP_B0204_E180046,SNY510,8PXSCBMT61NA4,,,,,,,,,,,,,,,,,,,,,,,09/18/2026 11:47:31 PM,.,D,Y,Y,M,.,.,RA3!DLP2529812_1_SWIC_20260918_17263648_0!1,Recipe:AM;CHAMBER_RECIPE_ENTITYLIST_1:PM,mbarua,09/18/2026 5:25:31 PM,AME425_PM4 NGCOL,mbarua,09/18/2026 5:27:37 PM,ok,autosif,09/18/2026 10:23:07 PM,autosif,09/18/2026 11:47:31 PM,Recipe=AM;CHAMBER_RECIPE_ENTITYLIST_1=PM4;POR;AME425(optional);CHAMBER_RECIPE_ENTITYLIST_2=(optional);CHAMBER_RECIPE_ENTITYLIST_3=(optional);CHAMBER_RECIPE_ENTITYLIST_4=(optional);CHAMBER_RECIPE_ENTITYLIST_5=(optional);CHAMBER_RECIPE_ENTITYLIST_6=(optional);SIF_STEPTIME=(optional);SIF_OE_PCT=(optional);SIF_CYCLES=(optional);SIF_APC=AM;,09/19/2026 2:09:59 AM,.,D,Y,Y,M,.,.,RA3!DLP2529812_1_SWIC_20260918_20475217_0!1,Recipe:AM;LAYERID:8M6CL;LOWEST_N_WAFERS:,mbarua,09/18/2026 5:25:55 PM,AME425_PM4 NGCOL,sys_rf3pmes1,09/19/2026 12:22:45 AM,SIF is approved by AutoSIFDispo. Approved over budget as a part of IDLE_OB,autosif,09/19/2026 1:38:12 AM,autosif,09/19/2026 2:09:59 AM,Recipe=AM;LAYERID=8M6CL;LOWEST_N_WAFERS=4(optional);WAFER_LIST=(optional);KLARITY_STEPID=(optional);
D625439,734,MCU9B734WAC3,0,0,0.007167,0,0,0,0,0.179178,0,0,0,0,0,0,0,,D6254390,PNCB,09/19/2026 1:38:32 AM,BPD442,8M6CL,8M6CL,09/19/2026 8:38:59 AM,8M6CL,D1D,4,8797235,,,,,,,,,,,,,,,,,AME425,18,256528,AME425_PM4,P_78_ROADRUNNER_R2,09/18/2026 11:28:36 PM,18,232635,1,,,2,2,2,2,2,2,2,1,1,1,1,1,1,1,1,1,,,,,,,,,,234189,234189,234177,234189,234177,,234202,234189,234189,,,,,,,1,99,,,,,,,1310,1310,2673,39592,3221,39592,39315,39592,2673,41431,2673,41431,2673,41431,39315,2673,39592,,,39592,3176,176,2673,39592,41431,2673,41431,2673,542,39592,3176,176,,176,2673,39592,39592,39592,369,542,10065,2673,2673,41431,2673,39592,41431,2673,5471,2673,39592,09/18/2026 11:48:21 PM,2.925451,50,24.37876,09/18/2026 11:28:36 PM,216735,P_78_THAR_R5,0.034251,09/18/2026 11:28:36 PM,AME425,18,256528,AME425_PM4,P_78_ROADRUNNER_R2,09/18/2026 11:28:36 PM,18,2.925451,50,24.37876,09/18/2026 11:28:36 PM,8PONCVBB,FL78.3FGTC_SNIP_B0204_E180046,SNY510,8PXSCBMT61NA4,,,,,,,,,,,,,,,,,,,,,,,09/18/2026 11:47:31 PM,.,D,Y,Y,M,.,.,RA3!DLP2529812_1_SWIC_20260918_17263648_0!1,Recipe:AM;CHAMBER_RECIPE_ENTITYLIST_1:PM,mbarua,09/18/2026 5:25:31 PM,AME425_PM4 NGCOL,mbarua,09/18/2026 5:27:37 PM,ok,autosif,09/18/2026 10:23:07 PM,autosif,09/18/2026 11:47:31 PM,Recipe=AM;CHAMBER_RECIPE_ENTITYLIST_1=PM4;POR;AME425(optional);CHAMBER_RECIPE_ENTITYLIST_2=(optional);CHAMBER_RECIPE_ENTITYLIST_3=(optional);CHAMBER_RECIPE_ENTITYLIST_4=(optional);CHAMBER_RECIPE_ENTITYLIST_5=(optional);CHAMBER_RECIPE_ENTITYLIST_6=(optional);SIF_STEPTIME=(optional);SIF_OE_PCT=(optional);SIF_CYCLES=(optional);SIF_APC=AM;,09/19/2026 2:09:59 AM,.,D,Y,Y,M,.,.,RA3!DLP2529812_1_SWIC_20260918_20475217_0!1,Recipe:AM;LAYERID:8M6CL;LOWEST_N_WAFERS:,mbarua,09/18/2026 5:25:55 PM,AME425_PM4 NGCOL,sys_rf3pmes1,09/19/2026 12:22:45 AM,SIF is approved by AutoSIFDispo. Approved over budget as a part of IDLE_OB,autosif,09/19/2026 1:38:12 AM,autosif,09/19/2026 2:09:59 AM,Recipe=AM;LAYERID=8M6CL;LOWEST_N_WAFERS=4(optional);WAFER_LIST=(optional);KLARITY_STEPID=(optional);
D625478,18,HI1YA018MME7,0,0,0.078838,0.003584,0,0,0,0.182762,0,0,0,0.007167,0,0.035836,0.007167,,D6254780,PNCB,09/19/2026 1:44:08 AM,BPD446,8M6CL,8M6CL,09/19/2026 8:39:01 AM,8M6CL,D1D,1,8809013,,,,,,,,,,,,,,,,,AME421,1,256528,AME421_PM2,P_78_ROADRUNNER_R5,09/18/2026 9:14:46 PM,1,234779,1,2,2,2,2,2,,,,,,,,,,,,,,2,2,2,2,2,2,1,,,264839,264839,264839,264839,264839,,264839,264839,264839,,,,,,,,36,,,,,,,224,224,5563,49787,224,49787,40176,49787,5563,90455,5563,90455,5563,90455,40176,5563,49787,,,49787,226,21,5563,49787,90455,5563,90455,5563,21,49787,226,21,,21,21,49787,49787,49787,224,21,226,5563,5563,90455,5563,49787,60806,3744,8798,5563,49787,09/18/2026 10:21:53 PM,0,0,0,09/18/2026 9:14:46 PM,175972,M_UBE_MIMIC_R5,55.41748,09/18/2026 9:14:46 PM,AME421,1,256528,AME421_PM2,P_78_ROADRUNNER_R5,09/18/2026 9:14:46 PM,1,0,0,0,09/18/2026 9:14:46 PM,8PONCVBB,FL78.3FGTC_SNIP_B0204_E180046,SNY510,8PXSCBMT61NA4,,,,,,,,,,,,,,,,,,,,,,,09/18/2026 10:21:18 PM,.,D,Y,Y,M,.,.,RA3!DLP2529874_1_SWIC_20260918_16483584_0!1,Recipe:AM;CHAMBER_RECIPE_ENTITYLIST_1:PM,mbarua,09/18/2026 4:44:46 PM,AME421_PM2 ICCR3/CCMR3 GCOL,mbarua,09/18/2026 4:54:39 PM,ok,autosif,09/18/2026 9:10:34 PM,autosif,09/18/2026 10:21:17 PM,Recipe=AM;CHAMBER_RECIPE_ENTITYLIST_1=PM2;POR;AME421(optional);CHAMBER_RECIPE_ENTITYLIST_2=(optional);CHAMBER_RECIPE_ENTITYLIST_3=(optional);CHAMBER_RECIPE_ENTITYLIST_4=(optional);CHAMBER_RECIPE_ENTITYLIST_5=(optional);CHAMBER_RECIPE_ENTITYLIST_6=(optional);SIF_STEPTIME=(optional);SIF_OE_PCT=(optional);SIF_CYCLES=(optional);SIF_APC=AM;,09/19/2026 2:17:21 AM,.,D,Y,Y,M,.,.,RA3!DLP2529874_1_SWIC_20260918_22312815_0!1,Recipe:AM;LAYERID:8M6CL;LOWEST_N_WAFERS:,mbarua,09/18/2026 4:46:07 PM,AME421_PM2 ICCR3/CCMR3 GCOL,jedukes,09/18/2026 10:50:52 PM,SIF is rejected by AutoSIFDispo.,autosif,09/19/2026 1:43:30 AM,autosif,09/19/2026 2:17:21 AM,Recipe=AM;LAYERID=8M6CL;LOWEST_N_WAFERS=4(optional);WAFER_LIST=(optional);KLARITY_STEPID=(optional);
D625478,50,HI1YA050MMD5,0.003584,0,0.026388,0,0.007493,0,0,0.172337,0,0.003909,0,0.003584,0.003584,0.022804,0,0,D6254780,PNCB,09/19/2026 1:44:08 AM,BPD446,8M6CL,8M6CL,09/19/2026 8:40:00 AM,8M6CL,D1D,2,8808921,,,,,,,,,,,,,,,,,AME421,6,256528,AME421_PM2,P_78_ROADRUNNER_R5,09/18/2026 9:30:10 PM,6,234779,1,2,2,2,2,2,,,,,,,,,,,,,,2,2,2,2,2,2,1,,,264839,264839,264839,264839,264839,,264839,264839,264839,,,,,,,,36,,,,,,,224,224,5563,49787,224,49787,40176,49787,5563,90455,5563,90455,5563,90455,40176,5563,49787,,,49787,226,21,5563,49787,90455,5563,90455,5563,21,49787,226,21,,21,21,49787,49787,49787,224,21,226,5563,5563,90455,5563,49787,60806,3744,8798,5563,49787,09/18/2026 10:21:53 PM,0,0,0,09/18/2026 9:30:10 PM,175972,M_UBE_MIMIC_R5,55.41748,09/18/2026 9:30:10 PM,AME421,6,256528,AME421_PM2,P_78_ROADRUNNER_R5,09/18/2026 9:30:10 PM,6,0,0,0,09/18/2026 9:30:10 PM,8PONCVBB,FL78.3FGTC_SNIP_B0204_E180046,SNY510,8PXSCBMT61NA4,,,,,,,,,,,,,,,,,,,,,,,09/18/2026 10:21:18 PM,.,D,Y,Y,M,.,.,RA3!DLP2529874_1_SWIC_20260918_16483584_0!1,Recipe:AM;CHAMBER_RECIPE_ENTITYLIST_1:PM,mbarua,09/18/2026 4:44:46 PM,AME421_PM2 ICCR3/CCMR3 GCOL,mbarua,09/18/2026 4:54:39 PM,ok,autosif,09/18/2026 9:10:34 PM,autosif,09/18/2026 10:21:17 PM,Recipe=AM;CHAMBER_RECIPE_ENTITYLIST_1=PM2;POR;AME421(optional);CHAMBER_RECIPE_ENTITYLIST_2=(optional);CHAMBER_RECIPE_ENTITYLIST_3=(optional);CHAMBER_RECIPE_ENTITYLIST_4=(optional);CHAMBER_RECIPE_ENTITYLIST_5=(optional);CHAMBER_RECIPE_ENTITYLIST_6=(optional);SIF_STEPTIME=(optional);SIF_OE_PCT=(optional);SIF_CYCLES=(optional);SIF_APC=AM;,09/19/2026 2:17:21 AM,.,D,Y,Y,M,.,.,RA3!DLP2529874_1_SWIC_20260918_22312815_0!1,Recipe:AM;LAYERID:8M6CL;LOWEST_N_WAFERS:,mbarua,09/18/2026 4:46:07 PM,AME421_PM2 ICCR3/CCMR3 GCOL,jedukes,09/18/2026 10:50:52 PM,SIF is rejected by AutoSIFDispo.,autosif,09/19/2026 1:43:30 AM,autosif,09/19/2026 2:17:21 AM,Recipe=AM;LAYERID=8M6CL;LOWEST_N_WAFERS=4(optional);WAFER_LIST=(optional);KLARITY_STEPID=(optional);
D625478,57,HI1YA057MMD7,0,0,0.018046,0.003609,0,0,0,0.184067,0,0,0,0.007218,0,0.014437,0,,D6254780,PNCB,09/19/2026 1:44:08 AM,BPD446,8M6CL,8M6CL,09/19/2026 8:38:46 AM,8M6CL,D1D,3,8808835,,,,,,,,,,,,,,,,,AME421,4,256528,AME421_PM2,P_78_ROADRUNNER_R5,09/18/2026 9:24:02 PM,4,234779,1,2,2,2,2,2,,,,,,,,,,,,,,2,2,2,2,2,2,1,,,264839,264839,264839,264839,264839,,264839,264839,264839,,,,,,,,36,,,,,,,224,224,5563,49787,224,49787,40176,49787,5563,90455,5563,90455,5563,90455,40176,5563,49787,,,49787,226,21,5563,49787,90455,5563,90455,5563,21,49787,226,21,,21,21,49787,49787,49787,224,21,226,5563,5563,90455,5563,49787,60806,3744,8798,5563,49787,09/18/2026 10:21:53 PM,0,0,0,09/18/2026 9:24:02 PM,175972,M_UBE_MIMIC_R5,55.41748,09/18/2026 9:24:02 PM,AME421,4,256528,AME421_PM2,P_78_ROADRUNNER_R5,09/18/2026 9:24:02 PM,4,0,0,0,09/18/2026 9:24:02 PM,8PONCVBB,FL78.3FGTC_SNIP_B0204_E180046,SNY510,8PXSCBMT61NA4,,,,,,,,,,,,,,,,,,,,,,,09/18/2026 10:21:18 PM,.,D,Y,Y,M,.,.,RA3!DLP2529874_1_SWIC_20260918_16483584_0!1,Recipe:AM;CHAMBER_RECIPE_ENTITYLIST_1:PM,mbarua,09/18/2026 4:44:46 PM,AME421_PM2 ICCR3/CCMR3 GCOL,mbarua,09/18/2026 4:54:39 PM,ok,autosif,09/18/2026 9:10:34 PM,autosif,09/18/2026 10:21:17 PM,Recipe=AM;CHAMBER_RECIPE_ENTITYLIST_1=PM2;POR;AME421(optional);CHAMBER_RECIPE_ENTITYLIST_2=(optional);CHAMBER_RECIPE_ENTITYLIST_3=(optional);CHAMBER_RECIPE_ENTITYLIST_4=(optional);CHAMBER_RECIPE_ENTITYLIST_5=(optional);CHAMBER_RECIPE_ENTITYLIST_6=(optional);SIF_STEPTIME=(optional);SIF_OE_PCT=(optional);SIF_CYCLES=(optional);SIF_APC=AM;,09/19/2026 2:17:21 AM,.,D,Y,Y,M,.,.,RA3!DLP2529874_1_SWIC_20260918_22312815_0!1,Recipe:AM;LAYERID:8M6CL;LOWEST_N_WAFERS:,mbarua,09/18/2026 4:46:07 PM,AME421_PM2 ICCR3/CCMR3 GCOL,jedukes,09/18/2026 10:50:52 PM,SIF is rejected by AutoSIFDispo.,autosif,09/19/2026 1:43:30 AM,autosif,09/19/2026 2:17:21 AM,Recipe=AM;LAYERID=8M6CL;LOWEST_N_WAFERS=4(optional);WAFER_LIST=(optional);KLARITY_STEPID=(optional);
D625478,74,HI1YA074MMA1,0.003584,0,0.064504,0,0.003584,0,0,0.186345,0,0,0,0,0.003584,0.003584,0,,D6254780,PNCB,09/19/2026 1:44:08 AM,BPD446,8M6CL,8M6CL,09/19/2026 8:39:54 AM,8M6CL,D1D,4,8808955,,,,,,,,,,,,,,,,,AME421,15,256528,AME421_PM2,P_78_ROADRUNNER_R5,09/18/2026 9:48:14 PM,12,234779,1,2,2,2,2,2,,,,,,,,,,,,,,2,2,2,2,2,2,1,,,264839,264839,264839,264839,264839,,264839,264839,264839,,,,,,,,36,,,,,,,224,224,5563,49787,224,49787,40176,49787,5563,90455,5563,90455,5563,90455,40176,5563,49787,,,49787,226,21,5563,49787,90455,5563,90455,5563,21,49787,226,21,,21,21,49787,49787,49787,224,21,226,5563,5563,90455,5563,49787,60806,3744,8798,5563,49787,09/18/2026 10:21:53 PM,0,0,0,09/18/2026 9:48:14 PM,175972,M_UBE_MIMIC_R5,55.41748,09/18/2026 9:48:14 PM,AME421,15,256528,AME421_PM2,P_78_ROADRUNNER_R5,09/18/2026 9:48:14 PM,12,0,0,0,09/18/2026 9:48:14 PM,8PONCVBB,FL78.3FGTC_SNIP_B0204_E180046,SNY510,8PXSCBMT61NA4,,,,,,,,,,,,,,,,,,,,,,,09/18/2026 10:21:18 PM,.,D,Y,Y,M,.,.,RA3!DLP2529874_1_SWIC_20260918_16483584_0!1,Recipe:AM;CHAMBER_RECIPE_ENTITYLIST_1:PM,mbarua,09/18/2026 4:44:46 PM,AME421_PM2 ICCR3/CCMR3 GCOL,mbarua,09/18/2026 4:54:39 PM,ok,autosif,09/18/2026 9:10:34 PM,autosif,09/18/2026 10:21:17 PM,Recipe=AM;CHAMBER_RECIPE_ENTITYLIST_1=PM2;POR;AME421(optional);CHAMBER_RECIPE_ENTITYLIST_2=(optional);CHAMBER_RECIPE_ENTITYLIST_3=(optional);CHAMBER_RECIPE_ENTITYLIST_4=(optional);CHAMBER_RECIPE_ENTITYLIST_5=(optional);CHAMBER_RECIPE_ENTITYLIST_6=(optional);SIF_STEPTIME=(optional);SIF_OE_PCT=(optional);SIF_CYCLES=(optional);SIF_APC=AM;,09/19/2026 2:17:21 AM,.,D,Y,Y,M,.,.,RA3!DLP2529874_1_SWIC_20260918_22312815_0!1,Recipe:AM;LAYERID:8M6CL;LOWEST_N_WAFERS:,mbarua,09/18/2026 4:46:07 PM,AME421_PM2 ICCR3/CCMR3 GCOL,jedukes,09/18/2026 10:50:52 PM,SIF is rejected by AutoSIFDispo.,autosif,09/19/2026 1:43:30 AM,autosif,09/19/2026 2:17:21 AM,Recipe=AM;LAYERID=8M6CL;LOWEST_N_WAFERS=4(optional);WAFER_LIST=(optional);KLARITY_STEPID=(optional);
D623203,45,MCRNQ045WAG4,0,0,0.014437,0,0.003609,0,0,0.180458,0,0,0,0.003609,0,0.007218,0,,D6232030,PNCB,09/19/2026 9:20:07 AM,BPD444,8M6CL,8M6CL,09/20/2026 8:19:44 AM,8M6CL,D1D,1,8715769,,,,,,,,,,,,,,,,,AME411,16,256528,AME411_PM2,P_78_ROADRUNNER_R2,09/19/2026 7:40:28 AM,16,192834,1,2,2,2,2,2,2,2,2,,,,,,,2,2,2,2,2,2,2,2,1,1,1,0,0,240799,22705,22705,22705,22705,0,240824,240824,240799,0,,,0,,,,109,,,,,,,1177,1177,7405,66503,1177,66503,56264,66503,7405,136312,7405,136312,7405,136312,56264,7405,66503,,,66503,1187,60,60,66503,136312,7405,136312,7405,60,66503,1187,60,,60,2621,66503,66503,66503,335,60,1187,2621,7405,136312,7405,66503,136312,7405,8259,7405,66503,09/19/2026 8:09:21 AM,5.628486,106,46.90405,09/19/2026 7:40:28 AM,256531,P_78_ROADRUNNER_R2,0.0148,09/19/2026 7:40:28 AM,AME411,16,256528,AME411_PM2,P_78_ROADRUNNER_R2,09/19/2026 7:40:28 AM,16,5.628486,106,46.90405,09/19/2026 7:40:28 AM,8PONCVBB,FL78.3FGTC_SNIP_B0204_E180046,SNY510,8PXSCBMT61NA4,,,,,,,,,,,,,,,,,,,,,,,,,,,,,,,,,,,,,,,,,,,,,,,,,,,,,,,,,,,,,,,,
D623203,59,MCRNQ059WAF7,0,0,0.007218,0,0,0,0,0.180458,0.003609,0,0,0.003609,0.003609,0,0,,D6232030,PNCB,09/19/2026 9:20:07 AM,BPD444,8M6CL,8M6CL,09/20/2026 8:19:26 AM,8M6CL,D1D,2,8715803,,,,,,,,,,,,,,,,,AME411,11,256528,AME411_PM2,P_78_ROADRUNNER_R2,09/19/2026 7:25:36 AM,11,192834,1,2,2,2,2,2,2,2,2,,,,,,,2,2,2,2,2,2,2,2,1,1,1,0,0,240799,22705,22705,22705,22705,0,240824,240824,240799,0,,,0,,,,109,,,,,,,1177,1177,7405,66503,1177,66503,56264,66503,7405,136312,7405,136312,7405,136312,56264,7405,66503,,,66503,1187,60,60,66503,136312,7405,136312,7405,60,66503,1187,60,,60,2621,66503,66503,66503,335,60,1187,2621,7405,136312,7405,66503,136312,7405,8259,7405,66503,09/19/2026 8:09:21 AM,5.628486,106,46.90405,09/19/2026 7:25:36 AM,256531,P_78_ROADRUNNER_R2,0.0148,09/19/2026 7:25:36 AM,AME411,11,256528,AME411_PM2,P_78_ROADRUNNER_R2,09/19/2026 7:25:36 AM,11,5.628486,106,46.90405,09/19/2026 7:25:36 AM,8PONCVBB,FL78.3FGTC_SNIP_B0204_E180046,SNY510,8PXSCBMT61NA4,,,,,,,,,,,,,,,,,,,,,,,,,,,,,,,,,,,,,,,,,,,,,,,,,,,,,,,,,,,,,,,,
D624329,7,A2MGG007SLG6,0,0,0.025264,0,0,0,0,0.191285,0,0,0,0.007218,0.003609,0.010827,0,,D6243290,PNCB,09/19/2026 6:51:45 AM,BPD432,8M6CL,8M6CL,09/19/2026 8:38:35 AM,8M6CL,D1D,1,8755715,,,,,,,,,,,,,,,,,AME409,21,256528,AME409_PM1,P_78_ROADRUNNER_R2,09/19/2026 3:36:23 AM,11,227340,0.833333,,,,,,,,,,,1,1,1,1,0,0,0,0,0,0,,,,,,,,267273,267251,267221,267273,267244,,267251,267251,267251,,0,0,0,0,,1,39,,,,,,,1185,1185,7981,52791,1740,52791,45945,52791,2520,46826,2520,46826,2520,46826,45945,7981,52791,,,52791,15596,717,4248,52791,133787,7981,133787,7981,717,52791,1756,88,,717,717,52790,52791,52791,484,88,1756,4248,7981,133787,7981,52791,133787,7981,11518,7981,52791,09/19/2026 3:44:31 AM,3.068013,52,25.56678,09/19/2026 3:36:23 AM,216735,P_78_THAR_R5,0.553864,09/19/2026 3:36:23 AM,AME409,21,256528,AME409_PM1,P_78_ROADRUNNER_R2,09/19/2026 3:36:23 AM,11,3.068013,52,25.56678,09/19/2026 3:36:23 AM,8PONCVBB,FL78.3FGTC_SNIP_B0204_E180046,SNY510,8PXSCBMT61NA4,,,,,,,,,,,,,,,,,,,,,,,,,,,,,,,,,,,,,,,,,,,,,,,,,,,,,,,,,,,,,,,,
D624329,58,A2NHX058SLA4,0,0,0.017918,0.003584,0,0,0,0.200679,0,0,0,0.003584,0.003584,0.010751,0,,D6243290,PNCB,09/19/2026 6:51:45 AM,BPD432,8M6CL,8M6CL,09/19/2026 8:39:48 AM,8M6CL,D1D,2,8755661,,,,,,,,,,,,,,,,,AME409,7,256528,AME409_PM1,P_78_ROADRUNNER_R2,09/19/2026 3:14:53 AM,4,227340,0.833333,,,,,,,,,,,1,1,1,1,0,0,0,0,0,0,,,,,,,,267273,267251,267221,267273,267244,,267251,267251,267251,,0,0,0,0,,1,39,,,,,,,1185,1185,7981,52791,1740,52791,45945,52791,2520,46826,2520,46826,2520,46826,45945,7981,52791,,,52791,15596,717,4248,52791,133787,7981,133787,7981,717,52791,1756,88,,717,717,52790,52791,52791,484,88,1756,4248,7981,133787,7981,52791,133787,7981,11518,7981,52791,09/19/2026 3:44:31 AM,3.068013,52,25.56678,09/19/2026 3:14:53 AM,216735,P_78_THAR_R5,0.553864,09/19/2026 3:14:53 AM,AME409,7,256528,AME409_PM1,P_78_ROADRUNNER_R2,09/19/2026 3:14:53 AM,4,3.068013,52,25.56678,09/19/2026 3:14:53 AM,8PONCVBB,FL78.3FGTC_SNIP_B0204_E180046,SNY510,8PXSCBMT61NA4,,,,,,,,,,,,,,,,,,,,,,,,,,,,,,,,,,,,,,,,,,,,,,,,,,,,,,,,,,,,,,,,
D622945,189,HQ3SF189JKB3,0,0.003247,0.038966,0.003247,0,0,0,0.110404,0,0,0,0.006494,0.003247,0.006494,0,,D6229450,PR8B,09/19/2026 6:59:38 PM,BPD458,8M6CL,8M6CL,09/20/2026 8:22:11 AM,8M6CL,D1D,1,8699600,,,,,,,,,,,,,,,,,AME417,16,256528,AME417_PM1,P_78_ROADRUNNER_R2,09/19/2026 6:03:19 PM,5,256402,0.833333,1,1,1,1,1,1,1,1,1,1,0,0,0,0,0,0,0,0,0,0,0,0,0,0,0,,,299810,62830,62830,62830,62830,,299834,299834,299810,,,,,,,,45,,,,,,,4274,4274,8017,51445,4274,51445,40776,51445,4438,75539,4438,75539,4438,75539,40776,8017,51445,,,51445,20659,997,2636,51445,130487,8017,130487,8017,997,51445,1555,201,,997,997,51445,51445,51445,465,201,4314,2636,8017,130487,8017,51445,75539,4438,9385,8017,51445,09/19/2026 6:10:48 PM,4.768994,76,39.74162,09/19/2026 6:03:19 PM,256530,P_78_ROADRUNNER_R2,0.249977,09/19/2026 6:03:19 PM,AME417,16,256528,AME417_PM1,P_78_ROADRUNNER_R2,09/19/2026 6:03:19 PM,5,4.768994,76,39.74162,09/19/2026 6:03:19 PM,8PR8CVAB,FL78.6H0QE_SNIP_B0204_E180046,SNV440,8PR8CBMT60NA1,,,,,,,,,,,,,,,,,,,,,,,,,,,,,,,,,,,,,,,,,,,,,,,,,,,,,,,,,,,,,,,,
D622945,190,HQ3SF190JKE4,0.003489,0,0.027914,0.003489,0,0,0,0.083743,0,0,0,0.006979,0,0.006979,0,,D6229450,PR8B,09/19/2026 6:59:38 PM,BPD458,8M6CL,8M6CL,09/20/2026 8:19:47 AM,8M6CL,D1D,2,8699690,,,,,,,,,,,,,,,,,AME417,3,256528,AME417_PM1,P_78_ROADRUNNER_R2,09/19/2026 5:54:12 PM,2,256402,0.833333,1,1,1,1,1,1,1,1,1,1,0,0,0,0,0,0,0,0,0,0,0,0,0,0,0,,,299810,62830,62830,62830,62830,,299834,299834,299810,,,,,,,,45,,,,,,,4274,4274,8017,51445,4274,51445,40776,51445,4438,75539,4438,75539,4438,75539,40776,8017,51445,,,51445,20659,997,2636,51445,130487,8017,130487,8017,997,51445,1555,201,,997,997,51445,51445,51445,465,201,4314,2636,8017,130487,8017,51445,75539,4438,9385,8017,51445,09/19/2026 6:10:48 PM,4.768994,76,39.74162,09/19/2026 5:54:12 PM,256530,P_78_ROADRUNNER_R2,0.249977,09/19/2026 5:54:12 PM,AME417,3,256528,AME417_PM1,P_78_ROADRUNNER_R2,09/19/2026 5:54:12 PM,2,4.768994,76,39.74162,09/19/2026 5:54:12 PM,8PR8CVAB,FL78.6H0QE_SNIP_B0204_E180046,SNV440,8PR8CBMT60NA1,,,,,,,,,,,,,,,,,,,,,,,,,,,,,,,,,,,,,,,,,,,,,,,,,,,,,,,,,,,,,,,,
D621522,60,A2GYQ060SLG2,0,0,0,0,0,0,0,0.186345,0,0.003584,0,0,0.003584,0,0,,D6215220,PNCB,09/15/2026 4:27:09 AM,BPD448,8M6CL,8M6CL,09/15/2026 8:35:21 AM,8M6CL,D1D,1,8633516,,,,,,,,,,,,,,,,,AME425,5,256528,AME425_PM4,P_78_ROADRUNNER_R2,09/15/2026 2:39:02 AM,5,231023,,1,1,,,,,,,,,,,,,,1,1,1,1,1,0,0,0,0,0,,,232577,232577,232565,232577,232565,,232590,232577,232577,,,,,,1,1,50,,,,,,,1016,1016,2660,39298,2927,39298,39021,39298,2660,41135,2660,41135,2660,41135,39021,2660,39298,,,39298,2880,162,2660,39298,41135,2660,41135,2660,528,39298,2880,162,,162,2660,39298,39298,39298,75,528,9769,2660,2660,41135,2660,39298,41135,2660,5177,2660,39298,09/15/2026 3:41:27 AM,1.757029,25,14.64191,09/15/2026 2:39:02 AM,216736,P_78_GOBI_R6,6.133285,09/15/2026 2:39:02 AM,AME425,5,256528,AME425_PM4,P_78_ROADRUNNER_R2,09/15/2026 2:39:02 AM,5,1.757029,25,14.64191,09/15/2026 2:39:02 AM,8PONCVBB,FL78.3FGTC_SNIP_B0204_E180046,SNY512,8PXSCBMT61NA1,,,,,,,,,,,,,,,,,,,,,,,09/15/2026 3:41:05 AM,.,D,Y,Y,M,.,.,RA3!DLP2503308_1_SWIC_20260914_13230400_0!1,Recipe:AM;CHAMBER_RECIPE_ENTITYLIST_1:PM,mbarua,09/14/2026 1:21:20 PM,AME425_PM4 NGCOL,mbarua,09/14/2026 1:23:49 PM,ok,autosif,09/15/2026 2:21:56 AM,autosif,09/15/2026 3:41:05 AM,Recipe=AM;CHAMBER_RECIPE_ENTITYLIST_1=PM4;POR;AME425(optional);CHAMBER_RECIPE_ENTITYLIST_2=(optional);CHAMBER_RECIPE_ENTITYLIST_3=(optional);CHAMBER_RECIPE_ENTITYLIST_4=(optional);CHAMBER_RECIPE_ENTITYLIST_5=(optional);CHAMBER_RECIPE_ENTITYLIST_6=(optional);SIF_STEPTIME=(optional);SIF_OE_PCT=(optional);SIF_CYCLES=(optional);SIF_APC=AM;,09/15/2026 4:56:28 AM,.,D,Y,Y,M,.,.,RA3!DLP2503308_1_SWIC_20260914_13230400_1!1,Recipe:AM;LAYERID:8M6CL;LOWEST_N_WAFERS:,mbarua,09/14/2026 1:21:47 PM,AME425_PM4 NGCOL,sys_rf3pmes1,09/14/2026 1:50:19 PM,SIF is approved by AutoSIFDispo.,autosif,09/15/2026 4:26:50 AM,autosif,09/15/2026 4:56:28 AM,Recipe=AM;LAYERID=8M6CL;LOWEST_N_WAFERS=4(optional);WAFER_LIST=(optional);KLARITY_STEPID=(optional);
D621522,68,A2GYQ068SLD3,0,0,0.003584,0,0,0,0,0.189929,0,0,0,0.003584,0,0.003584,0.003584,,D6215220,PNCB,09/15/2026 4:27:09 AM,BPD448,8M6CL,8M6CL,09/15/2026 8:39:44 AM,8M6CL,D1D,2,8633546,,,,,,,,,,,,,,,,,AME425,22,256528,AME425_PM4,P_78_ROADRUNNER_R2,09/15/2026 3:31:04 AM,22,231023,,1,1,,,,,,,,,,,,,,1,1,1,1,1,0,0,0,0,0,,,232577,232577,232565,232577,232565,,232590,232577,232577,,,,,,1,1,50,,,,,,,1016,1016,2660,39298,2927,39298,39021,39298,2660,41135,2660,41135,2660,41135,39021,2660,39298,,,39298,2880,162,2660,39298,41135,2660,41135,2660,528,39298,2880,162,,162,2660,39298,39298,39298,75,528,9769,2660,2660,41135,2660,39298,41135,2660,5177,2660,39298,09/15/2026 3:41:27 AM,1.757029,25,14.64191,09/15/2026 3:31:04 AM,216736,P_78_GOBI_R6,6.133285,09/15/2026 3:31:04 AM,AME425,22,256528,AME425_PM4,P_78_ROADRUNNER_R2,09/15/2026 3:31:04 AM,22,1.757029,25,14.64191,09/15/2026 3:31:04 AM,8PONCVBB,FL78.3FGTC_SNIP_B0204_E180046,SNY512,8PXSCBMT61NA1,,,,,,,,,,,,,,,,,,,,,,,09/15/2026 3:41:05 AM,.,D,Y,Y,M,.,.,RA3!DLP2503308_1_SWIC_20260914_13230400_0!1,Recipe:AM;CHAMBER_RECIPE_ENTITYLIST_1:PM,mbarua,09/14/2026 1:21:20 PM,AME425_PM4 NGCOL,mbarua,09/14/2026 1:23:49 PM,ok,autosif,09/15/2026 2:21:56 AM,autosif,09/15/2026 3:41:05 AM,Recipe=AM;CHAMBER_RECIPE_ENTITYLIST_1=PM4;POR;AME425(optional);CHAMBER_RECIPE_ENTITYLIST_2=(optional);CHAMBER_RECIPE_ENTITYLIST_3=(optional);CHAMBER_RECIPE_ENTITYLIST_4=(optional);CHAMBER_RECIPE_ENTITYLIST_5=(optional);CHAMBER_RECIPE_ENTITYLIST_6=(optional);SIF_STEPTIME=(optional);SIF_OE_PCT=(optional);SIF_CYCLES=(optional);SIF_APC=AM;,09/15/2026 4:56:28 AM,.,D,Y,Y,M,.,.,RA3!DLP2503308_1_SWIC_20260914_13230400_1!1,Recipe:AM;LAYERID:8M6CL;LOWEST_N_WAFERS:,mbarua,09/14/2026 1:21:47 PM,AME425_PM4 NGCOL,sys_rf3pmes1,09/14/2026 1:50:19 PM,SIF is approved by AutoSIFDispo.,autosif,09/15/2026 4:26:50 AM,autosif,09/15/2026 4:56:28 AM,Recipe=AM;LAYERID=8M6CL;LOWEST_N_WAFERS=4(optional);WAFER_LIST=(optional);KLARITY_STEPID=(optional);
D621522,82,A2HHJ082SLB4,0,0,0.014334,0,0.003584,0,0,0.189929,0,0,0,0.003584,0,0.007167,0,,D6215220,PNCB,09/15/2026 4:27:09 AM,BPD448,8M6CL,8M6CL,09/15/2026 8:35:21 AM,8M6CL,D1D,3,8633495,,,,,,,,,,,,,,,,,AME425,6,256528,AME425_PM4,P_78_ROADRUNNER_R2,09/15/2026 2:42:09 AM,6,231023,,1,1,,,,,,,,,,,,,,1,1,1,1,1,0,0,0,0,0,,,232577,232577,232565,232577,232565,,232590,232577,232577,,,,,,1,1,50,,,,,,,1016,1016,2660,39298,2927,39298,39021,39298,2660,41135,2660,41135,2660,41135,39021,2660,39298,,,39298,2880,162,2660,39298,41135,2660,41135,2660,528,39298,2880,162,,162,2660,39298,39298,39298,75,528,9769,2660,2660,41135,2660,39298,41135,2660,5177,2660,39298,09/15/2026 3:41:27 AM,1.757029,25,14.64191,09/15/2026 2:42:09 AM,216736,P_78_GOBI_R6,6.133285,09/15/2026 2:42:09 AM,AME425,6,256528,AME425_PM4,P_78_ROADRUNNER_R2,09/15/2026 2:42:09 AM,6,1.757029,25,14.64191,09/15/2026 2:42:09 AM,8PONCVBB,FL78.3FGTC_SNIP_B0204_E180046,SNY512,8PXSCBMT61NA1,,,,,,,,,,,,,,,,,,,,,,,09/15/2026 3:41:05 AM,.,D,Y,Y,M,.,.,RA3!DLP2503308_1_SWIC_20260914_13230400_0!1,Recipe:AM;CHAMBER_RECIPE_ENTITYLIST_1:PM,mbarua,09/14/2026 1:21:20 PM,AME425_PM4 NGCOL,mbarua,09/14/2026 1:23:49 PM,ok,autosif,09/15/2026 2:21:56 AM,autosif,09/15/2026 3:41:05 AM,Recipe=AM;CHAMBER_RECIPE_ENTITYLIST_1=PM4;POR;AME425(optional);CHAMBER_RECIPE_ENTITYLIST_2=(optional);CHAMBER_RECIPE_ENTITYLIST_3=(optional);CHAMBER_RECIPE_ENTITYLIST_4=(optional);CHAMBER_RECIPE_ENTITYLIST_5=(optional);CHAMBER_RECIPE_ENTITYLIST_6=(optional);SIF_STEPTIME=(optional);SIF_OE_PCT=(optional);SIF_CYCLES=(optional);SIF_APC=AM;,09/15/2026 4:56:28 AM,.,D,Y,Y,M,.,.,RA3!DLP2503308_1_SWIC_20260914_13230400_1!1,Recipe:AM;LAYERID:8M6CL;LOWEST_N_WAFERS:,mbarua,09/14/2026 1:21:47 PM,AME425_PM4 NGCOL,sys_rf3pmes1,09/14/2026 1:50:19 PM,SIF is approved by AutoSIFDispo.,autosif,09/15/2026 4:26:50 AM,autosif,09/15/2026 4:56:28 AM,Recipe=AM;LAYERID=8M6CL;LOWEST_N_WAFERS=4(optional);WAFER_LIST=(optional);KLARITY_STEPID=(optional);
D621522,88,A2HHJ088SLE7,0,0,0.007167,0,0,0,0,0.182762,0,0,0,0.003584,0,0.014334,0,,D6215220,PNCB,09/15/2026 4:27:09 AM,BPD448,8M6CL,8M6CL,09/15/2026 8:35:13 AM,8M6CL,D1D,4,8633458,,,,,,,,,,,,,,,,,AME425,16,256528,AME425_PM4,P_78_ROADRUNNER_R2,09/15/2026 3:13:07 AM,16,231023,,1,1,,,,,,,,,,,,,,1,1,1,1,1,0,0,0,0,0,,,232577,232577,232565,232577,232565,,232590,232577,232577,,,,,,1,1,50,,,,,,,1016,1016,2660,39298,2927,39298,39021,39298,2660,41135,2660,41135,2660,41135,39021,2660,39298,,,39298,2880,162,2660,39298,41135,2660,41135,2660,528,39298,2880,162,,162,2660,39298,39298,39298,75,528,9769,2660,2660,41135,2660,39298,41135,2660,5177,2660,39298,09/15/2026 3:41:27 AM,1.757029,25,14.64191,09/15/2026 3:13:07 AM,216736,P_78_GOBI_R6,6.133285,09/15/2026 3:13:07 AM,AME425,16,256528,AME425_PM4,P_78_ROADRUNNER_R2,09/15/2026 3:13:07 AM,16,1.757029,25,14.64191,09/15/2026 3:13:07 AM,8PONCVBB,FL78.3FGTC_SNIP_B0204_E180046,SNY512,8PXSCBMT61NA1,,,,,,,,,,,,,,,,,,,,,,,09/15/2026 3:41:05 AM,.,D,Y,Y,M,.,.,RA3!DLP2503308_1_SWIC_20260914_13230400_0!1,Recipe:AM;CHAMBER_RECIPE_ENTITYLIST_1:PM,mbarua,09/14/2026 1:21:20 PM,AME425_PM4 NGCOL,mbarua,09/14/2026 1:23:49 PM,ok,autosif,09/15/2026 2:21:56 AM,autosif,09/15/2026 3:41:05 AM,Recipe=AM;CHAMBER_RECIPE_ENTITYLIST_1=PM4;POR;AME425(optional);CHAMBER_RECIPE_ENTITYLIST_2=(optional);CHAMBER_RECIPE_ENTITYLIST_3=(optional);CHAMBER_RECIPE_ENTITYLIST_4=(optional);CHAMBER_RECIPE_ENTITYLIST_5=(optional);CHAMBER_RECIPE_ENTITYLIST_6=(optional);SIF_STEPTIME=(optional);SIF_OE_PCT=(optional);SIF_CYCLES=(optional);SIF_APC=AM;,09/15/2026 4:56:28 AM,.,D,Y,Y,M,.,.,RA3!DLP2503308_1_SWIC_20260914_13230400_1!1,Recipe:AM;LAYERID:8M6CL;LOWEST_N_WAFERS:,mbarua,09/14/2026 1:21:47 PM,AME425_PM4 NGCOL,sys_rf3pmes1,09/14/2026 1:50:19 PM,SIF is approved by AutoSIFDispo.,autosif,09/15/2026 4:26:50 AM,autosif,09/15/2026 4:56:28 AM,Recipe=AM;LAYERID=8M6CL;LOWEST_N_WAFERS=4(optional);WAFER_LIST=(optional);KLARITY_STEPID=(optional);
D622598,23,A2MEK023SLB5,0,0,0.006494,0.003247,0,0.003247,0,0.123393,0,0,0,0.016236,0.003247,0.003247,0.003247,,D6225980,PR8B,09/15/2026 3:11:13 AM,BPD454,8M6CL,8M6CL,09/15/2026 8:39:42 AM,8M6CL,D1D,1,8666490,,,,,,,,,,,,,,,,,AME423,5,256528,AME423_PM2,P_78_ROADRUNNER_R2,09/15/2026 1:37:34 AM,5,252624,1,1,1,1,1,1,1,1,1,1,1,1,1,,,,,1,1,1,1,1,1,0,0,0,0,0,288395,288395,288384,288395,288384,0,288390,288390,288390,,,,,,1,1,49,,,,,0,,1699,1699,5842,42356,4225,42356,34196,42356,5842,96272,5842,96272,5842,96272,34196,5842,42356,,,42356,4265,194,4040,42356,96272,5842,96272,5842,194,42356,4265,194,,194,194,42356,42356,42356,748,194,4265,5842,5842,96272,5842,42356,96272,5842,6917,5842,42356,09/15/2026 2:40:12 AM,2.145465,36,17.87888,09/15/2026 1:37:34 AM,256528,P_78_ROADRUNNER_R2,0.031054,09/15/2026 1:37:34 AM,AME423,5,256528,AME423_PM2,P_78_ROADRUNNER_R2,09/15/2026 1:37:34 AM,5,2.145465,36,17.87888,09/15/2026 1:37:34 AM,8PR8CVAB,FL78.6H0QE_SNIP_B0204_E180046,SNY512,8PR8CBMT60NA1,,,,,,,,,,,,,,,,,,,,,,,09/15/2026 2:40:00 AM,.,D,Y,Y,M,.,.,RA3!DLP2509557_1_SWIC_20260914_13275375_0!1,Recipe:AM;CHAMBER_RECIPE_ENTITYLIST_1:PM,mbarua,09/14/2026 1:25:28 PM,AME423_PM2 post PM GCOL,mbarua,09/14/2026 1:28:33 PM,ok,autosif,09/15/2026 1:19:07 AM,autosif,09/15/2026 2:39:59 AM,Recipe=AM;CHAMBER_RECIPE_ENTITYLIST_1=PM2;POR;AME423(optional);CHAMBER_RECIPE_ENTITYLIST_2=(optional);CHAMBER_RECIPE_ENTITYLIST_3=(optional);CHAMBER_RECIPE_ENTITYLIST_4=(optional);CHAMBER_RECIPE_ENTITYLIST_5=(optional);CHAMBER_RECIPE_ENTITYLIST_6=(optional);SIF_STEPTIME=(optional);SIF_OE_PCT=(optional);SIF_CYCLES=(optional);SIF_APC=AM;,09/15/2026 3:48:40 AM,.,D,Y,Y,M,.,.,RA3!DLP2509557_1_SWIC_20260914_13275375_1!1,Recipe:AM;LAYERID:8M6CL;LOWEST_N_WAFERS:,mbarua,09/14/2026 1:25:50 PM,AME423_PM2 NGCOL,sys_rf3pmes1,09/14/2026 1:51:11 PM,SIF is approved by AutoSIFDispo.,autosif,09/15/2026 3:01:37 AM,autosif,09/15/2026 3:48:39 AM,Recipe=AM;LAYERID=8M6CL;LOWEST_N_WAFERS=4(optional);WAFER_LIST=(optional);KLARITY_STEPID=(optional);
D622598,25,A2MEK025SLC6,0,0,0.006494,0.003247,0,0,0,0.097416,0,0,0,0.016236,0.003247,0.016236,0.009742,,D6225980,PR8B,09/15/2026 3:11:13 AM,BPD454,8M6CL,8M6CL,09/15/2026 8:39:50 AM,8M6CL,D1D,2,8666489,,,,,,,,,,,,,,,,,AME423,22,256528,AME423_PM2,P_78_ROADRUNNER_R2,09/15/2026 2:29:29 AM,22,252624,1,1,1,1,1,1,1,1,1,1,1,1,1,,,,,1,1,1,1,1,1,0,0,0,0,0,288395,288395,288384,288395,288384,0,288390,288390,288390,,,,,,1,1,49,,,,,0,,1699,1699,5842,42356,4225,42356,34196,42356,5842,96272,5842,96272,5842,96272,34196,5842,42356,,,42356,4265,194,4040,42356,96272,5842,96272,5842,194,42356,4265,194,,194,194,42356,42356,42356,748,194,4265,5842,5842,96272,5842,42356,96272,5842,6917,5842,42356,09/15/2026 2:40:12 AM,2.145465,36,17.87888,09/15/2026 2:29:29 AM,256528,P_78_ROADRUNNER_R2,0.031054,09/15/2026 2:29:29 AM,AME423,22,256528,AME423_PM2,P_78_ROADRUNNER_R2,09/15/2026 2:29:29 AM,22,2.145465,36,17.87888,09/15/2026 2:29:29 AM,8PR8CVAB,FL78.6H0QE_SNIP_B0204_E180046,SNY512,8PR8CBMT60NA1,,,,,,,,,,,,,,,,,,,,,,,09/15/2026 2:40:00 AM,.,D,Y,Y,M,.,.,RA3!DLP2509557_1_SWIC_20260914_13275375_0!1,Recipe:AM;CHAMBER_RECIPE_ENTITYLIST_1:PM,mbarua,09/14/2026 1:25:28 PM,AME423_PM2 post PM GCOL,mbarua,09/14/2026 1:28:33 PM,ok,autosif,09/15/2026 1:19:07 AM,autosif,09/15/2026 2:39:59 AM,Recipe=AM;CHAMBER_RECIPE_ENTITYLIST_1=PM2;POR;AME423(optional);CHAMBER_RECIPE_ENTITYLIST_2=(optional);CHAMBER_RECIPE_ENTITYLIST_3=(optional);CHAMBER_RECIPE_ENTITYLIST_4=(optional);CHAMBER_RECIPE_ENTITYLIST_5=(optional);CHAMBER_RECIPE_ENTITYLIST_6=(optional);SIF_STEPTIME=(optional);SIF_OE_PCT=(optional);SIF_CYCLES=(optional);SIF_APC=AM;,09/15/2026 3:48:40 AM,.,D,Y,Y,M,.,.,RA3!DLP2509557_1_SWIC_20260914_13275375_1!1,Recipe:AM;LAYERID:8M6CL;LOWEST_N_WAFERS:,mbarua,09/14/2026 1:25:50 PM,AME423_PM2 NGCOL,sys_rf3pmes1,09/14/2026 1:51:11 PM,SIF is approved by AutoSIFDispo.,autosif,09/15/2026 3:01:37 AM,autosif,09/15/2026 3:48:39 AM,Recipe=AM;LAYERID=8M6CL;LOWEST_N_WAFERS=4(optional);WAFER_LIST=(optional);KLARITY_STEPID=(optional);
D622598,53,A2LKJ053SLB3,0,0,0.012989,0.003247,0.006494,0,0,0.107157,0,0,0,0.009742,0.009742,0,0.003247,,D6225980,PR8B,09/15/2026 3:11:13 AM,BPD454,8M6CL,8M6CL,09/15/2026 8:35:15 AM,8M6CL,D1D,3,8666509,,,,,,,,,,,,,,,,,AME423,2,256528,AME423_PM2,P_78_ROADRUNNER_R2,09/15/2026 1:28:40 AM,2,252624,1,1,1,1,1,1,1,1,1,1,1,1,1,,,,,1,1,1,1,1,1,0,0,0,0,0,288395,288395,288384,288395,288384,0,288390,288390,288390,,,,,,1,1,49,,,,,0,,1699,1699,5842,42356,4225,42356,34196,42356,5842,96272,5842,96272,5842,96272,34196,5842,42356,,,42356,4265,194,4040,42356,96272,5842,96272,5842,194,42356,4265,194,,194,194,42356,42356,42356,748,194,4265,5842,5842,96272,5842,42356,96272,5842,6917,5842,42356,09/15/2026 2:40:12 AM,2.145465,36,17.87888,09/15/2026 1:28:40 AM,256528,P_78_ROADRUNNER_R2,0.031054,09/15/2026 1:28:40 AM,AME423,2,256528,AME423_PM2,P_78_ROADRUNNER_R2,09/15/2026 1:28:40 AM,2,2.145465,36,17.87888,09/15/2026 1:28:40 AM,8PR8CVAB,FL78.6H0QE_SNIP_B0204_E180046,SNY512,8PR8CBMT60NA1,,,,,,,,,,,,,,,,,,,,,,,09/15/2026 2:40:00 AM,.,D,Y,Y,M,.,.,RA3!DLP2509557_1_SWIC_20260914_13275375_0!1,Recipe:AM;CHAMBER_RECIPE_ENTITYLIST_1:PM,mbarua,09/14/2026 1:25:28 PM,AME423_PM2 post PM GCOL,mbarua,09/14/2026 1:28:33 PM,ok,autosif,09/15/2026 1:19:07 AM,autosif,09/15/2026 2:39:59 AM,Recipe=AM;CHAMBER_RECIPE_ENTITYLIST_1=PM2;POR;AME423(optional);CHAMBER_RECIPE_ENTITYLIST_2=(optional);CHAMBER_RECIPE_ENTITYLIST_3=(optional);CHAMBER_RECIPE_ENTITYLIST_4=(optional);CHAMBER_RECIPE_ENTITYLIST_5=(optional);CHAMBER_RECIPE_ENTITYLIST_6=(optional);SIF_STEPTIME=(optional);SIF_OE_PCT=(optional);SIF_CYCLES=(optional);SIF_APC=AM;,09/15/2026 3:48:40 AM,.,D,Y,Y,M,.,.,RA3!DLP2509557_1_SWIC_20260914_13275375_1!1,Recipe:AM;LAYERID:8M6CL;LOWEST_N_WAFERS:,mbarua,09/14/2026 1:25:50 PM,AME423_PM2 NGCOL,sys_rf3pmes1,09/14/2026 1:51:11 PM,SIF is approved by AutoSIFDispo.,autosif,09/15/2026 3:01:37 AM,autosif,09/15/2026 3:48:39 AM,Recipe=AM;LAYERID=8M6CL;LOWEST_N_WAFERS=4(optional);WAFER_LIST=(optional);KLARITY_STEPID=(optional);
D622598,55,A2LKJ055SLC4,0.003247,0,0.012989,0.003247,0,0,0,0.129887,0,0,0,0.003247,0.006494,0.006494,0.003247,,D6225980,PR8B,09/15/2026 3:11:13 AM,BPD454,8M6CL,8M6CL,09/15/2026 8:35:10 AM,8M6CL,D1D,4,8666479,,,,,,,,,,,,,,,,,AME423,3,256528,AME423_PM2,P_78_ROADRUNNER_R2,09/15/2026 1:31:37 AM,3,252624,1,1,1,1,1,1,1,1,1,1,1,1,1,,,,,1,1,1,1,1,1,0,0,0,0,0,288395,288395,288384,288395,288384,0,288390,288390,288390,,,,,,1,1,49,,,,,0,,1699,1699,5842,42356,4225,42356,34196,42356,5842,96272,5842,96272,5842,96272,34196,5842,42356,,,42356,4265,194,4040,42356,96272,5842,96272,5842,194,42356,4265,194,,194,194,42356,42356,42356,748,194,4265,5842,5842,96272,5842,42356,96272,5842,6917,5842,42356,09/15/2026 2:40:12 AM,2.145465,36,17.87888,09/15/2026 1:31:37 AM,256528,P_78_ROADRUNNER_R2,0.031054,09/15/2026 1:31:37 AM,AME423,3,256528,AME423_PM2,P_78_ROADRUNNER_R2,09/15/2026 1:31:37 AM,3,2.145465,36,17.87888,09/15/2026 1:31:37 AM,8PR8CVAB,FL78.6H0QE_SNIP_B0204_E180046,SNY512,8PR8CBMT60NA1,,,,,,,,,,,,,,,,,,,,,,,09/15/2026 2:40:00 AM,.,D,Y,Y,M,.,.,RA3!DLP2509557_1_SWIC_20260914_13275375_0!1,Recipe:AM;CHAMBER_RECIPE_ENTITYLIST_1:PM,mbarua,09/14/2026 1:25:28 PM,AME423_PM2 post PM GCOL,mbarua,09/14/2026 1:28:33 PM,ok,autosif,09/15/2026 1:19:07 AM,autosif,09/15/2026 2:39:59 AM,Recipe=AM;CHAMBER_RECIPE_ENTITYLIST_1=PM2;POR;AME423(optional);CHAMBER_RECIPE_ENTITYLIST_2=(optional);CHAMBER_RECIPE_ENTITYLIST_3=(optional);CHAMBER_RECIPE_ENTITYLIST_4=(optional);CHAMBER_RECIPE_ENTITYLIST_5=(optional);CHAMBER_RECIPE_ENTITYLIST_6=(optional);SIF_STEPTIME=(optional);SIF_OE_PCT=(optional);SIF_CYCLES=(optional);SIF_APC=AM;,09/15/2026 3:48:40 AM,.,D,Y,Y,M,.,.,RA3!DLP2509557_1_SWIC_20260914_13275375_1!1,Recipe:AM;LAYERID:8M6CL;LOWEST_N_WAFERS:,mbarua,09/14/2026 1:25:50 PM,AME423_PM2 NGCOL,sys_rf3pmes1,09/14/2026 1:51:11 PM,SIF is approved by AutoSIFDispo.,autosif,09/15/2026 3:01:37 AM,autosif,09/15/2026 3:48:39 AM,Recipe=AM;LAYERID=8M6CL;LOWEST_N_WAFERS=4(optional);WAFER_LIST=(optional);KLARITY_STEPID=(optional);
D620427,154,A2HE8154SLC0,0.003584,0,0.028668,0,0,0,0,0.186345,0,0,0,0.007167,0,0,0,,D6204270,PNCB,09/18/2026 1:06:24 PM,BPD432,8M6CL,8M6CL,09/19/2026 8:38:34 AM,8M6CL,D1D,1,8598972,,,,,,,,,,,,,,,,,AME417,8,256528,AME417_PM4,P_78_ROADRUNNER_R2,09/18/2026 11:29:42 AM,4,255386,1,3,3,3,3,3,3,3,3,3,3,3,3,3,3,3,3,3,3,3,3,3,3,3,3,2,,,298794,61814,61814,61814,61814,,298818,298818,298794,,,,,,,1,24,,,,,,,3939,3940,4894,41357,3999,41357,38971,41357,4894,85269,4894,85269,4894,85269,38971,4894,41357,,,41357,20984,970,4894,41357,85269,4894,85269,4894,970,41357,4037,167,,970,4894,41357,41357,41357,215,167,4037,4894,4894,85269,4894,41357,85269,4894,6921,4894,41357,09/18/2026 11:59:24 AM,2.416816,42,20.14013,09/18/2026 11:29:42 AM,256532,P_78_ROADRUNNER_R2,2.380188,09/18/2026 11:29:42 AM,AME417,8,256528,AME417_PM4,P_78_ROADRUNNER_R2,09/18/2026 11:29:42 AM,4,2.416816,42,20.14013,09/18/2026 11:29:42 AM,8PONCVBB,FL78.3FGTC_SNIP_B0204_E180046,SNY512,8PXSCBMT61NA1,,,,,,,,,,,,,,,,,,,,,,,,,,,,,,,,,,,,,,,,,,,,,,,,,,,,,,,,,,,,,,,,
D620427,156,A2HE8156SLD1,0,0,0.025085,0,0,0,0,0.179178,0,0,0,0,0.003584,0,0.003584,,D6204270,PNCB,09/18/2026 1:06:24 PM,BPD432,8M6CL,8M6CL,09/19/2026 8:38:42 AM,8M6CL,D1D,2,8598950,,,,,,,,,,,,,,,,,AME417,3,256528,AME417_PM3,P_78_ROADRUNNER_R2,09/18/2026 11:20:56 AM,2,255386,1,3,3,3,3,3,3,3,3,3,3,3,3,3,3,3,3,3,3,3,3,3,3,3,3,2,,,298794,61814,61814,61814,61814,,298818,298818,298794,0,,,,2,,,93,,,,,,,2583,2583,6503,54582,2583,54582,49651,54582,6503,115484,6503,115484,6503,115484,49651,6503,54582,,,54582,13790,635,2897,54582,115484,6503,115484,6503,635,54582,2607,107,,635,634,54582,54582,54582,682,107,2607,2897,6503,115484,6503,54582,115484,6503,7579,6503,54582,09/18/2026 11:59:24 AM,2.508797,44,20.90664,09/18/2026 11:20:56 AM,175972,M_30S_DESCUM_L100,1.827246,09/18/2026 11:20:56 AM,AME417,3,256528,AME417_PM3,P_78_ROADRUNNER_R2,09/18/2026 11:20:56 AM,2,2.508797,44,20.90664,09/18/2026 11:20:56 AM,8PONCVBB,FL78.3FGTC_SNIP_B0204_E180046,SNY512,8PXSCBMT61NA1,,,,,,,,,,,,,,,,,,,,,,,,,,,,,,,,,,,,,,,,,,,,,,,,,,,,,,,,,,,,,,,,
D623208,164,HQ3SF164JKA5,0.022836,0,0.022836,0.003806,0.015224,0,0,0.217238,0,0,0,0.071647,0,0.357096,0.041866,0,D6232080,PNCB,09/17/2026 10:05:14 PM,BPD446,8M6CL,8M6CL,09/18/2026 12:07:40 PM,8M6CL,D1D,1,8715761,,,,,,,,,,,,,,,,,AME409,5,256528,AME409_PM1,P_78_ROADRUNNER_R2,09/17/2026 8:49:24 PM,3,226969,0.833333,,,1,1,1,1,1,1,1,1,0,0,0,,,,,,,,,,,,,0,0,266902,266880,266850,266902,266873,0,266880,266880,266880,,1,1,1,1,,2,32,,,,,,,1077,1077,7976,52683,1632,52683,45837,52683,2515,46717,2515,46717,2515,46717,45837,7976,52683,,,52683,15487,713,4243,52683,133678,7976,133678,7976,713,52683,1647,83,,713,713,52682,52683,52683,376,83,1647,4243,7976,133678,7976,52683,133678,7976,11410,7976,52683,09/17/2026 9:26:30 PM,1.390748,22.45413,11.58956,09/17/2026 8:49:24 PM,259043,P_78_THAR_R5,0.450656,09/17/2026 8:49:24 PM,AME409,5,256528,AME409_PM1,P_78_ROADRUNNER_R2,09/17/2026 8:49:24 PM,3,1.390748,22.45413,11.58956,09/17/2026 8:49:24 PM,8PONCVBB,FL78.3FGTC_SNIP_B0204_E180046,SNY512,8PXSCBMT61NA4,,,,,,,,,,,,,,,,,,,,,,,,,,,,,,,,,,,,,,,,,,,,,,,,,,,,,,,,,,,,,,,,
D623208,165,HQ3SF165JKE7,0,0,0.007218,0,0,0,0,0.158803,0,0,0,0,0,0.003609,0,,D6232080,PNCB,09/17/2026 10:05:14 PM,BPD446,8M6CL,8M6CL,09/18/2026 8:52:41 AM,8M6CL,D1D,2,8715757,,,,,,,,,,,,,,,,,AME409,10,256528,AME409_PM2,P_78_ROADRUNNER_R2,09/17/2026 8:56:40 PM,5,226969,0.833333,,,1,1,1,1,1,1,1,1,0,0,0,,,,,,,,,,,,,0,0,266902,266880,266850,266902,266873,0,266880,266880,266880,,1,1,1,1,,1,18,,,,,,,248,275,7450,46438,1070,46438,42929,46438,,61349,3615,61349,3615,61349,42929,7450,46438,,,46438,3179,180,5638,46438,118432,7450,118432,7450,180,46438,3179,180,,180,180,46438,46438,46438,269,180,3179,7450,7450,118432,7450,46438,61349,3615,11030,7450,46438,09/17/2026 9:26:30 PM,1.365138,21.40672,11.37615,09/17/2026 8:56:40 PM,259043,P_78_THAR_R5,0.450666,09/17/2026 8:56:40 PM,AME409,10,256528,AME409_PM2,P_78_ROADRUNNER_R2,09/17/2026 8:56:40 PM,5,1.365138,21.40672,11.37615,09/17/2026 8:56:40 PM,8PONCVBB,FL78.3FGTC_SNIP_B0204_E180046,SNY512,8PXSCBMT61NA4,,,,,,,,,,,,,,,,,,,,,,,,,,,,,,,,,,,,,,,,,,,,,,,,,,,,,,,,,,,,,,,,
D623208,166,HQ3SF166JKB6,0,0,0.010751,0,0,0,0,0.186345,0,0,0,0.003584,0,0.007167,0,,D6232080,PNCB,09/17/2026 11:26:03 PM,BPD444,8M6CL,8M6CL,09/18/2026 9:38:02 AM,8M6CL,D1D,3,8715739,,,,,,,,,,,,,,,,,AME409,20,256528,AME409_PM2,P_78_ROADRUNNER_R2,09/17/2026 9:14:54 PM,10,226969,0.833333,,,1,1,1,1,1,1,1,1,0,0,0,,,,,,,,,,,,,0,0,266902,266880,266850,266902,266873,0,266880,266880,266880,,1,1,1,1,,1,18,,,,,,,248,275,7450,46438,1070,46438,42929,46438,,61349,3615,61349,3615,61349,42929,7450,46438,,,46438,3179,180,5638,46438,118432,7450,118432,7450,180,46438,3179,180,,180,180,46438,46438,46438,269,180,3179,7450,7450,118432,7450,46438,61349,3615,11030,7450,46438,09/17/2026 9:26:30 PM,1.365138,21.40672,11.37615,09/17/2026 9:14:54 PM,259043,P_78_THAR_R5,0.450666,09/17/2026 9:14:54 PM,AME409,20,256528,AME409_PM2,P_78_ROADRUNNER_R2,09/17/2026 9:14:54 PM,10,1.365138,21.40672,11.37615,09/17/2026 9:14:54 PM,8PONCVBB,FL78.3FGTC_SNIP_B0204_E180046,SNY512,8PXSCBMT61NA4,,,,,,,,,,,,,,,,,,,,,,,,,,,,,,,,,,,,,,,,,,,,,,,,,,,,,,,,,,,,,,,,
D623208,167,HQ3SF167JKG0,0,0,0.018046,0.007218,0,0,0,0.202113,0,0,0,0.010827,0,0.007218,0.014437,,D6232080,PNCB,09/17/2026 11:26:03 PM,BPD444,8M6CL,8M6CL,09/18/2026 9:38:10 AM,8M6CL,D1D,4,8715775,,,,,,,,,,,,,,,,,AME409,16,256528,AME409_PM2,P_78_ROADRUNNER_R2,09/17/2026 9:07:37 PM,8,226969,0.833333,,,1,1,1,1,1,1,1,1,0,0,0,,,,,,,,,,,,,0,0,266902,266880,266850,266902,266873,0,266880,266880,266880,,1,1,1,1,,1,18,,,,,,,248,275,7450,46438,1070,46438,42929,46438,,61349,3615,61349,3615,61349,42929,7450,46438,,,46438,3179,180,5638,46438,118432,7450,118432,7450,180,46438,3179,180,,180,180,46438,46438,46438,269,180,3179,7450,7450,118432,7450,46438,61349,3615,11030,7450,46438,09/17/2026 9:26:30 PM,1.365138,21.40672,11.37615,09/17/2026 9:07:37 PM,259043,P_78_THAR_R5,0.450666,09/17/2026 9:07:37 PM,AME409,16,256528,AME409_PM2,P_78_ROADRUNNER_R2,09/17/2026 9:07:37 PM,8,1.365138,21.40672,11.37615,09/17/2026 9:07:37 PM,8PONCVBB,FL78.3FGTC_SNIP_B0204_E180046,SNY512,8PXSCBMT61NA4,,,,,,,,,,,,,,,,,,,,,,,,,,,,,,,,,,,,,,,,,,,,,,,,,,,,,,,,,,,,,,,,
D623208,176,HQ3SF176JKG2,0,0,0,0,0,0,0,0.189929,0,0.003584,0,0.010751,0.003584,0.032252,0,,D6232080,PNCB,09/17/2026 11:26:03 PM,BPD444,8M6CL,8M6CL,09/18/2026 9:37:57 AM,8M6CL,D1D,5,8715746,,,,,,,,,,,,,,,,,AME409,9,256528,AME409_PM1,P_78_ROADRUNNER_R2,09/17/2026 8:56:40 PM,5,226969,0.833333,,,1,1,1,1,1,1,1,1,0,0,0,,,,,,,,,,,,,0,0,266902,266880,266850,266902,266873,0,266880,266880,266880,,1,1,1,1,,2,32,,,,,,,1077,1077,7976,52683,1632,52683,45837,52683,2515,46717,2515,46717,2515,46717,45837,7976,52683,,,52683,15487,713,4243,52683,133678,7976,133678,7976,713,52683,1647,83,,713,713,52682,52683,52683,376,83,1647,4243,7976,133678,7976,52683,133678,7976,11410,7976,52683,09/17/2026 9:26:30 PM,1.390748,22.45413,11.58956,09/17/2026 8:56:40 PM,259043,P_78_THAR_R5,0.450656,09/17/2026 8:56:40 PM,AME409,9,256528,AME409_PM1,P_78_ROADRUNNER_R2,09/17/2026 8:56:40 PM,5,1.390748,22.45413,11.58956,09/17/2026 8:56:40 PM,8PONCVBB,FL78.3FGTC_SNIP_B0204_E180046,SNY512,8PXSCBMT61NA4,,,,,,,,,,,,,,,,,,,,,,,,,,,,,,,,,,,,,,,,,,,,,,,,,,,,,,,,,,,,,,,,
D619300,694,5DXWZ694MVG0,0.003584,0,0.039419,0,0,0,0,0.197096,0,0,0,0.007167,0.003584,0.003584,0.003584,,D6193000,PNCB,09/18/2026 6:32:26 AM,BPD450,8M6CL,8M6CL,09/18/2026 9:37:51 AM,8M6CL,D1D,1,8555668,,,,,,,,,,,,,,,,,AME423,17,256528,AME423_PM3,P_78_ROADRUNNER_R2,09/18/2026 5:48:36 AM,10,255033,0.833333,2,2,2,2,,,,,,,,,2,2,2,2,2,2,2,1,1,1,1,1,1,,,290804,290804,290793,290804,290793,,290799,290799,290799,0,,,,0,,,69,,,,,,,563,563,6829,71321,11312,71321,60889,71321,3223,68194,3223,68194,3223,68194,60889,3223,71321,,,71321,30933,1422,5026,71321,132246,6829,132246,6829,1422,71321,11419,510,,1422,1422,71321,71321,71321,562,510,11419,6829,6829,132246,6829,71321,68194,3223,10367,6829,71321,09/18/2026 5:59:13 AM,4.484333,75,37.36944,09/18/2026 5:48:36 AM,216737,P_78_GOBI_R6,0.033253,09/18/2026 5:48:36 AM,AME423,17,256528,AME423_PM3,P_78_ROADRUNNER_R2,09/18/2026 5:48:36 AM,10,4.484333,75,37.36944,09/18/2026 5:48:36 AM,8PONCVBB,FL78.3FGTC_SNIP_B0204_E180046,SNY512,8PXSCBMT61NA1,,,,,,,,,,,,,,,,,,,,,,,,,,,,,,,,,,,,,,,,,,,,,,,,,,,,,,,,,,,,,,,,
D619300,698,5DXWZ698MVA7,0,0,0.035836,0,0.003584,0,0,0.200679,0,0,0,0.010751,0,0.007167,0,,D6193000,PNCB,09/18/2026 6:32:26 AM,BPD450,8M6CL,8M6CL,09/18/2026 9:37:57 AM,8M6CL,D1D,2,8555642,,,,,,,,,,,,,,,,,AME423,10,256528,AME423_PM4,P_78_ROADRUNNER_R2,09/18/2026 5:36:26 AM,1,255033,0.833333,2,2,2,2,,,,,,,,,2,2,2,2,2,2,2,1,1,1,1,1,1,,,290804,290804,290793,290804,290793,,290799,290799,290799,0,,0,,,1,1,8,,,,,,,1827,1826,5134,54335,10004,54335,52237,54335,884,18596,5134,93468,5134,93468,52237,5134,54335,,,54335,18596,884,5134,54335,93468,5134,93468,5134,455,54335,10100,455,,455,884,54335,54335,54335,857,455,10100,5134,5134,93468,5134,54335,93468,5134,9189,5134,54335,09/18/2026 5:59:13 AM,4.423348,75,36.86123,09/18/2026 5:36:26 AM,216737,P_78_GOBI_R6,0.353012,09/18/2026 5:36:26 AM,AME423,10,256528,AME423_PM4,P_78_ROADRUNNER_R2,09/18/2026 5:36:26 AM,1,4.423348,75,36.86123,09/18/2026 5:36:26 AM,8PONCVBB,FL78.3FGTC_SNIP_B0204_E180046,SNY512,8PXSCBMT61NA1,,,,,,,,,,,,,,,,,,,,,,,,,,,,,,,,,,,,,,,,,,,,,,,,,,,,,,,,,,,,,,,,
D626512,34,A2GUA034SLG4,0.003489,0.003489,0.003489,0,0,0,0,0.122125,0,0,0,0.010468,0.006979,0.017446,0,,D6265120,PR8B,09/18/2026 8:25:51 AM,BPD432,8M6CL,8M6CL,09/18/2026 9:53:59 AM,8M6CL,D1D,1,8824212,,,,,,,,,,,,,,,,,AME411,5,256528,AME411_PM1,P_78_ROADRUNNER_R2,09/18/2026 6:35:57 AM,5,192130,1,2,2,,,,,,,2,2,2,2,2,2,2,2,2,1,1,1,1,1,1,1,1,,,240095,22001,22001,22001,22001,,240120,240120,240095,,,,,,,1,38,,,,,,0,597,640,6937,52638,640,52638,45033,52638,712,15162,712,15162,6937,115398,45033,6937,52638,,,52638,15162,712,6937,52638,115398,6937,115398,6937,712,52638,15162,712,,712,3080,52638,52638,52638,582,712,15162,6937,6937,115398,6937,52638,115398,6937,8850,6937,52638,09/18/2026 7:40:58 AM,4.1585,76,34.65416,09/18/2026 6:35:57 AM,256529,P_78_ROADRUNNER_R2,0.568594,09/18/2026 6:35:57 AM,AME411,5,256528,AME411_PM1,P_78_ROADRUNNER_R2,09/18/2026 6:35:57 AM,5,4.1585,76,34.65416,09/18/2026 6:35:57 AM,8PR8CVAB,FL78.6H0QE_SNIP_B0204_E180046,SNY510,8PR8CBMT60NA1,09/18/2026 5:49:09 AM,.,D,Y,Y,M,.,.,RA3!DLP2535745SWIC_20260827_11485026_1!1,Recipe:AM;SIF_TYPE:FLOW;SIF_VERSION:2;SI,oogunlal,08/27/2026 11:48:50 AM,XPR5 on N58N Filter for Minis Improvement. Run on SNY510,theiders,08/27/2026 4:57:27 PM,TSH,autosif,09/18/2026 5:11:52 AM,autosif,09/18/2026 5:49:09 AM,theiders,Recipe=AM;SIF_TYPE=FLOW;SIF_VERSION=2;SIF_GATE_CTRL=FALSE;SIF_RETICLE=(optional);LCA_Flag=(optional);,09/18/2026 7:40:34 AM,.,D,Y,Y,M,.,.,RA3!DLP2535745SWIC_20260827_11084223_1!1,Recipe:AM;PILOT_NAME:SRCIP;,kruthisr,08/27/2026 11:08:42 AM,,matthewh,08/27/2026 11:08:42 AM,for SRCIP Defect Project,autosif,09/18/2026 6:19:07 AM,autosif,09/18/2026 7:40:34 AM,Recipe=AM;PILOT_NAME=SRCIP;,,,,,,,,,,,,,,,,,,,,,
D626512,37,A2GUA037SLE4,0,0,0,0,0,0,0,0.162359,0,0.003247,0,0.009742,0,0.012989,0.003247,,D6265120,PR8B,09/18/2026 8:25:51 AM,BPD432,8M6CL,8M6CL,09/18/2026 9:54:03 AM,8M6CL,D1D,2,8824157,,,,,,,,,,,,,,,,,AME411,10,256528,AME411_PM1,P_78_ROADRUNNER_R2,09/18/2026 6:53:29 AM,10,192130,1,2,2,,,,,,,2,2,2,2,2,2,2,2,2,1,1,1,1,1,1,1,1,,,240095,22001,22001,22001,22001,,240120,240120,240095,,,,,,,1,38,,,,,,0,597,640,6937,52638,640,52638,45033,52638,712,15162,712,15162,6937,115398,45033,6937,52638,,,52638,15162,712,6937,52638,115398,6937,115398,6937,712,52638,15162,712,,712,3080,52638,52638,52638,582,712,15162,6937,6937,115398,6937,52638,115398,6937,8850,6937,52638,09/18/2026 7:40:58 AM,4.1585,76,34.65416,09/18/2026 6:53:29 AM,256529,P_78_ROADRUNNER_R2,0.568594,09/18/2026 6:53:29 AM,AME411,10,256528,AME411_PM1,P_78_ROADRUNNER_R2,09/18/2026 6:53:29 AM,10,4.1585,76,34.65416,09/18/2026 6:53:29 AM,8PR8CVAB,FL78.6H0QE_SNIP_B0204_E180046,SNY510,8PR8CBMT60NA1,09/18/2026 5:49:09 AM,.,D,Y,Y,M,.,.,RA3!DLP2535745SWIC_20260827_11485026_1!1,Recipe:AM;SIF_TYPE:FLOW;SIF_VERSION:2;SI,oogunlal,08/27/2026 11:48:50 AM,XPR5 on N58N Filter for Minis Improvement. Run on SNY510,theiders,08/27/2026 4:57:27 PM,TSH,autosif,09/18/2026 5:11:52 AM,autosif,09/18/2026 5:49:09 AM,theiders,Recipe=AM;SIF_TYPE=FLOW;SIF_VERSION=2;SIF_GATE_CTRL=FALSE;SIF_RETICLE=(optional);LCA_Flag=(optional);,09/18/2026 7:40:34 AM,.,D,Y,Y,M,.,.,RA3!DLP2535745SWIC_20260827_11084223_1!1,Recipe:AM;PILOT_NAME:SRCIP;,kruthisr,08/27/2026 11:08:42 AM,,matthewh,08/27/2026 11:08:42 AM,for SRCIP Defect Project,autosif,09/18/2026 6:19:07 AM,autosif,09/18/2026 7:40:34 AM,Recipe=AM;PILOT_NAME=SRCIP;,,,,,,,,,,,,,,,,,,,,,
D619275,28,A2FEP028SLE2,0.006979,0,0.010468,0.003489,0,0,0.003489,0.125615,0,0,0.006979,0,0.006979,0.003489,0,,D6192750,PR8B,09/20/2026 1:26:08 PM,BPD454,8M6CL,8M6CL,09/20/2026 2:17:36 PM,8M6CL,D1D,1,8550868,,,,,,,,,,,,,,,,,AME425,24,256528,AME425_PM2,P_78_ROADRUNNER_R2,09/20/2026 12:50:21 PM,12,233816,1,2,,,,,,,,,2,2,2,2,2,2,2,2,2,2,2,2,1,1,1,1,,,235370,235370,235358,235370,235358,,235383,235370,235370,,,,,,,1,56,,,,,,,2400,2399,3026,47892,6501,47892,47597,47892,3026,49415,3026,49415,3026,49415,47597,3026,47892,,,47892,24537,1223,3026,47892,49415,3026,49415,3026,1223,47892,6587,303,,1223,1223,47892,47892,47892,500,303,6587,3026,3026,49415,3026,47892,49415,3026,9411,3026,47892,09/20/2026 12:55:06 PM,5.831104,103.2402,48.59253,09/20/2026 12:50:21 PM,216734,P_78_THAR_R5,0.474303,09/20/2026 12:50:21 PM,AME425,24,256528,AME425_PM2,P_78_ROADRUNNER_R2,09/20/2026 12:50:21 PM,12,5.831104,103.2402,48.59253,09/20/2026 12:50:21 PM,8PR8CVAB,FL78.6H0QE_SNIP_B0204_E180046,SNY512,8PR8CBMT60NA1,,,,,,,,,,,,,,,,,,,,,,,,,,,,,,,,,,,,,,,,,,,,,,,,,,,,,,,,,,,,,,,,
D619275,31,A2FEP031SLB1,0,0,0.019483,0,0.009742,0,0,0.116899,0,0,0,0.012989,0.006494,0.051955,0.003247,,D6192750,PR8B,09/20/2026 1:26:08 PM,BPD454,8M6CL,8M6CL,09/20/2026 2:17:42 PM,8M6CL,D1D,2,8550789,,,,,,,,,,,,,,,,,AME425,15,256528,AME425_PM1,P_78_ROADRUNNER_R2,09/20/2026 12:38:09 PM,8,233816,1,2,,,,,,,,,2,2,2,2,2,2,2,2,2,2,2,2,1,1,1,1,,,235370,235370,235358,235370,235358,,235383,235370,235370,,,,,,,1,24,,,,,,,2517,2517,3262,52391,9173,52391,52180,52391,3262,53848,3262,53848,3262,53848,52180,3262,52391,,,52391,29160,1459,3262,52391,53848,3262,53848,3262,1459,52391,11070,523,,1459,3262,52391,52391,52391,615,523,11070,3262,3262,53848,3262,52391,53848,3262,9521,3262,52391,09/20/2026 12:55:06 PM,6.588188,115.2468,54.90156,09/20/2026 12:38:09 PM,216734,P_78_THAR_R5,0.410608,09/20/2026 12:38:09 PM,AME425,15,256528,AME425_PM1,P_78_ROADRUNNER_R2,09/20/2026 12:38:09 PM,8,6.588188,115.2468,54.90156,09/20/2026 12:38:09 PM,8PR8CVAB,FL78.6H0QE_SNIP_B0204_E180046,SNY512,8PR8CBMT60NA1,,,,,,,,,,,,,,,,,,,,,,,,,,,,,,,,,,,,,,,,,,,,,,,,,,,,,,,,,,,,,,,,
D623202,79,IEGMA079MMF4,0.007218,0,0.025264,0,0.046919,0,0.007218,0.187676,0,0,0,0.010827,0,0.093838,0.014437,,D6232020,PNCB,09/20/2026 5:57:01 PM,BPD454,8M6CL,8M6CL,09/20/2026 6:57:04 PM,8M6CL,D1D,1,8715598,,,,,,,,,,,,,,,,,AME427,1,256528,AME427_PM2,P_78_ROADRUNNER_R2,09/20/2026 4:01:55 PM,3,219922,0.833333,1,1,1,1,1,1,1,1,1,1,1,1,0,0,0,0,0,0,0,0,0,0,0,0,0,,,276978,276978,277003,276978,277003,,276978,276978,276978,,,,,,1,,14,,,,,,,2447,2462,2971,45880,5851,45880,33549,45880,2971,47737,2971,47737,2971,47737,33549,2971,45881,,,45881,21534,1095,2971,45881,47737,2971,47737,2971,1095,45881,5909,267,,1095,2971,45881,45881,45881,154,267,5909,2971,2971,47737,2971,45881,47737,2971,6096,2971,45881,09/20/2026 4:41:24 PM,9.631453,157.4839,80.26211,09/20/2026 4:01:55 PM,256529,P_78_ROADRUNNER_R2,0.029484,09/20/2026 4:01:55 PM,AME427,1,256528,AME427_PM2,P_78_ROADRUNNER_R2,09/20/2026 4:01:55 PM,3,9.631453,157.4839,80.26211,09/20/2026 4:01:55 PM,8PONCVBB,FL78.3FGTC_SNIP_B0204_E180046,SNY512,8PXSCBMT61NA4,,,,,,,,,,,,,,,,,,,,,,,,,,,,,,,,,,,,,,,,,,,,,,,,,,,,,,,,,,,,,,,,
D623202,110,IEGMA110MMF6,0.007167,0,0.017918,0,0,0,0,0.193512,0,0,0,0,0,0.014334,0,,D6232020,PNCB,09/20/2026 5:57:01 PM,BPD454,8M6CL,8M6CL,09/20/2026 6:57:08 PM,8M6CL,D1D,2,8715704,,,,,,,,,,,,,,,,,AME427,22,256528,AME427_PM2,P_78_ROADRUNNER_R2,09/20/2026 4:07:09 PM,4,219922,0.833333,1,1,1,1,1,1,1,1,1,1,1,1,0,0,0,0,0,0,0,0,0,0,0,0,0,,,276978,276978,277003,276978,277003,,276978,276978,276978,,,,,,1,,14,,,,,,,2447,2462,2971,45880,5851,45880,33549,45880,2971,47737,2971,47737,2971,47737,33549,2971,45881,,,45881,21534,1095,2971,45881,47737,2971,47737,2971,1095,45881,5909,267,,1095,2971,45881,45881,45881,154,267,5909,2971,2971,47737,2971,45881,47737,2971,6096,2971,45881,09/20/2026 4:41:24 PM,9.631453,157.4839,80.26211,09/20/2026 4:07:09 PM,256529,P_78_ROADRUNNER_R2,0.029484,09/20/2026 4:07:09 PM,AME427,22,256528,AME427_PM2,P_78_ROADRUNNER_R2,09/20/2026 4:07:09 PM,4,9.631453,157.4839,80.26211,09/20/2026 4:07:09 PM,8PONCVBB,FL78.3FGTC_SNIP_B0204_E180046,SNY512,8PXSCBMT61NA4,,,,,,,,,,,,,,,,,,,,,,,,,,,,,,,,,,,,,,,,,,,,,,,,,,,,,,,,,,,,,,,,
D623202,111,IEGMA111MMC5,0,0.003609,0.021655,0,0.003609,0,0,0.194894,0,0,0,0.014437,0.003609,0.018046,0,,D6232020,PNCB,09/20/2026 7:15:55 PM,BPD446,8M6CL,8M6CL,09/20/2026 8:55:29 PM,8M6CL,D1D,3,8715633,,,,,,,,,,,,,,,,,AME427,10,256528,AME427_PM2,P_78_ROADRUNNER_R2,09/20/2026 4:18:00 PM,6,219922,0.833333,1,1,1,1,1,1,1,1,1,1,1,1,0,0,0,0,0,0,0,0,0,0,0,0,0,,,276978,276978,277003,276978,277003,,276978,276978,276978,,,,,,1,,14,,,,,,,2447,2462,2971,45880,5851,45880,33549,45880,2971,47737,2971,47737,2971,47737,33549,2971,45881,,,45881,21534,1095,2971,45881,47737,2971,47737,2971,1095,45881,5909,267,,1095,2971,45881,45881,45881,154,267,5909,2971,2971,47737,2971,45881,47737,2971,6096,2971,45881,09/20/2026 4:41:24 PM,9.631453,157.4839,80.26211,09/20/2026 4:18:00 PM,256529,P_78_ROADRUNNER_R2,0.029484,09/20/2026 4:18:00 PM,AME427,10,256528,AME427_PM2,P_78_ROADRUNNER_R2,09/20/2026 4:18:00 PM,6,9.631453,157.4839,80.26211,09/20/2026 4:18:00 PM,8PONCVBB,FL78.3FGTC_SNIP_B0204_E180046,SNY512,8PXSCBMT61NA4,,,,,,,,,,,,,,,,,,,,,,,,,,,,,,,,,,,,,,,,,,,,,,,,,,,,,,,,,,,,,,,,
D623202,113,IEGMA113MMD6,0,0,0.021655,0,0,0,0,0.187676,0,0,0,0.010827,0.003609,0.007218,0,,D6232020,PNCB,09/20/2026 7:15:55 PM,BPD446,8M6CL,8M6CL,09/20/2026 8:55:33 PM,8M6CL,D1D,4,8715626,,,,,,,,,,,,,,,,,AME427,19,256528,AME427_PM1,P_78_ROADRUNNER_R2,09/20/2026 4:38:48 PM,10,219922,0.833333,1,1,1,1,1,1,1,1,1,1,1,1,0,0,0,0,0,0,0,0,0,0,0,0,0,,,276978,276978,277003,276978,277003,,276978,276978,276978,,,,,,1,,38492,,,,,,,2730,2730,2487,28608,16276,28608,16276,28608,2487,37294,2487,37294,2487,37294,16276,2487,28608,,,28608,37294,2479,2479,28608,37294,2487,37294,2487,2479,28608,12114,683,,2479,2487,28608,28608,28608,811,683,12114,2487,2487,37294,2487,28608,37294,2487,7303,2487,28608,09/20/2026 4:41:24 PM,10.94735,180.5791,91.22794,09/20/2026 4:38:48 PM,256529,P_78_ROADRUNNER_R2,0.029474,09/20/2026 4:38:48 PM,AME427,19,256528,AME427_PM1,P_78_ROADRUNNER_R2,09/20/2026 4:38:48 PM,10,10.94735,180.5791,91.22794,09/20/2026 4:38:48 PM,8PONCVBB,FL78.3FGTC_SNIP_B0204_E180046,SNY512,8PXSCBMT61NA4,,,,,,,,,,,,,,,,,,,,,,,,,,,,,,,,,,,,,,,,,,,,,,,,,,,,,,,,,,,,,,,,
D623202,165,IEGLA165MMC2,0,0,0.025264,0,0,0,0,0.184067,0,0,0,0.003609,0,0.032482,0,,D6232020,PNCB,09/20/2026 7:15:55 PM,BPD446,8M6CL,8M6CL,09/20/2026 8:55:20 PM,8M6CL,D1D,5,8715634,,,,,,,,,,,,,,,,,AME427,5,256528,AME427_PM1,P_78_ROADRUNNER_R2,09/20/2026 4:34:26 PM,9,219922,0.833333,1,1,1,1,1,1,1,1,1,1,1,1,0,0,0,0,0,0,0,0,0,0,0,0,0,,,276978,276978,277003,276978,277003,,276978,276978,276978,,,,,,1,,38492,,,,,,,2730,2730,2487,28608,16276,28608,16276,28608,2487,37294,2487,37294,2487,37294,16276,2487,28608,,,28608,37294,2479,2479,28608,37294,2487,37294,2487,2479,28608,12114,683,,2479,2487,28608,28608,28608,811,683,12114,2487,2487,37294,2487,28608,37294,2487,7303,2487,28608,09/20/2026 4:41:24 PM,10.94735,180.5791,91.22794,09/20/2026 4:34:26 PM,256529,P_78_ROADRUNNER_R2,0.029474,09/20/2026 4:34:26 PM,AME427,5,256528,AME427_PM1,P_78_ROADRUNNER_R2,09/20/2026 4:34:26 PM,9,10.94735,180.5791,91.22794,09/20/2026 4:34:26 PM,8PONCVBB,FL78.3FGTC_SNIP_B0204_E180046,SNY512,8PXSCBMT61NA4,,,,,,,,,,,,,,,,,,,,,,,,,,,,,,,,,,,,,,,,,,,,,,,,,,,,,,,,,,,,,,,,
D624343,2,KJG0M002WFF6,,,,,,,,,,,,,,,,,D6243430,PNCB,09/12/2026 6:17:31 AM,BPD458,8M6CL,8M6CL,09/13/2026 8:50:08 AM,8M6CL,D1D,1,8759626,1.288062,0,0.24593,0,2.260817,0,0,0,0,0,0,2.955896,0.816774,0,0,7.56748,AME417,16,256528,AME417_PM2,P_78_ROADRUNNER_R2,09/12/2026 5:06:12 AM,8,250930,1,2,2,2,2,2,2,2,1,1,1,1,1,1,1,1,1,1,1,1,1,1,1,1,1,1,,,294338,57358,57358,57358,57358,,294362,294362,294338,,,,,,1,,65,,,,,,,1737,1737,7646,50606,1737,50606,42759,50606,4387,74240,4387,74240,4387,74240,42759,7646,50606,,,50606,12199,564,5110,50606,121532,7646,121532,7646,564,50606,1753,81,,564,2584,50606,50606,50606,783,81,1753,5110,7646,121532,7646,50606,74240,4387,7759,7646,50606,09/12/2026 5:27:35 AM,6.114633,106.1328,50.95528,09/12/2026 5:06:12 AM,263067,P_78_GABON_B10_R4,0.735228,09/12/2026 5:06:12 AM,AME417,16,256528,AME417_PM2,P_78_ROADRUNNER_R2,09/12/2026 5:06:12 AM,8,6.114633,106.1328,50.95528,09/12/2026 5:06:12 AM,8PONCVBB,FL78.3FGTC_SNIP_B0204_E180046,SNY512,8PXSCBMT61NA4,,,,,,,,,,,,,,,,,,,,,,,,,,,,,,,,,,,,,,,,,,,,,,,,,,,,,,,,,,,,,,,,
D624343,35,KJG0M035WFC4,,,,,,,,,,,,,,,,,D6243430,PNCB,09/12/2026 6:17:31 AM,BPD458,8M6CL,8M6CL,09/13/2026 8:50:20 AM,8M6CL,D1D,2,8759572,0,0,0.225313,1.397142,1.416186,0,0,0,0,0,0,2.918193,0.874419,2.161622,0,7.629717,AME417,15,256528,AME417_PM1,P_78_ROADRUNNER_R2,09/12/2026 5:06:12 AM,8,250930,1,2,2,2,2,2,2,2,1,1,1,1,1,1,1,1,1,1,1,1,1,1,1,1,1,1,,,294338,57358,57358,57358,57358,,294362,294362,294338,,,,,,,,99,,,,,,,3273,3273,7969,50444,3273,50444,39775,50444,4390,74528,4390,74528,4390,74528,39775,7969,50444,,,50444,19648,948,2588,50444,129476,7969,129476,7969,948,50444,544,153,,948,948,50444,50444,50444,409,153,3303,2588,7969,129476,7969,50444,74528,4390,8384,7969,50444,09/12/2026 5:27:35 AM,5.801874,101.1328,48.34895,09/12/2026 5:06:12 AM,263067,P_78_GABON_B10_R4,0.670259,09/12/2026 5:06:12 AM,AME417,15,256528,AME417_PM1,P_78_ROADRUNNER_R2,09/12/2026 5:06:12 AM,8,5.801874,101.1328,48.34895,09/12/2026 5:06:12 AM,8PONCVBB,FL78.3FGTC_SNIP_B0204_E180046,SNY512,8PXSCBMT61NA4,,,,,,,,,,,,,,,,,,,,,,,,,,,,,,,,,,,,,,,,,,,,,,,,,,,,,,,,,,,,,,,,
D624337,33,A2KH1033SLB5,,,,,,,,,,,,,,,,,D6243370,PNCB,09/12/2026 12:00:10 PM,BPD448,8M6CL,8M6CL,09/13/2026 8:41:09 AM,8M6CL,D1D,1,8759604,0,0,0.759647,0,0,0,0,0,0,0,0,1.723527,0,0,0,2.483174,AME417,16,256528,AME417_PM2,P_78_ROADRUNNER_R2,09/12/2026 10:34:42 AM,9,251232,1,2,2,2,2,2,2,2,2,2,2,2,1,1,1,1,1,1,1,1,1,1,1,1,1,1,,,294640,57660,57660,57660,57660,,294664,294664,294640,,,,,,1,,12,,,,,,,1789,1789,7649,50658,1789,50658,42811,50658,4389,74293,4389,74293,4389,74293,42811,7649,50658,,,50658,12252,567,5112,50658,121585,7649,121585,7649,567,50658,1806,83,,567,2587,50658,50658,50658,835,83,1806,5112,7649,121585,7649,50658,74293,4389,7811,7649,50658,09/12/2026 10:47:20 AM,6.335579,103,52.79649,09/12/2026 10:34:42 AM,216737,P_78_GOBI_R6,0.369821,09/12/2026 10:34:42 AM,AME417,16,256528,AME417_PM2,P_78_ROADRUNNER_R2,09/12/2026 10:34:42 AM,9,6.335579,103,52.79649,09/12/2026 10:34:42 AM,8PONCVBB,FL78.3FGTC_SNIP_B0204_E180046,SNY512,8PXSCBMT61NA4,,,,,,,,,,,,,,,,,,,,,,,,,,,,,,,,,,,,,,,,,,,,,,,,,,,,,,,,,,,,,,,,
D624337,35,A2KH1035SLC6,,,,,,,,,,,,,,,,,D6243370,PNCB,09/12/2026 12:00:10 PM,BPD448,8M6CL,8M6CL,09/13/2026 8:41:12 AM,8M6CL,D1D,2,8759479,0,0,0.806717,0,0,0,0,0,0,0,0,3.102501,0,0,0,3.909218,AME417,19,256528,AME417_PM1,P_78_ROADRUNNER_R2,09/12/2026 10:05:37 AM,2,251232,1,2,2,2,2,2,2,2,2,2,2,2,1,1,1,1,1,1,1,1,1,1,1,1,1,1,,,294640,57660,57660,57660,57660,,294664,294664,294640,,,,,,,,38,,,,,,,3318,3318,7971,50489,3318,50489,39820,50489,4392,74574,4392,74574,4392,74574,39820,7971,50489,,,50489,19694,951,2590,50489,129522,7971,129522,7971,951,50489,590,155,,951,951,50489,50489,50489,454,155,3349,2590,7971,129522,7971,50489,74574,4392,8429,7971,50489,09/12/2026 10:47:20 AM,5.587661,88,46.56384,09/12/2026 10:05:37 AM,216737,P_78_GOBI_R6,0.102061,09/12/2026 10:05:37 AM,AME417,19,256528,AME417_PM1,P_78_ROADRUNNER_R2,09/12/2026 10:05:37 AM,2,5.587661,88,46.56384,09/12/2026 10:05:37 AM,8PONCVBB,FL78.3FGTC_SNIP_B0204_E180046,SNY512,8PXSCBMT61NA4,,,,,,,,,,,,,,,,,,,,,,,,,,,,,,,,,,,,,,,,,,,,,,,,,,,,,,,,,,,,,,,,
D616EL0,26,A29XK026SLE3,,,,,,,,,,,,,,,,,D616EL00,X78E,09/12/2026 6:10:44 PM,BPD450,8M6CL,8M6CL,09/13/2026 8:51:33 AM,8M6CL,D1D,1,8460366,0,0,0.560753,0,0,0,0,0,0,0,0,1.066327,0.524701,0,0.417052,2.568833,AME417,9,256528,AME417_PM6,P_78_ROADRUNNER_R2,09/12/2026 4:58:17 PM,3,251613,1,2,2,2,2,2,2,2,2,2,2,2,2,2,1,1,1,1,1,1,1,1,1,1,1,1,,,295021,58041,58041,58041,58041,,295045,295045,295021,,,,,,1,,72,,,,,,,1094,1094,6441,53296,1094,53296,43862,53296,6441,107091,6441,107091,6441,107091,43862,6441,53296,,,53296,1104,56,4717,53296,107091,6441,107091,6441,56,53296,1104,56,,56,1461,53296,53296,53296,151,509,10367,6441,6441,107091,6441,53296,107091,6441,7849,6441,53296,09/12/2026 5:20:29 PM,7.08651,113.4345,59.05425,09/12/2026 4:58:17 PM,290587,P_78_ROADRUNNER_R4,0.312889,09/12/2026 4:58:17 PM,AME417,9,256528,AME417_PM6,P_78_ROADRUNNER_R2,09/12/2026 4:58:17 PM,3,7.08651,113.4345,59.05425,09/12/2026 4:58:17 PM,1X78EVAA,FL78.6UPJE_SNIP_DLP2470806-1_515,SNV440,1X78EASM6SNB1,,,,,,,,,,,,,,,,,,,,,,,,,,,,,,,,,,,,,,,,,,,,,,,,,,,,,,,,,,,,,,,,
D616EL0,28,A29XK028SLF4,,,,,,,,,,,,,,,,,D616EL00,X78E,09/12/2026 6:10:44 PM,BPD450,8M6CL,8M6CL,09/13/2026 8:51:27 AM,8M6CL,D1D,2,8460382,0,0,0.665051,0,0,0,0,0,0,0,0,0,0.734996,0,0,1.400047,AME417,2,256528,AME417_PM6,P_78_ROADRUNNER_R2,09/12/2026 4:52:09 PM,1,251613,1,2,2,2,2,2,2,2,2,2,2,2,2,2,1,1,1,1,1,1,1,1,1,1,1,1,,,295021,58041,58041,58041,58041,,295045,295045,295021,,,,,,1,,72,,,,,,,1094,1094,6441,53296,1094,53296,43862,53296,6441,107091,6441,107091,6441,107091,43862,6441,53296,,,53296,1104,56,4717,53296,107091,6441,107091,6441,56,53296,1104,56,,56,1461,53296,53296,53296,151,509,10367,6441,6441,107091,6441,53296,107091,6441,7849,6441,53296,09/12/2026 5:20:29 PM,7.08651,113.4345,59.05425,09/12/2026 4:52:09 PM,290587,P_78_ROADRUNNER_R4,0.312889,09/12/2026 4:52:09 PM,AME417,2,256528,AME417_PM6,P_78_ROADRUNNER_R2,09/12/2026 4:52:09 PM,1,7.08651,113.4345,59.05425,09/12/2026 4:52:09 PM,1X78EVAA,FL78.6UPJE_SNIP_DLP2470806-1_515,SNV440,1X78EASM6SNB1,,,,,,,,,,,,,,,,,,,,,,,,,,,,,,,,,,,,,,,,,,,,,,,,,,,,,,,,,,,,,,,,
D617128,8,MCNFM008WAF1,,,,,,,,,,,,,,,,,D6171280,PR8B,09/11/2026 2:42:49 PM,BPD436,8M6CL,8M6CL,09/13/2026 8:50:20 AM,8M6CL,D1D,1,8502405,0,0,0.238416,0,3.349516,0.612625,0,0,0,0,0,12.67808,3.660483,6.499513,5.897029,31.81862,AME401,1,256528,AME401_PM1,P_78_ROADRUNNER_R2,09/11/2026 1:22:30 PM,1,85307,0.666666,3,3,3,3,2,2,2,2,2,2,,,,,,,,,,,,,2,2,2,,,100984,100984,100984,100984,100984,,100984,100984,100984,,,,,,1,,22,,,,,,,5929,5927,12440,33036,8393,33036,28380,33036,12440,194235,12440,194235,12440,194235,28380,3217,33036,,,33036,28124,1340,10639,33036,194235,12440,179366,11130,1340,33036,8472,372,,1340,3964,33036,33036,33036,825,383,8586,3964,12440,194235,12440,33036,194235,12440,8240,12440,33036,09/11/2026 1:55:33 PM,6.952876,133.7632,57.94063,09/11/2026 1:22:30 PM,263067,P_78_GABON_B10_R4,0.232808,09/11/2026 1:22:30 PM,AME401,1,256528,AME401_PM1,P_78_ROADRUNNER_R2,09/11/2026 1:22:30 PM,1,6.952876,133.7632,57.94063,09/11/2026 1:22:30 PM,8PR8CVAB,FL78.6H0QE_SNIP_DLP2469494-1_0,SNY510,8PR8CBMT60NA2,,,,,,,,,,,,,,,,,,,,,,,,,,,,,,,,,,,,,,,,,,,,,,,,,,,,,,,,,,,,,,,,
D617128,45,MCPMT045WAA7,,,,,,,,,,,,,,,,,D6171280,PR8B,09/11/2026 2:42:49 PM,BPD436,8M6CL,8M6CL,09/13/2026 8:50:30 AM,8M6CL,D1D,2,8502417,0,0,0.847079,2.522884,0,0,1.80006,0,0,0,0,3.112252,6.402242,0,0,14.68452,AME401,14,256528,AME401_PM2,P_78_ROADRUNNER_R2,09/11/2026 1:38:41 PM,6,85307,0.666666,3,3,3,3,2,2,2,2,2,2,,,,,,,,,,,,,2,2,2,,,100984,100984,100984,100984,100984,,100984,100984,100984,,,,,,1,1,71,,,,,,,5161,5161,11431,26364,5161,26364,24753,26364,11431,157813,11431,157813,11431,157813,24753,11431,26364,0,0,26364,24984,1206,1206,26364,157813,11431,157813,11431,1206,26364,5210,231,1,1206,5252,26364,26364,26364,386,231,5210,1206,11431,157813,11431,26364,157813,11431,8167,11431,26364,09/11/2026 1:55:33 PM,7.39377,142.7458,61.61475,09/11/2026 1:38:41 PM,263067,P_78_GABON_B10_R4,0.232816,09/11/2026 1:38:41 PM,AME401,14,256528,AME401_PM2,P_78_ROADRUNNER_R2,09/11/2026 1:38:41 PM,6,7.39377,142.7458,61.61475,09/11/2026 1:38:41 PM,8PR8CVAB,FL78.6H0QE_SNIP_DLP2469494-1_0,SNY510,8PR8CBMT60NA2,,,,,,,,,,,,,,,,,,,,,,,,,,,,,,,,,,,,,,,,,,,,,,,,,,,,,,,,,,,,,,,,
D617128,61,MCPMT061WAA2,,,,,,,,,,,,,,,,,D6171280,PR8B,09/11/2026 4:25:52 PM,BPD444,8M6CL,8M6CL,09/13/2026 8:41:46 AM,8M6CL,D1D,3,8502473,0,0,0.442857,0,0,0,0,0,0,0,0,0,0,0.482518,0,0.925375,AME401,22,256528,AME401_PM2,P_78_ROADRUNNER_R2,09/11/2026 1:47:47 PM,9,85307,0.666666,3,3,3,3,2,2,2,2,2,2,,,,,,,,,,,,,2,2,2,,,100984,100984,100984,100984,100984,,100984,100984,100984,,,,,,1,1,71,,,,,,,5161,5161,11431,26364,5161,26364,24753,26364,11431,157813,11431,157813,11431,157813,24753,11431,26364,0,0,26364,24984,1206,1206,26364,157813,11431,157813,11431,1206,26364,5210,231,1,1206,5252,26364,26364,26364,386,231,5210,1206,11431,157813,11431,26364,157813,11431,8167,11431,26364,09/11/2026 1:55:33 PM,7.39377,142.7458,61.61475,09/11/2026 1:47:47 PM,263067,P_78_GABON_B10_R4,0.232816,09/11/2026 1:47:47 PM,AME401,22,256528,AME401_PM2,P_78_ROADRUNNER_R2,09/11/2026 1:47:47 PM,9,7.39377,142.7458,61.61475,09/11/2026 1:47:47 PM,8PR8CVAB,FL78.6H0QE_SNIP_DLP2469494-1_0,SNY510,8PR8CBMT60NA2,,,,,,,,,,,,,,,,,,,,,,,,,,,,,,,,,,,,,,,,,,,,,,,,,,,,,,,,,,,,,,,,
D617128,92,MCPMT092WAD2,,,,,,,,,,,,,,,,,D6171280,PR8B,09/11/2026 4:25:52 PM,BPD444,8M6CL,8M6CL,09/13/2026 8:50:20 AM,8M6CL,D1D,4,8502510,0,0,0.970387,1.964588,0,0,0,0,0,0,0,6.448846,1.988096,1.976019,0,13.34794,AME401,9,256528,AME401_PM1,P_78_ROADRUNNER_R2,09/11/2026 1:32:38 PM,4,85307,0.666666,3,3,3,3,2,2,2,2,2,2,,,,,,,,,,,,,2,2,2,,,100984,100984,100984,100984,100984,,100984,100984,100984,,,,,,1,,22,,,,,,,5929,5927,12440,33036,8393,33036,28380,33036,12440,194235,12440,194235,12440,194235,28380,3217,33036,,,33036,28124,1340,10639,33036,194235,12440,179366,11130,1340,33036,8472,372,,1340,3964,33036,33036,33036,825,383,8586,3964,12440,194235,12440,33036,194235,12440,8240,12440,33036,09/11/2026 1:55:33 PM,6.952876,133.7632,57.94063,09/11/2026 1:32:38 PM,263067,P_78_GABON_B10_R4,0.232808,09/11/2026 1:32:38 PM,AME401,9,256528,AME401_PM1,P_78_ROADRUNNER_R2,09/11/2026 1:32:38 PM,4,6.952876,133.7632,57.94063,09/11/2026 1:32:38 PM,8PR8CVAB,FL78.6H0QE_SNIP_DLP2469494-1_0,SNY510,8PR8CBMT60NA2,,,,,,,,,,,,,,,,,,,,,,,,,,,,,,,,,,,,,,,,,,,,,,,,,,,,,,,,,,,,,,,,
D617128,233,MCPMT233WAA7,,,,,,,,,,,,,,,,,D6171280,PR8B,09/11/2026 2:42:49 PM,BPD436,8M6CL,8M6CL,09/13/2026 8:46:05 AM,8M6CL,D1D,5,8502449,1.230526,0,2.261219,0,2.845277,0,0,0,0,0,0,3.195533,3.265939,3.082784,0,15.54082,AME401,25,256528,AME401_PM2,P_78_ROADRUNNER_R2,09/11/2026 1:53:45 PM,11,85307,0.666666,3,3,3,3,2,2,2,2,2,2,,,,,,,,,,,,,2,2,2,,,100984,100984,100984,100984,100984,,100984,100984,100984,,,,,,1,1,71,,,,,,,5161,5161,11431,26364,5161,26364,24753,26364,11431,157813,11431,157813,11431,157813,24753,11431,26364,0,0,26364,24984,1206,1206,26364,157813,11431,157813,11431,1206,26364,5210,231,1,1206,5252,26364,26364,26364,386,231,5210,1206,11431,157813,11431,26364,157813,11431,8167,11431,26364,09/11/2026 1:55:33 PM,7.39377,142.7458,61.61475,09/11/2026 1:53:45 PM,263067,P_78_GABON_B10_R4,0.232816,09/11/2026 1:53:45 PM,AME401,25,256528,AME401_PM2,P_78_ROADRUNNER_R2,09/11/2026 1:53:45 PM,11,7.39377,142.7458,61.61475,09/11/2026 1:53:45 PM,8PR8CVAB,FL78.6H0QE_SNIP_DLP2469494-1_0,SNY510,8PR8CBMT60NA2,,,,,,,,,,,,,,,,,,,,,,,,,,,,,,,,,,,,,,,,,,,,,,,,,,,,,,,,,,,,,,,,
D617128,820,MCPND820WAE7,,,,,,,,,,,,,,,,,D6171280,PR8B,09/11/2026 2:42:49 PM,BPD436,8M6CL,8M6CL,09/13/2026 8:41:28 AM,8M6CL,D1D,6,8502504,0,0,0.28931,1.403131,0,0,0,0,0,0,0,0,1.387226,0.422788,0,3.502455,AME401,13,256528,AME401_PM1,P_78_ROADRUNNER_R2,09/11/2026 1:38:41 PM,6,85307,0.666666,3,3,3,3,2,2,2,2,2,2,,,,,,,,,,,,,2,2,2,,,100984,100984,100984,100984,100984,,100984,100984,100984,,,,,,1,,22,,,,,,,5929,5927,12440,33036,8393,33036,28380,33036,12440,194235,12440,194235,12440,194235,28380,3217,33036,,,33036,28124,1340,10639,33036,194235,12440,179366,11130,1340,33036,8472,372,,1340,3964,33036,33036,33036,825,383,8586,3964,12440,194235,12440,33036,194235,12440,8240,12440,33036,09/11/2026 1:55:33 PM,6.952876,133.7632,57.94063,09/11/2026 1:38:41 PM,263067,P_78_GABON_B10_R4,0.232808,09/11/2026 1:38:41 PM,AME401,13,256528,AME401_PM1,P_78_ROADRUNNER_R2,09/11/2026 1:38:41 PM,6,6.952876,133.7632,57.94063,09/11/2026 1:38:41 PM,8PR8CVAB,FL78.6H0QE_SNIP_DLP2469494-1_0,SNY510,8PR8CBMT60NA2,,,,,,,,,,,,,,,,,,,,,,,,,,,,,,,,,,,,,,,,,,,,,,,,,,,,,,,,,,,,,,,,
D623164,12,KJG0M012WFC7,,,,,,,,,,,,,,,,,D6231640,PR8B,09/11/2026 10:44:54 AM,BPD454,8M6CL,8M6CL,09/13/2026 8:36:14 AM,8M6CL,D1D,1,8705001,7.17045,0,0.132962,1.656108,0,0,0,0,0,0,0,10.59172,4.631367,3.129509,0.476435,25.97048,AME417,1,256528,AME417_PM3,P_78_ROADRUNNER_R2,09/11/2026 9:27:49 AM,1,250017,1,1,1,1,1,1,1,1,1,1,1,1,1,1,1,1,1,1,1,1,1,1,1,1,1,0,,,293425,56445,56445,56445,56445,,293449,293449,293425,2,,,,1,,,30,,,,,,,1592,1592,6464,53591,1592,53591,48660,53591,6464,114484,6464,114484,6464,114484,48660,6464,53591,0,0,53591,12790,596,2858,53591,114484,6464,114484,6464,596,53591,1607,68,0,596,595,53591,53591,53591,646,68,1607,2858,6464,114484,6464,53591,114484,6464,6588,6464,53591,09/11/2026 10:08:15 AM,7.735309,129,64.46091,09/11/2026 9:27:49 AM,292545,P_78_ROADRUNNER_R2,1.047949,09/11/2026 9:27:49 AM,AME417,1,256528,AME417_PM3,P_78_ROADRUNNER_R2,09/11/2026 9:27:49 AM,1,7.735309,129,64.46091,09/11/2026 9:27:49 AM,8PR8CVAB,FL78.6H0QE_SNIP_B0204_E180046,SNY510,8PR8CBMT60NA2,,,,,,,,,,,,,,,,,,,,,,,,,,,,,,,,,,,,,,,,,,,,,,,,,,,,,,,,,,,,,,,,
D623164,15,KJG0M015WFA7,,,,,,,,,,,,,,,,,D6231640,PR8B,09/11/2026 10:44:54 AM,BPD454,8M6CL,8M6CL,09/13/2026 8:36:31 AM,8M6CL,D1D,2,8705101,0,0,1.891178,4.245355,0,0,0,0,0,0,0,1.610814,1.290972,1.616047,0,10.65437,AME417,8,256528,AME417_PM4,P_78_ROADRUNNER_R2,09/11/2026 9:37:07 AM,4,250017,1,1,1,1,1,1,1,1,1,1,1,1,1,1,1,1,1,1,1,1,1,1,1,1,1,0,,,293425,56445,56445,56445,56445,,293449,293449,293425,,,,,,,1,90,,,,,,,3081,3082,4861,40499,3141,40499,38113,40499,4861,84402,4861,84402,4861,84402,38113,4861,40499,0,0,40499,20117,936,4861,40499,84402,4861,84402,4861,936,40499,3170,134,0,936,4861,40499,40499,40499,304,134,3170,4861,4861,84402,4861,40499,84402,4861,6063,4861,40499,09/11/2026 10:08:15 AM,4.96972,91,41.41434,09/11/2026 9:37:07 AM,292545,P_78_ROADRUNNER_R2,1.047964,09/11/2026 9:37:07 AM,AME417,8,256528,AME417_PM4,P_78_ROADRUNNER_R2,09/11/2026 9:37:07 AM,4,4.96972,91,41.41434,09/11/2026 9:37:07 AM,8PR8CVAB,FL78.6H0QE_SNIP_B0204_E180046,SNY510,8PR8CBMT60NA2,,,,,,,,,,,,,,,,,,,,,,,,,,,,,,,,,,,,,,,,,,,,,,,,,,,,,,,,,,,,,,,,
D621492,92,MCQQK092WAG3,,,,,,,,,,,,,,,,,D6214920AB,PR8B,09/11/2026 10:02:50 AM,BPD442,8M6CL,8M6CL,09/11/2026 3:37:27 PM,8M6CL,D1D,1,9294609,0,0,0.604264,0,0,0,0,0,1.840049,0,0,0,0,0.658068,0,3.102384,AME421,22,290586,AME421_PM4,P_78_ROADRUNNER_R4,09/11/2026 9:17:38 AM,6,230962,1,,1,1,1,1,1,1,1,1,1,1,1,1,0,0,0,0,0,0,0,0,0,0,0,0,,,261022,261022,261022,261022,261022,,261022,261022,261022,,,,,,1,,70,,,,,,,2980,2980,4806,41565,8744,41565,38758,41565,4806,84461,4806,84461,4806,84461,38758,4806,41565,,,41565,8827,410,4806,41565,84461,4806,84461,4806,410,41565,8827,410,,410,1201,41565,41565,41565,788,410,8827,4806,4806,84461,4806,41565,82379,4796,7904,4806,41565,09/11/2026 9:19:28 AM,7.021896,108.9787,58.5158,09/11/2026 9:17:38 AM,256532,P_78_ROADRUNNER_R2,0.431658,09/11/2026 9:17:38 AM,AME421,22,290586,AME421_PM4,P_78_ROADRUNNER_R4,09/11/2026 9:17:38 AM,6,7.021896,108.9787,58.5158,09/11/2026 9:17:38 AM,8PR8CVAB,FL78.6H0QE_SNIP_B0204_E180046,SNY510,8PR8CBMT60NA2,,,,,,,,,,,,,,,,,,,,,,,,,,,,,,,,,,,,,,,,,,,,,,,,,,,,,,,,,,,,,,,,
D621492,100,MCQQK100WAA6,,,,,,,,,,,,,,,,,D6214920AB,PR8B,09/11/2026 10:02:50 AM,BPD442,8M6CL,8M6CL,09/11/2026 3:37:55 PM,8M6CL,D1D,2,9294596,0.800337,0,0.204208,0,0,0,0,0,0,0,0,0,0,0,0,1.004544,AME421,7,290586,AME421_PM4,P_78_ROADRUNNER_R4,09/11/2026 9:02:26 AM,1,230962,1,,1,1,1,1,1,1,1,1,1,1,1,1,0,0,0,0,0,0,0,0,0,0,0,0,,,261022,261022,261022,261022,261022,,261022,261022,261022,,,,,,1,,70,,,,,,,2980,2980,4806,41565,8744,41565,38758,41565,4806,84461,4806,84461,4806,84461,38758,4806,41565,,,41565,8827,410,4806,41565,84461,4806,84461,4806,410,41565,8827,410,,410,1201,41565,41565,41565,788,410,8827,4806,4806,84461,4806,41565,82379,4796,7904,4806,41565,09/11/2026 9:19:28 AM,7.021896,108.9787,58.5158,09/11/2026 9:02:26 AM,256532,P_78_ROADRUNNER_R2,0.431658,09/11/2026 9:02:26 AM,AME421,7,290586,AME421_PM4,P_78_ROADRUNNER_R4,09/11/2026 9:02:26 AM,1,7.021896,108.9787,58.5158,09/11/2026 9:02:26 AM,8PR8CVAB,FL78.6H0QE_SNIP_B0204_E180046,SNY510,8PR8CBMT60NA2,,,,,,,,,,,,,,,,,,,,,,,,,,,,,,,,,,,,,,,,,,,,,,,,,,,,,,,,,,,,,,,,
D625429,9,A30Q1009SLF0,,,,,,,,,,,,,,,,,D6254290,PNCB,09/11/2026 12:06:12 PM,BPD448,8M6CL,8M6CL,09/11/2026 3:37:40 PM,8M6CL,D1D,1,8794566,1.192098,0,0.332052,0,0,0,0,0,1.203698,0,0,0,0,0,0.54801,3.27586,AME425,12,256528,AME425_PM1,P_78_ROADRUNNER_R2,09/11/2026 11:21:56 AM,12,229062,1,1,1,0,0,0,0,0,0,0,0,0,0,0,0,0,0,0,0,0,0,0,0,0,0,0,,,230616,230616,230604,230616,230604,,230629,230616,230616,,,,,,1,,77,,,,,,,895,895,3187,50769,7551,50769,50558,50769,3187,52210,3187,52210,3187,52210,50558,3187,50769,,,50769,27522,1385,3187,50769,52210,3187,52210,3187,1385,50769,9432,448,,1385,3187,50769,50769,50769,894,448,9432,3187,3187,52210,3187,50769,52210,3187,7899,3187,50769,09/11/2026 11:26:49 AM,1.109255,20,9.243794,09/11/2026 11:21:56 AM,263067,P_78_GABON_B10_R4,1.156449,09/11/2026 11:21:56 AM,AME425,12,256528,AME425_PM1,P_78_ROADRUNNER_R2,09/11/2026 11:21:56 AM,12,1.109255,20,9.243794,09/11/2026 11:21:56 AM,8PONCVBB,FL78.3FGTC_SNIP_B0204_E180046,SNY510,8PXSCBMT61NA4,,,,,,,,,,,,,,,,,,,,,,,,,,,,,,,,,,,,,,,,,,,,,,,,,,,,,,,,,,,,,,,,
D625429,11,A30Q1011SLF0,,,,,,,,,,,,,,,,,D6254290,PNCB,09/11/2026 12:06:12 PM,BPD448,8M6CL,8M6CL,09/11/2026 3:37:31 PM,8M6CL,D1D,2,8794433,0,0,0.469421,0,0,0,0,0,0,0,0,0,0,0,0,0.469421,AME425,11,256528,AME425_PM2,P_78_ROADRUNNER_R2,09/11/2026 10:48:23 AM,1,229062,1,1,1,0,0,0,0,0,0,0,0,0,0,0,0,0,0,0,0,0,0,0,0,0,0,0,,,230616,230616,230604,230616,230604,,230629,230616,230616,,,,,,1,,98,,,,,,,855,854,2954,46347,4956,46347,46052,46347,2954,47855,2954,47855,2954,47855,46052,2954,46347,,,46347,22977,1152,2954,46347,47855,2954,47855,2954,1152,46347,5027,231,,1152,1152,46347,46347,46347,843,231,5027,2954,2954,47855,2954,46347,47855,2954,7866,2954,46347,09/11/2026 11:26:49 AM,0.995432,18,8.295266,09/11/2026 10:48:23 AM,263067,P_78_GABON_B10_R4,1.243017,09/11/2026 10:48:23 AM,AME425,11,256528,AME425_PM2,P_78_ROADRUNNER_R2,09/11/2026 10:48:23 AM,1,0.995432,18,8.295266,09/11/2026 10:48:23 AM,8PONCVBB,FL78.3FGTC_SNIP_B0204_E180046,SNY510,8PXSCBMT61NA4,,,,,,,,,,,,,,,,,,,,,,,,,,,,,,,,,,,,,,,,,,,,,,,,,,,,,,,,,,,,,,,,
D621492,73,MCQQK073WAB5,,,,,,,,,,,,,,,,,D6214920,PR8B,09/11/2026 12:30:48 PM,BPD448,8M6CL,8M6CL,09/13/2026 8:36:56 AM,8M6CL,D1D,1,8627470,11.36267,0,0.859382,0,1.255205,0,0,0,0,0,0,8.141212,2.88805,3.155828,1.780485,25.24097,AME417,5,256528,AME417_PM4,P_78_ROADRUNNER_R2,09/11/2026 11:33:25 AM,4,250101,1,1,1,1,1,1,1,1,1,1,1,1,1,1,1,1,1,1,1,1,1,1,1,1,1,1,,,293509,56529,56529,56529,56529,,293533,293533,293509,,,,,,,1,102,,,,,,,3093,3094,4861,40511,3153,40511,38125,40511,4861,84414,4861,84414,4861,84414,38125,4861,40511,0,0,40511,20129,937,4861,40511,84414,4861,84414,4861,937,40511,3182,134,0,937,4861,40511,40511,40511,316,134,3182,4861,4861,84414,4861,40511,84414,4861,6075,4861,40511,09/11/2026 11:44:26 AM,4.536198,84,37.80165,09/11/2026 11:33:25 AM,256528,P_78_ROADRUNNER_R2,0.443768,09/11/2026 11:33:25 AM,AME417,5,256528,AME417_PM4,P_78_ROADRUNNER_R2,09/11/2026 11:33:25 AM,4,4.536198,84,37.80165,09/11/2026 11:33:25 AM,8PR8CVAB,FL78.6H0QE_SNIP_B0204_E180046,SNY510,8PR8CBMT60NA2,,,,,,,,,,,,,,,,,,,,,,,,,,,,,,,,,,,,,,,,,,,,,,,,,,,,,,,,,,,,,,,,
D621492,98,MCQQK098WAC3,,,,,,,,,,,,,,,,,D6214920,PR8B,09/11/2026 12:30:48 PM,BPD448,8M6CL,8M6CL,09/13/2026 8:36:48 AM,8M6CL,D1D,2,8627517,0,0,0.438805,0,0,0,0,0,0,4.246557,0,0,1.984618,0.604857,0,7.27484,AME417,11,256528,AME417_PM4,P_78_ROADRUNNER_R2,09/11/2026 11:42:16 AM,6,250101,1,1,1,1,1,1,1,1,1,1,1,1,1,1,1,1,1,1,1,1,1,1,1,1,1,1,,,293509,56529,56529,56529,56529,,293533,293533,293509,,,,,,,1,102,,,,,,,3093,3094,4861,40511,3153,40511,38125,40511,4861,84414,4861,84414,4861,84414,38125,4861,40511,0,0,40511,20129,937,4861,40511,84414,4861,84414,4861,937,40511,3182,134,0,937,4861,40511,40511,40511,316,134,3182,4861,4861,84414,4861,40511,84414,4861,6075,4861,40511,09/11/2026 11:44:26 AM,4.536198,84,37.80165,09/11/2026 11:42:16 AM,256528,P_78_ROADRUNNER_R2,0.443768,09/11/2026 11:42:16 AM,AME417,11,256528,AME417_PM4,P_78_ROADRUNNER_R2,09/11/2026 11:42:16 AM,6,4.536198,84,37.80165,09/11/2026 11:42:16 AM,8PR8CVAB,FL78.6H0QE_SNIP_B0204_E180046,SNY510,8PR8CBMT60NA2,,,,,,,,,,,,,,,,,,,,,,,,,,,,,,,,,,,,,,,,,,,,,,,,,,,,,,,,,,,,,,,,
D621492,487,MCR6R487WAC1,,,,,,,,,,,,,,,,,D6214920,PR8B,09/11/2026 12:30:48 PM,BPD448,8M6CL,8M6CL,09/13/2026 8:37:01 AM,8M6CL,D1D,3,8627437,0,0,0.2986,0,0.731719,0,0,0,0,0,0,0,4.040836,1.576888,0,6.648043,AME417,25,256528,AME417_PM3,P_78_ROADRUNNER_R2,09/11/2026 11:37:50 AM,5,250101,1,1,1,1,1,1,1,1,1,1,1,1,1,1,1,1,1,1,1,1,1,1,1,1,1,1,,,293509,56529,56529,56529,56529,,293533,293533,293509,0,,,,2,,,44,,,,,,,1606,1606,6464,53605,1606,53605,48674,53605,6464,114498,6464,114498,6464,114498,48674,6464,53605,0,0,53605,12804,596,2858,53605,114498,6464,114498,6464,596,53605,1621,68,0,596,596,53605,53605,53605,660,68,1621,2858,6464,114498,6464,53605,114498,6464,6602,6464,53605,09/11/2026 11:44:26 AM,7.433624,125,61.94687,09/11/2026 11:37:50 AM,256528,P_78_ROADRUNNER_R2,0.393968,09/11/2026 11:37:50 AM,AME417,25,256528,AME417_PM3,P_78_ROADRUNNER_R2,09/11/2026 11:37:50 AM,5,7.433624,125,61.94687,09/11/2026 11:37:50 AM,8PR8CVAB,FL78.6H0QE_SNIP_B0204_E180046,SNY510,8PR8CBMT60NA2,,,,,,,,,,,,,,,,,,,,,,,,,,,,,,,,,,,,,,,,,,,,,,,,,,,,,,,,,,,,,,,,
D621492,730,MCR6R730WAG2,,,,,,,,,,,,,,,,,D6214920,PR8B,09/11/2026 12:30:48 PM,BPD448,8M6CL,8M6CL,09/13/2026 8:36:46 AM,8M6CL,D1D,4,8627548,0.769248,0,1.56625,2.464011,0,0,0,0,0,1.46829,0,1.31127,3.079323,0.562405,0,11.2208,AME417,10,256528,AME417_PM3,P_78_ROADRUNNER_R2,09/11/2026 11:33:25 AM,4,250101,1,1,1,1,1,1,1,1,1,1,1,1,1,1,1,1,1,1,1,1,1,1,1,1,1,1,,,293509,56529,56529,56529,56529,,293533,293533,293509,0,,,,2,,,44,,,,,,,1606,1606,6464,53605,1606,53605,48674,53605,6464,114498,6464,114498,6464,114498,48674,6464,53605,0,0,53605,12804,596,2858,53605,114498,6464,114498,6464,596,53605,1621,68,0,596,596,53605,53605,53605,660,68,1621,2858,6464,114498,6464,53605,114498,6464,6602,6464,53605,09/11/2026 11:44:26 AM,7.433624,125,61.94687,09/11/2026 11:33:25 AM,256528,P_78_ROADRUNNER_R2,0.393968,09/11/2026 11:33:25 AM,AME417,10,256528,AME417_PM3,P_78_ROADRUNNER_R2,09/11/2026 11:33:25 AM,4,7.433624,125,61.94687,09/11/2026 11:33:25 AM,8PR8CVAB,FL78.6H0QE_SNIP_B0204_E180046,SNY510,8PR8CBMT60NA2,,,,,,,,,,,,,,,,,,,,,,,,,,,,,,,,,,,,,,,,,,,,,,,,,,,,,,,,,,,,,,,,
D620443,340,MCQXL340WAB4,,,,,,,,,,,,,,,,,D6204430,PNCB,09/13/2026 12:25:47 AM,BPD458,8M6CL,8M6CL,09/13/2026 8:44:11 AM,8M6CL,D1D,1,8601610,0,0,0.550811,0,0,0,0,0,0,0,0,4.676795,0,0,0,5.163966,AME423,8,256528,AME423_PM2,P_78_ROADRUNNER_R2,09/12/2026 10:38:36 PM,8,251536,0.666666,1,1,1,1,1,1,1,1,1,1,1,0,0,0,0,0,0,0,0,0,0,0,0,0,0,0,0,287307,287307,287296,287307,287296,0,287302,287302,287302,,,,,1,,1,114,,,,,,,1445,1445,5831,42102,3971,42102,33942,42102,5831,96015,5831,96015,5831,96015,33942,5831,42102,0,0,42102,4008,183,4028,42102,96015,5831,96015,5831,183,42102,4008,183,0,183,183,42102,42102,42102,494,183,4008,5831,5831,96015,5831,42102,96015,5831,6663,5831,42102,09/12/2026 11:21:42 PM,5.665462,92,47.21218,09/12/2026 10:38:36 PM,283761,P_80_MT6_GABON_R1,1.07165,09/12/2026 10:38:36 PM,AME423,8,256528,AME423_PM2,P_78_ROADRUNNER_R2,09/12/2026 10:38:36 PM,8,5.665462,92,47.21218,09/12/2026 10:38:36 PM,8PONCVBB,FL78.3FGTC_SNIP_B0204_E180046,SNY512,8PXSCBMT61NA4,,,,,,,,,,,,,,,,,,,,,,,09/12/2026 11:20:59 PM,.,D,Y,Y,M,.,.,RA3!DLP2497301_1_SWIC_20260912_10524431_0!1,Recipe:AM;CHAMBER_RECIPE_ENTITYLIST_1:PM,mbarua,09/12/2026 10:49:01 AM,AME423_PM2 post PM GCOL,mbarua,09/12/2026 10:53:27 AM,ok,autosif,09/12/2026 10:14:23 PM,autosif,09/12/2026 11:20:58 PM,Recipe=AM;CHAMBER_RECIPE_ENTITYLIST_1=PM2;POR;AME423(optional);CHAMBER_RECIPE_ENTITYLIST_2=(optional);CHAMBER_RECIPE_ENTITYLIST_3=(optional);CHAMBER_RECIPE_ENTITYLIST_4=(optional);CHAMBER_RECIPE_ENTITYLIST_5=(optional);CHAMBER_RECIPE_ENTITYLIST_6=(optional);SIF_STEPTIME=(optional);SIF_OE_PCT=(optional);SIF_CYCLES=(optional);SIF_APC=AM;,09/13/2026 12:55:20 AM,.,D,Y,Y,M,.,.,RA3!DLP2497301_1_SWIC_20260912_17273972_0!1,Recipe:AM;LAYERID:8M6CL;LOWEST_N_WAFERS:,mbarua,09/12/2026 10:50:16 AM,AME423_PM2 NGCOL,sys_rf3pmes1,09/12/2026 5:53:08 PM,SIF is approved by AutoSIFDispo.,autosif,09/13/2026 12:25:09 AM,autosif,09/13/2026 12:55:20 AM,Recipe=AM;LAYERID=8M6CL;LOWEST_N_WAFERS=4(optional);WAFER_LIST=(optional);KLARITY_STEPID=(optional);
D620443,361,MCQXL361WAA0,,,,,,,,,,,,,,,,,D6204430,PNCB,09/13/2026 12:25:47 AM,BPD458,8M6CL,8M6CL,09/13/2026 8:50:08 AM,8M6CL,D1D,2,8601637,0,0,1.876911,1.397142,1.197245,0,0,0,0,0,0,0,5.253976,2.314231,0,12.0395,AME423,15,256528,AME423_PM2,P_78_ROADRUNNER_R2,09/12/2026 10:59:12 PM,15,251536,0.666666,1,1,1,1,1,1,1,1,1,1,1,0,0,0,0,0,0,0,0,0,0,0,0,0,0,0,0,287307,287307,287296,287307,287296,0,287302,287302,287302,,,,,1,,1,114,,,,,,,1445,1445,5831,42102,3971,42102,33942,42102,5831,96015,5831,96015,5831,96015,33942,5831,42102,0,0,42102,4008,183,4028,42102,96015,5831,96015,5831,183,42102,4008,183,0,183,183,42102,42102,42102,494,183,4008,5831,5831,96015,5831,42102,96015,5831,6663,5831,42102,09/12/2026 11:21:42 PM,5.665462,92,47.21218,09/12/2026 10:59:12 PM,283761,P_80_MT6_GABON_R1,1.07165,09/12/2026 10:59:12 PM,AME423,15,256528,AME423_PM2,P_78_ROADRUNNER_R2,09/12/2026 10:59:12 PM,15,5.665462,92,47.21218,09/12/2026 10:59:12 PM,8PONCVBB,FL78.3FGTC_SNIP_B0204_E180046,SNY512,8PXSCBMT61NA4,,,,,,,,,,,,,,,,,,,,,,,09/12/2026 11:20:59 PM,.,D,Y,Y,M,.,.,RA3!DLP2497301_1_SWIC_20260912_10524431_0!1,Recipe:AM;CHAMBER_RECIPE_ENTITYLIST_1:PM,mbarua,09/12/2026 10:49:01 AM,AME423_PM2 post PM GCOL,mbarua,09/12/2026 10:53:27 AM,ok,autosif,09/12/2026 10:14:23 PM,autosif,09/12/2026 11:20:58 PM,Recipe=AM;CHAMBER_RECIPE_ENTITYLIST_1=PM2;POR;AME423(optional);CHAMBER_RECIPE_ENTITYLIST_2=(optional);CHAMBER_RECIPE_ENTITYLIST_3=(optional);CHAMBER_RECIPE_ENTITYLIST_4=(optional);CHAMBER_RECIPE_ENTITYLIST_5=(optional);CHAMBER_RECIPE_ENTITYLIST_6=(optional);SIF_STEPTIME=(optional);SIF_OE_PCT=(optional);SIF_CYCLES=(optional);SIF_APC=AM;,09/13/2026 12:55:20 AM,.,D,Y,Y,M,.,.,RA3!DLP2497301_1_SWIC_20260912_17273972_0!1,Recipe:AM;LAYERID:8M6CL;LOWEST_N_WAFERS:,mbarua,09/12/2026 10:50:16 AM,AME423_PM2 NGCOL,sys_rf3pmes1,09/12/2026 5:53:08 PM,SIF is approved by AutoSIFDispo.,autosif,09/13/2026 12:25:09 AM,autosif,09/13/2026 12:55:20 AM,Recipe=AM;LAYERID=8M6CL;LOWEST_N_WAFERS=4(optional);WAFER_LIST=(optional);KLARITY_STEPID=(optional);
D620443,392,MCQXL392WAD0,,,,,,,,,,,,,,,,,D6204430,PNCB,09/13/2026 12:25:47 AM,BPD458,8M6CL,8M6CL,09/13/2026 8:41:34 AM,8M6CL,D1D,3,8601608,0,0,0.638544,0,0,0,0,0,0,0,0,1.820069,0,0.168378,0,2.624677,AME423,4,256528,AME423_PM2,P_78_ROADRUNNER_R2,09/12/2026 10:26:48 PM,4,251536,0.666666,1,1,1,1,1,1,1,1,1,1,1,0,0,0,0,0,0,0,0,0,0,0,0,0,0,0,0,287307,287307,287296,287307,287296,0,287302,287302,287302,,,,,1,,1,114,,,,,,,1445,1445,5831,42102,3971,42102,33942,42102,5831,96015,5831,96015,5831,96015,33942,5831,42102,0,0,42102,4008,183,4028,42102,96015,5831,96015,5831,183,42102,4008,183,0,183,183,42102,42102,42102,494,183,4008,5831,5831,96015,5831,42102,96015,5831,6663,5831,42102,09/12/2026 11:21:42 PM,5.665462,92,47.21218,09/12/2026 10:26:48 PM,283761,P_80_MT6_GABON_R1,1.07165,09/12/2026 10:26:48 PM,AME423,4,256528,AME423_PM2,P_78_ROADRUNNER_R2,09/12/2026 10:26:48 PM,4,5.665462,92,47.21218,09/12/2026 10:26:48 PM,8PONCVBB,FL78.3FGTC_SNIP_B0204_E180046,SNY512,8PXSCBMT61NA4,,,,,,,,,,,,,,,,,,,,,,,09/12/2026 11:20:59 PM,.,D,Y,Y,M,.,.,RA3!DLP2497301_1_SWIC_20260912_10524431_0!1,Recipe:AM;CHAMBER_RECIPE_ENTITYLIST_1:PM,mbarua,09/12/2026 10:49:01 AM,AME423_PM2 post PM GCOL,mbarua,09/12/2026 10:53:27 AM,ok,autosif,09/12/2026 10:14:23 PM,autosif,09/12/2026 11:20:58 PM,Recipe=AM;CHAMBER_RECIPE_ENTITYLIST_1=PM2;POR;AME423(optional);CHAMBER_RECIPE_ENTITYLIST_2=(optional);CHAMBER_RECIPE_ENTITYLIST_3=(optional);CHAMBER_RECIPE_ENTITYLIST_4=(optional);CHAMBER_RECIPE_ENTITYLIST_5=(optional);CHAMBER_RECIPE_ENTITYLIST_6=(optional);SIF_STEPTIME=(optional);SIF_OE_PCT=(optional);SIF_CYCLES=(optional);SIF_APC=AM;,09/13/2026 12:55:20 AM,.,D,Y,Y,M,.,.,RA3!DLP2497301_1_SWIC_20260912_17273972_0!1,Recipe:AM;LAYERID:8M6CL;LOWEST_N_WAFERS:,mbarua,09/12/2026 10:50:16 AM,AME423_PM2 NGCOL,sys_rf3pmes1,09/12/2026 5:53:08 PM,SIF is approved by AutoSIFDispo.,autosif,09/13/2026 12:25:09 AM,autosif,09/13/2026 12:55:20 AM,Recipe=AM;LAYERID=8M6CL;LOWEST_N_WAFERS=4(optional);WAFER_LIST=(optional);KLARITY_STEPID=(optional);
D620443,393,MCQXL393WAH2,,,,,,,,,,,,,,,,,D6204430,PNCB,09/13/2026 12:25:47 AM,BPD458,8M6CL,8M6CL,09/13/2026 8:41:28 AM,8M6CL,D1D,4,8601613,0,0,0.154728,0,1.425637,0,0,0,0,0,0,3.097191,0,0.501291,0,5.178848,AME423,9,256528,AME423_PM2,P_78_ROADRUNNER_R2,09/12/2026 10:41:32 PM,9,251536,0.666666,1,1,1,1,1,1,1,1,1,1,1,0,0,0,0,0,0,0,0,0,0,0,0,0,0,0,0,287307,287307,287296,287307,287296,0,287302,287302,287302,,,,,1,,1,114,,,,,,,1445,1445,5831,42102,3971,42102,33942,42102,5831,96015,5831,96015,5831,96015,33942,5831,42102,0,0,42102,4008,183,4028,42102,96015,5831,96015,5831,183,42102,4008,183,0,183,183,42102,42102,42102,494,183,4008,5831,5831,96015,5831,42102,96015,5831,6663,5831,42102,09/12/2026 11:21:42 PM,5.665462,92,47.21218,09/12/2026 10:41:32 PM,283761,P_80_MT6_GABON_R1,1.07165,09/12/2026 10:41:32 PM,AME423,9,256528,AME423_PM2,P_78_ROADRUNNER_R2,09/12/2026 10:41:32 PM,9,5.665462,92,47.21218,09/12/2026 10:41:32 PM,8PONCVBB,FL78.3FGTC_SNIP_B0204_E180046,SNY512,8PXSCBMT61NA4,,,,,,,,,,,,,,,,,,,,,,,09/12/2026 11:20:59 PM,.,D,Y,Y,M,.,.,RA3!DLP2497301_1_SWIC_20260912_10524431_0!1,Recipe:AM;CHAMBER_RECIPE_ENTITYLIST_1:PM,mbarua,09/12/2026 10:49:01 AM,AME423_PM2 post PM GCOL,mbarua,09/12/2026 10:53:27 AM,ok,autosif,09/12/2026 10:14:23 PM,autosif,09/12/2026 11:20:58 PM,Recipe=AM;CHAMBER_RECIPE_ENTITYLIST_1=PM2;POR;AME423(optional);CHAMBER_RECIPE_ENTITYLIST_2=(optional);CHAMBER_RECIPE_ENTITYLIST_3=(optional);CHAMBER_RECIPE_ENTITYLIST_4=(optional);CHAMBER_RECIPE_ENTITYLIST_5=(optional);CHAMBER_RECIPE_ENTITYLIST_6=(optional);SIF_STEPTIME=(optional);SIF_OE_PCT=(optional);SIF_CYCLES=(optional);SIF_APC=AM;,09/13/2026 12:55:20 AM,.,D,Y,Y,M,.,.,RA3!DLP2497301_1_SWIC_20260912_17273972_0!1,Recipe:AM;LAYERID:8M6CL;LOWEST_N_WAFERS:,mbarua,09/12/2026 10:50:16 AM,AME423_PM2 NGCOL,sys_rf3pmes1,09/12/2026 5:53:08 PM,SIF is approved by AutoSIFDispo.,autosif,09/13/2026 12:25:09 AM,autosif,09/13/2026 12:55:20 AM,Recipe=AM;LAYERID=8M6CL;LOWEST_N_WAFERS=4(optional);WAFER_LIST=(optional);KLARITY_STEPID=(optional);
D623242,250,KJFWP250WFB4,,,,,,,,,,,,,,,,,D6232420,PNCB,09/13/2026 1:10:25 AM,BPD454,8M6CL,8M6CL,09/13/2026 8:44:25 AM,8M6CL,D1D,1,8724518,0,0,0.558621,0,0,0,0,0,0,0,0,0.750723,2.36908,0.425064,0,4.103488,AME425,25,256528,AME425_PM4,P_78_ROADRUNNER_R2,09/13/2026 12:41:14 AM,24,230079,1,,,,,,,1,1,1,1,1,1,0,0,0,0,0,0,0,0,,,,,,0,0,231633,231633,231621,231633,231621,0,231646,231633,231633,,,,,,1,1,74,,,,,,,792,792,2648,39074,2703,39074,38797,39074,2648,40909,2648,40909,2648,40909,38797,2648,39074,,,39074,2654,151,2648,39074,40909,2648,40909,2648,517,39074,2654,151,,151,2648,39074,39074,39074,792,517,9543,2648,2648,40909,2648,39074,40909,2648,4953,2648,39074,09/13/2026 12:43:25 AM,1.555236,26,12.9603,09/13/2026 12:41:14 AM,263067,P_78_GABON_B10_R4,6.261059,09/13/2026 12:41:14 AM,AME425,25,256528,AME425_PM4,P_78_ROADRUNNER_R2,09/13/2026 12:41:14 AM,24,1.555236,26,12.9603,09/13/2026 12:41:14 AM,8PONCVBB,FL78.3FGTC_SNIP_B0204_E180046,SNY512,8PXSCBMT61NA4,,,,,,,,,,,,,,,,,,,,,,,09/13/2026 12:42:15 AM,.,D,Y,Y,M,.,.,RA3!DLP2516091_1_SWIC_20260912_10462587_0!1,Recipe:AM;CHAMBER_RECIPE_ENTITYLIST_1:PM,mbarua,09/12/2026 10:42:28 AM,AME425_PM4 NGCOL,mbarua,09/12/2026 10:47:10 AM,ok,autosif,09/12/2026 11:29:11 PM,autosif,09/13/2026 12:42:14 AM,Recipe=AM;CHAMBER_RECIPE_ENTITYLIST_1=PM4;POR;AME425(optional);CHAMBER_RECIPE_ENTITYLIST_2=(optional);CHAMBER_RECIPE_ENTITYLIST_3=(optional);CHAMBER_RECIPE_ENTITYLIST_4=(optional);CHAMBER_RECIPE_ENTITYLIST_5=(optional);CHAMBER_RECIPE_ENTITYLIST_6=(optional);SIF_STEPTIME=(optional);SIF_OE_PCT=(optional);SIF_CYCLES=(optional);SIF_APC=AM;,09/13/2026 1:40:42 AM,.,D,Y,Y,M,.,.,RA3!DLP2516091_1_SWIC_20260912_14095950_0!1,Recipe:AM;LAYERID:8M6CL;LOWEST_N_WAFERS:,mbarua,09/12/2026 10:43:20 AM,AME425_PM4 NGCOL,sys_rf3pmes1,09/12/2026 2:28:32 PM,SIF is approved by AutoSIFDispo.,autosif,09/13/2026 1:10:05 AM,autosif,09/13/2026 1:40:42 AM,Recipe=AM;LAYERID=8M6CL;LOWEST_N_WAFERS=4(optional);WAFER_LIST=(optional);KLARITY_STEPID=(optional);
D623242,254,KJFWP254WFD6,,,,,,,,,,,,,,,,,D6232420,PNCB,09/13/2026 1:10:25 AM,BPD454,8M6CL,8M6CL,09/13/2026 8:44:15 AM,8M6CL,D1D,2,8724589,0,0,0.175474,0,0,0,0,0,0,0,0,2.999313,3.48942,3.623898,0,10.28811,AME425,6,256528,AME425_PM4,P_78_ROADRUNNER_R2,09/12/2026 11:47:37 PM,6,230079,1,,,,,,,1,1,1,1,1,1,0,0,0,0,0,0,0,0,,,,,,0,0,231633,231633,231621,231633,231621,0,231646,231633,231633,,,,,,1,1,74,,,,,,,792,792,2648,39074,2703,39074,38797,39074,2648,40909,2648,40909,2648,40909,38797,2648,39074,,,39074,2654,151,2648,39074,40909,2648,40909,2648,517,39074,2654,151,,151,2648,39074,39074,39074,792,517,9543,2648,2648,40909,2648,39074,40909,2648,4953,2648,39074,09/13/2026 12:43:25 AM,1.555236,26,12.9603,09/12/2026 11:47:37 PM,263067,P_78_GABON_B10_R4,6.261059,09/12/2026 11:47:37 PM,AME425,6,256528,AME425_PM4,P_78_ROADRUNNER_R2,09/12/2026 11:47:37 PM,6,1.555236,26,12.9603,09/12/2026 11:47:37 PM,8PONCVBB,FL78.3FGTC_SNIP_B0204_E180046,SNY512,8PXSCBMT61NA4,,,,,,,,,,,,,,,,,,,,,,,09/13/2026 12:42:15 AM,.,D,Y,Y,M,.,.,RA3!DLP2516091_1_SWIC_20260912_10462587_0!1,Recipe:AM;CHAMBER_RECIPE_ENTITYLIST_1:PM,mbarua,09/12/2026 10:42:28 AM,AME425_PM4 NGCOL,mbarua,09/12/2026 10:47:10 AM,ok,autosif,09/12/2026 11:29:11 PM,autosif,09/13/2026 12:42:14 AM,Recipe=AM;CHAMBER_RECIPE_ENTITYLIST_1=PM4;POR;AME425(optional);CHAMBER_RECIPE_ENTITYLIST_2=(optional);CHAMBER_RECIPE_ENTITYLIST_3=(optional);CHAMBER_RECIPE_ENTITYLIST_4=(optional);CHAMBER_RECIPE_ENTITYLIST_5=(optional);CHAMBER_RECIPE_ENTITYLIST_6=(optional);SIF_STEPTIME=(optional);SIF_OE_PCT=(optional);SIF_CYCLES=(optional);SIF_APC=AM;,09/13/2026 1:40:42 AM,.,D,Y,Y,M,.,.,RA3!DLP2516091_1_SWIC_20260912_14095950_0!1,Recipe:AM;LAYERID:8M6CL;LOWEST_N_WAFERS:,mbarua,09/12/2026 10:43:20 AM,AME425_PM4 NGCOL,sys_rf3pmes1,09/12/2026 2:28:32 PM,SIF is approved by AutoSIFDispo.,autosif,09/13/2026 1:10:05 AM,autosif,09/13/2026 1:40:42 AM,Recipe=AM;LAYERID=8M6CL;LOWEST_N_WAFERS=4(optional);WAFER_LIST=(optional);KLARITY_STEPID=(optional);
D623242,327,KJFWP327WFC1,,,,,,,,,,,,,,,,,D6232420,PNCB,09/13/2026 1:10:25 AM,BPD454,8M6CL,8M6CL,09/13/2026 8:50:08 AM,8M6CL,D1D,3,8724593,0,0,0.252143,0,0.776606,0,0,0,0,0,0,2.382479,0,0.873942,1.006186,5.291353,AME425,18,256528,AME425_PM4,P_78_ROADRUNNER_R2,09/13/2026 12:23:22 AM,18,230079,1,,,,,,,1,1,1,1,1,1,0,0,0,0,0,0,0,0,,,,,,0,0,231633,231633,231621,231633,231621,0,231646,231633,231633,,,,,,1,1,74,,,,,,,792,792,2648,39074,2703,39074,38797,39074,2648,40909,2648,40909,2648,40909,38797,2648,39074,,,39074,2654,151,2648,39074,40909,2648,40909,2648,517,39074,2654,151,,151,2648,39074,39074,39074,792,517,9543,2648,2648,40909,2648,39074,40909,2648,4953,2648,39074,09/13/2026 12:43:25 AM,1.555236,26,12.9603,09/13/2026 12:23:22 AM,263067,P_78_GABON_B10_R4,6.261059,09/13/2026 12:23:22 AM,AME425,18,256528,AME425_PM4,P_78_ROADRUNNER_R2,09/13/2026 12:23:22 AM,18,1.555236,26,12.9603,09/13/2026 12:23:22 AM,8PONCVBB,FL78.3FGTC_SNIP_B0204_E180046,SNY512,8PXSCBMT61NA4,,,,,,,,,,,,,,,,,,,,,,,09/13/2026 12:42:15 AM,.,D,Y,Y,M,.,.,RA3!DLP2516091_1_SWIC_20260912_10462587_0!1,Recipe:AM;CHAMBER_RECIPE_ENTITYLIST_1:PM,mbarua,09/12/2026 10:42:28 AM,AME425_PM4 NGCOL,mbarua,09/12/2026 10:47:10 AM,ok,autosif,09/12/2026 11:29:11 PM,autosif,09/13/2026 12:42:14 AM,Recipe=AM;CHAMBER_RECIPE_ENTITYLIST_1=PM4;POR;AME425(optional);CHAMBER_RECIPE_ENTITYLIST_2=(optional);CHAMBER_RECIPE_ENTITYLIST_3=(optional);CHAMBER_RECIPE_ENTITYLIST_4=(optional);CHAMBER_RECIPE_ENTITYLIST_5=(optional);CHAMBER_RECIPE_ENTITYLIST_6=(optional);SIF_STEPTIME=(optional);SIF_OE_PCT=(optional);SIF_CYCLES=(optional);SIF_APC=AM;,09/13/2026 1:40:42 AM,.,D,Y,Y,M,.,.,RA3!DLP2516091_1_SWIC_20260912_14095950_0!1,Recipe:AM;LAYERID:8M6CL;LOWEST_N_WAFERS:,mbarua,09/12/2026 10:43:20 AM,AME425_PM4 NGCOL,sys_rf3pmes1,09/12/2026 2:28:32 PM,SIF is approved by AutoSIFDispo.,autosif,09/13/2026 1:10:05 AM,autosif,09/13/2026 1:40:42 AM,Recipe=AM;LAYERID=8M6CL;LOWEST_N_WAFERS=4(optional);WAFER_LIST=(optional);KLARITY_STEPID=(optional);
D623242,343,KJFWP343WFB4,,,,,,,,,,,,,,,,,D6232420,PNCB,09/13/2026 1:10:25 AM,BPD454,8M6CL,8M6CL,09/13/2026 8:50:18 AM,8M6CL,D1D,4,8724577,0,0,0.84486,1.200626,1.38005,0,0,0,0,0,0,3.139401,2.66384,0.485263,0,9.714043,AME425,2,256528,AME425_PM4,P_78_ROADRUNNER_R2,09/12/2026 11:35:41 PM,2,230079,1,,,,,,,1,1,1,1,1,1,0,0,0,0,0,0,0,0,,,,,,0,0,231633,231633,231621,231633,231621,0,231646,231633,231633,,,,,,1,1,74,,,,,,,792,792,2648,39074,2703,39074,38797,39074,2648,40909,2648,40909,2648,40909,38797,2648,39074,,,39074,2654,151,2648,39074,40909,2648,40909,2648,517,39074,2654,151,,151,2648,39074,39074,39074,792,517,9543,2648,2648,40909,2648,39074,40909,2648,4953,2648,39074,09/13/2026 12:43:25 AM,1.555236,26,12.9603,09/12/2026 11:35:41 PM,263067,P_78_GABON_B10_R4,6.261059,09/12/2026 11:35:41 PM,AME425,2,256528,AME425_PM4,P_78_ROADRUNNER_R2,09/12/2026 11:35:41 PM,2,1.555236,26,12.9603,09/12/2026 11:35:41 PM,8PONCVBB,FL78.3FGTC_SNIP_B0204_E180046,SNY512,8PXSCBMT61NA4,,,,,,,,,,,,,,,,,,,,,,,09/13/2026 12:42:15 AM,.,D,Y,Y,M,.,.,RA3!DLP2516091_1_SWIC_20260912_10462587_0!1,Recipe:AM;CHAMBER_RECIPE_ENTITYLIST_1:PM,mbarua,09/12/2026 10:42:28 AM,AME425_PM4 NGCOL,mbarua,09/12/2026 10:47:10 AM,ok,autosif,09/12/2026 11:29:11 PM,autosif,09/13/2026 12:42:14 AM,Recipe=AM;CHAMBER_RECIPE_ENTITYLIST_1=PM4;POR;AME425(optional);CHAMBER_RECIPE_ENTITYLIST_2=(optional);CHAMBER_RECIPE_ENTITYLIST_3=(optional);CHAMBER_RECIPE_ENTITYLIST_4=(optional);CHAMBER_RECIPE_ENTITYLIST_5=(optional);CHAMBER_RECIPE_ENTITYLIST_6=(optional);SIF_STEPTIME=(optional);SIF_OE_PCT=(optional);SIF_CYCLES=(optional);SIF_APC=AM;,09/13/2026 1:40:42 AM,.,D,Y,Y,M,.,.,RA3!DLP2516091_1_SWIC_20260912_14095950_0!1,Recipe:AM;LAYERID:8M6CL;LOWEST_N_WAFERS:,mbarua,09/12/2026 10:43:20 AM,AME425_PM4 NGCOL,sys_rf3pmes1,09/12/2026 2:28:32 PM,SIF is approved by AutoSIFDispo.,autosif,09/13/2026 1:10:05 AM,autosif,09/13/2026 1:40:42 AM,Recipe=AM;LAYERID=8M6CL;LOWEST_N_WAFERS=4(optional);WAFER_LIST=(optional);KLARITY_STEPID=(optional);
D625411,15,MCRNQ015WAA3,,,,,,,,,,,,,,,,,D6254110,PR8B,09/14/2026 8:09:23 AM,BPD450,8M6CL,8M6CL,09/14/2026 10:00:28 AM,8M6CL,D1D,1,8786519,0,9.225688,0.418186,0,0,0,0,0,0,0,0,0,1.115376,0,3.997736,14.75699,AME411,20,256528,AME411_PM1,P_78_ROADRUNNER_R2,09/14/2026 2:38:30 AM,19,189848,,1,1,1,1,1,1,,,,,,,,,,1,1,1,1,1,0,0,0,0,0,,,237813,19719,19719,19719,19719,,237838,237838,237813,,,,,,,,83,,,,,,0,96,139,6913,52137,139,52137,44532,52137,688,14656,688,14656,6913,114892,44532,6913,52137,,,52137,14656,688,6913,52137,114892,6913,114892,6913,688,52137,14656,688,,688,3056,52137,52137,52137,81,688,14656,6913,6913,114892,6913,52137,114892,6913,8349,6913,52137,09/14/2026 2:59:02 AM,1.924845,32,16.04038,09/14/2026 2:38:30 AM,263067,P_78_GABON_B10_R4,0.0398,09/14/2026 2:38:30 AM,AME411,20,256528,AME411_PM1,P_78_ROADRUNNER_R2,09/14/2026 2:38:30 AM,19,1.924845,32,16.04038,09/14/2026 2:38:30 AM,8PR8CVAB,FL78.6H0QE_SNIP_B0204_E180046,SNV440,8PR8CBMT60NA1,,,,,,,,,,,,,,,,,,,,,,,09/14/2026 2:57:15 AM,.,D,Y,Y,M,.,.,RA3!DLP2529734_1_SWIC_20260913_20324061_0!1,Recipe:AM;CHAMBER_RECIPE_ENTITYLIST_1:PM,sashankj,09/13/2026 8:31:41 PM,AME411_PM1 post PM GCOL,sashankj,09/13/2026 8:34:15 PM,OK-SJ,autosif,09/14/2026 1:27:23 AM,autosif,09/14/2026 2:57:15 AM,Recipe=AM;CHAMBER_RECIPE_ENTITYLIST_1=PM1;POR;AME411(optional);CHAMBER_RECIPE_ENTITYLIST_2=(optional);CHAMBER_RECIPE_ENTITYLIST_3=(optional);CHAMBER_RECIPE_ENTITYLIST_4=(optional);CHAMBER_RECIPE_ENTITYLIST_5=(optional);CHAMBER_RECIPE_ENTITYLIST_6=(optional);SIF_STEPTIME=(optional);SIF_OE_PCT=(optional);SIF_CYCLES=(optional);SIF_APC=AM;,09/14/2026 8:49:07 AM,.,D,Y,Y,M,.,.,RA3!DLP2529734_1_SWIC_20260913_20324061_1!1,Recipe:AM;LAYERID:8M6CL;LOWEST_N_WAFERS:,sashankj,09/13/2026 8:32:00 PM,AME411_PM1 NGCOL,sys_rf3pmes1,09/14/2026 4:47:08 AM,SIF is approved by AutoSIFDispo. Approved over budget as a part of IDLE_OB,autosif,09/14/2026 8:09:02 AM,autosif,09/14/2026 8:49:07 AM,Recipe=AM;LAYERID=8M6CL;LOWEST_N_WAFERS=4(optional);WAFER_LIST=(optional);KLARITY_STEPID=(optional);
D625411,60,MCRNQ060WAB5,,,,,,,,,,,,,,,,,D6254110,PR8B,09/14/2026 8:09:23 AM,BPD450,8M6CL,8M6CL,09/14/2026 10:00:27 AM,8M6CL,D1D,2,8786624,0,6.3423,0.319595,0,0,0,0,0,0,0,0,3.764762,7.007061,0,0,17.43372,AME411,7,256528,AME411_PM1,P_78_ROADRUNNER_R2,09/14/2026 1:58:26 AM,7,189848,,1,1,1,1,1,1,,,,,,,,,,1,1,1,1,1,0,0,0,0,0,,,237813,19719,19719,19719,19719,,237838,237838,237813,,,,,,,,83,,,,,,0,96,139,6913,52137,139,52137,44532,52137,688,14656,688,14656,6913,114892,44532,6913,52137,,,52137,14656,688,6913,52137,114892,6913,114892,6913,688,52137,14656,688,,688,3056,52137,52137,52137,81,688,14656,6913,6913,114892,6913,52137,114892,6913,8349,6913,52137,09/14/2026 2:59:02 AM,1.924845,32,16.04038,09/14/2026 1:58:26 AM,263067,P_78_GABON_B10_R4,0.0398,09/14/2026 1:58:26 AM,AME411,7,256528,AME411_PM1,P_78_ROADRUNNER_R2,09/14/2026 1:58:26 AM,7,1.924845,32,16.04038,09/14/2026 1:58:26 AM,8PR8CVAB,FL78.6H0QE_SNIP_B0204_E180046,SNV440,8PR8CBMT60NA1,,,,,,,,,,,,,,,,,,,,,,,09/14/2026 2:57:15 AM,.,D,Y,Y,M,.,.,RA3!DLP2529734_1_SWIC_20260913_20324061_0!1,Recipe:AM;CHAMBER_RECIPE_ENTITYLIST_1:PM,sashankj,09/13/2026 8:31:41 PM,AME411_PM1 post PM GCOL,sashankj,09/13/2026 8:34:15 PM,OK-SJ,autosif,09/14/2026 1:27:23 AM,autosif,09/14/2026 2:57:15 AM,Recipe=AM;CHAMBER_RECIPE_ENTITYLIST_1=PM1;POR;AME411(optional);CHAMBER_RECIPE_ENTITYLIST_2=(optional);CHAMBER_RECIPE_ENTITYLIST_3=(optional);CHAMBER_RECIPE_ENTITYLIST_4=(optional);CHAMBER_RECIPE_ENTITYLIST_5=(optional);CHAMBER_RECIPE_ENTITYLIST_6=(optional);SIF_STEPTIME=(optional);SIF_OE_PCT=(optional);SIF_CYCLES=(optional);SIF_APC=AM;,09/14/2026 8:49:07 AM,.,D,Y,Y,M,.,.,RA3!DLP2529734_1_SWIC_20260913_20324061_1!1,Recipe:AM;LAYERID:8M6CL;LOWEST_N_WAFERS:,sashankj,09/13/2026 8:32:00 PM,AME411_PM1 NGCOL,sys_rf3pmes1,09/14/2026 4:47:08 AM,SIF is approved by AutoSIFDispo. Approved over budget as a part of IDLE_OB,autosif,09/14/2026 8:09:02 AM,autosif,09/14/2026 8:49:07 AM,Recipe=AM;LAYERID=8M6CL;LOWEST_N_WAFERS=4(optional);WAFER_LIST=(optional);KLARITY_STEPID=(optional);
D625411,65,MCR6Q065WAC4,,,,,,,,,,,,,,,,,D6254110,PR8B,09/14/2026 8:09:23 AM,BPD450,8M6CL,8M6CL,09/14/2026 10:00:15 AM,8M6CL,D1D,3,8786581,0,5.814688,2.413283,0,0,0,0,0,0,0,0,0,0.809214,0,4.903079,13.94026,AME411,11,256528,AME411_PM1,P_78_ROADRUNNER_R2,09/14/2026 2:10:26 AM,11,189848,,1,1,1,1,1,1,,,,,,,,,,1,1,1,1,1,0,0,0,0,0,,,237813,19719,19719,19719,19719,,237838,237838,237813,,,,,,,,83,,,,,,0,96,139,6913,52137,139,52137,44532,52137,688,14656,688,14656,6913,114892,44532,6913,52137,,,52137,14656,688,6913,52137,114892,6913,114892,6913,688,52137,14656,688,,688,3056,52137,52137,52137,81,688,14656,6913,6913,114892,6913,52137,114892,6913,8349,6913,52137,09/14/2026 2:59:02 AM,1.924845,32,16.04038,09/14/2026 2:10:26 AM,263067,P_78_GABON_B10_R4,0.0398,09/14/2026 2:10:26 AM,AME411,11,256528,AME411_PM1,P_78_ROADRUNNER_R2,09/14/2026 2:10:26 AM,11,1.924845,32,16.04038,09/14/2026 2:10:26 AM,8PR8CVAB,FL78.6H0QE_SNIP_B0204_E180046,SNV440,8PR8CBMT60NA1,,,,,,,,,,,,,,,,,,,,,,,09/14/2026 2:57:15 AM,.,D,Y,Y,M,.,.,RA3!DLP2529734_1_SWIC_20260913_20324061_0!1,Recipe:AM;CHAMBER_RECIPE_ENTITYLIST_1:PM,sashankj,09/13/2026 8:31:41 PM,AME411_PM1 post PM GCOL,sashankj,09/13/2026 8:34:15 PM,OK-SJ,autosif,09/14/2026 1:27:23 AM,autosif,09/14/2026 2:57:15 AM,Recipe=AM;CHAMBER_RECIPE_ENTITYLIST_1=PM1;POR;AME411(optional);CHAMBER_RECIPE_ENTITYLIST_2=(optional);CHAMBER_RECIPE_ENTITYLIST_3=(optional);CHAMBER_RECIPE_ENTITYLIST_4=(optional);CHAMBER_RECIPE_ENTITYLIST_5=(optional);CHAMBER_RECIPE_ENTITYLIST_6=(optional);SIF_STEPTIME=(optional);SIF_OE_PCT=(optional);SIF_CYCLES=(optional);SIF_APC=AM;,09/14/2026 8:49:07 AM,.,D,Y,Y,M,.,.,RA3!DLP2529734_1_SWIC_20260913_20324061_1!1,Recipe:AM;LAYERID:8M6CL;LOWEST_N_WAFERS:,sashankj,09/13/2026 8:32:00 PM,AME411_PM1 NGCOL,sys_rf3pmes1,09/14/2026 4:47:08 AM,SIF is approved by AutoSIFDispo. Approved over budget as a part of IDLE_OB,autosif,09/14/2026 8:09:02 AM,autosif,09/14/2026 8:49:07 AM,Recipe=AM;LAYERID=8M6CL;LOWEST_N_WAFERS=4(optional);WAFER_LIST=(optional);KLARITY_STEPID=(optional);
D625411,81,MCRNQ081WAA1,,,,,,,,,,,,,,,,,D6254110,PR8B,09/14/2026 8:09:23 AM,BPD450,8M6CL,8M6CL,09/14/2026 10:00:35 AM,8M6CL,D1D,4,8786670,6.443632,0,1.762123,0,0.592281,0,0,0,0,0,0,1.00338,3.580985,0,0,13.3824,AME411,10,256528,AME411_PM1,P_78_ROADRUNNER_R2,09/14/2026 2:07:24 AM,10,189848,,1,1,1,1,1,1,,,,,,,,,,1,1,1,1,1,0,0,0,0,0,,,237813,19719,19719,19719,19719,,237838,237838,237813,,,,,,,,83,,,,,,0,96,139,6913,52137,139,52137,44532,52137,688,14656,688,14656,6913,114892,44532,6913,52137,,,52137,14656,688,6913,52137,114892,6913,114892,6913,688,52137,14656,688,,688,3056,52137,52137,52137,81,688,14656,6913,6913,114892,6913,52137,114892,6913,8349,6913,52137,09/14/2026 2:59:02 AM,1.924845,32,16.04038,09/14/2026 2:07:24 AM,263067,P_78_GABON_B10_R4,0.0398,09/14/2026 2:07:24 AM,AME411,10,256528,AME411_PM1,P_78_ROADRUNNER_R2,09/14/2026 2:07:24 AM,10,1.924845,32,16.04038,09/14/2026 2:07:24 AM,8PR8CVAB,FL78.6H0QE_SNIP_B0204_E180046,SNV440,8PR8CBMT60NA1,,,,,,,,,,,,,,,,,,,,,,,09/14/2026 2:57:15 AM,.,D,Y,Y,M,.,.,RA3!DLP2529734_1_SWIC_20260913_20324061_0!1,Recipe:AM;CHAMBER_RECIPE_ENTITYLIST_1:PM,sashankj,09/13/2026 8:31:41 PM,AME411_PM1 post PM GCOL,sashankj,09/13/2026 8:34:15 PM,OK-SJ,autosif,09/14/2026 1:27:23 AM,autosif,09/14/2026 2:57:15 AM,Recipe=AM;CHAMBER_RECIPE_ENTITYLIST_1=PM1;POR;AME411(optional);CHAMBER_RECIPE_ENTITYLIST_2=(optional);CHAMBER_RECIPE_ENTITYLIST_3=(optional);CHAMBER_RECIPE_ENTITYLIST_4=(optional);CHAMBER_RECIPE_ENTITYLIST_5=(optional);CHAMBER_RECIPE_ENTITYLIST_6=(optional);SIF_STEPTIME=(optional);SIF_OE_PCT=(optional);SIF_CYCLES=(optional);SIF_APC=AM;,09/14/2026 8:49:07 AM,.,D,Y,Y,M,.,.,RA3!DLP2529734_1_SWIC_20260913_20324061_1!1,Recipe:AM;LAYERID:8M6CL;LOWEST_N_WAFERS:,sashankj,09/13/2026 8:32:00 PM,AME411_PM1 NGCOL,sys_rf3pmes1,09/14/2026 4:47:08 AM,SIF is approved by AutoSIFDispo. Approved over budget as a part of IDLE_OB,autosif,09/14/2026 8:09:02 AM,autosif,09/14/2026 8:49:07 AM,Recipe=AM;LAYERID=8M6CL;LOWEST_N_WAFERS=4(optional);WAFER_LIST=(optional);KLARITY_STEPID=(optional);
D614EAN,739,5DXOY739MVE4,,,,,,,,,,,,,,,,,D614EAN0,X78E,09/14/2026 3:00:12 AM,BPD442,8M6CL,8M6CL,09/14/2026 9:37:22 AM,8M6CL,D1D,1,8376370,0,0,3.567515,0,0,0,0,0,0,1.048597,0,0,0,0.803442,0.492239,5.911793,AME417,17,256528,AME417_PM1,P_78_ROADRUNNER_R2,09/14/2026 1:57:17 AM,9,252805,1,3,2,2,2,2,2,2,2,2,2,2,2,2,,,,,2,2,2,2,2,2,2,2,,,296213,59233,59233,59233,59233,,296237,296237,296213,,,,,,1,1,13,,,,,,,3617,3617,7985,50788,3617,50788,40119,50788,4406,74876,4406,74876,4406,74876,40119,7985,50788,,,50788,19996,964,2604,50788,129824,7985,129824,7985,964,50788,892,169,,964,964,50788,50788,50788,753,169,3651,2604,7985,129824,7985,50788,74876,4406,8728,7985,50788,09/14/2026 2:10:42 AM,6.077714,101,50.64762,09/14/2026 1:57:17 AM,252845,P_78_PIL16E_1A_R3,2.383817,09/14/2026 1:57:17 AM,AME417,17,256528,AME417_PM1,P_78_ROADRUNNER_R2,09/14/2026 1:57:17 AM,9,6.077714,101,50.64762,09/14/2026 1:57:17 AM,1L78EVAA,FL78.6K93E_SNIP_DLP2380294-1_6264,SNV440,1X78EASM6SNB1,,,,,,,,,,,,,,,,,,,,,,,,,,,,,,,,,,,,,,,,,,,,,,,,,,,,,,,,,,,,,,,,
D614EAN,745,5DXOY745MVG6,,,,,,,,,,,,,,,,,D614EAN0,X78E,09/14/2026 3:00:12 AM,BPD442,8M6CL,8M6CL,09/14/2026 9:37:34 AM,8M6CL,D1D,2,8376345,0,0,2.326959,0,0.649586,0,0,0,0,0,0,0,0,0.509346,0,3.485891,AME417,10,256528,AME417_PM2,P_78_ROADRUNNER_R2,09/14/2026 1:45:04 AM,5,252805,1,3,2,2,2,2,2,2,2,2,2,2,2,2,,,,,2,2,2,2,2,2,2,2,,,296213,59233,59233,59233,59233,,296237,296237,296213,,,,,,1,,81,,,,,,,2071,2071,7662,50940,2071,50940,43093,50940,4402,74577,4402,74577,4402,74577,43093,7662,50940,,,50940,12536,580,5126,50940,121869,7662,121869,7662,580,50940,2090,97,,580,2600,50940,50940,50940,176,97,2090,5126,7662,121869,7662,50940,74577,4402,8093,7662,50940,09/14/2026 2:10:42 AM,5.5806,93,46.505,09/14/2026 1:45:04 AM,252845,P_78_PIL16E_1A_R3,2.383828,09/14/2026 1:45:04 AM,AME417,10,256528,AME417_PM2,P_78_ROADRUNNER_R2,09/14/2026 1:45:04 AM,5,5.5806,93,46.505,09/14/2026 1:45:04 AM,1L78EVAA,FL78.6K93E_SNIP_DLP2380294-1_6264,SNV440,1X78EASM6SNB1,,,,,,,,,,,,,,,,,,,,,,,,,,,,,,,,,,,,,,,,,,,,,,,,,,,,,,,,,,,,,,,,
D614EAN,751,5DXOY751MVB5,,,,,,,,,,,,,,,,,D614EAN0,X78E,09/14/2026 3:00:12 AM,BPD442,8M6CL,8M6CL,09/14/2026 9:36:51 AM,8M6CL,D1D,3,8376493,0,0,0.795301,0,0.714443,0,0,0,0,0,0,0,0.526324,0,0,2.009804,AME417,24,256528,AME417_PM2,P_78_ROADRUNNER_R2,09/14/2026 2:06:27 AM,12,252805,1,3,2,2,2,2,2,2,2,2,2,2,2,2,,,,,2,2,2,2,2,2,2,2,,,296213,59233,59233,59233,59233,,296237,296237,296213,,,,,,1,,81,,,,,,,2071,2071,7662,50940,2071,50940,43093,50940,4402,74577,4402,74577,4402,74577,43093,7662,50940,,,50940,12536,580,5126,50940,121869,7662,121869,7662,580,50940,2090,97,,580,2600,50940,50940,50940,176,97,2090,5126,7662,121869,7662,50940,74577,4402,8093,7662,50940,09/14/2026 2:10:42 AM,5.5806,93,46.505,09/14/2026 2:06:27 AM,252845,P_78_PIL16E_1A_R3,2.383828,09/14/2026 2:06:27 AM,AME417,24,256528,AME417_PM2,P_78_ROADRUNNER_R2,09/14/2026 2:06:27 AM,12,5.5806,93,46.505,09/14/2026 2:06:27 AM,1L78EVAA,FL78.6K93E_SNIP_DLP2380294-1_6264,SNV440,1X78EASM6SNB1,,,,,,,,,,,,,,,,,,,,,,,,,,,,,,,,,,,,,,,,,,,,,,,,,,,,,,,,,,,,,,,,
D614EAN,754,5DXOY754MVH0,,,,,,,,,,,,,,,,,D614EAN0,X78E,09/14/2026 3:00:12 AM,BPD442,8M6CL,8M6CL,09/14/2026 9:37:32 AM,8M6CL,D1D,4,8376484,0,0,0.268105,0,0,0,0,0,0,0,0,1.330754,0.654815,0,0,2.253674,AME417,25,256528,AME417_PM1,P_78_ROADRUNNER_R2,09/14/2026 2:09:25 AM,13,252805,1,3,2,2,2,2,2,2,2,2,2,2,2,2,,,,,2,2,2,2,2,2,2,2,,,296213,59233,59233,59233,59233,,296237,296237,296213,,,,,,1,1,13,,,,,,,3617,3617,7985,50788,3617,50788,40119,50788,4406,74876,4406,74876,4406,74876,40119,7985,50788,,,50788,19996,964,2604,50788,129824,7985,129824,7985,964,50788,892,169,,964,964,50788,50788,50788,753,169,3651,2604,7985,129824,7985,50788,74876,4406,8728,7985,50788,09/14/2026 2:10:42 AM,6.077714,101,50.64762,09/14/2026 2:09:25 AM,252845,P_78_PIL16E_1A_R3,2.383817,09/14/2026 2:09:25 AM,AME417,25,256528,AME417_PM1,P_78_ROADRUNNER_R2,09/14/2026 2:09:25 AM,13,6.077714,101,50.64762,09/14/2026 2:09:25 AM,1L78EVAA,FL78.6K93E_SNIP_DLP2380294-1_6264,SNV440,1X78EASM6SNB1,,,,,,,,,,,,,,,,,,,,,,,,,,,,,,,,,,,,,,,,,,,,,,,,,,,,,,,,,,,,,,,,
D623165,471,5DXXQ471MVA3,,,,,,,,,,,,,,,,,D6231650,PR8B,09/17/2026 10:15:44 AM,BPD450,8M6CL,8M6CL,09/18/2026 9:52:44 AM,8M6CL,D1D,1,8705373,0,0,1.835824,4.891949,0,0,0,0,0,0,0,0,1.748751,0.393452,0,8.869977,AME423,24,256528,AME423_PM6,P_78_ROADRUNNER_R2,09/17/2026 9:45:42 AM,12,254600,1,,,,,2,2,2,2,2,2,2,2,2,2,2,2,1,1,1,1,1,,,,,,,290371,290371,290360,290371,290360,,290366,290366,290366,,,,,,,,59,,,0,,,,1800,1798,5657,42728,3880,42728,35936,42728,5657,93642,5657,93642,5657,93642,35936,5657,42728,,,42728,21479,1030,3861,42728,93642,5657,93642,5657,1030,42728,3943,198,,1030,1030,42728,42728,42728,853,198,3943,2136,5657,93642,5657,42728,93642,5657,6828,5657,42728,09/17/2026 9:50:32 AM,4.829951,83,40.24959,09/17/2026 9:45:42 AM,256528,P_78_ROADRUNNER_R2,0.485628,09/17/2026 9:45:42 AM,AME423,24,256528,AME423_PM6,P_78_ROADRUNNER_R2,09/17/2026 9:45:42 AM,12,4.829951,83,40.24959,09/17/2026 9:45:42 AM,8PR8CVAB,FL78.6H0QE_SNIP_B0204_E180046,SNV440,8PR8CBMT60NA1,,,,,,,,,,,,,,,,,,,,,,,,,,,,,,,,,,,,,,,,,,,,,,,,,,,,,,,,,,,,,,,,
D623165,480,5DXXQ480MVA5,,,,,,,,,,,,,,,,,D6231650,PR8B,09/17/2026 10:15:44 AM,BPD450,8M6CL,8M6CL,09/18/2026 9:54:04 AM,8M6CL,D1D,2,8705394,0,0,4.35228,0,0,0,0,0,0,7.532373,0,0,2.238181,2.359328,0,15.26983,AME423,3,256528,AME423_PM5,P_78_ROADRUNNER_R2,09/17/2026 9:05:27 AM,2,254600,1,,,,,2,2,2,2,2,2,2,2,2,2,2,2,1,1,1,1,1,,,,,,,290371,290371,290360,290371,290360,,290366,290366,290366,,,,,,,,38,,,,,,0,673,672,3300,22958,994,22958,18679,22958,3300,60309,3300,60309,3300,60309,18679,3300,22958,,,22958,1003,55,1030,22958,60309,3300,60309,3300,55,22958,1003,55,,55,3300,22958,22958,22958,671,55,1003,3300,3300,60309,3300,22958,60309,3300,7351,3300,22958,09/17/2026 9:50:32 AM,5.235223,89.75369,43.62685,09/17/2026 9:05:27 AM,256528,P_78_ROADRUNNER_R2,0.434722,09/17/2026 9:05:27 AM,AME423,3,256528,AME423_PM5,P_78_ROADRUNNER_R2,09/17/2026 9:05:27 AM,2,5.235223,89.75369,43.62685,09/17/2026 9:05:27 AM,8PR8CVAB,FL78.6H0QE_SNIP_B0204_E180046,SNV440,8PR8CBMT60NA1,,,,,,,,,,,,,,,,,,,,,,,,,,,,,,,,,,,,,,,,,,,,,,,,,,,,,,,,,,,,,,,,
D619273,2,A2GFE002SLA0,,,,,,,,,,,,,,,,,D6192730,PR8B,09/16/2026 7:23:04 PM,BPD454,8M6CL,8M6CL,09/17/2026 8:01:02 AM,8M6CL,D1D,1,8550459,0,0,1.009221,0,0,0,0,0,0,0,0,2.97757,2.418344,2.651009,0,9.056144,AME401,8,256528,AME401_PM1,P_78_ROADRUNNER_R2,09/16/2026 5:53:45 PM,2,86847,0.833333,,,,,,,,,,,,,,3,3,3,3,3,2,2,2,2,2,2,,,,102524,102524,102524,102524,102524,,102524,102524,102524,,,,,,,1,1,,,,,,,6654,6652,12471,33761,9118,33761,29105,33761,12471,194967,12471,194967,12471,194967,29105,3249,33761,,,33761,28856,1371,10670,33761,194967,12471,180098,11161,1371,33761,9204,403,,1371,3995,33761,33761,33761,601,414,9318,3995,12471,194967,12471,33761,194967,12471,8965,12471,33761,09/16/2026 6:28:36 PM,2.887223,54.57281,24.06019,09/16/2026 5:53:45 PM,256531,P_78_ROADRUNNER_R2,0.490948,09/16/2026 5:53:45 PM,AME401,8,256528,AME401_PM1,P_78_ROADRUNNER_R2,09/16/2026 5:53:45 PM,2,2.887223,54.57281,24.06019,09/16/2026 5:53:45 PM,8PR8CVAB,FL78.6H0QE_SNIP_B0204_E180046,SNY510,8PR8CBMT60NA2,,,,,,,,,,,,,,,,,,,,,,,,,,,,,,,,,,,,,,,,,,,,,,,,,,,,,,,,,,,,,,,,
D619273,92,A2FSN092SLH2,,,,,,,,,,,,,,,,,D6192730,PR8B,09/16/2026 7:23:04 PM,BPD454,8M6CL,8M6CL,09/17/2026 8:01:04 AM,8M6CL,D1D,2,8550638,0,0,1.75828,0,1.389925,0,2.484671,0,0,0,0,3.864245,0,1.067194,0,10.56431,AME401,23,256528,AME401_PM1,P_78_ROADRUNNER_R2,09/16/2026 6:24:02 PM,12,86847,0.833333,,,,,,,,,,,,,,3,3,3,3,3,2,2,2,2,2,2,,,,102524,102524,102524,102524,102524,,102524,102524,102524,,,,,,,1,1,,,,,,,6654,6652,12471,33761,9118,33761,29105,33761,12471,194967,12471,194967,12471,194967,29105,3249,33761,,,33761,28856,1371,10670,33761,194967,12471,180098,11161,1371,33761,9204,403,,1371,3995,33761,33761,33761,601,414,9318,3995,12471,194967,12471,33761,194967,12471,8965,12471,33761,09/16/2026 6:28:36 PM,2.887223,54.57281,24.06019,09/16/2026 6:24:02 PM,256531,P_78_ROADRUNNER_R2,0.490948,09/16/2026 6:24:02 PM,AME401,23,256528,AME401_PM1,P_78_ROADRUNNER_R2,09/16/2026 6:24:02 PM,12,2.887223,54.57281,24.06019,09/16/2026 6:24:02 PM,8PR8CVAB,FL78.6H0QE_SNIP_B0204_E180046,SNY510,8PR8CBMT60NA2,,,,,,,,,,,,,,,,,,,,,,,,,,,,,,,,,,,,,,,,,,,,,,,,,,,,,,,,,,,,,,,,
D619273,243,A2FG2243SLH1,,,,,,,,,,,,,,,,,D6192730,PR8B,09/16/2026 7:23:04 PM,BPD454,8M6CL,8M6CL,09/17/2026 8:01:20 AM,8M6CL,D1D,3,8550678,0,0,1.344511,2.74838,0,0,0,0,0,0,0,0,0,1.369114,1.424524,6.886531,AME401,13,256528,AME401_PM2,P_78_ROADRUNNER_R2,09/16/2026 6:17:58 PM,10,86847,0.833333,,,,,,,,,,,,,,3,3,3,3,3,2,2,2,2,2,2,,,,102524,102524,102524,102524,102524,,102524,102524,102524,,,,0,0,1,1,19,,,,,,,5831,5831,11460,27034,5831,27034,25423,27034,11460,158490,11460,158490,11460,158490,25423,11460,27034,,,27034,25661,1235,1235,27034,158490,11460,158490,11460,1235,27034,5887,260,,1235,5282,27034,27034,27034,113,260,5887,1235,11460,158490,11460,27034,158490,11460,8837,11460,27034,09/16/2026 6:28:36 PM,3.17358,58.64279,26.4465,09/16/2026 6:17:58 PM,256531,P_78_ROADRUNNER_R2,0.490958,09/16/2026 6:17:58 PM,AME401,13,256528,AME401_PM2,P_78_ROADRUNNER_R2,09/16/2026 6:17:58 PM,10,3.17358,58.64279,26.4465,09/16/2026 6:17:58 PM,8PR8CVAB,FL78.6H0QE_SNIP_B0204_E180046,SNY510,8PR8CBMT60NA2,,,,,,,,,,,,,,,,,,,,,,,,,,,,,,,,,,,,,,,,,,,,,,,,,,,,,,,,,,,,,,,,
D619273,246,A2FG2246SLF1,,,,,,,,,,,,,,,,,D6192730,PR8B,09/16/2026 7:23:04 PM,BPD454,8M6CL,8M6CL,09/17/2026 8:01:16 AM,8M6CL,D1D,4,8550540,0,0,0.24253,0,0,0,0,0,2.766847,0,0,5.782083,0,1.055788,0.538211,10.38546,AME401,25,256528,AME401_PM1,P_78_ROADRUNNER_R2,09/16/2026 5:56:46 PM,3,86847,0.833333,,,,,,,,,,,,,,3,3,3,3,3,2,2,2,2,2,2,,,,102524,102524,102524,102524,102524,,102524,102524,102524,,,,,,,1,1,,,,,,,6654,6652,12471,33761,9118,33761,29105,33761,12471,194967,12471,194967,12471,194967,29105,3249,33761,,,33761,28856,1371,10670,33761,194967,12471,180098,11161,1371,33761,9204,403,,1371,3995,33761,33761,33761,601,414,9318,3995,12471,194967,12471,33761,194967,12471,8965,12471,33761,09/16/2026 6:28:36 PM,2.887223,54.57281,24.06019,09/16/2026 5:56:46 PM,256531,P_78_ROADRUNNER_R2,0.490948,09/16/2026 5:56:46 PM,AME401,25,256528,AME401_PM1,P_78_ROADRUNNER_R2,09/16/2026 5:56:46 PM,3,2.887223,54.57281,24.06019,09/16/2026 5:56:46 PM,8PR8CVAB,FL78.6H0QE_SNIP_B0204_E180046,SNY510,8PR8CBMT60NA2,,,,,,,,,,,,,,,,,,,,,,,,,,,,,,,,,,,,,,,,,,,,,,,,,,,,,,,,,,,,,,,,
D619336,12,A2DFY012SLG3,,,,,,,,,,,,,,,,,D6193360,PNCB,09/17/2026 3:28:48 PM,BPD442,8M6CL,8M6CL,09/18/2026 9:38:30 AM,8M6CL,D1D,1,8565193,0,0,0.672199,1.165659,0,0,0,0,0,0,0,0,0,0.431881,0,2.269738,AME411,17,256528,AME411_PM1,P_78_ROADRUNNER_R2,09/17/2026 2:15:44 PM,17,191686,1,,,,,,,2,2,2,2,2,2,1,1,1,1,1,1,1,1,1,,,,,,,239651,21557,21557,21557,21557,,239676,239676,239651,,,,,,,2,26,,,,,,0,483,526,6933,52524,526,52524,44919,52524,708,15047,708,15047,6933,115283,44919,6933,52524,,,52524,15047,708,6933,52524,115283,6933,115283,6933,708,52524,15047,708,,708,3076,52524,52524,52524,468,708,15047,6933,6933,115283,6933,52524,115283,6933,8736,6933,52524,09/17/2026 2:47:07 PM,1.835773,26,15.29811,09/17/2026 2:15:44 PM,175972,M_UBE_MIMIC_R4,0.041025,09/17/2026 2:15:44 PM,AME411,17,256528,AME411_PM1,P_78_ROADRUNNER_R2,09/17/2026 2:15:44 PM,17,1.835773,26,15.29811,09/17/2026 2:15:44 PM,8PONCVBB,FL78.3FGTC_SNIP_B0204_E180046,SNY512,8PXSCBMT61NA4,,,,,,,,,,,,,,,,,,,,,,,09/17/2026 2:46:14 PM,.,D,Y,Y,M,.,.,RA3!DLP2491137_1_SWIC_20260917_09100958_0!1,Recipe:AM;CHAMBER_RECIPE_ENTITYLIST_1:PM,williamw,09/17/2026 9:03:42 AM,NGCOL for AME411.1,williamw,09/17/2026 9:16:17 AM,ngcol,autosif,09/17/2026 1:11:29 PM,autosif,09/17/2026 2:46:14 PM,Recipe=AM;CHAMBER_RECIPE_ENTITYLIST_1=PM1;POR;AME411(optional);CHAMBER_RECIPE_ENTITYLIST_2=(optional);CHAMBER_RECIPE_ENTITYLIST_3=(optional);CHAMBER_RECIPE_ENTITYLIST_4=(optional);CHAMBER_RECIPE_ENTITYLIST_5=(optional);CHAMBER_RECIPE_ENTITYLIST_6=(optional);SIF_STEPTIME=(optional);SIF_OE_PCT=(optional);SIF_CYCLES=(optional);SIF_APC=AM;SIF_APC_OFFSET=(optional);SIF_APC_RAILOVERRIDE=(optional);,09/17/2026 3:52:07 PM,.,D,Y,Y,M,.,.,RA3!DLP2491137_1_SWIC_20260917_09100958_1!1,Recipe:AM;LAYERID:8M6CL;LOWEST_N_WAFERS:,williamw,09/17/2026 9:07:05 AM,,sys_rf3pmes1,09/17/2026 3:16:48 PM,SIF is approved by AutoSIFDispo. Approved over budget as a part of IDLE_OB,autosif,09/17/2026 3:28:26 PM,autosif,09/17/2026 3:52:07 PM,Recipe=AM;LAYERID=8M6CL;LOWEST_N_WAFERS=3(optional);WAFER_LIST=(optional);KLARITY_STEPID=(optional);
D619336,20,A2DFY020SLC3,,,,,,,,,,,,,,,,,D6193360,PNCB,09/17/2026 3:28:48 PM,BPD442,8M6CL,8M6CL,09/18/2026 9:38:39 AM,8M6CL,D1D,2,8565196,0,0,0,0,0,0,0,0,0,0,0,0,0,0,0,0,AME411,6,256528,AME411_PM1,P_78_ROADRUNNER_R2,09/17/2026 1:43:03 PM,6,191686,1,,,,,,,2,2,2,2,2,2,1,1,1,1,1,1,1,1,1,,,,,,,239651,21557,21557,21557,21557,,239676,239676,239651,,,,,,,2,26,,,,,,0,483,526,6933,52524,526,52524,44919,52524,708,15047,708,15047,6933,115283,44919,6933,52524,,,52524,15047,708,6933,52524,115283,6933,115283,6933,708,52524,15047,708,,708,3076,52524,52524,52524,468,708,15047,6933,6933,115283,6933,52524,115283,6933,8736,6933,52524,09/17/2026 2:47:07 PM,1.835773,26,15.29811,09/17/2026 1:43:03 PM,175972,M_UBE_MIMIC_R4,0.041025,09/17/2026 1:43:03 PM,AME411,6,256528,AME411_PM1,P_78_ROADRUNNER_R2,09/17/2026 1:43:03 PM,6,1.835773,26,15.29811,09/17/2026 1:43:03 PM,8PONCVBB,FL78.3FGTC_SNIP_B0204_E180046,SNY512,8PXSCBMT61NA4,,,,,,,,,,,,,,,,,,,,,,,09/17/2026 2:46:14 PM,.,D,Y,Y,M,.,.,RA3!DLP2491137_1_SWIC_20260917_09100958_0!1,Recipe:AM;CHAMBER_RECIPE_ENTITYLIST_1:PM,williamw,09/17/2026 9:03:42 AM,NGCOL for AME411.1,williamw,09/17/2026 9:16:17 AM,ngcol,autosif,09/17/2026 1:11:29 PM,autosif,09/17/2026 2:46:14 PM,Recipe=AM;CHAMBER_RECIPE_ENTITYLIST_1=PM1;POR;AME411(optional);CHAMBER_RECIPE_ENTITYLIST_2=(optional);CHAMBER_RECIPE_ENTITYLIST_3=(optional);CHAMBER_RECIPE_ENTITYLIST_4=(optional);CHAMBER_RECIPE_ENTITYLIST_5=(optional);CHAMBER_RECIPE_ENTITYLIST_6=(optional);SIF_STEPTIME=(optional);SIF_OE_PCT=(optional);SIF_CYCLES=(optional);SIF_APC=AM;SIF_APC_OFFSET=(optional);SIF_APC_RAILOVERRIDE=(optional);,09/17/2026 3:52:07 PM,.,D,Y,Y,M,.,.,RA3!DLP2491137_1_SWIC_20260917_09100958_1!1,Recipe:AM;LAYERID:8M6CL;LOWEST_N_WAFERS:,williamw,09/17/2026 9:07:05 AM,,sys_rf3pmes1,09/17/2026 3:16:48 PM,SIF is approved by AutoSIFDispo. Approved over budget as a part of IDLE_OB,autosif,09/17/2026 3:28:26 PM,autosif,09/17/2026 3:52:07 PM,Recipe=AM;LAYERID=8M6CL;LOWEST_N_WAFERS=3(optional);WAFER_LIST=(optional);KLARITY_STEPID=(optional);
D619336,24,A2DFY024SLE5,,,,,,,,,,,,,,,,,D6193360,PNCB,09/17/2026 3:28:48 PM,BPD442,8M6CL,8M6CL,09/18/2026 9:38:24 AM,8M6CL,D1D,3,8565172,1.826576,1.21383,0.590437,0,0,0,0,0,0,0,0,1.711304,0,0,0,5.342149,AME411,12,256528,AME411_PM1,P_78_ROADRUNNER_R2,09/17/2026 2:00:54 PM,12,191686,1,,,,,,,2,2,2,2,2,2,1,1,1,1,1,1,1,1,1,,,,,,,239651,21557,21557,21557,21557,,239676,239676,239651,,,,,,,2,26,,,,,,0,483,526,6933,52524,526,52524,44919,52524,708,15047,708,15047,6933,115283,44919,6933,52524,,,52524,15047,708,6933,52524,115283,6933,115283,6933,708,52524,15047,708,,708,3076,52524,52524,52524,468,708,15047,6933,6933,115283,6933,52524,115283,6933,8736,6933,52524,09/17/2026 2:47:07 PM,1.835773,26,15.29811,09/17/2026 2:00:54 PM,175972,M_UBE_MIMIC_R4,0.041025,09/17/2026 2:00:54 PM,AME411,12,256528,AME411_PM1,P_78_ROADRUNNER_R2,09/17/2026 2:00:54 PM,12,1.835773,26,15.29811,09/17/2026 2:00:54 PM,8PONCVBB,FL78.3FGTC_SNIP_B0204_E180046,SNY512,8PXSCBMT61NA4,,,,,,,,,,,,,,,,,,,,,,,09/17/2026 2:46:14 PM,.,D,Y,Y,M,.,.,RA3!DLP2491137_1_SWIC_20260917_09100958_0!1,Recipe:AM;CHAMBER_RECIPE_ENTITYLIST_1:PM,williamw,09/17/2026 9:03:42 AM,NGCOL for AME411.1,williamw,09/17/2026 9:16:17 AM,ngcol,autosif,09/17/2026 1:11:29 PM,autosif,09/17/2026 2:46:14 PM,Recipe=AM;CHAMBER_RECIPE_ENTITYLIST_1=PM1;POR;AME411(optional);CHAMBER_RECIPE_ENTITYLIST_2=(optional);CHAMBER_RECIPE_ENTITYLIST_3=(optional);CHAMBER_RECIPE_ENTITYLIST_4=(optional);CHAMBER_RECIPE_ENTITYLIST_5=(optional);CHAMBER_RECIPE_ENTITYLIST_6=(optional);SIF_STEPTIME=(optional);SIF_OE_PCT=(optional);SIF_CYCLES=(optional);SIF_APC=AM;SIF_APC_OFFSET=(optional);SIF_APC_RAILOVERRIDE=(optional);,09/17/2026 3:52:07 PM,.,D,Y,Y,M,.,.,RA3!DLP2491137_1_SWIC_20260917_09100958_1!1,Recipe:AM;LAYERID:8M6CL;LOWEST_N_WAFERS:,williamw,09/17/2026 9:07:05 AM,,sys_rf3pmes1,09/17/2026 3:16:48 PM,SIF is approved by AutoSIFDispo. Approved over budget as a part of IDLE_OB,autosif,09/17/2026 3:28:26 PM,autosif,09/17/2026 3:52:07 PM,Recipe=AM;LAYERID=8M6CL;LOWEST_N_WAFERS=3(optional);WAFER_LIST=(optional);KLARITY_STEPID=(optional);
D624293,432,5DXYR432MVE6,,,,,,,,,,,,,,,,,D6242930,PR8B,09/17/2026 8:20:42 AM,BPD432,8M6CL,8M6CL,09/18/2026 9:52:32 AM,8M6CL,D1D,1,8746893,0,0,1.041515,0,0,0,0,0,0,0,0.443912,0,2.692707,3.217577,0,7.39571,AME423,16,256528,AME423_PM4,P_78_ROADRUNNER_R2,09/17/2026 7:16:11 AM,8,254476,1,,,,,2,2,2,2,2,2,2,2,2,2,1,1,1,1,1,1,1,,,,,,,290247,290247,290236,290247,290236,,290242,290242,290242,1,,,0,0,,,56,,,,,,,1663,1662,5127,54171,9840,54171,52073,54171,877,18430,5127,93302,5127,93302,52073,5127,54171,,,54171,18430,877,5127,54171,93302,5127,93302,5127,448,54171,9934,448,,448,877,54171,54171,54171,693,448,9934,5127,5127,93302,5127,54171,93302,5127,9025,5127,54171,09/17/2026 7:37:46 AM,5.455336,97,45.46114,09/17/2026 7:16:11 AM,259044,P_78_THAR_R5,0.485677,09/17/2026 7:16:11 AM,AME423,16,256528,AME423_PM4,P_78_ROADRUNNER_R2,09/17/2026 7:16:11 AM,8,5.455336,97,45.46114,09/17/2026 7:16:11 AM,8PR8CVAB,FL78.6H0QE_SNIP_B0204_E180046,SNV440,8PR8CBMT60NA1,,,,,,,,,,,,,,,,,,,,,,,,,,,,,,,,,,,,,,,,,,,,,,,,,,,,,,,,,,,,,,,,
D624293,452,5DXYR452MVG3,,,,,,,,,,,,,,,,,D6242930,PR8B,09/17/2026 8:20:42 AM,BPD432,8M6CL,8M6CL,09/18/2026 9:52:07 AM,8M6CL,D1D,2,8746947,0.699094,0,1.043478,4.096432,0,0,0,0,0,0,0,1.191684,5.431526,0.511113,0,12.97333,AME423,7,256528,AME423_PM3,P_78_ROADRUNNER_R2,09/17/2026 7:00:08 AM,4,254476,1,,,,,2,2,2,2,2,2,2,2,2,2,1,1,1,1,1,1,1,,,,,,,290247,290247,290236,290247,290236,,290242,290242,290242,1,,,,1,,,110,,,,,,,391,391,6821,71149,11140,71149,60717,71149,3215,68020,3215,68020,3215,68020,60717,3215,71149,,,71149,30759,1414,5018,71149,132072,6821,132072,6821,1414,71149,11245,502,,1414,1414,71149,71149,71149,390,502,11245,6821,6821,132072,6821,71149,68020,3215,10195,6821,71149,09/17/2026 7:37:46 AM,6.456542,116,53.80451,09/17/2026 7:00:08 AM,259044,P_78_THAR_R5,0.485663,09/17/2026 7:00:08 AM,AME423,7,256528,AME423_PM3,P_78_ROADRUNNER_R2,09/17/2026 7:00:08 AM,4,6.456542,116,53.80451,09/17/2026 7:00:08 AM,8PR8CVAB,FL78.6H0QE_SNIP_B0204_E180046,SNV440,8PR8CBMT60NA1,,,,,,,,,,,,,,,,,,,,,,,,,,,,,,,,,,,,,,,,,,,,,,,,,,,,,,,,,,,,,,,,
D622607,406,HL2XW406JKF1,,,,,,,,,,,,,,,,,D6226070,PR8B,09/17/2026 8:31:26 AM,BPD450,8M6CL,8M6CL,09/18/2026 9:54:04 AM,8M6CL,D1D,1,8668916,1.363084,0,0.671536,4.837611,0,0,1.971178,0,0,0,0,8.163232,1.482949,3.575496,0,21.95625,AME427,23,256528,AME427_PM2,P_78_ROADRUNNER_R2,09/17/2026 12:07:16 AM,2,215437,1,3,3,3,3,3,3,3,2,2,2,2,2,2,2,2,2,2,2,2,2,2,2,2,2,2,,,272493,272493,272518,272493,272518,,272493,272493,272493,,,,,,1,,4,,,,,,,1292,1307,2920,44725,4696,44725,32394,44725,2920,46571,2920,46571,2920,46571,32394,2920,44726,,,44726,20368,1045,2920,44726,46571,2920,46571,2920,1045,44726,4743,216,,1045,2920,44726,44726,44726,926,216,4743,2920,2920,46571,2920,44726,46571,2920,4941,2920,44726,09/17/2026 12:14:32 AM,9.583648,156.8755,79.86373,09/17/2026 12:07:16 AM,256528,P_78_ROADRUNNER_R2,0.348389,09/17/2026 12:07:16 AM,AME427,23,256528,AME427_PM2,P_78_ROADRUNNER_R2,09/17/2026 12:07:16 AM,2,9.583648,156.8755,79.86373,09/17/2026 12:07:16 AM,8PR8CVAB,FL78.6H0QE_SNIP_B0204_E180046,SNV440,8PR8CBMT60NA1,,,,,,,,,,,,,,,,,,,,,,,,,,,,,,,,,,,,,,,,,,,,,,,,,,,,,,,,,,,,,,,,
D622607,407,HL2XW407JKC0,,,,,,,,,,,,,,,,,D6226070,PR8B,09/17/2026 8:31:26 AM,BPD450,8M6CL,8M6CL,09/18/2026 9:54:10 AM,8M6CL,D1D,2,8668929,12.21887,0,0.192874,0,0,0,0,0,0,0,0,7.449664,4.043328,1.061259,0.810524,25.76773,AME427,5,256528,AME427_PM1,P_78_ROADRUNNER_R2,09/16/2026 11:55:38 PM,4,215437,1,3,3,3,3,3,3,3,2,2,2,2,2,2,2,2,2,2,2,2,2,2,2,2,2,2,,,272493,272493,272518,272493,272518,,272493,272493,272493,,,,,,1,1,37207,,,,,,,1445,1445,2433,27323,14991,27323,14991,27323,2433,36009,2433,36009,2433,36009,14991,2433,27323,,,27323,36009,2425,2425,27323,36009,2433,36009,2433,2425,27323,10829,629,,2425,2433,27323,27323,27323,484,629,10829,2433,2433,36009,2433,27323,36009,2433,6018,2433,27323,09/17/2026 12:14:32 AM,11.12736,184,92.72797,09/16/2026 11:55:38 PM,256528,P_78_ROADRUNNER_R2,0.026689,09/16/2026 11:55:38 PM,AME427,5,256528,AME427_PM1,P_78_ROADRUNNER_R2,09/16/2026 11:55:38 PM,4,11.12736,184,92.72797,09/16/2026 11:55:38 PM,8PR8CVAB,FL78.6H0QE_SNIP_B0204_E180046,SNV440,8PR8CBMT60NA1,,,,,,,,,,,,,,,,,,,,,,,,,,,,,,,,,,,,,,,,,,,,,,,,,,,,,,,,,,,,,,,,
D621486,244,KJD2K244WFA5,,,,,,,,,,,,,,,,,D6214860,PR8B,09/16/2026 7:18:35 AM,BPD432,8M6CL,8M6CL,09/16/2026 8:24:37 AM,8M6CL,D1D,1,8625035,0,0,0.479343,3.211348,0,0,0,0,0,0,0,0,0.728801,1.634207,0,6.053701,AME409,25,256528,AME409_PM3,P_78_ROADRUNNER_R2,09/16/2026 6:30:23 AM,13,226354,1,1,1,1,1,0,0,0,0,0,0,0,0,0,0,0,0,0,0,0,0,0,0,0,0,0,,,266287,266265,266235,266287,266258,,266265,266265,266265,,0,0,0,0,1,,102,,,,,,,997,997,7851,50018,15678,50018,41890,50018,7851,124808,7851,124808,7851,124808,41890,7851,50018,0,0,50018,33743,1666,3287,50018,124808,7851,124808,7851,1666,50018,15825,735,1,1666,1666,50017,50017,50017,37,735,15825,3287,7851,124808,7851,50017,124808,7851,10455,7851,50018,09/16/2026 6:31:55 AM,4.256613,63,35.47178,09/16/2026 6:30:23 AM,290590,P_78_ROADRUNNER_R4,0.315188,09/16/2026 6:30:23 AM,AME409,25,256528,AME409_PM3,P_78_ROADRUNNER_R2,09/16/2026 6:30:23 AM,13,4.256613,63,35.47178,09/16/2026 6:30:23 AM,8PR8CVAB,FL78.6H0QE_SNIP_B0204_E180046,SNY510,8PR8CBMT60NA1,,,,,,,,,,,,,,,,,,,,,,,,,,,,,,,,,,,,,,,,,,,,,,,,,,,,,,,,,,,,,,,,
D621486,253,KJD2K253WFA7,,,,,,,,,,,,,,,,,D6214860,PR8B,09/16/2026 7:18:35 AM,BPD432,8M6CL,8M6CL,09/16/2026 8:24:40 AM,8M6CL,D1D,2,8625151,0,0,0.277855,2.063757,0.76313,0,0,0,0,0,0,24.85425,15.8791,3.224787,0,46.47875,AME409,22,256528,AME409_PM4,P_78_ROADRUNNER_R2,09/16/2026 6:24:23 AM,11,226354,1,1,1,1,1,0,0,0,0,0,0,0,0,0,0,0,0,0,0,0,0,0,0,0,0,0,,,266287,266265,266235,266287,266258,,266265,266265,266265,,0,,,,1,1,68,,,,,0,,784,784,7833,41856,1105,41856,34523,41856,6228,97065,6228,97065,6228,97065,34523,7833,41856,,,41856,30811,1590,3608,41856,121284,7833,121284,7833,1590,41856,13090,634,,1590,3608,41856,41856,41856,786,634,13090,7833,7833,121284,7833,41856,97065,6228,8015,7833,41856,09/16/2026 6:31:55 AM,2.365754,44,19.71462,09/16/2026 6:24:23 AM,290590,P_78_ROADRUNNER_R4,0.315197,09/16/2026 6:24:23 AM,AME409,22,256528,AME409_PM4,P_78_ROADRUNNER_R2,09/16/2026 6:24:23 AM,11,2.365754,44,19.71462,09/16/2026 6:24:23 AM,8PR8CVAB,FL78.6H0QE_SNIP_B0204_E180046,SNY510,8PR8CBMT60NA1,,,,,,,,,,,,,,,,,,,,,,,,,,,,,,,,,,,,,,,,,,,,,,,,,,,,,,,,,,,,,,,,
D621486,267,KJD2K267WFA2,,,,,,,,,,,,,,,,,D6214860,PR8B,09/16/2026 8:36:56 AM,BPD446,8M6CL,8M6CL,09/17/2026 7:58:14 AM,8M6CL,D1D,3,8625106,0,0,0.413471,2.28741,2.485207,0,0,0,0,0,0,0,0,0.786905,0,5.972995,AME409,1,256528,AME409_PM3,P_78_ROADRUNNER_R2,09/16/2026 5:50:14 AM,1,226354,1,1,1,1,1,0,0,0,0,0,0,0,0,0,0,0,0,0,0,0,0,0,0,0,0,0,,,266287,266265,266235,266287,266258,,266265,266265,266265,,0,0,0,0,1,,102,,,,,,,997,997,7851,50018,15678,50018,41890,50018,7851,124808,7851,124808,7851,124808,41890,7851,50018,0,0,50018,33743,1666,3287,50018,124808,7851,124808,7851,1666,50018,15825,735,1,1666,1666,50017,50017,50017,37,735,15825,3287,7851,124808,7851,50017,124808,7851,10455,7851,50018,09/16/2026 6:31:55 AM,4.256613,63,35.47178,09/16/2026 5:50:14 AM,290590,P_78_ROADRUNNER_R4,0.315188,09/16/2026 5:50:14 AM,AME409,1,256528,AME409_PM3,P_78_ROADRUNNER_R2,09/16/2026 5:50:14 AM,1,4.256613,63,35.47178,09/16/2026 5:50:14 AM,8PR8CVAB,FL78.6H0QE_SNIP_B0204_E180046,SNY510,8PR8CBMT60NA1,,,,,,,,,,,,,,,,,,,,,,,,,,,,,,,,,,,,,,,,,,,,,,,,,,,,,,,,,,,,,,,,
D621486,278,KJD2K278WFB5,,,,,,,,,,,,,,,,,D6214860,PR8B,09/16/2026 8:36:56 AM,BPD446,8M6CL,8M6CL,09/17/2026 8:00:46 AM,8M6CL,D1D,4,8625088,0,0,0.39451,0,1.202377,0,0,0,0,0,0,2.445764,3.821884,0.313865,0,8.1784,AME409,17,256528,AME409_PM3,P_78_ROADRUNNER_R2,09/16/2026 6:18:03 AM,9,226354,1,1,1,1,1,0,0,0,0,0,0,0,0,0,0,0,0,0,0,0,0,0,0,0,0,0,,,266287,266265,266235,266287,266258,,266265,266265,266265,,0,0,0,0,1,,102,,,,,,,997,997,7851,50018,15678,50018,41890,50018,7851,124808,7851,124808,7851,124808,41890,7851,50018,0,0,50018,33743,1666,3287,50018,124808,7851,124808,7851,1666,50018,15825,735,1,1666,1666,50017,50017,50017,37,735,15825,3287,7851,124808,7851,50017,124808,7851,10455,7851,50018,09/16/2026 6:31:55 AM,4.256613,63,35.47178,09/16/2026 6:18:03 AM,290590,P_78_ROADRUNNER_R4,0.315188,09/16/2026 6:18:03 AM,AME409,17,256528,AME409_PM3,P_78_ROADRUNNER_R2,09/16/2026 6:18:03 AM,9,4.256613,63,35.47178,09/16/2026 6:18:03 AM,8PR8CVAB,FL78.6H0QE_SNIP_B0204_E180046,SNY510,8PR8CBMT60NA1,,,,,,,,,,,,,,,,,,,,,,,,,,,,,,,,,,,,,,,,,,,,,,,,,,,,,,,,,,,,,,,,
D621486,285,KJD2K285WFA6,,,,,,,,,,,,,,,,,D6214860,PR8B,09/16/2026 8:36:56 AM,BPD446,8M6CL,8M6CL,09/17/2026 8:00:54 AM,8M6CL,D1D,5,8625056,0,0,0.514915,0.977784,0,0,0,0,0,0,0,6.739615,12.9514,0,0,20.63687,AME409,23,256528,AME409_PM3,P_78_ROADRUNNER_R2,09/16/2026 6:27:25 AM,12,226354,1,1,1,1,1,0,0,0,0,0,0,0,0,0,0,0,0,0,0,0,0,0,0,0,0,0,,,266287,266265,266235,266287,266258,,266265,266265,266265,,0,0,0,0,1,,102,,,,,,,997,997,7851,50018,15678,50018,41890,50018,7851,124808,7851,124808,7851,124808,41890,7851,50018,0,0,50018,33743,1666,3287,50018,124808,7851,124808,7851,1666,50018,15825,735,1,1666,1666,50017,50017,50017,37,735,15825,3287,7851,124808,7851,50017,124808,7851,10455,7851,50018,09/16/2026 6:31:55 AM,4.256613,63,35.47178,09/16/2026 6:27:25 AM,290590,P_78_ROADRUNNER_R4,0.315188,09/16/2026 6:27:25 AM,AME409,23,256528,AME409_PM3,P_78_ROADRUNNER_R2,09/16/2026 6:27:25 AM,12,4.256613,63,35.47178,09/16/2026 6:27:25 AM,8PR8CVAB,FL78.6H0QE_SNIP_B0204_E180046,SNY510,8PR8CBMT60NA1,,,,,,,,,,,,,,,,,,,,,,,,,,,,,,,,,,,,,,,,,,,,,,,,,,,,,,,,,,,,,,,,
D624292,444,5DXXQ444MVH0,,,,,,,,,,,,,,,,,D6242920,PR8B,09/15/2026 4:09:04 PM,BPD442,8M6CL,8M6CL,09/16/2026 8:24:36 AM,8M6CL,D1D,1,8746568,1.315124,0,3.445549,0,0,0,0,0,0,0,0,7.495797,2.082388,0.631106,1.384171,16.27512,AME409,5,256528,AME409_PM1,P_78_ROADRUNNER_R2,09/15/2026 12:05:08 PM,3,226029,1,1,0,0,0,0,0,0,0,0,0,0,0,0,0,0,0,0,0,0,0,0,0,0,0,0,0,0,265962,265940,265910,265962,265933,0,265940,265940,265940,,,,,,,,65,,,,,,,895,895,7967,52501,1450,52501,45655,52501,2506,46533,2506,46533,2506,46533,45655,7967,52501,,,52501,15303,704,4234,52501,133494,7967,133494,7967,704,52501,1463,74,,704,704,52500,52501,52501,194,74,1463,4234,7967,133494,7967,52501,133494,7967,11228,7967,52501,09/15/2026 12:39:33 PM,4.118194,65,34.31828,09/15/2026 12:05:08 PM,252845,P_78_PIL16E_1A_R3,0.050988,09/15/2026 12:05:08 PM,AME409,5,256528,AME409_PM1,P_78_ROADRUNNER_R2,09/15/2026 12:05:08 PM,3,4.118194,65,34.31828,09/15/2026 12:05:08 PM,8PR8CVAB,FL78.6H0QE_SNIP_B0204_E180046,SNV440,8PR8CBMT60NA1,,,,,,,,,,,,,,,,,,,,,,,,,,,,,,,,,,,,,,,,,,,,,,,,,,,,,,,,,,,,,,,,
D624292,447,5DXXQ447MVF0,,,,,,,,,,,,,,,,,D6242920,PR8B,09/15/2026 4:09:04 PM,BPD442,8M6CL,8M6CL,09/16/2026 8:24:41 AM,8M6CL,D1D,2,8746690,0.949444,0,2.146242,0.933838,0,0,0,0,0,0,0,1.87583,0,0,0.583272,6.488626,AME409,22,256528,AME409_PM2,P_78_ROADRUNNER_R2,09/15/2026 12:32:15 PM,11,226029,1,1,0,0,0,0,0,0,0,0,0,0,0,0,0,0,0,0,0,0,0,0,0,0,0,0,0,0,265962,265940,265910,265962,265933,0,265940,265940,265940,,0,0,0,0,1,1,61,0,0,,0,,,77,104,7441,46267,899,46267,42758,46267,,61176,3606,61176,3606,61176,42758,7441,46267,,,46267,3006,171,5629,46267,118259,7441,118259,7441,171,46267,3006,171,5,171,171,46267,46267,46267,98,171,3006,7441,7441,118259,7441,46267,61176,3606,10859,7441,46267,09/15/2026 12:39:33 PM,3.934799,62.47636,32.78999,09/15/2026 12:32:15 PM,252845,P_78_PIL16E_1A_R3,0.051005,09/15/2026 12:32:15 PM,AME409,22,256528,AME409_PM2,P_78_ROADRUNNER_R2,09/15/2026 12:32:15 PM,11,3.934799,62.47636,32.78999,09/15/2026 12:32:15 PM,8PR8CVAB,FL78.6H0QE_SNIP_B0204_E180046,SNV440,8PR8CBMT60NA1,,,,,,,,,,,,,,,,,,,,,,,,,,,,,,,,,,,,,,,,,,,,,,,,,,,,,,,,,,,,,,,,
D623198,578,5DXXK578MVE7,,,,,,,,,,,,,,,,,D6231980,PNCB,09/15/2026 7:11:45 PM,BPD446,8M6CL,8M6CL,09/16/2026 8:28:53 AM,8M6CL,D1D,1,8713213,1.498325,0,0.554864,0,0,0,0,0,0,0,0,4.437786,0,0,0,6.311273,AME427,9,256528,AME427_PM1,P_78_ROADRUNNER_R2,09/15/2026 5:30:01 PM,8,213753,0.833333,2,2,2,2,2,2,2,2,2,2,2,2,2,2,2,2,2,2,2,2,1,1,1,1,1,,,270809,270809,270834,270809,270834,,270809,270809,270809,,,,,,1,1,36804,,,,,,,1043,1043,2416,26921,14589,26921,14589,26921,2416,35606,2416,35606,2416,35606,14589,2416,26921,,,26921,35606,2408,2408,26921,35606,2416,35606,2416,2408,26921,10426,612,,2408,2416,26921,26921,26921,82,612,10426,2416,2416,35606,2416,26921,35606,2416,5616,2416,26921,09/15/2026 6:26:24 PM,9.576988,167.1621,79.80823,09/15/2026 5:30:01 PM,256528,P_78_ROADRUNNER_R2,0.015153,09/15/2026 5:30:01 PM,AME427,9,256528,AME427_PM1,P_78_ROADRUNNER_R2,09/15/2026 5:30:01 PM,8,9.576988,167.1621,79.80823,09/15/2026 5:30:01 PM,8PONCVBB,FL78.3FGTC_SNIP_B0204_E180046,SNY512,8PXSCBMT61NA1,,,,,,,,,,,,,,,,,,,,,,,09/15/2026 6:26:06 PM,.,D,Y,Y,M,.,.,RA3!DLP2516024_1_SWIC_20260915_08210201_0!1,Recipe:AM;CHAMBER_RECIPE_ENTITYLIST_1:PM,karanadi,09/15/2026 8:15:11 AM,AME427_PM1 pilot lot,karanadi,09/15/2026 8:58:14 AM,por sif approved&#xA;,autosif,09/15/2026 4:58:10 PM,autosif,09/15/2026 6:26:06 PM,Recipe=AM;CHAMBER_RECIPE_ENTITYLIST_1=PM1;POR;AME427(optional);CHAMBER_RECIPE_ENTITYLIST_2=(optional);CHAMBER_RECIPE_ENTITYLIST_3=(optional);CHAMBER_RECIPE_ENTITYLIST_4=(optional);CHAMBER_RECIPE_ENTITYLIST_5=(optional);CHAMBER_RECIPE_ENTITYLIST_6=(optional);SIF_STEPTIME=(optional);SIF_OE_PCT=(optional);SIF_CYCLES=(optional);SIF_APC=AM;SIF_APC_OFFSET=(optional);SIF_APC_RAILOVERRIDE=(optional);,09/15/2026 7:42:03 PM,.,D,Y,Y,M,.,.,RA3!DLP2516024_1_SWIC_20260915_08210201_1!1,Recipe:AM;LAYERID:8M6CL;LOWEST_N_WAFERS:,karanadi,09/15/2026 8:16:09 AM,AME427_PM1 pilot lot,sys_rf3pmes1,09/15/2026 8:37:44 AM,SIF is approved by AutoSIFDispo.,autosif,09/15/2026 7:11:03 PM,autosif,09/15/2026 7:42:03 PM,Recipe=AM;LAYERID=8M6CL;LOWEST_N_WAFERS=4(optional);WAFER_LIST=(optional);KLARITY_STEPID=(optional);
D623198,582,5DXXK582MVG0,,,,,,,,,,,,,,,,,D6231980,PNCB,09/15/2026 7:11:45 PM,BPD446,8M6CL,8M6CL,09/16/2026 8:29:10 AM,8M6CL,D1D,2,8713323,0,0,0.234818,0,0,0,0,0,0,0,0,0,0,0,0,0.234818,AME427,2,256528,AME427_PM1,P_78_ROADRUNNER_R2,09/15/2026 5:11:30 PM,2,213753,0.833333,2,2,2,2,2,2,2,2,2,2,2,2,2,2,2,2,2,2,2,2,1,1,1,1,1,,,270809,270809,270834,270809,270834,,270809,270809,270809,,,,,,1,1,36804,,,,,,,1043,1043,2416,26921,14589,26921,14589,26921,2416,35606,2416,35606,2416,35606,14589,2416,26921,,,26921,35606,2408,2408,26921,35606,2416,35606,2416,2408,26921,10426,612,,2408,2416,26921,26921,26921,82,612,10426,2416,2416,35606,2416,26921,35606,2416,5616,2416,26921,09/15/2026 6:26:24 PM,9.576988,167.1621,79.80823,09/15/2026 5:11:30 PM,256528,P_78_ROADRUNNER_R2,0.015153,09/15/2026 5:11:30 PM,AME427,2,256528,AME427_PM1,P_78_ROADRUNNER_R2,09/15/2026 5:11:30 PM,2,9.576988,167.1621,79.80823,09/15/2026 5:11:30 PM,8PONCVBB,FL78.3FGTC_SNIP_B0204_E180046,SNY512,8PXSCBMT61NA1,,,,,,,,,,,,,,,,,,,,,,,09/15/2026 6:26:06 PM,.,D,Y,Y,M,.,.,RA3!DLP2516024_1_SWIC_20260915_08210201_0!1,Recipe:AM;CHAMBER_RECIPE_ENTITYLIST_1:PM,karanadi,09/15/2026 8:15:11 AM,AME427_PM1 pilot lot,karanadi,09/15/2026 8:58:14 AM,por sif approved&#xA;,autosif,09/15/2026 4:58:10 PM,autosif,09/15/2026 6:26:06 PM,Recipe=AM;CHAMBER_RECIPE_ENTITYLIST_1=PM1;POR;AME427(optional);CHAMBER_RECIPE_ENTITYLIST_2=(optional);CHAMBER_RECIPE_ENTITYLIST_3=(optional);CHAMBER_RECIPE_ENTITYLIST_4=(optional);CHAMBER_RECIPE_ENTITYLIST_5=(optional);CHAMBER_RECIPE_ENTITYLIST_6=(optional);SIF_STEPTIME=(optional);SIF_OE_PCT=(optional);SIF_CYCLES=(optional);SIF_APC=AM;SIF_APC_OFFSET=(optional);SIF_APC_RAILOVERRIDE=(optional);,09/15/2026 7:42:03 PM,.,D,Y,Y,M,.,.,RA3!DLP2516024_1_SWIC_20260915_08210201_1!1,Recipe:AM;LAYERID:8M6CL;LOWEST_N_WAFERS:,karanadi,09/15/2026 8:16:09 AM,AME427_PM1 pilot lot,sys_rf3pmes1,09/15/2026 8:37:44 AM,SIF is approved by AutoSIFDispo.,autosif,09/15/2026 7:11:03 PM,autosif,09/15/2026 7:42:03 PM,Recipe=AM;LAYERID=8M6CL;LOWEST_N_WAFERS=4(optional);WAFER_LIST=(optional);KLARITY_STEPID=(optional);
D623198,584,5DXXK584MVH1,,,,,,,,,,,,,,,,,D6231980,PNCB,09/15/2026 7:11:45 PM,BPD446,8M6CL,8M6CL,09/16/2026 8:29:16 AM,8M6CL,D1D,3,8713329,0,0,0.801793,0,0,0,0,0,0,0,0,1.734229,0,0,0,2.445843,AME427,3,256528,AME427_PM1,P_78_ROADRUNNER_R2,09/15/2026 5:14:30 PM,3,213753,0.833333,2,2,2,2,2,2,2,2,2,2,2,2,2,2,2,2,2,2,2,2,1,1,1,1,1,,,270809,270809,270834,270809,270834,,270809,270809,270809,,,,,,1,1,36804,,,,,,,1043,1043,2416,26921,14589,26921,14589,26921,2416,35606,2416,35606,2416,35606,14589,2416,26921,,,26921,35606,2408,2408,26921,35606,2416,35606,2416,2408,26921,10426,612,,2408,2416,26921,26921,26921,82,612,10426,2416,2416,35606,2416,26921,35606,2416,5616,2416,26921,09/15/2026 6:26:24 PM,9.576988,167.1621,79.80823,09/15/2026 5:14:30 PM,256528,P_78_ROADRUNNER_R2,0.015153,09/15/2026 5:14:30 PM,AME427,3,256528,AME427_PM1,P_78_ROADRUNNER_R2,09/15/2026 5:14:30 PM,3,9.576988,167.1621,79.80823,09/15/2026 5:14:30 PM,8PONCVBB,FL78.3FGTC_SNIP_B0204_E180046,SNY512,8PXSCBMT61NA1,,,,,,,,,,,,,,,,,,,,,,,09/15/2026 6:26:06 PM,.,D,Y,Y,M,.,.,RA3!DLP2516024_1_SWIC_20260915_08210201_0!1,Recipe:AM;CHAMBER_RECIPE_ENTITYLIST_1:PM,karanadi,09/15/2026 8:15:11 AM,AME427_PM1 pilot lot,karanadi,09/15/2026 8:58:14 AM,por sif approved&#xA;,autosif,09/15/2026 4:58:10 PM,autosif,09/15/2026 6:26:06 PM,Recipe=AM;CHAMBER_RECIPE_ENTITYLIST_1=PM1;POR;AME427(optional);CHAMBER_RECIPE_ENTITYLIST_2=(optional);CHAMBER_RECIPE_ENTITYLIST_3=(optional);CHAMBER_RECIPE_ENTITYLIST_4=(optional);CHAMBER_RECIPE_ENTITYLIST_5=(optional);CHAMBER_RECIPE_ENTITYLIST_6=(optional);SIF_STEPTIME=(optional);SIF_OE_PCT=(optional);SIF_CYCLES=(optional);SIF_APC=AM;SIF_APC_OFFSET=(optional);SIF_APC_RAILOVERRIDE=(optional);,09/15/2026 7:42:03 PM,.,D,Y,Y,M,.,.,RA3!DLP2516024_1_SWIC_20260915_08210201_1!1,Recipe:AM;LAYERID:8M6CL;LOWEST_N_WAFERS:,karanadi,09/15/2026 8:16:09 AM,AME427_PM1 pilot lot,sys_rf3pmes1,09/15/2026 8:37:44 AM,SIF is approved by AutoSIFDispo.,autosif,09/15/2026 7:11:03 PM,autosif,09/15/2026 7:42:03 PM,Recipe=AM;LAYERID=8M6CL;LOWEST_N_WAFERS=4(optional);WAFER_LIST=(optional);KLARITY_STEPID=(optional);
D623198,590,5DXXK590MVC0,,,,,,,,,,,,,,,,,D6231980,PNCB,09/15/2026 7:11:45 PM,BPD446,8M6CL,8M6CL,09/16/2026 8:28:46 AM,8M6CL,D1D,4,8713257,0,0,0.164692,0,0,0,0,0,0,0,0,3.239004,1.371509,0,0,4.775204,AME427,19,256528,AME427_PM1,P_78_ROADRUNNER_R2,09/15/2026 6:06:53 PM,18,213753,0.833333,2,2,2,2,2,2,2,2,2,2,2,2,2,2,2,2,2,2,2,2,1,1,1,1,1,,,270809,270809,270834,270809,270834,,270809,270809,270809,,,,,,1,1,36804,,,,,,,1043,1043,2416,26921,14589,26921,14589,26921,2416,35606,2416,35606,2416,35606,14589,2416,26921,,,26921,35606,2408,2408,26921,35606,2416,35606,2416,2408,26921,10426,612,,2408,2416,26921,26921,26921,82,612,10426,2416,2416,35606,2416,26921,35606,2416,5616,2416,26921,09/15/2026 6:26:24 PM,9.576988,167.1621,79.80823,09/15/2026 6:06:53 PM,256528,P_78_ROADRUNNER_R2,0.015153,09/15/2026 6:06:53 PM,AME427,19,256528,AME427_PM1,P_78_ROADRUNNER_R2,09/15/2026 6:06:53 PM,18,9.576988,167.1621,79.80823,09/15/2026 6:06:53 PM,8PONCVBB,FL78.3FGTC_SNIP_B0204_E180046,SNY512,8PXSCBMT61NA1,,,,,,,,,,,,,,,,,,,,,,,09/15/2026 6:26:06 PM,.,D,Y,Y,M,.,.,RA3!DLP2516024_1_SWIC_20260915_08210201_0!1,Recipe:AM;CHAMBER_RECIPE_ENTITYLIST_1:PM,karanadi,09/15/2026 8:15:11 AM,AME427_PM1 pilot lot,karanadi,09/15/2026 8:58:14 AM,por sif approved&#xA;,autosif,09/15/2026 4:58:10 PM,autosif,09/15/2026 6:26:06 PM,Recipe=AM;CHAMBER_RECIPE_ENTITYLIST_1=PM1;POR;AME427(optional);CHAMBER_RECIPE_ENTITYLIST_2=(optional);CHAMBER_RECIPE_ENTITYLIST_3=(optional);CHAMBER_RECIPE_ENTITYLIST_4=(optional);CHAMBER_RECIPE_ENTITYLIST_5=(optional);CHAMBER_RECIPE_ENTITYLIST_6=(optional);SIF_STEPTIME=(optional);SIF_OE_PCT=(optional);SIF_CYCLES=(optional);SIF_APC=AM;SIF_APC_OFFSET=(optional);SIF_APC_RAILOVERRIDE=(optional);,09/15/2026 7:42:03 PM,.,D,Y,Y,M,.,.,RA3!DLP2516024_1_SWIC_20260915_08210201_1!1,Recipe:AM;LAYERID:8M6CL;LOWEST_N_WAFERS:,karanadi,09/15/2026 8:16:09 AM,AME427_PM1 pilot lot,sys_rf3pmes1,09/15/2026 8:37:44 AM,SIF is approved by AutoSIFDispo.,autosif,09/15/2026 7:11:03 PM,autosif,09/15/2026 7:42:03 PM,Recipe=AM;LAYERID=8M6CL;LOWEST_N_WAFERS=4(optional);WAFER_LIST=(optional);KLARITY_STEPID=(optional);
D621521,24,A2GTK024SLC6,,,,,,,,,,,,,,,,,D6215210,PNCB,09/16/2026 12:27:55 PM,BPD442,8M6CL,8M6CL,09/17/2026 8:00:44 AM,8M6CL,D1D,1,8633310,2.489849,0,0.15905,0,0,0,0,0,0,0,0,0,0.800813,0.682803,0,4.132516,AME417,20,256528,AME417_PM4,P_78_ROADRUNNER_R2,09/16/2026 11:29:48 AM,10,254285,0.666666,,,,,,,,3,3,3,3,3,3,2,2,2,2,2,2,2,2,,,,,,,297693,60713,60713,60713,60713,,297717,297717,297693,,,,,,1,1,74,,,,,,,3682,3683,4884,41100,3742,41100,38714,41100,4884,85009,4884,85009,4884,85009,38714,4884,41100,,,41100,20724,960,4884,41100,85009,4884,85009,4884,960,41100,3777,157,,960,4884,41100,41100,41100,905,157,3777,4884,4884,85009,4884,41100,85009,4884,6664,4884,41100,09/16/2026 11:40:22 AM,3.163553,62.70383,26.36294,09/16/2026 11:29:48 AM,256528,P_78_ROADRUNNER_R2,3.779698,09/16/2026 11:29:48 AM,AME417,20,256528,AME417_PM4,P_78_ROADRUNNER_R2,09/16/2026 11:29:48 AM,10,3.163553,62.70383,26.36294,09/16/2026 11:29:48 AM,8PONCVBB,FL78.3FGTC_SNIP_B0204_E180046,SNY510,8PXSCBMT61NA4,,,,,,,,,,,,,,,,,,,,,,,,,,,,,,,,,,,,,,,,,,,,,,,,,,,,,,,,,,,,,,,,
D621521,58,A2HK2058SLG1,,,,,,,,,,,,,,,,,D6215210,PNCB,09/16/2026 12:27:55 PM,BPD442,8M6CL,8M6CL,09/17/2026 7:58:06 AM,8M6CL,D1D,2,8633428,0,0,0.474095,1.270199,0,0,0,0,0,0,0,0,0,2.286983,0,4.031279,AME417,3,256528,AME417_PM3,P_78_ROADRUNNER_R2,09/16/2026 11:05:12 AM,2,254285,0.666666,,,,,,,,3,3,3,3,3,3,2,2,2,2,2,2,2,2,,,,,,,297693,60713,60713,60713,60713,,297717,297717,297693,0,0,0,0,0,,2,80,,,,,,,2257,2257,6490,54256,2257,54256,49325,54256,6490,115155,6490,115155,6490,115155,49325,6490,54256,,,54256,13461,622,2884,54256,115155,6490,115155,6490,622,54256,2278,94,,622,621,54256,54256,54256,356,94,2278,2884,6490,115155,6490,54256,115155,6490,7253,6490,54256,09/16/2026 11:40:22 AM,2.104628,41.70387,17.53856,09/16/2026 11:05:12 AM,256528,P_78_ROADRUNNER_R2,3.779691,09/16/2026 11:05:12 AM,AME417,3,256528,AME417_PM3,P_78_ROADRUNNER_R2,09/16/2026 11:05:12 AM,2,2.104628,41.70387,17.53856,09/16/2026 11:05:12 AM,8PONCVBB,FL78.3FGTC_SNIP_B0204_E180046,SNY510,8PXSCBMT61NA4,,,,,,,,,,,,,,,,,,,,,,,,,,,,,,,,,,,,,,,,,,,,,,,,,,,,,,,,,,,,,,,,
D621485,330,KJCJF330WFC2,,,,,,,,,,,,,,,,,D6214850,PR8B,09/15/2026 10:24:20 PM,BPD448,8M6CL,8M6CL,09/16/2026 8:24:57 AM,8M6CL,D1D,1,8625025,0,0,1.437148,0,1.688572,0,0,0,0,1.313067,0,15.74424,1.042605,3.08958,0,24.31521,AME401,8,256528,AME401_PM2,P_78_ROADRUNNER_R2,09/15/2026 9:07:28 PM,4,86540,0.833333,,,,,,,,,,,,,3,3,3,2,2,2,2,,,,,,,,,102217,102217,102217,102217,102217,,102217,102217,102217,,0,0,0,0,1,,89,,,0,,,,5698,5698,11454,26901,5698,26901,25290,26901,11454,158355,11454,158355,11454,158355,25290,11454,26901,0,0,26901,25526,1229,1229,26901,158355,11454,158355,11454,1229,26901,5752,254,0,1229,5276,26901,26901,26901,923,254,5752,1229,11454,158355,11454,26901,158355,11454,8704,11454,26901,09/15/2026 9:33:13 PM,4.11845,77,34.32042,09/15/2026 9:07:28 PM,256531,P_78_ROADRUNNER_R2,0.493189,09/15/2026 9:07:28 PM,AME401,8,256528,AME401_PM2,P_78_ROADRUNNER_R2,09/15/2026 9:07:28 PM,4,4.11845,77,34.32042,09/15/2026 9:07:28 PM,8PR8CVAB,FL78.6H0QE_SNIP_B0204_E180046,SNV440,8PR8CBMT60NA1,,,,,,,,,,,,,,,,,,,,,,,,,,,,,,,,,,,,,,,,,,,,,,,,,,,,,,,,,,,,,,,,
D621485,379,KJCJF379WFG7,,,,,,,,,,,,,,,,,D6214850,PR8B,09/15/2026 10:24:20 PM,BPD448,8M6CL,8M6CL,09/16/2026 8:25:31 AM,8M6CL,D1D,2,8625008,0,0,0.219803,7.786128,0,0,0,0,0,0,0,6.736775,0,1.959227,0,16.14623,AME401,19,256528,AME401_PM2,P_78_ROADRUNNER_R2,09/15/2026 9:22:37 PM,9,86540,0.833333,,,,,,,,,,,,,3,3,3,2,2,2,2,,,,,,,,,102217,102217,102217,102217,102217,,102217,102217,102217,,0,0,0,0,1,,89,,,0,,,,5698,5698,11454,26901,5698,26901,25290,26901,11454,158355,11454,158355,11454,158355,25290,11454,26901,0,0,26901,25526,1229,1229,26901,158355,11454,158355,11454,1229,26901,5752,254,0,1229,5276,26901,26901,26901,923,254,5752,1229,11454,158355,11454,26901,158355,11454,8704,11454,26901,09/15/2026 9:33:13 PM,4.11845,77,34.32042,09/15/2026 9:22:37 PM,256531,P_78_ROADRUNNER_R2,0.493189,09/15/2026 9:22:37 PM,AME401,19,256528,AME401_PM2,P_78_ROADRUNNER_R2,09/15/2026 9:22:37 PM,9,4.11845,77,34.32042,09/15/2026 9:22:37 PM,8PR8CVAB,FL78.6H0QE_SNIP_B0204_E180046,SNV440,8PR8CBMT60NA1,,,,,,,,,,,,,,,,,,,,,,,,,,,,,,,,,,,,,,,,,,,,,,,,,,,,,,,,,,,,,,,,
D621485,384,KJCJF384WFE7,,,,,,,,,,,,,,,,,D6214850,PR8B,09/16/2026 12:25:33 AM,BPD436,8M6CL,8M6CL,09/16/2026 8:25:05 AM,8M6CL,D1D,3,8625020,1.527145,0,0.758957,3.567502,0,0,0,0,0,0,0,4.780467,4.11096,0,0,13.40322,AME401,20,256528,AME401_PM1,P_78_ROADRUNNER_R2,09/15/2026 9:25:39 PM,10,86540,0.833333,,,,,,,,,,,,,3,3,3,2,2,2,2,,,,,,,,,102217,102217,102217,102217,102217,,102217,102217,102217,,0,0,0,0,,1,84,,,,,,,6531,6529,12466,33638,8995,33638,28982,33638,12466,194842,12466,194842,12466,194842,28982,3243,33638,,,33638,28731,1366,10665,33638,194842,12466,179973,11156,1366,33638,9079,398,,1366,3990,33638,33638,33638,478,409,9193,3990,12466,194842,12466,33638,194842,12466,8842,12466,33638,09/15/2026 9:33:13 PM,3.851623,72,32.09685,09/15/2026 9:25:39 PM,256531,P_78_ROADRUNNER_R2,0.493189,09/15/2026 9:25:39 PM,AME401,20,256528,AME401_PM1,P_78_ROADRUNNER_R2,09/15/2026 9:25:39 PM,10,3.851623,72,32.09685,09/15/2026 9:25:39 PM,8PR8CVAB,FL78.6H0QE_SNIP_B0204_E180046,SNV440,8PR8CBMT60NA1,,,,,,,,,,,,,,,,,,,,,,,,,,,,,,,,,,,,,,,,,,,,,,,,,,,,,,,,,,,,,,,,
D621485,390,KJCJF390WFH1,,,,,,,,,,,,,,,,,D6214850,PR8B,09/16/2026 12:25:33 AM,BPD436,8M6CL,8M6CL,09/16/2026 8:24:52 AM,8M6CL,D1D,4,8624973,0,0,3.50846,0,0,0.635766,0,0,0,0,0,3.744355,3.339201,0.821047,0,12.04883,AME401,18,256528,AME401_PM1,P_78_ROADRUNNER_R2,09/15/2026 9:22:37 PM,9,86540,0.833333,,,,,,,,,,,,,3,3,3,2,2,2,2,,,,,,,,,102217,102217,102217,102217,102217,,102217,102217,102217,,0,0,0,0,,1,84,,,,,,,6531,6529,12466,33638,8995,33638,28982,33638,12466,194842,12466,194842,12466,194842,28982,3243,33638,,,33638,28731,1366,10665,33638,194842,12466,179973,11156,1366,33638,9079,398,,1366,3990,33638,33638,33638,478,409,9193,3990,12466,194842,12466,33638,194842,12466,8842,12466,33638,09/15/2026 9:33:13 PM,3.851623,72,32.09685,09/15/2026 9:22:37 PM,256531,P_78_ROADRUNNER_R2,0.493189,09/15/2026 9:22:37 PM,AME401,18,256528,AME401_PM1,P_78_ROADRUNNER_R2,09/15/2026 9:22:37 PM,9,3.851623,72,32.09685,09/15/2026 9:22:37 PM,8PR8CVAB,FL78.6H0QE_SNIP_B0204_E180046,SNV440,8PR8CBMT60NA1,,,,,,,,,,,,,,,,,,,,,,,,,,,,,,,,,,,,,,,,,,,,,,,,,,,,,,,,,,,,,,,,
D621485,391,KJCJF391WFE0,,,,,,,,,,,,,,,,,D6214850,PR8B,09/16/2026 12:25:33 AM,BPD436,8M6CL,8M6CL,09/16/2026 8:25:03 AM,8M6CL,D1D,5,8625085,0,0,0.60241,7.378998,0,0,0,0,0,0,0,0.889518,0,0.589078,0,9.460005,AME401,23,256528,AME401_PM2,P_78_ROADRUNNER_R2,09/15/2026 9:28:41 PM,11,86540,0.833333,,,,,,,,,,,,,3,3,3,2,2,2,2,,,,,,,,,102217,102217,102217,102217,102217,,102217,102217,102217,,0,0,0,0,1,,89,,,0,,,,5698,5698,11454,26901,5698,26901,25290,26901,11454,158355,11454,158355,11454,158355,25290,11454,26901,0,0,26901,25526,1229,1229,26901,158355,11454,158355,11454,1229,26901,5752,254,0,1229,5276,26901,26901,26901,923,254,5752,1229,11454,158355,11454,26901,158355,11454,8704,11454,26901,09/15/2026 9:33:13 PM,4.11845,77,34.32042,09/15/2026 9:28:41 PM,256531,P_78_ROADRUNNER_R2,0.493189,09/15/2026 9:28:41 PM,AME401,23,256528,AME401_PM2,P_78_ROADRUNNER_R2,09/15/2026 9:28:41 PM,11,4.11845,77,34.32042,09/15/2026 9:28:41 PM,8PR8CVAB,FL78.6H0QE_SNIP_B0204_E180046,SNV440,8PR8CBMT60NA1,,,,,,,,,,,,,,,,,,,,,,,,,,,,,,,,,,,,,,,,,,,,,,,,,,,,,,,,,,,,,,,,
D625401,155,A2MHP155SLE1,,,,,,,,,,,,,,,,,D6254010,PR8B,09/15/2026 4:51:00 PM,BPD432,8M6CL,8M6CL,09/16/2026 8:24:34 AM,8M6CL,D1D,1,8785397,25.21541,0,1.153398,0,1.538635,0,9.290059,0,0,0,0,4.602159,3.482124,0.865143,0.392766,42.83234,AME427,24,256528,AME427_PM2,P_78_ROADRUNNER_R2,09/15/2026 2:32:51 PM,12,213586,0.833333,2,2,2,2,2,2,2,2,2,2,2,2,2,2,2,2,2,2,1,1,1,1,1,1,1,,,270642,270642,270667,270642,270667,,270642,270642,270642,,,,,,1,0,1,,,,,,,878,893,2902,44311,4282,44311,31980,44311,2902,46152,2902,46152,2902,46152,31980,2902,44312,,,44312,19949,1027,2902,44312,46152,2902,46152,2902,1027,44312,4324,199,,1027,2902,44312,44312,44312,512,199,4324,2902,2902,46152,2902,44312,46152,2902,4527,2902,44312,09/15/2026 2:37:25 PM,9.070299,153,75.58583,09/15/2026 2:32:51 PM,256532,P_78_ROADRUNNER_R2,0.092621,09/15/2026 2:32:51 PM,AME427,24,256528,AME427_PM2,P_78_ROADRUNNER_R2,09/15/2026 2:32:51 PM,12,9.070299,153,75.58583,09/15/2026 2:32:51 PM,8PR8CVAB,FL78.6H0QE_SNIP_B0204_E180046,SNV440,8PR8CBMT60NA1,,,,,,,,,,,,,,,,,,,,,,,,,,,,,,,,,,,,,,,,,,,,,,,,,,,,,,,,,,,,,,,,
D625401,157,A2MHP157SLF2,,,,,,,,,,,,,,,,,D6254010,PR8B,09/15/2026 4:51:00 PM,BPD432,8M6CL,8M6CL,09/16/2026 8:24:45 AM,8M6CL,D1D,2,8785365,1.820076,0,1.224931,0,0,0,3.295425,0,0,0,0,13.67876,4.425449,2.792366,1.290014,23.70423,AME427,23,256528,AME427_PM1,P_78_ROADRUNNER_R2,09/15/2026 2:32:51 PM,12,213586,0.833333,2,2,2,2,2,2,2,2,2,2,2,2,2,2,2,2,2,2,1,1,1,1,1,1,1,,,270642,270642,270667,270642,270667,,270642,270642,270642,,,,,,1,1,36734,,,,,,,973,973,2414,26851,14519,26851,14519,26851,2414,35536,2414,35536,2414,35536,14519,2414,26851,,,26851,35536,2405,2405,26851,35536,2414,35536,2414,2405,26851,10356,610,,2405,2414,26851,26851,26851,12,610,10356,2414,2414,35536,2414,26851,35536,2414,5546,2414,26851,09/15/2026 2:37:25 PM,9.422858,158,78.52381,09/15/2026 2:32:51 PM,256532,P_78_ROADRUNNER_R2,0.092618,09/15/2026 2:32:51 PM,AME427,23,256528,AME427_PM1,P_78_ROADRUNNER_R2,09/15/2026 2:32:51 PM,12,9.422858,158,78.52381,09/15/2026 2:32:51 PM,8PR8CVAB,FL78.6H0QE_SNIP_B0204_E180046,SNV440,8PR8CBMT60NA1,,,,,,,,,,,,,,,,,,,,,,,,,,,,,,,,,,,,,,,,,,,,,,,,,,,,,,,,,,,,,,,,
D623214,260,KJFWP260WFG0,,,,,,,,,,,,,,,,,D6232140,PNCB,09/19/2026 7:20:30 PM,BPD436,8M6CL,8M6CL,09/20/2026 8:20:15 AM,8M6CL,D1D,1,8718447,0,0,0,0,0,0,0,0,0,0,0,1.711304,0,0.417998,0,2.129302,AME421,1,256528,AME421_PM2,P_78_ROADRUNNER_R5,09/19/2026 4:17:24 PM,1,235285,1,3,3,3,3,2,2,2,2,,,,,,,,,,,,2,2,2,2,2,2,,,265345,265345,265345,265345,265345,,265345,265345,265345,,,,,,,,61,,,,,,,249,249,5564,49812,249,49812,40201,49812,5564,90480,5564,90480,5564,90480,40201,5564,49812,,,49812,251,22,5564,49812,90480,5564,90480,5564,22,49812,251,22,,22,22,49812,49812,49812,249,22,251,5564,5564,90480,5564,49812,60831,3745,8823,5564,49812,09/19/2026 5:43:15 PM,0,0,0,09/19/2026 4:17:24 PM,256528,P_78_ROADRUNNER_R5,17.93027,09/19/2026 4:17:24 PM,AME421,1,256528,AME421_PM2,P_78_ROADRUNNER_R5,09/19/2026 4:17:24 PM,1,0,0,0,09/19/2026 4:17:24 PM,8PONCVBB,FL78.3FGTC_SNIP_B0204_E180046,SNY512,8PXSCBMT61NA4,,,,,,,,,,,,,,,,,,,,,,,09/19/2026 5:42:31 PM,.,D,Y,Y,M,.,.,RA3!DLP2516049_1_SWIC_20260919_14033668_0!1,Recipe:AM;CHAMBER_RECIPE_ENTITYLIST_1:PM,mbarua,09/19/2026 2:00:16 PM,AME421_PM2 ICCR3/CCMR3 GCOL,mbarua,09/19/2026 2:04:17 PM,ok,autosif,09/19/2026 4:13:49 PM,autosif,09/19/2026 5:42:31 PM,Recipe=AM;CHAMBER_RECIPE_ENTITYLIST_1=PM2;POR;AME421(optional);CHAMBER_RECIPE_ENTITYLIST_2=(optional);CHAMBER_RECIPE_ENTITYLIST_3=(optional);CHAMBER_RECIPE_ENTITYLIST_4=(optional);CHAMBER_RECIPE_ENTITYLIST_5=(optional);CHAMBER_RECIPE_ENTITYLIST_6=(optional);SIF_STEPTIME=(optional);SIF_OE_PCT=(optional);SIF_CYCLES=(optional);SIF_APC=AM;,09/19/2026 8:04:02 PM,.,D,Y,Y,M,.,.,RA3!DLP2516049_1_SWIC_20260919_16191571_0!1,Recipe:AM;LAYERID:8M6CL;LOWEST_N_WAFERS:,mbarua,09/19/2026 2:01:20 PM,AME421_PM2 ICCR3/CCMR3 GCOL,kaleger,09/19/2026 4:24:52 PM,ok,autosif,09/19/2026 7:02:04 PM,autosif,09/19/2026 8:04:01 PM,Recipe=AM;LAYERID=8M6CL;LOWEST_N_WAFERS=4(optional);WAFER_LIST=(optional);KLARITY_STEPID=(optional);
D623214,262,KJFWP262WFH1,,,,,,,,,,,,,,,,,D6232140,PNCB,09/19/2026 7:20:30 PM,BPD436,8M6CL,8M6CL,09/20/2026 8:20:12 AM,8M6CL,D1D,2,8718503,0,0,0.205068,0,0.647078,0,0,0,0,0,0,0,0,0.625828,0,1.477974,AME421,18,256528,AME421_PM2,P_78_ROADRUNNER_R5,09/19/2026 5:19:42 PM,18,235285,1,3,3,3,3,2,2,2,2,,,,,,,,,,,,2,2,2,2,2,2,,,265345,265345,265345,265345,265345,,265345,265345,265345,,,,,,,,61,,,,,,,249,249,5564,49812,249,49812,40201,49812,5564,90480,5564,90480,5564,90480,40201,5564,49812,,,49812,251,22,5564,49812,90480,5564,90480,5564,22,49812,251,22,,22,22,49812,49812,49812,249,22,251,5564,5564,90480,5564,49812,60831,3745,8823,5564,49812,09/19/2026 5:43:15 PM,0,0,0,09/19/2026 5:19:42 PM,256528,P_78_ROADRUNNER_R5,17.93027,09/19/2026 5:19:42 PM,AME421,18,256528,AME421_PM2,P_78_ROADRUNNER_R5,09/19/2026 5:19:42 PM,18,0,0,0,09/19/2026 5:19:42 PM,8PONCVBB,FL78.3FGTC_SNIP_B0204_E180046,SNY512,8PXSCBMT61NA4,,,,,,,,,,,,,,,,,,,,,,,09/19/2026 5:42:31 PM,.,D,Y,Y,M,.,.,RA3!DLP2516049_1_SWIC_20260919_14033668_0!1,Recipe:AM;CHAMBER_RECIPE_ENTITYLIST_1:PM,mbarua,09/19/2026 2:00:16 PM,AME421_PM2 ICCR3/CCMR3 GCOL,mbarua,09/19/2026 2:04:17 PM,ok,autosif,09/19/2026 4:13:49 PM,autosif,09/19/2026 5:42:31 PM,Recipe=AM;CHAMBER_RECIPE_ENTITYLIST_1=PM2;POR;AME421(optional);CHAMBER_RECIPE_ENTITYLIST_2=(optional);CHAMBER_RECIPE_ENTITYLIST_3=(optional);CHAMBER_RECIPE_ENTITYLIST_4=(optional);CHAMBER_RECIPE_ENTITYLIST_5=(optional);CHAMBER_RECIPE_ENTITYLIST_6=(optional);SIF_STEPTIME=(optional);SIF_OE_PCT=(optional);SIF_CYCLES=(optional);SIF_APC=AM;,09/19/2026 8:04:02 PM,.,D,Y,Y,M,.,.,RA3!DLP2516049_1_SWIC_20260919_16191571_0!1,Recipe:AM;LAYERID:8M6CL;LOWEST_N_WAFERS:,mbarua,09/19/2026 2:01:20 PM,AME421_PM2 ICCR3/CCMR3 GCOL,kaleger,09/19/2026 4:24:52 PM,ok,autosif,09/19/2026 7:02:04 PM,autosif,09/19/2026 8:04:01 PM,Recipe=AM;LAYERID=8M6CL;LOWEST_N_WAFERS=4(optional);WAFER_LIST=(optional);KLARITY_STEPID=(optional);
D623214,265,KJFWP265WFF1,,,,,,,,,,,,,,,,,D6232140,PNCB,09/19/2026 7:20:30 PM,BPD436,8M6CL,8M6CL,09/20/2026 8:22:11 AM,8M6CL,D1D,3,8718544,1.325421,0,0.126533,0,1.361191,0,0,0,0,0,0,0,0,0.957263,0.6093,4.379707,AME421,4,256528,AME421_PM2,P_78_ROADRUNNER_R5,09/19/2026 4:27:55 PM,4,235285,1,3,3,3,3,2,2,2,2,,,,,,,,,,,,2,2,2,2,2,2,,,265345,265345,265345,265345,265345,,265345,265345,265345,,,,,,,,61,,,,,,,249,249,5564,49812,249,49812,40201,49812,5564,90480,5564,90480,5564,90480,40201,5564,49812,,,49812,251,22,5564,49812,90480,5564,90480,5564,22,49812,251,22,,22,22,49812,49812,49812,249,22,251,5564,5564,90480,5564,49812,60831,3745,8823,5564,49812,09/19/2026 5:43:15 PM,0,0,0,09/19/2026 4:27:55 PM,256528,P_78_ROADRUNNER_R5,17.93027,09/19/2026 4:27:55 PM,AME421,4,256528,AME421_PM2,P_78_ROADRUNNER_R5,09/19/2026 4:27:55 PM,4,0,0,0,09/19/2026 4:27:55 PM,8PONCVBB,FL78.3FGTC_SNIP_B0204_E180046,SNY512,8PXSCBMT61NA4,,,,,,,,,,,,,,,,,,,,,,,09/19/2026 5:42:31 PM,.,D,Y,Y,M,.,.,RA3!DLP2516049_1_SWIC_20260919_14033668_0!1,Recipe:AM;CHAMBER_RECIPE_ENTITYLIST_1:PM,mbarua,09/19/2026 2:00:16 PM,AME421_PM2 ICCR3/CCMR3 GCOL,mbarua,09/19/2026 2:04:17 PM,ok,autosif,09/19/2026 4:13:49 PM,autosif,09/19/2026 5:42:31 PM,Recipe=AM;CHAMBER_RECIPE_ENTITYLIST_1=PM2;POR;AME421(optional);CHAMBER_RECIPE_ENTITYLIST_2=(optional);CHAMBER_RECIPE_ENTITYLIST_3=(optional);CHAMBER_RECIPE_ENTITYLIST_4=(optional);CHAMBER_RECIPE_ENTITYLIST_5=(optional);CHAMBER_RECIPE_ENTITYLIST_6=(optional);SIF_STEPTIME=(optional);SIF_OE_PCT=(optional);SIF_CYCLES=(optional);SIF_APC=AM;,09/19/2026 8:04:02 PM,.,D,Y,Y,M,.,.,RA3!DLP2516049_1_SWIC_20260919_16191571_0!1,Recipe:AM;LAYERID:8M6CL;LOWEST_N_WAFERS:,mbarua,09/19/2026 2:01:20 PM,AME421_PM2 ICCR3/CCMR3 GCOL,kaleger,09/19/2026 4:24:52 PM,ok,autosif,09/19/2026 7:02:04 PM,autosif,09/19/2026 8:04:01 PM,Recipe=AM;LAYERID=8M6CL;LOWEST_N_WAFERS=4(optional);WAFER_LIST=(optional);KLARITY_STEPID=(optional);
D623214,267,KJFWP267WFG2,,,,,,,,,,,,,,,,,D6232140,PNCB,09/19/2026 7:20:30 PM,BPD436,8M6CL,8M6CL,09/20/2026 8:20:23 AM,8M6CL,D1D,4,8718471,0,0,0.126149,0,1.357088,0,0,0,0,0,0,0.842782,0,0.477188,0.607464,3.410671,AME421,24,256528,AME421_PM2,P_78_ROADRUNNER_R5,09/19/2026 5:38:22 PM,24,235285,1,3,3,3,3,2,2,2,2,,,,,,,,,,,,2,2,2,2,2,2,,,265345,265345,265345,265345,265345,,265345,265345,265345,,,,,,,,61,,,,,,,249,249,5564,49812,249,49812,40201,49812,5564,90480,5564,90480,5564,90480,40201,5564,49812,,,49812,251,22,5564,49812,90480,5564,90480,5564,22,49812,251,22,,22,22,49812,49812,49812,249,22,251,5564,5564,90480,5564,49812,60831,3745,8823,5564,49812,09/19/2026 5:43:15 PM,0,0,0,09/19/2026 5:38:22 PM,256528,P_78_ROADRUNNER_R5,17.93027,09/19/2026 5:38:22 PM,AME421,24,256528,AME421_PM2,P_78_ROADRUNNER_R5,09/19/2026 5:38:22 PM,24,0,0,0,09/19/2026 5:38:22 PM,8PONCVBB,FL78.3FGTC_SNIP_B0204_E180046,SNY512,8PXSCBMT61NA4,,,,,,,,,,,,,,,,,,,,,,,09/19/2026 5:42:31 PM,.,D,Y,Y,M,.,.,RA3!DLP2516049_1_SWIC_20260919_14033668_0!1,Recipe:AM;CHAMBER_RECIPE_ENTITYLIST_1:PM,mbarua,09/19/2026 2:00:16 PM,AME421_PM2 ICCR3/CCMR3 GCOL,mbarua,09/19/2026 2:04:17 PM,ok,autosif,09/19/2026 4:13:49 PM,autosif,09/19/2026 5:42:31 PM,Recipe=AM;CHAMBER_RECIPE_ENTITYLIST_1=PM2;POR;AME421(optional);CHAMBER_RECIPE_ENTITYLIST_2=(optional);CHAMBER_RECIPE_ENTITYLIST_3=(optional);CHAMBER_RECIPE_ENTITYLIST_4=(optional);CHAMBER_RECIPE_ENTITYLIST_5=(optional);CHAMBER_RECIPE_ENTITYLIST_6=(optional);SIF_STEPTIME=(optional);SIF_OE_PCT=(optional);SIF_CYCLES=(optional);SIF_APC=AM;,09/19/2026 8:04:02 PM,.,D,Y,Y,M,.,.,RA3!DLP2516049_1_SWIC_20260919_16191571_0!1,Recipe:AM;LAYERID:8M6CL;LOWEST_N_WAFERS:,mbarua,09/19/2026 2:01:20 PM,AME421_PM2 ICCR3/CCMR3 GCOL,kaleger,09/19/2026 4:24:52 PM,ok,autosif,09/19/2026 7:02:04 PM,autosif,09/19/2026 8:04:01 PM,Recipe=AM;LAYERID=8M6CL;LOWEST_N_WAFERS=4(optional);WAFER_LIST=(optional);KLARITY_STEPID=(optional);
D623214,362,KJFWP362WFG2,,,,,,,,,,,,,,,,,D6232140,PNCB,09/19/2026 7:20:30 PM,BPD436,8M6CL,8M6CL,09/20/2026 8:20:29 AM,8M6CL,D1D,5,8718469,0,0,0.261806,0,2.377508,0,0,0,0,0,0,0,0,0,0,2.639315,AME421,13,256528,AME421_PM2,P_78_ROADRUNNER_R5,09/19/2026 5:02:45 PM,13,235285,1,3,3,3,3,2,2,2,2,,,,,,,,,,,,2,2,2,2,2,2,,,265345,265345,265345,265345,265345,,265345,265345,265345,,,,,,,,61,,,,,,,249,249,5564,49812,249,49812,40201,49812,5564,90480,5564,90480,5564,90480,40201,5564,49812,,,49812,251,22,5564,49812,90480,5564,90480,5564,22,49812,251,22,,22,22,49812,49812,49812,249,22,251,5564,5564,90480,5564,49812,60831,3745,8823,5564,49812,09/19/2026 5:43:15 PM,0,0,0,09/19/2026 5:02:45 PM,256528,P_78_ROADRUNNER_R5,17.93027,09/19/2026 5:02:45 PM,AME421,13,256528,AME421_PM2,P_78_ROADRUNNER_R5,09/19/2026 5:02:45 PM,13,0,0,0,09/19/2026 5:02:45 PM,8PONCVBB,FL78.3FGTC_SNIP_B0204_E180046,SNY512,8PXSCBMT61NA4,,,,,,,,,,,,,,,,,,,,,,,09/19/2026 5:42:31 PM,.,D,Y,Y,M,.,.,RA3!DLP2516049_1_SWIC_20260919_14033668_0!1,Recipe:AM;CHAMBER_RECIPE_ENTITYLIST_1:PM,mbarua,09/19/2026 2:00:16 PM,AME421_PM2 ICCR3/CCMR3 GCOL,mbarua,09/19/2026 2:04:17 PM,ok,autosif,09/19/2026 4:13:49 PM,autosif,09/19/2026 5:42:31 PM,Recipe=AM;CHAMBER_RECIPE_ENTITYLIST_1=PM2;POR;AME421(optional);CHAMBER_RECIPE_ENTITYLIST_2=(optional);CHAMBER_RECIPE_ENTITYLIST_3=(optional);CHAMBER_RECIPE_ENTITYLIST_4=(optional);CHAMBER_RECIPE_ENTITYLIST_5=(optional);CHAMBER_RECIPE_ENTITYLIST_6=(optional);SIF_STEPTIME=(optional);SIF_OE_PCT=(optional);SIF_CYCLES=(optional);SIF_APC=AM;,09/19/2026 8:04:02 PM,.,D,Y,Y,M,.,.,RA3!DLP2516049_1_SWIC_20260919_16191571_0!1,Recipe:AM;LAYERID:8M6CL;LOWEST_N_WAFERS:,mbarua,09/19/2026 2:01:20 PM,AME421_PM2 ICCR3/CCMR3 GCOL,kaleger,09/19/2026 4:24:52 PM,ok,autosif,09/19/2026 7:02:04 PM,autosif,09/19/2026 8:04:01 PM,Recipe=AM;LAYERID=8M6CL;LOWEST_N_WAFERS=4(optional);WAFER_LIST=(optional);KLARITY_STEPID=(optional);
D623214,444,KJFWP444WFE7,,,,,,,,,,,,,,,,,D6232140,PNCB,09/19/2026 7:20:30 PM,BPD436,8M6CL,8M6CL,09/20/2026 8:19:42 AM,8M6CL,D1D,6,8718526,0,0,0.439573,0,0,0,0,0,0,0,0,7.533651,0,2.408494,0,9.047375,AME421,25,256528,AME421_PM2,P_78_ROADRUNNER_R5,09/19/2026 5:41:27 PM,25,235285,1,3,3,3,3,2,2,2,2,,,,,,,,,,,,2,2,2,2,2,2,,,265345,265345,265345,265345,265345,,265345,265345,265345,,,,,,,,61,,,,,,,249,249,5564,49812,249,49812,40201,49812,5564,90480,5564,90480,5564,90480,40201,5564,49812,,,49812,251,22,5564,49812,90480,5564,90480,5564,22,49812,251,22,,22,22,49812,49812,49812,249,22,251,5564,5564,90480,5564,49812,60831,3745,8823,5564,49812,09/19/2026 5:43:15 PM,0,0,0,09/19/2026 5:41:27 PM,256528,P_78_ROADRUNNER_R5,17.93027,09/19/2026 5:41:27 PM,AME421,25,256528,AME421_PM2,P_78_ROADRUNNER_R5,09/19/2026 5:41:27 PM,25,0,0,0,09/19/2026 5:41:27 PM,8PONCVBB,FL78.3FGTC_SNIP_B0204_E180046,SNY512,8PXSCBMT61NA4,,,,,,,,,,,,,,,,,,,,,,,09/19/2026 5:42:31 PM,.,D,Y,Y,M,.,.,RA3!DLP2516049_1_SWIC_20260919_14033668_0!1,Recipe:AM;CHAMBER_RECIPE_ENTITYLIST_1:PM,mbarua,09/19/2026 2:00:16 PM,AME421_PM2 ICCR3/CCMR3 GCOL,mbarua,09/19/2026 2:04:17 PM,ok,autosif,09/19/2026 4:13:49 PM,autosif,09/19/2026 5:42:31 PM,Recipe=AM;CHAMBER_RECIPE_ENTITYLIST_1=PM2;POR;AME421(optional);CHAMBER_RECIPE_ENTITYLIST_2=(optional);CHAMBER_RECIPE_ENTITYLIST_3=(optional);CHAMBER_RECIPE_ENTITYLIST_4=(optional);CHAMBER_RECIPE_ENTITYLIST_5=(optional);CHAMBER_RECIPE_ENTITYLIST_6=(optional);SIF_STEPTIME=(optional);SIF_OE_PCT=(optional);SIF_CYCLES=(optional);SIF_APC=AM;,09/19/2026 8:04:02 PM,.,D,Y,Y,M,.,.,RA3!DLP2516049_1_SWIC_20260919_16191571_0!1,Recipe:AM;LAYERID:8M6CL;LOWEST_N_WAFERS:,mbarua,09/19/2026 2:01:20 PM,AME421_PM2 ICCR3/CCMR3 GCOL,kaleger,09/19/2026 4:24:52 PM,ok,autosif,09/19/2026 7:02:04 PM,autosif,09/19/2026 8:04:01 PM,Recipe=AM;LAYERID=8M6CL;LOWEST_N_WAFERS=4(optional);WAFER_LIST=(optional);KLARITY_STEPID=(optional);
D625439,378,MCU4C378WAE1,,,,,,,,,,,,,,,,,D6254390,PNCB,09/19/2026 1:38:32 AM,BPD442,8M6CL,8M6CL,09/19/2026 8:40:00 AM,8M6CL,D1D,1,8797129,0,0,1.529508,1.387234,0,0,0,0,0,0,0,0,0,0,1.064226,3.980968,AME425,20,256528,AME425_PM4,P_78_ROADRUNNER_R2,09/18/2026 11:31:35 PM,19,232635,1,,,2,2,2,2,2,2,2,1,1,1,1,1,1,1,1,1,,,,,,,,,,234189,234189,234177,234189,234177,,234202,234189,234189,,,,,,,1,99,,,,,,,1310,1310,2673,39592,3221,39592,39315,39592,2673,41431,2673,41431,2673,41431,39315,2673,39592,,,39592,3176,176,2673,39592,41431,2673,41431,2673,542,39592,3176,176,,176,2673,39592,39592,39592,369,542,10065,2673,2673,41431,2673,39592,41431,2673,5471,2673,39592,09/18/2026 11:48:21 PM,2.925451,50,24.37876,09/18/2026 11:31:35 PM,216735,P_78_THAR_R5,0.034251,09/18/2026 11:31:35 PM,AME425,20,256528,AME425_PM4,P_78_ROADRUNNER_R2,09/18/2026 11:31:35 PM,19,2.925451,50,24.37876,09/18/2026 11:31:35 PM,8PONCVBB,FL78.3FGTC_SNIP_B0204_E180046,SNY510,8PXSCBMT61NA4,,,,,,,,,,,,,,,,,,,,,,,09/18/2026 11:47:31 PM,.,D,Y,Y,M,.,.,RA3!DLP2529812_1_SWIC_20260918_17263648_0!1,Recipe:AM;CHAMBER_RECIPE_ENTITYLIST_1:PM,mbarua,09/18/2026 5:25:31 PM,AME425_PM4 NGCOL,mbarua,09/18/2026 5:27:37 PM,ok,autosif,09/18/2026 10:23:07 PM,autosif,09/18/2026 11:47:31 PM,Recipe=AM;CHAMBER_RECIPE_ENTITYLIST_1=PM4;POR;AME425(optional);CHAMBER_RECIPE_ENTITYLIST_2=(optional);CHAMBER_RECIPE_ENTITYLIST_3=(optional);CHAMBER_RECIPE_ENTITYLIST_4=(optional);CHAMBER_RECIPE_ENTITYLIST_5=(optional);CHAMBER_RECIPE_ENTITYLIST_6=(optional);SIF_STEPTIME=(optional);SIF_OE_PCT=(optional);SIF_CYCLES=(optional);SIF_APC=AM;,09/19/2026 2:09:59 AM,.,D,Y,Y,M,.,.,RA3!DLP2529812_1_SWIC_20260918_20475217_0!1,Recipe:AM;LAYERID:8M6CL;LOWEST_N_WAFERS:,mbarua,09/18/2026 5:25:55 PM,AME425_PM4 NGCOL,sys_rf3pmes1,09/19/2026 12:22:45 AM,SIF is approved by AutoSIFDispo. Approved over budget as a part of IDLE_OB,autosif,09/19/2026 1:38:12 AM,autosif,09/19/2026 2:09:59 AM,Recipe=AM;LAYERID=8M6CL;LOWEST_N_WAFERS=4(optional);WAFER_LIST=(optional);KLARITY_STEPID=(optional);
D625439,436,MCU4C436WAG2,,,,,,,,,,,,,,,,,D6254390,PNCB,09/19/2026 1:38:32 AM,BPD442,8M6CL,8M6CL,09/19/2026 8:38:30 AM,8M6CL,D1D,2,8797177,0,0,0.481749,0,0,0,0,0,0,0,0,1.711304,0,0,1.463311,3.656364,AME425,23,256528,AME425_PM4,P_78_ROADRUNNER_R2,09/18/2026 11:40:30 PM,22,232635,1,,,2,2,2,2,2,2,2,1,1,1,1,1,1,1,1,1,,,,,,,,,,234189,234189,234177,234189,234177,,234202,234189,234189,,,,,,,1,99,,,,,,,1310,1310,2673,39592,3221,39592,39315,39592,2673,41431,2673,41431,2673,41431,39315,2673,39592,,,39592,3176,176,2673,39592,41431,2673,41431,2673,542,39592,3176,176,,176,2673,39592,39592,39592,369,542,10065,2673,2673,41431,2673,39592,41431,2673,5471,2673,39592,09/18/2026 11:48:21 PM,2.925451,50,24.37876,09/18/2026 11:40:30 PM,216735,P_78_THAR_R5,0.034251,09/18/2026 11:40:30 PM,AME425,23,256528,AME425_PM4,P_78_ROADRUNNER_R2,09/18/2026 11:40:30 PM,22,2.925451,50,24.37876,09/18/2026 11:40:30 PM,8PONCVBB,FL78.3FGTC_SNIP_B0204_E180046,SNY510,8PXSCBMT61NA4,,,,,,,,,,,,,,,,,,,,,,,09/18/2026 11:47:31 PM,.,D,Y,Y,M,.,.,RA3!DLP2529812_1_SWIC_20260918_17263648_0!1,Recipe:AM;CHAMBER_RECIPE_ENTITYLIST_1:PM,mbarua,09/18/2026 5:25:31 PM,AME425_PM4 NGCOL,mbarua,09/18/2026 5:27:37 PM,ok,autosif,09/18/2026 10:23:07 PM,autosif,09/18/2026 11:47:31 PM,Recipe=AM;CHAMBER_RECIPE_ENTITYLIST_1=PM4;POR;AME425(optional);CHAMBER_RECIPE_ENTITYLIST_2=(optional);CHAMBER_RECIPE_ENTITYLIST_3=(optional);CHAMBER_RECIPE_ENTITYLIST_4=(optional);CHAMBER_RECIPE_ENTITYLIST_5=(optional);CHAMBER_RECIPE_ENTITYLIST_6=(optional);SIF_STEPTIME=(optional);SIF_OE_PCT=(optional);SIF_CYCLES=(optional);SIF_APC=AM;,09/19/2026 2:09:59 AM,.,D,Y,Y,M,.,.,RA3!DLP2529812_1_SWIC_20260918_20475217_0!1,Recipe:AM;LAYERID:8M6CL;LOWEST_N_WAFERS:,mbarua,09/18/2026 5:25:55 PM,AME425_PM4 NGCOL,sys_rf3pmes1,09/19/2026 12:22:45 AM,SIF is approved by AutoSIFDispo. Approved over budget as a part of IDLE_OB,autosif,09/19/2026 1:38:12 AM,autosif,09/19/2026 2:09:59 AM,Recipe=AM;LAYERID=8M6CL;LOWEST_N_WAFERS=4(optional);WAFER_LIST=(optional);KLARITY_STEPID=(optional);
D625439,448,MCU4C448WAE4,,,,,,,,,,,,,,,,,D6254390,PNCB,09/19/2026 1:38:32 AM,BPD442,8M6CL,8M6CL,09/19/2026 8:39:54 AM,8M6CL,D1D,3,8797173,0,0,1.270305,0,0,0,0,0,0,0,0,1.772527,2.84115,0,0.551149,6.435129,AME425,15,256528,AME425_PM4,P_78_ROADRUNNER_R2,09/18/2026 11:19:40 PM,15,232635,1,,,2,2,2,2,2,2,2,1,1,1,1,1,1,1,1,1,,,,,,,,,,234189,234189,234177,234189,234177,,234202,234189,234189,,,,,,,1,99,,,,,,,1310,1310,2673,39592,3221,39592,39315,39592,2673,41431,2673,41431,2673,41431,39315,2673,39592,,,39592,3176,176,2673,39592,41431,2673,41431,2673,542,39592,3176,176,,176,2673,39592,39592,39592,369,542,10065,2673,2673,41431,2673,39592,41431,2673,5471,2673,39592,09/18/2026 11:48:21 PM,2.925451,50,24.37876,09/18/2026 11:19:40 PM,216735,P_78_THAR_R5,0.034251,09/18/2026 11:19:40 PM,AME425,15,256528,AME425_PM4,P_78_ROADRUNNER_R2,09/18/2026 11:19:40 PM,15,2.925451,50,24.37876,09/18/2026 11:19:40 PM,8PONCVBB,FL78.3FGTC_SNIP_B0204_E180046,SNY510,8PXSCBMT61NA4,,,,,,,,,,,,,,,,,,,,,,,09/18/2026 11:47:31 PM,.,D,Y,Y,M,.,.,RA3!DLP2529812_1_SWIC_20260918_17263648_0!1,Recipe:AM;CHAMBER_RECIPE_ENTITYLIST_1:PM,mbarua,09/18/2026 5:25:31 PM,AME425_PM4 NGCOL,mbarua,09/18/2026 5:27:37 PM,ok,autosif,09/18/2026 10:23:07 PM,autosif,09/18/2026 11:47:31 PM,Recipe=AM;CHAMBER_RECIPE_ENTITYLIST_1=PM4;POR;AME425(optional);CHAMBER_RECIPE_ENTITYLIST_2=(optional);CHAMBER_RECIPE_ENTITYLIST_3=(optional);CHAMBER_RECIPE_ENTITYLIST_4=(optional);CHAMBER_RECIPE_ENTITYLIST_5=(optional);CHAMBER_RECIPE_ENTITYLIST_6=(optional);SIF_STEPTIME=(optional);SIF_OE_PCT=(optional);SIF_CYCLES=(optional);SIF_APC=AM;,09/19/2026 2:09:59 AM,.,D,Y,Y,M,.,.,RA3!DLP2529812_1_SWIC_20260918_20475217_0!1,Recipe:AM;LAYERID:8M6CL;LOWEST_N_WAFERS:,mbarua,09/18/2026 5:25:55 PM,AME425_PM4 NGCOL,sys_rf3pmes1,09/19/2026 12:22:45 AM,SIF is approved by AutoSIFDispo. Approved over budget as a part of IDLE_OB,autosif,09/19/2026 1:38:12 AM,autosif,09/19/2026 2:09:59 AM,Recipe=AM;LAYERID=8M6CL;LOWEST_N_WAFERS=4(optional);WAFER_LIST=(optional);KLARITY_STEPID=(optional);
D625439,734,MCU9B734WAC3,,,,,,,,,,,,,,,,,D6254390,PNCB,09/19/2026 1:38:32 AM,BPD442,8M6CL,8M6CL,09/19/2026 8:38:59 AM,8M6CL,D1D,4,8797235,0,0,0.221005,0,0,0,0,0,0,0,0,0,0,0,0,0.221005,AME425,18,256528,AME425_PM4,P_78_ROADRUNNER_R2,09/18/2026 11:28:36 PM,18,232635,1,,,2,2,2,2,2,2,2,1,1,1,1,1,1,1,1,1,,,,,,,,,,234189,234189,234177,234189,234177,,234202,234189,234189,,,,,,,1,99,,,,,,,1310,1310,2673,39592,3221,39592,39315,39592,2673,41431,2673,41431,2673,41431,39315,2673,39592,,,39592,3176,176,2673,39592,41431,2673,41431,2673,542,39592,3176,176,,176,2673,39592,39592,39592,369,542,10065,2673,2673,41431,2673,39592,41431,2673,5471,2673,39592,09/18/2026 11:48:21 PM,2.925451,50,24.37876,09/18/2026 11:28:36 PM,216735,P_78_THAR_R5,0.034251,09/18/2026 11:28:36 PM,AME425,18,256528,AME425_PM4,P_78_ROADRUNNER_R2,09/18/2026 11:28:36 PM,18,2.925451,50,24.37876,09/18/2026 11:28:36 PM,8PONCVBB,FL78.3FGTC_SNIP_B0204_E180046,SNY510,8PXSCBMT61NA4,,,,,,,,,,,,,,,,,,,,,,,09/18/2026 11:47:31 PM,.,D,Y,Y,M,.,.,RA3!DLP2529812_1_SWIC_20260918_17263648_0!1,Recipe:AM;CHAMBER_RECIPE_ENTITYLIST_1:PM,mbarua,09/18/2026 5:25:31 PM,AME425_PM4 NGCOL,mbarua,09/18/2026 5:27:37 PM,ok,autosif,09/18/2026 10:23:07 PM,autosif,09/18/2026 11:47:31 PM,Recipe=AM;CHAMBER_RECIPE_ENTITYLIST_1=PM4;POR;AME425(optional);CHAMBER_RECIPE_ENTITYLIST_2=(optional);CHAMBER_RECIPE_ENTITYLIST_3=(optional);CHAMBER_RECIPE_ENTITYLIST_4=(optional);CHAMBER_RECIPE_ENTITYLIST_5=(optional);CHAMBER_RECIPE_ENTITYLIST_6=(optional);SIF_STEPTIME=(optional);SIF_OE_PCT=(optional);SIF_CYCLES=(optional);SIF_APC=AM;,09/19/2026 2:09:59 AM,.,D,Y,Y,M,.,.,RA3!DLP2529812_1_SWIC_20260918_20475217_0!1,Recipe:AM;LAYERID:8M6CL;LOWEST_N_WAFERS:,mbarua,09/18/2026 5:25:55 PM,AME425_PM4 NGCOL,sys_rf3pmes1,09/19/2026 12:22:45 AM,SIF is approved by AutoSIFDispo. Approved over budget as a part of IDLE_OB,autosif,09/19/2026 1:38:12 AM,autosif,09/19/2026 2:09:59 AM,Recipe=AM;LAYERID=8M6CL;LOWEST_N_WAFERS=4(optional);WAFER_LIST=(optional);KLARITY_STEPID=(optional);
D625478,18,HI1YA018MME7,,,,,,,,,,,,,,,,,D6254780,PNCB,09/19/2026 1:44:08 AM,BPD446,8M6CL,8M6CL,09/19/2026 8:39:01 AM,8M6CL,D1D,1,8809013,0,0,1.397249,0.851933,0,0,0,0,0,0,0,2.656315,0,4.426105,0.931198,10.25286,AME421,1,256528,AME421_PM2,P_78_ROADRUNNER_R5,09/18/2026 9:14:46 PM,1,234779,1,2,2,2,2,2,,,,,,,,,,,,,,2,2,2,2,2,2,1,,,264839,264839,264839,264839,264839,,264839,264839,264839,,,,,,,,36,,,,,,,224,224,5563,49787,224,49787,40176,49787,5563,90455,5563,90455,5563,90455,40176,5563,49787,,,49787,226,21,5563,49787,90455,5563,90455,5563,21,49787,226,21,,21,21,49787,49787,49787,224,21,226,5563,5563,90455,5563,49787,60806,3744,8798,5563,49787,09/18/2026 10:21:53 PM,0,0,0,09/18/2026 9:14:46 PM,175972,M_UBE_MIMIC_R5,55.41748,09/18/2026 9:14:46 PM,AME421,1,256528,AME421_PM2,P_78_ROADRUNNER_R5,09/18/2026 9:14:46 PM,1,0,0,0,09/18/2026 9:14:46 PM,8PONCVBB,FL78.3FGTC_SNIP_B0204_E180046,SNY510,8PXSCBMT61NA4,,,,,,,,,,,,,,,,,,,,,,,09/18/2026 10:21:18 PM,.,D,Y,Y,M,.,.,RA3!DLP2529874_1_SWIC_20260918_16483584_0!1,Recipe:AM;CHAMBER_RECIPE_ENTITYLIST_1:PM,mbarua,09/18/2026 4:44:46 PM,AME421_PM2 ICCR3/CCMR3 GCOL,mbarua,09/18/2026 4:54:39 PM,ok,autosif,09/18/2026 9:10:34 PM,autosif,09/18/2026 10:21:17 PM,Recipe=AM;CHAMBER_RECIPE_ENTITYLIST_1=PM2;POR;AME421(optional);CHAMBER_RECIPE_ENTITYLIST_2=(optional);CHAMBER_RECIPE_ENTITYLIST_3=(optional);CHAMBER_RECIPE_ENTITYLIST_4=(optional);CHAMBER_RECIPE_ENTITYLIST_5=(optional);CHAMBER_RECIPE_ENTITYLIST_6=(optional);SIF_STEPTIME=(optional);SIF_OE_PCT=(optional);SIF_CYCLES=(optional);SIF_APC=AM;,09/19/2026 2:17:21 AM,.,D,Y,Y,M,.,.,RA3!DLP2529874_1_SWIC_20260918_22312815_0!1,Recipe:AM;LAYERID:8M6CL;LOWEST_N_WAFERS:,mbarua,09/18/2026 4:46:07 PM,AME421_PM2 ICCR3/CCMR3 GCOL,jedukes,09/18/2026 10:50:52 PM,SIF is rejected by AutoSIFDispo.,autosif,09/19/2026 1:43:30 AM,autosif,09/19/2026 2:17:21 AM,Recipe=AM;LAYERID=8M6CL;LOWEST_N_WAFERS=4(optional);WAFER_LIST=(optional);KLARITY_STEPID=(optional);
D625478,50,HI1YA050MMD5,,,,,,,,,,,,,,,,,D6254780,PNCB,09/19/2026 1:44:08 AM,BPD446,8M6CL,8M6CL,09/19/2026 8:40:00 AM,8M6CL,D1D,2,8808921,1.278914,0,0.509277,0,2.539114,0,0,0,0,0.953118,0,1.890782,0.810973,2.490399,0,8.387771,AME421,6,256528,AME421_PM2,P_78_ROADRUNNER_R5,09/18/2026 9:30:10 PM,6,234779,1,2,2,2,2,2,,,,,,,,,,,,,,2,2,2,2,2,2,1,,,264839,264839,264839,264839,264839,,264839,264839,264839,,,,,,,,36,,,,,,,224,224,5563,49787,224,49787,40176,49787,5563,90455,5563,90455,5563,90455,40176,5563,49787,,,49787,226,21,5563,49787,90455,5563,90455,5563,21,49787,226,21,,21,21,49787,49787,49787,224,21,226,5563,5563,90455,5563,49787,60806,3744,8798,5563,49787,09/18/2026 10:21:53 PM,0,0,0,09/18/2026 9:30:10 PM,175972,M_UBE_MIMIC_R5,55.41748,09/18/2026 9:30:10 PM,AME421,6,256528,AME421_PM2,P_78_ROADRUNNER_R5,09/18/2026 9:30:10 PM,6,0,0,0,09/18/2026 9:30:10 PM,8PONCVBB,FL78.3FGTC_SNIP_B0204_E180046,SNY510,8PXSCBMT61NA4,,,,,,,,,,,,,,,,,,,,,,,09/18/2026 10:21:18 PM,.,D,Y,Y,M,.,.,RA3!DLP2529874_1_SWIC_20260918_16483584_0!1,Recipe:AM;CHAMBER_RECIPE_ENTITYLIST_1:PM,mbarua,09/18/2026 4:44:46 PM,AME421_PM2 ICCR3/CCMR3 GCOL,mbarua,09/18/2026 4:54:39 PM,ok,autosif,09/18/2026 9:10:34 PM,autosif,09/18/2026 10:21:17 PM,Recipe=AM;CHAMBER_RECIPE_ENTITYLIST_1=PM2;POR;AME421(optional);CHAMBER_RECIPE_ENTITYLIST_2=(optional);CHAMBER_RECIPE_ENTITYLIST_3=(optional);CHAMBER_RECIPE_ENTITYLIST_4=(optional);CHAMBER_RECIPE_ENTITYLIST_5=(optional);CHAMBER_RECIPE_ENTITYLIST_6=(optional);SIF_STEPTIME=(optional);SIF_OE_PCT=(optional);SIF_CYCLES=(optional);SIF_APC=AM;,09/19/2026 2:17:21 AM,.,D,Y,Y,M,.,.,RA3!DLP2529874_1_SWIC_20260918_22312815_0!1,Recipe:AM;LAYERID:8M6CL;LOWEST_N_WAFERS:,mbarua,09/18/2026 4:46:07 PM,AME421_PM2 ICCR3/CCMR3 GCOL,jedukes,09/18/2026 10:50:52 PM,SIF is rejected by AutoSIFDispo.,autosif,09/19/2026 1:43:30 AM,autosif,09/19/2026 2:17:21 AM,Recipe=AM;LAYERID=8M6CL;LOWEST_N_WAFERS=4(optional);WAFER_LIST=(optional);KLARITY_STEPID=(optional);
D625478,57,HI1YA057MMD7,,,,,,,,,,,,,,,,,D6254780,PNCB,09/19/2026 1:44:08 AM,BPD446,8M6CL,8M6CL,09/19/2026 8:38:46 AM,8M6CL,D1D,3,8808835,0,0,0.350807,1.397142,0,0,0,0,0,0,0,2.675288,0,2.700114,0,7.066475,AME421,4,256528,AME421_PM2,P_78_ROADRUNNER_R5,09/18/2026 9:24:02 PM,4,234779,1,2,2,2,2,2,,,,,,,,,,,,,,2,2,2,2,2,2,1,,,264839,264839,264839,264839,264839,,264839,264839,264839,,,,,,,,36,,,,,,,224,224,5563,49787,224,49787,40176,49787,5563,90455,5563,90455,5563,90455,40176,5563,49787,,,49787,226,21,5563,49787,90455,5563,90455,5563,21,49787,226,21,,21,21,49787,49787,49787,224,21,226,5563,5563,90455,5563,49787,60806,3744,8798,5563,49787,09/18/2026 10:21:53 PM,0,0,0,09/18/2026 9:24:02 PM,175972,M_UBE_MIMIC_R5,55.41748,09/18/2026 9:24:02 PM,AME421,4,256528,AME421_PM2,P_78_ROADRUNNER_R5,09/18/2026 9:24:02 PM,4,0,0,0,09/18/2026 9:24:02 PM,8PONCVBB,FL78.3FGTC_SNIP_B0204_E180046,SNY510,8PXSCBMT61NA4,,,,,,,,,,,,,,,,,,,,,,,09/18/2026 10:21:18 PM,.,D,Y,Y,M,.,.,RA3!DLP2529874_1_SWIC_20260918_16483584_0!1,Recipe:AM;CHAMBER_RECIPE_ENTITYLIST_1:PM,mbarua,09/18/2026 4:44:46 PM,AME421_PM2 ICCR3/CCMR3 GCOL,mbarua,09/18/2026 4:54:39 PM,ok,autosif,09/18/2026 9:10:34 PM,autosif,09/18/2026 10:21:17 PM,Recipe=AM;CHAMBER_RECIPE_ENTITYLIST_1=PM2;POR;AME421(optional);CHAMBER_RECIPE_ENTITYLIST_2=(optional);CHAMBER_RECIPE_ENTITYLIST_3=(optional);CHAMBER_RECIPE_ENTITYLIST_4=(optional);CHAMBER_RECIPE_ENTITYLIST_5=(optional);CHAMBER_RECIPE_ENTITYLIST_6=(optional);SIF_STEPTIME=(optional);SIF_OE_PCT=(optional);SIF_CYCLES=(optional);SIF_APC=AM;,09/19/2026 2:17:21 AM,.,D,Y,Y,M,.,.,RA3!DLP2529874_1_SWIC_20260918_22312815_0!1,Recipe:AM;LAYERID:8M6CL;LOWEST_N_WAFERS:,mbarua,09/18/2026 4:46:07 PM,AME421_PM2 ICCR3/CCMR3 GCOL,jedukes,09/18/2026 10:50:52 PM,SIF is rejected by AutoSIFDispo.,autosif,09/19/2026 1:43:30 AM,autosif,09/19/2026 2:17:21 AM,Recipe=AM;LAYERID=8M6CL;LOWEST_N_WAFERS=4(optional);WAFER_LIST=(optional);KLARITY_STEPID=(optional);
D625478,74,HI1YA074MMA1,,,,,,,,,,,,,,,,,D6254780,PNCB,09/19/2026 1:44:08 AM,BPD446,8M6CL,8M6CL,09/19/2026 8:39:54 AM,8M6CL,D1D,4,8808955,1.470655,0,1.718415,0,0.765163,0,0,0,0,0,0,0,0.932558,0.533507,0,5.420298,AME421,15,256528,AME421_PM2,P_78_ROADRUNNER_R5,09/18/2026 9:48:14 PM,12,234779,1,2,2,2,2,2,,,,,,,,,,,,,,2,2,2,2,2,2,1,,,264839,264839,264839,264839,264839,,264839,264839,264839,,,,,,,,36,,,,,,,224,224,5563,49787,224,49787,40176,49787,5563,90455,5563,90455,5563,90455,40176,5563,49787,,,49787,226,21,5563,49787,90455,5563,90455,5563,21,49787,226,21,,21,21,49787,49787,49787,224,21,226,5563,5563,90455,5563,49787,60806,3744,8798,5563,49787,09/18/2026 10:21:53 PM,0,0,0,09/18/2026 9:48:14 PM,175972,M_UBE_MIMIC_R5,55.41748,09/18/2026 9:48:14 PM,AME421,15,256528,AME421_PM2,P_78_ROADRUNNER_R5,09/18/2026 9:48:14 PM,12,0,0,0,09/18/2026 9:48:14 PM,8PONCVBB,FL78.3FGTC_SNIP_B0204_E180046,SNY510,8PXSCBMT61NA4,,,,,,,,,,,,,,,,,,,,,,,09/18/2026 10:21:18 PM,.,D,Y,Y,M,.,.,RA3!DLP2529874_1_SWIC_20260918_16483584_0!1,Recipe:AM;CHAMBER_RECIPE_ENTITYLIST_1:PM,mbarua,09/18/2026 4:44:46 PM,AME421_PM2 ICCR3/CCMR3 GCOL,mbarua,09/18/2026 4:54:39 PM,ok,autosif,09/18/2026 9:10:34 PM,autosif,09/18/2026 10:21:17 PM,Recipe=AM;CHAMBER_RECIPE_ENTITYLIST_1=PM2;POR;AME421(optional);CHAMBER_RECIPE_ENTITYLIST_2=(optional);CHAMBER_RECIPE_ENTITYLIST_3=(optional);CHAMBER_RECIPE_ENTITYLIST_4=(optional);CHAMBER_RECIPE_ENTITYLIST_5=(optional);CHAMBER_RECIPE_ENTITYLIST_6=(optional);SIF_STEPTIME=(optional);SIF_OE_PCT=(optional);SIF_CYCLES=(optional);SIF_APC=AM;,09/19/2026 2:17:21 AM,.,D,Y,Y,M,.,.,RA3!DLP2529874_1_SWIC_20260918_22312815_0!1,Recipe:AM;LAYERID:8M6CL;LOWEST_N_WAFERS:,mbarua,09/18/2026 4:46:07 PM,AME421_PM2 ICCR3/CCMR3 GCOL,jedukes,09/18/2026 10:50:52 PM,SIF is rejected by AutoSIFDispo.,autosif,09/19/2026 1:43:30 AM,autosif,09/19/2026 2:17:21 AM,Recipe=AM;LAYERID=8M6CL;LOWEST_N_WAFERS=4(optional);WAFER_LIST=(optional);KLARITY_STEPID=(optional);
D623203,45,MCRNQ045WAG4,,,,,,,,,,,,,,,,,D6232030,PNCB,09/19/2026 9:20:07 AM,BPD444,8M6CL,8M6CL,09/20/2026 8:19:44 AM,8M6CL,D1D,1,8715769,0,0,0.348768,0,0.616508,0,0,0,0,0,0,0.815905,0,0.404664,0,2.185847,AME411,16,256528,AME411_PM2,P_78_ROADRUNNER_R2,09/19/2026 7:40:28 AM,16,192834,1,2,2,2,2,2,2,2,2,,,,,,,2,2,2,2,2,2,2,2,1,1,1,0,0,240799,22705,22705,22705,22705,0,240824,240824,240799,0,,,0,,,,109,,,,,,,1177,1177,7405,66503,1177,66503,56264,66503,7405,136312,7405,136312,7405,136312,56264,7405,66503,,,66503,1187,60,60,66503,136312,7405,136312,7405,60,66503,1187,60,,60,2621,66503,66503,66503,335,60,1187,2621,7405,136312,7405,66503,136312,7405,8259,7405,66503,09/19/2026 8:09:21 AM,5.628486,106,46.90405,09/19/2026 7:40:28 AM,256531,P_78_ROADRUNNER_R2,0.0148,09/19/2026 7:40:28 AM,AME411,16,256528,AME411_PM2,P_78_ROADRUNNER_R2,09/19/2026 7:40:28 AM,16,5.628486,106,46.90405,09/19/2026 7:40:28 AM,8PONCVBB,FL78.3FGTC_SNIP_B0204_E180046,SNY510,8PXSCBMT61NA4,,,,,,,,,,,,,,,,,,,,,,,,,,,,,,,,,,,,,,,,,,,,,,,,,,,,,,,,,,,,,,,,
D623203,59,MCRNQ059WAF7,,,,,,,,,,,,,,,,,D6232030,PNCB,09/19/2026 9:20:07 AM,BPD444,8M6CL,8M6CL,09/20/2026 8:19:26 AM,8M6CL,D1D,2,8715803,0,0,0.29997,0,0,0,0,0,1.940983,0,0,1.225997,1.045661,0,0,4.512611,AME411,11,256528,AME411_PM2,P_78_ROADRUNNER_R2,09/19/2026 7:25:36 AM,11,192834,1,2,2,2,2,2,2,2,2,,,,,,,2,2,2,2,2,2,2,2,1,1,1,0,0,240799,22705,22705,22705,22705,0,240824,240824,240799,0,,,0,,,,109,,,,,,,1177,1177,7405,66503,1177,66503,56264,66503,7405,136312,7405,136312,7405,136312,56264,7405,66503,,,66503,1187,60,60,66503,136312,7405,136312,7405,60,66503,1187,60,,60,2621,66503,66503,66503,335,60,1187,2621,7405,136312,7405,66503,136312,7405,8259,7405,66503,09/19/2026 8:09:21 AM,5.628486,106,46.90405,09/19/2026 7:25:36 AM,256531,P_78_ROADRUNNER_R2,0.0148,09/19/2026 7:25:36 AM,AME411,11,256528,AME411_PM2,P_78_ROADRUNNER_R2,09/19/2026 7:25:36 AM,11,5.628486,106,46.90405,09/19/2026 7:25:36 AM,8PONCVBB,FL78.3FGTC_SNIP_B0204_E180046,SNY510,8PXSCBMT61NA4,,,,,,,,,,,,,,,,,,,,,,,,,,,,,,,,,,,,,,,,,,,,,,,,,,,,,,,,,,,,,,,,
D624329,7,A2MGG007SLG6,,,,,,,,,,,,,,,,,D6243290,PNCB,09/19/2026 6:51:45 AM,BPD432,8M6CL,8M6CL,09/19/2026 8:38:35 AM,8M6CL,D1D,1,8755715,0,0,0.840323,0,0,0,0,0,0,0,0,2.416504,2.244693,1.62735,0,7.128869,AME409,21,256528,AME409_PM1,P_78_ROADRUNNER_R2,09/19/2026 3:36:23 AM,11,227340,0.833333,,,,,,,,,,,1,1,1,1,0,0,0,0,0,0,,,,,,,,267273,267251,267221,267273,267244,,267251,267251,267251,,0,0,0,0,,1,39,,,,,,,1185,1185,7981,52791,1740,52791,45945,52791,2520,46826,2520,46826,2520,46826,45945,7981,52791,,,52791,15596,717,4248,52791,133787,7981,133787,7981,717,52791,1756,88,,717,717,52790,52791,52791,484,88,1756,4248,7981,133787,7981,52791,133787,7981,11518,7981,52791,09/19/2026 3:44:31 AM,3.068013,52,25.56678,09/19/2026 3:36:23 AM,216735,P_78_THAR_R5,0.553864,09/19/2026 3:36:23 AM,AME409,21,256528,AME409_PM1,P_78_ROADRUNNER_R2,09/19/2026 3:36:23 AM,11,3.068013,52,25.56678,09/19/2026 3:36:23 AM,8PONCVBB,FL78.3FGTC_SNIP_B0204_E180046,SNY510,8PXSCBMT61NA4,,,,,,,,,,,,,,,,,,,,,,,,,,,,,,,,,,,,,,,,,,,,,,,,,,,,,,,,,,,,,,,,
D624329,58,A2NHX058SLA4,,,,,,,,,,,,,,,,,D6243290,PNCB,09/19/2026 6:51:45 AM,BPD432,8M6CL,8M6CL,09/19/2026 8:39:48 AM,8M6CL,D1D,2,8755661,0,0,0.558804,1.625918,0,0,0,0,0,0,0,2.533083,1.08646,1.134185,0,6.938448,AME409,7,256528,AME409_PM1,P_78_ROADRUNNER_R2,09/19/2026 3:14:53 AM,4,227340,0.833333,,,,,,,,,,,1,1,1,1,0,0,0,0,0,0,,,,,,,,267273,267251,267221,267273,267244,,267251,267251,267251,,0,0,0,0,,1,39,,,,,,,1185,1185,7981,52791,1740,52791,45945,52791,2520,46826,2520,46826,2520,46826,45945,7981,52791,,,52791,15596,717,4248,52791,133787,7981,133787,7981,717,52791,1756,88,,717,717,52790,52791,52791,484,88,1756,4248,7981,133787,7981,52791,133787,7981,11518,7981,52791,09/19/2026 3:44:31 AM,3.068013,52,25.56678,09/19/2026 3:14:53 AM,216735,P_78_THAR_R5,0.553864,09/19/2026 3:14:53 AM,AME409,7,256528,AME409_PM1,P_78_ROADRUNNER_R2,09/19/2026 3:14:53 AM,4,3.068013,52,25.56678,09/19/2026 3:14:53 AM,8PONCVBB,FL78.3FGTC_SNIP_B0204_E180046,SNY510,8PXSCBMT61NA4,,,,,,,,,,,,,,,,,,,,,,,,,,,,,,,,,,,,,,,,,,,,,,,,,,,,,,,,,,,,,,,,
D622945,189,HQ3SF189JKB3,,,,,,,,,,,,,,,,,D6229450,PR8B,09/19/2026 6:59:38 PM,BPD458,8M6CL,8M6CL,09/20/2026 8:22:11 AM,8M6CL,D1D,1,8699600,0,1.106985,1.770072,1.492751,0,0,0,0,0,0,0,3.16775,1.499396,0.899584,0,9.045082,AME417,16,256528,AME417_PM1,P_78_ROADRUNNER_R2,09/19/2026 6:03:19 PM,5,256402,0.833333,1,1,1,1,1,1,1,1,1,1,0,0,0,0,0,0,0,0,0,0,0,0,0,0,0,,,299810,62830,62830,62830,62830,,299834,299834,299810,,,,,,,,45,,,,,,,4274,4274,8017,51445,4274,51445,40776,51445,4438,75539,4438,75539,4438,75539,40776,8017,51445,,,51445,20659,997,2636,51445,130487,8017,130487,8017,997,51445,1555,201,,997,997,51445,51445,51445,465,201,4314,2636,8017,130487,8017,51445,75539,4438,9385,8017,51445,09/19/2026 6:10:48 PM,4.768994,76,39.74162,09/19/2026 6:03:19 PM,256530,P_78_ROADRUNNER_R2,0.249977,09/19/2026 6:03:19 PM,AME417,16,256528,AME417_PM1,P_78_ROADRUNNER_R2,09/19/2026 6:03:19 PM,5,4.768994,76,39.74162,09/19/2026 6:03:19 PM,8PR8CVAB,FL78.6H0QE_SNIP_B0204_E180046,SNV440,8PR8CBMT60NA1,,,,,,,,,,,,,,,,,,,,,,,,,,,,,,,,,,,,,,,,,,,,,,,,,,,,,,,,,,,,,,,,
D622945,190,HQ3SF190JKE4,,,,,,,,,,,,,,,,,D6229450,PR8B,09/19/2026 6:59:38 PM,BPD458,8M6CL,8M6CL,09/20/2026 8:19:47 AM,8M6CL,D1D,2,8699690,1.386364,0,0.768423,1.695777,0,0,0,0,0,0,0,1.760358,0,0.48882,0,6.099741,AME417,3,256528,AME417_PM1,P_78_ROADRUNNER_R2,09/19/2026 5:54:12 PM,2,256402,0.833333,1,1,1,1,1,1,1,1,1,1,0,0,0,0,0,0,0,0,0,0,0,0,0,0,0,,,299810,62830,62830,62830,62830,,299834,299834,299810,,,,,,,,45,,,,,,,4274,4274,8017,51445,4274,51445,40776,51445,4438,75539,4438,75539,4438,75539,40776,8017,51445,,,51445,20659,997,2636,51445,130487,8017,130487,8017,997,51445,1555,201,,997,997,51445,51445,51445,465,201,4314,2636,8017,130487,8017,51445,75539,4438,9385,8017,51445,09/19/2026 6:10:48 PM,4.768994,76,39.74162,09/19/2026 5:54:12 PM,256530,P_78_ROADRUNNER_R2,0.249977,09/19/2026 5:54:12 PM,AME417,3,256528,AME417_PM1,P_78_ROADRUNNER_R2,09/19/2026 5:54:12 PM,2,4.768994,76,39.74162,09/19/2026 5:54:12 PM,8PR8CVAB,FL78.6H0QE_SNIP_B0204_E180046,SNV440,8PR8CBMT60NA1,,,,,,,,,,,,,,,,,,,,,,,,,,,,,,,,,,,,,,,,,,,,,,,,,,,,,,,,,,,,,,,,
D621522,60,A2GYQ060SLG2,,,,,,,,,,,,,,,,,D6215220,PNCB,09/15/2026 4:27:09 AM,BPD448,8M6CL,8M6CL,09/15/2026 8:35:21 AM,8M6CL,D1D,1,8633516,0,0,0,0,0,0,0,0,0,1.016587,0,0,1.686647,0,0,2.703234,AME425,5,256528,AME425_PM4,P_78_ROADRUNNER_R2,09/15/2026 2:39:02 AM,5,231023,,1,1,,,,,,,,,,,,,,1,1,1,1,1,0,0,0,0,0,,,232577,232577,232565,232577,232565,,232590,232577,232577,,,,,,1,1,50,,,,,,,1016,1016,2660,39298,2927,39298,39021,39298,2660,41135,2660,41135,2660,41135,39021,2660,39298,,,39298,2880,162,2660,39298,41135,2660,41135,2660,528,39298,2880,162,,162,2660,39298,39298,39298,75,528,9769,2660,2660,41135,2660,39298,41135,2660,5177,2660,39298,09/15/2026 3:41:27 AM,1.757029,25,14.64191,09/15/2026 2:39:02 AM,216736,P_78_GOBI_R6,6.133285,09/15/2026 2:39:02 AM,AME425,5,256528,AME425_PM4,P_78_ROADRUNNER_R2,09/15/2026 2:39:02 AM,5,1.757029,25,14.64191,09/15/2026 2:39:02 AM,8PONCVBB,FL78.3FGTC_SNIP_B0204_E180046,SNY512,8PXSCBMT61NA1,,,,,,,,,,,,,,,,,,,,,,,09/15/2026 3:41:05 AM,.,D,Y,Y,M,.,.,RA3!DLP2503308_1_SWIC_20260914_13230400_0!1,Recipe:AM;CHAMBER_RECIPE_ENTITYLIST_1:PM,mbarua,09/14/2026 1:21:20 PM,AME425_PM4 NGCOL,mbarua,09/14/2026 1:23:49 PM,ok,autosif,09/15/2026 2:21:56 AM,autosif,09/15/2026 3:41:05 AM,Recipe=AM;CHAMBER_RECIPE_ENTITYLIST_1=PM4;POR;AME425(optional);CHAMBER_RECIPE_ENTITYLIST_2=(optional);CHAMBER_RECIPE_ENTITYLIST_3=(optional);CHAMBER_RECIPE_ENTITYLIST_4=(optional);CHAMBER_RECIPE_ENTITYLIST_5=(optional);CHAMBER_RECIPE_ENTITYLIST_6=(optional);SIF_STEPTIME=(optional);SIF_OE_PCT=(optional);SIF_CYCLES=(optional);SIF_APC=AM;,09/15/2026 4:56:28 AM,.,D,Y,Y,M,.,.,RA3!DLP2503308_1_SWIC_20260914_13230400_1!1,Recipe:AM;LAYERID:8M6CL;LOWEST_N_WAFERS:,mbarua,09/14/2026 1:21:47 PM,AME425_PM4 NGCOL,sys_rf3pmes1,09/14/2026 1:50:19 PM,SIF is approved by AutoSIFDispo.,autosif,09/15/2026 4:26:50 AM,autosif,09/15/2026 4:56:28 AM,Recipe=AM;LAYERID=8M6CL;LOWEST_N_WAFERS=4(optional);WAFER_LIST=(optional);KLARITY_STEPID=(optional);
D621522,68,A2GYQ068SLD3,,,,,,,,,,,,,,,,,D6215220,PNCB,09/15/2026 4:27:09 AM,BPD448,8M6CL,8M6CL,09/15/2026 8:39:44 AM,8M6CL,D1D,2,8633546,0,0,0.110503,0,0,0,0,0,0,0,0,2.248001,0,0.551602,0.524244,3.43435,AME425,22,256528,AME425_PM4,P_78_ROADRUNNER_R2,09/15/2026 3:31:04 AM,22,231023,,1,1,,,,,,,,,,,,,,1,1,1,1,1,0,0,0,0,0,,,232577,232577,232565,232577,232565,,232590,232577,232577,,,,,,1,1,50,,,,,,,1016,1016,2660,39298,2927,39298,39021,39298,2660,41135,2660,41135,2660,41135,39021,2660,39298,,,39298,2880,162,2660,39298,41135,2660,41135,2660,528,39298,2880,162,,162,2660,39298,39298,39298,75,528,9769,2660,2660,41135,2660,39298,41135,2660,5177,2660,39298,09/15/2026 3:41:27 AM,1.757029,25,14.64191,09/15/2026 3:31:04 AM,216736,P_78_GOBI_R6,6.133285,09/15/2026 3:31:04 AM,AME425,22,256528,AME425_PM4,P_78_ROADRUNNER_R2,09/15/2026 3:31:04 AM,22,1.757029,25,14.64191,09/15/2026 3:31:04 AM,8PONCVBB,FL78.3FGTC_SNIP_B0204_E180046,SNY512,8PXSCBMT61NA1,,,,,,,,,,,,,,,,,,,,,,,09/15/2026 3:41:05 AM,.,D,Y,Y,M,.,.,RA3!DLP2503308_1_SWIC_20260914_13230400_0!1,Recipe:AM;CHAMBER_RECIPE_ENTITYLIST_1:PM,mbarua,09/14/2026 1:21:20 PM,AME425_PM4 NGCOL,mbarua,09/14/2026 1:23:49 PM,ok,autosif,09/15/2026 2:21:56 AM,autosif,09/15/2026 3:41:05 AM,Recipe=AM;CHAMBER_RECIPE_ENTITYLIST_1=PM4;POR;AME425(optional);CHAMBER_RECIPE_ENTITYLIST_2=(optional);CHAMBER_RECIPE_ENTITYLIST_3=(optional);CHAMBER_RECIPE_ENTITYLIST_4=(optional);CHAMBER_RECIPE_ENTITYLIST_5=(optional);CHAMBER_RECIPE_ENTITYLIST_6=(optional);SIF_STEPTIME=(optional);SIF_OE_PCT=(optional);SIF_CYCLES=(optional);SIF_APC=AM;,09/15/2026 4:56:28 AM,.,D,Y,Y,M,.,.,RA3!DLP2503308_1_SWIC_20260914_13230400_1!1,Recipe:AM;LAYERID:8M6CL;LOWEST_N_WAFERS:,mbarua,09/14/2026 1:21:47 PM,AME425_PM4 NGCOL,sys_rf3pmes1,09/14/2026 1:50:19 PM,SIF is approved by AutoSIFDispo.,autosif,09/15/2026 4:26:50 AM,autosif,09/15/2026 4:56:28 AM,Recipe=AM;LAYERID=8M6CL;LOWEST_N_WAFERS=4(optional);WAFER_LIST=(optional);KLARITY_STEPID=(optional);
D621522,82,A2HHJ082SLB4,,,,,,,,,,,,,,,,,D6215220,PNCB,09/15/2026 4:27:09 AM,BPD448,8M6CL,8M6CL,09/15/2026 8:35:21 AM,8M6CL,D1D,3,8633495,0,0,0.246011,0,1.355071,0,0,0,0,0,0,1.846086,0,0.656945,0,4.104113,AME425,6,256528,AME425_PM4,P_78_ROADRUNNER_R2,09/15/2026 2:42:09 AM,6,231023,,1,1,,,,,,,,,,,,,,1,1,1,1,1,0,0,0,0,0,,,232577,232577,232565,232577,232565,,232590,232577,232577,,,,,,1,1,50,,,,,,,1016,1016,2660,39298,2927,39298,39021,39298,2660,41135,2660,41135,2660,41135,39021,2660,39298,,,39298,2880,162,2660,39298,41135,2660,41135,2660,528,39298,2880,162,,162,2660,39298,39298,39298,75,528,9769,2660,2660,41135,2660,39298,41135,2660,5177,2660,39298,09/15/2026 3:41:27 AM,1.757029,25,14.64191,09/15/2026 2:42:09 AM,216736,P_78_GOBI_R6,6.133285,09/15/2026 2:42:09 AM,AME425,6,256528,AME425_PM4,P_78_ROADRUNNER_R2,09/15/2026 2:42:09 AM,6,1.757029,25,14.64191,09/15/2026 2:42:09 AM,8PONCVBB,FL78.3FGTC_SNIP_B0204_E180046,SNY512,8PXSCBMT61NA1,,,,,,,,,,,,,,,,,,,,,,,09/15/2026 3:41:05 AM,.,D,Y,Y,M,.,.,RA3!DLP2503308_1_SWIC_20260914_13230400_0!1,Recipe:AM;CHAMBER_RECIPE_ENTITYLIST_1:PM,mbarua,09/14/2026 1:21:20 PM,AME425_PM4 NGCOL,mbarua,09/14/2026 1:23:49 PM,ok,autosif,09/15/2026 2:21:56 AM,autosif,09/15/2026 3:41:05 AM,Recipe=AM;CHAMBER_RECIPE_ENTITYLIST_1=PM4;POR;AME425(optional);CHAMBER_RECIPE_ENTITYLIST_2=(optional);CHAMBER_RECIPE_ENTITYLIST_3=(optional);CHAMBER_RECIPE_ENTITYLIST_4=(optional);CHAMBER_RECIPE_ENTITYLIST_5=(optional);CHAMBER_RECIPE_ENTITYLIST_6=(optional);SIF_STEPTIME=(optional);SIF_OE_PCT=(optional);SIF_CYCLES=(optional);SIF_APC=AM;,09/15/2026 4:56:28 AM,.,D,Y,Y,M,.,.,RA3!DLP2503308_1_SWIC_20260914_13230400_1!1,Recipe:AM;LAYERID:8M6CL;LOWEST_N_WAFERS:,mbarua,09/14/2026 1:21:47 PM,AME425_PM4 NGCOL,sys_rf3pmes1,09/14/2026 1:50:19 PM,SIF is approved by AutoSIFDispo.,autosif,09/15/2026 4:26:50 AM,autosif,09/15/2026 4:56:28 AM,Recipe=AM;LAYERID=8M6CL;LOWEST_N_WAFERS=4(optional);WAFER_LIST=(optional);KLARITY_STEPID=(optional);
D621522,88,A2HHJ088SLE7,,,,,,,,,,,,,,,,,D6215220,PNCB,09/15/2026 4:27:09 AM,BPD448,8M6CL,8M6CL,09/15/2026 8:35:13 AM,8M6CL,D1D,4,8633458,0,0,0.215142,0,0,0,0,0,0,0,0,1.41011,0,1.722765,0,3.348017,AME425,16,256528,AME425_PM4,P_78_ROADRUNNER_R2,09/15/2026 3:13:07 AM,16,231023,,1,1,,,,,,,,,,,,,,1,1,1,1,1,0,0,0,0,0,,,232577,232577,232565,232577,232565,,232590,232577,232577,,,,,,1,1,50,,,,,,,1016,1016,2660,39298,2927,39298,39021,39298,2660,41135,2660,41135,2660,41135,39021,2660,39298,,,39298,2880,162,2660,39298,41135,2660,41135,2660,528,39298,2880,162,,162,2660,39298,39298,39298,75,528,9769,2660,2660,41135,2660,39298,41135,2660,5177,2660,39298,09/15/2026 3:41:27 AM,1.757029,25,14.64191,09/15/2026 3:13:07 AM,216736,P_78_GOBI_R6,6.133285,09/15/2026 3:13:07 AM,AME425,16,256528,AME425_PM4,P_78_ROADRUNNER_R2,09/15/2026 3:13:07 AM,16,1.757029,25,14.64191,09/15/2026 3:13:07 AM,8PONCVBB,FL78.3FGTC_SNIP_B0204_E180046,SNY512,8PXSCBMT61NA1,,,,,,,,,,,,,,,,,,,,,,,09/15/2026 3:41:05 AM,.,D,Y,Y,M,.,.,RA3!DLP2503308_1_SWIC_20260914_13230400_0!1,Recipe:AM;CHAMBER_RECIPE_ENTITYLIST_1:PM,mbarua,09/14/2026 1:21:20 PM,AME425_PM4 NGCOL,mbarua,09/14/2026 1:23:49 PM,ok,autosif,09/15/2026 2:21:56 AM,autosif,09/15/2026 3:41:05 AM,Recipe=AM;CHAMBER_RECIPE_ENTITYLIST_1=PM4;POR;AME425(optional);CHAMBER_RECIPE_ENTITYLIST_2=(optional);CHAMBER_RECIPE_ENTITYLIST_3=(optional);CHAMBER_RECIPE_ENTITYLIST_4=(optional);CHAMBER_RECIPE_ENTITYLIST_5=(optional);CHAMBER_RECIPE_ENTITYLIST_6=(optional);SIF_STEPTIME=(optional);SIF_OE_PCT=(optional);SIF_CYCLES=(optional);SIF_APC=AM;,09/15/2026 4:56:28 AM,.,D,Y,Y,M,.,.,RA3!DLP2503308_1_SWIC_20260914_13230400_1!1,Recipe:AM;LAYERID:8M6CL;LOWEST_N_WAFERS:,mbarua,09/14/2026 1:21:47 PM,AME425_PM4 NGCOL,sys_rf3pmes1,09/14/2026 1:50:19 PM,SIF is approved by AutoSIFDispo.,autosif,09/15/2026 4:26:50 AM,autosif,09/15/2026 4:56:28 AM,Recipe=AM;LAYERID=8M6CL;LOWEST_N_WAFERS=4(optional);WAFER_LIST=(optional);KLARITY_STEPID=(optional);
D622598,23,A2MEK023SLB5,,,,,,,,,,,,,,,,,D6225980,PR8B,09/15/2026 3:11:13 AM,BPD454,8M6CL,8M6CL,09/15/2026 8:39:42 AM,8M6CL,D1D,1,8666490,0,0,0.132018,4.257629,0,1.980264,0,0,0,0,0,8.171682,1.290972,0.393452,0.357248,14.6899,AME423,5,256528,AME423_PM2,P_78_ROADRUNNER_R2,09/15/2026 1:37:34 AM,5,252624,1,1,1,1,1,1,1,1,1,1,1,1,1,,,,,1,1,1,1,1,1,0,0,0,0,0,288395,288395,288384,288395,288384,0,288390,288390,288390,,,,,,1,1,49,,,,,0,,1699,1699,5842,42356,4225,42356,34196,42356,5842,96272,5842,96272,5842,96272,34196,5842,42356,,,42356,4265,194,4040,42356,96272,5842,96272,5842,194,42356,4265,194,,194,194,42356,42356,42356,748,194,4265,5842,5842,96272,5842,42356,96272,5842,6917,5842,42356,09/15/2026 2:40:12 AM,2.145465,36,17.87888,09/15/2026 1:37:34 AM,256528,P_78_ROADRUNNER_R2,0.031054,09/15/2026 1:37:34 AM,AME423,5,256528,AME423_PM2,P_78_ROADRUNNER_R2,09/15/2026 1:37:34 AM,5,2.145465,36,17.87888,09/15/2026 1:37:34 AM,8PR8CVAB,FL78.6H0QE_SNIP_B0204_E180046,SNY512,8PR8CBMT60NA1,,,,,,,,,,,,,,,,,,,,,,,09/15/2026 2:40:00 AM,.,D,Y,Y,M,.,.,RA3!DLP2509557_1_SWIC_20260914_13275375_0!1,Recipe:AM;CHAMBER_RECIPE_ENTITYLIST_1:PM,mbarua,09/14/2026 1:25:28 PM,AME423_PM2 post PM GCOL,mbarua,09/14/2026 1:28:33 PM,ok,autosif,09/15/2026 1:19:07 AM,autosif,09/15/2026 2:39:59 AM,Recipe=AM;CHAMBER_RECIPE_ENTITYLIST_1=PM2;POR;AME423(optional);CHAMBER_RECIPE_ENTITYLIST_2=(optional);CHAMBER_RECIPE_ENTITYLIST_3=(optional);CHAMBER_RECIPE_ENTITYLIST_4=(optional);CHAMBER_RECIPE_ENTITYLIST_5=(optional);CHAMBER_RECIPE_ENTITYLIST_6=(optional);SIF_STEPTIME=(optional);SIF_OE_PCT=(optional);SIF_CYCLES=(optional);SIF_APC=AM;,09/15/2026 3:48:40 AM,.,D,Y,Y,M,.,.,RA3!DLP2509557_1_SWIC_20260914_13275375_1!1,Recipe:AM;LAYERID:8M6CL;LOWEST_N_WAFERS:,mbarua,09/14/2026 1:25:50 PM,AME423_PM2 NGCOL,sys_rf3pmes1,09/14/2026 1:51:11 PM,SIF is approved by AutoSIFDispo.,autosif,09/15/2026 3:01:37 AM,autosif,09/15/2026 3:48:39 AM,Recipe=AM;LAYERID=8M6CL;LOWEST_N_WAFERS=4(optional);WAFER_LIST=(optional);KLARITY_STEPID=(optional);
D622598,25,A2MEK025SLC6,,,,,,,,,,,,,,,,,D6225980,PR8B,09/15/2026 3:11:13 AM,BPD454,8M6CL,8M6CL,09/15/2026 8:39:50 AM,8M6CL,D1D,2,8666489,0,0,0.101842,1.48918,0,0,0,0,0,0,0,8.408661,1.490706,1.537505,1.554955,13.98303,AME423,22,256528,AME423_PM2,P_78_ROADRUNNER_R2,09/15/2026 2:29:29 AM,22,252624,1,1,1,1,1,1,1,1,1,1,1,1,1,,,,,1,1,1,1,1,1,0,0,0,0,0,288395,288395,288384,288395,288384,0,288390,288390,288390,,,,,,1,1,49,,,,,0,,1699,1699,5842,42356,4225,42356,34196,42356,5842,96272,5842,96272,5842,96272,34196,5842,42356,,,42356,4265,194,4040,42356,96272,5842,96272,5842,194,42356,4265,194,,194,194,42356,42356,42356,748,194,4265,5842,5842,96272,5842,42356,96272,5842,6917,5842,42356,09/15/2026 2:40:12 AM,2.145465,36,17.87888,09/15/2026 2:29:29 AM,256528,P_78_ROADRUNNER_R2,0.031054,09/15/2026 2:29:29 AM,AME423,22,256528,AME423_PM2,P_78_ROADRUNNER_R2,09/15/2026 2:29:29 AM,22,2.145465,36,17.87888,09/15/2026 2:29:29 AM,8PR8CVAB,FL78.6H0QE_SNIP_B0204_E180046,SNY512,8PR8CBMT60NA1,,,,,,,,,,,,,,,,,,,,,,,09/15/2026 2:40:00 AM,.,D,Y,Y,M,.,.,RA3!DLP2509557_1_SWIC_20260914_13275375_0!1,Recipe:AM;CHAMBER_RECIPE_ENTITYLIST_1:PM,mbarua,09/14/2026 1:25:28 PM,AME423_PM2 post PM GCOL,mbarua,09/14/2026 1:28:33 PM,ok,autosif,09/15/2026 1:19:07 AM,autosif,09/15/2026 2:39:59 AM,Recipe=AM;CHAMBER_RECIPE_ENTITYLIST_1=PM2;POR;AME423(optional);CHAMBER_RECIPE_ENTITYLIST_2=(optional);CHAMBER_RECIPE_ENTITYLIST_3=(optional);CHAMBER_RECIPE_ENTITYLIST_4=(optional);CHAMBER_RECIPE_ENTITYLIST_5=(optional);CHAMBER_RECIPE_ENTITYLIST_6=(optional);SIF_STEPTIME=(optional);SIF_OE_PCT=(optional);SIF_CYCLES=(optional);SIF_APC=AM;,09/15/2026 3:48:40 AM,.,D,Y,Y,M,.,.,RA3!DLP2509557_1_SWIC_20260914_13275375_1!1,Recipe:AM;LAYERID:8M6CL;LOWEST_N_WAFERS:,mbarua,09/14/2026 1:25:50 PM,AME423_PM2 NGCOL,sys_rf3pmes1,09/14/2026 1:51:11 PM,SIF is approved by AutoSIFDispo.,autosif,09/15/2026 3:01:37 AM,autosif,09/15/2026 3:48:39 AM,Recipe=AM;LAYERID=8M6CL;LOWEST_N_WAFERS=4(optional);WAFER_LIST=(optional);KLARITY_STEPID=(optional);
D622598,53,A2LKJ053SLB3,,,,,,,,,,,,,,,,,D6225980,PR8B,09/15/2026 3:11:13 AM,BPD454,8M6CL,8M6CL,09/15/2026 8:35:15 AM,8M6CL,D1D,3,8666509,0,0,0.58632,2.635627,1.899831,0,0,0,0,0,0,5.386801,5.988083,0,0.656281,17.15295,AME423,2,256528,AME423_PM2,P_78_ROADRUNNER_R2,09/15/2026 1:28:40 AM,2,252624,1,1,1,1,1,1,1,1,1,1,1,1,1,,,,,1,1,1,1,1,1,0,0,0,0,0,288395,288395,288384,288395,288384,0,288390,288390,288390,,,,,,1,1,49,,,,,0,,1699,1699,5842,42356,4225,42356,34196,42356,5842,96272,5842,96272,5842,96272,34196,5842,42356,,,42356,4265,194,4040,42356,96272,5842,96272,5842,194,42356,4265,194,,194,194,42356,42356,42356,748,194,4265,5842,5842,96272,5842,42356,96272,5842,6917,5842,42356,09/15/2026 2:40:12 AM,2.145465,36,17.87888,09/15/2026 1:28:40 AM,256528,P_78_ROADRUNNER_R2,0.031054,09/15/2026 1:28:40 AM,AME423,2,256528,AME423_PM2,P_78_ROADRUNNER_R2,09/15/2026 1:28:40 AM,2,2.145465,36,17.87888,09/15/2026 1:28:40 AM,8PR8CVAB,FL78.6H0QE_SNIP_B0204_E180046,SNY512,8PR8CBMT60NA1,,,,,,,,,,,,,,,,,,,,,,,09/15/2026 2:40:00 AM,.,D,Y,Y,M,.,.,RA3!DLP2509557_1_SWIC_20260914_13275375_0!1,Recipe:AM;CHAMBER_RECIPE_ENTITYLIST_1:PM,mbarua,09/14/2026 1:25:28 PM,AME423_PM2 post PM GCOL,mbarua,09/14/2026 1:28:33 PM,ok,autosif,09/15/2026 1:19:07 AM,autosif,09/15/2026 2:39:59 AM,Recipe=AM;CHAMBER_RECIPE_ENTITYLIST_1=PM2;POR;AME423(optional);CHAMBER_RECIPE_ENTITYLIST_2=(optional);CHAMBER_RECIPE_ENTITYLIST_3=(optional);CHAMBER_RECIPE_ENTITYLIST_4=(optional);CHAMBER_RECIPE_ENTITYLIST_5=(optional);CHAMBER_RECIPE_ENTITYLIST_6=(optional);SIF_STEPTIME=(optional);SIF_OE_PCT=(optional);SIF_CYCLES=(optional);SIF_APC=AM;,09/15/2026 3:48:40 AM,.,D,Y,Y,M,.,.,RA3!DLP2509557_1_SWIC_20260914_13275375_1!1,Recipe:AM;LAYERID:8M6CL;LOWEST_N_WAFERS:,mbarua,09/14/2026 1:25:50 PM,AME423_PM2 NGCOL,sys_rf3pmes1,09/14/2026 1:51:11 PM,SIF is approved by AutoSIFDispo.,autosif,09/15/2026 3:01:37 AM,autosif,09/15/2026 3:48:39 AM,Recipe=AM;LAYERID=8M6CL;LOWEST_N_WAFERS=4(optional);WAFER_LIST=(optional);KLARITY_STEPID=(optional);
D622598,55,A2LKJ055SLC4,,,,,,,,,,,,,,,,,D6225980,PR8B,09/15/2026 3:11:13 AM,BPD454,8M6CL,8M6CL,09/15/2026 8:35:10 AM,8M6CL,D1D,4,8666479,0.526764,0,0.997691,1.33604,0,0,0,0,0,0,0,1.969812,7.893429,0.445347,0.461629,13.63071,AME423,3,256528,AME423_PM2,P_78_ROADRUNNER_R2,09/15/2026 1:31:37 AM,3,252624,1,1,1,1,1,1,1,1,1,1,1,1,1,,,,,1,1,1,1,1,1,0,0,0,0,0,288395,288395,288384,288395,288384,0,288390,288390,288390,,,,,,1,1,49,,,,,0,,1699,1699,5842,42356,4225,42356,34196,42356,5842,96272,5842,96272,5842,96272,34196,5842,42356,,,42356,4265,194,4040,42356,96272,5842,96272,5842,194,42356,4265,194,,194,194,42356,42356,42356,748,194,4265,5842,5842,96272,5842,42356,96272,5842,6917,5842,42356,09/15/2026 2:40:12 AM,2.145465,36,17.87888,09/15/2026 1:31:37 AM,256528,P_78_ROADRUNNER_R2,0.031054,09/15/2026 1:31:37 AM,AME423,3,256528,AME423_PM2,P_78_ROADRUNNER_R2,09/15/2026 1:31:37 AM,3,2.145465,36,17.87888,09/15/2026 1:31:37 AM,8PR8CVAB,FL78.6H0QE_SNIP_B0204_E180046,SNY512,8PR8CBMT60NA1,,,,,,,,,,,,,,,,,,,,,,,09/15/2026 2:40:00 AM,.,D,Y,Y,M,.,.,RA3!DLP2509557_1_SWIC_20260914_13275375_0!1,Recipe:AM;CHAMBER_RECIPE_ENTITYLIST_1:PM,mbarua,09/14/2026 1:25:28 PM,AME423_PM2 post PM GCOL,mbarua,09/14/2026 1:28:33 PM,ok,autosif,09/15/2026 1:19:07 AM,autosif,09/15/2026 2:39:59 AM,Recipe=AM;CHAMBER_RECIPE_ENTITYLIST_1=PM2;POR;AME423(optional);CHAMBER_RECIPE_ENTITYLIST_2=(optional);CHAMBER_RECIPE_ENTITYLIST_3=(optional);CHAMBER_RECIPE_ENTITYLIST_4=(optional);CHAMBER_RECIPE_ENTITYLIST_5=(optional);CHAMBER_RECIPE_ENTITYLIST_6=(optional);SIF_STEPTIME=(optional);SIF_OE_PCT=(optional);SIF_CYCLES=(optional);SIF_APC=AM;,09/15/2026 3:48:40 AM,.,D,Y,Y,M,.,.,RA3!DLP2509557_1_SWIC_20260914_13275375_1!1,Recipe:AM;LAYERID:8M6CL;LOWEST_N_WAFERS:,mbarua,09/14/2026 1:25:50 PM,AME423_PM2 NGCOL,sys_rf3pmes1,09/14/2026 1:51:11 PM,SIF is approved by AutoSIFDispo.,autosif,09/15/2026 3:01:37 AM,autosif,09/15/2026 3:48:39 AM,Recipe=AM;LAYERID=8M6CL;LOWEST_N_WAFERS=4(optional);WAFER_LIST=(optional);KLARITY_STEPID=(optional);
D620427,154,A2HE8154SLC0,,,,,,,,,,,,,,,,,D6204270,PNCB,09/18/2026 1:06:24 PM,BPD432,8M6CL,8M6CL,09/19/2026 8:38:34 AM,8M6CL,D1D,1,8598972,0.870377,0,0.656135,0,0,0,0,0,0,0,0,3.317654,0,0,0,4.844166,AME417,8,256528,AME417_PM4,P_78_ROADRUNNER_R2,09/18/2026 11:29:42 AM,4,255386,1,3,3,3,3,3,3,3,3,3,3,3,3,3,3,3,3,3,3,3,3,3,3,3,3,2,,,298794,61814,61814,61814,61814,,298818,298818,298794,,,,,,,1,24,,,,,,,3939,3940,4894,41357,3999,41357,38971,41357,4894,85269,4894,85269,4894,85269,38971,4894,41357,,,41357,20984,970,4894,41357,85269,4894,85269,4894,970,41357,4037,167,,970,4894,41357,41357,41357,215,167,4037,4894,4894,85269,4894,41357,85269,4894,6921,4894,41357,09/18/2026 11:59:24 AM,2.416816,42,20.14013,09/18/2026 11:29:42 AM,256532,P_78_ROADRUNNER_R2,2.380188,09/18/2026 11:29:42 AM,AME417,8,256528,AME417_PM4,P_78_ROADRUNNER_R2,09/18/2026 11:29:42 AM,4,2.416816,42,20.14013,09/18/2026 11:29:42 AM,8PONCVBB,FL78.3FGTC_SNIP_B0204_E180046,SNY512,8PXSCBMT61NA1,,,,,,,,,,,,,,,,,,,,,,,,,,,,,,,,,,,,,,,,,,,,,,,,,,,,,,,,,,,,,,,,
D620427,156,A2HE8156SLD1,,,,,,,,,,,,,,,,,D6204270,PNCB,09/18/2026 1:06:24 PM,BPD432,8M6CL,8M6CL,09/19/2026 8:38:42 AM,8M6CL,D1D,2,8598950,0,0,0.485787,0,0,0,0,0,0,0,0,0,1.371509,0,0.532113,2.389408,AME417,3,256528,AME417_PM3,P_78_ROADRUNNER_R2,09/18/2026 11:20:56 AM,2,255386,1,3,3,3,3,3,3,3,3,3,3,3,3,3,3,3,3,3,3,3,3,3,3,3,3,2,,,298794,61814,61814,61814,61814,,298818,298818,298794,0,,,,2,,,93,,,,,,,2583,2583,6503,54582,2583,54582,49651,54582,6503,115484,6503,115484,6503,115484,49651,6503,54582,,,54582,13790,635,2897,54582,115484,6503,115484,6503,635,54582,2607,107,,635,634,54582,54582,54582,682,107,2607,2897,6503,115484,6503,54582,115484,6503,7579,6503,54582,09/18/2026 11:59:24 AM,2.508797,44,20.90664,09/18/2026 11:20:56 AM,175972,M_30S_DESCUM_L100,1.827246,09/18/2026 11:20:56 AM,AME417,3,256528,AME417_PM3,P_78_ROADRUNNER_R2,09/18/2026 11:20:56 AM,2,2.508797,44,20.90664,09/18/2026 11:20:56 AM,8PONCVBB,FL78.3FGTC_SNIP_B0204_E180046,SNY512,8PXSCBMT61NA1,,,,,,,,,,,,,,,,,,,,,,,,,,,,,,,,,,,,,,,,,,,,,,,,,,,,,,,,,,,,,,,,
D623208,164,HQ3SF164JKA5,,,,,,,,,,,,,,,,,D6232080,PNCB,09/17/2026 10:05:14 PM,BPD446,8M6CL,8M6CL,09/18/2026 12:07:40 PM,8M6CL,D1D,1,8715761,4.959769,0,0.519318,1.451867,3.878318,0,0,0,0,0,0,26.52894,0,34.24581,5.030349,67.75113,AME409,5,256528,AME409_PM1,P_78_ROADRUNNER_R2,09/17/2026 8:49:24 PM,3,226969,0.833333,,,1,1,1,1,1,1,1,1,0,0,0,,,,,,,,,,,,,0,0,266902,266880,266850,266902,266873,0,266880,266880,266880,,1,1,1,1,,2,32,,,,,,,1077,1077,7976,52683,1632,52683,45837,52683,2515,46717,2515,46717,2515,46717,45837,7976,52683,,,52683,15487,713,4243,52683,133678,7976,133678,7976,713,52683,1647,83,,713,713,52682,52683,52683,376,83,1647,4243,7976,133678,7976,52683,133678,7976,11410,7976,52683,09/17/2026 9:26:30 PM,1.390748,22.45413,11.58956,09/17/2026 8:49:24 PM,259043,P_78_THAR_R5,0.450656,09/17/2026 8:49:24 PM,AME409,5,256528,AME409_PM1,P_78_ROADRUNNER_R2,09/17/2026 8:49:24 PM,3,1.390748,22.45413,11.58956,09/17/2026 8:49:24 PM,8PONCVBB,FL78.3FGTC_SNIP_B0204_E180046,SNY512,8PXSCBMT61NA4,,,,,,,,,,,,,,,,,,,,,,,,,,,,,,,,,,,,,,,,,,,,,,,,,,,,,,,,,,,,,,,,
D623208,165,HQ3SF165JKE7,,,,,,,,,,,,,,,,,D6232080,PNCB,09/17/2026 10:05:14 PM,BPD446,8M6CL,8M6CL,09/18/2026 8:52:41 AM,8M6CL,D1D,2,8715757,0,0,0.203116,0,0,0,0,0,0,0,0,0,0,0.594866,0,0.797983,AME409,10,256528,AME409_PM2,P_78_ROADRUNNER_R2,09/17/2026 8:56:40 PM,5,226969,0.833333,,,1,1,1,1,1,1,1,1,0,0,0,,,,,,,,,,,,,0,0,266902,266880,266850,266902,266873,0,266880,266880,266880,,1,1,1,1,,1,18,,,,,,,248,275,7450,46438,1070,46438,42929,46438,,61349,3615,61349,3615,61349,42929,7450,46438,,,46438,3179,180,5638,46438,118432,7450,118432,7450,180,46438,3179,180,,180,180,46438,46438,46438,269,180,3179,7450,7450,118432,7450,46438,61349,3615,11030,7450,46438,09/17/2026 9:26:30 PM,1.365138,21.40672,11.37615,09/17/2026 8:56:40 PM,259043,P_78_THAR_R5,0.450666,09/17/2026 8:56:40 PM,AME409,10,256528,AME409_PM2,P_78_ROADRUNNER_R2,09/17/2026 8:56:40 PM,5,1.365138,21.40672,11.37615,09/17/2026 8:56:40 PM,8PONCVBB,FL78.3FGTC_SNIP_B0204_E180046,SNY512,8PXSCBMT61NA4,,,,,,,,,,,,,,,,,,,,,,,,,,,,,,,,,,,,,,,,,,,,,,,,,,,,,,,,,,,,,,,,
D623208,166,HQ3SF166JKB6,,,,,,,,,,,,,,,,,D6232080,PNCB,09/17/2026 11:26:03 PM,BPD444,8M6CL,8M6CL,09/18/2026 9:38:02 AM,8M6CL,D1D,3,8715739,0,0,0.224193,0,0,0,0,0,0,0,0,1.778994,0,2.259634,0,4.26282,AME409,20,256528,AME409_PM2,P_78_ROADRUNNER_R2,09/17/2026 9:14:54 PM,10,226969,0.833333,,,1,1,1,1,1,1,1,1,0,0,0,,,,,,,,,,,,,0,0,266902,266880,266850,266902,266873,0,266880,266880,266880,,1,1,1,1,,1,18,,,,,,,248,275,7450,46438,1070,46438,42929,46438,,61349,3615,61349,3615,61349,42929,7450,46438,,,46438,3179,180,5638,46438,118432,7450,118432,7450,180,46438,3179,180,,180,180,46438,46438,46438,269,180,3179,7450,7450,118432,7450,46438,61349,3615,11030,7450,46438,09/17/2026 9:26:30 PM,1.365138,21.40672,11.37615,09/17/2026 9:14:54 PM,259043,P_78_THAR_R5,0.450666,09/17/2026 9:14:54 PM,AME409,20,256528,AME409_PM2,P_78_ROADRUNNER_R2,09/17/2026 9:14:54 PM,10,1.365138,21.40672,11.37615,09/17/2026 9:14:54 PM,8PONCVBB,FL78.3FGTC_SNIP_B0204_E180046,SNY512,8PXSCBMT61NA4,,,,,,,,,,,,,,,,,,,,,,,,,,,,,,,,,,,,,,,,,,,,,,,,,,,,,,,,,,,,,,,,
D623208,167,HQ3SF167JKG0,,,,,,,,,,,,,,,,,D6232080,PNCB,09/17/2026 11:26:03 PM,BPD444,8M6CL,8M6CL,09/18/2026 9:38:10 AM,8M6CL,D1D,4,8715775,0,0,0.724273,4.459765,0,0,0,0,0,0,0,5.953647,0,0.969479,2.198147,13.04447,AME409,16,256528,AME409_PM2,P_78_ROADRUNNER_R2,09/17/2026 9:07:37 PM,8,226969,0.833333,,,1,1,1,1,1,1,1,1,0,0,0,,,,,,,,,,,,,0,0,266902,266880,266850,266902,266873,0,266880,266880,266880,,1,1,1,1,,1,18,,,,,,,248,275,7450,46438,1070,46438,42929,46438,,61349,3615,61349,3615,61349,42929,7450,46438,,,46438,3179,180,5638,46438,118432,7450,118432,7450,180,46438,3179,180,,180,180,46438,46438,46438,269,180,3179,7450,7450,118432,7450,46438,61349,3615,11030,7450,46438,09/17/2026 9:26:30 PM,1.365138,21.40672,11.37615,09/17/2026 9:07:37 PM,259043,P_78_THAR_R5,0.450666,09/17/2026 9:07:37 PM,AME409,16,256528,AME409_PM2,P_78_ROADRUNNER_R2,09/17/2026 9:07:37 PM,8,1.365138,21.40672,11.37615,09/17/2026 9:07:37 PM,8PONCVBB,FL78.3FGTC_SNIP_B0204_E180046,SNY512,8PXSCBMT61NA4,,,,,,,,,,,,,,,,,,,,,,,,,,,,,,,,,,,,,,,,,,,,,,,,,,,,,,,,,,,,,,,,
D623208,176,HQ3SF176JKG2,,,,,,,,,,,,,,,,,D6232080,PNCB,09/17/2026 11:26:03 PM,BPD444,8M6CL,8M6CL,09/18/2026 9:37:57 AM,8M6CL,D1D,5,8715746,0,0,0,0,0,0,0,0,0,0.826645,0,5.093356,1.55441,3.700202,0,10.88744,AME409,9,256528,AME409_PM1,P_78_ROADRUNNER_R2,09/17/2026 8:56:40 PM,5,226969,0.833333,,,1,1,1,1,1,1,1,1,0,0,0,,,,,,,,,,,,,0,0,266902,266880,266850,266902,266873,0,266880,266880,266880,,1,1,1,1,,2,32,,,,,,,1077,1077,7976,52683,1632,52683,45837,52683,2515,46717,2515,46717,2515,46717,45837,7976,52683,,,52683,15487,713,4243,52683,133678,7976,133678,7976,713,52683,1647,83,,713,713,52682,52683,52683,376,83,1647,4243,7976,133678,7976,52683,133678,7976,11410,7976,52683,09/17/2026 9:26:30 PM,1.390748,22.45413,11.58956,09/17/2026 8:56:40 PM,259043,P_78_THAR_R5,0.450656,09/17/2026 8:56:40 PM,AME409,9,256528,AME409_PM1,P_78_ROADRUNNER_R2,09/17/2026 8:56:40 PM,5,1.390748,22.45413,11.58956,09/17/2026 8:56:40 PM,8PONCVBB,FL78.3FGTC_SNIP_B0204_E180046,SNY512,8PXSCBMT61NA4,,,,,,,,,,,,,,,,,,,,,,,,,,,,,,,,,,,,,,,,,,,,,,,,,,,,,,,,,,,,,,,,
D619300,694,5DXWZ694MVG0,,,,,,,,,,,,,,,,,D6193000,PNCB,09/18/2026 6:32:26 AM,BPD450,8M6CL,8M6CL,09/18/2026 9:37:51 AM,8M6CL,D1D,1,8555668,0.480797,0,1.998922,0,0,0,0,0,0,0,0,3.799672,1.522606,0.230725,0.590735,8.623457,AME423,17,256528,AME423_PM3,P_78_ROADRUNNER_R2,09/18/2026 5:48:36 AM,10,255033,0.833333,2,2,2,2,,,,,,,,,2,2,2,2,2,2,2,1,1,1,1,1,1,,,290804,290804,290793,290804,290793,,290799,290799,290799,0,,,,0,,,69,,,,,,,563,563,6829,71321,11312,71321,60889,71321,3223,68194,3223,68194,3223,68194,60889,3223,71321,,,71321,30933,1422,5026,71321,132246,6829,132246,6829,1422,71321,11419,510,,1422,1422,71321,71321,71321,562,510,11419,6829,6829,132246,6829,71321,68194,3223,10367,6829,71321,09/18/2026 5:59:13 AM,4.484333,75,37.36944,09/18/2026 5:48:36 AM,216737,P_78_GOBI_R6,0.033253,09/18/2026 5:48:36 AM,AME423,17,256528,AME423_PM3,P_78_ROADRUNNER_R2,09/18/2026 5:48:36 AM,10,4.484333,75,37.36944,09/18/2026 5:48:36 AM,8PONCVBB,FL78.3FGTC_SNIP_B0204_E180046,SNY512,8PXSCBMT61NA1,,,,,,,,,,,,,,,,,,,,,,,,,,,,,,,,,,,,,,,,,,,,,,,,,,,,,,,,,,,,,,,,
D619300,698,5DXWZ698MVA7,,,,,,,,,,,,,,,,,D6193000,PNCB,09/18/2026 6:32:26 AM,BPD450,8M6CL,8M6CL,09/18/2026 9:37:57 AM,8M6CL,D1D,2,8555642,0,0,1.071868,0,1.522243,0,0,0,0,0,0,3.372345,0,0.532268,0,6.243653,AME423,10,256528,AME423_PM4,P_78_ROADRUNNER_R2,09/18/2026 5:36:26 AM,1,255033,0.833333,2,2,2,2,,,,,,,,,2,2,2,2,2,2,2,1,1,1,1,1,1,,,290804,290804,290793,290804,290793,,290799,290799,290799,0,,0,,,1,1,8,,,,,,,1827,1826,5134,54335,10004,54335,52237,54335,884,18596,5134,93468,5134,93468,52237,5134,54335,,,54335,18596,884,5134,54335,93468,5134,93468,5134,455,54335,10100,455,,455,884,54335,54335,54335,857,455,10100,5134,5134,93468,5134,54335,93468,5134,9189,5134,54335,09/18/2026 5:59:13 AM,4.423348,75,36.86123,09/18/2026 5:36:26 AM,216737,P_78_GOBI_R6,0.353012,09/18/2026 5:36:26 AM,AME423,10,256528,AME423_PM4,P_78_ROADRUNNER_R2,09/18/2026 5:36:26 AM,1,4.423348,75,36.86123,09/18/2026 5:36:26 AM,8PONCVBB,FL78.3FGTC_SNIP_B0204_E180046,SNY512,8PXSCBMT61NA1,,,,,,,,,,,,,,,,,,,,,,,,,,,,,,,,,,,,,,,,,,,,,,,,,,,,,,,,,,,,,,,,
D626512,34,A2GUA034SLG4,,,,,,,,,,,,,,,,,D6265120,PR8B,09/18/2026 8:25:51 AM,BPD432,8M6CL,8M6CL,09/18/2026 9:53:59 AM,8M6CL,D1D,1,8824212,1.170781,1.040527,0.111769,0,0,0,0,0,0,0,0,4.417671,2.774451,1.851282,0,11.36648,AME411,5,256528,AME411_PM1,P_78_ROADRUNNER_R2,09/18/2026 6:35:57 AM,5,192130,1,2,2,,,,,,,2,2,2,2,2,2,2,2,2,1,1,1,1,1,1,1,1,,,240095,22001,22001,22001,22001,,240120,240120,240095,,,,,,,1,38,,,,,,0,597,640,6937,52638,640,52638,45033,52638,712,15162,712,15162,6937,115398,45033,6937,52638,,,52638,15162,712,6937,52638,115398,6937,115398,6937,712,52638,15162,712,,712,3080,52638,52638,52638,582,712,15162,6937,6937,115398,6937,52638,115398,6937,8850,6937,52638,09/18/2026 7:40:58 AM,4.1585,76,34.65416,09/18/2026 6:35:57 AM,256529,P_78_ROADRUNNER_R2,0.568594,09/18/2026 6:35:57 AM,AME411,5,256528,AME411_PM1,P_78_ROADRUNNER_R2,09/18/2026 6:35:57 AM,5,4.1585,76,34.65416,09/18/2026 6:35:57 AM,8PR8CVAB,FL78.6H0QE_SNIP_B0204_E180046,SNY510,8PR8CBMT60NA1,09/18/2026 5:49:09 AM,.,D,Y,Y,M,.,.,RA3!DLP2535745SWIC_20260827_11485026_1!1,Recipe:AM;SIF_TYPE:FLOW;SIF_VERSION:2;SI,oogunlal,08/27/2026 11:48:50 AM,XPR5 on N58N Filter for Minis Improvement. Run on SNY510,theiders,08/27/2026 4:57:27 PM,TSH,autosif,09/18/2026 5:11:52 AM,autosif,09/18/2026 5:49:09 AM,theiders,Recipe=AM;SIF_TYPE=FLOW;SIF_VERSION=2;SIF_GATE_CTRL=FALSE;SIF_RETICLE=(optional);LCA_Flag=(optional);,09/18/2026 7:40:34 AM,.,D,Y,Y,M,.,.,RA3!DLP2535745SWIC_20260827_11084223_1!1,Recipe:AM;PILOT_NAME:SRCIP;,kruthisr,08/27/2026 11:08:42 AM,,matthewh,08/27/2026 11:08:42 AM,for SRCIP Defect Project,autosif,09/18/2026 6:19:07 AM,autosif,09/18/2026 7:40:34 AM,Recipe=AM;PILOT_NAME=SRCIP;,,,,,,,,,,,,,,,,,,,,,
D626512,37,A2GUA037SLE4,,,,,,,,,,,,,,,,,D6265120,PR8B,09/18/2026 8:25:51 AM,BPD432,8M6CL,8M6CL,09/18/2026 9:54:03 AM,8M6CL,D1D,2,8824157,0,0,0,0,0,0,0,0,0,2.950041,0,6.59408,0,1.547512,0.37565,11.46728,AME411,10,256528,AME411_PM1,P_78_ROADRUNNER_R2,09/18/2026 6:53:29 AM,10,192130,1,2,2,,,,,,,2,2,2,2,2,2,2,2,2,1,1,1,1,1,1,1,1,,,240095,22001,22001,22001,22001,,240120,240120,240095,,,,,,,1,38,,,,,,0,597,640,6937,52638,640,52638,45033,52638,712,15162,712,15162,6937,115398,45033,6937,52638,,,52638,15162,712,6937,52638,115398,6937,115398,6937,712,52638,15162,712,,712,3080,52638,52638,52638,582,712,15162,6937,6937,115398,6937,52638,115398,6937,8850,6937,52638,09/18/2026 7:40:58 AM,4.1585,76,34.65416,09/18/2026 6:53:29 AM,256529,P_78_ROADRUNNER_R2,0.568594,09/18/2026 6:53:29 AM,AME411,10,256528,AME411_PM1,P_78_ROADRUNNER_R2,09/18/2026 6:53:29 AM,10,4.1585,76,34.65416,09/18/2026 6:53:29 AM,8PR8CVAB,FL78.6H0QE_SNIP_B0204_E180046,SNY510,8PR8CBMT60NA1,09/18/2026 5:49:09 AM,.,D,Y,Y,M,.,.,RA3!DLP2535745SWIC_20260827_11485026_1!1,Recipe:AM;SIF_TYPE:FLOW;SIF_VERSION:2;SI,oogunlal,08/27/2026 11:48:50 AM,XPR5 on N58N Filter for Minis Improvement. Run on SNY510,theiders,08/27/2026 4:57:27 PM,TSH,autosif,09/18/2026 5:11:52 AM,autosif,09/18/2026 5:49:09 AM,theiders,Recipe=AM;SIF_TYPE=FLOW;SIF_VERSION=2;SIF_GATE_CTRL=FALSE;SIF_RETICLE=(optional);LCA_Flag=(optional);,09/18/2026 7:40:34 AM,.,D,Y,Y,M,.,.,RA3!DLP2535745SWIC_20260827_11084223_1!1,Recipe:AM;PILOT_NAME:SRCIP;,kruthisr,08/27/2026 11:08:42 AM,,matthewh,08/27/2026 11:08:42 AM,for SRCIP Defect Project,autosif,09/18/2026 6:19:07 AM,autosif,09/18/2026 7:40:34 AM,Recipe=AM;PILOT_NAME=SRCIP;,,,,,,,,,,,,,,,,,,,,,
D619275,28,A2FEP028SLE2,,,,,,,,,,,,,,,,,D6192750,PR8B,09/20/2026 1:26:08 PM,BPD454,8M6CL,8M6CL,09/20/2026 2:17:36 PM,8M6CL,D1D,1,8550868,2.076099,0,0.351125,2.610688,0,0,2.184827,0,0,0,0.797156,0,2.9751,0.545583,0,10.32176,AME425,24,256528,AME425_PM2,P_78_ROADRUNNER_R2,09/20/2026 12:50:21 PM,12,233816,1,2,,,,,,,,,2,2,2,2,2,2,2,2,2,2,2,2,1,1,1,1,,,235370,235370,235358,235370,235358,,235383,235370,235370,,,,,,,1,56,,,,,,,2400,2399,3026,47892,6501,47892,47597,47892,3026,49415,3026,49415,3026,49415,47597,3026,47892,,,47892,24537,1223,3026,47892,49415,3026,49415,3026,1223,47892,6587,303,,1223,1223,47892,47892,47892,500,303,6587,3026,3026,49415,3026,47892,49415,3026,9411,3026,47892,09/20/2026 12:55:06 PM,5.831104,103.2402,48.59253,09/20/2026 12:50:21 PM,216734,P_78_THAR_R5,0.474303,09/20/2026 12:50:21 PM,AME425,24,256528,AME425_PM2,P_78_ROADRUNNER_R2,09/20/2026 12:50:21 PM,12,5.831104,103.2402,48.59253,09/20/2026 12:50:21 PM,8PR8CVAB,FL78.6H0QE_SNIP_B0204_E180046,SNY512,8PR8CBMT60NA1,,,,,,,,,,,,,,,,,,,,,,,,,,,,,,,,,,,,,,,,,,,,,,,,,,,,,,,,,,,,,,,,
D619275,31,A2FEP031SLB1,,,,,,,,,,,,,,,,,D6192750,PR8B,09/20/2026 1:26:08 PM,BPD454,8M6CL,8M6CL,09/20/2026 2:17:42 PM,8M6CL,D1D,2,8550789,0,0,0.5071,0,1.81849,0,0,0,0,0,0,9.910959,6.477332,5.619194,0.412423,24.7455,AME425,15,256528,AME425_PM1,P_78_ROADRUNNER_R2,09/20/2026 12:38:09 PM,8,233816,1,2,,,,,,,,,2,2,2,2,2,2,2,2,2,2,2,2,1,1,1,1,,,235370,235370,235358,235370,235358,,235383,235370,235370,,,,,,,1,24,,,,,,,2517,2517,3262,52391,9173,52391,52180,52391,3262,53848,3262,53848,3262,53848,52180,3262,52391,,,52391,29160,1459,3262,52391,53848,3262,53848,3262,1459,52391,11070,523,,1459,3262,52391,52391,52391,615,523,11070,3262,3262,53848,3262,52391,53848,3262,9521,3262,52391,09/20/2026 12:55:06 PM,6.588188,115.2468,54.90156,09/20/2026 12:38:09 PM,216734,P_78_THAR_R5,0.410608,09/20/2026 12:38:09 PM,AME425,15,256528,AME425_PM1,P_78_ROADRUNNER_R2,09/20/2026 12:38:09 PM,8,6.588188,115.2468,54.90156,09/20/2026 12:38:09 PM,8PR8CVAB,FL78.6H0QE_SNIP_B0204_E180046,SNY512,8PR8CBMT60NA1,,,,,,,,,,,,,,,,,,,,,,,,,,,,,,,,,,,,,,,,,,,,,,,,,,,,,,,,,,,,,,,,
D623202,79,IEGMA079MMF4,,,,,,,,,,,,,,,,,D6232020,PNCB,09/20/2026 5:57:01 PM,BPD454,8M6CL,8M6CL,09/20/2026 6:57:04 PM,8M6CL,D1D,1,8715598,2.334501,0,0.393897,0,11.46785,0,3.375963,0,0,0,0,2.858875,0,8.910067,2.204426,30.64642,AME427,1,256528,AME427_PM2,P_78_ROADRUNNER_R2,09/20/2026 4:01:55 PM,3,219922,0.833333,1,1,1,1,1,1,1,1,1,1,1,1,0,0,0,0,0,0,0,0,0,0,0,0,0,,,276978,276978,277003,276978,277003,,276978,276978,276978,,,,,,1,,14,,,,,,,2447,2462,2971,45880,5851,45880,33549,45880,2971,47737,2971,47737,2971,47737,33549,2971,45881,,,45881,21534,1095,2971,45881,47737,2971,47737,2971,1095,45881,5909,267,,1095,2971,45881,45881,45881,154,267,5909,2971,2971,47737,2971,45881,47737,2971,6096,2971,45881,09/20/2026 4:41:24 PM,9.631453,157.4839,80.26211,09/20/2026 4:01:55 PM,256529,P_78_ROADRUNNER_R2,0.029484,09/20/2026 4:01:55 PM,AME427,1,256528,AME427_PM2,P_78_ROADRUNNER_R2,09/20/2026 4:01:55 PM,3,9.631453,157.4839,80.26211,09/20/2026 4:01:55 PM,8PONCVBB,FL78.3FGTC_SNIP_B0204_E180046,SNY512,8PXSCBMT61NA4,,,,,,,,,,,,,,,,,,,,,,,,,,,,,,,,,,,,,,,,,,,,,,,,,,,,,,,,,,,,,,,,
D623202,110,IEGMA110MMF6,,,,,,,,,,,,,,,,,D6232020,PNCB,09/20/2026 5:57:01 PM,BPD454,8M6CL,8M6CL,09/20/2026 6:57:08 PM,8M6CL,D1D,2,8715704,2.892453,0,0.324219,0,0,0,0,0,0,0,0,0,0,1.501982,0,4.718655,AME427,22,256528,AME427_PM2,P_78_ROADRUNNER_R2,09/20/2026 4:07:09 PM,4,219922,0.833333,1,1,1,1,1,1,1,1,1,1,1,1,0,0,0,0,0,0,0,0,0,0,0,0,0,,,276978,276978,277003,276978,277003,,276978,276978,276978,,,,,,1,,14,,,,,,,2447,2462,2971,45880,5851,45880,33549,45880,2971,47737,2971,47737,2971,47737,33549,2971,45881,,,45881,21534,1095,2971,45881,47737,2971,47737,2971,1095,45881,5909,267,,1095,2971,45881,45881,45881,154,267,5909,2971,2971,47737,2971,45881,47737,2971,6096,2971,45881,09/20/2026 4:41:24 PM,9.631453,157.4839,80.26211,09/20/2026 4:07:09 PM,256529,P_78_ROADRUNNER_R2,0.029484,09/20/2026 4:07:09 PM,AME427,22,256528,AME427_PM2,P_78_ROADRUNNER_R2,09/20/2026 4:07:09 PM,4,9.631453,157.4839,80.26211,09/20/2026 4:07:09 PM,8PONCVBB,FL78.3FGTC_SNIP_B0204_E180046,SNY512,8PXSCBMT61NA4,,,,,,,,,,,,,,,,,,,,,,,,,,,,,,,,,,,,,,,,,,,,,,,,,,,,,,,,,,,,,,,,
D623202,111,IEGMA111MMC5,,,,,,,,,,,,,,,,,D6232020,PNCB,09/20/2026 7:15:55 PM,BPD446,8M6CL,8M6CL,09/20/2026 8:55:29 PM,8M6CL,D1D,3,8715633,0,1.078642,0.528113,0,1.246421,0,0,0,0,0,0,5.435932,1.698857,2.340481,0,11.6133,AME427,10,256528,AME427_PM2,P_78_ROADRUNNER_R2,09/20/2026 4:18:00 PM,6,219922,0.833333,1,1,1,1,1,1,1,1,1,1,1,1,0,0,0,0,0,0,0,0,0,0,0,0,0,,,276978,276978,277003,276978,277003,,276978,276978,276978,,,,,,1,,14,,,,,,,2447,2462,2971,45880,5851,45880,33549,45880,2971,47737,2971,47737,2971,47737,33549,2971,45881,,,45881,21534,1095,2971,45881,47737,2971,47737,2971,1095,45881,5909,267,,1095,2971,45881,45881,45881,154,267,5909,2971,2971,47737,2971,45881,47737,2971,6096,2971,45881,09/20/2026 4:41:24 PM,9.631453,157.4839,80.26211,09/20/2026 4:18:00 PM,256529,P_78_ROADRUNNER_R2,0.029484,09/20/2026 4:18:00 PM,AME427,10,256528,AME427_PM2,P_78_ROADRUNNER_R2,09/20/2026 4:18:00 PM,6,9.631453,157.4839,80.26211,09/20/2026 4:18:00 PM,8PONCVBB,FL78.3FGTC_SNIP_B0204_E180046,SNY512,8PXSCBMT61NA4,,,,,,,,,,,,,,,,,,,,,,,,,,,,,,,,,,,,,,,,,,,,,,,,,,,,,,,,,,,,,,,,
D623202,113,IEGMA113MMD6,,,,,,,,,,,,,,,,,D6232020,PNCB,09/20/2026 7:15:55 PM,BPD446,8M6CL,8M6CL,09/20/2026 8:55:33 PM,8M6CL,D1D,4,8715626,0,0,0.37542,0,0,0,0,0,0,0,0,4.190571,0.663471,0.841967,0,6.071429,AME427,19,256528,AME427_PM1,P_78_ROADRUNNER_R2,09/20/2026 4:38:48 PM,10,219922,0.833333,1,1,1,1,1,1,1,1,1,1,1,1,0,0,0,0,0,0,0,0,0,0,0,0,0,,,276978,276978,277003,276978,277003,,276978,276978,276978,,,,,,1,,38492,,,,,,,2730,2730,2487,28608,16276,28608,16276,28608,2487,37294,2487,37294,2487,37294,16276,2487,28608,,,28608,37294,2479,2479,28608,37294,2487,37294,2487,2479,28608,12114,683,,2479,2487,28608,28608,28608,811,683,12114,2487,2487,37294,2487,28608,37294,2487,7303,2487,28608,09/20/2026 4:41:24 PM,10.94735,180.5791,91.22794,09/20/2026 4:38:48 PM,256529,P_78_ROADRUNNER_R2,0.029474,09/20/2026 4:38:48 PM,AME427,19,256528,AME427_PM1,P_78_ROADRUNNER_R2,09/20/2026 4:38:48 PM,10,10.94735,180.5791,91.22794,09/20/2026 4:38:48 PM,8PONCVBB,FL78.3FGTC_SNIP_B0204_E180046,SNY512,8PXSCBMT61NA4,,,,,,,,,,,,,,,,,,,,,,,,,,,,,,,,,,,,,,,,,,,,,,,,,,,,,,,,,,,,,,,,
D623202,165,IEGLA165MMC2,,,,,,,,,,,,,,,,,D6232020,PNCB,09/20/2026 7:15:55 PM,BPD446,8M6CL,8M6CL,09/20/2026 8:55:20 PM,8M6CL,D1D,5,8715634,0,0,0.541007,0,0,0,0,0,0,0,0,0.983431,0,3.43496,0,4.959397,AME427,5,256528,AME427_PM1,P_78_ROADRUNNER_R2,09/20/2026 4:34:26 PM,9,219922,0.833333,1,1,1,1,1,1,1,1,1,1,1,1,0,0,0,0,0,0,0,0,0,0,0,0,0,,,276978,276978,277003,276978,277003,,276978,276978,276978,,,,,,1,,38492,,,,,,,2730,2730,2487,28608,16276,28608,16276,28608,2487,37294,2487,37294,2487,37294,16276,2487,28608,,,28608,37294,2479,2479,28608,37294,2487,37294,2487,2479,28608,12114,683,,2479,2487,28608,28608,28608,811,683,12114,2487,2487,37294,2487,28608,37294,2487,7303,2487,28608,09/20/2026 4:41:24 PM,10.94735,180.5791,91.22794,09/20/2026 4:34:26 PM,256529,P_78_ROADRUNNER_R2,0.029474,09/20/2026 4:34:26 PM,AME427,5,256528,AME427_PM1,P_78_ROADRUNNER_R2,09/20/2026 4:34:26 PM,9,10.94735,180.5791,91.22794,09/20/2026 4:34:26 PM,8PONCVBB,FL78.3FGTC_SNIP_B0204_E180046,SNY512,8PXSCBMT61NA4,,,,,,,,,,,,,,,,,,,,,,,,,,,,,,,,,,,,,,,,,,,,,,,,,,,,,,,,,,,,,,,,
