image_name,WAFER_KEY,INSPECTION_TIME,DEFECT_ID,SIZE_X,SIZE_Y,SIZE_D,AREA,MANUAL_OPTICAL_CLASS
260711_1924_D616510_405_BEEP_8M6CL_35_3.jpg,8435220,2026-07-11 20:34:13,35,1080.0,1170.0,1170.0,172828.0,0.0
260608_1541_D611336_087_SMP_8M5CL_175_3.jpg,8751860,2026-06-08 17:07:08,175,270.0,360.0,360.0,2300.0,0.0
260718_0052_D616559_578_SMP_8M5CL_105_2.jpg,8447956,2026-07-18 01:49:47,105,809.0,720.0,810.0,13708.0,2.0
260705_0340_D614208_337_BEEP_8M5CL_139_2.jpg,8358514,2026-07-05 05:25:14,139,1260.0,1799.0,1800.0,51168.0,94.0
260705_0340_D614208_337_SMP_8M5CL_129_2.jpg,8358514,2026-07-05 05:25:14,129,270.0,270.0,270.0,2544.0,83.0
260627_0930_D615309_313_BEEP_8M5CL_83_2.jpg,8393107,2026-06-28 04:56:55,83,540.0,360.0,540.0,4530.0,0.0
260601_1600_D608642_384_SMP_8M6CL_144_3.jpg,8129916,2026-06-01 19:39:08,144,449.0,449.0,450.0,4779.0,0.0
260704_2302_D613627_669_SMP_8M6CL_590_2.jpg,8306875,2026-07-05 01:46:43,590,360.0,270.0,360.0,1897.0,83.0
260715_0031_D602107_324_SMP_8M6CL_182_3.jpg,7907643,2026-07-15 01:11:34,182,809.0,809.0,810.0,13097.0,0.0
260529_2052_D611340_425_SMP_8M5CL_13963_2.jpg,8234725,2026-05-30 03:30:59,13963,270.0,180.0,270.0,3501.0,0.0
260705_0017_D612481_022_SMP_8M6CL_57_2.jpg,8272282,2026-07-05 01:31:02,57,270.0,360.0,360.0,1798.0,83.0
260609_0949_D610257_439_BEEP_8M6CL_923_2.jpg,8203336,2026-06-09 11:30:48,923,270.0,270.0,270.0,2437.0,83.0
260703_2345_D614266_051_BEEP_8M6CL_25_2.jpg,8340068,2026-07-04 01:35:09,25,2160.0,1799.0,2160.0,341970.0,0.0
260709_1352_D615295_162_BEEP_8M5CL_3_3.jpg,8385652,2026-07-09 23:08:27,3,1799.0,1980.0,1980.0,524811.0,37.0
260529_1803_D610888_227_SMP_8M5CL_22799_3.jpg,8389456,2026-06-01 23:50:25,22799,809.0,899.0,900.0,19600.0,2.0
260607_2019_D611324_265_SMP_8M5CL_2004_2.jpg,8229455,2026-06-07 23:42:41,2004,360.0,270.0,360.0,3568.0,0.0
260531_0719_D609137_061_BEEP_8M5CL_1953_2.jpg,8169643,2026-05-31 09:22:59,1953,630.0,630.0,630.0,10272.0,37.0
260705_0017_D612481_022_SMP_8M6CL_1_3.jpg,8272282,2026-07-05 01:31:02,1,630.0,630.0,630.0,4510.0,83.0
260612_2051_D613830_272_BEEP_8M5CL_12028_3.jpg,8328478,2026-06-12 22:20:36,12028,899.0,720.0,900.0,9230.0,0.0
260528_0857_D611306_354_SMP_8M6CL_3138_2.jpg,8243067,2026-05-28 10:10:03,3138,449.0,540.0,540.0,4213.0,0.0
260709_2051_D614207_672_BEEP_8M5CL_180_3.jpg,8360404,2026-07-10 03:39:18,180,449.0,449.0,450.0,10608.0,37.0
260704_2240_D613627_656_SMP_8M6CL_1249_2.jpg,8306888,2026-07-05 01:46:43,1249,2250.0,2160.0,2250.0,453768.0,2.0
260528_1748_D541930_034_SMP_8M5CL_2730_3.jpg,7470405,2026-05-28 20:23:43,2730,180.0,270.0,270.0,1466.0,83.0
260709_1558_D615340_802_BEEP_8M5CL_2754_3.jpg,8405731,2026-07-09 17:48:10,2754,2070.0,1980.0,2070.0,554321.0,36.0
260601_1517_D608642_484_SMP_8M6CL_43_3.jpg,8129956,2026-06-01 19:39:08,43,809.0,720.0,810.0,13391.0,0.0
260610_1644_D611335_060_SMP_8M6CL_38_3.jpg,8737431,2026-06-10 18:03:51,38,1799.0,1799.0,1800.0,526828.0,0.0
260711_1928_D616510_249_SMP_8M6CL_82_2.jpg,8435172,2026-07-11 20:34:13,82,720.0,809.0,810.0,12499.0,0.0
260529_0439_D610233_031_BEEP_8M5CL_8863_2.jpg,8198649,2026-05-29 07:14:24,8863,2160.0,1890.0,2160.0,317746.0,0.0
260704_2302_D613627_669_SMP_8M6CL_625_3.jpg,8306875,2026-07-05 01:46:43,625,360.0,540.0,540.0,6100.0,2.0
260704_2302_D613627_669_SMP_8M6CL_603_3.jpg,8306875,2026-07-05 01:46:43,603,630.0,630.0,630.0,6116.0,83.0
260528_0508_D609170_135_BEEP_8M5CL_2011_3.jpg,8156134,2026-05-28 06:25:21,2011,1170.0,1349.0,1350.0,164928.0,94.0
260529_0043_D609168_730_SMP_8M6CL_17_3.jpg,8155258,2026-05-29 02:09:00,17,990.0,990.0,990.0,70958.0,2.0
260705_0340_D614208_337_BEEP_8M5CL_139_3.jpg,8358514,2026-07-05 05:25:14,139,1260.0,1799.0,1800.0,51168.0,94.0
260705_2058_D615294_077_SMP_8M5CL_1729_2.jpg,8385612,2026-07-05 23:26:08,1729,809.0,990.0,990.0,38332.0,2.0
260630_1639_D615321_202_BEEP_8M6CL_25_3.jpg,8399627,2026-06-30 22:01:57,25,360.0,270.0,360.0,4217.0,0.0
260704_1533_D614248_015_BEEP_8M5CL_1866_3.jpg,8353068,2026-07-04 17:21:30,1866,270.0,360.0,360.0,4421.0,94.0
260709_1523_D615327_197_SMP_8M5CL_621_3.jpg,8922079,2026-07-09 22:33:13,621,270.0,180.0,270.0,908.0,0.0
260608_1541_D611336_087_BEEP_8M5CL_97_2.jpg,8751860,2026-06-08 17:07:08,97,1080.0,1170.0,1170.0,144334.0,0.0
260529_0557_D610233_020_SMP_8M5CL_6713_2.jpg,8198556,2026-05-29 07:14:24,6713,270.0,270.0,270.0,1428.0,0.0
260531_0541_D607888_820_SMP_8M5CL_50350_3.jpg,8109875,2026-05-31 07:08:34,50350,630.0,540.0,630.0,36441.0,0.0
260529_2021_D610225_698_BEEP_8M5CL_1896_2.jpg,8191113,2026-05-29 22:55:13,1896,270.0,270.0,270.0,2000.0,37.0
260604_0654_D611325_078_SMP_8M5CL_2989_3.jpg,8229593,2026-06-04 08:42:07,2989,270.0,270.0,270.0,1729.0,2.0
260601_1528_D608642_400_SMP_8M6CL_81_2.jpg,8129895,2026-06-01 19:39:08,81,720.0,630.0,720.0,5473.0,0.0
260604_2237_D612814_181_SMP_8M5CL_4518_3.jpg,8267476,2026-06-05 00:18:27,4518,270.0,270.0,270.0,1274.0,2.0
260704_1533_D614248_015_BEEP_8M5CL_1718_3.jpg,8353068,2026-07-04 17:21:30,1718,630.0,540.0,630.0,6270.0,37.0
260625_1720_D603E3K_038_SMP_8M6CL_1436_3.jpg,7961509,2026-06-25 21:29:00,1436,270.0,270.0,270.0,2334.0,83.0
260711_1928_D616510_249_SMP_8M6CL_119_3.jpg,8435172,2026-07-11 20:34:13,119,270.0,270.0,270.0,1327.0,0.0
260608_0637_D610255_102_SMP_8M5CL_3192_2.jpg,8203435,2026-06-08 07:56:59,3192,270.0,270.0,270.0,1956.0,0.0
260701_0626_D612472_133_SMP_8M6CL_38_2.jpg,8270384,2026-07-01 08:19:08,38,1260.0,899.0,1260.0,32024.0,2.0
260530_2031_D609187_554_BEEP_8M5CL_4995_3.jpg,8161287,2026-05-30 22:20:23,4995,449.0,449.0,450.0,3543.0,83.0
260615_0413_D613602_115_SMP_8M6CL_1_2.jpg,8303443,2026-06-15 05:06:12,1,270.0,270.0,270.0,2627.0,83.0
260603_0921_D611320_196_SMP_8M6CL_7_3.jpg,8229409,2026-06-03 11:47:40,7,809.0,990.0,990.0,21430.0,2.0
260528_1744_D541930_036_BEEP_8M5CL_2033_3.jpg,7470447,2026-05-28 20:23:43,2033,899.0,899.0,900.0,24690.0,61.0
260711_1928_D616510_249_SMP_8M6CL_119_2.jpg,8435172,2026-07-11 20:34:13,119,270.0,270.0,270.0,1327.0,0.0
260709_2051_D614207_672_BEEP_8M5CL_175_2.jpg,8360404,2026-07-10 03:39:18,175,449.0,449.0,450.0,3798.0,37.0
260610_0852_D611330_415_BEEP_8M5CL_17789_3.jpg,8233391,2026-06-10 10:25:09,17789,270.0,270.0,270.0,24086.0,37.0
260711_1928_D616510_249_BEEP_8M6CL_31_2.jpg,8435172,2026-07-11 20:34:13,31,720.0,809.0,810.0,11571.0,0.0
260627_0930_D615309_313_BEEP_8M5CL_1453_3.jpg,8393107,2026-06-28 04:56:55,1453,809.0,899.0,900.0,13150.0,0.0
260719_1841_D617584_127_SMP_8M5CL_876_2.jpg,8471010,2026-07-19 20:24:53,876,360.0,270.0,360.0,2662.0,2.0
260611_2252_D610255_170_SMP_8M6CL_143_2.jpg,8751570,2026-06-11 23:44:56,143,1440.0,1440.0,1440.0,176533.0,0.0
260614_0036_D610254_425_SMP_8M6CL_443_3.jpg,8203463,2026-06-14 03:23:27,443,270.0,270.0,270.0,1772.0,0.0
260602_2254_D607886_685_SMP_8M6CL_25115_2.jpg,8106406,2026-06-03 01:06:06,25115,270.0,270.0,270.0,2022.0,0.0
260608_0648_D610255_218_SMP_8M5CL_487_2.jpg,8203446,2026-06-08 22:24:59,487,270.0,270.0,270.0,1729.0,0.0
260707_1613_D616498_112_SMP_8M5CL_10800_3.jpg,8429475,2026-07-07 17:10:54,10800,180.0,180.0,180.0,1442.0,0.0
260719_1841_D617584_127_SMP_8M5CL_832_3.jpg,8471010,2026-07-19 20:24:53,832,270.0,270.0,270.0,1594.0,2.0
260709_1352_D615295_162_BEEP_8M5CL_552_2.jpg,8385652,2026-07-09 23:08:27,552,899.0,809.0,900.0,12232.0,37.0
260605_0120_D610266_579_SMP_8M6CL_185_2.jpg,8206925,2026-06-05 03:42:45,185,1170.0,1170.0,1170.0,80739.0,2.0
260623_1429_D613104_250_SMP_8M6CL_19_3.jpg,8312462,2026-06-24 07:36:48,19,449.0,449.0,450.0,3396.0,0.0
260611_1159_D610871_046_BEEP_8M5CL_11417_3.jpg,8213297,2026-06-11 13:52:54,11417,1799.0,2160.0,2160.0,630071.0,36.0
260606_2203_D611332_105_BEEP_8M5CL_181_3.jpg,8233010,2026-06-07 01:53:17,181,360.0,270.0,360.0,2720.0,0.0
260705_0017_D612481_022_SMP_8M6CL_1_2.jpg,8272282,2026-07-05 01:31:02,1,630.0,630.0,630.0,4510.0,83.0
260705_0025_D612481_008_BEEP_8M6CL_7_3.jpg,8272234,2026-07-05 01:31:02,7,1170.0,1260.0,1260.0,238660.0,61.0
260704_2302_D613627_669_SMP_8M6CL_574_3.jpg,8306875,2026-07-05 01:46:43,574,360.0,360.0,360.0,3335.0,83.0
260627_1918_D611343_237_BEEP_8M5CL_1450_3.jpg,8234449,2026-06-28 04:35:20,1450,899.0,990.0,990.0,38206.0,0.0
260709_1410_D615327_055_SMP_8M5CL_3114_2.jpg,8399594,2026-07-09 19:29:12,3114,360.0,360.0,360.0,3100.0,0.0
260709_1924_D602107_358_BEEP_8M6CL_75_3.jpg,8919873,2026-07-09 20:58:59,75,720.0,720.0,720.0,8583.0,0.0
260531_2352_D610234_073_BEEP_8M5CL_14819_3.jpg,8198760,2026-06-01 01:13:48,14819,990.0,990.0,990.0,45439.0,61.0
260611_2146_D611324_270_SMP_8M6CL_958_2.jpg,8748449,2026-06-11 23:23:42,958,720.0,809.0,810.0,15237.0,0.0
260711_1924_D616510_405_BEEP_8M6CL_29_2.jpg,8435220,2026-07-11 20:34:13,29,720.0,540.0,720.0,4603.0,0.0
260704_1533_D614248_015_BEEP_8M5CL_1659_3.jpg,8353068,2026-07-04 17:21:30,1659,990.0,720.0,990.0,12717.0,37.0
260531_0719_D609137_061_BEEP_8M5CL_1953_3.jpg,8169643,2026-05-31 09:22:59,1953,630.0,630.0,630.0,10272.0,37.0
260704_1533_D614248_015_BEEP_8M5CL_1608_2.jpg,8353068,2026-07-04 17:21:30,1608,1980.0,1890.0,1980.0,543386.0,2.0
260702_0213_D613607_083_SMP_8M6CL_4_3.jpg,8303599,2026-07-02 04:17:19,4,630.0,720.0,720.0,6154.0,2.0
260610_0832_D613102_018_SMP_8M5CL_2_3.jpg,8312503,2026-06-10 09:41:06,2,809.0,809.0,810.0,17422.0,0.0
260610_0907_D611330_478_BEEP_8M5CL_2132_2.jpg,8233351,2026-06-10 10:25:09,2132,2340.0,2610.0,2610.0,479963.0,37.0
260709_1410_D615327_055_SMP_8M5CL_453_2.jpg,8399594,2026-07-09 19:29:12,453,270.0,270.0,270.0,1660.0,0.0
260625_2226_D613621_075_BEEP_8M5CL_1231_2.jpg,8304725,2026-06-25 23:53:24,1231,90.0,90.0,90.0,718.0,36.0
260711_1921_D616510_308_SMP_8M6CL_30_3.jpg,8435123,2026-07-11 20:34:13,30,360.0,360.0,360.0,2738.0,0.0
260704_1533_D614248_015_BEEP_8M5CL_1611_3.jpg,8353068,2026-07-04 17:21:30,1611,1799.0,1349.0,1800.0,337642.0,37.0
260608_1541_D611336_087_SMP_8M5CL_175_2.jpg,8751860,2026-06-08 17:07:08,175,270.0,360.0,360.0,2300.0,0.0
260611_2146_D611324_270_SMP_8M6CL_30_3.jpg,8748449,2026-06-11 23:23:42,30,720.0,630.0,720.0,4544.0,0.0
260528_1554_D608630_376_SMP_8M5CL_6883_3.jpg,8128403,2026-05-28 16:53:20,6883,809.0,899.0,900.0,21479.0,37.0
260627_1918_D611343_237_BEEP_8M5CL_1450_2.jpg,8234449,2026-06-28 04:35:20,1450,899.0,990.0,990.0,38206.0,0.0
260709_1558_D615340_802_BEEP_8M5CL_3075_3.jpg,8405731,2026-07-09 17:48:10,3075,1440.0,1260.0,1440.0,179923.0,37.0
260528_1554_D608630_376_SMP_8M5CL_7162_2.jpg,8128403,2026-05-28 16:53:20,7162,540.0,449.0,540.0,7271.0,2.0
260630_1618_D611338_081_SMP_8M5CL_1184_3.jpg,8234683,2026-07-01 10:27:26,1184,630.0,809.0,810.0,9538.0,0.0
260711_1928_D616510_249_BEEP_8M6CL_2_3.jpg,8435172,2026-07-11 20:34:13,2,809.0,720.0,810.0,27601.0,0.0
260709_1558_D615340_802_BEEP_8M5CL_3205_3.jpg,8405731,2026-07-09 17:48:10,3205,1080.0,899.0,1080.0,68701.0,37.0
260601_1746_D611287_165_BEEP_8M6CL_182_2.jpg,8238941,2026-06-01 19:46:51,182,1530.0,1349.0,1530.0,175118.0,0.0
260709_1410_D615327_055_SMP_8M5CL_418_2.jpg,8399594,2026-07-09 19:29:12,418,270.0,270.0,270.0,1814.0,0.0
260711_1928_D616510_249_SMP_8M6CL_11_3.jpg,8435172,2026-07-11 20:34:13,11,809.0,899.0,900.0,80296.0,0.0
260711_1928_D616510_249_BEEP_8M6CL_39_2.jpg,8435172,2026-07-11 20:34:13,39,809.0,809.0,810.0,15154.0,0.0
260610_0728_D613640_079_SMP_8M6CL_466_2.jpg,8309348,2026-06-10 08:57:11,466,270.0,360.0,360.0,3286.0,0.0
260527_1107_D609184_253_SMP_8M5CL_1473_3.jpg,8158840,2026-05-27 12:21:50,1473,449.0,540.0,540.0,4514.0,2.0
260610_0348_D611443_824_SMP_8M5CL_596_3.jpg,8248090,2026-06-10 07:25:03,596,270.0,270.0,270.0,1359.0,0.0
260608_0637_D610255_102_BEEP_8M5CL_3970_2.jpg,8203435,2026-06-08 07:56:59,3970,449.0,540.0,540.0,3814.0,0.0
260626_0901_D612536_037_SMP_8M5CL_228242_2.jpg,8287716,2026-06-27 09:41:27,228242,720.0,720.0,720.0,10078.0,0.0
260614_2237_D612484_047_BEEP_8M5CL_12091_3.jpg,8272214,2026-06-14 23:59:04,12091,540.0,449.0,540.0,5446.0,61.0
260610_0832_D613102_018_BEEP_8M5CL_29_2.jpg,8312503,2026-06-10 09:41:06,29,270.0,449.0,450.0,2933.0,0.0
260601_1638_D609160_427_BEEP_8M6CL_3_3.jpg,8155039,2026-06-01 18:54:36,3,990.0,990.0,990.0,24980.0,61.0
260627_1856_D613621_075_SMP_8M6CL_12_2.jpg,8304725,2026-06-27 20:15:18,12,540.0,630.0,630.0,6569.0,2.0
260531_2101_D608633_026_SMP_8M6CL_46_2.jpg,8128557,2026-05-31 21:42:02,46,449.0,720.0,720.0,5990.0,13.0
260610_0345_D611443_840_SMP_8M5CL_2779_3.jpg,8248018,2026-06-10 07:25:03,2779,809.0,899.0,900.0,35854.0,0.0
260627_0927_D615309_322_SMP_8M5CL_96_3.jpg,8393014,2026-06-28 04:56:55,96,449.0,449.0,450.0,4955.0,0.0
260626_1733_D613142_039_BEEP_8M6CL_6423_2.jpg,8322064,2026-06-26 19:35:44,6423,1170.0,1080.0,1170.0,61160.0,37.0
260705_0340_D614208_337_SMP_8M5CL_44_2.jpg,8358514,2026-07-05 05:25:14,44,540.0,540.0,540.0,4336.0,83.0
260705_0017_D612481_022_BEEP_8M6CL_54_2.jpg,8272282,2026-07-05 01:31:02,54,720.0,809.0,810.0,8873.0,61.0
260601_1746_D611287_165_BEEP_8M6CL_182_3.jpg,8238941,2026-06-01 19:46:51,182,1530.0,1349.0,1530.0,175118.0,0.0
260705_2058_D615294_077_SMP_8M5CL_1729_3.jpg,8385612,2026-07-05 23:26:08,1729,809.0,990.0,990.0,38332.0,2.0
260617_2028_D611448_047_BEEP_8M6CL_13_3.jpg,8250469,2026-06-17 22:36:02,13,809.0,720.0,810.0,16354.0,61.0
260612_1450_D611336_064_SMP_8M6CL_14_2.jpg,8751877,2026-06-13 01:57:41,14,1349.0,1440.0,1440.0,136292.0,0.0
260711_1928_D616510_534_BEEP_8M6CL_30_2.jpg,8435216,2026-07-11 20:34:13,30,360.0,449.0,450.0,2184.0,0.0
260711_1928_D616510_534_SMP_8M6CL_41_2.jpg,8435216,2026-07-11 20:34:13,41,720.0,720.0,720.0,7790.0,0.0
260601_0112_D610247_017_SMP_8M6CL_10_2.jpg,8201479,2026-06-01 02:48:29,10,360.0,360.0,360.0,2283.0,83.0
260603_0959_D611320_227_SMP_8M6CL_22_2.jpg,8229426,2026-06-03 11:47:40,22,720.0,720.0,720.0,7736.0,0.0
260609_0949_D610257_439_SMP_8M6CL_84_2.jpg,8203336,2026-06-09 11:30:48,84,270.0,270.0,270.0,2087.0,83.0
260704_2306_D613627_654_SMP_8M6CL_148399_2.jpg,8306896,2026-07-05 00:18:42,148399,630.0,630.0,630.0,4015.0,83.0
260704_1533_D614248_015_BEEP_8M5CL_1643_2.jpg,8353068,2026-07-04 17:21:30,1643,899.0,899.0,900.0,35875.0,37.0
260610_0907_D611330_478_BEEP_8M5CL_947_3.jpg,8233351,2026-06-10 10:25:09,947,1349.0,1530.0,1530.0,162067.0,37.0
260601_0112_D610247_018_SMP_8M6CL_42_2.jpg,8201472,2026-06-01 02:48:29,42,809.0,809.0,810.0,29718.0,83.0
260612_2355_D612479_188_SMP_8M5CL_16587_2.jpg,8272262,2026-06-13 01:15:13,16587,360.0,270.0,360.0,2840.0,2.0
260612_0429_D611326_066_SMP_8M6CL_83_3.jpg,8745711,2026-06-12 05:52:47,83,990.0,990.0,990.0,69470.0,0.0
260610_1044_D613608_701_SMP_8M6CL_120_2.jpg,8303397,2026-06-10 12:47:45,120,360.0,360.0,360.0,3074.0,0.0
260627_1832_D611462_026_SMP_8M6CL_6_3.jpg,8255998,2026-06-27 20:51:15,6,360.0,360.0,360.0,3632.0,83.0
260709_1352_D615295_162_BEEP_8M5CL_552_3.jpg,8385652,2026-07-09 23:08:27,552,899.0,809.0,900.0,12232.0,37.0
260709_2007_D613614_130_SMP_8M6CL_35_2.jpg,8304455,2026-07-09 21:12:17,35,449.0,630.0,630.0,7748.0,2.0
260608_0637_D610255_102_SMP_8M5CL_3072_2.jpg,8203435,2026-06-08 07:56:59,3072,720.0,630.0,720.0,9231.0,0.0
260607_1500_D611325_077_BEEP_8M6CL_2511_3.jpg,8229498,2026-06-07 16:23:11,2511,90.0,90.0,90.0,6223.0,37.0
260528_2035_D608645_152_SMP_8M5CL_693_2.jpg,8134309,2026-05-28 22:40:47,693,270.0,360.0,360.0,2079.0,2.0
260612_0429_D611326_066_SMP_8M6CL_84_3.jpg,8745711,2026-06-12 05:52:47,84,270.0,270.0,270.0,1840.0,0.0
260715_0031_D602107_324_BEEP_8M6CL_176_3.jpg,7907643,2026-07-15 01:11:34,176,2070.0,1710.0,2070.0,499791.0,0.0
260625_1342_D611936_446_BEEP_8M6CL_68_3.jpg,8258541,2026-06-25 17:59:22,68,1530.0,1440.0,1530.0,139573.0,0.0
260603_0407_D609187_573_SMP_8M6CL_17_2.jpg,8161405,2026-06-03 06:00:25,17,360.0,540.0,540.0,3078.0,2.0
260713_1713_D614209_204_BEEP_8M6CL_17_3.jpg,8360412,2026-07-13 18:21:18,17,9270.0,9719.0,9720.0,38637000.0,37.0
260630_0234_D614257_585_SMP_8M5CL_5462_2.jpg,8356429,2026-06-30 04:16:19,5462,1080.0,809.0,1080.0,42971.0,2.0
260626_1733_D613142_039_BEEP_8M6CL_6430_3.jpg,8322064,2026-06-26 19:35:44,6430,449.0,990.0,990.0,45182.0,37.0
260607_2019_D611324_265_BEEP_8M5CL_19023_2.jpg,8229455,2026-06-07 23:42:41,19023,540.0,899.0,900.0,8907.0,0.0
260703_0051_D614247_030_BEEP_8M6CL_38_3.jpg,8353023,2026-07-03 07:12:35,38,899.0,1080.0,1080.0,30200.0,83.0
260601_0940_D608625_015_BEEP_8M6CL_1036_3.jpg,8126486,2026-06-01 11:55:34,1036,360.0,449.0,450.0,6213.0,37.0
260705_2115_D614244_228_BEEP_8M5CL_2574_2.jpg,8353116,2026-07-05 22:26:06,2574,360.0,360.0,360.0,5455.0,37.0
260705_0340_D614208_337_SMP_8M5CL_44_3.jpg,8358514,2026-07-05 05:25:14,44,540.0,540.0,540.0,4336.0,83.0
260713_1507_D614229_551_SMP_8M6CL_3_2.jpg,8346678,2026-07-13 16:52:18,3,540.0,449.0,540.0,3626.0,2.0
260709_2007_D613614_130_SMP_8M6CL_35_3.jpg,8304455,2026-07-09 21:12:17,35,449.0,630.0,630.0,7748.0,2.0
260709_1541_D615340_805_BEEP_8M5CL_1822_3.jpg,8405675,2026-07-09 20:21:16,1822,2160.0,1619.0,2160.0,348603.0,37.0
260606_0706_D610259_361_SMP_8M5CL_10273_3.jpg,8740362,2026-06-06 08:29:07,10273,360.0,360.0,360.0,4279.0,0.0
260704_2306_D613627_654_BEEP_8M6CL_281_2.jpg,8306896,2026-07-05 00:18:42,281,809.0,720.0,810.0,11807.0,83.0
260608_0641_D610255_220_BEEP_8M5CL_4593_2.jpg,8203504,2026-06-08 22:24:59,4593,1349.0,1170.0,1350.0,178293.0,0.0
260704_2302_D613627_669_SMP_8M6CL_575_3.jpg,8306875,2026-07-05 01:46:43,575,630.0,630.0,630.0,5072.0,83.0
260612_0433_D611326_203_BEEP_8M6CL_50_3.jpg,8745712,2026-06-12 05:52:47,50,4950.0,5760.0,5760.0,16856100.0,0.0
260717_0050_D613618_466_BEEP_8M6CL_31_3.jpg,8308844,2026-07-17 02:33:55,31,1170.0,1080.0,1170.0,39663.0,0.0
260705_2115_D614244_228_BEEP_8M5CL_2574_3.jpg,8353116,2026-07-05 22:26:06,2574,360.0,360.0,360.0,5455.0,37.0
260608_0637_D610255_102_SMP_8M5CL_3072_3.jpg,8203435,2026-06-08 07:56:59,3072,720.0,630.0,720.0,9231.0,0.0
260704_2306_D613627_654_SMP_8M6CL_148412_3.jpg,8306896,2026-07-05 00:18:42,148412,809.0,899.0,900.0,21345.0,83.0
260720_0417_D617585_358_SMP_8M6CL_904_3.jpg,8470619,2026-07-20 05:24:30,904,449.0,360.0,450.0,3266.0,2.0
260718_0648_D615322_251_BEEP_8M6CL_80_2.jpg,8400353,2026-07-18 08:13:49,80,360.0,360.0,360.0,3594.0,0.0
260719_1841_D617584_127_SMP_8M5CL_832_2.jpg,8471010,2026-07-19 20:24:53,832,270.0,270.0,270.0,1594.0,2.0
260719_1522_D617625_643_SMP_8M5CL_5637_2.jpg,8483224,2026-07-19 16:41:58,5637,270.0,360.0,360.0,2631.0,0.0
260709_1558_D615340_802_BEEP_8M5CL_2973_2.jpg,8405731,2026-07-09 17:48:10,2973,1170.0,1170.0,1170.0,22989.0,36.0
260704_2240_D613627_644_BEEP_8M6CL_207_2.jpg,8306722,2026-07-05 00:18:42,207,1080.0,720.0,1080.0,20162.0,37.0
260715_1613_D616554_252_BEEP_8M6CL_13_3.jpg,8448459,2026-07-15 21:36:54,13,1260.0,1260.0,1260.0,69925.0,37.0
260719_1500_D617625_636_BEEP_8M5CL_5231_3.jpg,8483107,2026-07-19 16:41:58,5231,720.0,720.0,720.0,10323.0,0.0
260711_1928_D616510_249_BEEP_8M6CL_30_3.jpg,8435172,2026-07-11 20:34:13,30,449.0,540.0,540.0,3444.0,0.0
260611_1203_D610871_045_SMP_8M5CL_6479_3.jpg,8213245,2026-06-11 13:52:54,6479,630.0,720.0,720.0,8436.0,83.0
260606_0706_D610259_361_SMP_8M5CL_10716_2.jpg,8740362,2026-06-06 08:29:07,10716,809.0,809.0,810.0,22193.0,0.0
260704_2306_D613627_654_SMP_8M6CL_148434_3.jpg,8306896,2026-07-05 00:18:42,148434,360.0,270.0,360.0,3517.0,83.0
260720_1910_D615332_444_SMP_8M6CL_2_2.jpg,8403174,2026-07-20 20:48:34,2,1080.0,1260.0,1260.0,61236.0,0.0
260611_2146_D611324_270_SMP_8M6CL_30_2.jpg,8748449,2026-06-11 23:23:42,30,720.0,630.0,720.0,4544.0,0.0
000000_0000_D617107_023_BEEP_8M6CL_714_3.jpg,8465790,2026-07-21 09:18:21,714,360.0,270.0,360.0,3163.0,0.0
000000_0000_D617107_177_BEEP_8M6CL_741_3.jpg,8465809,2026-07-21 09:18:21,741,5760.0,3690.0,5760.0,1109700.0,0.0
000000_0000_D617107_177_BEEP_8M6CL_772_2.jpg,8465809,2026-07-21 09:18:21,772,270.0,270.0,270.0,2364.0,0.0
000000_0000_D617107_177_BEEP_8M6CL_772_3.jpg,8465809,2026-07-21 09:18:21,772,270.0,270.0,270.0,2364.0,0.0
000000_0000_D617107_177_BEEP_8M6CL_893_3.jpg,8465809,2026-07-21 09:18:21,893,270.0,270.0,270.0,2006.0,0.0
260616_1856_D610871_040_SMP_8M6CL_4842_2.jpg,8213309,2026-06-16 20:11:25,4842,360.0,270.0,360.0,1808.0,6.0
260721_0852_D618210_340_BEEP_8M6CL_38_3.jpg,8524654,2026-07-21 11:18:11,38,6750.0,4859.0,6750.0,14166900.0,37.0
260704_2306_D613627_654_BEEP_8M6CL_275_2.jpg,8306896,2026-07-05 00:18:42,275,899.0,630.0,900.0,15482.0,83.0
260616_2347_D610232_206_SMP_8M6CL_44_2.jpg,8196134,2026-06-17 00:40:04,44,360.0,360.0,360.0,2004.0,0.0
260621_0545_D612490_022_SMP_8M6CL_3_2.jpg,8275570,2026-06-21 06:21:34,3,809.0,809.0,810.0,13637.0,2.0
260715_1613_D616554_252_BEEP_8M6CL_13_2.jpg,8448459,2026-07-15 21:36:54,13,1260.0,1260.0,1260.0,69925.0,37.0
260709_1928_D602107_344_BEEP_8M6CL_12_3.jpg,8919962,2026-07-09 20:58:59,12,2070.0,2610.0,2610.0,800367.0,36.0
260719_2029_D616527_008_BEEP_8M6CL_19_3.jpg,8441188,2026-07-19 21:39:53,19,3330.0,8549.0,8550.0,12474000.0,37.0
260704_2302_D613627_669_SMP_8M6CL_615_3.jpg,8306875,2026-07-05 01:46:43,615,809.0,809.0,810.0,20945.0,83.0
260604_1310_D609193_060_SMP_8M6CL_8_3.jpg,8161321,2026-06-04 15:08:37,8,270.0,270.0,270.0,1842.0,0.0
260701_0629_D612472_134_BEEP_8M6CL_49_3.jpg,8270140,2026-07-01 08:19:08,49,2250.0,2699.0,2700.0,570206.0,36.0
260704_2302_D613627_669_BEEP_8M6CL_272_3.jpg,8306875,2026-07-05 01:46:43,272,720.0,630.0,720.0,5446.0,83.0
260611_1159_D610871_046_BEEP_8M5CL_13107_2.jpg,8213297,2026-06-11 13:52:54,13107,630.0,540.0,630.0,12319.0,37.0
260711_1732_D615272_322_SMP_8M5CL_16372_2.jpg,8382741,2026-07-11 21:39:51,16372,360.0,360.0,360.0,4466.0,2.0
260529_0439_D610233_031_SMP_8M5CL_7791_3.jpg,8198649,2026-05-29 07:14:24,7791,270.0,270.0,270.0,1602.0,0.0
260711_1928_D616510_249_SMP_8M6CL_19_3.jpg,8435172,2026-07-11 20:34:13,19,360.0,360.0,360.0,3268.0,0.0
260530_1728_D609178_001_SMP_8M6CL_143_2.jpg,8158956,2026-05-30 19:17:23,143,720.0,720.0,720.0,8676.0,83.0
260614_1854_D612479_188_SMP_8M6CL_22_3.jpg,8272262,2026-06-14 19:56:33,22,1890.0,1980.0,1980.0,715775.0,2.0
260606_0706_D610259_361_SMP_8M5CL_10904_3.jpg,8740362,2026-06-06 08:29:07,10904,270.0,270.0,270.0,2570.0,0.0
260711_1928_D616510_249_BEEP_8M6CL_160_3.jpg,8435172,2026-07-11 20:34:13,160,899.0,899.0,900.0,36591.0,0.0
260705_1859_D615274_115_SMP_8M6CL_39617_2.jpg,8382718,2026-07-05 20:42:06,39617,720.0,720.0,720.0,9285.0,2.0
260705_0025_D612481_008_BEEP_8M6CL_7_2.jpg,8272234,2026-07-05 01:31:02,7,1170.0,1260.0,1260.0,238660.0,61.0
260709_0802_D615338_621_BEEP_8M5CL_7451_3.jpg,8405933,2026-07-09 12:39:31,7451,360.0,360.0,360.0,3337.0,37.0
260719_0815_D613153_153_SMP_8M5CL_2722_3.jpg,8326400,2026-07-19 09:40:33,2722,809.0,809.0,810.0,14908.0,0.0
260603_0959_D611320_227_SMP_8M6CL_2_2.jpg,8229426,2026-06-03 11:47:40,2,720.0,630.0,720.0,7267.0,0.0
260625_0522_D613624_026_SMP_8M5CL_150_3.jpg,8304692,2026-06-25 12:07:56,150,630.0,449.0,630.0,8790.0,2.0
260606_0650_D610259_340_SMP_8M5CL_3439_3.jpg,8740428,2026-06-06 08:29:07,3439,720.0,360.0,720.0,3392.0,0.0
260609_0949_D610257_439_BEEP_8M6CL_917_2.jpg,8203336,2026-06-09 11:30:48,917,809.0,899.0,900.0,30564.0,83.0
260610_1040_D613608_687_SMP_8M6CL_101_3.jpg,8303444,2026-06-10 12:47:45,101,540.0,360.0,540.0,4563.0,0.0
260703_0051_D614247_030_SMP_8M6CL_50_3.jpg,8353023,2026-07-03 07:12:35,50,540.0,540.0,540.0,3268.0,2.0
260717_2035_D618210_355_SMP_8M5CL_2012_3.jpg,8524756,2026-07-17 23:33:18,2012,270.0,270.0,270.0,2170.0,0.0
260711_0031_D616504_068_BEEP_8M6CL_394_2.jpg,8431731,2026-07-11 02:18:24,394,899.0,809.0,900.0,17201.0,37.0
260719_0815_D613153_153_SMP_8M5CL_2722_2.jpg,8326400,2026-07-19 09:40:33,2722,809.0,809.0,810.0,14908.0,0.0
260720_0248_D615337_063_SMP_8M6CL_1111_2.jpg,8405767,2026-07-20 05:00:36,1111,270.0,270.0,270.0,1452.0,2.0
260719_1500_D617625_636_SMP_8M5CL_6181_2.jpg,8483107,2026-07-19 16:41:58,6181,270.0,270.0,270.0,2231.0,0.0
260719_1500_D617625_636_SMP_8M5CL_6181_3.jpg,8483107,2026-07-19 16:41:58,6181,270.0,270.0,270.0,2231.0,0.0
260530_0206_D610240_008_BEEP_8M6CL_137_3.jpg,8198623,2026-05-30 03:37:14,137,270.0,540.0,540.0,2607.0,0.0
260610_0345_D611443_840_SMP_8M5CL_2779_2.jpg,8248018,2026-06-10 07:25:03,2779,809.0,899.0,900.0,35854.0,0.0
260607_2109_D611342_128_SMP_8M6CL_30_3.jpg,8234527,2026-06-08 01:56:11,30,809.0,899.0,900.0,29045.0,0.0
260709_2051_D614207_672_BEEP_8M5CL_175_3.jpg,8360404,2026-07-10 03:39:18,175,449.0,449.0,450.0,3798.0,37.0
260601_1600_D608642_384_SMP_8M6CL_23_2.jpg,8129916,2026-06-01 19:39:08,23,630.0,630.0,630.0,4362.0,0.0
260610_0832_D613102_018_SMP_8M5CL_71_2.jpg,8312503,2026-06-10 09:41:06,71,720.0,809.0,810.0,15595.0,0.0
260711_1921_D616510_308_SMP_8M6CL_30_2.jpg,8435123,2026-07-11 20:34:13,30,360.0,360.0,360.0,2738.0,0.0
000000_0000_D617107_025_BEEP_8M6CL_398_2.jpg,8465813,2026-07-21 09:18:21,398,360.0,270.0,360.0,2662.0,0.0
000000_0000_D617107_025_BEEP_8M6CL_398_3.jpg,8465813,2026-07-21 09:18:21,398,360.0,270.0,360.0,2662.0,0.0
260610_0849_D611330_507_BEEP_8M5CL_18394_3.jpg,8233419,2026-06-10 10:25:09,18394,1440.0,1530.0,1530.0,295162.0,37.0
260704_2302_D613627_669_SMP_8M6CL_640_2.jpg,8306875,2026-07-05 01:46:43,640,1890.0,1710.0,1890.0,344617.0,29.0
260715_0158_D615272_332_SMP_8M6CL_4361_2.jpg,8382617,2026-07-15 03:47:52,4361,899.0,899.0,900.0,73486.0,83.0
260608_0637_D610255_102_BEEP_8M5CL_1642_3.jpg,8203435,2026-06-08 07:56:59,1642,540.0,630.0,630.0,4860.0,0.0
260601_0944_D608625_004_BEEP_8M6CL_268_3.jpg,8126352,2026-06-01 11:55:34,268,14580.0,14580.0,14580.0,24235200.0,37.0
260614_1156_D612820_068_BEEP_8M6CL_762_2.jpg,8270172,2026-06-14 15:10:54,762,990.0,1080.0,1080.0,34890.0,0.0
260614_1156_D612820_068_BEEP_8M6CL_727_2.jpg,8270172,2026-06-14 15:10:54,727,1440.0,1619.0,1620.0,260347.0,0.0
260530_1728_D609178_001_SMP_8M6CL_143_3.jpg,8158956,2026-05-30 19:17:23,143,720.0,720.0,720.0,8676.0,83.0
260626_0850_D612536_040_BEEP_8M5CL_223312_3.jpg,8287762,2026-06-27 09:41:27,223312,720.0,809.0,810.0,17567.0,0.0
260603_0918_D611320_173_SMP_8M6CL_103_3.jpg,8229447,2026-06-03 11:47:40,103,720.0,720.0,720.0,6775.0,83.0
260614_1156_D612820_068_SMP_8M6CL_807_2.jpg,8270172,2026-06-14 15:10:54,807,270.0,270.0,270.0,1377.0,0.0
260704_2306_D613627_654_BEEP_8M6CL_148378_3.jpg,8306896,2026-07-05 00:18:42,148378,899.0,990.0,990.0,43534.0,83.0
260614_1156_D612820_068_BEEP_8M6CL_716_2.jpg,8270172,2026-06-14 15:10:54,716,1710.0,1530.0,1710.0,345974.0,0.0
260713_1713_D614209_204_BEEP_8M6CL_173_3.jpg,8360412,2026-07-13 18:21:18,173,2160.0,5399.0,5399.0,509558.0,37.0
260719_1841_D617584_127_SMP_8M5CL_876_3.jpg,8471010,2026-07-19 20:24:53,876,360.0,270.0,360.0,2662.0,2.0
260704_1533_D614248_015_BEEP_8M5CL_2002_3.jpg,8353068,2026-07-04 17:21:30,2002,360.0,270.0,360.0,5341.0,94.0
260612_2330_D611337_530_BEEP_8M6CL_2245_2.jpg,8759465,2026-06-13 00:37:32,2245,720.0,630.0,720.0,12592.0,0.0
260601_1517_D608642_484_SMP_8M6CL_25_3.jpg,8129956,2026-06-01 19:39:08,25,360.0,360.0,360.0,2560.0,0.0
260717_1526_D615344_487_BEEP_8M6CL_447_2.jpg,8408240,2026-07-17 18:02:30,447,360.0,360.0,360.0,2423.0,0.0
260529_0439_D610233_031_SMP_8M5CL_123_2.jpg,8198649,2026-05-29 07:14:24,123,360.0,360.0,360.0,3962.0,0.0
260705_1859_D615274_115_SMP_8M6CL_39617_3.jpg,8382718,2026-07-05 20:42:06,39617,720.0,720.0,720.0,9285.0,2.0
260713_1652_D614212_072_BEEP_8M6CL_23_3.jpg,8344638,2026-07-13 17:39:15,23,9000.0,9360.0,9360.0,58425300.0,37.0
260625_1342_D611936_446_BEEP_8M6CL_55_3.jpg,8258541,2026-06-25 17:59:22,55,1080.0,899.0,1080.0,72016.0,0.0
260703_2334_D614266_067_SMP_8M6CL_3_2.jpg,8340011,2026-07-04 01:35:09,3,270.0,270.0,270.0,2354.0,0.0
260713_1713_D614209_204_BEEP_8M6CL_173_2.jpg,8360412,2026-07-13 18:21:18,173,2160.0,5399.0,5399.0,509558.0,37.0
260704_2306_D613627_654_BEEP_8M6CL_148378_2.jpg,8306896,2026-07-05 00:18:42,148378,899.0,990.0,990.0,43534.0,83.0
260704_1533_D614248_015_BEEP_8M5CL_1960_3.jpg,8353068,2026-07-04 17:21:30,1960,540.0,449.0,540.0,5281.0,37.0
260612_0433_D611326_203_BEEP_8M6CL_50_2.jpg,8745712,2026-06-12 05:52:47,50,4950.0,5760.0,5760.0,16856100.0,0.0
260717_1526_D615344_487_BEEP_8M6CL_447_3.jpg,8408240,2026-07-17 18:02:30,447,360.0,360.0,360.0,2423.0,0.0
260614_1307_D611463_566_BEEP_8M6CL_28_2.jpg,8255990,2026-06-14 19:19:12,28,1080.0,1170.0,1170.0,108495.0,0.0
260529_0439_D610233_031_SMP_8M5CL_123_3.jpg,8198649,2026-05-29 07:14:24,123,360.0,360.0,360.0,3962.0,0.0
260704_2302_D613627_669_SMP_8M6CL_582_3.jpg,8306875,2026-07-05 01:46:43,582,449.0,449.0,450.0,2886.0,83.0
260609_1629_D611337_530_SMP_8M5CL_1447_3.jpg,8759465,2026-06-09 18:00:47,1447,270.0,270.0,270.0,1476.0,0.0
260715_0031_D602107_324_SMP_8M6CL_182_2.jpg,7907643,2026-07-15 01:11:34,182,809.0,809.0,810.0,13097.0,0.0
260704_1533_D614248_015_BEEP_8M5CL_1584_3.jpg,8353068,2026-07-04 17:21:30,1584,720.0,809.0,810.0,10185.0,94.0
260608_0851_D610255_177_BEEP_8M5CL_4744_2.jpg,8751563,2026-06-08 10:38:38,4744,990.0,899.0,990.0,57119.0,0.0
260601_1543_D613603_107_SMP_8M6CL_19_3.jpg,8303078,2026-06-01 18:50:50,19,630.0,720.0,720.0,6264.0,0.0
260705_0025_D612481_008_BEEP_8M6CL_9_3.jpg,8272234,2026-07-05 01:31:02,9,449.0,449.0,450.0,4104.0,83.0
260704_1533_D614248_015_BEEP_8M5CL_1494_3.jpg,8353068,2026-07-04 17:21:30,1494,720.0,720.0,720.0,11609.0,37.0
260720_0417_D617585_358_SMP_8M6CL_904_2.jpg,8470619,2026-07-20 05:24:30,904,449.0,360.0,450.0,3266.0,2.0
260719_1500_D617625_636_BEEP_8M5CL_5231_2.jpg,8483107,2026-07-19 16:41:58,5231,720.0,720.0,720.0,10323.0,0.0
260704_2240_D613627_644_BEEP_8M6CL_6_3.jpg,8306722,2026-07-05 00:18:42,6,1170.0,1080.0,1170.0,33221.0,37.0
260705_0017_D612481_022_BEEP_8M6CL_54_3.jpg,8272282,2026-07-05 01:31:02,54,720.0,809.0,810.0,8873.0,61.0
260719_1821_D615291_128_SMP_8M5CL_539_3.jpg,8385586,2026-07-19 20:00:29,539,270.0,360.0,360.0,1919.0,0.0
260624_2024_D614268_338_SMP_8M5CL_5279_2.jpg,8342857,2026-06-25 05:36:54,5279,270.0,270.0,270.0,3062.0,2.0
260613_0010_D611465_306_SMP_8M6CL_32_2.jpg,8255981,2026-06-13 00:58:10,32,270.0,270.0,270.0,2010.0,2.0
260709_1523_D615327_197_SMP_8M5CL_621_2.jpg,8922079,2026-07-09 22:33:13,621,270.0,180.0,270.0,908.0,0.0
000000_0000_D617107_177_BEEP_8M6CL_741_2.jpg,8465809,2026-07-21 09:18:21,741,5760.0,3690.0,5760.0,1109700.0,0.0
000000_0000_D617107_025_BEEP_8M6CL_1181_3.jpg,8465813,2026-07-21 09:18:21,1181,809.0,720.0,810.0,9119.0,0.0
000000_0000_D617107_177_BEEP_8M6CL_893_2.jpg,8465809,2026-07-21 09:18:21,893,270.0,270.0,270.0,2006.0,0.0
260720_1931_D615332_508_SMP_8M6CL_26_2.jpg,8403120,2026-07-20 20:48:34,26,270.0,270.0,270.0,1308.0,0.0
260721_0852_D618210_340_BEEP_8M6CL_38_2.jpg,8524654,2026-07-21 11:18:11,38,6750.0,4859.0,6750.0,14166900.0,37.0
260719_1522_D617625_643_SMP_8M5CL_5637_3.jpg,8483224,2026-07-19 16:41:58,5637,270.0,360.0,360.0,2631.0,0.0
260601_0112_D610247_018_SMP_8M6CL_36_2.jpg,8201472,2026-06-01 02:48:29,36,720.0,720.0,720.0,7625.0,83.0
260711_1928_D616510_534_SMP_8M6CL_42_3.jpg,8435216,2026-07-11 20:34:13,42,1170.0,990.0,1170.0,84564.0,0.0
260528_1554_D608630_376_SMP_8M5CL_6329_2.jpg,8128403,2026-05-28 16:53:20,6329,809.0,990.0,990.0,21121.0,83.0
260614_1153_D612820_062_SMP_8M6CL_652_2.jpg,8270194,2026-06-14 15:10:54,652,360.0,360.0,360.0,2510.0,2.0
260611_0739_D611336_091_BEEP_8M6CL_92_3.jpg,8233262,2026-06-11 08:30:36,92,720.0,809.0,810.0,7697.0,0.0
260609_0949_D610257_439_SMP_8M6CL_888_3.jpg,8203336,2026-06-09 11:30:48,888,449.0,449.0,450.0,4951.0,83.0
260529_0439_D610233_031_SMP_8M5CL_7791_2.jpg,8198649,2026-05-29 07:14:24,7791,270.0,270.0,270.0,1602.0,0.0
260711_1928_D616510_249_SMP_8M6CL_20_2.jpg,8435172,2026-07-11 20:34:13,20,360.0,270.0,360.0,2621.0,0.0
260709_2051_D614207_672_BEEP_8M5CL_171_2.jpg,8360404,2026-07-10 03:39:18,171,1080.0,1080.0,1080.0,32974.0,37.0
260711_1928_D616510_249_SMP_8M6CL_51_3.jpg,8435172,2026-07-11 20:34:13,51,809.0,809.0,810.0,16710.0,0.0
260715_0028_D602107_331_SMP_8M6CL_11_3.jpg,7907689,2026-07-15 01:11:34,11,990.0,809.0,990.0,16145.0,0.0
260711_1928_D616510_249_BEEP_8M6CL_39_3.jpg,8435172,2026-07-11 20:34:13,39,809.0,809.0,810.0,15154.0,0.0
260703_1648_D615274_030_SMP_8M5CL_12500_2.jpg,8382635,2026-07-03 17:49:50,12500,540.0,540.0,540.0,6512.0,2.0
260627_0927_D615309_371_BEEP_8M5CL_1471_3.jpg,8393041,2026-06-28 04:56:55,1471,899.0,990.0,990.0,47206.0,0.0
260609_0949_D610257_439_BEEP_8M6CL_923_3.jpg,8203336,2026-06-09 11:30:48,923,270.0,270.0,270.0,2437.0,83.0
260713_0258_D616458_117_SMP_8M5CL_142580_3.jpg,8939600,2026-07-13 04:30:49,142580,720.0,809.0,810.0,14046.0,0.0
260709_1932_D602107_348_SMP_8M6CL_1870_3.jpg,8920049,2026-07-09 20:58:59,1870,2160.0,1980.0,2160.0,559836.0,0.0
260529_0549_D610233_055_BEEP_8M5CL_5221_2.jpg,8198533,2026-05-29 07:14:24,5221,1710.0,1080.0,1710.0,33037.0,0.0
260601_1615_D613603_103_SMP_8M6CL_10_2.jpg,8303269,2026-06-01 18:50:50,10,540.0,720.0,720.0,5275.0,0.0
260709_1523_D615340_803_BEEP_8M5CL_941_2.jpg,8405829,2026-07-09 17:48:10,941,809.0,990.0,990.0,40000.0,83.0
260529_0052_D609168_729_SMP_8M6CL_337_3.jpg,8155448,2026-05-29 02:09:00,337,809.0,270.0,810.0,10027.0,83.0
260712_1858_D615327_200_BEEP_8M6CL_245_2.jpg,8922129,2026-07-13 02:45:15,245,449.0,630.0,630.0,6205.0,0.0
260709_1558_D615340_802_BEEP_8M5CL_3194_2.jpg,8405731,2026-07-09 17:48:10,3194,270.0,360.0,360.0,3990.0,153.0
260704_1533_D614248_015_BEEP_8M5CL_1834_3.jpg,8353068,2026-07-04 17:21:30,1834,270.0,360.0,360.0,3222.0,37.0
260711_1924_D616510_405_BEEP_8M6CL_29_3.jpg,8435220,2026-07-11 20:34:13,29,720.0,540.0,720.0,4603.0,0.0
260601_1514_D608642_377_SMP_8M6CL_98_2.jpg,8129885,2026-06-01 19:39:08,98,720.0,809.0,810.0,9283.0,0.0
260527_1433_D606465_507_SMP_8M6CL_64_3.jpg,8052019,2026-05-27 15:55:11,64,540.0,630.0,630.0,5562.0,83.0
260605_1640_D611335_013_SMP_8M5CL_416_3.jpg,8233445,2026-06-05 21:38:04,416,1349.0,1349.0,1350.0,178596.0,2.0
260711_1924_D616510_405_BEEP_8M6CL_3_3.jpg,8435220,2026-07-11 20:34:13,3,809.0,630.0,810.0,10424.0,0.0
260601_0112_D610247_018_SMP_8M6CL_15_3.jpg,8201472,2026-06-01 02:48:29,15,720.0,809.0,810.0,11771.0,2.0
260704_1533_D614248_015_BEEP_8M5CL_1474_2.jpg,8353068,2026-07-04 17:21:30,1474,1349.0,1530.0,1530.0,326304.0,37.0
260705_0340_D614208_337_SMP_8M5CL_95_3.jpg,8358514,2026-07-05 05:25:14,95,540.0,720.0,720.0,7598.0,83.0
260704_2306_D613627_654_BEEP_8M6CL_276_2.jpg,8306896,2026-07-05 00:18:42,276,809.0,720.0,810.0,13559.0,83.0
260602_2254_D607886_685_SMP_8M6CL_4374_3.jpg,8106406,2026-06-03 01:06:06,4374,630.0,630.0,630.0,6909.0,0.0
260625_1916_D612471_001_SMP_8M6CL_1180_2.jpg,8270145,2026-06-25 21:25:10,1180,270.0,270.0,270.0,2202.0,2.0
260703_2345_D614266_051_BEEP_8M6CL_25_3.jpg,8340068,2026-07-04 01:35:09,25,2160.0,1799.0,2160.0,341970.0,0.0
260709_1558_D615340_802_BEEP_8M5CL_3090_3.jpg,8405731,2026-07-09 17:48:10,3090,1619.0,1440.0,1620.0,405783.0,37.0
260530_2031_D609187_554_BEEP_8M5CL_4995_2.jpg,8161287,2026-05-30 22:20:23,4995,449.0,449.0,450.0,3543.0,83.0
260527_1233_D609160_426_SMP_8M5CL_4232_2.jpg,8154937,2026-05-27 13:50:08,4232,990.0,899.0,990.0,68960.0,83.0
260611_0739_D611336_091_SMP_8M6CL_67_2.jpg,8233262,2026-06-11 08:30:36,67,1260.0,1440.0,1440.0,262539.0,0.0
260708_0743_D616501_084_BEEP_8M5CL_4140_2.jpg,8431270,2026-07-08 10:03:57,4140,1080.0,990.0,1080.0,89721.0,0.0
260625_0522_D613624_026_SMP_8M5CL_150_2.jpg,8304692,2026-06-25 12:07:56,150,630.0,449.0,630.0,8790.0,2.0
260601_1517_D608642_484_BEEP_8M6CL_23_3.jpg,8129956,2026-06-01 19:39:08,23,540.0,540.0,540.0,5467.0,0.0
260608_0637_D610255_102_BEEP_8M5CL_15491_2.jpg,8203435,2026-06-08 07:56:59,15491,360.0,540.0,540.0,7155.0,0.0
260624_1959_D614268_341_BEEP_8M5CL_2189_2.jpg,8342901,2026-06-25 05:36:54,2189,4140.0,4680.0,4680.0,9517500.0,36.0
260614_0200_D613611_633_SMP_8M5CL_1223_3.jpg,8303497,2026-06-14 05:11:00,1223,1170.0,1260.0,1260.0,153194.0,29.0
260709_1558_D615340_802_BEEP_8M5CL_3104_2.jpg,8405731,2026-07-09 17:48:10,3104,1710.0,1440.0,1710.0,188551.0,36.0
260709_1558_D615340_802_BEEP_8M5CL_3094_2.jpg,8405731,2026-07-09 17:48:10,3094,720.0,809.0,810.0,10782.0,94.0
260606_2203_D611332_105_BEEP_8M5CL_427_3.jpg,8233010,2026-06-07 01:53:17,427,990.0,990.0,990.0,42545.0,0.0
260616_1859_D610871_045_SMP_8M6CL_8685_2.jpg,8213245,2026-06-16 20:11:25,8685,270.0,270.0,270.0,1780.0,83.0
260603_0959_D611320_227_SMP_8M6CL_30_3.jpg,8229426,2026-06-03 11:47:40,30,1980.0,1619.0,1980.0,528482.0,0.0
260601_0112_D610247_018_SMP_8M6CL_30_3.jpg,8201472,2026-06-01 02:48:29,30,899.0,809.0,900.0,30841.0,2.0
260530_0127_D610240_006_BEEP_8M6CL_14_2.jpg,8198516,2026-05-30 03:37:14,14,899.0,809.0,900.0,36821.0,0.0
260601_1600_D608642_384_SMP_8M6CL_5_2.jpg,8129916,2026-06-01 19:39:08,5,449.0,449.0,450.0,2210.0,0.0
260625_0734_D612468_663_BEEP_8M5CL_3713_2.jpg,8270323,2026-06-25 10:39:30,3713,1170.0,1260.0,1260.0,202838.0,29.0
260711_1659_D613140_110_SMP_8M5CL_62753_3.jpg,8322181,2026-07-12 00:01:24,62753,1260.0,1349.0,1350.0,23904.0,0.0
260711_0101_D616504_079_BEEP_8M6CL_29_2.jpg,8431649,2026-07-11 02:18:24,29,990.0,1080.0,1080.0,44664.0,37.0
260608_0648_D610255_218_SMP_8M5CL_233_3.jpg,8203446,2026-06-08 22:24:59,233,630.0,540.0,630.0,4344.0,0.0
260527_1433_D606465_507_SMP_8M6CL_82_2.jpg,8052019,2026-05-27 15:55:11,82,449.0,809.0,810.0,14596.0,83.0
260709_1558_D615340_802_BEEP_8M5CL_2966_2.jpg,8405731,2026-07-09 17:48:10,2966,1799.0,2070.0,2070.0,397671.0,36.0
260610_0348_D611443_824_SMP_8M5CL_112_3.jpg,8248090,2026-06-10 07:25:03,112,809.0,899.0,900.0,20148.0,0.0
260704_2240_D613627_644_BEEP_8M6CL_207_3.jpg,8306722,2026-07-05 00:18:42,207,1080.0,720.0,1080.0,20162.0,37.0
260709_1932_D602107_348_SMP_8M6CL_1870_2.jpg,8920049,2026-07-09 20:58:59,1870,2160.0,1980.0,2160.0,559836.0,0.0
260531_0515_D610215_109_SMP_8M5CL_1512_3.jpg,8193331,2026-05-31 06:24:59,1512,1080.0,1170.0,1170.0,97985.0,2.0
260708_0743_D616501_084_BEEP_8M5CL_3090_2.jpg,8431270,2026-07-08 10:03:57,3090,270.0,360.0,360.0,3108.0,0.0
260529_0439_D610233_031_SMP_8M5CL_7886_2.jpg,8198649,2026-05-29 07:14:24,7886,180.0,180.0,180.0,1201.0,0.0
260709_1558_D615340_802_BEEP_8M5CL_3194_3.jpg,8405731,2026-07-09 17:48:10,3194,270.0,360.0,360.0,3990.0,153.0
260531_0541_D607888_820_SMP_8M5CL_24314_3.jpg,8109875,2026-05-31 07:08:34,24314,270.0,360.0,360.0,5353.0,0.0
260530_0127_D610240_006_BEEP_8M6CL_14_3.jpg,8198516,2026-05-30 03:37:14,14,899.0,809.0,900.0,36821.0,0.0
260709_1558_D615340_802_BEEP_8M5CL_3145_2.jpg,8405731,2026-07-09 17:48:10,3145,540.0,449.0,540.0,5659.0,37.0
260710_1409_D615277_272_BEEP_8M5CL_28823_2.jpg,8382761,2026-07-10 20:48:18,28823,4859.0,1260.0,4860.0,737100.0,0.0
260528_0757_D611306_352_SMP_8M6CL_2167_3.jpg,8243202,2026-05-28 10:10:03,2167,899.0,899.0,900.0,61469.0,0.0
260604_2302_D612814_180_BEEP_8M5CL_4356_3.jpg,8267415,2026-06-05 00:18:27,4356,1170.0,1170.0,1170.0,83083.0,37.0
260531_0039_D610229_069_SMP_8M5CL_17584_2.jpg,8190922,2026-05-31 01:56:22,17584,630.0,630.0,630.0,13553.0,2.0
260711_1928_D616510_249_BEEP_8M6CL_157_3.jpg,8435172,2026-07-11 20:34:13,157,720.0,540.0,720.0,10755.0,0.0
260711_1928_D616510_249_SMP_8M6CL_74_3.jpg,8435172,2026-07-11 20:34:13,74,270.0,360.0,360.0,2977.0,0.0
260609_0949_D610257_439_BEEP_8M6CL_917_3.jpg,8203336,2026-06-09 11:30:48,917,809.0,899.0,900.0,30564.0,83.0
260622_1940_D612559_282_BEEP_8M6CL_133_3.jpg,8283259,2026-06-22 21:07:10,133,809.0,899.0,900.0,28351.0,0.0
260709_1558_D615340_802_BEEP_8M5CL_3095_2.jpg,8405731,2026-07-09 17:48:10,3095,1799.0,1440.0,1800.0,276328.0,37.0
260604_1417_D611334_318_SMP_8M5CL_37_3.jpg,8233340,2026-06-04 16:33:43,37,270.0,270.0,270.0,3191.0,0.0
260709_0819_D615338_620_SMP_8M5CL_6723_2.jpg,8405752,2026-07-09 12:39:31,6723,270.0,270.0,270.0,1747.0,2.0
260527_1433_D606465_507_SMP_8M6CL_64_2.jpg,8052019,2026-05-27 15:55:11,64,540.0,630.0,630.0,5562.0,83.0
260711_1928_D616510_249_SMP_8M6CL_77_2.jpg,8435172,2026-07-11 20:34:13,77,449.0,540.0,540.0,3596.0,0.0
260528_1554_D608630_376_SMP_8M5CL_6828_2.jpg,8128403,2026-05-28 16:53:20,6828,360.0,270.0,360.0,2488.0,2.0
260601_1551_D609184_248_SMP_8M6CL_177_2.jpg,8158864,2026-06-01 20:07:14,177,809.0,809.0,810.0,18419.0,2.0
260711_1928_D616510_249_BEEP_8M6CL_73_2.jpg,8435172,2026-07-11 20:34:13,73,899.0,990.0,990.0,25857.0,0.0
260629_2042_D552984_779_BEEP_8M5CL_3054_2.jpg,7865581,2026-06-30 02:46:38,3054,630.0,540.0,630.0,8195.0,0.0
260529_0439_D610233_031_BEEP_8M5CL_8279_3.jpg,8198649,2026-05-29 07:14:24,8279,990.0,809.0,990.0,20366.0,0.0
260610_0810_D613102_022_SMP_8M5CL_28_3.jpg,8312445,2026-06-10 09:41:06,28,180.0,270.0,270.0,1234.0,0.0
260711_0101_D616504_079_BEEP_8M6CL_29_3.jpg,8431649,2026-07-11 02:18:24,29,990.0,1080.0,1080.0,44664.0,37.0
260709_1519_D615340_804_BEEP_8M5CL_1964_3.jpg,8405742,2026-07-09 20:21:16,1964,1080.0,990.0,1080.0,64885.0,83.0
260614_0134_D611451_066_BEEP_8M6CL_122_2.jpg,8250390,2026-06-14 04:45:14,122,1170.0,1260.0,1260.0,66861.0,37.0
260713_1652_D614212_072_BEEP_8M6CL_23_2.jpg,8344638,2026-07-13 17:39:15,23,9000.0,9360.0,9360.0,58425300.0,37.0
260709_1523_D615340_803_BEEP_8M5CL_2386_3.jpg,8405829,2026-07-09 17:48:10,2386,1980.0,1619.0,1980.0,667681.0,36.0
260630_0922_D613635_176_SMP_8M5CL_3473_2.jpg,8306753,2026-06-30 12:37:46,3473,270.0,180.0,270.0,2026.0,83.0
260609_0949_D610257_439_SMP_8M6CL_41_3.jpg,8203336,2026-06-09 11:30:48,41,720.0,720.0,720.0,8806.0,83.0
260617_1903_D611442_267_SMP_8M6CL_5_2.jpg,8247832,2026-06-17 20:45:58,5,270.0,360.0,360.0,2401.0,2.0
260617_2034_D611448_196_BEEP_8M6CL_39_3.jpg,8250396,2026-06-17 22:36:02,39,270.0,270.0,270.0,11463.0,37.0
260611_0739_D611336_091_SMP_8M6CL_67_3.jpg,8233262,2026-06-11 08:30:36,67,1260.0,1440.0,1440.0,262539.0,0.0
260614_2339_D611448_070_SMP_8M5CL_13398_2.jpg,8250409,2026-06-15 01:26:15,13398,990.0,1080.0,1080.0,70404.0,2.0
260709_1932_D602107_348_SMP_8M6CL_1747_2.jpg,8920049,2026-07-09 20:58:59,1747,540.0,540.0,540.0,6363.0,0.0
260610_1737_D611463_568_SMP_8M5CL_353_2.jpg,8255984,2026-06-10 22:24:12,353,809.0,990.0,990.0,25744.0,0.0
260609_0955_D611291_819_BEEP_8M6CL_144_2.jpg,8238855,2026-06-09 11:41:20,144,1080.0,1080.0,1080.0,74293.0,0.0
260609_0949_D610257_439_BEEP_8M6CL_471_2.jpg,8203336,2026-06-09 11:30:48,471,630.0,720.0,720.0,5271.0,83.0
260615_0000_D611448_196_SMP_8M5CL_16878_3.jpg,8250396,2026-06-15 01:26:15,16878,449.0,449.0,450.0,4815.0,2.0
260617_1928_D612484_040_SMP_8M6CL_57_3.jpg,8272173,2026-06-17 21:03:03,57,809.0,899.0,900.0,17871.0,83.0
260609_0439_D611337_527_BEEP_8M5CL_135_3.jpg,8236479,2026-06-09 06:00:30,135,4410.0,3510.0,4410.0,6650100.0,0.0
260601_1631_D609160_426_SMP_8M6CL_7_3.jpg,8154937,2026-06-01 18:54:36,7,1349.0,1619.0,1620.0,206978.0,2.0
260709_1523_D615340_803_BEEP_8M5CL_941_3.jpg,8405829,2026-07-09 17:48:10,941,809.0,990.0,990.0,40000.0,83.0
260601_1514_D608642_377_SMP_8M6CL_111_3.jpg,8129885,2026-06-01 19:39:08,111,630.0,630.0,630.0,7174.0,0.0
260610_0728_D613640_079_SMP_8M6CL_466_3.jpg,8309348,2026-06-10 08:57:11,466,270.0,360.0,360.0,3286.0,0.0
260629_1804_D613616_005_SMP_8M6CL_172_2.jpg,8304413,2026-06-29 19:53:07,172,270.0,360.0,360.0,2690.0,83.0
260601_1638_D609160_427_SMP_8M6CL_1_3.jpg,8155039,2026-06-01 18:54:36,1,720.0,720.0,720.0,9819.0,83.0
260531_0555_D607888_819_BEEP_8M5CL_54927_3.jpg,8109947,2026-05-31 07:08:34,54927,720.0,809.0,810.0,11415.0,0.0
260711_1924_D616510_405_BEEP_8M6CL_9_3.jpg,8435220,2026-07-11 20:34:13,9,360.0,449.0,450.0,2898.0,0.0
260708_0743_D616501_084_BEEP_8M5CL_1659_3.jpg,8431270,2026-07-08 10:03:57,1659,990.0,630.0,990.0,31057.0,0.0
260711_1928_D616510_249_BEEP_8M6CL_137_2.jpg,8435172,2026-07-11 20:34:13,137,449.0,449.0,450.0,3436.0,0.0
260529_0439_D610233_031_SMP_8M5CL_8494_2.jpg,8198649,2026-05-29 07:14:24,8494,360.0,360.0,360.0,4722.0,0.0
260709_1928_D602107_344_BEEP_8M6CL_17_2.jpg,8919962,2026-07-09 20:58:59,17,449.0,449.0,450.0,4490.0,83.0
260528_0839_D611306_351_SMP_8M6CL_409_2.jpg,8243175,2026-05-28 10:10:03,409,449.0,540.0,540.0,4399.0,0.0
260601_1600_D608642_384_SMP_8M6CL_36_3.jpg,8129916,2026-06-01 19:39:08,36,360.0,270.0,360.0,2423.0,0.0
260624_1426_D613142_039_BEEP_8M5CL_201447_3.jpg,8322064,2026-06-24 16:32:09,201447,3960.0,3599.0,3960.0,8602200.0,36.0
260530_0206_D610240_008_BEEP_8M6CL_137_2.jpg,8198623,2026-05-30 03:37:14,137,270.0,540.0,540.0,2607.0,0.0
260630_1600_D611338_055_SMP_8M5CL_181_3.jpg,8234594,2026-06-30 17:35:15,181,899.0,899.0,900.0,27971.0,83.0
260704_1533_D614248_015_BEEP_8M5CL_1939_2.jpg,8353068,2026-07-04 17:21:30,1939,540.0,449.0,540.0,4482.0,37.0
260704_2306_D613627_654_SMP_8M6CL_148476_3.jpg,8306896,2026-07-05 00:18:42,148476,270.0,180.0,270.0,1592.0,83.0
260705_2143_D615294_076_SMP_8M5CL_7108_2.jpg,8385575,2026-07-05 23:26:08,7108,809.0,990.0,990.0,28660.0,2.0
260609_0949_D610257_439_SMP_8M6CL_88_3.jpg,8203336,2026-06-09 11:30:48,88,360.0,360.0,360.0,3588.0,83.0
260624_1426_D613142_039_SMP_8M5CL_108629_3.jpg,8322064,2026-06-24 16:32:09,108629,899.0,809.0,900.0,15913.0,2.0
260704_1533_D614248_015_BEEP_8M5CL_1622_2.jpg,8353068,2026-07-04 17:21:30,1622,270.0,360.0,360.0,3683.0,37.0
260611_2146_D611324_270_SMP_8M6CL_958_3.jpg,8748449,2026-06-11 23:23:42,958,720.0,809.0,810.0,15237.0,0.0
260529_2051_D610225_695_SMP_8M5CL_1780_2.jpg,8191019,2026-05-29 22:55:13,1780,720.0,720.0,720.0,9075.0,2.0
260531_0541_D607888_820_SMP_8M5CL_71239_2.jpg,8109875,2026-05-31 07:08:34,71239,270.0,270.0,270.0,3024.0,0.0
260606_1556_D610254_370_BEEP_8M5CL_13351_2.jpg,8203438,2026-06-06 18:45:22,13351,1890.0,2969.0,2970.0,3231900.0,61.0
260604_0647_D611325_077_SMP_8M5CL_68735_3.jpg,8229498,2026-06-04 08:42:07,68735,270.0,360.0,360.0,2645.0,2.0
260709_1523_D615340_803_BEEP_8M5CL_2247_2.jpg,8405829,2026-07-09 17:48:10,2247,1260.0,1080.0,1260.0,105166.0,29.0
260709_1928_D602107_344_BEEP_8M6CL_17_3.jpg,8919962,2026-07-09 20:58:59,17,449.0,449.0,450.0,4490.0,83.0
260606_1650_D610254_422_BEEP_8M5CL_11120_2.jpg,8203492,2026-06-06 18:45:22,11120,809.0,809.0,810.0,24361.0,83.0
260708_0743_D616501_084_BEEP_8M5CL_3090_3.jpg,8431270,2026-07-08 10:03:57,3090,270.0,360.0,360.0,3108.0,0.0
260529_0439_D610233_031_SMP_8M5CL_962_3.jpg,8198649,2026-05-29 07:14:24,962,360.0,360.0,360.0,4615.0,0.0
260531_2352_D610234_073_BEEP_8M5CL_13056_3.jpg,8198760,2026-06-01 01:13:48,13056,360.0,899.0,900.0,16085.0,37.0
260528_1554_D608630_376_SMP_8M5CL_6487_2.jpg,8128403,2026-05-28 16:53:20,6487,809.0,899.0,900.0,18680.0,2.0
260711_1928_D616510_534_BEEP_8M6CL_46_3.jpg,8435216,2026-07-11 20:34:13,46,630.0,720.0,720.0,7364.0,0.0
260607_2019_D611324_265_SMP_8M5CL_1530_3.jpg,8229455,2026-06-07 23:42:41,1530,809.0,720.0,810.0,17616.0,0.0
260709_1523_D615340_803_BEEP_8M5CL_2003_3.jpg,8405829,2026-07-09 17:48:10,2003,1710.0,1799.0,1800.0,414279.0,36.0
260603_0959_D611320_227_SMP_8M6CL_60_2.jpg,8229426,2026-06-03 11:47:40,60,720.0,630.0,720.0,6605.0,0.0
260706_1734_D614260_009_BEEP_8M5CL_96_3.jpg,8356800,2026-07-06 20:00:50,96,1349.0,1530.0,1530.0,185024.0,61.0
260609_0439_D611337_527_BEEP_8M5CL_135_2.jpg,8236479,2026-06-09 06:00:30,135,4410.0,3510.0,4410.0,6650100.0,0.0
260703_0051_D614247_030_SMP_8M6CL_40_3.jpg,8353023,2026-07-03 07:12:35,40,360.0,270.0,360.0,2087.0,2.0
260711_1924_D616510_405_SMP_8M6CL_22_3.jpg,8435220,2026-07-11 20:34:13,22,270.0,270.0,270.0,1551.0,0.0
260709_1558_D615340_802_BEEP_8M5CL_3199_2.jpg,8405731,2026-07-09 17:48:10,3199,2250.0,2790.0,2790.0,1098485.0,36.0
260708_0743_D616501_084_BEEP_8M5CL_4140_3.jpg,8431270,2026-07-08 10:03:57,4140,1080.0,990.0,1080.0,89721.0,0.0
260711_1924_D616510_405_SMP_8M6CL_22_2.jpg,8435220,2026-07-11 20:34:13,22,270.0,270.0,270.0,1551.0,0.0
260528_0839_D611306_351_SMP_8M6CL_1312_2.jpg,8243175,2026-05-28 10:10:03,1312,720.0,809.0,810.0,10826.0,0.0
260608_0637_D610255_102_BEEP_8M5CL_3220_2.jpg,8203435,2026-06-08 07:56:59,3220,1260.0,1170.0,1260.0,217731.0,0.0
260607_1500_D611325_077_BEEP_8M6CL_81112_2.jpg,8229498,2026-06-07 16:23:11,81112,990.0,899.0,990.0,69607.0,37.0
260703_0051_D614247_030_BEEP_8M6CL_38_2.jpg,8353023,2026-07-03 07:12:35,38,899.0,1080.0,1080.0,30200.0,83.0
260601_1631_D609160_426_SMP_8M6CL_26_3.jpg,8154937,2026-06-01 18:54:36,26,270.0,360.0,360.0,4575.0,2.0
260711_1924_D616510_405_BEEP_8M6CL_9_2.jpg,8435220,2026-07-11 20:34:13,9,360.0,449.0,450.0,2898.0,0.0
260627_0927_D615309_371_BEEP_8M5CL_1471_2.jpg,8393041,2026-06-28 04:56:55,1471,899.0,990.0,990.0,47206.0,0.0
260711_1928_D616510_534_SMP_8M6CL_14_3.jpg,8435216,2026-07-11 20:34:13,14,720.0,899.0,900.0,12535.0,0.0
260709_1523_D615340_803_BEEP_8M5CL_2386_2.jpg,8405829,2026-07-09 17:48:10,2386,1980.0,1619.0,1980.0,667681.0,36.0
260625_2235_D613621_076_BEEP_8M5CL_2480_2.jpg,8304668,2026-06-25 23:53:24,2480,449.0,449.0,450.0,4370.0,83.0
260711_1928_D616510_249_SMP_8M6CL_20_3.jpg,8435172,2026-07-11 20:34:13,20,360.0,270.0,360.0,2621.0,0.0
260607_0206_D610245_675_BEEP_8M6CL_248_2.jpg,8201411,2026-06-07 03:22:32,248,1260.0,1349.0,1350.0,226729.0,0.0
260615_0021_D611448_176_SMP_8M5CL_2097_3.jpg,8250302,2026-06-15 01:26:15,2097,360.0,270.0,360.0,2380.0,83.0
260531_2021_D608630_376_BEEP_8M6CL_403_3.jpg,8128403,2026-05-31 20:59:27,403,1710.0,1890.0,1890.0,302823.0,37.0
260531_2021_D608630_376_BEEP_8M6CL_409_3.jpg,8128403,2026-05-31 20:59:27,409,3239.0,2969.0,3240.0,4527900.0,37.0
260711_1928_D616510_534_BEEP_8M6CL_30_3.jpg,8435216,2026-07-11 20:34:13,30,360.0,449.0,450.0,2184.0,0.0
260606_0740_D610259_336_SMP_8M5CL_10268_3.jpg,8203379,2026-06-06 09:04:33,10268,720.0,809.0,810.0,12208.0,0.0
260709_1410_D615327_055_SMP_8M5CL_3348_2.jpg,8399594,2026-07-09 19:29:12,3348,360.0,449.0,450.0,7180.0,0.0
260711_1928_D616510_249_BEEP_8M6CL_9_2.jpg,8435172,2026-07-11 20:34:13,9,449.0,720.0,720.0,7244.0,0.0
260709_1352_D615295_162_BEEP_8M5CL_2_3.jpg,8385652,2026-07-09 23:08:27,2,1980.0,1799.0,1980.0,484875.0,37.0
260601_1517_D608642_484_SMP_8M6CL_25_2.jpg,8129956,2026-06-01 19:39:08,25,360.0,360.0,360.0,2560.0,0.0
260711_1928_D616510_249_SMP_8M6CL_113_3.jpg,8435172,2026-07-11 20:34:13,113,270.0,270.0,270.0,2081.0,0.0
260601_2129_D611309_103_BEEP_8M6CL_121_3.jpg,8242831,2026-06-01 23:59:53,121,360.0,180.0,360.0,24260.0,37.0
260610_1044_D613608_701_SMP_8M6CL_13_2.jpg,8303397,2026-06-10 12:47:45,13,809.0,809.0,810.0,10561.0,0.0
260623_2128_D615273_028_BEEP_8M6CL_19118_2.jpg,8382763,2026-06-23 23:47:05,19118,1530.0,1890.0,1890.0,97010.0,37.0
260709_1558_D615340_802_BEEP_8M5CL_3155_2.jpg,8405731,2026-07-09 17:48:10,3155,1619.0,1530.0,1620.0,300608.0,37.0
260709_1523_D615340_803_BEEP_8M5CL_2003_2.jpg,8405829,2026-07-09 17:48:10,2003,1710.0,1799.0,1800.0,414279.0,36.0
260627_1832_D611462_026_SMP_8M6CL_6_2.jpg,8255998,2026-06-27 20:51:15,6,360.0,360.0,360.0,3632.0,83.0
260608_0637_D610255_102_SMP_8M5CL_3249_3.jpg,8203435,2026-06-08 07:56:59,3249,449.0,449.0,450.0,2356.0,0.0
260614_1737_D611459_030_SMP_8M6CL_81_3.jpg,8252913,2026-06-14 18:44:25,81,1170.0,1170.0,1170.0,102341.0,2.0
260711_1928_D616510_249_BEEP_8M6CL_106_3.jpg,8435172,2026-07-11 20:34:13,106,1349.0,1260.0,1350.0,82460.0,0.0
260715_1843_D615452_082_SMP_8M6CL_15_2.jpg,8937540,2026-07-15 19:22:40,15,2160.0,2160.0,2160.0,617173.0,0.0
260623_1454_D614218_090_SMP_8M6CL_10_3.jpg,8344929,2026-06-23 23:55:48,10,540.0,720.0,720.0,3972.0,0.0
260528_1554_D608630_376_SMP_8M5CL_6883_2.jpg,8128403,2026-05-28 16:53:20,6883,809.0,899.0,900.0,21479.0,37.0
260711_1928_D616510_249_BEEP_8M6CL_14_3.jpg,8435172,2026-07-11 20:34:13,14,1260.0,1619.0,1620.0,71751.0,0.0
260704_2302_D613627_669_BEEP_8M6CL_648_2.jpg,8306875,2026-07-05 01:46:43,648,19620.0,25290.0,25290.0,78983104.0,37.0
260606_0706_D610259_361_SMP_8M5CL_10716_3.jpg,8740362,2026-06-06 08:29:07,10716,809.0,809.0,810.0,22193.0,0.0
260711_1921_D616510_308_SMP_8M6CL_7_2.jpg,8435123,2026-07-11 20:34:13,7,809.0,720.0,810.0,10098.0,0.0
260704_1533_D614248_015_BEEP_8M5CL_1452_3.jpg,8353068,2026-07-04 17:21:30,1452,1530.0,1260.0,1530.0,148249.0,37.0
260614_1854_D612479_188_SMP_8M6CL_22_2.jpg,8272262,2026-06-14 19:56:33,22,1890.0,1980.0,1980.0,715775.0,2.0
260709_1523_D615340_803_BEEP_8M5CL_2247_3.jpg,8405829,2026-07-09 17:48:10,2247,1260.0,1080.0,1260.0,105166.0,29.0
260608_0637_D610255_102_SMP_8M5CL_3192_3.jpg,8203435,2026-06-08 07:56:59,3192,270.0,270.0,270.0,1956.0,0.0
260530_0356_D610247_017_BEEP_8M5CL_5256_2.jpg,8201479,2026-05-30 05:41:21,5256,720.0,990.0,990.0,19462.0,37.0
260604_2237_D612814_181_SMP_8M5CL_4518_2.jpg,8267476,2026-06-05 00:18:27,4518,270.0,270.0,270.0,1274.0,2.0
260529_0439_D610233_031_SMP_8M5CL_245_2.jpg,8198649,2026-05-29 07:14:24,245,360.0,270.0,360.0,2736.0,0.0
260601_1540_D613603_102_BEEP_8M6CL_80_3.jpg,8303079,2026-06-01 18:50:50,80,1349.0,1440.0,1440.0,71709.0,0.0
260711_1928_D616510_249_BEEP_8M6CL_104_2.jpg,8435172,2026-07-11 20:34:13,104,449.0,540.0,540.0,6456.0,0.0
260614_2322_D611442_325_BEEP_8M5CL_3177_2.jpg,8247846,2026-06-15 02:00:03,3177,1170.0,1170.0,1170.0,174723.0,37.0
260528_2035_D608645_152_SMP_8M5CL_111_3.jpg,8134309,2026-05-28 22:40:47,111,180.0,270.0,270.0,1755.0,2.0
260610_0347_D611326_045_SMP_8M6CL_28_3.jpg,8229469,2026-06-10 04:44:49,28,1530.0,1619.0,1620.0,233494.0,0.0
260607_1500_D611325_077_BEEP_8M6CL_81112_3.jpg,8229498,2026-06-07 16:23:11,81112,990.0,899.0,990.0,69607.0,37.0
260709_1558_D615340_802_BEEP_8M5CL_3145_3.jpg,8405731,2026-07-09 17:48:10,3145,540.0,449.0,540.0,5659.0,37.0
260531_0555_D607888_819_BEEP_8M5CL_54927_2.jpg,8109947,2026-05-31 07:08:34,54927,720.0,809.0,810.0,11415.0,0.0
260607_1530_D613639_710_SMP_8M5CL_3377_2.jpg,8309306,2026-06-07 17:19:00,3377,720.0,630.0,720.0,10410.0,83.0
260617_2015_D611448_070_BEEP_8M6CL_70_2.jpg,8250409,2026-06-17 22:36:02,70,90.0,90.0,90.0,3616.0,37.0
260709_1410_D615327_055_SMP_8M5CL_3114_3.jpg,8399594,2026-07-09 19:29:12,3114,360.0,360.0,360.0,3100.0,0.0
260711_1924_D616510_405_BEEP_8M6CL_2_3.jpg,8435220,2026-07-11 20:34:13,2,630.0,540.0,630.0,5090.0,0.0
260711_1928_D616510_249_SMP_8M6CL_3_3.jpg,8435172,2026-07-11 20:34:13,3,360.0,270.0,360.0,2063.0,0.0
260711_1928_D616510_249_BEEP_8M6CL_2_2.jpg,8435172,2026-07-11 20:34:13,2,809.0,720.0,810.0,27601.0,0.0
260530_0151_D608639_293_BEEP_8M5CL_3790_2.jpg,8130237,2026-05-30 03:47:42,3790,899.0,1170.0,1170.0,185412.0,37.0
260711_0101_D616504_079_BEEP_8M6CL_156_3.jpg,8431649,2026-07-11 02:18:24,156,899.0,899.0,900.0,35889.0,83.0
260606_0706_D610259_361_SMP_8M5CL_11266_3.jpg,8740362,2026-06-06 08:29:07,11266,449.0,630.0,630.0,5218.0,0.0
260608_0637_D610255_102_SMP_8M5CL_2086_2.jpg,8203435,2026-06-08 07:56:59,2086,809.0,270.0,810.0,8411.0,0.0
260711_1928_D616510_249_BEEP_8M6CL_63_3.jpg,8435172,2026-07-11 20:34:13,63,809.0,899.0,900.0,15199.0,0.0
260711_1928_D616510_249_BEEP_8M6CL_71_2.jpg,8435172,2026-07-11 20:34:13,71,1349.0,2070.0,2070.0,60460.0,0.0
260618_0307_D613630_639_SMP_8M6CL_443_3.jpg,8307029,2026-06-18 07:00:13,443,270.0,360.0,360.0,2370.0,0.0
260529_0052_D609168_729_BEEP_8M6CL_354_2.jpg,8155448,2026-05-29 02:09:00,354,809.0,720.0,810.0,9955.0,37.0
260709_1558_D615340_802_BEEP_8M5CL_2973_3.jpg,8405731,2026-07-09 17:48:10,2973,1170.0,1170.0,1170.0,22989.0,36.0
260601_1540_D613603_102_BEEP_8M6CL_80_2.jpg,8303079,2026-06-01 18:50:50,80,1349.0,1440.0,1440.0,71709.0,0.0
260711_1928_D616510_249_BEEP_8M6CL_9_3.jpg,8435172,2026-07-11 20:34:13,9,449.0,720.0,720.0,7244.0,0.0
260618_0307_D613630_639_SMP_8M6CL_443_2.jpg,8307029,2026-06-18 07:00:13,443,270.0,360.0,360.0,2370.0,0.0
260711_1928_D616510_534_SMP_8M6CL_41_3.jpg,8435216,2026-07-11 20:34:13,41,720.0,720.0,720.0,7790.0,0.0
260711_1928_D616510_249_SMP_8M6CL_11_2.jpg,8435172,2026-07-11 20:34:13,11,809.0,899.0,900.0,80296.0,0.0
260711_1931_D616510_283_SMP_8M6CL_6_3.jpg,8435090,2026-07-11 20:34:13,6,360.0,360.0,360.0,2306.0,0.0
260529_0439_D610233_031_SMP_8M5CL_8944_2.jpg,8198649,2026-05-29 07:14:24,8944,720.0,630.0,720.0,10015.0,0.0
260711_0101_D616504_079_BEEP_8M6CL_156_2.jpg,8431649,2026-07-11 02:18:24,156,899.0,899.0,900.0,35889.0,83.0
260709_2051_D614207_672_BEEP_8M5CL_171_3.jpg,8360404,2026-07-10 03:39:18,171,1080.0,1080.0,1080.0,32974.0,37.0
260716_1711_D613632_027_SMP_8M5CL_5129_3.jpg,8306728,2026-07-16 18:10:02,5129,270.0,270.0,270.0,1873.0,153.0
260608_0531_D611336_003_SMP_8M5CL_29841_3.jpg,8233292,2026-06-08 06:46:40,29841,630.0,630.0,630.0,5309.0,0.0
260709_1410_D615327_055_SMP_8M5CL_2968_3.jpg,8399594,2026-07-09 19:29:12,2968,360.0,360.0,360.0,2951.0,0.0
260715_0028_D602107_331_SMP_8M6CL_11_2.jpg,7907689,2026-07-15 01:11:34,11,990.0,809.0,990.0,16145.0,0.0
260610_0339_D611326_043_SMP_8M6CL_188_2.jpg,8229609,2026-06-10 04:44:49,188,360.0,449.0,450.0,2698.0,0.0
260603_0956_D611320_231_SMP_8M6CL_105_3.jpg,8229522,2026-06-03 11:47:40,105,360.0,270.0,360.0,2746.0,0.0
260625_1916_D612471_001_SMP_8M6CL_1168_2.jpg,8270145,2026-06-25 21:25:10,1168,1080.0,1170.0,1170.0,30248.0,2.0
260709_2055_D614207_665_BEEP_8M5CL_611_2.jpg,8360487,2026-07-10 00:51:19,611,449.0,720.0,720.0,12899.0,37.0
260529_0439_D610233_031_SMP_8M5CL_189_3.jpg,8198649,2026-05-29 07:14:24,189,899.0,809.0,900.0,7439.0,0.0
260711_1928_D616510_249_SMP_8M6CL_51_2.jpg,8435172,2026-07-11 20:34:13,51,809.0,809.0,810.0,16710.0,0.0
260703_0051_D614247_030_BEEP_8M6CL_53_2.jpg,8353023,2026-07-03 07:12:35,53,360.0,449.0,450.0,2912.0,83.0
260627_0930_D615309_313_BEEP_8M5CL_83_3.jpg,8393107,2026-06-28 04:56:55,83,540.0,360.0,540.0,4530.0,0.0
260528_1724_D608625_015_SMP_8M5CL_1435_2.jpg,8126486,2026-05-28 19:02:56,1435,809.0,720.0,810.0,17124.0,2.0
260608_0637_D610255_102_BEEP_8M5CL_4003_2.jpg,8203435,2026-06-08 07:56:59,4003,899.0,1080.0,1080.0,31781.0,0.0
260625_0734_D612468_663_SMP_8M5CL_3718_2.jpg,8270323,2026-06-25 10:39:30,3718,270.0,360.0,360.0,2977.0,2.0
260716_1711_D613632_027_SMP_8M5CL_5129_2.jpg,8306728,2026-07-16 18:10:02,5129,270.0,270.0,270.0,1873.0,153.0
260611_2146_D611324_270_SMP_8M6CL_976_3.jpg,8748449,2026-06-11 23:23:42,976,1440.0,1440.0,1440.0,338184.0,0.0
260627_0927_D615309_371_BEEP_8M5CL_1232_3.jpg,8393041,2026-06-28 04:56:55,1232,360.0,449.0,450.0,5287.0,0.0
260626_0901_D612536_037_SMP_8M5CL_228242_3.jpg,8287716,2026-06-27 09:41:27,228242,720.0,720.0,720.0,10078.0,0.0
260530_1734_D609178_002_SMP_8M6CL_1251_3.jpg,8158921,2026-05-30 19:17:23,1251,270.0,630.0,630.0,5762.0,83.0
260705_1802_D545903_269_BEEP_8M5CL_2634_2.jpg,8830458,2026-07-05 20:02:25,2634,1619.0,1619.0,1620.0,274959.0,37.0
260704_1533_D614248_015_BEEP_8M5CL_1621_2.jpg,8353068,2026-07-04 17:21:30,1621,809.0,809.0,810.0,19519.0,37.0
260709_1558_D615340_802_BEEP_8M5CL_3090_2.jpg,8405731,2026-07-09 17:48:10,3090,1619.0,1440.0,1620.0,405783.0,37.0
260711_1829_D614209_204_BEEP_8M5CL_130_2.jpg,8360412,2026-07-11 22:18:29,130,1440.0,2070.0,2070.0,255543.0,29.0
260610_1044_D613608_701_SMP_8M6CL_58_2.jpg,8303397,2026-06-10 12:47:45,58,360.0,270.0,360.0,2546.0,0.0
260711_1928_D616510_249_BEEP_8M6CL_124_3.jpg,8435172,2026-07-11 20:34:13,124,1440.0,1440.0,1440.0,216186.0,0.0
260709_0609_D615294_076_BEEP_8M6CL_328_2.jpg,8385575,2026-07-09 08:55:34,328,2340.0,7830.0,7830.0,4503600.0,37.0
260608_0637_D610255_102_BEEP_8M5CL_3220_3.jpg,8203435,2026-06-08 07:56:59,3220,1260.0,1170.0,1260.0,217731.0,0.0
260609_0949_D610257_439_SMP_8M6CL_88_2.jpg,8203336,2026-06-09 11:30:48,88,360.0,360.0,360.0,3588.0,83.0
260527_1233_D609160_426_BEEP_8M5CL_2139_3.jpg,8154937,2026-05-27 13:50:08,2139,899.0,990.0,990.0,38352.0,29.0
260528_2035_D608645_152_SMP_8M5CL_111_2.jpg,8134309,2026-05-28 22:40:47,111,180.0,270.0,270.0,1755.0,2.0
260711_1924_D616510_405_BEEP_8M6CL_2_2.jpg,8435220,2026-07-11 20:34:13,2,630.0,540.0,630.0,5090.0,0.0
260709_1558_D615340_802_BEEP_8M5CL_3167_2.jpg,8405731,2026-07-09 17:48:10,3167,1530.0,990.0,1530.0,102632.0,37.0
260711_1928_D616510_249_BEEP_8M6CL_71_3.jpg,8435172,2026-07-11 20:34:13,71,1349.0,2070.0,2070.0,60460.0,0.0
260704_1533_D614248_015_BEEP_8M5CL_1806_2.jpg,8353068,2026-07-04 17:21:30,1806,270.0,360.0,360.0,2742.0,37.0
260711_1928_D616510_249_SMP_8M6CL_113_2.jpg,8435172,2026-07-11 20:34:13,113,270.0,270.0,270.0,2081.0,0.0
260711_1928_D616510_249_SMP_8M6CL_74_2.jpg,8435172,2026-07-11 20:34:13,74,270.0,360.0,360.0,2977.0,0.0
260711_1928_D616510_534_SMP_8M6CL_14_2.jpg,8435216,2026-07-11 20:34:13,14,720.0,899.0,900.0,12535.0,0.0
260715_0028_D602107_331_SMP_8M6CL_2_2.jpg,7907689,2026-07-15 01:11:34,2,270.0,270.0,270.0,1717.0,0.0
260711_1924_D616510_405_BEEP_8M6CL_5_3.jpg,8435220,2026-07-11 20:34:13,5,1710.0,1440.0,1710.0,213239.0,0.0
260531_2021_D608630_376_BEEP_8M6CL_402_2.jpg,8128403,2026-05-31 20:59:27,402,1260.0,1440.0,1440.0,157755.0,37.0
260711_1928_D616510_249_SMP_8M6CL_82_3.jpg,8435172,2026-07-11 20:34:13,82,720.0,809.0,810.0,12499.0,0.0
260711_1928_D616510_534_SMP_8M6CL_10_3.jpg,8435216,2026-07-11 20:34:13,10,270.0,270.0,270.0,2239.0,0.0
260601_0112_D610247_018_SMP_8M6CL_42_3.jpg,8201472,2026-06-01 02:48:29,42,809.0,809.0,810.0,29718.0,83.0
260601_1528_D608642_400_SMP_8M6CL_75_3.jpg,8129895,2026-06-01 19:39:08,75,360.0,270.0,360.0,2178.0,0.0
260612_0429_D611326_066_SMP_8M6CL_88_3.jpg,8745711,2026-06-12 05:52:47,88,809.0,809.0,810.0,13868.0,0.0
260711_1928_D616510_249_BEEP_8M6CL_160_2.jpg,8435172,2026-07-11 20:34:13,160,899.0,899.0,900.0,36591.0,0.0
260604_0250_D611331_020_SMP_8M5CL_6362_2.jpg,8233239,2026-06-04 07:50:50,6362,449.0,449.0,450.0,4733.0,0.0
260711_1928_D616510_249_SMP_8M6CL_77_3.jpg,8435172,2026-07-11 20:34:13,77,449.0,540.0,540.0,3596.0,0.0
260625_1916_D612471_001_SMP_8M6CL_3_3.jpg,8270145,2026-06-25 21:25:10,3,360.0,449.0,450.0,2601.0,2.0
260608_2115_D611434_537_SMP_8M6CL_278_3.jpg,8258605,2026-06-08 22:55:29,278,360.0,360.0,360.0,3159.0,0.0
260601_1600_D608642_384_SMP_8M6CL_32_2.jpg,8129916,2026-06-01 19:39:08,32,720.0,720.0,720.0,5622.0,0.0
260709_1558_D615340_802_BEEP_8M5CL_3206_3.jpg,8405731,2026-07-09 17:48:10,3206,990.0,990.0,990.0,43105.0,37.0
260610_1713_D611324_265_SMP_8M6CL_1835_2.jpg,8229455,2026-06-10 18:33:25,1835,270.0,360.0,360.0,2728.0,0.0
260610_0728_D613640_079_SMP_8M6CL_526_2.jpg,8309348,2026-06-10 08:57:11,526,360.0,449.0,450.0,2342.0,0.0
260709_1558_D615340_802_BEEP_8M5CL_3095_3.jpg,8405731,2026-07-09 17:48:10,3095,1799.0,1440.0,1800.0,276328.0,37.0
260630_0023_D613607_083_BEEP_8M5CL_42_2.jpg,8303599,2026-06-30 03:19:13,42,990.0,1080.0,1080.0,113481.0,37.0
260711_1928_D616510_534_SMP_8M6CL_10_2.jpg,8435216,2026-07-11 20:34:13,10,270.0,270.0,270.0,2239.0,0.0
260527_1433_D606465_507_SMP_8M6CL_90_2.jpg,8052019,2026-05-27 15:55:11,90,270.0,360.0,360.0,2156.0,2.0
260601_0940_D608625_015_BEEP_8M6CL_365_3.jpg,8126486,2026-06-01 11:55:34,365,8549.0,7109.0,8550.0,31500900.0,37.0
260704_1533_D614248_015_BEEP_8M5CL_1474_3.jpg,8353068,2026-07-04 17:21:30,1474,1349.0,1530.0,1530.0,326304.0,37.0
260709_1932_D602107_348_SMP_8M6CL_1747_3.jpg,8920049,2026-07-09 20:58:59,1747,540.0,540.0,540.0,6363.0,0.0
260601_0112_D610247_018_SMP_8M6CL_30_2.jpg,8201472,2026-06-01 02:48:29,30,899.0,809.0,900.0,30841.0,2.0
260605_0055_D610266_306_BEEP_8M6CL_677_2.jpg,8206995,2026-06-05 03:42:45,677,630.0,720.0,720.0,7162.0,83.0
260604_1417_D611334_318_SMP_8M5CL_37_2.jpg,8233340,2026-06-04 16:33:43,37,270.0,270.0,270.0,3191.0,0.0
260531_2101_D608633_026_SMP_8M6CL_46_3.jpg,8128557,2026-05-31 21:42:02,46,449.0,720.0,720.0,5990.0,13.0
260711_1928_D616510_249_BEEP_8M6CL_105_2.jpg,8435172,2026-07-11 20:34:13,105,809.0,809.0,810.0,22997.0,0.0
260715_0028_D602107_331_SMP_8M6CL_2_3.jpg,7907689,2026-07-15 01:11:34,2,270.0,270.0,270.0,1717.0,0.0
260601_1517_D608642_484_SMP_8M6CL_46_3.jpg,8129956,2026-06-01 19:39:08,46,809.0,720.0,810.0,9643.0,0.0
260625_1916_D612471_001_SMP_8M6CL_5_2.jpg,8270145,2026-06-25 21:25:10,5,540.0,630.0,630.0,4947.0,2.0
260711_0101_D616504_079_BEEP_8M6CL_30_3.jpg,8431649,2026-07-11 02:18:24,30,1349.0,1260.0,1350.0,272304.0,61.0
260528_1554_D608630_376_SMP_8M5CL_6222_2.jpg,8128403,2026-05-28 16:53:20,6222,270.0,270.0,270.0,1422.0,2.0
260614_2237_D612484_047_BEEP_8M5CL_12091_2.jpg,8272214,2026-06-14 23:59:04,12091,540.0,449.0,540.0,5446.0,61.0
260625_1916_D612471_001_BEEP_8M6CL_1164_2.jpg,8270145,2026-06-25 21:25:10,1164,449.0,360.0,450.0,3373.0,83.0
260711_1928_D616510_249_BEEP_8M6CL_105_3.jpg,8435172,2026-07-11 20:34:13,105,809.0,809.0,810.0,22997.0,0.0
260614_2244_D612484_040_SMP_8M5CL_744_3.jpg,8272173,2026-06-14 23:59:04,744,360.0,360.0,360.0,3924.0,2.0
260624_2017_D614268_335_SMP_8M5CL_7419_3.jpg,8342816,2026-06-25 05:36:54,7419,360.0,360.0,360.0,5970.0,83.0
260528_2035_D608645_152_SMP_8M5CL_693_3.jpg,8134309,2026-05-28 22:40:47,693,270.0,360.0,360.0,2079.0,2.0
260711_1928_D616510_249_BEEP_8M6CL_157_2.jpg,8435172,2026-07-11 20:34:13,157,720.0,540.0,720.0,10755.0,0.0
260608_0637_D610255_102_SMP_8M5CL_11953_3.jpg,8203435,2026-06-08 07:56:59,11953,360.0,270.0,360.0,2332.0,0.0
260601_1600_D608642_384_SMP_8M6CL_150_3.jpg,8129916,2026-06-01 19:39:08,150,449.0,630.0,630.0,4010.0,0.0
260711_1928_D616510_249_BEEP_8M6CL_124_2.jpg,8435172,2026-07-11 20:34:13,124,1440.0,1440.0,1440.0,216186.0,0.0
260527_1107_D609184_253_SMP_8M5CL_1507_3.jpg,8158840,2026-05-27 12:21:50,1507,360.0,360.0,360.0,4370.0,2.0
260711_1928_D616510_249_BEEP_8M6CL_121_2.jpg,8435172,2026-07-11 20:34:13,121,720.0,720.0,720.0,7655.0,0.0
260606_2203_D611332_105_BEEP_8M5CL_3_3.jpg,8233010,2026-06-07 01:53:17,3,360.0,449.0,450.0,2407.0,0.0
260704_1533_D614248_015_BEEP_8M5CL_1863_2.jpg,8353068,2026-07-04 17:21:30,1863,1170.0,990.0,1170.0,118098.0,37.0
260609_0949_D610257_439_SMP_8M6CL_102_2.jpg,8203336,2026-06-09 11:30:48,102,720.0,720.0,720.0,10244.0,83.0
260711_1928_D616510_249_BEEP_8M6CL_121_3.jpg,8435172,2026-07-11 20:34:13,121,720.0,720.0,720.0,7655.0,0.0
260625_2235_D613621_076_BEEP_8M5CL_2480_3.jpg,8304668,2026-06-25 23:53:24,2480,449.0,449.0,450.0,4370.0,83.0
260617_1928_D612484_040_SMP_8M6CL_55_3.jpg,8272173,2026-06-17 21:03:03,55,270.0,270.0,270.0,1359.0,83.0
260530_2031_D609187_573_BEEP_8M5CL_1351_2.jpg,8161405,2026-05-30 22:20:23,1351,360.0,270.0,360.0,10339.0,37.0
260711_0031_D616504_068_BEEP_8M6CL_394_3.jpg,8431731,2026-07-11 02:18:24,394,899.0,809.0,900.0,17201.0,37.0
260617_1928_D612484_040_SMP_8M6CL_55_2.jpg,8272173,2026-06-17 21:03:03,55,270.0,270.0,270.0,1359.0,83.0
260711_1928_D616510_249_BEEP_8M6CL_104_3.jpg,8435172,2026-07-11 20:34:13,104,449.0,540.0,540.0,6456.0,0.0
260711_1928_D616510_249_BEEP_8M6CL_106_2.jpg,8435172,2026-07-11 20:34:13,106,1349.0,1260.0,1350.0,82460.0,0.0
260606_0650_D610259_340_SMP_8M5CL_10677_2.jpg,8740428,2026-06-06 08:29:07,10677,270.0,270.0,270.0,1472.0,0.0
260614_1156_D612820_068_BEEP_8M6CL_753_2.jpg,8270172,2026-06-14 15:10:54,753,2250.0,2250.0,2250.0,605811.0,0.0
260601_1600_D608642_384_SMP_8M6CL_141_3.jpg,8129916,2026-06-01 19:39:08,141,720.0,720.0,720.0,7054.0,0.0
260703_0057_D614247_042_BEEP_8M6CL_194_3.jpg,8353102,2026-07-03 07:12:35,194,990.0,1080.0,1080.0,77074.0,37.0
260625_0734_D612468_663_BEEP_8M5CL_3713_3.jpg,8270323,2026-06-25 10:39:30,3713,1170.0,1260.0,1260.0,202838.0,29.0
260709_2007_D613614_130_SMP_8M6CL_17_3.jpg,8304455,2026-07-09 21:12:17,17,270.0,270.0,270.0,1861.0,2.0
260703_2334_D614266_067_SMP_8M6CL_3_3.jpg,8340011,2026-07-04 01:35:09,3,270.0,270.0,270.0,2354.0,0.0
260606_0706_D610259_361_SMP_8M5CL_150_3.jpg,8740362,2026-06-06 08:29:07,150,720.0,809.0,810.0,10986.0,0.0
260609_0949_D610257_439_SMP_8M6CL_84_3.jpg,8203336,2026-06-09 11:30:48,84,270.0,270.0,270.0,2087.0,83.0
260709_2055_D614207_665_BEEP_8M5CL_611_3.jpg,8360487,2026-07-10 00:51:19,611,449.0,720.0,720.0,12899.0,37.0
260704_2302_D613627_669_SMP_8M6CL_3_3.jpg,8306875,2026-07-05 01:46:43,3,5670.0,6390.0,6390.0,5143500.0,2.0
260610_0810_D613102_022_SMP_8M5CL_1111_3.jpg,8312445,2026-06-10 09:41:06,1111,270.0,449.0,450.0,3375.0,0.0
260610_1044_D613608_701_SMP_8M6CL_35_3.jpg,8303397,2026-06-10 12:47:45,35,270.0,270.0,270.0,2045.0,0.0
260610_0835_D613102_006_SMP_8M5CL_61_3.jpg,8312437,2026-06-10 09:41:06,61,720.0,720.0,720.0,7936.0,0.0
260608_0637_D610255_102_SMP_8M5CL_14594_3.jpg,8203435,2026-06-08 07:56:59,14594,899.0,899.0,900.0,24128.0,0.0
260709_2131_D614207_671_SMP_8M5CL_3627_3.jpg,8360342,2026-07-10 03:39:18,3627,1440.0,1260.0,1440.0,183301.0,2.0
260625_2226_D613621_075_SMP_8M5CL_3158_3.jpg,8304725,2026-06-25 23:53:24,3158,990.0,990.0,990.0,65870.0,2.0
260601_0940_D608625_015_BEEP_8M6CL_1036_2.jpg,8126486,2026-06-01 11:55:34,1036,360.0,449.0,450.0,6213.0,37.0
260709_1410_D615327_055_SMP_8M5CL_3348_3.jpg,8399594,2026-07-09 19:29:12,3348,360.0,449.0,450.0,7180.0,0.0
260630_1618_D611338_081_SMP_8M5CL_1184_2.jpg,8234683,2026-07-01 10:27:26,1184,630.0,809.0,810.0,9538.0,0.0
260614_0008_D610254_370_SMP_8M6CL_11_3.jpg,8203438,2026-06-14 03:23:27,11,720.0,720.0,720.0,4486.0,83.0
260704_2306_D613627_654_BEEP_8M6CL_292_3.jpg,8306896,2026-07-05 00:18:42,292,1080.0,1080.0,1080.0,36661.0,36.0
260609_0949_D610257_439_SMP_8M6CL_900_3.jpg,8203336,2026-06-09 11:30:48,900,630.0,449.0,630.0,4975.0,83.0
260709_1352_D615295_162_BEEP_8M5CL_3_2.jpg,8385652,2026-07-09 23:08:27,3,1799.0,1980.0,1980.0,524811.0,37.0
260610_1737_D611463_568_SMP_8M5CL_353_3.jpg,8255984,2026-06-10 22:24:12,353,809.0,990.0,990.0,25744.0,0.0
260627_1902_D613621_076_BEEP_8M6CL_2_3.jpg,8304668,2026-06-27 20:15:18,2,26730.0,8730.0,26730.0,17698500.0,37.0
260718_1312_D616532_647_SMP_8M6CL_15_2.jpg,8441473,2026-07-18 14:12:15,15,1080.0,1080.0,1080.0,98563.0,2.0
260719_2031_D616559_582_BEEP_8M6CL_165_2.jpg,8448046,2026-07-19 21:54:56,165,360.0,360.0,360.0,4310.0,83.0
260709_1558_D615340_802_BEEP_8M5CL_3206_2.jpg,8405731,2026-07-09 17:48:10,3206,990.0,990.0,990.0,43105.0,37.0
260704_1533_D614248_015_BEEP_8M5CL_1851_3.jpg,8353068,2026-07-04 17:21:30,1851,540.0,630.0,630.0,5477.0,37.0
260627_0927_D615309_322_SMP_8M5CL_96_2.jpg,8393014,2026-06-28 04:56:55,96,449.0,449.0,450.0,4955.0,0.0
260604_0234_D611331_021_SMP_8M5CL_15524_3.jpg,8233371,2026-06-04 07:50:50,15524,180.0,270.0,270.0,2091.0,0.0
260609_0949_D610257_439_SMP_8M6CL_81_2.jpg,8203336,2026-06-09 11:30:48,81,809.0,720.0,810.0,18777.0,83.0
260704_2306_D613627_654_BEEP_8M6CL_148377_2.jpg,8306896,2026-07-05 00:18:42,148377,270.0,360.0,360.0,3216.0,83.0
260709_1558_D615340_802_BEEP_8M5CL_3154_3.jpg,8405731,2026-07-09 17:48:10,3154,360.0,360.0,360.0,3808.0,37.0
260703_0051_D614247_030_BEEP_8M6CL_90_2.jpg,8353023,2026-07-03 07:12:35,90,899.0,720.0,900.0,26891.0,83.0
260531_2021_D608630_376_SMP_8M6CL_278_3.jpg,8128403,2026-05-31 20:59:27,278,360.0,360.0,360.0,4124.0,83.0
260627_0930_D615309_313_BEEP_8M5CL_2035_2.jpg,8393107,2026-06-28 04:56:55,2035,990.0,809.0,990.0,36020.0,0.0
260614_1156_D612820_068_SMP_8M6CL_960_2.jpg,8270172,2026-06-14 15:10:54,960,270.0,270.0,270.0,2641.0,0.0
260619_0539_D613622_153_BEEP_8M6CL_35_2.jpg,8304530,2026-06-19 07:00:15,35,990.0,899.0,990.0,132842.0,0.0
260704_2302_D613627_669_SMP_8M6CL_582_2.jpg,8306875,2026-07-05 01:46:43,582,449.0,449.0,450.0,2886.0,83.0
260529_0052_D609168_729_BEEP_8M6CL_354_3.jpg,8155448,2026-05-29 02:09:00,354,809.0,720.0,810.0,9955.0,37.0
260704_2302_D613627_669_SMP_8M6CL_585_2.jpg,8306875,2026-07-05 01:46:43,585,270.0,180.0,270.0,1493.0,83.0
260608_0648_D610255_218_SMP_8M5CL_236_3.jpg,8203446,2026-06-08 22:24:59,236,270.0,270.0,270.0,1723.0,0.0
260709_1410_D615327_055_SMP_8M5CL_1673_3.jpg,8399594,2026-07-09 19:29:12,1673,270.0,270.0,270.0,2192.0,0.0
260528_1554_D608630_376_SMP_8M5CL_6445_2.jpg,8128403,2026-05-28 16:53:20,6445,720.0,809.0,810.0,16675.0,2.0
260610_0810_D613102_022_SMP_8M5CL_28_2.jpg,8312445,2026-06-10 09:41:06,28,180.0,270.0,270.0,1234.0,0.0
260626_0850_D612536_040_BEEP_8M5CL_223312_2.jpg,8287762,2026-06-27 09:41:27,223312,720.0,809.0,810.0,17567.0,0.0
260722_0946_D613153_191_SMP_8M6CL_4239_3.jpg,8978714,2026-07-22 11:14:19,4239,449.0,1080.0,1080.0,29554.0,0.0
260722_0918_D614177_062_BEEP_8M6CL_2043_3.jpg,8979112,2026-07-22 10:00:53,2043,270.0,270.0,270.0,2134.0,0.0
260722_0918_D614177_062_BEEP_8M6CL_2043_2.jpg,8979112,2026-07-22 10:00:53,2043,270.0,270.0,270.0,2134.0,0.0
260722_0918_D614177_062_SMP_8M6CL_16092_2.jpg,8979112,2026-07-22 10:00:53,16092,449.0,630.0,630.0,3907.0,0.0
260722_0946_D613153_191_BEEP_8M6CL_3881_2.jpg,8978714,2026-07-22 11:14:19,3881,270.0,270.0,270.0,1430.0,0.0
260614_1746_D611459_042_SMP_8M6CL_15_2.jpg,8252714,2026-06-14 18:44:25,15,630.0,990.0,990.0,41200.0,83.0
260717_2035_D618210_355_SMP_8M5CL_2012_2.jpg,8524756,2026-07-17 23:33:18,2012,270.0,270.0,270.0,2170.0,0.0
260609_1629_D611337_530_SMP_8M5CL_1371_2.jpg,8759465,2026-06-09 18:00:47,1371,360.0,360.0,360.0,2916.0,0.0
260617_1105_D612476_036_BEEP_8M6CL_18_3.jpg,8271968,2026-06-17 12:33:56,18,2250.0,2160.0,2250.0,516454.0,0.0
260609_0423_D611337_526_SMP_8M5CL_3219_2.jpg,8236523,2026-06-09 06:00:30,3219,720.0,720.0,720.0,15955.0,0.0
260704_1533_D614248_015_BEEP_8M5CL_1584_2.jpg,8353068,2026-07-04 17:21:30,1584,720.0,809.0,810.0,10185.0,94.0
260704_1533_D614248_015_BEEP_8M5CL_2104_2.jpg,8353068,2026-07-04 17:21:30,2104,270.0,360.0,360.0,2692.0,94.0
260611_0739_D611336_091_BEEP_8M6CL_230_3.jpg,8233262,2026-06-11 08:30:36,230,1170.0,990.0,1170.0,138422.0,0.0
260703_0047_D614247_028_SMP_8M6CL_28_2.jpg,8353151,2026-07-03 07:12:35,28,180.0,180.0,180.0,1808.0,83.0
260709_1558_D615340_802_BEEP_8M5CL_3155_3.jpg,8405731,2026-07-09 17:48:10,3155,1619.0,1530.0,1620.0,300608.0,37.0
260709_0609_D615294_076_BEEP_8M6CL_328_3.jpg,8385575,2026-07-09 08:55:34,328,2340.0,7830.0,7830.0,4503600.0,37.0
260603_1351_D609174_080_BEEP_8M5CL_659_2.jpg,8156168,2026-06-03 17:51:35,659,720.0,720.0,720.0,9953.0,37.0
260709_2131_D614207_671_SMP_8M5CL_3627_2.jpg,8360342,2026-07-10 03:39:18,3627,1440.0,1260.0,1440.0,183301.0,2.0
260709_1410_D615327_055_SMP_8M5CL_1289_3.jpg,8399594,2026-07-09 19:29:12,1289,630.0,180.0,630.0,2568.0,0.0
260627_0930_D615309_313_BEEP_8M5CL_1453_2.jpg,8393107,2026-06-28 04:56:55,1453,809.0,899.0,900.0,13150.0,0.0
260601_1551_D609184_248_SMP_8M6CL_177_3.jpg,8158864,2026-06-01 20:07:14,177,809.0,809.0,810.0,18419.0,2.0
260627_1902_D613621_076_BEEP_8M6CL_2_2.jpg,8304668,2026-06-27 20:15:18,2,26730.0,8730.0,26730.0,17698500.0,37.0
260709_1558_D615340_802_BEEP_8M5CL_3166_3.jpg,8405731,2026-07-09 17:48:10,3166,1890.0,2160.0,2160.0,305128.0,36.0
260601_1528_D608642_400_SMP_8M6CL_98_3.jpg,8129895,2026-06-01 19:39:08,98,720.0,720.0,720.0,8312.0,0.0
260709_1410_D615327_055_SMP_8M5CL_2968_2.jpg,8399594,2026-07-09 19:29:12,2968,360.0,360.0,360.0,2951.0,0.0
260704_2306_D613627_654_SMP_8M6CL_148456_2.jpg,8306896,2026-07-05 00:18:42,148456,270.0,270.0,270.0,1616.0,83.0
260704_1533_D614248_015_BEEP_8M5CL_1559_3.jpg,8353068,2026-07-04 17:21:30,1559,990.0,809.0,990.0,18560.0,37.0
260711_0128_D616504_074_BEEP_8M6CL_58_3.jpg,8431718,2026-07-11 02:18:24,58,899.0,990.0,990.0,85773.0,37.0
260609_0949_D610257_439_BEEP_8M6CL_532_3.jpg,8203336,2026-06-09 11:30:48,532,1710.0,2070.0,2070.0,322131.0,29.0
260704_1533_D614248_015_BEEP_8M5CL_1523_3.jpg,8353068,2026-07-04 17:21:30,1523,360.0,360.0,360.0,3863.0,37.0
260627_1941_D611343_246_BEEP_8M5CL_2162_3.jpg,8234435,2026-06-28 04:35:20,2162,1080.0,1170.0,1170.0,97888.0,0.0
260608_1541_D611336_087_BEEP_8M5CL_97_3.jpg,8751860,2026-06-08 17:07:08,97,1080.0,1170.0,1170.0,144334.0,0.0
260709_2055_D614207_665_SMP_8M5CL_547_2.jpg,8360487,2026-07-10 00:51:19,547,1260.0,1260.0,1260.0,159899.0,2.0
260719_1500_D617625_636_BEEP_8M5CL_4530_2.jpg,8483107,2026-07-19 16:41:58,4530,1530.0,1260.0,1530.0,45431.0,0.0
260702_0450_D615292_033_SMP_8M5CL_1760_2.jpg,8385463,2026-07-02 08:14:01,1760,720.0,809.0,810.0,9906.0,2.0
260722_0946_D613153_191_BEEP_8M6CL_3491_3.jpg,8978714,2026-07-22 11:14:19,3491,360.0,360.0,360.0,3115.0,0.0
260528_2035_D608645_152_SMP_8M5CL_84_3.jpg,8134309,2026-05-28 22:40:47,84,360.0,360.0,360.0,3693.0,2.0
260704_1533_D614248_015_BEEP_8M5CL_1866_2.jpg,8353068,2026-07-04 17:21:30,1866,270.0,360.0,360.0,4421.0,94.0
260715_0031_D602107_324_BEEP_8M6CL_176_2.jpg,7907643,2026-07-15 01:11:34,176,2070.0,1710.0,2070.0,499791.0,0.0
260721_1926_D616544_017_SMP_8M6CL_78_3.jpg,8444809,2026-07-21 21:53:23,78,540.0,630.0,630.0,4366.0,2.0
260720_1910_D615332_444_SMP_8M6CL_2_3.jpg,8403174,2026-07-20 20:48:34,2,1080.0,1260.0,1260.0,61236.0,0.0
260630_0922_D613635_176_SMP_8M5CL_3473_3.jpg,8306753,2026-06-30 12:37:46,3473,270.0,180.0,270.0,2026.0,83.0
260721_2024_D616544_038_BEEP_8M6CL_6_2.jpg,8444702,2026-07-21 21:53:23,6,2880.0,2699.0,2880.0,131495.0,37.0
260531_2021_D608630_376_BEEP_8M6CL_407_3.jpg,8128403,2026-05-31 20:59:27,407,1799.0,1619.0,1800.0,434263.0,37.0
260612_0429_D611326_066_SMP_8M6CL_84_2.jpg,8745711,2026-06-12 05:52:47,84,270.0,270.0,270.0,1840.0,0.0
260711_1924_D616510_350_BEEP_8M6CL_3_3.jpg,8435157,2026-07-11 20:34:13,3,360.0,360.0,360.0,3064.0,0.0
260711_0128_D616504_074_SMP_8M6CL_61_3.jpg,8431718,2026-07-11 02:18:24,61,809.0,720.0,810.0,10729.0,83.0
260711_1931_D616510_283_SMP_8M6CL_6_2.jpg,8435090,2026-07-11 20:34:13,6,360.0,360.0,360.0,2306.0,0.0
260614_0100_D610254_422_SMP_8M6CL_84_3.jpg,8203492,2026-06-14 03:23:27,84,899.0,809.0,900.0,16499.0,2.0
260614_0200_D613611_633_SMP_8M5CL_1223_2.jpg,8303497,2026-06-14 05:11:00,1223,1170.0,1260.0,1260.0,153194.0,29.0
260705_2143_D615294_076_SMP_8M5CL_7108_3.jpg,8385575,2026-07-05 23:26:08,7108,809.0,990.0,990.0,28660.0,2.0
260618_0307_D613630_639_SMP_8M6CL_64_3.jpg,8307029,2026-06-18 07:00:13,64,360.0,360.0,360.0,6682.0,0.0
260711_1928_D616510_249_BEEP_8M6CL_73_3.jpg,8435172,2026-07-11 20:34:13,73,899.0,990.0,990.0,25857.0,0.0
260711_1924_D616510_405_BEEP_8M6CL_35_2.jpg,8435220,2026-07-11 20:34:13,35,1080.0,1170.0,1170.0,172828.0,0.0
260704_2240_D613627_644_SMP_8M6CL_21_2.jpg,8306722,2026-07-05 00:18:42,21,14580.0,11879.0,14580.0,23522400.0,6.0
260718_1312_D616532_647_SMP_8M6CL_15_3.jpg,8441473,2026-07-18 14:12:15,15,1080.0,1080.0,1080.0,98563.0,2.0
260623_1429_D613104_250_BEEP_8M6CL_21_2.jpg,8312462,2026-06-24 07:36:48,21,720.0,809.0,810.0,11081.0,0.0
260603_1351_D609174_080_BEEP_8M5CL_659_3.jpg,8156168,2026-06-03 17:51:35,659,720.0,720.0,720.0,9953.0,37.0
260603_1358_D609174_044_BEEP_8M5CL_1597_3.jpg,8156125,2026-06-03 17:51:35,1597,1080.0,1080.0,1080.0,85898.0,37.0
260528_0839_D611306_351_SMP_8M6CL_784_2.jpg,8243175,2026-05-28 10:10:03,784,630.0,630.0,630.0,5256.0,0.0
260609_1003_D611291_834_SMP_8M6CL_14_3.jpg,8238931,2026-06-09 11:41:20,14,1349.0,1530.0,1530.0,122637.0,0.0
260721_2024_D616544_038_BEEP_8M6CL_6_3.jpg,8444702,2026-07-21 21:53:23,6,2880.0,2699.0,2880.0,131495.0,37.0
260721_1926_D616544_017_SMP_8M6CL_14_2.jpg,8444809,2026-07-21 21:53:23,14,540.0,990.0,990.0,6084.0,2.0
260721_1926_D616544_017_SMP_8M6CL_14_3.jpg,8444809,2026-07-21 21:53:23,14,540.0,990.0,990.0,6084.0,2.0
260709_2051_D614207_672_BEEP_8M5CL_173_3.jpg,8360404,2026-07-10 03:39:18,173,180.0,720.0,720.0,8486.0,37.0
260710_1409_D615277_272_BEEP_8M5CL_28823_3.jpg,8382761,2026-07-10 20:48:18,28823,4859.0,1260.0,4860.0,737100.0,0.0
260609_0949_D610257_439_SMP_8M6CL_919_2.jpg,8203336,2026-06-09 11:30:48,919,720.0,809.0,810.0,9930.0,83.0
260711_1928_D616510_249_BEEP_8M6CL_63_2.jpg,8435172,2026-07-11 20:34:13,63,809.0,899.0,900.0,15199.0,0.0
260704_2306_D613627_654_SMP_8M6CL_148410_2.jpg,8306896,2026-07-05 00:18:42,148410,449.0,449.0,450.0,3875.0,83.0
260624_2036_D612472_133_SMP_8M5CL_2269_3.jpg,8270384,2026-06-25 00:03:52,2269,720.0,630.0,720.0,9093.0,2.0
260705_2143_D615294_076_SMP_8M5CL_9610_2.jpg,8385575,2026-07-05 23:26:08,9610,180.0,360.0,360.0,1616.0,83.0
260612_1450_D611336_064_SMP_8M6CL_6_3.jpg,8751877,2026-06-13 01:57:41,6,540.0,540.0,540.0,4534.0,0.0
260604_0227_D611289_018_SMP_8M6CL_1742_3.jpg,8238836,2026-06-04 07:16:23,1742,899.0,809.0,900.0,31983.0,2.0
260603_0959_D611320_227_SMP_8M6CL_15_2.jpg,8229426,2026-06-03 11:47:40,15,720.0,720.0,720.0,6247.0,0.0
260603_1351_D609174_080_SMP_8M5CL_169_3.jpg,8156168,2026-06-03 17:51:35,169,1080.0,1080.0,1080.0,46915.0,2.0
260610_0835_D613102_006_SMP_8M5CL_61_2.jpg,8312437,2026-06-10 09:41:06,61,720.0,720.0,720.0,7936.0,0.0
260601_1631_D609160_426_BEEP_8M6CL_18_3.jpg,8154937,2026-06-01 18:54:36,18,1170.0,1260.0,1260.0,99396.0,61.0
260530_1734_D609178_002_SMP_8M6CL_1248_3.jpg,8158921,2026-05-30 19:17:23,1248,270.0,270.0,270.0,2053.0,83.0
260624_1426_D613142_039_BEEP_8M5CL_201447_2.jpg,8322064,2026-06-24 16:32:09,201447,3960.0,3599.0,3960.0,8602200.0,36.0
260705_0340_D614208_337_SMP_8M5CL_120_3.jpg,8358514,2026-07-05 05:25:14,120,899.0,899.0,900.0,24152.0,2.0
260529_0549_D610233_055_BEEP_8M5CL_5221_3.jpg,8198533,2026-05-29 07:14:24,5221,1710.0,1080.0,1710.0,33037.0,0.0
260704_2302_D613627_669_SMP_8M6CL_623_2.jpg,8306875,2026-07-05 01:46:43,623,270.0,270.0,270.0,1891.0,83.0
260602_1156_D610215_176_SMP_8M6CL_297_2.jpg,8193145,2026-06-02 19:47:28,297,360.0,360.0,360.0,3242.0,2.0
260721_1926_D616544_017_SMP_8M6CL_16_2.jpg,8444809,2026-07-21 21:53:23,16,449.0,449.0,450.0,3737.0,2.0
260715_0025_D602107_333_SMP_8M6CL_75_3.jpg,7907516,2026-07-15 01:11:34,75,360.0,270.0,360.0,2055.0,0.0
260704_1533_D614248_015_BEEP_8M5CL_1904_3.jpg,8353068,2026-07-04 17:21:30,1904,270.0,270.0,270.0,3159.0,37.0
260715_1632_D617589_758_BEEP_8M6CL_540_3.jpg,8471195,2026-07-15 18:01:50,540,990.0,990.0,990.0,65055.0,0.0
260719_2031_D616559_582_BEEP_8M6CL_165_3.jpg,8448046,2026-07-19 21:54:56,165,360.0,360.0,360.0,4310.0,83.0
260704_1533_D614248_015_SMP_8M5CL_1525_3.jpg,8353068,2026-07-04 17:21:30,1525,360.0,270.0,360.0,2611.0,2.0
260722_0946_D613153_191_BEEP_8M6CL_2972_2.jpg,8978714,2026-07-22 11:14:19,2972,270.0,270.0,270.0,2249.0,0.0
260611_1159_D610871_046_BEEP_8M5CL_11417_2.jpg,8213297,2026-06-11 13:52:54,11417,1799.0,2160.0,2160.0,630071.0,36.0
260721_1926_D616544_017_SMP_8M6CL_16_3.jpg,8444809,2026-07-21 21:53:23,16,449.0,449.0,450.0,3737.0,2.0
260722_0946_D613153_191_BEEP_8M6CL_2972_3.jpg,8978714,2026-07-22 11:14:19,2972,270.0,270.0,270.0,2249.0,0.0
260722_0946_D613153_191_BEEP_8M6CL_3881_3.jpg,8978714,2026-07-22 11:14:19,3881,270.0,270.0,270.0,1430.0,0.0
260722_0946_D613153_191_SMP_8M6CL_4239_2.jpg,8978714,2026-07-22 11:14:19,4239,449.0,1080.0,1080.0,29554.0,0.0
260709_1558_D615340_802_BEEP_8M5CL_2886_2.jpg,8405731,2026-07-09 17:48:10,2886,720.0,720.0,720.0,10082.0,37.0
260705_0017_D612481_022_SMP_8M6CL_12_3.jpg,8272282,2026-07-05 01:31:02,12,449.0,449.0,450.0,4714.0,83.0
260703_2330_D614266_080_SMP_8M6CL_38_2.jpg,8340132,2026-07-04 01:35:09,38,270.0,270.0,270.0,1970.0,0.0
260625_0734_D612468_663_SMP_8M5CL_3718_3.jpg,8270323,2026-06-25 10:39:30,3718,270.0,360.0,360.0,2977.0,2.0
260711_0128_D616504_074_SMP_8M6CL_61_2.jpg,8431718,2026-07-11 02:18:24,61,809.0,720.0,810.0,10729.0,83.0
260723_1151_D617108_206_SMP_8M5CL_6781_2.jpg,8466218,2026-07-23 19:47:38,6781,899.0,899.0,900.0,31019.0,2.0
260723_1151_D617108_206_SMP_8M5CL_6781_3.jpg,8466218,2026-07-23 19:47:38,6781,899.0,899.0,900.0,31019.0,2.0
000000_0000_UNK_UNKNOWN_UNK_UNKNOWN_34980_3.jpg,8184642,2026-07-25 23:28:41,34980,809.0,809.0,810.0,14034.0,0.0
000000_0000_UNK_UNKNOWN_UNK_UNKNOWN_230222_2.jpg,8184642,2026-07-25 23:28:41,230222,449.0,630.0,630.0,6239.0,0.0
000000_0000_UNK_UNKNOWN_UNK_UNKNOWN_230222_3.jpg,8184642,2026-07-25 23:28:41,230222,449.0,630.0,630.0,6239.0,0.0
000000_0000_UNK_UNKNOWN_UNK_UNKNOWN_124_2.jpg,8434594,2026-07-25 15:11:32,124,809.0,809.0,810.0,22150.0,0.0
000000_0000_UNK_UNKNOWN_UNK_UNKNOWN_124_3.jpg,8434594,2026-07-25 15:11:32,124,809.0,809.0,810.0,22150.0,0.0
000000_0000_UNK_UNKNOWN_UNK_UNKNOWN_3295_2.jpg,8524321,2026-07-25 20:12:24,3295,270.0,270.0,270.0,1766.0,0.0
000000_0000_UNK_UNKNOWN_UNK_UNKNOWN_3295_3.jpg,8524321,2026-07-25 20:12:24,3295,270.0,270.0,270.0,1766.0,0.0
000000_0000_UNK_UNKNOWN_UNK_UNKNOWN_1486_2.jpg,8524333,2026-07-25 20:12:24,1486,990.0,990.0,990.0,98306.0,0.0
000000_0000_UNK_UNKNOWN_UNK_UNKNOWN_1486_3.jpg,8524333,2026-07-25 20:12:24,1486,990.0,990.0,990.0,98306.0,0.0
000000_0000_UNK_UNKNOWN_UNK_UNKNOWN_4129_2.jpg,8524357,2026-07-25 20:12:24,4129,1440.0,1260.0,1440.0,136017.0,37.0
000000_0000_UNK_UNKNOWN_UNK_UNKNOWN_4129_3.jpg,8524357,2026-07-25 20:12:24,4129,1440.0,1260.0,1440.0,136017.0,37.0
000000_0000_UNK_UNKNOWN_UNK_UNKNOWN_1310_2.jpg,8524406,2026-07-25 20:12:24,1310,809.0,809.0,810.0,29971.0,2.0
000000_0000_UNK_UNKNOWN_UNK_UNKNOWN_1310_3.jpg,8524406,2026-07-25 20:12:24,1310,809.0,809.0,810.0,29971.0,2.0
000000_0000_UNK_UNKNOWN_UNK_UNKNOWN_2847_2.jpg,8524406,2026-07-25 20:12:24,2847,1260.0,1170.0,1260.0,125589.0,2.0
000000_0000_UNK_UNKNOWN_UNK_UNKNOWN_2847_3.jpg,8524406,2026-07-25 20:12:24,2847,1260.0,1170.0,1260.0,125589.0,2.0
000000_0000_UNK_UNKNOWN_UNK_UNKNOWN_34980_2.jpg,8184642,2026-07-25 23:28:41,34980,809.0,809.0,810.0,14034.0,0.0
260606_1556_D610254_370_BEEP_8M5CL_11056_3.jpg,8203438,2026-06-06 18:45:22,11056,1260.0,1349.0,1350.0,302044.0,37.0
260709_1415_D615356_325_BEEP_8M5CL_399_2.jpg,8399796,2026-07-09 20:55:07,399,809.0,990.0,990.0,23556.0,0.0
260610_0832_D613102_018_BEEP_8M5CL_29_3.jpg,8312503,2026-06-10 09:41:06,29,270.0,449.0,450.0,2933.0,0.0
260614_0200_D613611_633_BEEP_8M5CL_1899_3.jpg,8303497,2026-06-14 05:11:00,1899,1260.0,1349.0,1350.0,126516.0,37.0
260610_1044_D613608_701_SMP_8M6CL_95_3.jpg,8303397,2026-06-10 12:47:45,95,540.0,630.0,630.0,5932.0,0.0
260709_0819_D615338_620_SMP_8M5CL_6723_3.jpg,8405752,2026-07-09 12:39:31,6723,270.0,270.0,270.0,1747.0,2.0
260704_2306_D613627_654_BEEP_8M6CL_148377_3.jpg,8306896,2026-07-05 00:18:42,148377,270.0,360.0,360.0,3216.0,83.0
260601_1514_D608642_377_SMP_8M6CL_112_2.jpg,8129885,2026-06-01 19:39:08,112,449.0,449.0,450.0,4716.0,0.0
260614_0046_D610254_435_SMP_8M6CL_375_2.jpg,8203553,2026-06-14 03:23:27,375,630.0,630.0,630.0,6599.0,0.0
260627_1856_D613621_075_SMP_8M6CL_12_3.jpg,8304725,2026-06-27 20:15:18,12,540.0,630.0,630.0,6569.0,2.0
260601_0143_D608639_293_BEEP_8M6CL_163_2.jpg,8130237,2026-06-01 02:39:53,163,449.0,449.0,450.0,4290.0,83.0
260711_1928_D616510_249_BEEP_8M6CL_31_3.jpg,8435172,2026-07-11 20:34:13,31,720.0,809.0,810.0,11571.0,0.0
260721_1926_D616544_017_SMP_8M6CL_88_2.jpg,8444809,2026-07-21 21:53:23,88,360.0,449.0,450.0,2589.0,2.0
260721_1926_D616544_017_SMP_8M6CL_78_2.jpg,8444809,2026-07-21 21:53:23,78,540.0,630.0,630.0,4366.0,2.0
260703_0051_D614247_030_SMP_8M6CL_100_2.jpg,8353023,2026-07-03 07:12:35,100,899.0,990.0,990.0,93913.0,2.0
260718_0052_D616559_578_SMP_8M5CL_105_3.jpg,8447956,2026-07-18 01:49:47,105,809.0,720.0,810.0,13708.0,2.0
260629_2002_D552984_795_SMP_8M5CL_1121_2.jpg,7865622,2026-06-30 04:58:44,1121,720.0,720.0,720.0,11744.0,0.0
260626_0755_D612536_229_SMP_8M5CL_93134_2.jpg,8287737,2026-06-27 09:41:27,93134,1080.0,1260.0,1260.0,150567.0,0.0
260711_1928_D616510_249_BEEP_8M6CL_30_2.jpg,8435172,2026-07-11 20:34:13,30,449.0,540.0,540.0,3444.0,0.0
260722_1718_D615447_040_BEEP_8M5CL_2705_2.jpg,8415779,2026-07-22 23:37:43,2705,180.0,270.0,270.0,2267.0,0.0
260722_1718_D615447_040_BEEP_8M5CL_2705_3.jpg,8415779,2026-07-22 23:37:43,2705,180.0,270.0,270.0,2267.0,0.0
260722_1718_D615447_040_BEEP_8M5CL_3054_2.jpg,8415779,2026-07-22 23:37:43,3054,270.0,270.0,270.0,2318.0,0.0
260722_1718_D615447_040_BEEP_8M5CL_3054_3.jpg,8415779,2026-07-22 23:37:43,3054,270.0,270.0,270.0,2318.0,0.0
000000_0000_D617107_146_SMP_8M6CL_13_2.jpg,8465800,2026-07-23 09:55:47,13,990.0,1080.0,1080.0,63595.0,0.0
000000_0000_D617107_146_SMP_8M6CL_13_3.jpg,8465800,2026-07-23 09:55:47,13,990.0,1080.0,1080.0,63595.0,0.0
260722_1926_D615291_011_SMP_8M6CL_555_2.jpg,8385680,2026-07-23 00:54:09,555,899.0,809.0,900.0,19780.0,0.0
260722_1926_D615291_011_SMP_8M6CL_555_3.jpg,8385680,2026-07-23 00:54:09,555,899.0,809.0,900.0,19780.0,0.0
260721_1926_D616544_017_SMP_8M6CL_85_3.jpg,8444809,2026-07-21 21:53:23,85,270.0,270.0,270.0,1517.0,2.0
260721_1926_D616544_017_SMP_8M6CL_86_2.jpg,8444809,2026-07-21 21:53:23,86,270.0,270.0,270.0,1414.0,2.0
260721_1926_D616544_017_SMP_8M6CL_86_3.jpg,8444809,2026-07-21 21:53:23,86,270.0,270.0,270.0,1414.0,2.0
260528_1744_D541930_036_SMP_8M5CL_1067_2.jpg,7470447,2026-05-28 20:23:43,1067,720.0,899.0,900.0,19310.0,2.0
260722_0918_D614177_062_SMP_8M6CL_16092_3.jpg,8979112,2026-07-22 10:00:53,16092,449.0,630.0,630.0,3907.0,0.0
260529_0052_D609168_729_SMP_8M6CL_337_2.jpg,8155448,2026-05-29 02:09:00,337,809.0,270.0,810.0,10027.0,83.0
260708_0739_D616501_088_BEEP_8M5CL_2510_2.jpg,8431311,2026-07-08 10:03:57,2510,720.0,540.0,720.0,12254.0,0.0
260607_1939_D611324_267_SMP_8M5CL_4260_3.jpg,8748465,2026-06-07 21:40:14,4260,270.0,360.0,360.0,2540.0,0.0
260603_0904_D610229_069_SMP_8M6CL_6_3.jpg,8190922,2026-06-03 10:34:01,6,720.0,899.0,900.0,13674.0,2.0
260610_1430_D611465_306_SMP_8M5CL_646_3.jpg,8255981,2026-06-10 15:59:03,646,809.0,540.0,810.0,14618.0,2.0
260711_1924_D616510_405_BEEP_8M6CL_3_2.jpg,8435220,2026-07-11 20:34:13,3,809.0,630.0,810.0,10424.0,0.0
260704_2302_D613627_669_SMP_8M6CL_590_3.jpg,8306875,2026-07-05 01:46:43,590,360.0,270.0,360.0,1897.0,83.0
260530_1728_D609178_001_SMP_8M6CL_133_3.jpg,8158956,2026-05-30 19:17:23,133,270.0,360.0,360.0,3596.0,83.0
260604_2251_D612814_182_SMP_8M5CL_12370_2.jpg,8267486,2026-06-05 00:18:27,12370,899.0,809.0,900.0,14802.0,2.0
260615_0021_D611448_176_SMP_8M5CL_2097_2.jpg,8250302,2026-06-15 01:26:15,2097,360.0,270.0,360.0,2380.0,83.0
260617_1903_D611442_267_SMP_8M6CL_5_3.jpg,8247832,2026-06-17 20:45:58,5,270.0,360.0,360.0,2401.0,2.0
260625_2226_D613621_075_SMP_8M5CL_169_2.jpg,8304725,2026-06-25 23:53:24,169,899.0,899.0,900.0,12491.0,83.0
260614_1156_D612820_068_BEEP_8M6CL_542_2.jpg,8270172,2026-06-14 15:10:54,542,990.0,990.0,990.0,38755.0,0.0
260629_2002_D552984_795_SMP_8M5CL_1121_3.jpg,7865622,2026-06-30 04:58:44,1121,720.0,720.0,720.0,11744.0,0.0
260612_2051_D613830_272_BEEP_8M5CL_12028_2.jpg,8328478,2026-06-12 22:20:36,12028,899.0,720.0,900.0,9230.0,0.0
260725_0052_D618155_631_SMP_8M5CL_8592_3.jpg,8509986,2026-07-25 02:21:20,8592,1260.0,1349.0,1350.0,92370.0,2.0
260530_2031_D609187_554_SMP_8M5CL_5008_2.jpg,8161287,2026-05-30 22:20:23,5008,270.0,360.0,360.0,3543.0,2.0
260711_1928_D616510_249_SMP_8M6CL_3_2.jpg,8435172,2026-07-11 20:34:13,3,360.0,270.0,360.0,2063.0,0.0
260611_0739_D611336_091_BEEP_8M6CL_118_3.jpg,8233262,2026-06-11 08:30:36,118,3599.0,2610.0,3600.0,7136100.0,0.0
260630_1600_D611338_055_BEEP_8M5CL_916_2.jpg,8234594,2026-06-30 17:35:15,916,809.0,809.0,810.0,12770.0,37.0
260711_1412_D613145_004_SMP_8M5CL_36328_2.jpg,8322743,2026-07-11 22:34:19,36328,990.0,899.0,990.0,63769.0,0.0
260608_2115_D611434_537_SMP_8M6CL_546_2.jpg,8258605,2026-06-08 22:55:29,546,360.0,360.0,360.0,2668.0,0.0
260601_1615_D613603_103_SMP_8M6CL_11_3.jpg,8303269,2026-06-01 18:50:50,11,270.0,270.0,270.0,2506.0,0.0
260528_0857_D611306_354_SMP_8M6CL_1592_2.jpg,8243067,2026-05-28 10:10:03,1592,809.0,630.0,810.0,6551.0,0.0
260610_1123_D613608_699_SMP_8M6CL_103_3.jpg,8303165,2026-06-10 12:47:45,103,809.0,899.0,900.0,12760.0,0.0
260527_1107_D609184_253_SMP_8M5CL_1502_2.jpg,8158840,2026-05-27 12:21:50,1502,360.0,360.0,360.0,3143.0,2.0
260707_1710_D614208_424_BEEP_8M6CL_494_3.jpg,8358476,2026-07-07 18:37:20,494,1440.0,1170.0,1440.0,220110.0,37.0
260707_1710_D614208_424_SMP_8M6CL_552_3.jpg,8358476,2026-07-07 18:37:20,552,720.0,720.0,720.0,7182.0,83.0
260709_1410_D615327_055_SMP_8M5CL_2067_3.jpg,8399594,2026-07-09 19:29:12,2067,720.0,720.0,720.0,11928.0,0.0
260528_0757_D611306_352_SMP_8M6CL_2167_2.jpg,8243202,2026-05-28 10:10:03,2167,899.0,899.0,900.0,61469.0,0.0
260707_1710_D614208_424_BEEP_8M6CL_537_2.jpg,8358476,2026-07-07 18:37:20,537,1260.0,1170.0,1260.0,81275.0,61.0
260705_0340_D614208_337_SMP_8M5CL_120_2.jpg,8358514,2026-07-05 05:25:14,120,899.0,899.0,900.0,24152.0,2.0
260603_0921_D611320_196_SMP_8M6CL_56_3.jpg,8229409,2026-06-03 11:47:40,56,270.0,360.0,360.0,2245.0,2.0
260527_1107_D609184_253_SMP_8M5CL_1477_2.jpg,8158840,2026-05-27 12:21:50,1477,449.0,449.0,450.0,5823.0,2.0
260528_2031_D608645_147_BEEP_8M5CL_6081_3.jpg,8134332,2026-05-28 22:40:47,6081,540.0,540.0,540.0,6986.0,37.0
260705_0340_D614208_337_SMP_8M5CL_36_3.jpg,8358514,2026-07-05 05:25:14,36,360.0,360.0,360.0,4700.0,83.0
260527_1107_D609184_253_SMP_8M5CL_1477_3.jpg,8158840,2026-05-27 12:21:50,1477,449.0,449.0,450.0,5823.0,2.0
260610_0907_D611330_478_BEEP_8M5CL_947_2.jpg,8233351,2026-06-10 10:25:09,947,1349.0,1530.0,1530.0,162067.0,37.0
260709_1924_D602107_358_BEEP_8M6CL_75_2.jpg,8919873,2026-07-09 20:58:59,75,720.0,720.0,720.0,8583.0,0.0
260711_1829_D614209_204_BEEP_8M5CL_366_3.jpg,8360412,2026-07-11 22:18:29,366,720.0,809.0,810.0,24282.0,37.0
260606_1650_D610254_422_BEEP_8M5CL_11120_3.jpg,8203492,2026-06-06 18:45:22,11120,809.0,809.0,810.0,24361.0,83.0
260623_1454_D614218_090_SMP_8M6CL_6_2.jpg,8344929,2026-06-23 23:55:48,6,2250.0,1890.0,2250.0,354659.0,0.0
260610_1123_D613608_699_SMP_8M6CL_103_2.jpg,8303165,2026-06-10 12:47:45,103,809.0,899.0,900.0,12760.0,0.0
260709_1924_D602107_383_BEEP_8M6CL_654_2.jpg,8919848,2026-07-09 20:58:59,654,1260.0,1260.0,1260.0,82881.0,0.0
260711_1928_D616510_249_BEEP_8M6CL_126_3.jpg,8435172,2026-07-11 20:34:13,126,540.0,899.0,900.0,5630.0,0.0
260630_0023_D613607_083_BEEP_8M5CL_42_3.jpg,8303599,2026-06-30 03:19:13,42,990.0,1080.0,1080.0,113481.0,37.0
260623_1556_D612557_299_SMP_8M6CL_99_3.jpg,8280446,2026-06-23 22:06:57,99,899.0,899.0,900.0,28141.0,83.0
260709_1415_D615356_325_BEEP_8M5CL_399_3.jpg,8399796,2026-07-09 20:55:07,399,809.0,990.0,990.0,23556.0,0.0
260528_2134_D609180_055_SMP_8M6CL_8_3.jpg,8158651,2026-05-28 22:29:04,8,809.0,809.0,810.0,14163.0,2.0
260615_0413_D613602_115_SMP_8M6CL_1_3.jpg,8303443,2026-06-15 05:06:12,1,270.0,270.0,270.0,2627.0,83.0
260703_0051_D614247_030_BEEP_8M6CL_51_2.jpg,8353023,2026-07-03 07:12:35,51,720.0,720.0,720.0,10270.0,83.0
260709_1410_D615327_055_SMP_8M5CL_521_3.jpg,8399594,2026-07-09 19:29:12,521,360.0,270.0,360.0,2641.0,0.0
260610_1422_D611465_315_SMP_8M5CL_3799_2.jpg,8256001,2026-06-10 15:59:03,3799,720.0,720.0,720.0,10867.0,2.0
260707_1710_D614208_424_SMP_8M6CL_509_3.jpg,8358476,2026-07-07 18:37:20,509,630.0,899.0,900.0,7875.0,2.0
260609_0931_D610257_663_BEEP_8M6CL_188_3.jpg,8203254,2026-06-09 11:30:48,188,1080.0,899.0,1080.0,30833.0,29.0
260607_1500_D611325_077_BEEP_8M6CL_2511_2.jpg,8229498,2026-06-07 16:23:11,2511,90.0,90.0,90.0,6223.0,37.0
260527_1107_D609184_253_SMP_8M5CL_1486_3.jpg,8158840,2026-05-27 12:21:50,1486,1170.0,1260.0,1260.0,107320.0,2.0
260527_1107_D609184_253_SMP_8M5CL_1494_2.jpg,8158840,2026-05-27 12:21:50,1494,270.0,270.0,270.0,2427.0,2.0
260610_1430_D611465_306_SMP_8M5CL_646_2.jpg,8255981,2026-06-10 15:59:03,646,809.0,540.0,810.0,14618.0,2.0
260719_1500_D617625_636_BEEP_8M5CL_4656_2.jpg,8483107,2026-07-19 16:41:58,4656,630.0,540.0,630.0,7099.0,0.0
260711_1928_D616510_534_BEEP_8M6CL_46_2.jpg,8435216,2026-07-11 20:34:13,46,630.0,720.0,720.0,7364.0,0.0
260714_1620_D531193_466_BEEP_8M5CL_7197_2.jpg,8420825,2026-07-14 17:43:31,7197,1710.0,1619.0,1710.0,548854.0,0.0
260529_0439_D610233_031_SMP_8M5CL_8944_3.jpg,8198649,2026-05-29 07:14:24,8944,720.0,630.0,720.0,10015.0,0.0
260714_1620_D531193_466_BEEP_8M5CL_7197_3.jpg,8420825,2026-07-14 17:43:31,7197,1710.0,1619.0,1710.0,548854.0,0.0
260715_0624_D616458_094_SMP_8M6CL_3464_3.jpg,8422689,2026-07-15 07:21:04,3464,270.0,180.0,270.0,1972.0,0.0
260715_1708_D616554_253_SMP_8M6CL_280_2.jpg,8448387,2026-07-15 21:36:54,280,1080.0,1080.0,1080.0,40728.0,2.0
260604_2251_D612814_182_BEEP_8M5CL_16878_3.jpg,8267486,2026-06-05 00:18:27,16878,1349.0,1260.0,1350.0,97782.0,37.0
260608_0920_D610255_170_SMP_8M5CL_8411_2.jpg,8751570,2026-06-08 10:38:38,8411,720.0,720.0,720.0,11421.0,0.0
260601_1600_D608642_384_SMP_8M6CL_155_3.jpg,8129916,2026-06-01 19:39:08,155,809.0,720.0,810.0,13615.0,0.0
260623_1454_D614218_090_SMP_8M6CL_6_3.jpg,8344929,2026-06-23 23:55:48,6,2250.0,1890.0,2250.0,354659.0,0.0
260625_1916_D612471_001_BEEP_8M6CL_1164_3.jpg,8270145,2026-06-25 21:25:10,1164,449.0,360.0,450.0,3373.0,83.0
260609_0955_D611291_819_BEEP_8M6CL_16_3.jpg,8238855,2026-06-09 11:41:20,16,3330.0,3510.0,3510.0,4592700.0,0.0
260709_1558_D615340_802_BEEP_8M5CL_3026_2.jpg,8405731,2026-07-09 17:48:10,3026,809.0,720.0,810.0,8256.0,37.0
260615_0349_D613602_010_SMP_8M6CL_4_3.jpg,8303481,2026-06-15 05:06:12,4,809.0,720.0,810.0,14319.0,2.0
260701_0626_D612472_133_SMP_8M6CL_38_3.jpg,8270384,2026-07-01 08:19:08,38,1260.0,899.0,1260.0,32024.0,2.0
260707_2158_D613614_027_SMP_8M5CL_2414_3.jpg,8304506,2026-07-07 22:36:09,2414,180.0,180.0,180.0,1527.0,2.0
260608_0648_D610255_218_SMP_8M5CL_487_3.jpg,8203446,2026-06-08 22:24:59,487,270.0,270.0,270.0,1729.0,0.0
260709_1410_D615327_055_SMP_8M5CL_521_2.jpg,8399594,2026-07-09 19:29:12,521,360.0,270.0,360.0,2641.0,0.0
260606_0706_D610259_361_SMP_8M5CL_7649_2.jpg,8740362,2026-06-06 08:29:07,7649,270.0,270.0,270.0,1762.0,0.0
260707_1710_D614208_424_BEEP_8M6CL_494_2.jpg,8358476,2026-07-07 18:37:20,494,1440.0,1170.0,1440.0,220110.0,37.0
260703_1648_D615274_030_SMP_8M5CL_11107_2.jpg,8382635,2026-07-03 17:49:50,11107,720.0,720.0,720.0,6369.0,2.0
260601_1600_D608642_384_SMP_8M6CL_28_3.jpg,8129916,2026-06-01 19:39:08,28,720.0,720.0,720.0,7224.0,0.0
260709_1410_D615327_055_SMP_8M5CL_775_2.jpg,8399594,2026-07-09 19:29:12,775,360.0,360.0,360.0,2081.0,0.0
260606_0710_D610259_344_SMP_8M5CL_5259_3.jpg,8740443,2026-06-06 08:29:07,5259,630.0,630.0,630.0,7746.0,0.0
260610_0907_D611330_478_BEEP_8M5CL_3141_3.jpg,8233351,2026-06-10 10:25:09,3141,540.0,1890.0,1890.0,111737.0,37.0
260623_1429_D613104_250_SMP_8M6CL_18_3.jpg,8312462,2026-06-24 07:36:48,18,809.0,809.0,809.0,23173.0,0.0
260625_1916_D612471_001_SMP_8M6CL_1163_2.jpg,8270145,2026-06-25 21:25:10,1163,630.0,630.0,630.0,3418.0,2.0
260528_2118_D609189_279_SMP_8M6CL_221_3.jpg,8161264,2026-05-28 23:49:23,221,270.0,270.0,270.0,1600.0,83.0
260610_1422_D611465_315_BEEP_8M5CL_3738_2.jpg,8256001,2026-06-10 15:59:03,3738,2250.0,2160.0,2250.0,486376.0,37.0
260709_1924_D602107_383_SMP_8M6CL_655_3.jpg,8919848,2026-07-09 20:58:59,655,1080.0,1080.0,1080.0,132971.0,0.0
260608_0637_D610255_102_SMP_8M5CL_14594_2.jpg,8203435,2026-06-08 07:56:59,14594,899.0,899.0,900.0,24128.0,0.0
260721_0852_D618210_340_SMP_8M6CL_317_2.jpg,8524654,2026-07-21 11:18:11,317,899.0,809.0,900.0,33713.0,2.0
260721_0852_D618210_340_SMP_8M6CL_317_3.jpg,8524654,2026-07-21 11:18:11,317,899.0,809.0,900.0,33713.0,2.0
000000_0000_D617107_025_BEEP_8M6CL_1181_2.jpg,8465813,2026-07-21 09:18:21,1181,809.0,720.0,810.0,9119.0,0.0
260530_1655_D609170_135_SMP_8M6CL_35_3.jpg,8156134,2026-05-30 18:35:56,35,270.0,270.0,270.0,1743.0,2.0
260528_2031_D608645_114_SMP_8M5CL_7203_3.jpg,8134221,2026-05-28 22:40:47,7203,899.0,899.0,900.0,71007.0,2.0
260611_2146_D611324_270_SMP_8M6CL_976_2.jpg,8748449,2026-06-11 23:23:42,976,1440.0,1440.0,1440.0,338184.0,0.0
260606_0650_D610259_340_SMP_8M5CL_3439_2.jpg,8740428,2026-06-06 08:29:07,3439,720.0,360.0,720.0,3392.0,0.0
260630_0234_D614257_585_SMP_8M5CL_5462_3.jpg,8356429,2026-06-30 04:16:19,5462,1080.0,809.0,1080.0,42971.0,2.0
260704_2302_D613627_669_BEEP_8M6CL_576_2.jpg,8306875,2026-07-05 01:46:43,576,540.0,449.0,540.0,4470.0,61.0
260603_1358_D609174_044_BEEP_8M5CL_1597_2.jpg,8156125,2026-06-03 17:51:35,1597,1080.0,1080.0,1080.0,85898.0,37.0
260616_1856_D610871_040_SMP_8M6CL_4842_3.jpg,8213309,2026-06-16 20:11:25,4842,360.0,270.0,360.0,1808.0,6.0
260704_2302_D613627_669_SMP_8M6CL_623_3.jpg,8306875,2026-07-05 01:46:43,623,270.0,270.0,270.0,1891.0,83.0
260603_0904_D610229_061_SMP_8M6CL_23_2.jpg,8191021,2026-06-03 10:34:01,23,449.0,540.0,540.0,4457.0,2.0
260608_0637_D610255_102_SMP_8M5CL_1415_3.jpg,8203435,2026-06-08 07:56:59,1415,990.0,809.0,990.0,21165.0,0.0
260709_1410_D615327_055_SMP_8M5CL_2067_2.jpg,8399594,2026-07-09 19:29:12,2067,720.0,720.0,720.0,11928.0,0.0
260609_0949_D610257_439_SMP_8M6CL_900_2.jpg,8203336,2026-06-09 11:30:48,900,630.0,449.0,630.0,4975.0,83.0
260528_2035_D608645_152_SMP_8M5CL_84_2.jpg,8134309,2026-05-28 22:40:47,84,360.0,360.0,360.0,3693.0,2.0
260603_1057_D611305_420_SMP_8M5CL_426_3.jpg,8243147,2026-06-03 13:01:28,426,630.0,720.0,720.0,6652.0,2.0
260705_0025_D612481_008_BEEP_8M6CL_9_2.jpg,8272234,2026-07-05 01:31:02,9,449.0,449.0,450.0,4104.0,83.0
260609_0949_D610257_439_BEEP_8M6CL_896_3.jpg,8203336,2026-06-09 11:30:48,896,899.0,1080.0,1080.0,34780.0,29.0
260610_0814_D613102_024_BEEP_8M5CL_2653_3.jpg,8312469,2026-06-10 09:41:06,2653,1170.0,1080.0,1170.0,72411.0,0.0
260707_1710_D614208_424_SMP_8M6CL_555_3.jpg,8358476,2026-07-07 18:37:20,555,720.0,540.0,720.0,6917.0,2.0
260704_2240_D613627_656_SMP_8M6CL_1256_2.jpg,8306888,2026-07-05 01:46:43,1256,809.0,809.0,810.0,26084.0,83.0
260527_1107_D609184_253_SMP_8M5CL_1498_3.jpg,8158840,2026-05-27 12:21:50,1498,270.0,270.0,270.0,3307.0,2.0
260701_0629_D612472_134_BEEP_8M6CL_50_2.jpg,8270140,2026-07-01 08:19:08,50,1619.0,1890.0,1890.0,411260.0,36.0
260528_0839_D611306_351_SMP_8M6CL_409_3.jpg,8243175,2026-05-28 10:10:03,409,449.0,540.0,540.0,4399.0,0.0
260528_1554_D608630_376_SMP_8M5CL_6257_2.jpg,8128403,2026-05-28 16:53:20,6257,360.0,270.0,360.0,3026.0,2.0
260717_1523_D615344_285_BEEP_8M6CL_1111_2.jpg,8408192,2026-07-17 18:02:30,1111,360.0,90.0,360.0,10707.0,0.0
260528_1724_D608625_015_SMP_8M5CL_709_2.jpg,8126486,2026-05-28 19:02:56,709,360.0,360.0,360.0,6676.0,2.0
260607_1939_D611324_267_SMP_8M5CL_4260_2.jpg,8748465,2026-06-07 21:40:14,4260,270.0,360.0,360.0,2540.0,0.0
260704_2302_D613627_669_BEEP_8M6CL_594_3.jpg,8306875,2026-07-05 01:46:43,594,360.0,360.0,360.0,4941.0,83.0
260704_2306_D613627_654_SMP_8M6CL_148431_3.jpg,8306896,2026-07-05 00:18:42,148431,540.0,540.0,540.0,3576.0,83.0
260705_1802_D545903_269_BEEP_8M5CL_2634_3.jpg,8830458,2026-07-05 20:02:25,2634,1619.0,1619.0,1620.0,274959.0,37.0
260610_0810_D613102_022_SMP_8M5CL_1104_3.jpg,8312445,2026-06-10 09:41:06,1104,720.0,899.0,900.0,25129.0,0.0
260531_2021_D608630_376_BEEP_8M6CL_398_3.jpg,8128403,2026-05-31 20:59:27,398,1980.0,2250.0,2250.0,589267.0,37.0
260711_1928_D616510_249_SMP_8M6CL_12_2.jpg,8435172,2026-07-11 20:34:13,12,449.0,540.0,540.0,3181.0,0.0
260704_2306_D613627_654_BEEP_8M6CL_275_3.jpg,8306896,2026-07-05 00:18:42,275,899.0,630.0,900.0,15482.0,83.0
260601_1514_D608642_377_SMP_8M6CL_95_3.jpg,8129885,2026-06-01 19:39:08,95,540.0,449.0,540.0,4399.0,0.0
260707_1613_D616498_112_SMP_8M5CL_7561_3.jpg,8429475,2026-07-07 17:10:54,7561,270.0,360.0,360.0,2892.0,0.0
260608_0637_D610255_102_SMP_8M5CL_4001_2.jpg,8203435,2026-06-08 07:56:59,4001,270.0,360.0,360.0,3960.0,0.0
260709_1558_D615340_802_SMP_8M5CL_1521_3.jpg,8405731,2026-07-09 17:48:10,1521,809.0,809.0,810.0,21671.0,2.0
260704_2306_D613627_654_SMP_8M6CL_148358_3.jpg,8306896,2026-07-05 00:18:42,148358,809.0,809.0,810.0,12402.0,83.0
260711_1928_D616510_249_SMP_8M6CL_111_2.jpg,8435172,2026-07-11 20:34:13,111,720.0,809.0,810.0,7010.0,0.0
260705_0340_D614208_337_SMP_8M5CL_20_3.jpg,8358514,2026-07-05 05:25:14,20,360.0,360.0,360.0,3121.0,83.0
260711_1732_D615272_322_SMP_8M5CL_16372_3.jpg,8382741,2026-07-11 21:39:51,16372,360.0,360.0,360.0,4466.0,2.0
260608_1413_D611332_035_SMP_8M6CL_26_2.jpg,8233151,2026-06-08 15:48:04,26,1619.0,1799.0,1800.0,112555.0,2.0
260709_1541_D615340_805_BEEP_8M5CL_1822_2.jpg,8405675,2026-07-09 20:21:16,1822,2160.0,1619.0,2160.0,348603.0,37.0
260704_2306_D613627_654_BEEP_8M6CL_148374_3.jpg,8306896,2026-07-05 00:18:42,148374,540.0,720.0,720.0,6706.0,83.0
260707_1710_D614208_424_BEEP_8M6CL_537_3.jpg,8358476,2026-07-07 18:37:20,537,1260.0,1170.0,1260.0,81275.0,61.0
260614_1156_D612820_068_BEEP_8M6CL_715_3.jpg,8270172,2026-06-14 15:10:54,715,990.0,1080.0,1080.0,62826.0,0.0
260607_0223_D610245_674_SMP_8M6CL_58_2.jpg,8201333,2026-06-07 03:22:32,58,990.0,899.0,990.0,82798.0,0.0
260528_1526_D608630_378_BEEP_8M5CL_2057_3.jpg,8128402,2026-05-28 17:42:24,2057,720.0,720.0,720.0,14467.0,13.0
260709_1415_D615356_325_SMP_8M5CL_778_3.jpg,8399796,2026-07-09 20:55:07,778,720.0,899.0,900.0,13585.0,0.0
260529_0052_D609168_729_SMP_8M6CL_345_3.jpg,8155448,2026-05-29 02:09:00,345,899.0,990.0,990.0,93980.0,83.0
260601_1514_D608642_377_SMP_8M6CL_121_2.jpg,8129885,2026-06-01 19:39:08,121,270.0,360.0,360.0,3355.0,0.0
260614_2244_D612484_040_SMP_8M5CL_744_2.jpg,8272173,2026-06-14 23:59:04,744,360.0,360.0,360.0,3924.0,2.0
260609_0949_D610257_439_SMP_8M6CL_888_2.jpg,8203336,2026-06-09 11:30:48,888,449.0,449.0,450.0,4951.0,83.0
260709_1558_D615340_802_BEEP_8M5CL_2829_3.jpg,8405731,2026-07-09 17:48:10,2829,809.0,899.0,900.0,14663.0,37.0
260704_2302_D613627_669_SMP_8M6CL_595_3.jpg,8306875,2026-07-05 01:46:43,595,270.0,180.0,270.0,1713.0,83.0
260711_1928_D616510_534_SMP_8M6CL_42_2.jpg,8435216,2026-07-11 20:34:13,42,1170.0,990.0,1170.0,84564.0,0.0
260616_2356_D610232_190_SMP_8M6CL_6_3.jpg,8195935,2026-06-17 00:40:04,6,630.0,360.0,630.0,3206.0,0.0
260703_0047_D614247_028_SMP_8M6CL_28_3.jpg,8353151,2026-07-03 07:12:35,28,180.0,180.0,180.0,1808.0,83.0
260709_1924_D602107_383_SMP_8M6CL_655_2.jpg,8919848,2026-07-09 20:58:59,655,1080.0,1080.0,1080.0,132971.0,0.0
260711_1928_D616510_249_SMP_8M6CL_48_2.jpg,8435172,2026-07-11 20:34:13,48,360.0,270.0,360.0,2930.0,0.0
260703_1449_D611338_064_SMP_8M6CL_472_3.jpg,8234665,2026-07-03 16:30:26,472,809.0,1080.0,1080.0,22781.0,2.0
260703_0051_D614247_030_SMP_8M6CL_100_3.jpg,8353023,2026-07-03 07:12:35,100,899.0,990.0,990.0,93913.0,2.0
260608_0637_D610255_102_SMP_8M5CL_2055_2.jpg,8203435,2026-06-08 07:56:59,2055,630.0,630.0,630.0,6652.0,0.0
260601_1543_D613603_107_BEEP_8M6CL_64_2.jpg,8303078,2026-06-01 18:50:50,64,809.0,809.0,810.0,18479.0,0.0
260709_2051_D614207_672_BEEP_8M5CL_173_2.jpg,8360404,2026-07-10 03:39:18,173,180.0,720.0,720.0,8486.0,37.0
260711_1606_D613140_151_SMP_8M5CL_181655_2.jpg,8322313,2026-07-12 00:01:24,181655,1349.0,1349.0,1350.0,282464.0,0.0
260614_0100_D610254_422_BEEP_8M6CL_52_2.jpg,8203492,2026-06-14 03:23:27,52,809.0,899.0,900.0,21274.0,83.0
260601_1631_D609160_426_SMP_8M6CL_7_2.jpg,8154937,2026-06-01 18:54:36,7,1349.0,1619.0,1620.0,206978.0,2.0
260709_1558_D615340_802_BEEP_8M5CL_3154_2.jpg,8405731,2026-07-09 17:48:10,3154,360.0,360.0,360.0,3808.0,37.0
260528_2154_D609189_277_BEEP_8M6CL_203_3.jpg,8161349,2026-05-28 23:49:23,203,540.0,540.0,540.0,6138.0,83.0
260614_1208_D611463_567_SMP_8M6CL_96_2.jpg,8255896,2026-06-14 19:19:12,96,1080.0,1080.0,1080.0,78452.0,0.0
260612_2044_D613830_315_BEEP_8M5CL_14078_2.jpg,8328555,2026-06-12 22:20:36,14078,5670.0,3239.0,5670.0,4552200.0,0.0
260609_0949_D610257_439_SMP_8M6CL_41_2.jpg,8203336,2026-06-09 11:30:48,41,720.0,720.0,720.0,8806.0,83.0
260607_1504_D611325_078_BEEP_8M6CL_54_2.jpg,8229593,2026-06-07 16:23:11,54,270.0,270.0,270.0,2429.0,29.0
260711_1921_D616510_308_SMP_8M6CL_7_3.jpg,8435123,2026-07-11 20:34:13,7,809.0,720.0,810.0,10098.0,0.0
260721_1926_D616544_017_BEEP_8M6CL_84_2.jpg,8444809,2026-07-21 21:53:23,84,720.0,720.0,720.0,6092.0,37.0
260721_1926_D616544_017_BEEP_8M6CL_84_3.jpg,8444809,2026-07-21 21:53:23,84,720.0,720.0,720.0,6092.0,37.0
260721_1926_D616544_017_SMP_8M6CL_85_2.jpg,8444809,2026-07-21 21:53:23,85,270.0,270.0,270.0,1517.0,2.0
260722_0946_D613153_191_BEEP_8M6CL_3491_2.jpg,8978714,2026-07-22 11:14:19,3491,360.0,360.0,360.0,3115.0,0.0
260721_1926_D616544_017_SMP_8M6CL_89_3.jpg,8444809,2026-07-21 21:53:23,89,449.0,449.0,450.0,3042.0,2.0
260711_1924_D616510_350_BEEP_8M6CL_3_2.jpg,8435157,2026-07-11 20:34:13,3,360.0,360.0,360.0,3064.0,0.0
260719_1821_D615291_128_SMP_8M5CL_539_2.jpg,8385586,2026-07-19 20:00:29,539,270.0,360.0,360.0,1919.0,0.0
260719_1821_D615291_128_SMP_8M5CL_297_2.jpg,8385586,2026-07-19 20:00:29,297,270.0,270.0,270.0,1796.0,0.0
260704_1533_D614248_015_BEEP_8M5CL_1900_3.jpg,8353068,2026-07-04 17:21:30,1900,1799.0,1080.0,1800.0,94773.0,37.0
260528_1554_D608630_376_BEEP_8M5CL_5959_3.jpg,8128403,2026-05-28 16:53:20,5959,720.0,720.0,720.0,10272.0,37.0
260705_0340_D614208_337_SMP_8M5CL_51_2.jpg,8358514,2026-07-05 05:25:14,51,449.0,360.0,450.0,3416.0,83.0
260612_0429_D611326_066_SMP_8M6CL_80_3.jpg,8745711,2026-06-12 05:52:47,80,720.0,809.0,810.0,16981.0,0.0
260704_1533_D614248_015_BEEP_8M5CL_1784_2.jpg,8353068,2026-07-04 17:21:30,1784,630.0,449.0,630.0,6496.0,37.0
260715_0025_D602107_333_SMP_8M6CL_75_2.jpg,7907516,2026-07-15 01:11:34,75,360.0,270.0,360.0,2055.0,0.0
260616_0537_D613611_633_SMP_8M6CL_60_2.jpg,8303497,2026-06-16 07:07:22,60,270.0,270.0,270.0,1213.0,2.0
260704_2240_D613627_656_SMP_8M6CL_1249_3.jpg,8306888,2026-07-05 01:46:43,1249,2250.0,2160.0,2250.0,453768.0,2.0
260618_0307_D613630_639_SMP_8M6CL_164_2.jpg,8307029,2026-06-18 07:00:13,164,270.0,270.0,270.0,2067.0,0.0
260609_1629_D611337_530_SMP_8M5CL_1371_3.jpg,8759465,2026-06-09 18:00:47,1371,360.0,360.0,360.0,2916.0,0.0
260715_1708_D616554_253_SMP_8M6CL_280_3.jpg,8448387,2026-07-15 21:36:54,280,1080.0,1080.0,1080.0,40728.0,2.0
260701_0629_D612472_134_BEEP_8M6CL_50_3.jpg,8270140,2026-07-01 08:19:08,50,1619.0,1890.0,1890.0,411260.0,36.0
260703_0051_D614247_030_SMP_8M6CL_40_2.jpg,8353023,2026-07-03 07:12:35,40,360.0,270.0,360.0,2087.0,2.0
260604_0234_D611331_021_SMP_8M5CL_15524_2.jpg,8233371,2026-06-04 07:50:50,15524,180.0,270.0,270.0,2091.0,0.0
260606_0706_D610259_361_SMP_8M5CL_7649_3.jpg,8740362,2026-06-06 08:29:07,7649,270.0,270.0,270.0,1762.0,0.0
260528_1554_D608630_376_SMP_8M5CL_6190_3.jpg,8128403,2026-05-28 16:53:20,6190,990.0,990.0,990.0,67672.0,2.0
260708_0743_D616501_084_BEEP_8M5CL_1659_2.jpg,8431270,2026-07-08 10:03:57,1659,990.0,630.0,990.0,31057.0,0.0
260603_0937_D608109_299_SMP_8M6CL_208_2.jpg,8120681,2026-06-03 10:48:57,208,809.0,720.0,810.0,13019.0,83.0
260603_0407_D609187_573_SMP_8M6CL_17_3.jpg,8161405,2026-06-03 06:00:25,17,360.0,540.0,540.0,3078.0,2.0
260721_1926_D616544_017_SMP_8M6CL_89_2.jpg,8444809,2026-07-21 21:53:23,89,449.0,449.0,450.0,3042.0,2.0
260721_1926_D616544_017_SMP_8M6CL_88_3.jpg,8444809,2026-07-21 21:53:23,88,360.0,449.0,450.0,2589.0,2.0
260711_1924_D616510_405_BEEP_8M6CL_32_2.jpg,8435220,2026-07-11 20:34:13,32,720.0,720.0,720.0,9870.0,0.0
260617_2015_D611448_070_SMP_8M6CL_118_2.jpg,8250409,2026-06-17 22:36:02,118,990.0,809.0,990.0,50400.0,2.0
260703_0051_D614247_030_BEEP_8M6CL_25_2.jpg,8353023,2026-07-03 07:12:35,25,990.0,990.0,990.0,68661.0,83.0
260703_0051_D614247_030_BEEP_8M6CL_37_2.jpg,8353023,2026-07-03 07:12:35,37,2699.0,1710.0,2700.0,242330.0,83.0
260618_0036_D611445_602_BEEP_8M6CL_75_2.jpg,8247517,2026-06-18 02:49:27,75,1890.0,1619.0,1890.0,187501.0,37.0
260607_0223_D610245_674_SMP_8M6CL_58_3.jpg,8201333,2026-06-07 03:22:32,58,990.0,899.0,990.0,82798.0,0.0
260610_1905_D610259_340_BEEP_8M6CL_51_2.jpg,8740428,2026-06-10 23:04:08,51,1080.0,1170.0,1170.0,61447.0,0.0
260528_1554_D608630_376_SMP_8M5CL_6224_2.jpg,8128403,2026-05-28 16:53:20,6224,270.0,360.0,360.0,3232.0,2.0
260711_1732_D615272_322_BEEP_8M5CL_120861_3.jpg,8382741,2026-07-11 21:39:51,120861,990.0,990.0,990.0,37183.0,37.0
260704_2302_D613627_669_SMP_8M6CL_589_3.jpg,8306875,2026-07-05 01:46:43,589,630.0,720.0,720.0,5997.0,83.0
260627_1013_D612468_663_SMP_8M6CL_27_3.jpg,8270323,2026-06-27 17:12:46,27,2610.0,2070.0,2610.0,571710.0,2.0
260610_0832_D613102_018_BEEP_8M5CL_33_2.jpg,8312503,2026-06-10 09:41:06,33,8910.0,7109.0,8910.0,23538600.0,0.0
260601_1528_D608642_400_SMP_8M6CL_82_3.jpg,8129895,2026-06-01 19:39:08,82,360.0,270.0,360.0,2391.0,0.0
260711_1924_D616510_405_BEEP_8M6CL_32_3.jpg,8435220,2026-07-11 20:34:13,32,720.0,720.0,720.0,9870.0,0.0
260612_0429_D611326_066_SMP_8M6CL_82_3.jpg,8745711,2026-06-12 05:52:47,82,720.0,630.0,720.0,9934.0,0.0
260704_2302_D613627_669_SMP_8M6CL_575_2.jpg,8306875,2026-07-05 01:46:43,575,630.0,630.0,630.0,5072.0,83.0
260625_1916_D612471_001_SMP_8M6CL_1175_2.jpg,8270145,2026-06-25 21:25:10,1175,449.0,630.0,630.0,4763.0,2.0
260625_1916_D612471_001_SMP_8M6CL_3_2.jpg,8270145,2026-06-25 21:25:10,3,360.0,449.0,450.0,2601.0,2.0
260627_1520_D613624_026_SMP_8M6CL_25_3.jpg,8304692,2026-06-27 19:44:00,25,1260.0,1080.0,1260.0,138875.0,2.0
260611_1159_D610871_046_BEEP_8M5CL_11439_2.jpg,8213297,2026-06-11 13:52:54,11439,1440.0,1349.0,1440.0,115718.0,37.0
260704_2306_D613627_654_BEEP_8M6CL_148472_3.jpg,8306896,2026-07-05 00:18:42,148472,449.0,449.0,450.0,2823.0,83.0
260606_0706_D610259_361_SMP_8M5CL_358_2.jpg,8740362,2026-06-06 08:29:07,358,899.0,809.0,900.0,40583.0,0.0
260614_1156_D612820_068_SMP_8M6CL_630_2.jpg,8270172,2026-06-14 15:10:54,630,449.0,449.0,450.0,3592.0,0.0
260627_1832_D611462_026_SMP_8M6CL_34_3.jpg,8255998,2026-06-27 20:51:15,34,630.0,449.0,630.0,3824.0,83.0
260614_1156_D612820_068_SMP_8M6CL_960_3.jpg,8270172,2026-06-14 15:10:54,960,270.0,270.0,270.0,2641.0,0.0
260720_1931_D615332_508_SMP_8M6CL_26_3.jpg,8403120,2026-07-20 20:48:34,26,270.0,270.0,270.0,1308.0,0.0
260704_2306_D613627_654_SMP_8M6CL_148399_3.jpg,8306896,2026-07-05 00:18:42,148399,630.0,630.0,630.0,4015.0,83.0
260719_1821_D615291_128_SMP_8M5CL_431_3.jpg,8385586,2026-07-19 20:00:29,431,270.0,270.0,270.0,1877.0,0.0
260610_0345_D611443_840_SMP_8M5CL_1363_3.jpg,8248018,2026-06-10 07:25:03,1363,630.0,720.0,720.0,7327.0,0.0
260719_1821_D615291_128_SMP_8M5CL_297_3.jpg,8385586,2026-07-19 20:00:29,297,270.0,270.0,270.0,1796.0,0.0
260601_1517_D608642_484_SMP_8M6CL_15_2.jpg,8129956,2026-06-01 19:39:08,15,270.0,270.0,270.0,1891.0,0.0
260719_1500_D617625_636_BEEP_8M5CL_4930_2.jpg,8483107,2026-07-19 16:41:58,4930,809.0,630.0,810.0,6391.0,0.0
260528_1744_D541930_036_BEEP_8M5CL_943_2.jpg,7470447,2026-05-28 20:23:43,943,899.0,720.0,900.0,17547.0,94.0
260709_1558_D615340_802_BEEP_8M5CL_2966_3.jpg,8405731,2026-07-09 17:48:10,2966,1799.0,2070.0,2070.0,397671.0,36.0
260703_1449_D611338_064_SMP_8M6CL_472_2.jpg,8234665,2026-07-03 16:30:26,472,809.0,1080.0,1080.0,22781.0,2.0
260601_1514_D608642_377_SMP_8M6CL_85_2.jpg,8129885,2026-06-01 19:39:08,85,720.0,720.0,720.0,6274.0,0.0
260719_1821_D615291_128_SMP_8M5CL_431_2.jpg,8385586,2026-07-19 20:00:29,431,270.0,270.0,270.0,1877.0,0.0
260527_1107_D609184_253_SMP_8M5CL_91_2.jpg,8158840,2026-05-27 12:21:50,91,360.0,360.0,360.0,3837.0,2.0
260719_2029_D616527_008_BEEP_8M6CL_19_2.jpg,8441188,2026-07-19 21:39:53,19,3330.0,8549.0,8550.0,12474000.0,37.0
260719_2021_D616527_009_SMP_8M6CL_293_2.jpg,8441143,2026-07-19 21:39:53,293,1260.0,1080.0,1260.0,248730.0,2.0
260709_1410_D615327_055_SMP_8M5CL_1289_2.jpg,8399594,2026-07-09 19:29:12,1289,630.0,180.0,630.0,2568.0,0.0
260610_1713_D611324_265_SMP_8M6CL_1835_3.jpg,8229455,2026-06-10 18:33:25,1835,270.0,360.0,360.0,2728.0,0.0
260607_2019_D611324_265_BEEP_8M5CL_16195_3.jpg,8229455,2026-06-07 23:42:41,16195,270.0,360.0,360.0,3064.0,0.0
260528_2118_D609189_279_SMP_8M6CL_181_2.jpg,8161264,2026-05-28 23:49:23,181,899.0,899.0,900.0,51199.0,2.0
260529_0439_D610233_031_SMP_8M5CL_8494_3.jpg,8198649,2026-05-29 07:14:24,8494,360.0,360.0,360.0,4722.0,0.0
260704_1533_D614248_015_BEEP_8M5CL_1804_2.jpg,8353068,2026-07-04 17:21:30,1804,720.0,809.0,810.0,18338.0,37.0
260614_1156_D612820_068_BEEP_8M6CL_717_2.jpg,8270172,2026-06-14 15:10:54,717,1619.0,1440.0,1620.0,371251.0,0.0
260711_1928_D616510_249_SMP_8M6CL_56_3.jpg,8435172,2026-07-11 20:34:13,56,270.0,180.0,270.0,1040.0,0.0
260608_0637_D610255_102_SMP_8M5CL_2055_3.jpg,8203435,2026-06-08 07:56:59,2055,630.0,630.0,630.0,6652.0,0.0
260601_1832_D611287_164_SMP_8M6CL_30_2.jpg,8238965,2026-06-01 19:46:51,30,1799.0,1799.0,1800.0,364601.0,0.0
260627_1941_D611343_246_BEEP_8M5CL_2162_2.jpg,8234435,2026-06-28 04:35:20,2162,1080.0,1170.0,1170.0,97888.0,0.0
260704_2302_D613627_669_SMP_8M6CL_585_3.jpg,8306875,2026-07-05 01:46:43,585,270.0,180.0,270.0,1493.0,83.0
260610_0348_D611443_814_SMP_8M5CL_91_2.jpg,8248074,2026-06-10 07:25:03,91,270.0,360.0,360.0,5256.0,0.0
260715_0624_D616458_094_SMP_8M6CL_3464_2.jpg,8422689,2026-07-15 07:21:04,3464,270.0,180.0,270.0,1972.0,0.0
260709_1558_D615340_802_BEEP_8M5CL_2886_3.jpg,8405731,2026-07-09 17:48:10,2886,720.0,720.0,720.0,10082.0,37.0
260704_1533_D614248_015_BEEP_8M5CL_1834_2.jpg,8353068,2026-07-04 17:21:30,1834,270.0,360.0,360.0,3222.0,37.0
260723_0259_D615973_542_SMP_8M6CL_50255_2.jpg,9004285,2026-07-23 06:07:44,50255,540.0,630.0,630.0,4314.0,0.0
260617_1928_D612484_040_SMP_8M6CL_26_2.jpg,8272173,2026-06-17 21:03:03,26,180.0,270.0,270.0,1486.0,2.0
260617_2034_D611448_196_BEEP_8M6CL_39_2.jpg,8250396,2026-06-17 22:36:02,39,270.0,270.0,270.0,11463.0,37.0
260709_1352_D615295_162_BEEP_8M5CL_2_2.jpg,8385652,2026-07-09 23:08:27,2,1980.0,1799.0,1980.0,484875.0,37.0
260608_0637_D610255_102_SMP_8M5CL_4001_3.jpg,8203435,2026-06-08 07:56:59,4001,270.0,360.0,360.0,3960.0,0.0
260711_1924_D616510_405_BEEP_8M6CL_5_2.jpg,8435220,2026-07-11 20:34:13,5,1710.0,1440.0,1710.0,213239.0,0.0
260703_1648_D615274_030_SMP_8M5CL_12500_3.jpg,8382635,2026-07-03 17:49:50,12500,540.0,540.0,540.0,6512.0,2.0
260717_0050_D613618_466_BEEP_8M6CL_31_2.jpg,8308844,2026-07-17 02:33:55,31,1170.0,1080.0,1170.0,39663.0,0.0
260704_2240_D613627_644_SMP_8M6CL_21_3.jpg,8306722,2026-07-05 00:18:42,21,14580.0,11879.0,14580.0,23522400.0,6.0
260601_0112_D610247_017_SMP_8M6CL_10_3.jpg,8201479,2026-06-01 02:48:29,10,360.0,360.0,360.0,2283.0,83.0
260626_0755_D612536_229_SMP_8M5CL_93134_3.jpg,8287737,2026-06-27 09:41:27,93134,1080.0,1260.0,1260.0,150567.0,0.0
260719_1500_D617625_636_BEEP_8M5CL_4530_3.jpg,8483107,2026-07-19 16:41:58,4530,1530.0,1260.0,1530.0,45431.0,0.0
260610_1044_D613608_701_SMP_8M6CL_95_2.jpg,8303397,2026-06-10 12:47:45,95,540.0,630.0,630.0,5932.0,0.0
260715_0158_D615272_332_SMP_8M6CL_4361_3.jpg,8382617,2026-07-15 03:47:52,4361,899.0,899.0,900.0,73486.0,83.0
260616_1859_D610871_045_SMP_8M6CL_8685_3.jpg,8213245,2026-06-16 20:11:25,8685,270.0,270.0,270.0,1780.0,83.0
260704_2306_D613627_654_BEEP_8M6CL_148477_3.jpg,8306896,2026-07-05 00:18:42,148477,899.0,809.0,900.0,52750.0,83.0
260615_0000_D611448_196_SMP_8M5CL_16878_2.jpg,8250396,2026-06-15 01:26:15,16878,449.0,449.0,450.0,4815.0,2.0
260704_2306_D613627_654_SMP_8M6CL_148410_3.jpg,8306896,2026-07-05 00:18:42,148410,449.0,449.0,450.0,3875.0,83.0
260611_0739_D611336_091_BEEP_8M6CL_92_2.jpg,8233262,2026-06-11 08:30:36,92,720.0,809.0,810.0,7697.0,0.0
260612_1450_D611336_064_SMP_8M6CL_14_3.jpg,8751877,2026-06-13 01:57:41,14,1349.0,1440.0,1440.0,136292.0,0.0
260709_2007_D613614_130_SMP_8M6CL_17_2.jpg,8304455,2026-07-09 21:12:17,17,270.0,270.0,270.0,1861.0,2.0
260606_0706_D610259_361_SMP_8M5CL_10904_2.jpg,8740362,2026-06-06 08:29:07,10904,270.0,270.0,270.0,2570.0,0.0
260717_1523_D615344_285_BEEP_8M6CL_1111_3.jpg,8408192,2026-07-17 18:02:30,1111,360.0,90.0,360.0,10707.0,0.0
260606_0706_D610259_361_SMP_8M5CL_53_2.jpg,8740362,2026-06-06 08:29:07,53,270.0,270.0,270.0,2273.0,0.0
260704_1544_D614248_016_SMP_8M5CL_592_3.jpg,8353079,2026-07-04 17:21:30,592,270.0,270.0,270.0,1369.0,2.0
260713_1507_D614229_551_SMP_8M6CL_3_3.jpg,8346678,2026-07-13 16:52:18,3,540.0,449.0,540.0,3626.0,2.0
260711_0128_D616504_074_BEEP_8M6CL_58_2.jpg,8431718,2026-07-11 02:18:24,58,899.0,990.0,990.0,85773.0,37.0
260606_0650_D610259_340_BEEP_8M5CL_10213_3.jpg,8740428,2026-06-06 08:29:07,10213,270.0,270.0,270.0,2439.0,0.0
260701_0629_D612472_134_BEEP_8M6CL_44_3.jpg,8270140,2026-07-01 08:19:08,44,449.0,540.0,540.0,9026.0,37.0
260719_1500_D617625_636_BEEP_8M5CL_4656_3.jpg,8483107,2026-07-19 16:41:58,4656,630.0,540.0,630.0,7099.0,0.0
260719_1500_D617625_636_BEEP_8M5CL_4930_3.jpg,8483107,2026-07-19 16:41:58,4930,809.0,630.0,810.0,6391.0,0.0
000000_0000_D617107_023_BEEP_8M6CL_714_2.jpg,8465790,2026-07-21 09:18:21,714,360.0,270.0,360.0,3163.0,0.0
260704_1533_D614248_015_BEEP_8M5CL_1923_3.jpg,8353068,2026-07-04 17:21:30,1923,720.0,540.0,720.0,9002.0,94.0
260528_1526_D608630_378_BEEP_8M5CL_2057_2.jpg,8128402,2026-05-28 17:42:24,2057,720.0,720.0,720.0,14467.0,13.0
260720_0248_D615337_063_SMP_8M6CL_1111_3.jpg,8405767,2026-07-20 05:00:36,1111,270.0,270.0,270.0,1452.0,2.0
260616_1913_D612474_570_SMP_8M6CL_78_2.jpg,8270422,2026-06-16 20:31:33,78,899.0,899.0,900.0,44513.0,2.0
260531_2021_D608630_376_BEEP_8M6CL_407_2.jpg,8128403,2026-05-31 20:59:27,407,1799.0,1619.0,1800.0,434263.0,37.0
260602_0519_D610266_580_SMP_8M5CL_12027_3.jpg,8206928,2026-06-02 16:41:59,12027,360.0,270.0,360.0,4302.0,2.0
260704_1533_D614248_015_BEEP_8M5CL_1659_2.jpg,8353068,2026-07-04 17:21:30,1659,990.0,720.0,990.0,12717.0,37.0
260601_1600_D608642_384_SMP_8M6CL_17_2.jpg,8129916,2026-06-01 19:39:08,17,990.0,720.0,990.0,9427.0,0.0
260705_0017_D612481_022_SMP_8M6CL_12_2.jpg,8272282,2026-07-05 01:31:02,12,449.0,449.0,450.0,4714.0,83.0
260616_2347_D610232_206_BEEP_8M6CL_43_3.jpg,8196134,2026-06-17 00:40:04,43,899.0,990.0,990.0,38906.0,0.0
260617_2015_D611448_070_SMP_8M6CL_118_3.jpg,8250409,2026-06-17 22:36:02,118,990.0,809.0,990.0,50400.0,2.0
260623_1441_D613104_260_SMP_8M6CL_13_3.jpg,8312649,2026-06-24 07:36:48,13,720.0,720.0,720.0,6023.0,0.0
260610_1040_D613608_687_BEEP_8M6CL_35_3.jpg,8303444,2026-06-10 12:47:45,35,270.0,270.0,270.0,2639.0,0.0
260607_0731_D611326_048_SMP_8M5CL_82_2.jpg,8745696,2026-06-07 10:48:32,82,270.0,270.0,270.0,2016.0,0.0
260719_2021_D616527_009_SMP_8M6CL_293_3.jpg,8441143,2026-07-19 21:39:53,293,1260.0,1080.0,1260.0,248730.0,2.0
260614_1737_D611459_030_SMP_8M6CL_81_2.jpg,8252913,2026-06-14 18:44:25,81,1170.0,1170.0,1170.0,102341.0,2.0
260704_1533_D614248_015_BEEP_8M5CL_1923_2.jpg,8353068,2026-07-04 17:21:30,1923,720.0,540.0,720.0,9002.0,94.0
260704_2302_D613627_669_SMP_8M6CL_615_2.jpg,8306875,2026-07-05 01:46:43,615,809.0,809.0,810.0,20945.0,83.0
260703_0051_D614247_030_SMP_8M6CL_33_2.jpg,8353023,2026-07-03 07:12:35,33,809.0,809.0,810.0,19276.0,2.0
260704_2306_D613627_654_SMP_8M6CL_148358_2.jpg,8306896,2026-07-05 00:18:42,148358,809.0,809.0,810.0,12402.0,83.0
260614_1156_D612820_068_BEEP_8M6CL_756_2.jpg,8270172,2026-06-14 15:10:54,756,899.0,1080.0,1080.0,40619.0,0.0
260718_0648_D615322_251_BEEP_8M6CL_80_3.jpg,8400353,2026-07-18 08:13:49,80,360.0,360.0,360.0,3594.0,0.0
260713_2315_D615277_307_BEEP_8M6CL_8779_3.jpg,8923788,2026-07-14 00:07:49,8779,8459.0,5850.0,8460.0,25142400.0,0.0
260531_2021_D608630_376_SMP_8M6CL_405_3.jpg,8128403,2026-05-31 20:59:27,405,449.0,630.0,630.0,3808.0,83.0
000000_0000_UNK_UNKNOWN_UNK_UNKNOWN_245_2.jpg,8593967,2026-07-26 00:57:47,245,449.0,540.0,540.0,4955.0,0.0
260610_1422_D611465_315_BEEP_8M5CL_3748_2.jpg,8256001,2026-06-10 15:59:03,3748,270.0,360.0,360.0,3818.0,153.0
260711_1928_D616510_249_BEEP_8M6CL_14_2.jpg,8435172,2026-07-11 20:34:13,14,1260.0,1619.0,1620.0,71751.0,0.0
260527_1433_D606465_507_SMP_8M6CL_81_3.jpg,8052019,2026-05-27 15:55:11,81,899.0,899.0,900.0,48436.0,2.0
260616_2356_D610232_190_SMP_8M6CL_20_3.jpg,8195935,2026-06-17 00:40:04,20,449.0,540.0,540.0,3460.0,0.0
260709_1558_D615340_802_BEEP_8M5CL_3167_3.jpg,8405731,2026-07-09 17:48:10,3167,1530.0,990.0,1530.0,102632.0,37.0
260709_1410_D615327_055_SMP_8M5CL_453_3.jpg,8399594,2026-07-09 19:29:12,453,270.0,270.0,270.0,1660.0,0.0
260528_1554_D608630_376_SMP_8M5CL_6711_3.jpg,8128403,2026-05-28 16:53:20,6711,180.0,270.0,270.0,2273.0,2.0
260601_0944_D608625_004_BEEP_8M6CL_268_2.jpg,8126352,2026-06-01 11:55:34,268,14580.0,14580.0,14580.0,24235200.0,37.0
260609_0959_D611291_798_SMP_8M6CL_83_3.jpg,8238994,2026-06-09 11:41:20,83,540.0,540.0,540.0,3877.0,0.0
260611_0530_D611337_527_SMP_8M6CL_1_2.jpg,8236479,2026-06-11 06:12:59,1,899.0,809.0,900.0,14855.0,0.0
260703_1648_D615274_030_SMP_8M5CL_4819_3.jpg,8382635,2026-07-03 17:49:50,4819,449.0,540.0,540.0,5402.0,2.0
260610_1713_D611324_265_BEEP_8M6CL_4111_2.jpg,8229455,2026-06-10 18:33:25,4111,1710.0,1710.0,1710.0,494326.0,0.0
260616_2347_D610232_206_SMP_8M6CL_44_3.jpg,8196134,2026-06-17 00:40:04,44,360.0,360.0,360.0,2004.0,0.0
260709_1410_D615327_055_SMP_8M5CL_726_2.jpg,8399594,2026-07-09 19:29:12,726,630.0,899.0,900.0,9546.0,0.0
260605_0120_D610266_579_SMP_8M6CL_185_3.jpg,8206925,2026-06-05 03:42:45,185,1170.0,1170.0,1170.0,80739.0,2.0
260614_1156_D612820_068_BEEP_8M6CL_722_3.jpg,8270172,2026-06-14 15:10:54,722,270.0,360.0,360.0,2510.0,0.0
260614_1746_D611459_042_SMP_8M6CL_51_3.jpg,8252714,2026-06-14 18:44:25,51,449.0,449.0,450.0,3145.0,83.0
260530_1734_D609178_002_SMP_8M6CL_1251_2.jpg,8158921,2026-05-30 19:17:23,1251,270.0,630.0,630.0,5762.0,83.0
260707_1613_D616498_112_SMP_8M5CL_7561_2.jpg,8429475,2026-07-07 17:10:54,7561,270.0,360.0,360.0,2892.0,0.0
260709_1410_D615327_055_SMP_8M5CL_775_3.jpg,8399594,2026-07-09 19:29:12,775,360.0,360.0,360.0,2081.0,0.0
260528_1744_D541930_036_BEEP_8M5CL_944_2.jpg,7470447,2026-05-28 20:23:43,944,899.0,1170.0,1170.0,76593.0,94.0
260610_2336_D610255_102_SMP_8M6CL_437_2.jpg,8203435,2026-06-11 00:29:26,437,990.0,1080.0,1080.0,99684.0,0.0
260610_1044_D613608_701_SMP_8M6CL_103_2.jpg,8303397,2026-06-10 12:47:45,103,360.0,270.0,360.0,2213.0,0.0
260530_0356_D610247_018_SMP_8M5CL_5068_2.jpg,8201472,2026-05-30 05:41:21,5068,270.0,270.0,270.0,2075.0,2.0
260709_1410_D615327_055_SMP_8M5CL_1673_2.jpg,8399594,2026-07-09 19:29:12,1673,270.0,270.0,270.0,2192.0,0.0
260711_1928_D616510_534_BEEP_8M6CL_66_3.jpg,8435216,2026-07-11 20:34:13,66,899.0,990.0,990.0,13284.0,0.0
260707_1625_D616498_029_SMP_8M5CL_695_3.jpg,8429391,2026-07-07 17:10:54,695,1080.0,1170.0,1170.0,65119.0,0.0
260621_0545_D612490_022_SMP_8M6CL_6_3.jpg,8275570,2026-06-21 06:21:34,6,720.0,720.0,720.0,8721.0,2.0
260608_0851_D610255_177_BEEP_8M5CL_4744_3.jpg,8751563,2026-06-08 10:38:38,4744,990.0,899.0,990.0,57119.0,0.0
260705_0340_D614208_337_SMP_8M5CL_42_2.jpg,8358514,2026-07-05 05:25:14,42,360.0,360.0,360.0,3557.0,83.0
260601_0940_D608625_015_BEEP_8M6CL_365_2.jpg,8126486,2026-06-01 11:55:34,365,8549.0,7109.0,8550.0,31500900.0,37.0
260623_1441_D613104_260_SMP_8M6CL_13_2.jpg,8312649,2026-06-24 07:36:48,13,720.0,720.0,720.0,6023.0,0.0
260704_2306_D613627_654_BEEP_8M6CL_148459_2.jpg,8306896,2026-07-05 00:18:42,148459,1349.0,1440.0,1440.0,197523.0,83.0
260623_1429_D613104_250_SMP_8M6CL_96_3.jpg,8312462,2026-06-24 07:36:48,96,1260.0,1080.0,1260.0,88139.0,0.0
260707_1710_D614208_424_SMP_8M6CL_509_2.jpg,8358476,2026-07-07 18:37:20,509,630.0,899.0,900.0,7875.0,2.0
260711_1928_D616510_249_BEEP_8M6CL_6_2.jpg,8435172,2026-07-11 20:34:13,6,540.0,720.0,720.0,5022.0,0.0
260613_0022_D611330_338_BEEP_8M6CL_15_3.jpg,8233276,2026-06-13 01:33:25,15,2880.0,3420.0,3420.0,2486700.0,37.0
260601_0112_D610247_017_BEEP_8M6CL_11_2.jpg,8201479,2026-06-01 02:48:29,11,2160.0,2520.0,2520.0,781938.0,36.0
260602_0834_D609137_065_SMP_8M6CL_247_2.jpg,8169605,2026-06-02 11:50:44,247,1440.0,1440.0,1440.0,204247.0,2.0
260614_1156_D612820_068_BEEP_8M6CL_721_3.jpg,8270172,2026-06-14 15:10:54,721,1170.0,1440.0,1440.0,93436.0,0.0
260709_1558_D615340_802_BEEP_8M5CL_3026_3.jpg,8405731,2026-07-09 17:48:10,3026,809.0,720.0,810.0,8256.0,37.0
260709_1415_D615356_325_SMP_8M5CL_778_2.jpg,8399796,2026-07-09 20:55:07,778,720.0,899.0,900.0,13585.0,0.0
260711_1928_D616510_249_BEEP_8M6CL_83_2.jpg,8435172,2026-07-11 20:34:13,83,1799.0,2070.0,2070.0,98405.0,0.0
260529_0557_D610233_020_SMP_8M5CL_6713_3.jpg,8198556,2026-05-29 07:14:24,6713,270.0,270.0,270.0,1428.0,0.0
260711_1732_D615272_322_SMP_8M5CL_40820_2.jpg,8382741,2026-07-11 21:39:51,40820,809.0,899.0,900.0,13737.0,2.0
260703_2330_D614266_080_SMP_8M6CL_38_3.jpg,8340132,2026-07-04 01:35:09,38,270.0,270.0,270.0,1970.0,0.0
260707_2158_D613614_027_SMP_8M5CL_2414_2.jpg,8304506,2026-07-07 22:36:09,2414,180.0,180.0,180.0,1527.0,2.0
260711_1928_D616510_249_SMP_8M6CL_7_2.jpg,8435172,2026-07-11 20:34:13,7,630.0,540.0,630.0,4405.0,0.0
260702_0450_D615292_033_SMP_8M5CL_1671_3.jpg,8385463,2026-07-02 08:14:01,1671,1170.0,1170.0,1170.0,139597.0,2.0
260528_1744_D541930_036_BEEP_8M5CL_999_2.jpg,7470447,2026-05-28 20:23:43,999,360.0,540.0,540.0,3746.0,37.0
260528_1744_D541930_036_BEEP_8M5CL_944_3.jpg,7470447,2026-05-28 20:23:43,944,899.0,1170.0,1170.0,76593.0,94.0
260601_1514_D608642_377_SMP_8M6CL_121_3.jpg,8129885,2026-06-01 19:39:08,121,270.0,360.0,360.0,3355.0,0.0
260531_0541_D607888_820_SMP_8M5CL_50350_2.jpg,8109875,2026-05-31 07:08:34,50350,630.0,540.0,630.0,36441.0,0.0
260614_1156_D612820_068_BEEP_8M6CL_768_3.jpg,8270172,2026-06-14 15:10:54,768,3960.0,2160.0,3960.0,5240700.0,0.0
260704_2302_D613627_669_BEEP_8M6CL_272_2.jpg,8306875,2026-07-05 01:46:43,272,720.0,630.0,720.0,5446.0,83.0
260711_1928_D616510_249_SMP_8M6CL_12_3.jpg,8435172,2026-07-11 20:34:13,12,449.0,540.0,540.0,3181.0,0.0
260616_2356_D610232_190_SMP_8M6CL_6_2.jpg,8195935,2026-06-17 00:40:04,6,630.0,360.0,630.0,3206.0,0.0
260527_0718_D609178_001_BEEP_8M5CL_2884_3.jpg,8158956,2026-05-27 08:44:48,2884,449.0,540.0,540.0,4797.0,37.0
260604_2237_D612814_181_SMP_8M5CL_11732_2.jpg,8267476,2026-06-05 00:18:27,11732,449.0,540.0,540.0,3139.0,2.0
260713_0258_D616458_117_BEEP_8M5CL_129482_2.jpg,8939600,2026-07-13 04:30:49,129482,449.0,540.0,540.0,5817.0,0.0
260709_0802_D615338_621_BEEP_8M5CL_7451_2.jpg,8405933,2026-07-09 12:39:31,7451,360.0,360.0,360.0,3337.0,37.0
260603_0904_D610229_061_SMP_8M6CL_23_3.jpg,8191021,2026-06-03 10:34:01,23,449.0,540.0,540.0,4457.0,2.0
260711_1928_D616510_249_SMP_8M6CL_56_2.jpg,8435172,2026-07-11 20:34:13,56,270.0,180.0,270.0,1040.0,0.0
260604_0227_D611289_018_SMP_8M6CL_1742_2.jpg,8238836,2026-06-04 07:16:23,1742,899.0,809.0,900.0,31983.0,2.0
260606_0706_D610259_361_SMP_8M5CL_7926_2.jpg,8740362,2026-06-06 08:29:07,7926,180.0,180.0,180.0,1389.0,0.0
260606_0706_D610259_361_SMP_8M5CL_11266_2.jpg,8740362,2026-06-06 08:29:07,11266,449.0,630.0,630.0,5218.0,0.0
260711_1928_D616510_534_BEEP_8M6CL_66_2.jpg,8435216,2026-07-11 20:34:13,66,899.0,990.0,990.0,13284.0,0.0
260711_1928_D616510_249_SMP_8M6CL_7_3.jpg,8435172,2026-07-11 20:34:13,7,630.0,540.0,630.0,4405.0,0.0
260704_2306_D613627_654_SMP_8M6CL_148456_3.jpg,8306896,2026-07-05 00:18:42,148456,270.0,270.0,270.0,1616.0,83.0
260711_1732_D615272_322_SMP_8M5CL_24649_3.jpg,8382741,2026-07-11 21:39:51,24649,449.0,360.0,450.0,5560.0,2.0
260527_1233_D609160_426_SMP_8M5CL_4232_3.jpg,8154937,2026-05-27 13:50:08,4232,990.0,899.0,990.0,68960.0,83.0
260528_1554_D608630_376_SMP_8M5CL_6807_2.jpg,8128403,2026-05-28 16:53:20,6807,270.0,180.0,270.0,1410.0,2.0
260704_1533_D614248_015_BEEP_8M5CL_2104_3.jpg,8353068,2026-07-04 17:21:30,2104,270.0,360.0,360.0,2692.0,94.0
260527_1107_D609184_253_SMP_8M5CL_1486_2.jpg,8158840,2026-05-27 12:21:50,1486,1170.0,1260.0,1260.0,107320.0,2.0
260711_1732_D615272_322_BEEP_8M5CL_120861_2.jpg,8382741,2026-07-11 21:39:51,120861,990.0,990.0,990.0,37183.0,37.0
260709_1558_D615340_802_BEEP_8M5CL_3205_2.jpg,8405731,2026-07-09 17:48:10,3205,1080.0,899.0,1080.0,68701.0,37.0
260704_2302_D613627_669_SMP_8M6CL_593_3.jpg,8306875,2026-07-05 01:46:43,593,809.0,720.0,810.0,9500.0,83.0
260606_0650_D610259_340_SMP_8M5CL_12403_2.jpg,8740428,2026-06-06 08:29:07,12403,270.0,180.0,270.0,2607.0,0.0
260528_1554_D608630_376_SMP_8M5CL_6445_3.jpg,8128403,2026-05-28 16:53:20,6445,720.0,809.0,810.0,16675.0,2.0
260705_0017_D612481_022_SMP_8M6CL_57_3.jpg,8272282,2026-07-05 01:31:02,57,270.0,360.0,360.0,1798.0,83.0
260528_1724_D608625_015_SMP_8M5CL_225_3.jpg,8126486,2026-05-28 19:02:56,225,720.0,809.0,810.0,12448.0,2.0
260610_0345_D611443_840_SMP_8M5CL_1363_2.jpg,8248018,2026-06-10 07:25:03,1363,630.0,720.0,720.0,7327.0,0.0
260531_2021_D608630_376_SMP_8M6CL_405_2.jpg,8128403,2026-05-31 20:59:27,405,449.0,630.0,630.0,3808.0,83.0
260711_1732_D615272_322_SMP_8M5CL_40820_3.jpg,8382741,2026-07-11 21:39:51,40820,809.0,899.0,900.0,13737.0,2.0
260711_1732_D615272_322_SMP_8M5CL_24649_2.jpg,8382741,2026-07-11 21:39:51,24649,449.0,360.0,450.0,5560.0,2.0
260703_1015_D614211_903_SMP_8M5CL_18429_2.jpg,8360508,2026-07-03 11:26:29,18429,899.0,899.0,900.0,66380.0,2.0
260603_0959_D611320_227_SMP_8M6CL_60_3.jpg,8229426,2026-06-03 11:47:40,60,720.0,630.0,720.0,6605.0,0.0
260626_2150_D612478_006_SMP_8M6CL_9_2.jpg,8272209,2026-06-27 04:05:57,9,720.0,540.0,720.0,6094.0,2.0
260709_1558_D615340_802_BEEP_8M5CL_2829_2.jpg,8405731,2026-07-09 17:48:10,2829,809.0,899.0,900.0,14663.0,37.0
260709_1415_D615356_325_SMP_8M5CL_1099_2.jpg,8399796,2026-07-09 20:55:07,1099,899.0,809.0,900.0,31862.0,0.0
260625_1916_D612471_001_SMP_8M6CL_1163_3.jpg,8270145,2026-06-25 21:25:10,1163,630.0,630.0,630.0,3418.0,2.0
260711_1928_D616510_534_SMP_8M6CL_65_3.jpg,8435216,2026-07-11 20:34:13,65,1260.0,1170.0,1260.0,201440.0,0.0
260709_1415_D615356_325_SMP_8M5CL_5170_2.jpg,8399796,2026-07-09 20:55:07,5170,899.0,809.0,900.0,5558.0,0.0
260610_0728_D613640_079_SMP_8M6CL_526_3.jpg,8309348,2026-06-10 08:57:11,526,360.0,449.0,450.0,2342.0,0.0
260531_0512_D610215_176_SMP_8M5CL_1502_3.jpg,8193145,2026-05-31 06:24:59,1502,360.0,360.0,360.0,3922.0,2.0
260607_2019_D611324_265_SMP_8M5CL_2004_3.jpg,8229455,2026-06-07 23:42:41,2004,360.0,270.0,360.0,3568.0,0.0
260628_2138_D614210_829_BEEP_8M5CL_3024_2.jpg,8360537,2026-06-29 04:18:37,3024,540.0,540.0,540.0,5817.0,37.0
260603_0921_D611320_196_SMP_8M6CL_7_2.jpg,8229409,2026-06-03 11:47:40,7,809.0,990.0,990.0,21430.0,2.0
260612_0429_D611326_066_SMP_8M6CL_83_2.jpg,8745711,2026-06-12 05:52:47,83,990.0,990.0,990.0,69470.0,0.0
260704_2306_D613627_654_BEEP_8M6CL_281_3.jpg,8306896,2026-07-05 00:18:42,281,809.0,720.0,810.0,11807.0,83.0
260607_1530_D613639_710_SMP_8M5CL_6330_2.jpg,8309306,2026-06-07 17:19:00,6330,630.0,630.0,630.0,8146.0,83.0
260709_1415_D615356_325_BEEP_8M5CL_1173_2.jpg,8399796,2026-07-09 20:55:07,1173,899.0,899.0,900.0,82857.0,0.0
260614_1156_D612820_066_SMP_8M6CL_261_3.jpg,8270264,2026-06-14 15:10:54,261,360.0,360.0,360.0,2852.0,0.0
260707_1625_D616498_029_SMP_8M5CL_695_2.jpg,8429391,2026-07-07 17:10:54,695,1080.0,1170.0,1170.0,65119.0,0.0
260601_1528_D608642_400_SMP_8M6CL_98_2.jpg,8129895,2026-06-01 19:39:08,98,720.0,720.0,720.0,8312.0,0.0
260711_1924_D616510_350_SMP_8M6CL_1_3.jpg,8435157,2026-07-11 20:34:13,1,270.0,360.0,360.0,2833.0,0.0
260711_1928_D616510_249_SMP_8M6CL_68_3.jpg,8435172,2026-07-11 20:34:13,68,270.0,270.0,270.0,1681.0,0.0
260711_1928_D616510_249_SMP_8M6CL_68_2.jpg,8435172,2026-07-11 20:34:13,68,270.0,270.0,270.0,1681.0,0.0
260706_1945_D609922_028_SMP_8M6CL_31_2.jpg,8182568,2026-07-06 20:58:21,31,270.0,270.0,270.0,1393.0,0.0
260704_2306_D613627_654_BEEP_8M6CL_148477_2.jpg,8306896,2026-07-05 00:18:42,148477,899.0,809.0,900.0,52750.0,83.0
260704_0030_D614266_088_SMP_8M6CL_65_3.jpg,8340125,2026-07-04 01:35:09,65,809.0,809.0,810.0,21094.0,0.0
260705_0340_D614208_337_SMP_8M5CL_20_2.jpg,8358514,2026-07-05 05:25:14,20,360.0,360.0,360.0,3121.0,83.0
260608_0648_D610255_218_SMP_8M5CL_233_2.jpg,8203446,2026-06-08 22:24:59,233,630.0,540.0,630.0,4344.0,0.0
260704_1533_D614248_015_BEEP_8M5CL_1559_2.jpg,8353068,2026-07-04 17:21:30,1559,990.0,809.0,990.0,18560.0,37.0
260705_1802_D545903_269_BEEP_8M5CL_2596_2.jpg,8830458,2026-07-05 20:02:25,2596,1710.0,1349.0,1710.0,143684.0,1.0
260704_2306_D613627_654_BEEP_8M6CL_148374_2.jpg,8306896,2026-07-05 00:18:42,148374,540.0,720.0,720.0,6706.0,83.0
260705_0340_D614208_337_SMP_8M5CL_42_3.jpg,8358514,2026-07-05 05:25:14,42,360.0,360.0,360.0,3557.0,83.0
260709_1410_D615327_055_SMP_8M5CL_726_3.jpg,8399594,2026-07-09 19:29:12,726,630.0,899.0,900.0,9546.0,0.0
260704_2302_D613627_669_SMP_8M6CL_593_2.jpg,8306875,2026-07-05 01:46:43,593,809.0,720.0,810.0,9500.0,83.0
260711_1928_D616510_249_SMP_8M6CL_48_3.jpg,8435172,2026-07-11 20:34:13,48,360.0,270.0,360.0,2930.0,0.0
260704_2306_D613627_654_BEEP_8M6CL_276_3.jpg,8306896,2026-07-05 00:18:42,276,809.0,720.0,810.0,13559.0,83.0
260607_2048_D611342_073_SMP_8M6CL_46_2.jpg,8234395,2026-06-08 01:56:11,46,540.0,720.0,720.0,6213.0,2.0
260705_1802_D545903_284_BEEP_8M5CL_1186_2.jpg,8830281,2026-07-05 20:02:25,1186,1170.0,1260.0,1260.0,146087.0,37.0
260530_0356_D610247_017_SMP_8M5CL_3325_3.jpg,8201479,2026-05-30 05:41:21,3325,360.0,270.0,360.0,4358.0,2.0
260601_1514_D608642_377_SMP_8M6CL_81_2.jpg,8129885,2026-06-01 19:39:08,81,809.0,720.0,810.0,8331.0,0.0
260527_1433_D606465_507_SMP_8M6CL_82_3.jpg,8052019,2026-05-27 15:55:11,82,449.0,809.0,810.0,14596.0,83.0
260604_2251_D612814_182_BEEP_8M5CL_16878_2.jpg,8267486,2026-06-05 00:18:27,16878,1349.0,1260.0,1350.0,97782.0,37.0
260630_1600_D611338_055_BEEP_8M5CL_916_3.jpg,8234594,2026-06-30 17:35:15,916,809.0,809.0,810.0,12770.0,37.0
260703_0057_D614247_042_BEEP_8M6CL_194_2.jpg,8353102,2026-07-03 07:12:35,194,990.0,1080.0,1080.0,77074.0,37.0
260703_0051_D614247_030_BEEP_8M6CL_90_3.jpg,8353023,2026-07-03 07:12:35,90,899.0,720.0,900.0,26891.0,83.0
260528_1724_D608625_015_SMP_8M5CL_709_3.jpg,8126486,2026-05-28 19:02:56,709,360.0,360.0,360.0,6676.0,2.0
260610_1713_D611324_265_BEEP_8M6CL_4111_3.jpg,8229455,2026-06-10 18:33:25,4111,1710.0,1710.0,1710.0,494326.0,0.0
260614_0200_D613611_633_BEEP_8M5CL_1899_2.jpg,8303497,2026-06-14 05:11:00,1899,1260.0,1349.0,1350.0,126516.0,37.0
260704_2302_D613627_669_SMP_8M6CL_646_3.jpg,8306875,2026-07-05 01:46:43,646,360.0,540.0,540.0,3242.0,83.0
260528_0839_D611306_351_SMP_8M6CL_1815_3.jpg,8243175,2026-05-28 10:10:03,1815,449.0,449.0,450.0,3343.0,0.0
260701_0629_D612472_134_BEEP_8M6CL_44_2.jpg,8270140,2026-07-01 08:19:08,44,449.0,540.0,540.0,9026.0,37.0
260707_1710_D614208_424_SMP_8M6CL_555_2.jpg,8358476,2026-07-07 18:37:20,555,720.0,540.0,720.0,6917.0,2.0
260711_1928_D616510_534_SMP_8M6CL_65_2.jpg,8435216,2026-07-11 20:34:13,65,1260.0,1170.0,1260.0,201440.0,0.0
260707_2158_D613614_027_SMP_8M5CL_1944_2.jpg,8304506,2026-07-07 22:36:09,1944,899.0,899.0,900.0,27771.0,2.0
260705_0340_D614208_337_SMP_8M5CL_51_3.jpg,8358514,2026-07-05 05:25:14,51,449.0,360.0,450.0,3416.0,83.0
260704_2302_D613627_669_SMP_8M6CL_621_2.jpg,8306875,2026-07-05 01:46:43,621,1799.0,2070.0,2070.0,245407.0,2.0
260703_1648_D615274_030_SMP_8M5CL_4819_2.jpg,8382635,2026-07-03 17:49:50,4819,449.0,540.0,540.0,5402.0,2.0
260709_1415_D615356_325_SMP_8M5CL_1508_3.jpg,8399796,2026-07-09 20:55:07,1508,990.0,1080.0,1080.0,57440.0,0.0
260527_1107_D609184_253_SMP_8M5CL_1470_2.jpg,8158840,2026-05-27 12:21:50,1470,270.0,270.0,270.0,2291.0,2.0
260702_0450_D615292_033_SMP_8M5CL_1760_3.jpg,8385463,2026-07-02 08:14:01,1760,720.0,809.0,810.0,9906.0,2.0
260528_1554_D608630_376_SMP_8M5CL_7162_3.jpg,8128403,2026-05-28 16:53:20,7162,540.0,449.0,540.0,7271.0,2.0
260602_2221_D607886_655_SMP_8M6CL_5418_2.jpg,8106430,2026-06-03 01:06:06,5418,720.0,720.0,720.0,7823.0,0.0
260607_0802_D611326_066_SMP_8M5CL_1282_2.jpg,8745711,2026-06-07 10:48:32,1282,449.0,449.0,450.0,5689.0,0.0
260611_0530_D611337_527_SMP_8M6CL_12_3.jpg,8236479,2026-06-11 06:12:59,12,630.0,720.0,720.0,5244.0,0.0
260709_1415_D615356_325_SMP_8M5CL_5170_3.jpg,8399796,2026-07-09 20:55:07,5170,899.0,809.0,900.0,5558.0,0.0
260703_1648_D615274_030_SMP_8M5CL_11107_3.jpg,8382635,2026-07-03 17:49:50,11107,720.0,720.0,720.0,6369.0,2.0
260704_2306_D613627_654_SMP_8M6CL_148412_2.jpg,8306896,2026-07-05 00:18:42,148412,809.0,899.0,900.0,21345.0,83.0
260705_0340_D614208_337_SMP_8M5CL_90_2.jpg,8358514,2026-07-05 05:25:14,90,360.0,360.0,360.0,3863.0,83.0
260711_1928_D616510_249_BEEP_8M6CL_6_3.jpg,8435172,2026-07-11 20:34:13,6,540.0,720.0,720.0,5022.0,0.0
260704_2302_D613627_669_SMP_8M6CL_625_2.jpg,8306875,2026-07-05 01:46:43,625,360.0,540.0,540.0,6100.0,2.0
260709_1932_D602107_348_SMP_8M6CL_1749_3.jpg,8920049,2026-07-09 20:58:59,1749,270.0,270.0,270.0,2031.0,0.0
260607_2048_D611342_073_SMP_8M6CL_46_3.jpg,8234395,2026-06-08 01:56:11,46,540.0,720.0,720.0,6213.0,2.0
260623_1429_D613104_250_SMP_8M6CL_12_3.jpg,8312462,2026-06-24 07:36:48,12,360.0,630.0,630.0,2815.0,0.0
260707_2158_D613614_027_SMP_8M5CL_1944_3.jpg,8304506,2026-07-07 22:36:09,1944,899.0,899.0,900.0,27771.0,2.0
260616_2356_D610232_190_SMP_8M6CL_16_2.jpg,8195935,2026-06-17 00:40:04,16,360.0,360.0,360.0,3398.0,0.0
260527_1107_D609184_253_SMP_8M5CL_1507_2.jpg,8158840,2026-05-27 12:21:50,1507,360.0,360.0,360.0,4370.0,2.0
260705_0855_D614211_903_BEEP_8M6CL_2576_3.jpg,8360508,2026-07-05 10:16:35,2576,809.0,809.0,810.0,31854.0,83.0
260601_1615_D613603_103_SMP_8M6CL_6_3.jpg,8303269,2026-06-01 18:50:50,6,809.0,809.0,810.0,21956.0,0.0
260709_1415_D615356_325_BEEP_8M5CL_1173_3.jpg,8399796,2026-07-09 20:55:07,1173,899.0,899.0,900.0,82857.0,0.0
260529_1105_D610243_894_BEEP_8M6CL_140_2.jpg,8201627,2026-05-29 12:33:27,140,1080.0,1170.0,1170.0,37939.0,0.0
260630_1600_D611338_055_SMP_8M5CL_181_2.jpg,8234594,2026-06-30 17:35:15,181,899.0,899.0,900.0,27971.0,83.0
260711_1829_D614209_204_BEEP_8M5CL_366_2.jpg,8360412,2026-07-11 22:18:29,366,720.0,809.0,810.0,24282.0,37.0
260611_0530_D611337_527_SMP_8M6CL_12_2.jpg,8236479,2026-06-11 06:12:59,12,630.0,720.0,720.0,5244.0,0.0
260611_1203_D610871_045_SMP_8M5CL_6479_2.jpg,8213245,2026-06-11 13:52:54,6479,630.0,720.0,720.0,8436.0,83.0
260614_1156_D612820_068_BEEP_8M6CL_768_2.jpg,8270172,2026-06-14 15:10:54,768,3960.0,2160.0,3960.0,5240700.0,0.0
260626_1748_D613142_046_SMP_8M6CL_1592_2.jpg,8322058,2026-06-26 19:35:44,1592,630.0,630.0,630.0,7166.0,83.0
260625_1916_D612471_001_SMP_8M6CL_1179_3.jpg,8270145,2026-06-25 21:25:10,1179,180.0,270.0,270.0,2198.0,2.0
260606_0706_D610259_361_SMP_8M5CL_640_3.jpg,8740362,2026-06-06 08:29:07,640,449.0,449.0,450.0,4368.0,0.0
260601_1543_D613603_107_SMP_8M6CL_19_2.jpg,8303078,2026-06-01 18:50:50,19,630.0,720.0,720.0,6264.0,0.0
260621_0545_D612490_022_SMP_8M6CL_6_2.jpg,8275570,2026-06-21 06:21:34,6,720.0,720.0,720.0,8721.0,2.0
260616_1913_D612474_570_SMP_8M6CL_78_3.jpg,8270422,2026-06-16 20:31:33,78,899.0,899.0,900.0,44513.0,2.0
260606_1556_D610254_370_BEEP_8M5CL_11056_2.jpg,8203438,2026-06-06 18:45:22,11056,1260.0,1349.0,1350.0,302044.0,37.0
260608_0637_D610255_102_BEEP_8M5CL_4349_3.jpg,8203435,2026-06-08 07:56:59,4349,899.0,809.0,900.0,45255.0,0.0
260626_1748_D613142_046_SMP_8M6CL_1592_3.jpg,8322058,2026-06-26 19:35:44,1592,630.0,630.0,630.0,7166.0,83.0
260528_1554_D608630_376_SMP_8M5CL_6807_3.jpg,8128403,2026-05-28 16:53:20,6807,270.0,180.0,270.0,1410.0,2.0
260602_1155_D611393_020_SMP_8M6CL_366_2.jpg,8256000,2026-06-02 14:39:08,366,720.0,720.0,720.0,6496.0,6.0
260703_0051_D614247_030_SMP_8M6CL_33_3.jpg,8353023,2026-07-03 07:12:35,33,809.0,809.0,810.0,19276.0,2.0
260704_1544_D614248_016_BEEP_8M5CL_60_3.jpg,8353079,2026-07-04 17:21:30,60,1619.0,2610.0,2610.0,327048.0,37.0
260711_1829_D614209_204_BEEP_8M5CL_246_3.jpg,8360412,2026-07-11 22:18:29,246,630.0,540.0,630.0,6500.0,37.0
260709_1415_D615356_325_SMP_8M5CL_1099_3.jpg,8399796,2026-07-09 20:55:07,1099,899.0,809.0,900.0,31862.0,0.0
260528_1554_D608630_376_SMP_8M5CL_6862_3.jpg,8128403,2026-05-28 16:53:20,6862,540.0,540.0,540.0,6344.0,2.0
260708_0739_D616501_088_BEEP_8M5CL_2510_3.jpg,8431311,2026-07-08 10:03:57,2510,720.0,540.0,720.0,12254.0,0.0
260704_0030_D614266_088_SMP_8M6CL_65_2.jpg,8340125,2026-07-04 01:35:09,65,809.0,809.0,810.0,21094.0,0.0
260608_0637_D610255_102_BEEP_8M5CL_3440_3.jpg,8203435,2026-06-08 07:56:59,3440,720.0,899.0,900.0,63940.0,0.0
260527_1107_D609184_253_BEEP_8M5CL_1188_2.jpg,8158840,2026-05-27 12:21:50,1188,449.0,449.0,450.0,3824.0,37.0
260614_1156_D612820_068_BEEP_8M6CL_741_2.jpg,8270172,2026-06-14 15:10:54,741,1260.0,1349.0,1350.0,180099.0,0.0
260709_1924_D602107_383_BEEP_8M6CL_654_3.jpg,8919848,2026-07-09 20:58:59,654,1260.0,1260.0,1260.0,82881.0,0.0
260601_0112_D610247_018_SMP_8M6CL_39_3.jpg,8201472,2026-06-01 02:48:29,39,809.0,809.0,810.0,21883.0,83.0
260601_1514_D608642_377_SMP_8M6CL_81_3.jpg,8129885,2026-06-01 19:39:08,81,809.0,720.0,810.0,8331.0,0.0
260531_2021_D608630_376_BEEP_8M6CL_289_3.jpg,8128403,2026-05-31 20:59:27,289,720.0,809.0,810.0,12816.0,37.0
260528_1748_D541930_034_SMP_8M5CL_2730_2.jpg,7470405,2026-05-28 20:23:43,2730,180.0,270.0,270.0,1466.0,83.0
260711_1928_D616510_249_SMP_8M6CL_128_3.jpg,8435172,2026-07-11 20:34:13,128,360.0,360.0,360.0,2109.0,0.0
260714_0237_D613140_151_SMP_8M6CL_48511_3.jpg,8322313,2026-07-14 04:13:23,48511,270.0,270.0,270.0,2421.0,0.0
260714_1620_D531193_466_SMP_8M5CL_4643_2.jpg,8420825,2026-07-14 17:43:31,4643,270.0,270.0,270.0,2352.0,0.0
260609_0949_D610257_439_SMP_8M6CL_81_3.jpg,8203336,2026-06-09 11:30:48,81,809.0,720.0,810.0,18777.0,83.0
260530_2031_D609187_573_BEEP_8M5CL_1351_3.jpg,8161405,2026-05-30 22:20:23,1351,360.0,270.0,360.0,10339.0,37.0
260703_0051_D614247_030_BEEP_8M6CL_25_3.jpg,8353023,2026-07-03 07:12:35,25,990.0,990.0,990.0,68661.0,83.0
260717_2042_D618210_344_BEEP_8M5CL_4619_2.jpg,8524771,2026-07-17 23:33:18,4619,720.0,720.0,720.0,10960.0,0.0
260530_0151_D608639_293_BEEP_8M5CL_3896_2.jpg,8130237,2026-05-30 03:47:42,3896,1349.0,1260.0,1350.0,203604.0,37.0
260528_0839_D611306_351_SMP_8M6CL_273_2.jpg,8243175,2026-05-28 10:10:03,273,899.0,809.0,900.0,19130.0,0.0
260706_0457_D616490_114_BEEP_8M5CL_2299_2.jpg,8422594,2026-07-06 06:31:08,2299,990.0,1170.0,1170.0,178376.0,0.0
260528_1744_D541930_036_SMP_8M5CL_1067_3.jpg,7470447,2026-05-28 20:23:43,1067,720.0,899.0,900.0,19310.0,2.0
260712_1735_D614246_255_SMP_8M6CL_195_3.jpg,8353974,2026-07-12 20:45:18,195,630.0,630.0,630.0,3739.0,0.0
260617_1105_D612476_036_BEEP_8M6CL_18_2.jpg,8271968,2026-06-17 12:33:56,18,2250.0,2160.0,2250.0,516454.0,0.0
260713_0258_D616458_117_SMP_8M5CL_142580_2.jpg,8939600,2026-07-13 04:30:49,142580,720.0,809.0,810.0,14046.0,0.0
260608_0637_D610255_102_SMP_8M5CL_2086_3.jpg,8203435,2026-06-08 07:56:59,2086,809.0,270.0,810.0,8411.0,0.0
260610_0810_D613102_022_SMP_8M5CL_1104_2.jpg,8312445,2026-06-10 09:41:06,1104,720.0,899.0,900.0,25129.0,0.0
260711_1928_D616510_249_SMP_8M6CL_19_2.jpg,8435172,2026-07-11 20:34:13,19,360.0,360.0,360.0,3268.0,0.0
260711_1722_D615272_332_BEEP_8M5CL_44405_2.jpg,8382617,2026-07-11 21:39:51,44405,1080.0,1170.0,1170.0,96158.0,37.0
260629_2006_D552984_853_BEEP_8M5CL_1494_2.jpg,7865557,2026-06-30 04:58:44,1494,1349.0,1890.0,1890.0,47453.0,0.0
260609_0949_D610257_439_SMP_8M6CL_101_3.jpg,8203336,2026-06-09 11:30:48,101,270.0,270.0,270.0,1687.0,83.0
260607_0809_D611326_082_SMP_8M5CL_1960_3.jpg,8745620,2026-06-07 10:48:32,1960,270.0,270.0,270.0,1545.0,0.0
260614_1746_D611459_042_SMP_8M6CL_15_3.jpg,8252714,2026-06-14 18:44:25,15,630.0,990.0,990.0,41200.0,83.0
260704_2302_D613627_669_SMP_8M6CL_646_2.jpg,8306875,2026-07-05 01:46:43,646,360.0,540.0,540.0,3242.0,83.0
260706_1945_D609922_028_SMP_8M6CL_31_3.jpg,8182568,2026-07-06 20:58:21,31,270.0,270.0,270.0,1393.0,0.0
260627_1832_D611462_026_SMP_8M6CL_34_2.jpg,8255998,2026-06-27 20:51:15,34,630.0,449.0,630.0,3824.0,83.0
260604_1441_D611334_315_SMP_8M5CL_5431_3.jpg,8233333,2026-06-04 16:33:43,5431,90.0,90.0,90.0,2850.0,0.0
260614_1156_D612820_068_BEEP_8M6CL_753_3.jpg,8270172,2026-06-14 15:10:54,753,2250.0,2250.0,2250.0,605811.0,0.0
260705_0855_D614211_903_BEEP_8M6CL_2576_2.jpg,8360508,2026-07-05 10:16:35,2576,809.0,809.0,810.0,31854.0,83.0
260711_1722_D615272_332_BEEP_8M5CL_44405_3.jpg,8382617,2026-07-11 21:39:51,44405,1080.0,1170.0,1170.0,96158.0,37.0
260715_0028_D602107_331_SMP_8M6CL_14_3.jpg,7907689,2026-07-15 01:11:34,14,360.0,270.0,360.0,2421.0,0.0
260531_2021_D608630_376_BEEP_8M6CL_403_2.jpg,8128403,2026-05-31 20:59:27,403,1710.0,1890.0,1890.0,302823.0,37.0
260712_1648_D615356_331_BEEP_8M6CL_181_2.jpg,8922726,2026-07-12 18:53:45,181,1080.0,990.0,1080.0,30984.0,0.0
260601_1514_D608642_377_BEEP_8M6CL_105_3.jpg,8129885,2026-06-01 19:39:08,105,720.0,720.0,720.0,12062.0,0.0
260606_0706_D610259_361_SMP_8M5CL_8381_3.jpg,8740362,2026-06-06 08:29:07,8381,990.0,990.0,990.0,14908.0,0.0
260617_2028_D611448_047_BEEP_8M6CL_13_2.jpg,8250469,2026-06-17 22:36:02,13,809.0,720.0,810.0,16354.0,61.0
260706_0357_D616490_036_SMP_8M5CL_2486_2.jpg,8422737,2026-07-06 06:31:08,2486,270.0,270.0,270.0,3036.0,0.0
260616_2356_D610232_190_SMP_8M6CL_16_3.jpg,8195935,2026-06-17 00:40:04,16,360.0,360.0,360.0,3398.0,0.0
260531_2021_D608630_376_BEEP_8M6CL_409_2.jpg,8128403,2026-05-31 20:59:27,409,3239.0,2969.0,3240.0,4527900.0,37.0
260606_0706_D610259_361_SMP_8M5CL_9501_2.jpg,8740362,2026-06-06 08:29:07,9501,360.0,360.0,360.0,2376.0,0.0
260528_1554_D608630_376_SMP_8M5CL_6828_3.jpg,8128403,2026-05-28 16:53:20,6828,360.0,270.0,360.0,2488.0,2.0
260712_1648_D615356_331_BEEP_8M6CL_181_3.jpg,8922726,2026-07-12 18:53:45,181,1080.0,990.0,1080.0,30984.0,0.0
260604_0250_D611331_020_SMP_8M5CL_6362_3.jpg,8233239,2026-06-04 07:50:50,6362,449.0,449.0,450.0,4733.0,0.0
260705_1802_D545903_269_BEEP_8M5CL_2595_3.jpg,8830458,2026-07-05 20:02:25,2595,1260.0,1260.0,1260.0,118007.0,1.0
260629_2006_D552984_853_BEEP_8M5CL_1493_2.jpg,7865557,2026-06-30 04:58:44,1493,720.0,809.0,810.0,21608.0,0.0
260608_1425_D611332_073_BEEP_8M6CL_36_3.jpg,8233138,2026-06-08 15:48:04,36,1799.0,1710.0,1800.0,448319.0,37.0
260608_1413_D611332_035_SMP_8M6CL_26_3.jpg,8233151,2026-06-08 15:48:04,26,1619.0,1799.0,1800.0,112555.0,2.0
260712_1356_D615452_042_BEEP_8M5CL_1448_3.jpg,8418078,2026-07-12 15:20:05,1448,1260.0,1170.0,1260.0,112983.0,0.0
260712_1524_D615452_053_BEEP_8M5CL_567_2.jpg,8937586,2026-07-12 17:59:36,567,540.0,630.0,630.0,8870.0,0.0
260623_1429_D613104_250_SMP_8M6CL_18_2.jpg,8312462,2026-06-24 07:36:48,18,809.0,809.0,809.0,23173.0,0.0
260709_1932_D602107_348_SMP_8M6CL_1749_2.jpg,8920049,2026-07-09 20:58:59,1749,270.0,270.0,270.0,2031.0,0.0
260712_1735_D614246_255_BEEP_8M6CL_202_3.jpg,8353974,2026-07-12 20:45:18,202,809.0,809.0,810.0,11949.0,0.0
260617_1928_D612484_040_SMP_8M6CL_10_3.jpg,8272173,2026-06-17 21:03:03,10,630.0,720.0,720.0,20490.0,2.0
260706_0357_D616490_036_SMP_8M5CL_2533_3.jpg,8422737,2026-07-06 06:31:08,2533,270.0,270.0,270.0,2688.0,0.0
260714_1016_D613642_127_SMP_8M5CL_3940_2.jpg,8309485,2026-07-14 13:42:42,3940,270.0,270.0,270.0,2702.0,2.0
260704_2306_D613627_654_BEEP_8M6CL_292_2.jpg,8306896,2026-07-05 00:18:42,292,1080.0,1080.0,1080.0,36661.0,36.0
260715_0031_D602107_324_SMP_8M6CL_237_3.jpg,7907643,2026-07-15 01:11:34,237,360.0,360.0,360.0,3024.0,0.0
260715_0028_D602107_331_SMP_8M6CL_14_2.jpg,7907689,2026-07-15 01:11:34,14,360.0,270.0,360.0,2421.0,0.0
260614_1156_D612820_068_BEEP_8M6CL_542_3.jpg,8270172,2026-06-14 15:10:54,542,990.0,990.0,990.0,38755.0,0.0
260608_0637_D610255_102_BEEP_8M5CL_4003_3.jpg,8203435,2026-06-08 07:56:59,4003,899.0,1080.0,1080.0,31781.0,0.0
260709_1415_D615356_325_SMP_8M5CL_1508_2.jpg,8399796,2026-07-09 20:55:07,1508,990.0,1080.0,1080.0,57440.0,0.0
260705_1802_D545903_269_BEEP_8M5CL_2596_3.jpg,8830458,2026-07-05 20:02:25,2596,1710.0,1349.0,1710.0,143684.0,1.0
260618_0307_D613630_639_SMP_8M6CL_64_2.jpg,8307029,2026-06-18 07:00:13,64,360.0,360.0,360.0,6682.0,0.0
260602_0522_D610266_579_SMP_8M5CL_10042_2.jpg,8206925,2026-06-02 06:30:09,10042,630.0,630.0,630.0,8373.0,2.0
260610_1422_D611465_315_SMP_8M5CL_3799_3.jpg,8256001,2026-06-10 15:59:03,3799,720.0,720.0,720.0,10867.0,2.0
260614_1156_D612820_068_BEEP_8M6CL_923_3.jpg,8270172,2026-06-14 15:10:54,923,720.0,899.0,900.0,14078.0,0.0
260531_0541_D607888_820_SMP_8M5CL_71239_3.jpg,8109875,2026-05-31 07:08:34,71239,270.0,270.0,270.0,3024.0,0.0
260704_2302_D613627_669_SMP_8M6CL_595_2.jpg,8306875,2026-07-05 01:46:43,595,270.0,180.0,270.0,1713.0,83.0
260602_2254_D607886_685_SMP_8M6CL_4374_2.jpg,8106406,2026-06-03 01:06:06,4374,630.0,630.0,630.0,6909.0,0.0
260610_0832_D613102_018_SMP_8M5CL_71_3.jpg,8312503,2026-06-10 09:41:06,71,720.0,809.0,810.0,15595.0,0.0
260711_1928_D616510_249_BEEP_8M6CL_83_3.jpg,8435172,2026-07-11 20:34:13,83,1799.0,2070.0,2070.0,98405.0,0.0
260604_0654_D611325_078_SMP_8M5CL_2989_2.jpg,8229593,2026-06-04 08:42:07,2989,270.0,270.0,270.0,1729.0,2.0
260601_1600_D608642_384_SMP_8M6CL_141_2.jpg,8129916,2026-06-01 19:39:08,141,720.0,720.0,720.0,7054.0,0.0
260711_1928_D616510_249_SMP_8M6CL_128_2.jpg,8435172,2026-07-11 20:34:13,128,360.0,360.0,360.0,2109.0,0.0
260709_1558_D615340_802_SMP_8M5CL_1521_2.jpg,8405731,2026-07-09 17:48:10,1521,809.0,809.0,810.0,21671.0,2.0
260705_1809_D545903_296_BEEP_8M5CL_13152_3.jpg,8830220,2026-07-05 20:02:25,13152,720.0,720.0,720.0,14756.0,61.0
260601_1514_D608642_377_SMP_8M6CL_98_3.jpg,8129885,2026-06-01 19:39:08,98,720.0,809.0,810.0,9283.0,0.0
260712_2322_D614242_007_BEEP_8M6CL_38_3.jpg,8353001,2026-07-13 00:38:22,38,34560.0,16740.0,34560.0,48661.0,37.0
260713_0258_D616458_117_BEEP_8M5CL_773_2.jpg,8939600,2026-07-13 04:30:49,773,899.0,990.0,990.0,33664.0,0.0
260627_0930_D615309_313_BEEP_8M5CL_2201_3.jpg,8393107,2026-06-28 04:56:55,2201,360.0,270.0,360.0,4199.0,0.0
260602_0151_D608645_010_SMP_8M6CL_12_3.jpg,8134297,2026-06-02 03:01:53,12,360.0,360.0,360.0,3228.0,83.0
260709_1932_D602107_372_BEEP_8M6CL_39_2.jpg,8920058,2026-07-09 20:58:59,39,1799.0,1799.0,1800.0,358843.0,0.0
260618_0025_D611328_359_SMP_8M6CL_64_3.jpg,8233038,2026-06-18 02:34:01,64,630.0,720.0,720.0,9959.0,2.0
260528_1554_D608630_376_SMP_8M5CL_6862_2.jpg,8128403,2026-05-28 16:53:20,6862,540.0,540.0,540.0,6344.0,2.0
260704_2306_D613627_654_SMP_8M6CL_148476_2.jpg,8306896,2026-07-05 00:18:42,148476,270.0,180.0,270.0,1592.0,83.0
260704_2306_D613627_654_SMP_8M6CL_148431_2.jpg,8306896,2026-07-05 00:18:42,148431,540.0,540.0,540.0,3576.0,83.0
260711_1928_D616510_534_SMP_8M6CL_12_2.jpg,8435216,2026-07-11 20:34:13,12,270.0,270.0,270.0,2965.0,0.0
260623_1429_D613104_250_SMP_8M6CL_19_2.jpg,8312462,2026-06-24 07:36:48,19,449.0,449.0,450.0,3396.0,0.0
260610_1040_D613608_687_SMP_8M6CL_101_2.jpg,8303444,2026-06-10 12:47:45,101,540.0,360.0,540.0,4563.0,0.0
260601_1600_D608642_384_SMP_8M6CL_144_2.jpg,8129916,2026-06-01 19:39:08,144,449.0,449.0,450.0,4779.0,0.0
260703_0051_D614247_030_BEEP_8M6CL_53_3.jpg,8353023,2026-07-03 07:12:35,53,360.0,449.0,450.0,2912.0,83.0
260713_0258_D616458_117_SMP_8M5CL_22_2.jpg,8939600,2026-07-13 04:30:49,22,449.0,449.0,450.0,4015.0,0.0
260623_1928_D612478_023_SMP_8M5CL_2495_3.jpg,8272099,2026-06-24 05:04:18,2495,899.0,899.0,900.0,28778.0,2.0
260715_0031_D602107_324_SMP_8M6CL_237_2.jpg,7907643,2026-07-15 01:11:34,237,360.0,360.0,360.0,3024.0,0.0
260623_1429_D613104_250_SMP_8M6CL_12_2.jpg,8312462,2026-06-24 07:36:48,12,360.0,630.0,630.0,2815.0,0.0
260608_0637_D610255_102_BEEP_8M5CL_14921_3.jpg,8203435,2026-06-08 07:56:59,14921,449.0,449.0,450.0,5546.0,0.0
260606_0706_D610259_361_SMP_8M5CL_640_2.jpg,8740362,2026-06-06 08:29:07,640,449.0,449.0,450.0,4368.0,0.0
260712_1356_D615452_042_SMP_8M5CL_2500_3.jpg,8418078,2026-07-12 15:20:05,2500,449.0,630.0,630.0,3861.0,0.0
260714_0237_D613140_151_SMP_8M6CL_71190_2.jpg,8322313,2026-07-14 04:13:23,71190,540.0,449.0,540.0,3430.0,0.0
260625_1342_D611936_446_BEEP_8M6CL_55_2.jpg,8258541,2026-06-25 17:59:22,55,1080.0,899.0,1080.0,72016.0,0.0
260712_1936_D615339_009_SMP_8M6CL_4_2.jpg,8405836,2026-07-12 21:09:46,4,720.0,720.0,720.0,11314.0,83.0
260704_2306_D613627_654_SMP_8M6CL_148471_2.jpg,8306896,2026-07-05 00:18:42,148471,270.0,360.0,360.0,2603.0,83.0
260627_1856_D613621_075_BEEP_8M6CL_52_3.jpg,8304725,2026-06-27 20:15:18,52,809.0,3239.0,3240.0,1061100.0,6.0
260705_0340_D614208_337_SMP_8M5CL_95_2.jpg,8358514,2026-07-05 05:25:14,95,540.0,720.0,720.0,7598.0,83.0
260706_0511_D616490_001_SMP_8M5CL_1966_2.jpg,8422559,2026-07-06 06:31:08,1966,809.0,809.0,810.0,25194.0,0.0
260714_1620_D531193_466_SMP_8M5CL_4638_3.jpg,8420825,2026-07-14 17:43:31,4638,449.0,449.0,450.0,5149.0,0.0
260601_1600_D608642_384_SMP_8M6CL_155_2.jpg,8129916,2026-06-01 19:39:08,155,809.0,720.0,810.0,13615.0,0.0
260705_0340_D614208_337_SMP_8M5CL_36_2.jpg,8358514,2026-07-05 05:25:14,36,360.0,360.0,360.0,4700.0,83.0
260712_1524_D615452_053_BEEP_8M5CL_567_3.jpg,8937586,2026-07-12 17:59:36,567,540.0,630.0,630.0,8870.0,0.0
260528_1748_D541930_034_SMP_8M5CL_682_2.jpg,7470405,2026-05-28 20:23:43,682,630.0,630.0,630.0,9953.0,2.0
260616_2356_D610232_190_SMP_8M6CL_19_3.jpg,8195935,2026-06-17 00:40:04,19,720.0,809.0,810.0,12313.0,0.0
260614_1156_D612820_068_BEEP_8M6CL_756_3.jpg,8270172,2026-06-14 15:10:54,756,899.0,1080.0,1080.0,40619.0,0.0
260611_1159_D610871_046_BEEP_8M5CL_12806_2.jpg,8213297,2026-06-11 13:52:54,12806,720.0,720.0,720.0,7987.0,153.0
260626_1733_D613142_039_BEEP_8M6CL_6423_3.jpg,8322064,2026-06-26 19:35:44,6423,1170.0,1080.0,1170.0,61160.0,37.0
260712_2322_D614242_007_BEEP_8M6CL_38_2.jpg,8353001,2026-07-13 00:38:22,38,34560.0,16740.0,34560.0,48661.0,37.0
260704_1544_D614248_016_SMP_8M5CL_425_2.jpg,8353079,2026-07-04 17:21:30,425,720.0,720.0,720.0,7042.0,83.0
260610_0832_D613102_018_SMP_8M5CL_69_2.jpg,8312503,2026-06-10 09:41:06,69,630.0,540.0,630.0,3752.0,0.0
260715_0025_D602107_333_SMP_8M6CL_73_3.jpg,7907516,2026-07-15 01:11:34,73,270.0,180.0,270.0,1851.0,0.0
260713_0258_D616458_117_BEEP_8M5CL_773_3.jpg,8939600,2026-07-13 04:30:49,773,899.0,990.0,990.0,33664.0,0.0
260611_0739_D611336_091_BEEP_8M6CL_230_2.jpg,8233262,2026-06-11 08:30:36,230,1170.0,990.0,1170.0,138422.0,0.0
260608_0637_D610255_102_BEEP_8M5CL_2564_2.jpg,8203435,2026-06-08 07:56:59,2564,1170.0,1170.0,1170.0,154794.0,0.0
260612_0429_D611326_066_SMP_8M6CL_82_2.jpg,8745711,2026-06-12 05:52:47,82,720.0,630.0,720.0,9934.0,0.0
260712_1858_D615327_200_SMP_8M6CL_170_3.jpg,8922129,2026-07-13 02:45:15,170,449.0,540.0,540.0,5000.0,0.0
260613_0002_D611465_315_BEEP_8M6CL_28_3.jpg,8256001,2026-06-13 00:58:10,28,540.0,540.0,540.0,5321.0,83.0
260713_0258_D616458_117_BEEP_8M5CL_129482_3.jpg,8939600,2026-07-13 04:30:49,129482,449.0,540.0,540.0,5817.0,0.0
260711_1041_D614212_072_BEEP_8M5CL_3437_3.jpg,8344638,2026-07-11 11:45:09,3437,270.0,360.0,360.0,2540.0,37.0
260614_1208_D611463_567_SMP_8M6CL_96_3.jpg,8255896,2026-06-14 19:19:12,96,1080.0,1080.0,1080.0,78452.0,0.0
260706_0457_D616490_114_BEEP_8M5CL_2299_3.jpg,8422594,2026-07-06 06:31:08,2299,990.0,1170.0,1170.0,178376.0,0.0
260712_2322_D614242_007_SMP_8M6CL_46_2.jpg,8353001,2026-07-13 00:38:22,46,1440.0,1710.0,1710.0,375221.0,2.0
260715_0025_D602107_333_SMP_8M6CL_73_2.jpg,7907516,2026-07-15 01:11:34,73,270.0,180.0,270.0,1851.0,0.0
260623_1429_D613104_250_BEEP_8M6CL_21_3.jpg,8312462,2026-06-24 07:36:48,21,720.0,809.0,810.0,11081.0,0.0
260601_1600_D608642_384_BEEP_8M6CL_158_2.jpg,8129916,2026-06-01 19:39:08,158,1349.0,1349.0,1350.0,101386.0,0.0
260630_0933_D613635_177_BEEP_8M5CL_2231_3.jpg,8306860,2026-06-30 12:37:46,2231,990.0,809.0,990.0,27208.0,37.0
260528_2134_D609180_055_SMP_8M6CL_8_2.jpg,8158651,2026-05-28 22:29:04,8,809.0,809.0,810.0,14163.0,2.0
260624_2024_D614268_338_BEEP_8M5CL_5404_3.jpg,8342857,2026-06-25 05:36:54,5404,360.0,449.0,450.0,4682.0,37.0
260711_1453_D614229_551_BEEP_8M5CL_1777_2.jpg,8346678,2026-07-11 17:20:14,1777,360.0,360.0,360.0,8541.0,37.0
260712_1043_D615295_125_BEEP_8M6CL_624_3.jpg,8385775,2026-07-12 12:13:37,624,809.0,809.0,810.0,19070.0,153.0
260530_0206_D610240_014_SMP_8M6CL_72_3.jpg,8198743,2026-05-30 03:37:14,72,1080.0,990.0,1080.0,115687.0,0.0
260606_2203_D611332_105_BEEP_8M5CL_181_2.jpg,8233010,2026-06-07 01:53:17,181,360.0,270.0,360.0,2720.0,0.0
260630_1625_D611338_072_SMP_8M5CL_3358_2.jpg,8234627,2026-07-01 10:27:26,3358,1260.0,1170.0,1260.0,163620.0,0.0
260527_0725_D609178_002_SMP_8M5CL_373_3.jpg,8158921,2026-05-27 08:44:48,373,270.0,270.0,270.0,1695.0,2.0
260706_0357_D616490_036_SMP_8M5CL_2486_3.jpg,8422737,2026-07-06 06:31:08,2486,270.0,270.0,270.0,3036.0,0.0
260627_0930_D615309_313_BEEP_8M5CL_253_3.jpg,8393107,2026-06-28 04:56:55,253,540.0,809.0,810.0,14313.0,0.0
260715_1632_D617589_758_BEEP_8M6CL_540_2.jpg,8471195,2026-07-15 18:01:50,540,990.0,990.0,990.0,65055.0,0.0
260704_2302_D613627_669_SMP_8M6CL_574_2.jpg,8306875,2026-07-05 01:46:43,574,360.0,360.0,360.0,3335.0,83.0
260530_0151_D608639_293_BEEP_8M5CL_3896_3.jpg,8130237,2026-05-30 03:47:42,3896,1349.0,1260.0,1350.0,203604.0,37.0
260712_1913_D615327_196_SMP_8M6CL_192_2.jpg,8922143,2026-07-13 02:45:15,192,1170.0,1440.0,1440.0,81295.0,0.0
260712_1356_D615452_042_BEEP_8M5CL_1448_2.jpg,8418078,2026-07-12 15:20:05,1448,1260.0,1170.0,1260.0,112983.0,0.0
260712_1936_D615339_009_SMP_8M6CL_4_3.jpg,8405836,2026-07-12 21:09:46,4,720.0,720.0,720.0,11314.0,83.0
260602_2254_D607886_685_SMP_8M6CL_25115_3.jpg,8106406,2026-06-03 01:06:06,25115,270.0,270.0,270.0,2022.0,0.0
260703_0100_D614247_345_SMP_8M6CL_6_2.jpg,8353094,2026-07-03 03:29:12,6,720.0,720.0,720.0,9680.0,2.0
260617_1928_D612484_040_SMP_8M6CL_57_2.jpg,8272173,2026-06-17 21:03:03,57,809.0,899.0,900.0,17871.0,83.0
260712_1732_D614246_281_BEEP_8M6CL_34_2.jpg,8353959,2026-07-12 20:45:18,34,990.0,990.0,990.0,140825.0,0.0
260604_2302_D612814_180_BEEP_8M5CL_4356_2.jpg,8267415,2026-06-05 00:18:27,4356,1170.0,1170.0,1170.0,83083.0,37.0
260713_0258_D616458_117_SMP_8M5CL_22_3.jpg,8939600,2026-07-13 04:30:49,22,449.0,449.0,450.0,4015.0,0.0
260601_1528_D608642_400_SMP_8M6CL_80_3.jpg,8129895,2026-06-01 19:39:08,80,720.0,720.0,720.0,8577.0,0.0
260701_0629_D612472_134_BEEP_8M6CL_49_2.jpg,8270140,2026-07-01 08:19:08,49,2250.0,2699.0,2700.0,570206.0,36.0
260614_1156_D612820_068_BEEP_8M6CL_717_3.jpg,8270172,2026-06-14 15:10:54,717,1619.0,1440.0,1620.0,371251.0,0.0
260629_2006_D552984_853_BEEP_8M5CL_1494_3.jpg,7865557,2026-06-30 04:58:44,1494,1349.0,1890.0,1890.0,47453.0,0.0
260627_1856_D613621_075_BEEP_8M6CL_52_2.jpg,8304725,2026-06-27 20:15:18,52,809.0,3239.0,3240.0,1061100.0,6.0
260601_0940_D608625_015_SMP_8M6CL_112_3.jpg,8126486,2026-06-01 11:55:34,112,270.0,360.0,360.0,2267.0,2.0
260712_1043_D615295_125_BEEP_8M6CL_624_2.jpg,8385775,2026-07-12 12:13:37,624,809.0,809.0,810.0,19070.0,153.0
260529_0439_D610233_031_SMP_8M5CL_36_3.jpg,8198649,2026-05-29 07:14:24,36,270.0,270.0,270.0,2989.0,0.0
260603_0918_D611320_173_SMP_8M6CL_103_2.jpg,8229447,2026-06-03 11:47:40,103,720.0,720.0,720.0,6775.0,83.0
260716_1711_D613632_027_BEEP_8M5CL_2029_2.jpg,8306728,2026-07-16 18:10:02,2029,809.0,1170.0,1170.0,101215.0,37.0
260617_1928_D612484_040_SMP_8M6CL_24_2.jpg,8272173,2026-06-17 21:03:03,24,990.0,899.0,990.0,20449.0,2.0
260609_0949_D610257_439_BEEP_8M6CL_896_2.jpg,8203336,2026-06-09 11:30:48,896,899.0,1080.0,1080.0,34780.0,29.0
260613_0010_D611465_306_BEEP_8M6CL_23_2.jpg,8255981,2026-06-13 00:58:10,23,1440.0,1260.0,1440.0,40864.0,61.0
260529_0439_D610233_031_SMP_8M5CL_189_2.jpg,8198649,2026-05-29 07:14:24,189,899.0,809.0,900.0,7439.0,0.0
260601_1514_D608642_377_SMP_8M6CL_85_3.jpg,8129885,2026-06-01 19:39:08,85,720.0,720.0,720.0,6274.0,0.0
260529_1803_D610888_227_SMP_8M5CL_52725_3.jpg,8389456,2026-06-01 23:50:25,52725,2250.0,2340.0,2340.0,1649121.0,2.0
260617_1928_D612484_040_SMP_8M6CL_10_2.jpg,8272173,2026-06-17 21:03:03,10,630.0,720.0,720.0,20490.0,2.0
260714_1620_D531193_466_BEEP_8M5CL_4639_3.jpg,8420825,2026-07-14 17:43:31,4639,270.0,270.0,270.0,2769.0,0.0
260620_0025_D615273_013_SMP_8M5CL_23357_2.jpg,8382726,2026-06-20 02:11:00,23357,990.0,899.0,990.0,42116.0,83.0
260705_1802_D545903_269_BEEP_8M5CL_2595_2.jpg,8830458,2026-07-05 20:02:25,2595,1260.0,1260.0,1260.0,118007.0,1.0
260716_1711_D613632_027_BEEP_8M5CL_2029_3.jpg,8306728,2026-07-16 18:10:02,2029,809.0,1170.0,1170.0,101215.0,37.0
260711_1924_D616510_350_SMP_8M6CL_1_2.jpg,8435157,2026-07-11 20:34:13,1,270.0,360.0,360.0,2833.0,0.0
260614_1156_D612820_068_SMP_8M6CL_649_2.jpg,8270172,2026-06-14 15:10:54,649,270.0,270.0,270.0,1772.0,0.0
260529_0439_D610233_031_SMP_8M5CL_7886_3.jpg,8198649,2026-05-29 07:14:24,7886,180.0,180.0,180.0,1201.0,0.0
260711_1412_D613145_004_SMP_8M5CL_36328_3.jpg,8322743,2026-07-11 22:34:19,36328,990.0,899.0,990.0,63769.0,0.0
260702_1405_D613635_176_SMP_8M6CL_191_2.jpg,8306753,2026-07-02 19:12:50,191,899.0,990.0,990.0,25827.0,2.0
260616_2332_D610232_178_BEEP_8M6CL_41_2.jpg,8196086,2026-06-17 00:40:04,41,90.0,270.0,270.0,5651.0,37.0
260712_1735_D614246_255_BEEP_8M6CL_202_2.jpg,8353974,2026-07-12 20:45:18,202,809.0,809.0,810.0,11949.0,0.0
260607_1530_D613639_710_SMP_8M5CL_11023_2.jpg,8309306,2026-06-07 17:19:00,11023,720.0,720.0,720.0,11257.0,83.0
260530_1655_D609170_135_SMP_8M6CL_35_2.jpg,8156134,2026-05-30 18:35:56,35,270.0,270.0,270.0,1743.0,2.0
260528_1744_D541930_036_BEEP_8M5CL_2033_2.jpg,7470447,2026-05-28 20:23:43,2033,899.0,899.0,900.0,24690.0,61.0
260527_1107_D609184_253_SMP_8M5CL_1473_2.jpg,8158840,2026-05-27 12:21:50,1473,449.0,540.0,540.0,4514.0,2.0
260601_1600_D608642_384_SMP_8M6CL_32_3.jpg,8129916,2026-06-01 19:39:08,32,720.0,720.0,720.0,5622.0,0.0
260616_2335_D610232_182_BEEP_8M6CL_21_3.jpg,8196018,2026-06-17 00:40:04,21,360.0,360.0,360.0,2896.0,37.0
260601_1631_D609160_426_BEEP_8M6CL_18_2.jpg,8154937,2026-06-01 18:54:36,18,1170.0,1260.0,1260.0,99396.0,61.0
260714_0321_D613140_110_BEEP_8M6CL_36451_2.jpg,8322181,2026-07-14 04:13:23,36451,809.0,899.0,900.0,38884.0,0.0
260711_1041_D614212_072_BEEP_8M5CL_804_2.jpg,8344638,2026-07-11 11:45:09,804,360.0,1619.0,1620.0,30169.0,37.0
260623_1429_D613104_250_SMP_8M6CL_96_2.jpg,8312462,2026-06-24 07:36:48,96,1260.0,1080.0,1260.0,88139.0,0.0
260627_0930_D615309_313_BEEP_8M5CL_1607_2.jpg,8393107,2026-06-28 04:56:55,1607,540.0,360.0,540.0,3129.0,0.0
260601_1528_D608642_400_SMP_8M6CL_80_2.jpg,8129895,2026-06-01 19:39:08,80,720.0,720.0,720.0,8577.0,0.0
260714_0057_D613145_046_BEEP_8M6CL_5322_2.jpg,8322720,2026-07-14 02:35:10,5322,1260.0,1170.0,1260.0,13015.0,0.0
260716_1711_D613632_027_BEEP_8M5CL_4390_3.jpg,8306728,2026-07-16 18:10:02,4390,809.0,809.0,810.0,15783.0,37.0
260630_0234_D614257_585_BEEP_8M5CL_5389_3.jpg,8356429,2026-06-30 04:16:19,5389,809.0,720.0,810.0,14604.0,61.0
260601_1528_D608642_400_SMP_8M6CL_81_3.jpg,8129895,2026-06-01 19:39:08,81,720.0,630.0,720.0,5473.0,0.0
260709_1401_D615295_125_BEEP_8M5CL_8394_3.jpg,8385775,2026-07-09 19:11:20,8394,1080.0,1080.0,1080.0,64579.0,29.0
260709_2007_D613614_130_SMP_8M6CL_30_3.jpg,8304455,2026-07-09 21:12:17,30,449.0,360.0,450.0,2953.0,83.0
260716_1711_D613632_027_BEEP_8M5CL_4390_2.jpg,8306728,2026-07-16 18:10:02,4390,809.0,809.0,810.0,15783.0,37.0
260530_0151_D608639_293_BEEP_8M5CL_3790_3.jpg,8130237,2026-05-30 03:47:42,3790,899.0,1170.0,1170.0,185412.0,37.0
260602_0522_D610266_579_SMP_8M5CL_29566_2.jpg,8206925,2026-06-02 06:30:09,29566,270.0,360.0,360.0,3001.0,2.0
260530_0356_D610247_017_BEEP_8M5CL_5256_3.jpg,8201479,2026-05-30 05:41:21,5256,720.0,990.0,990.0,19462.0,37.0
260528_2118_D609189_279_SMP_8M6CL_181_3.jpg,8161264,2026-05-28 23:49:23,181,899.0,899.0,900.0,51199.0,2.0
260709_1352_D615295_153_BEEP_8M5CL_4783_3.jpg,8385707,2026-07-09 19:11:20,4783,540.0,630.0,630.0,3034.0,61.0
260614_2322_D611442_325_BEEP_8M5CL_3177_3.jpg,8247846,2026-06-15 02:00:03,3177,1170.0,1170.0,1170.0,174723.0,37.0
260704_2240_D613627_656_SMP_8M6CL_1256_3.jpg,8306888,2026-07-05 01:46:43,1256,809.0,809.0,810.0,26084.0,83.0
260711_1928_D616510_249_BEEP_8M6CL_126_2.jpg,8435172,2026-07-11 20:34:13,126,540.0,899.0,900.0,5630.0,0.0
260623_1928_D612478_023_BEEP_8M5CL_4365_3.jpg,8272099,2026-06-24 05:04:18,4365,360.0,449.0,450.0,2463.0,61.0
260601_1631_D609160_426_SMP_8M6CL_26_2.jpg,8154937,2026-06-01 18:54:36,26,270.0,360.0,360.0,4575.0,2.0
260707_1613_D616498_112_SMP_8M5CL_10800_2.jpg,8429475,2026-07-07 17:10:54,10800,180.0,180.0,180.0,1442.0,0.0
260529_0043_D609168_730_SMP_8M6CL_17_2.jpg,8155258,2026-05-29 02:09:00,17,990.0,990.0,990.0,70958.0,2.0
260714_0243_D613140_156_BEEP_8M6CL_64454_3.jpg,8322107,2026-07-14 04:13:23,64454,540.0,809.0,810.0,9831.0,0.0
260607_0731_D611326_048_SMP_8M5CL_82_3.jpg,8745696,2026-06-07 10:48:32,82,270.0,270.0,270.0,2016.0,0.0
260614_1156_D612820_068_BEEP_8M6CL_722_2.jpg,8270172,2026-06-14 15:10:54,722,270.0,360.0,360.0,2510.0,0.0
260717_0038_D613618_493_BEEP_8M6CL_33_3.jpg,8308877,2026-07-17 02:33:55,33,1349.0,1440.0,1440.0,168294.0,0.0
260706_0511_D616490_001_SMP_8M5CL_1853_3.jpg,8422559,2026-07-06 06:31:08,1853,899.0,899.0,900.0,24508.0,0.0
260614_0008_D610254_370_SMP_8M6CL_11_2.jpg,8203438,2026-06-14 03:23:27,11,720.0,720.0,720.0,4486.0,83.0
260706_0511_D616490_001_SMP_8M5CL_1853_2.jpg,8422559,2026-07-06 06:31:08,1853,899.0,899.0,900.0,24508.0,0.0
260710_0814_D615336_002_SMP_8M5CL_3281_2.jpg,8405642,2026-07-10 19:57:10,3281,270.0,270.0,270.0,1893.0,83.0
260704_1533_D614248_015_SMP_8M5CL_1783_3.jpg,8353068,2026-07-04 17:21:30,1783,360.0,270.0,360.0,3254.0,2.0
260607_1530_D613639_710_SMP_8M5CL_6330_3.jpg,8309306,2026-06-07 17:19:00,6330,630.0,630.0,630.0,8146.0,83.0
260714_0237_D613140_151_SMP_8M6CL_71190_3.jpg,8322313,2026-07-14 04:13:23,71190,540.0,449.0,540.0,3430.0,0.0
260629_2006_D552984_853_SMP_8M5CL_1119_2.jpg,7865557,2026-06-30 04:58:44,1119,630.0,630.0,630.0,4690.0,0.0
260714_0057_D613145_046_BEEP_8M6CL_5322_3.jpg,8322720,2026-07-14 02:35:10,5322,1260.0,1170.0,1260.0,13015.0,0.0
260706_0357_D616490_036_SMP_8M5CL_2690_3.jpg,8422737,2026-07-06 06:31:08,2690,270.0,270.0,270.0,2124.0,0.0
260704_1533_D614248_015_BEEP_8M5CL_1864_3.jpg,8353068,2026-07-04 17:21:30,1864,720.0,720.0,720.0,6727.0,37.0
260704_2302_D613627_669_BEEP_8M6CL_648_3.jpg,8306875,2026-07-05 01:46:43,648,19620.0,25290.0,25290.0,78983104.0,37.0
260704_1533_D614248_015_SMP_8M5CL_1783_2.jpg,8353068,2026-07-04 17:21:30,1783,360.0,270.0,360.0,3254.0,2.0
260704_2302_D613627_669_BEEP_8M6CL_576_3.jpg,8306875,2026-07-05 01:46:43,576,540.0,449.0,540.0,4470.0,61.0
260714_0237_D613140_151_SMP_8M6CL_73943_2.jpg,8322313,2026-07-14 04:13:23,73943,809.0,809.0,810.0,20965.0,0.0
260714_0243_D613140_156_SMP_8M6CL_30945_2.jpg,8322107,2026-07-14 04:13:23,30945,270.0,270.0,270.0,1604.0,0.0
260709_1410_D615327_055_SMP_8M5CL_1644_3.jpg,8399594,2026-07-09 19:29:12,1644,720.0,809.0,810.0,12740.0,0.0
260704_1533_D614248_015_BEEP_8M5CL_1570_2.jpg,8353068,2026-07-04 17:21:30,1570,720.0,630.0,720.0,4474.0,37.0
260601_1600_D608642_384_SMP_8M6CL_5_3.jpg,8129916,2026-06-01 19:39:08,5,449.0,449.0,450.0,2210.0,0.0
260528_1554_D608630_376_SMP_8M5CL_6329_3.jpg,8128403,2026-05-28 16:53:20,6329,809.0,990.0,990.0,21121.0,83.0
260528_0857_D611306_354_SMP_8M6CL_3138_3.jpg,8243067,2026-05-28 10:10:03,3138,449.0,540.0,540.0,4213.0,0.0
260704_1533_D614248_015_BEEP_8M5CL_1608_3.jpg,8353068,2026-07-04 17:21:30,1608,1980.0,1890.0,1980.0,543386.0,2.0
260714_0321_D613140_110_BEEP_8M6CL_36451_3.jpg,8322181,2026-07-14 04:13:23,36451,809.0,899.0,900.0,38884.0,0.0
260612_0429_D611326_066_SMP_8M6CL_88_2.jpg,8745711,2026-06-12 05:52:47,88,809.0,809.0,810.0,13868.0,0.0
260610_1422_D611465_315_BEEP_8M5CL_3748_3.jpg,8256001,2026-06-10 15:59:03,3748,270.0,360.0,360.0,3818.0,153.0
260709_2007_D613614_130_SMP_8M6CL_2_2.jpg,8304455,2026-07-09 21:12:17,2,630.0,630.0,630.0,3398.0,83.0
260528_1554_D608630_376_SMP_8M5CL_6407_3.jpg,8128403,2026-05-28 16:53:20,6407,540.0,540.0,540.0,12082.0,2.0
260610_0339_D611326_043_SMP_8M6CL_188_3.jpg,8229609,2026-06-10 04:44:49,188,360.0,449.0,450.0,2698.0,0.0
260625_1916_D612471_001_SMP_8M6CL_1179_2.jpg,8270145,2026-06-25 21:25:10,1179,180.0,270.0,270.0,2198.0,2.0
260531_2021_D608630_376_BEEP_8M6CL_398_2.jpg,8128403,2026-05-31 20:59:27,398,1980.0,2250.0,2250.0,589267.0,37.0
260628_2138_D614210_829_BEEP_8M5CL_3024_3.jpg,8360537,2026-06-29 04:18:37,3024,540.0,540.0,540.0,5817.0,37.0
260606_0706_D610259_361_SMP_8M5CL_150_2.jpg,8740362,2026-06-06 08:29:07,150,720.0,809.0,810.0,10986.0,0.0
260601_1600_D608642_384_SMP_8M6CL_36_2.jpg,8129916,2026-06-01 19:39:08,36,360.0,270.0,360.0,2423.0,0.0
260601_1615_D613603_103_SMP_8M6CL_11_2.jpg,8303269,2026-06-01 18:50:50,11,270.0,270.0,270.0,2506.0,0.0
260714_1016_D613642_127_SMP_8M5CL_3940_3.jpg,8309485,2026-07-14 13:42:42,3940,270.0,270.0,270.0,2702.0,2.0
260531_0039_D610229_069_SMP_8M5CL_17584_3.jpg,8190922,2026-05-31 01:56:22,17584,630.0,630.0,630.0,13553.0,2.0
260711_1928_D616510_249_SMP_8M6CL_111_3.jpg,8435172,2026-07-11 20:34:13,111,720.0,809.0,810.0,7010.0,0.0
260706_0511_D616490_001_SMP_8M5CL_1966_3.jpg,8422559,2026-07-06 06:31:08,1966,809.0,809.0,810.0,25194.0,0.0
260617_2028_D611448_047_SMP_8M6CL_2_3.jpg,8250469,2026-06-17 22:36:02,2,1619.0,1980.0,1980.0,298416.0,2.0
260623_1928_D612478_023_SMP_8M5CL_2495_2.jpg,8272099,2026-06-24 05:04:18,2495,899.0,899.0,900.0,28778.0,2.0
260711_1606_D613140_151_SMP_8M5CL_181655_3.jpg,8322313,2026-07-12 00:01:24,181655,1349.0,1349.0,1350.0,282464.0,0.0
260614_0100_D610254_422_BEEP_8M6CL_55_2.jpg,8203492,2026-06-14 03:23:27,55,540.0,449.0,540.0,4498.0,37.0
260714_0237_D613140_151_SMP_8M6CL_8975_2.jpg,8322313,2026-07-14 04:13:23,8975,360.0,270.0,360.0,2012.0,0.0
260627_0927_D615309_371_BEEP_8M5CL_1232_2.jpg,8393041,2026-06-28 04:56:55,1232,360.0,449.0,450.0,5287.0,0.0
260607_2019_D611324_265_SMP_8M5CL_1736_2.jpg,8229455,2026-06-07 23:42:41,1736,270.0,270.0,270.0,2087.0,0.0
260601_0112_D610247_017_BEEP_8M6CL_11_3.jpg,8201479,2026-06-01 02:48:29,11,2160.0,2520.0,2520.0,781938.0,36.0
260601_1517_D608642_484_BEEP_8M6CL_32_2.jpg,8129956,2026-06-01 19:39:08,32,449.0,449.0,450.0,3919.0,0.0
260610_1422_D611465_315_BEEP_8M5CL_3774_3.jpg,8256001,2026-06-10 15:59:03,3774,809.0,809.0,810.0,25162.0,153.0
260613_0022_D611330_338_BEEP_8M6CL_15_2.jpg,8233276,2026-06-13 01:33:25,15,2880.0,3420.0,3420.0,2486700.0,37.0
260609_1622_D611337_531_SMP_8M5CL_1502_2.jpg,8759415,2026-06-09 18:00:47,1502,449.0,630.0,630.0,3861.0,0.0
260528_0508_D609170_135_BEEP_8M5CL_2011_2.jpg,8156134,2026-05-28 06:25:21,2011,1170.0,1349.0,1350.0,164928.0,94.0
260705_0340_D614208_337_SMP_8M5CL_90_3.jpg,8358514,2026-07-05 05:25:14,90,360.0,360.0,360.0,3863.0,83.0
260601_1514_D608642_377_SMP_8M6CL_111_2.jpg,8129885,2026-06-01 19:39:08,111,630.0,630.0,630.0,7174.0,0.0
260704_1533_D614248_015_BEEP_8M5CL_2034_3.jpg,8353068,2026-07-04 17:21:30,2034,90.0,180.0,180.0,425.0,37.0
260606_0740_D610259_336_SMP_8M5CL_10268_2.jpg,8203379,2026-06-06 09:04:33,10268,720.0,809.0,810.0,12208.0,0.0
260625_2226_D613621_075_SMP_8M5CL_169_3.jpg,8304725,2026-06-25 23:53:24,169,899.0,899.0,900.0,12491.0,83.0
260608_0531_D611336_003_SMP_8M5CL_29841_2.jpg,8233292,2026-06-08 06:46:40,29841,630.0,630.0,630.0,5309.0,0.0
260630_0222_D614257_588_BEEP_8M5CL_3319_3.jpg,8356428,2026-06-30 04:16:19,3319,720.0,1349.0,1350.0,60377.0,37.0
260529_1803_D610888_227_SMP_8M5CL_22799_2.jpg,8389456,2026-06-01 23:50:25,22799,809.0,899.0,900.0,19600.0,2.0
260529_0439_D610233_031_SMP_8M5CL_961_3.jpg,8198649,2026-05-29 07:14:24,961,1170.0,1080.0,1170.0,79968.0,0.0
260528_1554_D608630_376_SMP_8M5CL_6224_3.jpg,8128403,2026-05-28 16:53:20,6224,270.0,360.0,360.0,3232.0,2.0
260610_0348_D611443_814_SMP_8M5CL_91_3.jpg,8248074,2026-06-10 07:25:03,91,270.0,360.0,360.0,5256.0,0.0
260528_1744_D541930_036_BEEP_8M5CL_869_2.jpg,7470447,2026-05-28 20:23:43,869,809.0,809.0,810.0,18882.0,94.0
260601_0112_D610247_018_SMP_8M6CL_39_2.jpg,8201472,2026-06-01 02:48:29,39,809.0,809.0,810.0,21883.0,83.0
260711_1041_D614212_072_BEEP_8M5CL_3437_2.jpg,8344638,2026-07-11 11:45:09,3437,270.0,360.0,360.0,2540.0,37.0
260617_1928_D612484_040_SMP_8M6CL_24_3.jpg,8272173,2026-06-17 21:03:03,24,990.0,899.0,990.0,20449.0,2.0
260601_1528_D608642_400_SMP_8M6CL_51_2.jpg,8129895,2026-06-01 19:39:08,51,720.0,720.0,720.0,8650.0,0.0
260704_1533_D614248_015_BEEP_8M5CL_1654_2.jpg,8353068,2026-07-04 17:21:30,1654,990.0,1080.0,1080.0,33128.0,37.0
260630_0234_D614257_585_BEEP_8M5CL_5463_2.jpg,8356429,2026-06-30 04:16:19,5463,630.0,630.0,630.0,8343.0,61.0
260706_0511_D616490_001_SMP_8M5CL_1954_3.jpg,8422559,2026-07-06 06:31:08,1954,270.0,270.0,270.0,5173.0,0.0
260704_2306_D613627_654_BEEP_8M6CL_148472_2.jpg,8306896,2026-07-05 00:18:42,148472,449.0,449.0,450.0,2823.0,83.0
260601_1600_D608642_384_BEEP_8M6CL_158_3.jpg,8129916,2026-06-01 19:39:08,158,1349.0,1349.0,1350.0,101386.0,0.0
260711_1928_D616510_534_SMP_8M6CL_13_2.jpg,8435216,2026-07-11 20:34:13,13,270.0,270.0,270.0,1563.0,0.0
260706_1723_D616508_060_SMP_8M6CL_3_2.jpg,8435045,2026-07-06 18:31:50,3,809.0,809.0,810.0,35628.0,0.0
260711_1928_D616510_534_SMP_8M6CL_12_3.jpg,8435216,2026-07-11 20:34:13,12,270.0,270.0,270.0,2965.0,0.0
260614_1153_D612820_062_SMP_8M6CL_652_3.jpg,8270194,2026-06-14 15:10:54,652,360.0,360.0,360.0,2510.0,2.0
260705_1802_D545903_284_BEEP_8M5CL_1186_3.jpg,8830281,2026-07-05 20:02:25,1186,1170.0,1260.0,1260.0,146087.0,37.0
260623_1429_D613104_250_BEEP_8M6CL_29_2.jpg,8312462,2026-06-24 07:36:48,29,360.0,270.0,360.0,3048.0,0.0
260712_2322_D614242_007_SMP_8M6CL_46_3.jpg,8353001,2026-07-13 00:38:22,46,1440.0,1710.0,1710.0,375221.0,2.0
260712_1732_D614246_281_BEEP_8M6CL_34_3.jpg,8353959,2026-07-12 20:45:18,34,990.0,990.0,990.0,140825.0,0.0
260611_1159_D610871_046_BEEP_8M5CL_12806_3.jpg,8213297,2026-06-11 13:52:54,12806,720.0,720.0,720.0,7987.0,153.0
260711_1921_D616510_308_BEEP_8M6CL_9_2.jpg,8435123,2026-07-11 20:34:13,9,270.0,630.0,630.0,5711.0,0.0
260618_0036_D611445_602_BEEP_8M6CL_75_3.jpg,8247517,2026-06-18 02:49:27,75,1890.0,1619.0,1890.0,187501.0,37.0
260709_1558_D615340_802_BEEP_8M5CL_3075_2.jpg,8405731,2026-07-09 17:48:10,3075,1440.0,1260.0,1440.0,179923.0,37.0
260611_0711_D611336_003_SMP_8M6CL_188_3.jpg,8233292,2026-06-11 08:30:36,188,270.0,360.0,360.0,2115.0,0.0
260601_1615_D613603_103_SMP_8M6CL_9_2.jpg,8303269,2026-06-01 18:50:50,9,630.0,630.0,630.0,6609.0,0.0
260608_0648_D610255_218_SMP_8M5CL_235_2.jpg,8203446,2026-06-08 22:24:59,235,720.0,540.0,720.0,10988.0,0.0
260623_1556_D612557_299_SMP_8M6CL_18_3.jpg,8280446,2026-06-23 22:06:57,18,449.0,540.0,540.0,3867.0,83.0
260614_1156_D612820_068_BEEP_8M6CL_721_2.jpg,8270172,2026-06-14 15:10:54,721,1170.0,1440.0,1440.0,93436.0,0.0
260709_1558_D615340_802_BEEP_8M5CL_2754_2.jpg,8405731,2026-07-09 17:48:10,2754,2070.0,1980.0,2070.0,554321.0,36.0
260709_2007_D613614_130_SMP_8M6CL_32_2.jpg,8304455,2026-07-09 21:12:17,32,720.0,720.0,720.0,6500.0,83.0
260618_0307_D613630_639_SMP_8M6CL_164_3.jpg,8307029,2026-06-18 07:00:13,164,270.0,270.0,270.0,2067.0,0.0
260527_1433_D606465_507_SMP_8M6CL_81_2.jpg,8052019,2026-05-27 15:55:11,81,899.0,899.0,900.0,48436.0,2.0
260715_1617_D616554_228_BEEP_8M6CL_585_2.jpg,8448378,2026-07-15 21:36:54,585,2520.0,2070.0,2520.0,824222.0,36.0
260709_1401_D615295_125_BEEP_8M5CL_8394_2.jpg,8385775,2026-07-09 19:11:20,8394,1080.0,1080.0,1080.0,64579.0,29.0
260705_0340_D614208_337_SMP_8M5CL_129_3.jpg,8358514,2026-07-05 05:25:14,129,270.0,270.0,270.0,2544.0,83.0
260624_1426_D613142_039_SMP_8M5CL_108629_2.jpg,8322064,2026-06-24 16:32:09,108629,899.0,809.0,900.0,15913.0,2.0
260625_2226_D613621_075_BEEP_8M5CL_1231_3.jpg,8304725,2026-06-25 23:53:24,1231,90.0,90.0,90.0,718.0,36.0
260604_2237_D612814_181_SMP_8M5CL_11732_3.jpg,8267476,2026-06-05 00:18:27,11732,449.0,540.0,540.0,3139.0,2.0
260704_2306_D613627_654_BEEP_8M6CL_148418_3.jpg,8306896,2026-07-05 00:18:42,148418,720.0,720.0,720.0,8804.0,83.0
260613_0010_D611465_306_SMP_8M6CL_32_3.jpg,8255981,2026-06-13 00:58:10,32,270.0,270.0,270.0,2010.0,2.0
260610_1040_D613608_687_BEEP_8M6CL_35_2.jpg,8303444,2026-06-10 12:47:45,35,270.0,270.0,270.0,2639.0,0.0
260602_0519_D610266_580_BEEP_8M5CL_711_3.jpg,8206928,2026-06-02 16:41:59,711,3060.0,2520.0,3060.0,5005800.0,37.0
260601_0143_D608639_293_BEEP_8M6CL_163_3.jpg,8130237,2026-06-01 02:39:53,163,449.0,449.0,450.0,4290.0,83.0
260712_1858_D615327_200_SMP_8M6CL_170_2.jpg,8922129,2026-07-13 02:45:15,170,449.0,540.0,540.0,5000.0,0.0
260614_1156_D612820_068_BEEP_8M6CL_2_3.jpg,8270172,2026-06-14 15:10:54,2,1619.0,540.0,1620.0,191285.0,0.0
260602_2221_D607886_655_SMP_8M6CL_5418_3.jpg,8106430,2026-06-03 01:06:06,5418,720.0,720.0,720.0,7823.0,0.0
260616_0537_D613611_633_SMP_8M6CL_60_3.jpg,8303497,2026-06-16 07:07:22,60,270.0,270.0,270.0,1213.0,2.0
260702_1424_D613649_062_SMP_8M6CL_2489_2.jpg,8317323,2026-07-02 15:39:44,2489,720.0,630.0,720.0,8923.0,2.0
260612_2330_D611337_530_BEEP_8M6CL_2245_3.jpg,8759465,2026-06-13 00:37:32,2245,720.0,630.0,720.0,12592.0,0.0
260719_2031_D616559_582_BEEP_8M6CL_144_2.jpg,8448046,2026-07-19 21:54:56,144,990.0,990.0,990.0,12845.0,83.0
260719_1100_D614177_060_SMP_8M5CL_113395_2.jpg,8979113,2026-07-19 13:06:31,113395,270.0,270.0,270.0,2657.0,0.0
260601_1543_D613603_107_SMP_8M6CL_18_3.jpg,8303078,2026-06-01 18:50:50,18,540.0,720.0,720.0,4455.0,0.0
260704_2302_D613627_669_SMP_8M6CL_630_3.jpg,8306875,2026-07-05 01:46:43,630,4320.0,3780.0,4320.0,5491800.0,2.0
260528_2154_D609189_277_BEEP_8M6CL_203_2.jpg,8161349,2026-05-28 23:49:23,203,540.0,540.0,540.0,6138.0,83.0
260607_0731_D611326_048_SMP_8M5CL_835_3.jpg,8745696,2026-06-07 10:48:32,835,720.0,720.0,720.0,12276.0,0.0
260719_2031_D616559_582_BEEP_8M6CL_134_3.jpg,8448046,2026-07-19 21:54:56,134,720.0,809.0,810.0,9888.0,83.0
260613_0010_D611465_306_BEEP_8M6CL_22_3.jpg,8255981,2026-06-13 00:58:10,22,449.0,809.0,810.0,5873.0,83.0
260623_1556_D612557_299_SMP_8M6CL_18_2.jpg,8280446,2026-06-23 22:06:57,18,449.0,540.0,540.0,3867.0,83.0
260528_0839_D611306_351_SMP_8M6CL_1815_2.jpg,8243175,2026-05-28 10:10:03,1815,449.0,449.0,450.0,3343.0,0.0
260601_1600_D608642_384_SMP_8M6CL_23_3.jpg,8129916,2026-06-01 19:39:08,23,630.0,630.0,630.0,4362.0,0.0
260704_2302_D613627_669_SMP_8M6CL_630_2.jpg,8306875,2026-07-05 01:46:43,630,4320.0,3780.0,4320.0,5491800.0,2.0
260709_1401_D615295_125_BEEP_8M5CL_7601_3.jpg,8385775,2026-07-09 19:11:20,7601,1799.0,1349.0,1800.0,225548.0,29.0
260614_1156_D612820_068_BEEP_8M6CL_762_3.jpg,8270172,2026-06-14 15:10:54,762,990.0,1080.0,1080.0,34890.0,0.0
260601_1543_D613603_107_BEEP_8M6CL_64_3.jpg,8303078,2026-06-01 18:50:50,64,809.0,809.0,810.0,18479.0,0.0
260704_1533_D614248_015_BEEP_8M5CL_1624_3.jpg,8353068,2026-07-04 17:21:30,1624,809.0,809.0,810.0,16202.0,37.0
260704_1533_D614248_015_BEEP_8M5CL_1793_2.jpg,8353068,2026-07-04 17:21:30,1793,720.0,720.0,720.0,9346.0,37.0
260601_1615_D613603_103_SMP_8M6CL_6_2.jpg,8303269,2026-06-01 18:50:50,6,809.0,809.0,810.0,21956.0,0.0
260528_1744_D541930_036_BEEP_8M5CL_998_2.jpg,7470447,2026-05-28 20:23:43,998,360.0,360.0,360.0,2320.0,37.0
260607_2019_D611324_265_BEEP_8M5CL_19023_3.jpg,8229455,2026-06-07 23:42:41,19023,540.0,899.0,900.0,8907.0,0.0
260704_1533_D614248_015_BEEP_8M5CL_2002_2.jpg,8353068,2026-07-04 17:21:30,2002,360.0,270.0,360.0,5341.0,94.0
260721_0852_D618210_340_SMP_8M6CL_350_2.jpg,8524654,2026-07-21 11:18:11,350,1349.0,1170.0,1350.0,105069.0,2.0
260610_1905_D610259_340_BEEP_8M6CL_1_2.jpg,8740428,2026-06-10 23:04:08,1,1530.0,1349.0,1530.0,187412.0,0.0
260527_1107_D609184_253_SMP_8M5CL_1494_3.jpg,8158840,2026-05-27 12:21:50,1494,270.0,270.0,270.0,2427.0,2.0
260610_1044_D613608_701_SMP_8M6CL_103_3.jpg,8303397,2026-06-10 12:47:45,103,360.0,270.0,360.0,2213.0,0.0
260607_2109_D611342_128_BEEP_8M6CL_61_3.jpg,8234527,2026-06-08 01:56:11,61,630.0,540.0,630.0,3620.0,0.0
260709_2007_D613614_130_SMP_8M6CL_4_2.jpg,8304455,2026-07-09 21:12:17,4,630.0,540.0,630.0,4951.0,83.0
260528_0527_D608633_026_SMP_8M5CL_2312_2.jpg,8128557,2026-05-28 06:39:03,2312,360.0,270.0,360.0,3054.0,2.0
260709_2007_D613614_130_SMP_8M6CL_34_2.jpg,8304455,2026-07-09 21:12:17,34,449.0,630.0,630.0,3440.0,83.0
260709_2007_D613614_130_SMP_8M6CL_32_3.jpg,8304455,2026-07-09 21:12:17,32,720.0,720.0,720.0,6500.0,83.0
260629_2006_D552984_853_BEEP_8M5CL_1493_3.jpg,7865557,2026-06-30 04:58:44,1493,720.0,809.0,810.0,21608.0,0.0
260531_0515_D610215_109_BEEP_8M5CL_1882_2.jpg,8193331,2026-05-31 06:24:59,1882,7199.0,8730.0,8730.0,38491200.0,37.0
260625_2235_D613621_076_SMP_8M5CL_2481_2.jpg,8304668,2026-06-25 23:53:24,2481,360.0,449.0,450.0,3424.0,2.0
260710_0814_D615336_002_SMP_8M5CL_3281_3.jpg,8405642,2026-07-10 19:57:10,3281,270.0,270.0,270.0,1893.0,83.0
260531_2021_D608630_376_BEEP_8M6CL_289_2.jpg,8128403,2026-05-31 20:59:27,289,720.0,809.0,810.0,12816.0,37.0
260607_1423_D611334_282_SMP_8M6CL_157_3.jpg,8233423,2026-06-07 16:37:49,157,809.0,990.0,990.0,40783.0,0.0
260607_0802_D611326_066_SMP_8M5CL_1770_2.jpg,8745711,2026-06-07 10:48:32,1770,449.0,540.0,540.0,3744.0,0.0
260601_1626_D613603_029_SMP_8M6CL_1365_2.jpg,8303082,2026-06-01 18:50:50,1365,720.0,899.0,900.0,25333.0,0.0
260709_1352_D615295_153_BEEP_8M5CL_4783_2.jpg,8385707,2026-07-09 19:11:20,4783,540.0,630.0,630.0,3034.0,61.0
260711_1829_D614209_204_BEEP_8M5CL_203_3.jpg,8360412,2026-07-11 22:18:29,203,990.0,899.0,990.0,18657.0,29.0
260704_1533_D614248_015_BEEP_8M5CL_1864_2.jpg,8353068,2026-07-04 17:21:30,1864,720.0,720.0,720.0,6727.0,37.0
260603_0959_D611320_227_SMP_8M6CL_30_2.jpg,8229426,2026-06-03 11:47:40,30,1980.0,1619.0,1980.0,528482.0,0.0
260604_2251_D612814_182_SMP_8M5CL_12370_3.jpg,8267486,2026-06-05 00:18:27,12370,899.0,809.0,900.0,14802.0,2.0
260713_1713_D614209_204_BEEP_8M6CL_17_2.jpg,8360412,2026-07-13 18:21:18,17,9270.0,9719.0,9720.0,38637000.0,37.0
260610_1422_D611465_315_BEEP_8M5CL_3774_2.jpg,8256001,2026-06-10 15:59:03,3774,809.0,809.0,810.0,25162.0,153.0
260607_2048_D611342_073_SMP_8M6CL_80_2.jpg,8234395,2026-06-08 01:56:11,80,720.0,809.0,810.0,7877.0,2.0
260609_1629_D611337_530_SMP_8M5CL_1447_2.jpg,8759465,2026-06-09 18:00:47,1447,270.0,270.0,270.0,1476.0,0.0
260712_1846_D615327_197_SMP_8M6CL_31_2.jpg,8922079,2026-07-13 02:45:15,31,809.0,809.0,810.0,22925.0,0.0
260719_2031_D616559_582_BEEP_8M6CL_135_2.jpg,8448046,2026-07-19 21:54:56,135,270.0,270.0,270.0,2983.0,83.0
260704_2306_D613627_654_SMP_8M6CL_148471_3.jpg,8306896,2026-07-05 00:18:42,148471,270.0,360.0,360.0,2603.0,83.0
260531_2021_D608630_376_BEEP_8M6CL_402_3.jpg,8128403,2026-05-31 20:59:27,402,1260.0,1440.0,1440.0,157755.0,37.0
260614_0046_D610254_435_SMP_8M6CL_217_2.jpg,8203553,2026-06-14 03:23:27,217,270.0,449.0,450.0,17911.0,0.0
260603_0937_D608109_299_SMP_8M6CL_208_3.jpg,8120681,2026-06-03 10:48:57,208,809.0,720.0,810.0,13019.0,83.0
260719_2031_D616559_582_BEEP_8M6CL_134_2.jpg,8448046,2026-07-19 21:54:56,134,720.0,809.0,810.0,9888.0,83.0
260719_2049_D616559_578_SMP_8M6CL_116_3.jpg,8447956,2026-07-19 21:54:56,116,990.0,990.0,990.0,35365.0,83.0
260616_2356_D610232_190_SMP_8M6CL_20_2.jpg,8195935,2026-06-17 00:40:04,20,449.0,540.0,540.0,3460.0,0.0
260708_0739_D616501_088_SMP_8M5CL_1618_2.jpg,8431311,2026-07-08 10:03:57,1618,540.0,449.0,540.0,3244.0,0.0
260704_1533_D614248_015_SMP_8M5CL_1791_2.jpg,8353068,2026-07-04 17:21:30,1791,270.0,360.0,360.0,1644.0,2.0
260609_0959_D611291_798_SMP_8M6CL_83_2.jpg,8238994,2026-06-09 11:41:20,83,540.0,540.0,540.0,3877.0,0.0
260612_0429_D611326_066_SMP_8M6CL_80_2.jpg,8745711,2026-06-12 05:52:47,80,720.0,809.0,810.0,16981.0,0.0
260608_0637_D610255_102_BEEP_8M5CL_1642_2.jpg,8203435,2026-06-08 07:56:59,1642,540.0,630.0,630.0,4860.0,0.0
260627_0930_D615309_313_BEEP_8M5CL_2201_2.jpg,8393107,2026-06-28 04:56:55,2201,360.0,270.0,360.0,4199.0,0.0
260629_2002_D552984_795_SMP_8M5CL_2134_2.jpg,7865622,2026-06-30 04:58:44,2134,630.0,630.0,630.0,8585.0,0.0
260601_1600_D608642_384_SMP_8M6CL_150_2.jpg,8129916,2026-06-01 19:39:08,150,449.0,630.0,630.0,4010.0,0.0
260607_1530_D613639_710_SMP_8M5CL_3377_3.jpg,8309306,2026-06-07 17:19:00,3377,720.0,630.0,720.0,10410.0,83.0
260602_0519_D610266_580_SMP_8M5CL_12027_2.jpg,8206928,2026-06-02 16:41:59,12027,360.0,270.0,360.0,4302.0,2.0
260618_0025_D611328_359_SMP_8M6CL_64_2.jpg,8233038,2026-06-18 02:34:01,64,630.0,720.0,720.0,9959.0,2.0
260610_1044_D613608_701_BEEP_8M6CL_14_3.jpg,8303397,2026-06-10 12:47:45,14,630.0,540.0,630.0,3717.0,0.0
260623_1454_D614218_090_SMP_8M6CL_10_2.jpg,8344929,2026-06-23 23:55:48,10,540.0,720.0,720.0,3972.0,0.0
260608_0648_D610255_218_SMP_8M5CL_235_3.jpg,8203446,2026-06-08 22:24:59,235,720.0,540.0,720.0,10988.0,0.0
260530_2031_D609187_554_SMP_8M5CL_4994_3.jpg,8161287,2026-05-30 22:20:23,4994,449.0,449.0,450.0,3438.0,2.0
260601_1517_D608642_484_SMP_8M6CL_43_2.jpg,8129956,2026-06-01 19:39:08,43,809.0,720.0,810.0,13391.0,0.0
260722_1850_D617623_139_BEEP_8M5CL_5749_3.jpg,8480278,2026-07-23 01:46:45,5749,720.0,809.0,810.0,14078.0,37.0
260630_0933_D613635_177_BEEP_8M5CL_2294_2.jpg,8306860,2026-06-30 12:37:46,2294,360.0,360.0,360.0,4733.0,37.0
260704_2306_D613627_654_BEEP_8M6CL_148459_3.jpg,8306896,2026-07-05 00:18:42,148459,1349.0,1440.0,1440.0,197523.0,83.0
260722_0946_D613153_191_SMP_8M6CL_337_3.jpg,8978714,2026-07-22 11:14:19,337,990.0,990.0,990.0,91060.0,0.0
260719_2031_D616559_582_BEEP_8M6CL_159_2.jpg,8448046,2026-07-19 21:54:56,159,630.0,630.0,630.0,6504.0,83.0
260603_1057_D611305_420_SMP_8M5CL_426_2.jpg,8243147,2026-06-03 13:01:28,426,630.0,720.0,720.0,6652.0,2.0
260704_1533_D614248_015_BEEP_8M5CL_1803_2.jpg,8353068,2026-07-04 17:21:30,1803,1530.0,1530.0,1530.0,348395.0,37.0
260601_0944_D608625_004_BEEP_8M6CL_223_3.jpg,8126352,2026-06-01 11:55:34,223,15389.0,30599.0,30600.0,60110100.0,37.0
260601_1600_D608642_384_SMP_8M6CL_28_2.jpg,8129916,2026-06-01 19:39:08,28,720.0,720.0,720.0,7224.0,0.0
260704_1533_D614248_015_BEEP_8M5CL_1851_2.jpg,8353068,2026-07-04 17:21:30,1851,540.0,630.0,630.0,5477.0,37.0
260611_0711_D611336_003_SMP_8M6CL_188_2.jpg,8233292,2026-06-11 08:30:36,188,270.0,360.0,360.0,2115.0,0.0
260704_1533_D614248_015_BEEP_8M5CL_1898_2.jpg,8353068,2026-07-04 17:21:30,1898,360.0,360.0,360.0,3204.0,37.0
260704_1533_D614248_015_SMP_8M5CL_1525_2.jpg,8353068,2026-07-04 17:21:30,1525,360.0,270.0,360.0,2611.0,2.0
260603_1351_D609174_080_SMP_8M5CL_169_2.jpg,8156168,2026-06-03 17:51:35,169,1080.0,1080.0,1080.0,46915.0,2.0
260610_1044_D613608_701_SMP_8M6CL_93_2.jpg,8303397,2026-06-10 12:47:45,93,360.0,270.0,360.0,3026.0,0.0
260722_1850_D617623_139_BEEP_8M5CL_5749_2.jpg,8480278,2026-07-23 01:46:45,5749,720.0,809.0,810.0,14078.0,37.0
260722_1850_D617623_139_SMP_8M5CL_2288_3.jpg,8480278,2026-07-23 01:46:45,2288,270.0,270.0,270.0,1984.0,2.0
260610_0345_D611443_840_BEEP_8M5CL_319_2.jpg,8248018,2026-06-10 07:25:03,319,1170.0,1260.0,1260.0,118794.0,0.0
260527_1433_D606465_507_SMP_8M6CL_90_3.jpg,8052019,2026-05-27 15:55:11,90,270.0,360.0,360.0,2156.0,2.0
260608_2115_D611434_537_SMP_8M6CL_62_3.jpg,8258605,2026-06-08 22:55:29,62,630.0,630.0,630.0,4174.0,0.0
260529_0439_D610233_031_BEEP_8M5CL_8279_2.jpg,8198649,2026-05-29 07:14:24,8279,990.0,809.0,990.0,20366.0,0.0
260602_0519_D610266_580_BEEP_8M5CL_711_2.jpg,8206928,2026-06-02 16:41:59,711,3060.0,2520.0,3060.0,5005800.0,37.0
260528_1724_D608625_015_SMP_8M5CL_1435_3.jpg,8126486,2026-05-28 19:02:56,1435,809.0,720.0,810.0,17124.0,2.0
260715_1617_D616554_228_SMP_8M6CL_691_3.jpg,8448378,2026-07-15 21:36:54,691,630.0,540.0,630.0,4822.0,83.0
260606_0706_D610259_361_SMP_8M5CL_358_3.jpg,8740362,2026-06-06 08:29:07,358,899.0,809.0,900.0,40583.0,0.0
260722_1850_D617623_139_SMP_8M5CL_2288_2.jpg,8480278,2026-07-23 01:46:45,2288,270.0,270.0,270.0,1984.0,2.0
260608_2115_D611434_537_SMP_8M6CL_278_2.jpg,8258605,2026-06-08 22:55:29,278,360.0,360.0,360.0,3159.0,0.0
260623_1928_D612478_023_BEEP_8M5CL_4365_2.jpg,8272099,2026-06-24 05:04:18,4365,360.0,449.0,450.0,2463.0,61.0
260630_0222_D614257_588_SMP_8M5CL_5760_2.jpg,8356428,2026-06-30 04:16:19,5760,720.0,720.0,720.0,9979.0,83.0
260608_0641_D610255_220_BEEP_8M5CL_4593_3.jpg,8203504,2026-06-08 22:24:59,4593,1349.0,1170.0,1350.0,178293.0,0.0
260608_0637_D610255_102_BEEP_8M5CL_3189_3.jpg,8203435,2026-06-08 07:56:59,3189,449.0,449.0,450.0,4405.0,0.0
260614_0100_D610254_422_SMP_8M6CL_84_2.jpg,8203492,2026-06-14 03:23:27,84,899.0,809.0,900.0,16499.0,2.0
260606_2203_D611332_105_BEEP_8M5CL_3_2.jpg,8233010,2026-06-07 01:53:17,3,360.0,449.0,450.0,2407.0,0.0
260709_2007_D613614_130_SMP_8M6CL_31_2.jpg,8304455,2026-07-09 21:12:17,31,630.0,630.0,630.0,6377.0,83.0
260608_2115_D611434_537_SMP_8M6CL_546_3.jpg,8258605,2026-06-08 22:55:29,546,360.0,360.0,360.0,2668.0,0.0
260706_0511_D616490_001_SMP_8M5CL_1954_2.jpg,8422559,2026-07-06 06:31:08,1954,270.0,270.0,270.0,5173.0,0.0
260704_1544_D614248_016_SMP_8M5CL_425_3.jpg,8353079,2026-07-04 17:21:30,425,720.0,720.0,720.0,7042.0,83.0
260609_0955_D611291_819_BEEP_8M6CL_144_3.jpg,8238855,2026-06-09 11:41:20,144,1080.0,1080.0,1080.0,74293.0,0.0
260713_2318_D615277_309_SMP_8M6CL_39798_2.jpg,8923777,2026-07-14 00:07:49,39798,270.0,270.0,270.0,2445.0,0.0
260617_1928_D612484_040_SMP_8M6CL_59_3.jpg,8272173,2026-06-17 21:03:03,59,1080.0,809.0,1080.0,46207.0,2.0
260602_0522_D610266_579_SMP_8M5CL_10042_3.jpg,8206925,2026-06-02 06:30:09,10042,630.0,630.0,630.0,8373.0,2.0
260601_1543_D613603_107_SMP_8M6CL_18_2.jpg,8303078,2026-06-01 18:50:50,18,540.0,720.0,720.0,4455.0,0.0
260607_2048_D611342_073_SMP_8M6CL_80_3.jpg,8234395,2026-06-08 01:56:11,80,720.0,809.0,810.0,7877.0,2.0
260610_1044_D613608_701_BEEP_8M6CL_14_2.jpg,8303397,2026-06-10 12:47:45,14,630.0,540.0,630.0,3717.0,0.0
260609_1003_D611291_834_SMP_8M6CL_14_2.jpg,8238931,2026-06-09 11:41:20,14,1349.0,1530.0,1530.0,122637.0,0.0
260528_1554_D608630_376_SMP_8M5CL_6257_3.jpg,8128403,2026-05-28 16:53:20,6257,360.0,270.0,360.0,3026.0,2.0
260613_0002_D611465_315_BEEP_8M6CL_28_2.jpg,8256001,2026-06-13 00:58:10,28,540.0,540.0,540.0,5321.0,83.0
260611_1159_D610871_046_SMP_8M5CL_36072_3.jpg,8213297,2026-06-11 13:52:54,36072,360.0,360.0,360.0,3586.0,83.0
260614_1746_D611459_042_SMP_8M6CL_51_2.jpg,8252714,2026-06-14 18:44:25,51,449.0,449.0,450.0,3145.0,83.0
260704_1533_D614248_015_BEEP_8M5CL_1960_2.jpg,8353068,2026-07-04 17:21:30,1960,540.0,449.0,540.0,5281.0,37.0
260709_1537_D615327_200_SMP_8M5CL_2029_2.jpg,8922129,2026-07-09 22:33:13,2029,990.0,1080.0,1080.0,32946.0,0.0
260601_1528_D608642_400_SMP_8M6CL_95_3.jpg,8129895,2026-06-01 19:39:08,95,720.0,720.0,720.0,7010.0,0.0
260704_2302_D613627_669_SMP_8M6CL_3_2.jpg,8306875,2026-07-05 01:46:43,3,5670.0,6390.0,6390.0,5143500.0,2.0
260607_2048_D611342_073_SMP_8M6CL_89_3.jpg,8234395,2026-06-08 01:56:11,89,720.0,809.0,810.0,9829.0,2.0
260607_0802_D611326_066_SMP_8M5CL_1770_3.jpg,8745711,2026-06-07 10:48:32,1770,449.0,540.0,540.0,3744.0,0.0
260611_1159_D610871_046_BEEP_8M5CL_13107_3.jpg,8213297,2026-06-11 13:52:54,13107,630.0,540.0,630.0,12319.0,37.0
260722_0946_D613153_191_SMP_8M6CL_337_2.jpg,8978714,2026-07-22 11:14:19,337,990.0,990.0,990.0,91060.0,0.0
260721_2037_D616557_178_BEEP_8M5CL_1241_3.jpg,8448688,2026-07-21 23:51:04,1241,990.0,1080.0,1080.0,94381.0,61.0
260721_2217_D617584_129_SMP_8M6CL_100_2.jpg,8470939,2026-07-22 01:26:39,100,270.0,360.0,360.0,3414.0,83.0
260715_1617_D616554_228_SMP_8M6CL_691_2.jpg,8448378,2026-07-15 21:36:54,691,630.0,540.0,630.0,4822.0,83.0
260528_1554_D608630_376_SMP_8M5CL_6222_3.jpg,8128403,2026-05-28 16:53:20,6222,270.0,270.0,270.0,1422.0,2.0
260704_2306_D613627_654_SMP_8M6CL_148434_2.jpg,8306896,2026-07-05 00:18:42,148434,360.0,270.0,360.0,3517.0,83.0
260625_2226_D613621_075_SMP_8M5CL_3158_2.jpg,8304725,2026-06-25 23:53:24,3158,990.0,990.0,990.0,65870.0,2.0
260601_0944_D608625_004_BEEP_8M6CL_223_2.jpg,8126352,2026-06-01 11:55:34,223,15389.0,30599.0,30600.0,60110100.0,37.0
260529_0439_D610233_031_SMP_8M5CL_961_2.jpg,8198649,2026-05-29 07:14:24,961,1170.0,1080.0,1170.0,79968.0,0.0
260712_1735_D614246_255_SMP_8M6CL_195_2.jpg,8353974,2026-07-12 20:45:18,195,630.0,630.0,630.0,3739.0,0.0
260712_1356_D615452_042_SMP_8M5CL_2500_2.jpg,8418078,2026-07-12 15:20:05,2500,449.0,630.0,630.0,3861.0,0.0
260713_2315_D615277_307_BEEP_8M6CL_8779_2.jpg,8923788,2026-07-14 00:07:49,8779,8459.0,5850.0,8460.0,25142400.0,0.0
260601_1517_D608642_484_BEEP_8M6CL_32_3.jpg,8129956,2026-06-01 19:39:08,32,449.0,449.0,450.0,3919.0,0.0
260614_1156_D612820_066_SMP_8M6CL_261_2.jpg,8270264,2026-06-14 15:10:54,261,360.0,360.0,360.0,2852.0,0.0
260610_1044_D613608_701_SMP_8M6CL_93_3.jpg,8303397,2026-06-10 12:47:45,93,360.0,270.0,360.0,3026.0,0.0
260531_0844_D610238_005_BEEP_8M6CL_114_2.jpg,8198579,2026-05-31 10:11:22,114,1170.0,1260.0,1260.0,122863.0,83.0
260714_0243_D613140_156_SMP_8M6CL_30945_3.jpg,8322107,2026-07-14 04:13:23,30945,270.0,270.0,270.0,1604.0,0.0
260719_2031_D616559_582_BEEP_8M6CL_144_3.jpg,8448046,2026-07-19 21:54:56,144,990.0,990.0,990.0,12845.0,83.0
260616_2332_D610232_178_BEEP_8M6CL_41_3.jpg,8196086,2026-06-17 00:40:04,41,90.0,270.0,270.0,5651.0,37.0
260627_0930_D615309_313_BEEP_8M5CL_1607_3.jpg,8393107,2026-06-28 04:56:55,1607,540.0,360.0,540.0,3129.0,0.0
260706_1711_D616508_069_SMP_8M6CL_5_3.jpg,8434829,2026-07-06 18:31:50,5,360.0,270.0,360.0,2785.0,0.0
260601_1638_D609160_427_BEEP_8M6CL_3_2.jpg,8155039,2026-06-01 18:54:36,3,990.0,990.0,990.0,24980.0,61.0
260601_1537_D609184_253_SMP_8M6CL_1537_2.jpg,8158840,2026-06-01 20:07:14,1537,270.0,270.0,270.0,1367.0,83.0
260528_2035_D608645_152_SMP_8M5CL_2186_3.jpg,8134309,2026-05-28 22:40:47,2186,270.0,360.0,360.0,3804.0,2.0
260624_2024_D614268_338_SMP_8M5CL_5279_3.jpg,8342857,2026-06-25 05:36:54,5279,270.0,270.0,270.0,3062.0,2.0
260702_0450_D615292_033_SMP_8M5CL_1671_2.jpg,8385463,2026-07-02 08:14:01,1671,1170.0,1170.0,1170.0,139597.0,2.0
260709_1558_D615340_802_BEEP_8M5CL_3185_3.jpg,8405731,2026-07-09 17:48:10,3185,2610.0,2250.0,2610.0,545639.0,36.0
260528_0527_D608633_026_SMP_8M5CL_2312_3.jpg,8128557,2026-05-28 06:39:03,2312,360.0,270.0,360.0,3054.0,2.0
260617_2028_D611448_047_SMP_8M6CL_2_2.jpg,8250469,2026-06-17 22:36:02,2,1619.0,1980.0,1980.0,298416.0,2.0
260603_0959_D611320_227_SMP_8M6CL_22_3.jpg,8229426,2026-06-03 11:47:40,22,720.0,720.0,720.0,7736.0,0.0
260610_1905_D610259_340_BEEP_8M6CL_1_3.jpg,8740428,2026-06-10 23:04:08,1,1530.0,1349.0,1530.0,187412.0,0.0
260605_0055_D610266_306_BEEP_8M6CL_677_3.jpg,8206995,2026-06-05 03:42:45,677,630.0,720.0,720.0,7162.0,83.0
260630_0222_D614257_588_SMP_8M5CL_5760_3.jpg,8356428,2026-06-30 04:16:19,5760,720.0,720.0,720.0,9979.0,83.0
260720_1910_D615332_444_SMP_8M6CL_202_2.jpg,8403174,2026-07-20 20:48:34,202,899.0,899.0,900.0,32002.0,0.0
260608_0637_D610255_102_SMP_8M5CL_1415_2.jpg,8203435,2026-06-08 07:56:59,1415,990.0,809.0,990.0,21165.0,0.0
260720_1901_D615332_495_SMP_8M6CL_3_3.jpg,8403163,2026-07-20 20:48:34,3,630.0,630.0,630.0,4658.0,0.0
260610_0832_D613102_018_BEEP_8M5CL_33_3.jpg,8312503,2026-06-10 09:41:06,33,8910.0,7109.0,8910.0,23538600.0,0.0
260609_1622_D611337_531_SMP_8M5CL_1502_3.jpg,8759415,2026-06-09 18:00:47,1502,449.0,630.0,630.0,3861.0,0.0
260614_0134_D611451_066_BEEP_8M6CL_122_3.jpg,8250390,2026-06-14 04:45:14,122,1170.0,1260.0,1260.0,66861.0,37.0
260529_1803_D610888_228_BEEP_8M5CL_6905_3.jpg,8389529,2026-06-01 23:50:25,6905,1170.0,1440.0,1440.0,79511.0,37.0
260528_1724_D608625_015_SMP_8M5CL_1699_2.jpg,8126486,2026-05-28 19:02:56,1699,360.0,270.0,360.0,2722.0,2.0
260614_1156_D612820_068_BEEP_8M6CL_923_2.jpg,8270172,2026-06-14 15:10:54,923,720.0,899.0,900.0,14078.0,0.0
260711_1921_D616510_308_BEEP_8M6CL_9_3.jpg,8435123,2026-07-11 20:34:13,9,270.0,630.0,630.0,5711.0,0.0
260714_0237_D613140_151_SMP_8M6CL_48511_2.jpg,8322313,2026-07-14 04:13:23,48511,270.0,270.0,270.0,2421.0,0.0
260714_0237_D613140_151_SMP_8M6CL_73943_3.jpg,8322313,2026-07-14 04:13:23,73943,809.0,809.0,810.0,20965.0,0.0
260608_0637_D610255_102_BEEP_8M5CL_15050_3.jpg,8203435,2026-06-08 07:56:59,15050,720.0,540.0,720.0,5736.0,0.0
260629_1743_D613616_027_SMP_8M6CL_94_3.jpg,8304546,2026-06-29 19:53:07,94,720.0,720.0,720.0,5554.0,83.0
260527_0725_D609178_002_SMP_8M5CL_373_2.jpg,8158921,2026-05-27 08:44:48,373,270.0,270.0,270.0,1695.0,2.0
260621_0532_D612470_002_SMP_8M6CL_51_3.jpg,8270470,2026-06-21 07:12:49,51,360.0,360.0,360.0,5169.0,2.0
260711_1928_D616510_249_BEEP_8M6CL_135_2.jpg,8435172,2026-07-11 20:34:13,135,899.0,990.0,990.0,42051.0,0.0
260705_0340_D614208_337_SMP_8M5CL_25_2.jpg,8358514,2026-07-05 05:25:14,25,360.0,360.0,360.0,2941.0,83.0
260603_0904_D610229_069_SMP_8M6CL_6_2.jpg,8190922,2026-06-03 10:34:01,6,720.0,899.0,900.0,13674.0,2.0
260624_1959_D614268_341_BEEP_8M5CL_2189_3.jpg,8342901,2026-06-25 05:36:54,2189,4140.0,4680.0,4680.0,9517500.0,36.0
260714_0243_D613140_156_BEEP_8M6CL_64454_2.jpg,8322107,2026-07-14 04:13:23,64454,540.0,809.0,810.0,9831.0,0.0
260629_1743_D613616_027_SMP_8M6CL_94_2.jpg,8304546,2026-06-29 19:53:07,94,720.0,720.0,720.0,5554.0,83.0
260704_1533_D614248_015_BEEP_8M5CL_1958_2.jpg,8353068,2026-07-04 17:21:30,1958,809.0,809.0,810.0,14598.0,37.0
260705_0855_D614211_903_SMP_8M6CL_2597_2.jpg,8360508,2026-07-05 10:16:35,2597,720.0,720.0,720.0,6711.0,83.0
260630_1710_D615321_102_SMP_8M6CL_48_3.jpg,8399617,2026-06-30 22:01:57,48,630.0,630.0,630.0,6367.0,0.0
260626_2150_D612478_006_SMP_8M6CL_9_3.jpg,8272209,2026-06-27 04:05:57,9,720.0,540.0,720.0,6094.0,2.0
260712_1858_D615327_200_BEEP_8M6CL_246_3.jpg,8922129,2026-07-13 02:45:15,246,1080.0,1349.0,1350.0,122384.0,0.0
260721_1132_D614177_032_SMP_8M6CL_1511_2.jpg,8341808,2026-07-21 12:35:50,1511,630.0,630.0,630.0,4443.0,0.0
260721_1132_D614177_032_SMP_8M6CL_1511_3.jpg,8341808,2026-07-21 12:35:50,1511,630.0,630.0,630.0,4443.0,0.0
260722_1922_D615291_009_BEEP_8M6CL_883_2.jpg,8385591,2026-07-23 00:54:09,883,630.0,720.0,720.0,5997.0,37.0
260722_1922_D615291_009_BEEP_8M6CL_883_3.jpg,8385591,2026-07-23 00:54:09,883,630.0,720.0,720.0,5997.0,37.0
260722_1910_D615291_025_SMP_8M6CL_1075_2.jpg,8385677,2026-07-23 00:54:09,1075,990.0,990.0,990.0,79234.0,0.0
260630_0933_D613635_177_BEEP_8M5CL_2231_2.jpg,8306860,2026-06-30 12:37:46,2231,990.0,809.0,990.0,27208.0,37.0
260722_1910_D615291_025_SMP_8M6CL_1075_3.jpg,8385677,2026-07-23 00:54:09,1075,990.0,990.0,990.0,79234.0,0.0
260721_2217_D617584_129_SMP_8M6CL_100_3.jpg,8470939,2026-07-22 01:26:39,100,270.0,360.0,360.0,3414.0,83.0
260528_1554_D608630_376_SMP_8M5CL_6711_2.jpg,8128403,2026-05-28 16:53:20,6711,180.0,270.0,270.0,2273.0,2.0
260624_2017_D614268_335_SMP_8M5CL_7419_2.jpg,8342816,2026-06-25 05:36:54,7419,360.0,360.0,360.0,5970.0,83.0
260601_1746_D611287_165_SMP_8M6CL_105_3.jpg,8238941,2026-06-01 19:46:51,105,449.0,449.0,450.0,3495.0,0.0
260706_2104_D615451_114_BEEP_8M6CL_24_2.jpg,8418372,2026-07-06 21:48:59,24,899.0,990.0,990.0,30784.0,0.0
260607_0802_D611326_066_SMP_8M5CL_1282_3.jpg,8745711,2026-06-07 10:48:32,1282,449.0,449.0,450.0,5689.0,0.0
260720_1910_D615332_444_SMP_8M6CL_202_3.jpg,8403174,2026-07-20 20:48:34,202,899.0,899.0,900.0,32002.0,0.0
260719_2049_D616559_578_SMP_8M6CL_116_2.jpg,8447956,2026-07-19 21:54:56,116,990.0,990.0,990.0,35365.0,83.0
260704_1533_D614248_015_BEEP_8M5CL_1793_3.jpg,8353068,2026-07-04 17:21:30,1793,720.0,720.0,720.0,9346.0,37.0
260719_2031_D616559_582_BEEP_8M6CL_135_3.jpg,8448046,2026-07-19 21:54:56,135,270.0,270.0,270.0,2983.0,83.0
260530_1734_D609178_002_SMP_8M6CL_64_3.jpg,8158921,2026-05-30 19:17:23,64,720.0,720.0,720.0,5968.0,83.0
260709_2007_D613614_130_SMP_8M6CL_30_2.jpg,8304455,2026-07-09 21:12:17,30,449.0,360.0,450.0,2953.0,83.0
260608_0637_D610255_102_BEEP_8M5CL_15491_3.jpg,8203435,2026-06-08 07:56:59,15491,360.0,540.0,540.0,7155.0,0.0
260704_1544_D614248_016_BEEP_8M5CL_60_2.jpg,8353079,2026-07-04 17:21:30,60,1619.0,2610.0,2610.0,327048.0,37.0
260609_0949_D610257_439_BEEP_8M6CL_471_3.jpg,8203336,2026-06-09 11:30:48,471,630.0,720.0,720.0,5271.0,83.0
260625_1916_D612471_001_SMP_8M6CL_1180_3.jpg,8270145,2026-06-25 21:25:10,1180,270.0,270.0,270.0,2202.0,2.0
260601_1528_D608642_400_SMP_8M6CL_51_3.jpg,8129895,2026-06-01 19:39:08,51,720.0,720.0,720.0,8650.0,0.0
260627_1832_D611462_026_BEEP_8M6CL_9_3.jpg,8255998,2026-06-27 20:51:15,9,630.0,630.0,630.0,5966.0,83.0
260629_1804_D613616_005_SMP_8M6CL_172_3.jpg,8304413,2026-06-29 19:53:07,172,270.0,360.0,360.0,2690.0,83.0
260601_0112_D610247_018_SMP_8M6CL_15_2.jpg,8201472,2026-06-01 02:48:29,15,720.0,809.0,810.0,11771.0,2.0
260528_1554_D608630_376_SMP_8M5CL_6190_2.jpg,8128403,2026-05-28 16:53:20,6190,990.0,990.0,990.0,67672.0,2.0
260531_2021_D608630_376_SMP_8M6CL_278_2.jpg,8128403,2026-05-31 20:59:27,278,360.0,360.0,360.0,4124.0,83.0
260608_2115_D611434_537_SMP_8M6CL_453_3.jpg,8258605,2026-06-08 22:55:29,453,449.0,449.0,450.0,3145.0,0.0
260529_0052_D609168_729_SMP_8M6CL_345_2.jpg,8155448,2026-05-29 02:09:00,345,899.0,990.0,990.0,93980.0,83.0
260623_2135_D615273_037_BEEP_8M6CL_1675_3.jpg,8382699,2026-06-24 02:51:29,1675,449.0,360.0,450.0,14602.0,37.0
260616_2347_D610232_206_BEEP_8M6CL_43_2.jpg,8196134,2026-06-17 00:40:04,43,899.0,990.0,990.0,38906.0,0.0
260703_0051_D614247_030_BEEP_8M6CL_47_2.jpg,8353023,2026-07-03 07:12:35,47,720.0,630.0,720.0,8292.0,37.0
260709_1558_D615340_802_BEEP_8M5CL_3199_3.jpg,8405731,2026-07-09 17:48:10,3199,2250.0,2790.0,2790.0,1098485.0,36.0
260709_1558_D615340_802_BEEP_8M5CL_3162_3.jpg,8405731,2026-07-09 17:48:10,3162,2969.0,2340.0,2970.0,2924100.0,36.0
260702_1424_D613649_062_SMP_8M6CL_2489_3.jpg,8317323,2026-07-02 15:39:44,2489,720.0,630.0,720.0,8923.0,2.0
260709_1558_D615340_802_BEEP_8M5CL_3104_3.jpg,8405731,2026-07-09 17:48:10,3104,1710.0,1440.0,1710.0,188551.0,36.0
260703_0100_D614247_345_SMP_8M6CL_6_3.jpg,8353094,2026-07-03 03:29:12,6,720.0,720.0,720.0,9680.0,2.0
260610_0810_D613102_022_SMP_8M5CL_1111_2.jpg,8312445,2026-06-10 09:41:06,1111,270.0,449.0,450.0,3375.0,0.0
260709_1558_D615340_802_BEEP_8M5CL_3094_3.jpg,8405731,2026-07-09 17:48:10,3094,720.0,809.0,810.0,10782.0,94.0
260709_1558_D615340_802_BEEP_8M5CL_3184_2.jpg,8405731,2026-07-09 17:48:10,3184,2880.0,2520.0,2880.0,712294.0,36.0
260709_1558_D615340_802_BEEP_8M5CL_3185_2.jpg,8405731,2026-07-09 17:48:10,3185,2610.0,2250.0,2610.0,545639.0,36.0
260711_1829_D614209_204_BEEP_8M5CL_130_3.jpg,8360412,2026-07-11 22:18:29,130,1440.0,2070.0,2070.0,255543.0,29.0
260530_2031_D609187_554_BEEP_8M5CL_4887_2.jpg,8161287,2026-05-30 22:20:23,4887,540.0,720.0,720.0,9408.0,83.0
260617_1928_D612484_040_SMP_8M6CL_59_2.jpg,8272173,2026-06-17 21:03:03,59,1080.0,809.0,1080.0,46207.0,2.0
260702_0213_D613607_083_SMP_8M6CL_4_2.jpg,8303599,2026-07-02 04:17:19,4,630.0,720.0,720.0,6154.0,2.0
260709_1558_D615340_802_BEEP_8M5CL_3162_2.jpg,8405731,2026-07-09 17:48:10,3162,2969.0,2340.0,2970.0,2924100.0,36.0
260601_0143_D608639_293_BEEP_8M6CL_249_2.jpg,8130237,2026-06-01 02:39:53,249,630.0,809.0,810.0,7528.0,61.0
260711_1924_D616510_405_BEEP_8M6CL_36_2.jpg,8435220,2026-07-11 20:34:13,36,809.0,899.0,900.0,27495.0,0.0
260607_1423_D611334_282_SMP_8M6CL_157_2.jpg,8233423,2026-06-07 16:37:49,157,809.0,990.0,990.0,40783.0,0.0
260711_1924_D616510_405_BEEP_8M6CL_36_3.jpg,8435220,2026-07-11 20:34:13,36,809.0,899.0,900.0,27495.0,0.0
260531_2021_D608630_376_SMP_8M6CL_404_3.jpg,8128403,2026-05-31 20:59:27,404,990.0,899.0,990.0,54089.0,83.0
260607_2019_D611324_265_SMP_8M5CL_1736_3.jpg,8229455,2026-06-07 23:42:41,1736,270.0,270.0,270.0,2087.0,0.0
260528_0839_D611306_351_SMP_8M6CL_273_3.jpg,8243175,2026-05-28 10:10:03,273,899.0,809.0,900.0,19130.0,0.0
260629_1804_D613616_005_SMP_8M6CL_167_2.jpg,8304413,2026-06-29 19:53:07,167,1080.0,990.0,1080.0,127205.0,83.0
260706_1734_D614260_009_BEEP_8M5CL_96_2.jpg,8356800,2026-07-06 20:00:50,96,1349.0,1530.0,1530.0,185024.0,61.0
260629_2006_D552984_853_SMP_8M5CL_2861_3.jpg,7865557,2026-06-30 04:58:44,2861,180.0,270.0,270.0,1634.0,0.0
260703_0051_D614247_030_BEEP_8M6CL_47_3.jpg,8353023,2026-07-03 07:12:35,47,720.0,630.0,720.0,8292.0,37.0
260604_0647_D611325_077_SMP_8M5CL_68735_2.jpg,8229498,2026-06-04 08:42:07,68735,270.0,360.0,360.0,2645.0,2.0
260610_0348_D611443_814_SMP_8M5CL_1244_2.jpg,8248074,2026-06-10 07:25:03,1244,720.0,720.0,720.0,17306.0,0.0
260530_1728_D609178_001_SMP_8M6CL_133_2.jpg,8158956,2026-05-30 19:17:23,133,270.0,360.0,360.0,3596.0,83.0
260531_0512_D610215_176_SMP_8M5CL_1502_2.jpg,8193145,2026-05-31 06:24:59,1502,360.0,360.0,360.0,3922.0,2.0
260610_1422_D611465_315_BEEP_8M5CL_3756_2.jpg,8256001,2026-06-10 15:59:03,3756,720.0,809.0,810.0,13460.0,37.0
260623_1556_D612557_299_SMP_8M6CL_15_3.jpg,8280446,2026-06-23 22:06:57,15,809.0,809.0,810.0,16505.0,2.0
260703_0051_D614247_030_BEEP_8M6CL_37_3.jpg,8353023,2026-07-03 07:12:35,37,2699.0,1710.0,2700.0,242330.0,83.0
260602_1156_D610215_176_SMP_8M6CL_297_3.jpg,8193145,2026-06-02 19:47:28,297,360.0,360.0,360.0,3242.0,2.0
260601_1638_D609160_427_SMP_8M6CL_1_2.jpg,8155039,2026-06-01 18:54:36,1,720.0,720.0,720.0,9819.0,83.0
260529_0439_D610233_031_SMP_8M5CL_962_2.jpg,8198649,2026-05-29 07:14:24,962,360.0,360.0,360.0,4615.0,0.0
260704_2302_D613627_669_SMP_8M6CL_589_2.jpg,8306875,2026-07-05 01:46:43,589,630.0,720.0,720.0,5997.0,83.0
260607_1504_D611325_078_BEEP_8M6CL_54_3.jpg,8229593,2026-06-07 16:23:11,54,270.0,270.0,270.0,2429.0,29.0
260528_1744_D541930_036_BEEP_8M5CL_998_3.jpg,7470447,2026-05-28 20:23:43,998,360.0,360.0,360.0,2320.0,37.0
260704_1533_D614248_015_BEEP_8M5CL_1904_2.jpg,8353068,2026-07-04 17:21:30,1904,270.0,270.0,270.0,3159.0,37.0
260610_0348_D611443_824_SMP_8M5CL_596_2.jpg,8248090,2026-06-10 07:25:03,596,270.0,270.0,270.0,1359.0,0.0
260529_0439_D610233_031_SMP_8M5CL_36_2.jpg,8198649,2026-05-29 07:14:24,36,270.0,270.0,270.0,2989.0,0.0
260610_0814_D613102_024_BEEP_8M5CL_2653_2.jpg,8312469,2026-06-10 09:41:06,2653,1170.0,1080.0,1170.0,72411.0,0.0
260709_1410_D615327_055_SMP_8M5CL_418_3.jpg,8399594,2026-07-09 19:29:12,418,270.0,270.0,270.0,1814.0,0.0
260528_0839_D611306_351_SMP_8M6CL_1312_3.jpg,8243175,2026-05-28 10:10:03,1312,720.0,809.0,810.0,10826.0,0.0
260616_2335_D610232_182_BEEP_8M6CL_21_2.jpg,8196018,2026-06-17 00:40:04,21,360.0,360.0,360.0,2896.0,37.0
260706_1723_D616508_060_SMP_8M6CL_3_3.jpg,8435045,2026-07-06 18:31:50,3,809.0,809.0,810.0,35628.0,0.0
260609_0949_D610257_439_SMP_8M6CL_101_2.jpg,8203336,2026-06-09 11:30:48,101,270.0,270.0,270.0,1687.0,83.0
260606_0706_D610259_361_SMP_8M5CL_8381_2.jpg,8740362,2026-06-06 08:29:07,8381,990.0,990.0,990.0,14908.0,0.0
260606_0710_D610259_344_SMP_8M5CL_5259_2.jpg,8740443,2026-06-06 08:29:07,5259,630.0,630.0,630.0,7746.0,0.0
260629_2042_D552984_779_BEEP_8M5CL_3054_3.jpg,7865581,2026-06-30 02:46:38,3054,630.0,540.0,630.0,8195.0,0.0
260623_1556_D612557_299_SMP_8M6CL_15_2.jpg,8280446,2026-06-23 22:06:57,15,809.0,809.0,810.0,16505.0,2.0
260629_1804_D613616_005_SMP_8M6CL_167_3.jpg,8304413,2026-06-29 19:53:07,167,1080.0,990.0,1080.0,127205.0,83.0
260711_1928_D616510_249_BEEP_8M6CL_18_3.jpg,8435172,2026-07-11 20:34:13,18,1619.0,1710.0,1710.0,158641.0,0.0
260528_2031_D608645_147_BEEP_8M5CL_6081_2.jpg,8134332,2026-05-28 22:40:47,6081,540.0,540.0,540.0,6986.0,37.0
260704_1533_D614248_015_BEEP_8M5CL_1523_2.jpg,8353068,2026-07-04 17:21:30,1523,360.0,360.0,360.0,3863.0,37.0
260711_1928_D616510_249_BEEP_8M6CL_18_2.jpg,8435172,2026-07-11 20:34:13,18,1619.0,1710.0,1710.0,158641.0,0.0
260704_1533_D614248_015_BEEP_8M5CL_1621_3.jpg,8353068,2026-07-04 17:21:30,1621,809.0,809.0,810.0,19519.0,37.0
260601_1514_D608642_377_BEEP_8M6CL_105_2.jpg,8129885,2026-06-01 19:39:08,105,720.0,720.0,720.0,12062.0,0.0
260625_1916_D612471_001_SMP_8M6CL_1175_3.jpg,8270145,2026-06-25 21:25:10,1175,449.0,630.0,630.0,4763.0,2.0
260709_1558_D615340_802_BEEP_8M5CL_3166_2.jpg,8405731,2026-07-09 17:48:10,3166,1890.0,2160.0,2160.0,305128.0,36.0
260709_1558_D615340_802_BEEP_8M5CL_3184_3.jpg,8405731,2026-07-09 17:48:10,3184,2880.0,2520.0,2880.0,712294.0,36.0
260601_0143_D608639_293_BEEP_8M6CL_249_3.jpg,8130237,2026-06-01 02:39:53,249,630.0,809.0,810.0,7528.0,61.0
260704_1533_D614248_015_BEEP_8M5CL_1622_3.jpg,8353068,2026-07-04 17:21:30,1622,270.0,360.0,360.0,3683.0,37.0
260709_1537_D615327_200_SMP_8M5CL_2029_3.jpg,8922129,2026-07-09 22:33:13,2029,990.0,1080.0,1080.0,32946.0,0.0
260607_2109_D611342_128_SMP_8M6CL_30_2.jpg,8234527,2026-06-08 01:56:11,30,809.0,899.0,900.0,29045.0,0.0
260529_0439_D610233_031_SMP_8M5CL_245_3.jpg,8198649,2026-05-29 07:14:24,245,360.0,270.0,360.0,2736.0,0.0
260603_0959_D611320_227_SMP_8M6CL_2_3.jpg,8229426,2026-06-03 11:47:40,2,720.0,630.0,720.0,7267.0,0.0
260611_2252_D610255_170_SMP_8M6CL_143_3.jpg,8751570,2026-06-11 23:44:56,143,1440.0,1440.0,1440.0,176533.0,0.0
260614_0100_D610254_422_BEEP_8M6CL_52_3.jpg,8203492,2026-06-14 03:23:27,52,809.0,899.0,900.0,21274.0,83.0
260610_1044_D613608_701_SMP_8M6CL_13_3.jpg,8303397,2026-06-10 12:47:45,13,809.0,809.0,810.0,10561.0,0.0
260627_1013_D612468_663_SMP_8M6CL_27_2.jpg,8270323,2026-06-27 17:12:46,27,2610.0,2070.0,2610.0,571710.0,2.0
260629_2002_D552984_795_SMP_8M5CL_800_2.jpg,7865622,2026-06-30 04:58:44,800,449.0,449.0,450.0,4409.0,0.0
260623_2135_D615273_037_BEEP_8M6CL_1675_2.jpg,8382699,2026-06-24 02:51:29,1675,449.0,360.0,450.0,14602.0,37.0
260708_0739_D616501_088_SMP_8M5CL_1618_3.jpg,8431311,2026-07-08 10:03:57,1618,540.0,449.0,540.0,3244.0,0.0
260610_1044_D613608_701_SMP_8M6CL_35_2.jpg,8303397,2026-06-10 12:47:45,35,270.0,270.0,270.0,2045.0,0.0
260528_0857_D611306_354_SMP_8M6CL_1592_3.jpg,8243067,2026-05-28 10:10:03,1592,809.0,630.0,810.0,6551.0,0.0
260602_0522_D610266_579_SMP_8M5CL_28408_3.jpg,8206925,2026-06-02 06:30:09,28408,630.0,720.0,720.0,13233.0,2.0
260711_1659_D613140_110_SMP_8M5CL_62753_2.jpg,8322181,2026-07-12 00:01:24,62753,1260.0,1349.0,1350.0,23904.0,0.0
260712_1846_D615327_197_SMP_8M6CL_31_3.jpg,8922079,2026-07-13 02:45:15,31,809.0,809.0,810.0,22925.0,0.0
260601_1626_D613603_029_SMP_8M6CL_1365_3.jpg,8303082,2026-06-01 18:50:50,1365,720.0,899.0,900.0,25333.0,0.0
260704_1544_D614248_016_SMP_8M5CL_592_2.jpg,8353079,2026-07-04 17:21:30,592,270.0,270.0,270.0,1369.0,2.0
260704_1533_D614248_015_BEEP_8M5CL_1654_3.jpg,8353068,2026-07-04 17:21:30,1654,990.0,1080.0,1080.0,33128.0,37.0
260610_0345_D611443_840_BEEP_8M5CL_319_3.jpg,8248018,2026-06-10 07:25:03,319,1170.0,1260.0,1260.0,118794.0,0.0
260625_2235_D613621_076_SMP_8M5CL_2481_3.jpg,8304668,2026-06-25 23:53:24,2481,360.0,449.0,450.0,3424.0,2.0
260704_1533_D614248_015_BEEP_8M5CL_1959_3.jpg,8353068,2026-07-04 17:21:30,1959,540.0,540.0,540.0,9504.0,37.0
260529_1803_D610888_227_SMP_8M5CL_52725_2.jpg,8389456,2026-06-01 23:50:25,52725,2250.0,2340.0,2340.0,1649121.0,2.0
260625_1342_D611936_446_BEEP_8M6CL_68_2.jpg,8258541,2026-06-25 17:59:22,68,1530.0,1440.0,1530.0,139573.0,0.0
260529_2021_D610225_698_BEEP_8M5CL_1896_3.jpg,8191113,2026-05-29 22:55:13,1896,270.0,270.0,270.0,2000.0,37.0
260601_1543_D613603_107_SMP_8M6CL_2_3.jpg,8303078,2026-06-01 18:50:50,2,720.0,720.0,720.0,7253.0,0.0
260630_0933_D613635_177_BEEP_8M5CL_2294_3.jpg,8306860,2026-06-30 12:37:46,2294,360.0,360.0,360.0,4733.0,37.0
260709_1410_D615327_055_SMP_8M5CL_1644_2.jpg,8399594,2026-07-09 19:29:12,1644,720.0,809.0,810.0,12740.0,0.0
260614_0100_D610254_422_BEEP_8M6CL_55_3.jpg,8203492,2026-06-14 03:23:27,55,540.0,449.0,540.0,4498.0,37.0
260709_2007_D613614_130_SMP_8M6CL_4_3.jpg,8304455,2026-07-09 21:12:17,4,630.0,540.0,630.0,4951.0,83.0
260620_0025_D615273_013_SMP_8M5CL_23357_3.jpg,8382726,2026-06-20 02:11:00,23357,990.0,899.0,990.0,42116.0,83.0
260610_1422_D611465_315_BEEP_8M5CL_3738_3.jpg,8256001,2026-06-10 15:59:03,3738,2250.0,2160.0,2250.0,486376.0,37.0
260608_1425_D611332_073_BEEP_8M6CL_36_2.jpg,8233138,2026-06-08 15:48:04,36,1799.0,1710.0,1800.0,448319.0,37.0
260610_0852_D611330_415_BEEP_8M5CL_17789_2.jpg,8233391,2026-06-10 10:25:09,17789,270.0,270.0,270.0,24086.0,37.0
260604_1441_D611334_315_SMP_8M5CL_5431_2.jpg,8233333,2026-06-04 16:33:43,5431,90.0,90.0,90.0,2850.0,0.0
260527_1107_D609184_253_SMP_8M5CL_91_3.jpg,8158840,2026-05-27 12:21:50,91,360.0,360.0,360.0,3837.0,2.0
260531_2352_D610234_073_BEEP_8M5CL_13056_2.jpg,8198760,2026-06-01 01:13:48,13056,360.0,899.0,900.0,16085.0,37.0
260601_1514_D608642_377_SMP_8M6CL_95_2.jpg,8129885,2026-06-01 19:39:08,95,540.0,449.0,540.0,4399.0,0.0
260714_0057_D613145_046_SMP_8M6CL_6308_3.jpg,8322720,2026-07-14 02:35:10,6308,720.0,720.0,720.0,9083.0,0.0
260617_1928_D612484_040_SMP_8M6CL_26_3.jpg,8272173,2026-06-17 21:03:03,26,180.0,270.0,270.0,1486.0,2.0
260708_0743_D616501_084_SMP_8M5CL_3598_3.jpg,8431270,2026-07-08 10:03:57,3598,360.0,449.0,450.0,2653.0,0.0
260623_0408_D612486_024_SMP_8M5CL_3968_2.jpg,8275420,2026-06-23 10:27:07,3968,1530.0,1260.0,1530.0,296715.0,0.0
260527_1107_D609184_253_SMP_8M5CL_1498_2.jpg,8158840,2026-05-27 12:21:50,1498,270.0,270.0,270.0,3307.0,2.0
260708_0739_D616501_088_BEEP_8M5CL_1577_2.jpg,8431311,2026-07-08 10:03:57,1577,360.0,270.0,360.0,4544.0,0.0
260705_0340_D614208_337_SMP_8M5CL_25_3.jpg,8358514,2026-07-05 05:25:14,25,360.0,360.0,360.0,2941.0,83.0
260529_0439_D610233_031_SMP_8M5CL_8934_3.jpg,8198649,2026-05-29 07:14:24,8934,540.0,630.0,630.0,8092.0,0.0
260625_1916_D612471_001_SMP_8M6CL_5_3.jpg,8270145,2026-06-25 21:25:10,5,540.0,630.0,630.0,4947.0,2.0
260604_1310_D609193_060_SMP_8M6CL_8_2.jpg,8161321,2026-06-04 15:08:37,8,270.0,270.0,270.0,1842.0,0.0
260607_2109_D611342_128_BEEP_8M6CL_61_2.jpg,8234527,2026-06-08 01:56:11,61,630.0,540.0,630.0,3620.0,0.0
260609_0931_D610257_663_BEEP_8M6CL_188_2.jpg,8203254,2026-06-09 11:30:48,188,1080.0,899.0,1080.0,30833.0,29.0
260601_1528_D608642_400_SMP_8M6CL_82_2.jpg,8129895,2026-06-01 19:39:08,82,360.0,270.0,360.0,2391.0,0.0
260608_0920_D610255_170_SMP_8M5CL_8411_3.jpg,8751570,2026-06-08 10:38:38,8411,720.0,720.0,720.0,11421.0,0.0
260629_2002_D552984_795_SMP_8M5CL_2134_3.jpg,7865622,2026-06-30 04:58:44,2134,630.0,630.0,630.0,8585.0,0.0
260704_1533_D614248_015_BEEP_8M5CL_1913_2.jpg,8353068,2026-07-04 17:21:30,1913,540.0,809.0,810.0,11585.0,37.0
260630_0234_D614257_585_BEEP_8M5CL_5463_3.jpg,8356429,2026-06-30 04:16:19,5463,630.0,630.0,630.0,8343.0,61.0
260608_0637_D610255_102_SMP_8M5CL_3249_2.jpg,8203435,2026-06-08 07:56:59,3249,449.0,449.0,450.0,2356.0,0.0
260611_1159_D610871_046_SMP_8M5CL_36072_2.jpg,8213297,2026-06-11 13:52:54,36072,360.0,360.0,360.0,3586.0,83.0
260630_1710_D615321_102_SMP_8M6CL_51_2.jpg,8399617,2026-06-30 22:01:57,51,270.0,270.0,270.0,1842.0,0.0
260606_0650_D610259_340_BEEP_8M5CL_10213_2.jpg,8740428,2026-06-06 08:29:07,10213,270.0,270.0,270.0,2439.0,0.0
260706_0357_D616490_036_SMP_8M5CL_2690_2.jpg,8422737,2026-07-06 06:31:08,2690,270.0,270.0,270.0,2124.0,0.0
260725_0052_D618155_631_SMP_8M5CL_8592_2.jpg,8509986,2026-07-25 02:21:20,8592,1260.0,1349.0,1350.0,92370.0,2.0
260611_0739_D611336_091_BEEP_8M6CL_118_2.jpg,8233262,2026-06-11 08:30:36,118,3599.0,2610.0,3600.0,7136100.0,0.0
260610_0849_D611330_507_BEEP_8M5CL_18394_2.jpg,8233419,2026-06-10 10:25:09,18394,1440.0,1530.0,1530.0,295162.0,37.0
260528_1724_D608625_015_SMP_8M5CL_1699_3.jpg,8126486,2026-05-28 19:02:56,1699,360.0,270.0,360.0,2722.0,2.0
260704_1533_D614248_015_BEEP_8M5CL_1978_3.jpg,8353068,2026-07-04 17:21:30,1978,270.0,270.0,270.0,2223.0,37.0
260613_0022_D611330_415_BEEP_8M6CL_36_3.jpg,8233391,2026-06-13 01:33:25,36,1170.0,1170.0,1170.0,164138.0,83.0
260709_2007_D613614_130_SMP_8M6CL_34_3.jpg,8304455,2026-07-09 21:12:17,34,449.0,630.0,630.0,3440.0,83.0
260625_1720_D603E3K_038_SMP_8M6CL_1436_2.jpg,7961509,2026-06-25 21:29:00,1436,270.0,270.0,270.0,2334.0,83.0
260531_0515_D610215_109_BEEP_8M5CL_1882_3.jpg,8193331,2026-05-31 06:24:59,1882,7199.0,8730.0,8730.0,38491200.0,37.0
260531_0844_D610238_005_BEEP_8M6CL_114_3.jpg,8198579,2026-05-31 10:11:22,114,1170.0,1260.0,1260.0,122863.0,83.0
260528_1554_D608630_376_BEEP_8M5CL_5959_2.jpg,8128403,2026-05-28 16:53:20,5959,720.0,720.0,720.0,10272.0,37.0
260711_1453_D614229_551_BEEP_8M5CL_1777_3.jpg,8346678,2026-07-11 17:20:14,1777,360.0,360.0,360.0,8541.0,37.0
260527_0718_D609178_001_BEEP_8M5CL_2884_2.jpg,8158956,2026-05-27 08:44:48,2884,449.0,540.0,540.0,4797.0,37.0
260530_2031_D609187_554_SMP_8M5CL_4994_2.jpg,8161287,2026-05-30 22:20:23,4994,449.0,449.0,450.0,3438.0,2.0
260602_0522_D610266_579_SMP_8M5CL_28408_2.jpg,8206925,2026-06-02 06:30:09,28408,630.0,720.0,720.0,13233.0,2.0
260606_0650_D610259_340_SMP_8M5CL_12403_3.jpg,8740428,2026-06-06 08:29:07,12403,270.0,180.0,270.0,2607.0,0.0
260606_0706_D610259_361_SMP_8M5CL_10273_2.jpg,8740362,2026-06-06 08:29:07,10273,360.0,360.0,360.0,4279.0,0.0
260630_1710_D615321_102_SMP_8M6CL_51_3.jpg,8399617,2026-06-30 22:01:57,51,270.0,270.0,270.0,1842.0,0.0
260710_2255_D616528_075_SMP_8M5CL_948_3.jpg,8441166,2026-07-11 00:33:04,948,809.0,809.0,810.0,15433.0,2.0
260704_1533_D614248_015_BEEP_8M5CL_1958_3.jpg,8353068,2026-07-04 17:21:30,1958,809.0,809.0,810.0,14598.0,37.0
260613_0010_D611465_306_BEEP_8M6CL_22_2.jpg,8255981,2026-06-13 00:58:10,22,449.0,809.0,810.0,5873.0,83.0
260706_1711_D616508_069_SMP_8M6CL_5_2.jpg,8434829,2026-07-06 18:31:50,5,360.0,270.0,360.0,2785.0,0.0
260601_2129_D611309_103_BEEP_8M6CL_121_2.jpg,8242831,2026-06-01 23:59:53,121,360.0,180.0,360.0,24260.0,37.0
260710_2255_D616528_075_SMP_8M5CL_948_2.jpg,8441166,2026-07-11 00:33:04,948,809.0,809.0,810.0,15433.0,2.0
260529_1105_D610243_894_BEEP_8M6CL_140_3.jpg,8201627,2026-05-29 12:33:27,140,1080.0,1170.0,1170.0,37939.0,0.0
260703_1648_D615274_030_SMP_8M5CL_16779_3.jpg,8382635,2026-07-03 17:49:50,16779,449.0,449.0,450.0,3731.0,2.0
260527_1233_D609160_426_BEEP_8M5CL_2139_2.jpg,8154937,2026-05-27 13:50:08,2139,899.0,990.0,990.0,38352.0,29.0
260610_1422_D611465_315_BEEP_8M5CL_3756_3.jpg,8256001,2026-06-10 15:59:03,3756,720.0,809.0,810.0,13460.0,37.0
260709_2007_D613614_130_SMP_8M6CL_31_3.jpg,8304455,2026-07-09 21:12:17,31,630.0,630.0,630.0,6377.0,83.0
260607_2019_D611324_265_SMP_8M5CL_1530_2.jpg,8229455,2026-06-07 23:42:41,1530,809.0,720.0,810.0,17616.0,0.0
260612_1450_D611336_064_SMP_8M6CL_6_2.jpg,8751877,2026-06-13 01:57:41,6,540.0,540.0,540.0,4534.0,0.0
260613_0010_D611465_306_BEEP_8M6CL_23_3.jpg,8255981,2026-06-13 00:58:10,23,1440.0,1260.0,1440.0,40864.0,61.0
260713_2318_D615277_309_SMP_8M6CL_38855_3.jpg,8923777,2026-07-14 00:07:49,38855,360.0,270.0,360.0,2463.0,0.0
260622_1940_D612559_282_BEEP_8M6CL_133_2.jpg,8283259,2026-06-22 21:07:10,133,809.0,899.0,900.0,28351.0,0.0
260722_0946_D613153_191_SMP_8M6CL_3015_3.jpg,8978714,2026-07-22 11:14:19,3015,270.0,270.0,270.0,1881.0,0.0
260722_0946_D613153_191_BEEP_8M6CL_3230_3.jpg,8978714,2026-07-22 11:14:19,3230,360.0,360.0,360.0,4079.0,0.0
260630_0234_D614257_585_BEEP_8M5CL_5389_2.jpg,8356429,2026-06-30 04:16:19,5389,809.0,720.0,810.0,14604.0,61.0
260627_1520_D613624_026_SMP_8M6CL_25_2.jpg,8304692,2026-06-27 19:44:00,25,1260.0,1080.0,1260.0,138875.0,2.0
260614_1156_D612820_068_SMP_8M6CL_331_2.jpg,8270172,2026-06-14 15:10:54,331,630.0,630.0,630.0,4453.0,0.0
260616_2356_D610232_190_SMP_8M6CL_19_2.jpg,8195935,2026-06-17 00:40:04,19,720.0,809.0,810.0,12313.0,0.0
260712_1858_D615327_200_BEEP_8M6CL_246_2.jpg,8922129,2026-07-13 02:45:15,246,1080.0,1349.0,1350.0,122384.0,0.0
260607_0206_D610245_675_BEEP_8M6CL_248_3.jpg,8201411,2026-06-07 03:22:32,248,1260.0,1349.0,1350.0,226729.0,0.0
260606_0706_D610259_361_SMP_8M5CL_53_3.jpg,8740362,2026-06-06 08:29:07,53,270.0,270.0,270.0,2273.0,0.0
260614_1156_D612820_068_SMP_8M6CL_331_3.jpg,8270172,2026-06-14 15:10:54,331,630.0,630.0,630.0,4453.0,0.0
260704_1533_D614248_015_BEEP_8M5CL_1803_3.jpg,8353068,2026-07-04 17:21:30,1803,1530.0,1530.0,1530.0,348395.0,37.0
260630_1710_D615321_102_BEEP_8M6CL_47_2.jpg,8399617,2026-06-30 22:01:57,47,1260.0,1260.0,1260.0,116699.0,0.0
260527_1107_D609184_253_BEEP_8M5CL_1188_3.jpg,8158840,2026-05-27 12:21:50,1188,449.0,449.0,450.0,3824.0,37.0
260608_0637_D610255_102_BEEP_8M5CL_15050_2.jpg,8203435,2026-06-08 07:56:59,15050,720.0,540.0,720.0,5736.0,0.0
260602_0501_D610266_306_SMP_8M5CL_14771_2.jpg,8206995,2026-06-02 06:30:09,14771,1080.0,1170.0,1170.0,25566.0,2.0
260608_0637_D610255_102_BEEP_8M5CL_4349_2.jpg,8203435,2026-06-08 07:56:59,4349,899.0,809.0,900.0,45255.0,0.0
260601_1746_D611287_165_SMP_8M6CL_105_2.jpg,8238941,2026-06-01 19:46:51,105,449.0,449.0,450.0,3495.0,0.0
260623_1429_D613104_250_BEEP_8M6CL_29_3.jpg,8312462,2026-06-24 07:36:48,29,360.0,270.0,360.0,3048.0,0.0
260630_1639_D615321_202_BEEP_8M6CL_25_2.jpg,8399627,2026-06-30 22:01:57,25,360.0,270.0,360.0,4217.0,0.0
260713_2315_D615277_307_SMP_8M6CL_8767_2.jpg,8923788,2026-07-14 00:07:49,8767,720.0,720.0,720.0,8779.0,0.0
260627_0930_D615309_313_BEEP_8M5CL_253_2.jpg,8393107,2026-06-28 04:56:55,253,540.0,809.0,810.0,14313.0,0.0
260705_2143_D615294_076_SMP_8M5CL_9610_3.jpg,8385575,2026-07-05 23:26:08,9610,180.0,360.0,360.0,1616.0,83.0
260712_1913_D615327_196_SMP_8M6CL_192_3.jpg,8922143,2026-07-13 02:45:15,192,1170.0,1440.0,1440.0,81295.0,0.0
260529_2052_D611340_425_SMP_8M5CL_13963_3.jpg,8234725,2026-05-30 03:30:59,13963,270.0,180.0,270.0,3501.0,0.0
260528_1724_D608625_015_SMP_8M5CL_225_2.jpg,8126486,2026-05-28 19:02:56,225,720.0,809.0,810.0,12448.0,2.0
260528_1744_D541930_036_BEEP_8M5CL_943_3.jpg,7470447,2026-05-28 20:23:43,943,899.0,720.0,900.0,17547.0,94.0
260529_0439_D610233_031_SMP_8M5CL_8934_2.jpg,8198649,2026-05-29 07:14:24,8934,540.0,630.0,630.0,8092.0,0.0
260714_1620_D531193_466_SMP_8M5CL_6574_3.jpg,8420825,2026-07-14 17:43:31,6574,449.0,449.0,450.0,3270.0,0.0
260720_1901_D615332_495_SMP_8M6CL_3_2.jpg,8403163,2026-07-20 20:48:34,3,630.0,630.0,630.0,4658.0,0.0
260606_0650_D610259_340_SMP_8M5CL_10677_3.jpg,8740428,2026-06-06 08:29:07,10677,270.0,270.0,270.0,1472.0,0.0
260713_2318_D615277_309_SMP_8M6CL_39798_3.jpg,8923777,2026-07-14 00:07:49,39798,270.0,270.0,270.0,2445.0,0.0
260714_1620_D531193_466_BEEP_8M5CL_4639_2.jpg,8420825,2026-07-14 17:43:31,4639,270.0,270.0,270.0,2769.0,0.0
260602_0151_D608645_010_SMP_8M6CL_12_2.jpg,8134297,2026-06-02 03:01:53,12,360.0,360.0,360.0,3228.0,83.0
260530_0356_D610247_017_SMP_8M5CL_3325_2.jpg,8201479,2026-05-30 05:41:21,3325,360.0,270.0,360.0,4358.0,2.0
260531_0515_D610215_109_SMP_8M5CL_1512_2.jpg,8193331,2026-05-31 06:24:59,1512,1080.0,1170.0,1170.0,97985.0,2.0
260723_0838_D615973_245_SMP_8M6CL_3400_2.jpg,8421419,2026-07-23 18:23:51,3400,1349.0,1440.0,1440.0,271193.0,0.0
260723_0838_D615973_245_SMP_8M6CL_3400_3.jpg,8421419,2026-07-23 18:23:51,3400,1349.0,1440.0,1440.0,271193.0,0.0
260714_1620_D531193_466_SMP_8M5CL_6574_2.jpg,8420825,2026-07-14 17:43:31,6574,449.0,449.0,450.0,3270.0,0.0
260704_1533_D614248_015_BEEP_8M5CL_1570_3.jpg,8353068,2026-07-04 17:21:30,1570,720.0,630.0,720.0,4474.0,37.0
260614_1156_D612820_068_SMP_8M6CL_630_3.jpg,8270172,2026-06-14 15:10:54,630,449.0,449.0,450.0,3592.0,0.0
260709_1541_D615340_805_BEEP_8M5CL_2836_3.jpg,8405675,2026-07-09 20:21:16,2836,1530.0,1890.0,1890.0,418979.0,29.0
260614_0046_D610254_435_SMP_8M6CL_217_3.jpg,8203553,2026-06-14 03:23:27,217,270.0,449.0,450.0,17911.0,0.0
260711_1829_D614209_204_BEEP_8M5CL_203_2.jpg,8360412,2026-07-11 22:18:29,203,990.0,899.0,990.0,18657.0,29.0
260528_1744_D541930_036_BEEP_8M5CL_999_3.jpg,7470447,2026-05-28 20:23:43,999,360.0,540.0,540.0,3746.0,37.0
260704_2302_D613627_669_BEEP_8M6CL_594_2.jpg,8306875,2026-07-05 01:46:43,594,360.0,360.0,360.0,4941.0,83.0
260601_1615_D613603_103_SMP_8M6CL_9_3.jpg,8303269,2026-06-01 18:50:50,9,630.0,630.0,630.0,6609.0,0.0
260614_1156_D612820_068_BEEP_8M6CL_727_3.jpg,8270172,2026-06-14 15:10:54,727,1440.0,1619.0,1620.0,260347.0,0.0
260709_1932_D602107_372_BEEP_8M6CL_39_3.jpg,8920058,2026-07-09 20:58:59,39,1799.0,1799.0,1800.0,358843.0,0.0
260611_1159_D610871_046_BEEP_8M5CL_11439_3.jpg,8213297,2026-06-11 13:52:54,11439,1440.0,1349.0,1440.0,115718.0,37.0
260717_2042_D618210_344_BEEP_8M5CL_4619_3.jpg,8524771,2026-07-17 23:33:18,4619,720.0,720.0,720.0,10960.0,0.0
260711_1041_D614212_072_BEEP_8M5CL_804_3.jpg,8344638,2026-07-11 11:45:09,804,360.0,1619.0,1620.0,30169.0,37.0
260605_1640_D611335_013_SMP_8M5CL_416_2.jpg,8233445,2026-06-05 21:38:04,416,1349.0,1349.0,1350.0,178596.0,2.0
260719_2031_D616559_582_BEEP_8M6CL_161_2.jpg,8448046,2026-07-19 21:54:56,161,540.0,630.0,630.0,4421.0,83.0
260614_1307_D611463_566_BEEP_8M6CL_28_3.jpg,8255990,2026-06-14 19:19:12,28,1080.0,1170.0,1170.0,108495.0,0.0
260719_2031_D616559_582_BEEP_8M6CL_161_3.jpg,8448046,2026-07-19 21:54:56,161,540.0,630.0,630.0,4421.0,83.0
260717_0038_D613618_493_BEEP_8M6CL_33_2.jpg,8308877,2026-07-17 02:33:55,33,1349.0,1440.0,1440.0,168294.0,0.0
260714_1620_D531193_466_SMP_8M5CL_5989_3.jpg,8420825,2026-07-14 17:43:31,5989,270.0,270.0,270.0,3620.0,0.0
260704_1533_D614248_015_BEEP_8M5CL_1959_2.jpg,8353068,2026-07-04 17:21:30,1959,540.0,540.0,540.0,9504.0,37.0
260715_1617_D616554_228_BEEP_8M6CL_585_3.jpg,8448378,2026-07-15 21:36:54,585,2520.0,2070.0,2520.0,824222.0,36.0
260630_1710_D615321_102_BEEP_8M6CL_47_3.jpg,8399617,2026-06-30 22:01:57,47,1260.0,1260.0,1260.0,116699.0,0.0
260611_0530_D611337_527_SMP_8M6CL_1_3.jpg,8236479,2026-06-11 06:12:59,1,899.0,809.0,900.0,14855.0,0.0
260703_0051_D614247_030_BEEP_8M6CL_51_3.jpg,8353023,2026-07-03 07:12:35,51,720.0,720.0,720.0,10270.0,83.0
260711_1928_D616510_249_BEEP_8M6CL_135_3.jpg,8435172,2026-07-11 20:34:13,135,899.0,990.0,990.0,42051.0,0.0
260709_2051_D614207_672_BEEP_8M5CL_180_2.jpg,8360404,2026-07-10 03:39:18,180,449.0,449.0,450.0,10608.0,37.0
260604_0654_D611325_078_SMP_8M5CL_2171_2.jpg,8229593,2026-06-04 08:42:07,2171,270.0,360.0,360.0,3748.0,2.0
260704_1533_D614248_015_BEEP_8M5CL_1806_3.jpg,8353068,2026-07-04 17:21:30,1806,270.0,360.0,360.0,2742.0,37.0
260608_0637_D610255_102_BEEP_8M5CL_3970_3.jpg,8203435,2026-06-08 07:56:59,3970,449.0,540.0,540.0,3814.0,0.0
260531_0541_D607888_820_SMP_8M5CL_24314_2.jpg,8109875,2026-05-31 07:08:34,24314,270.0,360.0,360.0,5353.0,0.0
260630_1710_D615321_102_SMP_8M6CL_48_2.jpg,8399617,2026-06-30 22:01:57,48,630.0,630.0,630.0,6367.0,0.0
260705_1809_D545903_296_BEEP_8M5CL_13152_2.jpg,8830220,2026-07-05 20:02:25,13152,720.0,720.0,720.0,14756.0,61.0
260617_2015_D611448_070_BEEP_8M6CL_70_3.jpg,8250409,2026-06-17 22:36:02,70,90.0,90.0,90.0,3616.0,37.0
260610_1044_D613608_701_SMP_8M6CL_58_3.jpg,8303397,2026-06-10 12:47:45,58,360.0,270.0,360.0,2546.0,0.0
260614_0036_D610254_425_SMP_8M6CL_443_2.jpg,8203463,2026-06-14 03:23:27,443,270.0,270.0,270.0,1772.0,0.0
260722_0946_D613153_191_BEEP_8M6CL_3230_2.jpg,8978714,2026-07-22 11:14:19,3230,360.0,360.0,360.0,4079.0,0.0
260529_1803_D610888_228_BEEP_8M5CL_6905_2.jpg,8389529,2026-06-01 23:50:25,6905,1170.0,1440.0,1440.0,79511.0,37.0
260714_0057_D613145_046_SMP_8M6CL_6308_2.jpg,8322720,2026-07-14 02:35:10,6308,720.0,720.0,720.0,9083.0,0.0
260614_1156_D612820_068_SMP_8M6CL_649_3.jpg,8270172,2026-06-14 15:10:54,649,270.0,270.0,270.0,1772.0,0.0
260530_0206_D610240_014_SMP_8M6CL_72_2.jpg,8198743,2026-05-30 03:37:14,72,1080.0,990.0,1080.0,115687.0,0.0
260704_1533_D614248_015_BEEP_8M5CL_1898_3.jpg,8353068,2026-07-04 17:21:30,1898,360.0,360.0,360.0,3204.0,37.0
260529_2051_D610225_695_SMP_8M5CL_1780_3.jpg,8191019,2026-05-29 22:55:13,1780,720.0,720.0,720.0,9075.0,2.0
260530_1734_D609178_002_SMP_8M6CL_1248_2.jpg,8158921,2026-05-30 19:17:23,1248,270.0,270.0,270.0,2053.0,83.0
260623_2128_D615273_028_BEEP_8M6CL_19118_3.jpg,8382763,2026-06-23 23:47:05,19118,1530.0,1890.0,1890.0,97010.0,37.0
260704_2302_D613627_669_SMP_8M6CL_640_3.jpg,8306875,2026-07-05 01:46:43,640,1890.0,1710.0,1890.0,344617.0,29.0
260616_2356_D610232_190_SMP_8M6CL_18_2.jpg,8195935,2026-06-17 00:40:04,18,360.0,360.0,360.0,3258.0,0.0
260528_2035_D608645_152_SMP_8M5CL_1530_2.jpg,8134309,2026-05-28 22:40:47,1530,360.0,360.0,360.0,3327.0,2.0
260528_2035_D608645_152_SMP_8M5CL_1530_3.jpg,8134309,2026-05-28 22:40:47,1530,360.0,360.0,360.0,3327.0,2.0
260630_1625_D611338_072_SMP_8M5CL_3358_3.jpg,8234627,2026-07-01 10:27:26,3358,1260.0,1170.0,1260.0,163620.0,0.0
260625_1916_D612471_001_SMP_8M6CL_1168_3.jpg,8270145,2026-06-25 21:25:10,1168,1080.0,1170.0,1170.0,30248.0,2.0
260610_1044_D613608_701_SMP_8M6CL_120_3.jpg,8303397,2026-06-10 12:47:45,120,360.0,360.0,360.0,3074.0,0.0
260601_0940_D608625_015_SMP_8M6CL_112_2.jpg,8126486,2026-06-01 11:55:34,112,270.0,360.0,360.0,2267.0,2.0
260610_0832_D613102_018_SMP_8M5CL_69_3.jpg,8312503,2026-06-10 09:41:06,69,630.0,540.0,630.0,3752.0,0.0
260704_2302_D613627_669_SMP_8M6CL_603_2.jpg,8306875,2026-07-05 01:46:43,603,630.0,630.0,630.0,6116.0,83.0
260711_1829_D614209_204_BEEP_8M5CL_246_2.jpg,8360412,2026-07-11 22:18:29,246,630.0,540.0,630.0,6500.0,37.0
260614_1156_D612820_068_BEEP_8M6CL_716_3.jpg,8270172,2026-06-14 15:10:54,716,1710.0,1530.0,1710.0,345974.0,0.0
260609_0423_D611337_526_SMP_8M5CL_3219_3.jpg,8236523,2026-06-09 06:00:30,3219,720.0,720.0,720.0,15955.0,0.0
260722_0630_D616500_012_SMP_8M6CL_1_3.jpg,8429592,2026-07-22 08:24:42,1,990.0,899.0,990.0,27744.0,37.0
260721_1926_D616544_017_SMP_8M6CL_2_2.jpg,8444809,2026-07-21 21:53:23,2,360.0,270.0,360.0,2120.0,83.0
260721_1926_D616544_017_SMP_8M6CL_2_3.jpg,8444809,2026-07-21 21:53:23,2,360.0,270.0,360.0,2120.0,83.0
260704_1533_D614248_015_BEEP_8M5CL_1784_3.jpg,8353068,2026-07-04 17:21:30,1784,630.0,449.0,630.0,6496.0,37.0
260608_0637_D610255_102_BEEP_8M5CL_2564_3.jpg,8203435,2026-06-08 07:56:59,2564,1170.0,1170.0,1170.0,154794.0,0.0
260714_0237_D613140_151_SMP_8M6CL_8975_3.jpg,8322313,2026-07-14 04:13:23,8975,360.0,270.0,360.0,2012.0,0.0
260603_0956_D611320_231_SMP_8M6CL_105_2.jpg,8229522,2026-06-03 11:47:40,105,360.0,270.0,360.0,2746.0,0.0
260529_0439_D610233_031_BEEP_8M5CL_8863_3.jpg,8198649,2026-05-29 07:14:24,8863,2160.0,1890.0,2160.0,317746.0,0.0
260703_1648_D615274_030_SMP_8M5CL_16779_2.jpg,8382635,2026-07-03 17:49:50,16779,449.0,449.0,450.0,3731.0,2.0
260601_1528_D608642_400_SMP_8M6CL_95_2.jpg,8129895,2026-06-01 19:39:08,95,720.0,720.0,720.0,7010.0,0.0
260703_0051_D614247_030_SMP_8M6CL_28_2.jpg,8353023,2026-07-03 07:12:35,28,449.0,449.0,450.0,3003.0,2.0
260712_1858_D615327_200_BEEP_8M6CL_245_3.jpg,8922129,2026-07-13 02:45:15,245,449.0,630.0,630.0,6205.0,0.0
260528_1748_D541930_034_SMP_8M5CL_682_3.jpg,7470405,2026-05-28 20:23:43,682,630.0,630.0,630.0,9953.0,2.0
260704_1533_D614248_015_BEEP_8M5CL_1766_3.jpg,8353068,2026-07-04 17:21:30,1766,270.0,360.0,360.0,2089.0,37.0
260627_1832_D611462_026_BEEP_8M6CL_9_2.jpg,8255998,2026-06-27 20:51:15,9,630.0,630.0,630.0,5966.0,83.0
260715_1843_D615452_082_SMP_8M6CL_15_3.jpg,8937540,2026-07-15 19:22:40,15,2160.0,2160.0,2160.0,617173.0,0.0
260706_0357_D616490_036_SMP_8M5CL_2599_3.jpg,8422737,2026-07-06 06:31:08,2599,899.0,1530.0,1530.0,71565.0,0.0
260528_2118_D609189_279_SMP_8M6CL_221_2.jpg,8161264,2026-05-28 23:49:23,221,270.0,270.0,270.0,1600.0,83.0
260704_2306_D613627_654_BEEP_8M6CL_148418_2.jpg,8306896,2026-07-05 00:18:42,148418,720.0,720.0,720.0,8804.0,83.0
260711_1928_D616510_534_SMP_8M6CL_13_3.jpg,8435216,2026-07-11 20:34:13,13,270.0,270.0,270.0,1563.0,0.0
260626_1733_D613142_039_BEEP_8M6CL_6430_2.jpg,8322064,2026-06-26 19:35:44,6430,449.0,990.0,990.0,45182.0,37.0
260607_1530_D613639_710_SMP_8M5CL_11023_3.jpg,8309306,2026-06-07 17:19:00,11023,720.0,720.0,720.0,11257.0,83.0
260722_0641_D616500_038_BEEP_8M6CL_17_2.jpg,8429461,2026-07-22 08:24:42,17,1530.0,1710.0,1710.0,306991.0,37.0
260714_0024_D613145_065_SMP_8M6CL_23543_3.jpg,8322806,2026-07-14 02:35:10,23543,720.0,720.0,720.0,8537.0,0.0
260609_0949_D610257_439_SMP_8M6CL_919_3.jpg,8203336,2026-06-09 11:30:48,919,720.0,809.0,810.0,9930.0,83.0
260713_2318_D615277_309_SMP_8M6CL_38855_2.jpg,8923777,2026-07-14 00:07:49,38855,360.0,270.0,360.0,2463.0,0.0
260528_2031_D608645_114_SMP_8M5CL_7203_2.jpg,8134221,2026-05-28 22:40:47,7203,899.0,899.0,900.0,71007.0,2.0
260610_0348_D611443_814_SMP_8M5CL_1244_3.jpg,8248074,2026-06-10 07:25:03,1244,720.0,720.0,720.0,17306.0,0.0
260606_2203_D611332_105_BEEP_8M5CL_427_2.jpg,8233010,2026-06-07 01:53:17,427,990.0,990.0,990.0,42545.0,0.0
260609_0949_D610257_439_BEEP_8M6CL_532_2.jpg,8203336,2026-06-09 11:30:48,532,1710.0,2070.0,2070.0,322131.0,29.0
260709_1541_D615340_805_BEEP_8M5CL_2836_2.jpg,8405675,2026-07-09 20:21:16,2836,1530.0,1890.0,1890.0,418979.0,29.0
260703_1015_D614211_903_SMP_8M5CL_18429_3.jpg,8360508,2026-07-03 11:26:29,18429,899.0,899.0,900.0,66380.0,2.0
260615_0349_D613602_010_SMP_8M6CL_4_2.jpg,8303481,2026-06-15 05:06:12,4,809.0,720.0,810.0,14319.0,2.0
260604_0654_D611325_078_SMP_8M5CL_2171_3.jpg,8229593,2026-06-04 08:42:07,2171,270.0,360.0,360.0,3748.0,2.0
260601_1517_D608642_484_SMP_8M6CL_46_2.jpg,8129956,2026-06-01 19:39:08,46,809.0,720.0,810.0,9643.0,0.0
260528_1554_D608630_376_SMP_8M5CL_6487_3.jpg,8128403,2026-05-28 16:53:20,6487,809.0,899.0,900.0,18680.0,2.0
260705_0855_D614211_903_SMP_8M6CL_2597_3.jpg,8360508,2026-07-05 10:16:35,2597,720.0,720.0,720.0,6711.0,83.0
260616_2356_D610232_190_SMP_8M6CL_18_3.jpg,8195935,2026-06-17 00:40:04,18,360.0,360.0,360.0,3258.0,0.0
260704_1533_D614248_015_BEEP_8M5CL_1611_2.jpg,8353068,2026-07-04 17:21:30,1611,1799.0,1349.0,1800.0,337642.0,37.0
260703_0051_D614247_030_SMP_8M6CL_50_2.jpg,8353023,2026-07-03 07:12:35,50,540.0,540.0,540.0,3268.0,2.0
260609_0949_D610257_439_SMP_8M6CL_102_3.jpg,8203336,2026-06-09 11:30:48,102,720.0,720.0,720.0,10244.0,83.0
260601_1543_D613603_107_SMP_8M6CL_2_2.jpg,8303078,2026-06-01 18:50:50,2,720.0,720.0,720.0,7253.0,0.0
260602_0501_D610266_306_SMP_8M5CL_14771_3.jpg,8206995,2026-06-02 06:30:09,14771,1080.0,1170.0,1170.0,25566.0,2.0
260601_0112_D610247_018_SMP_8M6CL_36_3.jpg,8201472,2026-06-01 02:48:29,36,720.0,720.0,720.0,7625.0,83.0
260610_2336_D610255_102_SMP_8M6CL_437_3.jpg,8203435,2026-06-11 00:29:26,437,990.0,1080.0,1080.0,99684.0,0.0
260614_2339_D611448_070_SMP_8M5CL_13398_3.jpg,8250409,2026-06-15 01:26:15,13398,990.0,1080.0,1080.0,70404.0,2.0
260528_1744_D541930_036_BEEP_8M5CL_869_3.jpg,7470447,2026-05-28 20:23:43,869,809.0,809.0,810.0,18882.0,94.0
260614_1156_D612820_068_BEEP_8M6CL_715_2.jpg,8270172,2026-06-14 15:10:54,715,990.0,1080.0,1080.0,62826.0,0.0
260603_0921_D611320_196_SMP_8M6CL_56_2.jpg,8229409,2026-06-03 11:47:40,56,270.0,360.0,360.0,2245.0,2.0
260712_1356_D615452_042_BEEP_8M5CL_1475_3.jpg,8418078,2026-07-12 15:20:05,1475,1619.0,1619.0,1620.0,451173.0,0.0
260528_2035_D608645_152_SMP_8M5CL_2186_2.jpg,8134309,2026-05-28 22:40:47,2186,270.0,360.0,360.0,3804.0,2.0
260704_1533_D614248_015_BEEP_8M5CL_1766_2.jpg,8353068,2026-07-04 17:21:30,1766,270.0,360.0,360.0,2089.0,37.0
260707_1710_D614208_424_SMP_8M6CL_552_2.jpg,8358476,2026-07-07 18:37:20,552,720.0,720.0,720.0,7182.0,83.0
260617_1903_D611442_267_BEEP_8M6CL_182_3.jpg,8247832,2026-06-17 20:45:58,182,720.0,720.0,720.0,8013.0,83.0
260607_2048_D611342_073_SMP_8M6CL_89_2.jpg,8234395,2026-06-08 01:56:11,89,720.0,809.0,810.0,9829.0,2.0
260608_0648_D610255_218_SMP_8M5CL_236_2.jpg,8203446,2026-06-08 22:24:59,236,270.0,270.0,270.0,1723.0,0.0
260704_1533_D614248_015_BEEP_8M5CL_1624_2.jpg,8353068,2026-07-04 17:21:30,1624,809.0,809.0,810.0,16202.0,37.0
260704_1533_D614248_015_BEEP_8M5CL_1452_2.jpg,8353068,2026-07-04 17:21:30,1452,1530.0,1260.0,1530.0,148249.0,37.0
260711_1928_D616510_249_BEEP_8M6CL_137_3.jpg,8435172,2026-07-11 20:34:13,137,449.0,449.0,450.0,3436.0,0.0
260704_1533_D614248_015_BEEP_8M5CL_1902_3.jpg,8353068,2026-07-04 17:21:30,1902,1260.0,1260.0,1260.0,242860.0,37.0
260530_1734_D609178_002_SMP_8M6CL_64_2.jpg,8158921,2026-05-30 19:17:23,64,720.0,720.0,720.0,5968.0,83.0
260601_1528_D608642_400_SMP_8M6CL_75_2.jpg,8129895,2026-06-01 19:39:08,75,360.0,270.0,360.0,2178.0,0.0
260711_0101_D616504_079_BEEP_8M6CL_30_2.jpg,8431649,2026-07-11 02:18:24,30,1349.0,1260.0,1350.0,272304.0,61.0
260709_1519_D615340_804_BEEP_8M5CL_1964_2.jpg,8405742,2026-07-09 20:21:16,1964,1080.0,990.0,1080.0,64885.0,83.0
260601_1514_D608642_377_SMP_8M6CL_112_3.jpg,8129885,2026-06-01 19:39:08,112,449.0,449.0,450.0,4716.0,0.0
260608_0637_D610255_102_BEEP_8M5CL_3440_2.jpg,8203435,2026-06-08 07:56:59,3440,720.0,899.0,900.0,63940.0,0.0
260629_2006_D552984_853_SMP_8M5CL_1119_3.jpg,7865557,2026-06-30 04:58:44,1119,630.0,630.0,630.0,4690.0,0.0
260602_0522_D610266_579_SMP_8M5CL_29566_3.jpg,8206925,2026-06-02 06:30:09,29566,270.0,360.0,360.0,3001.0,2.0
260623_0408_D612486_024_SMP_8M5CL_3968_3.jpg,8275420,2026-06-23 10:27:07,3968,1530.0,1260.0,1530.0,296715.0,0.0
260706_1734_D614260_009_SMP_8M5CL_70_3.jpg,8356800,2026-07-06 20:00:50,70,720.0,720.0,720.0,10090.0,83.0
260629_2002_D552984_795_SMP_8M5CL_800_3.jpg,7865622,2026-06-30 04:58:44,800,449.0,449.0,450.0,4409.0,0.0
260704_1533_D614248_015_BEEP_8M5CL_1768_3.jpg,8353068,2026-07-04 17:21:30,1768,360.0,360.0,360.0,3646.0,37.0
260629_2006_D552984_853_SMP_8M5CL_2861_2.jpg,7865557,2026-06-30 04:58:44,2861,180.0,270.0,270.0,1634.0,0.0
260527_1107_D609184_253_SMP_8M5CL_1470_3.jpg,8158840,2026-05-27 12:21:50,1470,270.0,270.0,270.0,2291.0,2.0
260714_0024_D613145_065_SMP_8M6CL_23543_2.jpg,8322806,2026-07-14 02:35:10,23543,720.0,720.0,720.0,8537.0,0.0
260610_0907_D611330_478_BEEP_8M5CL_3141_2.jpg,8233351,2026-06-10 10:25:09,3141,540.0,1890.0,1890.0,111737.0,37.0
260608_2115_D611434_537_SMP_8M6CL_453_2.jpg,8258605,2026-06-08 22:55:29,453,449.0,449.0,450.0,3145.0,0.0
260704_1533_D614248_015_BEEP_8M5CL_1804_3.jpg,8353068,2026-07-04 17:21:30,1804,720.0,809.0,810.0,18338.0,37.0
260714_1620_D531193_466_SMP_8M5CL_5989_2.jpg,8420825,2026-07-14 17:43:31,5989,270.0,270.0,270.0,3620.0,0.0
260630_0222_D614257_588_BEEP_8M5CL_3319_2.jpg,8356428,2026-06-30 04:16:19,3319,720.0,1349.0,1350.0,60377.0,37.0
260614_1156_D612820_068_SMP_8M6CL_807_3.jpg,8270172,2026-06-14 15:10:54,807,270.0,270.0,270.0,1377.0,0.0
260610_0907_D611330_478_BEEP_8M5CL_2132_3.jpg,8233351,2026-06-10 10:25:09,2132,2340.0,2610.0,2610.0,479963.0,37.0
260607_0731_D611326_048_SMP_8M5CL_835_2.jpg,8745696,2026-06-07 10:48:32,835,720.0,720.0,720.0,12276.0,0.0
260610_0832_D613102_018_SMP_8M5CL_2_2.jpg,8312503,2026-06-10 09:41:06,2,809.0,809.0,810.0,17422.0,0.0
260627_0930_D615309_313_BEEP_8M5CL_2035_3.jpg,8393107,2026-06-28 04:56:55,2035,990.0,809.0,990.0,36020.0,0.0
260601_1517_D608642_484_SMP_8M6CL_15_3.jpg,8129956,2026-06-01 19:39:08,15,270.0,270.0,270.0,1891.0,0.0
260606_0706_D610259_361_SMP_8M5CL_9501_3.jpg,8740362,2026-06-06 08:29:07,9501,360.0,360.0,360.0,2376.0,0.0
260709_1401_D615295_125_BEEP_8M5CL_7601_2.jpg,8385775,2026-07-09 19:11:20,7601,1799.0,1349.0,1800.0,225548.0,29.0
260713_2315_D615277_307_SMP_8M6CL_8767_3.jpg,8923788,2026-07-14 00:07:49,8767,720.0,720.0,720.0,8779.0,0.0
260624_2036_D612472_133_SMP_8M5CL_2269_2.jpg,8270384,2026-06-25 00:03:52,2269,720.0,630.0,720.0,9093.0,2.0
260607_2019_D611324_265_BEEP_8M5CL_16195_2.jpg,8229455,2026-06-07 23:42:41,16195,270.0,360.0,360.0,3064.0,0.0
260708_0739_D616501_088_BEEP_8M5CL_1577_3.jpg,8431311,2026-07-08 10:03:57,1577,360.0,270.0,360.0,4544.0,0.0
260527_1107_D609184_253_SMP_8M5CL_1502_3.jpg,8158840,2026-05-27 12:21:50,1502,360.0,360.0,360.0,3143.0,2.0
260706_2104_D615451_114_BEEP_8M6CL_24_3.jpg,8418372,2026-07-06 21:48:59,24,899.0,990.0,990.0,30784.0,0.0
260610_0347_D611326_045_SMP_8M6CL_28_2.jpg,8229469,2026-06-10 04:44:49,28,1530.0,1619.0,1620.0,233494.0,0.0
260531_2021_D608630_376_SMP_8M6CL_404_2.jpg,8128403,2026-05-31 20:59:27,404,990.0,899.0,990.0,54089.0,83.0
260608_0637_D610255_102_BEEP_8M5CL_14921_2.jpg,8203435,2026-06-08 07:56:59,14921,449.0,449.0,450.0,5546.0,0.0
260704_1533_D614248_015_BEEP_8M5CL_1978_2.jpg,8353068,2026-07-04 17:21:30,1978,270.0,270.0,270.0,2223.0,37.0
260530_2031_D609187_554_BEEP_8M5CL_4887_3.jpg,8161287,2026-05-30 22:20:23,4887,540.0,720.0,720.0,9408.0,83.0
260610_0348_D611443_824_SMP_8M5CL_112_2.jpg,8248090,2026-06-10 07:25:03,112,809.0,899.0,900.0,20148.0,0.0
260602_0834_D609137_065_SMP_8M6CL_247_3.jpg,8169605,2026-06-02 11:50:44,247,1440.0,1440.0,1440.0,204247.0,2.0
260704_1533_D614248_015_BEEP_8M5CL_1768_2.jpg,8353068,2026-07-04 17:21:30,1768,360.0,360.0,360.0,3646.0,37.0
260602_1155_D611393_020_SMP_8M6CL_366_3.jpg,8256000,2026-06-02 14:39:08,366,720.0,720.0,720.0,6496.0,6.0
260528_0839_D611306_351_SMP_8M6CL_784_3.jpg,8243175,2026-05-28 10:10:03,784,630.0,630.0,630.0,5256.0,0.0
260702_1405_D613635_176_SMP_8M6CL_191_3.jpg,8306753,2026-07-02 19:12:50,191,899.0,990.0,990.0,25827.0,2.0
260608_2115_D611434_537_SMP_8M6CL_62_2.jpg,8258605,2026-06-08 22:55:29,62,630.0,630.0,630.0,4174.0,0.0
260624_2024_D614268_338_BEEP_8M5CL_5404_2.jpg,8342857,2026-06-25 05:36:54,5404,360.0,449.0,450.0,4682.0,37.0
260709_2055_D614207_665_SMP_8M5CL_547_3.jpg,8360487,2026-07-10 00:51:19,547,1260.0,1260.0,1260.0,159899.0,2.0
260601_1615_D613603_103_SMP_8M6CL_10_3.jpg,8303269,2026-06-01 18:50:50,10,540.0,720.0,720.0,5275.0,0.0
260612_2355_D612479_188_SMP_8M5CL_16587_3.jpg,8272262,2026-06-13 01:15:13,16587,360.0,270.0,360.0,2840.0,2.0
260601_1517_D608642_484_BEEP_8M6CL_23_2.jpg,8129956,2026-06-01 19:39:08,23,540.0,540.0,540.0,5467.0,0.0
260619_0539_D613622_153_BEEP_8M6CL_35_3.jpg,8304530,2026-06-19 07:00:15,35,990.0,899.0,990.0,132842.0,0.0
260722_0554_D616500_039_SMP_8M6CL_467_3.jpg,8429472,2026-07-22 08:24:42,467,809.0,899.0,900.0,20463.0,83.0
260722_0554_D616500_039_SMP_8M6CL_467_2.jpg,8429472,2026-07-22 08:24:42,467,809.0,899.0,900.0,20463.0,83.0
260722_0641_D616500_038_BEEP_8M6CL_17_3.jpg,8429461,2026-07-22 08:24:42,17,1530.0,1710.0,1710.0,306991.0,37.0
260722_0946_D613153_191_BEEP_8M6CL_3493_2.jpg,8978714,2026-07-22 11:14:19,3493,899.0,899.0,900.0,27235.0,0.0
260722_0946_D613153_191_BEEP_8M6CL_3493_3.jpg,8978714,2026-07-22 11:14:19,3493,899.0,899.0,900.0,27235.0,0.0
260706_1734_D614260_009_SMP_8M5CL_70_2.jpg,8356800,2026-07-06 20:00:50,70,720.0,720.0,720.0,10090.0,83.0
260722_0946_D613153_191_BEEP_8M6CL_3540_2.jpg,8978714,2026-07-22 11:14:19,3540,449.0,449.0,450.0,11225.0,0.0
260722_0946_D613153_191_SMP_8M6CL_3015_2.jpg,8978714,2026-07-22 11:14:19,3015,270.0,270.0,270.0,1881.0,0.0
260721_2037_D616557_178_BEEP_8M5CL_1241_2.jpg,8448688,2026-07-21 23:51:04,1241,990.0,1080.0,1080.0,94381.0,61.0
260721_2037_D616557_178_BEEP_8M5CL_1240_2.jpg,8448688,2026-07-21 23:51:04,1240,360.0,270.0,360.0,3596.0,61.0
260704_1533_D614248_015_SMP_8M5CL_1791_3.jpg,8353068,2026-07-04 17:21:30,1791,270.0,360.0,360.0,1644.0,2.0
260722_1926_D615291_011_SMP_8M6CL_837_2.jpg,8385680,2026-07-23 00:54:09,837,990.0,899.0,990.0,61131.0,0.0
260722_1704_D615447_080_SMP_8M5CL_1557_2.jpg,8415731,2026-07-22 23:37:43,1557,1080.0,1080.0,1080.0,180667.0,0.0
260722_1704_D615447_080_SMP_8M5CL_1557_3.jpg,8415731,2026-07-22 23:37:43,1557,1080.0,1080.0,1080.0,180667.0,0.0
260722_0946_D613153_191_BEEP_8M6CL_3540_3.jpg,8978714,2026-07-22 11:14:19,3540,449.0,449.0,450.0,11225.0,0.0
260722_0630_D616500_012_SMP_8M6CL_1_2.jpg,8429592,2026-07-22 08:24:42,1,990.0,899.0,990.0,27744.0,37.0
260704_1533_D614248_015_BEEP_8M5CL_1902_2.jpg,8353068,2026-07-04 17:21:30,1902,1260.0,1260.0,1260.0,242860.0,37.0
260721_0852_D618210_340_SMP_8M6CL_350_3.jpg,8524654,2026-07-21 11:18:11,350,1349.0,1170.0,1350.0,105069.0,2.0
260722_1718_D615447_040_SMP_8M5CL_4502_3.jpg,8415779,2026-07-22 23:37:43,4502,809.0,809.0,810.0,7532.0,0.0
260722_0641_D616500_038_BEEP_8M6CL_10_3.jpg,8429461,2026-07-22 08:24:42,10,1170.0,1080.0,1170.0,59734.0,37.0
260722_1926_D615291_011_SMP_8M6CL_837_3.jpg,8385680,2026-07-23 00:54:09,837,990.0,899.0,990.0,61131.0,0.0
260706_0357_D616490_036_SMP_8M5CL_2599_2.jpg,8422737,2026-07-06 06:31:08,2599,899.0,1530.0,1530.0,71565.0,0.0
260531_2352_D610234_073_BEEP_8M5CL_14819_2.jpg,8198760,2026-06-01 01:13:48,14819,990.0,990.0,990.0,45439.0,61.0
260609_0955_D611291_819_BEEP_8M6CL_16_2.jpg,8238855,2026-06-09 11:41:20,16,3330.0,3510.0,3510.0,4592700.0,0.0
260614_0046_D610254_435_SMP_8M6CL_375_3.jpg,8203553,2026-06-14 03:23:27,375,630.0,630.0,630.0,6599.0,0.0
260603_0959_D611320_227_SMP_8M6CL_15_3.jpg,8229426,2026-06-03 11:47:40,15,720.0,720.0,720.0,6247.0,0.0
260704_1533_D614248_015_BEEP_8M5CL_1718_2.jpg,8353068,2026-07-04 17:21:30,1718,630.0,540.0,630.0,6270.0,37.0
260708_0743_D616501_084_SMP_8M5CL_3598_2.jpg,8431270,2026-07-08 10:03:57,3598,360.0,449.0,450.0,2653.0,0.0
260621_0532_D612470_002_SMP_8M6CL_51_2.jpg,8270470,2026-06-21 07:12:49,51,360.0,360.0,360.0,5169.0,2.0
260612_2044_D613830_315_BEEP_8M5CL_14078_3.jpg,8328555,2026-06-12 22:20:36,14078,5670.0,3239.0,5670.0,4552200.0,0.0
260704_1533_D614248_015_BEEP_8M5CL_1643_3.jpg,8353068,2026-07-04 17:21:30,1643,899.0,899.0,900.0,35875.0,37.0
260721_2037_D616557_178_BEEP_8M5CL_1240_3.jpg,8448688,2026-07-21 23:51:04,1240,360.0,270.0,360.0,3596.0,61.0
260722_0641_D616500_038_BEEP_8M6CL_10_2.jpg,8429461,2026-07-22 08:24:42,10,1170.0,1080.0,1170.0,59734.0,37.0
260722_1718_D615447_040_SMP_8M5CL_4502_2.jpg,8415779,2026-07-22 23:37:43,4502,809.0,809.0,810.0,7532.0,0.0
260704_1533_D614248_015_BEEP_8M5CL_2034_2.jpg,8353068,2026-07-04 17:21:30,2034,90.0,180.0,180.0,425.0,37.0
260704_1533_D614248_015_BEEP_8M5CL_1939_3.jpg,8353068,2026-07-04 17:21:30,1939,540.0,449.0,540.0,4482.0,37.0
260719_2031_D616559_582_BEEP_8M6CL_159_3.jpg,8448046,2026-07-19 21:54:56,159,630.0,630.0,630.0,6504.0,83.0
260610_1644_D611335_060_SMP_8M6CL_38_2.jpg,8737431,2026-06-10 18:03:51,38,1799.0,1799.0,1800.0,526828.0,0.0
260617_1903_D611442_267_BEEP_8M6CL_182_2.jpg,8247832,2026-06-17 20:45:58,182,720.0,720.0,720.0,8013.0,83.0
260703_0051_D614247_030_SMP_8M6CL_28_3.jpg,8353023,2026-07-03 07:12:35,28,449.0,449.0,450.0,3003.0,2.0
260714_1620_D531193_466_SMP_8M5CL_4638_2.jpg,8420825,2026-07-14 17:43:31,4638,449.0,449.0,450.0,5149.0,0.0
260709_2007_D613614_130_SMP_8M6CL_2_3.jpg,8304455,2026-07-09 21:12:17,2,630.0,630.0,630.0,3398.0,83.0
260709_1928_D602107_344_BEEP_8M6CL_12_2.jpg,8919962,2026-07-09 20:58:59,12,2070.0,2610.0,2610.0,800367.0,36.0
260608_0637_D610255_102_SMP_8M5CL_11953_2.jpg,8203435,2026-06-08 07:56:59,11953,360.0,270.0,360.0,2332.0,0.0
260614_1156_D612820_068_BEEP_8M6CL_741_3.jpg,8270172,2026-06-14 15:10:54,741,1260.0,1349.0,1350.0,180099.0,0.0
260601_1600_D608642_384_SMP_8M6CL_17_3.jpg,8129916,2026-06-01 19:39:08,17,990.0,720.0,990.0,9427.0,0.0
260621_0545_D612490_022_SMP_8M6CL_3_3.jpg,8275570,2026-06-21 06:21:34,3,809.0,809.0,810.0,13637.0,2.0
260606_1556_D610254_370_BEEP_8M5CL_13351_3.jpg,8203438,2026-06-06 18:45:22,13351,1890.0,2969.0,2970.0,3231900.0,61.0
260704_2240_D613627_644_BEEP_8M6CL_6_2.jpg,8306722,2026-07-05 00:18:42,6,1170.0,1080.0,1170.0,33221.0,37.0
260623_1556_D612557_299_SMP_8M6CL_99_2.jpg,8280446,2026-06-23 22:06:57,99,899.0,899.0,900.0,28141.0,83.0
260607_0809_D611326_082_SMP_8M5CL_1960_2.jpg,8745620,2026-06-07 10:48:32,1960,270.0,270.0,270.0,1545.0,0.0
260608_0637_D610255_102_BEEP_8M5CL_3189_2.jpg,8203435,2026-06-08 07:56:59,3189,449.0,449.0,450.0,4405.0,0.0
260606_0706_D610259_361_SMP_8M5CL_7926_3.jpg,8740362,2026-06-06 08:29:07,7926,180.0,180.0,180.0,1389.0,0.0
260613_0022_D611330_415_BEEP_8M6CL_36_2.jpg,8233391,2026-06-13 01:33:25,36,1170.0,1170.0,1170.0,164138.0,83.0
260530_0356_D610247_018_SMP_8M5CL_5068_3.jpg,8201472,2026-05-30 05:41:21,5068,270.0,270.0,270.0,2075.0,2.0
260530_2031_D609187_554_SMP_8M5CL_5008_3.jpg,8161287,2026-05-30 22:20:23,5008,270.0,360.0,360.0,3543.0,2.0
260723_0259_D615973_542_SMP_8M6CL_50255_3.jpg,9004285,2026-07-23 06:07:44,50255,540.0,630.0,630.0,4314.0,0.0
260528_1554_D608630_376_SMP_8M5CL_6407_2.jpg,8128403,2026-05-28 16:53:20,6407,540.0,540.0,540.0,12082.0,2.0
260719_1100_D614177_060_SMP_8M5CL_113395_3.jpg,8979113,2026-07-19 13:06:31,113395,270.0,270.0,270.0,2657.0,0.0
260704_1533_D614248_015_BEEP_8M5CL_1863_3.jpg,8353068,2026-07-04 17:21:30,1863,1170.0,990.0,1170.0,118098.0,37.0
260706_0357_D616490_036_SMP_8M5CL_2533_2.jpg,8422737,2026-07-06 06:31:08,2533,270.0,270.0,270.0,2688.0,0.0
260704_1533_D614248_015_BEEP_8M5CL_1900_2.jpg,8353068,2026-07-04 17:21:30,1900,1799.0,1080.0,1800.0,94773.0,37.0
260610_1905_D610259_340_BEEP_8M6CL_51_3.jpg,8740428,2026-06-10 23:04:08,51,1080.0,1170.0,1170.0,61447.0,0.0
260614_1156_D612820_068_BEEP_8M6CL_2_2.jpg,8270172,2026-06-14 15:10:54,2,1619.0,540.0,1620.0,191285.0,0.0
260704_1533_D614248_015_BEEP_8M5CL_1913_3.jpg,8353068,2026-07-04 17:21:30,1913,540.0,809.0,810.0,11585.0,37.0
260714_1620_D531193_466_SMP_8M5CL_4643_3.jpg,8420825,2026-07-14 17:43:31,4643,270.0,270.0,270.0,2352.0,0.0
260601_1832_D611287_164_SMP_8M6CL_30_3.jpg,8238965,2026-06-01 19:46:51,30,1799.0,1799.0,1800.0,364601.0,0.0
260712_1356_D615452_042_BEEP_8M5CL_1475_2.jpg,8418078,2026-07-12 15:20:05,1475,1619.0,1619.0,1620.0,451173.0,0.0
260704_2302_D613627_669_SMP_8M6CL_621_3.jpg,8306875,2026-07-05 01:46:43,621,1799.0,2070.0,2070.0,245407.0,2.0
260601_1537_D609184_253_SMP_8M6CL_1537_3.jpg,8158840,2026-06-01 20:07:14,1537,270.0,270.0,270.0,1367.0,83.0
260704_1533_D614248_015_BEEP_8M5CL_1494_2.jpg,8353068,2026-07-04 17:21:30,1494,720.0,720.0,720.0,11609.0,37.0
000000_0000_UNK_UNKNOWN_UNK_UNKNOWN_245_3.jpg,8593967,2026-07-26 00:57:47,245,449.0,540.0,540.0,4955.0,0.0
