benchmark_id,split,source_pool,selection_batch,wafer_key,inspection_time,defect_id,pair_key,bright_image_name,dark_image_name,bright_image_path,dark_image_path,query_site,tool_name,chamber,factory_class_label,manual_optical_class,stage_a_orientation,stage_a_context_confidence,stage_b_defect_coarse_class,stage_b_blocked_etch_evidence,stage_b_review_required,adjudicated_by,adjudicated_at_utc,adjudication_status,adjudicated_coarse_class,adjudicated_blocked_etch_evidence,adjudicated_confidence,comparator_visible,occlusion_present,offset_surface_lines_present,sunken_residual_continuity_present,comparator_boundary_line_present,mult_particles_present,review_required_expected,notes_needed,failure_mode_primary,failure_mode_secondary,notes_short,pre_etch_geometry_match,evidence_coherence,evidence_localization,particle_edge_morphology,particle_morphology_match_to_beep_like
BMK_0001,eval,non_beep_control,14day_2632,8425615,8/3/2026 19:58,10911,8425615_20260803_195852_10911,260803_1800_D616465_064_SMP_8M6CL_10911_2.jpg,260803_1800_D616465_064_SMP_8M6CL_10911_3.jpg,\\orshfs.intel.com\ORAnalysis$\1276_MAODATA\Config\etch\AME\tbatson\Defects\BE\images\defects\AME403_PM3\260803_1800_D616465_064_SMP_8M6CL_10911_2.jpg,\\orshfs.intel.com\ORAnalysis$\1276_MAODATA\Config\etch\AME\tbatson\Defects\BE\images\defects\AME403_PM3\260803_1800_D616465_064_SMP_8M6CL_10911_3.jpg,D1V,BPD446,AME403_PM3,SMALL_PARTICLE,0,,,,,,TB,8/9/2026,complete,possible_beep,strong,high,yes,yes,yes,yes,yes,no,yes,yes,,,"Left edge of material straddling the trench matches is inset, ever so slightly, from Si0 bridge across the trench.  Right side of material shows a different behavior, where material is located on perfect line on top of trench edges.",,,,,
BMK_0002,tune,non_beep_control,14day_2632,8425615,8/3/2026 19:58,11558,8425615_20260803_195852_11558,260803_1800_D616465_064_SMP_8M6CL_11558_2.jpg,260803_1800_D616465_064_SMP_8M6CL_11558_3.jpg,\\orshfs.intel.com\ORAnalysis$\1276_MAODATA\Config\etch\AME\tbatson\Defects\BE\images\defects\AME403_PM3\260803_1800_D616465_064_SMP_8M6CL_11558_2.jpg,\\orshfs.intel.com\ORAnalysis$\1276_MAODATA\Config\etch\AME\tbatson\Defects\BE\images\defects\AME403_PM3\260803_1800_D616465_064_SMP_8M6CL_11558_3.jpg,D1V,BPD446,AME403_PM3,SMALL_PARTICLE,0,,,,,,TB,8/9/2026,complete,possible_beep,moderate,medium,yes,yes,no,yes,yes,no,yes,yes,,,Upper portion of defect is falling in to comparator and shows a line exactly where it falls over the edge.,,,,,
BMK_0003,tune,non_beep_control,14day_2632,8425491,8/3/2026 19:58,1541,8425491_20260803_195852_1541,260803_1817_D616465_116_SMP_8M6CL_1541_2.jpg,260803_1817_D616465_116_SMP_8M6CL_1541_3.jpg,\\orshfs.intel.com\ORAnalysis$\1276_MAODATA\Config\etch\AME\tbatson\Defects\BE\images\defects\AME403_PM3\260803_1817_D616465_116_SMP_8M6CL_1541_2.jpg,\\orshfs.intel.com\ORAnalysis$\1276_MAODATA\Config\etch\AME\tbatson\Defects\BE\images\defects\AME403_PM3\260803_1817_D616465_116_SMP_8M6CL_1541_3.jpg,D1V,BPD446,AME403_PM3,SMALL_PARTICLE,0,,,,,,TB,8/9/2026,complete,particle,none,high,yes,yes,no,no,no,no,no,yes,,,Occlusion lies entirely within comparator and comparator layout still matches other comparators in image.,,,,,
BMK_0004,eval,non_beep_control,14day_2632,8441579,8/3/2026 19:17,2172,8441579_20260803_191749_2172,260803_1754_D616533_204_SMP_8M6CL_2172_2.jpg,260803_1754_D616533_204_SMP_8M6CL_2172_3.jpg,\\orshfs.intel.com\ORAnalysis$\1276_MAODATA\Config\etch\AME\tbatson\Defects\BE\images\defects\AME401_PM1\260803_1754_D616533_204_SMP_8M6CL_2172_2.jpg,\\orshfs.intel.com\ORAnalysis$\1276_MAODATA\Config\etch\AME\tbatson\Defects\BE\images\defects\AME401_PM1\260803_1754_D616533_204_SMP_8M6CL_2172_3.jpg,D1V,BPD448,AME401_PM1,SMALL_PARTICLE,2,,,,,,TB,8/9/2026,complete,possible_beep,moderate,medium,yes,no,no,no,yes,no,yes,yes,,,"Material defect lying in between two comparators is cut sharply on top edge of one comparator and extends, ever so slightly into the upper comparator with a contrast line in the material matching where the upper comparator (lower) edge should be.",,,,,
BMK_0005,tune,non_beep_control,14day_2632,8441579,8/3/2026 19:17,3139,8441579_20260803_191749_3139,260803_1754_D616533_204_SMP_8M6CL_3139_2.jpg,260803_1754_D616533_204_SMP_8M6CL_3139_3.jpg,\\orshfs.intel.com\ORAnalysis$\1276_MAODATA\Config\etch\AME\tbatson\Defects\BE\images\defects\AME401_PM1\260803_1754_D616533_204_SMP_8M6CL_3139_2.jpg,\\orshfs.intel.com\ORAnalysis$\1276_MAODATA\Config\etch\AME\tbatson\Defects\BE\images\defects\AME401_PM1\260803_1754_D616533_204_SMP_8M6CL_3139_3.jpg,D1V,BPD448,AME401_PM1,SMALL_PARTICLE,2,,,,,,TB,8/9/2026,complete,possible_beep,moderate,medium,yes,yes,yes,yes,yes,yes,yes,yes,,,Two of three separate material defects occlude two different comparators.  One slightly shows lines inset on top of SiO extension into comparator and other shows extension into comparator with contrast line matching expected comparator boundary.,,,,,
BMK_0006,tune,non_beep_control,14day_2632,8441579,8/3/2026 19:17,68,8441579_20260803_191749_68,260803_1754_D616533_204_SMP_8M6CL_68_2.jpg,260803_1754_D616533_204_SMP_8M6CL_68_3.jpg,\\orshfs.intel.com\ORAnalysis$\1276_MAODATA\Config\etch\AME\tbatson\Defects\BE\images\defects\AME401_PM1\260803_1754_D616533_204_SMP_8M6CL_68_2.jpg,\\orshfs.intel.com\ORAnalysis$\1276_MAODATA\Config\etch\AME\tbatson\Defects\BE\images\defects\AME401_PM1\260803_1754_D616533_204_SMP_8M6CL_68_3.jpg,D1V,BPD448,AME401_PM1,SMALL_PARTICLE,2,,,,,,TB,8/9/2026,complete,particle,none,high,yes,no,no,no,no,no,no,yes,,,No comparator mismatches,,,,,
BMK_0007,tune,factory_beep,14day_2632,8441579,8/3/2026 19:17,762,8441579_20260803_191749_762,260803_1754_D616533_204_BEEP_8M6CL_762_2.jpg,260803_1754_D616533_204_BEEP_8M6CL_762_3.jpg,\\orshfs.intel.com\ORAnalysis$\1276_MAODATA\Config\etch\AME\tbatson\Defects\BE\images\defects\AME401_PM1\260803_1754_D616533_204_BEEP_8M6CL_762_2.jpg,\\orshfs.intel.com\ORAnalysis$\1276_MAODATA\Config\etch\AME\tbatson\Defects\BE\images\defects\AME401_PM1\260803_1754_D616533_204_BEEP_8M6CL_762_3.jpg,D1V,BPD448,AME401_PM1,BEEP,37,,,,,,TB,8/9/2026,complete,indeterminate,none,high,no,no,no,no,no,no,yes,yes,,,Image shows few features at all suggesting bad image or a LARGE beep that left a completely unpatterned region.,,,,,
BMK_0008,eval,non_beep_control,14day_2632,8385545,8/3/2026 15:45,851,8385545_20260803_154507_851,260803_1434_D615293_015_SMP_8M5CL_851_2.jpg,260803_1434_D615293_015_SMP_8M5CL_851_3.jpg,\\orshfs.intel.com\ORAnalysis$\1276_MAODATA\Config\etch\AME\tbatson\Defects\BE\images\defects\AME421_PM6\260803_1434_D615293_015_SMP_8M5CL_851_2.jpg,\\orshfs.intel.com\ORAnalysis$\1276_MAODATA\Config\etch\AME\tbatson\Defects\BE\images\defects\AME421_PM6\260803_1434_D615293_015_SMP_8M5CL_851_3.jpg,D1V,BPD446,AME421_PM6,SMALL_PARTICLE,2,,,,,,TB,8/9/2026,complete,particle,weak,medium,yes,yes,yes,no,no,yes,no,yes,,,"Multiple (eight) scattered material defects of a few different morphologies, with one small defect Contained entirely within a comparator.   Two other larger material defects occlude comparators Without substantial evidence of  inset SiO lines or a material line when straddling comparator that matches expected comparator boundary.",,,,,
BMK_0009,tune,non_beep_control,14day_2632,8438048,8/3/2026 13:56,3110,8438048_20260803_135628_3110,260802_1913_D616521_130_SMP_8M5CL_3110_2.jpg,260802_1913_D616521_130_SMP_8M5CL_3110_3.jpg,\\orshfs.intel.com\ORAnalysis$\1276_MAODATA\Config\etch\AME\tbatson\Defects\BE\images\defects\AME417_PM5\260802_1913_D616521_130_SMP_8M5CL_3110_2.jpg,\\orshfs.intel.com\ORAnalysis$\1276_MAODATA\Config\etch\AME\tbatson\Defects\BE\images\defects\AME417_PM5\260802_1913_D616521_130_SMP_8M5CL_3110_3.jpg,D1V,BPD436,AME417_PM5,SMALL_PARTICLE,2,,,,,,TB,8/9/2026,complete,possible_beep,strong,high,yes,yes,yes,no,yes,no,no,yes,,,"Defect sits in between to line trenches, and is driving bulge of SiO substrate into both of these trenches.  Defect sitting on the SiO also shows brightfield comaprator lines on left and right side, left side only obvious on the darkfield image.",,,,,
BMK_0010,tune,non_beep_control,14day_2632,8438048,8/3/2026 13:56,3316,8438048_20260803_135628_3316,260802_1913_D616521_130_SMP_8M5CL_3316_2.jpg,260802_1913_D616521_130_SMP_8M5CL_3316_3.jpg,\\orshfs.intel.com\ORAnalysis$\1276_MAODATA\Config\etch\AME\tbatson\Defects\BE\images\defects\AME417_PM5\260802_1913_D616521_130_SMP_8M5CL_3316_2.jpg,\\orshfs.intel.com\ORAnalysis$\1276_MAODATA\Config\etch\AME\tbatson\Defects\BE\images\defects\AME417_PM5\260802_1913_D616521_130_SMP_8M5CL_3316_3.jpg,D1V,BPD436,AME417_PM5,SMALL_PARTICLE,2,,,,,,TB,8/9/2026,complete,particle,weak,high,yes,yes,no,no,no,no,no,yes,,,Particle sits on line trench with low alignment of its edge with the trench line and does not have evidence of residual trench material or showing comparator boundary lines.,,,,,
BMK_0011,eval,non_beep_control,14day_2632,8438003,8/3/2026 13:56,1055,8438003_20260803_135628_1055,260802_1843_D616521_127_SMP_8M5CL_1055_2.jpg,260802_1843_D616521_127_SMP_8M5CL_1055_3.jpg,\\orshfs.intel.com\ORAnalysis$\1276_MAODATA\Config\etch\AME\tbatson\Defects\BE\images\defects\AME417_PM6\260802_1843_D616521_127_SMP_8M5CL_1055_2.jpg,\\orshfs.intel.com\ORAnalysis$\1276_MAODATA\Config\etch\AME\tbatson\Defects\BE\images\defects\AME417_PM6\260802_1843_D616521_127_SMP_8M5CL_1055_3.jpg,D1V,BPD436,AME417_PM6,SMALL_PARTICLE,2,,,,,,TB,8/9/2026,complete,particle,none,high,yes,yes,no,no,no,no,no,yes,,,Elongated particle sits entirely inside a comparator with no blocked trench evidence.,,,,,
BMK_0012,tune,factory_beep,14day_2632,8438003,8/3/2026 13:56,1890,8438003_20260803_135628_1890,260802_1843_D616521_127_BEEP_8M5CL_1890_2.jpg,260802_1843_D616521_127_BEEP_8M5CL_1890_3.jpg,\\orshfs.intel.com\ORAnalysis$\1276_MAODATA\Config\etch\AME\tbatson\Defects\BE\images\defects\AME417_PM6\260802_1843_D616521_127_BEEP_8M5CL_1890_2.jpg,\\orshfs.intel.com\ORAnalysis$\1276_MAODATA\Config\etch\AME\tbatson\Defects\BE\images\defects\AME417_PM6\260802_1843_D616521_127_BEEP_8M5CL_1890_3.jpg,D1V,BPD436,AME417_PM6,BEEP,37,,,,,,TB,8/9/2026,complete,possible_beep,strong,high,partial,no,no,no,no,no,yes,yes,,,"No apparent particles sitting on the SiO substrate, instead image contains numerous broken line trenches, pieces of which could be confused for comparators, themselves.",,,,,
BMK_0013,tune,non_beep_control,14day_2632,8499884,8/3/2026 8:18,83572,8499884_20260803_081809_83572,260803_0736_D617123_020_SMP_8M5CL_83572_2.jpg,260803_0736_D617123_020_SMP_8M5CL_83572_3.jpg,\\orshfs.intel.com\ORAnalysis$\1276_MAODATA\Config\etch\AME\tbatson\Defects\BE\images\defects\AME409_PM3\260803_0736_D617123_020_SMP_8M5CL_83572_2.jpg,\\orshfs.intel.com\ORAnalysis$\1276_MAODATA\Config\etch\AME\tbatson\Defects\BE\images\defects\AME409_PM3\260803_0736_D617123_020_SMP_8M5CL_83572_3.jpg,D1V,BPD436,AME409_PM3,SMALL_PARTICLE,2,,,,,,TB,8/9/2026,complete,particle,weak,high,partial,no,no,no,no,yes,no,yes,,,"Block particle showing flat top surface sitting on SiO substrate, with a chunk broken off, is not occluding any structures or showing any blocked etch evidence.",,,,,
BMK_0014,tune,ambiguous,14day_2632,8438060,8/2/2026 20:40,51,8438060_20260802_204046_51,260802_1858_D616521_131_BEEP_8M5CL_51_2.jpg,260802_1858_D616521_131_BEEP_8M5CL_51_3.jpg,\\orshfs.intel.com\ORAnalysis$\1276_MAODATA\Config\etch\AME\tbatson\Defects\BE\images\defects\AME417_PM6\260802_1858_D616521_131_BEEP_8M5CL_51_2.jpg,\\orshfs.intel.com\ORAnalysis$\1276_MAODATA\Config\etch\AME\tbatson\Defects\BE\images\defects\AME417_PM6\260802_1858_D616521_131_BEEP_8M5CL_51_3.jpg,D1V,BPD458,AME417_PM6,BEEP,37,,,,,,TB,8/9/2026,complete,possible_beep,strong,high,yes,no,yes,no,no,no,no,yes,,,"Particle sitting on end of an array of line trenches, spanning 3 trenches, showing extension of SiO substrate into the three trenches with SiO boundary matching particle boundary but slightly offset.",,,,,
BMK_0015,eval,factory_beep,14day_2632,8499991,8/2/2026 18:36,185869,8499991_20260802_183608_185869,260802_1604_D617124_589_BEEP_8M5CL_185869_2.jpg,260802_1604_D617124_589_BEEP_8M5CL_185869_3.jpg,\\orshfs.intel.com\ORAnalysis$\1276_MAODATA\Config\etch\AME\tbatson\Defects\BE\images\defects\AME411_PM2\260802_1604_D617124_589_BEEP_8M5CL_185869_2.jpg,\\orshfs.intel.com\ORAnalysis$\1276_MAODATA\Config\etch\AME\tbatson\Defects\BE\images\defects\AME411_PM2\260802_1604_D617124_589_BEEP_8M5CL_185869_3.jpg,D1V,BPD436,AME411_PM2,BEEP,37,,,,,,TB,8/9/2026,complete,possible_beep,strong,high,yes,no,yes,no,yes,yes,no,yes,,,"Large particle in irregular parallelogram shape spans 7 line trenches with SiO surface boundary extending across these trenches in directions matching the particle, which itself shows comparator line trench lines too.",,,,,
BMK_0016,tune,factory_beep,14day_2632,8499991,8/2/2026 18:36,188416,8499991_20260802_183608_188416,260802_1604_D617124_589_BEEP_8M5CL_188416_2.jpg,260802_1604_D617124_589_BEEP_8M5CL_188416_3.jpg,\\orshfs.intel.com\ORAnalysis$\1276_MAODATA\Config\etch\AME\tbatson\Defects\BE\images\defects\AME411_PM2\260802_1604_D617124_589_BEEP_8M5CL_188416_2.jpg,\\orshfs.intel.com\ORAnalysis$\1276_MAODATA\Config\etch\AME\tbatson\Defects\BE\images\defects\AME411_PM2\260802_1604_D617124_589_BEEP_8M5CL_188416_3.jpg,D1V,BPD436,AME411_PM2,BEEP,37,,,,,,TB,8/9/2026,complete,possible_beep,moderate,medium,partial,no,no,no,no,no,yes,yes,,,"Atypical image not showing nay particles, but mismatch of two comparators to the others, and half of image with no patterning is suggesting entire region etch was blocked by a particle that is no longer present.",,,,,
BMK_0017,tune,factory_beep,14day_2632,8499100,8/2/2026 18:09,175949,8499100_20260802_180956_175949,260802_1654_D617122_541_BEEP_8M5CL_175949_2.jpg,260802_1654_D617122_541_BEEP_8M5CL_175949_3.jpg,\\orshfs.intel.com\ORAnalysis$\1276_MAODATA\Config\etch\AME\tbatson\Defects\BE\images\defects\AME409_PM6\260802_1654_D617122_541_BEEP_8M5CL_175949_2.jpg,\\orshfs.intel.com\ORAnalysis$\1276_MAODATA\Config\etch\AME\tbatson\Defects\BE\images\defects\AME409_PM6\260802_1654_D617122_541_BEEP_8M5CL_175949_3.jpg,D1V,BPD436,AME409_PM6,BEEP,37,,,,,,TB,8/9/2026,complete,possible_beep,strong,high,yes,no,no,yes,yes,yes,no,yes,,,"Triangular mostly flat particle spanning almost 4 comparators has residual material inside 3 comparators, with outlines on the material matching comparator boundary.  Image also shows residual material on SiO surface scattered around the triangular spanning particle, with some of the scattered material lining up parallel to one of the triangular particle sides.",,,,,
BMK_0018,tune,factory_beep,14day_2632,8499053,8/2/2026 18:09,28432,8499053_20260802_180956_28432,260802_1658_D617122_540_BEEP_8M5CL_28432_2.jpg,260802_1658_D617122_540_BEEP_8M5CL_28432_3.jpg,\\orshfs.intel.com\ORAnalysis$\1276_MAODATA\Config\etch\AME\tbatson\Defects\BE\images\defects\AME409_PM6\260802_1658_D617122_540_BEEP_8M5CL_28432_2.jpg,\\orshfs.intel.com\ORAnalysis$\1276_MAODATA\Config\etch\AME\tbatson\Defects\BE\images\defects\AME409_PM6\260802_1658_D617122_540_BEEP_8M5CL_28432_3.jpg,D1V,BPD436,AME409_PM6,BEEP,37,,,,,,TB,8/9/2026,complete,possible_beep,strong,high,partial,no,yes,no,no,no,no,yes,,,"Flat, elongated material blocks end of one line trench with some protrusion into neighboring line trench.  Extended regions of the SiO layer into these structures closely matches shape of the blocking material with small offset relative to the blocking material boundary.",,,,,
BMK_0019,eval,factory_beep,14day_2632,8499053,8/2/2026 18:09,56890,8499053_20260802_180956_56890,260802_1658_D617122_540_BEEP_8M5CL_56890_2.jpg,260802_1658_D617122_540_BEEP_8M5CL_56890_3.jpg,\\orshfs.intel.com\ORAnalysis$\1276_MAODATA\Config\etch\AME\tbatson\Defects\BE\images\defects\AME409_PM6\260802_1658_D617122_540_BEEP_8M5CL_56890_2.jpg,\\orshfs.intel.com\ORAnalysis$\1276_MAODATA\Config\etch\AME\tbatson\Defects\BE\images\defects\AME409_PM6\260802_1658_D617122_540_BEEP_8M5CL_56890_3.jpg,D1V,BPD436,AME409_PM6,BEEP,37,,,,,,TB,8/9/2026,complete,possible_beep,strong,high,yes,yes,yes,yes,yes,yes,no,yes,,,"Large, multiple-layered particle blocking three line trenches has pentagonal outline, and shows extension of the SiO substrate into the blocked line trenches with offset relative to the outline of the blocking particle.  Blocking particle also has outlines matching the expected lines of the underlying trench lines.",,,,,
BMK_0020,eval,non_beep_control,14day_2632,8553214,8/2/2026 14:25,1150,8553214_20260802_142534_1150,260802_1256_D619289_829_SMP_8M5CL_1150_2.jpg,260802_1256_D619289_829_SMP_8M5CL_1150_3.jpg,\\orshfs.intel.com\ORAnalysis$\1276_MAODATA\Config\etch\AME\tbatson\Defects\BE\images\defects\AME421_PM3\260802_1256_D619289_829_SMP_8M5CL_1150_2.jpg,\\orshfs.intel.com\ORAnalysis$\1276_MAODATA\Config\etch\AME\tbatson\Defects\BE\images\defects\AME421_PM3\260802_1256_D619289_829_SMP_8M5CL_1150_3.jpg,D1V,BPD436,AME421_PM3,SMALL_PARTICLE,2,,,,,,TB,8/9/2026,complete,particle,moderate,medium,yes,no,no,no,yes,no,yes,yes,,,"Flat particle with a rough outline sits immediately adjacent to a line trench with the long side of the particle almost exactly matching the side of the line trench.  Then a small portion of the particle appears to jut into the the line trench suggesting sunken residual continuity, but the degree to which this occurs is so slight that the rough matching of the particle side aligning with the line trench and this slightly sunken residual is hard to confirm exactly as pre-etch.",,,,,
BMK_0021,tune,non_beep_control,14day_2632,8553214,8/2/2026 14:25,1163,8553214_20260802_142534_1163,260802_1256_D619289_829_SMP_8M5CL_1163_2.jpg,260802_1256_D619289_829_SMP_8M5CL_1163_3.jpg,\\orshfs.intel.com\ORAnalysis$\1276_MAODATA\Config\etch\AME\tbatson\Defects\BE\images\defects\AME421_PM3\260802_1256_D619289_829_SMP_8M5CL_1163_2.jpg,\\orshfs.intel.com\ORAnalysis$\1276_MAODATA\Config\etch\AME\tbatson\Defects\BE\images\defects\AME421_PM3\260802_1256_D619289_829_SMP_8M5CL_1163_3.jpg,D1V,BPD436,AME421_PM3,SMALL_PARTICLE,2,,,,,,TB,8/9/2026,complete,possible_beep,strong,high,yes,no,no,no,yes,no,yes,yes,,,"Elongated material, roughly 10:1 aspect ratio with smooth outline and curved upper end, sits at about a 25degree angle and runs directly in to a line trench for which there is a comparator line trench, but of different width.  The bottom end of the particle cuts very cleanly at the line trench without any occlusion or sunken residual material.",,,,,
BMK_0022,tune,non_beep_control,14day_2632,8553200,8/2/2026 14:25,361,8553200_20260802_142534_361,260802_1234_D619289_844_SMP_8M5CL_361_2.jpg,260802_1234_D619289_844_SMP_8M5CL_361_3.jpg,\\orshfs.intel.com\ORAnalysis$\1276_MAODATA\Config\etch\AME\tbatson\Defects\BE\images\defects\AME421_PM3\260802_1234_D619289_844_SMP_8M5CL_361_2.jpg,\\orshfs.intel.com\ORAnalysis$\1276_MAODATA\Config\etch\AME\tbatson\Defects\BE\images\defects\AME421_PM3\260802_1234_D619289_844_SMP_8M5CL_361_3.jpg,D1V,BPD436,AME421_PM3,SMALL_PARTICLE,2,,,,,,TB,8/9/2026,complete,particle,weak,medium,yes,yes,no,no,no,no,no,yes,,,"Flat particle sits on the in between two line trenches and occludes both of these line trenches somewhat.  The particle is very bright and is shaped like  An elongated Oval with sharp pointy ends . One side is smooth in the other side has some jaggedness to it. It looks like there is some contrast difference in side the left line trench near the top of this particle suggesting the possibility of sunken residue and also  At the bottom end of the particle too, but too slight to say it is definitive blocked etch.",,,,,
BMK_0023,tune,non_beep_control,14day_2632,8553271,8/2/2026 14:25,2056,8553271_20260802_142534_2056,260802_1234_D619289_825_SMP_8M5CL_2056_2.jpg,260802_1234_D619289_825_SMP_8M5CL_2056_3.jpg,\\orshfs.intel.com\ORAnalysis$\1276_MAODATA\Config\etch\AME\tbatson\Defects\BE\images\defects\AME421_PM4\260802_1234_D619289_825_SMP_8M5CL_2056_2.jpg,\\orshfs.intel.com\ORAnalysis$\1276_MAODATA\Config\etch\AME\tbatson\Defects\BE\images\defects\AME421_PM4\260802_1234_D619289_825_SMP_8M5CL_2056_3.jpg,D1V,BPD436,AME421_PM4,SMALL_PARTICLE,2,,,,,,TB,8/9/2026,complete,particle,none,high,yes,yes,no,no,no,no,no,yes,,,"I've been saying from my first House members but I want you to change flat cornflake particle showing some texture kind of reminiscent of the SIO substrate ,   Occludes  A comparator without any  Shared boundary line or sunken residual material. ",,,,,
BMK_0024,eval,non_beep_control,14day_2632,8553271,8/2/2026 14:25,5399,8553271_20260802_142534_5399,260802_1234_D619289_825_SMP_8M5CL_5399_2.jpg,260802_1234_D619289_825_SMP_8M5CL_5399_3.jpg,\\orshfs.intel.com\ORAnalysis$\1276_MAODATA\Config\etch\AME\tbatson\Defects\BE\images\defects\AME421_PM4\260802_1234_D619289_825_SMP_8M5CL_5399_2.jpg,\\orshfs.intel.com\ORAnalysis$\1276_MAODATA\Config\etch\AME\tbatson\Defects\BE\images\defects\AME421_PM4\260802_1234_D619289_825_SMP_8M5CL_5399_3.jpg,D1V,BPD436,AME421_PM4,SMALL_PARTICLE,2,,,,,,TB,8/9/2026,complete,particle,none,medium,yes,no,no,no,yes,no,no,yes,,,Tiny spherical particle sits right on the right edge of a full height line trench . The left side of this tiny sphere  Is flush with the line trench boundary  But otherwise not showing blocked edge evidence. ,,,,,
BMK_0025,tune,non_beep_control,14day_2632,8553195,8/2/2026 14:25,6870,8553195_20260802_142534_6870,260802_1245_D619289_925_SMP_8M5CL_6870_2.jpg,260802_1245_D619289_925_SMP_8M5CL_6870_3.jpg,\\orshfs.intel.com\ORAnalysis$\1276_MAODATA\Config\etch\AME\tbatson\Defects\BE\images\defects\AME421_PM4\260802_1245_D619289_925_SMP_8M5CL_6870_2.jpg,\\orshfs.intel.com\ORAnalysis$\1276_MAODATA\Config\etch\AME\tbatson\Defects\BE\images\defects\AME421_PM4\260802_1245_D619289_925_SMP_8M5CL_6870_3.jpg,D1V,BPD436,AME421_PM4,SMALL_PARTICLE,2,,,,,,TB,8/9/2026,complete,particle,none,high,yes,yes,no,no,no,no,no,yes,,,Flat looking cornflake particle shaped like flattened goldfish almost sits on two line trench mesas and occludes the shared trench as well as part of the trench belonging to the right Mesa.,,,,,
BMK_0026,tune,non_beep_control,14day_2632,8553195,8/2/2026 14:25,7191,8553195_20260802_142534_7191,260802_1245_D619289_925_SMP_8M5CL_7191_2.jpg,260802_1245_D619289_925_SMP_8M5CL_7191_3.jpg,\\orshfs.intel.com\ORAnalysis$\1276_MAODATA\Config\etch\AME\tbatson\Defects\BE\images\defects\AME421_PM4\260802_1245_D619289_925_SMP_8M5CL_7191_2.jpg,\\orshfs.intel.com\ORAnalysis$\1276_MAODATA\Config\etch\AME\tbatson\Defects\BE\images\defects\AME421_PM4\260802_1245_D619289_925_SMP_8M5CL_7191_3.jpg,D1V,BPD436,AME421_PM4,SMALL_PARTICLE,2,,,,,,TB,8/9/2026,complete,particle,none,high,partial,yes,no,no,no,no,no,yes,,,Flat almost rectangular particle with a slightly convex and a slightly concave elongated sides sits on the Mesa between two line trenches and includes the trenches on both sides.  ,,,,,
BMK_0027,tune,non_beep_control,14day_2632,8425706,8/1/2026 13:06,217017,8425706_20260801_130647_217017,260801_1057_D616469_178_SMP_8M5CL_217017_2.jpg,260801_1057_D616469_178_SMP_8M5CL_217017_3.jpg,\\orshfs.intel.com\ORAnalysis$\1276_MAODATA\Config\etch\AME\tbatson\Defects\BE\images\defects\AME421_PM2\260801_1057_D616469_178_SMP_8M5CL_217017_2.jpg,\\orshfs.intel.com\ORAnalysis$\1276_MAODATA\Config\etch\AME\tbatson\Defects\BE\images\defects\AME421_PM2\260801_1057_D616469_178_SMP_8M5CL_217017_3.jpg,D1V,BPD446,AME421_PM2,SMALL_PARTICLE,2,,,,,,TB,8/9/2026,complete,possible_beep,strong,medium,yes,no,no,yes,yes,no,yes,yes,,,Lumpy particle sits   At the bottom right corner and left side of two vertically oriented comparators . Subtle but distinct amounts of sunken residual material appear in the bottom right corner and the left side  Of the two comparators .,,,,,
BMK_0028,tune,non_beep_control,14day_2632,8487519,8/1/2026 7:06,38,8487519_20260801_070614_38,260801_0610_D617643_053_SMP_8M6CL_38_2.jpg,260801_0610_D617643_053_SMP_8M6CL_38_3.jpg,\\orshfs.intel.com\ORAnalysis$\1276_MAODATA\Config\etch\AME\tbatson\Defects\BE\images\defects\AME411_PM1\260801_0610_D617643_053_SMP_8M6CL_38_2.jpg,\\orshfs.intel.com\ORAnalysis$\1276_MAODATA\Config\etch\AME\tbatson\Defects\BE\images\defects\AME411_PM1\260801_0610_D617643_053_SMP_8M6CL_38_3.jpg,D1V,BPD432,AME411_PM1,SMALL_PARTICLE,2,,,,,,TB,8/9/2026,complete,particle,none,high,partial,yes,no,no,no,no,no,yes,,,Lumpy particle sits on top of a primary horizontally oriented line trench  Crossing the upper Mesa and occluding another short line trench directly above.,,,,,
BMK_0029,tune,factory_beep,14day_2632,8533506,8/1/2026 7:02,1032,8533506_20260801_070213_1032,260801_0609_D618239_604_BEEP_8M6CL_1032_2.jpg,260801_0609_D618239_604_BEEP_8M6CL_1032_3.jpg,\\orshfs.intel.com\ORAnalysis$\1276_MAODATA\Config\etch\AME\tbatson\Defects\BE\images\defects\AME417_PM2\260801_0609_D618239_604_BEEP_8M6CL_1032_2.jpg,\\orshfs.intel.com\ORAnalysis$\1276_MAODATA\Config\etch\AME\tbatson\Defects\BE\images\defects\AME417_PM2\260801_0609_D618239_604_BEEP_8M6CL_1032_3.jpg,D1V,BPD454,AME417_PM2,BEEP,37,,,,,,TB,8/9/2026,complete,possible_beep,strong,high,no,no,yes,no,no,no,no,yes,,," Flat film like particle also containing   A feature as if it is bent upwards or warped on its top right side sits in the middle of an expansive region of SIO  Showing  Nonstandard comparators whose etch was blocked by what was, previous to etch recipe, was a much larger material defect.",,,,,
BMK_0030,tune,non_beep_control,14day_2632,8340151,7/31/2026 9:05,25787,8340151_20260731_090501_25787,260731_0710_D614176_028_SMP_8M6CL_25787_2.jpg,260731_0710_D614176_028_SMP_8M6CL_25787_3.jpg,\\orshfs.intel.com\ORAnalysis$\1276_MAODATA\Config\etch\AME\tbatson\Defects\BE\images\defects\AME419_PM4\260731_0710_D614176_028_SMP_8M6CL_25787_2.jpg,\\orshfs.intel.com\ORAnalysis$\1276_MAODATA\Config\etch\AME\tbatson\Defects\BE\images\defects\AME419_PM4\260731_0710_D614176_028_SMP_8M6CL_25787_3.jpg,D1V,BPD448,AME419_PM4,SMALL_PARTICLE,6,,,,,,TB,8/9/2026,complete,particle,none,high,partial,no,no,no,no,no,no,yes,,,Very small square particle maybe with a dimple on it sits on SIO substrate without any apparent disruption of local Horizontally oriented etched features. ,,,,,
BMK_0031,tune,factory_beep,14day_2632,8487295,7/30/2026 17:12,481,8487295_20260730_171229_481,260730_1636_D617642_538_BEEP_8M6CL_481_2.jpg,260730_1636_D617642_538_BEEP_8M6CL_481_3.jpg,\\orshfs.intel.com\ORAnalysis$\1276_MAODATA\Config\etch\AME\tbatson\Defects\BE\images\defects\AME409_PM2\260730_1636_D617642_538_BEEP_8M6CL_481_2.jpg,\\orshfs.intel.com\ORAnalysis$\1276_MAODATA\Config\etch\AME\tbatson\Defects\BE\images\defects\AME409_PM2\260730_1636_D617642_538_BEEP_8M6CL_481_3.jpg,D1V,BPD454,AME409_PM2,BEEP,36,,,,,,TB,8/9/2026,complete,possible_beep,strong,high,no,no,yes,no,no,no,no,yes,,,"Large El rectangular particle showing   At least two or three layers of different material occludes numerous etched features and shows offset It was a hard day's work deserves a smooth finish a boundary lines relative to as we embark on a not watering journey uncovering the 100 top meals our tastes made audience voted on as today's must try our hand-picked panel The Boundaries of SIO Substrate extending into expected etch features, most visible at two line trenches. ",,,,,
BMK_0032,tune,non_beep_control,14day_2632,8438447,7/30/2026 7:03,4,8438447_20260730_070336_4,260730_0511_D616511_022_SMP_8M6CL_4_2.jpg,260730_0511_D616511_022_SMP_8M6CL_4_3.jpg,\\orshfs.intel.com\ORAnalysis$\1276_MAODATA\Config\etch\AME\tbatson\Defects\BE\images\defects\AME423_PM4\260730_0511_D616511_022_SMP_8M6CL_4_2.jpg,\\orshfs.intel.com\ORAnalysis$\1276_MAODATA\Config\etch\AME\tbatson\Defects\BE\images\defects\AME423_PM4\260730_0511_D616511_022_SMP_8M6CL_4_3.jpg,D1V,BPD446,AME423_PM4,SMALL_PARTICLE,2,,,,,,TB,8/9/2026,complete,particle,none,medium,yes,yes,no,no,no,no,no,yes,,,"Slender, elongated particle with a rough rectangular outline and some notching or chipping straddles two etched comparator features",,,,,
BMK_0033,tune,non_beep_control,14day_2632,8487510,7/30/2026 4:49,409,8487510_20260730_044926_409,260730_0355_D617643_052_SMP_8M5CL_409_2.jpg,260730_0355_D617643_052_SMP_8M5CL_409_3.jpg,\\orshfs.intel.com\ORAnalysis$\1276_MAODATA\Config\etch\AME\tbatson\Defects\BE\images\defects\AME421_PM6\260730_0355_D617643_052_SMP_8M5CL_409_2.jpg,\\orshfs.intel.com\ORAnalysis$\1276_MAODATA\Config\etch\AME\tbatson\Defects\BE\images\defects\AME421_PM6\260730_0355_D617643_052_SMP_8M5CL_409_3.jpg,D1V,BPD454,AME421_PM6,SMALL_PARTICLE,2,,,,,,TB,8/9/2026,complete,particle,none,high,yes,yes,no,no,no,yes,no,yes,,,Two thin flat material defects are wedged inside a vertically running line trench . The particles look somewhat triangular with some approximately 60 to 90 degree vertices and the upper particle falls to the left occluding the sio substrate and the bottom particle false to the right occluding the Sio Mesa But does not extend so far to the right that it includes any part of the adjacent line trench .,,,,,
BMK_0034,tune,non_beep_control,14day_2632,8487510,7/30/2026 4:49,657,8487510_20260730_044926_657,260730_0355_D617643_052_SMP_8M5CL_657_2.jpg,260730_0355_D617643_052_SMP_8M5CL_657_3.jpg,\\orshfs.intel.com\ORAnalysis$\1276_MAODATA\Config\etch\AME\tbatson\Defects\BE\images\defects\AME421_PM6\260730_0355_D617643_052_SMP_8M5CL_657_2.jpg,\\orshfs.intel.com\ORAnalysis$\1276_MAODATA\Config\etch\AME\tbatson\Defects\BE\images\defects\AME421_PM6\260730_0355_D617643_052_SMP_8M5CL_657_3.jpg,D1V,BPD454,AME421_PM6,SMALL_PARTICLE,2,,,,,,TB,8/9/2026,complete,particle,none,high,yes,yes,no,no,no,no,no,yes,,,"   A flat material defect with brightfield contrast mirroring the Sio substrate and dark field contrast slightly darker than the Sio substrate , has a basal plane profile resembling half an oval in that One of the elongated sides can I come out has consistent curvature in the other side is predominantly flat with a couple of subtle marches and a bit of curvature before it reaches the top right vertex . The particle straddles two line trench mesas  And occludes two and a half line trenches with the right section of the particle  Laying on top avenue generally featureless region of SIO substrate .",,,,,
BMK_0035,tune,factory_beep,14day_2632,8438931,7/30/2026 1:59,12,8438931_20260730_015956_12,260728_2021_D616520_630_BEEP_8M6CL_12_2.jpg,260728_2021_D616520_630_BEEP_8M6CL_12_3.jpg,\\orshfs.intel.com\ORAnalysis$\1276_MAODATA\Config\etch\AME\tbatson\Defects\BE\images\defects\AME403_PM3\260728_2021_D616520_630_BEEP_8M6CL_12_2.jpg,\\orshfs.intel.com\ORAnalysis$\1276_MAODATA\Config\etch\AME\tbatson\Defects\BE\images\defects\AME403_PM3\260728_2021_D616520_630_BEEP_8M6CL_12_3.jpg,D1V,BPD442,AME403_PM3,BEEP,37,,,,,,TB,8/9/2026,complete,possible_beep,strong,high,yes,yes,yes,no,no,no,no,yes,,,"Layered material defect  Occludes  A horizontally oriented comparator and displays subtle but distinct, continuous extension of SiO substrate into the comparator.",,,,,
BMK_0036,tune,non_beep_control,14day_2632,8438931,7/30/2026 1:59,20,8438931_20260730_015956_20,260728_2021_D616520_630_SMP_8M6CL_20_2.jpg,260728_2021_D616520_630_SMP_8M6CL_20_3.jpg,\\orshfs.intel.com\ORAnalysis$\1276_MAODATA\Config\etch\AME\tbatson\Defects\BE\images\defects\AME403_PM3\260728_2021_D616520_630_SMP_8M6CL_20_2.jpg,\\orshfs.intel.com\ORAnalysis$\1276_MAODATA\Config\etch\AME\tbatson\Defects\BE\images\defects\AME403_PM3\260728_2021_D616520_630_SMP_8M6CL_20_3.jpg,D1V,BPD442,AME403_PM3,SMALL_PARTICLE,2,,,,,,TB,8/9/2026,complete,particle,none,high,yes,yes,no,no,no,no,no,yes,,,Material defect With triangular basal plane profile occludes right side of horizontally oriented comparator With no blocked  etch evidence. Particle sits flat on the substrate  But also displays a vertical profile  With a cut on the lower side that is not normal with respect to the Z axis.  Deviation from the perfectly triangular basal profile is also seen on the upper right vertex . ,,,,,
BMK_0037,eval,non_beep_control,14day_2632,8340083,7/29/2026 21:31,22425,8340083_20260729_213110_22425,260729_1956_D614176_029_SMP_8M5CL_22425_2.jpg,260729_1956_D614176_029_SMP_8M5CL_22425_3.jpg,\\orshfs.intel.com\ORAnalysis$\1276_MAODATA\Config\etch\AME\tbatson\Defects\BE\images\defects\AME411_PM1\260729_1956_D614176_029_SMP_8M5CL_22425_2.jpg,\\orshfs.intel.com\ORAnalysis$\1276_MAODATA\Config\etch\AME\tbatson\Defects\BE\images\defects\AME411_PM1\260729_1956_D614176_029_SMP_8M5CL_22425_3.jpg,D1V,BPD458,AME411_PM1,SMALL_PARTICLE,2,,,,,,TB,8/9/2026,complete,particle,moderate,medium,no,yes,no,no,yes,no,no,yes,,,Chunky round defect displays bit of pre-etch evidence where small portion of its outline that alights perfectly with the adjacent line trench.,,,,,
BMK_0038,tune,non_beep_control,14day_2632,8340083,7/29/2026 21:31,37681,8340083_20260729_213110_37681,260729_1956_D614176_029_SMP_8M5CL_37681_2.jpg,260729_1956_D614176_029_SMP_8M5CL_37681_3.jpg,\\orshfs.intel.com\ORAnalysis$\1276_MAODATA\Config\etch\AME\tbatson\Defects\BE\images\defects\AME411_PM1\260729_1956_D614176_029_SMP_8M5CL_37681_2.jpg,\\orshfs.intel.com\ORAnalysis$\1276_MAODATA\Config\etch\AME\tbatson\Defects\BE\images\defects\AME411_PM1\260729_1956_D614176_029_SMP_8M5CL_37681_3.jpg,D1V,BPD458,AME411_PM1,SMALL_PARTICLE,2,,,,,,TB,8/9/2026,complete,particle,none,high,yes,yes,no,no,no,no,no,no,,,,,,,,
BMK_0039,eval,factory_beep,14day_2632,8483435,7/29/2026 5:32,4387,8483435_20260729_053259_4387,260728_2329_D617626_375_BEEP_8M5CL_4387_2.jpg,260728_2329_D617626_375_BEEP_8M5CL_4387_3.jpg,\\orshfs.intel.com\ORAnalysis$\1276_MAODATA\Config\etch\AME\tbatson\Defects\BE\images\defects\AME421_PM4\260728_2329_D617626_375_BEEP_8M5CL_4387_2.jpg,\\orshfs.intel.com\ORAnalysis$\1276_MAODATA\Config\etch\AME\tbatson\Defects\BE\images\defects\AME421_PM4\260728_2329_D617626_375_BEEP_8M5CL_4387_3.jpg,D1V,BPD454,AME421_PM4,BEEP,0,,,,,,TB,8/9/2026,complete,possible_beep,strong,high,yes,yes,yes,yes,yes,yes,no,no,,,,,,,,
BMK_0040,tune,non_beep_control,14day_2632,8487295,7/29/2026 0:11,1002,8487295_20260729_001115_1002,260728_2313_D617642_538_SMP_8M5CL_1002_2.jpg,260728_2313_D617642_538_SMP_8M5CL_1002_3.jpg,\\orshfs.intel.com\ORAnalysis$\1276_MAODATA\Config\etch\AME\tbatson\Defects\BE\images\defects\AME403_PM3\260728_2313_D617642_538_SMP_8M5CL_1002_2.jpg,\\orshfs.intel.com\ORAnalysis$\1276_MAODATA\Config\etch\AME\tbatson\Defects\BE\images\defects\AME403_PM3\260728_2313_D617642_538_SMP_8M5CL_1002_3.jpg,D1V,BPD458,AME403_PM3,SMALL_PARTICLE,2,,,,,,TB,8/9/2026,complete,particle,none,high,partial,yes,no,no,no,no,no,no,,,,,,,,
BMK_0041,tune,non_beep_control,14day_2632,8487295,7/29/2026 0:11,1009,8487295_20260729_001115_1009,260728_2313_D617642_538_SMP_8M5CL_1009_2.jpg,260728_2313_D617642_538_SMP_8M5CL_1009_3.jpg,\\orshfs.intel.com\ORAnalysis$\1276_MAODATA\Config\etch\AME\tbatson\Defects\BE\images\defects\AME403_PM3\260728_2313_D617642_538_SMP_8M5CL_1009_2.jpg,\\orshfs.intel.com\ORAnalysis$\1276_MAODATA\Config\etch\AME\tbatson\Defects\BE\images\defects\AME403_PM3\260728_2313_D617642_538_SMP_8M5CL_1009_3.jpg,D1V,BPD458,AME403_PM3,SMALL_PARTICLE,83,,,,,,TB,8/9/2026,complete,particle,weak,high,partial,no,no,no,no,yes,no,no,,,,,,,,
BMK_0042,eval,non_beep_control,14day_2632,8487295,7/29/2026 0:11,1020,8487295_20260729_001115_1020,260728_2313_D617642_538_SMP_8M5CL_1020_2.jpg,260728_2313_D617642_538_SMP_8M5CL_1020_3.jpg,\\orshfs.intel.com\ORAnalysis$\1276_MAODATA\Config\etch\AME\tbatson\Defects\BE\images\defects\AME403_PM3\260728_2313_D617642_538_SMP_8M5CL_1020_2.jpg,\\orshfs.intel.com\ORAnalysis$\1276_MAODATA\Config\etch\AME\tbatson\Defects\BE\images\defects\AME403_PM3\260728_2313_D617642_538_SMP_8M5CL_1020_3.jpg,D1V,BPD458,AME403_PM3,SMALL_PARTICLE,83,,,,,,TB,8/9/2026,complete,possible_beep,moderate,medium,partial,no,no,no,yes,no,yes,yes,,,"About 70% of particle edge matches line trench edge exactly, with a small piece that juts out into the line trench in brightfield image, but less so in darkfield image.  Particle itself shows looks to have inset layers which can be a beep halmark.",,,,,
BMK_0043,tune,non_beep_control,14day_2632,8487295,7/29/2026 0:11,1063,8487295_20260729_001115_1063,260728_2313_D617642_538_SMP_8M5CL_1063_2.jpg,260728_2313_D617642_538_SMP_8M5CL_1063_3.jpg,\\orshfs.intel.com\ORAnalysis$\1276_MAODATA\Config\etch\AME\tbatson\Defects\BE\images\defects\AME403_PM3\260728_2313_D617642_538_SMP_8M5CL_1063_2.jpg,\\orshfs.intel.com\ORAnalysis$\1276_MAODATA\Config\etch\AME\tbatson\Defects\BE\images\defects\AME403_PM3\260728_2313_D617642_538_SMP_8M5CL_1063_3.jpg,D1V,BPD458,AME403_PM3,SMALL_PARTICLE,83,,,,,,TB,8/9/2026,complete,particle,none,medium,yes,yes,no,no,no,no,no,no,,,Particle  features are not distinct enough to determine if occluded regions include hallmark pre-etch beep evidence.,,,,,
BMK_0044,tune,non_beep_control,14day_2632,8487295,7/29/2026 0:11,1074,8487295_20260729_001115_1074,260728_2313_D617642_538_SMP_8M5CL_1074_2.jpg,260728_2313_D617642_538_SMP_8M5CL_1074_3.jpg,\\orshfs.intel.com\ORAnalysis$\1276_MAODATA\Config\etch\AME\tbatson\Defects\BE\images\defects\AME403_PM3\260728_2313_D617642_538_SMP_8M5CL_1074_2.jpg,\\orshfs.intel.com\ORAnalysis$\1276_MAODATA\Config\etch\AME\tbatson\Defects\BE\images\defects\AME403_PM3\260728_2313_D617642_538_SMP_8M5CL_1074_3.jpg,D1V,BPD458,AME403_PM3,SMALL_PARTICLE,83,,,,,,TB,8/9/2026,complete,particle,none,medium,partial,yes,no,no,no,no,no,no,,,Particle  features are not distinct enough to determine if occluded regions include hallmark pre-etch beep evidence.,,,,,
BMK_0045,tune,non_beep_control,14day_2632,8487295,7/29/2026 0:11,989,8487295_20260729_001115_989,260728_2313_D617642_538_SMP_8M5CL_989_2.jpg,260728_2313_D617642_538_SMP_8M5CL_989_3.jpg,\\orshfs.intel.com\ORAnalysis$\1276_MAODATA\Config\etch\AME\tbatson\Defects\BE\images\defects\AME403_PM3\260728_2313_D617642_538_SMP_8M5CL_989_2.jpg,\\orshfs.intel.com\ORAnalysis$\1276_MAODATA\Config\etch\AME\tbatson\Defects\BE\images\defects\AME403_PM3\260728_2313_D617642_538_SMP_8M5CL_989_3.jpg,D1V,BPD458,AME403_PM3,SMALL_PARTICLE,2,,,,,,TB,8/9/2026,complete,possible_beep,moderate,medium,partial,yes,no,no,yes,no,yes,no,,,"Portion of the elongated particles lines up exactly with the line trench boundary, then bottom half of particle extends, looking bent, into the line trench.  ",,,,,
BMK_0046,eval,non_beep_control,14day_2632,8487295,7/29/2026 0:11,990,8487295_20260729_001115_990,260728_2313_D617642_538_SMP_8M5CL_990_2.jpg,260728_2313_D617642_538_SMP_8M5CL_990_3.jpg,\\orshfs.intel.com\ORAnalysis$\1276_MAODATA\Config\etch\AME\tbatson\Defects\BE\images\defects\AME403_PM3\260728_2313_D617642_538_SMP_8M5CL_990_2.jpg,\\orshfs.intel.com\ORAnalysis$\1276_MAODATA\Config\etch\AME\tbatson\Defects\BE\images\defects\AME403_PM3\260728_2313_D617642_538_SMP_8M5CL_990_3.jpg,D1V,BPD458,AME403_PM3,SMALL_PARTICLE,83,,,,,,TB,8/9/2026,complete,particle,none,high,yes,yes,no,no,no,no,no,yes,,,Particle sits entirely within comparator.,,,,,
BMK_0047,eval,non_beep_control,14day_2632,8487295,7/29/2026 0:11,992,8487295_20260729_001115_992,260728_2313_D617642_538_SMP_8M5CL_992_2.jpg,260728_2313_D617642_538_SMP_8M5CL_992_3.jpg,\\orshfs.intel.com\ORAnalysis$\1276_MAODATA\Config\etch\AME\tbatson\Defects\BE\images\defects\AME403_PM3\260728_2313_D617642_538_SMP_8M5CL_992_2.jpg,\\orshfs.intel.com\ORAnalysis$\1276_MAODATA\Config\etch\AME\tbatson\Defects\BE\images\defects\AME403_PM3\260728_2313_D617642_538_SMP_8M5CL_992_3.jpg,D1V,BPD458,AME403_PM3,SMALL_PARTICLE,83,,,,,,TB,8/9/2026,complete,particle,none,high,partial,yes,no,no,no,yes,yes,no,,,,,,,,
BMK_0048,eval,non_beep_control,14day_2632,8487295,7/29/2026 0:11,993,8487295_20260729_001115_993,260728_2313_D617642_538_SMP_8M5CL_993_2.jpg,260728_2313_D617642_538_SMP_8M5CL_993_3.jpg,\\orshfs.intel.com\ORAnalysis$\1276_MAODATA\Config\etch\AME\tbatson\Defects\BE\images\defects\AME403_PM3\260728_2313_D617642_538_SMP_8M5CL_993_2.jpg,\\orshfs.intel.com\ORAnalysis$\1276_MAODATA\Config\etch\AME\tbatson\Defects\BE\images\defects\AME403_PM3\260728_2313_D617642_538_SMP_8M5CL_993_3.jpg,D1V,BPD458,AME403_PM3,SMALL_PARTICLE,83,,,,,,TB,8/9/2026,complete,particle,none,high,partial,yes,no,no,no,no,no,no,,,,,,,,
BMK_0049,tune,non_beep_control,14day_2632,8487295,7/29/2026 0:11,997,8487295_20260729_001115_997,260728_2313_D617642_538_SMP_8M5CL_997_2.jpg,260728_2313_D617642_538_SMP_8M5CL_997_3.jpg,\\orshfs.intel.com\ORAnalysis$\1276_MAODATA\Config\etch\AME\tbatson\Defects\BE\images\defects\AME403_PM3\260728_2313_D617642_538_SMP_8M5CL_997_2.jpg,\\orshfs.intel.com\ORAnalysis$\1276_MAODATA\Config\etch\AME\tbatson\Defects\BE\images\defects\AME403_PM3\260728_2313_D617642_538_SMP_8M5CL_997_3.jpg,D1V,BPD458,AME403_PM3,SMALL_PARTICLE,83,,,,,,TB,8/9/2026,complete,particle,weak,medium,yes,yes,no,no,no,no,no,no,,,,,,,,
BMK_0050,tune,factory_beep,14day_2632,8487115,7/29/2026 0:11,916,8487115_20260729_001115_916,260728_2212_D617642_539_BEEP_8M5CL_916_2.jpg,260728_2212_D617642_539_BEEP_8M5CL_916_3.jpg,\\orshfs.intel.com\ORAnalysis$\1276_MAODATA\Config\etch\AME\tbatson\Defects\BE\images\defects\AME403_PM4\260728_2212_D617642_539_BEEP_8M5CL_916_2.jpg,\\orshfs.intel.com\ORAnalysis$\1276_MAODATA\Config\etch\AME\tbatson\Defects\BE\images\defects\AME403_PM4\260728_2212_D617642_539_BEEP_8M5CL_916_3.jpg,D1V,BPD458,AME403_PM4,BEEP,153,,,,,,TB,8/9/2026,complete,possible_beep,strong,high,yes,no,yes,no,no,no,no,no,,,,,,,,
BMK_0051,tune,factory_beep,14day_2632,8421180,7/28/2026 18:37,249746,8421180_20260728_183740_249746,260728_1725_D615977_177_BEEP_8M5CL_249746_2.jpg,260728_1725_D615977_177_BEEP_8M5CL_249746_3.jpg,\\orshfs.intel.com\ORAnalysis$\1276_MAODATA\Config\etch\AME\tbatson\Defects\BE\images\defects\AME421_PM6\260728_1725_D615977_177_BEEP_8M5CL_249746_2.jpg,\\orshfs.intel.com\ORAnalysis$\1276_MAODATA\Config\etch\AME\tbatson\Defects\BE\images\defects\AME421_PM6\260728_1725_D615977_177_BEEP_8M5CL_249746_3.jpg,D1V,BPD446,AME421_PM6,BEEP,37,,,,,,TB,8/9/2026,complete,possible_beep,strong,high,no,no,no,no,no,no,yes,yes,,,Large region of image is unpatterned which is atypical but recognizable pattern for etch block.,,,,,
BMK_0052,eval,factory_beep,14day_2632,9019170,7/28/2026 13:36,150,9019170_20260728_133639_150,260728_1215_D616507_305_BEEP_8M6CL_150_2.jpg,260728_1215_D616507_305_BEEP_8M6CL_150_3.jpg,\\orshfs.intel.com\ORAnalysis$\1276_MAODATA\Config\etch\AME\tbatson\Defects\BE\images\defects\AME421_PM6\260728_1215_D616507_305_BEEP_8M6CL_150_2.jpg,\\orshfs.intel.com\ORAnalysis$\1276_MAODATA\Config\etch\AME\tbatson\Defects\BE\images\defects\AME421_PM6\260728_1215_D616507_305_BEEP_8M6CL_150_3.jpg,D1V,BPD450,AME421_PM6,BEEP,0,,,,,,TB,8/9/2026,complete,possible_beep,strong,high,yes,no,yes,no,yes,no,no,no,,,,,,,,
BMK_0053,tune,factory_beep,14day_2632,9019170,7/28/2026 13:36,253,9019170_20260728_133639_253,260728_1215_D616507_305_BEEP_8M6CL_253_2.jpg,260728_1215_D616507_305_BEEP_8M6CL_253_3.jpg,\\orshfs.intel.com\ORAnalysis$\1276_MAODATA\Config\etch\AME\tbatson\Defects\BE\images\defects\AME421_PM6\260728_1215_D616507_305_BEEP_8M6CL_253_2.jpg,\\orshfs.intel.com\ORAnalysis$\1276_MAODATA\Config\etch\AME\tbatson\Defects\BE\images\defects\AME421_PM6\260728_1215_D616507_305_BEEP_8M6CL_253_3.jpg,D1V,BPD450,AME421_PM6,BEEP,0,,,,,,TB,8/9/2026,complete,possible_beep,strong,high,yes,no,yes,no,yes,yes,no,no,,,,,,,,
BMK_0054,tune,factory_beep,14day_2632,9019170,7/28/2026 13:36,260,9019170_20260728_133639_260,260728_1215_D616507_305_BEEP_8M6CL_260_2.jpg,260728_1215_D616507_305_BEEP_8M6CL_260_3.jpg,\\orshfs.intel.com\ORAnalysis$\1276_MAODATA\Config\etch\AME\tbatson\Defects\BE\images\defects\AME421_PM6\260728_1215_D616507_305_BEEP_8M6CL_260_2.jpg,\\orshfs.intel.com\ORAnalysis$\1276_MAODATA\Config\etch\AME\tbatson\Defects\BE\images\defects\AME421_PM6\260728_1215_D616507_305_BEEP_8M6CL_260_3.jpg,D1V,BPD450,AME421_PM6,BEEP,0,,,,,,TB,8/9/2026,complete,possible_beep,strong,high,yes,no,no,yes,yes,no,no,no,,,,,,,,
BMK_0055,tune,non_beep_control,14day_2632,9019173,7/28/2026 13:36,443,9019173_20260728_133639_443,260728_1227_D616507_307_SMP_8M6CL_443_2.jpg,260728_1227_D616507_307_SMP_8M6CL_443_3.jpg,\\orshfs.intel.com\ORAnalysis$\1276_MAODATA\Config\etch\AME\tbatson\Defects\BE\images\defects\AME421_PM6\260728_1227_D616507_307_SMP_8M6CL_443_2.jpg,\\orshfs.intel.com\ORAnalysis$\1276_MAODATA\Config\etch\AME\tbatson\Defects\BE\images\defects\AME421_PM6\260728_1227_D616507_307_SMP_8M6CL_443_3.jpg,D1V,BPD450,AME421_PM6,SMALL_PARTICLE,0,,,,,,TB,8/9/2026,complete,possible_beep,strong,high,yes,no,yes,no,no,no,yes,no,,,"The comparator array in the image  Is somewhat irregular but horizontally oriented and an SiO extension surrounding the material defect cuts  What should be a comparator in two, with an offset SiO bridge and drives a another SiO bulge into line trench directly above the defect.",,,,,
BMK_0056,eval,factory_beep,14day_2632,9019192,7/28/2026 13:36,53,9019192_20260728_133639_53,260728_1224_D616507_308_BEEP_8M6CL_53_2.jpg,260728_1224_D616507_308_BEEP_8M6CL_53_3.jpg,\\orshfs.intel.com\ORAnalysis$\1276_MAODATA\Config\etch\AME\tbatson\Defects\BE\images\defects\AME421_PM6\260728_1224_D616507_308_BEEP_8M6CL_53_2.jpg,\\orshfs.intel.com\ORAnalysis$\1276_MAODATA\Config\etch\AME\tbatson\Defects\BE\images\defects\AME421_PM6\260728_1224_D616507_308_BEEP_8M6CL_53_3.jpg,D1V,BPD450,AME421_PM6,BEEP,0,,,,,,TB,8/9/2026,complete,possible_beep,strong,high,yes,no,yes,no,no,no,no,no,,,,,,,,
BMK_0057,tune,factory_beep,14day_2632,8441247,7/28/2026 10:29,264,8441247_20260728_102935_264,260728_0842_D616530_036_BEEP_8M5CL_264_2.jpg,260728_0842_D616530_036_BEEP_8M5CL_264_3.jpg,\\orshfs.intel.com\ORAnalysis$\1276_MAODATA\Config\etch\AME\tbatson\Defects\BE\images\defects\AME403_PM3\260728_0842_D616530_036_BEEP_8M5CL_264_2.jpg,\\orshfs.intel.com\ORAnalysis$\1276_MAODATA\Config\etch\AME\tbatson\Defects\BE\images\defects\AME403_PM3\260728_0842_D616530_036_BEEP_8M5CL_264_3.jpg,D1V,BPD454,AME403_PM3,BEEP,37,,,,,,TB,8/9/2026,complete,possible_beep,strong,high,partial,no,yes,yes,no,no,no,no,,,,,,,,
BMK_0058,tune,factory_beep,14day_2632,8441235,7/28/2026 10:29,3107,8441235_20260728_102935_3107,260728_0900_D616530_035_BEEP_8M5CL_3107_2.jpg,260728_0900_D616530_035_BEEP_8M5CL_3107_3.jpg,\\orshfs.intel.com\ORAnalysis$\1276_MAODATA\Config\etch\AME\tbatson\Defects\BE\images\defects\AME403_PM3\260728_0900_D616530_035_BEEP_8M5CL_3107_2.jpg,\\orshfs.intel.com\ORAnalysis$\1276_MAODATA\Config\etch\AME\tbatson\Defects\BE\images\defects\AME403_PM3\260728_0900_D616530_035_BEEP_8M5CL_3107_3.jpg,D1V,BPD454,AME403_PM3,BEEP,37,,,,,,TB,8/9/2026,complete,possible_beep,strong,high,partial,no,yes,no,no,no,no,no,,,,,,,,
BMK_0059,eval,non_beep_control,14day_2632,8533506,7/28/2026 8:53,13968,8533506_20260728_085335_13968,260728_0728_D618239_604_SMP_8M5CL_13968_2.jpg,260728_0728_D618239_604_SMP_8M5CL_13968_3.jpg,\\orshfs.intel.com\ORAnalysis$\1276_MAODATA\Config\etch\AME\tbatson\Defects\BE\images\defects\AME425_PM2\260728_0728_D618239_604_SMP_8M5CL_13968_2.jpg,\\orshfs.intel.com\ORAnalysis$\1276_MAODATA\Config\etch\AME\tbatson\Defects\BE\images\defects\AME425_PM2\260728_0728_D618239_604_SMP_8M5CL_13968_3.jpg,D1V,BPD446,AME425_PM2,SMALL_PARTICLE,2,,,,,,TB,8/9/2026,complete,particle,none,high,no,no,no,no,no,no,no,no,,,,,,,,
BMK_0060,tune,non_beep_control,14day_2632,8533506,7/28/2026 8:53,14662,8533506_20260728_085335_14662,260728_0728_D618239_604_SMP_8M5CL_14662_2.jpg,260728_0728_D618239_604_SMP_8M5CL_14662_3.jpg,\\orshfs.intel.com\ORAnalysis$\1276_MAODATA\Config\etch\AME\tbatson\Defects\BE\images\defects\AME425_PM2\260728_0728_D618239_604_SMP_8M5CL_14662_2.jpg,\\orshfs.intel.com\ORAnalysis$\1276_MAODATA\Config\etch\AME\tbatson\Defects\BE\images\defects\AME425_PM2\260728_0728_D618239_604_SMP_8M5CL_14662_3.jpg,D1V,BPD446,AME425_PM2,SMALL_PARTICLE,2,,,,,,TB,8/9/2026,complete,particle,none,high,partial,yes,no,no,no,no,no,no,,,,,,,,
BMK_0061,tune,non_beep_control,14day_2632,8533506,7/28/2026 8:53,16693,8533506_20260728_085335_16693,260728_0728_D618239_604_SMP_8M5CL_16693_2.jpg,260728_0728_D618239_604_SMP_8M5CL_16693_3.jpg,\\orshfs.intel.com\ORAnalysis$\1276_MAODATA\Config\etch\AME\tbatson\Defects\BE\images\defects\AME425_PM2\260728_0728_D618239_604_SMP_8M5CL_16693_2.jpg,\\orshfs.intel.com\ORAnalysis$\1276_MAODATA\Config\etch\AME\tbatson\Defects\BE\images\defects\AME425_PM2\260728_0728_D618239_604_SMP_8M5CL_16693_3.jpg,D1V,BPD446,AME425_PM2,SMALL_PARTICLE,2,,,,,,TB,8/9/2026,complete,particle,none,high,yes,yes,no,no,no,no,no,yes,,,Particle straddles line trench but shows no pre-etch evidence.,,,,,
BMK_0062,tune,factory_beep,14day_2632,9035602,7/28/2026 6:13,9037,9035602_20260728_061324_9037,260728_0425_D602107_562_BEEP_8M5CL_9037_2.jpg,260728_0425_D602107_562_BEEP_8M5CL_9037_3.jpg,\\orshfs.intel.com\ORAnalysis$\1276_MAODATA\Config\etch\AME\tbatson\Defects\BE\images\defects\AME411_PM2\260728_0425_D602107_562_BEEP_8M5CL_9037_2.jpg,\\orshfs.intel.com\ORAnalysis$\1276_MAODATA\Config\etch\AME\tbatson\Defects\BE\images\defects\AME411_PM2\260728_0425_D602107_562_BEEP_8M5CL_9037_3.jpg,D1V,BPD436,AME411_PM2,BEEP,0,,,,,,TB,8/9/2026,complete,possible_beep,strong,high,yes,no,yes,no,no,no,no,no,,,,,,,,
BMK_0063,tune,non_beep_control,14day_2632,8425175,7/28/2026 4:11,48353,8425175_20260728_041148_48353,260728_0330_D616470_019_SMP_8M6CL_48353_2.jpg,260728_0330_D616470_019_SMP_8M6CL_48353_3.jpg,\\orshfs.intel.com\ORAnalysis$\1276_MAODATA\Config\etch\AME\tbatson\Defects\BE\images\defects\AME403_PM3\260728_0330_D616470_019_SMP_8M6CL_48353_2.jpg,\\orshfs.intel.com\ORAnalysis$\1276_MAODATA\Config\etch\AME\tbatson\Defects\BE\images\defects\AME403_PM3\260728_0330_D616470_019_SMP_8M6CL_48353_3.jpg,D1V,BPD448,AME403_PM3,SMALL_PARTICLE,2,,,,,,TB,8/9/2026,complete,possible_beep,strong,high,partial,no,yes,yes,yes,no,no,no,,,,,,,,
BMK_0064,tune,non_beep_control,14day_2632,8425175,7/28/2026 4:11,99528,8425175_20260728_041148_99528,260728_0330_D616470_019_SMP_8M6CL_99528_2.jpg,260728_0330_D616470_019_SMP_8M6CL_99528_3.jpg,\\orshfs.intel.com\ORAnalysis$\1276_MAODATA\Config\etch\AME\tbatson\Defects\BE\images\defects\AME403_PM3\260728_0330_D616470_019_SMP_8M6CL_99528_2.jpg,\\orshfs.intel.com\ORAnalysis$\1276_MAODATA\Config\etch\AME\tbatson\Defects\BE\images\defects\AME403_PM3\260728_0330_D616470_019_SMP_8M6CL_99528_3.jpg,D1V,BPD448,AME403_PM3,SMALL_PARTICLE,2,,,,,,TB,8/9/2026,complete,possible_beep,moderate,high,partial,no,no,yes,yes,no,no,yes,,,Particle is small and sunken residual context is small but distinct.,,,,,
BMK_0065,eval,non_beep_control,14day_2632,8524357,7/28/2026 3:50,64,8524357_20260728_035017_64,260728_0233_D618205_005_SMP_8M6CL_64_2.jpg,260728_0233_D618205_005_SMP_8M6CL_64_3.jpg,\\orshfs.intel.com\ORAnalysis$\1276_MAODATA\Config\etch\AME\tbatson\Defects\BE\images\defects\AME421_PM2\260728_0233_D618205_005_SMP_8M6CL_64_2.jpg,\\orshfs.intel.com\ORAnalysis$\1276_MAODATA\Config\etch\AME\tbatson\Defects\BE\images\defects\AME421_PM2\260728_0233_D618205_005_SMP_8M6CL_64_3.jpg,D1V,BPD444,AME421_PM2,SMALL_PARTICLE,83,,,,,,TB,8/9/2026,complete,possible_beep,moderate,medium,yes,no,yes,no,yes,yes,yes,yes,,, Two particles on substrate with one sharing perfectly a comparator boundary line in the other seems to drive a slight extension of the SIO substrate into another comparator. There also appears some sio substrate non uniformity  near the left particle that shares a comparator boundary line.  The substrate nonuniform texture extends across another comparator without any apparent change to region inside comparator.,,,,,
BMK_0066,tune,factory_beep,14day_2632,8434596,7/27/2026 18:27,58,8434596_20260727_182735_58,260727_1743_D616507_315_BEEP_8M6CL_58_2.jpg,260727_1743_D616507_315_BEEP_8M6CL_58_3.jpg,\\orshfs.intel.com\ORAnalysis$\1276_MAODATA\Config\etch\AME\tbatson\Defects\BE\images\defects\AME425_PM5\260727_1743_D616507_315_BEEP_8M6CL_58_2.jpg,\\orshfs.intel.com\ORAnalysis$\1276_MAODATA\Config\etch\AME\tbatson\Defects\BE\images\defects\AME425_PM5\260727_1743_D616507_315_BEEP_8M6CL_58_3.jpg,D1V,BPD448,AME425_PM5,BEEP,0,,,,,,TB,8/9/2026,complete,possible_beep,strong,high,partial,no,yes,yes,yes,no,no,no,,,,,,,,
BMK_0067,eval,factory_beep,14day_2632,8434596,7/27/2026 18:27,62,8434596_20260727_182735_62,260727_1743_D616507_315_BEEP_8M6CL_62_2.jpg,260727_1743_D616507_315_BEEP_8M6CL_62_3.jpg,\\orshfs.intel.com\ORAnalysis$\1276_MAODATA\Config\etch\AME\tbatson\Defects\BE\images\defects\AME425_PM5\260727_1743_D616507_315_BEEP_8M6CL_62_2.jpg,\\orshfs.intel.com\ORAnalysis$\1276_MAODATA\Config\etch\AME\tbatson\Defects\BE\images\defects\AME425_PM5\260727_1743_D616507_315_BEEP_8M6CL_62_3.jpg,D1V,BPD448,AME425_PM5,BEEP,0,,,,,,TB,8/9/2026,complete,possible_beep,strong,high,yes,no,no,yes,yes,no,no,no,,,,,,,,
BMK_0068,tune,non_beep_control,14day_2632,8434659,7/27/2026 18:27,67,8434659_20260727_182735_67,260727_1732_D616507_303_SMP_8M6CL_67_2.jpg,260727_1732_D616507_303_SMP_8M6CL_67_3.jpg,\\orshfs.intel.com\ORAnalysis$\1276_MAODATA\Config\etch\AME\tbatson\Defects\BE\images\defects\AME425_PM5\260727_1732_D616507_303_SMP_8M6CL_67_2.jpg,\\orshfs.intel.com\ORAnalysis$\1276_MAODATA\Config\etch\AME\tbatson\Defects\BE\images\defects\AME425_PM5\260727_1732_D616507_303_SMP_8M6CL_67_3.jpg,D1V,BPD448,AME425_PM5,SMALL_PARTICLE,0,,,,,,TB,8/9/2026,complete,particle,none,high,yes,no,no,no,no,no,no,no,,,,,,,,
BMK_0069,eval,non_beep_control,14day_2632,8434659,7/27/2026 18:27,75,8434659_20260727_182735_75,260727_1732_D616507_303_SMP_8M6CL_75_2.jpg,260727_1732_D616507_303_SMP_8M6CL_75_3.jpg,\\orshfs.intel.com\ORAnalysis$\1276_MAODATA\Config\etch\AME\tbatson\Defects\BE\images\defects\AME425_PM5\260727_1732_D616507_303_SMP_8M6CL_75_2.jpg,\\orshfs.intel.com\ORAnalysis$\1276_MAODATA\Config\etch\AME\tbatson\Defects\BE\images\defects\AME425_PM5\260727_1732_D616507_303_SMP_8M6CL_75_3.jpg,D1V,BPD448,AME425_PM5,SMALL_PARTICLE,0,,,,,,TB,8/9/2026,complete,particle,weak,high,yes,no,no,no,no,no,no,yes,,,,,,,,
BMK_0070,tune,non_beep_control,14day_2632,8434678,7/27/2026 18:27,195,8434678_20260727_182735_195,260727_1743_D616507_313_SMP_8M6CL_195_2.jpg,260727_1743_D616507_313_SMP_8M6CL_195_3.jpg,\\orshfs.intel.com\ORAnalysis$\1276_MAODATA\Config\etch\AME\tbatson\Defects\BE\images\defects\AME425_PM6\260727_1743_D616507_313_SMP_8M6CL_195_2.jpg,\\orshfs.intel.com\ORAnalysis$\1276_MAODATA\Config\etch\AME\tbatson\Defects\BE\images\defects\AME425_PM6\260727_1743_D616507_313_SMP_8M6CL_195_3.jpg,D1V,BPD448,AME425_PM6,SMALL_PARTICLE,0,,,,,,TB,8/9/2026,complete,particle,weak,high,partial,yes,no,no,no,no,no,no,,,,,,,,
BMK_0071,eval,non_beep_control,14day_2632,8434594,7/27/2026 18:27,33,8434594_20260727_182735_33,260727_1746_D616507_160_SMP_8M6CL_33_2.jpg,260727_1746_D616507_160_SMP_8M6CL_33_3.jpg,\\orshfs.intel.com\ORAnalysis$\1276_MAODATA\Config\etch\AME\tbatson\Defects\BE\images\defects\AME425_PM6\260727_1746_D616507_160_SMP_8M6CL_33_2.jpg,\\orshfs.intel.com\ORAnalysis$\1276_MAODATA\Config\etch\AME\tbatson\Defects\BE\images\defects\AME425_PM6\260727_1746_D616507_160_SMP_8M6CL_33_3.jpg,D1V,BPD448,AME425_PM6,SMALL_PARTICLE,0,,,,,,TB,8/9/2026,complete,particle,weak,high,yes,yes,no,no,no,no,no,no,,,,,,,,
BMK_0072,tune,non_beep_control,14day_2632,8483217,7/27/2026 16:40,15,8483217_20260727_164041_15,260727_1324_D617630_340_SMP_8M6CL_15_2.jpg,260727_1324_D617630_340_SMP_8M6CL_15_3.jpg,\\orshfs.intel.com\ORAnalysis$\1276_MAODATA\Config\etch\AME\tbatson\Defects\BE\images\defects\AME425_PM4\260727_1324_D617630_340_SMP_8M6CL_15_2.jpg,\\orshfs.intel.com\ORAnalysis$\1276_MAODATA\Config\etch\AME\tbatson\Defects\BE\images\defects\AME425_PM4\260727_1324_D617630_340_SMP_8M6CL_15_3.jpg,D1V,BPD442,AME425_PM4,SMALL_PARTICLE,0,,,,,,TB,8/9/2026,complete,particle,none,high,partial,yes,no,no,no,no,no,no,,,,,,,,
BMK_0073,tune,factory_beep,14day_2632,8483226,7/27/2026 16:40,23,8483226_20260727_164041_23,260727_1258_D617630_158_BEEP_8M6CL_23_2.jpg,260727_1258_D617630_158_BEEP_8M6CL_23_3.jpg,\\orshfs.intel.com\ORAnalysis$\1276_MAODATA\Config\etch\AME\tbatson\Defects\BE\images\defects\AME425_PM4\260727_1258_D617630_158_BEEP_8M6CL_23_2.jpg,\\orshfs.intel.com\ORAnalysis$\1276_MAODATA\Config\etch\AME\tbatson\Defects\BE\images\defects\AME425_PM4\260727_1258_D617630_158_BEEP_8M6CL_23_3.jpg,D1V,BPD442,AME425_PM4,BEEP,0,,,,,,TB,8/9/2026,complete,indeterminate,weak,high,yes,no,yes,no,no,no,no,yes,,,"No Material defect on substrate , beep classification can only be inferred from knowing that two line trenches have been bridged by extension of the Sio surface presumably by a particle that is no longer visible. ",,,,,
BMK_0074,tune,non_beep_control,14day_2632,8483217,7/27/2026 16:40,31,8483217_20260727_164041_31,260727_1324_D617630_340_SMP_8M6CL_31_2.jpg,260727_1324_D617630_340_SMP_8M6CL_31_3.jpg,\\orshfs.intel.com\ORAnalysis$\1276_MAODATA\Config\etch\AME\tbatson\Defects\BE\images\defects\AME425_PM4\260727_1324_D617630_340_SMP_8M6CL_31_2.jpg,\\orshfs.intel.com\ORAnalysis$\1276_MAODATA\Config\etch\AME\tbatson\Defects\BE\images\defects\AME425_PM4\260727_1324_D617630_340_SMP_8M6CL_31_3.jpg,D1V,BPD442,AME425_PM4,SMALL_PARTICLE,0,,,,,,TB,8/9/2026,complete,possible_beep,strong,high,yes,yes,no,yes,yes,yes,no,no,,,,,,,,
BMK_0075,eval,non_beep_control,14day_2632,8483226,7/27/2026 16:40,46,8483226_20260727_164041_46,260727_1258_D617630_158_SMP_8M6CL_46_2.jpg,260727_1258_D617630_158_SMP_8M6CL_46_3.jpg,\\orshfs.intel.com\ORAnalysis$\1276_MAODATA\Config\etch\AME\tbatson\Defects\BE\images\defects\AME425_PM4\260727_1258_D617630_158_SMP_8M6CL_46_2.jpg,\\orshfs.intel.com\ORAnalysis$\1276_MAODATA\Config\etch\AME\tbatson\Defects\BE\images\defects\AME425_PM4\260727_1258_D617630_158_SMP_8M6CL_46_3.jpg,D1V,BPD442,AME425_PM4,SMALL_PARTICLE,0,,,,,,TB,8/9/2026,complete,particle,none,medium,partial,no,no,no,no,no,no,no,,,,,,,,
BMK_0076,eval,factory_beep,14day_2632,8466156,7/27/2026 3:05,40,8466156_20260727_030538_40,260727_0129_D617109_193_BEEP_8M6CL_40_2.jpg,260727_0129_D617109_193_BEEP_8M6CL_40_3.jpg,\\orshfs.intel.com\ORAnalysis$\1276_MAODATA\Config\etch\AME\tbatson\Defects\BE\images\defects\AME403_PM3\260727_0129_D617109_193_BEEP_8M6CL_40_2.jpg,\\orshfs.intel.com\ORAnalysis$\1276_MAODATA\Config\etch\AME\tbatson\Defects\BE\images\defects\AME403_PM3\260727_0129_D617109_193_BEEP_8M6CL_40_3.jpg,D1V,BPD454,AME403_PM3,BEEP,0,,,,,,TB,8/9/2026,complete,possible_beep,strong,high,yes,no,yes,no,no,no,no,no,,,,,,,,
BMK_0077,tune,non_beep_control,14day_2632,8466156,7/27/2026 3:05,41,8466156_20260727_030538_41,260727_0129_D617109_193_SMP_8M6CL_41_2.jpg,260727_0129_D617109_193_SMP_8M6CL_41_3.jpg,\\orshfs.intel.com\ORAnalysis$\1276_MAODATA\Config\etch\AME\tbatson\Defects\BE\images\defects\AME403_PM3\260727_0129_D617109_193_SMP_8M6CL_41_2.jpg,\\orshfs.intel.com\ORAnalysis$\1276_MAODATA\Config\etch\AME\tbatson\Defects\BE\images\defects\AME403_PM3\260727_0129_D617109_193_SMP_8M6CL_41_3.jpg,D1V,BPD454,AME403_PM3,SMALL_PARTICLE,0,,,,,,TB,8/9/2026,complete,possible_beep,strong,high,yes,no,no,no,yes,yes,no,yes,,,  Between two and three distinct particles on the substrate show comparator boundary line matching .,,,,,
BMK_0078,eval,factory_beep,14day_2632,8466156,7/27/2026 3:05,42,8466156_20260727_030538_42,260727_0129_D617109_193_BEEP_8M6CL_42_2.jpg,260727_0129_D617109_193_BEEP_8M6CL_42_3.jpg,\\orshfs.intel.com\ORAnalysis$\1276_MAODATA\Config\etch\AME\tbatson\Defects\BE\images\defects\AME403_PM3\260727_0129_D617109_193_BEEP_8M6CL_42_2.jpg,\\orshfs.intel.com\ORAnalysis$\1276_MAODATA\Config\etch\AME\tbatson\Defects\BE\images\defects\AME403_PM3\260727_0129_D617109_193_BEEP_8M6CL_42_3.jpg,D1V,BPD454,AME403_PM3,BEEP,0,,,,,,TB,8/9/2026,complete,possible_beep,strong,high,yes,no,no,yes,yes,no,no,no,,,,,,,,
BMK_0079,eval,factory_beep,14day_2632,8466216,7/27/2026 3:05,10,8466216_20260727_030538_10,260727_0142_D617109_187_BEEP_8M6CL_10_2.jpg,260727_0142_D617109_187_BEEP_8M6CL_10_3.jpg,\\orshfs.intel.com\ORAnalysis$\1276_MAODATA\Config\etch\AME\tbatson\Defects\BE\images\defects\AME403_PM4\260727_0142_D617109_187_BEEP_8M6CL_10_2.jpg,\\orshfs.intel.com\ORAnalysis$\1276_MAODATA\Config\etch\AME\tbatson\Defects\BE\images\defects\AME403_PM4\260727_0142_D617109_187_BEEP_8M6CL_10_3.jpg,D1V,BPD454,AME403_PM4,BEEP,0,,,,,,TB,8/9/2026,complete,possible_beep,strong,high,yes,no,yes,no,yes,yes,no,yes,,,A somewhat difficult to distinguish whether the bridge crossing a comparator is and offset substrate surface line or sunken residual continuity but I went with offset substrate surface line .,,,,,
BMK_0080,tune,non_beep_control,14day_2632,8466216,7/27/2026 3:05,22,8466216_20260727_030538_22,260727_0142_D617109_187_SMP_8M6CL_22_2.jpg,260727_0142_D617109_187_SMP_8M6CL_22_3.jpg,\\orshfs.intel.com\ORAnalysis$\1276_MAODATA\Config\etch\AME\tbatson\Defects\BE\images\defects\AME403_PM4\260727_0142_D617109_187_SMP_8M6CL_22_2.jpg,\\orshfs.intel.com\ORAnalysis$\1276_MAODATA\Config\etch\AME\tbatson\Defects\BE\images\defects\AME403_PM4\260727_0142_D617109_187_SMP_8M6CL_22_3.jpg,D1V,BPD454,AME403_PM4,SMALL_PARTICLE,0,,,,,,TB,8/9/2026,complete,particle,none,high,yes,no,no,no,no,no,no,no,,,,,,,,
BMK_0081,eval,non_beep_control,14day_2632,8466216,7/27/2026 3:05,3,8466216_20260727_030538_3,260727_0142_D617109_187_SMP_8M6CL_3_2.jpg,260727_0142_D617109_187_SMP_8M6CL_3_3.jpg,\\orshfs.intel.com\ORAnalysis$\1276_MAODATA\Config\etch\AME\tbatson\Defects\BE\images\defects\AME403_PM4\260727_0142_D617109_187_SMP_8M6CL_3_2.jpg,\\orshfs.intel.com\ORAnalysis$\1276_MAODATA\Config\etch\AME\tbatson\Defects\BE\images\defects\AME403_PM4\260727_0142_D617109_187_SMP_8M6CL_3_3.jpg,D1V,BPD454,AME403_PM4,SMALL_PARTICLE,0,,,,,,TB,8/9/2026,complete,possible_beep,strong,high,yes,no,no,yes,yes,no,no,no,,,,,,,,
BMK_0082,tune,non_beep_control,14day_2632,8466179,7/26/2026 23:38,68,8466179_20260726_233818_68,260726_2245_D617104_173_SMP_8M6CL_68_2.jpg,260726_2245_D617104_173_SMP_8M6CL_68_3.jpg,\\orshfs.intel.com\ORAnalysis$\1276_MAODATA\Config\etch\AME\tbatson\Defects\BE\images\defects\AME427_PM1\260726_2245_D617104_173_SMP_8M6CL_68_2.jpg,\\orshfs.intel.com\ORAnalysis$\1276_MAODATA\Config\etch\AME\tbatson\Defects\BE\images\defects\AME427_PM1\260726_2245_D617104_173_SMP_8M6CL_68_3.jpg,D1V,BPD448,AME427_PM1,SMALL_PARTICLE,0,,,,,,TB,8/9/2026,complete,particle,none,high,yes,yes,no,no,no,no,no,no,,,,,,,,
BMK_0083,tune,non_beep_control,14day_2632,8510045,7/26/2026 16:52,11771,8510045_20260726_165227_11771,260726_1629_D618155_735_SMP_8M6CL_11771_2.jpg,260726_1629_D618155_735_SMP_8M6CL_11771_3.jpg,\\orshfs.intel.com\ORAnalysis$\1276_MAODATA\Config\etch\AME\tbatson\Defects\BE\images\defects\AME403_PM4\260726_1629_D618155_735_SMP_8M6CL_11771_2.jpg,\\orshfs.intel.com\ORAnalysis$\1276_MAODATA\Config\etch\AME\tbatson\Defects\BE\images\defects\AME403_PM4\260726_1629_D618155_735_SMP_8M6CL_11771_3.jpg,D1V,BPD432,AME403_PM4,SMALL_PARTICLE,0,,,,,,TB,8/9/2026,complete,particle,weak,medium,yes,yes,no,no,no,no,yes,yes,,,Amount of material defect that protrudes into the line trench is so small that it is pretty challenging to determine if there is any sunken residual material or a comparator boundary line shared .,,,,,
BMK_0084,tune,non_beep_control,14day_2632,8510045,7/26/2026 16:52,13870,8510045_20260726_165227_13870,260726_1629_D618155_735_SMP_8M6CL_13870_2.jpg,260726_1629_D618155_735_SMP_8M6CL_13870_3.jpg,\\orshfs.intel.com\ORAnalysis$\1276_MAODATA\Config\etch\AME\tbatson\Defects\BE\images\defects\AME403_PM4\260726_1629_D618155_735_SMP_8M6CL_13870_2.jpg,\\orshfs.intel.com\ORAnalysis$\1276_MAODATA\Config\etch\AME\tbatson\Defects\BE\images\defects\AME403_PM4\260726_1629_D618155_735_SMP_8M6CL_13870_3.jpg,D1V,BPD432,AME403_PM4,SMALL_PARTICLE,0,,,,,,TB,8/9/2026,complete,particle,none,high,partial,yes,no,no,no,no,no,no,,,,,,,,
BMK_0085,tune,non_beep_control,14day_2632,8509955,7/26/2026 16:52,1652,8509955_20260726_165227_1652,260726_1604_D618155_630_SMP_8M6CL_1652_2.jpg,260726_1604_D618155_630_SMP_8M6CL_1652_3.jpg,\\orshfs.intel.com\ORAnalysis$\1276_MAODATA\Config\etch\AME\tbatson\Defects\BE\images\defects\AME403_PM4\260726_1604_D618155_630_SMP_8M6CL_1652_2.jpg,\\orshfs.intel.com\ORAnalysis$\1276_MAODATA\Config\etch\AME\tbatson\Defects\BE\images\defects\AME403_PM4\260726_1604_D618155_630_SMP_8M6CL_1652_3.jpg,D1V,BPD432,AME403_PM4,SMALL_PARTICLE,83,,,,,,TB,8/9/2026,complete,possible_beep,moderate,medium,yes,no,no,yes,yes,no,yes,yes,,,Amount of material defect that protrudes into the line trench   Is small but distinct  As is compared to boundary line that is shared .,,,,,
BMK_0086,eval,non_beep_control,14day_2632,8510045,7/26/2026 16:52,7354,8510045_20260726_165227_7354,260726_1629_D618155_735_SMP_8M6CL_7354_2.jpg,260726_1629_D618155_735_SMP_8M6CL_7354_3.jpg,\\orshfs.intel.com\ORAnalysis$\1276_MAODATA\Config\etch\AME\tbatson\Defects\BE\images\defects\AME403_PM4\260726_1629_D618155_735_SMP_8M6CL_7354_2.jpg,\\orshfs.intel.com\ORAnalysis$\1276_MAODATA\Config\etch\AME\tbatson\Defects\BE\images\defects\AME403_PM4\260726_1629_D618155_735_SMP_8M6CL_7354_3.jpg,D1V,BPD432,AME403_PM4,SMALL_PARTICLE,0,,,,,,TB,8/9/2026,complete,indeterminate,weak,medium,partial,yes,no,no,no,no,yes,yes,,,"Material defect is only half displayed in the captured image, rest of defect could change adjudication.",,,,,
BMK_0087,eval,non_beep_control,14day_2632,8509993,7/26/2026 16:52,7467,8509993_20260726_165227_7467,260726_1623_D618155_719_SMP_8M6CL_7467_2.jpg,260726_1623_D618155_719_SMP_8M6CL_7467_3.jpg,\\orshfs.intel.com\ORAnalysis$\1276_MAODATA\Config\etch\AME\tbatson\Defects\BE\images\defects\AME403_PM4\260726_1623_D618155_719_SMP_8M6CL_7467_2.jpg,\\orshfs.intel.com\ORAnalysis$\1276_MAODATA\Config\etch\AME\tbatson\Defects\BE\images\defects\AME403_PM4\260726_1623_D618155_719_SMP_8M6CL_7467_3.jpg,D1V,BPD432,AME403_PM4,SMALL_PARTICLE,0,,,,,,TB,8/9/2026,complete,particle,weak,high,yes,no,no,no,yes,no,no,yes,,,  One corner of material defect sits  At the corner of a non occluded comparator.,,,,,
BMK_0088,tune,non_beep_control,14day_2632,8510045,7/26/2026 16:52,7977,8510045_20260726_165227_7977,260726_1629_D618155_735_SMP_8M6CL_7977_2.jpg,260726_1629_D618155_735_SMP_8M6CL_7977_3.jpg,\\orshfs.intel.com\ORAnalysis$\1276_MAODATA\Config\etch\AME\tbatson\Defects\BE\images\defects\AME403_PM4\260726_1629_D618155_735_SMP_8M6CL_7977_2.jpg,\\orshfs.intel.com\ORAnalysis$\1276_MAODATA\Config\etch\AME\tbatson\Defects\BE\images\defects\AME403_PM4\260726_1629_D618155_735_SMP_8M6CL_7977_3.jpg,D1V,BPD432,AME403_PM4,SMALL_PARTICLE,0,,,,,,TB,8/9/2026,complete,indeterminate,none,high,partial,yes,no,no,no,no,no,yes,,,Small material defect straddles comparator boundary line but on the far left side of the image preventing further understanding of context local to the defect .,,,,,
BMK_0089,tune,factory_beep,14day_2632,8425354,7/26/2026 5:08,79115,8425354_20260726_050838_79115,260726_0258_D616470_009_BEEP_8M5CL_79115_2.jpg,260726_0258_D616470_009_BEEP_8M5CL_79115_3.jpg,\\orshfs.intel.com\ORAnalysis$\1276_MAODATA\Config\etch\AME\tbatson\Defects\BE\images\defects\AME417_PM3\260726_0258_D616470_009_BEEP_8M5CL_79115_2.jpg,\\orshfs.intel.com\ORAnalysis$\1276_MAODATA\Config\etch\AME\tbatson\Defects\BE\images\defects\AME417_PM3\260726_0258_D616470_009_BEEP_8M5CL_79115_3.jpg,D1V,BPD436,AME417_PM3,BEEP,1,,,,,,TB,8/9/2026,complete,possible_beep,strong,high,partial,yes,no,yes,yes,no,yes,yes,,,Large material defect straddles several line trenches with  Some comparator boundary lines present but contrast lightening within line trenches suggesting sunken residual.,,,,,
BMK_0090,tune,factory_beep,14day_2632,8593967,7/26/2026 0:57,245,8593967_20260726_005747_245,260725_2300_D620411_107_BEEP_8M6CL_245_2.jpg,260725_2300_D620411_107_BEEP_8M6CL_245_3.jpg,\\orshfs.intel.com\ORAnalysis$\1276_MAODATA\Config\etch\AME\tbatson\Defects\BE\images\defects\AME421_PM6\260725_2300_D620411_107_BEEP_8M6CL_245_2.jpg,\\orshfs.intel.com\ORAnalysis$\1276_MAODATA\Config\etch\AME\tbatson\Defects\BE\images\defects\AME421_PM6\260725_2300_D620411_107_BEEP_8M6CL_245_3.jpg,D1V,BPD432,AME421_PM6,BEEP,0,,,,,,TB,8/9/2026,complete,possible_beep,moderate,high,partial,no,yes,no,no,no,yes,yes,,, Particle sits near a comparator that has a very unique offset surface line protrusion .  Nearby line trench above the particle and blocked edge comparator has a trapezoidal shaped protrusion of the trench into the substrate.,,,,,
BMK_0091,eval,non_beep_control,14day_2632,8184642,7/25/2026 23:28,230222,8184642_20260725_232841_230222,260725_2155_D609924_031_SMP_8M5CL_230222_2.jpg,260725_2155_D609924_031_SMP_8M5CL_230222_3.jpg,\\orshfs.intel.com\ORAnalysis$\1276_MAODATA\Config\etch\AME\tbatson\Defects\BE\images\defects\AME421_PM4\260725_2155_D609924_031_SMP_8M5CL_230222_2.jpg,\\orshfs.intel.com\ORAnalysis$\1276_MAODATA\Config\etch\AME\tbatson\Defects\BE\images\defects\AME421_PM4\260725_2155_D609924_031_SMP_8M5CL_230222_3.jpg,D1V,BPD436,AME421_PM4,SMALL_PARTICLE,0,,,,,,TB,8/9/2026,complete,particle,none,high,partial,yes,no,no,no,no,yes,yes,,, Particle sits on top of a comparator that is determined only because very tiny ends of the comparator can be identified at the top and bottom of this particle. Had the particle been there pre etch it is highly unlikely these comparator signatures would have persisted .,,,,,
BMK_0092,tune,non_beep_control,14day_2632,8184745,7/25/2026 23:28,25188,8184745_20260725_232841_25188,260725_2127_D609924_036_SMP_8M5CL_25188_2.jpg,260725_2127_D609924_036_SMP_8M5CL_25188_3.jpg,\\orshfs.intel.com\ORAnalysis$\1276_MAODATA\Config\etch\AME\tbatson\Defects\BE\images\defects\AME421_PM4\260725_2127_D609924_036_SMP_8M5CL_25188_2.jpg,\\orshfs.intel.com\ORAnalysis$\1276_MAODATA\Config\etch\AME\tbatson\Defects\BE\images\defects\AME421_PM4\260725_2127_D609924_036_SMP_8M5CL_25188_3.jpg,D1V,BPD436,AME421_PM4,SMALL_PARTICLE,0,,,,,,TB,8/9/2026,complete,possible_beep,moderate,high,yes,no,no,no,yes,no,yes,yes,,, Particle abuts two comparators and shows strong comparator boundary line matching say for a very subtle protrusion of the particle into the right most comparator.,,,,,
BMK_0093,tune,non_beep_control,14day_2632,8184642,7/25/2026 23:28,34980,8184642_20260725_232841_34980,260725_2155_D609924_031_SMP_8M5CL_34980_2.jpg,260725_2155_D609924_031_SMP_8M5CL_34980_3.jpg,\\orshfs.intel.com\ORAnalysis$\1276_MAODATA\Config\etch\AME\tbatson\Defects\BE\images\defects\AME421_PM4\260725_2155_D609924_031_SMP_8M5CL_34980_2.jpg,\\orshfs.intel.com\ORAnalysis$\1276_MAODATA\Config\etch\AME\tbatson\Defects\BE\images\defects\AME421_PM4\260725_2155_D609924_031_SMP_8M5CL_34980_3.jpg,D1V,BPD436,AME421_PM4,SMALL_PARTICLE,0,,,,,,TB,8/9/2026,complete,particle,none,high,no,no,no,no,no,no,no,no,,,,,,,,
BMK_0094,tune,non_beep_control,14day_2632,8524333,7/25/2026 20:12,1863,8524333_20260725_201224_1863,260725_1813_D618205_046_SMP_8M5CL_1863_2.jpg,260725_1813_D618205_046_SMP_8M5CL_1863_3.jpg,\\orshfs.intel.com\ORAnalysis$\1276_MAODATA\Config\etch\AME\tbatson\Defects\BE\images\defects\AME427_PM5\260725_1813_D618205_046_SMP_8M5CL_1863_2.jpg,\\orshfs.intel.com\ORAnalysis$\1276_MAODATA\Config\etch\AME\tbatson\Defects\BE\images\defects\AME427_PM5\260725_1813_D618205_046_SMP_8M5CL_1863_3.jpg,D1V,BPD436,AME427_PM5,SMALL_PARTICLE,0,,,,,,TB,8/9/2026,complete,indeterminate,weak,high,no,no,no,no,no,yes,yes,yes,,,"Very subtle material defect, possibly 3 separate particles, sits entirely within sio substrate region.  Comparator half on right side of image might have an inset surface line but is Indeterminate because  No other comparators of this shape are present on the image .",,,,,
BMK_0095,tune,non_beep_control,14day_2632,8524321,7/25/2026 20:12,3295,8524321_20260725_201224_3295,260725_1813_D618205_025_SMP_8M5CL_3295_2.jpg,260725_1813_D618205_025_SMP_8M5CL_3295_3.jpg,\\orshfs.intel.com\ORAnalysis$\1276_MAODATA\Config\etch\AME\tbatson\Defects\BE\images\defects\AME427_PM6\260725_1813_D618205_025_SMP_8M5CL_3295_2.jpg,\\orshfs.intel.com\ORAnalysis$\1276_MAODATA\Config\etch\AME\tbatson\Defects\BE\images\defects\AME427_PM6\260725_1813_D618205_025_SMP_8M5CL_3295_3.jpg,D1V,BPD436,AME427_PM6,SMALL_PARTICLE,0,,,,,,TB,8/9/2026,complete,possible_beep,strong,high,yes,no,no,no,yes,no,yes,yes,,, Material defect shares a highly unlikely-post etch     Inset rounded corner that perfectly matches rounded corner of comparator . ,,,,,
BMK_0096,tune,factory_beep,14day_2632,8524357,7/25/2026 20:12,4129,8524357_20260725_201224_4129,260725_1802_D618205_005_BEEP_8M5CL_4129_2.jpg,260725_1802_D618205_005_BEEP_8M5CL_4129_3.jpg,\\orshfs.intel.com\ORAnalysis$\1276_MAODATA\Config\etch\AME\tbatson\Defects\BE\images\defects\AME427_PM6\260725_1802_D618205_005_BEEP_8M5CL_4129_2.jpg,\\orshfs.intel.com\ORAnalysis$\1276_MAODATA\Config\etch\AME\tbatson\Defects\BE\images\defects\AME427_PM6\260725_1802_D618205_005_BEEP_8M5CL_4129_3.jpg,D1V,BPD436,AME427_PM6,BEEP,37,,,,,,TB,8/9/2026,complete,possible_beep,strong,high,partial,no,yes,no,yes,no,no,no,,,,,,,,
BMK_0097,tune,non_beep_control,14day_2632,8434594,7/25/2026 15:11,124,8434594_20260725_151132_124,260725_1423_D616507_160_SMP_8M5CL_124_2.jpg,260725_1423_D616507_160_SMP_8M5CL_124_3.jpg,\\orshfs.intel.com\ORAnalysis$\1276_MAODATA\Config\etch\AME\tbatson\Defects\BE\images\defects\AME421_PM6\260725_1423_D616507_160_SMP_8M5CL_124_2.jpg,\\orshfs.intel.com\ORAnalysis$\1276_MAODATA\Config\etch\AME\tbatson\Defects\BE\images\defects\AME421_PM6\260725_1423_D616507_160_SMP_8M5CL_124_3.jpg,D1V,BPD436,AME421_PM6,SMALL_PARTICLE,0,,,,,,TB,8/9/2026,complete,particle,none,medium,yes,yes,no,no,no,no,yes,yes,,,Particle sits on regular array of line trenches but is generally too small and with irregular markings to confirm any blocked etch evidence .,,,,,
BMK_0098,tune,non_beep_control,14day_2632,8509986,7/25/2026 2:21,8592,8509986_20260725_022120_8592,260725_0052_D618155_631_SMP_8M5CL_8592_2.jpg,260725_0052_D618155_631_SMP_8M5CL_8592_3.jpg,\\orshfs.intel.com\ORAnalysis$\1276_MAODATA\Config\etch\AME\tbatson\Defects\BE\images\defects\AME401_PM1\260725_0052_D618155_631_SMP_8M5CL_8592_2.jpg,\\orshfs.intel.com\ORAnalysis$\1276_MAODATA\Config\etch\AME\tbatson\Defects\BE\images\defects\AME401_PM1\260725_0052_D618155_631_SMP_8M5CL_8592_3.jpg,D1V,BPD458,AME401_PM1,SMALL_PARTICLE,,,,,,,TB,8/9/2026,complete,possible_beep,moderate,medium,yes,yes,yes,yes,yes,no,yes,yes,,," Largely spherical particle sits a Mesa and occludes adjacent line trenches. Subtle slivers of offset surface lines are present on top left and top right of particle, Brightfield image shows extension of comparator boundary lines through the particle, and slight sunken residual material is suggested by contrast lightening within trench on left side of the sphere.",,,,,
BMK_0099,tune,non_beep_control,14day_2632,8472684,7/25/2026 0:04,333,8472684_20260725_000442_333,260724_1740_D617601_340_SMP_8M6CL_333_2.jpg,260724_1740_D617601_340_SMP_8M6CL_333_3.jpg,\\orshfs.intel.com\ORAnalysis$\1276_MAODATA\Config\etch\AME\tbatson\Defects\BE\images\defects\AME417_PM6\260724_1740_D617601_340_SMP_8M6CL_333_2.jpg,\\orshfs.intel.com\ORAnalysis$\1276_MAODATA\Config\etch\AME\tbatson\Defects\BE\images\defects\AME417_PM6\260724_1740_D617601_340_SMP_8M6CL_333_3.jpg,D1V,BPD436,AME417_PM6,SMALL_PARTICLE,0,,,,,,TB,8/9/2026,complete,possible_beep,strong,high,partial,yes,no,yes,yes,no,no,yes,,,Comparator boundary lines are clear especially when comparing both brightfield and darkfield images .,,,,,
BMK_0100,tune,non_beep_control,14day_2632,8472684,7/25/2026 0:04,363,8472684_20260725_000442_363,260724_1740_D617601_340_SMP_8M6CL_363_2.jpg,260724_1740_D617601_340_SMP_8M6CL_363_3.jpg,\\orshfs.intel.com\ORAnalysis$\1276_MAODATA\Config\etch\AME\tbatson\Defects\BE\images\defects\AME417_PM6\260724_1740_D617601_340_SMP_8M6CL_363_2.jpg,\\orshfs.intel.com\ORAnalysis$\1276_MAODATA\Config\etch\AME\tbatson\Defects\BE\images\defects\AME417_PM6\260724_1740_D617601_340_SMP_8M6CL_363_3.jpg,D1V,BPD436,AME417_PM6,SMALL_PARTICLE,0,,,,,,TB,8/9/2026,complete,particle,weak,medium,yes,yes,no,no,yes,no,yes,yes,,, An angular vertex of the particle protrudes into a comparator but the protrusion is slight and the comparator boundary line is faint . The protruded region Is difficult to determine whether it is sunken residual material or an SiO-level extension of the material defect.,,,,,
BMK_0101,tune,factory_beep,14day_2632,8415779,7/24/2026 16:03,6,8415779_20260724_160312_6,260724_1434_D615447_040_BEEP_8M6CL_6_2.jpg,260724_1434_D615447_040_BEEP_8M6CL_6_3.jpg,\\orshfs.intel.com\ORAnalysis$\1276_MAODATA\Config\etch\AME\tbatson\Defects\BE\images\defects\AME409_PM3\260724_1434_D615447_040_BEEP_8M6CL_6_2.jpg,\\orshfs.intel.com\ORAnalysis$\1276_MAODATA\Config\etch\AME\tbatson\Defects\BE\images\defects\AME409_PM3\260724_1434_D615447_040_BEEP_8M6CL_6_3.jpg,D1V,BPD446,AME409_PM3,BEEP,0,,,,,,TB,8/9/2026,complete,possible_beep,strong,high,partial,yes,yes,no,yes,no,no,no,,,,,,,,
BMK_0102,tune,non_beep_control,14day_2632,8466218,7/23/2026 19:47,6781,8466218_20260723_194738_6781,260723_1151_D617108_206_SMP_8M5CL_6781_2.jpg,260723_1151_D617108_206_SMP_8M5CL_6781_3.jpg,\\orshfs.intel.com\ORAnalysis$\1276_MAODATA\Config\etch\AME\tbatson\Defects\BE\images\defects\AME403_PM6\260723_1151_D617108_206_SMP_8M5CL_6781_2.jpg,\\orshfs.intel.com\ORAnalysis$\1276_MAODATA\Config\etch\AME\tbatson\Defects\BE\images\defects\AME403_PM6\260723_1151_D617108_206_SMP_8M5CL_6781_3.jpg,D1V,BPD436,AME403_PM6,SMALL_PARTICLE,,,,,,,TB,8/9/2026,complete,possible_beep,strong,high,partial,no,yes,yes,yes,no,no,no,,,,,,,,
BMK_0103,tune,non_beep_control,14day_2632,8421419,7/23/2026 18:23,3400,8421419_20260723_182351_3400,260723_0838_D615973_245_SMP_8M6CL_3400_2.jpg,260723_0838_D615973_245_SMP_8M6CL_3400_3.jpg,\\orshfs.intel.com\ORAnalysis$\1276_MAODATA\Config\etch\AME\tbatson\Defects\BE\images\defects\AME403_PM1\260723_0838_D615973_245_SMP_8M6CL_3400_2.jpg,\\orshfs.intel.com\ORAnalysis$\1276_MAODATA\Config\etch\AME\tbatson\Defects\BE\images\defects\AME403_PM1\260723_0838_D615973_245_SMP_8M6CL_3400_3.jpg,D1V,BPD458,AME403_PM1,SMALL_PARTICLE,,,,,,,TB,8/9/2026,complete,particle,weak,medium,yes,yes,no,no,no,no,no,no,,,,,,,,
BMK_0104,tune,non_beep_control,14day_2632,9004285,7/23/2026 6:07,50255,9004285_20260723_060744_50255,260723_0259_D615973_542_SMP_8M6CL_50255_2.jpg,260723_0259_D615973_542_SMP_8M6CL_50255_3.jpg,\\orshfs.intel.com\ORAnalysis$\1276_MAODATA\Config\etch\AME\tbatson\Defects\BE\images\defects\AME401_PM2\260723_0259_D615973_542_SMP_8M6CL_50255_2.jpg,\\orshfs.intel.com\ORAnalysis$\1276_MAODATA\Config\etch\AME\tbatson\Defects\BE\images\defects\AME401_PM2\260723_0259_D615973_542_SMP_8M6CL_50255_3.jpg,D1V,BPD448,AME401_PM2,SMALL_PARTICLE,,,,,,,TB,8/9/2026,complete,particle,none,high,yes,yes,no,no,no,no,no,no,,,,,,,,
BMK_0105,tune,non_beep_control,14day_2632,8480278,7/23/2026 1:46,2288,8480278_20260723_014645_2288,260722_1850_D617623_139_SMP_8M5CL_2288_2.jpg,260722_1850_D617623_139_SMP_8M5CL_2288_3.jpg,\\orshfs.intel.com\ORAnalysis$\1276_MAODATA\Config\etch\AME\tbatson\Defects\BE\images\defects\AME421_PM4\260722_1850_D617623_139_SMP_8M5CL_2288_2.jpg,\\orshfs.intel.com\ORAnalysis$\1276_MAODATA\Config\etch\AME\tbatson\Defects\BE\images\defects\AME421_PM4\260722_1850_D617623_139_SMP_8M5CL_2288_3.jpg,D1V,BPD446,AME421_PM4,SMALL_PARTICLE,,,,,,,TB,8/9/2026,complete,particle,none,medium,partial,no,no,no,no,no,no,no,,,,,,,,
BMK_0106,tune,factory_beep,14day_2632,8480278,7/23/2026 1:46,5749,8480278_20260723_014645_5749,260722_1850_D617623_139_BEEP_8M5CL_5749_2.jpg,260722_1850_D617623_139_BEEP_8M5CL_5749_3.jpg,\\orshfs.intel.com\ORAnalysis$\1276_MAODATA\Config\etch\AME\tbatson\Defects\BE\images\defects\AME421_PM4\260722_1850_D617623_139_BEEP_8M5CL_5749_2.jpg,\\orshfs.intel.com\ORAnalysis$\1276_MAODATA\Config\etch\AME\tbatson\Defects\BE\images\defects\AME421_PM4\260722_1850_D617623_139_BEEP_8M5CL_5749_3.jpg,D1V,BPD446,AME421_PM4,BEEP,,,,,,,TB,8/9/2026,complete,possible_beep,moderate,high,yes,no,yes,no,no,no,yes,yes,,, Offset surface lines surrounding the particle which occludes a comparator or subtle but distinct at the same time. The bottom portion of the offset surface shows texture Max matching the SIO substrate in the dark field image and align contrast on the upper portion in the same dark field image signifies the offset surface there as well .,,,,,
BMK_0107,tune,non_beep_control,14day_2632,8385680,7/23/2026 0:54,555,8385680_20260723_005409_555,260722_1926_D615291_011_SMP_8M6CL_555_2.jpg,260722_1926_D615291_011_SMP_8M6CL_555_3.jpg,\\orshfs.intel.com\ORAnalysis$\1276_MAODATA\Config\etch\AME\tbatson\Defects\BE\images\defects\AME421_PM1\260722_1926_D615291_011_SMP_8M6CL_555_2.jpg,\\orshfs.intel.com\ORAnalysis$\1276_MAODATA\Config\etch\AME\tbatson\Defects\BE\images\defects\AME421_PM1\260722_1926_D615291_011_SMP_8M6CL_555_3.jpg,D1V,BPD448,AME421_PM1,SMALL_PARTICLE,,,,,,,TB,8/9/2026,complete,particle,none,high,yes,yes,no,no,no,no,no,no,,,,,,,,
BMK_0108,tune,non_beep_control,14day_2632,8385680,7/23/2026 0:54,837,8385680_20260723_005409_837,260722_1926_D615291_011_SMP_8M6CL_837_2.jpg,260722_1926_D615291_011_SMP_8M6CL_837_3.jpg,\\orshfs.intel.com\ORAnalysis$\1276_MAODATA\Config\etch\AME\tbatson\Defects\BE\images\defects\AME421_PM1\260722_1926_D615291_011_SMP_8M6CL_837_2.jpg,\\orshfs.intel.com\ORAnalysis$\1276_MAODATA\Config\etch\AME\tbatson\Defects\BE\images\defects\AME421_PM1\260722_1926_D615291_011_SMP_8M6CL_837_3.jpg,D1V,BPD448,AME421_PM1,SMALL_PARTICLE,,,,,,,TB,8/9/2026,complete,possible_beep,strong,high,yes,no,yes,no,yes,no,yes,yes,,,  Chunky particle drives extension of the SIO substrate into the upper comparator column while the Right side of the chunky particle shows compared to boundary line matching.,,,,,
BMK_0109,tune,factory_beep,14day_2632,8385591,7/23/2026 0:54,883,8385591_20260723_005409_883,260722_1922_D615291_009_BEEP_8M6CL_883_2.jpg,260722_1922_D615291_009_BEEP_8M6CL_883_3.jpg,\\orshfs.intel.com\ORAnalysis$\1276_MAODATA\Config\etch\AME\tbatson\Defects\BE\images\defects\AME421_PM1\260722_1922_D615291_009_BEEP_8M6CL_883_2.jpg,\\orshfs.intel.com\ORAnalysis$\1276_MAODATA\Config\etch\AME\tbatson\Defects\BE\images\defects\AME421_PM1\260722_1922_D615291_009_BEEP_8M6CL_883_3.jpg,D1V,BPD448,AME421_PM1,BEEP,,,,,,,TB,8/9/2026,complete,possible_beep,strong,high,partial,yes,yes,yes,no,no,yes,yes,,,    A slightly bent rectangular particle sits on a couple of line trenches where sunken residual might be occurring on the bottom side but more prominent of blocked edge evidence is seen on the top side where the sio substrate extends into a line trench .,,,,,
BMK_0110,tune,non_beep_control,14day_2632,8385677,7/23/2026 0:54,1075,8385677_20260723_005409_1075,260722_1910_D615291_025_SMP_8M6CL_1075_2.jpg,260722_1910_D615291_025_SMP_8M6CL_1075_3.jpg,\\orshfs.intel.com\ORAnalysis$\1276_MAODATA\Config\etch\AME\tbatson\Defects\BE\images\defects\AME421_PM2\260722_1910_D615291_025_SMP_8M6CL_1075_2.jpg,\\orshfs.intel.com\ORAnalysis$\1276_MAODATA\Config\etch\AME\tbatson\Defects\BE\images\defects\AME421_PM2\260722_1910_D615291_025_SMP_8M6CL_1075_3.jpg,D1V,BPD448,AME421_PM2,SMALL_PARTICLE,,,,,,,TB,8/9/2026,complete,possible_beep,moderate,medium,yes,yes,yes,yes,no,no,yes,yes,,, Upper left side of this particle which straddles a comparator shows and offset substrate surface line.,,,,,
BMK_0111,tune,factory_beep,14day_2632,8415731,7/22/2026 23:37,1557,8415731_20260722_233743_1557,260722_1704_D615447_080_SMP_8M5CL_1557_2.jpg,260722_1704_D615447_080_SMP_8M5CL_1557_3.jpg,\\orshfs.intel.com\ORAnalysis$\1276_MAODATA\Config\etch\AME\tbatson\Defects\BE\images\defects\AME409_PM3\260722_1704_D615447_080_SMP_8M5CL_1557_2.jpg,\\orshfs.intel.com\ORAnalysis$\1276_MAODATA\Config\etch\AME\tbatson\Defects\BE\images\defects\AME409_PM3\260722_1704_D615447_080_SMP_8M5CL_1557_3.jpg,D1V,BPD436,AME409_PM3,BEEP,,,,,,,TB,8/9/2026,complete,possible_beep,strong,high,yes,no,yes,no,no,no,yes,yes,,,Layered particle It shows a distinct offset surface line protruding into comparators,,,,,
BMK_0112,tune,factory_beep,14day_2632,8415779,7/22/2026 23:37,2705,8415779_20260722_233743_2705,260722_1718_D615447_040_BEEP_8M5CL_2705_2.jpg,260722_1718_D615447_040_BEEP_8M5CL_2705_3.jpg,\\orshfs.intel.com\ORAnalysis$\1276_MAODATA\Config\etch\AME\tbatson\Defects\BE\images\defects\AME409_PM3\260722_1718_D615447_040_BEEP_8M5CL_2705_2.jpg,\\orshfs.intel.com\ORAnalysis$\1276_MAODATA\Config\etch\AME\tbatson\Defects\BE\images\defects\AME409_PM3\260722_1718_D615447_040_BEEP_8M5CL_2705_3.jpg,D1V,BPD436,AME409_PM3,BEEP,,,,,,,TB,8/9/2026,complete,possible_beep,strong,high,yes,no,yes,yes,yes,yes,no,yes,,,  A secondary separated material defect can also be seen in upper central portion of image consisting of  sunken residual continuity.  Primary material defect shows strong pre-etch evidence too.  ,,,,,
BMK_0113,eval,factory_beep,14day_2632,8415779,7/22/2026 23:37,3054,8415779_20260722_233743_3054,260722_1718_D615447_040_BEEP_8M5CL_3054_2.jpg,260722_1718_D615447_040_BEEP_8M5CL_3054_3.jpg,\\orshfs.intel.com\ORAnalysis$\1276_MAODATA\Config\etch\AME\tbatson\Defects\BE\images\defects\AME409_PM3\260722_1718_D615447_040_BEEP_8M5CL_3054_2.jpg,\\orshfs.intel.com\ORAnalysis$\1276_MAODATA\Config\etch\AME\tbatson\Defects\BE\images\defects\AME409_PM3\260722_1718_D615447_040_BEEP_8M5CL_3054_3.jpg,D1V,BPD436,AME409_PM3,BEEP,,,,,,,TB,8/9/2026,complete,possible_beep,moderate,medium,yes,no,yes,yes,yes,no,no,yes,,,Material sitting on line trench Mesa extends into adjacent trenches with contrast darkening on the left side suggesting sunken residual and contrast on the right matching the Mesa in the dark field image but brighten contrast in the brightfield image.Boundary lines on the Mesa material are slightly offset in the dark field image but look to match a little more closely in the bright field image .,,,,,
BMK_0114,tune,non_beep_control,14day_2632,8415779,7/22/2026 23:37,4502,8415779_20260722_233743_4502,260722_1718_D615447_040_SMP_8M5CL_4502_2.jpg,260722_1718_D615447_040_SMP_8M5CL_4502_3.jpg,\\orshfs.intel.com\ORAnalysis$\1276_MAODATA\Config\etch\AME\tbatson\Defects\BE\images\defects\AME409_PM3\260722_1718_D615447_040_SMP_8M5CL_4502_2.jpg,\\orshfs.intel.com\ORAnalysis$\1276_MAODATA\Config\etch\AME\tbatson\Defects\BE\images\defects\AME409_PM3\260722_1718_D615447_040_SMP_8M5CL_4502_3.jpg,D1V,BPD436,AME409_PM3,SMALL_PARTICLE,,,,,,,TB,8/9/2026,complete,indeterminate,moderate,medium,partial,yes,no,no,yes,no,yes,yes,,,   Material defect right side shares about 50% of this side boundary matching the line trench boundary line with the middle portion protruding ever so slightly into the line trench .,,,,,
BMK_0115,tune,factory_beep,14day_2632,8978714,7/22/2026 11:14,2972,8978714_20260722_111419_2972,260722_0946_D613153_191_BEEP_8M6CL_2972_2.jpg,260722_0946_D613153_191_BEEP_8M6CL_2972_3.jpg,\\orshfs.intel.com\ORAnalysis$\1276_MAODATA\Config\etch\AME\tbatson\Defects\BE\images\defects\AME427_PM3\260722_0946_D613153_191_BEEP_8M6CL_2972_2.jpg,\\orshfs.intel.com\ORAnalysis$\1276_MAODATA\Config\etch\AME\tbatson\Defects\BE\images\defects\AME427_PM3\260722_0946_D613153_191_BEEP_8M6CL_2972_3.jpg,D1V,BPD446,AME427_PM3,BEEP,,,,,,,TB,8/9/2026,complete,particle,weak,low,yes,yes,yes,no,no,no,yes,yes,,,Material sitting entirely within a comparator shows contrast and texture closely matching the SIO substrate raising question as to whether it is a particle sitting inside the feature or is what was left from a blocked etch .,,,,,
BMK_0116,tune,non_beep_control,14day_2632,8978714,7/22/2026 11:14,3015,8978714_20260722_111419_3015,260722_0946_D613153_191_SMP_8M6CL_3015_2.jpg,260722_0946_D613153_191_SMP_8M6CL_3015_3.jpg,\\orshfs.intel.com\ORAnalysis$\1276_MAODATA\Config\etch\AME\tbatson\Defects\BE\images\defects\AME427_PM3\260722_0946_D613153_191_SMP_8M6CL_3015_2.jpg,\\orshfs.intel.com\ORAnalysis$\1276_MAODATA\Config\etch\AME\tbatson\Defects\BE\images\defects\AME427_PM3\260722_0946_D613153_191_SMP_8M6CL_3015_3.jpg,D1V,BPD446,AME427_PM3,SMALL_PARTICLE,,,,,,,TB,8/9/2026,complete,possible_beep,moderate,high,partial,no,yes,no,no,no,yes,yes,,, SIO substrate without occluding any featurs  But is near A feature that appears to be 1/3 the size of the next smallest features in the image   With the left side of the feature showing convex curvature and the right side showing concave curvature meeting sharp points suggesting an offset surface line .,,,,,
BMK_0117,tune,factory_beep,14day_2632,8978714,7/22/2026 11:14,3230,8978714_20260722_111419_3230,260722_0946_D613153_191_BEEP_8M6CL_3230_2.jpg,260722_0946_D613153_191_BEEP_8M6CL_3230_3.jpg,\\orshfs.intel.com\ORAnalysis$\1276_MAODATA\Config\etch\AME\tbatson\Defects\BE\images\defects\AME427_PM3\260722_0946_D613153_191_BEEP_8M6CL_3230_2.jpg,\\orshfs.intel.com\ORAnalysis$\1276_MAODATA\Config\etch\AME\tbatson\Defects\BE\images\defects\AME427_PM3\260722_0946_D613153_191_BEEP_8M6CL_3230_3.jpg,D1V,BPD446,AME427_PM3,BEEP,,,,,,,TB,8/9/2026,complete,possible_beep,strong,high,yes,no,yes,no,no,no,no,no,,,,,,,,
BMK_0118,tune,non_beep_control,14day_2632,8978714,7/22/2026 11:14,337,8978714_20260722_111419_337,260722_0946_D613153_191_SMP_8M6CL_337_2.jpg,260722_0946_D613153_191_SMP_8M6CL_337_3.jpg,\\orshfs.intel.com\ORAnalysis$\1276_MAODATA\Config\etch\AME\tbatson\Defects\BE\images\defects\AME427_PM3\260722_0946_D613153_191_SMP_8M6CL_337_2.jpg,\\orshfs.intel.com\ORAnalysis$\1276_MAODATA\Config\etch\AME\tbatson\Defects\BE\images\defects\AME427_PM3\260722_0946_D613153_191_SMP_8M6CL_337_3.jpg,D1V,BPD446,AME427_PM3,SMALL_PARTICLE,,,,,,,TB,8/9/2026,complete,possible_beep,moderate,medium,partial,yes,no,yes,yes,no,yes,yes,,,A layered particle sits on line trenches showing subtle comparator boundary lines and sunken residual discontinuity in addition to some residual material on the substrate on top portion that it connects to that shows a sharp comparator boundary line .,,,,,
BMK_0119,eval,factory_beep,14day_2632,8978714,7/22/2026 11:14,3491,8978714_20260722_111419_3491,260722_0946_D613153_191_BEEP_8M6CL_3491_2.jpg,260722_0946_D613153_191_BEEP_8M6CL_3491_3.jpg,\\orshfs.intel.com\ORAnalysis$\1276_MAODATA\Config\etch\AME\tbatson\Defects\BE\images\defects\AME427_PM3\260722_0946_D613153_191_BEEP_8M6CL_3491_2.jpg,\\orshfs.intel.com\ORAnalysis$\1276_MAODATA\Config\etch\AME\tbatson\Defects\BE\images\defects\AME427_PM3\260722_0946_D613153_191_BEEP_8M6CL_3491_3.jpg,D1V,BPD446,AME427_PM3,BEEP,,,,,,,TB,8/9/2026,complete,possible_beep,strong,high,yes,no,yes,no,no,no,no,no,,,,,,,,
BMK_0120,tune,factory_beep,14day_2632,8978714,7/22/2026 11:14,3493,8978714_20260722_111419_3493,260722_0946_D613153_191_BEEP_8M6CL_3493_2.jpg,260722_0946_D613153_191_BEEP_8M6CL_3493_3.jpg,\\orshfs.intel.com\ORAnalysis$\1276_MAODATA\Config\etch\AME\tbatson\Defects\BE\images\defects\AME427_PM3\260722_0946_D613153_191_BEEP_8M6CL_3493_2.jpg,\\orshfs.intel.com\ORAnalysis$\1276_MAODATA\Config\etch\AME\tbatson\Defects\BE\images\defects\AME427_PM3\260722_0946_D613153_191_BEEP_8M6CL_3493_3.jpg,D1V,BPD446,AME427_PM3,BEEP,,,,,,,TB,8/9/2026,complete,possible_beep,strong,high,yes,no,yes,no,yes,no,no,yes,,,Bottom left corner of the material defect shows a boundary matching the expected comparator boundary line .,,,,,
BMK_0121,eval,factory_beep,14day_2632,8978714,7/22/2026 11:14,3540,8978714_20260722_111419_3540,260722_0946_D613153_191_BEEP_8M6CL_3540_2.jpg,260722_0946_D613153_191_BEEP_8M6CL_3540_3.jpg,\\orshfs.intel.com\ORAnalysis$\1276_MAODATA\Config\etch\AME\tbatson\Defects\BE\images\defects\AME427_PM3\260722_0946_D613153_191_BEEP_8M6CL_3540_2.jpg,\\orshfs.intel.com\ORAnalysis$\1276_MAODATA\Config\etch\AME\tbatson\Defects\BE\images\defects\AME427_PM3\260722_0946_D613153_191_BEEP_8M6CL_3540_3.jpg,D1V,BPD446,AME427_PM3,BEEP,,,,,,,TB,8/9/2026,complete,possible_beep,strong,high,partial,no,yes,no,no,no,no,no,,,,,,,,
BMK_0122,tune,factory_beep,14day_2632,8978714,7/22/2026 11:14,3881,8978714_20260722_111419_3881,260722_0946_D613153_191_BEEP_8M6CL_3881_2.jpg,260722_0946_D613153_191_BEEP_8M6CL_3881_3.jpg,\\orshfs.intel.com\ORAnalysis$\1276_MAODATA\Config\etch\AME\tbatson\Defects\BE\images\defects\AME427_PM3\260722_0946_D613153_191_BEEP_8M6CL_3881_2.jpg,\\orshfs.intel.com\ORAnalysis$\1276_MAODATA\Config\etch\AME\tbatson\Defects\BE\images\defects\AME427_PM3\260722_0946_D613153_191_BEEP_8M6CL_3881_3.jpg,D1V,BPD446,AME427_PM3,BEEP,,,,,,,TB,8/9/2026,complete,possible_beep,strong,high,partial,no,yes,no,no,no,no,yes,,,  Concave surface offset protrudes into comparator adjacent to remaining material defect .,,,,,
BMK_0123,tune,non_beep_control,14day_2632,8978714,7/22/2026 11:14,4239,8978714_20260722_111419_4239,260722_0946_D613153_191_SMP_8M6CL_4239_2.jpg,260722_0946_D613153_191_SMP_8M6CL_4239_3.jpg,\\orshfs.intel.com\ORAnalysis$\1276_MAODATA\Config\etch\AME\tbatson\Defects\BE\images\defects\AME427_PM3\260722_0946_D613153_191_SMP_8M6CL_4239_2.jpg,\\orshfs.intel.com\ORAnalysis$\1276_MAODATA\Config\etch\AME\tbatson\Defects\BE\images\defects\AME427_PM3\260722_0946_D613153_191_SMP_8M6CL_4239_3.jpg,D1V,BPD446,AME427_PM3,SMALL_PARTICLE,,,,,,,TB,8/9/2026,complete,particle,none,medium,yes,yes,no,no,no,no,no,no,,,,,,,,
BMK_0124,tune,non_beep_control,14day_2632,8979112,7/22/2026 10:00,16092,8979112_20260722_100053_16092,260722_0918_D614177_062_SMP_8M6CL_16092_2.jpg,260722_0918_D614177_062_SMP_8M6CL_16092_3.jpg,\\orshfs.intel.com\ORAnalysis$\1276_MAODATA\Config\etch\AME\tbatson\Defects\BE\images\defects\AME421_PM6\260722_0918_D614177_062_SMP_8M6CL_16092_2.jpg,\\orshfs.intel.com\ORAnalysis$\1276_MAODATA\Config\etch\AME\tbatson\Defects\BE\images\defects\AME421_PM6\260722_0918_D614177_062_SMP_8M6CL_16092_3.jpg,D1V,BPD432,AME421_PM6,SMALL_PARTICLE,,,,,,,TB,8/9/2026,complete,particle,none,medium,partial,yes,no,no,no,no,no,no,,,,,,,,
BMK_0125,tune,factory_beep,14day_2632,8979112,7/22/2026 10:00,2043,8979112_20260722_100053_2043,260722_0918_D614177_062_BEEP_8M6CL_2043_2.jpg,260722_0918_D614177_062_BEEP_8M6CL_2043_3.jpg,\\orshfs.intel.com\ORAnalysis$\1276_MAODATA\Config\etch\AME\tbatson\Defects\BE\images\defects\AME421_PM6\260722_0918_D614177_062_BEEP_8M6CL_2043_2.jpg,\\orshfs.intel.com\ORAnalysis$\1276_MAODATA\Config\etch\AME\tbatson\Defects\BE\images\defects\AME421_PM6\260722_0918_D614177_062_BEEP_8M6CL_2043_3.jpg,D1V,BPD432,AME421_PM6,BEEP,,,,,,,TB,8/9/2026,complete,possible_beep,strong,high,yes,no,no,yes,yes,yes,no,no,,,,,,,,
BMK_0126,tune,non_beep_control,14day_2632,,7/22/2026 9:46,3230,_20260722_094600_3230,260722_0946_D613153_191_SMP_8M6CL_3230_2.jpg,260722_0946_D613153_191_SMP_8M6CL_3230_3.jpg,\\orshfs.intel.com\ORAnalysis$\1276_MAODATA\Config\etch\AME\tbatson\Defects\BE\images\defects\AME427_PM3\260722_0946_D613153_191_SMP_8M6CL_3230_2.jpg,\\orshfs.intel.com\ORAnalysis$\1276_MAODATA\Config\etch\AME\tbatson\Defects\BE\images\defects\AME427_PM3\260722_0946_D613153_191_SMP_8M6CL_3230_3.jpg,,BPD446,AME427_PM3,SMALL_PARTICLE,,,,,,,TB,8/9/2026,complete,possible_beep,strong,high,yes,no,yes,no,no,no,no,no,,,,,,,,
BMK_0127,eval,non_beep_control,14day_2632,,7/22/2026 9:46,3493,_20260722_094600_3493,260722_0946_D613153_191_SMP_8M6CL_3493_2.jpg,260722_0946_D613153_191_SMP_8M6CL_3493_3.jpg,\\orshfs.intel.com\ORAnalysis$\1276_MAODATA\Config\etch\AME\tbatson\Defects\BE\images\defects\AME427_PM3\260722_0946_D613153_191_SMP_8M6CL_3493_2.jpg,\\orshfs.intel.com\ORAnalysis$\1276_MAODATA\Config\etch\AME\tbatson\Defects\BE\images\defects\AME427_PM3\260722_0946_D613153_191_SMP_8M6CL_3493_3.jpg,,BPD446,AME427_PM3,SMALL_PARTICLE,,,,,,,TB,8/9/2026,complete,possible_beep,strong,high,yes,no,yes,no,yes,no,no,yes,,,Bottom left corner of the material defect shows a boundary matching the expected comparator boundary line .,,,,,
BMK_0128,eval,non_beep_control,14day_2632,,7/22/2026 9:18,16092,_20260722_091800_16092,260722_0918_D614177_062_BEEP_8M6CL_16092_2.jpg,260722_0918_D614177_062_BEEP_8M6CL_16092_3.jpg,\\orshfs.intel.com\ORAnalysis$\1276_MAODATA\Config\etch\AME\tbatson\Defects\BE\images\defects\AME421_PM6\260722_0918_D614177_062_BEEP_8M6CL_16092_2.jpg,\\orshfs.intel.com\ORAnalysis$\1276_MAODATA\Config\etch\AME\tbatson\Defects\BE\images\defects\AME421_PM6\260722_0918_D614177_062_BEEP_8M6CL_16092_3.jpg,,BPD432,AME421_PM6,SMALL_PARTICLE,,,,,,,TB,8/9/2026,complete,particle,none,medium,partial,yes,no,no,no,no,no,no,,,,,,,,
BMK_0129,eval,non_beep_control,14day_2632,8429592,7/22/2026 8:24,1,8429592_20260722_082442_1,260722_0630_D616500_012_SMP_8M6CL_1_2.jpg,260722_0630_D616500_012_SMP_8M6CL_1_3.jpg,\\orshfs.intel.com\ORAnalysis$\1276_MAODATA\Config\etch\AME\tbatson\Defects\BE\images\defects\AME423_PM4\260722_0630_D616500_012_SMP_8M6CL_1_2.jpg,\\orshfs.intel.com\ORAnalysis$\1276_MAODATA\Config\etch\AME\tbatson\Defects\BE\images\defects\AME423_PM4\260722_0630_D616500_012_SMP_8M6CL_1_3.jpg,D1V,BPD442,AME423_PM4,SMALL_PARTICLE,,,,,,,TB,8/9/2026,complete,particle,weak,medium,partial,yes,yes,no,yes,no,yes,yes,,,,,,,,
BMK_0130,tune,factory_beep,14day_2632,8429461,7/22/2026 8:24,10,8429461_20260722_082442_10,260722_0641_D616500_038_BEEP_8M6CL_10_2.jpg,260722_0641_D616500_038_BEEP_8M6CL_10_3.jpg,\\orshfs.intel.com\ORAnalysis$\1276_MAODATA\Config\etch\AME\tbatson\Defects\BE\images\defects\AME423_PM4\260722_0641_D616500_038_BEEP_8M6CL_10_2.jpg,\\orshfs.intel.com\ORAnalysis$\1276_MAODATA\Config\etch\AME\tbatson\Defects\BE\images\defects\AME423_PM4\260722_0641_D616500_038_BEEP_8M6CL_10_3.jpg,D1V,BPD442,AME423_PM4,BEEP,,,,,,,TB,8/9/2026,complete,possible_beep,strong,high,yes,no,no,yes,yes,no,no,no,,,,,,,,
BMK_0131,eval,factory_beep,14day_2632,8429461,7/22/2026 8:24,17,8429461_20260722_082442_17,260722_0641_D616500_038_BEEP_8M6CL_17_2.jpg,260722_0641_D616500_038_BEEP_8M6CL_17_3.jpg,\\orshfs.intel.com\ORAnalysis$\1276_MAODATA\Config\etch\AME\tbatson\Defects\BE\images\defects\AME423_PM4\260722_0641_D616500_038_BEEP_8M6CL_17_2.jpg,\\orshfs.intel.com\ORAnalysis$\1276_MAODATA\Config\etch\AME\tbatson\Defects\BE\images\defects\AME423_PM4\260722_0641_D616500_038_BEEP_8M6CL_17_3.jpg,D1V,BPD442,AME423_PM4,BEEP,,,,,,,TB,8/9/2026,complete,possible_beep,strong,high,partial,no,yes,no,yes,no,no,no,,,,,,,,
BMK_0132,tune,non_beep_control,14day_2632,8429472,7/22/2026 8:24,467,8429472_20260722_082442_467,260722_0554_D616500_039_SMP_8M6CL_467_2.jpg,260722_0554_D616500_039_SMP_8M6CL_467_3.jpg,\\orshfs.intel.com\ORAnalysis$\1276_MAODATA\Config\etch\AME\tbatson\Defects\BE\images\defects\AME423_PM4\260722_0554_D616500_039_SMP_8M6CL_467_2.jpg,\\orshfs.intel.com\ORAnalysis$\1276_MAODATA\Config\etch\AME\tbatson\Defects\BE\images\defects\AME423_PM4\260722_0554_D616500_039_SMP_8M6CL_467_3.jpg,D1V,BPD442,AME423_PM4,SMALL_PARTICLE,,,,,,,TB,8/9/2026,complete,possible_beep,strong,high,yes,no,no,yes,yes,no,no,no,,,,,,,,
BMK_0133,eval,non_beep_control,14day_2632,8470939,7/22/2026 1:26,100,8470939_20260722_012639_100,260721_2217_D617584_129_SMP_8M6CL_100_2.jpg,260721_2217_D617584_129_SMP_8M6CL_100_3.jpg,\\orshfs.intel.com\ORAnalysis$\1276_MAODATA\Config\etch\AME\tbatson\Defects\BE\images\defects\AME421_PM1\260721_2217_D617584_129_SMP_8M6CL_100_2.jpg,\\orshfs.intel.com\ORAnalysis$\1276_MAODATA\Config\etch\AME\tbatson\Defects\BE\images\defects\AME421_PM1\260721_2217_D617584_129_SMP_8M6CL_100_3.jpg,D1V,BPD432,AME421_PM1,SMALL_PARTICLE,,,,,,,TB,8/9/2026,complete,particle,weak,medium,partial,no,no,no,yes,no,yes,yes,,,Maybe 10% of the material defect boundary shares boundary of comparator.,,,,,
BMK_0134,eval,factory_beep,14day_2632,8448688,7/21/2026 23:51,1240,8448688_20260721_235104_1240,260721_2037_D616557_178_BEEP_8M5CL_1240_2.jpg,260721_2037_D616557_178_BEEP_8M5CL_1240_3.jpg,\\orshfs.intel.com\ORAnalysis$\1276_MAODATA\Config\etch\AME\tbatson\Defects\BE\images\defects\AME425_PM2\260721_2037_D616557_178_BEEP_8M5CL_1240_2.jpg,\\orshfs.intel.com\ORAnalysis$\1276_MAODATA\Config\etch\AME\tbatson\Defects\BE\images\defects\AME425_PM2\260721_2037_D616557_178_BEEP_8M5CL_1240_3.jpg,D1V,BPD458,AME425_PM2,BEEP,,,,,,,TB,8/9/2026,complete,possible_beep,strong,high,yes,no,yes,yes,yes,yes,no,no,,,,,,,,
BMK_0135,tune,factory_beep,14day_2632,8448688,7/21/2026 23:51,1241,8448688_20260721_235104_1241,260721_2037_D616557_178_BEEP_8M5CL_1241_2.jpg,260721_2037_D616557_178_BEEP_8M5CL_1241_3.jpg,\\orshfs.intel.com\ORAnalysis$\1276_MAODATA\Config\etch\AME\tbatson\Defects\BE\images\defects\AME425_PM2\260721_2037_D616557_178_BEEP_8M5CL_1241_2.jpg,\\orshfs.intel.com\ORAnalysis$\1276_MAODATA\Config\etch\AME\tbatson\Defects\BE\images\defects\AME425_PM2\260721_2037_D616557_178_BEEP_8M5CL_1241_3.jpg,D1V,BPD458,AME425_PM2,BEEP,,,,,,,TB,8/9/2026,complete,possible_beep,strong,high,yes,yes,no,yes,yes,no,no,no,,,,,,,,
BMK_0136,tune,non_beep_control,14day_2632,8444809,7/21/2026 21:53,14,8444809_20260721_215323_14,260721_1926_D616544_017_SMP_8M6CL_14_2.jpg,260721_1926_D616544_017_SMP_8M6CL_14_3.jpg,\\orshfs.intel.com\ORAnalysis$\1276_MAODATA\Config\etch\AME\tbatson\Defects\BE\images\defects\AME419_PM6\260721_1926_D616544_017_SMP_8M6CL_14_2.jpg,\\orshfs.intel.com\ORAnalysis$\1276_MAODATA\Config\etch\AME\tbatson\Defects\BE\images\defects\AME419_PM6\260721_1926_D616544_017_SMP_8M6CL_14_3.jpg,D1V,BPD436,AME419_PM6,SMALL_PARTICLE,,,,,,,TB,8/9/2026,complete,possible_beep,moderate,medium,yes,no,no,yes,yes,yes,yes,yes,,, Three distinct material defects sit on the edge of comparators with one of these showing subtle protrusions into the line trench it sits next to but the magnitude and nature of these protrusions are difficult to determine.,,,,,
BMK_0137,tune,non_beep_control,14day_2632,8444809,7/21/2026 21:53,16,8444809_20260721_215323_16,260721_1926_D616544_017_SMP_8M6CL_16_2.jpg,260721_1926_D616544_017_SMP_8M6CL_16_3.jpg,\\orshfs.intel.com\ORAnalysis$\1276_MAODATA\Config\etch\AME\tbatson\Defects\BE\images\defects\AME419_PM6\260721_1926_D616544_017_SMP_8M6CL_16_2.jpg,\\orshfs.intel.com\ORAnalysis$\1276_MAODATA\Config\etch\AME\tbatson\Defects\BE\images\defects\AME419_PM6\260721_1926_D616544_017_SMP_8M6CL_16_3.jpg,D1V,BPD436,AME419_PM6,SMALL_PARTICLE,,,,,,,TB,8/9/2026,complete,indeterminate,moderate,medium,yes,no,no,yes,no,yes,yes,yes,,,A bundled particle sits without occluding adjacent comparator but another comparator shows slight sunken residual material and morphology matches particles that have raised concern on other images. ,,,,,
BMK_0138,tune,non_beep_control,14day_2632,8444809,7/21/2026 21:53,2,8444809_20260721_215323_2,260721_1926_D616544_017_SMP_8M6CL_2_2.jpg,260721_1926_D616544_017_SMP_8M6CL_2_3.jpg,\\orshfs.intel.com\ORAnalysis$\1276_MAODATA\Config\etch\AME\tbatson\Defects\BE\images\defects\AME419_PM6\260721_1926_D616544_017_SMP_8M6CL_2_2.jpg,\\orshfs.intel.com\ORAnalysis$\1276_MAODATA\Config\etch\AME\tbatson\Defects\BE\images\defects\AME419_PM6\260721_1926_D616544_017_SMP_8M6CL_2_3.jpg,D1V,BPD436,AME419_PM6,SMALL_PARTICLE,,,,,,,TB,8/9/2026,complete,particle,weak,low,yes,yes,no,yes,yes,yes,yes,yes,,,Brightfield Image suggests multiple particles while darkfield comparison suggests that some of the material that protrudes from one of the particles into the comparators in fact sunken residual and also shows a degree of comparator boundary line matching.,,,,,
BMK_0139,tune,factory_beep,14day_2632,8444702,7/21/2026 21:53,6,8444702_20260721_215323_6,260721_2024_D616544_038_BEEP_8M6CL_6_2.jpg,260721_2024_D616544_038_BEEP_8M6CL_6_3.jpg,\\orshfs.intel.com\ORAnalysis$\1276_MAODATA\Config\etch\AME\tbatson\Defects\BE\images\defects\AME419_PM6\260721_2024_D616544_038_BEEP_8M6CL_6_2.jpg,\\orshfs.intel.com\ORAnalysis$\1276_MAODATA\Config\etch\AME\tbatson\Defects\BE\images\defects\AME419_PM6\260721_2024_D616544_038_BEEP_8M6CL_6_3.jpg,D1V,BPD436,AME419_PM6,BEEP,,,,,,,TB,8/9/2026,complete,possible_beep,moderate,medium,partial,no,yes,no,no,no,yes,yes,,,Feature irregularities in the absence of any particles suggests pre etch blocking .,,,,,
BMK_0140,tune,non_beep_control,14day_2632,8444809,7/21/2026 21:53,78,8444809_20260721_215323_78,260721_1926_D616544_017_SMP_8M6CL_78_2.jpg,260721_1926_D616544_017_SMP_8M6CL_78_3.jpg,\\orshfs.intel.com\ORAnalysis$\1276_MAODATA\Config\etch\AME\tbatson\Defects\BE\images\defects\AME419_PM6\260721_1926_D616544_017_SMP_8M6CL_78_2.jpg,\\orshfs.intel.com\ORAnalysis$\1276_MAODATA\Config\etch\AME\tbatson\Defects\BE\images\defects\AME419_PM6\260721_1926_D616544_017_SMP_8M6CL_78_3.jpg,D1V,BPD436,AME419_PM6,SMALL_PARTICLE,,,,,,,TB,8/9/2026,complete,possible_beep,moderate,high,yes,no,no,yes,yes,no,no,no,,,,,,,,
BMK_0141,eval,factory_beep,14day_2632,8444809,7/21/2026 21:53,84,8444809_20260721_215323_84,260721_1926_D616544_017_BEEP_8M6CL_84_2.jpg,260721_1926_D616544_017_BEEP_8M6CL_84_3.jpg,\\orshfs.intel.com\ORAnalysis$\1276_MAODATA\Config\etch\AME\tbatson\Defects\BE\images\defects\AME419_PM6\260721_1926_D616544_017_BEEP_8M6CL_84_2.jpg,\\orshfs.intel.com\ORAnalysis$\1276_MAODATA\Config\etch\AME\tbatson\Defects\BE\images\defects\AME419_PM6\260721_1926_D616544_017_BEEP_8M6CL_84_3.jpg,D1V,BPD436,AME419_PM6,BEEP,,,,,,,TB,8/9/2026,complete,possible_beep,strong,high,yes,no,yes,no,no,no,no,no,,,,,,,,
BMK_0142,tune,non_beep_control,14day_2632,8444809,7/21/2026 21:53,85,8444809_20260721_215323_85,260721_1926_D616544_017_SMP_8M6CL_85_2.jpg,260721_1926_D616544_017_SMP_8M6CL_85_3.jpg,\\orshfs.intel.com\ORAnalysis$\1276_MAODATA\Config\etch\AME\tbatson\Defects\BE\images\defects\AME419_PM6\260721_1926_D616544_017_SMP_8M6CL_85_2.jpg,\\orshfs.intel.com\ORAnalysis$\1276_MAODATA\Config\etch\AME\tbatson\Defects\BE\images\defects\AME419_PM6\260721_1926_D616544_017_SMP_8M6CL_85_3.jpg,D1V,BPD436,AME419_PM6,SMALL_PARTICLE,,,,,,,TB,8/9/2026,complete,particle,weak,medium,partial,no,no,no,yes,yes,yes,yes,,,Brightfield image suggests possibility of multiple particles in both images show a small portion of principal primary defect sharing boundary with blind trench.,,,,,
BMK_0143,eval,non_beep_control,14day_2632,8444809,7/21/2026 21:53,86,8444809_20260721_215323_86,260721_1926_D616544_017_SMP_8M6CL_86_2.jpg,260721_1926_D616544_017_SMP_8M6CL_86_3.jpg,\\orshfs.intel.com\ORAnalysis$\1276_MAODATA\Config\etch\AME\tbatson\Defects\BE\images\defects\AME419_PM6\260721_1926_D616544_017_SMP_8M6CL_86_2.jpg,\\orshfs.intel.com\ORAnalysis$\1276_MAODATA\Config\etch\AME\tbatson\Defects\BE\images\defects\AME419_PM6\260721_1926_D616544_017_SMP_8M6CL_86_3.jpg,D1V,BPD436,AME419_PM6,SMALL_PARTICLE,,,,,,,TB,8/9/2026,complete,particle,none,high,yes,no,no,no,no,no,no,no,,,,,,,,
BMK_0144,tune,non_beep_control,14day_2632,8444809,7/21/2026 21:53,88,8444809_20260721_215323_88,260721_1926_D616544_017_SMP_8M6CL_88_2.jpg,260721_1926_D616544_017_SMP_8M6CL_88_3.jpg,\\orshfs.intel.com\ORAnalysis$\1276_MAODATA\Config\etch\AME\tbatson\Defects\BE\images\defects\AME419_PM6\260721_1926_D616544_017_SMP_8M6CL_88_2.jpg,\\orshfs.intel.com\ORAnalysis$\1276_MAODATA\Config\etch\AME\tbatson\Defects\BE\images\defects\AME419_PM6\260721_1926_D616544_017_SMP_8M6CL_88_3.jpg,D1V,BPD436,AME419_PM6,SMALL_PARTICLE,,,,,,,TB,8/9/2026,complete,particle,none,high,yes,no,no,no,no,no,no,no,,,,,,,,
BMK_0145,eval,non_beep_control,14day_2632,8444809,7/21/2026 21:53,89,8444809_20260721_215323_89,260721_1926_D616544_017_SMP_8M6CL_89_2.jpg,260721_1926_D616544_017_SMP_8M6CL_89_3.jpg,\\orshfs.intel.com\ORAnalysis$\1276_MAODATA\Config\etch\AME\tbatson\Defects\BE\images\defects\AME419_PM6\260721_1926_D616544_017_SMP_8M6CL_89_2.jpg,\\orshfs.intel.com\ORAnalysis$\1276_MAODATA\Config\etch\AME\tbatson\Defects\BE\images\defects\AME419_PM6\260721_1926_D616544_017_SMP_8M6CL_89_3.jpg,D1V,BPD436,AME419_PM6,SMALL_PARTICLE,,,,,,,TB,8/9/2026,complete,possible_beep,strong,medium,yes,no,yes,yes,yes,no,no,no,,,,,,,,
