target,dataset,accuracy,precision,recall,f1,auc,samples,defective_rate,pred_defective_rate,mean_proba
ZERO_NCDD,train,0.732519204254481,0.5305584826132771,0.6831750339213026,0.5972716488730724,0.793119784470276,5077,0.29032893441008467,0.3738428205633248,0.45947496108821834
ZERO_NCDD,validation,0.5555555555555556,0.31586402266288954,0.4532520325203252,0.37228714524207007,0.5340972222222222,1692,0.2907801418439716,0.41725768321513,0.4851984780715162
ZERO_NCDD,test,0.5593620791494389,0.37520938023450584,0.37520938023450584,0.37520938023450584,0.533729321791439,1693,0.35262847017129356,0.35262847017129356,0.4774412603462547
ZERO_BEEP,train,0.7953515855820367,0.3434881949733435,0.7181528662420382,0.46470891293147865,0.8604932332893815,5077,0.12369509552885562,0.2586172936773685,0.3818547028102363
ZERO_BEEP,validation,0.8333333333333334,0.1724137931034483,0.040983606557377046,0.06622516556291391,0.5004670093288652,1692,0.14420803782505912,0.034278959810874705,0.39245028564471474
ZERO_BEEP,test,0.7359716479621973,0.17194570135746606,0.12582781456953643,0.1453154875717017,0.47802928951966517,1693,0.17838157117542824,0.1305375073833432,0.43599325740846745
ZERO_SMP,train,0.7658065786882017,0.43912175648702595,0.6560636182902585,0.5261060183339976,0.8187518221547648,5077,0.19814851290131968,0.2960409690762261,0.4366272747056654
ZERO_SMP,validation,0.6170212765957447,0.20650095602294455,0.31671554252199413,0.25,0.5114219726454391,1692,0.20153664302600474,0.30910165484633567,0.47029066629499067
ZERO_SMP,test,0.6780862374483166,0.25274725274725274,0.16829268292682928,0.20204978038067348,0.5301123510065966,1693,0.24217365623154163,0.16125221500295334,0.44744900936384435
