relative_path,file_name,file_type,file_size_bytes,file_size_kb,file_size_mb,last_modified,days_since_mod,age_days,depth,top_level_folder,production_vs_debug,suggested_action,suggested_target,confidence,reason
OLD\8M5CL_8M6CL_2025 - Copy.csv,8M5CL_8M6CL_2025 - Copy.csv,.csv,889291,868.45,0.848,2026-01-03 20:08:05,185.1,185.1,1,OLD,DEBUG,archive,OLD\,Medium,legacy or superseded output
OLD\_compare_csvs.py,_compare_csvs.py,.py,3284,3.21,0.003,2026-04-23 23:04:00,75.0,75.0,1,OLD,DEBUG,archive,OLD\,Medium,legacy or superseded output
OLD\_compare_normalized_key.py,_compare_normalized_key.py,.py,3087,3.01,0.003,2026-04-23 23:17:40,75.0,75.0,1,OLD,DEBUG,archive,OLD\,Medium,legacy or superseded output
OLD\_compare_overlap.py,_compare_overlap.py,.py,740,0.72,0.001,2026-04-23 23:06:40,75.0,75.0,1,OLD,DEBUG,archive,OLD\,Medium,legacy or superseded output
OLD\_compare_unmatched_by_month.py,_compare_unmatched_by_month.py,.py,2972,2.9,0.003,2026-04-23 23:09:28,75.0,75.0,1,OLD,DEBUG,archive,OLD\,Medium,legacy or superseded output
OLD\AMEct 1278 Inline Defects Chamber Dispo copy.jsl,AMEct 1278 Inline Defects Chamber Dispo copy.jsl,.jsl,36830,35.97,0.035,2026-04-10 22:06:05,88.1,88.1,1,OLD,DEBUG,archive,OLD\,Medium,legacy or superseded output
OLD\RF_TRAIN_TEST_VALIDATION.csv,RF_TRAIN_TEST_VALIDATION.csv,.csv,3534,3.45,0.003,2026-01-04 08:16:56,184.6,184.6,1,OLD,DEBUG,archive,OLD\,Medium,legacy or superseded output
OLD\RF_TRAIN_TEST_VALIDATION.xlsx,RF_TRAIN_TEST_VALIDATION.xlsx,.xlsx,24615,24.04,0.023,2026-01-03 23:08:46,185.0,185.0,1,OLD,DEBUG,archive,OLD\,Medium,legacy or superseded output
OLD\RF_TRAIN_TEST_VALIDATION_CORRECTED.csv,RF_TRAIN_TEST_VALIDATION_CORRECTED.csv,.csv,1695,1.66,0.002,2026-01-03 23:14:50,185.0,185.0,1,OLD,DEBUG,archive,OLD\,Medium,legacy or superseded output
OLD\RF_TRAIN_TEST_VALIDATION_CORRECTED.xlsx,RF_TRAIN_TEST_VALIDATION_CORRECTED.xlsx,.xlsx,22747,22.21,0.022,2026-01-03 23:14:50,185.0,185.0,1,OLD,DEBUG,archive,OLD\,Medium,legacy or superseded output
OLD\RF_TRAIN_TEST_VALIDATION_FEATURE_IMPORTANCE.csv,RF_TRAIN_TEST_VALIDATION_FEATURE_IMPORTANCE.csv,.csv,1552,1.52,0.001,2026-01-04 08:16:56,184.6,184.6,1,OLD,DEBUG,archive,OLD\,Medium,legacy or superseded output
OLD\SPLINE_COMPARE.jsl,SPLINE_COMPARE.jsl,.jsl,3344,3.27,0.003,2026-01-05 20:00:37,183.1,183.1,1,OLD,DEBUG,archive,OLD\,Medium,legacy or superseded output
OLD\SPLINE_COMPARE_2GROUPBY.jsl,SPLINE_COMPARE_2GROUPBY.jsl,.jsl,3329,3.25,0.003,2026-01-05 21:42:57,183.1,183.1,1,OLD,DEBUG,archive,OLD\,Medium,legacy or superseded output
OLD\SPLINE_COMPARE_2YAXES.jsl,SPLINE_COMPARE_2YAXES.jsl,.jsl,3420,3.34,0.003,2026-01-06 05:05:31,182.8,182.8,1,OLD,DEBUG,archive,OLD\,Medium,legacy or superseded output
outputs\defects\_tmp_8M5CL_8M6CL_UPDATE.log,_tmp_8M5CL_8M6CL_UPDATE.log,.log,214618,209.59,0.205,2026-04-24 21:17:39,74.1,74.1,2,outputs,DEBUG,archive,archive\outputs,Medium,generated output or manifest
outputs\defects\_tmp_8M5CL_8M6CL_UPDATE_exec.log,_tmp_8M5CL_8M6CL_UPDATE_exec.log,.log,91806,89.65,0.088,2026-04-24 21:32:24,74.1,74.1,2,outputs,DEBUG,archive,archive\outputs,Medium,generated output or manifest
outputs\surf_scan\ftp_debug\debug_dir_listing.csv,debug_dir_listing.csv,.csv,214,0.21,0.0,2026-06-30 23:21:34,7.0,7.0,3,outputs,DEBUG,archive,archive\outputs,Medium,generated output or manifest
outputs\surf_scan\ftp_debug\debug_image_records.csv,debug_image_records.csv,.csv,1712,1.67,0.002,2026-06-30 23:21:34,7.0,7.0,3,outputs,DEBUG,archive,archive\outputs,Medium,generated output or manifest
rollups\PREvsPST\TW_REGEN_HIST\lot_history_175971_test.py,lot_history_175971_test.py,.py,11108,10.85,0.011,2026-07-06 02:11:20,1.9,1.9,3,rollups,DEBUG,archive,rollups\,Medium,legacy or superseded output
rollups\PREvsPST\TW_REGEN_HIST\lot_history_schema_probe.py,lot_history_schema_probe.py,.py,3079,3.01,0.003,2026-07-06 01:14:16,1.9,1.9,3,rollups,DEBUG,archive,rollups\,Medium,legacy or superseded output
rollups\PREvsPST\TW_REGEN_HIST\probe_movein_175971.py,probe_movein_175971.py,.py,3462,3.38,0.003,2026-07-06 01:23:35,1.9,1.9,3,rollups,DEBUG,archive,rollups\,Medium,legacy or superseded output
rollups\PREvsPST\TW_REGEN_HIST\probe_movein_175971_all_rows.csv,probe_movein_175971_all_rows.csv,.csv,1767,1.73,0.002,2026-07-06 01:23:36,1.9,1.9,3,rollups,DEBUG,archive,rollups\,Medium,legacy or superseded output
rollups\PREvsPST\TW_REGEN_HIST\probe_movein_175971_semantic_window.csv,probe_movein_175971_semantic_window.csv,.csv,352,0.34,0.0,2026-07-06 01:23:36,1.9,1.9,3,rollups,DEBUG,archive,rollups\,Medium,legacy or superseded output
OLD\20260226_8M5CL_8M6CL_202606_FLEET_BENCHMARK_ELWC_7DAY.csv,20260226_8M5CL_8M6CL_202606_FLEET_BENCHMARK_ELWC_7DAY.csv,.csv,121906,119.05,0.116,2026-02-27 00:49:47,130.9,130.9,1,OLD,PRODUCTION,archive,OLD\,Medium,legacy or superseded output
OLD\20260416_8M5CL_8M6CL_202606_FLEET_BENCHMARK_ELWC_7DAY.csv,20260416_8M5CL_8M6CL_202606_FLEET_BENCHMARK_ELWC_7DAY.csv,.csv,137457,134.24,0.131,2026-04-17 05:17:00,81.8,81.8,1,OLD,PRODUCTION,archive,OLD\,Medium,legacy or superseded output
OLD\20260417_8M5CL_8M6CL_202606_FLEET_BENCHMARK_ELWC_7DAY.csv,20260417_8M5CL_8M6CL_202606_FLEET_BENCHMARK_ELWC_7DAY.csv,.csv,135627,132.45,0.129,2026-04-17 20:40:19,81.1,81.1,1,OLD,PRODUCTION,archive,OLD\,Medium,legacy or superseded output
OLD\8M5CL_8M6CL_2025.csv,8M5CL_8M6CL_2025.csv,.csv,17534112,17123.16,16.722,2026-01-04 07:04:13,184.7,184.7,1,OLD,PRODUCTION,archive,OLD\,Medium,legacy or superseded output
OLD\8M5CL_8M6CL_2025_DEFECT_TRENDS_CHECK.csv,8M5CL_8M6CL_2025_DEFECT_TRENDS_CHECK.csv,.csv,394984,385.73,0.377,2026-01-05 18:34:53,183.2,183.2,1,OLD,PRODUCTION,archive,OLD\,Medium,legacy or superseded output
OLD\8M5CL_8M6CL_2025_DEVICE_FLEET_BENCHMARK_14DAY.csv,8M5CL_8M6CL_2025_DEVICE_FLEET_BENCHMARK_14DAY.csv,.csv,95793,93.55,0.091,2026-01-11 06:25:47,177.7,177.7,1,OLD,PRODUCTION,archive,OLD\,Medium,legacy or superseded output
OLD\8M5CL_8M6CL_2025_DEVICE_PERIODS_11DAY.csv,8M5CL_8M6CL_2025_DEVICE_PERIODS_11DAY.csv,.csv,77713,75.89,0.074,2026-01-11 01:33:14,177.9,177.9,1,OLD,PRODUCTION,archive,OLD\,Medium,legacy or superseded output
OLD\8M5CL_8M6CL_2025_DEVICE_PERIODS_14DAY.csv,8M5CL_8M6CL_2025_DEVICE_PERIODS_14DAY.csv,.csv,67813,66.22,0.065,2026-01-11 01:33:38,177.9,177.9,1,OLD,PRODUCTION,archive,OLD\,Medium,legacy or superseded output
OLD\8M5CL_8M6CL_2025_DEVICE_PERIODS_5DAY.csv,8M5CL_8M6CL_2025_DEVICE_PERIODS_5DAY.csv,.csv,117608,114.85,0.112,2026-01-11 01:33:11,177.9,177.9,1,OLD,PRODUCTION,archive,OLD\,Medium,legacy or superseded output
OLD\8M5CL_8M6CL_2025_DEVICE_PERIODS_7DAY.csv,8M5CL_8M6CL_2025_DEVICE_PERIODS_7DAY.csv,.csv,76960,75.16,0.073,2026-01-11 01:38:14,177.9,177.9,1,OLD,PRODUCTION,archive,OLD\,Medium,legacy or superseded output
OLD\8M5CL_8M6CL_2025_DEVICE_ROLLING_7DAY.csv,8M5CL_8M6CL_2025_DEVICE_ROLLING_7DAY.csv,.csv,2489107,2430.77,2.374,2026-01-11 01:12:41,177.9,177.9,1,OLD,PRODUCTION,archive,OLD\,Medium,legacy or superseded output
OLD\8M5CL_8M6CL_2025_LOT.csv,8M5CL_8M6CL_2025_LOT.csv,.csv,4952879,4836.8,4.723,2026-01-05 19:08:29,183.2,183.2,1,OLD,PRODUCTION,archive,OLD\,Medium,legacy or superseded output
OLD\8M5CL_8M6CL_2025_SPC_CHECK.csv,8M5CL_8M6CL_2025_SPC_CHECK.csv,.csv,8070420,7881.27,7.697,2026-01-05 17:25:38,183.2,183.2,1,OLD,PRODUCTION,archive,OLD\,Medium,legacy or superseded output
OLD\8M5CL_8M6CL_2025_UPDATE.csv,8M5CL_8M6CL_2025_UPDATE.csv,.csv,15933768,15560.32,15.196,2026-01-05 19:09:19,183.2,183.2,1,OLD,PRODUCTION,archive,OLD\,Medium,legacy or superseded output
OLD\8M5CL_8M6CL_2025_UPDATED.csv,8M5CL_8M6CL_2025_UPDATED.csv,.csv,17340191,16933.78,16.537,2026-01-05 04:39:57,183.8,183.8,1,OLD,PRODUCTION,archive,OLD\,Medium,legacy or superseded output
OLD\8M5CL_8M6CL_EXTENDED.csv,8M5CL_8M6CL_EXTENDED.csv,.csv,4421579,4317.95,4.217,2026-04-23 18:55:56,75.2,75.2,1,OLD,PRODUCTION,archive,OLD\,Medium,legacy or superseded output
OLD\DEFECT_COORDINATES_EXTENDED.csv,DEFECT_COORDINATES_EXTENDED.csv,.csv,2002558,1955.62,1.91,2026-04-23 19:04:56,75.2,75.2,1,OLD,PRODUCTION,archive,OLD\,Medium,legacy or superseded output
OLD\PILOT_STATUS.jsl,PILOT_STATUS.jsl,.jsl,3232,3.16,0.003,2026-04-30 20:02:26,68.1,68.1,1,OLD,PRODUCTION,archive,OLD\,Medium,legacy or superseded output
OLD\PXSA_PYZA_X78C_WAFER.jmp,PXSA_PYZA_X78C_WAFER.jmp,.jmp,2097595,2048.43,2.0,2026-01-06 05:02:02,182.8,182.8,1,OLD,PRODUCTION,archive,OLD\,Medium,legacy or superseded output
OLD\TIME_BIN_AGGREGATOR.py,TIME_BIN_AGGREGATOR.py,.py,17407,17.0,0.017,2026-01-23 16:21:28,165.3,165.3,1,OLD,PRODUCTION,archive,OLD\,Medium,legacy or superseded output
OLD\TIME_BIN_AGGREGATOR_ELWC_SPC.py,TIME_BIN_AGGREGATOR_ELWC_SPC.py,.py,11172,10.91,0.011,2026-01-13 00:38:23,175.9,175.9,1,OLD,PRODUCTION,archive,OLD\,Medium,legacy or superseded output
OLD\validator.py,validator.py,.py,16200,15.82,0.015,2026-01-03 20:20:28,185.1,185.1,1,OLD,PRODUCTION,archive,OLD\,Medium,legacy or superseded output
OLD\X78D_WAFER.jmp,X78D_WAFER.jmp,.jmp,1933324,1888.01,1.844,2026-01-06 04:11:26,182.8,182.8,1,OLD,PRODUCTION,archive,OLD\,Medium,legacy or superseded output
outputs\8M5CL_8M6CL_UPDATE_run_capture.log,8M5CL_8M6CL_UPDATE_run_capture.log,.log,414550,404.83,0.395,2026-04-24 21:07:03,74.1,74.1,1,outputs,PRODUCTION,archive,archive\outputs,Medium,generated output or manifest
outputs\benchmarks\20260226_8M5CL_8M6CL_202606_FLEET_BENCHMARK_ELWC_7DAY.csv,20260226_8M5CL_8M6CL_202606_FLEET_BENCHMARK_ELWC_7DAY.csv,.csv,121906,119.05,0.116,2026-02-27 00:49:47,130.9,130.9,2,outputs,PRODUCTION,archive,archive\outputs,Medium,generated output or manifest
outputs\benchmarks\20260416_8M5CL_8M6CL_202606_FLEET_BENCHMARK_ELWC_7DAY.csv,20260416_8M5CL_8M6CL_202606_FLEET_BENCHMARK_ELWC_7DAY.csv,.csv,137457,134.24,0.131,2026-04-17 05:17:00,81.8,81.8,2,outputs,PRODUCTION,archive,archive\outputs,Medium,generated output or manifest
outputs\benchmarks\20260417_8M5CL_8M6CL_202606_FLEET_BENCHMARK_ELWC_7DAY.csv,20260417_8M5CL_8M6CL_202606_FLEET_BENCHMARK_ELWC_7DAY.csv,.csv,135627,132.45,0.129,2026-04-17 20:40:19,81.1,81.1,2,outputs,PRODUCTION,archive,archive\outputs,Medium,generated output or manifest
outputs\benchmarks\20260423_8M5CL_8M6CL_202606_FLEET_BENCHMARK_ELWC_7DAY.csv,20260423_8M5CL_8M6CL_202606_FLEET_BENCHMARK_ELWC_7DAY.csv,.csv,137948,134.71,0.132,2026-04-23 22:34:13,75.0,75.0,2,outputs,PRODUCTION,archive,archive\outputs,Medium,generated output or manifest
outputs\benchmarks\20260427_8M5CL_8M6CL_202606_FLEET_BENCHMARK_ELWC_7DAY.csv,20260427_8M5CL_8M6CL_202606_FLEET_BENCHMARK_ELWC_7DAY.csv,.csv,139625,136.35,0.133,2026-04-27 16:04:08,71.3,71.3,2,outputs,PRODUCTION,archive,archive\outputs,Medium,generated output or manifest
outputs\benchmarks\20260503_8M5CL_8M6CL_202606_FLEET_BENCHMARK_ELWC_7DAY.csv,20260503_8M5CL_8M6CL_202606_FLEET_BENCHMARK_ELWC_7DAY.csv,.csv,141266,137.96,0.135,2026-05-03 14:27:39,65.4,65.4,2,outputs,PRODUCTION,archive,archive\outputs,Medium,generated output or manifest
outputs\benchmarks\20260510_8M5CL_8M6CL_202606_FLEET_BENCHMARK_ELWC_7DAY.csv,20260510_8M5CL_8M6CL_202606_FLEET_BENCHMARK_ELWC_7DAY.csv,.csv,143467,140.1,0.137,2026-05-11 00:13:53,58.0,58.0,2,outputs,PRODUCTION,archive,archive\outputs,Medium,generated output or manifest
outputs\benchmarks\20260517_8M5CL_8M6CL_202606_FLEET_BENCHMARK_ELWC_7DAY.csv,20260517_8M5CL_8M6CL_202606_FLEET_BENCHMARK_ELWC_7DAY.csv,.csv,145129,141.73,0.138,2026-05-17 14:26:53,51.4,51.4,2,outputs,PRODUCTION,archive,archive\outputs,Medium,generated output or manifest
outputs\benchmarks\20260525_8M5CL_8M6CL_202606_FLEET_BENCHMARK_ELWC_7DAY.csv,20260525_8M5CL_8M6CL_202606_FLEET_BENCHMARK_ELWC_7DAY.csv,.csv,146264,142.84,0.139,2026-05-25 14:26:54,43.4,43.4,2,outputs,PRODUCTION,archive,archive\outputs,Medium,generated output or manifest
outputs\benchmarks\20260531_8M5CL_8M6CL_202606_FLEET_BENCHMARK_ELWC_7DAY.csv,20260531_8M5CL_8M6CL_202606_FLEET_BENCHMARK_ELWC_7DAY.csv,.csv,147870,144.4,0.141,2026-05-31 14:26:59,37.4,37.4,2,outputs,PRODUCTION,archive,archive\outputs,Medium,generated output or manifest
outputs\benchmarks\20260607_8M5CL_8M6CL_202606_FLEET_BENCHMARK_ELWC_7DAY.csv,20260607_8M5CL_8M6CL_202606_FLEET_BENCHMARK_ELWC_7DAY.csv,.csv,149676,146.17,0.143,2026-06-07 14:27:05,30.4,30.4,2,outputs,PRODUCTION,archive,archive\outputs,Medium,generated output or manifest
outputs\benchmarks\20260614_8M5CL_8M6CL_202606_FLEET_BENCHMARK_ELWC_7DAY.csv,20260614_8M5CL_8M6CL_202606_FLEET_BENCHMARK_ELWC_7DAY.csv,.csv,151501,147.95,0.144,2026-06-14 14:26:51,23.4,23.4,2,outputs,PRODUCTION,archive,archive\outputs,Medium,generated output or manifest
outputs\benchmarks\20260621_8M5CL_8M6CL_202606_FLEET_BENCHMARK_ELWC_7DAY.csv,20260621_8M5CL_8M6CL_202606_FLEET_BENCHMARK_ELWC_7DAY.csv,.csv,152559,148.98,0.145,2026-06-21 14:27:04,16.4,16.4,2,outputs,PRODUCTION,archive,archive\outputs,Medium,generated output or manifest
outputs\benchmarks\20260628_8M5CL_8M6CL_202606_FLEET_BENCHMARK_ELWC_7DAY.csv,20260628_8M5CL_8M6CL_202606_FLEET_BENCHMARK_ELWC_7DAY.csv,.csv,153672,150.07,0.147,2026-06-28 14:32:14,9.4,9.4,2,outputs,PRODUCTION,archive,archive\outputs,Medium,generated output or manifest
outputs\benchmarks\20260705_8M5CL_8M6CL_202606_FLEET_BENCHMARK_ELWC_7DAY.csv,20260705_8M5CL_8M6CL_202606_FLEET_BENCHMARK_ELWC_7DAY.csv,.csv,155269,151.63,0.148,2026-07-05 14:27:22,2.4,2.4,2,outputs,PRODUCTION,archive,archive\outputs,Medium,generated output or manifest
outputs\benchmarks\20260707_0858_8M5CL_8M6CL_ZERO_RATES.csv,20260707_0858_8M5CL_8M6CL_ZERO_RATES.csv,.csv,55535,54.23,0.053,2026-07-07 15:58:24,0.3,0.3,2,outputs,PRODUCTION,archive,archive\outputs,Medium,generated output or manifest
outputs\benchmarks\20260707_0931_8M5CL_8M6CL_ZERO_RATES.csv,20260707_0931_8M5CL_8M6CL_ZERO_RATES.csv,.csv,55535,54.23,0.053,2026-07-07 16:31:23,0.3,0.3,2,outputs,PRODUCTION,archive,archive\outputs,Medium,generated output or manifest
outputs\benchmarks\8M5CL_8M6CL_ZERO_RATES_CURRENT.csv,8M5CL_8M6CL_ZERO_RATES_CURRENT.csv,.csv,55535,54.23,0.053,2026-07-07 16:31:23,0.3,0.3,2,outputs,PRODUCTION,archive,archive\outputs,Medium,generated output or manifest
outputs\benchmarks\CURRENT_BENCHMARK.csv,CURRENT_BENCHMARK.csv,.csv,155269,151.63,0.148,2026-07-05 14:27:22,2.4,2.4,2,outputs,PRODUCTION,archive,archive\outputs,Medium,generated output or manifest
outputs\benchmarks\DEVICE_BENCHMARK_PLOT.jsl,DEVICE_BENCHMARK_PLOT.jsl,.jsl,3912,3.82,0.004,2026-06-21 23:11:04,16.0,16.0,2,outputs,PRODUCTION,archive,archive\outputs,Medium,generated output or manifest
outputs\defects\DEFECT_COORDINATES_EXTENDED.csv,DEFECT_COORDINATES_EXTENDED.csv,.csv,2683611,2620.71,2.559,2026-07-07 15:45:50,0.3,0.3,2,outputs,PRODUCTION,archive,archive\outputs,Medium,generated output or manifest
outputs\defects\DEFECT_COORDINATES_EXTENDED.csv.bak_20260424_223224,DEFECT_COORDINATES_EXTENDED.csv.bak_20260424_223224,.bak_20260424_223224,331101,323.34,0.316,2026-04-24 21:54:17,74.1,74.1,2,outputs,PRODUCTION,archive,archive\outputs,Medium,generated output or manifest
outputs\defects\DEFECT_COORDINATES_EXTENDED.csv.bak_20260424_223524,DEFECT_COORDINATES_EXTENDED.csv.bak_20260424_223524,.bak_20260424_223524,1385101,1352.64,1.321,2026-04-25 05:35:27,73.7,73.7,2,outputs,PRODUCTION,archive,archive\outputs,Medium,generated output or manifest
outputs\defects\DEFECT_COORDINATES_EXTENDED.csv.bak_20260424_223539,DEFECT_COORDINATES_EXTENDED.csv.bak_20260424_223539,.bak_20260424_223539,1416324,1383.13,1.351,2026-04-25 05:35:31,73.7,73.7,2,outputs,PRODUCTION,archive,archive\outputs,Medium,generated output or manifest
outputs\defects\DEFECT_COORDINATES_EXTENDED.csv.bak_20260424_223829,DEFECT_COORDINATES_EXTENDED.csv.bak_20260424_223829,.bak_20260424_223829,1145685,1118.83,1.093,2026-04-25 05:37:49,73.7,73.7,2,outputs,PRODUCTION,archive,archive\outputs,Medium,generated output or manifest
outputs\defects\DEFECT_COORDINATES_EXTENDED.csv.bak_20260512_135816,DEFECT_COORDINATES_EXTENDED.csv.bak_20260512_135816,.bak_20260512_135816,2454335,2396.81,2.341,2026-05-12 14:26:21,56.4,56.4,2,outputs,PRODUCTION,archive,archive\outputs,Medium,generated output or manifest
outputs\defects\DEFECT_COORDINATES_EXTENDED_IMAGES.csv,DEFECT_COORDINATES_EXTENDED_IMAGES.csv,.csv,704181,687.68,0.672,2026-07-07 15:45:57,0.3,0.3,2,outputs,PRODUCTION,archive,archive\outputs,Medium,generated output or manifest
outputs\defects\DEFECT_COORDINATES_EXTENDED_reparsed.csv,DEFECT_COORDINATES_EXTENDED_reparsed.csv,.csv,2201476,2149.88,2.099,2026-05-05 23:59:11,63.0,63.0,2,outputs,PRODUCTION,archive,archive\outputs,Medium,generated output or manifest
outputs\defects\DEFECT_COORDINATES_EXTENDED_reparsed_allpilot.csv,DEFECT_COORDINATES_EXTENDED_reparsed_allpilot.csv,.csv,2358637,2303.36,2.249,2026-05-06 00:00:07,63.0,63.0,2,outputs,PRODUCTION,archive,archive\outputs,Medium,generated output or manifest
outputs\surf_scan\ad_hoc\SS_LIGHT_14d_6OX450GTO_M025_PST_6OX450GTO_SAAA_M025_PST_20260514_151435_COORDINATES.csv,SS_LIGHT_14d_6OX450GTO_M025_PST_6OX450GTO_SAAA_M025_PST_20260514_151435_COORDINATES.csv,.csv,8249,8.06,0.008,2026-05-14 22:14:36,54.0,54.0,3,outputs,PRODUCTION,archive,archive\outputs,Medium,generated output or manifest
outputs\surf_scan\ad_hoc\SS_LIGHT_14d_6OX450GTO_M025_PST_6OX450GTO_SAAA_M025_PST_20260514_151435_METRICS.csv,SS_LIGHT_14d_6OX450GTO_M025_PST_6OX450GTO_SAAA_M025_PST_20260514_151435_METRICS.csv,.csv,3773,3.68,0.004,2026-05-14 22:14:36,54.0,54.0,3,outputs,PRODUCTION,archive,archive\outputs,Medium,generated output or manifest
outputs\surf_scan\ad_hoc\SS_LIGHT_14d_6OX450GTO_M025_PST_6OX450GTO_SAAA_M025_PST_20260514_151435_SUMMARY.json,SS_LIGHT_14d_6OX450GTO_M025_PST_6OX450GTO_SAAA_M025_PST_20260514_151435_SUMMARY.json,.json,956,0.93,0.001,2026-05-14 22:14:36,54.0,54.0,3,outputs,PRODUCTION,archive,archive\outputs,Medium,generated output or manifest
outputs\surf_scan\ad_hoc\SS_LIGHT_21d_6OX450GTO_M025_PST_6OX450GTO_SAAA_M025_PST_20260521_135029_COORDINATES.csv,SS_LIGHT_21d_6OX450GTO_M025_PST_6OX450GTO_SAAA_M025_PST_20260521_135029_COORDINATES.csv,.csv,26623,26.0,0.025,2026-05-21 20:50:32,47.1,47.1,3,outputs,PRODUCTION,archive,archive\outputs,Medium,generated output or manifest
outputs\surf_scan\ad_hoc\SS_LIGHT_21d_6OX450GTO_M025_PST_6OX450GTO_SAAA_M025_PST_20260521_135029_METRICS.csv,SS_LIGHT_21d_6OX450GTO_M025_PST_6OX450GTO_SAAA_M025_PST_20260521_135029_METRICS.csv,.csv,11663,11.39,0.011,2026-05-21 20:50:31,47.1,47.1,3,outputs,PRODUCTION,archive,archive\outputs,Medium,generated output or manifest
outputs\surf_scan\ad_hoc\SS_LIGHT_21d_6OX450GTO_M025_PST_6OX450GTO_SAAA_M025_PST_20260521_135029_SUMMARY.json,SS_LIGHT_21d_6OX450GTO_M025_PST_6OX450GTO_SAAA_M025_PST_20260521_135029_SUMMARY.json,.json,957,0.93,0.001,2026-05-21 20:50:32,47.1,47.1,3,outputs,PRODUCTION,archive,archive\outputs,Medium,generated output or manifest
outputs\surf_scan\ad_hoc\SS_LIGHT_28d_6OX450GTO_M025_PST_6OX450GTO_SAAA_M025_PST_20260521_135401_COORDINATES.csv,SS_LIGHT_28d_6OX450GTO_M025_PST_6OX450GTO_SAAA_M025_PST_20260521_135401_COORDINATES.csv,.csv,26623,26.0,0.025,2026-05-21 20:54:03,47.1,47.1,3,outputs,PRODUCTION,archive,archive\outputs,Medium,generated output or manifest
outputs\surf_scan\ad_hoc\SS_LIGHT_28d_6OX450GTO_M025_PST_6OX450GTO_SAAA_M025_PST_20260521_135401_METRICS.csv,SS_LIGHT_28d_6OX450GTO_M025_PST_6OX450GTO_SAAA_M025_PST_20260521_135401_METRICS.csv,.csv,11663,11.39,0.011,2026-05-21 20:54:03,47.1,47.1,3,outputs,PRODUCTION,archive,archive\outputs,Medium,generated output or manifest
outputs\surf_scan\ad_hoc\SS_LIGHT_28d_6OX450GTO_M025_PST_6OX450GTO_SAAA_M025_PST_20260521_135401_SUMMARY.json,SS_LIGHT_28d_6OX450GTO_M025_PST_6OX450GTO_SAAA_M025_PST_20260521_135401_SUMMARY.json,.json,957,0.93,0.001,2026-05-21 20:54:04,47.1,47.1,3,outputs,PRODUCTION,archive,archive\outputs,Medium,generated output or manifest
outputs\surf_scan\ad_hoc\SS_LIGHT_28d_6OX450GTO_M025_PST_6OX450GTO_SAAA_M025_PST_20260521_145008_COORDINATES.csv,SS_LIGHT_28d_6OX450GTO_M025_PST_6OX450GTO_SAAA_M025_PST_20260521_145008_COORDINATES.csv,.csv,26623,26.0,0.025,2026-05-21 21:50:10,47.1,47.1,3,outputs,PRODUCTION,archive,archive\outputs,Medium,generated output or manifest
outputs\surf_scan\ad_hoc\SS_LIGHT_28d_6OX450GTO_M025_PST_6OX450GTO_SAAA_M025_PST_20260521_145008_METRICS.csv,SS_LIGHT_28d_6OX450GTO_M025_PST_6OX450GTO_SAAA_M025_PST_20260521_145008_METRICS.csv,.csv,11663,11.39,0.011,2026-05-21 21:50:10,47.1,47.1,3,outputs,PRODUCTION,archive,archive\outputs,Medium,generated output or manifest
outputs\surf_scan\ad_hoc\SS_LIGHT_28d_6OX450GTO_M025_PST_6OX450GTO_SAAA_M025_PST_20260521_145008_SUMMARY.json,SS_LIGHT_28d_6OX450GTO_M025_PST_6OX450GTO_SAAA_M025_PST_20260521_145008_SUMMARY.json,.json,957,0.93,0.001,2026-05-21 21:50:10,47.1,47.1,3,outputs,PRODUCTION,archive,archive\outputs,Medium,generated output or manifest
outputs\surf_scan\ad_hoc\SS_LIGHT_28d_6OX450GTO_M025_PST_6OX450GTO_SAAA_M025_PST_20260521_160204_COORDINATES.csv,SS_LIGHT_28d_6OX450GTO_M025_PST_6OX450GTO_SAAA_M025_PST_20260521_160204_COORDINATES.csv,.csv,26623,26.0,0.025,2026-05-21 23:02:04,47.0,47.0,3,outputs,PRODUCTION,archive,archive\outputs,Medium,generated output or manifest
outputs\surf_scan\ad_hoc\SS_LIGHT_28d_6OX450GTO_M025_PST_6OX450GTO_SAAA_M025_PST_20260521_160204_METRICS.csv,SS_LIGHT_28d_6OX450GTO_M025_PST_6OX450GTO_SAAA_M025_PST_20260521_160204_METRICS.csv,.csv,11663,11.39,0.011,2026-05-21 23:02:04,47.0,47.0,3,outputs,PRODUCTION,archive,archive\outputs,Medium,generated output or manifest
outputs\surf_scan\ad_hoc\SS_LIGHT_28d_6OX450GTO_M025_PST_6OX450GTO_SAAA_M025_PST_20260521_160204_SUMMARY.json,SS_LIGHT_28d_6OX450GTO_M025_PST_6OX450GTO_SAAA_M025_PST_20260521_160204_SUMMARY.json,.json,957,0.93,0.001,2026-05-21 23:02:04,47.0,47.0,3,outputs,PRODUCTION,archive,archive\outputs,Medium,generated output or manifest
outputs\surf_scan\ad_hoc\SS_LIGHT_7d_6OX450GTO_M025_PST_6OX450GTO_SAAA_M025_PST_20260514_151206_COORDINATES.csv,SS_LIGHT_7d_6OX450GTO_M025_PST_6OX450GTO_SAAA_M025_PST_20260514_151206_COORDINATES.csv,.csv,734,0.72,0.001,2026-05-14 22:12:07,54.0,54.0,3,outputs,PRODUCTION,archive,archive\outputs,Medium,generated output or manifest
outputs\surf_scan\ad_hoc\SS_LIGHT_7d_6OX450GTO_M025_PST_6OX450GTO_SAAA_M025_PST_20260514_151206_METRICS.csv,SS_LIGHT_7d_6OX450GTO_M025_PST_6OX450GTO_SAAA_M025_PST_20260514_151206_METRICS.csv,.csv,649,0.63,0.001,2026-05-14 22:12:07,54.0,54.0,3,outputs,PRODUCTION,archive,archive\outputs,Medium,generated output or manifest
outputs\surf_scan\ad_hoc\SS_LIGHT_7d_6OX450GTO_M025_PST_6OX450GTO_SAAA_M025_PST_20260514_151206_SUMMARY.json,SS_LIGHT_7d_6OX450GTO_M025_PST_6OX450GTO_SAAA_M025_PST_20260514_151206_SUMMARY.json,.json,959,0.94,0.001,2026-05-14 22:12:07,54.0,54.0,3,outputs,PRODUCTION,archive,archive\outputs,Medium,generated output or manifest
outputs\surf_scan\BACKFILL_EXTEND_TMP\SS_COORDINATES_OLDER_WINDOW.csv,SS_COORDINATES_OLDER_WINDOW.csv,.csv,11735461,11460.41,11.192,2026-04-28 23:13:26,70.0,70.0,3,outputs,PRODUCTION,archive,archive\outputs,Medium,generated output or manifest
outputs\surf_scan\BACKFILL_EXTEND_TMP\SS_EDX_OLDER_WINDOW.csv,SS_EDX_OLDER_WINDOW.csv,.csv,615742,601.31,0.587,2026-04-28 23:12:52,70.0,70.0,3,outputs,PRODUCTION,archive,archive\outputs,Medium,generated output or manifest
outputs\surf_scan\BACKFILL_EXTEND_TMP\SS_METRICS_OLDER_WINDOW.csv,SS_METRICS_OLDER_WINDOW.csv,.csv,884031,863.31,0.843,2026-04-28 23:12:56,70.0,70.0,3,outputs,PRODUCTION,archive,archive\outputs,Medium,generated output or manifest
outputs\surf_scan\ftp_debug\spectra\spectrum_txt_search_results.csv,spectrum_txt_search_results.csv,.csv,494,0.48,0.0,2026-06-30 23:49:01,7.0,7.0,4,outputs,PRODUCTION,archive,archive\outputs,Medium,generated output or manifest
outputs\surf_scan\ftp_debug\spectra\yas\data\images20\rf3pap1118x006\20260625\23\5306_7046563\D1D-D344TD1N1-062526@235306-179-0000000003I013K250678593.emsa,D1D-D344TD1N1-062526@235306-179-0000000003I013K250678593.emsa,.emsa,20780,20.29,0.02,2026-06-26 10:46:39,11.5,11.5,11,outputs,PRODUCTION,archive,archive\outputs,Medium,generated output or manifest
outputs\surf_scan\ftp_debug\spectra\yas\data\images20\rf3pap1118x006\20260625\23\5306_7046563\D1D-D344TD1N1-062526@235306-179-0000000003I014K250678593.emsa,D1D-D344TD1N1-062526@235306-179-0000000003I014K250678593.emsa,.emsa,20552,20.07,0.02,2026-06-26 10:46:39,11.5,11.5,11,outputs,PRODUCTION,archive,archive\outputs,Medium,generated output or manifest
outputs\surf_scan\INSP_SCOPE\INSP_SCOPE_CANDIDATE_COLUMNS.csv,INSP_SCOPE_CANDIDATE_COLUMNS.csv,.csv,1239,1.21,0.001,2026-04-28 22:17:49,70.0,70.0,3,outputs,PRODUCTION,archive,archive\outputs,Medium,generated output or manifest
outputs\surf_scan\INSP_SCOPE\INSP_SCOPE_COLUMNS.csv,INSP_SCOPE_COLUMNS.csv,.csv,8775,8.57,0.008,2026-04-28 22:17:49,70.0,70.0,3,outputs,PRODUCTION,archive,archive\outputs,Medium,generated output or manifest
outputs\surf_scan\INSP_SCOPE\INSP_SCOPE_DUPLICATES.csv,INSP_SCOPE_DUPLICATES.csv,.csv,179,0.17,0.0,2026-04-28 22:17:49,70.0,70.0,3,outputs,PRODUCTION,archive,archive\outputs,Medium,generated output or manifest
outputs\surf_scan\INSP_SCOPE\INSP_SCOPE_RUN_CANDIDATES.csv,INSP_SCOPE_RUN_CANDIDATES.csv,.csv,57544,56.2,0.055,2026-04-28 22:17:49,70.0,70.0,3,outputs,PRODUCTION,archive,archive\outputs,Medium,generated output or manifest
outputs\surf_scan\INSP_SCOPE\INSP_SCOPE_RUN_SUMMARY.csv,INSP_SCOPE_RUN_SUMMARY.csv,.csv,10193,9.95,0.01,2026-04-28 22:17:49,70.0,70.0,3,outputs,PRODUCTION,archive,archive\outputs,Medium,generated output or manifest
outputs\surf_scan\INSP_SCOPE\INSP_SCOPE_SAMPLE.csv,INSP_SCOPE_SAMPLE.csv,.csv,34331,33.53,0.033,2026-04-28 22:17:49,70.0,70.0,3,outputs,PRODUCTION,archive,archive\outputs,Medium,generated output or manifest
outputs\surf_scan\INSP_SCOPE\INSP_SCOPE_SUMMARY.json,INSP_SCOPE_SUMMARY.json,.json,1546,1.51,0.001,2026-04-28 22:17:49,70.0,70.0,3,outputs,PRODUCTION,archive,archive\outputs,Medium,generated output or manifest
outputs\surf_scan\SAMPLES_90D\SS_COORDINATES_EVENT_WAFER_SAMPLE_90D.csv,SS_COORDINATES_EVENT_WAFER_SAMPLE_90D.csv,.csv,23761197,23204.29,22.66,2026-04-28 23:33:58,70.0,70.0,3,outputs,PRODUCTION,archive,archive\outputs,Medium,generated output or manifest
outputs\surf_scan\SAMPLES_90D\SS_EVENT_WAFER_SAMPLE_90D_SUMMARY.json,SS_EVENT_WAFER_SAMPLE_90D_SUMMARY.json,.json,645,0.63,0.001,2026-04-28 23:33:58,70.0,70.0,3,outputs,PRODUCTION,archive,archive\outputs,Medium,generated output or manifest
outputs\surf_scan\SAMPLES_90D\SS_METRICS_EVENT_WAFER_SAMPLE_90D.csv,SS_METRICS_EVENT_WAFER_SAMPLE_90D.csv,.csv,424830,414.87,0.405,2026-04-28 23:33:13,70.0,70.0,3,outputs,PRODUCTION,archive,archive\outputs,Medium,generated output or manifest
outputs\surf_scan\SS_COORDINATES.csv,SS_COORDINATES.csv,.csv,73288755,71571.05,69.894,2026-07-07 13:57:37,0.4,0.4,2,outputs,PRODUCTION,archive,archive\outputs,Medium,generated output or manifest
outputs\surf_scan\SS_EDX.csv,SS_EDX.csv,.csv,42941,41.93,0.041,2026-07-07 13:56:33,0.4,0.4,2,outputs,PRODUCTION,archive,archive\outputs,Medium,generated output or manifest
outputs\surf_scan\SS_EDX_IMAGES.csv,SS_EDX_IMAGES.csv,.csv,4990870,4873.9,4.76,2026-07-07 13:59:25,0.4,0.4,2,outputs,PRODUCTION,archive,archive\outputs,Medium,generated output or manifest
outputs\surf_scan\SS_EDX_STACKED.csv,SS_EDX_STACKED.csv,.csv,9399234,9178.94,8.964,2026-07-07 13:57:45,0.4,0.4,2,outputs,PRODUCTION,archive,archive\outputs,Medium,generated output or manifest
outputs\surf_scan\SS_EDX_STACKED_Y.csv,SS_EDX_STACKED_Y.csv,.csv,194255,189.7,0.185,2026-07-07 13:57:45,0.4,0.4,2,outputs,PRODUCTION,archive,archive\outputs,Medium,generated output or manifest
outputs\surf_scan\SS_ELWC_STAGE_PM_FULL.csv,SS_ELWC_STAGE_PM_FULL.csv,.csv,46421,45.33,0.044,2026-07-07 13:57:11,0.4,0.4,2,outputs,PRODUCTION,archive,archive\outputs,Medium,generated output or manifest
outputs\surf_scan\SS_METRICS.csv,SS_METRICS.csv,.csv,1733230,1692.61,1.653,2026-07-07 13:57:11,0.4,0.4,2,outputs,PRODUCTION,archive,archive\outputs,Medium,generated output or manifest
outputs\surf_scan\SS_METRICS_ELWC_PM_STAGE_FULL.csv,SS_METRICS_ELWC_PM_STAGE_FULL.csv,.csv,47095,45.99,0.045,2026-07-07 13:57:11,0.4,0.4,2,outputs,PRODUCTION,archive,archive\outputs,Medium,generated output or manifest
outputs\surf_scan\SS_METRICS_reparsed.csv,SS_METRICS_reparsed.csv,.csv,1443294,1409.47,1.376,2026-05-05 23:59:12,63.0,63.0,2,outputs,PRODUCTION,archive,archive\outputs,Medium,generated output or manifest
outputs\surf_scan\SS_ZEROS\SS_ZERO_fraction_by_event_entity_7day.csv,SS_ZERO_fraction_by_event_entity_7day.csv,.csv,206710,201.87,0.197,2026-07-07 13:57:45,0.4,0.4,3,outputs,PRODUCTION,archive,archive\outputs,Medium,generated output or manifest
outputs\surf_scan\SS_ZEROS\SS_ZERO_fraction_by_event_entity_7day_wide.csv,SS_ZERO_fraction_by_event_entity_7day_wide.csv,.csv,88223,86.16,0.084,2026-07-07 13:57:45,0.4,0.4,3,outputs,PRODUCTION,archive,archive\outputs,Medium,generated output or manifest
outputs\wafer\8M5CL_8M6CL_EXTENDED.csv,8M5CL_8M6CL_EXTENDED.csv,.csv,5383405,5257.23,5.134,2026-07-07 16:29:47,0.3,0.3,2,outputs,PRODUCTION,archive,archive\outputs,Medium,generated output or manifest
outputs\wafer\8M5CL_8M6CL_EXTENDED_60DAY.csv,8M5CL_8M6CL_EXTENDED_60DAY.csv,.csv,504782,492.95,0.481,2026-07-07 16:30:51,0.3,0.3,2,outputs,PRODUCTION,archive,archive\outputs,Medium,generated output or manifest
outputs\wafer\8M5CL_8M6CL_EXTENDED_60DAY_BOST_ENRICHED.csv,8M5CL_8M6CL_EXTENDED_60DAY_BOST_ENRICHED.csv,.csv,1027169,1003.09,0.98,2026-06-03 04:10:06,34.8,34.8,2,outputs,PRODUCTION,archive,archive\outputs,Medium,generated output or manifest
outputs\wafer\8M5CL_8M6CL_EXTENDED_reparsed.csv,8M5CL_8M6CL_EXTENDED_reparsed.csv,.csv,4672788,4563.27,4.456,2026-05-05 23:59:09,63.0,63.0,2,outputs,PRODUCTION,archive,archive\outputs,Medium,generated output or manifest
outputs\wafer\8M5CL_8M6CL_EXTENDED_reparsed_allpilot.csv,8M5CL_8M6CL_EXTENDED_reparsed_allpilot.csv,.csv,4672788,4563.27,4.456,2026-05-06 00:00:05,63.0,63.0,2,outputs,PRODUCTION,archive,archive\outputs,Medium,generated output or manifest
outputs\wafer\8M5CL_8M6CL_EXTENDED_YPO.csv,8M5CL_8M6CL_EXTENDED_YPO.csv,.csv,5185864,5064.32,4.946,2026-06-29 17:51:48,8.2,8.2,2,outputs,PRODUCTION,archive,archive\outputs,Medium,generated output or manifest
rollups\8M6CL_center_smp_report\8m6cl_center_smp_report.html,8m6cl_center_smp_report.html,.html,72545,70.84,0.069,2026-05-12 19:04:53,56.2,56.2,2,rollups,PRODUCTION,archive,rollups\,Medium,legacy or superseded output
rollups\8M6CL_center_smp_report\8m6cl_center_smp_report_20260512_115542.html,8m6cl_center_smp_report_20260512_115542.html,.html,44207,43.17,0.042,2026-05-12 18:55:42,56.2,56.2,2,rollups,PRODUCTION,archive,rollups\,Medium,legacy or superseded output
rollups\8M6CL_center_smp_report\assets\all_selected_wafers_overlay.png,all_selected_wafers_overlay.png,.png,100983,98.62,0.096,2026-05-12 19:04:44,56.2,56.2,3,rollups,PRODUCTION,archive,rollups\,Medium,legacy or superseded output
rollups\8M6CL_center_smp_report\assets\wafer_6762806.png,wafer_6762806.png,.png,64411,62.9,0.061,2026-05-12 19:04:45,56.2,56.2,3,rollups,PRODUCTION,archive,rollups\,Medium,legacy or superseded output
rollups\8M6CL_center_smp_report\assets\wafer_6762862.png,wafer_6762862.png,.png,65220,63.69,0.062,2026-05-12 19:04:44,56.2,56.2,3,rollups,PRODUCTION,archive,rollups\,Medium,legacy or superseded output
rollups\8M6CL_center_smp_report\assets\wafer_7250665.png,wafer_7250665.png,.png,64305,62.8,0.061,2026-05-12 19:04:48,56.2,56.2,3,rollups,PRODUCTION,archive,rollups\,Medium,legacy or superseded output
rollups\8M6CL_center_smp_report\assets\wafer_7443513.png,wafer_7443513.png,.png,64038,62.54,0.061,2026-05-12 19:04:45,56.2,56.2,3,rollups,PRODUCTION,archive,rollups\,Medium,legacy or superseded output
rollups\8M6CL_center_smp_report\assets\wafer_7447549.png,wafer_7447549.png,.png,64455,62.94,0.061,2026-05-12 19:04:50,56.2,56.2,3,rollups,PRODUCTION,archive,rollups\,Medium,legacy or superseded output
rollups\8M6CL_center_smp_report\assets\wafer_7551573.png,wafer_7551573.png,.png,64103,62.6,0.061,2026-05-12 19:04:51,56.2,56.2,3,rollups,PRODUCTION,archive,rollups\,Medium,legacy or superseded output
rollups\8M6CL_center_smp_report\assets\wafer_7569725.png,wafer_7569725.png,.png,67832,66.24,0.065,2026-05-12 19:04:44,56.2,56.2,3,rollups,PRODUCTION,archive,rollups\,Medium,legacy or superseded output
rollups\8M6CL_center_smp_report\assets\wafer_7591359.png,wafer_7591359.png,.png,63664,62.17,0.061,2026-05-12 19:04:46,56.2,56.2,3,rollups,PRODUCTION,archive,rollups\,Medium,legacy or superseded output
rollups\8M6CL_center_smp_report\assets\wafer_7665356.png,wafer_7665356.png,.png,64279,62.77,0.061,2026-05-12 19:04:45,56.2,56.2,3,rollups,PRODUCTION,archive,rollups\,Medium,legacy or superseded output
rollups\8M6CL_center_smp_report\assets\wafer_7673465.png,wafer_7673465.png,.png,63832,62.34,0.061,2026-05-12 19:04:47,56.2,56.2,3,rollups,PRODUCTION,archive,rollups\,Medium,legacy or superseded output
rollups\8M6CL_center_smp_report\assets\wafer_7675191.png,wafer_7675191.png,.png,64444,62.93,0.061,2026-05-12 19:04:45,56.2,56.2,3,rollups,PRODUCTION,archive,rollups\,Medium,legacy or superseded output
rollups\8M6CL_center_smp_report\assets\wafer_7702020.png,wafer_7702020.png,.png,68847,67.23,0.066,2026-05-12 19:04:44,56.2,56.2,3,rollups,PRODUCTION,archive,rollups\,Medium,legacy or superseded output
rollups\8M6CL_center_smp_report\assets\wafer_7738629.png,wafer_7738629.png,.png,63459,61.97,0.061,2026-05-12 19:04:47,56.2,56.2,3,rollups,PRODUCTION,archive,rollups\,Medium,legacy or superseded output
rollups\8M6CL_center_smp_report\assets\wafer_7742220.png,wafer_7742220.png,.png,58389,57.02,0.056,2026-05-12 19:04:47,56.2,56.2,3,rollups,PRODUCTION,archive,rollups\,Medium,legacy or superseded output
rollups\8M6CL_center_smp_report\assets\wafer_7742439.png,wafer_7742439.png,.png,59375,57.98,0.057,2026-05-12 19:04:48,56.2,56.2,3,rollups,PRODUCTION,archive,rollups\,Medium,legacy or superseded output
rollups\8M6CL_center_smp_report\assets\wafer_7742457.png,wafer_7742457.png,.png,64703,63.19,0.062,2026-05-12 19:04:48,56.2,56.2,3,rollups,PRODUCTION,archive,rollups\,Medium,legacy or superseded output
rollups\8M6CL_center_smp_report\assets\wafer_7742509.png,wafer_7742509.png,.png,65176,63.65,0.062,2026-05-12 19:04:48,56.2,56.2,3,rollups,PRODUCTION,archive,rollups\,Medium,legacy or superseded output
rollups\8M6CL_center_smp_report\assets\wafer_7742528.png,wafer_7742528.png,.png,64901,63.38,0.062,2026-05-12 19:04:47,56.2,56.2,3,rollups,PRODUCTION,archive,rollups\,Medium,legacy or superseded output
rollups\8M6CL_center_smp_report\assets\wafer_7777360.png,wafer_7777360.png,.png,60847,59.42,0.058,2026-05-12 19:04:46,56.2,56.2,3,rollups,PRODUCTION,archive,rollups\,Medium,legacy or superseded output
rollups\8M6CL_center_smp_report\assets\wafer_7777450.png,wafer_7777450.png,.png,70111,68.47,0.067,2026-05-12 19:04:50,56.2,56.2,3,rollups,PRODUCTION,archive,rollups\,Medium,legacy or superseded output
rollups\8M6CL_center_smp_report\assets\wafer_7777511.png,wafer_7777511.png,.png,64144,62.64,0.061,2026-05-12 19:04:45,56.2,56.2,3,rollups,PRODUCTION,archive,rollups\,Medium,legacy or superseded output
rollups\8M6CL_center_smp_report\assets\wafer_7779492.png,wafer_7779492.png,.png,63595,62.1,0.061,2026-05-12 19:04:51,56.2,56.2,3,rollups,PRODUCTION,archive,rollups\,Medium,legacy or superseded output
rollups\8M6CL_center_smp_report\assets\wafer_7806233.png,wafer_7806233.png,.png,64930,63.41,0.062,2026-05-12 19:04:46,56.2,56.2,3,rollups,PRODUCTION,archive,rollups\,Medium,legacy or superseded output
rollups\8M6CL_center_smp_report\assets\wafer_7806251.png,wafer_7806251.png,.png,64218,62.71,0.061,2026-05-12 19:04:46,56.2,56.2,3,rollups,PRODUCTION,archive,rollups\,Medium,legacy or superseded output
rollups\8M6CL_center_smp_report\assets\wafer_7814288.png,wafer_7814288.png,.png,67179,65.6,0.064,2026-05-12 19:04:50,56.2,56.2,3,rollups,PRODUCTION,archive,rollups\,Medium,legacy or superseded output
rollups\8M6CL_center_smp_report\assets\wafer_7818339.png,wafer_7818339.png,.png,65205,63.68,0.062,2026-05-12 19:04:49,56.2,56.2,3,rollups,PRODUCTION,archive,rollups\,Medium,legacy or superseded output
rollups\8M6CL_center_smp_report\assets\wafer_7837348.png,wafer_7837348.png,.png,63982,62.48,0.061,2026-05-12 19:04:50,56.2,56.2,3,rollups,PRODUCTION,archive,rollups\,Medium,legacy or superseded output
rollups\8M6CL_center_smp_report\assets\wafer_7843750.png,wafer_7843750.png,.png,63793,62.3,0.061,2026-05-12 19:04:48,56.2,56.2,3,rollups,PRODUCTION,archive,rollups\,Medium,legacy or superseded output
rollups\8M6CL_center_smp_report\assets\wafer_7849137.png,wafer_7849137.png,.png,64316,62.81,0.061,2026-05-12 19:04:50,56.2,56.2,3,rollups,PRODUCTION,archive,rollups\,Medium,legacy or superseded output
rollups\8M6CL_center_smp_report\assets\wafer_7907507.png,wafer_7907507.png,.png,64628,63.11,0.062,2026-05-12 19:04:51,56.2,56.2,3,rollups,PRODUCTION,archive,rollups\,Medium,legacy or superseded output
rollups\8M6CL_center_smp_report\assets\wafer_7907584.png,wafer_7907584.png,.png,66600,65.04,0.064,2026-05-12 19:04:51,56.2,56.2,3,rollups,PRODUCTION,archive,rollups\,Medium,legacy or superseded output
rollups\8M6CL_center_smp_report\assets\wafer_7912570.png,wafer_7912570.png,.png,58091,56.73,0.055,2026-05-12 19:04:52,56.2,56.2,3,rollups,PRODUCTION,archive,rollups\,Medium,legacy or superseded output
rollups\8M6CL_center_smp_report\assets\wafer_7940620.png,wafer_7940620.png,.png,61247,59.81,0.058,2026-05-12 19:04:49,56.2,56.2,3,rollups,PRODUCTION,archive,rollups\,Medium,legacy or superseded output
rollups\8M6CL_center_smp_report\assets\wafer_7940774.png,wafer_7940774.png,.png,64493,62.98,0.062,2026-05-12 19:04:49,56.2,56.2,3,rollups,PRODUCTION,archive,rollups\,Medium,legacy or superseded output
rollups\8M6CL_center_smp_report\assets\wafer_7940781.png,wafer_7940781.png,.png,64993,63.47,0.062,2026-05-12 19:04:49,56.2,56.2,3,rollups,PRODUCTION,archive,rollups\,Medium,legacy or superseded output
rollups\8M6CL_center_smp_report\assets\wafer_7944819.png,wafer_7944819.png,.png,65258,63.73,0.062,2026-05-12 19:04:52,56.2,56.2,3,rollups,PRODUCTION,archive,rollups\,Medium,legacy or superseded output
rollups\8M6CL_center_smp_report\assets\wafer_8010043.png,wafer_8010043.png,.png,67790,66.2,0.065,2026-05-12 19:04:52,56.2,56.2,3,rollups,PRODUCTION,archive,rollups\,Medium,legacy or superseded output
rollups\8M6CL_center_smp_report\assets\wafer_8050016.png,wafer_8050016.png,.png,66122,64.57,0.063,2026-05-12 19:04:53,56.2,56.2,3,rollups,PRODUCTION,archive,rollups\,Medium,legacy or superseded output
rollups\8M6CL_center_smp_report\assets\wafer_8085655.png,wafer_8085655.png,.png,66825,65.26,0.064,2026-05-12 19:04:52,56.2,56.2,3,rollups,PRODUCTION,archive,rollups\,Medium,legacy or superseded output
rollups\8M6CL_center_smp_report\assets\wafer_8085707.png,wafer_8085707.png,.png,67329,65.75,0.064,2026-05-12 19:04:53,56.2,56.2,3,rollups,PRODUCTION,archive,rollups\,Medium,legacy or superseded output
rollups\8M6CL_center_smp_report\assets\wafer_8085780.png,wafer_8085780.png,.png,58545,57.17,0.056,2026-05-12 19:04:53,56.2,56.2,3,rollups,PRODUCTION,archive,rollups\,Medium,legacy or superseded output
rollups\8M6CL_center_smp_report\assets\wafer_8085884.png,wafer_8085884.png,.png,65873,64.33,0.063,2026-05-12 19:04:53,56.2,56.2,3,rollups,PRODUCTION,archive,rollups\,Medium,legacy or superseded output
rollups\__pycache__\YPO_STATUS_iGPT.cpython-311.pyc,YPO_STATUS_iGPT.cpython-311.pyc,.pyc,26486,25.87,0.025,2026-06-29 17:51:41,8.2,8.2,2,rollups,PRODUCTION,archive,rollups\,Medium,legacy or superseded output
rollups\AME409_PM6\2026_ALL_EDX_COORDINATES.csv,2026_ALL_EDX_COORDINATES.csv,.csv,3549470,3466.28,3.385,2026-06-30 20:35:31,7.1,7.1,2,rollups,PRODUCTION,archive,rollups\,Medium,legacy or superseded output
rollups\AME409_PM6\2026_AME409_PM6_EDX_COORDINATES.csv,2026_AME409_PM6_EDX_COORDINATES.csv,.csv,38333,37.43,0.037,2026-06-30 18:55:21,7.2,7.2,2,rollups,PRODUCTION,archive,rollups\,Medium,legacy or superseded output
"rollups\AME409_PM6\SS_COORDINATES By (TITANIUM, IRON, NICKEL).csv","SS_COORDINATES By (TITANIUM, IRON, NICKEL).csv",.csv,197,0.19,0.0,2026-07-01 18:24:40,6.2,6.2,2,rollups,PRODUCTION,archive,rollups\,Medium,legacy or superseded output
"rollups\AME409_PM6\SS_COORDINATES By (TITANIUM, NICKEL).csv","SS_COORDINATES By (TITANIUM, NICKEL).csv",.csv,311,0.3,0.0,2026-07-01 18:40:02,6.2,6.2,2,rollups,PRODUCTION,archive,rollups\,Medium,legacy or superseded output
"rollups\AME409_PM6\SUBSET_SS_COORDINATES 2 By (PRIMARY_EQUIP, INSPECTION_TIME, TITANIUM, NICKEL).csv","SUBSET_SS_COORDINATES 2 By (PRIMARY_EQUIP, INSPECTION_TIME, TITANIUM, NICKEL).csv",.csv,701,0.68,0.001,2026-07-01 18:43:53,6.2,6.2,2,rollups,PRODUCTION,archive,rollups\,Medium,legacy or superseded output
"rollups\AME409_PM6\SUBSET_SS_COORDINATES By (INSPECTION_TIME, PRIMARY_EQUIP, TITANIUM, IRON, NICKEL).csv","SUBSET_SS_COORDINATES By (INSPECTION_TIME, PRIMARY_EQUIP, TITANIUM, IRON, NICKEL).csv",.csv,572,0.56,0.001,2026-07-01 18:34:48,6.2,6.2,2,rollups,PRODUCTION,archive,rollups\,Medium,legacy or superseded output
"rollups\AME409_PM6\SUBSET_SS_COORDINATES By (INSPECTION_TIME, PRIMARY_EQUIP, TITANIUM, IRON, NICKEL).jmp","SUBSET_SS_COORDINATES By (INSPECTION_TIME, PRIMARY_EQUIP, TITANIUM, IRON, NICKEL).jmp",.jmp,1989,1.94,0.002,2026-07-01 18:34:11,6.2,6.2,2,rollups,PRODUCTION,archive,rollups\,Medium,legacy or superseded output
"rollups\AME409_PM6\Ti+Ni (INSPECTION_TIME, PRIMARY_EQUIP, TITANIUM, NICKEL).csv","Ti+Ni (INSPECTION_TIME, PRIMARY_EQUIP, TITANIUM, NICKEL).csv",.csv,608,0.59,0.001,2026-06-30 22:22:48,7.0,7.0,2,rollups,PRODUCTION,archive,rollups\,Medium,legacy or superseded output
rollups\ame427_pm3_recent_pmeasured_report_20260625_092821.html,ame427_pm3_recent_pmeasured_report_20260625_092821.html,.html,1860,1.82,0.002,2026-06-25 16:28:22,12.3,12.3,1,rollups,PRODUCTION,archive,rollups\,Medium,legacy or superseded output
rollups\BEEP_SMP_correlation\beep_smp_spatial_analysis.py,beep_smp_spatial_analysis.py,.py,10412,10.17,0.01,2026-05-11 20:21:28,57.1,57.1,2,rollups,PRODUCTION,archive,rollups\,Medium,legacy or superseded output
rollups\BEEP_SMP_correlation\build_suspicious_html_report.py,build_suspicious_html_report.py,.py,12483,12.19,0.012,2026-05-11 20:21:28,57.1,57.1,2,rollups,PRODUCTION,archive,rollups\,Medium,legacy or superseded output
rollups\BEEP_SMP_correlation\outputs\beep_smp_status_summary.csv,beep_smp_status_summary.csv,.csv,390,0.38,0.0,2026-05-11 19:41:09,57.2,57.2,3,rollups,PRODUCTION,archive,rollups\,Medium,legacy or superseded output
rollups\BEEP_SMP_correlation\outputs\beep_smp_suspicious_bsl_significant.csv,beep_smp_suspicious_bsl_significant.csv,.csv,239,0.23,0.0,2026-05-11 19:41:09,57.2,57.2,3,rollups,PRODUCTION,archive,rollups\,Medium,legacy or superseded output
rollups\BEEP_SMP_correlation\outputs\beep_smp_suspicious_bsl_top.csv,beep_smp_suspicious_bsl_top.csv,.csv,9670,9.44,0.009,2026-05-11 19:41:09,57.2,57.2,3,rollups,PRODUCTION,archive,rollups\,Medium,legacy or superseded output
rollups\BEEP_SMP_correlation\outputs\beep_smp_suspicious_highflier_significant.csv,beep_smp_suspicious_highflier_significant.csv,.csv,503,0.49,0.0,2026-05-11 19:41:09,57.2,57.2,3,rollups,PRODUCTION,archive,rollups\,Medium,legacy or superseded output
rollups\BEEP_SMP_correlation\outputs\beep_smp_suspicious_highflier_top.csv,beep_smp_suspicious_highflier_top.csv,.csv,11896,11.62,0.011,2026-05-11 19:41:09,57.2,57.2,3,rollups,PRODUCTION,archive,rollups\,Medium,legacy or superseded output
rollups\BEEP_SMP_correlation\outputs\beep_smp_suspicious_significant.csv,beep_smp_suspicious_significant.csv,.csv,503,0.49,0.0,2026-05-11 19:41:09,57.2,57.2,3,rollups,PRODUCTION,archive,rollups\,Medium,legacy or superseded output
rollups\BEEP_SMP_correlation\outputs\beep_smp_suspicious_top.csv,beep_smp_suspicious_top.csv,.csv,11632,11.36,0.011,2026-05-11 19:41:09,57.2,57.2,3,rollups,PRODUCTION,archive,rollups\,Medium,legacy or superseded output
rollups\BEEP_SMP_correlation\outputs\beep_smp_wafer_metrics.csv,beep_smp_wafer_metrics.csv,.csv,94526,92.31,0.09,2026-05-11 19:41:09,57.2,57.2,3,rollups,PRODUCTION,archive,rollups\,Medium,legacy or superseded output
rollups\BEEP_SMP_correlation\outputs\report\assets\GT7EJ039JKE4_8M6CL_wafermap.png,GT7EJ039JKE4_8M6CL_wafermap.png,.png,48595,47.46,0.046,2026-05-11 19:41:32,57.2,57.2,5,rollups,PRODUCTION,archive,rollups\,Medium,legacy or superseded output
rollups\BEEP_SMP_correlation\outputs\report\beep_smp_suspicious_report.html,beep_smp_suspicious_report.html,.html,12436,12.14,0.012,2026-05-11 19:41:32,57.2,57.2,4,rollups,PRODUCTION,archive,rollups\,Medium,legacy or superseded output
rollups\BEEP_SMP_correlation\outputs\report_top\assets\A0WWD002SLG3_8M6CL_wafermap.png,A0WWD002SLG3_8M6CL_wafermap.png,.png,48257,47.13,0.046,2026-05-11 20:19:37,57.1,57.1,5,rollups,PRODUCTION,archive,rollups\,Medium,legacy or superseded output
rollups\BEEP_SMP_correlation\outputs\report_top\assets\A1ZWJ063SLB4_8M6CL_wafermap.png,A1ZWJ063SLB4_8M6CL_wafermap.png,.png,50753,49.56,0.048,2026-05-11 20:19:34,57.1,57.1,5,rollups,PRODUCTION,archive,rollups\,Medium,legacy or superseded output
rollups\BEEP_SMP_correlation\outputs\report_top\assets\A21JF113SLB1_8M5CL_wafermap.png,A21JF113SLB1_8M5CL_wafermap.png,.png,51478,50.27,0.049,2026-05-11 20:19:35,57.1,57.1,5,rollups,PRODUCTION,archive,rollups\,Medium,legacy or superseded output
rollups\BEEP_SMP_correlation\outputs\report_top\assets\GF4HU728JKB0_8M5CL_wafermap.png,GF4HU728JKB0_8M5CL_wafermap.png,.png,47139,46.03,0.045,2026-05-11 20:19:36,57.1,57.1,5,rollups,PRODUCTION,archive,rollups\,Medium,legacy or superseded output
rollups\BEEP_SMP_correlation\outputs\report_top\assets\GF6TK024JKE0_8M5CL_wafermap.png,GF6TK024JKE0_8M5CL_wafermap.png,.png,47734,46.62,0.046,2026-05-11 20:19:36,57.1,57.1,5,rollups,PRODUCTION,archive,rollups\,Medium,legacy or superseded output
rollups\BEEP_SMP_correlation\outputs\report_top\assets\GJ2VG415JKF5_8M5CL_wafermap.png,GJ2VG415JKF5_8M5CL_wafermap.png,.png,47280,46.17,0.045,2026-05-11 20:19:37,57.1,57.1,5,rollups,PRODUCTION,archive,rollups\,Medium,legacy or superseded output
rollups\BEEP_SMP_correlation\outputs\report_top\assets\GL1KD158JKD4_8M5CL_wafermap.png,GL1KD158JKD4_8M5CL_wafermap.png,.png,47043,45.94,0.045,2026-05-11 20:19:38,57.1,57.1,5,rollups,PRODUCTION,archive,rollups\,Medium,legacy or superseded output
rollups\BEEP_SMP_correlation\outputs\report_top\assets\GM2AZ280JKG6_8M5CL_wafermap.png,GM2AZ280JKG6_8M5CL_wafermap.png,.png,55542,54.24,0.053,2026-05-11 20:19:34,57.1,57.1,5,rollups,PRODUCTION,archive,rollups\,Medium,legacy or superseded output
rollups\BEEP_SMP_correlation\outputs\report_top\assets\GN8TU178JDE7_8M5CL_wafermap.png,GN8TU178JDE7_8M5CL_wafermap.png,.png,56857,55.52,0.054,2026-05-11 20:19:35,57.1,57.1,5,rollups,PRODUCTION,archive,rollups\,Medium,legacy or superseded output
rollups\BEEP_SMP_correlation\outputs\report_top\assets\GN8TU182JDG0_8M5CL_wafermap.png,GN8TU182JDG0_8M5CL_wafermap.png,.png,47190,46.08,0.045,2026-05-11 20:19:37,57.1,57.1,5,rollups,PRODUCTION,archive,rollups\,Medium,legacy or superseded output
rollups\BEEP_SMP_correlation\outputs\report_top\assets\GP1WY279JKB6_8M5CL_wafermap.png,GP1WY279JKB6_8M5CL_wafermap.png,.png,58865,57.49,0.056,2026-05-11 20:19:35,57.1,57.1,5,rollups,PRODUCTION,archive,rollups\,Medium,legacy or superseded output
rollups\BEEP_SMP_correlation\outputs\report_top\assets\GP2EG377JKH2_8M6CL_wafermap.png,GP2EG377JKH2_8M6CL_wafermap.png,.png,47913,46.79,0.046,2026-05-11 20:19:35,57.1,57.1,5,rollups,PRODUCTION,archive,rollups\,Medium,legacy or superseded output
rollups\BEEP_SMP_correlation\outputs\report_top\assets\GP3CE132JKB6_8M6CL_wafermap.png,GP3CE132JKB6_8M6CL_wafermap.png,.png,47729,46.61,0.046,2026-05-11 20:19:38,57.1,57.1,5,rollups,PRODUCTION,archive,rollups\,Medium,legacy or superseded output
rollups\BEEP_SMP_correlation\outputs\report_top\assets\GP4QB040JKE4_8M5CL_wafermap.png,GP4QB040JKE4_8M5CL_wafermap.png,.png,54383,53.11,0.052,2026-05-11 20:19:35,57.1,57.1,5,rollups,PRODUCTION,archive,rollups\,Medium,legacy or superseded output
rollups\BEEP_SMP_correlation\outputs\report_top\assets\GP6ZP329JKA6_8M6CL_wafermap.png,GP6ZP329JKA6_8M6CL_wafermap.png,.png,47915,46.79,0.046,2026-05-11 20:19:38,57.1,57.1,5,rollups,PRODUCTION,archive,rollups\,Medium,legacy or superseded output
rollups\BEEP_SMP_correlation\outputs\report_top\assets\GQ0VB539JKE6_8M6CL_wafermap.png,GQ0VB539JKE6_8M6CL_wafermap.png,.png,48387,47.25,0.046,2026-05-11 20:19:37,57.1,57.1,5,rollups,PRODUCTION,archive,rollups\,Medium,legacy or superseded output
rollups\BEEP_SMP_correlation\outputs\report_top\assets\GS8QK540JKE3_8M5CL_wafermap.png,GS8QK540JKE3_8M5CL_wafermap.png,.png,47914,46.79,0.046,2026-05-11 20:19:38,57.1,57.1,5,rollups,PRODUCTION,archive,rollups\,Medium,legacy or superseded output
rollups\BEEP_SMP_correlation\outputs\report_top\assets\GT7EJ039JKE4_8M6CL_wafermap.png,GT7EJ039JKE4_8M6CL_wafermap.png,.png,48595,47.46,0.046,2026-05-11 20:19:34,57.1,57.1,5,rollups,PRODUCTION,archive,rollups\,Medium,legacy or superseded output
rollups\BEEP_SMP_correlation\outputs\report_top\assets\KHPRA001WFE6_8M6CL_wafermap.png,KHPRA001WFE6_8M6CL_wafermap.png,.png,47312,46.2,0.045,2026-05-11 20:19:36,57.1,57.1,5,rollups,PRODUCTION,archive,rollups\,Medium,legacy or superseded output
rollups\BEEP_SMP_correlation\outputs\report_top\assets\KJ09W375WFF4_8M6CL_wafermap.png,KJ09W375WFF4_8M6CL_wafermap.png,.png,49153,48.0,0.047,2026-05-11 20:19:34,57.1,57.1,5,rollups,PRODUCTION,archive,rollups\,Medium,legacy or superseded output
rollups\BEEP_SMP_correlation\outputs\report_top\assets\KJ0WQ339WFD6_8M5CL_wafermap.png,KJ0WQ339WFD6_8M5CL_wafermap.png,.png,58505,57.13,0.056,2026-05-11 20:19:34,57.1,57.1,5,rollups,PRODUCTION,archive,rollups\,Medium,legacy or superseded output
rollups\BEEP_SMP_correlation\outputs\report_top\assets\KJ3FM063WFG4_8M5CL_wafermap.png,KJ3FM063WFG4_8M5CL_wafermap.png,.png,47073,45.97,0.045,2026-05-11 20:19:36,57.1,57.1,5,rollups,PRODUCTION,archive,rollups\,Medium,legacy or superseded output
rollups\BEEP_SMP_correlation\outputs\report_top\assets\KJ7HC014WFF3_8M5CL_wafermap.png,KJ7HC014WFF3_8M5CL_wafermap.png,.png,49152,48.0,0.047,2026-05-11 20:19:36,57.1,57.1,5,rollups,PRODUCTION,archive,rollups\,Medium,legacy or superseded output
rollups\BEEP_SMP_correlation\outputs\report_top\assets\MC0EQ621WAC4_8M5CL_wafermap.png,MC0EQ621WAC4_8M5CL_wafermap.png,.png,48663,47.52,0.046,2026-05-11 20:19:34,57.1,57.1,5,rollups,PRODUCTION,archive,rollups\,Medium,legacy or superseded output
rollups\BEEP_SMP_correlation\outputs\report_top\assets\MCCYF877WAA1_8M6CL_wafermap.png,MCCYF877WAA1_8M6CL_wafermap.png,.png,49700,48.54,0.047,2026-05-11 20:19:35,57.1,57.1,5,rollups,PRODUCTION,archive,rollups\,Medium,legacy or superseded output
rollups\BEEP_SMP_correlation\outputs\report_top\beep_smp_suspicious_report.html,beep_smp_suspicious_report.html,.html,53519,52.26,0.051,2026-05-11 20:19:38,57.1,57.1,4,rollups,PRODUCTION,archive,rollups\,Medium,legacy or superseded output
rollups\BEEP_SMP_correlation\problem statement.md,problem statement.md,.md,1702,1.66,0.002,2026-05-11 19:13:16,57.2,57.2,2,rollups,PRODUCTION,archive,rollups\,Medium,legacy or superseded output
rollups\PREvsPST\__pycache__\pre_pst_regen_sidecar.cpython-311.pyc,pre_pst_regen_sidecar.cpython-311.pyc,.pyc,16895,16.5,0.016,2026-07-06 03:15:10,1.8,1.8,3,rollups,PRODUCTION,archive,rollups\,Medium,legacy or superseded output
rollups\PREvsPST\pre_pst_regen_join_summary.json,pre_pst_regen_join_summary.json,.json,845,0.83,0.001,2026-07-06 02:43:59,1.9,1.9,2,rollups,PRODUCTION,archive,rollups\,Medium,legacy or superseded output
rollups\PREvsPST\pre_pst_regen_joined.csv,pre_pst_regen_joined.csv,.csv,89776,87.67,0.086,2026-07-06 02:43:59,1.9,1.9,2,rollups,PRODUCTION,archive,rollups\,Medium,legacy or superseded output
rollups\PREvsPST\pre_pst_regen_sidecar.py,pre_pst_regen_sidecar.py,.py,10872,10.62,0.01,2026-07-06 03:14:13,1.8,1.8,2,rollups,PRODUCTION,archive,rollups\,Medium,legacy or superseded output
rollups\PREvsPST\pre_vs_pst_180d_180d_20260702_101339\pre_defects_raw.csv,pre_defects_raw.csv,.csv,2,0.0,0.0,2026-07-02 17:13:58,5.3,5.3,3,rollups,PRODUCTION,archive,rollups\,Medium,legacy or superseded output
rollups\PREvsPST\pre_vs_pst_180d_180d_20260702_101339\pre_match_diagnostics.csv,pre_match_diagnostics.csv,.csv,498940,487.25,0.476,2026-07-02 17:14:10,5.3,5.3,3,rollups,PRODUCTION,archive,rollups\,Medium,legacy or superseded output
rollups\PREvsPST\pre_vs_pst_180d_180d_20260702_101339\pre_metrics_raw.csv,pre_metrics_raw.csv,.csv,744150,726.71,0.71,2026-07-02 17:13:55,5.3,5.3,3,rollups,PRODUCTION,archive,rollups\,Medium,legacy or superseded output
rollups\PREvsPST\pre_vs_pst_180d_180d_20260702_101339\pre_pst_joined.csv,pre_pst_joined.csv,.csv,1671400,1632.23,1.594,2026-07-02 17:14:08,5.3,5.3,3,rollups,PRODUCTION,archive,rollups\,Medium,legacy or superseded output
rollups\PREvsPST\pre_vs_pst_180d_180d_20260702_101339\pst_defects_raw.csv,pst_defects_raw.csv,.csv,2,0.0,0.0,2026-07-02 17:13:58,5.3,5.3,3,rollups,PRODUCTION,archive,rollups\,Medium,legacy or superseded output
rollups\PREvsPST\pre_vs_pst_180d_180d_20260702_101339\pst_metrics_raw.csv,pst_metrics_raw.csv,.csv,642394,627.34,0.613,2026-07-02 17:13:58,5.3,5.3,3,rollups,PRODUCTION,archive,rollups\,Medium,legacy or superseded output
rollups\PREvsPST\pre_vs_pst_180d_180d_20260702_101339\run_summary.json,run_summary.json,.json,1651,1.61,0.002,2026-07-02 17:14:10,5.3,5.3,3,rollups,PRODUCTION,archive,rollups\,Medium,legacy or superseded output
rollups\PREvsPST\pre_vs_pst_730d_730d_20260702_104133\pre_defects_raw.csv,pre_defects_raw.csv,.csv,2,0.0,0.0,2026-07-02 17:42:09,5.2,5.2,3,rollups,PRODUCTION,archive,rollups\,Medium,legacy or superseded output
rollups\PREvsPST\pre_vs_pst_730d_730d_20260702_104133\pre_match_diagnostics.csv,pre_match_diagnostics.csv,.csv,1041252,1016.85,0.993,2026-07-02 17:42:23,5.2,5.2,3,rollups,PRODUCTION,archive,rollups\,Medium,legacy or superseded output
rollups\PREvsPST\pre_vs_pst_730d_730d_20260702_104133\pre_metrics_raw.csv,pre_metrics_raw.csv,.csv,1561905,1525.3,1.49,2026-07-02 17:42:05,5.2,5.2,3,rollups,PRODUCTION,archive,rollups\,Medium,legacy or superseded output
rollups\PREvsPST\pre_vs_pst_730d_730d_20260702_104133\pre_pst_joined.csv,pre_pst_joined.csv,.csv,3442377,3361.7,3.283,2026-07-02 17:42:20,5.2,5.2,3,rollups,PRODUCTION,archive,rollups\,Medium,legacy or superseded output
rollups\PREvsPST\pre_vs_pst_730d_730d_20260702_104133\pst_defects_raw.csv,pst_defects_raw.csv,.csv,2,0.0,0.0,2026-07-02 17:42:09,5.2,5.2,3,rollups,PRODUCTION,archive,rollups\,Medium,legacy or superseded output
rollups\PREvsPST\pre_vs_pst_730d_730d_20260702_104133\pst_metrics_raw.csv,pst_metrics_raw.csv,.csv,1317104,1286.23,1.256,2026-07-02 17:42:09,5.2,5.2,3,rollups,PRODUCTION,archive,rollups\,Medium,legacy or superseded output
rollups\PREvsPST\pre_vs_pst_730d_730d_20260702_104133\run_summary.json,run_summary.json,.json,1691,1.65,0.002,2026-07-02 17:42:23,5.2,5.2,3,rollups,PRODUCTION,archive,rollups\,Medium,legacy or superseded output
rollups\PREvsPST\pre_vs_pst_730d_v2_730d_20260702_204722\pre_defects_raw.csv,pre_defects_raw.csv,.csv,2,0.0,0.0,2026-07-03 03:47:49,4.8,4.8,3,rollups,PRODUCTION,archive,rollups\,Medium,legacy or superseded output
rollups\PREvsPST\pre_vs_pst_730d_v2_730d_20260702_204722\pre_match_diagnostics.csv,pre_match_diagnostics.csv,.csv,1061839,1036.95,1.013,2026-07-03 03:48:08,4.8,4.8,3,rollups,PRODUCTION,archive,rollups\,Medium,legacy or superseded output
rollups\PREvsPST\pre_vs_pst_730d_v2_730d_20260702_204722\pre_metrics_raw.csv,pre_metrics_raw.csv,.csv,1307180,1276.54,1.247,2026-07-03 03:47:44,4.8,4.8,3,rollups,PRODUCTION,archive,rollups\,Medium,legacy or superseded output
rollups\PREvsPST\pre_vs_pst_730d_v2_730d_20260702_204722\pre_pst_joined.csv,pre_pst_joined.csv,.csv,3392351,3312.84,3.235,2026-07-03 03:48:04,4.8,4.8,3,rollups,PRODUCTION,archive,rollups\,Medium,legacy or superseded output
rollups\PREvsPST\pre_vs_pst_730d_v2_730d_20260702_204722\pst_defects_raw.csv,pst_defects_raw.csv,.csv,2,0.0,0.0,2026-07-03 03:47:49,4.8,4.8,3,rollups,PRODUCTION,archive,rollups\,Medium,legacy or superseded output
rollups\PREvsPST\pre_vs_pst_730d_v2_730d_20260702_204722\pst_metrics_raw.csv,pst_metrics_raw.csv,.csv,1100062,1074.28,1.049,2026-07-03 03:47:48,4.8,4.8,3,rollups,PRODUCTION,archive,rollups\,Medium,legacy or superseded output
rollups\PREvsPST\pre_vs_pst_730d_v2_730d_20260702_204722\run_summary.json,run_summary.json,.json,1504,1.47,0.001,2026-07-03 03:48:09,4.8,4.8,3,rollups,PRODUCTION,archive,rollups\,Medium,legacy or superseded output
rollups\PREvsPST\pre_vs_pst_730d_v3_730d_20260703_102256\pre_defects_raw.csv,pre_defects_raw.csv,.csv,2,0.0,0.0,2026-07-03 17:23:44,4.2,4.2,3,rollups,PRODUCTION,archive,rollups\,Medium,legacy or superseded output
rollups\PREvsPST\pre_vs_pst_730d_v3_730d_20260703_102256\pre_match_diagnostics.csv,pre_match_diagnostics.csv,.csv,1062323,1037.42,1.013,2026-07-03 17:24:00,4.2,4.2,3,rollups,PRODUCTION,archive,rollups\,Medium,legacy or superseded output
rollups\PREvsPST\pre_vs_pst_730d_v3_730d_20260703_102256\pre_metrics_raw.csv,pre_metrics_raw.csv,.csv,1307564,1276.92,1.247,2026-07-03 17:23:40,4.2,4.2,3,rollups,PRODUCTION,archive,rollups\,Medium,legacy or superseded output
rollups\PREvsPST\pre_vs_pst_730d_v3_730d_20260703_102256\pre_pst_joined.csv,pre_pst_joined.csv,.csv,3431584,3351.16,3.273,2026-07-03 17:23:56,4.2,4.2,3,rollups,PRODUCTION,archive,rollups\,Medium,legacy or superseded output
rollups\PREvsPST\pre_vs_pst_730d_v3_730d_20260703_102256\pst_defects_raw.csv,pst_defects_raw.csv,.csv,2,0.0,0.0,2026-07-03 17:23:44,4.2,4.2,3,rollups,PRODUCTION,archive,rollups\,Medium,legacy or superseded output
rollups\PREvsPST\pre_vs_pst_730d_v3_730d_20260703_102256\pst_metrics_raw.csv,pst_metrics_raw.csv,.csv,1100819,1075.02,1.05,2026-07-03 17:23:44,4.2,4.2,3,rollups,PRODUCTION,archive,rollups\,Medium,legacy or superseded output
rollups\PREvsPST\pre_vs_pst_730d_v3_730d_20260703_102256\run_summary.json,run_summary.json,.json,1504,1.47,0.001,2026-07-03 17:24:00,4.2,4.2,3,rollups,PRODUCTION,archive,rollups\,Medium,legacy or superseded output
rollups\PREvsPST\pre_vs_pst_730d_v4_730d_20260704_212223\pre_defects_raw.csv,pre_defects_raw.csv,.csv,2,0.0,0.0,2026-07-05 04:23:03,2.8,2.8,3,rollups,PRODUCTION,archive,rollups\,Medium,legacy or superseded output
rollups\PREvsPST\pre_vs_pst_730d_v4_730d_20260704_212223\pre_match_diagnostics.csv,pre_match_diagnostics.csv,.csv,1275174,1245.29,1.216,2026-07-05 04:23:33,2.8,2.8,3,rollups,PRODUCTION,archive,rollups\,Medium,legacy or superseded output
rollups\PREvsPST\pre_vs_pst_730d_v4_730d_20260704_212223\pre_metrics_raw.csv,pre_metrics_raw.csv,.csv,1555996,1519.53,1.484,2026-07-05 04:22:57,2.8,2.8,3,rollups,PRODUCTION,archive,rollups\,Medium,legacy or superseded output
rollups\PREvsPST\pre_vs_pst_730d_v4_730d_20260704_212223\pre_pst_joined.csv,pre_pst_joined.csv,.csv,5041479,4923.32,4.808,2026-07-05 04:23:28,2.8,2.8,3,rollups,PRODUCTION,archive,rollups\,Medium,legacy or superseded output
rollups\PREvsPST\pre_vs_pst_730d_v4_730d_20260704_212223\pst_defects_raw.csv,pst_defects_raw.csv,.csv,2,0.0,0.0,2026-07-05 04:23:03,2.8,2.8,3,rollups,PRODUCTION,archive,rollups\,Medium,legacy or superseded output
rollups\PREvsPST\pre_vs_pst_730d_v4_730d_20260704_212223\pst_metrics_raw.csv,pst_metrics_raw.csv,.csv,1298932,1268.49,1.239,2026-07-05 04:23:03,2.8,2.8,3,rollups,PRODUCTION,archive,rollups\,Medium,legacy or superseded output
rollups\PREvsPST\pre_vs_pst_730d_v4_730d_20260704_212223\run_summary.json,run_summary.json,.json,1940,1.89,0.002,2026-07-05 04:23:33,2.8,2.8,3,rollups,PRODUCTION,archive,rollups\,Medium,legacy or superseded output
rollups\PREvsPST\pre_vs_pst_730d_v5_integrated_730d_20260705_194638\pre_defects_raw.csv,pre_defects_raw.csv,.csv,2,0.0,0.0,2026-07-06 02:47:21,1.9,1.9,3,rollups,PRODUCTION,archive,rollups\,Medium,legacy or superseded output
rollups\PREvsPST\pre_vs_pst_730d_v5_integrated_730d_20260705_194638\pre_match_diagnostics.csv,pre_match_diagnostics.csv,.csv,1283286,1253.21,1.224,2026-07-06 02:47:42,1.9,1.9,3,rollups,PRODUCTION,archive,rollups\,Medium,legacy or superseded output
rollups\PREvsPST\pre_vs_pst_730d_v5_integrated_730d_20260705_194638\pre_metrics_raw.csv,pre_metrics_raw.csv,.csv,1564668,1528.0,1.492,2026-07-06 02:47:17,1.9,1.9,3,rollups,PRODUCTION,archive,rollups\,Medium,legacy or superseded output
rollups\PREvsPST\pre_vs_pst_730d_v5_integrated_730d_20260705_194638\pre_pst_joined.csv,pre_pst_joined.csv,.csv,5074916,4955.97,4.84,2026-07-06 02:47:38,1.9,1.9,3,rollups,PRODUCTION,archive,rollups\,Medium,legacy or superseded output
rollups\PREvsPST\pre_vs_pst_730d_v5_integrated_730d_20260705_194638\pre_pst_regen_join_summary.json,pre_pst_regen_join_summary.json,.json,919,0.9,0.001,2026-07-06 02:48:02,1.9,1.9,3,rollups,PRODUCTION,archive,rollups\,Medium,legacy or superseded output
rollups\PREvsPST\pre_vs_pst_730d_v5_integrated_730d_20260705_194638\pre_pst_regen_joined.csv,pre_pst_regen_joined.csv,.csv,5577836,5447.11,5.319,2026-07-06 02:48:02,1.9,1.9,3,rollups,PRODUCTION,archive,rollups\,Medium,legacy or superseded output
rollups\PREvsPST\pre_vs_pst_730d_v5_integrated_730d_20260705_194638\pst_defects_raw.csv,pst_defects_raw.csv,.csv,2,0.0,0.0,2026-07-06 02:47:21,1.9,1.9,3,rollups,PRODUCTION,archive,rollups\,Medium,legacy or superseded output
rollups\PREvsPST\pre_vs_pst_730d_v5_integrated_730d_20260705_194638\pst_metrics_raw.csv,pst_metrics_raw.csv,.csv,1309348,1278.66,1.249,2026-07-06 02:47:21,1.9,1.9,3,rollups,PRODUCTION,archive,rollups\,Medium,legacy or superseded output
rollups\PREvsPST\pre_vs_pst_730d_v5_integrated_730d_20260705_194638\run_summary.json,run_summary.json,.json,3126,3.05,0.003,2026-07-06 02:48:02,1.9,1.9,3,rollups,PRODUCTION,archive,rollups\,Medium,legacy or superseded output
rollups\PREvsPST\pre_vs_pst_730d_v6_fallbackfix_730d_20260705_201511\pre_defects_raw.csv,pre_defects_raw.csv,.csv,2,0.0,0.0,2026-07-06 03:17:02,1.8,1.8,3,rollups,PRODUCTION,archive,rollups\,Medium,legacy or superseded output
rollups\PREvsPST\pre_vs_pst_730d_v6_fallbackfix_730d_20260705_201511\pre_match_diagnostics.csv,pre_match_diagnostics.csv,.csv,1283383,1253.3,1.224,2026-07-06 03:17:49,1.8,1.8,3,rollups,PRODUCTION,archive,rollups\,Medium,legacy or superseded output
rollups\PREvsPST\pre_vs_pst_730d_v6_fallbackfix_730d_20260705_201511\pre_metrics_raw.csv,pre_metrics_raw.csv,.csv,1564797,1528.12,1.492,2026-07-06 03:16:51,1.8,1.8,3,rollups,PRODUCTION,archive,rollups\,Medium,legacy or superseded output
rollups\PREvsPST\pre_vs_pst_730d_v6_fallbackfix_730d_20260705_201511\pre_pst_joined.csv,pre_pst_joined.csv,.csv,5050725,4932.35,4.817,2026-07-06 03:17:39,1.8,1.8,3,rollups,PRODUCTION,archive,rollups\,Medium,legacy or superseded output
rollups\PREvsPST\pre_vs_pst_730d_v6_fallbackfix_730d_20260705_201511\pre_pst_regen_join_summary.json,pre_pst_regen_join_summary.json,.json,921,0.9,0.001,2026-07-06 03:18:34,1.8,1.8,3,rollups,PRODUCTION,archive,rollups\,Medium,legacy or superseded output
rollups\PREvsPST\pre_vs_pst_730d_v6_fallbackfix_730d_20260705_201511\pre_pst_regen_joined.csv,pre_pst_regen_joined.csv,.csv,5563062,5432.68,5.305,2026-07-06 03:18:34,1.8,1.8,3,rollups,PRODUCTION,archive,rollups\,Medium,legacy or superseded output
rollups\PREvsPST\pre_vs_pst_730d_v6_fallbackfix_730d_20260705_201511\pst_defects_raw.csv,pst_defects_raw.csv,.csv,2,0.0,0.0,2026-07-06 03:17:02,1.8,1.8,3,rollups,PRODUCTION,archive,rollups\,Medium,legacy or superseded output
rollups\PREvsPST\pre_vs_pst_730d_v6_fallbackfix_730d_20260705_201511\pst_metrics_raw.csv,pst_metrics_raw.csv,.csv,1309348,1278.66,1.249,2026-07-06 03:17:01,1.8,1.8,3,rollups,PRODUCTION,archive,rollups\,Medium,legacy or superseded output
rollups\PREvsPST\pre_vs_pst_730d_v6_fallbackfix_730d_20260705_201511\run_summary.json,run_summary.json,.json,3128,3.05,0.003,2026-07-06 03:18:34,1.8,1.8,3,rollups,PRODUCTION,archive,rollups\,Medium,legacy or superseded output
rollups\PREvsPST\pre_vs_pst_fullouter_seg_check_7d_20260704_204551\pre_defects_raw.csv,pre_defects_raw.csv,.csv,2,0.0,0.0,2026-07-05 03:46:14,2.8,2.8,3,rollups,PRODUCTION,archive,rollups\,Medium,legacy or superseded output
rollups\PREvsPST\pre_vs_pst_fullouter_seg_check_7d_20260704_204551\pre_match_diagnostics.csv,pre_match_diagnostics.csv,.csv,20626,20.14,0.02,2026-07-05 03:46:18,2.8,2.8,3,rollups,PRODUCTION,archive,rollups\,Medium,legacy or superseded output
rollups\PREvsPST\pre_vs_pst_fullouter_seg_check_7d_20260704_204551\pre_metrics_raw.csv,pre_metrics_raw.csv,.csv,27018,26.38,0.026,2026-07-05 03:46:13,2.8,2.8,3,rollups,PRODUCTION,archive,rollups\,Medium,legacy or superseded output
rollups\PREvsPST\pre_vs_pst_fullouter_seg_check_7d_20260704_204551\pre_pst_joined.csv,pre_pst_joined.csv,.csv,79200,77.34,0.076,2026-07-05 03:46:17,2.8,2.8,3,rollups,PRODUCTION,archive,rollups\,Medium,legacy or superseded output
rollups\PREvsPST\pre_vs_pst_fullouter_seg_check_7d_20260704_204551\pst_defects_raw.csv,pst_defects_raw.csv,.csv,2,0.0,0.0,2026-07-05 03:46:15,2.8,2.8,3,rollups,PRODUCTION,archive,rollups\,Medium,legacy or superseded output
rollups\PREvsPST\pre_vs_pst_fullouter_seg_check_7d_20260704_204551\pst_metrics_raw.csv,pst_metrics_raw.csv,.csv,19481,19.02,0.019,2026-07-05 03:46:14,2.8,2.8,3,rollups,PRODUCTION,archive,rollups\,Medium,legacy or superseded output
rollups\PREvsPST\pre_vs_pst_fullouter_seg_check_7d_20260704_204551\run_summary.json,run_summary.json,.json,1872,1.83,0.002,2026-07-05 03:46:18,2.8,2.8,3,rollups,PRODUCTION,archive,rollups\,Medium,legacy or superseded output
rollups\PREvsPST\pre_vs_pst_fullouter_seg_check_8d_20260704_210205\pre_defects_raw.csv,pre_defects_raw.csv,.csv,2,0.0,0.0,2026-07-05 04:02:17,2.8,2.8,3,rollups,PRODUCTION,archive,rollups\,Medium,legacy or superseded output
rollups\PREvsPST\pre_vs_pst_fullouter_seg_check_8d_20260704_210205\pre_match_diagnostics.csv,pre_match_diagnostics.csv,.csv,26035,25.42,0.025,2026-07-05 04:02:18,2.8,2.8,3,rollups,PRODUCTION,archive,rollups\,Medium,legacy or superseded output
rollups\PREvsPST\pre_vs_pst_fullouter_seg_check_8d_20260704_210205\pre_metrics_raw.csv,pre_metrics_raw.csv,.csv,33926,33.13,0.032,2026-07-05 04:02:16,2.8,2.8,3,rollups,PRODUCTION,archive,rollups\,Medium,legacy or superseded output
rollups\PREvsPST\pre_vs_pst_fullouter_seg_check_8d_20260704_210205\pre_pst_joined.csv,pre_pst_joined.csv,.csv,100879,98.51,0.096,2026-07-05 04:02:18,2.8,2.8,3,rollups,PRODUCTION,archive,rollups\,Medium,legacy or superseded output
rollups\PREvsPST\pre_vs_pst_fullouter_seg_check_8d_20260704_210205\pst_defects_raw.csv,pst_defects_raw.csv,.csv,2,0.0,0.0,2026-07-05 04:02:17,2.8,2.8,3,rollups,PRODUCTION,archive,rollups\,Medium,legacy or superseded output
rollups\PREvsPST\pre_vs_pst_fullouter_seg_check_8d_20260704_210205\pst_metrics_raw.csv,pst_metrics_raw.csv,.csv,25433,24.84,0.024,2026-07-05 04:02:17,2.8,2.8,3,rollups,PRODUCTION,archive,rollups\,Medium,legacy or superseded output
rollups\PREvsPST\pre_vs_pst_fullouter_seg_check_8d_20260704_210205\run_summary.json,run_summary.json,.json,1872,1.83,0.002,2026-07-05 04:02:18,2.8,2.8,3,rollups,PRODUCTION,archive,rollups\,Medium,legacy or superseded output
rollups\PREvsPST\pre_vs_pst_integrated_regen_check_8d_20260705_194604\pre_defects_raw.csv,pre_defects_raw.csv,.csv,2,0.0,0.0,2026-07-06 02:46:15,1.9,1.9,3,rollups,PRODUCTION,archive,rollups\,Medium,legacy or superseded output
rollups\PREvsPST\pre_vs_pst_integrated_regen_check_8d_20260705_194604\pre_match_diagnostics.csv,pre_match_diagnostics.csv,.csv,28300,27.64,0.027,2026-07-06 02:46:15,1.9,1.9,3,rollups,PRODUCTION,archive,rollups\,Medium,legacy or superseded output
rollups\PREvsPST\pre_vs_pst_integrated_regen_check_8d_20260705_194604\pre_metrics_raw.csv,pre_metrics_raw.csv,.csv,36077,35.23,0.034,2026-07-06 02:46:14,1.9,1.9,3,rollups,PRODUCTION,archive,rollups\,Medium,legacy or superseded output
rollups\PREvsPST\pre_vs_pst_integrated_regen_check_8d_20260705_194604\pre_pst_joined.csv,pre_pst_joined.csv,.csv,105432,102.96,0.101,2026-07-06 02:46:15,1.9,1.9,3,rollups,PRODUCTION,archive,rollups\,Medium,legacy or superseded output
rollups\PREvsPST\pre_vs_pst_integrated_regen_check_8d_20260705_194604\pre_pst_regen_join_summary.json,pre_pst_regen_join_summary.json,.json,913,0.89,0.001,2026-07-06 02:46:16,1.9,1.9,3,rollups,PRODUCTION,archive,rollups\,Medium,legacy or superseded output
rollups\PREvsPST\pre_vs_pst_integrated_regen_check_8d_20260705_194604\pre_pst_regen_joined.csv,pre_pst_regen_joined.csv,.csv,117814,115.05,0.112,2026-07-06 02:46:16,1.9,1.9,3,rollups,PRODUCTION,archive,rollups\,Medium,legacy or superseded output
rollups\PREvsPST\pre_vs_pst_integrated_regen_check_8d_20260705_194604\pst_defects_raw.csv,pst_defects_raw.csv,.csv,2,0.0,0.0,2026-07-06 02:46:15,1.9,1.9,3,rollups,PRODUCTION,archive,rollups\,Medium,legacy or superseded output
rollups\PREvsPST\pre_vs_pst_integrated_regen_check_8d_20260705_194604\pst_metrics_raw.csv,pst_metrics_raw.csv,.csv,29897,29.2,0.029,2026-07-06 02:46:15,1.9,1.9,3,rollups,PRODUCTION,archive,rollups\,Medium,legacy or superseded output
rollups\PREvsPST\pre_vs_pst_integrated_regen_check_8d_20260705_194604\run_summary.json,run_summary.json,.json,3020,2.95,0.003,2026-07-06 02:46:16,1.9,1.9,3,rollups,PRODUCTION,archive,rollups\,Medium,legacy or superseded output
rollups\PREvsPST\pre_vs_pst_integrated_regen_fixcheck_8d_20260705_201339\pre_defects_raw.csv,pre_defects_raw.csv,.csv,2,0.0,0.0,2026-07-06 03:13:52,1.8,1.8,3,rollups,PRODUCTION,archive,rollups\,Medium,legacy or superseded output
rollups\PREvsPST\pre_vs_pst_integrated_regen_fixcheck_8d_20260705_201339\pre_match_diagnostics.csv,pre_match_diagnostics.csv,.csv,28386,27.72,0.027,2026-07-06 03:13:54,1.8,1.8,3,rollups,PRODUCTION,archive,rollups\,Medium,legacy or superseded output
rollups\PREvsPST\pre_vs_pst_integrated_regen_fixcheck_8d_20260705_201339\pre_metrics_raw.csv,pre_metrics_raw.csv,.csv,36206,35.36,0.035,2026-07-06 03:13:52,1.8,1.8,3,rollups,PRODUCTION,archive,rollups\,Medium,legacy or superseded output
rollups\PREvsPST\pre_vs_pst_integrated_regen_fixcheck_8d_20260705_201339\pre_pst_joined.csv,pre_pst_joined.csv,.csv,104884,102.43,0.1,2026-07-06 03:13:54,1.8,1.8,3,rollups,PRODUCTION,archive,rollups\,Medium,legacy or superseded output
rollups\PREvsPST\pre_vs_pst_integrated_regen_fixcheck_8d_20260705_201339\pre_pst_regen_join_summary.json,pre_pst_regen_join_summary.json,.json,919,0.9,0.001,2026-07-06 03:13:57,1.8,1.8,3,rollups,PRODUCTION,archive,rollups\,Medium,legacy or superseded output
rollups\PREvsPST\pre_vs_pst_integrated_regen_fixcheck_8d_20260705_201339\pre_pst_regen_joined.csv,pre_pst_regen_joined.csv,.csv,117585,114.83,0.112,2026-07-06 03:13:56,1.8,1.8,3,rollups,PRODUCTION,archive,rollups\,Medium,legacy or superseded output
rollups\PREvsPST\pre_vs_pst_integrated_regen_fixcheck_8d_20260705_201339\pst_defects_raw.csv,pst_defects_raw.csv,.csv,2,0.0,0.0,2026-07-06 03:13:53,1.8,1.8,3,rollups,PRODUCTION,archive,rollups\,Medium,legacy or superseded output
rollups\PREvsPST\pre_vs_pst_integrated_regen_fixcheck_8d_20260705_201339\pst_metrics_raw.csv,pst_metrics_raw.csv,.csv,29897,29.2,0.029,2026-07-06 03:13:52,1.8,1.8,3,rollups,PRODUCTION,archive,rollups\,Medium,legacy or superseded output
rollups\PREvsPST\pre_vs_pst_integrated_regen_fixcheck_8d_20260705_201339\run_summary.json,run_summary.json,.json,3026,2.96,0.003,2026-07-06 03:13:57,1.8,1.8,3,rollups,PRODUCTION,archive,rollups\,Medium,legacy or superseded output
rollups\PREvsPST\pre_vs_pst_lst_check_7d_20260703_102056\pre_defects_raw.csv,pre_defects_raw.csv,.csv,2,0.0,0.0,2026-07-03 17:21:05,4.3,4.3,3,rollups,PRODUCTION,archive,rollups\,Medium,legacy or superseded output
rollups\PREvsPST\pre_vs_pst_lst_check_7d_20260703_102056\pre_match_diagnostics.csv,pre_match_diagnostics.csv,.csv,18309,17.88,0.017,2026-07-03 17:21:06,4.3,4.3,3,rollups,PRODUCTION,archive,rollups\,Medium,legacy or superseded output
rollups\PREvsPST\pre_vs_pst_lst_check_7d_20260703_102056\pre_metrics_raw.csv,pre_metrics_raw.csv,.csv,23016,22.48,0.022,2026-07-03 17:21:05,4.3,4.3,3,rollups,PRODUCTION,archive,rollups\,Medium,legacy or superseded output
rollups\PREvsPST\pre_vs_pst_lst_check_7d_20260703_102056\pre_pst_joined.csv,pre_pst_joined.csv,.csv,62454,60.99,0.06,2026-07-03 17:21:05,4.3,4.3,3,rollups,PRODUCTION,archive,rollups\,Medium,legacy or superseded output
rollups\PREvsPST\pre_vs_pst_lst_check_7d_20260703_102056\pst_defects_raw.csv,pst_defects_raw.csv,.csv,2,0.0,0.0,2026-07-03 17:21:05,4.3,4.3,3,rollups,PRODUCTION,archive,rollups\,Medium,legacy or superseded output
rollups\PREvsPST\pre_vs_pst_lst_check_7d_20260703_102056\pst_metrics_raw.csv,pst_metrics_raw.csv,.csv,22279,21.76,0.021,2026-07-03 17:21:05,4.3,4.3,3,rollups,PRODUCTION,archive,rollups\,Medium,legacy or superseded output
rollups\PREvsPST\pre_vs_pst_lst_check_7d_20260703_102056\run_summary.json,run_summary.json,.json,1450,1.42,0.001,2026-07-03 17:21:06,4.3,4.3,3,rollups,PRODUCTION,archive,rollups\,Medium,legacy or superseded output
rollups\PREvsPST\pre_vs_pst_lstscan_check_8d_20260704_211706\pre_defects_raw.csv,pre_defects_raw.csv,.csv,2,0.0,0.0,2026-07-05 04:17:17,2.8,2.8,3,rollups,PRODUCTION,archive,rollups\,Medium,legacy or superseded output
rollups\PREvsPST\pre_vs_pst_lstscan_check_8d_20260704_211706\pre_match_diagnostics.csv,pre_match_diagnostics.csv,.csv,26035,25.42,0.025,2026-07-05 04:17:18,2.8,2.8,3,rollups,PRODUCTION,archive,rollups\,Medium,legacy or superseded output
rollups\PREvsPST\pre_vs_pst_lstscan_check_8d_20260704_211706\pre_metrics_raw.csv,pre_metrics_raw.csv,.csv,33926,33.13,0.032,2026-07-05 04:17:16,2.8,2.8,3,rollups,PRODUCTION,archive,rollups\,Medium,legacy or superseded output
rollups\PREvsPST\pre_vs_pst_lstscan_check_8d_20260704_211706\pre_pst_joined.csv,pre_pst_joined.csv,.csv,101671,99.29,0.097,2026-07-05 04:17:18,2.8,2.8,3,rollups,PRODUCTION,archive,rollups\,Medium,legacy or superseded output
rollups\PREvsPST\pre_vs_pst_lstscan_check_8d_20260704_211706\pst_defects_raw.csv,pst_defects_raw.csv,.csv,2,0.0,0.0,2026-07-05 04:17:17,2.8,2.8,3,rollups,PRODUCTION,archive,rollups\,Medium,legacy or superseded output
rollups\PREvsPST\pre_vs_pst_lstscan_check_8d_20260704_211706\pst_metrics_raw.csv,pst_metrics_raw.csv,.csv,25433,24.84,0.024,2026-07-05 04:17:17,2.8,2.8,3,rollups,PRODUCTION,archive,rollups\,Medium,legacy or superseded output
rollups\PREvsPST\pre_vs_pst_lstscan_check_8d_20260704_211706\run_summary.json,run_summary.json,.json,1872,1.83,0.002,2026-07-05 04:17:18,2.8,2.8,3,rollups,PRODUCTION,archive,rollups\,Medium,legacy or superseded output
rollups\PREvsPST\pre_vs_pst_lstscan_check_8d_20260704_211716\pre_defects_raw.csv,pre_defects_raw.csv,.csv,2,0.0,0.0,2026-07-05 04:17:27,2.8,2.8,3,rollups,PRODUCTION,archive,rollups\,Medium,legacy or superseded output
rollups\PREvsPST\pre_vs_pst_lstscan_check_8d_20260704_211716\pre_match_diagnostics.csv,pre_match_diagnostics.csv,.csv,26035,25.42,0.025,2026-07-05 04:17:28,2.8,2.8,3,rollups,PRODUCTION,archive,rollups\,Medium,legacy or superseded output
rollups\PREvsPST\pre_vs_pst_lstscan_check_8d_20260704_211716\pre_metrics_raw.csv,pre_metrics_raw.csv,.csv,33926,33.13,0.032,2026-07-05 04:17:27,2.8,2.8,3,rollups,PRODUCTION,archive,rollups\,Medium,legacy or superseded output
rollups\PREvsPST\pre_vs_pst_lstscan_check_8d_20260704_211716\pre_pst_joined.csv,pre_pst_joined.csv,.csv,101671,99.29,0.097,2026-07-05 04:17:28,2.8,2.8,3,rollups,PRODUCTION,archive,rollups\,Medium,legacy or superseded output
rollups\PREvsPST\pre_vs_pst_lstscan_check_8d_20260704_211716\pst_defects_raw.csv,pst_defects_raw.csv,.csv,2,0.0,0.0,2026-07-05 04:17:27,2.8,2.8,3,rollups,PRODUCTION,archive,rollups\,Medium,legacy or superseded output
rollups\PREvsPST\pre_vs_pst_lstscan_check_8d_20260704_211716\pst_metrics_raw.csv,pst_metrics_raw.csv,.csv,25433,24.84,0.024,2026-07-05 04:17:27,2.8,2.8,3,rollups,PRODUCTION,archive,rollups\,Medium,legacy or superseded output
rollups\PREvsPST\pre_vs_pst_lstscan_check_8d_20260704_211716\run_summary.json,run_summary.json,.json,1872,1.83,0.002,2026-07-05 04:17:28,2.8,2.8,3,rollups,PRODUCTION,archive,rollups\,Medium,legacy or superseded output
rollups\PREvsPST\pre_vs_pst_pilot_7d_7d_20260702_095845\pre_defects_raw.csv,pre_defects_raw.csv,.csv,533289,520.79,0.509,2026-07-02 16:59:11,5.3,5.3,3,rollups,PRODUCTION,archive,rollups\,Medium,legacy or superseded output
rollups\PREvsPST\pre_vs_pst_pilot_7d_7d_20260702_095845\pre_match_diagnostics.csv,pre_match_diagnostics.csv,.csv,22926,22.39,0.022,2026-07-02 16:59:13,5.3,5.3,3,rollups,PRODUCTION,archive,rollups\,Medium,legacy or superseded output
rollups\PREvsPST\pre_vs_pst_pilot_7d_7d_20260702_095845\pre_metrics_raw.csv,pre_metrics_raw.csv,.csv,34517,33.71,0.033,2026-07-02 16:59:09,5.3,5.3,3,rollups,PRODUCTION,archive,rollups\,Medium,legacy or superseded output
rollups\PREvsPST\pre_vs_pst_pilot_7d_7d_20260702_095845\pre_pst_joined.csv,pre_pst_joined.csv,.csv,80704,78.81,0.077,2026-07-02 16:59:13,5.3,5.3,3,rollups,PRODUCTION,archive,rollups\,Medium,legacy or superseded output
rollups\PREvsPST\pre_vs_pst_pilot_7d_7d_20260702_095845\pst_defects_raw.csv,pst_defects_raw.csv,.csv,128944,125.92,0.123,2026-07-02 16:59:12,5.3,5.3,3,rollups,PRODUCTION,archive,rollups\,Medium,legacy or superseded output
rollups\PREvsPST\pre_vs_pst_pilot_7d_7d_20260702_095845\pst_metrics_raw.csv,pst_metrics_raw.csv,.csv,32748,31.98,0.031,2026-07-02 16:59:10,5.3,5.3,3,rollups,PRODUCTION,archive,rollups\,Medium,legacy or superseded output
rollups\PREvsPST\pre_vs_pst_pilot_7d_7d_20260702_095845\run_summary.json,run_summary.json,.json,1640,1.6,0.002,2026-07-02 16:59:13,5.3,5.3,3,rollups,PRODUCTION,archive,rollups\,Medium,legacy or superseded output
rollups\PREvsPST\pre_vs_pst_pull.py,pre_vs_pst_pull.py,.py,24204,23.64,0.023,2026-07-06 03:14:13,1.8,1.8,2,rollups,PRODUCTION,archive,rollups\,Medium,legacy or superseded output
rollups\PREvsPST\pre_vs_pst_schema_check_7d_20260702_204301\pre_defects_raw.csv,pre_defects_raw.csv,.csv,2,0.0,0.0,2026-07-03 03:43:13,4.8,4.8,3,rollups,PRODUCTION,archive,rollups\,Medium,legacy or superseded output
rollups\PREvsPST\pre_vs_pst_schema_check_7d_20260702_204301\pre_match_diagnostics.csv,pre_match_diagnostics.csv,.csv,20255,19.78,0.019,2026-07-03 03:43:13,4.8,4.8,3,rollups,PRODUCTION,archive,rollups\,Medium,legacy or superseded output
rollups\PREvsPST\pre_vs_pst_schema_check_7d_20260702_204301\pre_metrics_raw.csv,pre_metrics_raw.csv,.csv,25540,24.94,0.024,2026-07-03 03:43:13,4.8,4.8,3,rollups,PRODUCTION,archive,rollups\,Medium,legacy or superseded output
rollups\PREvsPST\pre_vs_pst_schema_check_7d_20260702_204301\pre_pst_joined.csv,pre_pst_joined.csv,.csv,69255,67.63,0.066,2026-07-03 03:43:13,4.8,4.8,3,rollups,PRODUCTION,archive,rollups\,Medium,legacy or superseded output
rollups\PREvsPST\pre_vs_pst_schema_check_7d_20260702_204301\pst_defects_raw.csv,pst_defects_raw.csv,.csv,2,0.0,0.0,2026-07-03 03:43:13,4.8,4.8,3,rollups,PRODUCTION,archive,rollups\,Medium,legacy or superseded output
rollups\PREvsPST\pre_vs_pst_schema_check_7d_20260702_204301\pst_metrics_raw.csv,pst_metrics_raw.csv,.csv,24665,24.09,0.024,2026-07-03 03:43:13,4.8,4.8,3,rollups,PRODUCTION,archive,rollups\,Medium,legacy or superseded output
rollups\PREvsPST\pre_vs_pst_schema_check_7d_20260702_204301\run_summary.json,run_summary.json,.json,1486,1.45,0.001,2026-07-03 03:43:14,4.8,4.8,3,rollups,PRODUCTION,archive,rollups\,Medium,legacy or superseded output
rollups\PREvsPST\pre_vs_pst_stats.py,pre_vs_pst_stats.py,.py,12376,12.09,0.012,2026-07-02 20:57:29,5.1,5.1,2,rollups,PRODUCTION,archive,rollups\,Medium,legacy or superseded output
rollups\PREvsPST\PreAdders (N_DEFECTS_PRE_Decile) 3.csv,PreAdders (N_DEFECTS_PRE_Decile) 3.csv,.csv,693,0.68,0.001,2026-07-02 23:07:35,5.0,5.0,2,rollups,PRODUCTION,archive,rollups\,Medium,legacy or superseded output
rollups\PREvsPST\Request.md,Request.md,.md,828,0.81,0.001,2026-07-06 02:11:56,1.9,1.9,2,rollups,PRODUCTION,archive,rollups\,Medium,legacy or superseded output
rollups\PREvsPST\Results\pre_pst_regen_joined 2 By (N_DEFECTS_PRE_DEC).csv,pre_pst_regen_joined 2 By (N_DEFECTS_PRE_DEC).csv,.csv,691,0.67,0.001,2026-07-06 16:52:02,1.3,1.3,3,rollups,PRODUCTION,archive,rollups\,Medium,legacy or superseded output
"rollups\PREvsPST\Results\pre_pst_regen_joined By (N_DEFECTS_PRE_DEC, EVENT)  - Fit Y by X of HIGHFLIER_RATE by N_DEFECTS_PRE_DEC.jrp","pre_pst_regen_joined By (N_DEFECTS_PRE_DEC, EVENT)  - Fit Y by X of HIGHFLIER_RATE by N_DEFECTS_PRE_DEC.jrp",.jrp,5142608,5022.08,4.904,2026-07-06 16:45:58,1.3,1.3,3,rollups,PRODUCTION,archive,rollups\,Medium,legacy or superseded output
"rollups\PREvsPST\Results\pre_pst_regen_joined By (N_DEFECTS_PRE_DEC, EVENT) - Fit Y by X of ZERO_RATE by N_DEFECTS_PRE_DEC.jrp","pre_pst_regen_joined By (N_DEFECTS_PRE_DEC, EVENT) - Fit Y by X of ZERO_RATE by N_DEFECTS_PRE_DEC.jrp",.jrp,5143247,5022.7,4.905,2026-07-06 16:46:17,1.3,1.3,3,rollups,PRODUCTION,archive,rollups\,Medium,legacy or superseded output
rollups\PREvsPST\Results\ZERO_RATE_BY_PRE_DEC_WILSON95.csv,ZERO_RATE_BY_PRE_DEC_WILSON95.csv,.csv,3438,3.36,0.003,2026-07-06 16:54:31,1.3,1.3,3,rollups,PRODUCTION,archive,rollups\,Medium,legacy or superseded output
rollups\PREvsPST\RUN_NOTES.md,RUN_NOTES.md,.md,1904,1.86,0.002,2026-07-02 17:09:52,5.3,5.3,2,rollups,PRODUCTION,archive,rollups\,Medium,legacy or superseded output
rollups\PREvsPST\stats\stats_20260702_104652\binary_model_predictions.csv,binary_model_predictions.csv,.csv,531099,518.65,0.506,2026-07-02 17:47:11,5.2,5.2,4,rollups,PRODUCTION,archive,rollups\,Medium,legacy or superseded output
rollups\PREvsPST\stats\stats_20260702_104652\pre_pst_joined_clean_no_fallback.csv,pre_pst_joined_clean_no_fallback.csv,.csv,3506510,3424.33,3.344,2026-07-02 17:47:09,5.2,5.2,4,rollups,PRODUCTION,archive,rollups\,Medium,legacy or superseded output
rollups\PREvsPST\stats\stats_20260702_104652\stats_report.txt,stats_report.txt,.txt,709,0.69,0.001,2026-07-02 17:47:11,5.2,5.2,4,rollups,PRODUCTION,archive,rollups\,Medium,legacy or superseded output
rollups\PREvsPST\stats\stats_20260702_104652\stats_summary.json,stats_summary.json,.json,2008,1.96,0.002,2026-07-02 17:47:11,5.2,5.2,4,rollups,PRODUCTION,archive,rollups\,Medium,legacy or superseded output
rollups\PREvsPST\Thumbs.db,Thumbs.db,.db,25600,25.0,0.024,2026-07-06 16:44:36,1.3,1.3,2,rollups,PRODUCTION,archive,rollups\,Medium,legacy or superseded output
rollups\PREvsPST\TW_REGEN_HIST\_diag_lot_hist_coverage.py,_diag_lot_hist_coverage.py,.py,3615,3.53,0.003,2026-07-06 01:13:31,1.9,1.9,3,rollups,PRODUCTION,archive,rollups\,Medium,legacy or superseded output
rollups\PREvsPST\TW_REGEN_HIST\lot_entry_events_ALL_LOTS_ECTW_B05_175971_20260705_185421.csv,lot_entry_events_ALL_LOTS_ECTW_B05_175971_20260705_185421.csv,.csv,33330,32.55,0.032,2026-07-06 01:57:32,1.9,1.9,3,rollups,PRODUCTION,archive,rollups\,Medium,legacy or superseded output
rollups\PREvsPST\TW_REGEN_HIST\lot_entry_events_D204TH1B2_ECTW_B05_175971_20260705_180417.csv,lot_entry_events_D204TH1B2_ECTW_B05_175971_20260705_180417.csv,.csv,5597,5.47,0.005,2026-07-06 01:04:33,1.9,1.9,3,rollups,PRODUCTION,archive,rollups\,Medium,legacy or superseded output
rollups\PREvsPST\TW_REGEN_HIST\lot_entry_events_D204TH1B2_ECTW_B05_175971_20260705_181502.csv,lot_entry_events_D204TH1B2_ECTW_B05_175971_20260705_181502.csv,.csv,10412,10.17,0.01,2026-07-06 01:15:16,1.9,1.9,3,rollups,PRODUCTION,archive,rollups\,Medium,legacy or superseded output
rollups\PREvsPST\TW_REGEN_HIST\lot_entry_events_D204TH1B2_ECTW_B05_175971_20260705_182406.csv,lot_entry_events_D204TH1B2_ECTW_B05_175971_20260705_182406.csv,.csv,2274,2.22,0.002,2026-07-06 01:24:20,1.9,1.9,3,rollups,PRODUCTION,archive,rollups\,Medium,legacy or superseded output
rollups\PREvsPST\TW_REGEN_HIST\lot_entry_events_D204TH1B2_ECTW_B05X_6589_20260705_180330.csv,lot_entry_events_D204TH1B2_ECTW_B05X_6589_20260705_180330.csv,.csv,108,0.11,0.0,2026-07-06 01:03:56,1.9,1.9,3,rollups,PRODUCTION,archive,rollups\,Medium,legacy or superseded output
rollups\PREvsPST\TW_REGEN_HIST\lot_entry_events_D204TH1B2_ECTW_B05X_6589_20260705_181437.csv,lot_entry_events_D204TH1B2_ECTW_B05X_6589_20260705_181437.csv,.csv,4362,4.26,0.004,2026-07-06 01:14:52,1.9,1.9,3,rollups,PRODUCTION,archive,rollups\,Medium,legacy or superseded output
rollups\PREvsPST\TW_REGEN_HIST\lot_history_ALL_LOTS_ECTW_B05_175971_20260705_185421.csv,lot_history_ALL_LOTS_ECTW_B05_175971_20260705_185421.csv,.csv,52771,51.53,0.05,2026-07-06 01:57:31,1.9,1.9,3,rollups,PRODUCTION,archive,rollups\,Medium,legacy or superseded output
rollups\PREvsPST\TW_REGEN_HIST\lot_history_D204TH1B2_ECTW_B05_175971_20260705_173532.csv,lot_history_D204TH1B2_ECTW_B05_175971_20260705_173532.csv,.csv,56901,55.57,0.054,2026-07-06 00:35:56,1.9,1.9,3,rollups,PRODUCTION,archive,rollups\,Medium,legacy or superseded output
rollups\PREvsPST\TW_REGEN_HIST\lot_history_D204TH1B2_ECTW_B05_175971_20260705_180417.csv,lot_history_D204TH1B2_ECTW_B05_175971_20260705_180417.csv,.csv,53322,52.07,0.051,2026-07-06 01:04:33,1.9,1.9,3,rollups,PRODUCTION,archive,rollups\,Medium,legacy or superseded output
rollups\PREvsPST\TW_REGEN_HIST\lot_history_D204TH1B2_ECTW_B05_175971_20260705_181502.csv,lot_history_D204TH1B2_ECTW_B05_175971_20260705_181502.csv,.csv,17892,17.47,0.017,2026-07-06 01:15:16,1.9,1.9,3,rollups,PRODUCTION,archive,rollups\,Medium,legacy or superseded output
rollups\PREvsPST\TW_REGEN_HIST\lot_history_D204TH1B2_ECTW_B05_175971_20260705_182406.csv,lot_history_D204TH1B2_ECTW_B05_175971_20260705_182406.csv,.csv,3649,3.56,0.003,2026-07-06 01:24:20,1.9,1.9,3,rollups,PRODUCTION,archive,rollups\,Medium,legacy or superseded output
rollups\PREvsPST\TW_REGEN_HIST\lot_history_D204TH1B2_ECTW_B05X_6589_20260705_180330.csv,lot_history_D204TH1B2_ECTW_B05X_6589_20260705_180330.csv,.csv,84,0.08,0.0,2026-07-06 01:03:56,1.9,1.9,3,rollups,PRODUCTION,archive,rollups\,Medium,legacy or superseded output
rollups\PREvsPST\TW_REGEN_HIST\lot_history_D204TH1B2_ECTW_B05X_6589_20260705_181437.csv,lot_history_D204TH1B2_ECTW_B05X_6589_20260705_181437.csv,.csv,7071,6.91,0.007,2026-07-06 01:14:52,1.9,1.9,3,rollups,PRODUCTION,archive,rollups\,Medium,legacy or superseded output
rollups\PREvsPST\TW_REGEN_HIST\lot_history_tx_summary_ALL_LOTS_175971_20260705_185421.csv,lot_history_tx_summary_ALL_LOTS_175971_20260705_185421.csv,.csv,29,0.03,0.0,2026-07-06 01:57:32,1.9,1.9,3,rollups,PRODUCTION,archive,rollups\,Medium,legacy or superseded output
rollups\PREvsPST\TW_REGEN_HIST\lot_history_tx_summary_D204TH1B2_175971_20260705_173532.csv,lot_history_tx_summary_D204TH1B2_175971_20260705_173532.csv,.csv,32,0.03,0.0,2026-07-06 00:35:57,1.9,1.9,3,rollups,PRODUCTION,archive,rollups\,Medium,legacy or superseded output
rollups\PREvsPST\TW_REGEN_HIST\lot_history_tx_summary_D204TH1B2_175971_20260705_180417.csv,lot_history_tx_summary_D204TH1B2_175971_20260705_180417.csv,.csv,32,0.03,0.0,2026-07-06 01:04:33,1.9,1.9,3,rollups,PRODUCTION,archive,rollups\,Medium,legacy or superseded output
rollups\PREvsPST\TW_REGEN_HIST\lot_history_tx_summary_D204TH1B2_175971_20260705_181502.csv,lot_history_tx_summary_D204TH1B2_175971_20260705_181502.csv,.csv,128,0.12,0.0,2026-07-06 01:15:16,1.9,1.9,3,rollups,PRODUCTION,archive,rollups\,Medium,legacy or superseded output
rollups\PREvsPST\TW_REGEN_HIST\lot_history_tx_summary_D204TH1B2_175971_20260705_182406.csv,lot_history_tx_summary_D204TH1B2_175971_20260705_182406.csv,.csv,28,0.03,0.0,2026-07-06 01:24:20,1.9,1.9,3,rollups,PRODUCTION,archive,rollups\,Medium,legacy or superseded output
rollups\PREvsPST\TW_REGEN_HIST\lot_history_tx_summary_D204TH1B2_6589_20260705_180330.csv,lot_history_tx_summary_D204TH1B2_6589_20260705_180330.csv,.csv,17,0.02,0.0,2026-07-06 01:03:56,1.9,1.9,3,rollups,PRODUCTION,archive,rollups\,Medium,legacy or superseded output
rollups\PREvsPST\TW_REGEN_HIST\lot_history_tx_summary_D204TH1B2_6589_20260705_181437.csv,lot_history_tx_summary_D204TH1B2_6589_20260705_181437.csv,.csv,43,0.04,0.0,2026-07-06 01:14:52,1.9,1.9,3,rollups,PRODUCTION,archive,rollups\,Medium,legacy or superseded output
rollups\PREvsPST\TW_REGEN_HIST\REGEN_LOT_HISTORY_DECISIONS.md,REGEN_LOT_HISTORY_DECISIONS.md,.md,1349,1.32,0.001,2026-07-06 02:11:20,1.9,1.9,3,rollups,PRODUCTION,archive,rollups\,Medium,legacy or superseded output
rollups\PREvsPST\TW_REGEN_HIST\route_oper_check_ECTW_B05_175971_20260705_173532.csv,route_oper_check_ECTW_B05_175971_20260705_173532.csv,.csv,513,0.5,0.0,2026-07-06 00:35:58,1.9,1.9,3,rollups,PRODUCTION,archive,rollups\,Medium,legacy or superseded output
rollups\PREvsPST\TW_REGEN_HIST\route_oper_check_ECTW_B05_175971_20260705_180417.csv,route_oper_check_ECTW_B05_175971_20260705_180417.csv,.csv,513,0.5,0.0,2026-07-06 01:04:33,1.9,1.9,3,rollups,PRODUCTION,archive,rollups\,Medium,legacy or superseded output
rollups\PREvsPST\TW_REGEN_HIST\route_oper_check_ECTW_B05_175971_20260705_181502.csv,route_oper_check_ECTW_B05_175971_20260705_181502.csv,.csv,513,0.5,0.0,2026-07-06 01:15:16,1.9,1.9,3,rollups,PRODUCTION,archive,rollups\,Medium,legacy or superseded output
rollups\PREvsPST\TW_REGEN_HIST\route_oper_check_ECTW_B05_175971_20260705_182406.csv,route_oper_check_ECTW_B05_175971_20260705_182406.csv,.csv,513,0.5,0.0,2026-07-06 01:24:20,1.9,1.9,3,rollups,PRODUCTION,archive,rollups\,Medium,legacy or superseded output
rollups\PREvsPST\TW_REGEN_HIST\route_oper_check_ECTW_B05_175971_20260705_185421.csv,route_oper_check_ECTW_B05_175971_20260705_185421.csv,.csv,513,0.5,0.0,2026-07-06 01:57:32,1.9,1.9,3,rollups,PRODUCTION,archive,rollups\,Medium,legacy or superseded output
rollups\PREvsPST\TW_REGEN_HIST\route_oper_check_ECTW_B05X_6589_20260705_180330.csv,route_oper_check_ECTW_B05X_6589_20260705_180330.csv,.csv,544,0.53,0.001,2026-07-06 01:03:56,1.9,1.9,3,rollups,PRODUCTION,archive,rollups\,Medium,legacy or superseded output
rollups\PREvsPST\TW_REGEN_HIST\route_oper_check_ECTW_B05X_6589_20260705_181437.csv,route_oper_check_ECTW_B05X_6589_20260705_181437.csv,.csv,544,0.53,0.001,2026-07-06 01:14:52,1.9,1.9,3,rollups,PRODUCTION,archive,rollups\,Medium,legacy or superseded output
rollups\PREvsPST\TW_REGEN_HIST\Shared_Docs_Schema_Skill.md,Shared_Docs_Schema_Skill.md,.md,2201,2.15,0.002,2026-07-06 02:11:20,1.9,1.9,3,rollups,PRODUCTION,archive,rollups\,Medium,legacy or superseded output
rollups\PREvsPST\ZERO_RATE_BY_PRE_DEC.csv,ZERO_RATE_BY_PRE_DEC.csv,.csv,1298,1.27,0.001,2026-07-06 16:10:18,1.3,1.3,2,rollups,PRODUCTION,archive,rollups\,Medium,legacy or superseded output
rollups\PREvsPST\ZERO_RATE_BY_PRE_DEC_WILSON95.csv,ZERO_RATE_BY_PRE_DEC_WILSON95.csv,.csv,4515,4.41,0.004,2026-07-06 16:15:42,1.3,1.3,2,rollups,PRODUCTION,archive,rollups\,Medium,legacy or superseded output
rollups\PREvsPST\ZERO_RATE_BY_PRE_DEC_WILSON95_fitlines.png,ZERO_RATE_BY_PRE_DEC_WILSON95_fitlines.png,.png,98048,95.75,0.094,2026-07-06 16:44:28,1.3,1.3,2,rollups,PRODUCTION,archive,rollups\,Medium,legacy or superseded output
rollups\PREvsPST\ZERO_RATE_BY_PRE_DEC_WILSON95_plot.png,ZERO_RATE_BY_PRE_DEC_WILSON95_plot.png,.png,105799,103.32,0.101,2026-07-06 16:41:41,1.3,1.3,2,rollups,PRODUCTION,archive,rollups\,Medium,legacy or superseded output
rollups\SS0_INLINE_CORRELATION\20260610_BSL_SS0_INLINE - Fit Y by X.jrp,20260610_BSL_SS0_INLINE - Fit Y by X.jrp,.jrp,26907,26.28,0.026,2026-06-20 17:21:20,17.3,17.3,2,rollups,PRODUCTION,archive,rollups\,Medium,legacy or superseded output
rollups\SS0_INLINE_CORRELATION\20260610_BSL_SS0_INLINE.jmp,20260610_BSL_SS0_INLINE.jmp,.jmp,13981,13.65,0.013,2026-06-20 17:22:28,17.2,17.2,2,rollups,PRODUCTION,archive,rollups\,Medium,legacy or superseded output
rollups\SS0_INLINE_CORRELATION\20260620_BSL_INLINE_MEAN_BY_SUBENTITY.jmp,20260620_BSL_INLINE_MEAN_BY_SUBENTITY.jmp,.jmp,9652,9.43,0.009,2026-06-20 16:55:37,17.3,17.3,2,rollups,PRODUCTION,archive,rollups\,Medium,legacy or superseded output
rollups\SS0_INLINE_CORRELATION\20260620_BSL_INLINE_MEAN_BY_SUBENTITY_SPLIT.jmp,20260620_BSL_INLINE_MEAN_BY_SUBENTITY_SPLIT.jmp,.jmp,7906,7.72,0.008,2026-06-20 16:56:58,17.3,17.3,2,rollups,PRODUCTION,archive,rollups\,Medium,legacy or superseded output
rollups\SS0_INLINE_CORRELATION\20260620_BSL_SEG_SS0_SS1_SS7_MEAN_BY_SUBENTITY.jmp,20260620_BSL_SEG_SS0_SS1_SS7_MEAN_BY_SUBENTITY.jmp,.jmp,43283,42.27,0.041,2026-06-20 17:36:07,17.2,17.2,2,rollups,PRODUCTION,archive,rollups\,Medium,legacy or superseded output
rollups\SS0_INLINE_CORRELATION\20260620_BSL_SS0_MEAN_BY_SUBENTITY.jmp,20260620_BSL_SS0_MEAN_BY_SUBENTITY.jmp,.jmp,6534,6.38,0.006,2026-06-20 17:03:47,17.3,17.3,2,rollups,PRODUCTION,archive,rollups\,Medium,legacy or superseded output
rollups\SS0_INLINE_CORRELATION\20260620_BSL_SS0_SS1_SS7_MEAN_BY_SUBENTITY.jmp,20260620_BSL_SS0_SS1_SS7_MEAN_BY_SUBENTITY.jmp,.jmp,6531,6.38,0.006,2026-06-20 17:27:47,17.2,17.2,2,rollups,PRODUCTION,archive,rollups\,Medium,legacy or superseded output
rollups\SS0_INLINE_CORRELATION\20260620_NCDD_METRICS.csv,20260620_NCDD_METRICS.csv,.csv,3731744,3644.28,3.559,2026-06-20 18:06:08,17.2,17.2,2,rollups,PRODUCTION,archive,rollups\,Medium,legacy or superseded output
rollups\SS0_INLINE_CORRELATION\20260620_SS_METRICS.csv,20260620_SS_METRICS.csv,.csv,1146120,1119.26,1.093,2026-06-20 17:58:26,17.2,17.2,2,rollups,PRODUCTION,archive,rollups\,Medium,legacy or superseded output
rollups\SS_COORDINATES_F_FE_BOTH_SUMMARY.csv,SS_COORDINATES_F_FE_BOTH_SUMMARY.csv,.csv,2604,2.54,0.002,2026-06-27 00:59:09,10.9,10.9,1,rollups,PRODUCTION,archive,rollups\,Medium,legacy or superseded output
rollups\SS_COORDINATES_Fe_F.csv,SS_COORDINATES_Fe_F.csv,.csv,591999,578.12,0.565,2026-06-26 22:12:55,11.0,11.0,1,rollups,PRODUCTION,archive,rollups\,Medium,legacy or superseded output
rollups\SUBSET_SS_COORDINATES_NO_SOLO_F.csv,SUBSET_SS_COORDINATES_NO_SOLO_F.csv,.csv,509337,497.4,0.486,2026-06-26 23:37:03,11.0,11.0,1,rollups,PRODUCTION,archive,rollups\,Medium,legacy or superseded output
rollups\SUBSET_SS_COORDINATES_NO_SOLO_FE.csv,SUBSET_SS_COORDINATES_NO_SOLO_FE.csv,.csv,189494,185.05,0.181,2026-06-26 23:35:20,11.0,11.0,1,rollups,PRODUCTION,archive,rollups\,Medium,legacy or superseded output
rollups\SUBSET_SS_COORDINATES_NO_SOLO_FLUORINE.csv,SUBSET_SS_COORDINATES_NO_SOLO_FLUORINE.csv,.csv,189494,185.05,0.181,2026-06-26 23:38:33,11.0,11.0,1,rollups,PRODUCTION,archive,rollups\,Medium,legacy or superseded output
rollups\SUBSET_SS_COORDINATES_NO_SOLO_IRON.csv,SUBSET_SS_COORDINATES_NO_SOLO_IRON.csv,.csv,509337,497.4,0.486,2026-06-26 23:38:13,11.0,11.0,1,rollups,PRODUCTION,archive,rollups\,Medium,legacy or superseded output
rollups\Thumbs.db,Thumbs.db,.db,135680,132.5,0.129,2026-07-01 17:58:17,6.2,6.2,1,rollups,PRODUCTION,archive,rollups\,Medium,legacy or superseded output
"rollups\YPO\2026 Wafer Summary By (LAYER, STATUS, YPO).csv","2026 Wafer Summary By (LAYER, STATUS, YPO).csv",.csv,210,0.21,0.0,2026-06-30 00:10:22,8.0,8.0,2,rollups,PRODUCTION,archive,rollups\,Medium,legacy or superseded output
rollups\YPO\iGPT_MODIFICATIONS.md,iGPT_MODIFICATIONS.md,.md,3315,3.24,0.003,2026-07-02 03:43:00,5.8,5.8,2,rollups,PRODUCTION,archive,rollups\,Medium,legacy or superseded output
rollups\YPO\Inline_Wafers_After_YPO.csv,Inline_Wafers_After_YPO.csv,.csv,10147,9.91,0.01,2026-06-29 03:36:13,8.8,8.8,2,rollups,PRODUCTION,archive,rollups\,Medium,legacy or superseded output
rollups\YPO\NCDD Report - GroupBy YPO.jrp,NCDD Report - GroupBy YPO.jrp,.jrp,8844841,8637.54,8.435,2026-06-29 23:34:15,8.0,8.0,2,rollups,PRODUCTION,archive,rollups\,Medium,legacy or superseded output
rollups\YPO\SUBSET_YPO_STATUS.csv,SUBSET_YPO_STATUS.csv,.csv,8613,8.41,0.008,2026-06-29 18:27:15,8.2,8.2,2,rollups,PRODUCTION,archive,rollups\,Medium,legacy or superseded output
rollups\YPO\ypo_defect_duplicate_groups_20260605_172242.csv,ypo_defect_duplicate_groups_20260605_172242.csv,.csv,2279,2.23,0.002,2026-06-06 00:22:43,32.0,32.0,2,rollups,PRODUCTION,archive,rollups\,Medium,legacy or superseded output
rollups\YPO\YPO_STATUS.csv,YPO_STATUS.csv,.csv,10891,10.64,0.01,2026-06-29 18:25:24,8.2,8.2,2,rollups,PRODUCTION,archive,rollups\,Medium,legacy or superseded output
rollups\YPO\YPO_STATUS.py,YPO_STATUS.py,.py,17564,17.15,0.017,2026-06-20 19:17:45,17.2,17.2,2,rollups,PRODUCTION,archive,rollups\,Medium,legacy or superseded output
rollups\YPO\YPO_STATUS_AUDIT.csv,YPO_STATUS_AUDIT.csv,.csv,3455,3.37,0.003,2026-06-29 18:25:24,8.2,8.2,2,rollups,PRODUCTION,archive,rollups\,Medium,legacy or superseded output
rollups\YPO\YPO_STATUS_FULLPM_IGPT.py,YPO_STATUS_FULLPM_IGPT.py,.py,18976,18.53,0.018,2026-06-29 18:25:11,8.2,8.2,2,rollups,PRODUCTION,archive,rollups\,Medium,legacy or superseded output
rollups\YPO\YPO_STATUS_iGPT.py,YPO_STATUS_iGPT.py,.py,21813,21.3,0.021,2026-06-29 17:00:03,8.3,8.3,2,rollups,PRODUCTION,archive,rollups\,Medium,legacy or superseded output
rollups\YPO\YPO_SUBSET_SS_EDX_STACKED.csv,YPO_SUBSET_SS_EDX_STACKED.csv,.csv,189940,185.49,0.181,2026-06-29 22:12:38,8.0,8.0,2,rollups,PRODUCTION,archive,rollups\,Medium,legacy or superseded output
rollups\YPO\YPO_TAG_IGPT.py,YPO_TAG_IGPT.py,.py,7450,7.28,0.007,2026-06-27 03:47:44,10.8,10.8,2,rollups,PRODUCTION,archive,rollups\,Medium,legacy or superseded output
debug_logs\8m5cl_8m6cl_debug,8m5cl_8m6cl_debug,[no extension],0,0.0,0.0,2026-05-01 15:23:57,67.3,67.3,1,debug_logs,DEBUG,delete,remove,Medium,transient debug log
debug_logs\AMEct 1278 Inline Defects Chamber Dispo Debug.txt,AMEct 1278 Inline Defects Chamber Dispo Debug.txt,.txt,2397,2.34,0.002,2026-04-21 21:22:47,77.1,77.1,1,debug_logs,DEBUG,delete,remove,Medium,transient debug log
debug_logs\SS_Wafermaps_BivReport_debug.txt,SS_Wafermaps_BivReport_debug.txt,.txt,960,0.94,0.001,2026-04-28 15:57:19,70.3,70.3,1,debug_logs,DEBUG,delete,remove,Medium,transient debug log
debug_logs\surf_scan_daily_debug,surf_scan_daily_debug,[no extension],5326051,5201.22,5.079,2026-05-01 16:40:22,67.3,67.3,1,debug_logs,DEBUG,delete,remove,Medium,transient debug log
debug_logs\8M5CL_NCDD.log,8M5CL_NCDD.log,.log,1658535,1619.66,1.582,2026-06-24 20:14:30,13.1,13.1,1,debug_logs,PRODUCTION,delete,remove,Medium,transient debug log
debug_logs\ediQuery#306.log,ediQuery#306.log,.log,4481,4.38,0.004,2026-06-24 20:21:37,13.1,13.1,1,debug_logs,PRODUCTION,delete,remove,Medium,transient debug log
artifacts\adhoc_bost_definition_columns.csv,adhoc_bost_definition_columns.csv,.csv,2763,2.7,0.003,2026-06-03 04:10:02,34.8,34.8,1,artifacts,DEBUG,keep,as-is,Low,generated output or manifest
artifacts\adhoc_bost_dryrun_summary.json,adhoc_bost_dryrun_summary.json,.json,3322,3.24,0.003,2026-06-03 04:10:02,34.8,34.8,1,artifacts,DEBUG,keep,as-is,Low,generated output or manifest
artifacts\adhoc_bost_full_summary.json,adhoc_bost_full_summary.json,.json,5443,5.32,0.005,2026-06-03 04:10:06,34.8,34.8,1,artifacts,DEBUG,keep,as-is,Low,generated output or manifest
artifacts\adhoc_bost_pilot_summary.json,adhoc_bost_pilot_summary.json,.json,2986,2.92,0.003,2026-06-03 04:09:51,34.8,34.8,1,artifacts,DEBUG,keep,as-is,Low,generated output or manifest
artifacts\surf_scan_compare_report.json,surf_scan_compare_report.json,.json,2139,2.09,0.002,2026-04-26 16:02:05,72.3,72.3,1,artifacts,DEBUG,keep,as-is,Low,generated output or manifest
BE_QUERY_FILES\8M5CL_8M6CL_UPDATE-debug.log,8M5CL_8M6CL_UPDATE-debug.log,.log,125940,122.99,0.12,2026-04-29 15:49:46,69.3,69.3,1,BE_QUERY_FILES,DEBUG,keep,as-is,Low,pipeline code or entrypoint
BE_QUERY_FILES\_tmp_beep_smp_corr_probe.py,_tmp_beep_smp_corr_probe.py,.py,2607,2.55,0.002,2026-05-11 19:19:32,57.2,57.2,1,BE_QUERY_FILES,DEBUG,keep,as-is,Low,pipeline code or entrypoint
BE_QUERY_FILES\_tmp_defect_manifest_fast_audit.py,_tmp_defect_manifest_fast_audit.py,.py,3118,3.04,0.003,2026-06-21 23:45:16,16.0,16.0,1,BE_QUERY_FILES,DEBUG,keep,as-is,Low,pipeline code or entrypoint
BE_QUERY_FILES\_tmp_elwc_probe.py,_tmp_elwc_probe.py,.py,2189,2.14,0.002,2026-04-29 21:27:32,69.1,69.1,1,BE_QUERY_FILES,DEBUG,keep,as-is,Low,pipeline code or entrypoint
BE_QUERY_FILES\_tmp_insp_summary_columns_probe.py,_tmp_insp_summary_columns_probe.py,.py,528,0.52,0.001,2026-05-14 22:10:13,54.0,54.0,1,BE_QUERY_FILES,DEBUG,keep,as-is,Low,pipeline code or entrypoint
BE_QUERY_FILES\_tmp_recipe_key_lookup_probe.py,_tmp_recipe_key_lookup_probe.py,.py,458,0.45,0.0,2026-05-14 22:11:07,54.0,54.0,1,BE_QUERY_FILES,DEBUG,keep,as-is,Low,pipeline code or entrypoint
BE_QUERY_FILES\_tmp_recipe_value_probe.py,_tmp_recipe_value_probe.py,.py,937,0.92,0.001,2026-05-14 22:11:42,54.0,54.0,1,BE_QUERY_FILES,DEBUG,keep,as-is,Low,pipeline code or entrypoint
BE_QUERY_FILES\_tmp_surf_manifest_audit.py,_tmp_surf_manifest_audit.py,.py,6940,6.78,0.007,2026-06-21 21:07:54,16.1,16.1,1,BE_QUERY_FILES,DEBUG,keep,as-is,Low,pipeline code or entrypoint
BE_QUERY_FILES\_tmp_surf_manifest_fast_audit.py,_tmp_surf_manifest_fast_audit.py,.py,3274,3.2,0.003,2026-06-21 21:33:13,16.1,16.1,1,BE_QUERY_FILES,DEBUG,keep,as-is,Low,pipeline code or entrypoint
BE_QUERY_FILES\_tmp_surf_manifest_targeted_audit.py,_tmp_surf_manifest_targeted_audit.py,.py,6013,5.87,0.006,2026-06-21 21:33:13,16.1,16.1,1,BE_QUERY_FILES,DEBUG,keep,as-is,Low,pipeline code or entrypoint
BE_QUERY_FILES\compare_surf_coordinates.py,compare_surf_coordinates.py,.py,4610,4.5,0.004,2026-04-26 15:47:30,72.3,72.3,1,BE_QUERY_FILES,DEBUG,keep,as-is,Low,pipeline code or entrypoint
BE_QUERY_FILES\debug_join_keys.py,debug_join_keys.py,.py,2273,2.22,0.002,2026-07-06 22:18:00,1.0,1.0,1,BE_QUERY_FILES,DEBUG,keep,as-is,Low,pipeline code or entrypoint
BE_QUERY_FILES\modular_processor\monthly_test_results.csv,monthly_test_results.csv,.csv,1014,0.99,0.001,2026-01-04 07:38:29,184.7,184.7,2,BE_QUERY_FILES,DEBUG,keep,as-is,Low,pipeline code or entrypoint
BE_QUERY_FILES\modular_processor\test_nulls.py,test_nulls.py,.py,411,0.4,0.0,2026-01-02 23:30:24,186.0,186.0,2,BE_QUERY_FILES,DEBUG,keep,as-is,Low,pipeline code or entrypoint
BE_QUERY_FILES\OLD\8M5CL_8M6CL_PST.py,8M5CL_8M6CL_PST.py,.py,70842,69.18,0.068,2025-12-27 02:15:27,192.9,192.9,2,BE_QUERY_FILES,DEBUG,keep,as-is,Low,pipeline code or entrypoint
BE_QUERY_FILES\OLD\8M5CL_8M6CL_PST_PRE_REFACTOR.py,8M5CL_8M6CL_PST_PRE_REFACTOR.py,.py,28442,27.78,0.027,2025-12-25 21:20:18,194.1,194.1,2,BE_QUERY_FILES,DEBUG,keep,as-is,Low,pipeline code or entrypoint
BE_QUERY_FILES\OLD\8M5CL_8M6CL_PST_PRE_REFACTOR_1.py,8M5CL_8M6CL_PST_PRE_REFACTOR_1.py,.py,39823,38.89,0.038,2025-12-25 21:43:10,194.1,194.1,2,BE_QUERY_FILES,DEBUG,keep,as-is,Low,pipeline code or entrypoint
BE_QUERY_FILES\OLD\8M5CL_8M6CL_REFACTOR_CSV_VALIDATION.py,8M5CL_8M6CL_REFACTOR_CSV_VALIDATION.py,.py,17708,17.29,0.017,2025-12-25 21:36:04,194.1,194.1,2,BE_QUERY_FILES,DEBUG,keep,as-is,Low,pipeline code or entrypoint
BE_QUERY_FILES\OLD\8M5CL_NCDD_RETICLE.jsl,8M5CL_NCDD_RETICLE.jsl,.jsl,15046,14.69,0.014,2025-12-29 22:53:44,190.0,190.0,2,BE_QUERY_FILES,DEBUG,keep,as-is,Low,pipeline code or entrypoint
BE_QUERY_FILES\OLD\8M6CL_NCDD_RETICLE.jsl,8M6CL_NCDD_RETICLE.jsl,.jsl,12541,12.25,0.012,2025-12-30 00:09:53,190.0,190.0,2,BE_QUERY_FILES,DEBUG,keep,as-is,Low,pipeline code or entrypoint
BE_QUERY_FILES\OLD\8M6CL_NCDD_RETICLE_251480.jsl,8M6CL_NCDD_RETICLE_251480.jsl,.jsl,12541,12.25,0.012,2025-12-30 00:25:32,190.0,190.0,2,BE_QUERY_FILES,DEBUG,keep,as-is,Low,pipeline code or entrypoint
BE_QUERY_FILES\OLD\ELWC_LOOKBACKS.py,ELWC_LOOKBACKS.py,.py,11715,11.44,0.011,2025-12-23 05:50:36,196.7,196.7,2,BE_QUERY_FILES,DEBUG,keep,as-is,Low,pipeline code or entrypoint
BE_QUERY_FILES\ss_incremental_with_images_dryrun_v2_console.locktest.txt,ss_incremental_with_images_dryrun_v2_console.locktest.txt,.txt,726228,709.21,0.693,2026-04-26 05:18:07,72.8,72.8,1,BE_QUERY_FILES,DEBUG,keep,as-is,Low,pipeline code or entrypoint
BE_QUERY_FILES\ss_seed_760_compare_console.txt,ss_seed_760_compare_console.txt,.txt,4284,4.18,0.004,2026-04-26 16:02:07,72.3,72.3,1,BE_QUERY_FILES,DEBUG,keep,as-is,Low,pipeline code or entrypoint
BE_QUERY_FILES\test_fixed_merge.py,test_fixed_merge.py,.py,3599,3.51,0.003,2026-07-07 15:23:18,0.3,0.3,1,BE_QUERY_FILES,DEBUG,keep,as-is,Low,pipeline code or entrypoint
BE_QUERY_FILES\test_merge_logic.py,test_merge_logic.py,.py,3133,3.06,0.003,2026-07-07 15:22:54,0.3,0.3,1,BE_QUERY_FILES,DEBUG,keep,as-is,Low,pipeline code or entrypoint
.gitignore,.gitignore,[no extension],444,0.43,0.0,2026-07-07 18:30:44,0.2,0.2,0,[root],PRODUCTION,keep,as-is,High,general workspace file
.vscode\settings.json,settings.json,.json,204,0.2,0.0,2026-04-17 20:06:14,81.1,81.1,1,.vscode,PRODUCTION,keep,as-is,High,general workspace file
=,=,[no extension],0,0.0,0.0,2026-07-06 01:08:24,1.9,1.9,0,[root],PRODUCTION,keep,as-is,High,general workspace file
AMEct 1278 Inline Defects Chamber Dispo.jsl,AMEct 1278 Inline Defects Chamber Dispo.jsl,.jsl,49118,47.97,0.047,2026-07-07 00:35:44,0.9,0.9,0,[root],PRODUCTION,keep,as-is,High,general workspace file
AMEct 1278 Inline Defects Fleet Dispo.jsl,AMEct 1278 Inline Defects Fleet Dispo.jsl,.jsl,51222,50.02,0.049,2026-07-07 00:35:44,0.9,0.9,0,[root],PRODUCTION,keep,as-is,High,general workspace file
AMEct 1278 Surf Scan Chamber Dispo.jsl,AMEct 1278 Surf Scan Chamber Dispo.jsl,.jsl,49893,48.72,0.048,2026-04-27 22:40:41,71.0,71.0,0,[root],PRODUCTION,keep,as-is,High,general workspace file
AMEct 1278 Surf Scan Fleet Dispo.jsl,AMEct 1278 Surf Scan Fleet Dispo.jsl,.jsl,31115,30.39,0.03,2026-04-27 22:40:41,71.0,71.0,0,[root],PRODUCTION,keep,as-is,High,general workspace file
artifacts\benchmark_artifacts.json,benchmark_artifacts.json,.json,6000,5.86,0.006,2026-07-05 14:27:22,2.4,2.4,1,artifacts,PRODUCTION,keep,as-is,High,generated output or manifest
artifacts\defect_coordinates_artifacts.json,defect_coordinates_artifacts.json,.json,5425,5.3,0.005,2026-07-07 15:45:50,0.3,0.3,1,artifacts,PRODUCTION,keep,as-is,High,generated output or manifest
artifacts\layout_migration_artifacts.json,layout_migration_artifacts.json,.json,4094,4.0,0.004,2026-04-23 21:03:49,75.1,75.1,1,artifacts,PRODUCTION,keep,as-is,High,generated output or manifest
artifacts\main_run_artifacts.json,main_run_artifacts.json,.json,5445,5.32,0.005,2026-07-07 15:45:34,0.3,0.3,1,artifacts,PRODUCTION,keep,as-is,High,generated output or manifest
artifacts\surf_scan_elwc_pm_pilot_60d_summary.json,surf_scan_elwc_pm_pilot_60d_summary.json,.json,1838,1.79,0.002,2026-04-30 00:16:23,69.0,69.0,1,artifacts,PRODUCTION,keep,as-is,High,generated output or manifest
artifacts\surf_scan_elwc_pm_stage_apply_summary.json,surf_scan_elwc_pm_stage_apply_summary.json,.json,1022,1.0,0.001,2026-07-07 13:57:37,0.4,0.4,1,artifacts,PRODUCTION,keep,as-is,High,generated output or manifest
artifacts\surf_scan_elwc_pm_stage_full_summary.json,surf_scan_elwc_pm_stage_full_summary.json,.json,1115,1.09,0.001,2026-07-07 13:57:11,0.4,0.4,1,artifacts,PRODUCTION,keep,as-is,High,generated output or manifest
artifacts\surf_scan_event_wafer_backfill_summary.json,surf_scan_event_wafer_backfill_summary.json,.json,1467,1.43,0.001,2026-04-28 23:29:31,70.0,70.0,1,artifacts,PRODUCTION,keep,as-is,High,generated output or manifest
artifacts\surf_scan_extend_backfill_summary.json,surf_scan_extend_backfill_summary.json,.json,555,0.54,0.001,2026-04-28 23:14:57,70.0,70.0,1,artifacts,PRODUCTION,keep,as-is,High,generated output or manifest
artifacts\surf_scan_pm_counter_backfill_summary.json,surf_scan_pm_counter_backfill_summary.json,.json,1350,1.32,0.001,2026-04-29 17:54:58,69.2,69.2,1,artifacts,PRODUCTION,keep,as-is,High,generated output or manifest
artifacts\surf_scan_run_artifacts.json,surf_scan_run_artifacts.json,.json,5391,5.26,0.005,2026-07-07 13:59:25,0.4,0.4,1,artifacts,PRODUCTION,keep,as-is,High,generated output or manifest
artifacts\surf_scan_run_summary.json,surf_scan_run_summary.json,.json,258,0.25,0.0,2026-07-07 13:59:29,0.4,0.4,1,artifacts,PRODUCTION,keep,as-is,High,generated output or manifest
artifacts\update_run_artifacts.json,update_run_artifacts.json,.json,6375,6.23,0.006,2026-07-07 15:46:18,0.3,0.3,1,artifacts,PRODUCTION,keep,as-is,High,generated output or manifest
audit_columns.py,audit_columns.py,.py,1476,1.44,0.001,2026-07-06 22:18:00,1.0,1.0,0,[root],PRODUCTION,keep,as-is,High,general workspace file
BE.code-workspace,BE.code-workspace,.code-workspace,60,0.06,0.0,2026-04-17 19:00:29,81.2,81.2,0,[root],PRODUCTION,keep,as-is,High,workspace entry or design doc
BE_QUERY_FILES\0M6CL_NCDD_SHORT.jsl,0M6CL_NCDD_SHORT.jsl,.jsl,5852,5.71,0.006,2026-06-27 22:19:57,10.0,10.0,1,BE_QUERY_FILES,PRODUCTION,keep,as-is,High,pipeline code or entrypoint
BE_QUERY_FILES\20260210_8M5CL_NCDD.csv,20260210_8M5CL_NCDD.csv,.csv,5378376,5252.32,5.129,2026-02-10 17:49:11,147.2,147.2,1,BE_QUERY_FILES,PRODUCTION,keep,as-is,High,pipeline code or entrypoint
BE_QUERY_FILES\20260210_8M6CL_NCDD.csv,20260210_8M6CL_NCDD.csv,.csv,6226705,6080.77,5.938,2026-02-10 18:18:11,147.2,147.2,1,BE_QUERY_FILES,PRODUCTION,keep,as-is,High,pipeline code or entrypoint
BE_QUERY_FILES\8m5cl jsl.log,8m5cl jsl.log,.log,827833,808.43,0.789,2026-04-29 17:12:56,69.3,69.3,1,BE_QUERY_FILES,PRODUCTION,keep,as-is,High,pipeline code or entrypoint
BE_QUERY_FILES\8M5CL_8M6CL_PROCESSOR.py,8M5CL_8M6CL_PROCESSOR.py,.py,107717,105.19,0.103,2026-01-01 19:13:14,187.2,187.2,1,BE_QUERY_FILES,PRODUCTION,keep,as-is,High,pipeline code or entrypoint
BE_QUERY_FILES\8M5CL_8M6CL_UPDATE.py,8M5CL_8M6CL_UPDATE.py,.py,10288,10.05,0.01,2026-07-07 15:14:01,0.3,0.3,1,BE_QUERY_FILES,PRODUCTION,keep,as-is,High,pipeline code or entrypoint
BE_QUERY_FILES\8M5CL_EDI.csv,8M5CL_EDI.csv,.csv,960416,937.91,0.916,2026-07-07 16:10:57,0.3,0.3,1,BE_QUERY_FILES,PRODUCTION,keep,as-is,High,pipeline code or entrypoint
BE_QUERY_FILES\8M5CL_EDI_SHORT.jsl,8M5CL_EDI_SHORT.jsl,.jsl,10632,10.38,0.01,2026-07-06 17:47:45,1.2,1.2,1,BE_QUERY_FILES,PRODUCTION,keep,as-is,High,pipeline code or entrypoint
BE_QUERY_FILES\8M5CL_NCDD.csv,8M5CL_NCDD.csv,.csv,871834,851.4,0.831,2026-07-07 16:39:23,0.3,0.3,1,BE_QUERY_FILES,PRODUCTION,keep,as-is,High,pipeline code or entrypoint
BE_QUERY_FILES\8M5CL_NCDD_EDI.csv,8M5CL_NCDD_EDI.csv,.csv,221715,216.52,0.211,2026-07-07 13:54:01,0.4,0.4,1,BE_QUERY_FILES,PRODUCTION,keep,as-is,High,pipeline code or entrypoint
BE_QUERY_FILES\8M5CL_NCDD_EDI_SHORT.jsl,8M5CL_NCDD_EDI_SHORT.jsl,.jsl,5816,5.68,0.006,2026-07-06 18:56:37,1.2,1.2,1,BE_QUERY_FILES,PRODUCTION,keep,as-is,High,pipeline code or entrypoint
BE_QUERY_FILES\8M5CL_NCDD_SHORT.jsl,8M5CL_NCDD_SHORT.jsl,.jsl,1503,1.47,0.001,2026-07-07 16:21:40,0.3,0.3,1,BE_QUERY_FILES,PRODUCTION,keep,as-is,High,pipeline code or entrypoint
BE_QUERY_FILES\8M6CL_EDI.csv,8M6CL_EDI.csv,.csv,1236824,1207.84,1.18,2026-07-07 16:08:40,0.3,0.3,1,BE_QUERY_FILES,PRODUCTION,keep,as-is,High,pipeline code or entrypoint
BE_QUERY_FILES\8M6CL_EDI_SHORT.jsl,8M6CL_EDI_SHORT.jsl,.jsl,10532,10.29,0.01,2026-07-06 17:47:47,1.2,1.2,1,BE_QUERY_FILES,PRODUCTION,keep,as-is,High,pipeline code or entrypoint
BE_QUERY_FILES\8M6CL_NCDD.csv,8M6CL_NCDD.csv,.csv,1118667,1092.45,1.067,2026-07-07 16:42:08,0.3,0.3,1,BE_QUERY_FILES,PRODUCTION,keep,as-is,High,pipeline code or entrypoint
BE_QUERY_FILES\8M6CL_NCDD_EDI.csv,8M6CL_NCDD_EDI.csv,.csv,272306,265.92,0.26,2026-07-07 13:59:05,0.4,0.4,1,BE_QUERY_FILES,PRODUCTION,keep,as-is,High,pipeline code or entrypoint
BE_QUERY_FILES\8M6CL_NCDD_EDI_SHORT.jsl,8M6CL_NCDD_EDI_SHORT.jsl,.jsl,6116,5.97,0.006,2026-07-06 23:41:12,1.0,1.0,1,BE_QUERY_FILES,PRODUCTION,keep,as-is,High,pipeline code or entrypoint
BE_QUERY_FILES\8M6CL_NCDD_SHORT.jsl,8M6CL_NCDD_SHORT.jsl,.jsl,11634,11.36,0.011,2026-07-07 16:41:35,0.3,0.3,1,BE_QUERY_FILES,PRODUCTION,keep,as-is,High,pipeline code or entrypoint
BE_QUERY_FILES\__pycache__\8M5CL_8M6CL_UPDATE.cpython-311.pyc,8M5CL_8M6CL_UPDATE.cpython-311.pyc,.pyc,12661,12.36,0.012,2026-05-01 16:00:27,67.3,67.3,2,BE_QUERY_FILES,PRODUCTION,keep,as-is,High,pipeline code or entrypoint
BE_QUERY_FILES\__pycache__\backfill_surf_pilot_status.cpython-311.pyc,backfill_surf_pilot_status.cpython-311.pyc,.pyc,4245,4.15,0.004,2026-04-30 22:40:09,68.0,68.0,2,BE_QUERY_FILES,PRODUCTION,keep,as-is,High,pipeline code or entrypoint
BE_QUERY_FILES\__pycache__\backfill_wafer_pilot_status.cpython-311.pyc,backfill_wafer_pilot_status.cpython-311.pyc,.pyc,7910,7.72,0.008,2026-04-30 22:40:22,68.0,68.0,2,BE_QUERY_FILES,PRODUCTION,keep,as-is,High,pipeline code or entrypoint
BE_QUERY_FILES\__pycache__\DEFECT_COORDINATES_QUERY.cpython-311.pyc,DEFECT_COORDINATES_QUERY.cpython-311.pyc,.pyc,67197,65.62,0.064,2026-05-06 14:26:08,62.4,62.4,2,BE_QUERY_FILES,PRODUCTION,keep,as-is,High,pipeline code or entrypoint
BE_QUERY_FILES\__pycache__\migrate_pipeline_layout.cpython-311.pyc,migrate_pipeline_layout.cpython-311.pyc,.pyc,5233,5.11,0.005,2026-04-23 21:10:48,75.1,75.1,2,BE_QUERY_FILES,PRODUCTION,keep,as-is,High,pipeline code or entrypoint
BE_QUERY_FILES\__pycache__\pipeline_config.cpython-311.pyc,pipeline_config.cpython-311.pyc,.pyc,16541,16.15,0.016,2026-07-07 00:42:47,0.9,0.9,2,BE_QUERY_FILES,PRODUCTION,keep,as-is,High,pipeline code or entrypoint
BE_QUERY_FILES\__pycache__\reconcile_prune_images.cpython-311.pyc,reconcile_prune_images.cpython-311.pyc,.pyc,30744,30.02,0.029,2026-06-22 13:56:29,15.4,15.4,2,BE_QUERY_FILES,PRODUCTION,keep,as-is,High,pipeline code or entrypoint
BE_QUERY_FILES\__pycache__\surf_scan_config.cpython-311.pyc,surf_scan_config.cpython-311.pyc,.pyc,2022,1.97,0.002,2026-04-26 16:51:41,72.3,72.3,2,BE_QUERY_FILES,PRODUCTION,keep,as-is,High,pipeline code or entrypoint
BE_QUERY_FILES\__pycache__\surf_scan_coordinates.cpython-311.pyc,surf_scan_coordinates.cpython-311.pyc,.pyc,61778,60.33,0.059,2026-05-01 16:18:31,67.3,67.3,2,BE_QUERY_FILES,PRODUCTION,keep,as-is,High,pipeline code or entrypoint
BE_QUERY_FILES\__pycache__\surf_scan_daily.cpython-311.pyc,surf_scan_daily.cpython-311.pyc,.pyc,803,0.78,0.001,2026-06-21 23:27:58,16.0,16.0,2,BE_QUERY_FILES,PRODUCTION,keep,as-is,High,pipeline code or entrypoint
BE_QUERY_FILES\__pycache__\surf_scan_elwc_pm_pilot.cpython-311.pyc,surf_scan_elwc_pm_pilot.cpython-311.pyc,.pyc,32240,31.48,0.031,2026-04-30 19:59:15,68.1,68.1,2,BE_QUERY_FILES,PRODUCTION,keep,as-is,High,pipeline code or entrypoint
BE_QUERY_FILES\__pycache__\surf_scan_elwc_pm_stage_backfill.cpython-311.pyc,surf_scan_elwc_pm_stage_backfill.cpython-311.pyc,.pyc,30122,29.42,0.029,2026-05-01 16:18:31,67.3,67.3,2,BE_QUERY_FILES,PRODUCTION,keep,as-is,High,pipeline code or entrypoint
BE_QUERY_FILES\__pycache__\surf_scan_event_wafer_sample.cpython-311.pyc,surf_scan_event_wafer_sample.cpython-311.pyc,.pyc,15823,15.45,0.015,2026-04-28 23:30:40,70.0,70.0,2,BE_QUERY_FILES,PRODUCTION,keep,as-is,High,pipeline code or entrypoint
BE_QUERY_FILES\__pycache__\surf_scan_images.cpython-311.pyc,surf_scan_images.cpython-311.pyc,.pyc,48871,47.73,0.047,2026-06-21 21:42:02,16.1,16.1,2,BE_QUERY_FILES,PRODUCTION,keep,as-is,High,pipeline code or entrypoint
BE_QUERY_FILES\__pycache__\surf_scan_update.cpython-311.pyc,surf_scan_update.cpython-311.pyc,.pyc,28084,27.43,0.027,2026-06-21 23:27:58,16.0,16.0,2,BE_QUERY_FILES,PRODUCTION,keep,as-is,High,pipeline code or entrypoint
BE_QUERY_FILES\__pycache__\update_run.cpython-311.pyc,update_run.cpython-311.pyc,.pyc,7529,7.35,0.007,2026-04-23 22:32:46,75.0,75.0,2,BE_QUERY_FILES,PRODUCTION,keep,as-is,High,pipeline code or entrypoint
BE_QUERY_FILES\audit_edi_backfill.py,audit_edi_backfill.py,.py,12024,11.74,0.011,2026-07-06 22:18:00,1.0,1.0,1,BE_QUERY_FILES,PRODUCTION,keep,as-is,High,pipeline code or entrypoint
BE_QUERY_FILES\backfill_defect_yymm.py,backfill_defect_yymm.py,.py,2312,2.26,0.002,2026-04-27 18:00:09,71.2,71.2,1,BE_QUERY_FILES,PRODUCTION,keep,as-is,High,pipeline code or entrypoint
BE_QUERY_FILES\backfill_surf_pilot_status.py,backfill_surf_pilot_status.py,.py,2174,2.12,0.002,2026-04-30 22:38:56,68.0,68.0,1,BE_QUERY_FILES,PRODUCTION,keep,as-is,High,pipeline code or entrypoint
BE_QUERY_FILES\backfill_wafer_pilot_status.py,backfill_wafer_pilot_status.py,.py,4661,4.55,0.004,2026-04-30 22:38:56,68.0,68.0,1,BE_QUERY_FILES,PRODUCTION,keep,as-is,High,pipeline code or entrypoint
BE_QUERY_FILES\check_ncdd_coverage.py,check_ncdd_coverage.py,.py,3333,3.25,0.003,2026-07-07 18:05:21,0.2,0.2,1,BE_QUERY_FILES,PRODUCTION,keep,as-is,High,pipeline code or entrypoint
BE_QUERY_FILES\csv_backup_daily.py,csv_backup_daily.py,.py,4195,4.1,0.004,2026-07-07 18:17:57,0.2,0.2,1,BE_QUERY_FILES,PRODUCTION,keep,as-is,High,pipeline code or entrypoint
BE_QUERY_FILES\DEFECT_COORDINATES_QUERY.py,DEFECT_COORDINATES_QUERY.py,.py,53441,52.19,0.051,2026-05-06 00:01:38,63.0,63.0,1,BE_QUERY_FILES,PRODUCTION,keep,as-is,High,pipeline code or entrypoint
BE_QUERY_FILES\diagnose_join_keys.py,diagnose_join_keys.py,.py,4083,3.99,0.004,2026-07-06 22:18:00,1.0,1.0,1,BE_QUERY_FILES,PRODUCTION,keep,as-is,High,pipeline code or entrypoint
BE_QUERY_FILES\EDI_BACKFILL.py,EDI_BACKFILL.py,.py,6147,6.0,0.006,2026-07-07 16:31:16,0.3,0.3,1,BE_QUERY_FILES,PRODUCTION,keep,as-is,High,pipeline code or entrypoint
BE_QUERY_FILES\final_verification.py,final_verification.py,.py,2281,2.23,0.002,2026-07-07 17:03:58,0.3,0.3,1,BE_QUERY_FILES,PRODUCTION,keep,as-is,High,pipeline code or entrypoint
BE_QUERY_FILES\generate_60day.py,generate_60day.py,.py,1137,1.11,0.001,2026-07-07 16:31:16,0.3,0.3,1,BE_QUERY_FILES,PRODUCTION,keep,as-is,High,pipeline code or entrypoint
BE_QUERY_FILES\merged_sources\8M5CL_NCDD_merged_dedup.csv,8M5CL_NCDD_merged_dedup.csv,.csv,127109,124.13,0.121,2026-07-07 15:45:59,0.3,0.3,2,BE_QUERY_FILES,PRODUCTION,keep,as-is,High,pipeline code or entrypoint
BE_QUERY_FILES\merged_sources\8M6CL_NCDD_merged_dedup.csv,8M6CL_NCDD_merged_dedup.csv,.csv,154784,151.16,0.148,2026-07-07 15:45:59,0.3,0.3,2,BE_QUERY_FILES,PRODUCTION,keep,as-is,High,pipeline code or entrypoint
BE_QUERY_FILES\migrate_pipeline_layout.py,migrate_pipeline_layout.py,.py,3615,3.53,0.003,2026-04-23 21:09:21,75.1,75.1,1,BE_QUERY_FILES,PRODUCTION,keep,as-is,High,pipeline code or entrypoint
BE_QUERY_FILES\modular_processor\.vscode\settings.json,settings.json,.json,520,0.51,0.0,2026-01-28 23:15:04,160.0,160.0,3,BE_QUERY_FILES,PRODUCTION,keep,as-is,High,pipeline code or entrypoint
BE_QUERY_FILES\modular_processor\__init__.py,__init__.py,.py,225,0.22,0.0,2026-01-01 22:22:31,187.0,187.0,2,BE_QUERY_FILES,PRODUCTION,keep,as-is,High,pipeline code or entrypoint
BE_QUERY_FILES\modular_processor\__pycache__\__init__.cpython-311.pyc,__init__.cpython-311.pyc,.pyc,441,0.43,0.0,2026-04-23 22:18:03,75.0,75.0,3,BE_QUERY_FILES,PRODUCTION,keep,as-is,High,pipeline code or entrypoint
BE_QUERY_FILES\modular_processor\__pycache__\EXTEND_BENCHMARK.cpython-311.pyc,EXTEND_BENCHMARK.cpython-311.pyc,.pyc,35487,34.66,0.034,2026-07-07 15:44:31,0.3,0.3,3,BE_QUERY_FILES,PRODUCTION,keep,as-is,High,pipeline code or entrypoint
BE_QUERY_FILES\modular_processor\__pycache__\main.cpython-311.pyc,main.cpython-311.pyc,.pyc,18329,17.9,0.017,2026-05-01 16:03:24,67.3,67.3,3,BE_QUERY_FILES,PRODUCTION,keep,as-is,High,pipeline code or entrypoint
BE_QUERY_FILES\modular_processor\__pycache__\TIME_BIN_AGGREGATOR.cpython-311.pyc,TIME_BIN_AGGREGATOR.cpython-311.pyc,.pyc,26513,25.89,0.025,2026-04-30 14:26:16,68.4,68.4,3,BE_QUERY_FILES,PRODUCTION,keep,as-is,High,pipeline code or entrypoint
BE_QUERY_FILES\modular_processor\core\__init__.py,__init__.py,.py,83,0.08,0.0,2026-01-01 22:22:31,187.0,187.0,3,BE_QUERY_FILES,PRODUCTION,keep,as-is,High,pipeline code or entrypoint
BE_QUERY_FILES\modular_processor\core\__pycache__\__init__.cpython-310.pyc,__init__.cpython-310.pyc,.pyc,281,0.27,0.0,2026-01-01 22:37:36,187.0,187.0,4,BE_QUERY_FILES,PRODUCTION,keep,as-is,High,pipeline code or entrypoint
BE_QUERY_FILES\modular_processor\core\__pycache__\__init__.cpython-311.pyc,__init__.cpython-311.pyc,.pyc,307,0.3,0.0,2026-01-01 22:33:39,187.0,187.0,4,BE_QUERY_FILES,PRODUCTION,keep,as-is,High,pipeline code or entrypoint
BE_QUERY_FILES\modular_processor\core\__pycache__\__init__.cpython-312.pyc,__init__.cpython-312.pyc,.pyc,290,0.28,0.0,2026-01-01 22:23:57,187.0,187.0,4,BE_QUERY_FILES,PRODUCTION,keep,as-is,High,pipeline code or entrypoint
BE_QUERY_FILES\modular_processor\core\__pycache__\base_processors.cpython-311.pyc,base_processors.cpython-311.pyc,.pyc,11969,11.69,0.011,2026-01-01 22:33:49,187.0,187.0,4,BE_QUERY_FILES,PRODUCTION,keep,as-is,High,pipeline code or entrypoint
BE_QUERY_FILES\modular_processor\core\__pycache__\column_manager.cpython-311.pyc,column_manager.cpython-311.pyc,.pyc,7848,7.66,0.007,2026-01-01 22:33:50,187.0,187.0,4,BE_QUERY_FILES,PRODUCTION,keep,as-is,High,pipeline code or entrypoint
BE_QUERY_FILES\modular_processor\core\__pycache__\config.cpython-310.pyc,config.cpython-310.pyc,.pyc,3463,3.38,0.003,2026-01-01 22:37:36,187.0,187.0,4,BE_QUERY_FILES,PRODUCTION,keep,as-is,High,pipeline code or entrypoint
BE_QUERY_FILES\modular_processor\core\__pycache__\config.cpython-311.pyc,config.cpython-311.pyc,.pyc,5750,5.62,0.005,2026-05-01 14:26:16,67.4,67.4,4,BE_QUERY_FILES,PRODUCTION,keep,as-is,High,pipeline code or entrypoint
BE_QUERY_FILES\modular_processor\core\__pycache__\config.cpython-312.pyc,config.cpython-312.pyc,.pyc,4670,4.56,0.004,2026-01-01 22:28:58,187.0,187.0,4,BE_QUERY_FILES,PRODUCTION,keep,as-is,High,pipeline code or entrypoint
BE_QUERY_FILES\modular_processor\core\__pycache__\utils.cpython-311.pyc,utils.cpython-311.pyc,.pyc,7769,7.59,0.007,2026-01-03 21:00:44,185.1,185.1,4,BE_QUERY_FILES,PRODUCTION,keep,as-is,High,pipeline code or entrypoint
BE_QUERY_FILES\modular_processor\core\base_processors.py,base_processors.py,.py,7883,7.7,0.008,2026-01-01 22:22:30,187.0,187.0,3,BE_QUERY_FILES,PRODUCTION,keep,as-is,High,pipeline code or entrypoint
BE_QUERY_FILES\modular_processor\core\column_manager.py,column_manager.py,.py,4591,4.48,0.004,2026-01-01 22:22:30,187.0,187.0,3,BE_QUERY_FILES,PRODUCTION,keep,as-is,High,pipeline code or entrypoint
BE_QUERY_FILES\modular_processor\core\config.py,config.py,.py,4950,4.83,0.005,2026-04-30 22:35:41,68.0,68.0,3,BE_QUERY_FILES,PRODUCTION,keep,as-is,High,pipeline code or entrypoint
BE_QUERY_FILES\modular_processor\core\utils.py,utils.py,.py,4730,4.62,0.005,2026-01-03 21:00:27,185.1,185.1,3,BE_QUERY_FILES,PRODUCTION,keep,as-is,High,pipeline code or entrypoint
BE_QUERY_FILES\modular_processor\ELWC_BE_FLEET.py,ELWC_BE_FLEET.py,.py,5581,5.45,0.005,2026-04-17 04:28:45,81.8,81.8,2,BE_QUERY_FILES,PRODUCTION,keep,as-is,High,pipeline code or entrypoint
BE_QUERY_FILES\modular_processor\ELWC_DEDUPLICATED.py,ELWC_DEDUPLICATED.py,.py,5093,4.97,0.005,2026-02-26 23:36:26,131.0,131.0,2,BE_QUERY_FILES,PRODUCTION,keep,as-is,High,pipeline code or entrypoint
BE_QUERY_FILES\modular_processor\ELWC_UPDATE.py,ELWC_UPDATE.py,.py,8951,8.74,0.009,2026-02-26 23:48:06,131.0,131.0,2,BE_QUERY_FILES,PRODUCTION,keep,as-is,High,pipeline code or entrypoint
BE_QUERY_FILES\modular_processor\EXTEND_BENCHMARK.py,EXTEND_BENCHMARK.py,.py,29529,28.84,0.028,2026-07-07 15:48:33,0.3,0.3,2,BE_QUERY_FILES,PRODUCTION,keep,as-is,High,pipeline code or entrypoint
BE_QUERY_FILES\modular_processor\feature_importance_BP_RATE.csv,feature_importance_BP_RATE.csv,.csv,2447,2.39,0.002,2026-01-04 07:38:29,184.7,184.7,2,BE_QUERY_FILES,PRODUCTION,keep,as-is,High,pipeline code or entrypoint
BE_QUERY_FILES\modular_processor\feature_importance_SP_RATE.csv,feature_importance_SP_RATE.csv,.csv,2429,2.37,0.002,2026-01-04 07:38:29,184.7,184.7,2,BE_QUERY_FILES,PRODUCTION,keep,as-is,High,pipeline code or entrypoint
BE_QUERY_FILES\modular_processor\GENERATE_DEVICE_BENCHMARK_JSL.py,GENERATE_DEVICE_BENCHMARK_JSL.py,.py,5725,5.59,0.005,2026-06-21 23:01:40,16.0,16.0,2,BE_QUERY_FILES,PRODUCTION,keep,as-is,High,pipeline code or entrypoint
BE_QUERY_FILES\modular_processor\main.py,main.py,.py,13319,13.01,0.013,2026-05-01 16:01:02,67.3,67.3,2,BE_QUERY_FILES,PRODUCTION,keep,as-is,High,pipeline code or entrypoint
BE_QUERY_FILES\modular_processor\processors\__init__.py,__init__.py,.py,108,0.11,0.0,2026-01-01 22:22:31,187.0,187.0,3,BE_QUERY_FILES,PRODUCTION,keep,as-is,High,pipeline code or entrypoint
BE_QUERY_FILES\modular_processor\processors\__pycache__\__init__.cpython-311.pyc,__init__.cpython-311.pyc,.pyc,338,0.33,0.0,2026-01-01 22:33:47,187.0,187.0,4,BE_QUERY_FILES,PRODUCTION,keep,as-is,High,pipeline code or entrypoint
BE_QUERY_FILES\modular_processor\processors\__pycache__\defect_processor.cpython-311.pyc,defect_processor.cpython-311.pyc,.pyc,66513,64.95,0.063,2026-07-07 15:31:56,0.3,0.3,4,BE_QUERY_FILES,PRODUCTION,keep,as-is,High,pipeline code or entrypoint
BE_QUERY_FILES\modular_processor\processors\__pycache__\defect_trends_processor.cpython-311.pyc,defect_trends_processor.cpython-311.pyc,.pyc,31558,30.82,0.03,2026-01-12 23:48:41,176.0,176.0,4,BE_QUERY_FILES,PRODUCTION,keep,as-is,High,pipeline code or entrypoint
BE_QUERY_FILES\modular_processor\processors\__pycache__\elwc2_processor.cpython-311.pyc,elwc2_processor.cpython-311.pyc,.pyc,23321,22.77,0.022,2026-01-03 06:39:58,185.7,185.7,4,BE_QUERY_FILES,PRODUCTION,keep,as-is,High,pipeline code or entrypoint
BE_QUERY_FILES\modular_processor\processors\__pycache__\elwc_processor.cpython-311.pyc,elwc_processor.cpython-311.pyc,.pyc,20514,20.03,0.02,2026-01-01 22:33:50,187.0,187.0,4,BE_QUERY_FILES,PRODUCTION,keep,as-is,High,pipeline code or entrypoint
BE_QUERY_FILES\modular_processor\processors\__pycache__\leak_processors.cpython-311.pyc,leak_processors.cpython-311.pyc,.pyc,18707,18.27,0.018,2026-01-01 22:33:51,187.0,187.0,4,BE_QUERY_FILES,PRODUCTION,keep,as-is,High,pipeline code or entrypoint
BE_QUERY_FILES\modular_processor\processors\__pycache__\pump_processor.cpython-311.pyc,pump_processor.cpython-311.pyc,.pyc,9294,9.08,0.009,2026-01-01 22:33:51,187.0,187.0,4,BE_QUERY_FILES,PRODUCTION,keep,as-is,High,pipeline code or entrypoint
BE_QUERY_FILES\modular_processor\processors\__pycache__\spc_processor.cpython-311.pyc,spc_processor.cpython-311.pyc,.pyc,25132,24.54,0.024,2026-01-05 16:47:35,183.3,183.3,4,BE_QUERY_FILES,PRODUCTION,keep,as-is,High,pipeline code or entrypoint
BE_QUERY_FILES\modular_processor\processors\defect_processor.py,defect_processor.py,.py,52800,51.56,0.05,2026-07-07 15:14:01,0.3,0.3,3,BE_QUERY_FILES,PRODUCTION,keep,as-is,High,pipeline code or entrypoint
BE_QUERY_FILES\modular_processor\processors\defect_trends_processor.py,defect_trends_processor.py,.py,27728,27.08,0.026,2026-01-12 22:10:59,176.0,176.0,3,BE_QUERY_FILES,PRODUCTION,keep,as-is,High,pipeline code or entrypoint
BE_QUERY_FILES\modular_processor\processors\elwc2_processor.py,elwc2_processor.py,.py,18624,18.19,0.018,2026-01-03 06:39:20,185.7,185.7,3,BE_QUERY_FILES,PRODUCTION,keep,as-is,High,pipeline code or entrypoint
BE_QUERY_FILES\modular_processor\processors\elwc_processor.py,elwc_processor.py,.py,14950,14.6,0.014,2026-01-01 22:22:30,187.0,187.0,3,BE_QUERY_FILES,PRODUCTION,keep,as-is,High,pipeline code or entrypoint
BE_QUERY_FILES\modular_processor\processors\leak_processors.py,leak_processors.py,.py,13481,13.17,0.013,2026-01-01 22:22:30,187.0,187.0,3,BE_QUERY_FILES,PRODUCTION,keep,as-is,High,pipeline code or entrypoint
BE_QUERY_FILES\modular_processor\processors\pump_processor.py,pump_processor.py,.py,6768,6.61,0.006,2026-01-01 22:22:31,187.0,187.0,3,BE_QUERY_FILES,PRODUCTION,keep,as-is,High,pipeline code or entrypoint
BE_QUERY_FILES\modular_processor\processors\spc_processor.py,spc_processor.py,.py,20241,19.77,0.019,2026-01-05 16:47:09,183.3,183.3,3,BE_QUERY_FILES,PRODUCTION,keep,as-is,High,pipeline code or entrypoint
BE_QUERY_FILES\modular_processor\README.md,README.md,.md,34249,33.45,0.033,2026-01-05 18:18:27,183.2,183.2,2,BE_QUERY_FILES,PRODUCTION,keep,as-is,High,pipeline code or entrypoint
BE_QUERY_FILES\modular_processor\readme_update.py,readme_update.py,.py,11336,11.07,0.011,2026-01-05 18:18:26,183.2,183.2,2,BE_QUERY_FILES,PRODUCTION,keep,as-is,High,pipeline code or entrypoint
BE_QUERY_FILES\modular_processor\rf_configuration_comparison.csv,rf_configuration_comparison.csv,.csv,1930,1.88,0.002,2026-01-04 07:45:59,184.6,184.6,2,BE_QUERY_FILES,PRODUCTION,keep,as-is,High,pipeline code or entrypoint
BE_QUERY_FILES\modular_processor\RF_DEFECTS.py,RF_DEFECTS.py,.py,15595,15.23,0.015,2026-01-04 08:14:36,184.6,184.6,2,BE_QUERY_FILES,PRODUCTION,keep,as-is,High,pipeline code or entrypoint
BE_QUERY_FILES\modular_processor\RF_DEFECTS_2.py,RF_DEFECTS_2.py,.py,9674,9.45,0.009,2026-01-12 03:50:28,176.8,176.8,2,BE_QUERY_FILES,PRODUCTION,keep,as-is,High,pipeline code or entrypoint
BE_QUERY_FILES\modular_processor\TIME_BIN_AGGREGATOR.py,TIME_BIN_AGGREGATOR.py,.py,22441,21.92,0.021,2026-04-29 16:59:17,69.3,69.3,2,BE_QUERY_FILES,PRODUCTION,keep,as-is,High,pipeline code or entrypoint
BE_QUERY_FILES\modular_processor\validator.py,validator.py,.py,16189,15.81,0.015,2026-01-03 20:22:09,185.1,185.1,2,BE_QUERY_FILES,PRODUCTION,keep,as-is,High,pipeline code or entrypoint
BE_QUERY_FILES\NCDD Report Data - GroupBy DEVICE By (DEVICE).csv,NCDD Report Data - GroupBy DEVICE By (DEVICE).csv,.csv,680,0.66,0.001,2026-07-07 17:24:06,0.2,0.2,1,BE_QUERY_FILES,PRODUCTION,keep,as-is,High,pipeline code or entrypoint
BE_QUERY_FILES\OLD2\8M5CL_8M6CL_2025_PRE.csv,8M5CL_8M6CL_2025_PRE.csv,.csv,487592,476.16,0.465,2026-01-01 19:14:33,187.2,187.2,2,BE_QUERY_FILES,PRODUCTION,keep,as-is,High,pipeline code or entrypoint
BE_QUERY_FILES\OLD2\8M5CL_8M6CL_2025_PRE_PRE.csv,8M5CL_8M6CL_2025_PRE_PRE.csv,.csv,7435717,7261.44,7.091,2025-12-31 19:27:16,188.2,188.2,2,BE_QUERY_FILES,PRODUCTION,keep,as-is,High,pipeline code or entrypoint
BE_QUERY_FILES\OLD2\8M5CL_8M6CL_2025_RETICLE_old2.csv,8M5CL_8M6CL_2025_RETICLE_old2.csv,.csv,7390192,7216.98,7.048,2025-12-31 18:45:56,188.2,188.2,2,BE_QUERY_FILES,PRODUCTION,keep,as-is,High,pipeline code or entrypoint
BE_QUERY_FILES\OLD2\8M5CL_8M6CL_2025_RETICLE_old_lookbacks.csv,8M5CL_8M6CL_2025_RETICLE_old_lookbacks.csv,.csv,6778897,6620.02,6.465,2025-12-31 02:19:25,188.9,188.9,2,BE_QUERY_FILES,PRODUCTION,keep,as-is,High,pipeline code or entrypoint
BE_QUERY_FILES\OLD2\8M5CL_8M6CL_2025_WITH_TRENDS.csv,8M5CL_8M6CL_2025_WITH_TRENDS.csv,.csv,8799148,8592.92,8.392,2026-01-01 04:43:47,187.8,187.8,2,BE_QUERY_FILES,PRODUCTION,keep,as-is,High,pipeline code or entrypoint
BE_QUERY_FILES\OLD2\DATE_FILTER_VALIDATION.py,DATE_FILTER_VALIDATION.py,.py,6877,6.72,0.007,2026-01-01 18:12:55,187.2,187.2,2,BE_QUERY_FILES,PRODUCTION,keep,as-is,High,pipeline code or entrypoint
BE_QUERY_FILES\OLD2\MIGRATION_VALIDATION.py,MIGRATION_VALIDATION.py,.py,25362,24.77,0.024,2026-01-01 18:21:16,187.2,187.2,2,BE_QUERY_FILES,PRODUCTION,keep,as-is,High,pipeline code or entrypoint
BE_QUERY_FILES\phase2b_rolling_audit.py,phase2b_rolling_audit.py,.py,10448,10.2,0.01,2026-07-06 23:48:25,1.0,1.0,1,BE_QUERY_FILES,PRODUCTION,keep,as-is,High,pipeline code or entrypoint
BE_QUERY_FILES\pipeline_config.py,pipeline_config.py,.py,10488,10.24,0.01,2026-07-07 00:02:03,1.0,1.0,1,BE_QUERY_FILES,PRODUCTION,keep,as-is,High,pipeline code or entrypoint
BE_QUERY_FILES\reconcile_prune_images.py,reconcile_prune_images.py,.py,19319,18.87,0.018,2026-06-21 23:45:16,16.0,16.0,1,BE_QUERY_FILES,PRODUCTION,keep,as-is,High,pipeline code or entrypoint
BE_QUERY_FILES\reparse_pilot_columns.py,reparse_pilot_columns.py,.py,13842,13.52,0.013,2026-05-06 00:01:38,63.0,63.0,1,BE_QUERY_FILES,PRODUCTION,keep,as-is,High,pipeline code or entrypoint
BE_QUERY_FILES\ss_incremental_no_images_console.txt,ss_incremental_no_images_console.txt,.txt,54180,52.91,0.052,2026-04-26 04:54:19,72.8,72.8,1,BE_QUERY_FILES,PRODUCTION,keep,as-is,High,pipeline code or entrypoint
BE_QUERY_FILES\ss_incremental_with_images_dryrun_console.txt,ss_incremental_with_images_dryrun_console.txt,.txt,54180,52.91,0.052,2026-04-26 05:07:41,72.8,72.8,1,BE_QUERY_FILES,PRODUCTION,keep,as-is,High,pipeline code or entrypoint
BE_QUERY_FILES\ss_incremental_with_images_dryrun_v2_console.txt,ss_incremental_with_images_dryrun_v2_console.txt,.txt,795188,776.55,0.758,2026-04-26 08:52:10,72.6,72.6,1,BE_QUERY_FILES,PRODUCTION,keep,as-is,High,pipeline code or entrypoint
BE_QUERY_FILES\ss_seed_760_console.txt,ss_seed_760_console.txt,.txt,60742,59.32,0.058,2026-04-26 16:01:35,72.3,72.3,1,BE_QUERY_FILES,PRODUCTION,keep,as-is,High,pipeline code or entrypoint
BE_QUERY_FILES\ss_seed_console.txt,ss_seed_console.txt,.txt,30006,29.3,0.029,2026-04-27 16:16:51,71.3,71.3,1,BE_QUERY_FILES,PRODUCTION,keep,as-is,High,pipeline code or entrypoint
BE_QUERY_FILES\surf_scan_backfill_event_wafer.py,surf_scan_backfill_event_wafer.py,.py,2517,2.46,0.002,2026-04-28 23:28:41,70.0,70.0,1,BE_QUERY_FILES,PRODUCTION,keep,as-is,High,pipeline code or entrypoint
BE_QUERY_FILES\surf_scan_backfill_pm_counters.py,surf_scan_backfill_pm_counters.py,.py,639,0.62,0.001,2026-04-30 21:59:34,68.1,68.1,1,BE_QUERY_FILES,PRODUCTION,keep,as-is,High,pipeline code or entrypoint
BE_QUERY_FILES\surf_scan_config.py,surf_scan_config.py,.py,1771,1.73,0.002,2026-04-26 16:45:36,72.3,72.3,1,BE_QUERY_FILES,PRODUCTION,keep,as-is,High,pipeline code or entrypoint
BE_QUERY_FILES\surf_scan_coordinates.py,surf_scan_coordinates.py,.py,54517,53.24,0.052,2026-05-01 16:17:56,67.3,67.3,1,BE_QUERY_FILES,PRODUCTION,keep,as-is,High,pipeline code or entrypoint
BE_QUERY_FILES\surf_scan_daily.py,surf_scan_daily.py,.py,291,0.28,0.0,2026-04-26 16:10:55,72.3,72.3,1,BE_QUERY_FILES,PRODUCTION,keep,as-is,High,pipeline code or entrypoint
BE_QUERY_FILES\surf_scan_elwc_pm_pilot.py,surf_scan_elwc_pm_pilot.py,.py,22500,21.97,0.021,2026-04-30 19:45:15,68.2,68.2,1,BE_QUERY_FILES,PRODUCTION,keep,as-is,High,pipeline code or entrypoint
BE_QUERY_FILES\surf_scan_elwc_pm_stage_backfill.py,surf_scan_elwc_pm_stage_backfill.py,.py,19186,18.74,0.018,2026-05-01 16:17:56,67.3,67.3,1,BE_QUERY_FILES,PRODUCTION,keep,as-is,High,pipeline code or entrypoint
BE_QUERY_FILES\surf_scan_event_wafer_sample.py,surf_scan_event_wafer_sample.py,.py,10490,10.24,0.01,2026-04-28 23:32:56,70.0,70.0,1,BE_QUERY_FILES,PRODUCTION,keep,as-is,High,pipeline code or entrypoint
BE_QUERY_FILES\surf_scan_extend_backfill.py,surf_scan_extend_backfill.py,.py,5916,5.78,0.006,2026-04-28 23:28:41,70.0,70.0,1,BE_QUERY_FILES,PRODUCTION,keep,as-is,High,pipeline code or entrypoint
BE_QUERY_FILES\surf_scan_GTO111_OX.py,surf_scan_GTO111_OX.py,.py,15240,14.88,0.015,2026-05-21 21:50:24,47.1,47.1,1,BE_QUERY_FILES,PRODUCTION,keep,as-is,High,pipeline code or entrypoint
BE_QUERY_FILES\surf_scan_images.py,surf_scan_images.py,.py,38130,37.24,0.036,2026-06-21 20:41:40,16.1,16.1,1,BE_QUERY_FILES,PRODUCTION,keep,as-is,High,pipeline code or entrypoint
BE_QUERY_FILES\surf_scan_incremental.py,surf_scan_incremental.py,.py,275,0.27,0.0,2026-04-26 05:10:07,72.8,72.8,1,BE_QUERY_FILES,PRODUCTION,keep,as-is,High,pipeline code or entrypoint
BE_QUERY_FILES\surf_scan_insp_scope.py,surf_scan_insp_scope.py,.py,13190,12.88,0.013,2026-04-28 22:17:41,70.0,70.0,1,BE_QUERY_FILES,PRODUCTION,keep,as-is,High,pipeline code or entrypoint
BE_QUERY_FILES\surf_scan_seed.py,surf_scan_seed.py,.py,268,0.26,0.0,2026-04-26 05:10:07,72.8,72.8,1,BE_QUERY_FILES,PRODUCTION,keep,as-is,High,pipeline code or entrypoint
BE_QUERY_FILES\surf_scan_update.py,surf_scan_update.py,.py,18307,17.88,0.017,2026-06-21 20:41:40,16.1,16.1,1,BE_QUERY_FILES,PRODUCTION,keep,as-is,High,pipeline code or entrypoint
BE_QUERY_FILES\update_surf_ts_ame421_pm1.py,update_surf_ts_ame421_pm1.py,.py,3770,3.68,0.004,2026-05-01 04:26:35,67.8,67.8,1,BE_QUERY_FILES,PRODUCTION,keep,as-is,High,pipeline code or entrypoint
BE_QUERY_FILES\verify_fix.py,verify_fix.py,.py,692,0.68,0.001,2026-07-07 15:48:42,0.3,0.3,1,BE_QUERY_FILES,PRODUCTION,keep,as-is,High,pipeline code or entrypoint
BE_QUERY_FILES\WEEKLY_ZERO_RATE_AGGREGATOR.py,WEEKLY_ZERO_RATE_AGGREGATOR.py,.py,12635,12.34,0.012,2026-07-07 15:14:01,0.3,0.3,1,BE_QUERY_FILES,PRODUCTION,keep,as-is,High,pipeline code or entrypoint
BOST\AMEct 1278 Inline Defects Fleet Dispo.jsl,AMEct 1278 Inline Defects Fleet Dispo.jsl,.jsl,51235,50.03,0.049,2026-06-02 23:49:34,35.0,35.0,1,BOST,PRODUCTION,keep,as-is,High,general workspace file
BOST\BOST_DefectQuery_Plan.md,BOST_DefectQuery_Plan.md,.md,10494,10.25,0.01,2026-06-02 23:09:19,35.0,35.0,1,BOST,PRODUCTION,keep,as-is,High,general workspace file
DESIGN_INDEX.md,DESIGN_INDEX.md,.md,1010,0.99,0.001,2026-04-30 22:04:30,68.1,68.1,0,[root],PRODUCTION,keep,as-is,High,workspace entry or design doc
docs\DEVICE_BENCHMARK_CONTEXT.md,DEVICE_BENCHMARK_CONTEXT.md,.md,5707,5.57,0.005,2026-06-21 21:25:51,16.1,16.1,1,docs,PRODUCTION,keep,as-is,High,supporting documentation
docs\EDX CONTEXT.md,EDX CONTEXT.md,.md,1763,1.72,0.002,2026-06-20 18:40:36,17.2,17.2,1,docs,PRODUCTION,keep,as-is,High,supporting documentation
docs\EMSA_ACCESS.md,EMSA_ACCESS.md,.md,1331,1.3,0.001,2026-07-02 03:29:45,5.8,5.8,1,docs,PRODUCTION,keep,as-is,High,supporting documentation
docs\Git_Setup_Push_Starter_Guide.md,Git_Setup_Push_Starter_Guide.md,.md,6408,6.26,0.006,2026-05-11 23:06:36,57.0,57.0,1,docs,PRODUCTION,keep,as-is,High,supporting documentation
docs\HTML_REPORTING_WORKFLOWS.md,HTML_REPORTING_WORKFLOWS.md,.md,12250,11.96,0.012,2026-06-21 20:31:10,16.1,16.1,1,docs,PRODUCTION,keep,as-is,High,supporting documentation
docs\jsl_kb\JSL_DATA_CONTRACTS_AND_DEPENDENCIES.md,JSL_DATA_CONTRACTS_AND_DEPENDENCIES.md,.md,2298,2.24,0.002,2026-04-25 05:14:50,73.8,73.8,2,docs,PRODUCTION,keep,as-is,High,supporting documentation
docs\jsl_kb\JSL_KB_INDEX.md,JSL_KB_INDEX.md,.md,2200,2.15,0.002,2026-04-27 17:18:01,71.3,71.3,2,docs,PRODUCTION,keep,as-is,High,supporting documentation
docs\jsl_kb\JSL_MODIFICATION_CHECKLIST.md,JSL_MODIFICATION_CHECKLIST.md,.md,2038,1.99,0.002,2026-04-26 18:42:23,72.2,72.2,2,docs,PRODUCTION,keep,as-is,High,supporting documentation
docs\jsl_kb\JSL_TROUBLESHOOTING_PLAYBOOK.md,JSL_TROUBLESHOOTING_PLAYBOOK.md,.md,4552,4.45,0.004,2026-04-26 18:42:23,72.2,72.2,2,docs,PRODUCTION,keep,as-is,High,supporting documentation
docs\jsl_kb\JSL_VALIDATION_QUICKRUN.md,JSL_VALIDATION_QUICKRUN.md,.md,2611,2.55,0.002,2026-04-26 18:42:23,72.2,72.2,2,docs,PRODUCTION,keep,as-is,High,supporting documentation
docs\jsl_kb\SURF_SCAN_FLEET_IMPLEMENTATION_TODO.md,SURF_SCAN_FLEET_IMPLEMENTATION_TODO.md,.md,5334,5.21,0.005,2026-04-27 17:18:01,71.3,71.3,2,docs,PRODUCTION,keep,as-is,High,supporting documentation
docs\Scheduler_GitHub_Push_POC.md,Scheduler_GitHub_Push_POC.md,.md,3726,3.64,0.004,2026-07-07 18:17:57,0.2,0.2,1,docs,PRODUCTION,keep,as-is,High,supporting documentation
docs\SCRIPT_HOST_LAUNCHER_PATTERN.md,SCRIPT_HOST_LAUNCHER_PATTERN.md,.md,6960,6.8,0.007,2026-06-12 23:22:18,25.0,25.0,1,docs,PRODUCTION,keep,as-is,High,supporting documentation
docs\SURF_SCAN_MANIFEST_DISCREPANCY_HANDOFF.md,SURF_SCAN_MANIFEST_DISCREPANCY_HANDOFF.md,.md,7851,7.67,0.007,2026-06-21 20:31:10,16.1,16.1,1,docs,PRODUCTION,keep,as-is,High,supporting documentation
FLEET_RATE_ANALYSIS.py,FLEET_RATE_ANALYSIS.py,.py,4468,4.36,0.004,2026-07-07 15:14:01,0.3,0.3,0,[root],PRODUCTION,keep,as-is,High,general workspace file
GIT_STATUS.md,GIT_STATUS.md,.md,611,0.6,0.001,2026-07-07 18:31:41,0.2,0.2,0,[root],PRODUCTION,keep,as-is,High,workspace entry or design doc
html\adhoc_chamber_events\_cli_test\AME409_PM6_260701_1005_wafermap.png,AME409_PM6_260701_1005_wafermap.png,.png,60263,58.85,0.057,2026-07-02 04:54:33,5.8,5.8,3,html,PRODUCTION,keep,as-is,High,general workspace file
html\adhoc_chamber_events\AME409_PM6_260625_1737_wafermap.png,AME409_PM6_260625_1737_wafermap.png,.png,84032,82.06,0.08,2026-06-30 17:55:20,7.2,7.2,2,html,PRODUCTION,keep,as-is,High,general workspace file
html\adhoc_chamber_events\AME409_PM6_260701_0405_wafermap.png,AME409_PM6_260701_0405_wafermap.png,.png,44655,43.61,0.043,2026-07-01 16:05:25,6.3,6.3,2,html,PRODUCTION,keep,as-is,High,general workspace file
html\adhoc_chamber_events\AME409_PM6_260701_1005_wafermap.png,AME409_PM6_260701_1005_wafermap.png,.png,60263,58.85,0.057,2026-07-02 04:50:00,5.8,5.8,2,html,PRODUCTION,keep,as-is,High,general workspace file
html\adhoc_chamber_events\AME423_PM1_260625_2235_wafermap.png,AME423_PM1_260625_2235_wafermap.png,.png,50444,49.26,0.048,2026-06-26 17:28:16,11.2,11.2,2,html,PRODUCTION,keep,as-is,High,general workspace file
html\adhoc_chamber_events\AME427_PM3_260613_0558_wafermap.png,AME427_PM3_260613_0558_wafermap.png,.png,56304,54.98,0.054,2026-06-26 15:12:36,11.3,11.3,2,html,PRODUCTION,keep,as-is,High,general workspace file
html\adhoc_chamber_events\elem_F_AME403_PM3_wafermap.png,elem_F_AME403_PM3_wafermap.png,.png,59375,57.98,0.057,2026-06-26 20:29:44,11.1,11.1,2,html,PRODUCTION,keep,as-is,High,general workspace file
html\adhoc_chamber_events\elem_F_AME409_PM6_wafermap.png,elem_F_AME409_PM6_wafermap.png,.png,53126,51.88,0.051,2026-06-26 20:29:43,11.1,11.1,2,html,PRODUCTION,keep,as-is,High,general workspace file
html\adhoc_chamber_events\elem_F_AME411_PM4_wafermap.png,elem_F_AME411_PM4_wafermap.png,.png,42032,41.05,0.04,2026-06-26 20:29:44,11.1,11.1,2,html,PRODUCTION,keep,as-is,High,general workspace file
html\adhoc_chamber_events\elem_F_AME423_PM1_wafermap.png,elem_F_AME423_PM1_wafermap.png,.png,41528,40.55,0.04,2026-06-26 20:29:43,11.1,11.1,2,html,PRODUCTION,keep,as-is,High,general workspace file
html\adhoc_chamber_events\elem_F_AME423_PM5_wafermap.png,elem_F_AME423_PM5_wafermap.png,.png,42604,41.61,0.041,2026-06-26 20:29:44,11.1,11.1,2,html,PRODUCTION,keep,as-is,High,general workspace file
html\adhoc_chamber_events\elem_F_AME425_PM1_wafermap.png,elem_F_AME425_PM1_wafermap.png,.png,42328,41.34,0.04,2026-06-26 20:29:43,11.1,11.1,2,html,PRODUCTION,keep,as-is,High,general workspace file
html\adhoc_chamber_events\elem_F_AME427_PM3_wafermap.png,elem_F_AME427_PM3_wafermap.png,.png,45768,44.7,0.044,2026-06-26 20:29:44,11.1,11.1,2,html,PRODUCTION,keep,as-is,High,general workspace file
html\adhoc_chamber_events\elem_Fe_AME403_PM3_wafermap.png,elem_Fe_AME403_PM3_wafermap.png,.png,49725,48.56,0.047,2026-06-26 20:39:37,11.1,11.1,2,html,PRODUCTION,keep,as-is,High,general workspace file
html\adhoc_chamber_events\elem_Fe_AME409_PM6_wafermap.png,elem_Fe_AME409_PM6_wafermap.png,.png,52536,51.3,0.05,2026-06-26 20:39:37,11.1,11.1,2,html,PRODUCTION,keep,as-is,High,general workspace file
html\adhoc_chamber_events\elem_Fe_AME411_PM4_wafermap.png,elem_Fe_AME411_PM4_wafermap.png,.png,41471,40.5,0.04,2026-06-26 20:39:38,11.1,11.1,2,html,PRODUCTION,keep,as-is,High,general workspace file
html\adhoc_chamber_events\elem_Fe_AME423_PM1_wafermap.png,elem_Fe_AME423_PM1_wafermap.png,.png,41507,40.53,0.04,2026-06-26 20:39:37,11.1,11.1,2,html,PRODUCTION,keep,as-is,High,general workspace file
html\adhoc_chamber_events\elem_Fe_AME423_PM5_wafermap.png,elem_Fe_AME423_PM5_wafermap.png,.png,41525,40.55,0.04,2026-06-26 20:39:37,11.1,11.1,2,html,PRODUCTION,keep,as-is,High,general workspace file
html\adhoc_chamber_events\elem_Fe_AME425_PM1_wafermap.png,elem_Fe_AME425_PM1_wafermap.png,.png,42057,41.07,0.04,2026-06-26 20:39:36,11.1,11.1,2,html,PRODUCTION,keep,as-is,High,general workspace file
html\adhoc_chamber_events\elem_Fe_AME427_PM3_wafermap.png,elem_Fe_AME427_PM3_wafermap.png,.png,42759,41.76,0.041,2026-06-26 20:39:37,11.1,11.1,2,html,PRODUCTION,keep,as-is,High,general workspace file
html\adhoc_elements\_cli_test\elem_report_F+Fe_20260701_215659.html,elem_report_F+Fe_20260701_215659.html,.html,564419,551.19,0.538,2026-07-02 04:57:01,5.8,5.8,3,html,PRODUCTION,keep,as-is,High,general workspace file
html\adhoc_elements\elem_report_Cr_20260630_142752.html,elem_report_Cr_20260630_142752.html,.html,26923,26.29,0.026,2026-06-30 21:27:55,7.1,7.1,2,html,PRODUCTION,keep,as-is,High,general workspace file
html\adhoc_elements\elem_report_F_20260626_113228.html,elem_report_F_20260626_113228.html,.html,311773,304.47,0.297,2026-06-26 18:32:29,11.2,11.2,2,html,PRODUCTION,keep,as-is,High,general workspace file
html\adhoc_elements\elem_report_F_20260626_115218.html,elem_report_F_20260626_115218.html,.html,688475,672.34,0.657,2026-06-26 18:52:19,11.2,11.2,2,html,PRODUCTION,keep,as-is,High,general workspace file
html\adhoc_elements\elem_report_F_20260626_131428.html,elem_report_F_20260626_131428.html,.html,175532,171.42,0.167,2026-06-26 20:14:29,11.1,11.1,2,html,PRODUCTION,keep,as-is,High,general workspace file
html\adhoc_elements\elem_report_F_20260626_132426.html,elem_report_F_20260626_132426.html,.html,184948,180.61,0.176,2026-06-26 20:24:26,11.1,11.1,2,html,PRODUCTION,keep,as-is,High,general workspace file
html\adhoc_elements\elem_report_F_20260626_132944.html,elem_report_F_20260626_132944.html,.html,187518,183.12,0.179,2026-06-26 20:29:45,11.1,11.1,2,html,PRODUCTION,keep,as-is,High,general workspace file
html\adhoc_elements\elem_report_F_20260626_141516.html,elem_report_F_20260626_141516.html,.html,205984,201.16,0.196,2026-06-26 21:15:17,11.1,11.1,2,html,PRODUCTION,keep,as-is,High,general workspace file
html\adhoc_elements\elem_report_Fe_20260626_133937.html,elem_report_Fe_20260626_133937.html,.html,112840,110.2,0.108,2026-06-26 20:39:38,11.1,11.1,2,html,PRODUCTION,keep,as-is,High,general workspace file
html\adhoc_elements\elem_report_Fe_20260626_150124.html,elem_report_Fe_20260626_150124.html,.html,320390,312.88,0.306,2026-06-26 22:01:26,11.1,11.1,2,html,PRODUCTION,keep,as-is,High,general workspace file
html\adhoc_elements\elem_report_Ta+Os+P+Y_20260626_145136.html,elem_report_Ta+Os+P+Y_20260626_145136.html,.html,147109,143.66,0.14,2026-06-26 21:51:37,11.1,11.1,2,html,PRODUCTION,keep,as-is,High,general workspace file
html\adhoc_elements\elem_report_Ta_20260626_144311.html,elem_report_Ta_20260626_144311.html,.html,36845,35.98,0.035,2026-06-26 21:43:12,11.1,11.1,2,html,PRODUCTION,keep,as-is,High,general workspace file
html\adhoc_elements\elem_report_Ti+Ni_20260630_143112.html,elem_report_Ti+Ni_20260630_143112.html,.html,286297,279.59,0.273,2026-06-30 21:31:15,7.1,7.1,2,html,PRODUCTION,keep,as-is,High,general workspace file
html\adhoc_elements\elem_report_Ti+Ni_20260701_211151.html,elem_report_Ti+Ni_20260701_211151.html,.html,316838,309.41,0.302,2026-07-02 04:11:53,5.8,5.8,2,html,PRODUCTION,keep,as-is,High,general workspace file
html\adhoc_elements\elem_report_Ti+Ni_20260701_215321.html,elem_report_Ti+Ni_20260701_215321.html,.html,316838,309.41,0.302,2026-07-02 04:53:23,5.8,5.8,2,html,PRODUCTION,keep,as-is,High,general workspace file
html\CHAMBER_EVENT_REPORT.py,CHAMBER_EVENT_REPORT.py,.py,33936,33.14,0.032,2026-07-02 04:49:12,5.8,5.8,1,html,PRODUCTION,keep,as-is,High,general workspace file
html\ELEMENT_REPORT.py,ELEMENT_REPORT.py,.py,32962,32.19,0.031,2026-07-02 04:49:12,5.8,5.8,1,html,PRODUCTION,keep,as-is,High,general workspace file
html\iGPT Summaries.md,iGPT Summaries.md,.md,779,0.76,0.001,2026-07-02 03:57:06,5.8,5.8,1,html,PRODUCTION,keep,as-is,High,general workspace file
JSL_FLEET_CHAMBER_DISPO_UNDERSTANDING.md,JSL_FLEET_CHAMBER_DISPO_UNDERSTANDING.md,.md,9706,9.48,0.009,2026-04-27 17:18:01,71.3,71.3,0,[root],PRODUCTION,keep,as-is,High,general workspace file
phase0_audit.py,phase0_audit.py,.py,4549,4.44,0.004,2026-07-06 22:18:00,1.0,1.0,0,[root],PRODUCTION,keep,as-is,High,general workspace file
phase0_corrected_audit.py,phase0_corrected_audit.py,.py,4016,3.92,0.004,2026-07-06 22:18:00,1.0,1.0,0,[root],PRODUCTION,keep,as-is,High,general workspace file
phase0_deep_dive.py,phase0_deep_dive.py,.py,3632,3.55,0.003,2026-07-06 22:18:00,1.0,1.0,0,[root],PRODUCTION,keep,as-is,High,general workspace file
phase1_backfill.py,phase1_backfill.py,.py,6468,6.32,0.006,2026-07-06 22:22:56,1.0,1.0,0,[root],PRODUCTION,keep,as-is,High,general workspace file
phase2b_rolling_evaluation.py,phase2b_rolling_evaluation.py,.py,11780,11.5,0.011,2026-07-06 23:48:25,1.0,1.0,0,[root],PRODUCTION,keep,as-is,High,general workspace file
phase2b_rolling_revised.py,phase2b_rolling_revised.py,.py,8154,7.96,0.008,2026-07-06 23:48:25,1.0,1.0,0,[root],PRODUCTION,keep,as-is,High,general workspace file
PHASE_2B_FIXES_SUMMARY.md,PHASE_2B_FIXES_SUMMARY.md,.md,4579,4.47,0.004,2026-07-07 15:14:01,0.3,0.3,0,[root],PRODUCTION,keep,as-is,High,general workspace file
PILOT_STATUS.jsl,PILOT_STATUS.jsl,.jsl,3232,3.16,0.003,2026-06-08 16:42:13,29.3,29.3,0,[root],PRODUCTION,keep,as-is,High,general workspace file
PIPELINE_DESIGN.md,PIPELINE_DESIGN.md,.md,20442,19.96,0.019,2026-07-07 18:17:57,0.2,0.2,0,[root],PRODUCTION,keep,as-is,High,workspace entry or design doc
PLT\2026-06-12_PLT_AME417_PM5_365days_RAW.csv,2026-06-12_PLT_AME417_PM5_365days_RAW.csv,.csv,40483,39.53,0.039,2026-06-12 16:56:25,25.3,25.3,1,PLT,PRODUCTION,keep,as-is,High,general workspace file
PLT\plt_raw.py,plt_raw.py,.py,4451,4.35,0.004,2026-06-12 16:56:11,25.3,25.3,1,PLT,PRODUCTION,keep,as-is,High,general workspace file
SS_Wafermaps_BivReport.jsl,SS_Wafermaps_BivReport.jsl,.jsl,8837,8.63,0.008,2026-07-07 21:39:08,0.1,0.1,0,[root],PRODUCTION,keep,as-is,High,general workspace file
SURF_SCAN_PIPELINE_DESIGN.md,SURF_SCAN_PIPELINE_DESIGN.md,.md,13760,13.44,0.013,2026-05-14 22:04:09,54.1,54.1,0,[root],PRODUCTION,keep,as-is,High,workspace entry or design doc
SURF_SCAN_PIPELINE_DESIGN_RF.md,SURF_SCAN_PIPELINE_DESIGN_RF.md,.md,8074,7.88,0.008,2026-04-30 22:01:48,68.1,68.1,0,[root],PRODUCTION,keep,as-is,High,workspace entry or design doc
YPO 60days.csv,YPO 60days.csv,.csv,49354,48.2,0.047,2026-06-05 23:37:01,32.0,32.0,0,[root],PRODUCTION,keep,as-is,High,general workspace file
YPO.jsl,YPO.jsl,.jsl,49842,48.67,0.048,2026-06-27 03:49:24,10.8,10.8,0,[root],PRODUCTION,keep,as-is,High,general workspace file
BOST\adhoc_bost_enriched_dryrun_8M5CL_8M6CL.csv,adhoc_bost_enriched_dryrun_8M5CL_8M6CL.csv,.csv,820159,800.94,0.782,2026-06-03 04:10:02,34.8,34.8,1,BOST,DEBUG,move,dev\review,Low,one-off analysis or scratch file
BOST\adhoc_bost_gate_rollout.py,adhoc_bost_gate_rollout.py,.py,19093,18.65,0.018,2026-06-03 04:09:44,34.8,34.8,1,BOST,DEBUG,move,dev\review,Low,one-off analysis or scratch file
BOST\adhoc_bost_pilot_enriched_8M5CL_8M6CL.csv,adhoc_bost_pilot_enriched_8M5CL_8M6CL.csv,.csv,66878,65.31,0.064,2026-06-03 04:09:51,34.8,34.8,1,BOST,DEBUG,move,dev\review,Low,one-off analysis or scratch file
BOST\adhoc_pilot_manifest_8M5CL_8M6CL.csv,adhoc_pilot_manifest_8M5CL_8M6CL.csv,.csv,2926,2.86,0.003,2026-06-03 04:09:43,34.8,34.8,1,BOST,DEBUG,move,dev\review,Low,one-off analysis or scratch file
BOST\sDTT_bost_process_family_explore.py,sDTT_bost_process_family_explore.py,.py,9440,9.22,0.009,2026-06-02 21:29:23,35.1,35.1,1,BOST,DEBUG,move,dev\review,Low,one-off analysis or scratch file
debug_merge_issue.py,debug_merge_issue.py,.py,2904,2.84,0.003,2026-07-07 15:14:01,0.3,0.3,0,[root],DEBUG,move,dev\review,Low,one-off analysis or scratch file
dev\ftp_debug_test.py,ftp_debug_test.py,.py,18477,18.04,0.018,2026-06-30 23:10:14,7.0,7.0,1,dev,DEBUG,move,dev\,High,development or exploratory material
dev\yodacreek_comments_mwe.py,yodacreek_comments_mwe.py,.py,9429,9.21,0.009,2026-05-14 16:42:36,54.3,54.3,1,dev,DEBUG,move,dev\,High,development or exploratory material
html\adhoc_chamber_events\_cli_test\adhoc_AME409_PM6_260701_1005_20260701_215431.html,adhoc_AME409_PM6_260701_1005_20260701_215431.html,.html,54013,52.75,0.052,2026-07-02 04:54:33,5.8,5.8,3,html,DEBUG,move,dev\review,Low,one-off analysis or scratch file
html\adhoc_chamber_events\adhoc_AME409_PM6_260625_1737_20260630_105518.html,adhoc_AME409_PM6_260625_1737_20260630_105518.html,.html,12993,12.69,0.012,2026-06-30 17:55:20,7.2,7.2,2,html,DEBUG,move,dev\review,Low,one-off analysis or scratch file
html\adhoc_chamber_events\adhoc_AME409_PM6_260701_0405_20260701_090524.html,adhoc_AME409_PM6_260701_0405_20260701_090524.html,.html,15396,15.04,0.015,2026-07-01 16:05:25,6.3,6.3,2,html,DEBUG,move,dev\review,Low,one-off analysis or scratch file
html\adhoc_chamber_events\adhoc_AME409_PM6_260701_1005_20260701_105746.html,adhoc_AME409_PM6_260701_1005_20260701_105746.html,.html,31155,30.42,0.03,2026-07-01 17:57:48,6.2,6.2,2,html,DEBUG,move,dev\review,Low,one-off analysis or scratch file
html\adhoc_chamber_events\adhoc_AME409_PM6_260701_1005_20260701_111310.html,adhoc_AME409_PM6_260701_1005_20260701_111310.html,.html,54013,52.75,0.052,2026-07-01 18:13:11,6.2,6.2,2,html,DEBUG,move,dev\review,Low,one-off analysis or scratch file
html\adhoc_chamber_events\adhoc_AME409_PM6_260701_1005_20260701_211004.html,adhoc_AME409_PM6_260701_1005_20260701_211004.html,.html,54013,52.75,0.052,2026-07-02 04:10:06,5.8,5.8,2,html,DEBUG,move,dev\review,Low,one-off analysis or scratch file
html\adhoc_chamber_events\adhoc_AME409_PM6_260701_1005_20260701_214958.html,adhoc_AME409_PM6_260701_1005_20260701_214958.html,.html,54013,52.75,0.052,2026-07-02 04:50:00,5.8,5.8,2,html,DEBUG,move,dev\review,Low,one-off analysis or scratch file
html\adhoc_chamber_events\adhoc_AME427_PM3_260613_0558_20260626_081236.html,adhoc_AME427_PM3_260613_0558_20260626_081236.html,.html,33789,33.0,0.032,2026-06-26 15:12:37,11.3,11.3,2,html,DEBUG,move,dev\review,Low,one-off analysis or scratch file
html\OLD\ADHOC_CHAMBER_EVENT_REPORT.py,ADHOC_CHAMBER_EVENT_REPORT.py,.py,24915,24.33,0.024,2026-06-30 17:54:44,7.2,7.2,2,html,DEBUG,move,dev\review,Low,one-off analysis or scratch file
html\OLD\iGPT_ELEMENT_DEBUG.py,iGPT_ELEMENT_DEBUG.py,.py,4576,4.47,0.004,2026-06-26 18:35:54,11.2,11.2,2,html,DEBUG,move,dev\review,Low,one-off analysis or scratch file
phase0_debug.py,phase0_debug.py,.py,3659,3.57,0.003,2026-07-06 22:18:00,1.0,1.0,0,[root],DEBUG,move,dev\review,Low,one-off analysis or scratch file
PILOT_STATUS_DCS_POST_ICC_FIX_ADHOC.jsl,PILOT_STATUS_DCS_POST_ICC_FIX_ADHOC.jsl,.jsl,2893,2.83,0.003,2026-06-08 16:55:12,29.3,29.3,0,[root],DEBUG,move,dev\review,Low,one-off analysis or scratch file
SS_Wafermaps_BivReport_debug.txt,SS_Wafermaps_BivReport_debug.txt,.txt,2292,2.24,0.002,2026-07-07 21:42:07,0.1,0.1,0,[root],DEBUG,move,dev\review,Low,one-off analysis or scratch file
validate_phase2b_fixes.py,validate_phase2b_fixes.py,.py,3530,3.45,0.003,2026-07-07 15:14:01,0.3,0.3,0,[root],DEBUG,move,dev\review,Low,one-off analysis or scratch file
~$RF_TRAIN_TEST_VALIDATION.xlsx,~$RF_TRAIN_TEST_VALIDATION.xlsx,.xlsx,165,0.16,0.0,2026-01-03 23:10:02,185.0,185.0,0,[root],DEBUG,move,dev\review,Low,one-off analysis or scratch file
dev\fetch_spectrum_txt.py,fetch_spectrum_txt.py,.py,18032,17.61,0.017,2026-06-30 23:48:12,7.0,7.0,1,dev,PRODUCTION,move,dev\,High,development or exploratory material
dev\generate_workspace_cleanup_inventory.py,generate_workspace_cleanup_inventory.py,.py,8300,8.11,0.008,2026-07-07 23:21:37,0.0,0.0,1,dev,PRODUCTION,move,dev\,High,development or exploratory material
dev\sqlpf example,sqlpf example,[no extension],2995,2.92,0.003,2026-05-14 16:41:10,54.3,54.3,1,dev,PRODUCTION,move,dev\,High,development or exploratory material
dev\yodacreek_comments_D6026420.csv,yodacreek_comments_D6026420.csv,.csv,56897,55.56,0.054,2026-05-13 21:26:57,55.1,55.1,1,dev,PRODUCTION,move,dev\,High,development or exploratory material
dev\yodacreek_comments_M5CL_M6CL_all_lots.csv,yodacreek_comments_M5CL_M6CL_all_lots.csv,.csv,1338449,1307.08,1.276,2026-05-14 16:42:15,54.3,54.3,1,dev,PRODUCTION,move,dev\,High,development or exploratory material
